{
    "user_id": "049",
    "session_id": "5a789de3ee2b1975ba835b9c",
    "study": "studyD",
    "workspace": "pill.pills-orange",
    "details": {
        "workspace": "pill.pills-orange",
        "labels": [
            {
                "time": 12.766972,
                "endTime": 21.997048841208734,
                "type": "pill",
                "id": 1
            },
            {
                "time": 60.10748,
                "endTime": 64.68284760323581,
                "type": "move",
                "id": 2
            },
            {
                "time": 113.74242446956075,
                "endTime": 119.69304707492384,
                "type": "move",
                "id": 3
            },
            {
                "time": 171.079977,
                "endTime": 177.4537549906319,
                "type": "move",
                "id": 4
            },
            {
                "time": 316.328062,
                "endTime": 324.1828838390848,
                "type": "pill",
                "id": 5
            },
            {
                "time": 423.280585,
                "endTime": 426.37490875479097,
                "type": "move",
                "id": 6
            },
            {
                "time": 491.03834,
                "endTime": 498.36421760748294,
                "type": "pill",
                "id": 7
            },
            {
                "time": 561.969761,
                "endTime": 568.9782720685305,
                "type": "pill",
                "id": 8
            }
        ],
        "_starts": [
            "2018-02-05T18:26:46.000Z"
        ],
        "_ends": [
            "2018-02-05T18:29:56.614Z"
        ]
    },
    "labels_file": "/home/ubuntu/vat/data/user-studies/studyD/pill-orange/049.labels.json",
    "videoFlash": 2.237407,
    "surveys": {
        "user-info": {
            "firstname": "Rebekah",
            "lastname": "Day",
            "email": "rebekahday@gmail.com"
        },
        "practice-first": {
            "question1": "3",
            "question2": "ok",
            "question3": "30",
            "question4": "4"
        },
        "practice-second": {},
        "practice-third": {},
        "practice-survey": {},
        "pill-blue": {
            "question1": "5",
            "question2": "4",
            "question3": "100",
            "question4": "90"
        },
        "pill-red": {
            "question1": "4",
            "question2": "4",
            "question3": "50",
            "question4": "90"
        }
    },
    "logs": {
        "labelEvents": [
            {
                "time": "2018-02-05T18:27:04.007Z",
                "type": "START",
                "source": "side-bar:button",
                "_t": "11:27:04",
                "_end": "-",
                "data": {
                    "type": "pill",
                    "time": 12.766972
                }
            },
            {
                "time": "2018-02-05T18:27:08.527Z",
                "type": "END",
                "source": "data:click:h_pos",
                "_t": "11:27:08",
                "_end": "-",
                "data": {
                    "lbl": {
                        "time": 12.766972,
                        "endTime": 21.997048841208734,
                        "type": "pill",
                        "id": 1
                    }
                }
            },
            {
                "time": "2018-02-05T18:27:13.343Z",
                "type": "START",
                "source": "side-bar:button",
                "_t": "11:27:13",
                "_end": "-",
                "data": {
                    "type": "move",
                    "time": 60.10748
                }
            },
            {
                "time": "2018-02-05T18:27:15.693Z",
                "type": "END",
                "source": "data:click:h_pos",
                "_t": "11:27:15",
                "_end": "-",
                "data": {
                    "lbl": {
                        "time": 60.10748,
                        "endTime": 64.68284760323581,
                        "type": "move",
                        "id": 2
                    }
                }
            },
            {
                "time": "2018-02-05T18:27:18.111Z",
                "type": "START",
                "source": "side-bar:button",
                "_t": "11:27:18",
                "_end": "-",
                "data": {
                    "type": "pill",
                    "time": 108.558771
                }
            },
            {
                "time": "2018-02-05T18:27:23.562Z",
                "type": "END",
                "source": "data:click:h_pos",
                "_t": "11:27:23",
                "_end": "-",
                "data": {
                    "lbl": {
                        "time": 113.74242446956075,
                        "endTime": 119.69304707492384,
                        "type": "move",
                        "id": 3
                    }
                }
            },
            {
                "time": "2018-02-05T18:27:25.601Z",
                "type": "SELECT",
                "source": "data:click",
                "_t": "11:27:25",
                "_end": "-",
                "data": {
                    "time": 113.74242446956075,
                    "endTime": 119.69304707492384,
                    "type": "move",
                    "id": 3
                }
            },
            {
                "time": {
                    "start": "2018-02-05T18:27:26.544Z",
                    "end": "2018-02-05T18:27:28.312Z"
                },
                "type": "RESIZE",
                "source": "data:brush",
                "_t": "11:27:26",
                "_end": "11:27:28",
                "data": {
                    "brushing": true,
                    "origin": [
                        108.558771,
                        119.69304707492384
                    ],
                    "_brushside": 0,
                    "start": "2018-02-05T18:27:26.544Z",
                    "ε": 0.1,
                    "mode": "resize"
                }
            },
            {
                "time": "2018-02-05T18:27:37.945Z",
                "type": "DESELECT",
                "source": "data:click",
                "_t": "11:27:37",
                "_end": "-",
                "data": {
                    "time": 113.74242446956075,
                    "endTime": 119.69304707492384,
                    "type": "pill",
                    "id": 3
                }
            },
            {
                "time": "2018-02-05T18:27:39.511Z",
                "type": "START",
                "source": "side-bar:button",
                "_t": "11:27:39",
                "_end": "-",
                "data": {
                    "type": "move",
                    "time": 128.394178
                }
            },
            {
                "time": "2018-02-05T18:27:40.705Z",
                "type": "END",
                "source": "data:click:h_pos",
                "_t": "11:27:40",
                "_end": "-",
                "data": {
                    "lbl": {
                        "time": 119.69304707492384,
                        "endTime": 128.394178,
                        "type": "move",
                        "id": 4
                    }
                }
            },
            {
                "time": "2018-02-05T18:27:40.707Z",
                "type": "SELECT",
                "source": "data:click",
                "_t": "11:27:40",
                "_end": "-",
                "data": {
                    "time": 113.74242446956075,
                    "endTime": 119.69304707492384,
                    "type": "move",
                    "id": 3
                }
            },
            {
                "time": "2018-02-05T18:27:41.722Z",
                "type": "DESELECT",
                "source": "data:click",
                "_t": "11:27:41",
                "_end": "-",
                "data": {
                    "time": 113.74242446956075,
                    "endTime": 119.69304707492384,
                    "type": "pill",
                    "id": 3
                }
            },
            {
                "time": "2018-02-05T18:27:43.346Z",
                "type": "SELECT",
                "source": "data:click",
                "_t": "11:27:43",
                "_end": "-",
                "data": {
                    "time": 119.69304707492384,
                    "endTime": 128.394178,
                    "type": "move",
                    "id": 4
                }
            },
            {
                "time": "2018-02-05T18:27:44.760Z",
                "type": "DELETE",
                "source": "side-bar:button",
                "_t": "11:27:44",
                "_end": "-",
                "data": {
                    "id": 4,
                    "idx": 3
                }
            },
            {
                "time": "2018-02-05T18:27:45.697Z",
                "type": "SELECT",
                "source": "data:click",
                "_t": "11:27:45",
                "_end": "-",
                "data": {
                    "time": 113.74242446956075,
                    "endTime": 119.69304707492384,
                    "type": "move",
                    "id": 3
                }
            },
            {
                "time": "2018-02-05T18:27:47.376Z",
                "type": "CHANGE-EVENT-TYPE",
                "source": "side-bar:menu",
                "_t": "11:27:47",
                "_end": "-",
                "data": {
                    "time": 113.74242446956075,
                    "endTime": 119.69304707492384,
                    "type": "pill",
                    "id": 3
                }
            },
            {
                "time": "2018-02-05T18:27:49.647Z",
                "type": "DESELECT",
                "source": "side-bar:button",
                "_t": "11:27:49",
                "_end": "-",
                "data": {
                    "time": 113.74242446956075,
                    "endTime": 119.69304707492384,
                    "type": "move",
                    "id": 3
                }
            },
            {
                "time": "2018-02-05T18:27:52.975Z",
                "type": "START",
                "source": "side-bar:button",
                "_t": "11:27:52",
                "_end": "-",
                "data": {
                    "type": "move",
                    "time": 171.079977
                }
            },
            {
                "time": "2018-02-05T18:27:54.911Z",
                "type": "END",
                "source": "data:click:h_pos",
                "_t": "11:27:54",
                "_end": "-",
                "data": {
                    "lbl": {
                        "time": 171.079977,
                        "endTime": 177.4537549906319,
                        "type": "move",
                        "id": 4
                    }
                }
            },
            {
                "time": "2018-02-05T18:28:02.768Z",
                "type": "START",
                "source": "side-bar:button",
                "_t": "11:28:02",
                "_end": "-",
                "data": {
                    "type": "pill",
                    "time": 316.328062
                }
            },
            {
                "time": "2018-02-05T18:28:05.300Z",
                "type": "END",
                "source": "data:click:h_pos",
                "_t": "11:28:05",
                "_end": "-",
                "data": {
                    "lbl": {
                        "time": 316.328062,
                        "endTime": 324.1828838390848,
                        "type": "pill",
                        "id": 5
                    }
                }
            },
            {
                "time": "2018-02-05T18:28:10.913Z",
                "type": "START",
                "source": "side-bar:button",
                "_t": "11:28:10",
                "_end": "-",
                "data": {
                    "type": "pill",
                    "time": 423.280585
                }
            },
            {
                "time": "2018-02-05T18:28:12.558Z",
                "type": "END",
                "source": "data:click:h_pos",
                "_t": "11:28:12",
                "_end": "-",
                "data": {
                    "lbl": {
                        "time": 423.280585,
                        "endTime": 426.37490875479097,
                        "type": "move",
                        "id": 6
                    }
                }
            },
            {
                "time": "2018-02-05T18:28:18.113Z",
                "type": "START",
                "source": "side-bar:button",
                "_t": "11:28:18",
                "_end": "-",
                "data": {
                    "type": "pill",
                    "time": 491.03834
                }
            },
            {
                "time": "2018-02-05T18:28:20.481Z",
                "type": "END",
                "source": "data:click:h_pos",
                "_t": "11:28:20",
                "_end": "-",
                "data": {
                    "lbl": {
                        "time": 491.03834,
                        "endTime": 498.36421760748294,
                        "type": "pill",
                        "id": 7
                    }
                }
            },
            {
                "time": "2018-02-05T18:28:25.456Z",
                "type": "START",
                "source": "side-bar:button",
                "_t": "11:28:25",
                "_end": "-",
                "data": {
                    "type": "move",
                    "time": 561.969761
                }
            },
            {
                "time": "2018-02-05T18:28:26.858Z",
                "type": "END",
                "source": "data:click:h_pos",
                "_t": "11:28:26",
                "_end": "-",
                "data": {
                    "lbl": {
                        "time": 561.969761,
                        "endTime": 568.9782720685305,
                        "type": "pill",
                        "id": 8
                    }
                }
            },
            {
                "time": "2018-02-05T18:29:35.500Z",
                "type": "SELECT",
                "source": "data:click",
                "_t": "11:29:35",
                "_end": "-",
                "data": {
                    "time": 423.280585,
                    "endTime": 426.37490875479097,
                    "type": "move",
                    "id": 6
                }
            },
            {
                "time": "2018-02-05T18:29:37.064Z",
                "type": "CHANGE-EVENT-TYPE",
                "source": "side-bar:menu",
                "_t": "11:29:37",
                "_end": "-",
                "data": {
                    "time": 423.280585,
                    "endTime": 426.37490875479097,
                    "type": "pill",
                    "id": 6
                }
            },
            {
                "time": "2018-02-05T18:29:40.443Z",
                "type": "DESELECT",
                "source": "data:click",
                "_t": "11:29:40",
                "_end": "-",
                "data": {
                    "time": 423.280585,
                    "endTime": 426.37490875479097,
                    "type": "move",
                    "id": 6
                }
            },
            {
                "time": "2018-02-05T18:29:40.963Z",
                "type": "SELECT",
                "source": "data:click",
                "_t": "11:29:40",
                "_end": "-",
                "data": {
                    "time": 491.03834,
                    "endTime": 498.36421760748294,
                    "type": "pill",
                    "id": 7
                }
            },
            {
                "time": "2018-02-05T18:29:42.734Z",
                "type": "DESELECT",
                "source": "data:click",
                "_t": "11:29:42",
                "_end": "-",
                "data": {
                    "time": 491.03834,
                    "endTime": 498.36421760748294,
                    "type": "pill",
                    "id": 7
                }
            },
            {
                "time": "2018-02-05T18:29:43.187Z",
                "type": "SELECT",
                "source": "data:click",
                "_t": "11:29:43",
                "_end": "-",
                "data": {
                    "time": 561.969761,
                    "endTime": 568.9782720685305,
                    "type": "pill",
                    "id": 8
                }
            },
            {
                "time": "2018-02-05T18:29:45.680Z",
                "type": "CHANGE-EVENT-TYPE",
                "source": "side-bar:menu",
                "_t": "11:29:45",
                "_end": "-",
                "data": {
                    "time": 561.969761,
                    "endTime": 568.9782720685305,
                    "type": "move",
                    "id": 8
                }
            },
            {
                "time": "2018-02-05T18:29:46.753Z",
                "type": "DESELECT",
                "source": "side-bar:button",
                "_t": "11:29:46",
                "_end": "-",
                "data": {
                    "time": 561.969761,
                    "endTime": 568.9782720685305,
                    "type": "pill",
                    "id": 8
                }
            },
            {
                "time": "2018-02-05T18:29:49.019Z",
                "type": "SELECT",
                "source": "data:click",
                "_t": "11:29:49",
                "_end": "-",
                "data": {
                    "time": 491.03834,
                    "endTime": 498.36421760748294,
                    "type": "pill",
                    "id": 7
                }
            }
        ],
        "navigationEvents": [
            {
                "time": "2018-02-05T18:26:59.647Z",
                "type": "PAUSE",
                "source": "video:button",
                "_t": "11:26:59",
                "_end": "-"
            },
            {
                "time": {
                    "start": "2018-02-05T18:26:46.028Z",
                    "end": "2018-02-05T18:27:03.134Z"
                },
                "type": "SCRUB",
                "source": "data:drag",
                "_t": "11:26:46",
                "_end": "11:27:03",
                "data": {
                    "time": 12.766972
                }
            },
            {
                "time": {
                    "start": "2018-02-05T18:26:46.028Z",
                    "end": "2018-02-05T18:27:08.526Z"
                },
                "type": "SCRUB",
                "source": "data:drag",
                "_t": "11:26:46",
                "_end": "11:27:08",
                "data": {
                    "time": 12.766972
                }
            },
            {
                "time": {
                    "start": "2018-02-05T18:26:46.028Z",
                    "end": "2018-02-05T18:27:12.080Z"
                },
                "type": "SCRUB",
                "source": "data:drag",
                "_t": "11:26:46",
                "_end": "11:27:12",
                "data": {
                    "time": 60.10748
                }
            },
            {
                "time": {
                    "start": "2018-02-05T18:26:46.028Z",
                    "end": "2018-02-05T18:27:15.693Z"
                },
                "type": "SCRUB",
                "source": "data:drag",
                "_t": "11:26:46",
                "_end": "11:27:15",
                "data": {
                    "time": 60.10748
                }
            },
            {
                "time": {
                    "start": "2018-02-05T18:26:46.028Z",
                    "end": "2018-02-05T18:27:17.458Z"
                },
                "type": "SCRUB",
                "source": "data:drag",
                "_t": "11:26:46",
                "_end": "11:27:17",
                "data": {
                    "time": 108.558771
                }
            },
            {
                "time": {
                    "start": "2018-02-05T18:26:46.028Z",
                    "end": "2018-02-05T18:27:23.561Z"
                },
                "type": "SCRUB",
                "source": "data:drag",
                "_t": "11:26:46",
                "_end": "11:27:23",
                "data": {
                    "time": 108.558771
                }
            },
            {
                "time": {
                    "start": "2018-02-05T18:26:46.028Z",
                    "end": "2018-02-05T18:27:25.046Z"
                },
                "type": "SCRUB",
                "source": "data:drag",
                "_t": "11:26:46",
                "_end": "11:27:25",
                "data": {
                    "time": 105.966944
                }
            },
            {
                "time": {
                    "start": "2018-02-05T18:26:46.028Z",
                    "end": "2018-02-05T18:27:25.599Z"
                },
                "type": "SCRUB",
                "source": "data:drag",
                "_t": "11:26:46",
                "_end": "11:27:25",
                "data": {
                    "time": 105.966944
                }
            },
            {
                "time": {
                    "start": "2018-02-05T18:26:46.028Z",
                    "end": "2018-02-05T18:27:28.320Z"
                },
                "type": "SCRUB",
                "source": "data:drag",
                "_t": "11:26:46",
                "_end": "11:27:28",
                "data": {
                    "time": 105.966944
                }
            },
            {
                "time": {
                    "start": "2018-02-05T18:26:46.028Z",
                    "end": "2018-02-05T18:27:32.345Z"
                },
                "type": "SCRUB",
                "source": "data:drag",
                "_t": "11:26:46",
                "_end": "11:27:32",
                "data": {
                    "time": 98.403041
                }
            },
            {
                "time": {
                    "start": "2018-02-05T18:26:46.028Z",
                    "end": "2018-02-05T18:27:35.336Z"
                },
                "type": "SCRUB",
                "source": "data:drag",
                "_t": "11:26:46",
                "_end": "11:27:35",
                "data": {
                    "time": 117.550822
                }
            },
            {
                "time": {
                    "start": "2018-02-05T18:26:46.028Z",
                    "end": "2018-02-05T18:27:37.380Z"
                },
                "type": "SCRUB",
                "source": "data:drag",
                "_t": "11:26:46",
                "_end": "11:27:37",
                "data": {
                    "time": 128.552862
                }
            },
            {
                "time": {
                    "start": "2018-02-05T18:26:46.028Z",
                    "end": "2018-02-05T18:27:37.944Z"
                },
                "type": "SCRUB",
                "source": "data:drag",
                "_t": "11:26:46",
                "_end": "11:27:37",
                "data": {
                    "time": 128.552862
                }
            },
            {
                "time": {
                    "start": "2018-02-05T18:26:46.028Z",
                    "end": "2018-02-05T18:27:38.564Z"
                },
                "type": "SCRUB",
                "source": "data:drag",
                "_t": "11:26:46",
                "_end": "11:27:38",
                "data": {
                    "time": 128.394178
                }
            },
            {
                "time": {
                    "start": "2018-02-05T18:26:46.028Z",
                    "end": "2018-02-05T18:27:40.703Z"
                },
                "type": "SCRUB",
                "source": "data:drag",
                "_t": "11:26:46",
                "_end": "11:27:40",
                "data": {
                    "time": 128.394178
                }
            },
            {
                "time": {
                    "start": "2018-02-05T18:26:46.028Z",
                    "end": "2018-02-05T18:27:41.721Z"
                },
                "type": "SCRUB",
                "source": "data:drag",
                "_t": "11:26:46",
                "_end": "11:27:41",
                "data": {
                    "time": 128.394178
                }
            },
            {
                "time": {
                    "start": "2018-02-05T18:26:46.028Z",
                    "end": "2018-02-05T18:27:42.879Z"
                },
                "type": "SCRUB",
                "source": "data:drag",
                "_t": "11:26:46",
                "_end": "11:27:42",
                "data": {
                    "time": 128.394178
                }
            },
            {
                "time": {
                    "start": "2018-02-05T18:26:46.028Z",
                    "end": "2018-02-05T18:27:43.343Z"
                },
                "type": "SCRUB",
                "source": "data:drag",
                "_t": "11:26:46",
                "_end": "11:27:43",
                "data": {
                    "time": 128.394178
                }
            },
            {
                "time": {
                    "start": "2018-02-05T18:26:46.028Z",
                    "end": "2018-02-05T18:27:45.695Z"
                },
                "type": "SCRUB",
                "source": "data:drag",
                "_t": "11:26:46",
                "_end": "11:27:45",
                "data": {
                    "time": 128.394178
                }
            },
            {
                "time": {
                    "start": "2018-02-05T18:26:46.028Z",
                    "end": "2018-02-05T18:27:52.263Z"
                },
                "type": "SCRUB",
                "source": "data:drag",
                "_t": "11:26:46",
                "_end": "11:27:52",
                "data": {
                    "time": 171.079977
                }
            },
            {
                "time": {
                    "start": "2018-02-05T18:26:46.028Z",
                    "end": "2018-02-05T18:27:54.910Z"
                },
                "type": "SCRUB",
                "source": "data:drag",
                "_t": "11:26:46",
                "_end": "11:27:54",
                "data": {
                    "time": 171.079977
                }
            },
            {
                "time": {
                    "start": "2018-02-05T18:26:46.028Z",
                    "end": "2018-02-05T18:27:56.134Z"
                },
                "type": "SCRUB",
                "source": "data:drag",
                "_t": "11:26:46",
                "_end": "11:27:56",
                "data": {
                    "time": 243.333759
                }
            },
            {
                "time": {
                    "start": "2018-02-05T18:26:46.028Z",
                    "end": "2018-02-05T18:27:57.476Z"
                },
                "type": "SCRUB",
                "source": "data:drag",
                "_t": "11:26:46",
                "_end": "11:27:57",
                "data": {
                    "time": 308.605477
                }
            },
            {
                "time": {
                    "start": "2018-02-05T18:26:46.028Z",
                    "end": "2018-02-05T18:28:01.767Z"
                },
                "type": "SCRUB",
                "source": "data:drag",
                "_t": "11:26:46",
                "_end": "11:28:01",
                "data": {
                    "time": 316.328062
                }
            },
            {
                "time": {
                    "start": "2018-02-05T18:26:46.028Z",
                    "end": "2018-02-05T18:28:05.300Z"
                },
                "type": "SCRUB",
                "source": "data:drag",
                "_t": "11:26:46",
                "_end": "11:28:05",
                "data": {
                    "time": 316.328062
                }
            },
            {
                "time": {
                    "start": "2018-02-05T18:26:46.028Z",
                    "end": "2018-02-05T18:28:06.919Z"
                },
                "type": "SCRUB",
                "source": "data:drag",
                "_t": "11:26:46",
                "_end": "11:28:06",
                "data": {
                    "time": 356.580718
                }
            },
            {
                "time": {
                    "start": "2018-02-05T18:26:46.028Z",
                    "end": "2018-02-05T18:28:07.769Z"
                },
                "type": "SCRUB",
                "source": "data:drag",
                "_t": "11:26:46",
                "_end": "11:28:07",
                "data": {
                    "time": 414.711689
                }
            },
            {
                "time": {
                    "start": "2018-02-05T18:26:46.028Z",
                    "end": "2018-02-05T18:28:09.736Z"
                },
                "type": "SCRUB",
                "source": "data:drag",
                "_t": "11:26:46",
                "_end": "11:28:09",
                "data": {
                    "time": 423.280585
                }
            },
            {
                "time": {
                    "start": "2018-02-05T18:26:46.028Z",
                    "end": "2018-02-05T18:28:12.557Z"
                },
                "type": "SCRUB",
                "source": "data:drag",
                "_t": "11:26:46",
                "_end": "11:28:12",
                "data": {
                    "time": 423.280585
                }
            },
            {
                "time": {
                    "start": "2018-02-05T18:26:46.028Z",
                    "end": "2018-02-05T18:28:13.659Z"
                },
                "type": "SCRUB",
                "source": "data:drag",
                "_t": "11:26:46",
                "_end": "11:28:13",
                "data": {
                    "time": 471.41451
                }
            },
            {
                "time": {
                    "start": "2018-02-05T18:26:46.028Z",
                    "end": "2018-02-05T18:28:17.184Z"
                },
                "type": "SCRUB",
                "source": "data:drag",
                "_t": "11:26:46",
                "_end": "11:28:17",
                "data": {
                    "time": 491.03834
                }
            },
            {
                "time": {
                    "start": "2018-02-05T18:26:46.028Z",
                    "end": "2018-02-05T18:28:20.478Z"
                },
                "type": "SCRUB",
                "source": "data:drag",
                "_t": "11:26:46",
                "_end": "11:28:20",
                "data": {
                    "time": 491.03834
                }
            },
            {
                "time": {
                    "start": "2018-02-05T18:26:46.028Z",
                    "end": "2018-02-05T18:28:21.304Z"
                },
                "type": "SCRUB",
                "source": "data:drag",
                "_t": "11:26:46",
                "_end": "11:28:21",
                "data": {
                    "time": 543.086452
                }
            },
            {
                "time": {
                    "start": "2018-02-05T18:26:46.028Z",
                    "end": "2018-02-05T18:28:24.472Z"
                },
                "type": "SCRUB",
                "source": "data:drag",
                "_t": "11:26:46",
                "_end": "11:28:24",
                "data": {
                    "time": 561.969761
                }
            },
            {
                "time": {
                    "start": "2018-02-05T18:26:46.028Z",
                    "end": "2018-02-05T18:28:26.856Z"
                },
                "type": "SCRUB",
                "source": "data:drag",
                "_t": "11:26:46",
                "_end": "11:28:26",
                "data": {
                    "time": 561.969761
                }
            },
            {
                "time": {
                    "start": "2018-02-05T18:26:46.028Z",
                    "end": "2018-02-05T18:28:36.184Z"
                },
                "type": "SCRUB",
                "source": "data:drag",
                "_t": "11:26:46",
                "_end": "11:28:36",
                "data": {
                    "time": 615.075761
                }
            },
            {
                "time": {
                    "start": "2018-02-05T18:26:46.028Z",
                    "end": "2018-02-05T18:28:39.459Z"
                },
                "type": "SCRUB",
                "source": "data:drag",
                "_t": "11:26:46",
                "_end": "11:28:39",
                "data": {
                    "time": 563.239226
                }
            },
            {
                "time": {
                    "start": "2018-02-05T18:26:46.028Z",
                    "end": "2018-02-05T18:28:43.587Z"
                },
                "type": "SCRUB",
                "source": "data:drag",
                "_t": "11:26:46",
                "_end": "11:28:43",
                "data": {
                    "time": 538.167269
                }
            },
            {
                "time": {
                    "start": "2018-02-05T18:26:46.028Z",
                    "end": "2018-02-05T18:28:44.835Z"
                },
                "type": "SCRUB",
                "source": "data:drag",
                "_t": "11:26:46",
                "_end": "11:28:44",
                "data": {
                    "time": 481.940497
                }
            },
            {
                "time": {
                    "start": "2018-02-05T18:26:46.028Z",
                    "end": "2018-02-05T18:28:46.080Z"
                },
                "type": "SCRUB",
                "source": "data:drag",
                "_t": "11:26:46",
                "_end": "11:28:46",
                "data": {
                    "time": 405.93121
                }
            },
            {
                "time": {
                    "start": "2018-02-05T18:26:46.028Z",
                    "end": "2018-02-05T18:28:47.232Z"
                },
                "type": "SCRUB",
                "source": "data:drag",
                "_t": "11:26:46",
                "_end": "11:28:47",
                "data": {
                    "time": 340.130547
                }
            },
            {
                "time": {
                    "start": "2018-02-05T18:26:46.028Z",
                    "end": "2018-02-05T18:28:48.357Z"
                },
                "type": "SCRUB",
                "source": "data:drag",
                "_t": "11:26:46",
                "_end": "11:28:48",
                "data": {
                    "time": 255.975519
                }
            },
            {
                "time": {
                    "start": "2018-02-05T18:26:46.028Z",
                    "end": "2018-02-05T18:28:49.043Z"
                },
                "type": "SCRUB",
                "source": "data:drag",
                "_t": "11:26:46",
                "_end": "11:28:49",
                "data": {
                    "time": 183.40437
                }
            },
            {
                "time": {
                    "start": "2018-02-05T18:26:46.028Z",
                    "end": "2018-02-05T18:28:49.816Z"
                },
                "type": "SCRUB",
                "source": "data:drag",
                "_t": "11:26:46",
                "_end": "11:28:49",
                "data": {
                    "time": 109.352177
                }
            },
            {
                "time": {
                    "start": "2018-02-05T18:26:46.028Z",
                    "end": "2018-02-05T18:28:50.602Z"
                },
                "type": "SCRUB",
                "source": "data:drag",
                "_t": "11:26:46",
                "_end": "11:28:50",
                "data": {
                    "time": 38.896805
                }
            },
            {
                "time": {
                    "start": "2018-02-05T18:26:46.028Z",
                    "end": "2018-02-05T18:28:52.456Z"
                },
                "type": "SCRUB",
                "source": "data:drag",
                "_t": "11:26:46",
                "_end": "11:28:52",
                "data": {
                    "time": 1.341764
                }
            },
            {
                "time": {
                    "start": "2018-02-05T18:26:46.028Z",
                    "end": "2018-02-05T18:28:58.135Z"
                },
                "type": "SCRUB",
                "source": "data:drag",
                "_t": "11:26:46",
                "_end": "11:28:58",
                "data": {
                    "time": 91.156494
                }
            },
            {
                "time": {
                    "start": "2018-02-05T18:26:46.028Z",
                    "end": "2018-02-05T18:29:01.959Z"
                },
                "type": "SCRUB",
                "source": "data:drag",
                "_t": "11:26:46",
                "_end": "11:29:01",
                "data": {
                    "time": 96.816197
                }
            },
            {
                "time": {
                    "start": "2018-02-05T18:26:46.028Z",
                    "end": "2018-02-05T18:29:04.558Z"
                },
                "type": "SCRUB",
                "source": "data:drag",
                "_t": "11:26:46",
                "_end": "11:29:04",
                "data": {
                    "time": 122.311308
                }
            },
            {
                "time": {
                    "start": "2018-02-05T18:26:46.028Z",
                    "end": "2018-02-05T18:29:06.648Z"
                },
                "type": "SCRUB",
                "source": "data:drag",
                "_t": "11:26:46",
                "_end": "11:29:06",
                "data": {
                    "time": 184.303571
                }
            },
            {
                "time": {
                    "start": "2018-02-05T18:26:46.028Z",
                    "end": "2018-02-05T18:29:07.856Z"
                },
                "type": "SCRUB",
                "source": "data:drag",
                "_t": "11:26:46",
                "_end": "11:29:07",
                "data": {
                    "time": 268.775964
                }
            },
            {
                "time": {
                    "start": "2018-02-05T18:26:46.028Z",
                    "end": "2018-02-05T18:29:09.408Z"
                },
                "type": "SCRUB",
                "source": "data:drag",
                "_t": "11:26:46",
                "_end": "11:29:09",
                "data": {
                    "time": 326.536674
                }
            },
            {
                "time": {
                    "start": "2018-02-05T18:26:46.028Z",
                    "end": "2018-02-05T18:29:10.758Z"
                },
                "type": "SCRUB",
                "source": "data:drag",
                "_t": "11:26:46",
                "_end": "11:29:10",
                "data": {
                    "time": 385.461061
                }
            },
            {
                "time": {
                    "start": "2018-02-05T18:26:46.028Z",
                    "end": "2018-02-05T18:29:12.387Z"
                },
                "type": "SCRUB",
                "source": "data:drag",
                "_t": "11:26:46",
                "_end": "11:29:12",
                "data": {
                    "time": 475.011319
                }
            },
            {
                "time": {
                    "start": "2018-02-05T18:26:46.028Z",
                    "end": "2018-02-05T18:29:13.831Z"
                },
                "type": "SCRUB",
                "source": "data:drag",
                "_t": "11:26:46",
                "_end": "11:29:13",
                "data": {
                    "time": 552.342965
                }
            },
            {
                "time": {
                    "start": "2018-02-05T18:26:46.028Z",
                    "end": "2018-02-05T18:29:16.850Z"
                },
                "type": "SCRUB",
                "source": "data:drag",
                "_t": "11:26:46",
                "_end": "11:29:16",
                "data": {
                    "time": 524.679181
                }
            },
            {
                "time": {
                    "start": "2018-02-05T18:26:46.028Z",
                    "end": "2018-02-05T18:29:20.043Z"
                },
                "type": "SCRUB",
                "source": "data:drag",
                "_t": "11:26:46",
                "_end": "11:29:20",
                "data": {
                    "time": 447.612006
                }
            },
            {
                "time": {
                    "start": "2018-02-05T18:26:46.028Z",
                    "end": "2018-02-05T18:29:21.180Z"
                },
                "type": "SCRUB",
                "source": "data:drag",
                "_t": "11:26:46",
                "_end": "11:29:21",
                "data": {
                    "time": 369.116682
                }
            },
            {
                "time": {
                    "start": "2018-02-05T18:26:46.028Z",
                    "end": "2018-02-05T18:29:22.560Z"
                },
                "type": "SCRUB",
                "source": "data:drag",
                "_t": "11:26:46",
                "_end": "11:29:22",
                "data": {
                    "time": 314.318059
                }
            },
            {
                "time": {
                    "start": "2018-02-05T18:26:46.028Z",
                    "end": "2018-02-05T18:29:23.506Z"
                },
                "type": "SCRUB",
                "source": "data:drag",
                "_t": "11:26:46",
                "_end": "11:29:23",
                "data": {
                    "time": 258.72602
                }
            },
            {
                "time": {
                    "start": "2018-02-05T18:26:46.028Z",
                    "end": "2018-02-05T18:29:24.420Z"
                },
                "type": "SCRUB",
                "source": "data:drag",
                "_t": "11:26:46",
                "_end": "11:29:24",
                "data": {
                    "time": 192.449307
                }
            },
            {
                "time": {
                    "start": "2018-02-05T18:26:46.028Z",
                    "end": "2018-02-05T18:29:25.565Z"
                },
                "type": "SCRUB",
                "source": "data:drag",
                "_t": "11:26:46",
                "_end": "11:29:25",
                "data": {
                    "time": 127.706533
                }
            },
            {
                "time": {
                    "start": "2018-02-05T18:26:46.028Z",
                    "end": "2018-02-05T18:29:26.876Z"
                },
                "type": "SCRUB",
                "source": "data:drag",
                "_t": "11:26:46",
                "_end": "11:29:26",
                "data": {
                    "time": 65.714269
                }
            },
            {
                "time": {
                    "start": "2018-02-05T18:26:46.028Z",
                    "end": "2018-02-05T18:29:28.625Z"
                },
                "type": "SCRUB",
                "source": "data:drag",
                "_t": "11:26:46",
                "_end": "11:29:28",
                "data": {
                    "time": 90.892014
                }
            },
            {
                "time": {
                    "start": "2018-02-05T18:26:46.028Z",
                    "end": "2018-02-05T18:29:29.849Z"
                },
                "type": "SCRUB",
                "source": "data:drag",
                "_t": "11:26:46",
                "_end": "11:29:29",
                "data": {
                    "time": 160.077919
                }
            },
            {
                "time": {
                    "start": "2018-02-05T18:26:46.028Z",
                    "end": "2018-02-05T18:29:30.959Z"
                },
                "type": "SCRUB",
                "source": "data:drag",
                "_t": "11:26:46",
                "_end": "11:29:30",
                "data": {
                    "time": 229.369613
                }
            },
            {
                "time": {
                    "start": "2018-02-05T18:26:46.028Z",
                    "end": "2018-02-05T18:29:31.917Z"
                },
                "type": "SCRUB",
                "source": "data:drag",
                "_t": "11:26:46",
                "_end": "11:29:31",
                "data": {
                    "time": 288.188211
                }
            },
            {
                "time": {
                    "start": "2018-02-05T18:26:46.028Z",
                    "end": "2018-02-05T18:29:33.080Z"
                },
                "type": "SCRUB",
                "source": "data:drag",
                "_t": "11:26:46",
                "_end": "11:29:33",
                "data": {
                    "time": 367.847212
                }
            },
            {
                "time": {
                    "start": "2018-02-05T18:26:46.028Z",
                    "end": "2018-02-05T18:29:34.385Z"
                },
                "type": "SCRUB",
                "source": "data:drag",
                "_t": "11:26:46",
                "_end": "11:29:34",
                "data": {
                    "time": 436.821539
                }
            },
            {
                "time": {
                    "start": "2018-02-05T18:26:46.028Z",
                    "end": "2018-02-05T18:29:35.496Z"
                },
                "type": "SCRUB",
                "source": "data:drag",
                "_t": "11:26:46",
                "_end": "11:29:35",
                "data": {
                    "time": 436.821539
                }
            },
            {
                "time": {
                    "start": "2018-02-05T18:26:46.028Z",
                    "end": "2018-02-05T18:29:38.902Z"
                },
                "type": "SCRUB",
                "source": "data:drag",
                "_t": "11:26:46",
                "_end": "11:29:38",
                "data": {
                    "time": 485.695985
                }
            },
            {
                "time": {
                    "start": "2018-02-05T18:26:46.028Z",
                    "end": "2018-02-05T18:29:39.782Z"
                },
                "type": "SCRUB",
                "source": "data:drag",
                "_t": "11:26:46",
                "_end": "11:29:39",
                "data": {
                    "time": 490.350694
                }
            },
            {
                "time": {
                    "start": "2018-02-05T18:26:46.028Z",
                    "end": "2018-02-05T18:29:40.442Z"
                },
                "type": "SCRUB",
                "source": "data:drag",
                "_t": "11:26:46",
                "_end": "11:29:40",
                "data": {
                    "time": 490.350694
                }
            },
            {
                "time": {
                    "start": "2018-02-05T18:26:46.028Z",
                    "end": "2018-02-05T18:29:40.961Z"
                },
                "type": "SCRUB",
                "source": "data:drag",
                "_t": "11:26:46",
                "_end": "11:29:40",
                "data": {
                    "time": 490.350694
                }
            },
            {
                "time": {
                    "start": "2018-02-05T18:26:46.028Z",
                    "end": "2018-02-05T18:29:42.159Z"
                },
                "type": "SCRUB",
                "source": "data:drag",
                "_t": "11:26:46",
                "_end": "11:29:42",
                "data": {
                    "time": 545.836943
                }
            },
            {
                "time": {
                    "start": "2018-02-05T18:26:46.028Z",
                    "end": "2018-02-05T18:29:42.734Z"
                },
                "type": "SCRUB",
                "source": "data:drag",
                "_t": "11:26:46",
                "_end": "11:29:42",
                "data": {
                    "time": 545.836943
                }
            },
            {
                "time": {
                    "start": "2018-02-05T18:26:46.028Z",
                    "end": "2018-02-05T18:29:43.185Z"
                },
                "type": "SCRUB",
                "source": "data:drag",
                "_t": "11:26:46",
                "_end": "11:29:43",
                "data": {
                    "time": 545.836943
                }
            },
            {
                "time": {
                    "start": "2018-02-05T18:26:46.028Z",
                    "end": "2018-02-05T18:29:48.147Z"
                },
                "type": "SCRUB",
                "source": "data:drag",
                "_t": "11:26:46",
                "_end": "11:29:48",
                "data": {
                    "time": 501.035366
                }
            },
            {
                "time": {
                    "start": "2018-02-05T18:26:46.028Z",
                    "end": "2018-02-05T18:29:49.017Z"
                },
                "type": "SCRUB",
                "source": "data:drag",
                "_t": "11:26:46",
                "_end": "11:29:49",
                "data": {
                    "time": 501.035366
                }
            },
            {
                "time": {
                    "start": "2018-02-05T18:26:46.028Z",
                    "end": "2018-02-05T18:29:50.980Z"
                },
                "type": "SCRUB",
                "source": "data:drag",
                "_t": "11:26:46",
                "_end": "11:29:50",
                "data": {
                    "time": 431.267621
                }
            },
            {
                "time": {
                    "start": "2018-02-05T18:26:46.028Z",
                    "end": "2018-02-05T18:29:52.204Z"
                },
                "type": "SCRUB",
                "source": "data:drag",
                "_t": "11:26:46",
                "_end": "11:29:52",
                "data": {
                    "time": 379.642663
                }
            },
            {
                "time": {
                    "start": "2018-02-05T18:26:46.028Z",
                    "end": "2018-02-05T18:29:53.302Z"
                },
                "type": "SCRUB",
                "source": "data:drag",
                "_t": "11:26:46",
                "_end": "11:29:53",
                "data": {
                    "time": 326.219295
                }
            },
            {
                "time": {
                    "start": "2018-02-05T18:26:46.028Z",
                    "end": "2018-02-05T18:29:54.320Z"
                },
                "type": "SCRUB",
                "source": "data:drag",
                "_t": "11:26:46",
                "_end": "11:29:54",
                "data": {
                    "time": 268.987529
                }
            },
            {
                "time": {
                    "start": "2018-02-05T18:26:46.028Z",
                    "end": "2018-02-05T18:29:56.604Z"
                },
                "type": "SCRUB",
                "source": "data:drag",
                "_t": "11:26:46",
                "_end": "11:29:56",
                "data": {
                    "time": 275.334859
                }
            }
        ]
    }
}