{
    "user_id": "053",
    "session_id": "5a78abeeee2b1975ba835bc8",
    "study": "studyD",
    "workspace": "pill.pills-orange",
    "details": {
        "workspace": "pill.pills-orange",
        "labels": [
            {
                "time": 2.472655674796748,
                "endTime": 4.240426,
                "type": "move",
                "id": 1
            },
            {
                "time": 12.46188,
                "endTime": 22.10885520325202,
                "type": "pill",
                "id": 2
            },
            {
                "time": 60.090662975610215,
                "endTime": 64.88889671544803,
                "type": "pill",
                "id": 3
            },
            {
                "time": 113.89251199999595,
                "endTime": 119.9055865121947,
                "type": "move",
                "id": 4
            },
            {
                "time": 170.59714577236105,
                "endTime": 177.3799977398374,
                "type": "move",
                "id": 5
            },
            {
                "time": 316.0284946829266,
                "endTime": 324.21074590243563,
                "type": "pill",
                "id": 6
            },
            {
                "time": 423.1048676016236,
                "endTime": 427.19599321137815,
                "type": "move",
                "id": 7
            },
            {
                "time": 490.684197,
                "endTime": 498.5128941544612,
                "type": "move",
                "id": 8
            },
            {
                "time": 561.395009,
                "endTime": 569.6277679430785,
                "type": "pill",
                "id": 9
            },
            {
                "time": 612.761363,
                "endTime": 618.9233052764146,
                "type": "move",
                "id": 10
            }
        ],
        "_starts": [
            "2018-02-05T19:26:17.000Z"
        ],
        "_ends": [
            "2018-02-05T19:28:36.001Z"
        ]
    },
    "labels_file": "/home/ubuntu/vat/data/user-studies/studyD/pill-orange/053.labels.json",
    "videoFlash": 2.237407,
    "surveys": {
        "user-info": {
            "firstname": "Marshall",
            "lastname": "Rawlins",
            "email": "mjamesr4@gmail.com"
        },
        "practice-first": {
            "question1": "3",
            "question2": "ok",
            "question3": "50",
            "question4": "3"
        },
        "practice-second": {},
        "practice-third": {},
        "practice-survey": {},
        "pill-blue": {
            "question1": "5",
            "question2": "5",
            "question3": "70",
            "question4": "0"
        },
        "pill-red": {
            "question1": "4",
            "question2": "3",
            "question3": "50",
            "question4": "0"
        }
    },
    "logs": {
        "labelEvents": [
            {
                "time": "2018-02-05T19:26:27.958Z",
                "type": "START",
                "source": "side-bar:button",
                "_t": "12:26:27",
                "_end": "-",
                "data": {
                    "type": "move",
                    "time": 4.240426
                }
            },
            {
                "time": "2018-02-05T19:26:29.836Z",
                "type": "END",
                "source": "data:click:h_pos",
                "_t": "12:26:29",
                "_end": "-",
                "data": {
                    "lbl": {
                        "time": 2.472655674796748,
                        "endTime": 4.240426,
                        "type": "move",
                        "id": 1
                    }
                }
            },
            {
                "time": "2018-02-05T19:26:37.998Z",
                "type": "START",
                "source": "side-bar:button",
                "_t": "12:26:37",
                "_end": "-",
                "data": {
                    "type": "pill",
                    "time": 12.46188
                }
            },
            {
                "time": "2018-02-05T19:26:40.142Z",
                "type": "END",
                "source": "data:click:h_pos",
                "_t": "12:26:40",
                "_end": "-",
                "data": {
                    "lbl": {
                        "time": 12.46188,
                        "endTime": 22.10885520325202,
                        "type": "pill",
                        "id": 2
                    }
                }
            },
            {
                "time": "2018-02-05T19:26:44.159Z",
                "type": "START",
                "source": "side-bar:button",
                "_t": "12:26:44",
                "_end": "-",
                "data": {
                    "type": "pill",
                    "time": 54.787352
                }
            },
            {
                "time": "2018-02-05T19:26:45.896Z",
                "type": "END",
                "source": "data:click:h_pos",
                "_t": "12:26:45",
                "_end": "-",
                "data": {
                    "lbl": {
                        "time": 60.090662975610215,
                        "endTime": 64.88889671544803,
                        "type": "pill",
                        "id": 3
                    }
                }
            },
            {
                "time": "2018-02-05T19:26:47.376Z",
                "type": "SELECT",
                "source": "data:click",
                "_t": "12:26:47",
                "_end": "-",
                "data": {
                    "time": 60.090662975610215,
                    "endTime": 64.88889671544803,
                    "type": "pill",
                    "id": 3
                }
            },
            {
                "time": {
                    "start": "2018-02-05T19:26:48.183Z",
                    "end": "2018-02-05T19:26:49.870Z"
                },
                "type": "RESIZE",
                "source": "data:brush",
                "_t": "12:26:48",
                "_end": "12:26:49",
                "data": {
                    "brushing": true,
                    "origin": [
                        54.787352,
                        64.88889671544685
                    ],
                    "_brushside": 0,
                    "start": "2018-02-05T19:26:48.183Z",
                    "ε": 0.1,
                    "mode": "resize"
                }
            },
            {
                "time": "2018-02-05T19:26:55.250Z",
                "type": "DESELECT",
                "source": "data:click",
                "_t": "12:26:55",
                "_end": "-",
                "data": {
                    "time": 60.090662975610215,
                    "endTime": 64.88889671544803,
                    "type": "pill",
                    "id": 3
                }
            },
            {
                "time": "2018-02-05T19:27:02.070Z",
                "type": "START",
                "source": "side-bar:button",
                "_t": "12:27:02",
                "_end": "-",
                "data": {
                    "type": "move",
                    "time": 113.892512
                }
            },
            {
                "time": "2018-02-05T19:27:08.449Z",
                "type": "END",
                "source": "data:click:h_pos",
                "_t": "12:27:08",
                "_end": "-",
                "data": {
                    "lbl": {
                        "time": 113.89251199999595,
                        "endTime": 119.9055865121947,
                        "type": "move",
                        "id": 4
                    }
                }
            },
            {
                "time": "2018-02-05T19:27:09.601Z",
                "type": "SELECT",
                "source": "data:click",
                "_t": "12:27:09",
                "_end": "-",
                "data": {
                    "time": 113.89251199999595,
                    "endTime": 119.9055865121947,
                    "type": "move",
                    "id": 4
                }
            },
            {
                "time": "2018-02-05T19:27:14.122Z",
                "type": "DESELECT",
                "source": "data:click",
                "_t": "12:27:14",
                "_end": "-",
                "data": {
                    "time": 113.892512,
                    "endTime": 129.30002309756182,
                    "type": "move",
                    "id": 4
                }
            },
            {
                "time": "2018-02-05T19:27:15.696Z",
                "type": "SELECT",
                "source": "data:click",
                "_t": "12:27:15",
                "_end": "-",
                "data": {
                    "time": 113.89251199999595,
                    "endTime": 119.9055865121947,
                    "type": "move",
                    "id": 4
                }
            },
            {
                "time": {
                    "start": "2018-02-05T19:27:16.815Z",
                    "end": "2018-02-05T19:27:18.582Z"
                },
                "type": "RESIZE",
                "source": "data:brush",
                "_t": "12:27:16",
                "_end": "12:27:18",
                "data": {
                    "brushing": true,
                    "origin": [
                        113.892512,
                        129.30002309756182
                    ],
                    "_brushside": 1,
                    "start": "2018-02-05T19:27:16.815Z",
                    "ε": 0.1,
                    "mode": "resize"
                }
            },
            {
                "time": "2018-02-05T19:27:25.774Z",
                "type": "START",
                "source": "side-bar:button",
                "_t": "12:27:25",
                "_end": "-",
                "data": {
                    "type": "move",
                    "time": 172.581764
                }
            },
            {
                "time": "2018-02-05T19:27:28.337Z",
                "type": "END",
                "source": "data:click:h_pos",
                "_t": "12:27:28",
                "_end": "-",
                "data": {
                    "lbl": {
                        "time": 170.59714577236105,
                        "endTime": 177.3799977398374,
                        "type": "move",
                        "id": 5
                    }
                }
            },
            {
                "time": "2018-02-05T19:27:30.224Z",
                "type": "SELECT",
                "source": "data:click",
                "_t": "12:27:30",
                "_end": "-",
                "data": {
                    "time": 170.59714577236105,
                    "endTime": 177.3799977398374,
                    "type": "move",
                    "id": 5
                }
            },
            {
                "time": {
                    "start": "2018-02-05T19:27:31.143Z",
                    "end": "2018-02-05T19:27:32.519Z"
                },
                "type": "RESIZE",
                "source": "data:brush",
                "_t": "12:27:31",
                "_end": "12:27:32",
                "data": {
                    "brushing": true,
                    "origin": [
                        168.627344552845,
                        172.581764
                    ],
                    "_brushside": 1,
                    "start": "2018-02-05T19:27:31.143Z",
                    "ε": 0.1,
                    "mode": "resize"
                }
            },
            {
                "time": "2018-02-05T19:27:33.617Z",
                "type": "DESELECT",
                "source": "data:click",
                "_t": "12:27:33",
                "_end": "-",
                "data": {
                    "time": 168.62734455284868,
                    "endTime": 177.3799977398374,
                    "type": "move",
                    "id": 5
                }
            },
            {
                "time": "2018-02-05T19:27:34.648Z",
                "type": "SELECT",
                "source": "data:click",
                "_t": "12:27:34",
                "_end": "-",
                "data": {
                    "time": 170.59714577236105,
                    "endTime": 177.3799977398374,
                    "type": "move",
                    "id": 5
                }
            },
            {
                "time": {
                    "start": "2018-02-05T19:27:36.070Z",
                    "end": "2018-02-05T19:27:37.254Z"
                },
                "type": "RESIZE",
                "source": "data:brush",
                "_t": "12:27:36",
                "_end": "12:27:37",
                "data": {
                    "brushing": true,
                    "origin": [
                        168.62734455284868,
                        177.3799977398374
                    ],
                    "_brushside": 0,
                    "start": "2018-02-05T19:27:36.070Z",
                    "ε": 0.1,
                    "mode": "resize"
                }
            },
            {
                "time": "2018-02-05T19:27:37.682Z",
                "type": "DESELECT",
                "source": "data:click",
                "_t": "12:27:37",
                "_end": "-",
                "data": {
                    "time": 170.59714577236105,
                    "endTime": 177.3799977398374,
                    "type": "move",
                    "id": 5
                }
            },
            {
                "time": "2018-02-05T19:27:46.063Z",
                "type": "START",
                "source": "side-bar:button",
                "_t": "12:27:46",
                "_end": "-",
                "data": {
                    "type": "pill",
                    "time": 315.422402
                }
            },
            {
                "time": "2018-02-05T19:27:47.637Z",
                "type": "END",
                "source": "data:click:h_pos",
                "_t": "12:27:47",
                "_end": "-",
                "data": {
                    "lbl": {
                        "time": 316.0284946829266,
                        "endTime": 324.21074590243563,
                        "type": "pill",
                        "id": 6
                    }
                }
            },
            {
                "time": "2018-02-05T19:27:48.928Z",
                "type": "SELECT",
                "source": "data:click",
                "_t": "12:27:48",
                "_end": "-",
                "data": {
                    "time": 316.0284946829266,
                    "endTime": 324.21074590243563,
                    "type": "pill",
                    "id": 6
                }
            },
            {
                "time": {
                    "start": "2018-02-05T19:27:49.975Z",
                    "end": "2018-02-05T19:27:50.718Z"
                },
                "type": "RESIZE",
                "source": "data:brush",
                "_t": "12:27:49",
                "_end": "12:27:50",
                "data": {
                    "brushing": true,
                    "origin": [
                        315.422402,
                        324.21074590243563
                    ],
                    "_brushside": 0,
                    "start": "2018-02-05T19:27:49.975Z",
                    "ε": 0.1,
                    "mode": "resize"
                }
            },
            {
                "time": "2018-02-05T19:27:52.506Z",
                "type": "DESELECT",
                "source": "data:click",
                "_t": "12:27:52",
                "_end": "-",
                "data": {
                    "time": 316.0284946829266,
                    "endTime": 324.21074590243563,
                    "type": "pill",
                    "id": 6
                }
            },
            {
                "time": "2018-02-05T19:27:56.655Z",
                "type": "START",
                "source": "side-bar:button",
                "_t": "12:27:56",
                "_end": "-",
                "data": {
                    "type": "move",
                    "time": 421.387605
                }
            },
            {
                "time": "2018-02-05T19:27:58.422Z",
                "type": "END",
                "source": "data:click:h_pos",
                "_t": "12:27:58",
                "_end": "-",
                "data": {
                    "lbl": {
                        "time": 423.1048676016236,
                        "endTime": 427.19599321137815,
                        "type": "move",
                        "id": 7
                    }
                }
            },
            {
                "time": "2018-02-05T19:28:00.353Z",
                "type": "SELECT",
                "source": "data:click",
                "_t": "12:28:00",
                "_end": "-",
                "data": {
                    "time": 423.1048676016236,
                    "endTime": 427.19599321137815,
                    "type": "move",
                    "id": 7
                }
            },
            {
                "time": "2018-02-05T19:28:02.887Z",
                "type": "DESELECT",
                "source": "data:click",
                "_t": "12:28:02",
                "_end": "-",
                "data": {
                    "time": 421.387605,
                    "endTime": 427.19599321138537,
                    "type": "move",
                    "id": 7
                }
            },
            {
                "time": "2018-02-05T19:28:03.673Z",
                "type": "SELECT",
                "source": "data:click",
                "_t": "12:28:03",
                "_end": "-",
                "data": {
                    "time": 423.1048676016236,
                    "endTime": 427.19599321137815,
                    "type": "move",
                    "id": 7
                }
            },
            {
                "time": {
                    "start": "2018-02-05T19:28:04.447Z",
                    "end": "2018-02-05T19:28:06.182Z"
                },
                "type": "RESIZE",
                "source": "data:brush",
                "_t": "12:28:04",
                "_end": "12:28:06",
                "data": {
                    "brushing": true,
                    "origin": [
                        421.387605,
                        427.19599321138537
                    ],
                    "_brushside": 0,
                    "start": "2018-02-05T19:28:04.447Z",
                    "ε": 0.1,
                    "mode": "resize"
                }
            },
            {
                "time": "2018-02-05T19:28:14.938Z",
                "type": "DESELECT",
                "source": "data:click",
                "_t": "12:28:14",
                "_end": "-",
                "data": {
                    "time": 423.1048676016236,
                    "endTime": 427.19599321137815,
                    "type": "move",
                    "id": 7
                }
            },
            {
                "time": "2018-02-05T19:28:19.679Z",
                "type": "START",
                "source": "side-bar:button",
                "_t": "12:28:19",
                "_end": "-",
                "data": {
                    "type": "move",
                    "time": 490.684197
                }
            },
            {
                "time": "2018-02-05T19:28:21.921Z",
                "type": "END",
                "source": "data:click:h_pos",
                "_t": "12:28:21",
                "_end": "-",
                "data": {
                    "lbl": {
                        "time": 490.684197,
                        "endTime": 498.5128941544612,
                        "type": "move",
                        "id": 8
                    }
                }
            },
            {
                "time": "2018-02-05T19:28:27.591Z",
                "type": "START",
                "source": "side-bar:button",
                "_t": "12:28:27",
                "_end": "-",
                "data": {
                    "type": "pill",
                    "time": 561.395009
                }
            },
            {
                "time": "2018-02-05T19:28:28.961Z",
                "type": "END",
                "source": "data:click:h_pos",
                "_t": "12:28:28",
                "_end": "-",
                "data": {
                    "lbl": {
                        "time": 561.395009,
                        "endTime": 569.6277679430785,
                        "type": "pill",
                        "id": 9
                    }
                }
            },
            {
                "time": "2018-02-05T19:28:31.664Z",
                "type": "START",
                "source": "side-bar:button",
                "_t": "12:28:31",
                "_end": "-",
                "data": {
                    "type": "move",
                    "time": 612.761363
                }
            },
            {
                "time": "2018-02-05T19:28:32.961Z",
                "type": "END",
                "source": "data:click:h_pos",
                "_t": "12:28:32",
                "_end": "-",
                "data": {
                    "lbl": {
                        "time": 612.761363,
                        "endTime": 618.9233052764146,
                        "type": "move",
                        "id": 10
                    }
                }
            }
        ],
        "navigationEvents": [
            {
                "time": "2018-02-05T19:26:27.134Z",
                "type": "PAUSE",
                "source": "video:button",
                "_t": "12:26:27",
                "_end": "-"
            },
            {
                "time": {
                    "start": "2018-02-05T19:26:17.145Z",
                    "end": "2018-02-05T19:26:29.834Z"
                },
                "type": "SCRUB",
                "source": "data:drag",
                "_t": "12:26:17",
                "_end": "12:26:29",
                "data": {
                    "time": 4.240426
                }
            },
            {
                "time": "2018-02-05T19:26:31.350Z",
                "type": "PLAY",
                "source": "video:button",
                "_t": "12:26:31",
                "_end": "-"
            },
            {
                "time": {
                    "start": "2018-02-05T19:26:17.145Z",
                    "end": "2018-02-05T19:26:33.847Z"
                },
                "type": "SCRUB",
                "source": "data:drag",
                "_t": "12:26:17",
                "_end": "12:26:33",
                "data": {
                    "time": 12.908952
                }
            },
            {
                "time": "2018-02-05T19:26:35.321Z",
                "type": "PAUSE",
                "source": "video:button",
                "_t": "12:26:35",
                "_end": "-"
            },
            {
                "time": {
                    "start": "2018-02-05T19:26:17.145Z",
                    "end": "2018-02-05T19:26:36.686Z"
                },
                "type": "SCRUB",
                "source": "data:drag",
                "_t": "12:26:17",
                "_end": "12:26:36",
                "data": {
                    "time": 12.46188
                }
            },
            {
                "time": {
                    "start": "2018-02-05T19:26:17.145Z",
                    "end": "2018-02-05T19:26:40.140Z"
                },
                "type": "SCRUB",
                "source": "data:drag",
                "_t": "12:26:17",
                "_end": "12:26:40",
                "data": {
                    "time": 12.46188
                }
            },
            {
                "time": {
                    "start": "2018-02-05T19:26:17.145Z",
                    "end": "2018-02-05T19:26:43.132Z"
                },
                "type": "SCRUB",
                "source": "data:drag",
                "_t": "12:26:17",
                "_end": "12:26:43",
                "data": {
                    "time": 54.787352
                }
            },
            {
                "time": {
                    "start": "2018-02-05T19:26:17.145Z",
                    "end": "2018-02-05T19:26:45.894Z"
                },
                "type": "SCRUB",
                "source": "data:drag",
                "_t": "12:26:17",
                "_end": "12:26:45",
                "data": {
                    "time": 54.787352
                }
            },
            {
                "time": {
                    "start": "2018-02-05T19:26:17.145Z",
                    "end": "2018-02-05T19:26:47.374Z"
                },
                "type": "SCRUB",
                "source": "data:drag",
                "_t": "12:26:17",
                "_end": "12:26:47",
                "data": {
                    "time": 54.787352
                }
            },
            {
                "time": {
                    "start": "2018-02-05T19:26:17.145Z",
                    "end": "2018-02-05T19:26:49.889Z"
                },
                "type": "SCRUB",
                "source": "data:drag",
                "_t": "12:26:17",
                "_end": "12:26:49",
                "data": {
                    "time": 54.787352
                }
            },
            {
                "time": {
                    "start": "2018-02-05T19:26:17.145Z",
                    "end": "2018-02-05T19:26:52.028Z"
                },
                "type": "SCRUB",
                "source": "data:drag",
                "_t": "12:26:17",
                "_end": "12:26:52",
                "data": {
                    "time": 78.172428
                }
            },
            {
                "time": "2018-02-05T19:26:53.102Z",
                "type": "PLAY",
                "source": "video:button",
                "_t": "12:26:53",
                "_end": "-"
            },
            {
                "time": {
                    "start": "2018-02-05T19:26:17.145Z",
                    "end": "2018-02-05T19:26:53.947Z"
                },
                "type": "SCRUB",
                "source": "data:drag",
                "_t": "12:26:17",
                "_end": "12:26:53",
                "data": {
                    "time": 78.964306
                }
            },
            {
                "time": {
                    "start": "2018-02-05T19:26:17.145Z",
                    "end": "2018-02-05T19:26:55.249Z"
                },
                "type": "SCRUB",
                "source": "data:drag",
                "_t": "12:26:17",
                "_end": "12:26:55",
                "data": {
                    "time": 80.266529
                }
            },
            {
                "time": {
                    "start": "2018-02-05T19:26:17.145Z",
                    "end": "2018-02-05T19:26:56.541Z"
                },
                "type": "SCRUB",
                "source": "data:drag",
                "_t": "12:26:17",
                "_end": "12:26:56",
                "data": {
                    "time": 81.560948
                }
            },
            {
                "time": {
                    "start": "2018-02-05T19:26:17.145Z",
                    "end": "2018-02-05T19:27:00.900Z"
                },
                "type": "SCRUB",
                "source": "data:drag",
                "_t": "12:26:17",
                "_end": "12:27:00",
                "data": {
                    "time": 112.827972
                }
            },
            {
                "time": {
                    "start": "2018-02-05T19:26:17.145Z",
                    "end": "2018-02-05T19:27:03.913Z"
                },
                "type": "SCRUB",
                "source": "data:drag",
                "_t": "12:26:17",
                "_end": "12:27:03",
                "data": {
                    "time": 115.736722
                }
            },
            {
                "time": {
                    "start": "2018-02-05T19:26:17.145Z",
                    "end": "2018-02-05T19:27:06.549Z"
                },
                "type": "SCRUB",
                "source": "data:drag",
                "_t": "12:26:17",
                "_end": "12:27:06",
                "data": {
                    "time": 118.085783
                }
            },
            {
                "time": {
                    "start": "2018-02-05T19:26:17.145Z",
                    "end": "2018-02-05T19:27:08.446Z"
                },
                "type": "SCRUB",
                "source": "data:drag",
                "_t": "12:26:17",
                "_end": "12:27:08",
                "data": {
                    "time": 119.771685
                }
            },
            {
                "time": {
                    "start": "2018-02-05T19:26:17.145Z",
                    "end": "2018-02-05T19:27:09.598Z"
                },
                "type": "SCRUB",
                "source": "data:drag",
                "_t": "12:26:17",
                "_end": "12:27:09",
                "data": {
                    "time": 120.92487
                }
            },
            {
                "time": {
                    "start": "2018-02-05T19:26:17.145Z",
                    "end": "2018-02-05T19:27:12.299Z"
                },
                "type": "SCRUB",
                "source": "data:drag",
                "_t": "12:26:17",
                "_end": "12:27:12",
                "data": {
                    "time": 130.0094
                }
            },
            {
                "time": "2018-02-05T19:27:13.502Z",
                "type": "PAUSE",
                "source": "video:button",
                "_t": "12:27:13",
                "_end": "-"
            },
            {
                "time": {
                    "start": "2018-02-05T19:26:17.145Z",
                    "end": "2018-02-05T19:27:14.120Z"
                },
                "type": "SCRUB",
                "source": "data:drag",
                "_t": "12:26:17",
                "_end": "12:27:14",
                "data": {
                    "time": 131.211804
                }
            },
            {
                "time": {
                    "start": "2018-02-05T19:26:17.145Z",
                    "end": "2018-02-05T19:27:15.694Z"
                },
                "type": "SCRUB",
                "source": "data:drag",
                "_t": "12:26:17",
                "_end": "12:27:15",
                "data": {
                    "time": 131.211804
                }
            },
            {
                "time": {
                    "start": "2018-02-05T19:26:17.145Z",
                    "end": "2018-02-05T19:27:18.590Z"
                },
                "type": "SCRUB",
                "source": "data:drag",
                "_t": "12:26:17",
                "_end": "12:27:18",
                "data": {
                    "time": 131.211804
                }
            },
            {
                "time": "2018-02-05T19:27:19.630Z",
                "type": "PLAY",
                "source": "video:button",
                "_t": "12:27:19",
                "_end": "-"
            },
            {
                "time": {
                    "start": "2018-02-05T19:26:17.145Z",
                    "end": "2018-02-05T19:27:23.539Z"
                },
                "type": "SCRUB",
                "source": "data:drag",
                "_t": "12:26:17",
                "_end": "12:27:23",
                "data": {
                    "time": 170.371907
                }
            },
            {
                "time": {
                    "start": "2018-02-05T19:26:17.145Z",
                    "end": "2018-02-05T19:27:28.334Z"
                },
                "type": "SCRUB",
                "source": "data:drag",
                "_t": "12:26:17",
                "_end": "12:27:28",
                "data": {
                    "time": 175.146581
                }
            },
            {
                "time": "2018-02-05T19:27:29.718Z",
                "type": "PAUSE",
                "source": "video:button",
                "_t": "12:27:29",
                "_end": "-"
            },
            {
                "time": {
                    "start": "2018-02-05T19:26:17.145Z",
                    "end": "2018-02-05T19:27:30.222Z"
                },
                "type": "SCRUB",
                "source": "data:drag",
                "_t": "12:26:17",
                "_end": "12:27:30",
                "data": {
                    "time": 176.526164
                }
            },
            {
                "time": {
                    "start": "2018-02-05T19:26:17.145Z",
                    "end": "2018-02-05T19:27:32.538Z"
                },
                "type": "SCRUB",
                "source": "data:drag",
                "_t": "12:26:17",
                "_end": "12:27:32",
                "data": {
                    "time": 176.526164
                }
            },
            {
                "time": {
                    "start": "2018-02-05T19:26:17.145Z",
                    "end": "2018-02-05T19:27:33.616Z"
                },
                "type": "SCRUB",
                "source": "data:drag",
                "_t": "12:26:17",
                "_end": "12:27:33",
                "data": {
                    "time": 176.526164
                }
            },
            {
                "time": {
                    "start": "2018-02-05T19:26:17.145Z",
                    "end": "2018-02-05T19:27:34.646Z"
                },
                "type": "SCRUB",
                "source": "data:drag",
                "_t": "12:26:17",
                "_end": "12:27:34",
                "data": {
                    "time": 176.526164
                }
            },
            {
                "time": {
                    "start": "2018-02-05T19:26:17.145Z",
                    "end": "2018-02-05T19:27:37.273Z"
                },
                "type": "SCRUB",
                "source": "data:drag",
                "_t": "12:26:17",
                "_end": "12:27:37",
                "data": {
                    "time": 176.526164
                }
            },
            {
                "time": {
                    "start": "2018-02-05T19:26:17.145Z",
                    "end": "2018-02-05T19:27:37.681Z"
                },
                "type": "SCRUB",
                "source": "data:drag",
                "_t": "12:26:17",
                "_end": "12:27:37",
                "data": {
                    "time": 176.526164
                }
            },
            {
                "time": {
                    "start": "2018-02-05T19:26:17.145Z",
                    "end": "2018-02-05T19:27:38.921Z"
                },
                "type": "SCRUB",
                "source": "data:drag",
                "_t": "12:26:17",
                "_end": "12:27:38",
                "data": {
                    "time": 235.115123
                }
            },
            {
                "time": {
                    "start": "2018-02-05T19:26:17.145Z",
                    "end": "2018-02-05T19:27:39.608Z"
                },
                "type": "SCRUB",
                "source": "data:drag",
                "_t": "12:26:17",
                "_end": "12:27:39",
                "data": {
                    "time": 284.713707
                }
            },
            {
                "time": {
                    "start": "2018-02-05T19:26:17.145Z",
                    "end": "2018-02-05T19:27:44.478Z"
                },
                "type": "SCRUB",
                "source": "data:drag",
                "_t": "12:26:17",
                "_end": "12:27:44",
                "data": {
                    "time": 315.422402
                }
            },
            {
                "time": {
                    "start": "2018-02-05T19:26:17.145Z",
                    "end": "2018-02-05T19:27:47.636Z"
                },
                "type": "SCRUB",
                "source": "data:drag",
                "_t": "12:26:17",
                "_end": "12:27:47",
                "data": {
                    "time": 315.422402
                }
            },
            {
                "time": {
                    "start": "2018-02-05T19:26:17.145Z",
                    "end": "2018-02-05T19:27:48.926Z"
                },
                "type": "SCRUB",
                "source": "data:drag",
                "_t": "12:26:17",
                "_end": "12:27:48",
                "data": {
                    "time": 315.422402
                }
            },
            {
                "time": {
                    "start": "2018-02-05T19:26:17.145Z",
                    "end": "2018-02-05T19:27:50.727Z"
                },
                "type": "SCRUB",
                "source": "data:drag",
                "_t": "12:26:17",
                "_end": "12:27:50",
                "data": {
                    "time": 315.422402
                }
            },
            {
                "time": {
                    "start": "2018-02-05T19:26:17.145Z",
                    "end": "2018-02-05T19:27:52.295Z"
                },
                "type": "SCRUB",
                "source": "data:drag",
                "_t": "12:26:17",
                "_end": "12:27:52",
                "data": {
                    "time": 365.020986
                }
            },
            {
                "time": {
                    "start": "2018-02-05T19:26:17.145Z",
                    "end": "2018-02-05T19:27:52.505Z"
                },
                "type": "SCRUB",
                "source": "data:drag",
                "_t": "12:26:17",
                "_end": "12:27:52",
                "data": {
                    "time": 365.020986
                }
            },
            {
                "time": {
                    "start": "2018-02-05T19:26:17.145Z",
                    "end": "2018-02-05T19:27:54.145Z"
                },
                "type": "SCRUB",
                "source": "data:drag",
                "_t": "12:26:17",
                "_end": "12:27:54",
                "data": {
                    "time": 414.468047
                }
            },
            {
                "time": {
                    "start": "2018-02-05T19:26:17.145Z",
                    "end": "2018-02-05T19:27:55.554Z"
                },
                "type": "SCRUB",
                "source": "data:drag",
                "_t": "12:26:17",
                "_end": "12:27:55",
                "data": {
                    "time": 421.387605
                }
            },
            {
                "time": {
                    "start": "2018-02-05T19:26:17.145Z",
                    "end": "2018-02-05T19:27:58.420Z"
                },
                "type": "SCRUB",
                "source": "data:drag",
                "_t": "12:26:17",
                "_end": "12:27:58",
                "data": {
                    "time": 421.387605
                }
            },
            {
                "time": {
                    "start": "2018-02-05T19:26:17.145Z",
                    "end": "2018-02-05T19:27:59.293Z"
                },
                "type": "SCRUB",
                "source": "data:drag",
                "_t": "12:26:17",
                "_end": "12:27:59",
                "data": {
                    "time": 421.286589
                }
            },
            {
                "time": {
                    "start": "2018-02-05T19:26:17.145Z",
                    "end": "2018-02-05T19:28:00.350Z"
                },
                "type": "SCRUB",
                "source": "data:drag",
                "_t": "12:26:17",
                "_end": "12:28:00",
                "data": {
                    "time": 421.286589
                }
            },
            {
                "time": {
                    "start": "2018-02-05T19:26:17.145Z",
                    "end": "2018-02-05T19:28:02.417Z"
                },
                "type": "SCRUB",
                "source": "data:drag",
                "_t": "12:26:17",
                "_end": "12:28:02",
                "data": {
                    "time": 419.46831
                }
            },
            {
                "time": {
                    "start": "2018-02-05T19:26:17.145Z",
                    "end": "2018-02-05T19:28:02.887Z"
                },
                "type": "SCRUB",
                "source": "data:drag",
                "_t": "12:26:17",
                "_end": "12:28:02",
                "data": {
                    "time": 419.46831
                }
            },
            {
                "time": {
                    "start": "2018-02-05T19:26:17.145Z",
                    "end": "2018-02-05T19:28:03.670Z"
                },
                "type": "SCRUB",
                "source": "data:drag",
                "_t": "12:26:17",
                "_end": "12:28:03",
                "data": {
                    "time": 419.46831
                }
            },
            {
                "time": {
                    "start": "2018-02-05T19:26:17.145Z",
                    "end": "2018-02-05T19:28:06.201Z"
                },
                "type": "SCRUB",
                "source": "data:drag",
                "_t": "12:26:17",
                "_end": "12:28:06",
                "data": {
                    "time": 419.46831
                }
            },
            {
                "time": {
                    "start": "2018-02-05T19:26:17.145Z",
                    "end": "2018-02-05T19:28:08.921Z"
                },
                "type": "SCRUB",
                "source": "data:drag",
                "_t": "12:26:17",
                "_end": "12:28:08",
                "data": {
                    "time": 367.798908
                }
            },
            {
                "time": {
                    "start": "2018-02-05T19:26:17.145Z",
                    "end": "2018-02-05T19:28:11.427Z"
                },
                "type": "SCRUB",
                "source": "data:drag",
                "_t": "12:26:17",
                "_end": "12:28:11",
                "data": {
                    "time": 397.446941
                }
            },
            {
                "time": {
                    "start": "2018-02-05T19:26:17.145Z",
                    "end": "2018-02-05T19:28:13.991Z"
                },
                "type": "SCRUB",
                "source": "data:drag",
                "_t": "12:26:17",
                "_end": "12:28:13",
                "data": {
                    "time": 442.348307
                }
            },
            {
                "time": {
                    "start": "2018-02-05T19:26:17.145Z",
                    "end": "2018-02-05T19:28:14.504Z"
                },
                "type": "SCRUB",
                "source": "data:drag",
                "_t": "12:26:17",
                "_end": "12:28:14",
                "data": {
                    "time": 442.449322
                }
            },
            {
                "time": {
                    "start": "2018-02-05T19:26:17.145Z",
                    "end": "2018-02-05T19:28:14.936Z"
                },
                "type": "SCRUB",
                "source": "data:drag",
                "_t": "12:26:17",
                "_end": "12:28:14",
                "data": {
                    "time": 442.449322
                }
            },
            {
                "time": {
                    "start": "2018-02-05T19:26:17.145Z",
                    "end": "2018-02-05T19:28:16.107Z"
                },
                "type": "SCRUB",
                "source": "data:drag",
                "_t": "12:26:17",
                "_end": "12:28:16",
                "data": {
                    "time": 475.178326
                }
            },
            {
                "time": {
                    "start": "2018-02-05T19:26:17.145Z",
                    "end": "2018-02-05T19:28:17.959Z"
                },
                "type": "SCRUB",
                "source": "data:drag",
                "_t": "12:26:17",
                "_end": "12:28:17",
                "data": {
                    "time": 490.684197
                }
            },
            {
                "time": {
                    "start": "2018-02-05T19:26:17.145Z",
                    "end": "2018-02-05T19:28:21.918Z"
                },
                "type": "SCRUB",
                "source": "data:drag",
                "_t": "12:26:17",
                "_end": "12:28:21",
                "data": {
                    "time": 490.684197
                }
            },
            {
                "time": {
                    "start": "2018-02-05T19:26:17.145Z",
                    "end": "2018-02-05T19:28:23.310Z"
                },
                "type": "SCRUB",
                "source": "data:drag",
                "_t": "12:26:17",
                "_end": "12:28:23",
                "data": {
                    "time": 536.444194
                }
            },
            {
                "time": {
                    "start": "2018-02-05T19:26:17.145Z",
                    "end": "2018-02-05T19:28:25.286Z"
                },
                "type": "SCRUB",
                "source": "data:drag",
                "_t": "12:26:17",
                "_end": "12:28:25",
                "data": {
                    "time": 561.395009
                }
            },
            {
                "time": {
                    "start": "2018-02-05T19:26:17.145Z",
                    "end": "2018-02-05T19:28:28.959Z"
                },
                "type": "SCRUB",
                "source": "data:drag",
                "_t": "12:26:17",
                "_end": "12:28:28",
                "data": {
                    "time": 561.395009
                }
            },
            {
                "time": {
                    "start": "2018-02-05T19:26:17.145Z",
                    "end": "2018-02-05T19:28:30.887Z"
                },
                "type": "SCRUB",
                "source": "data:drag",
                "_t": "12:26:17",
                "_end": "12:28:30",
                "data": {
                    "time": 612.761363
                }
            },
            {
                "time": {
                    "start": "2018-02-05T19:26:17.145Z",
                    "end": "2018-02-05T19:28:32.959Z"
                },
                "type": "SCRUB",
                "source": "data:drag",
                "_t": "12:26:17",
                "_end": "12:28:32",
                "data": {
                    "time": 612.761363
                }
            }
        ]
    }
}