{
    "user_id": "atangren",
    "session_id": "5a78ba63ee2b1975ba835bd7",
    "study": "studyD",
    "workspace": "pill.pills-orange",
    "details": {
        "workspace": "pill.pills-orange",
        "labels": [
            {
                "time": 12.775245,
                "endTime": 21.765619,
                "type": "pill",
                "id": 1
            },
            {
                "time": 60.252504,
                "endTime": 64.5456605040644,
                "type": "move",
                "id": 2
            },
            {
                "time": 113.79069,
                "endTime": 119.54857017886204,
                "type": "move",
                "id": 3
            },
            {
                "time": 171.116953,
                "endTime": 177.430418447158,
                "type": "pill",
                "id": 4
            },
            {
                "time": 316.326658,
                "endTime": 324.10484743089864,
                "type": "pill",
                "id": 5
            },
            {
                "time": 423.352523,
                "endTime": 426.28197096747857,
                "type": "move",
                "id": 6
            },
            {
                "time": 490.931856,
                "endTime": 498.0029373008301,
                "type": "move",
                "id": 7
            },
            {
                "time": 562.147746,
                "endTime": 568.8147655122114,
                "type": "pill",
                "id": 8
            }
        ],
        "_starts": [
            "2018-02-05T20:29:14.000Z"
        ],
        "_ends": [
            "2018-02-05T20:31:44.547Z"
        ]
    },
    "labels_file": "/home/ubuntu/vat/data/user-studies/studyD/pill-orange/atangren.labels.json",
    "videoFlash": 2.237407,
    "surveys": {
        "user-info": {
            "firstname": "Andrew",
            "lastname": "Tangren",
            "email": "andrewjt678@gmail.com"
        },
        "practice-first": {
            "question1": "5",
            "question2": "ok",
            "question3": "50",
            "question4": "5"
        },
        "practice-second": {},
        "practice-third": {},
        "practice-survey": {},
        "pill-blue": {
            "question1": "5",
            "question2": "5",
            "question3": "50",
            "question4": "80"
        },
        "pill-red": {
            "question1": "2",
            "question2": "5",
            "question3": "60",
            "question4": "10"
        }
    },
    "logs": {
        "labelEvents": [
            {
                "time": "2018-02-05T20:29:43.685Z",
                "type": "START",
                "source": "hotkey",
                "_t": "13:29:43",
                "_end": "-",
                "data": {
                    "type": "pill",
                    "time": 12.775245
                }
            },
            {
                "time": "2018-02-05T20:29:52.551Z",
                "type": "END",
                "source": "hotkey:ctb",
                "_t": "13:29:52",
                "_end": "-",
                "data": {
                    "lbl": {
                        "time": 12.775245,
                        "endTime": 21.765619,
                        "type": "pill",
                        "id": 1
                    },
                    "key": "enter"
                }
            },
            {
                "time": "2018-02-05T20:30:01.223Z",
                "type": "START",
                "source": "hotkey",
                "_t": "13:30:01",
                "_end": "-",
                "data": {
                    "type": "move",
                    "time": 60.252504
                }
            },
            {
                "time": "2018-02-05T20:30:03.336Z",
                "type": "END",
                "source": "hotkey:h_pos",
                "_t": "13:30:03",
                "_end": "-",
                "data": {
                    "lbl": {
                        "time": 60.252504,
                        "endTime": 64.5456605040644,
                        "type": "move",
                        "id": 2
                    },
                    "key": "enter"
                }
            },
            {
                "time": "2018-02-05T20:30:15.577Z",
                "type": "START",
                "source": "hotkey",
                "_t": "13:30:15",
                "_end": "-",
                "data": {
                    "type": "pill",
                    "time": 113.79069
                }
            },
            {
                "time": "2018-02-05T20:30:19.863Z",
                "type": "END",
                "source": "hotkey:h_pos",
                "_t": "13:30:19",
                "_end": "-",
                "data": {
                    "lbl": {
                        "time": 113.79069,
                        "endTime": 119.54857017886204,
                        "type": "move",
                        "id": 3
                    },
                    "key": "enter"
                }
            },
            {
                "time": "2018-02-05T20:30:29.281Z",
                "type": "SELECT",
                "source": "data:click",
                "_t": "13:30:29",
                "_end": "-",
                "data": {
                    "time": 113.79069,
                    "endTime": 119.54857017886204,
                    "type": "move",
                    "id": 3
                }
            },
            {
                "time": "2018-02-05T20:30:31.566Z",
                "type": "CHANGE-EVENT-TYPE",
                "source": "side-bar:menu",
                "_t": "13:30:31",
                "_end": "-",
                "data": {
                    "time": 113.79069,
                    "endTime": 119.54857017886204,
                    "type": "pill",
                    "id": 3
                }
            },
            {
                "time": "2018-02-05T20:30:35.695Z",
                "type": "DESELECT",
                "source": "side-bar:button",
                "_t": "13:30:35",
                "_end": "-",
                "data": {
                    "time": 113.79069,
                    "endTime": 119.54857017886204,
                    "type": "move",
                    "id": 3
                }
            },
            {
                "time": "2018-02-05T20:30:42.281Z",
                "type": "START",
                "source": "hotkey",
                "_t": "13:30:42",
                "_end": "-",
                "data": {
                    "type": "pill",
                    "time": 171.116953
                }
            },
            {
                "time": "2018-02-05T20:30:43.845Z",
                "type": "END",
                "source": "hotkey:ctb",
                "_t": "13:30:43",
                "_end": "-",
                "data": {
                    "key": "enter"
                }
            },
            {
                "time": "2018-02-05T20:30:45.305Z",
                "type": "START",
                "source": "hotkey",
                "_t": "13:30:45",
                "_end": "-",
                "data": {
                    "type": "pill",
                    "time": 171.116953
                }
            },
            {
                "time": "2018-02-05T20:30:48.392Z",
                "type": "END",
                "source": "hotkey:h_pos",
                "_t": "13:30:48",
                "_end": "-",
                "data": {
                    "lbl": {
                        "time": 171.116953,
                        "endTime": 177.430418447158,
                        "type": "pill",
                        "id": 4
                    },
                    "key": "enter"
                }
            },
            {
                "time": "2018-02-05T20:30:59.752Z",
                "type": "START",
                "source": "hotkey",
                "_t": "13:30:59",
                "_end": "-",
                "data": {
                    "type": "pill",
                    "time": 316.326658
                }
            },
            {
                "time": "2018-02-05T20:31:01.544Z",
                "type": "END",
                "source": "hotkey:h_pos",
                "_t": "13:31:01",
                "_end": "-",
                "data": {
                    "lbl": {
                        "time": 316.326658,
                        "endTime": 324.10484743089864,
                        "type": "pill",
                        "id": 5
                    },
                    "key": "enter"
                }
            },
            {
                "time": "2018-02-05T20:31:08.726Z",
                "type": "START",
                "source": "hotkey",
                "_t": "13:31:08",
                "_end": "-",
                "data": {
                    "type": "move",
                    "time": 423.352523
                }
            },
            {
                "time": "2018-02-05T20:31:11.687Z",
                "type": "END",
                "source": "hotkey:ctb",
                "_t": "13:31:11",
                "_end": "-",
                "data": {
                    "key": "enter"
                }
            },
            {
                "time": "2018-02-05T20:31:12.792Z",
                "type": "START",
                "source": "hotkey",
                "_t": "13:31:12",
                "_end": "-",
                "data": {
                    "type": "pill",
                    "time": 423.352523
                }
            },
            {
                "time": "2018-02-05T20:31:15.560Z",
                "type": "START",
                "source": "hotkey",
                "_t": "13:31:15",
                "_end": "-",
                "data": {
                    "type": "move",
                    "time": 423.352523
                }
            },
            {
                "time": "2018-02-05T20:31:18.488Z",
                "type": "END",
                "source": "hotkey:h_pos",
                "_t": "13:31:18",
                "_end": "-",
                "data": {
                    "lbl": {
                        "time": 423.352523,
                        "endTime": 426.28197096747857,
                        "type": "move",
                        "id": 6
                    },
                    "key": "enter"
                }
            },
            {
                "time": "2018-02-05T20:31:25.529Z",
                "type": "START",
                "source": "hotkey",
                "_t": "13:31:25",
                "_end": "-",
                "data": {
                    "type": "move",
                    "time": 490.931856
                }
            },
            {
                "time": "2018-02-05T20:31:27.431Z",
                "type": "END",
                "source": "hotkey:h_pos",
                "_t": "13:31:27",
                "_end": "-",
                "data": {
                    "lbl": {
                        "time": 490.931856,
                        "endTime": 498.0029373008301,
                        "type": "move",
                        "id": 7
                    },
                    "key": "enter"
                }
            },
            {
                "time": "2018-02-05T20:31:32.041Z",
                "type": "START",
                "source": "hotkey",
                "_t": "13:31:32",
                "_end": "-",
                "data": {
                    "type": "pill",
                    "time": 562.147746
                }
            },
            {
                "time": "2018-02-05T20:31:36.745Z",
                "type": "END",
                "source": "hotkey:h_pos",
                "_t": "13:31:36",
                "_end": "-",
                "data": {
                    "lbl": {
                        "time": 562.147746,
                        "endTime": 568.8147655122114,
                        "type": "pill",
                        "id": 8
                    },
                    "key": "enter"
                }
            }
        ],
        "navigationEvents": [
            {
                "time": {
                    "start": "2018-02-05T20:29:14.500Z",
                    "end": "2018-02-05T20:29:32.950Z"
                },
                "type": "SCRUB",
                "source": "data:drag",
                "_t": "13:29:14",
                "_end": "13:29:32",
                "data": {
                    "time": 4.083863
                }
            },
            {
                "time": {
                    "start": "2018-02-05T20:29:14.500Z",
                    "end": "2018-02-05T20:29:35.696Z"
                },
                "type": "SCRUB",
                "source": "data:drag",
                "_t": "13:29:14",
                "_end": "13:29:35",
                "data": {
                    "time": 13.002421
                }
            },
            {
                "time": "2018-02-05T20:29:39.006Z",
                "type": "PAUSE",
                "source": "video:button",
                "_t": "13:29:39",
                "_end": "-"
            },
            {
                "time": {
                    "start": "2018-02-05T20:29:14.500Z",
                    "end": "2018-02-05T20:29:41.801Z"
                },
                "type": "SCRUB",
                "source": "data:drag",
                "_t": "13:29:14",
                "_end": "13:29:41",
                "data": {
                    "time": 12.977276
                }
            },
            {
                "time": {
                    "start": "2018-02-05T20:29:14.500Z",
                    "end": "2018-02-05T20:29:43.310Z"
                },
                "type": "SCRUB",
                "source": "data:drag",
                "_t": "13:29:14",
                "_end": "13:29:43",
                "data": {
                    "time": 12.775245
                }
            },
            {
                "time": {
                    "start": "2018-02-05T20:29:14.500Z",
                    "end": "2018-02-05T20:29:47.095Z"
                },
                "type": "SCRUB",
                "source": "data:drag",
                "_t": "13:29:14",
                "_end": "13:29:47",
                "data": {
                    "time": 21.765619
                }
            },
            {
                "time": {
                    "start": "2018-02-05T20:29:14.500Z",
                    "end": "2018-02-05T20:30:00.758Z"
                },
                "type": "SCRUB",
                "source": "data:drag",
                "_t": "13:29:14",
                "_end": "13:30:00",
                "data": {
                    "time": 60.252504
                }
            },
            {
                "time": {
                    "start": "2018-02-05T20:29:14.500Z",
                    "end": "2018-02-05T20:30:06.727Z"
                },
                "type": "SCRUB",
                "source": "data:drag",
                "_t": "13:29:14",
                "_end": "13:30:06",
                "data": {
                    "time": 105.002347
                }
            },
            {
                "time": {
                    "start": "2018-02-05T20:29:14.500Z",
                    "end": "2018-02-05T20:30:14.718Z"
                },
                "type": "SCRUB",
                "source": "data:drag",
                "_t": "13:29:14",
                "_end": "13:30:14",
                "data": {
                    "time": 113.79069
                }
            },
            {
                "time": {
                    "start": "2018-02-05T20:29:14.500Z",
                    "end": "2018-02-05T20:30:16.789Z"
                },
                "type": "SCRUB",
                "source": "data:drag",
                "_t": "13:29:14",
                "_end": "13:30:16",
                "data": {
                    "time": 117.023184
                }
            },
            {
                "time": {
                    "start": "2018-02-05T20:29:14.500Z",
                    "end": "2018-02-05T20:30:24.863Z"
                },
                "type": "SCRUB",
                "source": "data:drag",
                "_t": "13:29:14",
                "_end": "13:30:24",
                "data": {
                    "time": 94.294708
                }
            },
            {
                "time": {
                    "start": "2018-02-05T20:29:14.500Z",
                    "end": "2018-02-05T20:30:28.423Z"
                },
                "type": "SCRUB",
                "source": "data:drag",
                "_t": "13:29:14",
                "_end": "13:30:28",
                "data": {
                    "time": 72.424863
                }
            },
            {
                "time": {
                    "start": "2018-02-05T20:29:14.500Z",
                    "end": "2018-02-05T20:30:29.278Z"
                },
                "type": "SCRUB",
                "source": "data:drag",
                "_t": "13:29:14",
                "_end": "13:30:29",
                "data": {
                    "time": 72.424863
                }
            },
            {
                "time": {
                    "start": "2018-02-05T20:29:14.500Z",
                    "end": "2018-02-05T20:30:38.013Z"
                },
                "type": "SCRUB",
                "source": "data:drag",
                "_t": "13:29:14",
                "_end": "13:30:38",
                "data": {
                    "time": 150.812849
                }
            },
            {
                "time": {
                    "start": "2018-02-05T20:29:14.500Z",
                    "end": "2018-02-05T20:30:41.432Z"
                },
                "type": "SCRUB",
                "source": "data:drag",
                "_t": "13:29:14",
                "_end": "13:30:41",
                "data": {
                    "time": 171.116953
                }
            },
            {
                "time": {
                    "start": "2018-02-05T20:29:14.500Z",
                    "end": "2018-02-05T20:30:51.229Z"
                },
                "type": "SCRUB",
                "source": "data:drag",
                "_t": "13:29:14",
                "_end": "13:30:51",
                "data": {
                    "time": 253.293019
                }
            },
            {
                "time": {
                    "start": "2018-02-05T20:29:14.500Z",
                    "end": "2018-02-05T20:30:55.918Z"
                },
                "type": "SCRUB",
                "source": "data:drag",
                "_t": "13:29:14",
                "_end": "13:30:55",
                "data": {
                    "time": 316.326658
                }
            },
            {
                "time": {
                    "start": "2018-02-05T20:29:14.500Z",
                    "end": "2018-02-05T20:31:03.756Z"
                },
                "type": "SCRUB",
                "source": "data:drag",
                "_t": "13:29:14",
                "_end": "13:31:03",
                "data": {
                    "time": 383.804976
                }
            },
            {
                "time": {
                    "start": "2018-02-05T20:29:14.500Z",
                    "end": "2018-02-05T20:31:07.954Z"
                },
                "type": "SCRUB",
                "source": "data:drag",
                "_t": "13:29:14",
                "_end": "13:31:07",
                "data": {
                    "time": 423.352523
                }
            },
            {
                "time": {
                    "start": "2018-02-05T20:29:14.500Z",
                    "end": "2018-02-05T20:31:21.453Z"
                },
                "type": "SCRUB",
                "source": "data:drag",
                "_t": "13:29:14",
                "_end": "13:31:21",
                "data": {
                    "time": 452.899541
                }
            },
            {
                "time": {
                    "start": "2018-02-05T20:29:14.500Z",
                    "end": "2018-02-05T20:31:24.872Z"
                },
                "type": "SCRUB",
                "source": "data:drag",
                "_t": "13:29:14",
                "_end": "13:31:24",
                "data": {
                    "time": 490.931856
                }
            },
            {
                "time": {
                    "start": "2018-02-05T20:29:14.500Z",
                    "end": "2018-02-05T20:31:31.240Z"
                },
                "type": "SCRUB",
                "source": "data:drag",
                "_t": "13:29:14",
                "_end": "13:31:31",
                "data": {
                    "time": 562.147746
                }
            },
            {
                "time": {
                    "start": "2018-02-05T20:29:14.500Z",
                    "end": "2018-02-05T20:31:41.511Z"
                },
                "type": "SCRUB",
                "source": "data:drag",
                "_t": "13:29:14",
                "_end": "13:31:41",
                "data": {
                    "time": 613.160546
                }
            }
        ]
    }
}