{
    "user_id": "045",
    "session_id": "5a788239ee2b1975ba835b70",
    "study": "studyC",
    "workspace": "pill.pills-red",
    "details": {
        "workspace": "pill.pills-red",
        "labels": [
            {
                "time": 13.706104552845524,
                "endTime": 23.682796,
                "type": "pill",
                "id": 1
            },
            {
                "time": 33.966462430894076,
                "endTime": 35.399013,
                "type": "move",
                "id": 2
            },
            {
                "time": 245.9839433821155,
                "endTime": 255.090872,
                "type": "pill",
                "id": 3
            },
            {
                "time": 330.04396329268377,
                "endTime": 334.341615,
                "type": "move",
                "id": 4
            },
            {
                "time": 357.9275360325148,
                "endTime": 365.448427,
                "type": "pill",
                "id": 5
            },
            {
                "time": 494.7872760000128,
                "endTime": 501.080266,
                "type": "move",
                "id": 6
            }
        ],
        "_starts": [
            "2018-02-05T16:25:20.000Z"
        ],
        "_ends": [
            "2018-02-05T16:26:35.987Z"
        ]
    },
    "labels_file": "/home/ubuntu/vat/data/user-studies/studyC/pill-red/045.labels.json",
    "videoFlash": 2.2457,
    "surveys": {
        "user-info": {
            "firstname": "Marci",
            "lastname": "Hepner",
            "email": "mar.hepner@gmail.com"
        },
        "practice-first": {
            "question1": "3",
            "question2": "ok",
            "question3": "90",
            "question4": "5"
        },
        "practice-second": {},
        "practice-third": {},
        "practice-survey": {},
        "pill-blue": {
            "question1": "5",
            "question2": "5",
            "question3": "100",
            "question4": "10"
        }
    },
    "logs": {
        "labelEvents": [
            {
                "time": "2018-02-05T16:25:37.396Z",
                "type": "START",
                "source": "side-bar:button",
                "_t": "09:25:37",
                "_end": "-",
                "data": {
                    "type": "pill",
                    "time": 23.682796
                }
            },
            {
                "time": "2018-02-05T16:25:42.287Z",
                "type": "END",
                "source": "data:click:h_pos",
                "_t": "09:25:42",
                "_end": "-",
                "data": {
                    "lbl": {
                        "time": 13.706104552845524,
                        "endTime": 23.682796,
                        "type": "pill",
                        "id": 1
                    }
                }
            },
            {
                "time": "2018-02-05T16:25:48.218Z",
                "type": "START",
                "source": "side-bar:button",
                "_t": "09:25:48",
                "_end": "-",
                "data": {
                    "type": "move",
                    "time": 35.399013
                }
            },
            {
                "time": "2018-02-05T16:25:50.327Z",
                "type": "END",
                "source": "data:click:h_pos",
                "_t": "09:25:50",
                "_end": "-",
                "data": {
                    "lbl": {
                        "time": 33.966462430894076,
                        "endTime": 35.399013,
                        "type": "move",
                        "id": 2
                    }
                }
            },
            {
                "time": "2018-02-05T16:25:59.019Z",
                "type": "START",
                "source": "side-bar:button",
                "_t": "09:25:59",
                "_end": "-",
                "data": {
                    "type": "pill",
                    "time": 255.090872
                }
            },
            {
                "time": "2018-02-05T16:26:01.942Z",
                "type": "END",
                "source": "data:click:h_pos",
                "_t": "09:26:01",
                "_end": "-",
                "data": {
                    "lbl": {
                        "time": 245.9839433821155,
                        "endTime": 255.090872,
                        "type": "pill",
                        "id": 3
                    }
                }
            },
            {
                "time": "2018-02-05T16:26:07.243Z",
                "type": "START",
                "source": "side-bar:button",
                "_t": "09:26:07",
                "_end": "-",
                "data": {
                    "type": "move",
                    "time": 334.341615
                }
            },
            {
                "time": "2018-02-05T16:26:09.719Z",
                "type": "END",
                "source": "data:click:h_pos",
                "_t": "09:26:09",
                "_end": "-",
                "data": {
                    "lbl": {
                        "time": 330.04396329268377,
                        "endTime": 334.341615,
                        "type": "move",
                        "id": 4
                    }
                }
            },
            {
                "time": "2018-02-05T16:26:13.347Z",
                "type": "START",
                "source": "side-bar:button",
                "_t": "09:26:13",
                "_end": "-",
                "data": {
                    "type": "pill",
                    "time": 365.448427
                }
            },
            {
                "time": "2018-02-05T16:26:17.085Z",
                "type": "END",
                "source": "data:click:h_pos",
                "_t": "09:26:17",
                "_end": "-",
                "data": {
                    "lbl": {
                        "time": 357.9275360325148,
                        "endTime": 365.448427,
                        "type": "pill",
                        "id": 5
                    }
                }
            },
            {
                "time": "2018-02-05T16:26:26.811Z",
                "type": "START",
                "source": "side-bar:button",
                "_t": "09:26:26",
                "_end": "-",
                "data": {
                    "type": "move",
                    "time": 501.080266
                }
            },
            {
                "time": "2018-02-05T16:26:28.956Z",
                "type": "END",
                "source": "data:click:h_pos",
                "_t": "09:26:28",
                "_end": "-",
                "data": {
                    "lbl": {
                        "time": 494.7872760000128,
                        "endTime": 501.080266,
                        "type": "move",
                        "id": 6
                    }
                }
            }
        ],
        "navigationEvents": [
            {
                "time": {
                    "start": "2018-02-05T16:25:20.829Z",
                    "end": "2018-02-05T16:25:35.791Z"
                },
                "type": "SCRUB",
                "source": "data:drag",
                "_t": "09:25:20",
                "_end": "09:25:35",
                "data": {
                    "time": 23.682796
                }
            },
            {
                "time": {
                    "start": "2018-02-05T16:25:20.829Z",
                    "end": "2018-02-05T16:25:42.287Z"
                },
                "type": "SCRUB",
                "source": "data:drag",
                "_t": "09:25:20",
                "_end": "09:25:42",
                "data": {
                    "time": 2.2457
                }
            },
            {
                "time": {
                    "start": "2018-02-05T16:25:20.829Z",
                    "end": "2018-02-05T16:25:47.368Z"
                },
                "type": "SCRUB",
                "source": "data:drag",
                "_t": "09:25:20",
                "_end": "09:25:47",
                "data": {
                    "time": 35.399013
                }
            },
            {
                "time": {
                    "start": "2018-02-05T16:25:20.829Z",
                    "end": "2018-02-05T16:25:50.326Z"
                },
                "type": "SCRUB",
                "source": "data:drag",
                "_t": "09:25:20",
                "_end": "09:25:50",
                "data": {
                    "time": 35.399013
                }
            },
            {
                "time": {
                    "start": "2018-02-05T16:25:20.829Z",
                    "end": "2018-02-05T16:25:51.778Z"
                },
                "type": "SCRUB",
                "source": "data:drag",
                "_t": "09:25:20",
                "_end": "09:25:51",
                "data": {
                    "time": 84.924332
                }
            },
            {
                "time": {
                    "start": "2018-02-05T16:25:20.829Z",
                    "end": "2018-02-05T16:25:52.514Z"
                },
                "type": "SCRUB",
                "source": "data:drag",
                "_t": "09:25:20",
                "_end": "09:25:52",
                "data": {
                    "time": 127.952011
                }
            },
            {
                "time": {
                    "start": "2018-02-05T16:25:20.829Z",
                    "end": "2018-02-05T16:25:53.233Z"
                },
                "type": "SCRUB",
                "source": "data:drag",
                "_t": "09:25:20",
                "_end": "09:25:53",
                "data": {
                    "time": 172.361078
                }
            },
            {
                "time": {
                    "start": "2018-02-05T16:25:20.829Z",
                    "end": "2018-02-05T16:25:53.911Z"
                },
                "type": "SCRUB",
                "source": "data:drag",
                "_t": "09:25:20",
                "_end": "09:25:53",
                "data": {
                    "time": 215.593407
                }
            },
            {
                "time": {
                    "start": "2018-02-05T16:25:20.829Z",
                    "end": "2018-02-05T16:25:57.917Z"
                },
                "type": "SCRUB",
                "source": "data:drag",
                "_t": "09:25:20",
                "_end": "09:25:57",
                "data": {
                    "time": 255.090872
                }
            },
            {
                "time": {
                    "start": "2018-02-05T16:25:20.829Z",
                    "end": "2018-02-05T16:26:01.940Z"
                },
                "type": "SCRUB",
                "source": "data:drag",
                "_t": "09:25:20",
                "_end": "09:26:01",
                "data": {
                    "time": 255.090872
                }
            },
            {
                "time": {
                    "start": "2018-02-05T16:25:20.829Z",
                    "end": "2018-02-05T16:26:03.658Z"
                },
                "type": "SCRUB",
                "source": "data:drag",
                "_t": "09:25:20",
                "_end": "09:26:03",
                "data": {
                    "time": 311.778944
                }
            },
            {
                "time": {
                    "start": "2018-02-05T16:25:20.829Z",
                    "end": "2018-02-05T16:26:05.972Z"
                },
                "type": "SCRUB",
                "source": "data:drag",
                "_t": "09:25:20",
                "_end": "09:26:05",
                "data": {
                    "time": 334.341615
                }
            },
            {
                "time": {
                    "start": "2018-02-05T16:25:20.829Z",
                    "end": "2018-02-05T16:26:09.716Z"
                },
                "type": "SCRUB",
                "source": "data:drag",
                "_t": "09:25:20",
                "_end": "09:26:09",
                "data": {
                    "time": 334.341615
                }
            },
            {
                "time": {
                    "start": "2018-02-05T16:25:20.829Z",
                    "end": "2018-02-05T16:26:12.389Z"
                },
                "type": "SCRUB",
                "source": "data:drag",
                "_t": "09:25:20",
                "_end": "09:26:12",
                "data": {
                    "time": 365.448427
                }
            },
            {
                "time": {
                    "start": "2018-02-05T16:25:20.829Z",
                    "end": "2018-02-05T16:26:15.028Z"
                },
                "type": "SCRUB",
                "source": "data:drag",
                "_t": "09:25:20",
                "_end": "09:26:15",
                "data": {
                    "time": 365.397264
                }
            },
            {
                "time": {
                    "start": "2018-02-05T16:25:20.829Z",
                    "end": "2018-02-05T16:26:17.083Z"
                },
                "type": "SCRUB",
                "source": "data:drag",
                "_t": "09:25:20",
                "_end": "09:26:17",
                "data": {
                    "time": 365.397264
                }
            },
            {
                "time": {
                    "start": "2018-02-05T16:25:20.829Z",
                    "end": "2018-02-05T16:26:18.604Z"
                },
                "type": "SCRUB",
                "source": "data:drag",
                "_t": "09:25:20",
                "_end": "09:26:18",
                "data": {
                    "time": 406.276117
                }
            },
            {
                "time": {
                    "start": "2018-02-05T16:25:20.829Z",
                    "end": "2018-02-05T16:26:19.372Z"
                },
                "type": "SCRUB",
                "source": "data:drag",
                "_t": "09:25:20",
                "_end": "09:26:19",
                "data": {
                    "time": 448.127058
                }
            },
            {
                "time": {
                    "start": "2018-02-05T16:25:20.829Z",
                    "end": "2018-02-05T16:26:21.106Z"
                },
                "type": "SCRUB",
                "source": "data:drag",
                "_t": "09:25:20",
                "_end": "09:26:21",
                "data": {
                    "time": 492.22915
                }
            },
            {
                "time": {
                    "start": "2018-02-05T16:25:20.829Z",
                    "end": "2018-02-05T16:26:24.932Z"
                },
                "type": "SCRUB",
                "source": "data:drag",
                "_t": "09:25:20",
                "_end": "09:26:24",
                "data": {
                    "time": 501.080266
                }
            },
            {
                "time": {
                    "start": "2018-02-05T16:25:20.829Z",
                    "end": "2018-02-05T16:26:28.954Z"
                },
                "type": "SCRUB",
                "source": "data:drag",
                "_t": "09:25:20",
                "_end": "09:26:28",
                "data": {
                    "time": 501.080266
                }
            },
            {
                "time": {
                    "start": "2018-02-05T16:25:20.829Z",
                    "end": "2018-02-05T16:26:30.216Z"
                },
                "type": "SCRUB",
                "source": "data:drag",
                "_t": "09:25:20",
                "_end": "09:26:30",
                "data": {
                    "time": 557.921826
                }
            },
            {
                "time": {
                    "start": "2018-02-05T16:25:20.829Z",
                    "end": "2018-02-05T16:26:30.905Z"
                },
                "type": "SCRUB",
                "source": "data:drag",
                "_t": "09:25:20",
                "_end": "09:26:30",
                "data": {
                    "time": 600.84718
                }
            },
            {
                "time": {
                    "start": "2018-02-05T16:25:20.829Z",
                    "end": "2018-02-05T16:26:32.281Z"
                },
                "type": "SCRUB",
                "source": "data:drag",
                "_t": "09:25:20",
                "_end": "09:26:32",
                "data": {
                    "time": 629.299
                }
            },
            {
                "time": {
                    "start": "2018-02-05T16:25:20.829Z",
                    "end": "2018-02-05T16:26:33.206Z"
                },
                "type": "SCRUB",
                "source": "data:drag",
                "_t": "09:25:20",
                "_end": "09:26:33",
                "data": {
                    "time": 629.299
                }
            },
            {
                "time": {
                    "start": "2018-02-05T16:25:20.829Z",
                    "end": "2018-02-05T16:26:34.734Z"
                },
                "type": "SCRUB",
                "source": "data:drag",
                "_t": "09:25:20",
                "_end": "09:26:34",
                "data": {
                    "time": 629.247837
                }
            }
        ]
    }
}