{
    "user_id": "046",
    "session_id": "5a78823bee2b1975ba835b71",
    "study": "studyC",
    "workspace": "pill.pills-red",
    "details": {
        "workspace": "pill.pills-red",
        "labels": [
            {
                "time": 13.723598,
                "endTime": 23.80371504852122,
                "type": "pill",
                "id": 1
            },
            {
                "time": 33.928223,
                "endTime": 35.270363223387015,
                "type": "move",
                "id": 2
            },
            {
                "time": 246.072186,
                "endTime": 254.993813643845,
                "type": "pill",
                "id": 3
            },
            {
                "time": 330.17282,
                "endTime": 334.10790629315676,
                "type": "move",
                "id": 4
            },
            {
                "time": 357.924317,
                "endTime": 365.4104251641014,
                "type": "pill",
                "id": 5
            },
            {
                "time": 494.80355,
                "endTime": 501.8310302669704,
                "type": "move",
                "id": 6
            }
        ],
        "_starts": [
            "2018-02-05T16:25:07.000Z"
        ],
        "_ends": [
            "2018-02-05T16:28:02.636Z"
        ]
    },
    "labels_file": "/home/ubuntu/vat/data/user-studies/studyC/pill-red/046.labels.json",
    "videoFlash": 2.2457,
    "surveys": {
        "user-info": {
            "firstname": "Gibson",
            "lastname": "Ainge",
            "email": "gainge@gmail.com"
        },
        "practice-first": {
            "question1": "5",
            "question2": "ok",
            "question3": "100",
            "question4": "5"
        },
        "practice-second": {},
        "practice-third": {},
        "practice-survey": {},
        "pill-blue": {
            "question1": "5",
            "question2": "4",
            "question3": "90",
            "question4": "90"
        }
    },
    "logs": {
        "labelEvents": [
            {
                "time": "2018-02-05T16:25:48.639Z",
                "type": "START",
                "source": "side-bar:button",
                "_t": "09:25:48",
                "_end": "-",
                "data": {
                    "type": "pill",
                    "time": 13.723598
                }
            },
            {
                "time": "2018-02-05T16:25:53.365Z",
                "type": "END",
                "source": "data:click:h_pos",
                "_t": "09:25:53",
                "_end": "-",
                "data": {
                    "lbl": {
                        "time": 13.723598,
                        "endTime": 23.80371504852122,
                        "type": "pill",
                        "id": 1
                    }
                }
            },
            {
                "time": "2018-02-05T16:26:04.153Z",
                "type": "START",
                "source": "hotkey",
                "_t": "09:26:04",
                "_end": "-",
                "data": {
                    "type": "move",
                    "time": 33.928223
                }
            },
            {
                "time": "2018-02-05T16:26:09.050Z",
                "type": "END",
                "source": "data:click:h_pos",
                "_t": "09:26:09",
                "_end": "-",
                "data": {
                    "lbl": {
                        "time": 33.928223,
                        "endTime": 35.270363223387015,
                        "type": "move",
                        "id": 2
                    }
                }
            },
            {
                "time": "2018-02-05T16:26:19.387Z",
                "type": "START",
                "source": "hotkey",
                "_t": "09:26:19",
                "_end": "-",
                "data": {
                    "type": "pill",
                    "time": 246.072186
                }
            },
            {
                "time": "2018-02-05T16:26:27.402Z",
                "type": "END",
                "source": "data:click:h_pos",
                "_t": "09:26:27",
                "_end": "-",
                "data": {
                    "lbl": {
                        "time": 246.072186,
                        "endTime": 254.993813643845,
                        "type": "pill",
                        "id": 3
                    }
                }
            },
            {
                "time": "2018-02-05T16:26:38.906Z",
                "type": "START",
                "source": "hotkey",
                "_t": "09:26:38",
                "_end": "-",
                "data": {
                    "type": "move",
                    "time": 330.17282
                }
            },
            {
                "time": "2018-02-05T16:26:46.451Z",
                "type": "END",
                "source": "data:click:h_pos",
                "_t": "09:26:46",
                "_end": "-",
                "data": {
                    "lbl": {
                        "time": 330.17282,
                        "endTime": 334.10790629315676,
                        "type": "move",
                        "id": 4
                    }
                }
            },
            {
                "time": "2018-02-05T16:26:54.057Z",
                "type": "START",
                "source": "hotkey",
                "_t": "09:26:54",
                "_end": "-",
                "data": {
                    "type": "pill",
                    "time": 357.924317
                }
            },
            {
                "time": "2018-02-05T16:27:00.755Z",
                "type": "END",
                "source": "data:click:h_pos",
                "_t": "09:27:00",
                "_end": "-",
                "data": {
                    "lbl": {
                        "time": 357.924317,
                        "endTime": 365.4104251641014,
                        "type": "pill",
                        "id": 5
                    }
                }
            },
            {
                "time": "2018-02-05T16:27:15.689Z",
                "type": "START",
                "source": "hotkey",
                "_t": "09:27:15",
                "_end": "-",
                "data": {
                    "type": "move",
                    "time": 494.80355
                }
            },
            {
                "time": "2018-02-05T16:27:18.691Z",
                "type": "END",
                "source": "data:click:h_pos",
                "_t": "09:27:18",
                "_end": "-",
                "data": {
                    "lbl": {
                        "time": 494.80355,
                        "endTime": 501.8310302669704,
                        "type": "move",
                        "id": 6
                    }
                }
            }
        ],
        "navigationEvents": [
            {
                "time": {
                    "start": "2018-02-05T16:25:07.280Z",
                    "end": "2018-02-05T16:25:36.566Z"
                },
                "type": "SCRUB",
                "source": "data:drag",
                "_t": "09:25:07",
                "_end": "09:25:36",
                "data": {
                    "time": 13.077175
                }
            },
            {
                "time": {
                    "start": "2018-02-05T16:25:07.280Z",
                    "end": "2018-02-05T16:25:37.981Z"
                },
                "type": "SCRUB",
                "source": "data:drag",
                "_t": "09:25:07",
                "_end": "09:25:37",
                "data": {
                    "time": 13.972781
                }
            },
            {
                "time": "2018-02-05T16:25:38.856Z",
                "type": "PAUSE",
                "source": "hotkey",
                "_t": "09:25:38",
                "_end": "-",
                "data": {
                    "key": "space"
                }
            },
            {
                "time": {
                    "start": "2018-02-05T16:25:07.280Z",
                    "end": "2018-02-05T16:25:42.799Z"
                },
                "type": "SCRUB",
                "source": "data:drag",
                "_t": "09:25:07",
                "_end": "09:25:42",
                "data": {
                    "time": 13.678982
                }
            },
            {
                "time": {
                    "start": "2018-02-05T16:25:07.280Z",
                    "end": "2018-02-05T16:25:43.107Z"
                },
                "type": "SCRUB",
                "source": "data:drag",
                "_t": "09:25:07",
                "_end": "09:25:43",
                "data": {
                    "time": 13.698414
                }
            },
            {
                "time": {
                    "start": "2018-02-05T16:25:07.280Z",
                    "end": "2018-02-05T16:25:47.192Z"
                },
                "type": "SCRUB",
                "source": "data:drag",
                "_t": "09:25:07",
                "_end": "09:25:47",
                "data": {
                    "time": 13.723598
                }
            },
            {
                "time": {
                    "start": "2018-02-05T16:25:07.280Z",
                    "end": "2018-02-05T16:25:53.364Z"
                },
                "type": "SCRUB",
                "source": "data:drag",
                "_t": "09:25:07",
                "_end": "09:25:53",
                "data": {
                    "time": 13.723598
                }
            },
            {
                "time": {
                    "start": "2018-02-05T16:25:07.280Z",
                    "end": "2018-02-05T16:25:55.888Z"
                },
                "type": "SCRUB",
                "source": "data:drag",
                "_t": "09:25:07",
                "_end": "09:25:55",
                "data": {
                    "time": 30.768539
                }
            },
            {
                "time": {
                    "start": "2018-02-05T16:25:07.280Z",
                    "end": "2018-02-05T16:25:57.721Z"
                },
                "type": "SCRUB",
                "source": "data:drag",
                "_t": "09:25:07",
                "_end": "09:25:57",
                "data": {
                    "time": 32.87649
                }
            },
            {
                "time": {
                    "start": "2018-02-05T16:25:07.280Z",
                    "end": "2018-02-05T16:25:59.807Z"
                },
                "type": "SCRUB",
                "source": "data:drag",
                "_t": "09:25:07",
                "_end": "09:25:59",
                "data": {
                    "time": 32.860791
                }
            },
            {
                "time": {
                    "start": "2018-02-05T16:25:07.280Z",
                    "end": "2018-02-05T16:26:00.624Z"
                },
                "type": "SCRUB",
                "source": "data:drag",
                "_t": "09:25:07",
                "_end": "09:26:00",
                "data": {
                    "time": 33.017766
                }
            },
            {
                "time": {
                    "start": "2018-02-05T16:25:07.280Z",
                    "end": "2018-02-05T16:26:02.839Z"
                },
                "type": "SCRUB",
                "source": "data:drag",
                "_t": "09:25:07",
                "_end": "09:26:02",
                "data": {
                    "time": 33.928223
                }
            },
            {
                "time": {
                    "start": "2018-02-05T16:25:07.280Z",
                    "end": "2018-02-05T16:26:09.048Z"
                },
                "type": "SCRUB",
                "source": "data:drag",
                "_t": "09:25:07",
                "_end": "09:26:09",
                "data": {
                    "time": 33.928223
                }
            },
            {
                "time": {
                    "start": "2018-02-05T16:25:07.280Z",
                    "end": "2018-02-05T16:26:09.753Z"
                },
                "type": "SCRUB",
                "source": "data:drag",
                "_t": "09:25:07",
                "_end": "09:26:09",
                "data": {
                    "time": 39.924685
                }
            },
            {
                "time": {
                    "start": "2018-02-05T16:25:07.280Z",
                    "end": "2018-02-05T16:26:10.256Z"
                },
                "type": "SCRUB",
                "source": "data:drag",
                "_t": "09:25:07",
                "_end": "09:26:10",
                "data": {
                    "time": 47.318229
                }
            },
            {
                "time": {
                    "start": "2018-02-05T16:25:07.280Z",
                    "end": "2018-02-05T16:26:12.744Z"
                },
                "type": "SCRUB",
                "source": "data:drag",
                "_t": "09:25:07",
                "_end": "09:26:12",
                "data": {
                    "time": 97.303808
                }
            },
            {
                "time": {
                    "start": "2018-02-05T16:25:07.280Z",
                    "end": "2018-02-05T16:26:13.675Z"
                },
                "type": "SCRUB",
                "source": "data:drag",
                "_t": "09:25:07",
                "_end": "09:26:13",
                "data": {
                    "time": 165.745993
                }
            },
            {
                "time": {
                    "start": "2018-02-05T16:25:07.280Z",
                    "end": "2018-02-05T16:26:14.331Z"
                },
                "type": "SCRUB",
                "source": "data:drag",
                "_t": "09:25:07",
                "_end": "09:26:14",
                "data": {
                    "time": 247.662254
                }
            },
            {
                "time": {
                    "start": "2018-02-05T16:25:07.280Z",
                    "end": "2018-02-05T16:26:17.112Z"
                },
                "type": "SCRUB",
                "source": "data:drag",
                "_t": "09:25:07",
                "_end": "09:26:17",
                "data": {
                    "time": 247.662254
                }
            },
            {
                "time": {
                    "start": "2018-02-05T16:25:07.280Z",
                    "end": "2018-02-05T16:26:17.248Z"
                },
                "type": "SCRUB",
                "source": "data:drag",
                "_t": "09:25:07",
                "_end": "09:26:17",
                "data": {
                    "time": 247.662254
                }
            },
            {
                "time": "2018-02-05T16:26:17.252Z",
                "type": "JUMP",
                "source": "data:dblclick:h_pos",
                "_t": "09:26:17",
                "_end": "-",
                "data": {
                    "from": 247.662254,
                    "to": 246.07218691633634
                }
            },
            {
                "time": {
                    "start": "2018-02-05T16:25:07.280Z",
                    "end": "2018-02-05T16:26:27.400Z"
                },
                "type": "SCRUB",
                "source": "data:drag",
                "_t": "09:25:07",
                "_end": "09:26:27",
                "data": {
                    "time": 246.072186
                }
            },
            {
                "time": {
                    "start": "2018-02-05T16:25:07.280Z",
                    "end": "2018-02-05T16:26:28.553Z"
                },
                "type": "SCRUB",
                "source": "data:drag",
                "_t": "09:25:07",
                "_end": "09:26:28",
                "data": {
                    "time": 256.372667
                }
            },
            {
                "time": {
                    "start": "2018-02-05T16:25:07.280Z",
                    "end": "2018-02-05T16:26:31.284Z"
                },
                "type": "SCRUB",
                "source": "data:drag",
                "_t": "09:25:07",
                "_end": "09:26:31",
                "data": {
                    "time": 307.823024
                }
            },
            {
                "time": {
                    "start": "2018-02-05T16:25:07.280Z",
                    "end": "2018-02-05T16:26:32.748Z"
                },
                "type": "SCRUB",
                "source": "data:drag",
                "_t": "09:25:07",
                "_end": "09:26:32",
                "data": {
                    "time": 327.58238
                }
            },
            {
                "time": {
                    "start": "2018-02-05T16:25:07.280Z",
                    "end": "2018-02-05T16:26:36.232Z"
                },
                "type": "SCRUB",
                "source": "data:drag",
                "_t": "09:25:07",
                "_end": "09:26:36",
                "data": {
                    "time": 330.17282
                }
            },
            {
                "time": {
                    "start": "2018-02-05T16:25:07.280Z",
                    "end": "2018-02-05T16:26:36.856Z"
                },
                "type": "SCRUB",
                "source": "data:drag",
                "_t": "09:25:07",
                "_end": "09:26:36",
                "data": {
                    "time": 330.17282
                }
            },
            {
                "time": {
                    "start": "2018-02-05T16:25:07.280Z",
                    "end": "2018-02-05T16:26:46.448Z"
                },
                "type": "SCRUB",
                "source": "data:drag",
                "_t": "09:25:07",
                "_end": "09:26:46",
                "data": {
                    "time": 330.17282
                }
            },
            {
                "time": {
                    "start": "2018-02-05T16:25:07.280Z",
                    "end": "2018-02-05T16:26:47.304Z"
                },
                "type": "SCRUB",
                "source": "data:drag",
                "_t": "09:25:07",
                "_end": "09:26:47",
                "data": {
                    "time": 338.74816
                }
            },
            {
                "time": {
                    "start": "2018-02-05T16:25:07.280Z",
                    "end": "2018-02-05T16:26:49.500Z"
                },
                "type": "SCRUB",
                "source": "data:drag",
                "_t": "09:25:07",
                "_end": "09:26:49",
                "data": {
                    "time": 354.442471
                }
            },
            {
                "time": {
                    "start": "2018-02-05T16:25:07.280Z",
                    "end": "2018-02-05T16:26:51.257Z"
                },
                "type": "SCRUB",
                "source": "data:drag",
                "_t": "09:25:07",
                "_end": "09:26:51",
                "data": {
                    "time": 357.886541
                }
            },
            {
                "time": {
                    "start": "2018-02-05T16:25:07.280Z",
                    "end": "2018-02-05T16:26:53.712Z"
                },
                "type": "SCRUB",
                "source": "data:drag",
                "_t": "09:25:07",
                "_end": "09:26:53",
                "data": {
                    "time": 357.924317
                }
            },
            {
                "time": {
                    "start": "2018-02-05T16:25:07.280Z",
                    "end": "2018-02-05T16:27:00.753Z"
                },
                "type": "SCRUB",
                "source": "data:drag",
                "_t": "09:25:07",
                "_end": "09:27:00",
                "data": {
                    "time": 357.924317
                }
            },
            {
                "time": {
                    "start": "2018-02-05T16:25:07.280Z",
                    "end": "2018-02-05T16:27:01.743Z"
                },
                "type": "SCRUB",
                "source": "data:drag",
                "_t": "09:25:07",
                "_end": "09:27:01",
                "data": {
                    "time": 366.172257
                }
            },
            {
                "time": {
                    "start": "2018-02-05T16:25:07.280Z",
                    "end": "2018-02-05T16:27:03.809Z"
                },
                "type": "SCRUB",
                "source": "data:drag",
                "_t": "09:25:07",
                "_end": "09:27:03",
                "data": {
                    "time": 406.196308
                }
            },
            {
                "time": {
                    "start": "2018-02-05T16:25:07.280Z",
                    "end": "2018-02-05T16:27:04.338Z"
                },
                "type": "SCRUB",
                "source": "data:drag",
                "_t": "09:25:07",
                "_end": "09:27:04",
                "data": {
                    "time": 431.459195
                }
            },
            {
                "time": {
                    "start": "2018-02-05T16:25:07.280Z",
                    "end": "2018-02-05T16:27:04.898Z"
                },
                "type": "SCRUB",
                "source": "data:drag",
                "_t": "09:25:07",
                "_end": "09:27:04",
                "data": {
                    "time": 461.201838
                }
            },
            {
                "time": {
                    "start": "2018-02-05T16:25:07.280Z",
                    "end": "2018-02-05T16:27:05.549Z"
                },
                "type": "SCRUB",
                "source": "data:drag",
                "_t": "09:25:07",
                "_end": "09:27:05",
                "data": {
                    "time": 483.820935
                }
            },
            {
                "time": {
                    "start": "2018-02-05T16:25:07.280Z",
                    "end": "2018-02-05T16:27:07.037Z"
                },
                "type": "SCRUB",
                "source": "data:drag",
                "_t": "09:25:07",
                "_end": "09:27:07",
                "data": {
                    "time": 489.421474
                }
            },
            {
                "time": {
                    "start": "2018-02-05T16:25:07.280Z",
                    "end": "2018-02-05T16:27:09.624Z"
                },
                "type": "SCRUB",
                "source": "data:drag",
                "_t": "09:25:07",
                "_end": "09:27:09",
                "data": {
                    "time": 494.67228
                }
            },
            {
                "time": {
                    "start": "2018-02-05T16:25:07.280Z",
                    "end": "2018-02-05T16:27:12.703Z"
                },
                "type": "SCRUB",
                "source": "data:drag",
                "_t": "09:25:07",
                "_end": "09:27:12",
                "data": {
                    "time": 494.80355
                }
            },
            {
                "time": {
                    "start": "2018-02-05T16:25:07.280Z",
                    "end": "2018-02-05T16:27:18.688Z"
                },
                "type": "SCRUB",
                "source": "data:drag",
                "_t": "09:25:07",
                "_end": "09:27:18",
                "data": {
                    "time": 494.80355
                }
            },
            {
                "time": {
                    "start": "2018-02-05T16:25:07.280Z",
                    "end": "2018-02-05T16:27:19.490Z"
                },
                "type": "SCRUB",
                "source": "data:drag",
                "_t": "09:25:07",
                "_end": "09:27:19",
                "data": {
                    "time": 505.658416
                }
            },
            {
                "time": {
                    "start": "2018-02-05T16:25:07.280Z",
                    "end": "2018-02-05T16:27:19.924Z"
                },
                "type": "SCRUB",
                "source": "data:drag",
                "_t": "09:25:07",
                "_end": "09:27:19",
                "data": {
                    "time": 512.622258
                }
            },
            {
                "time": {
                    "start": "2018-02-05T16:25:07.280Z",
                    "end": "2018-02-05T16:27:22.052Z"
                },
                "type": "SCRUB",
                "source": "data:drag",
                "_t": "09:25:07",
                "_end": "09:27:22",
                "data": {
                    "time": 570.162821
                }
            },
            {
                "time": {
                    "start": "2018-02-05T16:25:07.280Z",
                    "end": "2018-02-05T16:27:23.165Z"
                },
                "type": "SCRUB",
                "source": "data:drag",
                "_t": "09:25:07",
                "_end": "09:27:23",
                "data": {
                    "time": 616.836539
                }
            },
            {
                "time": {
                    "start": "2018-02-05T16:25:07.280Z",
                    "end": "2018-02-05T16:27:24.794Z"
                },
                "type": "SCRUB",
                "source": "data:drag",
                "_t": "09:25:07",
                "_end": "09:27:24",
                "data": {
                    "time": 629.299
                }
            },
            {
                "time": {
                    "start": "2018-02-05T16:25:07.280Z",
                    "end": "2018-02-05T16:27:25.557Z"
                },
                "type": "SCRUB",
                "source": "data:drag",
                "_t": "09:25:07",
                "_end": "09:27:25",
                "data": {
                    "time": 629.299
                }
            },
            {
                "time": {
                    "start": "2018-02-05T16:25:07.280Z",
                    "end": "2018-02-05T16:27:27.040Z"
                },
                "type": "SCRUB",
                "source": "data:drag",
                "_t": "09:25:07",
                "_end": "09:27:27",
                "data": {
                    "time": 629.299
                }
            },
            {
                "time": {
                    "start": "2018-02-05T16:25:07.280Z",
                    "end": "2018-02-05T16:27:29.825Z"
                },
                "type": "SCRUB",
                "source": "data:drag",
                "_t": "09:25:07",
                "_end": "09:27:29",
                "data": {
                    "time": 629.299
                }
            },
            {
                "time": {
                    "start": "2018-02-05T16:25:07.280Z",
                    "end": "2018-02-05T16:27:29.961Z"
                },
                "type": "SCRUB",
                "source": "data:drag",
                "_t": "09:25:07",
                "_end": "09:27:29",
                "data": {
                    "time": 629.299
                }
            },
            {
                "time": "2018-02-05T16:27:29.966Z",
                "type": "JUMP",
                "source": "data:dblclick:h_pos",
                "_t": "09:27:29",
                "_end": "-",
                "data": {
                    "from": 629.299,
                    "to": 636.4970288413247
                }
            },
            {
                "time": {
                    "start": "2018-02-05T16:25:07.280Z",
                    "end": "2018-02-05T16:27:30.945Z"
                },
                "type": "SCRUB",
                "source": "data:drag",
                "_t": "09:25:07",
                "_end": "09:27:30",
                "data": {
                    "time": 629.299
                }
            },
            {
                "time": {
                    "start": "2018-02-05T16:25:07.280Z",
                    "end": "2018-02-05T16:27:31.132Z"
                },
                "type": "SCRUB",
                "source": "data:drag",
                "_t": "09:25:07",
                "_end": "09:27:31",
                "data": {
                    "time": 629.299
                }
            },
            {
                "time": "2018-02-05T16:27:31.133Z",
                "type": "JUMP",
                "source": "data:dblclick:h_pos",
                "_t": "09:27:31",
                "_end": "-",
                "data": {
                    "from": 629.299,
                    "to": 636.497028841317
                }
            },
            {
                "time": {
                    "start": "2018-02-05T16:25:07.280Z",
                    "end": "2018-02-05T16:27:34.631Z"
                },
                "type": "SCRUB",
                "source": "data:drag",
                "_t": "09:25:07",
                "_end": "09:27:34",
                "data": {
                    "time": 599.57634
                }
            },
            {
                "time": {
                    "start": "2018-02-05T16:25:07.280Z",
                    "end": "2018-02-05T16:27:35.003Z"
                },
                "type": "SCRUB",
                "source": "data:drag",
                "_t": "09:25:07",
                "_end": "09:27:35",
                "data": {
                    "time": 578.885428
                }
            },
            {
                "time": {
                    "start": "2018-02-05T16:25:07.280Z",
                    "end": "2018-02-05T16:27:35.340Z"
                },
                "type": "SCRUB",
                "source": "data:drag",
                "_t": "09:25:07",
                "_end": "09:27:35",
                "data": {
                    "time": 549.929099
                }
            },
            {
                "time": {
                    "start": "2018-02-05T16:25:07.280Z",
                    "end": "2018-02-05T16:27:35.720Z"
                },
                "type": "SCRUB",
                "source": "data:drag",
                "_t": "09:25:07",
                "_end": "09:27:35",
                "data": {
                    "time": 526.391818
                }
            },
            {
                "time": {
                    "start": "2018-02-05T16:25:07.280Z",
                    "end": "2018-02-05T16:27:36.584Z"
                },
                "type": "SCRUB",
                "source": "data:drag",
                "_t": "09:25:07",
                "_end": "09:27:36",
                "data": {
                    "time": 512.597876
                }
            },
            {
                "time": {
                    "start": "2018-02-05T16:25:07.280Z",
                    "end": "2018-02-05T16:27:37.439Z"
                },
                "type": "SCRUB",
                "source": "data:drag",
                "_t": "09:25:07",
                "_end": "09:27:37",
                "data": {
                    "time": 499.077624
                }
            },
            {
                "time": {
                    "start": "2018-02-05T16:25:07.280Z",
                    "end": "2018-02-05T16:27:40.389Z"
                },
                "type": "SCRUB",
                "source": "data:drag",
                "_t": "09:25:07",
                "_end": "09:27:40",
                "data": {
                    "time": 463.169586
                }
            },
            {
                "time": {
                    "start": "2018-02-05T16:25:07.280Z",
                    "end": "2018-02-05T16:27:43.374Z"
                },
                "type": "SCRUB",
                "source": "data:drag",
                "_t": "09:25:07",
                "_end": "09:27:43",
                "data": {
                    "time": 432.310436
                }
            },
            {
                "time": {
                    "start": "2018-02-05T16:25:07.280Z",
                    "end": "2018-02-05T16:27:45.856Z"
                },
                "type": "SCRUB",
                "source": "data:drag",
                "_t": "09:25:07",
                "_end": "09:27:45",
                "data": {
                    "time": 341.32915
                }
            },
            {
                "time": {
                    "start": "2018-02-05T16:25:07.280Z",
                    "end": "2018-02-05T16:27:48.488Z"
                },
                "type": "SCRUB",
                "source": "data:drag",
                "_t": "09:25:07",
                "_end": "09:27:48",
                "data": {
                    "time": 228.356287
                }
            },
            {
                "time": {
                    "start": "2018-02-05T16:25:07.280Z",
                    "end": "2018-02-05T16:27:48.959Z"
                },
                "type": "SCRUB",
                "source": "data:drag",
                "_t": "09:25:07",
                "_end": "09:27:48",
                "data": {
                    "time": 158.30247
                }
            },
            {
                "time": {
                    "start": "2018-02-05T16:25:07.280Z",
                    "end": "2018-02-05T16:27:53.066Z"
                },
                "type": "SCRUB",
                "source": "data:drag",
                "_t": "09:25:07",
                "_end": "09:27:53",
                "data": {
                    "time": 173.377341
                }
            },
            {
                "time": {
                    "start": "2018-02-05T16:25:07.280Z",
                    "end": "2018-02-05T16:27:54.421Z"
                },
                "type": "SCRUB",
                "source": "data:drag",
                "_t": "09:25:07",
                "_end": "09:27:54",
                "data": {
                    "time": 331.397467
                }
            },
            {
                "time": {
                    "start": "2018-02-05T16:25:07.280Z",
                    "end": "2018-02-05T16:27:55.516Z"
                },
                "type": "SCRUB",
                "source": "data:drag",
                "_t": "09:25:07",
                "_end": "09:27:55",
                "data": {
                    "time": 398.081605
                }
            },
            {
                "time": {
                    "start": "2018-02-05T16:25:07.280Z",
                    "end": "2018-02-05T16:27:56.846Z"
                },
                "type": "SCRUB",
                "source": "data:drag",
                "_t": "09:25:07",
                "_end": "09:27:56",
                "data": {
                    "time": 452.738985
                }
            },
            {
                "time": {
                    "start": "2018-02-05T16:25:07.280Z",
                    "end": "2018-02-05T16:27:58.113Z"
                },
                "type": "SCRUB",
                "source": "data:drag",
                "_t": "09:25:07",
                "_end": "09:27:58",
                "data": {
                    "time": 479.491486
                }
            },
            {
                "time": {
                    "start": "2018-02-05T16:25:07.280Z",
                    "end": "2018-02-05T16:27:59.378Z"
                },
                "type": "SCRUB",
                "source": "data:drag",
                "_t": "09:25:07",
                "_end": "09:27:59",
                "data": {
                    "time": 482.551422
                }
            }
        ]
    }
}