{
    "user_id": "048",
    "session_id": "5a788f58ee2b1975ba835b91",
    "study": "studyD",
    "workspace": "pill.pills-pink",
    "details": {
        "workspace": "pill.pills-pink",
        "labels": [
            {
                "time": 45.089151,
                "endTime": 53.32797940839603,
                "type": "pill",
                "id": 1
            },
            {
                "time": 63.649144,
                "endTime": 69.22652305312283,
                "type": "move",
                "id": 2
            },
            {
                "time": 125.728677,
                "endTime": 136.63813545683752,
                "type": "pill",
                "id": 3
            },
            {
                "time": 178.049662,
                "endTime": 180.87108296604242,
                "type": "move",
                "id": 4
            },
            {
                "time": 269.610493,
                "endTime": 279.1742913828664,
                "type": "pill",
                "id": 5
            },
            {
                "time": 330.973986,
                "endTime": 334.9181029884576,
                "type": "move",
                "id": 6
            },
            {
                "time": 446.70286,
                "endTime": 449.1577679674925,
                "type": "move",
                "id": 7
            },
            {
                "time": 564.172388,
                "endTime": 573.2309152819621,
                "type": "pill",
                "id": 8
            },
            {
                "time": 608.70953,
                "endTime": 613.3087249268315,
                "type": "move",
                "id": 9
            }
        ],
        "_starts": [
            "2018-02-05T17:36:45.000Z"
        ],
        "_ends": [
            "2018-02-05T17:38:34.917Z"
        ]
    },
    "labels_file": "/home/ubuntu/vat/data/user-studies/studyD/pills-pink/048.labels.json",
    "videoFlash": 0.561365,
    "surveys": {
        "user-info": {
            "firstname": "Kendra",
            "lastname": "Graham",
            "email": "deloris4@gmail.com"
        },
        "practice-first": {
            "question1": "3",
            "question2": "ok",
            "question3": "100",
            "question4": "4"
        },
        "practice-second": {},
        "practice-third": {},
        "practice-survey": {},
        "pill-blue": {
            "question1": "4",
            "question2": "5",
            "question3": "60",
            "question4": "70"
        },
        "pill-red": {
            "question1": "1",
            "question2": "1",
            "question3": "20",
            "question4": "40"
        },
        "pill-orange": {
            "question1": "2",
            "question2": "4",
            "question3": "100",
            "question4": "80"
        },
        "pills-survey": {
            "question1": "5",
            "question2": "4",
            "question3": "5",
            "question4": "5"
        },
        "run-blue": {
            "question1": "5",
            "question2": "4",
            "question3": "100",
            "question4": "100"
        },
        "run-yellow": {
            "question1": "1",
            "question2": "1",
            "question3": "30",
            "question4": "80"
        },
        "run-red": {
            "question1": "2",
            "question2": "3",
            "question3": "70",
            "question4": "70"
        },
        "run-survey": {
            "question1": "5",
            "question2": "4",
            "question3": "5",
            "question4": "5"
        }
    },
    "logs": {
        "labelEvents": [
            {
                "time": "2018-02-05T17:37:07.707Z",
                "type": "START",
                "source": "hotkey",
                "_t": "10:37:07",
                "_end": "-",
                "data": {
                    "type": "pill",
                    "time": 45.089151
                }
            },
            {
                "time": "2018-02-05T17:37:09.260Z",
                "type": "END",
                "source": "data:click:h_pos",
                "_t": "10:37:09",
                "_end": "-",
                "data": {
                    "lbl": {
                        "time": 45.089151,
                        "endTime": 53.32797940839603,
                        "type": "pill",
                        "id": 1
                    }
                }
            },
            {
                "time": "2018-02-05T17:37:09.460Z",
                "type": "SELECT",
                "source": "data:click",
                "_t": "10:37:09",
                "_end": "-",
                "data": {
                    "time": 45.089151,
                    "endTime": 53.32797940839603,
                    "type": "pill",
                    "id": 1
                }
            },
            {
                "time": "2018-02-05T17:37:16.123Z",
                "type": "START",
                "source": "hotkey",
                "_t": "10:37:16",
                "_end": "-",
                "data": {
                    "type": "move",
                    "time": 63.649144
                }
            },
            {
                "time": "2018-02-05T17:37:18.036Z",
                "type": "END",
                "source": "data:click:h_pos",
                "_t": "10:37:18",
                "_end": "-",
                "data": {
                    "lbl": {
                        "time": 63.649144,
                        "endTime": 69.22652305312283,
                        "type": "move",
                        "id": 2
                    }
                }
            },
            {
                "time": "2018-02-05T17:37:18.260Z",
                "type": "SELECT",
                "source": "data:click",
                "_t": "10:37:18",
                "_end": "-",
                "data": {
                    "time": 63.649144,
                    "endTime": 69.22652305312283,
                    "type": "move",
                    "id": 2
                }
            },
            {
                "time": "2018-02-05T17:37:28.859Z",
                "type": "START",
                "source": "hotkey",
                "_t": "10:37:28",
                "_end": "-",
                "data": {
                    "type": "pill",
                    "time": 125.728677
                }
            },
            {
                "time": "2018-02-05T17:37:31.669Z",
                "type": "END",
                "source": "data:click:h_pos",
                "_t": "10:37:31",
                "_end": "-",
                "data": {
                    "lbl": {
                        "time": 125.728677,
                        "endTime": 136.63813545683752,
                        "type": "pill",
                        "id": 3
                    }
                }
            },
            {
                "time": "2018-02-05T17:37:31.860Z",
                "type": "SELECT",
                "source": "data:click",
                "_t": "10:37:31",
                "_end": "-",
                "data": {
                    "time": 125.728677,
                    "endTime": 136.63813545683752,
                    "type": "pill",
                    "id": 3
                }
            },
            {
                "time": "2018-02-05T17:37:40.652Z",
                "type": "START",
                "source": "hotkey",
                "_t": "10:37:40",
                "_end": "-",
                "data": {
                    "type": "move",
                    "time": 178.049662
                }
            },
            {
                "time": "2018-02-05T17:37:41.988Z",
                "type": "END",
                "source": "data:click:h_pos",
                "_t": "10:37:41",
                "_end": "-",
                "data": {
                    "lbl": {
                        "time": 178.049662,
                        "endTime": 180.87108296604242,
                        "type": "move",
                        "id": 4
                    }
                }
            },
            {
                "time": "2018-02-05T17:37:42.180Z",
                "type": "SELECT",
                "source": "data:click",
                "_t": "10:37:42",
                "_end": "-",
                "data": {
                    "time": 178.049662,
                    "endTime": 180.87108296604242,
                    "type": "move",
                    "id": 4
                }
            },
            {
                "time": "2018-02-05T17:37:51.884Z",
                "type": "START",
                "source": "hotkey",
                "_t": "10:37:51",
                "_end": "-",
                "data": {
                    "type": "pill",
                    "time": 269.610493
                }
            },
            {
                "time": "2018-02-05T17:37:53.471Z",
                "type": "END",
                "source": "data:click:h_pos",
                "_t": "10:37:53",
                "_end": "-",
                "data": {
                    "lbl": {
                        "time": 269.610493,
                        "endTime": 279.1742913828664,
                        "type": "pill",
                        "id": 5
                    }
                }
            },
            {
                "time": "2018-02-05T17:37:53.661Z",
                "type": "SELECT",
                "source": "data:click",
                "_t": "10:37:53",
                "_end": "-",
                "data": {
                    "time": 269.610493,
                    "endTime": 279.1742913828664,
                    "type": "pill",
                    "id": 5
                }
            },
            {
                "time": "2018-02-05T17:38:02.188Z",
                "type": "START",
                "source": "hotkey",
                "_t": "10:38:02",
                "_end": "-",
                "data": {
                    "type": "move",
                    "time": 330.973986
                }
            },
            {
                "time": "2018-02-05T17:38:04.117Z",
                "type": "END",
                "source": "data:click:h_pos",
                "_t": "10:38:04",
                "_end": "-",
                "data": {
                    "lbl": {
                        "time": 330.973986,
                        "endTime": 334.9181029884576,
                        "type": "move",
                        "id": 6
                    }
                }
            },
            {
                "time": "2018-02-05T17:38:04.301Z",
                "type": "SELECT",
                "source": "data:click",
                "_t": "10:38:04",
                "_end": "-",
                "data": {
                    "time": 330.973986,
                    "endTime": 334.9181029884576,
                    "type": "move",
                    "id": 6
                }
            },
            {
                "time": "2018-02-05T17:38:11.309Z",
                "type": "START",
                "source": "hotkey",
                "_t": "10:38:11",
                "_end": "-",
                "data": {
                    "type": "move",
                    "time": 446.70286
                }
            },
            {
                "time": "2018-02-05T17:38:12.331Z",
                "type": "END",
                "source": "data:click:h_pos",
                "_t": "10:38:12",
                "_end": "-",
                "data": {
                    "lbl": {
                        "time": 446.70286,
                        "endTime": 449.1577679674925,
                        "type": "move",
                        "id": 7
                    }
                }
            },
            {
                "time": "2018-02-05T17:38:12.549Z",
                "type": "SELECT",
                "source": "data:click",
                "_t": "10:38:12",
                "_end": "-",
                "data": {
                    "time": 446.70286,
                    "endTime": 449.1577679674925,
                    "type": "move",
                    "id": 7
                }
            },
            {
                "time": "2018-02-05T17:38:22.621Z",
                "type": "START",
                "source": "hotkey",
                "_t": "10:38:22",
                "_end": "-",
                "data": {
                    "type": "pill",
                    "time": 564.172388
                }
            },
            {
                "time": "2018-02-05T17:38:23.838Z",
                "type": "END",
                "source": "data:click:h_pos",
                "_t": "10:38:23",
                "_end": "-",
                "data": {
                    "lbl": {
                        "time": 564.172388,
                        "endTime": 573.2309152819621,
                        "type": "pill",
                        "id": 8
                    }
                }
            },
            {
                "time": "2018-02-05T17:38:32.607Z",
                "type": "START",
                "source": "hotkey",
                "_t": "10:38:32",
                "_end": "-",
                "data": {
                    "type": "move",
                    "time": 608.70953
                }
            },
            {
                "time": "2018-02-05T17:38:33.590Z",
                "type": "END",
                "source": "data:click:h_pos",
                "_t": "10:38:33",
                "_end": "-",
                "data": {
                    "lbl": {
                        "time": 608.70953,
                        "endTime": 613.3087249268315,
                        "type": "move",
                        "id": 9
                    }
                }
            }
        ],
        "navigationEvents": [
            {
                "time": {
                    "start": "2018-02-05T17:36:45.735Z",
                    "end": "2018-02-05T17:37:03.115Z"
                },
                "type": "SCRUB",
                "source": "data:drag",
                "_t": "10:36:45",
                "_end": "10:37:03",
                "data": {
                    "time": 45.223664
                }
            },
            {
                "time": "2018-02-05T17:37:04.155Z",
                "type": "PAUSE",
                "source": "hotkey",
                "_t": "10:37:04",
                "_end": "-",
                "data": {
                    "key": "space"
                }
            },
            {
                "time": {
                    "start": "2018-02-05T17:36:45.735Z",
                    "end": "2018-02-05T17:37:06.354Z"
                },
                "type": "SCRUB",
                "source": "data:drag",
                "_t": "10:36:45",
                "_end": "10:37:06",
                "data": {
                    "time": 45.089151
                }
            },
            {
                "time": {
                    "start": "2018-02-05T17:36:45.735Z",
                    "end": "2018-02-05T17:37:09.258Z"
                },
                "type": "SCRUB",
                "source": "data:drag",
                "_t": "10:36:45",
                "_end": "10:37:09",
                "data": {
                    "time": 45.089151
                }
            },
            {
                "time": {
                    "start": "2018-02-05T17:36:45.735Z",
                    "end": "2018-02-05T17:37:09.458Z"
                },
                "type": "SCRUB",
                "source": "data:drag",
                "_t": "10:36:45",
                "_end": "10:37:09",
                "data": {
                    "time": 45.089151
                }
            },
            {
                "time": {
                    "start": "2018-02-05T17:36:45.735Z",
                    "end": "2018-02-05T17:37:12.549Z"
                },
                "type": "SCRUB",
                "source": "data:drag",
                "_t": "10:36:45",
                "_end": "10:37:12",
                "data": {
                    "time": 63.455709
                }
            },
            {
                "time": {
                    "start": "2018-02-05T17:36:45.735Z",
                    "end": "2018-02-05T17:37:15.235Z"
                },
                "type": "SCRUB",
                "source": "data:drag",
                "_t": "10:36:45",
                "_end": "10:37:15",
                "data": {
                    "time": 63.649144
                }
            },
            {
                "time": {
                    "start": "2018-02-05T17:36:45.735Z",
                    "end": "2018-02-05T17:37:18.034Z"
                },
                "type": "SCRUB",
                "source": "data:drag",
                "_t": "10:36:45",
                "_end": "10:37:18",
                "data": {
                    "time": 63.649144
                }
            },
            {
                "time": {
                    "start": "2018-02-05T17:36:45.735Z",
                    "end": "2018-02-05T17:37:18.258Z"
                },
                "type": "SCRUB",
                "source": "data:drag",
                "_t": "10:36:45",
                "_end": "10:37:18",
                "data": {
                    "time": 63.649144
                }
            },
            {
                "time": {
                    "start": "2018-02-05T17:36:45.735Z",
                    "end": "2018-02-05T17:37:26.221Z"
                },
                "type": "SCRUB",
                "source": "data:drag",
                "_t": "10:36:45",
                "_end": "10:37:26",
                "data": {
                    "time": 125.320174
                }
            },
            {
                "time": {
                    "start": "2018-02-05T17:36:45.735Z",
                    "end": "2018-02-05T17:37:28.628Z"
                },
                "type": "SCRUB",
                "source": "data:drag",
                "_t": "10:36:45",
                "_end": "10:37:28",
                "data": {
                    "time": 125.728677
                }
            },
            {
                "time": {
                    "start": "2018-02-05T17:36:45.735Z",
                    "end": "2018-02-05T17:37:31.666Z"
                },
                "type": "SCRUB",
                "source": "data:drag",
                "_t": "10:36:45",
                "_end": "10:37:31",
                "data": {
                    "time": 125.728677
                }
            },
            {
                "time": {
                    "start": "2018-02-05T17:36:45.735Z",
                    "end": "2018-02-05T17:37:31.859Z"
                },
                "type": "SCRUB",
                "source": "data:drag",
                "_t": "10:36:45",
                "_end": "10:37:31",
                "data": {
                    "time": 125.728677
                }
            },
            {
                "time": {
                    "start": "2018-02-05T17:36:45.735Z",
                    "end": "2018-02-05T17:37:37.756Z"
                },
                "type": "SCRUB",
                "source": "data:drag",
                "_t": "10:36:45",
                "_end": "10:37:37",
                "data": {
                    "time": 177.821459
                }
            },
            {
                "time": {
                    "start": "2018-02-05T17:36:45.735Z",
                    "end": "2018-02-05T17:37:40.163Z"
                },
                "type": "SCRUB",
                "source": "data:drag",
                "_t": "10:36:45",
                "_end": "10:37:40",
                "data": {
                    "time": 178.049662
                }
            },
            {
                "time": {
                    "start": "2018-02-05T17:36:45.735Z",
                    "end": "2018-02-05T17:37:41.987Z"
                },
                "type": "SCRUB",
                "source": "data:drag",
                "_t": "10:36:45",
                "_end": "10:37:41",
                "data": {
                    "time": 178.049662
                }
            },
            {
                "time": {
                    "start": "2018-02-05T17:36:45.735Z",
                    "end": "2018-02-05T17:37:42.179Z"
                },
                "type": "SCRUB",
                "source": "data:drag",
                "_t": "10:36:45",
                "_end": "10:37:42",
                "data": {
                    "time": 178.049662
                }
            },
            {
                "time": {
                    "start": "2018-02-05T17:36:45.735Z",
                    "end": "2018-02-05T17:37:47.837Z"
                },
                "type": "SCRUB",
                "source": "data:drag",
                "_t": "10:36:45",
                "_end": "10:37:47",
                "data": {
                    "time": 268.721397
                }
            },
            {
                "time": {
                    "start": "2018-02-05T17:36:45.735Z",
                    "end": "2018-02-05T17:37:51.685Z"
                },
                "type": "SCRUB",
                "source": "data:drag",
                "_t": "10:36:45",
                "_end": "10:37:51",
                "data": {
                    "time": 269.610493
                }
            },
            {
                "time": {
                    "start": "2018-02-05T17:36:45.735Z",
                    "end": "2018-02-05T17:37:53.470Z"
                },
                "type": "SCRUB",
                "source": "data:drag",
                "_t": "10:36:45",
                "_end": "10:37:53",
                "data": {
                    "time": 269.610493
                }
            },
            {
                "time": {
                    "start": "2018-02-05T17:36:45.735Z",
                    "end": "2018-02-05T17:37:53.658Z"
                },
                "type": "SCRUB",
                "source": "data:drag",
                "_t": "10:36:45",
                "_end": "10:37:53",
                "data": {
                    "time": 269.610493
                }
            },
            {
                "time": {
                    "start": "2018-02-05T17:36:45.735Z",
                    "end": "2018-02-05T17:37:58.115Z"
                },
                "type": "SCRUB",
                "source": "data:drag",
                "_t": "10:36:45",
                "_end": "10:37:58",
                "data": {
                    "time": 330.091969
                }
            },
            {
                "time": {
                    "start": "2018-02-05T17:36:45.735Z",
                    "end": "2018-02-05T17:38:01.149Z"
                },
                "type": "SCRUB",
                "source": "data:drag",
                "_t": "10:36:45",
                "_end": "10:38:01",
                "data": {
                    "time": 330.973986
                }
            },
            {
                "time": {
                    "start": "2018-02-05T17:36:45.735Z",
                    "end": "2018-02-05T17:38:04.115Z"
                },
                "type": "SCRUB",
                "source": "data:drag",
                "_t": "10:36:45",
                "_end": "10:38:04",
                "data": {
                    "time": 330.973986
                }
            },
            {
                "time": {
                    "start": "2018-02-05T17:36:45.735Z",
                    "end": "2018-02-05T17:38:04.299Z"
                },
                "type": "SCRUB",
                "source": "data:drag",
                "_t": "10:36:45",
                "_end": "10:38:04",
                "data": {
                    "time": 330.973986
                }
            },
            {
                "time": {
                    "start": "2018-02-05T17:36:45.735Z",
                    "end": "2018-02-05T17:38:07.559Z"
                },
                "type": "SCRUB",
                "source": "data:drag",
                "_t": "10:36:45",
                "_end": "10:38:07",
                "data": {
                    "time": 446.271999
                }
            },
            {
                "time": {
                    "start": "2018-02-05T17:36:45.735Z",
                    "end": "2018-02-05T17:38:11.156Z"
                },
                "type": "SCRUB",
                "source": "data:drag",
                "_t": "10:36:45",
                "_end": "10:38:11",
                "data": {
                    "time": 446.70286
                }
            },
            {
                "time": {
                    "start": "2018-02-05T17:36:45.735Z",
                    "end": "2018-02-05T17:38:12.329Z"
                },
                "type": "SCRUB",
                "source": "data:drag",
                "_t": "10:36:45",
                "_end": "10:38:12",
                "data": {
                    "time": 446.70286
                }
            },
            {
                "time": {
                    "start": "2018-02-05T17:36:45.735Z",
                    "end": "2018-02-05T17:38:12.547Z"
                },
                "type": "SCRUB",
                "source": "data:drag",
                "_t": "10:36:45",
                "_end": "10:38:12",
                "data": {
                    "time": 446.70286
                }
            },
            {
                "time": {
                    "start": "2018-02-05T17:36:45.735Z",
                    "end": "2018-02-05T17:38:18.340Z"
                },
                "type": "SCRUB",
                "source": "data:drag",
                "_t": "10:36:45",
                "_end": "10:38:18",
                "data": {
                    "time": 563.460647
                }
            },
            {
                "time": {
                    "start": "2018-02-05T17:36:45.735Z",
                    "end": "2018-02-05T17:38:22.478Z"
                },
                "type": "SCRUB",
                "source": "data:drag",
                "_t": "10:36:45",
                "_end": "10:38:22",
                "data": {
                    "time": 564.172388
                }
            },
            {
                "time": {
                    "start": "2018-02-05T17:36:45.735Z",
                    "end": "2018-02-05T17:38:23.835Z"
                },
                "type": "SCRUB",
                "source": "data:drag",
                "_t": "10:36:45",
                "_end": "10:38:23",
                "data": {
                    "time": 564.172388
                }
            },
            {
                "time": {
                    "start": "2018-02-05T17:36:45.735Z",
                    "end": "2018-02-05T17:38:28.363Z"
                },
                "type": "SCRUB",
                "source": "data:drag",
                "_t": "10:36:45",
                "_end": "10:38:28",
                "data": {
                    "time": 607.958028
                }
            },
            {
                "time": {
                    "start": "2018-02-05T17:36:45.735Z",
                    "end": "2018-02-05T17:38:32.420Z"
                },
                "type": "SCRUB",
                "source": "data:drag",
                "_t": "10:36:45",
                "_end": "10:38:32",
                "data": {
                    "time": 608.70953
                }
            },
            {
                "time": {
                    "start": "2018-02-05T17:36:45.735Z",
                    "end": "2018-02-05T17:38:33.587Z"
                },
                "type": "SCRUB",
                "source": "data:drag",
                "_t": "10:36:45",
                "_end": "10:38:33",
                "data": {
                    "time": 608.70953
                }
            }
        ]
    }
}