{
    "user_id": "050",
    "session_id": "5a789e16ee2b1975ba835ba1",
    "study": "studyD",
    "workspace": "pill.pills-pink",
    "details": {
        "workspace": "pill.pills-pink",
        "labels": [
            {
                "time": 45.291743,
                "endTime": 53.16497739803369,
                "type": "move",
                "id": 1
            },
            {
                "time": 63.91497,
                "endTime": 69.06285402948417,
                "type": "pill",
                "id": 2
            },
            {
                "time": 125.790515,
                "endTime": 136.38909976658508,
                "type": "move",
                "id": 3
            },
            {
                "time": 331.049769,
                "endTime": 334.93591674774973,
                "type": "pill",
                "id": 6
            },
            {
                "time": 269.931262,
                "endTime": 279.0157632285058,
                "type": "move",
                "id": 7
            },
            {
                "time": 178.127328,
                "endTime": 180.802208917281,
                "type": "pill",
                "id": 8
            },
            {
                "time": 446.826681,
                "endTime": 449.1482757583959,
                "type": "pill",
                "id": 9
            },
            {
                "time": 564.117684,
                "endTime": 573.0507768746637,
                "type": "move",
                "id": 10
            },
            {
                "time": 608.884086,
                "endTime": 613.1739893579136,
                "type": "pill",
                "id": 11
            }
        ],
        "_starts": [
            "2018-02-05T18:40:19.000Z"
        ],
        "_ends": [
            "2018-02-05T18:42:34.401Z"
        ]
    },
    "labels_file": "/home/ubuntu/vat/data/user-studies/studyD/pills-pink/050.labels.json",
    "videoFlash": 0.561365,
    "surveys": {
        "user-info": {
            "firstname": "WingKi",
            "lastname": "Yu",
            "email": "wing.yu.kilds@gmail.com"
        },
        "practice-first": {
            "question1": "4",
            "question2": "ok",
            "question3": "50",
            "question4": "5"
        },
        "practice-second": {},
        "practice-third": {},
        "practice-survey": {},
        "pill-blue": {
            "question1": "4",
            "question2": "4",
            "question3": "70",
            "question4": "30"
        },
        "pill-red": {
            "question1": "1",
            "question2": "2",
            "question3": "20",
            "question4": "80"
        },
        "pill-orange": {
            "question1": "2",
            "question2": "2",
            "question3": "60",
            "question4": "40"
        },
        "pills-survey": {
            "question1": "5",
            "question2": "4",
            "question3": "5",
            "question4": "4"
        },
        "run-blue": {
            "question1": "5",
            "question2": "5",
            "question3": "100",
            "question4": "10"
        },
        "run-yellow": {
            "question1": "2",
            "question2": "4",
            "question3": "70",
            "question4": "30"
        },
        "run-red": {
            "question1": "5",
            "question2": "5",
            "question3": "100",
            "question4": "0"
        },
        "run-survey": {
            "question1": "5",
            "question2": "4",
            "question3": "5",
            "question4": "4"
        }
    },
    "logs": {
        "labelEvents": [
            {
                "time": "2018-02-05T18:40:42.639Z",
                "type": "START",
                "source": "hotkey",
                "_t": "11:40:42",
                "_end": "-",
                "data": {
                    "type": "pill",
                    "time": 45.699628
                }
            },
            {
                "time": "2018-02-05T18:40:47.721Z",
                "type": "END",
                "source": "data:click:h_pos",
                "_t": "11:40:47",
                "_end": "-",
                "data": {
                    "lbl": {
                        "time": 45.699628,
                        "endTime": 46.55347982637174,
                        "type": "pill",
                        "id": 1
                    }
                }
            },
            {
                "time": "2018-02-05T18:40:48.560Z",
                "type": "SELECT",
                "source": "data:click",
                "_t": "11:40:48",
                "_end": "-",
                "data": {
                    "time": 45.699628,
                    "endTime": 46.55347982637174,
                    "type": "pill",
                    "id": 1
                }
            },
            {
                "time": "2018-02-05T18:40:48.942Z",
                "type": "DELETE",
                "source": "hotkey",
                "_t": "11:40:48",
                "_end": "-",
                "data": {
                    "id": 1,
                    "idx": 0
                }
            },
            {
                "time": "2018-02-05T18:40:54.414Z",
                "type": "START",
                "source": "hotkey",
                "_t": "11:40:54",
                "_end": "-",
                "data": {
                    "type": "pill",
                    "time": 45.291743
                }
            },
            {
                "time": "2018-02-05T18:40:55.839Z",
                "type": "CANCEL",
                "source": "hotkey",
                "_t": "11:40:55",
                "_end": "-",
                "data": {
                    "time": 45.291743,
                    "type": "pill",
                    "editting": false
                }
            },
            {
                "time": "2018-02-05T18:40:56.574Z",
                "type": "START",
                "source": "hotkey",
                "_t": "11:40:56",
                "_end": "-",
                "data": {
                    "type": "move",
                    "time": 45.291743
                }
            },
            {
                "time": "2018-02-05T18:41:00.281Z",
                "type": "END",
                "source": "data:click:h_pos",
                "_t": "11:41:00",
                "_end": "-",
                "data": {
                    "lbl": {
                        "time": 45.291743,
                        "endTime": 53.16497739803369,
                        "type": "move",
                        "id": 1
                    }
                }
            },
            {
                "time": "2018-02-05T18:41:04.535Z",
                "type": "START",
                "source": "hotkey",
                "_t": "11:41:04",
                "_end": "-",
                "data": {
                    "type": "pill",
                    "time": 63.91497
                }
            },
            {
                "time": "2018-02-05T18:41:07.017Z",
                "type": "END",
                "source": "data:click:h_pos",
                "_t": "11:41:07",
                "_end": "-",
                "data": {
                    "lbl": {
                        "time": 63.91497,
                        "endTime": 69.06285402948417,
                        "type": "pill",
                        "id": 2
                    }
                }
            },
            {
                "time": "2018-02-05T18:41:13.168Z",
                "type": "START",
                "source": "hotkey",
                "_t": "11:41:13",
                "_end": "-",
                "data": {
                    "type": "move",
                    "time": 125.790515
                }
            },
            {
                "time": "2018-02-05T18:41:16.137Z",
                "type": "END",
                "source": "data:click:h_pos",
                "_t": "11:41:16",
                "_end": "-",
                "data": {
                    "lbl": {
                        "time": 125.790515,
                        "endTime": 136.38909976658508,
                        "type": "move",
                        "id": 3
                    }
                }
            },
            {
                "time": "2018-02-05T18:41:23.851Z",
                "type": "START",
                "source": "hotkey",
                "_t": "11:41:23",
                "_end": "-",
                "data": {
                    "type": "move",
                    "time": 178.278743
                }
            },
            {
                "time": "2018-02-05T18:41:25.202Z",
                "type": "END",
                "source": "data:click:h_pos",
                "_t": "11:41:25",
                "_end": "-",
                "data": {
                    "lbl": {
                        "time": 178.278743,
                        "endTime": 180.80221556347382,
                        "type": "move",
                        "id": 4
                    }
                }
            },
            {
                "time": "2018-02-05T18:41:35.515Z",
                "type": "START",
                "source": "hotkey",
                "_t": "11:41:35",
                "_end": "-",
                "data": {
                    "type": "pill",
                    "time": 269.830326
                }
            },
            {
                "time": "2018-02-05T18:41:39.370Z",
                "type": "END",
                "source": "data:click:h_pos",
                "_t": "11:41:39",
                "_end": "-",
                "data": {
                    "lbl": {
                        "time": 269.830326,
                        "endTime": 279.0662355823055,
                        "type": "pill",
                        "id": 5
                    }
                }
            },
            {
                "time": "2018-02-05T18:41:43.653Z",
                "type": "START",
                "source": "hotkey",
                "_t": "11:41:43",
                "_end": "-",
                "data": {
                    "type": "pill",
                    "time": 331.049769
                }
            },
            {
                "time": "2018-02-05T18:41:46.602Z",
                "type": "END",
                "source": "data:click:h_pos",
                "_t": "11:41:46",
                "_end": "-",
                "data": {
                    "lbl": {
                        "time": 331.049769,
                        "endTime": 334.93591674774973,
                        "type": "pill",
                        "id": 6
                    }
                }
            },
            {
                "time": "2018-02-05T18:41:48.489Z",
                "type": "SELECT",
                "source": "data:click",
                "_t": "11:41:48",
                "_end": "-",
                "data": {
                    "time": 269.830326,
                    "endTime": 279.0662355823055,
                    "type": "pill",
                    "id": 5
                }
            },
            {
                "time": "2018-02-05T18:41:49.119Z",
                "type": "DELETE",
                "source": "hotkey",
                "_t": "11:41:49",
                "_end": "-",
                "data": {
                    "id": 5,
                    "idx": 4
                }
            },
            {
                "time": "2018-02-05T18:41:51.760Z",
                "type": "START",
                "source": "hotkey",
                "_t": "11:41:51",
                "_end": "-",
                "data": {
                    "type": "move",
                    "time": 269.931262
                }
            },
            {
                "time": "2018-02-05T18:41:54.866Z",
                "type": "END",
                "source": "data:click:h_pos",
                "_t": "11:41:54",
                "_end": "-",
                "data": {
                    "lbl": {
                        "time": 269.931262,
                        "endTime": 279.0157632285058,
                        "type": "move",
                        "id": 7
                    }
                }
            },
            {
                "time": "2018-02-05T18:41:57.202Z",
                "type": "SELECT",
                "source": "data:click",
                "_t": "11:41:57",
                "_end": "-",
                "data": {
                    "time": 178.278743,
                    "endTime": 180.80221556347382,
                    "type": "move",
                    "id": 4
                }
            },
            {
                "time": "2018-02-05T18:41:57.887Z",
                "type": "DELETE",
                "source": "hotkey",
                "_t": "11:41:57",
                "_end": "-",
                "data": {
                    "id": 4,
                    "idx": 3
                }
            },
            {
                "time": "2018-02-05T18:42:00.599Z",
                "type": "START",
                "source": "hotkey",
                "_t": "11:42:00",
                "_end": "-",
                "data": {
                    "type": "pill",
                    "time": 178.127328
                }
            },
            {
                "time": "2018-02-05T18:42:02.442Z",
                "type": "END",
                "source": "data:click:h_pos",
                "_t": "11:42:02",
                "_end": "-",
                "data": {
                    "lbl": {
                        "time": 178.127328,
                        "endTime": 180.802208917281,
                        "type": "pill",
                        "id": 8
                    }
                }
            },
            {
                "time": "2018-02-05T18:42:11.049Z",
                "type": "START",
                "source": "hotkey",
                "_t": "11:42:11",
                "_end": "-",
                "data": {
                    "type": "pill",
                    "time": 446.826681
                }
            },
            {
                "time": "2018-02-05T18:42:13.263Z",
                "type": "END",
                "source": "data:click:h_pos",
                "_t": "11:42:13",
                "_end": "-",
                "data": {
                    "lbl": {
                        "time": 446.826681,
                        "endTime": 449.1482757583959,
                        "type": "pill",
                        "id": 9
                    }
                }
            },
            {
                "time": "2018-02-05T18:42:17.344Z",
                "type": "START",
                "source": "hotkey",
                "_t": "11:42:17",
                "_end": "-",
                "data": {
                    "type": "move",
                    "time": 564.117684
                }
            },
            {
                "time": "2018-02-05T18:42:19.298Z",
                "type": "END",
                "source": "data:click:h_pos",
                "_t": "11:42:19",
                "_end": "-",
                "data": {
                    "lbl": {
                        "time": 564.117684,
                        "endTime": 573.0507768746637,
                        "type": "move",
                        "id": 10
                    }
                }
            },
            {
                "time": "2018-02-05T18:42:22.384Z",
                "type": "START",
                "source": "hotkey",
                "_t": "11:42:22",
                "_end": "-",
                "data": {
                    "type": "pill",
                    "time": 608.884086
                }
            },
            {
                "time": "2018-02-05T18:42:23.468Z",
                "type": "END",
                "source": "data:click:h_pos",
                "_t": "11:42:23",
                "_end": "-",
                "data": {
                    "lbl": {
                        "time": 608.884086,
                        "endTime": 613.1739893579136,
                        "type": "pill",
                        "id": 11
                    }
                }
            },
            {
                "time": "2018-02-05T18:42:31.434Z",
                "type": "SELECT",
                "source": "data:click",
                "_t": "11:42:31",
                "_end": "-",
                "data": {
                    "time": 125.790515,
                    "endTime": 136.38909976658508,
                    "type": "move",
                    "id": 3
                }
            }
        ],
        "navigationEvents": [
            {
                "time": {
                    "start": "2018-02-05T18:40:19.560Z",
                    "end": "2018-02-05T18:40:30.105Z"
                },
                "type": "SCRUB",
                "source": "data:drag",
                "_t": "11:40:19",
                "_end": "11:40:30",
                "data": {
                    "time": 24.73912
                }
            },
            {
                "time": {
                    "start": "2018-02-05T18:40:19.560Z",
                    "end": "2018-02-05T18:40:39.143Z"
                },
                "type": "SCRUB",
                "source": "data:drag",
                "_t": "11:40:19",
                "_end": "11:40:39",
                "data": {
                    "time": 45.32092
                }
            },
            {
                "time": {
                    "start": "2018-02-05T18:40:19.560Z",
                    "end": "2018-02-05T18:40:41.590Z"
                },
                "type": "SCRUB",
                "source": "data:drag",
                "_t": "11:40:19",
                "_end": "11:40:41",
                "data": {
                    "time": 44.651062
                }
            },
            {
                "time": {
                    "start": "2018-02-05T18:40:19.560Z",
                    "end": "2018-02-05T18:40:44.283Z"
                },
                "type": "SCRUB",
                "source": "data:drag",
                "_t": "11:40:19",
                "_end": "11:40:44",
                "data": {
                    "time": 47.339856
                }
            },
            {
                "time": "2018-02-05T18:40:46.419Z",
                "type": "PAUSE",
                "source": "hotkey",
                "_t": "11:40:46",
                "_end": "-",
                "data": {
                    "key": "space"
                }
            },
            {
                "time": {
                    "start": "2018-02-05T18:40:19.560Z",
                    "end": "2018-02-05T18:40:47.720Z"
                },
                "type": "SCRUB",
                "source": "data:drag",
                "_t": "11:40:19",
                "_end": "11:40:47",
                "data": {
                    "time": 49.480708
                }
            },
            {
                "time": {
                    "start": "2018-02-05T18:40:19.560Z",
                    "end": "2018-02-05T18:40:48.558Z"
                },
                "type": "SCRUB",
                "source": "data:drag",
                "_t": "11:40:19",
                "_end": "11:40:48",
                "data": {
                    "time": 49.480708
                }
            },
            {
                "time": {
                    "start": "2018-02-05T18:40:19.560Z",
                    "end": "2018-02-05T18:40:51.143Z"
                },
                "type": "SCRUB",
                "source": "data:drag",
                "_t": "11:40:19",
                "_end": "11:40:51",
                "data": {
                    "time": 45.291743
                }
            },
            {
                "time": {
                    "start": "2018-02-05T18:40:19.560Z",
                    "end": "2018-02-05T18:41:00.278Z"
                },
                "type": "SCRUB",
                "source": "data:drag",
                "_t": "11:40:19",
                "_end": "11:41:00",
                "data": {
                    "time": 45.291743
                }
            },
            {
                "time": {
                    "start": "2018-02-05T18:40:19.560Z",
                    "end": "2018-02-05T18:41:04.343Z"
                },
                "type": "SCRUB",
                "source": "data:drag",
                "_t": "11:40:19",
                "_end": "11:41:04",
                "data": {
                    "time": 63.91497
                }
            },
            {
                "time": {
                    "start": "2018-02-05T18:40:19.560Z",
                    "end": "2018-02-05T18:41:07.015Z"
                },
                "type": "SCRUB",
                "source": "data:drag",
                "_t": "11:40:19",
                "_end": "11:41:07",
                "data": {
                    "time": 63.91497
                }
            },
            {
                "time": {
                    "start": "2018-02-05T18:40:19.560Z",
                    "end": "2018-02-05T18:41:07.687Z"
                },
                "type": "SCRUB",
                "source": "data:drag",
                "_t": "11:40:19",
                "_end": "11:41:07",
                "data": {
                    "time": 89.402042
                }
            },
            {
                "time": {
                    "start": "2018-02-05T18:40:19.560Z",
                    "end": "2018-02-05T18:41:11.221Z"
                },
                "type": "SCRUB",
                "source": "data:drag",
                "_t": "11:40:19",
                "_end": "11:41:11",
                "data": {
                    "time": 123.166104
                }
            },
            {
                "time": {
                    "start": "2018-02-05T18:40:19.560Z",
                    "end": "2018-02-05T18:41:13.094Z"
                },
                "type": "SCRUB",
                "source": "data:drag",
                "_t": "11:40:19",
                "_end": "11:41:13",
                "data": {
                    "time": 125.790515
                }
            },
            {
                "time": {
                    "start": "2018-02-05T18:40:19.560Z",
                    "end": "2018-02-05T18:41:16.135Z"
                },
                "type": "SCRUB",
                "source": "data:drag",
                "_t": "11:40:19",
                "_end": "11:41:16",
                "data": {
                    "time": 125.790515
                }
            },
            {
                "time": {
                    "start": "2018-02-05T18:40:19.560Z",
                    "end": "2018-02-05T18:41:17.033Z"
                },
                "type": "SCRUB",
                "source": "data:drag",
                "_t": "11:40:19",
                "_end": "11:41:17",
                "data": {
                    "time": 152.640263
                }
            },
            {
                "time": {
                    "start": "2018-02-05T18:40:19.560Z",
                    "end": "2018-02-05T18:41:19.592Z"
                },
                "type": "SCRUB",
                "source": "data:drag",
                "_t": "11:40:19",
                "_end": "11:41:19",
                "data": {
                    "time": 207.248209
                }
            },
            {
                "time": {
                    "start": "2018-02-05T18:40:19.560Z",
                    "end": "2018-02-05T18:41:21.565Z"
                },
                "type": "SCRUB",
                "source": "data:drag",
                "_t": "11:40:19",
                "_end": "11:41:21",
                "data": {
                    "time": 181.710666
                }
            },
            {
                "time": {
                    "start": "2018-02-05T18:40:19.560Z",
                    "end": "2018-02-05T18:41:23.679Z"
                },
                "type": "SCRUB",
                "source": "data:drag",
                "_t": "11:40:19",
                "_end": "11:41:23",
                "data": {
                    "time": 178.278743
                }
            },
            {
                "time": {
                    "start": "2018-02-05T18:40:19.560Z",
                    "end": "2018-02-05T18:41:25.200Z"
                },
                "type": "SCRUB",
                "source": "data:drag",
                "_t": "11:40:19",
                "_end": "11:41:25",
                "data": {
                    "time": 178.278743
                }
            },
            {
                "time": {
                    "start": "2018-02-05T18:40:19.560Z",
                    "end": "2018-02-05T18:41:26.120Z"
                },
                "type": "SCRUB",
                "source": "data:drag",
                "_t": "11:40:19",
                "_end": "11:41:26",
                "data": {
                    "time": 206.844452
                }
            },
            {
                "time": {
                    "start": "2018-02-05T18:40:19.560Z",
                    "end": "2018-02-05T18:41:26.677Z"
                },
                "type": "SCRUB",
                "source": "data:drag",
                "_t": "11:40:19",
                "_end": "11:41:26",
                "data": {
                    "time": 238.842084
                }
            },
            {
                "time": {
                    "start": "2018-02-05T18:40:19.560Z",
                    "end": "2018-02-05T18:41:28.145Z"
                },
                "type": "SCRUB",
                "source": "data:drag",
                "_t": "11:40:19",
                "_end": "11:41:28",
                "data": {
                    "time": 267.508732
                }
            },
            {
                "time": {
                    "start": "2018-02-05T18:40:19.560Z",
                    "end": "2018-02-05T18:41:30.567Z"
                },
                "type": "SCRUB",
                "source": "data:drag",
                "_t": "11:40:19",
                "_end": "11:41:30",
                "data": {
                    "time": 269.830326
                }
            },
            {
                "time": {
                    "start": "2018-02-05T18:40:19.560Z",
                    "end": "2018-02-05T18:41:39.367Z"
                },
                "type": "SCRUB",
                "source": "data:drag",
                "_t": "11:40:19",
                "_end": "11:41:39",
                "data": {
                    "time": 269.830326
                }
            },
            {
                "time": {
                    "start": "2018-02-05T18:40:19.560Z",
                    "end": "2018-02-05T18:41:40.017Z"
                },
                "type": "SCRUB",
                "source": "data:drag",
                "_t": "11:40:19",
                "_end": "11:41:40",
                "data": {
                    "time": 301.676549
                }
            },
            {
                "time": {
                    "start": "2018-02-05T18:40:19.560Z",
                    "end": "2018-02-05T18:41:42.823Z"
                },
                "type": "SCRUB",
                "source": "data:drag",
                "_t": "11:40:19",
                "_end": "11:41:42",
                "data": {
                    "time": 331.049769
                }
            },
            {
                "time": {
                    "start": "2018-02-05T18:40:19.560Z",
                    "end": "2018-02-05T18:41:46.599Z"
                },
                "type": "SCRUB",
                "source": "data:drag",
                "_t": "11:40:19",
                "_end": "11:41:46",
                "data": {
                    "time": 331.049769
                }
            },
            {
                "time": {
                    "start": "2018-02-05T18:40:19.560Z",
                    "end": "2018-02-05T18:41:47.783Z"
                },
                "type": "SCRUB",
                "source": "data:drag",
                "_t": "11:40:19",
                "_end": "11:41:47",
                "data": {
                    "time": 306.420676
                }
            },
            {
                "time": {
                    "start": "2018-02-05T18:40:19.560Z",
                    "end": "2018-02-05T18:41:48.487Z"
                },
                "type": "SCRUB",
                "source": "data:drag",
                "_t": "11:40:19",
                "_end": "11:41:48",
                "data": {
                    "time": 306.420676
                }
            },
            {
                "time": {
                    "start": "2018-02-05T18:40:19.560Z",
                    "end": "2018-02-05T18:41:51.631Z"
                },
                "type": "SCRUB",
                "source": "data:drag",
                "_t": "11:40:19",
                "_end": "11:41:51",
                "data": {
                    "time": 269.931262
                }
            },
            {
                "time": {
                    "start": "2018-02-05T18:40:19.560Z",
                    "end": "2018-02-05T18:41:54.863Z"
                },
                "type": "SCRUB",
                "source": "data:drag",
                "_t": "11:40:19",
                "_end": "11:41:54",
                "data": {
                    "time": 269.931262
                }
            },
            {
                "time": {
                    "start": "2018-02-05T18:40:19.560Z",
                    "end": "2018-02-05T18:41:55.762Z"
                },
                "type": "SCRUB",
                "source": "data:drag",
                "_t": "11:40:19",
                "_end": "11:41:55",
                "data": {
                    "time": 236.369076
                }
            },
            {
                "time": {
                    "start": "2018-02-05T18:40:19.560Z",
                    "end": "2018-02-05T18:41:56.401Z"
                },
                "type": "SCRUB",
                "source": "data:drag",
                "_t": "11:40:19",
                "_end": "11:41:56",
                "data": {
                    "time": 207.601488
                }
            },
            {
                "time": {
                    "start": "2018-02-05T18:40:19.560Z",
                    "end": "2018-02-05T18:41:57.199Z"
                },
                "type": "SCRUB",
                "source": "data:drag",
                "_t": "11:40:19",
                "_end": "11:41:57",
                "data": {
                    "time": 207.601488
                }
            },
            {
                "time": {
                    "start": "2018-02-05T18:40:19.560Z",
                    "end": "2018-02-05T18:42:00.463Z"
                },
                "type": "SCRUB",
                "source": "data:drag",
                "_t": "11:40:19",
                "_end": "11:42:00",
                "data": {
                    "time": 178.127328
                }
            },
            {
                "time": {
                    "start": "2018-02-05T18:40:19.560Z",
                    "end": "2018-02-05T18:42:02.439Z"
                },
                "type": "SCRUB",
                "source": "data:drag",
                "_t": "11:40:19",
                "_end": "11:42:02",
                "data": {
                    "time": 178.127328
                }
            },
            {
                "time": {
                    "start": "2018-02-05T18:40:19.560Z",
                    "end": "2018-02-05T18:42:03.196Z"
                },
                "type": "SCRUB",
                "source": "data:drag",
                "_t": "11:40:19",
                "_end": "11:42:03",
                "data": {
                    "time": 206.793976
                }
            },
            {
                "time": {
                    "start": "2018-02-05T18:40:19.560Z",
                    "end": "2018-02-05T18:42:03.702Z"
                },
                "type": "SCRUB",
                "source": "data:drag",
                "_t": "11:40:19",
                "_end": "11:42:03",
                "data": {
                    "time": 234.501704
                }
            },
            {
                "time": {
                    "start": "2018-02-05T18:40:19.560Z",
                    "end": "2018-02-05T18:42:04.118Z"
                },
                "type": "SCRUB",
                "source": "data:drag",
                "_t": "11:40:19",
                "_end": "11:42:04",
                "data": {
                    "time": 262.41131
                }
            },
            {
                "time": {
                    "start": "2018-02-05T18:40:19.560Z",
                    "end": "2018-02-05T18:42:04.596Z"
                },
                "type": "SCRUB",
                "source": "data:drag",
                "_t": "11:40:19",
                "_end": "11:42:04",
                "data": {
                    "time": 294.055655
                }
            },
            {
                "time": {
                    "start": "2018-02-05T18:40:19.560Z",
                    "end": "2018-02-05T18:42:05.070Z"
                },
                "type": "SCRUB",
                "source": "data:drag",
                "_t": "11:40:19",
                "_end": "11:42:05",
                "data": {
                    "time": 325.094367
                }
            },
            {
                "time": {
                    "start": "2018-02-05T18:40:19.560Z",
                    "end": "2018-02-05T18:42:05.531Z"
                },
                "type": "SCRUB",
                "source": "data:drag",
                "_t": "11:40:19",
                "_end": "11:42:05",
                "data": {
                    "time": 358.959368
                }
            },
            {
                "time": {
                    "start": "2018-02-05T18:40:19.560Z",
                    "end": "2018-02-05T18:42:05.969Z"
                },
                "type": "SCRUB",
                "source": "data:drag",
                "_t": "11:40:19",
                "_end": "11:42:05",
                "data": {
                    "time": 389.241038
                }
            },
            {
                "time": {
                    "start": "2018-02-05T18:40:19.560Z",
                    "end": "2018-02-05T18:42:06.482Z"
                },
                "type": "SCRUB",
                "source": "data:drag",
                "_t": "11:40:19",
                "_end": "11:42:06",
                "data": {
                    "time": 422.298528
                }
            },
            {
                "time": {
                    "start": "2018-02-05T18:40:19.560Z",
                    "end": "2018-02-05T18:42:10.912Z"
                },
                "type": "SCRUB",
                "source": "data:drag",
                "_t": "11:40:19",
                "_end": "11:42:10",
                "data": {
                    "time": 446.826681
                }
            },
            {
                "time": {
                    "start": "2018-02-05T18:40:19.560Z",
                    "end": "2018-02-05T18:42:13.263Z"
                },
                "type": "SCRUB",
                "source": "data:drag",
                "_t": "11:40:19",
                "_end": "11:42:13",
                "data": {
                    "time": 446.826681
                }
            },
            {
                "time": {
                    "start": "2018-02-05T18:40:19.560Z",
                    "end": "2018-02-05T18:42:13.832Z"
                },
                "type": "SCRUB",
                "source": "data:drag",
                "_t": "11:40:19",
                "_end": "11:42:13",
                "data": {
                    "time": 473.878306
                }
            },
            {
                "time": {
                    "start": "2018-02-05T18:40:19.560Z",
                    "end": "2018-02-05T18:42:14.296Z"
                },
                "type": "SCRUB",
                "source": "data:drag",
                "_t": "11:40:19",
                "_end": "11:42:14",
                "data": {
                    "time": 501.98979
                }
            },
            {
                "time": {
                    "start": "2018-02-05T18:40:19.560Z",
                    "end": "2018-02-05T18:42:14.781Z"
                },
                "type": "SCRUB",
                "source": "data:drag",
                "_t": "11:40:19",
                "_end": "11:42:14",
                "data": {
                    "time": 536.157608
                }
            },
            {
                "time": {
                    "start": "2018-02-05T18:40:19.560Z",
                    "end": "2018-02-05T18:42:17.224Z"
                },
                "type": "SCRUB",
                "source": "data:drag",
                "_t": "11:40:19",
                "_end": "11:42:17",
                "data": {
                    "time": 564.117684
                }
            },
            {
                "time": {
                    "start": "2018-02-05T18:40:19.560Z",
                    "end": "2018-02-05T18:42:19.295Z"
                },
                "type": "SCRUB",
                "source": "data:drag",
                "_t": "11:40:19",
                "_end": "11:42:19",
                "data": {
                    "time": 564.117684
                }
            },
            {
                "time": {
                    "start": "2018-02-05T18:40:19.560Z",
                    "end": "2018-02-05T18:42:20.062Z"
                },
                "type": "SCRUB",
                "source": "data:drag",
                "_t": "11:40:19",
                "_end": "11:42:20",
                "data": {
                    "time": 590.15992
                }
            },
            {
                "time": {
                    "start": "2018-02-05T18:40:19.560Z",
                    "end": "2018-02-05T18:42:21.408Z"
                },
                "type": "SCRUB",
                "source": "data:drag",
                "_t": "11:40:19",
                "_end": "11:42:21",
                "data": {
                    "time": 608.884086
                }
            },
            {
                "time": {
                    "start": "2018-02-05T18:40:19.560Z",
                    "end": "2018-02-05T18:42:23.465Z"
                },
                "type": "SCRUB",
                "source": "data:drag",
                "_t": "11:40:19",
                "_end": "11:42:23",
                "data": {
                    "time": 608.884086
                }
            },
            {
                "time": {
                    "start": "2018-02-05T18:40:19.560Z",
                    "end": "2018-02-05T18:42:24.451Z"
                },
                "type": "SCRUB",
                "source": "data:drag",
                "_t": "11:40:19",
                "_end": "11:42:24",
                "data": {
                    "time": 569.366505
                }
            },
            {
                "time": {
                    "start": "2018-02-05T18:40:19.560Z",
                    "end": "2018-02-05T18:42:25.065Z"
                },
                "type": "SCRUB",
                "source": "data:drag",
                "_t": "11:40:19",
                "_end": "11:42:25",
                "data": {
                    "time": 524.499162
                }
            },
            {
                "time": {
                    "start": "2018-02-05T18:40:19.560Z",
                    "end": "2018-02-05T18:42:25.536Z"
                },
                "type": "SCRUB",
                "source": "data:drag",
                "_t": "11:40:19",
                "_end": "11:42:25",
                "data": {
                    "time": 480.4898
                }
            },
            {
                "time": {
                    "start": "2018-02-05T18:40:19.560Z",
                    "end": "2018-02-05T18:42:26.273Z"
                },
                "type": "SCRUB",
                "source": "data:drag",
                "_t": "11:40:19",
                "_end": "11:42:26",
                "data": {
                    "time": 441.577853
                }
            },
            {
                "time": {
                    "start": "2018-02-05T18:40:19.560Z",
                    "end": "2018-02-05T18:42:26.964Z"
                },
                "type": "SCRUB",
                "source": "data:drag",
                "_t": "11:40:19",
                "_end": "11:42:26",
                "data": {
                    "time": 399.738677
                }
            },
            {
                "time": {
                    "start": "2018-02-05T18:40:19.560Z",
                    "end": "2018-02-05T18:42:27.413Z"
                },
                "type": "SCRUB",
                "source": "data:drag",
                "_t": "11:40:19",
                "_end": "11:42:27",
                "data": {
                    "time": 357.192929
                }
            },
            {
                "time": {
                    "start": "2018-02-05T18:40:19.560Z",
                    "end": "2018-02-05T18:42:27.861Z"
                },
                "type": "SCRUB",
                "source": "data:drag",
                "_t": "11:40:19",
                "_end": "11:42:27",
                "data": {
                    "time": 319.290371
                }
            },
            {
                "time": {
                    "start": "2018-02-05T18:40:19.560Z",
                    "end": "2018-02-05T18:42:28.348Z"
                },
                "type": "SCRUB",
                "source": "data:drag",
                "_t": "11:40:19",
                "_end": "11:42:28",
                "data": {
                    "time": 283.053304
                }
            },
            {
                "time": {
                    "start": "2018-02-05T18:40:19.560Z",
                    "end": "2018-02-05T18:42:28.887Z"
                },
                "type": "SCRUB",
                "source": "data:drag",
                "_t": "11:40:19",
                "_end": "11:42:28",
                "data": {
                    "time": 239.447698
                }
            },
            {
                "time": {
                    "start": "2018-02-05T18:40:19.560Z",
                    "end": "2018-02-05T18:42:29.367Z"
                },
                "type": "SCRUB",
                "source": "data:drag",
                "_t": "11:40:19",
                "_end": "11:42:29",
                "data": {
                    "time": 201.040445
                }
            },
            {
                "time": {
                    "start": "2018-02-05T18:40:19.560Z",
                    "end": "2018-02-05T18:42:29.881Z"
                },
                "type": "SCRUB",
                "source": "data:drag",
                "_t": "11:40:19",
                "_end": "11:42:29",
                "data": {
                    "time": 159.907842
                }
            },
            {
                "time": {
                    "start": "2018-02-05T18:40:19.560Z",
                    "end": "2018-02-05T18:42:31.156Z"
                },
                "type": "SCRUB",
                "source": "data:drag",
                "_t": "11:40:19",
                "_end": "11:42:31",
                "data": {
                    "time": 156.930144
                }
            },
            {
                "time": {
                    "start": "2018-02-05T18:40:19.560Z",
                    "end": "2018-02-05T18:42:31.431Z"
                },
                "type": "SCRUB",
                "source": "data:drag",
                "_t": "11:40:19",
                "_end": "11:42:31",
                "data": {
                    "time": 156.930144
                }
            },
            {
                "time": {
                    "start": "2018-02-05T18:40:19.560Z",
                    "end": "2018-02-05T18:42:33.552Z"
                },
                "type": "SCRUB",
                "source": "data:drag",
                "_t": "11:40:19",
                "_end": "11:42:33",
                "data": {
                    "time": 142.697758
                }
            }
        ]
    }
}