{
    "user_id": "051",
    "session_id": "5a789defee2b1975ba835b9e",
    "study": "studyD",
    "workspace": "pill.pills-pink",
    "details": {
        "workspace": "pill.pills-pink",
        "labels": [
            {
                "time": 45.330568,
                "endTime": 53.24639369105714,
                "type": "pill",
                "id": 1
            },
            {
                "time": 63.667227,
                "endTime": 69.02794439837413,
                "type": "move",
                "id": 2
            },
            {
                "time": 125.691227,
                "endTime": 136.51286212194643,
                "type": "pill",
                "id": 3
            },
            {
                "time": 178.216235,
                "endTime": 180.7312631626029,
                "type": "move",
                "id": 4
            },
            {
                "time": 269.788424,
                "endTime": 279.09118671697206,
                "type": "pill",
                "id": 5
            },
            {
                "time": 331.102486,
                "endTime": 334.82993809756283,
                "type": "move",
                "id": 6
            },
            {
                "time": 446.732372,
                "endTime": 449.11162897515794,
                "type": "pill",
                "id": 7
            },
            {
                "time": 564.146244,
                "endTime": 573.2072235896634,
                "type": "pill",
                "id": 8
            }
        ],
        "_starts": [
            "2018-02-05T18:42:23.000Z"
        ],
        "_ends": [
            "2018-02-05T18:45:25.446Z"
        ]
    },
    "labels_file": "/home/ubuntu/vat/data/user-studies/studyD/pills-pink/051.labels.json",
    "videoFlash": 0.561365,
    "surveys": {
        "user-info": {
            "firstname": "Cameron",
            "lastname": "McQuinn",
            "email": "cameron.mcquinn@gmail.com"
        },
        "practice-first": {
            "question1": "5",
            "question2": "ok",
            "question3": "50",
            "question4": "5"
        },
        "practice-second": {},
        "practice-third": {},
        "practice-survey": {},
        "pill-blue": {
            "question1": "5",
            "question2": "3",
            "question3": "30",
            "question4": "90"
        },
        "pill-red": {
            "question1": "1",
            "question2": "2",
            "question3": "30",
            "question4": "90"
        },
        "pill-orange": {
            "question1": "4",
            "question2": "4",
            "question3": "50",
            "question4": "80"
        },
        "pills-survey": {
            "question1": "5",
            "question2": "2",
            "question3": "5",
            "question4": "4"
        },
        "run-blue": {
            "question1": "5",
            "question2": "2",
            "question3": "70",
            "question4": "70"
        },
        "run-yellow": {
            "question1": "1",
            "question2": "1",
            "question3": "40",
            "question4": "80"
        },
        "run-red": {
            "question1": "2",
            "question2": "2",
            "question3": "100",
            "question4": "50"
        },
        "run-survey": {
            "question1": "5",
            "question2": "5",
            "question3": "5",
            "question4": "5"
        }
    },
    "logs": {
        "labelEvents": [
            {
                "time": "2018-02-05T18:42:59.682Z",
                "type": "START",
                "source": "hotkey",
                "_t": "11:42:59",
                "_end": "-",
                "data": {
                    "type": "pill",
                    "time": 45.330568
                }
            },
            {
                "time": "2018-02-05T18:43:01.740Z",
                "type": "END",
                "source": "data:click:h_pos",
                "_t": "11:43:01",
                "_end": "-",
                "data": {
                    "lbl": {
                        "time": 45.330568,
                        "endTime": 53.24639369105714,
                        "type": "pill",
                        "id": 1
                    }
                }
            },
            {
                "time": "2018-02-05T18:43:08.403Z",
                "type": "START",
                "source": "hotkey",
                "_t": "11:43:08",
                "_end": "-",
                "data": {
                    "type": "move",
                    "time": 63.667227
                }
            },
            {
                "time": "2018-02-05T18:43:10.892Z",
                "type": "END",
                "source": "data:click:h_pos",
                "_t": "11:43:10",
                "_end": "-",
                "data": {
                    "lbl": {
                        "time": 63.667227,
                        "endTime": 69.02794439837413,
                        "type": "move",
                        "id": 2
                    }
                }
            },
            {
                "time": "2018-02-05T18:43:16.967Z",
                "type": "START",
                "source": "hotkey",
                "_t": "11:43:16",
                "_end": "-",
                "data": {
                    "type": "pill",
                    "time": 125.691227
                }
            },
            {
                "time": "2018-02-05T18:43:18.828Z",
                "type": "END",
                "source": "data:click:h_pos",
                "_t": "11:43:18",
                "_end": "-",
                "data": {
                    "lbl": {
                        "time": 125.691227,
                        "endTime": 136.51286212194643,
                        "type": "pill",
                        "id": 3
                    }
                }
            },
            {
                "time": "2018-02-05T18:43:30.852Z",
                "type": "START",
                "source": "hotkey",
                "_t": "11:43:30",
                "_end": "-",
                "data": {
                    "type": "move",
                    "time": 178.216235
                }
            },
            {
                "time": "2018-02-05T18:43:32.108Z",
                "type": "END",
                "source": "data:click:h_pos",
                "_t": "11:43:32",
                "_end": "-",
                "data": {
                    "lbl": {
                        "time": 178.216235,
                        "endTime": 180.7312631626029,
                        "type": "move",
                        "id": 4
                    }
                }
            },
            {
                "time": "2018-02-05T18:43:59.908Z",
                "type": "START",
                "source": "hotkey",
                "_t": "11:43:59",
                "_end": "-",
                "data": {
                    "type": "pill",
                    "time": 269.788424
                }
            },
            {
                "time": "2018-02-05T18:44:02.037Z",
                "type": "END",
                "source": "data:click:h_pos",
                "_t": "11:44:02",
                "_end": "-",
                "data": {
                    "lbl": {
                        "time": 269.788424,
                        "endTime": 279.09118671697206,
                        "type": "pill",
                        "id": 5
                    }
                }
            },
            {
                "time": "2018-02-05T18:44:21.749Z",
                "type": "START",
                "source": "hotkey",
                "_t": "11:44:21",
                "_end": "-",
                "data": {
                    "type": "move",
                    "time": 331.102486
                }
            },
            {
                "time": "2018-02-05T18:44:24.125Z",
                "type": "END",
                "source": "data:click:h_pos",
                "_t": "11:44:24",
                "_end": "-",
                "data": {
                    "lbl": {
                        "time": 331.102486,
                        "endTime": 334.82993809756283,
                        "type": "move",
                        "id": 6
                    }
                }
            },
            {
                "time": "2018-02-05T18:44:46.662Z",
                "type": "START",
                "source": "hotkey",
                "_t": "11:44:46",
                "_end": "-",
                "data": {
                    "type": "move",
                    "time": 446.732372
                }
            },
            {
                "time": "2018-02-05T18:44:48.820Z",
                "type": "START",
                "source": "hotkey",
                "_t": "11:44:48",
                "_end": "-",
                "data": {
                    "type": "pill",
                    "time": 446.732372
                }
            },
            {
                "time": "2018-02-05T18:44:49.236Z",
                "type": "START",
                "source": "hotkey",
                "_t": "11:44:49",
                "_end": "-",
                "data": {
                    "type": "pill",
                    "time": 446.732372
                }
            },
            {
                "time": "2018-02-05T18:44:49.970Z",
                "type": "CANCEL",
                "source": "hotkey",
                "_t": "11:44:49",
                "_end": "-",
                "data": {
                    "time": 446.732372,
                    "type": "pill",
                    "editting": false
                }
            },
            {
                "time": "2018-02-05T18:44:50.708Z",
                "type": "START",
                "source": "hotkey",
                "_t": "11:44:50",
                "_end": "-",
                "data": {
                    "type": "pill",
                    "time": 446.732372
                }
            },
            {
                "time": "2018-02-05T18:44:53.406Z",
                "type": "END",
                "source": "data:click:h_pos",
                "_t": "11:44:53",
                "_end": "-",
                "data": {
                    "lbl": {
                        "time": 446.732372,
                        "endTime": 449.11162897515794,
                        "type": "pill",
                        "id": 7
                    }
                }
            },
            {
                "time": "2018-02-05T18:45:07.814Z",
                "type": "START",
                "source": "hotkey",
                "_t": "11:45:07",
                "_end": "-",
                "data": {
                    "type": "pill",
                    "time": 564.146244
                }
            },
            {
                "time": "2018-02-05T18:45:09.333Z",
                "type": "END",
                "source": "data:click:h_pos",
                "_t": "11:45:09",
                "_end": "-",
                "data": {
                    "lbl": {
                        "time": 564.146244,
                        "endTime": 573.2072235896634,
                        "type": "pill",
                        "id": 8
                    }
                }
            }
        ],
        "navigationEvents": [
            {
                "time": {
                    "start": "2018-02-05T18:42:23.195Z",
                    "end": "2018-02-05T18:42:42.771Z"
                },
                "type": "SCRUB",
                "source": "data:drag",
                "_t": "11:42:23",
                "_end": "11:42:42",
                "data": {
                    "time": 28.89744
                }
            },
            {
                "time": {
                    "start": "2018-02-05T18:42:23.195Z",
                    "end": "2018-02-05T18:42:53.298Z"
                },
                "type": "SCRUB",
                "source": "data:drag",
                "_t": "11:42:23",
                "_end": "11:42:53",
                "data": {
                    "time": 45.305466
                }
            },
            {
                "time": "2018-02-05T18:42:53.474Z",
                "type": "PAUSE",
                "source": "hotkey",
                "_t": "11:42:53",
                "_end": "-",
                "data": {
                    "key": "space"
                }
            },
            {
                "time": {
                    "start": "2018-02-05T18:42:23.195Z",
                    "end": "2018-02-05T18:42:55.941Z"
                },
                "type": "SCRUB",
                "source": "data:drag",
                "_t": "11:42:23",
                "_end": "11:42:55",
                "data": {
                    "time": 45.330568
                }
            },
            {
                "time": {
                    "start": "2018-02-05T18:42:23.195Z",
                    "end": "2018-02-05T18:42:56.481Z"
                },
                "type": "SCRUB",
                "source": "data:drag",
                "_t": "11:42:23",
                "_end": "11:42:56",
                "data": {
                    "time": 45.330568
                }
            },
            {
                "time": {
                    "start": "2018-02-05T18:42:23.195Z",
                    "end": "2018-02-05T18:43:01.737Z"
                },
                "type": "SCRUB",
                "source": "data:drag",
                "_t": "11:42:23",
                "_end": "11:43:01",
                "data": {
                    "time": 45.330568
                }
            },
            {
                "time": {
                    "start": "2018-02-05T18:42:23.195Z",
                    "end": "2018-02-05T18:43:05.994Z"
                },
                "type": "SCRUB",
                "source": "data:drag",
                "_t": "11:42:23",
                "_end": "11:43:05",
                "data": {
                    "time": 63.667227
                }
            },
            {
                "time": {
                    "start": "2018-02-05T18:42:23.195Z",
                    "end": "2018-02-05T18:43:10.890Z"
                },
                "type": "SCRUB",
                "source": "data:drag",
                "_t": "11:42:23",
                "_end": "11:43:10",
                "data": {
                    "time": 63.667227
                }
            },
            {
                "time": {
                    "start": "2018-02-05T18:42:23.195Z",
                    "end": "2018-02-05T18:43:12.302Z"
                },
                "type": "SCRUB",
                "source": "data:drag",
                "_t": "11:42:23",
                "_end": "11:43:12",
                "data": {
                    "time": 103.346555
                }
            },
            {
                "time": {
                    "start": "2018-02-05T18:42:23.195Z",
                    "end": "2018-02-05T18:43:16.554Z"
                },
                "type": "SCRUB",
                "source": "data:drag",
                "_t": "11:42:23",
                "_end": "11:43:16",
                "data": {
                    "time": 125.691227
                }
            },
            {
                "time": {
                    "start": "2018-02-05T18:42:23.195Z",
                    "end": "2018-02-05T18:43:18.825Z"
                },
                "type": "SCRUB",
                "source": "data:drag",
                "_t": "11:42:23",
                "_end": "11:43:18",
                "data": {
                    "time": 125.691227
                }
            },
            {
                "time": {
                    "start": "2018-02-05T18:42:23.195Z",
                    "end": "2018-02-05T18:43:19.955Z"
                },
                "type": "SCRUB",
                "source": "data:drag",
                "_t": "11:42:23",
                "_end": "11:43:19",
                "data": {
                    "time": 156.352526
                }
            },
            {
                "time": {
                    "start": "2018-02-05T18:42:23.195Z",
                    "end": "2018-02-05T18:43:20.863Z"
                },
                "type": "SCRUB",
                "source": "data:drag",
                "_t": "11:42:23",
                "_end": "11:43:20",
                "data": {
                    "time": 164.969753
                }
            },
            {
                "time": {
                    "start": "2018-02-05T18:42:23.195Z",
                    "end": "2018-02-05T18:43:25.329Z"
                },
                "type": "SCRUB",
                "source": "data:drag",
                "_t": "11:42:23",
                "_end": "11:43:25",
                "data": {
                    "time": 178.146095
                }
            },
            {
                "time": {
                    "start": "2018-02-05T18:42:23.195Z",
                    "end": "2018-02-05T18:43:29.130Z"
                },
                "type": "SCRUB",
                "source": "data:drag",
                "_t": "11:42:23",
                "_end": "11:43:29",
                "data": {
                    "time": 178.216235
                }
            },
            {
                "time": {
                    "start": "2018-02-05T18:42:23.195Z",
                    "end": "2018-02-05T18:43:32.105Z"
                },
                "type": "SCRUB",
                "source": "data:drag",
                "_t": "11:42:23",
                "_end": "11:43:32",
                "data": {
                    "time": 178.216235
                }
            },
            {
                "time": "2018-02-05T18:43:32.649Z",
                "type": "PLAY",
                "source": "hotkey",
                "_t": "11:43:32",
                "_end": "-",
                "data": {
                    "key": "space"
                }
            },
            {
                "time": {
                    "start": "2018-02-05T18:42:23.195Z",
                    "end": "2018-02-05T18:43:36.950Z"
                },
                "type": "SCRUB",
                "source": "data:drag",
                "_t": "11:42:23",
                "_end": "11:43:36",
                "data": {
                    "time": 182.478282
                }
            },
            {
                "time": {
                    "start": "2018-02-05T18:42:23.195Z",
                    "end": "2018-02-05T18:43:37.098Z"
                },
                "type": "SCRUB",
                "source": "data:drag",
                "_t": "11:42:23",
                "_end": "11:43:37",
                "data": {
                    "time": 182.624922
                }
            },
            {
                "time": "2018-02-05T18:43:37.103Z",
                "type": "JUMP",
                "source": "data:dblclick:h_pos",
                "_t": "11:43:37",
                "_end": "-",
                "data": {
                    "from": 182.630019,
                    "to": 267.0594118247326
                }
            },
            {
                "time": "2018-02-05T18:43:38.076Z",
                "type": "PAUSE",
                "source": "hotkey",
                "_t": "11:43:38",
                "_end": "-",
                "data": {
                    "key": "space"
                }
            },
            {
                "time": "2018-02-05T18:43:46.691Z",
                "type": "PLAY",
                "source": "hotkey",
                "_t": "11:43:46",
                "_end": "-",
                "data": {
                    "key": "space"
                }
            },
            {
                "time": "2018-02-05T18:43:49.587Z",
                "type": "PAUSE",
                "source": "hotkey",
                "_t": "11:43:49",
                "_end": "-",
                "data": {
                    "key": "space"
                }
            },
            {
                "time": {
                    "start": "2018-02-05T18:42:23.195Z",
                    "end": "2018-02-05T18:43:54.573Z"
                },
                "type": "SCRUB",
                "source": "data:drag",
                "_t": "11:42:23",
                "_end": "11:43:54",
                "data": {
                    "time": 269.788424
                }
            },
            {
                "time": {
                    "start": "2018-02-05T18:42:23.195Z",
                    "end": "2018-02-05T18:44:02.034Z"
                },
                "type": "SCRUB",
                "source": "data:drag",
                "_t": "11:42:23",
                "_end": "11:44:02",
                "data": {
                    "time": 269.788424
                }
            },
            {
                "time": "2018-02-05T18:44:03.123Z",
                "type": "PLAY",
                "source": "hotkey",
                "_t": "11:44:03",
                "_end": "-",
                "data": {
                    "key": "space"
                }
            },
            {
                "time": {
                    "start": "2018-02-05T18:42:23.195Z",
                    "end": "2018-02-05T18:44:04.261Z"
                },
                "type": "SCRUB",
                "source": "data:drag",
                "_t": "11:42:23",
                "_end": "11:44:04",
                "data": {
                    "time": 284.777702
                }
            },
            {
                "time": {
                    "start": "2018-02-05T18:42:23.195Z",
                    "end": "2018-02-05T18:44:08.123Z"
                },
                "type": "SCRUB",
                "source": "data:drag",
                "_t": "11:42:23",
                "_end": "11:44:08",
                "data": {
                    "time": 288.449622
                }
            },
            {
                "time": {
                    "start": "2018-02-05T18:42:23.195Z",
                    "end": "2018-02-05T18:44:08.258Z"
                },
                "type": "SCRUB",
                "source": "data:drag",
                "_t": "11:42:23",
                "_end": "11:44:08",
                "data": {
                    "time": 288.58513
                }
            },
            {
                "time": "2018-02-05T18:44:08.265Z",
                "type": "JUMP",
                "source": "data:dblclick:h_pos",
                "_t": "11:44:08",
                "_end": "-",
                "data": {
                    "from": 288.589311,
                    "to": 331.3258074649055
                }
            },
            {
                "time": "2018-02-05T18:44:08.467Z",
                "type": "PAUSE",
                "source": "hotkey",
                "_t": "11:44:08",
                "_end": "-",
                "data": {
                    "key": "space"
                }
            },
            {
                "time": {
                    "start": "2018-02-05T18:42:23.195Z",
                    "end": "2018-02-05T18:44:13.001Z"
                },
                "type": "SCRUB",
                "source": "data:drag",
                "_t": "11:42:23",
                "_end": "11:44:13",
                "data": {
                    "time": 331.102486
                }
            },
            {
                "time": {
                    "start": "2018-02-05T18:42:23.195Z",
                    "end": "2018-02-05T18:44:24.123Z"
                },
                "type": "SCRUB",
                "source": "data:drag",
                "_t": "11:42:23",
                "_end": "11:44:24",
                "data": {
                    "time": 331.102486
                }
            },
            {
                "time": {
                    "start": "2018-02-05T18:42:23.195Z",
                    "end": "2018-02-05T18:44:32.875Z"
                },
                "type": "SCRUB",
                "source": "data:drag",
                "_t": "11:42:23",
                "_end": "11:44:32",
                "data": {
                    "time": 344.318908
                }
            },
            {
                "time": {
                    "start": "2018-02-05T18:42:23.195Z",
                    "end": "2018-02-05T18:44:35.706Z"
                },
                "type": "SCRUB",
                "source": "data:drag",
                "_t": "11:42:23",
                "_end": "11:44:35",
                "data": {
                    "time": 344.318908
                }
            },
            {
                "time": {
                    "start": "2018-02-05T18:42:23.195Z",
                    "end": "2018-02-05T18:44:35.859Z"
                },
                "type": "SCRUB",
                "source": "data:drag",
                "_t": "11:42:23",
                "_end": "11:44:35",
                "data": {
                    "time": 344.318908
                }
            },
            {
                "time": "2018-02-05T18:44:35.863Z",
                "type": "JUMP",
                "source": "data:dblclick:h_pos",
                "_t": "11:44:35",
                "_end": "-",
                "data": {
                    "from": 344.318908,
                    "to": 445.4440926909054
                }
            },
            {
                "time": {
                    "start": "2018-02-05T18:42:23.195Z",
                    "end": "2018-02-05T18:44:39.187Z"
                },
                "type": "SCRUB",
                "source": "data:drag",
                "_t": "11:42:23",
                "_end": "11:44:39",
                "data": {
                    "time": 445.444092
                }
            },
            {
                "time": {
                    "start": "2018-02-05T18:42:23.195Z",
                    "end": "2018-02-05T18:44:43.523Z"
                },
                "type": "SCRUB",
                "source": "data:drag",
                "_t": "11:42:23",
                "_end": "11:44:43",
                "data": {
                    "time": 446.732372
                }
            },
            {
                "time": {
                    "start": "2018-02-05T18:42:23.195Z",
                    "end": "2018-02-05T18:44:53.404Z"
                },
                "type": "SCRUB",
                "source": "data:drag",
                "_t": "11:42:23",
                "_end": "11:44:53",
                "data": {
                    "time": 446.732372
                }
            },
            {
                "time": {
                    "start": "2018-02-05T18:42:23.195Z",
                    "end": "2018-02-05T18:44:58.315Z"
                },
                "type": "SCRUB",
                "source": "data:drag",
                "_t": "11:42:23",
                "_end": "11:44:58",
                "data": {
                    "time": 446.732372
                }
            },
            {
                "time": {
                    "start": "2018-02-05T18:42:23.195Z",
                    "end": "2018-02-05T18:44:58.443Z"
                },
                "type": "SCRUB",
                "source": "data:drag",
                "_t": "11:42:23",
                "_end": "11:44:58",
                "data": {
                    "time": 446.732372
                }
            },
            {
                "time": "2018-02-05T18:44:58.449Z",
                "type": "JUMP",
                "source": "data:dblclick:h_pos",
                "_t": "11:44:58",
                "_end": "-",
                "data": {
                    "from": 446.732372,
                    "to": 563.5616662463393
                }
            },
            {
                "time": {
                    "start": "2018-02-05T18:42:23.195Z",
                    "end": "2018-02-05T18:45:02.426Z"
                },
                "type": "SCRUB",
                "source": "data:drag",
                "_t": "11:42:23",
                "_end": "11:45:02",
                "data": {
                    "time": 563.876439
                }
            },
            {
                "time": {
                    "start": "2018-02-05T18:42:23.195Z",
                    "end": "2018-02-05T18:45:04.122Z"
                },
                "type": "SCRUB",
                "source": "data:drag",
                "_t": "11:42:23",
                "_end": "11:45:04",
                "data": {
                    "time": 564.146244
                }
            },
            {
                "time": {
                    "start": "2018-02-05T18:42:23.195Z",
                    "end": "2018-02-05T18:45:09.331Z"
                },
                "type": "SCRUB",
                "source": "data:drag",
                "_t": "11:42:23",
                "_end": "11:45:09",
                "data": {
                    "time": 564.146244
                }
            },
            {
                "time": {
                    "start": "2018-02-05T18:42:23.195Z",
                    "end": "2018-02-05T18:45:12.953Z"
                },
                "type": "SCRUB",
                "source": "data:drag",
                "_t": "11:42:23",
                "_end": "11:45:12",
                "data": {
                    "time": 594.984228
                }
            },
            {
                "time": {
                    "start": "2018-02-05T18:42:23.195Z",
                    "end": "2018-02-05T18:45:16.191Z"
                },
                "type": "SCRUB",
                "source": "data:drag",
                "_t": "11:42:23",
                "_end": "11:45:16",
                "data": {
                    "time": 608.325726
                }
            }
        ]
    }
}