{
    "user_id": "056",
    "session_id": "5a78ba3dee2b1975ba835bd5",
    "study": "studyD",
    "workspace": "pill.pills-pink",
    "details": {
        "workspace": "pill.pills-pink",
        "labels": [
            {
                "time": 45.407517,
                "endTime": 53.19837833768283,
                "type": "pill",
                "id": 1
            },
            {
                "time": 63.954793,
                "endTime": 68.83036428874402,
                "type": "move",
                "id": 2
            },
            {
                "time": 125.829311,
                "endTime": 136.4349351435566,
                "type": "pill",
                "id": 3
            },
            {
                "time": 178.354795,
                "endTime": 180.7674488336064,
                "type": "move",
                "id": 4
            },
            {
                "time": 269.734058,
                "endTime": 279.03282798369145,
                "type": "pill",
                "id": 5
            },
            {
                "time": 331.055676,
                "endTime": 334.8757112365435,
                "type": "move",
                "id": 6
            },
            {
                "time": 446.712268,
                "endTime": 448.97413096900607,
                "type": "move",
                "id": 7
            },
            {
                "time": 564.379405,
                "endTime": 572.9744842822067,
                "type": "pill",
                "id": 8
            },
            {
                "time": 608.762182,
                "endTime": 611.3758903197404,
                "type": "move",
                "id": 9
            }
        ],
        "_starts": [
            "2018-02-05T20:39:58.000Z"
        ],
        "_ends": [
            "2018-02-05T20:42:07.231Z"
        ]
    },
    "labels_file": "/home/ubuntu/vat/data/user-studies/studyD/pills-pink/056.labels.json",
    "videoFlash": 0.561365,
    "surveys": {
        "user-info": {
            "firstname": "Justin",
            "lastname": "Egbert",
            "email": "Jegber@gmail.com"
        },
        "practice-first": {
            "question1": "5",
            "question2": "ok",
            "question3": "100",
            "question4": "5"
        },
        "practice-second": {},
        "practice-third": {},
        "practice-survey": {},
        "pill-blue": {
            "question1": "5",
            "question2": "5",
            "question3": "90",
            "question4": "100"
        },
        "pill-red": {
            "question1": "1",
            "question2": "3",
            "question3": "10",
            "question4": "100"
        },
        "pill-orange": {
            "question1": "4",
            "question2": "4",
            "question3": "100",
            "question4": "100"
        },
        "pills-survey": {
            "question1": "5",
            "question2": "2",
            "question3": "5",
            "question4": "5"
        },
        "run-blue": {
            "question1": "5",
            "question2": "5",
            "question3": "100",
            "question4": "100"
        },
        "run-yellow": {
            "question1": "1",
            "question2": "4",
            "question3": "40",
            "question4": "100"
        },
        "run-red": {
            "question1": "2",
            "question2": "2",
            "question3": "100",
            "question4": "50"
        },
        "run-survey": {
            "question1": "5",
            "question2": "2",
            "question3": "5",
            "question4": "5"
        }
    },
    "logs": {
        "labelEvents": [
            {
                "time": "2018-02-05T20:41:04.252Z",
                "type": "START",
                "source": "side-bar:button",
                "_t": "13:41:04",
                "_end": "-",
                "data": {
                    "type": "pill",
                    "time": 45.407517
                }
            },
            {
                "time": "2018-02-05T20:41:07.220Z",
                "type": "END",
                "source": "data:click:h_pos",
                "_t": "13:41:07",
                "_end": "-",
                "data": {
                    "lbl": {
                        "time": 45.407517,
                        "endTime": 53.19837833768283,
                        "type": "pill",
                        "id": 1
                    }
                }
            },
            {
                "time": "2018-02-05T20:41:11.293Z",
                "type": "START",
                "source": "side-bar:button",
                "_t": "13:41:11",
                "_end": "-",
                "data": {
                    "type": "move",
                    "time": 63.954793
                }
            },
            {
                "time": "2018-02-05T20:41:12.976Z",
                "type": "END",
                "source": "data:click:h_pos",
                "_t": "13:41:12",
                "_end": "-",
                "data": {
                    "lbl": {
                        "time": 63.954793,
                        "endTime": 68.83036428874402,
                        "type": "move",
                        "id": 2
                    }
                }
            },
            {
                "time": "2018-02-05T20:41:21.269Z",
                "type": "START",
                "source": "side-bar:button",
                "_t": "13:41:21",
                "_end": "-",
                "data": {
                    "type": "pill",
                    "time": 125.829311
                }
            },
            {
                "time": "2018-02-05T20:41:23.082Z",
                "type": "END",
                "source": "data:click:h_pos",
                "_t": "13:41:23",
                "_end": "-",
                "data": {
                    "lbl": {
                        "time": 125.829311,
                        "endTime": 136.4349351435566,
                        "type": "pill",
                        "id": 3
                    }
                }
            },
            {
                "time": "2018-02-05T20:41:26.294Z",
                "type": "START",
                "source": "side-bar:button",
                "_t": "13:41:26",
                "_end": "-",
                "data": {
                    "type": "move",
                    "time": 178.354795
                }
            },
            {
                "time": "2018-02-05T20:41:28.098Z",
                "type": "END",
                "source": "data:click:h_pos",
                "_t": "13:41:28",
                "_end": "-",
                "data": {
                    "lbl": {
                        "time": 178.354795,
                        "endTime": 180.7674488336064,
                        "type": "move",
                        "id": 4
                    }
                }
            },
            {
                "time": "2018-02-05T20:41:34.093Z",
                "type": "START",
                "source": "side-bar:button",
                "_t": "13:41:34",
                "_end": "-",
                "data": {
                    "type": "move",
                    "time": 269.734058
                }
            },
            {
                "time": "2018-02-05T20:41:35.485Z",
                "type": "START",
                "source": "side-bar:button",
                "_t": "13:41:35",
                "_end": "-",
                "data": {
                    "type": "pill",
                    "time": 269.734058
                }
            },
            {
                "time": "2018-02-05T20:41:38.224Z",
                "type": "END",
                "source": "data:click:h_pos",
                "_t": "13:41:38",
                "_end": "-",
                "data": {
                    "lbl": {
                        "time": 269.734058,
                        "endTime": 279.03282798369145,
                        "type": "pill",
                        "id": 5
                    }
                }
            },
            {
                "time": "2018-02-05T20:41:41.789Z",
                "type": "START",
                "source": "side-bar:button",
                "_t": "13:41:41",
                "_end": "-",
                "data": {
                    "type": "move",
                    "time": 331.055676
                }
            },
            {
                "time": "2018-02-05T20:41:43.135Z",
                "type": "END",
                "source": "data:click:h_pos",
                "_t": "13:41:43",
                "_end": "-",
                "data": {
                    "lbl": {
                        "time": 331.055676,
                        "endTime": 334.8757112365435,
                        "type": "move",
                        "id": 6
                    }
                }
            },
            {
                "time": "2018-02-05T20:41:47.397Z",
                "type": "START",
                "source": "side-bar:button",
                "_t": "13:41:47",
                "_end": "-",
                "data": {
                    "type": "move",
                    "time": 446.712268
                }
            },
            {
                "time": "2018-02-05T20:41:49.759Z",
                "type": "END",
                "source": "data:click:h_pos",
                "_t": "13:41:49",
                "_end": "-",
                "data": {
                    "lbl": {
                        "time": 446.712268,
                        "endTime": 448.97413096900607,
                        "type": "move",
                        "id": 7
                    }
                }
            },
            {
                "time": "2018-02-05T20:41:56.998Z",
                "type": "START",
                "source": "hotkey",
                "_t": "13:41:56",
                "_end": "-",
                "data": {
                    "type": "pill",
                    "time": 564.379405
                }
            },
            {
                "time": "2018-02-05T20:41:58.208Z",
                "type": "END",
                "source": "data:click:h_pos",
                "_t": "13:41:58",
                "_end": "-",
                "data": {
                    "lbl": {
                        "time": 564.379405,
                        "endTime": 572.9744842822067,
                        "type": "pill",
                        "id": 8
                    }
                }
            },
            {
                "time": "2018-02-05T20:42:02.153Z",
                "type": "START",
                "source": "hotkey",
                "_t": "13:42:02",
                "_end": "-",
                "data": {
                    "type": "move",
                    "time": 608.762182
                }
            },
            {
                "time": "2018-02-05T20:42:05.352Z",
                "type": "END",
                "source": "data:click:h_pos",
                "_t": "13:42:05",
                "_end": "-",
                "data": {
                    "lbl": {
                        "time": 608.762182,
                        "endTime": 611.3758903197404,
                        "type": "move",
                        "id": 9
                    }
                }
            }
        ],
        "navigationEvents": [
            {
                "time": {
                    "start": "2018-02-05T20:39:58.189Z",
                    "end": "2018-02-05T20:40:54.308Z"
                },
                "type": "SCRUB",
                "source": "data:drag",
                "_t": "13:39:58",
                "_end": "13:40:54",
                "data": {
                    "time": 9.10618
                }
            },
            {
                "time": "2018-02-05T20:40:57.910Z",
                "type": "PAUSE",
                "source": "hotkey",
                "_t": "13:40:57",
                "_end": "-",
                "data": {
                    "key": "space"
                }
            },
            {
                "time": {
                    "start": "2018-02-05T20:39:58.189Z",
                    "end": "2018-02-05T20:41:01.156Z"
                },
                "type": "SCRUB",
                "source": "data:drag",
                "_t": "13:39:58",
                "_end": "13:41:01",
                "data": {
                    "time": 45.407517
                }
            },
            {
                "time": {
                    "start": "2018-02-05T20:39:58.189Z",
                    "end": "2018-02-05T20:41:07.218Z"
                },
                "type": "SCRUB",
                "source": "data:drag",
                "_t": "13:39:58",
                "_end": "13:41:07",
                "data": {
                    "time": 45.407517
                }
            },
            {
                "time": {
                    "start": "2018-02-05T20:39:58.189Z",
                    "end": "2018-02-05T20:41:09.956Z"
                },
                "type": "SCRUB",
                "source": "data:drag",
                "_t": "13:39:58",
                "_end": "13:41:09",
                "data": {
                    "time": 63.954793
                }
            },
            {
                "time": {
                    "start": "2018-02-05T20:39:58.189Z",
                    "end": "2018-02-05T20:41:12.973Z"
                },
                "type": "SCRUB",
                "source": "data:drag",
                "_t": "13:39:58",
                "_end": "13:41:12",
                "data": {
                    "time": 63.954793
                }
            },
            {
                "time": {
                    "start": "2018-02-05T20:39:58.189Z",
                    "end": "2018-02-05T20:41:16.325Z"
                },
                "type": "SCRUB",
                "source": "data:drag",
                "_t": "13:39:58",
                "_end": "13:41:16",
                "data": {
                    "time": 125.829311
                }
            },
            {
                "time": {
                    "start": "2018-02-05T20:39:58.189Z",
                    "end": "2018-02-05T20:41:23.081Z"
                },
                "type": "SCRUB",
                "source": "data:drag",
                "_t": "13:39:58",
                "_end": "13:41:23",
                "data": {
                    "time": 125.829311
                }
            },
            {
                "time": {
                    "start": "2018-02-05T20:39:58.189Z",
                    "end": "2018-02-05T20:41:25.046Z"
                },
                "type": "SCRUB",
                "source": "data:drag",
                "_t": "13:39:58",
                "_end": "13:41:25",
                "data": {
                    "time": 178.354795
                }
            },
            {
                "time": {
                    "start": "2018-02-05T20:39:58.189Z",
                    "end": "2018-02-05T20:41:28.097Z"
                },
                "type": "SCRUB",
                "source": "data:drag",
                "_t": "13:39:58",
                "_end": "13:41:28",
                "data": {
                    "time": 178.354795
                }
            },
            {
                "time": {
                    "start": "2018-02-05T20:39:58.189Z",
                    "end": "2018-02-05T20:41:29.080Z"
                },
                "type": "SCRUB",
                "source": "data:drag",
                "_t": "13:39:58",
                "_end": "13:41:29",
                "data": {
                    "time": 242.13933
                }
            },
            {
                "time": {
                    "start": "2018-02-05T20:39:58.189Z",
                    "end": "2018-02-05T20:41:32.716Z"
                },
                "type": "SCRUB",
                "source": "data:drag",
                "_t": "13:39:58",
                "_end": "13:41:32",
                "data": {
                    "time": 269.734058
                }
            },
            {
                "time": {
                    "start": "2018-02-05T20:39:58.189Z",
                    "end": "2018-02-05T20:41:38.221Z"
                },
                "type": "SCRUB",
                "source": "data:drag",
                "_t": "13:39:58",
                "_end": "13:41:38",
                "data": {
                    "time": 269.734058
                }
            },
            {
                "time": {
                    "start": "2018-02-05T20:39:58.189Z",
                    "end": "2018-02-05T20:41:40.540Z"
                },
                "type": "SCRUB",
                "source": "data:drag",
                "_t": "13:39:58",
                "_end": "13:41:40",
                "data": {
                    "time": 331.055676
                }
            },
            {
                "time": {
                    "start": "2018-02-05T20:39:58.189Z",
                    "end": "2018-02-05T20:41:43.133Z"
                },
                "type": "SCRUB",
                "source": "data:drag",
                "_t": "13:39:58",
                "_end": "13:41:43",
                "data": {
                    "time": 331.055676
                }
            },
            {
                "time": {
                    "start": "2018-02-05T20:39:58.189Z",
                    "end": "2018-02-05T20:41:44.266Z"
                },
                "type": "SCRUB",
                "source": "data:drag",
                "_t": "13:39:58",
                "_end": "13:41:44",
                "data": {
                    "time": 395.24232
                }
            },
            {
                "time": {
                    "start": "2018-02-05T20:39:58.189Z",
                    "end": "2018-02-05T20:41:46.677Z"
                },
                "type": "SCRUB",
                "source": "data:drag",
                "_t": "13:39:58",
                "_end": "13:41:46",
                "data": {
                    "time": 446.712268
                }
            },
            {
                "time": {
                    "start": "2018-02-05T20:39:58.189Z",
                    "end": "2018-02-05T20:41:49.757Z"
                },
                "type": "SCRUB",
                "source": "data:drag",
                "_t": "13:39:58",
                "_end": "13:41:49",
                "data": {
                    "time": 446.712268
                }
            },
            {
                "time": {
                    "start": "2018-02-05T20:39:58.189Z",
                    "end": "2018-02-05T20:41:50.819Z"
                },
                "type": "SCRUB",
                "source": "data:drag",
                "_t": "13:39:58",
                "_end": "13:41:50",
                "data": {
                    "time": 472.69856
                }
            },
            {
                "time": {
                    "start": "2018-02-05T20:39:58.189Z",
                    "end": "2018-02-05T20:41:51.967Z"
                },
                "type": "SCRUB",
                "source": "data:drag",
                "_t": "13:39:58",
                "_end": "13:41:51",
                "data": {
                    "time": 519.493991
                }
            },
            {
                "time": {
                    "start": "2018-02-05T20:39:58.189Z",
                    "end": "2018-02-05T20:41:55.287Z"
                },
                "type": "SCRUB",
                "source": "data:drag",
                "_t": "13:39:58",
                "_end": "13:41:55",
                "data": {
                    "time": 564.379405
                }
            },
            {
                "time": {
                    "start": "2018-02-05T20:39:58.189Z",
                    "end": "2018-02-05T20:41:58.205Z"
                },
                "type": "SCRUB",
                "source": "data:drag",
                "_t": "13:39:58",
                "_end": "13:41:58",
                "data": {
                    "time": 564.379405
                }
            },
            {
                "time": {
                    "start": "2018-02-05T20:39:58.189Z",
                    "end": "2018-02-05T20:42:00.733Z"
                },
                "type": "SCRUB",
                "source": "data:drag",
                "_t": "13:39:58",
                "_end": "13:42:00",
                "data": {
                    "time": 608.762182
                }
            },
            {
                "time": {
                    "start": "2018-02-05T20:39:58.189Z",
                    "end": "2018-02-05T20:42:05.349Z"
                },
                "type": "SCRUB",
                "source": "data:drag",
                "_t": "13:39:58",
                "_end": "13:42:05",
                "data": {
                    "time": 608.762182
                }
            }
        ]
    }
}