{
    "user_id": "blue 4",
    "session_id": "5cf0390a81249f67dd06a9d7",
    "study": "studyE",
    "workspace": "cane.cane-vid1-dat2",
    "details": {
        "workspace": "cane.cane-vid1-dat2",
        "labels": [
            {
                "time": 26.472914164552726,
                "endTime": 28.44050682536585,
                "type": "ground",
                "id": 1
            },
            {
                "time": 30.520735,
                "endTime": 33.558916,
                "type": "ground",
                "id": 2
            },
            {
                "time": 35.835515,
                "endTime": 39.992154,
                "type": "ground",
                "id": 3
            },
            {
                "time": 41.958318,
                "endTime": 45.48407,
                "type": "ground",
                "id": 4
            },
            {
                "time": 63.280119,
                "endTime": 64.848531,
                "type": "ground",
                "id": 5
            },
            {
                "time": 65.993822,
                "endTime": 66.831318,
                "type": "ground",
                "id": 6
            },
            {
                "time": 67.675761,
                "endTime": 68.411017,
                "type": "ground",
                "id": 7
            },
            {
                "time": 69.245212,
                "endTime": 69.957817,
                "type": "ground",
                "id": 8
            },
            {
                "time": 70.76748,
                "endTime": 71.626932,
                "type": "ground",
                "id": 9
            },
            {
                "time": 72.532443,
                "endTime": 73.317259,
                "type": "ground",
                "id": 10
            }
        ],
        "_starts": [
            "2019-05-30T20:16:58.000Z"
        ],
        "_ends": [
            "2019-05-30T20:19:16.351Z"
        ]
    },
    "labels_file": "/home/ubuntu/vat/data/user-studies/studyE/practice-second/blue 4.labels.json",
    "videoFlash": 1.922515,
    "surveys": {
        "user-info": {
            "firstname": "Jo Yu",
            "lastname": "Wu",
            "email": "anita248846@gmail.com"
        },
        "practice-first": {
            "question1": "3",
            "question2": "okay",
            "question3": "10",
            "question4": "4"
        }
    },
    "logs": {
        "labelEvents": [
            {
                "time": "2019-05-30T20:17:31.043Z",
                "type": "START",
                "source": "side-bar:button",
                "_t": "14:17:31",
                "_end": "-",
                "data": {
                    "type": "ground",
                    "time": 24.676471
                }
            },
            {
                "time": "2019-05-30T20:17:49.705Z",
                "type": "END",
                "source": "side-bar:button:ctb",
                "_t": "14:17:49",
                "_end": "-",
                "data": {
                    "lbl": {
                        "time": 26.472914164552726,
                        "endTime": 28.44050682536585,
                        "type": "ground",
                        "id": 1
                    }
                }
            },
            {
                "time": "2019-05-30T20:17:53.524Z",
                "type": "SELECT",
                "source": "data:click",
                "_t": "14:17:53",
                "_end": "-",
                "data": {
                    "time": 26.472914164552726,
                    "endTime": 28.44050682536585,
                    "type": "ground",
                    "id": 1
                }
            },
            {
                "time": {
                    "start": "2019-05-30T20:17:54.305Z",
                    "end": "2019-05-30T20:17:56.765Z"
                },
                "type": "RESIZE",
                "source": "data:brush",
                "_t": "14:17:54",
                "_end": "14:17:56",
                "data": {
                    "brushing": true,
                    "origin": [
                        24.676471,
                        28.545154
                    ],
                    "_brushside": 0,
                    "start": "2019-05-30T20:17:54.305Z",
                    "ε": 0.1,
                    "mode": "resize"
                }
            },
            {
                "time": {
                    "start": "2019-05-30T20:17:58.703Z",
                    "end": "2019-05-30T20:18:00.084Z"
                },
                "type": "RESIZE",
                "source": "data:brush",
                "_t": "14:17:58",
                "_end": "14:18:00",
                "data": {
                    "brushing": true,
                    "origin": [
                        26.47291416455281,
                        28.545154
                    ],
                    "_brushside": 1,
                    "start": "2019-05-30T20:17:58.703Z",
                    "ε": 0.1,
                    "mode": "resize"
                }
            },
            {
                "time": "2019-05-30T20:18:03.485Z",
                "type": "START",
                "source": "side-bar:button",
                "_t": "14:18:03",
                "_end": "-",
                "data": {
                    "type": "ground",
                    "time": 30.520735
                }
            },
            {
                "time": "2019-05-30T20:18:06.525Z",
                "type": "END",
                "source": "side-bar:button:ctb",
                "_t": "14:18:06",
                "_end": "-",
                "data": {
                    "lbl": {
                        "time": 30.520735,
                        "endTime": 33.558916,
                        "type": "ground",
                        "id": 2
                    }
                }
            },
            {
                "time": "2019-05-30T20:18:15.868Z",
                "type": "START",
                "source": "side-bar:button",
                "_t": "14:18:15",
                "_end": "-",
                "data": {
                    "type": "ground",
                    "time": 35.835515
                }
            },
            {
                "time": "2019-05-30T20:18:30.079Z",
                "type": "END",
                "source": "side-bar:button:ctb",
                "_t": "14:18:30",
                "_end": "-",
                "data": {
                    "lbl": {
                        "time": 35.835515,
                        "endTime": 39.992154,
                        "type": "ground",
                        "id": 3
                    }
                }
            },
            {
                "time": "2019-05-30T20:18:34.011Z",
                "type": "START",
                "source": "side-bar:button",
                "_t": "14:18:34",
                "_end": "-",
                "data": {
                    "type": "ground",
                    "time": 41.958318
                }
            },
            {
                "time": "2019-05-30T20:18:41.061Z",
                "type": "END",
                "source": "side-bar:button:ctb",
                "_t": "14:18:41",
                "_end": "-",
                "data": {
                    "lbl": {
                        "time": 41.958318,
                        "endTime": 45.48407,
                        "type": "ground",
                        "id": 4
                    }
                }
            },
            {
                "time": "2019-05-30T20:18:55.997Z",
                "type": "START",
                "source": "side-bar:button",
                "_t": "14:18:55",
                "_end": "-",
                "data": {
                    "type": "ground",
                    "time": 63.280119
                }
            },
            {
                "time": "2019-05-30T20:18:59.134Z",
                "type": "END",
                "source": "side-bar:button:ctb",
                "_t": "14:18:59",
                "_end": "-",
                "data": {
                    "lbl": {
                        "time": 63.280119,
                        "endTime": 64.848531,
                        "type": "ground",
                        "id": 5
                    }
                }
            },
            {
                "time": "2019-05-30T20:19:01.428Z",
                "type": "START",
                "source": "side-bar:button",
                "_t": "14:19:01",
                "_end": "-",
                "data": {
                    "type": "ground",
                    "time": 65.993822
                }
            },
            {
                "time": "2019-05-30T20:19:03.102Z",
                "type": "END",
                "source": "side-bar:button:ctb",
                "_t": "14:19:03",
                "_end": "-",
                "data": {
                    "lbl": {
                        "time": 65.993822,
                        "endTime": 66.831318,
                        "type": "ground",
                        "id": 6
                    }
                }
            },
            {
                "time": "2019-05-30T20:19:04.788Z",
                "type": "START",
                "source": "side-bar:button",
                "_t": "14:19:04",
                "_end": "-",
                "data": {
                    "type": "ground",
                    "time": 67.675761
                }
            },
            {
                "time": "2019-05-30T20:19:06.262Z",
                "type": "END",
                "source": "side-bar:button:ctb",
                "_t": "14:19:06",
                "_end": "-",
                "data": {
                    "lbl": {
                        "time": 67.675761,
                        "endTime": 68.411017,
                        "type": "ground",
                        "id": 7
                    }
                }
            },
            {
                "time": "2019-05-30T20:19:07.924Z",
                "type": "START",
                "source": "side-bar:button",
                "_t": "14:19:07",
                "_end": "-",
                "data": {
                    "type": "ground",
                    "time": 69.245212
                }
            },
            {
                "time": "2019-05-30T20:19:09.350Z",
                "type": "END",
                "source": "side-bar:button:ctb",
                "_t": "14:19:09",
                "_end": "-",
                "data": {
                    "lbl": {
                        "time": 69.245212,
                        "endTime": 69.957817,
                        "type": "ground",
                        "id": 8
                    }
                }
            },
            {
                "time": "2019-05-30T20:19:10.972Z",
                "type": "START",
                "source": "side-bar:button",
                "_t": "14:19:10",
                "_end": "-",
                "data": {
                    "type": "ground",
                    "time": 70.76748
                }
            },
            {
                "time": "2019-05-30T20:19:12.692Z",
                "type": "END",
                "source": "side-bar:button:ctb",
                "_t": "14:19:12",
                "_end": "-",
                "data": {
                    "lbl": {
                        "time": 70.76748,
                        "endTime": 71.626932,
                        "type": "ground",
                        "id": 9
                    }
                }
            },
            {
                "time": "2019-05-30T20:19:14.502Z",
                "type": "START",
                "source": "side-bar:button",
                "_t": "14:19:14",
                "_end": "-",
                "data": {
                    "type": "ground",
                    "time": 72.532443
                }
            },
            {
                "time": "2019-05-30T20:19:16.070Z",
                "type": "END",
                "source": "side-bar:button:ctb",
                "_t": "14:19:16",
                "_end": "-",
                "data": {
                    "lbl": {
                        "time": 72.532443,
                        "endTime": 73.317259,
                        "type": "ground",
                        "id": 10
                    }
                }
            }
        ],
        "navigationEvents": [
            {
                "time": {
                    "start": "2019-05-30T20:17:20.231Z",
                    "end": "2019-05-30T20:17:20.267Z"
                },
                "type": "SCRUB",
                "source": "video:drag",
                "_t": "14:17:20",
                "_end": "14:17:20",
                "data": {
                    "to": 15.942062,
                    "from": 4.747973
                }
            },
            {
                "time": "2019-05-30T20:17:29.064Z",
                "type": "PAUSE",
                "source": "video:button",
                "_t": "14:17:29",
                "_end": "-"
            },
            {
                "time": "2019-05-30T20:17:34.130Z",
                "type": "PLAY",
                "source": "video:button",
                "_t": "14:17:34",
                "_end": "-"
            },
            {
                "time": "2019-05-30T20:17:37.988Z",
                "type": "PAUSE",
                "source": "video:button",
                "_t": "14:17:37",
                "_end": "-"
            },
            {
                "time": {
                    "start": "2019-05-30T20:16:58.535Z",
                    "end": "2019-05-30T20:17:53.523Z"
                },
                "type": "SCRUB",
                "source": "data:drag",
                "_t": "14:16:58",
                "_end": "14:17:53",
                "data": {
                    "time": 28.545154
                }
            },
            {
                "time": {
                    "start": "2019-05-30T20:16:58.535Z",
                    "end": "2019-05-30T20:17:56.775Z"
                },
                "type": "SCRUB",
                "source": "data:drag",
                "_t": "14:16:58",
                "_end": "14:17:56",
                "data": {
                    "time": 28.545154
                }
            },
            {
                "time": {
                    "start": "2019-05-30T20:16:58.535Z",
                    "end": "2019-05-30T20:18:00.092Z"
                },
                "type": "SCRUB",
                "source": "data:drag",
                "_t": "14:16:58",
                "_end": "14:18:00",
                "data": {
                    "time": 28.545154
                }
            },
            {
                "time": "2019-05-30T20:18:01.381Z",
                "type": "PLAY",
                "source": "video:button",
                "_t": "14:18:01",
                "_end": "-"
            },
            {
                "time": "2019-05-30T20:18:07.636Z",
                "type": "PAUSE",
                "source": "video:button",
                "_t": "14:18:07",
                "_end": "-"
            },
            {
                "time": "2019-05-30T20:18:08.562Z",
                "type": "CHANGE-PLAYBACK-RATE",
                "source": "video:button",
                "_t": "14:18:08",
                "_end": "-",
                "data": {
                    "oldRate": 1,
                    "newRate": 1.5
                }
            },
            {
                "time": "2019-05-30T20:18:09.772Z",
                "type": "CHANGE-PLAYBACK-RATE",
                "source": "video:menu",
                "_t": "14:18:09",
                "_end": "-",
                "data": {
                    "oldRate": 1.5,
                    "newRate": 0.25
                }
            },
            {
                "time": "2019-05-30T20:18:11.467Z",
                "type": "PLAY",
                "source": "video:button",
                "_t": "14:18:11",
                "_end": "-"
            },
            {
                "time": "2019-05-30T20:18:27.572Z",
                "type": "CHANGE-PLAYBACK-RATE",
                "source": "video:menu",
                "_t": "14:18:27",
                "_end": "-",
                "data": {
                    "oldRate": 0.25,
                    "newRate": 0.5
                }
            },
            {
                "time": {
                    "start": "2019-05-30T20:18:45.536Z",
                    "end": "2019-05-30T20:18:45.571Z"
                },
                "type": "SCRUB",
                "source": "video:drag",
                "_t": "14:18:45",
                "_end": "14:18:45",
                "data": {
                    "to": 56.856949,
                    "from": 47.7222
                }
            },
            {
                "time": {
                    "start": "2019-05-30T20:18:47.488Z",
                    "end": "2019-05-30T20:18:47.539Z"
                },
                "type": "SCRUB",
                "source": "video:drag",
                "_t": "14:18:47",
                "_end": "14:18:47",
                "data": {
                    "to": 70.955998,
                    "from": 57.775611
                }
            },
            {
                "time": {
                    "start": "2019-05-30T20:18:48.647Z",
                    "end": "2019-05-30T20:18:48.692Z"
                },
                "type": "SCRUB",
                "source": "video:drag",
                "_t": "14:18:48",
                "_end": "14:18:48",
                "data": {
                    "to": 49.484897,
                    "from": 71.479226
                }
            },
            {
                "time": {
                    "start": "2019-05-30T20:18:49.847Z",
                    "end": "2019-05-30T20:18:49.883Z"
                },
                "type": "SCRUB",
                "source": "video:drag",
                "_t": "14:18:49",
                "_end": "14:18:49",
                "data": {
                    "to": 60.266523,
                    "from": 49.796448
                }
            }
        ]
    }
}