[{"time":26.472914164552726,"endTime":28.44050682536585,"type":"ground","id":1},{"time":30.520735,"endTime":33.558916,"type":"ground","id":2},{"time":35.835515,"endTime":39.992154,"type":"ground","id":3},{"time":41.958318,"endTime":45.48407,"type":"ground","id":4},{"time":63.280119,"endTime":64.848531,"type":"ground","id":5},{"time":65.993822,"endTime":66.831318,"type":"ground","id":6},{"time":67.675761,"endTime":68.411017,"type":"ground","id":7},{"time":69.245212,"endTime":69.957817,"type":"ground","id":8},{"time":70.76748,"endTime":71.626932,"type":"ground","id":9},{"time":72.532443,"endTime":73.317259,"type":"ground","id":10}]