{
    "user_id": "green2",
    "session_id": "5d32237581249f67dd06ab93",
    "study": "studyE",
    "workspace": "cane.cane-vid1-dat2",
    "details": {
        "workspace": "cane.cane-vid1-dat2",
        "labels": [
            {
                "time": 30.700487,
                "endTime": 32.27891521739873,
                "type": "ground",
                "id": 1
            },
            {
                "time": 33.292586,
                "endTime": 34.00767502666683,
                "type": "ground",
                "id": 2
            },
            {
                "time": 41.751565,
                "endTime": 42.97244870406449,
                "type": "ground",
                "id": 3
            }
        ],
        "_starts": [
            "2019-07-19T20:14:29.000Z"
        ],
        "_ends": [
            "2019-07-19T20:16:41.679Z"
        ]
    },
    "labels_file": "/home/ubuntu/vat/data/user-studies/studyE/practice-second/green2.labels.json",
    "videoFlash": 1.922515,
    "surveys": {
        "user-info": {
            "firstname": "Victoria",
            "lastname": "Santore-Tovar",
            "email": "vsantoretovar@gmail.com"
        },
        "practice-first": {
            "question1": "5",
            "question2": "ok",
            "question3": "10",
            "question4": "4"
        }
    },
    "logs": {
        "labelEvents": [
            {
                "time": "2019-07-19T20:14:50.679Z",
                "type": "START",
                "source": "side-bar:button",
                "_t": "14:14:50",
                "_end": "-",
                "data": {
                    "type": "ground",
                    "time": 26.348909
                }
            },
            {
                "time": "2019-07-19T20:14:59.426Z",
                "type": "START",
                "source": "side-bar:button",
                "_t": "14:14:59",
                "_end": "-",
                "data": {
                    "type": "ground",
                    "time": 26.348909
                }
            },
            {
                "time": "2019-07-19T20:14:59.623Z",
                "type": "START",
                "source": "side-bar:button",
                "_t": "14:14:59",
                "_end": "-",
                "data": {
                    "type": "ground",
                    "time": 26.348909
                }
            },
            {
                "time": "2019-07-19T20:15:01.136Z",
                "type": "START",
                "source": "side-bar:button",
                "_t": "14:15:01",
                "_end": "-",
                "data": {
                    "type": "ground",
                    "time": 26.348909
                }
            },
            {
                "time": "2019-07-19T20:15:06.114Z",
                "type": "END",
                "source": "data:click:h_pos",
                "_t": "14:15:06",
                "_end": "-",
                "data": {
                    "lbl": {
                        "time": 26.348909,
                        "endTime": 28.415690699023454,
                        "type": "ground",
                        "id": 1
                    }
                }
            },
            {
                "time": "2019-07-19T20:15:11.386Z",
                "type": "SELECT",
                "source": "data:click",
                "_t": "14:15:11",
                "_end": "-",
                "data": {
                    "time": 26.348909,
                    "endTime": 28.415690699023454,
                    "type": "ground",
                    "id": 1
                }
            },
            {
                "time": "2019-07-19T20:15:12.624Z",
                "type": "DELETE",
                "source": "side-bar:button",
                "_t": "14:15:12",
                "_end": "-",
                "data": {
                    "id": 1,
                    "idx": 0
                }
            },
            {
                "time": "2019-07-19T20:15:14.383Z",
                "type": "START",
                "source": "side-bar:button",
                "_t": "14:15:14",
                "_end": "-",
                "data": {
                    "type": "ground",
                    "time": 30.700487
                }
            },
            {
                "time": "2019-07-19T20:15:22.340Z",
                "type": "END",
                "source": "data:click:h_pos",
                "_t": "14:15:22",
                "_end": "-",
                "data": {
                    "lbl": {
                        "time": 30.700487,
                        "endTime": 32.27891521739873,
                        "type": "ground",
                        "id": 1
                    }
                }
            },
            {
                "time": "2019-07-19T20:15:26.432Z",
                "type": "START",
                "source": "side-bar:button",
                "_t": "14:15:26",
                "_end": "-",
                "data": {
                    "type": "ground",
                    "time": 30.700487
                }
            },
            {
                "time": "2019-07-19T20:15:45.235Z",
                "type": "END",
                "source": "data:click:h_pos",
                "_t": "14:15:45",
                "_end": "-",
                "data": {
                    "lbl": {
                        "time": 30.700487,
                        "endTime": 34.08451800406972,
                        "type": "ground",
                        "id": 2
                    }
                }
            },
            {
                "time": "2019-07-19T20:15:47.522Z",
                "type": "SELECT",
                "source": "data:click",
                "_t": "14:15:47",
                "_end": "-",
                "data": {
                    "time": 30.700487,
                    "endTime": 34.08451800406972,
                    "type": "ground",
                    "id": 2
                }
            },
            {
                "time": "2019-07-19T20:15:52.337Z",
                "type": "DESELECT",
                "source": "data:click",
                "_t": "14:15:52",
                "_end": "-",
                "data": {
                    "time": 30.700487,
                    "endTime": 34.08451800406972,
                    "type": "ground",
                    "id": 2
                }
            },
            {
                "time": "2019-07-19T20:15:54.106Z",
                "type": "SELECT",
                "source": "data:click",
                "_t": "14:15:54",
                "_end": "-",
                "data": {
                    "time": 30.700487,
                    "endTime": 34.08451800406972,
                    "type": "ground",
                    "id": 2
                }
            },
            {
                "time": "2019-07-19T20:15:54.278Z",
                "type": "DESELECT",
                "source": "data:click",
                "_t": "14:15:54",
                "_end": "-",
                "data": {
                    "time": 30.700487,
                    "endTime": 34.08451800406972,
                    "type": "ground",
                    "id": 2
                }
            },
            {
                "time": "2019-07-19T20:15:55.618Z",
                "type": "SELECT",
                "source": "data:click",
                "_t": "14:15:55",
                "_end": "-",
                "data": {
                    "time": 30.700487,
                    "endTime": 34.08451800406972,
                    "type": "ground",
                    "id": 2
                }
            },
            {
                "time": "2019-07-19T20:15:56.165Z",
                "type": "DESELECT",
                "source": "data:click",
                "_t": "14:15:56",
                "_end": "-",
                "data": {
                    "time": 30.700487,
                    "endTime": 34.08451800406972,
                    "type": "ground",
                    "id": 2
                }
            },
            {
                "time": "2019-07-19T20:15:56.634Z",
                "type": "SELECT",
                "source": "data:click",
                "_t": "14:15:56",
                "_end": "-",
                "data": {
                    "time": 30.700487,
                    "endTime": 34.08451800406972,
                    "type": "ground",
                    "id": 2
                }
            },
            {
                "time": "2019-07-19T20:15:57.623Z",
                "type": "DELETE",
                "source": "side-bar:button",
                "_t": "14:15:57",
                "_end": "-",
                "data": {
                    "id": 2,
                    "idx": 1
                }
            },
            {
                "time": "2019-07-19T20:15:59.433Z",
                "type": "START",
                "source": "side-bar:button",
                "_t": "14:15:59",
                "_end": "-",
                "data": {
                    "type": "ground",
                    "time": 33.292586
                }
            },
            {
                "time": "2019-07-19T20:16:07.313Z",
                "type": "END",
                "source": "data:click:h_pos",
                "_t": "14:16:07",
                "_end": "-",
                "data": {
                    "lbl": {
                        "time": 33.292586,
                        "endTime": 34.00767502666683,
                        "type": "ground",
                        "id": 2
                    }
                }
            },
            {
                "time": "2019-07-19T20:16:09.648Z",
                "type": "START",
                "source": "side-bar:button",
                "_t": "14:16:09",
                "_end": "-",
                "data": {
                    "type": "ground",
                    "time": 33.292586
                }
            },
            {
                "time": "2019-07-19T20:16:26.179Z",
                "type": "END",
                "source": "data:click:h_pos",
                "_t": "14:16:26",
                "_end": "-",
                "data": {
                    "lbl": {
                        "time": 33.292586,
                        "endTime": 35.81283783951488,
                        "type": "ground",
                        "id": 3
                    }
                }
            },
            {
                "time": "2019-07-19T20:16:26.915Z",
                "type": "SELECT",
                "source": "data:click",
                "_t": "14:16:26",
                "_end": "-",
                "data": {
                    "time": 33.292586,
                    "endTime": 35.81283783951488,
                    "type": "ground",
                    "id": 3
                }
            },
            {
                "time": "2019-07-19T20:16:28.056Z",
                "type": "DELETE",
                "source": "side-bar:button",
                "_t": "14:16:28",
                "_end": "-",
                "data": {
                    "id": 3,
                    "idx": 2
                }
            },
            {
                "time": "2019-07-19T20:16:31.496Z",
                "type": "START",
                "source": "side-bar:button",
                "_t": "14:16:31",
                "_end": "-",
                "data": {
                    "type": "ground",
                    "time": 41.751565
                }
            },
            {
                "time": "2019-07-19T20:16:34.377Z",
                "type": "END",
                "source": "data:click:h_pos",
                "_t": "14:16:34",
                "_end": "-",
                "data": {
                    "lbl": {
                        "time": 41.751565,
                        "endTime": 42.97244870406449,
                        "type": "ground",
                        "id": 3
                    }
                }
            },
            {
                "time": "2019-07-19T20:16:36.361Z",
                "type": "START",
                "source": "side-bar:button",
                "_t": "14:16:36",
                "_end": "-",
                "data": {
                    "type": "ground",
                    "time": 41.751565
                }
            }
        ],
        "navigationEvents": [
            {
                "time": {
                    "start": "2019-07-19T20:14:29.014Z",
                    "end": "2019-07-19T20:14:46.166Z"
                },
                "type": "SCRUB",
                "source": "data:drag",
                "_t": "14:14:29",
                "_end": "14:14:46",
                "data": {
                    "time": 18.317239
                }
            },
            {
                "time": {
                    "start": "2019-07-19T20:14:29.014Z",
                    "end": "2019-07-19T20:14:49.562Z"
                },
                "type": "SCRUB",
                "source": "data:drag",
                "_t": "14:14:29",
                "_end": "14:14:49",
                "data": {
                    "time": 26.348909
                }
            },
            {
                "time": {
                    "start": "2019-07-19T20:14:29.014Z",
                    "end": "2019-07-19T20:15:06.110Z"
                },
                "type": "SCRUB",
                "source": "data:drag",
                "_t": "14:14:29",
                "_end": "14:15:06",
                "data": {
                    "time": 26.348909
                }
            },
            {
                "time": {
                    "start": "2019-07-19T20:14:29.014Z",
                    "end": "2019-07-19T20:15:09.282Z"
                },
                "type": "SCRUB",
                "source": "data:drag",
                "_t": "14:14:29",
                "_end": "14:15:09",
                "data": {
                    "time": 30.700487
                }
            },
            {
                "time": {
                    "start": "2019-07-19T20:14:29.014Z",
                    "end": "2019-07-19T20:15:11.384Z"
                },
                "type": "SCRUB",
                "source": "data:drag",
                "_t": "14:14:29",
                "_end": "14:15:11",
                "data": {
                    "time": 30.700487
                }
            },
            {
                "time": {
                    "start": "2019-07-19T20:14:29.014Z",
                    "end": "2019-07-19T20:15:22.339Z"
                },
                "type": "SCRUB",
                "source": "data:drag",
                "_t": "14:14:29",
                "_end": "14:15:22",
                "data": {
                    "time": 30.700487
                }
            },
            {
                "time": {
                    "start": "2019-07-19T20:15:33.229Z",
                    "end": "2019-07-19T20:15:33.295Z"
                },
                "type": "SCRUB",
                "source": "video:drag",
                "_t": "14:15:33",
                "_end": "14:15:33",
                "data": {
                    "to": 7.372051,
                    "from": 33.476591
                }
            },
            {
                "time": {
                    "start": "2019-07-19T20:14:29.014Z",
                    "end": "2019-07-19T20:15:40.081Z"
                },
                "type": "SCRUB",
                "source": "data:drag",
                "_t": "14:14:29",
                "_end": "14:15:40",
                "data": {
                    "time": 24.421186
                }
            },
            {
                "time": {
                    "start": "2019-07-19T20:14:29.014Z",
                    "end": "2019-07-19T20:15:42.123Z"
                },
                "type": "SCRUB",
                "source": "data:drag",
                "_t": "14:14:29",
                "_end": "14:15:42",
                "data": {
                    "time": 35.267848
                }
            },
            {
                "time": {
                    "start": "2019-07-19T20:14:29.014Z",
                    "end": "2019-07-19T20:15:45.216Z"
                },
                "type": "SCRUB",
                "source": "data:drag",
                "_t": "14:14:29",
                "_end": "14:15:45",
                "data": {
                    "time": 38.355597
                }
            },
            {
                "time": {
                    "start": "2019-07-19T20:14:29.014Z",
                    "end": "2019-07-19T20:15:47.375Z"
                },
                "type": "SCRUB",
                "source": "data:drag",
                "_t": "14:14:29",
                "_end": "14:15:47",
                "data": {
                    "time": 40.520804
                }
            },
            {
                "time": {
                    "start": "2019-07-19T20:14:29.014Z",
                    "end": "2019-07-19T20:15:47.520Z"
                },
                "type": "SCRUB",
                "source": "data:drag",
                "_t": "14:14:29",
                "_end": "14:15:47",
                "data": {
                    "time": 40.662906
                }
            },
            {
                "time": "2019-07-19T20:15:50.489Z",
                "type": "PAUSE",
                "source": "video:button",
                "_t": "14:15:50",
                "_end": "-"
            },
            {
                "time": {
                    "start": "2019-07-19T20:14:29.014Z",
                    "end": "2019-07-19T20:15:51.649Z"
                },
                "type": "SCRUB",
                "source": "data:drag",
                "_t": "14:14:29",
                "_end": "14:15:51",
                "data": {
                    "time": 37.391269
                }
            },
            {
                "time": {
                    "start": "2019-07-19T20:14:29.014Z",
                    "end": "2019-07-19T20:15:52.336Z"
                },
                "type": "SCRUB",
                "source": "data:drag",
                "_t": "14:14:29",
                "_end": "14:15:52",
                "data": {
                    "time": 37.391269
                }
            },
            {
                "time": {
                    "start": "2019-07-19T20:14:29.014Z",
                    "end": "2019-07-19T20:15:54.104Z"
                },
                "type": "SCRUB",
                "source": "data:drag",
                "_t": "14:14:29",
                "_end": "14:15:54",
                "data": {
                    "time": 37.391269
                }
            },
            {
                "time": {
                    "start": "2019-07-19T20:14:29.014Z",
                    "end": "2019-07-19T20:15:54.277Z"
                },
                "type": "SCRUB",
                "source": "data:drag",
                "_t": "14:14:29",
                "_end": "14:15:54",
                "data": {
                    "time": 37.391269
                }
            },
            {
                "time": "2019-07-19T20:15:54.280Z",
                "type": "JUMP",
                "source": "data:dblclick:h_pos",
                "_t": "14:15:54",
                "_end": "-",
                "data": {
                    "from": 37.391269,
                    "to": 33.29258799349501
                }
            },
            {
                "time": {
                    "start": "2019-07-19T20:14:29.014Z",
                    "end": "2019-07-19T20:15:55.616Z"
                },
                "type": "SCRUB",
                "source": "data:drag",
                "_t": "14:14:29",
                "_end": "14:15:55",
                "data": {
                    "time": 33.292586
                }
            },
            {
                "time": {
                    "start": "2019-07-19T20:14:29.014Z",
                    "end": "2019-07-19T20:15:56.164Z"
                },
                "type": "SCRUB",
                "source": "data:drag",
                "_t": "14:14:29",
                "_end": "14:15:56",
                "data": {
                    "time": 33.292586
                }
            },
            {
                "time": {
                    "start": "2019-07-19T20:14:29.014Z",
                    "end": "2019-07-19T20:15:56.632Z"
                },
                "type": "SCRUB",
                "source": "data:drag",
                "_t": "14:14:29",
                "_end": "14:15:56",
                "data": {
                    "time": 33.292586
                }
            },
            {
                "time": {
                    "start": "2019-07-19T20:14:29.014Z",
                    "end": "2019-07-19T20:16:07.311Z"
                },
                "type": "SCRUB",
                "source": "data:drag",
                "_t": "14:14:29",
                "_end": "14:16:07",
                "data": {
                    "time": 33.292586
                }
            },
            {
                "time": {
                    "start": "2019-07-19T20:14:29.014Z",
                    "end": "2019-07-19T20:16:23.008Z"
                },
                "type": "SCRUB",
                "source": "data:drag",
                "_t": "14:14:29",
                "_end": "14:16:23",
                "data": {
                    "time": 41.751565
                }
            },
            {
                "time": {
                    "start": "2019-07-19T20:14:29.014Z",
                    "end": "2019-07-19T20:16:26.176Z"
                },
                "type": "SCRUB",
                "source": "data:drag",
                "_t": "14:14:29",
                "_end": "14:16:26",
                "data": {
                    "time": 41.751565
                }
            },
            {
                "time": {
                    "start": "2019-07-19T20:14:29.014Z",
                    "end": "2019-07-19T20:16:26.912Z"
                },
                "type": "SCRUB",
                "source": "data:drag",
                "_t": "14:14:29",
                "_end": "14:16:26",
                "data": {
                    "time": 41.751565
                }
            },
            {
                "time": {
                    "start": "2019-07-19T20:14:29.014Z",
                    "end": "2019-07-19T20:16:30.247Z"
                },
                "type": "SCRUB",
                "source": "data:drag",
                "_t": "14:14:29",
                "_end": "14:16:30",
                "data": {
                    "time": 41.751565
                }
            },
            {
                "time": {
                    "start": "2019-07-19T20:14:29.014Z",
                    "end": "2019-07-19T20:16:34.374Z"
                },
                "type": "SCRUB",
                "source": "data:drag",
                "_t": "14:14:29",
                "_end": "14:16:34",
                "data": {
                    "time": 41.751565
                }
            }
        ]
    }
}