{
    "user_id": "Grey2",
    "session_id": "5d7bcede81249f67dd06ad0f",
    "study": "studyE",
    "workspace": "cane.cane-vid1-dat2",
    "details": {
        "workspace": "cane.cane-vid1-dat2",
        "labels": [
            {
                "time": 27.042931,
                "endTime": 46.210223,
                "type": "ground",
                "id": 1
            },
            {
                "time": 46.210223,
                "endTime": 63.724848,
                "type": "ground",
                "id": 2
            },
            {
                "time": 63.724848,
                "endTime": 81.875681,
                "type": "ground",
                "id": 3
            },
            {
                "time": 81.875681,
                "endTime": 89.365598,
                "type": "ground",
                "id": 4
            },
            {
                "time": 89.365598,
                "endTime": 102.990639,
                "type": "ground",
                "id": 5
            }
        ],
        "_starts": [
            "2019-09-13T17:20:25.000Z"
        ],
        "_ends": [
            "2019-09-13T17:21:51.066Z"
        ]
    },
    "labels_file": "/home/ubuntu/vat/data/user-studies/studyE/practice-second/Grey2.labels.json",
    "videoFlash": 1.922515,
    "surveys": {
        "user-info": {
            "firstname": "Benjamin",
            "lastname": "Griffin",
            "email": "benjamingriffin98@gmail.com"
        },
        "practice-first": {
            "question1": "5",
            "question2": "ok",
            "question3": "70",
            "question4": "5"
        }
    },
    "logs": {
        "labelEvents": [
            {
                "time": "2019-09-13T17:20:57.803Z",
                "type": "START",
                "source": "side-bar:button",
                "_t": "11:20:57",
                "_end": "-",
                "data": {
                    "type": "ground",
                    "time": 27.042931
                }
            },
            {
                "time": "2019-09-13T17:21:07.383Z",
                "type": "START",
                "source": "side-bar:button",
                "_t": "11:21:07",
                "_end": "-",
                "data": {
                    "type": "ground",
                    "time": 46.210223
                }
            },
            {
                "time": "2019-09-13T17:21:16.136Z",
                "type": "START",
                "source": "side-bar:button",
                "_t": "11:21:16",
                "_end": "-",
                "data": {
                    "type": "ground",
                    "time": 63.724848
                }
            },
            {
                "time": "2019-09-13T17:21:25.208Z",
                "type": "START",
                "source": "side-bar:button",
                "_t": "11:21:25",
                "_end": "-",
                "data": {
                    "type": "ground",
                    "time": 81.875681
                }
            },
            {
                "time": "2019-09-13T17:21:28.953Z",
                "type": "START",
                "source": "side-bar:button",
                "_t": "11:21:28",
                "_end": "-",
                "data": {
                    "type": "ground",
                    "time": 89.365598
                }
            },
            {
                "time": "2019-09-13T17:21:35.773Z",
                "type": "START",
                "source": "side-bar:button",
                "_t": "11:21:35",
                "_end": "-",
                "data": {
                    "type": "ground",
                    "time": 102.990639
                }
            }
        ],
        "navigationEvents": [
            {
                "time": "2019-09-13T17:20:51.990Z",
                "type": "CHANGE-PLAYBACK-RATE",
                "source": "video:menu",
                "_t": "11:20:51",
                "_end": "-",
                "data": {
                    "oldRate": 1,
                    "newRate": 2
                }
            },
            {
                "time": {
                    "start": "2019-09-13T17:21:44.776Z",
                    "end": "2019-09-13T17:21:44.834Z"
                },
                "type": "SCRUB",
                "source": "video:drag",
                "_t": "11:21:44",
                "_end": "11:21:44",
                "data": {
                    "to": 11.979584,
                    "from": 107.263354
                }
            },
            {
                "time": {
                    "start": "2019-09-13T17:21:46.137Z",
                    "end": "2019-09-13T17:21:46.189Z"
                },
                "type": "SCRUB",
                "source": "video:drag",
                "_t": "11:21:46",
                "_end": "11:21:46",
                "data": {
                    "to": 5.805490809278351,
                    "from": 11.979584
                }
            },
            {
                "time": "2019-09-13T17:21:47.139Z",
                "type": "PLAY",
                "source": "video:button",
                "_t": "11:21:47",
                "_end": "-"
            },
            {
                "time": {
                    "start": "2019-09-13T17:21:48.392Z",
                    "end": "2019-09-13T17:21:48.430Z"
                },
                "type": "SCRUB",
                "source": "video:drag",
                "_t": "11:21:48",
                "_end": "11:21:48",
                "data": {
                    "to": 40.63843566494845,
                    "from": 8.239407
                }
            },
            {
                "time": {
                    "start": "2019-09-13T17:21:49.600Z",
                    "end": "2019-09-13T17:21:49.645Z"
                },
                "type": "SCRUB",
                "source": "video:drag",
                "_t": "11:21:49",
                "_end": "11:21:49",
                "data": {
                    "to": 25.064976,
                    "from": 42.939894
                }
            }
        ]
    }
}