{
    "user_id": "olive2",
    "session_id": "5d7fc16b81249f67dd06ad7f",
    "study": "studyE",
    "workspace": "cane.cane-vid1-dat2",
    "details": {
        "workspace": "cane.cane-vid1-dat2",
        "labels": [
            {
                "time": 26.553764,
                "endTime": 36.362472,
                "type": "ground",
                "id": 1
            },
            {
                "time": 38.974514,
                "endTime": 46.851056,
                "type": "ground",
                "id": 2
            },
            {
                "time": 63.405722,
                "endTime": 64.997743,
                "type": "ground",
                "id": 3
            },
            {
                "time": 65.855972,
                "endTime": 66.998889,
                "type": "ground",
                "id": 4
            },
            {
                "time": 67.324701,
                "endTime": 68.509243,
                "type": "ground",
                "id": 5
            },
            {
                "time": 69.204597,
                "endTime": 70.103347,
                "type": "ground",
                "id": 6
            },
            {
                "time": 70.716014,
                "endTime": 71.691764,
                "type": "ground",
                "id": 7
            },
            {
                "time": 72.426993,
                "endTime": 73.444826,
                "type": "ground",
                "id": 8
            },
            {
                "time": 74.787097,
                "endTime": 76.540764,
                "type": "ground",
                "id": 9
            },
            {
                "time": 77.274785,
                "endTime": 78.252368,
                "type": "ground",
                "id": 10
            },
            {
                "time": 79.148826,
                "endTime": 81.229014,
                "type": "ground",
                "id": 11
            },
            {
                "time": 89.969556,
                "endTime": 91.231347,
                "type": "ground",
                "id": 12
            },
            {
                "time": 91.882701,
                "endTime": 93.021972,
                "type": "ground",
                "id": 13
            },
            {
                "time": 93.591222,
                "endTime": 94.651056,
                "type": "ground",
                "id": 14
            },
            {
                "time": 95.260576,
                "endTime": 96.034681,
                "type": "ground",
                "id": 15
            },
            {
                "time": 96.685597,
                "endTime": 97.377097,
                "type": "ground",
                "id": 16
            }
        ],
        "_starts": [
            "2019-09-16T17:10:52.000Z"
        ],
        "_ends": [
            "2019-09-16T17:12:54.787Z"
        ]
    },
    "labels_file": "/home/ubuntu/vat/data/user-studies/studyE/practice-second/olive2.labels.json",
    "videoFlash": 1.922515,
    "surveys": {
        "user-info": {
            "firstname": "Nathan",
            "lastname": "Walls",
            "email": "nathanmwalls@gmail.com"
        },
        "practice-first": {
            "question1": "5",
            "question2": "ok",
            "question3": "100",
            "question4": "5"
        }
    },
    "logs": {
        "labelEvents": [
            {
                "time": "2019-09-16T17:11:33.085Z",
                "type": "START",
                "source": "hotkey",
                "_t": "11:11:33",
                "_end": "-",
                "data": {
                    "type": "ground",
                    "time": 26.553764
                }
            },
            {
                "time": "2019-09-16T17:11:42.930Z",
                "type": "END",
                "source": "hotkey:ctb",
                "_t": "11:11:42",
                "_end": "-",
                "data": {
                    "lbl": {
                        "time": 26.553764,
                        "endTime": 36.362472,
                        "type": "ground",
                        "id": 1
                    },
                    "key": "enter"
                }
            },
            {
                "time": "2019-09-16T17:11:45.528Z",
                "type": "START",
                "source": "hotkey",
                "_t": "11:11:45",
                "_end": "-",
                "data": {
                    "type": "ground",
                    "time": 38.974514
                }
            },
            {
                "time": "2019-09-16T17:11:53.408Z",
                "type": "END",
                "source": "hotkey:ctb",
                "_t": "11:11:53",
                "_end": "-",
                "data": {
                    "lbl": {
                        "time": 38.974514,
                        "endTime": 46.851056,
                        "type": "ground",
                        "id": 2
                    },
                    "key": "enter"
                }
            },
            {
                "time": "2019-09-16T17:12:09.961Z",
                "type": "START",
                "source": "hotkey",
                "_t": "11:12:09",
                "_end": "-",
                "data": {
                    "type": "ground",
                    "time": 63.405722
                }
            },
            {
                "time": "2019-09-16T17:12:11.556Z",
                "type": "END",
                "source": "hotkey:ctb",
                "_t": "11:12:11",
                "_end": "-",
                "data": {
                    "lbl": {
                        "time": 63.405722,
                        "endTime": 64.997743,
                        "type": "ground",
                        "id": 3
                    },
                    "key": "enter"
                }
            },
            {
                "time": "2019-09-16T17:12:12.417Z",
                "type": "START",
                "source": "hotkey",
                "_t": "11:12:12",
                "_end": "-",
                "data": {
                    "type": "ground",
                    "time": 65.855972
                }
            },
            {
                "time": "2019-09-16T17:12:13.552Z",
                "type": "END",
                "source": "hotkey:ctb",
                "_t": "11:12:13",
                "_end": "-",
                "data": {
                    "lbl": {
                        "time": 65.855972,
                        "endTime": 66.998889,
                        "type": "ground",
                        "id": 4
                    },
                    "key": "enter"
                }
            },
            {
                "time": "2019-09-16T17:12:13.902Z",
                "type": "START",
                "source": "hotkey",
                "_t": "11:12:13",
                "_end": "-",
                "data": {
                    "type": "ground",
                    "time": 67.324701
                }
            },
            {
                "time": "2019-09-16T17:12:15.071Z",
                "type": "END",
                "source": "hotkey:ctb",
                "_t": "11:12:15",
                "_end": "-",
                "data": {
                    "lbl": {
                        "time": 67.324701,
                        "endTime": 68.509243,
                        "type": "ground",
                        "id": 5
                    },
                    "key": "enter"
                }
            },
            {
                "time": "2019-09-16T17:12:15.762Z",
                "type": "START",
                "source": "hotkey",
                "_t": "11:12:15",
                "_end": "-",
                "data": {
                    "type": "ground",
                    "time": 69.204597
                }
            },
            {
                "time": "2019-09-16T17:12:16.640Z",
                "type": "END",
                "source": "hotkey:ctb",
                "_t": "11:12:16",
                "_end": "-",
                "data": {
                    "lbl": {
                        "time": 69.204597,
                        "endTime": 70.103347,
                        "type": "ground",
                        "id": 6
                    },
                    "key": "enter"
                }
            },
            {
                "time": "2019-09-16T17:12:17.268Z",
                "type": "START",
                "source": "hotkey",
                "_t": "11:12:17",
                "_end": "-",
                "data": {
                    "type": "ground",
                    "time": 70.716014
                }
            },
            {
                "time": "2019-09-16T17:12:18.245Z",
                "type": "END",
                "source": "hotkey:ctb",
                "_t": "11:12:18",
                "_end": "-",
                "data": {
                    "lbl": {
                        "time": 70.716014,
                        "endTime": 71.691764,
                        "type": "ground",
                        "id": 7
                    },
                    "key": "enter"
                }
            },
            {
                "time": "2019-09-16T17:12:18.997Z",
                "type": "START",
                "source": "hotkey",
                "_t": "11:12:18",
                "_end": "-",
                "data": {
                    "type": "ground",
                    "time": 72.426993
                }
            },
            {
                "time": "2019-09-16T17:12:20.001Z",
                "type": "END",
                "source": "hotkey:ctb",
                "_t": "11:12:20",
                "_end": "-",
                "data": {
                    "lbl": {
                        "time": 72.426993,
                        "endTime": 73.444826,
                        "type": "ground",
                        "id": 8
                    },
                    "key": "enter"
                }
            },
            {
                "time": "2019-09-16T17:12:21.318Z",
                "type": "START",
                "source": "hotkey",
                "_t": "11:12:21",
                "_end": "-",
                "data": {
                    "type": "ground",
                    "time": 74.787097
                }
            },
            {
                "time": "2019-09-16T17:12:23.090Z",
                "type": "END",
                "source": "hotkey:ctb",
                "_t": "11:12:23",
                "_end": "-",
                "data": {
                    "lbl": {
                        "time": 74.787097,
                        "endTime": 76.540764,
                        "type": "ground",
                        "id": 9
                    },
                    "key": "enter"
                }
            },
            {
                "time": "2019-09-16T17:12:23.850Z",
                "type": "START",
                "source": "hotkey",
                "_t": "11:12:23",
                "_end": "-",
                "data": {
                    "type": "ground",
                    "time": 77.274785
                }
            },
            {
                "time": "2019-09-16T17:12:24.801Z",
                "type": "END",
                "source": "hotkey:ctb",
                "_t": "11:12:24",
                "_end": "-",
                "data": {
                    "lbl": {
                        "time": 77.274785,
                        "endTime": 78.252368,
                        "type": "ground",
                        "id": 10
                    },
                    "key": "enter"
                }
            },
            {
                "time": "2019-09-16T17:12:25.714Z",
                "type": "START",
                "source": "hotkey",
                "_t": "11:12:25",
                "_end": "-",
                "data": {
                    "type": "ground",
                    "time": 79.148826
                }
            },
            {
                "time": "2019-09-16T17:12:27.794Z",
                "type": "END",
                "source": "hotkey:ctb",
                "_t": "11:12:27",
                "_end": "-",
                "data": {
                    "lbl": {
                        "time": 79.148826,
                        "endTime": 81.229014,
                        "type": "ground",
                        "id": 11
                    },
                    "key": "enter"
                }
            },
            {
                "time": "2019-09-16T17:12:36.537Z",
                "type": "START",
                "source": "hotkey",
                "_t": "11:12:36",
                "_end": "-",
                "data": {
                    "type": "ground",
                    "time": 89.969556
                }
            },
            {
                "time": "2019-09-16T17:12:37.778Z",
                "type": "END",
                "source": "hotkey:ctb",
                "_t": "11:12:37",
                "_end": "-",
                "data": {
                    "lbl": {
                        "time": 89.969556,
                        "endTime": 91.231347,
                        "type": "ground",
                        "id": 12
                    },
                    "key": "enter"
                }
            },
            {
                "time": "2019-09-16T17:12:38.430Z",
                "type": "START",
                "source": "hotkey",
                "_t": "11:12:38",
                "_end": "-",
                "data": {
                    "type": "ground",
                    "time": 91.882701
                }
            },
            {
                "time": "2019-09-16T17:12:39.549Z",
                "type": "END",
                "source": "hotkey:ctb",
                "_t": "11:12:39",
                "_end": "-",
                "data": {
                    "lbl": {
                        "time": 91.882701,
                        "endTime": 93.021972,
                        "type": "ground",
                        "id": 13
                    },
                    "key": "enter"
                }
            },
            {
                "time": "2019-09-16T17:12:40.153Z",
                "type": "START",
                "source": "hotkey",
                "_t": "11:12:40",
                "_end": "-",
                "data": {
                    "type": "ground",
                    "time": 93.591222
                }
            },
            {
                "time": "2019-09-16T17:12:41.214Z",
                "type": "END",
                "source": "hotkey:ctb",
                "_t": "11:12:41",
                "_end": "-",
                "data": {
                    "lbl": {
                        "time": 93.591222,
                        "endTime": 94.651056,
                        "type": "ground",
                        "id": 14
                    },
                    "key": "enter"
                }
            },
            {
                "time": "2019-09-16T17:12:41.789Z",
                "type": "START",
                "source": "hotkey",
                "_t": "11:12:41",
                "_end": "-",
                "data": {
                    "type": "ground",
                    "time": 95.260576
                }
            },
            {
                "time": "2019-09-16T17:12:42.594Z",
                "type": "END",
                "source": "hotkey:ctb",
                "_t": "11:12:42",
                "_end": "-",
                "data": {
                    "lbl": {
                        "time": 95.260576,
                        "endTime": 96.034681,
                        "type": "ground",
                        "id": 15
                    },
                    "key": "enter"
                }
            },
            {
                "time": "2019-09-16T17:12:43.214Z",
                "type": "START",
                "source": "hotkey",
                "_t": "11:12:43",
                "_end": "-",
                "data": {
                    "type": "ground",
                    "time": 96.685597
                }
            },
            {
                "time": "2019-09-16T17:12:43.937Z",
                "type": "END",
                "source": "hotkey:ctb",
                "_t": "11:12:43",
                "_end": "-",
                "data": {
                    "lbl": {
                        "time": 96.685597,
                        "endTime": 97.377097,
                        "type": "ground",
                        "id": 16
                    },
                    "key": "enter"
                }
            }
        ],
        "navigationEvents": [
            {
                "time": "2019-09-16T17:11:28.163Z",
                "type": "SKIP",
                "source": "hotkey",
                "_t": "11:11:28",
                "_end": "-",
                "data": {
                    "t": 16.701931,
                    "Δt": 5,
                    "key": "right"
                }
            }
        ]
    }
}