[{"time":26.553764,"endTime":36.362472,"type":"ground","id":1},{"time":38.974514,"endTime":46.851056,"type":"ground","id":2},{"time":63.405722,"endTime":64.997743,"type":"ground","id":3},{"time":65.855972,"endTime":66.998889,"type":"ground","id":4},{"time":67.324701,"endTime":68.509243,"type":"ground","id":5},{"time":69.204597,"endTime":70.103347,"type":"ground","id":6},{"time":70.716014,"endTime":71.691764,"type":"ground","id":7},{"time":72.426993,"endTime":73.444826,"type":"ground","id":8},{"time":74.787097,"endTime":76.540764,"type":"ground","id":9},{"time":77.274785,"endTime":78.252368,"type":"ground","id":10},{"time":79.148826,"endTime":81.229014,"type":"ground","id":11},{"time":89.969556,"endTime":91.231347,"type":"ground","id":12},{"time":91.882701,"endTime":93.021972,"type":"ground","id":13},{"time":93.591222,"endTime":94.651056,"type":"ground","id":14},{"time":95.260576,"endTime":96.034681,"type":"ground","id":15},{"time":96.685597,"endTime":97.377097,"type":"ground","id":16}]