{
    "user_id": "olive5",
    "session_id": "5d7fb3f381249f67dd06ad69",
    "study": "studyE",
    "workspace": "cane.cane-vid1-dat2",
    "details": {
        "workspace": "cane.cane-vid1-dat2",
        "labels": [
            {
                "time": 28.42518494368975,
                "endTime": 30.5223120052209,
                "type": "ground",
                "id": 1
            },
            {
                "time": 89.366198,
                "endTime": 91.2057454838631,
                "type": "ground",
                "id": 2
            }
        ],
        "_starts": [
            "2019-09-16T16:14:49.000Z"
        ],
        "_ends": [
            "2019-09-16T16:16:51.105Z",
            "2019-09-16T16:17:06.218Z"
        ]
    },
    "labels_file": "/home/ubuntu/vat/data/user-studies/studyE/practice-second/olive5.labels.json",
    "videoFlash": 1.922515,
    "surveys": {
        "user-info": {
            "firstname": "Aarohi",
            "lastname": "Bhatt",
            "email": "aarohibhatt2002@gmail.com"
        },
        "practice-first": {
            "question1": "4",
            "question2": "ok",
            "question3": "50",
            "question4": "4"
        }
    },
    "logs": {
        "labelEvents": [
            {
                "time": "2019-09-16T16:16:00.513Z",
                "type": "START",
                "source": "side-bar:button",
                "_t": "10:16:00",
                "_end": "-",
                "data": {
                    "type": "ground",
                    "time": 28.390841
                }
            },
            {
                "time": "2019-09-16T16:16:03.944Z",
                "type": "END",
                "source": "data:click:h_pos",
                "_t": "10:16:03",
                "_end": "-",
                "data": {
                    "lbl": {
                        "time": 28.42518494368975,
                        "endTime": 30.5223120052209,
                        "type": "ground",
                        "id": 1
                    }
                }
            },
            {
                "time": "2019-09-16T16:16:05.119Z",
                "type": "SELECT",
                "source": "data:click",
                "_t": "10:16:05",
                "_end": "-",
                "data": {
                    "time": 28.42518494368975,
                    "endTime": 30.5223120052209,
                    "type": "ground",
                    "id": 1
                }
            },
            {
                "time": {
                    "start": "2019-09-16T16:16:07.747Z",
                    "end": "2019-09-16T16:16:08.742Z"
                },
                "type": "RESIZE",
                "source": "data:brush",
                "_t": "10:16:07",
                "_end": "10:16:08",
                "data": {
                    "brushing": true,
                    "origin": [
                        28.390841,
                        30.53948397706682
                    ],
                    "start": "2019-09-16T16:16:07.747Z",
                    "ε": 0.1,
                    "mode": "resize"
                }
            },
            {
                "time": "2019-09-16T16:16:10.396Z",
                "type": "DESELECT",
                "source": "side-bar:button",
                "_t": "10:16:10",
                "_end": "-",
                "data": {
                    "time": 28.42518494368938,
                    "endTime": 30.53948397706682,
                    "type": "ground",
                    "id": 1
                }
            },
            {
                "time": "2019-09-16T16:16:12.342Z",
                "type": "SELECT",
                "source": "data:click",
                "_t": "10:16:12",
                "_end": "-",
                "data": {
                    "time": 28.42518494368975,
                    "endTime": 30.5223120052209,
                    "type": "ground",
                    "id": 1
                }
            },
            {
                "time": {
                    "start": "2019-09-16T16:16:13.752Z",
                    "end": "2019-09-16T16:16:16.229Z"
                },
                "type": "RESIZE",
                "source": "data:brush",
                "_t": "10:16:13",
                "_end": "10:16:16",
                "data": {
                    "brushing": true,
                    "origin": [
                        28.42518494368938,
                        30.53948397706682
                    ],
                    "start": "2019-09-16T16:16:13.752Z",
                    "ε": 0.1,
                    "mode": "resize"
                }
            },
            {
                "time": "2019-09-16T16:16:17.884Z",
                "type": "DESELECT",
                "source": "side-bar:button",
                "_t": "10:16:17",
                "_end": "-",
                "data": {
                    "time": 28.42518494368975,
                    "endTime": 30.5223120052209,
                    "type": "ground",
                    "id": 1
                }
            },
            {
                "time": "2019-09-16T16:16:56.016Z",
                "type": "START",
                "source": "hotkey",
                "_t": "10:16:56",
                "_end": "-",
                "data": {
                    "type": "ground",
                    "time": 89.366198
                }
            },
            {
                "time": "2019-09-16T16:16:57.980Z",
                "type": "END",
                "source": "data:click:h_pos",
                "_t": "10:16:57",
                "_end": "-",
                "data": {
                    "lbl": {
                        "time": 89.366198,
                        "endTime": 91.2057454838631,
                        "type": "ground",
                        "id": 2
                    }
                }
            }
        ],
        "navigationEvents": [
            {
                "time": {
                    "start": "2019-09-16T16:14:49.488Z",
                    "end": "2019-09-16T16:15:10.508Z"
                },
                "type": "SCRUB",
                "source": "data:drag",
                "_t": "10:14:49",
                "_end": "10:15:10",
                "data": {
                    "time": 7.563208
                }
            },
            {
                "time": {
                    "start": "2019-09-16T16:14:49.488Z",
                    "end": "2019-09-16T16:15:12.010Z"
                },
                "type": "SCRUB",
                "source": "data:drag",
                "_t": "10:14:49",
                "_end": "10:15:12",
                "data": {
                    "time": 10.340084
                }
            },
            {
                "time": {
                    "start": "2019-09-16T16:14:49.488Z",
                    "end": "2019-09-16T16:15:13.229Z"
                },
                "type": "SCRUB",
                "source": "data:drag",
                "_t": "10:14:49",
                "_end": "10:15:13",
                "data": {
                    "time": 13.021215
                }
            },
            {
                "time": {
                    "start": "2019-09-16T16:15:15.307Z",
                    "end": "2019-09-16T16:15:15.323Z"
                },
                "type": "SCRUB",
                "source": "video:drag",
                "_t": "10:15:15",
                "_end": "10:15:15",
                "data": {
                    "to": 20.180991,
                    "from": 14.996982
                }
            },
            {
                "time": {
                    "start": "2019-09-16T16:14:49.488Z",
                    "end": "2019-09-16T16:15:18.132Z"
                },
                "type": "SCRUB",
                "source": "data:drag",
                "_t": "10:14:49",
                "_end": "10:15:18",
                "data": {
                    "time": 22.178673
                }
            },
            {
                "time": "2019-09-16T16:15:19.921Z",
                "type": "PAUSE",
                "source": "hotkey",
                "_t": "10:15:19",
                "_end": "-",
                "data": {
                    "key": "space"
                }
            },
            {
                "time": "2019-09-16T16:15:24.413Z",
                "type": "PLAY",
                "source": "hotkey",
                "_t": "10:15:24",
                "_end": "-",
                "data": {
                    "key": "space"
                }
            },
            {
                "time": "2019-09-16T16:15:26.990Z",
                "type": "PAUSE",
                "source": "hotkey",
                "_t": "10:15:26",
                "_end": "-",
                "data": {
                    "key": "space"
                }
            },
            {
                "time": "2019-09-16T16:15:31.421Z",
                "type": "PLAY",
                "source": "hotkey",
                "_t": "10:15:31",
                "_end": "-",
                "data": {
                    "key": "space"
                }
            },
            {
                "time": "2019-09-16T16:15:32.125Z",
                "type": "PAUSE",
                "source": "hotkey",
                "_t": "10:15:32",
                "_end": "-",
                "data": {
                    "key": "space"
                }
            },
            {
                "time": {
                    "start": "2019-09-16T16:14:49.488Z",
                    "end": "2019-09-16T16:15:37.987Z"
                },
                "type": "SCRUB",
                "source": "data:drag",
                "_t": "10:14:49",
                "_end": "10:15:37",
                "data": {
                    "time": 27.610689
                }
            },
            {
                "time": "2019-09-16T16:15:43.869Z",
                "type": "PLAY",
                "source": "hotkey",
                "_t": "10:15:43",
                "_end": "-",
                "data": {
                    "key": "space"
                }
            },
            {
                "time": "2019-09-16T16:15:44.525Z",
                "type": "PAUSE",
                "source": "hotkey",
                "_t": "10:15:44",
                "_end": "-",
                "data": {
                    "key": "space"
                }
            },
            {
                "time": "2019-09-16T16:15:45.005Z",
                "type": "PLAY",
                "source": "hotkey",
                "_t": "10:15:45",
                "_end": "-",
                "data": {
                    "key": "space"
                }
            },
            {
                "time": "2019-09-16T16:15:45.297Z",
                "type": "PAUSE",
                "source": "hotkey",
                "_t": "10:15:45",
                "_end": "-",
                "data": {
                    "key": "space"
                }
            },
            {
                "time": {
                    "start": "2019-09-16T16:14:49.488Z",
                    "end": "2019-09-16T16:15:47.877Z"
                },
                "type": "SCRUB",
                "source": "data:drag",
                "_t": "10:14:49",
                "_end": "10:15:47",
                "data": {
                    "time": 28.4166
                }
            },
            {
                "time": {
                    "start": "2019-09-16T16:14:49.488Z",
                    "end": "2019-09-16T16:15:55.300Z"
                },
                "type": "SCRUB",
                "source": "data:drag",
                "_t": "10:14:49",
                "_end": "10:15:55",
                "data": {
                    "time": 29.180752
                }
            },
            {
                "time": {
                    "start": "2019-09-16T16:14:49.488Z",
                    "end": "2019-09-16T16:15:59.196Z"
                },
                "type": "SCRUB",
                "source": "data:drag",
                "_t": "10:14:49",
                "_end": "10:15:59",
                "data": {
                    "time": 28.390841
                }
            },
            {
                "time": {
                    "start": "2019-09-16T16:14:49.488Z",
                    "end": "2019-09-16T16:16:03.935Z"
                },
                "type": "SCRUB",
                "source": "data:drag",
                "_t": "10:14:49",
                "_end": "10:16:03",
                "data": {
                    "time": 28.390841
                }
            },
            {
                "time": {
                    "start": "2019-09-16T16:14:49.488Z",
                    "end": "2019-09-16T16:16:05.117Z"
                },
                "type": "SCRUB",
                "source": "data:drag",
                "_t": "10:14:49",
                "_end": "10:16:05",
                "data": {
                    "time": 28.390841
                }
            },
            {
                "time": {
                    "start": "2019-09-16T16:14:49.488Z",
                    "end": "2019-09-16T16:16:08.760Z"
                },
                "type": "SCRUB",
                "source": "data:drag",
                "_t": "10:14:49",
                "_end": "10:16:08",
                "data": {
                    "time": 28.390841
                }
            },
            {
                "time": {
                    "start": "2019-09-16T16:14:49.488Z",
                    "end": "2019-09-16T16:16:11.685Z"
                },
                "type": "SCRUB",
                "source": "data:drag",
                "_t": "10:14:49",
                "_end": "10:16:11",
                "data": {
                    "time": 28.914586
                }
            },
            {
                "time": {
                    "start": "2019-09-16T16:14:49.488Z",
                    "end": "2019-09-16T16:16:12.340Z"
                },
                "type": "SCRUB",
                "source": "data:drag",
                "_t": "10:14:49",
                "_end": "10:16:12",
                "data": {
                    "time": 28.914586
                }
            },
            {
                "time": {
                    "start": "2019-09-16T16:14:49.488Z",
                    "end": "2019-09-16T16:16:16.241Z"
                },
                "type": "SCRUB",
                "source": "data:drag",
                "_t": "10:14:49",
                "_end": "10:16:16",
                "data": {
                    "time": 28.914586
                }
            },
            {
                "time": {
                    "start": "2019-09-16T16:14:49.488Z",
                    "end": "2019-09-16T16:16:19.796Z"
                },
                "type": "SCRUB",
                "source": "data:drag",
                "_t": "10:14:49",
                "_end": "10:16:19",
                "data": {
                    "time": 31.666394
                }
            },
            {
                "time": {
                    "start": "2019-09-16T16:14:49.488Z",
                    "end": "2019-09-16T16:16:20.702Z"
                },
                "type": "SCRUB",
                "source": "data:drag",
                "_t": "10:14:49",
                "_end": "10:16:20",
                "data": {
                    "time": 33.263387
                }
            },
            {
                "time": {
                    "start": "2019-09-16T16:14:49.488Z",
                    "end": "2019-09-16T16:16:21.283Z"
                },
                "type": "SCRUB",
                "source": "data:drag",
                "_t": "10:14:49",
                "_end": "10:16:21",
                "data": {
                    "time": 35.126545
                }
            },
            {
                "time": {
                    "start": "2019-09-16T16:14:49.488Z",
                    "end": "2019-09-16T16:16:21.922Z"
                },
                "type": "SCRUB",
                "source": "data:drag",
                "_t": "10:14:49",
                "_end": "10:16:21",
                "data": {
                    "time": 36.848035
                }
            },
            {
                "time": {
                    "start": "2019-09-16T16:14:49.488Z",
                    "end": "2019-09-16T16:16:22.661Z"
                },
                "type": "SCRUB",
                "source": "data:drag",
                "_t": "10:14:49",
                "_end": "10:16:22",
                "data": {
                    "time": 38.685435
                }
            },
            {
                "time": {
                    "start": "2019-09-16T16:14:49.488Z",
                    "end": "2019-09-16T16:16:23.310Z"
                },
                "type": "SCRUB",
                "source": "data:drag",
                "_t": "10:14:49",
                "_end": "10:16:23",
                "data": {
                    "time": 40.492785
                }
            },
            {
                "time": {
                    "start": "2019-09-16T16:14:49.488Z",
                    "end": "2019-09-16T16:16:24.125Z"
                },
                "type": "SCRUB",
                "source": "data:drag",
                "_t": "10:14:49",
                "_end": "10:16:24",
                "data": {
                    "time": 42.338771
                }
            },
            {
                "time": {
                    "start": "2019-09-16T16:14:49.488Z",
                    "end": "2019-09-16T16:16:25.173Z"
                },
                "type": "SCRUB",
                "source": "data:drag",
                "_t": "10:14:49",
                "_end": "10:16:25",
                "data": {
                    "time": 45.833267
                }
            },
            {
                "time": {
                    "start": "2019-09-16T16:14:49.488Z",
                    "end": "2019-09-16T16:16:25.851Z"
                },
                "type": "SCRUB",
                "source": "data:drag",
                "_t": "10:14:49",
                "_end": "10:16:25",
                "data": {
                    "time": 46.490094
                }
            },
            {
                "time": "2019-09-16T16:16:25.962Z",
                "type": "PLAY",
                "source": "hotkey",
                "_t": "10:16:25",
                "_end": "-",
                "data": {
                    "key": "space"
                }
            },
            {
                "time": {
                    "start": "2019-09-16T16:16:27.776Z",
                    "end": "2019-09-16T16:16:27.863Z"
                },
                "type": "SCRUB",
                "source": "video:drag",
                "_t": "10:16:27",
                "_end": "10:16:27",
                "data": {
                    "to": 51.972965,
                    "from": 48.266535
                }
            },
            {
                "time": {
                    "start": "2019-09-16T16:16:28.298Z",
                    "end": "2019-09-16T16:16:28.372Z"
                },
                "type": "SCRUB",
                "source": "video:drag",
                "_t": "10:16:28",
                "_end": "10:16:28",
                "data": {
                    "to": 58.699962,
                    "from": 52.299837
                }
            },
            {
                "time": {
                    "start": "2019-09-16T16:16:28.741Z",
                    "end": "2019-09-16T16:16:28.794Z"
                },
                "type": "SCRUB",
                "source": "video:drag",
                "_t": "10:16:28",
                "_end": "10:16:28",
                "data": {
                    "to": 68.37578,
                    "from": 58.699962
                }
            },
            {
                "time": {
                    "start": "2019-09-16T16:16:30.167Z",
                    "end": "2019-09-16T16:16:30.218Z"
                },
                "type": "SCRUB",
                "source": "video:drag",
                "_t": "10:16:30",
                "_end": "10:16:30",
                "data": {
                    "to": 75.839983,
                    "from": 68.968958
                }
            },
            {
                "time": {
                    "start": "2019-09-16T16:16:31.186Z",
                    "end": "2019-09-16T16:16:31.264Z"
                },
                "type": "SCRUB",
                "source": "video:drag",
                "_t": "10:16:31",
                "_end": "10:16:31",
                "data": {
                    "to": 84.962897,
                    "from": 76.314017
                }
            },
            {
                "time": {
                    "start": "2019-09-16T16:16:32.216Z",
                    "end": "2019-09-16T16:16:32.263Z"
                },
                "type": "SCRUB",
                "source": "video:drag",
                "_t": "10:16:32",
                "_end": "10:16:32",
                "data": {
                    "to": 92.703551,
                    "from": 85.283163
                }
            },
            {
                "time": {
                    "start": "2019-09-16T16:14:49.488Z",
                    "end": "2019-09-16T16:16:33.675Z"
                },
                "type": "SCRUB",
                "source": "data:drag",
                "_t": "10:14:49",
                "_end": "10:16:33",
                "data": {
                    "time": 88.320405
                }
            },
            {
                "time": {
                    "start": "2019-09-16T16:14:49.488Z",
                    "end": "2019-09-16T16:16:34.502Z"
                },
                "type": "SCRUB",
                "source": "data:drag",
                "_t": "10:14:49",
                "_end": "10:16:34",
                "data": {
                    "time": 86.582203
                }
            },
            {
                "time": {
                    "start": "2019-09-16T16:14:49.488Z",
                    "end": "2019-09-16T16:16:35.243Z"
                },
                "type": "SCRUB",
                "source": "data:drag",
                "_t": "10:14:49",
                "_end": "10:16:35",
                "data": {
                    "time": 84.699101
                }
            },
            {
                "time": {
                    "start": "2019-09-16T16:14:49.488Z",
                    "end": "2019-09-16T16:16:35.932Z"
                },
                "type": "SCRUB",
                "source": "data:drag",
                "_t": "10:14:49",
                "_end": "10:16:35",
                "data": {
                    "time": 82.952294
                }
            },
            {
                "time": {
                    "start": "2019-09-16T16:14:49.488Z",
                    "end": "2019-09-16T16:16:36.814Z"
                },
                "type": "SCRUB",
                "source": "data:drag",
                "_t": "10:14:49",
                "_end": "10:16:36",
                "data": {
                    "time": 81.381058
                }
            },
            {
                "time": {
                    "start": "2019-09-16T16:14:49.488Z",
                    "end": "2019-09-16T16:16:37.681Z"
                },
                "type": "SCRUB",
                "source": "data:drag",
                "_t": "10:14:49",
                "_end": "10:16:37",
                "data": {
                    "time": 79.822956
                }
            },
            {
                "time": {
                    "start": "2019-09-16T16:14:49.488Z",
                    "end": "2019-09-16T16:16:39.197Z"
                },
                "type": "SCRUB",
                "source": "data:drag",
                "_t": "10:14:49",
                "_end": "10:16:39",
                "data": {
                    "time": 78.131235
                }
            },
            {
                "time": {
                    "start": "2019-09-16T16:14:49.488Z",
                    "end": "2019-09-16T16:16:41.060Z"
                },
                "type": "SCRUB",
                "source": "data:drag",
                "_t": "10:14:49",
                "_end": "10:16:41",
                "data": {
                    "time": 79.581295
                }
            },
            {
                "time": {
                    "start": "2019-09-16T16:14:49.488Z",
                    "end": "2019-09-16T16:16:41.754Z"
                },
                "type": "SCRUB",
                "source": "data:drag",
                "_t": "10:14:49",
                "_end": "10:16:41",
                "data": {
                    "time": 82.127583
                }
            },
            {
                "time": {
                    "start": "2019-09-16T16:14:49.488Z",
                    "end": "2019-09-16T16:16:42.424Z"
                },
                "type": "SCRUB",
                "source": "data:drag",
                "_t": "10:14:49",
                "_end": "10:16:42",
                "data": {
                    "time": 84.398442
                }
            },
            {
                "time": {
                    "start": "2019-09-16T16:14:49.488Z",
                    "end": "2019-09-16T16:16:43.107Z"
                },
                "type": "SCRUB",
                "source": "data:drag",
                "_t": "10:14:49",
                "_end": "10:16:43",
                "data": {
                    "time": 87.031301
                }
            },
            {
                "time": {
                    "start": "2019-09-16T16:14:49.488Z",
                    "end": "2019-09-16T16:16:43.803Z"
                },
                "type": "SCRUB",
                "source": "data:drag",
                "_t": "10:14:49",
                "_end": "10:16:43",
                "data": {
                    "time": 89.129854
                }
            },
            {
                "time": {
                    "start": "2019-09-16T16:14:49.488Z",
                    "end": "2019-09-16T16:16:45.345Z"
                },
                "type": "SCRUB",
                "source": "data:drag",
                "_t": "10:14:49",
                "_end": "10:16:45",
                "data": {
                    "time": 89.478876
                }
            },
            {
                "time": "2019-09-16T16:16:45.736Z",
                "type": "PAUSE",
                "source": "hotkey",
                "_t": "10:16:45",
                "_end": "-",
                "data": {
                    "key": "space"
                }
            },
            {
                "time": {
                    "start": "2019-09-16T16:14:49.488Z",
                    "end": "2019-09-16T16:16:47.917Z"
                },
                "type": "SCRUB",
                "source": "data:drag",
                "_t": "10:14:49",
                "_end": "10:16:47",
                "data": {
                    "time": 89.366198
                }
            },
            {
                "time": {
                    "start": "2019-09-16T16:14:49.488Z",
                    "end": "2019-09-16T16:16:57.974Z"
                },
                "type": "SCRUB",
                "source": "data:drag",
                "_t": "10:14:49",
                "_end": "10:16:57",
                "data": {
                    "time": 89.366198
                }
            },
            {
                "time": "2019-09-16T16:16:59.957Z",
                "type": "PLAY",
                "source": "hotkey",
                "_t": "10:16:59",
                "_end": "-",
                "data": {
                    "key": "space"
                }
            },
            {
                "time": {
                    "start": "2019-09-16T16:14:49.488Z",
                    "end": "2019-09-16T16:17:03.623Z"
                },
                "type": "SCRUB",
                "source": "data:drag",
                "_t": "10:14:49",
                "_end": "10:17:03",
                "data": {
                    "time": 95.373248
                }
            },
            {
                "time": {
                    "start": "2019-09-16T16:14:49.488Z",
                    "end": "2019-09-16T16:17:04.295Z"
                },
                "type": "SCRUB",
                "source": "data:drag",
                "_t": "10:14:49",
                "_end": "10:17:04",
                "data": {
                    "time": 97.601665
                }
            },
            {
                "time": {
                    "start": "2019-09-16T16:14:49.488Z",
                    "end": "2019-09-16T16:17:05.416Z"
                },
                "type": "SCRUB",
                "source": "data:drag",
                "_t": "10:14:49",
                "_end": "10:17:05",
                "data": {
                    "time": 100.289657
                }
            }
        ]
    }
}