{
    "user_id": "purple 2",
    "session_id": "5d1a4c9181249f67dd06aad2",
    "study": "studyE",
    "workspace": "cane.cane-vid1-dat2",
    "details": {
        "workspace": "cane.cane-vid1-dat2",
        "labels": [
            {
                "time": 30.504612,
                "endTime": 31.725495704065317,
                "type": "ground",
                "id": 1
            },
            {
                "time": 32.274893,
                "endTime": 33.42601192097587,
                "type": "ground",
                "id": 2
            },
            {
                "time": 33.940526,
                "endTime": 35.28349807447139,
                "type": "ground",
                "id": 3
            },
            {
                "time": 35.76313,
                "endTime": 39.24264855658497,
                "type": "ground",
                "id": 4
            },
            {
                "time": 39.835649,
                "endTime": 40.84723795268299,
                "type": "ground",
                "id": 5
            },
            {
                "time": 41.422796,
                "endTime": 42.42566475691062,
                "type": "ground",
                "id": 6
            },
            {
                "time": 42.9489,
                "endTime": 44.04769533365879,
                "type": "ground",
                "id": 7
            }
        ],
        "_starts": [
            "2019-07-01T18:14:34.000Z"
        ],
        "_ends": [
            "2019-07-01T18:16:26.476Z"
        ]
    },
    "labels_file": "/home/ubuntu/vat/data/user-studies/studyE/practice-second/purple 2.labels.json",
    "videoFlash": 1.922515,
    "surveys": {
        "user-info": {
            "firstname": "Parker",
            "lastname": "Hanson",
            "email": "phanson96@gmail.com"
        },
        "practice-first": {
            "question1": "5",
            "question2": "ok",
            "question3": "60",
            "question4": "5"
        }
    },
    "logs": {
        "labelEvents": [
            {
                "time": "2019-07-01T18:15:10.287Z",
                "type": "START",
                "source": "hotkey",
                "_t": "12:15:10",
                "_end": "-",
                "data": {
                    "type": "ground",
                    "time": 31.479594
                }
            },
            {
                "time": "2019-07-01T18:15:10.535Z",
                "type": "START",
                "source": "hotkey",
                "_t": "12:15:10",
                "_end": "-",
                "data": {
                    "type": "ground",
                    "time": 31.47208
                }
            },
            {
                "time": "2019-07-01T18:15:15.241Z",
                "type": "END",
                "source": "data:click:h_pos",
                "_t": "12:15:15",
                "_end": "-",
                "data": {
                    "lbl": {
                        "time": 31.47208,
                        "endTime": 31.760379396097008,
                        "type": "ground",
                        "id": 2
                    }
                }
            },
            {
                "time": "2019-07-01T18:15:18.240Z",
                "type": "SELECT",
                "source": "data:click",
                "_t": "12:15:18",
                "_end": "-",
                "data": {
                    "time": 31.47208,
                    "endTime": 31.760379396097008,
                    "type": "ground",
                    "id": 2
                }
            },
            {
                "time": "2019-07-01T18:15:19.557Z",
                "type": "DELETE",
                "source": "side-bar:button",
                "_t": "12:15:19",
                "_end": "-",
                "data": {
                    "id": 2,
                    "idx": 1
                }
            },
            {
                "time": "2019-07-01T18:15:25.725Z",
                "type": "START",
                "source": "hotkey",
                "_t": "12:15:25",
                "_end": "-",
                "data": {
                    "type": "ground",
                    "time": 30.504613
                }
            },
            {
                "time": "2019-07-01T18:15:31.271Z",
                "type": "END",
                "source": "data:click:h_pos",
                "_t": "12:15:31",
                "_end": "-",
                "data": {
                    "lbl": {
                        "time": 30.504613,
                        "endTime": 31.47208,
                        "type": "ground",
                        "id": 2
                    }
                }
            },
            {
                "time": "2019-07-01T18:15:33.544Z",
                "type": "SELECT",
                "source": "data:click",
                "_t": "12:15:33",
                "_end": "-",
                "data": {
                    "time": 30.504613,
                    "endTime": 31.47208,
                    "type": "ground",
                    "id": 2
                }
            },
            {
                "time": "2019-07-01T18:15:35.853Z",
                "type": "DELETE",
                "source": "side-bar:button",
                "_t": "12:15:35",
                "_end": "-",
                "data": {
                    "id": 2,
                    "idx": 1
                }
            },
            {
                "time": "2019-07-01T18:15:38.976Z",
                "type": "SELECT",
                "source": "data:click",
                "_t": "12:15:38",
                "_end": "-",
                "data": {
                    "time": 31.47208,
                    "endTime": 31.479594,
                    "type": "ground",
                    "id": 1
                }
            },
            {
                "time": "2019-07-01T18:15:40.453Z",
                "type": "DELETE",
                "source": "side-bar:button",
                "_t": "12:15:40",
                "_end": "-",
                "data": {
                    "id": 1,
                    "idx": 0
                }
            },
            {
                "time": "2019-07-01T18:15:42.214Z",
                "type": "START",
                "source": "hotkey",
                "_t": "12:15:42",
                "_end": "-",
                "data": {
                    "type": "ground",
                    "time": 30.504612
                }
            },
            {
                "time": "2019-07-01T18:15:44.093Z",
                "type": "END",
                "source": "data:click:h_pos",
                "_t": "12:15:44",
                "_end": "-",
                "data": {
                    "lbl": {
                        "time": 30.504612,
                        "endTime": 31.725495704065317,
                        "type": "ground",
                        "id": 1
                    }
                }
            },
            {
                "time": "2019-07-01T18:15:46.963Z",
                "type": "START",
                "source": "hotkey",
                "_t": "12:15:46",
                "_end": "-",
                "data": {
                    "type": "ground",
                    "time": 32.274893
                }
            },
            {
                "time": "2019-07-01T18:15:47.936Z",
                "type": "END",
                "source": "data:click:h_pos",
                "_t": "12:15:47",
                "_end": "-",
                "data": {
                    "lbl": {
                        "time": 32.274893,
                        "endTime": 33.42601192097587,
                        "type": "ground",
                        "id": 2
                    }
                }
            },
            {
                "time": "2019-07-01T18:15:50.734Z",
                "type": "START",
                "source": "hotkey",
                "_t": "12:15:50",
                "_end": "-",
                "data": {
                    "type": "ground",
                    "time": 33.940526
                }
            },
            {
                "time": "2019-07-01T18:15:52.392Z",
                "type": "END",
                "source": "data:click:h_pos",
                "_t": "12:15:52",
                "_end": "-",
                "data": {
                    "lbl": {
                        "time": 33.940526,
                        "endTime": 35.28349807447139,
                        "type": "ground",
                        "id": 3
                    }
                }
            },
            {
                "time": "2019-07-01T18:15:52.560Z",
                "type": "SELECT",
                "source": "data:click",
                "_t": "12:15:52",
                "_end": "-",
                "data": {
                    "time": 33.940526,
                    "endTime": 35.28349807447139,
                    "type": "ground",
                    "id": 3
                }
            },
            {
                "time": "2019-07-01T18:15:54.346Z",
                "type": "DESELECT",
                "source": "data:click",
                "_t": "12:15:54",
                "_end": "-",
                "data": {
                    "time": 33.940526,
                    "endTime": 35.28349807447139,
                    "type": "ground",
                    "id": 3
                }
            },
            {
                "time": "2019-07-01T18:15:56.439Z",
                "type": "START",
                "source": "hotkey",
                "_t": "12:15:56",
                "_end": "-",
                "data": {
                    "type": "ground",
                    "time": 35.76313
                }
            },
            {
                "time": "2019-07-01T18:15:57.700Z",
                "type": "END",
                "source": "data:click:h_pos",
                "_t": "12:15:57",
                "_end": "-",
                "data": {
                    "lbl": {
                        "time": 35.76313,
                        "endTime": 39.24264855658497,
                        "type": "ground",
                        "id": 4
                    }
                }
            },
            {
                "time": "2019-07-01T18:15:59.175Z",
                "type": "START",
                "source": "hotkey",
                "_t": "12:15:59",
                "_end": "-",
                "data": {
                    "type": "ground",
                    "time": 39.835649
                }
            },
            {
                "time": "2019-07-01T18:16:00.849Z",
                "type": "END",
                "source": "data:click:h_pos",
                "_t": "12:16:00",
                "_end": "-",
                "data": {
                    "lbl": {
                        "time": 39.835649,
                        "endTime": 40.84723795268299,
                        "type": "ground",
                        "id": 5
                    }
                }
            },
            {
                "time": "2019-07-01T18:16:01.369Z",
                "type": "START",
                "source": "hotkey",
                "_t": "12:16:01",
                "_end": "-",
                "data": {
                    "type": "ground",
                    "time": 39.826928
                }
            },
            {
                "time": "2019-07-01T18:16:03.542Z",
                "type": "CANCEL",
                "source": "hotkey",
                "_t": "12:16:03",
                "_end": "-",
                "data": {
                    "time": 39.826928,
                    "type": "ground",
                    "editting": false
                }
            },
            {
                "time": "2019-07-01T18:16:11.750Z",
                "type": "START",
                "source": "hotkey",
                "_t": "12:16:11",
                "_end": "-",
                "data": {
                    "type": "ground",
                    "time": 41.422796
                }
            },
            {
                "time": "2019-07-01T18:16:12.792Z",
                "type": "END",
                "source": "data:click:h_pos",
                "_t": "12:16:12",
                "_end": "-",
                "data": {
                    "lbl": {
                        "time": 41.422796,
                        "endTime": 42.42566475691062,
                        "type": "ground",
                        "id": 6
                    }
                }
            },
            {
                "time": "2019-07-01T18:16:14.894Z",
                "type": "START",
                "source": "hotkey",
                "_t": "12:16:14",
                "_end": "-",
                "data": {
                    "type": "ground",
                    "time": 42.983783
                }
            },
            {
                "time": "2019-07-01T18:16:16.581Z",
                "type": "CANCEL",
                "source": "hotkey",
                "_t": "12:16:16",
                "_end": "-",
                "data": {
                    "time": 42.983783,
                    "type": "ground",
                    "editting": false
                }
            },
            {
                "time": "2019-07-01T18:16:21.854Z",
                "type": "CANCEL",
                "source": "hotkey",
                "_t": "12:16:21",
                "_end": "-",
                "data": {
                    "editting": false
                }
            },
            {
                "time": "2019-07-01T18:16:22.855Z",
                "type": "START",
                "source": "hotkey",
                "_t": "12:16:22",
                "_end": "-",
                "data": {
                    "type": "ground",
                    "time": 42.9489
                }
            },
            {
                "time": "2019-07-01T18:16:24.544Z",
                "type": "END",
                "source": "data:click:h_pos",
                "_t": "12:16:24",
                "_end": "-",
                "data": {
                    "lbl": {
                        "time": 42.9489,
                        "endTime": 44.04769533365879,
                        "type": "ground",
                        "id": 7
                    }
                }
            }
        ],
        "navigationEvents": [
            {
                "time": "2019-07-01T18:14:59.190Z",
                "type": "CHANGE-PLAYBACK-RATE",
                "source": "video:menu",
                "_t": "12:14:59",
                "_end": "-",
                "data": {
                    "oldRate": 1,
                    "newRate": 1.5
                }
            },
            {
                "time": {
                    "start": "2019-07-01T18:14:34.781Z",
                    "end": "2019-07-01T18:15:06.087Z"
                },
                "type": "SCRUB",
                "source": "data:drag",
                "_t": "12:14:34",
                "_end": "12:15:06",
                "data": {
                    "time": 23.379977
                }
            },
            {
                "time": {
                    "start": "2019-07-01T18:14:34.781Z",
                    "end": "2019-07-01T18:15:08.237Z"
                },
                "type": "SCRUB",
                "source": "data:drag",
                "_t": "12:14:34",
                "_end": "12:15:08",
                "data": {
                    "time": 28.588549
                }
            },
            {
                "time": {
                    "start": "2019-07-01T18:14:34.781Z",
                    "end": "2019-07-01T18:15:09.765Z"
                },
                "type": "SCRUB",
                "source": "data:drag",
                "_t": "12:14:34",
                "_end": "12:15:09",
                "data": {
                    "time": 30.716623
                }
            },
            {
                "time": {
                    "start": "2019-07-01T18:14:34.781Z",
                    "end": "2019-07-01T18:15:11.093Z"
                },
                "type": "SCRUB",
                "source": "data:drag",
                "_t": "12:14:34",
                "_end": "12:15:11",
                "data": {
                    "time": 30.369793
                }
            },
            {
                "time": {
                    "start": "2019-07-01T18:14:34.781Z",
                    "end": "2019-07-01T18:15:11.914Z"
                },
                "type": "SCRUB",
                "source": "data:drag",
                "_t": "12:14:34",
                "_end": "12:15:11",
                "data": {
                    "time": 33.784288
                }
            },
            {
                "time": "2019-07-01T18:15:12.315Z",
                "type": "PAUSE",
                "source": "hotkey",
                "_t": "12:15:12",
                "_end": "-",
                "data": {
                    "key": "space"
                }
            },
            {
                "time": {
                    "start": "2019-07-01T18:14:34.781Z",
                    "end": "2019-07-01T18:15:15.237Z"
                },
                "type": "SCRUB",
                "source": "data:drag",
                "_t": "12:14:34",
                "_end": "12:15:15",
                "data": {
                    "time": 34.219588
                }
            },
            {
                "time": {
                    "start": "2019-07-01T18:14:34.781Z",
                    "end": "2019-07-01T18:15:16.609Z"
                },
                "type": "SCRUB",
                "source": "data:drag",
                "_t": "12:14:34",
                "_end": "12:15:16",
                "data": {
                    "time": 34.175985
                }
            },
            {
                "time": {
                    "start": "2019-07-01T18:14:34.781Z",
                    "end": "2019-07-01T18:15:17.300Z"
                },
                "type": "SCRUB",
                "source": "data:drag",
                "_t": "12:14:34",
                "_end": "12:15:17",
                "data": {
                    "time": 34.175985
                }
            },
            {
                "time": {
                    "start": "2019-07-01T18:14:34.781Z",
                    "end": "2019-07-01T18:15:18.237Z"
                },
                "type": "SCRUB",
                "source": "data:drag",
                "_t": "12:14:34",
                "_end": "12:15:18",
                "data": {
                    "time": 34.175985
                }
            },
            {
                "time": {
                    "start": "2019-07-01T18:14:34.781Z",
                    "end": "2019-07-01T18:15:21.277Z"
                },
                "type": "SCRUB",
                "source": "data:drag",
                "_t": "12:14:34",
                "_end": "12:15:21",
                "data": {
                    "time": 34.175985
                }
            },
            {
                "time": {
                    "start": "2019-07-01T18:14:34.781Z",
                    "end": "2019-07-01T18:15:25.477Z"
                },
                "type": "SCRUB",
                "source": "data:drag",
                "_t": "12:14:34",
                "_end": "12:15:25",
                "data": {
                    "time": 30.504613
                }
            },
            {
                "time": {
                    "start": "2019-07-01T18:14:34.781Z",
                    "end": "2019-07-01T18:15:31.269Z"
                },
                "type": "SCRUB",
                "source": "data:drag",
                "_t": "12:14:34",
                "_end": "12:15:31",
                "data": {
                    "time": 30.504613
                }
            },
            {
                "time": {
                    "start": "2019-07-01T18:14:34.781Z",
                    "end": "2019-07-01T18:15:32.708Z"
                },
                "type": "SCRUB",
                "source": "data:drag",
                "_t": "12:14:34",
                "_end": "12:15:32",
                "data": {
                    "time": 30.583098
                }
            },
            {
                "time": {
                    "start": "2019-07-01T18:14:34.781Z",
                    "end": "2019-07-01T18:15:33.541Z"
                },
                "type": "SCRUB",
                "source": "data:drag",
                "_t": "12:14:34",
                "_end": "12:15:33",
                "data": {
                    "time": 30.583098
                }
            },
            {
                "time": {
                    "start": "2019-07-01T18:14:34.781Z",
                    "end": "2019-07-01T18:15:38.974Z"
                },
                "type": "SCRUB",
                "source": "data:drag",
                "_t": "12:14:34",
                "_end": "12:15:38",
                "data": {
                    "time": 30.583098
                }
            },
            {
                "time": {
                    "start": "2019-07-01T18:14:34.781Z",
                    "end": "2019-07-01T18:15:41.884Z"
                },
                "type": "SCRUB",
                "source": "data:drag",
                "_t": "12:14:34",
                "_end": "12:15:41",
                "data": {
                    "time": 30.504612
                }
            },
            {
                "time": {
                    "start": "2019-07-01T18:14:34.781Z",
                    "end": "2019-07-01T18:15:44.092Z"
                },
                "type": "SCRUB",
                "source": "data:drag",
                "_t": "12:14:34",
                "_end": "12:15:44",
                "data": {
                    "time": 30.504612
                }
            },
            {
                "time": {
                    "start": "2019-07-01T18:14:34.781Z",
                    "end": "2019-07-01T18:15:45.173Z"
                },
                "type": "SCRUB",
                "source": "data:drag",
                "_t": "12:14:34",
                "_end": "12:15:45",
                "data": {
                    "time": 30.504612
                }
            },
            {
                "time": {
                    "start": "2019-07-01T18:14:34.781Z",
                    "end": "2019-07-01T18:15:45.990Z"
                },
                "type": "SCRUB",
                "source": "data:drag",
                "_t": "12:14:34",
                "_end": "12:15:45",
                "data": {
                    "time": 30.504612
                }
            },
            {
                "time": {
                    "start": "2019-07-01T18:14:34.781Z",
                    "end": "2019-07-01T18:15:46.197Z"
                },
                "type": "SCRUB",
                "source": "data:drag",
                "_t": "12:14:34",
                "_end": "12:15:46",
                "data": {
                    "time": 30.504612
                }
            },
            {
                "time": "2019-07-01T18:15:46.202Z",
                "type": "JUMP",
                "source": "data:dblclick:h_pos",
                "_t": "12:15:46",
                "_end": "-",
                "data": {
                    "from": 30.504612,
                    "to": 32.27489337089471
                }
            },
            {
                "time": {
                    "start": "2019-07-01T18:14:34.781Z",
                    "end": "2019-07-01T18:15:47.934Z"
                },
                "type": "SCRUB",
                "source": "data:drag",
                "_t": "12:14:34",
                "_end": "12:15:47",
                "data": {
                    "time": 32.274893
                }
            },
            {
                "time": {
                    "start": "2019-07-01T18:14:34.781Z",
                    "end": "2019-07-01T18:15:48.797Z"
                },
                "type": "SCRUB",
                "source": "data:drag",
                "_t": "12:14:34",
                "_end": "12:15:48",
                "data": {
                    "time": 32.274893
                }
            },
            {
                "time": {
                    "start": "2019-07-01T18:14:34.781Z",
                    "end": "2019-07-01T18:15:49.005Z"
                },
                "type": "SCRUB",
                "source": "data:drag",
                "_t": "12:14:34",
                "_end": "12:15:49",
                "data": {
                    "time": 32.274893
                }
            },
            {
                "time": "2019-07-01T18:15:49.009Z",
                "type": "JUMP",
                "source": "data:dblclick:h_pos",
                "_t": "12:15:49",
                "_end": "-",
                "data": {
                    "from": 32.274893,
                    "to": 34.01029197934999
                }
            },
            {
                "time": {
                    "start": "2019-07-01T18:14:34.781Z",
                    "end": "2019-07-01T18:15:50.566Z"
                },
                "type": "SCRUB",
                "source": "data:drag",
                "_t": "12:14:34",
                "_end": "12:15:50",
                "data": {
                    "time": 33.940526
                }
            },
            {
                "time": {
                    "start": "2019-07-01T18:14:34.781Z",
                    "end": "2019-07-01T18:15:52.390Z"
                },
                "type": "SCRUB",
                "source": "data:drag",
                "_t": "12:14:34",
                "_end": "12:15:52",
                "data": {
                    "time": 33.940526
                }
            },
            {
                "time": {
                    "start": "2019-07-01T18:14:34.781Z",
                    "end": "2019-07-01T18:15:52.558Z"
                },
                "type": "SCRUB",
                "source": "data:drag",
                "_t": "12:14:34",
                "_end": "12:15:52",
                "data": {
                    "time": 33.940526
                }
            },
            {
                "time": {
                    "start": "2019-07-01T18:14:34.781Z",
                    "end": "2019-07-01T18:15:54.346Z"
                },
                "type": "SCRUB",
                "source": "data:drag",
                "_t": "12:14:34",
                "_end": "12:15:54",
                "data": {
                    "time": 33.940526
                }
            },
            {
                "time": {
                    "start": "2019-07-01T18:14:34.781Z",
                    "end": "2019-07-01T18:15:55.374Z"
                },
                "type": "SCRUB",
                "source": "data:drag",
                "_t": "12:14:34",
                "_end": "12:15:55",
                "data": {
                    "time": 33.940526
                }
            },
            {
                "time": {
                    "start": "2019-07-01T18:14:34.781Z",
                    "end": "2019-07-01T18:15:55.849Z"
                },
                "type": "SCRUB",
                "source": "data:drag",
                "_t": "12:14:34",
                "_end": "12:15:55",
                "data": {
                    "time": 33.940526
                }
            },
            {
                "time": {
                    "start": "2019-07-01T18:14:34.781Z",
                    "end": "2019-07-01T18:15:56.037Z"
                },
                "type": "SCRUB",
                "source": "data:drag",
                "_t": "12:14:34",
                "_end": "12:15:56",
                "data": {
                    "time": 33.940526
                }
            },
            {
                "time": "2019-07-01T18:15:56.039Z",
                "type": "JUMP",
                "source": "data:dblclick:h_pos",
                "_t": "12:15:56",
                "_end": "-",
                "data": {
                    "from": 33.940526,
                    "to": 35.76313095821118
                }
            },
            {
                "time": {
                    "start": "2019-07-01T18:14:34.781Z",
                    "end": "2019-07-01T18:15:57.698Z"
                },
                "type": "SCRUB",
                "source": "data:drag",
                "_t": "12:14:34",
                "_end": "12:15:57",
                "data": {
                    "time": 35.76313
                }
            },
            {
                "time": {
                    "start": "2019-07-01T18:14:34.781Z",
                    "end": "2019-07-01T18:15:58.670Z"
                },
                "type": "SCRUB",
                "source": "data:drag",
                "_t": "12:14:34",
                "_end": "12:15:58",
                "data": {
                    "time": 35.76313
                }
            },
            {
                "time": {
                    "start": "2019-07-01T18:14:34.781Z",
                    "end": "2019-07-01T18:15:58.861Z"
                },
                "type": "SCRUB",
                "source": "data:drag",
                "_t": "12:14:34",
                "_end": "12:15:58",
                "data": {
                    "time": 35.76313
                }
            },
            {
                "time": "2019-07-01T18:15:58.865Z",
                "type": "JUMP",
                "source": "data:dblclick:h_pos",
                "_t": "12:15:58",
                "_end": "-",
                "data": {
                    "from": 35.76313,
                    "to": 39.83564921284507
                }
            },
            {
                "time": {
                    "start": "2019-07-01T18:14:34.781Z",
                    "end": "2019-07-01T18:16:00.245Z"
                },
                "type": "SCRUB",
                "source": "data:drag",
                "_t": "12:14:34",
                "_end": "12:16:00",
                "data": {
                    "time": 39.826928
                }
            },
            {
                "time": {
                    "start": "2019-07-01T18:14:34.781Z",
                    "end": "2019-07-01T18:16:00.846Z"
                },
                "type": "SCRUB",
                "source": "data:drag",
                "_t": "12:14:34",
                "_end": "12:16:00",
                "data": {
                    "time": 39.826928
                }
            },
            {
                "time": {
                    "start": "2019-07-01T18:14:34.781Z",
                    "end": "2019-07-01T18:16:05.598Z"
                },
                "type": "SCRUB",
                "source": "data:drag",
                "_t": "12:14:34",
                "_end": "12:16:05",
                "data": {
                    "time": 39.826928
                }
            },
            {
                "time": {
                    "start": "2019-07-01T18:14:34.781Z",
                    "end": "2019-07-01T18:16:09.278Z"
                },
                "type": "SCRUB",
                "source": "data:drag",
                "_t": "12:14:34",
                "_end": "12:16:09",
                "data": {
                    "time": 39.826928
                }
            },
            {
                "time": {
                    "start": "2019-07-01T18:14:34.781Z",
                    "end": "2019-07-01T18:16:09.441Z"
                },
                "type": "SCRUB",
                "source": "data:drag",
                "_t": "12:14:34",
                "_end": "12:16:09",
                "data": {
                    "time": 39.826928
                }
            },
            {
                "time": "2019-07-01T18:16:09.447Z",
                "type": "JUMP",
                "source": "data:dblclick:h_pos",
                "_t": "12:16:09",
                "_end": "-",
                "data": {
                    "from": 39.826928,
                    "to": 41.5187239899188
                }
            },
            {
                "time": {
                    "start": "2019-07-01T18:14:34.781Z",
                    "end": "2019-07-01T18:16:10.687Z"
                },
                "type": "SCRUB",
                "source": "data:drag",
                "_t": "12:14:34",
                "_end": "12:16:10",
                "data": {
                    "time": 41.518723
                }
            },
            {
                "time": {
                    "start": "2019-07-01T18:14:34.781Z",
                    "end": "2019-07-01T18:16:10.845Z"
                },
                "type": "SCRUB",
                "source": "data:drag",
                "_t": "12:14:34",
                "_end": "12:16:10",
                "data": {
                    "time": 41.518723
                }
            },
            {
                "time": "2019-07-01T18:16:10.848Z",
                "type": "JUMP",
                "source": "data:dblclick:h_pos",
                "_t": "12:16:10",
                "_end": "-",
                "data": {
                    "from": 41.518723,
                    "to": 41.422796423252024
                }
            },
            {
                "time": {
                    "start": "2019-07-01T18:14:34.781Z",
                    "end": "2019-07-01T18:16:12.790Z"
                },
                "type": "SCRUB",
                "source": "data:drag",
                "_t": "12:14:34",
                "_end": "12:16:12",
                "data": {
                    "time": 41.422796
                }
            },
            {
                "time": {
                    "start": "2019-07-01T18:14:34.781Z",
                    "end": "2019-07-01T18:16:14.029Z"
                },
                "type": "SCRUB",
                "source": "data:drag",
                "_t": "12:14:34",
                "_end": "12:16:14",
                "data": {
                    "time": 41.422796
                }
            },
            {
                "time": {
                    "start": "2019-07-01T18:14:34.781Z",
                    "end": "2019-07-01T18:16:14.222Z"
                },
                "type": "SCRUB",
                "source": "data:drag",
                "_t": "12:14:34",
                "_end": "12:16:14",
                "data": {
                    "time": 41.422796
                }
            },
            {
                "time": "2019-07-01T18:16:14.228Z",
                "type": "JUMP",
                "source": "data:dblclick:h_pos",
                "_t": "12:16:14",
                "_end": "-",
                "data": {
                    "from": 41.422796,
                    "to": 42.9837830216261
                }
            },
            {
                "time": {
                    "start": "2019-07-01T18:14:34.781Z",
                    "end": "2019-07-01T18:16:21.062Z"
                },
                "type": "SCRUB",
                "source": "data:drag",
                "_t": "12:14:34",
                "_end": "12:16:21",
                "data": {
                    "time": 42.9489
                }
            },
            {
                "time": {
                    "start": "2019-07-01T18:14:34.781Z",
                    "end": "2019-07-01T18:16:24.542Z"
                },
                "type": "SCRUB",
                "source": "data:drag",
                "_t": "12:14:34",
                "_end": "12:16:24",
                "data": {
                    "time": 42.9489
                }
            }
        ]
    }
}