{
    "user_id": "Silver4",
    "session_id": "5d85398d81249f67dd06ae0a",
    "study": "studyE",
    "workspace": "cane.cane-vid1-dat2",
    "details": {
        "workspace": "cane.cane-vid1-dat2",
        "labels": [
            {
                "time": 28.462416,
                "endTime": 29.770505333170597,
                "type": "ground",
                "id": 1
            },
            {
                "time": 30.54405,
                "endTime": 31.625404170081147,
                "type": "ground",
                "id": 2
            },
            {
                "time": 32.279449,
                "endTime": 33.31720014845552,
                "type": "ground",
                "id": 3
            },
            {
                "time": 33.997407,
                "endTime": 35.20957010617914,
                "type": "ground",
                "id": 4
            },
            {
                "time": 35.854894,
                "endTime": 39.12511820731781,
                "type": "ground",
                "id": 5
            },
            {
                "time": 39.814045,
                "endTime": 40.729708218373844,
                "type": "ground",
                "id": 6
            },
            {
                "time": 41.401194,
                "endTime": 42.299415837882265,
                "type": "ground",
                "id": 7
            },
            {
                "time": 42.936019,
                "endTime": 43.529019656260296,
                "type": "ground",
                "id": 8
            },
            {
                "time": 64.676469,
                "endTime": 65.91479389983768,
                "type": "ground",
                "id": 9
            },
            {
                "time": 66.621162,
                "endTime": 67.62403108552914,
                "type": "ground",
                "id": 10
            },
            {
                "time": 68.217032,
                "endTime": 69.21117990081405,
                "type": "ground",
                "id": 11
            },
            {
                "time": 69.734416,
                "endTime": 70.71112273723583,
                "type": "ground",
                "id": 12
            },
            {
                "time": 71.382609,
                "endTime": 72.48140410812961,
                "type": "ground",
                "id": 13
            },
            {
                "time": 73.056964,
                "endTime": 74.26912710617913,
                "type": "ground",
                "id": 14
            },
            {
                "time": 75.115026,
                "endTime": 75.83883522243528,
                "type": "ground",
                "id": 15
            },
            {
                "time": 76.484159,
                "endTime": 77.23413041821155,
                "type": "ground",
                "id": 16
            },
            {
                "time": 77.81841,
                "endTime": 78.6817496673191,
                "type": "ground",
                "id": 17
            },
            {
                "time": 79.353236,
                "endTime": 80.25145758227663,
                "type": "ground",
                "id": 18
            }
        ],
        "_starts": [
            "2019-09-20T20:46:10.000Z"
        ],
        "_ends": [
            "2019-09-20T20:48:26.324Z"
        ]
    },
    "labels_file": "/home/ubuntu/vat/data/user-studies/studyE/practice-second/Silver4.labels.json",
    "videoFlash": 1.922515,
    "surveys": {
        "user-info": {
            "firstname": "Michael",
            "lastname": "Davenport",
            "email": "mdaven19@byu.edu"
        },
        "practice-first": {
            "question1": "3",
            "question2": "ok",
            "question3": "50",
            "question4": "3"
        }
    },
    "logs": {
        "labelEvents": [
            {
                "time": "2019-09-20T20:46:36.713Z",
                "type": "START",
                "source": "hotkey",
                "_t": "14:46:36",
                "_end": "-",
                "data": {
                    "type": "ground",
                    "time": 28.68603
                }
            },
            {
                "time": "2019-09-20T20:46:38.226Z",
                "type": "END",
                "source": "data:click:h_pos",
                "_t": "14:46:38",
                "_end": "-",
                "data": {
                    "lbl": {
                        "time": 28.38952967186985,
                        "endTime": 28.68603,
                        "type": "ground",
                        "id": 1
                    }
                }
            },
            {
                "time": "2019-09-20T20:46:49.019Z",
                "type": "SELECT",
                "source": "data:click",
                "_t": "14:46:49",
                "_end": "-",
                "data": {
                    "time": 28.38952967186985,
                    "endTime": 28.68603,
                    "type": "ground",
                    "id": 1
                }
            },
            {
                "time": "2019-09-20T20:46:51.279Z",
                "type": "DELETE",
                "source": "side-bar:button",
                "_t": "14:46:51",
                "_end": "-",
                "data": {
                    "id": 1,
                    "idx": 0
                }
            },
            {
                "time": "2019-09-20T20:46:52.874Z",
                "type": "START",
                "source": "hotkey",
                "_t": "14:46:52",
                "_end": "-",
                "data": {
                    "type": "ground",
                    "time": 29.225778
                }
            },
            {
                "time": "2019-09-20T20:46:56.800Z",
                "type": "END",
                "source": "data:click:h_pos",
                "_t": "14:46:56",
                "_end": "-",
                "data": {
                    "lbl": {
                        "time": 28.397320788130244,
                        "endTime": 29.225778,
                        "type": "ground",
                        "id": 1
                    }
                }
            },
            {
                "time": "2019-09-20T20:47:05.860Z",
                "type": "SELECT",
                "source": "data:click",
                "_t": "14:47:05",
                "_end": "-",
                "data": {
                    "time": 28.397320788130244,
                    "endTime": 29.225778,
                    "type": "ground",
                    "id": 1
                }
            },
            {
                "time": "2019-09-20T20:47:07.702Z",
                "type": "DELETE",
                "source": "side-bar:button",
                "_t": "14:47:07",
                "_end": "-",
                "data": {
                    "id": 1,
                    "idx": 0
                }
            },
            {
                "time": "2019-09-20T20:47:11.433Z",
                "type": "START",
                "source": "hotkey",
                "_t": "14:47:11",
                "_end": "-",
                "data": {
                    "type": "ground",
                    "time": 28.462416
                }
            },
            {
                "time": "2019-09-20T20:47:13.774Z",
                "type": "END",
                "source": "data:click:h_pos",
                "_t": "14:47:13",
                "_end": "-",
                "data": {
                    "lbl": {
                        "time": 28.462416,
                        "endTime": 29.770505333170597,
                        "type": "ground",
                        "id": 1
                    }
                }
            },
            {
                "time": "2019-09-20T20:47:17.750Z",
                "type": "START",
                "source": "hotkey",
                "_t": "14:47:17",
                "_end": "-",
                "data": {
                    "type": "ground",
                    "time": 30.54405
                }
            },
            {
                "time": "2019-09-20T20:47:21.222Z",
                "type": "END",
                "source": "data:click:h_pos",
                "_t": "14:47:21",
                "_end": "-",
                "data": {
                    "lbl": {
                        "time": 30.54405,
                        "endTime": 31.625404170081147,
                        "type": "ground",
                        "id": 2
                    }
                }
            },
            {
                "time": "2019-09-20T20:47:24.905Z",
                "type": "START",
                "source": "hotkey",
                "_t": "14:47:24",
                "_end": "-",
                "data": {
                    "type": "ground",
                    "time": 32.279449
                }
            },
            {
                "time": "2019-09-20T20:47:25.821Z",
                "type": "END",
                "source": "data:click:h_pos",
                "_t": "14:47:25",
                "_end": "-",
                "data": {
                    "lbl": {
                        "time": 32.279449,
                        "endTime": 33.31720014845552,
                        "type": "ground",
                        "id": 3
                    }
                }
            },
            {
                "time": "2019-09-20T20:47:27.913Z",
                "type": "START",
                "source": "hotkey",
                "_t": "14:47:27",
                "_end": "-",
                "data": {
                    "type": "ground",
                    "time": 33.997407
                }
            },
            {
                "time": "2019-09-20T20:47:29.226Z",
                "type": "END",
                "source": "data:click:h_pos",
                "_t": "14:47:29",
                "_end": "-",
                "data": {
                    "lbl": {
                        "time": 33.997407,
                        "endTime": 35.20957010617914,
                        "type": "ground",
                        "id": 4
                    }
                }
            },
            {
                "time": "2019-09-20T20:47:31.560Z",
                "type": "START",
                "source": "hotkey",
                "_t": "14:47:31",
                "_end": "-",
                "data": {
                    "type": "ground",
                    "time": 35.854894
                }
            },
            {
                "time": "2019-09-20T20:47:32.806Z",
                "type": "END",
                "source": "data:click:h_pos",
                "_t": "14:47:32",
                "_end": "-",
                "data": {
                    "lbl": {
                        "time": 35.854894,
                        "endTime": 39.12511820731781,
                        "type": "ground",
                        "id": 5
                    }
                }
            },
            {
                "time": "2019-09-20T20:47:34.832Z",
                "type": "START",
                "source": "hotkey",
                "_t": "14:47:34",
                "_end": "-",
                "data": {
                    "type": "ground",
                    "time": 39.814045
                }
            },
            {
                "time": "2019-09-20T20:47:35.820Z",
                "type": "END",
                "source": "data:click:h_pos",
                "_t": "14:47:35",
                "_end": "-",
                "data": {
                    "lbl": {
                        "time": 39.814045,
                        "endTime": 40.729708218373844,
                        "type": "ground",
                        "id": 6
                    }
                }
            },
            {
                "time": "2019-09-20T20:47:37.675Z",
                "type": "START",
                "source": "hotkey",
                "_t": "14:47:37",
                "_end": "-",
                "data": {
                    "type": "ground",
                    "time": 41.401194
                }
            },
            {
                "time": "2019-09-20T20:47:39.100Z",
                "type": "END",
                "source": "data:click:h_pos",
                "_t": "14:47:39",
                "_end": "-",
                "data": {
                    "lbl": {
                        "time": 41.401194,
                        "endTime": 42.299415837882265,
                        "type": "ground",
                        "id": 7
                    }
                }
            },
            {
                "time": "2019-09-20T20:47:42.396Z",
                "type": "START",
                "source": "hotkey",
                "_t": "14:47:42",
                "_end": "-",
                "data": {
                    "type": "ground",
                    "time": 42.936019
                }
            },
            {
                "time": "2019-09-20T20:47:44.709Z",
                "type": "END",
                "source": "data:click:h_pos",
                "_t": "14:47:44",
                "_end": "-",
                "data": {
                    "lbl": {
                        "time": 42.936019,
                        "endTime": 43.529019656260296,
                        "type": "ground",
                        "id": 8
                    }
                }
            },
            {
                "time": "2019-09-20T20:47:49.949Z",
                "type": "START",
                "source": "hotkey",
                "_t": "14:47:49",
                "_end": "-",
                "data": {
                    "type": "ground",
                    "time": 64.676469
                }
            },
            {
                "time": "2019-09-20T20:47:50.838Z",
                "type": "END",
                "source": "data:click:h_pos",
                "_t": "14:47:50",
                "_end": "-",
                "data": {
                    "lbl": {
                        "time": 64.676469,
                        "endTime": 65.91479389983768,
                        "type": "ground",
                        "id": 9
                    }
                }
            },
            {
                "time": "2019-09-20T20:47:53.004Z",
                "type": "START",
                "source": "hotkey",
                "_t": "14:47:53",
                "_end": "-",
                "data": {
                    "type": "ground",
                    "time": 66.621162
                }
            },
            {
                "time": "2019-09-20T20:47:53.643Z",
                "type": "END",
                "source": "data:click:h_pos",
                "_t": "14:47:53",
                "_end": "-",
                "data": {
                    "lbl": {
                        "time": 66.621162,
                        "endTime": 67.62403108552914,
                        "type": "ground",
                        "id": 10
                    }
                }
            },
            {
                "time": "2019-09-20T20:47:56.093Z",
                "type": "START",
                "source": "hotkey",
                "_t": "14:47:56",
                "_end": "-",
                "data": {
                    "type": "ground",
                    "time": 68.217032
                }
            },
            {
                "time": "2019-09-20T20:47:57.045Z",
                "type": "END",
                "source": "data:click:h_pos",
                "_t": "14:47:57",
                "_end": "-",
                "data": {
                    "lbl": {
                        "time": 68.217032,
                        "endTime": 69.21117990081405,
                        "type": "ground",
                        "id": 11
                    }
                }
            },
            {
                "time": "2019-09-20T20:47:59.147Z",
                "type": "START",
                "source": "hotkey",
                "_t": "14:47:59",
                "_end": "-",
                "data": {
                    "type": "ground",
                    "time": 69.734416
                }
            },
            {
                "time": "2019-09-20T20:47:59.923Z",
                "type": "END",
                "source": "data:click:h_pos",
                "_t": "14:47:59",
                "_end": "-",
                "data": {
                    "lbl": {
                        "time": 69.734416,
                        "endTime": 70.71112273723583,
                        "type": "ground",
                        "id": 12
                    }
                }
            },
            {
                "time": "2019-09-20T20:48:02.682Z",
                "type": "START",
                "source": "hotkey",
                "_t": "14:48:02",
                "_end": "-",
                "data": {
                    "type": "ground",
                    "time": 71.382609
                }
            },
            {
                "time": "2019-09-20T20:48:03.226Z",
                "type": "END",
                "source": "data:click:h_pos",
                "_t": "14:48:03",
                "_end": "-",
                "data": {
                    "lbl": {
                        "time": 71.382609,
                        "endTime": 72.48140410812961,
                        "type": "ground",
                        "id": 13
                    }
                }
            },
            {
                "time": "2019-09-20T20:48:05.917Z",
                "type": "START",
                "source": "hotkey",
                "_t": "14:48:05",
                "_end": "-",
                "data": {
                    "type": "ground",
                    "time": 73.056964
                }
            },
            {
                "time": "2019-09-20T20:48:06.495Z",
                "type": "END",
                "source": "data:click:h_pos",
                "_t": "14:48:06",
                "_end": "-",
                "data": {
                    "lbl": {
                        "time": 73.056964,
                        "endTime": 74.26912710617913,
                        "type": "ground",
                        "id": 14
                    }
                }
            },
            {
                "time": "2019-09-20T20:48:08.724Z",
                "type": "START",
                "source": "hotkey",
                "_t": "14:48:08",
                "_end": "-",
                "data": {
                    "type": "ground",
                    "time": 75.115026
                }
            },
            {
                "time": "2019-09-20T20:48:09.300Z",
                "type": "END",
                "source": "data:click:h_pos",
                "_t": "14:48:09",
                "_end": "-",
                "data": {
                    "lbl": {
                        "time": 75.115026,
                        "endTime": 75.83883522243528,
                        "type": "ground",
                        "id": 15
                    }
                }
            },
            {
                "time": "2019-09-20T20:48:11.328Z",
                "type": "START",
                "source": "hotkey",
                "_t": "14:48:11",
                "_end": "-",
                "data": {
                    "type": "ground",
                    "time": 76.484159
                }
            },
            {
                "time": "2019-09-20T20:48:13.085Z",
                "type": "END",
                "source": "data:click:h_pos",
                "_t": "14:48:13",
                "_end": "-",
                "data": {
                    "lbl": {
                        "time": 76.484159,
                        "endTime": 77.23413041821155,
                        "type": "ground",
                        "id": 16
                    }
                }
            },
            {
                "time": "2019-09-20T20:48:15.260Z",
                "type": "START",
                "source": "hotkey",
                "_t": "14:48:15",
                "_end": "-",
                "data": {
                    "type": "ground",
                    "time": 77.81841
                }
            },
            {
                "time": "2019-09-20T20:48:16.366Z",
                "type": "END",
                "source": "data:click:h_pos",
                "_t": "14:48:16",
                "_end": "-",
                "data": {
                    "lbl": {
                        "time": 77.81841,
                        "endTime": 78.6817496673191,
                        "type": "ground",
                        "id": 17
                    }
                }
            },
            {
                "time": "2019-09-20T20:48:18.029Z",
                "type": "START",
                "source": "hotkey",
                "_t": "14:48:18",
                "_end": "-",
                "data": {
                    "type": "ground",
                    "time": 79.353236
                }
            },
            {
                "time": "2019-09-20T20:48:20.540Z",
                "type": "END",
                "source": "data:click:h_pos",
                "_t": "14:48:20",
                "_end": "-",
                "data": {
                    "lbl": {
                        "time": 79.353236,
                        "endTime": 80.25145758227663,
                        "type": "ground",
                        "id": 18
                    }
                }
            }
        ],
        "navigationEvents": [
            {
                "time": {
                    "start": "2019-09-20T20:46:10.685Z",
                    "end": "2019-09-20T20:46:30.436Z"
                },
                "type": "SCRUB",
                "source": "data:drag",
                "_t": "14:46:10",
                "_end": "14:46:30",
                "data": {
                    "time": 14.270881606828016
                }
            },
            {
                "time": {
                    "start": "2019-09-20T20:46:10.685Z",
                    "end": "2019-09-20T20:46:33.032Z"
                },
                "type": "SCRUB",
                "source": "data:drag",
                "_t": "14:46:10",
                "_end": "14:46:33",
                "data": {
                    "time": 25.616379849919735
                }
            },
            {
                "time": {
                    "start": "2019-09-20T20:46:10.685Z",
                    "end": "2019-09-20T20:46:36.217Z"
                },
                "type": "SCRUB",
                "source": "data:drag",
                "_t": "14:46:10",
                "_end": "14:46:36",
                "data": {
                    "time": 28.68603
                }
            },
            {
                "time": {
                    "start": "2019-09-20T20:46:10.685Z",
                    "end": "2019-09-20T20:46:38.223Z"
                },
                "type": "SCRUB",
                "source": "data:drag",
                "_t": "14:46:10",
                "_end": "14:46:38",
                "data": {
                    "time": 28.68603
                }
            },
            {
                "time": {
                    "start": "2019-09-20T20:46:10.685Z",
                    "end": "2019-09-20T20:46:40.634Z"
                },
                "type": "SCRUB",
                "source": "data:drag",
                "_t": "14:46:10",
                "_end": "14:46:40",
                "data": {
                    "time": 28.529059
                }
            },
            {
                "time": "2019-09-20T20:46:41.417Z",
                "type": "PLAY",
                "source": "hotkey",
                "_t": "14:46:41",
                "_end": "-",
                "data": {
                    "key": "space"
                }
            },
            {
                "time": "2019-09-20T20:46:42.102Z",
                "type": "PAUSE",
                "source": "hotkey",
                "_t": "14:46:42",
                "_end": "-",
                "data": {
                    "key": "space"
                }
            },
            {
                "time": {
                    "start": "2019-09-20T20:46:10.685Z",
                    "end": "2019-09-20T20:46:45.939Z"
                },
                "type": "SCRUB",
                "source": "data:drag",
                "_t": "14:46:10",
                "_end": "14:46:45",
                "data": {
                    "time": 29.225778
                }
            },
            {
                "time": {
                    "start": "2019-09-20T20:46:10.685Z",
                    "end": "2019-09-20T20:46:49.013Z"
                },
                "type": "SCRUB",
                "source": "data:drag",
                "_t": "14:46:10",
                "_end": "14:46:49",
                "data": {
                    "time": 29.225778
                }
            },
            {
                "time": {
                    "start": "2019-09-20T20:46:10.685Z",
                    "end": "2019-09-20T20:46:56.795Z"
                },
                "type": "SCRUB",
                "source": "data:drag",
                "_t": "14:46:10",
                "_end": "14:46:56",
                "data": {
                    "time": 29.225778
                }
            },
            {
                "time": "2019-09-20T20:46:59.527Z",
                "type": "PLAY",
                "source": "hotkey",
                "_t": "14:46:59",
                "_end": "-",
                "data": {
                    "key": "space"
                }
            },
            {
                "time": "2019-09-20T20:47:00.695Z",
                "type": "PAUSE",
                "source": "hotkey",
                "_t": "14:47:00",
                "_end": "-",
                "data": {
                    "key": "space"
                }
            },
            {
                "time": {
                    "start": "2019-09-20T20:46:10.685Z",
                    "end": "2019-09-20T20:47:05.854Z"
                },
                "type": "SCRUB",
                "source": "data:drag",
                "_t": "14:46:10",
                "_end": "14:47:05",
                "data": {
                    "time": 30.319903
                }
            },
            {
                "time": {
                    "start": "2019-09-20T20:46:10.685Z",
                    "end": "2019-09-20T20:47:10.826Z"
                },
                "type": "SCRUB",
                "source": "data:drag",
                "_t": "14:46:10",
                "_end": "14:47:10",
                "data": {
                    "time": 28.462416
                }
            },
            {
                "time": {
                    "start": "2019-09-20T20:46:10.685Z",
                    "end": "2019-09-20T20:47:13.772Z"
                },
                "type": "SCRUB",
                "source": "data:drag",
                "_t": "14:46:10",
                "_end": "14:47:13",
                "data": {
                    "time": 28.462416
                }
            },
            {
                "time": "2019-09-20T20:47:15.101Z",
                "type": "PLAY",
                "source": "hotkey",
                "_t": "14:47:15",
                "_end": "-",
                "data": {
                    "key": "space"
                }
            },
            {
                "time": "2019-09-20T20:47:15.728Z",
                "type": "PAUSE",
                "source": "hotkey",
                "_t": "14:47:15",
                "_end": "-",
                "data": {
                    "key": "space"
                }
            },
            {
                "time": {
                    "start": "2019-09-20T20:46:10.685Z",
                    "end": "2019-09-20T20:47:17.363Z"
                },
                "type": "SCRUB",
                "source": "data:drag",
                "_t": "14:46:10",
                "_end": "14:47:17",
                "data": {
                    "time": 30.54405
                }
            },
            {
                "time": {
                    "start": "2019-09-20T20:46:10.685Z",
                    "end": "2019-09-20T20:47:21.217Z"
                },
                "type": "SCRUB",
                "source": "data:drag",
                "_t": "14:46:10",
                "_end": "14:47:21",
                "data": {
                    "time": 30.54405
                }
            },
            {
                "time": {
                    "start": "2019-09-20T20:46:10.685Z",
                    "end": "2019-09-20T20:47:24.436Z"
                },
                "type": "SCRUB",
                "source": "data:drag",
                "_t": "14:46:10",
                "_end": "14:47:24",
                "data": {
                    "time": 32.279449
                }
            },
            {
                "time": {
                    "start": "2019-09-20T20:46:10.685Z",
                    "end": "2019-09-20T20:47:25.820Z"
                },
                "type": "SCRUB",
                "source": "data:drag",
                "_t": "14:46:10",
                "_end": "14:47:25",
                "data": {
                    "time": 32.279449
                }
            },
            {
                "time": {
                    "start": "2019-09-20T20:46:10.685Z",
                    "end": "2019-09-20T20:47:27.624Z"
                },
                "type": "SCRUB",
                "source": "data:drag",
                "_t": "14:46:10",
                "_end": "14:47:27",
                "data": {
                    "time": 33.997407
                }
            },
            {
                "time": {
                    "start": "2019-09-20T20:46:10.685Z",
                    "end": "2019-09-20T20:47:29.222Z"
                },
                "type": "SCRUB",
                "source": "data:drag",
                "_t": "14:46:10",
                "_end": "14:47:29",
                "data": {
                    "time": 33.997407
                }
            },
            {
                "time": {
                    "start": "2019-09-20T20:46:10.685Z",
                    "end": "2019-09-20T20:47:30.753Z"
                },
                "type": "SCRUB",
                "source": "data:drag",
                "_t": "14:46:10",
                "_end": "14:47:30",
                "data": {
                    "time": 35.854894
                }
            },
            {
                "time": {
                    "start": "2019-09-20T20:46:10.685Z",
                    "end": "2019-09-20T20:47:32.803Z"
                },
                "type": "SCRUB",
                "source": "data:drag",
                "_t": "14:46:10",
                "_end": "14:47:32",
                "data": {
                    "time": 35.854894
                }
            },
            {
                "time": {
                    "start": "2019-09-20T20:46:10.685Z",
                    "end": "2019-09-20T20:47:34.622Z"
                },
                "type": "SCRUB",
                "source": "data:drag",
                "_t": "14:46:10",
                "_end": "14:47:34",
                "data": {
                    "time": 39.814045
                }
            },
            {
                "time": {
                    "start": "2019-09-20T20:46:10.685Z",
                    "end": "2019-09-20T20:47:35.818Z"
                },
                "type": "SCRUB",
                "source": "data:drag",
                "_t": "14:46:10",
                "_end": "14:47:35",
                "data": {
                    "time": 39.814045
                }
            },
            {
                "time": {
                    "start": "2019-09-20T20:46:10.685Z",
                    "end": "2019-09-20T20:47:37.450Z"
                },
                "type": "SCRUB",
                "source": "data:drag",
                "_t": "14:46:10",
                "_end": "14:47:37",
                "data": {
                    "time": 41.401194
                }
            },
            {
                "time": {
                    "start": "2019-09-20T20:46:10.685Z",
                    "end": "2019-09-20T20:47:39.092Z"
                },
                "type": "SCRUB",
                "source": "data:drag",
                "_t": "14:46:10",
                "_end": "14:47:39",
                "data": {
                    "time": 41.401194
                }
            },
            {
                "time": {
                    "start": "2019-09-20T20:46:10.685Z",
                    "end": "2019-09-20T20:47:40.955Z"
                },
                "type": "SCRUB",
                "source": "data:drag",
                "_t": "14:46:10",
                "_end": "14:47:40",
                "data": {
                    "time": 42.936019
                }
            },
            {
                "time": {
                    "start": "2019-09-20T20:46:10.685Z",
                    "end": "2019-09-20T20:47:44.706Z"
                },
                "type": "SCRUB",
                "source": "data:drag",
                "_t": "14:46:10",
                "_end": "14:47:44",
                "data": {
                    "time": 42.936019
                }
            },
            {
                "time": {
                    "start": "2019-09-20T20:46:10.685Z",
                    "end": "2019-09-20T20:47:46.195Z"
                },
                "type": "SCRUB",
                "source": "data:drag",
                "_t": "14:46:10",
                "_end": "14:47:46",
                "data": {
                    "time": 50.13051225609919
                }
            },
            {
                "time": {
                    "start": "2019-09-20T20:46:10.685Z",
                    "end": "2019-09-20T20:47:47.024Z"
                },
                "type": "SCRUB",
                "source": "data:drag",
                "_t": "14:46:10",
                "_end": "14:47:47",
                "data": {
                    "time": 57.78719694406237
                }
            },
            {
                "time": {
                    "start": "2019-09-20T20:46:10.685Z",
                    "end": "2019-09-20T20:47:49.434Z"
                },
                "type": "SCRUB",
                "source": "data:drag",
                "_t": "14:46:10",
                "_end": "14:47:49",
                "data": {
                    "time": 64.676469
                }
            },
            {
                "time": {
                    "start": "2019-09-20T20:46:10.685Z",
                    "end": "2019-09-20T20:47:50.835Z"
                },
                "type": "SCRUB",
                "source": "data:drag",
                "_t": "14:46:10",
                "_end": "14:47:50",
                "data": {
                    "time": 64.676469
                }
            },
            {
                "time": {
                    "start": "2019-09-20T20:46:10.685Z",
                    "end": "2019-09-20T20:47:52.662Z"
                },
                "type": "SCRUB",
                "source": "data:drag",
                "_t": "14:46:10",
                "_end": "14:47:52",
                "data": {
                    "time": 66.621162
                }
            },
            {
                "time": {
                    "start": "2019-09-20T20:46:10.685Z",
                    "end": "2019-09-20T20:47:53.637Z"
                },
                "type": "SCRUB",
                "source": "data:drag",
                "_t": "14:46:10",
                "_end": "14:47:53",
                "data": {
                    "time": 66.621162
                }
            },
            {
                "time": {
                    "start": "2019-09-20T20:46:10.685Z",
                    "end": "2019-09-20T20:47:55.779Z"
                },
                "type": "SCRUB",
                "source": "data:drag",
                "_t": "14:46:10",
                "_end": "14:47:55",
                "data": {
                    "time": 68.217032
                }
            },
            {
                "time": {
                    "start": "2019-09-20T20:46:10.685Z",
                    "end": "2019-09-20T20:47:57.044Z"
                },
                "type": "SCRUB",
                "source": "data:drag",
                "_t": "14:46:10",
                "_end": "14:47:57",
                "data": {
                    "time": 68.217032
                }
            },
            {
                "time": {
                    "start": "2019-09-20T20:46:10.685Z",
                    "end": "2019-09-20T20:47:58.743Z"
                },
                "type": "SCRUB",
                "source": "data:drag",
                "_t": "14:46:10",
                "_end": "14:47:58",
                "data": {
                    "time": 69.734416
                }
            },
            {
                "time": {
                    "start": "2019-09-20T20:46:10.685Z",
                    "end": "2019-09-20T20:47:59.921Z"
                },
                "type": "SCRUB",
                "source": "data:drag",
                "_t": "14:46:10",
                "_end": "14:47:59",
                "data": {
                    "time": 69.734416
                }
            },
            {
                "time": {
                    "start": "2019-09-20T20:46:10.685Z",
                    "end": "2019-09-20T20:48:02.266Z"
                },
                "type": "SCRUB",
                "source": "data:drag",
                "_t": "14:46:10",
                "_end": "14:48:02",
                "data": {
                    "time": 71.382609
                }
            },
            {
                "time": {
                    "start": "2019-09-20T20:46:10.685Z",
                    "end": "2019-09-20T20:48:03.221Z"
                },
                "type": "SCRUB",
                "source": "data:drag",
                "_t": "14:46:10",
                "_end": "14:48:03",
                "data": {
                    "time": 71.382609
                }
            },
            {
                "time": {
                    "start": "2019-09-20T20:46:10.685Z",
                    "end": "2019-09-20T20:48:05.703Z"
                },
                "type": "SCRUB",
                "source": "data:drag",
                "_t": "14:46:10",
                "_end": "14:48:05",
                "data": {
                    "time": 73.056964
                }
            },
            {
                "time": {
                    "start": "2019-09-20T20:46:10.685Z",
                    "end": "2019-09-20T20:48:06.488Z"
                },
                "type": "SCRUB",
                "source": "data:drag",
                "_t": "14:46:10",
                "_end": "14:48:06",
                "data": {
                    "time": 73.056964
                }
            },
            {
                "time": {
                    "start": "2019-09-20T20:46:10.685Z",
                    "end": "2019-09-20T20:48:08.306Z"
                },
                "type": "SCRUB",
                "source": "data:drag",
                "_t": "14:46:10",
                "_end": "14:48:08",
                "data": {
                    "time": 75.115026
                }
            },
            {
                "time": {
                    "start": "2019-09-20T20:46:10.685Z",
                    "end": "2019-09-20T20:48:09.297Z"
                },
                "type": "SCRUB",
                "source": "data:drag",
                "_t": "14:46:10",
                "_end": "14:48:09",
                "data": {
                    "time": 75.115026
                }
            },
            {
                "time": {
                    "start": "2019-09-20T20:46:10.685Z",
                    "end": "2019-09-20T20:48:10.929Z"
                },
                "type": "SCRUB",
                "source": "data:drag",
                "_t": "14:46:10",
                "_end": "14:48:10",
                "data": {
                    "time": 76.484159
                }
            },
            {
                "time": {
                    "start": "2019-09-20T20:46:10.685Z",
                    "end": "2019-09-20T20:48:13.081Z"
                },
                "type": "SCRUB",
                "source": "data:drag",
                "_t": "14:46:10",
                "_end": "14:48:13",
                "data": {
                    "time": 76.484159
                }
            },
            {
                "time": {
                    "start": "2019-09-20T20:46:10.685Z",
                    "end": "2019-09-20T20:48:15.078Z"
                },
                "type": "SCRUB",
                "source": "data:drag",
                "_t": "14:46:10",
                "_end": "14:48:15",
                "data": {
                    "time": 77.81841
                }
            },
            {
                "time": {
                    "start": "2019-09-20T20:46:10.685Z",
                    "end": "2019-09-20T20:48:16.361Z"
                },
                "type": "SCRUB",
                "source": "data:drag",
                "_t": "14:46:10",
                "_end": "14:48:16",
                "data": {
                    "time": 77.81841
                }
            },
            {
                "time": {
                    "start": "2019-09-20T20:46:10.685Z",
                    "end": "2019-09-20T20:48:17.769Z"
                },
                "type": "SCRUB",
                "source": "data:drag",
                "_t": "14:46:10",
                "_end": "14:48:17",
                "data": {
                    "time": 79.353236
                }
            },
            {
                "time": {
                    "start": "2019-09-20T20:46:10.685Z",
                    "end": "2019-09-20T20:48:20.531Z"
                },
                "type": "SCRUB",
                "source": "data:drag",
                "_t": "14:46:10",
                "_end": "14:48:20",
                "data": {
                    "time": 79.353236
                }
            },
            {
                "time": {
                    "start": "2019-09-20T20:46:10.685Z",
                    "end": "2019-09-20T20:48:23.688Z"
                },
                "type": "SCRUB",
                "source": "data:drag",
                "_t": "14:46:10",
                "_end": "14:48:23",
                "data": {
                    "time": 80.949105
                }
            }
        ]
    }
}