{
    "user_id": "tan5",
    "session_id": "5d7bb30c81249f67dd06acc3",
    "study": "studyE",
    "workspace": "cane.cane-vid1-dat2",
    "details": {
        "workspace": "cane.cane-vid1-dat2",
        "labels": [
            {
                "time": 31.765133,
                "endTime": 32.252154,
                "type": "ground",
                "id": 2
            },
            {
                "time": 34.113519,
                "endTime": 35.408373,
                "type": "ground",
                "id": 3
            },
            {
                "time": 35.935279,
                "endTime": 37.920592,
                "type": "ground",
                "id": 4
            },
            {
                "time": 39.983425,
                "endTime": 40.955321,
                "type": "ground",
                "id": 5
            },
            {
                "time": 43.057321,
                "endTime": 44.231519,
                "type": "ground",
                "id": 6
            },
            {
                "time": 30.730648,
                "endTime": 31.765133,
                "type": "ground",
                "id": 7
            }
        ],
        "_starts": [
            "2019-09-13T15:21:18.000Z"
        ],
        "_ends": [
            "2019-09-13T15:23:28.909Z"
        ]
    },
    "labels_file": "/home/ubuntu/vat/data/user-studies/studyE/practice-second/tan5.labels.json",
    "videoFlash": 1.922515,
    "surveys": {
        "user-info": {
            "firstname": "Alison",
            "lastname": "Jepsen",
            "email": "adjopen@gmail.com"
        },
        "practice-first": {
            "question1": "4",
            "question2": "ok",
            "question3": "70",
            "question4": "3"
        }
    },
    "logs": {
        "labelEvents": [
            {
                "time": "2019-09-13T15:22:09.984Z",
                "type": "START",
                "source": "hotkey",
                "_t": "09:22:09",
                "_end": "-",
                "data": {
                    "type": "ground",
                    "time": 29.822456
                }
            },
            {
                "time": "2019-09-13T15:22:11.199Z",
                "type": "END",
                "source": "hotkey:ctb",
                "_t": "09:22:11",
                "_end": "-",
                "data": {
                    "lbl": {
                        "time": 29.822456,
                        "endTime": 30.428738,
                        "type": "ground",
                        "id": 1
                    },
                    "key": "enter"
                }
            },
            {
                "time": "2019-09-13T15:22:13.888Z",
                "type": "START",
                "source": "hotkey",
                "_t": "09:22:13",
                "_end": "-",
                "data": {
                    "type": "ground",
                    "time": 31.765133
                }
            },
            {
                "time": "2019-09-13T15:22:14.814Z",
                "type": "END",
                "source": "hotkey:ctb",
                "_t": "09:22:14",
                "_end": "-",
                "data": {
                    "lbl": {
                        "time": 31.765133,
                        "endTime": 32.252154,
                        "type": "ground",
                        "id": 2
                    },
                    "key": "enter"
                }
            },
            {
                "time": "2019-09-13T15:22:18.562Z",
                "type": "START",
                "source": "hotkey",
                "_t": "09:22:18",
                "_end": "-",
                "data": {
                    "type": "ground",
                    "time": 34.113519
                }
            },
            {
                "time": "2019-09-13T15:22:21.135Z",
                "type": "END",
                "source": "hotkey:ctb",
                "_t": "09:22:21",
                "_end": "-",
                "data": {
                    "lbl": {
                        "time": 34.113519,
                        "endTime": 35.408373,
                        "type": "ground",
                        "id": 3
                    },
                    "key": "enter"
                }
            },
            {
                "time": "2019-09-13T15:22:22.208Z",
                "type": "START",
                "source": "hotkey",
                "_t": "09:22:22",
                "_end": "-",
                "data": {
                    "type": "ground",
                    "time": 35.935279
                }
            },
            {
                "time": "2019-09-13T15:22:26.190Z",
                "type": "END",
                "source": "hotkey:ctb",
                "_t": "09:22:26",
                "_end": "-",
                "data": {
                    "lbl": {
                        "time": 35.935279,
                        "endTime": 37.920592,
                        "type": "ground",
                        "id": 4
                    },
                    "key": "enter"
                }
            },
            {
                "time": "2019-09-13T15:22:30.279Z",
                "type": "START",
                "source": "hotkey",
                "_t": "09:22:30",
                "_end": "-",
                "data": {
                    "type": "ground",
                    "time": 39.983425
                }
            },
            {
                "time": "2019-09-13T15:22:32.236Z",
                "type": "END",
                "source": "hotkey:ctb",
                "_t": "09:22:32",
                "_end": "-",
                "data": {
                    "lbl": {
                        "time": 39.983425,
                        "endTime": 40.955321,
                        "type": "ground",
                        "id": 5
                    },
                    "key": "enter"
                }
            },
            {
                "time": "2019-09-13T15:22:48.951Z",
                "type": "START",
                "source": "hotkey",
                "_t": "09:22:48",
                "_end": "-",
                "data": {
                    "type": "ground",
                    "time": 43.057321
                }
            },
            {
                "time": "2019-09-13T15:22:51.311Z",
                "type": "END",
                "source": "hotkey:ctb",
                "_t": "09:22:51",
                "_end": "-",
                "data": {
                    "lbl": {
                        "time": 43.057321,
                        "endTime": 44.231519,
                        "type": "ground",
                        "id": 6
                    },
                    "key": "enter"
                }
            },
            {
                "time": "2019-09-13T15:23:17.389Z",
                "type": "SELECT",
                "source": "data:click",
                "_t": "09:23:17",
                "_end": "-",
                "data": {
                    "time": 29.822456,
                    "endTime": 30.428738,
                    "type": "ground",
                    "id": 1
                }
            },
            {
                "time": "2019-09-13T15:23:18.588Z",
                "type": "DELETE",
                "source": "hotkey",
                "_t": "09:23:18",
                "_end": "-",
                "data": {
                    "id": 1,
                    "idx": 0
                }
            },
            {
                "time": "2019-09-13T15:23:22.916Z",
                "type": "START",
                "source": "hotkey",
                "_t": "09:23:22",
                "_end": "-",
                "data": {
                    "type": "ground",
                    "time": 30.730648
                }
            },
            {
                "time": "2019-09-13T15:23:25.133Z",
                "type": "END",
                "source": "hotkey:ctb",
                "_t": "09:23:25",
                "_end": "-",
                "data": {
                    "lbl": {
                        "time": 30.730648,
                        "endTime": 31.765133,
                        "type": "ground",
                        "id": 7
                    },
                    "key": "enter"
                }
            },
            {
                "time": "2019-09-13T15:23:28.928Z",
                "type": "SELECT",
                "source": "data:click",
                "_t": "09:23:28",
                "_end": "-",
                "data": {
                    "time": 31.765133,
                    "endTime": 32.252154,
                    "type": "ground",
                    "id": 2
                }
            }
        ],
        "navigationEvents": [
            {
                "time": "2019-09-13T15:21:33.803Z",
                "type": "CHANGE-PLAYBACK-RATE",
                "source": "video:menu",
                "_t": "09:21:33",
                "_end": "-",
                "data": {
                    "oldRate": 1,
                    "newRate": 0.5
                }
            },
            {
                "time": {
                    "start": "2019-09-13T15:21:18.592Z",
                    "end": "2019-09-13T15:21:34.908Z"
                },
                "type": "SCRUB",
                "source": "data:drag",
                "_t": "09:21:18",
                "_end": "09:21:34",
                "data": {
                    "time": 5.17465
                }
            },
            {
                "time": {
                    "start": "2019-09-13T15:21:18.592Z",
                    "end": "2019-09-13T15:21:36.077Z"
                },
                "type": "SCRUB",
                "source": "data:drag",
                "_t": "09:21:18",
                "_end": "09:21:36",
                "data": {
                    "time": 5.741931
                }
            },
            {
                "time": {
                    "start": "2019-09-13T15:21:18.592Z",
                    "end": "2019-09-13T15:21:36.280Z"
                },
                "type": "SCRUB",
                "source": "data:drag",
                "_t": "09:21:18",
                "_end": "09:21:36",
                "data": {
                    "time": 5.863045
                }
            },
            {
                "time": "2019-09-13T15:21:36.284Z",
                "type": "JUMP",
                "source": "data:dblclick:h_pos",
                "_t": "09:21:36",
                "_end": "-",
                "data": {
                    "from": 5.863045,
                    "to": 9.464651926991872
                }
            },
            {
                "time": {
                    "start": "2019-09-13T15:21:18.592Z",
                    "end": "2019-09-13T15:21:38.708Z"
                },
                "type": "SCRUB",
                "source": "data:drag",
                "_t": "09:21:18",
                "_end": "09:21:38",
                "data": {
                    "time": 10.636391
                }
            },
            {
                "time": {
                    "start": "2019-09-13T15:21:18.592Z",
                    "end": "2019-09-13T15:21:38.890Z"
                },
                "type": "SCRUB",
                "source": "data:drag",
                "_t": "09:21:18",
                "_end": "09:21:38",
                "data": {
                    "time": 10.757537
                }
            },
            {
                "time": "2019-09-13T15:21:38.896Z",
                "type": "JUMP",
                "source": "data:dblclick:h_pos",
                "_t": "09:21:38",
                "_end": "-",
                "data": {
                    "from": 10.757537,
                    "to": 14.318685926991872
                }
            },
            {
                "time": "2019-09-13T15:22:34.245Z",
                "type": "PAUSE",
                "source": "video:button",
                "_t": "09:22:34",
                "_end": "-"
            },
            {
                "time": "2019-09-13T15:22:46.693Z",
                "type": "PLAY",
                "source": "video:button",
                "_t": "09:22:46",
                "_end": "-"
            },
            {
                "time": "2019-09-13T15:22:52.901Z",
                "type": "PAUSE",
                "source": "video:button",
                "_t": "09:22:52",
                "_end": "-"
            },
            {
                "time": {
                    "start": "2019-09-13T15:21:18.592Z",
                    "end": "2019-09-13T15:23:06.603Z"
                },
                "type": "SCRUB",
                "source": "data:drag",
                "_t": "09:21:18",
                "_end": "09:23:06",
                "data": {
                    "time": 33.510877594472596
                }
            },
            {
                "time": {
                    "start": "2019-09-13T15:21:18.592Z",
                    "end": "2019-09-13T15:23:08.415Z"
                },
                "type": "SCRUB",
                "source": "data:drag",
                "_t": "09:21:18",
                "_end": "09:23:08",
                "data": {
                    "time": 27.171003
                }
            },
            {
                "time": "2019-09-13T15:23:11.628Z",
                "type": "PLAY",
                "source": "video:button",
                "_t": "09:23:11",
                "_end": "-"
            },
            {
                "time": "2019-09-13T15:23:16.029Z",
                "type": "PAUSE",
                "source": "video:button",
                "_t": "09:23:16",
                "_end": "-"
            },
            {
                "time": {
                    "start": "2019-09-13T15:21:18.592Z",
                    "end": "2019-09-13T15:23:17.384Z"
                },
                "type": "SCRUB",
                "source": "data:drag",
                "_t": "09:21:18",
                "_end": "09:23:17",
                "data": {
                    "time": 29.352742
                }
            },
            {
                "time": "2019-09-13T15:23:20.192Z",
                "type": "PLAY",
                "source": "video:button",
                "_t": "09:23:20",
                "_end": "-"
            },
            {
                "time": "2019-09-13T15:23:25.620Z",
                "type": "PAUSE",
                "source": "hotkey",
                "_t": "09:23:25",
                "_end": "-",
                "data": {
                    "key": "space"
                }
            },
            {
                "time": "2019-09-13T15:23:25.662Z",
                "type": "PLAY",
                "source": "video:button",
                "_t": "09:23:25",
                "_end": "-"
            },
            {
                "time": "2019-09-13T15:23:25.696Z",
                "type": "PAUSE",
                "source": "hotkey",
                "_t": "09:23:25",
                "_end": "-",
                "data": {
                    "key": "space"
                }
            },
            {
                "time": "2019-09-13T15:23:25.852Z",
                "type": "PLAY",
                "source": "video:button",
                "_t": "09:23:25",
                "_end": "-"
            },
            {
                "time": {
                    "start": "2019-09-13T15:21:18.592Z",
                    "end": "2019-09-13T15:23:26.867Z"
                },
                "type": "SCRUB",
                "source": "data:drag",
                "_t": "09:21:18",
                "_end": "09:23:26",
                "data": {
                    "time": 32.633971
                }
            },
            {
                "time": "2019-09-13T15:23:28.078Z",
                "type": "PAUSE",
                "source": "video:button",
                "_t": "09:23:28",
                "_end": "-"
            },
            {
                "time": {
                    "start": "2019-09-13T15:21:18.592Z",
                    "end": "2019-09-13T15:23:28.926Z"
                },
                "type": "SCRUB",
                "source": "data:drag",
                "_t": "09:21:18",
                "_end": "09:23:28",
                "data": {
                    "time": 33.240523
                }
            }
        ]
    }
}