{
    "user_id": "yellow2",
    "session_id": "5cf16de781249f67dd06a9fe",
    "study": "studyE",
    "workspace": "cane.cane-vid1-dat2",
    "details": {
        "workspace": "cane.cane-vid1-dat2",
        "labels": [
            {
                "time": 2.055048,
                "endTime": 26.40397100013037,
                "type": "ground",
                "id": 1
            },
            {
                "time": 28.504614,
                "endTime": 29.792047909683344,
                "type": "ground",
                "id": 2
            },
            {
                "time": 30.605164,
                "endTime": 31.58090338418106,
                "type": "ground",
                "id": 3
            },
            {
                "time": 32.326259,
                "endTime": 33.288446448289655,
                "type": "ground",
                "id": 4
            },
            {
                "time": 34.074458,
                "endTime": 35.19926867898699,
                "type": "ground",
                "id": 5
            },
            {
                "time": 35.903969,
                "endTime": 39.12932974215546,
                "type": "ground",
                "id": 6
            },
            {
                "time": 39.915342,
                "endTime": 40.71490621759281,
                "type": "ground",
                "id": 7
            },
            {
                "time": 41.460262,
                "endTime": 42.3140339611588,
                "type": "ground",
                "id": 8
            },
            {
                "time": 43.005182,
                "endTime": 43.560811371547786,
                "type": "ground",
                "id": 9
            }
        ],
        "_starts": [
            "2019-05-31T18:13:53.000Z"
        ],
        "_ends": [
            "2019-05-31T18:15:42.071Z"
        ]
    },
    "labels_file": "/home/ubuntu/vat/data/user-studies/studyE/practice-second/yellow2.labels.json",
    "videoFlash": 1.922515,
    "surveys": {
        "user-info": {
            "firstname": "William",
            "lastname": "Andersen",
            "email": "anderstars@gmail.com"
        },
        "practice-first": {
            "question1": "5",
            "question2": "ok",
            "question3": "90",
            "question4": "5"
        }
    },
    "logs": {
        "labelEvents": [
            {
                "time": "2019-05-31T18:14:21.502Z",
                "type": "START",
                "source": "hotkey",
                "_t": "12:14:21",
                "_end": "-",
                "data": {
                    "type": "ground",
                    "time": 2.055048
                }
            },
            {
                "time": "2019-05-31T18:14:30.472Z",
                "type": "END",
                "source": "data:click:h_pos",
                "_t": "12:14:30",
                "_end": "-",
                "data": {
                    "lbl": {
                        "time": 2.055048,
                        "endTime": 26.40397100013037,
                        "type": "ground",
                        "id": 1
                    }
                }
            },
            {
                "time": "2019-05-31T18:14:43.103Z",
                "type": "START",
                "source": "hotkey",
                "_t": "12:14:43",
                "_end": "-",
                "data": {
                    "type": "ground",
                    "time": 28.504614
                }
            },
            {
                "time": "2019-05-31T18:14:44.585Z",
                "type": "END",
                "source": "data:click:h_pos",
                "_t": "12:14:44",
                "_end": "-",
                "data": {
                    "lbl": {
                        "time": 28.504614,
                        "endTime": 29.792047909683344,
                        "type": "ground",
                        "id": 2
                    }
                }
            },
            {
                "time": "2019-05-31T18:14:47.743Z",
                "type": "START",
                "source": "hotkey",
                "_t": "12:14:47",
                "_end": "-",
                "data": {
                    "type": "ground",
                    "time": 30.605164
                }
            },
            {
                "time": "2019-05-31T18:14:49.816Z",
                "type": "END",
                "source": "data:click:h_pos",
                "_t": "12:14:49",
                "_end": "-",
                "data": {
                    "lbl": {
                        "time": 30.605164,
                        "endTime": 31.58090338418106,
                        "type": "ground",
                        "id": 3
                    }
                }
            },
            {
                "time": "2019-05-31T18:14:53.119Z",
                "type": "START",
                "source": "hotkey",
                "_t": "12:14:53",
                "_end": "-",
                "data": {
                    "type": "ground",
                    "time": 32.326259
                }
            },
            {
                "time": "2019-05-31T18:14:55.142Z",
                "type": "END",
                "source": "data:click:h_pos",
                "_t": "12:14:55",
                "_end": "-",
                "data": {
                    "lbl": {
                        "time": 32.326259,
                        "endTime": 33.288446448289655,
                        "type": "ground",
                        "id": 4
                    }
                }
            },
            {
                "time": "2019-05-31T18:15:02.528Z",
                "type": "START",
                "source": "hotkey",
                "_t": "12:15:02",
                "_end": "-",
                "data": {
                    "type": "ground",
                    "time": 34.074458
                }
            },
            {
                "time": "2019-05-31T18:15:03.759Z",
                "type": "END",
                "source": "data:click:h_pos",
                "_t": "12:15:03",
                "_end": "-",
                "data": {
                    "lbl": {
                        "time": 34.074458,
                        "endTime": 35.19926867898699,
                        "type": "ground",
                        "id": 5
                    }
                }
            },
            {
                "time": "2019-05-31T18:15:07.503Z",
                "type": "START",
                "source": "hotkey",
                "_t": "12:15:07",
                "_end": "-",
                "data": {
                    "type": "ground",
                    "time": 35.903969
                }
            },
            {
                "time": "2019-05-31T18:15:10.055Z",
                "type": "END",
                "source": "data:click:h_pos",
                "_t": "12:15:10",
                "_end": "-",
                "data": {
                    "lbl": {
                        "time": 35.903969,
                        "endTime": 39.12932974215546,
                        "type": "ground",
                        "id": 6
                    }
                }
            },
            {
                "time": "2019-05-31T18:15:12.964Z",
                "type": "START",
                "source": "hotkey",
                "_t": "12:15:12",
                "_end": "-",
                "data": {
                    "type": "ground",
                    "time": 39.915342
                }
            },
            {
                "time": "2019-05-31T18:15:15.055Z",
                "type": "END",
                "source": "data:click:h_pos",
                "_t": "12:15:15",
                "_end": "-",
                "data": {
                    "lbl": {
                        "time": 39.915342,
                        "endTime": 40.71490621759281,
                        "type": "ground",
                        "id": 7
                    }
                }
            },
            {
                "time": "2019-05-31T18:15:16.625Z",
                "type": "SELECT",
                "source": "data:click",
                "_t": "12:15:16",
                "_end": "-",
                "data": {
                    "time": 39.915342,
                    "endTime": 40.71490621759281,
                    "type": "ground",
                    "id": 7
                }
            },
            {
                "time": {
                    "start": "2019-05-31T18:15:17.243Z",
                    "end": "2019-05-31T18:15:19.864Z"
                },
                "type": "RESIZE",
                "source": "data:brush",
                "_t": "12:15:17",
                "_end": "12:15:19",
                "data": {
                    "brushing": true,
                    "origin": [
                        39.915342,
                        40.67425040991893
                    ],
                    "start": "2019-05-31T18:15:17.243Z",
                    "ε": 0.1,
                    "mode": "resize"
                }
            },
            {
                "time": "2019-05-31T18:15:20.897Z",
                "type": "DESELECT",
                "source": "data:click",
                "_t": "12:15:20",
                "_end": "-",
                "data": {
                    "time": 39.915342,
                    "endTime": 40.71490621759281,
                    "type": "ground",
                    "id": 7
                }
            },
            {
                "time": "2019-05-31T18:15:22.575Z",
                "type": "START",
                "source": "hotkey",
                "_t": "12:15:22",
                "_end": "-",
                "data": {
                    "type": "ground",
                    "time": 41.460262
                }
            },
            {
                "time": "2019-05-31T18:15:23.694Z",
                "type": "END",
                "source": "data:click:h_pos",
                "_t": "12:15:23",
                "_end": "-",
                "data": {
                    "lbl": {
                        "time": 41.460262,
                        "endTime": 42.3140339611588,
                        "type": "ground",
                        "id": 8
                    }
                }
            },
            {
                "time": "2019-05-31T18:15:34.704Z",
                "type": "START",
                "source": "hotkey",
                "_t": "12:15:34",
                "_end": "-",
                "data": {
                    "type": "ground",
                    "time": 43.005182
                }
            },
            {
                "time": "2019-05-31T18:15:37.849Z",
                "type": "END",
                "source": "data:click:h_pos",
                "_t": "12:15:37",
                "_end": "-",
                "data": {
                    "lbl": {
                        "time": 43.005182,
                        "endTime": 43.560811371547786,
                        "type": "ground",
                        "id": 9
                    }
                }
            }
        ],
        "navigationEvents": [
            {
                "time": {
                    "start": "2019-05-31T18:13:53.049Z",
                    "end": "2019-05-31T18:14:21.408Z"
                },
                "type": "SCRUB",
                "source": "data:drag",
                "_t": "12:13:53",
                "_end": "12:14:21",
                "data": {
                    "time": 1.968672
                }
            },
            {
                "time": {
                    "start": "2019-05-31T18:13:53.049Z",
                    "end": "2019-05-31T18:14:26.610Z"
                },
                "type": "SCRUB",
                "source": "data:drag",
                "_t": "12:13:53",
                "_end": "12:14:26",
                "data": {
                    "time": 7.188525
                }
            },
            {
                "time": "2019-05-31T18:14:28.799Z",
                "type": "PAUSE",
                "source": "hotkey",
                "_t": "12:14:28",
                "_end": "-",
                "data": {
                    "key": "space"
                }
            },
            {
                "time": {
                    "start": "2019-05-31T18:13:53.049Z",
                    "end": "2019-05-31T18:14:30.469Z"
                },
                "type": "SCRUB",
                "source": "data:drag",
                "_t": "12:13:53",
                "_end": "12:14:30",
                "data": {
                    "time": 9.253272
                }
            },
            {
                "time": {
                    "start": "2019-05-31T18:13:53.049Z",
                    "end": "2019-05-31T18:14:32.805Z"
                },
                "type": "SCRUB",
                "source": "data:drag",
                "_t": "12:13:53",
                "_end": "12:14:32",
                "data": {
                    "time": 9.253272
                }
            },
            {
                "time": {
                    "start": "2019-05-31T18:13:53.049Z",
                    "end": "2019-05-31T18:14:32.925Z"
                },
                "type": "SCRUB",
                "source": "data:drag",
                "_t": "12:13:53",
                "_end": "12:14:32",
                "data": {
                    "time": 9.253272
                }
            },
            {
                "time": "2019-05-31T18:14:32.929Z",
                "type": "JUMP",
                "source": "data:dblclick:h_pos",
                "_t": "12:14:32",
                "_end": "-",
                "data": {
                    "from": 9.253272,
                    "to": 23.61832404489409
                }
            },
            {
                "time": "2019-05-31T18:14:34.142Z",
                "type": "PLAY",
                "source": "hotkey",
                "_t": "12:14:34",
                "_end": "-",
                "data": {
                    "key": "space"
                }
            },
            {
                "time": "2019-05-31T18:14:37.214Z",
                "type": "PAUSE",
                "source": "hotkey",
                "_t": "12:14:37",
                "_end": "-",
                "data": {
                    "key": "space"
                }
            },
            {
                "time": {
                    "start": "2019-05-31T18:13:53.049Z",
                    "end": "2019-05-31T18:14:42.998Z"
                },
                "type": "SCRUB",
                "source": "data:drag",
                "_t": "12:13:53",
                "_end": "12:14:42",
                "data": {
                    "time": 28.504614
                }
            },
            {
                "time": {
                    "start": "2019-05-31T18:13:53.049Z",
                    "end": "2019-05-31T18:14:44.582Z"
                },
                "type": "SCRUB",
                "source": "data:drag",
                "_t": "12:13:53",
                "_end": "12:14:44",
                "data": {
                    "time": 28.504614
                }
            },
            {
                "time": {
                    "start": "2019-05-31T18:13:53.049Z",
                    "end": "2019-05-31T18:14:46.069Z"
                },
                "type": "SCRUB",
                "source": "data:drag",
                "_t": "12:13:53",
                "_end": "12:14:46",
                "data": {
                    "time": 28.504614
                }
            },
            {
                "time": {
                    "start": "2019-05-31T18:13:53.049Z",
                    "end": "2019-05-31T18:14:46.229Z"
                },
                "type": "SCRUB",
                "source": "data:drag",
                "_t": "12:13:53",
                "_end": "12:14:46",
                "data": {
                    "time": 28.504614
                }
            },
            {
                "time": "2019-05-31T18:14:46.235Z",
                "type": "JUMP",
                "source": "data:dblclick:h_pos",
                "_t": "12:14:46",
                "_end": "-",
                "data": {
                    "from": 28.504614,
                    "to": 30.60516406316756
                }
            },
            {
                "time": {
                    "start": "2019-05-31T18:13:53.049Z",
                    "end": "2019-05-31T18:14:49.813Z"
                },
                "type": "SCRUB",
                "source": "data:drag",
                "_t": "12:13:53",
                "_end": "12:14:49",
                "data": {
                    "time": 30.605164
                }
            },
            {
                "time": {
                    "start": "2019-05-31T18:13:53.049Z",
                    "end": "2019-05-31T18:14:51.734Z"
                },
                "type": "SCRUB",
                "source": "data:drag",
                "_t": "12:13:53",
                "_end": "12:14:51",
                "data": {
                    "time": 30.605164
                }
            },
            {
                "time": {
                    "start": "2019-05-31T18:13:53.049Z",
                    "end": "2019-05-31T18:14:51.861Z"
                },
                "type": "SCRUB",
                "source": "data:drag",
                "_t": "12:13:53",
                "_end": "12:14:51",
                "data": {
                    "time": 30.605164
                }
            },
            {
                "time": "2019-05-31T18:14:51.867Z",
                "type": "JUMP",
                "source": "data:dblclick:h_pos",
                "_t": "12:14:51",
                "_end": "-",
                "data": {
                    "from": 30.605164,
                    "to": 32.32625985820826
                }
            },
            {
                "time": {
                    "start": "2019-05-31T18:13:53.049Z",
                    "end": "2019-05-31T18:14:55.141Z"
                },
                "type": "SCRUB",
                "source": "data:drag",
                "_t": "12:13:53",
                "_end": "12:14:55",
                "data": {
                    "time": 32.326259
                }
            },
            {
                "time": {
                    "start": "2019-05-31T18:13:53.049Z",
                    "end": "2019-05-31T18:14:57.068Z"
                },
                "type": "SCRUB",
                "source": "data:drag",
                "_t": "12:13:53",
                "_end": "12:14:57",
                "data": {
                    "time": 32.326259
                }
            },
            {
                "time": {
                    "start": "2019-05-31T18:13:53.049Z",
                    "end": "2019-05-31T18:14:57.222Z"
                },
                "type": "SCRUB",
                "source": "data:drag",
                "_t": "12:13:53",
                "_end": "12:14:57",
                "data": {
                    "time": 32.326259
                }
            },
            {
                "time": "2019-05-31T18:14:57.228Z",
                "type": "JUMP",
                "source": "data:dblclick:h_pos",
                "_t": "12:14:57",
                "_end": "-",
                "data": {
                    "from": 32.326259,
                    "to": 33.97959517875124
                }
            },
            {
                "time": {
                    "start": "2019-05-31T18:13:53.049Z",
                    "end": "2019-05-31T18:15:02.470Z"
                },
                "type": "SCRUB",
                "source": "data:drag",
                "_t": "12:13:53",
                "_end": "12:15:02",
                "data": {
                    "time": 34.074458
                }
            },
            {
                "time": {
                    "start": "2019-05-31T18:13:53.049Z",
                    "end": "2019-05-31T18:15:03.757Z"
                },
                "type": "SCRUB",
                "source": "data:drag",
                "_t": "12:13:53",
                "_end": "12:15:03",
                "data": {
                    "time": 34.074458
                }
            },
            {
                "time": {
                    "start": "2019-05-31T18:13:53.049Z",
                    "end": "2019-05-31T18:15:06.453Z"
                },
                "type": "SCRUB",
                "source": "data:drag",
                "_t": "12:13:53",
                "_end": "12:15:06",
                "data": {
                    "time": 34.074458
                }
            },
            {
                "time": {
                    "start": "2019-05-31T18:13:53.049Z",
                    "end": "2019-05-31T18:15:06.574Z"
                },
                "type": "SCRUB",
                "source": "data:drag",
                "_t": "12:13:53",
                "_end": "12:15:06",
                "data": {
                    "time": 34.074458
                }
            },
            {
                "time": "2019-05-31T18:15:06.580Z",
                "type": "JUMP",
                "source": "data:dblclick:h_pos",
                "_t": "12:15:06",
                "_end": "-",
                "data": {
                    "from": 34.074458,
                    "to": 35.903969345340286
                }
            },
            {
                "time": {
                    "start": "2019-05-31T18:13:53.049Z",
                    "end": "2019-05-31T18:15:10.054Z"
                },
                "type": "SCRUB",
                "source": "data:drag",
                "_t": "12:13:53",
                "_end": "12:15:10",
                "data": {
                    "time": 35.903969
                }
            },
            {
                "time": {
                    "start": "2019-05-31T18:13:53.049Z",
                    "end": "2019-05-31T18:15:11.956Z"
                },
                "type": "SCRUB",
                "source": "data:drag",
                "_t": "12:13:53",
                "_end": "12:15:11",
                "data": {
                    "time": 35.903969
                }
            },
            {
                "time": {
                    "start": "2019-05-31T18:13:53.049Z",
                    "end": "2019-05-31T18:15:12.094Z"
                },
                "type": "SCRUB",
                "source": "data:drag",
                "_t": "12:13:53",
                "_end": "12:15:12",
                "data": {
                    "time": 35.903969
                }
            },
            {
                "time": "2019-05-31T18:15:12.100Z",
                "type": "JUMP",
                "source": "data:dblclick:h_pos",
                "_t": "12:15:12",
                "_end": "-",
                "data": {
                    "from": 35.903969,
                    "to": 39.915342023857214
                }
            },
            {
                "time": {
                    "start": "2019-05-31T18:13:53.049Z",
                    "end": "2019-05-31T18:15:15.053Z"
                },
                "type": "SCRUB",
                "source": "data:drag",
                "_t": "12:13:53",
                "_end": "12:15:15",
                "data": {
                    "time": 39.915342
                }
            },
            {
                "time": {
                    "start": "2019-05-31T18:13:53.049Z",
                    "end": "2019-05-31T18:15:16.622Z"
                },
                "type": "SCRUB",
                "source": "data:drag",
                "_t": "12:13:53",
                "_end": "12:15:16",
                "data": {
                    "time": 39.915342
                }
            },
            {
                "time": {
                    "start": "2019-05-31T18:13:53.049Z",
                    "end": "2019-05-31T18:15:19.886Z"
                },
                "type": "SCRUB",
                "source": "data:drag",
                "_t": "12:13:53",
                "_end": "12:15:19",
                "data": {
                    "time": 39.915342
                }
            },
            {
                "time": {
                    "start": "2019-05-31T18:13:53.049Z",
                    "end": "2019-05-31T18:15:20.897Z"
                },
                "type": "SCRUB",
                "source": "data:drag",
                "_t": "12:13:53",
                "_end": "12:15:20",
                "data": {
                    "time": 39.915342
                }
            },
            {
                "time": {
                    "start": "2019-05-31T18:13:53.049Z",
                    "end": "2019-05-31T18:15:21.467Z"
                },
                "type": "SCRUB",
                "source": "data:drag",
                "_t": "12:13:53",
                "_end": "12:15:21",
                "data": {
                    "time": 39.915342
                }
            },
            {
                "time": {
                    "start": "2019-05-31T18:13:53.049Z",
                    "end": "2019-05-31T18:15:21.598Z"
                },
                "type": "SCRUB",
                "source": "data:drag",
                "_t": "12:13:53",
                "_end": "12:15:21",
                "data": {
                    "time": 39.915342
                }
            },
            {
                "time": "2019-05-31T18:15:21.602Z",
                "type": "JUMP",
                "source": "data:dblclick:h_pos",
                "_t": "12:15:21",
                "_end": "-",
                "data": {
                    "from": 39.915342,
                    "to": 41.46026269162069
                }
            },
            {
                "time": {
                    "start": "2019-05-31T18:13:53.049Z",
                    "end": "2019-05-31T18:15:23.693Z"
                },
                "type": "SCRUB",
                "source": "data:drag",
                "_t": "12:13:53",
                "_end": "12:15:23",
                "data": {
                    "time": 41.460262
                }
            },
            {
                "time": {
                    "start": "2019-05-31T18:13:53.049Z",
                    "end": "2019-05-31T18:15:30.504Z"
                },
                "type": "SCRUB",
                "source": "data:drag",
                "_t": "12:13:53",
                "_end": "12:15:30",
                "data": {
                    "time": 41.460262
                }
            },
            {
                "time": {
                    "start": "2019-05-31T18:13:53.049Z",
                    "end": "2019-05-31T18:15:30.646Z"
                },
                "type": "SCRUB",
                "source": "data:drag",
                "_t": "12:13:53",
                "_end": "12:15:30",
                "data": {
                    "time": 41.460262
                }
            },
            {
                "time": "2019-05-31T18:15:30.653Z",
                "type": "JUMP",
                "source": "data:dblclick:h_pos",
                "_t": "12:15:30",
                "_end": "-",
                "data": {
                    "from": 41.460262,
                    "to": 43.00518269162069
                }
            },
            {
                "time": {
                    "start": "2019-05-31T18:13:53.049Z",
                    "end": "2019-05-31T18:15:37.846Z"
                },
                "type": "SCRUB",
                "source": "data:drag",
                "_t": "12:13:53",
                "_end": "12:15:37",
                "data": {
                    "time": 43.005182
                }
            }
        ]
    }
}