{
    "user_id": "048",
    "session_id": "5a788f58ee2b1975ba835b91",
    "study": "studyD",
    "workspace": "pill.pills-orange",
    "details": {
        "workspace": "pill.pills-orange",
        "labels": [
            {
                "time": 12.49717420812261,
                "endTime": 22.176058,
                "type": "pill",
                "id": 1
            },
            {
                "time": 60.16452415447762,
                "endTime": 64.760727,
                "type": "move",
                "id": 2
            },
            {
                "time": 113.63276844714821,
                "endTime": 119.744203,
                "type": "move",
                "id": 3
            },
            {
                "time": 170.91195807943075,
                "endTime": 177.471445,
                "type": "move",
                "id": 4
            },
            {
                "time": 316.34975632553056,
                "endTime": 324.090398,
                "type": "pill",
                "id": 5
            },
            {
                "time": 423.17130837237244,
                "endTime": 426.336452,
                "type": "move",
                "id": 6
            },
            {
                "time": 490.8986959081418,
                "endTime": 498.325553,
                "type": "move",
                "id": 7
            },
            {
                "time": 561.8986787400448,
                "endTime": 569.089535,
                "type": "pill",
                "id": 8
            },
            {
                "time": 615.129550351692,
                "endTime": 618.980232,
                "type": "move",
                "id": 9
            }
        ],
        "_starts": [
            "2018-02-05T17:23:24.000Z"
        ],
        "_ends": [
            "2018-02-05T17:25:54.508Z"
        ]
    },
    "labels_file": "/home/ubuntu/vat/data/user-studies/studyD/pill-orange/048.labels.json",
    "videoFlash": 2.237407,
    "surveys": {
        "user-info": {
            "firstname": "Kendra",
            "lastname": "Graham",
            "email": "deloris4@gmail.com"
        },
        "practice-first": {
            "question1": "3",
            "question2": "ok",
            "question3": "100",
            "question4": "4"
        },
        "practice-second": {},
        "practice-third": {},
        "practice-survey": {},
        "pill-blue": {
            "question1": "4",
            "question2": "5",
            "question3": "60",
            "question4": "70"
        },
        "pill-red": {
            "question1": "1",
            "question2": "1",
            "question3": "20",
            "question4": "40"
        }
    },
    "logs": {
        "labelEvents": [
            {
                "time": "2018-02-05T17:23:57.457Z",
                "type": "START",
                "source": "hotkey",
                "_t": "10:23:57",
                "_end": "-",
                "data": {
                    "type": "pill",
                    "time": 22.176058
                }
            },
            {
                "time": "2018-02-05T17:23:58.874Z",
                "type": "END",
                "source": "data:click:h_pos",
                "_t": "10:23:58",
                "_end": "-",
                "data": {
                    "lbl": {
                        "time": 12.49717420812261,
                        "endTime": 22.176058,
                        "type": "pill",
                        "id": 1
                    }
                }
            },
            {
                "time": "2018-02-05T17:24:07.457Z",
                "type": "START",
                "source": "hotkey",
                "_t": "10:24:07",
                "_end": "-",
                "data": {
                    "type": "move",
                    "time": 64.793943
                }
            },
            {
                "time": "2018-02-05T17:24:09.459Z",
                "type": "END",
                "source": "data:click:h_pos",
                "_t": "10:24:09",
                "_end": "-",
                "data": {
                    "lbl": {
                        "time": 60.16743552032047,
                        "endTime": 64.793943,
                        "type": "move",
                        "id": 2
                    }
                }
            },
            {
                "time": "2018-02-05T17:24:19.219Z",
                "type": "SELECT",
                "source": "data:click",
                "_t": "10:24:19",
                "_end": "-",
                "data": {
                    "time": 60.16743552032047,
                    "endTime": 64.793943,
                    "type": "move",
                    "id": 2
                }
            },
            {
                "time": "2018-02-05T17:24:19.553Z",
                "type": "DELETE",
                "source": "hotkey",
                "_t": "10:24:19",
                "_end": "-",
                "data": {
                    "id": 2,
                    "idx": 1
                }
            },
            {
                "time": "2018-02-05T17:24:26.562Z",
                "type": "START",
                "source": "hotkey",
                "_t": "10:24:26",
                "_end": "-",
                "data": {
                    "type": "pill",
                    "time": 64.760727
                }
            },
            {
                "time": "2018-02-05T17:24:32.579Z",
                "type": "START",
                "source": "hotkey",
                "_t": "10:24:32",
                "_end": "-",
                "data": {
                    "type": "move",
                    "time": 64.760727
                }
            },
            {
                "time": "2018-02-05T17:24:33.627Z",
                "type": "END",
                "source": "data:click:h_pos",
                "_t": "10:24:33",
                "_end": "-",
                "data": {
                    "lbl": {
                        "time": 60.16452415447762,
                        "endTime": 64.760727,
                        "type": "move",
                        "id": 2
                    }
                }
            },
            {
                "time": "2018-02-05T17:24:43.714Z",
                "type": "START",
                "source": "hotkey",
                "_t": "10:24:43",
                "_end": "-",
                "data": {
                    "type": "move",
                    "time": 119.744203
                }
            },
            {
                "time": "2018-02-05T17:24:46.139Z",
                "type": "END",
                "source": "data:click:h_pos",
                "_t": "10:24:46",
                "_end": "-",
                "data": {
                    "lbl": {
                        "time": 113.63276844714821,
                        "endTime": 119.744203,
                        "type": "move",
                        "id": 3
                    }
                }
            },
            {
                "time": "2018-02-05T17:24:56.034Z",
                "type": "START",
                "source": "hotkey",
                "_t": "10:24:56",
                "_end": "-",
                "data": {
                    "type": "move",
                    "time": 177.471445
                }
            },
            {
                "time": "2018-02-05T17:24:57.187Z",
                "type": "END",
                "source": "data:click:h_pos",
                "_t": "10:24:57",
                "_end": "-",
                "data": {
                    "lbl": {
                        "time": 170.91195807943075,
                        "endTime": 177.471445,
                        "type": "move",
                        "id": 4
                    }
                }
            },
            {
                "time": "2018-02-05T17:25:06.771Z",
                "type": "START",
                "source": "hotkey",
                "_t": "10:25:06",
                "_end": "-",
                "data": {
                    "type": "pill",
                    "time": 324.090398
                }
            },
            {
                "time": "2018-02-05T17:25:08.163Z",
                "type": "END",
                "source": "data:click:h_pos",
                "_t": "10:25:08",
                "_end": "-",
                "data": {
                    "lbl": {
                        "time": 316.34975632553056,
                        "endTime": 324.090398,
                        "type": "pill",
                        "id": 5
                    }
                }
            },
            {
                "time": "2018-02-05T17:25:16.372Z",
                "type": "START",
                "source": "hotkey",
                "_t": "10:25:16",
                "_end": "-",
                "data": {
                    "type": "move",
                    "time": 426.336452
                }
            },
            {
                "time": "2018-02-05T17:25:18.068Z",
                "type": "END",
                "source": "data:click:h_pos",
                "_t": "10:25:18",
                "_end": "-",
                "data": {
                    "lbl": {
                        "time": 423.17130837237244,
                        "endTime": 426.336452,
                        "type": "move",
                        "id": 6
                    }
                }
            },
            {
                "time": "2018-02-05T17:25:27.972Z",
                "type": "START",
                "source": "hotkey",
                "_t": "10:25:27",
                "_end": "-",
                "data": {
                    "type": "move",
                    "time": 498.325553
                }
            },
            {
                "time": "2018-02-05T17:25:30.421Z",
                "type": "END",
                "source": "data:click:h_pos",
                "_t": "10:25:30",
                "_end": "-",
                "data": {
                    "lbl": {
                        "time": 490.8986959081418,
                        "endTime": 498.325553,
                        "type": "move",
                        "id": 7
                    }
                }
            },
            {
                "time": "2018-02-05T17:25:40.451Z",
                "type": "START",
                "source": "hotkey",
                "_t": "10:25:40",
                "_end": "-",
                "data": {
                    "type": "pill",
                    "time": 569.089535
                }
            },
            {
                "time": "2018-02-05T17:25:41.788Z",
                "type": "END",
                "source": "data:click:h_pos",
                "_t": "10:25:41",
                "_end": "-",
                "data": {
                    "lbl": {
                        "time": 561.8986787400448,
                        "endTime": 569.089535,
                        "type": "pill",
                        "id": 8
                    }
                }
            },
            {
                "time": "2018-02-05T17:25:50.052Z",
                "type": "START",
                "source": "hotkey",
                "_t": "10:25:50",
                "_end": "-",
                "data": {
                    "type": "move",
                    "time": 618.980232
                }
            },
            {
                "time": "2018-02-05T17:25:52.524Z",
                "type": "END",
                "source": "data:click:h_pos",
                "_t": "10:25:52",
                "_end": "-",
                "data": {
                    "lbl": {
                        "time": 615.129550351692,
                        "endTime": 618.980232,
                        "type": "move",
                        "id": 9
                    }
                }
            }
        ],
        "navigationEvents": [
            {
                "time": "2018-02-05T17:23:33.008Z",
                "type": "PAUSE",
                "source": "video:button",
                "_t": "10:23:33",
                "_end": "-"
            },
            {
                "time": "2018-02-05T17:23:35.143Z",
                "type": "CHANGE-PLAYBACK-RATE",
                "source": "video:menu",
                "_t": "10:23:35",
                "_end": "-",
                "data": {
                    "oldRate": 1,
                    "newRate": 0.25
                }
            },
            {
                "time": {
                    "start": "2018-02-05T17:23:38.356Z",
                    "end": "2018-02-05T17:23:38.462Z"
                },
                "type": "SCRUB",
                "source": "video:drag",
                "_t": "10:23:38",
                "_end": "10:23:38",
                "data": {
                    "to": 6.938303,
                    "from": 5.330777
                }
            },
            {
                "time": {
                    "start": "2018-02-05T17:23:24.042Z",
                    "end": "2018-02-05T17:23:40.664Z"
                },
                "type": "SCRUB",
                "source": "data:drag",
                "_t": "10:23:24",
                "_end": "10:23:40",
                "data": {
                    "time": 2.477095
                }
            },
            {
                "time": "2018-02-05T17:23:41.529Z",
                "type": "PLAY",
                "source": "video:button",
                "_t": "10:23:41",
                "_end": "-"
            },
            {
                "time": {
                    "start": "2018-02-05T17:23:24.042Z",
                    "end": "2018-02-05T17:23:48.021Z"
                },
                "type": "SCRUB",
                "source": "data:drag",
                "_t": "10:23:24",
                "_end": "10:23:48",
                "data": {
                    "time": 11.270976
                }
            },
            {
                "time": "2018-02-05T17:23:48.823Z",
                "type": "PAUSE",
                "source": "video:button",
                "_t": "10:23:48",
                "_end": "-"
            },
            {
                "time": {
                    "start": "2018-02-05T17:23:24.042Z",
                    "end": "2018-02-05T17:23:51.985Z"
                },
                "type": "SCRUB",
                "source": "data:drag",
                "_t": "10:23:24",
                "_end": "10:23:51",
                "data": {
                    "time": 22.963875
                }
            },
            {
                "time": {
                    "start": "2018-02-05T17:23:24.042Z",
                    "end": "2018-02-05T17:23:56.296Z"
                },
                "type": "SCRUB",
                "source": "data:drag",
                "_t": "10:23:24",
                "_end": "10:23:56",
                "data": {
                    "time": 22.176058
                }
            },
            {
                "time": {
                    "start": "2018-02-05T17:23:24.042Z",
                    "end": "2018-02-05T17:23:58.872Z"
                },
                "type": "SCRUB",
                "source": "data:drag",
                "_t": "10:23:24",
                "_end": "10:23:58",
                "data": {
                    "time": 22.176058
                }
            },
            {
                "time": {
                    "start": "2018-02-05T17:23:24.042Z",
                    "end": "2018-02-05T17:24:02.710Z"
                },
                "type": "SCRUB",
                "source": "data:drag",
                "_t": "10:23:24",
                "_end": "10:24:02",
                "data": {
                    "time": 65.127294
                }
            },
            {
                "time": {
                    "start": "2018-02-05T17:23:24.042Z",
                    "end": "2018-02-05T17:24:06.705Z"
                },
                "type": "SCRUB",
                "source": "data:drag",
                "_t": "10:23:24",
                "_end": "10:24:06",
                "data": {
                    "time": 64.793943
                }
            },
            {
                "time": {
                    "start": "2018-02-05T17:23:24.042Z",
                    "end": "2018-02-05T17:24:09.457Z"
                },
                "type": "SCRUB",
                "source": "data:drag",
                "_t": "10:23:24",
                "_end": "10:24:09",
                "data": {
                    "time": 64.793943
                }
            },
            {
                "time": {
                    "start": "2018-02-05T17:23:24.042Z",
                    "end": "2018-02-05T17:24:11.243Z"
                },
                "type": "SCRUB",
                "source": "data:drag",
                "_t": "10:23:24",
                "_end": "10:24:11",
                "data": {
                    "time": 78.38052
                }
            },
            {
                "time": {
                    "start": "2018-02-05T17:23:24.042Z",
                    "end": "2018-02-05T17:24:18.140Z"
                },
                "type": "SCRUB",
                "source": "data:drag",
                "_t": "10:23:24",
                "_end": "10:24:18",
                "data": {
                    "time": 69.190156
                }
            },
            {
                "time": {
                    "start": "2018-02-05T17:23:24.042Z",
                    "end": "2018-02-05T17:24:19.217Z"
                },
                "type": "SCRUB",
                "source": "data:drag",
                "_t": "10:23:24",
                "_end": "10:24:19",
                "data": {
                    "time": 69.190156
                }
            },
            {
                "time": {
                    "start": "2018-02-05T17:23:24.042Z",
                    "end": "2018-02-05T17:24:22.753Z"
                },
                "type": "SCRUB",
                "source": "data:drag",
                "_t": "10:23:24",
                "_end": "10:24:22",
                "data": {
                    "time": 64.871844
                }
            },
            {
                "time": {
                    "start": "2018-02-05T17:23:24.042Z",
                    "end": "2018-02-05T17:24:24.696Z"
                },
                "type": "SCRUB",
                "source": "data:drag",
                "_t": "10:23:24",
                "_end": "10:24:24",
                "data": {
                    "time": 64.760727
                }
            },
            {
                "time": {
                    "start": "2018-02-05T17:23:24.042Z",
                    "end": "2018-02-05T17:24:33.625Z"
                },
                "type": "SCRUB",
                "source": "data:drag",
                "_t": "10:23:24",
                "_end": "10:24:33",
                "data": {
                    "time": 64.760727
                }
            },
            {
                "time": {
                    "start": "2018-02-05T17:23:24.042Z",
                    "end": "2018-02-05T17:24:40.121Z"
                },
                "type": "SCRUB",
                "source": "data:drag",
                "_t": "10:23:24",
                "_end": "10:24:40",
                "data": {
                    "time": 120.04725
                }
            },
            {
                "time": {
                    "start": "2018-02-05T17:23:24.042Z",
                    "end": "2018-02-05T17:24:42.761Z"
                },
                "type": "SCRUB",
                "source": "data:drag",
                "_t": "10:23:24",
                "_end": "10:24:42",
                "data": {
                    "time": 119.744203
                }
            },
            {
                "time": {
                    "start": "2018-02-05T17:23:24.042Z",
                    "end": "2018-02-05T17:24:46.137Z"
                },
                "type": "SCRUB",
                "source": "data:drag",
                "_t": "10:23:24",
                "_end": "10:24:46",
                "data": {
                    "time": 119.744203
                }
            },
            {
                "time": {
                    "start": "2018-02-05T17:23:24.042Z",
                    "end": "2018-02-05T17:24:48.646Z"
                },
                "type": "SCRUB",
                "source": "data:drag",
                "_t": "10:23:24",
                "_end": "10:24:48",
                "data": {
                    "time": 139.79676
                }
            },
            {
                "time": {
                    "start": "2018-02-05T17:23:24.042Z",
                    "end": "2018-02-05T17:24:51.937Z"
                },
                "type": "SCRUB",
                "source": "data:drag",
                "_t": "10:23:24",
                "_end": "10:24:51",
                "data": {
                    "time": 177.972894
                }
            },
            {
                "time": {
                    "start": "2018-02-05T17:23:24.042Z",
                    "end": "2018-02-05T17:24:55.889Z"
                },
                "type": "SCRUB",
                "source": "data:drag",
                "_t": "10:23:24",
                "_end": "10:24:55",
                "data": {
                    "time": 177.471445
                }
            },
            {
                "time": {
                    "start": "2018-02-05T17:23:24.042Z",
                    "end": "2018-02-05T17:24:57.186Z"
                },
                "type": "SCRUB",
                "source": "data:drag",
                "_t": "10:23:24",
                "_end": "10:24:57",
                "data": {
                    "time": 177.471445
                }
            },
            {
                "time": {
                    "start": "2018-02-05T17:23:24.042Z",
                    "end": "2018-02-05T17:25:02.657Z"
                },
                "type": "SCRUB",
                "source": "data:drag",
                "_t": "10:23:24",
                "_end": "10:25:02",
                "data": {
                    "time": 324.960134
                }
            },
            {
                "time": {
                    "start": "2018-02-05T17:23:24.042Z",
                    "end": "2018-02-05T17:25:06.569Z"
                },
                "type": "SCRUB",
                "source": "data:drag",
                "_t": "10:23:24",
                "_end": "10:25:06",
                "data": {
                    "time": 324.090398
                }
            },
            {
                "time": {
                    "start": "2018-02-05T17:23:24.042Z",
                    "end": "2018-02-05T17:25:08.161Z"
                },
                "type": "SCRUB",
                "source": "data:drag",
                "_t": "10:23:24",
                "_end": "10:25:08",
                "data": {
                    "time": 324.090398
                }
            },
            {
                "time": {
                    "start": "2018-02-05T17:23:24.042Z",
                    "end": "2018-02-05T17:25:12.401Z"
                },
                "type": "SCRUB",
                "source": "data:drag",
                "_t": "10:23:24",
                "_end": "10:25:12",
                "data": {
                    "time": 427.634599
                }
            },
            {
                "time": {
                    "start": "2018-02-05T17:23:24.042Z",
                    "end": "2018-02-05T17:25:15.961Z"
                },
                "type": "SCRUB",
                "source": "data:drag",
                "_t": "10:23:24",
                "_end": "10:25:15",
                "data": {
                    "time": 426.336452
                }
            },
            {
                "time": {
                    "start": "2018-02-05T17:23:24.042Z",
                    "end": "2018-02-05T17:25:18.066Z"
                },
                "type": "SCRUB",
                "source": "data:drag",
                "_t": "10:23:24",
                "_end": "10:25:18",
                "data": {
                    "time": 426.336452
                }
            },
            {
                "time": {
                    "start": "2018-02-05T17:23:24.042Z",
                    "end": "2018-02-05T17:25:23.273Z"
                },
                "type": "SCRUB",
                "source": "data:drag",
                "_t": "10:23:24",
                "_end": "10:25:23",
                "data": {
                    "time": 498.488185
                }
            },
            {
                "time": {
                    "start": "2018-02-05T17:23:24.042Z",
                    "end": "2018-02-05T17:25:26.377Z"
                },
                "type": "SCRUB",
                "source": "data:drag",
                "_t": "10:23:24",
                "_end": "10:25:26",
                "data": {
                    "time": 498.325553
                }
            },
            {
                "time": {
                    "start": "2018-02-05T17:23:24.042Z",
                    "end": "2018-02-05T17:25:30.417Z"
                },
                "type": "SCRUB",
                "source": "data:drag",
                "_t": "10:23:24",
                "_end": "10:25:30",
                "data": {
                    "time": 498.325553
                }
            },
            {
                "time": {
                    "start": "2018-02-05T17:23:24.042Z",
                    "end": "2018-02-05T17:25:35.945Z"
                },
                "type": "SCRUB",
                "source": "data:drag",
                "_t": "10:23:24",
                "_end": "10:25:35",
                "data": {
                    "time": 569.745902
                }
            },
            {
                "time": {
                    "start": "2018-02-05T17:23:24.042Z",
                    "end": "2018-02-05T17:25:39.554Z"
                },
                "type": "SCRUB",
                "source": "data:drag",
                "_t": "10:23:24",
                "_end": "10:25:39",
                "data": {
                    "time": 569.089535
                }
            },
            {
                "time": {
                    "start": "2018-02-05T17:23:24.042Z",
                    "end": "2018-02-05T17:25:41.786Z"
                },
                "type": "SCRUB",
                "source": "data:drag",
                "_t": "10:23:24",
                "_end": "10:25:41",
                "data": {
                    "time": 569.089535
                }
            },
            {
                "time": {
                    "start": "2018-02-05T17:23:24.042Z",
                    "end": "2018-02-05T17:25:45.752Z"
                },
                "type": "SCRUB",
                "source": "data:drag",
                "_t": "10:23:24",
                "_end": "10:25:45",
                "data": {
                    "time": 620.876401
                }
            },
            {
                "time": {
                    "start": "2018-02-05T17:23:24.042Z",
                    "end": "2018-02-05T17:25:48.938Z"
                },
                "type": "SCRUB",
                "source": "data:drag",
                "_t": "10:23:24",
                "_end": "10:25:48",
                "data": {
                    "time": 618.980232
                }
            },
            {
                "time": {
                    "start": "2018-02-05T17:23:24.042Z",
                    "end": "2018-02-05T17:25:52.522Z"
                },
                "type": "SCRUB",
                "source": "data:drag",
                "_t": "10:23:24",
                "_end": "10:25:52",
                "data": {
                    "time": 618.980232
                }
            }
        ]
    }
}