{
    "user_id": "050",
    "session_id": "5a789e16ee2b1975ba835ba1",
    "study": "studyD",
    "workspace": "pill.pills-orange",
    "details": {
        "workspace": "pill.pills-orange",
        "labels": [
            {
                "time": 12.734197,
                "endTime": 21.739959899263148,
                "type": "pill",
                "id": 1
            },
            {
                "time": 60.154371,
                "endTime": 64.63181244144182,
                "type": "move",
                "id": 2
            },
            {
                "time": 113.629267,
                "endTime": 119.63310893284105,
                "type": "move",
                "id": 3
            },
            {
                "time": 170.971037,
                "endTime": 177.43279908026264,
                "type": "pill",
                "id": 4
            },
            {
                "time": 316.386122,
                "endTime": 324.0181244570067,
                "type": "move",
                "id": 5
            },
            {
                "time": 423.335914,
                "endTime": 426.2869549500426,
                "type": "pill",
                "id": 6
            },
            {
                "time": 491.057214,
                "endTime": 498.2821763259798,
                "type": "pill",
                "id": 7
            },
            {
                "time": 562.034834,
                "endTime": 568.8527561949388,
                "type": "move",
                "id": 8
            }
        ],
        "_starts": [
            "2018-02-05T18:27:58.000Z"
        ],
        "_ends": [
            "2018-02-05T18:30:46.236Z"
        ]
    },
    "labels_file": "/home/ubuntu/vat/data/user-studies/studyD/pill-orange/050.labels.json",
    "videoFlash": 2.237407,
    "surveys": {
        "user-info": {
            "firstname": "WingKi",
            "lastname": "Yu",
            "email": "wing.yu.kilds@gmail.com"
        },
        "practice-first": {
            "question1": "4",
            "question2": "ok",
            "question3": "50",
            "question4": "5"
        },
        "practice-second": {},
        "practice-third": {},
        "practice-survey": {},
        "pill-blue": {
            "question1": "4",
            "question2": "4",
            "question3": "70",
            "question4": "30"
        },
        "pill-red": {
            "question1": "1",
            "question2": "2",
            "question3": "20",
            "question4": "80"
        }
    },
    "logs": {
        "labelEvents": [
            {
                "time": "2018-02-05T18:28:13.385Z",
                "type": "START",
                "source": "hotkey",
                "_t": "11:28:13",
                "_end": "-",
                "data": {
                    "type": "pill",
                    "time": 13.472323
                }
            },
            {
                "time": "2018-02-05T18:28:22.042Z",
                "type": "END",
                "source": "data:click:h_pos",
                "_t": "11:28:22",
                "_end": "-",
                "data": {
                    "lbl": {
                        "time": 13.472323,
                        "endTime": 14.514997903357923,
                        "type": "pill",
                        "id": 1
                    }
                }
            },
            {
                "time": "2018-02-05T18:28:23.146Z",
                "type": "SELECT",
                "source": "data:click",
                "_t": "11:28:23",
                "_end": "-",
                "data": {
                    "time": 13.472323,
                    "endTime": 14.514997903357923,
                    "type": "pill",
                    "id": 1
                }
            },
            {
                "time": "2018-02-05T18:28:24.168Z",
                "type": "DELETE",
                "source": "hotkey",
                "_t": "11:28:24",
                "_end": "-",
                "data": {
                    "id": 1,
                    "idx": 0
                }
            },
            {
                "time": "2018-02-05T18:28:28.650Z",
                "type": "START",
                "source": "hotkey",
                "_t": "11:28:28",
                "_end": "-",
                "data": {
                    "type": "move",
                    "time": 12.734197
                }
            },
            {
                "time": "2018-02-05T18:28:33.026Z",
                "type": "END",
                "source": "data:click:h_pos",
                "_t": "11:28:33",
                "_end": "-",
                "data": {
                    "lbl": {
                        "time": 12.734197,
                        "endTime": 21.739959899263148,
                        "type": "move",
                        "id": 1
                    }
                }
            },
            {
                "time": "2018-02-05T18:28:35.419Z",
                "type": "SELECT",
                "source": "data:click",
                "_t": "11:28:35",
                "_end": "-",
                "data": {
                    "time": 12.734197,
                    "endTime": 21.739959899263148,
                    "type": "move",
                    "id": 1
                }
            },
            {
                "time": "2018-02-05T18:28:35.896Z",
                "type": "DELETE",
                "source": "hotkey",
                "_t": "11:28:35",
                "_end": "-",
                "data": {
                    "id": 1,
                    "idx": 0
                }
            },
            {
                "time": "2018-02-05T18:28:36.607Z",
                "type": "START",
                "source": "hotkey",
                "_t": "11:28:36",
                "_end": "-",
                "data": {
                    "type": "pill",
                    "time": 12.734197
                }
            },
            {
                "time": "2018-02-05T18:28:40.795Z",
                "type": "END",
                "source": "data:click:h_pos",
                "_t": "11:28:40",
                "_end": "-",
                "data": {
                    "lbl": {
                        "time": 12.734197,
                        "endTime": 21.739959899263148,
                        "type": "pill",
                        "id": 1
                    }
                }
            },
            {
                "time": "2018-02-05T18:28:47.385Z",
                "type": "START",
                "source": "hotkey",
                "_t": "11:28:47",
                "_end": "-",
                "data": {
                    "type": "move",
                    "time": 60.154371
                }
            },
            {
                "time": "2018-02-05T18:28:49.586Z",
                "type": "END",
                "source": "data:click:h_pos",
                "_t": "11:28:49",
                "_end": "-",
                "data": {
                    "lbl": {
                        "time": 60.154371,
                        "endTime": 64.63181244144182,
                        "type": "move",
                        "id": 2
                    }
                }
            },
            {
                "time": "2018-02-05T18:28:54.313Z",
                "type": "START",
                "source": "hotkey",
                "_t": "11:28:54",
                "_end": "-",
                "data": {
                    "type": "move",
                    "time": 113.629267
                }
            },
            {
                "time": "2018-02-05T18:28:56.475Z",
                "type": "END",
                "source": "data:click:h_pos",
                "_t": "11:28:56",
                "_end": "-",
                "data": {
                    "lbl": {
                        "time": 113.629267,
                        "endTime": 119.63310893284105,
                        "type": "move",
                        "id": 3
                    }
                }
            },
            {
                "time": "2018-02-05T18:29:14.656Z",
                "type": "START",
                "source": "hotkey",
                "_t": "11:29:14",
                "_end": "-",
                "data": {
                    "type": "pill",
                    "time": 170.971037
                }
            },
            {
                "time": "2018-02-05T18:29:17.467Z",
                "type": "END",
                "source": "data:click:h_pos",
                "_t": "11:29:17",
                "_end": "-",
                "data": {
                    "lbl": {
                        "time": 170.971037,
                        "endTime": 177.43279908026264,
                        "type": "pill",
                        "id": 4
                    }
                }
            },
            {
                "time": "2018-02-05T18:29:22.746Z",
                "type": "START",
                "source": "hotkey",
                "_t": "11:29:22",
                "_end": "-",
                "data": {
                    "type": "move",
                    "time": 316.386122
                }
            },
            {
                "time": "2018-02-05T18:29:25.259Z",
                "type": "END",
                "source": "data:click:h_pos",
                "_t": "11:29:25",
                "_end": "-",
                "data": {
                    "lbl": {
                        "time": 316.386122,
                        "endTime": 324.0181244570067,
                        "type": "move",
                        "id": 5
                    }
                }
            },
            {
                "time": "2018-02-05T18:29:30.394Z",
                "type": "START",
                "source": "hotkey",
                "_t": "11:29:30",
                "_end": "-",
                "data": {
                    "type": "pill",
                    "time": 423.335914
                }
            },
            {
                "time": "2018-02-05T18:29:32.259Z",
                "type": "END",
                "source": "data:click:h_pos",
                "_t": "11:29:32",
                "_end": "-",
                "data": {
                    "lbl": {
                        "time": 423.335914,
                        "endTime": 426.2869549500426,
                        "type": "pill",
                        "id": 6
                    }
                }
            },
            {
                "time": "2018-02-05T18:29:37.327Z",
                "type": "START",
                "source": "hotkey",
                "_t": "11:29:37",
                "_end": "-",
                "data": {
                    "type": "pill",
                    "time": 491.057214
                }
            },
            {
                "time": "2018-02-05T18:29:38.588Z",
                "type": "END",
                "source": "data:click:h_pos",
                "_t": "11:29:38",
                "_end": "-",
                "data": {
                    "lbl": {
                        "time": 491.057214,
                        "endTime": 498.2821763259798,
                        "type": "pill",
                        "id": 7
                    }
                }
            },
            {
                "time": "2018-02-05T18:29:43.354Z",
                "type": "START",
                "source": "hotkey",
                "_t": "11:29:43",
                "_end": "-",
                "data": {
                    "type": "move",
                    "time": 562.034834
                }
            },
            {
                "time": "2018-02-05T18:29:45.948Z",
                "type": "END",
                "source": "data:click:h_pos",
                "_t": "11:29:45",
                "_end": "-",
                "data": {
                    "lbl": {
                        "time": 562.034834,
                        "endTime": 568.8527561949388,
                        "type": "move",
                        "id": 8
                    }
                }
            }
        ],
        "navigationEvents": [
            {
                "time": "2018-02-05T18:28:08.858Z",
                "type": "CHANGE-PLAYBACK-RATE",
                "source": "video:menu",
                "_t": "11:28:08",
                "_end": "-",
                "data": {
                    "oldRate": 1,
                    "newRate": 2
                }
            },
            {
                "time": "2018-02-05T18:28:17.594Z",
                "type": "PAUSE",
                "source": "video:button",
                "_t": "11:28:17",
                "_end": "-"
            },
            {
                "time": {
                    "start": "2018-02-05T18:27:58.442Z",
                    "end": "2018-02-05T18:28:20.944Z"
                },
                "type": "SCRUB",
                "source": "data:drag",
                "_t": "11:27:58",
                "_end": "11:28:20",
                "data": {
                    "time": 21.02764
                }
            },
            {
                "time": {
                    "start": "2018-02-05T18:27:58.442Z",
                    "end": "2018-02-05T18:28:22.041Z"
                },
                "type": "SCRUB",
                "source": "data:drag",
                "_t": "11:27:58",
                "_end": "11:28:22",
                "data": {
                    "time": 21.02764
                }
            },
            {
                "time": {
                    "start": "2018-02-05T18:27:58.442Z",
                    "end": "2018-02-05T18:28:23.144Z"
                },
                "type": "SCRUB",
                "source": "data:drag",
                "_t": "11:27:58",
                "_end": "11:28:23",
                "data": {
                    "time": 21.02764
                }
            },
            {
                "time": {
                    "start": "2018-02-05T18:27:58.442Z",
                    "end": "2018-02-05T18:28:25.760Z"
                },
                "type": "SCRUB",
                "source": "data:drag",
                "_t": "11:27:58",
                "_end": "11:28:25",
                "data": {
                    "time": 21.02764
                }
            },
            {
                "time": {
                    "start": "2018-02-05T18:27:58.442Z",
                    "end": "2018-02-05T18:28:28.376Z"
                },
                "type": "SCRUB",
                "source": "data:drag",
                "_t": "11:27:58",
                "_end": "11:28:28",
                "data": {
                    "time": 12.734197
                }
            },
            {
                "time": {
                    "start": "2018-02-05T18:27:58.442Z",
                    "end": "2018-02-05T18:28:33.024Z"
                },
                "type": "SCRUB",
                "source": "data:drag",
                "_t": "11:27:58",
                "_end": "11:28:33",
                "data": {
                    "time": 12.734197
                }
            },
            {
                "time": {
                    "start": "2018-02-05T18:27:58.442Z",
                    "end": "2018-02-05T18:28:35.417Z"
                },
                "type": "SCRUB",
                "source": "data:drag",
                "_t": "11:27:58",
                "_end": "11:28:35",
                "data": {
                    "time": 12.734197
                }
            },
            {
                "time": {
                    "start": "2018-02-05T18:27:58.442Z",
                    "end": "2018-02-05T18:28:40.792Z"
                },
                "type": "SCRUB",
                "source": "data:drag",
                "_t": "11:27:58",
                "_end": "11:28:40",
                "data": {
                    "time": 12.734197
                }
            },
            {
                "time": {
                    "start": "2018-02-05T18:27:58.442Z",
                    "end": "2018-02-05T18:28:42.436Z"
                },
                "type": "SCRUB",
                "source": "data:drag",
                "_t": "11:27:58",
                "_end": "11:28:42",
                "data": {
                    "time": 45.602687
                }
            },
            {
                "time": {
                    "start": "2018-02-05T18:27:58.442Z",
                    "end": "2018-02-05T18:28:47.288Z"
                },
                "type": "SCRUB",
                "source": "data:drag",
                "_t": "11:27:58",
                "_end": "11:28:47",
                "data": {
                    "time": 60.154371
                }
            },
            {
                "time": {
                    "start": "2018-02-05T18:27:58.442Z",
                    "end": "2018-02-05T18:28:49.585Z"
                },
                "type": "SCRUB",
                "source": "data:drag",
                "_t": "11:27:58",
                "_end": "11:28:49",
                "data": {
                    "time": 60.154371
                }
            },
            {
                "time": {
                    "start": "2018-02-05T18:27:58.442Z",
                    "end": "2018-02-05T18:28:50.541Z"
                },
                "type": "SCRUB",
                "source": "data:drag",
                "_t": "11:27:58",
                "_end": "11:28:50",
                "data": {
                    "time": 83.050378
                }
            },
            {
                "time": {
                    "start": "2018-02-05T18:27:58.442Z",
                    "end": "2018-02-05T18:28:51.354Z"
                },
                "type": "SCRUB",
                "source": "data:drag",
                "_t": "11:27:58",
                "_end": "11:28:51",
                "data": {
                    "time": 109.151826
                }
            },
            {
                "time": {
                    "start": "2018-02-05T18:27:58.442Z",
                    "end": "2018-02-05T18:28:54.240Z"
                },
                "type": "SCRUB",
                "source": "data:drag",
                "_t": "11:27:58",
                "_end": "11:28:54",
                "data": {
                    "time": 113.629267
                }
            },
            {
                "time": {
                    "start": "2018-02-05T18:27:58.442Z",
                    "end": "2018-02-05T18:28:56.472Z"
                },
                "type": "SCRUB",
                "source": "data:drag",
                "_t": "11:27:58",
                "_end": "11:28:56",
                "data": {
                    "time": 113.629267
                }
            },
            {
                "time": {
                    "start": "2018-02-05T18:27:58.442Z",
                    "end": "2018-02-05T18:28:57.558Z"
                },
                "type": "SCRUB",
                "source": "data:drag",
                "_t": "11:27:58",
                "_end": "11:28:57",
                "data": {
                    "time": 135.405914
                }
            },
            {
                "time": {
                    "start": "2018-02-05T18:27:58.442Z",
                    "end": "2018-02-05T18:28:58.321Z"
                },
                "type": "SCRUB",
                "source": "data:drag",
                "_t": "11:27:58",
                "_end": "11:28:58",
                "data": {
                    "time": 152.450719
                }
            },
            {
                "time": {
                    "start": "2018-02-05T18:27:58.442Z",
                    "end": "2018-02-05T18:28:59.616Z"
                },
                "type": "SCRUB",
                "source": "data:drag",
                "_t": "11:27:58",
                "_end": "11:28:59",
                "data": {
                    "time": 129.351191
                }
            },
            {
                "time": {
                    "start": "2018-02-05T18:27:58.442Z",
                    "end": "2018-02-05T18:29:02.440Z"
                },
                "type": "SCRUB",
                "source": "data:drag",
                "_t": "11:27:58",
                "_end": "11:29:02",
                "data": {
                    "time": 125.077269
                }
            },
            {
                "time": {
                    "start": "2018-02-05T18:27:58.442Z",
                    "end": "2018-02-05T18:29:03.473Z"
                },
                "type": "SCRUB",
                "source": "data:drag",
                "_t": "11:27:58",
                "_end": "11:29:03",
                "data": {
                    "time": 145.836315
                }
            },
            {
                "time": {
                    "start": "2018-02-05T18:27:58.442Z",
                    "end": "2018-02-05T18:29:04.321Z"
                },
                "type": "SCRUB",
                "source": "data:drag",
                "_t": "11:27:58",
                "_end": "11:29:04",
                "data": {
                    "time": 172.802723
                }
            },
            {
                "time": {
                    "start": "2018-02-05T18:27:58.442Z",
                    "end": "2018-02-05T18:29:04.865Z"
                },
                "type": "SCRUB",
                "source": "data:drag",
                "_t": "11:27:58",
                "_end": "11:29:04",
                "data": {
                    "time": 199.056811
                }
            },
            {
                "time": {
                    "start": "2018-02-05T18:27:58.442Z",
                    "end": "2018-02-05T18:29:05.449Z"
                },
                "type": "SCRUB",
                "source": "data:drag",
                "_t": "11:27:58",
                "_end": "11:29:05",
                "data": {
                    "time": 229.6357
                }
            },
            {
                "time": {
                    "start": "2018-02-05T18:27:58.442Z",
                    "end": "2018-02-05T18:29:06.314Z"
                },
                "type": "SCRUB",
                "source": "data:drag",
                "_t": "11:27:58",
                "_end": "11:29:06",
                "data": {
                    "time": 207.604652
                }
            },
            {
                "time": {
                    "start": "2018-02-05T18:27:58.442Z",
                    "end": "2018-02-05T18:29:07.106Z"
                },
                "type": "SCRUB",
                "source": "data:drag",
                "_t": "11:27:58",
                "_end": "11:29:07",
                "data": {
                    "time": 181.045283
                }
            },
            {
                "time": {
                    "start": "2018-02-05T18:27:58.442Z",
                    "end": "2018-02-05T18:29:07.913Z"
                },
                "type": "SCRUB",
                "source": "data:drag",
                "_t": "11:27:58",
                "_end": "11:29:07",
                "data": {
                    "time": 161.049436
                }
            },
            {
                "time": {
                    "start": "2018-02-05T18:27:58.442Z",
                    "end": "2018-02-05T18:29:08.802Z"
                },
                "type": "SCRUB",
                "source": "data:drag",
                "_t": "11:27:58",
                "_end": "11:29:08",
                "data": {
                    "time": 139.221908
                }
            },
            {
                "time": {
                    "start": "2018-02-05T18:27:58.442Z",
                    "end": "2018-02-05T18:29:10.537Z"
                },
                "type": "SCRUB",
                "source": "data:drag",
                "_t": "11:27:58",
                "_end": "11:29:10",
                "data": {
                    "time": 151.127831
                }
            },
            {
                "time": {
                    "start": "2018-02-05T18:27:58.442Z",
                    "end": "2018-02-05T18:29:14.397Z"
                },
                "type": "SCRUB",
                "source": "data:drag",
                "_t": "11:27:58",
                "_end": "11:29:14",
                "data": {
                    "time": 170.971037
                }
            },
            {
                "time": {
                    "start": "2018-02-05T18:27:58.442Z",
                    "end": "2018-02-05T18:29:17.464Z"
                },
                "type": "SCRUB",
                "source": "data:drag",
                "_t": "11:27:58",
                "_end": "11:29:17",
                "data": {
                    "time": 170.971037
                }
            },
            {
                "time": {
                    "start": "2018-02-05T18:27:58.442Z",
                    "end": "2018-02-05T18:29:18.347Z"
                },
                "type": "SCRUB",
                "source": "data:drag",
                "_t": "11:27:58",
                "_end": "11:29:18",
                "data": {
                    "time": 193.409124
                }
            },
            {
                "time": {
                    "start": "2018-02-05T18:27:58.442Z",
                    "end": "2018-02-05T18:29:18.886Z"
                },
                "type": "SCRUB",
                "source": "data:drag",
                "_t": "11:27:58",
                "_end": "11:29:18",
                "data": {
                    "time": 220.375532
                }
            },
            {
                "time": {
                    "start": "2018-02-05T18:27:58.442Z",
                    "end": "2018-02-05T18:29:19.365Z"
                },
                "type": "SCRUB",
                "source": "data:drag",
                "_t": "11:27:58",
                "_end": "11:29:19",
                "data": {
                    "time": 254.058102
                }
            },
            {
                "time": {
                    "start": "2018-02-05T18:27:58.442Z",
                    "end": "2018-02-05T18:29:19.862Z"
                },
                "type": "SCRUB",
                "source": "data:drag",
                "_t": "11:27:58",
                "_end": "11:29:19",
                "data": {
                    "time": 288.351233
                }
            },
            {
                "time": {
                    "start": "2018-02-05T18:27:58.442Z",
                    "end": "2018-02-05T18:29:22.432Z"
                },
                "type": "SCRUB",
                "source": "data:drag",
                "_t": "11:27:58",
                "_end": "11:29:22",
                "data": {
                    "time": 316.386122
                }
            },
            {
                "time": {
                    "start": "2018-02-05T18:27:58.442Z",
                    "end": "2018-02-05T18:29:25.257Z"
                },
                "type": "SCRUB",
                "source": "data:drag",
                "_t": "11:27:58",
                "_end": "11:29:25",
                "data": {
                    "time": 316.386122
                }
            },
            {
                "time": {
                    "start": "2018-02-05T18:27:58.442Z",
                    "end": "2018-02-05T18:29:25.922Z"
                },
                "type": "SCRUB",
                "source": "data:drag",
                "_t": "11:27:58",
                "_end": "11:29:25",
                "data": {
                    "time": 338.620689
                }
            },
            {
                "time": {
                    "start": "2018-02-05T18:27:58.442Z",
                    "end": "2018-02-05T18:29:26.442Z"
                },
                "type": "SCRUB",
                "source": "data:drag",
                "_t": "11:27:58",
                "_end": "11:29:26",
                "data": {
                    "time": 361.160536
                }
            },
            {
                "time": {
                    "start": "2018-02-05T18:27:58.442Z",
                    "end": "2018-02-05T18:29:26.945Z"
                },
                "type": "SCRUB",
                "source": "data:drag",
                "_t": "11:27:58",
                "_end": "11:29:26",
                "data": {
                    "time": 388.941024
                }
            },
            {
                "time": {
                    "start": "2018-02-05T18:27:58.442Z",
                    "end": "2018-02-05T18:29:27.685Z"
                },
                "type": "SCRUB",
                "source": "data:drag",
                "_t": "11:27:58",
                "_end": "11:29:27",
                "data": {
                    "time": 403.390948
                }
            },
            {
                "time": {
                    "start": "2018-02-05T18:27:58.442Z",
                    "end": "2018-02-05T18:29:30.281Z"
                },
                "type": "SCRUB",
                "source": "data:drag",
                "_t": "11:27:58",
                "_end": "11:29:30",
                "data": {
                    "time": 423.335914
                }
            },
            {
                "time": {
                    "start": "2018-02-05T18:27:58.442Z",
                    "end": "2018-02-05T18:29:32.257Z"
                },
                "type": "SCRUB",
                "source": "data:drag",
                "_t": "11:27:58",
                "_end": "11:29:32",
                "data": {
                    "time": 423.335914
                }
            },
            {
                "time": {
                    "start": "2018-02-05T18:27:58.442Z",
                    "end": "2018-02-05T18:29:32.920Z"
                },
                "type": "SCRUB",
                "source": "data:drag",
                "_t": "11:27:58",
                "_end": "11:29:32",
                "data": {
                    "time": 446.740721
                }
            },
            {
                "time": {
                    "start": "2018-02-05T18:27:58.442Z",
                    "end": "2018-02-05T18:29:33.549Z"
                },
                "type": "SCRUB",
                "source": "data:drag",
                "_t": "11:27:58",
                "_end": "11:29:33",
                "data": {
                    "time": 465.159286
                }
            },
            {
                "time": {
                    "start": "2018-02-05T18:27:58.442Z",
                    "end": "2018-02-05T18:29:36.328Z"
                },
                "type": "SCRUB",
                "source": "data:drag",
                "_t": "11:27:58",
                "_end": "11:29:36",
                "data": {
                    "time": 491.057214
                }
            },
            {
                "time": {
                    "start": "2018-02-05T18:27:58.442Z",
                    "end": "2018-02-05T18:29:38.585Z"
                },
                "type": "SCRUB",
                "source": "data:drag",
                "_t": "11:27:58",
                "_end": "11:29:38",
                "data": {
                    "time": 491.057214
                }
            },
            {
                "time": {
                    "start": "2018-02-05T18:27:58.442Z",
                    "end": "2018-02-05T18:29:39.487Z"
                },
                "type": "SCRUB",
                "source": "data:drag",
                "_t": "11:27:58",
                "_end": "11:29:39",
                "data": {
                    "time": 512.12154
                }
            },
            {
                "time": {
                    "start": "2018-02-05T18:27:58.442Z",
                    "end": "2018-02-05T18:29:40.200Z"
                },
                "type": "SCRUB",
                "source": "data:drag",
                "_t": "11:27:58",
                "_end": "11:29:40",
                "data": {
                    "time": 533.491146
                }
            },
            {
                "time": {
                    "start": "2018-02-05T18:27:58.442Z",
                    "end": "2018-02-05T18:29:40.751Z"
                },
                "type": "SCRUB",
                "source": "data:drag",
                "_t": "11:27:58",
                "_end": "11:29:40",
                "data": {
                    "time": 552.927312
                }
            },
            {
                "time": {
                    "start": "2018-02-05T18:27:58.442Z",
                    "end": "2018-02-05T18:29:43.249Z"
                },
                "type": "SCRUB",
                "source": "data:drag",
                "_t": "11:27:58",
                "_end": "11:29:43",
                "data": {
                    "time": 562.034834
                }
            },
            {
                "time": {
                    "start": "2018-02-05T18:27:58.442Z",
                    "end": "2018-02-05T18:29:45.945Z"
                },
                "type": "SCRUB",
                "source": "data:drag",
                "_t": "11:27:58",
                "_end": "11:29:45",
                "data": {
                    "time": 562.034834
                }
            },
            {
                "time": {
                    "start": "2018-02-05T18:27:58.442Z",
                    "end": "2018-02-05T18:29:47.039Z"
                },
                "type": "SCRUB",
                "source": "data:drag",
                "_t": "11:27:58",
                "_end": "11:29:47",
                "data": {
                    "time": 586.151961
                }
            },
            {
                "time": {
                    "start": "2018-02-05T18:27:58.442Z",
                    "end": "2018-02-05T18:29:48.129Z"
                },
                "type": "SCRUB",
                "source": "data:drag",
                "_t": "11:27:58",
                "_end": "11:29:48",
                "data": {
                    "time": 597.396444
                }
            },
            {
                "time": {
                    "start": "2018-02-05T18:27:58.442Z",
                    "end": "2018-02-05T18:29:48.712Z"
                },
                "type": "SCRUB",
                "source": "data:drag",
                "_t": "11:27:58",
                "_end": "11:29:48",
                "data": {
                    "time": 568.750994
                }
            },
            {
                "time": {
                    "start": "2018-02-05T18:27:58.442Z",
                    "end": "2018-02-05T18:29:49.356Z"
                },
                "type": "SCRUB",
                "source": "data:drag",
                "_t": "11:27:58",
                "_end": "11:29:49",
                "data": {
                    "time": 538.477384
                }
            },
            {
                "time": {
                    "start": "2018-02-05T18:27:58.442Z",
                    "end": "2018-02-05T18:29:50.129Z"
                },
                "type": "SCRUB",
                "source": "data:drag",
                "_t": "11:27:58",
                "_end": "11:29:50",
                "data": {
                    "time": 511.816255
                }
            },
            {
                "time": {
                    "start": "2018-02-05T18:27:58.442Z",
                    "end": "2018-02-05T18:29:50.790Z"
                },
                "type": "SCRUB",
                "source": "data:drag",
                "_t": "11:27:58",
                "_end": "11:29:50",
                "data": {
                    "time": 483.679605
                }
            },
            {
                "time": {
                    "start": "2018-02-05T18:27:58.442Z",
                    "end": "2018-02-05T18:29:51.575Z"
                },
                "type": "SCRUB",
                "source": "data:drag",
                "_t": "11:27:58",
                "_end": "11:29:51",
                "data": {
                    "time": 457.629036
                }
            },
            {
                "time": {
                    "start": "2018-02-05T18:27:58.442Z",
                    "end": "2018-02-05T18:29:52.720Z"
                },
                "type": "SCRUB",
                "source": "data:drag",
                "_t": "11:27:58",
                "_end": "11:29:52",
                "data": {
                    "time": 427.406306
                }
            },
            {
                "time": {
                    "start": "2018-02-05T18:27:58.442Z",
                    "end": "2018-02-05T18:29:53.675Z"
                },
                "type": "SCRUB",
                "source": "data:drag",
                "_t": "11:27:58",
                "_end": "11:29:53",
                "data": {
                    "time": 392.807894
                }
            },
            {
                "time": {
                    "start": "2018-02-05T18:27:58.442Z",
                    "end": "2018-02-05T18:29:54.260Z"
                },
                "type": "SCRUB",
                "source": "data:drag",
                "_t": "11:27:58",
                "_end": "11:29:54",
                "data": {
                    "time": 360.804363
                }
            },
            {
                "time": {
                    "start": "2018-02-05T18:27:58.442Z",
                    "end": "2018-02-05T18:29:55.188Z"
                },
                "type": "SCRUB",
                "source": "data:drag",
                "_t": "11:27:58",
                "_end": "11:29:55",
                "data": {
                    "time": 321.32147
                }
            },
            {
                "time": {
                    "start": "2018-02-05T18:27:58.442Z",
                    "end": "2018-02-05T18:29:55.952Z"
                },
                "type": "SCRUB",
                "source": "data:drag",
                "_t": "11:27:58",
                "_end": "11:29:55",
                "data": {
                    "time": 281.431537
                }
            },
            {
                "time": {
                    "start": "2018-02-05T18:27:58.442Z",
                    "end": "2018-02-05T18:29:56.652Z"
                },
                "type": "SCRUB",
                "source": "data:drag",
                "_t": "11:27:58",
                "_end": "11:29:56",
                "data": {
                    "time": 245.204965
                }
            },
            {
                "time": {
                    "start": "2018-02-05T18:27:58.442Z",
                    "end": "2018-02-05T18:29:57.573Z"
                },
                "type": "SCRUB",
                "source": "data:drag",
                "_t": "11:27:58",
                "_end": "11:29:57",
                "data": {
                    "time": 211.725914
                }
            },
            {
                "time": {
                    "start": "2018-02-05T18:27:58.442Z",
                    "end": "2018-02-05T18:29:58.615Z"
                },
                "type": "SCRUB",
                "source": "data:drag",
                "_t": "11:27:58",
                "_end": "11:29:58",
                "data": {
                    "time": 178.043343
                }
            },
            {
                "time": {
                    "start": "2018-02-05T18:27:58.442Z",
                    "end": "2018-02-05T18:30:00.529Z"
                },
                "type": "SCRUB",
                "source": "data:drag",
                "_t": "11:27:58",
                "_end": "11:30:00",
                "data": {
                    "time": 156.877256
                }
            },
            {
                "time": {
                    "start": "2018-02-05T18:27:58.442Z",
                    "end": "2018-02-05T18:30:01.751Z"
                },
                "type": "SCRUB",
                "source": "data:drag",
                "_t": "11:27:58",
                "_end": "11:30:01",
                "data": {
                    "time": 127.977406
                }
            },
            {
                "time": {
                    "start": "2018-02-05T18:27:58.442Z",
                    "end": "2018-02-05T18:30:03.217Z"
                },
                "type": "SCRUB",
                "source": "data:drag",
                "_t": "11:27:58",
                "_end": "11:30:03",
                "data": {
                    "time": 98.059956
                }
            },
            {
                "time": {
                    "start": "2018-02-05T18:27:58.442Z",
                    "end": "2018-02-05T18:30:04.435Z"
                },
                "type": "SCRUB",
                "source": "data:drag",
                "_t": "11:27:58",
                "_end": "11:30:04",
                "data": {
                    "time": 63.614184
                }
            },
            {
                "time": {
                    "start": "2018-02-05T18:27:58.442Z",
                    "end": "2018-02-05T18:30:08.889Z"
                },
                "type": "SCRUB",
                "source": "data:drag",
                "_t": "11:27:58",
                "_end": "11:30:08",
                "data": {
                    "time": 74.146347
                }
            },
            {
                "time": {
                    "start": "2018-02-05T18:27:58.442Z",
                    "end": "2018-02-05T18:30:09.809Z"
                },
                "type": "SCRUB",
                "source": "data:drag",
                "_t": "11:27:58",
                "_end": "11:30:09",
                "data": {
                    "time": 95.973874
                }
            },
            {
                "time": {
                    "start": "2018-02-05T18:27:58.442Z",
                    "end": "2018-02-05T18:30:11.275Z"
                },
                "type": "SCRUB",
                "source": "data:drag",
                "_t": "11:27:58",
                "_end": "11:30:11",
                "data": {
                    "time": 122.736762
                }
            }
        ]
    }
}