{
    "user_id": "051",
    "session_id": "5a789defee2b1975ba835b9e",
    "study": "studyD",
    "workspace": "pill.pills-orange",
    "details": {
        "workspace": "pill.pills-orange",
        "labels": [
            {
                "time": 2.1659954390243605,
                "endTime": 3.9337665934959283,
                "type": "move",
                "id": 1
            },
            {
                "time": 12.765916,
                "endTime": 21.958321691056916,
                "type": "pill",
                "id": 2
            },
            {
                "time": 60.136063,
                "endTime": 64.88378901626017,
                "type": "pill",
                "id": 3
            },
            {
                "time": 113.808459,
                "endTime": 119.76837038211433,
                "type": "move",
                "id": 4
            },
            {
                "time": 171.034935,
                "endTime": 177.3585019918912,
                "type": "move",
                "id": 5
            }
        ],
        "_starts": [
            "2018-02-05T18:27:06.000Z"
        ],
        "_ends": [
            "2018-02-05T18:30:10.773Z"
        ]
    },
    "labels_file": "/home/ubuntu/vat/data/user-studies/studyD/pill-orange/051.labels.json",
    "videoFlash": 2.237407,
    "surveys": {
        "user-info": {
            "firstname": "Cameron",
            "lastname": "McQuinn",
            "email": "cameron.mcquinn@gmail.com"
        },
        "practice-first": {
            "question1": "5",
            "question2": "ok",
            "question3": "50",
            "question4": "5"
        },
        "practice-second": {},
        "practice-third": {},
        "practice-survey": {},
        "pill-blue": {
            "question1": "5",
            "question2": "3",
            "question3": "30",
            "question4": "90"
        },
        "pill-red": {
            "question1": "1",
            "question2": "2",
            "question3": "30",
            "question4": "90"
        }
    },
    "logs": {
        "labelEvents": [
            {
                "time": "2018-02-05T18:27:22.037Z",
                "type": "START",
                "source": "hotkey",
                "_t": "11:27:22",
                "_end": "-",
                "data": {
                    "type": "move",
                    "time": 4.590367
                }
            },
            {
                "time": "2018-02-05T18:27:26.486Z",
                "type": "END",
                "source": "data:click:h_pos",
                "_t": "11:27:26",
                "_end": "-",
                "data": {
                    "lbl": {
                        "time": 2.1659954390243605,
                        "endTime": 3.9337665934959283,
                        "type": "move",
                        "id": 1
                    }
                }
            },
            {
                "time": "2018-02-05T18:27:29.671Z",
                "type": "SELECT",
                "source": "data:click",
                "_t": "11:27:29",
                "_end": "-",
                "data": {
                    "time": 2.1659954390243605,
                    "endTime": 3.9337665934959283,
                    "type": "move",
                    "id": 1
                }
            },
            {
                "time": {
                    "start": "2018-02-05T18:27:30.510Z",
                    "end": "2018-02-05T18:27:32.132Z"
                },
                "type": "RESIZE",
                "source": "data:brush",
                "_t": "11:27:30",
                "_end": "11:27:32",
                "data": {
                    "brushing": true,
                    "origin": [
                        2.1659954390243783,
                        4.590367
                    ],
                    "_brushside": 1,
                    "start": "2018-02-05T18:27:30.510Z",
                    "ε": 0.1,
                    "mode": "resize"
                }
            },
            {
                "time": "2018-02-05T18:27:33.785Z",
                "type": "DESELECT",
                "source": "data:click",
                "_t": "11:27:33",
                "_end": "-",
                "data": {
                    "time": 2.1659954390243605,
                    "endTime": 3.9337665934959283,
                    "type": "move",
                    "id": 1
                }
            },
            {
                "time": "2018-02-05T18:27:45.222Z",
                "type": "START",
                "source": "hotkey",
                "_t": "11:27:45",
                "_end": "-",
                "data": {
                    "type": "pill",
                    "time": 12.765916
                }
            },
            {
                "time": "2018-02-05T18:27:47.215Z",
                "type": "END",
                "source": "data:click:h_pos",
                "_t": "11:27:47",
                "_end": "-",
                "data": {
                    "lbl": {
                        "time": 12.765916,
                        "endTime": 21.958321691056916,
                        "type": "pill",
                        "id": 2
                    }
                }
            },
            {
                "time": "2018-02-05T18:28:16.295Z",
                "type": "START",
                "source": "hotkey",
                "_t": "11:28:16",
                "_end": "-",
                "data": {
                    "type": "pill",
                    "time": 60.136063
                }
            },
            {
                "time": "2018-02-05T18:28:19.687Z",
                "type": "END",
                "source": "data:click:h_pos",
                "_t": "11:28:19",
                "_end": "-",
                "data": {
                    "lbl": {
                        "time": 60.136063,
                        "endTime": 64.88378901626017,
                        "type": "pill",
                        "id": 3
                    }
                }
            },
            {
                "time": "2018-02-05T18:28:33.077Z",
                "type": "START",
                "source": "hotkey",
                "_t": "11:28:33",
                "_end": "-",
                "data": {
                    "type": "move",
                    "time": 113.808459
                }
            },
            {
                "time": "2018-02-05T18:28:34.256Z",
                "type": "END",
                "source": "data:click:h_pos",
                "_t": "11:28:34",
                "_end": "-",
                "data": {
                    "lbl": {
                        "time": 113.808459,
                        "endTime": 119.76837038211433,
                        "type": "move",
                        "id": 4
                    }
                }
            },
            {
                "time": "2018-02-05T18:29:04.636Z",
                "type": "START",
                "source": "hotkey",
                "_t": "11:29:04",
                "_end": "-",
                "data": {
                    "type": "move",
                    "time": 171.034935
                }
            },
            {
                "time": "2018-02-05T18:29:06.832Z",
                "type": "END",
                "source": "data:click:h_pos",
                "_t": "11:29:06",
                "_end": "-",
                "data": {
                    "lbl": {
                        "time": 171.034935,
                        "endTime": 177.3585019918912,
                        "type": "move",
                        "id": 5
                    }
                }
            },
            {
                "time": "2018-02-05T18:29:32.022Z",
                "type": "START",
                "source": "hotkey",
                "_t": "11:29:32",
                "_end": "-",
                "data": {
                    "type": "pill",
                    "time": 316.366543
                }
            },
            {
                "time": "2018-02-05T18:29:38.010Z",
                "type": "END",
                "source": "hotkey:ctb",
                "_t": "11:29:38",
                "_end": "-",
                "data": {
                    "lbl": {
                        "time": 316.366543,
                        "endTime": 316.392797,
                        "type": "pill",
                        "id": 6
                    },
                    "key": "enter"
                }
            },
            {
                "time": "2018-02-05T18:29:54.479Z",
                "type": "START",
                "source": "side-bar:button",
                "_t": "11:29:54",
                "_end": "-",
                "data": {
                    "type": "pill",
                    "time": 315.946466
                }
            },
            {
                "time": "2018-02-05T18:30:02.534Z",
                "type": "CANCEL",
                "source": "hotkey",
                "_t": "11:30:02",
                "_end": "-",
                "data": {
                    "time": 315.946466,
                    "type": "pill",
                    "editting": false
                }
            },
            {
                "time": "2018-02-05T18:30:02.982Z",
                "type": "CANCEL",
                "source": "hotkey",
                "_t": "11:30:02",
                "_end": "-",
                "data": {
                    "editting": false
                }
            },
            {
                "time": "2018-02-05T18:30:03.233Z",
                "type": "CANCEL",
                "source": "hotkey",
                "_t": "11:30:03",
                "_end": "-",
                "data": {
                    "editting": false
                }
            },
            {
                "time": "2018-02-05T18:30:04.378Z",
                "type": "SELECT",
                "source": "data:click",
                "_t": "11:30:04",
                "_end": "-",
                "data": {
                    "time": 316.366543,
                    "endTime": 316.392797,
                    "type": "pill",
                    "id": 6
                }
            },
            {
                "time": "2018-02-05T18:30:06.959Z",
                "type": "DELETE",
                "source": "side-bar:button",
                "_t": "11:30:06",
                "_end": "-",
                "data": {
                    "id": 6,
                    "idx": 5
                }
            },
            {
                "time": "2018-02-05T18:30:09.737Z",
                "type": "START",
                "source": "hotkey",
                "_t": "11:30:09",
                "_end": "-",
                "data": {
                    "type": "pill",
                    "time": 316.524068
                }
            }
        ],
        "navigationEvents": [
            {
                "time": "2018-02-05T18:27:17.013Z",
                "type": "PAUSE",
                "source": "hotkey",
                "_t": "11:27:17",
                "_end": "-",
                "data": {
                    "key": "space"
                }
            },
            {
                "time": {
                    "start": "2018-02-05T18:27:06.048Z",
                    "end": "2018-02-05T18:27:20.012Z"
                },
                "type": "SCRUB",
                "source": "data:drag",
                "_t": "11:27:06",
                "_end": "11:27:20",
                "data": {
                    "time": 4.590367
                }
            },
            {
                "time": {
                    "start": "2018-02-05T18:27:06.048Z",
                    "end": "2018-02-05T18:27:24.561Z"
                },
                "type": "SCRUB",
                "source": "data:drag",
                "_t": "11:27:06",
                "_end": "11:27:24",
                "data": {
                    "time": 4.438843
                }
            },
            {
                "time": {
                    "start": "2018-02-05T18:27:06.048Z",
                    "end": "2018-02-05T18:27:26.484Z"
                },
                "type": "SCRUB",
                "source": "data:drag",
                "_t": "11:27:06",
                "_end": "11:27:26",
                "data": {
                    "time": 4.438843
                }
            },
            {
                "time": {
                    "start": "2018-02-05T18:27:06.048Z",
                    "end": "2018-02-05T18:27:28.311Z"
                },
                "type": "SCRUB",
                "source": "data:drag",
                "_t": "11:27:06",
                "_end": "11:27:28",
                "data": {
                    "time": 6.358136
                }
            },
            {
                "time": {
                    "start": "2018-02-05T18:27:06.048Z",
                    "end": "2018-02-05T18:27:28.939Z"
                },
                "type": "SCRUB",
                "source": "data:drag",
                "_t": "11:27:06",
                "_end": "11:27:28",
                "data": {
                    "time": 6.459151
                }
            },
            {
                "time": {
                    "start": "2018-02-05T18:27:06.048Z",
                    "end": "2018-02-05T18:27:29.668Z"
                },
                "type": "SCRUB",
                "source": "data:drag",
                "_t": "11:27:06",
                "_end": "11:27:29",
                "data": {
                    "time": 6.459151
                }
            },
            {
                "time": {
                    "start": "2018-02-05T18:27:06.048Z",
                    "end": "2018-02-05T18:27:32.141Z"
                },
                "type": "SCRUB",
                "source": "data:drag",
                "_t": "11:27:06",
                "_end": "11:27:32",
                "data": {
                    "time": 6.459151
                }
            },
            {
                "time": {
                    "start": "2018-02-05T18:27:06.048Z",
                    "end": "2018-02-05T18:27:33.784Z"
                },
                "type": "SCRUB",
                "source": "data:drag",
                "_t": "11:27:06",
                "_end": "11:27:33",
                "data": {
                    "time": 6.459151
                }
            },
            {
                "time": {
                    "start": "2018-02-05T18:27:06.048Z",
                    "end": "2018-02-05T18:27:34.388Z"
                },
                "type": "SCRUB",
                "source": "data:drag",
                "_t": "11:27:06",
                "_end": "11:27:34",
                "data": {
                    "time": 6.459151
                }
            },
            {
                "time": {
                    "start": "2018-02-05T18:27:06.048Z",
                    "end": "2018-02-05T18:27:34.541Z"
                },
                "type": "SCRUB",
                "source": "data:drag",
                "_t": "11:27:06",
                "_end": "11:27:34",
                "data": {
                    "time": 6.459151
                }
            },
            {
                "time": "2018-02-05T18:27:34.545Z",
                "type": "JUMP",
                "source": "data:dblclick:h_pos",
                "_t": "11:27:34",
                "_end": "-",
                "data": {
                    "from": 6.459151,
                    "to": 12.722108723577243
                }
            },
            {
                "time": {
                    "start": "2018-02-05T18:27:06.048Z",
                    "end": "2018-02-05T18:27:35.139Z"
                },
                "type": "SCRUB",
                "source": "data:drag",
                "_t": "11:27:06",
                "_end": "11:27:35",
                "data": {
                    "time": 12.6716
                }
            },
            {
                "time": "2018-02-05T18:27:37.124Z",
                "type": "PLAY",
                "source": "hotkey",
                "_t": "11:27:37",
                "_end": "-",
                "data": {
                    "key": "space"
                }
            },
            {
                "time": "2018-02-05T18:27:37.895Z",
                "type": "PAUSE",
                "source": "hotkey",
                "_t": "11:27:37",
                "_end": "-",
                "data": {
                    "key": "space"
                }
            },
            {
                "time": "2018-02-05T18:27:38.853Z",
                "type": "SKIP",
                "source": "hotkey",
                "_t": "11:27:38",
                "_end": "-",
                "data": {
                    "t": 13.407264,
                    "Δt": -1,
                    "key": "left"
                }
            },
            {
                "time": "2018-02-05T18:27:42.085Z",
                "type": "PLAY",
                "source": "hotkey",
                "_t": "11:27:42",
                "_end": "-",
                "data": {
                    "key": "space"
                }
            },
            {
                "time": "2018-02-05T18:27:42.534Z",
                "type": "PAUSE",
                "source": "hotkey",
                "_t": "11:27:42",
                "_end": "-",
                "data": {
                    "key": "space"
                }
            },
            {
                "time": {
                    "start": "2018-02-05T18:27:06.048Z",
                    "end": "2018-02-05T18:27:47.212Z"
                },
                "type": "SCRUB",
                "source": "data:drag",
                "_t": "11:27:06",
                "_end": "11:27:47",
                "data": {
                    "time": 12.765916
                }
            },
            {
                "time": "2018-02-05T18:27:47.449Z",
                "type": "PLAY",
                "source": "hotkey",
                "_t": "11:27:47",
                "_end": "-",
                "data": {
                    "key": "space"
                }
            },
            {
                "time": "2018-02-05T18:27:49.750Z",
                "type": "SKIP",
                "source": "hotkey",
                "_t": "11:27:49",
                "_end": "-",
                "data": {
                    "t": 15.043286,
                    "Δt": 5,
                    "key": "right"
                }
            },
            {
                "time": "2018-02-05T18:27:49.956Z",
                "type": "SKIP",
                "source": "hotkey",
                "_t": "11:27:49",
                "_end": "-",
                "data": {
                    "t": 20.068869,
                    "Δt": 5,
                    "key": "right"
                }
            },
            {
                "time": "2018-02-05T18:27:50.137Z",
                "type": "SKIP",
                "source": "hotkey",
                "_t": "11:27:50",
                "_end": "-",
                "data": {
                    "t": 25.081014,
                    "Δt": 5,
                    "key": "right"
                }
            },
            {
                "time": "2018-02-05T18:27:51.011Z",
                "type": "SKIP",
                "source": "hotkey",
                "_t": "11:27:51",
                "_end": "-",
                "data": {
                    "t": 30.816026,
                    "Δt": 5,
                    "key": "right"
                }
            },
            {
                "time": "2018-02-05T18:27:51.195Z",
                "type": "SKIP",
                "source": "hotkey",
                "_t": "11:27:51",
                "_end": "-",
                "data": {
                    "t": 35.822294,
                    "Δt": 5,
                    "key": "right"
                }
            },
            {
                "time": "2018-02-05T18:27:51.316Z",
                "type": "SKIP",
                "source": "hotkey",
                "_t": "11:27:51",
                "_end": "-",
                "data": {
                    "t": 40.831712,
                    "Δt": 5,
                    "key": "right"
                }
            },
            {
                "time": "2018-02-05T18:27:51.476Z",
                "type": "SKIP",
                "source": "hotkey",
                "_t": "11:27:51",
                "_end": "-",
                "data": {
                    "t": 45.831712,
                    "Δt": 5,
                    "key": "right"
                }
            },
            {
                "time": "2018-02-05T18:28:00.837Z",
                "type": "PAUSE",
                "source": "hotkey",
                "_t": "11:28:00",
                "_end": "-",
                "data": {
                    "key": "space"
                }
            },
            {
                "time": "2018-02-05T18:28:02.421Z",
                "type": "PLAY",
                "source": "hotkey",
                "_t": "11:28:02",
                "_end": "-",
                "data": {
                    "key": "space"
                }
            },
            {
                "time": "2018-02-05T18:28:02.762Z",
                "type": "PAUSE",
                "source": "hotkey",
                "_t": "11:28:02",
                "_end": "-",
                "data": {
                    "key": "space"
                }
            },
            {
                "time": "2018-02-05T18:28:04.037Z",
                "type": "SKIP",
                "source": "hotkey",
                "_t": "11:28:04",
                "_end": "-",
                "data": {
                    "t": 60.388602,
                    "Δt": -1,
                    "key": "left"
                }
            },
            {
                "time": "2018-02-05T18:28:04.597Z",
                "type": "SKIP",
                "source": "hotkey",
                "_t": "11:28:04",
                "_end": "-",
                "data": {
                    "t": 59.388602,
                    "Δt": 1,
                    "key": "right"
                }
            },
            {
                "time": {
                    "start": "2018-02-05T18:27:06.048Z",
                    "end": "2018-02-05T18:28:10.269Z"
                },
                "type": "SCRUB",
                "source": "data:drag",
                "_t": "11:27:06",
                "_end": "11:28:10",
                "data": {
                    "time": 60.136063
                }
            },
            {
                "time": {
                    "start": "2018-02-05T18:27:06.048Z",
                    "end": "2018-02-05T18:28:19.686Z"
                },
                "type": "SCRUB",
                "source": "data:drag",
                "_t": "11:27:06",
                "_end": "11:28:19",
                "data": {
                    "time": 60.136063
                }
            },
            {
                "time": "2018-02-05T18:28:20.966Z",
                "type": "PLAY",
                "source": "hotkey",
                "_t": "11:28:20",
                "_end": "-",
                "data": {
                    "key": "space"
                }
            },
            {
                "time": {
                    "start": "2018-02-05T18:27:06.048Z",
                    "end": "2018-02-05T18:28:27.509Z"
                },
                "type": "SCRUB",
                "source": "data:drag",
                "_t": "11:27:06",
                "_end": "11:28:27",
                "data": {
                    "time": 113.975819
                }
            },
            {
                "time": "2018-02-05T18:28:27.774Z",
                "type": "PAUSE",
                "source": "hotkey",
                "_t": "11:28:27",
                "_end": "-",
                "data": {
                    "key": "space"
                }
            },
            {
                "time": "2018-02-05T18:28:28.454Z",
                "type": "PLAY",
                "source": "hotkey",
                "_t": "11:28:28",
                "_end": "-",
                "data": {
                    "key": "space"
                }
            },
            {
                "time": "2018-02-05T18:28:29.009Z",
                "type": "PAUSE",
                "source": "hotkey",
                "_t": "11:28:29",
                "_end": "-",
                "data": {
                    "key": "space"
                }
            },
            {
                "time": "2018-02-05T18:28:29.382Z",
                "type": "SKIP",
                "source": "hotkey",
                "_t": "11:28:29",
                "_end": "-",
                "data": {
                    "t": 114.808459,
                    "Δt": -1,
                    "key": "left"
                }
            },
            {
                "time": {
                    "start": "2018-02-05T18:27:06.048Z",
                    "end": "2018-02-05T18:28:34.253Z"
                },
                "type": "SCRUB",
                "source": "data:drag",
                "_t": "11:27:06",
                "_end": "11:28:34",
                "data": {
                    "time": 113.808459
                }
            },
            {
                "time": "2018-02-05T18:28:34.453Z",
                "type": "PLAY",
                "source": "hotkey",
                "_t": "11:28:34",
                "_end": "-",
                "data": {
                    "key": "space"
                }
            },
            {
                "time": {
                    "start": "2018-02-05T18:27:06.048Z",
                    "end": "2018-02-05T18:28:36.618Z"
                },
                "type": "SCRUB",
                "source": "data:drag",
                "_t": "11:27:06",
                "_end": "11:28:36",
                "data": {
                    "time": 164.323696
                }
            },
            {
                "time": "2018-02-05T18:28:39.812Z",
                "type": "PAUSE",
                "source": "hotkey",
                "_t": "11:28:39",
                "_end": "-",
                "data": {
                    "key": "space"
                }
            },
            {
                "time": "2018-02-05T18:28:51.558Z",
                "type": "PLAY",
                "source": "hotkey",
                "_t": "11:28:51",
                "_end": "-",
                "data": {
                    "key": "space"
                }
            },
            {
                "time": "2018-02-05T18:28:55.654Z",
                "type": "PAUSE",
                "source": "hotkey",
                "_t": "11:28:55",
                "_end": "-",
                "data": {
                    "key": "space"
                }
            },
            {
                "time": {
                    "start": "2018-02-05T18:27:06.048Z",
                    "end": "2018-02-05T18:29:02.133Z"
                },
                "type": "SCRUB",
                "source": "data:drag",
                "_t": "11:27:06",
                "_end": "11:29:02",
                "data": {
                    "time": 171.034935
                }
            },
            {
                "time": {
                    "start": "2018-02-05T18:27:06.048Z",
                    "end": "2018-02-05T18:29:06.830Z"
                },
                "type": "SCRUB",
                "source": "data:drag",
                "_t": "11:27:06",
                "_end": "11:29:06",
                "data": {
                    "time": 171.034935
                }
            },
            {
                "time": "2018-02-05T18:29:07.303Z",
                "type": "PLAY",
                "source": "hotkey",
                "_t": "11:29:07",
                "_end": "-",
                "data": {
                    "key": "space"
                }
            },
            {
                "time": {
                    "start": "2018-02-05T18:27:06.048Z",
                    "end": "2018-02-05T18:29:08.404Z"
                },
                "type": "SCRUB",
                "source": "data:drag",
                "_t": "11:27:06",
                "_end": "11:29:08",
                "data": {
                    "time": 178.031233
                }
            },
            {
                "time": {
                    "start": "2018-02-05T18:27:06.048Z",
                    "end": "2018-02-05T18:29:09.297Z"
                },
                "type": "SCRUB",
                "source": "data:drag",
                "_t": "11:27:06",
                "_end": "11:29:09",
                "data": {
                    "time": 186.054669
                }
            },
            {
                "time": {
                    "start": "2018-02-05T18:27:06.048Z",
                    "end": "2018-02-05T18:29:14.376Z"
                },
                "type": "SCRUB",
                "source": "data:drag",
                "_t": "11:27:06",
                "_end": "11:29:14",
                "data": {
                    "time": 301.727069
                }
            },
            {
                "time": {
                    "start": "2018-02-05T18:27:06.048Z",
                    "end": "2018-02-05T18:29:18.496Z"
                },
                "type": "SCRUB",
                "source": "data:drag",
                "_t": "11:27:06",
                "_end": "11:29:18",
                "data": {
                    "time": 305.238416
                }
            },
            {
                "time": {
                    "start": "2018-02-05T18:27:06.048Z",
                    "end": "2018-02-05T18:29:21.853Z"
                },
                "type": "SCRUB",
                "source": "data:drag",
                "_t": "11:27:06",
                "_end": "11:29:21",
                "data": {
                    "time": 316.349754
                }
            },
            {
                "time": {
                    "start": "2018-02-05T18:27:06.048Z",
                    "end": "2018-02-05T18:29:23.975Z"
                },
                "type": "SCRUB",
                "source": "data:drag",
                "_t": "11:27:06",
                "_end": "11:29:23",
                "data": {
                    "time": 316.117888
                }
            },
            {
                "time": "2018-02-05T18:29:24.133Z",
                "type": "PAUSE",
                "source": "hotkey",
                "_t": "11:29:24",
                "_end": "-",
                "data": {
                    "key": "space"
                }
            },
            {
                "time": "2018-02-05T18:29:24.902Z",
                "type": "PLAY",
                "source": "hotkey",
                "_t": "11:29:24",
                "_end": "-",
                "data": {
                    "key": "space"
                }
            },
            {
                "time": "2018-02-05T18:29:25.334Z",
                "type": "PAUSE",
                "source": "hotkey",
                "_t": "11:29:25",
                "_end": "-",
                "data": {
                    "key": "space"
                }
            },
            {
                "time": {
                    "start": "2018-02-05T18:27:06.048Z",
                    "end": "2018-02-05T18:29:28.670Z"
                },
                "type": "SCRUB",
                "source": "data:drag",
                "_t": "11:27:06",
                "_end": "11:29:28",
                "data": {
                    "time": 316.182761
                }
            },
            {
                "time": {
                    "start": "2018-02-05T18:27:06.048Z",
                    "end": "2018-02-05T18:29:31.414Z"
                },
                "type": "SCRUB",
                "source": "data:drag",
                "_t": "11:27:06",
                "_end": "11:29:31",
                "data": {
                    "time": 316.366543
                }
            },
            {
                "time": {
                    "start": "2018-02-05T18:27:06.048Z",
                    "end": "2018-02-05T18:29:34.377Z"
                },
                "type": "SCRUB",
                "source": "data:drag",
                "_t": "11:27:06",
                "_end": "11:29:34",
                "data": {
                    "time": 316.392797
                }
            },
            {
                "time": {
                    "start": "2018-02-05T18:27:06.048Z",
                    "end": "2018-02-05T18:29:39.727Z"
                },
                "type": "SCRUB",
                "source": "data:drag",
                "_t": "11:27:06",
                "_end": "11:29:39",
                "data": {
                    "time": 316.392797
                }
            },
            {
                "time": {
                    "start": "2018-02-05T18:27:06.048Z",
                    "end": "2018-02-05T18:29:40.909Z"
                },
                "type": "SCRUB",
                "source": "data:drag",
                "_t": "11:27:06",
                "_end": "11:29:40",
                "data": {
                    "time": 315.972721
                }
            },
            {
                "time": {
                    "start": "2018-02-05T18:27:06.048Z",
                    "end": "2018-02-05T18:29:42.349Z"
                },
                "type": "SCRUB",
                "source": "data:drag",
                "_t": "11:27:06",
                "_end": "11:29:42",
                "data": {
                    "time": 315.946466
                }
            },
            {
                "time": {
                    "start": "2018-02-05T18:27:06.048Z",
                    "end": "2018-02-05T18:29:44.294Z"
                },
                "type": "SCRUB",
                "source": "data:drag",
                "_t": "11:27:06",
                "_end": "11:29:44",
                "data": {
                    "time": 315.946466
                }
            },
            {
                "time": {
                    "start": "2018-02-05T18:27:06.048Z",
                    "end": "2018-02-05T18:29:48.710Z"
                },
                "type": "SCRUB",
                "source": "data:drag",
                "_t": "11:27:06",
                "_end": "11:29:48",
                "data": {
                    "time": 315.946466
                }
            },
            {
                "time": {
                    "start": "2018-02-05T18:27:06.048Z",
                    "end": "2018-02-05T18:29:49.390Z"
                },
                "type": "SCRUB",
                "source": "data:drag",
                "_t": "11:27:06",
                "_end": "11:29:49",
                "data": {
                    "time": 315.946466
                }
            },
            {
                "time": {
                    "start": "2018-02-05T18:27:06.048Z",
                    "end": "2018-02-05T18:29:49.934Z"
                },
                "type": "SCRUB",
                "source": "data:drag",
                "_t": "11:27:06",
                "_end": "11:29:49",
                "data": {
                    "time": 315.946466
                }
            },
            {
                "time": {
                    "start": "2018-02-05T18:27:06.048Z",
                    "end": "2018-02-05T18:29:50.654Z"
                },
                "type": "SCRUB",
                "source": "data:drag",
                "_t": "11:27:06",
                "_end": "11:29:50",
                "data": {
                    "time": 315.946466
                }
            },
            {
                "time": {
                    "start": "2018-02-05T18:27:06.048Z",
                    "end": "2018-02-05T18:29:57.782Z"
                },
                "type": "SCRUB",
                "source": "data:drag",
                "_t": "11:27:06",
                "_end": "11:29:57",
                "data": {
                    "time": 315.998975
                }
            },
            {
                "time": {
                    "start": "2018-02-05T18:27:06.048Z",
                    "end": "2018-02-05T18:29:59.248Z"
                },
                "type": "SCRUB",
                "source": "data:drag",
                "_t": "11:27:06",
                "_end": "11:29:59",
                "data": {
                    "time": 318.099351
                }
            },
            {
                "time": {
                    "start": "2018-02-05T18:27:06.048Z",
                    "end": "2018-02-05T18:29:59.827Z"
                },
                "type": "SCRUB",
                "source": "data:drag",
                "_t": "11:27:06",
                "_end": "11:29:59",
                "data": {
                    "time": 318.178115
                }
            },
            {
                "time": {
                    "start": "2018-02-05T18:27:06.048Z",
                    "end": "2018-02-05T18:30:00.914Z"
                },
                "type": "SCRUB",
                "source": "data:drag",
                "_t": "11:27:06",
                "_end": "11:30:00",
                "data": {
                    "time": 318.781973
                }
            },
            {
                "time": {
                    "start": "2018-02-05T18:27:06.048Z",
                    "end": "2018-02-05T18:30:02.416Z"
                },
                "type": "SCRUB",
                "source": "data:drag",
                "_t": "11:27:06",
                "_end": "11:30:02",
                "data": {
                    "time": 319.123284
                }
            },
            {
                "time": {
                    "start": "2018-02-05T18:27:06.048Z",
                    "end": "2018-02-05T18:30:04.375Z"
                },
                "type": "SCRUB",
                "source": "data:drag",
                "_t": "11:27:06",
                "_end": "11:30:04",
                "data": {
                    "time": 319.123284
                }
            },
            {
                "time": {
                    "start": "2018-02-05T18:27:06.048Z",
                    "end": "2018-02-05T18:30:09.230Z"
                },
                "type": "SCRUB",
                "source": "data:drag",
                "_t": "11:27:06",
                "_end": "11:30:09",
                "data": {
                    "time": 316.524068
                }
            }
        ]
    }
}