{
    "user_id": "055",
    "session_id": "5a78ba10ee2b1975ba835bd3",
    "study": "studyD",
    "workspace": "pill.pills-orange",
    "details": {
        "workspace": "pill.pills-orange",
        "labels": [
            {
                "time": 12.7758513198841,
                "endTime": 21.92700245203661,
                "type": "pill",
                "id": 1
            },
            {
                "time": 60.251246,
                "endTime": 64.68615266940544,
                "type": "move",
                "id": 2
            },
            {
                "time": 113.684964,
                "endTime": 119.6442099859946,
                "type": "move",
                "id": 3
            },
            {
                "time": 316.422087,
                "endTime": 324.0182074199158,
                "type": "pill",
                "id": 5
            },
            {
                "time": 171.02159562000935,
                "endTime": 177.34913835366194,
                "type": "move",
                "id": 6
            },
            {
                "time": 423.304858,
                "endTime": 426.2768081440883,
                "type": "move",
                "id": 7
            },
            {
                "time": 491.010075,
                "endTime": 498.27882053313164,
                "type": "move",
                "id": 8
            },
            {
                "time": 562.101577,
                "endTime": 568.9201820638033,
                "type": "pill",
                "id": 9
            }
        ],
        "_starts": [
            "2018-02-05T20:26:54.000Z"
        ],
        "_ends": [
            "2018-02-05T20:30:04.676Z"
        ]
    },
    "labels_file": "/home/ubuntu/vat/data/user-studies/studyD/pill-orange/055.labels.json",
    "videoFlash": 2.237407,
    "surveys": {
        "user-info": {
            "firstname": "Riley",
            "lastname": "Hale",
            "email": "riley.e.hale@gmail.com"
        },
        "practice-first": {
            "question1": "1",
            "question2": "ok",
            "question3": "100",
            "question4": "5"
        },
        "practice-second": {},
        "practice-third": {},
        "practice-survey": {},
        "pill-blue": {
            "question1": "1",
            "question2": "1",
            "question3": "20",
            "question4": "80"
        },
        "pill-red": {
            "question1": "1",
            "question2": "4",
            "question3": "10",
            "question4": "60"
        }
    },
    "logs": {
        "labelEvents": [
            {
                "time": "2018-02-05T20:27:21.382Z",
                "type": "START",
                "source": "side-bar:button",
                "_t": "13:27:21",
                "_end": "-",
                "data": {
                    "type": "pill",
                    "time": 13.384564
                }
            },
            {
                "time": "2018-02-05T20:27:25.931Z",
                "type": "END",
                "source": "data:click:h_pos",
                "_t": "13:27:25",
                "_end": "-",
                "data": {
                    "lbl": {
                        "time": 12.7758513198841,
                        "endTime": 21.92700245203661,
                        "type": "pill",
                        "id": 1
                    }
                }
            },
            {
                "time": "2018-02-05T20:27:28.433Z",
                "type": "SELECT",
                "source": "data:click",
                "_t": "13:27:28",
                "_end": "-",
                "data": {
                    "time": 12.7758513198841,
                    "endTime": 21.92700245203661,
                    "type": "pill",
                    "id": 1
                }
            },
            {
                "time": "2018-02-05T20:27:28.631Z",
                "type": "DESELECT",
                "source": "data:click",
                "_t": "13:27:28",
                "_end": "-",
                "data": {
                    "time": 12.7758513198841,
                    "endTime": 13.384564,
                    "type": "pill",
                    "id": 1
                }
            },
            {
                "time": "2018-02-05T20:27:29.489Z",
                "type": "SELECT",
                "source": "data:click",
                "_t": "13:27:29",
                "_end": "-",
                "data": {
                    "time": 12.7758513198841,
                    "endTime": 21.92700245203661,
                    "type": "pill",
                    "id": 1
                }
            },
            {
                "time": "2018-02-05T20:27:29.698Z",
                "type": "DESELECT",
                "source": "data:click",
                "_t": "13:27:29",
                "_end": "-",
                "data": {
                    "time": 12.7758513198841,
                    "endTime": 13.384564,
                    "type": "pill",
                    "id": 1
                }
            },
            {
                "time": "2018-02-05T20:27:30.504Z",
                "type": "SELECT",
                "source": "data:click",
                "_t": "13:27:30",
                "_end": "-",
                "data": {
                    "time": 12.7758513198841,
                    "endTime": 21.92700245203661,
                    "type": "pill",
                    "id": 1
                }
            },
            {
                "time": {
                    "start": "2018-02-05T20:27:30.975Z",
                    "end": "2018-02-05T20:27:34.615Z"
                },
                "type": "RESIZE",
                "source": "data:brush",
                "_t": "13:27:30",
                "_end": "13:27:34",
                "data": {
                    "brushing": true,
                    "origin": [
                        12.7758513198841,
                        13.384564
                    ],
                    "_brushside": 1,
                    "start": "2018-02-05T20:27:30.975Z",
                    "ε": 0.1,
                    "mode": "resize"
                }
            },
            {
                "time": "2018-02-05T20:27:54.463Z",
                "type": "START",
                "source": "side-bar:button",
                "_t": "13:27:54",
                "_end": "-",
                "data": {
                    "type": "move",
                    "time": 60.251246
                }
            },
            {
                "time": "2018-02-05T20:27:59.299Z",
                "type": "END",
                "source": "data:click:h_pos",
                "_t": "13:27:59",
                "_end": "-",
                "data": {
                    "lbl": {
                        "time": 60.251246,
                        "endTime": 64.68615266940544,
                        "type": "move",
                        "id": 2
                    }
                }
            },
            {
                "time": "2018-02-05T20:28:05.807Z",
                "type": "START",
                "source": "side-bar:button",
                "_t": "13:28:05",
                "_end": "-",
                "data": {
                    "type": "move",
                    "time": 113.684964
                }
            },
            {
                "time": "2018-02-05T20:28:09.339Z",
                "type": "END",
                "source": "data:click:h_pos",
                "_t": "13:28:09",
                "_end": "-",
                "data": {
                    "lbl": {
                        "time": 113.684964,
                        "endTime": 119.6442099859946,
                        "type": "move",
                        "id": 3
                    }
                }
            },
            {
                "time": "2018-02-05T20:28:20.336Z",
                "type": "START",
                "source": "side-bar:button",
                "_t": "13:28:20",
                "_end": "-",
                "data": {
                    "type": "pill",
                    "time": 171.006259
                }
            },
            {
                "time": "2018-02-05T20:28:22.555Z",
                "type": "END",
                "source": "data:click:h_pos",
                "_t": "13:28:22",
                "_end": "-",
                "data": {
                    "lbl": {
                        "time": 171.006259,
                        "endTime": 177.3644931292629,
                        "type": "pill",
                        "id": 4
                    }
                }
            },
            {
                "time": "2018-02-05T20:28:36.399Z",
                "type": "START",
                "source": "side-bar:button",
                "_t": "13:28:36",
                "_end": "-",
                "data": {
                    "type": "pill",
                    "time": 316.422087
                }
            },
            {
                "time": "2018-02-05T20:28:39.858Z",
                "type": "END",
                "source": "data:click:h_pos",
                "_t": "13:28:39",
                "_end": "-",
                "data": {
                    "lbl": {
                        "time": 316.422087,
                        "endTime": 324.0182074199158,
                        "type": "pill",
                        "id": 5
                    }
                }
            },
            {
                "time": "2018-02-05T20:28:52.426Z",
                "type": "SELECT",
                "source": "data:click",
                "_t": "13:28:52",
                "_end": "-",
                "data": {
                    "time": 171.006259,
                    "endTime": 177.3644931292629,
                    "type": "pill",
                    "id": 4
                }
            },
            {
                "time": "2018-02-05T20:28:52.632Z",
                "type": "DESELECT",
                "source": "data:click",
                "_t": "13:28:52",
                "_end": "-",
                "data": {
                    "time": 171.006259,
                    "endTime": 177.3644931292629,
                    "type": "pill",
                    "id": 4
                }
            },
            {
                "time": "2018-02-05T20:28:53.697Z",
                "type": "SELECT",
                "source": "data:click",
                "_t": "13:28:53",
                "_end": "-",
                "data": {
                    "time": 171.006259,
                    "endTime": 177.3644931292629,
                    "type": "pill",
                    "id": 4
                }
            },
            {
                "time": "2018-02-05T20:28:53.879Z",
                "type": "DESELECT",
                "source": "data:click",
                "_t": "13:28:53",
                "_end": "-",
                "data": {
                    "time": 171.006259,
                    "endTime": 177.3644931292629,
                    "type": "pill",
                    "id": 4
                }
            },
            {
                "time": "2018-02-05T20:28:54.321Z",
                "type": "SELECT",
                "source": "data:click",
                "_t": "13:28:54",
                "_end": "-",
                "data": {
                    "time": 171.006259,
                    "endTime": 177.3644931292629,
                    "type": "pill",
                    "id": 4
                }
            },
            {
                "time": "2018-02-05T20:28:55.895Z",
                "type": "DELETE",
                "source": "side-bar:button",
                "_t": "13:28:55",
                "_end": "-",
                "data": {
                    "id": 4,
                    "idx": 3
                }
            },
            {
                "time": "2018-02-05T20:28:58.223Z",
                "type": "START",
                "source": "side-bar:button",
                "_t": "13:28:58",
                "_end": "-",
                "data": {
                    "type": "move",
                    "time": 171.865609
                }
            },
            {
                "time": "2018-02-05T20:29:00.302Z",
                "type": "END",
                "source": "data:click:h_pos",
                "_t": "13:29:00",
                "_end": "-",
                "data": {
                    "lbl": {
                        "time": 171.02159562000935,
                        "endTime": 177.34913835366194,
                        "type": "move",
                        "id": 6
                    }
                }
            },
            {
                "time": "2018-02-05T20:29:01.545Z",
                "type": "SELECT",
                "source": "data:click",
                "_t": "13:29:01",
                "_end": "-",
                "data": {
                    "time": 171.02159562000935,
                    "endTime": 177.34913835366194,
                    "type": "move",
                    "id": 6
                }
            },
            {
                "time": "2018-02-05T20:29:01.736Z",
                "type": "DESELECT",
                "source": "data:click",
                "_t": "13:29:01",
                "_end": "-",
                "data": {
                    "time": 170.9909042243733,
                    "endTime": 171.865609,
                    "type": "move",
                    "id": 6
                }
            },
            {
                "time": "2018-02-05T20:29:02.763Z",
                "type": "SELECT",
                "source": "data:click",
                "_t": "13:29:02",
                "_end": "-",
                "data": {
                    "time": 171.02159562000935,
                    "endTime": 177.34913835366194,
                    "type": "move",
                    "id": 6
                }
            },
            {
                "time": "2018-02-05T20:29:02.961Z",
                "type": "DESELECT",
                "source": "data:click",
                "_t": "13:29:02",
                "_end": "-",
                "data": {
                    "time": 170.9909042243733,
                    "endTime": 171.865609,
                    "type": "move",
                    "id": 6
                }
            },
            {
                "time": "2018-02-05T20:29:04.618Z",
                "type": "SELECT",
                "source": "data:click",
                "_t": "13:29:04",
                "_end": "-",
                "data": {
                    "time": 171.02159562000935,
                    "endTime": 177.34913835366194,
                    "type": "move",
                    "id": 6
                }
            },
            {
                "time": {
                    "start": "2018-02-05T20:29:06.240Z",
                    "end": "2018-02-05T20:29:07.895Z"
                },
                "type": "RESIZE",
                "source": "data:brush",
                "_t": "13:29:06",
                "_end": "13:29:07",
                "data": {
                    "brushing": true,
                    "origin": [
                        170.9909042243733,
                        171.865609
                    ],
                    "_brushside": 1,
                    "start": "2018-02-05T20:29:06.240Z",
                    "ε": 0.1,
                    "mode": "resize"
                }
            },
            {
                "time": {
                    "start": "2018-02-05T20:29:09.984Z",
                    "end": "2018-02-05T20:29:11.328Z"
                },
                "type": "RESIZE",
                "source": "data:brush",
                "_t": "13:29:09",
                "_end": "13:29:11",
                "data": {
                    "brushing": true,
                    "origin": [
                        170.9909042243733,
                        177.34913835366194
                    ],
                    "_brushside": 0,
                    "start": "2018-02-05T20:29:09.984Z",
                    "ε": 0.1,
                    "mode": "resize"
                }
            },
            {
                "time": "2018-02-05T20:29:34.512Z",
                "type": "START",
                "source": "side-bar:button",
                "_t": "13:29:34",
                "_end": "-",
                "data": {
                    "type": "move",
                    "time": 423.304858
                }
            },
            {
                "time": "2018-02-05T20:29:36.380Z",
                "type": "END",
                "source": "data:click:h_pos",
                "_t": "13:29:36",
                "_end": "-",
                "data": {
                    "lbl": {
                        "time": 423.304858,
                        "endTime": 426.2768081440883,
                        "type": "move",
                        "id": 7
                    }
                }
            },
            {
                "time": "2018-02-05T20:29:45.424Z",
                "type": "START",
                "source": "side-bar:button",
                "_t": "13:29:45",
                "_end": "-",
                "data": {
                    "type": "move",
                    "time": 491.010075
                }
            },
            {
                "time": "2018-02-05T20:29:48.796Z",
                "type": "END",
                "source": "data:click:h_pos",
                "_t": "13:29:48",
                "_end": "-",
                "data": {
                    "lbl": {
                        "time": 491.010075,
                        "endTime": 498.27882053313164,
                        "type": "move",
                        "id": 8
                    }
                }
            },
            {
                "time": "2018-02-05T20:29:57.683Z",
                "type": "START",
                "source": "side-bar:button",
                "_t": "13:29:57",
                "_end": "-",
                "data": {
                    "type": "pill",
                    "time": 562.101577
                }
            },
            {
                "time": "2018-02-05T20:30:00.786Z",
                "type": "END",
                "source": "data:click:h_pos",
                "_t": "13:30:00",
                "_end": "-",
                "data": {
                    "lbl": {
                        "time": 562.101577,
                        "endTime": 568.9201820638033,
                        "type": "pill",
                        "id": 9
                    }
                }
            }
        ],
        "navigationEvents": [
            {
                "time": "2018-02-05T20:27:18.857Z",
                "type": "PAUSE",
                "source": "video:button",
                "_t": "13:27:18",
                "_end": "-"
            },
            {
                "time": {
                    "start": "2018-02-05T20:26:54.915Z",
                    "end": "2018-02-05T20:27:25.931Z"
                },
                "type": "SCRUB",
                "source": "data:drag",
                "_t": "13:26:54",
                "_end": "13:27:25",
                "data": {
                    "time": 13.384564
                }
            },
            {
                "time": {
                    "start": "2018-02-05T20:26:54.915Z",
                    "end": "2018-02-05T20:27:27.970Z"
                },
                "type": "SCRUB",
                "source": "data:drag",
                "_t": "13:26:54",
                "_end": "13:27:27",
                "data": {
                    "time": 12.750275
                }
            },
            {
                "time": {
                    "start": "2018-02-05T20:26:54.915Z",
                    "end": "2018-02-05T20:27:28.430Z"
                },
                "type": "SCRUB",
                "source": "data:drag",
                "_t": "13:26:54",
                "_end": "13:27:28",
                "data": {
                    "time": 12.750275
                }
            },
            {
                "time": {
                    "start": "2018-02-05T20:26:54.915Z",
                    "end": "2018-02-05T20:27:28.631Z"
                },
                "type": "SCRUB",
                "source": "data:drag",
                "_t": "13:26:54",
                "_end": "13:27:28",
                "data": {
                    "time": 12.750275
                }
            },
            {
                "time": "2018-02-05T20:27:28.635Z",
                "type": "JUMP",
                "source": "data:dblclick:h_pos",
                "_t": "13:27:28",
                "_end": "-",
                "data": {
                    "from": 12.750275,
                    "to": 13.338526749691145
                }
            },
            {
                "time": {
                    "start": "2018-02-05T20:26:54.915Z",
                    "end": "2018-02-05T20:27:29.487Z"
                },
                "type": "SCRUB",
                "source": "data:drag",
                "_t": "13:26:54",
                "_end": "13:27:29",
                "data": {
                    "time": 13.338526
                }
            },
            {
                "time": {
                    "start": "2018-02-05T20:26:54.915Z",
                    "end": "2018-02-05T20:27:29.697Z"
                },
                "type": "SCRUB",
                "source": "data:drag",
                "_t": "13:26:54",
                "_end": "13:27:29",
                "data": {
                    "time": 13.338526
                }
            },
            {
                "time": "2018-02-05T20:27:29.702Z",
                "type": "JUMP",
                "source": "data:dblclick:h_pos",
                "_t": "13:27:29",
                "_end": "-",
                "data": {
                    "from": 13.338526,
                    "to": 13.139031928365611
                }
            },
            {
                "time": {
                    "start": "2018-02-05T20:26:54.915Z",
                    "end": "2018-02-05T20:27:30.502Z"
                },
                "type": "SCRUB",
                "source": "data:drag",
                "_t": "13:26:54",
                "_end": "13:27:30",
                "data": {
                    "time": 13.139031
                }
            },
            {
                "time": {
                    "start": "2018-02-05T20:26:54.915Z",
                    "end": "2018-02-05T20:27:34.623Z"
                },
                "type": "SCRUB",
                "source": "data:drag",
                "_t": "13:26:54",
                "_end": "13:27:34",
                "data": {
                    "time": 13.139031
                }
            },
            {
                "time": "2018-02-05T20:27:36.854Z",
                "type": "PLAY",
                "source": "video:button",
                "_t": "13:27:36",
                "_end": "-"
            },
            {
                "time": {
                    "start": "2018-02-05T20:26:54.915Z",
                    "end": "2018-02-05T20:27:44.082Z"
                },
                "type": "SCRUB",
                "source": "data:drag",
                "_t": "13:26:54",
                "_end": "13:27:44",
                "data": {
                    "time": 31.096448
                }
            },
            {
                "time": {
                    "start": "2018-02-05T20:26:54.915Z",
                    "end": "2018-02-05T20:27:45.383Z"
                },
                "type": "SCRUB",
                "source": "data:drag",
                "_t": "13:26:54",
                "_end": "13:27:45",
                "data": {
                    "time": 53.518481
                }
            },
            {
                "time": {
                    "start": "2018-02-05T20:26:54.915Z",
                    "end": "2018-02-05T20:27:48.536Z"
                },
                "type": "SCRUB",
                "source": "data:drag",
                "_t": "13:26:54",
                "_end": "13:27:48",
                "data": {
                    "time": 60.420954
                }
            },
            {
                "time": "2018-02-05T20:27:50.151Z",
                "type": "PAUSE",
                "source": "video:button",
                "_t": "13:27:50",
                "_end": "-"
            },
            {
                "time": {
                    "start": "2018-02-05T20:26:54.915Z",
                    "end": "2018-02-05T20:27:52.656Z"
                },
                "type": "SCRUB",
                "source": "data:drag",
                "_t": "13:26:54",
                "_end": "13:27:52",
                "data": {
                    "time": 60.251246
                }
            },
            {
                "time": {
                    "start": "2018-02-05T20:26:54.915Z",
                    "end": "2018-02-05T20:27:59.299Z"
                },
                "type": "SCRUB",
                "source": "data:drag",
                "_t": "13:26:54",
                "_end": "13:27:59",
                "data": {
                    "time": 60.251246
                }
            },
            {
                "time": {
                    "start": "2018-02-05T20:26:54.915Z",
                    "end": "2018-02-05T20:28:01.176Z"
                },
                "type": "SCRUB",
                "source": "data:drag",
                "_t": "13:26:54",
                "_end": "13:28:01",
                "data": {
                    "time": 75.627635
                }
            },
            {
                "time": {
                    "start": "2018-02-05T20:26:54.915Z",
                    "end": "2018-02-05T20:28:02.379Z"
                },
                "type": "SCRUB",
                "source": "data:drag",
                "_t": "13:26:54",
                "_end": "13:28:02",
                "data": {
                    "time": 93.57187
                }
            },
            {
                "time": {
                    "start": "2018-02-05T20:26:54.915Z",
                    "end": "2018-02-05T20:28:03.606Z"
                },
                "type": "SCRUB",
                "source": "data:drag",
                "_t": "13:26:54",
                "_end": "13:28:03",
                "data": {
                    "time": 113.684964
                }
            },
            {
                "time": {
                    "start": "2018-02-05T20:26:54.915Z",
                    "end": "2018-02-05T20:28:09.337Z"
                },
                "type": "SCRUB",
                "source": "data:drag",
                "_t": "13:26:54",
                "_end": "13:28:09",
                "data": {
                    "time": 113.684964
                }
            },
            {
                "time": {
                    "start": "2018-02-05T20:26:54.915Z",
                    "end": "2018-02-05T20:28:10.992Z"
                },
                "type": "SCRUB",
                "source": "data:drag",
                "_t": "13:26:54",
                "_end": "13:28:10",
                "data": {
                    "time": 125.25562
                }
            },
            {
                "time": {
                    "start": "2018-02-05T20:26:54.915Z",
                    "end": "2018-02-05T20:28:12.043Z"
                },
                "type": "SCRUB",
                "source": "data:drag",
                "_t": "13:26:54",
                "_end": "13:28:12",
                "data": {
                    "time": 146.268995
                }
            },
            {
                "time": {
                    "start": "2018-02-05T20:26:54.915Z",
                    "end": "2018-02-05T20:28:13.198Z"
                },
                "type": "SCRUB",
                "source": "data:drag",
                "_t": "13:26:54",
                "_end": "13:28:13",
                "data": {
                    "time": 168.929475
                }
            },
            {
                "time": {
                    "start": "2018-02-05T20:26:54.915Z",
                    "end": "2018-02-05T20:28:18.638Z"
                },
                "type": "SCRUB",
                "source": "data:drag",
                "_t": "13:26:54",
                "_end": "13:28:18",
                "data": {
                    "time": 171.006259
                }
            },
            {
                "time": {
                    "start": "2018-02-05T20:26:54.915Z",
                    "end": "2018-02-05T20:28:22.554Z"
                },
                "type": "SCRUB",
                "source": "data:drag",
                "_t": "13:26:54",
                "_end": "13:28:22",
                "data": {
                    "time": 171.006259
                }
            },
            {
                "time": {
                    "start": "2018-02-05T20:26:54.915Z",
                    "end": "2018-02-05T20:28:24.336Z"
                },
                "type": "SCRUB",
                "source": "data:drag",
                "_t": "13:26:54",
                "_end": "13:28:24",
                "data": {
                    "time": 189.06303
                }
            },
            {
                "time": {
                    "start": "2018-02-05T20:26:54.915Z",
                    "end": "2018-02-05T20:28:25.355Z"
                },
                "type": "SCRUB",
                "source": "data:drag",
                "_t": "13:26:54",
                "_end": "13:28:25",
                "data": {
                    "time": 208.64414
                }
            },
            {
                "time": {
                    "start": "2018-02-05T20:26:54.915Z",
                    "end": "2018-02-05T20:28:26.334Z"
                },
                "type": "SCRUB",
                "source": "data:drag",
                "_t": "13:26:54",
                "_end": "13:28:26",
                "data": {
                    "time": 229.064148
                }
            },
            {
                "time": {
                    "start": "2018-02-05T20:26:54.915Z",
                    "end": "2018-02-05T20:28:27.283Z"
                },
                "type": "SCRUB",
                "source": "data:drag",
                "_t": "13:26:54",
                "_end": "13:28:27",
                "data": {
                    "time": 251.622323
                }
            },
            {
                "time": {
                    "start": "2018-02-05T20:26:54.915Z",
                    "end": "2018-02-05T20:28:28.254Z"
                },
                "type": "SCRUB",
                "source": "data:drag",
                "_t": "13:26:54",
                "_end": "13:28:28",
                "data": {
                    "time": 274.507873
                }
            },
            {
                "time": {
                    "start": "2018-02-05T20:26:54.915Z",
                    "end": "2018-02-05T20:28:29.328Z"
                },
                "type": "SCRUB",
                "source": "data:drag",
                "_t": "13:26:54",
                "_end": "13:28:29",
                "data": {
                    "time": 294.140135
                }
            },
            {
                "time": {
                    "start": "2018-02-05T20:26:54.915Z",
                    "end": "2018-02-05T20:28:30.638Z"
                },
                "type": "SCRUB",
                "source": "data:drag",
                "_t": "13:26:54",
                "_end": "13:28:30",
                "data": {
                    "time": 310.662336
                }
            },
            {
                "time": {
                    "start": "2018-02-05T20:26:54.915Z",
                    "end": "2018-02-05T20:28:34.727Z"
                },
                "type": "SCRUB",
                "source": "data:drag",
                "_t": "13:26:54",
                "_end": "13:28:34",
                "data": {
                    "time": 316.422087
                }
            },
            {
                "time": {
                    "start": "2018-02-05T20:26:54.915Z",
                    "end": "2018-02-05T20:28:39.856Z"
                },
                "type": "SCRUB",
                "source": "data:drag",
                "_t": "13:26:54",
                "_end": "13:28:39",
                "data": {
                    "time": 316.422087
                }
            },
            {
                "time": {
                    "start": "2018-02-05T20:26:54.915Z",
                    "end": "2018-02-05T20:28:40.984Z"
                },
                "type": "SCRUB",
                "source": "data:drag",
                "_t": "13:26:54",
                "_end": "13:28:40",
                "data": {
                    "time": 298.160706
                }
            },
            {
                "time": {
                    "start": "2018-02-05T20:26:54.915Z",
                    "end": "2018-02-05T20:28:41.846Z"
                },
                "type": "SCRUB",
                "source": "data:drag",
                "_t": "13:26:54",
                "_end": "13:28:41",
                "data": {
                    "time": 279.234345
                }
            },
            {
                "time": {
                    "start": "2018-02-05T20:26:54.915Z",
                    "end": "2018-02-05T20:28:42.651Z"
                },
                "type": "SCRUB",
                "source": "data:drag",
                "_t": "13:26:54",
                "_end": "13:28:42",
                "data": {
                    "time": 261.09573
                }
            },
            {
                "time": {
                    "start": "2018-02-05T20:26:54.915Z",
                    "end": "2018-02-05T20:28:43.393Z"
                },
                "type": "SCRUB",
                "source": "data:drag",
                "_t": "13:26:54",
                "_end": "13:28:43",
                "data": {
                    "time": 243.335642
                }
            },
            {
                "time": {
                    "start": "2018-02-05T20:26:54.915Z",
                    "end": "2018-02-05T20:28:44.166Z"
                },
                "type": "SCRUB",
                "source": "data:drag",
                "_t": "13:26:54",
                "_end": "13:28:44",
                "data": {
                    "time": 225.565323
                }
            },
            {
                "time": {
                    "start": "2018-02-05T20:26:54.915Z",
                    "end": "2018-02-05T20:28:44.937Z"
                },
                "type": "SCRUB",
                "source": "data:drag",
                "_t": "13:26:54",
                "_end": "13:28:44",
                "data": {
                    "time": 208.030305
                }
            },
            {
                "time": {
                    "start": "2018-02-05T20:26:54.915Z",
                    "end": "2018-02-05T20:28:45.811Z"
                },
                "type": "SCRUB",
                "source": "data:drag",
                "_t": "13:26:54",
                "_end": "13:28:45",
                "data": {
                    "time": 189.01187
                }
            },
            {
                "time": {
                    "start": "2018-02-05T20:26:54.915Z",
                    "end": "2018-02-05T20:28:46.694Z"
                },
                "type": "SCRUB",
                "source": "data:drag",
                "_t": "13:26:54",
                "_end": "13:28:46",
                "data": {
                    "time": 173.973086
                }
            },
            {
                "time": {
                    "start": "2018-02-05T20:26:54.915Z",
                    "end": "2018-02-05T20:28:51.880Z"
                },
                "type": "SCRUB",
                "source": "data:drag",
                "_t": "13:26:54",
                "_end": "13:28:51",
                "data": {
                    "time": 173.973086
                }
            },
            {
                "time": {
                    "start": "2018-02-05T20:26:54.915Z",
                    "end": "2018-02-05T20:28:52.423Z"
                },
                "type": "SCRUB",
                "source": "data:drag",
                "_t": "13:26:54",
                "_end": "13:28:52",
                "data": {
                    "time": 173.973086
                }
            },
            {
                "time": {
                    "start": "2018-02-05T20:26:54.915Z",
                    "end": "2018-02-05T20:28:52.632Z"
                },
                "type": "SCRUB",
                "source": "data:drag",
                "_t": "13:26:54",
                "_end": "13:28:52",
                "data": {
                    "time": 173.973086
                }
            },
            {
                "time": "2018-02-05T20:28:52.633Z",
                "type": "JUMP",
                "source": "data:dblclick:h_pos",
                "_t": "13:28:52",
                "_end": "-",
                "data": {
                    "from": 173.973086,
                    "to": 172.2901744726247
                }
            },
            {
                "time": {
                    "start": "2018-02-05T20:26:54.915Z",
                    "end": "2018-02-05T20:28:53.695Z"
                },
                "type": "SCRUB",
                "source": "data:drag",
                "_t": "13:26:54",
                "_end": "13:28:53",
                "data": {
                    "time": 172.290174
                }
            },
            {
                "time": {
                    "start": "2018-02-05T20:26:54.915Z",
                    "end": "2018-02-05T20:28:53.879Z"
                },
                "type": "SCRUB",
                "source": "data:drag",
                "_t": "13:26:54",
                "_end": "13:28:53",
                "data": {
                    "time": 172.290174
                }
            },
            {
                "time": "2018-02-05T20:28:53.882Z",
                "type": "JUMP",
                "source": "data:dblclick:h_pos",
                "_t": "13:28:53",
                "_end": "-",
                "data": {
                    "from": 172.290174,
                    "to": 171.86560969370169
                }
            },
            {
                "time": {
                    "start": "2018-02-05T20:26:54.915Z",
                    "end": "2018-02-05T20:28:54.319Z"
                },
                "type": "SCRUB",
                "source": "data:drag",
                "_t": "13:26:54",
                "_end": "13:28:54",
                "data": {
                    "time": 171.865609
                }
            },
            {
                "time": {
                    "start": "2018-02-05T20:26:54.915Z",
                    "end": "2018-02-05T20:29:00.300Z"
                },
                "type": "SCRUB",
                "source": "data:drag",
                "_t": "13:26:54",
                "_end": "13:29:00",
                "data": {
                    "time": 171.865609
                }
            },
            {
                "time": {
                    "start": "2018-02-05T20:26:54.915Z",
                    "end": "2018-02-05T20:29:01.543Z"
                },
                "type": "SCRUB",
                "source": "data:drag",
                "_t": "13:26:54",
                "_end": "13:29:01",
                "data": {
                    "time": 171.865609
                }
            },
            {
                "time": {
                    "start": "2018-02-05T20:26:54.915Z",
                    "end": "2018-02-05T20:29:01.735Z"
                },
                "type": "SCRUB",
                "source": "data:drag",
                "_t": "13:26:54",
                "_end": "13:29:01",
                "data": {
                    "time": 171.865609
                }
            },
            {
                "time": "2018-02-05T20:29:01.741Z",
                "type": "JUMP",
                "source": "data:dblclick:h_pos",
                "_t": "13:29:01",
                "_end": "-",
                "data": {
                    "from": 171.865609,
                    "to": 171.66611492836586
                }
            },
            {
                "time": {
                    "start": "2018-02-05T20:26:54.915Z",
                    "end": "2018-02-05T20:29:02.759Z"
                },
                "type": "SCRUB",
                "source": "data:drag",
                "_t": "13:26:54",
                "_end": "13:29:02",
                "data": {
                    "time": 171.666114
                }
            },
            {
                "time": {
                    "start": "2018-02-05T20:26:54.915Z",
                    "end": "2018-02-05T20:29:02.959Z"
                },
                "type": "SCRUB",
                "source": "data:drag",
                "_t": "13:26:54",
                "_end": "13:29:02",
                "data": {
                    "time": 171.666114
                }
            },
            {
                "time": {
                    "start": "2018-02-05T20:26:54.915Z",
                    "end": "2018-02-05T20:29:04.006Z"
                },
                "type": "SCRUB",
                "source": "data:drag",
                "_t": "13:26:54",
                "_end": "13:29:04",
                "data": {
                    "time": 171.676344
                }
            },
            {
                "time": {
                    "start": "2018-02-05T20:26:54.915Z",
                    "end": "2018-02-05T20:29:04.615Z"
                },
                "type": "SCRUB",
                "source": "data:drag",
                "_t": "13:26:54",
                "_end": "13:29:04",
                "data": {
                    "time": 171.676344
                }
            },
            {
                "time": {
                    "start": "2018-02-05T20:26:54.915Z",
                    "end": "2018-02-05T20:29:07.904Z"
                },
                "type": "SCRUB",
                "source": "data:drag",
                "_t": "13:26:54",
                "_end": "13:29:07",
                "data": {
                    "time": 171.676344
                }
            },
            {
                "time": {
                    "start": "2018-02-05T20:26:54.915Z",
                    "end": "2018-02-05T20:29:11.336Z"
                },
                "type": "SCRUB",
                "source": "data:drag",
                "_t": "13:26:54",
                "_end": "13:29:11",
                "data": {
                    "time": 171.676344
                }
            },
            {
                "time": {
                    "start": "2018-02-05T20:26:54.915Z",
                    "end": "2018-02-05T20:29:12.826Z"
                },
                "type": "SCRUB",
                "source": "data:drag",
                "_t": "13:26:54",
                "_end": "13:29:12",
                "data": {
                    "time": 171.666113
                }
            },
            {
                "time": {
                    "start": "2018-02-05T20:26:54.915Z",
                    "end": "2018-02-05T20:29:13.702Z"
                },
                "type": "SCRUB",
                "source": "data:drag",
                "_t": "13:26:54",
                "_end": "13:29:13",
                "data": {
                    "time": 191.656442
                }
            },
            {
                "time": {
                    "start": "2018-02-05T20:26:54.915Z",
                    "end": "2018-02-05T20:29:14.438Z"
                },
                "type": "SCRUB",
                "source": "data:drag",
                "_t": "13:26:54",
                "_end": "13:29:14",
                "data": {
                    "time": 210.490728
                }
            },
            {
                "time": {
                    "start": "2018-02-05T20:26:54.915Z",
                    "end": "2018-02-05T20:29:15.186Z"
                },
                "type": "SCRUB",
                "source": "data:drag",
                "_t": "13:26:54",
                "_end": "13:29:15",
                "data": {
                    "time": 230.419674
                }
            },
            {
                "time": {
                    "start": "2018-02-05T20:26:54.915Z",
                    "end": "2018-02-05T20:29:16.469Z"
                },
                "type": "SCRUB",
                "source": "data:drag",
                "_t": "13:26:54",
                "_end": "13:29:16",
                "data": {
                    "time": 247.586394
                }
            },
            {
                "time": {
                    "start": "2018-02-05T20:26:54.915Z",
                    "end": "2018-02-05T20:29:17.329Z"
                },
                "type": "SCRUB",
                "source": "data:drag",
                "_t": "13:26:54",
                "_end": "13:29:17",
                "data": {
                    "time": 265.970539
                }
            },
            {
                "time": {
                    "start": "2018-02-05T20:26:54.915Z",
                    "end": "2018-02-05T20:29:18.355Z"
                },
                "type": "SCRUB",
                "source": "data:drag",
                "_t": "13:26:54",
                "_end": "13:29:18",
                "data": {
                    "time": 287.659124
                }
            },
            {
                "time": {
                    "start": "2018-02-05T20:26:54.915Z",
                    "end": "2018-02-05T20:29:19.325Z"
                },
                "type": "SCRUB",
                "source": "data:drag",
                "_t": "13:26:54",
                "_end": "13:29:19",
                "data": {
                    "time": 307.14816
                }
            },
            {
                "time": {
                    "start": "2018-02-05T20:26:54.915Z",
                    "end": "2018-02-05T20:29:20.964Z"
                },
                "type": "SCRUB",
                "source": "data:drag",
                "_t": "13:26:54",
                "_end": "13:29:20",
                "data": {
                    "time": 328.05923
                }
            },
            {
                "time": {
                    "start": "2018-02-05T20:26:54.915Z",
                    "end": "2018-02-05T20:29:22.575Z"
                },
                "type": "SCRUB",
                "source": "data:drag",
                "_t": "13:26:54",
                "_end": "13:29:22",
                "data": {
                    "time": 351.8246
                }
            },
            {
                "time": {
                    "start": "2018-02-05T20:26:54.915Z",
                    "end": "2018-02-05T20:29:24.006Z"
                },
                "type": "SCRUB",
                "source": "data:drag",
                "_t": "13:26:54",
                "_end": "13:29:24",
                "data": {
                    "time": 376.203798
                }
            },
            {
                "time": {
                    "start": "2018-02-05T20:26:54.915Z",
                    "end": "2018-02-05T20:29:26.640Z"
                },
                "type": "SCRUB",
                "source": "data:drag",
                "_t": "13:26:54",
                "_end": "13:29:26",
                "data": {
                    "time": 390.3423
                }
            },
            {
                "time": {
                    "start": "2018-02-05T20:26:54.915Z",
                    "end": "2018-02-05T20:29:28.210Z"
                },
                "type": "SCRUB",
                "source": "data:drag",
                "_t": "13:26:54",
                "_end": "13:29:28",
                "data": {
                    "time": 409.92341
                }
            },
            {
                "time": {
                    "start": "2018-02-05T20:26:54.915Z",
                    "end": "2018-02-05T20:29:32.681Z"
                },
                "type": "SCRUB",
                "source": "data:drag",
                "_t": "13:26:54",
                "_end": "13:29:32",
                "data": {
                    "time": 423.304858
                }
            },
            {
                "time": {
                    "start": "2018-02-05T20:26:54.915Z",
                    "end": "2018-02-05T20:29:36.378Z"
                },
                "type": "SCRUB",
                "source": "data:drag",
                "_t": "13:26:54",
                "_end": "13:29:36",
                "data": {
                    "time": 423.304858
                }
            },
            {
                "time": {
                    "start": "2018-02-05T20:26:54.915Z",
                    "end": "2018-02-05T20:29:38.039Z"
                },
                "type": "SCRUB",
                "source": "data:drag",
                "_t": "13:26:54",
                "_end": "13:29:38",
                "data": {
                    "time": 444.952522
                }
            },
            {
                "time": {
                    "start": "2018-02-05T20:26:54.915Z",
                    "end": "2018-02-05T20:29:39.066Z"
                },
                "type": "SCRUB",
                "source": "data:drag",
                "_t": "13:26:54",
                "_end": "13:29:39",
                "data": {
                    "time": 466.753643
                }
            },
            {
                "time": {
                    "start": "2018-02-05T20:26:54.915Z",
                    "end": "2018-02-05T20:29:40.128Z"
                },
                "type": "SCRUB",
                "source": "data:drag",
                "_t": "13:26:54",
                "_end": "13:29:40",
                "data": {
                    "time": 489.680115
                }
            },
            {
                "time": {
                    "start": "2018-02-05T20:26:54.915Z",
                    "end": "2018-02-05T20:29:43.640Z"
                },
                "type": "SCRUB",
                "source": "data:drag",
                "_t": "13:26:54",
                "_end": "13:29:43",
                "data": {
                    "time": 491.010075
                }
            },
            {
                "time": {
                    "start": "2018-02-05T20:26:54.915Z",
                    "end": "2018-02-05T20:29:48.796Z"
                },
                "type": "SCRUB",
                "source": "data:drag",
                "_t": "13:26:54",
                "_end": "13:29:48",
                "data": {
                    "time": 491.010075
                }
            },
            {
                "time": {
                    "start": "2018-02-05T20:26:54.915Z",
                    "end": "2018-02-05T20:29:49.795Z"
                },
                "type": "SCRUB",
                "source": "data:drag",
                "_t": "13:26:54",
                "_end": "13:29:49",
                "data": {
                    "time": 513.619403
                }
            },
            {
                "time": {
                    "start": "2018-02-05T20:26:54.915Z",
                    "end": "2018-02-05T20:29:51.838Z"
                },
                "type": "SCRUB",
                "source": "data:drag",
                "_t": "13:26:54",
                "_end": "13:29:51",
                "data": {
                    "time": 532.995904
                }
            },
            {
                "time": {
                    "start": "2018-02-05T20:26:54.915Z",
                    "end": "2018-02-05T20:29:53.113Z"
                },
                "type": "SCRUB",
                "source": "data:drag",
                "_t": "13:26:54",
                "_end": "13:29:53",
                "data": {
                    "time": 552.730471
                }
            },
            {
                "time": {
                    "start": "2018-02-05T20:26:54.915Z",
                    "end": "2018-02-05T20:29:56.502Z"
                },
                "type": "SCRUB",
                "source": "data:drag",
                "_t": "13:26:54",
                "_end": "13:29:56",
                "data": {
                    "time": 562.101577
                }
            },
            {
                "time": {
                    "start": "2018-02-05T20:26:54.915Z",
                    "end": "2018-02-05T20:30:00.783Z"
                },
                "type": "SCRUB",
                "source": "data:drag",
                "_t": "13:26:54",
                "_end": "13:30:00",
                "data": {
                    "time": 562.101577
                }
            },
            {
                "time": {
                    "start": "2018-02-05T20:26:54.915Z",
                    "end": "2018-02-05T20:30:03.019Z"
                },
                "type": "SCRUB",
                "source": "data:drag",
                "_t": "13:26:54",
                "_end": "13:30:03",
                "data": {
                    "time": 579.186453
                }
            },
            {
                "time": {
                    "start": "2018-02-05T20:26:54.915Z",
                    "end": "2018-02-05T20:30:04.119Z"
                },
                "type": "SCRUB",
                "source": "data:drag",
                "_t": "13:26:54",
                "_end": "13:30:04",
                "data": {
                    "time": 600.885269
                }
            }
        ]
    }
}