[{"time":0.035909,"endTime":1.8,"type":"orange-on-ground","id":1},{"time":2.618,"endTime":3.42,"type":"orange-on-ground","id":2},{"time":1.8115902439024392,"endTime":2.618,"type":"orange-in-air","id":3},{"time":3.43682,"endTime":4.196,"type":"orange-in-air","id":4},{"time":4.196,"endTime":4.798,"type":"orange-on-ground","id":5},{"time":4.798,"endTime":5.646,"type":"orange-in-air","id":6},{"time":5.646,"endTime":6.166,"type":"orange-on-ground","id":7},{"time":6.199012,"endTime":6.914,"type":"orange-in-air","id":8},{"time":6.914,"endTime":7.436,"type":"orange-on-ground","id":9},{"time":7.436,"endTime":8.242,"type":"orange-in-air","id":10},{"time":8.242,"endTime":8.728,"type":"orange-on-ground","id":11},{"time":8.728,"endTime":9.568,"type":"orange-in-air","id":12},{"time":9.587281,"endTime":9.587281,"type":"orange-on-ground","id":14},{"time":9.610546,"endTime":10.052,"type":"orange-on-ground","id":15},{"time":10.052,"endTime":10.896,"type":"orange-in-air","id":16},{"time":10.896,"endTime":11.531968780487805,"type":"orange-on-ground","id":17},{"time":11.531968780487805,"endTime":11.531969,"type":"orange-in-air","id":18},{"time":11.548788292682929,"endTime":12.252,"type":"orange-in-air","id":19},{"time":12.252,"endTime":12.73351,"type":"orange-on-ground","id":20},{"time":12.73351,"endTime":13.57,"type":"orange-in-air","id":21},{"time":13.57,"endTime":13.972,"type":"orange-on-ground","id":22},{"time":13.972,"endTime":14.86,"type":"orange-in-air","id":23},{"time":14.86,"endTime":15.38,"type":"orange-on-ground","id":24},{"time":15.38,"endTime":16.306,"type":"orange-in-air","id":25},{"time":16.306,"endTime":16.868,"type":"orange-on-ground","id":26},{"time":16.868,"endTime":17.588,"type":"orange-in-air","id":27},{"time":17.588,"endTime":18.078,"type":"orange-on-ground","id":28},{"time":18.078,"endTime":18.958,"type":"orange-in-air","id":29},{"time":18.958,"endTime":19.398,"type":"orange-on-ground","id":30},{"time":19.398,"endTime":20.248,"type":"orange-in-air","id":31},{"time":20.248,"endTime":20.808,"type":"orange-on-ground","id":32},{"time":20.808,"endTime":21.69,"type":"orange-in-air","id":33},{"time":21.69,"endTime":22.096,"type":"orange-on-ground","id":34},{"time":22.096,"endTime":22.892,"type":"orange-in-air","id":35},{"time":22.892,"endTime":23.004,"type":"orange-on-ground","id":36}]