[{"time":0.00001,"endTime":1.836414,"type":"orange-on-ground","id":1},{"time":1.943485,"endTime":2.566661,"type":"orange-in-air","id":2},{"time":2.566661,"endTime":2.917915,"type":"orange-on-ground","id":3},{"time":3.5443491219512193,"endTime":4.365407999999982,"type":"orange-in-air","id":4},{"time":4.365407999999982,"endTime":5.012575,"type":"orange-on-ground","id":5},{"time":5.012575,"endTime":5.579431,"type":"orange-in-air","id":6},{"time":5.579431,"endTime":6.396896,"type":"orange-on-ground","id":7},{"time":6.396896,"endTime":6.931782,"type":"orange-in-air","id":8},{"time":6.931782,"endTime":7.642592,"type":"orange-on-ground","id":9},{"time":7.642592,"endTime":8.155445,"type":"orange-in-air","id":10},{"time":8.155445,"endTime":8.960116,"type":"orange-on-ground","id":11},{"time":8.960116,"endTime":9.527128,"type":"orange-in-air","id":12},{"time":9.527128,"endTime":10.233583,"type":"orange-on-ground","id":13},{"time":10.233583,"endTime":10.817298,"type":"orange-in-air","id":14},{"time":10.817298,"endTime":11.538061,"type":"orange-on-ground","id":15},{"time":11.538061,"endTime":12.104072,"type":"orange-in-air","id":16},{"time":12.104072,"endTime":12.972646,"type":"orange-on-ground","id":17},{"time":12.972646,"endTime":13.515158,"type":"orange-in-air","id":18},{"time":13.515158,"endTime":14.15906,"type":"orange-on-ground","id":19},{"time":14.15906,"endTime":14.861553,"type":"orange-in-air","id":20},{"time":14.861553,"endTime":15.572766,"type":"orange-on-ground","id":21},{"time":15.572766,"endTime":16.1871,"type":"orange-in-air","id":22},{"time":16.1871,"endTime":16.729394,"type":"orange-on-ground","id":23},{"time":16.729394,"endTime":17.490745,"type":"orange-in-air","id":24},{"time":17.490745,"endTime":18.271437,"type":"orange-on-ground","id":25},{"time":18.271437,"endTime":18.855643,"type":"orange-in-air","id":26},{"time":18.855643,"endTime":19.565783,"type":"orange-on-ground","id":27},{"time":19.565783,"endTime":20.208488,"type":"orange-in-air","id":28},{"time":20.208488,"endTime":20.977771,"type":"orange-on-ground","id":29},{"time":20.977771,"endTime":21.670086,"type":"orange-in-air","id":30},{"time":21.670086,"endTime":22.32691,"type":"orange-on-ground","id":31},{"time":22.32691,"endTime":22.889897,"type":"orange-in-air","id":32},{"time":22.889897,"endTime":22.987167804878048,"type":"orange-on-ground","id":33},{"time":2.917915,"endTime":3.543709731707313,"type":"orange-on-ground","id":34},{"time":1.836414,"endTime":1.943485,"type":"orange-in-air","id":35}]