{
    "user_id": "blue 4",
    "session_id": "5cf0390a81249f67dd06a9d7",
    "study": "studyE",
    "workspace": "gait.gait-yellow",
    "details": {
        "workspace": "gait.gait-yellow",
        "labels": [
            {
                "time": 0.00001,
                "endTime": 1.836414,
                "type": "orange-on-ground",
                "id": 1
            },
            {
                "time": 1.943485,
                "endTime": 2.566661,
                "type": "orange-in-air",
                "id": 2
            },
            {
                "time": 2.566661,
                "endTime": 2.917915,
                "type": "orange-on-ground",
                "id": 3
            },
            {
                "time": 3.5443491219512193,
                "endTime": 4.365407999999982,
                "type": "orange-in-air",
                "id": 4
            },
            {
                "time": 4.365407999999982,
                "endTime": 5.012575,
                "type": "orange-on-ground",
                "id": 5
            },
            {
                "time": 5.012575,
                "endTime": 5.579431,
                "type": "orange-in-air",
                "id": 6
            },
            {
                "time": 5.579431,
                "endTime": 6.396896,
                "type": "orange-on-ground",
                "id": 7
            },
            {
                "time": 6.396896,
                "endTime": 6.931782,
                "type": "orange-in-air",
                "id": 8
            },
            {
                "time": 6.931782,
                "endTime": 7.642592,
                "type": "orange-on-ground",
                "id": 9
            },
            {
                "time": 7.642592,
                "endTime": 8.155445,
                "type": "orange-in-air",
                "id": 10
            },
            {
                "time": 8.155445,
                "endTime": 8.960116,
                "type": "orange-on-ground",
                "id": 11
            },
            {
                "time": 8.960116,
                "endTime": 9.527128,
                "type": "orange-in-air",
                "id": 12
            },
            {
                "time": 9.527128,
                "endTime": 10.233583,
                "type": "orange-on-ground",
                "id": 13
            },
            {
                "time": 10.233583,
                "endTime": 10.817298,
                "type": "orange-in-air",
                "id": 14
            },
            {
                "time": 10.817298,
                "endTime": 11.538061,
                "type": "orange-on-ground",
                "id": 15
            },
            {
                "time": 11.538061,
                "endTime": 12.104072,
                "type": "orange-in-air",
                "id": 16
            },
            {
                "time": 12.104072,
                "endTime": 12.972646,
                "type": "orange-on-ground",
                "id": 17
            },
            {
                "time": 12.972646,
                "endTime": 13.515158,
                "type": "orange-in-air",
                "id": 18
            },
            {
                "time": 13.515158,
                "endTime": 14.15906,
                "type": "orange-on-ground",
                "id": 19
            },
            {
                "time": 14.15906,
                "endTime": 14.861553,
                "type": "orange-in-air",
                "id": 20
            },
            {
                "time": 14.861553,
                "endTime": 15.572766,
                "type": "orange-on-ground",
                "id": 21
            },
            {
                "time": 15.572766,
                "endTime": 16.1871,
                "type": "orange-in-air",
                "id": 22
            },
            {
                "time": 16.1871,
                "endTime": 16.729394,
                "type": "orange-on-ground",
                "id": 23
            },
            {
                "time": 16.729394,
                "endTime": 17.490745,
                "type": "orange-in-air",
                "id": 24
            },
            {
                "time": 17.490745,
                "endTime": 18.271437,
                "type": "orange-on-ground",
                "id": 25
            },
            {
                "time": 18.271437,
                "endTime": 18.855643,
                "type": "orange-in-air",
                "id": 26
            },
            {
                "time": 18.855643,
                "endTime": 19.565783,
                "type": "orange-on-ground",
                "id": 27
            },
            {
                "time": 19.565783,
                "endTime": 20.208488,
                "type": "orange-in-air",
                "id": 28
            },
            {
                "time": 20.208488,
                "endTime": 20.977771,
                "type": "orange-on-ground",
                "id": 29
            },
            {
                "time": 20.977771,
                "endTime": 21.670086,
                "type": "orange-in-air",
                "id": 30
            },
            {
                "time": 21.670086,
                "endTime": 22.32691,
                "type": "orange-on-ground",
                "id": 31
            },
            {
                "time": 22.32691,
                "endTime": 22.889897,
                "type": "orange-in-air",
                "id": 32
            },
            {
                "time": 22.889897,
                "endTime": 22.987167804878048,
                "type": "orange-on-ground",
                "id": 33
            },
            {
                "time": 2.917915,
                "endTime": 3.543709731707313,
                "type": "orange-on-ground",
                "id": 34
            },
            {
                "time": 1.836414,
                "endTime": 1.943485,
                "type": "orange-in-air",
                "id": 35
            }
        ],
        "_starts": [
            "2019-05-30T20:48:54.000Z"
        ],
        "_ends": [
            "2019-05-30T20:52:23.459Z"
        ]
    },
    "labels_file": "/home/ubuntu/vat/data/user-studies/studyE/gait-yellow/blue 4.labels.json",
    "videoFlash": 0.00001,
    "surveys": {
        "user-info": {
            "firstname": "Jo Yu",
            "lastname": "Wu",
            "email": "anita248846@gmail.com"
        },
        "practice-first": {
            "question1": "3",
            "question2": "okay",
            "question3": "10",
            "question4": "4"
        },
        "practice-second": {},
        "practice-third": {},
        "practice-survey": {},
        "drywall-blue": {
            "question1": "3",
            "question2": "3",
            "question3": "30",
            "question4": "40"
        },
        "drywall-red": {
            "question1": "1",
            "question2": "2",
            "question3": "30",
            "question4": "30"
        },
        "drywall-orange": {
            "question1": "3",
            "question2": "4",
            "question3": "50",
            "question4": "30"
        },
        "drywall-survey": {
            "question1": "5",
            "question2": "4",
            "question3": "5",
            "question4": "5"
        },
        "gait-blue": {
            "question1": "4",
            "question2": "4",
            "question3": "10",
            "question4": "20"
        },
        "gait-red": {
            "question1": "4",
            "question2": "4",
            "question3": "50",
            "question4": "40"
        }
    },
    "logs": {
        "labelEvents": [
            {
                "time": "2019-05-30T20:49:25.465Z",
                "type": "START",
                "source": "hotkey",
                "_t": "14:49:25",
                "_end": "-",
                "data": {
                    "type": "orange-on-ground",
                    "time": 0.00001
                }
            },
            {
                "time": "2019-05-30T20:49:29.174Z",
                "type": "START",
                "source": "hotkey",
                "_t": "14:49:29",
                "_end": "-",
                "data": {
                    "type": "orange-on-ground",
                    "time": 0.00001
                }
            },
            {
                "time": "2019-05-30T20:49:32.717Z",
                "type": "END",
                "source": "hotkey:ctb",
                "_t": "14:49:32",
                "_end": "-",
                "data": {
                    "lbl": {
                        "time": 0.00001,
                        "endTime": 1.836414,
                        "type": "orange-on-ground",
                        "id": 1
                    },
                    "key": "enter"
                }
            },
            {
                "time": "2019-05-30T20:49:32.887Z",
                "type": "START",
                "source": "hotkey",
                "_t": "14:49:32",
                "_end": "-",
                "data": {
                    "type": "orange-in-air",
                    "time": 1.943485
                }
            },
            {
                "time": "2019-05-30T20:49:33.799Z",
                "type": "START",
                "source": "hotkey",
                "_t": "14:49:33",
                "_end": "-",
                "data": {
                    "type": "orange-on-ground",
                    "time": 2.566661
                }
            },
            {
                "time": "2019-05-30T20:49:34.295Z",
                "type": "END",
                "source": "hotkey:ctb",
                "_t": "14:49:34",
                "_end": "-",
                "data": {
                    "lbl": {
                        "time": 2.566661,
                        "endTime": 2.917915,
                        "type": "orange-on-ground",
                        "id": 3
                    },
                    "key": "enter"
                }
            },
            {
                "time": "2019-05-30T20:49:35.274Z",
                "type": "START",
                "source": "hotkey",
                "_t": "14:49:35",
                "_end": "-",
                "data": {
                    "type": "orange-in-air",
                    "time": 3.658434
                }
            },
            {
                "time": "2019-05-30T20:49:36.340Z",
                "type": "START",
                "source": "hotkey",
                "_t": "14:49:36",
                "_end": "-",
                "data": {
                    "type": "orange-on-ground",
                    "time": 4.365408
                }
            },
            {
                "time": "2019-05-30T20:49:37.241Z",
                "type": "START",
                "source": "hotkey",
                "_t": "14:49:37",
                "_end": "-",
                "data": {
                    "type": "orange-in-air",
                    "time": 5.012575
                }
            },
            {
                "time": "2019-05-30T20:49:38.057Z",
                "type": "START",
                "source": "hotkey",
                "_t": "14:49:38",
                "_end": "-",
                "data": {
                    "type": "orange-on-ground",
                    "time": 5.579431
                }
            },
            {
                "time": "2019-05-30T20:49:39.192Z",
                "type": "START",
                "source": "hotkey",
                "_t": "14:49:39",
                "_end": "-",
                "data": {
                    "type": "orange-in-air",
                    "time": 6.396896
                }
            },
            {
                "time": "2019-05-30T20:49:40.022Z",
                "type": "START",
                "source": "hotkey",
                "_t": "14:49:40",
                "_end": "-",
                "data": {
                    "type": "orange-on-ground",
                    "time": 6.931782
                }
            },
            {
                "time": "2019-05-30T20:49:41.122Z",
                "type": "START",
                "source": "hotkey",
                "_t": "14:49:41",
                "_end": "-",
                "data": {
                    "type": "orange-in-air",
                    "time": 7.642592
                }
            },
            {
                "time": "2019-05-30T20:49:41.839Z",
                "type": "START",
                "source": "hotkey",
                "_t": "14:49:41",
                "_end": "-",
                "data": {
                    "type": "orange-on-ground",
                    "time": 8.155445
                }
            },
            {
                "time": "2019-05-30T20:49:42.917Z",
                "type": "START",
                "source": "hotkey",
                "_t": "14:49:42",
                "_end": "-",
                "data": {
                    "type": "orange-in-air",
                    "time": 8.960116
                }
            },
            {
                "time": "2019-05-30T20:49:43.753Z",
                "type": "START",
                "source": "hotkey",
                "_t": "14:49:43",
                "_end": "-",
                "data": {
                    "type": "orange-on-ground",
                    "time": 9.527128
                }
            },
            {
                "time": "2019-05-30T20:49:44.823Z",
                "type": "START",
                "source": "hotkey",
                "_t": "14:49:44",
                "_end": "-",
                "data": {
                    "type": "orange-in-air",
                    "time": 10.233583
                }
            },
            {
                "time": "2019-05-30T20:49:45.575Z",
                "type": "START",
                "source": "hotkey",
                "_t": "14:49:45",
                "_end": "-",
                "data": {
                    "type": "orange-on-ground",
                    "time": 10.817298
                }
            },
            {
                "time": "2019-05-30T20:49:46.648Z",
                "type": "START",
                "source": "hotkey",
                "_t": "14:49:46",
                "_end": "-",
                "data": {
                    "type": "orange-in-air",
                    "time": 11.538061
                }
            },
            {
                "time": "2019-05-30T20:49:47.478Z",
                "type": "START",
                "source": "hotkey",
                "_t": "14:49:47",
                "_end": "-",
                "data": {
                    "type": "orange-on-ground",
                    "time": 12.104072
                }
            },
            {
                "time": "2019-05-30T20:49:48.635Z",
                "type": "START",
                "source": "hotkey",
                "_t": "14:49:48",
                "_end": "-",
                "data": {
                    "type": "orange-in-air",
                    "time": 12.972646
                }
            },
            {
                "time": "2019-05-30T20:49:49.338Z",
                "type": "START",
                "source": "hotkey",
                "_t": "14:49:49",
                "_end": "-",
                "data": {
                    "type": "orange-on-ground",
                    "time": 13.515158
                }
            },
            {
                "time": "2019-05-30T20:49:50.229Z",
                "type": "START",
                "source": "hotkey",
                "_t": "14:49:50",
                "_end": "-",
                "data": {
                    "type": "orange-in-air",
                    "time": 14.15906
                }
            },
            {
                "time": "2019-05-30T20:49:51.206Z",
                "type": "START",
                "source": "hotkey",
                "_t": "14:49:51",
                "_end": "-",
                "data": {
                    "type": "orange-on-ground",
                    "time": 14.861553
                }
            },
            {
                "time": "2019-05-30T20:49:52.107Z",
                "type": "START",
                "source": "hotkey",
                "_t": "14:49:52",
                "_end": "-",
                "data": {
                    "type": "orange-in-air",
                    "time": 15.572766
                }
            },
            {
                "time": "2019-05-30T20:49:52.921Z",
                "type": "START",
                "source": "hotkey",
                "_t": "14:49:52",
                "_end": "-",
                "data": {
                    "type": "orange-on-ground",
                    "time": 16.1871
                }
            },
            {
                "time": "2019-05-30T20:49:53.724Z",
                "type": "START",
                "source": "hotkey",
                "_t": "14:49:53",
                "_end": "-",
                "data": {
                    "type": "orange-in-air",
                    "time": 16.729394
                }
            },
            {
                "time": "2019-05-30T20:49:54.847Z",
                "type": "START",
                "source": "hotkey",
                "_t": "14:49:54",
                "_end": "-",
                "data": {
                    "type": "orange-on-ground",
                    "time": 17.490745
                }
            },
            {
                "time": "2019-05-30T20:49:55.961Z",
                "type": "START",
                "source": "hotkey",
                "_t": "14:49:55",
                "_end": "-",
                "data": {
                    "type": "orange-in-air",
                    "time": 18.271437
                }
            },
            {
                "time": "2019-05-30T20:49:56.811Z",
                "type": "START",
                "source": "hotkey",
                "_t": "14:49:56",
                "_end": "-",
                "data": {
                    "type": "orange-on-ground",
                    "time": 18.855643
                }
            },
            {
                "time": "2019-05-30T20:49:57.846Z",
                "type": "START",
                "source": "hotkey",
                "_t": "14:49:57",
                "_end": "-",
                "data": {
                    "type": "orange-in-air",
                    "time": 19.565783
                }
            },
            {
                "time": "2019-05-30T20:49:58.758Z",
                "type": "START",
                "source": "hotkey",
                "_t": "14:49:58",
                "_end": "-",
                "data": {
                    "type": "orange-on-ground",
                    "time": 20.208488
                }
            },
            {
                "time": "2019-05-30T20:49:59.799Z",
                "type": "START",
                "source": "hotkey",
                "_t": "14:49:59",
                "_end": "-",
                "data": {
                    "type": "orange-in-air",
                    "time": 20.977771
                }
            },
            {
                "time": "2019-05-30T20:50:00.676Z",
                "type": "START",
                "source": "hotkey",
                "_t": "14:50:00",
                "_end": "-",
                "data": {
                    "type": "orange-on-ground",
                    "time": 21.670086
                }
            },
            {
                "time": "2019-05-30T20:50:01.594Z",
                "type": "START",
                "source": "hotkey",
                "_t": "14:50:01",
                "_end": "-",
                "data": {
                    "type": "orange-in-air",
                    "time": 22.32691
                }
            },
            {
                "time": "2019-05-30T20:50:02.412Z",
                "type": "START",
                "source": "hotkey",
                "_t": "14:50:02",
                "_end": "-",
                "data": {
                    "type": "orange-on-ground",
                    "time": 22.889897
                }
            },
            {
                "time": "2019-05-30T20:50:05.386Z",
                "type": "END",
                "source": "data:click:h_pos",
                "_t": "14:50:05",
                "_end": "-",
                "data": {
                    "lbl": {
                        "time": 22.889897,
                        "endTime": 22.987167804878048,
                        "type": "orange-on-ground",
                        "id": 33
                    }
                }
            },
            {
                "time": "2019-05-30T20:50:07.346Z",
                "type": "SELECT",
                "source": "data:click",
                "_t": "14:50:07",
                "_end": "-",
                "data": {
                    "time": 22.32691,
                    "endTime": 22.889897,
                    "type": "orange-in-air",
                    "id": 32
                }
            },
            {
                "time": "2019-05-30T20:50:19.908Z",
                "type": "DESELECT",
                "source": "data:click",
                "_t": "14:50:19",
                "_end": "-",
                "data": {
                    "time": 22.32691,
                    "endTime": 22.889897,
                    "type": "orange-in-air",
                    "id": 32
                }
            },
            {
                "time": "2019-05-30T20:50:20.921Z",
                "type": "SELECT",
                "source": "data:click",
                "_t": "14:50:20",
                "_end": "-",
                "data": {
                    "time": 2.566661,
                    "endTime": 2.917915,
                    "type": "orange-on-ground",
                    "id": 3
                }
            },
            {
                "time": "2019-05-30T20:50:21.841Z",
                "type": "DESELECT",
                "source": "data:click",
                "_t": "14:50:21",
                "_end": "-",
                "data": {
                    "time": 2.566661,
                    "endTime": 2.917915,
                    "type": "orange-on-ground",
                    "id": 3
                }
            },
            {
                "time": "2019-05-30T20:50:25.000Z",
                "type": "START",
                "source": "side-bar:button",
                "_t": "14:50:25",
                "_end": "-",
                "data": {
                    "type": "orange-on-ground",
                    "time": 2.924659
                }
            },
            {
                "time": "2019-05-30T20:50:26.436Z",
                "type": "END",
                "source": "data:click:h_pos",
                "_t": "14:50:26",
                "_end": "-",
                "data": {
                    "lbl": {
                        "time": 2.917915,
                        "endTime": 3.543709731707313,
                        "type": "orange-on-ground",
                        "id": 34
                    }
                }
            },
            {
                "time": "2019-05-30T20:50:27.090Z",
                "type": "SELECT",
                "source": "data:click",
                "_t": "14:50:27",
                "_end": "-",
                "data": {
                    "time": 3.5443491219512193,
                    "endTime": 4.365407999999982,
                    "type": "orange-in-air",
                    "id": 4
                }
            },
            {
                "time": "2019-05-30T20:50:28.614Z",
                "type": "DESELECT",
                "source": "data:click",
                "_t": "14:50:28",
                "_end": "-",
                "data": {
                    "time": 3.658434,
                    "endTime": 4.365408,
                    "type": "orange-in-air",
                    "id": 4
                }
            },
            {
                "time": "2019-05-30T20:50:30.170Z",
                "type": "SELECT",
                "source": "data:click",
                "_t": "14:50:30",
                "_end": "-",
                "data": {
                    "time": 2.917915,
                    "endTime": 3.543709731707313,
                    "type": "orange-on-ground",
                    "id": 34
                }
            },
            {
                "time": "2019-05-30T20:50:30.350Z",
                "type": "DESELECT",
                "source": "data:click",
                "_t": "14:50:30",
                "_end": "-",
                "data": {
                    "time": 2.924659,
                    "endTime": 3.657794609756098,
                    "type": "orange-on-ground",
                    "id": 34
                }
            },
            {
                "time": "2019-05-30T20:51:17.830Z",
                "type": "START",
                "source": "side-bar:button",
                "_t": "14:51:17",
                "_end": "-",
                "data": {
                    "type": "orange-in-air",
                    "time": 1.919136
                }
            },
            {
                "time": "2019-05-30T20:51:19.332Z",
                "type": "END",
                "source": "data:click:h_pos",
                "_t": "14:51:19",
                "_end": "-",
                "data": {
                    "lbl": {
                        "time": 1.836414,
                        "endTime": 1.943485,
                        "type": "orange-in-air",
                        "id": 35
                    }
                }
            },
            {
                "time": "2019-05-30T20:51:19.339Z",
                "type": "SELECT",
                "source": "data:click",
                "_t": "14:51:19",
                "_end": "-",
                "data": {
                    "time": 0.00001,
                    "endTime": 1.836414,
                    "type": "orange-on-ground",
                    "id": 1
                }
            },
            {
                "time": "2019-05-30T20:51:20.457Z",
                "type": "DESELECT",
                "source": "data:click",
                "_t": "14:51:20",
                "_end": "-",
                "data": {
                    "time": 0.00001,
                    "endTime": 1.836414,
                    "type": "orange-on-ground",
                    "id": 1
                }
            },
            {
                "time": "2019-05-30T20:51:22.675Z",
                "type": "SELECT",
                "source": "data:click",
                "_t": "14:51:22",
                "_end": "-",
                "data": {
                    "time": 1.836414,
                    "endTime": 1.943485,
                    "type": "orange-in-air",
                    "id": 35
                }
            },
            {
                "time": {
                    "start": "2019-05-30T20:51:23.577Z",
                    "end": "2019-05-30T20:51:24.439Z"
                },
                "type": "RESIZE",
                "source": "data:brush",
                "_t": "14:51:23",
                "_end": "14:51:24",
                "data": {
                    "brushing": true,
                    "origin": [
                        1.836414,
                        1.919136
                    ],
                    "start": "2019-05-30T20:51:23.577Z",
                    "ε": 0.1,
                    "mode": "resize"
                }
            },
            {
                "time": "2019-05-30T20:51:24.888Z",
                "type": "DESELECT",
                "source": "data:click",
                "_t": "14:51:24",
                "_end": "-",
                "data": {
                    "time": 1.836414,
                    "endTime": 1.943485,
                    "type": "orange-in-air",
                    "id": 35
                }
            },
            {
                "time": "2019-05-30T20:51:26.394Z",
                "type": "SELECT",
                "source": "data:click",
                "_t": "14:51:26",
                "_end": "-",
                "data": {
                    "time": 2.566661,
                    "endTime": 2.917915,
                    "type": "orange-on-ground",
                    "id": 3
                }
            },
            {
                "time": "2019-05-30T20:51:28.398Z",
                "type": "DESELECT",
                "source": "data:click",
                "_t": "14:51:28",
                "_end": "-",
                "data": {
                    "time": 2.566661,
                    "endTime": 2.917915,
                    "type": "orange-on-ground",
                    "id": 3
                }
            },
            {
                "time": "2019-05-30T20:51:28.554Z",
                "type": "SELECT",
                "source": "data:click",
                "_t": "14:51:28",
                "_end": "-",
                "data": {
                    "time": 2.566661,
                    "endTime": 2.917915,
                    "type": "orange-on-ground",
                    "id": 3
                }
            },
            {
                "time": "2019-05-30T20:51:29.962Z",
                "type": "DESELECT",
                "source": "data:click",
                "_t": "14:51:29",
                "_end": "-",
                "data": {
                    "time": 2.566661,
                    "endTime": 2.917915,
                    "type": "orange-on-ground",
                    "id": 3
                }
            },
            {
                "time": "2019-05-30T20:51:30.314Z",
                "type": "SELECT",
                "source": "data:click",
                "_t": "14:51:30",
                "_end": "-",
                "data": {
                    "time": 2.566661,
                    "endTime": 2.917915,
                    "type": "orange-on-ground",
                    "id": 3
                }
            },
            {
                "time": "2019-05-30T20:51:30.887Z",
                "type": "DESELECT",
                "source": "data:click",
                "_t": "14:51:30",
                "_end": "-",
                "data": {
                    "time": 2.566661,
                    "endTime": 2.917915,
                    "type": "orange-on-ground",
                    "id": 3
                }
            },
            {
                "time": "2019-05-30T20:51:32.341Z",
                "type": "SELECT",
                "source": "data:click",
                "_t": "14:51:32",
                "_end": "-",
                "data": {
                    "time": 2.566661,
                    "endTime": 2.917915,
                    "type": "orange-on-ground",
                    "id": 3
                }
            },
            {
                "time": "2019-05-30T20:51:32.554Z",
                "type": "DESELECT",
                "source": "data:click",
                "_t": "14:51:32",
                "_end": "-",
                "data": {
                    "time": 2.566661,
                    "endTime": 2.917915,
                    "type": "orange-on-ground",
                    "id": 3
                }
            },
            {
                "time": "2019-05-30T20:51:45.964Z",
                "type": "SELECT",
                "source": "data:click",
                "_t": "14:51:45",
                "_end": "-",
                "data": {
                    "time": 2.917915,
                    "endTime": 3.543709731707313,
                    "type": "orange-on-ground",
                    "id": 34
                }
            },
            {
                "time": "2019-05-30T20:51:46.213Z",
                "type": "DESELECT",
                "source": "data:click",
                "_t": "14:51:46",
                "_end": "-",
                "data": {
                    "time": 2.924659,
                    "endTime": 3.657794609756098,
                    "type": "orange-on-ground",
                    "id": 34
                }
            },
            {
                "time": "2019-05-30T20:51:47.387Z",
                "type": "SELECT",
                "source": "data:click",
                "_t": "14:51:47",
                "_end": "-",
                "data": {
                    "time": 2.917915,
                    "endTime": 3.543709731707313,
                    "type": "orange-on-ground",
                    "id": 34
                }
            },
            {
                "time": {
                    "start": "2019-05-30T20:51:49.832Z",
                    "end": "2019-05-30T20:51:50.551Z"
                },
                "type": "RESIZE",
                "source": "data:brush",
                "_t": "14:51:49",
                "_end": "14:51:50",
                "data": {
                    "brushing": true,
                    "origin": [
                        2.924659,
                        3.657794609756098
                    ],
                    "_brushside": 1,
                    "start": "2019-05-30T20:51:49.832Z",
                    "ε": 0.1,
                    "mode": "resize"
                }
            },
            {
                "time": "2019-05-30T20:51:51.191Z",
                "type": "DESELECT",
                "source": "data:click",
                "_t": "14:51:51",
                "_end": "-",
                "data": {
                    "time": 2.924658999999975,
                    "endTime": 3.543709731707315,
                    "type": "orange-on-ground",
                    "id": 34
                }
            },
            {
                "time": "2019-05-30T20:51:51.676Z",
                "type": "SELECT",
                "source": "data:click",
                "_t": "14:51:51",
                "_end": "-",
                "data": {
                    "time": 3.5443491219512193,
                    "endTime": 4.365407999999982,
                    "type": "orange-in-air",
                    "id": 4
                }
            },
            {
                "time": {
                    "start": "2019-05-30T20:51:52.329Z",
                    "end": "2019-05-30T20:51:54.159Z"
                },
                "type": "RESIZE",
                "source": "data:brush",
                "_t": "14:51:52",
                "_end": "14:51:54",
                "data": {
                    "brushing": true,
                    "origin": [
                        3.658434,
                        4.365408
                    ],
                    "_brushside": 0,
                    "start": "2019-05-30T20:51:52.329Z",
                    "ε": 0.1,
                    "mode": "resize"
                }
            },
            {
                "time": "2019-05-30T20:51:54.645Z",
                "type": "DESELECT",
                "source": "data:click",
                "_t": "14:51:54",
                "_end": "-",
                "data": {
                    "time": 3.5518300975609742,
                    "endTime": 4.365408,
                    "type": "orange-in-air",
                    "id": 4
                }
            },
            {
                "time": "2019-05-30T20:51:55.259Z",
                "type": "SELECT",
                "source": "data:click",
                "_t": "14:51:55",
                "_end": "-",
                "data": {
                    "time": 2.917915,
                    "endTime": 3.543709731707313,
                    "type": "orange-on-ground",
                    "id": 34
                }
            },
            {
                "time": {
                    "start": "2019-05-30T20:51:55.985Z",
                    "end": "2019-05-30T20:51:56.279Z"
                },
                "type": "RESIZE",
                "source": "data:brush",
                "_t": "14:51:55",
                "_end": "14:51:56",
                "data": {
                    "brushing": true,
                    "origin": [
                        2.924658999999975,
                        3.543709731707315
                    ],
                    "start": "2019-05-30T20:51:55.985Z",
                    "ε": 0.1,
                    "mode": "resize"
                }
            },
            {
                "time": "2019-05-30T20:51:56.571Z",
                "type": "DESELECT",
                "source": "data:click",
                "_t": "14:51:56",
                "_end": "-",
                "data": {
                    "time": 2.917915,
                    "endTime": 3.543709731707313,
                    "type": "orange-on-ground",
                    "id": 34
                }
            },
            {
                "time": "2019-05-30T20:51:57.227Z",
                "type": "SELECT",
                "source": "data:click",
                "_t": "14:51:57",
                "_end": "-",
                "data": {
                    "time": 3.5443491219512193,
                    "endTime": 4.365407999999982,
                    "type": "orange-in-air",
                    "id": 4
                }
            },
            {
                "time": {
                    "start": "2019-05-30T20:51:57.969Z",
                    "end": "2019-05-30T20:51:58.399Z"
                },
                "type": "RESIZE",
                "source": "data:brush",
                "_t": "14:51:57",
                "_end": "14:51:58",
                "data": {
                    "brushing": true,
                    "origin": [
                        3.5518300975609742,
                        4.365408
                    ],
                    "start": "2019-05-30T20:51:57.969Z",
                    "ε": 0.1,
                    "mode": "resize"
                }
            },
            {
                "time": "2019-05-30T20:51:58.734Z",
                "type": "DESELECT",
                "source": "data:click",
                "_t": "14:51:58",
                "_end": "-",
                "data": {
                    "time": 3.5443491219512193,
                    "endTime": 4.365407999999982,
                    "type": "orange-in-air",
                    "id": 4
                }
            },
            {
                "time": "2019-05-30T20:51:59.379Z",
                "type": "SELECT",
                "source": "data:click",
                "_t": "14:51:59",
                "_end": "-",
                "data": {
                    "time": 2.917915,
                    "endTime": 3.543709731707313,
                    "type": "orange-on-ground",
                    "id": 34
                }
            },
            {
                "time": "2019-05-30T20:51:59.542Z",
                "type": "DESELECT",
                "source": "data:click",
                "_t": "14:51:59",
                "_end": "-",
                "data": {
                    "time": 2.917915,
                    "endTime": 3.543709731707313,
                    "type": "orange-on-ground",
                    "id": 34
                }
            },
            {
                "time": "2019-05-30T20:52:08.105Z",
                "type": "SELECT",
                "source": "data:click",
                "_t": "14:52:08",
                "_end": "-",
                "data": {
                    "time": 4.365407999999982,
                    "endTime": 5.012575,
                    "type": "orange-on-ground",
                    "id": 5
                }
            },
            {
                "time": {
                    "start": "2019-05-30T20:52:09.369Z",
                    "end": "2019-05-30T20:52:10.438Z"
                },
                "type": "RESIZE",
                "source": "data:brush",
                "_t": "14:52:09",
                "_end": "14:52:10",
                "data": {
                    "brushing": true,
                    "origin": [
                        4.365408,
                        5.012575
                    ],
                    "start": "2019-05-30T20:52:09.369Z",
                    "ε": 0.1,
                    "mode": "resize"
                }
            },
            {
                "time": "2019-05-30T20:52:11.093Z",
                "type": "DESELECT",
                "source": "data:click",
                "_t": "14:52:11",
                "_end": "-",
                "data": {
                    "time": 4.365407999999982,
                    "endTime": 5.012575,
                    "type": "orange-on-ground",
                    "id": 5
                }
            },
            {
                "time": "2019-05-30T20:52:13.146Z",
                "type": "SELECT",
                "source": "data:click",
                "_t": "14:52:13",
                "_end": "-",
                "data": {
                    "time": 4.365407999999982,
                    "endTime": 5.012575,
                    "type": "orange-on-ground",
                    "id": 5
                }
            },
            {
                "time": "2019-05-30T20:52:13.371Z",
                "type": "DESELECT",
                "source": "data:click",
                "_t": "14:52:13",
                "_end": "-",
                "data": {
                    "time": 4.365407999999982,
                    "endTime": 5.012575,
                    "type": "orange-on-ground",
                    "id": 5
                }
            }
        ],
        "navigationEvents": [
            {
                "time": {
                    "start": "2019-05-30T20:48:54.455Z",
                    "end": "2019-05-30T20:50:05.382Z"
                },
                "type": "SCRUB",
                "source": "data:drag",
                "_t": "14:48:54",
                "_end": "14:50:05",
                "data": {
                    "time": 23.004
                }
            },
            {
                "time": {
                    "start": "2019-05-30T20:48:54.455Z",
                    "end": "2019-05-30T20:50:07.342Z"
                },
                "type": "SCRUB",
                "source": "data:drag",
                "_t": "14:48:54",
                "_end": "14:50:07",
                "data": {
                    "time": 23.004
                }
            },
            {
                "time": {
                    "start": "2019-05-30T20:50:11.280Z",
                    "end": "2019-05-30T20:50:11.327Z"
                },
                "type": "SCRUB",
                "source": "video:drag",
                "_t": "14:50:11",
                "_end": "14:50:11",
                "data": {
                    "to": 0.118577,
                    "from": 23.004
                }
            },
            {
                "time": "2019-05-30T20:50:13.142Z",
                "type": "PLAY",
                "source": "video:button",
                "_t": "14:50:13",
                "_end": "-"
            },
            {
                "time": "2019-05-30T20:50:16.081Z",
                "type": "PAUSE",
                "source": "video:button",
                "_t": "14:50:16",
                "_end": "-"
            },
            {
                "time": "2019-05-30T20:50:16.589Z",
                "type": "PLAY",
                "source": "video:button",
                "_t": "14:50:16",
                "_end": "-"
            },
            {
                "time": "2019-05-30T20:50:17.305Z",
                "type": "PAUSE",
                "source": "video:button",
                "_t": "14:50:17",
                "_end": "-"
            },
            {
                "time": "2019-05-30T20:50:18.229Z",
                "type": "PLAY",
                "source": "video:button",
                "_t": "14:50:18",
                "_end": "-"
            },
            {
                "time": "2019-05-30T20:50:18.731Z",
                "type": "PAUSE",
                "source": "video:button",
                "_t": "14:50:18",
                "_end": "-"
            },
            {
                "time": {
                    "start": "2019-05-30T20:48:54.455Z",
                    "end": "2019-05-30T20:50:19.907Z"
                },
                "type": "SCRUB",
                "source": "data:drag",
                "_t": "14:48:54",
                "_end": "14:50:19",
                "data": {
                    "time": 3.155898
                }
            },
            {
                "time": {
                    "start": "2019-05-30T20:48:54.455Z",
                    "end": "2019-05-30T20:50:20.917Z"
                },
                "type": "SCRUB",
                "source": "data:drag",
                "_t": "14:48:54",
                "_end": "14:50:20",
                "data": {
                    "time": 3.155898
                }
            },
            {
                "time": {
                    "start": "2019-05-30T20:48:54.455Z",
                    "end": "2019-05-30T20:50:21.841Z"
                },
                "type": "SCRUB",
                "source": "data:drag",
                "_t": "14:48:54",
                "_end": "14:50:21",
                "data": {
                    "time": 3.155898
                }
            },
            {
                "time": {
                    "start": "2019-05-30T20:48:54.455Z",
                    "end": "2019-05-30T20:50:22.005Z"
                },
                "type": "SCRUB",
                "source": "data:drag",
                "_t": "14:48:54",
                "_end": "14:50:22",
                "data": {
                    "time": 3.155898
                }
            },
            {
                "time": "2019-05-30T20:50:22.017Z",
                "type": "JUMP",
                "source": "data:dblclick:h_pos",
                "_t": "14:50:22",
                "_end": "-",
                "data": {
                    "from": 3.155898,
                    "to": 2.9246599268292686
                }
            },
            {
                "time": {
                    "start": "2019-05-30T20:48:54.455Z",
                    "end": "2019-05-30T20:50:26.430Z"
                },
                "type": "SCRUB",
                "source": "data:drag",
                "_t": "14:48:54",
                "_end": "14:50:26",
                "data": {
                    "time": 2.924659
                }
            },
            {
                "time": {
                    "start": "2019-05-30T20:48:54.455Z",
                    "end": "2019-05-30T20:50:27.086Z"
                },
                "type": "SCRUB",
                "source": "data:drag",
                "_t": "14:48:54",
                "_end": "14:50:27",
                "data": {
                    "time": 2.924659
                }
            },
            {
                "time": {
                    "start": "2019-05-30T20:48:54.455Z",
                    "end": "2019-05-30T20:50:28.614Z"
                },
                "type": "SCRUB",
                "source": "data:drag",
                "_t": "14:48:54",
                "_end": "14:50:28",
                "data": {
                    "time": 2.924659
                }
            },
            {
                "time": {
                    "start": "2019-05-30T20:48:54.455Z",
                    "end": "2019-05-30T20:50:29.310Z"
                },
                "type": "SCRUB",
                "source": "data:drag",
                "_t": "14:48:54",
                "_end": "14:50:29",
                "data": {
                    "time": 2.924659
                }
            },
            {
                "time": {
                    "start": "2019-05-30T20:48:54.455Z",
                    "end": "2019-05-30T20:50:30.166Z"
                },
                "type": "SCRUB",
                "source": "data:drag",
                "_t": "14:48:54",
                "_end": "14:50:30",
                "data": {
                    "time": 2.924659
                }
            },
            {
                "time": {
                    "start": "2019-05-30T20:48:54.455Z",
                    "end": "2019-05-30T20:50:30.349Z"
                },
                "type": "SCRUB",
                "source": "data:drag",
                "_t": "14:48:54",
                "_end": "14:50:30",
                "data": {
                    "time": 2.924659
                }
            },
            {
                "time": "2019-05-30T20:50:30.354Z",
                "type": "JUMP",
                "source": "data:dblclick:h_pos",
                "_t": "14:50:30",
                "_end": "-",
                "data": {
                    "from": 2.924659,
                    "to": 3.657794609756098
                }
            },
            {
                "time": "2019-05-30T20:50:32.301Z",
                "type": "PLAY",
                "source": "video:button",
                "_t": "14:50:32",
                "_end": "-"
            },
            {
                "time": "2019-05-30T20:50:33.351Z",
                "type": "PAUSE",
                "source": "video:button",
                "_t": "14:50:33",
                "_end": "-"
            },
            {
                "time": "2019-05-30T20:50:34.717Z",
                "type": "PLAY",
                "source": "video:button",
                "_t": "14:50:34",
                "_end": "-"
            },
            {
                "time": "2019-05-30T20:51:05.383Z",
                "type": "CHANGE-PLAYBACK-RATE",
                "source": "video:menu",
                "_t": "14:51:05",
                "_end": "-",
                "data": {
                    "oldRate": 1,
                    "newRate": 0.25
                }
            },
            {
                "time": {
                    "start": "2019-05-30T20:51:06.809Z",
                    "end": "2019-05-30T20:51:06.837Z"
                },
                "type": "SCRUB",
                "source": "video:drag",
                "_t": "14:51:06",
                "_end": "14:51:06",
                "data": {
                    "to": 0.177865,
                    "from": 23.004
                }
            },
            {
                "time": "2019-05-30T20:51:08.013Z",
                "type": "PLAY",
                "source": "video:button",
                "_t": "14:51:08",
                "_end": "-"
            },
            {
                "time": "2019-05-30T20:51:14.985Z",
                "type": "PAUSE",
                "source": "video:button",
                "_t": "14:51:14",
                "_end": "-"
            },
            {
                "time": {
                    "start": "2019-05-30T20:48:54.455Z",
                    "end": "2019-05-30T20:51:19.326Z"
                },
                "type": "SCRUB",
                "source": "data:drag",
                "_t": "14:48:54",
                "_end": "14:51:19",
                "data": {
                    "time": 1.919136
                }
            },
            {
                "time": {
                    "start": "2019-05-30T20:48:54.455Z",
                    "end": "2019-05-30T20:51:20.456Z"
                },
                "type": "SCRUB",
                "source": "data:drag",
                "_t": "14:48:54",
                "_end": "14:51:20",
                "data": {
                    "time": 1.919136
                }
            },
            {
                "time": {
                    "start": "2019-05-30T20:48:54.455Z",
                    "end": "2019-05-30T20:51:20.961Z"
                },
                "type": "SCRUB",
                "source": "data:drag",
                "_t": "14:48:54",
                "_end": "14:51:20",
                "data": {
                    "time": 1.919136
                }
            },
            {
                "time": {
                    "start": "2019-05-30T20:48:54.455Z",
                    "end": "2019-05-30T20:51:21.515Z"
                },
                "type": "SCRUB",
                "source": "data:drag",
                "_t": "14:48:54",
                "_end": "14:51:21",
                "data": {
                    "time": 1.917265
                }
            },
            {
                "time": {
                    "start": "2019-05-30T20:48:54.455Z",
                    "end": "2019-05-30T20:51:22.300Z"
                },
                "type": "SCRUB",
                "source": "data:drag",
                "_t": "14:48:54",
                "_end": "14:51:22",
                "data": {
                    "time": 2.063143
                }
            },
            {
                "time": {
                    "start": "2019-05-30T20:48:54.455Z",
                    "end": "2019-05-30T20:51:22.670Z"
                },
                "type": "SCRUB",
                "source": "data:drag",
                "_t": "14:48:54",
                "_end": "14:51:22",
                "data": {
                    "time": 2.063143
                }
            },
            {
                "time": {
                    "start": "2019-05-30T20:48:54.455Z",
                    "end": "2019-05-30T20:51:24.460Z"
                },
                "type": "SCRUB",
                "source": "data:drag",
                "_t": "14:48:54",
                "_end": "14:51:24",
                "data": {
                    "time": 2.063143
                }
            },
            {
                "time": {
                    "start": "2019-05-30T20:48:54.455Z",
                    "end": "2019-05-30T20:51:24.887Z"
                },
                "type": "SCRUB",
                "source": "data:drag",
                "_t": "14:48:54",
                "_end": "14:51:24",
                "data": {
                    "time": 2.063143
                }
            },
            {
                "time": {
                    "start": "2019-05-30T20:48:54.455Z",
                    "end": "2019-05-30T20:51:26.390Z"
                },
                "type": "SCRUB",
                "source": "data:drag",
                "_t": "14:48:54",
                "_end": "14:51:26",
                "data": {
                    "time": 2.063143
                }
            },
            {
                "time": {
                    "start": "2019-05-30T20:48:54.455Z",
                    "end": "2019-05-30T20:51:28.397Z"
                },
                "type": "SCRUB",
                "source": "data:drag",
                "_t": "14:48:54",
                "_end": "14:51:28",
                "data": {
                    "time": 2.063143
                }
            },
            {
                "time": {
                    "start": "2019-05-30T20:48:54.455Z",
                    "end": "2019-05-30T20:51:28.550Z"
                },
                "type": "SCRUB",
                "source": "data:drag",
                "_t": "14:48:54",
                "_end": "14:51:28",
                "data": {
                    "time": 2.063143
                }
            },
            {
                "time": {
                    "start": "2019-05-30T20:48:54.455Z",
                    "end": "2019-05-30T20:51:29.962Z"
                },
                "type": "SCRUB",
                "source": "data:drag",
                "_t": "14:48:54",
                "_end": "14:51:29",
                "data": {
                    "time": 2.063143
                }
            },
            {
                "time": {
                    "start": "2019-05-30T20:48:54.455Z",
                    "end": "2019-05-30T20:51:30.310Z"
                },
                "type": "SCRUB",
                "source": "data:drag",
                "_t": "14:48:54",
                "_end": "14:51:30",
                "data": {
                    "time": 2.063143
                }
            },
            {
                "time": {
                    "start": "2019-05-30T20:48:54.455Z",
                    "end": "2019-05-30T20:51:30.887Z"
                },
                "type": "SCRUB",
                "source": "data:drag",
                "_t": "14:48:54",
                "_end": "14:51:30",
                "data": {
                    "time": 2.063143
                }
            },
            {
                "time": {
                    "start": "2019-05-30T20:48:54.455Z",
                    "end": "2019-05-30T20:51:31.254Z"
                },
                "type": "SCRUB",
                "source": "data:drag",
                "_t": "14:48:54",
                "_end": "14:51:31",
                "data": {
                    "time": 2.063143
                }
            },
            {
                "time": {
                    "start": "2019-05-30T20:48:54.455Z",
                    "end": "2019-05-30T20:51:32.339Z"
                },
                "type": "SCRUB",
                "source": "data:drag",
                "_t": "14:48:54",
                "_end": "14:51:32",
                "data": {
                    "time": 2.063143
                }
            },
            {
                "time": {
                    "start": "2019-05-30T20:48:54.455Z",
                    "end": "2019-05-30T20:51:32.553Z"
                },
                "type": "SCRUB",
                "source": "data:drag",
                "_t": "14:48:54",
                "_end": "14:51:32",
                "data": {
                    "time": 2.063143
                }
            },
            {
                "time": "2019-05-30T20:51:32.561Z",
                "type": "JUMP",
                "source": "data:dblclick:h_pos",
                "_t": "14:51:32",
                "_end": "-",
                "data": {
                    "from": 2.063143,
                    "to": 2.569979097560975
                }
            },
            {
                "time": "2019-05-30T20:51:34.183Z",
                "type": "PLAY",
                "source": "video:button",
                "_t": "14:51:34",
                "_end": "-"
            },
            {
                "time": "2019-05-30T20:51:38.055Z",
                "type": "PAUSE",
                "source": "video:button",
                "_t": "14:51:38",
                "_end": "-"
            },
            {
                "time": {
                    "start": "2019-05-30T20:48:54.455Z",
                    "end": "2019-05-30T20:51:45.962Z"
                },
                "type": "SCRUB",
                "source": "data:drag",
                "_t": "14:48:54",
                "_end": "14:51:45",
                "data": {
                    "time": 3.538067
                }
            },
            {
                "time": {
                    "start": "2019-05-30T20:48:54.455Z",
                    "end": "2019-05-30T20:51:46.213Z"
                },
                "type": "SCRUB",
                "source": "data:drag",
                "_t": "14:48:54",
                "_end": "14:51:46",
                "data": {
                    "time": 3.538067
                }
            },
            {
                "time": "2019-05-30T20:51:46.216Z",
                "type": "JUMP",
                "source": "data:dblclick:h_pos",
                "_t": "14:51:46",
                "_end": "-",
                "data": {
                    "from": 3.538067,
                    "to": 3.603525536585366
                }
            },
            {
                "time": {
                    "start": "2019-05-30T20:48:54.455Z",
                    "end": "2019-05-30T20:51:47.383Z"
                },
                "type": "SCRUB",
                "source": "data:drag",
                "_t": "14:48:54",
                "_end": "14:51:47",
                "data": {
                    "time": 3.603525
                }
            },
            {
                "time": {
                    "start": "2019-05-30T20:48:54.455Z",
                    "end": "2019-05-30T20:51:50.572Z"
                },
                "type": "SCRUB",
                "source": "data:drag",
                "_t": "14:48:54",
                "_end": "14:51:50",
                "data": {
                    "time": 3.603525
                }
            },
            {
                "time": {
                    "start": "2019-05-30T20:48:54.455Z",
                    "end": "2019-05-30T20:51:51.190Z"
                },
                "type": "SCRUB",
                "source": "data:drag",
                "_t": "14:48:54",
                "_end": "14:51:51",
                "data": {
                    "time": 3.603525
                }
            },
            {
                "time": {
                    "start": "2019-05-30T20:48:54.455Z",
                    "end": "2019-05-30T20:51:51.671Z"
                },
                "type": "SCRUB",
                "source": "data:drag",
                "_t": "14:48:54",
                "_end": "14:51:51",
                "data": {
                    "time": 3.603525
                }
            },
            {
                "time": {
                    "start": "2019-05-30T20:48:54.455Z",
                    "end": "2019-05-30T20:51:54.178Z"
                },
                "type": "SCRUB",
                "source": "data:drag",
                "_t": "14:48:54",
                "_end": "14:51:54",
                "data": {
                    "time": 3.603525
                }
            },
            {
                "time": {
                    "start": "2019-05-30T20:48:54.455Z",
                    "end": "2019-05-30T20:51:54.645Z"
                },
                "type": "SCRUB",
                "source": "data:drag",
                "_t": "14:48:54",
                "_end": "14:51:54",
                "data": {
                    "time": 3.603525
                }
            },
            {
                "time": {
                    "start": "2019-05-30T20:48:54.455Z",
                    "end": "2019-05-30T20:51:55.255Z"
                },
                "type": "SCRUB",
                "source": "data:drag",
                "_t": "14:48:54",
                "_end": "14:51:55",
                "data": {
                    "time": 3.603525
                }
            },
            {
                "time": {
                    "start": "2019-05-30T20:48:54.455Z",
                    "end": "2019-05-30T20:51:56.298Z"
                },
                "type": "SCRUB",
                "source": "data:drag",
                "_t": "14:48:54",
                "_end": "14:51:56",
                "data": {
                    "time": 3.603525
                }
            },
            {
                "time": {
                    "start": "2019-05-30T20:48:54.455Z",
                    "end": "2019-05-30T20:51:56.570Z"
                },
                "type": "SCRUB",
                "source": "data:drag",
                "_t": "14:48:54",
                "_end": "14:51:56",
                "data": {
                    "time": 3.603525
                }
            },
            {
                "time": {
                    "start": "2019-05-30T20:48:54.455Z",
                    "end": "2019-05-30T20:51:57.223Z"
                },
                "type": "SCRUB",
                "source": "data:drag",
                "_t": "14:48:54",
                "_end": "14:51:57",
                "data": {
                    "time": 3.603525
                }
            },
            {
                "time": {
                    "start": "2019-05-30T20:48:54.455Z",
                    "end": "2019-05-30T20:51:58.408Z"
                },
                "type": "SCRUB",
                "source": "data:drag",
                "_t": "14:48:54",
                "_end": "14:51:58",
                "data": {
                    "time": 3.603525
                }
            },
            {
                "time": {
                    "start": "2019-05-30T20:48:54.455Z",
                    "end": "2019-05-30T20:51:58.733Z"
                },
                "type": "SCRUB",
                "source": "data:drag",
                "_t": "14:48:54",
                "_end": "14:51:58",
                "data": {
                    "time": 3.603525
                }
            },
            {
                "time": {
                    "start": "2019-05-30T20:48:54.455Z",
                    "end": "2019-05-30T20:51:59.375Z"
                },
                "type": "SCRUB",
                "source": "data:drag",
                "_t": "14:48:54",
                "_end": "14:51:59",
                "data": {
                    "time": 3.603525
                }
            },
            {
                "time": {
                    "start": "2019-05-30T20:48:54.455Z",
                    "end": "2019-05-30T20:51:59.542Z"
                },
                "type": "SCRUB",
                "source": "data:drag",
                "_t": "14:48:54",
                "_end": "14:51:59",
                "data": {
                    "time": 3.603525
                }
            },
            {
                "time": "2019-05-30T20:51:59.547Z",
                "type": "JUMP",
                "source": "data:dblclick:h_pos",
                "_t": "14:51:59",
                "_end": "-",
                "data": {
                    "from": 3.603525,
                    "to": 3.5436771951219534
                }
            },
            {
                "time": "2019-05-30T20:52:01.055Z",
                "type": "PLAY",
                "source": "video:button",
                "_t": "14:52:01",
                "_end": "-"
            },
            {
                "time": "2019-05-30T20:52:04.287Z",
                "type": "PAUSE",
                "source": "video:button",
                "_t": "14:52:04",
                "_end": "-"
            },
            {
                "time": {
                    "start": "2019-05-30T20:48:54.455Z",
                    "end": "2019-05-30T20:52:08.102Z"
                },
                "type": "SCRUB",
                "source": "data:drag",
                "_t": "14:48:54",
                "_end": "14:52:08",
                "data": {
                    "time": 4.350345
                }
            },
            {
                "time": {
                    "start": "2019-05-30T20:48:54.455Z",
                    "end": "2019-05-30T20:52:10.445Z"
                },
                "type": "SCRUB",
                "source": "data:drag",
                "_t": "14:48:54",
                "_end": "14:52:10",
                "data": {
                    "time": 4.350345
                }
            },
            {
                "time": {
                    "start": "2019-05-30T20:48:54.455Z",
                    "end": "2019-05-30T20:52:11.093Z"
                },
                "type": "SCRUB",
                "source": "data:drag",
                "_t": "14:48:54",
                "_end": "14:52:11",
                "data": {
                    "time": 4.350345
                }
            },
            {
                "time": {
                    "start": "2019-05-30T20:48:54.455Z",
                    "end": "2019-05-30T20:52:13.142Z"
                },
                "type": "SCRUB",
                "source": "data:drag",
                "_t": "14:48:54",
                "_end": "14:52:13",
                "data": {
                    "time": 4.350345
                }
            },
            {
                "time": {
                    "start": "2019-05-30T20:48:54.455Z",
                    "end": "2019-05-30T20:52:13.370Z"
                },
                "type": "SCRUB",
                "source": "data:drag",
                "_t": "14:48:54",
                "_end": "14:52:13",
                "data": {
                    "time": 4.350345
                }
            },
            {
                "time": "2019-05-30T20:52:13.377Z",
                "type": "JUMP",
                "source": "data:dblclick:h_pos",
                "_t": "14:52:13",
                "_end": "-",
                "data": {
                    "from": 4.350345,
                    "to": 4.995579146341471
                }
            },
            {
                "time": "2019-05-30T20:52:15.776Z",
                "type": "PLAY",
                "source": "video:button",
                "_t": "14:52:15",
                "_end": "-"
            }
        ]
    }
}