[{"time":0.00038,"endTime":1.827608,"type":"orange-on-ground","id":1},{"time":1.827608,"endTime":2.755249365853669,"type":"orange-in-air","id":2},{"time":2.76273,"endTime":3.394872,"type":"orange-on-ground","id":3},{"time":3.394872,"endTime":4.232741,"type":"orange-in-air","id":4},{"time":4.232741,"endTime":4.784463756097561,"type":"orange-on-ground","id":5},{"time":4.793815,"endTime":5.540041975609782,"type":"orange-in-air","id":6},{"time":5.541912,"endTime":6.108596,"type":"orange-on-ground","id":7},{"time":6.116077,"endTime":6.995091,"type":"orange-in-air","id":8},{"time":7.008183,"endTime":7.453300756097561,"type":"orange-on-ground","id":9},{"time":7.458911,"endTime":8.306132,"type":"orange-in-air","id":10},{"time":8.317353,"endTime":8.756860829268296,"type":"orange-on-ground","id":11},{"time":8.762472,"endTime":9.605952,"type":"orange-in-air","id":12},{"time":9.613433,"endTime":10.094085243902438,"type":"orange-on-ground","id":13},{"time":10.097826,"endTime":10.918862439024405,"type":"orange-in-air","id":14},{"time":10.939435,"endTime":11.375201,"type":"orange-on-ground","id":15},{"time":11.388293,"endTime":12.295360756097221,"type":"orange-in-air","id":16},{"time":12.306582,"endTime":12.779753463414293,"type":"orange-on-ground","id":17},{"time":12.781623,"endTime":13.62697431707317,"type":"orange-in-air","id":18},{"time":13.628845,"endTime":14.085183999999735,"type":"orange-on-ground","id":19},{"time":14.092665,"endTime":14.97355,"type":"orange-in-air","id":20},{"time":14.981031,"endTime":15.450462073170735,"type":"orange-on-ground","id":21},{"time":15.454203,"endTime":16.299552097560866,"type":"orange-in-air","id":22},{"time":16.303293,"endTime":16.74092973170677,"type":"orange-on-ground","id":23}]