{
    "user_id": "bronze2",
    "session_id": "5d7fdf7a81249f67dd06adcf",
    "study": "studyE",
    "workspace": "gait.gait-yellow",
    "details": {
        "workspace": "gait.gait-yellow",
        "labels": [
            {
                "time": 0.00038,
                "endTime": 1.827608,
                "type": "orange-on-ground",
                "id": 1
            },
            {
                "time": 1.827608,
                "endTime": 2.755249365853669,
                "type": "orange-in-air",
                "id": 2
            },
            {
                "time": 2.76273,
                "endTime": 3.394872,
                "type": "orange-on-ground",
                "id": 3
            },
            {
                "time": 3.394872,
                "endTime": 4.232741,
                "type": "orange-in-air",
                "id": 4
            },
            {
                "time": 4.232741,
                "endTime": 4.784463756097561,
                "type": "orange-on-ground",
                "id": 5
            },
            {
                "time": 4.793815,
                "endTime": 5.540041975609782,
                "type": "orange-in-air",
                "id": 6
            },
            {
                "time": 5.541912,
                "endTime": 6.108596,
                "type": "orange-on-ground",
                "id": 7
            },
            {
                "time": 6.116077,
                "endTime": 6.995091,
                "type": "orange-in-air",
                "id": 8
            },
            {
                "time": 7.008183,
                "endTime": 7.453300756097561,
                "type": "orange-on-ground",
                "id": 9
            },
            {
                "time": 7.458911,
                "endTime": 8.306132,
                "type": "orange-in-air",
                "id": 10
            },
            {
                "time": 8.317353,
                "endTime": 8.756860829268296,
                "type": "orange-on-ground",
                "id": 11
            },
            {
                "time": 8.762472,
                "endTime": 9.605952,
                "type": "orange-in-air",
                "id": 12
            },
            {
                "time": 9.613433,
                "endTime": 10.094085243902438,
                "type": "orange-on-ground",
                "id": 13
            },
            {
                "time": 10.097826,
                "endTime": 10.918862439024405,
                "type": "orange-in-air",
                "id": 14
            },
            {
                "time": 10.939435,
                "endTime": 11.375201,
                "type": "orange-on-ground",
                "id": 15
            },
            {
                "time": 11.388293,
                "endTime": 12.295360756097221,
                "type": "orange-in-air",
                "id": 16
            },
            {
                "time": 12.306582,
                "endTime": 12.779753463414293,
                "type": "orange-on-ground",
                "id": 17
            },
            {
                "time": 12.781623,
                "endTime": 13.62697431707317,
                "type": "orange-in-air",
                "id": 18
            },
            {
                "time": 13.628845,
                "endTime": 14.085183999999735,
                "type": "orange-on-ground",
                "id": 19
            },
            {
                "time": 14.092665,
                "endTime": 14.97355,
                "type": "orange-in-air",
                "id": 20
            },
            {
                "time": 14.981031,
                "endTime": 15.450462073170735,
                "type": "orange-on-ground",
                "id": 21
            },
            {
                "time": 15.454203,
                "endTime": 16.299552097560866,
                "type": "orange-in-air",
                "id": 22
            },
            {
                "time": 16.303293,
                "endTime": 16.74092973170677,
                "type": "orange-on-ground",
                "id": 23
            }
        ],
        "_starts": [
            "2019-09-16T19:42:19.000Z"
        ],
        "_ends": [
            "2019-09-16T19:45:23.211Z"
        ]
    },
    "labels_file": "/home/ubuntu/vat/data/user-studies/studyE/gait-yellow/bronze2.labels.json",
    "videoFlash": 0.00001,
    "surveys": {
        "user-info": {
            "firstname": "Austin",
            "lastname": "Schmidt",
            "email": "scubaaustin16@hotmail.com"
        },
        "practice-first": {
            "question1": "1",
            "question2": "okay",
            "question3": "90",
            "question4": "3"
        },
        "practice-second": {},
        "practice-third": {},
        "practice-survey": {},
        "drywall-blue": {
            "question1": "1",
            "question2": "2",
            "question3": "10",
            "question4": "50"
        },
        "drywall-red": {
            "question1": "1",
            "question2": "1",
            "question3": "0",
            "question4": "0"
        },
        "drywall-orange": {
            "question1": "3",
            "question2": "2",
            "question3": "20",
            "question4": "80"
        },
        "drywall-survey": {
            "question1": "5",
            "question2": "3",
            "question3": "4",
            "question4": "3"
        },
        "gait-blue": {
            "question1": "5",
            "question2": "5",
            "question3": "50",
            "question4": "90"
        },
        "gait-red": {
            "question1": "3",
            "question2": "2",
            "question3": "60",
            "question4": "80"
        }
    },
    "logs": {
        "labelEvents": [
            {
                "time": "2019-09-16T19:42:34.598Z",
                "type": "START",
                "source": "hotkey",
                "_t": "13:42:34",
                "_end": "-",
                "data": {
                    "type": "orange-on-ground",
                    "time": 0.00038
                }
            },
            {
                "time": "2019-09-16T19:42:40.759Z",
                "type": "END",
                "source": "hotkey:ctb",
                "_t": "13:42:40",
                "_end": "-",
                "data": {
                    "lbl": {
                        "time": 0.00038,
                        "endTime": 1.827608,
                        "type": "orange-on-ground",
                        "id": 1
                    },
                    "key": "enter"
                }
            },
            {
                "time": "2019-09-16T19:42:41.655Z",
                "type": "START",
                "source": "hotkey",
                "_t": "13:42:41",
                "_end": "-",
                "data": {
                    "type": "orange-in-air",
                    "time": 1.827608
                }
            },
            {
                "time": "2019-09-16T19:42:46.774Z",
                "type": "END",
                "source": "hotkey:h_pos",
                "_t": "13:42:46",
                "_end": "-",
                "data": {
                    "lbl": {
                        "time": 1.827608,
                        "endTime": 2.755249365853669,
                        "type": "orange-in-air",
                        "id": 2
                    },
                    "key": "enter"
                }
            },
            {
                "time": "2019-09-16T19:42:50.648Z",
                "type": "START",
                "source": "hotkey",
                "_t": "13:42:50",
                "_end": "-",
                "data": {
                    "type": "orange-on-ground",
                    "time": 2.76273
                }
            },
            {
                "time": "2019-09-16T19:42:54.970Z",
                "type": "END",
                "source": "hotkey:ctb",
                "_t": "13:42:54",
                "_end": "-",
                "data": {
                    "lbl": {
                        "time": 2.76273,
                        "endTime": 3.394872,
                        "type": "orange-on-ground",
                        "id": 3
                    },
                    "key": "enter"
                }
            },
            {
                "time": "2019-09-16T19:42:55.655Z",
                "type": "START",
                "source": "hotkey",
                "_t": "13:42:55",
                "_end": "-",
                "data": {
                    "type": "orange-in-air",
                    "time": 3.394872
                }
            },
            {
                "time": "2019-09-16T19:43:05.784Z",
                "type": "END",
                "source": "hotkey:h_pos",
                "_t": "13:43:05",
                "_end": "-",
                "data": {
                    "lbl": {
                        "time": 3.394872,
                        "endTime": 4.232741,
                        "type": "orange-in-air",
                        "id": 4
                    },
                    "key": "enter"
                }
            },
            {
                "time": "2019-09-16T19:43:07.021Z",
                "type": "START",
                "source": "hotkey",
                "_t": "13:43:07",
                "_end": "-",
                "data": {
                    "type": "orange-on-ground",
                    "time": 4.232741
                }
            },
            {
                "time": "2019-09-16T19:43:12.329Z",
                "type": "END",
                "source": "hotkey:h_pos",
                "_t": "13:43:12",
                "_end": "-",
                "data": {
                    "lbl": {
                        "time": 4.232741,
                        "endTime": 4.784463756097561,
                        "type": "orange-on-ground",
                        "id": 5
                    },
                    "key": "enter"
                }
            },
            {
                "time": "2019-09-16T19:43:13.590Z",
                "type": "START",
                "source": "hotkey",
                "_t": "13:43:13",
                "_end": "-",
                "data": {
                    "type": "orange-in-air",
                    "time": 4.793815
                }
            },
            {
                "time": "2019-09-16T19:43:21.495Z",
                "type": "END",
                "source": "hotkey:h_pos",
                "_t": "13:43:21",
                "_end": "-",
                "data": {
                    "lbl": {
                        "time": 4.793815,
                        "endTime": 5.540041975609782,
                        "type": "orange-in-air",
                        "id": 6
                    },
                    "key": "enter"
                }
            },
            {
                "time": "2019-09-16T19:43:22.907Z",
                "type": "START",
                "source": "hotkey",
                "_t": "13:43:22",
                "_end": "-",
                "data": {
                    "type": "orange-on-ground",
                    "time": 5.541912
                }
            },
            {
                "time": "2019-09-16T19:43:26.617Z",
                "type": "END",
                "source": "hotkey:ctb",
                "_t": "13:43:26",
                "_end": "-",
                "data": {
                    "lbl": {
                        "time": 5.541912,
                        "endTime": 6.108596,
                        "type": "orange-on-ground",
                        "id": 7
                    },
                    "key": "enter"
                }
            },
            {
                "time": "2019-09-16T19:43:27.931Z",
                "type": "START",
                "source": "hotkey",
                "_t": "13:43:27",
                "_end": "-",
                "data": {
                    "type": "orange-in-air",
                    "time": 6.116077
                }
            },
            {
                "time": "2019-09-16T19:43:36.185Z",
                "type": "END",
                "source": "hotkey:ctb",
                "_t": "13:43:36",
                "_end": "-",
                "data": {
                    "lbl": {
                        "time": 6.116077,
                        "endTime": 6.995091,
                        "type": "orange-in-air",
                        "id": 8
                    },
                    "key": "enter"
                }
            },
            {
                "time": "2019-09-16T19:43:38.668Z",
                "type": "START",
                "source": "hotkey",
                "_t": "13:43:38",
                "_end": "-",
                "data": {
                    "type": "orange-on-ground",
                    "time": 7.008183
                }
            },
            {
                "time": "2019-09-16T19:43:43.417Z",
                "type": "END",
                "source": "hotkey:h_pos",
                "_t": "13:43:43",
                "_end": "-",
                "data": {
                    "lbl": {
                        "time": 7.008183,
                        "endTime": 7.453300756097561,
                        "type": "orange-on-ground",
                        "id": 9
                    },
                    "key": "enter"
                }
            },
            {
                "time": "2019-09-16T19:43:44.938Z",
                "type": "START",
                "source": "hotkey",
                "_t": "13:43:44",
                "_end": "-",
                "data": {
                    "type": "orange-in-air",
                    "time": 7.458911
                }
            },
            {
                "time": "2019-09-16T19:43:51.305Z",
                "type": "END",
                "source": "hotkey:ctb",
                "_t": "13:43:51",
                "_end": "-",
                "data": {
                    "lbl": {
                        "time": 7.458911,
                        "endTime": 8.306132,
                        "type": "orange-in-air",
                        "id": 10
                    },
                    "key": "enter"
                }
            },
            {
                "time": "2019-09-16T19:43:52.634Z",
                "type": "START",
                "source": "hotkey",
                "_t": "13:43:52",
                "_end": "-",
                "data": {
                    "type": "orange-on-ground",
                    "time": 8.317353
                }
            },
            {
                "time": "2019-09-16T19:43:55.786Z",
                "type": "END",
                "source": "hotkey:h_pos",
                "_t": "13:43:55",
                "_end": "-",
                "data": {
                    "lbl": {
                        "time": 8.317353,
                        "endTime": 8.756860829268296,
                        "type": "orange-on-ground",
                        "id": 11
                    },
                    "key": "enter"
                }
            },
            {
                "time": "2019-09-16T19:43:57.630Z",
                "type": "START",
                "source": "hotkey",
                "_t": "13:43:57",
                "_end": "-",
                "data": {
                    "type": "orange-in-air",
                    "time": 8.762472
                }
            },
            {
                "time": "2019-09-16T19:44:01.816Z",
                "type": "END",
                "source": "hotkey:ctb",
                "_t": "13:44:01",
                "_end": "-",
                "data": {
                    "lbl": {
                        "time": 8.762472,
                        "endTime": 9.605952,
                        "type": "orange-in-air",
                        "id": 12
                    },
                    "key": "enter"
                }
            },
            {
                "time": "2019-09-16T19:44:02.973Z",
                "type": "START",
                "source": "hotkey",
                "_t": "13:44:02",
                "_end": "-",
                "data": {
                    "type": "orange-on-ground",
                    "time": 9.613433
                }
            },
            {
                "time": "2019-09-16T19:44:05.592Z",
                "type": "END",
                "source": "hotkey:h_pos",
                "_t": "13:44:05",
                "_end": "-",
                "data": {
                    "lbl": {
                        "time": 9.613433,
                        "endTime": 10.094085243902438,
                        "type": "orange-on-ground",
                        "id": 13
                    },
                    "key": "enter"
                }
            },
            {
                "time": "2019-09-16T19:44:07.244Z",
                "type": "START",
                "source": "hotkey",
                "_t": "13:44:07",
                "_end": "-",
                "data": {
                    "type": "orange-in-air",
                    "time": 10.097826
                }
            },
            {
                "time": "2019-09-16T19:44:14.906Z",
                "type": "END",
                "source": "hotkey:h_pos",
                "_t": "13:44:14",
                "_end": "-",
                "data": {
                    "lbl": {
                        "time": 10.097826,
                        "endTime": 10.918862439024405,
                        "type": "orange-in-air",
                        "id": 14
                    },
                    "key": "enter"
                }
            },
            {
                "time": "2019-09-16T19:44:16.118Z",
                "type": "START",
                "source": "hotkey",
                "_t": "13:44:16",
                "_end": "-",
                "data": {
                    "type": "orange-on-ground",
                    "time": 10.939435
                }
            },
            {
                "time": "2019-09-16T19:44:20.585Z",
                "type": "END",
                "source": "hotkey:h_pos",
                "_t": "13:44:20",
                "_end": "-",
                "data": {
                    "lbl": {
                        "time": 10.939435,
                        "endTime": 11.375201,
                        "type": "orange-on-ground",
                        "id": 15
                    },
                    "key": "enter"
                }
            },
            {
                "time": "2019-09-16T19:44:22.162Z",
                "type": "START",
                "source": "hotkey",
                "_t": "13:44:22",
                "_end": "-",
                "data": {
                    "type": "orange-in-air",
                    "time": 11.388293
                }
            },
            {
                "time": "2019-09-16T19:44:30.281Z",
                "type": "END",
                "source": "hotkey:h_pos",
                "_t": "13:44:30",
                "_end": "-",
                "data": {
                    "lbl": {
                        "time": 11.388293,
                        "endTime": 12.295360756097221,
                        "type": "orange-in-air",
                        "id": 16
                    },
                    "key": "enter"
                }
            },
            {
                "time": "2019-09-16T19:44:32.137Z",
                "type": "START",
                "source": "hotkey",
                "_t": "13:44:32",
                "_end": "-",
                "data": {
                    "type": "orange-on-ground",
                    "time": 12.306582
                }
            },
            {
                "time": "2019-09-16T19:44:36.875Z",
                "type": "END",
                "source": "hotkey:h_pos",
                "_t": "13:44:36",
                "_end": "-",
                "data": {
                    "lbl": {
                        "time": 12.306582,
                        "endTime": 12.779753463414293,
                        "type": "orange-on-ground",
                        "id": 17
                    },
                    "key": "enter"
                }
            },
            {
                "time": "2019-09-16T19:44:38.142Z",
                "type": "START",
                "source": "hotkey",
                "_t": "13:44:38",
                "_end": "-",
                "data": {
                    "type": "orange-in-air",
                    "time": 12.781623
                }
            },
            {
                "time": "2019-09-16T19:44:45.923Z",
                "type": "END",
                "source": "hotkey:h_pos",
                "_t": "13:44:45",
                "_end": "-",
                "data": {
                    "lbl": {
                        "time": 12.781623,
                        "endTime": 13.62697431707317,
                        "type": "orange-in-air",
                        "id": 18
                    },
                    "key": "enter"
                }
            },
            {
                "time": "2019-09-16T19:44:47.359Z",
                "type": "START",
                "source": "hotkey",
                "_t": "13:44:47",
                "_end": "-",
                "data": {
                    "type": "orange-on-ground",
                    "time": 13.628845
                }
            },
            {
                "time": "2019-09-16T19:44:53.146Z",
                "type": "END",
                "source": "hotkey:h_pos",
                "_t": "13:44:53",
                "_end": "-",
                "data": {
                    "lbl": {
                        "time": 13.628845,
                        "endTime": 14.085183999999735,
                        "type": "orange-on-ground",
                        "id": 19
                    },
                    "key": "enter"
                }
            },
            {
                "time": "2019-09-16T19:44:54.668Z",
                "type": "START",
                "source": "hotkey",
                "_t": "13:44:54",
                "_end": "-",
                "data": {
                    "type": "orange-in-air",
                    "time": 14.092665
                }
            },
            {
                "time": "2019-09-16T19:45:01.436Z",
                "type": "END",
                "source": "hotkey:ctb",
                "_t": "13:45:01",
                "_end": "-",
                "data": {
                    "lbl": {
                        "time": 14.092665,
                        "endTime": 14.97355,
                        "type": "orange-in-air",
                        "id": 20
                    },
                    "key": "enter"
                }
            },
            {
                "time": "2019-09-16T19:45:03.123Z",
                "type": "START",
                "source": "hotkey",
                "_t": "13:45:03",
                "_end": "-",
                "data": {
                    "type": "orange-on-ground",
                    "time": 14.981031
                }
            },
            {
                "time": "2019-09-16T19:45:06.699Z",
                "type": "END",
                "source": "hotkey:h_pos",
                "_t": "13:45:06",
                "_end": "-",
                "data": {
                    "lbl": {
                        "time": 14.981031,
                        "endTime": 15.450462073170735,
                        "type": "orange-on-ground",
                        "id": 21
                    },
                    "key": "enter"
                }
            },
            {
                "time": "2019-09-16T19:45:08.223Z",
                "type": "START",
                "source": "hotkey",
                "_t": "13:45:08",
                "_end": "-",
                "data": {
                    "type": "orange-in-air",
                    "time": 15.454203
                }
            },
            {
                "time": "2019-09-16T19:45:15.002Z",
                "type": "END",
                "source": "hotkey:h_pos",
                "_t": "13:45:15",
                "_end": "-",
                "data": {
                    "lbl": {
                        "time": 15.454203,
                        "endTime": 16.299552097560866,
                        "type": "orange-in-air",
                        "id": 22
                    },
                    "key": "enter"
                }
            },
            {
                "time": "2019-09-16T19:45:16.752Z",
                "type": "START",
                "source": "hotkey",
                "_t": "13:45:16",
                "_end": "-",
                "data": {
                    "type": "orange-on-ground",
                    "time": 16.303293
                }
            },
            {
                "time": "2019-09-16T19:45:20.314Z",
                "type": "END",
                "source": "hotkey:h_pos",
                "_t": "13:45:20",
                "_end": "-",
                "data": {
                    "lbl": {
                        "time": 16.303293,
                        "endTime": 16.74092973170677,
                        "type": "orange-on-ground",
                        "id": 23
                    },
                    "key": "enter"
                }
            },
            {
                "time": "2019-09-16T19:45:21.374Z",
                "type": "START",
                "source": "hotkey",
                "_t": "13:45:21",
                "_end": "-",
                "data": {
                    "type": "orange-in-air",
                    "time": 16.748411
                }
            }
        ],
        "navigationEvents": [
            {
                "time": "2019-09-16T19:42:27.265Z",
                "type": "PAUSE",
                "source": "video:button",
                "_t": "13:42:27",
                "_end": "-"
            },
            {
                "time": "2019-09-16T19:42:29.366Z",
                "type": "PLAY",
                "source": "video:button",
                "_t": "13:42:29",
                "_end": "-"
            },
            {
                "time": {
                    "start": "2019-09-16T19:42:19.799Z",
                    "end": "2019-09-16T19:42:30.602Z"
                },
                "type": "SCRUB",
                "source": "data:drag",
                "_t": "13:42:19",
                "_end": "13:42:30",
                "data": {
                    "time": 2.124094634146374
                }
            },
            {
                "time": "2019-09-16T19:42:30.805Z",
                "type": "PAUSE",
                "source": "video:button",
                "_t": "13:42:30",
                "_end": "-"
            },
            {
                "time": {
                    "start": "2019-09-16T19:42:19.799Z",
                    "end": "2019-09-16T19:42:31.667Z"
                },
                "type": "SCRUB",
                "source": "data:drag",
                "_t": "13:42:19",
                "_end": "13:42:31",
                "data": {
                    "time": 1.0869920243903641
                }
            },
            {
                "time": {
                    "start": "2019-09-16T19:42:19.799Z",
                    "end": "2019-09-16T19:42:32.163Z"
                },
                "type": "SCRUB",
                "source": "data:drag",
                "_t": "13:42:19",
                "_end": "13:42:32",
                "data": {
                    "time": 0.3837802926829502
                }
            },
            {
                "time": {
                    "start": "2019-09-16T19:42:19.799Z",
                    "end": "2019-09-16T19:42:33.159Z"
                },
                "type": "SCRUB",
                "source": "data:drag",
                "_t": "13:42:19",
                "_end": "13:42:33",
                "data": {
                    "time": 0.00038
                }
            },
            {
                "time": {
                    "start": "2019-09-16T19:42:19.799Z",
                    "end": "2019-09-16T19:42:35.777Z"
                },
                "type": "SCRUB",
                "source": "data:drag",
                "_t": "13:42:19",
                "_end": "13:42:35",
                "data": {
                    "time": 1.030884
                }
            },
            {
                "time": {
                    "start": "2019-09-16T19:42:19.799Z",
                    "end": "2019-09-16T19:42:36.734Z"
                },
                "type": "SCRUB",
                "source": "data:drag",
                "_t": "13:42:19",
                "_end": "13:42:36",
                "data": {
                    "time": 2.0052815609755807
                }
            },
            {
                "time": {
                    "start": "2019-09-16T19:42:19.799Z",
                    "end": "2019-09-16T19:42:37.587Z"
                },
                "type": "SCRUB",
                "source": "data:drag",
                "_t": "13:42:19",
                "_end": "13:42:37",
                "data": {
                    "time": 1.663026926829251
                }
            },
            {
                "time": {
                    "start": "2019-09-16T19:42:19.799Z",
                    "end": "2019-09-16T19:42:39.013Z"
                },
                "type": "SCRUB",
                "source": "data:drag",
                "_t": "13:42:19",
                "_end": "13:42:39",
                "data": {
                    "time": 1.82760846341464
                }
            },
            {
                "time": {
                    "start": "2019-09-16T19:42:19.799Z",
                    "end": "2019-09-16T19:42:42.651Z"
                },
                "type": "SCRUB",
                "source": "data:drag",
                "_t": "13:42:19",
                "_end": "13:42:42",
                "data": {
                    "time": 2.424216268292648
                }
            },
            {
                "time": {
                    "start": "2019-09-16T19:42:19.799Z",
                    "end": "2019-09-16T19:42:44.336Z"
                },
                "type": "SCRUB",
                "source": "data:drag",
                "_t": "13:42:19",
                "_end": "13:42:44",
                "data": {
                    "time": 2.6355537560975693
                }
            },
            {
                "time": {
                    "start": "2019-09-16T19:42:19.799Z",
                    "end": "2019-09-16T19:42:45.503Z"
                },
                "type": "SCRUB",
                "source": "data:drag",
                "_t": "13:42:19",
                "_end": "13:42:45",
                "data": {
                    "time": 2.755249
                }
            },
            {
                "time": {
                    "start": "2019-09-16T19:42:19.799Z",
                    "end": "2019-09-16T19:42:50.518Z"
                },
                "type": "SCRUB",
                "source": "data:drag",
                "_t": "13:42:19",
                "_end": "13:42:50",
                "data": {
                    "time": 2.76273
                }
            },
            {
                "time": {
                    "start": "2019-09-16T19:42:19.799Z",
                    "end": "2019-09-16T19:42:51.439Z"
                },
                "type": "SCRUB",
                "source": "data:drag",
                "_t": "13:42:19",
                "_end": "13:42:51",
                "data": {
                    "time": 3.106855
                }
            },
            {
                "time": {
                    "start": "2019-09-16T19:42:19.799Z",
                    "end": "2019-09-16T19:42:51.926Z"
                },
                "type": "SCRUB",
                "source": "data:drag",
                "_t": "13:42:19",
                "_end": "13:42:51",
                "data": {
                    "time": 3.432277439024372
                }
            },
            {
                "time": {
                    "start": "2019-09-16T19:42:19.799Z",
                    "end": "2019-09-16T19:42:53.102Z"
                },
                "type": "SCRUB",
                "source": "data:drag",
                "_t": "13:42:19",
                "_end": "13:42:53",
                "data": {
                    "time": 3.394872
                }
            },
            {
                "time": {
                    "start": "2019-09-16T19:42:19.799Z",
                    "end": "2019-09-16T19:42:56.419Z"
                },
                "type": "SCRUB",
                "source": "data:drag",
                "_t": "13:42:19",
                "_end": "13:42:56",
                "data": {
                    "time": 3.649225170731716
                }
            },
            {
                "time": {
                    "start": "2019-09-16T19:42:19.799Z",
                    "end": "2019-09-16T19:42:59.989Z"
                },
                "type": "SCRUB",
                "source": "data:drag",
                "_t": "13:42:19",
                "_end": "13:42:59",
                "data": {
                    "time": 4.012053
                }
            },
            {
                "time": {
                    "start": "2019-09-16T19:42:19.799Z",
                    "end": "2019-09-16T19:43:01.564Z"
                },
                "type": "SCRUB",
                "source": "data:drag",
                "_t": "13:42:19",
                "_end": "13:43:01",
                "data": {
                    "time": 4.161672
                }
            },
            {
                "time": {
                    "start": "2019-09-16T19:42:19.799Z",
                    "end": "2019-09-16T19:43:03.327Z"
                },
                "type": "SCRUB",
                "source": "data:drag",
                "_t": "13:42:19",
                "_end": "13:43:03",
                "data": {
                    "time": 4.163542
                }
            },
            {
                "time": {
                    "start": "2019-09-16T19:42:19.799Z",
                    "end": "2019-09-16T19:43:03.936Z"
                },
                "type": "SCRUB",
                "source": "data:drag",
                "_t": "13:42:19",
                "_end": "13:43:03",
                "data": {
                    "time": 4.184115
                }
            },
            {
                "time": {
                    "start": "2019-09-16T19:42:19.799Z",
                    "end": "2019-09-16T19:43:04.943Z"
                },
                "type": "SCRUB",
                "source": "data:drag",
                "_t": "13:42:19",
                "_end": "13:43:04",
                "data": {
                    "time": 4.232741
                }
            },
            {
                "time": {
                    "start": "2019-09-16T19:42:19.799Z",
                    "end": "2019-09-16T19:43:07.870Z"
                },
                "type": "SCRUB",
                "source": "data:drag",
                "_t": "13:42:19",
                "_end": "13:43:07",
                "data": {
                    "time": 4.518889
                }
            },
            {
                "time": {
                    "start": "2019-09-16T19:42:19.799Z",
                    "end": "2019-09-16T19:43:08.425Z"
                },
                "type": "SCRUB",
                "source": "data:drag",
                "_t": "13:42:19",
                "_end": "13:43:08",
                "data": {
                    "time": 4.8630136097560825
                }
            },
            {
                "time": {
                    "start": "2019-09-16T19:42:19.799Z",
                    "end": "2019-09-16T19:43:09.953Z"
                },
                "type": "SCRUB",
                "source": "data:drag",
                "_t": "13:42:19",
                "_end": "13:43:09",
                "data": {
                    "time": 4.877976
                }
            },
            {
                "time": {
                    "start": "2019-09-16T19:42:19.799Z",
                    "end": "2019-09-16T19:43:10.557Z"
                },
                "type": "SCRUB",
                "source": "data:drag",
                "_t": "13:42:19",
                "_end": "13:43:10",
                "data": {
                    "time": 4.831219902439031
                }
            },
            {
                "time": {
                    "start": "2019-09-16T19:42:19.799Z",
                    "end": "2019-09-16T19:43:11.388Z"
                },
                "type": "SCRUB",
                "source": "data:drag",
                "_t": "13:42:19",
                "_end": "13:43:11",
                "data": {
                    "time": 4.786334146341461
                }
            },
            {
                "time": {
                    "start": "2019-09-16T19:42:19.799Z",
                    "end": "2019-09-16T19:43:13.573Z"
                },
                "type": "SCRUB",
                "source": "data:drag",
                "_t": "13:42:19",
                "_end": "13:43:13",
                "data": {
                    "time": 4.793815
                }
            },
            {
                "time": {
                    "start": "2019-09-16T19:42:19.799Z",
                    "end": "2019-09-16T19:43:14.331Z"
                },
                "type": "SCRUB",
                "source": "data:drag",
                "_t": "13:42:19",
                "_end": "13:43:14",
                "data": {
                    "time": 5.124848414634236
                }
            },
            {
                "time": {
                    "start": "2019-09-16T19:42:19.799Z",
                    "end": "2019-09-16T19:43:15.068Z"
                },
                "type": "SCRUB",
                "source": "data:drag",
                "_t": "13:42:19",
                "_end": "13:43:15",
                "data": {
                    "time": 5.4633621463415425
                }
            },
            {
                "time": {
                    "start": "2019-09-16T19:42:19.799Z",
                    "end": "2019-09-16T19:43:16.724Z"
                },
                "type": "SCRUB",
                "source": "data:drag",
                "_t": "13:42:19",
                "_end": "13:43:16",
                "data": {
                    "time": 5.418476
                }
            },
            {
                "time": {
                    "start": "2019-09-16T19:42:19.799Z",
                    "end": "2019-09-16T19:43:19.980Z"
                },
                "type": "SCRUB",
                "source": "data:drag",
                "_t": "13:42:19",
                "_end": "13:43:19",
                "data": {
                    "time": 5.536301
                }
            },
            {
                "time": {
                    "start": "2019-09-16T19:42:19.799Z",
                    "end": "2019-09-16T19:43:22.817Z"
                },
                "type": "SCRUB",
                "source": "data:drag",
                "_t": "13:42:19",
                "_end": "13:43:22",
                "data": {
                    "time": 5.541912
                }
            },
            {
                "time": {
                    "start": "2019-09-16T19:42:19.799Z",
                    "end": "2019-09-16T19:43:25.399Z"
                },
                "type": "SCRUB",
                "source": "data:drag",
                "_t": "13:42:19",
                "_end": "13:43:25",
                "data": {
                    "time": 6.108596
                }
            },
            {
                "time": {
                    "start": "2019-09-16T19:42:19.799Z",
                    "end": "2019-09-16T19:43:27.872Z"
                },
                "type": "SCRUB",
                "source": "data:drag",
                "_t": "13:42:19",
                "_end": "13:43:27",
                "data": {
                    "time": 6.116077
                }
            },
            {
                "time": {
                    "start": "2019-09-16T19:42:19.799Z",
                    "end": "2019-09-16T19:43:34.302Z"
                },
                "type": "SCRUB",
                "source": "data:drag",
                "_t": "13:42:19",
                "_end": "13:43:34",
                "data": {
                    "time": 6.995091243902438
                }
            },
            {
                "time": {
                    "start": "2019-09-16T19:42:19.799Z",
                    "end": "2019-09-16T19:43:38.546Z"
                },
                "type": "SCRUB",
                "source": "data:drag",
                "_t": "13:42:19",
                "_end": "13:43:38",
                "data": {
                    "time": 7.008183
                }
            },
            {
                "time": {
                    "start": "2019-09-16T19:42:19.799Z",
                    "end": "2019-09-16T19:43:40.341Z"
                },
                "type": "SCRUB",
                "source": "data:drag",
                "_t": "13:42:19",
                "_end": "13:43:40",
                "data": {
                    "time": 7.47013348780466
                }
            },
            {
                "time": {
                    "start": "2019-09-16T19:42:19.799Z",
                    "end": "2019-09-16T19:43:42.764Z"
                },
                "type": "SCRUB",
                "source": "data:drag",
                "_t": "13:42:19",
                "_end": "13:43:42",
                "data": {
                    "time": 7.455171
                }
            },
            {
                "time": {
                    "start": "2019-09-16T19:42:19.799Z",
                    "end": "2019-09-16T19:43:44.736Z"
                },
                "type": "SCRUB",
                "source": "data:drag",
                "_t": "13:42:19",
                "_end": "13:43:44",
                "data": {
                    "time": 7.458911
                }
            },
            {
                "time": {
                    "start": "2019-09-16T19:42:19.799Z",
                    "end": "2019-09-16T19:43:46.477Z"
                },
                "type": "SCRUB",
                "source": "data:drag",
                "_t": "13:42:19",
                "_end": "13:43:46",
                "data": {
                    "time": 7.78246368292684
                }
            },
            {
                "time": {
                    "start": "2019-09-16T19:42:19.799Z",
                    "end": "2019-09-16T19:43:47.264Z"
                },
                "type": "SCRUB",
                "source": "data:drag",
                "_t": "13:42:19",
                "_end": "13:43:47",
                "data": {
                    "time": 8.106016195121963
                }
            },
            {
                "time": {
                    "start": "2019-09-16T19:42:19.799Z",
                    "end": "2019-09-16T19:43:48.240Z"
                },
                "type": "SCRUB",
                "source": "data:drag",
                "_t": "13:42:19",
                "_end": "13:43:48",
                "data": {
                    "time": 8.167734
                }
            },
            {
                "time": {
                    "start": "2019-09-16T19:42:19.799Z",
                    "end": "2019-09-16T19:43:49.133Z"
                },
                "type": "SCRUB",
                "source": "data:drag",
                "_t": "13:42:19",
                "_end": "13:43:49",
                "data": {
                    "time": 8.270597
                }
            },
            {
                "time": {
                    "start": "2019-09-16T19:42:19.799Z",
                    "end": "2019-09-16T19:43:50.282Z"
                },
                "type": "SCRUB",
                "source": "data:drag",
                "_t": "13:42:19",
                "_end": "13:43:50",
                "data": {
                    "time": 8.306132
                }
            },
            {
                "time": {
                    "start": "2019-09-16T19:42:19.799Z",
                    "end": "2019-09-16T19:43:52.501Z"
                },
                "type": "SCRUB",
                "source": "data:drag",
                "_t": "13:42:19",
                "_end": "13:43:52",
                "data": {
                    "time": 8.317353
                }
            },
            {
                "time": {
                    "start": "2019-09-16T19:42:19.799Z",
                    "end": "2019-09-16T19:43:53.308Z"
                },
                "type": "SCRUB",
                "source": "data:drag",
                "_t": "13:42:19",
                "_end": "13:43:53",
                "data": {
                    "time": 8.7044939512197
                }
            },
            {
                "time": {
                    "start": "2019-09-16T19:42:19.799Z",
                    "end": "2019-09-16T19:43:54.456Z"
                },
                "type": "SCRUB",
                "source": "data:drag",
                "_t": "13:42:19",
                "_end": "13:43:54",
                "data": {
                    "time": 8.756861
                }
            },
            {
                "time": {
                    "start": "2019-09-16T19:42:19.799Z",
                    "end": "2019-09-16T19:43:57.431Z"
                },
                "type": "SCRUB",
                "source": "data:drag",
                "_t": "13:42:19",
                "_end": "13:43:57",
                "data": {
                    "time": 8.762472
                }
            },
            {
                "time": {
                    "start": "2019-09-16T19:42:19.799Z",
                    "end": "2019-09-16T19:43:58.341Z"
                },
                "type": "SCRUB",
                "source": "data:drag",
                "_t": "13:42:19",
                "_end": "13:43:58",
                "data": {
                    "time": 8.985030780487733
                }
            },
            {
                "time": {
                    "start": "2019-09-16T19:42:19.799Z",
                    "end": "2019-09-16T19:43:59.346Z"
                },
                "type": "SCRUB",
                "source": "data:drag",
                "_t": "13:42:19",
                "_end": "13:43:59",
                "data": {
                    "time": 9.166444658536648
                }
            },
            {
                "time": {
                    "start": "2019-09-16T19:42:19.799Z",
                    "end": "2019-09-16T19:44:00.108Z"
                },
                "type": "SCRUB",
                "source": "data:drag",
                "_t": "13:42:19",
                "_end": "13:44:00",
                "data": {
                    "time": 9.60595231707317
                }
            },
            {
                "time": {
                    "start": "2019-09-16T19:42:19.799Z",
                    "end": "2019-09-16T19:44:02.937Z"
                },
                "type": "SCRUB",
                "source": "data:drag",
                "_t": "13:42:19",
                "_end": "13:44:02",
                "data": {
                    "time": 9.613433
                }
            },
            {
                "time": {
                    "start": "2019-09-16T19:42:19.799Z",
                    "end": "2019-09-16T19:44:04.984Z"
                },
                "type": "SCRUB",
                "source": "data:drag",
                "_t": "13:42:19",
                "_end": "13:44:04",
                "data": {
                    "time": 10.092215
                }
            },
            {
                "time": {
                    "start": "2019-09-16T19:42:19.799Z",
                    "end": "2019-09-16T19:44:07.174Z"
                },
                "type": "SCRUB",
                "source": "data:drag",
                "_t": "13:42:19",
                "_end": "13:44:07",
                "data": {
                    "time": 10.097825756097388
                }
            },
            {
                "time": {
                    "start": "2019-09-16T19:42:19.799Z",
                    "end": "2019-09-16T19:44:09.165Z"
                },
                "type": "SCRUB",
                "source": "data:drag",
                "_t": "13:42:19",
                "_end": "13:44:09",
                "data": {
                    "time": 10.51863024390244
                }
            },
            {
                "time": {
                    "start": "2019-09-16T19:42:19.799Z",
                    "end": "2019-09-16T19:44:13.524Z"
                },
                "type": "SCRUB",
                "source": "data:drag",
                "_t": "13:42:19",
                "_end": "13:44:13",
                "data": {
                    "time": 10.922602926829283
                }
            },
            {
                "time": {
                    "start": "2019-09-16T19:42:19.799Z",
                    "end": "2019-09-16T19:44:16.190Z"
                },
                "type": "SCRUB",
                "source": "data:drag",
                "_t": "13:42:19",
                "_end": "13:44:16",
                "data": {
                    "time": 10.939435
                }
            },
            {
                "time": {
                    "start": "2019-09-16T19:42:19.799Z",
                    "end": "2019-09-16T19:44:17.980Z"
                },
                "type": "SCRUB",
                "source": "data:drag",
                "_t": "13:42:19",
                "_end": "13:44:17",
                "data": {
                    "time": 11.44814134146303
                }
            },
            {
                "time": {
                    "start": "2019-09-16T19:42:19.799Z",
                    "end": "2019-09-16T19:44:19.285Z"
                },
                "type": "SCRUB",
                "source": "data:drag",
                "_t": "13:42:19",
                "_end": "13:44:19",
                "data": {
                    "time": 11.37520148780502
                }
            },
            {
                "time": {
                    "start": "2019-09-16T19:42:19.799Z",
                    "end": "2019-09-16T19:44:22.033Z"
                },
                "type": "SCRUB",
                "source": "data:drag",
                "_t": "13:42:19",
                "_end": "13:44:22",
                "data": {
                    "time": 11.388293
                }
            },
            {
                "time": {
                    "start": "2019-09-16T19:42:19.799Z",
                    "end": "2019-09-16T19:44:23.557Z"
                },
                "type": "SCRUB",
                "source": "data:drag",
                "_t": "13:42:19",
                "_end": "13:44:23",
                "data": {
                    "time": 11.73054734146326
                }
            },
            {
                "time": {
                    "start": "2019-09-16T19:42:19.799Z",
                    "end": "2019-09-16T19:44:24.285Z"
                },
                "type": "SCRUB",
                "source": "data:drag",
                "_t": "13:42:19",
                "_end": "13:44:24",
                "data": {
                    "time": 11.913830902438828
                }
            },
            {
                "time": {
                    "start": "2019-09-16T19:42:19.799Z",
                    "end": "2019-09-16T19:44:27.209Z"
                },
                "type": "SCRUB",
                "source": "data:drag",
                "_t": "13:42:19",
                "_end": "13:44:27",
                "data": {
                    "time": 12.248605
                }
            },
            {
                "time": {
                    "start": "2019-09-16T19:42:19.799Z",
                    "end": "2019-09-16T19:44:28.221Z"
                },
                "type": "SCRUB",
                "source": "data:drag",
                "_t": "13:42:19",
                "_end": "13:44:28",
                "data": {
                    "time": 12.302842
                }
            },
            {
                "time": {
                    "start": "2019-09-16T19:42:19.799Z",
                    "end": "2019-09-16T19:44:29.224Z"
                },
                "type": "SCRUB",
                "source": "data:drag",
                "_t": "13:42:19",
                "_end": "13:44:29",
                "data": {
                    "time": 12.299101
                }
            },
            {
                "time": {
                    "start": "2019-09-16T19:42:19.799Z",
                    "end": "2019-09-16T19:44:31.938Z"
                },
                "type": "SCRUB",
                "source": "data:drag",
                "_t": "13:42:19",
                "_end": "13:44:31",
                "data": {
                    "time": 12.306582
                }
            },
            {
                "time": {
                    "start": "2019-09-16T19:42:19.799Z",
                    "end": "2019-09-16T19:44:33.142Z"
                },
                "type": "SCRUB",
                "source": "data:drag",
                "_t": "13:42:19",
                "_end": "13:44:33",
                "data": {
                    "time": 12.768532463414193
                }
            },
            {
                "time": {
                    "start": "2019-09-16T19:42:19.799Z",
                    "end": "2019-09-16T19:44:35.349Z"
                },
                "type": "SCRUB",
                "source": "data:drag",
                "_t": "13:42:19",
                "_end": "13:44:35",
                "data": {
                    "time": 12.779753463414293
                }
            },
            {
                "time": {
                    "start": "2019-09-16T19:42:19.799Z",
                    "end": "2019-09-16T19:44:38.090Z"
                },
                "type": "SCRUB",
                "source": "data:drag",
                "_t": "13:42:19",
                "_end": "13:44:38",
                "data": {
                    "time": 12.781623
                }
            },
            {
                "time": {
                    "start": "2019-09-16T19:42:19.799Z",
                    "end": "2019-09-16T19:44:39.005Z"
                },
                "type": "SCRUB",
                "source": "data:drag",
                "_t": "13:42:19",
                "_end": "13:44:39",
                "data": {
                    "time": 12.963036902438885
                }
            },
            {
                "time": {
                    "start": "2019-09-16T19:42:19.799Z",
                    "end": "2019-09-16T19:44:40.701Z"
                },
                "type": "SCRUB",
                "source": "data:drag",
                "_t": "13:42:19",
                "_end": "13:44:40",
                "data": {
                    "time": 13.469873097561397
                }
            },
            {
                "time": {
                    "start": "2019-09-16T19:42:19.799Z",
                    "end": "2019-09-16T19:44:42.429Z"
                },
                "type": "SCRUB",
                "source": "data:drag",
                "_t": "13:42:19",
                "_end": "13:44:42",
                "data": {
                    "time": 13.436209
                }
            },
            {
                "time": {
                    "start": "2019-09-16T19:42:19.799Z",
                    "end": "2019-09-16T19:44:43.203Z"
                },
                "type": "SCRUB",
                "source": "data:drag",
                "_t": "13:42:19",
                "_end": "13:44:43",
                "data": {
                    "time": 13.522240219512174
                }
            },
            {
                "time": {
                    "start": "2019-09-16T19:42:19.799Z",
                    "end": "2019-09-16T19:44:43.767Z"
                },
                "type": "SCRUB",
                "source": "data:drag",
                "_t": "13:42:19",
                "_end": "13:44:43",
                "data": {
                    "time": 13.647547
                }
            },
            {
                "time": {
                    "start": "2019-09-16T19:42:19.799Z",
                    "end": "2019-09-16T19:44:44.942Z"
                },
                "type": "SCRUB",
                "source": "data:drag",
                "_t": "13:42:19",
                "_end": "13:44:44",
                "data": {
                    "time": 13.623234
                }
            },
            {
                "time": {
                    "start": "2019-09-16T19:42:19.799Z",
                    "end": "2019-09-16T19:44:47.313Z"
                },
                "type": "SCRUB",
                "source": "data:drag",
                "_t": "13:42:19",
                "_end": "13:44:47",
                "data": {
                    "time": 13.628845
                }
            },
            {
                "time": {
                    "start": "2019-09-16T19:42:19.799Z",
                    "end": "2019-09-16T19:44:48.157Z"
                },
                "type": "SCRUB",
                "source": "data:drag",
                "_t": "13:42:19",
                "_end": "13:44:48",
                "data": {
                    "time": 13.931824243902525
                }
            },
            {
                "time": {
                    "start": "2019-09-16T19:42:19.799Z",
                    "end": "2019-09-16T19:44:50.328Z"
                },
                "type": "SCRUB",
                "source": "data:drag",
                "_t": "13:42:19",
                "_end": "13:44:50",
                "data": {
                    "time": 14.085183999999737
                }
            },
            {
                "time": {
                    "start": "2019-09-16T19:42:19.799Z",
                    "end": "2019-09-16T19:44:52.017Z"
                },
                "type": "SCRUB",
                "source": "data:drag",
                "_t": "13:42:19",
                "_end": "13:44:52",
                "data": {
                    "time": 14.083314
                }
            },
            {
                "time": {
                    "start": "2019-09-16T19:42:19.799Z",
                    "end": "2019-09-16T19:44:54.640Z"
                },
                "type": "SCRUB",
                "source": "data:drag",
                "_t": "13:42:19",
                "_end": "13:44:54",
                "data": {
                    "time": 14.092665
                }
            },
            {
                "time": {
                    "start": "2019-09-16T19:42:19.799Z",
                    "end": "2019-09-16T19:44:55.296Z"
                },
                "type": "SCRUB",
                "source": "data:drag",
                "_t": "13:42:19",
                "_end": "13:44:55",
                "data": {
                    "time": 14.320835000000065
                }
            },
            {
                "time": {
                    "start": "2019-09-16T19:42:19.799Z",
                    "end": "2019-09-16T19:44:56.301Z"
                },
                "type": "SCRUB",
                "source": "data:drag",
                "_t": "13:42:19",
                "_end": "13:44:56",
                "data": {
                    "time": 14.66121939024392
                }
            },
            {
                "time": {
                    "start": "2019-09-16T19:42:19.799Z",
                    "end": "2019-09-16T19:44:57.497Z"
                },
                "type": "SCRUB",
                "source": "data:drag",
                "_t": "13:42:19",
                "_end": "13:44:57",
                "data": {
                    "time": 14.795877
                }
            },
            {
                "time": {
                    "start": "2019-09-16T19:42:19.799Z",
                    "end": "2019-09-16T19:44:59.924Z"
                },
                "type": "SCRUB",
                "source": "data:drag",
                "_t": "13:42:19",
                "_end": "13:44:59",
                "data": {
                    "time": 14.973549731707402
                }
            },
            {
                "time": {
                    "start": "2019-09-16T19:42:19.799Z",
                    "end": "2019-09-16T19:45:03.049Z"
                },
                "type": "SCRUB",
                "source": "data:drag",
                "_t": "13:42:19",
                "_end": "13:45:03",
                "data": {
                    "time": 14.981031
                }
            },
            {
                "time": {
                    "start": "2019-09-16T19:42:19.799Z",
                    "end": "2019-09-16T19:45:03.764Z"
                },
                "type": "SCRUB",
                "source": "data:drag",
                "_t": "13:42:19",
                "_end": "13:45:03",
                "data": {
                    "time": 15.319544853658636
                }
            },
            {
                "time": {
                    "start": "2019-09-16T19:42:19.799Z",
                    "end": "2019-09-16T19:45:05.647Z"
                },
                "type": "SCRUB",
                "source": "data:drag",
                "_t": "13:42:19",
                "_end": "13:45:05",
                "data": {
                    "time": 15.422408
                }
            },
            {
                "time": {
                    "start": "2019-09-16T19:42:19.799Z",
                    "end": "2019-09-16T19:45:08.081Z"
                },
                "type": "SCRUB",
                "source": "data:drag",
                "_t": "13:42:19",
                "_end": "13:45:08",
                "data": {
                    "time": 15.454203
                }
            },
            {
                "time": {
                    "start": "2019-09-16T19:42:19.799Z",
                    "end": "2019-09-16T19:45:10.047Z"
                },
                "type": "SCRUB",
                "source": "data:drag",
                "_t": "13:42:19",
                "_end": "13:45:10",
                "data": {
                    "time": 16.026497
                }
            },
            {
                "time": {
                    "start": "2019-09-16T19:42:19.799Z",
                    "end": "2019-09-16T19:45:10.793Z"
                },
                "type": "SCRUB",
                "source": "data:drag",
                "_t": "13:42:19",
                "_end": "13:45:10",
                "data": {
                    "time": 16.176116487804737
                }
            },
            {
                "time": {
                    "start": "2019-09-16T19:42:19.799Z",
                    "end": "2019-09-16T19:45:13.898Z"
                },
                "type": "SCRUB",
                "source": "data:drag",
                "_t": "13:42:19",
                "_end": "13:45:13",
                "data": {
                    "time": 16.301422341463304
                }
            },
            {
                "time": {
                    "start": "2019-09-16T19:42:19.799Z",
                    "end": "2019-09-16T19:45:16.696Z"
                },
                "type": "SCRUB",
                "source": "data:drag",
                "_t": "13:42:19",
                "_end": "13:45:16",
                "data": {
                    "time": 16.303293
                }
            },
            {
                "time": {
                    "start": "2019-09-16T19:42:19.799Z",
                    "end": "2019-09-16T19:45:17.565Z"
                },
                "type": "SCRUB",
                "source": "data:drag",
                "_t": "13:42:19",
                "_end": "13:45:17",
                "data": {
                    "time": 16.66050934146321
                }
            },
            {
                "time": {
                    "start": "2019-09-16T19:42:19.799Z",
                    "end": "2019-09-16T19:45:19.436Z"
                },
                "type": "SCRUB",
                "source": "data:drag",
                "_t": "13:42:19",
                "_end": "13:45:19",
                "data": {
                    "time": 16.733448756097015
                }
            },
            {
                "time": {
                    "start": "2019-09-16T19:42:19.799Z",
                    "end": "2019-09-16T19:45:21.305Z"
                },
                "type": "SCRUB",
                "source": "data:drag",
                "_t": "13:42:19",
                "_end": "13:45:21",
                "data": {
                    "time": 16.748411
                }
            },
            {
                "time": {
                    "start": "2019-09-16T19:42:19.799Z",
                    "end": "2019-09-16T19:45:21.984Z"
                },
                "type": "SCRUB",
                "source": "data:drag",
                "_t": "13:42:19",
                "_end": "13:45:21",
                "data": {
                    "time": 17.10936778048599
                }
            },
            {
                "time": {
                    "start": "2019-09-16T19:42:19.799Z",
                    "end": "2019-09-16T19:45:22.504Z"
                },
                "type": "SCRUB",
                "source": "data:drag",
                "_t": "13:42:19",
                "_end": "13:45:22",
                "data": {
                    "time": 17.489027292681126
                }
            }
        ]
    }
}