{
    "user_id": "gold3",
    "session_id": "5d7bc05381249f67dd06acd1",
    "study": "studyE",
    "workspace": "gait.gait-yellow",
    "details": {
        "workspace": "gait.gait-yellow",
        "labels": [
            {
                "time": 0.005530585367241769,
                "endTime": 1.7979335121953457,
                "type": "orange-on-ground",
                "id": 1
            },
            {
                "time": 1.8016735853651855,
                "endTime": 2.6545048048789854,
                "type": "orange-in-air",
                "id": 2
            },
            {
                "time": 2.6601162439047807,
                "endTime": 3.4194352439038127,
                "type": "orange-on-ground",
                "id": 3
            },
            {
                "time": 3.421305243902439,
                "endTime": 4.13573890243905,
                "type": "orange-in-air",
                "id": 4
            },
            {
                "time": 4.145090000000554,
                "endTime": 4.840820487804908,
                "type": "orange-on-ground",
                "id": 5
            },
            {
                "time": 4.846431219512754,
                "endTime": 5.527200000000582,
                "type": "orange-in-air",
                "id": 6
            },
            {
                "time": 5.532811292682816,
                "endTime": 6.148121268292594,
                "type": "orange-on-ground",
                "id": 7
            },
            {
                "time": 6.153731756097695,
                "endTime": 6.937363951219394,
                "type": "orange-in-air",
                "id": 8
            }
        ],
        "_starts": [
            "2019-09-13T16:41:55.000Z"
        ],
        "_ends": [
            "2019-09-13T16:45:06.765Z"
        ]
    },
    "labels_file": "/home/ubuntu/vat/data/user-studies/studyE/gait-yellow/gold3.labels.json",
    "videoFlash": 0.00001,
    "surveys": {
        "user-info": {
            "firstname": "Youngchan",
            "lastname": "Kim",
            "email": "kimycyc94@gmil.com"
        },
        "practice-first": {
            "question1": "5",
            "question2": "ok",
            "question3": "100",
            "question4": "5"
        },
        "practice-second": {},
        "practice-third": {},
        "practice-survey": {},
        "drywall-blue": {
            "question1": "4",
            "question2": "4",
            "question3": "60",
            "question4": "70"
        },
        "drywall-red": {
            "question1": "3",
            "question2": "3",
            "question3": "50",
            "question4": "50"
        },
        "drywall-orange": {
            "question1": "4",
            "question2": "4",
            "question3": "80",
            "question4": "50"
        },
        "drywall-survey": {
            "question1": "4",
            "question2": "5",
            "question3": "4",
            "question4": "5"
        },
        "gait-blue": {
            "question1": "2",
            "question2": "2",
            "question3": "80",
            "question4": "40"
        },
        "gait-red": {
            "question1": "2",
            "question2": "2",
            "question3": "40",
            "question4": "80"
        }
    },
    "logs": {
        "labelEvents": [
            {
                "time": "2019-09-13T16:42:27.317Z",
                "type": "START",
                "source": "side-bar:button",
                "_t": "10:42:27",
                "_end": "-",
                "data": {
                    "type": "orange-on-ground",
                    "time": 0.005531
                }
            },
            {
                "time": "2019-09-13T16:42:34.175Z",
                "type": "END",
                "source": "data:click:h_pos",
                "_t": "10:42:34",
                "_end": "-",
                "data": {
                    "lbl": {
                        "time": 0.005530585367241769,
                        "endTime": 1.7979335121953457,
                        "type": "orange-on-ground",
                        "id": 1
                    }
                }
            },
            {
                "time": "2019-09-13T16:42:40.846Z",
                "type": "SELECT",
                "source": "data:click",
                "_t": "10:42:40",
                "_end": "-",
                "data": {
                    "time": 0.005530585367241769,
                    "endTime": 1.7979335121953457,
                    "type": "orange-on-ground",
                    "id": 1
                }
            },
            {
                "time": {
                    "start": "2019-09-13T16:42:41.712Z",
                    "end": "2019-09-13T16:42:42.724Z"
                },
                "type": "RESIZE",
                "source": "data:brush",
                "_t": "10:42:41",
                "_end": "10:42:42",
                "data": {
                    "brushing": true,
                    "origin": [
                        0.005531,
                        1.67636807317098
                    ],
                    "_brushside": 1,
                    "start": "2019-09-13T16:42:41.712Z",
                    "ε": 0.1,
                    "mode": "resize"
                }
            },
            {
                "time": "2019-09-13T16:42:44.146Z",
                "type": "DESELECT",
                "source": "data:click",
                "_t": "10:42:44",
                "_end": "-",
                "data": {
                    "time": 0.005530585367241769,
                    "endTime": 1.7979335121953457,
                    "type": "orange-on-ground",
                    "id": 1
                }
            },
            {
                "time": "2019-09-13T16:42:45.574Z",
                "type": "START",
                "source": "side-bar:button",
                "_t": "10:42:45",
                "_end": "-",
                "data": {
                    "type": "orange-in-air",
                    "time": 1.801674
                }
            },
            {
                "time": "2019-09-13T16:42:47.361Z",
                "type": "END",
                "source": "data:click:h_pos",
                "_t": "10:42:47",
                "_end": "-",
                "data": {
                    "lbl": {
                        "time": 1.8016735853651855,
                        "endTime": 2.6545048048789854,
                        "type": "orange-in-air",
                        "id": 2
                    }
                }
            },
            {
                "time": "2019-09-13T16:43:01.359Z",
                "type": "SELECT",
                "source": "data:click",
                "_t": "10:43:01",
                "_end": "-",
                "data": {
                    "time": 1.8016735853651855,
                    "endTime": 2.6545048048789854,
                    "type": "orange-in-air",
                    "id": 2
                }
            },
            {
                "time": {
                    "start": "2019-09-13T16:43:01.840Z",
                    "end": "2019-09-13T16:43:03.725Z"
                },
                "type": "RESIZE",
                "source": "data:brush",
                "_t": "10:43:01",
                "_end": "10:43:03",
                "data": {
                    "brushing": true,
                    "origin": [
                        1.801674,
                        2.940652536586307
                    ],
                    "_brushside": 1,
                    "start": "2019-09-13T16:43:01.840Z",
                    "ε": 0.1,
                    "mode": "resize"
                }
            },
            {
                "time": "2019-09-13T16:43:07.648Z",
                "type": "DESELECT",
                "source": "data:click",
                "_t": "10:43:07",
                "_end": "-",
                "data": {
                    "time": 1.8016735853651855,
                    "endTime": 2.6545048048789854,
                    "type": "orange-in-air",
                    "id": 2
                }
            },
            {
                "time": "2019-09-13T16:43:13.671Z",
                "type": "START",
                "source": "side-bar:button",
                "_t": "10:43:13",
                "_end": "-",
                "data": {
                    "type": "orange-on-ground",
                    "time": 2.660116
                }
            },
            {
                "time": "2019-09-13T16:43:15.533Z",
                "type": "END",
                "source": "data:click:h_pos",
                "_t": "10:43:15",
                "_end": "-",
                "data": {
                    "lbl": {
                        "time": 2.6601162439047807,
                        "endTime": 3.4194352439038127,
                        "type": "orange-on-ground",
                        "id": 3
                    }
                }
            },
            {
                "time": "2019-09-13T16:43:29.849Z",
                "type": "SELECT",
                "source": "data:click",
                "_t": "10:43:29",
                "_end": "-",
                "data": {
                    "time": 2.6601162439047807,
                    "endTime": 3.4194352439038127,
                    "type": "orange-on-ground",
                    "id": 3
                }
            },
            {
                "time": {
                    "start": "2019-09-13T16:43:31.241Z",
                    "end": "2019-09-13T16:43:33.603Z"
                },
                "type": "RESIZE",
                "source": "data:brush",
                "_t": "10:43:31",
                "_end": "10:43:33",
                "data": {
                    "brushing": true,
                    "origin": [
                        2.660116,
                        3.8084457317063634
                    ],
                    "_brushside": 1,
                    "start": "2019-09-13T16:43:31.241Z",
                    "ε": 0.1,
                    "mode": "resize"
                }
            },
            {
                "time": "2019-09-13T16:43:40.239Z",
                "type": "START",
                "source": "side-bar:button",
                "_t": "10:43:40",
                "_end": "-",
                "data": {
                    "type": "orange-in-air",
                    "time": 3.421305
                }
            },
            {
                "time": "2019-09-13T16:43:42.035Z",
                "type": "END",
                "source": "data:click:h_pos",
                "_t": "10:43:42",
                "_end": "-",
                "data": {
                    "lbl": {
                        "time": 3.421305243902439,
                        "endTime": 4.13573890243905,
                        "type": "orange-in-air",
                        "id": 4
                    }
                }
            },
            {
                "time": "2019-09-13T16:43:50.280Z",
                "type": "SELECT",
                "source": "data:click",
                "_t": "10:43:50",
                "_end": "-",
                "data": {
                    "time": 3.421305243902439,
                    "endTime": 4.13573890243905,
                    "type": "orange-in-air",
                    "id": 4
                }
            },
            {
                "time": {
                    "start": "2019-09-13T16:43:50.913Z",
                    "end": "2019-09-13T16:43:52.766Z"
                },
                "type": "RESIZE",
                "source": "data:brush",
                "_t": "10:43:50",
                "_end": "10:43:52",
                "data": {
                    "brushing": true,
                    "origin": [
                        3.421305,
                        4.5097874390244295
                    ],
                    "_brushside": 1,
                    "start": "2019-09-13T16:43:50.913Z",
                    "ε": 0.1,
                    "mode": "resize"
                }
            },
            {
                "time": "2019-09-13T16:44:01.214Z",
                "type": "START",
                "source": "side-bar:button",
                "_t": "10:44:01",
                "_end": "-",
                "data": {
                    "type": "orange-on-ground",
                    "time": 4.14509
                }
            },
            {
                "time": "2019-09-13T16:44:03.130Z",
                "type": "END",
                "source": "data:click:h_pos",
                "_t": "10:44:03",
                "_end": "-",
                "data": {
                    "lbl": {
                        "time": 4.145090000000554,
                        "endTime": 4.840820487804908,
                        "type": "orange-on-ground",
                        "id": 5
                    }
                }
            },
            {
                "time": "2019-09-13T16:44:09.992Z",
                "type": "SELECT",
                "source": "data:click",
                "_t": "10:44:09",
                "_end": "-",
                "data": {
                    "time": 4.145090000000554,
                    "endTime": 4.840820487804908,
                    "type": "orange-on-ground",
                    "id": 5
                }
            },
            {
                "time": {
                    "start": "2019-09-13T16:44:10.545Z",
                    "end": "2019-09-13T16:44:12.101Z"
                },
                "type": "RESIZE",
                "source": "data:brush",
                "_t": "10:44:10",
                "_end": "10:44:12",
                "data": {
                    "brushing": true,
                    "origin": [
                        4.14509,
                        5.198037073170771
                    ],
                    "_brushside": 1,
                    "start": "2019-09-13T16:44:10.545Z",
                    "ε": 0.1,
                    "mode": "resize"
                }
            },
            {
                "time": "2019-09-13T16:44:13.963Z",
                "type": "START",
                "source": "side-bar:button",
                "_t": "10:44:13",
                "_end": "-",
                "data": {
                    "type": "orange-in-air",
                    "time": 4.846431
                }
            },
            {
                "time": "2019-09-13T16:44:15.614Z",
                "type": "END",
                "source": "data:click:h_pos",
                "_t": "10:44:15",
                "_end": "-",
                "data": {
                    "lbl": {
                        "time": 4.846431219512754,
                        "endTime": 5.527200000000582,
                        "type": "orange-in-air",
                        "id": 6
                    }
                }
            },
            {
                "time": "2019-09-13T16:44:22.218Z",
                "type": "SELECT",
                "source": "data:click",
                "_t": "10:44:22",
                "_end": "-",
                "data": {
                    "time": 4.846431219512754,
                    "endTime": 5.527200000000582,
                    "type": "orange-in-air",
                    "id": 6
                }
            },
            {
                "time": {
                    "start": "2019-09-13T16:44:23.648Z",
                    "end": "2019-09-13T16:44:25.777Z"
                },
                "type": "RESIZE",
                "source": "data:brush",
                "_t": "10:44:23",
                "_end": "10:44:25",
                "data": {
                    "brushing": true,
                    "origin": [
                        4.846431,
                        5.7497588048780806
                    ],
                    "_brushside": 1,
                    "start": "2019-09-13T16:44:23.648Z",
                    "ε": 0.1,
                    "mode": "resize"
                }
            },
            {
                "time": "2019-09-13T16:44:29.366Z",
                "type": "START",
                "source": "side-bar:button",
                "_t": "10:44:29",
                "_end": "-",
                "data": {
                    "type": "orange-on-ground",
                    "time": 5.532811
                }
            },
            {
                "time": "2019-09-13T16:44:30.851Z",
                "type": "END",
                "source": "data:click:h_pos",
                "_t": "10:44:30",
                "_end": "-",
                "data": {
                    "lbl": {
                        "time": 5.532811292682816,
                        "endTime": 6.148121268292594,
                        "type": "orange-on-ground",
                        "id": 7
                    }
                }
            },
            {
                "time": "2019-09-13T16:44:35.820Z",
                "type": "SELECT",
                "source": "data:click",
                "_t": "10:44:35",
                "_end": "-",
                "data": {
                    "time": 5.532811292682816,
                    "endTime": 6.148121268292594,
                    "type": "orange-on-ground",
                    "id": 7
                }
            },
            {
                "time": "2019-09-13T16:44:36.843Z",
                "type": "DESELECT",
                "source": "data:click",
                "_t": "10:44:36",
                "_end": "-",
                "data": {
                    "time": 5.532811,
                    "endTime": 6.215449756097585,
                    "type": "orange-on-ground",
                    "id": 7
                }
            },
            {
                "time": "2019-09-13T16:44:38.489Z",
                "type": "SELECT",
                "source": "data:click",
                "_t": "10:44:38",
                "_end": "-",
                "data": {
                    "time": 5.532811292682816,
                    "endTime": 6.148121268292594,
                    "type": "orange-on-ground",
                    "id": 7
                }
            },
            {
                "time": {
                    "start": "2019-09-13T16:44:39.050Z",
                    "end": "2019-09-13T16:44:39.983Z"
                },
                "type": "RESIZE",
                "source": "data:brush",
                "_t": "10:44:39",
                "_end": "10:44:39",
                "data": {
                    "brushing": true,
                    "origin": [
                        5.532811,
                        6.215449756097585
                    ],
                    "start": "2019-09-13T16:44:39.050Z",
                    "ε": 0.1,
                    "mode": "resize"
                }
            },
            {
                "time": "2019-09-13T16:44:43.193Z",
                "type": "START",
                "source": "side-bar:button",
                "_t": "10:44:43",
                "_end": "-",
                "data": {
                    "type": "orange-in-air",
                    "time": 6.153732
                }
            },
            {
                "time": "2019-09-13T16:44:44.871Z",
                "type": "END",
                "source": "data:click:h_pos",
                "_t": "10:44:44",
                "_end": "-",
                "data": {
                    "lbl": {
                        "time": 6.153731756097695,
                        "endTime": 6.937363951219394,
                        "type": "orange-in-air",
                        "id": 8
                    }
                }
            },
            {
                "time": "2019-09-13T16:44:58.957Z",
                "type": "SELECT",
                "source": "data:click",
                "_t": "10:44:58",
                "_end": "-",
                "data": {
                    "time": 6.153731756097695,
                    "endTime": 6.937363951219394,
                    "type": "orange-in-air",
                    "id": 8
                }
            },
            {
                "time": {
                    "start": "2019-09-13T16:45:02.281Z",
                    "end": "2019-09-13T16:45:03.209Z"
                },
                "type": "RESIZE",
                "source": "data:brush",
                "_t": "10:45:02",
                "_end": "10:45:03",
                "data": {
                    "brushing": true,
                    "origin": [
                        6.153732,
                        6.789614926829165
                    ],
                    "_brushside": 1,
                    "start": "2019-09-13T16:45:02.281Z",
                    "ε": 0.1,
                    "mode": "resize"
                }
            }
        ],
        "navigationEvents": [
            {
                "time": "2019-09-13T16:42:19.132Z",
                "type": "PAUSE",
                "source": "video:button",
                "_t": "10:42:19",
                "_end": "-"
            },
            {
                "time": {
                    "start": "2019-09-13T16:41:55.525Z",
                    "end": "2019-09-13T16:42:20.569Z"
                },
                "type": "SCRUB",
                "source": "data:drag",
                "_t": "10:41:55",
                "_end": "10:42:20",
                "data": {
                    "time": 5.601301463415433
                }
            },
            {
                "time": {
                    "start": "2019-09-13T16:41:55.525Z",
                    "end": "2019-09-13T16:42:21.866Z"
                },
                "type": "SCRUB",
                "source": "data:drag",
                "_t": "10:41:55",
                "_end": "10:42:21",
                "data": {
                    "time": 2.904409292684039
                }
            },
            {
                "time": {
                    "start": "2019-09-13T16:41:55.525Z",
                    "end": "2019-09-13T16:42:22.818Z"
                },
                "type": "SCRUB",
                "source": "data:drag",
                "_t": "10:41:55",
                "_end": "10:42:22",
                "data": {
                    "time": 0.61336
                }
            },
            {
                "time": {
                    "start": "2019-09-13T16:41:55.525Z",
                    "end": "2019-09-13T16:42:23.937Z"
                },
                "type": "SCRUB",
                "source": "data:drag",
                "_t": "10:41:55",
                "_end": "10:42:23",
                "data": {
                    "time": 0.21499804878047424
                }
            },
            {
                "time": {
                    "start": "2019-09-13T16:41:55.525Z",
                    "end": "2019-09-13T16:42:25.042Z"
                },
                "type": "SCRUB",
                "source": "data:drag",
                "_t": "10:41:55",
                "_end": "10:42:25",
                "data": {
                    "time": 0.005531
                }
            },
            {
                "time": "2019-09-13T16:42:29.723Z",
                "type": "SKIP",
                "source": "hotkey",
                "_t": "10:42:29",
                "_end": "-",
                "data": {
                    "t": 0.005531,
                    "Δt": 1,
                    "key": "right"
                }
            },
            {
                "time": "2019-09-13T16:42:31.708Z",
                "type": "SKIP",
                "source": "hotkey",
                "_t": "10:42:31",
                "_end": "-",
                "data": {
                    "t": 1.005531,
                    "Δt": 1,
                    "key": "right"
                }
            },
            {
                "time": {
                    "start": "2019-09-13T16:41:55.525Z",
                    "end": "2019-09-13T16:42:34.172Z"
                },
                "type": "SCRUB",
                "source": "data:drag",
                "_t": "10:41:55",
                "_end": "10:42:34",
                "data": {
                    "time": 2.005531
                }
            },
            {
                "time": {
                    "start": "2019-09-13T16:41:55.525Z",
                    "end": "2019-09-13T16:42:40.085Z"
                },
                "type": "SCRUB",
                "source": "data:drag",
                "_t": "10:41:55",
                "_end": "10:42:40",
                "data": {
                    "time": 1.801674
                }
            },
            {
                "time": {
                    "start": "2019-09-13T16:41:55.525Z",
                    "end": "2019-09-13T16:42:40.843Z"
                },
                "type": "SCRUB",
                "source": "data:drag",
                "_t": "10:41:55",
                "_end": "10:42:40",
                "data": {
                    "time": 1.801674
                }
            },
            {
                "time": {
                    "start": "2019-09-13T16:41:55.525Z",
                    "end": "2019-09-13T16:42:42.730Z"
                },
                "type": "SCRUB",
                "source": "data:drag",
                "_t": "10:41:55",
                "_end": "10:42:42",
                "data": {
                    "time": 1.801674
                }
            },
            {
                "time": {
                    "start": "2019-09-13T16:41:55.525Z",
                    "end": "2019-09-13T16:42:44.144Z"
                },
                "type": "SCRUB",
                "source": "data:drag",
                "_t": "10:41:55",
                "_end": "10:42:44",
                "data": {
                    "time": 1.801674
                }
            },
            {
                "time": {
                    "start": "2019-09-13T16:41:55.525Z",
                    "end": "2019-09-13T16:42:47.356Z"
                },
                "type": "SCRUB",
                "source": "data:drag",
                "_t": "10:41:55",
                "_end": "10:42:47",
                "data": {
                    "time": 1.801674
                }
            },
            {
                "time": {
                    "start": "2019-09-13T16:41:55.525Z",
                    "end": "2019-09-13T16:42:50.668Z"
                },
                "type": "SCRUB",
                "source": "data:drag",
                "_t": "10:41:55",
                "_end": "10:42:50",
                "data": {
                    "time": 2.779812
                }
            },
            {
                "time": {
                    "start": "2019-09-13T16:41:55.525Z",
                    "end": "2019-09-13T16:42:57.948Z"
                },
                "type": "SCRUB",
                "source": "data:drag",
                "_t": "10:41:55",
                "_end": "10:42:57",
                "data": {
                    "time": 2.652635
                }
            },
            {
                "time": {
                    "start": "2019-09-13T16:41:55.525Z",
                    "end": "2019-09-13T16:43:01.356Z"
                },
                "type": "SCRUB",
                "source": "data:drag",
                "_t": "10:41:55",
                "_end": "10:43:01",
                "data": {
                    "time": 2.652635
                }
            },
            {
                "time": {
                    "start": "2019-09-13T16:41:55.525Z",
                    "end": "2019-09-13T16:43:03.731Z"
                },
                "type": "SCRUB",
                "source": "data:drag",
                "_t": "10:41:55",
                "_end": "10:43:03",
                "data": {
                    "time": 2.652635
                }
            },
            {
                "time": {
                    "start": "2019-09-13T16:41:55.525Z",
                    "end": "2019-09-13T16:43:07.648Z"
                },
                "type": "SCRUB",
                "source": "data:drag",
                "_t": "10:41:55",
                "_end": "10:43:07",
                "data": {
                    "time": 2.652635
                }
            },
            {
                "time": {
                    "start": "2019-09-13T16:41:55.525Z",
                    "end": "2019-09-13T16:43:11.789Z"
                },
                "type": "SCRUB",
                "source": "data:drag",
                "_t": "10:41:55",
                "_end": "10:43:11",
                "data": {
                    "time": 2.660116
                }
            },
            {
                "time": {
                    "start": "2019-09-13T16:41:55.525Z",
                    "end": "2019-09-13T16:43:15.528Z"
                },
                "type": "SCRUB",
                "source": "data:drag",
                "_t": "10:41:55",
                "_end": "10:43:15",
                "data": {
                    "time": 2.660116
                }
            },
            {
                "time": {
                    "start": "2019-09-13T16:41:55.525Z",
                    "end": "2019-09-13T16:43:19.030Z"
                },
                "type": "SCRUB",
                "source": "data:drag",
                "_t": "10:41:55",
                "_end": "10:43:19",
                "data": {
                    "time": 3.565314
                }
            },
            {
                "time": {
                    "start": "2019-09-13T16:41:55.525Z",
                    "end": "2019-09-13T16:43:28.775Z"
                },
                "type": "SCRUB",
                "source": "data:drag",
                "_t": "10:41:55",
                "_end": "10:43:28",
                "data": {
                    "time": 3.417565
                }
            },
            {
                "time": {
                    "start": "2019-09-13T16:41:55.525Z",
                    "end": "2019-09-13T16:43:29.845Z"
                },
                "type": "SCRUB",
                "source": "data:drag",
                "_t": "10:41:55",
                "_end": "10:43:29",
                "data": {
                    "time": 3.417565
                }
            },
            {
                "time": {
                    "start": "2019-09-13T16:41:55.525Z",
                    "end": "2019-09-13T16:43:33.606Z"
                },
                "type": "SCRUB",
                "source": "data:drag",
                "_t": "10:41:55",
                "_end": "10:43:33",
                "data": {
                    "time": 3.417565
                }
            },
            {
                "time": {
                    "start": "2019-09-13T16:41:55.525Z",
                    "end": "2019-09-13T16:43:36.998Z"
                },
                "type": "SCRUB",
                "source": "data:drag",
                "_t": "10:41:55",
                "_end": "10:43:36",
                "data": {
                    "time": 3.421305
                }
            },
            {
                "time": {
                    "start": "2019-09-13T16:41:55.525Z",
                    "end": "2019-09-13T16:43:42.030Z"
                },
                "type": "SCRUB",
                "source": "data:drag",
                "_t": "10:41:55",
                "_end": "10:43:42",
                "data": {
                    "time": 3.421305
                }
            },
            {
                "time": {
                    "start": "2019-09-13T16:41:55.525Z",
                    "end": "2019-09-13T16:43:45.150Z"
                },
                "type": "SCRUB",
                "source": "data:drag",
                "_t": "10:41:55",
                "_end": "10:43:45",
                "data": {
                    "time": 4.201197
                }
            },
            {
                "time": {
                    "start": "2019-09-13T16:41:55.525Z",
                    "end": "2019-09-13T16:43:49.109Z"
                },
                "type": "SCRUB",
                "source": "data:drag",
                "_t": "10:41:55",
                "_end": "10:43:49",
                "data": {
                    "time": 4.135739
                }
            },
            {
                "time": {
                    "start": "2019-09-13T16:41:55.525Z",
                    "end": "2019-09-13T16:43:49.926Z"
                },
                "type": "SCRUB",
                "source": "data:drag",
                "_t": "10:41:55",
                "_end": "10:43:49",
                "data": {
                    "time": 4.135739
                }
            },
            {
                "time": {
                    "start": "2019-09-13T16:41:55.525Z",
                    "end": "2019-09-13T16:43:50.277Z"
                },
                "type": "SCRUB",
                "source": "data:drag",
                "_t": "10:41:55",
                "_end": "10:43:50",
                "data": {
                    "time": 4.135739
                }
            },
            {
                "time": {
                    "start": "2019-09-13T16:41:55.525Z",
                    "end": "2019-09-13T16:43:52.775Z"
                },
                "type": "SCRUB",
                "source": "data:drag",
                "_t": "10:41:55",
                "_end": "10:43:52",
                "data": {
                    "time": 4.135739
                }
            },
            {
                "time": {
                    "start": "2019-09-13T16:41:55.525Z",
                    "end": "2019-09-13T16:43:57.996Z"
                },
                "type": "SCRUB",
                "source": "data:drag",
                "_t": "10:41:55",
                "_end": "10:43:57",
                "data": {
                    "time": 4.14509
                }
            },
            {
                "time": {
                    "start": "2019-09-13T16:41:55.525Z",
                    "end": "2019-09-13T16:44:03.126Z"
                },
                "type": "SCRUB",
                "source": "data:drag",
                "_t": "10:41:55",
                "_end": "10:44:03",
                "data": {
                    "time": 4.14509
                }
            },
            {
                "time": {
                    "start": "2019-09-13T16:41:55.525Z",
                    "end": "2019-09-13T16:44:08.286Z"
                },
                "type": "SCRUB",
                "source": "data:drag",
                "_t": "10:41:55",
                "_end": "10:44:08",
                "data": {
                    "time": 4.846431
                }
            },
            {
                "time": {
                    "start": "2019-09-13T16:41:55.525Z",
                    "end": "2019-09-13T16:44:09.989Z"
                },
                "type": "SCRUB",
                "source": "data:drag",
                "_t": "10:41:55",
                "_end": "10:44:09",
                "data": {
                    "time": 4.846431
                }
            },
            {
                "time": {
                    "start": "2019-09-13T16:41:55.525Z",
                    "end": "2019-09-13T16:44:12.112Z"
                },
                "type": "SCRUB",
                "source": "data:drag",
                "_t": "10:41:55",
                "_end": "10:44:12",
                "data": {
                    "time": 4.846431
                }
            },
            {
                "time": {
                    "start": "2019-09-13T16:41:55.525Z",
                    "end": "2019-09-13T16:44:15.612Z"
                },
                "type": "SCRUB",
                "source": "data:drag",
                "_t": "10:41:55",
                "_end": "10:44:15",
                "data": {
                    "time": 4.846431
                }
            },
            {
                "time": {
                    "start": "2019-09-13T16:41:55.525Z",
                    "end": "2019-09-13T16:44:21.575Z"
                },
                "type": "SCRUB",
                "source": "data:drag",
                "_t": "10:41:55",
                "_end": "10:44:21",
                "data": {
                    "time": 5.5272
                }
            },
            {
                "time": {
                    "start": "2019-09-13T16:41:55.525Z",
                    "end": "2019-09-13T16:44:22.213Z"
                },
                "type": "SCRUB",
                "source": "data:drag",
                "_t": "10:41:55",
                "_end": "10:44:22",
                "data": {
                    "time": 5.5272
                }
            },
            {
                "time": {
                    "start": "2019-09-13T16:41:55.525Z",
                    "end": "2019-09-13T16:44:25.780Z"
                },
                "type": "SCRUB",
                "source": "data:drag",
                "_t": "10:41:55",
                "_end": "10:44:25",
                "data": {
                    "time": 5.5272
                }
            },
            {
                "time": {
                    "start": "2019-09-13T16:41:55.525Z",
                    "end": "2019-09-13T16:44:27.981Z"
                },
                "type": "SCRUB",
                "source": "data:drag",
                "_t": "10:41:55",
                "_end": "10:44:27",
                "data": {
                    "time": 5.532811
                }
            },
            {
                "time": {
                    "start": "2019-09-13T16:41:55.525Z",
                    "end": "2019-09-13T16:44:30.845Z"
                },
                "type": "SCRUB",
                "source": "data:drag",
                "_t": "10:41:55",
                "_end": "10:44:30",
                "data": {
                    "time": 5.532811
                }
            },
            {
                "time": {
                    "start": "2019-09-13T16:41:55.525Z",
                    "end": "2019-09-13T16:44:34.984Z"
                },
                "type": "SCRUB",
                "source": "data:drag",
                "_t": "10:41:55",
                "_end": "10:44:34",
                "data": {
                    "time": 6.153732
                }
            },
            {
                "time": {
                    "start": "2019-09-13T16:41:55.525Z",
                    "end": "2019-09-13T16:44:35.818Z"
                },
                "type": "SCRUB",
                "source": "data:drag",
                "_t": "10:41:55",
                "_end": "10:44:35",
                "data": {
                    "time": 6.153732
                }
            },
            {
                "time": {
                    "start": "2019-09-13T16:41:55.525Z",
                    "end": "2019-09-13T16:44:36.841Z"
                },
                "type": "SCRUB",
                "source": "data:drag",
                "_t": "10:41:55",
                "_end": "10:44:36",
                "data": {
                    "time": 6.153732
                }
            },
            {
                "time": {
                    "start": "2019-09-13T16:41:55.525Z",
                    "end": "2019-09-13T16:44:38.485Z"
                },
                "type": "SCRUB",
                "source": "data:drag",
                "_t": "10:41:55",
                "_end": "10:44:38",
                "data": {
                    "time": 6.153732
                }
            },
            {
                "time": {
                    "start": "2019-09-13T16:41:55.525Z",
                    "end": "2019-09-13T16:44:39.988Z"
                },
                "type": "SCRUB",
                "source": "data:drag",
                "_t": "10:41:55",
                "_end": "10:44:39",
                "data": {
                    "time": 6.153732
                }
            },
            {
                "time": {
                    "start": "2019-09-13T16:41:55.525Z",
                    "end": "2019-09-13T16:44:44.869Z"
                },
                "type": "SCRUB",
                "source": "data:drag",
                "_t": "10:41:55",
                "_end": "10:44:44",
                "data": {
                    "time": 6.153732
                }
            },
            {
                "time": {
                    "start": "2019-09-13T16:41:55.525Z",
                    "end": "2019-09-13T16:44:51.729Z"
                },
                "type": "SCRUB",
                "source": "data:drag",
                "_t": "10:41:55",
                "_end": "10:44:51",
                "data": {
                    "time": 6.847592487804655
                }
            },
            {
                "time": {
                    "start": "2019-09-13T16:41:55.525Z",
                    "end": "2019-09-13T16:44:53.664Z"
                },
                "type": "SCRUB",
                "source": "data:drag",
                "_t": "10:41:55",
                "_end": "10:44:53",
                "data": {
                    "time": 6.909311
                }
            },
            {
                "time": {
                    "start": "2019-09-13T16:41:55.525Z",
                    "end": "2019-09-13T16:44:54.676Z"
                },
                "type": "SCRUB",
                "source": "data:drag",
                "_t": "10:41:55",
                "_end": "10:44:54",
                "data": {
                    "time": 6.956067
                }
            },
            {
                "time": {
                    "start": "2019-09-13T16:41:55.525Z",
                    "end": "2019-09-13T16:44:58.352Z"
                },
                "type": "SCRUB",
                "source": "data:drag",
                "_t": "10:41:55",
                "_end": "10:44:58",
                "data": {
                    "time": 6.97851
                }
            },
            {
                "time": {
                    "start": "2019-09-13T16:41:55.525Z",
                    "end": "2019-09-13T16:44:58.951Z"
                },
                "type": "SCRUB",
                "source": "data:drag",
                "_t": "10:41:55",
                "_end": "10:44:58",
                "data": {
                    "time": 6.97851
                }
            },
            {
                "time": {
                    "start": "2019-09-13T16:41:55.525Z",
                    "end": "2019-09-13T16:45:01.597Z"
                },
                "type": "SCRUB",
                "source": "data:drag",
                "_t": "10:41:55",
                "_end": "10:45:01",
                "data": {
                    "time": 6.836371243902438
                }
            },
            {
                "time": {
                    "start": "2019-09-13T16:41:55.525Z",
                    "end": "2019-09-13T16:45:03.224Z"
                },
                "type": "SCRUB",
                "source": "data:drag",
                "_t": "10:41:55",
                "_end": "10:45:03",
                "data": {
                    "time": 6.836371
                }
            },
            {
                "time": {
                    "start": "2019-09-13T16:41:55.525Z",
                    "end": "2019-09-13T16:45:06.628Z"
                },
                "type": "SCRUB",
                "source": "data:drag",
                "_t": "10:41:55",
                "_end": "10:45:06",
                "data": {
                    "time": 6.924272
                }
            }
        ]
    }
}