[{"time":0.016907268292682964,"endTime":1.7074720487804875,"type":"orange-on-ground","id":1},{"time":1.7102693414634003,"endTime":2.4920312926829395,"type":"orange-in-air","id":2},{"time":2.4920312926829817,"endTime":3.3957820000000147,"type":"orange-on-ground","id":3},{"time":3.396824000000001,"endTime":4.141181073170737,"type":"orange-in-air","id":4},{"time":4.141181073170737,"endTime":4.821947,"type":"orange-on-ground","id":5},{"time":4.821947,"endTime":5.530769,"type":"orange-in-air","id":6},{"time":5.530769,"endTime":6.15356,"type":"orange-on-ground","id":7},{"time":6.15356,"endTime":6.690319756097473,"type":"orange-in-air","id":8}]