{
    "user_id": "green5",
    "session_id": "5d4c737a81249f67dd06ac47",
    "study": "studyE",
    "workspace": "gait.gait-yellow",
    "details": {
        "workspace": "gait.gait-yellow",
        "labels": [
            {
                "time": 0,
                "endTime": 1.816,
                "type": "orange-on-ground",
                "id": 1
            },
            {
                "time": 1.816,
                "endTime": 3.026521,
                "type": "orange-in-air",
                "id": 2
            },
            {
                "time": 3.026521,
                "endTime": 3.59,
                "type": "orange-on-ground",
                "id": 3
            },
            {
                "time": 3.59,
                "endTime": 4.36,
                "type": "orange-in-air",
                "id": 4
            },
            {
                "time": 4.36,
                "endTime": 4.962,
                "type": "orange-on-ground",
                "id": 5
            },
            {
                "time": 4.962,
                "endTime": 5.724,
                "type": "orange-in-air",
                "id": 6
            },
            {
                "time": 5.724,
                "endTime": 6.172,
                "type": "orange-on-ground",
                "id": 7
            },
            {
                "time": 6.172,
                "endTime": 6.936502,
                "type": "orange-in-air",
                "id": 8
            },
            {
                "time": 6.936502,
                "endTime": 7.532,
                "type": "orange-on-ground",
                "id": 9
            },
            {
                "time": 7.532,
                "endTime": 8.298,
                "type": "orange-in-air",
                "id": 10
            },
            {
                "time": 8.298,
                "endTime": 8.863743,
                "type": "orange-on-ground",
                "id": 11
            },
            {
                "time": 8.863743,
                "endTime": 9.582,
                "type": "orange-in-air",
                "id": 12
            },
            {
                "time": 9.582,
                "endTime": 10.228,
                "type": "orange-on-ground",
                "id": 13
            },
            {
                "time": 10.228,
                "endTime": 10.906,
                "type": "orange-in-air",
                "id": 14
            },
            {
                "time": 10.906,
                "endTime": 11.392,
                "type": "orange-on-ground",
                "id": 15
            },
            {
                "time": 11.392,
                "endTime": 12.354,
                "type": "orange-in-air",
                "id": 16
            },
            {
                "time": 12.354,
                "endTime": 12.714,
                "type": "orange-on-ground",
                "id": 17
            },
            {
                "time": 12.714,
                "endTime": 13.6,
                "type": "orange-in-air",
                "id": 18
            },
            {
                "time": 13.6,
                "endTime": 14.124,
                "type": "orange-on-ground",
                "id": 19
            },
            {
                "time": 14.124,
                "endTime": 15.09,
                "type": "orange-in-air",
                "id": 20
            },
            {
                "time": 15.09,
                "endTime": 15.524,
                "type": "orange-on-ground",
                "id": 21
            },
            {
                "time": 15.524,
                "endTime": 16.244,
                "type": "orange-in-air",
                "id": 22
            },
            {
                "time": 16.244,
                "endTime": 16.812,
                "type": "orange-on-ground",
                "id": 23
            },
            {
                "time": 16.812000097561018,
                "endTime": 17.613579609756137,
                "type": "orange-in-air",
                "id": 24
            },
            {
                "time": 16.812,
                "endTime": 16.812,
                "type": "orange-in-air",
                "id": 25
            },
            {
                "time": 17.615057,
                "endTime": 18.083637,
                "type": "orange-on-ground",
                "id": 26
            },
            {
                "time": 18.083637,
                "endTime": 18.971615,
                "type": "orange-in-air",
                "id": 27
            },
            {
                "time": 18.971615,
                "endTime": 19.526,
                "type": "orange-on-ground",
                "id": 28
            },
            {
                "time": 19.526,
                "endTime": 20.332,
                "type": "orange-in-air",
                "id": 29
            },
            {
                "time": 20.332,
                "endTime": 20.776,
                "type": "orange-on-ground",
                "id": 30
            },
            {
                "time": 20.776,
                "endTime": 21.664,
                "type": "orange-in-air",
                "id": 31
            },
            {
                "time": 21.664,
                "endTime": 22.222,
                "type": "orange-on-ground",
                "id": 32
            }
        ],
        "_starts": [
            "2019-08-08T19:46:41.000Z"
        ],
        "_ends": [
            "2019-08-08T19:49:51.953Z"
        ]
    },
    "labels_file": "/home/ubuntu/vat/data/user-studies/studyE/gait-yellow/green5.labels.json",
    "videoFlash": 0.00001,
    "surveys": {
        "user-info": {
            "firstname": "Kate",
            "lastname": "Allen",
            "email": "kateallen2016@gmail.com"
        },
        "practice-first": {
            "question1": "5",
            "question2": "ok",
            "question3": "50",
            "question4": "4"
        },
        "drywall-blue": {
            "question1": "4",
            "question2": "4",
            "question3": "30",
            "question4": "70"
        },
        "drywall-red": {
            "question1": "2",
            "question2": "3",
            "question3": "40",
            "question4": "50"
        },
        "drywall-orange": {
            "question1": "1",
            "question2": "1",
            "question3": "20",
            "question4": "40"
        },
        "drywall-survey": {
            "question1": "5",
            "question2": "4",
            "question3": "5",
            "question4": "4"
        },
        "gait-blue": {
            "question1": "4",
            "question2": "5",
            "question3": "50",
            "question4": "80"
        },
        "gait-red": {
            "question1": "1",
            "question2": "4",
            "question3": "50",
            "question4": "50"
        }
    },
    "logs": {
        "labelEvents": [
            {
                "time": "2019-08-08T19:47:00.018Z",
                "type": "START",
                "source": "side-bar:button",
                "_t": "13:47:00",
                "_end": "-",
                "data": {
                    "type": "orange-on-ground",
                    "time": 0
                }
            },
            {
                "time": "2019-08-08T19:47:08.971Z",
                "type": "START",
                "source": "side-bar:button",
                "_t": "13:47:08",
                "_end": "-",
                "data": {
                    "type": "orange-in-air",
                    "time": 1.816
                }
            },
            {
                "time": "2019-08-08T19:47:17.896Z",
                "type": "START",
                "source": "side-bar:button",
                "_t": "13:47:17",
                "_end": "-",
                "data": {
                    "type": "orange-on-ground",
                    "time": 3.026521
                }
            },
            {
                "time": "2019-08-08T19:47:20.741Z",
                "type": "START",
                "source": "side-bar:button",
                "_t": "13:47:20",
                "_end": "-",
                "data": {
                    "type": "orange-in-air",
                    "time": 3.59
                }
            },
            {
                "time": "2019-08-08T19:47:24.235Z",
                "type": "START",
                "source": "side-bar:button",
                "_t": "13:47:24",
                "_end": "-",
                "data": {
                    "type": "orange-on-ground",
                    "time": 4.36
                }
            },
            {
                "time": "2019-08-08T19:47:26.534Z",
                "type": "START",
                "source": "side-bar:button",
                "_t": "13:47:26",
                "_end": "-",
                "data": {
                    "type": "orange-in-air",
                    "time": 4.962
                }
            },
            {
                "time": "2019-08-08T19:47:29.125Z",
                "type": "START",
                "source": "side-bar:button",
                "_t": "13:47:29",
                "_end": "-",
                "data": {
                    "type": "orange-on-ground",
                    "time": 5.724
                }
            },
            {
                "time": "2019-08-08T19:47:35.854Z",
                "type": "START",
                "source": "side-bar:button",
                "_t": "13:47:35",
                "_end": "-",
                "data": {
                    "type": "orange-in-air",
                    "time": 6.172
                }
            },
            {
                "time": "2019-08-08T19:47:40.548Z",
                "type": "START",
                "source": "side-bar:button",
                "_t": "13:47:40",
                "_end": "-",
                "data": {
                    "type": "orange-on-ground",
                    "time": 6.936502
                }
            },
            {
                "time": "2019-08-08T19:47:43.484Z",
                "type": "START",
                "source": "side-bar:button",
                "_t": "13:47:43",
                "_end": "-",
                "data": {
                    "type": "orange-in-air",
                    "time": 7.532
                }
            },
            {
                "time": "2019-08-08T19:47:47.538Z",
                "type": "START",
                "source": "side-bar:button",
                "_t": "13:47:47",
                "_end": "-",
                "data": {
                    "type": "orange-on-ground",
                    "time": 8.298
                }
            },
            {
                "time": "2019-08-08T19:47:50.434Z",
                "type": "START",
                "source": "side-bar:button",
                "_t": "13:47:50",
                "_end": "-",
                "data": {
                    "type": "orange-in-air",
                    "time": 8.863743
                }
            },
            {
                "time": "2019-08-08T19:47:54.191Z",
                "type": "START",
                "source": "side-bar:button",
                "_t": "13:47:54",
                "_end": "-",
                "data": {
                    "type": "orange-on-ground",
                    "time": 9.582
                }
            },
            {
                "time": "2019-08-08T19:47:57.295Z",
                "type": "START",
                "source": "side-bar:button",
                "_t": "13:47:57",
                "_end": "-",
                "data": {
                    "type": "orange-in-air",
                    "time": 10.228
                }
            },
            {
                "time": "2019-08-08T19:48:00.830Z",
                "type": "START",
                "source": "side-bar:button",
                "_t": "13:48:00",
                "_end": "-",
                "data": {
                    "type": "orange-on-ground",
                    "time": 10.906
                }
            },
            {
                "time": "2019-08-08T19:48:03.895Z",
                "type": "START",
                "source": "side-bar:button",
                "_t": "13:48:03",
                "_end": "-",
                "data": {
                    "type": "orange-in-air",
                    "time": 11.392
                }
            },
            {
                "time": "2019-08-08T19:48:07.807Z",
                "type": "START",
                "source": "side-bar:button",
                "_t": "13:48:07",
                "_end": "-",
                "data": {
                    "type": "orange-on-ground",
                    "time": 12.354
                }
            },
            {
                "time": "2019-08-08T19:48:10.707Z",
                "type": "START",
                "source": "side-bar:button",
                "_t": "13:48:10",
                "_end": "-",
                "data": {
                    "type": "orange-in-air",
                    "time": 12.714
                }
            },
            {
                "time": "2019-08-08T19:48:15.994Z",
                "type": "START",
                "source": "side-bar:button",
                "_t": "13:48:15",
                "_end": "-",
                "data": {
                    "type": "orange-on-ground",
                    "time": 13.6
                }
            },
            {
                "time": "2019-08-08T19:48:18.833Z",
                "type": "START",
                "source": "side-bar:button",
                "_t": "13:48:18",
                "_end": "-",
                "data": {
                    "type": "orange-in-air",
                    "time": 14.124
                }
            },
            {
                "time": "2019-08-08T19:48:22.782Z",
                "type": "START",
                "source": "side-bar:button",
                "_t": "13:48:22",
                "_end": "-",
                "data": {
                    "type": "orange-on-ground",
                    "time": 15.09
                }
            },
            {
                "time": "2019-08-08T19:48:33.423Z",
                "type": "START",
                "source": "side-bar:button",
                "_t": "13:48:33",
                "_end": "-",
                "data": {
                    "type": "orange-in-air",
                    "time": 15.524
                }
            },
            {
                "time": "2019-08-08T19:48:37.183Z",
                "type": "START",
                "source": "side-bar:button",
                "_t": "13:48:37",
                "_end": "-",
                "data": {
                    "type": "orange-on-ground",
                    "time": 16.244
                }
            },
            {
                "time": "2019-08-08T19:48:41.447Z",
                "type": "START",
                "source": "side-bar:button",
                "_t": "13:48:41",
                "_end": "-",
                "data": {
                    "type": "orange-in-air",
                    "time": 16.812
                }
            },
            {
                "time": "2019-08-08T19:48:46.921Z",
                "type": "START",
                "source": "side-bar:button",
                "_t": "13:48:46",
                "_end": "-",
                "data": {
                    "type": "orange-in-air",
                    "time": 17.694
                }
            },
            {
                "time": "2019-08-08T19:49:01.871Z",
                "type": "END",
                "source": "data:click:h_pos",
                "_t": "13:49:01",
                "_end": "-",
                "data": {
                    "lbl": {
                        "time": 16.812,
                        "endTime": 16.812,
                        "type": "orange-in-air",
                        "id": 25
                    }
                }
            },
            {
                "time": "2019-08-08T19:49:01.875Z",
                "type": "SELECT",
                "source": "data:click",
                "_t": "13:49:01",
                "_end": "-",
                "data": {
                    "time": 16.812000097561018,
                    "endTime": 17.613579609756137,
                    "type": "orange-in-air",
                    "id": 24
                }
            },
            {
                "time": {
                    "start": "2019-08-08T19:49:02.801Z",
                    "end": "2019-08-08T19:49:04.301Z"
                },
                "type": "RESIZE",
                "source": "data:brush",
                "_t": "13:49:02",
                "_end": "13:49:04",
                "data": {
                    "brushing": true,
                    "origin": [
                        16.812,
                        17.694
                    ],
                    "start": "2019-08-08T19:49:02.801Z",
                    "ε": 0.1,
                    "mode": "resize"
                }
            },
            {
                "time": "2019-08-08T19:49:21.780Z",
                "type": "START",
                "source": "side-bar:button",
                "_t": "13:49:21",
                "_end": "-",
                "data": {
                    "type": "orange-on-ground",
                    "time": 17.615057
                }
            },
            {
                "time": "2019-08-08T19:49:32.911Z",
                "type": "START",
                "source": "side-bar:button",
                "_t": "13:49:32",
                "_end": "-",
                "data": {
                    "type": "orange-in-air",
                    "time": 18.083637
                }
            },
            {
                "time": "2019-08-08T19:49:36.609Z",
                "type": "START",
                "source": "side-bar:button",
                "_t": "13:49:36",
                "_end": "-",
                "data": {
                    "type": "orange-on-ground",
                    "time": 18.971615
                }
            },
            {
                "time": "2019-08-08T19:49:39.451Z",
                "type": "START",
                "source": "side-bar:button",
                "_t": "13:49:39",
                "_end": "-",
                "data": {
                    "type": "orange-in-air",
                    "time": 19.526
                }
            },
            {
                "time": "2019-08-08T19:49:42.753Z",
                "type": "START",
                "source": "side-bar:button",
                "_t": "13:49:42",
                "_end": "-",
                "data": {
                    "type": "orange-on-ground",
                    "time": 20.332
                }
            },
            {
                "time": "2019-08-08T19:49:45.354Z",
                "type": "START",
                "source": "side-bar:button",
                "_t": "13:49:45",
                "_end": "-",
                "data": {
                    "type": "orange-in-air",
                    "time": 20.776
                }
            },
            {
                "time": "2019-08-08T19:49:49.169Z",
                "type": "START",
                "source": "side-bar:button",
                "_t": "13:49:49",
                "_end": "-",
                "data": {
                    "type": "orange-on-ground",
                    "time": 21.664
                }
            },
            {
                "time": "2019-08-08T19:49:51.722Z",
                "type": "START",
                "source": "side-bar:button",
                "_t": "13:49:51",
                "_end": "-",
                "data": {
                    "type": "orange-in-air",
                    "time": 22.222
                }
            }
        ],
        "navigationEvents": [
            {
                "time": "2019-08-08T19:46:54.894Z",
                "type": "PLAY",
                "source": "video:button",
                "_t": "13:46:54",
                "_end": "-"
            },
            {
                "time": "2019-08-08T19:46:56.709Z",
                "type": "PAUSE",
                "source": "video:button",
                "_t": "13:46:56",
                "_end": "-"
            },
            {
                "time": {
                    "start": "2019-08-08T19:46:41.608Z",
                    "end": "2019-08-08T19:46:58.686Z"
                },
                "type": "SCRUB",
                "source": "data:drag",
                "_t": "13:46:41",
                "_end": "13:46:58",
                "data": {
                    "time": 0
                }
            },
            {
                "time": "2019-08-08T19:47:02.804Z",
                "type": "PLAY",
                "source": "video:button",
                "_t": "13:47:02",
                "_end": "-"
            },
            {
                "time": "2019-08-08T19:47:04.659Z",
                "type": "PAUSE",
                "source": "video:button",
                "_t": "13:47:04",
                "_end": "-"
            },
            {
                "time": "2019-08-08T19:47:10.604Z",
                "type": "PLAY",
                "source": "video:button",
                "_t": "13:47:10",
                "_end": "-"
            },
            {
                "time": "2019-08-08T19:47:11.935Z",
                "type": "PAUSE",
                "source": "video:button",
                "_t": "13:47:11",
                "_end": "-"
            },
            {
                "time": "2019-08-08T19:47:19.268Z",
                "type": "PLAY",
                "source": "video:button",
                "_t": "13:47:19",
                "_end": "-"
            },
            {
                "time": "2019-08-08T19:47:19.873Z",
                "type": "PAUSE",
                "source": "video:button",
                "_t": "13:47:19",
                "_end": "-"
            },
            {
                "time": "2019-08-08T19:47:21.908Z",
                "type": "PLAY",
                "source": "video:button",
                "_t": "13:47:21",
                "_end": "-"
            },
            {
                "time": "2019-08-08T19:47:22.646Z",
                "type": "PAUSE",
                "source": "video:button",
                "_t": "13:47:22",
                "_end": "-"
            },
            {
                "time": "2019-08-08T19:47:25.164Z",
                "type": "PLAY",
                "source": "video:button",
                "_t": "13:47:25",
                "_end": "-"
            },
            {
                "time": "2019-08-08T19:47:25.785Z",
                "type": "PAUSE",
                "source": "video:button",
                "_t": "13:47:25",
                "_end": "-"
            },
            {
                "time": "2019-08-08T19:47:27.452Z",
                "type": "PLAY",
                "source": "video:button",
                "_t": "13:47:27",
                "_end": "-"
            },
            {
                "time": "2019-08-08T19:47:28.150Z",
                "type": "PAUSE",
                "source": "video:button",
                "_t": "13:47:28",
                "_end": "-"
            },
            {
                "time": "2019-08-08T19:47:31.192Z",
                "type": "CHANGE-PLAYBACK-RATE",
                "source": "video:button",
                "_t": "13:47:31",
                "_end": "-",
                "data": {
                    "oldRate": 1,
                    "newRate": 1.5
                }
            },
            {
                "time": "2019-08-08T19:47:32.051Z",
                "type": "CHANGE-PLAYBACK-RATE",
                "source": "video:menu",
                "_t": "13:47:32",
                "_end": "-",
                "data": {
                    "oldRate": 1.5,
                    "newRate": 0.5
                }
            },
            {
                "time": "2019-08-08T19:47:32.996Z",
                "type": "PLAY",
                "source": "video:button",
                "_t": "13:47:32",
                "_end": "-"
            },
            {
                "time": "2019-08-08T19:47:33.844Z",
                "type": "PAUSE",
                "source": "video:button",
                "_t": "13:47:33",
                "_end": "-"
            },
            {
                "time": "2019-08-08T19:47:36.924Z",
                "type": "PLAY",
                "source": "video:button",
                "_t": "13:47:36",
                "_end": "-"
            },
            {
                "time": "2019-08-08T19:47:38.468Z",
                "type": "PAUSE",
                "source": "video:button",
                "_t": "13:47:38",
                "_end": "-"
            },
            {
                "time": "2019-08-08T19:47:41.429Z",
                "type": "PLAY",
                "source": "video:button",
                "_t": "13:47:41",
                "_end": "-"
            },
            {
                "time": "2019-08-08T19:47:42.524Z",
                "type": "PAUSE",
                "source": "video:button",
                "_t": "13:47:42",
                "_end": "-"
            },
            {
                "time": "2019-08-08T19:47:44.492Z",
                "type": "PLAY",
                "source": "video:button",
                "_t": "13:47:44",
                "_end": "-"
            },
            {
                "time": "2019-08-08T19:47:45.963Z",
                "type": "PAUSE",
                "source": "video:button",
                "_t": "13:47:45",
                "_end": "-"
            },
            {
                "time": "2019-08-08T19:47:48.484Z",
                "type": "PLAY",
                "source": "video:button",
                "_t": "13:47:48",
                "_end": "-"
            },
            {
                "time": "2019-08-08T19:47:49.571Z",
                "type": "PAUSE",
                "source": "video:button",
                "_t": "13:47:49",
                "_end": "-"
            },
            {
                "time": "2019-08-08T19:47:51.517Z",
                "type": "PLAY",
                "source": "video:button",
                "_t": "13:47:51",
                "_end": "-"
            },
            {
                "time": "2019-08-08T19:47:52.948Z",
                "type": "PAUSE",
                "source": "video:button",
                "_t": "13:47:52",
                "_end": "-"
            },
            {
                "time": "2019-08-08T19:47:55.126Z",
                "type": "PLAY",
                "source": "video:button",
                "_t": "13:47:55",
                "_end": "-"
            },
            {
                "time": "2019-08-08T19:47:56.362Z",
                "type": "PAUSE",
                "source": "video:button",
                "_t": "13:47:56",
                "_end": "-"
            },
            {
                "time": "2019-08-08T19:47:58.413Z",
                "type": "PLAY",
                "source": "video:button",
                "_t": "13:47:58",
                "_end": "-"
            },
            {
                "time": "2019-08-08T19:47:59.724Z",
                "type": "PAUSE",
                "source": "video:button",
                "_t": "13:47:59",
                "_end": "-"
            },
            {
                "time": "2019-08-08T19:48:01.998Z",
                "type": "PLAY",
                "source": "video:button",
                "_t": "13:48:01",
                "_end": "-"
            },
            {
                "time": "2019-08-08T19:48:02.946Z",
                "type": "PAUSE",
                "source": "video:button",
                "_t": "13:48:02",
                "_end": "-"
            },
            {
                "time": "2019-08-08T19:48:04.891Z",
                "type": "PLAY",
                "source": "video:button",
                "_t": "13:48:04",
                "_end": "-"
            },
            {
                "time": "2019-08-08T19:48:06.802Z",
                "type": "PAUSE",
                "source": "video:button",
                "_t": "13:48:06",
                "_end": "-"
            },
            {
                "time": "2019-08-08T19:48:08.812Z",
                "type": "PLAY",
                "source": "video:button",
                "_t": "13:48:08",
                "_end": "-"
            },
            {
                "time": "2019-08-08T19:48:09.546Z",
                "type": "PAUSE",
                "source": "video:button",
                "_t": "13:48:09",
                "_end": "-"
            },
            {
                "time": "2019-08-08T19:48:11.637Z",
                "type": "PLAY",
                "source": "video:button",
                "_t": "13:48:11",
                "_end": "-"
            },
            {
                "time": "2019-08-08T19:48:13.316Z",
                "type": "PAUSE",
                "source": "video:button",
                "_t": "13:48:13",
                "_end": "-"
            },
            {
                "time": "2019-08-08T19:48:16.995Z",
                "type": "PLAY",
                "source": "video:button",
                "_t": "13:48:16",
                "_end": "-"
            },
            {
                "time": "2019-08-08T19:48:18.044Z",
                "type": "PAUSE",
                "source": "video:button",
                "_t": "13:48:18",
                "_end": "-"
            },
            {
                "time": "2019-08-08T19:48:19.779Z",
                "type": "PLAY",
                "source": "video:button",
                "_t": "13:48:19",
                "_end": "-"
            },
            {
                "time": "2019-08-08T19:48:21.596Z",
                "type": "PAUSE",
                "source": "video:button",
                "_t": "13:48:21",
                "_end": "-"
            },
            {
                "time": "2019-08-08T19:48:23.715Z",
                "type": "PLAY",
                "source": "video:button",
                "_t": "13:48:23",
                "_end": "-"
            },
            {
                "time": "2019-08-08T19:48:24.805Z",
                "type": "PAUSE",
                "source": "video:button",
                "_t": "13:48:24",
                "_end": "-"
            },
            {
                "time": {
                    "start": "2019-08-08T19:46:41.608Z",
                    "end": "2019-08-08T19:48:29.684Z"
                },
                "type": "SCRUB",
                "source": "data:drag",
                "_t": "13:46:41",
                "_end": "13:48:29",
                "data": {
                    "time": 15.206882
                }
            },
            {
                "time": "2019-08-08T19:48:31.081Z",
                "type": "PLAY",
                "source": "video:button",
                "_t": "13:48:31",
                "_end": "-"
            },
            {
                "time": "2019-08-08T19:48:31.765Z",
                "type": "PAUSE",
                "source": "video:button",
                "_t": "13:48:31",
                "_end": "-"
            },
            {
                "time": "2019-08-08T19:48:34.396Z",
                "type": "PLAY",
                "source": "video:button",
                "_t": "13:48:34",
                "_end": "-"
            },
            {
                "time": "2019-08-08T19:48:35.824Z",
                "type": "PAUSE",
                "source": "video:button",
                "_t": "13:48:35",
                "_end": "-"
            },
            {
                "time": "2019-08-08T19:48:38.268Z",
                "type": "PLAY",
                "source": "video:button",
                "_t": "13:48:38",
                "_end": "-"
            },
            {
                "time": "2019-08-08T19:48:39.372Z",
                "type": "PAUSE",
                "source": "video:button",
                "_t": "13:48:39",
                "_end": "-"
            },
            {
                "time": "2019-08-08T19:48:42.505Z",
                "type": "PLAY",
                "source": "video:button",
                "_t": "13:48:42",
                "_end": "-"
            },
            {
                "time": "2019-08-08T19:48:44.224Z",
                "type": "PAUSE",
                "source": "video:button",
                "_t": "13:48:44",
                "_end": "-"
            },
            {
                "time": {
                    "start": "2019-08-08T19:46:41.608Z",
                    "end": "2019-08-08T19:48:52.077Z"
                },
                "type": "SCRUB",
                "source": "data:drag",
                "_t": "13:46:41",
                "_end": "13:48:52",
                "data": {
                    "time": 17.177813
                }
            },
            {
                "time": {
                    "start": "2019-08-08T19:46:41.608Z",
                    "end": "2019-08-08T19:48:54.605Z"
                },
                "type": "SCRUB",
                "source": "data:drag",
                "_t": "13:46:41",
                "_end": "13:48:54",
                "data": {
                    "time": 17.38354
                }
            },
            {
                "time": {
                    "start": "2019-08-08T19:46:41.608Z",
                    "end": "2019-08-08T19:48:55.733Z"
                },
                "type": "SCRUB",
                "source": "data:drag",
                "_t": "13:46:41",
                "_end": "13:48:55",
                "data": {
                    "time": 17.587396
                }
            },
            {
                "time": {
                    "start": "2019-08-08T19:46:41.608Z",
                    "end": "2019-08-08T19:48:59.997Z"
                },
                "type": "SCRUB",
                "source": "data:drag",
                "_t": "13:46:41",
                "_end": "13:48:59",
                "data": {
                    "time": 17.61732
                }
            },
            {
                "time": {
                    "start": "2019-08-08T19:46:41.608Z",
                    "end": "2019-08-08T19:49:01.867Z"
                },
                "type": "SCRUB",
                "source": "data:drag",
                "_t": "13:46:41",
                "_end": "13:49:01",
                "data": {
                    "time": 17.61732
                }
            },
            {
                "time": {
                    "start": "2019-08-08T19:46:41.608Z",
                    "end": "2019-08-08T19:49:04.311Z"
                },
                "type": "SCRUB",
                "source": "data:drag",
                "_t": "13:46:41",
                "_end": "13:49:04",
                "data": {
                    "time": 17.61732
                }
            },
            {
                "time": "2019-08-08T19:49:09.845Z",
                "type": "PLAY",
                "source": "video:button",
                "_t": "13:49:09",
                "_end": "-"
            },
            {
                "time": {
                    "start": "2019-08-08T19:46:41.608Z",
                    "end": "2019-08-08T19:49:13.542Z"
                },
                "type": "SCRUB",
                "source": "data:drag",
                "_t": "13:46:41",
                "_end": "13:49:13",
                "data": {
                    "time": 17.738
                }
            },
            {
                "time": "2019-08-08T19:49:14.459Z",
                "type": "PAUSE",
                "source": "video:button",
                "_t": "13:49:14",
                "_end": "-"
            },
            {
                "time": {
                    "start": "2019-08-08T19:46:41.608Z",
                    "end": "2019-08-08T19:49:19.118Z"
                },
                "type": "SCRUB",
                "source": "data:drag",
                "_t": "13:46:41",
                "_end": "13:49:19",
                "data": {
                    "time": 17.615057
                }
            },
            {
                "time": "2019-08-08T19:49:23.692Z",
                "type": "PLAY",
                "source": "video:button",
                "_t": "13:49:23",
                "_end": "-"
            },
            {
                "time": {
                    "start": "2019-08-08T19:46:41.608Z",
                    "end": "2019-08-08T19:49:27.332Z"
                },
                "type": "SCRUB",
                "source": "data:drag",
                "_t": "13:46:41",
                "_end": "13:49:27",
                "data": {
                    "time": 17.97639024390241
                }
            },
            {
                "time": "2019-08-08T19:49:28.291Z",
                "type": "PAUSE",
                "source": "video:button",
                "_t": "13:49:28",
                "_end": "-"
            },
            {
                "time": {
                    "start": "2019-08-08T19:46:41.608Z",
                    "end": "2019-08-08T19:49:30.130Z"
                },
                "type": "SCRUB",
                "source": "data:drag",
                "_t": "13:46:41",
                "_end": "13:49:30",
                "data": {
                    "time": 17.842851
                }
            },
            {
                "time": "2019-08-08T19:49:31.456Z",
                "type": "PLAY",
                "source": "video:button",
                "_t": "13:49:31",
                "_end": "-"
            },
            {
                "time": "2019-08-08T19:49:32.068Z",
                "type": "PAUSE",
                "source": "video:button",
                "_t": "13:49:32",
                "_end": "-"
            },
            {
                "time": "2019-08-08T19:49:34.020Z",
                "type": "PLAY",
                "source": "video:button",
                "_t": "13:49:34",
                "_end": "-"
            },
            {
                "time": "2019-08-08T19:49:35.661Z",
                "type": "PAUSE",
                "source": "video:button",
                "_t": "13:49:35",
                "_end": "-"
            },
            {
                "time": "2019-08-08T19:49:37.420Z",
                "type": "PLAY",
                "source": "video:button",
                "_t": "13:49:37",
                "_end": "-"
            },
            {
                "time": "2019-08-08T19:49:38.597Z",
                "type": "PAUSE",
                "source": "video:button",
                "_t": "13:49:38",
                "_end": "-"
            },
            {
                "time": "2019-08-08T19:49:40.309Z",
                "type": "PLAY",
                "source": "video:button",
                "_t": "13:49:40",
                "_end": "-"
            },
            {
                "time": "2019-08-08T19:49:41.836Z",
                "type": "PAUSE",
                "source": "video:button",
                "_t": "13:49:41",
                "_end": "-"
            },
            {
                "time": "2019-08-08T19:49:43.574Z",
                "type": "PLAY",
                "source": "video:button",
                "_t": "13:49:43",
                "_end": "-"
            },
            {
                "time": "2019-08-08T19:49:44.468Z",
                "type": "PAUSE",
                "source": "video:button",
                "_t": "13:49:44",
                "_end": "-"
            },
            {
                "time": "2019-08-08T19:49:46.251Z",
                "type": "PLAY",
                "source": "video:button",
                "_t": "13:49:46",
                "_end": "-"
            },
            {
                "time": "2019-08-08T19:49:47.896Z",
                "type": "PAUSE",
                "source": "video:button",
                "_t": "13:49:47",
                "_end": "-"
            },
            {
                "time": "2019-08-08T19:49:49.909Z",
                "type": "PLAY",
                "source": "video:button",
                "_t": "13:49:49",
                "_end": "-"
            },
            {
                "time": "2019-08-08T19:49:51.018Z",
                "type": "PAUSE",
                "source": "video:button",
                "_t": "13:49:51",
                "_end": "-"
            }
        ]
    }
}