[{"time":0,"endTime":1.816,"type":"orange-on-ground","id":1},{"time":1.816,"endTime":3.026521,"type":"orange-in-air","id":2},{"time":3.026521,"endTime":3.59,"type":"orange-on-ground","id":3},{"time":3.59,"endTime":4.36,"type":"orange-in-air","id":4},{"time":4.36,"endTime":4.962,"type":"orange-on-ground","id":5},{"time":4.962,"endTime":5.724,"type":"orange-in-air","id":6},{"time":5.724,"endTime":6.172,"type":"orange-on-ground","id":7},{"time":6.172,"endTime":6.936502,"type":"orange-in-air","id":8},{"time":6.936502,"endTime":7.532,"type":"orange-on-ground","id":9},{"time":7.532,"endTime":8.298,"type":"orange-in-air","id":10},{"time":8.298,"endTime":8.863743,"type":"orange-on-ground","id":11},{"time":8.863743,"endTime":9.582,"type":"orange-in-air","id":12},{"time":9.582,"endTime":10.228,"type":"orange-on-ground","id":13},{"time":10.228,"endTime":10.906,"type":"orange-in-air","id":14},{"time":10.906,"endTime":11.392,"type":"orange-on-ground","id":15},{"time":11.392,"endTime":12.354,"type":"orange-in-air","id":16},{"time":12.354,"endTime":12.714,"type":"orange-on-ground","id":17},{"time":12.714,"endTime":13.6,"type":"orange-in-air","id":18},{"time":13.6,"endTime":14.124,"type":"orange-on-ground","id":19},{"time":14.124,"endTime":15.09,"type":"orange-in-air","id":20},{"time":15.09,"endTime":15.524,"type":"orange-on-ground","id":21},{"time":15.524,"endTime":16.244,"type":"orange-in-air","id":22},{"time":16.244,"endTime":16.812,"type":"orange-on-ground","id":23},{"time":16.812000097561018,"endTime":17.613579609756137,"type":"orange-in-air","id":24},{"time":16.812,"endTime":16.812,"type":"orange-in-air","id":25},{"time":17.615057,"endTime":18.083637,"type":"orange-on-ground","id":26},{"time":18.083637,"endTime":18.971615,"type":"orange-in-air","id":27},{"time":18.971615,"endTime":19.526,"type":"orange-on-ground","id":28},{"time":19.526,"endTime":20.332,"type":"orange-in-air","id":29},{"time":20.332,"endTime":20.776,"type":"orange-on-ground","id":30},{"time":20.776,"endTime":21.664,"type":"orange-in-air","id":31},{"time":21.664,"endTime":22.222,"type":"orange-on-ground","id":32}]