{
    "user_id": "Grey2",
    "session_id": "5d7bcede81249f67dd06ad0f",
    "study": "studyE",
    "workspace": "gait.gait-yellow",
    "details": {
        "workspace": "gait.gait-yellow",
        "labels": [
            {
                "time": 1.732,
                "endTime": 2.732,
                "type": "orange-in-air",
                "id": 1
            },
            {
                "time": 3.742,
                "endTime": 5.236,
                "type": "orange-in-air",
                "id": 2
            },
            {
                "time": 5.236,
                "endTime": 5.964,
                "type": "orange-in-air",
                "id": 3
            },
            {
                "time": 6.61,
                "endTime": 7.77,
                "type": "orange-in-air",
                "id": 4
            },
            {
                "time": 7.77,
                "endTime": 8.334,
                "type": "orange-in-air",
                "id": 5
            },
            {
                "time": 10.392974,
                "endTime": 10.912,
                "type": "orange-in-air",
                "id": 6
            },
            {
                "time": 12,
                "endTime": 13.492,
                "type": "orange-in-air",
                "id": 7
            },
            {
                "time": 13.492,
                "endTime": 14.546,
                "type": "orange-in-air",
                "id": 8
            },
            {
                "time": 14.546,
                "endTime": 15.07,
                "type": "orange-in-air",
                "id": 9
            },
            {
                "time": 15.838,
                "endTime": 16.322,
                "type": "orange-in-air",
                "id": 10
            },
            {
                "time": 17.41,
                "endTime": 17.854,
                "type": "orange-in-air",
                "id": 11
            },
            {
                "time": 18.618,
                "endTime": 19.34,
                "type": "orange-in-air",
                "id": 12
            },
            {
                "time": 19.791049,
                "endTime": 20.39,
                "type": "orange-in-air",
                "id": 13
            },
            {
                "time": 20.872,
                "endTime": 21.518,
                "type": "orange-in-air",
                "id": 14
            },
            {
                "time": 22.166,
                "endTime": 22.81,
                "type": "orange-in-air",
                "id": 15
            },
            {
                "time": 0.13834,
                "endTime": 1.378,
                "type": "orange-on-ground",
                "id": 16
            }
        ],
        "_starts": [
            "2019-09-13T17:41:40.000Z"
        ],
        "_ends": [
            "2019-09-13T17:42:30.399Z",
            "2019-09-13T17:42:48.841Z"
        ]
    },
    "labels_file": "/home/ubuntu/vat/data/user-studies/studyE/gait-yellow/Grey2.labels.json",
    "videoFlash": 0.00001,
    "surveys": {
        "user-info": {
            "firstname": "Benjamin",
            "lastname": "Griffin",
            "email": "benjamingriffin98@gmail.com"
        },
        "practice-first": {
            "question1": "5",
            "question2": "ok",
            "question3": "70",
            "question4": "5"
        },
        "practice-second": {},
        "practice-third": {},
        "practice-survey": {},
        "drywall-blue": {
            "question1": "2",
            "question2": "3",
            "question3": "10",
            "question4": "70"
        },
        "drywall-red": {
            "question1": "1",
            "question2": "2",
            "question3": "20",
            "question4": "90"
        },
        "drywall-orange": {
            "question1": "4",
            "question2": "2",
            "question3": "10",
            "question4": "50"
        },
        "drywall-survey": {
            "question1": "5",
            "question2": "4",
            "question3": "3",
            "question4": "4"
        },
        "gait-blue": {
            "question1": "5",
            "question2": "5",
            "question3": "90",
            "question4": "80"
        },
        "gait-red": {
            "question1": "3",
            "question2": "4",
            "question3": "40",
            "question4": "80"
        }
    },
    "logs": {
        "labelEvents": [
            {
                "time": "2019-09-13T17:41:51.077Z",
                "type": "START",
                "source": "side-bar:button",
                "_t": "11:41:51",
                "_end": "-",
                "data": {
                    "type": "orange-in-air",
                    "time": 1.732
                }
            },
            {
                "time": "2019-09-13T17:41:52.077Z",
                "type": "END",
                "source": "side-bar:button:ctb",
                "_t": "11:41:52",
                "_end": "-",
                "data": {
                    "lbl": {
                        "time": 1.732,
                        "endTime": 2.732,
                        "type": "orange-in-air",
                        "id": 1
                    }
                }
            },
            {
                "time": "2019-09-13T17:41:53.062Z",
                "type": "START",
                "source": "side-bar:button",
                "_t": "11:41:53",
                "_end": "-",
                "data": {
                    "type": "orange-in-air",
                    "time": 3.742
                }
            },
            {
                "time": "2019-09-13T17:41:54.568Z",
                "type": "START",
                "source": "side-bar:button",
                "_t": "11:41:54",
                "_end": "-",
                "data": {
                    "type": "orange-in-air",
                    "time": 5.236
                }
            },
            {
                "time": "2019-09-13T17:41:55.307Z",
                "type": "END",
                "source": "side-bar:button:ctb",
                "_t": "11:41:55",
                "_end": "-",
                "data": {
                    "lbl": {
                        "time": 5.236,
                        "endTime": 5.964,
                        "type": "orange-in-air",
                        "id": 3
                    }
                }
            },
            {
                "time": "2019-09-13T17:41:55.926Z",
                "type": "START",
                "source": "side-bar:button",
                "_t": "11:41:55",
                "_end": "-",
                "data": {
                    "type": "orange-in-air",
                    "time": 6.61
                }
            },
            {
                "time": "2019-09-13T17:41:57.141Z",
                "type": "START",
                "source": "side-bar:button",
                "_t": "11:41:57",
                "_end": "-",
                "data": {
                    "type": "orange-in-air",
                    "time": 7.77
                }
            },
            {
                "time": "2019-09-13T17:41:57.685Z",
                "type": "END",
                "source": "side-bar:button:ctb",
                "_t": "11:41:57",
                "_end": "-",
                "data": {
                    "lbl": {
                        "time": 7.77,
                        "endTime": 8.334,
                        "type": "orange-in-air",
                        "id": 5
                    }
                }
            },
            {
                "time": "2019-09-13T17:41:59.745Z",
                "type": "START",
                "source": "side-bar:button",
                "_t": "11:41:59",
                "_end": "-",
                "data": {
                    "type": "orange-in-air",
                    "time": 10.392974
                }
            },
            {
                "time": "2019-09-13T17:42:00.259Z",
                "type": "END",
                "source": "side-bar:button:ctb",
                "_t": "11:42:00",
                "_end": "-",
                "data": {
                    "lbl": {
                        "time": 10.392974,
                        "endTime": 10.912,
                        "type": "orange-in-air",
                        "id": 6
                    }
                }
            },
            {
                "time": "2019-09-13T17:42:01.327Z",
                "type": "START",
                "source": "side-bar:button",
                "_t": "11:42:01",
                "_end": "-",
                "data": {
                    "type": "orange-in-air",
                    "time": 12
                }
            },
            {
                "time": "2019-09-13T17:42:02.826Z",
                "type": "START",
                "source": "side-bar:button",
                "_t": "11:42:02",
                "_end": "-",
                "data": {
                    "type": "orange-in-air",
                    "time": 13.492
                }
            },
            {
                "time": "2019-09-13T17:42:03.891Z",
                "type": "START",
                "source": "side-bar:button",
                "_t": "11:42:03",
                "_end": "-",
                "data": {
                    "type": "orange-in-air",
                    "time": 14.546
                }
            },
            {
                "time": "2019-09-13T17:42:04.393Z",
                "type": "END",
                "source": "side-bar:button:ctb",
                "_t": "11:42:04",
                "_end": "-",
                "data": {
                    "lbl": {
                        "time": 14.546,
                        "endTime": 15.07,
                        "type": "orange-in-air",
                        "id": 9
                    }
                }
            },
            {
                "time": "2019-09-13T17:42:05.171Z",
                "type": "START",
                "source": "side-bar:button",
                "_t": "11:42:05",
                "_end": "-",
                "data": {
                    "type": "orange-in-air",
                    "time": 15.838
                }
            },
            {
                "time": "2019-09-13T17:42:05.640Z",
                "type": "END",
                "source": "side-bar:button:ctb",
                "_t": "11:42:05",
                "_end": "-",
                "data": {
                    "lbl": {
                        "time": 15.838,
                        "endTime": 16.322,
                        "type": "orange-in-air",
                        "id": 10
                    }
                }
            },
            {
                "time": "2019-09-13T17:42:06.781Z",
                "type": "START",
                "source": "side-bar:button",
                "_t": "11:42:06",
                "_end": "-",
                "data": {
                    "type": "orange-in-air",
                    "time": 17.41
                }
            },
            {
                "time": "2019-09-13T17:42:07.200Z",
                "type": "END",
                "source": "side-bar:button:ctb",
                "_t": "11:42:07",
                "_end": "-",
                "data": {
                    "lbl": {
                        "time": 17.41,
                        "endTime": 17.854,
                        "type": "orange-in-air",
                        "id": 11
                    }
                }
            },
            {
                "time": "2019-09-13T17:42:07.944Z",
                "type": "START",
                "source": "side-bar:button",
                "_t": "11:42:07",
                "_end": "-",
                "data": {
                    "type": "orange-in-air",
                    "time": 18.618
                }
            },
            {
                "time": "2019-09-13T17:42:08.682Z",
                "type": "END",
                "source": "side-bar:button:ctb",
                "_t": "11:42:08",
                "_end": "-",
                "data": {
                    "lbl": {
                        "time": 18.618,
                        "endTime": 19.34,
                        "type": "orange-in-air",
                        "id": 12
                    }
                }
            },
            {
                "time": "2019-09-13T17:42:09.139Z",
                "type": "START",
                "source": "side-bar:button",
                "_t": "11:42:09",
                "_end": "-",
                "data": {
                    "type": "orange-in-air",
                    "time": 19.791049
                }
            },
            {
                "time": "2019-09-13T17:42:09.734Z",
                "type": "END",
                "source": "side-bar:button:ctb",
                "_t": "11:42:09",
                "_end": "-",
                "data": {
                    "lbl": {
                        "time": 19.791049,
                        "endTime": 20.39,
                        "type": "orange-in-air",
                        "id": 13
                    }
                }
            },
            {
                "time": "2019-09-13T17:42:10.199Z",
                "type": "START",
                "source": "side-bar:button",
                "_t": "11:42:10",
                "_end": "-",
                "data": {
                    "type": "orange-in-air",
                    "time": 20.872
                }
            },
            {
                "time": "2019-09-13T17:42:10.870Z",
                "type": "END",
                "source": "side-bar:button:ctb",
                "_t": "11:42:10",
                "_end": "-",
                "data": {
                    "lbl": {
                        "time": 20.872,
                        "endTime": 21.518,
                        "type": "orange-in-air",
                        "id": 14
                    }
                }
            },
            {
                "time": "2019-09-13T17:42:11.480Z",
                "type": "START",
                "source": "side-bar:button",
                "_t": "11:42:11",
                "_end": "-",
                "data": {
                    "type": "orange-in-air",
                    "time": 22.166
                }
            },
            {
                "time": "2019-09-13T17:42:12.163Z",
                "type": "END",
                "source": "side-bar:button:ctb",
                "_t": "11:42:12",
                "_end": "-",
                "data": {
                    "lbl": {
                        "time": 22.166,
                        "endTime": 22.81,
                        "type": "orange-in-air",
                        "id": 15
                    }
                }
            },
            {
                "time": "2019-09-13T17:42:25.572Z",
                "type": "START",
                "source": "side-bar:button",
                "_t": "11:42:25",
                "_end": "-",
                "data": {
                    "type": "orange-on-ground",
                    "time": 0.13834
                }
            },
            {
                "time": "2019-09-13T17:42:34.835Z",
                "type": "END",
                "source": "side-bar:button:ctb",
                "_t": "11:42:34",
                "_end": "-",
                "data": {
                    "lbl": {
                        "time": 0.13834,
                        "endTime": 1.378,
                        "type": "orange-on-ground",
                        "id": 16
                    }
                }
            }
        ],
        "navigationEvents": [
            {
                "time": {
                    "start": "2019-09-13T17:42:17.533Z",
                    "end": "2019-09-13T17:42:17.612Z"
                },
                "type": "SCRUB",
                "source": "video:drag",
                "_t": "11:42:17",
                "_end": "11:42:17",
                "data": {
                    "to": 0.13834,
                    "from": 23.004
                }
            },
            {
                "time": "2019-09-13T17:42:19.406Z",
                "type": "CHANGE-PLAYBACK-RATE",
                "source": "video:button",
                "_t": "11:42:19",
                "_end": "-",
                "data": {
                    "oldRate": 1,
                    "newRate": 1.5
                }
            },
            {
                "time": "2019-09-13T17:42:20.236Z",
                "type": "CHANGE-PLAYBACK-RATE",
                "source": "video:menu",
                "_t": "11:42:20",
                "_end": "-",
                "data": {
                    "oldRate": 1.5,
                    "newRate": 0.5
                }
            },
            {
                "time": "2019-09-13T17:42:27.928Z",
                "type": "PLAY",
                "source": "video:button",
                "_t": "11:42:27",
                "_end": "-"
            },
            {
                "time": "2019-09-13T17:42:36.871Z",
                "type": "PLAY",
                "source": "video:button",
                "_t": "11:42:36",
                "_end": "-"
            }
        ]
    }
}