[{"time":0,"endTime":1.927169,"type":"orange-on-ground","id":1},{"time":1.927169,"endTime":2.604,"type":"orange-in-air","id":2},{"time":2.604,"endTime":3.49,"type":"orange-on-ground","id":3},{"time":3.49,"endTime":4.136,"type":"orange-in-air","id":4},{"time":4.136,"endTime":4.856,"type":"orange-on-ground","id":5},{"time":4.856,"endTime":5.662,"type":"orange-in-air","id":6},{"time":5.662,"endTime":6.264,"type":"orange-on-ground","id":7},{"time":6.264,"endTime":6.909669,"type":"orange-in-air","id":8},{"time":6.909669,"endTime":7.431674,"type":"orange-on-ground","id":9},{"time":7.431674,"endTime":8.152,"type":"orange-in-air","id":10},{"time":8.152,"endTime":8.796,"type":"orange-on-ground","id":11},{"time":8.796,"endTime":9.634,"type":"orange-in-air","id":12},{"time":9.634,"endTime":10.202,"type":"orange-on-ground","id":13},{"time":10.202,"endTime":10.842,"type":"orange-in-air","id":14},{"time":10.842,"endTime":11.402,"type":"orange-on-ground","id":15},{"time":11.402,"endTime":12.126,"type":"orange-in-air","id":16},{"time":12.126,"endTime":12.73,"type":"orange-on-ground","id":17},{"time":12.73,"endTime":13.49,"type":"orange-in-air","id":18},{"time":13.49,"endTime":14.13,"type":"orange-on-ground","id":19},{"time":14.13,"endTime":14.89,"type":"orange-in-air","id":20},{"time":14.89,"endTime":15.492,"type":"orange-on-ground","id":21},{"time":15.492,"endTime":16.216,"type":"orange-in-air","id":22},{"time":16.216,"endTime":16.78,"type":"orange-on-ground","id":23},{"time":16.78,"endTime":17.702,"type":"orange-in-air","id":24},{"time":17.702,"endTime":18.188,"type":"orange-on-ground","id":25},{"time":18.188,"endTime":18.873699,"type":"orange-in-air","id":26},{"time":18.873699,"endTime":19.435736,"type":"orange-on-ground","id":27},{"time":19.435736,"endTime":20.152,"type":"orange-in-air","id":28},{"time":20.152,"endTime":20.84,"type":"orange-on-ground","id":29},{"time":20.84,"endTime":21.522,"type":"orange-in-air","id":30},{"time":21.522,"endTime":22.084,"type":"orange-on-ground","id":31},{"time":22.084000000000366,"endTime":22.994474146341474,"type":"orange-in-air","id":32}]