{
    "user_id": "Maroon 3",
    "session_id": "5d7bcedf81249f67dd06ad12",
    "study": "studyE",
    "workspace": "gait.gait-yellow",
    "details": {
        "workspace": "gait.gait-yellow",
        "labels": [
            {
                "time": 0,
                "endTime": 1.927169,
                "type": "orange-on-ground",
                "id": 1
            },
            {
                "time": 1.927169,
                "endTime": 2.604,
                "type": "orange-in-air",
                "id": 2
            },
            {
                "time": 2.604,
                "endTime": 3.49,
                "type": "orange-on-ground",
                "id": 3
            },
            {
                "time": 3.49,
                "endTime": 4.136,
                "type": "orange-in-air",
                "id": 4
            },
            {
                "time": 4.136,
                "endTime": 4.856,
                "type": "orange-on-ground",
                "id": 5
            },
            {
                "time": 4.856,
                "endTime": 5.662,
                "type": "orange-in-air",
                "id": 6
            },
            {
                "time": 5.662,
                "endTime": 6.264,
                "type": "orange-on-ground",
                "id": 7
            },
            {
                "time": 6.264,
                "endTime": 6.909669,
                "type": "orange-in-air",
                "id": 8
            },
            {
                "time": 6.909669,
                "endTime": 7.431674,
                "type": "orange-on-ground",
                "id": 9
            },
            {
                "time": 7.431674,
                "endTime": 8.152,
                "type": "orange-in-air",
                "id": 10
            },
            {
                "time": 8.152,
                "endTime": 8.796,
                "type": "orange-on-ground",
                "id": 11
            },
            {
                "time": 8.796,
                "endTime": 9.634,
                "type": "orange-in-air",
                "id": 12
            },
            {
                "time": 9.634,
                "endTime": 10.202,
                "type": "orange-on-ground",
                "id": 13
            },
            {
                "time": 10.202,
                "endTime": 10.842,
                "type": "orange-in-air",
                "id": 14
            },
            {
                "time": 10.842,
                "endTime": 11.402,
                "type": "orange-on-ground",
                "id": 15
            },
            {
                "time": 11.402,
                "endTime": 12.126,
                "type": "orange-in-air",
                "id": 16
            },
            {
                "time": 12.126,
                "endTime": 12.73,
                "type": "orange-on-ground",
                "id": 17
            },
            {
                "time": 12.73,
                "endTime": 13.49,
                "type": "orange-in-air",
                "id": 18
            },
            {
                "time": 13.49,
                "endTime": 14.13,
                "type": "orange-on-ground",
                "id": 19
            },
            {
                "time": 14.13,
                "endTime": 14.89,
                "type": "orange-in-air",
                "id": 20
            },
            {
                "time": 14.89,
                "endTime": 15.492,
                "type": "orange-on-ground",
                "id": 21
            },
            {
                "time": 15.492,
                "endTime": 16.216,
                "type": "orange-in-air",
                "id": 22
            },
            {
                "time": 16.216,
                "endTime": 16.78,
                "type": "orange-on-ground",
                "id": 23
            },
            {
                "time": 16.78,
                "endTime": 17.702,
                "type": "orange-in-air",
                "id": 24
            },
            {
                "time": 17.702,
                "endTime": 18.188,
                "type": "orange-on-ground",
                "id": 25
            },
            {
                "time": 18.188,
                "endTime": 18.873699,
                "type": "orange-in-air",
                "id": 26
            },
            {
                "time": 18.873699,
                "endTime": 19.435736,
                "type": "orange-on-ground",
                "id": 27
            },
            {
                "time": 19.435736,
                "endTime": 20.152,
                "type": "orange-in-air",
                "id": 28
            },
            {
                "time": 20.152,
                "endTime": 20.84,
                "type": "orange-on-ground",
                "id": 29
            },
            {
                "time": 20.84,
                "endTime": 21.522,
                "type": "orange-in-air",
                "id": 30
            },
            {
                "time": 21.522,
                "endTime": 22.084,
                "type": "orange-on-ground",
                "id": 31
            },
            {
                "time": 22.084000000000366,
                "endTime": 22.994474146341474,
                "type": "orange-in-air",
                "id": 32
            }
        ],
        "_starts": [
            "2019-09-13T17:47:09.000Z"
        ],
        "_ends": [
            "2019-09-13T17:49:57.626Z"
        ]
    },
    "labels_file": "/home/ubuntu/vat/data/user-studies/studyE/gait-yellow/Maroon 3.labels.json",
    "videoFlash": 0.00001,
    "surveys": {
        "user-info": {
            "firstname": "Marc",
            "lastname": "Terry",
            "email": "cramterry5@gmail.com"
        },
        "practice-first": {
            "question1": "5",
            "question2": "ok",
            "question3": "60",
            "question4": "3"
        },
        "practice-second": {},
        "practice-third": {},
        "practice-survey": {},
        "drywall-blue": {
            "question1": "4",
            "question2": "3",
            "question3": "20",
            "question4": "50"
        },
        "drywall-red": {
            "question1": "2",
            "question2": "3",
            "question3": "50",
            "question4": "70"
        },
        "drywall-orange": {
            "question1": "4",
            "question2": "4",
            "question3": "30",
            "question4": "30"
        },
        "drywall-survey": {
            "question1": "5",
            "question2": "2",
            "question3": "4",
            "question4": "5"
        },
        "gait-blue": {
            "question1": "5",
            "question2": "5",
            "question3": "100",
            "question4": "40"
        },
        "gait-red": {
            "question1": "4",
            "question2": "5",
            "question3": "50",
            "question4": "50"
        }
    },
    "logs": {
        "labelEvents": [
            {
                "time": "2019-09-13T17:47:28.811Z",
                "type": "START",
                "source": "hotkey",
                "_t": "11:47:28",
                "_end": "-",
                "data": {
                    "type": "orange-on-ground",
                    "time": 0
                }
            },
            {
                "time": "2019-09-13T17:47:33.167Z",
                "type": "START",
                "source": "hotkey",
                "_t": "11:47:33",
                "_end": "-",
                "data": {
                    "type": "orange-in-air",
                    "time": 1.927169
                }
            },
            {
                "time": "2019-09-13T17:47:34.541Z",
                "type": "START",
                "source": "hotkey",
                "_t": "11:47:34",
                "_end": "-",
                "data": {
                    "type": "orange-on-ground",
                    "time": 2.604
                }
            },
            {
                "time": "2019-09-13T17:47:36.297Z",
                "type": "START",
                "source": "hotkey",
                "_t": "11:47:36",
                "_end": "-",
                "data": {
                    "type": "orange-in-air",
                    "time": 3.49
                }
            },
            {
                "time": "2019-09-13T17:47:37.601Z",
                "type": "START",
                "source": "hotkey",
                "_t": "11:47:37",
                "_end": "-",
                "data": {
                    "type": "orange-on-ground",
                    "time": 4.136
                }
            },
            {
                "time": "2019-09-13T17:47:39.054Z",
                "type": "START",
                "source": "hotkey",
                "_t": "11:47:39",
                "_end": "-",
                "data": {
                    "type": "orange-in-air",
                    "time": 4.856
                }
            },
            {
                "time": "2019-09-13T17:47:40.586Z",
                "type": "START",
                "source": "hotkey",
                "_t": "11:47:40",
                "_end": "-",
                "data": {
                    "type": "orange-on-ground",
                    "time": 5.662
                }
            },
            {
                "time": "2019-09-13T17:47:41.850Z",
                "type": "START",
                "source": "hotkey",
                "_t": "11:47:41",
                "_end": "-",
                "data": {
                    "type": "orange-in-air",
                    "time": 6.264
                }
            },
            {
                "time": "2019-09-13T17:47:43.102Z",
                "type": "START",
                "source": "hotkey",
                "_t": "11:47:43",
                "_end": "-",
                "data": {
                    "type": "orange-on-ground",
                    "time": 6.909669
                }
            },
            {
                "time": "2019-09-13T17:47:44.142Z",
                "type": "START",
                "source": "hotkey",
                "_t": "11:47:44",
                "_end": "-",
                "data": {
                    "type": "orange-in-air",
                    "time": 7.431674
                }
            },
            {
                "time": "2019-09-13T17:47:45.630Z",
                "type": "START",
                "source": "hotkey",
                "_t": "11:47:45",
                "_end": "-",
                "data": {
                    "type": "orange-on-ground",
                    "time": 8.152
                }
            },
            {
                "time": "2019-09-13T17:47:46.907Z",
                "type": "START",
                "source": "hotkey",
                "_t": "11:47:46",
                "_end": "-",
                "data": {
                    "type": "orange-in-air",
                    "time": 8.796
                }
            },
            {
                "time": "2019-09-13T17:47:48.560Z",
                "type": "START",
                "source": "hotkey",
                "_t": "11:47:48",
                "_end": "-",
                "data": {
                    "type": "orange-on-ground",
                    "time": 9.634
                }
            },
            {
                "time": "2019-09-13T17:47:49.739Z",
                "type": "START",
                "source": "hotkey",
                "_t": "11:47:49",
                "_end": "-",
                "data": {
                    "type": "orange-in-air",
                    "time": 10.202
                }
            },
            {
                "time": "2019-09-13T17:47:50.998Z",
                "type": "START",
                "source": "hotkey",
                "_t": "11:47:50",
                "_end": "-",
                "data": {
                    "type": "orange-on-ground",
                    "time": 10.842
                }
            },
            {
                "time": "2019-09-13T17:47:52.127Z",
                "type": "START",
                "source": "hotkey",
                "_t": "11:47:52",
                "_end": "-",
                "data": {
                    "type": "orange-in-air",
                    "time": 11.402
                }
            },
            {
                "time": "2019-09-13T17:47:53.534Z",
                "type": "START",
                "source": "hotkey",
                "_t": "11:47:53",
                "_end": "-",
                "data": {
                    "type": "orange-on-ground",
                    "time": 12.126
                }
            },
            {
                "time": "2019-09-13T17:47:54.746Z",
                "type": "START",
                "source": "hotkey",
                "_t": "11:47:54",
                "_end": "-",
                "data": {
                    "type": "orange-in-air",
                    "time": 12.73
                }
            },
            {
                "time": "2019-09-13T17:48:02.690Z",
                "type": "START",
                "source": "hotkey",
                "_t": "11:48:02",
                "_end": "-",
                "data": {
                    "type": "orange-on-ground",
                    "time": 13.49
                }
            },
            {
                "time": "2019-09-13T17:48:03.997Z",
                "type": "START",
                "source": "hotkey",
                "_t": "11:48:03",
                "_end": "-",
                "data": {
                    "type": "orange-in-air",
                    "time": 14.13
                }
            },
            {
                "time": "2019-09-13T17:48:05.478Z",
                "type": "START",
                "source": "hotkey",
                "_t": "11:48:05",
                "_end": "-",
                "data": {
                    "type": "orange-on-ground",
                    "time": 14.89
                }
            },
            {
                "time": "2019-09-13T17:48:06.673Z",
                "type": "START",
                "source": "hotkey",
                "_t": "11:48:06",
                "_end": "-",
                "data": {
                    "type": "orange-in-air",
                    "time": 15.492
                }
            },
            {
                "time": "2019-09-13T17:48:08.153Z",
                "type": "START",
                "source": "hotkey",
                "_t": "11:48:08",
                "_end": "-",
                "data": {
                    "type": "orange-on-ground",
                    "time": 16.216
                }
            },
            {
                "time": "2019-09-13T17:48:09.277Z",
                "type": "START",
                "source": "hotkey",
                "_t": "11:48:09",
                "_end": "-",
                "data": {
                    "type": "orange-in-air",
                    "time": 16.78
                }
            },
            {
                "time": "2019-09-13T17:48:11.103Z",
                "type": "START",
                "source": "hotkey",
                "_t": "11:48:11",
                "_end": "-",
                "data": {
                    "type": "orange-on-ground",
                    "time": 17.702
                }
            },
            {
                "time": "2019-09-13T17:48:12.080Z",
                "type": "START",
                "source": "hotkey",
                "_t": "11:48:12",
                "_end": "-",
                "data": {
                    "type": "orange-in-air",
                    "time": 18.188
                }
            },
            {
                "time": "2019-09-13T17:48:13.453Z",
                "type": "START",
                "source": "hotkey",
                "_t": "11:48:13",
                "_end": "-",
                "data": {
                    "type": "orange-on-ground",
                    "time": 18.873699
                }
            },
            {
                "time": "2019-09-13T17:48:14.559Z",
                "type": "START",
                "source": "hotkey",
                "_t": "11:48:14",
                "_end": "-",
                "data": {
                    "type": "orange-in-air",
                    "time": 19.435736
                }
            },
            {
                "time": "2019-09-13T17:48:15.999Z",
                "type": "START",
                "source": "hotkey",
                "_t": "11:48:15",
                "_end": "-",
                "data": {
                    "type": "orange-on-ground",
                    "time": 20.152
                }
            },
            {
                "time": "2019-09-13T17:48:17.353Z",
                "type": "START",
                "source": "hotkey",
                "_t": "11:48:17",
                "_end": "-",
                "data": {
                    "type": "orange-in-air",
                    "time": 20.84
                }
            },
            {
                "time": "2019-09-13T17:48:18.765Z",
                "type": "START",
                "source": "hotkey",
                "_t": "11:48:18",
                "_end": "-",
                "data": {
                    "type": "orange-on-ground",
                    "time": 21.522
                }
            },
            {
                "time": "2019-09-13T17:48:19.836Z",
                "type": "START",
                "source": "hotkey",
                "_t": "11:48:19",
                "_end": "-",
                "data": {
                    "type": "orange-in-air",
                    "time": 22.084
                }
            },
            {
                "time": "2019-09-13T17:48:21.460Z",
                "type": "START",
                "source": "hotkey",
                "_t": "11:48:21",
                "_end": "-",
                "data": {
                    "type": "orange-on-ground",
                    "time": 22.886
                }
            },
            {
                "time": "2019-09-13T17:48:24.735Z",
                "type": "END",
                "source": "hotkey:ctb",
                "_t": "11:48:24",
                "_end": "-",
                "data": {
                    "lbl": {
                        "time": 22.886,
                        "endTime": 23.004,
                        "type": "orange-on-ground",
                        "id": 33
                    },
                    "key": "enter"
                }
            },
            {
                "time": "2019-09-13T17:48:25.961Z",
                "type": "SELECT",
                "source": "data:click",
                "_t": "11:48:25",
                "_end": "-",
                "data": {
                    "time": 22.886,
                    "endTime": 23.004,
                    "type": "orange-on-ground",
                    "id": 33
                }
            },
            {
                "time": "2019-09-13T17:48:27.080Z",
                "type": "DELETE",
                "source": "hotkey",
                "_t": "11:48:27",
                "_end": "-",
                "data": {
                    "id": 33,
                    "idx": 32
                }
            },
            {
                "time": "2019-09-13T17:48:27.818Z",
                "type": "SELECT",
                "source": "data:click",
                "_t": "11:48:27",
                "_end": "-",
                "data": {
                    "time": 22.084000000000366,
                    "endTime": 22.994474146341474,
                    "type": "orange-in-air",
                    "id": 32
                }
            },
            {
                "time": {
                    "start": "2019-09-13T17:48:29.045Z",
                    "end": "2019-09-13T17:48:29.530Z"
                },
                "type": "RESIZE",
                "source": "data:brush",
                "_t": "11:48:29",
                "_end": "11:48:29",
                "data": {
                    "brushing": true,
                    "origin": [
                        22.084,
                        22.886
                    ],
                    "_brushside": 1,
                    "start": "2019-09-13T17:48:29.045Z",
                    "ε": 0.1,
                    "mode": "resize"
                }
            },
            {
                "time": {
                    "start": "2019-09-13T17:48:30.669Z",
                    "end": "2019-09-13T17:48:31.458Z"
                },
                "type": "RESIZE",
                "source": "data:brush",
                "_t": "11:48:30",
                "_end": "11:48:31",
                "data": {
                    "brushing": true,
                    "origin": [
                        22.084000000000366,
                        23.06928390243904
                    ],
                    "start": "2019-09-13T17:48:30.669Z",
                    "ε": 0.1,
                    "mode": "resize"
                }
            },
            {
                "time": "2019-09-13T17:48:31.917Z",
                "type": "DESELECT",
                "source": "data:click",
                "_t": "11:48:31",
                "_end": "-",
                "data": {
                    "time": 22.084000000000366,
                    "endTime": 22.994474146341474,
                    "type": "orange-in-air",
                    "id": 32
                }
            }
        ],
        "navigationEvents": [
            {
                "time": "2019-09-13T17:47:20.530Z",
                "type": "PLAY",
                "source": "video:button",
                "_t": "11:47:20",
                "_end": "-"
            },
            {
                "time": "2019-09-13T17:47:22.203Z",
                "type": "CHANGE-PLAYBACK-RATE",
                "source": "video:menu",
                "_t": "11:47:22",
                "_end": "-",
                "data": {
                    "oldRate": 1,
                    "newRate": 0.5
                }
            },
            {
                "time": {
                    "start": "2019-09-13T17:47:09.656Z",
                    "end": "2019-09-13T17:47:23.691Z"
                },
                "type": "SCRUB",
                "source": "data:drag",
                "_t": "11:47:09",
                "_end": "11:47:23",
                "data": {
                    "time": 0.5825297560974931
                }
            },
            {
                "time": {
                    "start": "2019-09-13T17:47:09.656Z",
                    "end": "2019-09-13T17:47:24.406Z"
                },
                "type": "SCRUB",
                "source": "data:drag",
                "_t": "11:47:09",
                "_end": "11:47:24",
                "data": {
                    "time": 0.24786634146356568
                }
            },
            {
                "time": "2019-09-13T17:47:24.440Z",
                "type": "PAUSE",
                "source": "hotkey",
                "_t": "11:47:24",
                "_end": "-",
                "data": {
                    "key": "space"
                }
            },
            {
                "time": {
                    "start": "2019-09-13T17:47:09.656Z",
                    "end": "2019-09-13T17:47:25.280Z"
                },
                "type": "SCRUB",
                "source": "data:drag",
                "_t": "11:47:09",
                "_end": "11:47:25",
                "data": {
                    "time": 0
                }
            },
            {
                "time": "2019-09-13T17:47:29.243Z",
                "type": "PLAY",
                "source": "hotkey",
                "_t": "11:47:29",
                "_end": "-",
                "data": {
                    "key": "space"
                }
            },
            {
                "time": "2019-09-13T17:47:55.457Z",
                "type": "PAUSE",
                "source": "hotkey",
                "_t": "11:47:55",
                "_end": "-",
                "data": {
                    "key": "space"
                }
            },
            {
                "time": "2019-09-13T17:48:01.789Z",
                "type": "PLAY",
                "source": "hotkey",
                "_t": "11:48:01",
                "_end": "-",
                "data": {
                    "key": "space"
                }
            },
            {
                "time": {
                    "start": "2019-09-13T17:47:09.656Z",
                    "end": "2019-09-13T17:48:25.954Z"
                },
                "type": "SCRUB",
                "source": "data:drag",
                "_t": "11:47:09",
                "_end": "11:48:25",
                "data": {
                    "time": 23.004
                }
            },
            {
                "time": {
                    "start": "2019-09-13T17:47:09.656Z",
                    "end": "2019-09-13T17:48:27.811Z"
                },
                "type": "SCRUB",
                "source": "data:drag",
                "_t": "11:47:09",
                "_end": "11:48:27",
                "data": {
                    "time": 23.004
                }
            },
            {
                "time": {
                    "start": "2019-09-13T17:47:09.656Z",
                    "end": "2019-09-13T17:48:29.545Z"
                },
                "type": "SCRUB",
                "source": "data:drag",
                "_t": "11:47:09",
                "_end": "11:48:29",
                "data": {
                    "time": 23.004
                }
            },
            {
                "time": {
                    "start": "2019-09-13T17:47:09.656Z",
                    "end": "2019-09-13T17:48:31.467Z"
                },
                "type": "SCRUB",
                "source": "data:drag",
                "_t": "11:47:09",
                "_end": "11:48:31",
                "data": {
                    "time": 23.004
                }
            },
            {
                "time": {
                    "start": "2019-09-13T17:47:09.656Z",
                    "end": "2019-09-13T17:48:31.914Z"
                },
                "type": "SCRUB",
                "source": "data:drag",
                "_t": "11:47:09",
                "_end": "11:48:31",
                "data": {
                    "time": 23.004
                }
            },
            {
                "time": {
                    "start": "2019-09-13T17:47:09.656Z",
                    "end": "2019-09-13T17:48:39.559Z"
                },
                "type": "SCRUB",
                "source": "data:drag",
                "_t": "11:47:09",
                "_end": "11:48:39",
                "data": {
                    "time": 21.199214634146276
                }
            },
            {
                "time": {
                    "start": "2019-09-13T17:47:09.656Z",
                    "end": "2019-09-13T17:48:41.891Z"
                },
                "type": "SCRUB",
                "source": "data:drag",
                "_t": "11:47:09",
                "_end": "11:48:41",
                "data": {
                    "time": 20.632531
                }
            },
            {
                "time": {
                    "start": "2019-09-13T17:47:09.656Z",
                    "end": "2019-09-13T17:48:42.864Z"
                },
                "type": "SCRUB",
                "source": "data:drag",
                "_t": "11:47:09",
                "_end": "11:48:42",
                "data": {
                    "time": 19.775959
                }
            },
            {
                "time": {
                    "start": "2019-09-13T17:47:09.656Z",
                    "end": "2019-09-13T17:48:50.192Z"
                },
                "type": "SCRUB",
                "source": "data:drag",
                "_t": "11:47:09",
                "_end": "11:48:50",
                "data": {
                    "time": 18.657553
                }
            },
            {
                "time": {
                    "start": "2019-09-13T17:47:09.656Z",
                    "end": "2019-09-13T17:48:53.913Z"
                },
                "type": "SCRUB",
                "source": "data:drag",
                "_t": "11:47:09",
                "_end": "11:48:53",
                "data": {
                    "time": 17.469948121951095
                }
            },
            {
                "time": {
                    "start": "2019-09-13T17:47:09.656Z",
                    "end": "2019-09-13T17:48:55.410Z"
                },
                "type": "SCRUB",
                "source": "data:drag",
                "_t": "11:47:09",
                "_end": "11:48:55",
                "data": {
                    "time": 16.41139
                }
            },
            {
                "time": {
                    "start": "2019-09-13T17:47:09.656Z",
                    "end": "2019-09-13T17:48:57.600Z"
                },
                "type": "SCRUB",
                "source": "data:drag",
                "_t": "11:47:09",
                "_end": "11:48:57",
                "data": {
                    "time": 15.175159
                }
            },
            {
                "time": {
                    "start": "2019-09-13T17:47:09.656Z",
                    "end": "2019-09-13T17:48:58.658Z"
                },
                "type": "SCRUB",
                "source": "data:drag",
                "_t": "11:47:09",
                "_end": "11:48:58",
                "data": {
                    "time": 14.481299
                }
            },
            {
                "time": {
                    "start": "2019-09-13T17:47:09.656Z",
                    "end": "2019-09-13T17:49:00.562Z"
                },
                "type": "SCRUB",
                "source": "data:drag",
                "_t": "11:47:09",
                "_end": "11:49:00",
                "data": {
                    "time": 13.252548268292927
                }
            },
            {
                "time": {
                    "start": "2019-09-13T17:47:09.656Z",
                    "end": "2019-09-13T17:49:02.307Z"
                },
                "type": "SCRUB",
                "source": "data:drag",
                "_t": "11:47:09",
                "_end": "11:49:02",
                "data": {
                    "time": 12.403458
                }
            },
            {
                "time": {
                    "start": "2019-09-13T17:47:09.656Z",
                    "end": "2019-09-13T17:49:03.327Z"
                },
                "type": "SCRUB",
                "source": "data:drag",
                "_t": "11:47:09",
                "_end": "11:49:03",
                "data": {
                    "time": 11.763835
                }
            },
            {
                "time": {
                    "start": "2019-09-13T17:47:09.656Z",
                    "end": "2019-09-13T17:49:06.744Z"
                },
                "type": "SCRUB",
                "source": "data:drag",
                "_t": "11:47:09",
                "_end": "11:49:06",
                "data": {
                    "time": 10.744552
                }
            },
            {
                "time": {
                    "start": "2019-09-13T17:47:09.656Z",
                    "end": "2019-09-13T17:49:15.610Z"
                },
                "type": "SCRUB",
                "source": "data:drag",
                "_t": "11:47:09",
                "_end": "11:49:15",
                "data": {
                    "time": 9.050111
                }
            },
            {
                "time": {
                    "start": "2019-09-13T17:47:09.656Z",
                    "end": "2019-09-13T17:49:27.739Z"
                },
                "type": "SCRUB",
                "source": "data:drag",
                "_t": "11:47:09",
                "_end": "11:49:27",
                "data": {
                    "time": 7.232234
                }
            },
            {
                "time": {
                    "start": "2019-09-13T17:47:09.656Z",
                    "end": "2019-09-13T17:49:32.264Z"
                },
                "type": "SCRUB",
                "source": "data:drag",
                "_t": "11:47:09",
                "_end": "11:49:32",
                "data": {
                    "time": 9.523283
                }
            },
            {
                "time": {
                    "start": "2019-09-13T17:47:09.656Z",
                    "end": "2019-09-13T17:49:33.111Z"
                },
                "type": "SCRUB",
                "source": "data:drag",
                "_t": "11:47:09",
                "_end": "11:49:33",
                "data": {
                    "time": 7.711016439023819
                }
            },
            {
                "time": {
                    "start": "2019-09-13T17:47:09.656Z",
                    "end": "2019-09-13T17:49:34.005Z"
                },
                "type": "SCRUB",
                "source": "data:drag",
                "_t": "11:47:09",
                "_end": "11:49:34",
                "data": {
                    "time": 5.773443
                }
            },
            {
                "time": {
                    "start": "2019-09-13T17:47:09.656Z",
                    "end": "2019-09-13T17:49:35.081Z"
                },
                "type": "SCRUB",
                "source": "data:drag",
                "_t": "11:47:09",
                "_end": "11:49:35",
                "data": {
                    "time": 3.031665
                }
            },
            {
                "time": {
                    "start": "2019-09-13T17:47:09.656Z",
                    "end": "2019-09-13T17:49:36.626Z"
                },
                "type": "SCRUB",
                "source": "data:drag",
                "_t": "11:47:09",
                "_end": "11:49:36",
                "data": {
                    "time": 0
                }
            },
            {
                "time": "2019-09-13T17:49:38.538Z",
                "type": "CHANGE-PLAYBACK-RATE",
                "source": "video:menu",
                "_t": "11:49:38",
                "_end": "-",
                "data": {
                    "oldRate": 0.5,
                    "newRate": 1.5
                }
            },
            {
                "time": "2019-09-13T17:49:38.916Z",
                "type": "PLAY",
                "source": "hotkey",
                "_t": "11:49:38",
                "_end": "-",
                "data": {
                    "key": "space"
                }
            }
        ]
    }
}