[{"time":0.112,"endTime":2.092,"type":"orange-on-ground","id":1},{"time":2.092,"endTime":2.826,"type":"orange-in-air","id":2},{"time":2.826,"endTime":3.828,"type":"orange-on-ground","id":3},{"time":3.828,"endTime":4.354,"type":"orange-in-air","id":4},{"time":4.354,"endTime":5.118,"type":"orange-on-ground","id":5},{"time":5.118,"endTime":5.64,"type":"orange-in-air","id":6},{"time":5.64,"endTime":6.408,"type":"orange-on-ground","id":7},{"time":6.408,"endTime":6.968,"type":"orange-in-air","id":8},{"time":6.968,"endTime":7.536,"type":"orange-on-ground","id":9},{"time":7.536,"endTime":8.224,"type":"orange-in-air","id":10},{"time":8.224,"endTime":9.03,"type":"orange-on-ground","id":11},{"time":9.03,"endTime":9.598,"type":"orange-in-air","id":12},{"time":9.598,"endTime":10.278,"type":"orange-on-ground","id":13},{"time":10.278,"endTime":10.936,"type":"orange-in-air","id":14},{"time":10.936,"endTime":11.702,"type":"orange-on-ground","id":15},{"time":11.702,"endTime":12.268,"type":"orange-in-air","id":16},{"time":12.268,"endTime":12.906,"type":"orange-on-ground","id":17},{"time":12.906,"endTime":13.6,"type":"orange-in-air","id":18},{"time":13.6,"endTime":14.244,"type":"orange-on-ground","id":19},{"time":14.244,"endTime":14.93,"type":"orange-in-air","id":20},{"time":14.93,"endTime":15.656,"type":"orange-on-ground","id":21},{"time":15.656,"endTime":16.3,"type":"orange-in-air","id":22},{"time":16.3,"endTime":17.066,"type":"orange-on-ground","id":23},{"time":17.066,"endTime":17.632,"type":"orange-in-air","id":24},{"time":17.632,"endTime":18.44,"type":"orange-on-ground","id":25},{"time":18.44,"endTime":19,"type":"orange-in-air","id":26},{"time":19,"endTime":19.724,"type":"orange-on-ground","id":27},{"time":19.724,"endTime":20.292,"type":"orange-in-air","id":28},{"time":20.292,"endTime":21.018,"type":"orange-on-ground","id":29},{"time":21.018,"endTime":21.58,"type":"orange-in-air","id":30},{"time":21.58,"endTime":22.348,"type":"orange-on-ground","id":31},{"time":22.348,"endTime":22.952,"type":"orange-in-air","id":32}]