[{"time":32.834951,"endTime":36.97710556523222,"type":"cutting","id":1},{"time":50.77585631312368,"endTime":52.82342398271973,"type":"measuring","id":2},{"time":58.827577,"endTime":63.6847848522478,"type":"cutting","id":3},{"time":70.132659,"endTime":78.18595543476891,"type":"cutting","id":4},{"time":79.67419115655821,"endTime":80.62834380006473,"type":"cutting","id":5},{"time":82.145682,"endTime":83.321627,"type":"cutting","id":6},{"time":83.321627,"endTime":87.17719056523222,"type":"cutting","id":7},{"time":90.46882,"endTime":92.363563,"type":"cutting","id":8},{"time":92.363563,"endTime":94.408197,"type":"cutting","id":9},{"time":94.408197,"endTime":95.499532,"type":"cutting","id":10},{"time":95.499532,"endTime":98.072999,"type":"cutting","id":11},{"time":172.245844,"endTime":174.547214,"type":"cutting","id":12},{"time":174.547214,"endTime":175.336837,"type":"cutting","id":13},{"time":175.336837,"endTime":177.539032,"type":"cutting","id":14},{"time":177.539032,"endTime":177.539032,"type":"cutting","id":16},{"time":180.507755,"endTime":183.73839053913866,"type":"cutting","id":17},{"time":186.352823,"endTime":188.12672287834025,"type":"cutting","id":18}]