{
    "user_id": "Orange 4",
    "session_id": "5d154da781249f67dd06aaad",
    "study": "studyE",
    "workspace": "gait.gait-yellow",
    "details": {
        "workspace": "gait.gait-yellow",
        "labels": [
            {
                "time": 0.274169,
                "endTime": 1.569769,
                "type": "orange-on-ground",
                "id": 1
            },
            {
                "time": 2.626297,
                "endTime": 3.505689,
                "type": "orange-on-ground",
                "id": 2
            },
            {
                "time": 4.24616,
                "endTime": 4.830639,
                "type": "orange-on-ground",
                "id": 3
            },
            {
                "time": 5.606044,
                "endTime": 6.150114,
                "type": "orange-on-ground",
                "id": 4
            },
            {
                "time": 6.93434,
                "endTime": 7.461989,
                "type": "orange-on-ground",
                "id": 5
            },
            {
                "time": 8.238054,
                "endTime": 8.853978,
                "type": "orange-on-ground",
                "id": 6
            },
            {
                "time": 9.590488,
                "endTime": 10.080452,
                "type": "orange-on-ground",
                "id": 7
            },
            {
                "time": 10.952063,
                "endTime": 11.39783,
                "type": "orange-on-ground",
                "id": 8
            },
            {
                "time": 12.350259,
                "endTime": 12.718084,
                "type": "orange-on-ground",
                "id": 9
            },
            {
                "time": 13.591072,
                "endTime": 14.053942,
                "type": "orange-on-ground",
                "id": 10
            },
            {
                "time": 14.998126,
                "endTime": 15.421952,
                "type": "orange-on-ground",
                "id": 11
            },
            {
                "time": 16.318357,
                "endTime": 16.757917,
                "type": "orange-on-ground",
                "id": 12
            },
            {
                "time": 17.604784,
                "endTime": 18.121115,
                "type": "orange-on-ground",
                "id": 13
            },
            {
                "time": 18.986329,
                "endTime": 19.416892,
                "type": "orange-on-ground",
                "id": 14
            },
            {
                "time": 20.368994,
                "endTime": 20.853151,
                "type": "orange-on-ground",
                "id": 15
            },
            {
                "time": 21.713132,
                "endTime": 22.264748,
                "type": "orange-on-ground",
                "id": 16
            },
            {
                "time": 1.642738,
                "endTime": 2.626297,
                "type": "orange-in-air",
                "id": 17
            },
            {
                "time": 3.543421,
                "endTime": 4.24616,
                "type": "orange-in-air",
                "id": 18
            },
            {
                "time": 4.916756,
                "endTime": 5.606044,
                "type": "orange-in-air",
                "id": 19
            },
            {
                "time": 6.172777,
                "endTime": 6.93434,
                "type": "orange-in-air",
                "id": 20
            },
            {
                "time": 7.510644,
                "endTime": 8.238054,
                "type": "orange-in-air",
                "id": 21
            },
            {
                "time": 8.91614,
                "endTime": 9.590488,
                "type": "orange-in-air",
                "id": 22
            },
            {
                "time": 10.148757,
                "endTime": 10.907917,
                "type": "orange-in-air",
                "id": 23
            },
            {
                "time": 11.444276,
                "endTime": 12.350259,
                "type": "orange-in-air",
                "id": 24
            },
            {
                "time": 12.820388,
                "endTime": 13.591072,
                "type": "orange-in-air",
                "id": 25
            },
            {
                "time": 14.127325,
                "endTime": 14.987634,
                "type": "orange-in-air",
                "id": 26
            },
            {
                "time": 15.524392,
                "endTime": 16.318357,
                "type": "orange-in-air",
                "id": 27
            },
            {
                "time": 16.868269,
                "endTime": 17.604784,
                "type": "orange-in-air",
                "id": 28
            },
            {
                "time": 18.148813,
                "endTime": 18.986329,
                "type": "orange-in-air",
                "id": 29
            },
            {
                "time": 19.492289,
                "endTime": 20.356235,
                "type": "orange-in-air",
                "id": 30
            },
            {
                "time": 20.916536,
                "endTime": 21.713132,
                "type": "orange-in-air",
                "id": 31
            },
            {
                "time": 22.309135,
                "endTime": 23.004,
                "type": "orange-in-air",
                "id": 32
            }
        ],
        "_starts": [
            "2019-06-28T00:10:00.000Z"
        ],
        "_ends": [
            "2019-06-28T00:11:53.858Z"
        ]
    },
    "labels_file": "/home/ubuntu/vat/data/user-studies/studyE/gait-yellow/Orange 4.labels.json",
    "videoFlash": 0.00001,
    "surveys": {
        "user-info": {
            "firstname": "Matthew",
            "lastname": "Porritt",
            "email": "mporr99@gmail.com"
        },
        "practice-first": {
            "question1": "4",
            "question2": "ok",
            "question3": "100",
            "question4": "4"
        },
        "drywall-survey": {
            "question1": "5",
            "question2": "5",
            "question3": "1",
            "question4": "2"
        },
        "gait-blue": {
            "question1": "5",
            "question2": "5",
            "question3": "70",
            "question4": "80"
        },
        "gait-red": {
            "question1": "4",
            "question2": "4",
            "question3": "90",
            "question4": "90"
        }
    },
    "logs": {
        "labelEvents": [
            {
                "time": "2019-06-28T00:10:10.530Z",
                "type": "START",
                "source": "hotkey",
                "_t": "18:10:10",
                "_end": "-",
                "data": {
                    "type": "orange-on-ground",
                    "time": 0.274169
                }
            },
            {
                "time": "2019-06-28T00:10:13.122Z",
                "type": "END",
                "source": "hotkey:ctb",
                "_t": "18:10:13",
                "_end": "-",
                "data": {
                    "lbl": {
                        "time": 0.274169,
                        "endTime": 1.569769,
                        "type": "orange-on-ground",
                        "id": 1
                    },
                    "key": "enter"
                }
            },
            {
                "time": "2019-06-28T00:10:15.235Z",
                "type": "START",
                "source": "hotkey",
                "_t": "18:10:15",
                "_end": "-",
                "data": {
                    "type": "orange-on-ground",
                    "time": 2.626297
                }
            },
            {
                "time": "2019-06-28T00:10:16.994Z",
                "type": "END",
                "source": "hotkey:ctb",
                "_t": "18:10:16",
                "_end": "-",
                "data": {
                    "lbl": {
                        "time": 2.626297,
                        "endTime": 3.505689,
                        "type": "orange-on-ground",
                        "id": 2
                    },
                    "key": "enter"
                }
            },
            {
                "time": "2019-06-28T00:10:18.482Z",
                "type": "START",
                "source": "hotkey",
                "_t": "18:10:18",
                "_end": "-",
                "data": {
                    "type": "orange-on-ground",
                    "time": 4.24616
                }
            },
            {
                "time": "2019-06-28T00:10:19.652Z",
                "type": "END",
                "source": "hotkey:ctb",
                "_t": "18:10:19",
                "_end": "-",
                "data": {
                    "lbl": {
                        "time": 4.24616,
                        "endTime": 4.830639,
                        "type": "orange-on-ground",
                        "id": 3
                    },
                    "key": "enter"
                }
            },
            {
                "time": "2019-06-28T00:10:21.202Z",
                "type": "START",
                "source": "hotkey",
                "_t": "18:10:21",
                "_end": "-",
                "data": {
                    "type": "orange-on-ground",
                    "time": 5.606044
                }
            },
            {
                "time": "2019-06-28T00:10:22.291Z",
                "type": "END",
                "source": "hotkey:ctb",
                "_t": "18:10:22",
                "_end": "-",
                "data": {
                    "lbl": {
                        "time": 5.606044,
                        "endTime": 6.150114,
                        "type": "orange-on-ground",
                        "id": 4
                    },
                    "key": "enter"
                }
            },
            {
                "time": "2019-06-28T00:10:23.859Z",
                "type": "START",
                "source": "hotkey",
                "_t": "18:10:23",
                "_end": "-",
                "data": {
                    "type": "orange-on-ground",
                    "time": 6.93434
                }
            },
            {
                "time": "2019-06-28T00:10:24.915Z",
                "type": "END",
                "source": "hotkey:ctb",
                "_t": "18:10:24",
                "_end": "-",
                "data": {
                    "lbl": {
                        "time": 6.93434,
                        "endTime": 7.461989,
                        "type": "orange-on-ground",
                        "id": 5
                    },
                    "key": "enter"
                }
            },
            {
                "time": "2019-06-28T00:10:26.466Z",
                "type": "START",
                "source": "hotkey",
                "_t": "18:10:26",
                "_end": "-",
                "data": {
                    "type": "orange-on-ground",
                    "time": 8.238054
                }
            },
            {
                "time": "2019-06-28T00:10:27.699Z",
                "type": "END",
                "source": "hotkey:ctb",
                "_t": "18:10:27",
                "_end": "-",
                "data": {
                    "lbl": {
                        "time": 8.238054,
                        "endTime": 8.853978,
                        "type": "orange-on-ground",
                        "id": 6
                    },
                    "key": "enter"
                }
            },
            {
                "time": "2019-06-28T00:10:29.172Z",
                "type": "START",
                "source": "hotkey",
                "_t": "18:10:29",
                "_end": "-",
                "data": {
                    "type": "orange-on-ground",
                    "time": 9.590488
                }
            },
            {
                "time": "2019-06-28T00:10:30.152Z",
                "type": "END",
                "source": "hotkey:ctb",
                "_t": "18:10:30",
                "_end": "-",
                "data": {
                    "lbl": {
                        "time": 9.590488,
                        "endTime": 10.080452,
                        "type": "orange-on-ground",
                        "id": 7
                    },
                    "key": "enter"
                }
            },
            {
                "time": "2019-06-28T00:10:31.894Z",
                "type": "START",
                "source": "hotkey",
                "_t": "18:10:31",
                "_end": "-",
                "data": {
                    "type": "orange-on-ground",
                    "time": 10.952063
                }
            },
            {
                "time": "2019-06-28T00:10:32.787Z",
                "type": "END",
                "source": "hotkey:ctb",
                "_t": "18:10:32",
                "_end": "-",
                "data": {
                    "lbl": {
                        "time": 10.952063,
                        "endTime": 11.39783,
                        "type": "orange-on-ground",
                        "id": 8
                    },
                    "key": "enter"
                }
            },
            {
                "time": "2019-06-28T00:10:34.691Z",
                "type": "START",
                "source": "hotkey",
                "_t": "18:10:34",
                "_end": "-",
                "data": {
                    "type": "orange-on-ground",
                    "time": 12.350259
                }
            },
            {
                "time": "2019-06-28T00:10:35.427Z",
                "type": "END",
                "source": "hotkey:ctb",
                "_t": "18:10:35",
                "_end": "-",
                "data": {
                    "lbl": {
                        "time": 12.350259,
                        "endTime": 12.718084,
                        "type": "orange-on-ground",
                        "id": 9
                    },
                    "key": "enter"
                }
            },
            {
                "time": "2019-06-28T00:10:37.173Z",
                "type": "START",
                "source": "hotkey",
                "_t": "18:10:37",
                "_end": "-",
                "data": {
                    "type": "orange-on-ground",
                    "time": 13.591072
                }
            },
            {
                "time": "2019-06-28T00:10:38.099Z",
                "type": "END",
                "source": "hotkey:ctb",
                "_t": "18:10:38",
                "_end": "-",
                "data": {
                    "lbl": {
                        "time": 13.591072,
                        "endTime": 14.053942,
                        "type": "orange-on-ground",
                        "id": 10
                    },
                    "key": "enter"
                }
            },
            {
                "time": "2019-06-28T00:10:39.987Z",
                "type": "START",
                "source": "hotkey",
                "_t": "18:10:39",
                "_end": "-",
                "data": {
                    "type": "orange-on-ground",
                    "time": 14.998126
                }
            },
            {
                "time": "2019-06-28T00:10:40.835Z",
                "type": "END",
                "source": "hotkey:ctb",
                "_t": "18:10:40",
                "_end": "-",
                "data": {
                    "lbl": {
                        "time": 14.998126,
                        "endTime": 15.421952,
                        "type": "orange-on-ground",
                        "id": 11
                    },
                    "key": "enter"
                }
            },
            {
                "time": "2019-06-28T00:10:42.628Z",
                "type": "START",
                "source": "hotkey",
                "_t": "18:10:42",
                "_end": "-",
                "data": {
                    "type": "orange-on-ground",
                    "time": 16.318357
                }
            },
            {
                "time": "2019-06-28T00:10:43.508Z",
                "type": "END",
                "source": "hotkey:ctb",
                "_t": "18:10:43",
                "_end": "-",
                "data": {
                    "lbl": {
                        "time": 16.318357,
                        "endTime": 16.757917,
                        "type": "orange-on-ground",
                        "id": 12
                    },
                    "key": "enter"
                }
            },
            {
                "time": "2019-06-28T00:10:45.211Z",
                "type": "START",
                "source": "hotkey",
                "_t": "18:10:45",
                "_end": "-",
                "data": {
                    "type": "orange-on-ground",
                    "time": 17.604784
                }
            },
            {
                "time": "2019-06-28T00:10:46.244Z",
                "type": "END",
                "source": "hotkey:ctb",
                "_t": "18:10:46",
                "_end": "-",
                "data": {
                    "lbl": {
                        "time": 17.604784,
                        "endTime": 18.121115,
                        "type": "orange-on-ground",
                        "id": 13
                    },
                    "key": "enter"
                }
            },
            {
                "time": "2019-06-28T00:10:47.974Z",
                "type": "START",
                "source": "hotkey",
                "_t": "18:10:47",
                "_end": "-",
                "data": {
                    "type": "orange-on-ground",
                    "time": 18.986329
                }
            },
            {
                "time": "2019-06-28T00:10:48.839Z",
                "type": "END",
                "source": "hotkey:ctb",
                "_t": "18:10:48",
                "_end": "-",
                "data": {
                    "lbl": {
                        "time": 18.986329,
                        "endTime": 19.416892,
                        "type": "orange-on-ground",
                        "id": 14
                    },
                    "key": "enter"
                }
            },
            {
                "time": "2019-06-28T00:10:50.740Z",
                "type": "START",
                "source": "hotkey",
                "_t": "18:10:50",
                "_end": "-",
                "data": {
                    "type": "orange-on-ground",
                    "time": 20.368994
                }
            },
            {
                "time": "2019-06-28T00:10:51.710Z",
                "type": "END",
                "source": "hotkey:ctb",
                "_t": "18:10:51",
                "_end": "-",
                "data": {
                    "lbl": {
                        "time": 20.368994,
                        "endTime": 20.853151,
                        "type": "orange-on-ground",
                        "id": 15
                    },
                    "key": "enter"
                }
            },
            {
                "time": "2019-06-28T00:10:53.428Z",
                "type": "START",
                "source": "hotkey",
                "_t": "18:10:53",
                "_end": "-",
                "data": {
                    "type": "orange-on-ground",
                    "time": 21.713132
                }
            },
            {
                "time": "2019-06-28T00:10:54.532Z",
                "type": "END",
                "source": "hotkey:ctb",
                "_t": "18:10:54",
                "_end": "-",
                "data": {
                    "lbl": {
                        "time": 21.713132,
                        "endTime": 22.264748,
                        "type": "orange-on-ground",
                        "id": 16
                    },
                    "key": "enter"
                }
            },
            {
                "time": "2019-06-28T00:10:55.796Z",
                "type": "START",
                "source": "hotkey",
                "_t": "18:10:55",
                "_end": "-",
                "data": {
                    "type": "orange-on-ground",
                    "time": 22.897115
                }
            },
            {
                "time": "2019-06-28T00:10:57.156Z",
                "type": "END",
                "source": "hotkey:ctb",
                "_t": "18:10:57",
                "_end": "-",
                "data": {
                    "lbl": {
                        "time": 22.897115,
                        "endTime": 23.004,
                        "type": "orange-on-ground",
                        "id": 17
                    },
                    "key": "enter"
                }
            },
            {
                "time": "2019-06-28T00:10:59.633Z",
                "type": "SELECT",
                "source": "data:click",
                "_t": "18:10:59",
                "_end": "-",
                "data": {
                    "time": 22.897115,
                    "endTime": 23.004,
                    "type": "orange-on-ground",
                    "id": 17
                }
            },
            {
                "time": "2019-06-28T00:11:00.810Z",
                "type": "DELETE",
                "source": "side-bar:button",
                "_t": "18:11:00",
                "_end": "-",
                "data": {
                    "id": 17,
                    "idx": 16
                }
            },
            {
                "time": "2019-06-28T00:11:08.796Z",
                "type": "START",
                "source": "hotkey",
                "_t": "18:11:08",
                "_end": "-",
                "data": {
                    "type": "orange-in-air",
                    "time": 1.642738
                }
            },
            {
                "time": "2019-06-28T00:11:10.795Z",
                "type": "END",
                "source": "hotkey:ctb",
                "_t": "18:11:10",
                "_end": "-",
                "data": {
                    "lbl": {
                        "time": 1.642738,
                        "endTime": 2.626297,
                        "type": "orange-in-air",
                        "id": 17
                    },
                    "key": "enter"
                }
            },
            {
                "time": "2019-06-28T00:11:12.598Z",
                "type": "START",
                "source": "hotkey",
                "_t": "18:11:12",
                "_end": "-",
                "data": {
                    "type": "orange-in-air",
                    "time": 3.543421
                }
            },
            {
                "time": "2019-06-28T00:11:14.055Z",
                "type": "END",
                "source": "hotkey:ctb",
                "_t": "18:11:14",
                "_end": "-",
                "data": {
                    "lbl": {
                        "time": 3.543421,
                        "endTime": 4.24616,
                        "type": "orange-in-air",
                        "id": 18
                    },
                    "key": "enter"
                }
            },
            {
                "time": "2019-06-28T00:11:15.365Z",
                "type": "START",
                "source": "hotkey",
                "_t": "18:11:15",
                "_end": "-",
                "data": {
                    "type": "orange-in-air",
                    "time": 4.916756
                }
            },
            {
                "time": "2019-06-28T00:11:16.823Z",
                "type": "END",
                "source": "hotkey:ctb",
                "_t": "18:11:16",
                "_end": "-",
                "data": {
                    "lbl": {
                        "time": 4.916756,
                        "endTime": 5.606044,
                        "type": "orange-in-air",
                        "id": 19
                    },
                    "key": "enter"
                }
            },
            {
                "time": "2019-06-28T00:11:17.877Z",
                "type": "START",
                "source": "hotkey",
                "_t": "18:11:17",
                "_end": "-",
                "data": {
                    "type": "orange-in-air",
                    "time": 6.172777
                }
            },
            {
                "time": "2019-06-28T00:11:19.401Z",
                "type": "END",
                "source": "hotkey:ctb",
                "_t": "18:11:19",
                "_end": "-",
                "data": {
                    "lbl": {
                        "time": 6.172777,
                        "endTime": 6.93434,
                        "type": "orange-in-air",
                        "id": 20
                    },
                    "key": "enter"
                }
            },
            {
                "time": "2019-06-28T00:11:20.571Z",
                "type": "START",
                "source": "hotkey",
                "_t": "18:11:20",
                "_end": "-",
                "data": {
                    "type": "orange-in-air",
                    "time": 7.510644
                }
            },
            {
                "time": "2019-06-28T00:11:22.058Z",
                "type": "END",
                "source": "hotkey:ctb",
                "_t": "18:11:22",
                "_end": "-",
                "data": {
                    "lbl": {
                        "time": 7.510644,
                        "endTime": 8.238054,
                        "type": "orange-in-air",
                        "id": 21
                    },
                    "key": "enter"
                }
            },
            {
                "time": "2019-06-28T00:11:23.381Z",
                "type": "START",
                "source": "hotkey",
                "_t": "18:11:23",
                "_end": "-",
                "data": {
                    "type": "orange-in-air",
                    "time": 8.91614
                }
            },
            {
                "time": "2019-06-28T00:11:24.802Z",
                "type": "END",
                "source": "hotkey:ctb",
                "_t": "18:11:24",
                "_end": "-",
                "data": {
                    "lbl": {
                        "time": 8.91614,
                        "endTime": 9.590488,
                        "type": "orange-in-air",
                        "id": 22
                    },
                    "key": "enter"
                }
            },
            {
                "time": "2019-06-28T00:11:25.848Z",
                "type": "START",
                "source": "hotkey",
                "_t": "18:11:25",
                "_end": "-",
                "data": {
                    "type": "orange-in-air",
                    "time": 10.148757
                }
            },
            {
                "time": "2019-06-28T00:11:27.366Z",
                "type": "END",
                "source": "hotkey:ctb",
                "_t": "18:11:27",
                "_end": "-",
                "data": {
                    "lbl": {
                        "time": 10.148757,
                        "endTime": 10.907917,
                        "type": "orange-in-air",
                        "id": 23
                    },
                    "key": "enter"
                }
            },
            {
                "time": "2019-06-28T00:11:28.438Z",
                "type": "START",
                "source": "hotkey",
                "_t": "18:11:28",
                "_end": "-",
                "data": {
                    "type": "orange-in-air",
                    "time": 11.444276
                }
            },
            {
                "time": "2019-06-28T00:11:30.309Z",
                "type": "END",
                "source": "hotkey:ctb",
                "_t": "18:11:30",
                "_end": "-",
                "data": {
                    "lbl": {
                        "time": 11.444276,
                        "endTime": 12.350259,
                        "type": "orange-in-air",
                        "id": 24
                    },
                    "key": "enter"
                }
            },
            {
                "time": "2019-06-28T00:11:31.191Z",
                "type": "START",
                "source": "hotkey",
                "_t": "18:11:31",
                "_end": "-",
                "data": {
                    "type": "orange-in-air",
                    "time": 12.820388
                }
            },
            {
                "time": "2019-06-28T00:11:32.758Z",
                "type": "END",
                "source": "hotkey:ctb",
                "_t": "18:11:32",
                "_end": "-",
                "data": {
                    "lbl": {
                        "time": 12.820388,
                        "endTime": 13.591072,
                        "type": "orange-in-air",
                        "id": 25
                    },
                    "key": "enter"
                }
            },
            {
                "time": "2019-06-28T00:11:33.804Z",
                "type": "START",
                "source": "hotkey",
                "_t": "18:11:33",
                "_end": "-",
                "data": {
                    "type": "orange-in-air",
                    "time": 14.127325
                }
            },
            {
                "time": "2019-06-28T00:11:35.525Z",
                "type": "END",
                "source": "hotkey:ctb",
                "_t": "18:11:35",
                "_end": "-",
                "data": {
                    "lbl": {
                        "time": 14.127325,
                        "endTime": 14.987634,
                        "type": "orange-in-air",
                        "id": 26
                    },
                    "key": "enter"
                }
            },
            {
                "time": "2019-06-28T00:11:36.598Z",
                "type": "START",
                "source": "hotkey",
                "_t": "18:11:36",
                "_end": "-",
                "data": {
                    "type": "orange-in-air",
                    "time": 15.524392
                }
            },
            {
                "time": "2019-06-28T00:11:38.313Z",
                "type": "END",
                "source": "hotkey:ctb",
                "_t": "18:11:38",
                "_end": "-",
                "data": {
                    "lbl": {
                        "time": 15.524392,
                        "endTime": 16.318357,
                        "type": "orange-in-air",
                        "id": 27
                    },
                    "key": "enter"
                }
            },
            {
                "time": "2019-06-28T00:11:39.286Z",
                "type": "START",
                "source": "hotkey",
                "_t": "18:11:39",
                "_end": "-",
                "data": {
                    "type": "orange-in-air",
                    "time": 16.868269
                }
            },
            {
                "time": "2019-06-28T00:11:40.775Z",
                "type": "END",
                "source": "hotkey:ctb",
                "_t": "18:11:40",
                "_end": "-",
                "data": {
                    "lbl": {
                        "time": 16.868269,
                        "endTime": 17.604784,
                        "type": "orange-in-air",
                        "id": 28
                    },
                    "key": "enter"
                }
            },
            {
                "time": "2019-06-28T00:11:41.847Z",
                "type": "START",
                "source": "hotkey",
                "_t": "18:11:41",
                "_end": "-",
                "data": {
                    "type": "orange-in-air",
                    "time": 18.148813
                }
            },
            {
                "time": "2019-06-28T00:11:43.606Z",
                "type": "END",
                "source": "hotkey:ctb",
                "_t": "18:11:43",
                "_end": "-",
                "data": {
                    "lbl": {
                        "time": 18.148813,
                        "endTime": 18.986329,
                        "type": "orange-in-air",
                        "id": 29
                    },
                    "key": "enter"
                }
            },
            {
                "time": "2019-06-28T00:11:44.536Z",
                "type": "START",
                "source": "hotkey",
                "_t": "18:11:44",
                "_end": "-",
                "data": {
                    "type": "orange-in-air",
                    "time": 19.492289
                }
            },
            {
                "time": "2019-06-28T00:11:46.263Z",
                "type": "END",
                "source": "hotkey:ctb",
                "_t": "18:11:46",
                "_end": "-",
                "data": {
                    "lbl": {
                        "time": 19.492289,
                        "endTime": 20.356235,
                        "type": "orange-in-air",
                        "id": 30
                    },
                    "key": "enter"
                }
            },
            {
                "time": "2019-06-28T00:11:47.383Z",
                "type": "START",
                "source": "hotkey",
                "_t": "18:11:47",
                "_end": "-",
                "data": {
                    "type": "orange-in-air",
                    "time": 20.916536
                }
            },
            {
                "time": "2019-06-28T00:11:48.984Z",
                "type": "END",
                "source": "hotkey:ctb",
                "_t": "18:11:48",
                "_end": "-",
                "data": {
                    "lbl": {
                        "time": 20.916536,
                        "endTime": 21.713132,
                        "type": "orange-in-air",
                        "id": 31
                    },
                    "key": "enter"
                }
            },
            {
                "time": "2019-06-28T00:11:50.170Z",
                "type": "START",
                "source": "hotkey",
                "_t": "18:11:50",
                "_end": "-",
                "data": {
                    "type": "orange-in-air",
                    "time": 22.309135
                }
            },
            {
                "time": "2019-06-28T00:11:51.670Z",
                "type": "END",
                "source": "hotkey:ctb",
                "_t": "18:11:51",
                "_end": "-",
                "data": {
                    "lbl": {
                        "time": 22.309135,
                        "endTime": 23.004,
                        "type": "orange-in-air",
                        "id": 32
                    },
                    "key": "enter"
                }
            }
        ],
        "navigationEvents": [
            {
                "time": "2019-06-28T00:10:04.996Z",
                "type": "PLAY",
                "source": "video:button",
                "_t": "18:10:04",
                "_end": "-"
            },
            {
                "time": "2019-06-28T00:10:06.736Z",
                "type": "CHANGE-PLAYBACK-RATE",
                "source": "video:menu",
                "_t": "18:10:06",
                "_end": "-",
                "data": {
                    "oldRate": 1,
                    "newRate": 0.5
                }
            },
            {
                "time": {
                    "start": "2019-06-28T00:10:08.261Z",
                    "end": "2019-06-28T00:10:09.970Z"
                },
                "type": "SCRUB",
                "source": "video:drag",
                "_t": "18:10:08",
                "_end": "18:10:09",
                "data": {
                    "to": 0,
                    "from": 2.071793
                }
            },
            {
                "time": {
                    "start": "2019-06-28T00:10:00.985Z",
                    "end": "2019-06-28T00:10:59.627Z"
                },
                "type": "SCRUB",
                "source": "data:drag",
                "_t": "18:10:00",
                "_end": "18:10:59",
                "data": {
                    "time": 23.004
                }
            },
            {
                "time": {
                    "start": "2019-06-28T00:11:02.140Z",
                    "end": "2019-06-28T00:11:02.179Z"
                },
                "type": "SCRUB",
                "source": "video:drag",
                "_t": "18:11:02",
                "_end": "18:11:02",
                "data": {
                    "to": 0.217391,
                    "from": 23.004
                }
            },
            {
                "time": "2019-06-28T00:11:05.931Z",
                "type": "PLAY",
                "source": "video:button",
                "_t": "18:11:05",
                "_end": "-"
            }
        ]
    }
}