[{"time":0.274169,"endTime":1.569769,"type":"orange-on-ground","id":1},{"time":2.626297,"endTime":3.505689,"type":"orange-on-ground","id":2},{"time":4.24616,"endTime":4.830639,"type":"orange-on-ground","id":3},{"time":5.606044,"endTime":6.150114,"type":"orange-on-ground","id":4},{"time":6.93434,"endTime":7.461989,"type":"orange-on-ground","id":5},{"time":8.238054,"endTime":8.853978,"type":"orange-on-ground","id":6},{"time":9.590488,"endTime":10.080452,"type":"orange-on-ground","id":7},{"time":10.952063,"endTime":11.39783,"type":"orange-on-ground","id":8},{"time":12.350259,"endTime":12.718084,"type":"orange-on-ground","id":9},{"time":13.591072,"endTime":14.053942,"type":"orange-on-ground","id":10},{"time":14.998126,"endTime":15.421952,"type":"orange-on-ground","id":11},{"time":16.318357,"endTime":16.757917,"type":"orange-on-ground","id":12},{"time":17.604784,"endTime":18.121115,"type":"orange-on-ground","id":13},{"time":18.986329,"endTime":19.416892,"type":"orange-on-ground","id":14},{"time":20.368994,"endTime":20.853151,"type":"orange-on-ground","id":15},{"time":21.713132,"endTime":22.264748,"type":"orange-on-ground","id":16},{"time":1.642738,"endTime":2.626297,"type":"orange-in-air","id":17},{"time":3.543421,"endTime":4.24616,"type":"orange-in-air","id":18},{"time":4.916756,"endTime":5.606044,"type":"orange-in-air","id":19},{"time":6.172777,"endTime":6.93434,"type":"orange-in-air","id":20},{"time":7.510644,"endTime":8.238054,"type":"orange-in-air","id":21},{"time":8.91614,"endTime":9.590488,"type":"orange-in-air","id":22},{"time":10.148757,"endTime":10.907917,"type":"orange-in-air","id":23},{"time":11.444276,"endTime":12.350259,"type":"orange-in-air","id":24},{"time":12.820388,"endTime":13.591072,"type":"orange-in-air","id":25},{"time":14.127325,"endTime":14.987634,"type":"orange-in-air","id":26},{"time":15.524392,"endTime":16.318357,"type":"orange-in-air","id":27},{"time":16.868269,"endTime":17.604784,"type":"orange-in-air","id":28},{"time":18.148813,"endTime":18.986329,"type":"orange-in-air","id":29},{"time":19.492289,"endTime":20.356235,"type":"orange-in-air","id":30},{"time":20.916536,"endTime":21.713132,"type":"orange-in-air","id":31},{"time":22.309135,"endTime":23.004,"type":"orange-in-air","id":32}]