{
    "user_id": "purple 2",
    "session_id": "5d1a4c9181249f67dd06aad2",
    "study": "studyE",
    "workspace": "gait.gait-yellow",
    "details": {
        "workspace": "gait.gait-yellow",
        "labels": [
            {
                "time": 0,
                "endTime": 1.791954,
                "type": "orange-on-ground",
                "id": 1
            },
            {
                "time": 1.797299,
                "endTime": 2.746351,
                "type": "orange-in-air",
                "id": 2
            },
            {
                "time": 2.774603,
                "endTime": 3.390579,
                "type": "orange-on-ground",
                "id": 3
            },
            {
                "time": 3.395906,
                "endTime": 4.207507,
                "type": "orange-in-air",
                "id": 4
            },
            {
                "time": 4.275652,
                "endTime": 4.854307,
                "type": "orange-on-ground",
                "id": 5
            },
            {
                "time": 4.854307,
                "endTime": 5.565987,
                "type": "orange-in-air",
                "id": 6
            },
            {
                "time": 5.565987,
                "endTime": 6.141852,
                "type": "orange-on-ground",
                "id": 7
            },
            {
                "time": 6.141852,
                "endTime": 6.894938,
                "type": "orange-in-air",
                "id": 8
            },
            {
                "time": 6.894938,
                "endTime": 7.414216,
                "type": "orange-on-ground",
                "id": 9
            },
            {
                "time": 7.414216,
                "endTime": 8.182331,
                "type": "orange-in-air",
                "id": 10
            },
            {
                "time": 8.182331,
                "endTime": 8.758136,
                "type": "orange-on-ground",
                "id": 11
            },
            {
                "time": 8.758136,
                "endTime": 9.517974,
                "type": "orange-in-air",
                "id": 12
            },
            {
                "time": 9.517974,
                "endTime": 10.061957,
                "type": "orange-on-ground",
                "id": 13
            },
            {
                "time": 10.061957,
                "endTime": 10.870139,
                "type": "orange-in-air",
                "id": 14
            },
            {
                "time": 10.870139,
                "endTime": 11.33489,
                "type": "orange-on-ground",
                "id": 15
            },
            {
                "time": 11.33489,
                "endTime": 12.229972,
                "type": "orange-in-air",
                "id": 16
            },
            {
                "time": 12.229972,
                "endTime": 12.789967,
                "type": "orange-on-ground",
                "id": 17
            },
            {
                "time": 12.789967,
                "endTime": 13.493991,
                "type": "orange-in-air",
                "id": 18
            },
            {
                "time": 13.493991,
                "endTime": 14.054088,
                "type": "orange-on-ground",
                "id": 19
            },
            {
                "time": 14.054088,
                "endTime": 14.854149,
                "type": "orange-in-air",
                "id": 20
            },
            {
                "time": 14.854149,
                "endTime": 15.446341,
                "type": "orange-on-ground",
                "id": 21
            },
            {
                "time": 15.446341,
                "endTime": 16.190478,
                "type": "orange-in-air",
                "id": 22
            },
            {
                "time": 16.190478,
                "endTime": 16.734357,
                "type": "orange-on-ground",
                "id": 23
            },
            {
                "time": 16.734357,
                "endTime": 17.534958,
                "type": "orange-in-air",
                "id": 24
            },
            {
                "time": 17.534958,
                "endTime": 18.11087,
                "type": "orange-on-ground",
                "id": 25
            },
            {
                "time": 18.11087,
                "endTime": 18.846332,
                "type": "orange-in-air",
                "id": 26
            },
            {
                "time": 18.846332,
                "endTime": 19.454291,
                "type": "orange-on-ground",
                "id": 27
            },
            {
                "time": 19.454291,
                "endTime": 20.262428,
                "type": "orange-in-air",
                "id": 28
            },
            {
                "time": 20.262428,
                "endTime": 20.806523,
                "type": "orange-on-ground",
                "id": 29
            },
            {
                "time": 20.806523,
                "endTime": 21.55833,
                "type": "orange-in-air",
                "id": 30
            },
            {
                "time": 21.55833,
                "endTime": 22.110276,
                "type": "orange-on-ground",
                "id": 31
            },
            {
                "time": 22.110276,
                "endTime": 22.886515,
                "type": "orange-in-air",
                "id": 32
            },
            {
                "time": 22.886515,
                "endTime": 23.004,
                "type": "orange-on-ground",
                "id": 33
            }
        ],
        "_starts": [
            "2019-07-01T18:34:04.000Z"
        ],
        "_ends": [
            "2019-07-01T18:36:47.870Z"
        ]
    },
    "labels_file": "/home/ubuntu/vat/data/user-studies/studyE/gait-yellow/purple 2.labels.json",
    "videoFlash": 0.00001,
    "surveys": {
        "user-info": {
            "firstname": "Parker",
            "lastname": "Hanson",
            "email": "phanson96@gmail.com"
        },
        "practice-first": {
            "question1": "5",
            "question2": "ok",
            "question3": "60",
            "question4": "5"
        },
        "practice-second": {},
        "practice-third": {},
        "practice-survey": {},
        "drywall-blue": {
            "question1": "4",
            "question2": "5",
            "question3": "40",
            "question4": "90"
        },
        "drywall-red": {
            "question1": "1",
            "question2": "1",
            "question3": "0",
            "question4": "0"
        },
        "drywall-orange": {
            "question1": "1",
            "question2": "2",
            "question3": "10",
            "question4": "80"
        },
        "drywall-survey": {
            "question1": "5",
            "question2": "5",
            "question3": "3",
            "question4": "4"
        },
        "gait-blue": {
            "question1": "5",
            "question2": "5",
            "question3": "100",
            "question4": "100"
        },
        "gait-red": {
            "question1": "4",
            "question2": "4",
            "question3": "80",
            "question4": "70"
        }
    },
    "logs": {
        "labelEvents": [
            {
                "time": "2019-07-01T18:34:13.781Z",
                "type": "START",
                "source": "hotkey",
                "_t": "12:34:13",
                "_end": "-",
                "data": {
                    "type": "orange-on-ground",
                    "time": 0
                }
            },
            {
                "time": "2019-07-01T18:34:18.871Z",
                "type": "START",
                "source": "hotkey",
                "_t": "12:34:18",
                "_end": "-",
                "data": {
                    "type": "orange-in-air",
                    "time": 1.791954
                }
            },
            {
                "time": "2019-07-01T18:34:19.141Z",
                "type": "START",
                "source": "hotkey",
                "_t": "12:34:19",
                "_end": "-",
                "data": {
                    "type": "orange-on-ground",
                    "time": 2.111786
                }
            },
            {
                "time": "2019-07-01T18:34:19.812Z",
                "type": "CANCEL",
                "source": "hotkey",
                "_t": "12:34:19",
                "_end": "-",
                "data": {
                    "time": 2.111786,
                    "type": "orange-on-ground",
                    "editting": false
                }
            },
            {
                "time": "2019-07-01T18:34:22.071Z",
                "type": "SELECT",
                "source": "data:click",
                "_t": "12:34:22",
                "_end": "-",
                "data": {
                    "time": 1.791954,
                    "endTime": 2.111786,
                    "type": "orange-in-air",
                    "id": 2
                }
            },
            {
                "time": "2019-07-01T18:34:24.099Z",
                "type": "DELETE",
                "source": "side-bar:button",
                "_t": "12:34:24",
                "_end": "-",
                "data": {
                    "id": 2,
                    "idx": 1
                }
            },
            {
                "time": "2019-07-01T18:34:25.367Z",
                "type": "SELECT",
                "source": "data:click",
                "_t": "12:34:25",
                "_end": "-",
                "data": {
                    "time": 0,
                    "endTime": 1.791954,
                    "type": "orange-on-ground",
                    "id": 1
                }
            },
            {
                "time": "2019-07-01T18:34:25.528Z",
                "type": "DESELECT",
                "source": "data:click",
                "_t": "12:34:25",
                "_end": "-",
                "data": {
                    "time": 0,
                    "endTime": 1.791954,
                    "type": "orange-on-ground",
                    "id": 1
                }
            },
            {
                "time": "2019-07-01T18:34:31.718Z",
                "type": "START",
                "source": "hotkey",
                "_t": "12:34:31",
                "_end": "-",
                "data": {
                    "type": "orange-on-ground",
                    "time": 1.797299
                }
            },
            {
                "time": "2019-07-01T18:34:33.044Z",
                "type": "CANCEL",
                "source": "hotkey",
                "_t": "12:34:33",
                "_end": "-",
                "data": {
                    "time": 1.797299,
                    "type": "orange-on-ground",
                    "editting": false
                }
            },
            {
                "time": "2019-07-01T18:34:33.605Z",
                "type": "START",
                "source": "hotkey",
                "_t": "12:34:33",
                "_end": "-",
                "data": {
                    "type": "orange-in-air",
                    "time": 1.797299
                }
            },
            {
                "time": "2019-07-01T18:34:35.925Z",
                "type": "START",
                "source": "hotkey",
                "_t": "12:34:35",
                "_end": "-",
                "data": {
                    "type": "orange-in-air",
                    "time": 2.746351
                }
            },
            {
                "time": "2019-07-01T18:34:35.990Z",
                "type": "START",
                "source": "hotkey",
                "_t": "12:34:35",
                "_end": "-",
                "data": {
                    "type": "orange-on-ground",
                    "time": 2.842829
                }
            },
            {
                "time": "2019-07-01T18:34:36.964Z",
                "type": "CANCEL",
                "source": "hotkey",
                "_t": "12:34:36",
                "_end": "-",
                "data": {
                    "time": 2.842829,
                    "type": "orange-on-ground",
                    "editting": false
                }
            },
            {
                "time": "2019-07-01T18:34:39.224Z",
                "type": "SELECT",
                "source": "data:click",
                "_t": "12:34:39",
                "_end": "-",
                "data": {
                    "time": 2.746351,
                    "endTime": 2.842829,
                    "type": "orange-in-air",
                    "id": 3
                }
            },
            {
                "time": "2019-07-01T18:34:41.300Z",
                "type": "DELETE",
                "source": "side-bar:button",
                "_t": "12:34:41",
                "_end": "-",
                "data": {
                    "id": 3,
                    "idx": 2
                }
            },
            {
                "time": "2019-07-01T18:34:45.830Z",
                "type": "START",
                "source": "hotkey",
                "_t": "12:34:45",
                "_end": "-",
                "data": {
                    "type": "orange-on-ground",
                    "time": 2.749356
                }
            },
            {
                "time": "2019-07-01T18:34:56.393Z",
                "type": "START",
                "source": "hotkey",
                "_t": "12:34:56",
                "_end": "-",
                "data": {
                    "type": "orange-on-ground",
                    "time": 3.702984
                }
            },
            {
                "time": "2019-07-01T18:34:56.503Z",
                "type": "START",
                "source": "hotkey",
                "_t": "12:34:56",
                "_end": "-",
                "data": {
                    "type": "orange-in-air",
                    "time": 3.757555
                }
            },
            {
                "time": "2019-07-01T18:34:57.878Z",
                "type": "START",
                "source": "hotkey",
                "_t": "12:34:57",
                "_end": "-",
                "data": {
                    "type": "orange-on-ground",
                    "time": 4.44511
                }
            },
            {
                "time": "2019-07-01T18:34:57.975Z",
                "type": "START",
                "source": "hotkey",
                "_t": "12:34:57",
                "_end": "-",
                "data": {
                    "type": "orange-in-air",
                    "time": 4.493296
                }
            },
            {
                "time": "2019-07-01T18:34:58.970Z",
                "type": "START",
                "source": "hotkey",
                "_t": "12:34:58",
                "_end": "-",
                "data": {
                    "type": "orange-in-air",
                    "time": 4.990039
                }
            },
            {
                "time": "2019-07-01T18:34:59.063Z",
                "type": "START",
                "source": "hotkey",
                "_t": "12:34:59",
                "_end": "-",
                "data": {
                    "type": "orange-on-ground",
                    "time": 5.037171
                }
            },
            {
                "time": "2019-07-01T18:35:00.079Z",
                "type": "START",
                "source": "hotkey",
                "_t": "12:35:00",
                "_end": "-",
                "data": {
                    "type": "orange-on-ground",
                    "time": 5.545155
                }
            },
            {
                "time": "2019-07-01T18:35:00.146Z",
                "type": "START",
                "source": "hotkey",
                "_t": "12:35:00",
                "_end": "-",
                "data": {
                    "type": "orange-in-air",
                    "time": 5.578822
                }
            },
            {
                "time": "2019-07-01T18:35:01.861Z",
                "type": "CANCEL",
                "source": "hotkey",
                "_t": "12:35:01",
                "_end": "-",
                "data": {
                    "time": 5.578822,
                    "type": "orange-in-air",
                    "editting": false
                }
            },
            {
                "time": "2019-07-01T18:35:02.369Z",
                "type": "SELECT",
                "source": "data:click",
                "_t": "12:35:02",
                "_end": "-",
                "data": {
                    "time": 4.493296,
                    "endTime": 4.990039,
                    "type": "orange-in-air",
                    "id": 7
                }
            },
            {
                "time": "2019-07-01T18:35:07.662Z",
                "type": "DESELECT",
                "source": "data:click",
                "_t": "12:35:07",
                "_end": "-",
                "data": {
                    "time": 4.493296,
                    "endTime": 4.990039,
                    "type": "orange-in-air",
                    "id": 7
                }
            },
            {
                "time": "2019-07-01T18:35:08.696Z",
                "type": "SELECT",
                "source": "data:click",
                "_t": "12:35:08",
                "_end": "-",
                "data": {
                    "time": 4.493296,
                    "endTime": 4.990039,
                    "type": "orange-in-air",
                    "id": 7
                }
            },
            {
                "time": "2019-07-01T18:35:10.342Z",
                "type": "DELETE",
                "source": "hotkey",
                "_t": "12:35:10",
                "_end": "-",
                "data": {
                    "id": 7,
                    "idx": 6
                }
            },
            {
                "time": "2019-07-01T18:35:11.112Z",
                "type": "SELECT",
                "source": "data:click",
                "_t": "12:35:11",
                "_end": "-",
                "data": {
                    "time": 4.990039,
                    "endTime": 5.037171,
                    "type": "orange-in-air",
                    "id": 8
                }
            },
            {
                "time": "2019-07-01T18:35:11.189Z",
                "type": "DELETE",
                "source": "hotkey",
                "_t": "12:35:11",
                "_end": "-",
                "data": {
                    "id": 8,
                    "idx": 6
                }
            },
            {
                "time": "2019-07-01T18:35:11.569Z",
                "type": "SELECT",
                "source": "data:click",
                "_t": "12:35:11",
                "_end": "-",
                "data": {
                    "time": 5.037171,
                    "endTime": 5.545155,
                    "type": "orange-on-ground",
                    "id": 9
                }
            },
            {
                "time": "2019-07-01T18:35:11.766Z",
                "type": "DELETE",
                "source": "hotkey",
                "_t": "12:35:11",
                "_end": "-",
                "data": {
                    "id": 9,
                    "idx": 6
                }
            },
            {
                "time": "2019-07-01T18:35:12.352Z",
                "type": "SELECT",
                "source": "data:click",
                "_t": "12:35:12",
                "_end": "-",
                "data": {
                    "time": 4.44511,
                    "endTime": 4.493296,
                    "type": "orange-on-ground",
                    "id": 6
                }
            },
            {
                "time": "2019-07-01T18:35:12.518Z",
                "type": "DELETE",
                "source": "hotkey",
                "_t": "12:35:12",
                "_end": "-",
                "data": {
                    "id": 6,
                    "idx": 5
                }
            },
            {
                "time": "2019-07-01T18:35:15.513Z",
                "type": "SELECT",
                "source": "data:click",
                "_t": "12:35:15",
                "_end": "-",
                "data": {
                    "time": 5.545155,
                    "endTime": 5.578822,
                    "type": "orange-on-ground",
                    "id": 10
                }
            },
            {
                "time": "2019-07-01T18:35:15.909Z",
                "type": "DELETE",
                "source": "hotkey",
                "_t": "12:35:15",
                "_end": "-",
                "data": {
                    "id": 10,
                    "idx": 5
                }
            },
            {
                "time": "2019-07-01T18:35:16.512Z",
                "type": "SELECT",
                "source": "data:click",
                "_t": "12:35:16",
                "_end": "-",
                "data": {
                    "time": 3.757555,
                    "endTime": 4.44511,
                    "type": "orange-in-air",
                    "id": 5
                }
            },
            {
                "time": "2019-07-01T18:35:16.660Z",
                "type": "DESELECT",
                "source": "data:click",
                "_t": "12:35:16",
                "_end": "-",
                "data": {
                    "time": 3.757555,
                    "endTime": 4.44511,
                    "type": "orange-in-air",
                    "id": 5
                }
            },
            {
                "time": "2019-07-01T18:35:20.961Z",
                "type": "SELECT",
                "source": "data:click",
                "_t": "12:35:20",
                "_end": "-",
                "data": {
                    "time": 3.757555,
                    "endTime": 4.44511,
                    "type": "orange-in-air",
                    "id": 5
                }
            },
            {
                "time": "2019-07-01T18:35:22.949Z",
                "type": "DELETE",
                "source": "hotkey",
                "_t": "12:35:22",
                "_end": "-",
                "data": {
                    "id": 5,
                    "idx": 4
                }
            },
            {
                "time": "2019-07-01T18:35:24.001Z",
                "type": "SELECT",
                "source": "data:click",
                "_t": "12:35:24",
                "_end": "-",
                "data": {
                    "time": 2.749356,
                    "endTime": 3.702984,
                    "type": "orange-on-ground",
                    "id": 3
                }
            },
            {
                "time": {
                    "start": "2019-07-01T18:35:24.152Z",
                    "end": "2019-07-01T18:35:24.214Z"
                },
                "type": "MOVE",
                "source": "data:brush",
                "_t": "12:35:24",
                "_end": "12:35:24",
                "data": {
                    "brushing": true,
                    "origin": [
                        2.749356,
                        3.702984
                    ],
                    "start": "2019-07-01T18:35:24.152Z",
                    "ε": 0.1,
                    "mode": "move"
                }
            },
            {
                "time": "2019-07-01T18:35:24.223Z",
                "type": "DESELECT",
                "source": "data:click",
                "_t": "12:35:24",
                "_end": "-",
                "data": {
                    "time": 2.749356,
                    "endTime": 3.702984,
                    "type": "orange-on-ground",
                    "id": 3
                }
            },
            {
                "time": "2019-07-01T18:35:24.937Z",
                "type": "SELECT",
                "source": "data:click",
                "_t": "12:35:24",
                "_end": "-",
                "data": {
                    "time": 2.749356,
                    "endTime": 3.702984,
                    "type": "orange-on-ground",
                    "id": 3
                }
            },
            {
                "time": {
                    "start": "2019-07-01T18:35:25.047Z",
                    "end": "2019-07-01T18:35:25.094Z"
                },
                "type": "MOVE",
                "source": "data:brush",
                "_t": "12:35:25",
                "_end": "12:35:25",
                "data": {
                    "brushing": true,
                    "origin": [
                        2.749356,
                        3.702984
                    ],
                    "start": "2019-07-01T18:35:25.047Z",
                    "ε": 0.1,
                    "mode": "move"
                }
            },
            {
                "time": "2019-07-01T18:35:25.113Z",
                "type": "DESELECT",
                "source": "data:click",
                "_t": "12:35:25",
                "_end": "-",
                "data": {
                    "time": 2.749356,
                    "endTime": 3.702984,
                    "type": "orange-on-ground",
                    "id": 3
                }
            },
            {
                "time": "2019-07-01T18:35:26.265Z",
                "type": "SELECT",
                "source": "data:click",
                "_t": "12:35:26",
                "_end": "-",
                "data": {
                    "time": 2.749356,
                    "endTime": 3.702984,
                    "type": "orange-on-ground",
                    "id": 3
                }
            },
            {
                "time": "2019-07-01T18:35:27.413Z",
                "type": "DELETE",
                "source": "hotkey",
                "_t": "12:35:27",
                "_end": "-",
                "data": {
                    "id": 3,
                    "idx": 2
                }
            },
            {
                "time": "2019-07-01T18:35:28.145Z",
                "type": "SELECT",
                "source": "data:click",
                "_t": "12:35:28",
                "_end": "-",
                "data": {
                    "time": 3.702984,
                    "endTime": 3.757555,
                    "type": "orange-on-ground",
                    "id": 4
                }
            },
            {
                "time": "2019-07-01T18:35:28.277Z",
                "type": "DELETE",
                "source": "hotkey",
                "_t": "12:35:28",
                "_end": "-",
                "data": {
                    "id": 4,
                    "idx": 2
                }
            },
            {
                "time": "2019-07-01T18:35:29.056Z",
                "type": "SELECT",
                "source": "data:click",
                "_t": "12:35:29",
                "_end": "-",
                "data": {
                    "time": 1.797299,
                    "endTime": 2.746351,
                    "type": "orange-in-air",
                    "id": 2
                }
            },
            {
                "time": "2019-07-01T18:35:29.218Z",
                "type": "DESELECT",
                "source": "data:click",
                "_t": "12:35:29",
                "_end": "-",
                "data": {
                    "time": 1.797299,
                    "endTime": 2.746351,
                    "type": "orange-in-air",
                    "id": 2
                }
            },
            {
                "time": "2019-07-01T18:35:33.222Z",
                "type": "START",
                "source": "hotkey",
                "_t": "12:35:33",
                "_end": "-",
                "data": {
                    "type": "orange-in-air",
                    "time": 2.787365
                }
            },
            {
                "time": "2019-07-01T18:35:34.293Z",
                "type": "CANCEL",
                "source": "hotkey",
                "_t": "12:35:34",
                "_end": "-",
                "data": {
                    "time": 2.787365,
                    "type": "orange-in-air",
                    "editting": false
                }
            },
            {
                "time": "2019-07-01T18:35:39.079Z",
                "type": "START",
                "source": "hotkey",
                "_t": "12:35:39",
                "_end": "-",
                "data": {
                    "type": "orange-on-ground",
                    "time": 2.774603
                }
            },
            {
                "time": "2019-07-01T18:35:42.166Z",
                "type": "START",
                "source": "hotkey",
                "_t": "12:35:42",
                "_end": "-",
                "data": {
                    "type": "orange-on-ground",
                    "time": 3.390579
                }
            },
            {
                "time": "2019-07-01T18:35:42.325Z",
                "type": "START",
                "source": "hotkey",
                "_t": "12:35:42",
                "_end": "-",
                "data": {
                    "type": "orange-in-air",
                    "time": 3.461798
                }
            },
            {
                "time": "2019-07-01T18:35:44.198Z",
                "type": "CANCEL",
                "source": "hotkey",
                "_t": "12:35:44",
                "_end": "-",
                "data": {
                    "time": 3.461798,
                    "type": "orange-in-air",
                    "editting": false
                }
            },
            {
                "time": "2019-07-01T18:35:46.673Z",
                "type": "SELECT",
                "source": "data:click",
                "_t": "12:35:46",
                "_end": "-",
                "data": {
                    "time": 3.390579,
                    "endTime": 3.461798,
                    "type": "orange-on-ground",
                    "id": 4
                }
            },
            {
                "time": "2019-07-01T18:35:47.990Z",
                "type": "DELETE",
                "source": "hotkey",
                "_t": "12:35:47",
                "_end": "-",
                "data": {
                    "id": 4,
                    "idx": 3
                }
            },
            {
                "time": "2019-07-01T18:35:51.895Z",
                "type": "START",
                "source": "hotkey",
                "_t": "12:35:51",
                "_end": "-",
                "data": {
                    "type": "orange-on-ground",
                    "time": 3.395906
                }
            },
            {
                "time": "2019-07-01T18:35:52.997Z",
                "type": "CANCEL",
                "source": "hotkey",
                "_t": "12:35:52",
                "_end": "-",
                "data": {
                    "time": 3.395906,
                    "type": "orange-on-ground",
                    "editting": false
                }
            },
            {
                "time": "2019-07-01T18:35:53.415Z",
                "type": "START",
                "source": "hotkey",
                "_t": "12:35:53",
                "_end": "-",
                "data": {
                    "type": "orange-in-air",
                    "time": 3.395906
                }
            },
            {
                "time": "2019-07-01T18:35:56.007Z",
                "type": "START",
                "source": "hotkey",
                "_t": "12:35:56",
                "_end": "-",
                "data": {
                    "type": "orange-in-air",
                    "time": 4.207507
                }
            },
            {
                "time": "2019-07-01T18:35:57.606Z",
                "type": "CANCEL",
                "source": "hotkey",
                "_t": "12:35:57",
                "_end": "-",
                "data": {
                    "time": 4.207507,
                    "type": "orange-in-air",
                    "editting": false
                }
            },
            {
                "time": "2019-07-01T18:36:01.306Z",
                "type": "START",
                "source": "hotkey",
                "_t": "12:36:01",
                "_end": "-",
                "data": {
                    "type": "orange-on-ground",
                    "time": 4.275652
                }
            },
            {
                "time": "2019-07-01T18:36:02.475Z",
                "type": "START",
                "source": "hotkey",
                "_t": "12:36:02",
                "_end": "-",
                "data": {
                    "type": "orange-in-air",
                    "time": 4.854307
                }
            },
            {
                "time": "2019-07-01T18:36:05.352Z",
                "type": "START",
                "source": "hotkey",
                "_t": "12:36:05",
                "_end": "-",
                "data": {
                    "type": "orange-on-ground",
                    "time": 5.565987
                }
            },
            {
                "time": "2019-07-01T18:36:06.504Z",
                "type": "START",
                "source": "hotkey",
                "_t": "12:36:06",
                "_end": "-",
                "data": {
                    "type": "orange-in-air",
                    "time": 6.141852
                }
            },
            {
                "time": "2019-07-01T18:36:08.010Z",
                "type": "START",
                "source": "hotkey",
                "_t": "12:36:08",
                "_end": "-",
                "data": {
                    "type": "orange-on-ground",
                    "time": 6.894938
                }
            },
            {
                "time": "2019-07-01T18:36:09.049Z",
                "type": "START",
                "source": "hotkey",
                "_t": "12:36:09",
                "_end": "-",
                "data": {
                    "type": "orange-in-air",
                    "time": 7.414216
                }
            },
            {
                "time": "2019-07-01T18:36:10.585Z",
                "type": "START",
                "source": "hotkey",
                "_t": "12:36:10",
                "_end": "-",
                "data": {
                    "type": "orange-on-ground",
                    "time": 8.182331
                }
            },
            {
                "time": "2019-07-01T18:36:11.737Z",
                "type": "START",
                "source": "hotkey",
                "_t": "12:36:11",
                "_end": "-",
                "data": {
                    "type": "orange-in-air",
                    "time": 8.758136
                }
            },
            {
                "time": "2019-07-01T18:36:13.256Z",
                "type": "START",
                "source": "hotkey",
                "_t": "12:36:13",
                "_end": "-",
                "data": {
                    "type": "orange-on-ground",
                    "time": 9.517974
                }
            },
            {
                "time": "2019-07-01T18:36:14.344Z",
                "type": "START",
                "source": "hotkey",
                "_t": "12:36:14",
                "_end": "-",
                "data": {
                    "type": "orange-in-air",
                    "time": 10.061957
                }
            },
            {
                "time": "2019-07-01T18:36:15.960Z",
                "type": "START",
                "source": "hotkey",
                "_t": "12:36:15",
                "_end": "-",
                "data": {
                    "type": "orange-on-ground",
                    "time": 10.870139
                }
            },
            {
                "time": "2019-07-01T18:36:16.891Z",
                "type": "START",
                "source": "hotkey",
                "_t": "12:36:16",
                "_end": "-",
                "data": {
                    "type": "orange-in-air",
                    "time": 11.33489
                }
            },
            {
                "time": "2019-07-01T18:36:18.680Z",
                "type": "START",
                "source": "hotkey",
                "_t": "12:36:18",
                "_end": "-",
                "data": {
                    "type": "orange-on-ground",
                    "time": 12.229972
                }
            },
            {
                "time": "2019-07-01T18:36:19.802Z",
                "type": "START",
                "source": "hotkey",
                "_t": "12:36:19",
                "_end": "-",
                "data": {
                    "type": "orange-in-air",
                    "time": 12.789967
                }
            },
            {
                "time": "2019-07-01T18:36:21.210Z",
                "type": "START",
                "source": "hotkey",
                "_t": "12:36:21",
                "_end": "-",
                "data": {
                    "type": "orange-on-ground",
                    "time": 13.493991
                }
            },
            {
                "time": "2019-07-01T18:36:22.329Z",
                "type": "START",
                "source": "hotkey",
                "_t": "12:36:22",
                "_end": "-",
                "data": {
                    "type": "orange-in-air",
                    "time": 14.054088
                }
            },
            {
                "time": "2019-07-01T18:36:23.930Z",
                "type": "START",
                "source": "hotkey",
                "_t": "12:36:23",
                "_end": "-",
                "data": {
                    "type": "orange-on-ground",
                    "time": 14.854149
                }
            },
            {
                "time": "2019-07-01T18:36:26.490Z",
                "type": "START",
                "source": "hotkey",
                "_t": "12:36:26",
                "_end": "-",
                "data": {
                    "type": "orange-in-air",
                    "time": 15.446341
                }
            },
            {
                "time": "2019-07-01T18:36:27.979Z",
                "type": "START",
                "source": "hotkey",
                "_t": "12:36:27",
                "_end": "-",
                "data": {
                    "type": "orange-on-ground",
                    "time": 16.190478
                }
            },
            {
                "time": "2019-07-01T18:36:29.067Z",
                "type": "START",
                "source": "hotkey",
                "_t": "12:36:29",
                "_end": "-",
                "data": {
                    "type": "orange-in-air",
                    "time": 16.734357
                }
            },
            {
                "time": "2019-07-01T18:36:30.669Z",
                "type": "START",
                "source": "hotkey",
                "_t": "12:36:30",
                "_end": "-",
                "data": {
                    "type": "orange-on-ground",
                    "time": 17.534958
                }
            },
            {
                "time": "2019-07-01T18:36:31.819Z",
                "type": "START",
                "source": "hotkey",
                "_t": "12:36:31",
                "_end": "-",
                "data": {
                    "type": "orange-in-air",
                    "time": 18.11087
                }
            },
            {
                "time": "2019-07-01T18:36:33.290Z",
                "type": "START",
                "source": "hotkey",
                "_t": "12:36:33",
                "_end": "-",
                "data": {
                    "type": "orange-on-ground",
                    "time": 18.846332
                }
            },
            {
                "time": "2019-07-01T18:36:34.506Z",
                "type": "START",
                "source": "hotkey",
                "_t": "12:36:34",
                "_end": "-",
                "data": {
                    "type": "orange-in-air",
                    "time": 19.454291
                }
            },
            {
                "time": "2019-07-01T18:36:36.122Z",
                "type": "START",
                "source": "hotkey",
                "_t": "12:36:36",
                "_end": "-",
                "data": {
                    "type": "orange-on-ground",
                    "time": 20.262428
                }
            },
            {
                "time": "2019-07-01T18:36:37.211Z",
                "type": "START",
                "source": "hotkey",
                "_t": "12:36:37",
                "_end": "-",
                "data": {
                    "type": "orange-in-air",
                    "time": 20.806523
                }
            },
            {
                "time": "2019-07-01T18:36:38.714Z",
                "type": "START",
                "source": "hotkey",
                "_t": "12:36:38",
                "_end": "-",
                "data": {
                    "type": "orange-on-ground",
                    "time": 21.55833
                }
            },
            {
                "time": "2019-07-01T18:36:39.819Z",
                "type": "START",
                "source": "hotkey",
                "_t": "12:36:39",
                "_end": "-",
                "data": {
                    "type": "orange-in-air",
                    "time": 22.110276
                }
            },
            {
                "time": "2019-07-01T18:36:41.372Z",
                "type": "START",
                "source": "hotkey",
                "_t": "12:36:41",
                "_end": "-",
                "data": {
                    "type": "orange-on-ground",
                    "time": 22.886515
                }
            },
            {
                "time": "2019-07-01T18:36:43.835Z",
                "type": "START",
                "source": "hotkey",
                "_t": "12:36:43",
                "_end": "-",
                "data": {
                    "type": "orange-in-air",
                    "time": 23.004
                }
            },
            {
                "time": "2019-07-01T18:36:45.946Z",
                "type": "CANCEL",
                "source": "hotkey",
                "_t": "12:36:45",
                "_end": "-",
                "data": {
                    "time": 23.004,
                    "type": "orange-in-air",
                    "editting": false
                }
            }
        ],
        "navigationEvents": [
            {
                "time": "2019-07-01T18:34:09.456Z",
                "type": "PLAY",
                "source": "video:button",
                "_t": "12:34:09",
                "_end": "-"
            },
            {
                "time": "2019-07-01T18:34:10.120Z",
                "type": "PAUSE",
                "source": "video:button",
                "_t": "12:34:10",
                "_end": "-"
            },
            {
                "time": {
                    "start": "2019-07-01T18:34:04.289Z",
                    "end": "2019-07-01T18:34:12.565Z"
                },
                "type": "SCRUB",
                "source": "data:drag",
                "_t": "12:34:04",
                "_end": "12:34:12",
                "data": {
                    "time": 0
                }
            },
            {
                "time": "2019-07-01T18:34:15.853Z",
                "type": "CHANGE-PLAYBACK-RATE",
                "source": "video:menu",
                "_t": "12:34:15",
                "_end": "-",
                "data": {
                    "oldRate": 1,
                    "newRate": 2
                }
            },
            {
                "time": "2019-07-01T18:34:17.419Z",
                "type": "PLAY",
                "source": "hotkey",
                "_t": "12:34:17",
                "_end": "-",
                "data": {
                    "key": "space"
                }
            },
            {
                "time": "2019-07-01T18:34:20.389Z",
                "type": "PAUSE",
                "source": "hotkey",
                "_t": "12:34:20",
                "_end": "-",
                "data": {
                    "key": "space"
                }
            },
            {
                "time": {
                    "start": "2019-07-01T18:34:04.289Z",
                    "end": "2019-07-01T18:34:21.484Z"
                },
                "type": "SCRUB",
                "source": "data:drag",
                "_t": "12:34:04",
                "_end": "12:34:21",
                "data": {
                    "time": 2.904485
                }
            },
            {
                "time": {
                    "start": "2019-07-01T18:34:04.289Z",
                    "end": "2019-07-01T18:34:22.069Z"
                },
                "type": "SCRUB",
                "source": "data:drag",
                "_t": "12:34:04",
                "_end": "12:34:22",
                "data": {
                    "time": 2.904485
                }
            },
            {
                "time": {
                    "start": "2019-07-01T18:34:04.289Z",
                    "end": "2019-07-01T18:34:25.365Z"
                },
                "type": "SCRUB",
                "source": "data:drag",
                "_t": "12:34:04",
                "_end": "12:34:25",
                "data": {
                    "time": 2.904485
                }
            },
            {
                "time": {
                    "start": "2019-07-01T18:34:04.289Z",
                    "end": "2019-07-01T18:34:25.527Z"
                },
                "type": "SCRUB",
                "source": "data:drag",
                "_t": "12:34:04",
                "_end": "12:34:25",
                "data": {
                    "time": 2.904485
                }
            },
            {
                "time": "2019-07-01T18:34:25.531Z",
                "type": "JUMP",
                "source": "data:dblclick:h_pos",
                "_t": "12:34:25",
                "_end": "-",
                "data": {
                    "from": 2.904485,
                    "to": 1.7916898780487414
                }
            },
            {
                "time": {
                    "start": "2019-07-01T18:34:04.289Z",
                    "end": "2019-07-01T18:34:31.565Z"
                },
                "type": "SCRUB",
                "source": "data:drag",
                "_t": "12:34:04",
                "_end": "12:34:31",
                "data": {
                    "time": 1.797299
                }
            },
            {
                "time": "2019-07-01T18:34:35.241Z",
                "type": "PLAY",
                "source": "hotkey",
                "_t": "12:34:35",
                "_end": "-",
                "data": {
                    "key": "space"
                }
            },
            {
                "time": "2019-07-01T18:34:37.222Z",
                "type": "PAUSE",
                "source": "hotkey",
                "_t": "12:34:37",
                "_end": "-",
                "data": {
                    "key": "space"
                }
            },
            {
                "time": {
                    "start": "2019-07-01T18:34:04.289Z",
                    "end": "2019-07-01T18:34:38.484Z"
                },
                "type": "SCRUB",
                "source": "data:drag",
                "_t": "12:34:04",
                "_end": "12:34:38",
                "data": {
                    "time": 3.317911
                }
            },
            {
                "time": {
                    "start": "2019-07-01T18:34:04.289Z",
                    "end": "2019-07-01T18:34:39.221Z"
                },
                "type": "SCRUB",
                "source": "data:drag",
                "_t": "12:34:04",
                "_end": "12:34:39",
                "data": {
                    "time": 3.317911
                }
            },
            {
                "time": {
                    "start": "2019-07-01T18:34:04.289Z",
                    "end": "2019-07-01T18:34:45.484Z"
                },
                "type": "SCRUB",
                "source": "data:drag",
                "_t": "12:34:04",
                "_end": "12:34:45",
                "data": {
                    "time": 2.749356
                }
            },
            {
                "time": "2019-07-01T18:34:47.574Z",
                "type": "PLAY",
                "source": "hotkey",
                "_t": "12:34:47",
                "_end": "-",
                "data": {
                    "key": "space"
                }
            },
            {
                "time": "2019-07-01T18:34:48.558Z",
                "type": "PAUSE",
                "source": "hotkey",
                "_t": "12:34:48",
                "_end": "-",
                "data": {
                    "key": "space"
                }
            },
            {
                "time": "2019-07-01T18:34:50.365Z",
                "type": "CHANGE-PLAYBACK-RATE",
                "source": "video:menu",
                "_t": "12:34:50",
                "_end": "-",
                "data": {
                    "oldRate": 2,
                    "newRate": 0.5
                }
            },
            {
                "time": {
                    "start": "2019-07-01T18:34:04.289Z",
                    "end": "2019-07-01T18:34:52.598Z"
                },
                "type": "SCRUB",
                "source": "data:drag",
                "_t": "12:34:04",
                "_end": "12:34:52",
                "data": {
                    "time": 2.755529
                }
            },
            {
                "time": "2019-07-01T18:34:54.486Z",
                "type": "PLAY",
                "source": "hotkey",
                "_t": "12:34:54",
                "_end": "-",
                "data": {
                    "key": "space"
                }
            },
            {
                "time": "2019-07-01T18:35:00.454Z",
                "type": "PAUSE",
                "source": "hotkey",
                "_t": "12:35:00",
                "_end": "-",
                "data": {
                    "key": "space"
                }
            },
            {
                "time": {
                    "start": "2019-07-01T18:34:04.289Z",
                    "end": "2019-07-01T18:35:02.366Z"
                },
                "type": "SCRUB",
                "source": "data:drag",
                "_t": "12:34:04",
                "_end": "12:35:02",
                "data": {
                    "time": 5.733046
                }
            },
            {
                "time": {
                    "start": "2019-07-01T18:34:04.289Z",
                    "end": "2019-07-01T18:35:07.661Z"
                },
                "type": "SCRUB",
                "source": "data:drag",
                "_t": "12:34:04",
                "_end": "12:35:07",
                "data": {
                    "time": 5.733046
                }
            },
            {
                "time": {
                    "start": "2019-07-01T18:34:04.289Z",
                    "end": "2019-07-01T18:35:08.693Z"
                },
                "type": "SCRUB",
                "source": "data:drag",
                "_t": "12:34:04",
                "_end": "12:35:08",
                "data": {
                    "time": 5.733046
                }
            },
            {
                "time": {
                    "start": "2019-07-01T18:34:04.289Z",
                    "end": "2019-07-01T18:35:11.110Z"
                },
                "type": "SCRUB",
                "source": "data:drag",
                "_t": "12:34:04",
                "_end": "12:35:11",
                "data": {
                    "time": 5.733046
                }
            },
            {
                "time": {
                    "start": "2019-07-01T18:34:04.289Z",
                    "end": "2019-07-01T18:35:11.566Z"
                },
                "type": "SCRUB",
                "source": "data:drag",
                "_t": "12:34:04",
                "_end": "12:35:11",
                "data": {
                    "time": 5.733046
                }
            },
            {
                "time": {
                    "start": "2019-07-01T18:34:04.289Z",
                    "end": "2019-07-01T18:35:12.350Z"
                },
                "type": "SCRUB",
                "source": "data:drag",
                "_t": "12:34:04",
                "_end": "12:35:12",
                "data": {
                    "time": 5.733046
                }
            },
            {
                "time": {
                    "start": "2019-07-01T18:34:04.289Z",
                    "end": "2019-07-01T18:35:13.951Z"
                },
                "type": "SCRUB",
                "source": "data:drag",
                "_t": "12:34:04",
                "_end": "12:35:13",
                "data": {
                    "time": 5.734916
                }
            },
            {
                "time": {
                    "start": "2019-07-01T18:34:04.289Z",
                    "end": "2019-07-01T18:35:15.510Z"
                },
                "type": "SCRUB",
                "source": "data:drag",
                "_t": "12:34:04",
                "_end": "12:35:15",
                "data": {
                    "time": 5.734916
                }
            },
            {
                "time": {
                    "start": "2019-07-01T18:34:04.289Z",
                    "end": "2019-07-01T18:35:16.509Z"
                },
                "type": "SCRUB",
                "source": "data:drag",
                "_t": "12:34:04",
                "_end": "12:35:16",
                "data": {
                    "time": 5.734916
                }
            },
            {
                "time": {
                    "start": "2019-07-01T18:34:04.289Z",
                    "end": "2019-07-01T18:35:16.659Z"
                },
                "type": "SCRUB",
                "source": "data:drag",
                "_t": "12:34:04",
                "_end": "12:35:16",
                "data": {
                    "time": 5.734916
                }
            },
            {
                "time": "2019-07-01T18:35:16.662Z",
                "type": "JUMP",
                "source": "data:dblclick:h_pos",
                "_t": "12:35:16",
                "_end": "-",
                "data": {
                    "from": 5.734916,
                    "to": 4.392080878048202
                }
            },
            {
                "time": "2019-07-01T18:35:19.431Z",
                "type": "PLAY",
                "source": "hotkey",
                "_t": "12:35:19",
                "_end": "-",
                "data": {
                    "key": "space"
                }
            },
            {
                "time": "2019-07-01T18:35:19.862Z",
                "type": "PAUSE",
                "source": "hotkey",
                "_t": "12:35:19",
                "_end": "-",
                "data": {
                    "key": "space"
                }
            },
            {
                "time": {
                    "start": "2019-07-01T18:34:04.289Z",
                    "end": "2019-07-01T18:35:20.958Z"
                },
                "type": "SCRUB",
                "source": "data:drag",
                "_t": "12:34:04",
                "_end": "12:35:20",
                "data": {
                    "time": 4.601385
                }
            },
            {
                "time": {
                    "start": "2019-07-01T18:34:04.289Z",
                    "end": "2019-07-01T18:35:23.998Z"
                },
                "type": "SCRUB",
                "source": "data:drag",
                "_t": "12:34:04",
                "_end": "12:35:23",
                "data": {
                    "time": 4.601385
                }
            },
            {
                "time": {
                    "start": "2019-07-01T18:34:04.289Z",
                    "end": "2019-07-01T18:35:24.222Z"
                },
                "type": "SCRUB",
                "source": "data:drag",
                "_t": "12:34:04",
                "_end": "12:35:24",
                "data": {
                    "time": 4.601385
                }
            },
            {
                "time": {
                    "start": "2019-07-01T18:34:04.289Z",
                    "end": "2019-07-01T18:35:24.934Z"
                },
                "type": "SCRUB",
                "source": "data:drag",
                "_t": "12:34:04",
                "_end": "12:35:24",
                "data": {
                    "time": 4.601385
                }
            },
            {
                "time": {
                    "start": "2019-07-01T18:34:04.289Z",
                    "end": "2019-07-01T18:35:25.111Z"
                },
                "type": "SCRUB",
                "source": "data:drag",
                "_t": "12:34:04",
                "_end": "12:35:25",
                "data": {
                    "time": 4.601385
                }
            },
            {
                "time": "2019-07-01T18:35:25.117Z",
                "type": "JUMP",
                "source": "data:dblclick:h_pos",
                "_t": "12:35:25",
                "_end": "-",
                "data": {
                    "from": 4.601385,
                    "to": 3.542684878048334
                }
            },
            {
                "time": {
                    "start": "2019-07-01T18:34:04.289Z",
                    "end": "2019-07-01T18:35:26.262Z"
                },
                "type": "SCRUB",
                "source": "data:drag",
                "_t": "12:34:04",
                "_end": "12:35:26",
                "data": {
                    "time": 3.542684
                }
            },
            {
                "time": {
                    "start": "2019-07-01T18:34:04.289Z",
                    "end": "2019-07-01T18:35:28.142Z"
                },
                "type": "SCRUB",
                "source": "data:drag",
                "_t": "12:34:04",
                "_end": "12:35:28",
                "data": {
                    "time": 3.542684
                }
            },
            {
                "time": {
                    "start": "2019-07-01T18:34:04.289Z",
                    "end": "2019-07-01T18:35:29.054Z"
                },
                "type": "SCRUB",
                "source": "data:drag",
                "_t": "12:34:04",
                "_end": "12:35:29",
                "data": {
                    "time": 3.542684
                }
            },
            {
                "time": {
                    "start": "2019-07-01T18:34:04.289Z",
                    "end": "2019-07-01T18:35:29.217Z"
                },
                "type": "SCRUB",
                "source": "data:drag",
                "_t": "12:34:04",
                "_end": "12:35:29",
                "data": {
                    "time": 3.542684
                }
            },
            {
                "time": "2019-07-01T18:35:29.221Z",
                "type": "JUMP",
                "source": "data:dblclick:h_pos",
                "_t": "12:35:29",
                "_end": "-",
                "data": {
                    "from": 3.542684,
                    "to": 2.745960097560632
                }
            },
            {
                "time": "2019-07-01T18:35:33.127Z",
                "type": "PLAY",
                "source": "hotkey",
                "_t": "12:35:33",
                "_end": "-",
                "data": {
                    "key": "space"
                }
            },
            {
                "time": {
                    "start": "2019-07-01T18:34:04.289Z",
                    "end": "2019-07-01T18:35:35.190Z"
                },
                "type": "SCRUB",
                "source": "data:drag",
                "_t": "12:34:04",
                "_end": "12:35:35",
                "data": {
                    "time": 3.771685
                }
            },
            {
                "time": {
                    "start": "2019-07-01T18:34:04.289Z",
                    "end": "2019-07-01T18:35:38.023Z"
                },
                "type": "SCRUB",
                "source": "data:drag",
                "_t": "12:34:04",
                "_end": "12:35:38",
                "data": {
                    "time": 2.602359
                }
            },
            {
                "time": "2019-07-01T18:35:38.391Z",
                "type": "PAUSE",
                "source": "hotkey",
                "_t": "12:35:38",
                "_end": "-",
                "data": {
                    "key": "space"
                }
            },
            {
                "time": "2019-07-01T18:35:40.935Z",
                "type": "PLAY",
                "source": "hotkey",
                "_t": "12:35:40",
                "_end": "-",
                "data": {
                    "key": "space"
                }
            },
            {
                "time": "2019-07-01T18:35:43.671Z",
                "type": "PAUSE",
                "source": "hotkey",
                "_t": "12:35:43",
                "_end": "-",
                "data": {
                    "key": "space"
                }
            },
            {
                "time": {
                    "start": "2019-07-01T18:34:04.289Z",
                    "end": "2019-07-01T18:35:45.094Z"
                },
                "type": "SCRUB",
                "source": "data:drag",
                "_t": "12:34:04",
                "_end": "12:35:45",
                "data": {
                    "time": 4.134654
                }
            },
            {
                "time": {
                    "start": "2019-07-01T18:34:04.289Z",
                    "end": "2019-07-01T18:35:45.278Z"
                },
                "type": "SCRUB",
                "source": "data:drag",
                "_t": "12:34:04",
                "_end": "12:35:45",
                "data": {
                    "time": 4.134654
                }
            },
            {
                "time": "2019-07-01T18:35:45.283Z",
                "type": "JUMP",
                "source": "data:dblclick:h_pos",
                "_t": "12:35:45",
                "_end": "-",
                "data": {
                    "from": 4.134654,
                    "to": 3.504381804878027
                }
            },
            {
                "time": {
                    "start": "2019-07-01T18:34:04.289Z",
                    "end": "2019-07-01T18:35:46.670Z"
                },
                "type": "SCRUB",
                "source": "data:drag",
                "_t": "12:34:04",
                "_end": "12:35:46",
                "data": {
                    "time": 3.504381
                }
            },
            {
                "time": {
                    "start": "2019-07-01T18:34:04.289Z",
                    "end": "2019-07-01T18:35:50.246Z"
                },
                "type": "SCRUB",
                "source": "data:drag",
                "_t": "12:34:04",
                "_end": "12:35:50",
                "data": {
                    "time": 3.395906
                }
            },
            {
                "time": "2019-07-01T18:35:54.376Z",
                "type": "PLAY",
                "source": "hotkey",
                "_t": "12:35:54",
                "_end": "-",
                "data": {
                    "key": "space"
                }
            },
            {
                "time": "2019-07-01T18:35:56.535Z",
                "type": "PAUSE",
                "source": "hotkey",
                "_t": "12:35:56",
                "_end": "-",
                "data": {
                    "key": "space"
                }
            },
            {
                "time": {
                    "start": "2019-07-01T18:34:04.289Z",
                    "end": "2019-07-01T18:35:58.318Z"
                },
                "type": "SCRUB",
                "source": "data:drag",
                "_t": "12:34:04",
                "_end": "12:35:58",
                "data": {
                    "time": 4.471223
                }
            },
            {
                "time": {
                    "start": "2019-07-01T18:34:04.289Z",
                    "end": "2019-07-01T18:35:58.471Z"
                },
                "type": "SCRUB",
                "source": "data:drag",
                "_t": "12:34:04",
                "_end": "12:35:58",
                "data": {
                    "time": 4.471223
                }
            },
            {
                "time": "2019-07-01T18:35:58.475Z",
                "type": "JUMP",
                "source": "data:dblclick:h_pos",
                "_t": "12:35:58",
                "_end": "-",
                "data": {
                    "from": 4.471223,
                    "to": 4.228091292682919
                }
            },
            {
                "time": "2019-07-01T18:36:01.209Z",
                "type": "PLAY",
                "source": "hotkey",
                "_t": "12:36:01",
                "_end": "-",
                "data": {
                    "key": "space"
                }
            },
            {
                "time": "2019-07-01T18:36:02.615Z",
                "type": "PAUSE",
                "source": "hotkey",
                "_t": "12:36:02",
                "_end": "-",
                "data": {
                    "key": "space"
                }
            },
            {
                "time": "2019-07-01T18:36:04.055Z",
                "type": "PLAY",
                "source": "hotkey",
                "_t": "12:36:04",
                "_end": "-",
                "data": {
                    "key": "space"
                }
            },
            {
                "time": "2019-07-01T18:36:24.455Z",
                "type": "PAUSE",
                "source": "hotkey",
                "_t": "12:36:24",
                "_end": "-",
                "data": {
                    "key": "space"
                }
            },
            {
                "time": "2019-07-01T18:36:25.831Z",
                "type": "PLAY",
                "source": "hotkey",
                "_t": "12:36:25",
                "_end": "-",
                "data": {
                    "key": "space"
                }
            }
        ]
    }
}