[{"time":0.019578,"endTime":1.770126243902439,"type":"orange-on-ground","id":1},{"time":1.790698,"endTime":2.7837975121951217,"type":"orange-in-air","id":2},{"time":2.787538,"endTime":3.438382268292684,"type":"orange-on-ground","id":3},{"time":3.445863,"endTime":4.296823756097561,"type":"orange-in-air","id":4},{"time":4.298693,"endTime":4.783085756097561,"type":"orange-on-ground","id":5},{"time":4.784956,"endTime":5.622824780487805,"type":"orange-in-air","id":6},{"time":5.632176,"endTime":6.105347243902439,"type":"orange-on-ground","id":7},{"time":6.114698,"endTime":6.976880024390244,"type":"orange-in-air","id":8},{"time":6.984361,"endTime":7.436959999999999,"type":"orange-on-ground","id":9},{"time":7.43696,"endTime":8.306623024390245,"type":"orange-in-air","id":10},{"time":8.314104,"endTime":8.759221268292682,"type":"orange-on-ground","id":11},{"time":8.764832,"endTime":9.625143512195123,"type":"orange-in-air","id":12},{"time":9.628884,"endTime":10.070261268292683,"type":"orange-on-ground","id":13},{"time":10.075872,"endTime":10.906260024390242,"type":"orange-in-air","id":14},{"time":10.913741,"endTime":11.368209975609762,"type":"orange-on-ground","id":15},{"time":11.37382,"endTime":12.271537048780498,"type":"orange-in-air","id":16},{"time":12.286499,"endTime":12.722265073170766,"type":"orange-on-ground","id":17},{"time":12.744708,"endTime":13.612500975609755,"type":"orange-in-air","id":18}]