{
    "user_id": "red4",
    "session_id": "5cf00e1981249f67dd06a999",
    "study": "studyE",
    "workspace": "gait.gait-yellow",
    "details": {
        "workspace": "gait.gait-yellow",
        "labels": [
            {
                "time": 0.019578,
                "endTime": 1.770126243902439,
                "type": "orange-on-ground",
                "id": 1
            },
            {
                "time": 1.790698,
                "endTime": 2.7837975121951217,
                "type": "orange-in-air",
                "id": 2
            },
            {
                "time": 2.787538,
                "endTime": 3.438382268292684,
                "type": "orange-on-ground",
                "id": 3
            },
            {
                "time": 3.445863,
                "endTime": 4.296823756097561,
                "type": "orange-in-air",
                "id": 4
            },
            {
                "time": 4.298693,
                "endTime": 4.783085756097561,
                "type": "orange-on-ground",
                "id": 5
            },
            {
                "time": 4.784956,
                "endTime": 5.622824780487805,
                "type": "orange-in-air",
                "id": 6
            },
            {
                "time": 5.632176,
                "endTime": 6.105347243902439,
                "type": "orange-on-ground",
                "id": 7
            },
            {
                "time": 6.114698,
                "endTime": 6.976880024390244,
                "type": "orange-in-air",
                "id": 8
            },
            {
                "time": 6.984361,
                "endTime": 7.436959999999999,
                "type": "orange-on-ground",
                "id": 9
            },
            {
                "time": 7.43696,
                "endTime": 8.306623024390245,
                "type": "orange-in-air",
                "id": 10
            },
            {
                "time": 8.314104,
                "endTime": 8.759221268292682,
                "type": "orange-on-ground",
                "id": 11
            },
            {
                "time": 8.764832,
                "endTime": 9.625143512195123,
                "type": "orange-in-air",
                "id": 12
            },
            {
                "time": 9.628884,
                "endTime": 10.070261268292683,
                "type": "orange-on-ground",
                "id": 13
            },
            {
                "time": 10.075872,
                "endTime": 10.906260024390242,
                "type": "orange-in-air",
                "id": 14
            },
            {
                "time": 10.913741,
                "endTime": 11.368209975609762,
                "type": "orange-on-ground",
                "id": 15
            },
            {
                "time": 11.37382,
                "endTime": 12.271537048780498,
                "type": "orange-in-air",
                "id": 16
            },
            {
                "time": 12.286499,
                "endTime": 12.722265073170766,
                "type": "orange-on-ground",
                "id": 17
            },
            {
                "time": 12.744708,
                "endTime": 13.612500975609755,
                "type": "orange-in-air",
                "id": 18
            }
        ],
        "_starts": [
            "2019-05-30T17:38:08.000Z"
        ],
        "_ends": [
            "2019-05-30T17:41:14.528Z"
        ]
    },
    "labels_file": "/home/ubuntu/vat/data/user-studies/studyE/gait-yellow/red4.labels.json",
    "videoFlash": 0.00001,
    "surveys": {
        "user-info": {
            "firstname": "Ethan",
            "lastname": "Davis",
            "email": "erdbom@gmail.com"
        },
        "practice-first": {
            "question1": "5",
            "question2": "ok",
            "question3": "50",
            "question4": "5"
        },
        "practice-second": {},
        "practice-third": {},
        "practice-survey": {},
        "drywall-blue": {
            "question1": "4",
            "question2": "4",
            "question3": "20",
            "question4": "100"
        },
        "drywall-red": {
            "question1": "1",
            "question2": "2",
            "question3": "10",
            "question4": "10"
        },
        "drywall-orange": {
            "question1": "5",
            "question2": "3",
            "question3": "10",
            "question4": "90"
        },
        "drywall-survey": {
            "question1": "5",
            "question2": "4",
            "question3": "2",
            "question4": "4"
        },
        "gait-blue": {
            "question1": "5",
            "question2": "4",
            "question3": "30",
            "question4": "90"
        },
        "gait-red": {
            "question1": "4",
            "question2": "5",
            "question3": "70",
            "question4": "70"
        }
    },
    "logs": {
        "labelEvents": [
            {
                "time": "2019-05-30T17:38:22.996Z",
                "type": "START",
                "source": "hotkey",
                "_t": "11:38:22",
                "_end": "-",
                "data": {
                    "type": "orange-on-ground",
                    "time": 0.019578
                }
            },
            {
                "time": "2019-05-30T17:38:31.841Z",
                "type": "END",
                "source": "data:click:h_pos",
                "_t": "11:38:31",
                "_end": "-",
                "data": {
                    "lbl": {
                        "time": 0.019578,
                        "endTime": 1.770126243902439,
                        "type": "orange-on-ground",
                        "id": 1
                    }
                }
            },
            {
                "time": "2019-05-30T17:38:34.213Z",
                "type": "START",
                "source": "hotkey",
                "_t": "11:38:34",
                "_end": "-",
                "data": {
                    "type": "orange-on-ground",
                    "time": 1.790698
                }
            },
            {
                "time": "2019-05-30T17:38:39.607Z",
                "type": "END",
                "source": "data:click:h_pos",
                "_t": "11:38:39",
                "_end": "-",
                "data": {
                    "lbl": {
                        "time": 1.790698,
                        "endTime": 1.818751658536589,
                        "type": "orange-on-ground",
                        "id": 2
                    }
                }
            },
            {
                "time": "2019-05-30T17:38:40.199Z",
                "type": "SELECT",
                "source": "data:click",
                "_t": "11:38:40",
                "_end": "-",
                "data": {
                    "time": 1.790698,
                    "endTime": 1.818751658536589,
                    "type": "orange-on-ground",
                    "id": 2
                }
            },
            {
                "time": "2019-05-30T17:38:41.317Z",
                "type": "DELETE",
                "source": "hotkey",
                "_t": "11:38:41",
                "_end": "-",
                "data": {
                    "id": 2,
                    "idx": 1
                }
            },
            {
                "time": "2019-05-30T17:38:43.177Z",
                "type": "START",
                "source": "hotkey",
                "_t": "11:38:43",
                "_end": "-",
                "data": {
                    "type": "orange-in-air",
                    "time": 1.790698
                }
            },
            {
                "time": "2019-05-30T17:38:48.719Z",
                "type": "END",
                "source": "data:click:h_pos",
                "_t": "11:38:48",
                "_end": "-",
                "data": {
                    "lbl": {
                        "time": 1.790698,
                        "endTime": 2.7837975121951217,
                        "type": "orange-in-air",
                        "id": 2
                    }
                }
            },
            {
                "time": "2019-05-30T17:38:50.821Z",
                "type": "START",
                "source": "hotkey",
                "_t": "11:38:50",
                "_end": "-",
                "data": {
                    "type": "orange-on-ground",
                    "time": 2.787538
                }
            },
            {
                "time": "2019-05-30T17:38:57.015Z",
                "type": "END",
                "source": "data:click:h_pos",
                "_t": "11:38:57",
                "_end": "-",
                "data": {
                    "lbl": {
                        "time": 2.787538,
                        "endTime": 3.438382268292684,
                        "type": "orange-on-ground",
                        "id": 3
                    }
                }
            },
            {
                "time": "2019-05-30T17:38:59.974Z",
                "type": "START",
                "source": "hotkey",
                "_t": "11:38:59",
                "_end": "-",
                "data": {
                    "type": "orange-in-air",
                    "time": 3.445863
                }
            },
            {
                "time": "2019-05-30T17:39:06.968Z",
                "type": "END",
                "source": "data:click:h_pos",
                "_t": "11:39:06",
                "_end": "-",
                "data": {
                    "lbl": {
                        "time": 3.445863,
                        "endTime": 4.296823756097561,
                        "type": "orange-in-air",
                        "id": 4
                    }
                }
            },
            {
                "time": "2019-05-30T17:39:10.582Z",
                "type": "START",
                "source": "hotkey",
                "_t": "11:39:10",
                "_end": "-",
                "data": {
                    "type": "orange-on-ground",
                    "time": 4.298693
                }
            },
            {
                "time": "2019-05-30T17:39:18.752Z",
                "type": "END",
                "source": "data:click:h_pos",
                "_t": "11:39:18",
                "_end": "-",
                "data": {
                    "lbl": {
                        "time": 4.298693,
                        "endTime": 4.783085756097561,
                        "type": "orange-on-ground",
                        "id": 5
                    }
                }
            },
            {
                "time": "2019-05-30T17:39:21.766Z",
                "type": "START",
                "source": "hotkey",
                "_t": "11:39:21",
                "_end": "-",
                "data": {
                    "type": "orange-in-air",
                    "time": 4.784956
                }
            },
            {
                "time": "2019-05-30T17:39:30.039Z",
                "type": "END",
                "source": "data:click:h_pos",
                "_t": "11:39:30",
                "_end": "-",
                "data": {
                    "lbl": {
                        "time": 4.784956,
                        "endTime": 5.622824780487805,
                        "type": "orange-in-air",
                        "id": 6
                    }
                }
            },
            {
                "time": "2019-05-30T17:39:32.150Z",
                "type": "START",
                "source": "hotkey",
                "_t": "11:39:32",
                "_end": "-",
                "data": {
                    "type": "orange-on-ground",
                    "time": 5.632176
                }
            },
            {
                "time": "2019-05-30T17:39:37.664Z",
                "type": "END",
                "source": "data:click:h_pos",
                "_t": "11:39:37",
                "_end": "-",
                "data": {
                    "lbl": {
                        "time": 5.632176,
                        "endTime": 6.105347243902439,
                        "type": "orange-on-ground",
                        "id": 7
                    }
                }
            },
            {
                "time": "2019-05-30T17:39:42.038Z",
                "type": "START",
                "source": "hotkey",
                "_t": "11:39:42",
                "_end": "-",
                "data": {
                    "type": "orange-in-air",
                    "time": 6.114698
                }
            },
            {
                "time": "2019-05-30T17:39:51.528Z",
                "type": "END",
                "source": "data:click:h_pos",
                "_t": "11:39:51",
                "_end": "-",
                "data": {
                    "lbl": {
                        "time": 6.114698,
                        "endTime": 6.976880024390244,
                        "type": "orange-in-air",
                        "id": 8
                    }
                }
            },
            {
                "time": "2019-05-30T17:39:53.046Z",
                "type": "START",
                "source": "hotkey",
                "_t": "11:39:53",
                "_end": "-",
                "data": {
                    "type": "orange-on-ground",
                    "time": 6.984361
                }
            },
            {
                "time": "2019-05-30T17:40:00.784Z",
                "type": "END",
                "source": "data:click:h_pos",
                "_t": "11:40:00",
                "_end": "-",
                "data": {
                    "lbl": {
                        "time": 6.984361,
                        "endTime": 7.436959999999999,
                        "type": "orange-on-ground",
                        "id": 9
                    }
                }
            },
            {
                "time": "2019-05-30T17:40:02.807Z",
                "type": "START",
                "source": "hotkey",
                "_t": "11:40:02",
                "_end": "-",
                "data": {
                    "type": "orange-in-air",
                    "time": 7.43696
                }
            },
            {
                "time": "2019-05-30T17:40:14.410Z",
                "type": "END",
                "source": "data:click:h_pos",
                "_t": "11:40:14",
                "_end": "-",
                "data": {
                    "lbl": {
                        "time": 7.43696,
                        "endTime": 8.306623024390245,
                        "type": "orange-in-air",
                        "id": 10
                    }
                }
            },
            {
                "time": "2019-05-30T17:40:15.751Z",
                "type": "START",
                "source": "hotkey",
                "_t": "11:40:15",
                "_end": "-",
                "data": {
                    "type": "orange-on-ground",
                    "time": 8.314104
                }
            },
            {
                "time": "2019-05-30T17:40:25.473Z",
                "type": "END",
                "source": "data:click:h_pos",
                "_t": "11:40:25",
                "_end": "-",
                "data": {
                    "lbl": {
                        "time": 8.314104,
                        "endTime": 8.759221268292682,
                        "type": "orange-on-ground",
                        "id": 11
                    }
                }
            },
            {
                "time": "2019-05-30T17:40:26.600Z",
                "type": "START",
                "source": "hotkey",
                "_t": "11:40:26",
                "_end": "-",
                "data": {
                    "type": "orange-in-air",
                    "time": 8.764832
                }
            },
            {
                "time": "2019-05-30T17:40:33.793Z",
                "type": "END",
                "source": "data:click:h_pos",
                "_t": "11:40:33",
                "_end": "-",
                "data": {
                    "lbl": {
                        "time": 8.764832,
                        "endTime": 9.625143512195123,
                        "type": "orange-in-air",
                        "id": 12
                    }
                }
            },
            {
                "time": "2019-05-30T17:40:35.160Z",
                "type": "START",
                "source": "hotkey",
                "_t": "11:40:35",
                "_end": "-",
                "data": {
                    "type": "orange-on-ground",
                    "time": 9.628884
                }
            },
            {
                "time": "2019-05-30T17:40:38.697Z",
                "type": "END",
                "source": "data:click:h_pos",
                "_t": "11:40:38",
                "_end": "-",
                "data": {
                    "lbl": {
                        "time": 9.628884,
                        "endTime": 10.070261268292683,
                        "type": "orange-on-ground",
                        "id": 13
                    }
                }
            },
            {
                "time": "2019-05-30T17:40:39.256Z",
                "type": "START",
                "source": "hotkey",
                "_t": "11:40:39",
                "_end": "-",
                "data": {
                    "type": "orange-in-air",
                    "time": 10.075872
                }
            },
            {
                "time": "2019-05-30T17:40:46.578Z",
                "type": "END",
                "source": "data:click:h_pos",
                "_t": "11:40:46",
                "_end": "-",
                "data": {
                    "lbl": {
                        "time": 10.075872,
                        "endTime": 10.906260024390242,
                        "type": "orange-in-air",
                        "id": 14
                    }
                }
            },
            {
                "time": "2019-05-30T17:40:47.944Z",
                "type": "START",
                "source": "hotkey",
                "_t": "11:40:47",
                "_end": "-",
                "data": {
                    "type": "orange-on-ground",
                    "time": 10.913741
                }
            },
            {
                "time": "2019-05-30T17:40:51.481Z",
                "type": "END",
                "source": "data:click:h_pos",
                "_t": "11:40:51",
                "_end": "-",
                "data": {
                    "lbl": {
                        "time": 10.913741,
                        "endTime": 11.368209975609762,
                        "type": "orange-on-ground",
                        "id": 15
                    }
                }
            },
            {
                "time": "2019-05-30T17:40:55.176Z",
                "type": "START",
                "source": "hotkey",
                "_t": "11:40:55",
                "_end": "-",
                "data": {
                    "type": "orange-in-air",
                    "time": 11.37382
                }
            },
            {
                "time": "2019-05-30T17:41:01.282Z",
                "type": "END",
                "source": "data:click:h_pos",
                "_t": "11:41:01",
                "_end": "-",
                "data": {
                    "lbl": {
                        "time": 11.37382,
                        "endTime": 12.271537048780498,
                        "type": "orange-in-air",
                        "id": 16
                    }
                }
            },
            {
                "time": "2019-05-30T17:41:02.440Z",
                "type": "START",
                "source": "hotkey",
                "_t": "11:41:02",
                "_end": "-",
                "data": {
                    "type": "orange-on-ground",
                    "time": 12.286499
                }
            },
            {
                "time": "2019-05-30T17:41:06.292Z",
                "type": "END",
                "source": "data:click:h_pos",
                "_t": "11:41:06",
                "_end": "-",
                "data": {
                    "lbl": {
                        "time": 12.286499,
                        "endTime": 12.722265073170766,
                        "type": "orange-on-ground",
                        "id": 17
                    }
                }
            },
            {
                "time": "2019-05-30T17:41:08.058Z",
                "type": "START",
                "source": "hotkey",
                "_t": "11:41:08",
                "_end": "-",
                "data": {
                    "type": "orange-in-air",
                    "time": 12.744708
                }
            },
            {
                "time": "2019-05-30T17:41:13.334Z",
                "type": "END",
                "source": "data:click:h_pos",
                "_t": "11:41:13",
                "_end": "-",
                "data": {
                    "lbl": {
                        "time": 12.744708,
                        "endTime": 13.612500975609755,
                        "type": "orange-in-air",
                        "id": 18
                    }
                }
            }
        ],
        "navigationEvents": [
            {
                "time": "2019-05-30T17:38:16.826Z",
                "type": "PAUSE",
                "source": "video:button",
                "_t": "11:38:16",
                "_end": "-"
            },
            {
                "time": {
                    "start": "2019-05-30T17:38:08.524Z",
                    "end": "2019-05-30T17:38:22.748Z"
                },
                "type": "SCRUB",
                "source": "data:drag",
                "_t": "11:38:08",
                "_end": "11:38:22",
                "data": {
                    "time": 0.019578
                }
            },
            {
                "time": {
                    "start": "2019-05-30T17:38:08.524Z",
                    "end": "2019-05-30T17:38:30.091Z"
                },
                "type": "SCRUB",
                "source": "data:drag",
                "_t": "11:38:08",
                "_end": "11:38:30",
                "data": {
                    "time": 1.768256
                }
            },
            {
                "time": {
                    "start": "2019-05-30T17:38:08.524Z",
                    "end": "2019-05-30T17:38:31.837Z"
                },
                "type": "SCRUB",
                "source": "data:drag",
                "_t": "11:38:08",
                "_end": "11:38:31",
                "data": {
                    "time": 1.768256
                }
            },
            {
                "time": {
                    "start": "2019-05-30T17:38:08.524Z",
                    "end": "2019-05-30T17:38:33.997Z"
                },
                "type": "SCRUB",
                "source": "data:drag",
                "_t": "11:38:08",
                "_end": "11:38:33",
                "data": {
                    "time": 1.790698
                }
            },
            {
                "time": {
                    "start": "2019-05-30T17:38:08.524Z",
                    "end": "2019-05-30T17:38:39.605Z"
                },
                "type": "SCRUB",
                "source": "data:drag",
                "_t": "11:38:08",
                "_end": "11:38:39",
                "data": {
                    "time": 1.790698
                }
            },
            {
                "time": {
                    "start": "2019-05-30T17:38:08.524Z",
                    "end": "2019-05-30T17:38:40.196Z"
                },
                "type": "SCRUB",
                "source": "data:drag",
                "_t": "11:38:08",
                "_end": "11:38:40",
                "data": {
                    "time": 1.790698
                }
            },
            {
                "time": {
                    "start": "2019-05-30T17:38:08.524Z",
                    "end": "2019-05-30T17:38:47.453Z"
                },
                "type": "SCRUB",
                "source": "data:drag",
                "_t": "11:38:08",
                "_end": "11:38:47",
                "data": {
                    "time": 2.787538
                }
            },
            {
                "time": {
                    "start": "2019-05-30T17:38:08.524Z",
                    "end": "2019-05-30T17:38:48.717Z"
                },
                "type": "SCRUB",
                "source": "data:drag",
                "_t": "11:38:08",
                "_end": "11:38:48",
                "data": {
                    "time": 2.787538
                }
            },
            {
                "time": {
                    "start": "2019-05-30T17:38:08.524Z",
                    "end": "2019-05-30T17:38:55.685Z"
                },
                "type": "SCRUB",
                "source": "data:drag",
                "_t": "11:38:08",
                "_end": "11:38:55",
                "data": {
                    "time": 3.443993
                }
            },
            {
                "time": {
                    "start": "2019-05-30T17:38:08.524Z",
                    "end": "2019-05-30T17:38:57.013Z"
                },
                "type": "SCRUB",
                "source": "data:drag",
                "_t": "11:38:08",
                "_end": "11:38:57",
                "data": {
                    "time": 3.443993
                }
            },
            {
                "time": {
                    "start": "2019-05-30T17:38:08.524Z",
                    "end": "2019-05-30T17:38:59.261Z"
                },
                "type": "SCRUB",
                "source": "data:drag",
                "_t": "11:38:08",
                "_end": "11:38:59",
                "data": {
                    "time": 3.445863
                }
            },
            {
                "time": {
                    "start": "2019-05-30T17:38:08.524Z",
                    "end": "2019-05-30T17:39:05.844Z"
                },
                "type": "SCRUB",
                "source": "data:drag",
                "_t": "11:38:08",
                "_end": "11:39:05",
                "data": {
                    "time": 4.298694
                }
            },
            {
                "time": {
                    "start": "2019-05-30T17:38:08.524Z",
                    "end": "2019-05-30T17:39:06.965Z"
                },
                "type": "SCRUB",
                "source": "data:drag",
                "_t": "11:38:08",
                "_end": "11:39:06",
                "data": {
                    "time": 4.298694
                }
            },
            {
                "time": {
                    "start": "2019-05-30T17:38:08.524Z",
                    "end": "2019-05-30T17:39:08.301Z"
                },
                "type": "SCRUB",
                "source": "data:drag",
                "_t": "11:38:08",
                "_end": "11:39:08",
                "data": {
                    "time": 4.315526
                }
            },
            {
                "time": {
                    "start": "2019-05-30T17:38:08.524Z",
                    "end": "2019-05-30T17:39:09.277Z"
                },
                "type": "SCRUB",
                "source": "data:drag",
                "_t": "11:38:08",
                "_end": "11:39:09",
                "data": {
                    "time": 4.296823
                }
            },
            {
                "time": {
                    "start": "2019-05-30T17:38:08.524Z",
                    "end": "2019-05-30T17:39:10.165Z"
                },
                "type": "SCRUB",
                "source": "data:drag",
                "_t": "11:38:08",
                "_end": "11:39:10",
                "data": {
                    "time": 4.298693
                }
            },
            {
                "time": {
                    "start": "2019-05-30T17:38:08.524Z",
                    "end": "2019-05-30T17:39:17.357Z"
                },
                "type": "SCRUB",
                "source": "data:drag",
                "_t": "11:38:08",
                "_end": "11:39:17",
                "data": {
                    "time": 4.784956
                }
            },
            {
                "time": {
                    "start": "2019-05-30T17:38:08.524Z",
                    "end": "2019-05-30T17:39:18.749Z"
                },
                "type": "SCRUB",
                "source": "data:drag",
                "_t": "11:38:08",
                "_end": "11:39:18",
                "data": {
                    "time": 4.784956
                }
            },
            {
                "time": {
                    "start": "2019-05-30T17:38:08.524Z",
                    "end": "2019-05-30T17:39:20.293Z"
                },
                "type": "SCRUB",
                "source": "data:drag",
                "_t": "11:38:08",
                "_end": "11:39:20",
                "data": {
                    "time": 4.784956
                }
            },
            {
                "time": {
                    "start": "2019-05-30T17:38:08.524Z",
                    "end": "2019-05-30T17:39:28.757Z"
                },
                "type": "SCRUB",
                "source": "data:drag",
                "_t": "11:38:08",
                "_end": "11:39:28",
                "data": {
                    "time": 5.632176
                }
            },
            {
                "time": {
                    "start": "2019-05-30T17:38:08.524Z",
                    "end": "2019-05-30T17:39:30.037Z"
                },
                "type": "SCRUB",
                "source": "data:drag",
                "_t": "11:38:08",
                "_end": "11:39:30",
                "data": {
                    "time": 5.632176
                }
            },
            {
                "time": {
                    "start": "2019-05-30T17:38:08.524Z",
                    "end": "2019-05-30T17:39:36.429Z"
                },
                "type": "SCRUB",
                "source": "data:drag",
                "_t": "11:38:08",
                "_end": "11:39:36",
                "data": {
                    "time": 6.103477
                }
            },
            {
                "time": {
                    "start": "2019-05-30T17:38:08.524Z",
                    "end": "2019-05-30T17:39:37.661Z"
                },
                "type": "SCRUB",
                "source": "data:drag",
                "_t": "11:38:08",
                "_end": "11:39:37",
                "data": {
                    "time": 6.103477
                }
            },
            {
                "time": {
                    "start": "2019-05-30T17:38:08.524Z",
                    "end": "2019-05-30T17:39:41.804Z"
                },
                "type": "SCRUB",
                "source": "data:drag",
                "_t": "11:38:08",
                "_end": "11:39:41",
                "data": {
                    "time": 6.114698
                }
            },
            {
                "time": {
                    "start": "2019-05-30T17:38:08.524Z",
                    "end": "2019-05-30T17:39:50.470Z"
                },
                "type": "SCRUB",
                "source": "data:drag",
                "_t": "11:38:08",
                "_end": "11:39:50",
                "data": {
                    "time": 6.984361
                }
            },
            {
                "time": {
                    "start": "2019-05-30T17:38:08.524Z",
                    "end": "2019-05-30T17:39:51.525Z"
                },
                "type": "SCRUB",
                "source": "data:drag",
                "_t": "11:38:08",
                "_end": "11:39:51",
                "data": {
                    "time": 6.984361
                }
            },
            {
                "time": {
                    "start": "2019-05-30T17:38:08.524Z",
                    "end": "2019-05-30T17:39:59.262Z"
                },
                "type": "SCRUB",
                "source": "data:drag",
                "_t": "11:38:08",
                "_end": "11:39:59",
                "data": {
                    "time": 7.43696
                }
            },
            {
                "time": {
                    "start": "2019-05-30T17:38:08.524Z",
                    "end": "2019-05-30T17:40:00.782Z"
                },
                "type": "SCRUB",
                "source": "data:drag",
                "_t": "11:38:08",
                "_end": "11:40:00",
                "data": {
                    "time": 7.43696
                }
            },
            {
                "time": {
                    "start": "2019-05-30T17:38:08.524Z",
                    "end": "2019-05-30T17:40:13.094Z"
                },
                "type": "SCRUB",
                "source": "data:drag",
                "_t": "11:38:08",
                "_end": "11:40:13",
                "data": {
                    "time": 8.314104
                }
            },
            {
                "time": {
                    "start": "2019-05-30T17:38:08.524Z",
                    "end": "2019-05-30T17:40:14.406Z"
                },
                "type": "SCRUB",
                "source": "data:drag",
                "_t": "11:38:08",
                "_end": "11:40:14",
                "data": {
                    "time": 8.314104
                }
            },
            {
                "time": {
                    "start": "2019-05-30T17:38:08.524Z",
                    "end": "2019-05-30T17:40:24.342Z"
                },
                "type": "SCRUB",
                "source": "data:drag",
                "_t": "11:38:08",
                "_end": "11:40:24",
                "data": {
                    "time": 8.764832
                }
            },
            {
                "time": {
                    "start": "2019-05-30T17:38:08.524Z",
                    "end": "2019-05-30T17:40:25.470Z"
                },
                "type": "SCRUB",
                "source": "data:drag",
                "_t": "11:38:08",
                "_end": "11:40:25",
                "data": {
                    "time": 8.764832
                }
            },
            {
                "time": {
                    "start": "2019-05-30T17:38:08.524Z",
                    "end": "2019-05-30T17:40:32.478Z"
                },
                "type": "SCRUB",
                "source": "data:drag",
                "_t": "11:38:08",
                "_end": "11:40:32",
                "data": {
                    "time": 9.628884
                }
            },
            {
                "time": {
                    "start": "2019-05-30T17:38:08.524Z",
                    "end": "2019-05-30T17:40:33.790Z"
                },
                "type": "SCRUB",
                "source": "data:drag",
                "_t": "11:38:08",
                "_end": "11:40:33",
                "data": {
                    "time": 9.628884
                }
            },
            {
                "time": {
                    "start": "2019-05-30T17:38:08.524Z",
                    "end": "2019-05-30T17:40:37.462Z"
                },
                "type": "SCRUB",
                "source": "data:drag",
                "_t": "11:38:08",
                "_end": "11:40:37",
                "data": {
                    "time": 10.075872
                }
            },
            {
                "time": {
                    "start": "2019-05-30T17:38:08.524Z",
                    "end": "2019-05-30T17:40:38.694Z"
                },
                "type": "SCRUB",
                "source": "data:drag",
                "_t": "11:38:08",
                "_end": "11:40:38",
                "data": {
                    "time": 10.075872
                }
            },
            {
                "time": {
                    "start": "2019-05-30T17:38:08.524Z",
                    "end": "2019-05-30T17:40:45.310Z"
                },
                "type": "SCRUB",
                "source": "data:drag",
                "_t": "11:38:08",
                "_end": "11:40:45",
                "data": {
                    "time": 10.913741
                }
            },
            {
                "time": {
                    "start": "2019-05-30T17:38:08.524Z",
                    "end": "2019-05-30T17:40:46.574Z"
                },
                "type": "SCRUB",
                "source": "data:drag",
                "_t": "11:38:08",
                "_end": "11:40:46",
                "data": {
                    "time": 10.913741
                }
            },
            {
                "time": {
                    "start": "2019-05-30T17:38:08.524Z",
                    "end": "2019-05-30T17:40:50.270Z"
                },
                "type": "SCRUB",
                "source": "data:drag",
                "_t": "11:38:08",
                "_end": "11:40:50",
                "data": {
                    "time": 11.360729
                }
            },
            {
                "time": {
                    "start": "2019-05-30T17:38:08.524Z",
                    "end": "2019-05-30T17:40:51.478Z"
                },
                "type": "SCRUB",
                "source": "data:drag",
                "_t": "11:38:08",
                "_end": "11:40:51",
                "data": {
                    "time": 11.360729
                }
            },
            {
                "time": {
                    "start": "2019-05-30T17:38:08.524Z",
                    "end": "2019-05-30T17:40:53.057Z"
                },
                "type": "SCRUB",
                "source": "data:drag",
                "_t": "11:38:08",
                "_end": "11:40:53",
                "data": {
                    "time": 11.37382
                }
            },
            {
                "time": {
                    "start": "2019-05-30T17:38:08.524Z",
                    "end": "2019-05-30T17:41:00.632Z"
                },
                "type": "SCRUB",
                "source": "data:drag",
                "_t": "11:38:08",
                "_end": "11:41:00",
                "data": {
                    "time": 12.286499
                }
            },
            {
                "time": {
                    "start": "2019-05-30T17:38:08.524Z",
                    "end": "2019-05-30T17:41:01.278Z"
                },
                "type": "SCRUB",
                "source": "data:drag",
                "_t": "11:38:08",
                "_end": "11:41:01",
                "data": {
                    "time": 12.286499
                }
            },
            {
                "time": {
                    "start": "2019-05-30T17:38:08.524Z",
                    "end": "2019-05-30T17:41:05.151Z"
                },
                "type": "SCRUB",
                "source": "data:drag",
                "_t": "11:38:08",
                "_end": "11:41:05",
                "data": {
                    "time": 12.744708
                }
            },
            {
                "time": {
                    "start": "2019-05-30T17:38:08.524Z",
                    "end": "2019-05-30T17:41:06.288Z"
                },
                "type": "SCRUB",
                "source": "data:drag",
                "_t": "11:38:08",
                "_end": "11:41:06",
                "data": {
                    "time": 12.744708
                }
            },
            {
                "time": {
                    "start": "2019-05-30T17:38:08.524Z",
                    "end": "2019-05-30T17:41:12.712Z"
                },
                "type": "SCRUB",
                "source": "data:drag",
                "_t": "11:38:08",
                "_end": "11:41:12",
                "data": {
                    "time": 13.60502
                }
            },
            {
                "time": {
                    "start": "2019-05-30T17:38:08.524Z",
                    "end": "2019-05-30T17:41:13.330Z"
                },
                "type": "SCRUB",
                "source": "data:drag",
                "_t": "11:38:08",
                "_end": "11:41:13",
                "data": {
                    "time": 13.60502
                }
            }
        ]
    }
}