{
    "user_id": "Silver4",
    "session_id": "5d85398d81249f67dd06ae0a",
    "study": "studyE",
    "workspace": "gait.gait-yellow",
    "details": {
        "workspace": "gait.gait-yellow",
        "labels": [
            {
                "time": 0.038,
                "endTime": 1.844,
                "type": "orange-on-ground",
                "id": 1
            },
            {
                "time": 1.844,
                "endTime": 2.766,
                "type": "orange-in-air",
                "id": 2
            },
            {
                "time": 2.766,
                "endTime": 3.491215,
                "type": "orange-on-ground",
                "id": 3
            },
            {
                "time": 3.498425,
                "endTime": 4.18,
                "type": "orange-in-air",
                "id": 4
            },
            {
                "time": 4.18,
                "endTime": 4.816,
                "type": "orange-on-ground",
                "id": 5
            },
            {
                "time": 4.816,
                "endTime": 5.658,
                "type": "orange-in-air",
                "id": 6
            },
            {
                "time": 5.658,
                "endTime": 6.144,
                "type": "orange-on-ground",
                "id": 7
            },
            {
                "time": 6.144,
                "endTime": 7.026,
                "type": "orange-in-air",
                "id": 8
            },
            {
                "time": 7.026,
                "endTime": 7.468,
                "type": "orange-on-ground",
                "id": 9
            },
            {
                "time": 7.468,
                "endTime": 8.35,
                "type": "orange-in-air",
                "id": 10
            },
            {
                "time": 8.35,
                "endTime": 8.748,
                "type": "orange-on-ground",
                "id": 11
            },
            {
                "time": 8.748,
                "endTime": 9.668,
                "type": "orange-in-air",
                "id": 12
            },
            {
                "time": 9.668,
                "endTime": 10.312,
                "type": "orange-on-ground",
                "id": 13
            },
            {
                "time": 10.312,
                "endTime": 10.952,
                "type": "orange-in-air",
                "id": 14
            },
            {
                "time": 10.952,
                "endTime": 11.434,
                "type": "orange-on-ground",
                "id": 15
            },
            {
                "time": 11.434,
                "endTime": 12.314,
                "type": "orange-in-air",
                "id": 16
            },
            {
                "time": 12.314,
                "endTime": 12.76,
                "type": "orange-on-ground",
                "id": 17
            },
            {
                "time": 12.76,
                "endTime": 13.678,
                "type": "orange-in-air",
                "id": 18
            },
            {
                "time": 13.678,
                "endTime": 14.082,
                "type": "orange-on-ground",
                "id": 19
            },
            {
                "time": 14.082,
                "endTime": 14.804,
                "type": "orange-in-air",
                "id": 20
            },
            {
                "time": 14.804,
                "endTime": 15.446,
                "type": "orange-on-ground",
                "id": 21
            },
            {
                "time": 15.446,
                "endTime": 16.324,
                "type": "orange-in-air",
                "id": 22
            },
            {
                "time": 16.324,
                "endTime": 16.768,
                "type": "orange-on-ground",
                "id": 23
            },
            {
                "time": 16.768,
                "endTime": 17.646,
                "type": "orange-in-air",
                "id": 24
            },
            {
                "time": 17.646,
                "endTime": 18.088,
                "type": "orange-on-ground",
                "id": 25
            },
            {
                "time": 18.088,
                "endTime": 19.01,
                "type": "orange-in-air",
                "id": 26
            },
            {
                "time": 19.01,
                "endTime": 19.377187,
                "type": "orange-on-ground",
                "id": 27
            },
            {
                "time": 19.377187,
                "endTime": 20.334,
                "type": "orange-in-air",
                "id": 28
            },
            {
                "time": 20.334,
                "endTime": 20.854,
                "type": "orange-on-ground",
                "id": 29
            },
            {
                "time": 20.854,
                "endTime": 21.698,
                "type": "orange-in-air",
                "id": 30
            },
            {
                "time": 21.698,
                "endTime": 22.136,
                "type": "orange-on-ground",
                "id": 31
            },
            {
                "time": 22.136,
                "endTime": 23.004,
                "type": "orange-in-air",
                "id": 32
            }
        ],
        "_starts": [
            "2019-09-20T21:08:35.000Z"
        ],
        "_ends": [
            "2019-09-20T21:10:54.350Z"
        ]
    },
    "labels_file": "/home/ubuntu/vat/data/user-studies/studyE/gait-yellow/Silver4.labels.json",
    "videoFlash": 0.00001,
    "surveys": {
        "user-info": {
            "firstname": "Michael",
            "lastname": "Davenport",
            "email": "mdaven19@byu.edu"
        },
        "practice-first": {
            "question1": "3",
            "question2": "ok",
            "question3": "50",
            "question4": "3"
        },
        "practice-second": {},
        "practice-third": {},
        "practice-survey": {},
        "drywall-blue": {
            "question1": "4",
            "question2": "3",
            "question3": "30",
            "question4": "80"
        },
        "drywall-red": {
            "question1": "2",
            "question2": "3",
            "question3": "60",
            "question4": "50"
        },
        "drywall-orange": {
            "question1": "2",
            "question2": "2",
            "question3": "20",
            "question4": "70"
        },
        "drywall-survey": {
            "question1": "5",
            "question2": "4",
            "question3": "5",
            "question4": "4"
        },
        "gait-blue": {
            "question1": "4",
            "question2": "4",
            "question3": "100",
            "question4": "90"
        },
        "gait-red": {
            "question1": "3",
            "question2": "4",
            "question3": "100",
            "question4": "90"
        }
    },
    "logs": {
        "labelEvents": [
            {
                "time": "2019-09-20T21:08:55.452Z",
                "type": "START",
                "source": "hotkey",
                "_t": "15:08:55",
                "_end": "-",
                "data": {
                    "type": "orange-on-ground",
                    "time": 0.038
                }
            },
            {
                "time": "2019-09-20T21:09:02.699Z",
                "type": "START",
                "source": "hotkey",
                "_t": "15:09:02",
                "_end": "-",
                "data": {
                    "type": "orange-in-air",
                    "time": 1.844
                }
            },
            {
                "time": "2019-09-20T21:09:06.396Z",
                "type": "START",
                "source": "hotkey",
                "_t": "15:09:06",
                "_end": "-",
                "data": {
                    "type": "orange-on-ground",
                    "time": 2.766
                }
            },
            {
                "time": "2019-09-20T21:09:17.085Z",
                "type": "START",
                "source": "hotkey",
                "_t": "15:09:17",
                "_end": "-",
                "data": {
                    "type": "orange-on-ground",
                    "time": 3.491215
                }
            },
            {
                "time": "2019-09-20T21:09:20.542Z",
                "type": "END",
                "source": "data:click:h_pos",
                "_t": "15:09:20",
                "_end": "-",
                "data": {
                    "lbl": {
                        "time": 3.491215,
                        "endTime": 3.5638839024390236,
                        "type": "orange-on-ground",
                        "id": 4
                    }
                }
            },
            {
                "time": "2019-09-20T21:09:23.145Z",
                "type": "SELECT",
                "source": "data:click",
                "_t": "15:09:23",
                "_end": "-",
                "data": {
                    "time": 3.491215,
                    "endTime": 3.5638839024390236,
                    "type": "orange-on-ground",
                    "id": 4
                }
            },
            {
                "time": "2019-09-20T21:09:24.703Z",
                "type": "DELETE",
                "source": "side-bar:button",
                "_t": "15:09:24",
                "_end": "-",
                "data": {
                    "id": 4,
                    "idx": 3
                }
            },
            {
                "time": "2019-09-20T21:09:29.527Z",
                "type": "START",
                "source": "hotkey",
                "_t": "15:09:29",
                "_end": "-",
                "data": {
                    "type": "orange-in-air",
                    "time": 3.498425
                }
            },
            {
                "time": "2019-09-20T21:09:33.057Z",
                "type": "START",
                "source": "hotkey",
                "_t": "15:09:33",
                "_end": "-",
                "data": {
                    "type": "orange-on-ground",
                    "time": 4.18
                }
            },
            {
                "time": "2019-09-20T21:09:35.601Z",
                "type": "START",
                "source": "hotkey",
                "_t": "15:09:35",
                "_end": "-",
                "data": {
                    "type": "orange-in-air",
                    "time": 4.816
                }
            },
            {
                "time": "2019-09-20T21:09:39.057Z",
                "type": "START",
                "source": "hotkey",
                "_t": "15:09:39",
                "_end": "-",
                "data": {
                    "type": "orange-on-ground",
                    "time": 5.658
                }
            },
            {
                "time": "2019-09-20T21:09:40.961Z",
                "type": "START",
                "source": "hotkey",
                "_t": "15:09:40",
                "_end": "-",
                "data": {
                    "type": "orange-in-air",
                    "time": 6.144
                }
            },
            {
                "time": "2019-09-20T21:09:44.435Z",
                "type": "START",
                "source": "hotkey",
                "_t": "15:09:44",
                "_end": "-",
                "data": {
                    "type": "orange-on-ground",
                    "time": 7.026
                }
            },
            {
                "time": "2019-09-20T21:09:46.272Z",
                "type": "START",
                "source": "hotkey",
                "_t": "15:09:46",
                "_end": "-",
                "data": {
                    "type": "orange-in-air",
                    "time": 7.468
                }
            },
            {
                "time": "2019-09-20T21:09:49.666Z",
                "type": "START",
                "source": "hotkey",
                "_t": "15:09:49",
                "_end": "-",
                "data": {
                    "type": "orange-on-ground",
                    "time": 8.35
                }
            },
            {
                "time": "2019-09-20T21:09:51.393Z",
                "type": "START",
                "source": "hotkey",
                "_t": "15:09:51",
                "_end": "-",
                "data": {
                    "type": "orange-in-air",
                    "time": 8.748
                }
            },
            {
                "time": "2019-09-20T21:09:54.977Z",
                "type": "START",
                "source": "hotkey",
                "_t": "15:09:54",
                "_end": "-",
                "data": {
                    "type": "orange-on-ground",
                    "time": 9.668
                }
            },
            {
                "time": "2019-09-20T21:09:57.603Z",
                "type": "START",
                "source": "hotkey",
                "_t": "15:09:57",
                "_end": "-",
                "data": {
                    "type": "orange-in-air",
                    "time": 10.312
                }
            },
            {
                "time": "2019-09-20T21:10:00.162Z",
                "type": "START",
                "source": "hotkey",
                "_t": "15:10:00",
                "_end": "-",
                "data": {
                    "type": "orange-on-ground",
                    "time": 10.952
                }
            },
            {
                "time": "2019-09-20T21:10:02.037Z",
                "type": "START",
                "source": "hotkey",
                "_t": "15:10:02",
                "_end": "-",
                "data": {
                    "type": "orange-in-air",
                    "time": 11.434
                }
            },
            {
                "time": "2019-09-20T21:10:05.681Z",
                "type": "START",
                "source": "hotkey",
                "_t": "15:10:05",
                "_end": "-",
                "data": {
                    "type": "orange-on-ground",
                    "time": 12.314
                }
            },
            {
                "time": "2019-09-20T21:10:07.362Z",
                "type": "START",
                "source": "hotkey",
                "_t": "15:10:07",
                "_end": "-",
                "data": {
                    "type": "orange-in-air",
                    "time": 12.76
                }
            },
            {
                "time": "2019-09-20T21:10:11.091Z",
                "type": "START",
                "source": "hotkey",
                "_t": "15:10:11",
                "_end": "-",
                "data": {
                    "type": "orange-on-ground",
                    "time": 13.678
                }
            },
            {
                "time": "2019-09-20T21:10:12.703Z",
                "type": "START",
                "source": "hotkey",
                "_t": "15:10:12",
                "_end": "-",
                "data": {
                    "type": "orange-in-air",
                    "time": 14.082
                }
            },
            {
                "time": "2019-09-20T21:10:15.538Z",
                "type": "START",
                "source": "hotkey",
                "_t": "15:10:15",
                "_end": "-",
                "data": {
                    "type": "orange-on-ground",
                    "time": 14.804
                }
            },
            {
                "time": "2019-09-20T21:10:18.091Z",
                "type": "START",
                "source": "hotkey",
                "_t": "15:10:18",
                "_end": "-",
                "data": {
                    "type": "orange-in-air",
                    "time": 15.446
                }
            },
            {
                "time": "2019-09-20T21:10:21.729Z",
                "type": "START",
                "source": "hotkey",
                "_t": "15:10:21",
                "_end": "-",
                "data": {
                    "type": "orange-on-ground",
                    "time": 16.324
                }
            },
            {
                "time": "2019-09-20T21:10:23.378Z",
                "type": "START",
                "source": "hotkey",
                "_t": "15:10:23",
                "_end": "-",
                "data": {
                    "type": "orange-in-air",
                    "time": 16.768
                }
            },
            {
                "time": "2019-09-20T21:10:27.022Z",
                "type": "START",
                "source": "hotkey",
                "_t": "15:10:27",
                "_end": "-",
                "data": {
                    "type": "orange-on-ground",
                    "time": 17.646
                }
            },
            {
                "time": "2019-09-20T21:10:28.663Z",
                "type": "START",
                "source": "hotkey",
                "_t": "15:10:28",
                "_end": "-",
                "data": {
                    "type": "orange-in-air",
                    "time": 18.088
                }
            },
            {
                "time": "2019-09-20T21:10:32.387Z",
                "type": "START",
                "source": "hotkey",
                "_t": "15:10:32",
                "_end": "-",
                "data": {
                    "type": "orange-on-ground",
                    "time": 19.01
                }
            },
            {
                "time": "2019-09-20T21:10:33.842Z",
                "type": "START",
                "source": "hotkey",
                "_t": "15:10:33",
                "_end": "-",
                "data": {
                    "type": "orange-in-air",
                    "time": 19.377187
                }
            },
            {
                "time": "2019-09-20T21:10:37.748Z",
                "type": "START",
                "source": "hotkey",
                "_t": "15:10:37",
                "_end": "-",
                "data": {
                    "type": "orange-on-ground",
                    "time": 20.334
                }
            },
            {
                "time": "2019-09-20T21:10:39.809Z",
                "type": "START",
                "source": "hotkey",
                "_t": "15:10:39",
                "_end": "-",
                "data": {
                    "type": "orange-in-air",
                    "time": 20.854
                }
            },
            {
                "time": "2019-09-20T21:10:43.101Z",
                "type": "START",
                "source": "hotkey",
                "_t": "15:10:43",
                "_end": "-",
                "data": {
                    "type": "orange-on-ground",
                    "time": 21.698
                }
            },
            {
                "time": "2019-09-20T21:10:44.858Z",
                "type": "START",
                "source": "hotkey",
                "_t": "15:10:44",
                "_end": "-",
                "data": {
                    "type": "orange-in-air",
                    "time": 22.136
                }
            },
            {
                "time": "2019-09-20T21:10:48.531Z",
                "type": "START",
                "source": "hotkey",
                "_t": "15:10:48",
                "_end": "-",
                "data": {
                    "type": "orange-on-ground",
                    "time": 23.004
                }
            }
        ],
        "navigationEvents": [
            {
                "time": "2019-09-20T21:08:47.476Z",
                "type": "PLAY",
                "source": "video:button",
                "_t": "15:08:47",
                "_end": "-"
            },
            {
                "time": "2019-09-20T21:08:47.841Z",
                "type": "PAUSE",
                "source": "video:button",
                "_t": "15:08:47",
                "_end": "-"
            },
            {
                "time": {
                    "start": "2019-09-20T21:08:49.436Z",
                    "end": "2019-09-20T21:08:49.622Z"
                },
                "type": "SCRUB",
                "source": "video:drag",
                "_t": "15:08:49",
                "_end": "15:08:49",
                "data": {
                    "to": 0,
                    "from": 0.318
                }
            },
            {
                "time": "2019-09-20T21:08:51.231Z",
                "type": "CHANGE-PLAYBACK-RATE",
                "source": "video:menu",
                "_t": "15:08:51",
                "_end": "-",
                "data": {
                    "oldRate": 1,
                    "newRate": 0.25
                }
            },
            {
                "time": "2019-09-20T21:08:55.210Z",
                "type": "PLAY",
                "source": "video:button",
                "_t": "15:08:55",
                "_end": "-"
            },
            {
                "time": "2019-09-20T21:09:10.266Z",
                "type": "PAUSE",
                "source": "hotkey",
                "_t": "15:09:10",
                "_end": "-",
                "data": {
                    "key": "space"
                }
            },
            {
                "time": "2019-09-20T21:09:11.130Z",
                "type": "SKIP",
                "source": "hotkey",
                "_t": "15:09:11",
                "_end": "-",
                "data": {
                    "t": 3.729394,
                    "Δt": -1,
                    "key": "left"
                }
            },
            {
                "time": "2019-09-20T21:09:13.930Z",
                "type": "PLAY",
                "source": "hotkey",
                "_t": "15:09:13",
                "_end": "-",
                "data": {
                    "key": "space"
                }
            },
            {
                "time": "2019-09-20T21:09:18.202Z",
                "type": "PAUSE",
                "source": "hotkey",
                "_t": "15:09:18",
                "_end": "-",
                "data": {
                    "key": "space"
                }
            },
            {
                "time": {
                    "start": "2019-09-20T21:08:35.009Z",
                    "end": "2019-09-20T21:09:20.539Z"
                },
                "type": "SCRUB",
                "source": "data:drag",
                "_t": "15:08:35",
                "_end": "15:09:20",
                "data": {
                    "time": 3.764
                }
            },
            {
                "time": {
                    "start": "2019-09-20T21:08:35.009Z",
                    "end": "2019-09-20T21:09:23.140Z"
                },
                "type": "SCRUB",
                "source": "data:drag",
                "_t": "15:08:35",
                "_end": "15:09:23",
                "data": {
                    "time": 3.764
                }
            },
            {
                "time": {
                    "start": "2019-09-20T21:08:35.009Z",
                    "end": "2019-09-20T21:09:28.212Z"
                },
                "type": "SCRUB",
                "source": "data:drag",
                "_t": "15:08:35",
                "_end": "15:09:28",
                "data": {
                    "time": 3.498425
                }
            },
            {
                "time": "2019-09-20T21:09:30.238Z",
                "type": "PLAY",
                "source": "hotkey",
                "_t": "15:09:30",
                "_end": "-",
                "data": {
                    "key": "space"
                }
            }
        ]
    }
}