[{"time":0.038,"endTime":1.844,"type":"orange-on-ground","id":1},{"time":1.844,"endTime":2.766,"type":"orange-in-air","id":2},{"time":2.766,"endTime":3.491215,"type":"orange-on-ground","id":3},{"time":3.498425,"endTime":4.18,"type":"orange-in-air","id":4},{"time":4.18,"endTime":4.816,"type":"orange-on-ground","id":5},{"time":4.816,"endTime":5.658,"type":"orange-in-air","id":6},{"time":5.658,"endTime":6.144,"type":"orange-on-ground","id":7},{"time":6.144,"endTime":7.026,"type":"orange-in-air","id":8},{"time":7.026,"endTime":7.468,"type":"orange-on-ground","id":9},{"time":7.468,"endTime":8.35,"type":"orange-in-air","id":10},{"time":8.35,"endTime":8.748,"type":"orange-on-ground","id":11},{"time":8.748,"endTime":9.668,"type":"orange-in-air","id":12},{"time":9.668,"endTime":10.312,"type":"orange-on-ground","id":13},{"time":10.312,"endTime":10.952,"type":"orange-in-air","id":14},{"time":10.952,"endTime":11.434,"type":"orange-on-ground","id":15},{"time":11.434,"endTime":12.314,"type":"orange-in-air","id":16},{"time":12.314,"endTime":12.76,"type":"orange-on-ground","id":17},{"time":12.76,"endTime":13.678,"type":"orange-in-air","id":18},{"time":13.678,"endTime":14.082,"type":"orange-on-ground","id":19},{"time":14.082,"endTime":14.804,"type":"orange-in-air","id":20},{"time":14.804,"endTime":15.446,"type":"orange-on-ground","id":21},{"time":15.446,"endTime":16.324,"type":"orange-in-air","id":22},{"time":16.324,"endTime":16.768,"type":"orange-on-ground","id":23},{"time":16.768,"endTime":17.646,"type":"orange-in-air","id":24},{"time":17.646,"endTime":18.088,"type":"orange-on-ground","id":25},{"time":18.088,"endTime":19.01,"type":"orange-in-air","id":26},{"time":19.01,"endTime":19.377187,"type":"orange-on-ground","id":27},{"time":19.377187,"endTime":20.334,"type":"orange-in-air","id":28},{"time":20.334,"endTime":20.854,"type":"orange-on-ground","id":29},{"time":20.854,"endTime":21.698,"type":"orange-in-air","id":30},{"time":21.698,"endTime":22.136,"type":"orange-on-ground","id":31},{"time":22.136,"endTime":23.004,"type":"orange-in-air","id":32}]