{
    "user_id": "tan5",
    "session_id": "5d7bb30c81249f67dd06acc3",
    "study": "studyE",
    "workspace": "gait.gait-yellow",
    "details": {
        "workspace": "gait.gait-yellow",
        "labels": [
            {
                "time": 0.116,
                "endTime": 1.68,
                "type": "orange-on-ground",
                "id": 1
            },
            {
                "time": 1.68,
                "endTime": 2.77,
                "type": "orange-in-air",
                "id": 2
            },
            {
                "time": 2.77,
                "endTime": 3.41,
                "type": "orange-on-ground",
                "id": 3
            },
            {
                "time": 3.41,
                "endTime": 4.296,
                "type": "orange-in-air",
                "id": 4
            },
            {
                "time": 4.296,
                "endTime": 4.814,
                "type": "orange-on-ground",
                "id": 5
            },
            {
                "time": 4.814,
                "endTime": 5.616,
                "type": "orange-in-air",
                "id": 6
            },
            {
                "time": 5.616,
                "endTime": 6.222,
                "type": "orange-on-ground",
                "id": 7
            },
            {
                "time": 6.222,
                "endTime": 6.944,
                "type": "orange-in-air",
                "id": 8
            },
            {
                "time": 6.944,
                "endTime": 7.548,
                "type": "orange-on-ground",
                "id": 9
            },
            {
                "time": 7.548,
                "endTime": 8.312,
                "type": "orange-in-air",
                "id": 10
            },
            {
                "time": 8.312,
                "endTime": 8.79,
                "type": "orange-on-ground",
                "id": 11
            },
            {
                "time": 8.79,
                "endTime": 9.676,
                "type": "orange-in-air",
                "id": 12
            },
            {
                "time": 9.676,
                "endTime": 10.116,
                "type": "orange-on-ground",
                "id": 13
            },
            {
                "time": 10.116,
                "endTime": 10.969205,
                "type": "orange-in-air",
                "id": 14
            },
            {
                "time": 10.969205,
                "endTime": 11.328,
                "type": "orange-on-ground",
                "id": 15
            },
            {
                "time": 11.328,
                "endTime": 12.335267,
                "type": "orange-in-air",
                "id": 16
            },
            {
                "time": 12.335267,
                "endTime": 12.732,
                "type": "orange-on-ground",
                "id": 17
            },
            {
                "time": 12.732,
                "endTime": 13.696,
                "type": "orange-in-air",
                "id": 18
            },
            {
                "time": 13.696,
                "endTime": 14.02,
                "type": "orange-on-ground",
                "id": 19
            },
            {
                "time": 14.02,
                "endTime": 14.986,
                "type": "orange-in-air",
                "id": 20
            },
            {
                "time": 14.986,
                "endTime": 15.344,
                "type": "orange-on-ground",
                "id": 21
            },
            {
                "time": 15.344,
                "endTime": 16.31,
                "type": "orange-in-air",
                "id": 22
            },
            {
                "time": 16.31,
                "endTime": 16.71,
                "type": "orange-on-ground",
                "id": 23
            },
            {
                "time": 16.71,
                "endTime": 17.592,
                "type": "orange-in-air",
                "id": 24
            },
            {
                "time": 17.592,
                "endTime": 18.036,
                "type": "orange-on-ground",
                "id": 25
            },
            {
                "time": 18.036,
                "endTime": 19.002,
                "type": "orange-in-air",
                "id": 26
            },
            {
                "time": 19.002,
                "endTime": 19.402,
                "type": "orange-on-ground",
                "id": 27
            },
            {
                "time": 19.402,
                "endTime": 20.33,
                "type": "orange-in-air",
                "id": 28
            },
            {
                "time": 20.33,
                "endTime": 20.732,
                "type": "orange-on-ground",
                "id": 29
            },
            {
                "time": 20.732,
                "endTime": 21.696,
                "type": "orange-in-air",
                "id": 30
            },
            {
                "time": 21.696,
                "endTime": 22.056,
                "type": "orange-on-ground",
                "id": 31
            },
            {
                "time": 22.056,
                "endTime": 23.004,
                "type": "orange-in-air",
                "id": 32
            }
        ],
        "_starts": [
            "2019-09-13T15:43:37.000Z"
        ],
        "_ends": [
            "2019-09-13T15:45:04.786Z"
        ]
    },
    "labels_file": "/home/ubuntu/vat/data/user-studies/studyE/gait-yellow/tan5.labels.json",
    "videoFlash": 0.00001,
    "surveys": {
        "user-info": {
            "firstname": "Alison",
            "lastname": "Jepsen",
            "email": "adjopen@gmail.com"
        },
        "practice-first": {
            "question1": "4",
            "question2": "ok",
            "question3": "70",
            "question4": "3"
        },
        "practice-second": {},
        "practice-third": {},
        "practice-survey": {},
        "drywall-blue": {
            "question1": "5",
            "question2": "5",
            "question3": "20",
            "question4": "80"
        },
        "drywall-red": {
            "question1": "1",
            "question2": "2",
            "question3": "20",
            "question4": "20"
        },
        "drywall-orange": {
            "question1": "4",
            "question2": "2",
            "question3": "10",
            "question4": "80"
        },
        "drywall-survey": {
            "question1": "5",
            "question2": "4",
            "question3": "4",
            "question4": "4"
        },
        "gait-blue": {
            "question1": "2",
            "question2": "4",
            "question3": "100",
            "question4": "90"
        },
        "gait-red": {
            "question1": "4",
            "question2": "2",
            "question3": "100",
            "question4": "60"
        }
    },
    "logs": {
        "labelEvents": [
            {
                "time": "2019-09-13T15:44:13.986Z",
                "type": "START",
                "source": "hotkey",
                "_t": "09:44:13",
                "_end": "-",
                "data": {
                    "type": "orange-on-ground",
                    "time": 0.116
                }
            },
            {
                "time": "2019-09-13T15:44:17.125Z",
                "type": "START",
                "source": "hotkey",
                "_t": "09:44:17",
                "_end": "-",
                "data": {
                    "type": "orange-in-air",
                    "time": 1.68
                }
            },
            {
                "time": "2019-09-13T15:44:19.280Z",
                "type": "START",
                "source": "hotkey",
                "_t": "09:44:19",
                "_end": "-",
                "data": {
                    "type": "orange-on-ground",
                    "time": 2.77
                }
            },
            {
                "time": "2019-09-13T15:44:20.577Z",
                "type": "START",
                "source": "hotkey",
                "_t": "09:44:20",
                "_end": "-",
                "data": {
                    "type": "orange-in-air",
                    "time": 3.41
                }
            },
            {
                "time": "2019-09-13T15:44:22.337Z",
                "type": "START",
                "source": "hotkey",
                "_t": "09:44:22",
                "_end": "-",
                "data": {
                    "type": "orange-on-ground",
                    "time": 4.296
                }
            },
            {
                "time": "2019-09-13T15:44:23.409Z",
                "type": "START",
                "source": "hotkey",
                "_t": "09:44:23",
                "_end": "-",
                "data": {
                    "type": "orange-in-air",
                    "time": 4.814
                }
            },
            {
                "time": "2019-09-13T15:44:24.977Z",
                "type": "START",
                "source": "hotkey",
                "_t": "09:44:24",
                "_end": "-",
                "data": {
                    "type": "orange-on-ground",
                    "time": 5.616
                }
            },
            {
                "time": "2019-09-13T15:44:26.177Z",
                "type": "START",
                "source": "hotkey",
                "_t": "09:44:26",
                "_end": "-",
                "data": {
                    "type": "orange-in-air",
                    "time": 6.222
                }
            },
            {
                "time": "2019-09-13T15:44:27.617Z",
                "type": "START",
                "source": "hotkey",
                "_t": "09:44:27",
                "_end": "-",
                "data": {
                    "type": "orange-on-ground",
                    "time": 6.944
                }
            },
            {
                "time": "2019-09-13T15:44:28.819Z",
                "type": "START",
                "source": "hotkey",
                "_t": "09:44:28",
                "_end": "-",
                "data": {
                    "type": "orange-in-air",
                    "time": 7.548
                }
            },
            {
                "time": "2019-09-13T15:44:30.372Z",
                "type": "START",
                "source": "hotkey",
                "_t": "09:44:30",
                "_end": "-",
                "data": {
                    "type": "orange-on-ground",
                    "time": 8.312
                }
            },
            {
                "time": "2019-09-13T15:44:31.340Z",
                "type": "START",
                "source": "hotkey",
                "_t": "09:44:31",
                "_end": "-",
                "data": {
                    "type": "orange-in-air",
                    "time": 8.79
                }
            },
            {
                "time": "2019-09-13T15:44:33.124Z",
                "type": "START",
                "source": "hotkey",
                "_t": "09:44:33",
                "_end": "-",
                "data": {
                    "type": "orange-on-ground",
                    "time": 9.676
                }
            },
            {
                "time": "2019-09-13T15:44:34.016Z",
                "type": "START",
                "source": "hotkey",
                "_t": "09:44:34",
                "_end": "-",
                "data": {
                    "type": "orange-in-air",
                    "time": 10.116
                }
            },
            {
                "time": "2019-09-13T15:44:35.657Z",
                "type": "START",
                "source": "hotkey",
                "_t": "09:44:35",
                "_end": "-",
                "data": {
                    "type": "orange-on-ground",
                    "time": 10.969205
                }
            },
            {
                "time": "2019-09-13T15:44:36.435Z",
                "type": "START",
                "source": "hotkey",
                "_t": "09:44:36",
                "_end": "-",
                "data": {
                    "type": "orange-in-air",
                    "time": 11.328
                }
            },
            {
                "time": "2019-09-13T15:44:38.418Z",
                "type": "START",
                "source": "hotkey",
                "_t": "09:44:38",
                "_end": "-",
                "data": {
                    "type": "orange-on-ground",
                    "time": 12.335267
                }
            },
            {
                "time": "2019-09-13T15:44:39.192Z",
                "type": "START",
                "source": "hotkey",
                "_t": "09:44:39",
                "_end": "-",
                "data": {
                    "type": "orange-in-air",
                    "time": 12.732
                }
            },
            {
                "time": "2019-09-13T15:44:41.137Z",
                "type": "START",
                "source": "hotkey",
                "_t": "09:44:41",
                "_end": "-",
                "data": {
                    "type": "orange-on-ground",
                    "time": 13.696
                }
            },
            {
                "time": "2019-09-13T15:44:41.789Z",
                "type": "START",
                "source": "hotkey",
                "_t": "09:44:41",
                "_end": "-",
                "data": {
                    "type": "orange-in-air",
                    "time": 14.02
                }
            },
            {
                "time": "2019-09-13T15:44:43.742Z",
                "type": "START",
                "source": "hotkey",
                "_t": "09:44:43",
                "_end": "-",
                "data": {
                    "type": "orange-on-ground",
                    "time": 14.986
                }
            },
            {
                "time": "2019-09-13T15:44:44.432Z",
                "type": "START",
                "source": "hotkey",
                "_t": "09:44:44",
                "_end": "-",
                "data": {
                    "type": "orange-in-air",
                    "time": 15.344
                }
            },
            {
                "time": "2019-09-13T15:44:46.442Z",
                "type": "START",
                "source": "hotkey",
                "_t": "09:44:46",
                "_end": "-",
                "data": {
                    "type": "orange-on-ground",
                    "time": 16.31
                }
            },
            {
                "time": "2019-09-13T15:44:47.146Z",
                "type": "START",
                "source": "hotkey",
                "_t": "09:44:47",
                "_end": "-",
                "data": {
                    "type": "orange-in-air",
                    "time": 16.71
                }
            },
            {
                "time": "2019-09-13T15:44:48.968Z",
                "type": "START",
                "source": "hotkey",
                "_t": "09:44:48",
                "_end": "-",
                "data": {
                    "type": "orange-on-ground",
                    "time": 17.592
                }
            },
            {
                "time": "2019-09-13T15:44:49.827Z",
                "type": "START",
                "source": "hotkey",
                "_t": "09:44:49",
                "_end": "-",
                "data": {
                    "type": "orange-in-air",
                    "time": 18.036
                }
            },
            {
                "time": "2019-09-13T15:44:51.771Z",
                "type": "START",
                "source": "hotkey",
                "_t": "09:44:51",
                "_end": "-",
                "data": {
                    "type": "orange-on-ground",
                    "time": 19.002
                }
            },
            {
                "time": "2019-09-13T15:44:52.518Z",
                "type": "START",
                "source": "hotkey",
                "_t": "09:44:52",
                "_end": "-",
                "data": {
                    "type": "orange-in-air",
                    "time": 19.402
                }
            },
            {
                "time": "2019-09-13T15:44:54.398Z",
                "type": "START",
                "source": "hotkey",
                "_t": "09:44:54",
                "_end": "-",
                "data": {
                    "type": "orange-on-ground",
                    "time": 20.33
                }
            },
            {
                "time": "2019-09-13T15:44:55.222Z",
                "type": "START",
                "source": "hotkey",
                "_t": "09:44:55",
                "_end": "-",
                "data": {
                    "type": "orange-in-air",
                    "time": 20.732
                }
            },
            {
                "time": "2019-09-13T15:44:57.132Z",
                "type": "START",
                "source": "hotkey",
                "_t": "09:44:57",
                "_end": "-",
                "data": {
                    "type": "orange-on-ground",
                    "time": 21.696
                }
            },
            {
                "time": "2019-09-13T15:44:57.880Z",
                "type": "START",
                "source": "hotkey",
                "_t": "09:44:57",
                "_end": "-",
                "data": {
                    "type": "orange-in-air",
                    "time": 22.056
                }
            },
            {
                "time": "2019-09-13T15:44:59.736Z",
                "type": "START",
                "source": "hotkey",
                "_t": "09:44:59",
                "_end": "-",
                "data": {
                    "type": "orange-on-ground",
                    "time": 23.004
                }
            }
        ],
        "navigationEvents": [
            {
                "time": "2019-09-13T15:43:48.375Z",
                "type": "PLAY",
                "source": "video:button",
                "_t": "09:43:48",
                "_end": "-"
            },
            {
                "time": "2019-09-13T15:43:49.407Z",
                "type": "CHANGE-PLAYBACK-RATE",
                "source": "video:button",
                "_t": "09:43:49",
                "_end": "-",
                "data": {
                    "oldRate": 1,
                    "newRate": 1.5
                }
            },
            {
                "time": "2019-09-13T15:43:50.453Z",
                "type": "CHANGE-PLAYBACK-RATE",
                "source": "video:menu",
                "_t": "09:43:50",
                "_end": "-",
                "data": {
                    "oldRate": 1.5,
                    "newRate": 0.5
                }
            },
            {
                "time": "2019-09-13T15:43:52.166Z",
                "type": "PAUSE",
                "source": "video:button",
                "_t": "09:43:52",
                "_end": "-"
            },
            {
                "time": "2019-09-13T15:43:52.894Z",
                "type": "PLAY",
                "source": "video:button",
                "_t": "09:43:52",
                "_end": "-"
            },
            {
                "time": "2019-09-13T15:43:53.445Z",
                "type": "PAUSE",
                "source": "video:button",
                "_t": "09:43:53",
                "_end": "-"
            },
            {
                "time": "2019-09-13T15:43:54.798Z",
                "type": "SKIP",
                "source": "hotkey",
                "_t": "09:43:54",
                "_end": "-",
                "data": {
                    "t": 3.71,
                    "Δt": -1,
                    "key": "left"
                }
            },
            {
                "time": "2019-09-13T15:43:54.974Z",
                "type": "SKIP",
                "source": "hotkey",
                "_t": "09:43:54",
                "_end": "-",
                "data": {
                    "t": 2.71,
                    "Δt": -1,
                    "key": "left"
                }
            },
            {
                "time": "2019-09-13T15:43:55.150Z",
                "type": "SKIP",
                "source": "hotkey",
                "_t": "09:43:55",
                "_end": "-",
                "data": {
                    "t": 1.71,
                    "Δt": -1,
                    "key": "left"
                }
            },
            {
                "time": "2019-09-13T15:43:55.309Z",
                "type": "SKIP",
                "source": "hotkey",
                "_t": "09:43:55",
                "_end": "-",
                "data": {
                    "t": 0.71,
                    "Δt": -1,
                    "key": "left"
                }
            },
            {
                "time": "2019-09-13T15:43:55.454Z",
                "type": "SKIP",
                "source": "hotkey",
                "_t": "09:43:55",
                "_end": "-",
                "data": {
                    "t": 0,
                    "Δt": -1,
                    "key": "left"
                }
            },
            {
                "time": "2019-09-13T15:43:58.494Z",
                "type": "PLAY",
                "source": "hotkey",
                "_t": "09:43:58",
                "_end": "-",
                "data": {
                    "key": "space"
                }
            },
            {
                "time": "2019-09-13T15:43:58.652Z",
                "type": "PAUSE",
                "source": "video:button",
                "_t": "09:43:58",
                "_end": "-"
            },
            {
                "time": "2019-09-13T15:44:00.468Z",
                "type": "PLAY",
                "source": "hotkey",
                "_t": "09:44:00",
                "_end": "-",
                "data": {
                    "key": "space"
                }
            },
            {
                "time": "2019-09-13T15:44:00.604Z",
                "type": "PAUSE",
                "source": "video:button",
                "_t": "09:44:00",
                "_end": "-"
            },
            {
                "time": "2019-09-13T15:44:01.585Z",
                "type": "PLAY",
                "source": "hotkey",
                "_t": "09:44:01",
                "_end": "-",
                "data": {
                    "key": "space"
                }
            },
            {
                "time": "2019-09-13T15:44:01.901Z",
                "type": "PAUSE",
                "source": "video:button",
                "_t": "09:44:01",
                "_end": "-"
            },
            {
                "time": {
                    "start": "2019-09-13T15:43:37.853Z",
                    "end": "2019-09-13T15:44:06.053Z"
                },
                "type": "SCRUB",
                "source": "data:drag",
                "_t": "09:43:37",
                "_end": "09:44:06",
                "data": {
                    "time": 0.318
                }
            },
            {
                "time": "2019-09-13T15:44:07.197Z",
                "type": "SKIP",
                "source": "hotkey",
                "_t": "09:44:07",
                "_end": "-",
                "data": {
                    "t": 0.318,
                    "Δt": -1,
                    "key": "left"
                }
            },
            {
                "time": "2019-09-13T15:44:07.373Z",
                "type": "SKIP",
                "source": "hotkey",
                "_t": "09:44:07",
                "_end": "-",
                "data": {
                    "t": 0,
                    "Δt": -1,
                    "key": "left"
                }
            },
            {
                "time": "2019-09-13T15:44:07.566Z",
                "type": "SKIP",
                "source": "hotkey",
                "_t": "09:44:07",
                "_end": "-",
                "data": {
                    "t": 0,
                    "Δt": -1,
                    "key": "left"
                }
            },
            {
                "time": "2019-09-13T15:44:13.670Z",
                "type": "PLAY",
                "source": "video:button",
                "_t": "09:44:13",
                "_end": "-"
            }
        ]
    }
}