[{"time":0.116,"endTime":1.68,"type":"orange-on-ground","id":1},{"time":1.68,"endTime":2.77,"type":"orange-in-air","id":2},{"time":2.77,"endTime":3.41,"type":"orange-on-ground","id":3},{"time":3.41,"endTime":4.296,"type":"orange-in-air","id":4},{"time":4.296,"endTime":4.814,"type":"orange-on-ground","id":5},{"time":4.814,"endTime":5.616,"type":"orange-in-air","id":6},{"time":5.616,"endTime":6.222,"type":"orange-on-ground","id":7},{"time":6.222,"endTime":6.944,"type":"orange-in-air","id":8},{"time":6.944,"endTime":7.548,"type":"orange-on-ground","id":9},{"time":7.548,"endTime":8.312,"type":"orange-in-air","id":10},{"time":8.312,"endTime":8.79,"type":"orange-on-ground","id":11},{"time":8.79,"endTime":9.676,"type":"orange-in-air","id":12},{"time":9.676,"endTime":10.116,"type":"orange-on-ground","id":13},{"time":10.116,"endTime":10.969205,"type":"orange-in-air","id":14},{"time":10.969205,"endTime":11.328,"type":"orange-on-ground","id":15},{"time":11.328,"endTime":12.335267,"type":"orange-in-air","id":16},{"time":12.335267,"endTime":12.732,"type":"orange-on-ground","id":17},{"time":12.732,"endTime":13.696,"type":"orange-in-air","id":18},{"time":13.696,"endTime":14.02,"type":"orange-on-ground","id":19},{"time":14.02,"endTime":14.986,"type":"orange-in-air","id":20},{"time":14.986,"endTime":15.344,"type":"orange-on-ground","id":21},{"time":15.344,"endTime":16.31,"type":"orange-in-air","id":22},{"time":16.31,"endTime":16.71,"type":"orange-on-ground","id":23},{"time":16.71,"endTime":17.592,"type":"orange-in-air","id":24},{"time":17.592,"endTime":18.036,"type":"orange-on-ground","id":25},{"time":18.036,"endTime":19.002,"type":"orange-in-air","id":26},{"time":19.002,"endTime":19.402,"type":"orange-on-ground","id":27},{"time":19.402,"endTime":20.33,"type":"orange-in-air","id":28},{"time":20.33,"endTime":20.732,"type":"orange-on-ground","id":29},{"time":20.732,"endTime":21.696,"type":"orange-in-air","id":30},{"time":21.696,"endTime":22.056,"type":"orange-on-ground","id":31},{"time":22.056,"endTime":23.004,"type":"orange-in-air","id":32}]