[{"time":0.00001,"endTime":1.8149755121951223,"type":"orange-on-ground","id":1},{"time":1.8206,"endTime":2.5883901707317074,"type":"orange-in-air","id":2},{"time":2.606216,"endTime":3.478829536585365,"type":"orange-on-ground","id":3},{"time":3.49005,"endTime":4.288245756097561,"type":"orange-in-air","id":4},{"time":4.290116000000001,"endTime":4.850566048780488,"type":"orange-on-ground","id":5},{"time":4.851449,"endTime":5.565531292682928,"type":"orange-in-air","id":6},{"time":5.606126999999992,"endTime":6.16549112195122,"type":"orange-on-ground","id":7},{"time":6.1711,"endTime":6.903208390243903,"type":"orange-in-air","id":8},{"time":6.906948,"endTime":7.4853208536585365,"type":"orange-on-ground","id":9},{"time":7.536793,"endTime":8.197958292682927,"type":"orange-in-air","id":10},{"time":8.21105,"endTime":8.766745560975611,"type":"orange-on-ground","id":11},{"time":8.786542,"endTime":9.51274556097561,"type":"orange-in-air","id":12},{"time":9.54338,"endTime":10.088402463414633,"type":"orange-on-ground","id":13},{"time":10.111674,"endTime":10.826039317073171,"type":"orange-in-air","id":14},{"time":10.856565,"endTime":11.36857356097561,"type":"orange-on-ground","id":15},{"time":11.39295,"endTime":12.231553073170733,"type":"orange-in-air","id":16},{"time":12.257915,"endTime":12.796680219512195,"type":"orange-on-ground","id":17},{"time":12.819123,"endTime":13.517124536585367,"type":"orange-in-air","id":18},{"time":13.52834600000001,"endTime":14.081310292682929,"type":"orange-on-ground","id":19},{"time":14.101881,"endTime":14.815843585365855,"type":"orange-in-air","id":20},{"time":14.870814,"endTime":15.370594536585367,"type":"orange-on-ground","id":21},{"time":15.381816,"endTime":16.253629536585365,"type":"orange-in-air","id":22},{"time":16.278445,"endTime":16.801235536585367,"type":"orange-on-ground","id":23},{"time":16.812457,"endTime":17.48805331707317,"type":"orange-in-air","id":24},{"time":17.508626,"endTime":18.1351777804878,"type":"orange-on-ground","id":25},{"time":18.141402,"endTime":18.847793634146342,"type":"orange-in-air","id":26}]