{
    "user_id": "049",
    "session_id": "5a789de3ee2b1975ba835b9c",
    "study": "studyD",
    "workspace": "cane.cane-vid3-dat3",
    "details": {
        "workspace": "cane.cane-vid3-dat3",
        "labels": [
            {
                "time": 38.61988600000093,
                "endTime": 39.72616630192877,
                "type": "ground",
                "id": 1
            },
            {
                "time": 40.270727,
                "endTime": 41.25860900676896,
                "type": "ground",
                "id": 2
            },
            {
                "time": 41.817298,
                "endTime": 42.77558054589118,
                "type": "ground",
                "id": 3
            }
        ],
        "_starts": [
            "2018-02-05T18:09:52.000Z"
        ],
        "_ends": [
            "2018-02-05T18:13:43.109Z"
        ]
    },
    "labels_file": "/home/ubuntu/vat/data/user-studies/studyD/practice-first/049.labels.json",
    "videoFlash": 1.747661,
    "surveys": {
        "user-info": {
            "firstname": "Rebekah",
            "lastname": "Day",
            "email": "rebekahday@gmail.com"
        }
    },
    "logs": {
        "labelEvents": [
            {
                "time": "2018-02-05T18:11:40.820Z",
                "type": "START",
                "source": "side-bar:button",
                "_t": "11:11:40",
                "_end": "-",
                "data": {
                    "type": "ground",
                    "time": 38.619886
                }
            },
            {
                "time": "2018-02-05T18:11:46.274Z",
                "type": "END",
                "source": "data:click:h_pos",
                "_t": "11:11:46",
                "_end": "-",
                "data": {
                    "lbl": {
                        "time": 38.61988600000093,
                        "endTime": 39.72616630192877,
                        "type": "ground",
                        "id": 1
                    }
                }
            },
            {
                "time": "2018-02-05T18:12:08.605Z",
                "type": "SELECT",
                "source": "data:click",
                "_t": "11:12:08",
                "_end": "-",
                "data": {
                    "time": 38.61988600000093,
                    "endTime": 39.72616630192877,
                    "type": "ground",
                    "id": 1
                }
            },
            {
                "time": {
                    "start": "2018-02-05T18:12:09.679Z",
                    "end": "2018-02-05T18:12:13.886Z"
                },
                "type": "RESIZE",
                "source": "data:brush",
                "_t": "11:12:09",
                "_end": "11:12:13",
                "data": {
                    "brushing": true,
                    "origin": [
                        38.619886,
                        38.801182697871454
                    ],
                    "_brushside": 1,
                    "start": "2018-02-05T18:12:09.679Z",
                    "ε": 0.1,
                    "mode": "resize"
                }
            },
            {
                "time": "2018-02-05T18:12:20.168Z",
                "type": "DESELECT",
                "source": "data:click",
                "_t": "11:12:20",
                "_end": "-",
                "data": {
                    "time": 38.619886,
                    "endTime": 39.948162258506066,
                    "type": "ground",
                    "id": 1
                }
            },
            {
                "time": "2018-02-05T18:12:23.358Z",
                "type": "SELECT",
                "source": "data:click",
                "_t": "11:12:23",
                "_end": "-",
                "data": {
                    "time": 38.61988600000093,
                    "endTime": 39.72616630192877,
                    "type": "ground",
                    "id": 1
                }
            },
            {
                "time": {
                    "start": "2018-02-05T18:12:23.989Z",
                    "end": "2018-02-05T18:12:25.632Z"
                },
                "type": "RESIZE",
                "source": "data:brush",
                "_t": "11:12:23",
                "_end": "11:12:25",
                "data": {
                    "brushing": true,
                    "origin": [
                        38.619886,
                        39.948162258506066
                    ],
                    "start": "2018-02-05T18:12:23.989Z",
                    "ε": 0.1,
                    "mode": "resize"
                }
            },
            {
                "time": "2018-02-05T18:12:25.813Z",
                "type": "DESELECT",
                "source": "data:click",
                "_t": "11:12:25",
                "_end": "-",
                "data": {
                    "time": 38.619886,
                    "endTime": 40.022160910698496,
                    "type": "ground",
                    "id": 1
                }
            },
            {
                "time": "2018-02-05T18:12:52.742Z",
                "type": "SELECT",
                "source": "data:click",
                "_t": "11:12:52",
                "_end": "-",
                "data": {
                    "time": 38.61988600000093,
                    "endTime": 39.72616630192877,
                    "type": "ground",
                    "id": 1
                }
            },
            {
                "time": {
                    "start": "2018-02-05T18:12:54.373Z",
                    "end": "2018-02-05T18:12:57.189Z"
                },
                "type": "RESIZE",
                "source": "data:brush",
                "_t": "11:12:54",
                "_end": "11:12:57",
                "data": {
                    "brushing": true,
                    "origin": [
                        38.619886,
                        40.022160910698496
                    ],
                    "_brushside": 1,
                    "start": "2018-02-05T18:12:54.373Z",
                    "ε": 0.1,
                    "mode": "resize"
                }
            },
            {
                "time": "2018-02-05T18:13:00.397Z",
                "type": "DESELECT",
                "source": "side-bar:button",
                "_t": "11:13:00",
                "_end": "-",
                "data": {
                    "time": 38.61988600000093,
                    "endTime": 39.72616630192877,
                    "type": "ground",
                    "id": 1
                }
            },
            {
                "time": "2018-02-05T18:13:11.141Z",
                "type": "START",
                "source": "side-bar:button",
                "_t": "11:13:11",
                "_end": "-",
                "data": {
                    "type": "ground",
                    "time": 40.270727
                }
            },
            {
                "time": "2018-02-05T18:13:18.937Z",
                "type": "END",
                "source": "data:click:h_pos",
                "_t": "11:13:18",
                "_end": "-",
                "data": {
                    "lbl": {
                        "time": 40.270727,
                        "endTime": 41.25860900676896,
                        "type": "ground",
                        "id": 2
                    }
                }
            },
            {
                "time": "2018-02-05T18:13:33.789Z",
                "type": "START",
                "source": "side-bar:button",
                "_t": "11:13:33",
                "_end": "-",
                "data": {
                    "type": "ground",
                    "time": 41.817298
                }
            },
            {
                "time": "2018-02-05T18:13:41.522Z",
                "type": "END",
                "source": "data:click:h_pos",
                "_t": "11:13:41",
                "_end": "-",
                "data": {
                    "lbl": {
                        "time": 41.817298,
                        "endTime": 42.77558054589118,
                        "type": "ground",
                        "id": 3
                    }
                }
            }
        ],
        "navigationEvents": [
            {
                "time": {
                    "start": "2018-02-05T18:09:52.438Z",
                    "end": "2018-02-05T18:10:53.365Z"
                },
                "type": "SCRUB",
                "source": "data:drag",
                "_t": "11:09:52",
                "_end": "11:10:53",
                "data": {
                    "time": 17.362792
                }
            },
            {
                "time": {
                    "start": "2018-02-05T18:09:52.438Z",
                    "end": "2018-02-05T18:10:55.522Z"
                },
                "type": "SCRUB",
                "source": "data:drag",
                "_t": "11:09:52",
                "_end": "11:10:55",
                "data": {
                    "time": 31.70546
                }
            },
            {
                "time": "2018-02-05T18:10:58.947Z",
                "type": "PAUSE",
                "source": "video:button",
                "_t": "11:10:58",
                "_end": "-"
            },
            {
                "time": "2018-02-05T18:11:09.795Z",
                "type": "PLAY",
                "source": "video:button",
                "_t": "11:11:09",
                "_end": "-"
            },
            {
                "time": "2018-02-05T18:11:13.421Z",
                "type": "PAUSE",
                "source": "video:button",
                "_t": "11:11:13",
                "_end": "-"
            },
            {
                "time": "2018-02-05T18:11:15.227Z",
                "type": "PLAY",
                "source": "video:button",
                "_t": "11:11:15",
                "_end": "-"
            },
            {
                "time": "2018-02-05T18:11:18.761Z",
                "type": "PAUSE",
                "source": "video:button",
                "_t": "11:11:18",
                "_end": "-"
            },
            {
                "time": {
                    "start": "2018-02-05T18:09:52.438Z",
                    "end": "2018-02-05T18:11:28.907Z"
                },
                "type": "SCRUB",
                "source": "data:drag",
                "_t": "11:09:52",
                "_end": "11:11:28",
                "data": {
                    "time": 38.616892
                }
            },
            {
                "time": "2018-02-05T18:11:32.540Z",
                "type": "PLAY",
                "source": "video:button",
                "_t": "11:11:32",
                "_end": "-"
            },
            {
                "time": "2018-02-05T18:11:32.691Z",
                "type": "PAUSE",
                "source": "video:button",
                "_t": "11:11:32",
                "_end": "-"
            },
            {
                "time": "2018-02-05T18:11:34.372Z",
                "type": "PLAY",
                "source": "video:button",
                "_t": "11:11:34",
                "_end": "-"
            },
            {
                "time": "2018-02-05T18:11:34.804Z",
                "type": "PAUSE",
                "source": "video:button",
                "_t": "11:11:34",
                "_end": "-"
            },
            {
                "time": {
                    "start": "2018-02-05T18:09:52.438Z",
                    "end": "2018-02-05T18:11:36.059Z"
                },
                "type": "SCRUB",
                "source": "data:drag",
                "_t": "11:09:52",
                "_end": "11:11:36",
                "data": {
                    "time": 39.167477
                }
            },
            {
                "time": {
                    "start": "2018-02-05T18:09:52.438Z",
                    "end": "2018-02-05T18:11:38.955Z"
                },
                "type": "SCRUB",
                "source": "data:drag",
                "_t": "11:09:52",
                "_end": "11:11:38",
                "data": {
                    "time": 38.619886
                }
            },
            {
                "time": {
                    "start": "2018-02-05T18:09:52.438Z",
                    "end": "2018-02-05T18:11:46.271Z"
                },
                "type": "SCRUB",
                "source": "data:drag",
                "_t": "11:09:52",
                "_end": "11:11:46",
                "data": {
                    "time": 38.619886
                }
            },
            {
                "time": "2018-02-05T18:11:48.716Z",
                "type": "PLAY",
                "source": "video:button",
                "_t": "11:11:48",
                "_end": "-"
            },
            {
                "time": "2018-02-05T18:11:49.123Z",
                "type": "PAUSE",
                "source": "video:button",
                "_t": "11:11:49",
                "_end": "-"
            },
            {
                "time": {
                    "start": "2018-02-05T18:09:52.438Z",
                    "end": "2018-02-05T18:11:52.091Z"
                },
                "type": "SCRUB",
                "source": "data:drag",
                "_t": "11:09:52",
                "_end": "11:11:52",
                "data": {
                    "time": 38.614259
                }
            },
            {
                "time": "2018-02-05T18:11:56.795Z",
                "type": "CHANGE-PLAYBACK-RATE",
                "source": "video:menu",
                "_t": "11:11:56",
                "_end": "-",
                "data": {
                    "oldRate": 1,
                    "newRate": 0.25
                }
            },
            {
                "time": "2018-02-05T18:11:58.501Z",
                "type": "PLAY",
                "source": "video:button",
                "_t": "11:11:58",
                "_end": "-"
            },
            {
                "time": "2018-02-05T18:11:59.836Z",
                "type": "PAUSE",
                "source": "video:button",
                "_t": "11:11:59",
                "_end": "-"
            },
            {
                "time": "2018-02-05T18:12:01.500Z",
                "type": "PLAY",
                "source": "video:button",
                "_t": "11:12:01",
                "_end": "-"
            },
            {
                "time": "2018-02-05T18:12:05.749Z",
                "type": "PAUSE",
                "source": "video:button",
                "_t": "11:12:05",
                "_end": "-"
            },
            {
                "time": {
                    "start": "2018-02-05T18:09:52.438Z",
                    "end": "2018-02-05T18:12:08.603Z"
                },
                "type": "SCRUB",
                "source": "data:drag",
                "_t": "11:09:52",
                "_end": "11:12:08",
                "data": {
                    "time": 39.994259
                }
            },
            {
                "time": {
                    "start": "2018-02-05T18:09:52.438Z",
                    "end": "2018-02-05T18:12:13.893Z"
                },
                "type": "SCRUB",
                "source": "data:drag",
                "_t": "11:09:52",
                "_end": "11:12:13",
                "data": {
                    "time": 39.994259
                }
            },
            {
                "time": "2018-02-05T18:12:15.558Z",
                "type": "PLAY",
                "source": "video:button",
                "_t": "11:12:15",
                "_end": "-"
            },
            {
                "time": "2018-02-05T18:12:17.180Z",
                "type": "PAUSE",
                "source": "video:button",
                "_t": "11:12:17",
                "_end": "-"
            },
            {
                "time": {
                    "start": "2018-02-05T18:09:52.438Z",
                    "end": "2018-02-05T18:12:20.167Z"
                },
                "type": "SCRUB",
                "source": "data:drag",
                "_t": "11:09:52",
                "_end": "11:12:20",
                "data": {
                    "time": 40.403926
                }
            },
            {
                "time": {
                    "start": "2018-02-05T18:09:52.438Z",
                    "end": "2018-02-05T18:12:23.356Z"
                },
                "type": "SCRUB",
                "source": "data:drag",
                "_t": "11:09:52",
                "_end": "11:12:23",
                "data": {
                    "time": 40.403926
                }
            },
            {
                "time": {
                    "start": "2018-02-05T18:09:52.438Z",
                    "end": "2018-02-05T18:12:25.637Z"
                },
                "type": "SCRUB",
                "source": "data:drag",
                "_t": "11:09:52",
                "_end": "11:12:25",
                "data": {
                    "time": 40.403926
                }
            },
            {
                "time": {
                    "start": "2018-02-05T18:09:52.438Z",
                    "end": "2018-02-05T18:12:25.811Z"
                },
                "type": "SCRUB",
                "source": "data:drag",
                "_t": "11:09:52",
                "_end": "11:12:25",
                "data": {
                    "time": 40.403926
                }
            },
            {
                "time": {
                    "start": "2018-02-05T18:09:52.438Z",
                    "end": "2018-02-05T18:12:43.916Z"
                },
                "type": "SCRUB",
                "source": "data:drag",
                "_t": "11:09:52",
                "_end": "11:12:43",
                "data": {
                    "time": 39.856335
                }
            },
            {
                "time": {
                    "start": "2018-02-05T18:09:52.438Z",
                    "end": "2018-02-05T18:12:50.196Z"
                },
                "type": "SCRUB",
                "source": "data:drag",
                "_t": "11:09:52",
                "_end": "11:12:50",
                "data": {
                    "time": 39.730537
                }
            },
            {
                "time": {
                    "start": "2018-02-05T18:09:52.438Z",
                    "end": "2018-02-05T18:12:52.740Z"
                },
                "type": "SCRUB",
                "source": "data:drag",
                "_t": "11:09:52",
                "_end": "11:12:52",
                "data": {
                    "time": 39.730537
                }
            },
            {
                "time": {
                    "start": "2018-02-05T18:09:52.438Z",
                    "end": "2018-02-05T18:12:57.197Z"
                },
                "type": "SCRUB",
                "source": "data:drag",
                "_t": "11:09:52",
                "_end": "11:12:57",
                "data": {
                    "time": 39.730537
                }
            },
            {
                "time": {
                    "start": "2018-02-05T18:09:52.438Z",
                    "end": "2018-02-05T18:13:09.940Z"
                },
                "type": "SCRUB",
                "source": "data:drag",
                "_t": "11:09:52",
                "_end": "11:13:09",
                "data": {
                    "time": 40.270727
                }
            },
            {
                "time": {
                    "start": "2018-02-05T18:09:52.438Z",
                    "end": "2018-02-05T18:13:18.936Z"
                },
                "type": "SCRUB",
                "source": "data:drag",
                "_t": "11:09:52",
                "_end": "11:13:18",
                "data": {
                    "time": 40.270727
                }
            },
            {
                "time": {
                    "start": "2018-02-05T18:09:52.438Z",
                    "end": "2018-02-05T18:13:26.181Z"
                },
                "type": "SCRUB",
                "source": "data:drag",
                "_t": "11:09:52",
                "_end": "11:13:26",
                "data": {
                    "time": 40.744318
                }
            },
            {
                "time": {
                    "start": "2018-02-05T18:09:52.438Z",
                    "end": "2018-02-05T18:13:32.084Z"
                },
                "type": "SCRUB",
                "source": "data:drag",
                "_t": "11:09:52",
                "_end": "11:13:32",
                "data": {
                    "time": 41.817298
                }
            },
            {
                "time": {
                    "start": "2018-02-05T18:09:52.438Z",
                    "end": "2018-02-05T18:13:41.520Z"
                },
                "type": "SCRUB",
                "source": "data:drag",
                "_t": "11:09:52",
                "_end": "11:13:41",
                "data": {
                    "time": 41.817298
                }
            }
        ]
    }
}