{
    "user_id": "050",
    "session_id": "5a789e16ee2b1975ba835ba1",
    "study": "studyD",
    "workspace": "cane.cane-vid3-dat3",
    "details": {
        "workspace": "cane.cane-vid3-dat3",
        "labels": [
            {
                "time": 38.742342,
                "endTime": 39.85393000876331,
                "type": "ground",
                "id": 1
            },
            {
                "time": 40.398406,
                "endTime": 41.35538753046683,
                "type": "ground",
                "id": 2
            },
            {
                "time": 41.91559,
                "endTime": 42.87643673914824,
                "type": "ground",
                "id": 3
            }
        ],
        "_starts": [
            "2018-02-05T18:10:41.000Z"
        ],
        "_ends": [
            "2018-02-05T18:14:13.767Z"
        ]
    },
    "labels_file": "/home/ubuntu/vat/data/user-studies/studyD/practice-first/050.labels.json",
    "videoFlash": 1.747661,
    "surveys": {
        "user-info": {
            "firstname": "WingKi",
            "lastname": "Yu",
            "email": "wing.yu.kilds@gmail.com"
        }
    },
    "logs": {
        "labelEvents": [
            {
                "time": "2018-02-05T18:12:01.026Z",
                "type": "START",
                "source": "hotkey",
                "_t": "11:12:01",
                "_end": "-",
                "data": {
                    "type": "ground",
                    "time": 38.681302
                }
            },
            {
                "time": "2018-02-05T18:12:33.409Z",
                "type": "CANCEL",
                "source": "hotkey",
                "_t": "11:12:33",
                "_end": "-",
                "data": {
                    "time": 38.681302,
                    "type": "ground",
                    "editting": false
                }
            },
            {
                "time": "2018-02-05T18:12:36.792Z",
                "type": "START",
                "source": "side-bar:button",
                "_t": "11:12:36",
                "_end": "-",
                "data": {
                    "type": "ground",
                    "time": 38.742342
                }
            },
            {
                "time": "2018-02-05T18:12:48.023Z",
                "type": "END",
                "source": "data:click:h_pos",
                "_t": "11:12:48",
                "_end": "-",
                "data": {
                    "lbl": {
                        "time": 38.742342,
                        "endTime": 39.85393000876331,
                        "type": "ground",
                        "id": 1
                    }
                }
            },
            {
                "time": "2018-02-05T18:12:49.675Z",
                "type": "SELECT",
                "source": "data:click",
                "_t": "11:12:49",
                "_end": "-",
                "data": {
                    "time": 38.742342,
                    "endTime": 39.85393000876331,
                    "type": "ground",
                    "id": 1
                }
            },
            {
                "time": "2018-02-05T18:13:13.218Z",
                "type": "START",
                "source": "hotkey",
                "_t": "11:13:13",
                "_end": "-",
                "data": {
                    "type": "ground",
                    "time": 40.398406
                }
            },
            {
                "time": "2018-02-05T18:13:25.413Z",
                "type": "END",
                "source": "data:click:h_pos",
                "_t": "11:13:25",
                "_end": "-",
                "data": {
                    "lbl": {
                        "time": 40.398406,
                        "endTime": 41.35538753046683,
                        "type": "ground",
                        "id": 2
                    }
                }
            },
            {
                "time": "2018-02-05T18:13:39.588Z",
                "type": "START",
                "source": "hotkey",
                "_t": "11:13:39",
                "_end": "-",
                "data": {
                    "type": "ground",
                    "time": 41.91559
                }
            },
            {
                "time": "2018-02-05T18:13:46.117Z",
                "type": "END",
                "source": "data:click:h_pos",
                "_t": "11:13:46",
                "_end": "-",
                "data": {
                    "lbl": {
                        "time": 41.91559,
                        "endTime": 42.87643673914824,
                        "type": "ground",
                        "id": 3
                    }
                }
            },
            {
                "time": "2018-02-05T18:13:49.494Z",
                "type": "START",
                "source": "hotkey",
                "_t": "11:13:49",
                "_end": "-",
                "data": {
                    "type": "ground",
                    "time": 43.516186
                }
            },
            {
                "time": "2018-02-05T18:14:05.073Z",
                "type": "CANCEL",
                "source": "hotkey",
                "_t": "11:14:05",
                "_end": "-",
                "data": {
                    "time": 43.516186,
                    "type": "ground",
                    "editting": false
                }
            }
        ],
        "navigationEvents": [
            {
                "time": "2018-02-05T18:11:15.945Z",
                "type": "PLAY",
                "source": "video:button",
                "_t": "11:11:15",
                "_end": "-"
            },
            {
                "time": "2018-02-05T18:11:20.016Z",
                "type": "CHANGE-PLAYBACK-RATE",
                "source": "video:menu",
                "_t": "11:11:20",
                "_end": "-",
                "data": {
                    "oldRate": 1,
                    "newRate": 1.5
                }
            },
            {
                "time": "2018-02-05T18:11:32.881Z",
                "type": "CHANGE-PLAYBACK-RATE",
                "source": "video:button",
                "_t": "11:11:32",
                "_end": "-",
                "data": {
                    "oldRate": 1.5,
                    "newRate": 2
                }
            },
            {
                "time": {
                    "start": "2018-02-05T18:11:45.743Z",
                    "end": "2018-02-05T18:11:45.840Z"
                },
                "type": "SCRUB",
                "source": "video:drag",
                "_t": "11:11:45",
                "_end": "11:11:45",
                "data": {
                    "to": 27.178484,
                    "from": 50.491592
                }
            },
            {
                "time": "2018-02-05T18:11:47.488Z",
                "type": "CHANGE-PLAYBACK-RATE",
                "source": "video:menu",
                "_t": "11:11:47",
                "_end": "-",
                "data": {
                    "oldRate": 2,
                    "newRate": 0.5
                }
            },
            {
                "time": {
                    "start": "2018-02-05T18:11:49.090Z",
                    "end": "2018-02-05T18:11:49.174Z"
                },
                "type": "SCRUB",
                "source": "video:drag",
                "_t": "11:11:49",
                "_end": "11:11:49",
                "data": {
                    "to": 33.151777,
                    "from": 30.49384
                }
            },
            {
                "time": {
                    "start": "2018-02-05T18:11:53.155Z",
                    "end": "2018-02-05T18:11:53.252Z"
                },
                "type": "SCRUB",
                "source": "video:drag",
                "_t": "11:11:53",
                "_end": "11:11:53",
                "data": {
                    "to": 38.229076,
                    "from": 35.096005
                }
            },
            {
                "time": {
                    "start": "2018-02-05T18:11:54.791Z",
                    "end": "2018-02-05T18:11:54.842Z"
                },
                "type": "SCRUB",
                "source": "video:drag",
                "_t": "11:11:54",
                "_end": "11:11:54",
                "data": {
                    "to": 37.258416,
                    "from": 38.957712
                }
            },
            {
                "time": "2018-02-05T18:11:56.304Z",
                "type": "PAUSE",
                "source": "video:button",
                "_t": "11:11:56",
                "_end": "-"
            },
            {
                "time": "2018-02-05T18:11:58.761Z",
                "type": "PLAY",
                "source": "video:button",
                "_t": "11:11:58",
                "_end": "-"
            },
            {
                "time": "2018-02-05T18:11:59.547Z",
                "type": "PAUSE",
                "source": "video:button",
                "_t": "11:11:59",
                "_end": "-"
            },
            {
                "time": "2018-02-05T18:12:00.313Z",
                "type": "PLAY",
                "source": "video:button",
                "_t": "11:12:00",
                "_end": "-"
            },
            {
                "time": "2018-02-05T18:12:00.992Z",
                "type": "PAUSE",
                "source": "video:button",
                "_t": "11:12:00",
                "_end": "-"
            },
            {
                "time": "2018-02-05T18:12:06.793Z",
                "type": "PEEK",
                "source": "data:mousemove+shift",
                "_t": "11:12:06",
                "_end": "-",
                "data": {
                    "time": 39.855780608108105
                }
            },
            {
                "time": "2018-02-05T18:12:11.540Z",
                "type": "PLAY",
                "source": "hotkey",
                "_t": "11:12:11",
                "_end": "-",
                "data": {
                    "key": "space"
                }
            },
            {
                "time": "2018-02-05T18:12:14.324Z",
                "type": "PAUSE",
                "source": "hotkey",
                "_t": "11:12:14",
                "_end": "-",
                "data": {
                    "key": "space"
                }
            },
            {
                "time": {
                    "start": "2018-02-05T18:12:25.632Z",
                    "end": "2018-02-05T18:12:25.704Z"
                },
                "type": "SCRUB",
                "source": "video:drag",
                "_t": "11:12:25",
                "_end": "11:12:25",
                "data": {
                    "to": 38.826406,
                    "from": 40.049504
                }
            },
            {
                "time": {
                    "start": "2018-02-05T18:12:27.456Z",
                    "end": "2018-02-05T18:12:27.534Z"
                },
                "type": "SCRUB",
                "source": "video:drag",
                "_t": "11:12:27",
                "_end": "11:12:27",
                "data": {
                    "to": 37.855746,
                    "from": 38.826406
                }
            },
            {
                "time": "2018-02-05T18:12:28.676Z",
                "type": "PLAY",
                "source": "video:button",
                "_t": "11:12:28",
                "_end": "-"
            },
            {
                "time": "2018-02-05T18:12:30.497Z",
                "type": "PAUSE",
                "source": "video:button",
                "_t": "11:12:30",
                "_end": "-"
            },
            {
                "time": {
                    "start": "2018-02-05T18:10:41.104Z",
                    "end": "2018-02-05T18:12:34.609Z"
                },
                "type": "SCRUB",
                "source": "data:drag",
                "_t": "11:10:41",
                "_end": "11:12:34",
                "data": {
                    "time": 38.742342
                }
            },
            {
                "time": "2018-02-05T18:12:38.815Z",
                "type": "PLAY",
                "source": "hotkey",
                "_t": "11:12:38",
                "_end": "-",
                "data": {
                    "key": "space"
                }
            },
            {
                "time": "2018-02-05T18:12:40.113Z",
                "type": "PAUSE",
                "source": "hotkey",
                "_t": "11:12:40",
                "_end": "-",
                "data": {
                    "key": "space"
                }
            },
            {
                "time": "2018-02-05T18:12:41.025Z",
                "type": "PLAY",
                "source": "hotkey",
                "_t": "11:12:41",
                "_end": "-",
                "data": {
                    "key": "space"
                }
            },
            {
                "time": "2018-02-05T18:12:41.682Z",
                "type": "PAUSE",
                "source": "hotkey",
                "_t": "11:12:41",
                "_end": "-",
                "data": {
                    "key": "space"
                }
            },
            {
                "time": "2018-02-05T18:12:42.465Z",
                "type": "PLAY",
                "source": "hotkey",
                "_t": "11:12:42",
                "_end": "-",
                "data": {
                    "key": "space"
                }
            },
            {
                "time": "2018-02-05T18:12:43.002Z",
                "type": "PAUSE",
                "source": "hotkey",
                "_t": "11:12:43",
                "_end": "-",
                "data": {
                    "key": "space"
                }
            },
            {
                "time": {
                    "start": "2018-02-05T18:10:41.104Z",
                    "end": "2018-02-05T18:12:48.020Z"
                },
                "type": "SCRUB",
                "source": "data:drag",
                "_t": "11:10:41",
                "_end": "11:12:48",
                "data": {
                    "time": 40.011132
                }
            },
            {
                "time": {
                    "start": "2018-02-05T18:10:41.104Z",
                    "end": "2018-02-05T18:12:49.673Z"
                },
                "type": "SCRUB",
                "source": "data:drag",
                "_t": "11:10:41",
                "_end": "11:12:49",
                "data": {
                    "time": 40.011132
                }
            },
            {
                "time": {
                    "start": "2018-02-05T18:12:52.220Z",
                    "end": "2018-02-05T18:12:53.600Z"
                },
                "type": "SCRUB",
                "source": "video:drag",
                "_t": "11:12:52",
                "_end": "11:12:53",
                "data": {
                    "to": 38.975738,
                    "from": 40.011132
                }
            },
            {
                "time": "2018-02-05T18:12:54.144Z",
                "type": "PLAY",
                "source": "video:button",
                "_t": "11:12:54",
                "_end": "-"
            },
            {
                "time": "2018-02-05T18:12:55.856Z",
                "type": "PAUSE",
                "source": "video:button",
                "_t": "11:12:55",
                "_end": "-"
            },
            {
                "time": "2018-02-05T18:12:57.489Z",
                "type": "PLAY",
                "source": "video:button",
                "_t": "11:12:57",
                "_end": "-"
            },
            {
                "time": "2018-02-05T18:12:57.824Z",
                "type": "PAUSE",
                "source": "video:button",
                "_t": "11:12:57",
                "_end": "-"
            },
            {
                "time": "2018-02-05T18:12:59.025Z",
                "type": "PLAY",
                "source": "video:button",
                "_t": "11:12:59",
                "_end": "-"
            },
            {
                "time": "2018-02-05T18:12:59.913Z",
                "type": "PAUSE",
                "source": "video:button",
                "_t": "11:12:59",
                "_end": "-"
            },
            {
                "time": "2018-02-05T18:13:05.650Z",
                "type": "SKIP",
                "source": "hotkey",
                "_t": "11:13:05",
                "_end": "-",
                "data": {
                    "t": 40.432357,
                    "Δt": -1,
                    "key": "left"
                }
            },
            {
                "time": "2018-02-05T18:13:06.369Z",
                "type": "PLAY",
                "source": "video:button",
                "_t": "11:13:06",
                "_end": "-"
            },
            {
                "time": "2018-02-05T18:13:08.154Z",
                "type": "PAUSE",
                "source": "video:button",
                "_t": "11:13:08",
                "_end": "-"
            },
            {
                "time": "2018-02-05T18:13:11.984Z",
                "type": "CHANGE-PLAYBACK-RATE",
                "source": "video:menu",
                "_t": "11:13:11",
                "_end": "-",
                "data": {
                    "oldRate": 0.5,
                    "newRate": 0.25
                }
            },
            {
                "time": "2018-02-05T18:13:12.865Z",
                "type": "PLAY",
                "source": "video:button",
                "_t": "11:13:12",
                "_end": "-"
            },
            {
                "time": "2018-02-05T18:13:17.305Z",
                "type": "PAUSE",
                "source": "video:button",
                "_t": "11:13:17",
                "_end": "-"
            },
            {
                "time": {
                    "start": "2018-02-05T18:10:41.104Z",
                    "end": "2018-02-05T18:13:25.413Z"
                },
                "type": "SCRUB",
                "source": "data:drag",
                "_t": "11:10:41",
                "_end": "11:13:25",
                "data": {
                    "time": 41.41945
                }
            },
            {
                "time": "2018-02-05T18:13:28.545Z",
                "type": "PLAY",
                "source": "hotkey",
                "_t": "11:13:28",
                "_end": "-",
                "data": {
                    "key": "space"
                }
            },
            {
                "time": "2018-02-05T18:13:30.658Z",
                "type": "PAUSE",
                "source": "hotkey",
                "_t": "11:13:30",
                "_end": "-",
                "data": {
                    "key": "space"
                }
            },
            {
                "time": {
                    "start": "2018-02-05T18:10:41.104Z",
                    "end": "2018-02-05T18:13:32.937Z"
                },
                "type": "SCRUB",
                "source": "data:drag",
                "_t": "11:10:41",
                "_end": "11:13:32",
                "data": {
                    "time": 41.958709
                }
            },
            {
                "time": {
                    "start": "2018-02-05T18:10:41.104Z",
                    "end": "2018-02-05T18:13:33.705Z"
                },
                "type": "SCRUB",
                "source": "data:drag",
                "_t": "11:10:41",
                "_end": "11:13:33",
                "data": {
                    "time": 41.958709
                }
            },
            {
                "time": {
                    "start": "2018-02-05T18:13:35.476Z",
                    "end": "2018-02-05T18:13:35.551Z"
                },
                "type": "SCRUB",
                "source": "video:drag",
                "_t": "11:13:35",
                "_end": "11:13:35",
                "data": {
                    "to": 41.066391,
                    "from": 41.958709
                }
            },
            {
                "time": "2018-02-05T18:13:36.113Z",
                "type": "PLAY",
                "source": "hotkey",
                "_t": "11:13:36",
                "_end": "-",
                "data": {
                    "key": "space"
                }
            },
            {
                "time": "2018-02-05T18:13:43.577Z",
                "type": "PAUSE",
                "source": "video:button",
                "_t": "11:13:43",
                "_end": "-"
            },
            {
                "time": {
                    "start": "2018-02-05T18:10:41.104Z",
                    "end": "2018-02-05T18:13:46.115Z"
                },
                "type": "SCRUB",
                "source": "data:drag",
                "_t": "11:10:41",
                "_end": "11:13:46",
                "data": {
                    "time": 42.912027
                }
            },
            {
                "time": "2018-02-05T18:13:47.106Z",
                "type": "PLAY",
                "source": "hotkey",
                "_t": "11:13:47",
                "_end": "-",
                "data": {
                    "key": "space"
                }
            },
            {
                "time": "2018-02-05T18:13:53.306Z",
                "type": "PAUSE",
                "source": "video:button",
                "_t": "11:13:53",
                "_end": "-"
            },
            {
                "time": "2018-02-05T18:13:53.427Z",
                "type": "PLAY",
                "source": "hotkey",
                "_t": "11:13:53",
                "_end": "-",
                "data": {
                    "key": "space"
                }
            },
            {
                "time": {
                    "start": "2018-02-05T18:10:41.104Z",
                    "end": "2018-02-05T18:13:54.524Z"
                },
                "type": "SCRUB",
                "source": "data:drag",
                "_t": "11:10:41",
                "_end": "11:13:54",
                "data": {
                    "time": 44.620376
                }
            },
            {
                "time": "2018-02-05T18:13:56.609Z",
                "type": "PAUSE",
                "source": "video:button",
                "_t": "11:13:56",
                "_end": "-"
            },
            {
                "time": {
                    "start": "2018-02-05T18:13:58.572Z",
                    "end": "2018-02-05T18:13:58.657Z"
                },
                "type": "SCRUB",
                "source": "video:drag",
                "_t": "11:13:58",
                "_end": "11:13:58",
                "data": {
                    "to": 42.63438,
                    "from": 45.115433
                }
            },
            {
                "time": "2018-02-05T18:14:00.114Z",
                "type": "PLAY",
                "source": "hotkey",
                "_t": "11:14:00",
                "_end": "-",
                "data": {
                    "key": "space"
                }
            },
            {
                "time": "2018-02-05T18:14:06.818Z",
                "type": "PAUSE",
                "source": "video:button",
                "_t": "11:14:06",
                "_end": "-"
            },
            {
                "time": {
                    "start": "2018-02-05T18:14:07.253Z",
                    "end": "2018-02-05T18:14:07.328Z"
                },
                "type": "SCRUB",
                "source": "video:drag",
                "_t": "11:14:07",
                "_end": "11:14:07",
                "data": {
                    "to": 41.215723,
                    "from": 44.287882
                }
            },
            {
                "time": "2018-02-05T18:14:08.314Z",
                "type": "PLAY",
                "source": "video:button",
                "_t": "11:14:08",
                "_end": "-"
            },
            {
                "time": "2018-02-05T18:14:11.500Z",
                "type": "PAUSE",
                "source": "video:button",
                "_t": "11:14:11",
                "_end": "-"
            }
        ]
    }
}