{
    "user_id": "051",
    "session_id": "5a789defee2b1975ba835b9e",
    "study": "studyD",
    "workspace": "cane.cane-vid3-dat3",
    "details": {
        "workspace": "cane.cane-vid3-dat3",
        "labels": [
            {
                "time": 38.677073,
                "endTime": 39.892419644227644,
                "type": "ground",
                "id": 1
            },
            {
                "time": 40.324087,
                "endTime": 41.348652484959345,
                "type": "ground",
                "id": 2
            },
            {
                "time": 41.892732,
                "endTime": 42.931429422682946,
                "type": "ground",
                "id": 3
            }
        ],
        "_starts": [
            "2018-02-05T18:10:20.000Z"
        ],
        "_ends": [
            "2018-02-05T18:13:51.704Z"
        ]
    },
    "labels_file": "/home/ubuntu/vat/data/user-studies/studyD/practice-first/051.labels.json",
    "videoFlash": 1.747661,
    "surveys": {
        "user-info": {
            "firstname": "Cameron",
            "lastname": "McQuinn",
            "email": "cameron.mcquinn@gmail.com"
        }
    },
    "logs": {
        "labelEvents": [
            {
                "time": "2018-02-05T18:12:09.424Z",
                "type": "START",
                "source": "side-bar:button",
                "_t": "11:12:09",
                "_end": "-",
                "data": {
                    "type": "ground",
                    "time": 38.677073
                }
            },
            {
                "time": "2018-02-05T18:12:16.556Z",
                "type": "END",
                "source": "data:click:h_pos",
                "_t": "11:12:16",
                "_end": "-",
                "data": {
                    "lbl": {
                        "time": 38.677073,
                        "endTime": 39.892419644227644,
                        "type": "ground",
                        "id": 1
                    }
                }
            },
            {
                "time": "2018-02-05T18:12:35.369Z",
                "type": "SELECT",
                "source": "data:click",
                "_t": "11:12:35",
                "_end": "-",
                "data": {
                    "time": 38.677073,
                    "endTime": 39.892419644227644,
                    "type": "ground",
                    "id": 1
                }
            },
            {
                "time": {
                    "start": "2018-02-05T18:12:38.867Z",
                    "end": "2018-02-05T18:12:43.354Z"
                },
                "type": "RESIZE",
                "source": "data:brush",
                "_t": "11:12:38",
                "_end": "11:12:43",
                "data": {
                    "brushing": true,
                    "origin": [
                        38.677073,
                        40.31637777593496
                    ],
                    "_brushside": 1,
                    "start": "2018-02-05T18:12:38.867Z",
                    "ε": 0.1,
                    "mode": "resize"
                }
            },
            {
                "time": "2018-02-05T18:13:12.513Z",
                "type": "DESELECT",
                "source": "data:click",
                "_t": "11:13:12",
                "_end": "-",
                "data": {
                    "time": 38.677073,
                    "endTime": 39.892419644227644,
                    "type": "ground",
                    "id": 1
                }
            },
            {
                "time": "2018-02-05T18:13:22.993Z",
                "type": "START",
                "source": "side-bar:button",
                "_t": "11:13:22",
                "_end": "-",
                "data": {
                    "type": "ground",
                    "time": 40.324087
                }
            },
            {
                "time": "2018-02-05T18:13:29.209Z",
                "type": "END",
                "source": "data:click:h_pos",
                "_t": "11:13:29",
                "_end": "-",
                "data": {
                    "lbl": {
                        "time": 40.324087,
                        "endTime": 41.348652484959345,
                        "type": "ground",
                        "id": 2
                    }
                }
            },
            {
                "time": "2018-02-05T18:13:44.530Z",
                "type": "START",
                "source": "side-bar:button",
                "_t": "11:13:44",
                "_end": "-",
                "data": {
                    "type": "ground",
                    "time": 41.892732
                }
            },
            {
                "time": "2018-02-05T18:13:47.727Z",
                "type": "END",
                "source": "data:click:h_pos",
                "_t": "11:13:47",
                "_end": "-",
                "data": {
                    "lbl": {
                        "time": 41.892732,
                        "endTime": 42.931429422682946,
                        "type": "ground",
                        "id": 3
                    }
                }
            }
        ],
        "navigationEvents": [
            {
                "time": "2018-02-05T18:11:34.808Z",
                "type": "PAUSE",
                "source": "video:button",
                "_t": "11:11:34",
                "_end": "-"
            },
            {
                "time": "2018-02-05T18:11:43.850Z",
                "type": "SKIP",
                "source": "hotkey",
                "_t": "11:11:43",
                "_end": "-",
                "data": {
                    "t": 40.997327,
                    "Δt": -1,
                    "key": "left"
                }
            },
            {
                "time": "2018-02-05T18:11:45.209Z",
                "type": "SKIP",
                "source": "hotkey",
                "_t": "11:11:45",
                "_end": "-",
                "data": {
                    "t": 39.997327,
                    "Δt": -1,
                    "key": "left"
                }
            },
            {
                "time": "2018-02-05T18:11:45.608Z",
                "type": "SKIP",
                "source": "hotkey",
                "_t": "11:11:45",
                "_end": "-",
                "data": {
                    "t": 38.997327,
                    "Δt": -1,
                    "key": "left"
                }
            },
            {
                "time": "2018-02-05T18:11:46.280Z",
                "type": "SKIP",
                "source": "hotkey",
                "_t": "11:11:46",
                "_end": "-",
                "data": {
                    "t": 37.997327,
                    "Δt": -1,
                    "key": "left"
                }
            },
            {
                "time": "2018-02-05T18:11:46.855Z",
                "type": "SKIP",
                "source": "hotkey",
                "_t": "11:11:46",
                "_end": "-",
                "data": {
                    "t": 36.997327,
                    "Δt": -1,
                    "key": "left"
                }
            },
            {
                "time": "2018-02-05T18:11:47.480Z",
                "type": "SKIP",
                "source": "hotkey",
                "_t": "11:11:47",
                "_end": "-",
                "data": {
                    "t": 35.997327,
                    "Δt": 1,
                    "key": "right"
                }
            },
            {
                "time": "2018-02-05T18:11:48.120Z",
                "type": "SKIP",
                "source": "hotkey",
                "_t": "11:11:48",
                "_end": "-",
                "data": {
                    "t": 36.997327,
                    "Δt": 1,
                    "key": "right"
                }
            },
            {
                "time": "2018-02-05T18:11:51.608Z",
                "type": "SKIP",
                "source": "hotkey",
                "_t": "11:11:51",
                "_end": "-",
                "data": {
                    "t": 37.997327,
                    "Δt": 1,
                    "key": "right"
                }
            },
            {
                "time": {
                    "start": "2018-02-05T18:11:56.659Z",
                    "end": "2018-02-05T18:11:58.192Z"
                },
                "type": "SCRUB",
                "source": "video:drag",
                "_t": "11:11:56",
                "_end": "11:11:58",
                "data": {
                    "to": 38.229076,
                    "from": 38.997327
                }
            },
            {
                "time": "2018-02-05T18:12:01.640Z",
                "type": "PLAY",
                "source": "video:button",
                "_t": "11:12:01",
                "_end": "-"
            },
            {
                "time": "2018-02-05T18:12:02.687Z",
                "type": "PAUSE",
                "source": "video:button",
                "_t": "11:12:02",
                "_end": "-"
            },
            {
                "time": {
                    "start": "2018-02-05T18:12:04.795Z",
                    "end": "2018-02-05T18:12:07.439Z"
                },
                "type": "SCRUB",
                "source": "video:drag",
                "_t": "11:12:04",
                "_end": "11:12:07",
                "data": {
                    "to": 38.677073,
                    "from": 39.238466
                }
            },
            {
                "time": {
                    "start": "2018-02-05T18:10:20.836Z",
                    "end": "2018-02-05T18:12:16.555Z"
                },
                "type": "SCRUB",
                "source": "data:drag",
                "_t": "11:10:20",
                "_end": "11:12:16",
                "data": {
                    "time": 38.677073
                }
            },
            {
                "time": "2018-02-05T18:12:18.272Z",
                "type": "PLAY",
                "source": "video:button",
                "_t": "11:12:18",
                "_end": "-"
            },
            {
                "time": "2018-02-05T18:12:20.512Z",
                "type": "PAUSE",
                "source": "video:button",
                "_t": "11:12:20",
                "_end": "-"
            },
            {
                "time": {
                    "start": "2018-02-05T18:12:22.267Z",
                    "end": "2018-02-05T18:12:31.712Z"
                },
                "type": "SCRUB",
                "source": "video:drag",
                "_t": "11:12:22",
                "_end": "11:12:31",
                "data": {
                    "to": 39.797066,
                    "from": 40.872659
                }
            },
            {
                "time": {
                    "start": "2018-02-05T18:10:20.836Z",
                    "end": "2018-02-05T18:12:34.831Z"
                },
                "type": "SCRUB",
                "source": "data:drag",
                "_t": "11:10:20",
                "_end": "11:12:34",
                "data": {
                    "time": 39.973715
                }
            },
            {
                "time": {
                    "start": "2018-02-05T18:10:20.836Z",
                    "end": "2018-02-05T18:12:35.367Z"
                },
                "type": "SCRUB",
                "source": "data:drag",
                "_t": "11:10:20",
                "_end": "11:12:35",
                "data": {
                    "time": 39.973715
                }
            },
            {
                "time": {
                    "start": "2018-02-05T18:10:20.836Z",
                    "end": "2018-02-05T18:12:43.362Z"
                },
                "type": "SCRUB",
                "source": "data:drag",
                "_t": "11:10:20",
                "_end": "11:12:43",
                "data": {
                    "time": 39.973715
                }
            },
            {
                "time": "2018-02-05T18:12:46.873Z",
                "type": "SKIP",
                "source": "hotkey",
                "_t": "11:12:46",
                "_end": "-",
                "data": {
                    "t": 39.973715,
                    "Δt": -1,
                    "key": "left"
                }
            },
            {
                "time": "2018-02-05T18:12:49.488Z",
                "type": "PLAY",
                "source": "video:button",
                "_t": "11:12:49",
                "_end": "-"
            },
            {
                "time": "2018-02-05T18:12:50.713Z",
                "type": "PAUSE",
                "source": "video:button",
                "_t": "11:12:50",
                "_end": "-"
            },
            {
                "time": {
                    "start": "2018-02-05T18:12:52.924Z",
                    "end": "2018-02-05T18:12:53.479Z"
                },
                "type": "SCRUB",
                "source": "video:drag",
                "_t": "11:12:52",
                "_end": "11:12:53",
                "data": {
                    "to": 38.975738,
                    "from": 40.154237
                }
            },
            {
                "time": "2018-02-05T18:13:00.673Z",
                "type": "PLAY",
                "source": "video:button",
                "_t": "11:13:00",
                "_end": "-"
            },
            {
                "time": "2018-02-05T18:13:01.600Z",
                "type": "PAUSE",
                "source": "video:button",
                "_t": "11:13:01",
                "_end": "-"
            },
            {
                "time": "2018-02-05T18:13:02.816Z",
                "type": "PLAY",
                "source": "video:button",
                "_t": "11:13:02",
                "_end": "-"
            },
            {
                "time": "2018-02-05T18:13:03.210Z",
                "type": "PAUSE",
                "source": "video:button",
                "_t": "11:13:03",
                "_end": "-"
            },
            {
                "time": "2018-02-05T18:13:08.193Z",
                "type": "PLAY",
                "source": "video:button",
                "_t": "11:13:08",
                "_end": "-"
            },
            {
                "time": "2018-02-05T18:13:08.656Z",
                "type": "PAUSE",
                "source": "video:button",
                "_t": "11:13:08",
                "_end": "-"
            },
            {
                "time": {
                    "start": "2018-02-05T18:10:20.836Z",
                    "end": "2018-02-05T18:13:12.512Z"
                },
                "type": "SCRUB",
                "source": "data:drag",
                "_t": "11:10:20",
                "_end": "11:13:12",
                "data": {
                    "time": 40.70565
                }
            },
            {
                "time": {
                    "start": "2018-02-05T18:10:20.836Z",
                    "end": "2018-02-05T18:13:13.295Z"
                },
                "type": "SCRUB",
                "source": "data:drag",
                "_t": "11:10:20",
                "_end": "11:13:13",
                "data": {
                    "time": 40.70565
                }
            },
            {
                "time": {
                    "start": "2018-02-05T18:10:20.836Z",
                    "end": "2018-02-05T18:13:19.201Z"
                },
                "type": "SCRUB",
                "source": "data:drag",
                "_t": "11:10:20",
                "_end": "11:13:19",
                "data": {
                    "time": 40.324087
                }
            },
            {
                "time": {
                    "start": "2018-02-05T18:10:20.836Z",
                    "end": "2018-02-05T18:13:29.208Z"
                },
                "type": "SCRUB",
                "source": "data:drag",
                "_t": "11:10:20",
                "_end": "11:13:29",
                "data": {
                    "time": 40.324087
                }
            },
            {
                "time": {
                    "start": "2018-02-05T18:10:20.836Z",
                    "end": "2018-02-05T18:13:43.201Z"
                },
                "type": "SCRUB",
                "source": "data:drag",
                "_t": "11:10:20",
                "_end": "11:13:43",
                "data": {
                    "time": 41.892732
                }
            },
            {
                "time": {
                    "start": "2018-02-05T18:10:20.836Z",
                    "end": "2018-02-05T18:13:47.724Z"
                },
                "type": "SCRUB",
                "source": "data:drag",
                "_t": "11:10:20",
                "_end": "11:13:47",
                "data": {
                    "time": 41.892732
                }
            }
        ]
    }
}