{
    "user_id": "056",
    "session_id": "5a78ba3dee2b1975ba835bd5",
    "study": "studyD",
    "workspace": "cane.cane-vid3-dat3",
    "details": {
        "workspace": "cane.cane-vid3-dat3",
        "labels": [
            {
                "time": 38.673704,
                "endTime": 39.779591,
                "type": "ground",
                "id": 1
            },
            {
                "time": 40.538116,
                "endTime": 41.169039,
                "type": "ground",
                "id": 2
            },
            {
                "time": 41.169039,
                "endTime": 41.169039,
                "type": "ground",
                "id": 4
            },
            {
                "time": 42.040987,
                "endTime": 42.863313,
                "type": "ground",
                "id": 5
            },
            {
                "time": 43.713995,
                "endTime": 44.4937870225938,
                "type": "ground",
                "id": 6
            },
            {
                "time": 45.202688,
                "endTime": 46.2305959548124,
                "type": "ground",
                "id": 7
            },
            {
                "time": 46.811895,
                "endTime": 47.683844,
                "type": "ground",
                "id": 8
            }
        ],
        "_starts": [
            "2018-02-05T20:10:51.000Z"
        ],
        "_ends": [
            "2018-02-05T20:14:15.448Z"
        ]
    },
    "labels_file": "/home/ubuntu/vat/data/user-studies/studyD/practice-first/056.labels.json",
    "videoFlash": 1.747661,
    "surveys": {
        "user-info": {
            "firstname": "Justin",
            "lastname": "Egbert",
            "email": "Jegber@gmail.com"
        }
    },
    "logs": {
        "labelEvents": [
            {
                "time": "2018-02-05T20:11:59.682Z",
                "type": "START",
                "source": "side-bar:button",
                "_t": "13:11:59",
                "_end": "-",
                "data": {
                    "type": "ground",
                    "time": 38.673704
                }
            },
            {
                "time": "2018-02-05T20:12:22.710Z",
                "type": "END",
                "source": "hotkey:ctb",
                "_t": "13:12:22",
                "_end": "-",
                "data": {
                    "lbl": {
                        "time": 38.673704,
                        "endTime": 39.779591,
                        "type": "ground",
                        "id": 1
                    },
                    "key": "enter"
                }
            },
            {
                "time": "2018-02-05T20:12:29.377Z",
                "type": "START",
                "source": "hotkey",
                "_t": "13:12:29",
                "_end": "-",
                "data": {
                    "type": "ground",
                    "time": 40.538116
                }
            },
            {
                "time": "2018-02-05T20:12:33.809Z",
                "type": "START",
                "source": "hotkey",
                "_t": "13:12:33",
                "_end": "-",
                "data": {
                    "type": "ground",
                    "time": 41.169039
                }
            },
            {
                "time": "2018-02-05T20:12:36.241Z",
                "type": "START",
                "source": "hotkey",
                "_t": "13:12:36",
                "_end": "-",
                "data": {
                    "type": "ground",
                    "time": 42.204036
                }
            },
            {
                "time": "2018-02-05T20:12:46.898Z",
                "type": "END",
                "source": "data:click:h_pos",
                "_t": "13:12:46",
                "_end": "-",
                "data": {
                    "lbl": {
                        "time": 41.169039,
                        "endTime": 41.169039,
                        "type": "ground",
                        "id": 4
                    }
                }
            },
            {
                "time": "2018-02-05T20:12:46.898Z",
                "type": "SELECT",
                "source": "data:click",
                "_t": "13:12:46",
                "_end": "-",
                "data": {
                    "time": 41.169039,
                    "endTime": 42.204036,
                    "type": "ground",
                    "id": 3
                }
            },
            {
                "time": "2018-02-05T20:12:48.680Z",
                "type": "DELETE",
                "source": "side-bar:button",
                "_t": "13:12:48",
                "_end": "-",
                "data": {
                    "id": 3,
                    "idx": 2
                }
            },
            {
                "time": "2018-02-05T20:12:54.387Z",
                "type": "START",
                "source": "hotkey",
                "_t": "13:12:54",
                "_end": "-",
                "data": {
                    "type": "ground",
                    "time": 42.126056
                }
            },
            {
                "time": "2018-02-05T20:12:57.794Z",
                "type": "END",
                "source": "hotkey:h_pos",
                "_t": "13:12:57",
                "_end": "-",
                "data": {
                    "lbl": {
                        "time": 42.126056,
                        "endTime": 44.245673513784325,
                        "type": "ground",
                        "id": 5
                    },
                    "key": "enter"
                }
            },
            {
                "time": "2018-02-05T20:13:06.386Z",
                "type": "SELECT",
                "source": "data:click",
                "_t": "13:13:06",
                "_end": "-",
                "data": {
                    "time": 42.126056,
                    "endTime": 44.245673513784325,
                    "type": "ground",
                    "id": 5
                }
            },
            {
                "time": "2018-02-05T20:13:07.874Z",
                "type": "DELETE",
                "source": "side-bar:button",
                "_t": "13:13:07",
                "_end": "-",
                "data": {
                    "id": 5,
                    "idx": 3
                }
            },
            {
                "time": "2018-02-05T20:13:14.507Z",
                "type": "START",
                "source": "side-bar:button",
                "_t": "13:13:14",
                "_end": "-",
                "data": {
                    "type": "ground",
                    "time": 42.040987
                }
            },
            {
                "time": "2018-02-05T20:13:37.893Z",
                "type": "END",
                "source": "data:click:h_pos",
                "_t": "13:13:37",
                "_end": "-",
                "data": {
                    "lbl": {
                        "time": 42.040987,
                        "endTime": 42.863313,
                        "type": "ground",
                        "id": 5
                    }
                }
            },
            {
                "time": "2018-02-05T20:13:42.052Z",
                "type": "START",
                "source": "hotkey",
                "_t": "13:13:42",
                "_end": "-",
                "data": {
                    "type": "ground",
                    "time": 43.713995
                }
            },
            {
                "time": "2018-02-05T20:13:46.764Z",
                "type": "END",
                "source": "data:click:h_pos",
                "_t": "13:13:46",
                "_end": "-",
                "data": {
                    "lbl": {
                        "time": 43.713995,
                        "endTime": 44.4937870225938,
                        "type": "ground",
                        "id": 6
                    }
                }
            },
            {
                "time": "2018-02-05T20:13:57.463Z",
                "type": "START",
                "source": "hotkey",
                "_t": "13:13:57",
                "_end": "-",
                "data": {
                    "type": "ground",
                    "time": 45.202688
                }
            },
            {
                "time": "2018-02-05T20:14:02.614Z",
                "type": "END",
                "source": "data:click:h_pos",
                "_t": "13:14:02",
                "_end": "-",
                "data": {
                    "lbl": {
                        "time": 45.202688,
                        "endTime": 46.2305959548124,
                        "type": "ground",
                        "id": 7
                    }
                }
            },
            {
                "time": "2018-02-05T20:14:06.869Z",
                "type": "START",
                "source": "hotkey",
                "_t": "13:14:06",
                "_end": "-",
                "data": {
                    "type": "ground",
                    "time": 46.811895
                }
            },
            {
                "time": "2018-02-05T20:14:14.087Z",
                "type": "END",
                "source": "data:click:h_pos",
                "_t": "13:14:14",
                "_end": "-",
                "data": {
                    "lbl": {
                        "time": 46.811895,
                        "endTime": 47.683844,
                        "type": "ground",
                        "id": 8
                    }
                }
            }
        ],
        "navigationEvents": [
            {
                "time": {
                    "start": "2018-02-05T20:10:51.305Z",
                    "end": "2018-02-05T20:11:25.401Z"
                },
                "type": "SCRUB",
                "source": "data:drag",
                "_t": "13:10:51",
                "_end": "13:11:25",
                "data": {
                    "time": 14.902287
                }
            },
            {
                "time": {
                    "start": "2018-02-05T20:10:51.305Z",
                    "end": "2018-02-05T20:11:26.225Z"
                },
                "type": "SCRUB",
                "source": "data:drag",
                "_t": "13:10:51",
                "_end": "13:11:26",
                "data": {
                    "time": 14.991913
                }
            },
            {
                "time": {
                    "start": "2018-02-05T20:10:51.305Z",
                    "end": "2018-02-05T20:11:26.986Z"
                },
                "type": "SCRUB",
                "source": "data:drag",
                "_t": "13:10:51",
                "_end": "13:11:26",
                "data": {
                    "time": 22.959974
                }
            },
            {
                "time": {
                    "start": "2018-02-05T20:10:51.305Z",
                    "end": "2018-02-05T20:11:28.213Z"
                },
                "type": "SCRUB",
                "source": "data:drag",
                "_t": "13:10:51",
                "_end": "13:11:28",
                "data": {
                    "time": 34.219975
                }
            },
            {
                "time": {
                    "start": "2018-02-05T20:10:51.305Z",
                    "end": "2018-02-05T20:11:29.346Z"
                },
                "type": "SCRUB",
                "source": "data:drag",
                "_t": "13:10:51",
                "_end": "13:11:29",
                "data": {
                    "time": 34.992818
                }
            },
            {
                "time": {
                    "start": "2018-02-05T20:10:51.305Z",
                    "end": "2018-02-05T20:11:30.953Z"
                },
                "type": "SCRUB",
                "source": "data:drag",
                "_t": "13:10:51",
                "_end": "13:11:30",
                "data": {
                    "time": 34.934585
                }
            },
            {
                "time": {
                    "start": "2018-02-05T20:10:51.305Z",
                    "end": "2018-02-05T20:11:32.347Z"
                },
                "type": "SCRUB",
                "source": "data:drag",
                "_t": "13:10:51",
                "_end": "13:11:32",
                "data": {
                    "time": 39.976555
                }
            },
            {
                "time": {
                    "start": "2018-02-05T20:10:51.305Z",
                    "end": "2018-02-05T20:11:33.299Z"
                },
                "type": "SCRUB",
                "source": "data:drag",
                "_t": "13:10:51",
                "_end": "13:11:33",
                "data": {
                    "time": 43.122115
                }
            },
            {
                "time": {
                    "start": "2018-02-05T20:10:51.305Z",
                    "end": "2018-02-05T20:11:34.115Z"
                },
                "type": "SCRUB",
                "source": "data:drag",
                "_t": "13:10:51",
                "_end": "13:11:34",
                "data": {
                    "time": 46.625209
                }
            },
            {
                "time": {
                    "start": "2018-02-05T20:10:51.305Z",
                    "end": "2018-02-05T20:11:35.051Z"
                },
                "type": "SCRUB",
                "source": "data:drag",
                "_t": "13:10:51",
                "_end": "13:11:35",
                "data": {
                    "time": 43.636185
                }
            },
            {
                "time": {
                    "start": "2018-02-05T20:10:51.305Z",
                    "end": "2018-02-05T20:11:36.054Z"
                },
                "type": "SCRUB",
                "source": "data:drag",
                "_t": "13:10:51",
                "_end": "13:11:36",
                "data": {
                    "time": 39.082092
                }
            },
            {
                "time": {
                    "start": "2018-02-05T20:10:51.305Z",
                    "end": "2018-02-05T20:11:37.433Z"
                },
                "type": "SCRUB",
                "source": "data:drag",
                "_t": "13:10:51",
                "_end": "13:11:37",
                "data": {
                    "time": 34.019248
                }
            },
            {
                "time": {
                    "start": "2018-02-05T20:10:51.305Z",
                    "end": "2018-02-05T20:11:47.777Z"
                },
                "type": "SCRUB",
                "source": "data:drag",
                "_t": "13:10:51",
                "_end": "13:11:47",
                "data": {
                    "time": 35.315376
                }
            },
            {
                "time": {
                    "start": "2018-02-05T20:10:51.305Z",
                    "end": "2018-02-05T20:11:52.273Z"
                },
                "type": "SCRUB",
                "source": "data:drag",
                "_t": "13:10:51",
                "_end": "13:11:52",
                "data": {
                    "time": 38.321813
                }
            },
            {
                "time": {
                    "start": "2018-02-05T20:10:51.305Z",
                    "end": "2018-02-05T20:11:53.552Z"
                },
                "type": "SCRUB",
                "source": "data:drag",
                "_t": "13:10:51",
                "_end": "13:11:53",
                "data": {
                    "time": 38.704878
                }
            },
            {
                "time": "2018-02-05T20:11:53.997Z",
                "type": "PAUSE",
                "source": "hotkey",
                "_t": "13:11:53",
                "_end": "-",
                "data": {
                    "key": "space"
                }
            },
            {
                "time": {
                    "start": "2018-02-05T20:10:51.305Z",
                    "end": "2018-02-05T20:11:55.250Z"
                },
                "type": "SCRUB",
                "source": "data:drag",
                "_t": "13:10:51",
                "_end": "13:11:55",
                "data": {
                    "time": 38.943088
                }
            },
            {
                "time": {
                    "start": "2018-02-05T20:10:51.305Z",
                    "end": "2018-02-05T20:11:56.097Z"
                },
                "type": "SCRUB",
                "source": "data:drag",
                "_t": "13:10:51",
                "_end": "13:11:56",
                "data": {
                    "time": 38.539013
                }
            },
            {
                "time": {
                    "start": "2018-02-05T20:10:51.305Z",
                    "end": "2018-02-05T20:11:57.018Z"
                },
                "type": "SCRUB",
                "source": "data:drag",
                "_t": "13:10:51",
                "_end": "13:11:57",
                "data": {
                    "time": 38.574458
                }
            },
            {
                "time": {
                    "start": "2018-02-05T20:10:51.305Z",
                    "end": "2018-02-05T20:11:58.025Z"
                },
                "type": "SCRUB",
                "source": "data:drag",
                "_t": "13:10:51",
                "_end": "13:11:58",
                "data": {
                    "time": 38.673704
                }
            },
            {
                "time": "2018-02-05T20:12:03.955Z",
                "type": "SKIP",
                "source": "hotkey",
                "_t": "13:12:03",
                "_end": "-",
                "data": {
                    "t": 38.673704,
                    "Δt": 1,
                    "key": "right"
                }
            },
            {
                "time": "2018-02-05T20:12:04.819Z",
                "type": "SKIP",
                "source": "hotkey",
                "_t": "13:12:04",
                "_end": "-",
                "data": {
                    "t": 39.673704,
                    "Δt": 1,
                    "key": "right"
                }
            },
            {
                "time": "2018-02-05T20:12:05.699Z",
                "type": "SKIP",
                "source": "hotkey",
                "_t": "13:12:05",
                "_end": "-",
                "data": {
                    "t": 40.673704,
                    "Δt": -1,
                    "key": "left"
                }
            },
            {
                "time": "2018-02-05T20:12:05.874Z",
                "type": "SKIP",
                "source": "hotkey",
                "_t": "13:12:05",
                "_end": "-",
                "data": {
                    "t": 39.673704,
                    "Δt": -1,
                    "key": "left"
                }
            },
            {
                "time": {
                    "start": "2018-02-05T20:10:51.305Z",
                    "end": "2018-02-05T20:12:18.362Z"
                },
                "type": "SCRUB",
                "source": "data:drag",
                "_t": "13:10:51",
                "_end": "13:12:18",
                "data": {
                    "time": 39.779591
                }
            },
            {
                "time": {
                    "start": "2018-02-05T20:10:51.305Z",
                    "end": "2018-02-05T20:12:26.818Z"
                },
                "type": "SCRUB",
                "source": "data:drag",
                "_t": "13:10:51",
                "_end": "13:12:26",
                "data": {
                    "time": 40.538116
                }
            },
            {
                "time": {
                    "start": "2018-02-05T20:10:51.305Z",
                    "end": "2018-02-05T20:12:33.536Z"
                },
                "type": "SCRUB",
                "source": "data:drag",
                "_t": "13:10:51",
                "_end": "13:12:33",
                "data": {
                    "time": 41.169039
                }
            },
            {
                "time": {
                    "start": "2018-02-05T20:10:51.305Z",
                    "end": "2018-02-05T20:12:36.121Z"
                },
                "type": "SCRUB",
                "source": "data:drag",
                "_t": "13:10:51",
                "_end": "13:12:36",
                "data": {
                    "time": 42.204036
                }
            },
            {
                "time": {
                    "start": "2018-02-05T20:10:51.305Z",
                    "end": "2018-02-05T20:12:37.449Z"
                },
                "type": "SCRUB",
                "source": "data:drag",
                "_t": "13:10:51",
                "_end": "13:12:37",
                "data": {
                    "time": 41.927564
                }
            },
            {
                "time": {
                    "start": "2018-02-05T20:10:51.305Z",
                    "end": "2018-02-05T20:12:46.440Z"
                },
                "type": "SCRUB",
                "source": "data:drag",
                "_t": "13:10:51",
                "_end": "13:12:46",
                "data": {
                    "time": 41.161949
                }
            },
            {
                "time": {
                    "start": "2018-02-05T20:10:51.305Z",
                    "end": "2018-02-05T20:12:46.897Z"
                },
                "type": "SCRUB",
                "source": "data:drag",
                "_t": "13:10:51",
                "_end": "13:12:46",
                "data": {
                    "time": 41.161949
                }
            },
            {
                "time": {
                    "start": "2018-02-05T20:10:51.305Z",
                    "end": "2018-02-05T20:12:52.312Z"
                },
                "type": "SCRUB",
                "source": "data:drag",
                "_t": "13:10:51",
                "_end": "13:12:52",
                "data": {
                    "time": 42.126056
                }
            },
            {
                "time": {
                    "start": "2018-02-05T20:10:51.305Z",
                    "end": "2018-02-05T20:12:58.465Z"
                },
                "type": "SCRUB",
                "source": "data:drag",
                "_t": "13:10:51",
                "_end": "13:12:58",
                "data": {
                    "time": 43.777798
                }
            },
            {
                "time": {
                    "start": "2018-02-05T20:10:51.305Z",
                    "end": "2018-02-05T20:13:06.385Z"
                },
                "type": "SCRUB",
                "source": "data:drag",
                "_t": "13:10:51",
                "_end": "13:13:06",
                "data": {
                    "time": 43.777798
                }
            },
            {
                "time": {
                    "start": "2018-02-05T20:10:51.305Z",
                    "end": "2018-02-05T20:13:12.496Z"
                },
                "type": "SCRUB",
                "source": "data:drag",
                "_t": "13:10:51",
                "_end": "13:13:12",
                "data": {
                    "time": 42.040987
                }
            },
            {
                "time": {
                    "start": "2018-02-05T20:10:51.305Z",
                    "end": "2018-02-05T20:13:26.706Z"
                },
                "type": "SCRUB",
                "source": "data:drag",
                "_t": "13:10:51",
                "_end": "13:13:26",
                "data": {
                    "time": 42.863313
                }
            },
            {
                "time": {
                    "start": "2018-02-05T20:10:51.305Z",
                    "end": "2018-02-05T20:13:37.891Z"
                },
                "type": "SCRUB",
                "source": "data:drag",
                "_t": "13:10:51",
                "_end": "13:13:37",
                "data": {
                    "time": 42.863313
                }
            },
            {
                "time": {
                    "start": "2018-02-05T20:10:51.305Z",
                    "end": "2018-02-05T20:13:41.922Z"
                },
                "type": "SCRUB",
                "source": "data:drag",
                "_t": "13:10:51",
                "_end": "13:13:41",
                "data": {
                    "time": 43.713995
                }
            },
            {
                "time": {
                    "start": "2018-02-05T20:10:51.305Z",
                    "end": "2018-02-05T20:13:45.635Z"
                },
                "type": "SCRUB",
                "source": "data:drag",
                "_t": "13:10:51",
                "_end": "13:13:45",
                "data": {
                    "time": 44.486698
                }
            },
            {
                "time": {
                    "start": "2018-02-05T20:10:51.305Z",
                    "end": "2018-02-05T20:13:46.763Z"
                },
                "type": "SCRUB",
                "source": "data:drag",
                "_t": "13:10:51",
                "_end": "13:13:46",
                "data": {
                    "time": 44.486698
                }
            },
            {
                "time": {
                    "start": "2018-02-05T20:10:51.305Z",
                    "end": "2018-02-05T20:13:50.579Z"
                },
                "type": "SCRUB",
                "source": "data:drag",
                "_t": "13:10:51",
                "_end": "13:13:50",
                "data": {
                    "time": 45.259401
                }
            },
            {
                "time": {
                    "start": "2018-02-05T20:10:51.305Z",
                    "end": "2018-02-05T20:13:55.074Z"
                },
                "type": "SCRUB",
                "source": "data:drag",
                "_t": "13:10:51",
                "_end": "13:13:55",
                "data": {
                    "time": 45.202688
                }
            },
            {
                "time": {
                    "start": "2018-02-05T20:10:51.305Z",
                    "end": "2018-02-05T20:14:01.851Z"
                },
                "type": "SCRUB",
                "source": "data:drag",
                "_t": "13:10:51",
                "_end": "13:14:01",
                "data": {
                    "time": 46.244774
                }
            },
            {
                "time": {
                    "start": "2018-02-05T20:10:51.305Z",
                    "end": "2018-02-05T20:14:02.611Z"
                },
                "type": "SCRUB",
                "source": "data:drag",
                "_t": "13:10:51",
                "_end": "13:14:02",
                "data": {
                    "time": 46.244774
                }
            },
            {
                "time": {
                    "start": "2018-02-05T20:10:51.305Z",
                    "end": "2018-02-05T20:14:06.655Z"
                },
                "type": "SCRUB",
                "source": "data:drag",
                "_t": "13:10:51",
                "_end": "13:14:06",
                "data": {
                    "time": 46.811895
                }
            },
            {
                "time": {
                    "start": "2018-02-05T20:10:51.305Z",
                    "end": "2018-02-05T20:14:11.620Z"
                },
                "type": "SCRUB",
                "source": "data:drag",
                "_t": "13:10:51",
                "_end": "13:14:11",
                "data": {
                    "time": 47.683844
                }
            },
            {
                "time": {
                    "start": "2018-02-05T20:10:51.305Z",
                    "end": "2018-02-05T20:14:14.085Z"
                },
                "type": "SCRUB",
                "source": "data:drag",
                "_t": "13:10:51",
                "_end": "13:14:14",
                "data": {
                    "time": 47.683844
                }
            }
        ]
    }
}