{
    "user_id": "046",
    "session_id": "5a78823bee2b1975ba835b71",
    "study": "studyC",
    "workspace": "pill.pills-blue",
    "details": {
        "workspace": "pill.pills-blue",
        "labels": [
            {
                "time": 30.699021000003015,
                "endTime": 39.89382913013068,
                "type": "pill",
                "id": 1
            },
            {
                "time": 55.164133,
                "endTime": 64.78201219021986,
                "type": "move",
                "id": 2
            },
            {
                "time": 162.36053,
                "endTime": 169.94977998498874,
                "type": "pill",
                "id": 3
            },
            {
                "time": 216.024069,
                "endTime": 222.0574921115528,
                "type": "pill",
                "id": 4
            },
            {
                "time": 239.282326,
                "endTime": 248.41515225312205,
                "type": "move",
                "id": 5
            },
            {
                "time": 450.931877,
                "endTime": 459.91769598949026,
                "type": "pill",
                "id": 6
            },
            {
                "time": 567.451676,
                "endTime": 579.7422712983482,
                "type": "pill",
                "id": 7
            }
        ],
        "_starts": [
            "2018-02-05T16:21:01.000Z"
        ],
        "_ends": [
            "2018-02-05T16:24:37.084Z"
        ]
    },
    "labels_file": "/home/ubuntu/vat/data/user-studies/studyC/pill-blue/046.labels.json",
    "videoFlash": 4.288888,
    "surveys": {
        "user-info": {
            "firstname": "Gibson",
            "lastname": "Ainge",
            "email": "gainge@gmail.com"
        },
        "practice-first": {
            "question1": "5",
            "question2": "ok",
            "question3": "100",
            "question4": "5"
        },
        "practice-second": {},
        "practice-third": {},
        "practice-survey": {}
    },
    "logs": {
        "labelEvents": [
            {
                "time": "2018-02-05T16:21:48.892Z",
                "type": "START",
                "source": "side-bar:button",
                "_t": "09:21:48",
                "_end": "-",
                "data": {
                    "type": "pill",
                    "time": 30.699021
                }
            },
            {
                "time": "2018-02-05T16:22:06.782Z",
                "type": "END",
                "source": "data:click:h_pos",
                "_t": "09:22:06",
                "_end": "-",
                "data": {
                    "lbl": {
                        "time": 30.699021000003015,
                        "endTime": 39.89382913013068,
                        "type": "pill",
                        "id": 1
                    }
                }
            },
            {
                "time": "2018-02-05T16:22:12.847Z",
                "type": "SELECT",
                "source": "data:click",
                "_t": "09:22:12",
                "_end": "-",
                "data": {
                    "time": 30.699021000003015,
                    "endTime": 39.89382913013068,
                    "type": "pill",
                    "id": 1
                }
            },
            {
                "time": {
                    "start": "2018-02-05T16:22:13.831Z",
                    "end": "2018-02-05T16:22:14.573Z"
                },
                "type": "RESIZE",
                "source": "data:brush",
                "_t": "09:22:13",
                "_end": "09:22:14",
                "data": {
                    "brushing": true,
                    "origin": [
                        30.699021,
                        39.751403582183336
                    ],
                    "_brushside": 1,
                    "start": "2018-02-05T16:22:13.831Z",
                    "ε": 0.1,
                    "mode": "resize"
                }
            },
            {
                "time": "2018-02-05T16:22:15.854Z",
                "type": "DESELECT",
                "source": "data:click",
                "_t": "09:22:15",
                "_end": "-",
                "data": {
                    "time": 30.699021000003015,
                    "endTime": 39.89382913013068,
                    "type": "pill",
                    "id": 1
                }
            },
            {
                "time": "2018-02-05T16:22:27.149Z",
                "type": "START",
                "source": "side-bar:button",
                "_t": "09:22:27",
                "_end": "-",
                "data": {
                    "type": "move",
                    "time": 55.164133
                }
            },
            {
                "time": "2018-02-05T16:22:29.241Z",
                "type": "END",
                "source": "data:click:h_pos",
                "_t": "09:22:29",
                "_end": "-",
                "data": {
                    "lbl": {
                        "time": 55.164133,
                        "endTime": 64.78201219021986,
                        "type": "move",
                        "id": 2
                    }
                }
            },
            {
                "time": "2018-02-05T16:22:32.815Z",
                "type": "SELECT",
                "source": "data:click",
                "_t": "09:22:32",
                "_end": "-",
                "data": {
                    "time": 55.164133,
                    "endTime": 64.78201219021986,
                    "type": "move",
                    "id": 2
                }
            },
            {
                "time": {
                    "start": "2018-02-05T16:22:33.944Z",
                    "end": "2018-02-05T16:22:35.598Z"
                },
                "type": "RESIZE",
                "source": "data:brush",
                "_t": "09:22:33",
                "_end": "09:22:35",
                "data": {
                    "brushing": true,
                    "origin": [
                        55.164133,
                        64.75751097961457
                    ],
                    "start": "2018-02-05T16:22:33.944Z",
                    "ε": 0.1,
                    "mode": "resize"
                }
            },
            {
                "time": "2018-02-05T16:22:36.150Z",
                "type": "DESELECT",
                "source": "data:click",
                "_t": "09:22:36",
                "_end": "-",
                "data": {
                    "time": 55.164133,
                    "endTime": 64.78201219021986,
                    "type": "move",
                    "id": 2
                }
            },
            {
                "time": "2018-02-05T16:22:54.998Z",
                "type": "START",
                "source": "side-bar:button",
                "_t": "09:22:54",
                "_end": "-",
                "data": {
                    "type": "pill",
                    "time": 162.36053
                }
            },
            {
                "time": "2018-02-05T16:22:59.151Z",
                "type": "END",
                "source": "data:click:h_pos",
                "_t": "09:22:59",
                "_end": "-",
                "data": {
                    "lbl": {
                        "time": 162.36053,
                        "endTime": 169.94977998498874,
                        "type": "pill",
                        "id": 3
                    }
                }
            },
            {
                "time": "2018-02-05T16:23:14.710Z",
                "type": "START",
                "source": "hotkey",
                "_t": "09:23:14",
                "_end": "-",
                "data": {
                    "type": "pill",
                    "time": 216.024069
                }
            },
            {
                "time": "2018-02-05T16:23:16.520Z",
                "type": "END",
                "source": "data:click:h_pos",
                "_t": "09:23:16",
                "_end": "-",
                "data": {
                    "lbl": {
                        "time": 216.024069,
                        "endTime": 222.0574921115528,
                        "type": "pill",
                        "id": 4
                    }
                }
            },
            {
                "time": "2018-02-05T16:23:38.757Z",
                "type": "START",
                "source": "side-bar:button",
                "_t": "09:23:38",
                "_end": "-",
                "data": {
                    "type": "move",
                    "time": 239.282326
                }
            },
            {
                "time": "2018-02-05T16:23:42.680Z",
                "type": "END",
                "source": "data:click:h_pos",
                "_t": "09:23:42",
                "_end": "-",
                "data": {
                    "lbl": {
                        "time": 239.282326,
                        "endTime": 248.41515225312205,
                        "type": "move",
                        "id": 5
                    }
                }
            },
            {
                "time": "2018-02-05T16:23:42.808Z",
                "type": "SELECT",
                "source": "data:click",
                "_t": "09:23:42",
                "_end": "-",
                "data": {
                    "time": 239.282326,
                    "endTime": 248.41515225312205,
                    "type": "move",
                    "id": 5
                }
            },
            {
                "time": "2018-02-05T16:23:44.118Z",
                "type": "DESELECT",
                "source": "data:click",
                "_t": "09:23:44",
                "_end": "-",
                "data": {
                    "time": 239.282326,
                    "endTime": 248.41515225312205,
                    "type": "move",
                    "id": 5
                }
            },
            {
                "time": "2018-02-05T16:24:00.007Z",
                "type": "START",
                "source": "side-bar:button",
                "_t": "09:24:00",
                "_end": "-",
                "data": {
                    "type": "pill",
                    "time": 450.931877
                }
            },
            {
                "time": "2018-02-05T16:24:03.313Z",
                "type": "END",
                "source": "data:click:h_pos",
                "_t": "09:24:03",
                "_end": "-",
                "data": {
                    "lbl": {
                        "time": 450.931877,
                        "endTime": 459.91769598949026,
                        "type": "pill",
                        "id": 6
                    }
                }
            },
            {
                "time": "2018-02-05T16:24:14.647Z",
                "type": "START",
                "source": "side-bar:button",
                "_t": "09:24:14",
                "_end": "-",
                "data": {
                    "type": "pill",
                    "time": 567.451676
                }
            },
            {
                "time": "2018-02-05T16:24:19.833Z",
                "type": "END",
                "source": "data:click:h_pos",
                "_t": "09:24:19",
                "_end": "-",
                "data": {
                    "lbl": {
                        "time": 567.451676,
                        "endTime": 579.7422712983482,
                        "type": "pill",
                        "id": 7
                    }
                }
            },
            {
                "time": "2018-02-05T16:24:23.993Z",
                "type": "SELECT",
                "source": "data:click",
                "_t": "09:24:23",
                "_end": "-",
                "data": {
                    "time": 567.451676,
                    "endTime": 579.7422712983482,
                    "type": "pill",
                    "id": 7
                }
            },
            {
                "time": {
                    "start": "2018-02-05T16:24:24.992Z",
                    "end": "2018-02-05T16:24:25.887Z"
                },
                "type": "RESIZE",
                "source": "data:brush",
                "_t": "09:24:24",
                "_end": "09:24:25",
                "data": {
                    "brushing": true,
                    "origin": [
                        567.451676,
                        579.815774930164
                    ],
                    "start": "2018-02-05T16:24:24.992Z",
                    "ε": 0.1,
                    "mode": "resize"
                }
            },
            {
                "time": "2018-02-05T16:24:26.495Z",
                "type": "DESELECT",
                "source": "data:click",
                "_t": "09:24:26",
                "_end": "-",
                "data": {
                    "time": 567.451676,
                    "endTime": 579.7422712983482,
                    "type": "pill",
                    "id": 7
                }
            }
        ],
        "navigationEvents": [
            {
                "time": {
                    "start": "2018-02-05T16:21:01.174Z",
                    "end": "2018-02-05T16:21:39.462Z"
                },
                "type": "SCRUB",
                "source": "data:drag",
                "_t": "09:21:01",
                "_end": "09:21:39",
                "data": {
                    "time": 32.097762
                }
            },
            {
                "time": {
                    "start": "2018-02-05T16:21:01.174Z",
                    "end": "2018-02-05T16:21:43.189Z"
                },
                "type": "SCRUB",
                "source": "data:drag",
                "_t": "09:21:01",
                "_end": "09:21:43",
                "data": {
                    "time": 28.041473
                }
            },
            {
                "time": "2018-02-05T16:21:45.940Z",
                "type": "PAUSE",
                "source": "hotkey",
                "_t": "09:21:45",
                "_end": "-",
                "data": {
                    "key": "space"
                }
            },
            {
                "time": "2018-02-05T16:21:50.982Z",
                "type": "PLAY",
                "source": "hotkey",
                "_t": "09:21:50",
                "_end": "-",
                "data": {
                    "key": "space"
                }
            },
            {
                "time": "2018-02-05T16:22:00.580Z",
                "type": "PAUSE",
                "source": "hotkey",
                "_t": "09:22:00",
                "_end": "-",
                "data": {
                    "key": "space"
                }
            },
            {
                "time": {
                    "start": "2018-02-05T16:21:01.174Z",
                    "end": "2018-02-05T16:22:03.042Z"
                },
                "type": "SCRUB",
                "source": "data:drag",
                "_t": "09:21:01",
                "_end": "09:22:03",
                "data": {
                    "time": 40.249893
                }
            },
            {
                "time": {
                    "start": "2018-02-05T16:21:01.174Z",
                    "end": "2018-02-05T16:22:06.780Z"
                },
                "type": "SCRUB",
                "source": "data:drag",
                "_t": "09:21:01",
                "_end": "09:22:06",
                "data": {
                    "time": 40.249893
                }
            },
            {
                "time": {
                    "start": "2018-02-05T16:21:01.174Z",
                    "end": "2018-02-05T16:22:09.874Z"
                },
                "type": "SCRUB",
                "source": "data:drag",
                "_t": "09:21:01",
                "_end": "09:22:09",
                "data": {
                    "time": 39.863309
                }
            },
            {
                "time": {
                    "start": "2018-02-05T16:21:01.174Z",
                    "end": "2018-02-05T16:22:12.228Z"
                },
                "type": "SCRUB",
                "source": "data:drag",
                "_t": "09:21:01",
                "_end": "09:22:12",
                "data": {
                    "time": 39.130834
                }
            },
            {
                "time": {
                    "start": "2018-02-05T16:21:01.174Z",
                    "end": "2018-02-05T16:22:12.845Z"
                },
                "type": "SCRUB",
                "source": "data:drag",
                "_t": "09:21:01",
                "_end": "09:22:12",
                "data": {
                    "time": 39.130834
                }
            },
            {
                "time": {
                    "start": "2018-02-05T16:21:01.174Z",
                    "end": "2018-02-05T16:22:14.593Z"
                },
                "type": "SCRUB",
                "source": "data:drag",
                "_t": "09:21:01",
                "_end": "09:22:14",
                "data": {
                    "time": 39.130834
                }
            },
            {
                "time": {
                    "start": "2018-02-05T16:21:01.174Z",
                    "end": "2018-02-05T16:22:15.854Z"
                },
                "type": "SCRUB",
                "source": "data:drag",
                "_t": "09:21:01",
                "_end": "09:22:15",
                "data": {
                    "time": 39.130834
                }
            },
            {
                "time": {
                    "start": "2018-02-05T16:21:01.174Z",
                    "end": "2018-02-05T16:22:16.687Z"
                },
                "type": "SCRUB",
                "source": "data:drag",
                "_t": "09:21:01",
                "_end": "09:22:16",
                "data": {
                    "time": 48.327455
                }
            },
            {
                "time": {
                    "start": "2018-02-05T16:21:01.174Z",
                    "end": "2018-02-05T16:22:18.197Z"
                },
                "type": "SCRUB",
                "source": "data:drag",
                "_t": "09:21:01",
                "_end": "09:22:18",
                "data": {
                    "time": 55.489425
                }
            },
            {
                "time": "2018-02-05T16:22:18.822Z",
                "type": "PLAY",
                "source": "hotkey",
                "_t": "09:22:18",
                "_end": "-",
                "data": {
                    "key": "space"
                }
            },
            {
                "time": {
                    "start": "2018-02-05T16:21:01.174Z",
                    "end": "2018-02-05T16:22:19.614Z"
                },
                "type": "SCRUB",
                "source": "data:drag",
                "_t": "09:21:01",
                "_end": "09:22:19",
                "data": {
                    "time": 59.817428
                }
            },
            {
                "time": {
                    "start": "2018-02-05T16:21:01.174Z",
                    "end": "2018-02-05T16:22:20.471Z"
                },
                "type": "SCRUB",
                "source": "data:drag",
                "_t": "09:21:01",
                "_end": "09:22:20",
                "data": {
                    "time": 61.750346
                }
            },
            {
                "time": "2018-02-05T16:22:22.134Z",
                "type": "PAUSE",
                "source": "hotkey",
                "_t": "09:22:22",
                "_end": "-",
                "data": {
                    "key": "space"
                }
            },
            {
                "time": {
                    "start": "2018-02-05T16:21:01.174Z",
                    "end": "2018-02-05T16:22:22.168Z"
                },
                "type": "SCRUB",
                "source": "data:drag",
                "_t": "09:21:01",
                "_end": "09:22:22",
                "data": {
                    "time": 54.106115
                }
            },
            {
                "time": {
                    "start": "2018-02-05T16:21:01.174Z",
                    "end": "2018-02-05T16:22:25.876Z"
                },
                "type": "SCRUB",
                "source": "data:drag",
                "_t": "09:21:01",
                "_end": "09:22:25",
                "data": {
                    "time": 55.164133
                }
            },
            {
                "time": {
                    "start": "2018-02-05T16:21:01.174Z",
                    "end": "2018-02-05T16:22:29.239Z"
                },
                "type": "SCRUB",
                "source": "data:drag",
                "_t": "09:21:01",
                "_end": "09:22:29",
                "data": {
                    "time": 55.164133
                }
            },
            {
                "time": {
                    "start": "2018-02-05T16:21:01.174Z",
                    "end": "2018-02-05T16:22:32.813Z"
                },
                "type": "SCRUB",
                "source": "data:drag",
                "_t": "09:21:01",
                "_end": "09:22:32",
                "data": {
                    "time": 55.164133
                }
            },
            {
                "time": {
                    "start": "2018-02-05T16:21:01.174Z",
                    "end": "2018-02-05T16:22:35.606Z"
                },
                "type": "SCRUB",
                "source": "data:drag",
                "_t": "09:21:01",
                "_end": "09:22:35",
                "data": {
                    "time": 55.164133
                }
            },
            {
                "time": {
                    "start": "2018-02-05T16:21:01.174Z",
                    "end": "2018-02-05T16:22:36.150Z"
                },
                "type": "SCRUB",
                "source": "data:drag",
                "_t": "09:21:01",
                "_end": "09:22:36",
                "data": {
                    "time": 55.164133
                }
            },
            {
                "time": {
                    "start": "2018-02-05T16:21:01.174Z",
                    "end": "2018-02-05T16:22:36.980Z"
                },
                "type": "SCRUB",
                "source": "data:drag",
                "_t": "09:21:01",
                "_end": "09:22:36",
                "data": {
                    "time": 57.602003
                }
            },
            {
                "time": {
                    "start": "2018-02-05T16:21:01.174Z",
                    "end": "2018-02-05T16:22:37.356Z"
                },
                "type": "SCRUB",
                "source": "data:drag",
                "_t": "09:21:01",
                "_end": "09:22:37",
                "data": {
                    "time": 57.602003
                }
            },
            {
                "time": {
                    "start": "2018-02-05T16:21:01.174Z",
                    "end": "2018-02-05T16:22:38.415Z"
                },
                "type": "SCRUB",
                "source": "data:drag",
                "_t": "09:21:01",
                "_end": "09:22:38",
                "data": {
                    "time": 64.266332
                }
            },
            {
                "time": {
                    "start": "2018-02-05T16:21:01.174Z",
                    "end": "2018-02-05T16:22:38.802Z"
                },
                "type": "SCRUB",
                "source": "data:drag",
                "_t": "09:21:01",
                "_end": "09:22:38",
                "data": {
                    "time": 68.835807
                }
            },
            {
                "time": {
                    "start": "2018-02-05T16:21:01.174Z",
                    "end": "2018-02-05T16:22:42.061Z"
                },
                "type": "SCRUB",
                "source": "data:drag",
                "_t": "09:21:01",
                "_end": "09:22:42",
                "data": {
                    "time": 101.897438
                }
            },
            {
                "time": {
                    "start": "2018-02-05T16:21:01.174Z",
                    "end": "2018-02-05T16:22:43.993Z"
                },
                "type": "SCRUB",
                "source": "data:drag",
                "_t": "09:21:01",
                "_end": "09:22:43",
                "data": {
                    "time": 162.906727
                }
            },
            {
                "time": {
                    "start": "2018-02-05T16:21:01.174Z",
                    "end": "2018-02-05T16:22:46.830Z"
                },
                "type": "SCRUB",
                "source": "data:drag",
                "_t": "09:21:01",
                "_end": "09:22:46",
                "data": {
                    "time": 165.804192
                }
            },
            {
                "time": {
                    "start": "2018-02-05T16:21:01.174Z",
                    "end": "2018-02-05T16:22:50.501Z"
                },
                "type": "SCRUB",
                "source": "data:drag",
                "_t": "09:21:01",
                "_end": "09:22:50",
                "data": {
                    "time": 162.397282
                }
            },
            {
                "time": {
                    "start": "2018-02-05T16:21:01.174Z",
                    "end": "2018-02-05T16:22:53.764Z"
                },
                "type": "SCRUB",
                "source": "data:drag",
                "_t": "09:21:01",
                "_end": "09:22:53",
                "data": {
                    "time": 162.36053
                }
            },
            {
                "time": {
                    "start": "2018-02-05T16:21:01.174Z",
                    "end": "2018-02-05T16:22:59.149Z"
                },
                "type": "SCRUB",
                "source": "data:drag",
                "_t": "09:21:01",
                "_end": "09:22:59",
                "data": {
                    "time": 162.36053
                }
            },
            {
                "time": {
                    "start": "2018-02-05T16:21:01.174Z",
                    "end": "2018-02-05T16:23:01.664Z"
                },
                "type": "SCRUB",
                "source": "data:drag",
                "_t": "09:21:01",
                "_end": "09:23:01",
                "data": {
                    "time": 167.334275
                }
            },
            {
                "time": {
                    "start": "2018-02-05T16:21:01.174Z",
                    "end": "2018-02-05T16:23:03.477Z"
                },
                "type": "SCRUB",
                "source": "data:drag",
                "_t": "09:21:01",
                "_end": "09:23:03",
                "data": {
                    "time": 167.8488
                }
            },
            {
                "time": {
                    "start": "2018-02-05T16:21:01.174Z",
                    "end": "2018-02-05T16:23:04.485Z"
                },
                "type": "SCRUB",
                "source": "data:drag",
                "_t": "09:21:01",
                "_end": "09:23:04",
                "data": {
                    "time": 169.147364
                }
            },
            {
                "time": {
                    "start": "2018-02-05T16:21:01.174Z",
                    "end": "2018-02-05T16:23:05.722Z"
                },
                "type": "SCRUB",
                "source": "data:drag",
                "_t": "09:21:01",
                "_end": "09:23:05",
                "data": {
                    "time": 173.582083
                }
            },
            {
                "time": {
                    "start": "2018-02-05T16:21:01.174Z",
                    "end": "2018-02-05T16:23:09.021Z"
                },
                "type": "SCRUB",
                "source": "data:drag",
                "_t": "09:21:01",
                "_end": "09:23:09",
                "data": {
                    "time": 197.629488
                }
            },
            {
                "time": {
                    "start": "2018-02-05T16:21:01.174Z",
                    "end": "2018-02-05T16:23:09.687Z"
                },
                "type": "SCRUB",
                "source": "data:drag",
                "_t": "09:21:01",
                "_end": "09:23:09",
                "data": {
                    "time": 199.163376
                }
            },
            {
                "time": {
                    "start": "2018-02-05T16:21:01.174Z",
                    "end": "2018-02-05T16:23:10.580Z"
                },
                "type": "SCRUB",
                "source": "data:drag",
                "_t": "09:21:01",
                "_end": "09:23:10",
                "data": {
                    "time": 210.345914
                }
            },
            {
                "time": {
                    "start": "2018-02-05T16:21:01.174Z",
                    "end": "2018-02-05T16:23:13.406Z"
                },
                "type": "SCRUB",
                "source": "data:drag",
                "_t": "09:21:01",
                "_end": "09:23:13",
                "data": {
                    "time": 210.345914
                }
            },
            {
                "time": {
                    "start": "2018-02-05T16:21:01.174Z",
                    "end": "2018-02-05T16:23:13.534Z"
                },
                "type": "SCRUB",
                "source": "data:drag",
                "_t": "09:21:01",
                "_end": "09:23:13",
                "data": {
                    "time": 210.345914
                }
            },
            {
                "time": "2018-02-05T16:23:13.539Z",
                "type": "JUMP",
                "source": "data:dblclick:h_pos",
                "_t": "09:23:13",
                "_end": "-",
                "data": {
                    "from": 210.345914,
                    "to": 216.02406955777604
                }
            },
            {
                "time": {
                    "start": "2018-02-05T16:21:01.174Z",
                    "end": "2018-02-05T16:23:16.517Z"
                },
                "type": "SCRUB",
                "source": "data:drag",
                "_t": "09:21:01",
                "_end": "09:23:16",
                "data": {
                    "time": 216.024069
                }
            },
            {
                "time": {
                    "start": "2018-02-05T16:21:01.174Z",
                    "end": "2018-02-05T16:23:17.053Z"
                },
                "type": "SCRUB",
                "source": "data:drag",
                "_t": "09:21:01",
                "_end": "09:23:17",
                "data": {
                    "time": 216.024069
                }
            },
            {
                "time": {
                    "start": "2018-02-05T16:21:01.174Z",
                    "end": "2018-02-05T16:23:21.321Z"
                },
                "type": "SCRUB",
                "source": "data:drag",
                "_t": "09:21:01",
                "_end": "09:23:21",
                "data": {
                    "time": 241.74457
                }
            },
            {
                "time": {
                    "start": "2018-02-05T16:21:01.174Z",
                    "end": "2018-02-05T16:23:23.216Z"
                },
                "type": "SCRUB",
                "source": "data:drag",
                "_t": "09:21:01",
                "_end": "09:23:23",
                "data": {
                    "time": 243.491023
                }
            },
            {
                "time": "2018-02-05T16:23:25.223Z",
                "type": "PLAY",
                "source": "hotkey",
                "_t": "09:23:25",
                "_end": "-",
                "data": {
                    "key": "space"
                }
            },
            {
                "time": "2018-02-05T16:23:26.598Z",
                "type": "PAUSE",
                "source": "hotkey",
                "_t": "09:23:26",
                "_end": "-",
                "data": {
                    "key": "space"
                }
            },
            {
                "time": {
                    "start": "2018-02-05T16:21:01.174Z",
                    "end": "2018-02-05T16:23:29.565Z"
                },
                "type": "SCRUB",
                "source": "data:drag",
                "_t": "09:21:01",
                "_end": "09:23:29",
                "data": {
                    "time": 244.811516
                }
            },
            {
                "time": {
                    "start": "2018-02-05T16:21:01.174Z",
                    "end": "2018-02-05T16:23:29.701Z"
                },
                "type": "SCRUB",
                "source": "data:drag",
                "_t": "09:21:01",
                "_end": "09:23:29",
                "data": {
                    "time": 244.811516
                }
            },
            {
                "time": "2018-02-05T16:23:29.706Z",
                "type": "JUMP",
                "source": "data:dblclick:h_pos",
                "_t": "09:23:29",
                "_end": "-",
                "data": {
                    "from": 244.811516,
                    "to": 239.31907943227793
                }
            },
            {
                "time": {
                    "start": "2018-02-05T16:21:01.174Z",
                    "end": "2018-02-05T16:23:33.430Z"
                },
                "type": "SCRUB",
                "source": "data:drag",
                "_t": "09:21:01",
                "_end": "09:23:33",
                "data": {
                    "time": 239.319079
                }
            },
            {
                "time": {
                    "start": "2018-02-05T16:21:01.174Z",
                    "end": "2018-02-05T16:23:33.566Z"
                },
                "type": "SCRUB",
                "source": "data:drag",
                "_t": "09:21:01",
                "_end": "09:23:33",
                "data": {
                    "time": 239.319079
                }
            },
            {
                "time": "2018-02-05T16:23:33.572Z",
                "type": "JUMP",
                "source": "data:dblclick:h_pos",
                "_t": "09:23:33",
                "_end": "-",
                "data": {
                    "from": 239.319079,
                    "to": 238.23490043071587
                }
            },
            {
                "time": {
                    "start": "2018-02-05T16:21:01.174Z",
                    "end": "2018-02-05T16:23:36.565Z"
                },
                "type": "SCRUB",
                "source": "data:drag",
                "_t": "09:21:01",
                "_end": "09:23:36",
                "data": {
                    "time": 238.2349
                }
            },
            {
                "time": {
                    "start": "2018-02-05T16:21:01.174Z",
                    "end": "2018-02-05T16:23:36.694Z"
                },
                "type": "SCRUB",
                "source": "data:drag",
                "_t": "09:21:01",
                "_end": "09:23:36",
                "data": {
                    "time": 238.2349
                }
            },
            {
                "time": "2018-02-05T16:23:36.699Z",
                "type": "JUMP",
                "source": "data:dblclick:h_pos",
                "_t": "09:23:36",
                "_end": "-",
                "data": {
                    "from": 238.2349,
                    "to": 239.28232675337617
                }
            },
            {
                "time": {
                    "start": "2018-02-05T16:21:01.174Z",
                    "end": "2018-02-05T16:23:42.678Z"
                },
                "type": "SCRUB",
                "source": "data:drag",
                "_t": "09:21:01",
                "_end": "09:23:42",
                "data": {
                    "time": 239.282326
                }
            },
            {
                "time": {
                    "start": "2018-02-05T16:21:01.174Z",
                    "end": "2018-02-05T16:23:42.806Z"
                },
                "type": "SCRUB",
                "source": "data:drag",
                "_t": "09:21:01",
                "_end": "09:23:42",
                "data": {
                    "time": 239.282326
                }
            },
            {
                "time": {
                    "start": "2018-02-05T16:21:01.174Z",
                    "end": "2018-02-05T16:23:44.118Z"
                },
                "type": "SCRUB",
                "source": "data:drag",
                "_t": "09:21:01",
                "_end": "09:23:44",
                "data": {
                    "time": 239.282326
                }
            },
            {
                "time": {
                    "start": "2018-02-05T16:21:01.174Z",
                    "end": "2018-02-05T16:23:46.742Z"
                },
                "type": "SCRUB",
                "source": "data:drag",
                "_t": "09:21:01",
                "_end": "09:23:46",
                "data": {
                    "time": 276.559173
                }
            },
            {
                "time": {
                    "start": "2018-02-05T16:21:01.174Z",
                    "end": "2018-02-05T16:23:47.349Z"
                },
                "type": "SCRUB",
                "source": "data:drag",
                "_t": "09:21:01",
                "_end": "09:23:47",
                "data": {
                    "time": 306.16764
                }
            },
            {
                "time": {
                    "start": "2018-02-05T16:21:01.174Z",
                    "end": "2018-02-05T16:23:47.861Z"
                },
                "type": "SCRUB",
                "source": "data:drag",
                "_t": "09:21:01",
                "_end": "09:23:47",
                "data": {
                    "time": 325.658106
                }
            },
            {
                "time": {
                    "start": "2018-02-05T16:21:01.174Z",
                    "end": "2018-02-05T16:23:48.540Z"
                },
                "type": "SCRUB",
                "source": "data:drag",
                "_t": "09:21:01",
                "_end": "09:23:48",
                "data": {
                    "time": 343.604245
                }
            },
            {
                "time": {
                    "start": "2018-02-05T16:21:01.174Z",
                    "end": "2018-02-05T16:23:52.119Z"
                },
                "type": "SCRUB",
                "source": "data:drag",
                "_t": "09:21:01",
                "_end": "09:23:52",
                "data": {
                    "time": 425.126421
                }
            },
            {
                "time": {
                    "start": "2018-02-05T16:21:01.174Z",
                    "end": "2018-02-05T16:23:53.987Z"
                },
                "type": "SCRUB",
                "source": "data:drag",
                "_t": "09:21:01",
                "_end": "09:23:53",
                "data": {
                    "time": 442.840353
                }
            },
            {
                "time": {
                    "start": "2018-02-05T16:21:01.174Z",
                    "end": "2018-02-05T16:23:57.646Z"
                },
                "type": "SCRUB",
                "source": "data:drag",
                "_t": "09:21:01",
                "_end": "09:23:57",
                "data": {
                    "time": 442.840353
                }
            },
            {
                "time": {
                    "start": "2018-02-05T16:21:01.174Z",
                    "end": "2018-02-05T16:23:57.766Z"
                },
                "type": "SCRUB",
                "source": "data:drag",
                "_t": "09:21:01",
                "_end": "09:23:57",
                "data": {
                    "time": 442.840353
                }
            },
            {
                "time": "2018-02-05T16:23:57.770Z",
                "type": "JUMP",
                "source": "data:dblclick:h_pos",
                "_t": "09:23:57",
                "_end": "-",
                "data": {
                    "from": 442.840353,
                    "to": 450.9318778023972
                }
            },
            {
                "time": {
                    "start": "2018-02-05T16:21:01.174Z",
                    "end": "2018-02-05T16:24:03.310Z"
                },
                "type": "SCRUB",
                "source": "data:drag",
                "_t": "09:21:01",
                "_end": "09:24:03",
                "data": {
                    "time": 450.931877
                }
            },
            {
                "time": {
                    "start": "2018-02-05T16:21:01.174Z",
                    "end": "2018-02-05T16:24:05.277Z"
                },
                "type": "SCRUB",
                "source": "data:drag",
                "_t": "09:21:01",
                "_end": "09:24:05",
                "data": {
                    "time": 461.73691
                }
            },
            {
                "time": {
                    "start": "2018-02-05T16:21:01.174Z",
                    "end": "2018-02-05T16:24:07.291Z"
                },
                "type": "SCRUB",
                "source": "data:drag",
                "_t": "09:21:01",
                "_end": "09:24:07",
                "data": {
                    "time": 493.102714
                }
            },
            {
                "time": {
                    "start": "2018-02-05T16:21:01.174Z",
                    "end": "2018-02-05T16:24:09.165Z"
                },
                "type": "SCRUB",
                "source": "data:drag",
                "_t": "09:21:01",
                "_end": "09:24:09",
                "data": {
                    "time": 527.322933
                }
            },
            {
                "time": {
                    "start": "2018-02-05T16:21:01.174Z",
                    "end": "2018-02-05T16:24:10.302Z"
                },
                "type": "SCRUB",
                "source": "data:drag",
                "_t": "09:21:01",
                "_end": "09:24:10",
                "data": {
                    "time": 548.439146
                }
            },
            {
                "time": {
                    "start": "2018-02-05T16:21:01.174Z",
                    "end": "2018-02-05T16:24:13.169Z"
                },
                "type": "SCRUB",
                "source": "data:drag",
                "_t": "09:21:01",
                "_end": "09:24:13",
                "data": {
                    "time": 567.451676
                }
            },
            {
                "time": {
                    "start": "2018-02-05T16:21:01.174Z",
                    "end": "2018-02-05T16:24:19.830Z"
                },
                "type": "SCRUB",
                "source": "data:drag",
                "_t": "09:21:01",
                "_end": "09:24:19",
                "data": {
                    "time": 567.451676
                }
            },
            {
                "time": {
                    "start": "2018-02-05T16:21:01.174Z",
                    "end": "2018-02-05T16:24:23.088Z"
                },
                "type": "SCRUB",
                "source": "data:drag",
                "_t": "09:21:01",
                "_end": "09:24:23",
                "data": {
                    "time": 577.288912
                }
            },
            {
                "time": {
                    "start": "2018-02-05T16:21:01.174Z",
                    "end": "2018-02-05T16:24:23.991Z"
                },
                "type": "SCRUB",
                "source": "data:drag",
                "_t": "09:21:01",
                "_end": "09:24:23",
                "data": {
                    "time": 577.288912
                }
            },
            {
                "time": {
                    "start": "2018-02-05T16:21:01.174Z",
                    "end": "2018-02-05T16:24:25.895Z"
                },
                "type": "SCRUB",
                "source": "data:drag",
                "_t": "09:21:01",
                "_end": "09:24:25",
                "data": {
                    "time": 577.288912
                }
            },
            {
                "time": {
                    "start": "2018-02-05T16:21:01.174Z",
                    "end": "2018-02-05T16:24:26.494Z"
                },
                "type": "SCRUB",
                "source": "data:drag",
                "_t": "09:21:01",
                "_end": "09:24:26",
                "data": {
                    "time": 577.288912
                }
            },
            {
                "time": {
                    "start": "2018-02-05T16:21:01.174Z",
                    "end": "2018-02-05T16:24:29.580Z"
                },
                "type": "SCRUB",
                "source": "data:drag",
                "_t": "09:21:01",
                "_end": "09:24:29",
                "data": {
                    "time": 591.940534
                }
            },
            {
                "time": "2018-02-05T16:24:29.808Z",
                "type": "PLAY",
                "source": "hotkey",
                "_t": "09:24:29",
                "_end": "-",
                "data": {
                    "key": "space"
                }
            },
            {
                "time": "2018-02-05T16:24:30.859Z",
                "type": "PAUSE",
                "source": "hotkey",
                "_t": "09:24:30",
                "_end": "-",
                "data": {
                    "key": "space"
                }
            },
            {
                "time": {
                    "start": "2018-02-05T16:21:01.174Z",
                    "end": "2018-02-05T16:24:35.166Z"
                },
                "type": "SCRUB",
                "source": "data:drag",
                "_t": "09:21:01",
                "_end": "09:24:35",
                "data": {
                    "time": 592.954202
                }
            },
            {
                "time": {
                    "start": "2018-02-05T16:21:01.174Z",
                    "end": "2018-02-05T16:24:35.303Z"
                },
                "type": "SCRUB",
                "source": "data:drag",
                "_t": "09:21:01",
                "_end": "09:24:35",
                "data": {
                    "time": 592.954202
                }
            },
            {
                "time": "2018-02-05T16:24:35.309Z",
                "type": "JUMP",
                "source": "data:dblclick:h_pos",
                "_t": "09:24:35",
                "_end": "-",
                "data": {
                    "from": 592.954202,
                    "to": 590.6613898550609
                }
            }
        ]
    }
}