{
    "user_id": "4040",
    "session_id": "5a0fe4e35efd4d725417b963",
    "study": "gold",
    "workspace": "newrun.run-thurs-six-finally",
    "details": {
        "workspace": "newrun.run-thurs-six-finally",
        "labels": [
            {
                "time": 23.040389999999316,
                "endTime": 26.36476071205034,
                "type": "run",
                "id": 1
            },
            {
                "time": 48.162799,
                "endTime": 55.436486,
                "type": "skip",
                "id": 2
            },
            {
                "time": 275.284049,
                "endTime": 283.446132,
                "type": "skip",
                "id": 3
            },
            {
                "time": 383.110593,
                "endTime": 386.255843,
                "type": "run",
                "id": 4
            },
            {
                "time": 484.856717,
                "endTime": 488.407279,
                "type": "run",
                "id": 5
            },
            {
                "time": 525.819453,
                "endTime": 533.612912,
                "type": "skip",
                "id": 6
            },
            {
                "time": 549.906036,
                "endTime": 552.850411,
                "type": "run",
                "id": 7
            },
            {
                "time": 577.97928,
                "endTime": 586.542821,
                "type": "skip",
                "id": 8
            },
            {
                "time": 653.026802,
                "endTime": 654.195781,
                "type": "run",
                "id": 9
            }
        ],
        "_starts": [
            "2017-11-18T07:45:06.000Z"
        ],
        "_ends": [
            "2017-11-18T07:55:45.779Z"
        ]
    },
    "labels_file": "/home/ubuntu/vat/data/user-studies/gold/run-yellow/4040.labels.json",
    "videoFlash": 3.918989,
    "surveys": {
        "user-info": {
            "firstname": "Broderick",
            "lastname": "Gardner"
        }
    },
    "logs": {
        "labelEvents": [
            {
                "time": "2017-11-18T07:48:35.914Z",
                "type": "START",
                "source": "hotkey",
                "_t": "00:48:35",
                "_end": "-",
                "data": {
                    "type": "run",
                    "time": 23.04039
                }
            },
            {
                "time": "2017-11-18T07:48:46.161Z",
                "type": "END",
                "source": "data:click:h_pos",
                "_t": "00:48:46",
                "_end": "-",
                "data": {
                    "lbl": {
                        "time": 23.040389999999316,
                        "endTime": 26.36476071205034,
                        "type": "run",
                        "id": 1
                    }
                }
            },
            {
                "time": "2017-11-18T07:48:48.762Z",
                "type": "SELECT",
                "source": "data:click",
                "_t": "00:48:48",
                "_end": "-",
                "data": {
                    "time": 23.040389999999316,
                    "endTime": 26.36476071205034,
                    "type": "run",
                    "id": 1
                }
            },
            {
                "time": {
                    "start": "2017-11-18T07:48:54.615Z",
                    "end": "2017-11-18T07:48:57.455Z"
                },
                "type": "RESIZE",
                "source": "data:brush",
                "_t": "00:48:54",
                "_end": "00:48:57",
                "data": {
                    "brushing": true,
                    "origin": [
                        23.04039,
                        32.252421699135255
                    ],
                    "_brushside": 1,
                    "start": "2017-11-18T07:48:54.615Z",
                    "ε": 0.1,
                    "mode": "resize"
                }
            },
            {
                "time": "2017-11-18T07:49:17.649Z",
                "type": "START",
                "source": "hotkey",
                "_t": "00:49:17",
                "_end": "-",
                "data": {
                    "type": "skip",
                    "time": 48.162799
                }
            },
            {
                "time": "2017-11-18T07:49:31.327Z",
                "type": "END",
                "source": "hotkey:ctb",
                "_t": "00:49:31",
                "_end": "-",
                "data": {
                    "lbl": {
                        "time": 48.162799,
                        "endTime": 55.436486,
                        "type": "skip",
                        "id": 2
                    },
                    "key": "enter"
                }
            },
            {
                "time": "2017-11-18T07:50:02.600Z",
                "type": "START",
                "source": "hotkey",
                "_t": "00:50:02",
                "_end": "-",
                "data": {
                    "type": "run",
                    "time": 274.759591
                }
            },
            {
                "time": "2017-11-18T07:50:14.304Z",
                "type": "END",
                "source": "hotkey:ctb",
                "_t": "00:50:14",
                "_end": "-",
                "data": {
                    "lbl": {
                        "time": 274.759591,
                        "endTime": 283.606758,
                        "type": "run",
                        "id": 3
                    },
                    "key": "enter"
                }
            },
            {
                "time": "2017-11-18T07:50:39.371Z",
                "type": "SELECT",
                "source": "data:click",
                "_t": "00:50:39",
                "_end": "-",
                "data": {
                    "time": 274.759591,
                    "endTime": 283.606758,
                    "type": "run",
                    "id": 3
                }
            },
            {
                "time": "2017-11-18T07:50:41.545Z",
                "type": "DELETE",
                "source": "side-bar:button",
                "_t": "00:50:41",
                "_end": "-",
                "data": {
                    "id": 3,
                    "idx": 2
                }
            },
            {
                "time": "2017-11-18T07:50:49.754Z",
                "type": "START",
                "source": "hotkey",
                "_t": "00:50:49",
                "_end": "-",
                "data": {
                    "type": "skip",
                    "time": 275.284049
                }
            },
            {
                "time": "2017-11-18T07:51:00.837Z",
                "type": "END",
                "source": "hotkey:ctb",
                "_t": "00:51:00",
                "_end": "-",
                "data": {
                    "lbl": {
                        "time": 275.284049,
                        "endTime": 283.446132,
                        "type": "skip",
                        "id": 3
                    },
                    "key": "enter"
                }
            },
            {
                "time": "2017-11-18T07:51:27.710Z",
                "type": "START",
                "source": "hotkey",
                "_t": "00:51:27",
                "_end": "-",
                "data": {
                    "type": "run",
                    "time": 383.110593
                }
            },
            {
                "time": "2017-11-18T07:51:35.740Z",
                "type": "END",
                "source": "hotkey:ctb",
                "_t": "00:51:35",
                "_end": "-",
                "data": {
                    "lbl": {
                        "time": 383.110593,
                        "endTime": 386.255843,
                        "type": "run",
                        "id": 4
                    },
                    "key": "enter"
                }
            },
            {
                "time": "2017-11-18T07:52:22.192Z",
                "type": "START",
                "source": "hotkey",
                "_t": "00:52:22",
                "_end": "-",
                "data": {
                    "type": "run",
                    "time": 484.856717
                }
            },
            {
                "time": "2017-11-18T07:52:30.685Z",
                "type": "END",
                "source": "hotkey:ctb",
                "_t": "00:52:30",
                "_end": "-",
                "data": {
                    "lbl": {
                        "time": 484.856717,
                        "endTime": 488.407279,
                        "type": "run",
                        "id": 5
                    },
                    "key": "enter"
                }
            },
            {
                "time": "2017-11-18T07:53:05.620Z",
                "type": "START",
                "source": "hotkey",
                "_t": "00:53:05",
                "_end": "-",
                "data": {
                    "type": "skip",
                    "time": 525.819453
                }
            },
            {
                "time": "2017-11-18T07:53:19.312Z",
                "type": "END",
                "source": "hotkey:ctb",
                "_t": "00:53:19",
                "_end": "-",
                "data": {
                    "lbl": {
                        "time": 525.819453,
                        "endTime": 533.612912,
                        "type": "skip",
                        "id": 6
                    },
                    "key": "enter"
                }
            },
            {
                "time": "2017-11-18T07:53:48.891Z",
                "type": "START",
                "source": "hotkey",
                "_t": "00:53:48",
                "_end": "-",
                "data": {
                    "type": "run",
                    "time": 549.906036
                }
            },
            {
                "time": "2017-11-18T07:53:55.217Z",
                "type": "END",
                "source": "hotkey:ctb",
                "_t": "00:53:55",
                "_end": "-",
                "data": {
                    "lbl": {
                        "time": 549.906036,
                        "endTime": 552.850411,
                        "type": "run",
                        "id": 7
                    },
                    "key": "enter"
                }
            },
            {
                "time": "2017-11-18T07:54:33.560Z",
                "type": "START",
                "source": "hotkey",
                "_t": "00:54:33",
                "_end": "-",
                "data": {
                    "type": "skip",
                    "time": 577.97928
                }
            },
            {
                "time": "2017-11-18T07:54:45.025Z",
                "type": "END",
                "source": "hotkey:ctb",
                "_t": "00:54:45",
                "_end": "-",
                "data": {
                    "lbl": {
                        "time": 577.97928,
                        "endTime": 586.542821,
                        "type": "skip",
                        "id": 8
                    },
                    "key": "enter"
                }
            },
            {
                "time": "2017-11-18T07:55:31.012Z",
                "type": "START",
                "source": "hotkey",
                "_t": "00:55:31",
                "_end": "-",
                "data": {
                    "type": "run",
                    "time": 653.026802
                }
            },
            {
                "time": "2017-11-18T07:55:38.769Z",
                "type": "END",
                "source": "hotkey:ctb",
                "_t": "00:55:38",
                "_end": "-",
                "data": {
                    "lbl": {
                        "time": 653.026802,
                        "endTime": 654.195781,
                        "type": "run",
                        "id": 9
                    },
                    "key": "enter"
                }
            }
        ],
        "navigationEvents": [
            {
                "time": "2017-11-18T07:45:49.603Z",
                "type": "PAUSE",
                "source": "video:button",
                "_t": "00:45:49",
                "_end": "-"
            },
            {
                "time": {
                    "start": "2017-11-18T07:45:06.554Z",
                    "end": "2017-11-18T07:47:24.251Z"
                },
                "type": "SCRUB",
                "source": "data:drag",
                "_t": "00:45:06",
                "_end": "00:47:24",
                "data": {
                    "time": 13.741343
                }
            },
            {
                "time": "2017-11-18T07:47:25.863Z",
                "type": "PLAY",
                "source": "video:button",
                "_t": "00:47:25",
                "_end": "-"
            },
            {
                "time": "2017-11-18T07:47:28.033Z",
                "type": "SKIP",
                "source": "hotkey",
                "_t": "00:47:28",
                "_end": "-",
                "data": {
                    "t": 15.517655,
                    "Δt": -10,
                    "key": "j"
                }
            },
            {
                "time": "2017-11-18T07:47:29.547Z",
                "type": "SKIP",
                "source": "hotkey",
                "_t": "00:47:29",
                "_end": "-",
                "data": {
                    "t": 6.84905,
                    "Δt": 10,
                    "key": "l"
                }
            },
            {
                "time": "2017-11-18T07:47:33.191Z",
                "type": "PAUSE",
                "source": "hotkey",
                "_t": "00:47:33",
                "_end": "-",
                "data": {
                    "key": "space"
                }
            },
            {
                "time": "2017-11-18T07:47:33.359Z",
                "type": "PLAY",
                "source": "video:button",
                "_t": "00:47:33",
                "_end": "-"
            },
            {
                "time": "2017-11-18T07:47:36.349Z",
                "type": "PAUSE",
                "source": "hotkey",
                "_t": "00:47:36",
                "_end": "-",
                "data": {
                    "key": "space"
                }
            },
            {
                "time": "2017-11-18T07:47:36.350Z",
                "type": "PLAY",
                "source": "video:button",
                "_t": "00:47:36",
                "_end": "-"
            },
            {
                "time": "2017-11-18T07:47:37.363Z",
                "type": "PAUSE",
                "source": "hotkey",
                "_t": "00:47:37",
                "_end": "-",
                "data": {
                    "key": "space"
                }
            },
            {
                "time": "2017-11-18T07:47:37.434Z",
                "type": "PLAY",
                "source": "video:button",
                "_t": "00:47:37",
                "_end": "-"
            },
            {
                "time": "2017-11-18T07:47:37.957Z",
                "type": "PAUSE",
                "source": "hotkey",
                "_t": "00:47:37",
                "_end": "-",
                "data": {
                    "key": "space"
                }
            },
            {
                "time": "2017-11-18T07:47:38.107Z",
                "type": "PLAY",
                "source": "video:button",
                "_t": "00:47:38",
                "_end": "-"
            },
            {
                "time": "2017-11-18T07:47:38.585Z",
                "type": "PAUSE",
                "source": "hotkey",
                "_t": "00:47:38",
                "_end": "-",
                "data": {
                    "key": "space"
                }
            },
            {
                "time": "2017-11-18T07:47:38.766Z",
                "type": "PLAY",
                "source": "video:button",
                "_t": "00:47:38",
                "_end": "-"
            },
            {
                "time": "2017-11-18T07:47:39.430Z",
                "type": "PAUSE",
                "source": "hotkey",
                "_t": "00:47:39",
                "_end": "-",
                "data": {
                    "key": "space"
                }
            },
            {
                "time": "2017-11-18T07:47:39.552Z",
                "type": "PLAY",
                "source": "video:button",
                "_t": "00:47:39",
                "_end": "-"
            },
            {
                "time": {
                    "start": "2017-11-18T07:45:06.554Z",
                    "end": "2017-11-18T07:47:49.269Z"
                },
                "type": "SCRUB",
                "source": "data:drag",
                "_t": "00:45:06",
                "_end": "00:47:49",
                "data": {
                    "time": 22.529605164835115
                }
            },
            {
                "time": "2017-11-18T07:47:52.776Z",
                "type": "PAUSE",
                "source": "hotkey",
                "_t": "00:47:52",
                "_end": "-",
                "data": {
                    "key": "space"
                }
            },
            {
                "time": {
                    "start": "2017-11-18T07:45:06.554Z",
                    "end": "2017-11-18T07:48:00.914Z"
                },
                "type": "SCRUB",
                "source": "data:drag",
                "_t": "00:45:06",
                "_end": "00:48:00",
                "data": {
                    "time": 21.993125
                }
            },
            {
                "time": {
                    "start": "2017-11-18T07:45:06.554Z",
                    "end": "2017-11-18T07:48:12.644Z"
                },
                "type": "SCRUB",
                "source": "data:drag",
                "_t": "00:45:06",
                "_end": "00:48:12",
                "data": {
                    "time": 22.896812
                }
            },
            {
                "time": "2017-11-18T07:48:26.990Z",
                "type": "PLAY",
                "source": "hotkey",
                "_t": "00:48:26",
                "_end": "-",
                "data": {
                    "key": "space"
                }
            },
            {
                "time": "2017-11-18T07:48:27.618Z",
                "type": "PAUSE",
                "source": "hotkey",
                "_t": "00:48:27",
                "_end": "-",
                "data": {
                    "key": "space"
                }
            },
            {
                "time": {
                    "start": "2017-11-18T07:45:06.554Z",
                    "end": "2017-11-18T07:48:32.815Z"
                },
                "type": "SCRUB",
                "source": "data:drag",
                "_t": "00:45:06",
                "_end": "00:48:32",
                "data": {
                    "time": 23.04038999999999
                }
            },
            {
                "time": "2017-11-18T07:48:39.248Z",
                "type": "PLAY",
                "source": "hotkey",
                "_t": "00:48:39",
                "_end": "-",
                "data": {
                    "key": "space"
                }
            },
            {
                "time": "2017-11-18T07:48:42.898Z",
                "type": "PAUSE",
                "source": "hotkey",
                "_t": "00:48:42",
                "_end": "-",
                "data": {
                    "key": "space"
                }
            },
            {
                "time": {
                    "start": "2017-11-18T07:45:06.554Z",
                    "end": "2017-11-18T07:48:46.151Z"
                },
                "type": "SCRUB",
                "source": "data:drag",
                "_t": "00:45:06",
                "_end": "00:48:46",
                "data": {
                    "time": 26.556452
                }
            },
            {
                "time": {
                    "start": "2017-11-18T07:45:06.554Z",
                    "end": "2017-11-18T07:48:47.863Z"
                },
                "type": "SCRUB",
                "source": "data:drag",
                "_t": "00:45:06",
                "_end": "00:48:47",
                "data": {
                    "time": 25.37892
                }
            },
            {
                "time": {
                    "start": "2017-11-18T07:45:06.554Z",
                    "end": "2017-11-18T07:48:48.759Z"
                },
                "type": "SCRUB",
                "source": "data:drag",
                "_t": "00:45:06",
                "_end": "00:48:48",
                "data": {
                    "time": 25.37892
                }
            },
            {
                "time": {
                    "start": "2017-11-18T07:45:06.554Z",
                    "end": "2017-11-18T07:48:57.471Z"
                },
                "type": "SCRUB",
                "source": "data:drag",
                "_t": "00:45:06",
                "_end": "00:48:57",
                "data": {
                    "time": 25.37892
                }
            },
            {
                "time": {
                    "start": "2017-11-18T07:45:06.554Z",
                    "end": "2017-11-18T07:49:03.570Z"
                },
                "type": "SCRUB",
                "source": "data:drag",
                "_t": "00:45:06",
                "_end": "00:49:03",
                "data": {
                    "time": 35.86717189792789
                }
            },
            {
                "time": {
                    "start": "2017-11-18T07:45:06.554Z",
                    "end": "2017-11-18T07:49:05.609Z"
                },
                "type": "SCRUB",
                "source": "data:drag",
                "_t": "00:45:06",
                "_end": "00:49:05",
                "data": {
                    "time": 42.220368972112674
                }
            },
            {
                "time": {
                    "start": "2017-11-18T07:45:06.554Z",
                    "end": "2017-11-18T07:49:15.377Z"
                },
                "type": "SCRUB",
                "source": "data:drag",
                "_t": "00:45:06",
                "_end": "00:49:15",
                "data": {
                    "time": 48.16279892650168
                }
            },
            {
                "time": "2017-11-18T07:49:18.897Z",
                "type": "PLAY",
                "source": "hotkey",
                "_t": "00:49:18",
                "_end": "-",
                "data": {
                    "key": "space"
                }
            },
            {
                "time": "2017-11-18T07:49:26.213Z",
                "type": "PAUSE",
                "source": "hotkey",
                "_t": "00:49:26",
                "_end": "-",
                "data": {
                    "key": "space"
                }
            },
            {
                "time": {
                    "start": "2017-11-18T07:45:06.554Z",
                    "end": "2017-11-18T07:49:33.350Z"
                },
                "type": "SCRUB",
                "source": "data:drag",
                "_t": "00:45:06",
                "_end": "00:49:33",
                "data": {
                    "time": 64.63766782167768
                }
            },
            {
                "time": {
                    "start": "2017-11-18T07:45:06.554Z",
                    "end": "2017-11-18T07:49:34.845Z"
                },
                "type": "SCRUB",
                "source": "data:drag",
                "_t": "00:45:06",
                "_end": "00:49:34",
                "data": {
                    "time": 75.39976459499759
                }
            },
            {
                "time": {
                    "start": "2017-11-18T07:45:06.554Z",
                    "end": "2017-11-18T07:49:38.099Z"
                },
                "type": "SCRUB",
                "source": "data:drag",
                "_t": "00:45:06",
                "_end": "00:49:38",
                "data": {
                    "time": 93.61043735540306
                }
            },
            {
                "time": {
                    "start": "2017-11-18T07:45:06.554Z",
                    "end": "2017-11-18T07:49:39.583Z"
                },
                "type": "SCRUB",
                "source": "data:drag",
                "_t": "00:45:06",
                "_end": "00:49:39",
                "data": {
                    "time": 114.03925140170394
                }
            },
            {
                "time": {
                    "start": "2017-11-18T07:45:06.554Z",
                    "end": "2017-11-18T07:49:41.901Z"
                },
                "type": "SCRUB",
                "source": "data:drag",
                "_t": "00:45:06",
                "_end": "00:49:41",
                "data": {
                    "time": 129.6483987332026
                }
            },
            {
                "time": {
                    "start": "2017-11-18T07:45:06.554Z",
                    "end": "2017-11-18T07:49:44.011Z"
                },
                "type": "SCRUB",
                "source": "data:drag",
                "_t": "00:45:06",
                "_end": "00:49:44",
                "data": {
                    "time": 151.30951453854078
                }
            },
            {
                "time": {
                    "start": "2017-11-18T07:45:06.554Z",
                    "end": "2017-11-18T07:49:45.819Z"
                },
                "type": "SCRUB",
                "source": "data:drag",
                "_t": "00:45:06",
                "_end": "00:49:45",
                "data": {
                    "time": 172.53247902322647
                }
            },
            {
                "time": {
                    "start": "2017-11-18T07:45:06.554Z",
                    "end": "2017-11-18T07:49:50.200Z"
                },
                "type": "SCRUB",
                "source": "data:drag",
                "_t": "00:45:06",
                "_end": "00:49:50",
                "data": {
                    "time": 249.51280952004487
                }
            },
            {
                "time": {
                    "start": "2017-11-18T07:45:06.554Z",
                    "end": "2017-11-18T07:49:57.397Z"
                },
                "type": "SCRUB",
                "source": "data:drag",
                "_t": "00:45:06",
                "_end": "00:49:57",
                "data": {
                    "time": 274.479404
                }
            },
            {
                "time": "2017-11-18T07:49:59.604Z",
                "type": "PLAY",
                "source": "hotkey",
                "_t": "00:49:59",
                "_end": "-",
                "data": {
                    "key": "space"
                }
            },
            {
                "time": "2017-11-18T07:50:00.033Z",
                "type": "PAUSE",
                "source": "hotkey",
                "_t": "00:50:00",
                "_end": "-",
                "data": {
                    "key": "space"
                }
            },
            {
                "time": "2017-11-18T07:50:03.448Z",
                "type": "PLAY",
                "source": "hotkey",
                "_t": "00:50:03",
                "_end": "-",
                "data": {
                    "key": "space"
                }
            },
            {
                "time": "2017-11-18T07:50:12.155Z",
                "type": "PAUSE",
                "source": "hotkey",
                "_t": "00:50:12",
                "_end": "-",
                "data": {
                    "key": "space"
                }
            },
            {
                "time": "2017-11-18T07:50:15.432Z",
                "type": "PLAY",
                "source": "hotkey",
                "_t": "00:50:15",
                "_end": "-",
                "data": {
                    "key": "space"
                }
            },
            {
                "time": {
                    "start": "2017-11-18T07:45:06.554Z",
                    "end": "2017-11-18T07:50:23.781Z"
                },
                "type": "SCRUB",
                "source": "data:drag",
                "_t": "00:45:06",
                "_end": "00:50:23",
                "data": {
                    "time": 368.65107499355895
                }
            },
            {
                "time": {
                    "start": "2017-11-18T07:45:06.554Z",
                    "end": "2017-11-18T07:50:30.157Z"
                },
                "type": "SCRUB",
                "source": "data:drag",
                "_t": "00:45:06",
                "_end": "00:50:30",
                "data": {
                    "time": 292.7209725325468
                }
            },
            {
                "time": {
                    "start": "2017-11-18T07:45:06.554Z",
                    "end": "2017-11-18T07:50:35.926Z"
                },
                "type": "SCRUB",
                "source": "data:drag",
                "_t": "00:45:06",
                "_end": "00:50:35",
                "data": {
                    "time": 276.178817
                }
            },
            {
                "time": {
                    "start": "2017-11-18T07:45:06.554Z",
                    "end": "2017-11-18T07:50:37.880Z"
                },
                "type": "SCRUB",
                "source": "data:drag",
                "_t": "00:45:06",
                "_end": "00:50:37",
                "data": {
                    "time": 278.20438
                }
            },
            {
                "time": {
                    "start": "2017-11-18T07:45:06.554Z",
                    "end": "2017-11-18T07:50:39.369Z"
                },
                "type": "SCRUB",
                "source": "data:drag",
                "_t": "00:45:06",
                "_end": "00:50:39",
                "data": {
                    "time": 279.741359
                }
            },
            {
                "time": {
                    "start": "2017-11-18T07:45:06.554Z",
                    "end": "2017-11-18T07:50:45.083Z"
                },
                "type": "SCRUB",
                "source": "data:drag",
                "_t": "00:45:06",
                "_end": "00:50:45",
                "data": {
                    "time": 273.3828617368521
                }
            },
            {
                "time": "2017-11-18T07:50:47.148Z",
                "type": "PAUSE",
                "source": "hotkey",
                "_t": "00:50:47",
                "_end": "-",
                "data": {
                    "key": "space"
                }
            },
            {
                "time": "2017-11-18T07:50:50.475Z",
                "type": "PLAY",
                "source": "hotkey",
                "_t": "00:50:50",
                "_end": "-",
                "data": {
                    "key": "space"
                }
            },
            {
                "time": "2017-11-18T07:50:58.778Z",
                "type": "PAUSE",
                "source": "hotkey",
                "_t": "00:50:58",
                "_end": "-",
                "data": {
                    "key": "space"
                }
            },
            {
                "time": {
                    "start": "2017-11-18T07:45:06.554Z",
                    "end": "2017-11-18T07:51:03.727Z"
                },
                "type": "SCRUB",
                "source": "data:drag",
                "_t": "00:45:06",
                "_end": "00:51:03",
                "data": {
                    "time": 361.6503151515241
                }
            },
            {
                "time": {
                    "start": "2017-11-18T07:45:06.554Z",
                    "end": "2017-11-18T07:51:08.305Z"
                },
                "type": "SCRUB",
                "source": "data:drag",
                "_t": "00:45:06",
                "_end": "00:51:08",
                "data": {
                    "time": 382.08865394568693
                }
            },
            {
                "time": "2017-11-18T07:51:09.101Z",
                "type": "PLAY",
                "source": "hotkey",
                "_t": "00:51:09",
                "_end": "-",
                "data": {
                    "key": "space"
                }
            },
            {
                "time": "2017-11-18T07:51:10.417Z",
                "type": "PAUSE",
                "source": "hotkey",
                "_t": "00:51:10",
                "_end": "-",
                "data": {
                    "key": "space"
                }
            },
            {
                "time": "2017-11-18T07:51:14.549Z",
                "type": "SKIP",
                "source": "hotkey",
                "_t": "00:51:14",
                "_end": "-",
                "data": {
                    "t": 383.377529,
                    "Δt": -0.033366700033366704,
                    "key": "shift+left"
                }
            },
            {
                "time": "2017-11-18T07:51:15.988Z",
                "type": "SKIP",
                "source": "hotkey",
                "_t": "00:51:15",
                "_end": "-",
                "data": {
                    "t": 383.344162,
                    "Δt": -0.033366700033366704,
                    "key": "shift+left"
                }
            },
            {
                "time": "2017-11-18T07:51:17.287Z",
                "type": "SKIP",
                "source": "hotkey",
                "_t": "00:51:17",
                "_end": "-",
                "data": {
                    "t": 383.310795,
                    "Δt": -0.033366700033366704,
                    "key": "shift+left"
                }
            },
            {
                "time": "2017-11-18T07:51:18.963Z",
                "type": "SKIP",
                "source": "hotkey",
                "_t": "00:51:18",
                "_end": "-",
                "data": {
                    "t": 383.277428,
                    "Δt": -0.033366700033366704,
                    "key": "shift+left"
                }
            },
            {
                "time": "2017-11-18T07:51:20.362Z",
                "type": "SKIP",
                "source": "hotkey",
                "_t": "00:51:20",
                "_end": "-",
                "data": {
                    "t": 383.244061,
                    "Δt": -0.033366700033366704,
                    "key": "shift+left"
                }
            },
            {
                "time": "2017-11-18T07:51:21.690Z",
                "type": "SKIP",
                "source": "hotkey",
                "_t": "00:51:21",
                "_end": "-",
                "data": {
                    "t": 383.210694,
                    "Δt": -0.033366700033366704,
                    "key": "shift+left"
                }
            },
            {
                "time": "2017-11-18T07:51:23.615Z",
                "type": "SKIP",
                "source": "hotkey",
                "_t": "00:51:23",
                "_end": "-",
                "data": {
                    "t": 383.177327,
                    "Δt": -0.033366700033366704,
                    "key": "shift+left"
                }
            },
            {
                "time": "2017-11-18T07:51:25.030Z",
                "type": "SKIP",
                "source": "hotkey",
                "_t": "00:51:25",
                "_end": "-",
                "data": {
                    "t": 383.14396,
                    "Δt": -0.033366700033366704,
                    "key": "shift+left"
                }
            },
            {
                "time": "2017-11-18T07:51:28.523Z",
                "type": "PLAY",
                "source": "hotkey",
                "_t": "00:51:28",
                "_end": "-",
                "data": {
                    "key": "space"
                }
            },
            {
                "time": "2017-11-18T07:51:31.492Z",
                "type": "PAUSE",
                "source": "hotkey",
                "_t": "00:51:31",
                "_end": "-",
                "data": {
                    "key": "space"
                }
            },
            {
                "time": "2017-11-18T07:51:32.302Z",
                "type": "PLAY",
                "source": "hotkey",
                "_t": "00:51:32",
                "_end": "-",
                "data": {
                    "key": "space"
                }
            },
            {
                "time": "2017-11-18T07:51:32.495Z",
                "type": "PAUSE",
                "source": "hotkey",
                "_t": "00:51:32",
                "_end": "-",
                "data": {
                    "key": "space"
                }
            },
            {
                "time": {
                    "start": "2017-11-18T07:45:06.554Z",
                    "end": "2017-11-18T07:51:48.246Z"
                },
                "type": "SCRUB",
                "source": "data:drag",
                "_t": "00:45:06",
                "_end": "00:51:48",
                "data": {
                    "time": 484.653595
                }
            },
            {
                "time": "2017-11-18T07:51:48.853Z",
                "type": "PLAY",
                "source": "hotkey",
                "_t": "00:51:48",
                "_end": "-",
                "data": {
                    "key": "space"
                }
            },
            {
                "time": "2017-11-18T07:51:49.561Z",
                "type": "PAUSE",
                "source": "hotkey",
                "_t": "00:51:49",
                "_end": "-",
                "data": {
                    "key": "space"
                }
            },
            {
                "time": "2017-11-18T07:51:52.556Z",
                "type": "SKIP",
                "source": "hotkey",
                "_t": "00:51:52",
                "_end": "-",
                "data": {
                    "t": 485.213532,
                    "Δt": -10,
                    "key": "j"
                }
            },
            {
                "time": "2017-11-18T07:51:55.034Z",
                "type": "PLAY",
                "source": "hotkey",
                "_t": "00:51:55",
                "_end": "-",
                "data": {
                    "key": "space"
                }
            },
            {
                "time": "2017-11-18T07:52:04.892Z",
                "type": "PAUSE",
                "source": "hotkey",
                "_t": "00:52:04",
                "_end": "-",
                "data": {
                    "key": "space"
                }
            },
            {
                "time": "2017-11-18T07:52:08.278Z",
                "type": "SKIP",
                "source": "hotkey",
                "_t": "00:52:08",
                "_end": "-",
                "data": {
                    "t": 485.023552,
                    "Δt": -0.033366700033366704,
                    "key": "shift+left"
                }
            },
            {
                "time": "2017-11-18T07:52:09.106Z",
                "type": "SKIP",
                "source": "hotkey",
                "_t": "00:52:09",
                "_end": "-",
                "data": {
                    "t": 484.990185,
                    "Δt": -0.033366700033366704,
                    "key": "shift+left"
                }
            },
            {
                "time": "2017-11-18T07:52:09.945Z",
                "type": "SKIP",
                "source": "hotkey",
                "_t": "00:52:09",
                "_end": "-",
                "data": {
                    "t": 484.956818,
                    "Δt": -0.033366700033366704,
                    "key": "shift+left"
                }
            },
            {
                "time": "2017-11-18T07:52:10.738Z",
                "type": "SKIP",
                "source": "hotkey",
                "_t": "00:52:10",
                "_end": "-",
                "data": {
                    "t": 484.923451,
                    "Δt": -0.033366700033366704,
                    "key": "shift+left"
                }
            },
            {
                "time": "2017-11-18T07:52:11.481Z",
                "type": "SKIP",
                "source": "hotkey",
                "_t": "00:52:11",
                "_end": "-",
                "data": {
                    "t": 484.890084,
                    "Δt": -0.033366700033366704,
                    "key": "shift+left"
                }
            },
            {
                "time": "2017-11-18T07:52:12.360Z",
                "type": "SKIP",
                "source": "hotkey",
                "_t": "00:52:12",
                "_end": "-",
                "data": {
                    "t": 484.856717,
                    "Δt": -0.033366700033366704,
                    "key": "shift+left"
                }
            },
            {
                "time": "2017-11-18T07:52:13.459Z",
                "type": "SKIP",
                "source": "hotkey",
                "_t": "00:52:13",
                "_end": "-",
                "data": {
                    "t": 484.82335,
                    "Δt": 0.033366700033366704,
                    "key": "shift+right"
                }
            },
            {
                "time": "2017-11-18T07:52:24.098Z",
                "type": "PLAY",
                "source": "hotkey",
                "_t": "00:52:24",
                "_end": "-",
                "data": {
                    "key": "space"
                }
            },
            {
                "time": "2017-11-18T07:52:27.670Z",
                "type": "PAUSE",
                "source": "hotkey",
                "_t": "00:52:27",
                "_end": "-",
                "data": {
                    "key": "space"
                }
            },
            {
                "time": "2017-11-18T07:52:28.374Z",
                "type": "PLAY",
                "source": "hotkey",
                "_t": "00:52:28",
                "_end": "-",
                "data": {
                    "key": "space"
                }
            },
            {
                "time": "2017-11-18T07:52:28.801Z",
                "type": "PAUSE",
                "source": "hotkey",
                "_t": "00:52:28",
                "_end": "-",
                "data": {
                    "key": "space"
                }
            },
            {
                "time": "2017-11-18T07:52:32.125Z",
                "type": "PLAY",
                "source": "hotkey",
                "_t": "00:52:32",
                "_end": "-",
                "data": {
                    "key": "space"
                }
            },
            {
                "time": "2017-11-18T07:52:33.222Z",
                "type": "PAUSE",
                "source": "hotkey",
                "_t": "00:52:33",
                "_end": "-",
                "data": {
                    "key": "space"
                }
            },
            {
                "time": {
                    "start": "2017-11-18T07:45:06.554Z",
                    "end": "2017-11-18T07:52:36.711Z"
                },
                "type": "SCRUB",
                "source": "data:drag",
                "_t": "00:45:06",
                "_end": "00:52:36",
                "data": {
                    "time": 525.804911
                }
            },
            {
                "time": "2017-11-18T07:52:38.201Z",
                "type": "PLAY",
                "source": "hotkey",
                "_t": "00:52:38",
                "_end": "-",
                "data": {
                    "key": "space"
                }
            },
            {
                "time": "2017-11-18T07:52:38.388Z",
                "type": "PAUSE",
                "source": "hotkey",
                "_t": "00:52:38",
                "_end": "-",
                "data": {
                    "key": "space"
                }
            },
            {
                "time": "2017-11-18T07:52:40.565Z",
                "type": "SKIP",
                "source": "hotkey",
                "_t": "00:52:40",
                "_end": "-",
                "data": {
                    "t": 525.965598,
                    "Δt": -0.033366700033366704,
                    "key": "shift+left"
                }
            },
            {
                "time": "2017-11-18T07:52:41.094Z",
                "type": "SKIP",
                "source": "hotkey",
                "_t": "00:52:41",
                "_end": "-",
                "data": {
                    "t": 525.932231,
                    "Δt": -0.033366700033366704,
                    "key": "shift+left"
                }
            },
            {
                "time": "2017-11-18T07:52:41.749Z",
                "type": "SKIP",
                "source": "hotkey",
                "_t": "00:52:41",
                "_end": "-",
                "data": {
                    "t": 525.898864,
                    "Δt": -0.033366700033366704,
                    "key": "shift+left"
                }
            },
            {
                "time": "2017-11-18T07:52:42.486Z",
                "type": "SKIP",
                "source": "hotkey",
                "_t": "00:52:42",
                "_end": "-",
                "data": {
                    "t": 525.865497,
                    "Δt": -0.033366700033366704,
                    "key": "shift+left"
                }
            },
            {
                "time": "2017-11-18T07:52:43.326Z",
                "type": "SKIP",
                "source": "hotkey",
                "_t": "00:52:43",
                "_end": "-",
                "data": {
                    "t": 525.83213,
                    "Δt": -0.033366700033366704,
                    "key": "shift+left"
                }
            },
            {
                "time": "2017-11-18T07:52:44.577Z",
                "type": "SKIP",
                "source": "hotkey",
                "_t": "00:52:44",
                "_end": "-",
                "data": {
                    "t": 525.798763,
                    "Δt": -0.033366700033366704,
                    "key": "shift+left"
                }
            },
            {
                "time": "2017-11-18T07:52:46.759Z",
                "type": "SKIP",
                "source": "hotkey",
                "_t": "00:52:46",
                "_end": "-",
                "data": {
                    "t": 525.765396,
                    "Δt": -0.033366700033366704,
                    "key": "shift+left"
                }
            },
            {
                "time": "2017-11-18T07:52:47.857Z",
                "type": "SKIP",
                "source": "hotkey",
                "_t": "00:52:47",
                "_end": "-",
                "data": {
                    "t": 525.732029,
                    "Δt": -0.033366700033366704,
                    "key": "shift+left"
                }
            },
            {
                "time": "2017-11-18T07:53:01.699Z",
                "type": "PLAY",
                "source": "hotkey",
                "_t": "00:53:01",
                "_end": "-",
                "data": {
                    "key": "space"
                }
            },
            {
                "time": "2017-11-18T07:53:01.859Z",
                "type": "PAUSE",
                "source": "hotkey",
                "_t": "00:53:01",
                "_end": "-",
                "data": {
                    "key": "space"
                }
            },
            {
                "time": "2017-11-18T07:53:02.520Z",
                "type": "PLAY",
                "source": "hotkey",
                "_t": "00:53:02",
                "_end": "-",
                "data": {
                    "key": "space"
                }
            },
            {
                "time": "2017-11-18T07:53:02.692Z",
                "type": "PAUSE",
                "source": "hotkey",
                "_t": "00:53:02",
                "_end": "-",
                "data": {
                    "key": "space"
                }
            },
            {
                "time": "2017-11-18T07:53:07.792Z",
                "type": "PLAY",
                "source": "hotkey",
                "_t": "00:53:07",
                "_end": "-",
                "data": {
                    "key": "space"
                }
            },
            {
                "time": "2017-11-18T07:53:15.823Z",
                "type": "PAUSE",
                "source": "hotkey",
                "_t": "00:53:15",
                "_end": "-",
                "data": {
                    "key": "space"
                }
            },
            {
                "time": {
                    "start": "2017-11-18T07:45:06.554Z",
                    "end": "2017-11-18T07:53:23.875Z"
                },
                "type": "SCRUB",
                "source": "data:drag",
                "_t": "00:45:06",
                "_end": "00:53:23",
                "data": {
                    "time": 548.2991435777575
                }
            },
            {
                "time": "2017-11-18T07:53:24.340Z",
                "type": "PLAY",
                "source": "hotkey",
                "_t": "00:53:24",
                "_end": "-",
                "data": {
                    "key": "space"
                }
            },
            {
                "time": "2017-11-18T07:53:26.520Z",
                "type": "PAUSE",
                "source": "hotkey",
                "_t": "00:53:26",
                "_end": "-",
                "data": {
                    "key": "space"
                }
            },
            {
                "time": "2017-11-18T07:53:28.478Z",
                "type": "SKIP",
                "source": "hotkey",
                "_t": "00:53:28",
                "_end": "-",
                "data": {
                    "t": 550.239706,
                    "Δt": -0.033366700033366704,
                    "key": "shift+left"
                }
            },
            {
                "time": "2017-11-18T07:53:29.212Z",
                "type": "SKIP",
                "source": "hotkey",
                "_t": "00:53:29",
                "_end": "-",
                "data": {
                    "t": 550.206339,
                    "Δt": -0.033366700033366704,
                    "key": "shift+left"
                }
            },
            {
                "time": "2017-11-18T07:53:30.191Z",
                "type": "SKIP",
                "source": "hotkey",
                "_t": "00:53:30",
                "_end": "-",
                "data": {
                    "t": 550.172972,
                    "Δt": -0.033366700033366704,
                    "key": "shift+left"
                }
            },
            {
                "time": "2017-11-18T07:53:31.233Z",
                "type": "SKIP",
                "source": "hotkey",
                "_t": "00:53:31",
                "_end": "-",
                "data": {
                    "t": 550.139605,
                    "Δt": -0.033366700033366704,
                    "key": "shift+left"
                }
            },
            {
                "time": "2017-11-18T07:53:32.184Z",
                "type": "SKIP",
                "source": "hotkey",
                "_t": "00:53:32",
                "_end": "-",
                "data": {
                    "t": 550.106238,
                    "Δt": -0.033366700033366704,
                    "key": "shift+left"
                }
            },
            {
                "time": "2017-11-18T07:53:33.131Z",
                "type": "SKIP",
                "source": "hotkey",
                "_t": "00:53:33",
                "_end": "-",
                "data": {
                    "t": 550.072871,
                    "Δt": -0.033366700033366704,
                    "key": "shift+left"
                }
            },
            {
                "time": "2017-11-18T07:53:34.103Z",
                "type": "SKIP",
                "source": "hotkey",
                "_t": "00:53:34",
                "_end": "-",
                "data": {
                    "t": 550.039504,
                    "Δt": -0.033366700033366704,
                    "key": "shift+left"
                }
            },
            {
                "time": "2017-11-18T07:53:34.958Z",
                "type": "SKIP",
                "source": "hotkey",
                "_t": "00:53:34",
                "_end": "-",
                "data": {
                    "t": 550.006137,
                    "Δt": -0.033366700033366704,
                    "key": "shift+left"
                }
            },
            {
                "time": "2017-11-18T07:53:35.625Z",
                "type": "SKIP",
                "source": "hotkey",
                "_t": "00:53:35",
                "_end": "-",
                "data": {
                    "t": 549.97277,
                    "Δt": -0.033366700033366704,
                    "key": "shift+left"
                }
            },
            {
                "time": "2017-11-18T07:53:36.330Z",
                "type": "SKIP",
                "source": "hotkey",
                "_t": "00:53:36",
                "_end": "-",
                "data": {
                    "t": 549.939403,
                    "Δt": -0.033366700033366704,
                    "key": "shift+left"
                }
            },
            {
                "time": "2017-11-18T07:53:37.443Z",
                "type": "SKIP",
                "source": "hotkey",
                "_t": "00:53:37",
                "_end": "-",
                "data": {
                    "t": 549.906036,
                    "Δt": -0.033366700033366704,
                    "key": "shift+left"
                }
            },
            {
                "time": "2017-11-18T07:53:38.406Z",
                "type": "SKIP",
                "source": "hotkey",
                "_t": "00:53:38",
                "_end": "-",
                "data": {
                    "t": 549.872669,
                    "Δt": -0.033366700033366704,
                    "key": "shift+left"
                }
            },
            {
                "time": "2017-11-18T07:53:39.502Z",
                "type": "SKIP",
                "source": "hotkey",
                "_t": "00:53:39",
                "_end": "-",
                "data": {
                    "t": 549.839302,
                    "Δt": -0.033366700033366704,
                    "key": "shift+left"
                }
            },
            {
                "time": "2017-11-18T07:53:40.948Z",
                "type": "SKIP",
                "source": "hotkey",
                "_t": "00:53:40",
                "_end": "-",
                "data": {
                    "t": 549.805935,
                    "Δt": -0.033366700033366704,
                    "key": "shift+left"
                }
            },
            {
                "time": "2017-11-18T07:53:41.800Z",
                "type": "SKIP",
                "source": "hotkey",
                "_t": "00:53:41",
                "_end": "-",
                "data": {
                    "t": 549.772568,
                    "Δt": 0.033366700033366704,
                    "key": "shift+right"
                }
            },
            {
                "time": "2017-11-18T07:53:42.479Z",
                "type": "SKIP",
                "source": "hotkey",
                "_t": "00:53:42",
                "_end": "-",
                "data": {
                    "t": 549.805935,
                    "Δt": 0.033366700033366704,
                    "key": "shift+right"
                }
            },
            {
                "time": "2017-11-18T07:53:43.402Z",
                "type": "SKIP",
                "source": "hotkey",
                "_t": "00:53:43",
                "_end": "-",
                "data": {
                    "t": 549.839302,
                    "Δt": 0.033366700033366704,
                    "key": "shift+right"
                }
            },
            {
                "time": "2017-11-18T07:53:44.224Z",
                "type": "SKIP",
                "source": "hotkey",
                "_t": "00:53:44",
                "_end": "-",
                "data": {
                    "t": 549.872669,
                    "Δt": 0.033366700033366704,
                    "key": "shift+right"
                }
            },
            {
                "time": "2017-11-18T07:53:49.899Z",
                "type": "PLAY",
                "source": "hotkey",
                "_t": "00:53:49",
                "_end": "-",
                "data": {
                    "key": "space"
                }
            },
            {
                "time": "2017-11-18T07:53:53.180Z",
                "type": "PAUSE",
                "source": "hotkey",
                "_t": "00:53:53",
                "_end": "-",
                "data": {
                    "key": "space"
                }
            },
            {
                "time": "2017-11-18T07:53:56.125Z",
                "type": "PLAY",
                "source": "hotkey",
                "_t": "00:53:56",
                "_end": "-",
                "data": {
                    "key": "space"
                }
            },
            {
                "time": "2017-11-18T07:53:58.325Z",
                "type": "PAUSE",
                "source": "hotkey",
                "_t": "00:53:58",
                "_end": "-",
                "data": {
                    "key": "space"
                }
            },
            {
                "time": {
                    "start": "2017-11-18T07:45:06.554Z",
                    "end": "2017-11-18T07:54:03.851Z"
                },
                "type": "SCRUB",
                "source": "data:drag",
                "_t": "00:45:06",
                "_end": "00:54:03",
                "data": {
                    "time": 577.63834
                }
            },
            {
                "time": "2017-11-18T07:54:04.514Z",
                "type": "PLAY",
                "source": "hotkey",
                "_t": "00:54:04",
                "_end": "-",
                "data": {
                    "key": "space"
                }
            },
            {
                "time": "2017-11-18T07:54:04.699Z",
                "type": "PAUSE",
                "source": "hotkey",
                "_t": "00:54:04",
                "_end": "-",
                "data": {
                    "key": "space"
                }
            },
            {
                "time": "2017-11-18T07:54:05.180Z",
                "type": "PLAY",
                "source": "hotkey",
                "_t": "00:54:05",
                "_end": "-",
                "data": {
                    "key": "space"
                }
            },
            {
                "time": "2017-11-18T07:54:05.534Z",
                "type": "PAUSE",
                "source": "hotkey",
                "_t": "00:54:05",
                "_end": "-",
                "data": {
                    "key": "space"
                }
            },
            {
                "time": "2017-11-18T07:54:07.313Z",
                "type": "SKIP",
                "source": "hotkey",
                "_t": "00:54:07",
                "_end": "-",
                "data": {
                    "t": 578.079381,
                    "Δt": -0.033366700033366704,
                    "key": "shift+left"
                }
            },
            {
                "time": "2017-11-18T07:54:08.081Z",
                "type": "SKIP",
                "source": "hotkey",
                "_t": "00:54:08",
                "_end": "-",
                "data": {
                    "t": 578.046014,
                    "Δt": -0.033366700033366704,
                    "key": "shift+left"
                }
            },
            {
                "time": "2017-11-18T07:54:09.275Z",
                "type": "SKIP",
                "source": "hotkey",
                "_t": "00:54:09",
                "_end": "-",
                "data": {
                    "t": 578.012647,
                    "Δt": -0.033366700033366704,
                    "key": "shift+left"
                }
            },
            {
                "time": "2017-11-18T07:54:34.246Z",
                "type": "PLAY",
                "source": "hotkey",
                "_t": "00:54:34",
                "_end": "-",
                "data": {
                    "key": "space"
                }
            },
            {
                "time": "2017-11-18T07:54:42.987Z",
                "type": "PAUSE",
                "source": "hotkey",
                "_t": "00:54:42",
                "_end": "-",
                "data": {
                    "key": "space"
                }
            },
            {
                "time": {
                    "start": "2017-11-18T07:45:06.554Z",
                    "end": "2017-11-18T07:54:50.140Z"
                },
                "type": "SCRUB",
                "source": "data:drag",
                "_t": "00:45:06",
                "_end": "00:54:50",
                "data": {
                    "time": 632.8044504699261
                }
            },
            {
                "time": {
                    "start": "2017-11-18T07:45:06.554Z",
                    "end": "2017-11-18T07:54:52.548Z"
                },
                "type": "SCRUB",
                "source": "data:drag",
                "_t": "00:45:06",
                "_end": "00:54:52",
                "data": {
                    "time": 648.8369194723782
                }
            },
            {
                "time": "2017-11-18T07:54:52.861Z",
                "type": "PLAY",
                "source": "hotkey",
                "_t": "00:54:52",
                "_end": "-",
                "data": {
                    "key": "space"
                }
            },
            {
                "time": "2017-11-18T07:54:56.404Z",
                "type": "PAUSE",
                "source": "hotkey",
                "_t": "00:54:56",
                "_end": "-",
                "data": {
                    "key": "space"
                }
            },
            {
                "time": "2017-11-18T07:54:58.228Z",
                "type": "PLAY",
                "source": "hotkey",
                "_t": "00:54:58",
                "_end": "-",
                "data": {
                    "key": "space"
                }
            },
            {
                "time": "2017-11-18T07:55:02.588Z",
                "type": "PAUSE",
                "source": "hotkey",
                "_t": "00:55:02",
                "_end": "-",
                "data": {
                    "key": "space"
                }
            },
            {
                "time": {
                    "start": "2017-11-18T07:45:06.554Z",
                    "end": "2017-11-18T07:55:19.429Z"
                },
                "type": "SCRUB",
                "source": "data:drag",
                "_t": "00:45:06",
                "_end": "00:55:19",
                "data": {
                    "time": 652.1623433472773
                }
            },
            {
                "time": "2017-11-18T07:55:20.658Z",
                "type": "PLAY",
                "source": "hotkey",
                "_t": "00:55:20",
                "_end": "-",
                "data": {
                    "key": "space"
                }
            },
            {
                "time": "2017-11-18T07:55:21.935Z",
                "type": "PAUSE",
                "source": "hotkey",
                "_t": "00:55:21",
                "_end": "-",
                "data": {
                    "key": "space"
                }
            },
            {
                "time": {
                    "start": "2017-11-18T07:45:06.554Z",
                    "end": "2017-11-18T07:55:23.704Z"
                },
                "type": "SCRUB",
                "source": "data:drag",
                "_t": "00:45:06",
                "_end": "00:55:23",
                "data": {
                    "time": 653.41203
                }
            },
            {
                "time": {
                    "start": "2017-11-18T07:45:06.554Z",
                    "end": "2017-11-18T07:55:24.548Z"
                },
                "type": "SCRUB",
                "source": "data:drag",
                "_t": "00:45:06",
                "_end": "00:55:24",
                "data": {
                    "time": 652.8256363151461
                }
            },
            {
                "time": "2017-11-18T07:55:25.635Z",
                "type": "PLAY",
                "source": "hotkey",
                "_t": "00:55:25",
                "_end": "-",
                "data": {
                    "key": "space"
                }
            },
            {
                "time": "2017-11-18T07:55:25.866Z",
                "type": "PAUSE",
                "source": "hotkey",
                "_t": "00:55:25",
                "_end": "-",
                "data": {
                    "key": "space"
                }
            },
            {
                "time": "2017-11-18T07:55:33.643Z",
                "type": "PLAY",
                "source": "hotkey",
                "_t": "00:55:33",
                "_end": "-",
                "data": {
                    "key": "space"
                }
            },
            {
                "time": "2017-11-18T07:55:35.187Z",
                "type": "PAUSE",
                "source": "hotkey",
                "_t": "00:55:35",
                "_end": "-",
                "data": {
                    "key": "space"
                }
            }
        ]
    }
}