[{"time":23.040389999999316,"endTime":26.36476071205034,"type":"run","id":1},{"time":48.162799,"endTime":55.436486,"type":"skip","id":2},{"time":275.284049,"endTime":283.446132,"type":"skip","id":3},{"time":383.110593,"endTime":386.255843,"type":"run","id":4},{"time":484.856717,"endTime":488.407279,"type":"run","id":5},{"time":525.819453,"endTime":533.612912,"type":"skip","id":6},{"time":549.906036,"endTime":552.850411,"type":"run","id":7},{"time":577.97928,"endTime":586.542821,"type":"skip","id":8},{"time":653.026802,"endTime":654.195781,"type":"run","id":9}]