[
    {
        "time": 23.037138000003594,
        "endTime": 26.376427530434576,
        "id": 1,
        "type": "run"
    },
    {
        "time": 48.162799,
        "endTime": 55.436486,
        "id": 2,
        "type": "skip"
    },
    {
        "time": 274.950695,
        "endTime": 283.446132,
        "id": 3,
        "type": "skip"
    },
    {
        "time": 383.110593,
        "endTime": 386.40383491304453,
        "id": 4,
        "type": "run"
    },
    {
        "time": 484.848803,
        "endTime": 488.407279,
        "id": 5,
        "type": "run"
    },
    {
        "time": 525.6197349999281,
        "endTime": 533.9220136434622,
        "id": 6,
        "type": "skip"
    },
    {
        "time": 549.807435,
        "endTime": 553.2062816959641,
        "id": 7,
        "type": "run"
    },
    {
        "time": 577.691499,
        "endTime": 586.542821,
        "id": 8,
        "type": "skip"
    },
    {
        "time": 652.700633,
        "endTime": 654.467984,
        "id": 9,
        "type": "run"
    }
]