{
    "user_id": "049",
    "session_id": "5a789de3ee2b1975ba835b9c",
    "study": "studyD",
    "workspace": "newrun.Run-thurs-five-fixed-finally",
    "details": {
        "workspace": "newrun.Run-thurs-five-fixed-finally",
        "labels": [
            {
                "time": 31.977676973605877,
                "endTime": 37.867430613452456,
                "type": "skip",
                "id": 1
            },
            {
                "time": 62.761860166881064,
                "endTime": 67.00134483865473,
                "type": "run",
                "id": 2
            },
            {
                "time": 127.460119,
                "endTime": 136.25207008556714,
                "type": "skip",
                "id": 3
            },
            {
                "time": 201.941588,
                "endTime": 210.61972742103094,
                "type": "skip",
                "id": 4
            },
            {
                "time": 278.992083,
                "endTime": 283.3453791685789,
                "type": "run",
                "id": 5
            },
            {
                "time": 475.463207,
                "endTime": 479.47506817497197,
                "type": "run",
                "id": 6
            },
            {
                "time": 543.660919,
                "endTime": 548.2987443299321,
                "type": "run",
                "id": 7
            },
            {
                "time": 598.916481,
                "endTime": 608.5051137373275,
                "type": "skip",
                "id": 8
            }
        ],
        "_starts": [
            "2018-02-05T18:30:59.000Z"
        ],
        "_ends": [
            "2018-02-05T18:34:09.175Z"
        ]
    },
    "labels_file": "/home/ubuntu/vat/data/user-studies/studyD/run-blue/049.labels.json",
    "videoFlash": 3.929378,
    "surveys": {
        "user-info": {
            "firstname": "Rebekah",
            "lastname": "Day",
            "email": "rebekahday@gmail.com"
        },
        "practice-first": {
            "question1": "3",
            "question2": "ok",
            "question3": "30",
            "question4": "4"
        },
        "practice-second": {},
        "practice-third": {},
        "practice-survey": {},
        "pill-blue": {
            "question1": "5",
            "question2": "4",
            "question3": "100",
            "question4": "90"
        },
        "pill-red": {
            "question1": "4",
            "question2": "4",
            "question3": "50",
            "question4": "90"
        },
        "pill-orange": {
            "question1": "3",
            "question2": "3",
            "question3": "80",
            "question4": "70"
        },
        "pills-survey": {
            "question1": "5",
            "question2": "4",
            "question3": "4",
            "question4": "4"
        }
    },
    "logs": {
        "labelEvents": [
            {
                "time": "2018-02-05T18:31:29.987Z",
                "type": "START",
                "source": "side-bar:button",
                "_t": "11:31:29",
                "_end": "-",
                "data": {
                    "type": "skip",
                    "time": 35.022139
                }
            },
            {
                "time": "2018-02-05T18:31:32.888Z",
                "type": "END",
                "source": "data:click:h_pos",
                "_t": "11:31:32",
                "_end": "-",
                "data": {
                    "lbl": {
                        "time": 31.977676973605877,
                        "endTime": 37.867430613452456,
                        "type": "skip",
                        "id": 1
                    }
                }
            },
            {
                "time": "2018-02-05T18:31:33.348Z",
                "type": "SELECT",
                "source": "data:click",
                "_t": "11:31:33",
                "_end": "-",
                "data": {
                    "time": 31.977676973605877,
                    "endTime": 37.867430613452456,
                    "type": "skip",
                    "id": 1
                }
            },
            {
                "time": {
                    "start": "2018-02-05T18:31:34.147Z",
                    "end": "2018-02-05T18:31:35.883Z"
                },
                "type": "RESIZE",
                "source": "data:brush",
                "_t": "11:31:34",
                "_end": "11:31:35",
                "data": {
                    "brushing": true,
                    "origin": [
                        31.977676973605877,
                        35.022139
                    ],
                    "_brushside": 1,
                    "start": "2018-02-05T18:31:34.147Z",
                    "ε": 0.1,
                    "mode": "resize"
                }
            },
            {
                "time": "2018-02-05T18:31:38.809Z",
                "type": "DESELECT",
                "source": "side-bar:button",
                "_t": "11:31:38",
                "_end": "-",
                "data": {
                    "time": 31.977676973605877,
                    "endTime": 37.867430613452456,
                    "type": "skip",
                    "id": 1
                }
            },
            {
                "time": "2018-02-05T18:31:55.178Z",
                "type": "START",
                "source": "side-bar:button",
                "_t": "11:31:55",
                "_end": "-",
                "data": {
                    "type": "run",
                    "time": 67.285874
                }
            },
            {
                "time": "2018-02-05T18:31:59.941Z",
                "type": "END",
                "source": "data:click:h_pos",
                "_t": "11:31:59",
                "_end": "-",
                "data": {
                    "lbl": {
                        "time": 62.761860166881064,
                        "endTime": 67.00134483865473,
                        "type": "run",
                        "id": 2
                    }
                }
            },
            {
                "time": "2018-02-05T18:32:08.405Z",
                "type": "SELECT",
                "source": "data:click",
                "_t": "11:32:08",
                "_end": "-",
                "data": {
                    "time": 62.761860166881064,
                    "endTime": 67.00134483865473,
                    "type": "run",
                    "id": 2
                }
            },
            {
                "time": {
                    "start": "2018-02-05T18:32:09.172Z",
                    "end": "2018-02-05T18:32:10.235Z"
                },
                "type": "RESIZE",
                "source": "data:brush",
                "_t": "11:32:09",
                "_end": "11:32:10",
                "data": {
                    "brushing": true,
                    "origin": [
                        62.76186016688013,
                        67.285874
                    ],
                    "_brushside": 1,
                    "start": "2018-02-05T18:32:09.172Z",
                    "ε": 0.1,
                    "mode": "resize"
                }
            },
            {
                "time": "2018-02-05T18:32:12.082Z",
                "type": "DESELECT",
                "source": "side-bar:button",
                "_t": "11:32:12",
                "_end": "-",
                "data": {
                    "time": 62.761860166881064,
                    "endTime": 67.00134483865473,
                    "type": "run",
                    "id": 2
                }
            },
            {
                "time": "2018-02-05T18:32:29.108Z",
                "type": "START",
                "source": "side-bar:button",
                "_t": "11:32:29",
                "_end": "-",
                "data": {
                    "type": "skip",
                    "time": 127.460119
                }
            },
            {
                "time": "2018-02-05T18:32:31.648Z",
                "type": "END",
                "source": "data:click:h_pos",
                "_t": "11:32:31",
                "_end": "-",
                "data": {
                    "lbl": {
                        "time": 127.460119,
                        "endTime": 136.25207008556714,
                        "type": "skip",
                        "id": 3
                    }
                }
            },
            {
                "time": "2018-02-05T18:32:42.755Z",
                "type": "START",
                "source": "side-bar:button",
                "_t": "11:32:42",
                "_end": "-",
                "data": {
                    "type": "skip",
                    "time": 201.941588
                }
            },
            {
                "time": "2018-02-05T18:32:45.752Z",
                "type": "END",
                "source": "data:click:h_pos",
                "_t": "11:32:45",
                "_end": "-",
                "data": {
                    "lbl": {
                        "time": 201.941588,
                        "endTime": 210.61972742103094,
                        "type": "skip",
                        "id": 4
                    }
                }
            },
            {
                "time": "2018-02-05T18:32:59.723Z",
                "type": "START",
                "source": "side-bar:button",
                "_t": "11:32:59",
                "_end": "-",
                "data": {
                    "type": "run",
                    "time": 278.992083
                }
            },
            {
                "time": "2018-02-05T18:33:02.325Z",
                "type": "END",
                "source": "data:click:h_pos",
                "_t": "11:33:02",
                "_end": "-",
                "data": {
                    "lbl": {
                        "time": 278.992083,
                        "endTime": 283.3453791685789,
                        "type": "run",
                        "id": 5
                    }
                }
            },
            {
                "time": "2018-02-05T18:33:15.292Z",
                "type": "START",
                "source": "side-bar:button",
                "_t": "11:33:15",
                "_end": "-",
                "data": {
                    "type": "run",
                    "time": 475.463207
                }
            },
            {
                "time": "2018-02-05T18:33:17.824Z",
                "type": "END",
                "source": "data:click:h_pos",
                "_t": "11:33:17",
                "_end": "-",
                "data": {
                    "lbl": {
                        "time": 475.463207,
                        "endTime": 479.47506817497197,
                        "type": "run",
                        "id": 6
                    }
                }
            },
            {
                "time": "2018-02-05T18:33:25.326Z",
                "type": "SELECT",
                "source": "data:click",
                "_t": "11:33:25",
                "_end": "-",
                "data": {
                    "time": 475.463207,
                    "endTime": 479.47506817497197,
                    "type": "run",
                    "id": 6
                }
            },
            {
                "time": {
                    "start": "2018-02-05T18:33:25.948Z",
                    "end": "2018-02-05T18:33:27.884Z"
                },
                "type": "RESIZE",
                "source": "data:brush",
                "_t": "11:33:25",
                "_end": "11:33:27",
                "data": {
                    "brushing": true,
                    "origin": [
                        475.463207,
                        479.87340900085564
                    ],
                    "_brushside": 1,
                    "start": "2018-02-05T18:33:25.948Z",
                    "ε": 0.1,
                    "mode": "resize"
                }
            },
            {
                "time": "2018-02-05T18:33:42.900Z",
                "type": "START",
                "source": "side-bar:button",
                "_t": "11:33:42",
                "_end": "-",
                "data": {
                    "type": "run",
                    "time": 543.660919
                }
            },
            {
                "time": "2018-02-05T18:33:44.413Z",
                "type": "END",
                "source": "data:click:h_pos",
                "_t": "11:33:44",
                "_end": "-",
                "data": {
                    "lbl": {
                        "time": 543.660919,
                        "endTime": 548.2987443299321,
                        "type": "run",
                        "id": 7
                    }
                }
            },
            {
                "time": "2018-02-05T18:33:51.772Z",
                "type": "START",
                "source": "side-bar:button",
                "_t": "11:33:51",
                "_end": "-",
                "data": {
                    "type": "skip",
                    "time": 598.916481
                }
            },
            {
                "time": "2018-02-05T18:33:53.293Z",
                "type": "END",
                "source": "data:click:h_pos",
                "_t": "11:33:53",
                "_end": "-",
                "data": {
                    "lbl": {
                        "time": 598.916481,
                        "endTime": 608.5051137373275,
                        "type": "skip",
                        "id": 8
                    }
                }
            }
        ],
        "navigationEvents": [
            {
                "time": "2018-02-05T18:31:17.659Z",
                "type": "PLAY",
                "source": "video:button",
                "_t": "11:31:17",
                "_end": "-"
            },
            {
                "time": {
                    "start": "2018-02-05T18:30:59.812Z",
                    "end": "2018-02-05T18:31:23.306Z"
                },
                "type": "SCRUB",
                "source": "data:drag",
                "_t": "11:30:59",
                "_end": "11:31:23",
                "data": {
                    "time": 14.345009
                }
            },
            {
                "time": {
                    "start": "2018-02-05T18:30:59.812Z",
                    "end": "2018-02-05T18:31:25.753Z"
                },
                "type": "SCRUB",
                "source": "data:drag",
                "_t": "11:30:59",
                "_end": "11:31:25",
                "data": {
                    "time": 31.742947
                }
            },
            {
                "time": "2018-02-05T18:31:29.042Z",
                "type": "PAUSE",
                "source": "video:button",
                "_t": "11:31:29",
                "_end": "-"
            },
            {
                "time": {
                    "start": "2018-02-05T18:30:59.812Z",
                    "end": "2018-02-05T18:31:32.887Z"
                },
                "type": "SCRUB",
                "source": "data:drag",
                "_t": "11:30:59",
                "_end": "11:31:32",
                "data": {
                    "time": 35.022139
                }
            },
            {
                "time": {
                    "start": "2018-02-05T18:30:59.812Z",
                    "end": "2018-02-05T18:31:33.346Z"
                },
                "type": "SCRUB",
                "source": "data:drag",
                "_t": "11:30:59",
                "_end": "11:31:33",
                "data": {
                    "time": 35.022139
                }
            },
            {
                "time": {
                    "start": "2018-02-05T18:30:59.812Z",
                    "end": "2018-02-05T18:31:35.890Z"
                },
                "type": "SCRUB",
                "source": "data:drag",
                "_t": "11:30:59",
                "_end": "11:31:35",
                "data": {
                    "time": 35.022139
                }
            },
            {
                "time": {
                    "start": "2018-02-05T18:30:59.812Z",
                    "end": "2018-02-05T18:31:42.250Z"
                },
                "type": "SCRUB",
                "source": "data:drag",
                "_t": "11:30:59",
                "_end": "11:31:42",
                "data": {
                    "time": 37.753618
                }
            },
            {
                "time": "2018-02-05T18:31:43.051Z",
                "type": "PLAY",
                "source": "video:button",
                "_t": "11:31:43",
                "_end": "-"
            },
            {
                "time": "2018-02-05T18:31:44.203Z",
                "type": "PAUSE",
                "source": "video:button",
                "_t": "11:31:44",
                "_end": "-"
            },
            {
                "time": {
                    "start": "2018-02-05T18:30:59.812Z",
                    "end": "2018-02-05T18:31:48.202Z"
                },
                "type": "SCRUB",
                "source": "data:drag",
                "_t": "11:30:59",
                "_end": "11:31:48",
                "data": {
                    "time": 62.531156
                }
            },
            {
                "time": "2018-02-05T18:31:49.035Z",
                "type": "PLAY",
                "source": "video:button",
                "_t": "11:31:49",
                "_end": "-"
            },
            {
                "time": "2018-02-05T18:31:53.874Z",
                "type": "PAUSE",
                "source": "video:button",
                "_t": "11:31:53",
                "_end": "-"
            },
            {
                "time": {
                    "start": "2018-02-05T18:30:59.812Z",
                    "end": "2018-02-05T18:31:57.832Z"
                },
                "type": "SCRUB",
                "source": "data:drag",
                "_t": "11:30:59",
                "_end": "11:31:57",
                "data": {
                    "time": 67.228968
                }
            },
            {
                "time": {
                    "start": "2018-02-05T18:30:59.812Z",
                    "end": "2018-02-05T18:31:59.939Z"
                },
                "type": "SCRUB",
                "source": "data:drag",
                "_t": "11:30:59",
                "_end": "11:31:59",
                "data": {
                    "time": 67.228968
                }
            },
            {
                "time": {
                    "start": "2018-02-05T18:30:59.812Z",
                    "end": "2018-02-05T18:32:08.099Z"
                },
                "type": "SCRUB",
                "source": "data:drag",
                "_t": "11:30:59",
                "_end": "11:32:08",
                "data": {
                    "time": 67.001344
                }
            },
            {
                "time": {
                    "start": "2018-02-05T18:30:59.812Z",
                    "end": "2018-02-05T18:32:08.403Z"
                },
                "type": "SCRUB",
                "source": "data:drag",
                "_t": "11:30:59",
                "_end": "11:32:08",
                "data": {
                    "time": 67.001344
                }
            },
            {
                "time": {
                    "start": "2018-02-05T18:30:59.812Z",
                    "end": "2018-02-05T18:32:10.244Z"
                },
                "type": "SCRUB",
                "source": "data:drag",
                "_t": "11:30:59",
                "_end": "11:32:10",
                "data": {
                    "time": 67.001344
                }
            },
            {
                "time": {
                    "start": "2018-02-05T18:30:59.812Z",
                    "end": "2018-02-05T18:32:13.385Z"
                },
                "type": "SCRUB",
                "source": "data:drag",
                "_t": "11:30:59",
                "_end": "11:32:13",
                "data": {
                    "time": 67.058249
                }
            },
            {
                "time": {
                    "start": "2018-02-05T18:30:59.812Z",
                    "end": "2018-02-05T18:32:18.835Z"
                },
                "type": "SCRUB",
                "source": "data:drag",
                "_t": "11:30:59",
                "_end": "11:32:18",
                "data": {
                    "time": 127.776772
                }
            },
            {
                "time": "2018-02-05T18:32:19.883Z",
                "type": "PLAY",
                "source": "video:button",
                "_t": "11:32:19",
                "_end": "-"
            },
            {
                "time": "2018-02-05T18:32:21.196Z",
                "type": "PAUSE",
                "source": "video:button",
                "_t": "11:32:21",
                "_end": "-"
            },
            {
                "time": {
                    "start": "2018-02-05T18:30:59.812Z",
                    "end": "2018-02-05T18:32:24.762Z"
                },
                "type": "SCRUB",
                "source": "data:drag",
                "_t": "11:30:59",
                "_end": "11:32:24",
                "data": {
                    "time": 127.630837
                }
            },
            {
                "time": {
                    "start": "2018-02-05T18:30:59.812Z",
                    "end": "2018-02-05T18:32:27.963Z"
                },
                "type": "SCRUB",
                "source": "data:drag",
                "_t": "11:30:59",
                "_end": "11:32:27",
                "data": {
                    "time": 127.460119
                }
            },
            {
                "time": {
                    "start": "2018-02-05T18:30:59.812Z",
                    "end": "2018-02-05T18:32:31.646Z"
                },
                "type": "SCRUB",
                "source": "data:drag",
                "_t": "11:30:59",
                "_end": "11:32:31",
                "data": {
                    "time": 127.460119
                }
            },
            {
                "time": {
                    "start": "2018-02-05T18:30:59.812Z",
                    "end": "2018-02-05T18:32:32.898Z"
                },
                "type": "SCRUB",
                "source": "data:drag",
                "_t": "11:30:59",
                "_end": "11:32:32",
                "data": {
                    "time": 195.519494
                }
            },
            {
                "time": {
                    "start": "2018-02-05T18:30:59.812Z",
                    "end": "2018-02-05T18:32:35.595Z"
                },
                "type": "SCRUB",
                "source": "data:drag",
                "_t": "11:30:59",
                "_end": "11:32:35",
                "data": {
                    "time": 201.836041
                }
            },
            {
                "time": "2018-02-05T18:32:36.797Z",
                "type": "PLAY",
                "source": "video:button",
                "_t": "11:32:36",
                "_end": "-"
            },
            {
                "time": "2018-02-05T18:32:38.531Z",
                "type": "PAUSE",
                "source": "video:button",
                "_t": "11:32:38",
                "_end": "-"
            },
            {
                "time": {
                    "start": "2018-02-05T18:30:59.812Z",
                    "end": "2018-02-05T18:32:41.931Z"
                },
                "type": "SCRUB",
                "source": "data:drag",
                "_t": "11:30:59",
                "_end": "11:32:41",
                "data": {
                    "time": 201.941588
                }
            },
            {
                "time": {
                    "start": "2018-02-05T18:30:59.812Z",
                    "end": "2018-02-05T18:32:45.750Z"
                },
                "type": "SCRUB",
                "source": "data:drag",
                "_t": "11:30:59",
                "_end": "11:32:45",
                "data": {
                    "time": 201.941588
                }
            },
            {
                "time": {
                    "start": "2018-02-05T18:30:59.812Z",
                    "end": "2018-02-05T18:32:52.894Z"
                },
                "type": "SCRUB",
                "source": "data:drag",
                "_t": "11:30:59",
                "_end": "11:32:52",
                "data": {
                    "time": 240.353024
                }
            },
            {
                "time": {
                    "start": "2018-02-05T18:30:59.812Z",
                    "end": "2018-02-05T18:32:55.635Z"
                },
                "type": "SCRUB",
                "source": "data:drag",
                "_t": "11:30:59",
                "_end": "11:32:55",
                "data": {
                    "time": 279.276613
                }
            },
            {
                "time": {
                    "start": "2018-02-05T18:30:59.812Z",
                    "end": "2018-02-05T18:32:58.201Z"
                },
                "type": "SCRUB",
                "source": "data:drag",
                "_t": "11:30:59",
                "_end": "11:32:58",
                "data": {
                    "time": 278.992083
                }
            },
            {
                "time": {
                    "start": "2018-02-05T18:30:59.812Z",
                    "end": "2018-02-05T18:33:02.324Z"
                },
                "type": "SCRUB",
                "source": "data:drag",
                "_t": "11:30:59",
                "_end": "11:33:02",
                "data": {
                    "time": 278.992083
                }
            },
            {
                "time": "2018-02-05T18:33:03.731Z",
                "type": "PLAY",
                "source": "video:button",
                "_t": "11:33:03",
                "_end": "-"
            },
            {
                "time": "2018-02-05T18:33:08.179Z",
                "type": "PAUSE",
                "source": "video:button",
                "_t": "11:33:08",
                "_end": "-"
            },
            {
                "time": {
                    "start": "2018-02-05T18:30:59.812Z",
                    "end": "2018-02-05T18:33:10.326Z"
                },
                "type": "SCRUB",
                "source": "data:drag",
                "_t": "11:30:59",
                "_end": "11:33:10",
                "data": {
                    "time": 365.748764
                }
            },
            {
                "time": {
                    "start": "2018-02-05T18:30:59.812Z",
                    "end": "2018-02-05T18:33:11.298Z"
                },
                "type": "SCRUB",
                "source": "data:drag",
                "_t": "11:30:59",
                "_end": "11:33:11",
                "data": {
                    "time": 445.246211
                }
            },
            {
                "time": {
                    "start": "2018-02-05T18:30:59.812Z",
                    "end": "2018-02-05T18:33:14.420Z"
                },
                "type": "SCRUB",
                "source": "data:drag",
                "_t": "11:30:59",
                "_end": "11:33:14",
                "data": {
                    "time": 475.463207
                }
            },
            {
                "time": {
                    "start": "2018-02-05T18:30:59.812Z",
                    "end": "2018-02-05T18:33:17.821Z"
                },
                "type": "SCRUB",
                "source": "data:drag",
                "_t": "11:30:59",
                "_end": "11:33:17",
                "data": {
                    "time": 475.463207
                }
            },
            {
                "time": "2018-02-05T18:33:18.803Z",
                "type": "PLAY",
                "source": "video:button",
                "_t": "11:33:18",
                "_end": "-"
            },
            {
                "time": "2018-02-05T18:33:22.539Z",
                "type": "PAUSE",
                "source": "video:button",
                "_t": "11:33:22",
                "_end": "-"
            },
            {
                "time": "2018-02-05T18:33:23.420Z",
                "type": "PLAY",
                "source": "video:button",
                "_t": "11:33:23",
                "_end": "-"
            },
            {
                "time": "2018-02-05T18:33:24.139Z",
                "type": "PAUSE",
                "source": "video:button",
                "_t": "11:33:24",
                "_end": "-"
            },
            {
                "time": {
                    "start": "2018-02-05T18:30:59.812Z",
                    "end": "2018-02-05T18:33:25.324Z"
                },
                "type": "SCRUB",
                "source": "data:drag",
                "_t": "11:30:59",
                "_end": "11:33:25",
                "data": {
                    "time": 479.869482
                }
            },
            {
                "time": {
                    "start": "2018-02-05T18:30:59.812Z",
                    "end": "2018-02-05T18:33:27.893Z"
                },
                "type": "SCRUB",
                "source": "data:drag",
                "_t": "11:30:59",
                "_end": "11:33:27",
                "data": {
                    "time": 479.869482
                }
            },
            {
                "time": {
                    "start": "2018-02-05T18:30:59.812Z",
                    "end": "2018-02-05T18:33:29.113Z"
                },
                "type": "SCRUB",
                "source": "data:drag",
                "_t": "11:30:59",
                "_end": "11:33:29",
                "data": {
                    "time": 517.71186
                }
            },
            {
                "time": {
                    "start": "2018-02-05T18:30:59.812Z",
                    "end": "2018-02-05T18:33:41.517Z"
                },
                "type": "SCRUB",
                "source": "data:drag",
                "_t": "11:30:59",
                "_end": "11:33:41",
                "data": {
                    "time": 543.660919
                }
            },
            {
                "time": {
                    "start": "2018-02-05T18:30:59.812Z",
                    "end": "2018-02-05T18:33:44.412Z"
                },
                "type": "SCRUB",
                "source": "data:drag",
                "_t": "11:30:59",
                "_end": "11:33:44",
                "data": {
                    "time": 543.660919
                }
            },
            {
                "time": {
                    "start": "2018-02-05T18:30:59.812Z",
                    "end": "2018-02-05T18:33:45.912Z"
                },
                "type": "SCRUB",
                "source": "data:drag",
                "_t": "11:30:59",
                "_end": "11:33:45",
                "data": {
                    "time": 606.940204
                }
            },
            {
                "time": {
                    "start": "2018-02-05T18:30:59.812Z",
                    "end": "2018-02-05T18:33:49.052Z"
                },
                "type": "SCRUB",
                "source": "data:drag",
                "_t": "11:30:59",
                "_end": "11:33:49",
                "data": {
                    "time": 599.257916
                }
            },
            {
                "time": {
                    "start": "2018-02-05T18:30:59.812Z",
                    "end": "2018-02-05T18:33:49.164Z"
                },
                "type": "SCRUB",
                "source": "data:drag",
                "_t": "11:30:59",
                "_end": "11:33:49",
                "data": {
                    "time": 599.257916
                }
            },
            {
                "time": {
                    "start": "2018-02-05T18:30:59.812Z",
                    "end": "2018-02-05T18:33:50.653Z"
                },
                "type": "SCRUB",
                "source": "data:drag",
                "_t": "11:30:59",
                "_end": "11:33:50",
                "data": {
                    "time": 598.916481
                }
            },
            {
                "time": {
                    "start": "2018-02-05T18:30:59.812Z",
                    "end": "2018-02-05T18:33:53.292Z"
                },
                "type": "SCRUB",
                "source": "data:drag",
                "_t": "11:30:59",
                "_end": "11:33:53",
                "data": {
                    "time": 598.916481
                }
            },
            {
                "time": {
                    "start": "2018-02-05T18:30:59.812Z",
                    "end": "2018-02-05T18:33:55.331Z"
                },
                "type": "SCRUB",
                "source": "data:drag",
                "_t": "11:30:59",
                "_end": "11:33:55",
                "data": {
                    "time": 654.172044
                }
            },
            {
                "time": {
                    "start": "2018-02-05T18:30:59.812Z",
                    "end": "2018-02-05T18:33:57.054Z"
                },
                "type": "SCRUB",
                "source": "data:drag",
                "_t": "11:30:59",
                "_end": "11:33:57",
                "data": {
                    "time": 592.941368
                }
            },
            {
                "time": {
                    "start": "2018-02-05T18:30:59.812Z",
                    "end": "2018-02-05T18:33:58.992Z"
                },
                "type": "SCRUB",
                "source": "data:drag",
                "_t": "11:30:59",
                "_end": "11:33:58",
                "data": {
                    "time": 616.102041
                }
            },
            {
                "time": {
                    "start": "2018-02-05T18:30:59.812Z",
                    "end": "2018-02-05T18:34:07.951Z"
                },
                "type": "SCRUB",
                "source": "data:drag",
                "_t": "11:30:59",
                "_end": "11:34:07",
                "data": {
                    "time": 609.785493
                }
            }
        ]
    }
}