{
    "user_id": "056",
    "session_id": "5a78ba3dee2b1975ba835bd5",
    "study": "studyD",
    "workspace": "newrun.Run-thurs-five-fixed-finally",
    "details": {
        "workspace": "newrun.Run-thurs-five-fixed-finally",
        "labels": [
            {
                "time": 31.662507,
                "endTime": 37.822749006525285,
                "type": "skip",
                "id": 1
            },
            {
                "time": 63.228975,
                "endTime": 66.60893079119114,
                "type": "run",
                "id": 2
            },
            {
                "time": 127.488191,
                "endTime": 135.72001881402824,
                "type": "skip",
                "id": 3
            },
            {
                "time": 202.121153,
                "endTime": 209.97137290212135,
                "type": "skip",
                "id": 4
            },
            {
                "time": 279.065458,
                "endTime": 283.0450833670511,
                "type": "run",
                "id": 5
            },
            {
                "time": 475.571331,
                "endTime": 479.49644095105725,
                "type": "run",
                "id": 6
            },
            {
                "time": 543.595567,
                "endTime": 547.9568002789524,
                "type": "run",
                "id": 7
            },
            {
                "time": 599.351115,
                "endTime": 608.1826123898788,
                "type": "skip",
                "id": 8
            }
        ],
        "_starts": [
            "2018-02-05T20:31:08.000Z"
        ],
        "_ends": [
            "2018-02-05T20:33:50.395Z"
        ]
    },
    "labels_file": "/home/ubuntu/vat/data/user-studies/studyD/run-blue/056.labels.json",
    "videoFlash": 3.929378,
    "surveys": {
        "user-info": {
            "firstname": "Justin",
            "lastname": "Egbert",
            "email": "Jegber@gmail.com"
        },
        "practice-first": {
            "question1": "5",
            "question2": "ok",
            "question3": "100",
            "question4": "5"
        },
        "practice-second": {},
        "practice-third": {},
        "practice-survey": {},
        "pill-blue": {
            "question1": "5",
            "question2": "5",
            "question3": "90",
            "question4": "100"
        },
        "pill-red": {
            "question1": "1",
            "question2": "3",
            "question3": "10",
            "question4": "100"
        },
        "pill-orange": {
            "question1": "4",
            "question2": "4",
            "question3": "100",
            "question4": "100"
        },
        "pills-survey": {
            "question1": "5",
            "question2": "2",
            "question3": "5",
            "question4": "5"
        }
    },
    "logs": {
        "labelEvents": [
            {
                "time": "2018-02-05T20:32:10.655Z",
                "type": "START",
                "source": "hotkey",
                "_t": "13:32:10",
                "_end": "-",
                "data": {
                    "type": "skip",
                    "time": 31.662507
                }
            },
            {
                "time": "2018-02-05T20:32:11.617Z",
                "type": "END",
                "source": "data:click:h_pos",
                "_t": "13:32:11",
                "_end": "-",
                "data": {
                    "lbl": {
                        "time": 31.662507,
                        "endTime": 37.822749006525285,
                        "type": "skip",
                        "id": 1
                    }
                }
            },
            {
                "time": "2018-02-05T20:32:30.091Z",
                "type": "START",
                "source": "hotkey",
                "_t": "13:32:30",
                "_end": "-",
                "data": {
                    "type": "run",
                    "time": 63.228975
                }
            },
            {
                "time": "2018-02-05T20:32:30.817Z",
                "type": "END",
                "source": "data:click:h_pos",
                "_t": "13:32:30",
                "_end": "-",
                "data": {
                    "lbl": {
                        "time": 63.228975,
                        "endTime": 66.60893079119114,
                        "type": "run",
                        "id": 2
                    }
                }
            },
            {
                "time": "2018-02-05T20:32:47.263Z",
                "type": "START",
                "source": "side-bar:button",
                "_t": "13:32:47",
                "_end": "-",
                "data": {
                    "type": "skip",
                    "time": 127.488191
                }
            },
            {
                "time": "2018-02-05T20:32:48.947Z",
                "type": "END",
                "source": "data:click:h_pos",
                "_t": "13:32:48",
                "_end": "-",
                "data": {
                    "lbl": {
                        "time": 127.488191,
                        "endTime": 135.72001881402824,
                        "type": "skip",
                        "id": 3
                    }
                }
            },
            {
                "time": "2018-02-05T20:32:57.407Z",
                "type": "START",
                "source": "side-bar:button",
                "_t": "13:32:57",
                "_end": "-",
                "data": {
                    "type": "skip",
                    "time": 202.121153
                }
            },
            {
                "time": "2018-02-05T20:32:59.505Z",
                "type": "END",
                "source": "data:click:h_pos",
                "_t": "13:32:59",
                "_end": "-",
                "data": {
                    "lbl": {
                        "time": 202.121153,
                        "endTime": 209.97137290212135,
                        "type": "skip",
                        "id": 4
                    }
                }
            },
            {
                "time": "2018-02-05T20:33:08.503Z",
                "type": "START",
                "source": "side-bar:button",
                "_t": "13:33:08",
                "_end": "-",
                "data": {
                    "type": "run",
                    "time": 279.065458
                }
            },
            {
                "time": "2018-02-05T20:33:10.328Z",
                "type": "END",
                "source": "data:click:h_pos",
                "_t": "13:33:10",
                "_end": "-",
                "data": {
                    "lbl": {
                        "time": 279.065458,
                        "endTime": 283.0450833670511,
                        "type": "run",
                        "id": 5
                    }
                }
            },
            {
                "time": "2018-02-05T20:33:20.856Z",
                "type": "START",
                "source": "side-bar:button",
                "_t": "13:33:20",
                "_end": "-",
                "data": {
                    "type": "run",
                    "time": 475.571331
                }
            },
            {
                "time": "2018-02-05T20:33:22.550Z",
                "type": "END",
                "source": "data:click:h_pos",
                "_t": "13:33:22",
                "_end": "-",
                "data": {
                    "lbl": {
                        "time": 475.571331,
                        "endTime": 479.49644095105725,
                        "type": "run",
                        "id": 6
                    }
                }
            },
            {
                "time": "2018-02-05T20:33:29.584Z",
                "type": "START",
                "source": "side-bar:button",
                "_t": "13:33:29",
                "_end": "-",
                "data": {
                    "type": "run",
                    "time": 543.595567
                }
            },
            {
                "time": "2018-02-05T20:33:31.692Z",
                "type": "END",
                "source": "data:click:h_pos",
                "_t": "13:33:31",
                "_end": "-",
                "data": {
                    "lbl": {
                        "time": 543.595567,
                        "endTime": 547.9568002789524,
                        "type": "run",
                        "id": 7
                    }
                }
            },
            {
                "time": "2018-02-05T20:33:38.784Z",
                "type": "START",
                "source": "side-bar:button",
                "_t": "13:33:38",
                "_end": "-",
                "data": {
                    "type": "skip",
                    "time": 599.351115
                }
            },
            {
                "time": "2018-02-05T20:33:40.313Z",
                "type": "END",
                "source": "data:click:h_pos",
                "_t": "13:33:40",
                "_end": "-",
                "data": {
                    "lbl": {
                        "time": 599.351115,
                        "endTime": 608.1826123898788,
                        "type": "skip",
                        "id": 8
                    }
                }
            }
        ],
        "navigationEvents": [
            {
                "time": "2018-02-05T20:31:31.854Z",
                "type": "PLAY",
                "source": "hotkey",
                "_t": "13:31:31",
                "_end": "-",
                "data": {
                    "key": "space"
                }
            },
            {
                "time": "2018-02-05T20:32:06.143Z",
                "type": "PAUSE",
                "source": "hotkey",
                "_t": "13:32:06",
                "_end": "-",
                "data": {
                    "key": "space"
                }
            },
            {
                "time": {
                    "start": "2018-02-05T20:31:08.333Z",
                    "end": "2018-02-05T20:32:09.743Z"
                },
                "type": "SCRUB",
                "source": "data:drag",
                "_t": "13:31:08",
                "_end": "13:32:09",
                "data": {
                    "time": 31.662507
                }
            },
            {
                "time": {
                    "start": "2018-02-05T20:31:08.333Z",
                    "end": "2018-02-05T20:32:11.615Z"
                },
                "type": "SCRUB",
                "source": "data:drag",
                "_t": "13:31:08",
                "_end": "13:32:11",
                "data": {
                    "time": 31.662507
                }
            },
            {
                "time": {
                    "start": "2018-02-05T20:31:08.333Z",
                    "end": "2018-02-05T20:32:13.199Z"
                },
                "type": "SCRUB",
                "source": "data:drag",
                "_t": "13:31:08",
                "_end": "13:32:13",
                "data": {
                    "time": 52.705457
                }
            },
            {
                "time": {
                    "start": "2018-02-05T20:31:08.333Z",
                    "end": "2018-02-05T20:32:14.032Z"
                },
                "type": "SCRUB",
                "source": "data:drag",
                "_t": "13:31:08",
                "_end": "13:32:14",
                "data": {
                    "time": 53.523188
                }
            },
            {
                "time": "2018-02-05T20:32:14.383Z",
                "type": "PLAY",
                "source": "hotkey",
                "_t": "13:32:14",
                "_end": "-",
                "data": {
                    "key": "space"
                }
            },
            {
                "time": {
                    "start": "2018-02-05T20:31:08.333Z",
                    "end": "2018-02-05T20:32:16.850Z"
                },
                "type": "SCRUB",
                "source": "data:drag",
                "_t": "13:31:08",
                "_end": "13:32:16",
                "data": {
                    "time": 62.136065
                }
            },
            {
                "time": {
                    "start": "2018-02-05T20:31:08.333Z",
                    "end": "2018-02-05T20:32:18.026Z"
                },
                "type": "SCRUB",
                "source": "data:drag",
                "_t": "13:31:08",
                "_end": "13:32:18",
                "data": {
                    "time": 55.389855
                }
            },
            {
                "time": "2018-02-05T20:32:26.495Z",
                "type": "PAUSE",
                "source": "hotkey",
                "_t": "13:32:26",
                "_end": "-",
                "data": {
                    "key": "space"
                }
            },
            {
                "time": {
                    "start": "2018-02-05T20:31:08.333Z",
                    "end": "2018-02-05T20:32:27.243Z"
                },
                "type": "SCRUB",
                "source": "data:drag",
                "_t": "13:31:08",
                "_end": "13:32:27",
                "data": {
                    "time": 63.228975
                }
            },
            {
                "time": {
                    "start": "2018-02-05T20:31:08.333Z",
                    "end": "2018-02-05T20:32:30.815Z"
                },
                "type": "SCRUB",
                "source": "data:drag",
                "_t": "13:31:08",
                "_end": "13:32:30",
                "data": {
                    "time": 63.228975
                }
            },
            {
                "time": {
                    "start": "2018-02-05T20:31:08.333Z",
                    "end": "2018-02-05T20:32:32.254Z"
                },
                "type": "SCRUB",
                "source": "data:drag",
                "_t": "13:31:08",
                "_end": "13:32:32",
                "data": {
                    "time": 66.881507
                }
            },
            {
                "time": "2018-02-05T20:32:32.816Z",
                "type": "PLAY",
                "source": "hotkey",
                "_t": "13:32:32",
                "_end": "-",
                "data": {
                    "key": "space"
                }
            },
            {
                "time": {
                    "start": "2018-02-05T20:31:08.333Z",
                    "end": "2018-02-05T20:32:34.139Z"
                },
                "type": "SCRUB",
                "source": "data:drag",
                "_t": "13:31:08",
                "_end": "13:32:34",
                "data": {
                    "time": 65.185591
                }
            },
            {
                "time": {
                    "start": "2018-02-05T20:31:08.333Z",
                    "end": "2018-02-05T20:32:36.373Z"
                },
                "type": "SCRUB",
                "source": "data:drag",
                "_t": "13:31:08",
                "_end": "13:32:36",
                "data": {
                    "time": 115.232368
                }
            },
            {
                "time": {
                    "start": "2018-02-05T20:31:08.333Z",
                    "end": "2018-02-05T20:32:38.453Z"
                },
                "type": "SCRUB",
                "source": "data:drag",
                "_t": "13:31:08",
                "_end": "13:32:38",
                "data": {
                    "time": 127.151262
                }
            },
            {
                "time": "2018-02-05T20:32:38.784Z",
                "type": "PAUSE",
                "source": "hotkey",
                "_t": "13:32:38",
                "_end": "-",
                "data": {
                    "key": "space"
                }
            },
            {
                "time": "2018-02-05T20:32:39.663Z",
                "type": "PLAY",
                "source": "hotkey",
                "_t": "13:32:39",
                "_end": "-",
                "data": {
                    "key": "space"
                }
            },
            {
                "time": "2018-02-05T20:32:44.800Z",
                "type": "PAUSE",
                "source": "hotkey",
                "_t": "13:32:44",
                "_end": "-",
                "data": {
                    "key": "space"
                }
            },
            {
                "time": {
                    "start": "2018-02-05T20:31:08.333Z",
                    "end": "2018-02-05T20:32:45.991Z"
                },
                "type": "SCRUB",
                "source": "data:drag",
                "_t": "13:31:08",
                "_end": "13:32:45",
                "data": {
                    "time": 127.488191
                }
            },
            {
                "time": {
                    "start": "2018-02-05T20:31:08.333Z",
                    "end": "2018-02-05T20:32:48.945Z"
                },
                "type": "SCRUB",
                "source": "data:drag",
                "_t": "13:31:08",
                "_end": "13:32:48",
                "data": {
                    "time": 127.488191
                }
            },
            {
                "time": {
                    "start": "2018-02-05T20:31:08.333Z",
                    "end": "2018-02-05T20:32:50.024Z"
                },
                "type": "SCRUB",
                "source": "data:drag",
                "_t": "13:31:08",
                "_end": "13:32:50",
                "data": {
                    "time": 192.034443
                }
            },
            {
                "time": {
                    "start": "2018-02-05T20:31:08.333Z",
                    "end": "2018-02-05T20:32:51.300Z"
                },
                "type": "SCRUB",
                "source": "data:drag",
                "_t": "13:31:08",
                "_end": "13:32:51",
                "data": {
                    "time": 200.102724
                }
            },
            {
                "time": "2018-02-05T20:32:51.423Z",
                "type": "PLAY",
                "source": "hotkey",
                "_t": "13:32:51",
                "_end": "-",
                "data": {
                    "key": "space"
                }
            },
            {
                "time": "2018-02-05T20:32:54.847Z",
                "type": "PAUSE",
                "source": "hotkey",
                "_t": "13:32:54",
                "_end": "-",
                "data": {
                    "key": "space"
                }
            },
            {
                "time": {
                    "start": "2018-02-05T20:31:08.333Z",
                    "end": "2018-02-05T20:32:56.303Z"
                },
                "type": "SCRUB",
                "source": "data:drag",
                "_t": "13:31:08",
                "_end": "13:32:56",
                "data": {
                    "time": 202.121153
                }
            },
            {
                "time": {
                    "start": "2018-02-05T20:31:08.333Z",
                    "end": "2018-02-05T20:32:59.503Z"
                },
                "type": "SCRUB",
                "source": "data:drag",
                "_t": "13:31:08",
                "_end": "13:32:59",
                "data": {
                    "time": 202.121153
                }
            },
            {
                "time": {
                    "start": "2018-02-05T20:31:08.333Z",
                    "end": "2018-02-05T20:33:00.511Z"
                },
                "type": "SCRUB",
                "source": "data:drag",
                "_t": "13:31:08",
                "_end": "13:33:00",
                "data": {
                    "time": 263.014872
                }
            },
            {
                "time": {
                    "start": "2018-02-05T20:31:08.333Z",
                    "end": "2018-02-05T20:33:02.459Z"
                },
                "type": "SCRUB",
                "source": "data:drag",
                "_t": "13:31:08",
                "_end": "13:33:02",
                "data": {
                    "time": 278.442734
                }
            },
            {
                "time": "2018-02-05T20:33:02.623Z",
                "type": "PLAY",
                "source": "hotkey",
                "_t": "13:33:02",
                "_end": "-",
                "data": {
                    "key": "space"
                }
            },
            {
                "time": "2018-02-05T20:33:05.937Z",
                "type": "PAUSE",
                "source": "hotkey",
                "_t": "13:33:05",
                "_end": "-",
                "data": {
                    "key": "space"
                }
            },
            {
                "time": {
                    "start": "2018-02-05T20:31:08.333Z",
                    "end": "2018-02-05T20:33:07.303Z"
                },
                "type": "SCRUB",
                "source": "data:drag",
                "_t": "13:31:08",
                "_end": "13:33:07",
                "data": {
                    "time": 279.065458
                }
            },
            {
                "time": {
                    "start": "2018-02-05T20:31:08.333Z",
                    "end": "2018-02-05T20:33:10.326Z"
                },
                "type": "SCRUB",
                "source": "data:drag",
                "_t": "13:31:08",
                "_end": "13:33:10",
                "data": {
                    "time": 279.065458
                }
            },
            {
                "time": {
                    "start": "2018-02-05T20:31:08.333Z",
                    "end": "2018-02-05T20:33:11.403Z"
                },
                "type": "SCRUB",
                "source": "data:drag",
                "_t": "13:31:08",
                "_end": "13:33:11",
                "data": {
                    "time": 320.769751
                }
            },
            {
                "time": {
                    "start": "2018-02-05T20:31:08.333Z",
                    "end": "2018-02-05T20:33:12.178Z"
                },
                "type": "SCRUB",
                "source": "data:drag",
                "_t": "13:31:08",
                "_end": "13:33:12",
                "data": {
                    "time": 366.235607
                }
            },
            {
                "time": {
                    "start": "2018-02-05T20:31:08.333Z",
                    "end": "2018-02-05T20:33:12.952Z"
                },
                "type": "SCRUB",
                "source": "data:drag",
                "_t": "13:31:08",
                "_end": "13:33:12",
                "data": {
                    "time": 425.548379
                }
            },
            {
                "time": {
                    "start": "2018-02-05T20:31:08.333Z",
                    "end": "2018-02-05T20:33:14.500Z"
                },
                "type": "SCRUB",
                "source": "data:drag",
                "_t": "13:31:08",
                "_end": "13:33:14",
                "data": {
                    "time": 473.031306
                }
            },
            {
                "time": "2018-02-05T20:33:14.672Z",
                "type": "PLAY",
                "source": "hotkey",
                "_t": "13:33:14",
                "_end": "-",
                "data": {
                    "key": "space"
                }
            },
            {
                "time": "2018-02-05T20:33:18.816Z",
                "type": "PAUSE",
                "source": "hotkey",
                "_t": "13:33:18",
                "_end": "-",
                "data": {
                    "key": "space"
                }
            },
            {
                "time": {
                    "start": "2018-02-05T20:31:08.333Z",
                    "end": "2018-02-05T20:33:19.775Z"
                },
                "type": "SCRUB",
                "source": "data:drag",
                "_t": "13:31:08",
                "_end": "13:33:19",
                "data": {
                    "time": 475.571331
                }
            },
            {
                "time": {
                    "start": "2018-02-05T20:31:08.333Z",
                    "end": "2018-02-05T20:33:22.547Z"
                },
                "type": "SCRUB",
                "source": "data:drag",
                "_t": "13:31:08",
                "_end": "13:33:22",
                "data": {
                    "time": 475.571331
                }
            },
            {
                "time": {
                    "start": "2018-02-05T20:31:08.333Z",
                    "end": "2018-02-05T20:33:23.768Z"
                },
                "type": "SCRUB",
                "source": "data:drag",
                "_t": "13:31:08",
                "_end": "13:33:23",
                "data": {
                    "time": 536.083442
                }
            },
            {
                "time": {
                    "start": "2018-02-05T20:31:08.333Z",
                    "end": "2018-02-05T20:33:24.678Z"
                },
                "type": "SCRUB",
                "source": "data:drag",
                "_t": "13:31:08",
                "_end": "13:33:24",
                "data": {
                    "time": 543.552053
                }
            },
            {
                "time": "2018-02-05T20:33:24.976Z",
                "type": "PLAY",
                "source": "hotkey",
                "_t": "13:33:24",
                "_end": "-",
                "data": {
                    "key": "space"
                }
            },
            {
                "time": "2018-02-05T20:33:27.447Z",
                "type": "PAUSE",
                "source": "hotkey",
                "_t": "13:33:27",
                "_end": "-",
                "data": {
                    "key": "space"
                }
            },
            {
                "time": {
                    "start": "2018-02-05T20:31:08.333Z",
                    "end": "2018-02-05T20:33:28.344Z"
                },
                "type": "SCRUB",
                "source": "data:drag",
                "_t": "13:31:08",
                "_end": "13:33:28",
                "data": {
                    "time": 543.595567
                }
            },
            {
                "time": {
                    "start": "2018-02-05T20:31:08.333Z",
                    "end": "2018-02-05T20:33:31.689Z"
                },
                "type": "SCRUB",
                "source": "data:drag",
                "_t": "13:31:08",
                "_end": "13:33:31",
                "data": {
                    "time": 543.595567
                }
            },
            {
                "time": {
                    "start": "2018-02-05T20:31:08.333Z",
                    "end": "2018-02-05T20:33:33.373Z"
                },
                "type": "SCRUB",
                "source": "data:drag",
                "_t": "13:31:08",
                "_end": "13:33:33",
                "data": {
                    "time": 597.456797
                }
            },
            {
                "time": "2018-02-05T20:33:33.631Z",
                "type": "PLAY",
                "source": "hotkey",
                "_t": "13:33:33",
                "_end": "-",
                "data": {
                    "key": "space"
                }
            },
            {
                "time": "2018-02-05T20:33:37.189Z",
                "type": "PAUSE",
                "source": "hotkey",
                "_t": "13:33:37",
                "_end": "-",
                "data": {
                    "key": "space"
                }
            },
            {
                "time": {
                    "start": "2018-02-05T20:31:08.333Z",
                    "end": "2018-02-05T20:33:37.844Z"
                },
                "type": "SCRUB",
                "source": "data:drag",
                "_t": "13:31:08",
                "_end": "13:33:37",
                "data": {
                    "time": 599.351115
                }
            },
            {
                "time": {
                    "start": "2018-02-05T20:31:08.333Z",
                    "end": "2018-02-05T20:33:40.310Z"
                },
                "type": "SCRUB",
                "source": "data:drag",
                "_t": "13:31:08",
                "_end": "13:33:40",
                "data": {
                    "time": 599.351115
                }
            },
            {
                "time": {
                    "start": "2018-02-05T20:31:08.333Z",
                    "end": "2018-02-05T20:33:42.042Z"
                },
                "type": "SCRUB",
                "source": "data:drag",
                "_t": "13:31:08",
                "_end": "13:33:42",
                "data": {
                    "time": 648.578535
                }
            },
            {
                "time": "2018-02-05T20:33:42.243Z",
                "type": "PLAY",
                "source": "hotkey",
                "_t": "13:33:42",
                "_end": "-",
                "data": {
                    "key": "space"
                }
            },
            {
                "time": {
                    "start": "2018-02-05T20:31:08.333Z",
                    "end": "2018-02-05T20:33:43.556Z"
                },
                "type": "SCRUB",
                "source": "data:drag",
                "_t": "13:31:08",
                "_end": "13:33:43",
                "data": {
                    "time": 653.28251
                }
            },
            {
                "time": {
                    "start": "2018-02-05T20:31:08.333Z",
                    "end": "2018-02-05T20:33:44.919Z"
                },
                "type": "SCRUB",
                "source": "data:drag",
                "_t": "13:31:08",
                "_end": "13:33:44",
                "data": {
                    "time": 652.768677
                }
            },
            {
                "time": "2018-02-05T20:33:49.600Z",
                "type": "PAUSE",
                "source": "hotkey",
                "_t": "13:33:49",
                "_end": "-",
                "data": {
                    "key": "space"
                }
            }
        ]
    }
}