{
    "user_id": "049",
    "session_id": "5a789de3ee2b1975ba835b9c",
    "study": "studyD",
    "workspace": "pill.pills-pink",
    "details": {
        "workspace": "pill.pills-pink",
        "labels": [
            {
                "time": 45.053892,
                "endTime": 53.16013669987347,
                "type": "pill",
                "id": 1
            },
            {
                "time": 63.732358,
                "endTime": 69.0053521251598,
                "type": "move",
                "id": 2
            },
            {
                "time": 125.854,
                "endTime": 136.4262220519373,
                "type": "pill",
                "id": 3
            },
            {
                "time": 177.95433,
                "endTime": 180.9712171860353,
                "type": "move",
                "id": 4
            },
            {
                "time": 269.7201629999995,
                "endTime": 279.085630177509,
                "type": "pill",
                "id": 5
            },
            {
                "time": 331.107257,
                "endTime": 334.9111582345698,
                "type": "move",
                "id": 6
            },
            {
                "time": 446.640918,
                "endTime": 449.18559675691665,
                "type": "move",
                "id": 7
            },
            {
                "time": 564.063413,
                "endTime": 573.2190097646198,
                "type": "pill",
                "id": 8
            }
        ],
        "_starts": [
            "2018-02-05T18:40:20.000Z"
        ],
        "_ends": [
            "2018-02-05T18:43:22.125Z"
        ]
    },
    "labels_file": "/home/ubuntu/vat/data/user-studies/studyD/pills-pink/049.labels.json",
    "videoFlash": 0.561365,
    "surveys": {
        "user-info": {
            "firstname": "Rebekah",
            "lastname": "Day",
            "email": "rebekahday@gmail.com"
        },
        "practice-first": {
            "question1": "3",
            "question2": "ok",
            "question3": "30",
            "question4": "4"
        },
        "practice-second": {},
        "practice-third": {},
        "practice-survey": {},
        "pill-blue": {
            "question1": "5",
            "question2": "4",
            "question3": "100",
            "question4": "90"
        },
        "pill-red": {
            "question1": "4",
            "question2": "4",
            "question3": "50",
            "question4": "90"
        },
        "pill-orange": {
            "question1": "3",
            "question2": "3",
            "question3": "80",
            "question4": "70"
        },
        "pills-survey": {
            "question1": "5",
            "question2": "4",
            "question3": "4",
            "question4": "4"
        },
        "run-blue": {
            "question1": "5",
            "question2": "5",
            "question3": "100",
            "question4": "90"
        },
        "run-yellow": {
            "question1": "4",
            "question2": "5",
            "question3": "70",
            "question4": "70"
        },
        "run-red": {
            "question1": "5",
            "question2": "5",
            "question3": "100",
            "question4": "90"
        },
        "run-survey": {
            "question1": "4",
            "question2": "1",
            "question3": "4",
            "question4": "3"
        }
    },
    "logs": {
        "labelEvents": [
            {
                "time": "2018-02-05T18:40:47.937Z",
                "type": "START",
                "source": "side-bar:button",
                "_t": "11:40:47",
                "_end": "-",
                "data": {
                    "type": "pill",
                    "time": 45.053892
                }
            },
            {
                "time": "2018-02-05T18:40:49.511Z",
                "type": "END",
                "source": "data:click:h_pos",
                "_t": "11:40:49",
                "_end": "-",
                "data": {
                    "lbl": {
                        "time": 45.053892,
                        "endTime": 53.16013669987347,
                        "type": "pill",
                        "id": 1
                    }
                }
            },
            {
                "time": "2018-02-05T18:40:54.345Z",
                "type": "START",
                "source": "side-bar:button",
                "_t": "11:40:54",
                "_end": "-",
                "data": {
                    "type": "move",
                    "time": 63.732358
                }
            },
            {
                "time": "2018-02-05T18:40:56.075Z",
                "type": "END",
                "source": "data:click:h_pos",
                "_t": "11:40:56",
                "_end": "-",
                "data": {
                    "lbl": {
                        "time": 63.732358,
                        "endTime": 69.0053521251598,
                        "type": "move",
                        "id": 2
                    }
                }
            },
            {
                "time": "2018-02-05T18:41:13.508Z",
                "type": "SELECT",
                "source": "data:click",
                "_t": "11:41:13",
                "_end": "-",
                "data": {
                    "time": 45.053892,
                    "endTime": 53.16013669987347,
                    "type": "pill",
                    "id": 1
                }
            },
            {
                "time": "2018-02-05T18:41:16.233Z",
                "type": "CHANGE-EVENT-TYPE",
                "source": "side-bar:menu",
                "_t": "11:41:16",
                "_end": "-",
                "data": {
                    "time": 45.053892,
                    "endTime": 53.16013669987347,
                    "type": "pill",
                    "id": 1
                }
            },
            {
                "time": "2018-02-05T18:41:17.303Z",
                "type": "DESELECT",
                "source": "data:click",
                "_t": "11:41:17",
                "_end": "-",
                "data": {
                    "time": 45.053892,
                    "endTime": 53.16013669987347,
                    "type": "move",
                    "id": 1
                }
            },
            {
                "time": "2018-02-05T18:41:19.364Z",
                "type": "SELECT",
                "source": "data:click",
                "_t": "11:41:19",
                "_end": "-",
                "data": {
                    "time": 63.732358,
                    "endTime": 69.0053521251598,
                    "type": "move",
                    "id": 2
                }
            },
            {
                "time": "2018-02-05T18:41:20.528Z",
                "type": "CHANGE-EVENT-TYPE",
                "source": "side-bar:menu",
                "_t": "11:41:20",
                "_end": "-",
                "data": {
                    "time": 63.732358,
                    "endTime": 69.0053521251598,
                    "type": "move",
                    "id": 2
                }
            },
            {
                "time": "2018-02-05T18:41:21.921Z",
                "type": "DESELECT",
                "source": "side-bar:button",
                "_t": "11:41:21",
                "_end": "-",
                "data": {
                    "time": 63.732358,
                    "endTime": 69.0053521251598,
                    "type": "pill",
                    "id": 2
                }
            },
            {
                "time": "2018-02-05T18:41:27.425Z",
                "type": "START",
                "source": "side-bar:button",
                "_t": "11:41:27",
                "_end": "-",
                "data": {
                    "type": "pill",
                    "time": 125.854
                }
            },
            {
                "time": "2018-02-05T18:41:29.019Z",
                "type": "END",
                "source": "data:click:h_pos",
                "_t": "11:41:29",
                "_end": "-",
                "data": {
                    "lbl": {
                        "time": 125.854,
                        "endTime": 136.4262220519373,
                        "type": "pill",
                        "id": 3
                    }
                }
            },
            {
                "time": "2018-02-05T18:41:33.530Z",
                "type": "START",
                "source": "side-bar:button",
                "_t": "11:41:33",
                "_end": "-",
                "data": {
                    "type": "move",
                    "time": 177.95433
                }
            },
            {
                "time": "2018-02-05T18:41:35.843Z",
                "type": "END",
                "source": "data:click:h_pos",
                "_t": "11:41:35",
                "_end": "-",
                "data": {
                    "lbl": {
                        "time": 177.95433,
                        "endTime": 180.9712171860353,
                        "type": "move",
                        "id": 4
                    }
                }
            },
            {
                "time": "2018-02-05T18:41:48.404Z",
                "type": "SELECT",
                "source": "data:click",
                "_t": "11:41:48",
                "_end": "-",
                "data": {
                    "time": 45.053892,
                    "endTime": 53.16013669987347,
                    "type": "pill",
                    "id": 1
                }
            },
            {
                "time": "2018-02-05T18:41:49.929Z",
                "type": "CHANGE-EVENT-TYPE",
                "source": "side-bar:menu",
                "_t": "11:41:49",
                "_end": "-",
                "data": {
                    "time": 45.053892,
                    "endTime": 53.16013669987347,
                    "type": "move",
                    "id": 1
                }
            },
            {
                "time": "2018-02-05T18:41:50.795Z",
                "type": "DESELECT",
                "source": "data:click",
                "_t": "11:41:50",
                "_end": "-",
                "data": {
                    "time": 45.053892,
                    "endTime": 53.16013669987347,
                    "type": "pill",
                    "id": 1
                }
            },
            {
                "time": "2018-02-05T18:41:52.525Z",
                "type": "SELECT",
                "source": "data:click",
                "_t": "11:41:52",
                "_end": "-",
                "data": {
                    "time": 63.732358,
                    "endTime": 69.0053521251598,
                    "type": "move",
                    "id": 2
                }
            },
            {
                "time": "2018-02-05T18:41:57.010Z",
                "type": "CHANGE-EVENT-TYPE",
                "source": "side-bar:menu",
                "_t": "11:41:57",
                "_end": "-",
                "data": {
                    "time": 63.732358,
                    "endTime": 69.0053521251598,
                    "type": "pill",
                    "id": 2
                }
            },
            {
                "time": "2018-02-05T18:42:07.467Z",
                "type": "START",
                "source": "side-bar:button",
                "_t": "11:42:07",
                "_end": "-",
                "data": {
                    "type": "pill",
                    "time": 269.720163
                }
            },
            {
                "time": "2018-02-05T18:42:08.899Z",
                "type": "END",
                "source": "data:click:h_pos",
                "_t": "11:42:08",
                "_end": "-",
                "data": {
                    "lbl": {
                        "time": 269.7201629999995,
                        "endTime": 279.085630177509,
                        "type": "pill",
                        "id": 5
                    }
                }
            },
            {
                "time": "2018-02-05T18:42:12.221Z",
                "type": "SELECT",
                "source": "data:click",
                "_t": "11:42:12",
                "_end": "-",
                "data": {
                    "time": 269.7201629999995,
                    "endTime": 279.085630177509,
                    "type": "pill",
                    "id": 5
                }
            },
            {
                "time": {
                    "start": "2018-02-05T18:42:12.778Z",
                    "end": "2018-02-05T18:42:15.562Z"
                },
                "type": "RESIZE",
                "source": "data:brush",
                "_t": "11:42:12",
                "_end": "11:42:15",
                "data": {
                    "brushing": true,
                    "origin": [
                        269.720163,
                        278.98069497104746
                    ],
                    "_brushside": 1,
                    "start": "2018-02-05T18:42:12.778Z",
                    "ε": 0.1,
                    "mode": "resize"
                }
            },
            {
                "time": "2018-02-05T18:42:21.762Z",
                "type": "START",
                "source": "side-bar:button",
                "_t": "11:42:21",
                "_end": "-",
                "data": {
                    "type": "move",
                    "time": 331.107257
                }
            },
            {
                "time": "2018-02-05T18:42:23.781Z",
                "type": "END",
                "source": "data:click:h_pos",
                "_t": "11:42:23",
                "_end": "-",
                "data": {
                    "lbl": {
                        "time": 331.107257,
                        "endTime": 334.9111582345698,
                        "type": "move",
                        "id": 6
                    }
                }
            },
            {
                "time": "2018-02-05T18:42:36.834Z",
                "type": "START",
                "source": "side-bar:button",
                "_t": "11:42:36",
                "_end": "-",
                "data": {
                    "type": "move",
                    "time": 446.640918
                }
            },
            {
                "time": "2018-02-05T18:42:39.913Z",
                "type": "END",
                "source": "data:click:h_pos",
                "_t": "11:42:39",
                "_end": "-",
                "data": {
                    "lbl": {
                        "time": 446.640918,
                        "endTime": 449.18559675691665,
                        "type": "move",
                        "id": 7
                    }
                }
            },
            {
                "time": "2018-02-05T18:42:44.651Z",
                "type": "START",
                "source": "side-bar:button",
                "_t": "11:42:44",
                "_end": "-",
                "data": {
                    "type": "pill",
                    "time": 564.063413
                }
            },
            {
                "time": "2018-02-05T18:42:48.291Z",
                "type": "END",
                "source": "data:click:h_pos",
                "_t": "11:42:48",
                "_end": "-",
                "data": {
                    "lbl": {
                        "time": 564.063413,
                        "endTime": 573.2190097646198,
                        "type": "pill",
                        "id": 8
                    }
                }
            }
        ],
        "navigationEvents": [
            {
                "time": {
                    "start": "2018-02-05T18:40:20.209Z",
                    "end": "2018-02-05T18:40:32.830Z"
                },
                "type": "SCRUB",
                "source": "data:drag",
                "_t": "11:40:20",
                "_end": "11:40:32",
                "data": {
                    "time": 35.137515
                }
            },
            {
                "time": {
                    "start": "2018-02-05T18:40:20.209Z",
                    "end": "2018-02-05T18:40:45.504Z"
                },
                "type": "SCRUB",
                "source": "data:drag",
                "_t": "11:40:20",
                "_end": "11:40:45",
                "data": {
                    "time": 45.053892
                }
            },
            {
                "time": {
                    "start": "2018-02-05T18:40:20.209Z",
                    "end": "2018-02-05T18:40:49.511Z"
                },
                "type": "SCRUB",
                "source": "data:drag",
                "_t": "11:40:20",
                "_end": "11:40:49",
                "data": {
                    "time": 45.053892
                }
            },
            {
                "time": {
                    "start": "2018-02-05T18:40:20.209Z",
                    "end": "2018-02-05T18:40:53.297Z"
                },
                "type": "SCRUB",
                "source": "data:drag",
                "_t": "11:40:20",
                "_end": "11:40:53",
                "data": {
                    "time": 63.732358
                }
            },
            {
                "time": {
                    "start": "2018-02-05T18:40:20.209Z",
                    "end": "2018-02-05T18:40:56.072Z"
                },
                "type": "SCRUB",
                "source": "data:drag",
                "_t": "11:40:20",
                "_end": "11:40:56",
                "data": {
                    "time": 63.732358
                }
            },
            {
                "time": {
                    "start": "2018-02-05T18:40:20.209Z",
                    "end": "2018-02-05T18:41:11.657Z"
                },
                "type": "SCRUB",
                "source": "data:drag",
                "_t": "11:40:20",
                "_end": "11:41:11",
                "data": {
                    "time": 63.732358
                }
            },
            {
                "time": {
                    "start": "2018-02-05T18:40:20.209Z",
                    "end": "2018-02-05T18:41:13.505Z"
                },
                "type": "SCRUB",
                "source": "data:drag",
                "_t": "11:40:20",
                "_end": "11:41:13",
                "data": {
                    "time": 63.732358
                }
            },
            {
                "time": {
                    "start": "2018-02-05T18:40:20.209Z",
                    "end": "2018-02-05T18:41:17.302Z"
                },
                "type": "SCRUB",
                "source": "data:drag",
                "_t": "11:40:20",
                "_end": "11:41:17",
                "data": {
                    "time": 63.732358
                }
            },
            {
                "time": {
                    "start": "2018-02-05T18:40:20.209Z",
                    "end": "2018-02-05T18:41:19.361Z"
                },
                "type": "SCRUB",
                "source": "data:drag",
                "_t": "11:40:20",
                "_end": "11:41:19",
                "data": {
                    "time": 63.732358
                }
            },
            {
                "time": {
                    "start": "2018-02-05T18:40:20.209Z",
                    "end": "2018-02-05T18:41:26.537Z"
                },
                "type": "SCRUB",
                "source": "data:drag",
                "_t": "11:40:20",
                "_end": "11:41:26",
                "data": {
                    "time": 125.854
                }
            },
            {
                "time": {
                    "start": "2018-02-05T18:40:20.209Z",
                    "end": "2018-02-05T18:41:29.017Z"
                },
                "type": "SCRUB",
                "source": "data:drag",
                "_t": "11:40:20",
                "_end": "11:41:29",
                "data": {
                    "time": 125.854
                }
            },
            {
                "time": {
                    "start": "2018-02-05T18:40:20.209Z",
                    "end": "2018-02-05T18:41:32.504Z"
                },
                "type": "SCRUB",
                "source": "data:drag",
                "_t": "11:40:20",
                "_end": "11:41:32",
                "data": {
                    "time": 177.95433
                }
            },
            {
                "time": {
                    "start": "2018-02-05T18:40:20.209Z",
                    "end": "2018-02-05T18:41:35.841Z"
                },
                "type": "SCRUB",
                "source": "data:drag",
                "_t": "11:40:20",
                "_end": "11:41:35",
                "data": {
                    "time": 177.95433
                }
            },
            {
                "time": {
                    "start": "2018-02-05T18:40:20.209Z",
                    "end": "2018-02-05T18:41:37.362Z"
                },
                "type": "SCRUB",
                "source": "data:drag",
                "_t": "11:40:20",
                "_end": "11:41:37",
                "data": {
                    "time": 251.041701
                }
            },
            {
                "time": {
                    "start": "2018-02-05T18:40:20.209Z",
                    "end": "2018-02-05T18:41:40.821Z"
                },
                "type": "SCRUB",
                "source": "data:drag",
                "_t": "11:40:20",
                "_end": "11:41:40",
                "data": {
                    "time": 269.562764
                }
            },
            {
                "time": {
                    "start": "2018-02-05T18:40:20.209Z",
                    "end": "2018-02-05T18:41:42.348Z"
                },
                "type": "SCRUB",
                "source": "data:drag",
                "_t": "11:40:20",
                "_end": "11:41:42",
                "data": {
                    "time": 190.703956
                }
            },
            {
                "time": {
                    "start": "2018-02-05T18:40:20.209Z",
                    "end": "2018-02-05T18:41:43.265Z"
                },
                "type": "SCRUB",
                "source": "data:drag",
                "_t": "11:40:20",
                "_end": "11:41:43",
                "data": {
                    "time": 136.609857
                }
            },
            {
                "time": {
                    "start": "2018-02-05T18:40:20.209Z",
                    "end": "2018-02-05T18:41:47.736Z"
                },
                "type": "SCRUB",
                "source": "data:drag",
                "_t": "11:40:20",
                "_end": "11:41:47",
                "data": {
                    "time": 63.312615
                }
            },
            {
                "time": {
                    "start": "2018-02-05T18:40:20.209Z",
                    "end": "2018-02-05T18:41:48.402Z"
                },
                "type": "SCRUB",
                "source": "data:drag",
                "_t": "11:40:20",
                "_end": "11:41:48",
                "data": {
                    "time": 63.312615
                }
            },
            {
                "time": {
                    "start": "2018-02-05T18:40:20.209Z",
                    "end": "2018-02-05T18:41:50.795Z"
                },
                "type": "SCRUB",
                "source": "data:drag",
                "_t": "11:40:20",
                "_end": "11:41:50",
                "data": {
                    "time": 63.312615
                }
            },
            {
                "time": {
                    "start": "2018-02-05T18:40:20.209Z",
                    "end": "2018-02-05T18:41:52.521Z"
                },
                "type": "SCRUB",
                "source": "data:drag",
                "_t": "11:40:20",
                "_end": "11:41:52",
                "data": {
                    "time": 63.312615
                }
            },
            {
                "time": {
                    "start": "2018-02-05T18:40:20.209Z",
                    "end": "2018-02-05T18:41:59.411Z"
                },
                "type": "SCRUB",
                "source": "data:drag",
                "_t": "11:40:20",
                "_end": "11:41:59",
                "data": {
                    "time": 132.622318
                }
            },
            {
                "time": {
                    "start": "2018-02-05T18:40:20.209Z",
                    "end": "2018-02-05T18:42:00.697Z"
                },
                "type": "SCRUB",
                "source": "data:drag",
                "_t": "11:40:20",
                "_end": "11:42:00",
                "data": {
                    "time": 190.756422
                }
            },
            {
                "time": {
                    "start": "2018-02-05T18:40:20.209Z",
                    "end": "2018-02-05T18:42:02.233Z"
                },
                "type": "SCRUB",
                "source": "data:drag",
                "_t": "11:40:20",
                "_end": "11:42:02",
                "data": {
                    "time": 264.683274
                }
            },
            {
                "time": {
                    "start": "2018-02-05T18:40:20.209Z",
                    "end": "2018-02-05T18:42:06.305Z"
                },
                "type": "SCRUB",
                "source": "data:drag",
                "_t": "11:40:20",
                "_end": "11:42:06",
                "data": {
                    "time": 269.720163
                }
            },
            {
                "time": {
                    "start": "2018-02-05T18:40:20.209Z",
                    "end": "2018-02-05T18:42:08.897Z"
                },
                "type": "SCRUB",
                "source": "data:drag",
                "_t": "11:40:20",
                "_end": "11:42:08",
                "data": {
                    "time": 269.720163
                }
            },
            {
                "time": {
                    "start": "2018-02-05T18:40:20.209Z",
                    "end": "2018-02-05T18:42:11.898Z"
                },
                "type": "SCRUB",
                "source": "data:drag",
                "_t": "11:40:20",
                "_end": "11:42:11",
                "data": {
                    "time": 269.195486
                }
            },
            {
                "time": {
                    "start": "2018-02-05T18:40:20.209Z",
                    "end": "2018-02-05T18:42:12.218Z"
                },
                "type": "SCRUB",
                "source": "data:drag",
                "_t": "11:40:20",
                "_end": "11:42:12",
                "data": {
                    "time": 269.195486
                }
            },
            {
                "time": {
                    "start": "2018-02-05T18:40:20.209Z",
                    "end": "2018-02-05T18:42:15.570Z"
                },
                "type": "SCRUB",
                "source": "data:drag",
                "_t": "11:40:20",
                "_end": "11:42:15",
                "data": {
                    "time": 269.195486
                }
            },
            {
                "time": {
                    "start": "2018-02-05T18:40:20.209Z",
                    "end": "2018-02-05T18:42:17.534Z"
                },
                "type": "SCRUB",
                "source": "data:drag",
                "_t": "11:40:20",
                "_end": "11:42:17",
                "data": {
                    "time": 330.739984
                }
            },
            {
                "time": {
                    "start": "2018-02-05T18:40:20.209Z",
                    "end": "2018-02-05T18:42:20.995Z"
                },
                "type": "SCRUB",
                "source": "data:drag",
                "_t": "11:40:20",
                "_end": "11:42:20",
                "data": {
                    "time": 331.107257
                }
            },
            {
                "time": {
                    "start": "2018-02-05T18:40:20.209Z",
                    "end": "2018-02-05T18:42:23.778Z"
                },
                "type": "SCRUB",
                "source": "data:drag",
                "_t": "11:40:20",
                "_end": "11:42:23",
                "data": {
                    "time": 331.107257
                }
            },
            {
                "time": {
                    "start": "2018-02-05T18:40:20.209Z",
                    "end": "2018-02-05T18:42:25.101Z"
                },
                "type": "SCRUB",
                "source": "data:drag",
                "_t": "11:40:20",
                "_end": "11:42:25",
                "data": {
                    "time": 407.395152
                }
            },
            {
                "time": {
                    "start": "2018-02-05T18:40:20.209Z",
                    "end": "2018-02-05T18:42:28.029Z"
                },
                "type": "SCRUB",
                "source": "data:drag",
                "_t": "11:40:20",
                "_end": "11:42:28",
                "data": {
                    "time": 446.483516
                }
            },
            {
                "time": {
                    "start": "2018-02-05T18:40:20.209Z",
                    "end": "2018-02-05T18:42:32.307Z"
                },
                "type": "SCRUB",
                "source": "data:drag",
                "_t": "11:40:20",
                "_end": "11:42:32",
                "data": {
                    "time": 446.640918
                }
            },
            {
                "time": {
                    "start": "2018-02-05T18:40:20.209Z",
                    "end": "2018-02-05T18:42:39.912Z"
                },
                "type": "SCRUB",
                "source": "data:drag",
                "_t": "11:40:20",
                "_end": "11:42:39",
                "data": {
                    "time": 446.640918
                }
            },
            {
                "time": {
                    "start": "2018-02-05T18:40:20.209Z",
                    "end": "2018-02-05T18:42:41.394Z"
                },
                "type": "SCRUB",
                "source": "data:drag",
                "_t": "11:40:20",
                "_end": "11:42:41",
                "data": {
                    "time": 488.615
                }
            },
            {
                "time": {
                    "start": "2018-02-05T18:40:20.209Z",
                    "end": "2018-02-05T18:42:43.935Z"
                },
                "type": "SCRUB",
                "source": "data:drag",
                "_t": "11:40:20",
                "_end": "11:42:43",
                "data": {
                    "time": 564.063413
                }
            },
            {
                "time": {
                    "start": "2018-02-05T18:40:20.209Z",
                    "end": "2018-02-05T18:42:48.287Z"
                },
                "type": "SCRUB",
                "source": "data:drag",
                "_t": "11:40:20",
                "_end": "11:42:48",
                "data": {
                    "time": 564.063413
                }
            },
            {
                "time": {
                    "start": "2018-02-05T18:40:20.209Z",
                    "end": "2018-02-05T18:42:49.714Z"
                },
                "type": "SCRUB",
                "source": "data:drag",
                "_t": "11:40:20",
                "_end": "11:42:49",
                "data": {
                    "time": 542.65663
                }
            },
            {
                "time": {
                    "start": "2018-02-05T18:40:20.209Z",
                    "end": "2018-02-05T18:42:50.632Z"
                },
                "type": "SCRUB",
                "source": "data:drag",
                "_t": "11:40:20",
                "_end": "11:42:50",
                "data": {
                    "time": 451.048194
                }
            },
            {
                "time": {
                    "start": "2018-02-05T18:40:20.209Z",
                    "end": "2018-02-05T18:42:51.501Z"
                },
                "type": "SCRUB",
                "source": "data:drag",
                "_t": "11:40:20",
                "_end": "11:42:51",
                "data": {
                    "time": 371.087566
                }
            },
            {
                "time": {
                    "start": "2018-02-05T18:40:20.209Z",
                    "end": "2018-02-05T18:42:52.647Z"
                },
                "type": "SCRUB",
                "source": "data:drag",
                "_t": "11:40:20",
                "_end": "11:42:52",
                "data": {
                    "time": 270.664573
                }
            },
            {
                "time": {
                    "start": "2018-02-05T18:40:20.209Z",
                    "end": "2018-02-05T18:42:53.659Z"
                },
                "type": "SCRUB",
                "source": "data:drag",
                "_t": "11:40:20",
                "_end": "11:42:53",
                "data": {
                    "time": 191.176154
                }
            },
            {
                "time": {
                    "start": "2018-02-05T18:40:20.209Z",
                    "end": "2018-02-05T18:42:54.858Z"
                },
                "type": "SCRUB",
                "source": "data:drag",
                "_t": "11:40:20",
                "_end": "11:42:54",
                "data": {
                    "time": 128.267496
                }
            },
            {
                "time": {
                    "start": "2018-02-05T18:40:20.209Z",
                    "end": "2018-02-05T18:42:57.001Z"
                },
                "type": "SCRUB",
                "source": "data:drag",
                "_t": "11:40:20",
                "_end": "11:42:57",
                "data": {
                    "time": 97.416545
                }
            },
            {
                "time": {
                    "start": "2018-02-05T18:40:20.209Z",
                    "end": "2018-02-05T18:43:00.761Z"
                },
                "type": "SCRUB",
                "source": "data:drag",
                "_t": "11:40:20",
                "_end": "11:43:00",
                "data": {
                    "time": 150.146486
                }
            },
            {
                "time": {
                    "start": "2018-02-05T18:40:20.209Z",
                    "end": "2018-02-05T18:43:02.773Z"
                },
                "type": "SCRUB",
                "source": "data:drag",
                "_t": "11:40:20",
                "_end": "11:43:02",
                "data": {
                    "time": 246.319602
                }
            },
            {
                "time": {
                    "start": "2018-02-05T18:40:20.209Z",
                    "end": "2018-02-05T18:43:05.593Z"
                },
                "type": "SCRUB",
                "source": "data:drag",
                "_t": "11:40:20",
                "_end": "11:43:05",
                "data": {
                    "time": 338.137907
                }
            },
            {
                "time": {
                    "start": "2018-02-05T18:40:20.209Z",
                    "end": "2018-02-05T18:43:08.023Z"
                },
                "type": "SCRUB",
                "source": "data:drag",
                "_t": "11:40:20",
                "_end": "11:43:08",
                "data": {
                    "time": 316.678657
                }
            },
            {
                "time": {
                    "start": "2018-02-05T18:40:20.209Z",
                    "end": "2018-02-05T18:43:09.891Z"
                },
                "type": "SCRUB",
                "source": "data:drag",
                "_t": "11:40:20",
                "_end": "11:43:09",
                "data": {
                    "time": 207.860847
                }
            },
            {
                "time": {
                    "start": "2018-02-05T18:40:20.209Z",
                    "end": "2018-02-05T18:43:11.179Z"
                },
                "type": "SCRUB",
                "source": "data:drag",
                "_t": "11:40:20",
                "_end": "11:43:11",
                "data": {
                    "time": 145.319463
                }
            },
            {
                "time": {
                    "start": "2018-02-05T18:40:20.209Z",
                    "end": "2018-02-05T18:43:14.539Z"
                },
                "type": "SCRUB",
                "source": "data:drag",
                "_t": "11:40:20",
                "_end": "11:43:14",
                "data": {
                    "time": 137.291919
                }
            },
            {
                "time": {
                    "start": "2018-02-05T18:40:20.209Z",
                    "end": "2018-02-05T18:43:15.612Z"
                },
                "type": "SCRUB",
                "source": "data:drag",
                "_t": "11:40:20",
                "_end": "11:43:15",
                "data": {
                    "time": 207.75591
                }
            },
            {
                "time": {
                    "start": "2018-02-05T18:40:20.209Z",
                    "end": "2018-02-05T18:43:16.569Z"
                },
                "type": "SCRUB",
                "source": "data:drag",
                "_t": "11:40:20",
                "_end": "11:43:16",
                "data": {
                    "time": 283.938869
                }
            },
            {
                "time": {
                    "start": "2018-02-05T18:40:20.209Z",
                    "end": "2018-02-05T18:43:17.907Z"
                },
                "type": "SCRUB",
                "source": "data:drag",
                "_t": "11:40:20",
                "_end": "11:43:17",
                "data": {
                    "time": 343.279728
                }
            },
            {
                "time": {
                    "start": "2018-02-05T18:40:20.209Z",
                    "end": "2018-02-05T18:43:19.162Z"
                },
                "type": "SCRUB",
                "source": "data:drag",
                "_t": "11:40:20",
                "_end": "11:43:19",
                "data": {
                    "time": 412.012288
                }
            },
            {
                "time": {
                    "start": "2018-02-05T18:40:20.209Z",
                    "end": "2018-02-05T18:43:20.820Z"
                },
                "type": "SCRUB",
                "source": "data:drag",
                "_t": "11:40:20",
                "_end": "11:43:20",
                "data": {
                    "time": 405.716175
                }
            }
        ]
    }
}