{
    "user_id": "053",
    "session_id": "5a78abeeee2b1975ba835bc8",
    "study": "studyD",
    "workspace": "pill.pills-pink",
    "details": {
        "workspace": "pill.pills-pink",
        "labels": [
            {
                "time": 45.25355972357721,
                "endTime": 53.528293,
                "type": "pill",
                "id": 1
            },
            {
                "time": 63.490595,
                "endTime": 69.20201353658486,
                "type": "move",
                "id": 2
            },
            {
                "time": 125.314195,
                "endTime": 136.4865312601603,
                "type": "pill",
                "id": 3
            },
            {
                "time": 177.91936536585214,
                "endTime": 181.02557544714986,
                "type": "move",
                "id": 4
            },
            {
                "time": 269.402261,
                "endTime": 278.97139205689734,
                "type": "pill",
                "id": 5
            },
            {
                "time": 331.1256596260156,
                "endTime": 334.73287133332764,
                "type": "move",
                "id": 6
            },
            {
                "time": 563.790812,
                "endTime": 573.1595424065088,
                "type": "pill",
                "id": 8
            },
            {
                "time": 446.60653095125497,
                "endTime": 449.51234038213465,
                "type": "move",
                "id": 9
            },
            {
                "time": 609.231658,
                "endTime": 612.9390700325152,
                "type": "move",
                "id": 10
            }
        ],
        "_starts": [
            "2018-02-05T19:41:14.000Z"
        ],
        "_ends": [
            "2018-02-05T19:43:31.391Z"
        ]
    },
    "labels_file": "/home/ubuntu/vat/data/user-studies/studyD/pills-pink/053.labels.json",
    "videoFlash": 0.561365,
    "surveys": {
        "user-info": {
            "firstname": "Marshall",
            "lastname": "Rawlins",
            "email": "mjamesr4@gmail.com"
        },
        "practice-first": {
            "question1": "3",
            "question2": "ok",
            "question3": "50",
            "question4": "3"
        },
        "practice-second": {},
        "practice-third": {},
        "practice-survey": {},
        "pill-blue": {
            "question1": "5",
            "question2": "5",
            "question3": "70",
            "question4": "100"
        },
        "pill-red": {
            "question1": "4",
            "question2": "3",
            "question3": "50",
            "question4": "100"
        },
        "pill-orange": {
            "question1": "4",
            "question2": "5",
            "question3": "100",
            "question4": "10"
        },
        "pills-survey": {
            "question1": "5",
            "question2": "2",
            "question3": "2",
            "question4": "5"
        },
        "run-blue": {
            "question1": "5",
            "question2": "5",
            "question3": "100",
            "question4": "100"
        },
        "run-yellow": {
            "question1": "5",
            "question2": "4",
            "question3": "70",
            "question4": "100"
        },
        "run-red": {
            "question1": "5",
            "question2": "5",
            "question3": "100",
            "question4": "100"
        },
        "run-survey": {
            "question1": "4",
            "question2": "2",
            "question3": "3",
            "question4": "4"
        }
    },
    "logs": {
        "labelEvents": [
            {
                "time": "2018-02-05T19:41:56.029Z",
                "type": "START",
                "source": "hotkey",
                "_t": "12:41:56",
                "_end": "-",
                "data": {
                    "type": "pill",
                    "time": 45.954962
                }
            },
            {
                "time": "2018-02-05T19:42:03.598Z",
                "type": "END",
                "source": "hotkey:ctb",
                "_t": "12:42:03",
                "_end": "-",
                "data": {
                    "lbl": {
                        "time": 45.25355972357721,
                        "endTime": 53.528293,
                        "type": "pill",
                        "id": 1
                    },
                    "key": "enter"
                }
            },
            {
                "time": "2018-02-05T19:42:06.224Z",
                "type": "SELECT",
                "source": "data:click",
                "_t": "12:42:06",
                "_end": "-",
                "data": {
                    "time": 45.25355972357721,
                    "endTime": 53.528293,
                    "type": "pill",
                    "id": 1
                }
            },
            {
                "time": {
                    "start": "2018-02-05T19:42:07.590Z",
                    "end": "2018-02-05T19:42:08.254Z"
                },
                "type": "RESIZE",
                "source": "data:brush",
                "_t": "12:42:07",
                "_end": "12:42:08",
                "data": {
                    "brushing": true,
                    "origin": [
                        45.954962,
                        53.528293
                    ],
                    "_brushside": 0,
                    "start": "2018-02-05T19:42:07.590Z",
                    "ε": 0.1,
                    "mode": "resize"
                }
            },
            {
                "time": "2018-02-05T19:42:09.775Z",
                "type": "DESELECT",
                "source": "data:click",
                "_t": "12:42:09",
                "_end": "-",
                "data": {
                    "time": 45.25355972357721,
                    "endTime": 53.528293,
                    "type": "pill",
                    "id": 1
                }
            },
            {
                "time": "2018-02-05T19:42:12.862Z",
                "type": "START",
                "source": "side-bar:button",
                "_t": "12:42:12",
                "_end": "-",
                "data": {
                    "type": "move",
                    "time": 63.490595
                }
            },
            {
                "time": "2018-02-05T19:42:14.712Z",
                "type": "END",
                "source": "data:click:h_pos",
                "_t": "12:42:14",
                "_end": "-",
                "data": {
                    "lbl": {
                        "time": 63.490595,
                        "endTime": 69.20201353658486,
                        "type": "move",
                        "id": 2
                    }
                }
            },
            {
                "time": "2018-02-05T19:42:20.718Z",
                "type": "START",
                "source": "side-bar:button",
                "_t": "12:42:20",
                "_end": "-",
                "data": {
                    "type": "pill",
                    "time": 125.314195
                }
            },
            {
                "time": "2018-02-05T19:42:23.089Z",
                "type": "END",
                "source": "data:click:h_pos",
                "_t": "12:42:23",
                "_end": "-",
                "data": {
                    "lbl": {
                        "time": 125.314195,
                        "endTime": 136.4865312601603,
                        "type": "pill",
                        "id": 3
                    }
                }
            },
            {
                "time": "2018-02-05T19:42:26.646Z",
                "type": "START",
                "source": "side-bar:button",
                "_t": "12:42:26",
                "_end": "-",
                "data": {
                    "type": "move",
                    "time": 176.26606
                }
            },
            {
                "time": "2018-02-05T19:42:27.770Z",
                "type": "END",
                "source": "data:click:h_pos",
                "_t": "12:42:27",
                "_end": "-",
                "data": {
                    "lbl": {
                        "time": 177.91936536585214,
                        "endTime": 181.02557544714986,
                        "type": "move",
                        "id": 4
                    }
                }
            },
            {
                "time": "2018-02-05T19:42:28.248Z",
                "type": "SELECT",
                "source": "data:click",
                "_t": "12:42:28",
                "_end": "-",
                "data": {
                    "time": 177.91936536585214,
                    "endTime": 181.02557544714986,
                    "type": "move",
                    "id": 4
                }
            },
            {
                "time": {
                    "start": "2018-02-05T19:42:29.159Z",
                    "end": "2018-02-05T19:42:29.918Z"
                },
                "type": "RESIZE",
                "source": "data:brush",
                "_t": "12:42:29",
                "_end": "12:42:29",
                "data": {
                    "brushing": true,
                    "origin": [
                        176.26606,
                        181.62677739837164
                    ],
                    "_brushside": 0,
                    "start": "2018-02-05T19:42:29.159Z",
                    "ε": 0.1,
                    "mode": "resize"
                }
            },
            {
                "time": {
                    "start": "2018-02-05T19:42:30.846Z",
                    "end": "2018-02-05T19:42:31.510Z"
                },
                "type": "RESIZE",
                "source": "data:brush",
                "_t": "12:42:30",
                "_end": "12:42:31",
                "data": {
                    "brushing": true,
                    "origin": [
                        177.9193653658537,
                        181.62677739837417
                    ],
                    "_brushside": 1,
                    "start": "2018-02-05T19:42:30.846Z",
                    "ε": 0.1,
                    "mode": "resize"
                }
            },
            {
                "time": "2018-02-05T19:42:32.099Z",
                "type": "DESELECT",
                "source": "data:click",
                "_t": "12:42:32",
                "_end": "-",
                "data": {
                    "time": 177.91936536585214,
                    "endTime": 181.02557544714986,
                    "type": "move",
                    "id": 4
                }
            },
            {
                "time": "2018-02-05T19:42:37.858Z",
                "type": "START",
                "source": "hotkey",
                "_t": "12:42:37",
                "_end": "-",
                "data": {
                    "type": "pill",
                    "time": 269.402261
                }
            },
            {
                "time": "2018-02-05T19:42:39.392Z",
                "type": "END",
                "source": "data:click:h_pos",
                "_t": "12:42:39",
                "_end": "-",
                "data": {
                    "lbl": {
                        "time": 269.402261,
                        "endTime": 278.97139205689734,
                        "type": "pill",
                        "id": 5
                    }
                }
            },
            {
                "time": "2018-02-05T19:42:43.565Z",
                "type": "START",
                "source": "hotkey",
                "_t": "12:42:43",
                "_end": "-",
                "data": {
                    "type": "move",
                    "time": 330.624658
                }
            },
            {
                "time": "2018-02-05T19:42:45.041Z",
                "type": "END",
                "source": "data:click:h_pos",
                "_t": "12:42:45",
                "_end": "-",
                "data": {
                    "lbl": {
                        "time": 331.1256596260156,
                        "endTime": 334.73287133332764,
                        "type": "move",
                        "id": 6
                    }
                }
            },
            {
                "time": "2018-02-05T19:42:45.737Z",
                "type": "SELECT",
                "source": "data:click",
                "_t": "12:42:45",
                "_end": "-",
                "data": {
                    "time": 331.1256596260156,
                    "endTime": 334.73287133332764,
                    "type": "move",
                    "id": 6
                }
            },
            {
                "time": {
                    "start": "2018-02-05T19:42:46.399Z",
                    "end": "2018-02-05T19:42:47.527Z"
                },
                "type": "RESIZE",
                "source": "data:brush",
                "_t": "12:42:46",
                "_end": "12:42:47",
                "data": {
                    "brushing": true,
                    "origin": [
                        330.624658,
                        334.7328713333315
                    ],
                    "_brushside": 0,
                    "start": "2018-02-05T19:42:46.399Z",
                    "ε": 0.1,
                    "mode": "resize"
                }
            },
            {
                "time": "2018-02-05T19:42:48.263Z",
                "type": "DESELECT",
                "source": "data:click",
                "_t": "12:42:48",
                "_end": "-",
                "data": {
                    "time": 331.1256596260156,
                    "endTime": 334.73287133332764,
                    "type": "move",
                    "id": 6
                }
            },
            {
                "time": "2018-02-05T19:42:54.438Z",
                "type": "START",
                "source": "hotkey",
                "_t": "12:42:54",
                "_end": "-",
                "data": {
                    "type": "pill",
                    "time": 446.506332
                }
            },
            {
                "time": "2018-02-05T19:42:55.809Z",
                "type": "END",
                "source": "data:click:h_pos",
                "_t": "12:42:55",
                "_end": "-",
                "data": {
                    "lbl": {
                        "time": 446.506332,
                        "endTime": 449.5123417560991,
                        "type": "pill",
                        "id": 7
                    }
                }
            },
            {
                "time": "2018-02-05T19:43:01.432Z",
                "type": "START",
                "source": "hotkey",
                "_t": "12:43:01",
                "_end": "-",
                "data": {
                    "type": "pill",
                    "time": 563.790812
                }
            },
            {
                "time": "2018-02-05T19:43:02.321Z",
                "type": "END",
                "source": "data:click:h_pos",
                "_t": "12:43:02",
                "_end": "-",
                "data": {
                    "lbl": {
                        "time": 563.790812,
                        "endTime": 573.1595424065088,
                        "type": "pill",
                        "id": 8
                    }
                }
            },
            {
                "time": "2018-02-05T19:43:05.489Z",
                "type": "SELECT",
                "source": "data:click",
                "_t": "12:43:05",
                "_end": "-",
                "data": {
                    "time": 446.506332,
                    "endTime": 449.5123417560991,
                    "type": "pill",
                    "id": 7
                }
            },
            {
                "time": "2018-02-05T19:43:06.192Z",
                "type": "START",
                "source": "hotkey",
                "_t": "12:43:06",
                "_end": "-",
                "data": {
                    "type": "move",
                    "time": 464.492289
                }
            },
            {
                "time": "2018-02-05T19:43:07.761Z",
                "type": "END",
                "source": "data:click:h_pos",
                "_t": "12:43:07",
                "_end": "-",
                "data": {
                    "lbl": {
                        "time": 446.60653095125497,
                        "endTime": 449.51234038213465,
                        "type": "move",
                        "id": 9
                    }
                }
            },
            {
                "time": "2018-02-05T19:43:08.233Z",
                "type": "SELECT",
                "source": "data:click",
                "_t": "12:43:08",
                "_end": "-",
                "data": {
                    "time": 446.506332,
                    "endTime": 449.5123417560991,
                    "type": "pill",
                    "id": 7
                }
            },
            {
                "time": "2018-02-05T19:43:09.390Z",
                "type": "DELETE",
                "source": "hotkey",
                "_t": "12:43:09",
                "_end": "-",
                "data": {
                    "id": 7,
                    "idx": 6
                }
            },
            {
                "time": "2018-02-05T19:43:09.897Z",
                "type": "SELECT",
                "source": "data:click",
                "_t": "12:43:09",
                "_end": "-",
                "data": {
                    "time": 446.60653095125497,
                    "endTime": 449.51234038213465,
                    "type": "move",
                    "id": 9
                }
            },
            {
                "time": {
                    "start": "2018-02-05T19:43:10.230Z",
                    "end": "2018-02-05T19:43:10.941Z"
                },
                "type": "MOVE",
                "source": "data:brush",
                "_t": "12:43:10",
                "_end": "12:43:10",
                "data": {
                    "brushing": true,
                    "origin": [
                        452.66865062602153,
                        464.492289
                    ],
                    "start": "2018-02-05T19:43:10.230Z",
                    "ε": 0.1,
                    "mode": "move"
                }
            },
            {
                "time": "2018-02-05T19:43:11.563Z",
                "type": "DESELECT",
                "source": "data:click",
                "_t": "12:43:11",
                "_end": "-",
                "data": {
                    "time": 441.0454129024273,
                    "endTime": 452.86905127641694,
                    "type": "move",
                    "id": 9
                }
            },
            {
                "time": "2018-02-05T19:43:13.697Z",
                "type": "SELECT",
                "source": "data:click",
                "_t": "12:43:13",
                "_end": "-",
                "data": {
                    "time": 446.60653095125497,
                    "endTime": 449.51234038213465,
                    "type": "move",
                    "id": 9
                }
            },
            {
                "time": {
                    "start": "2018-02-05T19:43:15.105Z",
                    "end": "2018-02-05T19:43:16.600Z"
                },
                "type": "RESIZE",
                "source": "data:brush",
                "_t": "12:43:15",
                "_end": "12:43:16",
                "data": {
                    "brushing": true,
                    "origin": [
                        441.0454129024273,
                        452.86905127641694
                    ],
                    "_brushside": 1,
                    "start": "2018-02-05T19:43:15.105Z",
                    "ε": 0.1,
                    "mode": "resize"
                }
            },
            {
                "time": "2018-02-05T19:43:17.098Z",
                "type": "DESELECT",
                "source": "data:click",
                "_t": "12:43:17",
                "_end": "-",
                "data": {
                    "time": 441.0454129024717,
                    "endTime": 449.51234038213465,
                    "type": "move",
                    "id": 9
                }
            },
            {
                "time": "2018-02-05T19:43:17.577Z",
                "type": "SELECT",
                "source": "data:click",
                "_t": "12:43:17",
                "_end": "-",
                "data": {
                    "time": 446.60653095125497,
                    "endTime": 449.51234038213465,
                    "type": "move",
                    "id": 9
                }
            },
            {
                "time": {
                    "start": "2018-02-05T19:43:18.726Z",
                    "end": "2018-02-05T19:43:19.847Z"
                },
                "type": "RESIZE",
                "source": "data:brush",
                "_t": "12:43:18",
                "_end": "12:43:19",
                "data": {
                    "brushing": true,
                    "origin": [
                        441.0454129024717,
                        449.51234038213465
                    ],
                    "_brushside": 0,
                    "start": "2018-02-05T19:43:18.726Z",
                    "ε": 0.1,
                    "mode": "resize"
                }
            },
            {
                "time": "2018-02-05T19:43:21.098Z",
                "type": "DESELECT",
                "source": "data:click",
                "_t": "12:43:21",
                "_end": "-",
                "data": {
                    "time": 446.60653095125497,
                    "endTime": 449.51234038213465,
                    "type": "move",
                    "id": 9
                }
            },
            {
                "time": "2018-02-05T19:43:26.808Z",
                "type": "START",
                "source": "hotkey",
                "_t": "12:43:26",
                "_end": "-",
                "data": {
                    "type": "move",
                    "time": 609.231658
                }
            },
            {
                "time": "2018-02-05T19:43:27.625Z",
                "type": "END",
                "source": "data:click:h_pos",
                "_t": "12:43:27",
                "_end": "-",
                "data": {
                    "lbl": {
                        "time": 609.231658,
                        "endTime": 612.9390700325152,
                        "type": "move",
                        "id": 10
                    }
                }
            }
        ],
        "navigationEvents": [
            {
                "time": {
                    "start": "2018-02-05T19:41:14.135Z",
                    "end": "2018-02-05T19:41:29.215Z"
                },
                "type": "SCRUB",
                "source": "data:drag",
                "_t": "12:41:14",
                "_end": "12:41:29",
                "data": {
                    "time": 8.047861
                }
            },
            {
                "time": {
                    "start": "2018-02-05T19:41:14.135Z",
                    "end": "2018-02-05T19:41:42.960Z"
                },
                "type": "SCRUB",
                "source": "data:drag",
                "_t": "12:41:14",
                "_end": "12:41:42",
                "data": {
                    "time": 25.574466
                }
            },
            {
                "time": {
                    "start": "2018-02-05T19:41:14.135Z",
                    "end": "2018-02-05T19:41:44.198Z"
                },
                "type": "SCRUB",
                "source": "data:drag",
                "_t": "12:41:14",
                "_end": "12:41:44",
                "data": {
                    "time": 31.198847
                }
            },
            {
                "time": {
                    "start": "2018-02-05T19:41:14.135Z",
                    "end": "2018-02-05T19:41:53.356Z"
                },
                "type": "SCRUB",
                "source": "data:drag",
                "_t": "12:41:14",
                "_end": "12:41:53",
                "data": {
                    "time": 43.446351
                }
            },
            {
                "time": "2018-02-05T19:42:05.598Z",
                "type": "PAUSE",
                "source": "video:button",
                "_t": "12:42:05",
                "_end": "-"
            },
            {
                "time": {
                    "start": "2018-02-05T19:41:14.135Z",
                    "end": "2018-02-05T19:42:06.221Z"
                },
                "type": "SCRUB",
                "source": "data:drag",
                "_t": "12:41:14",
                "_end": "12:42:06",
                "data": {
                    "time": 55.52467
                }
            },
            {
                "time": {
                    "start": "2018-02-05T19:41:14.135Z",
                    "end": "2018-02-05T19:42:08.273Z"
                },
                "type": "SCRUB",
                "source": "data:drag",
                "_t": "12:41:14",
                "_end": "12:42:08",
                "data": {
                    "time": 55.52467
                }
            },
            {
                "time": {
                    "start": "2018-02-05T19:41:14.135Z",
                    "end": "2018-02-05T19:42:09.774Z"
                },
                "type": "SCRUB",
                "source": "data:drag",
                "_t": "12:41:14",
                "_end": "12:42:09",
                "data": {
                    "time": 55.52467
                }
            },
            {
                "time": {
                    "start": "2018-02-05T19:41:14.135Z",
                    "end": "2018-02-05T19:42:11.750Z"
                },
                "type": "SCRUB",
                "source": "data:drag",
                "_t": "12:41:14",
                "_end": "12:42:11",
                "data": {
                    "time": 63.490595
                }
            },
            {
                "time": {
                    "start": "2018-02-05T19:41:14.135Z",
                    "end": "2018-02-05T19:42:14.710Z"
                },
                "type": "SCRUB",
                "source": "data:drag",
                "_t": "12:41:14",
                "_end": "12:42:14",
                "data": {
                    "time": 63.490595
                }
            },
            {
                "time": {
                    "start": "2018-02-05T19:41:14.135Z",
                    "end": "2018-02-05T19:42:16.440Z"
                },
                "type": "SCRUB",
                "source": "data:drag",
                "_t": "12:41:14",
                "_end": "12:42:16",
                "data": {
                    "time": 108.831242
                }
            },
            {
                "time": {
                    "start": "2018-02-05T19:41:14.135Z",
                    "end": "2018-02-05T19:42:19.414Z"
                },
                "type": "SCRUB",
                "source": "data:drag",
                "_t": "12:41:14",
                "_end": "12:42:19",
                "data": {
                    "time": 125.314195
                }
            },
            {
                "time": {
                    "start": "2018-02-05T19:41:14.135Z",
                    "end": "2018-02-05T19:42:23.086Z"
                },
                "type": "SCRUB",
                "source": "data:drag",
                "_t": "12:41:14",
                "_end": "12:42:23",
                "data": {
                    "time": 125.314195
                }
            },
            {
                "time": {
                    "start": "2018-02-05T19:41:14.135Z",
                    "end": "2018-02-05T19:42:25.479Z"
                },
                "type": "SCRUB",
                "source": "data:drag",
                "_t": "12:41:14",
                "_end": "12:42:25",
                "data": {
                    "time": 176.26606
                }
            },
            {
                "time": {
                    "start": "2018-02-05T19:41:14.135Z",
                    "end": "2018-02-05T19:42:27.767Z"
                },
                "type": "SCRUB",
                "source": "data:drag",
                "_t": "12:41:14",
                "_end": "12:42:27",
                "data": {
                    "time": 176.26606
                }
            },
            {
                "time": {
                    "start": "2018-02-05T19:41:14.135Z",
                    "end": "2018-02-05T19:42:28.246Z"
                },
                "type": "SCRUB",
                "source": "data:drag",
                "_t": "12:41:14",
                "_end": "12:42:28",
                "data": {
                    "time": 176.26606
                }
            },
            {
                "time": {
                    "start": "2018-02-05T19:41:14.135Z",
                    "end": "2018-02-05T19:42:29.937Z"
                },
                "type": "SCRUB",
                "source": "data:drag",
                "_t": "12:41:14",
                "_end": "12:42:29",
                "data": {
                    "time": 176.26606
                }
            },
            {
                "time": {
                    "start": "2018-02-05T19:41:14.135Z",
                    "end": "2018-02-05T19:42:31.518Z"
                },
                "type": "SCRUB",
                "source": "data:drag",
                "_t": "12:41:14",
                "_end": "12:42:31",
                "data": {
                    "time": 176.26606
                }
            },
            {
                "time": {
                    "start": "2018-02-05T19:41:14.135Z",
                    "end": "2018-02-05T19:42:32.098Z"
                },
                "type": "SCRUB",
                "source": "data:drag",
                "_t": "12:41:14",
                "_end": "12:42:32",
                "data": {
                    "time": 176.26606
                }
            },
            {
                "time": {
                    "start": "2018-02-05T19:41:14.135Z",
                    "end": "2018-02-05T19:42:33.353Z"
                },
                "type": "SCRUB",
                "source": "data:drag",
                "_t": "12:41:14",
                "_end": "12:42:33",
                "data": {
                    "time": 228.570629
                }
            },
            {
                "time": {
                    "start": "2018-02-05T19:41:14.135Z",
                    "end": "2018-02-05T19:42:37.158Z"
                },
                "type": "SCRUB",
                "source": "data:drag",
                "_t": "12:41:14",
                "_end": "12:42:37",
                "data": {
                    "time": 269.402261
                }
            },
            {
                "time": {
                    "start": "2018-02-05T19:41:14.135Z",
                    "end": "2018-02-05T19:42:39.390Z"
                },
                "type": "SCRUB",
                "source": "data:drag",
                "_t": "12:41:14",
                "_end": "12:42:39",
                "data": {
                    "time": 269.402261
                }
            },
            {
                "time": {
                    "start": "2018-02-05T19:41:14.135Z",
                    "end": "2018-02-05T19:42:40.650Z"
                },
                "type": "SCRUB",
                "source": "data:drag",
                "_t": "12:41:14",
                "_end": "12:42:40",
                "data": {
                    "time": 321.105628
                }
            },
            {
                "time": {
                    "start": "2018-02-05T19:41:14.135Z",
                    "end": "2018-02-05T19:42:43.222Z"
                },
                "type": "SCRUB",
                "source": "data:drag",
                "_t": "12:41:14",
                "_end": "12:42:43",
                "data": {
                    "time": 330.624658
                }
            },
            {
                "time": {
                    "start": "2018-02-05T19:41:14.135Z",
                    "end": "2018-02-05T19:42:45.038Z"
                },
                "type": "SCRUB",
                "source": "data:drag",
                "_t": "12:41:14",
                "_end": "12:42:45",
                "data": {
                    "time": 330.624658
                }
            },
            {
                "time": {
                    "start": "2018-02-05T19:41:14.135Z",
                    "end": "2018-02-05T19:42:45.734Z"
                },
                "type": "SCRUB",
                "source": "data:drag",
                "_t": "12:41:14",
                "_end": "12:42:45",
                "data": {
                    "time": 330.624658
                }
            },
            {
                "time": {
                    "start": "2018-02-05T19:41:14.135Z",
                    "end": "2018-02-05T19:42:47.545Z"
                },
                "type": "SCRUB",
                "source": "data:drag",
                "_t": "12:41:14",
                "_end": "12:42:47",
                "data": {
                    "time": 330.624658
                }
            },
            {
                "time": {
                    "start": "2018-02-05T19:41:14.135Z",
                    "end": "2018-02-05T19:42:48.262Z"
                },
                "type": "SCRUB",
                "source": "data:drag",
                "_t": "12:41:14",
                "_end": "12:42:48",
                "data": {
                    "time": 330.624658
                }
            },
            {
                "time": {
                    "start": "2018-02-05T19:41:14.135Z",
                    "end": "2018-02-05T19:42:49.359Z"
                },
                "type": "SCRUB",
                "source": "data:drag",
                "_t": "12:41:14",
                "_end": "12:42:49",
                "data": {
                    "time": 378.670713
                }
            },
            {
                "time": {
                    "start": "2018-02-05T19:41:14.135Z",
                    "end": "2018-02-05T19:42:50.123Z"
                },
                "type": "SCRUB",
                "source": "data:drag",
                "_t": "12:41:14",
                "_end": "12:42:50",
                "data": {
                    "time": 430.624581
                }
            },
            {
                "time": {
                    "start": "2018-02-05T19:41:14.135Z",
                    "end": "2018-02-05T19:42:53.709Z"
                },
                "type": "SCRUB",
                "source": "data:drag",
                "_t": "12:41:14",
                "_end": "12:42:53",
                "data": {
                    "time": 446.506332
                }
            },
            {
                "time": {
                    "start": "2018-02-05T19:41:14.135Z",
                    "end": "2018-02-05T19:42:55.806Z"
                },
                "type": "SCRUB",
                "source": "data:drag",
                "_t": "12:41:14",
                "_end": "12:42:55",
                "data": {
                    "time": 446.506332
                }
            },
            {
                "time": {
                    "start": "2018-02-05T19:41:14.135Z",
                    "end": "2018-02-05T19:42:56.937Z"
                },
                "type": "SCRUB",
                "source": "data:drag",
                "_t": "12:41:14",
                "_end": "12:42:56",
                "data": {
                    "time": 498.3099
                }
            },
            {
                "time": {
                    "start": "2018-02-05T19:41:14.135Z",
                    "end": "2018-02-05T19:42:57.951Z"
                },
                "type": "SCRUB",
                "source": "data:drag",
                "_t": "12:41:14",
                "_end": "12:42:57",
                "data": {
                    "time": 551.666573
                }
            },
            {
                "time": {
                    "start": "2018-02-05T19:41:14.135Z",
                    "end": "2018-02-05T19:43:01.198Z"
                },
                "type": "SCRUB",
                "source": "data:drag",
                "_t": "12:41:14",
                "_end": "12:43:01",
                "data": {
                    "time": 563.790812
                }
            },
            {
                "time": {
                    "start": "2018-02-05T19:41:14.135Z",
                    "end": "2018-02-05T19:43:02.318Z"
                },
                "type": "SCRUB",
                "source": "data:drag",
                "_t": "12:41:14",
                "_end": "12:43:02",
                "data": {
                    "time": 563.790812
                }
            },
            {
                "time": {
                    "start": "2018-02-05T19:41:14.135Z",
                    "end": "2018-02-05T19:43:03.657Z"
                },
                "type": "SCRUB",
                "source": "data:drag",
                "_t": "12:41:14",
                "_end": "12:43:03",
                "data": {
                    "time": 505.875024
                }
            },
            {
                "time": {
                    "start": "2018-02-05T19:41:14.135Z",
                    "end": "2018-02-05T19:43:04.533Z"
                },
                "type": "SCRUB",
                "source": "data:drag",
                "_t": "12:41:14",
                "_end": "12:43:04",
                "data": {
                    "time": 464.492289
                }
            },
            {
                "time": {
                    "start": "2018-02-05T19:41:14.135Z",
                    "end": "2018-02-05T19:43:05.487Z"
                },
                "type": "SCRUB",
                "source": "data:drag",
                "_t": "12:41:14",
                "_end": "12:43:05",
                "data": {
                    "time": 464.492289
                }
            },
            {
                "time": {
                    "start": "2018-02-05T19:41:14.135Z",
                    "end": "2018-02-05T19:43:07.758Z"
                },
                "type": "SCRUB",
                "source": "data:drag",
                "_t": "12:41:14",
                "_end": "12:43:07",
                "data": {
                    "time": 464.492289
                }
            },
            {
                "time": {
                    "start": "2018-02-05T19:41:14.135Z",
                    "end": "2018-02-05T19:43:08.231Z"
                },
                "type": "SCRUB",
                "source": "data:drag",
                "_t": "12:41:14",
                "_end": "12:43:08",
                "data": {
                    "time": 464.492289
                }
            },
            {
                "time": {
                    "start": "2018-02-05T19:41:14.135Z",
                    "end": "2018-02-05T19:43:09.894Z"
                },
                "type": "SCRUB",
                "source": "data:drag",
                "_t": "12:41:14",
                "_end": "12:43:09",
                "data": {
                    "time": 464.492289
                }
            },
            {
                "time": {
                    "start": "2018-02-05T19:41:14.135Z",
                    "end": "2018-02-05T19:43:10.947Z"
                },
                "type": "SCRUB",
                "source": "data:drag",
                "_t": "12:41:14",
                "_end": "12:43:10",
                "data": {
                    "time": 464.492289
                }
            },
            {
                "time": {
                    "start": "2018-02-05T19:41:14.135Z",
                    "end": "2018-02-05T19:43:11.561Z"
                },
                "type": "SCRUB",
                "source": "data:drag",
                "_t": "12:41:14",
                "_end": "12:43:11",
                "data": {
                    "time": 464.492289
                }
            },
            {
                "time": {
                    "start": "2018-02-05T19:41:14.135Z",
                    "end": "2018-02-05T19:43:12.744Z"
                },
                "type": "SCRUB",
                "source": "data:drag",
                "_t": "12:41:14",
                "_end": "12:43:12",
                "data": {
                    "time": 464.542389
                }
            },
            {
                "time": {
                    "start": "2018-02-05T19:41:14.135Z",
                    "end": "2018-02-05T19:43:13.695Z"
                },
                "type": "SCRUB",
                "source": "data:drag",
                "_t": "12:41:14",
                "_end": "12:43:13",
                "data": {
                    "time": 464.542389
                }
            },
            {
                "time": {
                    "start": "2018-02-05T19:41:14.135Z",
                    "end": "2018-02-05T19:43:16.619Z"
                },
                "type": "SCRUB",
                "source": "data:drag",
                "_t": "12:41:14",
                "_end": "12:43:16",
                "data": {
                    "time": 464.542389
                }
            },
            {
                "time": {
                    "start": "2018-02-05T19:41:14.135Z",
                    "end": "2018-02-05T19:43:17.097Z"
                },
                "type": "SCRUB",
                "source": "data:drag",
                "_t": "12:41:14",
                "_end": "12:43:17",
                "data": {
                    "time": 464.542389
                }
            },
            {
                "time": {
                    "start": "2018-02-05T19:41:14.135Z",
                    "end": "2018-02-05T19:43:17.574Z"
                },
                "type": "SCRUB",
                "source": "data:drag",
                "_t": "12:41:14",
                "_end": "12:43:17",
                "data": {
                    "time": 464.542389
                }
            },
            {
                "time": {
                    "start": "2018-02-05T19:41:14.135Z",
                    "end": "2018-02-05T19:43:19.866Z"
                },
                "type": "SCRUB",
                "source": "data:drag",
                "_t": "12:41:14",
                "_end": "12:43:19",
                "data": {
                    "time": 464.542389
                }
            },
            {
                "time": {
                    "start": "2018-02-05T19:41:14.135Z",
                    "end": "2018-02-05T19:43:21.097Z"
                },
                "type": "SCRUB",
                "source": "data:drag",
                "_t": "12:41:14",
                "_end": "12:43:21",
                "data": {
                    "time": 464.542389
                }
            },
            {
                "time": {
                    "start": "2018-02-05T19:41:14.135Z",
                    "end": "2018-02-05T19:43:21.907Z"
                },
                "type": "SCRUB",
                "source": "data:drag",
                "_t": "12:41:14",
                "_end": "12:43:21",
                "data": {
                    "time": 515.143553
                }
            },
            {
                "time": {
                    "start": "2018-02-05T19:41:14.135Z",
                    "end": "2018-02-05T19:43:22.516Z"
                },
                "type": "SCRUB",
                "source": "data:drag",
                "_t": "12:41:14",
                "_end": "12:43:22",
                "data": {
                    "time": 558.079392
                }
            },
            {
                "time": {
                    "start": "2018-02-05T19:41:14.135Z",
                    "end": "2018-02-05T19:43:26.742Z"
                },
                "type": "SCRUB",
                "source": "data:drag",
                "_t": "12:41:14",
                "_end": "12:43:26",
                "data": {
                    "time": 609.231658
                }
            },
            {
                "time": {
                    "start": "2018-02-05T19:41:14.135Z",
                    "end": "2018-02-05T19:43:27.623Z"
                },
                "type": "SCRUB",
                "source": "data:drag",
                "_t": "12:41:14",
                "_end": "12:43:27",
                "data": {
                    "time": 609.231658
                }
            }
        ]
    }
}
