{
    "user_id": "atangren",
    "session_id": "5a78ba63ee2b1975ba835bd7",
    "study": "studyD",
    "workspace": "pill.pills-pink",
    "details": {
        "workspace": "pill.pills-pink",
        "labels": [
            {
                "time": 45.530422,
                "endTime": 53.19574687804992,
                "type": "pill",
                "id": 1
            },
            {
                "time": 64.017382,
                "endTime": 68.82699760975625,
                "type": "move",
                "id": 2
            },
            {
                "time": 125.991282,
                "endTime": 136.41211582114346,
                "type": "pill",
                "id": 3
            },
            {
                "time": 178.14555,
                "endTime": 180.75075845528585,
                "type": "move",
                "id": 4
            },
            {
                "time": 269.778746,
                "endTime": 278.9470757560935,
                "type": "pill",
                "id": 5
            },
            {
                "time": 331.201545,
                "endTime": 334.80875670731893,
                "type": "move",
                "id": 6
            },
            {
                "time": 446.682418,
                "endTime": 448.98702547967594,
                "type": "move",
                "id": 7
            },
            {
                "time": 564.067096,
                "endTime": 573.1352254308988,
                "type": "pill",
                "id": 8
            }
        ],
        "_starts": [
            "2018-02-05T20:43:24.000Z"
        ],
        "_ends": [
            "2018-02-05T20:45:48.298Z"
        ]
    },
    "labels_file": "/home/ubuntu/vat/data/user-studies/studyD/pills-pink/atangren.labels.json",
    "videoFlash": 0.561365,
    "surveys": {
        "user-info": {
            "firstname": "Andrew",
            "lastname": "Tangren",
            "email": "andrewjt678@gmail.com"
        },
        "practice-first": {
            "question1": "5",
            "question2": "ok",
            "question3": "50",
            "question4": "5"
        },
        "practice-second": {},
        "practice-third": {},
        "practice-survey": {},
        "pill-blue": {
            "question1": "5",
            "question2": "5",
            "question3": "50",
            "question4": "80"
        },
        "pill-red": {
            "question1": "2",
            "question2": "5",
            "question3": "60",
            "question4": "10"
        },
        "pill-orange": {
            "question1": "2",
            "question2": "4",
            "question3": "100",
            "question4": "20"
        },
        "pills-survey": {
            "question1": "5",
            "question2": "4",
            "question3": "4",
            "question4": "4"
        },
        "run-blue": {
            "question1": "5",
            "question2": "5",
            "question3": "100",
            "question4": "10"
        },
        "run-yellow": {
            "question1": "1",
            "question2": "4",
            "question3": "50",
            "question4": "10"
        },
        "run-red": {
            "question1": "4",
            "question2": "4",
            "question3": "100",
            "question4": "10"
        },
        "run-survey": {
            "question1": "5",
            "question2": "2",
            "question3": "5",
            "question4": "3"
        }
    },
    "logs": {
        "labelEvents": [
            {
                "time": "2018-02-05T20:44:03.647Z",
                "type": "START",
                "source": "hotkey",
                "_t": "13:44:03",
                "_end": "-",
                "data": {
                    "type": "pill",
                    "time": 45.530422
                }
            },
            {
                "time": "2018-02-05T20:44:07.438Z",
                "type": "END",
                "source": "hotkey:h_pos",
                "_t": "13:44:07",
                "_end": "-",
                "data": {
                    "lbl": {
                        "time": 45.530422,
                        "endTime": 53.19574687804992,
                        "type": "pill",
                        "id": 1
                    },
                    "key": "enter"
                }
            },
            {
                "time": "2018-02-05T20:44:15.053Z",
                "type": "START",
                "source": "hotkey",
                "_t": "13:44:15",
                "_end": "-",
                "data": {
                    "type": "move",
                    "time": 64.017382
                }
            },
            {
                "time": "2018-02-05T20:44:27.151Z",
                "type": "END",
                "source": "hotkey:h_pos",
                "_t": "13:44:27",
                "_end": "-",
                "data": {
                    "lbl": {
                        "time": 64.017382,
                        "endTime": 68.82699760975625,
                        "type": "move",
                        "id": 2
                    },
                    "key": "enter"
                }
            },
            {
                "time": "2018-02-05T20:44:38.527Z",
                "type": "START",
                "source": "hotkey",
                "_t": "13:44:38",
                "_end": "-",
                "data": {
                    "type": "pill",
                    "time": 125.991282
                }
            },
            {
                "time": "2018-02-05T20:44:41.055Z",
                "type": "END",
                "source": "hotkey:h_pos",
                "_t": "13:44:41",
                "_end": "-",
                "data": {
                    "lbl": {
                        "time": 125.991282,
                        "endTime": 136.41211582114346,
                        "type": "pill",
                        "id": 3
                    },
                    "key": "enter"
                }
            },
            {
                "time": "2018-02-05T20:44:48.317Z",
                "type": "START",
                "source": "hotkey",
                "_t": "13:44:48",
                "_end": "-",
                "data": {
                    "type": "move",
                    "time": 178.14555
                }
            },
            {
                "time": "2018-02-05T20:44:51.152Z",
                "type": "END",
                "source": "hotkey:h_pos",
                "_t": "13:44:51",
                "_end": "-",
                "data": {
                    "lbl": {
                        "time": 178.14555,
                        "endTime": 180.75075845528585,
                        "type": "move",
                        "id": 4
                    },
                    "key": "enter"
                }
            },
            {
                "time": "2018-02-05T20:45:06.483Z",
                "type": "START",
                "source": "hotkey",
                "_t": "13:45:06",
                "_end": "-",
                "data": {
                    "type": "pill",
                    "time": 269.778746
                }
            },
            {
                "time": "2018-02-05T20:45:08.911Z",
                "type": "END",
                "source": "hotkey:h_pos",
                "_t": "13:45:08",
                "_end": "-",
                "data": {
                    "lbl": {
                        "time": 269.778746,
                        "endTime": 278.9470757560935,
                        "type": "pill",
                        "id": 5
                    },
                    "key": "enter"
                }
            },
            {
                "time": "2018-02-05T20:45:14.296Z",
                "type": "START",
                "source": "hotkey",
                "_t": "13:45:14",
                "_end": "-",
                "data": {
                    "type": "move",
                    "time": 331.201545
                }
            },
            {
                "time": "2018-02-05T20:45:16.382Z",
                "type": "END",
                "source": "hotkey:ctb",
                "_t": "13:45:16",
                "_end": "-",
                "data": {
                    "key": "enter"
                }
            },
            {
                "time": "2018-02-05T20:45:17.873Z",
                "type": "START",
                "source": "hotkey",
                "_t": "13:45:17",
                "_end": "-",
                "data": {
                    "type": "pill",
                    "time": 331.201545
                }
            },
            {
                "time": "2018-02-05T20:45:18.543Z",
                "type": "START",
                "source": "hotkey",
                "_t": "13:45:18",
                "_end": "-",
                "data": {
                    "type": "pill",
                    "time": 331.201545
                }
            },
            {
                "time": "2018-02-05T20:45:18.927Z",
                "type": "START",
                "source": "hotkey",
                "_t": "13:45:18",
                "_end": "-",
                "data": {
                    "type": "move",
                    "time": 331.201545
                }
            },
            {
                "time": "2018-02-05T20:45:21.712Z",
                "type": "END",
                "source": "hotkey:h_pos",
                "_t": "13:45:21",
                "_end": "-",
                "data": {
                    "lbl": {
                        "time": 331.201545,
                        "endTime": 334.80875670731893,
                        "type": "move",
                        "id": 6
                    },
                    "key": "enter"
                }
            },
            {
                "time": "2018-02-05T20:45:30.994Z",
                "type": "START",
                "source": "hotkey",
                "_t": "13:45:30",
                "_end": "-",
                "data": {
                    "type": "move",
                    "time": 446.682418
                }
            },
            {
                "time": "2018-02-05T20:45:33.167Z",
                "type": "END",
                "source": "hotkey:h_pos",
                "_t": "13:45:33",
                "_end": "-",
                "data": {
                    "lbl": {
                        "time": 446.682418,
                        "endTime": 448.98702547967594,
                        "type": "move",
                        "id": 7
                    },
                    "key": "enter"
                }
            },
            {
                "time": "2018-02-05T20:45:41.197Z",
                "type": "START",
                "source": "hotkey",
                "_t": "13:45:41",
                "_end": "-",
                "data": {
                    "type": "pill",
                    "time": 564.067096
                }
            },
            {
                "time": "2018-02-05T20:45:44.256Z",
                "type": "END",
                "source": "hotkey:h_pos",
                "_t": "13:45:44",
                "_end": "-",
                "data": {
                    "lbl": {
                        "time": 564.067096,
                        "endTime": 573.1352254308988,
                        "type": "pill",
                        "id": 8
                    },
                    "key": "enter"
                }
            }
        ],
        "navigationEvents": [
            {
                "time": {
                    "start": "2018-02-05T20:43:24.442Z",
                    "end": "2018-02-05T20:43:55.090Z"
                },
                "type": "SCRUB",
                "source": "data:drag",
                "_t": "13:43:24",
                "_end": "13:43:55",
                "data": {
                    "time": 7.555542
                }
            },
            {
                "time": {
                    "start": "2018-02-05T20:43:24.442Z",
                    "end": "2018-02-05T20:43:57.365Z"
                },
                "type": "SCRUB",
                "source": "data:drag",
                "_t": "13:43:24",
                "_end": "13:43:57",
                "data": {
                    "time": 21.07297
                }
            },
            {
                "time": {
                    "start": "2018-02-05T20:43:24.442Z",
                    "end": "2018-02-05T20:44:02.597Z"
                },
                "type": "SCRUB",
                "source": "data:drag",
                "_t": "13:43:24",
                "_end": "13:44:02",
                "data": {
                    "time": 45.348358
                }
            },
            {
                "time": "2018-02-05T20:44:02.784Z",
                "type": "PAUSE",
                "source": "hotkey",
                "_t": "13:44:02",
                "_end": "-",
                "data": {
                    "key": "space"
                }
            },
            {
                "time": {
                    "start": "2018-02-05T20:43:24.442Z",
                    "end": "2018-02-05T20:44:14.295Z"
                },
                "type": "SCRUB",
                "source": "data:drag",
                "_t": "13:43:24",
                "_end": "13:44:14",
                "data": {
                    "time": 64.017382
                }
            },
            {
                "time": {
                    "start": "2018-02-05T20:43:24.442Z",
                    "end": "2018-02-05T20:44:29.708Z"
                },
                "type": "SCRUB",
                "source": "data:drag",
                "_t": "13:43:24",
                "_end": "13:44:29",
                "data": {
                    "time": 93.526377
                }
            },
            {
                "time": {
                    "start": "2018-02-05T20:43:24.442Z",
                    "end": "2018-02-05T20:44:38.284Z"
                },
                "type": "SCRUB",
                "source": "data:drag",
                "_t": "13:43:24",
                "_end": "13:44:38",
                "data": {
                    "time": 125.991282
                }
            },
            {
                "time": {
                    "start": "2018-02-05T20:43:24.442Z",
                    "end": "2018-02-05T20:44:44.610Z"
                },
                "type": "SCRUB",
                "source": "data:drag",
                "_t": "13:43:24",
                "_end": "13:44:44",
                "data": {
                    "time": 163.366003
                }
            },
            {
                "time": {
                    "start": "2018-02-05T20:43:24.442Z",
                    "end": "2018-02-05T20:44:48.087Z"
                },
                "type": "SCRUB",
                "source": "data:drag",
                "_t": "13:43:24",
                "_end": "13:44:48",
                "data": {
                    "time": 178.14555
                }
            },
            {
                "time": {
                    "start": "2018-02-05T20:43:24.442Z",
                    "end": "2018-02-05T20:44:53.039Z"
                },
                "type": "SCRUB",
                "source": "data:drag",
                "_t": "13:43:24",
                "_end": "13:44:53",
                "data": {
                    "time": 211.261757
                }
            },
            {
                "time": {
                    "start": "2018-02-05T20:43:24.442Z",
                    "end": "2018-02-05T20:44:54.276Z"
                },
                "type": "SCRUB",
                "source": "data:drag",
                "_t": "13:43:24",
                "_end": "13:44:54",
                "data": {
                    "time": 236.762739
                }
            },
            {
                "time": {
                    "start": "2018-02-05T20:43:24.442Z",
                    "end": "2018-02-05T20:44:59.390Z"
                },
                "type": "SCRUB",
                "source": "data:drag",
                "_t": "13:43:24",
                "_end": "13:44:59",
                "data": {
                    "time": 243.27576
                }
            },
            {
                "time": {
                    "start": "2018-02-05T20:43:24.442Z",
                    "end": "2018-02-05T20:45:06.230Z"
                },
                "type": "SCRUB",
                "source": "data:drag",
                "_t": "13:43:24",
                "_end": "13:45:06",
                "data": {
                    "time": 269.778746
                }
            },
            {
                "time": {
                    "start": "2018-02-05T20:43:24.442Z",
                    "end": "2018-02-05T20:45:10.570Z"
                },
                "type": "SCRUB",
                "source": "data:drag",
                "_t": "13:43:24",
                "_end": "13:45:10",
                "data": {
                    "time": 300.640446
                }
            },
            {
                "time": {
                    "start": "2018-02-05T20:43:24.442Z",
                    "end": "2018-02-05T20:45:13.671Z"
                },
                "type": "SCRUB",
                "source": "data:drag",
                "_t": "13:43:24",
                "_end": "13:45:13",
                "data": {
                    "time": 331.201545
                }
            },
            {
                "time": {
                    "start": "2018-02-05T20:43:24.442Z",
                    "end": "2018-02-05T20:45:24.152Z"
                },
                "type": "SCRUB",
                "source": "data:drag",
                "_t": "13:43:24",
                "_end": "13:45:24",
                "data": {
                    "time": 375.840789
                }
            },
            {
                "time": {
                    "start": "2018-02-05T20:43:24.442Z",
                    "end": "2018-02-05T20:45:26.237Z"
                },
                "type": "SCRUB",
                "source": "data:drag",
                "_t": "13:43:24",
                "_end": "13:45:26",
                "data": {
                    "time": 402.143374
                }
            },
            {
                "time": {
                    "start": "2018-02-05T20:43:24.442Z",
                    "end": "2018-02-05T20:45:30.824Z"
                },
                "type": "SCRUB",
                "source": "data:drag",
                "_t": "13:43:24",
                "_end": "13:45:30",
                "data": {
                    "time": 446.682418
                }
            },
            {
                "time": {
                    "start": "2018-02-05T20:43:24.442Z",
                    "end": "2018-02-05T20:45:34.913Z"
                },
                "type": "SCRUB",
                "source": "data:drag",
                "_t": "13:43:24",
                "_end": "13:45:34",
                "data": {
                    "time": 481.902832
                }
            },
            {
                "time": {
                    "start": "2018-02-05T20:43:24.442Z",
                    "end": "2018-02-05T20:45:36.001Z"
                },
                "type": "SCRUB",
                "source": "data:drag",
                "_t": "13:43:24",
                "_end": "13:45:36",
                "data": {
                    "time": 513.866735
                }
            },
            {
                "time": {
                    "start": "2018-02-05T20:43:24.442Z",
                    "end": "2018-02-05T20:45:37.044Z"
                },
                "type": "SCRUB",
                "source": "data:drag",
                "_t": "13:43:24",
                "_end": "13:45:37",
                "data": {
                    "time": 546.331639
                }
            },
            {
                "time": {
                    "start": "2018-02-05T20:43:24.442Z",
                    "end": "2018-02-05T20:45:40.879Z"
                },
                "type": "SCRUB",
                "source": "data:drag",
                "_t": "13:43:24",
                "_end": "13:45:40",
                "data": {
                    "time": 564.067096
                }
            },
            {
                "time": {
                    "start": "2018-02-05T20:43:24.442Z",
                    "end": "2018-02-05T20:45:45.718Z"
                },
                "type": "SCRUB",
                "source": "data:drag",
                "_t": "13:43:24",
                "_end": "13:45:45",
                "data": {
                    "time": 575.790534
                }
            }
        ]
    }
}