{
    "responses": {
        "question1": "Gait, Cane, Drywall",
        "question2": "When viewing a new video/project, and or when no data is present. If there's no video it's very difficult to identify what event.",
        "question3": "Patterns in certain events have similar data. However when several unrelated events are occuring it's harder to distinguish.",
        "question4": "The annotating program was iffy, required \"sweet spots\" for where the cursor was in order to record an annotation. Also, shortcuts wouldn't work if used on the exact same point, for Gait if there were a way to annotate all the \"empty space\" might be efficient."
    }
}