{
    "responses": {
        "question1": "Gait, Cane, Drywall",
        "question2": "Video is essential for noncyclical movements. It's hard for a human to build out patterns in their head and when there's a lot happening that isn't what we're looking for, it confuses us. It's also useful for the first round of cyclical movements because it helps us put two and two together.",
        "question3": "Data is essential for cyclical movements. When we see that cycle it becomes incredibly easy to annotate.",
        "question4": "It was really tough the first rounds when I couldn't see exactly what was going on in the drywall videos. Sometimes he would cover his actions with his body."
    }
}