{
    "responses": {
        "question1": "Gait, Cane, Drywall",
        "question2": "The first time it was absolutely essential. I need to be able to see on the data what kind of marks to put to what kind of events. Preferably I would want video every single time.",
        "question3": "The first time it was absoluetly essential. I needed to see from the data exactly when events started and stopped. Data is preferable over video, but I would rather have both.",
        "question4": "not really"
    }
}