{
    "user_id": "002",
    "session_id": "59e5221c227e0c69a0245611",
    "study": "studyA",
    "workspace": "pill.pills-blue",
    "details": {
        "workspace": "pill.pills-blue",
        "labels": [
            {
                "time": 30.933627674795318,
                "endTime": 40.11128754471472,
                "type": "pill",
                "id": 1
            },
            {
                "time": 162.41236346340958,
                "endTime": 169.65172519512151,
                "type": "pill",
                "id": 2
            },
            {
                "time": 216.13908491059078,
                "endTime": 221.92593100814588,
                "type": "pill",
                "id": 3
            },
            {
                "time": 451.2991970081414,
                "endTime": 459.83104104064404,
                "type": "pill",
                "id": 4
            },
            {
                "time": 567.5720891707149,
                "endTime": 579.6040077397479,
                "type": "pill",
                "id": 5
            },
            {
                "time": 590.572173,
                "endTime": 594.7196092845559,
                "type": "move",
                "id": 6
            }
        ],
        "_starts": [
            "2017-10-23T23:38:59.000Z"
        ],
        "_ends": [
            "2017-10-23T23:42:19.232Z"
        ]
    },
    "labels_file": "/home/ubuntu/vat/data/user-studies/studyA/pill-blue/002.labels.json",
    "videoFlash": 4.288888,
    "surveys": {
        "user-info": {
            "firstname": "Brooke",
            "lastname": "Erickson",
            "email": "brookerickson@gmail.com"
        },
        "practice-first": {
            "question1": "1",
            "question2": "ok",
            "question3": "20",
            "question4": "1"
        },
        "practice-second": {},
        "practice-third": {},
        "practice-survey": {},
        "run-blue": {
            "question1": "1",
            "question2": "-1",
            "question3": "30",
            "question4": "20"
        },
        "run-yellow": {
            "question1": "-1",
            "question2": "1",
            "question3": "90",
            "question4": "50"
        },
        "run-red": {
            "question1": "-1",
            "question2": "-1",
            "question3": "70",
            "question4": "50"
        },
        "run-survey": {
            "question1": "2",
            "question2": "1",
            "question3": "2",
            "question4": "1"
        }
    },
    "logs": {
        "labelEvents": [
            {
                "time": "2017-10-23T23:39:39.732Z",
                "type": "START",
                "source": "hotkey",
                "_t": "17:39:39",
                "_end": "-",
                "data": {
                    "type": "pill",
                    "time": 38.131501
                }
            },
            {
                "time": "2017-10-23T23:39:41.843Z",
                "type": "END",
                "source": "hotkey:ctb",
                "_t": "17:39:41",
                "_end": "-",
                "data": {
                    "lbl": {
                        "time": 30.933627674795318,
                        "endTime": 40.11128754471472,
                        "type": "pill",
                        "id": 1
                    },
                    "key": "enter"
                }
            },
            {
                "time": "2017-10-23T23:39:43.884Z",
                "type": "SELECT",
                "source": "data:click",
                "_t": "17:39:43",
                "_end": "-",
                "data": {
                    "time": 30.933627674795318,
                    "endTime": 40.11128754471472,
                    "type": "pill",
                    "id": 1
                }
            },
            {
                "time": {
                    "start": "2017-10-23T23:39:44.842Z",
                    "end": "2017-10-23T23:39:47.380Z"
                },
                "type": "MOVE",
                "source": "data:brush",
                "_t": "17:39:44",
                "_end": "17:39:47",
                "data": {
                    "brushing": true,
                    "origin": [
                        38.131501,
                        40.241209
                    ],
                    "start": "2017-10-23T23:39:44.842Z",
                    "ε": 0.1,
                    "mode": "move"
                }
            },
            {
                "time": {
                    "start": "2017-10-23T23:39:48.956Z",
                    "end": "2017-10-23T23:39:51.948Z"
                },
                "type": "RESIZE",
                "source": "data:brush",
                "_t": "17:39:48",
                "_end": "17:39:51",
                "data": {
                    "brushing": true,
                    "origin": [
                        37.28644860975695,
                        39.396156609756694
                    ],
                    "_brushside": 1,
                    "start": "2017-10-23T23:39:48.956Z",
                    "ε": 0.1,
                    "mode": "resize"
                }
            },
            {
                "time": {
                    "start": "2017-10-23T23:39:55.052Z",
                    "end": "2017-10-23T23:39:56.499Z"
                },
                "type": "RESIZE",
                "source": "data:brush",
                "_t": "17:39:55",
                "_end": "17:39:56",
                "data": {
                    "brushing": true,
                    "origin": [
                        30.933627674797798,
                        42.6995516097567
                    ],
                    "_brushside": 1,
                    "start": "2017-10-23T23:39:55.052Z",
                    "ε": 0.1,
                    "mode": "resize"
                }
            },
            {
                "time": "2017-10-23T23:39:59.356Z",
                "type": "DESELECT",
                "source": "data:click",
                "_t": "17:39:59",
                "_end": "-",
                "data": {
                    "time": 30.933627674795318,
                    "endTime": 40.11128754471472,
                    "type": "pill",
                    "id": 1
                }
            },
            {
                "time": "2017-10-23T23:40:18.283Z",
                "type": "START",
                "source": "side-bar:button",
                "_t": "17:40:18",
                "_end": "-",
                "data": {
                    "type": "pill",
                    "time": 165.398822
                }
            },
            {
                "time": "2017-10-23T23:40:23.156Z",
                "type": "END",
                "source": "side-bar:button:ctb",
                "_t": "17:40:23",
                "_end": "-",
                "data": {
                    "lbl": {
                        "time": 162.41236346340958,
                        "endTime": 169.65172519512151,
                        "type": "pill",
                        "id": 2
                    }
                }
            },
            {
                "time": "2017-10-23T23:40:25.741Z",
                "type": "SELECT",
                "source": "data:click",
                "_t": "17:40:25",
                "_end": "-",
                "data": {
                    "time": 162.41236346340958,
                    "endTime": 169.65172519512151,
                    "type": "pill",
                    "id": 2
                }
            },
            {
                "time": {
                    "start": "2017-10-23T23:40:26.412Z",
                    "end": "2017-10-23T23:40:27.708Z"
                },
                "type": "RESIZE",
                "source": "data:brush",
                "_t": "17:40:26",
                "_end": "17:40:27",
                "data": {
                    "brushing": true,
                    "origin": [
                        165.398822,
                        168.009173
                    ],
                    "_brushside": 0,
                    "start": "2017-10-23T23:40:26.412Z",
                    "ε": 0.1,
                    "mode": "resize"
                }
            },
            {
                "time": {
                    "start": "2017-10-23T23:40:28.589Z",
                    "end": "2017-10-23T23:40:30.628Z"
                },
                "type": "RESIZE",
                "source": "data:brush",
                "_t": "17:40:28",
                "_end": "17:40:30",
                "data": {
                    "brushing": true,
                    "origin": [
                        162.41236346341285,
                        168.0091729999994
                    ],
                    "_brushside": 1,
                    "start": "2017-10-23T23:40:28.589Z",
                    "ε": 0.1,
                    "mode": "resize"
                }
            },
            {
                "time": "2017-10-23T23:40:41.740Z",
                "type": "START",
                "source": "side-bar:button",
                "_t": "17:40:41",
                "_end": "-",
                "data": {
                    "type": "pill",
                    "time": 222.759068
                }
            },
            {
                "time": "2017-10-23T23:40:42.693Z",
                "type": "END",
                "source": "side-bar:button:ctb",
                "_t": "17:40:42",
                "_end": "-",
                "data": {
                    "lbl": {
                        "time": 216.13908491059078,
                        "endTime": 221.92593100814588,
                        "type": "pill",
                        "id": 3
                    }
                }
            },
            {
                "time": "2017-10-23T23:40:45.374Z",
                "type": "SELECT",
                "source": "data:click",
                "_t": "17:40:45",
                "_end": "-",
                "data": {
                    "time": 216.13908491059078,
                    "endTime": 221.92593100814588,
                    "type": "pill",
                    "id": 3
                }
            },
            {
                "time": {
                    "start": "2017-10-23T23:40:45.758Z",
                    "end": "2017-10-23T23:40:46.700Z"
                },
                "type": "MOVE",
                "source": "data:brush",
                "_t": "17:40:45",
                "_end": "17:40:46",
                "data": {
                    "brushing": true,
                    "origin": [
                        222.759068,
                        224.663518
                    ],
                    "start": "2017-10-23T23:40:45.758Z",
                    "ε": 0.1,
                    "mode": "move"
                }
            },
            {
                "time": {
                    "start": "2017-10-23T23:40:47.701Z",
                    "end": "2017-10-23T23:40:48.164Z"
                },
                "type": "MOVE",
                "source": "data:brush",
                "_t": "17:40:47",
                "_end": "17:40:48",
                "data": {
                    "brushing": true,
                    "origin": [
                        217.9309600325269,
                        219.8354100325251
                    ],
                    "start": "2017-10-23T23:40:47.701Z",
                    "ε": 0.1,
                    "mode": "move"
                }
            },
            {
                "time": {
                    "start": "2017-10-23T23:40:48.893Z",
                    "end": "2017-10-23T23:40:49.869Z"
                },
                "type": "RESIZE",
                "source": "data:brush",
                "_t": "17:40:48",
                "_end": "17:40:49",
                "data": {
                    "brushing": true,
                    "origin": [
                        217.48299125204372,
                        219.387441252041
                    ],
                    "_brushside": 0,
                    "start": "2017-10-23T23:40:48.893Z",
                    "ε": 0.1,
                    "mode": "resize"
                }
            },
            {
                "time": "2017-10-23T23:40:50.989Z",
                "type": "DESELECT",
                "source": "data:click",
                "_t": "17:40:50",
                "_end": "-",
                "data": {
                    "time": 216.13908491058555,
                    "endTime": 219.38744125204468,
                    "type": "pill",
                    "id": 3
                }
            },
            {
                "time": "2017-10-23T23:40:52.294Z",
                "type": "SELECT",
                "source": "data:click",
                "_t": "17:40:52",
                "_end": "-",
                "data": {
                    "time": 216.13908491059078,
                    "endTime": 221.92593100814588,
                    "type": "pill",
                    "id": 3
                }
            },
            {
                "time": {
                    "start": "2017-10-23T23:40:53.189Z",
                    "end": "2017-10-23T23:40:54.789Z"
                },
                "type": "RESIZE",
                "source": "data:brush",
                "_t": "17:40:53",
                "_end": "17:40:54",
                "data": {
                    "brushing": true,
                    "origin": [
                        216.13908491058555,
                        219.38744125204468
                    ],
                    "_brushside": 1,
                    "start": "2017-10-23T23:40:53.189Z",
                    "ε": 0.1,
                    "mode": "resize"
                }
            },
            {
                "time": "2017-10-23T23:41:06.373Z",
                "type": "DESELECT",
                "source": "data:click",
                "_t": "17:41:06",
                "_end": "-",
                "data": {
                    "time": 216.13908491059078,
                    "endTime": 221.92593100814588,
                    "type": "pill",
                    "id": 3
                }
            },
            {
                "time": "2017-10-23T23:41:11.592Z",
                "type": "START",
                "source": "hotkey",
                "_t": "17:41:11",
                "_end": "-",
                "data": {
                    "type": "pill",
                    "time": 460.159024
                }
            },
            {
                "time": "2017-10-23T23:41:12.154Z",
                "type": "END",
                "source": "hotkey:ctb",
                "_t": "17:41:12",
                "_end": "-",
                "data": {
                    "lbl": {
                        "time": 451.2991970081414,
                        "endTime": 459.83104104064404,
                        "type": "pill",
                        "id": 4
                    },
                    "key": "enter"
                }
            },
            {
                "time": "2017-10-23T23:41:15.662Z",
                "type": "SELECT",
                "source": "data:click",
                "_t": "17:41:15",
                "_end": "-",
                "data": {
                    "time": 451.2991970081414,
                    "endTime": 459.83104104064404,
                    "type": "pill",
                    "id": 4
                }
            },
            {
                "time": {
                    "start": "2017-10-23T23:41:16.077Z",
                    "end": "2017-10-23T23:41:16.948Z"
                },
                "type": "MOVE",
                "source": "data:brush",
                "_t": "17:41:16",
                "_end": "17:41:16",
                "data": {
                    "brushing": true,
                    "origin": [
                        460.159024,
                        461.274496
                    ],
                    "start": "2017-10-23T23:41:16.077Z",
                    "ε": 0.1,
                    "mode": "move"
                }
            },
            {
                "time": {
                    "start": "2017-10-23T23:41:17.853Z",
                    "end": "2017-10-23T23:41:19.132Z"
                },
                "type": "RESIZE",
                "source": "data:brush",
                "_t": "17:41:17",
                "_end": "17:41:19",
                "data": {
                    "brushing": true,
                    "origin": [
                        454.9824958699212,
                        456.09796786992126
                    ],
                    "_brushside": 0,
                    "start": "2017-10-23T23:41:17.853Z",
                    "ε": 0.1,
                    "mode": "resize"
                }
            },
            {
                "time": {
                    "start": "2017-10-23T23:41:20.765Z",
                    "end": "2017-10-23T23:41:21.957Z"
                },
                "type": "RESIZE",
                "source": "data:brush",
                "_t": "17:41:20",
                "_end": "17:41:21",
                "data": {
                    "brushing": true,
                    "origin": [
                        451.2991970081141,
                        456.09796786990313
                    ],
                    "_brushside": 1,
                    "start": "2017-10-23T23:41:20.765Z",
                    "ε": 0.1,
                    "mode": "resize"
                }
            },
            {
                "time": "2017-10-23T23:41:31.491Z",
                "type": "START",
                "source": "side-bar:button",
                "_t": "17:41:31",
                "_end": "-",
                "data": {
                    "type": "pill",
                    "time": 576.083496
                }
            },
            {
                "time": "2017-10-23T23:41:32.308Z",
                "type": "END",
                "source": "side-bar:button:ctb",
                "_t": "17:41:32",
                "_end": "-",
                "data": {
                    "lbl": {
                        "time": 567.5720891707149,
                        "endTime": 579.6040077397479,
                        "type": "pill",
                        "id": 5
                    }
                }
            },
            {
                "time": "2017-10-23T23:41:35.599Z",
                "type": "SELECT",
                "source": "data:click",
                "_t": "17:41:35",
                "_end": "-",
                "data": {
                    "time": 567.5720891707149,
                    "endTime": 579.6040077397479,
                    "type": "pill",
                    "id": 5
                }
            },
            {
                "time": {
                    "start": "2017-10-23T23:41:36.190Z",
                    "end": "2017-10-23T23:41:38.765Z"
                },
                "type": "RESIZE",
                "source": "data:brush",
                "_t": "17:41:36",
                "_end": "17:41:38",
                "data": {
                    "brushing": true,
                    "origin": [
                        576.083496,
                        577.712584
                    ],
                    "_brushside": 0,
                    "start": "2017-10-23T23:41:36.190Z",
                    "ε": 0.1,
                    "mode": "resize"
                }
            },
            {
                "time": {
                    "start": "2017-10-23T23:41:40.101Z",
                    "end": "2017-10-23T23:41:42.229Z"
                },
                "type": "RESIZE",
                "source": "data:brush",
                "_t": "17:41:40",
                "_end": "17:41:42",
                "data": {
                    "brushing": true,
                    "origin": [
                        567.8707350243684,
                        577.7125839999928
                    ],
                    "_brushside": 1,
                    "start": "2017-10-23T23:41:40.101Z",
                    "ε": 0.1,
                    "mode": "resize"
                }
            },
            {
                "time": {
                    "start": "2017-10-23T23:41:59.845Z",
                    "end": "2017-10-23T23:42:00.773Z"
                },
                "type": "RESIZE",
                "source": "data:brush",
                "_t": "17:41:59",
                "_end": "17:42:00",
                "data": {
                    "brushing": true,
                    "origin": [
                        567.8707350244202,
                        579.60400773984
                    ],
                    "_brushside": 0,
                    "start": "2017-10-23T23:41:59.845Z",
                    "ε": 0.1,
                    "mode": "resize"
                }
            },
            {
                "time": "2017-10-23T23:42:01.504Z",
                "type": "DESELECT",
                "source": "data:click",
                "_t": "17:42:01",
                "_end": "-",
                "data": {
                    "time": 567.5720891707149,
                    "endTime": 579.6040077397479,
                    "type": "pill",
                    "id": 5
                }
            },
            {
                "time": "2017-10-23T23:42:10.720Z",
                "type": "START",
                "source": "side-bar:button",
                "_t": "17:42:10",
                "_end": "-",
                "data": {
                    "type": "move",
                    "time": 590.572173
                }
            },
            {
                "time": "2017-10-23T23:42:12.771Z",
                "type": "END",
                "source": "side-bar:button:ctb",
                "_t": "17:42:12",
                "_end": "-",
                "data": {
                    "lbl": {
                        "time": 590.572173,
                        "endTime": 594.7196092845559,
                        "type": "move",
                        "id": 6
                    }
                }
            },
            {
                "time": "2017-10-23T23:42:15.440Z",
                "type": "SELECT",
                "source": "data:click",
                "_t": "17:42:15",
                "_end": "-",
                "data": {
                    "time": 590.572173,
                    "endTime": 594.7196092845559,
                    "type": "move",
                    "id": 6
                }
            },
            {
                "time": {
                    "start": "2017-10-23T23:42:16.333Z",
                    "end": "2017-10-23T23:42:18.134Z"
                },
                "type": "RESIZE",
                "source": "data:brush",
                "_t": "17:42:16",
                "_end": "17:42:18",
                "data": {
                    "brushing": true,
                    "origin": [
                        590.572173,
                        592.579314
                    ],
                    "_brushside": 1,
                    "start": "2017-10-23T23:42:16.333Z",
                    "ε": 0.1,
                    "mode": "resize"
                }
            },
            {
                "time": "2017-10-23T23:42:19.220Z",
                "type": "DESELECT",
                "source": "data:click",
                "_t": "17:42:19",
                "_end": "-",
                "data": {
                    "time": 590.572173,
                    "endTime": 594.7196092845559,
                    "type": "move",
                    "id": 6
                }
            }
        ],
        "navigationEvents": [
            {
                "time": "2017-10-23T23:39:20.492Z",
                "type": "PLAY",
                "source": "video:button",
                "_t": "17:39:20",
                "_end": "-"
            },
            {
                "time": {
                    "start": "2017-10-23T23:38:59.685Z",
                    "end": "2017-10-23T23:39:27.309Z"
                },
                "type": "SCRUB",
                "source": "data:drag",
                "_t": "17:38:59",
                "_end": "17:39:27",
                "data": {
                    "time": 25.815651
                }
            },
            {
                "time": {
                    "start": "2017-10-23T23:38:59.685Z",
                    "end": "2017-10-23T23:39:43.883Z"
                },
                "type": "SCRUB",
                "source": "data:drag",
                "_t": "17:38:59",
                "_end": "17:39:43",
                "data": {
                    "time": 42.275125
                }
            },
            {
                "time": {
                    "start": "2017-10-23T23:38:59.685Z",
                    "end": "2017-10-23T23:39:47.400Z"
                },
                "type": "SCRUB",
                "source": "data:drag",
                "_t": "17:38:59",
                "_end": "17:39:47",
                "data": {
                    "time": 45.793739
                }
            },
            {
                "time": {
                    "start": "2017-10-23T23:38:59.685Z",
                    "end": "2017-10-23T23:39:51.969Z"
                },
                "type": "SCRUB",
                "source": "data:drag",
                "_t": "17:38:59",
                "_end": "17:39:51",
                "data": {
                    "time": 50.366257
                }
            },
            {
                "time": "2017-10-23T23:39:53.420Z",
                "type": "PAUSE",
                "source": "video:button",
                "_t": "17:39:53",
                "_end": "-"
            },
            {
                "time": {
                    "start": "2017-10-23T23:38:59.685Z",
                    "end": "2017-10-23T23:39:56.504Z"
                },
                "type": "SCRUB",
                "source": "data:drag",
                "_t": "17:38:59",
                "_end": "17:39:56",
                "data": {
                    "time": 51.816373
                }
            },
            {
                "time": {
                    "start": "2017-10-23T23:38:59.685Z",
                    "end": "2017-10-23T23:39:59.355Z"
                },
                "type": "SCRUB",
                "source": "data:drag",
                "_t": "17:38:59",
                "_end": "17:39:59",
                "data": {
                    "time": 51.816373
                }
            },
            {
                "time": "2017-10-23T23:40:00.484Z",
                "type": "PLAY",
                "source": "video:button",
                "_t": "17:40:00",
                "_end": "-"
            },
            {
                "time": {
                    "start": "2017-10-23T23:38:59.685Z",
                    "end": "2017-10-23T23:40:08.018Z"
                },
                "type": "SCRUB",
                "source": "data:drag",
                "_t": "17:38:59",
                "_end": "17:40:08",
                "data": {
                    "time": 103.948024
                }
            },
            {
                "time": {
                    "start": "2017-10-23T23:38:59.685Z",
                    "end": "2017-10-23T23:40:09.239Z"
                },
                "type": "SCRUB",
                "source": "data:drag",
                "_t": "17:38:59",
                "_end": "17:40:09",
                "data": {
                    "time": 159.595701
                }
            },
            {
                "time": "2017-10-23T23:40:15.671Z",
                "type": "PAUSE",
                "source": "video:button",
                "_t": "17:40:15",
                "_end": "-"
            },
            {
                "time": "2017-10-23T23:40:20.548Z",
                "type": "PLAY",
                "source": "video:button",
                "_t": "17:40:20",
                "_end": "-"
            },
            {
                "time": "2017-10-23T23:40:24.421Z",
                "type": "PAUSE",
                "source": "video:button",
                "_t": "17:40:24",
                "_end": "-"
            },
            {
                "time": {
                    "start": "2017-10-23T23:38:59.685Z",
                    "end": "2017-10-23T23:40:25.739Z"
                },
                "type": "SCRUB",
                "source": "data:drag",
                "_t": "17:38:59",
                "_end": "17:40:25",
                "data": {
                    "time": 169.27721
                }
            },
            {
                "time": {
                    "start": "2017-10-23T23:38:59.685Z",
                    "end": "2017-10-23T23:40:27.715Z"
                },
                "type": "SCRUB",
                "source": "data:drag",
                "_t": "17:38:59",
                "_end": "17:40:27",
                "data": {
                    "time": 169.27721
                }
            },
            {
                "time": {
                    "start": "2017-10-23T23:38:59.685Z",
                    "end": "2017-10-23T23:40:30.637Z"
                },
                "type": "SCRUB",
                "source": "data:drag",
                "_t": "17:38:59",
                "_end": "17:40:30",
                "data": {
                    "time": 169.27721
                }
            },
            {
                "time": "2017-10-23T23:40:31.668Z",
                "type": "PLAY",
                "source": "video:button",
                "_t": "17:40:31",
                "_end": "-"
            },
            {
                "time": {
                    "start": "2017-10-23T23:38:59.685Z",
                    "end": "2017-10-23T23:40:33.434Z"
                },
                "type": "SCRUB",
                "source": "data:drag",
                "_t": "17:38:59",
                "_end": "17:40:33",
                "data": {
                    "time": 213.037188
                }
            },
            {
                "time": "2017-10-23T23:40:37.732Z",
                "type": "CHANGE-PLAYBACK-RATE",
                "source": "video:menu",
                "_t": "17:40:37",
                "_end": "-",
                "data": {
                    "oldRate": 1,
                    "newRate": 2
                }
            },
            {
                "time": "2017-10-23T23:40:39.870Z",
                "type": "PAUSE",
                "source": "video:button",
                "_t": "17:40:39",
                "_end": "-"
            },
            {
                "time": "2017-10-23T23:40:40.798Z",
                "type": "PLAY",
                "source": "video:button",
                "_t": "17:40:40",
                "_end": "-"
            },
            {
                "time": "2017-10-23T23:40:43.940Z",
                "type": "PAUSE",
                "source": "video:button",
                "_t": "17:40:43",
                "_end": "-"
            },
            {
                "time": {
                    "start": "2017-10-23T23:38:59.685Z",
                    "end": "2017-10-23T23:40:45.372Z"
                },
                "type": "SCRUB",
                "source": "data:drag",
                "_t": "17:38:59",
                "_end": "17:40:45",
                "data": {
                    "time": 227.147467
                }
            },
            {
                "time": {
                    "start": "2017-10-23T23:38:59.685Z",
                    "end": "2017-10-23T23:40:46.718Z"
                },
                "type": "SCRUB",
                "source": "data:drag",
                "_t": "17:38:59",
                "_end": "17:40:46",
                "data": {
                    "time": 227.147467
                }
            },
            {
                "time": {
                    "start": "2017-10-23T23:38:59.685Z",
                    "end": "2017-10-23T23:40:48.182Z"
                },
                "type": "SCRUB",
                "source": "data:drag",
                "_t": "17:38:59",
                "_end": "17:40:48",
                "data": {
                    "time": 227.147467
                }
            },
            {
                "time": {
                    "start": "2017-10-23T23:38:59.685Z",
                    "end": "2017-10-23T23:40:49.877Z"
                },
                "type": "SCRUB",
                "source": "data:drag",
                "_t": "17:38:59",
                "_end": "17:40:49",
                "data": {
                    "time": 227.147467
                }
            },
            {
                "time": {
                    "start": "2017-10-23T23:38:59.685Z",
                    "end": "2017-10-23T23:40:50.988Z"
                },
                "type": "SCRUB",
                "source": "data:drag",
                "_t": "17:38:59",
                "_end": "17:40:50",
                "data": {
                    "time": 227.147467
                }
            },
            {
                "time": {
                    "start": "2017-10-23T23:38:59.685Z",
                    "end": "2017-10-23T23:40:51.724Z"
                },
                "type": "SCRUB",
                "source": "data:drag",
                "_t": "17:38:59",
                "_end": "17:40:51",
                "data": {
                    "time": 227.147467
                }
            },
            {
                "time": {
                    "start": "2017-10-23T23:38:59.685Z",
                    "end": "2017-10-23T23:40:52.292Z"
                },
                "type": "SCRUB",
                "source": "data:drag",
                "_t": "17:38:59",
                "_end": "17:40:52",
                "data": {
                    "time": 227.147467
                }
            },
            {
                "time": {
                    "start": "2017-10-23T23:38:59.685Z",
                    "end": "2017-10-23T23:40:54.805Z"
                },
                "type": "SCRUB",
                "source": "data:drag",
                "_t": "17:38:59",
                "_end": "17:40:54",
                "data": {
                    "time": 227.147467
                }
            },
            {
                "time": "2017-10-23T23:40:56.020Z",
                "type": "PLAY",
                "source": "video:button",
                "_t": "17:40:56",
                "_end": "-"
            },
            {
                "time": {
                    "start": "2017-10-23T23:38:59.685Z",
                    "end": "2017-10-23T23:40:58.812Z"
                },
                "type": "SCRUB",
                "source": "data:drag",
                "_t": "17:38:59",
                "_end": "17:40:58",
                "data": {
                    "time": 241.181624
                }
            },
            {
                "time": {
                    "start": "2017-10-23T23:38:59.685Z",
                    "end": "2017-10-23T23:41:01.404Z"
                },
                "type": "SCRUB",
                "source": "data:drag",
                "_t": "17:38:59",
                "_end": "17:41:01",
                "data": {
                    "time": 289.291544
                }
            },
            {
                "time": {
                    "start": "2017-10-23T23:38:59.685Z",
                    "end": "2017-10-23T23:41:02.484Z"
                },
                "type": "SCRUB",
                "source": "data:drag",
                "_t": "17:38:59",
                "_end": "17:41:02",
                "data": {
                    "time": 329.210539
                }
            },
            {
                "time": {
                    "start": "2017-10-23T23:38:59.685Z",
                    "end": "2017-10-23T23:41:03.583Z"
                },
                "type": "SCRUB",
                "source": "data:drag",
                "_t": "17:38:59",
                "_end": "17:41:03",
                "data": {
                    "time": 370.025472
                }
            },
            {
                "time": {
                    "start": "2017-10-23T23:38:59.685Z",
                    "end": "2017-10-23T23:41:04.677Z"
                },
                "type": "SCRUB",
                "source": "data:drag",
                "_t": "17:38:59",
                "_end": "17:41:04",
                "data": {
                    "time": 409.994242
                }
            },
            {
                "time": {
                    "start": "2017-10-23T23:38:59.685Z",
                    "end": "2017-10-23T23:41:06.156Z"
                },
                "type": "SCRUB",
                "source": "data:drag",
                "_t": "17:38:59",
                "_end": "17:41:06",
                "data": {
                    "time": 452.639512
                }
            },
            {
                "time": {
                    "start": "2017-10-23T23:38:59.685Z",
                    "end": "2017-10-23T23:41:06.372Z"
                },
                "type": "SCRUB",
                "source": "data:drag",
                "_t": "17:38:59",
                "_end": "17:41:06",
                "data": {
                    "time": 452.639512
                }
            },
            {
                "time": "2017-10-23T23:41:09.100Z",
                "type": "PAUSE",
                "source": "video:button",
                "_t": "17:41:09",
                "_end": "-"
            },
            {
                "time": "2017-10-23T23:41:10.030Z",
                "type": "PLAY",
                "source": "video:button",
                "_t": "17:41:10",
                "_end": "-"
            },
            {
                "time": "2017-10-23T23:41:14.323Z",
                "type": "PAUSE",
                "source": "video:button",
                "_t": "17:41:14",
                "_end": "-"
            },
            {
                "time": {
                    "start": "2017-10-23T23:38:59.685Z",
                    "end": "2017-10-23T23:41:15.660Z"
                },
                "type": "SCRUB",
                "source": "data:drag",
                "_t": "17:38:59",
                "_end": "17:41:15",
                "data": {
                    "time": 465.631456
                }
            },
            {
                "time": {
                    "start": "2017-10-23T23:38:59.685Z",
                    "end": "2017-10-23T23:41:16.966Z"
                },
                "type": "SCRUB",
                "source": "data:drag",
                "_t": "17:38:59",
                "_end": "17:41:16",
                "data": {
                    "time": 465.631456
                }
            },
            {
                "time": {
                    "start": "2017-10-23T23:38:59.685Z",
                    "end": "2017-10-23T23:41:19.141Z"
                },
                "type": "SCRUB",
                "source": "data:drag",
                "_t": "17:38:59",
                "_end": "17:41:19",
                "data": {
                    "time": 465.631456
                }
            },
            {
                "time": {
                    "start": "2017-10-23T23:38:59.685Z",
                    "end": "2017-10-23T23:41:21.974Z"
                },
                "type": "SCRUB",
                "source": "data:drag",
                "_t": "17:38:59",
                "_end": "17:41:21",
                "data": {
                    "time": 465.631456
                }
            },
            {
                "time": "2017-10-23T23:41:23.156Z",
                "type": "PLAY",
                "source": "video:button",
                "_t": "17:41:23",
                "_end": "-"
            },
            {
                "time": {
                    "start": "2017-10-23T23:38:59.685Z",
                    "end": "2017-10-23T23:41:24.652Z"
                },
                "type": "SCRUB",
                "source": "data:drag",
                "_t": "17:38:59",
                "_end": "17:41:24",
                "data": {
                    "time": 513.746335
                }
            },
            {
                "time": {
                    "start": "2017-10-23T23:38:59.685Z",
                    "end": "2017-10-23T23:41:26.340Z"
                },
                "type": "SCRUB",
                "source": "data:drag",
                "_t": "17:38:59",
                "_end": "17:41:26",
                "data": {
                    "time": 566.706199
                }
            },
            {
                "time": "2017-10-23T23:41:34.203Z",
                "type": "PAUSE",
                "source": "video:button",
                "_t": "17:41:34",
                "_end": "-"
            },
            {
                "time": {
                    "start": "2017-10-23T23:38:59.685Z",
                    "end": "2017-10-23T23:41:35.597Z"
                },
                "type": "SCRUB",
                "source": "data:drag",
                "_t": "17:38:59",
                "_end": "17:41:35",
                "data": {
                    "time": 581.493456
                }
            },
            {
                "time": {
                    "start": "2017-10-23T23:38:59.685Z",
                    "end": "2017-10-23T23:41:38.782Z"
                },
                "type": "SCRUB",
                "source": "data:drag",
                "_t": "17:38:59",
                "_end": "17:41:38",
                "data": {
                    "time": 581.493456
                }
            },
            {
                "time": {
                    "start": "2017-10-23T23:38:59.685Z",
                    "end": "2017-10-23T23:41:42.239Z"
                },
                "type": "SCRUB",
                "source": "data:drag",
                "_t": "17:38:59",
                "_end": "17:41:42",
                "data": {
                    "time": 581.493456
                }
            },
            {
                "time": "2017-10-23T23:41:43.349Z",
                "type": "PLAY",
                "source": "video:button",
                "_t": "17:41:43",
                "_end": "-"
            },
            {
                "time": {
                    "start": "2017-10-23T23:38:59.685Z",
                    "end": "2017-10-23T23:41:54.175Z"
                },
                "type": "SCRUB",
                "source": "data:drag",
                "_t": "17:38:59",
                "_end": "17:41:54",
                "data": {
                    "time": 612.224
                }
            },
            {
                "time": {
                    "start": "2017-10-23T23:38:59.685Z",
                    "end": "2017-10-23T23:41:57.806Z"
                },
                "type": "SCRUB",
                "source": "data:drag",
                "_t": "17:38:59",
                "_end": "17:41:57",
                "data": {
                    "time": 555.381739
                }
            },
            {
                "time": {
                    "start": "2017-10-23T23:38:59.685Z",
                    "end": "2017-10-23T23:42:00.791Z"
                },
                "type": "SCRUB",
                "source": "data:drag",
                "_t": "17:38:59",
                "_end": "17:42:00",
                "data": {
                    "time": 555.381739
                }
            },
            {
                "time": {
                    "start": "2017-10-23T23:38:59.685Z",
                    "end": "2017-10-23T23:42:01.502Z"
                },
                "type": "SCRUB",
                "source": "data:drag",
                "_t": "17:38:59",
                "_end": "17:42:01",
                "data": {
                    "time": 555.381739
                }
            },
            {
                "time": {
                    "start": "2017-10-23T23:38:59.685Z",
                    "end": "2017-10-23T23:42:03.101Z"
                },
                "type": "SCRUB",
                "source": "data:drag",
                "_t": "17:38:59",
                "_end": "17:42:03",
                "data": {
                    "time": 519.394913
                }
            },
            {
                "time": {
                    "start": "2017-10-23T23:38:59.685Z",
                    "end": "2017-10-23T23:42:04.116Z"
                },
                "type": "SCRUB",
                "source": "data:drag",
                "_t": "17:38:59",
                "_end": "17:42:04",
                "data": {
                    "time": 483.457861
                }
            },
            {
                "time": {
                    "start": "2017-10-23T23:38:59.685Z",
                    "end": "2017-10-23T23:42:07.270Z"
                },
                "type": "SCRUB",
                "source": "data:drag",
                "_t": "17:38:59",
                "_end": "17:42:07",
                "data": {
                    "time": 524.123471
                }
            },
            {
                "time": {
                    "start": "2017-10-23T23:38:59.685Z",
                    "end": "2017-10-23T23:42:08.939Z"
                },
                "type": "SCRUB",
                "source": "data:drag",
                "_t": "17:38:59",
                "_end": "17:42:08",
                "data": {
                    "time": 590.572173
                }
            },
            {
                "time": "2017-10-23T23:42:11.722Z",
                "type": "PLAY",
                "source": "video:button",
                "_t": "17:42:11",
                "_end": "-"
            },
            {
                "time": "2017-10-23T23:42:14.267Z",
                "type": "PAUSE",
                "source": "video:button",
                "_t": "17:42:14",
                "_end": "-"
            },
            {
                "time": {
                    "start": "2017-10-23T23:38:59.685Z",
                    "end": "2017-10-23T23:42:15.437Z"
                },
                "type": "SCRUB",
                "source": "data:drag",
                "_t": "17:38:59",
                "_end": "17:42:15",
                "data": {
                    "time": 595.564686
                }
            },
            {
                "time": {
                    "start": "2017-10-23T23:38:59.685Z",
                    "end": "2017-10-23T23:42:18.153Z"
                },
                "type": "SCRUB",
                "source": "data:drag",
                "_t": "17:38:59",
                "_end": "17:42:18",
                "data": {
                    "time": 595.564686
                }
            },
            {
                "time": {
                    "start": "2017-10-23T23:38:59.685Z",
                    "end": "2017-10-23T23:42:19.219Z"
                },
                "type": "SCRUB",
                "source": "data:drag",
                "_t": "17:38:59",
                "_end": "17:42:19",
                "data": {
                    "time": 595.564686
                }
            }
        ]
    }
}