{
    "user_id": "004",
    "session_id": "59e6b183227e0c69a024561b",
    "study": "studyA",
    "workspace": "pill.pills-blue",
    "details": {
        "workspace": "pill.pills-blue",
        "labels": [
            {
                "time": 31.349922,
                "endTime": 40.120543,
                "type": "pill",
                "id": 1
            },
            {
                "time": 55.437143,
                "endTime": 64.679928,
                "type": "move",
                "id": 2
            },
            {
                "time": 162.762437,
                "endTime": 170.035478,
                "type": "move",
                "id": 3
            },
            {
                "time": 216.360598,
                "endTime": 222.006764,
                "type": "move",
                "id": 4
            },
            {
                "time": 239.962292,
                "endTime": 248.845333,
                "type": "move",
                "id": 5
            },
            {
                "time": 451.015219,
                "endTime": 460.384734,
                "type": "pill",
                "id": 6
            },
            {
                "time": 567.38176,
                "endTime": 579.884738,
                "type": "pill",
                "id": 7
            },
            {
                "time": 590.580307,
                "endTime": 595.668265,
                "type": "move",
                "id": 8
            }
        ],
        "_starts": [
            "2017-10-23T23:36:40.000Z"
        ],
        "_ends": [
            "2017-10-23T23:39:48.328Z"
        ]
    },
    "labels_file": "/home/ubuntu/vat/data/user-studies/studyA/pill-blue/004.labels.json",
    "videoFlash": 4.288888,
    "surveys": {
        "user-info": {
            "firstname": "Andrew",
            "lastname": "Hale",
            "email": "ahale@byu.edu"
        },
        "practice-first": {
            "question1": "2",
            "question2": "ok",
            "question3": "100",
            "question4": "2"
        },
        "practice-second": {},
        "practice-third": {},
        "practice-survey": {},
        "run-blue": {
            "question1": "2",
            "question2": "0",
            "question3": "30",
            "question4": "100"
        },
        "run-yellow": {
            "question1": "1",
            "question2": "2",
            "question3": "100",
            "question4": "90"
        },
        "run-red": {
            "question1": "-1",
            "question2": "1",
            "question3": "40",
            "question4": "90"
        },
        "run-survey": {
            "question1": "1",
            "question2": "0",
            "question3": "2",
            "question4": "2"
        }
    },
    "logs": {
        "labelEvents": [
            {
                "time": "2017-10-23T23:37:22.892Z",
                "type": "START",
                "source": "hotkey",
                "_t": "17:37:22",
                "_end": "-",
                "data": {
                    "type": "pill",
                    "time": 31.349922
                }
            },
            {
                "time": "2017-10-23T23:37:31.654Z",
                "type": "END",
                "source": "hotkey:ctb",
                "_t": "17:37:31",
                "_end": "-",
                "data": {
                    "lbl": {
                        "time": 31.349922,
                        "endTime": 40.120543,
                        "type": "pill",
                        "id": 1
                    },
                    "key": "enter"
                }
            },
            {
                "time": "2017-10-23T23:37:41.655Z",
                "type": "START",
                "source": "hotkey",
                "_t": "17:37:41",
                "_end": "-",
                "data": {
                    "type": "move",
                    "time": 55.437143
                }
            },
            {
                "time": "2017-10-23T23:37:50.903Z",
                "type": "END",
                "source": "hotkey:ctb",
                "_t": "17:37:50",
                "_end": "-",
                "data": {
                    "lbl": {
                        "time": 55.437143,
                        "endTime": 64.679928,
                        "type": "move",
                        "id": 2
                    },
                    "key": "enter"
                }
            },
            {
                "time": "2017-10-23T23:38:00.981Z",
                "type": "START",
                "source": "hotkey",
                "_t": "17:38:00",
                "_end": "-",
                "data": {
                    "type": "move",
                    "time": 162.762437
                }
            },
            {
                "time": "2017-10-23T23:38:08.260Z",
                "type": "END",
                "source": "hotkey:ctb",
                "_t": "17:38:08",
                "_end": "-",
                "data": {
                    "lbl": {
                        "time": 162.762437,
                        "endTime": 170.035478,
                        "type": "move",
                        "id": 3
                    },
                    "key": "enter"
                }
            },
            {
                "time": "2017-10-23T23:38:16.740Z",
                "type": "START",
                "source": "hotkey",
                "_t": "17:38:16",
                "_end": "-",
                "data": {
                    "type": "move",
                    "time": 216.360598
                }
            },
            {
                "time": "2017-10-23T23:38:22.389Z",
                "type": "END",
                "source": "hotkey:ctb",
                "_t": "17:38:22",
                "_end": "-",
                "data": {
                    "lbl": {
                        "time": 216.360598,
                        "endTime": 222.006764,
                        "type": "move",
                        "id": 4
                    },
                    "key": "enter"
                }
            },
            {
                "time": "2017-10-23T23:38:30.629Z",
                "type": "START",
                "source": "hotkey",
                "_t": "17:38:30",
                "_end": "-",
                "data": {
                    "type": "move",
                    "time": 239.962292
                }
            },
            {
                "time": "2017-10-23T23:38:39.510Z",
                "type": "END",
                "source": "hotkey:ctb",
                "_t": "17:38:39",
                "_end": "-",
                "data": {
                    "lbl": {
                        "time": 239.962292,
                        "endTime": 248.845333,
                        "type": "move",
                        "id": 5
                    },
                    "key": "enter"
                }
            },
            {
                "time": "2017-10-23T23:38:50.758Z",
                "type": "START",
                "source": "hotkey",
                "_t": "17:38:50",
                "_end": "-",
                "data": {
                    "type": "move",
                    "time": 452.119494
                }
            },
            {
                "time": "2017-10-23T23:38:54.357Z",
                "type": "END",
                "source": "hotkey:h_pos",
                "_t": "17:38:54",
                "_end": "-",
                "data": {
                    "lbl": {
                        "time": 452.119494,
                        "endTime": 459.11063955284374,
                        "type": "move",
                        "id": 6
                    },
                    "key": "enter"
                }
            },
            {
                "time": "2017-10-23T23:38:58.471Z",
                "type": "SELECT",
                "source": "data:click",
                "_t": "17:38:58",
                "_end": "-",
                "data": {
                    "time": 452.119494,
                    "endTime": 459.11063955284374,
                    "type": "move",
                    "id": 6
                }
            },
            {
                "time": "2017-10-23T23:38:59.724Z",
                "type": "DELETE",
                "source": "side-bar:button",
                "_t": "17:38:59",
                "_end": "-",
                "data": {
                    "id": 6,
                    "idx": 5
                }
            },
            {
                "time": "2017-10-23T23:39:01.879Z",
                "type": "START",
                "source": "hotkey",
                "_t": "17:39:01",
                "_end": "-",
                "data": {
                    "type": "pill",
                    "time": 451.015219
                }
            },
            {
                "time": "2017-10-23T23:39:11.254Z",
                "type": "END",
                "source": "hotkey:ctb",
                "_t": "17:39:11",
                "_end": "-",
                "data": {
                    "lbl": {
                        "time": 451.015219,
                        "endTime": 460.384734,
                        "type": "pill",
                        "id": 6
                    },
                    "key": "enter"
                }
            },
            {
                "time": "2017-10-23T23:39:19.461Z",
                "type": "START",
                "source": "hotkey",
                "_t": "17:39:19",
                "_end": "-",
                "data": {
                    "type": "pill",
                    "time": 567.38176
                }
            },
            {
                "time": "2017-10-23T23:39:31.958Z",
                "type": "END",
                "source": "hotkey:ctb",
                "_t": "17:39:31",
                "_end": "-",
                "data": {
                    "lbl": {
                        "time": 567.38176,
                        "endTime": 579.884738,
                        "type": "pill",
                        "id": 7
                    },
                    "key": "enter"
                }
            },
            {
                "time": "2017-10-23T23:39:37.864Z",
                "type": "START",
                "source": "hotkey",
                "_t": "17:39:37",
                "_end": "-",
                "data": {
                    "type": "move",
                    "time": 590.580307
                }
            },
            {
                "time": "2017-10-23T23:39:42.950Z",
                "type": "END",
                "source": "hotkey:ctb",
                "_t": "17:39:42",
                "_end": "-",
                "data": {
                    "lbl": {
                        "time": 590.580307,
                        "endTime": 595.668265,
                        "type": "move",
                        "id": 8
                    },
                    "key": "enter"
                }
            }
        ],
        "navigationEvents": [
            {
                "time": "2017-10-23T23:37:06.844Z",
                "type": "PLAY",
                "source": "video:button",
                "_t": "17:37:06",
                "_end": "-"
            },
            {
                "time": {
                    "start": "2017-10-23T23:36:40.513Z",
                    "end": "2017-10-23T23:37:14.085Z"
                },
                "type": "SCRUB",
                "source": "data:drag",
                "_t": "17:36:40",
                "_end": "17:37:14",
                "data": {
                    "time": 16.521574
                }
            },
            {
                "time": {
                    "start": "2017-10-23T23:36:40.513Z",
                    "end": "2017-10-23T23:37:16.329Z"
                },
                "type": "SCRUB",
                "source": "data:drag",
                "_t": "17:36:40",
                "_end": "17:37:16",
                "data": {
                    "time": 24.933432
                }
            },
            {
                "time": {
                    "start": "2017-10-23T23:36:40.513Z",
                    "end": "2017-10-23T23:37:36.938Z"
                },
                "type": "SCRUB",
                "source": "data:drag",
                "_t": "17:36:40",
                "_end": "17:37:36",
                "data": {
                    "time": 51.679438
                }
            },
            {
                "time": {
                    "start": "2017-10-23T23:36:40.513Z",
                    "end": "2017-10-23T23:37:53.963Z"
                },
                "type": "SCRUB",
                "source": "data:drag",
                "_t": "17:36:40",
                "_end": "17:37:53",
                "data": {
                    "time": 137.157938
                }
            },
            {
                "time": {
                    "start": "2017-10-23T23:36:40.513Z",
                    "end": "2017-10-23T23:37:56.756Z"
                },
                "type": "SCRUB",
                "source": "data:drag",
                "_t": "17:36:40",
                "_end": "17:37:56",
                "data": {
                    "time": 158.598766
                }
            },
            {
                "time": {
                    "start": "2017-10-23T23:36:40.513Z",
                    "end": "2017-10-23T23:38:13.223Z"
                },
                "type": "SCRUB",
                "source": "data:drag",
                "_t": "17:36:40",
                "_end": "17:38:13",
                "data": {
                    "time": 213.58448
                }
            },
            {
                "time": {
                    "start": "2017-10-23T23:36:40.513Z",
                    "end": "2017-10-23T23:38:26.023Z"
                },
                "type": "SCRUB",
                "source": "data:drag",
                "_t": "17:36:40",
                "_end": "17:38:26",
                "data": {
                    "time": 235.312226
                }
            },
            {
                "time": {
                    "start": "2017-10-23T23:36:40.513Z",
                    "end": "2017-10-23T23:38:28.262Z"
                },
                "type": "SCRUB",
                "source": "data:drag",
                "_t": "17:36:40",
                "_end": "17:38:28",
                "data": {
                    "time": 237.951624
                }
            },
            {
                "time": {
                    "start": "2017-10-23T23:36:40.513Z",
                    "end": "2017-10-23T23:38:42.247Z"
                },
                "type": "SCRUB",
                "source": "data:drag",
                "_t": "17:36:40",
                "_end": "17:38:42",
                "data": {
                    "time": 297.118229
                }
            },
            {
                "time": {
                    "start": "2017-10-23T23:36:40.513Z",
                    "end": "2017-10-23T23:38:43.546Z"
                },
                "type": "SCRUB",
                "source": "data:drag",
                "_t": "17:36:40",
                "_end": "17:38:43",
                "data": {
                    "time": 341.467138
                }
            },
            {
                "time": {
                    "start": "2017-10-23T23:36:40.513Z",
                    "end": "2017-10-23T23:38:44.755Z"
                },
                "type": "SCRUB",
                "source": "data:drag",
                "_t": "17:36:40",
                "_end": "17:38:44",
                "data": {
                    "time": 409.857038
                }
            },
            {
                "time": {
                    "start": "2017-10-23T23:36:40.513Z",
                    "end": "2017-10-23T23:38:48.476Z"
                },
                "type": "SCRUB",
                "source": "data:drag",
                "_t": "17:36:40",
                "_end": "17:38:48",
                "data": {
                    "time": 450.273776
                }
            },
            {
                "time": "2017-10-23T23:38:54.988Z",
                "type": "PAUSE",
                "source": "video:button",
                "_t": "17:38:54",
                "_end": "-"
            },
            {
                "time": {
                    "start": "2017-10-23T23:36:40.513Z",
                    "end": "2017-10-23T23:38:57.447Z"
                },
                "type": "SCRUB",
                "source": "data:drag",
                "_t": "17:36:40",
                "_end": "17:38:57",
                "data": {
                    "time": 450.278074
                }
            },
            {
                "time": {
                    "start": "2017-10-23T23:36:40.513Z",
                    "end": "2017-10-23T23:38:58.468Z"
                },
                "type": "SCRUB",
                "source": "data:drag",
                "_t": "17:36:40",
                "_end": "17:38:58",
                "data": {
                    "time": 450.278074
                }
            },
            {
                "time": "2017-10-23T23:39:01.053Z",
                "type": "PLAY",
                "source": "video:button",
                "_t": "17:39:01",
                "_end": "-"
            },
            {
                "time": {
                    "start": "2017-10-23T23:36:40.513Z",
                    "end": "2017-10-23T23:39:13.588Z"
                },
                "type": "SCRUB",
                "source": "data:drag",
                "_t": "17:36:40",
                "_end": "17:39:13",
                "data": {
                    "time": 521.014305
                }
            },
            {
                "time": {
                    "start": "2017-10-23T23:36:40.513Z",
                    "end": "2017-10-23T23:39:15.619Z"
                },
                "type": "SCRUB",
                "source": "data:drag",
                "_t": "17:36:40",
                "_end": "17:39:15",
                "data": {
                    "time": 563.294046
                }
            },
            {
                "time": {
                    "start": "2017-10-23T23:36:40.513Z",
                    "end": "2017-10-23T23:39:17.820Z"
                },
                "type": "SCRUB",
                "source": "data:drag",
                "_t": "17:36:40",
                "_end": "17:39:17",
                "data": {
                    "time": 566.021136
                }
            },
            {
                "time": {
                    "start": "2017-10-23T23:36:40.513Z",
                    "end": "2017-10-23T23:39:35.253Z"
                },
                "type": "SCRUB",
                "source": "data:drag",
                "_t": "17:36:40",
                "_end": "17:39:35",
                "data": {
                    "time": 589.095462
                }
            },
            {
                "time": {
                    "start": "2017-10-23T23:36:40.513Z",
                    "end": "2017-10-23T23:39:36.537Z"
                },
                "type": "SCRUB",
                "source": "data:drag",
                "_t": "17:36:40",
                "_end": "17:39:36",
                "data": {
                    "time": 590.041173
                }
            },
            {
                "time": {
                    "start": "2017-10-23T23:36:40.513Z",
                    "end": "2017-10-23T23:39:45.101Z"
                },
                "type": "SCRUB",
                "source": "data:drag",
                "_t": "17:36:40",
                "_end": "17:39:45",
                "data": {
                    "time": 612.224
                }
            }
        ]
    }
}