{
    "user_id": "007",
    "session_id": "59ec16a2227e0c69a024562c",
    "study": "studyA",
    "workspace": "pill.pills-blue",
    "details": {
        "workspace": "pill.pills-blue",
        "labels": [
            {
                "time": 30.628929,
                "endTime": 40.10855282918762,
                "type": "pill",
                "id": 1
            },
            {
                "time": 55.161043,
                "endTime": 64.79387287087742,
                "type": "move",
                "id": 2
            },
            {
                "time": 162.29724101553285,
                "endTime": 169.99410724519035,
                "type": "pill",
                "id": 3
            },
            {
                "time": 215.965042,
                "endTime": 222.1124344225679,
                "type": "pill",
                "id": 4
            },
            {
                "time": 239.271506,
                "endTime": 248.46386850103607,
                "type": "move",
                "id": 5
            },
            {
                "time": 450.925644,
                "endTime": 459.96480045935215,
                "type": "pill",
                "id": 6
            },
            {
                "time": 567.381381,
                "endTime": 579.6761658451358,
                "type": "pill",
                "id": 7
            },
            {
                "time": 590.691954,
                "endTime": 594.9051201463083,
                "type": "move",
                "id": 8
            }
        ],
        "_starts": [
            "2017-10-24T15:26:37.000Z"
        ],
        "_ends": [
            "2017-10-24T15:29:52.025Z"
        ]
    },
    "labels_file": "/home/ubuntu/vat/data/user-studies/studyA/pill-blue/007.labels.json",
    "videoFlash": 4.288888,
    "surveys": {
        "user-info": {
            "firstname": "Steven",
            "lastname": "Seeger",
            "email": "sseeger1996@gmail.com"
        },
        "practice-first": {
            "question1": "1",
            "question2": "ok",
            "question3": "70",
            "question4": "2"
        },
        "practice-second": {},
        "practice-third": {},
        "practice-survey": {},
        "run-blue": {
            "question1": "2",
            "question2": "2",
            "question3": "100",
            "question4": "90"
        },
        "run-yellow": {
            "question1": "1",
            "question2": "1",
            "question3": "100",
            "question4": "70"
        },
        "run-red": {
            "question1": "-2",
            "question2": "1",
            "question3": "60",
            "question4": "90"
        },
        "run-survey": {
            "question1": "2",
            "question2": "-2",
            "question3": "2",
            "question4": "2"
        }
    },
    "logs": {
        "labelEvents": [
            {
                "time": "2017-10-24T15:27:13.841Z",
                "type": "START",
                "source": "hotkey",
                "_t": "09:27:13",
                "_end": "-",
                "data": {
                    "type": "move",
                    "time": 30.628929
                }
            },
            {
                "time": "2017-10-24T15:27:16.275Z",
                "type": "START",
                "source": "hotkey",
                "_t": "09:27:16",
                "_end": "-",
                "data": {
                    "type": "pill",
                    "time": 30.628929
                }
            },
            {
                "time": "2017-10-24T15:27:17.267Z",
                "type": "START",
                "source": "hotkey",
                "_t": "09:27:17",
                "_end": "-",
                "data": {
                    "type": "pill",
                    "time": 30.628929
                }
            },
            {
                "time": "2017-10-24T15:27:17.980Z",
                "type": "END",
                "source": "data:click:h_pos",
                "_t": "09:27:17",
                "_end": "-",
                "data": {
                    "lbl": {
                        "time": 30.628929,
                        "endTime": 40.10855282918762,
                        "type": "pill",
                        "id": 1
                    }
                }
            },
            {
                "time": "2017-10-24T15:27:33.156Z",
                "type": "START",
                "source": "hotkey",
                "_t": "09:27:33",
                "_end": "-",
                "data": {
                    "type": "pill",
                    "time": 55.161043
                }
            },
            {
                "time": "2017-10-24T15:27:35.044Z",
                "type": "START",
                "source": "hotkey",
                "_t": "09:27:35",
                "_end": "-",
                "data": {
                    "type": "move",
                    "time": 55.161043
                }
            },
            {
                "time": "2017-10-24T15:27:35.933Z",
                "type": "END",
                "source": "data:click:h_pos",
                "_t": "09:27:35",
                "_end": "-",
                "data": {
                    "lbl": {
                        "time": 55.161043,
                        "endTime": 64.79387287087742,
                        "type": "move",
                        "id": 2
                    }
                }
            },
            {
                "time": "2017-10-24T15:28:04.472Z",
                "type": "START",
                "source": "hotkey",
                "_t": "09:28:04",
                "_end": "-",
                "data": {
                    "type": "pill",
                    "time": 163.159025
                }
            },
            {
                "time": "2017-10-24T15:28:09.301Z",
                "type": "END",
                "source": "data:click:h_pos",
                "_t": "09:28:09",
                "_end": "-",
                "data": {
                    "lbl": {
                        "time": 162.29724101553285,
                        "endTime": 169.99410724519035,
                        "type": "pill",
                        "id": 3
                    }
                }
            },
            {
                "time": "2017-10-24T15:28:11.981Z",
                "type": "SELECT",
                "source": "data:click",
                "_t": "09:28:11",
                "_end": "-",
                "data": {
                    "time": 162.29724101553285,
                    "endTime": 169.99410724519035,
                    "type": "pill",
                    "id": 3
                }
            },
            {
                "time": {
                    "start": "2017-10-24T15:28:13.244Z",
                    "end": "2017-10-24T15:28:14.156Z"
                },
                "type": "RESIZE",
                "source": "data:brush",
                "_t": "09:28:13",
                "_end": "09:28:14",
                "data": {
                    "brushing": true,
                    "origin": [
                        163.159025,
                        169.9941072451949
                    ],
                    "_brushside": 0,
                    "start": "2017-10-24T15:28:13.244Z",
                    "ε": 0.1,
                    "mode": "resize"
                }
            },
            {
                "time": "2017-10-24T15:28:36.756Z",
                "type": "START",
                "source": "hotkey",
                "_t": "09:28:36",
                "_end": "-",
                "data": {
                    "type": "pill",
                    "time": 215.965042
                }
            },
            {
                "time": "2017-10-24T15:28:38.269Z",
                "type": "END",
                "source": "data:click:h_pos",
                "_t": "09:28:38",
                "_end": "-",
                "data": {
                    "lbl": {
                        "time": 215.965042,
                        "endTime": 222.1124344225679,
                        "type": "pill",
                        "id": 4
                    }
                }
            },
            {
                "time": "2017-10-24T15:28:51.173Z",
                "type": "START",
                "source": "hotkey",
                "_t": "09:28:51",
                "_end": "-",
                "data": {
                    "type": "move",
                    "time": 239.271506
                }
            },
            {
                "time": "2017-10-24T15:28:54.118Z",
                "type": "END",
                "source": "data:click:h_pos",
                "_t": "09:28:54",
                "_end": "-",
                "data": {
                    "lbl": {
                        "time": 239.271506,
                        "endTime": 248.46386850103607,
                        "type": "move",
                        "id": 5
                    }
                }
            },
            {
                "time": "2017-10-24T15:29:13.797Z",
                "type": "START",
                "source": "hotkey",
                "_t": "09:29:13",
                "_end": "-",
                "data": {
                    "type": "pill",
                    "time": 450.925644
                }
            },
            {
                "time": "2017-10-24T15:29:15.206Z",
                "type": "END",
                "source": "data:click:h_pos",
                "_t": "09:29:15",
                "_end": "-",
                "data": {
                    "lbl": {
                        "time": 450.925644,
                        "endTime": 459.96480045935215,
                        "type": "pill",
                        "id": 6
                    }
                }
            },
            {
                "time": "2017-10-24T15:29:30.149Z",
                "type": "START",
                "source": "hotkey",
                "_t": "09:29:30",
                "_end": "-",
                "data": {
                    "type": "pill",
                    "time": 567.381381
                }
            },
            {
                "time": "2017-10-24T15:29:31.079Z",
                "type": "END",
                "source": "data:click:h_pos",
                "_t": "09:29:31",
                "_end": "-",
                "data": {
                    "lbl": {
                        "time": 567.381381,
                        "endTime": 579.6761658451358,
                        "type": "pill",
                        "id": 7
                    }
                }
            },
            {
                "time": "2017-10-24T15:29:44.893Z",
                "type": "START",
                "source": "hotkey",
                "_t": "09:29:44",
                "_end": "-",
                "data": {
                    "type": "move",
                    "time": 590.691954
                }
            },
            {
                "time": "2017-10-24T15:29:46.032Z",
                "type": "END",
                "source": "data:click:h_pos",
                "_t": "09:29:46",
                "_end": "-",
                "data": {
                    "lbl": {
                        "time": 590.691954,
                        "endTime": 594.9051201463083,
                        "type": "move",
                        "id": 8
                    }
                }
            }
        ],
        "navigationEvents": [
            {
                "time": {
                    "start": "2017-10-24T15:26:37.212Z",
                    "end": "2017-10-24T15:26:55.307Z"
                },
                "type": "SCRUB",
                "source": "data:drag",
                "_t": "09:26:37",
                "_end": "09:26:55",
                "data": {
                    "time": 7.067074
                }
            },
            {
                "time": {
                    "start": "2017-10-24T15:26:37.212Z",
                    "end": "2017-10-24T15:26:55.998Z"
                },
                "type": "SCRUB",
                "source": "data:drag",
                "_t": "09:26:37",
                "_end": "09:26:55",
                "data": {
                    "time": 8.06256
                }
            },
            {
                "time": {
                    "start": "2017-10-24T15:26:37.212Z",
                    "end": "2017-10-24T15:26:57.386Z"
                },
                "type": "SCRUB",
                "source": "data:drag",
                "_t": "09:26:37",
                "_end": "09:26:57",
                "data": {
                    "time": 29.441585
                }
            },
            {
                "time": {
                    "start": "2017-10-24T15:26:37.212Z",
                    "end": "2017-10-24T15:26:58.698Z"
                },
                "type": "SCRUB",
                "source": "data:drag",
                "_t": "09:26:37",
                "_end": "09:26:58",
                "data": {
                    "time": 30.42362
                }
            },
            {
                "time": "2017-10-24T15:27:09.539Z",
                "type": "PAUSE",
                "source": "hotkey",
                "_t": "09:27:09",
                "_end": "-",
                "data": {
                    "key": "space"
                }
            },
            {
                "time": {
                    "start": "2017-10-24T15:26:37.212Z",
                    "end": "2017-10-24T15:27:13.450Z"
                },
                "type": "SCRUB",
                "source": "data:drag",
                "_t": "09:26:37",
                "_end": "09:27:13",
                "data": {
                    "time": 30.628929
                }
            },
            {
                "time": {
                    "start": "2017-10-24T15:26:37.212Z",
                    "end": "2017-10-24T15:27:17.978Z"
                },
                "type": "SCRUB",
                "source": "data:drag",
                "_t": "09:26:37",
                "_end": "09:27:17",
                "data": {
                    "time": 30.628929
                }
            },
            {
                "time": {
                    "start": "2017-10-24T15:26:37.212Z",
                    "end": "2017-10-24T15:27:19.830Z"
                },
                "type": "SCRUB",
                "source": "data:drag",
                "_t": "09:26:37",
                "_end": "09:27:19",
                "data": {
                    "time": 51.618156
                }
            },
            {
                "time": {
                    "start": "2017-10-24T15:26:37.212Z",
                    "end": "2017-10-24T15:27:21.489Z"
                },
                "type": "SCRUB",
                "source": "data:drag",
                "_t": "09:26:37",
                "_end": "09:27:21",
                "data": {
                    "time": 54.950387
                }
            },
            {
                "time": {
                    "start": "2017-10-24T15:26:37.212Z",
                    "end": "2017-10-24T15:27:24.997Z"
                },
                "type": "SCRUB",
                "source": "data:drag",
                "_t": "09:26:37",
                "_end": "09:27:24",
                "data": {
                    "time": 57.976206
                }
            },
            {
                "time": {
                    "start": "2017-10-24T15:26:37.212Z",
                    "end": "2017-10-24T15:27:26.282Z"
                },
                "type": "SCRUB",
                "source": "data:drag",
                "_t": "09:26:37",
                "_end": "09:27:26",
                "data": {
                    "time": 59.87213
                }
            },
            {
                "time": {
                    "start": "2017-10-24T15:26:37.212Z",
                    "end": "2017-10-24T15:27:27.566Z"
                },
                "type": "SCRUB",
                "source": "data:drag",
                "_t": "09:26:37",
                "_end": "09:27:27",
                "data": {
                    "time": 58.895441
                }
            },
            {
                "time": {
                    "start": "2017-10-24T15:26:37.212Z",
                    "end": "2017-10-24T15:27:32.466Z"
                },
                "type": "SCRUB",
                "source": "data:drag",
                "_t": "09:26:37",
                "_end": "09:27:32",
                "data": {
                    "time": 55.161043
                }
            },
            {
                "time": {
                    "start": "2017-10-24T15:26:37.212Z",
                    "end": "2017-10-24T15:27:35.931Z"
                },
                "type": "SCRUB",
                "source": "data:drag",
                "_t": "09:26:37",
                "_end": "09:27:35",
                "data": {
                    "time": 55.161043
                }
            },
            {
                "time": {
                    "start": "2017-10-24T15:26:37.212Z",
                    "end": "2017-10-24T15:27:38.796Z"
                },
                "type": "SCRUB",
                "source": "data:drag",
                "_t": "09:26:37",
                "_end": "09:27:38",
                "data": {
                    "time": 36.967825
                }
            },
            {
                "time": "2017-10-24T15:27:39.939Z",
                "type": "PLAY",
                "source": "hotkey",
                "_t": "09:27:39",
                "_end": "-",
                "data": {
                    "key": "space"
                }
            },
            {
                "time": {
                    "start": "2017-10-24T15:26:37.212Z",
                    "end": "2017-10-24T15:27:43.764Z"
                },
                "type": "SCRUB",
                "source": "data:drag",
                "_t": "09:26:37",
                "_end": "09:27:43",
                "data": {
                    "time": 36.361978
                }
            },
            {
                "time": {
                    "start": "2017-10-24T15:26:37.212Z",
                    "end": "2017-10-24T15:27:45.316Z"
                },
                "type": "SCRUB",
                "source": "data:drag",
                "_t": "09:26:37",
                "_end": "09:27:45",
                "data": {
                    "time": 34.284738
                }
            },
            {
                "time": {
                    "start": "2017-10-24T15:26:37.212Z",
                    "end": "2017-10-24T15:27:47.637Z"
                },
                "type": "SCRUB",
                "source": "data:drag",
                "_t": "09:26:37",
                "_end": "09:27:47",
                "data": {
                    "time": 54.387788
                }
            },
            {
                "time": {
                    "start": "2017-10-24T15:26:37.212Z",
                    "end": "2017-10-24T15:27:48.559Z"
                },
                "type": "SCRUB",
                "source": "data:drag",
                "_t": "09:26:37",
                "_end": "09:27:48",
                "data": {
                    "time": 56.367943
                }
            },
            {
                "time": {
                    "start": "2017-10-24T15:26:37.212Z",
                    "end": "2017-10-24T15:27:51.739Z"
                },
                "type": "SCRUB",
                "source": "data:drag",
                "_t": "09:26:37",
                "_end": "09:27:51",
                "data": {
                    "time": 65.525424
                }
            },
            {
                "time": {
                    "start": "2017-10-24T15:26:37.212Z",
                    "end": "2017-10-24T15:27:52.117Z"
                },
                "type": "SCRUB",
                "source": "data:drag",
                "_t": "09:26:37",
                "_end": "09:27:52",
                "data": {
                    "time": 75.368912
                }
            },
            {
                "time": {
                    "start": "2017-10-24T15:26:37.212Z",
                    "end": "2017-10-24T15:27:52.626Z"
                },
                "type": "SCRUB",
                "source": "data:drag",
                "_t": "09:26:37",
                "_end": "09:27:52",
                "data": {
                    "time": 85.537963
                }
            },
            {
                "time": {
                    "start": "2017-10-24T15:26:37.212Z",
                    "end": "2017-10-24T15:27:53.139Z"
                },
                "type": "SCRUB",
                "source": "data:drag",
                "_t": "09:26:37",
                "_end": "09:27:53",
                "data": {
                    "time": 96.798607
                }
            },
            {
                "time": {
                    "start": "2017-10-24T15:26:37.212Z",
                    "end": "2017-10-24T15:27:53.746Z"
                },
                "type": "SCRUB",
                "source": "data:drag",
                "_t": "09:26:37",
                "_end": "09:27:53",
                "data": {
                    "time": 108.729527
                }
            },
            {
                "time": {
                    "start": "2017-10-24T15:26:37.212Z",
                    "end": "2017-10-24T15:27:54.257Z"
                },
                "type": "SCRUB",
                "source": "data:drag",
                "_t": "09:26:37",
                "_end": "09:27:54",
                "data": {
                    "time": 117.960191
                }
            },
            {
                "time": {
                    "start": "2017-10-24T15:26:37.212Z",
                    "end": "2017-10-24T15:27:54.794Z"
                },
                "type": "SCRUB",
                "source": "data:drag",
                "_t": "09:26:37",
                "_end": "09:27:54",
                "data": {
                    "time": 127.669623
                }
            },
            {
                "time": {
                    "start": "2017-10-24T15:26:37.212Z",
                    "end": "2017-10-24T15:27:55.423Z"
                },
                "type": "SCRUB",
                "source": "data:drag",
                "_t": "09:26:37",
                "_end": "09:27:55",
                "data": {
                    "time": 137.072643
                }
            },
            {
                "time": {
                    "start": "2017-10-24T15:26:37.212Z",
                    "end": "2017-10-24T15:27:55.970Z"
                },
                "type": "SCRUB",
                "source": "data:drag",
                "_t": "09:26:37",
                "_end": "09:27:55",
                "data": {
                    "time": 144.809548
                }
            },
            {
                "time": {
                    "start": "2017-10-24T15:26:37.212Z",
                    "end": "2017-10-24T15:27:58.429Z"
                },
                "type": "SCRUB",
                "source": "data:drag",
                "_t": "09:26:37",
                "_end": "09:27:58",
                "data": {
                    "time": 162.294187
                }
            },
            {
                "time": {
                    "start": "2017-10-24T15:26:37.212Z",
                    "end": "2017-10-24T15:28:03.715Z"
                },
                "type": "SCRUB",
                "source": "data:drag",
                "_t": "09:26:37",
                "_end": "09:28:03",
                "data": {
                    "time": 162.400612
                }
            },
            {
                "time": "2017-10-24T15:28:07.650Z",
                "type": "PAUSE",
                "source": "hotkey",
                "_t": "09:28:07",
                "_end": "-",
                "data": {
                    "key": "space"
                }
            },
            {
                "time": {
                    "start": "2017-10-24T15:26:37.212Z",
                    "end": "2017-10-24T15:28:09.299Z"
                },
                "type": "SCRUB",
                "source": "data:drag",
                "_t": "09:26:37",
                "_end": "09:28:09",
                "data": {
                    "time": 166.336313
                }
            },
            {
                "time": {
                    "start": "2017-10-24T15:26:37.212Z",
                    "end": "2017-10-24T15:28:10.227Z"
                },
                "type": "SCRUB",
                "source": "data:drag",
                "_t": "09:26:37",
                "_end": "09:28:10",
                "data": {
                    "time": 166.336313
                }
            },
            {
                "time": {
                    "start": "2017-10-24T15:26:37.212Z",
                    "end": "2017-10-24T15:28:10.626Z"
                },
                "type": "SCRUB",
                "source": "data:drag",
                "_t": "09:26:37",
                "_end": "09:28:10",
                "data": {
                    "time": 166.317162
                }
            },
            {
                "time": {
                    "start": "2017-10-24T15:26:37.212Z",
                    "end": "2017-10-24T15:28:11.979Z"
                },
                "type": "SCRUB",
                "source": "data:drag",
                "_t": "09:26:37",
                "_end": "09:28:11",
                "data": {
                    "time": 166.317162
                }
            },
            {
                "time": {
                    "start": "2017-10-24T15:26:37.212Z",
                    "end": "2017-10-24T15:28:14.173Z"
                },
                "type": "SCRUB",
                "source": "data:drag",
                "_t": "09:26:37",
                "_end": "09:28:14",
                "data": {
                    "time": 166.317162
                }
            },
            {
                "time": "2017-10-24T15:28:14.515Z",
                "type": "PLAY",
                "source": "hotkey",
                "_t": "09:28:14",
                "_end": "-",
                "data": {
                    "key": "space"
                }
            },
            {
                "time": {
                    "start": "2017-10-24T15:26:37.212Z",
                    "end": "2017-10-24T15:28:15.588Z"
                },
                "type": "SCRUB",
                "source": "data:drag",
                "_t": "09:26:37",
                "_end": "09:28:15",
                "data": {
                    "time": 177.733423
                }
            },
            {
                "time": {
                    "start": "2017-10-24T15:26:37.212Z",
                    "end": "2017-10-24T15:28:16.311Z"
                },
                "type": "SCRUB",
                "source": "data:drag",
                "_t": "09:26:37",
                "_end": "09:28:16",
                "data": {
                    "time": 190.123961
                }
            },
            {
                "time": {
                    "start": "2017-10-24T15:26:37.212Z",
                    "end": "2017-10-24T15:28:17.399Z"
                },
                "type": "SCRUB",
                "source": "data:drag",
                "_t": "09:26:37",
                "_end": "09:28:17",
                "data": {
                    "time": 211.4196
                }
            },
            {
                "time": {
                    "start": "2017-10-24T15:26:37.212Z",
                    "end": "2017-10-24T15:28:18.826Z"
                },
                "type": "SCRUB",
                "source": "data:drag",
                "_t": "09:26:37",
                "_end": "09:28:18",
                "data": {
                    "time": 215.820533
                }
            },
            {
                "time": {
                    "start": "2017-10-24T15:26:37.212Z",
                    "end": "2017-10-24T15:28:21.886Z"
                },
                "type": "SCRUB",
                "source": "data:drag",
                "_t": "09:26:37",
                "_end": "09:28:21",
                "data": {
                    "time": 217.601714
                }
            },
            {
                "time": {
                    "start": "2017-10-24T15:26:37.212Z",
                    "end": "2017-10-24T15:28:24.207Z"
                },
                "type": "SCRUB",
                "source": "data:drag",
                "_t": "09:26:37",
                "_end": "09:28:24",
                "data": {
                    "time": 189.450968
                }
            },
            {
                "time": {
                    "start": "2017-10-24T15:26:37.212Z",
                    "end": "2017-10-24T15:28:26.325Z"
                },
                "type": "SCRUB",
                "source": "data:drag",
                "_t": "09:26:37",
                "_end": "09:28:26",
                "data": {
                    "time": 211.742447
                }
            },
            {
                "time": {
                    "start": "2017-10-24T15:26:37.212Z",
                    "end": "2017-10-24T15:28:27.826Z"
                },
                "type": "SCRUB",
                "source": "data:drag",
                "_t": "09:26:37",
                "_end": "09:28:27",
                "data": {
                    "time": 219.115487
                }
            },
            {
                "time": {
                    "start": "2017-10-24T15:26:37.212Z",
                    "end": "2017-10-24T15:28:29.275Z"
                },
                "type": "SCRUB",
                "source": "data:drag",
                "_t": "09:26:37",
                "_end": "09:28:29",
                "data": {
                    "time": 217.281902
                }
            },
            {
                "time": {
                    "start": "2017-10-24T15:26:37.212Z",
                    "end": "2017-10-24T15:28:31.737Z"
                },
                "type": "SCRUB",
                "source": "data:drag",
                "_t": "09:26:37",
                "_end": "09:28:31",
                "data": {
                    "time": 214.458341
                }
            },
            {
                "time": "2017-10-24T15:28:33.295Z",
                "type": "PAUSE",
                "source": "hotkey",
                "_t": "09:28:33",
                "_end": "-",
                "data": {
                    "key": "space"
                }
            },
            {
                "time": {
                    "start": "2017-10-24T15:26:37.212Z",
                    "end": "2017-10-24T15:28:36.406Z"
                },
                "type": "SCRUB",
                "source": "data:drag",
                "_t": "09:26:37",
                "_end": "09:28:36",
                "data": {
                    "time": 215.965042
                }
            },
            {
                "time": {
                    "start": "2017-10-24T15:26:37.212Z",
                    "end": "2017-10-24T15:28:38.267Z"
                },
                "type": "SCRUB",
                "source": "data:drag",
                "_t": "09:26:37",
                "_end": "09:28:38",
                "data": {
                    "time": 215.965042
                }
            },
            {
                "time": {
                    "start": "2017-10-24T15:26:37.212Z",
                    "end": "2017-10-24T15:28:39.084Z"
                },
                "type": "SCRUB",
                "source": "data:drag",
                "_t": "09:26:37",
                "_end": "09:28:39",
                "data": {
                    "time": 222.5146
                }
            },
            {
                "time": {
                    "start": "2017-10-24T15:26:37.212Z",
                    "end": "2017-10-24T15:28:40.196Z"
                },
                "type": "SCRUB",
                "source": "data:drag",
                "_t": "09:26:37",
                "_end": "09:28:40",
                "data": {
                    "time": 235.479661
                }
            },
            {
                "time": {
                    "start": "2017-10-24T15:26:37.212Z",
                    "end": "2017-10-24T15:28:40.827Z"
                },
                "type": "SCRUB",
                "source": "data:drag",
                "_t": "09:26:37",
                "_end": "09:28:40",
                "data": {
                    "time": 241.263189
                }
            },
            {
                "time": {
                    "start": "2017-10-24T15:26:37.212Z",
                    "end": "2017-10-24T15:28:42.004Z"
                },
                "type": "SCRUB",
                "source": "data:drag",
                "_t": "09:26:37",
                "_end": "09:28:42",
                "data": {
                    "time": 242.603741
                }
            },
            {
                "time": {
                    "start": "2017-10-24T15:26:37.212Z",
                    "end": "2017-10-24T15:28:43.235Z"
                },
                "type": "SCRUB",
                "source": "data:drag",
                "_t": "09:26:37",
                "_end": "09:28:43",
                "data": {
                    "time": 244.691173
                }
            },
            {
                "time": {
                    "start": "2017-10-24T15:26:37.212Z",
                    "end": "2017-10-24T15:28:43.988Z"
                },
                "type": "SCRUB",
                "source": "data:drag",
                "_t": "09:26:37",
                "_end": "09:28:43",
                "data": {
                    "time": 246.012575
                }
            },
            {
                "time": {
                    "start": "2017-10-24T15:26:37.212Z",
                    "end": "2017-10-24T15:28:44.603Z"
                },
                "type": "SCRUB",
                "source": "data:drag",
                "_t": "09:26:37",
                "_end": "09:28:44",
                "data": {
                    "time": 246.644549
                }
            },
            {
                "time": {
                    "start": "2017-10-24T15:26:37.212Z",
                    "end": "2017-10-24T15:28:45.204Z"
                },
                "type": "SCRUB",
                "source": "data:drag",
                "_t": "09:26:37",
                "_end": "09:28:45",
                "data": {
                    "time": 247.506332
                }
            },
            {
                "time": {
                    "start": "2017-10-24T15:26:37.212Z",
                    "end": "2017-10-24T15:28:46.644Z"
                },
                "type": "SCRUB",
                "source": "data:drag",
                "_t": "09:26:37",
                "_end": "09:28:46",
                "data": {
                    "time": 248.540472
                }
            },
            {
                "time": {
                    "start": "2017-10-24T15:26:37.212Z",
                    "end": "2017-10-24T15:28:49.244Z"
                },
                "type": "SCRUB",
                "source": "data:drag",
                "_t": "09:26:37",
                "_end": "09:28:49",
                "data": {
                    "time": 239.271506
                }
            },
            {
                "time": {
                    "start": "2017-10-24T15:26:37.212Z",
                    "end": "2017-10-24T15:28:54.116Z"
                },
                "type": "SCRUB",
                "source": "data:drag",
                "_t": "09:26:37",
                "_end": "09:28:54",
                "data": {
                    "time": 239.271506
                }
            },
            {
                "time": {
                    "start": "2017-10-24T15:26:37.212Z",
                    "end": "2017-10-24T15:28:54.738Z"
                },
                "type": "SCRUB",
                "source": "data:drag",
                "_t": "09:26:37",
                "_end": "09:28:54",
                "data": {
                    "time": 252.332321
                }
            },
            {
                "time": {
                    "start": "2017-10-24T15:26:37.212Z",
                    "end": "2017-10-24T15:28:55.379Z"
                },
                "type": "SCRUB",
                "source": "data:drag",
                "_t": "09:26:37",
                "_end": "09:28:55",
                "data": {
                    "time": 268.227447
                }
            },
            {
                "time": {
                    "start": "2017-10-24T15:26:37.212Z",
                    "end": "2017-10-24T15:28:56.143Z"
                },
                "type": "SCRUB",
                "source": "data:drag",
                "_t": "09:26:37",
                "_end": "09:28:56",
                "data": {
                    "time": 285.386523
                }
            },
            {
                "time": {
                    "start": "2017-10-24T15:26:37.212Z",
                    "end": "2017-10-24T15:28:56.835Z"
                },
                "type": "SCRUB",
                "source": "data:drag",
                "_t": "09:26:37",
                "_end": "09:28:56",
                "data": {
                    "time": 301.913624
                }
            },
            {
                "time": {
                    "start": "2017-10-24T15:26:37.212Z",
                    "end": "2017-10-24T15:28:57.748Z"
                },
                "type": "SCRUB",
                "source": "data:drag",
                "_t": "09:26:37",
                "_end": "09:28:57",
                "data": {
                    "time": 323.764635
                }
            },
            {
                "time": {
                    "start": "2017-10-24T15:26:37.212Z",
                    "end": "2017-10-24T15:28:58.733Z"
                },
                "type": "SCRUB",
                "source": "data:drag",
                "_t": "09:26:37",
                "_end": "09:28:58",
                "data": {
                    "time": 344.351696
                }
            },
            {
                "time": {
                    "start": "2017-10-24T15:26:37.212Z",
                    "end": "2017-10-24T15:28:59.930Z"
                },
                "type": "SCRUB",
                "source": "data:drag",
                "_t": "09:26:37",
                "_end": "09:28:59",
                "data": {
                    "time": 368.500798
                }
            },
            {
                "time": {
                    "start": "2017-10-24T15:26:37.212Z",
                    "end": "2017-10-24T15:29:00.802Z"
                },
                "type": "SCRUB",
                "source": "data:drag",
                "_t": "09:26:37",
                "_end": "09:29:00",
                "data": {
                    "time": 392.458392
                }
            },
            {
                "time": {
                    "start": "2017-10-24T15:26:37.212Z",
                    "end": "2017-10-24T15:29:01.721Z"
                },
                "type": "SCRUB",
                "source": "data:drag",
                "_t": "09:26:37",
                "_end": "09:29:01",
                "data": {
                    "time": 419.978027
                }
            },
            {
                "time": {
                    "start": "2017-10-24T15:26:37.212Z",
                    "end": "2017-10-24T15:29:02.639Z"
                },
                "type": "SCRUB",
                "source": "data:drag",
                "_t": "09:26:37",
                "_end": "09:29:02",
                "data": {
                    "time": 447.018893
                }
            },
            {
                "time": {
                    "start": "2017-10-24T15:26:37.212Z",
                    "end": "2017-10-24T15:29:03.811Z"
                },
                "type": "SCRUB",
                "source": "data:drag",
                "_t": "09:26:37",
                "_end": "09:29:03",
                "data": {
                    "time": 453.836561
                }
            },
            {
                "time": {
                    "start": "2017-10-24T15:26:37.212Z",
                    "end": "2017-10-24T15:29:05.002Z"
                },
                "type": "SCRUB",
                "source": "data:drag",
                "_t": "09:26:37",
                "_end": "09:29:05",
                "data": {
                    "time": 453.089681
                }
            },
            {
                "time": {
                    "start": "2017-10-24T15:26:37.212Z",
                    "end": "2017-10-24T15:29:06.358Z"
                },
                "type": "SCRUB",
                "source": "data:drag",
                "_t": "09:26:37",
                "_end": "09:29:06",
                "data": {
                    "time": 451.710826
                }
            },
            {
                "time": {
                    "start": "2017-10-24T15:26:37.212Z",
                    "end": "2017-10-24T15:29:07.514Z"
                },
                "type": "SCRUB",
                "source": "data:drag",
                "_t": "09:26:37",
                "_end": "09:29:07",
                "data": {
                    "time": 456.613419
                }
            },
            {
                "time": {
                    "start": "2017-10-24T15:26:37.212Z",
                    "end": "2017-10-24T15:29:08.378Z"
                },
                "type": "SCRUB",
                "source": "data:drag",
                "_t": "09:26:37",
                "_end": "09:29:08",
                "data": {
                    "time": 458.471042
                }
            },
            {
                "time": {
                    "start": "2017-10-24T15:26:37.212Z",
                    "end": "2017-10-24T15:29:12.658Z"
                },
                "type": "SCRUB",
                "source": "data:drag",
                "_t": "09:26:37",
                "_end": "09:29:12",
                "data": {
                    "time": 450.925644
                }
            },
            {
                "time": {
                    "start": "2017-10-24T15:26:37.212Z",
                    "end": "2017-10-24T15:29:15.203Z"
                },
                "type": "SCRUB",
                "source": "data:drag",
                "_t": "09:26:37",
                "_end": "09:29:15",
                "data": {
                    "time": 450.925644
                }
            },
            {
                "time": {
                    "start": "2017-10-24T15:26:37.212Z",
                    "end": "2017-10-24T15:29:18.987Z"
                },
                "type": "SCRUB",
                "source": "data:drag",
                "_t": "09:26:37",
                "_end": "09:29:18",
                "data": {
                    "time": 479.99649
                }
            },
            {
                "time": {
                    "start": "2017-10-24T15:26:37.212Z",
                    "end": "2017-10-24T15:29:19.795Z"
                },
                "type": "SCRUB",
                "source": "data:drag",
                "_t": "09:26:37",
                "_end": "09:29:19",
                "data": {
                    "time": 497.74924
                }
            },
            {
                "time": {
                    "start": "2017-10-24T15:26:37.212Z",
                    "end": "2017-10-24T15:29:20.531Z"
                },
                "type": "SCRUB",
                "source": "data:drag",
                "_t": "09:26:37",
                "_end": "09:29:20",
                "data": {
                    "time": 516.248869
                }
            },
            {
                "time": {
                    "start": "2017-10-24T15:26:37.212Z",
                    "end": "2017-10-24T15:29:21.316Z"
                },
                "type": "SCRUB",
                "source": "data:drag",
                "_t": "09:26:37",
                "_end": "09:29:21",
                "data": {
                    "time": 536.299709
                }
            },
            {
                "time": {
                    "start": "2017-10-24T15:26:37.212Z",
                    "end": "2017-10-24T15:29:22.094Z"
                },
                "type": "SCRUB",
                "source": "data:drag",
                "_t": "09:26:37",
                "_end": "09:29:22",
                "data": {
                    "time": 553.956705
                }
            },
            {
                "time": {
                    "start": "2017-10-24T15:26:37.212Z",
                    "end": "2017-10-24T15:29:23.087Z"
                },
                "type": "SCRUB",
                "source": "data:drag",
                "_t": "09:26:37",
                "_end": "09:29:23",
                "data": {
                    "time": 568.836841
                }
            },
            {
                "time": {
                    "start": "2017-10-24T15:26:37.212Z",
                    "end": "2017-10-24T15:29:23.903Z"
                },
                "type": "SCRUB",
                "source": "data:drag",
                "_t": "09:26:37",
                "_end": "09:29:23",
                "data": {
                    "time": 570.656162
                }
            },
            {
                "time": {
                    "start": "2017-10-24T15:26:37.212Z",
                    "end": "2017-10-24T15:29:24.686Z"
                },
                "type": "SCRUB",
                "source": "data:drag",
                "_t": "09:26:37",
                "_end": "09:29:24",
                "data": {
                    "time": 572.360579
                }
            },
            {
                "time": {
                    "start": "2017-10-24T15:26:37.212Z",
                    "end": "2017-10-24T15:29:25.823Z"
                },
                "type": "SCRUB",
                "source": "data:drag",
                "_t": "09:26:37",
                "_end": "09:29:25",
                "data": {
                    "time": 568.396372
                }
            },
            {
                "time": {
                    "start": "2017-10-24T15:26:37.212Z",
                    "end": "2017-10-24T15:29:26.570Z"
                },
                "type": "SCRUB",
                "source": "data:drag",
                "_t": "09:26:37",
                "_end": "09:29:26",
                "data": {
                    "time": 578.086654
                }
            },
            {
                "time": {
                    "start": "2017-10-24T15:26:37.212Z",
                    "end": "2017-10-24T15:29:29.248Z"
                },
                "type": "SCRUB",
                "source": "data:drag",
                "_t": "09:26:37",
                "_end": "09:29:29",
                "data": {
                    "time": 567.381381
                }
            },
            {
                "time": {
                    "start": "2017-10-24T15:26:37.212Z",
                    "end": "2017-10-24T15:29:31.076Z"
                },
                "type": "SCRUB",
                "source": "data:drag",
                "_t": "09:26:37",
                "_end": "09:29:31",
                "data": {
                    "time": 567.381381
                }
            },
            {
                "time": "2017-10-24T15:29:31.620Z",
                "type": "PLAY",
                "source": "hotkey",
                "_t": "09:29:31",
                "_end": "-",
                "data": {
                    "key": "space"
                }
            },
            {
                "time": {
                    "start": "2017-10-24T15:26:37.212Z",
                    "end": "2017-10-24T15:29:38.283Z"
                },
                "type": "SCRUB",
                "source": "data:drag",
                "_t": "09:26:37",
                "_end": "09:29:38",
                "data": {
                    "time": 591.540195
                }
            },
            {
                "time": {
                    "start": "2017-10-24T15:26:37.212Z",
                    "end": "2017-10-24T15:29:41.844Z"
                },
                "type": "SCRUB",
                "source": "data:drag",
                "_t": "09:26:37",
                "_end": "09:29:41",
                "data": {
                    "time": 591.695604
                }
            },
            {
                "time": "2017-10-24T15:29:42.443Z",
                "type": "PAUSE",
                "source": "hotkey",
                "_t": "09:29:42",
                "_end": "-",
                "data": {
                    "key": "space"
                }
            },
            {
                "time": {
                    "start": "2017-10-24T15:26:37.212Z",
                    "end": "2017-10-24T15:29:44.279Z"
                },
                "type": "SCRUB",
                "source": "data:drag",
                "_t": "09:26:37",
                "_end": "09:29:44",
                "data": {
                    "time": 590.691954
                }
            },
            {
                "time": {
                    "start": "2017-10-24T15:26:37.212Z",
                    "end": "2017-10-24T15:29:46.030Z"
                },
                "type": "SCRUB",
                "source": "data:drag",
                "_t": "09:26:37",
                "_end": "09:29:46",
                "data": {
                    "time": 590.691954
                }
            },
            {
                "time": {
                    "start": "2017-10-24T15:26:37.212Z",
                    "end": "2017-10-24T15:29:46.832Z"
                },
                "type": "SCRUB",
                "source": "data:drag",
                "_t": "09:26:37",
                "_end": "09:29:46",
                "data": {
                    "time": 584.812672
                }
            }
        ]
    }
}