{
    "user_id": "011",
    "session_id": "59ec2726227e0c69a0245634",
    "study": "studyA",
    "workspace": "pill.pills-blue",
    "details": {
        "workspace": "pill.pills-blue",
        "labels": [
            {
                "time": 30.471081886179064,
                "endTime": 40.276620747967534,
                "type": "pill",
                "id": 1
            },
            {
                "time": 54.884641,
                "endTime": 64.93905140650446,
                "type": "move",
                "id": 2
            },
            {
                "time": 162.3354931300815,
                "endTime": 170.2182142845566,
                "type": "pill",
                "id": 3
            },
            {
                "time": 215.738174,
                "endTime": 222.20883416260148,
                "type": "pill",
                "id": 4
            },
            {
                "time": 239.082324,
                "endTime": 248.58921700812533,
                "type": "move",
                "id": 5
            },
            {
                "time": 450.722682,
                "endTime": 460.1300263902482,
                "type": "pill",
                "id": 6
            },
            {
                "time": 567.137291,
                "endTime": 579.8297397804815,
                "type": "pill",
                "id": 7
            },
            {
                "time": 590.481441,
                "endTime": 595.1104517317051,
                "type": "move",
                "id": 8
            }
        ],
        "_starts": [
            "2017-10-24T16:31:30.000Z"
        ],
        "_ends": [
            "2017-10-24T16:33:53.845Z"
        ]
    },
    "labels_file": "/home/ubuntu/vat/data/user-studies/studyA/pill-blue/011.labels.json",
    "videoFlash": 4.288888,
    "surveys": {
        "user-info": {
            "firstname": "Jonah",
            "lastname": "Bateman",
            "email": "jonah@batemans.org"
        },
        "practice-first": {
            "question1": "2",
            "question2": "ok",
            "question3": "100",
            "question4": "0"
        },
        "practice-second": {},
        "practice-third": {},
        "practice-survey": {},
        "run-blue": {
            "question1": "2",
            "question2": "1",
            "question3": "100",
            "question4": "100"
        },
        "run-yellow": {
            "question1": "0",
            "question2": "1",
            "question3": "100",
            "question4": "90"
        },
        "run-red": {
            "question1": "-1",
            "question2": "1",
            "question3": "40",
            "question4": "80"
        },
        "run-survey": {
            "question1": "2",
            "question2": "-1",
            "question3": "2",
            "question4": "1"
        }
    },
    "logs": {
        "labelEvents": [
            {
                "time": "2017-10-24T16:32:14.770Z",
                "type": "START",
                "source": "side-bar:button",
                "_t": "10:32:14",
                "_end": "-",
                "data": {
                    "type": "pill",
                    "time": 41.122784
                }
            },
            {
                "time": "2017-10-24T16:32:17.151Z",
                "type": "END",
                "source": "data:click:h_pos",
                "_t": "10:32:17",
                "_end": "-",
                "data": {
                    "lbl": {
                        "time": 30.471081886179064,
                        "endTime": 40.276620747967534,
                        "type": "pill",
                        "id": 1
                    }
                }
            },
            {
                "time": "2017-10-24T16:32:18.156Z",
                "type": "SELECT",
                "source": "data:click",
                "_t": "10:32:18",
                "_end": "-",
                "data": {
                    "time": 30.471081886179064,
                    "endTime": 40.276620747967534,
                    "type": "pill",
                    "id": 1
                }
            },
            {
                "time": {
                    "start": "2017-10-24T16:32:19.035Z",
                    "end": "2017-10-24T16:32:21.315Z"
                },
                "type": "MOVE",
                "source": "data:brush",
                "_t": "10:32:19",
                "_end": "10:32:21",
                "data": {
                    "brushing": true,
                    "origin": [
                        30.520856195121944,
                        41.122784
                    ],
                    "start": "2017-10-24T16:32:19.035Z",
                    "ε": 0.1,
                    "mode": "move"
                }
            },
            {
                "time": {
                    "start": "2017-10-24T16:32:23.146Z",
                    "end": "2017-10-24T16:32:24.339Z"
                },
                "type": "RESIZE",
                "source": "data:brush",
                "_t": "10:32:23",
                "_end": "10:32:24",
                "data": {
                    "brushing": true,
                    "origin": [
                        30.47108188617885,
                        41.07300969105691
                    ],
                    "_brushside": 1,
                    "start": "2017-10-24T16:32:23.146Z",
                    "ε": 0.1,
                    "mode": "resize"
                }
            },
            {
                "time": "2017-10-24T16:32:40.972Z",
                "type": "START",
                "source": "hotkey",
                "_t": "10:32:40",
                "_end": "-",
                "data": {
                    "type": "move",
                    "time": 54.884641
                }
            },
            {
                "time": "2017-10-24T16:32:42.020Z",
                "type": "END",
                "source": "data:click:h_pos",
                "_t": "10:32:42",
                "_end": "-",
                "data": {
                    "lbl": {
                        "time": 54.884641,
                        "endTime": 64.93905140650446,
                        "type": "move",
                        "id": 2
                    }
                }
            },
            {
                "time": "2017-10-24T16:32:50.427Z",
                "type": "START",
                "source": "hotkey",
                "_t": "10:32:50",
                "_end": "-",
                "data": {
                    "type": "pill",
                    "time": 163.281205
                }
            },
            {
                "time": "2017-10-24T16:32:58.694Z",
                "type": "END",
                "source": "data:click:h_pos",
                "_t": "10:32:58",
                "_end": "-",
                "data": {
                    "lbl": {
                        "time": 162.3354931300815,
                        "endTime": 170.2182142845566,
                        "type": "pill",
                        "id": 3
                    }
                }
            },
            {
                "time": "2017-10-24T16:32:59.844Z",
                "type": "SELECT",
                "source": "data:click",
                "_t": "10:32:59",
                "_end": "-",
                "data": {
                    "time": 162.3354931300815,
                    "endTime": 170.2182142845566,
                    "type": "pill",
                    "id": 3
                }
            },
            {
                "time": {
                    "start": "2017-10-24T16:33:01.347Z",
                    "end": "2017-10-24T16:33:03.243Z"
                },
                "type": "RESIZE",
                "source": "data:brush",
                "_t": "10:33:01",
                "_end": "10:33:03",
                "data": {
                    "brushing": true,
                    "origin": [
                        163.281205,
                        170.2182142845527
                    ],
                    "_brushside": 0,
                    "start": "2017-10-24T16:33:01.347Z",
                    "ε": 0.1,
                    "mode": "resize"
                }
            },
            {
                "time": "2017-10-24T16:33:07.264Z",
                "type": "DESELECT",
                "source": "data:click",
                "_t": "10:33:07",
                "_end": "-",
                "data": {
                    "time": 162.3354931300815,
                    "endTime": 170.2182142845566,
                    "type": "pill",
                    "id": 3
                }
            },
            {
                "time": "2017-10-24T16:33:14.146Z",
                "type": "START",
                "source": "hotkey",
                "_t": "10:33:14",
                "_end": "-",
                "data": {
                    "type": "pill",
                    "time": 215.738174
                }
            },
            {
                "time": "2017-10-24T16:33:15.101Z",
                "type": "END",
                "source": "data:click:h_pos",
                "_t": "10:33:15",
                "_end": "-",
                "data": {
                    "lbl": {
                        "time": 215.738174,
                        "endTime": 222.20883416260148,
                        "type": "pill",
                        "id": 4
                    }
                }
            },
            {
                "time": "2017-10-24T16:33:18.124Z",
                "type": "START",
                "source": "hotkey",
                "_t": "10:33:18",
                "_end": "-",
                "data": {
                    "type": "move",
                    "time": 239.082324
                }
            },
            {
                "time": "2017-10-24T16:33:19.853Z",
                "type": "END",
                "source": "data:click:h_pos",
                "_t": "10:33:19",
                "_end": "-",
                "data": {
                    "lbl": {
                        "time": 239.082324,
                        "endTime": 248.58921700812533,
                        "type": "move",
                        "id": 5
                    }
                }
            },
            {
                "time": "2017-10-24T16:33:26.765Z",
                "type": "START",
                "source": "hotkey",
                "_t": "10:33:26",
                "_end": "-",
                "data": {
                    "type": "pill",
                    "time": 450.722682
                }
            },
            {
                "time": "2017-10-24T16:33:29.085Z",
                "type": "END",
                "source": "data:click:h_pos",
                "_t": "10:33:29",
                "_end": "-",
                "data": {
                    "lbl": {
                        "time": 450.722682,
                        "endTime": 460.1300263902482,
                        "type": "pill",
                        "id": 6
                    }
                }
            },
            {
                "time": "2017-10-24T16:33:41.835Z",
                "type": "START",
                "source": "hotkey",
                "_t": "10:33:41",
                "_end": "-",
                "data": {
                    "type": "pill",
                    "time": 567.137291
                }
            },
            {
                "time": "2017-10-24T16:33:43.709Z",
                "type": "END",
                "source": "data:click:h_pos",
                "_t": "10:33:43",
                "_end": "-",
                "data": {
                    "lbl": {
                        "time": 567.137291,
                        "endTime": 579.8297397804815,
                        "type": "pill",
                        "id": 7
                    }
                }
            },
            {
                "time": "2017-10-24T16:33:46.444Z",
                "type": "START",
                "source": "hotkey",
                "_t": "10:33:46",
                "_end": "-",
                "data": {
                    "type": "move",
                    "time": 590.481441
                }
            },
            {
                "time": "2017-10-24T16:33:48.037Z",
                "type": "END",
                "source": "data:click:h_pos",
                "_t": "10:33:48",
                "_end": "-",
                "data": {
                    "lbl": {
                        "time": 590.481441,
                        "endTime": 595.1104517317051,
                        "type": "move",
                        "id": 8
                    }
                }
            }
        ],
        "navigationEvents": [
            {
                "time": "2017-10-24T16:31:54.832Z",
                "type": "CHANGE-PLAYBACK-RATE",
                "source": "video:menu",
                "_t": "10:31:54",
                "_end": "-",
                "data": {
                    "oldRate": 1,
                    "newRate": 1.5
                }
            },
            {
                "time": "2017-10-24T16:32:04.866Z",
                "type": "CHANGE-PLAYBACK-RATE",
                "source": "video:menu",
                "_t": "10:32:04",
                "_end": "-",
                "data": {
                    "oldRate": 1.5,
                    "newRate": 2
                }
            },
            {
                "time": "2017-10-24T16:32:12.312Z",
                "type": "PAUSE",
                "source": "hotkey",
                "_t": "10:32:12",
                "_end": "-",
                "data": {
                    "key": "space"
                }
            },
            {
                "time": {
                    "start": "2017-10-24T16:31:30.495Z",
                    "end": "2017-10-24T16:32:17.149Z"
                },
                "type": "SCRUB",
                "source": "data:drag",
                "_t": "10:31:30",
                "_end": "10:32:17",
                "data": {
                    "time": 41.122784
                }
            },
            {
                "time": {
                    "start": "2017-10-24T16:31:30.495Z",
                    "end": "2017-10-24T16:32:18.154Z"
                },
                "type": "SCRUB",
                "source": "data:drag",
                "_t": "10:31:30",
                "_end": "10:32:18",
                "data": {
                    "time": 41.122784
                }
            },
            {
                "time": {
                    "start": "2017-10-24T16:31:30.495Z",
                    "end": "2017-10-24T16:32:21.331Z"
                },
                "type": "SCRUB",
                "source": "data:drag",
                "_t": "10:31:30",
                "_end": "10:32:21",
                "data": {
                    "time": 41.122784
                }
            },
            {
                "time": {
                    "start": "2017-10-24T16:31:30.495Z",
                    "end": "2017-10-24T16:32:21.937Z"
                },
                "type": "SCRUB",
                "source": "data:drag",
                "_t": "10:31:30",
                "_end": "10:32:21",
                "data": {
                    "time": 44.855857
                }
            },
            {
                "time": {
                    "start": "2017-10-24T16:31:30.495Z",
                    "end": "2017-10-24T16:32:24.357Z"
                },
                "type": "SCRUB",
                "source": "data:drag",
                "_t": "10:31:30",
                "_end": "10:32:24",
                "data": {
                    "time": 44.855857
                }
            },
            {
                "time": "2017-10-24T16:32:25.149Z",
                "type": "PLAY",
                "source": "hotkey",
                "_t": "10:32:25",
                "_end": "-",
                "data": {
                    "key": "space"
                }
            },
            {
                "time": "2017-10-24T16:32:36.026Z",
                "type": "PAUSE",
                "source": "hotkey",
                "_t": "10:32:36",
                "_end": "-",
                "data": {
                    "key": "space"
                }
            },
            {
                "time": {
                    "start": "2017-10-24T16:31:30.495Z",
                    "end": "2017-10-24T16:32:40.138Z"
                },
                "type": "SCRUB",
                "source": "data:drag",
                "_t": "10:31:30",
                "_end": "10:32:40",
                "data": {
                    "time": 54.884641
                }
            },
            {
                "time": {
                    "start": "2017-10-24T16:31:30.495Z",
                    "end": "2017-10-24T16:32:42.019Z"
                },
                "type": "SCRUB",
                "source": "data:drag",
                "_t": "10:31:30",
                "_end": "10:32:42",
                "data": {
                    "time": 54.884641
                }
            },
            {
                "time": {
                    "start": "2017-10-24T16:31:30.495Z",
                    "end": "2017-10-24T16:32:43.390Z"
                },
                "type": "SCRUB",
                "source": "data:drag",
                "_t": "10:31:30",
                "_end": "10:32:43",
                "data": {
                    "time": 99.681519
                }
            },
            {
                "time": {
                    "start": "2017-10-24T16:31:30.495Z",
                    "end": "2017-10-24T16:32:44.444Z"
                },
                "type": "SCRUB",
                "source": "data:drag",
                "_t": "10:31:30",
                "_end": "10:32:44",
                "data": {
                    "time": 129.695427
                }
            },
            {
                "time": "2017-10-24T16:32:44.909Z",
                "type": "PLAY",
                "source": "video:button",
                "_t": "10:32:44",
                "_end": "-"
            },
            {
                "time": "2017-10-24T16:32:45.337Z",
                "type": "PAUSE",
                "source": "video:button",
                "_t": "10:32:45",
                "_end": "-"
            },
            {
                "time": {
                    "start": "2017-10-24T16:31:30.495Z",
                    "end": "2017-10-24T16:32:46.346Z"
                },
                "type": "SCRUB",
                "source": "data:drag",
                "_t": "10:31:30",
                "_end": "10:32:46",
                "data": {
                    "time": 143.380888
                }
            },
            {
                "time": "2017-10-24T16:32:46.979Z",
                "type": "PLAY",
                "source": "video:button",
                "_t": "10:32:46",
                "_end": "-"
            },
            {
                "time": {
                    "start": "2017-10-24T16:31:30.495Z",
                    "end": "2017-10-24T16:32:49.871Z"
                },
                "type": "SCRUB",
                "source": "data:drag",
                "_t": "10:31:30",
                "_end": "10:32:49",
                "data": {
                    "time": 162.172099
                }
            },
            {
                "time": "2017-10-24T16:32:51.883Z",
                "type": "PAUSE",
                "source": "hotkey",
                "_t": "10:32:51",
                "_end": "-",
                "data": {
                    "key": "space"
                }
            },
            {
                "time": {
                    "start": "2017-10-24T16:31:30.495Z",
                    "end": "2017-10-24T16:32:53.811Z"
                },
                "type": "SCRUB",
                "source": "data:drag",
                "_t": "10:31:30",
                "_end": "10:32:53",
                "data": {
                    "time": 161.955679
                }
            },
            {
                "time": {
                    "start": "2017-10-24T16:31:30.495Z",
                    "end": "2017-10-24T16:32:58.691Z"
                },
                "type": "SCRUB",
                "source": "data:drag",
                "_t": "10:31:30",
                "_end": "10:32:58",
                "data": {
                    "time": 161.955679
                }
            },
            {
                "time": {
                    "start": "2017-10-24T16:31:30.495Z",
                    "end": "2017-10-24T16:32:59.842Z"
                },
                "type": "SCRUB",
                "source": "data:drag",
                "_t": "10:31:30",
                "_end": "10:32:59",
                "data": {
                    "time": 161.955679
                }
            },
            {
                "time": {
                    "start": "2017-10-24T16:31:30.495Z",
                    "end": "2017-10-24T16:33:03.252Z"
                },
                "type": "SCRUB",
                "source": "data:drag",
                "_t": "10:31:30",
                "_end": "10:33:03",
                "data": {
                    "time": 161.955679
                }
            },
            {
                "time": {
                    "start": "2017-10-24T16:31:30.495Z",
                    "end": "2017-10-24T16:33:06.457Z"
                },
                "type": "SCRUB",
                "source": "data:drag",
                "_t": "10:31:30",
                "_end": "10:33:06",
                "data": {
                    "time": 191.322521
                }
            },
            {
                "time": {
                    "start": "2017-10-24T16:31:30.495Z",
                    "end": "2017-10-24T16:33:07.264Z"
                },
                "type": "SCRUB",
                "source": "data:drag",
                "_t": "10:31:30",
                "_end": "10:33:07",
                "data": {
                    "time": 191.322521
                }
            },
            {
                "time": {
                    "start": "2017-10-24T16:31:30.495Z",
                    "end": "2017-10-24T16:33:08.397Z"
                },
                "type": "SCRUB",
                "source": "data:drag",
                "_t": "10:31:30",
                "_end": "10:33:08",
                "data": {
                    "time": 200.431219
                }
            },
            {
                "time": "2017-10-24T16:33:08.812Z",
                "type": "PLAY",
                "source": "video:button",
                "_t": "10:33:08",
                "_end": "-"
            },
            {
                "time": "2017-10-24T16:33:10.891Z",
                "type": "PAUSE",
                "source": "video:button",
                "_t": "10:33:10",
                "_end": "-"
            },
            {
                "time": {
                    "start": "2017-10-24T16:31:30.495Z",
                    "end": "2017-10-24T16:33:13.628Z"
                },
                "type": "SCRUB",
                "source": "data:drag",
                "_t": "10:31:30",
                "_end": "10:33:13",
                "data": {
                    "time": 215.738174
                }
            },
            {
                "time": {
                    "start": "2017-10-24T16:31:30.495Z",
                    "end": "2017-10-24T16:33:15.099Z"
                },
                "type": "SCRUB",
                "source": "data:drag",
                "_t": "10:31:30",
                "_end": "10:33:15",
                "data": {
                    "time": 215.738174
                }
            },
            {
                "time": {
                    "start": "2017-10-24T16:31:30.495Z",
                    "end": "2017-10-24T16:33:17.737Z"
                },
                "type": "SCRUB",
                "source": "data:drag",
                "_t": "10:31:30",
                "_end": "10:33:17",
                "data": {
                    "time": 239.082324
                }
            },
            {
                "time": {
                    "start": "2017-10-24T16:31:30.495Z",
                    "end": "2017-10-24T16:33:19.851Z"
                },
                "type": "SCRUB",
                "source": "data:drag",
                "_t": "10:31:30",
                "_end": "10:33:19",
                "data": {
                    "time": 239.082324
                }
            },
            {
                "time": {
                    "start": "2017-10-24T16:31:30.495Z",
                    "end": "2017-10-24T16:33:20.851Z"
                },
                "type": "SCRUB",
                "source": "data:drag",
                "_t": "10:31:30",
                "_end": "10:33:20",
                "data": {
                    "time": 291.096476
                }
            },
            {
                "time": {
                    "start": "2017-10-24T16:31:30.495Z",
                    "end": "2017-10-24T16:33:22.000Z"
                },
                "type": "SCRUB",
                "source": "data:drag",
                "_t": "10:31:30",
                "_end": "10:33:22",
                "data": {
                    "time": 330.069759
                }
            },
            {
                "time": {
                    "start": "2017-10-24T16:31:30.495Z",
                    "end": "2017-10-24T16:33:22.725Z"
                },
                "type": "SCRUB",
                "source": "data:drag",
                "_t": "10:31:30",
                "_end": "10:33:22",
                "data": {
                    "time": 376.06122
                }
            },
            {
                "time": {
                    "start": "2017-10-24T16:31:30.495Z",
                    "end": "2017-10-24T16:33:23.680Z"
                },
                "type": "SCRUB",
                "source": "data:drag",
                "_t": "10:31:30",
                "_end": "10:33:23",
                "data": {
                    "time": 411.152107
                }
            },
            {
                "time": {
                    "start": "2017-10-24T16:31:30.495Z",
                    "end": "2017-10-24T16:33:26.326Z"
                },
                "type": "SCRUB",
                "source": "data:drag",
                "_t": "10:31:30",
                "_end": "10:33:26",
                "data": {
                    "time": 450.722682
                }
            },
            {
                "time": {
                    "start": "2017-10-24T16:31:30.495Z",
                    "end": "2017-10-24T16:33:29.083Z"
                },
                "type": "SCRUB",
                "source": "data:drag",
                "_t": "10:31:30",
                "_end": "10:33:29",
                "data": {
                    "time": 450.722682
                }
            },
            {
                "time": {
                    "start": "2017-10-24T16:31:30.495Z",
                    "end": "2017-10-24T16:33:30.224Z"
                },
                "type": "SCRUB",
                "source": "data:drag",
                "_t": "10:31:30",
                "_end": "10:33:30",
                "data": {
                    "time": 491.686938
                }
            },
            {
                "time": {
                    "start": "2017-10-24T16:31:30.495Z",
                    "end": "2017-10-24T16:33:31.043Z"
                },
                "type": "SCRUB",
                "source": "data:drag",
                "_t": "10:31:30",
                "_end": "10:33:31",
                "data": {
                    "time": 529.863832
                }
            },
            {
                "time": {
                    "start": "2017-10-24T16:31:30.495Z",
                    "end": "2017-10-24T16:33:34.728Z"
                },
                "type": "SCRUB",
                "source": "data:drag",
                "_t": "10:31:30",
                "_end": "10:33:34",
                "data": {
                    "time": 567.294112
                }
            },
            {
                "time": "2017-10-24T16:33:35.283Z",
                "type": "PLAY",
                "source": "video:button",
                "_t": "10:33:35",
                "_end": "-"
            },
            {
                "time": "2017-10-24T16:33:38.964Z",
                "type": "PAUSE",
                "source": "video:button",
                "_t": "10:33:38",
                "_end": "-"
            },
            {
                "time": {
                    "start": "2017-10-24T16:31:30.495Z",
                    "end": "2017-10-24T16:33:41.508Z"
                },
                "type": "SCRUB",
                "source": "data:drag",
                "_t": "10:31:30",
                "_end": "10:33:41",
                "data": {
                    "time": 567.137291
                }
            },
            {
                "time": {
                    "start": "2017-10-24T16:31:30.495Z",
                    "end": "2017-10-24T16:33:43.707Z"
                },
                "type": "SCRUB",
                "source": "data:drag",
                "_t": "10:31:30",
                "_end": "10:33:43",
                "data": {
                    "time": 567.137291
                }
            },
            {
                "time": {
                    "start": "2017-10-24T16:31:30.495Z",
                    "end": "2017-10-24T16:33:46.131Z"
                },
                "type": "SCRUB",
                "source": "data:drag",
                "_t": "10:31:30",
                "_end": "10:33:46",
                "data": {
                    "time": 590.481441
                }
            },
            {
                "time": {
                    "start": "2017-10-24T16:31:30.495Z",
                    "end": "2017-10-24T16:33:48.035Z"
                },
                "type": "SCRUB",
                "source": "data:drag",
                "_t": "10:31:30",
                "_end": "10:33:48",
                "data": {
                    "time": 590.481441
                }
            },
            {
                "time": {
                    "start": "2017-10-24T16:31:30.495Z",
                    "end": "2017-10-24T16:33:49.043Z"
                },
                "type": "SCRUB",
                "source": "data:drag",
                "_t": "10:31:30",
                "_end": "10:33:49",
                "data": {
                    "time": 612.224
                }
            },
            {
                "time": {
                    "start": "2017-10-24T16:31:30.495Z",
                    "end": "2017-10-24T16:33:50.013Z"
                },
                "type": "SCRUB",
                "source": "data:drag",
                "_t": "10:31:30",
                "_end": "10:33:50",
                "data": {
                    "time": 612.224
                }
            }
        ]
    }
}