{
    "user_id": "022",
    "session_id": "59ef83d45efd4d725417b829",
    "study": "studyA",
    "workspace": "pill.pills-blue",
    "details": {
        "workspace": "pill.pills-blue",
        "labels": [
            {
                "time": 30.698757,
                "endTime": 39.70790691869919,
                "type": "pill",
                "id": 1
            },
            {
                "time": 55.419543,
                "endTime": 64.52824153658537,
                "type": "move",
                "id": 2
            },
            {
                "time": 162.238057,
                "endTime": 170.00284919512194,
                "type": "pill",
                "id": 3
            },
            {
                "time": 215.972007,
                "endTime": 222.09424699999997,
                "type": "pill",
                "id": 4
            },
            {
                "time": 239.341781,
                "endTime": 248.50025384552845,
                "type": "move",
                "id": 5
            },
            {
                "time": 451.006139,
                "endTime": 459.915740300813,
                "type": "pill",
                "id": 6
            },
            {
                "time": 567.462464,
                "endTime": 579.756718308943,
                "type": "pill",
                "id": 7
            },
            {
                "time": 590.707085,
                "endTime": 594.8881269512195,
                "type": "move",
                "id": 8
            }
        ],
        "_starts": [
            "2017-10-24T18:37:58.000Z"
        ],
        "_ends": [
            "2017-10-24T18:40:51.136Z"
        ]
    },
    "labels_file": "/home/ubuntu/vat/data/user-studies/studyA/pill-blue/022.labels.json",
    "videoFlash": 4.288888,
    "surveys": {
        "user-info": {
            "firstname": "Brian",
            "lastname": "Robinson",
            "email": "elderbrianrobinson@gmail.com"
        },
        "practice-first": {
            "question1": "2",
            "question2": "ok",
            "question3": "100",
            "question4": "2"
        },
        "practice-second": {},
        "practice-third": {},
        "practice-survey": {},
        "run-blue": {
            "question1": "2",
            "question2": "2",
            "question3": "100",
            "question4": "90"
        },
        "run-yellow": {
            "question1": "1",
            "question2": "1",
            "question3": "90",
            "question4": "90"
        },
        "run-red": {
            "question1": "-1",
            "question2": "1",
            "question3": "60",
            "question4": "70"
        },
        "run-survey": {
            "question1": "2",
            "question2": "1",
            "question3": "2",
            "question4": "2"
        }
    },
    "logs": {
        "labelEvents": [
            {
                "time": "2017-10-24T18:38:38.340Z",
                "type": "START",
                "source": "hotkey",
                "_t": "12:38:38",
                "_end": "-",
                "data": {
                    "type": "pill",
                    "time": 30.698757
                }
            },
            {
                "time": "2017-10-24T18:38:39.645Z",
                "type": "END",
                "source": "data:click:h_pos",
                "_t": "12:38:39",
                "_end": "-",
                "data": {
                    "lbl": {
                        "time": 30.698757,
                        "endTime": 39.70790691869919,
                        "type": "pill",
                        "id": 1
                    }
                }
            },
            {
                "time": "2017-10-24T18:38:49.302Z",
                "type": "START",
                "source": "hotkey",
                "_t": "12:38:49",
                "_end": "-",
                "data": {
                    "type": "move",
                    "time": 55.419543
                }
            },
            {
                "time": "2017-10-24T18:38:50.438Z",
                "type": "END",
                "source": "data:click:h_pos",
                "_t": "12:38:50",
                "_end": "-",
                "data": {
                    "lbl": {
                        "time": 55.419543,
                        "endTime": 64.52824153658537,
                        "type": "move",
                        "id": 2
                    }
                }
            },
            {
                "time": "2017-10-24T18:39:03.380Z",
                "type": "START",
                "source": "hotkey",
                "_t": "12:39:03",
                "_end": "-",
                "data": {
                    "type": "pill",
                    "time": 162.238057
                }
            },
            {
                "time": "2017-10-24T18:39:04.118Z",
                "type": "END",
                "source": "data:click:h_pos",
                "_t": "12:39:04",
                "_end": "-",
                "data": {
                    "lbl": {
                        "time": 162.238057,
                        "endTime": 170.00284919512194,
                        "type": "pill",
                        "id": 3
                    }
                }
            },
            {
                "time": "2017-10-24T18:39:10.562Z",
                "type": "START",
                "source": "hotkey",
                "_t": "12:39:10",
                "_end": "-",
                "data": {
                    "type": "pill",
                    "time": 215.972007
                }
            },
            {
                "time": "2017-10-24T18:39:12.126Z",
                "type": "END",
                "source": "data:click:h_pos",
                "_t": "12:39:12",
                "_end": "-",
                "data": {
                    "lbl": {
                        "time": 215.972007,
                        "endTime": 222.09424699999997,
                        "type": "pill",
                        "id": 4
                    }
                }
            },
            {
                "time": "2017-10-24T18:39:22.902Z",
                "type": "START",
                "source": "hotkey",
                "_t": "12:39:22",
                "_end": "-",
                "data": {
                    "type": "move",
                    "time": 239.341781
                }
            },
            {
                "time": "2017-10-24T18:39:23.550Z",
                "type": "END",
                "source": "data:click:h_pos",
                "_t": "12:39:23",
                "_end": "-",
                "data": {
                    "lbl": {
                        "time": 239.341781,
                        "endTime": 248.50025384552845,
                        "type": "move",
                        "id": 5
                    }
                }
            },
            {
                "time": "2017-10-24T18:39:37.586Z",
                "type": "START",
                "source": "hotkey",
                "_t": "12:39:37",
                "_end": "-",
                "data": {
                    "type": "pill",
                    "time": 451.006139
                }
            },
            {
                "time": "2017-10-24T18:39:40.110Z",
                "type": "END",
                "source": "data:click:h_pos",
                "_t": "12:39:40",
                "_end": "-",
                "data": {
                    "lbl": {
                        "time": 451.006139,
                        "endTime": 459.915740300813,
                        "type": "pill",
                        "id": 6
                    }
                }
            },
            {
                "time": "2017-10-24T18:39:53.061Z",
                "type": "START",
                "source": "hotkey",
                "_t": "12:39:53",
                "_end": "-",
                "data": {
                    "type": "pill",
                    "time": 567.462464
                }
            },
            {
                "time": "2017-10-24T18:39:55.942Z",
                "type": "END",
                "source": "data:click:h_pos",
                "_t": "12:39:55",
                "_end": "-",
                "data": {
                    "lbl": {
                        "time": 567.462464,
                        "endTime": 579.756718308943,
                        "type": "pill",
                        "id": 7
                    }
                }
            },
            {
                "time": "2017-10-24T18:40:03.061Z",
                "type": "START",
                "source": "hotkey",
                "_t": "12:40:03",
                "_end": "-",
                "data": {
                    "type": "move",
                    "time": 590.707085
                }
            },
            {
                "time": "2017-10-24T18:40:05.959Z",
                "type": "END",
                "source": "data:click:h_pos",
                "_t": "12:40:05",
                "_end": "-",
                "data": {
                    "lbl": {
                        "time": 590.707085,
                        "endTime": 594.8881269512195,
                        "type": "move",
                        "id": 8
                    }
                }
            }
        ],
        "navigationEvents": [
            {
                "time": {
                    "start": "2017-10-24T18:37:58.290Z",
                    "end": "2017-10-24T18:38:25.953Z"
                },
                "type": "SCRUB",
                "source": "data:drag",
                "_t": "12:37:58",
                "_end": "12:38:25",
                "data": {
                    "time": 5.341975
                }
            },
            {
                "time": {
                    "start": "2017-10-24T18:37:58.290Z",
                    "end": "2017-10-24T18:38:26.015Z"
                },
                "type": "SCRUB",
                "source": "data:drag",
                "_t": "12:37:58",
                "_end": "12:38:26",
                "data": {
                    "time": 5.341975
                }
            },
            {
                "time": "2017-10-24T18:38:26.016Z",
                "type": "JUMP",
                "source": "data:dblclick:h_pos",
                "_t": "12:38:26",
                "_end": "-",
                "data": {
                    "from": 5.341975,
                    "to": 29.38296621951219
                }
            },
            {
                "time": "2017-10-24T18:38:35.125Z",
                "type": "PAUSE",
                "source": "video:button",
                "_t": "12:38:35",
                "_end": "-"
            },
            {
                "time": {
                    "start": "2017-10-24T18:37:58.290Z",
                    "end": "2017-10-24T18:38:36.906Z"
                },
                "type": "SCRUB",
                "source": "data:drag",
                "_t": "12:37:58",
                "_end": "12:38:36",
                "data": {
                    "time": 37.617386
                }
            },
            {
                "time": {
                    "start": "2017-10-24T18:37:58.290Z",
                    "end": "2017-10-24T18:38:37.050Z"
                },
                "type": "SCRUB",
                "source": "data:drag",
                "_t": "12:37:58",
                "_end": "12:38:37",
                "data": {
                    "time": 37.617386
                }
            },
            {
                "time": "2017-10-24T18:38:37.051Z",
                "type": "JUMP",
                "source": "data:dblclick:h_pos",
                "_t": "12:38:37",
                "_end": "-",
                "data": {
                    "from": 37.617386,
                    "to": 30.69875705691058
                }
            },
            {
                "time": {
                    "start": "2017-10-24T18:37:58.290Z",
                    "end": "2017-10-24T18:38:39.643Z"
                },
                "type": "SCRUB",
                "source": "data:drag",
                "_t": "12:37:58",
                "_end": "12:38:39",
                "data": {
                    "time": 30.698757
                }
            },
            {
                "time": {
                    "start": "2017-10-24T18:37:58.290Z",
                    "end": "2017-10-24T18:38:40.835Z"
                },
                "type": "SCRUB",
                "source": "data:drag",
                "_t": "12:37:58",
                "_end": "12:38:40",
                "data": {
                    "time": 30.698757
                }
            },
            {
                "time": {
                    "start": "2017-10-24T18:37:58.290Z",
                    "end": "2017-10-24T18:38:40.980Z"
                },
                "type": "SCRUB",
                "source": "data:drag",
                "_t": "12:37:58",
                "_end": "12:38:40",
                "data": {
                    "time": 30.698757
                }
            },
            {
                "time": "2017-10-24T18:38:40.984Z",
                "type": "JUMP",
                "source": "data:dblclick:h_pos",
                "_t": "12:38:40",
                "_end": "-",
                "data": {
                    "from": 30.698757,
                    "to": 55.33703992682926
                }
            },
            {
                "time": "2017-10-24T18:38:41.829Z",
                "type": "PLAY",
                "source": "video:button",
                "_t": "12:38:41",
                "_end": "-"
            },
            {
                "time": "2017-10-24T18:38:43.066Z",
                "type": "CHANGE-PLAYBACK-RATE",
                "source": "video:button",
                "_t": "12:38:43",
                "_end": "-",
                "data": {
                    "oldRate": 1,
                    "newRate": 1.5
                }
            },
            {
                "time": "2017-10-24T18:38:44.226Z",
                "type": "CHANGE-PLAYBACK-RATE",
                "source": "video:button",
                "_t": "12:38:44",
                "_end": "-",
                "data": {
                    "oldRate": 1.5,
                    "newRate": 2
                }
            },
            {
                "time": "2017-10-24T18:38:46.501Z",
                "type": "PAUSE",
                "source": "video:button",
                "_t": "12:38:46",
                "_end": "-"
            },
            {
                "time": {
                    "start": "2017-10-24T18:37:58.290Z",
                    "end": "2017-10-24T18:38:47.923Z"
                },
                "type": "SCRUB",
                "source": "data:drag",
                "_t": "12:37:58",
                "_end": "12:38:47",
                "data": {
                    "time": 62.686593
                }
            },
            {
                "time": {
                    "start": "2017-10-24T18:37:58.290Z",
                    "end": "2017-10-24T18:38:48.059Z"
                },
                "type": "SCRUB",
                "source": "data:drag",
                "_t": "12:37:58",
                "_end": "12:38:48",
                "data": {
                    "time": 62.686593
                }
            },
            {
                "time": "2017-10-24T18:38:48.064Z",
                "type": "JUMP",
                "source": "data:dblclick:h_pos",
                "_t": "12:38:48",
                "_end": "-",
                "data": {
                    "from": 62.686593,
                    "to": 55.419543894308944
                }
            },
            {
                "time": {
                    "start": "2017-10-24T18:37:58.290Z",
                    "end": "2017-10-24T18:38:50.436Z"
                },
                "type": "SCRUB",
                "source": "data:drag",
                "_t": "12:37:58",
                "_end": "12:38:50",
                "data": {
                    "time": 55.419543
                }
            },
            {
                "time": {
                    "start": "2017-10-24T18:37:58.290Z",
                    "end": "2017-10-24T18:38:51.571Z"
                },
                "type": "SCRUB",
                "source": "data:drag",
                "_t": "12:37:58",
                "_end": "12:38:51",
                "data": {
                    "time": 55.419543
                }
            },
            {
                "time": {
                    "start": "2017-10-24T18:37:58.290Z",
                    "end": "2017-10-24T18:38:51.699Z"
                },
                "type": "SCRUB",
                "source": "data:drag",
                "_t": "12:37:58",
                "_end": "12:38:51",
                "data": {
                    "time": 55.419543
                }
            },
            {
                "time": "2017-10-24T18:38:51.706Z",
                "type": "JUMP",
                "source": "data:dblclick:h_pos",
                "_t": "12:38:51",
                "_end": "-",
                "data": {
                    "from": 55.419543,
                    "to": 106.63730690243904
                }
            },
            {
                "time": {
                    "start": "2017-10-24T18:37:58.290Z",
                    "end": "2017-10-24T18:38:53.595Z"
                },
                "type": "SCRUB",
                "source": "data:drag",
                "_t": "12:37:58",
                "_end": "12:38:53",
                "data": {
                    "time": 106.637306
                }
            },
            {
                "time": {
                    "start": "2017-10-24T18:37:58.290Z",
                    "end": "2017-10-24T18:38:53.724Z"
                },
                "type": "SCRUB",
                "source": "data:drag",
                "_t": "12:37:58",
                "_end": "12:38:53",
                "data": {
                    "time": 106.637306
                }
            },
            {
                "time": "2017-10-24T18:38:53.729Z",
                "type": "JUMP",
                "source": "data:dblclick:h_pos",
                "_t": "12:38:53",
                "_end": "-",
                "data": {
                    "from": 106.637306,
                    "to": 154.0722224227642
                }
            },
            {
                "time": "2017-10-24T18:38:55.046Z",
                "type": "PLAY",
                "source": "video:button",
                "_t": "12:38:55",
                "_end": "-"
            },
            {
                "time": "2017-10-24T18:39:00.851Z",
                "type": "PAUSE",
                "source": "video:button",
                "_t": "12:39:00",
                "_end": "-"
            },
            {
                "time": {
                    "start": "2017-10-24T18:37:58.290Z",
                    "end": "2017-10-24T18:39:02.131Z"
                },
                "type": "SCRUB",
                "source": "data:drag",
                "_t": "12:37:58",
                "_end": "12:39:02",
                "data": {
                    "time": 165.523162
                }
            },
            {
                "time": {
                    "start": "2017-10-24T18:37:58.290Z",
                    "end": "2017-10-24T18:39:02.267Z"
                },
                "type": "SCRUB",
                "source": "data:drag",
                "_t": "12:37:58",
                "_end": "12:39:02",
                "data": {
                    "time": 165.523162
                }
            },
            {
                "time": "2017-10-24T18:39:02.272Z",
                "type": "JUMP",
                "source": "data:dblclick:h_pos",
                "_t": "12:39:02",
                "_end": "-",
                "data": {
                    "from": 165.523162,
                    "to": 162.2380576097561
                }
            },
            {
                "time": {
                    "start": "2017-10-24T18:37:58.290Z",
                    "end": "2017-10-24T18:39:04.115Z"
                },
                "type": "SCRUB",
                "source": "data:drag",
                "_t": "12:37:58",
                "_end": "12:39:04",
                "data": {
                    "time": 162.238057
                }
            },
            {
                "time": {
                    "start": "2017-10-24T18:37:58.290Z",
                    "end": "2017-10-24T18:39:04.876Z"
                },
                "type": "SCRUB",
                "source": "data:drag",
                "_t": "12:37:58",
                "_end": "12:39:04",
                "data": {
                    "time": 162.238057
                }
            },
            {
                "time": {
                    "start": "2017-10-24T18:37:58.290Z",
                    "end": "2017-10-24T18:39:05.003Z"
                },
                "type": "SCRUB",
                "source": "data:drag",
                "_t": "12:37:58",
                "_end": "12:39:05",
                "data": {
                    "time": 162.238057
                }
            },
            {
                "time": "2017-10-24T18:39:05.008Z",
                "type": "JUMP",
                "source": "data:dblclick:h_pos",
                "_t": "12:39:05",
                "_end": "-",
                "data": {
                    "from": 162.238057,
                    "to": 215.9445363495935
                }
            },
            {
                "time": "2017-10-24T18:39:06.686Z",
                "type": "PLAY",
                "source": "video:button",
                "_t": "12:39:06",
                "_end": "-"
            },
            {
                "time": "2017-10-24T18:39:08.126Z",
                "type": "PAUSE",
                "source": "video:button",
                "_t": "12:39:08",
                "_end": "-"
            },
            {
                "time": {
                    "start": "2017-10-24T18:37:58.290Z",
                    "end": "2017-10-24T18:39:09.522Z"
                },
                "type": "SCRUB",
                "source": "data:drag",
                "_t": "12:37:58",
                "_end": "12:39:09",
                "data": {
                    "time": 218.65982
                }
            },
            {
                "time": {
                    "start": "2017-10-24T18:37:58.290Z",
                    "end": "2017-10-24T18:39:09.644Z"
                },
                "type": "SCRUB",
                "source": "data:drag",
                "_t": "12:37:58",
                "_end": "12:39:09",
                "data": {
                    "time": 218.65982
                }
            },
            {
                "time": "2017-10-24T18:39:09.651Z",
                "type": "JUMP",
                "source": "data:dblclick:h_pos",
                "_t": "12:39:09",
                "_end": "-",
                "data": {
                    "from": 218.65982,
                    "to": 215.97200731707315
                }
            },
            {
                "time": {
                    "start": "2017-10-24T18:37:58.290Z",
                    "end": "2017-10-24T18:39:12.123Z"
                },
                "type": "SCRUB",
                "source": "data:drag",
                "_t": "12:37:58",
                "_end": "12:39:12",
                "data": {
                    "time": 215.972007
                }
            },
            {
                "time": {
                    "start": "2017-10-24T18:37:58.290Z",
                    "end": "2017-10-24T18:39:12.908Z"
                },
                "type": "SCRUB",
                "source": "data:drag",
                "_t": "12:37:58",
                "_end": "12:39:12",
                "data": {
                    "time": 215.972007
                }
            },
            {
                "time": {
                    "start": "2017-10-24T18:37:58.290Z",
                    "end": "2017-10-24T18:39:13.051Z"
                },
                "type": "SCRUB",
                "source": "data:drag",
                "_t": "12:37:58",
                "_end": "12:39:13",
                "data": {
                    "time": 215.972007
                }
            },
            {
                "time": "2017-10-24T18:39:13.056Z",
                "type": "JUMP",
                "source": "data:dblclick:h_pos",
                "_t": "12:39:13",
                "_end": "-",
                "data": {
                    "from": 215.972007,
                    "to": 239.365932203252
                }
            },
            {
                "time": "2017-10-24T18:39:14.788Z",
                "type": "PLAY",
                "source": "video:button",
                "_t": "12:39:14",
                "_end": "-"
            },
            {
                "time": "2017-10-24T18:39:19.706Z",
                "type": "PAUSE",
                "source": "video:button",
                "_t": "12:39:19",
                "_end": "-"
            },
            {
                "time": {
                    "start": "2017-10-24T18:37:58.290Z",
                    "end": "2017-10-24T18:39:21.228Z"
                },
                "type": "SCRUB",
                "source": "data:drag",
                "_t": "12:37:58",
                "_end": "12:39:21",
                "data": {
                    "time": 249.047772
                }
            },
            {
                "time": {
                    "start": "2017-10-24T18:37:58.290Z",
                    "end": "2017-10-24T18:39:21.372Z"
                },
                "type": "SCRUB",
                "source": "data:drag",
                "_t": "12:37:58",
                "_end": "12:39:21",
                "data": {
                    "time": 249.047772
                }
            },
            {
                "time": "2017-10-24T18:39:21.377Z",
                "type": "JUMP",
                "source": "data:dblclick:h_pos",
                "_t": "12:39:21",
                "_end": "-",
                "data": {
                    "from": 249.047772,
                    "to": 239.3417817560976
                }
            },
            {
                "time": {
                    "start": "2017-10-24T18:37:58.290Z",
                    "end": "2017-10-24T18:39:23.548Z"
                },
                "type": "SCRUB",
                "source": "data:drag",
                "_t": "12:37:58",
                "_end": "12:39:23",
                "data": {
                    "time": 239.341781
                }
            },
            {
                "time": {
                    "start": "2017-10-24T18:37:58.290Z",
                    "end": "2017-10-24T18:39:24.324Z"
                },
                "type": "SCRUB",
                "source": "data:drag",
                "_t": "12:37:58",
                "_end": "12:39:24",
                "data": {
                    "time": 239.341781
                }
            },
            {
                "time": {
                    "start": "2017-10-24T18:37:58.290Z",
                    "end": "2017-10-24T18:39:24.460Z"
                },
                "type": "SCRUB",
                "source": "data:drag",
                "_t": "12:37:58",
                "_end": "12:39:24",
                "data": {
                    "time": 239.341781
                }
            },
            {
                "time": "2017-10-24T18:39:24.465Z",
                "type": "JUMP",
                "source": "data:dblclick:h_pos",
                "_t": "12:39:24",
                "_end": "-",
                "data": {
                    "from": 239.341781,
                    "to": 295.48720148780484
                }
            },
            {
                "time": {
                    "start": "2017-10-24T18:37:58.290Z",
                    "end": "2017-10-24T18:39:25.908Z"
                },
                "type": "SCRUB",
                "source": "data:drag",
                "_t": "12:37:58",
                "_end": "12:39:25",
                "data": {
                    "time": 295.487201
                }
            },
            {
                "time": {
                    "start": "2017-10-24T18:37:58.290Z",
                    "end": "2017-10-24T18:39:26.041Z"
                },
                "type": "SCRUB",
                "source": "data:drag",
                "_t": "12:37:58",
                "_end": "12:39:26",
                "data": {
                    "time": 295.487201
                }
            },
            {
                "time": "2017-10-24T18:39:26.047Z",
                "type": "JUMP",
                "source": "data:dblclick:h_pos",
                "_t": "12:39:26",
                "_end": "-",
                "data": {
                    "from": 295.487201,
                    "to": 342.07595417073173
                }
            },
            {
                "time": {
                    "start": "2017-10-24T18:37:58.290Z",
                    "end": "2017-10-24T18:39:27.219Z"
                },
                "type": "SCRUB",
                "source": "data:drag",
                "_t": "12:37:58",
                "_end": "12:39:27",
                "data": {
                    "time": 342.075954
                }
            },
            {
                "time": {
                    "start": "2017-10-24T18:37:58.290Z",
                    "end": "2017-10-24T18:39:27.372Z"
                },
                "type": "SCRUB",
                "source": "data:drag",
                "_t": "12:37:58",
                "_end": "12:39:27",
                "data": {
                    "time": 342.075954
                }
            },
            {
                "time": "2017-10-24T18:39:27.377Z",
                "type": "JUMP",
                "source": "data:dblclick:h_pos",
                "_t": "12:39:27",
                "_end": "-",
                "data": {
                    "from": 342.075954,
                    "to": 387.2710265203252
                }
            },
            {
                "time": {
                    "start": "2017-10-24T18:37:58.290Z",
                    "end": "2017-10-24T18:39:28.628Z"
                },
                "type": "SCRUB",
                "source": "data:drag",
                "_t": "12:37:58",
                "_end": "12:39:28",
                "data": {
                    "time": 387.271026
                }
            },
            {
                "time": {
                    "start": "2017-10-24T18:37:58.290Z",
                    "end": "2017-10-24T18:39:28.764Z"
                },
                "type": "SCRUB",
                "source": "data:drag",
                "_t": "12:37:58",
                "_end": "12:39:28",
                "data": {
                    "time": 387.271026
                }
            },
            {
                "time": "2017-10-24T18:39:28.769Z",
                "type": "JUMP",
                "source": "data:dblclick:h_pos",
                "_t": "12:39:28",
                "_end": "-",
                "data": {
                    "from": 387.271026,
                    "to": 432.31677559349595
                }
            },
            {
                "time": {
                    "start": "2017-10-24T18:37:58.290Z",
                    "end": "2017-10-24T18:39:31.412Z"
                },
                "type": "SCRUB",
                "source": "data:drag",
                "_t": "12:37:58",
                "_end": "12:39:31",
                "data": {
                    "time": 432.316775
                }
            },
            {
                "time": {
                    "start": "2017-10-24T18:37:58.290Z",
                    "end": "2017-10-24T18:39:31.548Z"
                },
                "type": "SCRUB",
                "source": "data:drag",
                "_t": "12:37:58",
                "_end": "12:39:31",
                "data": {
                    "time": 432.316775
                }
            },
            {
                "time": "2017-10-24T18:39:31.555Z",
                "type": "JUMP",
                "source": "data:dblclick:h_pos",
                "_t": "12:39:31",
                "_end": "-",
                "data": {
                    "from": 432.316775,
                    "to": 450.9323665447155
                }
            },
            {
                "time": "2017-10-24T18:39:32.524Z",
                "type": "PLAY",
                "source": "video:button",
                "_t": "12:39:32",
                "_end": "-"
            },
            {
                "time": "2017-10-24T18:39:34.940Z",
                "type": "PAUSE",
                "source": "video:button",
                "_t": "12:39:34",
                "_end": "-"
            },
            {
                "time": {
                    "start": "2017-10-24T18:37:58.290Z",
                    "end": "2017-10-24T18:39:36.324Z"
                },
                "type": "SCRUB",
                "source": "data:drag",
                "_t": "12:37:58",
                "_end": "12:39:36",
                "data": {
                    "time": 455.63515
                }
            },
            {
                "time": {
                    "start": "2017-10-24T18:37:58.290Z",
                    "end": "2017-10-24T18:39:36.468Z"
                },
                "type": "SCRUB",
                "source": "data:drag",
                "_t": "12:37:58",
                "_end": "12:39:36",
                "data": {
                    "time": 455.63515
                }
            },
            {
                "time": "2017-10-24T18:39:36.473Z",
                "type": "JUMP",
                "source": "data:dblclick:h_pos",
                "_t": "12:39:36",
                "_end": "-",
                "data": {
                    "from": 455.63515,
                    "to": 451.0061392682927
                }
            },
            {
                "time": {
                    "start": "2017-10-24T18:37:58.290Z",
                    "end": "2017-10-24T18:39:40.108Z"
                },
                "type": "SCRUB",
                "source": "data:drag",
                "_t": "12:37:58",
                "_end": "12:39:40",
                "data": {
                    "time": 451.006139
                }
            },
            {
                "time": {
                    "start": "2017-10-24T18:37:58.290Z",
                    "end": "2017-10-24T18:39:41.156Z"
                },
                "type": "SCRUB",
                "source": "data:drag",
                "_t": "12:37:58",
                "_end": "12:39:41",
                "data": {
                    "time": 451.006139
                }
            },
            {
                "time": {
                    "start": "2017-10-24T18:37:58.290Z",
                    "end": "2017-10-24T18:39:41.284Z"
                },
                "type": "SCRUB",
                "source": "data:drag",
                "_t": "12:37:58",
                "_end": "12:39:41",
                "data": {
                    "time": 451.006139
                }
            },
            {
                "time": "2017-10-24T18:39:41.291Z",
                "type": "JUMP",
                "source": "data:dblclick:h_pos",
                "_t": "12:39:41",
                "_end": "-",
                "data": {
                    "from": 451.006139,
                    "to": 506.9026879430894
                }
            },
            {
                "time": {
                    "start": "2017-10-24T18:37:58.290Z",
                    "end": "2017-10-24T18:39:42.596Z"
                },
                "type": "SCRUB",
                "source": "data:drag",
                "_t": "12:37:58",
                "_end": "12:39:42",
                "data": {
                    "time": 506.902687
                }
            },
            {
                "time": {
                    "start": "2017-10-24T18:37:58.290Z",
                    "end": "2017-10-24T18:39:42.732Z"
                },
                "type": "SCRUB",
                "source": "data:drag",
                "_t": "12:37:58",
                "_end": "12:39:42",
                "data": {
                    "time": 506.902687
                }
            },
            {
                "time": "2017-10-24T18:39:42.737Z",
                "type": "JUMP",
                "source": "data:dblclick:h_pos",
                "_t": "12:39:42",
                "_end": "-",
                "data": {
                    "from": 506.902687,
                    "to": 559.0163884634146
                }
            },
            {
                "time": {
                    "start": "2017-10-24T18:37:58.290Z",
                    "end": "2017-10-24T18:39:45.292Z"
                },
                "type": "SCRUB",
                "source": "data:drag",
                "_t": "12:37:58",
                "_end": "12:39:45",
                "data": {
                    "time": 559.016388
                }
            },
            {
                "time": {
                    "start": "2017-10-24T18:37:58.290Z",
                    "end": "2017-10-24T18:39:45.428Z"
                },
                "type": "SCRUB",
                "source": "data:drag",
                "_t": "12:37:58",
                "_end": "12:39:45",
                "data": {
                    "time": 559.016388
                }
            },
            {
                "time": "2017-10-24T18:39:45.436Z",
                "type": "JUMP",
                "source": "data:dblclick:h_pos",
                "_t": "12:39:45",
                "_end": "-",
                "data": {
                    "from": 559.016388,
                    "to": 567.4780205203252
                }
            },
            {
                "time": "2017-10-24T18:39:46.356Z",
                "type": "PLAY",
                "source": "video:button",
                "_t": "12:39:46",
                "_end": "-"
            },
            {
                "time": "2017-10-24T18:39:49.795Z",
                "type": "PAUSE",
                "source": "video:button",
                "_t": "12:39:49",
                "_end": "-"
            },
            {
                "time": {
                    "start": "2017-10-24T18:37:58.290Z",
                    "end": "2017-10-24T18:39:51.316Z"
                },
                "type": "SCRUB",
                "source": "data:drag",
                "_t": "12:37:58",
                "_end": "12:39:51",
                "data": {
                    "time": 574.231771
                }
            },
            {
                "time": {
                    "start": "2017-10-24T18:37:58.290Z",
                    "end": "2017-10-24T18:39:51.436Z"
                },
                "type": "SCRUB",
                "source": "data:drag",
                "_t": "12:37:58",
                "_end": "12:39:51",
                "data": {
                    "time": 574.231771
                }
            },
            {
                "time": "2017-10-24T18:39:51.442Z",
                "type": "JUMP",
                "source": "data:dblclick:h_pos",
                "_t": "12:39:51",
                "_end": "-",
                "data": {
                    "from": 574.231771,
                    "to": 567.4624649837399
                }
            },
            {
                "time": {
                    "start": "2017-10-24T18:37:58.290Z",
                    "end": "2017-10-24T18:39:55.940Z"
                },
                "type": "SCRUB",
                "source": "data:drag",
                "_t": "12:37:58",
                "_end": "12:39:55",
                "data": {
                    "time": 567.462464
                }
            },
            {
                "time": {
                    "start": "2017-10-24T18:37:58.290Z",
                    "end": "2017-10-24T18:39:57.252Z"
                },
                "type": "SCRUB",
                "source": "data:drag",
                "_t": "12:37:58",
                "_end": "12:39:57",
                "data": {
                    "time": 567.462464
                }
            },
            {
                "time": {
                    "start": "2017-10-24T18:37:58.290Z",
                    "end": "2017-10-24T18:39:57.396Z"
                },
                "type": "SCRUB",
                "source": "data:drag",
                "_t": "12:37:58",
                "_end": "12:39:57",
                "data": {
                    "time": 567.462464
                }
            },
            {
                "time": "2017-10-24T18:39:57.402Z",
                "type": "JUMP",
                "source": "data:dblclick:h_pos",
                "_t": "12:39:57",
                "_end": "-",
                "data": {
                    "from": 567.462464,
                    "to": 590.6075176585365
                }
            },
            {
                "time": "2017-10-24T18:39:58.555Z",
                "type": "PLAY",
                "source": "video:button",
                "_t": "12:39:58",
                "_end": "-"
            },
            {
                "time": "2017-10-24T18:39:59.804Z",
                "type": "PAUSE",
                "source": "video:button",
                "_t": "12:39:59",
                "_end": "-"
            },
            {
                "time": {
                    "start": "2017-10-24T18:37:58.290Z",
                    "end": "2017-10-24T18:40:01.812Z"
                },
                "type": "SCRUB",
                "source": "data:drag",
                "_t": "12:37:58",
                "_end": "12:40:01",
                "data": {
                    "time": 592.946929
                }
            },
            {
                "time": {
                    "start": "2017-10-24T18:37:58.290Z",
                    "end": "2017-10-24T18:40:01.948Z"
                },
                "type": "SCRUB",
                "source": "data:drag",
                "_t": "12:37:58",
                "_end": "12:40:01",
                "data": {
                    "time": 592.946929
                }
            },
            {
                "time": "2017-10-24T18:40:01.954Z",
                "type": "JUMP",
                "source": "data:dblclick:h_pos",
                "_t": "12:40:01",
                "_end": "-",
                "data": {
                    "from": 592.946929,
                    "to": 590.7070850975609
                }
            },
            {
                "time": {
                    "start": "2017-10-24T18:37:58.290Z",
                    "end": "2017-10-24T18:40:05.956Z"
                },
                "type": "SCRUB",
                "source": "data:drag",
                "_t": "12:37:58",
                "_end": "12:40:05",
                "data": {
                    "time": 590.707085
                }
            },
            {
                "time": "2017-10-24T18:40:06.893Z",
                "type": "PLAY",
                "source": "video:button",
                "_t": "12:40:06",
                "_end": "-"
            },
            {
                "time": "2017-10-24T18:40:12.259Z",
                "type": "PAUSE",
                "source": "video:button",
                "_t": "12:40:12",
                "_end": "-"
            },
            {
                "time": {
                    "start": "2017-10-24T18:37:58.290Z",
                    "end": "2017-10-24T18:40:14.357Z"
                },
                "type": "SCRUB",
                "source": "data:drag",
                "_t": "12:37:58",
                "_end": "12:40:14",
                "data": {
                    "time": 601.235709
                }
            },
            {
                "time": {
                    "start": "2017-10-24T18:37:58.290Z",
                    "end": "2017-10-24T18:40:14.460Z"
                },
                "type": "SCRUB",
                "source": "data:drag",
                "_t": "12:37:58",
                "_end": "12:40:14",
                "data": {
                    "time": 601.235709
                }
            },
            {
                "time": "2017-10-24T18:40:14.467Z",
                "type": "JUMP",
                "source": "data:dblclick:h_pos",
                "_t": "12:40:14",
                "_end": "-",
                "data": {
                    "from": 601.235709,
                    "to": 549.6695249349594
                }
            },
            {
                "time": {
                    "start": "2017-10-24T18:37:58.290Z",
                    "end": "2017-10-24T18:40:17.780Z"
                },
                "type": "SCRUB",
                "source": "data:drag",
                "_t": "12:37:58",
                "_end": "12:40:17",
                "data": {
                    "time": 549.669524
                }
            },
            {
                "time": {
                    "start": "2017-10-24T18:37:58.290Z",
                    "end": "2017-10-24T18:40:17.932Z"
                },
                "type": "SCRUB",
                "source": "data:drag",
                "_t": "12:37:58",
                "_end": "12:40:17",
                "data": {
                    "time": 549.669524
                }
            },
            {
                "time": "2017-10-24T18:40:17.937Z",
                "type": "JUMP",
                "source": "data:dblclick:h_pos",
                "_t": "12:40:17",
                "_end": "-",
                "data": {
                    "from": 549.669524,
                    "to": 516.6193828617886
                }
            },
            {
                "time": {
                    "start": "2017-10-24T18:37:58.290Z",
                    "end": "2017-10-24T18:40:19.245Z"
                },
                "type": "SCRUB",
                "source": "data:drag",
                "_t": "12:37:58",
                "_end": "12:40:19",
                "data": {
                    "time": 516.619382
                }
            },
            {
                "time": {
                    "start": "2017-10-24T18:37:58.290Z",
                    "end": "2017-10-24T18:40:19.388Z"
                },
                "type": "SCRUB",
                "source": "data:drag",
                "_t": "12:37:58",
                "_end": "12:40:19",
                "data": {
                    "time": 516.619382
                }
            },
            {
                "time": "2017-10-24T18:40:19.394Z",
                "type": "JUMP",
                "source": "data:dblclick:h_pos",
                "_t": "12:40:19",
                "_end": "-",
                "data": {
                    "from": 516.619382,
                    "to": 474.70941386991865
                }
            },
            {
                "time": {
                    "start": "2017-10-24T18:37:58.290Z",
                    "end": "2017-10-24T18:40:21.004Z"
                },
                "type": "SCRUB",
                "source": "data:drag",
                "_t": "12:37:58",
                "_end": "12:40:21",
                "data": {
                    "time": 474.709413
                }
            },
            {
                "time": {
                    "start": "2017-10-24T18:37:58.290Z",
                    "end": "2017-10-24T18:40:21.157Z"
                },
                "type": "SCRUB",
                "source": "data:drag",
                "_t": "12:37:58",
                "_end": "12:40:21",
                "data": {
                    "time": 474.709413
                }
            },
            {
                "time": "2017-10-24T18:40:21.163Z",
                "type": "JUMP",
                "source": "data:dblclick:h_pos",
                "_t": "12:40:21",
                "_end": "-",
                "data": {
                    "from": 474.709413,
                    "to": 436.3831951138211
                }
            },
            {
                "time": {
                    "start": "2017-10-24T18:37:58.290Z",
                    "end": "2017-10-24T18:40:23.053Z"
                },
                "type": "SCRUB",
                "source": "data:drag",
                "_t": "12:37:58",
                "_end": "12:40:23",
                "data": {
                    "time": 436.383195
                }
            },
            {
                "time": {
                    "start": "2017-10-24T18:37:58.290Z",
                    "end": "2017-10-24T18:40:23.197Z"
                },
                "type": "SCRUB",
                "source": "data:drag",
                "_t": "12:37:58",
                "_end": "12:40:23",
                "data": {
                    "time": 436.383195
                }
            },
            {
                "time": "2017-10-24T18:40:23.203Z",
                "type": "JUMP",
                "source": "data:dblclick:h_pos",
                "_t": "12:40:23",
                "_end": "-",
                "data": {
                    "from": 436.383195,
                    "to": 396.0660047560976
                }
            },
            {
                "time": {
                    "start": "2017-10-24T18:37:58.290Z",
                    "end": "2017-10-24T18:40:24.637Z"
                },
                "type": "SCRUB",
                "source": "data:drag",
                "_t": "12:37:58",
                "_end": "12:40:24",
                "data": {
                    "time": 396.066004
                }
            },
            {
                "time": {
                    "start": "2017-10-24T18:37:58.290Z",
                    "end": "2017-10-24T18:40:24.781Z"
                },
                "type": "SCRUB",
                "source": "data:drag",
                "_t": "12:37:58",
                "_end": "12:40:24",
                "data": {
                    "time": 396.066004
                }
            },
            {
                "time": "2017-10-24T18:40:24.786Z",
                "type": "JUMP",
                "source": "data:dblclick:h_pos",
                "_t": "12:40:24",
                "_end": "-",
                "data": {
                    "from": 396.066004,
                    "to": 354.852876195122
                }
            },
            {
                "time": {
                    "start": "2017-10-24T18:37:58.290Z",
                    "end": "2017-10-24T18:40:26.333Z"
                },
                "type": "SCRUB",
                "source": "data:drag",
                "_t": "12:37:58",
                "_end": "12:40:26",
                "data": {
                    "time": 354.852876
                }
            },
            {
                "time": {
                    "start": "2017-10-24T18:37:58.290Z",
                    "end": "2017-10-24T18:40:26.469Z"
                },
                "type": "SCRUB",
                "source": "data:drag",
                "_t": "12:37:58",
                "_end": "12:40:26",
                "data": {
                    "time": 354.852876
                }
            },
            {
                "time": "2017-10-24T18:40:26.476Z",
                "type": "JUMP",
                "source": "data:dblclick:h_pos",
                "_t": "12:40:26",
                "_end": "-",
                "data": {
                    "from": 354.852876,
                    "to": 312.4451647804878
                }
            },
            {
                "time": {
                    "start": "2017-10-24T18:37:58.290Z",
                    "end": "2017-10-24T18:40:27.405Z"
                },
                "type": "SCRUB",
                "source": "data:drag",
                "_t": "12:37:58",
                "_end": "12:40:27",
                "data": {
                    "time": 312.445164
                }
            },
            {
                "time": {
                    "start": "2017-10-24T18:37:58.290Z",
                    "end": "2017-10-24T18:40:27.557Z"
                },
                "type": "SCRUB",
                "source": "data:drag",
                "_t": "12:37:58",
                "_end": "12:40:27",
                "data": {
                    "time": 312.445164
                }
            },
            {
                "time": "2017-10-24T18:40:27.562Z",
                "type": "JUMP",
                "source": "data:dblclick:h_pos",
                "_t": "12:40:27",
                "_end": "-",
                "data": {
                    "from": 312.445164,
                    "to": 270.0374527804878
                }
            },
            {
                "time": {
                    "start": "2017-10-24T18:37:58.290Z",
                    "end": "2017-10-24T18:40:29.724Z"
                },
                "type": "SCRUB",
                "source": "data:drag",
                "_t": "12:37:58",
                "_end": "12:40:29",
                "data": {
                    "time": 270.037452
                }
            },
            {
                "time": {
                    "start": "2017-10-24T18:37:58.290Z",
                    "end": "2017-10-24T18:40:29.853Z"
                },
                "type": "SCRUB",
                "source": "data:drag",
                "_t": "12:37:58",
                "_end": "12:40:29",
                "data": {
                    "time": 270.037452
                }
            },
            {
                "time": "2017-10-24T18:40:29.858Z",
                "type": "JUMP",
                "source": "data:dblclick:h_pos",
                "_t": "12:40:29",
                "_end": "-",
                "data": {
                    "from": 270.037452,
                    "to": 228.02793525203248
                }
            },
            {
                "time": {
                    "start": "2017-10-24T18:37:58.290Z",
                    "end": "2017-10-24T18:40:31.532Z"
                },
                "type": "SCRUB",
                "source": "data:drag",
                "_t": "12:37:58",
                "_end": "12:40:31",
                "data": {
                    "time": 228.027935
                }
            },
            {
                "time": {
                    "start": "2017-10-24T18:37:58.290Z",
                    "end": "2017-10-24T18:40:31.677Z"
                },
                "type": "SCRUB",
                "source": "data:drag",
                "_t": "12:37:58",
                "_end": "12:40:31",
                "data": {
                    "time": 228.027935
                }
            },
            {
                "time": "2017-10-24T18:40:31.684Z",
                "type": "JUMP",
                "source": "data:dblclick:h_pos",
                "_t": "12:40:31",
                "_end": "-",
                "data": {
                    "from": 228.027935,
                    "to": 179.49798378048783
                }
            },
            {
                "time": {
                    "start": "2017-10-24T18:37:58.290Z",
                    "end": "2017-10-24T18:40:33.645Z"
                },
                "type": "SCRUB",
                "source": "data:drag",
                "_t": "12:37:58",
                "_end": "12:40:33",
                "data": {
                    "time": 179.497983
                }
            },
            {
                "time": {
                    "start": "2017-10-24T18:37:58.290Z",
                    "end": "2017-10-24T18:40:33.780Z"
                },
                "type": "SCRUB",
                "source": "data:drag",
                "_t": "12:37:58",
                "_end": "12:40:33",
                "data": {
                    "time": 179.497983
                }
            },
            {
                "time": "2017-10-24T18:40:33.786Z",
                "type": "JUMP",
                "source": "data:dblclick:h_pos",
                "_t": "12:40:33",
                "_end": "-",
                "data": {
                    "from": 179.497983,
                    "to": 136.54275438211383
                }
            },
            {
                "time": {
                    "start": "2017-10-24T18:37:58.290Z",
                    "end": "2017-10-24T18:40:35.652Z"
                },
                "type": "SCRUB",
                "source": "data:drag",
                "_t": "12:37:58",
                "_end": "12:40:35",
                "data": {
                    "time": 136.542754
                }
            },
            {
                "time": {
                    "start": "2017-10-24T18:37:58.290Z",
                    "end": "2017-10-24T18:40:35.804Z"
                },
                "type": "SCRUB",
                "source": "data:drag",
                "_t": "12:37:58",
                "_end": "12:40:35",
                "data": {
                    "time": 136.542754
                }
            },
            {
                "time": "2017-10-24T18:40:35.812Z",
                "type": "JUMP",
                "source": "data:dblclick:h_pos",
                "_t": "12:40:35",
                "_end": "-",
                "data": {
                    "from": 136.542754,
                    "to": 92.24361904065043
                }
            },
            {
                "time": {
                    "start": "2017-10-24T18:37:58.290Z",
                    "end": "2017-10-24T18:40:37.261Z"
                },
                "type": "SCRUB",
                "source": "data:drag",
                "_t": "12:37:58",
                "_end": "12:40:37",
                "data": {
                    "time": 92.243619
                }
            },
            {
                "time": {
                    "start": "2017-10-24T18:37:58.290Z",
                    "end": "2017-10-24T18:40:37.413Z"
                },
                "type": "SCRUB",
                "source": "data:drag",
                "_t": "12:37:58",
                "_end": "12:40:37",
                "data": {
                    "time": 92.243619
                }
            },
            {
                "time": "2017-10-24T18:40:37.419Z",
                "type": "JUMP",
                "source": "data:dblclick:h_pos",
                "_t": "12:40:37",
                "_end": "-",
                "data": {
                    "from": 92.243619,
                    "to": 47.74538680487805
                }
            },
            {
                "time": {
                    "start": "2017-10-24T18:37:58.290Z",
                    "end": "2017-10-24T18:40:39.381Z"
                },
                "type": "SCRUB",
                "source": "data:drag",
                "_t": "12:37:58",
                "_end": "12:40:39",
                "data": {
                    "time": 47.745386
                }
            },
            {
                "time": {
                    "start": "2017-10-24T18:37:58.290Z",
                    "end": "2017-10-24T18:40:39.516Z"
                },
                "type": "SCRUB",
                "source": "data:drag",
                "_t": "12:37:58",
                "_end": "12:40:39",
                "data": {
                    "time": 47.745386
                }
            },
            {
                "time": "2017-10-24T18:40:39.521Z",
                "type": "JUMP",
                "source": "data:dblclick:h_pos",
                "_t": "12:40:39",
                "_end": "-",
                "data": {
                    "from": 47.745386,
                    "to": 13.998404536585372
                }
            }
        ]
    }
}