{
    "user_id": "025",
    "session_id": "59ef90a75efd4d725417b86c",
    "study": "studyA",
    "workspace": "pill.pills-blue",
    "details": {
        "workspace": "pill.pills-blue",
        "labels": [
            {
                "time": 30.435329000003662,
                "endTime": 40.191093552846716,
                "type": "pill",
                "id": 1
            },
            {
                "time": 55.031904,
                "endTime": 64.78766855284533,
                "type": "move",
                "id": 2
            },
            {
                "time": 162.208411,
                "endTime": 170.0727518130117,
                "type": "pill",
                "id": 3
            },
            {
                "time": 215.9148872357396,
                "endTime": 222.13667585363163,
                "type": "pill",
                "id": 4
            },
            {
                "time": 239.16882100001084,
                "endTime": 248.4766167723639,
                "type": "move",
                "id": 5
            },
            {
                "time": 450.80918,
                "endTime": 460.017427154467,
                "type": "pill",
                "id": 6
            },
            {
                "time": 567.3806082357244,
                "endTime": 579.8241854715623,
                "type": "pill",
                "id": 7
            },
            {
                "time": 590.585473,
                "endTime": 594.965612186998,
                "type": "move",
                "id": 8
            }
        ],
        "_starts": [
            "2017-10-24T19:31:45.000Z"
        ],
        "_ends": [
            "2017-10-24T19:35:07.073Z"
        ]
    },
    "labels_file": "/home/ubuntu/vat/data/user-studies/studyA/pill-blue/025.labels.json",
    "videoFlash": 4.288888,
    "surveys": {
        "user-info": {
            "firstname": "Sterling",
            "lastname": "Suggs",
            "email": "jsmitherson2@gmail.com"
        },
        "practice-first": {
            "question1": "1",
            "question2": "ok",
            "question3": "70",
            "question4": "1"
        },
        "practice-second": {},
        "practice-third": {},
        "practice-survey": {},
        "run-blue": {
            "question1": "2",
            "question2": "2",
            "question3": "100",
            "question4": "100"
        },
        "run-yellow": {
            "question1": "2",
            "question2": "2",
            "question3": "100",
            "question4": "100"
        },
        "run-red": {
            "question1": "-1",
            "question2": "1",
            "question3": "50",
            "question4": "90"
        },
        "run-survey": {
            "question1": "2",
            "question2": "-1",
            "question3": "1",
            "question4": "1"
        }
    },
    "logs": {
        "labelEvents": [
            {
                "time": "2017-10-24T19:32:28.086Z",
                "type": "START",
                "source": "hotkey",
                "_t": "13:32:28",
                "_end": "-",
                "data": {
                    "type": "pill",
                    "time": 30.435329
                }
            },
            {
                "time": "2017-10-24T19:32:29.822Z",
                "type": "END",
                "source": "data:click:h_pos",
                "_t": "13:32:29",
                "_end": "-",
                "data": {
                    "lbl": {
                        "time": 30.435329000003662,
                        "endTime": 40.191093552846716,
                        "type": "pill",
                        "id": 1
                    }
                }
            },
            {
                "time": "2017-10-24T19:32:39.269Z",
                "type": "START",
                "source": "hotkey",
                "_t": "13:32:39",
                "_end": "-",
                "data": {
                    "type": "move",
                    "time": 55.031904
                }
            },
            {
                "time": "2017-10-24T19:32:41.063Z",
                "type": "END",
                "source": "data:click:h_pos",
                "_t": "13:32:41",
                "_end": "-",
                "data": {
                    "lbl": {
                        "time": 55.031904,
                        "endTime": 64.78766855284533,
                        "type": "move",
                        "id": 2
                    }
                }
            },
            {
                "time": "2017-10-24T19:32:56.038Z",
                "type": "START",
                "source": "hotkey",
                "_t": "13:32:56",
                "_end": "-",
                "data": {
                    "type": "pill",
                    "time": 162.208411
                }
            },
            {
                "time": "2017-10-24T19:32:57.679Z",
                "type": "END",
                "source": "data:click:h_pos",
                "_t": "13:32:57",
                "_end": "-",
                "data": {
                    "lbl": {
                        "time": 162.208411,
                        "endTime": 170.0727518130117,
                        "type": "pill",
                        "id": 3
                    }
                }
            },
            {
                "time": "2017-10-24T19:33:06.106Z",
                "type": "START",
                "source": "hotkey",
                "_t": "13:33:06",
                "_end": "-",
                "data": {
                    "type": "move",
                    "time": 215.71579
                }
            },
            {
                "time": "2017-10-24T19:33:09.016Z",
                "type": "END",
                "source": "data:click:h_pos",
                "_t": "13:33:09",
                "_end": "-",
                "data": {
                    "lbl": {
                        "time": 215.9148872357396,
                        "endTime": 222.13667585363163,
                        "type": "pill",
                        "id": 4
                    }
                }
            },
            {
                "time": "2017-10-24T19:33:12.488Z",
                "type": "SELECT",
                "source": "data:click",
                "_t": "13:33:12",
                "_end": "-",
                "data": {
                    "time": 215.9148872357396,
                    "endTime": 222.13667585363163,
                    "type": "pill",
                    "id": 4
                }
            },
            {
                "time": "2017-10-24T19:33:14.348Z",
                "type": "CHANGE-EVENT-TYPE",
                "source": "side-bar:menu",
                "_t": "13:33:14",
                "_end": "-",
                "data": {
                    "time": 215.71579,
                    "endTime": 222.1366758536584,
                    "type": "move",
                    "id": 4
                }
            },
            {
                "time": "2017-10-24T19:33:15.928Z",
                "type": "DESELECT",
                "source": "data:click",
                "_t": "13:33:15",
                "_end": "-",
                "data": {
                    "time": 215.71579,
                    "endTime": 222.1366758536584,
                    "type": "pill",
                    "id": 4
                }
            },
            {
                "time": "2017-10-24T19:33:24.791Z",
                "type": "START",
                "source": "hotkey",
                "_t": "13:33:24",
                "_end": "-",
                "data": {
                    "type": "move",
                    "time": 239.168821
                }
            },
            {
                "time": "2017-10-24T19:33:27.240Z",
                "type": "END",
                "source": "data:click:h_pos",
                "_t": "13:33:27",
                "_end": "-",
                "data": {
                    "lbl": {
                        "time": 239.16882100001084,
                        "endTime": 248.4766167723639,
                        "type": "move",
                        "id": 5
                    }
                }
            },
            {
                "time": "2017-10-24T19:33:42.359Z",
                "type": "START",
                "source": "hotkey",
                "_t": "13:33:42",
                "_end": "-",
                "data": {
                    "type": "pill",
                    "time": 450.80918
                }
            },
            {
                "time": "2017-10-24T19:33:44.704Z",
                "type": "END",
                "source": "data:click:h_pos",
                "_t": "13:33:44",
                "_end": "-",
                "data": {
                    "lbl": {
                        "time": 450.80918,
                        "endTime": 460.017427154467,
                        "type": "pill",
                        "id": 6
                    }
                }
            },
            {
                "time": "2017-10-24T19:33:54.342Z",
                "type": "START",
                "source": "hotkey",
                "_t": "13:33:54",
                "_end": "-",
                "data": {
                    "type": "pill",
                    "time": 567.181511
                }
            },
            {
                "time": "2017-10-24T19:33:57.368Z",
                "type": "END",
                "source": "data:click:h_pos",
                "_t": "13:33:57",
                "_end": "-",
                "data": {
                    "lbl": {
                        "time": 567.3806082357244,
                        "endTime": 579.8241854715623,
                        "type": "pill",
                        "id": 7
                    }
                }
            },
            {
                "time": "2017-10-24T19:34:14.296Z",
                "type": "START",
                "source": "hotkey",
                "_t": "13:34:14",
                "_end": "-",
                "data": {
                    "type": "move",
                    "time": 590.585473
                }
            },
            {
                "time": "2017-10-24T19:34:16.888Z",
                "type": "END",
                "source": "data:click:h_pos",
                "_t": "13:34:16",
                "_end": "-",
                "data": {
                    "lbl": {
                        "time": 590.585473,
                        "endTime": 594.965612186998,
                        "type": "move",
                        "id": 8
                    }
                }
            },
            {
                "time": "2017-10-24T19:34:19.520Z",
                "type": "SELECT",
                "source": "data:click",
                "_t": "13:34:19",
                "_end": "-",
                "data": {
                    "time": 567.3806082357244,
                    "endTime": 579.8241854715623,
                    "type": "pill",
                    "id": 7
                }
            },
            {
                "time": {
                    "start": "2017-10-24T19:34:21.551Z",
                    "end": "2017-10-24T19:34:23.766Z"
                },
                "type": "RESIZE",
                "source": "data:brush",
                "_t": "13:34:21",
                "_end": "13:34:23",
                "data": {
                    "brushing": true,
                    "origin": [
                        567.181511,
                        579.8241854715625
                    ],
                    "_brushside": 0,
                    "start": "2017-10-24T19:34:21.551Z",
                    "ε": 0.1,
                    "mode": "resize"
                }
            },
            {
                "time": "2017-10-24T19:34:43.289Z",
                "type": "DESELECT",
                "source": "data:click",
                "_t": "13:34:43",
                "_end": "-",
                "data": {
                    "time": 567.3806082357244,
                    "endTime": 579.8241854715623,
                    "type": "pill",
                    "id": 7
                }
            },
            {
                "time": "2017-10-24T19:34:45.481Z",
                "type": "SELECT",
                "source": "data:click",
                "_t": "13:34:45",
                "_end": "-",
                "data": {
                    "time": 239.16882100001084,
                    "endTime": 248.4766167723639,
                    "type": "move",
                    "id": 5
                }
            },
            {
                "time": {
                    "start": "2017-10-24T19:34:46.095Z",
                    "end": "2017-10-24T19:34:46.959Z"
                },
                "type": "RESIZE",
                "source": "data:brush",
                "_t": "13:34:46",
                "_end": "13:34:46",
                "data": {
                    "brushing": true,
                    "origin": [
                        239.168821,
                        248.67571400813438
                    ],
                    "_brushside": 1,
                    "start": "2017-10-24T19:34:46.095Z",
                    "ε": 0.1,
                    "mode": "resize"
                }
            },
            {
                "time": "2017-10-24T19:34:48.609Z",
                "type": "DESELECT",
                "source": "data:click",
                "_t": "13:34:48",
                "_end": "-",
                "data": {
                    "time": 239.16882100001084,
                    "endTime": 248.4766167723639,
                    "type": "move",
                    "id": 5
                }
            },
            {
                "time": "2017-10-24T19:34:51.337Z",
                "type": "SELECT",
                "source": "data:click",
                "_t": "13:34:51",
                "_end": "-",
                "data": {
                    "time": 215.9148872357396,
                    "endTime": 222.13667585363163,
                    "type": "pill",
                    "id": 4
                }
            },
            {
                "time": {
                    "start": "2017-10-24T19:34:51.951Z",
                    "end": "2017-10-24T19:34:52.735Z"
                },
                "type": "RESIZE",
                "source": "data:brush",
                "_t": "13:34:51",
                "_end": "13:34:52",
                "data": {
                    "brushing": true,
                    "origin": [
                        215.71579,
                        222.1366758536584
                    ],
                    "_brushside": 0,
                    "start": "2017-10-24T19:34:51.951Z",
                    "ε": 0.1,
                    "mode": "resize"
                }
            },
            {
                "time": "2017-10-24T19:35:01.245Z",
                "type": "DESELECT",
                "source": "data:click",
                "_t": "13:35:01",
                "_end": "-",
                "data": {
                    "time": 215.9148872357396,
                    "endTime": 222.13667585363163,
                    "type": "pill",
                    "id": 4
                }
            },
            {
                "time": "2017-10-24T19:35:02.601Z",
                "type": "SELECT",
                "source": "data:click",
                "_t": "13:35:02",
                "_end": "-",
                "data": {
                    "time": 30.435329000003662,
                    "endTime": 40.191093552846716,
                    "type": "pill",
                    "id": 1
                }
            },
            {
                "time": {
                    "start": "2017-10-24T19:35:03.575Z",
                    "end": "2017-10-24T19:35:04.360Z"
                },
                "type": "RESIZE",
                "source": "data:brush",
                "_t": "13:35:03",
                "_end": "13:35:04",
                "data": {
                    "brushing": true,
                    "origin": [
                        30.435329,
                        39.99199631707183
                    ],
                    "_brushside": 1,
                    "start": "2017-10-24T19:35:03.575Z",
                    "ε": 0.1,
                    "mode": "resize"
                }
            }
        ],
        "navigationEvents": [
            {
                "time": {
                    "start": "2017-10-24T19:31:45.364Z",
                    "end": "2017-10-24T19:32:14.381Z"
                },
                "type": "SCRUB",
                "source": "data:drag",
                "_t": "13:31:45",
                "_end": "13:32:14",
                "data": {
                    "time": 27.823628
                }
            },
            {
                "time": {
                    "start": "2017-10-24T19:31:45.364Z",
                    "end": "2017-10-24T19:32:23.157Z"
                },
                "type": "SCRUB",
                "source": "data:drag",
                "_t": "13:31:45",
                "_end": "13:32:23",
                "data": {
                    "time": 29.680105
                }
            },
            {
                "time": "2017-10-24T19:32:23.717Z",
                "type": "PAUSE",
                "source": "hotkey",
                "_t": "13:32:23",
                "_end": "-",
                "data": {
                    "key": "space"
                }
            },
            {
                "time": {
                    "start": "2017-10-24T19:31:45.364Z",
                    "end": "2017-10-24T19:32:26.868Z"
                },
                "type": "SCRUB",
                "source": "data:drag",
                "_t": "13:31:45",
                "_end": "13:32:26",
                "data": {
                    "time": 30.435329
                }
            },
            {
                "time": {
                    "start": "2017-10-24T19:31:45.364Z",
                    "end": "2017-10-24T19:32:29.821Z"
                },
                "type": "SCRUB",
                "source": "data:drag",
                "_t": "13:31:45",
                "_end": "13:32:29",
                "data": {
                    "time": 30.435329
                }
            },
            {
                "time": {
                    "start": "2017-10-24T19:31:45.364Z",
                    "end": "2017-10-24T19:32:31.870Z"
                },
                "type": "SCRUB",
                "source": "data:drag",
                "_t": "13:31:45",
                "_end": "13:32:31",
                "data": {
                    "time": 55.17316
                }
            },
            {
                "time": "2017-10-24T19:32:31.988Z",
                "type": "PLAY",
                "source": "hotkey",
                "_t": "13:32:31",
                "_end": "-",
                "data": {
                    "key": "space"
                }
            },
            {
                "time": "2017-10-24T19:32:35.573Z",
                "type": "PAUSE",
                "source": "hotkey",
                "_t": "13:32:35",
                "_end": "-",
                "data": {
                    "key": "space"
                }
            },
            {
                "time": {
                    "start": "2017-10-24T19:31:45.364Z",
                    "end": "2017-10-24T19:32:37.840Z"
                },
                "type": "SCRUB",
                "source": "data:drag",
                "_t": "13:31:45",
                "_end": "13:32:37",
                "data": {
                    "time": 55.031904
                }
            },
            {
                "time": {
                    "start": "2017-10-24T19:31:45.364Z",
                    "end": "2017-10-24T19:32:41.061Z"
                },
                "type": "SCRUB",
                "source": "data:drag",
                "_t": "13:31:45",
                "_end": "13:32:41",
                "data": {
                    "time": 55.031904
                }
            },
            {
                "time": {
                    "start": "2017-10-24T19:31:45.364Z",
                    "end": "2017-10-24T19:32:44.253Z"
                },
                "type": "SCRUB",
                "source": "data:drag",
                "_t": "13:31:45",
                "_end": "13:32:44",
                "data": {
                    "time": 62.697147
                }
            },
            {
                "time": "2017-10-24T19:32:44.445Z",
                "type": "PLAY",
                "source": "hotkey",
                "_t": "13:32:44",
                "_end": "-",
                "data": {
                    "key": "space"
                }
            },
            {
                "time": "2017-10-24T19:32:47.366Z",
                "type": "PAUSE",
                "source": "hotkey",
                "_t": "13:32:47",
                "_end": "-",
                "data": {
                    "key": "space"
                }
            },
            {
                "time": {
                    "start": "2017-10-24T19:31:45.364Z",
                    "end": "2017-10-24T19:32:51.351Z"
                },
                "type": "SCRUB",
                "source": "data:drag",
                "_t": "13:31:45",
                "_end": "13:32:51",
                "data": {
                    "time": 165.941485
                }
            },
            {
                "time": {
                    "start": "2017-10-24T19:31:45.364Z",
                    "end": "2017-10-24T19:32:54.540Z"
                },
                "type": "SCRUB",
                "source": "data:drag",
                "_t": "13:31:45",
                "_end": "13:32:54",
                "data": {
                    "time": 162.208411
                }
            },
            {
                "time": {
                    "start": "2017-10-24T19:31:45.364Z",
                    "end": "2017-10-24T19:32:57.677Z"
                },
                "type": "SCRUB",
                "source": "data:drag",
                "_t": "13:31:45",
                "_end": "13:32:57",
                "data": {
                    "time": 162.208411
                }
            },
            {
                "time": {
                    "start": "2017-10-24T19:31:45.364Z",
                    "end": "2017-10-24T19:33:01.062Z"
                },
                "type": "SCRUB",
                "source": "data:drag",
                "_t": "13:31:45",
                "_end": "13:33:01",
                "data": {
                    "time": 215.317598
                }
            },
            {
                "time": {
                    "start": "2017-10-24T19:31:45.364Z",
                    "end": "2017-10-24T19:33:02.514Z"
                },
                "type": "SCRUB",
                "source": "data:drag",
                "_t": "13:31:45",
                "_end": "13:33:02",
                "data": {
                    "time": 216.561955
                }
            },
            {
                "time": {
                    "start": "2017-10-24T19:31:45.364Z",
                    "end": "2017-10-24T19:33:03.399Z"
                },
                "type": "SCRUB",
                "source": "data:drag",
                "_t": "13:31:45",
                "_end": "13:33:03",
                "data": {
                    "time": 217.507666
                }
            },
            {
                "time": {
                    "start": "2017-10-24T19:31:45.364Z",
                    "end": "2017-10-24T19:33:04.822Z"
                },
                "type": "SCRUB",
                "source": "data:drag",
                "_t": "13:31:45",
                "_end": "13:33:04",
                "data": {
                    "time": 215.71579
                }
            },
            {
                "time": {
                    "start": "2017-10-24T19:31:45.364Z",
                    "end": "2017-10-24T19:33:09.014Z"
                },
                "type": "SCRUB",
                "source": "data:drag",
                "_t": "13:31:45",
                "_end": "13:33:09",
                "data": {
                    "time": 215.71579
                }
            },
            {
                "time": {
                    "start": "2017-10-24T19:31:45.364Z",
                    "end": "2017-10-24T19:33:10.948Z"
                },
                "type": "SCRUB",
                "source": "data:drag",
                "_t": "13:31:45",
                "_end": "13:33:10",
                "data": {
                    "time": 217.308567
                }
            },
            {
                "time": {
                    "start": "2017-10-24T19:31:45.364Z",
                    "end": "2017-10-24T19:33:12.486Z"
                },
                "type": "SCRUB",
                "source": "data:drag",
                "_t": "13:31:45",
                "_end": "13:33:12",
                "data": {
                    "time": 217.308567
                }
            },
            {
                "time": {
                    "start": "2017-10-24T19:31:45.364Z",
                    "end": "2017-10-24T19:33:15.927Z"
                },
                "type": "SCRUB",
                "source": "data:drag",
                "_t": "13:31:45",
                "_end": "13:33:15",
                "data": {
                    "time": 217.308567
                }
            },
            {
                "time": {
                    "start": "2017-10-24T19:31:45.364Z",
                    "end": "2017-10-24T19:33:17.492Z"
                },
                "type": "SCRUB",
                "source": "data:drag",
                "_t": "13:31:45",
                "_end": "13:33:17",
                "data": {
                    "time": 239.159488
                }
            },
            {
                "time": "2017-10-24T19:33:17.916Z",
                "type": "PLAY",
                "source": "hotkey",
                "_t": "13:33:17",
                "_end": "-",
                "data": {
                    "key": "space"
                }
            },
            {
                "time": "2017-10-24T19:33:20.614Z",
                "type": "PAUSE",
                "source": "hotkey",
                "_t": "13:33:20",
                "_end": "-",
                "data": {
                    "key": "space"
                }
            },
            {
                "time": {
                    "start": "2017-10-24T19:31:45.364Z",
                    "end": "2017-10-24T19:33:22.966Z"
                },
                "type": "SCRUB",
                "source": "data:drag",
                "_t": "13:31:45",
                "_end": "13:33:22",
                "data": {
                    "time": 239.168821
                }
            },
            {
                "time": {
                    "start": "2017-10-24T19:31:45.364Z",
                    "end": "2017-10-24T19:33:27.238Z"
                },
                "type": "SCRUB",
                "source": "data:drag",
                "_t": "13:31:45",
                "_end": "13:33:27",
                "data": {
                    "time": 239.168821
                }
            },
            {
                "time": {
                    "start": "2017-10-24T19:31:45.364Z",
                    "end": "2017-10-24T19:33:30.544Z"
                },
                "type": "SCRUB",
                "source": "data:drag",
                "_t": "13:31:45",
                "_end": "13:33:30",
                "data": {
                    "time": 325.776118
                }
            },
            {
                "time": {
                    "start": "2017-10-24T19:31:45.364Z",
                    "end": "2017-10-24T19:33:32.186Z"
                },
                "type": "SCRUB",
                "source": "data:drag",
                "_t": "13:31:45",
                "_end": "13:33:32",
                "data": {
                    "time": 414.075742
                }
            },
            {
                "time": {
                    "start": "2017-10-24T19:31:45.364Z",
                    "end": "2017-10-24T19:33:36.253Z"
                },
                "type": "SCRUB",
                "source": "data:drag",
                "_t": "13:31:45",
                "_end": "13:33:36",
                "data": {
                    "time": 450.809181
                }
            },
            {
                "time": {
                    "start": "2017-10-24T19:31:45.364Z",
                    "end": "2017-10-24T19:33:37.429Z"
                },
                "type": "SCRUB",
                "source": "data:drag",
                "_t": "13:31:45",
                "_end": "13:33:37",
                "data": {
                    "time": 452.99925
                }
            },
            {
                "time": {
                    "start": "2017-10-24T19:31:45.364Z",
                    "end": "2017-10-24T19:33:40.196Z"
                },
                "type": "SCRUB",
                "source": "data:drag",
                "_t": "13:31:45",
                "_end": "13:33:40",
                "data": {
                    "time": 450.610083
                }
            },
            {
                "time": {
                    "start": "2017-10-24T19:31:45.364Z",
                    "end": "2017-10-24T19:33:42.108Z"
                },
                "type": "SCRUB",
                "source": "data:drag",
                "_t": "13:31:45",
                "_end": "13:33:42",
                "data": {
                    "time": 450.80918
                }
            },
            {
                "time": {
                    "start": "2017-10-24T19:31:45.364Z",
                    "end": "2017-10-24T19:33:44.702Z"
                },
                "type": "SCRUB",
                "source": "data:drag",
                "_t": "13:31:45",
                "_end": "13:33:44",
                "data": {
                    "time": 450.80918
                }
            },
            {
                "time": {
                    "start": "2017-10-24T19:31:45.364Z",
                    "end": "2017-10-24T19:33:45.936Z"
                },
                "type": "SCRUB",
                "source": "data:drag",
                "_t": "13:31:45",
                "_end": "13:33:45",
                "data": {
                    "time": 519.099531
                }
            },
            {
                "time": {
                    "start": "2017-10-24T19:31:45.364Z",
                    "end": "2017-10-24T19:33:48.194Z"
                },
                "type": "SCRUB",
                "source": "data:drag",
                "_t": "13:31:45",
                "_end": "13:33:48",
                "data": {
                    "time": 572.158943
                }
            },
            {
                "time": {
                    "start": "2017-10-24T19:31:45.364Z",
                    "end": "2017-10-24T19:33:49.783Z"
                },
                "type": "SCRUB",
                "source": "data:drag",
                "_t": "13:31:45",
                "_end": "13:33:49",
                "data": {
                    "time": 571.213231
                }
            },
            {
                "time": {
                    "start": "2017-10-24T19:31:45.364Z",
                    "end": "2017-10-24T19:33:52.956Z"
                },
                "type": "SCRUB",
                "source": "data:drag",
                "_t": "13:31:45",
                "_end": "13:33:52",
                "data": {
                    "time": 566.982414
                }
            },
            {
                "time": {
                    "start": "2017-10-24T19:31:45.364Z",
                    "end": "2017-10-24T19:33:54.060Z"
                },
                "type": "SCRUB",
                "source": "data:drag",
                "_t": "13:31:45",
                "_end": "13:33:54",
                "data": {
                    "time": 567.181511
                }
            },
            {
                "time": {
                    "start": "2017-10-24T19:31:45.364Z",
                    "end": "2017-10-24T19:33:57.366Z"
                },
                "type": "SCRUB",
                "source": "data:drag",
                "_t": "13:31:45",
                "_end": "13:33:57",
                "data": {
                    "time": 567.181511
                }
            },
            {
                "time": {
                    "start": "2017-10-24T19:31:45.364Z",
                    "end": "2017-10-24T19:33:58.918Z"
                },
                "type": "SCRUB",
                "source": "data:drag",
                "_t": "13:31:45",
                "_end": "13:33:58",
                "data": {
                    "time": 590.525661
                }
            },
            {
                "time": {
                    "start": "2017-10-24T19:31:45.364Z",
                    "end": "2017-10-24T19:33:59.895Z"
                },
                "type": "SCRUB",
                "source": "data:drag",
                "_t": "13:31:45",
                "_end": "13:33:59",
                "data": {
                    "time": 591.570921
                }
            },
            {
                "time": {
                    "start": "2017-10-24T19:31:45.364Z",
                    "end": "2017-10-24T19:34:01.028Z"
                },
                "type": "SCRUB",
                "source": "data:drag",
                "_t": "13:31:45",
                "_end": "13:34:01",
                "data": {
                    "time": 592.417084
                }
            },
            {
                "time": {
                    "start": "2017-10-24T19:31:45.364Z",
                    "end": "2017-10-24T19:34:02.589Z"
                },
                "type": "SCRUB",
                "source": "data:drag",
                "_t": "13:31:45",
                "_end": "13:34:02",
                "data": {
                    "time": 587.788073
                }
            },
            {
                "time": "2017-10-24T19:34:03.802Z",
                "type": "PLAY",
                "source": "hotkey",
                "_t": "13:34:03",
                "_end": "-",
                "data": {
                    "key": "space"
                }
            },
            {
                "time": "2017-10-24T19:34:08.038Z",
                "type": "PAUSE",
                "source": "hotkey",
                "_t": "13:34:08",
                "_end": "-",
                "data": {
                    "key": "space"
                }
            },
            {
                "time": {
                    "start": "2017-10-24T19:31:45.364Z",
                    "end": "2017-10-24T19:34:11.742Z"
                },
                "type": "SCRUB",
                "source": "data:drag",
                "_t": "13:31:45",
                "_end": "13:34:11",
                "data": {
                    "time": 590.585473
                }
            },
            {
                "time": {
                    "start": "2017-10-24T19:31:45.364Z",
                    "end": "2017-10-24T19:34:16.886Z"
                },
                "type": "SCRUB",
                "source": "data:drag",
                "_t": "13:31:45",
                "_end": "13:34:16",
                "data": {
                    "time": 590.585473
                }
            },
            {
                "time": {
                    "start": "2017-10-24T19:31:45.364Z",
                    "end": "2017-10-24T19:34:18.776Z"
                },
                "type": "SCRUB",
                "source": "data:drag",
                "_t": "13:31:45",
                "_end": "13:34:18",
                "data": {
                    "time": 579.883996
                }
            },
            {
                "time": {
                    "start": "2017-10-24T19:31:45.364Z",
                    "end": "2017-10-24T19:34:19.517Z"
                },
                "type": "SCRUB",
                "source": "data:drag",
                "_t": "13:31:45",
                "_end": "13:34:19",
                "data": {
                    "time": 579.883996
                }
            },
            {
                "time": {
                    "start": "2017-10-24T19:31:45.364Z",
                    "end": "2017-10-24T19:34:23.783Z"
                },
                "type": "SCRUB",
                "source": "data:drag",
                "_t": "13:31:45",
                "_end": "13:34:23",
                "data": {
                    "time": 579.883996
                }
            },
            {
                "time": {
                    "start": "2017-10-24T19:31:45.364Z",
                    "end": "2017-10-24T19:34:27.956Z"
                },
                "type": "SCRUB",
                "source": "data:drag",
                "_t": "13:31:45",
                "_end": "13:34:27",
                "data": {
                    "time": 486.557166
                }
            },
            {
                "time": {
                    "start": "2017-10-24T19:31:45.364Z",
                    "end": "2017-10-24T19:34:29.229Z"
                },
                "type": "SCRUB",
                "source": "data:drag",
                "_t": "13:31:45",
                "_end": "13:34:29",
                "data": {
                    "time": 466.846539
                }
            },
            {
                "time": {
                    "start": "2017-10-24T19:31:45.364Z",
                    "end": "2017-10-24T19:34:33.132Z"
                },
                "type": "SCRUB",
                "source": "data:drag",
                "_t": "13:31:45",
                "_end": "13:34:33",
                "data": {
                    "time": 374.415647
                }
            },
            {
                "time": {
                    "start": "2017-10-24T19:31:45.364Z",
                    "end": "2017-10-24T19:34:35.158Z"
                },
                "type": "SCRUB",
                "source": "data:drag",
                "_t": "13:31:45",
                "_end": "13:34:35",
                "data": {
                    "time": 292.586683
                }
            },
            {
                "time": {
                    "start": "2017-10-24T19:31:45.364Z",
                    "end": "2017-10-24T19:34:36.557Z"
                },
                "type": "SCRUB",
                "source": "data:drag",
                "_t": "13:31:45",
                "_end": "13:34:36",
                "data": {
                    "time": 277.405518
                }
            },
            {
                "time": {
                    "start": "2017-10-24T19:31:45.364Z",
                    "end": "2017-10-24T19:34:38.005Z"
                },
                "type": "SCRUB",
                "source": "data:drag",
                "_t": "13:31:45",
                "_end": "13:34:38",
                "data": {
                    "time": 269.590951
                }
            },
            {
                "time": {
                    "start": "2017-10-24T19:31:45.364Z",
                    "end": "2017-10-24T19:34:42.150Z"
                },
                "type": "SCRUB",
                "source": "data:drag",
                "_t": "13:31:45",
                "_end": "13:34:42",
                "data": {
                    "time": 250.577164
                }
            },
            {
                "time": {
                    "start": "2017-10-24T19:31:45.364Z",
                    "end": "2017-10-24T19:34:43.288Z"
                },
                "type": "SCRUB",
                "source": "data:drag",
                "_t": "13:31:45",
                "_end": "13:34:43",
                "data": {
                    "time": 250.577164
                }
            },
            {
                "time": {
                    "start": "2017-10-24T19:31:45.364Z",
                    "end": "2017-10-24T19:34:45.478Z"
                },
                "type": "SCRUB",
                "source": "data:drag",
                "_t": "13:31:45",
                "_end": "13:34:45",
                "data": {
                    "time": 250.577164
                }
            },
            {
                "time": {
                    "start": "2017-10-24T19:31:45.364Z",
                    "end": "2017-10-24T19:34:46.967Z"
                },
                "type": "SCRUB",
                "source": "data:drag",
                "_t": "13:31:45",
                "_end": "13:34:46",
                "data": {
                    "time": 250.577164
                }
            },
            {
                "time": {
                    "start": "2017-10-24T19:31:45.364Z",
                    "end": "2017-10-24T19:34:48.608Z"
                },
                "type": "SCRUB",
                "source": "data:drag",
                "_t": "13:31:45",
                "_end": "13:34:48",
                "data": {
                    "time": 250.577164
                }
            },
            {
                "time": {
                    "start": "2017-10-24T19:31:45.364Z",
                    "end": "2017-10-24T19:34:50.271Z"
                },
                "type": "SCRUB",
                "source": "data:drag",
                "_t": "13:31:45",
                "_end": "13:34:50",
                "data": {
                    "time": 250.278518
                }
            },
            {
                "time": {
                    "start": "2017-10-24T19:31:45.364Z",
                    "end": "2017-10-24T19:34:51.334Z"
                },
                "type": "SCRUB",
                "source": "data:drag",
                "_t": "13:31:45",
                "_end": "13:34:51",
                "data": {
                    "time": 250.278518
                }
            },
            {
                "time": {
                    "start": "2017-10-24T19:31:45.364Z",
                    "end": "2017-10-24T19:34:52.752Z"
                },
                "type": "SCRUB",
                "source": "data:drag",
                "_t": "13:31:45",
                "_end": "13:34:52",
                "data": {
                    "time": 250.278518
                }
            },
            {
                "time": {
                    "start": "2017-10-24T19:31:45.364Z",
                    "end": "2017-10-24T19:34:54.063Z"
                },
                "type": "SCRUB",
                "source": "data:drag",
                "_t": "13:31:45",
                "_end": "13:34:54",
                "data": {
                    "time": 192.291448
                }
            },
            {
                "time": {
                    "start": "2017-10-24T19:31:45.364Z",
                    "end": "2017-10-24T19:34:56.008Z"
                },
                "type": "SCRUB",
                "source": "data:drag",
                "_t": "13:31:45",
                "_end": "13:34:56",
                "data": {
                    "time": 128.679881
                }
            },
            {
                "time": {
                    "start": "2017-10-24T19:31:45.364Z",
                    "end": "2017-10-24T19:34:57.259Z"
                },
                "type": "SCRUB",
                "source": "data:drag",
                "_t": "13:31:45",
                "_end": "13:34:57",
                "data": {
                    "time": 61.285466
                }
            },
            {
                "time": {
                    "start": "2017-10-24T19:31:45.364Z",
                    "end": "2017-10-24T19:35:01.244Z"
                },
                "type": "SCRUB",
                "source": "data:drag",
                "_t": "13:31:45",
                "_end": "13:35:01",
                "data": {
                    "time": 61.285466
                }
            },
            {
                "time": {
                    "start": "2017-10-24T19:31:45.364Z",
                    "end": "2017-10-24T19:35:02.598Z"
                },
                "type": "SCRUB",
                "source": "data:drag",
                "_t": "13:31:45",
                "_end": "13:35:02",
                "data": {
                    "time": 61.285466
                }
            },
            {
                "time": {
                    "start": "2017-10-24T19:31:45.364Z",
                    "end": "2017-10-24T19:35:04.380Z"
                },
                "type": "SCRUB",
                "source": "data:drag",
                "_t": "13:31:45",
                "_end": "13:35:04",
                "data": {
                    "time": 61.285466
                }
            }
        ]
    }
}