{
    "user_id": "028",
    "session_id": "59ef9e015efd4d725417b881",
    "study": "studyA",
    "workspace": "pill.pills-blue",
    "details": {
        "workspace": "pill.pills-blue",
        "labels": [
            {
                "time": 30.822966,
                "endTime": 40.263128,
                "type": "pill",
                "id": 1
            },
            {
                "time": 55.15963599999796,
                "endTime": 64.80151173983624,
                "type": "move",
                "id": 2
            },
            {
                "time": 162.304059,
                "endTime": 170.006857,
                "type": "pill",
                "id": 3
            },
            {
                "time": 216.192418,
                "endTime": 222.179219,
                "type": "pill",
                "id": 4
            },
            {
                "time": 239.330458,
                "endTime": 248.33960791869902,
                "type": "move",
                "id": 5
            },
            {
                "time": 451.020589,
                "endTime": 459.88041599186545,
                "type": "pill",
                "id": 6
            },
            {
                "time": 567.293374,
                "endTime": 579.6374026178565,
                "type": "pill",
                "id": 7
            },
            {
                "time": 590.6375239268401,
                "endTime": 594.8185658780496,
                "type": "move",
                "id": 8
            }
        ],
        "_starts": [
            "2017-10-24T20:29:03.000Z"
        ],
        "_ends": [
            "2017-10-24T20:32:18.011Z"
        ]
    },
    "labels_file": "/home/ubuntu/vat/data/user-studies/studyA/pill-blue/028.labels.json",
    "videoFlash": 4.288888,
    "surveys": {
        "user-info": {
            "firstname": "Spencer",
            "lastname": "Seeger",
            "email": "seeger.spencer@gmail.com"
        },
        "practice-first": {
            "question1": "1",
            "question2": "ok",
            "question3": "10",
            "question4": "1"
        },
        "practice-second": {},
        "practice-third": {},
        "practice-survey": {},
        "run-blue": {
            "question1": "2",
            "question2": "2",
            "question3": "20",
            "question4": "100"
        },
        "run-yellow": {
            "question1": "2",
            "question2": "2",
            "question3": "100",
            "question4": "100"
        },
        "run-red": {
            "question1": "2",
            "question2": "1",
            "question3": "50",
            "question4": "100"
        },
        "run-survey": {
            "question1": "2",
            "question2": "-2",
            "question3": "2",
            "question4": "-2"
        }
    },
    "logs": {
        "labelEvents": [
            {
                "time": "2017-10-24T20:29:56.036Z",
                "type": "START",
                "source": "hotkey",
                "_t": "14:29:56",
                "_end": "-",
                "data": {
                    "type": "pill",
                    "time": 30.822966
                }
            },
            {
                "time": "2017-10-24T20:30:06.310Z",
                "type": "END",
                "source": "hotkey:ctb",
                "_t": "14:30:06",
                "_end": "-",
                "data": {
                    "lbl": {
                        "time": 30.822966,
                        "endTime": 40.263128,
                        "type": "pill",
                        "id": 1
                    },
                    "key": "enter"
                }
            },
            {
                "time": "2017-10-24T20:30:33.252Z",
                "type": "START",
                "source": "hotkey",
                "_t": "14:30:33",
                "_end": "-",
                "data": {
                    "type": "move",
                    "time": 55.159636
                }
            },
            {
                "time": "2017-10-24T20:30:35.060Z",
                "type": "END",
                "source": "data:click:h_pos",
                "_t": "14:30:35",
                "_end": "-",
                "data": {
                    "lbl": {
                        "time": 55.15963599999796,
                        "endTime": 64.80151173983624,
                        "type": "move",
                        "id": 2
                    }
                }
            },
            {
                "time": "2017-10-24T20:30:38.975Z",
                "type": "SELECT",
                "source": "data:click",
                "_t": "14:30:38",
                "_end": "-",
                "data": {
                    "time": 55.15963599999796,
                    "endTime": 64.80151173983624,
                    "type": "move",
                    "id": 2
                }
            },
            {
                "time": {
                    "start": "2017-10-24T20:30:39.710Z",
                    "end": "2017-10-24T20:30:40.341Z"
                },
                "type": "RESIZE",
                "source": "data:brush",
                "_t": "14:30:39",
                "_end": "14:30:40",
                "data": {
                    "brushing": true,
                    "origin": [
                        55.159636,
                        65.00060897561006
                    ],
                    "_brushside": 1,
                    "start": "2017-10-24T20:30:39.710Z",
                    "ε": 0.1,
                    "mode": "resize"
                }
            },
            {
                "time": "2017-10-24T20:30:40.664Z",
                "type": "DESELECT",
                "source": "data:click",
                "_t": "14:30:40",
                "_end": "-",
                "data": {
                    "time": 55.15963599999796,
                    "endTime": 64.80151173983624,
                    "type": "move",
                    "id": 2
                }
            },
            {
                "time": "2017-10-24T20:31:08.295Z",
                "type": "START",
                "source": "hotkey",
                "_t": "14:31:08",
                "_end": "-",
                "data": {
                    "type": "pill",
                    "time": 162.304059
                }
            },
            {
                "time": "2017-10-24T20:31:16.358Z",
                "type": "END",
                "source": "hotkey:ctb",
                "_t": "14:31:16",
                "_end": "-",
                "data": {
                    "lbl": {
                        "time": 162.304059,
                        "endTime": 170.006857,
                        "type": "pill",
                        "id": 3
                    },
                    "key": "enter"
                }
            },
            {
                "time": "2017-10-24T20:31:20.734Z",
                "type": "START",
                "source": "hotkey",
                "_t": "14:31:20",
                "_end": "-",
                "data": {
                    "type": "pill",
                    "time": 216.631622
                }
            },
            {
                "time": "2017-10-24T20:31:21.490Z",
                "type": "CANCEL",
                "source": "hotkey",
                "_t": "14:31:21",
                "_end": "-",
                "data": {
                    "time": 216.631622,
                    "type": "pill",
                    "editting": false
                }
            },
            {
                "time": "2017-10-24T20:31:23.910Z",
                "type": "START",
                "source": "hotkey",
                "_t": "14:31:23",
                "_end": "-",
                "data": {
                    "type": "pill",
                    "time": 216.192418
                }
            },
            {
                "time": "2017-10-24T20:31:29.892Z",
                "type": "END",
                "source": "hotkey:ctb",
                "_t": "14:31:29",
                "_end": "-",
                "data": {
                    "lbl": {
                        "time": 216.192418,
                        "endTime": 222.179219,
                        "type": "pill",
                        "id": 4
                    },
                    "key": "enter"
                }
            },
            {
                "time": "2017-10-24T20:31:37.640Z",
                "type": "START",
                "source": "hotkey",
                "_t": "14:31:37",
                "_end": "-",
                "data": {
                    "type": "move",
                    "time": 243.710598
                }
            },
            {
                "time": "2017-10-24T20:31:39.604Z",
                "type": "CANCEL",
                "source": "hotkey",
                "_t": "14:31:39",
                "_end": "-",
                "data": {
                    "time": 243.710598,
                    "type": "move",
                    "editting": false
                }
            },
            {
                "time": "2017-10-24T20:31:41.414Z",
                "type": "START",
                "source": "hotkey",
                "_t": "14:31:41",
                "_end": "-",
                "data": {
                    "type": "move",
                    "time": 239.330458
                }
            },
            {
                "time": "2017-10-24T20:31:42.311Z",
                "type": "END",
                "source": "data:click:h_pos",
                "_t": "14:31:42",
                "_end": "-",
                "data": {
                    "lbl": {
                        "time": 239.330458,
                        "endTime": 248.33960791869902,
                        "type": "move",
                        "id": 5
                    }
                }
            },
            {
                "time": "2017-10-24T20:31:54.124Z",
                "type": "START",
                "source": "hotkey",
                "_t": "14:31:54",
                "_end": "-",
                "data": {
                    "type": "pill",
                    "time": 451.020589
                }
            },
            {
                "time": "2017-10-24T20:31:55.416Z",
                "type": "END",
                "source": "data:click:h_pos",
                "_t": "14:31:55",
                "_end": "-",
                "data": {
                    "lbl": {
                        "time": 451.020589,
                        "endTime": 459.88041599186545,
                        "type": "pill",
                        "id": 6
                    }
                }
            },
            {
                "time": "2017-10-24T20:32:03.733Z",
                "type": "START",
                "source": "hotkey",
                "_t": "14:32:03",
                "_end": "-",
                "data": {
                    "type": "pill",
                    "time": 567.293374
                }
            },
            {
                "time": "2017-10-24T20:32:05.247Z",
                "type": "END",
                "source": "data:click:h_pos",
                "_t": "14:32:05",
                "_end": "-",
                "data": {
                    "lbl": {
                        "time": 567.293374,
                        "endTime": 579.6374026178565,
                        "type": "pill",
                        "id": 7
                    }
                }
            },
            {
                "time": "2017-10-24T20:32:09.078Z",
                "type": "START",
                "source": "hotkey",
                "_t": "14:32:09",
                "_end": "-",
                "data": {
                    "type": "move",
                    "time": 590.488201
                }
            },
            {
                "time": "2017-10-24T20:32:10.486Z",
                "type": "END",
                "source": "data:click:h_pos",
                "_t": "14:32:10",
                "_end": "-",
                "data": {
                    "lbl": {
                        "time": 590.6375239268401,
                        "endTime": 594.8185658780496,
                        "type": "move",
                        "id": 8
                    }
                }
            },
            {
                "time": "2017-10-24T20:32:12.917Z",
                "type": "SELECT",
                "source": "data:click",
                "_t": "14:32:12",
                "_end": "-",
                "data": {
                    "time": 590.6375239268401,
                    "endTime": 594.8185658780496,
                    "type": "move",
                    "id": 8
                }
            },
            {
                "time": {
                    "start": "2017-10-24T20:32:14.255Z",
                    "end": "2017-10-24T20:32:16.135Z"
                },
                "type": "RESIZE",
                "source": "data:brush",
                "_t": "14:32:14",
                "_end": "14:32:16",
                "data": {
                    "brushing": true,
                    "origin": [
                        590.488201,
                        594.8185658780467
                    ],
                    "_brushside": 0,
                    "start": "2017-10-24T20:32:14.255Z",
                    "ε": 0.1,
                    "mode": "resize"
                }
            },
            {
                "time": "2017-10-24T20:32:16.646Z",
                "type": "DESELECT",
                "source": "data:click",
                "_t": "14:32:16",
                "_end": "-",
                "data": {
                    "time": 590.6375239268401,
                    "endTime": 594.8185658780496,
                    "type": "move",
                    "id": 8
                }
            }
        ],
        "navigationEvents": [
            {
                "time": "2017-10-24T20:29:31.822Z",
                "type": "CHANGE-PLAYBACK-RATE",
                "source": "video:menu",
                "_t": "14:29:31",
                "_end": "-",
                "data": {
                    "oldRate": 1,
                    "newRate": 1.5
                }
            },
            {
                "time": "2017-10-24T20:29:32.842Z",
                "type": "CHANGE-PLAYBACK-RATE",
                "source": "video:menu",
                "_t": "14:29:32",
                "_end": "-",
                "data": {
                    "oldRate": 1.5,
                    "newRate": 2
                }
            },
            {
                "time": "2017-10-24T20:29:38.643Z",
                "type": "CHANGE-PLAYBACK-RATE",
                "source": "video:menu",
                "_t": "14:29:38",
                "_end": "-",
                "data": {
                    "oldRate": 2,
                    "newRate": 1
                }
            },
            {
                "time": {
                    "start": "2017-10-24T20:29:03.156Z",
                    "end": "2017-10-24T20:29:53.252Z"
                },
                "type": "SCRUB",
                "source": "data:drag",
                "_t": "14:29:03",
                "_end": "14:29:53",
                "data": {
                    "time": 31.446781
                }
            },
            {
                "time": {
                    "start": "2017-10-24T20:29:03.156Z",
                    "end": "2017-10-24T20:29:54.260Z"
                },
                "type": "SCRUB",
                "source": "data:drag",
                "_t": "14:29:03",
                "_end": "14:29:54",
                "data": {
                    "time": 30.263374
                }
            },
            {
                "time": "2017-10-24T20:29:54.467Z",
                "type": "PAUSE",
                "source": "hotkey",
                "_t": "14:29:54",
                "_end": "-",
                "data": {
                    "key": "space"
                }
            },
            {
                "time": "2017-10-24T20:29:55.028Z",
                "type": "PLAY",
                "source": "hotkey",
                "_t": "14:29:55",
                "_end": "-",
                "data": {
                    "key": "space"
                }
            },
            {
                "time": "2017-10-24T20:29:55.524Z",
                "type": "PAUSE",
                "source": "hotkey",
                "_t": "14:29:55",
                "_end": "-",
                "data": {
                    "key": "space"
                }
            },
            {
                "time": "2017-10-24T20:29:56.884Z",
                "type": "PLAY",
                "source": "hotkey",
                "_t": "14:29:56",
                "_end": "-",
                "data": {
                    "key": "space"
                }
            },
            {
                "time": {
                    "start": "2017-10-24T20:29:03.156Z",
                    "end": "2017-10-24T20:30:08.939Z"
                },
                "type": "SCRUB",
                "source": "data:drag",
                "_t": "14:29:03",
                "_end": "14:30:08",
                "data": {
                    "time": 54.62685
                }
            },
            {
                "time": {
                    "start": "2017-10-24T20:29:03.156Z",
                    "end": "2017-10-24T20:30:21.430Z"
                },
                "type": "SCRUB",
                "source": "data:drag",
                "_t": "14:29:03",
                "_end": "14:30:21",
                "data": {
                    "time": 56.025459
                }
            },
            {
                "time": {
                    "start": "2017-10-24T20:29:03.156Z",
                    "end": "2017-10-24T20:30:30.621Z"
                },
                "type": "SCRUB",
                "source": "data:drag",
                "_t": "14:29:03",
                "_end": "14:30:30",
                "data": {
                    "time": 55.285922
                }
            },
            {
                "time": {
                    "start": "2017-10-24T20:29:03.156Z",
                    "end": "2017-10-24T20:30:33.045Z"
                },
                "type": "SCRUB",
                "source": "data:drag",
                "_t": "14:29:03",
                "_end": "14:30:33",
                "data": {
                    "time": 55.073859
                }
            },
            {
                "time": {
                    "start": "2017-10-24T20:29:03.156Z",
                    "end": "2017-10-24T20:30:35.053Z"
                },
                "type": "SCRUB",
                "source": "data:drag",
                "_t": "14:29:03",
                "_end": "14:30:35",
                "data": {
                    "time": 56.953935
                }
            },
            {
                "time": {
                    "start": "2017-10-24T20:29:03.156Z",
                    "end": "2017-10-24T20:30:36.255Z"
                },
                "type": "SCRUB",
                "source": "data:drag",
                "_t": "14:29:03",
                "_end": "14:30:36",
                "data": {
                    "time": 89.046711
                }
            },
            {
                "time": {
                    "start": "2017-10-24T20:29:03.156Z",
                    "end": "2017-10-24T20:30:37.003Z"
                },
                "type": "SCRUB",
                "source": "data:drag",
                "_t": "14:29:03",
                "_end": "14:30:37",
                "data": {
                    "time": 89.061244
                }
            },
            {
                "time": "2017-10-24T20:30:37.461Z",
                "type": "PAUSE",
                "source": "hotkey",
                "_t": "14:30:37",
                "_end": "-",
                "data": {
                    "key": "space"
                }
            },
            {
                "time": {
                    "start": "2017-10-24T20:29:03.156Z",
                    "end": "2017-10-24T20:30:38.972Z"
                },
                "type": "SCRUB",
                "source": "data:drag",
                "_t": "14:29:03",
                "_end": "14:30:38",
                "data": {
                    "time": 89.459679
                }
            },
            {
                "time": {
                    "start": "2017-10-24T20:29:03.156Z",
                    "end": "2017-10-24T20:30:40.349Z"
                },
                "type": "SCRUB",
                "source": "data:drag",
                "_t": "14:29:03",
                "_end": "14:30:40",
                "data": {
                    "time": 89.459679
                }
            },
            {
                "time": {
                    "start": "2017-10-24T20:29:03.156Z",
                    "end": "2017-10-24T20:30:40.663Z"
                },
                "type": "SCRUB",
                "source": "data:drag",
                "_t": "14:29:03",
                "_end": "14:30:40",
                "data": {
                    "time": 89.459679
                }
            },
            {
                "time": {
                    "start": "2017-10-24T20:29:03.156Z",
                    "end": "2017-10-24T20:30:41.571Z"
                },
                "type": "SCRUB",
                "source": "data:drag",
                "_t": "14:29:03",
                "_end": "14:30:41",
                "data": {
                    "time": 113.649993
                }
            },
            {
                "time": {
                    "start": "2017-10-24T20:29:03.156Z",
                    "end": "2017-10-24T20:30:42.467Z"
                },
                "type": "SCRUB",
                "source": "data:drag",
                "_t": "14:29:03",
                "_end": "14:30:42",
                "data": {
                    "time": 146.351713
                }
            },
            {
                "time": {
                    "start": "2017-10-24T20:29:03.156Z",
                    "end": "2017-10-24T20:30:44.171Z"
                },
                "type": "SCRUB",
                "source": "data:drag",
                "_t": "14:29:03",
                "_end": "14:30:44",
                "data": {
                    "time": 162.130168
                }
            },
            {
                "time": "2017-10-24T20:30:44.275Z",
                "type": "PLAY",
                "source": "hotkey",
                "_t": "14:30:44",
                "_end": "-",
                "data": {
                    "key": "space"
                }
            },
            {
                "time": {
                    "start": "2017-10-24T20:29:03.156Z",
                    "end": "2017-10-24T20:30:52.822Z"
                },
                "type": "SCRUB",
                "source": "data:drag",
                "_t": "14:29:03",
                "_end": "14:30:52",
                "data": {
                    "time": 215.173928
                }
            },
            {
                "time": {
                    "start": "2017-10-24T20:29:03.156Z",
                    "end": "2017-10-24T20:30:54.812Z"
                },
                "type": "SCRUB",
                "source": "data:drag",
                "_t": "14:29:03",
                "_end": "14:30:54",
                "data": {
                    "time": 216.555883
                }
            },
            {
                "time": {
                    "start": "2017-10-24T20:29:03.156Z",
                    "end": "2017-10-24T20:31:01.016Z"
                },
                "type": "SCRUB",
                "source": "data:drag",
                "_t": "14:29:03",
                "_end": "14:31:01",
                "data": {
                    "time": 162.428468
                }
            },
            {
                "time": {
                    "start": "2017-10-24T20:29:03.156Z",
                    "end": "2017-10-24T20:31:06.997Z"
                },
                "type": "SCRUB",
                "source": "data:drag",
                "_t": "14:29:03",
                "_end": "14:31:06",
                "data": {
                    "time": 162.29513
                }
            },
            {
                "time": "2017-10-24T20:31:07.094Z",
                "type": "PAUSE",
                "source": "hotkey",
                "_t": "14:31:07",
                "_end": "-",
                "data": {
                    "key": "space"
                }
            },
            {
                "time": "2017-10-24T20:31:08.680Z",
                "type": "PLAY",
                "source": "hotkey",
                "_t": "14:31:08",
                "_end": "-",
                "data": {
                    "key": "space"
                }
            },
            {
                "time": {
                    "start": "2017-10-24T20:29:03.156Z",
                    "end": "2017-10-24T20:31:20.508Z"
                },
                "type": "SCRUB",
                "source": "data:drag",
                "_t": "14:29:03",
                "_end": "14:31:20",
                "data": {
                    "time": 216.401884
                }
            },
            {
                "time": {
                    "start": "2017-10-24T20:29:03.156Z",
                    "end": "2017-10-24T20:31:24.130Z"
                },
                "type": "SCRUB",
                "source": "data:drag",
                "_t": "14:29:03",
                "_end": "14:31:24",
                "data": {
                    "time": 216.416442
                }
            },
            {
                "time": {
                    "start": "2017-10-24T20:29:03.156Z",
                    "end": "2017-10-24T20:31:34.214Z"
                },
                "type": "SCRUB",
                "source": "data:drag",
                "_t": "14:29:03",
                "_end": "14:31:34",
                "data": {
                    "time": 241.532848
                }
            },
            {
                "time": "2017-10-24T20:31:37.016Z",
                "type": "PAUSE",
                "source": "hotkey",
                "_t": "14:31:37",
                "_end": "-",
                "data": {
                    "key": "space"
                }
            },
            {
                "time": {
                    "start": "2017-10-24T20:29:03.156Z",
                    "end": "2017-10-24T20:31:41.236Z"
                },
                "type": "SCRUB",
                "source": "data:drag",
                "_t": "14:29:03",
                "_end": "14:31:41",
                "data": {
                    "time": 239.330458
                }
            },
            {
                "time": {
                    "start": "2017-10-24T20:29:03.156Z",
                    "end": "2017-10-24T20:31:42.309Z"
                },
                "type": "SCRUB",
                "source": "data:drag",
                "_t": "14:29:03",
                "_end": "14:31:42",
                "data": {
                    "time": 239.330458
                }
            },
            {
                "time": "2017-10-24T20:31:42.318Z",
                "type": "JUMP",
                "source": "data:dblclick:h_pos",
                "_t": "14:31:42",
                "_end": "-",
                "data": {
                    "from": 239.330458,
                    "to": 248.33960791869902
                }
            },
            {
                "time": {
                    "start": "2017-10-24T20:29:03.156Z",
                    "end": "2017-10-24T20:31:43.488Z"
                },
                "type": "SCRUB",
                "source": "data:drag",
                "_t": "14:29:03",
                "_end": "14:31:43",
                "data": {
                    "time": 289.303863
                }
            },
            {
                "time": {
                    "start": "2017-10-24T20:29:03.156Z",
                    "end": "2017-10-24T20:31:44.263Z"
                },
                "type": "SCRUB",
                "source": "data:drag",
                "_t": "14:29:03",
                "_end": "14:31:44",
                "data": {
                    "time": 327.480757
                }
            },
            {
                "time": {
                    "start": "2017-10-24T20:29:03.156Z",
                    "end": "2017-10-24T20:31:45.169Z"
                },
                "type": "SCRUB",
                "source": "data:drag",
                "_t": "14:29:03",
                "_end": "14:31:45",
                "data": {
                    "time": 362.920064
                }
            },
            {
                "time": {
                    "start": "2017-10-24T20:29:03.156Z",
                    "end": "2017-10-24T20:31:46.030Z"
                },
                "type": "SCRUB",
                "source": "data:drag",
                "_t": "14:29:03",
                "_end": "14:31:46",
                "data": {
                    "time": 395.273364
                }
            },
            {
                "time": {
                    "start": "2017-10-24T20:29:03.156Z",
                    "end": "2017-10-24T20:31:49.071Z"
                },
                "type": "SCRUB",
                "source": "data:drag",
                "_t": "14:29:03",
                "_end": "14:31:49",
                "data": {
                    "time": 454.60434
                }
            },
            {
                "time": {
                    "start": "2017-10-24T20:29:03.156Z",
                    "end": "2017-10-24T20:31:51.720Z"
                },
                "type": "SCRUB",
                "source": "data:drag",
                "_t": "14:29:03",
                "_end": "14:31:51",
                "data": {
                    "time": 450.273975
                }
            },
            {
                "time": {
                    "start": "2017-10-24T20:29:03.156Z",
                    "end": "2017-10-24T20:31:53.823Z"
                },
                "type": "SCRUB",
                "source": "data:drag",
                "_t": "14:29:03",
                "_end": "14:31:53",
                "data": {
                    "time": 451.020589
                }
            },
            {
                "time": {
                    "start": "2017-10-24T20:29:03.156Z",
                    "end": "2017-10-24T20:31:55.413Z"
                },
                "type": "SCRUB",
                "source": "data:drag",
                "_t": "14:29:03",
                "_end": "14:31:55",
                "data": {
                    "time": 451.020589
                }
            },
            {
                "time": "2017-10-24T20:31:55.420Z",
                "type": "JUMP",
                "source": "data:dblclick:h_pos",
                "_t": "14:31:55",
                "_end": "-",
                "data": {
                    "from": 451.020589,
                    "to": 459.88041599186545
                }
            },
            {
                "time": {
                    "start": "2017-10-24T20:29:03.156Z",
                    "end": "2017-10-24T20:31:56.308Z"
                },
                "type": "SCRUB",
                "source": "data:drag",
                "_t": "14:29:03",
                "_end": "14:31:56",
                "data": {
                    "time": 490.840036
                }
            },
            {
                "time": {
                    "start": "2017-10-24T20:29:03.156Z",
                    "end": "2017-10-24T20:31:56.987Z"
                },
                "type": "SCRUB",
                "source": "data:drag",
                "_t": "14:29:03",
                "_end": "14:31:56",
                "data": {
                    "time": 529.912868
                }
            },
            {
                "time": {
                    "start": "2017-10-24T20:29:03.156Z",
                    "end": "2017-10-24T20:32:03.631Z"
                },
                "type": "SCRUB",
                "source": "data:drag",
                "_t": "14:29:03",
                "_end": "14:32:03",
                "data": {
                    "time": 567.293374
                }
            },
            {
                "time": {
                    "start": "2017-10-24T20:29:03.156Z",
                    "end": "2017-10-24T20:32:05.245Z"
                },
                "type": "SCRUB",
                "source": "data:drag",
                "_t": "14:29:03",
                "_end": "14:32:05",
                "data": {
                    "time": 567.293374
                }
            },
            {
                "time": "2017-10-24T20:32:05.255Z",
                "type": "JUMP",
                "source": "data:dblclick:h_pos",
                "_t": "14:32:05",
                "_end": "-",
                "data": {
                    "from": 567.293374,
                    "to": 579.6374026178565
                }
            },
            {
                "time": {
                    "start": "2017-10-24T20:29:03.156Z",
                    "end": "2017-10-24T20:32:06.856Z"
                },
                "type": "SCRUB",
                "source": "data:drag",
                "_t": "14:29:03",
                "_end": "14:32:06",
                "data": {
                    "time": 593.325337
                }
            },
            {
                "time": {
                    "start": "2017-10-24T20:29:03.156Z",
                    "end": "2017-10-24T20:32:08.664Z"
                },
                "type": "SCRUB",
                "source": "data:drag",
                "_t": "14:29:03",
                "_end": "14:32:08",
                "data": {
                    "time": 590.488201
                }
            },
            {
                "time": {
                    "start": "2017-10-24T20:29:03.156Z",
                    "end": "2017-10-24T20:32:10.483Z"
                },
                "type": "SCRUB",
                "source": "data:drag",
                "_t": "14:29:03",
                "_end": "14:32:10",
                "data": {
                    "time": 590.488201
                }
            },
            {
                "time": "2017-10-24T20:32:10.493Z",
                "type": "JUMP",
                "source": "data:dblclick:h_pos",
                "_t": "14:32:10",
                "_end": "-",
                "data": {
                    "from": 590.488201,
                    "to": 594.8185658780467
                }
            },
            {
                "time": {
                    "start": "2017-10-24T20:29:03.156Z",
                    "end": "2017-10-24T20:32:12.415Z"
                },
                "type": "SCRUB",
                "source": "data:drag",
                "_t": "14:29:03",
                "_end": "14:32:12",
                "data": {
                    "time": 596.361569
                }
            },
            {
                "time": {
                    "start": "2017-10-24T20:29:03.156Z",
                    "end": "2017-10-24T20:32:12.916Z"
                },
                "type": "SCRUB",
                "source": "data:drag",
                "_t": "14:29:03",
                "_end": "14:32:12",
                "data": {
                    "time": 596.361569
                }
            },
            {
                "time": {
                    "start": "2017-10-24T20:29:03.156Z",
                    "end": "2017-10-24T20:32:16.152Z"
                },
                "type": "SCRUB",
                "source": "data:drag",
                "_t": "14:29:03",
                "_end": "14:32:16",
                "data": {
                    "time": 596.361569
                }
            },
            {
                "time": {
                    "start": "2017-10-24T20:29:03.156Z",
                    "end": "2017-10-24T20:32:16.646Z"
                },
                "type": "SCRUB",
                "source": "data:drag",
                "_t": "14:29:03",
                "_end": "14:32:16",
                "data": {
                    "time": 596.361569
                }
            }
        ]
    }
}