{
    "user_id": "038",
    "session_id": "59eff0325efd4d725417b8f1",
    "study": "studyA",
    "workspace": "pill.pills-blue",
    "details": {
        "workspace": "pill.pills-blue",
        "labels": [
            {
                "time": 30.622884,
                "endTime": 40.140222837398355,
                "type": "pill",
                "id": 1
            },
            {
                "time": 55.17659013008309,
                "endTime": 64.94474013008194,
                "type": "move",
                "id": 2
            },
            {
                "time": 162.194933,
                "endTime": 169.9597251951218,
                "type": "pill",
                "id": 3
            },
            {
                "time": 215.901412,
                "endTime": 222.17297492682616,
                "type": "pill",
                "id": 4
            },
            {
                "time": 239.245561,
                "endTime": 248.50358246341446,
                "type": "move",
                "id": 5
            },
            {
                "time": 451.011592,
                "endTime": 460.0705162276206,
                "type": "pill",
                "id": 6
            },
            {
                "time": 567.433699,
                "endTime": 579.678178999994,
                "type": "pill",
                "id": 7
            },
            {
                "time": 590.628526,
                "endTime": 594.9091165690954,
                "type": "move",
                "id": 8
            }
        ],
        "_starts": [
            "2017-10-25T02:19:50.000Z"
        ],
        "_ends": [
            "2017-10-25T02:23:08.079Z"
        ]
    },
    "labels_file": "/home/ubuntu/vat/data/user-studies/studyA/pill-blue/038.labels.json",
    "videoFlash": 4.288888,
    "surveys": {
        "user-info": {
            "firstname": "Katelyn",
            "lastname": "Casperson",
            "email": "kcasperson17@gmail.com"
        },
        "practice-first": {
            "question1": "0",
            "question2": "ok",
            "question3": "10",
            "question4": "0"
        },
        "practice-second": {},
        "practice-third": {},
        "practice-survey": {},
        "run-blue": {
            "question1": "2",
            "question2": "-1",
            "question3": "20",
            "question4": "90"
        },
        "run-yellow": {
            "question1": "1",
            "question2": "0",
            "question3": "100",
            "question4": "80"
        },
        "run-red": {
            "question1": "-2",
            "question2": "0",
            "question3": "40",
            "question4": "90"
        },
        "run-survey": {
            "question1": "2",
            "question2": "-1",
            "question3": "2",
            "question4": "2"
        }
    },
    "logs": {
        "labelEvents": [
            {
                "time": "2017-10-25T02:20:34.058Z",
                "type": "START",
                "source": "side-bar:button",
                "_t": "20:20:34",
                "_end": "-",
                "data": {
                    "type": "pill",
                    "time": 30.622884
                }
            },
            {
                "time": "2017-10-25T02:20:53.236Z",
                "type": "END",
                "source": "data:click:h_pos",
                "_t": "20:20:53",
                "_end": "-",
                "data": {
                    "lbl": {
                        "time": 30.622884,
                        "endTime": 40.140222837398355,
                        "type": "pill",
                        "id": 1
                    }
                }
            },
            {
                "time": "2017-10-25T02:21:04.092Z",
                "type": "START",
                "source": "side-bar:button",
                "_t": "20:21:04",
                "_end": "-",
                "data": {
                    "type": "move",
                    "time": 56.122302
                }
            },
            {
                "time": "2017-10-25T02:21:10.602Z",
                "type": "END",
                "source": "side-bar:button:ctb",
                "_t": "20:21:10",
                "_end": "-",
                "data": {
                    "lbl": {
                        "time": 55.17659013008309,
                        "endTime": 64.94474013008194,
                        "type": "move",
                        "id": 2
                    }
                }
            },
            {
                "time": "2017-10-25T02:21:18.932Z",
                "type": "SELECT",
                "source": "data:click",
                "_t": "20:21:18",
                "_end": "-",
                "data": {
                    "time": 55.17659013008309,
                    "endTime": 64.94474013008194,
                    "type": "move",
                    "id": 2
                }
            },
            {
                "time": {
                    "start": "2017-10-25T02:21:18.988Z",
                    "end": "2017-10-25T02:21:22.187Z"
                },
                "type": "MOVE",
                "source": "data:brush",
                "_t": "20:21:18",
                "_end": "20:21:22",
                "data": {
                    "brushing": true,
                    "origin": [
                        56.122302,
                        65.890452
                    ],
                    "start": "2017-10-25T02:21:18.988Z",
                    "ε": 0.1,
                    "mode": "move"
                }
            },
            {
                "time": "2017-10-25T02:21:42.117Z",
                "type": "START",
                "source": "side-bar:button",
                "_t": "20:21:42",
                "_end": "-",
                "data": {
                    "type": "pill",
                    "time": 162.194933
                }
            },
            {
                "time": "2017-10-25T02:21:45.250Z",
                "type": "END",
                "source": "data:click:h_pos",
                "_t": "20:21:45",
                "_end": "-",
                "data": {
                    "lbl": {
                        "time": 162.194933,
                        "endTime": 169.9597251951218,
                        "type": "pill",
                        "id": 3
                    }
                }
            },
            {
                "time": "2017-10-25T02:21:52.755Z",
                "type": "START",
                "source": "side-bar:button",
                "_t": "20:21:52",
                "_end": "-",
                "data": {
                    "type": "pill",
                    "time": 215.901412
                }
            },
            {
                "time": "2017-10-25T02:21:55.562Z",
                "type": "END",
                "source": "data:click:h_pos",
                "_t": "20:21:55",
                "_end": "-",
                "data": {
                    "lbl": {
                        "time": 215.901412,
                        "endTime": 222.17297492682616,
                        "type": "pill",
                        "id": 4
                    }
                }
            },
            {
                "time": "2017-10-25T02:22:03.147Z",
                "type": "START",
                "source": "side-bar:button",
                "_t": "20:22:03",
                "_end": "-",
                "data": {
                    "type": "move",
                    "time": 239.245561
                }
            },
            {
                "time": "2017-10-25T02:22:06.058Z",
                "type": "END",
                "source": "data:click:h_pos",
                "_t": "20:22:06",
                "_end": "-",
                "data": {
                    "lbl": {
                        "time": 239.245561,
                        "endTime": 248.50358246341446,
                        "type": "move",
                        "id": 5
                    }
                }
            },
            {
                "time": "2017-10-25T02:22:33.443Z",
                "type": "START",
                "source": "side-bar:button",
                "_t": "20:22:33",
                "_end": "-",
                "data": {
                    "type": "pill",
                    "time": 451.011592
                }
            },
            {
                "time": "2017-10-25T02:22:37.138Z",
                "type": "END",
                "source": "data:click:h_pos",
                "_t": "20:22:37",
                "_end": "-",
                "data": {
                    "lbl": {
                        "time": 451.011592,
                        "endTime": 460.0705162276206,
                        "type": "pill",
                        "id": 6
                    }
                }
            },
            {
                "time": "2017-10-25T02:22:47.316Z",
                "type": "START",
                "source": "side-bar:button",
                "_t": "20:22:47",
                "_end": "-",
                "data": {
                    "type": "pill",
                    "time": 567.433699
                }
            },
            {
                "time": "2017-10-25T02:22:50.059Z",
                "type": "END",
                "source": "data:click:h_pos",
                "_t": "20:22:50",
                "_end": "-",
                "data": {
                    "lbl": {
                        "time": 567.433699,
                        "endTime": 579.678178999994,
                        "type": "pill",
                        "id": 7
                    }
                }
            },
            {
                "time": "2017-10-25T02:22:54.668Z",
                "type": "START",
                "source": "side-bar:button",
                "_t": "20:22:54",
                "_end": "-",
                "data": {
                    "type": "move",
                    "time": 590.628526
                }
            },
            {
                "time": "2017-10-25T02:22:57.903Z",
                "type": "END",
                "source": "data:click:h_pos",
                "_t": "20:22:57",
                "_end": "-",
                "data": {
                    "lbl": {
                        "time": 590.628526,
                        "endTime": 594.9091165690954,
                        "type": "move",
                        "id": 8
                    }
                }
            }
        ],
        "navigationEvents": [
            {
                "time": {
                    "start": "2017-10-25T02:19:51.001Z",
                    "end": "2017-10-25T02:20:18.898Z"
                },
                "type": "SCRUB",
                "source": "data:drag",
                "_t": "20:19:51",
                "_end": "20:20:18",
                "data": {
                    "time": 19.860395
                }
            },
            {
                "time": {
                    "start": "2017-10-25T02:19:51.001Z",
                    "end": "2017-10-25T02:20:26.310Z"
                },
                "type": "SCRUB",
                "source": "data:drag",
                "_t": "20:19:51",
                "_end": "20:20:26",
                "data": {
                    "time": 28.172355
                }
            },
            {
                "time": "2017-10-25T02:20:29.163Z",
                "type": "PAUSE",
                "source": "video:button",
                "_t": "20:20:29",
                "_end": "-"
            },
            {
                "time": "2017-10-25T02:20:37.170Z",
                "type": "CHANGE-PLAYBACK-RATE",
                "source": "video:menu",
                "_t": "20:20:37",
                "_end": "-",
                "data": {
                    "oldRate": 1,
                    "newRate": 1.5
                }
            },
            {
                "time": "2017-10-25T02:20:38.468Z",
                "type": "PLAY",
                "source": "video:button",
                "_t": "20:20:38",
                "_end": "-"
            },
            {
                "time": "2017-10-25T02:20:45.050Z",
                "type": "PAUSE",
                "source": "video:button",
                "_t": "20:20:45",
                "_end": "-"
            },
            {
                "time": {
                    "start": "2017-10-25T02:19:51.001Z",
                    "end": "2017-10-25T02:20:53.234Z"
                },
                "type": "SCRUB",
                "source": "data:drag",
                "_t": "20:19:51",
                "_end": "20:20:53",
                "data": {
                    "time": 40.488643
                }
            },
            {
                "time": {
                    "start": "2017-10-25T02:19:51.001Z",
                    "end": "2017-10-25T02:20:55.754Z"
                },
                "type": "SCRUB",
                "source": "data:drag",
                "_t": "20:19:51",
                "_end": "20:20:55",
                "data": {
                    "time": 40.488643
                }
            },
            {
                "time": {
                    "start": "2017-10-25T02:19:51.001Z",
                    "end": "2017-10-25T02:20:58.727Z"
                },
                "type": "SCRUB",
                "source": "data:drag",
                "_t": "20:19:51",
                "_end": "20:20:58",
                "data": {
                    "time": 54.3259
                }
            },
            {
                "time": {
                    "start": "2017-10-25T02:19:51.001Z",
                    "end": "2017-10-25T02:21:00.434Z"
                },
                "type": "SCRUB",
                "source": "data:drag",
                "_t": "20:19:51",
                "_end": "20:21:00",
                "data": {
                    "time": 54.574771
                }
            },
            {
                "time": "2017-10-25T02:21:03.011Z",
                "type": "PLAY",
                "source": "video:button",
                "_t": "20:21:03",
                "_end": "-"
            },
            {
                "time": {
                    "start": "2017-10-25T02:19:51.001Z",
                    "end": "2017-10-25T02:21:14.562Z"
                },
                "type": "SCRUB",
                "source": "data:drag",
                "_t": "20:19:51",
                "_end": "20:21:14",
                "data": {
                    "time": 69.172864
                }
            },
            {
                "time": {
                    "start": "2017-10-25T02:19:51.001Z",
                    "end": "2017-10-25T02:21:16.274Z"
                },
                "type": "SCRUB",
                "source": "data:drag",
                "_t": "20:19:51",
                "_end": "20:21:16",
                "data": {
                    "time": 70.194158
                }
            },
            {
                "time": "2017-10-25T02:21:17.129Z",
                "type": "PAUSE",
                "source": "video:button",
                "_t": "20:21:17",
                "_end": "-"
            },
            {
                "time": {
                    "start": "2017-10-25T02:19:51.001Z",
                    "end": "2017-10-25T02:21:18.506Z"
                },
                "type": "SCRUB",
                "source": "data:drag",
                "_t": "20:19:51",
                "_end": "20:21:18",
                "data": {
                    "time": 71.136755
                }
            },
            {
                "time": {
                    "start": "2017-10-25T02:19:51.001Z",
                    "end": "2017-10-25T02:21:18.930Z"
                },
                "type": "SCRUB",
                "source": "data:drag",
                "_t": "20:19:51",
                "_end": "20:21:18",
                "data": {
                    "time": 71.136755
                }
            },
            {
                "time": {
                    "start": "2017-10-25T02:19:51.001Z",
                    "end": "2017-10-25T02:21:22.196Z"
                },
                "type": "SCRUB",
                "source": "data:drag",
                "_t": "20:19:51",
                "_end": "20:21:22",
                "data": {
                    "time": 71.136755
                }
            },
            {
                "time": "2017-10-25T02:21:24.292Z",
                "type": "PLAY",
                "source": "video:button",
                "_t": "20:21:24",
                "_end": "-"
            },
            {
                "time": {
                    "start": "2017-10-25T02:19:51.001Z",
                    "end": "2017-10-25T02:21:26.581Z"
                },
                "type": "SCRUB",
                "source": "data:drag",
                "_t": "20:19:51",
                "_end": "20:21:26",
                "data": {
                    "time": 100.061394
                }
            },
            {
                "time": {
                    "start": "2017-10-25T02:19:51.001Z",
                    "end": "2017-10-25T02:21:27.925Z"
                },
                "type": "SCRUB",
                "source": "data:drag",
                "_t": "20:19:51",
                "_end": "20:21:27",
                "data": {
                    "time": 141.809194
                }
            },
            {
                "time": {
                    "start": "2017-10-25T02:19:51.001Z",
                    "end": "2017-10-25T02:21:32.840Z"
                },
                "type": "SCRUB",
                "source": "data:drag",
                "_t": "20:19:51",
                "_end": "20:21:32",
                "data": {
                    "time": 166.231346
                }
            },
            {
                "time": {
                    "start": "2017-10-25T02:19:51.001Z",
                    "end": "2017-10-25T02:21:37.239Z"
                },
                "type": "SCRUB",
                "source": "data:drag",
                "_t": "20:19:51",
                "_end": "20:21:37",
                "data": {
                    "time": 162.320975
                }
            },
            {
                "time": "2017-10-25T02:21:38.523Z",
                "type": "PAUSE",
                "source": "video:button",
                "_t": "20:21:38",
                "_end": "-"
            },
            {
                "time": {
                    "start": "2017-10-25T02:19:51.001Z",
                    "end": "2017-10-25T02:21:41.068Z"
                },
                "type": "SCRUB",
                "source": "data:drag",
                "_t": "20:19:51",
                "_end": "20:21:41",
                "data": {
                    "time": 162.194933
                }
            },
            {
                "time": {
                    "start": "2017-10-25T02:19:51.001Z",
                    "end": "2017-10-25T02:21:45.248Z"
                },
                "type": "SCRUB",
                "source": "data:drag",
                "_t": "20:19:51",
                "_end": "20:21:45",
                "data": {
                    "time": 162.194933
                }
            },
            {
                "time": {
                    "start": "2017-10-25T02:19:51.001Z",
                    "end": "2017-10-25T02:21:48.750Z"
                },
                "type": "SCRUB",
                "source": "data:drag",
                "_t": "20:19:51",
                "_end": "20:21:48",
                "data": {
                    "time": 214.60728
                }
            },
            {
                "time": {
                    "start": "2017-10-25T02:19:51.001Z",
                    "end": "2017-10-25T02:21:51.355Z"
                },
                "type": "SCRUB",
                "source": "data:drag",
                "_t": "20:19:51",
                "_end": "20:21:51",
                "data": {
                    "time": 215.901412
                }
            },
            {
                "time": {
                    "start": "2017-10-25T02:19:51.001Z",
                    "end": "2017-10-25T02:21:55.560Z"
                },
                "type": "SCRUB",
                "source": "data:drag",
                "_t": "20:19:51",
                "_end": "20:21:55",
                "data": {
                    "time": 215.901412
                }
            },
            {
                "time": {
                    "start": "2017-10-25T02:19:51.001Z",
                    "end": "2017-10-25T02:21:57.583Z"
                },
                "type": "SCRUB",
                "source": "data:drag",
                "_t": "20:19:51",
                "_end": "20:21:57",
                "data": {
                    "time": 217.991932
                }
            },
            {
                "time": {
                    "start": "2017-10-25T02:19:51.001Z",
                    "end": "2017-10-25T02:22:02.087Z"
                },
                "type": "SCRUB",
                "source": "data:drag",
                "_t": "20:19:51",
                "_end": "20:22:02",
                "data": {
                    "time": 239.245561
                }
            },
            {
                "time": {
                    "start": "2017-10-25T02:19:51.001Z",
                    "end": "2017-10-25T02:22:06.056Z"
                },
                "type": "SCRUB",
                "source": "data:drag",
                "_t": "20:19:51",
                "_end": "20:22:06",
                "data": {
                    "time": 239.245561
                }
            },
            {
                "time": "2017-10-25T02:22:07.891Z",
                "type": "PLAY",
                "source": "video:button",
                "_t": "20:22:07",
                "_end": "-"
            },
            {
                "time": {
                    "start": "2017-10-25T02:19:51.001Z",
                    "end": "2017-10-25T02:22:17.458Z"
                },
                "type": "SCRUB",
                "source": "data:drag",
                "_t": "20:19:51",
                "_end": "20:22:17",
                "data": {
                    "time": 314.330587
                }
            },
            {
                "time": {
                    "start": "2017-10-25T02:19:51.001Z",
                    "end": "2017-10-25T02:22:19.062Z"
                },
                "type": "SCRUB",
                "source": "data:drag",
                "_t": "20:19:51",
                "_end": "20:22:19",
                "data": {
                    "time": 352.216292
                }
            },
            {
                "time": {
                    "start": "2017-10-25T02:19:51.001Z",
                    "end": "2017-10-25T02:22:20.470Z"
                },
                "type": "SCRUB",
                "source": "data:drag",
                "_t": "20:19:51",
                "_end": "20:22:20",
                "data": {
                    "time": 394.982164
                }
            },
            {
                "time": {
                    "start": "2017-10-25T02:19:51.001Z",
                    "end": "2017-10-25T02:22:26.987Z"
                },
                "type": "SCRUB",
                "source": "data:drag",
                "_t": "20:19:51",
                "_end": "20:22:26",
                "data": {
                    "time": 450.132098
                }
            },
            {
                "time": "2017-10-25T02:22:28.139Z",
                "type": "PAUSE",
                "source": "video:button",
                "_t": "20:22:28",
                "_end": "-"
            },
            {
                "time": {
                    "start": "2017-10-25T02:19:51.001Z",
                    "end": "2017-10-25T02:22:31.764Z"
                },
                "type": "SCRUB",
                "source": "data:drag",
                "_t": "20:19:51",
                "_end": "20:22:31",
                "data": {
                    "time": 451.011592
                }
            },
            {
                "time": {
                    "start": "2017-10-25T02:19:51.001Z",
                    "end": "2017-10-25T02:22:37.136Z"
                },
                "type": "SCRUB",
                "source": "data:drag",
                "_t": "20:19:51",
                "_end": "20:22:37",
                "data": {
                    "time": 451.011592
                }
            },
            {
                "time": {
                    "start": "2017-10-25T02:19:51.001Z",
                    "end": "2017-10-25T02:22:38.694Z"
                },
                "type": "SCRUB",
                "source": "data:drag",
                "_t": "20:19:51",
                "_end": "20:22:38",
                "data": {
                    "time": 507.306335
                }
            },
            {
                "time": {
                    "start": "2017-10-25T02:19:51.001Z",
                    "end": "2017-10-25T02:22:39.996Z"
                },
                "type": "SCRUB",
                "source": "data:drag",
                "_t": "20:19:51",
                "_end": "20:22:39",
                "data": {
                    "time": 559.768456
                }
            },
            {
                "time": {
                    "start": "2017-10-25T02:19:51.001Z",
                    "end": "2017-10-25T02:22:42.945Z"
                },
                "type": "SCRUB",
                "source": "data:drag",
                "_t": "20:19:51",
                "_end": "20:22:42",
                "data": {
                    "time": 571.266321
                }
            },
            {
                "time": {
                    "start": "2017-10-25T02:19:51.001Z",
                    "end": "2017-10-25T02:22:45.938Z"
                },
                "type": "SCRUB",
                "source": "data:drag",
                "_t": "20:19:51",
                "_end": "20:22:45",
                "data": {
                    "time": 567.433699
                }
            },
            {
                "time": {
                    "start": "2017-10-25T02:19:51.001Z",
                    "end": "2017-10-25T02:22:50.057Z"
                },
                "type": "SCRUB",
                "source": "data:drag",
                "_t": "20:19:51",
                "_end": "20:22:50",
                "data": {
                    "time": 567.433699
                }
            },
            {
                "time": {
                    "start": "2017-10-25T02:19:51.001Z",
                    "end": "2017-10-25T02:22:53.395Z"
                },
                "type": "SCRUB",
                "source": "data:drag",
                "_t": "20:19:51",
                "_end": "20:22:53",
                "data": {
                    "time": 590.628526
                }
            },
            {
                "time": {
                    "start": "2017-10-25T02:19:51.001Z",
                    "end": "2017-10-25T02:22:57.900Z"
                },
                "type": "SCRUB",
                "source": "data:drag",
                "_t": "20:19:51",
                "_end": "20:22:57",
                "data": {
                    "time": 590.628526
                }
            },
            {
                "time": "2017-10-25T02:22:59.887Z",
                "type": "PLAY",
                "source": "video:button",
                "_t": "20:22:59",
                "_end": "-"
            }
        ]
    }
}