{
    "user_id": "048",
    "session_id": "5a788f58ee2b1975ba835b91",
    "study": "studyD",
    "workspace": "pill.pills-blue",
    "details": {
        "workspace": "pill.pills-blue",
        "labels": [
            {
                "time": 8.394435097560969,
                "endTime": 10.661696,
                "type": "move",
                "id": 1
            },
            {
                "time": 29.642193341463468,
                "endTime": 40.542767,
                "type": "pill",
                "id": 2
            },
            {
                "time": 54.7753705040651,
                "endTime": 65.327524,
                "type": "move",
                "id": 3
            },
            {
                "time": 162.03444030340802,
                "endTime": 170.191879,
                "type": "pill",
                "id": 4
            },
            {
                "time": 215.8179657950687,
                "endTime": 222.348411,
                "type": "pill",
                "id": 5
            }
        ],
        "_starts": [
            "2018-02-05T17:16:08.000Z"
        ],
        "_ends": [
            "2018-02-05T17:19:18.530Z"
        ]
    },
    "labels_file": "/home/ubuntu/vat/data/user-studies/studyD/pill-blue/048.labels.json",
    "videoFlash": 4.288888,
    "surveys": {
        "user-info": {
            "firstname": "Kendra",
            "lastname": "Graham",
            "email": "deloris4@gmail.com"
        },
        "practice-first": {
            "question1": "3",
            "question2": "ok",
            "question3": "100",
            "question4": "4"
        },
        "practice-second": {},
        "practice-third": {},
        "practice-survey": {}
    },
    "logs": {
        "labelEvents": [
            {
                "time": "2018-02-05T17:16:50.461Z",
                "type": "START",
                "source": "hotkey",
                "_t": "10:16:50",
                "_end": "-",
                "data": {
                    "type": "move",
                    "time": 10.661696
                }
            },
            {
                "time": "2018-02-05T17:16:52.461Z",
                "type": "END",
                "source": "data:click:h_pos",
                "_t": "10:16:52",
                "_end": "-",
                "data": {
                    "lbl": {
                        "time": 8.394435097560969,
                        "endTime": 10.661696,
                        "type": "move",
                        "id": 1
                    }
                }
            },
            {
                "time": "2018-02-05T17:17:25.853Z",
                "type": "START",
                "source": "hotkey",
                "_t": "10:17:25",
                "_end": "-",
                "data": {
                    "type": "move",
                    "time": 40.506155
                }
            },
            {
                "time": "2018-02-05T17:17:27.358Z",
                "type": "END",
                "source": "data:click:h_pos",
                "_t": "10:17:27",
                "_end": "-",
                "data": {
                    "lbl": {
                        "time": 30.003775813008353,
                        "endTime": 40.506155,
                        "type": "move",
                        "id": 2
                    }
                }
            },
            {
                "time": "2018-02-05T17:17:37.198Z",
                "type": "SELECT",
                "source": "data:click",
                "_t": "10:17:37",
                "_end": "-",
                "data": {
                    "time": 30.003775813008353,
                    "endTime": 40.506155,
                    "type": "move",
                    "id": 2
                }
            },
            {
                "time": "2018-02-05T17:17:37.980Z",
                "type": "DELETE",
                "source": "hotkey",
                "_t": "10:17:37",
                "_end": "-",
                "data": {
                    "id": 2,
                    "idx": 1
                }
            },
            {
                "time": "2018-02-05T17:17:39.884Z",
                "type": "START",
                "source": "side-bar:button",
                "_t": "10:17:39",
                "_end": "-",
                "data": {
                    "type": "pill",
                    "time": 40.542767
                }
            },
            {
                "time": "2018-02-05T17:17:43.290Z",
                "type": "END",
                "source": "data:click:h_pos",
                "_t": "10:17:43",
                "_end": "-",
                "data": {
                    "lbl": {
                        "time": 29.642193341463468,
                        "endTime": 40.542767,
                        "type": "pill",
                        "id": 2
                    }
                }
            },
            {
                "time": "2018-02-05T17:18:15.117Z",
                "type": "START",
                "source": "hotkey",
                "_t": "10:18:15",
                "_end": "-",
                "data": {
                    "type": "move",
                    "time": 65.327524
                }
            },
            {
                "time": "2018-02-05T17:18:16.054Z",
                "type": "END",
                "source": "data:click:h_pos",
                "_t": "10:18:16",
                "_end": "-",
                "data": {
                    "lbl": {
                        "time": 54.7753705040651,
                        "endTime": 65.327524,
                        "type": "move",
                        "id": 3
                    }
                }
            },
            {
                "time": "2018-02-05T17:18:38.781Z",
                "type": "START",
                "source": "hotkey",
                "_t": "10:18:38",
                "_end": "-",
                "data": {
                    "type": "pill",
                    "time": 170.191879
                }
            },
            {
                "time": "2018-02-05T17:18:40.256Z",
                "type": "END",
                "source": "data:click:h_pos",
                "_t": "10:18:40",
                "_end": "-",
                "data": {
                    "lbl": {
                        "time": 162.03444030340802,
                        "endTime": 170.191879,
                        "type": "pill",
                        "id": 4
                    }
                }
            },
            {
                "time": "2018-02-05T17:18:59.822Z",
                "type": "START",
                "source": "hotkey",
                "_t": "10:18:59",
                "_end": "-",
                "data": {
                    "type": "pill",
                    "time": 222.348411
                }
            },
            {
                "time": "2018-02-05T17:19:01.657Z",
                "type": "END",
                "source": "data:click:h_pos",
                "_t": "10:19:01",
                "_end": "-",
                "data": {
                    "lbl": {
                        "time": 215.8179657950687,
                        "endTime": 222.348411,
                        "type": "pill",
                        "id": 5
                    }
                }
            },
            {
                "time": "2018-02-05T17:19:18.295Z",
                "type": "START",
                "source": "side-bar:button",
                "_t": "10:19:18",
                "_end": "-",
                "data": {
                    "type": "move",
                    "time": 248.92996
                }
            }
        ],
        "navigationEvents": [
            {
                "time": "2018-02-05T17:16:21.843Z",
                "type": "PLAY",
                "source": "video:button",
                "_t": "10:16:21",
                "_end": "-"
            },
            {
                "time": "2018-02-05T17:16:23.322Z",
                "type": "PAUSE",
                "source": "video:button",
                "_t": "10:16:23",
                "_end": "-"
            },
            {
                "time": "2018-02-05T17:16:24.284Z",
                "type": "CHANGE-PLAYBACK-RATE",
                "source": "video:button",
                "_t": "10:16:24",
                "_end": "-",
                "data": {
                    "oldRate": 1,
                    "newRate": 1.5
                }
            },
            {
                "time": "2018-02-05T17:16:25.099Z",
                "type": "CHANGE-PLAYBACK-RATE",
                "source": "video:menu",
                "_t": "10:16:25",
                "_end": "-",
                "data": {
                    "oldRate": 1.5,
                    "newRate": 0.25
                }
            },
            {
                "time": "2018-02-05T17:16:27.940Z",
                "type": "PLAY",
                "source": "video:button",
                "_t": "10:16:27",
                "_end": "-"
            },
            {
                "time": "2018-02-05T17:16:47.546Z",
                "type": "PAUSE",
                "source": "video:button",
                "_t": "10:16:47",
                "_end": "-"
            },
            {
                "time": {
                    "start": "2018-02-05T17:16:08.248Z",
                    "end": "2018-02-05T17:16:52.459Z"
                },
                "type": "SCRUB",
                "source": "data:drag",
                "_t": "10:16:08",
                "_end": "10:16:52",
                "data": {
                    "time": 10.661696
                }
            },
            {
                "time": "2018-02-05T17:16:54.564Z",
                "type": "PLAY",
                "source": "video:button",
                "_t": "10:16:54",
                "_end": "-"
            },
            {
                "time": "2018-02-05T17:16:59.243Z",
                "type": "CHANGE-PLAYBACK-RATE",
                "source": "video:menu",
                "_t": "10:16:59",
                "_end": "-",
                "data": {
                    "oldRate": 0.25,
                    "newRate": 0.5
                }
            },
            {
                "time": "2018-02-05T17:17:04.877Z",
                "type": "CHANGE-PLAYBACK-RATE",
                "source": "video:menu",
                "_t": "10:17:04",
                "_end": "-",
                "data": {
                    "oldRate": 0.5,
                    "newRate": 1
                }
            },
            {
                "time": {
                    "start": "2018-02-05T17:16:08.248Z",
                    "end": "2018-02-05T17:17:09.851Z"
                },
                "type": "SCRUB",
                "source": "data:drag",
                "_t": "10:16:08",
                "_end": "10:17:09",
                "data": {
                    "time": 28.375067
                }
            },
            {
                "time": "2018-02-05T17:17:21.613Z",
                "type": "PAUSE",
                "source": "video:button",
                "_t": "10:17:21",
                "_end": "-"
            },
            {
                "time": "2018-02-05T17:17:22.628Z",
                "type": "PLAY",
                "source": "video:button",
                "_t": "10:17:22",
                "_end": "-"
            },
            {
                "time": "2018-02-05T17:17:23.059Z",
                "type": "PAUSE",
                "source": "video:button",
                "_t": "10:17:23",
                "_end": "-"
            },
            {
                "time": {
                    "start": "2018-02-05T17:16:08.248Z",
                    "end": "2018-02-05T17:17:27.356Z"
                },
                "type": "SCRUB",
                "source": "data:drag",
                "_t": "10:16:08",
                "_end": "10:17:27",
                "data": {
                    "time": 40.506155
                }
            },
            {
                "time": "2018-02-05T17:17:29.196Z",
                "type": "PLAY",
                "source": "video:button",
                "_t": "10:17:29",
                "_end": "-"
            },
            {
                "time": "2018-02-05T17:17:32.804Z",
                "type": "PAUSE",
                "source": "video:button",
                "_t": "10:17:32",
                "_end": "-"
            },
            {
                "time": {
                    "start": "2018-02-05T17:16:08.248Z",
                    "end": "2018-02-05T17:17:35.571Z"
                },
                "type": "SCRUB",
                "source": "data:drag",
                "_t": "10:16:08",
                "_end": "10:17:35",
                "data": {
                    "time": 40.542767
                }
            },
            {
                "time": {
                    "start": "2018-02-05T17:16:08.248Z",
                    "end": "2018-02-05T17:17:36.061Z"
                },
                "type": "SCRUB",
                "source": "data:drag",
                "_t": "10:16:08",
                "_end": "10:17:36",
                "data": {
                    "time": 40.542767
                }
            },
            {
                "time": {
                    "start": "2018-02-05T17:16:08.248Z",
                    "end": "2018-02-05T17:17:37.196Z"
                },
                "type": "SCRUB",
                "source": "data:drag",
                "_t": "10:16:08",
                "_end": "10:17:37",
                "data": {
                    "time": 40.542767
                }
            },
            {
                "time": {
                    "start": "2018-02-05T17:16:08.248Z",
                    "end": "2018-02-05T17:17:43.290Z"
                },
                "type": "SCRUB",
                "source": "data:drag",
                "_t": "10:16:08",
                "_end": "10:17:43",
                "data": {
                    "time": 40.542767
                }
            },
            {
                "time": "2018-02-05T17:17:44.725Z",
                "type": "PLAY",
                "source": "video:button",
                "_t": "10:17:44",
                "_end": "-"
            },
            {
                "time": "2018-02-05T17:18:10.325Z",
                "type": "PAUSE",
                "source": "video:button",
                "_t": "10:18:10",
                "_end": "-"
            },
            {
                "time": {
                    "start": "2018-02-05T17:16:08.248Z",
                    "end": "2018-02-05T17:18:12.996Z"
                },
                "type": "SCRUB",
                "source": "data:drag",
                "_t": "10:16:08",
                "_end": "10:18:12",
                "data": {
                    "time": 65.327524
                }
            },
            {
                "time": {
                    "start": "2018-02-05T17:16:08.248Z",
                    "end": "2018-02-05T17:18:16.052Z"
                },
                "type": "SCRUB",
                "source": "data:drag",
                "_t": "10:16:08",
                "_end": "10:18:16",
                "data": {
                    "time": 65.327524
                }
            },
            {
                "time": {
                    "start": "2018-02-05T17:16:08.248Z",
                    "end": "2018-02-05T17:18:22.196Z"
                },
                "type": "SCRUB",
                "source": "data:drag",
                "_t": "10:16:08",
                "_end": "10:18:22",
                "data": {
                    "time": 161.36974
                }
            },
            {
                "time": "2018-02-05T17:18:23.740Z",
                "type": "PLAY",
                "source": "video:button",
                "_t": "10:18:23",
                "_end": "-"
            },
            {
                "time": "2018-02-05T17:18:31.581Z",
                "type": "PAUSE",
                "source": "video:button",
                "_t": "10:18:31",
                "_end": "-"
            },
            {
                "time": {
                    "start": "2018-02-05T17:16:08.248Z",
                    "end": "2018-02-05T17:18:37.740Z"
                },
                "type": "SCRUB",
                "source": "data:drag",
                "_t": "10:16:08",
                "_end": "10:18:37",
                "data": {
                    "time": 170.191879
                }
            },
            {
                "time": {
                    "start": "2018-02-05T17:16:08.248Z",
                    "end": "2018-02-05T17:18:40.252Z"
                },
                "type": "SCRUB",
                "source": "data:drag",
                "_t": "10:16:08",
                "_end": "10:18:40",
                "data": {
                    "time": 170.191879
                }
            },
            {
                "time": {
                    "start": "2018-02-05T17:16:08.248Z",
                    "end": "2018-02-05T17:18:47.026Z"
                },
                "type": "SCRUB",
                "source": "data:drag",
                "_t": "10:16:08",
                "_end": "10:18:47",
                "data": {
                    "time": 215.80215
                }
            },
            {
                "time": "2018-02-05T17:18:48.133Z",
                "type": "PLAY",
                "source": "video:button",
                "_t": "10:18:48",
                "_end": "-"
            },
            {
                "time": "2018-02-05T17:18:55.213Z",
                "type": "PAUSE",
                "source": "video:button",
                "_t": "10:18:55",
                "_end": "-"
            },
            {
                "time": {
                    "start": "2018-02-05T17:16:08.248Z",
                    "end": "2018-02-05T17:18:58.181Z"
                },
                "type": "SCRUB",
                "source": "data:drag",
                "_t": "10:16:08",
                "_end": "10:18:58",
                "data": {
                    "time": 222.348411
                }
            },
            {
                "time": {
                    "start": "2018-02-05T17:16:08.248Z",
                    "end": "2018-02-05T17:19:01.654Z"
                },
                "type": "SCRUB",
                "source": "data:drag",
                "_t": "10:16:08",
                "_end": "10:19:01",
                "data": {
                    "time": 222.348411
                }
            },
            {
                "time": {
                    "start": "2018-02-05T17:16:08.248Z",
                    "end": "2018-02-05T17:19:06.797Z"
                },
                "type": "SCRUB",
                "source": "data:drag",
                "_t": "10:16:08",
                "_end": "10:19:06",
                "data": {
                    "time": 238.843568
                }
            },
            {
                "time": "2018-02-05T17:19:07.749Z",
                "type": "PLAY",
                "source": "video:button",
                "_t": "10:19:07",
                "_end": "-"
            },
            {
                "time": "2018-02-05T17:19:15.038Z",
                "type": "PAUSE",
                "source": "video:button",
                "_t": "10:19:15",
                "_end": "-"
            },
            {
                "time": {
                    "start": "2018-02-05T17:16:08.248Z",
                    "end": "2018-02-05T17:19:16.742Z"
                },
                "type": "SCRUB",
                "source": "data:drag",
                "_t": "10:16:08",
                "_end": "10:19:16",
                "data": {
                    "time": 248.92996
                }
            }
        ]
    }
}