{
    "user_id": "050",
    "session_id": "5a789e16ee2b1975ba835ba1",
    "study": "studyD",
    "workspace": "pill.pills-blue",
    "details": {
        "workspace": "pill.pills-blue",
        "labels": [
            {
                "time": 30.83071,
                "endTime": 40.005663,
                "type": "pill",
                "id": 3
            },
            {
                "time": 55.289685,
                "endTime": 64.75057750614243,
                "type": "move",
                "id": 4
            },
            {
                "time": 162.366425,
                "endTime": 169.975625,
                "type": "pill",
                "id": 5
            },
            {
                "time": 215.935849,
                "endTime": 222.110347,
                "type": "pill",
                "id": 6
            }
        ],
        "_starts": [
            "2018-02-05T18:19:48.000Z"
        ],
        "_ends": [
            "2018-02-05T18:23:17.643Z"
        ]
    },
    "labels_file": "/home/ubuntu/vat/data/user-studies/studyD/pill-blue/050.labels.json",
    "videoFlash": 4.288888,
    "surveys": {
        "user-info": {
            "firstname": "WingKi",
            "lastname": "Yu",
            "email": "wing.yu.kilds@gmail.com"
        },
        "practice-first": {
            "question1": "4",
            "question2": "ok",
            "question3": "50",
            "question4": "5"
        },
        "practice-second": {},
        "practice-third": {},
        "practice-survey": {}
    },
    "logs": {
        "labelEvents": [
            {
                "time": "2018-02-05T18:20:28.597Z",
                "type": "START",
                "source": "hotkey",
                "_t": "11:20:28",
                "_end": "-",
                "data": {
                    "type": "pill",
                    "time": 9.454327
                }
            },
            {
                "time": "2018-02-05T18:20:29.575Z",
                "type": "START",
                "source": "hotkey",
                "_t": "11:20:29",
                "_end": "-",
                "data": {
                    "type": "pill",
                    "time": 10.436818
                }
            },
            {
                "time": "2018-02-05T18:20:31.174Z",
                "type": "END",
                "source": "hotkey:ctb",
                "_t": "11:20:31",
                "_end": "-",
                "data": {
                    "lbl": {
                        "time": 10.436818,
                        "endTime": 12.034419,
                        "type": "pill",
                        "id": 2
                    },
                    "key": "enter"
                }
            },
            {
                "time": "2018-02-05T18:20:46.549Z",
                "type": "START",
                "source": "hotkey",
                "_t": "11:20:46",
                "_end": "-",
                "data": {
                    "type": "pill",
                    "time": 30.83071
                }
            },
            {
                "time": "2018-02-05T18:20:55.724Z",
                "type": "END",
                "source": "hotkey:ctb",
                "_t": "11:20:55",
                "_end": "-",
                "data": {
                    "lbl": {
                        "time": 30.83071,
                        "endTime": 40.005663,
                        "type": "pill",
                        "id": 3
                    },
                    "key": "enter"
                }
            },
            {
                "time": "2018-02-05T18:20:59.455Z",
                "type": "SELECT",
                "source": "data:click",
                "_t": "11:20:59",
                "_end": "-",
                "data": {
                    "time": 10.436818,
                    "endTime": 12.034419,
                    "type": "pill",
                    "id": 2
                }
            },
            {
                "time": "2018-02-05T18:21:01.339Z",
                "type": "DELETE",
                "source": "side-bar:button",
                "_t": "11:21:01",
                "_end": "-",
                "data": {
                    "id": 2,
                    "idx": 1
                }
            },
            {
                "time": "2018-02-05T18:21:03.252Z",
                "type": "SELECT",
                "source": "data:click",
                "_t": "11:21:03",
                "_end": "-",
                "data": {
                    "time": 9.454327,
                    "endTime": 10.436818,
                    "type": "pill",
                    "id": 1
                }
            },
            {
                "time": "2018-02-05T18:21:03.940Z",
                "type": "DELETE",
                "source": "hotkey",
                "_t": "11:21:03",
                "_end": "-",
                "data": {
                    "id": 1,
                    "idx": 0
                }
            },
            {
                "time": "2018-02-05T18:21:12.597Z",
                "type": "START",
                "source": "hotkey",
                "_t": "11:21:12",
                "_end": "-",
                "data": {
                    "type": "move",
                    "time": 55.106701
                }
            },
            {
                "time": "2018-02-05T18:21:15.477Z",
                "type": "END",
                "source": "hotkey:ctb",
                "_t": "11:21:15",
                "_end": "-",
                "data": {
                    "lbl": {
                        "time": 55.106701,
                        "endTime": 57.989625,
                        "type": "move",
                        "id": 4
                    },
                    "key": "enter"
                }
            },
            {
                "time": "2018-02-05T18:21:18.631Z",
                "type": "SELECT",
                "source": "data:click",
                "_t": "11:21:18",
                "_end": "-",
                "data": {
                    "time": 55.106701,
                    "endTime": 57.989625,
                    "type": "move",
                    "id": 4
                }
            },
            {
                "time": "2018-02-05T18:21:21.228Z",
                "type": "DELETE",
                "source": "side-bar:button",
                "_t": "11:21:21",
                "_end": "-",
                "data": {
                    "id": 4,
                    "idx": 1
                }
            },
            {
                "time": "2018-02-05T18:21:24.565Z",
                "type": "START",
                "source": "hotkey",
                "_t": "11:21:24",
                "_end": "-",
                "data": {
                    "type": "move",
                    "time": 55.550348
                }
            },
            {
                "time": "2018-02-05T18:21:26.487Z",
                "type": "END",
                "source": "data:click:h_pos",
                "_t": "11:21:26",
                "_end": "-",
                "data": {
                    "lbl": {
                        "time": 55.550348,
                        "endTime": 57.70684748075346,
                        "type": "move",
                        "id": 4
                    }
                }
            },
            {
                "time": "2018-02-05T18:21:27.486Z",
                "type": "SELECT",
                "source": "data:click",
                "_t": "11:21:27",
                "_end": "-",
                "data": {
                    "time": 55.550348,
                    "endTime": 57.70684748075346,
                    "type": "move",
                    "id": 4
                }
            },
            {
                "time": "2018-02-05T18:21:28.180Z",
                "type": "DELETE",
                "source": "hotkey",
                "_t": "11:21:28",
                "_end": "-",
                "data": {
                    "id": 4,
                    "idx": 1
                }
            },
            {
                "time": "2018-02-05T18:21:31.783Z",
                "type": "START",
                "source": "hotkey",
                "_t": "11:21:31",
                "_end": "-",
                "data": {
                    "type": "move",
                    "time": 55.289685
                }
            },
            {
                "time": "2018-02-05T18:21:37.782Z",
                "type": "END",
                "source": "hotkey:ctb",
                "_t": "11:21:37",
                "_end": "-",
                "data": {
                    "lbl": {
                        "time": 55.289685,
                        "endTime": 64.75057750614243,
                        "type": "move",
                        "id": 4
                    },
                    "key": "enter"
                }
            },
            {
                "time": "2018-02-05T18:21:43.198Z",
                "type": "SELECT",
                "source": "data:click",
                "_t": "11:21:43",
                "_end": "-",
                "data": {
                    "time": 55.289685,
                    "endTime": 64.75057750614243,
                    "type": "move",
                    "id": 4
                }
            },
            {
                "time": {
                    "start": "2018-02-05T18:21:44.126Z",
                    "end": "2018-02-05T18:21:45.741Z"
                },
                "type": "RESIZE",
                "source": "data:brush",
                "_t": "11:21:44",
                "_end": "11:21:45",
                "data": {
                    "brushing": true,
                    "origin": [
                        55.289685,
                        61.290835
                    ],
                    "_brushside": 1,
                    "start": "2018-02-05T18:21:44.126Z",
                    "ε": 0.1,
                    "mode": "resize"
                }
            },
            {
                "time": "2018-02-05T18:22:13.732Z",
                "type": "START",
                "source": "hotkey",
                "_t": "11:22:13",
                "_end": "-",
                "data": {
                    "type": "pill",
                    "time": 162.366425
                }
            },
            {
                "time": "2018-02-05T18:22:28.951Z",
                "type": "END",
                "source": "hotkey:ctb",
                "_t": "11:22:28",
                "_end": "-",
                "data": {
                    "lbl": {
                        "time": 162.366425,
                        "endTime": 169.975625,
                        "type": "pill",
                        "id": 5
                    },
                    "key": "enter"
                }
            },
            {
                "time": "2018-02-05T18:22:40.836Z",
                "type": "START",
                "source": "hotkey",
                "_t": "11:22:40",
                "_end": "-",
                "data": {
                    "type": "move",
                    "time": 215.945125
                }
            },
            {
                "time": "2018-02-05T18:22:46.528Z",
                "type": "END",
                "source": "data:click:h_pos",
                "_t": "11:22:46",
                "_end": "-",
                "data": {
                    "lbl": {
                        "time": 215.945125,
                        "endTime": 217.33071386814052,
                        "type": "move",
                        "id": 6
                    }
                }
            },
            {
                "time": "2018-02-05T18:22:47.264Z",
                "type": "SELECT",
                "source": "data:click",
                "_t": "11:22:47",
                "_end": "-",
                "data": {
                    "time": 215.945125,
                    "endTime": 217.33071386814052,
                    "type": "move",
                    "id": 6
                }
            },
            {
                "time": "2018-02-05T18:22:47.685Z",
                "type": "DELETE",
                "source": "hotkey",
                "_t": "11:22:47",
                "_end": "-",
                "data": {
                    "id": 6,
                    "idx": 3
                }
            },
            {
                "time": "2018-02-05T18:22:51.176Z",
                "type": "START",
                "source": "hotkey",
                "_t": "11:22:51",
                "_end": "-",
                "data": {
                    "type": "pill",
                    "time": 215.935849
                }
            },
            {
                "time": "2018-02-05T18:23:03.528Z",
                "type": "END",
                "source": "hotkey:ctb",
                "_t": "11:23:03",
                "_end": "-",
                "data": {
                    "lbl": {
                        "time": 215.935849,
                        "endTime": 222.110347,
                        "type": "pill",
                        "id": 6
                    },
                    "key": "enter"
                }
            },
            {
                "time": "2018-02-05T18:23:13.006Z",
                "type": "START",
                "source": "hotkey",
                "_t": "11:23:13",
                "_end": "-",
                "data": {
                    "type": "move",
                    "time": 239.324796
                }
            }
        ],
        "navigationEvents": [
            {
                "time": "2018-02-05T18:20:22.933Z",
                "type": "PLAY",
                "source": "video:button",
                "_t": "11:20:22",
                "_end": "-"
            },
            {
                "time": {
                    "start": "2018-02-05T18:19:48.214Z",
                    "end": "2018-02-05T18:20:43.623Z"
                },
                "type": "SCRUB",
                "source": "data:drag",
                "_t": "11:19:48",
                "_end": "11:20:43",
                "data": {
                    "time": 31.519552
                }
            },
            {
                "time": {
                    "start": "2018-02-05T18:19:48.214Z",
                    "end": "2018-02-05T18:20:44.792Z"
                },
                "type": "SCRUB",
                "source": "data:drag",
                "_t": "11:19:48",
                "_end": "11:20:44",
                "data": {
                    "time": 29.417476
                }
            },
            {
                "time": "2018-02-05T18:20:57.971Z",
                "type": "PAUSE",
                "source": "video:button",
                "_t": "11:20:57",
                "_end": "-"
            },
            {
                "time": {
                    "start": "2018-02-05T18:19:48.214Z",
                    "end": "2018-02-05T18:20:59.452Z"
                },
                "type": "SCRUB",
                "source": "data:drag",
                "_t": "11:19:48",
                "_end": "11:20:59",
                "data": {
                    "time": 42.252781
                }
            },
            {
                "time": {
                    "start": "2018-02-05T18:19:48.214Z",
                    "end": "2018-02-05T18:21:02.654Z"
                },
                "type": "SCRUB",
                "source": "data:drag",
                "_t": "11:19:48",
                "_end": "11:21:02",
                "data": {
                    "time": 42.252781
                }
            },
            {
                "time": {
                    "start": "2018-02-05T18:19:48.214Z",
                    "end": "2018-02-05T18:21:03.251Z"
                },
                "type": "SCRUB",
                "source": "data:drag",
                "_t": "11:19:48",
                "_end": "11:21:03",
                "data": {
                    "time": 42.252781
                }
            },
            {
                "time": {
                    "start": "2018-02-05T18:19:48.214Z",
                    "end": "2018-02-05T18:21:05.978Z"
                },
                "type": "SCRUB",
                "source": "data:drag",
                "_t": "11:19:48",
                "_end": "11:21:05",
                "data": {
                    "time": 48.420148
                }
            },
            {
                "time": {
                    "start": "2018-02-05T18:19:48.214Z",
                    "end": "2018-02-05T18:21:07.732Z"
                },
                "type": "SCRUB",
                "source": "data:drag",
                "_t": "11:19:48",
                "_end": "11:21:07",
                "data": {
                    "time": 54.086103
                }
            },
            {
                "time": {
                    "start": "2018-02-05T18:19:48.214Z",
                    "end": "2018-02-05T18:21:09.950Z"
                },
                "type": "SCRUB",
                "source": "data:drag",
                "_t": "11:19:48",
                "_end": "11:21:09",
                "data": {
                    "time": 55.189209
                }
            },
            {
                "time": {
                    "start": "2018-02-05T18:19:48.214Z",
                    "end": "2018-02-05T18:21:11.147Z"
                },
                "type": "SCRUB",
                "source": "data:drag",
                "_t": "11:19:48",
                "_end": "11:21:11",
                "data": {
                    "time": 54.687797
                }
            },
            {
                "time": "2018-02-05T18:21:12.109Z",
                "type": "PLAY",
                "source": "video:button",
                "_t": "11:21:12",
                "_end": "-"
            },
            {
                "time": "2018-02-05T18:21:17.248Z",
                "type": "PAUSE",
                "source": "video:button",
                "_t": "11:21:17",
                "_end": "-"
            },
            {
                "time": {
                    "start": "2018-02-05T18:19:48.214Z",
                    "end": "2018-02-05T18:21:18.629Z"
                },
                "type": "SCRUB",
                "source": "data:drag",
                "_t": "11:19:48",
                "_end": "11:21:18",
                "data": {
                    "time": 59.764705
                }
            },
            {
                "time": {
                    "start": "2018-02-05T18:19:48.214Z",
                    "end": "2018-02-05T18:21:23.137Z"
                },
                "type": "SCRUB",
                "source": "data:drag",
                "_t": "11:19:48",
                "_end": "11:21:23",
                "data": {
                    "time": 54.95115
                }
            },
            {
                "time": "2018-02-05T18:21:23.876Z",
                "type": "PLAY",
                "source": "video:button",
                "_t": "11:21:23",
                "_end": "-"
            },
            {
                "time": "2018-02-05T18:21:25.324Z",
                "type": "PAUSE",
                "source": "video:button",
                "_t": "11:21:25",
                "_end": "-"
            },
            {
                "time": {
                    "start": "2018-02-05T18:19:48.214Z",
                    "end": "2018-02-05T18:21:26.485Z"
                },
                "type": "SCRUB",
                "source": "data:drag",
                "_t": "11:19:48",
                "_end": "11:21:26",
                "data": {
                    "time": 56.302894
                }
            },
            {
                "time": {
                    "start": "2018-02-05T18:19:48.214Z",
                    "end": "2018-02-05T18:21:27.484Z"
                },
                "type": "SCRUB",
                "source": "data:drag",
                "_t": "11:19:48",
                "_end": "11:21:27",
                "data": {
                    "time": 56.302894
                }
            },
            {
                "time": {
                    "start": "2018-02-05T18:19:48.214Z",
                    "end": "2018-02-05T18:21:29.313Z"
                },
                "type": "SCRUB",
                "source": "data:drag",
                "_t": "11:19:48",
                "_end": "11:21:29",
                "data": {
                    "time": 53.444845
                }
            },
            {
                "time": "2018-02-05T18:21:29.837Z",
                "type": "PLAY",
                "source": "video:button",
                "_t": "11:21:29",
                "_end": "-"
            },
            {
                "time": "2018-02-05T18:21:41.703Z",
                "type": "PAUSE",
                "source": "video:button",
                "_t": "11:21:41",
                "_end": "-"
            },
            {
                "time": {
                    "start": "2018-02-05T18:19:48.214Z",
                    "end": "2018-02-05T18:21:43.197Z"
                },
                "type": "SCRUB",
                "source": "data:drag",
                "_t": "11:19:48",
                "_end": "11:21:43",
                "data": {
                    "time": 65.213405
                }
            },
            {
                "time": {
                    "start": "2018-02-05T18:19:48.214Z",
                    "end": "2018-02-05T18:21:45.749Z"
                },
                "type": "SCRUB",
                "source": "data:drag",
                "_t": "11:19:48",
                "_end": "11:21:45",
                "data": {
                    "time": 65.213405
                }
            },
            {
                "time": {
                    "start": "2018-02-05T18:19:48.214Z",
                    "end": "2018-02-05T18:21:47.500Z"
                },
                "type": "SCRUB",
                "source": "data:drag",
                "_t": "11:19:48",
                "_end": "11:21:47",
                "data": {
                    "time": 62.555921
                }
            },
            {
                "time": "2018-02-05T18:21:47.791Z",
                "type": "PLAY",
                "source": "video:button",
                "_t": "11:21:47",
                "_end": "-"
            },
            {
                "time": "2018-02-05T18:21:50.447Z",
                "type": "PAUSE",
                "source": "video:button",
                "_t": "11:21:50",
                "_end": "-"
            },
            {
                "time": "2018-02-05T18:21:52.094Z",
                "type": "PLAY",
                "source": "video:button",
                "_t": "11:21:52",
                "_end": "-"
            },
            {
                "time": {
                    "start": "2018-02-05T18:19:48.214Z",
                    "end": "2018-02-05T18:21:54.483Z"
                },
                "type": "SCRUB",
                "source": "data:drag",
                "_t": "11:19:48",
                "_end": "11:21:54",
                "data": {
                    "time": 64.24224
                }
            },
            {
                "time": "2018-02-05T18:21:55.461Z",
                "type": "PAUSE",
                "source": "video:button",
                "_t": "11:21:55",
                "_end": "-"
            },
            {
                "time": {
                    "start": "2018-02-05T18:19:48.214Z",
                    "end": "2018-02-05T18:21:56.996Z"
                },
                "type": "SCRUB",
                "source": "data:drag",
                "_t": "11:19:48",
                "_end": "11:21:56",
                "data": {
                    "time": 63.872183
                }
            },
            {
                "time": "2018-02-05T18:21:58.349Z",
                "type": "CHANGE-PLAYBACK-RATE",
                "source": "video:menu",
                "_t": "11:21:58",
                "_end": "-",
                "data": {
                    "oldRate": 1,
                    "newRate": 0.5
                }
            },
            {
                "time": "2018-02-05T18:21:58.925Z",
                "type": "PLAY",
                "source": "video:button",
                "_t": "11:21:58",
                "_end": "-"
            },
            {
                "time": "2018-02-05T18:22:00.837Z",
                "type": "PAUSE",
                "source": "video:button",
                "_t": "11:22:00",
                "_end": "-"
            },
            {
                "time": "2018-02-05T18:22:02.302Z",
                "type": "PLAY",
                "source": "video:button",
                "_t": "11:22:02",
                "_end": "-"
            },
            {
                "time": "2018-02-05T18:22:04.357Z",
                "type": "CHANGE-PLAYBACK-RATE",
                "source": "video:menu",
                "_t": "11:22:04",
                "_end": "-",
                "data": {
                    "oldRate": 0.5,
                    "newRate": 2
                }
            },
            {
                "time": {
                    "start": "2018-02-05T18:19:48.214Z",
                    "end": "2018-02-05T18:22:05.958Z"
                },
                "type": "SCRUB",
                "source": "data:drag",
                "_t": "11:19:48",
                "_end": "11:22:05",
                "data": {
                    "time": 100.352017
                }
            },
            {
                "time": {
                    "start": "2018-02-05T18:19:48.214Z",
                    "end": "2018-02-05T18:22:07.159Z"
                },
                "type": "SCRUB",
                "source": "data:drag",
                "_t": "11:19:48",
                "_end": "11:22:07",
                "data": {
                    "time": 129.997864
                }
            },
            {
                "time": {
                    "start": "2018-02-05T18:19:48.214Z",
                    "end": "2018-02-05T18:22:08.784Z"
                },
                "type": "SCRUB",
                "source": "data:drag",
                "_t": "11:19:48",
                "_end": "11:22:08",
                "data": {
                    "time": 148.901094
                }
            },
            {
                "time": {
                    "start": "2018-02-05T18:19:48.214Z",
                    "end": "2018-02-05T18:22:10.332Z"
                },
                "type": "SCRUB",
                "source": "data:drag",
                "_t": "11:19:48",
                "_end": "11:22:10",
                "data": {
                    "time": 161.33611
                }
            },
            {
                "time": "2018-02-05T18:22:10.895Z",
                "type": "PAUSE",
                "source": "video:button",
                "_t": "11:22:10",
                "_end": "-"
            },
            {
                "time": "2018-02-05T18:22:12.405Z",
                "type": "CHANGE-PLAYBACK-RATE",
                "source": "video:menu",
                "_t": "11:22:12",
                "_end": "-",
                "data": {
                    "oldRate": 2,
                    "newRate": 0.5
                }
            },
            {
                "time": "2018-02-05T18:22:13.206Z",
                "type": "PLAY",
                "source": "video:button",
                "_t": "11:22:13",
                "_end": "-"
            },
            {
                "time": "2018-02-05T18:22:32.035Z",
                "type": "CHANGE-PLAYBACK-RATE",
                "source": "video:menu",
                "_t": "11:22:32",
                "_end": "-",
                "data": {
                    "oldRate": 0.5,
                    "newRate": 1
                }
            },
            {
                "time": {
                    "start": "2018-02-05T18:19:48.214Z",
                    "end": "2018-02-05T18:22:34.282Z"
                },
                "type": "SCRUB",
                "source": "data:drag",
                "_t": "11:19:48",
                "_end": "11:22:34",
                "data": {
                    "time": 209.658911
                }
            },
            {
                "time": "2018-02-05T18:22:35.605Z",
                "type": "CHANGE-PLAYBACK-RATE",
                "source": "video:menu",
                "_t": "11:22:35",
                "_end": "-",
                "data": {
                    "oldRate": 1,
                    "newRate": 0.5
                }
            },
            {
                "time": {
                    "start": "2018-02-05T18:19:48.214Z",
                    "end": "2018-02-05T18:22:37.498Z"
                },
                "type": "SCRUB",
                "source": "data:drag",
                "_t": "11:19:48",
                "_end": "11:22:37",
                "data": {
                    "time": 214.559738
                }
            },
            {
                "time": "2018-02-05T18:22:45.252Z",
                "type": "PAUSE",
                "source": "video:button",
                "_t": "11:22:45",
                "_end": "-"
            },
            {
                "time": {
                    "start": "2018-02-05T18:19:48.214Z",
                    "end": "2018-02-05T18:22:46.526Z"
                },
                "type": "SCRUB",
                "source": "data:drag",
                "_t": "11:19:48",
                "_end": "11:22:46",
                "data": {
                    "time": 218.154915
                }
            },
            {
                "time": {
                    "start": "2018-02-05T18:19:48.214Z",
                    "end": "2018-02-05T18:22:47.261Z"
                },
                "type": "SCRUB",
                "source": "data:drag",
                "_t": "11:19:48",
                "_end": "11:22:47",
                "data": {
                    "time": 218.154915
                }
            },
            {
                "time": {
                    "start": "2018-02-05T18:19:48.214Z",
                    "end": "2018-02-05T18:22:49.606Z"
                },
                "type": "SCRUB",
                "source": "data:drag",
                "_t": "11:19:48",
                "_end": "11:22:49",
                "data": {
                    "time": 215.625913
                }
            },
            {
                "time": "2018-02-05T18:22:50.462Z",
                "type": "PLAY",
                "source": "video:button",
                "_t": "11:22:50",
                "_end": "-"
            },
            {
                "time": {
                    "start": "2018-02-05T18:19:48.214Z",
                    "end": "2018-02-05T18:23:09.202Z"
                },
                "type": "SCRUB",
                "source": "data:drag",
                "_t": "11:19:48",
                "_end": "11:23:09",
                "data": {
                    "time": 246.145393
                }
            },
            {
                "time": {
                    "start": "2018-02-05T18:19:48.214Z",
                    "end": "2018-02-05T18:23:12.452Z"
                },
                "type": "SCRUB",
                "source": "data:drag",
                "_t": "11:19:48",
                "_end": "11:23:12",
                "data": {
                    "time": 239.187806
                }
            }
        ]
    }
}