{
    "user_id": "052",
    "session_id": "5a789de7ee2b1975ba835b9d",
    "study": "studyD",
    "workspace": "pill.pills-blue",
    "details": {
        "workspace": "pill.pills-blue",
        "labels": [
            {
                "time": 30.745011,
                "endTime": 39.945206,
                "type": "pill",
                "id": 1
            },
            {
                "time": 55.475952,
                "endTime": 64.676146,
                "type": "move",
                "id": 2
            },
            {
                "time": 162.34702,
                "endTime": 169.951904,
                "type": "pill",
                "id": 3
            }
        ],
        "_starts": [
            "2018-02-05T18:20:03.000Z"
        ],
        "_ends": [
            "2018-02-05T18:23:30.380Z"
        ]
    },
    "labels_file": "/home/ubuntu/vat/data/user-studies/studyD/pill-blue/052.labels.json",
    "videoFlash": 4.288888,
    "surveys": {
        "user-info": {
            "firstname": "Gaven",
            "lastname": "Finch",
            "email": "gavenfinch@gmail.com"
        },
        "practice-first": {
            "question1": "3",
            "question2": "ok",
            "question3": "50",
            "question4": "4"
        },
        "practice-second": {},
        "practice-third": {},
        "practice-survey": {}
    },
    "logs": {
        "labelEvents": [
            {
                "time": "2018-02-05T18:21:04.057Z",
                "type": "START",
                "source": "hotkey",
                "_t": "11:21:04",
                "_end": "-",
                "data": {
                    "type": "pill",
                    "time": 30.745011
                }
            },
            {
                "time": "2018-02-05T18:21:25.577Z",
                "type": "END",
                "source": "hotkey:ctb",
                "_t": "11:21:25",
                "_end": "-",
                "data": {
                    "lbl": {
                        "time": 30.745011,
                        "endTime": 39.945206,
                        "type": "pill",
                        "id": 1
                    },
                    "key": "enter"
                }
            },
            {
                "time": "2018-02-05T18:22:00.570Z",
                "type": "START",
                "source": "hotkey",
                "_t": "11:22:00",
                "_end": "-",
                "data": {
                    "type": "move",
                    "time": 55.475952
                }
            },
            {
                "time": "2018-02-05T18:22:16.778Z",
                "type": "END",
                "source": "hotkey:ctb",
                "_t": "11:22:16",
                "_end": "-",
                "data": {
                    "lbl": {
                        "time": 55.475952,
                        "endTime": 64.676146,
                        "type": "move",
                        "id": 2
                    },
                    "key": "enter"
                }
            },
            {
                "time": "2018-02-05T18:23:02.156Z",
                "type": "START",
                "source": "hotkey",
                "_t": "11:23:02",
                "_end": "-",
                "data": {
                    "type": "pill",
                    "time": 162.34702
                }
            },
            {
                "time": "2018-02-05T18:23:21.803Z",
                "type": "END",
                "source": "hotkey:ctb",
                "_t": "11:23:21",
                "_end": "-",
                "data": {
                    "lbl": {
                        "time": 162.34702,
                        "endTime": 169.951904,
                        "type": "pill",
                        "id": 3
                    },
                    "key": "enter"
                }
            }
        ],
        "navigationEvents": [
            {
                "time": "2018-02-05T18:20:30.968Z",
                "type": "PLAY",
                "source": "hotkey",
                "_t": "11:20:30",
                "_end": "-",
                "data": {
                    "key": "space"
                }
            },
            {
                "time": "2018-02-05T18:20:32.393Z",
                "type": "SKIP",
                "source": "hotkey",
                "_t": "11:20:32",
                "_end": "-",
                "data": {
                    "t": 5.645941,
                    "Δt": 5,
                    "key": "right"
                }
            },
            {
                "time": "2018-02-05T18:20:34.953Z",
                "type": "SKIP",
                "source": "hotkey",
                "_t": "11:20:34",
                "_end": "-",
                "data": {
                    "t": 12.358963,
                    "Δt": 5,
                    "key": "right"
                }
            },
            {
                "time": "2018-02-05T18:20:36.026Z",
                "type": "SKIP",
                "source": "hotkey",
                "_t": "11:20:36",
                "_end": "-",
                "data": {
                    "t": 18.127868,
                    "Δt": 5,
                    "key": "right"
                }
            },
            {
                "time": "2018-02-05T18:20:37.865Z",
                "type": "SKIP",
                "source": "hotkey",
                "_t": "11:20:37",
                "_end": "-",
                "data": {
                    "t": 24.17782,
                    "Δt": 5,
                    "key": "right"
                }
            },
            {
                "time": "2018-02-05T18:20:40.409Z",
                "type": "CHANGE-PLAYBACK-RATE",
                "source": "hotkey:down",
                "_t": "11:20:40",
                "_end": "-",
                "data": {
                    "oldRate": 1,
                    "newRate": 0.5
                }
            },
            {
                "time": "2018-02-05T18:20:41.001Z",
                "type": "CHANGE-PLAYBACK-RATE",
                "source": "hotkey:up",
                "_t": "11:20:41",
                "_end": "-",
                "data": {
                    "oldRate": 0.5,
                    "newRate": 1
                }
            },
            {
                "time": "2018-02-05T18:20:47.161Z",
                "type": "SKIP",
                "source": "hotkey",
                "_t": "11:20:47",
                "_end": "-",
                "data": {
                    "t": 37.679149,
                    "Δt": -5,
                    "key": "left"
                }
            },
            {
                "time": "2018-02-05T18:20:48.329Z",
                "type": "SKIP",
                "source": "hotkey",
                "_t": "11:20:48",
                "_end": "-",
                "data": {
                    "t": 32.973873,
                    "Δt": -5,
                    "key": "left"
                }
            },
            {
                "time": "2018-02-05T18:20:49.881Z",
                "type": "PAUSE",
                "source": "hotkey",
                "_t": "11:20:49",
                "_end": "-",
                "data": {
                    "key": "space"
                }
            },
            {
                "time": "2018-02-05T18:20:50.762Z",
                "type": "SKIP",
                "source": "hotkey",
                "_t": "11:20:50",
                "_end": "-",
                "data": {
                    "t": 29.150545,
                    "Δt": 0.033366700033366704,
                    "key": "shift+right"
                }
            },
            {
                "time": "2018-02-05T18:20:50.904Z",
                "type": "SKIP",
                "source": "hotkey",
                "_t": "11:20:50",
                "_end": "-",
                "data": {
                    "t": 29.183911,
                    "Δt": 0.033366700033366704,
                    "key": "shift+right"
                }
            },
            {
                "time": "2018-02-05T18:20:52.298Z",
                "type": "PLAY",
                "source": "hotkey",
                "_t": "11:20:52",
                "_end": "-",
                "data": {
                    "key": "space"
                }
            },
            {
                "time": "2018-02-05T18:20:53.787Z",
                "type": "PAUSE",
                "source": "hotkey",
                "_t": "11:20:53",
                "_end": "-",
                "data": {
                    "key": "space"
                }
            },
            {
                "time": "2018-02-05T18:20:55.176Z",
                "type": "PLAY",
                "source": "hotkey",
                "_t": "11:20:55",
                "_end": "-",
                "data": {
                    "key": "space"
                }
            },
            {
                "time": "2018-02-05T18:20:55.480Z",
                "type": "PAUSE",
                "source": "hotkey",
                "_t": "11:20:55",
                "_end": "-",
                "data": {
                    "key": "space"
                }
            },
            {
                "time": "2018-02-05T18:20:56.200Z",
                "type": "SKIP",
                "source": "hotkey",
                "_t": "11:20:56",
                "_end": "-",
                "data": {
                    "t": 30.911846,
                    "Δt": -0.033366700033366704,
                    "key": "shift+left"
                }
            },
            {
                "time": "2018-02-05T18:20:56.570Z",
                "type": "SKIP",
                "source": "hotkey",
                "_t": "11:20:56",
                "_end": "-",
                "data": {
                    "t": 30.878479,
                    "Δt": -0.033366700033366704,
                    "key": "shift+left"
                }
            },
            {
                "time": "2018-02-05T18:20:58.041Z",
                "type": "SKIP",
                "source": "hotkey",
                "_t": "11:20:58",
                "_end": "-",
                "data": {
                    "t": 30.845112,
                    "Δt": -0.033366700033366704,
                    "key": "shift+left"
                }
            },
            {
                "time": "2018-02-05T18:20:59.052Z",
                "type": "SKIP",
                "source": "hotkey",
                "_t": "11:20:59",
                "_end": "-",
                "data": {
                    "t": 30.811745,
                    "Δt": -0.033366700033366704,
                    "key": "shift+left"
                }
            },
            {
                "time": "2018-02-05T18:21:00.057Z",
                "type": "SKIP",
                "source": "hotkey",
                "_t": "11:21:00",
                "_end": "-",
                "data": {
                    "t": 30.778378,
                    "Δt": -0.033366700033366704,
                    "key": "shift+left"
                }
            },
            {
                "time": "2018-02-05T18:21:05.001Z",
                "type": "SKIP",
                "source": "hotkey",
                "_t": "11:21:05",
                "_end": "-",
                "data": {
                    "t": 30.745011,
                    "Δt": 1,
                    "key": "right"
                }
            },
            {
                "time": "2018-02-05T18:21:06.168Z",
                "type": "SKIP",
                "source": "hotkey",
                "_t": "11:21:06",
                "_end": "-",
                "data": {
                    "t": 31.745011,
                    "Δt": 1,
                    "key": "right"
                }
            },
            {
                "time": "2018-02-05T18:21:06.473Z",
                "type": "SKIP",
                "source": "hotkey",
                "_t": "11:21:06",
                "_end": "-",
                "data": {
                    "t": 32.745011,
                    "Δt": 1,
                    "key": "right"
                }
            },
            {
                "time": "2018-02-05T18:21:06.937Z",
                "type": "SKIP",
                "source": "hotkey",
                "_t": "11:21:06",
                "_end": "-",
                "data": {
                    "t": 33.745011,
                    "Δt": 1,
                    "key": "right"
                }
            },
            {
                "time": "2018-02-05T18:21:07.320Z",
                "type": "SKIP",
                "source": "hotkey",
                "_t": "11:21:07",
                "_end": "-",
                "data": {
                    "t": 34.745011,
                    "Δt": 1,
                    "key": "right"
                }
            },
            {
                "time": "2018-02-05T18:21:07.770Z",
                "type": "SKIP",
                "source": "hotkey",
                "_t": "11:21:07",
                "_end": "-",
                "data": {
                    "t": 35.745011,
                    "Δt": 1,
                    "key": "right"
                }
            },
            {
                "time": "2018-02-05T18:21:08.057Z",
                "type": "SKIP",
                "source": "hotkey",
                "_t": "11:21:08",
                "_end": "-",
                "data": {
                    "t": 36.745011,
                    "Δt": 1,
                    "key": "right"
                }
            },
            {
                "time": "2018-02-05T18:21:08.233Z",
                "type": "SKIP",
                "source": "hotkey",
                "_t": "11:21:08",
                "_end": "-",
                "data": {
                    "t": 37.745011,
                    "Δt": 1,
                    "key": "right"
                }
            },
            {
                "time": "2018-02-05T18:21:08.393Z",
                "type": "SKIP",
                "source": "hotkey",
                "_t": "11:21:08",
                "_end": "-",
                "data": {
                    "t": 38.745011,
                    "Δt": 1,
                    "key": "right"
                }
            },
            {
                "time": "2018-02-05T18:21:10.457Z",
                "type": "SKIP",
                "source": "hotkey",
                "_t": "11:21:10",
                "_end": "-",
                "data": {
                    "t": 39.745011,
                    "Δt": 0.033366700033366704,
                    "key": "shift+right"
                }
            },
            {
                "time": "2018-02-05T18:21:12.121Z",
                "type": "SKIP",
                "source": "hotkey",
                "_t": "11:21:12",
                "_end": "-",
                "data": {
                    "t": 39.778377,
                    "Δt": 0.033366700033366704,
                    "key": "shift+right"
                }
            },
            {
                "time": "2018-02-05T18:21:14.168Z",
                "type": "SKIP",
                "source": "hotkey",
                "_t": "11:21:14",
                "_end": "-",
                "data": {
                    "t": 39.811743,
                    "Δt": 0.033366700033366704,
                    "key": "shift+right"
                }
            },
            {
                "time": "2018-02-05T18:21:15.817Z",
                "type": "SKIP",
                "source": "hotkey",
                "_t": "11:21:15",
                "_end": "-",
                "data": {
                    "t": 39.845109,
                    "Δt": 0.033366700033366704,
                    "key": "shift+right"
                }
            },
            {
                "time": "2018-02-05T18:21:17.673Z",
                "type": "SKIP",
                "source": "hotkey",
                "_t": "11:21:17",
                "_end": "-",
                "data": {
                    "t": 39.878475,
                    "Δt": 0.033366700033366704,
                    "key": "shift+right"
                }
            },
            {
                "time": "2018-02-05T18:21:19.592Z",
                "type": "SKIP",
                "source": "hotkey",
                "_t": "11:21:19",
                "_end": "-",
                "data": {
                    "t": 39.911841,
                    "Δt": 0.033366700033366704,
                    "key": "shift+right"
                }
            },
            {
                "time": "2018-02-05T18:21:22.249Z",
                "type": "SKIP",
                "source": "hotkey",
                "_t": "11:21:22",
                "_end": "-",
                "data": {
                    "t": 39.945207,
                    "Δt": 0.033366700033366704,
                    "key": "shift+right"
                }
            },
            {
                "time": "2018-02-05T18:21:23.721Z",
                "type": "SKIP",
                "source": "hotkey",
                "_t": "11:21:23",
                "_end": "-",
                "data": {
                    "t": 39.978573,
                    "Δt": -0.033366700033366704,
                    "key": "shift+left"
                }
            },
            {
                "time": "2018-02-05T18:21:26.153Z",
                "type": "SKIP",
                "source": "hotkey",
                "_t": "11:21:26",
                "_end": "-",
                "data": {
                    "t": 39.945206,
                    "Δt": 1,
                    "key": "right"
                }
            },
            {
                "time": "2018-02-05T18:21:26.874Z",
                "type": "SKIP",
                "source": "hotkey",
                "_t": "11:21:26",
                "_end": "-",
                "data": {
                    "t": 40.945206,
                    "Δt": 1,
                    "key": "right"
                }
            },
            {
                "time": "2018-02-05T18:21:27.177Z",
                "type": "SKIP",
                "source": "hotkey",
                "_t": "11:21:27",
                "_end": "-",
                "data": {
                    "t": 41.945206,
                    "Δt": 1,
                    "key": "right"
                }
            },
            {
                "time": "2018-02-05T18:21:28.010Z",
                "type": "SKIP",
                "source": "hotkey",
                "_t": "11:21:28",
                "_end": "-",
                "data": {
                    "t": 42.945206,
                    "Δt": 1,
                    "key": "right"
                }
            },
            {
                "time": "2018-02-05T18:21:28.169Z",
                "type": "SKIP",
                "source": "hotkey",
                "_t": "11:21:28",
                "_end": "-",
                "data": {
                    "t": 43.945206,
                    "Δt": 1,
                    "key": "right"
                }
            },
            {
                "time": "2018-02-05T18:21:28.313Z",
                "type": "SKIP",
                "source": "hotkey",
                "_t": "11:21:28",
                "_end": "-",
                "data": {
                    "t": 44.945206,
                    "Δt": 1,
                    "key": "right"
                }
            },
            {
                "time": "2018-02-05T18:21:28.458Z",
                "type": "SKIP",
                "source": "hotkey",
                "_t": "11:21:28",
                "_end": "-",
                "data": {
                    "t": 45.945206,
                    "Δt": 1,
                    "key": "right"
                }
            },
            {
                "time": "2018-02-05T18:21:28.860Z",
                "type": "PLAY",
                "source": "hotkey",
                "_t": "11:21:28",
                "_end": "-",
                "data": {
                    "key": "space"
                }
            },
            {
                "time": "2018-02-05T18:21:29.897Z",
                "type": "SKIP",
                "source": "hotkey",
                "_t": "11:21:29",
                "_end": "-",
                "data": {
                    "t": 47.910463,
                    "Δt": 5,
                    "key": "right"
                }
            },
            {
                "time": "2018-02-05T18:21:39.257Z",
                "type": "SKIP",
                "source": "hotkey",
                "_t": "11:21:39",
                "_end": "-",
                "data": {
                    "t": 62.035646,
                    "Δt": -5,
                    "key": "left"
                }
            },
            {
                "time": "2018-02-05T18:21:40.398Z",
                "type": "SKIP",
                "source": "hotkey",
                "_t": "11:21:40",
                "_end": "-",
                "data": {
                    "t": 57.449347,
                    "Δt": -5,
                    "key": "left"
                }
            },
            {
                "time": "2018-02-05T18:21:41.704Z",
                "type": "PAUSE",
                "source": "hotkey",
                "_t": "11:21:41",
                "_end": "-",
                "data": {
                    "key": "space"
                }
            },
            {
                "time": "2018-02-05T18:21:42.154Z",
                "type": "SKIP",
                "source": "hotkey",
                "_t": "11:21:42",
                "_end": "-",
                "data": {
                    "t": 53.573682,
                    "Δt": 0.033366700033366704,
                    "key": "shift+right"
                }
            },
            {
                "time": "2018-02-05T18:21:42.297Z",
                "type": "SKIP",
                "source": "hotkey",
                "_t": "11:21:42",
                "_end": "-",
                "data": {
                    "t": 53.607048,
                    "Δt": 0.033366700033366704,
                    "key": "shift+right"
                }
            },
            {
                "time": "2018-02-05T18:21:42.441Z",
                "type": "SKIP",
                "source": "hotkey",
                "_t": "11:21:42",
                "_end": "-",
                "data": {
                    "t": 53.640414,
                    "Δt": 0.033366700033366704,
                    "key": "shift+right"
                }
            },
            {
                "time": "2018-02-05T18:21:43.145Z",
                "type": "SKIP",
                "source": "hotkey",
                "_t": "11:21:43",
                "_end": "-",
                "data": {
                    "t": 53.67378,
                    "Δt": 0.033366700033366704,
                    "key": "shift+right"
                }
            },
            {
                "time": "2018-02-05T18:21:43.289Z",
                "type": "SKIP",
                "source": "hotkey",
                "_t": "11:21:43",
                "_end": "-",
                "data": {
                    "t": 53.707146,
                    "Δt": 0.033366700033366704,
                    "key": "shift+right"
                }
            },
            {
                "time": "2018-02-05T18:21:43.420Z",
                "type": "SKIP",
                "source": "hotkey",
                "_t": "11:21:43",
                "_end": "-",
                "data": {
                    "t": 53.740512,
                    "Δt": 0.033366700033366704,
                    "key": "shift+right"
                }
            },
            {
                "time": "2018-02-05T18:21:43.561Z",
                "type": "SKIP",
                "source": "hotkey",
                "_t": "11:21:43",
                "_end": "-",
                "data": {
                    "t": 53.773878,
                    "Δt": 0.033366700033366704,
                    "key": "shift+right"
                }
            },
            {
                "time": "2018-02-05T18:21:43.689Z",
                "type": "SKIP",
                "source": "hotkey",
                "_t": "11:21:43",
                "_end": "-",
                "data": {
                    "t": 53.807244,
                    "Δt": 0.033366700033366704,
                    "key": "shift+right"
                }
            },
            {
                "time": "2018-02-05T18:21:43.833Z",
                "type": "SKIP",
                "source": "hotkey",
                "_t": "11:21:43",
                "_end": "-",
                "data": {
                    "t": 53.84061,
                    "Δt": 0.033366700033366704,
                    "key": "shift+right"
                }
            },
            {
                "time": "2018-02-05T18:21:43.960Z",
                "type": "SKIP",
                "source": "hotkey",
                "_t": "11:21:43",
                "_end": "-",
                "data": {
                    "t": 53.873976,
                    "Δt": 0.033366700033366704,
                    "key": "shift+right"
                }
            },
            {
                "time": "2018-02-05T18:21:44.105Z",
                "type": "SKIP",
                "source": "hotkey",
                "_t": "11:21:44",
                "_end": "-",
                "data": {
                    "t": 53.907342,
                    "Δt": 0.033366700033366704,
                    "key": "shift+right"
                }
            },
            {
                "time": "2018-02-05T18:21:45.274Z",
                "type": "PLAY",
                "source": "hotkey",
                "_t": "11:21:45",
                "_end": "-",
                "data": {
                    "key": "space"
                }
            },
            {
                "time": "2018-02-05T18:21:46.633Z",
                "type": "PAUSE",
                "source": "hotkey",
                "_t": "11:21:46",
                "_end": "-",
                "data": {
                    "key": "space"
                }
            },
            {
                "time": "2018-02-05T18:21:47.371Z",
                "type": "SKIP",
                "source": "hotkey",
                "_t": "11:21:47",
                "_end": "-",
                "data": {
                    "t": 55.209025,
                    "Δt": -0.033366700033366704,
                    "key": "shift+left"
                }
            },
            {
                "time": "2018-02-05T18:21:48.346Z",
                "type": "SKIP",
                "source": "hotkey",
                "_t": "11:21:48",
                "_end": "-",
                "data": {
                    "t": 55.175658,
                    "Δt": 0.033366700033366704,
                    "key": "shift+right"
                }
            },
            {
                "time": "2018-02-05T18:21:49.434Z",
                "type": "SKIP",
                "source": "hotkey",
                "_t": "11:21:49",
                "_end": "-",
                "data": {
                    "t": 55.209024,
                    "Δt": 0.033366700033366704,
                    "key": "shift+right"
                }
            },
            {
                "time": "2018-02-05T18:21:50.457Z",
                "type": "SKIP",
                "source": "hotkey",
                "_t": "11:21:50",
                "_end": "-",
                "data": {
                    "t": 55.24239,
                    "Δt": 0.033366700033366704,
                    "key": "shift+right"
                }
            },
            {
                "time": "2018-02-05T18:21:51.577Z",
                "type": "SKIP",
                "source": "hotkey",
                "_t": "11:21:51",
                "_end": "-",
                "data": {
                    "t": 55.275756,
                    "Δt": 0.033366700033366704,
                    "key": "shift+right"
                }
            },
            {
                "time": "2018-02-05T18:21:52.586Z",
                "type": "SKIP",
                "source": "hotkey",
                "_t": "11:21:52",
                "_end": "-",
                "data": {
                    "t": 55.309122,
                    "Δt": 0.033366700033366704,
                    "key": "shift+right"
                }
            },
            {
                "time": "2018-02-05T18:21:53.513Z",
                "type": "SKIP",
                "source": "hotkey",
                "_t": "11:21:53",
                "_end": "-",
                "data": {
                    "t": 55.342488,
                    "Δt": 0.033366700033366704,
                    "key": "shift+right"
                }
            },
            {
                "time": "2018-02-05T18:21:54.425Z",
                "type": "SKIP",
                "source": "hotkey",
                "_t": "11:21:54",
                "_end": "-",
                "data": {
                    "t": 55.375854,
                    "Δt": 0.033366700033366704,
                    "key": "shift+right"
                }
            },
            {
                "time": "2018-02-05T18:21:55.322Z",
                "type": "SKIP",
                "source": "hotkey",
                "_t": "11:21:55",
                "_end": "-",
                "data": {
                    "t": 55.40922,
                    "Δt": 0.033366700033366704,
                    "key": "shift+right"
                }
            },
            {
                "time": "2018-02-05T18:21:56.378Z",
                "type": "SKIP",
                "source": "hotkey",
                "_t": "11:21:56",
                "_end": "-",
                "data": {
                    "t": 55.442586,
                    "Δt": 0.033366700033366704,
                    "key": "shift+right"
                }
            },
            {
                "time": "2018-02-05T18:22:01.834Z",
                "type": "SKIP",
                "source": "hotkey",
                "_t": "11:22:01",
                "_end": "-",
                "data": {
                    "t": 55.475952,
                    "Δt": 0.033366700033366704,
                    "key": "shift+right"
                }
            },
            {
                "time": "2018-02-05T18:22:02.953Z",
                "type": "SKIP",
                "source": "hotkey",
                "_t": "11:22:02",
                "_end": "-",
                "data": {
                    "t": 55.509318,
                    "Δt": 1,
                    "key": "right"
                }
            },
            {
                "time": "2018-02-05T18:22:03.865Z",
                "type": "SKIP",
                "source": "hotkey",
                "_t": "11:22:03",
                "_end": "-",
                "data": {
                    "t": 56.509318,
                    "Δt": 1,
                    "key": "right"
                }
            },
            {
                "time": "2018-02-05T18:22:04.202Z",
                "type": "SKIP",
                "source": "hotkey",
                "_t": "11:22:04",
                "_end": "-",
                "data": {
                    "t": 57.509318,
                    "Δt": 1,
                    "key": "right"
                }
            },
            {
                "time": "2018-02-05T18:22:04.474Z",
                "type": "SKIP",
                "source": "hotkey",
                "_t": "11:22:04",
                "_end": "-",
                "data": {
                    "t": 58.509318,
                    "Δt": 1,
                    "key": "right"
                }
            },
            {
                "time": "2018-02-05T18:22:06.073Z",
                "type": "SKIP",
                "source": "hotkey",
                "_t": "11:22:06",
                "_end": "-",
                "data": {
                    "t": 59.509318,
                    "Δt": 1,
                    "key": "right"
                }
            },
            {
                "time": "2018-02-05T18:22:06.377Z",
                "type": "SKIP",
                "source": "hotkey",
                "_t": "11:22:06",
                "_end": "-",
                "data": {
                    "t": 60.509318,
                    "Δt": 1,
                    "key": "right"
                }
            },
            {
                "time": "2018-02-05T18:22:06.586Z",
                "type": "SKIP",
                "source": "hotkey",
                "_t": "11:22:06",
                "_end": "-",
                "data": {
                    "t": 61.509318,
                    "Δt": 1,
                    "key": "right"
                }
            },
            {
                "time": "2018-02-05T18:22:07.194Z",
                "type": "SKIP",
                "source": "hotkey",
                "_t": "11:22:07",
                "_end": "-",
                "data": {
                    "t": 62.509318,
                    "Δt": 1,
                    "key": "right"
                }
            },
            {
                "time": "2018-02-05T18:22:08.042Z",
                "type": "SKIP",
                "source": "hotkey",
                "_t": "11:22:08",
                "_end": "-",
                "data": {
                    "t": 63.509318,
                    "Δt": 1,
                    "key": "right"
                }
            },
            {
                "time": "2018-02-05T18:22:10.201Z",
                "type": "SKIP",
                "source": "hotkey",
                "_t": "11:22:10",
                "_end": "-",
                "data": {
                    "t": 64.509317,
                    "Δt": 0.033366700033366704,
                    "key": "shift+right"
                }
            },
            {
                "time": "2018-02-05T18:22:11.002Z",
                "type": "SKIP",
                "source": "hotkey",
                "_t": "11:22:11",
                "_end": "-",
                "data": {
                    "t": 64.542683,
                    "Δt": 0.033366700033366704,
                    "key": "shift+right"
                }
            },
            {
                "time": "2018-02-05T18:22:11.705Z",
                "type": "SKIP",
                "source": "hotkey",
                "_t": "11:22:11",
                "_end": "-",
                "data": {
                    "t": 64.576049,
                    "Δt": 0.033366700033366704,
                    "key": "shift+right"
                }
            },
            {
                "time": "2018-02-05T18:22:12.362Z",
                "type": "SKIP",
                "source": "hotkey",
                "_t": "11:22:12",
                "_end": "-",
                "data": {
                    "t": 64.609415,
                    "Δt": 0.033366700033366704,
                    "key": "shift+right"
                }
            },
            {
                "time": "2018-02-05T18:22:13.033Z",
                "type": "SKIP",
                "source": "hotkey",
                "_t": "11:22:13",
                "_end": "-",
                "data": {
                    "t": 64.642781,
                    "Δt": 0.033366700033366704,
                    "key": "shift+right"
                }
            },
            {
                "time": "2018-02-05T18:22:13.705Z",
                "type": "SKIP",
                "source": "hotkey",
                "_t": "11:22:13",
                "_end": "-",
                "data": {
                    "t": 64.676147,
                    "Δt": 0.033366700033366704,
                    "key": "shift+right"
                }
            },
            {
                "time": "2018-02-05T18:22:14.906Z",
                "type": "SKIP",
                "source": "hotkey",
                "_t": "11:22:14",
                "_end": "-",
                "data": {
                    "t": 64.709513,
                    "Δt": -0.033366700033366704,
                    "key": "shift+left"
                }
            },
            {
                "time": "2018-02-05T18:22:17.274Z",
                "type": "PLAY",
                "source": "hotkey",
                "_t": "11:22:17",
                "_end": "-",
                "data": {
                    "key": "space"
                }
            },
            {
                "time": "2018-02-05T18:22:17.754Z",
                "type": "SKIP",
                "source": "hotkey",
                "_t": "11:22:17",
                "_end": "-",
                "data": {
                    "t": 65.104613,
                    "Δt": 5,
                    "key": "right"
                }
            },
            {
                "time": "2018-02-05T18:22:19.193Z",
                "type": "SKIP",
                "source": "hotkey",
                "_t": "11:22:19",
                "_end": "-",
                "data": {
                    "t": 70.563458,
                    "Δt": 5,
                    "key": "right"
                }
            },
            {
                "time": "2018-02-05T18:22:19.515Z",
                "type": "SKIP",
                "source": "hotkey",
                "_t": "11:22:19",
                "_end": "-",
                "data": {
                    "t": 75.563458,
                    "Δt": 5,
                    "key": "right"
                }
            },
            {
                "time": "2018-02-05T18:22:19.737Z",
                "type": "SKIP",
                "source": "hotkey",
                "_t": "11:22:19",
                "_end": "-",
                "data": {
                    "t": 80.563458,
                    "Δt": 5,
                    "key": "right"
                }
            },
            {
                "time": "2018-02-05T18:22:19.930Z",
                "type": "SKIP",
                "source": "hotkey",
                "_t": "11:22:19",
                "_end": "-",
                "data": {
                    "t": 85.563458,
                    "Δt": 5,
                    "key": "right"
                }
            },
            {
                "time": "2018-02-05T18:22:20.829Z",
                "type": "SKIP",
                "source": "hotkey",
                "_t": "11:22:20",
                "_end": "-",
                "data": {
                    "t": 91.331598,
                    "Δt": 5,
                    "key": "right"
                }
            },
            {
                "time": "2018-02-05T18:22:22.066Z",
                "type": "SKIP",
                "source": "hotkey",
                "_t": "11:22:22",
                "_end": "-",
                "data": {
                    "t": 96.806962,
                    "Δt": 5,
                    "key": "right"
                }
            },
            {
                "time": "2018-02-05T18:22:22.237Z",
                "type": "SKIP",
                "source": "hotkey",
                "_t": "11:22:22",
                "_end": "-",
                "data": {
                    "t": 101.806962,
                    "Δt": 5,
                    "key": "right"
                }
            },
            {
                "time": "2018-02-05T18:22:22.377Z",
                "type": "SKIP",
                "source": "hotkey",
                "_t": "11:22:22",
                "_end": "-",
                "data": {
                    "t": 106.806962,
                    "Δt": 5,
                    "key": "right"
                }
            },
            {
                "time": "2018-02-05T18:22:22.522Z",
                "type": "SKIP",
                "source": "hotkey",
                "_t": "11:22:22",
                "_end": "-",
                "data": {
                    "t": 111.806962,
                    "Δt": 5,
                    "key": "right"
                }
            },
            {
                "time": "2018-02-05T18:22:23.929Z",
                "type": "SKIP",
                "source": "hotkey",
                "_t": "11:22:23",
                "_end": "-",
                "data": {
                    "t": 117.288196,
                    "Δt": 5,
                    "key": "right"
                }
            },
            {
                "time": "2018-02-05T18:22:24.668Z",
                "type": "SKIP",
                "source": "hotkey",
                "_t": "11:22:24",
                "_end": "-",
                "data": {
                    "t": 122.646989,
                    "Δt": 5,
                    "key": "right"
                }
            },
            {
                "time": "2018-02-05T18:22:25.306Z",
                "type": "SKIP",
                "source": "hotkey",
                "_t": "11:22:25",
                "_end": "-",
                "data": {
                    "t": 127.646989,
                    "Δt": 5,
                    "key": "right"
                }
            },
            {
                "time": "2018-02-05T18:22:26.234Z",
                "type": "SKIP",
                "source": "hotkey",
                "_t": "11:22:26",
                "_end": "-",
                "data": {
                    "t": 132.896929,
                    "Δt": 5,
                    "key": "right"
                }
            },
            {
                "time": "2018-02-05T18:22:26.411Z",
                "type": "SKIP",
                "source": "hotkey",
                "_t": "11:22:26",
                "_end": "-",
                "data": {
                    "t": 137.896929,
                    "Δt": 5,
                    "key": "right"
                }
            },
            {
                "time": "2018-02-05T18:22:27.563Z",
                "type": "SKIP",
                "source": "hotkey",
                "_t": "11:22:27",
                "_end": "-",
                "data": {
                    "t": 143.270734,
                    "Δt": 5,
                    "key": "right"
                }
            },
            {
                "time": "2018-02-05T18:22:28.077Z",
                "type": "SKIP",
                "source": "hotkey",
                "_t": "11:22:28",
                "_end": "-",
                "data": {
                    "t": 148.507954,
                    "Δt": 5,
                    "key": "right"
                }
            },
            {
                "time": "2018-02-05T18:22:28.330Z",
                "type": "SKIP",
                "source": "hotkey",
                "_t": "11:22:28",
                "_end": "-",
                "data": {
                    "t": 153.507954,
                    "Δt": 5,
                    "key": "right"
                }
            },
            {
                "time": "2018-02-05T18:22:29.177Z",
                "type": "SKIP",
                "source": "hotkey",
                "_t": "11:22:29",
                "_end": "-",
                "data": {
                    "t": 158.797623,
                    "Δt": 5,
                    "key": "right"
                }
            },
            {
                "time": "2018-02-05T18:22:30.265Z",
                "type": "PAUSE",
                "source": "hotkey",
                "_t": "11:22:30",
                "_end": "-",
                "data": {
                    "key": "space"
                }
            },
            {
                "time": "2018-02-05T18:22:44.746Z",
                "type": "SKIP",
                "source": "hotkey",
                "_t": "11:22:44",
                "_end": "-",
                "data": {
                    "t": 164.180191,
                    "Δt": -1,
                    "key": "left"
                }
            },
            {
                "time": "2018-02-05T18:22:45.801Z",
                "type": "SKIP",
                "source": "hotkey",
                "_t": "11:22:45",
                "_end": "-",
                "data": {
                    "t": 163.180191,
                    "Δt": -1,
                    "key": "left"
                }
            },
            {
                "time": "2018-02-05T18:22:46.681Z",
                "type": "SKIP",
                "source": "hotkey",
                "_t": "11:22:46",
                "_end": "-",
                "data": {
                    "t": 162.180191,
                    "Δt": 1,
                    "key": "right"
                }
            },
            {
                "time": "2018-02-05T18:22:46.955Z",
                "type": "SKIP",
                "source": "hotkey",
                "_t": "11:22:46",
                "_end": "-",
                "data": {
                    "t": 163.180191,
                    "Δt": 1,
                    "key": "right"
                }
            },
            {
                "time": "2018-02-05T18:22:47.290Z",
                "type": "SKIP",
                "source": "hotkey",
                "_t": "11:22:47",
                "_end": "-",
                "data": {
                    "t": 164.180191,
                    "Δt": 1,
                    "key": "right"
                }
            },
            {
                "time": "2018-02-05T18:22:47.498Z",
                "type": "SKIP",
                "source": "hotkey",
                "_t": "11:22:47",
                "_end": "-",
                "data": {
                    "t": 165.180191,
                    "Δt": 1,
                    "key": "right"
                }
            },
            {
                "time": "2018-02-05T18:22:50.394Z",
                "type": "SKIP",
                "source": "hotkey",
                "_t": "11:22:50",
                "_end": "-",
                "data": {
                    "t": 166.180191,
                    "Δt": -1,
                    "key": "left"
                }
            },
            {
                "time": "2018-02-05T18:22:50.555Z",
                "type": "SKIP",
                "source": "hotkey",
                "_t": "11:22:50",
                "_end": "-",
                "data": {
                    "t": 165.180191,
                    "Δt": -1,
                    "key": "left"
                }
            },
            {
                "time": "2018-02-05T18:22:51.530Z",
                "type": "SKIP",
                "source": "hotkey",
                "_t": "11:22:51",
                "_end": "-",
                "data": {
                    "t": 164.180191,
                    "Δt": -1,
                    "key": "left"
                }
            },
            {
                "time": "2018-02-05T18:22:52.442Z",
                "type": "SKIP",
                "source": "hotkey",
                "_t": "11:22:52",
                "_end": "-",
                "data": {
                    "t": 163.180191,
                    "Δt": -1,
                    "key": "left"
                }
            },
            {
                "time": "2018-02-05T18:22:54.825Z",
                "type": "SKIP",
                "source": "hotkey",
                "_t": "11:22:54",
                "_end": "-",
                "data": {
                    "t": 162.180191,
                    "Δt": 0.033366700033366704,
                    "key": "shift+right"
                }
            },
            {
                "time": "2018-02-05T18:22:55.785Z",
                "type": "SKIP",
                "source": "hotkey",
                "_t": "11:22:55",
                "_end": "-",
                "data": {
                    "t": 162.213557,
                    "Δt": 0.033366700033366704,
                    "key": "shift+right"
                }
            },
            {
                "time": "2018-02-05T18:22:56.602Z",
                "type": "SKIP",
                "source": "hotkey",
                "_t": "11:22:56",
                "_end": "-",
                "data": {
                    "t": 162.246923,
                    "Δt": 0.033366700033366704,
                    "key": "shift+right"
                }
            },
            {
                "time": "2018-02-05T18:22:57.307Z",
                "type": "SKIP",
                "source": "hotkey",
                "_t": "11:22:57",
                "_end": "-",
                "data": {
                    "t": 162.280289,
                    "Δt": 0.033366700033366704,
                    "key": "shift+right"
                }
            },
            {
                "time": "2018-02-05T18:22:58.042Z",
                "type": "SKIP",
                "source": "hotkey",
                "_t": "11:22:58",
                "_end": "-",
                "data": {
                    "t": 162.313655,
                    "Δt": 0.033366700033366704,
                    "key": "shift+right"
                }
            },
            {
                "time": "2018-02-05T18:22:58.746Z",
                "type": "SKIP",
                "source": "hotkey",
                "_t": "11:22:58",
                "_end": "-",
                "data": {
                    "t": 162.347021,
                    "Δt": 0.033366700033366704,
                    "key": "shift+right"
                }
            },
            {
                "time": "2018-02-05T18:23:00.154Z",
                "type": "SKIP",
                "source": "hotkey",
                "_t": "11:23:00",
                "_end": "-",
                "data": {
                    "t": 162.380387,
                    "Δt": -0.033366700033366704,
                    "key": "shift+left"
                }
            },
            {
                "time": "2018-02-05T18:23:02.762Z",
                "type": "SKIP",
                "source": "hotkey",
                "_t": "11:23:02",
                "_end": "-",
                "data": {
                    "t": 162.34702,
                    "Δt": 1,
                    "key": "right"
                }
            },
            {
                "time": "2018-02-05T18:23:02.938Z",
                "type": "SKIP",
                "source": "hotkey",
                "_t": "11:23:02",
                "_end": "-",
                "data": {
                    "t": 163.34702,
                    "Δt": 1,
                    "key": "right"
                }
            },
            {
                "time": "2018-02-05T18:23:03.082Z",
                "type": "SKIP",
                "source": "hotkey",
                "_t": "11:23:03",
                "_end": "-",
                "data": {
                    "t": 164.34702,
                    "Δt": 1,
                    "key": "right"
                }
            },
            {
                "time": "2018-02-05T18:23:03.339Z",
                "type": "PLAY",
                "source": "hotkey",
                "_t": "11:23:03",
                "_end": "-",
                "data": {
                    "key": "space"
                }
            },
            {
                "time": "2018-02-05T18:23:04.413Z",
                "type": "SKIP",
                "source": "hotkey",
                "_t": "11:23:04",
                "_end": "-",
                "data": {
                    "t": 165.853546,
                    "Δt": 5,
                    "key": "right"
                }
            },
            {
                "time": "2018-02-05T18:23:04.910Z",
                "type": "SKIP",
                "source": "hotkey",
                "_t": "11:23:04",
                "_end": "-",
                "data": {
                    "t": 170.878122,
                    "Δt": 5,
                    "key": "right"
                }
            },
            {
                "time": "2018-02-05T18:23:05.611Z",
                "type": "SKIP",
                "source": "hotkey",
                "_t": "11:23:05",
                "_end": "-",
                "data": {
                    "t": 175.878122,
                    "Δt": -5,
                    "key": "left"
                }
            },
            {
                "time": "2018-02-05T18:23:06.810Z",
                "type": "SKIP",
                "source": "hotkey",
                "_t": "11:23:06",
                "_end": "-",
                "data": {
                    "t": 171.574636,
                    "Δt": -5,
                    "key": "left"
                }
            },
            {
                "time": "2018-02-05T18:23:09.420Z",
                "type": "PAUSE",
                "source": "hotkey",
                "_t": "11:23:09",
                "_end": "-",
                "data": {
                    "key": "space"
                }
            },
            {
                "time": "2018-02-05T18:23:09.914Z",
                "type": "SKIP",
                "source": "hotkey",
                "_t": "11:23:09",
                "_end": "-",
                "data": {
                    "t": 168.185477,
                    "Δt": 0.033366700033366704,
                    "key": "shift+right"
                }
            },
            {
                "time": "2018-02-05T18:23:10.084Z",
                "type": "SKIP",
                "source": "hotkey",
                "_t": "11:23:10",
                "_end": "-",
                "data": {
                    "t": 168.218843,
                    "Δt": 0.033366700033366704,
                    "key": "shift+right"
                }
            },
            {
                "time": "2018-02-05T18:23:10.204Z",
                "type": "SKIP",
                "source": "hotkey",
                "_t": "11:23:10",
                "_end": "-",
                "data": {
                    "t": 168.252209,
                    "Δt": 0.033366700033366704,
                    "key": "shift+right"
                }
            },
            {
                "time": "2018-02-05T18:23:10.387Z",
                "type": "SKIP",
                "source": "hotkey",
                "_t": "11:23:10",
                "_end": "-",
                "data": {
                    "t": 168.285575,
                    "Δt": 1,
                    "key": "right"
                }
            },
            {
                "time": "2018-02-05T18:23:11.401Z",
                "type": "SKIP",
                "source": "hotkey",
                "_t": "11:23:11",
                "_end": "-",
                "data": {
                    "t": 169.285575,
                    "Δt": 1,
                    "key": "right"
                }
            },
            {
                "time": "2018-02-05T18:23:13.066Z",
                "type": "SKIP",
                "source": "hotkey",
                "_t": "11:23:13",
                "_end": "-",
                "data": {
                    "t": 170.285575,
                    "Δt": -0.033366700033366704,
                    "key": "shift+left"
                }
            },
            {
                "time": "2018-02-05T18:23:13.482Z",
                "type": "SKIP",
                "source": "hotkey",
                "_t": "11:23:13",
                "_end": "-",
                "data": {
                    "t": 170.252208,
                    "Δt": -0.033366700033366704,
                    "key": "shift+left"
                }
            },
            {
                "time": "2018-02-05T18:23:14.362Z",
                "type": "SKIP",
                "source": "hotkey",
                "_t": "11:23:14",
                "_end": "-",
                "data": {
                    "t": 170.218841,
                    "Δt": -0.033366700033366704,
                    "key": "shift+left"
                }
            },
            {
                "time": "2018-02-05T18:23:14.889Z",
                "type": "SKIP",
                "source": "hotkey",
                "_t": "11:23:14",
                "_end": "-",
                "data": {
                    "t": 170.185474,
                    "Δt": -0.033366700033366704,
                    "key": "shift+left"
                }
            },
            {
                "time": "2018-02-05T18:23:15.130Z",
                "type": "SKIP",
                "source": "hotkey",
                "_t": "11:23:15",
                "_end": "-",
                "data": {
                    "t": 170.152107,
                    "Δt": -0.033366700033366704,
                    "key": "shift+left"
                }
            },
            {
                "time": "2018-02-05T18:23:15.820Z",
                "type": "SKIP",
                "source": "hotkey",
                "_t": "11:23:15",
                "_end": "-",
                "data": {
                    "t": 170.11874,
                    "Δt": -0.033366700033366704,
                    "key": "shift+left"
                }
            },
            {
                "time": "2018-02-05T18:23:16.425Z",
                "type": "SKIP",
                "source": "hotkey",
                "_t": "11:23:16",
                "_end": "-",
                "data": {
                    "t": 170.085373,
                    "Δt": -0.033366700033366704,
                    "key": "shift+left"
                }
            },
            {
                "time": "2018-02-05T18:23:17.097Z",
                "type": "SKIP",
                "source": "hotkey",
                "_t": "11:23:17",
                "_end": "-",
                "data": {
                    "t": 170.052006,
                    "Δt": -0.033366700033366704,
                    "key": "shift+left"
                }
            },
            {
                "time": "2018-02-05T18:23:17.675Z",
                "type": "SKIP",
                "source": "hotkey",
                "_t": "11:23:17",
                "_end": "-",
                "data": {
                    "t": 170.018639,
                    "Δt": -0.033366700033366704,
                    "key": "shift+left"
                }
            },
            {
                "time": "2018-02-05T18:23:18.266Z",
                "type": "SKIP",
                "source": "hotkey",
                "_t": "11:23:18",
                "_end": "-",
                "data": {
                    "t": 169.985272,
                    "Δt": -0.033366700033366704,
                    "key": "shift+left"
                }
            },
            {
                "time": "2018-02-05T18:23:19.066Z",
                "type": "SKIP",
                "source": "hotkey",
                "_t": "11:23:19",
                "_end": "-",
                "data": {
                    "t": 169.951905,
                    "Δt": -0.033366700033366704,
                    "key": "shift+left"
                }
            },
            {
                "time": "2018-02-05T18:23:20.027Z",
                "type": "SKIP",
                "source": "hotkey",
                "_t": "11:23:20",
                "_end": "-",
                "data": {
                    "t": 169.918538,
                    "Δt": 0.033366700033366704,
                    "key": "shift+right"
                }
            },
            {
                "time": "2018-02-05T18:23:22.474Z",
                "type": "PLAY",
                "source": "hotkey",
                "_t": "11:23:22",
                "_end": "-",
                "data": {
                    "key": "space"
                }
            },
            {
                "time": "2018-02-05T18:23:22.880Z",
                "type": "SKIP",
                "source": "hotkey",
                "_t": "11:23:22",
                "_end": "-",
                "data": {
                    "t": 170.295943,
                    "Δt": 5,
                    "key": "right"
                }
            },
            {
                "time": "2018-02-05T18:23:23.051Z",
                "type": "SKIP",
                "source": "hotkey",
                "_t": "11:23:23",
                "_end": "-",
                "data": {
                    "t": 175.295943,
                    "Δt": 5,
                    "key": "right"
                }
            },
            {
                "time": "2018-02-05T18:23:23.195Z",
                "type": "SKIP",
                "source": "hotkey",
                "_t": "11:23:23",
                "_end": "-",
                "data": {
                    "t": 180.295943,
                    "Δt": 5,
                    "key": "right"
                }
            },
            {
                "time": "2018-02-05T18:23:23.355Z",
                "type": "SKIP",
                "source": "hotkey",
                "_t": "11:23:23",
                "_end": "-",
                "data": {
                    "t": 185.295943,
                    "Δt": 5,
                    "key": "right"
                }
            },
            {
                "time": "2018-02-05T18:23:23.501Z",
                "type": "SKIP",
                "source": "hotkey",
                "_t": "11:23:23",
                "_end": "-",
                "data": {
                    "t": 190.295943,
                    "Δt": 5,
                    "key": "right"
                }
            },
            {
                "time": "2018-02-05T18:23:23.642Z",
                "type": "SKIP",
                "source": "hotkey",
                "_t": "11:23:23",
                "_end": "-",
                "data": {
                    "t": 195.295943,
                    "Δt": 5,
                    "key": "right"
                }
            },
            {
                "time": "2018-02-05T18:23:23.787Z",
                "type": "SKIP",
                "source": "hotkey",
                "_t": "11:23:23",
                "_end": "-",
                "data": {
                    "t": 200.295943,
                    "Δt": 5,
                    "key": "right"
                }
            },
            {
                "time": "2018-02-05T18:23:26.202Z",
                "type": "SKIP",
                "source": "hotkey",
                "_t": "11:23:26",
                "_end": "-",
                "data": {
                    "t": 206.871307,
                    "Δt": 5,
                    "key": "right"
                }
            },
            {
                "time": "2018-02-05T18:23:26.667Z",
                "type": "SKIP",
                "source": "hotkey",
                "_t": "11:23:26",
                "_end": "-",
                "data": {
                    "t": 211.871307,
                    "Δt": 5,
                    "key": "right"
                }
            },
            {
                "time": "2018-02-05T18:23:28.474Z",
                "type": "PAUSE",
                "source": "hotkey",
                "_t": "11:23:28",
                "_end": "-",
                "data": {
                    "key": "space"
                }
            },
            {
                "time": "2018-02-05T18:23:28.955Z",
                "type": "PLAY",
                "source": "hotkey",
                "_t": "11:23:28",
                "_end": "-",
                "data": {
                    "key": "space"
                }
            },
            {
                "time": "2018-02-05T18:23:29.242Z",
                "type": "SKIP",
                "source": "hotkey",
                "_t": "11:23:29",
                "_end": "-",
                "data": {
                    "t": 218.336109,
                    "Δt": -5,
                    "key": "left"
                }
            },
            {
                "time": "2018-02-05T18:23:29.466Z",
                "type": "SKIP",
                "source": "hotkey",
                "_t": "11:23:29",
                "_end": "-",
                "data": {
                    "t": 213.336109,
                    "Δt": -5,
                    "key": "left"
                }
            },
            {
                "time": "2018-02-05T18:23:29.659Z",
                "type": "SKIP",
                "source": "hotkey",
                "_t": "11:23:29",
                "_end": "-",
                "data": {
                    "t": 208.336109,
                    "Δt": -5,
                    "key": "left"
                }
            },
            {
                "time": "2018-02-05T18:23:29.818Z",
                "type": "SKIP",
                "source": "hotkey",
                "_t": "11:23:29",
                "_end": "-",
                "data": {
                    "t": 203.336109,
                    "Δt": -5,
                    "key": "left"
                }
            },
            {
                "time": "2018-02-05T18:23:30.011Z",
                "type": "PAUSE",
                "source": "hotkey",
                "_t": "11:23:30",
                "_end": "-",
                "data": {
                    "key": "space"
                }
            }
        ]
    }
}