{
    "user_id": "053",
    "session_id": "5a78abeeee2b1975ba835bc8",
    "study": "studyD",
    "workspace": "pill.pills-blue",
    "details": {
        "workspace": "pill.pills-blue",
        "labels": [
            {
                "time": 4.084700406504236,
                "endTime": 10.00784317073175,
                "type": "move",
                "id": 1
            },
            {
                "time": 30.60056097560996,
                "endTime": 39.95813105691058,
                "type": "pill",
                "id": 2
            },
            {
                "time": 55.16034990243863,
                "endTime": 65.164986,
                "type": "move",
                "id": 3
            },
            {
                "time": 162.1533915528457,
                "endTime": 170.21682960162602,
                "type": "pill",
                "id": 4
            },
            {
                "time": 215.60086673170747,
                "endTime": 222.4199470569106,
                "type": "pill",
                "id": 5
            },
            {
                "time": 239.1704774471549,
                "endTime": 248.72859044715455,
                "type": "move",
                "id": 6
            },
            {
                "time": 450.9254974878171,
                "endTime": 456.002477,
                "type": "pill",
                "id": 7
            }
        ],
        "_starts": [
            "2018-02-05T19:18:49.000Z"
        ],
        "_ends": [
            "2018-02-05T19:22:07.016Z"
        ]
    },
    "labels_file": "/home/ubuntu/vat/data/user-studies/studyD/pill-blue/053.labels.json",
    "videoFlash": 4.288888,
    "surveys": {
        "user-info": {
            "firstname": "Marshall",
            "lastname": "Rawlins",
            "email": "mjamesr4@gmail.com"
        },
        "practice-first": {
            "question1": "3",
            "question2": "ok",
            "question3": "50",
            "question4": "3"
        },
        "practice-second": {},
        "practice-third": {},
        "practice-survey": {}
    },
    "logs": {
        "labelEvents": [
            {
                "time": "2018-02-05T19:19:25.586Z",
                "type": "START",
                "source": "hotkey",
                "_t": "12:19:25",
                "_end": "-",
                "data": {
                    "type": "move",
                    "time": 3.538222
                }
            },
            {
                "time": "2018-02-05T19:19:32.243Z",
                "type": "END",
                "source": "hotkey:h_pos",
                "_t": "12:19:32",
                "_end": "-",
                "data": {
                    "key": "enter"
                }
            },
            {
                "time": "2018-02-05T19:19:35.585Z",
                "type": "START",
                "source": "side-bar:button",
                "_t": "12:19:35",
                "_end": "-",
                "data": {
                    "type": "move",
                    "time": 12.39701
                }
            },
            {
                "time": "2018-02-05T19:19:37.244Z",
                "type": "END",
                "source": "data:click:h_pos",
                "_t": "12:19:37",
                "_end": "-",
                "data": {
                    "lbl": {
                        "time": 4.084700406504236,
                        "endTime": 10.00784317073175,
                        "type": "move",
                        "id": 1
                    }
                }
            },
            {
                "time": "2018-02-05T19:19:38.724Z",
                "type": "SELECT",
                "source": "data:click",
                "_t": "12:19:38",
                "_end": "-",
                "data": {
                    "time": 4.084700406504236,
                    "endTime": 10.00784317073175,
                    "type": "move",
                    "id": 1
                }
            },
            {
                "time": {
                    "start": "2018-02-05T19:19:39.571Z",
                    "end": "2018-02-05T19:19:40.707Z"
                },
                "type": "RESIZE",
                "source": "data:brush",
                "_t": "12:19:39",
                "_end": "12:19:40",
                "data": {
                    "brushing": true,
                    "origin": [
                        4.084700406504236,
                        12.39701
                    ],
                    "_brushside": 1,
                    "start": "2018-02-05T19:19:39.571Z",
                    "ε": 0.1,
                    "mode": "resize"
                }
            },
            {
                "time": "2018-02-05T19:20:08.923Z",
                "type": "START",
                "source": "side-bar:button",
                "_t": "12:20:08",
                "_end": "-",
                "data": {
                    "type": "pill",
                    "time": 40.75452
                }
            },
            {
                "time": "2018-02-05T19:20:10.901Z",
                "type": "END",
                "source": "data:click:h_pos",
                "_t": "12:20:10",
                "_end": "-",
                "data": {
                    "lbl": {
                        "time": 30.60056097560996,
                        "endTime": 39.95813105691058,
                        "type": "pill",
                        "id": 2
                    }
                }
            },
            {
                "time": "2018-02-05T19:20:12.549Z",
                "type": "SELECT",
                "source": "data:click",
                "_t": "12:20:12",
                "_end": "-",
                "data": {
                    "time": 30.60056097560996,
                    "endTime": 39.95813105691058,
                    "type": "pill",
                    "id": 2
                }
            },
            {
                "time": {
                    "start": "2018-02-05T19:20:13.346Z",
                    "end": "2018-02-05T19:20:14.010Z"
                },
                "type": "RESIZE",
                "source": "data:brush",
                "_t": "12:20:13",
                "_end": "12:20:14",
                "data": {
                    "brushing": true,
                    "origin": [
                        30.60056097560996,
                        40.75452
                    ],
                    "_brushside": 1,
                    "start": "2018-02-05T19:20:13.346Z",
                    "ε": 0.1,
                    "mode": "resize"
                }
            },
            {
                "time": "2018-02-05T19:20:31.197Z",
                "type": "DESELECT",
                "source": "data:click",
                "_t": "12:20:31",
                "_end": "-",
                "data": {
                    "time": 30.60056097560996,
                    "endTime": 39.95813105691058,
                    "type": "pill",
                    "id": 2
                }
            },
            {
                "time": "2018-02-05T19:20:35.339Z",
                "type": "START",
                "source": "side-bar:button",
                "_t": "12:20:35",
                "_end": "-",
                "data": {
                    "type": "move",
                    "time": 65.164986
                }
            },
            {
                "time": "2018-02-05T19:20:36.981Z",
                "type": "END",
                "source": "data:click:h_pos",
                "_t": "12:20:36",
                "_end": "-",
                "data": {
                    "lbl": {
                        "time": 55.16034990243863,
                        "endTime": 65.164986,
                        "type": "move",
                        "id": 3
                    }
                }
            },
            {
                "time": "2018-02-05T19:20:58.187Z",
                "type": "START",
                "source": "side-bar:button",
                "_t": "12:20:58",
                "_end": "-",
                "data": {
                    "type": "pill",
                    "time": 170.764347
                }
            },
            {
                "time": "2018-02-05T19:21:00.070Z",
                "type": "END",
                "source": "data:click:h_pos",
                "_t": "12:21:00",
                "_end": "-",
                "data": {
                    "lbl": {
                        "time": 162.1533915528457,
                        "endTime": 170.21682960162602,
                        "type": "pill",
                        "id": 4
                    }
                }
            },
            {
                "time": "2018-02-05T19:21:01.693Z",
                "type": "SELECT",
                "source": "data:click",
                "_t": "12:21:01",
                "_end": "-",
                "data": {
                    "time": 162.1533915528457,
                    "endTime": 170.21682960162602,
                    "type": "pill",
                    "id": 4
                }
            },
            {
                "time": {
                    "start": "2018-02-05T19:21:02.596Z",
                    "end": "2018-02-05T19:21:03.259Z"
                },
                "type": "RESIZE",
                "source": "data:brush",
                "_t": "12:21:02",
                "_end": "12:21:03",
                "data": {
                    "brushing": true,
                    "origin": [
                        162.1533915528457,
                        170.764347
                    ],
                    "_brushside": 1,
                    "start": "2018-02-05T19:21:02.596Z",
                    "ε": 0.1,
                    "mode": "resize"
                }
            },
            {
                "time": "2018-02-05T19:21:18.100Z",
                "type": "START",
                "source": "side-bar:button",
                "_t": "12:21:18",
                "_end": "-",
                "data": {
                    "type": "pill",
                    "time": 223.216336
                }
            },
            {
                "time": "2018-02-05T19:21:19.853Z",
                "type": "END",
                "source": "data:click:h_pos",
                "_t": "12:21:19",
                "_end": "-",
                "data": {
                    "lbl": {
                        "time": 215.60086673170747,
                        "endTime": 222.4199470569106,
                        "type": "pill",
                        "id": 5
                    }
                }
            },
            {
                "time": "2018-02-05T19:21:22.077Z",
                "type": "SELECT",
                "source": "data:click",
                "_t": "12:21:22",
                "_end": "-",
                "data": {
                    "time": 215.60086673170747,
                    "endTime": 222.4199470569106,
                    "type": "pill",
                    "id": 5
                }
            },
            {
                "time": {
                    "start": "2018-02-05T19:21:22.772Z",
                    "end": "2018-02-05T19:21:23.517Z"
                },
                "type": "RESIZE",
                "source": "data:brush",
                "_t": "12:21:22",
                "_end": "12:21:23",
                "data": {
                    "brushing": true,
                    "origin": [
                        215.6008667317075,
                        223.216336
                    ],
                    "_brushside": 1,
                    "start": "2018-02-05T19:21:22.772Z",
                    "ε": 0.1,
                    "mode": "resize"
                }
            },
            {
                "time": "2018-02-05T19:21:38.951Z",
                "type": "START",
                "source": "side-bar:button",
                "_t": "12:21:38",
                "_end": "-",
                "data": {
                    "type": "move",
                    "time": 252.362115
                }
            },
            {
                "time": "2018-02-05T19:21:45.366Z",
                "type": "END",
                "source": "data:click:h_pos",
                "_t": "12:21:45",
                "_end": "-",
                "data": {
                    "lbl": {
                        "time": 239.1704774471549,
                        "endTime": 248.72859044715455,
                        "type": "move",
                        "id": 6
                    }
                }
            },
            {
                "time": "2018-02-05T19:21:47.622Z",
                "type": "SELECT",
                "source": "data:click",
                "_t": "12:21:47",
                "_end": "-",
                "data": {
                    "time": 239.1704774471549,
                    "endTime": 248.72859044715455,
                    "type": "move",
                    "id": 6
                }
            },
            {
                "time": {
                    "start": "2018-02-05T19:21:48.388Z",
                    "end": "2018-02-05T19:21:49.932Z"
                },
                "type": "RESIZE",
                "source": "data:brush",
                "_t": "12:21:48",
                "_end": "12:21:49",
                "data": {
                    "brushing": true,
                    "origin": [
                        239.17047744715492,
                        252.362115
                    ],
                    "_brushside": 1,
                    "start": "2018-02-05T19:21:48.388Z",
                    "ε": 0.1,
                    "mode": "resize"
                }
            },
            {
                "time": "2018-02-05T19:22:02.253Z",
                "type": "START",
                "source": "side-bar:button",
                "_t": "12:22:02",
                "_end": "-",
                "data": {
                    "type": "pill",
                    "time": 456.002477
                }
            },
            {
                "time": "2018-02-05T19:22:03.586Z",
                "type": "END",
                "source": "data:click:h_pos",
                "_t": "12:22:03",
                "_end": "-",
                "data": {
                    "lbl": {
                        "time": 450.9254974878171,
                        "endTime": 456.002477,
                        "type": "pill",
                        "id": 7
                    }
                }
            },
            {
                "time": "2018-02-05T19:22:04.399Z",
                "type": "SELECT",
                "source": "data:click",
                "_t": "12:22:04",
                "_end": "-",
                "data": {
                    "time": 450.9254974878171,
                    "endTime": 456.002477,
                    "type": "pill",
                    "id": 7
                }
            },
            {
                "time": "2018-02-05T19:22:05.171Z",
                "type": "DESELECT",
                "source": "data:click",
                "_t": "12:22:05",
                "_end": "-",
                "data": {
                    "time": 450.9254974878171,
                    "endTime": 456.002477,
                    "type": "pill",
                    "id": 7
                }
            },
            {
                "time": "2018-02-05T19:22:05.671Z",
                "type": "SELECT",
                "source": "data:click",
                "_t": "12:22:05",
                "_end": "-",
                "data": {
                    "time": 450.9254974878171,
                    "endTime": 456.002477,
                    "type": "pill",
                    "id": 7
                }
            },
            {
                "time": "2018-02-05T19:22:06.650Z",
                "type": "DESELECT",
                "source": "data:click",
                "_t": "12:22:06",
                "_end": "-",
                "data": {
                    "time": 450.9254974878171,
                    "endTime": 456.002477,
                    "type": "pill",
                    "id": 7
                }
            }
        ],
        "navigationEvents": [
            {
                "time": "2018-02-05T19:19:19.698Z",
                "type": "PAUSE",
                "source": "video:button",
                "_t": "12:19:19",
                "_end": "-"
            },
            {
                "time": {
                    "start": "2018-02-05T19:18:49.803Z",
                    "end": "2018-02-05T19:19:20.962Z"
                },
                "type": "SCRUB",
                "source": "data:drag",
                "_t": "12:18:49",
                "_end": "12:19:20",
                "data": {
                    "time": 13.159867
                }
            },
            {
                "time": {
                    "start": "2018-02-05T19:18:49.803Z",
                    "end": "2018-02-05T19:19:23.351Z"
                },
                "type": "SCRUB",
                "source": "data:drag",
                "_t": "12:18:49",
                "_end": "12:19:23",
                "data": {
                    "time": 3.453876
                }
            },
            {
                "time": "2018-02-05T19:19:25.435Z",
                "type": "PLAY",
                "source": "video:button",
                "_t": "12:19:25",
                "_end": "-"
            },
            {
                "time": "2018-02-05T19:19:34.451Z",
                "type": "PAUSE",
                "source": "video:button",
                "_t": "12:19:34",
                "_end": "-"
            },
            {
                "time": {
                    "start": "2018-02-05T19:18:49.803Z",
                    "end": "2018-02-05T19:19:37.242Z"
                },
                "type": "SCRUB",
                "source": "data:drag",
                "_t": "12:18:49",
                "_end": "12:19:37",
                "data": {
                    "time": 12.39701
                }
            },
            {
                "time": {
                    "start": "2018-02-05T19:18:49.803Z",
                    "end": "2018-02-05T19:19:38.722Z"
                },
                "type": "SCRUB",
                "source": "data:drag",
                "_t": "12:18:49",
                "_end": "12:19:38",
                "data": {
                    "time": 12.39701
                }
            },
            {
                "time": {
                    "start": "2018-02-05T19:18:49.803Z",
                    "end": "2018-02-05T19:19:40.716Z"
                },
                "type": "SCRUB",
                "source": "data:drag",
                "_t": "12:18:49",
                "_end": "12:19:40",
                "data": {
                    "time": 12.39701
                }
            },
            {
                "time": "2018-02-05T19:19:41.811Z",
                "type": "PLAY",
                "source": "video:button",
                "_t": "12:19:41",
                "_end": "-"
            },
            {
                "time": "2018-02-05T19:19:59.257Z",
                "type": "CHANGE-PLAYBACK-RATE",
                "source": "video:button",
                "_t": "12:19:59",
                "_end": "-",
                "data": {
                    "oldRate": 1,
                    "newRate": 1.5
                }
            },
            {
                "time": "2018-02-05T19:20:06.532Z",
                "type": "PAUSE",
                "source": "video:button",
                "_t": "12:20:06",
                "_end": "-"
            },
            {
                "time": {
                    "start": "2018-02-05T19:18:49.803Z",
                    "end": "2018-02-05T19:20:07.480Z"
                },
                "type": "SCRUB",
                "source": "data:drag",
                "_t": "12:18:49",
                "_end": "12:20:07",
                "data": {
                    "time": 40.75452
                }
            },
            {
                "time": {
                    "start": "2018-02-05T19:18:49.803Z",
                    "end": "2018-02-05T19:20:10.899Z"
                },
                "type": "SCRUB",
                "source": "data:drag",
                "_t": "12:18:49",
                "_end": "12:20:10",
                "data": {
                    "time": 40.75452
                }
            },
            {
                "time": {
                    "start": "2018-02-05T19:18:49.803Z",
                    "end": "2018-02-05T19:20:12.547Z"
                },
                "type": "SCRUB",
                "source": "data:drag",
                "_t": "12:18:49",
                "_end": "12:20:12",
                "data": {
                    "time": 40.75452
                }
            },
            {
                "time": {
                    "start": "2018-02-05T19:18:49.803Z",
                    "end": "2018-02-05T19:20:14.029Z"
                },
                "type": "SCRUB",
                "source": "data:drag",
                "_t": "12:18:49",
                "_end": "12:20:14",
                "data": {
                    "time": 40.75452
                }
            },
            {
                "time": "2018-02-05T19:20:14.642Z",
                "type": "PLAY",
                "source": "video:button",
                "_t": "12:20:14",
                "_end": "-"
            },
            {
                "time": "2018-02-05T19:20:17.834Z",
                "type": "CHANGE-PLAYBACK-RATE",
                "source": "video:button",
                "_t": "12:20:17",
                "_end": "-",
                "data": {
                    "oldRate": 1.5,
                    "newRate": 2
                }
            },
            {
                "time": "2018-02-05T19:20:30.003Z",
                "type": "PAUSE",
                "source": "video:button",
                "_t": "12:20:30",
                "_end": "-"
            },
            {
                "time": {
                    "start": "2018-02-05T19:18:49.803Z",
                    "end": "2018-02-05T19:20:31.197Z"
                },
                "type": "SCRUB",
                "source": "data:drag",
                "_t": "12:18:49",
                "_end": "12:20:31",
                "data": {
                    "time": 69.694449
                }
            },
            {
                "time": {
                    "start": "2018-02-05T19:18:49.803Z",
                    "end": "2018-02-05T19:20:31.882Z"
                },
                "type": "SCRUB",
                "source": "data:drag",
                "_t": "12:18:49",
                "_end": "12:20:31",
                "data": {
                    "time": 69.744223
                }
            },
            {
                "time": {
                    "start": "2018-02-05T19:18:49.803Z",
                    "end": "2018-02-05T19:20:34.152Z"
                },
                "type": "SCRUB",
                "source": "data:drag",
                "_t": "12:18:49",
                "_end": "12:20:34",
                "data": {
                    "time": 65.164986
                }
            },
            {
                "time": {
                    "start": "2018-02-05T19:18:49.803Z",
                    "end": "2018-02-05T19:20:36.979Z"
                },
                "type": "SCRUB",
                "source": "data:drag",
                "_t": "12:18:49",
                "_end": "12:20:36",
                "data": {
                    "time": 65.164986
                }
            },
            {
                "time": "2018-02-05T19:20:38.675Z",
                "type": "PLAY",
                "source": "video:button",
                "_t": "12:20:38",
                "_end": "-"
            },
            {
                "time": {
                    "start": "2018-02-05T19:18:49.803Z",
                    "end": "2018-02-05T19:20:46.188Z"
                },
                "type": "SCRUB",
                "source": "data:drag",
                "_t": "12:18:49",
                "_end": "12:20:46",
                "data": {
                    "time": 143.640782
                }
            },
            {
                "time": {
                    "start": "2018-02-05T19:18:49.803Z",
                    "end": "2018-02-05T19:20:47.051Z"
                },
                "type": "SCRUB",
                "source": "data:drag",
                "_t": "12:18:49",
                "_end": "12:20:47",
                "data": {
                    "time": 152.649931
                }
            },
            {
                "time": "2018-02-05T19:20:56.740Z",
                "type": "PAUSE",
                "source": "video:button",
                "_t": "12:20:56",
                "_end": "-"
            },
            {
                "time": {
                    "start": "2018-02-05T19:18:49.803Z",
                    "end": "2018-02-05T19:21:00.067Z"
                },
                "type": "SCRUB",
                "source": "data:drag",
                "_t": "12:18:49",
                "_end": "12:21:00",
                "data": {
                    "time": 170.764347
                }
            },
            {
                "time": {
                    "start": "2018-02-05T19:18:49.803Z",
                    "end": "2018-02-05T19:21:01.691Z"
                },
                "type": "SCRUB",
                "source": "data:drag",
                "_t": "12:18:49",
                "_end": "12:21:01",
                "data": {
                    "time": 170.764347
                }
            },
            {
                "time": {
                    "start": "2018-02-05T19:18:49.803Z",
                    "end": "2018-02-05T19:21:03.278Z"
                },
                "type": "SCRUB",
                "source": "data:drag",
                "_t": "12:18:49",
                "_end": "12:21:03",
                "data": {
                    "time": 170.764347
                }
            },
            {
                "time": "2018-02-05T19:21:06.292Z",
                "type": "PLAY",
                "source": "video:button",
                "_t": "12:21:06",
                "_end": "-"
            },
            {
                "time": {
                    "start": "2018-02-05T19:18:49.803Z",
                    "end": "2018-02-05T19:21:08.749Z"
                },
                "type": "SCRUB",
                "source": "data:drag",
                "_t": "12:18:49",
                "_end": "12:21:08",
                "data": {
                    "time": 209.274983
                }
            },
            {
                "time": "2018-02-05T19:21:15.993Z",
                "type": "PAUSE",
                "source": "video:button",
                "_t": "12:21:15",
                "_end": "-"
            },
            {
                "time": {
                    "start": "2018-02-05T19:18:49.803Z",
                    "end": "2018-02-05T19:21:19.852Z"
                },
                "type": "SCRUB",
                "source": "data:drag",
                "_t": "12:18:49",
                "_end": "12:21:19",
                "data": {
                    "time": 223.216336
                }
            },
            {
                "time": {
                    "start": "2018-02-05T19:18:49.803Z",
                    "end": "2018-02-05T19:21:22.075Z"
                },
                "type": "SCRUB",
                "source": "data:drag",
                "_t": "12:18:49",
                "_end": "12:21:22",
                "data": {
                    "time": 223.216336
                }
            },
            {
                "time": {
                    "start": "2018-02-05T19:18:49.803Z",
                    "end": "2018-02-05T19:21:23.538Z"
                },
                "type": "SCRUB",
                "source": "data:drag",
                "_t": "12:18:49",
                "_end": "12:21:23",
                "data": {
                    "time": 223.216336
                }
            },
            {
                "time": "2018-02-05T19:21:24.372Z",
                "type": "PLAY",
                "source": "video:button",
                "_t": "12:21:24",
                "_end": "-"
            },
            {
                "time": {
                    "start": "2018-02-05T19:18:49.803Z",
                    "end": "2018-02-05T19:21:40.945Z"
                },
                "type": "SCRUB",
                "source": "data:drag",
                "_t": "12:18:49",
                "_end": "12:21:40",
                "data": {
                    "time": 256.370867
                }
            },
            {
                "time": {
                    "start": "2018-02-05T19:18:49.803Z",
                    "end": "2018-02-05T19:21:41.964Z"
                },
                "type": "SCRUB",
                "source": "data:drag",
                "_t": "12:18:49",
                "_end": "12:21:41",
                "data": {
                    "time": 258.38964
                }
            },
            {
                "time": "2018-02-05T19:21:43.348Z",
                "type": "PAUSE",
                "source": "video:button",
                "_t": "12:21:43",
                "_end": "-"
            },
            {
                "time": {
                    "start": "2018-02-05T19:18:49.803Z",
                    "end": "2018-02-05T19:21:45.363Z"
                },
                "type": "SCRUB",
                "source": "data:drag",
                "_t": "12:18:49",
                "_end": "12:21:45",
                "data": {
                    "time": 261.170722
                }
            },
            {
                "time": {
                    "start": "2018-02-05T19:18:49.803Z",
                    "end": "2018-02-05T19:21:46.705Z"
                },
                "type": "SCRUB",
                "source": "data:drag",
                "_t": "12:18:49",
                "_end": "12:21:46",
                "data": {
                    "time": 261.220496
                }
            },
            {
                "time": {
                    "start": "2018-02-05T19:18:49.803Z",
                    "end": "2018-02-05T19:21:47.619Z"
                },
                "type": "SCRUB",
                "source": "data:drag",
                "_t": "12:18:49",
                "_end": "12:21:47",
                "data": {
                    "time": 261.220496
                }
            },
            {
                "time": {
                    "start": "2018-02-05T19:18:49.803Z",
                    "end": "2018-02-05T19:21:49.951Z"
                },
                "type": "SCRUB",
                "source": "data:drag",
                "_t": "12:18:49",
                "_end": "12:21:49",
                "data": {
                    "time": 261.220496
                }
            },
            {
                "time": "2018-02-05T19:21:51.878Z",
                "type": "PLAY",
                "source": "video:button",
                "_t": "12:21:51",
                "_end": "-"
            },
            {
                "time": {
                    "start": "2018-02-05T19:18:49.803Z",
                    "end": "2018-02-05T19:21:53.094Z"
                },
                "type": "SCRUB",
                "source": "data:drag",
                "_t": "12:18:49",
                "_end": "12:21:53",
                "data": {
                    "time": 323.1838
                }
            },
            {
                "time": {
                    "start": "2018-02-05T19:18:49.803Z",
                    "end": "2018-02-05T19:21:54.157Z"
                },
                "type": "SCRUB",
                "source": "data:drag",
                "_t": "12:18:49",
                "_end": "12:21:54",
                "data": {
                    "time": 377.887599
                }
            },
            {
                "time": {
                    "start": "2018-02-05T19:18:49.803Z",
                    "end": "2018-02-05T19:21:55.607Z"
                },
                "type": "SCRUB",
                "source": "data:drag",
                "_t": "12:18:49",
                "_end": "12:21:55",
                "data": {
                    "time": 428.308973
                }
            },
            {
                "time": {
                    "start": "2018-02-05T19:18:49.803Z",
                    "end": "2018-02-05T19:21:56.862Z"
                },
                "type": "SCRUB",
                "source": "data:drag",
                "_t": "12:18:49",
                "_end": "12:21:56",
                "data": {
                    "time": 449.662151
                }
            },
            {
                "time": "2018-02-05T19:21:58.868Z",
                "type": "PAUSE",
                "source": "video:button",
                "_t": "12:21:58",
                "_end": "-"
            },
            {
                "time": "2018-02-05T19:21:59.868Z",
                "type": "PLAY",
                "source": "video:button",
                "_t": "12:21:59",
                "_end": "-"
            },
            {
                "time": "2018-02-05T19:22:01.352Z",
                "type": "PAUSE",
                "source": "video:button",
                "_t": "12:22:01",
                "_end": "-"
            },
            {
                "time": {
                    "start": "2018-02-05T19:18:49.803Z",
                    "end": "2018-02-05T19:22:03.584Z"
                },
                "type": "SCRUB",
                "source": "data:drag",
                "_t": "12:18:49",
                "_end": "12:22:03",
                "data": {
                    "time": 456.002477
                }
            },
            {
                "time": {
                    "start": "2018-02-05T19:18:49.803Z",
                    "end": "2018-02-05T19:22:04.396Z"
                },
                "type": "SCRUB",
                "source": "data:drag",
                "_t": "12:18:49",
                "_end": "12:22:04",
                "data": {
                    "time": 456.002477
                }
            },
            {
                "time": {
                    "start": "2018-02-05T19:18:49.803Z",
                    "end": "2018-02-05T19:22:05.171Z"
                },
                "type": "SCRUB",
                "source": "data:drag",
                "_t": "12:18:49",
                "_end": "12:22:05",
                "data": {
                    "time": 456.002477
                }
            },
            {
                "time": {
                    "start": "2018-02-05T19:18:49.803Z",
                    "end": "2018-02-05T19:22:05.668Z"
                },
                "type": "SCRUB",
                "source": "data:drag",
                "_t": "12:18:49",
                "_end": "12:22:05",
                "data": {
                    "time": 456.002477
                }
            },
            {
                "time": {
                    "start": "2018-02-05T19:18:49.803Z",
                    "end": "2018-02-05T19:22:06.649Z"
                },
                "type": "SCRUB",
                "source": "data:drag",
                "_t": "12:18:49",
                "_end": "12:22:06",
                "data": {
                    "time": 456.002477
                }
            }
        ]
    }
}