{
    "user_id": "046",
    "session_id": "5a78823bee2b1975ba835b71",
    "study": "studyC",
    "workspace": "newrun.run-thurs-six-finally",
    "details": {
        "workspace": "newrun.run-thurs-six-finally",
        "labels": [
            {
                "time": 22.945935,
                "endTime": 26.488208445073013,
                "type": "run",
                "id": 1
            },
            {
                "time": 48.185679,
                "endTime": 55.563321801676885,
                "type": "skip",
                "id": 2
            },
            {
                "time": 274.978112,
                "endTime": 283.31894065432795,
                "type": "skip",
                "id": 3
            },
            {
                "time": 383.186676,
                "endTime": 386.45400790595284,
                "type": "run",
                "id": 4
            },
            {
                "time": 484.702561,
                "endTime": 488.2810673731859,
                "type": "run",
                "id": 5
            },
            {
                "time": 525.798136,
                "endTime": 533.9224954597285,
                "type": "skip",
                "id": 6
            },
            {
                "time": 549.846563,
                "endTime": 553.140953555277,
                "type": "run",
                "id": 7
            },
            {
                "time": 577.907364,
                "endTime": 586.5458377968993,
                "type": "skip",
                "id": 8
            },
            {
                "time": 652.577993,
                "endTime": 654.4597096651819,
                "type": "run",
                "id": 9
            }
        ],
        "_starts": [
            "2018-02-05T16:36:48.000Z"
        ],
        "_ends": [
            "2018-02-05T16:39:42.988Z"
        ]
    },
    "labels_file": "/home/ubuntu/vat/data/user-studies/studyC/run-yellow/046.labels.json",
    "videoFlash": 3.918989,
    "surveys": {
        "user-info": {
            "firstname": "Gibson",
            "lastname": "Ainge",
            "email": "gainge@gmail.com"
        },
        "practice-first": {
            "question1": "5",
            "question2": "ok",
            "question3": "100",
            "question4": "5"
        },
        "practice-second": {},
        "practice-third": {},
        "practice-survey": {},
        "pill-blue": {
            "question1": "5",
            "question2": "4",
            "question3": "90",
            "question4": "90"
        },
        "pill-red": {
            "question1": "2",
            "question2": "4",
            "question3": "80",
            "question4": "100"
        },
        "pill-orange": {
            "question1": "2",
            "question2": "4",
            "question3": "50",
            "question4": "70"
        },
        "pills-survey": {
            "question1": "5",
            "question2": "2",
            "question3": "5",
            "question4": "4"
        },
        "run-blue": {
            "question1": "5",
            "question2": "5",
            "question3": "80",
            "question4": "60"
        }
    },
    "logs": {
        "labelEvents": [
            {
                "time": "2018-02-05T16:37:17.416Z",
                "type": "START",
                "source": "hotkey",
                "_t": "09:37:17",
                "_end": "-",
                "data": {
                    "type": "run",
                    "time": 22.945935
                }
            },
            {
                "time": "2018-02-05T16:37:19.346Z",
                "type": "END",
                "source": "data:click:h_pos",
                "_t": "09:37:19",
                "_end": "-",
                "data": {
                    "lbl": {
                        "time": 22.945935,
                        "endTime": 26.488208445073013,
                        "type": "run",
                        "id": 1
                    }
                }
            },
            {
                "time": "2018-02-05T16:37:23.584Z",
                "type": "START",
                "source": "hotkey",
                "_t": "09:37:23",
                "_end": "-",
                "data": {
                    "type": "skip",
                    "time": 48.185679
                }
            },
            {
                "time": "2018-02-05T16:37:29.946Z",
                "type": "END",
                "source": "data:click:h_pos",
                "_t": "09:37:29",
                "_end": "-",
                "data": {
                    "lbl": {
                        "time": 48.185679,
                        "endTime": 55.563321801676885,
                        "type": "skip",
                        "id": 2
                    }
                }
            },
            {
                "time": "2018-02-05T16:37:53.112Z",
                "type": "START",
                "source": "hotkey",
                "_t": "09:37:53",
                "_end": "-",
                "data": {
                    "type": "skip",
                    "time": 274.978112
                }
            },
            {
                "time": "2018-02-05T16:37:57.850Z",
                "type": "END",
                "source": "data:click:h_pos",
                "_t": "09:37:57",
                "_end": "-",
                "data": {
                    "lbl": {
                        "time": 274.978112,
                        "endTime": 283.31894065432795,
                        "type": "skip",
                        "id": 3
                    }
                }
            },
            {
                "time": "2018-02-05T16:38:11.553Z",
                "type": "START",
                "source": "hotkey",
                "_t": "09:38:11",
                "_end": "-",
                "data": {
                    "type": "run",
                    "time": 383.186676
                }
            },
            {
                "time": "2018-02-05T16:38:14.977Z",
                "type": "END",
                "source": "data:click:h_pos",
                "_t": "09:38:14",
                "_end": "-",
                "data": {
                    "lbl": {
                        "time": 383.186676,
                        "endTime": 386.45400790595284,
                        "type": "run",
                        "id": 4
                    }
                }
            },
            {
                "time": "2018-02-05T16:38:28.561Z",
                "type": "START",
                "source": "hotkey",
                "_t": "09:38:28",
                "_end": "-",
                "data": {
                    "type": "run",
                    "time": 484.702561
                }
            },
            {
                "time": "2018-02-05T16:38:30.179Z",
                "type": "END",
                "source": "data:click:h_pos",
                "_t": "09:38:30",
                "_end": "-",
                "data": {
                    "lbl": {
                        "time": 484.702561,
                        "endTime": 488.2810673731859,
                        "type": "run",
                        "id": 5
                    }
                }
            },
            {
                "time": "2018-02-05T16:38:30.298Z",
                "type": "SELECT",
                "source": "data:click",
                "_t": "09:38:30",
                "_end": "-",
                "data": {
                    "time": 484.702561,
                    "endTime": 488.2810673731859,
                    "type": "run",
                    "id": 5
                }
            },
            {
                "time": "2018-02-05T16:38:31.410Z",
                "type": "DESELECT",
                "source": "data:click",
                "_t": "09:38:31",
                "_end": "-",
                "data": {
                    "time": 484.702561,
                    "endTime": 488.2810673731859,
                    "type": "run",
                    "id": 5
                }
            },
            {
                "time": "2018-02-05T16:38:41.750Z",
                "type": "START",
                "source": "hotkey",
                "_t": "09:38:41",
                "_end": "-",
                "data": {
                    "type": "skip",
                    "time": 525.798136
                }
            },
            {
                "time": "2018-02-05T16:38:44.482Z",
                "type": "END",
                "source": "data:click:h_pos",
                "_t": "09:38:44",
                "_end": "-",
                "data": {
                    "lbl": {
                        "time": 525.798136,
                        "endTime": 533.9224954597285,
                        "type": "skip",
                        "id": 6
                    }
                }
            },
            {
                "time": "2018-02-05T16:38:53.756Z",
                "type": "START",
                "source": "hotkey",
                "_t": "09:38:53",
                "_end": "-",
                "data": {
                    "type": "run",
                    "time": 549.846563
                }
            },
            {
                "time": "2018-02-05T16:38:56.731Z",
                "type": "END",
                "source": "data:click:h_pos",
                "_t": "09:38:56",
                "_end": "-",
                "data": {
                    "lbl": {
                        "time": 549.846563,
                        "endTime": 553.140953555277,
                        "type": "run",
                        "id": 7
                    }
                }
            },
            {
                "time": "2018-02-05T16:39:03.028Z",
                "type": "START",
                "source": "hotkey",
                "_t": "09:39:03",
                "_end": "-",
                "data": {
                    "type": "skip",
                    "time": 577.907364
                }
            },
            {
                "time": "2018-02-05T16:39:05.771Z",
                "type": "END",
                "source": "data:click:h_pos",
                "_t": "09:39:05",
                "_end": "-",
                "data": {
                    "lbl": {
                        "time": 577.907364,
                        "endTime": 586.5458377968993,
                        "type": "skip",
                        "id": 8
                    }
                }
            },
            {
                "time": "2018-02-05T16:39:06.322Z",
                "type": "START",
                "source": "hotkey",
                "_t": "09:39:06",
                "_end": "-",
                "data": {
                    "type": "run",
                    "time": 577.907364
                }
            },
            {
                "time": "2018-02-05T16:39:08.131Z",
                "type": "END",
                "source": "data:click:h_pos",
                "_t": "09:39:08",
                "_end": "-",
                "data": {
                    "lbl": {
                        "time": 577.907364,
                        "endTime": 588.6564124442231,
                        "type": "run",
                        "id": 9
                    }
                }
            },
            {
                "time": "2018-02-05T16:39:08.555Z",
                "type": "SELECT",
                "source": "data:click",
                "_t": "09:39:08",
                "_end": "-",
                "data": {
                    "time": 577.907364,
                    "endTime": 588.6564124442231,
                    "type": "run",
                    "id": 9
                }
            },
            {
                "time": "2018-02-05T16:39:10.272Z",
                "type": "DELETE",
                "source": "side-bar:button",
                "_t": "09:39:10",
                "_end": "-",
                "data": {
                    "id": 9,
                    "idx": 8
                }
            },
            {
                "time": "2018-02-05T16:39:27.259Z",
                "type": "START",
                "source": "hotkey",
                "_t": "09:39:27",
                "_end": "-",
                "data": {
                    "type": "run",
                    "time": 652.577993
                }
            },
            {
                "time": "2018-02-05T16:39:28.700Z",
                "type": "END",
                "source": "data:click:h_pos",
                "_t": "09:39:28",
                "_end": "-",
                "data": {
                    "lbl": {
                        "time": 652.577993,
                        "endTime": 654.4597096651819,
                        "type": "run",
                        "id": 9
                    }
                }
            },
            {
                "time": "2018-02-05T16:39:33.333Z",
                "type": "START",
                "source": "hotkey",
                "_t": "09:39:33",
                "_end": "-",
                "data": {
                    "type": "skip",
                    "time": 654.470222
                }
            },
            {
                "time": "2018-02-05T16:39:36.172Z",
                "type": "END",
                "source": "data:click:h_pos",
                "_t": "09:39:36",
                "_end": "-",
                "data": {
                    "lbl": {
                        "time": 654.470222,
                        "endTime": 664.4254492733398,
                        "type": "skip",
                        "id": 10
                    }
                }
            },
            {
                "time": "2018-02-05T16:39:36.565Z",
                "type": "SELECT",
                "source": "data:click",
                "_t": "09:39:36",
                "_end": "-",
                "data": {
                    "time": 654.470222,
                    "endTime": 664.4254492733398,
                    "type": "skip",
                    "id": 10
                }
            },
            {
                "time": "2018-02-05T16:39:37.800Z",
                "type": "DELETE",
                "source": "side-bar:button",
                "_t": "09:39:37",
                "_end": "-",
                "data": {
                    "id": 10,
                    "idx": 9
                }
            }
        ],
        "navigationEvents": [
            {
                "time": {
                    "start": "2018-02-05T16:36:48.136Z",
                    "end": "2018-02-05T16:37:07.480Z"
                },
                "type": "SCRUB",
                "source": "data:drag",
                "_t": "09:36:48",
                "_end": "09:37:07",
                "data": {
                    "time": 3.918989
                }
            },
            {
                "time": {
                    "start": "2018-02-05T16:36:48.136Z",
                    "end": "2018-02-05T16:37:10.044Z"
                },
                "type": "SCRUB",
                "source": "data:drag",
                "_t": "09:36:48",
                "_end": "09:37:10",
                "data": {
                    "time": 22.776353
                }
            },
            {
                "time": {
                    "start": "2018-02-05T16:36:48.136Z",
                    "end": "2018-02-05T16:37:11.130Z"
                },
                "type": "SCRUB",
                "source": "data:drag",
                "_t": "09:36:48",
                "_end": "09:37:11",
                "data": {
                    "time": 16.171233
                }
            },
            {
                "time": {
                    "start": "2018-02-05T16:36:48.136Z",
                    "end": "2018-02-05T16:37:12.806Z"
                },
                "type": "SCRUB",
                "source": "data:drag",
                "_t": "09:36:48",
                "_end": "09:37:12",
                "data": {
                    "time": 19.604642
                }
            },
            {
                "time": {
                    "start": "2018-02-05T16:36:48.136Z",
                    "end": "2018-02-05T16:37:14.240Z"
                },
                "type": "SCRUB",
                "source": "data:drag",
                "_t": "09:36:48",
                "_end": "09:37:14",
                "data": {
                    "time": 19.604642
                }
            },
            {
                "time": {
                    "start": "2018-02-05T16:36:48.136Z",
                    "end": "2018-02-05T16:37:14.376Z"
                },
                "type": "SCRUB",
                "source": "data:drag",
                "_t": "09:36:48",
                "_end": "09:37:14",
                "data": {
                    "time": 19.604642
                }
            },
            {
                "time": "2018-02-05T16:37:14.380Z",
                "type": "JUMP",
                "source": "data:dblclick:h_pos",
                "_t": "09:37:14",
                "_end": "-",
                "data": {
                    "from": 19.604642,
                    "to": 22.945935391451847
                }
            },
            {
                "time": {
                    "start": "2018-02-05T16:36:48.136Z",
                    "end": "2018-02-05T16:37:19.343Z"
                },
                "type": "SCRUB",
                "source": "data:drag",
                "_t": "09:36:48",
                "_end": "09:37:19",
                "data": {
                    "time": 22.945935
                }
            },
            {
                "time": {
                    "start": "2018-02-05T16:36:48.136Z",
                    "end": "2018-02-05T16:37:20.213Z"
                },
                "type": "SCRUB",
                "source": "data:drag",
                "_t": "09:36:48",
                "_end": "09:37:20",
                "data": {
                    "time": 35.205718
                }
            },
            {
                "time": {
                    "start": "2018-02-05T16:36:48.136Z",
                    "end": "2018-02-05T16:37:23.040Z"
                },
                "type": "SCRUB",
                "source": "data:drag",
                "_t": "09:36:48",
                "_end": "09:37:23",
                "data": {
                    "time": 48.185679
                }
            },
            {
                "time": {
                    "start": "2018-02-05T16:36:48.136Z",
                    "end": "2018-02-05T16:37:29.943Z"
                },
                "type": "SCRUB",
                "source": "data:drag",
                "_t": "09:36:48",
                "_end": "09:37:29",
                "data": {
                    "time": 48.185679
                }
            },
            {
                "time": {
                    "start": "2018-02-05T16:36:48.136Z",
                    "end": "2018-02-05T16:37:30.581Z"
                },
                "type": "SCRUB",
                "source": "data:drag",
                "_t": "09:36:48",
                "_end": "09:37:30",
                "data": {
                    "time": 53.628888
                }
            },
            {
                "time": {
                    "start": "2018-02-05T16:36:48.136Z",
                    "end": "2018-02-05T16:37:35.279Z"
                },
                "type": "SCRUB",
                "source": "data:drag",
                "_t": "09:36:48",
                "_end": "09:37:35",
                "data": {
                    "time": 53.628888
                }
            },
            {
                "time": {
                    "start": "2018-02-05T16:36:48.136Z",
                    "end": "2018-02-05T16:37:35.416Z"
                },
                "type": "SCRUB",
                "source": "data:drag",
                "_t": "09:36:48",
                "_end": "09:37:35",
                "data": {
                    "time": 53.628888
                }
            },
            {
                "time": "2018-02-05T16:37:35.420Z",
                "type": "JUMP",
                "source": "data:dblclick:h_pos",
                "_t": "09:37:35",
                "_end": "-",
                "data": {
                    "from": 53.628888,
                    "to": 272.34555066563007
                }
            },
            {
                "time": {
                    "start": "2018-02-05T16:36:48.136Z",
                    "end": "2018-02-05T16:37:36.979Z"
                },
                "type": "SCRUB",
                "source": "data:drag",
                "_t": "09:36:48",
                "_end": "09:37:36",
                "data": {
                    "time": 272.072324
                }
            },
            {
                "time": {
                    "start": "2018-02-05T16:36:48.136Z",
                    "end": "2018-02-05T16:37:37.071Z"
                },
                "type": "SCRUB",
                "source": "data:drag",
                "_t": "09:36:48",
                "_end": "09:37:37",
                "data": {
                    "time": 272.072324
                }
            },
            {
                "time": "2018-02-05T16:37:37.075Z",
                "type": "JUMP",
                "source": "data:dblclick:h_pos",
                "_t": "09:37:37",
                "_end": "-",
                "data": {
                    "from": 272.072324,
                    "to": 491.88188691634844
                }
            },
            {
                "time": {
                    "start": "2018-02-05T16:36:48.136Z",
                    "end": "2018-02-05T16:37:42.574Z"
                },
                "type": "SCRUB",
                "source": "data:drag",
                "_t": "09:36:48",
                "_end": "09:37:42",
                "data": {
                    "time": 491.881886
                }
            },
            {
                "time": {
                    "start": "2018-02-05T16:36:48.136Z",
                    "end": "2018-02-05T16:37:42.712Z"
                },
                "type": "SCRUB",
                "source": "data:drag",
                "_t": "09:36:48",
                "_end": "09:37:42",
                "data": {
                    "time": 491.881886
                }
            },
            {
                "time": "2018-02-05T16:37:42.718Z",
                "type": "JUMP",
                "source": "data:dblclick:h_pos",
                "_t": "09:37:42",
                "_end": "-",
                "data": {
                    "from": 491.881886,
                    "to": 269.2551016047031
                }
            },
            {
                "time": {
                    "start": "2018-02-05T16:36:48.136Z",
                    "end": "2018-02-05T16:37:49.120Z"
                },
                "type": "SCRUB",
                "source": "data:drag",
                "_t": "09:36:48",
                "_end": "09:37:49",
                "data": {
                    "time": 269.255101
                }
            },
            {
                "time": {
                    "start": "2018-02-05T16:36:48.136Z",
                    "end": "2018-02-05T16:37:49.239Z"
                },
                "type": "SCRUB",
                "source": "data:drag",
                "_t": "09:36:48",
                "_end": "09:37:49",
                "data": {
                    "time": 269.255101
                }
            },
            {
                "time": "2018-02-05T16:37:49.244Z",
                "type": "JUMP",
                "source": "data:dblclick:h_pos",
                "_t": "09:37:49",
                "_end": "-",
                "data": {
                    "from": 269.255101,
                    "to": 274.97811253010536
                }
            },
            {
                "time": {
                    "start": "2018-02-05T16:36:48.136Z",
                    "end": "2018-02-05T16:37:57.848Z"
                },
                "type": "SCRUB",
                "source": "data:drag",
                "_t": "09:36:48",
                "_end": "09:37:57",
                "data": {
                    "time": 274.978112
                }
            },
            {
                "time": {
                    "start": "2018-02-05T16:36:48.136Z",
                    "end": "2018-02-05T16:37:58.594Z"
                },
                "type": "SCRUB",
                "source": "data:drag",
                "_t": "09:36:48",
                "_end": "09:37:58",
                "data": {
                    "time": 279.983962
                }
            },
            {
                "time": {
                    "start": "2018-02-05T16:36:48.136Z",
                    "end": "2018-02-05T16:38:01.905Z"
                },
                "type": "SCRUB",
                "source": "data:drag",
                "_t": "09:36:48",
                "_end": "09:38:01",
                "data": {
                    "time": 279.983962
                }
            },
            {
                "time": {
                    "start": "2018-02-05T16:36:48.136Z",
                    "end": "2018-02-05T16:38:02.032Z"
                },
                "type": "SCRUB",
                "source": "data:drag",
                "_t": "09:36:48",
                "_end": "09:38:02",
                "data": {
                    "time": 279.983962
                }
            },
            {
                "time": "2018-02-05T16:38:02.037Z",
                "type": "JUMP",
                "source": "data:dblclick:h_pos",
                "_t": "09:38:02",
                "_end": "-",
                "data": {
                    "from": 279.983962,
                    "to": 382.69285688431717
                }
            },
            {
                "time": {
                    "start": "2018-02-05T16:36:48.136Z",
                    "end": "2018-02-05T16:38:10.120Z"
                },
                "type": "SCRUB",
                "source": "data:drag",
                "_t": "09:36:48",
                "_end": "09:38:10",
                "data": {
                    "time": 382.692856
                }
            },
            {
                "time": {
                    "start": "2018-02-05T16:36:48.136Z",
                    "end": "2018-02-05T16:38:10.241Z"
                },
                "type": "SCRUB",
                "source": "data:drag",
                "_t": "09:36:48",
                "_end": "09:38:10",
                "data": {
                    "time": 382.692856
                }
            },
            {
                "time": "2018-02-05T16:38:10.245Z",
                "type": "JUMP",
                "source": "data:dblclick:h_pos",
                "_t": "09:38:10",
                "_end": "-",
                "data": {
                    "from": 382.692856,
                    "to": 383.18667635017505
                }
            },
            {
                "time": {
                    "start": "2018-02-05T16:36:48.136Z",
                    "end": "2018-02-05T16:38:14.975Z"
                },
                "type": "SCRUB",
                "source": "data:drag",
                "_t": "09:36:48",
                "_end": "09:38:14",
                "data": {
                    "time": 383.186676
                }
            },
            {
                "time": {
                    "start": "2018-02-05T16:36:48.136Z",
                    "end": "2018-02-05T16:38:18.481Z"
                },
                "type": "SCRUB",
                "source": "data:drag",
                "_t": "09:36:48",
                "_end": "09:38:18",
                "data": {
                    "time": 383.186676
                }
            },
            {
                "time": {
                    "start": "2018-02-05T16:36:48.136Z",
                    "end": "2018-02-05T16:38:18.616Z"
                },
                "type": "SCRUB",
                "source": "data:drag",
                "_t": "09:36:48",
                "_end": "09:38:18",
                "data": {
                    "time": 383.186676
                }
            },
            {
                "time": "2018-02-05T16:38:18.622Z",
                "type": "JUMP",
                "source": "data:dblclick:h_pos",
                "_t": "09:38:18",
                "_end": "-",
                "data": {
                    "from": 383.186676,
                    "to": 484.37109382883455
                }
            },
            {
                "time": {
                    "start": "2018-02-05T16:36:48.136Z",
                    "end": "2018-02-05T16:38:27.232Z"
                },
                "type": "SCRUB",
                "source": "data:drag",
                "_t": "09:36:48",
                "_end": "09:38:27",
                "data": {
                    "time": 484.371093
                }
            },
            {
                "time": {
                    "start": "2018-02-05T16:36:48.136Z",
                    "end": "2018-02-05T16:38:27.376Z"
                },
                "type": "SCRUB",
                "source": "data:drag",
                "_t": "09:36:48",
                "_end": "09:38:27",
                "data": {
                    "time": 484.371093
                }
            },
            {
                "time": "2018-02-05T16:38:27.381Z",
                "type": "JUMP",
                "source": "data:dblclick:h_pos",
                "_t": "09:38:27",
                "_end": "-",
                "data": {
                    "from": 484.371093,
                    "to": 484.70256145422707
                }
            },
            {
                "time": {
                    "start": "2018-02-05T16:36:48.136Z",
                    "end": "2018-02-05T16:38:30.177Z"
                },
                "type": "SCRUB",
                "source": "data:drag",
                "_t": "09:36:48",
                "_end": "09:38:30",
                "data": {
                    "time": 484.702561
                }
            },
            {
                "time": {
                    "start": "2018-02-05T16:36:48.136Z",
                    "end": "2018-02-05T16:38:30.296Z"
                },
                "type": "SCRUB",
                "source": "data:drag",
                "_t": "09:36:48",
                "_end": "09:38:30",
                "data": {
                    "time": 484.702561
                }
            },
            {
                "time": {
                    "start": "2018-02-05T16:36:48.136Z",
                    "end": "2018-02-05T16:38:31.409Z"
                },
                "type": "SCRUB",
                "source": "data:drag",
                "_t": "09:36:48",
                "_end": "09:38:31",
                "data": {
                    "time": 484.702561
                }
            },
            {
                "time": {
                    "start": "2018-02-05T16:36:48.136Z",
                    "end": "2018-02-05T16:38:33.984Z"
                },
                "type": "SCRUB",
                "source": "data:drag",
                "_t": "09:36:48",
                "_end": "09:38:33",
                "data": {
                    "time": 484.702561
                }
            },
            {
                "time": {
                    "start": "2018-02-05T16:36:48.136Z",
                    "end": "2018-02-05T16:38:34.129Z"
                },
                "type": "SCRUB",
                "source": "data:drag",
                "_t": "09:36:48",
                "_end": "09:38:34",
                "data": {
                    "time": 484.702561
                }
            },
            {
                "time": "2018-02-05T16:38:34.134Z",
                "type": "JUMP",
                "source": "data:dblclick:h_pos",
                "_t": "09:38:34",
                "_end": "-",
                "data": {
                    "from": 484.702561,
                    "to": 525.432845180909
                }
            },
            {
                "time": {
                    "start": "2018-02-05T16:36:48.136Z",
                    "end": "2018-02-05T16:38:41.249Z"
                },
                "type": "SCRUB",
                "source": "data:drag",
                "_t": "09:36:48",
                "_end": "09:38:41",
                "data": {
                    "time": 525.798136
                }
            },
            {
                "time": {
                    "start": "2018-02-05T16:36:48.136Z",
                    "end": "2018-02-05T16:38:44.481Z"
                },
                "type": "SCRUB",
                "source": "data:drag",
                "_t": "09:36:48",
                "_end": "09:38:44",
                "data": {
                    "time": 525.798136
                }
            },
            {
                "time": {
                    "start": "2018-02-05T16:36:48.136Z",
                    "end": "2018-02-05T16:38:45.326Z"
                },
                "type": "SCRUB",
                "source": "data:drag",
                "_t": "09:36:48",
                "_end": "09:38:45",
                "data": {
                    "time": 533.631614
                }
            },
            {
                "time": {
                    "start": "2018-02-05T16:36:48.136Z",
                    "end": "2018-02-05T16:38:48.926Z"
                },
                "type": "SCRUB",
                "source": "data:drag",
                "_t": "09:36:48",
                "_end": "09:38:48",
                "data": {
                    "time": 549.751858
                }
            },
            {
                "time": {
                    "start": "2018-02-05T16:36:48.136Z",
                    "end": "2018-02-05T16:38:53.192Z"
                },
                "type": "SCRUB",
                "source": "data:drag",
                "_t": "09:36:48",
                "_end": "09:38:53",
                "data": {
                    "time": 549.846563
                }
            },
            {
                "time": {
                    "start": "2018-02-05T16:36:48.136Z",
                    "end": "2018-02-05T16:38:56.729Z"
                },
                "type": "SCRUB",
                "source": "data:drag",
                "_t": "09:36:48",
                "_end": "09:38:56",
                "data": {
                    "time": 549.846563
                }
            },
            {
                "time": {
                    "start": "2018-02-05T16:36:48.136Z",
                    "end": "2018-02-05T16:38:59.449Z"
                },
                "type": "SCRUB",
                "source": "data:drag",
                "_t": "09:36:48",
                "_end": "09:38:59",
                "data": {
                    "time": 577.298545
                }
            },
            {
                "time": {
                    "start": "2018-02-05T16:36:48.136Z",
                    "end": "2018-02-05T16:39:02.499Z"
                },
                "type": "SCRUB",
                "source": "data:drag",
                "_t": "09:36:48",
                "_end": "09:39:02",
                "data": {
                    "time": 577.907364
                }
            },
            {
                "time": {
                    "start": "2018-02-05T16:36:48.136Z",
                    "end": "2018-02-05T16:39:05.769Z"
                },
                "type": "SCRUB",
                "source": "data:drag",
                "_t": "09:36:48",
                "_end": "09:39:05",
                "data": {
                    "time": 577.907364
                }
            },
            {
                "time": {
                    "start": "2018-02-05T16:36:48.136Z",
                    "end": "2018-02-05T16:39:08.128Z"
                },
                "type": "SCRUB",
                "source": "data:drag",
                "_t": "09:36:48",
                "_end": "09:39:08",
                "data": {
                    "time": 577.907364
                }
            },
            {
                "time": {
                    "start": "2018-02-05T16:36:48.136Z",
                    "end": "2018-02-05T16:39:08.553Z"
                },
                "type": "SCRUB",
                "source": "data:drag",
                "_t": "09:36:48",
                "_end": "09:39:08",
                "data": {
                    "time": 577.907364
                }
            },
            {
                "time": {
                    "start": "2018-02-05T16:36:48.136Z",
                    "end": "2018-02-05T16:39:11.192Z"
                },
                "type": "SCRUB",
                "source": "data:drag",
                "_t": "09:36:48",
                "_end": "09:39:11",
                "data": {
                    "time": 584.78026
                }
            },
            {
                "time": {
                    "start": "2018-02-05T16:36:48.136Z",
                    "end": "2018-02-05T16:39:12.655Z"
                },
                "type": "SCRUB",
                "source": "data:drag",
                "_t": "09:36:48",
                "_end": "09:39:12",
                "data": {
                    "time": 612.661985
                }
            },
            {
                "time": {
                    "start": "2018-02-05T16:36:48.136Z",
                    "end": "2018-02-05T16:39:14.547Z"
                },
                "type": "SCRUB",
                "source": "data:drag",
                "_t": "09:36:48",
                "_end": "09:39:14",
                "data": {
                    "time": 638.081418
                }
            },
            {
                "time": {
                    "start": "2018-02-05T16:36:48.136Z",
                    "end": "2018-02-05T16:39:16.108Z"
                },
                "type": "SCRUB",
                "source": "data:drag",
                "_t": "09:36:48",
                "_end": "09:39:16",
                "data": {
                    "time": 645.419061
                }
            },
            {
                "time": {
                    "start": "2018-02-05T16:36:48.136Z",
                    "end": "2018-02-05T16:39:17.466Z"
                },
                "type": "SCRUB",
                "source": "data:drag",
                "_t": "09:36:48",
                "_end": "09:39:17",
                "data": {
                    "time": 649.413766
                }
            },
            {
                "time": {
                    "start": "2018-02-05T16:36:48.136Z",
                    "end": "2018-02-05T16:39:21.006Z"
                },
                "type": "SCRUB",
                "source": "data:drag",
                "_t": "09:36:48",
                "_end": "09:39:21",
                "data": {
                    "time": 649.413766
                }
            },
            {
                "time": {
                    "start": "2018-02-05T16:36:48.136Z",
                    "end": "2018-02-05T16:39:21.113Z"
                },
                "type": "SCRUB",
                "source": "data:drag",
                "_t": "09:36:48",
                "_end": "09:39:21",
                "data": {
                    "time": 649.413766
                }
            },
            {
                "time": "2018-02-05T16:39:21.118Z",
                "type": "JUMP",
                "source": "data:dblclick:h_pos",
                "_t": "09:39:21",
                "_end": "-",
                "data": {
                    "from": 649.413766,
                    "to": 652.5149191632896
                }
            },
            {
                "time": {
                    "start": "2018-02-05T16:36:48.136Z",
                    "end": "2018-02-05T16:39:26.814Z"
                },
                "type": "SCRUB",
                "source": "data:drag",
                "_t": "09:36:48",
                "_end": "09:39:26",
                "data": {
                    "time": 652.577993
                }
            },
            {
                "time": {
                    "start": "2018-02-05T16:36:48.136Z",
                    "end": "2018-02-05T16:39:28.697Z"
                },
                "type": "SCRUB",
                "source": "data:drag",
                "_t": "09:36:48",
                "_end": "09:39:28",
                "data": {
                    "time": 652.577993
                }
            },
            {
                "time": {
                    "start": "2018-02-05T16:36:48.136Z",
                    "end": "2018-02-05T16:39:32.850Z"
                },
                "type": "SCRUB",
                "source": "data:drag",
                "_t": "09:36:48",
                "_end": "09:39:32",
                "data": {
                    "time": 654.470222
                }
            },
            {
                "time": {
                    "start": "2018-02-05T16:36:48.136Z",
                    "end": "2018-02-05T16:39:36.169Z"
                },
                "type": "SCRUB",
                "source": "data:drag",
                "_t": "09:36:48",
                "_end": "09:39:36",
                "data": {
                    "time": 654.470222
                }
            },
            {
                "time": {
                    "start": "2018-02-05T16:36:48.136Z",
                    "end": "2018-02-05T16:39:36.562Z"
                },
                "type": "SCRUB",
                "source": "data:drag",
                "_t": "09:36:48",
                "_end": "09:39:36",
                "data": {
                    "time": 654.470222
                }
            },
            {
                "time": {
                    "start": "2018-02-05T16:36:48.136Z",
                    "end": "2018-02-05T16:39:39.530Z"
                },
                "type": "SCRUB",
                "source": "data:drag",
                "_t": "09:36:48",
                "_end": "09:39:39",
                "data": {
                    "time": 629.396487
                }
            },
            {
                "time": {
                    "start": "2018-02-05T16:36:48.136Z",
                    "end": "2018-02-05T16:39:40.032Z"
                },
                "type": "SCRUB",
                "source": "data:drag",
                "_t": "09:36:48",
                "_end": "09:39:40",
                "data": {
                    "time": 615.018541
                }
            },
            {
                "time": {
                    "start": "2018-02-05T16:36:48.136Z",
                    "end": "2018-02-05T16:39:40.954Z"
                },
                "type": "SCRUB",
                "source": "data:drag",
                "_t": "09:36:48",
                "_end": "09:39:40",
                "data": {
                    "time": 640.574462
                }
            },
            {
                "time": {
                    "start": "2018-02-05T16:36:48.136Z",
                    "end": "2018-02-05T16:39:41.518Z"
                },
                "type": "SCRUB",
                "source": "data:drag",
                "_t": "09:36:48",
                "_end": "09:39:41",
                "data": {
                    "time": 644.870311
                }
            }
        ]
    }
}