{
    "user_id": "blue 4",
    "session_id": "5cf0390a81249f67dd06a9d7",
    "study": "studyE",
    "workspace": "drywall.drywall-red",
    "details": {
        "workspace": "drywall.drywall-red",
        "labels": [
            {
                "time": 338.0203625281677,
                "endTime": 347.706830789101,
                "type": "measuring",
                "id": 1
            },
            {
                "time": 359.2069,
                "endTime": 362.6576819057937,
                "type": "measuring",
                "id": 2
            },
            {
                "time": 365.15512999997827,
                "endTime": 370.7358865365432,
                "type": "measuring",
                "id": 3
            },
            {
                "time": 373.778243,
                "endTime": 382.15495025315727,
                "type": "measuring",
                "id": 4
            },
            {
                "time": 385.225146,
                "endTime": 388.4090528292544,
                "type": "measuring",
                "id": 5
            },
            {
                "time": 389.432451,
                "endTime": 393.03329800927577,
                "type": "measuring",
                "id": 6
            },
            {
                "time": 394.023696,
                "endTime": 395.1791086615022,
                "type": "measuring",
                "id": 7
            },
            {
                "time": 400.530493,
                "endTime": 406.0643115366686,
                "type": "measuring",
                "id": 8
            },
            {
                "time": 406.672423,
                "endTime": 407.9798636432788,
                "type": "measuring",
                "id": 9
            },
            {
                "time": 409.135276,
                "endTime": 411.26366774487246,
                "type": "measuring",
                "id": 10
            },
            {
                "time": 412.054213,
                "endTime": 415.4900453881514,
                "type": "measuring",
                "id": 11
            },
            {
                "time": 418.925876,
                "endTime": 422.96982031525783,
                "type": "measuring",
                "id": 12
            },
            {
                "time": 428.082707,
                "endTime": 438.47218914030094,
                "type": "measuring",
                "id": 13
            },
            {
                "time": 442.522326,
                "endTime": 451.0804417969258,
                "type": "measuring",
                "id": 14
            },
            {
                "time": 454.390988,
                "endTime": 460.2372728653896,
                "type": "measuring",
                "id": 15
            }
        ],
        "_starts": [
            "2019-05-30T20:29:07.000Z"
        ],
        "_ends": [
            "2019-05-30T20:33:25.297Z"
        ]
    },
    "labels_file": "/home/ubuntu/vat/data/user-studies/studyE/drywall-red/blue 4.labels.json",
    "videoFlash": 7.957784,
    "surveys": {
        "user-info": {
            "firstname": "Jo Yu",
            "lastname": "Wu",
            "email": "anita248846@gmail.com"
        },
        "practice-first": {
            "question1": "3",
            "question2": "okay",
            "question3": "10",
            "question4": "4"
        },
        "practice-second": {},
        "practice-third": {},
        "practice-survey": {},
        "drywall-blue": {
            "question1": "3",
            "question2": "3",
            "question3": "30",
            "question4": "40"
        }
    },
    "logs": {
        "labelEvents": [
            {
                "time": "2019-05-30T20:31:01.718Z",
                "type": "START",
                "source": "side-bar:button",
                "_t": "14:31:01",
                "_end": "-",
                "data": {
                    "type": "measuring",
                    "time": 337.858324
                }
            },
            {
                "time": "2019-05-30T20:31:03.666Z",
                "type": "END",
                "source": "data:click:h_pos",
                "_t": "14:31:03",
                "_end": "-",
                "data": {
                    "lbl": {
                        "time": 338.0203625281677,
                        "endTime": 347.706830789101,
                        "type": "measuring",
                        "id": 1
                    }
                }
            },
            {
                "time": "2019-05-30T20:31:07.161Z",
                "type": "SELECT",
                "source": "data:click",
                "_t": "14:31:07",
                "_end": "-",
                "data": {
                    "time": 338.0203625281677,
                    "endTime": 347.706830789101,
                    "type": "measuring",
                    "id": 1
                }
            },
            {
                "time": {
                    "start": "2019-05-30T20:31:10.130Z",
                    "end": "2019-05-30T20:31:10.751Z"
                },
                "type": "MOVE",
                "source": "data:brush",
                "_t": "14:31:10",
                "_end": "14:31:10",
                "data": {
                    "brushing": true,
                    "origin": [
                        337.858324,
                        347.5447922609276
                    ],
                    "start": "2019-05-30T20:31:10.130Z",
                    "ε": 0.1,
                    "mode": "move"
                }
            },
            {
                "time": "2019-05-30T20:31:12.726Z",
                "type": "DESELECT",
                "source": "data:click",
                "_t": "14:31:12",
                "_end": "-",
                "data": {
                    "time": 338.0203625281677,
                    "endTime": 347.706830789101,
                    "type": "measuring",
                    "id": 1
                }
            },
            {
                "time": "2019-05-30T20:31:12.847Z",
                "type": "SELECT",
                "source": "data:click",
                "_t": "14:31:12",
                "_end": "-",
                "data": {
                    "time": 338.0203625281677,
                    "endTime": 347.706830789101,
                    "type": "measuring",
                    "id": 1
                }
            },
            {
                "time": "2019-05-30T20:31:13.608Z",
                "type": "DESELECT",
                "source": "data:click",
                "_t": "14:31:13",
                "_end": "-",
                "data": {
                    "time": 338.0203625281677,
                    "endTime": 347.706830789101,
                    "type": "measuring",
                    "id": 1
                }
            },
            {
                "time": "2019-05-30T20:31:19.950Z",
                "type": "START",
                "source": "side-bar:button",
                "_t": "14:31:19",
                "_end": "-",
                "data": {
                    "type": "measuring",
                    "time": 359.2069
                }
            },
            {
                "time": "2019-05-30T20:31:24.007Z",
                "type": "END",
                "source": "data:click:h_pos",
                "_t": "14:31:24",
                "_end": "-",
                "data": {
                    "lbl": {
                        "time": 359.2069,
                        "endTime": 362.6576819057937,
                        "type": "measuring",
                        "id": 2
                    }
                }
            },
            {
                "time": "2019-05-30T20:31:24.856Z",
                "type": "SELECT",
                "source": "data:click",
                "_t": "14:31:24",
                "_end": "-",
                "data": {
                    "time": 359.2069,
                    "endTime": 362.6576819057937,
                    "type": "measuring",
                    "id": 2
                }
            },
            {
                "time": "2019-05-30T20:31:25.947Z",
                "type": "DESELECT",
                "source": "data:click",
                "_t": "14:31:25",
                "_end": "-",
                "data": {
                    "time": 359.2069,
                    "endTime": 362.6576819057937,
                    "type": "measuring",
                    "id": 2
                }
            },
            {
                "time": "2019-05-30T20:31:33.014Z",
                "type": "START",
                "source": "side-bar:button",
                "_t": "14:31:33",
                "_end": "-",
                "data": {
                    "type": "measuring",
                    "time": 365.15513
                }
            },
            {
                "time": "2019-05-30T20:31:47.724Z",
                "type": "END",
                "source": "data:click:h_pos",
                "_t": "14:31:47",
                "_end": "-",
                "data": {
                    "lbl": {
                        "time": 365.15512999997827,
                        "endTime": 370.7358865365432,
                        "type": "measuring",
                        "id": 3
                    }
                }
            },
            {
                "time": "2019-05-30T20:31:48.689Z",
                "type": "SELECT",
                "source": "data:click",
                "_t": "14:31:48",
                "_end": "-",
                "data": {
                    "time": 365.15512999997827,
                    "endTime": 370.7358865365432,
                    "type": "measuring",
                    "id": 3
                }
            },
            {
                "time": "2019-05-30T20:31:50.220Z",
                "type": "DESELECT",
                "source": "data:click",
                "_t": "14:31:50",
                "_end": "-",
                "data": {
                    "time": 365.15513,
                    "endTime": 365.96002629268287,
                    "type": "measuring",
                    "id": 3
                }
            },
            {
                "time": "2019-05-30T20:32:12.241Z",
                "type": "SELECT",
                "source": "data:click",
                "_t": "14:32:12",
                "_end": "-",
                "data": {
                    "time": 365.15512999997827,
                    "endTime": 370.7358865365432,
                    "type": "measuring",
                    "id": 3
                }
            },
            {
                "time": {
                    "start": "2019-05-30T20:32:13.210Z",
                    "end": "2019-05-30T20:32:15.311Z"
                },
                "type": "RESIZE",
                "source": "data:brush",
                "_t": "14:32:13",
                "_end": "14:32:15",
                "data": {
                    "brushing": true,
                    "origin": [
                        365.15513,
                        365.96002629268287
                    ],
                    "_brushside": 1,
                    "start": "2019-05-30T20:32:13.210Z",
                    "ε": 0.1,
                    "mode": "resize"
                }
            },
            {
                "time": "2019-05-30T20:32:15.841Z",
                "type": "DESELECT",
                "source": "data:click",
                "_t": "14:32:15",
                "_end": "-",
                "data": {
                    "time": 365.15512999997827,
                    "endTime": 370.7358865365432,
                    "type": "measuring",
                    "id": 3
                }
            },
            {
                "time": "2019-05-30T20:32:21.543Z",
                "type": "START",
                "source": "side-bar:button",
                "_t": "14:32:21",
                "_end": "-",
                "data": {
                    "type": "measuring",
                    "time": 373.778243
                }
            },
            {
                "time": "2019-05-30T20:32:23.076Z",
                "type": "END",
                "source": "data:click:h_pos",
                "_t": "14:32:23",
                "_end": "-",
                "data": {
                    "lbl": {
                        "time": 373.778243,
                        "endTime": 382.15495025315727,
                        "type": "measuring",
                        "id": 4
                    }
                }
            },
            {
                "time": "2019-05-30T20:32:27.695Z",
                "type": "START",
                "source": "side-bar:button",
                "_t": "14:32:27",
                "_end": "-",
                "data": {
                    "type": "measuring",
                    "time": 385.225146
                }
            },
            {
                "time": "2019-05-30T20:32:29.340Z",
                "type": "END",
                "source": "data:click:h_pos",
                "_t": "14:32:29",
                "_end": "-",
                "data": {
                    "lbl": {
                        "time": 385.225146,
                        "endTime": 388.4090528292544,
                        "type": "measuring",
                        "id": 5
                    }
                }
            },
            {
                "time": "2019-05-30T20:32:33.055Z",
                "type": "START",
                "source": "side-bar:button",
                "_t": "14:32:33",
                "_end": "-",
                "data": {
                    "type": "measuring",
                    "time": 389.432451
                }
            },
            {
                "time": "2019-05-30T20:32:34.770Z",
                "type": "END",
                "source": "data:click:h_pos",
                "_t": "14:32:34",
                "_end": "-",
                "data": {
                    "lbl": {
                        "time": 389.432451,
                        "endTime": 393.03329800927577,
                        "type": "measuring",
                        "id": 6
                    }
                }
            },
            {
                "time": "2019-05-30T20:32:41.127Z",
                "type": "START",
                "source": "side-bar:button",
                "_t": "14:32:41",
                "_end": "-",
                "data": {
                    "type": "measuring",
                    "time": 394.023696
                }
            },
            {
                "time": "2019-05-30T20:32:42.712Z",
                "type": "END",
                "source": "data:click:h_pos",
                "_t": "14:32:42",
                "_end": "-",
                "data": {
                    "lbl": {
                        "time": 394.023696,
                        "endTime": 395.1791086615022,
                        "type": "measuring",
                        "id": 7
                    }
                }
            },
            {
                "time": "2019-05-30T20:32:46.656Z",
                "type": "START",
                "source": "side-bar:button",
                "_t": "14:32:46",
                "_end": "-",
                "data": {
                    "type": "measuring",
                    "time": 400.530493
                }
            },
            {
                "time": "2019-05-30T20:32:48.498Z",
                "type": "END",
                "source": "data:click:h_pos",
                "_t": "14:32:48",
                "_end": "-",
                "data": {
                    "lbl": {
                        "time": 400.530493,
                        "endTime": 406.0643115366686,
                        "type": "measuring",
                        "id": 8
                    }
                }
            },
            {
                "time": "2019-05-30T20:32:49.002Z",
                "type": "SELECT",
                "source": "data:click",
                "_t": "14:32:49",
                "_end": "-",
                "data": {
                    "time": 400.530493,
                    "endTime": 406.0643115366686,
                    "type": "measuring",
                    "id": 8
                }
            },
            {
                "time": "2019-05-30T20:32:49.829Z",
                "type": "DESELECT",
                "source": "data:click",
                "_t": "14:32:49",
                "_end": "-",
                "data": {
                    "time": 400.530493,
                    "endTime": 406.0643115366686,
                    "type": "measuring",
                    "id": 8
                }
            },
            {
                "time": "2019-05-30T20:32:53.392Z",
                "type": "START",
                "source": "side-bar:button",
                "_t": "14:32:53",
                "_end": "-",
                "data": {
                    "type": "measuring",
                    "time": 406.672423
                }
            },
            {
                "time": "2019-05-30T20:32:54.675Z",
                "type": "END",
                "source": "data:click:h_pos",
                "_t": "14:32:54",
                "_end": "-",
                "data": {
                    "lbl": {
                        "time": 406.672423,
                        "endTime": 407.9798636432788,
                        "type": "measuring",
                        "id": 9
                    }
                }
            },
            {
                "time": "2019-05-30T20:32:58.088Z",
                "type": "START",
                "source": "side-bar:button",
                "_t": "14:32:58",
                "_end": "-",
                "data": {
                    "type": "measuring",
                    "time": 409.135276
                }
            },
            {
                "time": "2019-05-30T20:32:59.157Z",
                "type": "END",
                "source": "data:click:h_pos",
                "_t": "14:32:59",
                "_end": "-",
                "data": {
                    "lbl": {
                        "time": 409.135276,
                        "endTime": 411.26366774487246,
                        "type": "measuring",
                        "id": 10
                    }
                }
            },
            {
                "time": "2019-05-30T20:33:01.672Z",
                "type": "START",
                "source": "side-bar:button",
                "_t": "14:33:01",
                "_end": "-",
                "data": {
                    "type": "measuring",
                    "time": 412.054213
                }
            },
            {
                "time": "2019-05-30T20:33:03.195Z",
                "type": "END",
                "source": "data:click:h_pos",
                "_t": "14:33:03",
                "_end": "-",
                "data": {
                    "lbl": {
                        "time": 412.054213,
                        "endTime": 415.4900453881514,
                        "type": "measuring",
                        "id": 11
                    }
                }
            },
            {
                "time": "2019-05-30T20:33:03.714Z",
                "type": "SELECT",
                "source": "data:click",
                "_t": "14:33:03",
                "_end": "-",
                "data": {
                    "time": 412.054213,
                    "endTime": 415.4900453881514,
                    "type": "measuring",
                    "id": 11
                }
            },
            {
                "time": "2019-05-30T20:33:03.875Z",
                "type": "DESELECT",
                "source": "data:click",
                "_t": "14:33:03",
                "_end": "-",
                "data": {
                    "time": 412.054213,
                    "endTime": 415.4900453881514,
                    "type": "measuring",
                    "id": 11
                }
            },
            {
                "time": "2019-05-30T20:33:09.584Z",
                "type": "START",
                "source": "side-bar:button",
                "_t": "14:33:09",
                "_end": "-",
                "data": {
                    "type": "measuring",
                    "time": 418.925876
                }
            },
            {
                "time": "2019-05-30T20:33:10.993Z",
                "type": "END",
                "source": "data:click:h_pos",
                "_t": "14:33:10",
                "_end": "-",
                "data": {
                    "lbl": {
                        "time": 418.925876,
                        "endTime": 422.96982031525783,
                        "type": "measuring",
                        "id": 12
                    }
                }
            },
            {
                "time": "2019-05-30T20:33:14.779Z",
                "type": "START",
                "source": "side-bar:button",
                "_t": "14:33:14",
                "_end": "-",
                "data": {
                    "type": "measuring",
                    "time": 428.082707
                }
            },
            {
                "time": "2019-05-30T20:33:16.075Z",
                "type": "END",
                "source": "data:click:h_pos",
                "_t": "14:33:16",
                "_end": "-",
                "data": {
                    "lbl": {
                        "time": 428.082707,
                        "endTime": 438.47218914030094,
                        "type": "measuring",
                        "id": 13
                    }
                }
            },
            {
                "time": "2019-05-30T20:33:18.697Z",
                "type": "START",
                "source": "side-bar:button",
                "_t": "14:33:18",
                "_end": "-",
                "data": {
                    "type": "measuring",
                    "time": 442.522326
                }
            },
            {
                "time": "2019-05-30T20:33:19.995Z",
                "type": "END",
                "source": "data:click:h_pos",
                "_t": "14:33:19",
                "_end": "-",
                "data": {
                    "lbl": {
                        "time": 442.522326,
                        "endTime": 451.0804417969258,
                        "type": "measuring",
                        "id": 14
                    }
                }
            },
            {
                "time": "2019-05-30T20:33:20.461Z",
                "type": "SELECT",
                "source": "data:click",
                "_t": "14:33:20",
                "_end": "-",
                "data": {
                    "time": 442.522326,
                    "endTime": 451.0804417969258,
                    "type": "measuring",
                    "id": 14
                }
            },
            {
                "time": "2019-05-30T20:33:21.181Z",
                "type": "DESELECT",
                "source": "data:click",
                "_t": "14:33:21",
                "_end": "-",
                "data": {
                    "time": 442.522326,
                    "endTime": 451.0804417969258,
                    "type": "measuring",
                    "id": 14
                }
            },
            {
                "time": "2019-05-30T20:33:23.441Z",
                "type": "START",
                "source": "side-bar:button",
                "_t": "14:33:23",
                "_end": "-",
                "data": {
                    "type": "measuring",
                    "time": 454.390988
                }
            },
            {
                "time": "2019-05-30T20:33:25.100Z",
                "type": "END",
                "source": "data:click:h_pos",
                "_t": "14:33:25",
                "_end": "-",
                "data": {
                    "lbl": {
                        "time": 454.390988,
                        "endTime": 460.2372728653896,
                        "type": "measuring",
                        "id": 15
                    }
                }
            }
        ],
        "navigationEvents": [
            {
                "time": {
                    "start": "2019-05-30T20:29:07.730Z",
                    "end": "2019-05-30T20:30:39.371Z"
                },
                "type": "SCRUB",
                "source": "data:drag",
                "_t": "14:29:07",
                "_end": "14:30:39",
                "data": {
                    "time": 11.022477
                }
            },
            {
                "time": {
                    "start": "2019-05-30T20:29:07.730Z",
                    "end": "2019-05-30T20:30:39.571Z"
                },
                "type": "SCRUB",
                "source": "data:drag",
                "_t": "14:29:07",
                "_end": "14:30:39",
                "data": {
                    "time": 11.228442
                }
            },
            {
                "time": "2019-05-30T20:30:39.573Z",
                "type": "JUMP",
                "source": "data:dblclick:h_pos",
                "_t": "14:30:39",
                "_end": "-",
                "data": {
                    "from": 11.229971,
                    "to": 67.58383747154474
                }
            },
            {
                "time": {
                    "start": "2019-05-30T20:29:07.730Z",
                    "end": "2019-05-30T20:30:41.476Z"
                },
                "type": "SCRUB",
                "source": "data:drag",
                "_t": "14:29:07",
                "_end": "14:30:41",
                "data": {
                    "time": 68.88023
                }
            },
            {
                "time": {
                    "start": "2019-05-30T20:29:07.730Z",
                    "end": "2019-05-30T20:30:41.686Z"
                },
                "type": "SCRUB",
                "source": "data:drag",
                "_t": "14:29:07",
                "_end": "14:30:41",
                "data": {
                    "time": 69.094264
                }
            },
            {
                "time": "2019-05-30T20:30:41.687Z",
                "type": "JUMP",
                "source": "data:dblclick:h_pos",
                "_t": "14:30:41",
                "_end": "-",
                "data": {
                    "from": 69.095262,
                    "to": 153.3956987479675
                }
            },
            {
                "time": "2019-05-30T20:30:43.576Z",
                "type": "CHANGE-PLAYBACK-RATE",
                "source": "video:button",
                "_t": "14:30:43",
                "_end": "-",
                "data": {
                    "oldRate": 1,
                    "newRate": 1.5
                }
            },
            {
                "time": "2019-05-30T20:30:44.405Z",
                "type": "CHANGE-PLAYBACK-RATE",
                "source": "video:menu",
                "_t": "14:30:44",
                "_end": "-",
                "data": {
                    "oldRate": 1.5,
                    "newRate": 2
                }
            },
            {
                "time": {
                    "start": "2019-05-30T20:29:07.730Z",
                    "end": "2019-05-30T20:30:52.444Z"
                },
                "type": "SCRUB",
                "source": "data:drag",
                "_t": "14:29:07",
                "_end": "14:30:52",
                "data": {
                    "time": 172.036198
                }
            },
            {
                "time": {
                    "start": "2019-05-30T20:29:07.730Z",
                    "end": "2019-05-30T20:30:52.651Z"
                },
                "type": "SCRUB",
                "source": "data:drag",
                "_t": "14:29:07",
                "_end": "14:30:52",
                "data": {
                    "time": 172.458862
                }
            },
            {
                "time": "2019-05-30T20:30:52.652Z",
                "type": "JUMP",
                "source": "data:dblclick:h_pos",
                "_t": "14:30:52",
                "_end": "-",
                "data": {
                    "from": 172.460892,
                    "to": 220.72881630463803
                }
            },
            {
                "time": {
                    "start": "2019-05-30T20:29:07.730Z",
                    "end": "2019-05-30T20:30:53.197Z"
                },
                "type": "SCRUB",
                "source": "data:drag",
                "_t": "14:29:07",
                "_end": "14:30:53",
                "data": {
                    "time": 220.837796
                }
            },
            {
                "time": {
                    "start": "2019-05-30T20:29:07.730Z",
                    "end": "2019-05-30T20:30:53.385Z"
                },
                "type": "SCRUB",
                "source": "data:drag",
                "_t": "14:29:07",
                "_end": "14:30:53",
                "data": {
                    "time": 221.229098
                }
            },
            {
                "time": "2019-05-30T20:30:53.386Z",
                "type": "JUMP",
                "source": "data:dblclick:h_pos",
                "_t": "14:30:53",
                "_end": "-",
                "data": {
                    "from": 221.231138,
                    "to": 267.5985897318478
                }
            },
            {
                "time": "2019-05-30T20:30:57.790Z",
                "type": "PAUSE",
                "source": "video:button",
                "_t": "14:30:57",
                "_end": "-"
            },
            {
                "time": {
                    "start": "2019-05-30T20:29:07.730Z",
                    "end": "2019-05-30T20:30:59.081Z"
                },
                "type": "SCRUB",
                "source": "data:drag",
                "_t": "14:29:07",
                "_end": "14:30:59",
                "data": {
                    "time": 275.422719
                }
            },
            {
                "time": {
                    "start": "2019-05-30T20:29:07.730Z",
                    "end": "2019-05-30T20:30:59.230Z"
                },
                "type": "SCRUB",
                "source": "data:drag",
                "_t": "14:29:07",
                "_end": "14:30:59",
                "data": {
                    "time": 275.422719
                }
            },
            {
                "time": "2019-05-30T20:30:59.234Z",
                "type": "JUMP",
                "source": "data:dblclick:h_pos",
                "_t": "14:30:59",
                "_end": "-",
                "data": {
                    "from": 275.422719,
                    "to": 337.8583242035877
                }
            },
            {
                "time": {
                    "start": "2019-05-30T20:29:07.730Z",
                    "end": "2019-05-30T20:31:03.659Z"
                },
                "type": "SCRUB",
                "source": "data:drag",
                "_t": "14:29:07",
                "_end": "14:31:03",
                "data": {
                    "time": 337.858324
                }
            },
            {
                "time": {
                    "start": "2019-05-30T20:29:07.730Z",
                    "end": "2019-05-30T20:31:07.158Z"
                },
                "type": "SCRUB",
                "source": "data:drag",
                "_t": "14:29:07",
                "_end": "14:31:07",
                "data": {
                    "time": 337.858324
                }
            },
            {
                "time": {
                    "start": "2019-05-30T20:29:07.730Z",
                    "end": "2019-05-30T20:31:10.772Z"
                },
                "type": "SCRUB",
                "source": "data:drag",
                "_t": "14:29:07",
                "_end": "14:31:10",
                "data": {
                    "time": 337.858324
                }
            },
            {
                "time": {
                    "start": "2019-05-30T20:29:07.730Z",
                    "end": "2019-05-30T20:31:12.725Z"
                },
                "type": "SCRUB",
                "source": "data:drag",
                "_t": "14:29:07",
                "_end": "14:31:12",
                "data": {
                    "time": 337.858324
                }
            },
            {
                "time": {
                    "start": "2019-05-30T20:29:07.730Z",
                    "end": "2019-05-30T20:31:12.846Z"
                },
                "type": "SCRUB",
                "source": "data:drag",
                "_t": "14:29:07",
                "_end": "14:31:12",
                "data": {
                    "time": 337.858324
                }
            },
            {
                "time": {
                    "start": "2019-05-30T20:29:07.730Z",
                    "end": "2019-05-30T20:31:13.607Z"
                },
                "type": "SCRUB",
                "source": "data:drag",
                "_t": "14:29:07",
                "_end": "14:31:13",
                "data": {
                    "time": 337.858324
                }
            },
            {
                "time": {
                    "start": "2019-05-30T20:29:07.730Z",
                    "end": "2019-05-30T20:31:15.806Z"
                },
                "type": "SCRUB",
                "source": "data:drag",
                "_t": "14:29:07",
                "_end": "14:31:15",
                "data": {
                    "time": 337.858324
                }
            },
            {
                "time": {
                    "start": "2019-05-30T20:29:07.730Z",
                    "end": "2019-05-30T20:31:15.981Z"
                },
                "type": "SCRUB",
                "source": "data:drag",
                "_t": "14:29:07",
                "_end": "14:31:15",
                "data": {
                    "time": 337.858324
                }
            },
            {
                "time": "2019-05-30T20:31:15.983Z",
                "type": "JUMP",
                "source": "data:dblclick:h_pos",
                "_t": "14:31:15",
                "_end": "-",
                "data": {
                    "from": 337.858324,
                    "to": 359.2069000860854
                }
            },
            {
                "time": {
                    "start": "2019-05-30T20:29:07.730Z",
                    "end": "2019-05-30T20:31:24.005Z"
                },
                "type": "SCRUB",
                "source": "data:drag",
                "_t": "14:29:07",
                "_end": "14:31:24",
                "data": {
                    "time": 359.2069
                }
            },
            {
                "time": {
                    "start": "2019-05-30T20:29:07.730Z",
                    "end": "2019-05-30T20:31:24.854Z"
                },
                "type": "SCRUB",
                "source": "data:drag",
                "_t": "14:29:07",
                "_end": "14:31:24",
                "data": {
                    "time": 359.2069
                }
            },
            {
                "time": {
                    "start": "2019-05-30T20:29:07.730Z",
                    "end": "2019-05-30T20:31:25.946Z"
                },
                "type": "SCRUB",
                "source": "data:drag",
                "_t": "14:29:07",
                "_end": "14:31:25",
                "data": {
                    "time": 359.2069
                }
            },
            {
                "time": {
                    "start": "2019-05-30T20:29:07.730Z",
                    "end": "2019-05-30T20:31:30.734Z"
                },
                "type": "SCRUB",
                "source": "data:drag",
                "_t": "14:29:07",
                "_end": "14:31:30",
                "data": {
                    "time": 359.2069
                }
            },
            {
                "time": {
                    "start": "2019-05-30T20:29:07.730Z",
                    "end": "2019-05-30T20:31:30.901Z"
                },
                "type": "SCRUB",
                "source": "data:drag",
                "_t": "14:29:07",
                "_end": "14:31:30",
                "data": {
                    "time": 359.2069
                }
            },
            {
                "time": "2019-05-30T20:31:30.904Z",
                "type": "JUMP",
                "source": "data:dblclick:h_pos",
                "_t": "14:31:30",
                "_end": "-",
                "data": {
                    "from": 359.2069,
                    "to": 365.15513073114727
                }
            },
            {
                "time": {
                    "start": "2019-05-30T20:29:07.730Z",
                    "end": "2019-05-30T20:31:47.723Z"
                },
                "type": "SCRUB",
                "source": "data:drag",
                "_t": "14:29:07",
                "_end": "14:31:47",
                "data": {
                    "time": 365.15513
                }
            },
            {
                "time": {
                    "start": "2019-05-30T20:29:07.730Z",
                    "end": "2019-05-30T20:31:48.687Z"
                },
                "type": "SCRUB",
                "source": "data:drag",
                "_t": "14:29:07",
                "_end": "14:31:48",
                "data": {
                    "time": 365.15513
                }
            },
            {
                "time": {
                    "start": "2019-05-30T20:29:07.730Z",
                    "end": "2019-05-30T20:31:50.220Z"
                },
                "type": "SCRUB",
                "source": "data:drag",
                "_t": "14:29:07",
                "_end": "14:31:50",
                "data": {
                    "time": 365.15513
                }
            },
            {
                "time": "2019-05-30T20:31:52.662Z",
                "type": "PLAY",
                "source": "video:button",
                "_t": "14:31:52",
                "_end": "-"
            },
            {
                "time": "2019-05-30T20:32:10.087Z",
                "type": "PAUSE",
                "source": "video:button",
                "_t": "14:32:10",
                "_end": "-"
            },
            {
                "time": {
                    "start": "2019-05-30T20:29:07.730Z",
                    "end": "2019-05-30T20:32:12.238Z"
                },
                "type": "SCRUB",
                "source": "data:drag",
                "_t": "14:29:07",
                "_end": "14:32:12",
                "data": {
                    "time": 399.89386
                }
            },
            {
                "time": {
                    "start": "2019-05-30T20:29:07.730Z",
                    "end": "2019-05-30T20:32:15.328Z"
                },
                "type": "SCRUB",
                "source": "data:drag",
                "_t": "14:29:07",
                "_end": "14:32:15",
                "data": {
                    "time": 399.89386
                }
            },
            {
                "time": {
                    "start": "2019-05-30T20:29:07.730Z",
                    "end": "2019-05-30T20:32:15.840Z"
                },
                "type": "SCRUB",
                "source": "data:drag",
                "_t": "14:29:07",
                "_end": "14:32:15",
                "data": {
                    "time": 399.89386
                }
            },
            {
                "time": {
                    "start": "2019-05-30T20:29:07.730Z",
                    "end": "2019-05-30T20:32:18.815Z"
                },
                "type": "SCRUB",
                "source": "data:drag",
                "_t": "14:29:07",
                "_end": "14:32:18",
                "data": {
                    "time": 399.89386
                }
            },
            {
                "time": {
                    "start": "2019-05-30T20:29:07.730Z",
                    "end": "2019-05-30T20:32:19.175Z"
                },
                "type": "SCRUB",
                "source": "data:drag",
                "_t": "14:29:07",
                "_end": "14:32:19",
                "data": {
                    "time": 399.89386
                }
            },
            {
                "time": {
                    "start": "2019-05-30T20:29:07.730Z",
                    "end": "2019-05-30T20:32:19.326Z"
                },
                "type": "SCRUB",
                "source": "data:drag",
                "_t": "14:29:07",
                "_end": "14:32:19",
                "data": {
                    "time": 399.89386
                }
            },
            {
                "time": "2019-05-30T20:32:19.329Z",
                "type": "JUMP",
                "source": "data:dblclick:h_pos",
                "_t": "14:32:19",
                "_end": "-",
                "data": {
                    "from": 399.89386,
                    "to": 373.7782432695684
                }
            },
            {
                "time": {
                    "start": "2019-05-30T20:29:07.730Z",
                    "end": "2019-05-30T20:32:23.074Z"
                },
                "type": "SCRUB",
                "source": "data:drag",
                "_t": "14:29:07",
                "_end": "14:32:23",
                "data": {
                    "time": 373.778243
                }
            },
            {
                "time": {
                    "start": "2019-05-30T20:29:07.730Z",
                    "end": "2019-05-30T20:32:26.056Z"
                },
                "type": "SCRUB",
                "source": "data:drag",
                "_t": "14:29:07",
                "_end": "14:32:26",
                "data": {
                    "time": 373.778243
                }
            },
            {
                "time": {
                    "start": "2019-05-30T20:29:07.730Z",
                    "end": "2019-05-30T20:32:26.194Z"
                },
                "type": "SCRUB",
                "source": "data:drag",
                "_t": "14:29:07",
                "_end": "14:32:26",
                "data": {
                    "time": 373.778243
                }
            },
            {
                "time": "2019-05-30T20:32:26.196Z",
                "type": "JUMP",
                "source": "data:dblclick:h_pos",
                "_t": "14:32:26",
                "_end": "-",
                "data": {
                    "from": 373.778243,
                    "to": 385.225146124224
                }
            },
            {
                "time": {
                    "start": "2019-05-30T20:29:07.730Z",
                    "end": "2019-05-30T20:32:29.339Z"
                },
                "type": "SCRUB",
                "source": "data:drag",
                "_t": "14:29:07",
                "_end": "14:32:29",
                "data": {
                    "time": 385.225146
                }
            },
            {
                "time": {
                    "start": "2019-05-30T20:29:07.730Z",
                    "end": "2019-05-30T20:32:31.727Z"
                },
                "type": "SCRUB",
                "source": "data:drag",
                "_t": "14:29:07",
                "_end": "14:32:31",
                "data": {
                    "time": 385.225146
                }
            },
            {
                "time": {
                    "start": "2019-05-30T20:29:07.730Z",
                    "end": "2019-05-30T20:32:31.871Z"
                },
                "type": "SCRUB",
                "source": "data:drag",
                "_t": "14:29:07",
                "_end": "14:32:31",
                "data": {
                    "time": 385.225146
                }
            },
            {
                "time": "2019-05-30T20:32:31.877Z",
                "type": "JUMP",
                "source": "data:dblclick:h_pos",
                "_t": "14:32:31",
                "_end": "-",
                "data": {
                    "from": 385.225146,
                    "to": 389.43245145294327
                }
            },
            {
                "time": {
                    "start": "2019-05-30T20:29:07.730Z",
                    "end": "2019-05-30T20:32:34.767Z"
                },
                "type": "SCRUB",
                "source": "data:drag",
                "_t": "14:29:07",
                "_end": "14:32:34",
                "data": {
                    "time": 389.432451
                }
            },
            {
                "time": {
                    "start": "2019-05-30T20:29:07.730Z",
                    "end": "2019-05-30T20:32:39.812Z"
                },
                "type": "SCRUB",
                "source": "data:drag",
                "_t": "14:29:07",
                "_end": "14:32:39",
                "data": {
                    "time": 389.432451
                }
            },
            {
                "time": {
                    "start": "2019-05-30T20:29:07.730Z",
                    "end": "2019-05-30T20:32:39.939Z"
                },
                "type": "SCRUB",
                "source": "data:drag",
                "_t": "14:29:07",
                "_end": "14:32:39",
                "data": {
                    "time": 389.432451
                }
            },
            {
                "time": "2019-05-30T20:32:39.944Z",
                "type": "JUMP",
                "source": "data:dblclick:h_pos",
                "_t": "14:32:39",
                "_end": "-",
                "data": {
                    "from": 389.432451,
                    "to": 394.0236960496536
                }
            },
            {
                "time": {
                    "start": "2019-05-30T20:29:07.730Z",
                    "end": "2019-05-30T20:32:42.709Z"
                },
                "type": "SCRUB",
                "source": "data:drag",
                "_t": "14:29:07",
                "_end": "14:32:42",
                "data": {
                    "time": 394.023696
                }
            },
            {
                "time": {
                    "start": "2019-05-30T20:29:07.730Z",
                    "end": "2019-05-30T20:32:44.951Z"
                },
                "type": "SCRUB",
                "source": "data:drag",
                "_t": "14:29:07",
                "_end": "14:32:44",
                "data": {
                    "time": 394.023696
                }
            },
            {
                "time": {
                    "start": "2019-05-30T20:29:07.730Z",
                    "end": "2019-05-30T20:32:45.119Z"
                },
                "type": "SCRUB",
                "source": "data:drag",
                "_t": "14:29:07",
                "_end": "14:32:45",
                "data": {
                    "time": 394.023696
                }
            },
            {
                "time": "2019-05-30T20:32:45.125Z",
                "type": "JUMP",
                "source": "data:dblclick:h_pos",
                "_t": "14:32:45",
                "_end": "-",
                "data": {
                    "from": 394.023696,
                    "to": 400.53049362003884
                }
            },
            {
                "time": {
                    "start": "2019-05-30T20:29:07.730Z",
                    "end": "2019-05-30T20:32:48.495Z"
                },
                "type": "SCRUB",
                "source": "data:drag",
                "_t": "14:29:07",
                "_end": "14:32:48",
                "data": {
                    "time": 400.530493
                }
            },
            {
                "time": {
                    "start": "2019-05-30T20:29:07.730Z",
                    "end": "2019-05-30T20:32:48.999Z"
                },
                "type": "SCRUB",
                "source": "data:drag",
                "_t": "14:29:07",
                "_end": "14:32:48",
                "data": {
                    "time": 400.530493
                }
            },
            {
                "time": {
                    "start": "2019-05-30T20:29:07.730Z",
                    "end": "2019-05-30T20:32:49.828Z"
                },
                "type": "SCRUB",
                "source": "data:drag",
                "_t": "14:29:07",
                "_end": "14:32:49",
                "data": {
                    "time": 400.530493
                }
            },
            {
                "time": {
                    "start": "2019-05-30T20:29:07.730Z",
                    "end": "2019-05-30T20:32:51.735Z"
                },
                "type": "SCRUB",
                "source": "data:drag",
                "_t": "14:29:07",
                "_end": "14:32:51",
                "data": {
                    "time": 400.530493
                }
            },
            {
                "time": {
                    "start": "2019-05-30T20:29:07.730Z",
                    "end": "2019-05-30T20:32:51.887Z"
                },
                "type": "SCRUB",
                "source": "data:drag",
                "_t": "14:29:07",
                "_end": "14:32:51",
                "data": {
                    "time": 400.530493
                }
            },
            {
                "time": "2019-05-30T20:32:51.893Z",
                "type": "JUMP",
                "source": "data:dblclick:h_pos",
                "_t": "14:32:51",
                "_end": "-",
                "data": {
                    "from": 400.530493,
                    "to": 406.672423463775
                }
            },
            {
                "time": {
                    "start": "2019-05-30T20:29:07.730Z",
                    "end": "2019-05-30T20:32:54.672Z"
                },
                "type": "SCRUB",
                "source": "data:drag",
                "_t": "14:29:07",
                "_end": "14:32:54",
                "data": {
                    "time": 406.672423
                }
            },
            {
                "time": {
                    "start": "2019-05-30T20:29:07.730Z",
                    "end": "2019-05-30T20:32:56.290Z"
                },
                "type": "SCRUB",
                "source": "data:drag",
                "_t": "14:29:07",
                "_end": "14:32:56",
                "data": {
                    "time": 406.672423
                }
            },
            {
                "time": {
                    "start": "2019-05-30T20:29:07.730Z",
                    "end": "2019-05-30T20:32:56.670Z"
                },
                "type": "SCRUB",
                "source": "data:drag",
                "_t": "14:29:07",
                "_end": "14:32:56",
                "data": {
                    "time": 406.672423
                }
            },
            {
                "time": {
                    "start": "2019-05-30T20:29:07.730Z",
                    "end": "2019-05-30T20:32:56.839Z"
                },
                "type": "SCRUB",
                "source": "data:drag",
                "_t": "14:29:07",
                "_end": "14:32:56",
                "data": {
                    "time": 406.672423
                }
            },
            {
                "time": "2019-05-30T20:32:56.842Z",
                "type": "JUMP",
                "source": "data:dblclick:h_pos",
                "_t": "14:32:56",
                "_end": "-",
                "data": {
                    "from": 406.672423,
                    "to": 409.1352763047811
                }
            },
            {
                "time": {
                    "start": "2019-05-30T20:29:07.730Z",
                    "end": "2019-05-30T20:32:59.155Z"
                },
                "type": "SCRUB",
                "source": "data:drag",
                "_t": "14:29:07",
                "_end": "14:32:59",
                "data": {
                    "time": 409.135276
                }
            },
            {
                "time": {
                    "start": "2019-05-30T20:29:07.730Z",
                    "end": "2019-05-30T20:33:00.311Z"
                },
                "type": "SCRUB",
                "source": "data:drag",
                "_t": "14:29:07",
                "_end": "14:33:00",
                "data": {
                    "time": 409.135276
                }
            },
            {
                "time": {
                    "start": "2019-05-30T20:29:07.730Z",
                    "end": "2019-05-30T20:33:00.511Z"
                },
                "type": "SCRUB",
                "source": "data:drag",
                "_t": "14:29:07",
                "_end": "14:33:00",
                "data": {
                    "time": 409.135276
                }
            },
            {
                "time": "2019-05-30T20:33:00.517Z",
                "type": "JUMP",
                "source": "data:dblclick:h_pos",
                "_t": "14:33:00",
                "_end": "-",
                "data": {
                    "from": 409.135276,
                    "to": 412.0542132501109
                }
            },
            {
                "time": {
                    "start": "2019-05-30T20:29:07.730Z",
                    "end": "2019-05-30T20:33:03.191Z"
                },
                "type": "SCRUB",
                "source": "data:drag",
                "_t": "14:29:07",
                "_end": "14:33:03",
                "data": {
                    "time": 412.054213
                }
            },
            {
                "time": {
                    "start": "2019-05-30T20:29:07.730Z",
                    "end": "2019-05-30T20:33:03.711Z"
                },
                "type": "SCRUB",
                "source": "data:drag",
                "_t": "14:29:07",
                "_end": "14:33:03",
                "data": {
                    "time": 412.054213
                }
            },
            {
                "time": {
                    "start": "2019-05-30T20:29:07.730Z",
                    "end": "2019-05-30T20:33:03.874Z"
                },
                "type": "SCRUB",
                "source": "data:drag",
                "_t": "14:29:07",
                "_end": "14:33:03",
                "data": {
                    "time": 412.054213
                }
            },
            {
                "time": "2019-05-30T20:33:03.878Z",
                "type": "JUMP",
                "source": "data:dblclick:h_pos",
                "_t": "14:33:03",
                "_end": "-",
                "data": {
                    "from": 412.054213,
                    "to": 414.39544391935976
                }
            },
            {
                "time": {
                    "start": "2019-05-30T20:29:07.730Z",
                    "end": "2019-05-30T20:33:05.093Z"
                },
                "type": "SCRUB",
                "source": "data:drag",
                "_t": "14:29:07",
                "_end": "14:33:05",
                "data": {
                    "time": 414.395443
                }
            },
            {
                "time": {
                    "start": "2019-05-30T20:29:07.730Z",
                    "end": "2019-05-30T20:33:05.367Z"
                },
                "type": "SCRUB",
                "source": "data:drag",
                "_t": "14:29:07",
                "_end": "14:33:05",
                "data": {
                    "time": 414.395443
                }
            },
            {
                "time": {
                    "start": "2019-05-30T20:29:07.730Z",
                    "end": "2019-05-30T20:33:08.060Z"
                },
                "type": "SCRUB",
                "source": "data:drag",
                "_t": "14:29:07",
                "_end": "14:33:08",
                "data": {
                    "time": 414.395443
                }
            },
            {
                "time": {
                    "start": "2019-05-30T20:29:07.730Z",
                    "end": "2019-05-30T20:33:08.223Z"
                },
                "type": "SCRUB",
                "source": "data:drag",
                "_t": "14:29:07",
                "_end": "14:33:08",
                "data": {
                    "time": 414.395443
                }
            },
            {
                "time": "2019-05-30T20:33:08.228Z",
                "type": "JUMP",
                "source": "data:dblclick:h_pos",
                "_t": "14:33:08",
                "_end": "-",
                "data": {
                    "from": 414.395443,
                    "to": 418.9258768569429
                }
            },
            {
                "time": {
                    "start": "2019-05-30T20:29:07.730Z",
                    "end": "2019-05-30T20:33:10.991Z"
                },
                "type": "SCRUB",
                "source": "data:drag",
                "_t": "14:29:07",
                "_end": "14:33:10",
                "data": {
                    "time": 418.925876
                }
            },
            {
                "time": {
                    "start": "2019-05-30T20:29:07.730Z",
                    "end": "2019-05-30T20:33:13.143Z"
                },
                "type": "SCRUB",
                "source": "data:drag",
                "_t": "14:29:07",
                "_end": "14:33:13",
                "data": {
                    "time": 418.925876
                }
            },
            {
                "time": {
                    "start": "2019-05-30T20:29:07.730Z",
                    "end": "2019-05-30T20:33:13.298Z"
                },
                "type": "SCRUB",
                "source": "data:drag",
                "_t": "14:29:07",
                "_end": "14:33:13",
                "data": {
                    "time": 418.925876
                }
            },
            {
                "time": "2019-05-30T20:33:13.301Z",
                "type": "JUMP",
                "source": "data:dblclick:h_pos",
                "_t": "14:33:13",
                "_end": "-",
                "data": {
                    "from": 418.925876,
                    "to": 428.08270771687535
                }
            },
            {
                "time": {
                    "start": "2019-05-30T20:29:07.730Z",
                    "end": "2019-05-30T20:33:16.072Z"
                },
                "type": "SCRUB",
                "source": "data:drag",
                "_t": "14:29:07",
                "_end": "14:33:16",
                "data": {
                    "time": 428.082707
                }
            },
            {
                "time": {
                    "start": "2019-05-30T20:29:07.730Z",
                    "end": "2019-05-30T20:33:17.355Z"
                },
                "type": "SCRUB",
                "source": "data:drag",
                "_t": "14:29:07",
                "_end": "14:33:17",
                "data": {
                    "time": 428.082707
                }
            },
            {
                "time": {
                    "start": "2019-05-30T20:29:07.730Z",
                    "end": "2019-05-30T20:33:17.515Z"
                },
                "type": "SCRUB",
                "source": "data:drag",
                "_t": "14:29:07",
                "_end": "14:33:17",
                "data": {
                    "time": 428.082707
                }
            },
            {
                "time": "2019-05-30T20:33:17.520Z",
                "type": "JUMP",
                "source": "data:dblclick:h_pos",
                "_t": "14:33:17",
                "_end": "-",
                "data": {
                    "from": 428.082707,
                    "to": 442.522326245842
                }
            },
            {
                "time": {
                    "start": "2019-05-30T20:29:07.730Z",
                    "end": "2019-05-30T20:33:19.992Z"
                },
                "type": "SCRUB",
                "source": "data:drag",
                "_t": "14:29:07",
                "_end": "14:33:19",
                "data": {
                    "time": 442.522326
                }
            },
            {
                "time": {
                    "start": "2019-05-30T20:29:07.730Z",
                    "end": "2019-05-30T20:33:20.458Z"
                },
                "type": "SCRUB",
                "source": "data:drag",
                "_t": "14:29:07",
                "_end": "14:33:20",
                "data": {
                    "time": 442.522326
                }
            },
            {
                "time": {
                    "start": "2019-05-30T20:29:07.730Z",
                    "end": "2019-05-30T20:33:21.181Z"
                },
                "type": "SCRUB",
                "source": "data:drag",
                "_t": "14:29:07",
                "_end": "14:33:21",
                "data": {
                    "time": 442.522326
                }
            },
            {
                "time": {
                    "start": "2019-05-30T20:29:07.730Z",
                    "end": "2019-05-30T20:33:22.047Z"
                },
                "type": "SCRUB",
                "source": "data:drag",
                "_t": "14:29:07",
                "_end": "14:33:22",
                "data": {
                    "time": 442.522326
                }
            },
            {
                "time": {
                    "start": "2019-05-30T20:29:07.730Z",
                    "end": "2019-05-30T20:33:22.209Z"
                },
                "type": "SCRUB",
                "source": "data:drag",
                "_t": "14:29:07",
                "_end": "14:33:22",
                "data": {
                    "time": 442.522326
                }
            },
            {
                "time": "2019-05-30T20:33:22.212Z",
                "type": "JUMP",
                "source": "data:dblclick:h_pos",
                "_t": "14:33:22",
                "_end": "-",
                "data": {
                    "from": 442.522326,
                    "to": 454.39098864841156
                }
            },
            {
                "time": {
                    "start": "2019-05-30T20:29:07.730Z",
                    "end": "2019-05-30T20:33:25.096Z"
                },
                "type": "SCRUB",
                "source": "data:drag",
                "_t": "14:29:07",
                "_end": "14:33:25",
                "data": {
                    "time": 454.390988
                }
            }
        ]
    }
}