{
    "user_id": "bronze2",
    "session_id": "5d7fdf7a81249f67dd06adcf",
    "study": "studyE",
    "workspace": "drywall.drywall-red",
    "details": {
        "workspace": "drywall.drywall-red",
        "labels": [],
        "_starts": [
            "2019-09-16T19:29:30.000Z"
        ],
        "_ends": [
            "2019-09-16T19:30:23.577Z"
        ]
    },
    "labels_file": "/home/ubuntu/vat/data/user-studies/studyE/drywall-red/bronze2.labels.json",
    "videoFlash": 7.957784,
    "surveys": {
        "user-info": {
            "firstname": "Austin",
            "lastname": "Schmidt",
            "email": "scubaaustin16@hotmail.com"
        },
        "practice-first": {
            "question1": "1",
            "question2": "okay",
            "question3": "90",
            "question4": "3"
        },
        "practice-second": {},
        "practice-third": {},
        "practice-survey": {},
        "drywall-blue": {
            "question1": "1",
            "question2": "2",
            "question3": "10",
            "question4": "50"
        }
    },
    "logs": {
        "navigationEvents": [
            {
                "time": {
                    "start": "2019-09-16T19:29:30.502Z",
                    "end": "2019-09-16T19:29:46.416Z"
                },
                "type": "SCRUB",
                "source": "data:drag",
                "_t": "13:29:30",
                "_end": "13:29:46",
                "data": {
                    "time": 16.616512995365568
                }
            },
            {
                "time": {
                    "start": "2019-09-16T19:29:30.502Z",
                    "end": "2019-09-16T19:29:48.199Z"
                },
                "type": "SCRUB",
                "source": "data:drag",
                "_t": "13:29:30",
                "_end": "13:29:48",
                "data": {
                    "time": 33.20224757707316
                }
            },
            {
                "time": {
                    "start": "2019-09-16T19:29:30.502Z",
                    "end": "2019-09-16T19:29:51.620Z"
                },
                "type": "SCRUB",
                "source": "data:drag",
                "_t": "13:29:30",
                "_end": "13:29:51",
                "data": {
                    "time": 44.37581236097583
                }
            },
            {
                "time": {
                    "start": "2019-09-16T19:29:30.502Z",
                    "end": "2019-09-16T19:29:53.020Z"
                },
                "type": "SCRUB",
                "source": "data:drag",
                "_t": "13:29:30",
                "_end": "13:29:53",
                "data": {
                    "time": 66.76920224170775
                }
            },
            {
                "time": {
                    "start": "2019-09-16T19:29:30.502Z",
                    "end": "2019-09-16T19:29:53.981Z"
                },
                "type": "SCRUB",
                "source": "data:drag",
                "_t": "13:29:30",
                "_end": "13:29:53",
                "data": {
                    "time": 101.64407598145978
                }
            },
            {
                "time": {
                    "start": "2019-09-16T19:29:30.502Z",
                    "end": "2019-09-16T19:29:54.821Z"
                },
                "type": "SCRUB",
                "source": "data:drag",
                "_t": "13:29:30",
                "_end": "13:29:54",
                "data": {
                    "time": 129.16021828121555
                }
            },
            {
                "time": {
                    "start": "2019-09-16T19:29:30.502Z",
                    "end": "2019-09-16T19:29:55.659Z"
                },
                "type": "SCRUB",
                "source": "data:drag",
                "_t": "13:29:30",
                "_end": "13:29:55",
                "data": {
                    "time": 180.90415125414614
                }
            },
            {
                "time": {
                    "start": "2019-09-16T19:29:30.502Z",
                    "end": "2019-09-16T19:29:56.247Z"
                },
                "type": "SCRUB",
                "source": "data:drag",
                "_t": "13:29:30",
                "_end": "13:29:56",
                "data": {
                    "time": 249.32030571047724
                }
            },
            {
                "time": {
                    "start": "2019-09-16T19:29:30.502Z",
                    "end": "2019-09-16T19:29:56.705Z"
                },
                "type": "SCRUB",
                "source": "data:drag",
                "_t": "13:29:30",
                "_end": "13:29:56",
                "data": {
                    "time": 323.59024878340176
                }
            },
            {
                "time": {
                    "start": "2019-09-16T19:29:30.502Z",
                    "end": "2019-09-16T19:29:57.281Z"
                },
                "type": "SCRUB",
                "source": "data:drag",
                "_t": "13:29:30",
                "_end": "13:29:57",
                "data": {
                    "time": 393.8357121824003
                }
            },
            {
                "time": {
                    "start": "2019-09-16T19:29:30.502Z",
                    "end": "2019-09-16T19:30:00.508Z"
                },
                "type": "SCRUB",
                "source": "data:drag",
                "_t": "13:29:30",
                "_end": "13:30:00",
                "data": {
                    "time": 410.129802
                }
            },
            {
                "time": {
                    "start": "2019-09-16T19:29:30.502Z",
                    "end": "2019-09-16T19:30:03.367Z"
                },
                "type": "SCRUB",
                "source": "data:drag",
                "_t": "13:29:30",
                "_end": "13:30:03",
                "data": {
                    "time": 431.70342293343305
                }
            },
            {
                "time": {
                    "start": "2019-09-16T19:29:30.502Z",
                    "end": "2019-09-16T19:30:04.139Z"
                },
                "type": "SCRUB",
                "source": "data:drag",
                "_t": "13:29:30",
                "_end": "13:30:04",
                "data": {
                    "time": 493.4885364741475
                }
            },
            {
                "time": {
                    "start": "2019-09-16T19:29:30.502Z",
                    "end": "2019-09-16T19:30:05.078Z"
                },
                "type": "SCRUB",
                "source": "data:drag",
                "_t": "13:29:30",
                "_end": "13:30:05",
                "data": {
                    "time": 600.3201787267442
                }
            },
            {
                "time": {
                    "start": "2019-09-16T19:29:30.502Z",
                    "end": "2019-09-16T19:30:05.977Z"
                },
                "type": "SCRUB",
                "source": "data:drag",
                "_t": "13:29:30",
                "_end": "13:30:05",
                "data": {
                    "time": 674.1023060816236
                }
            },
            {
                "time": {
                    "start": "2019-09-16T19:29:30.502Z",
                    "end": "2019-09-16T19:30:06.619Z"
                },
                "type": "SCRUB",
                "source": "data:drag",
                "_t": "13:29:30",
                "_end": "13:30:06",
                "data": {
                    "time": 733.615823683576
                }
            },
            {
                "time": {
                    "start": "2019-09-16T19:29:30.502Z",
                    "end": "2019-09-16T19:30:07.408Z"
                },
                "type": "SCRUB",
                "source": "data:drag",
                "_t": "13:29:30",
                "_end": "13:30:07",
                "data": {
                    "time": 771.1776339733032
                }
            },
            {
                "time": {
                    "start": "2019-09-16T19:29:30.502Z",
                    "end": "2019-09-16T19:30:08.480Z"
                },
                "type": "SCRUB",
                "source": "data:drag",
                "_t": "13:29:30",
                "_end": "13:30:08",
                "data": {
                    "time": 820.9348372142797
                }
            },
            {
                "time": {
                    "start": "2019-09-16T19:29:30.502Z",
                    "end": "2019-09-16T19:30:13.019Z"
                },
                "type": "SCRUB",
                "source": "data:drag",
                "_t": "13:29:30",
                "_end": "13:30:13",
                "data": {
                    "time": 880.3264008867197
                }
            },
            {
                "time": {
                    "start": "2019-09-16T19:29:30.502Z",
                    "end": "2019-09-16T19:30:13.846Z"
                },
                "type": "SCRUB",
                "source": "data:drag",
                "_t": "13:29:30",
                "_end": "13:30:13",
                "data": {
                    "time": 928.1323412556125
                }
            },
            {
                "time": {
                    "start": "2019-09-16T19:29:30.502Z",
                    "end": "2019-09-16T19:30:14.634Z"
                },
                "type": "SCRUB",
                "source": "data:drag",
                "_t": "13:29:30",
                "_end": "13:30:14",
                "data": {
                    "time": 1005.2072247072291
                }
            },
            {
                "time": {
                    "start": "2019-09-16T19:29:30.502Z",
                    "end": "2019-09-16T19:30:15.395Z"
                },
                "type": "SCRUB",
                "source": "data:drag",
                "_t": "13:29:30",
                "_end": "13:30:15",
                "data": {
                    "time": 1066.550051251843
                }
            },
            {
                "time": {
                    "start": "2019-09-16T19:29:30.502Z",
                    "end": "2019-09-16T19:30:16.359Z"
                },
                "type": "SCRUB",
                "source": "data:drag",
                "_t": "13:29:30",
                "_end": "13:30:16",
                "data": {
                    "time": 1119.9658723782375
                }
            },
            {
                "time": {
                    "start": "2019-09-16T19:29:30.502Z",
                    "end": "2019-09-16T19:30:17.236Z"
                },
                "type": "SCRUB",
                "source": "data:drag",
                "_t": "13:29:30",
                "_end": "13:30:17",
                "data": {
                    "time": 1175.4549103062443
                }
            },
            {
                "time": {
                    "start": "2019-09-16T19:29:30.502Z",
                    "end": "2019-09-16T19:30:20.185Z"
                },
                "type": "SCRUB",
                "source": "data:drag",
                "_t": "13:29:30",
                "_end": "13:30:20",
                "data": {
                    "time": 1236.67578292132
                }
            }
        ]
    }
}