[{"time":67.221083,"endTime":78.66696433684106,"type":"measuring","id":1},{"time":86.269178,"endTime":93.693262,"type":"measuring","id":2},{"time":130.736558,"endTime":141.332308,"type":"measuring","id":3},{"time":151.071313,"endTime":166.69241118557636,"type":"measuring","id":4},{"time":187.093099,"endTime":198.40090873469597,"type":"measuring","id":5},{"time":335.097434,"endTime":347.10469588323633,"type":"measuring","id":6},{"time":347.570997,"endTime":356.3141488567219,"type":"cutting","id":7}]