{
    "user_id": "Maroon 3",
    "session_id": "5d7bcedf81249f67dd06ad12",
    "study": "studyE",
    "workspace": "drywall.drywall-red",
    "details": {
        "workspace": "drywall.drywall-red",
        "labels": [
            {
                "time": 614.236652,
                "endTime": 631.8792682021955,
                "type": "measuring",
                "id": 1
            },
            {
                "time": 671.017459,
                "endTime": 689.3146419202307,
                "type": "measuring",
                "id": 2
            },
            {
                "time": 752.955362,
                "endTime": 766.5736495987808,
                "type": "measuring",
                "id": 3
            },
            {
                "time": 1080.393533,
                "endTime": 1086.613183405117,
                "type": "cutting",
                "id": 4
            },
            {
                "time": 1091.613295,
                "endTime": 1096.4914521804842,
                "type": "cutting",
                "id": 5
            },
            {
                "time": 1099.906162,
                "endTime": 1103.320872026339,
                "type": "cutting",
                "id": 6
            },
            {
                "time": 1108.930753,
                "endTime": 1116.4918966297505,
                "type": "cutting",
                "id": 7
            },
            {
                "time": 1120.760284,
                "endTime": 1127.3457961936535,
                "type": "cutting",
                "id": 8
            },
            {
                "time": 1357.5948151126,
                "endTime": 1362.594926109996,
                "type": "cutting",
                "id": 9
            },
            {
                "time": 1371.741471,
                "endTime": 1387.5954818365735,
                "type": "cutting",
                "id": 10
            },
            {
                "time": 1454.060373,
                "endTime": 1458.206806603405,
                "type": "cutting",
                "id": 11
            },
            {
                "time": 1464.182549,
                "endTime": 1467.8411668853576,
                "type": "cutting",
                "id": 12
            },
            {
                "time": 1473.451048,
                "endTime": 1478.0852973214528,
                "type": "cutting",
                "id": 13
            },
            {
                "time": 1485.524487,
                "endTime": 1489.427012744381,
                "type": "cutting",
                "id": 14
            },
            {
                "time": 317.568032,
                "endTime": 324.1535442787796,
                "type": "measuring",
                "id": 15
            }
        ],
        "_starts": [
            "2019-09-13T17:29:51.000Z"
        ],
        "_ends": [
            "2019-09-13T17:33:42.527Z"
        ]
    },
    "labels_file": "/home/ubuntu/vat/data/user-studies/studyE/drywall-red/Maroon 3.labels.json",
    "videoFlash": 7.957784,
    "surveys": {
        "user-info": {
            "firstname": "Marc",
            "lastname": "Terry",
            "email": "cramterry5@gmail.com"
        },
        "practice-first": {
            "question1": "5",
            "question2": "ok",
            "question3": "60",
            "question4": "3"
        },
        "practice-second": {},
        "practice-third": {},
        "practice-survey": {},
        "drywall-blue": {
            "question1": "4",
            "question2": "3",
            "question3": "20",
            "question4": "50"
        }
    },
    "logs": {
        "labelEvents": [
            {
                "time": "2019-09-13T17:31:33.661Z",
                "type": "START",
                "source": "hotkey",
                "_t": "11:31:33",
                "_end": "-",
                "data": {
                    "type": "measuring",
                    "time": 614.236652
                }
            },
            {
                "time": "2019-09-13T17:31:34.611Z",
                "type": "END",
                "source": "data:click:h_pos",
                "_t": "11:31:34",
                "_end": "-",
                "data": {
                    "lbl": {
                        "time": 614.236652,
                        "endTime": 631.8792682021955,
                        "type": "measuring",
                        "id": 1
                    }
                }
            },
            {
                "time": "2019-09-13T17:31:44.321Z",
                "type": "START",
                "source": "hotkey",
                "_t": "11:31:44",
                "_end": "-",
                "data": {
                    "type": "measuring",
                    "time": 671.017459
                }
            },
            {
                "time": "2019-09-13T17:31:45.251Z",
                "type": "END",
                "source": "data:click:h_pos",
                "_t": "11:31:45",
                "_end": "-",
                "data": {
                    "lbl": {
                        "time": 671.017459,
                        "endTime": 689.3146419202307,
                        "type": "measuring",
                        "id": 2
                    }
                }
            },
            {
                "time": "2019-09-13T17:31:53.039Z",
                "type": "START",
                "source": "hotkey",
                "_t": "11:31:53",
                "_end": "-",
                "data": {
                    "type": "measuring",
                    "time": 752.955362
                }
            },
            {
                "time": "2019-09-13T17:31:53.989Z",
                "type": "END",
                "source": "data:click:h_pos",
                "_t": "11:31:53",
                "_end": "-",
                "data": {
                    "lbl": {
                        "time": 752.955362,
                        "endTime": 766.5736495987808,
                        "type": "measuring",
                        "id": 3
                    }
                }
            },
            {
                "time": "2019-09-13T17:32:08.927Z",
                "type": "START",
                "source": "hotkey",
                "_t": "11:32:08",
                "_end": "-",
                "data": {
                    "type": "cutting",
                    "time": 1080.393533
                }
            },
            {
                "time": "2019-09-13T17:32:09.667Z",
                "type": "END",
                "source": "data:click:h_pos",
                "_t": "11:32:09",
                "_end": "-",
                "data": {
                    "lbl": {
                        "time": 1080.393533,
                        "endTime": 1086.613183405117,
                        "type": "cutting",
                        "id": 4
                    }
                }
            },
            {
                "time": "2019-09-13T17:32:11.658Z",
                "type": "START",
                "source": "hotkey",
                "_t": "11:32:11",
                "_end": "-",
                "data": {
                    "type": "cutting",
                    "time": 1091.613295
                }
            },
            {
                "time": "2019-09-13T17:32:12.748Z",
                "type": "END",
                "source": "data:click:h_pos",
                "_t": "11:32:12",
                "_end": "-",
                "data": {
                    "lbl": {
                        "time": 1091.613295,
                        "endTime": 1096.4914521804842,
                        "type": "cutting",
                        "id": 5
                    }
                }
            },
            {
                "time": "2019-09-13T17:32:16.527Z",
                "type": "START",
                "source": "hotkey",
                "_t": "11:32:16",
                "_end": "-",
                "data": {
                    "type": "cutting",
                    "time": 1099.906162
                }
            },
            {
                "time": "2019-09-13T17:32:17.313Z",
                "type": "END",
                "source": "data:click:h_pos",
                "_t": "11:32:17",
                "_end": "-",
                "data": {
                    "lbl": {
                        "time": 1099.906162,
                        "endTime": 1103.320872026339,
                        "type": "cutting",
                        "id": 6
                    }
                }
            },
            {
                "time": "2019-09-13T17:32:19.675Z",
                "type": "START",
                "source": "hotkey",
                "_t": "11:32:19",
                "_end": "-",
                "data": {
                    "type": "cutting",
                    "time": 1108.930753
                }
            },
            {
                "time": "2019-09-13T17:32:20.220Z",
                "type": "END",
                "source": "data:click:h_pos",
                "_t": "11:32:20",
                "_end": "-",
                "data": {
                    "lbl": {
                        "time": 1108.930753,
                        "endTime": 1116.4918966297505,
                        "type": "cutting",
                        "id": 7
                    }
                }
            },
            {
                "time": "2019-09-13T17:32:21.903Z",
                "type": "START",
                "source": "hotkey",
                "_t": "11:32:21",
                "_end": "-",
                "data": {
                    "type": "cutting",
                    "time": 1120.760284
                }
            },
            {
                "time": "2019-09-13T17:32:22.678Z",
                "type": "END",
                "source": "data:click:h_pos",
                "_t": "11:32:22",
                "_end": "-",
                "data": {
                    "lbl": {
                        "time": 1120.760284,
                        "endTime": 1127.3457961936535,
                        "type": "cutting",
                        "id": 8
                    }
                }
            },
            {
                "time": "2019-09-13T17:32:32.377Z",
                "type": "START",
                "source": "hotkey",
                "_t": "11:32:32",
                "_end": "-",
                "data": {
                    "type": "cutting",
                    "time": 1357.5948151126
                }
            },
            {
                "time": "2019-09-13T17:32:34.099Z",
                "type": "END",
                "source": "data:click:h_pos",
                "_t": "11:32:34",
                "_end": "-",
                "data": {
                    "lbl": {
                        "time": 1357.5948151126,
                        "endTime": 1362.594926109996,
                        "type": "cutting",
                        "id": 9
                    }
                }
            },
            {
                "time": "2019-09-13T17:32:37.283Z",
                "type": "START",
                "source": "hotkey",
                "_t": "11:32:37",
                "_end": "-",
                "data": {
                    "type": "cutting",
                    "time": 1371.741471
                }
            },
            {
                "time": "2019-09-13T17:32:38.112Z",
                "type": "END",
                "source": "data:click:h_pos",
                "_t": "11:32:38",
                "_end": "-",
                "data": {
                    "lbl": {
                        "time": 1371.741471,
                        "endTime": 1387.5954818365735,
                        "type": "cutting",
                        "id": 10
                    }
                }
            },
            {
                "time": "2019-09-13T17:32:44.860Z",
                "type": "START",
                "source": "hotkey",
                "_t": "11:32:44",
                "_end": "-",
                "data": {
                    "type": "cutting",
                    "time": 1454.060373
                }
            },
            {
                "time": "2019-09-13T17:32:45.124Z",
                "type": "END",
                "source": "data:click:h_pos",
                "_t": "11:32:45",
                "_end": "-",
                "data": {
                    "lbl": {
                        "time": 1454.060373,
                        "endTime": 1458.206806603405,
                        "type": "cutting",
                        "id": 11
                    }
                }
            },
            {
                "time": "2019-09-13T17:32:47.361Z",
                "type": "START",
                "source": "hotkey",
                "_t": "11:32:47",
                "_end": "-",
                "data": {
                    "type": "cutting",
                    "time": 1464.182549
                }
            },
            {
                "time": "2019-09-13T17:32:47.634Z",
                "type": "END",
                "source": "data:click:h_pos",
                "_t": "11:32:47",
                "_end": "-",
                "data": {
                    "lbl": {
                        "time": 1464.182549,
                        "endTime": 1467.8411668853576,
                        "type": "cutting",
                        "id": 12
                    }
                }
            },
            {
                "time": "2019-09-13T17:32:49.999Z",
                "type": "START",
                "source": "hotkey",
                "_t": "11:32:49",
                "_end": "-",
                "data": {
                    "type": "cutting",
                    "time": 1473.451048
                }
            },
            {
                "time": "2019-09-13T17:32:50.265Z",
                "type": "END",
                "source": "data:click:h_pos",
                "_t": "11:32:50",
                "_end": "-",
                "data": {
                    "lbl": {
                        "time": 1473.451048,
                        "endTime": 1478.0852973214528,
                        "type": "cutting",
                        "id": 13
                    }
                }
            },
            {
                "time": "2019-09-13T17:32:52.248Z",
                "type": "START",
                "source": "hotkey",
                "_t": "11:32:52",
                "_end": "-",
                "data": {
                    "type": "cutting",
                    "time": 1485.524487
                }
            },
            {
                "time": "2019-09-13T17:32:52.589Z",
                "type": "END",
                "source": "data:click:h_pos",
                "_t": "11:32:52",
                "_end": "-",
                "data": {
                    "lbl": {
                        "time": 1485.524487,
                        "endTime": 1489.427012744381,
                        "type": "cutting",
                        "id": 14
                    }
                }
            },
            {
                "time": "2019-09-13T17:33:15.601Z",
                "type": "START",
                "source": "hotkey",
                "_t": "11:33:15",
                "_end": "-",
                "data": {
                    "type": "measuring",
                    "time": 317.568032
                }
            },
            {
                "time": "2019-09-13T17:33:17.707Z",
                "type": "END",
                "source": "data:click:h_pos",
                "_t": "11:33:17",
                "_end": "-",
                "data": {
                    "lbl": {
                        "time": 317.568032,
                        "endTime": 324.1535442787796,
                        "type": "measuring",
                        "id": 15
                    }
                }
            }
        ],
        "navigationEvents": [
            {
                "time": {
                    "start": "2019-09-13T17:29:51.260Z",
                    "end": "2019-09-13T17:30:50.322Z"
                },
                "type": "SCRUB",
                "source": "data:drag",
                "_t": "11:29:51",
                "_end": "11:30:50",
                "data": {
                    "time": 39.989392
                }
            },
            {
                "time": {
                    "start": "2019-09-13T17:29:51.260Z",
                    "end": "2019-09-13T17:30:51.156Z"
                },
                "type": "SCRUB",
                "source": "data:drag",
                "_t": "11:29:51",
                "_end": "11:30:51",
                "data": {
                    "time": 66.28722091560672
                }
            },
            {
                "time": {
                    "start": "2019-09-13T17:29:51.260Z",
                    "end": "2019-09-13T17:30:56.920Z"
                },
                "type": "SCRUB",
                "source": "data:drag",
                "_t": "11:29:51",
                "_end": "11:30:56",
                "data": {
                    "time": 141.00119727122092
                }
            },
            {
                "time": {
                    "start": "2019-09-13T17:29:51.260Z",
                    "end": "2019-09-13T17:31:04.414Z"
                },
                "type": "SCRUB",
                "source": "data:drag",
                "_t": "11:29:51",
                "_end": "11:31:04",
                "data": {
                    "time": 276.0444110714659
                }
            },
            {
                "time": {
                    "start": "2019-09-13T17:29:51.260Z",
                    "end": "2019-09-13T17:31:05.705Z"
                },
                "type": "SCRUB",
                "source": "data:drag",
                "_t": "11:29:51",
                "_end": "11:31:05",
                "data": {
                    "time": 286.532448938049
                }
            },
            {
                "time": {
                    "start": "2019-09-13T17:29:51.260Z",
                    "end": "2019-09-13T17:31:11.811Z"
                },
                "type": "SCRUB",
                "source": "data:drag",
                "_t": "11:29:51",
                "_end": "11:31:11",
                "data": {
                    "time": 394.7775387592519
                }
            },
            {
                "time": {
                    "start": "2019-09-13T17:29:51.260Z",
                    "end": "2019-09-13T17:31:22.169Z"
                },
                "type": "SCRUB",
                "source": "data:drag",
                "_t": "11:29:51",
                "_end": "11:31:22",
                "data": {
                    "time": 558.3101991986484
                }
            },
            {
                "time": {
                    "start": "2019-09-13T17:29:51.260Z",
                    "end": "2019-09-13T17:31:25.568Z"
                },
                "type": "SCRUB",
                "source": "data:drag",
                "_t": "11:29:51",
                "_end": "11:31:25",
                "data": {
                    "time": 626.9702615140156
                }
            },
            {
                "time": {
                    "start": "2019-09-13T17:29:51.260Z",
                    "end": "2019-09-13T17:31:26.876Z"
                },
                "type": "SCRUB",
                "source": "data:drag",
                "_t": "11:29:51",
                "_end": "11:31:26",
                "data": {
                    "time": 597.2135027130637
                }
            },
            {
                "time": {
                    "start": "2019-09-13T17:29:51.260Z",
                    "end": "2019-09-13T17:31:32.258Z"
                },
                "type": "SCRUB",
                "source": "data:drag",
                "_t": "11:29:51",
                "_end": "11:31:32",
                "data": {
                    "time": 612.822922
                }
            },
            {
                "time": {
                    "start": "2019-09-13T17:29:51.260Z",
                    "end": "2019-09-13T17:31:34.610Z"
                },
                "type": "SCRUB",
                "source": "data:drag",
                "_t": "11:29:51",
                "_end": "11:31:34",
                "data": {
                    "time": 615.130902
                }
            },
            {
                "time": {
                    "start": "2019-09-13T17:29:51.260Z",
                    "end": "2019-09-13T17:31:36.946Z"
                },
                "type": "SCRUB",
                "source": "data:drag",
                "_t": "11:29:51",
                "_end": "11:31:36",
                "data": {
                    "time": 631.1523972595348
                }
            },
            {
                "time": {
                    "start": "2019-09-13T17:29:51.260Z",
                    "end": "2019-09-13T17:31:40.144Z"
                },
                "type": "SCRUB",
                "source": "data:drag",
                "_t": "11:29:51",
                "_end": "11:31:40",
                "data": {
                    "time": 634.315709
                }
            },
            {
                "time": {
                    "start": "2019-09-13T17:29:51.260Z",
                    "end": "2019-09-13T17:31:44.140Z"
                },
                "type": "SCRUB",
                "source": "data:drag",
                "_t": "11:29:51",
                "_end": "11:31:44",
                "data": {
                    "time": 670.856771
                }
            },
            {
                "time": {
                    "start": "2019-09-13T17:29:51.260Z",
                    "end": "2019-09-13T17:31:45.249Z"
                },
                "type": "SCRUB",
                "source": "data:drag",
                "_t": "11:29:51",
                "_end": "11:31:45",
                "data": {
                    "time": 671.956834
                }
            },
            {
                "time": {
                    "start": "2019-09-13T17:29:51.260Z",
                    "end": "2019-09-13T17:31:47.490Z"
                },
                "type": "SCRUB",
                "source": "data:drag",
                "_t": "11:29:51",
                "_end": "11:31:47",
                "data": {
                    "time": 715.8602869062878
                }
            },
            {
                "time": {
                    "start": "2019-09-13T17:29:51.260Z",
                    "end": "2019-09-13T17:31:48.360Z"
                },
                "type": "SCRUB",
                "source": "data:drag",
                "_t": "11:29:51",
                "_end": "11:31:48",
                "data": {
                    "time": 726.1811130131721
                }
            },
            {
                "time": {
                    "start": "2019-09-13T17:29:51.260Z",
                    "end": "2019-09-13T17:31:49.623Z"
                },
                "type": "SCRUB",
                "source": "data:drag",
                "_t": "11:29:51",
                "_end": "11:31:49",
                "data": {
                    "time": 727.394696
                }
            },
            {
                "time": {
                    "start": "2019-09-13T17:29:51.260Z",
                    "end": "2019-09-13T17:31:52.682Z"
                },
                "type": "SCRUB",
                "source": "data:drag",
                "_t": "11:29:51",
                "_end": "11:31:52",
                "data": {
                    "time": 752.555841
                }
            },
            {
                "time": {
                    "start": "2019-09-13T17:29:51.260Z",
                    "end": "2019-09-13T17:31:53.988Z"
                },
                "type": "SCRUB",
                "source": "data:drag",
                "_t": "11:29:51",
                "_end": "11:31:53",
                "data": {
                    "time": 753.930945
                }
            },
            {
                "time": {
                    "start": "2019-09-13T17:29:51.260Z",
                    "end": "2019-09-13T17:31:56.561Z"
                },
                "type": "SCRUB",
                "source": "data:drag",
                "_t": "11:29:51",
                "_end": "11:31:56",
                "data": {
                    "time": 794.988779
                }
            },
            {
                "time": {
                    "start": "2019-09-13T17:29:51.260Z",
                    "end": "2019-09-13T17:31:57.655Z"
                },
                "type": "SCRUB",
                "source": "data:drag",
                "_t": "11:29:51",
                "_end": "11:31:57",
                "data": {
                    "time": 857.9138067692695
                }
            },
            {
                "time": {
                    "start": "2019-09-13T17:29:51.260Z",
                    "end": "2019-09-13T17:32:01.217Z"
                },
                "type": "SCRUB",
                "source": "data:drag",
                "_t": "11:29:51",
                "_end": "11:32:01",
                "data": {
                    "time": 1017.0994431544611
                }
            },
            {
                "time": {
                    "start": "2019-09-13T17:29:51.260Z",
                    "end": "2019-09-13T17:32:02.771Z"
                },
                "type": "SCRUB",
                "source": "data:drag",
                "_t": "11:29:51",
                "_end": "11:32:02",
                "data": {
                    "time": 1057.100332034431
                }
            },
            {
                "time": {
                    "start": "2019-09-13T17:29:51.260Z",
                    "end": "2019-09-13T17:32:03.492Z"
                },
                "type": "SCRUB",
                "source": "data:drag",
                "_t": "11:29:51",
                "_end": "11:32:03",
                "data": {
                    "time": 1058.3198713295521
                }
            },
            {
                "time": "2019-09-13T17:32:04.987Z",
                "type": "PAUSE",
                "source": "hotkey",
                "_t": "11:32:04",
                "_end": "-",
                "data": {
                    "key": "space"
                }
            },
            {
                "time": {
                    "start": "2019-09-13T17:29:51.260Z",
                    "end": "2019-09-13T17:32:07.529Z"
                },
                "type": "SCRUB",
                "source": "data:drag",
                "_t": "11:29:51",
                "_end": "11:32:07",
                "data": {
                    "time": 1058.319871
                }
            },
            {
                "time": {
                    "start": "2019-09-13T17:29:51.260Z",
                    "end": "2019-09-13T17:32:07.671Z"
                },
                "type": "SCRUB",
                "source": "data:drag",
                "_t": "11:29:51",
                "_end": "11:32:07",
                "data": {
                    "time": 1058.319871
                }
            },
            {
                "time": "2019-09-13T17:32:07.685Z",
                "type": "JUMP",
                "source": "data:dblclick:h_pos",
                "_t": "11:32:07",
                "_end": "-",
                "data": {
                    "from": 1058.319871,
                    "to": 1080.3935325712428
                }
            },
            {
                "time": {
                    "start": "2019-09-13T17:29:51.260Z",
                    "end": "2019-09-13T17:32:09.666Z"
                },
                "type": "SCRUB",
                "source": "data:drag",
                "_t": "11:29:51",
                "_end": "11:32:09",
                "data": {
                    "time": 1080.393533
                }
            },
            {
                "time": {
                    "start": "2019-09-13T17:29:51.260Z",
                    "end": "2019-09-13T17:32:10.646Z"
                },
                "type": "SCRUB",
                "source": "data:drag",
                "_t": "11:29:51",
                "_end": "11:32:10",
                "data": {
                    "time": 1080.393533
                }
            },
            {
                "time": {
                    "start": "2019-09-13T17:29:51.260Z",
                    "end": "2019-09-13T17:32:10.819Z"
                },
                "type": "SCRUB",
                "source": "data:drag",
                "_t": "11:29:51",
                "_end": "11:32:10",
                "data": {
                    "time": 1080.393533
                }
            },
            {
                "time": "2019-09-13T17:32:10.823Z",
                "type": "JUMP",
                "source": "data:dblclick:h_pos",
                "_t": "11:32:10",
                "_end": "-",
                "data": {
                    "from": 1080.393533,
                    "to": 1091.6132945151135
                }
            },
            {
                "time": {
                    "start": "2019-09-13T17:29:51.260Z",
                    "end": "2019-09-13T17:32:12.746Z"
                },
                "type": "SCRUB",
                "source": "data:drag",
                "_t": "11:29:51",
                "_end": "11:32:12",
                "data": {
                    "time": 1091.613295
                }
            },
            {
                "time": {
                    "start": "2019-09-13T17:29:51.260Z",
                    "end": "2019-09-13T17:32:14.307Z"
                },
                "type": "SCRUB",
                "source": "data:drag",
                "_t": "11:29:51",
                "_end": "11:32:14",
                "data": {
                    "time": 1091.613295
                }
            },
            {
                "time": {
                    "start": "2019-09-13T17:29:51.260Z",
                    "end": "2019-09-13T17:32:15.236Z"
                },
                "type": "SCRUB",
                "source": "data:drag",
                "_t": "11:29:51",
                "_end": "11:32:15",
                "data": {
                    "time": 1091.613295
                }
            },
            {
                "time": {
                    "start": "2019-09-13T17:29:51.260Z",
                    "end": "2019-09-13T17:32:15.419Z"
                },
                "type": "SCRUB",
                "source": "data:drag",
                "_t": "11:29:51",
                "_end": "11:32:15",
                "data": {
                    "time": 1091.613295
                }
            },
            {
                "time": "2019-09-13T17:32:15.423Z",
                "type": "JUMP",
                "source": "data:dblclick:h_pos",
                "_t": "11:32:15",
                "_end": "-",
                "data": {
                    "from": 1091.613295,
                    "to": 1099.9061622068232
                }
            },
            {
                "time": {
                    "start": "2019-09-13T17:29:51.260Z",
                    "end": "2019-09-13T17:32:17.310Z"
                },
                "type": "SCRUB",
                "source": "data:drag",
                "_t": "11:29:51",
                "_end": "11:32:17",
                "data": {
                    "time": 1099.906162
                }
            },
            {
                "time": {
                    "start": "2019-09-13T17:29:51.260Z",
                    "end": "2019-09-13T17:32:18.430Z"
                },
                "type": "SCRUB",
                "source": "data:drag",
                "_t": "11:29:51",
                "_end": "11:32:18",
                "data": {
                    "time": 1099.906162
                }
            },
            {
                "time": {
                    "start": "2019-09-13T17:29:51.260Z",
                    "end": "2019-09-13T17:32:18.852Z"
                },
                "type": "SCRUB",
                "source": "data:drag",
                "_t": "11:29:51",
                "_end": "11:32:18",
                "data": {
                    "time": 1099.906162
                }
            },
            {
                "time": {
                    "start": "2019-09-13T17:29:51.260Z",
                    "end": "2019-09-13T17:32:19.010Z"
                },
                "type": "SCRUB",
                "source": "data:drag",
                "_t": "11:29:51",
                "_end": "11:32:19",
                "data": {
                    "time": 1099.906162
                }
            },
            {
                "time": "2019-09-13T17:32:19.013Z",
                "type": "JUMP",
                "source": "data:dblclick:h_pos",
                "_t": "11:32:19",
                "_end": "-",
                "data": {
                    "from": 1099.906162,
                    "to": 1108.9307527838955
                }
            },
            {
                "time": {
                    "start": "2019-09-13T17:29:51.260Z",
                    "end": "2019-09-13T17:32:20.219Z"
                },
                "type": "SCRUB",
                "source": "data:drag",
                "_t": "11:29:51",
                "_end": "11:32:20",
                "data": {
                    "time": 1108.930753
                }
            },
            {
                "time": {
                    "start": "2019-09-13T17:29:51.260Z",
                    "end": "2019-09-13T17:32:21.132Z"
                },
                "type": "SCRUB",
                "source": "data:drag",
                "_t": "11:29:51",
                "_end": "11:32:21",
                "data": {
                    "time": 1108.930753
                }
            },
            {
                "time": {
                    "start": "2019-09-13T17:29:51.260Z",
                    "end": "2019-09-13T17:32:21.276Z"
                },
                "type": "SCRUB",
                "source": "data:drag",
                "_t": "11:29:51",
                "_end": "11:32:21",
                "data": {
                    "time": 1108.930753
                }
            },
            {
                "time": "2019-09-13T17:32:21.286Z",
                "type": "JUMP",
                "source": "data:dblclick:h_pos",
                "_t": "11:32:21",
                "_end": "-",
                "data": {
                    "from": 1108.930753,
                    "to": 1120.760284162674
                }
            },
            {
                "time": {
                    "start": "2019-09-13T17:29:51.260Z",
                    "end": "2019-09-13T17:32:22.675Z"
                },
                "type": "SCRUB",
                "source": "data:drag",
                "_t": "11:29:51",
                "_end": "11:32:22",
                "data": {
                    "time": 1120.760284
                }
            },
            {
                "time": {
                    "start": "2019-09-13T17:29:51.260Z",
                    "end": "2019-09-13T17:32:27.107Z"
                },
                "type": "SCRUB",
                "source": "data:drag",
                "_t": "11:29:51",
                "_end": "11:32:27",
                "data": {
                    "time": 1262.592704022672
                }
            },
            {
                "time": {
                    "start": "2019-09-13T17:29:51.260Z",
                    "end": "2019-09-13T17:32:28.652Z"
                },
                "type": "SCRUB",
                "source": "data:drag",
                "_t": "11:29:51",
                "_end": "11:32:28",
                "data": {
                    "time": 1317.9597880211666
                }
            },
            {
                "time": {
                    "start": "2019-09-13T17:29:51.260Z",
                    "end": "2019-09-13T17:32:32.030Z"
                },
                "type": "SCRUB",
                "source": "data:drag",
                "_t": "11:29:51",
                "_end": "11:32:32",
                "data": {
                    "time": 1357.5948151126
                }
            },
            {
                "time": {
                    "start": "2019-09-13T17:29:51.260Z",
                    "end": "2019-09-13T17:32:34.096Z"
                },
                "type": "SCRUB",
                "source": "data:drag",
                "_t": "11:29:51",
                "_end": "11:32:34",
                "data": {
                    "time": 1357.594815
                }
            },
            {
                "time": {
                    "start": "2019-09-13T17:29:51.260Z",
                    "end": "2019-09-13T17:32:34.995Z"
                },
                "type": "SCRUB",
                "source": "data:drag",
                "_t": "11:29:51",
                "_end": "11:32:34",
                "data": {
                    "time": 1357.594815
                }
            },
            {
                "time": {
                    "start": "2019-09-13T17:29:51.260Z",
                    "end": "2019-09-13T17:32:36.337Z"
                },
                "type": "SCRUB",
                "source": "data:drag",
                "_t": "11:29:51",
                "_end": "11:32:36",
                "data": {
                    "time": 1357.594815
                }
            },
            {
                "time": {
                    "start": "2019-09-13T17:29:51.260Z",
                    "end": "2019-09-13T17:32:36.491Z"
                },
                "type": "SCRUB",
                "source": "data:drag",
                "_t": "11:29:51",
                "_end": "11:32:36",
                "data": {
                    "time": 1357.594815
                }
            },
            {
                "time": "2019-09-13T17:32:36.498Z",
                "type": "JUMP",
                "source": "data:dblclick:h_pos",
                "_t": "11:32:36",
                "_end": "-",
                "data": {
                    "from": 1357.594815,
                    "to": 1371.7414708234037
                }
            },
            {
                "time": {
                    "start": "2019-09-13T17:29:51.260Z",
                    "end": "2019-09-13T17:32:38.110Z"
                },
                "type": "SCRUB",
                "source": "data:drag",
                "_t": "11:29:51",
                "_end": "11:32:38",
                "data": {
                    "time": 1371.741471
                }
            },
            {
                "time": {
                    "start": "2019-09-13T17:29:51.260Z",
                    "end": "2019-09-13T17:32:40.922Z"
                },
                "type": "SCRUB",
                "source": "data:drag",
                "_t": "11:29:51",
                "_end": "11:32:40",
                "data": {
                    "time": 1425.157292126301
                }
            },
            {
                "time": {
                    "start": "2019-09-13T17:29:51.260Z",
                    "end": "2019-09-13T17:32:43.148Z"
                },
                "type": "SCRUB",
                "source": "data:drag",
                "_t": "11:29:51",
                "_end": "11:32:43",
                "data": {
                    "time": 1454.060373
                }
            },
            {
                "time": {
                    "start": "2019-09-13T17:29:51.260Z",
                    "end": "2019-09-13T17:32:45.122Z"
                },
                "type": "SCRUB",
                "source": "data:drag",
                "_t": "11:29:51",
                "_end": "11:32:45",
                "data": {
                    "time": 1454.060373
                }
            },
            {
                "time": {
                    "start": "2019-09-13T17:29:51.260Z",
                    "end": "2019-09-13T17:32:45.987Z"
                },
                "type": "SCRUB",
                "source": "data:drag",
                "_t": "11:29:51",
                "_end": "11:32:45",
                "data": {
                    "time": 1454.060373
                }
            },
            {
                "time": {
                    "start": "2019-09-13T17:29:51.260Z",
                    "end": "2019-09-13T17:32:46.159Z"
                },
                "type": "SCRUB",
                "source": "data:drag",
                "_t": "11:29:51",
                "_end": "11:32:46",
                "data": {
                    "time": 1454.060373
                }
            },
            {
                "time": "2019-09-13T17:32:46.162Z",
                "type": "JUMP",
                "source": "data:dblclick:h_pos",
                "_t": "11:32:46",
                "_end": "-",
                "data": {
                    "from": 1454.060373,
                    "to": 1464.1825491494888
                }
            },
            {
                "time": {
                    "start": "2019-09-13T17:29:51.260Z",
                    "end": "2019-09-13T17:32:47.630Z"
                },
                "type": "SCRUB",
                "source": "data:drag",
                "_t": "11:29:51",
                "_end": "11:32:47",
                "data": {
                    "time": 1464.182549
                }
            },
            {
                "time": {
                    "start": "2019-09-13T17:29:51.260Z",
                    "end": "2019-09-13T17:32:48.755Z"
                },
                "type": "SCRUB",
                "source": "data:drag",
                "_t": "11:29:51",
                "_end": "11:32:48",
                "data": {
                    "time": 1464.182549
                }
            },
            {
                "time": {
                    "start": "2019-09-13T17:29:51.260Z",
                    "end": "2019-09-13T17:32:48.900Z"
                },
                "type": "SCRUB",
                "source": "data:drag",
                "_t": "11:29:51",
                "_end": "11:32:48",
                "data": {
                    "time": 1464.182549
                }
            },
            {
                "time": "2019-09-13T17:32:48.905Z",
                "type": "JUMP",
                "source": "data:dblclick:h_pos",
                "_t": "11:32:48",
                "_end": "-",
                "data": {
                    "from": 1464.182549,
                    "to": 1473.4510476429055
                }
            },
            {
                "time": {
                    "start": "2019-09-13T17:29:51.260Z",
                    "end": "2019-09-13T17:32:50.263Z"
                },
                "type": "SCRUB",
                "source": "data:drag",
                "_t": "11:29:51",
                "_end": "11:32:50",
                "data": {
                    "time": 1473.451048
                }
            },
            {
                "time": {
                    "start": "2019-09-13T17:29:51.260Z",
                    "end": "2019-09-13T17:32:51.263Z"
                },
                "type": "SCRUB",
                "source": "data:drag",
                "_t": "11:29:51",
                "_end": "11:32:51",
                "data": {
                    "time": 1473.451048
                }
            },
            {
                "time": {
                    "start": "2019-09-13T17:29:51.260Z",
                    "end": "2019-09-13T17:32:51.415Z"
                },
                "type": "SCRUB",
                "source": "data:drag",
                "_t": "11:29:51",
                "_end": "11:32:51",
                "data": {
                    "time": 1473.451048
                }
            },
            {
                "time": "2019-09-13T17:32:51.421Z",
                "type": "JUMP",
                "source": "data:dblclick:h_pos",
                "_t": "11:32:51",
                "_end": "-",
                "data": {
                    "from": 1473.451048,
                    "to": 1485.5244870216793
                }
            },
            {
                "time": {
                    "start": "2019-09-13T17:29:51.260Z",
                    "end": "2019-09-13T17:32:52.585Z"
                },
                "type": "SCRUB",
                "source": "data:drag",
                "_t": "11:29:51",
                "_end": "11:32:52",
                "data": {
                    "time": 1485.524487
                }
            },
            {
                "time": {
                    "start": "2019-09-13T17:29:51.260Z",
                    "end": "2019-09-13T17:32:54.619Z"
                },
                "type": "SCRUB",
                "source": "data:drag",
                "_t": "11:29:51",
                "_end": "11:32:54",
                "data": {
                    "time": 1500.033333
                }
            },
            {
                "time": {
                    "start": "2019-09-13T17:29:51.260Z",
                    "end": "2019-09-13T17:32:55.694Z"
                },
                "type": "SCRUB",
                "source": "data:drag",
                "_t": "11:29:51",
                "_end": "11:32:55",
                "data": {
                    "time": 1500.033333
                }
            },
            {
                "time": {
                    "start": "2019-09-13T17:29:51.260Z",
                    "end": "2019-09-13T17:32:56.726Z"
                },
                "type": "SCRUB",
                "source": "data:drag",
                "_t": "11:29:51",
                "_end": "11:32:56",
                "data": {
                    "time": 1355.8837883166946
                }
            },
            {
                "time": {
                    "start": "2019-09-13T17:29:51.260Z",
                    "end": "2019-09-13T17:32:57.869Z"
                },
                "type": "SCRUB",
                "source": "data:drag",
                "_t": "11:29:51",
                "_end": "11:32:57",
                "data": {
                    "time": 1230.8810102497068
                }
            },
            {
                "time": {
                    "start": "2019-09-13T17:29:51.260Z",
                    "end": "2019-09-13T17:32:58.978Z"
                },
                "type": "SCRUB",
                "source": "data:drag",
                "_t": "11:29:51",
                "_end": "11:32:58",
                "data": {
                    "time": 1112.8296062320944
                }
            },
            {
                "time": {
                    "start": "2019-09-13T17:29:51.260Z",
                    "end": "2019-09-13T17:33:00.036Z"
                },
                "type": "SCRUB",
                "source": "data:drag",
                "_t": "11:29:51",
                "_end": "11:33:00",
                "data": {
                    "time": 988.3146439679654
                }
            },
            {
                "time": {
                    "start": "2019-09-13T17:29:51.260Z",
                    "end": "2019-09-13T17:33:01.118Z"
                },
                "type": "SCRUB",
                "source": "data:drag",
                "_t": "11:29:51",
                "_end": "11:33:01",
                "data": {
                    "time": 897.4589665132654
                }
            },
            {
                "time": {
                    "start": "2019-09-13T17:29:51.260Z",
                    "end": "2019-09-13T17:33:02.730Z"
                },
                "type": "SCRUB",
                "source": "data:drag",
                "_t": "11:29:51",
                "_end": "11:33:02",
                "data": {
                    "time": 806.3593811676283
                }
            },
            {
                "time": {
                    "start": "2019-09-13T17:29:51.260Z",
                    "end": "2019-09-13T17:33:04.460Z"
                },
                "type": "SCRUB",
                "source": "data:drag",
                "_t": "11:29:51",
                "_end": "11:33:04",
                "data": {
                    "time": 711.9670395575164
                }
            },
            {
                "time": {
                    "start": "2019-09-13T17:29:51.260Z",
                    "end": "2019-09-13T17:33:05.546Z"
                },
                "type": "SCRUB",
                "source": "data:drag",
                "_t": "11:29:51",
                "_end": "11:33:05",
                "data": {
                    "time": 633.6726168106856
                }
            },
            {
                "time": {
                    "start": "2019-09-13T17:29:51.260Z",
                    "end": "2019-09-13T17:33:08.830Z"
                },
                "type": "SCRUB",
                "source": "data:drag",
                "_t": "11:29:51",
                "_end": "11:33:08",
                "data": {
                    "time": 451.10758452028745
                }
            },
            {
                "time": {
                    "start": "2019-09-13T17:29:51.260Z",
                    "end": "2019-09-13T17:33:10.604Z"
                },
                "type": "SCRUB",
                "source": "data:drag",
                "_t": "11:29:51",
                "_end": "11:33:10",
                "data": {
                    "time": 371.34971509902294
                }
            },
            {
                "time": {
                    "start": "2019-09-13T17:29:51.260Z",
                    "end": "2019-09-13T17:33:15.440Z"
                },
                "type": "SCRUB",
                "source": "data:drag",
                "_t": "11:29:51",
                "_end": "11:33:15",
                "data": {
                    "time": 317.568032
                }
            },
            {
                "time": {
                    "start": "2019-09-13T17:29:51.260Z",
                    "end": "2019-09-13T17:33:17.703Z"
                },
                "type": "SCRUB",
                "source": "data:drag",
                "_t": "11:29:51",
                "_end": "11:33:17",
                "data": {
                    "time": 317.568032
                }
            },
            {
                "time": {
                    "start": "2019-09-13T17:29:51.260Z",
                    "end": "2019-09-13T17:33:20.361Z"
                },
                "type": "SCRUB",
                "source": "data:drag",
                "_t": "11:29:51",
                "_end": "11:33:20",
                "data": {
                    "time": 209.76075839634632
                }
            },
            {
                "time": {
                    "start": "2019-09-13T17:29:51.260Z",
                    "end": "2019-09-13T17:33:22.571Z"
                },
                "type": "SCRUB",
                "source": "data:drag",
                "_t": "11:29:51",
                "_end": "11:33:22",
                "data": {
                    "time": 163.662173
                }
            },
            {
                "time": {
                    "start": "2019-09-13T17:29:51.260Z",
                    "end": "2019-09-13T17:33:29.762Z"
                },
                "type": "SCRUB",
                "source": "data:drag",
                "_t": "11:29:51",
                "_end": "11:33:29",
                "data": {
                    "time": 319.031479
                }
            },
            {
                "time": {
                    "start": "2019-09-13T17:29:51.260Z",
                    "end": "2019-09-13T17:33:35.562Z"
                },
                "type": "SCRUB",
                "source": "data:drag",
                "_t": "11:29:51",
                "_end": "11:33:35",
                "data": {
                    "time": 339.76364701707644
                }
            },
            {
                "time": {
                    "start": "2019-09-13T17:29:51.260Z",
                    "end": "2019-09-13T17:33:40.289Z"
                },
                "type": "SCRUB",
                "source": "data:drag",
                "_t": "11:29:51",
                "_end": "11:33:40",
                "data": {
                    "time": 524.1579884224425
                }
            }
        ]
    }
}