{
    "user_id": "olive2",
    "session_id": "5d7fc16b81249f67dd06ad7f",
    "study": "studyE",
    "workspace": "drywall.drywall-red",
    "details": {
        "workspace": "drywall.drywall-red",
        "labels": [
            {
                "time": 66.45949,
                "endTime": 78.075407,
                "type": "measuring",
                "id": 1
            },
            {
                "time": 85.306657,
                "endTime": 92.492699,
                "type": "measuring",
                "id": 2
            },
            {
                "time": 111.121324,
                "endTime": 121.10749,
                "type": "measuring",
                "id": 3
            },
            {
                "time": 130.181323,
                "endTime": 144.222156,
                "type": "measuring",
                "id": 4
            },
            {
                "time": 150.428906,
                "endTime": 169.258571,
                "type": "measuring",
                "id": 5
            },
            {
                "time": 190.365238,
                "endTime": 198.280696,
                "type": "measuring",
                "id": 6
            },
            {
                "time": 294.316525,
                "endTime": 296.44265,
                "type": "cutting",
                "id": 7
            },
            {
                "time": 350.12546,
                "endTime": 351.83371,
                "type": "cutting",
                "id": 8
            },
            {
                "time": 353.342231,
                "endTime": 355.016293,
                "type": "cutting",
                "id": 9
            },
            {
                "time": 358.478814,
                "endTime": 359.824501,
                "type": "cutting",
                "id": 10
            },
            {
                "time": 428.715893,
                "endTime": 440.373205,
                "type": "measuring",
                "id": 11
            }
        ],
        "_starts": [
            "2019-09-16T17:18:36.000Z"
        ],
        "_ends": [
            "2019-09-16T17:21:52.797Z"
        ]
    },
    "labels_file": "/home/ubuntu/vat/data/user-studies/studyE/drywall-red/olive2.labels.json",
    "videoFlash": 7.957784,
    "surveys": {
        "user-info": {
            "firstname": "Nathan",
            "lastname": "Walls",
            "email": "nathanmwalls@gmail.com"
        },
        "practice-first": {
            "question1": "5",
            "question2": "ok",
            "question3": "100",
            "question4": "5"
        },
        "practice-second": {},
        "practice-third": {},
        "practice-survey": {},
        "drywall-blue": {
            "question1": "4",
            "question2": "1",
            "question3": "30",
            "question4": "70"
        }
    },
    "logs": {
        "labelEvents": [
            {
                "time": "2019-09-16T17:19:16.277Z",
                "type": "START",
                "source": "hotkey",
                "_t": "11:19:16",
                "_end": "-",
                "data": {
                    "type": "measuring",
                    "time": 66.45949
                }
            },
            {
                "time": "2019-09-16T17:19:22.140Z",
                "type": "END",
                "source": "hotkey:ctb",
                "_t": "11:19:22",
                "_end": "-",
                "data": {
                    "lbl": {
                        "time": 66.45949,
                        "endTime": 78.075407,
                        "type": "measuring",
                        "id": 1
                    },
                    "key": "enter"
                }
            },
            {
                "time": "2019-09-16T17:19:25.705Z",
                "type": "START",
                "source": "hotkey",
                "_t": "11:19:25",
                "_end": "-",
                "data": {
                    "type": "measuring",
                    "time": 85.306657
                }
            },
            {
                "time": "2019-09-16T17:19:29.353Z",
                "type": "END",
                "source": "hotkey:ctb",
                "_t": "11:19:29",
                "_end": "-",
                "data": {
                    "lbl": {
                        "time": 85.306657,
                        "endTime": 92.492699,
                        "type": "measuring",
                        "id": 2
                    },
                    "key": "enter"
                }
            },
            {
                "time": "2019-09-16T17:19:38.600Z",
                "type": "START",
                "source": "hotkey",
                "_t": "11:19:38",
                "_end": "-",
                "data": {
                    "type": "measuring",
                    "time": 111.121324
                }
            },
            {
                "time": "2019-09-16T17:19:43.605Z",
                "type": "END",
                "source": "hotkey:ctb",
                "_t": "11:19:43",
                "_end": "-",
                "data": {
                    "lbl": {
                        "time": 111.121324,
                        "endTime": 121.10749,
                        "type": "measuring",
                        "id": 3
                    },
                    "key": "enter"
                }
            },
            {
                "time": "2019-09-16T17:19:45.751Z",
                "type": "START",
                "source": "hotkey",
                "_t": "11:19:45",
                "_end": "-",
                "data": {
                    "type": "measuring",
                    "time": 130.181323
                }
            },
            {
                "time": "2019-09-16T17:19:48.501Z",
                "type": "END",
                "source": "hotkey:ctb",
                "_t": "11:19:48",
                "_end": "-",
                "data": {
                    "lbl": {
                        "time": 130.181323,
                        "endTime": 144.222156,
                        "type": "measuring",
                        "id": 4
                    },
                    "key": "enter"
                }
            },
            {
                "time": "2019-09-16T17:19:52.082Z",
                "type": "START",
                "source": "hotkey",
                "_t": "11:19:52",
                "_end": "-",
                "data": {
                    "type": "measuring",
                    "time": 150.428906
                }
            },
            {
                "time": "2019-09-16T17:19:56.717Z",
                "type": "END",
                "source": "hotkey:ctb",
                "_t": "11:19:56",
                "_end": "-",
                "data": {
                    "lbl": {
                        "time": 150.428906,
                        "endTime": 169.258571,
                        "type": "measuring",
                        "id": 5
                    },
                    "key": "enter"
                }
            },
            {
                "time": "2019-09-16T17:20:00.028Z",
                "type": "START",
                "source": "hotkey",
                "_t": "11:20:00",
                "_end": "-",
                "data": {
                    "type": "measuring",
                    "time": 190.365238
                }
            },
            {
                "time": "2019-09-16T17:20:04.015Z",
                "type": "END",
                "source": "hotkey:ctb",
                "_t": "11:20:04",
                "_end": "-",
                "data": {
                    "lbl": {
                        "time": 190.365238,
                        "endTime": 198.280696,
                        "type": "measuring",
                        "id": 6
                    },
                    "key": "enter"
                }
            },
            {
                "time": "2019-09-16T17:20:46.075Z",
                "type": "START",
                "source": "hotkey",
                "_t": "11:20:46",
                "_end": "-",
                "data": {
                    "type": "cutting",
                    "time": 294.316525
                }
            },
            {
                "time": "2019-09-16T17:20:48.183Z",
                "type": "END",
                "source": "hotkey:ctb",
                "_t": "11:20:48",
                "_end": "-",
                "data": {
                    "lbl": {
                        "time": 294.316525,
                        "endTime": 296.44265,
                        "type": "cutting",
                        "id": 7
                    },
                    "key": "enter"
                }
            },
            {
                "time": "2019-09-16T17:20:57.643Z",
                "type": "START",
                "source": "hotkey",
                "_t": "11:20:57",
                "_end": "-",
                "data": {
                    "type": "cutting",
                    "time": 350.12546
                }
            },
            {
                "time": "2019-09-16T17:20:59.389Z",
                "type": "END",
                "source": "hotkey:ctb",
                "_t": "11:20:59",
                "_end": "-",
                "data": {
                    "lbl": {
                        "time": 350.12546,
                        "endTime": 351.83371,
                        "type": "cutting",
                        "id": 8
                    },
                    "key": "enter"
                }
            },
            {
                "time": "2019-09-16T17:21:00.844Z",
                "type": "START",
                "source": "hotkey",
                "_t": "11:21:00",
                "_end": "-",
                "data": {
                    "type": "cutting",
                    "time": 353.342231
                }
            },
            {
                "time": "2019-09-16T17:21:02.516Z",
                "type": "END",
                "source": "hotkey:ctb",
                "_t": "11:21:02",
                "_end": "-",
                "data": {
                    "lbl": {
                        "time": 353.342231,
                        "endTime": 355.016293,
                        "type": "cutting",
                        "id": 9
                    },
                    "key": "enter"
                }
            },
            {
                "time": "2019-09-16T17:21:05.998Z",
                "type": "START",
                "source": "hotkey",
                "_t": "11:21:05",
                "_end": "-",
                "data": {
                    "type": "cutting",
                    "time": 358.478814
                }
            },
            {
                "time": "2019-09-16T17:21:07.372Z",
                "type": "END",
                "source": "hotkey:ctb",
                "_t": "11:21:07",
                "_end": "-",
                "data": {
                    "lbl": {
                        "time": 358.478814,
                        "endTime": 359.824501,
                        "type": "cutting",
                        "id": 10
                    },
                    "key": "enter"
                }
            },
            {
                "time": "2019-09-16T17:21:31.925Z",
                "type": "START",
                "source": "hotkey",
                "_t": "11:21:31",
                "_end": "-",
                "data": {
                    "type": "measuring",
                    "time": 428.715893
                }
            },
            {
                "time": "2019-09-16T17:21:33.736Z",
                "type": "END",
                "source": "hotkey:ctb",
                "_t": "11:21:33",
                "_end": "-",
                "data": {
                    "lbl": {
                        "time": 428.715893,
                        "endTime": 440.373205,
                        "type": "measuring",
                        "id": 11
                    },
                    "key": "enter"
                }
            }
        ],
        "navigationEvents": [
            {
                "time": "2019-09-16T17:19:06.037Z",
                "type": "SKIP",
                "source": "hotkey",
                "_t": "11:19:06",
                "_end": "-",
                "data": {
                    "t": 20.379909,
                    "Δt": 5,
                    "key": "right"
                }
            },
            {
                "time": "2019-09-16T17:19:09.387Z",
                "type": "CHANGE-PLAYBACK-RATE",
                "source": "video:menu",
                "_t": "11:19:09",
                "_end": "-",
                "data": {
                    "oldRate": 1,
                    "newRate": 2
                }
            },
            {
                "time": "2019-09-16T17:19:11.155Z",
                "type": "SKIP",
                "source": "hotkey",
                "_t": "11:19:11",
                "_end": "-",
                "data": {
                    "t": 32.082117,
                    "Δt": 5,
                    "key": "right"
                }
            },
            {
                "time": "2019-09-16T17:19:12.182Z",
                "type": "SKIP",
                "source": "hotkey",
                "_t": "11:19:12",
                "_end": "-",
                "data": {
                    "t": 38.959075,
                    "Δt": 5,
                    "key": "right"
                }
            },
            {
                "time": "2019-09-16T17:19:14.504Z",
                "type": "SKIP",
                "source": "hotkey",
                "_t": "11:19:14",
                "_end": "-",
                "data": {
                    "t": 48.439491,
                    "Δt": 5,
                    "key": "right"
                }
            },
            {
                "time": "2019-09-16T17:19:15.147Z",
                "type": "SKIP",
                "source": "hotkey",
                "_t": "11:19:15",
                "_end": "-",
                "data": {
                    "t": 54.454116,
                    "Δt": 5,
                    "key": "right"
                }
            },
            {
                "time": "2019-09-16T17:19:15.637Z",
                "type": "SKIP",
                "source": "hotkey",
                "_t": "11:19:15",
                "_end": "-",
                "data": {
                    "t": 60.352449,
                    "Δt": 5,
                    "key": "right"
                }
            },
            {
                "time": "2019-09-16T17:19:44.332Z",
                "type": "SKIP",
                "source": "hotkey",
                "_t": "11:19:44",
                "_end": "-",
                "data": {
                    "t": 122.44474,
                    "Δt": 5,
                    "key": "right"
                }
            },
            {
                "time": "2019-09-16T17:19:46.649Z",
                "type": "SKIP",
                "source": "hotkey",
                "_t": "11:19:46",
                "_end": "-",
                "data": {
                    "t": 131.968948,
                    "Δt": 5,
                    "key": "right"
                }
            },
            {
                "time": "2019-09-16T17:19:47.366Z",
                "type": "SKIP",
                "source": "hotkey",
                "_t": "11:19:47",
                "_end": "-",
                "data": {
                    "t": 138.239448,
                    "Δt": 5,
                    "key": "right"
                }
            },
            {
                "time": "2019-09-16T17:19:48.015Z",
                "type": "PAUSE",
                "source": "hotkey",
                "_t": "11:19:48",
                "_end": "-",
                "data": {
                    "key": "space"
                }
            },
            {
                "time": "2019-09-16T17:19:49.061Z",
                "type": "PLAY",
                "source": "hotkey",
                "_t": "11:19:49",
                "_end": "-",
                "data": {
                    "key": "space"
                }
            },
            {
                "time": "2019-09-16T17:19:53.237Z",
                "type": "SKIP",
                "source": "hotkey",
                "_t": "11:19:53",
                "_end": "-",
                "data": {
                    "t": 152.700614,
                    "Δt": 5,
                    "key": "right"
                }
            },
            {
                "time": "2019-09-16T17:19:53.690Z",
                "type": "SKIP",
                "source": "hotkey",
                "_t": "11:19:53",
                "_end": "-",
                "data": {
                    "t": 158.42953,
                    "Δt": 5,
                    "key": "right"
                }
            },
            {
                "time": "2019-09-16T17:19:57.781Z",
                "type": "SKIP",
                "source": "hotkey",
                "_t": "11:19:57",
                "_end": "-",
                "data": {
                    "t": 171.396488,
                    "Δt": 5,
                    "key": "right"
                }
            },
            {
                "time": "2019-09-16T17:19:58.260Z",
                "type": "SKIP",
                "source": "hotkey",
                "_t": "11:19:58",
                "_end": "-",
                "data": {
                    "t": 177.253988,
                    "Δt": 5,
                    "key": "right"
                }
            },
            {
                "time": "2019-09-16T17:19:59.668Z",
                "type": "SKIP",
                "source": "hotkey",
                "_t": "11:19:59",
                "_end": "-",
                "data": {
                    "t": 184.795988,
                    "Δt": 5,
                    "key": "right"
                }
            },
            {
                "time": "2019-09-16T17:20:05.095Z",
                "type": "SKIP",
                "source": "hotkey",
                "_t": "11:20:05",
                "_end": "-",
                "data": {
                    "t": 200.551946,
                    "Δt": 5,
                    "key": "right"
                }
            },
            {
                "time": "2019-09-16T17:20:08.056Z",
                "type": "SKIP",
                "source": "hotkey",
                "_t": "11:20:08",
                "_end": "-",
                "data": {
                    "t": 211.388196,
                    "Δt": 5,
                    "key": "right"
                }
            },
            {
                "time": "2019-09-16T17:20:08.963Z",
                "type": "SKIP",
                "source": "hotkey",
                "_t": "11:20:08",
                "_end": "-",
                "data": {
                    "t": 218.063071,
                    "Δt": 5,
                    "key": "right"
                }
            },
            {
                "time": "2019-09-16T17:20:09.654Z",
                "type": "SKIP",
                "source": "hotkey",
                "_t": "11:20:09",
                "_end": "-",
                "data": {
                    "t": 224.357737,
                    "Δt": 5,
                    "key": "right"
                }
            },
            {
                "time": "2019-09-16T17:20:10.198Z",
                "type": "SKIP",
                "source": "hotkey",
                "_t": "11:20:10",
                "_end": "-",
                "data": {
                    "t": 230.290403,
                    "Δt": 5,
                    "key": "right"
                }
            },
            {
                "time": "2019-09-16T17:20:12.977Z",
                "type": "SKIP",
                "source": "hotkey",
                "_t": "11:20:12",
                "_end": "-",
                "data": {
                    "t": 240.552236,
                    "Δt": 5,
                    "key": "right"
                }
            },
            {
                "time": "2019-09-16T17:20:13.635Z",
                "type": "SKIP",
                "source": "hotkey",
                "_t": "11:20:13",
                "_end": "-",
                "data": {
                    "t": 246.733277,
                    "Δt": 5,
                    "key": "right"
                }
            },
            {
                "time": "2019-09-16T17:20:14.232Z",
                "type": "SKIP",
                "source": "hotkey",
                "_t": "11:20:14",
                "_end": "-",
                "data": {
                    "t": 252.752693,
                    "Δt": 5,
                    "key": "right"
                }
            },
            {
                "time": "2019-09-16T17:20:20.891Z",
                "type": "SKIP",
                "source": "hotkey",
                "_t": "11:20:20",
                "_end": "-",
                "data": {
                    "t": 10.4782,
                    "Δt": 5,
                    "key": "right"
                }
            },
            {
                "time": "2019-09-16T17:20:21.374Z",
                "type": "SKIP",
                "source": "hotkey",
                "_t": "11:20:21",
                "_end": "-",
                "data": {
                    "t": 15.92022,
                    "Δt": 5,
                    "key": "right"
                }
            },
            {
                "time": "2019-09-16T17:20:21.720Z",
                "type": "SKIP",
                "source": "hotkey",
                "_t": "11:20:21",
                "_end": "-",
                "data": {
                    "t": 21.16149,
                    "Δt": 5,
                    "key": "right"
                }
            },
            {
                "time": "2019-09-16T17:20:21.927Z",
                "type": "SKIP",
                "source": "hotkey",
                "_t": "11:20:21",
                "_end": "-",
                "data": {
                    "t": 26.323344,
                    "Δt": 5,
                    "key": "right"
                }
            },
            {
                "time": "2019-09-16T17:20:22.426Z",
                "type": "SKIP",
                "source": "hotkey",
                "_t": "11:20:22",
                "_end": "-",
                "data": {
                    "t": 31.766302,
                    "Δt": 5,
                    "key": "right"
                }
            },
            {
                "time": "2019-09-16T17:20:22.516Z",
                "type": "SKIP",
                "source": "hotkey",
                "_t": "11:20:22",
                "_end": "-",
                "data": {
                    "t": 36.766302,
                    "Δt": 5,
                    "key": "right"
                }
            },
            {
                "time": "2019-09-16T17:20:22.586Z",
                "type": "SKIP",
                "source": "hotkey",
                "_t": "11:20:22",
                "_end": "-",
                "data": {
                    "t": 41.766302,
                    "Δt": 5,
                    "key": "right"
                }
            },
            {
                "time": "2019-09-16T17:20:22.640Z",
                "type": "SKIP",
                "source": "hotkey",
                "_t": "11:20:22",
                "_end": "-",
                "data": {
                    "t": 46.766302,
                    "Δt": 5,
                    "key": "right"
                }
            },
            {
                "time": "2019-09-16T17:20:22.696Z",
                "type": "SKIP",
                "source": "hotkey",
                "_t": "11:20:22",
                "_end": "-",
                "data": {
                    "t": 51.766302,
                    "Δt": 5,
                    "key": "right"
                }
            },
            {
                "time": "2019-09-16T17:20:22.757Z",
                "type": "SKIP",
                "source": "hotkey",
                "_t": "11:20:22",
                "_end": "-",
                "data": {
                    "t": 56.766302,
                    "Δt": 5,
                    "key": "right"
                }
            },
            {
                "time": "2019-09-16T17:20:22.916Z",
                "type": "SKIP",
                "source": "hotkey",
                "_t": "11:20:22",
                "_end": "-",
                "data": {
                    "t": 61.88676,
                    "Δt": 5,
                    "key": "right"
                }
            },
            {
                "time": "2019-09-16T17:20:23.420Z",
                "type": "SKIP",
                "source": "hotkey",
                "_t": "11:20:23",
                "_end": "-",
                "data": {
                    "t": 67.32803,
                    "Δt": 5,
                    "key": "right"
                }
            },
            {
                "time": "2019-09-16T17:20:23.455Z",
                "type": "SKIP",
                "source": "hotkey",
                "_t": "11:20:23",
                "_end": "-",
                "data": {
                    "t": 72.32803,
                    "Δt": 5,
                    "key": "right"
                }
            },
            {
                "time": "2019-09-16T17:20:23.515Z",
                "type": "SKIP",
                "source": "hotkey",
                "_t": "11:20:23",
                "_end": "-",
                "data": {
                    "t": 77.32803,
                    "Δt": 5,
                    "key": "right"
                }
            },
            {
                "time": "2019-09-16T17:20:23.571Z",
                "type": "SKIP",
                "source": "hotkey",
                "_t": "11:20:23",
                "_end": "-",
                "data": {
                    "t": 82.32803,
                    "Δt": 5,
                    "key": "right"
                }
            },
            {
                "time": "2019-09-16T17:20:23.582Z",
                "type": "SKIP",
                "source": "hotkey",
                "_t": "11:20:23",
                "_end": "-",
                "data": {
                    "t": 87.32803,
                    "Δt": 5,
                    "key": "right"
                }
            },
            {
                "time": "2019-09-16T17:20:23.640Z",
                "type": "SKIP",
                "source": "hotkey",
                "_t": "11:20:23",
                "_end": "-",
                "data": {
                    "t": 92.32803,
                    "Δt": 5,
                    "key": "right"
                }
            },
            {
                "time": "2019-09-16T17:20:23.703Z",
                "type": "SKIP",
                "source": "hotkey",
                "_t": "11:20:23",
                "_end": "-",
                "data": {
                    "t": 97.32803,
                    "Δt": 5,
                    "key": "right"
                }
            },
            {
                "time": "2019-09-16T17:20:23.757Z",
                "type": "SKIP",
                "source": "hotkey",
                "_t": "11:20:23",
                "_end": "-",
                "data": {
                    "t": 102.32803,
                    "Δt": 5,
                    "key": "right"
                }
            },
            {
                "time": "2019-09-16T17:20:23.816Z",
                "type": "SKIP",
                "source": "hotkey",
                "_t": "11:20:23",
                "_end": "-",
                "data": {
                    "t": 107.32803,
                    "Δt": 5,
                    "key": "right"
                }
            },
            {
                "time": "2019-09-16T17:20:23.870Z",
                "type": "SKIP",
                "source": "hotkey",
                "_t": "11:20:23",
                "_end": "-",
                "data": {
                    "t": 112.32803,
                    "Δt": 5,
                    "key": "right"
                }
            },
            {
                "time": "2019-09-16T17:20:23.880Z",
                "type": "SKIP",
                "source": "hotkey",
                "_t": "11:20:23",
                "_end": "-",
                "data": {
                    "t": 117.32803,
                    "Δt": 5,
                    "key": "right"
                }
            },
            {
                "time": "2019-09-16T17:20:23.942Z",
                "type": "SKIP",
                "source": "hotkey",
                "_t": "11:20:23",
                "_end": "-",
                "data": {
                    "t": 122.32803,
                    "Δt": 5,
                    "key": "right"
                }
            },
            {
                "time": "2019-09-16T17:20:23.980Z",
                "type": "SKIP",
                "source": "hotkey",
                "_t": "11:20:23",
                "_end": "-",
                "data": {
                    "t": 127.32803,
                    "Δt": 5,
                    "key": "right"
                }
            },
            {
                "time": "2019-09-16T17:20:24.014Z",
                "type": "SKIP",
                "source": "hotkey",
                "_t": "11:20:24",
                "_end": "-",
                "data": {
                    "t": 132.32803,
                    "Δt": 5,
                    "key": "right"
                }
            },
            {
                "time": "2019-09-16T17:20:24.048Z",
                "type": "SKIP",
                "source": "hotkey",
                "_t": "11:20:24",
                "_end": "-",
                "data": {
                    "t": 137.32803,
                    "Δt": 5,
                    "key": "right"
                }
            },
            {
                "time": "2019-09-16T17:20:24.082Z",
                "type": "SKIP",
                "source": "hotkey",
                "_t": "11:20:24",
                "_end": "-",
                "data": {
                    "t": 142.32803,
                    "Δt": 5,
                    "key": "right"
                }
            },
            {
                "time": "2019-09-16T17:20:24.115Z",
                "type": "SKIP",
                "source": "hotkey",
                "_t": "11:20:24",
                "_end": "-",
                "data": {
                    "t": 147.32803,
                    "Δt": 5,
                    "key": "right"
                }
            },
            {
                "time": "2019-09-16T17:20:24.149Z",
                "type": "SKIP",
                "source": "hotkey",
                "_t": "11:20:24",
                "_end": "-",
                "data": {
                    "t": 152.32803,
                    "Δt": 5,
                    "key": "right"
                }
            },
            {
                "time": "2019-09-16T17:20:24.182Z",
                "type": "SKIP",
                "source": "hotkey",
                "_t": "11:20:24",
                "_end": "-",
                "data": {
                    "t": 157.32803,
                    "Δt": 5,
                    "key": "right"
                }
            },
            {
                "time": "2019-09-16T17:20:24.215Z",
                "type": "SKIP",
                "source": "hotkey",
                "_t": "11:20:24",
                "_end": "-",
                "data": {
                    "t": 162.32803,
                    "Δt": 5,
                    "key": "right"
                }
            },
            {
                "time": "2019-09-16T17:20:24.249Z",
                "type": "SKIP",
                "source": "hotkey",
                "_t": "11:20:24",
                "_end": "-",
                "data": {
                    "t": 167.32803,
                    "Δt": 5,
                    "key": "right"
                }
            },
            {
                "time": "2019-09-16T17:20:24.280Z",
                "type": "SKIP",
                "source": "hotkey",
                "_t": "11:20:24",
                "_end": "-",
                "data": {
                    "t": 172.32803,
                    "Δt": 5,
                    "key": "right"
                }
            },
            {
                "time": "2019-09-16T17:20:24.313Z",
                "type": "SKIP",
                "source": "hotkey",
                "_t": "11:20:24",
                "_end": "-",
                "data": {
                    "t": 177.32803,
                    "Δt": 5,
                    "key": "right"
                }
            },
            {
                "time": "2019-09-16T17:20:24.347Z",
                "type": "SKIP",
                "source": "hotkey",
                "_t": "11:20:24",
                "_end": "-",
                "data": {
                    "t": 182.32803,
                    "Δt": 5,
                    "key": "right"
                }
            },
            {
                "time": "2019-09-16T17:20:24.384Z",
                "type": "SKIP",
                "source": "hotkey",
                "_t": "11:20:24",
                "_end": "-",
                "data": {
                    "t": 187.32803,
                    "Δt": 5,
                    "key": "right"
                }
            },
            {
                "time": "2019-09-16T17:20:24.414Z",
                "type": "SKIP",
                "source": "hotkey",
                "_t": "11:20:24",
                "_end": "-",
                "data": {
                    "t": 192.32803,
                    "Δt": 5,
                    "key": "right"
                }
            },
            {
                "time": "2019-09-16T17:20:24.448Z",
                "type": "SKIP",
                "source": "hotkey",
                "_t": "11:20:24",
                "_end": "-",
                "data": {
                    "t": 197.32803,
                    "Δt": 5,
                    "key": "right"
                }
            },
            {
                "time": "2019-09-16T17:20:24.480Z",
                "type": "SKIP",
                "source": "hotkey",
                "_t": "11:20:24",
                "_end": "-",
                "data": {
                    "t": 202.32803,
                    "Δt": 5,
                    "key": "right"
                }
            },
            {
                "time": "2019-09-16T17:20:24.514Z",
                "type": "SKIP",
                "source": "hotkey",
                "_t": "11:20:24",
                "_end": "-",
                "data": {
                    "t": 207.32803,
                    "Δt": 5,
                    "key": "right"
                }
            },
            {
                "time": "2019-09-16T17:20:24.695Z",
                "type": "SKIP",
                "source": "hotkey",
                "_t": "11:20:24",
                "_end": "-",
                "data": {
                    "t": 212.32803,
                    "Δt": 5,
                    "key": "right"
                }
            },
            {
                "time": "2019-09-16T17:20:31.941Z",
                "type": "SKIP",
                "source": "hotkey",
                "_t": "11:20:31",
                "_end": "-",
                "data": {
                    "t": 221.18805,
                    "Δt": 5,
                    "key": "right"
                }
            },
            {
                "time": "2019-09-16T17:20:32.632Z",
                "type": "SKIP",
                "source": "hotkey",
                "_t": "11:20:32",
                "_end": "-",
                "data": {
                    "t": 226.832862,
                    "Δt": 5,
                    "key": "right"
                }
            },
            {
                "time": "2019-09-16T17:20:33.435Z",
                "type": "SKIP",
                "source": "hotkey",
                "_t": "11:20:33",
                "_end": "-",
                "data": {
                    "t": 232.559362,
                    "Δt": 5,
                    "key": "right"
                }
            },
            {
                "time": "2019-09-16T17:20:34.093Z",
                "type": "SKIP",
                "source": "hotkey",
                "_t": "11:20:34",
                "_end": "-",
                "data": {
                    "t": 238.083132,
                    "Δt": 5,
                    "key": "right"
                }
            },
            {
                "time": "2019-09-16T17:20:41.846Z",
                "type": "SKIP",
                "source": "hotkey",
                "_t": "11:20:41",
                "_end": "-",
                "data": {
                    "t": 250.780319,
                    "Δt": 5,
                    "key": "right"
                }
            },
            {
                "time": "2019-09-16T17:20:42.499Z",
                "type": "SKIP",
                "source": "hotkey",
                "_t": "11:20:42",
                "_end": "-",
                "data": {
                    "t": 256.386048,
                    "Δt": 5,
                    "key": "right"
                }
            },
            {
                "time": "2019-09-16T17:20:43.003Z",
                "type": "SKIP",
                "source": "hotkey",
                "_t": "11:20:43",
                "_end": "-",
                "data": {
                    "t": 261.827631,
                    "Δt": 5,
                    "key": "right"
                }
            },
            {
                "time": "2019-09-16T17:20:43.428Z",
                "type": "SKIP",
                "source": "hotkey",
                "_t": "11:20:43",
                "_end": "-",
                "data": {
                    "t": 267.14786,
                    "Δt": 5,
                    "key": "right"
                }
            },
            {
                "time": "2019-09-16T17:20:43.908Z",
                "type": "SKIP",
                "source": "hotkey",
                "_t": "11:20:43",
                "_end": "-",
                "data": {
                    "t": 272.550922,
                    "Δt": 5,
                    "key": "right"
                }
            },
            {
                "time": "2019-09-16T17:20:44.373Z",
                "type": "SKIP",
                "source": "hotkey",
                "_t": "11:20:44",
                "_end": "-",
                "data": {
                    "t": 277.913422,
                    "Δt": 5,
                    "key": "right"
                }
            },
            {
                "time": "2019-09-16T17:20:44.846Z",
                "type": "SKIP",
                "source": "hotkey",
                "_t": "11:20:44",
                "_end": "-",
                "data": {
                    "t": 283.274505,
                    "Δt": 5,
                    "key": "right"
                }
            },
            {
                "time": "2019-09-16T17:20:45.437Z",
                "type": "SKIP",
                "source": "hotkey",
                "_t": "11:20:45",
                "_end": "-",
                "data": {
                    "t": 288.753338,
                    "Δt": 5,
                    "key": "right"
                }
            },
            {
                "time": "2019-09-16T17:20:52.306Z",
                "type": "SKIP",
                "source": "hotkey",
                "_t": "11:20:52",
                "_end": "-",
                "data": {
                    "t": 300.521317,
                    "Δt": 5,
                    "key": "right"
                }
            },
            {
                "time": "2019-09-16T17:20:52.811Z",
                "type": "SKIP",
                "source": "hotkey",
                "_t": "11:20:52",
                "_end": "-",
                "data": {
                    "t": 305.965442,
                    "Δt": 5,
                    "key": "right"
                }
            },
            {
                "time": "2019-09-16T17:20:53.350Z",
                "type": "SKIP",
                "source": "hotkey",
                "_t": "11:20:53",
                "_end": "-",
                "data": {
                    "t": 311.407733,
                    "Δt": 5,
                    "key": "right"
                }
            },
            {
                "time": "2019-09-16T17:20:53.796Z",
                "type": "SKIP",
                "source": "hotkey",
                "_t": "11:20:53",
                "_end": "-",
                "data": {
                    "t": 316.769608,
                    "Δt": 5,
                    "key": "right"
                }
            },
            {
                "time": "2019-09-16T17:20:54.504Z",
                "type": "SKIP",
                "source": "hotkey",
                "_t": "11:20:54",
                "_end": "-",
                "data": {
                    "t": 322.339316,
                    "Δt": 5,
                    "key": "right"
                }
            },
            {
                "time": "2019-09-16T17:20:54.933Z",
                "type": "SKIP",
                "source": "hotkey",
                "_t": "11:20:54",
                "_end": "-",
                "data": {
                    "t": 327.741461,
                    "Δt": 5,
                    "key": "right"
                }
            },
            {
                "time": "2019-09-16T17:20:55.400Z",
                "type": "SKIP",
                "source": "hotkey",
                "_t": "11:20:55",
                "_end": "-",
                "data": {
                    "t": 333.143461,
                    "Δt": 5,
                    "key": "right"
                }
            },
            {
                "time": "2019-09-16T17:20:56.627Z",
                "type": "SKIP",
                "source": "hotkey",
                "_t": "11:20:56",
                "_end": "-",
                "data": {
                    "t": 339.239169,
                    "Δt": 5,
                    "key": "right"
                }
            },
            {
                "time": "2019-09-16T17:20:57.061Z",
                "type": "SKIP",
                "source": "hotkey",
                "_t": "11:20:57",
                "_end": "-",
                "data": {
                    "t": 344.641231,
                    "Δt": 5,
                    "key": "right"
                }
            },
            {
                "time": "2019-09-16T17:21:08.856Z",
                "type": "SKIP",
                "source": "hotkey",
                "_t": "11:21:08",
                "_end": "-",
                "data": {
                    "t": 361.372522,
                    "Δt": 5,
                    "key": "right"
                }
            },
            {
                "time": "2019-09-16T17:21:25.529Z",
                "type": "SKIP",
                "source": "hotkey",
                "_t": "11:21:25",
                "_end": "-",
                "data": {
                    "t": 383.015917,
                    "Δt": 5,
                    "key": "right"
                }
            },
            {
                "time": "2019-09-16T17:21:26.070Z",
                "type": "SKIP",
                "source": "hotkey",
                "_t": "11:21:26",
                "_end": "-",
                "data": {
                    "t": 388.499687,
                    "Δt": 5,
                    "key": "right"
                }
            },
            {
                "time": "2019-09-16T17:21:26.716Z",
                "type": "SKIP",
                "source": "hotkey",
                "_t": "11:21:26",
                "_end": "-",
                "data": {
                    "t": 394.02527,
                    "Δt": 5,
                    "key": "right"
                }
            },
            {
                "time": "2019-09-16T17:21:28.138Z",
                "type": "SKIP",
                "source": "hotkey",
                "_t": "11:21:28",
                "_end": "-",
                "data": {
                    "t": 400.404686,
                    "Δt": 5,
                    "key": "right"
                }
            },
            {
                "time": "2019-09-16T17:21:29.768Z",
                "type": "SKIP",
                "source": "hotkey",
                "_t": "11:21:29",
                "_end": "-",
                "data": {
                    "t": 406.949269,
                    "Δt": 5,
                    "key": "right"
                }
            },
            {
                "time": "2019-09-16T17:21:30.423Z",
                "type": "SKIP",
                "source": "hotkey",
                "_t": "11:21:30",
                "_end": "-",
                "data": {
                    "t": 412.470873,
                    "Δt": 5,
                    "key": "right"
                }
            },
            {
                "time": "2019-09-16T17:21:30.885Z",
                "type": "SKIP",
                "source": "hotkey",
                "_t": "11:21:30",
                "_end": "-",
                "data": {
                    "t": 417.872227,
                    "Δt": 5,
                    "key": "right"
                }
            },
            {
                "time": "2019-09-16T17:21:31.413Z",
                "type": "SKIP",
                "source": "hotkey",
                "_t": "11:21:31",
                "_end": "-",
                "data": {
                    "t": 423.315227,
                    "Δt": 5,
                    "key": "right"
                }
            },
            {
                "time": "2019-09-16T17:21:32.685Z",
                "type": "SKIP",
                "source": "hotkey",
                "_t": "11:21:32",
                "_end": "-",
                "data": {
                    "t": 429.448185,
                    "Δt": 5,
                    "key": "right"
                }
            },
            {
                "time": "2019-09-16T17:21:33.259Z",
                "type": "SKIP",
                "source": "hotkey",
                "_t": "11:21:33",
                "_end": "-",
                "data": {
                    "t": 434.971018,
                    "Δt": 5,
                    "key": "right"
                }
            },
            {
                "time": "2019-09-16T17:21:40.589Z",
                "type": "SKIP",
                "source": "hotkey",
                "_t": "11:21:40",
                "_end": "-",
                "data": {
                    "t": 447.213913,
                    "Δt": 5,
                    "key": "right"
                }
            },
            {
                "time": "2019-09-16T17:21:41.463Z",
                "type": "SKIP",
                "source": "hotkey",
                "_t": "11:21:41",
                "_end": "-",
                "data": {
                    "t": 452.978704,
                    "Δt": 5,
                    "key": "right"
                }
            },
            {
                "time": "2019-09-16T17:21:42.138Z",
                "type": "SKIP",
                "source": "hotkey",
                "_t": "11:21:42",
                "_end": "-",
                "data": {
                    "t": 458.582954,
                    "Δt": 5,
                    "key": "right"
                }
            },
            {
                "time": "2019-09-16T17:21:43.208Z",
                "type": "SKIP",
                "source": "hotkey",
                "_t": "11:21:43",
                "_end": "-",
                "data": {
                    "t": 464.553849,
                    "Δt": 5,
                    "key": "right"
                }
            },
            {
                "time": "2019-09-16T17:21:44.062Z",
                "type": "SKIP",
                "source": "hotkey",
                "_t": "11:21:44",
                "_end": "-",
                "data": {
                    "t": 470.321661,
                    "Δt": 5,
                    "key": "right"
                }
            },
            {
                "time": "2019-09-16T17:21:44.838Z",
                "type": "SKIP",
                "source": "hotkey",
                "_t": "11:21:44",
                "_end": "-",
                "data": {
                    "t": 476.008806,
                    "Δt": 5,
                    "key": "right"
                }
            },
            {
                "time": "2019-09-16T17:21:45.917Z",
                "type": "SKIP",
                "source": "hotkey",
                "_t": "11:21:45",
                "_end": "-",
                "data": {
                    "t": 482.019847,
                    "Δt": 5,
                    "key": "right"
                }
            }
        ]
    }
}