{
    "user_id": "olive5",
    "session_id": "5d7fb3f381249f67dd06ad69",
    "study": "studyE",
    "workspace": "drywall.drywall-red",
    "details": {
        "workspace": "drywall.drywall-red",
        "labels": [
            {
                "time": 38.50652752712449,
                "endTime": 43.942340947775655,
                "type": "measuring",
                "id": 1
            },
            {
                "time": 58.805016963216616,
                "endTime": 67.522084321343,
                "type": "measuring",
                "id": 2
            },
            {
                "time": 77.954463,
                "endTime": 86.04375457882668,
                "type": "measuring",
                "id": 3
            },
            {
                "time": 120.659774,
                "endTime": 130.66879823359068,
                "type": "measuring",
                "id": 4
            },
            {
                "time": 140.210132,
                "endTime": 152.2163516024783,
                "type": "measuring",
                "id": 5
            },
            {
                "time": 168.274794,
                "endTime": 187.06329903178317,
                "type": "measuring",
                "id": 6
            },
            {
                "time": 199.753937,
                "endTime": 215.49788749687679,
                "type": "cutting",
                "id": 7
            },
            {
                "time": 230.377355,
                "endTime": 235.87451517787485,
                "type": "cutting",
                "id": 8
            },
            {
                "time": 244.836404,
                "endTime": 265.31962736388886,
                "type": "measuring",
                "id": 9
            }
        ],
        "_starts": [
            "2019-09-16T16:23:55.000Z"
        ],
        "_ends": [
            "2019-09-16T16:27:12.104Z",
            "2019-09-16T16:27:38.280Z",
            "2019-09-16T16:27:40.354Z"
        ]
    },
    "labels_file": "/home/ubuntu/vat/data/user-studies/studyE/drywall-red/olive5.labels.json",
    "videoFlash": 7.957784,
    "surveys": {
        "user-info": {
            "firstname": "Aarohi",
            "lastname": "Bhatt",
            "email": "aarohibhatt2002@gmail.com"
        },
        "practice-first": {
            "question1": "4",
            "question2": "ok",
            "question3": "50",
            "question4": "4"
        },
        "practice-second": {},
        "practice-third": {},
        "practice-survey": {},
        "drywall-blue": {
            "question1": "2",
            "question2": "2",
            "question3": "40",
            "question4": "60"
        },
        "drywall-red": {
            "question1": "3",
            "question2": "3",
            "question3": "30",
            "question4": "50"
        }
    },
    "logs": {
        "labelEvents": [
            {
                "time": "2019-09-16T16:24:52.030Z",
                "type": "START",
                "source": "side-bar:button",
                "_t": "10:24:52",
                "_end": "-",
                "data": {
                    "type": "measuring",
                    "time": 39.092921
                }
            },
            {
                "time": "2019-09-16T16:24:54.902Z",
                "type": "END",
                "source": "data:click:h_pos",
                "_t": "10:24:54",
                "_end": "-",
                "data": {
                    "lbl": {
                        "time": 38.50652752712449,
                        "endTime": 43.942340947775655,
                        "type": "measuring",
                        "id": 1
                    }
                }
            },
            {
                "time": "2019-09-16T16:24:55.937Z",
                "type": "SELECT",
                "source": "data:click",
                "_t": "10:24:55",
                "_end": "-",
                "data": {
                    "time": 38.50652752712449,
                    "endTime": 43.942340947775655,
                    "type": "measuring",
                    "id": 1
                }
            },
            {
                "time": {
                    "start": "2019-09-16T16:24:56.830Z",
                    "end": "2019-09-16T16:24:57.146Z"
                },
                "type": "MOVE",
                "source": "data:brush",
                "_t": "10:24:56",
                "_end": "10:24:57",
                "data": {
                    "brushing": true,
                    "origin": [
                        39.092921,
                        44.095355217411765
                    ],
                    "start": "2019-09-16T16:24:56.830Z",
                    "ε": 0.1,
                    "mode": "move"
                }
            },
            {
                "time": "2019-09-16T16:24:57.823Z",
                "type": "DESELECT",
                "source": "data:click",
                "_t": "10:24:57",
                "_end": "-",
                "data": {
                    "time": 38.93990673036389,
                    "endTime": 43.94234094777565,
                    "type": "measuring",
                    "id": 1
                }
            },
            {
                "time": "2019-09-16T16:25:06.854Z",
                "type": "SELECT",
                "source": "data:click",
                "_t": "10:25:06",
                "_end": "-",
                "data": {
                    "time": 38.50652752712449,
                    "endTime": 43.942340947775655,
                    "type": "measuring",
                    "id": 1
                }
            },
            {
                "time": {
                    "start": "2019-09-16T16:25:07.517Z",
                    "end": "2019-09-16T16:25:08.323Z"
                },
                "type": "RESIZE",
                "source": "data:brush",
                "_t": "10:25:07",
                "_end": "10:25:08",
                "data": {
                    "brushing": true,
                    "origin": [
                        38.93990673036389,
                        43.94234094777565
                    ],
                    "_brushside": 0,
                    "start": "2019-09-16T16:25:07.517Z",
                    "ε": 0.1,
                    "mode": "resize"
                }
            },
            {
                "time": "2019-09-16T16:25:10.666Z",
                "type": "DESELECT",
                "source": "side-bar:button",
                "_t": "10:25:10",
                "_end": "-",
                "data": {
                    "time": 38.50652752712449,
                    "endTime": 43.942340947775655,
                    "type": "measuring",
                    "id": 1
                }
            },
            {
                "time": "2019-09-16T16:25:30.531Z",
                "type": "START",
                "source": "side-bar:button",
                "_t": "10:25:30",
                "_end": "-",
                "data": {
                    "type": "measuring",
                    "time": 58.069582
                }
            },
            {
                "time": "2019-09-16T16:25:32.673Z",
                "type": "END",
                "source": "data:click:h_pos",
                "_t": "10:25:32",
                "_end": "-",
                "data": {
                    "lbl": {
                        "time": 58.805016963216616,
                        "endTime": 67.522084321343,
                        "type": "measuring",
                        "id": 2
                    }
                }
            },
            {
                "time": "2019-09-16T16:25:33.310Z",
                "type": "SELECT",
                "source": "data:click",
                "_t": "10:25:33",
                "_end": "-",
                "data": {
                    "time": 58.805016963216616,
                    "endTime": 67.522084321343,
                    "type": "measuring",
                    "id": 2
                }
            },
            {
                "time": {
                    "start": "2019-09-16T16:25:34.305Z",
                    "end": "2019-09-16T16:25:35.669Z"
                },
                "type": "RESIZE",
                "source": "data:brush",
                "_t": "10:25:34",
                "_end": "10:25:35",
                "data": {
                    "brushing": true,
                    "origin": [
                        58.069582,
                        67.522084321343
                    ],
                    "_brushside": 0,
                    "start": "2019-09-16T16:25:34.305Z",
                    "ε": 0.1,
                    "mode": "resize"
                }
            },
            {
                "time": "2019-09-16T16:25:36.955Z",
                "type": "DESELECT",
                "source": "side-bar:button",
                "_t": "10:25:36",
                "_end": "-",
                "data": {
                    "time": 58.805016963216616,
                    "endTime": 67.522084321343,
                    "type": "measuring",
                    "id": 2
                }
            },
            {
                "time": "2019-09-16T16:26:04.146Z",
                "type": "START",
                "source": "side-bar:button",
                "_t": "10:26:04",
                "_end": "-",
                "data": {
                    "type": "measuring",
                    "time": 77.954463
                }
            },
            {
                "time": "2019-09-16T16:26:08.027Z",
                "type": "END",
                "source": "data:click:h_pos",
                "_t": "10:26:08",
                "_end": "-",
                "data": {
                    "lbl": {
                        "time": 77.954463,
                        "endTime": 86.04375457882668,
                        "type": "measuring",
                        "id": 3
                    }
                }
            },
            {
                "time": "2019-09-16T16:26:16.331Z",
                "type": "START",
                "source": "side-bar:button",
                "_t": "10:26:16",
                "_end": "-",
                "data": {
                    "type": "measuring",
                    "time": 120.659774
                }
            },
            {
                "time": "2019-09-16T16:26:18.863Z",
                "type": "END",
                "source": "data:click:h_pos",
                "_t": "10:26:18",
                "_end": "-",
                "data": {
                    "lbl": {
                        "time": 120.659774,
                        "endTime": 130.66879823359068,
                        "type": "measuring",
                        "id": 4
                    }
                }
            },
            {
                "time": "2019-09-16T16:26:22.535Z",
                "type": "START",
                "source": "side-bar:button",
                "_t": "10:26:22",
                "_end": "-",
                "data": {
                    "type": "measuring",
                    "time": 140.210132
                }
            },
            {
                "time": "2019-09-16T16:26:24.999Z",
                "type": "END",
                "source": "data:click:h_pos",
                "_t": "10:26:24",
                "_end": "-",
                "data": {
                    "lbl": {
                        "time": 140.210132,
                        "endTime": 152.2163516024783,
                        "type": "measuring",
                        "id": 5
                    }
                }
            },
            {
                "time": "2019-09-16T16:26:38.899Z",
                "type": "START",
                "source": "side-bar:button",
                "_t": "10:26:38",
                "_end": "-",
                "data": {
                    "type": "measuring",
                    "time": 168.274794
                }
            },
            {
                "time": "2019-09-16T16:26:41.456Z",
                "type": "END",
                "source": "data:click:h_pos",
                "_t": "10:26:41",
                "_end": "-",
                "data": {
                    "lbl": {
                        "time": 168.274794,
                        "endTime": 187.06329903178317,
                        "type": "measuring",
                        "id": 6
                    }
                }
            },
            {
                "time": "2019-09-16T16:26:44.472Z",
                "type": "START",
                "source": "side-bar:button",
                "_t": "10:26:44",
                "_end": "-",
                "data": {
                    "type": "cutting",
                    "time": 199.753937
                }
            },
            {
                "time": "2019-09-16T16:26:47.377Z",
                "type": "END",
                "source": "data:click:h_pos",
                "_t": "10:26:47",
                "_end": "-",
                "data": {
                    "lbl": {
                        "time": 199.753937,
                        "endTime": 215.49788749687679,
                        "type": "cutting",
                        "id": 7
                    }
                }
            },
            {
                "time": "2019-09-16T16:26:51.696Z",
                "type": "START",
                "source": "side-bar:button",
                "_t": "10:26:51",
                "_end": "-",
                "data": {
                    "type": "cutting",
                    "time": 230.377355
                }
            },
            {
                "time": "2019-09-16T16:26:53.279Z",
                "type": "END",
                "source": "data:click:h_pos",
                "_t": "10:26:53",
                "_end": "-",
                "data": {
                    "lbl": {
                        "time": 230.377355,
                        "endTime": 235.87451517787485,
                        "type": "cutting",
                        "id": 8
                    }
                }
            },
            {
                "time": "2019-09-16T16:26:55.909Z",
                "type": "START",
                "source": "side-bar:button",
                "_t": "10:26:55",
                "_end": "-",
                "data": {
                    "type": "measuring",
                    "time": 244.836404
                }
            },
            {
                "time": "2019-09-16T16:26:57.456Z",
                "type": "END",
                "source": "data:click:h_pos",
                "_t": "10:26:57",
                "_end": "-",
                "data": {
                    "lbl": {
                        "time": 244.836404,
                        "endTime": 265.31962736388886,
                        "type": "measuring",
                        "id": 9
                    }
                }
            }
        ],
        "navigationEvents": [
            {
                "time": {
                    "start": "2019-09-16T16:24:19.540Z",
                    "end": "2019-09-16T16:24:19.608Z"
                },
                "type": "SCRUB",
                "source": "video:drag",
                "_t": "10:24:19",
                "_end": "10:24:19",
                "data": {
                    "to": 47.681493,
                    "from": 10.043384
                }
            },
            {
                "time": {
                    "start": "2019-09-16T16:24:21.245Z",
                    "end": "2019-09-16T16:24:21.314Z"
                },
                "type": "SCRUB",
                "source": "video:drag",
                "_t": "10:24:21",
                "_end": "10:24:21",
                "data": {
                    "to": 119.848077,
                    "from": 48.29293
                }
            },
            {
                "time": {
                    "start": "2019-09-16T16:24:21.926Z",
                    "end": "2019-09-16T16:24:22.024Z"
                },
                "type": "SCRUB",
                "source": "video:drag",
                "_t": "10:24:21",
                "_end": "10:24:22",
                "data": {
                    "to": 192.014661,
                    "from": 119.848077
                }
            },
            {
                "time": {
                    "start": "2019-09-16T16:23:55.782Z",
                    "end": "2019-09-16T16:24:40.488Z"
                },
                "type": "SCRUB",
                "source": "data:drag",
                "_t": "10:23:55",
                "_end": "10:24:40",
                "data": {
                    "time": 166.679596
                }
            },
            {
                "time": {
                    "start": "2019-09-16T16:23:55.782Z",
                    "end": "2019-09-16T16:24:41.467Z"
                },
                "type": "SCRUB",
                "source": "data:drag",
                "_t": "10:23:55",
                "_end": "10:24:41",
                "data": {
                    "time": 136.316981
                }
            },
            {
                "time": {
                    "start": "2019-09-16T16:23:55.782Z",
                    "end": "2019-09-16T16:24:42.384Z"
                },
                "type": "SCRUB",
                "source": "data:drag",
                "_t": "10:23:55",
                "_end": "10:24:42",
                "data": {
                    "time": 104.831904
                }
            },
            {
                "time": {
                    "start": "2019-09-16T16:23:55.782Z",
                    "end": "2019-09-16T16:24:45.060Z"
                },
                "type": "SCRUB",
                "source": "data:drag",
                "_t": "10:23:55",
                "_end": "10:24:45",
                "data": {
                    "time": 54.282818
                }
            },
            {
                "time": {
                    "start": "2019-09-16T16:23:55.782Z",
                    "end": "2019-09-16T16:24:46.485Z"
                },
                "type": "SCRUB",
                "source": "data:drag",
                "_t": "10:23:55",
                "_end": "10:24:46",
                "data": {
                    "time": 34.161736
                }
            },
            {
                "time": {
                    "start": "2019-09-16T16:23:55.782Z",
                    "end": "2019-09-16T16:24:50.967Z"
                },
                "type": "SCRUB",
                "source": "data:drag",
                "_t": "10:23:55",
                "_end": "10:24:50",
                "data": {
                    "time": 38.107123
                }
            },
            {
                "time": {
                    "start": "2019-09-16T16:23:55.782Z",
                    "end": "2019-09-16T16:24:54.900Z"
                },
                "type": "SCRUB",
                "source": "data:drag",
                "_t": "10:23:55",
                "_end": "10:24:54",
                "data": {
                    "time": 41.959348
                }
            },
            {
                "time": {
                    "start": "2019-09-16T16:23:55.782Z",
                    "end": "2019-09-16T16:24:55.934Z"
                },
                "type": "SCRUB",
                "source": "data:drag",
                "_t": "10:23:55",
                "_end": "10:24:55",
                "data": {
                    "time": 42.993754
                }
            },
            {
                "time": {
                    "start": "2019-09-16T16:23:55.782Z",
                    "end": "2019-09-16T16:24:57.152Z"
                },
                "type": "SCRUB",
                "source": "data:drag",
                "_t": "10:23:55",
                "_end": "10:24:57",
                "data": {
                    "time": 44.221056
                }
            },
            {
                "time": {
                    "start": "2019-09-16T16:23:55.782Z",
                    "end": "2019-09-16T16:24:57.823Z"
                },
                "type": "SCRUB",
                "source": "data:drag",
                "_t": "10:23:55",
                "_end": "10:24:57",
                "data": {
                    "time": 44.890287
                }
            },
            {
                "time": "2019-09-16T16:24:59.191Z",
                "type": "PLAY",
                "source": "hotkey",
                "_t": "10:24:59",
                "_end": "-",
                "data": {
                    "key": "space"
                }
            },
            {
                "time": "2019-09-16T16:25:05.122Z",
                "type": "PAUSE",
                "source": "video:button",
                "_t": "10:25:05",
                "_end": "-"
            },
            {
                "time": {
                    "start": "2019-09-16T16:23:55.782Z",
                    "end": "2019-09-16T16:25:06.465Z"
                },
                "type": "SCRUB",
                "source": "data:drag",
                "_t": "10:23:55",
                "_end": "10:25:06",
                "data": {
                    "time": 52.181791
                }
            },
            {
                "time": {
                    "start": "2019-09-16T16:23:55.782Z",
                    "end": "2019-09-16T16:25:06.852Z"
                },
                "type": "SCRUB",
                "source": "data:drag",
                "_t": "10:23:55",
                "_end": "10:25:06",
                "data": {
                    "time": 52.181791
                }
            },
            {
                "time": {
                    "start": "2019-09-16T16:23:55.782Z",
                    "end": "2019-09-16T16:25:08.342Z"
                },
                "type": "SCRUB",
                "source": "data:drag",
                "_t": "10:23:55",
                "_end": "10:25:08",
                "data": {
                    "time": 52.181791
                }
            },
            {
                "time": "2019-09-16T16:25:08.739Z",
                "type": "PLAY",
                "source": "hotkey",
                "_t": "10:25:08",
                "_end": "-",
                "data": {
                    "key": "space"
                }
            },
            {
                "time": "2019-09-16T16:25:11.112Z",
                "type": "PLAY",
                "source": "hotkey",
                "_t": "10:25:11",
                "_end": "-",
                "data": {
                    "key": "space"
                }
            },
            {
                "time": {
                    "start": "2019-09-16T16:23:55.782Z",
                    "end": "2019-09-16T16:25:12.124Z"
                },
                "type": "SCRUB",
                "source": "data:drag",
                "_t": "10:23:55",
                "_end": "10:25:12",
                "data": {
                    "time": 52.181791
                }
            },
            {
                "time": "2019-09-16T16:25:14.263Z",
                "type": "PLAY",
                "source": "video:button",
                "_t": "10:25:14",
                "_end": "-"
            },
            {
                "time": {
                    "start": "2019-09-16T16:23:55.782Z",
                    "end": "2019-09-16T16:25:15.486Z"
                },
                "type": "SCRUB",
                "source": "data:drag",
                "_t": "10:23:55",
                "_end": "10:25:15",
                "data": {
                    "time": 62.892683
                }
            },
            {
                "time": {
                    "start": "2019-09-16T16:23:55.782Z",
                    "end": "2019-09-16T16:25:16.440Z"
                },
                "type": "SCRUB",
                "source": "data:drag",
                "_t": "10:23:55",
                "_end": "10:25:16",
                "data": {
                    "time": 75.713484
                }
            },
            {
                "time": {
                    "start": "2019-09-16T16:23:55.782Z",
                    "end": "2019-09-16T16:25:18.789Z"
                },
                "type": "SCRUB",
                "source": "data:drag",
                "_t": "10:23:55",
                "_end": "10:25:18",
                "data": {
                    "time": 64.059282
                }
            },
            {
                "time": {
                    "start": "2019-09-16T16:23:55.782Z",
                    "end": "2019-09-16T16:25:21.356Z"
                },
                "type": "SCRUB",
                "source": "data:drag",
                "_t": "10:23:55",
                "_end": "10:25:21",
                "data": {
                    "time": 0
                }
            },
            {
                "time": {
                    "start": "2019-09-16T16:23:55.782Z",
                    "end": "2019-09-16T16:25:24.350Z"
                },
                "type": "SCRUB",
                "source": "data:drag",
                "_t": "10:23:55",
                "_end": "10:25:24",
                "data": {
                    "time": 101.523473
                }
            },
            {
                "time": {
                    "start": "2019-09-16T16:23:55.782Z",
                    "end": "2019-09-16T16:25:25.427Z"
                },
                "type": "SCRUB",
                "source": "data:drag",
                "_t": "10:23:55",
                "_end": "10:25:25",
                "data": {
                    "time": 48.725232
                }
            },
            {
                "time": {
                    "start": "2019-09-16T16:23:55.782Z",
                    "end": "2019-09-16T16:25:29.007Z"
                },
                "type": "SCRUB",
                "source": "data:drag",
                "_t": "10:23:55",
                "_end": "10:25:29",
                "data": {
                    "time": 58.069582
                }
            },
            {
                "time": {
                    "start": "2019-09-16T16:23:55.782Z",
                    "end": "2019-09-16T16:25:32.671Z"
                },
                "type": "SCRUB",
                "source": "data:drag",
                "_t": "10:23:55",
                "_end": "10:25:32",
                "data": {
                    "time": 58.069582
                }
            },
            {
                "time": {
                    "start": "2019-09-16T16:23:55.782Z",
                    "end": "2019-09-16T16:25:33.307Z"
                },
                "type": "SCRUB",
                "source": "data:drag",
                "_t": "10:23:55",
                "_end": "10:25:33",
                "data": {
                    "time": 58.069582
                }
            },
            {
                "time": {
                    "start": "2019-09-16T16:23:55.782Z",
                    "end": "2019-09-16T16:25:35.685Z"
                },
                "type": "SCRUB",
                "source": "data:drag",
                "_t": "10:23:55",
                "_end": "10:25:35",
                "data": {
                    "time": 58.069582
                }
            },
            {
                "time": {
                    "start": "2019-09-16T16:23:55.782Z",
                    "end": "2019-09-16T16:25:39.398Z"
                },
                "type": "SCRUB",
                "source": "data:drag",
                "_t": "10:23:55",
                "_end": "10:25:39",
                "data": {
                    "time": 72.518715
                }
            },
            {
                "time": {
                    "start": "2019-09-16T16:23:55.782Z",
                    "end": "2019-09-16T16:25:42.405Z"
                },
                "type": "SCRUB",
                "source": "data:drag",
                "_t": "10:23:55",
                "_end": "10:25:42",
                "data": {
                    "time": 75.749522
                }
            },
            {
                "time": {
                    "start": "2019-09-16T16:23:55.782Z",
                    "end": "2019-09-16T16:25:43.326Z"
                },
                "type": "SCRUB",
                "source": "data:drag",
                "_t": "10:23:55",
                "_end": "10:25:43",
                "data": {
                    "time": 85.151151
                }
            },
            {
                "time": {
                    "start": "2019-09-16T16:23:55.782Z",
                    "end": "2019-09-16T16:25:43.967Z"
                },
                "type": "SCRUB",
                "source": "data:drag",
                "_t": "10:23:55",
                "_end": "10:25:43",
                "data": {
                    "time": 99.773328
                }
            },
            {
                "time": {
                    "start": "2019-09-16T16:23:55.782Z",
                    "end": "2019-09-16T16:25:44.748Z"
                },
                "type": "SCRUB",
                "source": "data:drag",
                "_t": "10:23:55",
                "_end": "10:25:44",
                "data": {
                    "time": 119.661669
                }
            },
            {
                "time": {
                    "start": "2019-09-16T16:23:55.782Z",
                    "end": "2019-09-16T16:25:45.457Z"
                },
                "type": "SCRUB",
                "source": "data:drag",
                "_t": "10:23:55",
                "_end": "10:25:45",
                "data": {
                    "time": 145.445153
                }
            },
            {
                "time": {
                    "start": "2019-09-16T16:23:55.782Z",
                    "end": "2019-09-16T16:25:46.316Z"
                },
                "type": "SCRUB",
                "source": "data:drag",
                "_t": "10:23:55",
                "_end": "10:25:46",
                "data": {
                    "time": 116.157537
                }
            },
            {
                "time": "2019-09-16T16:25:52.391Z",
                "type": "PLAY",
                "source": "hotkey",
                "_t": "10:25:52",
                "_end": "-",
                "data": {
                    "key": "space"
                }
            },
            {
                "time": {
                    "start": "2019-09-16T16:23:55.782Z",
                    "end": "2019-09-16T16:25:53.715Z"
                },
                "type": "SCRUB",
                "source": "data:drag",
                "_t": "10:23:55",
                "_end": "10:25:53",
                "data": {
                    "time": 115.143042
                }
            },
            {
                "time": {
                    "start": "2019-09-16T16:23:55.782Z",
                    "end": "2019-09-16T16:25:54.827Z"
                },
                "type": "SCRUB",
                "source": "data:drag",
                "_t": "10:23:55",
                "_end": "10:25:54",
                "data": {
                    "time": 116.258721
                }
            },
            {
                "time": {
                    "start": "2019-09-16T16:23:55.782Z",
                    "end": "2019-09-16T16:25:58.457Z"
                },
                "type": "SCRUB",
                "source": "data:drag",
                "_t": "10:23:55",
                "_end": "10:25:58",
                "data": {
                    "time": 102.652186
                }
            },
            {
                "time": {
                    "start": "2019-09-16T16:23:55.782Z",
                    "end": "2019-09-16T16:26:00.731Z"
                },
                "type": "SCRUB",
                "source": "data:drag",
                "_t": "10:23:55",
                "_end": "10:26:00",
                "data": {
                    "time": 86.386095
                }
            },
            {
                "time": {
                    "start": "2019-09-16T16:23:55.782Z",
                    "end": "2019-09-16T16:26:01.894Z"
                },
                "type": "SCRUB",
                "source": "data:drag",
                "_t": "10:23:55",
                "_end": "10:26:01",
                "data": {
                    "time": 75.784746
                }
            },
            {
                "time": {
                    "start": "2019-09-16T16:23:55.782Z",
                    "end": "2019-09-16T16:26:06.733Z"
                },
                "type": "SCRUB",
                "source": "data:drag",
                "_t": "10:23:55",
                "_end": "10:26:06",
                "data": {
                    "time": 80.534913
                }
            },
            {
                "time": {
                    "start": "2019-09-16T16:23:55.782Z",
                    "end": "2019-09-16T16:26:08.026Z"
                },
                "type": "SCRUB",
                "source": "data:drag",
                "_t": "10:23:55",
                "_end": "10:26:08",
                "data": {
                    "time": 81.829283
                }
            },
            {
                "time": {
                    "start": "2019-09-16T16:23:55.782Z",
                    "end": "2019-09-16T16:26:12.279Z"
                },
                "type": "SCRUB",
                "source": "data:drag",
                "_t": "10:23:55",
                "_end": "10:26:12",
                "data": {
                    "time": 102.221134
                }
            },
            {
                "time": {
                    "start": "2019-09-16T16:23:55.782Z",
                    "end": "2019-09-16T16:26:13.654Z"
                },
                "type": "SCRUB",
                "source": "data:drag",
                "_t": "10:23:55",
                "_end": "10:26:13",
                "data": {
                    "time": 115.430334
                }
            },
            {
                "time": {
                    "start": "2019-09-16T16:23:55.782Z",
                    "end": "2019-09-16T16:26:15.196Z"
                },
                "type": "SCRUB",
                "source": "data:drag",
                "_t": "10:23:55",
                "_end": "10:26:15",
                "data": {
                    "time": 119.584189
                }
            },
            {
                "time": {
                    "start": "2019-09-16T16:23:55.782Z",
                    "end": "2019-09-16T16:26:18.860Z"
                },
                "type": "SCRUB",
                "source": "data:drag",
                "_t": "10:23:55",
                "_end": "10:26:18",
                "data": {
                    "time": 123.197231
                }
            },
            {
                "time": {
                    "start": "2019-09-16T16:23:55.782Z",
                    "end": "2019-09-16T16:26:20.494Z"
                },
                "type": "SCRUB",
                "source": "data:drag",
                "_t": "10:23:55",
                "_end": "10:26:20",
                "data": {
                    "time": 142.803731
                }
            },
            {
                "time": {
                    "start": "2019-09-16T16:23:55.782Z",
                    "end": "2019-09-16T16:26:21.422Z"
                },
                "type": "SCRUB",
                "source": "data:drag",
                "_t": "10:23:55",
                "_end": "10:26:21",
                "data": {
                    "time": 139.34286
                }
            },
            {
                "time": {
                    "start": "2019-09-16T16:23:55.782Z",
                    "end": "2019-09-16T16:26:24.996Z"
                },
                "type": "SCRUB",
                "source": "data:drag",
                "_t": "10:23:55",
                "_end": "10:26:24",
                "data": {
                    "time": 142.663234
                }
            },
            {
                "time": {
                    "start": "2019-09-16T16:23:55.782Z",
                    "end": "2019-09-16T16:26:26.767Z"
                },
                "type": "SCRUB",
                "source": "data:drag",
                "_t": "10:23:55",
                "_end": "10:26:26",
                "data": {
                    "time": 163.09952
                }
            },
            {
                "time": {
                    "start": "2019-09-16T16:23:55.782Z",
                    "end": "2019-09-16T16:26:30.116Z"
                },
                "type": "SCRUB",
                "source": "data:drag",
                "_t": "10:23:55",
                "_end": "10:26:30",
                "data": {
                    "time": 166.117566
                }
            },
            {
                "time": {
                    "start": "2019-09-16T16:23:55.782Z",
                    "end": "2019-09-16T16:26:32.485Z"
                },
                "type": "SCRUB",
                "source": "data:drag",
                "_t": "10:23:55",
                "_end": "10:26:32",
                "data": {
                    "time": 187.140594
                }
            },
            {
                "time": {
                    "start": "2019-09-16T16:23:55.782Z",
                    "end": "2019-09-16T16:26:33.120Z"
                },
                "type": "SCRUB",
                "source": "data:drag",
                "_t": "10:23:55",
                "_end": "10:26:33",
                "data": {
                    "time": 203.66625
                }
            },
            {
                "time": {
                    "start": "2019-09-16T16:23:55.782Z",
                    "end": "2019-09-16T16:26:33.760Z"
                },
                "type": "SCRUB",
                "source": "data:drag",
                "_t": "10:23:55",
                "_end": "10:26:33",
                "data": {
                    "time": 225.772559
                }
            },
            {
                "time": {
                    "start": "2019-09-16T16:23:55.782Z",
                    "end": "2019-09-16T16:26:34.963Z"
                },
                "type": "SCRUB",
                "source": "data:drag",
                "_t": "10:23:55",
                "_end": "10:26:34",
                "data": {
                    "time": 221.619514
                }
            },
            {
                "time": {
                    "start": "2019-09-16T16:23:55.782Z",
                    "end": "2019-09-16T16:26:35.777Z"
                },
                "type": "SCRUB",
                "source": "data:drag",
                "_t": "10:23:55",
                "_end": "10:26:35",
                "data": {
                    "time": 201.200378
                }
            },
            {
                "time": {
                    "start": "2019-09-16T16:23:55.782Z",
                    "end": "2019-09-16T16:26:36.549Z"
                },
                "type": "SCRUB",
                "source": "data:drag",
                "_t": "10:23:55",
                "_end": "10:26:36",
                "data": {
                    "time": 185.038468
                }
            },
            {
                "time": {
                    "start": "2019-09-16T16:23:55.782Z",
                    "end": "2019-09-16T16:26:37.819Z"
                },
                "type": "SCRUB",
                "source": "data:drag",
                "_t": "10:23:55",
                "_end": "10:26:37",
                "data": {
                    "time": 167.249331
                }
            },
            {
                "time": {
                    "start": "2019-09-16T16:23:55.782Z",
                    "end": "2019-09-16T16:26:41.453Z"
                },
                "type": "SCRUB",
                "source": "data:drag",
                "_t": "10:23:55",
                "_end": "10:26:41",
                "data": {
                    "time": 170.824669
                }
            },
            {
                "time": {
                    "start": "2019-09-16T16:23:55.782Z",
                    "end": "2019-09-16T16:26:42.572Z"
                },
                "type": "SCRUB",
                "source": "data:drag",
                "_t": "10:23:55",
                "_end": "10:26:42",
                "data": {
                    "time": 204.191186
                }
            },
            {
                "time": {
                    "start": "2019-09-16T16:23:55.782Z",
                    "end": "2019-09-16T16:26:43.507Z"
                },
                "type": "SCRUB",
                "source": "data:drag",
                "_t": "10:23:55",
                "_end": "10:26:43",
                "data": {
                    "time": 199.086402
                }
            },
            {
                "time": {
                    "start": "2019-09-16T16:23:55.782Z",
                    "end": "2019-09-16T16:26:47.374Z"
                },
                "type": "SCRUB",
                "source": "data:drag",
                "_t": "10:23:55",
                "_end": "10:26:47",
                "data": {
                    "time": 202.656374
                }
            },
            {
                "time": {
                    "start": "2019-09-16T16:23:55.782Z",
                    "end": "2019-09-16T16:26:48.526Z"
                },
                "type": "SCRUB",
                "source": "data:drag",
                "_t": "10:23:55",
                "_end": "10:26:48",
                "data": {
                    "time": 224.923408
                }
            },
            {
                "time": {
                    "start": "2019-09-16T16:23:55.782Z",
                    "end": "2019-09-16T16:26:50.354Z"
                },
                "type": "SCRUB",
                "source": "data:drag",
                "_t": "10:23:55",
                "_end": "10:26:50",
                "data": {
                    "time": 229.119713
                }
            },
            {
                "time": {
                    "start": "2019-09-16T16:23:55.782Z",
                    "end": "2019-09-16T16:26:53.276Z"
                },
                "type": "SCRUB",
                "source": "data:drag",
                "_t": "10:23:55",
                "_end": "10:26:53",
                "data": {
                    "time": 231.958159
                }
            },
            {
                "time": {
                    "start": "2019-09-16T16:23:55.782Z",
                    "end": "2019-09-16T16:26:54.912Z"
                },
                "type": "SCRUB",
                "source": "data:drag",
                "_t": "10:23:55",
                "_end": "10:26:54",
                "data": {
                    "time": 244.220396
                }
            },
            {
                "time": {
                    "start": "2019-09-16T16:23:55.782Z",
                    "end": "2019-09-16T16:26:57.453Z"
                },
                "type": "SCRUB",
                "source": "data:drag",
                "_t": "10:23:55",
                "_end": "10:26:57",
                "data": {
                    "time": 246.383648
                }
            },
            {
                "time": {
                    "start": "2019-09-16T16:23:55.782Z",
                    "end": "2019-09-16T16:26:58.335Z"
                },
                "type": "SCRUB",
                "source": "data:drag",
                "_t": "10:23:55",
                "_end": "10:26:58",
                "data": {
                    "time": 285.248646
                }
            },
            {
                "time": {
                    "start": "2019-09-16T16:23:55.782Z",
                    "end": "2019-09-16T16:26:58.993Z"
                },
                "type": "SCRUB",
                "source": "data:drag",
                "_t": "10:23:55",
                "_end": "10:26:58",
                "data": {
                    "time": 307.657781
                }
            },
            {
                "time": {
                    "start": "2019-09-16T16:23:55.782Z",
                    "end": "2019-09-16T16:27:00.079Z"
                },
                "type": "SCRUB",
                "source": "data:drag",
                "_t": "10:23:55",
                "_end": "10:27:00",
                "data": {
                    "time": 322.157097
                }
            },
            {
                "time": {
                    "start": "2019-09-16T16:27:02.994Z",
                    "end": "2019-09-16T16:27:03.048Z"
                },
                "type": "SCRUB",
                "source": "video:drag",
                "_t": "10:27:02",
                "_end": "10:27:03",
                "data": {
                    "to": 444.597706,
                    "from": 324.654158
                }
            },
            {
                "time": {
                    "start": "2019-09-16T16:27:05.141Z",
                    "end": "2019-09-16T16:27:05.179Z"
                },
                "type": "SCRUB",
                "source": "video:drag",
                "_t": "10:27:05",
                "_end": "10:27:05",
                "data": {
                    "to": 746.150932,
                    "from": 446.176798
                }
            },
            {
                "time": {
                    "start": "2019-09-16T16:27:06.567Z",
                    "end": "2019-09-16T16:27:06.618Z"
                },
                "type": "SCRUB",
                "source": "video:drag",
                "_t": "10:27:06",
                "_end": "10:27:06",
                "data": {
                    "to": 987.135776,
                    "from": 746.767534
                }
            },
            {
                "time": {
                    "start": "2019-09-16T16:27:07.488Z",
                    "end": "2019-09-16T16:27:07.537Z"
                },
                "type": "SCRUB",
                "source": "video:drag",
                "_t": "10:27:07",
                "_end": "10:27:07",
                "data": {
                    "to": 1077.344006,
                    "from": 987.467117
                }
            },
            {
                "time": {
                    "start": "2019-09-16T16:23:55.782Z",
                    "end": "2019-09-16T16:27:11.097Z"
                },
                "type": "SCRUB",
                "source": "data:drag",
                "_t": "10:23:55",
                "_end": "10:27:11",
                "data": {
                    "time": 1080.666681
                }
            }
        ]
    }
}