[{"time":66.45949,"endTime":78.075407,"type":"measuring","id":1},{"time":85.306657,"endTime":92.492699,"type":"measuring","id":2},{"time":111.121324,"endTime":121.10749,"type":"measuring","id":3},{"time":130.181323,"endTime":144.222156,"type":"measuring","id":4},{"time":150.428906,"endTime":169.258571,"type":"measuring","id":5},{"time":190.365238,"endTime":198.280696,"type":"measuring","id":6},{"time":294.316525,"endTime":296.44265,"type":"cutting","id":7},{"time":350.12546,"endTime":351.83371,"type":"cutting","id":8},{"time":353.342231,"endTime":355.016293,"type":"cutting","id":9},{"time":358.478814,"endTime":359.824501,"type":"cutting","id":10},{"time":428.715893,"endTime":440.373205,"type":"measuring","id":11}]