{
    "user_id": "Orange 4",
    "session_id": "5d154da781249f67dd06aaad",
    "study": "studyE",
    "workspace": "drywall.drywall-red",
    "details": {
        "workspace": "drywall.drywall-red",
        "labels": [
            {
                "time": 818.293828,
                "endTime": 818.302378,
                "type": "cutting",
                "id": 1
            },
            {
                "time": 818.770401,
                "endTime": 935.3452968780488,
                "type": "cutting",
                "id": 2
            },
            {
                "time": 1098.478247,
                "endTime": 1181.377531,
                "type": "measuring",
                "id": 3
            }
        ],
        "_starts": [
            "2019-06-27T23:26:24.000Z"
        ],
        "_ends": [
            "2019-06-27T23:29:38.119Z",
            "2019-06-27T23:29:55.660Z"
        ]
    },
    "labels_file": "/home/ubuntu/vat/data/user-studies/studyE/drywall-red/Orange 4.labels.json",
    "videoFlash": 7.957784,
    "surveys": {
        "user-info": {
            "firstname": "Matthew",
            "lastname": "Porritt",
            "email": "mporr99@gmail.com"
        },
        "practice-first": {
            "question1": "4",
            "question2": "ok",
            "question3": "100",
            "question4": "4"
        },
        "practice-second": {},
        "practice-third": {},
        "practice-survey": {},
        "drywall-blue": {
            "question1": "4",
            "question2": "5",
            "question3": "40",
            "question4": "50"
        },
        "drywall-red": {
            "question1": "1",
            "question2": "1",
            "question3": "0",
            "question4": "0"
        }
    },
    "logs": {
        "labelEvents": [
            {
                "time": "2019-06-27T23:28:12.198Z",
                "type": "START",
                "source": "hotkey",
                "_t": "17:28:12",
                "_end": "-",
                "data": {
                    "type": "cutting",
                    "time": 818.302378
                }
            },
            {
                "time": "2019-06-27T23:28:17.633Z",
                "type": "START",
                "source": "hotkey",
                "_t": "17:28:17",
                "_end": "-",
                "data": {
                    "type": "cutting",
                    "time": 818.293828
                }
            },
            {
                "time": "2019-06-27T23:28:19.380Z",
                "type": "END",
                "source": "data:click:h_pos",
                "_t": "17:28:19",
                "_end": "-",
                "data": {
                    "lbl": {
                        "time": 818.293828,
                        "endTime": 819.900531,
                        "type": "cutting",
                        "id": 2
                    }
                }
            },
            {
                "time": "2019-06-27T23:28:23.154Z",
                "type": "SELECT",
                "source": "data:click",
                "_t": "17:28:23",
                "_end": "-",
                "data": {
                    "time": 818.293828,
                    "endTime": 819.900531,
                    "type": "cutting",
                    "id": 2
                }
            },
            {
                "time": "2019-06-27T23:28:24.311Z",
                "type": "DELETE",
                "source": "side-bar:button",
                "_t": "17:28:24",
                "_end": "-",
                "data": {
                    "id": 2,
                    "idx": 1
                }
            },
            {
                "time": "2019-06-27T23:28:28.767Z",
                "type": "START",
                "source": "hotkey",
                "_t": "17:28:28",
                "_end": "-",
                "data": {
                    "type": "cutting",
                    "time": 818.770401
                }
            },
            {
                "time": "2019-06-27T23:28:39.872Z",
                "type": "END",
                "source": "hotkey:h_pos",
                "_t": "17:28:39",
                "_end": "-",
                "data": {
                    "lbl": {
                        "time": 818.770401,
                        "endTime": 935.3452968780488,
                        "type": "cutting",
                        "id": 2
                    },
                    "key": "enter"
                }
            },
            {
                "time": "2019-06-27T23:29:08.640Z",
                "type": "START",
                "source": "hotkey",
                "_t": "17:29:08",
                "_end": "-",
                "data": {
                    "type": "measuring",
                    "time": 1098.478247
                }
            },
            {
                "time": "2019-06-27T23:29:21.359Z",
                "type": "END",
                "source": "hotkey:ctb",
                "_t": "17:29:21",
                "_end": "-",
                "data": {
                    "lbl": {
                        "time": 1098.478247,
                        "endTime": 1181.377531,
                        "type": "measuring",
                        "id": 3
                    },
                    "key": "enter"
                }
            }
        ],
        "navigationEvents": [
            {
                "time": "2019-06-27T23:26:44.020Z",
                "type": "SKIP",
                "source": "hotkey",
                "_t": "17:26:44",
                "_end": "-",
                "data": {
                    "t": 11.755092,
                    "Δt": 5,
                    "key": "right"
                }
            },
            {
                "time": "2019-06-27T23:26:45.278Z",
                "type": "SKIP",
                "source": "hotkey",
                "_t": "17:26:45",
                "_end": "-",
                "data": {
                    "t": 17.83602,
                    "Δt": 5,
                    "key": "right"
                }
            },
            {
                "time": "2019-06-27T23:26:45.791Z",
                "type": "SKIP",
                "source": "hotkey",
                "_t": "17:26:45",
                "_end": "-",
                "data": {
                    "t": 23.150756,
                    "Δt": 5,
                    "key": "right"
                }
            },
            {
                "time": "2019-06-27T23:26:46.467Z",
                "type": "SKIP",
                "source": "hotkey",
                "_t": "17:26:46",
                "_end": "-",
                "data": {
                    "t": 28.382811,
                    "Δt": 5,
                    "key": "right"
                }
            },
            {
                "time": "2019-06-27T23:26:46.952Z",
                "type": "SKIP",
                "source": "hotkey",
                "_t": "17:26:46",
                "_end": "-",
                "data": {
                    "t": 33.41478,
                    "Δt": 5,
                    "key": "right"
                }
            },
            {
                "time": "2019-06-27T23:26:47.488Z",
                "type": "SKIP",
                "source": "hotkey",
                "_t": "17:26:47",
                "_end": "-",
                "data": {
                    "t": 38.41478,
                    "Δt": 5,
                    "key": "right"
                }
            },
            {
                "time": "2019-06-27T23:26:47.938Z",
                "type": "SKIP",
                "source": "hotkey",
                "_t": "17:26:47",
                "_end": "-",
                "data": {
                    "t": 43.41478,
                    "Δt": 5,
                    "key": "right"
                }
            },
            {
                "time": "2019-06-27T23:26:48.291Z",
                "type": "SKIP",
                "source": "hotkey",
                "_t": "17:26:48",
                "_end": "-",
                "data": {
                    "t": 48.41478,
                    "Δt": 5,
                    "key": "right"
                }
            },
            {
                "time": "2019-06-27T23:26:48.463Z",
                "type": "SKIP",
                "source": "hotkey",
                "_t": "17:26:48",
                "_end": "-",
                "data": {
                    "t": 53.41478,
                    "Δt": 5,
                    "key": "right"
                }
            },
            {
                "time": "2019-06-27T23:26:48.639Z",
                "type": "SKIP",
                "source": "hotkey",
                "_t": "17:26:48",
                "_end": "-",
                "data": {
                    "t": 58.41478,
                    "Δt": 5,
                    "key": "right"
                }
            },
            {
                "time": "2019-06-27T23:26:49.503Z",
                "type": "SKIP",
                "source": "hotkey",
                "_t": "17:26:49",
                "_end": "-",
                "data": {
                    "t": 63.821537,
                    "Δt": 5,
                    "key": "right"
                }
            },
            {
                "time": "2019-06-27T23:26:50.303Z",
                "type": "SKIP",
                "source": "hotkey",
                "_t": "17:26:50",
                "_end": "-",
                "data": {
                    "t": 69.375858,
                    "Δt": 5,
                    "key": "right"
                }
            },
            {
                "time": "2019-06-27T23:26:50.815Z",
                "type": "SKIP",
                "source": "hotkey",
                "_t": "17:26:50",
                "_end": "-",
                "data": {
                    "t": 74.675065,
                    "Δt": 5,
                    "key": "right"
                }
            },
            {
                "time": "2019-06-27T23:26:51.575Z",
                "type": "SKIP",
                "source": "hotkey",
                "_t": "17:26:51",
                "_end": "-",
                "data": {
                    "t": 79.904814,
                    "Δt": 5,
                    "key": "right"
                }
            },
            {
                "time": "2019-06-27T23:26:52.528Z",
                "type": "SKIP",
                "source": "hotkey",
                "_t": "17:26:52",
                "_end": "-",
                "data": {
                    "t": 85.221087,
                    "Δt": 5,
                    "key": "right"
                }
            },
            {
                "time": "2019-06-27T23:26:53.213Z",
                "type": "SKIP",
                "source": "hotkey",
                "_t": "17:26:53",
                "_end": "-",
                "data": {
                    "t": 90.221087,
                    "Δt": 5,
                    "key": "right"
                }
            },
            {
                "time": "2019-06-27T23:26:54.175Z",
                "type": "SKIP",
                "source": "hotkey",
                "_t": "17:26:54",
                "_end": "-",
                "data": {
                    "t": 95.545761,
                    "Δt": 5,
                    "key": "right"
                }
            },
            {
                "time": "2019-06-27T23:26:55.109Z",
                "type": "SKIP",
                "source": "hotkey",
                "_t": "17:26:55",
                "_end": "-",
                "data": {
                    "t": 101.036618,
                    "Δt": 5,
                    "key": "right"
                }
            },
            {
                "time": "2019-06-27T23:26:55.711Z",
                "type": "SKIP",
                "source": "hotkey",
                "_t": "17:26:55",
                "_end": "-",
                "data": {
                    "t": 106.172531,
                    "Δt": 5,
                    "key": "right"
                }
            },
            {
                "time": "2019-06-27T23:26:56.478Z",
                "type": "SKIP",
                "source": "hotkey",
                "_t": "17:26:56",
                "_end": "-",
                "data": {
                    "t": 111.427081,
                    "Δt": 5,
                    "key": "right"
                }
            },
            {
                "time": "2019-06-27T23:26:57.294Z",
                "type": "SKIP",
                "source": "hotkey",
                "_t": "17:26:57",
                "_end": "-",
                "data": {
                    "t": 117.037002,
                    "Δt": 5,
                    "key": "right"
                }
            },
            {
                "time": "2019-06-27T23:26:58.128Z",
                "type": "SKIP",
                "source": "hotkey",
                "_t": "17:26:58",
                "_end": "-",
                "data": {
                    "t": 122.611738,
                    "Δt": 5,
                    "key": "right"
                }
            },
            {
                "time": "2019-06-27T23:27:01.637Z",
                "type": "SKIP",
                "source": "hotkey",
                "_t": "17:27:01",
                "_end": "-",
                "data": {
                    "t": 130.846627,
                    "Δt": 5,
                    "key": "right"
                }
            },
            {
                "time": "2019-06-27T23:27:02.397Z",
                "type": "SKIP",
                "source": "hotkey",
                "_t": "17:27:02",
                "_end": "-",
                "data": {
                    "t": 136.144038,
                    "Δt": 5,
                    "key": "right"
                }
            },
            {
                "time": "2019-06-27T23:27:03.146Z",
                "type": "SKIP",
                "source": "hotkey",
                "_t": "17:27:03",
                "_end": "-",
                "data": {
                    "t": 141.637446,
                    "Δt": 5,
                    "key": "right"
                }
            },
            {
                "time": "2019-06-27T23:27:03.710Z",
                "type": "SKIP",
                "source": "hotkey",
                "_t": "17:27:03",
                "_end": "-",
                "data": {
                    "t": 147.019762,
                    "Δt": 5,
                    "key": "right"
                }
            },
            {
                "time": "2019-06-27T23:27:04.335Z",
                "type": "SKIP",
                "source": "hotkey",
                "_t": "17:27:04",
                "_end": "-",
                "data": {
                    "t": 152.37834,
                    "Δt": 5,
                    "key": "right"
                }
            },
            {
                "time": "2019-06-27T23:27:04.973Z",
                "type": "SKIP",
                "source": "hotkey",
                "_t": "17:27:04",
                "_end": "-",
                "data": {
                    "t": 157.37834,
                    "Δt": 5,
                    "key": "right"
                }
            },
            {
                "time": "2019-06-27T23:27:05.873Z",
                "type": "SKIP",
                "source": "hotkey",
                "_t": "17:27:05",
                "_end": "-",
                "data": {
                    "t": 162.604228,
                    "Δt": 5,
                    "key": "right"
                }
            },
            {
                "time": "2019-06-27T23:27:06.446Z",
                "type": "SKIP",
                "source": "hotkey",
                "_t": "17:27:06",
                "_end": "-",
                "data": {
                    "t": 168.004093,
                    "Δt": 5,
                    "key": "right"
                }
            },
            {
                "time": "2019-06-27T23:27:07.182Z",
                "type": "SKIP",
                "source": "hotkey",
                "_t": "17:27:07",
                "_end": "-",
                "data": {
                    "t": 173.471931,
                    "Δt": 5,
                    "key": "right"
                }
            },
            {
                "time": "2019-06-27T23:27:07.881Z",
                "type": "SKIP",
                "source": "hotkey",
                "_t": "17:27:07",
                "_end": "-",
                "data": {
                    "t": 178.476551,
                    "Δt": 5,
                    "key": "right"
                }
            },
            {
                "time": "2019-06-27T23:27:08.478Z",
                "type": "SKIP",
                "source": "hotkey",
                "_t": "17:27:08",
                "_end": "-",
                "data": {
                    "t": 183.535944,
                    "Δt": 5,
                    "key": "right"
                }
            },
            {
                "time": "2019-06-27T23:27:09.229Z",
                "type": "SKIP",
                "source": "hotkey",
                "_t": "17:27:09",
                "_end": "-",
                "data": {
                    "t": 188.868516,
                    "Δt": 5,
                    "key": "right"
                }
            },
            {
                "time": "2019-06-27T23:27:09.919Z",
                "type": "SKIP",
                "source": "hotkey",
                "_t": "17:27:09",
                "_end": "-",
                "data": {
                    "t": 194.396554,
                    "Δt": 5,
                    "key": "right"
                }
            },
            {
                "time": "2019-06-27T23:27:10.667Z",
                "type": "SKIP",
                "source": "hotkey",
                "_t": "17:27:10",
                "_end": "-",
                "data": {
                    "t": 199.632014,
                    "Δt": 5,
                    "key": "right"
                }
            },
            {
                "time": "2019-06-27T23:27:18.319Z",
                "type": "SKIP",
                "source": "hotkey",
                "_t": "17:27:18",
                "_end": "-",
                "data": {
                    "t": 10.617521,
                    "Δt": 5,
                    "key": "right"
                }
            },
            {
                "time": "2019-06-27T23:27:19.007Z",
                "type": "SKIP",
                "source": "hotkey",
                "_t": "17:27:19",
                "_end": "-",
                "data": {
                    "t": 16.177382,
                    "Δt": 5,
                    "key": "right"
                }
            },
            {
                "time": "2019-06-27T23:27:19.791Z",
                "type": "SKIP",
                "source": "hotkey",
                "_t": "17:27:19",
                "_end": "-",
                "data": {
                    "t": 21.827861,
                    "Δt": 5,
                    "key": "right"
                }
            },
            {
                "time": "2019-06-27T23:27:26.221Z",
                "type": "SKIP",
                "source": "hotkey",
                "_t": "17:27:26",
                "_end": "-",
                "data": {
                    "t": 33.044025,
                    "Δt": 5,
                    "key": "right"
                }
            },
            {
                "time": "2019-06-27T23:27:26.688Z",
                "type": "SKIP",
                "source": "hotkey",
                "_t": "17:27:26",
                "_end": "-",
                "data": {
                    "t": 38.319986,
                    "Δt": 5,
                    "key": "right"
                }
            },
            {
                "time": "2019-06-27T23:27:27.648Z",
                "type": "SKIP",
                "source": "hotkey",
                "_t": "17:27:27",
                "_end": "-",
                "data": {
                    "t": 43.72214,
                    "Δt": 5,
                    "key": "right"
                }
            },
            {
                "time": "2019-06-27T23:27:34.174Z",
                "type": "SKIP",
                "source": "hotkey",
                "_t": "17:27:34",
                "_end": "-",
                "data": {
                    "t": 54.747643,
                    "Δt": 5,
                    "key": "right"
                }
            },
            {
                "time": "2019-06-27T23:27:34.719Z",
                "type": "SKIP",
                "source": "hotkey",
                "_t": "17:27:34",
                "_end": "-",
                "data": {
                    "t": 60.065958,
                    "Δt": 5,
                    "key": "right"
                }
            },
            {
                "time": "2019-06-27T23:27:35.163Z",
                "type": "SKIP",
                "source": "hotkey",
                "_t": "17:27:35",
                "_end": "-",
                "data": {
                    "t": 65.300975,
                    "Δt": 5,
                    "key": "right"
                }
            },
            {
                "time": "2019-06-27T23:27:35.405Z",
                "type": "SKIP",
                "source": "hotkey",
                "_t": "17:27:35",
                "_end": "-",
                "data": {
                    "t": 70.300975,
                    "Δt": 5,
                    "key": "right"
                }
            },
            {
                "time": "2019-06-27T23:27:35.662Z",
                "type": "SKIP",
                "source": "hotkey",
                "_t": "17:27:35",
                "_end": "-",
                "data": {
                    "t": 75.300975,
                    "Δt": 5,
                    "key": "right"
                }
            },
            {
                "time": {
                    "start": "2019-06-27T23:27:37.576Z",
                    "end": "2019-06-27T23:27:37.641Z"
                },
                "type": "SCRUB",
                "source": "video:drag",
                "_t": "17:27:37",
                "_end": "17:27:37",
                "data": {
                    "to": 136.601034,
                    "from": 81.69521
                }
            },
            {
                "time": {
                    "start": "2019-06-27T23:27:38.383Z",
                    "end": "2019-06-27T23:27:38.434Z"
                },
                "type": "SCRUB",
                "source": "video:drag",
                "_t": "17:27:38",
                "_end": "17:27:38",
                "data": {
                    "to": 194.592039,
                    "from": 136.872961
                }
            },
            {
                "time": {
                    "start": "2019-06-27T23:27:38.968Z",
                    "end": "2019-06-27T23:27:39.021Z"
                },
                "type": "SCRUB",
                "source": "video:drag",
                "_t": "17:27:38",
                "_end": "17:27:39",
                "data": {
                    "to": 229.386642,
                    "from": 194.594287
                }
            },
            {
                "time": {
                    "start": "2019-06-27T23:27:39.625Z",
                    "end": "2019-06-27T23:27:39.701Z"
                },
                "type": "SCRUB",
                "source": "video:drag",
                "_t": "17:27:39",
                "_end": "17:27:39",
                "data": {
                    "to": 256.449111,
                    "from": 229.486198
                }
            },
            {
                "time": {
                    "start": "2019-06-27T23:27:40.233Z",
                    "end": "2019-06-27T23:27:40.311Z"
                },
                "type": "SCRUB",
                "source": "video:drag",
                "_t": "17:27:40",
                "_end": "17:27:40",
                "data": {
                    "to": 313.151427,
                    "from": 256.477624
                }
            },
            {
                "time": {
                    "start": "2019-06-27T23:27:41.005Z",
                    "end": "2019-06-27T23:27:41.057Z"
                },
                "type": "SCRUB",
                "source": "video:drag",
                "_t": "17:27:41",
                "_end": "17:27:41",
                "data": {
                    "to": 345.368652,
                    "from": 313.399289
                }
            },
            {
                "time": {
                    "start": "2019-06-27T23:27:41.842Z",
                    "end": "2019-06-27T23:27:41.912Z"
                },
                "type": "SCRUB",
                "source": "video:drag",
                "_t": "17:27:41",
                "_end": "17:27:41",
                "data": {
                    "to": 368.565054,
                    "from": 345.658562
                }
            },
            {
                "time": {
                    "start": "2019-06-27T23:27:42.432Z",
                    "end": "2019-06-27T23:27:42.505Z"
                },
                "type": "SCRUB",
                "source": "video:drag",
                "_t": "17:27:42",
                "_end": "17:27:42",
                "data": {
                    "to": 412.380481,
                    "from": 368.567939
                }
            },
            {
                "time": {
                    "start": "2019-06-27T23:27:42.932Z",
                    "end": "2019-06-27T23:27:43.005Z"
                },
                "type": "SCRUB",
                "source": "video:drag",
                "_t": "17:27:42",
                "_end": "17:27:43",
                "data": {
                    "to": 456.195907,
                    "from": 412.380481
                }
            },
            {
                "time": {
                    "start": "2019-06-27T23:27:43.729Z",
                    "end": "2019-06-27T23:27:43.730Z"
                },
                "type": "SCRUB",
                "source": "video:drag",
                "_t": "17:27:43",
                "_end": "17:27:43",
                "data": {
                    "to": 479.392309,
                    "from": 456.427907
                }
            },
            {
                "time": {
                    "start": "2019-06-27T23:27:44.200Z",
                    "end": "2019-06-27T23:27:44.259Z"
                },
                "type": "SCRUB",
                "source": "video:drag",
                "_t": "17:27:44",
                "_end": "17:27:44",
                "data": {
                    "to": 497.433955,
                    "from": 479.392309
                }
            },
            {
                "time": {
                    "start": "2019-06-27T23:27:44.697Z",
                    "end": "2019-06-27T23:27:44.750Z"
                },
                "type": "SCRUB",
                "source": "video:drag",
                "_t": "17:27:44",
                "_end": "17:27:44",
                "data": {
                    "to": 528.362491,
                    "from": 497.433955
                }
            },
            {
                "time": {
                    "start": "2019-06-27T23:27:45.434Z",
                    "end": "2019-06-27T23:27:45.434Z"
                },
                "type": "SCRUB",
                "source": "video:drag",
                "_t": "17:27:45",
                "_end": "17:27:45",
                "data": {
                    "to": 561.868405,
                    "from": 528.604362
                }
            },
            {
                "time": {
                    "start": "2019-06-27T23:27:45.874Z",
                    "end": "2019-06-27T23:27:45.938Z"
                },
                "type": "SCRUB",
                "source": "video:drag",
                "_t": "17:27:45",
                "_end": "17:27:45",
                "data": {
                    "to": 578.621362,
                    "from": 561.868405
                }
            },
            {
                "time": {
                    "start": "2019-06-27T23:27:46.393Z",
                    "end": "2019-06-27T23:27:46.457Z"
                },
                "type": "SCRUB",
                "source": "video:drag",
                "_t": "17:27:46",
                "_end": "17:27:46",
                "data": {
                    "to": 587.642185,
                    "from": 578.621362
                }
            },
            {
                "time": {
                    "start": "2019-06-27T23:27:46.914Z",
                    "end": "2019-06-27T23:27:46.970Z"
                },
                "type": "SCRUB",
                "source": "video:drag",
                "_t": "17:27:46",
                "_end": "17:27:46",
                "data": {
                    "to": 603.106453,
                    "from": 587.645977
                }
            },
            {
                "time": {
                    "start": "2019-06-27T23:27:47.505Z",
                    "end": "2019-06-27T23:27:47.582Z"
                },
                "type": "SCRUB",
                "source": "video:drag",
                "_t": "17:27:47",
                "_end": "17:27:47",
                "data": {
                    "to": 641.767123,
                    "from": 603.256758
                }
            },
            {
                "time": {
                    "start": "2019-06-27T23:27:48.074Z",
                    "end": "2019-06-27T23:27:48.151Z"
                },
                "type": "SCRUB",
                "source": "video:drag",
                "_t": "17:27:48",
                "_end": "17:27:48",
                "data": {
                    "to": 673.984348,
                    "from": 641.767123
                }
            },
            {
                "time": {
                    "start": "2019-06-27T23:27:48.688Z",
                    "end": "2019-06-27T23:27:48.791Z"
                },
                "type": "SCRUB",
                "source": "video:drag",
                "_t": "17:27:48",
                "_end": "17:27:48",
                "data": {
                    "to": 707.490262,
                    "from": 673.984348
                }
            },
            {
                "time": {
                    "start": "2019-06-27T23:27:49.236Z",
                    "end": "2019-06-27T23:27:49.307Z"
                },
                "type": "SCRUB",
                "source": "video:drag",
                "_t": "17:27:49",
                "_end": "17:27:49",
                "data": {
                    "to": 750.017,
                    "from": 707.490262
                }
            },
            {
                "time": {
                    "start": "2019-06-27T23:27:50.512Z",
                    "end": "2019-06-27T23:27:50.575Z"
                },
                "type": "SCRUB",
                "source": "video:drag",
                "_t": "17:27:50",
                "_end": "17:27:50",
                "data": {
                    "to": 783.522914,
                    "from": 750.827592
                }
            },
            {
                "time": {
                    "start": "2019-06-27T23:27:51.979Z",
                    "end": "2019-06-27T23:27:52.037Z"
                },
                "type": "SCRUB",
                "source": "video:drag",
                "_t": "17:27:51",
                "_end": "17:27:52",
                "data": {
                    "to": 804.141938,
                    "from": 784.551037
                }
            },
            {
                "time": {
                    "start": "2019-06-27T23:27:54.506Z",
                    "end": "2019-06-27T23:27:54.579Z"
                },
                "type": "SCRUB",
                "source": "video:drag",
                "_t": "17:27:54",
                "_end": "17:27:54",
                "data": {
                    "to": 833.781785,
                    "from": 806.530725
                }
            },
            {
                "time": {
                    "start": "2019-06-27T23:27:55.177Z",
                    "end": "2019-06-27T23:27:55.253Z"
                },
                "type": "SCRUB",
                "source": "video:drag",
                "_t": "17:27:55",
                "_end": "17:27:55",
                "data": {
                    "to": 850.534742,
                    "from": 834.173543
                }
            },
            {
                "time": {
                    "start": "2019-06-27T23:28:01.730Z",
                    "end": "2019-06-27T23:28:01.805Z"
                },
                "type": "SCRUB",
                "source": "video:drag",
                "_t": "17:28:01",
                "_end": "17:28:01",
                "data": {
                    "to": 836.359163,
                    "from": 856.926256
                }
            },
            {
                "time": {
                    "start": "2019-06-27T23:28:06.129Z",
                    "end": "2019-06-27T23:28:06.194Z"
                },
                "type": "SCRUB",
                "source": "video:drag",
                "_t": "17:28:06",
                "_end": "17:28:06",
                "data": {
                    "to": 759.037823,
                    "from": 839.967062
                }
            },
            {
                "time": {
                    "start": "2019-06-27T23:28:08.161Z",
                    "end": "2019-06-27T23:28:08.247Z"
                },
                "type": "SCRUB",
                "source": "video:drag",
                "_t": "17:28:08",
                "_end": "17:28:08",
                "data": {
                    "to": 773.213402,
                    "from": 760.693028
                }
            },
            {
                "time": {
                    "start": "2019-06-27T23:28:09.078Z",
                    "end": "2019-06-27T23:28:09.158Z"
                },
                "type": "SCRUB",
                "source": "video:drag",
                "_t": "17:28:09",
                "_end": "17:28:09",
                "data": {
                    "to": 775.79078,
                    "from": 773.920141
                }
            },
            {
                "time": {
                    "start": "2019-06-27T23:28:09.809Z",
                    "end": "2019-06-27T23:28:09.887Z"
                },
                "type": "SCRUB",
                "source": "video:drag",
                "_t": "17:28:09",
                "_end": "17:28:09",
                "data": {
                    "to": 809.296694,
                    "from": 776.346801
                }
            },
            {
                "time": {
                    "start": "2019-06-27T23:28:10.779Z",
                    "end": "2019-06-27T23:28:10.827Z"
                },
                "type": "SCRUB",
                "source": "video:drag",
                "_t": "17:28:10",
                "_end": "17:28:10",
                "data": {
                    "to": 817.028828,
                    "from": 809.785384
                }
            },
            {
                "time": "2019-06-27T23:28:14.191Z",
                "type": "SKIP",
                "source": "hotkey",
                "_t": "17:28:14",
                "_end": "-",
                "data": {
                    "t": 820.298018,
                    "Δt": 5,
                    "key": "right"
                }
            },
            {
                "time": "2019-06-27T23:28:15.049Z",
                "type": "SKIP",
                "source": "hotkey",
                "_t": "17:28:15",
                "_end": "-",
                "data": {
                    "t": 826.007729,
                    "Δt": -5,
                    "key": "left"
                }
            },
            {
                "time": "2019-06-27T23:28:16.208Z",
                "type": "SKIP",
                "source": "hotkey",
                "_t": "17:28:16",
                "_end": "-",
                "data": {
                    "t": 821.992955,
                    "Δt": -5,
                    "key": "left"
                }
            },
            {
                "time": {
                    "start": "2019-06-27T23:26:24.078Z",
                    "end": "2019-06-27T23:28:19.376Z"
                },
                "type": "SCRUB",
                "source": "data:drag",
                "_t": "17:26:24",
                "_end": "17:28:19",
                "data": {
                    "time": 820.035018
                }
            },
            {
                "time": "2019-06-27T23:28:22.129Z",
                "type": "PAUSE",
                "source": "video:button",
                "_t": "17:28:22",
                "_end": "-"
            },
            {
                "time": {
                    "start": "2019-06-27T23:26:24.078Z",
                    "end": "2019-06-27T23:28:23.151Z"
                },
                "type": "SCRUB",
                "source": "data:drag",
                "_t": "17:26:24",
                "_end": "17:28:23",
                "data": {
                    "time": 822.787412
                }
            },
            {
                "time": "2019-06-27T23:28:25.408Z",
                "type": "SKIP",
                "source": "hotkey",
                "_t": "17:28:25",
                "_end": "-",
                "data": {
                    "t": 822.787412,
                    "Δt": -1,
                    "key": "left"
                }
            },
            {
                "time": "2019-06-27T23:28:25.808Z",
                "type": "SKIP",
                "source": "hotkey",
                "_t": "17:28:25",
                "_end": "-",
                "data": {
                    "t": 821.787412,
                    "Δt": -1,
                    "key": "left"
                }
            },
            {
                "time": "2019-06-27T23:28:26.400Z",
                "type": "SKIP",
                "source": "hotkey",
                "_t": "17:28:26",
                "_end": "-",
                "data": {
                    "t": 820.787412,
                    "Δt": -1,
                    "key": "left"
                }
            },
            {
                "time": "2019-06-27T23:28:26.592Z",
                "type": "SKIP",
                "source": "hotkey",
                "_t": "17:28:26",
                "_end": "-",
                "data": {
                    "t": 819.787412,
                    "Δt": -1,
                    "key": "left"
                }
            },
            {
                "time": "2019-06-27T23:28:27.119Z",
                "type": "SKIP",
                "source": "hotkey",
                "_t": "17:28:27",
                "_end": "-",
                "data": {
                    "t": 818.787412,
                    "Δt": -1,
                    "key": "left"
                }
            },
            {
                "time": "2019-06-27T23:28:27.697Z",
                "type": "PLAY",
                "source": "hotkey",
                "_t": "17:28:27",
                "_end": "-",
                "data": {
                    "key": "space"
                }
            },
            {
                "time": "2019-06-27T23:28:32.007Z",
                "type": "SKIP",
                "source": "hotkey",
                "_t": "17:28:32",
                "_end": "-",
                "data": {
                    "t": 822.011724,
                    "Δt": 5,
                    "key": "right"
                }
            },
            {
                "time": "2019-06-27T23:28:32.447Z",
                "type": "SKIP",
                "source": "hotkey",
                "_t": "17:28:32",
                "_end": "-",
                "data": {
                    "t": 827.266695,
                    "Δt": 5,
                    "key": "right"
                }
            },
            {
                "time": "2019-06-27T23:28:32.827Z",
                "type": "SKIP",
                "source": "hotkey",
                "_t": "17:28:32",
                "_end": "-",
                "data": {
                    "t": 832.509037,
                    "Δt": 5,
                    "key": "right"
                }
            },
            {
                "time": "2019-06-27T23:28:33.503Z",
                "type": "SKIP",
                "source": "hotkey",
                "_t": "17:28:33",
                "_end": "-",
                "data": {
                    "t": 838.052692,
                    "Δt": 5,
                    "key": "right"
                }
            },
            {
                "time": "2019-06-27T23:28:34.272Z",
                "type": "SKIP",
                "source": "hotkey",
                "_t": "17:28:34",
                "_end": "-",
                "data": {
                    "t": 843.715962,
                    "Δt": -5,
                    "key": "left"
                }
            },
            {
                "time": "2019-06-27T23:28:34.593Z",
                "type": "SKIP",
                "source": "hotkey",
                "_t": "17:28:34",
                "_end": "-",
                "data": {
                    "t": 838.862005,
                    "Δt": -5,
                    "key": "left"
                }
            },
            {
                "time": "2019-06-27T23:28:34.848Z",
                "type": "SKIP",
                "source": "hotkey",
                "_t": "17:28:34",
                "_end": "-",
                "data": {
                    "t": 833.891322,
                    "Δt": -5,
                    "key": "left"
                }
            },
            {
                "time": "2019-06-27T23:28:35.088Z",
                "type": "SKIP",
                "source": "hotkey",
                "_t": "17:28:35",
                "_end": "-",
                "data": {
                    "t": 828.981801,
                    "Δt": -5,
                    "key": "left"
                }
            },
            {
                "time": "2019-06-27T23:28:35.295Z",
                "type": "SKIP",
                "source": "hotkey",
                "_t": "17:28:35",
                "_end": "-",
                "data": {
                    "t": 824.000837,
                    "Δt": -5,
                    "key": "left"
                }
            },
            {
                "time": "2019-06-27T23:28:42.388Z",
                "type": "SKIP",
                "source": "hotkey",
                "_t": "17:28:42",
                "_end": "-",
                "data": {
                    "t": 825.989474,
                    "Δt": 5,
                    "key": "right"
                }
            },
            {
                "time": "2019-06-27T23:28:42.736Z",
                "type": "SKIP",
                "source": "hotkey",
                "_t": "17:28:42",
                "_end": "-",
                "data": {
                    "t": 831.150631,
                    "Δt": 5,
                    "key": "right"
                }
            },
            {
                "time": "2019-06-27T23:28:42.960Z",
                "type": "SKIP",
                "source": "hotkey",
                "_t": "17:28:42",
                "_end": "-",
                "data": {
                    "t": 836.164734,
                    "Δt": 5,
                    "key": "right"
                }
            },
            {
                "time": "2019-06-27T23:28:43.135Z",
                "type": "SKIP",
                "source": "hotkey",
                "_t": "17:28:43",
                "_end": "-",
                "data": {
                    "t": 841.176521,
                    "Δt": 5,
                    "key": "right"
                }
            },
            {
                "time": "2019-06-27T23:28:43.280Z",
                "type": "SKIP",
                "source": "hotkey",
                "_t": "17:28:43",
                "_end": "-",
                "data": {
                    "t": 846.209087,
                    "Δt": 5,
                    "key": "right"
                }
            },
            {
                "time": "2019-06-27T23:28:43.441Z",
                "type": "SKIP",
                "source": "hotkey",
                "_t": "17:28:43",
                "_end": "-",
                "data": {
                    "t": 851.222428,
                    "Δt": 5,
                    "key": "right"
                }
            },
            {
                "time": "2019-06-27T23:28:43.615Z",
                "type": "SKIP",
                "source": "hotkey",
                "_t": "17:28:43",
                "_end": "-",
                "data": {
                    "t": 856.241982,
                    "Δt": 5,
                    "key": "right"
                }
            },
            {
                "time": "2019-06-27T23:28:43.776Z",
                "type": "SKIP",
                "source": "hotkey",
                "_t": "17:28:43",
                "_end": "-",
                "data": {
                    "t": 861.241982,
                    "Δt": 5,
                    "key": "right"
                }
            },
            {
                "time": "2019-06-27T23:28:43.934Z",
                "type": "SKIP",
                "source": "hotkey",
                "_t": "17:28:43",
                "_end": "-",
                "data": {
                    "t": 866.241982,
                    "Δt": 5,
                    "key": "right"
                }
            },
            {
                "time": "2019-06-27T23:28:44.099Z",
                "type": "SKIP",
                "source": "hotkey",
                "_t": "17:28:44",
                "_end": "-",
                "data": {
                    "t": 871.241982,
                    "Δt": 5,
                    "key": "right"
                }
            },
            {
                "time": "2019-06-27T23:28:44.289Z",
                "type": "SKIP",
                "source": "hotkey",
                "_t": "17:28:44",
                "_end": "-",
                "data": {
                    "t": 876.25101,
                    "Δt": 5,
                    "key": "right"
                }
            },
            {
                "time": "2019-06-27T23:28:44.384Z",
                "type": "SKIP",
                "source": "hotkey",
                "_t": "17:28:44",
                "_end": "-",
                "data": {
                    "t": 881.25101,
                    "Δt": 5,
                    "key": "right"
                }
            },
            {
                "time": "2019-06-27T23:28:44.545Z",
                "type": "SKIP",
                "source": "hotkey",
                "_t": "17:28:44",
                "_end": "-",
                "data": {
                    "t": 886.25101,
                    "Δt": 5,
                    "key": "right"
                }
            },
            {
                "time": "2019-06-27T23:28:44.752Z",
                "type": "SKIP",
                "source": "hotkey",
                "_t": "17:28:44",
                "_end": "-",
                "data": {
                    "t": 891.25101,
                    "Δt": 5,
                    "key": "right"
                }
            },
            {
                "time": "2019-06-27T23:28:44.929Z",
                "type": "SKIP",
                "source": "hotkey",
                "_t": "17:28:44",
                "_end": "-",
                "data": {
                    "t": 896.25101,
                    "Δt": 5,
                    "key": "right"
                }
            },
            {
                "time": "2019-06-27T23:28:45.664Z",
                "type": "SKIP",
                "source": "hotkey",
                "_t": "17:28:45",
                "_end": "-",
                "data": {
                    "t": 901.350676,
                    "Δt": 5,
                    "key": "right"
                }
            },
            {
                "time": "2019-06-27T23:28:46.127Z",
                "type": "SKIP",
                "source": "hotkey",
                "_t": "17:28:46",
                "_end": "-",
                "data": {
                    "t": 906.37017,
                    "Δt": 5,
                    "key": "right"
                }
            },
            {
                "time": "2019-06-27T23:28:50.991Z",
                "type": "SKIP",
                "source": "hotkey",
                "_t": "17:28:50",
                "_end": "-",
                "data": {
                    "t": 915.607623,
                    "Δt": 5,
                    "key": "right"
                }
            },
            {
                "time": "2019-06-27T23:28:52.464Z",
                "type": "SKIP",
                "source": "hotkey",
                "_t": "17:28:52",
                "_end": "-",
                "data": {
                    "t": 921.887286,
                    "Δt": 5,
                    "key": "right"
                }
            },
            {
                "time": "2019-06-27T23:28:52.916Z",
                "type": "SKIP",
                "source": "hotkey",
                "_t": "17:28:52",
                "_end": "-",
                "data": {
                    "t": 927.133405,
                    "Δt": 5,
                    "key": "right"
                }
            },
            {
                "time": "2019-06-27T23:28:53.103Z",
                "type": "SKIP",
                "source": "hotkey",
                "_t": "17:28:53",
                "_end": "-",
                "data": {
                    "t": 932.151513,
                    "Δt": 5,
                    "key": "right"
                }
            },
            {
                "time": "2019-06-27T23:28:53.375Z",
                "type": "SKIP",
                "source": "hotkey",
                "_t": "17:28:53",
                "_end": "-",
                "data": {
                    "t": 937.151513,
                    "Δt": 5,
                    "key": "right"
                }
            },
            {
                "time": "2019-06-27T23:28:53.554Z",
                "type": "SKIP",
                "source": "hotkey",
                "_t": "17:28:53",
                "_end": "-",
                "data": {
                    "t": 942.151513,
                    "Δt": 5,
                    "key": "right"
                }
            },
            {
                "time": "2019-06-27T23:28:53.792Z",
                "type": "SKIP",
                "source": "hotkey",
                "_t": "17:28:53",
                "_end": "-",
                "data": {
                    "t": 947.151513,
                    "Δt": 5,
                    "key": "right"
                }
            },
            {
                "time": "2019-06-27T23:28:53.968Z",
                "type": "SKIP",
                "source": "hotkey",
                "_t": "17:28:53",
                "_end": "-",
                "data": {
                    "t": 952.151513,
                    "Δt": 5,
                    "key": "right"
                }
            },
            {
                "time": "2019-06-27T23:28:54.176Z",
                "type": "SKIP",
                "source": "hotkey",
                "_t": "17:28:54",
                "_end": "-",
                "data": {
                    "t": 957.151513,
                    "Δt": 5,
                    "key": "right"
                }
            },
            {
                "time": "2019-06-27T23:28:54.400Z",
                "type": "SKIP",
                "source": "hotkey",
                "_t": "17:28:54",
                "_end": "-",
                "data": {
                    "t": 962.151513,
                    "Δt": 5,
                    "key": "right"
                }
            },
            {
                "time": "2019-06-27T23:28:54.846Z",
                "type": "SKIP",
                "source": "hotkey",
                "_t": "17:28:54",
                "_end": "-",
                "data": {
                    "t": 967.151513,
                    "Δt": 5,
                    "key": "right"
                }
            },
            {
                "time": "2019-06-27T23:28:55.730Z",
                "type": "SKIP",
                "source": "hotkey",
                "_t": "17:28:55",
                "_end": "-",
                "data": {
                    "t": 972.635027,
                    "Δt": 5,
                    "key": "right"
                }
            },
            {
                "time": "2019-06-27T23:28:56.272Z",
                "type": "SKIP",
                "source": "hotkey",
                "_t": "17:28:56",
                "_end": "-",
                "data": {
                    "t": 977.987115,
                    "Δt": 5,
                    "key": "right"
                }
            },
            {
                "time": "2019-06-27T23:28:56.496Z",
                "type": "SKIP",
                "source": "hotkey",
                "_t": "17:28:56",
                "_end": "-",
                "data": {
                    "t": 983.00846,
                    "Δt": 5,
                    "key": "right"
                }
            },
            {
                "time": "2019-06-27T23:28:56.768Z",
                "type": "SKIP",
                "source": "hotkey",
                "_t": "17:28:56",
                "_end": "-",
                "data": {
                    "t": 988.00846,
                    "Δt": 5,
                    "key": "right"
                }
            },
            {
                "time": "2019-06-27T23:28:57.074Z",
                "type": "SKIP",
                "source": "hotkey",
                "_t": "17:28:57",
                "_end": "-",
                "data": {
                    "t": 993.00846,
                    "Δt": 5,
                    "key": "right"
                }
            },
            {
                "time": "2019-06-27T23:28:57.344Z",
                "type": "SKIP",
                "source": "hotkey",
                "_t": "17:28:57",
                "_end": "-",
                "data": {
                    "t": 998.00846,
                    "Δt": 5,
                    "key": "right"
                }
            },
            {
                "time": "2019-06-27T23:28:58.032Z",
                "type": "SKIP",
                "source": "hotkey",
                "_t": "17:28:58",
                "_end": "-",
                "data": {
                    "t": 1003.260232,
                    "Δt": 5,
                    "key": "right"
                }
            },
            {
                "time": "2019-06-27T23:28:58.626Z",
                "type": "SKIP",
                "source": "hotkey",
                "_t": "17:28:58",
                "_end": "-",
                "data": {
                    "t": 1008.429077,
                    "Δt": 5,
                    "key": "right"
                }
            },
            {
                "time": "2019-06-27T23:28:59.103Z",
                "type": "SKIP",
                "source": "hotkey",
                "_t": "17:28:59",
                "_end": "-",
                "data": {
                    "t": 1013.704695,
                    "Δt": 5,
                    "key": "right"
                }
            },
            {
                "time": "2019-06-27T23:28:59.328Z",
                "type": "SKIP",
                "source": "hotkey",
                "_t": "17:28:59",
                "_end": "-",
                "data": {
                    "t": 1018.761292,
                    "Δt": 5,
                    "key": "right"
                }
            },
            {
                "time": "2019-06-27T23:28:59.535Z",
                "type": "SKIP",
                "source": "hotkey",
                "_t": "17:28:59",
                "_end": "-",
                "data": {
                    "t": 1023.761292,
                    "Δt": 5,
                    "key": "right"
                }
            },
            {
                "time": "2019-06-27T23:28:59.713Z",
                "type": "SKIP",
                "source": "hotkey",
                "_t": "17:28:59",
                "_end": "-",
                "data": {
                    "t": 1028.761292,
                    "Δt": 5,
                    "key": "right"
                }
            },
            {
                "time": "2019-06-27T23:28:59.968Z",
                "type": "SKIP",
                "source": "hotkey",
                "_t": "17:28:59",
                "_end": "-",
                "data": {
                    "t": 1033.761291,
                    "Δt": 5,
                    "key": "right"
                }
            },
            {
                "time": "2019-06-27T23:29:00.210Z",
                "type": "SKIP",
                "source": "hotkey",
                "_t": "17:29:00",
                "_end": "-",
                "data": {
                    "t": 1038.761291,
                    "Δt": 5,
                    "key": "right"
                }
            },
            {
                "time": "2019-06-27T23:29:00.432Z",
                "type": "SKIP",
                "source": "hotkey",
                "_t": "17:29:00",
                "_end": "-",
                "data": {
                    "t": 1043.761291,
                    "Δt": 5,
                    "key": "right"
                }
            },
            {
                "time": "2019-06-27T23:29:00.688Z",
                "type": "SKIP",
                "source": "hotkey",
                "_t": "17:29:00",
                "_end": "-",
                "data": {
                    "t": 1048.761291,
                    "Δt": 5,
                    "key": "right"
                }
            },
            {
                "time": "2019-06-27T23:29:00.896Z",
                "type": "SKIP",
                "source": "hotkey",
                "_t": "17:29:00",
                "_end": "-",
                "data": {
                    "t": 1053.761291,
                    "Δt": 5,
                    "key": "right"
                }
            },
            {
                "time": "2019-06-27T23:29:01.120Z",
                "type": "SKIP",
                "source": "hotkey",
                "_t": "17:29:01",
                "_end": "-",
                "data": {
                    "t": 1058.761291,
                    "Δt": 5,
                    "key": "right"
                }
            },
            {
                "time": "2019-06-27T23:29:01.680Z",
                "type": "SKIP",
                "source": "hotkey",
                "_t": "17:29:01",
                "_end": "-",
                "data": {
                    "t": 1063.854969,
                    "Δt": 5,
                    "key": "right"
                }
            },
            {
                "time": "2019-06-27T23:29:02.784Z",
                "type": "SKIP",
                "source": "hotkey",
                "_t": "17:29:02",
                "_end": "-",
                "data": {
                    "t": 1069.654482,
                    "Δt": 5,
                    "key": "right"
                }
            },
            {
                "time": "2019-06-27T23:29:04.704Z",
                "type": "SKIP",
                "source": "hotkey",
                "_t": "17:29:04",
                "_end": "-",
                "data": {
                    "t": 1076.279103,
                    "Δt": 5,
                    "key": "right"
                }
            },
            {
                "time": "2019-06-27T23:29:05.552Z",
                "type": "SKIP",
                "source": "hotkey",
                "_t": "17:29:05",
                "_end": "-",
                "data": {
                    "t": 1081.624986,
                    "Δt": 5,
                    "key": "right"
                }
            },
            {
                "time": "2019-06-27T23:29:06.579Z",
                "type": "SKIP",
                "source": "hotkey",
                "_t": "17:29:06",
                "_end": "-",
                "data": {
                    "t": 1087.112937,
                    "Δt": 5,
                    "key": "right"
                }
            },
            {
                "time": "2019-06-27T23:29:07.552Z",
                "type": "SKIP",
                "source": "hotkey",
                "_t": "17:29:07",
                "_end": "-",
                "data": {
                    "t": 1092.600752,
                    "Δt": 5,
                    "key": "right"
                }
            },
            {
                "time": "2019-06-27T23:29:11.377Z",
                "type": "SKIP",
                "source": "hotkey",
                "_t": "17:29:11",
                "_end": "-",
                "data": {
                    "t": 1101.206723,
                    "Δt": 5,
                    "key": "right"
                }
            },
            {
                "time": "2019-06-27T23:29:11.987Z",
                "type": "SKIP",
                "source": "hotkey",
                "_t": "17:29:11",
                "_end": "-",
                "data": {
                    "t": 1106.598319,
                    "Δt": 5,
                    "key": "right"
                }
            },
            {
                "time": "2019-06-27T23:29:12.431Z",
                "type": "SKIP",
                "source": "hotkey",
                "_t": "17:29:12",
                "_end": "-",
                "data": {
                    "t": 1111.85272,
                    "Δt": 5,
                    "key": "right"
                }
            },
            {
                "time": "2019-06-27T23:29:12.911Z",
                "type": "SKIP",
                "source": "hotkey",
                "_t": "17:29:12",
                "_end": "-",
                "data": {
                    "t": 1116.870876,
                    "Δt": 5,
                    "key": "right"
                }
            },
            {
                "time": "2019-06-27T23:29:14.351Z",
                "type": "SKIP",
                "source": "hotkey",
                "_t": "17:29:14",
                "_end": "-",
                "data": {
                    "t": 1122.672726,
                    "Δt": 5,
                    "key": "right"
                }
            },
            {
                "time": "2019-06-27T23:29:15.544Z",
                "type": "SKIP",
                "source": "hotkey",
                "_t": "17:29:15",
                "_end": "-",
                "data": {
                    "t": 1128.643374,
                    "Δt": 5,
                    "key": "right"
                }
            },
            {
                "time": "2019-06-27T23:29:16.031Z",
                "type": "SKIP",
                "source": "hotkey",
                "_t": "17:29:16",
                "_end": "-",
                "data": {
                    "t": 1133.919855,
                    "Δt": 5,
                    "key": "right"
                }
            },
            {
                "time": "2019-06-27T23:29:16.289Z",
                "type": "SKIP",
                "source": "hotkey",
                "_t": "17:29:16",
                "_end": "-",
                "data": {
                    "t": 1138.995294,
                    "Δt": 5,
                    "key": "right"
                }
            },
            {
                "time": "2019-06-27T23:29:16.708Z",
                "type": "SKIP",
                "source": "hotkey",
                "_t": "17:29:16",
                "_end": "-",
                "data": {
                    "t": 1144.004748,
                    "Δt": 5,
                    "key": "right"
                }
            },
            {
                "time": "2019-06-27T23:29:17.312Z",
                "type": "SKIP",
                "source": "hotkey",
                "_t": "17:29:17",
                "_end": "-",
                "data": {
                    "t": 1149.082212,
                    "Δt": 5,
                    "key": "right"
                }
            },
            {
                "time": "2019-06-27T23:29:17.808Z",
                "type": "SKIP",
                "source": "hotkey",
                "_t": "17:29:17",
                "_end": "-",
                "data": {
                    "t": 1154.391643,
                    "Δt": 5,
                    "key": "right"
                }
            },
            {
                "time": "2019-06-27T23:29:18.300Z",
                "type": "SKIP",
                "source": "hotkey",
                "_t": "17:29:18",
                "_end": "-",
                "data": {
                    "t": 1159.410477,
                    "Δt": 5,
                    "key": "right"
                }
            },
            {
                "time": "2019-06-27T23:29:18.912Z",
                "type": "SKIP",
                "source": "hotkey",
                "_t": "17:29:18",
                "_end": "-",
                "data": {
                    "t": 1164.506954,
                    "Δt": 5,
                    "key": "right"
                }
            },
            {
                "time": "2019-06-27T23:29:19.775Z",
                "type": "SKIP",
                "source": "hotkey",
                "_t": "17:29:19",
                "_end": "-",
                "data": {
                    "t": 1170.162044,
                    "Δt": 5,
                    "key": "right"
                }
            },
            {
                "time": "2019-06-27T23:29:20.711Z",
                "type": "SKIP",
                "source": "hotkey",
                "_t": "17:29:20",
                "_end": "-",
                "data": {
                    "t": 1175.898944,
                    "Δt": 5,
                    "key": "right"
                }
            },
            {
                "time": "2019-06-27T23:29:22.449Z",
                "type": "SKIP",
                "source": "hotkey",
                "_t": "17:29:22",
                "_end": "-",
                "data": {
                    "t": 1182.46359,
                    "Δt": 5,
                    "key": "right"
                }
            },
            {
                "time": "2019-06-27T23:29:23.040Z",
                "type": "SKIP",
                "source": "hotkey",
                "_t": "17:29:23",
                "_end": "-",
                "data": {
                    "t": 1187.876896,
                    "Δt": 5,
                    "key": "right"
                }
            },
            {
                "time": "2019-06-27T23:29:23.377Z",
                "type": "SKIP",
                "source": "hotkey",
                "_t": "17:29:23",
                "_end": "-",
                "data": {
                    "t": 1193.022092,
                    "Δt": 5,
                    "key": "right"
                }
            },
            {
                "time": "2019-06-27T23:29:23.618Z",
                "type": "SKIP",
                "source": "hotkey",
                "_t": "17:29:23",
                "_end": "-",
                "data": {
                    "t": 1198.022092,
                    "Δt": 5,
                    "key": "right"
                }
            },
            {
                "time": "2019-06-27T23:29:23.904Z",
                "type": "SKIP",
                "source": "hotkey",
                "_t": "17:29:23",
                "_end": "-",
                "data": {
                    "t": 1203.022092,
                    "Δt": 5,
                    "key": "right"
                }
            },
            {
                "time": "2019-06-27T23:29:24.433Z",
                "type": "SKIP",
                "source": "hotkey",
                "_t": "17:29:24",
                "_end": "-",
                "data": {
                    "t": 1208.022092,
                    "Δt": 5,
                    "key": "right"
                }
            },
            {
                "time": "2019-06-27T23:29:24.783Z",
                "type": "SKIP",
                "source": "hotkey",
                "_t": "17:29:24",
                "_end": "-",
                "data": {
                    "t": 1213.022092,
                    "Δt": 5,
                    "key": "right"
                }
            },
            {
                "time": "2019-06-27T23:29:25.200Z",
                "type": "SKIP",
                "source": "hotkey",
                "_t": "17:29:25",
                "_end": "-",
                "data": {
                    "t": 1218.044056,
                    "Δt": 5,
                    "key": "right"
                }
            },
            {
                "time": "2019-06-27T23:29:25.664Z",
                "type": "SKIP",
                "source": "hotkey",
                "_t": "17:29:25",
                "_end": "-",
                "data": {
                    "t": 1223.180067,
                    "Δt": 5,
                    "key": "right"
                }
            },
            {
                "time": "2019-06-27T23:29:26.162Z",
                "type": "SKIP",
                "source": "hotkey",
                "_t": "17:29:26",
                "_end": "-",
                "data": {
                    "t": 1228.195588,
                    "Δt": 5,
                    "key": "right"
                }
            },
            {
                "time": "2019-06-27T23:29:26.575Z",
                "type": "SKIP",
                "source": "hotkey",
                "_t": "17:29:26",
                "_end": "-",
                "data": {
                    "t": 1233.204562,
                    "Δt": 5,
                    "key": "right"
                }
            },
            {
                "time": "2019-06-27T23:29:27.024Z",
                "type": "SKIP",
                "source": "hotkey",
                "_t": "17:29:27",
                "_end": "-",
                "data": {
                    "t": 1238.255968,
                    "Δt": 5,
                    "key": "right"
                }
            },
            {
                "time": "2019-06-27T23:29:27.408Z",
                "type": "SKIP",
                "source": "hotkey",
                "_t": "17:29:27",
                "_end": "-",
                "data": {
                    "t": 1243.275373,
                    "Δt": 5,
                    "key": "right"
                }
            },
            {
                "time": "2019-06-27T23:29:27.809Z",
                "type": "SKIP",
                "source": "hotkey",
                "_t": "17:29:27",
                "_end": "-",
                "data": {
                    "t": 1248.275373,
                    "Δt": 5,
                    "key": "right"
                }
            },
            {
                "time": "2019-06-27T23:29:28.223Z",
                "type": "SKIP",
                "source": "hotkey",
                "_t": "17:29:28",
                "_end": "-",
                "data": {
                    "t": 1253.275373,
                    "Δt": 5,
                    "key": "right"
                }
            },
            {
                "time": "2019-06-27T23:29:29.264Z",
                "type": "SKIP",
                "source": "hotkey",
                "_t": "17:29:29",
                "_end": "-",
                "data": {
                    "t": 1258.80652,
                    "Δt": 5,
                    "key": "right"
                }
            },
            {
                "time": "2019-06-27T23:29:29.841Z",
                "type": "SKIP",
                "source": "hotkey",
                "_t": "17:29:29",
                "_end": "-",
                "data": {
                    "t": 1263.917563,
                    "Δt": 5,
                    "key": "right"
                }
            },
            {
                "time": "2019-06-27T23:29:30.353Z",
                "type": "SKIP",
                "source": "hotkey",
                "_t": "17:29:30",
                "_end": "-",
                "data": {
                    "t": 1269.211078,
                    "Δt": 5,
                    "key": "right"
                }
            },
            {
                "time": "2019-06-27T23:29:30.896Z",
                "type": "SKIP",
                "source": "hotkey",
                "_t": "17:29:30",
                "_end": "-",
                "data": {
                    "t": 1274.565764,
                    "Δt": 5,
                    "key": "right"
                }
            },
            {
                "time": "2019-06-27T23:29:31.316Z",
                "type": "SKIP",
                "source": "hotkey",
                "_t": "17:29:31",
                "_end": "-",
                "data": {
                    "t": 1279.576167,
                    "Δt": 5,
                    "key": "right"
                }
            },
            {
                "time": "2019-06-27T23:29:31.586Z",
                "type": "SKIP",
                "source": "hotkey",
                "_t": "17:29:31",
                "_end": "-",
                "data": {
                    "t": 1284.576167,
                    "Δt": 5,
                    "key": "right"
                }
            },
            {
                "time": "2019-06-27T23:29:31.792Z",
                "type": "SKIP",
                "source": "hotkey",
                "_t": "17:29:31",
                "_end": "-",
                "data": {
                    "t": 1289.576167,
                    "Δt": 5,
                    "key": "right"
                }
            },
            {
                "time": "2019-06-27T23:29:31.970Z",
                "type": "SKIP",
                "source": "hotkey",
                "_t": "17:29:31",
                "_end": "-",
                "data": {
                    "t": 1294.576167,
                    "Δt": 5,
                    "key": "right"
                }
            },
            {
                "time": "2019-06-27T23:29:32.112Z",
                "type": "SKIP",
                "source": "hotkey",
                "_t": "17:29:32",
                "_end": "-",
                "data": {
                    "t": 1299.576167,
                    "Δt": 5,
                    "key": "right"
                }
            },
            {
                "time": "2019-06-27T23:29:32.273Z",
                "type": "SKIP",
                "source": "hotkey",
                "_t": "17:29:32",
                "_end": "-",
                "data": {
                    "t": 1304.576167,
                    "Δt": 5,
                    "key": "right"
                }
            },
            {
                "time": "2019-06-27T23:29:32.464Z",
                "type": "SKIP",
                "source": "hotkey",
                "_t": "17:29:32",
                "_end": "-",
                "data": {
                    "t": 1309.576167,
                    "Δt": 5,
                    "key": "right"
                }
            },
            {
                "time": "2019-06-27T23:29:33.146Z",
                "type": "SKIP",
                "source": "hotkey",
                "_t": "17:29:33",
                "_end": "-",
                "data": {
                    "t": 1314.811375,
                    "Δt": 5,
                    "key": "right"
                }
            }
        ]
    }
}