{
    "user_id": "purple 2",
    "session_id": "5d1a4c9181249f67dd06aad2",
    "study": "studyE",
    "workspace": "drywall.drywall-red",
    "details": {
        "workspace": "drywall.drywall-red",
        "labels": [],
        "_starts": [
            "2019-07-01T18:22:01.000Z"
        ],
        "_ends": [
            "2019-07-01T18:23:26.986Z"
        ]
    },
    "labels_file": "/home/ubuntu/vat/data/user-studies/studyE/drywall-red/purple 2.labels.json",
    "videoFlash": 7.957784,
    "surveys": {
        "user-info": {
            "firstname": "Parker",
            "lastname": "Hanson",
            "email": "phanson96@gmail.com"
        },
        "practice-first": {
            "question1": "5",
            "question2": "ok",
            "question3": "60",
            "question4": "5"
        },
        "practice-second": {},
        "practice-third": {},
        "practice-survey": {},
        "drywall-blue": {
            "question1": "4",
            "question2": "5",
            "question3": "40",
            "question4": "90"
        }
    },
    "logs": {
        "navigationEvents": [
            {
                "time": "2019-07-01T18:22:16.220Z",
                "type": "PLAY",
                "source": "hotkey",
                "_t": "12:22:16",
                "_end": "-",
                "data": {
                    "key": "space"
                }
            },
            {
                "time": {
                    "start": "2019-07-01T18:22:01.008Z",
                    "end": "2019-07-01T18:22:18.266Z"
                },
                "type": "SCRUB",
                "source": "data:drag",
                "_t": "12:22:01",
                "_end": "12:22:18",
                "data": {
                    "time": 58.657432
                }
            },
            {
                "time": {
                    "start": "2019-07-01T18:22:01.008Z",
                    "end": "2019-07-01T18:22:21.387Z"
                },
                "type": "SCRUB",
                "source": "data:drag",
                "_t": "12:22:01",
                "_end": "12:22:21",
                "data": {
                    "time": 80.800435
                }
            },
            {
                "time": {
                    "start": "2019-07-01T18:22:01.008Z",
                    "end": "2019-07-01T18:22:22.537Z"
                },
                "type": "SCRUB",
                "source": "data:drag",
                "_t": "12:22:01",
                "_end": "12:22:22",
                "data": {
                    "time": 118.118354
                }
            },
            {
                "time": {
                    "start": "2019-07-01T18:22:01.008Z",
                    "end": "2019-07-01T18:22:23.351Z"
                },
                "type": "SCRUB",
                "source": "data:drag",
                "_t": "12:22:01",
                "_end": "12:22:23",
                "data": {
                    "time": 162.509604
                }
            },
            {
                "time": {
                    "start": "2019-07-01T18:22:01.008Z",
                    "end": "2019-07-01T18:22:23.946Z"
                },
                "type": "SCRUB",
                "source": "data:drag",
                "_t": "12:22:01",
                "_end": "12:22:23",
                "data": {
                    "time": 223.730503
                }
            },
            {
                "time": {
                    "start": "2019-07-01T18:22:01.008Z",
                    "end": "2019-07-01T18:22:24.426Z"
                },
                "type": "SCRUB",
                "source": "data:drag",
                "_t": "12:22:01",
                "_end": "12:22:24",
                "data": {
                    "time": 285.927034
                }
            },
            {
                "time": {
                    "start": "2019-07-01T18:22:01.008Z",
                    "end": "2019-07-01T18:22:25.319Z"
                },
                "type": "SCRUB",
                "source": "data:drag",
                "_t": "12:22:01",
                "_end": "12:22:25",
                "data": {
                    "time": 360.075056
                }
            },
            {
                "time": {
                    "start": "2019-07-01T18:22:01.008Z",
                    "end": "2019-07-01T18:22:26.540Z"
                },
                "type": "SCRUB",
                "source": "data:drag",
                "_t": "12:22:01",
                "_end": "12:22:26",
                "data": {
                    "time": 429.832734
                }
            },
            {
                "time": {
                    "start": "2019-07-01T18:22:01.008Z",
                    "end": "2019-07-01T18:22:32.485Z"
                },
                "type": "SCRUB",
                "source": "data:drag",
                "_t": "12:22:01",
                "_end": "12:22:32",
                "data": {
                    "time": 520.121038
                }
            },
            {
                "time": {
                    "start": "2019-07-01T18:22:01.008Z",
                    "end": "2019-07-01T18:22:35.851Z"
                },
                "type": "SCRUB",
                "source": "data:drag",
                "_t": "12:22:01",
                "_end": "12:22:35",
                "data": {
                    "time": 636.05974
                }
            },
            {
                "time": {
                    "start": "2019-07-01T18:22:01.008Z",
                    "end": "2019-07-01T18:22:37.357Z"
                },
                "type": "SCRUB",
                "source": "data:drag",
                "_t": "12:22:01",
                "_end": "12:22:37",
                "data": {
                    "time": 728.256951
                }
            },
            {
                "time": {
                    "start": "2019-07-01T18:22:01.008Z",
                    "end": "2019-07-01T18:22:39.158Z"
                },
                "type": "SCRUB",
                "source": "data:drag",
                "_t": "12:22:01",
                "_end": "12:22:39",
                "data": {
                    "time": 642.109931
                }
            },
            {
                "time": {
                    "start": "2019-07-01T18:22:01.008Z",
                    "end": "2019-07-01T18:22:39.825Z"
                },
                "type": "SCRUB",
                "source": "data:drag",
                "_t": "12:22:01",
                "_end": "12:22:39",
                "data": {
                    "time": 566.376507
                }
            },
            {
                "time": {
                    "start": "2019-07-01T18:22:01.008Z",
                    "end": "2019-07-01T18:22:40.406Z"
                },
                "type": "SCRUB",
                "source": "data:drag",
                "_t": "12:22:01",
                "_end": "12:22:40",
                "data": {
                    "time": 482.228258
                }
            },
            {
                "time": {
                    "start": "2019-07-01T18:22:01.008Z",
                    "end": "2019-07-01T18:22:41.362Z"
                },
                "type": "SCRUB",
                "source": "data:drag",
                "_t": "12:22:01",
                "_end": "12:22:41",
                "data": {
                    "time": 419.909772
                }
            },
            {
                "time": {
                    "start": "2019-07-01T18:22:01.008Z",
                    "end": "2019-07-01T18:22:42.226Z"
                },
                "type": "SCRUB",
                "source": "data:drag",
                "_t": "12:22:01",
                "_end": "12:22:42",
                "data": {
                    "time": 339.298188
                }
            },
            {
                "time": {
                    "start": "2019-07-01T18:22:01.008Z",
                    "end": "2019-07-01T18:22:42.831Z"
                },
                "type": "SCRUB",
                "source": "data:drag",
                "_t": "12:22:01",
                "_end": "12:22:42",
                "data": {
                    "time": 255.881663
                }
            },
            {
                "time": {
                    "start": "2019-07-01T18:22:01.008Z",
                    "end": "2019-07-01T18:22:43.475Z"
                },
                "type": "SCRUB",
                "source": "data:drag",
                "_t": "12:22:01",
                "_end": "12:22:43",
                "data": {
                    "time": 164.294221
                }
            },
            {
                "time": {
                    "start": "2019-07-01T18:22:01.008Z",
                    "end": "2019-07-01T18:22:44.302Z"
                },
                "type": "SCRUB",
                "source": "data:drag",
                "_t": "12:22:01",
                "_end": "12:22:44",
                "data": {
                    "time": 78.804478
                }
            },
            {
                "time": {
                    "start": "2019-07-01T18:22:01.008Z",
                    "end": "2019-07-01T18:22:45.587Z"
                },
                "type": "SCRUB",
                "source": "data:drag",
                "_t": "12:22:01",
                "_end": "12:22:45",
                "data": {
                    "time": 145.689026
                }
            },
            {
                "time": {
                    "start": "2019-07-01T18:22:01.008Z",
                    "end": "2019-07-01T18:22:46.619Z"
                },
                "type": "SCRUB",
                "source": "data:drag",
                "_t": "12:22:01",
                "_end": "12:22:46",
                "data": {
                    "time": 244.349798
                }
            },
            {
                "time": {
                    "start": "2019-07-01T18:22:01.008Z",
                    "end": "2019-07-01T18:22:47.710Z"
                },
                "type": "SCRUB",
                "source": "data:drag",
                "_t": "12:22:01",
                "_end": "12:22:47",
                "data": {
                    "time": 245.085236
                }
            },
            {
                "time": {
                    "start": "2019-07-01T18:22:01.008Z",
                    "end": "2019-07-01T18:22:47.867Z"
                },
                "type": "SCRUB",
                "source": "data:drag",
                "_t": "12:22:01",
                "_end": "12:22:47",
                "data": {
                    "time": 245.239405
                }
            },
            {
                "time": "2019-07-01T18:22:47.894Z",
                "type": "JUMP",
                "source": "data:dblclick:h_pos",
                "_t": "12:22:47",
                "_end": "-",
                "data": {
                    "from": 245.26409,
                    "to": 349.15773811381206
                }
            },
            {
                "time": "2019-07-01T18:22:50.951Z",
                "type": "PAUSE",
                "source": "hotkey",
                "_t": "12:22:50",
                "_end": "-",
                "data": {
                    "key": "space"
                }
            },
            {
                "time": {
                    "start": "2019-07-01T18:22:01.008Z",
                    "end": "2019-07-01T18:22:54.321Z"
                },
                "type": "SCRUB",
                "source": "data:drag",
                "_t": "12:22:01",
                "_end": "12:22:54",
                "data": {
                    "time": 451.766411
                }
            },
            {
                "time": {
                    "start": "2019-07-01T18:22:01.008Z",
                    "end": "2019-07-01T18:22:58.714Z"
                },
                "type": "SCRUB",
                "source": "data:drag",
                "_t": "12:22:01",
                "_end": "12:22:58",
                "data": {
                    "time": 517.377654
                }
            },
            {
                "time": {
                    "start": "2019-07-01T18:22:01.008Z",
                    "end": "2019-07-01T18:23:06.405Z"
                },
                "type": "SCRUB",
                "source": "data:drag",
                "_t": "12:22:01",
                "_end": "12:23:06",
                "data": {
                    "time": 578.336565
                }
            },
            {
                "time": {
                    "start": "2019-07-01T18:22:01.008Z",
                    "end": "2019-07-01T18:23:11.426Z"
                },
                "type": "SCRUB",
                "source": "data:drag",
                "_t": "12:22:01",
                "_end": "12:23:11",
                "data": {
                    "time": 635.289075
                }
            },
            {
                "time": {
                    "start": "2019-07-01T18:22:01.008Z",
                    "end": "2019-07-01T18:23:16.247Z"
                },
                "type": "SCRUB",
                "source": "data:drag",
                "_t": "12:22:01",
                "_end": "12:23:16",
                "data": {
                    "time": 718.705599
                }
            },
            {
                "time": {
                    "start": "2019-07-01T18:22:01.008Z",
                    "end": "2019-07-01T18:23:23.416Z"
                },
                "type": "SCRUB",
                "source": "data:drag",
                "_t": "12:22:01",
                "_end": "12:23:23",
                "data": {
                    "time": 610.654369
                }
            },
            {
                "time": {
                    "start": "2019-07-01T18:22:01.008Z",
                    "end": "2019-07-01T18:23:25.110Z"
                },
                "type": "SCRUB",
                "source": "data:drag",
                "_t": "12:22:01",
                "_end": "12:23:25",
                "data": {
                    "time": 434.430862
                }
            }
        ]
    }
}