{
    "user_id": "red4",
    "session_id": "5cf00e1981249f67dd06a999",
    "study": "studyE",
    "workspace": "drywall.drywall-red",
    "details": {
        "workspace": "drywall.drywall-red",
        "labels": [
            {
                "time": 151.025494,
                "endTime": 165.47820559390246,
                "type": "measuring",
                "id": 1
            },
            {
                "time": 265.845571,
                "endTime": 293.4319938726332,
                "type": "measuring",
                "id": 2
            },
            {
                "time": 337.211704,
                "endTime": 346.6963441490892,
                "type": "measuring",
                "id": 3
            },
            {
                "time": 367.05362,
                "endTime": 400.3076936933986,
                "type": "measuring",
                "id": 4
            },
            {
                "time": 438.246252,
                "endTime": 452.1840463654071,
                "type": "cutting",
                "id": 5
            },
            {
                "time": 463.230182,
                "endTime": 472.48348946252605,
                "type": "cutting",
                "id": 6
            },
            {
                "time": 808.205048,
                "endTime": 819.0776842684681,
                "type": "measuring",
                "id": 7
            },
            {
                "time": 971.930756,
                "endTime": 987.8348782012166,
                "type": "cutting",
                "id": 8
            }
        ],
        "_starts": [
            "2019-05-30T17:21:43.000Z"
        ],
        "_ends": [
            "2019-05-30T17:24:53.365Z"
        ]
    },
    "labels_file": "/home/ubuntu/vat/data/user-studies/studyE/drywall-red/red4.labels.json",
    "videoFlash": 7.957784,
    "surveys": {
        "user-info": {
            "firstname": "Ethan",
            "lastname": "Davis",
            "email": "erdbom@gmail.com"
        },
        "practice-first": {
            "question1": "5",
            "question2": "ok",
            "question3": "50",
            "question4": "5"
        },
        "practice-second": {},
        "practice-third": {},
        "practice-survey": {},
        "drywall-blue": {
            "question1": "4",
            "question2": "4",
            "question3": "20",
            "question4": "100"
        }
    },
    "logs": {
        "labelEvents": [
            {
                "time": "2019-05-30T17:23:10.752Z",
                "type": "START",
                "source": "side-bar:button",
                "_t": "11:23:10",
                "_end": "-",
                "data": {
                    "type": "measuring",
                    "time": 151.025494
                }
            },
            {
                "time": "2019-05-30T17:23:13.917Z",
                "type": "END",
                "source": "data:click:h_pos",
                "_t": "11:23:13",
                "_end": "-",
                "data": {
                    "lbl": {
                        "time": 151.025494,
                        "endTime": 165.47820559390246,
                        "type": "measuring",
                        "id": 1
                    }
                }
            },
            {
                "time": "2019-05-30T17:23:33.657Z",
                "type": "START",
                "source": "side-bar:button",
                "_t": "11:23:33",
                "_end": "-",
                "data": {
                    "type": "measuring",
                    "time": 265.845571
                }
            },
            {
                "time": "2019-05-30T17:23:35.676Z",
                "type": "END",
                "source": "data:click:h_pos",
                "_t": "11:23:35",
                "_end": "-",
                "data": {
                    "lbl": {
                        "time": 265.845571,
                        "endTime": 293.4319938726332,
                        "type": "measuring",
                        "id": 2
                    }
                }
            },
            {
                "time": "2019-05-30T17:23:41.377Z",
                "type": "START",
                "source": "side-bar:button",
                "_t": "11:23:41",
                "_end": "-",
                "data": {
                    "type": "measuring",
                    "time": 337.211704
                }
            },
            {
                "time": "2019-05-30T17:23:43.436Z",
                "type": "END",
                "source": "data:click:h_pos",
                "_t": "11:23:43",
                "_end": "-",
                "data": {
                    "lbl": {
                        "time": 337.211704,
                        "endTime": 346.6963441490892,
                        "type": "measuring",
                        "id": 3
                    }
                }
            },
            {
                "time": "2019-05-30T17:23:50.561Z",
                "type": "START",
                "source": "side-bar:button",
                "_t": "11:23:50",
                "_end": "-",
                "data": {
                    "type": "measuring",
                    "time": 367.05362
                }
            },
            {
                "time": "2019-05-30T17:23:53.659Z",
                "type": "END",
                "source": "data:click:h_pos",
                "_t": "11:23:53",
                "_end": "-",
                "data": {
                    "lbl": {
                        "time": 367.05362,
                        "endTime": 400.3076936933986,
                        "type": "measuring",
                        "id": 4
                    }
                }
            },
            {
                "time": "2019-05-30T17:24:07.226Z",
                "type": "START",
                "source": "side-bar:button",
                "_t": "11:24:07",
                "_end": "-",
                "data": {
                    "type": "cutting",
                    "time": 438.246252
                }
            },
            {
                "time": "2019-05-30T17:24:10.525Z",
                "type": "END",
                "source": "data:click:h_pos",
                "_t": "11:24:10",
                "_end": "-",
                "data": {
                    "lbl": {
                        "time": 438.246252,
                        "endTime": 452.1840463654071,
                        "type": "cutting",
                        "id": 5
                    }
                }
            },
            {
                "time": "2019-05-30T17:24:13.586Z",
                "type": "START",
                "source": "side-bar:button",
                "_t": "11:24:13",
                "_end": "-",
                "data": {
                    "type": "cutting",
                    "time": 463.230182
                }
            },
            {
                "time": "2019-05-30T17:24:14.935Z",
                "type": "END",
                "source": "data:click:h_pos",
                "_t": "11:24:14",
                "_end": "-",
                "data": {
                    "lbl": {
                        "time": 463.230182,
                        "endTime": 472.48348946252605,
                        "type": "cutting",
                        "id": 6
                    }
                }
            },
            {
                "time": "2019-05-30T17:24:37.682Z",
                "type": "START",
                "source": "side-bar:button",
                "_t": "11:24:37",
                "_end": "-",
                "data": {
                    "type": "measuring",
                    "time": 808.205048
                }
            },
            {
                "time": "2019-05-30T17:24:39.520Z",
                "type": "END",
                "source": "data:click:h_pos",
                "_t": "11:24:39",
                "_end": "-",
                "data": {
                    "lbl": {
                        "time": 808.205048,
                        "endTime": 819.0776842684681,
                        "type": "measuring",
                        "id": 7
                    }
                }
            },
            {
                "time": "2019-05-30T17:24:50.098Z",
                "type": "START",
                "source": "side-bar:button",
                "_t": "11:24:50",
                "_end": "-",
                "data": {
                    "type": "cutting",
                    "time": 971.930756
                }
            },
            {
                "time": "2019-05-30T17:24:51.370Z",
                "type": "END",
                "source": "data:click:h_pos",
                "_t": "11:24:51",
                "_end": "-",
                "data": {
                    "lbl": {
                        "time": 971.930756,
                        "endTime": 987.8348782012166,
                        "type": "cutting",
                        "id": 8
                    }
                }
            }
        ],
        "navigationEvents": [
            {
                "time": {
                    "start": "2019-05-30T17:21:43.885Z",
                    "end": "2019-05-30T17:22:03.052Z"
                },
                "type": "SCRUB",
                "source": "data:drag",
                "_t": "11:21:43",
                "_end": "11:22:03",
                "data": {
                    "time": 73.325119
                }
            },
            {
                "time": {
                    "start": "2019-05-30T17:21:43.885Z",
                    "end": "2019-05-30T17:22:05.737Z"
                },
                "type": "SCRUB",
                "source": "data:drag",
                "_t": "11:21:43",
                "_end": "11:22:05",
                "data": {
                    "time": 183.083704
                }
            },
            {
                "time": {
                    "start": "2019-05-30T17:21:43.885Z",
                    "end": "2019-05-30T17:22:07.140Z"
                },
                "type": "SCRUB",
                "source": "data:drag",
                "_t": "11:21:43",
                "_end": "11:22:07",
                "data": {
                    "time": 311.989064
                }
            },
            {
                "time": {
                    "start": "2019-05-30T17:21:43.885Z",
                    "end": "2019-05-30T17:22:10.154Z"
                },
                "type": "SCRUB",
                "source": "data:drag",
                "_t": "11:21:43",
                "_end": "11:22:10",
                "data": {
                    "time": 442.357872
                }
            },
            {
                "time": {
                    "start": "2019-05-30T17:21:43.885Z",
                    "end": "2019-05-30T17:22:15.199Z"
                },
                "type": "SCRUB",
                "source": "data:drag",
                "_t": "11:21:43",
                "_end": "11:22:15",
                "data": {
                    "time": 337.233538
                }
            },
            {
                "time": {
                    "start": "2019-05-30T17:21:43.885Z",
                    "end": "2019-05-30T17:22:23.900Z"
                },
                "type": "SCRUB",
                "source": "data:drag",
                "_t": "11:21:43",
                "_end": "11:22:23",
                "data": {
                    "time": 347.965488
                }
            },
            {
                "time": {
                    "start": "2019-05-30T17:21:43.885Z",
                    "end": "2019-05-30T17:22:29.379Z"
                },
                "type": "SCRUB",
                "source": "data:drag",
                "_t": "11:21:43",
                "_end": "11:22:29",
                "data": {
                    "time": 298.574124
                }
            },
            {
                "time": {
                    "start": "2019-05-30T17:21:43.885Z",
                    "end": "2019-05-30T17:22:39.309Z"
                },
                "type": "SCRUB",
                "source": "data:drag",
                "_t": "11:21:43",
                "_end": "11:22:39",
                "data": {
                    "time": 95.903526
                }
            },
            {
                "time": {
                    "start": "2019-05-30T17:21:43.885Z",
                    "end": "2019-05-30T17:22:45.351Z"
                },
                "type": "SCRUB",
                "source": "data:drag",
                "_t": "11:21:43",
                "_end": "11:22:45",
                "data": {
                    "time": 108.675689
                }
            },
            {
                "time": {
                    "start": "2019-05-30T17:21:43.885Z",
                    "end": "2019-05-30T17:22:53.392Z"
                },
                "type": "SCRUB",
                "source": "data:drag",
                "_t": "11:21:43",
                "_end": "11:22:53",
                "data": {
                    "time": 176.457786
                }
            },
            {
                "time": {
                    "start": "2019-05-30T17:21:43.885Z",
                    "end": "2019-05-30T17:22:58.611Z"
                },
                "type": "SCRUB",
                "source": "data:drag",
                "_t": "11:21:43",
                "_end": "11:22:58",
                "data": {
                    "time": 259.364813
                }
            },
            {
                "time": {
                    "start": "2019-05-30T17:21:43.885Z",
                    "end": "2019-05-30T17:23:03.105Z"
                },
                "type": "SCRUB",
                "source": "data:drag",
                "_t": "11:21:43",
                "_end": "11:23:03",
                "data": {
                    "time": 182.395721
                }
            },
            {
                "time": {
                    "start": "2019-05-30T17:21:43.885Z",
                    "end": "2019-05-30T17:23:07.251Z"
                },
                "type": "SCRUB",
                "source": "data:drag",
                "_t": "11:21:43",
                "_end": "11:23:07",
                "data": {
                    "time": 151.025494
                }
            },
            {
                "time": {
                    "start": "2019-05-30T17:21:43.885Z",
                    "end": "2019-05-30T17:23:13.913Z"
                },
                "type": "SCRUB",
                "source": "data:drag",
                "_t": "11:21:43",
                "_end": "11:23:13",
                "data": {
                    "time": 151.025494
                }
            },
            {
                "time": {
                    "start": "2019-05-30T17:21:43.885Z",
                    "end": "2019-05-30T17:23:17.218Z"
                },
                "type": "SCRUB",
                "source": "data:drag",
                "_t": "11:21:43",
                "_end": "11:23:17",
                "data": {
                    "time": 207.491902
                }
            },
            {
                "time": {
                    "start": "2019-05-30T17:21:43.885Z",
                    "end": "2019-05-30T17:23:26.015Z"
                },
                "type": "SCRUB",
                "source": "data:drag",
                "_t": "11:21:43",
                "_end": "11:23:26",
                "data": {
                    "time": 192.455277
                }
            },
            {
                "time": {
                    "start": "2019-05-30T17:21:43.885Z",
                    "end": "2019-05-30T17:23:27.332Z"
                },
                "type": "SCRUB",
                "source": "data:drag",
                "_t": "11:21:43",
                "_end": "11:23:27",
                "data": {
                    "time": 221.314029
                }
            },
            {
                "time": {
                    "start": "2019-05-30T17:21:43.885Z",
                    "end": "2019-05-30T17:23:30.827Z"
                },
                "type": "SCRUB",
                "source": "data:drag",
                "_t": "11:21:43",
                "_end": "11:23:30",
                "data": {
                    "time": 265.845571
                }
            },
            {
                "time": {
                    "start": "2019-05-30T17:21:43.885Z",
                    "end": "2019-05-30T17:23:35.673Z"
                },
                "type": "SCRUB",
                "source": "data:drag",
                "_t": "11:21:43",
                "_end": "11:23:35",
                "data": {
                    "time": 265.845571
                }
            },
            {
                "time": {
                    "start": "2019-05-30T17:21:43.885Z",
                    "end": "2019-05-30T17:23:39.948Z"
                },
                "type": "SCRUB",
                "source": "data:drag",
                "_t": "11:21:43",
                "_end": "11:23:39",
                "data": {
                    "time": 337.211704
                }
            },
            {
                "time": {
                    "start": "2019-05-30T17:21:43.885Z",
                    "end": "2019-05-30T17:23:43.434Z"
                },
                "type": "SCRUB",
                "source": "data:drag",
                "_t": "11:21:43",
                "_end": "11:23:43",
                "data": {
                    "time": 337.211704
                }
            },
            {
                "time": {
                    "start": "2019-05-30T17:21:43.885Z",
                    "end": "2019-05-30T17:23:46.673Z"
                },
                "type": "SCRUB",
                "source": "data:drag",
                "_t": "11:21:43",
                "_end": "11:23:46",
                "data": {
                    "time": 367.05362
                }
            },
            {
                "time": {
                    "start": "2019-05-30T17:21:43.885Z",
                    "end": "2019-05-30T17:23:53.657Z"
                },
                "type": "SCRUB",
                "source": "data:drag",
                "_t": "11:21:43",
                "_end": "11:23:53",
                "data": {
                    "time": 367.05362
                }
            },
            {
                "time": {
                    "start": "2019-05-30T17:21:43.885Z",
                    "end": "2019-05-30T17:23:55.508Z"
                },
                "type": "SCRUB",
                "source": "data:drag",
                "_t": "11:21:43",
                "_end": "11:23:55",
                "data": {
                    "time": 425.291623
                }
            },
            {
                "time": {
                    "start": "2019-05-30T17:21:43.885Z",
                    "end": "2019-05-30T17:24:02.385Z"
                },
                "type": "SCRUB",
                "source": "data:drag",
                "_t": "11:21:43",
                "_end": "11:24:02",
                "data": {
                    "time": 445.070567
                }
            },
            {
                "time": {
                    "start": "2019-05-30T17:21:43.885Z",
                    "end": "2019-05-30T17:24:05.761Z"
                },
                "type": "SCRUB",
                "source": "data:drag",
                "_t": "11:21:43",
                "_end": "11:24:05",
                "data": {
                    "time": 438.246252
                }
            },
            {
                "time": {
                    "start": "2019-05-30T17:21:43.885Z",
                    "end": "2019-05-30T17:24:10.522Z"
                },
                "type": "SCRUB",
                "source": "data:drag",
                "_t": "11:21:43",
                "_end": "11:24:10",
                "data": {
                    "time": 438.246252
                }
            },
            {
                "time": {
                    "start": "2019-05-30T17:21:43.885Z",
                    "end": "2019-05-30T17:24:12.164Z"
                },
                "type": "SCRUB",
                "source": "data:drag",
                "_t": "11:21:43",
                "_end": "11:24:12",
                "data": {
                    "time": 463.230182
                }
            },
            {
                "time": {
                    "start": "2019-05-30T17:21:43.885Z",
                    "end": "2019-05-30T17:24:14.934Z"
                },
                "type": "SCRUB",
                "source": "data:drag",
                "_t": "11:21:43",
                "_end": "11:24:14",
                "data": {
                    "time": 463.230182
                }
            },
            {
                "time": {
                    "start": "2019-05-30T17:21:43.885Z",
                    "end": "2019-05-30T17:24:16.665Z"
                },
                "type": "SCRUB",
                "source": "data:drag",
                "_t": "11:21:43",
                "_end": "11:24:16",
                "data": {
                    "time": 495.616758
                }
            },
            {
                "time": {
                    "start": "2019-05-30T17:21:43.885Z",
                    "end": "2019-05-30T17:24:17.795Z"
                },
                "type": "SCRUB",
                "source": "data:drag",
                "_t": "11:21:43",
                "_end": "11:24:17",
                "data": {
                    "time": 575.657867
                }
            },
            {
                "time": {
                    "start": "2019-05-30T17:21:43.885Z",
                    "end": "2019-05-30T17:24:20.443Z"
                },
                "type": "SCRUB",
                "source": "data:drag",
                "_t": "11:21:43",
                "_end": "11:24:20",
                "data": {
                    "time": 711.507987
                }
            },
            {
                "time": {
                    "start": "2019-05-30T17:21:43.885Z",
                    "end": "2019-05-30T17:24:23.220Z"
                },
                "type": "SCRUB",
                "source": "data:drag",
                "_t": "11:21:43",
                "_end": "11:24:23",
                "data": {
                    "time": 820.928347
                }
            },
            {
                "time": {
                    "start": "2019-05-30T17:21:43.885Z",
                    "end": "2019-05-30T17:24:28.549Z"
                },
                "type": "SCRUB",
                "source": "data:drag",
                "_t": "11:21:43",
                "_end": "11:24:28",
                "data": {
                    "time": 875.812026
                }
            },
            {
                "time": {
                    "start": "2019-05-30T17:21:43.885Z",
                    "end": "2019-05-30T17:24:32.875Z"
                },
                "type": "SCRUB",
                "source": "data:drag",
                "_t": "11:21:43",
                "_end": "11:24:32",
                "data": {
                    "time": 877.547021
                }
            },
            {
                "time": {
                    "start": "2019-05-30T17:21:43.885Z",
                    "end": "2019-05-30T17:24:36.016Z"
                },
                "type": "SCRUB",
                "source": "data:drag",
                "_t": "11:21:43",
                "_end": "11:24:36",
                "data": {
                    "time": 808.205048
                }
            },
            {
                "time": {
                    "start": "2019-05-30T17:21:43.885Z",
                    "end": "2019-05-30T17:24:39.518Z"
                },
                "type": "SCRUB",
                "source": "data:drag",
                "_t": "11:21:43",
                "_end": "11:24:39",
                "data": {
                    "time": 808.205048
                }
            },
            {
                "time": {
                    "start": "2019-05-30T17:21:43.885Z",
                    "end": "2019-05-30T17:24:41.496Z"
                },
                "type": "SCRUB",
                "source": "data:drag",
                "_t": "11:21:43",
                "_end": "11:24:41",
                "data": {
                    "time": 843.25195
                }
            },
            {
                "time": {
                    "start": "2019-05-30T17:21:43.885Z",
                    "end": "2019-05-30T17:24:43.570Z"
                },
                "type": "SCRUB",
                "source": "data:drag",
                "_t": "11:21:43",
                "_end": "11:24:43",
                "data": {
                    "time": 902.415284
                }
            },
            {
                "time": {
                    "start": "2019-05-30T17:21:43.885Z",
                    "end": "2019-05-30T17:24:46.704Z"
                },
                "type": "SCRUB",
                "source": "data:drag",
                "_t": "11:21:43",
                "_end": "11:24:46",
                "data": {
                    "time": 957.356797
                }
            },
            {
                "time": {
                    "start": "2019-05-30T17:21:43.885Z",
                    "end": "2019-05-30T17:24:48.758Z"
                },
                "type": "SCRUB",
                "source": "data:drag",
                "_t": "11:21:43",
                "_end": "11:24:48",
                "data": {
                    "time": 971.930756
                }
            },
            {
                "time": {
                    "start": "2019-05-30T17:21:43.885Z",
                    "end": "2019-05-30T17:24:51.369Z"
                },
                "type": "SCRUB",
                "source": "data:drag",
                "_t": "11:21:43",
                "_end": "11:24:51",
                "data": {
                    "time": 971.930756
                }
            }
        ]
    }
}