{
    "user_id": "Silver4",
    "session_id": "5d85398d81249f67dd06ae0a",
    "study": "studyE",
    "workspace": "drywall.drywall-red",
    "details": {
        "workspace": "drywall.drywall-red",
        "labels": [
            {
                "time": 67.700911,
                "endTime": 77.33527143146338,
                "type": "measuring",
                "id": 1
            },
            {
                "time": 86.969632,
                "endTime": 91.96974311000011,
                "type": "measuring",
                "id": 2
            },
            {
                "time": 130.263277,
                "endTime": 138.4341902541473,
                "type": "measuring",
                "id": 3
            },
            {
                "time": 156.849234,
                "endTime": 165.50796299536518,
                "type": "measuring",
                "id": 4
            },
            {
                "time": 187.45967,
                "endTime": 198.19161579707333,
                "type": "measuring",
                "id": 5
            },
            {
                "time": 237.582735,
                "endTime": 240.38767537877948,
                "type": "measuring",
                "id": 6
            },
            {
                "time": 429.294312,
                "endTime": 437.343271347805,
                "type": "measuring",
                "id": 7
            },
            {
                "time": 455.148545,
                "endTime": 459.6608403919513,
                "type": "measuring",
                "id": 8
            },
            {
                "time": 611.4934822139014,
                "endTime": 631.4939266539172,
                "type": "measuring",
                "id": 9
            },
            {
                "time": 644.177135,
                "endTime": 658.3237908234149,
                "type": "measuring",
                "id": 10
            },
            {
                "time": 698.32468,
                "endTime": 721.8617883958541,
                "type": "measuring",
                "id": 11
            },
            {
                "time": 730.154656,
                "endTime": 745.3988971890246,
                "type": "measuring",
                "id": 12
            },
            {
                "time": 769.179913,
                "endTime": 786.0095552726833,
                "type": "measuring",
                "id": 13
            },
            {
                "time": 803.083106,
                "endTime": 816.9858539643906,
                "type": "measuring",
                "id": 14
            },
            {
                "time": 989.0628484323919,
                "endTime": 997.2337617097028,
                "type": "measuring",
                "id": 15
            },
            {
                "time": 1080.406341,
                "endTime": 1086.6259914051175,
                "type": "cutting",
                "id": 16
            },
            {
                "time": 1093.333458,
                "endTime": 1095.1627669426873,
                "type": "cutting",
                "id": 17
            },
            {
                "time": 1099.065293,
                "endTime": 1103.0897726738995,
                "type": "cutting",
                "id": 18
            },
            {
                "time": 1109.553331,
                "endTime": 1116.8705667707263,
                "type": "cutting",
                "id": 19
            },
            {
                "time": 1120.285277,
                "endTime": 1127.8464206297738,
                "type": "cutting",
                "id": 20
            },
            {
                "time": 1181.140288,
                "endTime": 1191.628325938041,
                "type": "measuring",
                "id": 21
            }
        ],
        "_starts": [
            "2019-09-20T20:54:42.000Z"
        ],
        "_ends": [
            "2019-09-20T20:57:55.676Z"
        ]
    },
    "labels_file": "/home/ubuntu/vat/data/user-studies/studyE/drywall-red/Silver4.labels.json",
    "videoFlash": 7.957784,
    "surveys": {
        "user-info": {
            "firstname": "Michael",
            "lastname": "Davenport",
            "email": "mdaven19@byu.edu"
        },
        "practice-first": {
            "question1": "3",
            "question2": "ok",
            "question3": "50",
            "question4": "3"
        },
        "practice-second": {},
        "practice-third": {},
        "practice-survey": {},
        "drywall-blue": {
            "question1": "4",
            "question2": "3",
            "question3": "30",
            "question4": "80"
        }
    },
    "logs": {
        "labelEvents": [
            {
                "time": "2019-09-20T20:56:10.722Z",
                "type": "START",
                "source": "hotkey",
                "_t": "14:56:10",
                "_end": "-",
                "data": {
                    "type": "measuring",
                    "time": 67.700911
                }
            },
            {
                "time": "2019-09-20T20:56:13.213Z",
                "type": "END",
                "source": "data:click:h_pos",
                "_t": "14:56:13",
                "_end": "-",
                "data": {
                    "lbl": {
                        "time": 67.700911,
                        "endTime": 77.33527143146338,
                        "type": "measuring",
                        "id": 1
                    }
                }
            },
            {
                "time": "2019-09-20T20:56:16.474Z",
                "type": "START",
                "source": "hotkey",
                "_t": "14:56:16",
                "_end": "-",
                "data": {
                    "type": "measuring",
                    "time": 86.969632
                }
            },
            {
                "time": "2019-09-20T20:56:17.521Z",
                "type": "END",
                "source": "data:click:h_pos",
                "_t": "14:56:17",
                "_end": "-",
                "data": {
                    "lbl": {
                        "time": 86.969632,
                        "endTime": 91.96974311000011,
                        "type": "measuring",
                        "id": 2
                    }
                }
            },
            {
                "time": "2019-09-20T20:56:20.893Z",
                "type": "START",
                "source": "hotkey",
                "_t": "14:56:20",
                "_end": "-",
                "data": {
                    "type": "measuring",
                    "time": 130.263277
                }
            },
            {
                "time": "2019-09-20T20:56:21.550Z",
                "type": "END",
                "source": "data:click:h_pos",
                "_t": "14:56:21",
                "_end": "-",
                "data": {
                    "lbl": {
                        "time": 130.263277,
                        "endTime": 138.4341902541473,
                        "type": "measuring",
                        "id": 3
                    }
                }
            },
            {
                "time": "2019-09-20T20:56:24.193Z",
                "type": "START",
                "source": "hotkey",
                "_t": "14:56:24",
                "_end": "-",
                "data": {
                    "type": "measuring",
                    "time": 156.849234
                }
            },
            {
                "time": "2019-09-20T20:56:24.867Z",
                "type": "END",
                "source": "data:click:h_pos",
                "_t": "14:56:24",
                "_end": "-",
                "data": {
                    "lbl": {
                        "time": 156.849234,
                        "endTime": 165.50796299536518,
                        "type": "measuring",
                        "id": 4
                    }
                }
            },
            {
                "time": "2019-09-20T20:56:27.663Z",
                "type": "START",
                "source": "hotkey",
                "_t": "14:56:27",
                "_end": "-",
                "data": {
                    "type": "measuring",
                    "time": 187.45967
                }
            },
            {
                "time": "2019-09-20T20:56:28.328Z",
                "type": "END",
                "source": "data:click:h_pos",
                "_t": "14:56:28",
                "_end": "-",
                "data": {
                    "lbl": {
                        "time": 187.45967,
                        "endTime": 198.19161579707333,
                        "type": "measuring",
                        "id": 5
                    }
                }
            },
            {
                "time": "2019-09-20T20:56:38.886Z",
                "type": "START",
                "source": "hotkey",
                "_t": "14:56:38",
                "_end": "-",
                "data": {
                    "type": "measuring",
                    "time": 237.582735
                }
            },
            {
                "time": "2019-09-20T20:56:40.135Z",
                "type": "END",
                "source": "data:click:h_pos",
                "_t": "14:56:40",
                "_end": "-",
                "data": {
                    "lbl": {
                        "time": 237.582735,
                        "endTime": 240.38767537877948,
                        "type": "measuring",
                        "id": 6
                    }
                }
            },
            {
                "time": "2019-09-20T20:56:49.426Z",
                "type": "START",
                "source": "hotkey",
                "_t": "14:56:49",
                "_end": "-",
                "data": {
                    "type": "measuring",
                    "time": 429.294312
                }
            },
            {
                "time": "2019-09-20T20:56:50.622Z",
                "type": "END",
                "source": "data:click:h_pos",
                "_t": "14:56:50",
                "_end": "-",
                "data": {
                    "lbl": {
                        "time": 429.294312,
                        "endTime": 437.343271347805,
                        "type": "measuring",
                        "id": 7
                    }
                }
            },
            {
                "time": "2019-09-20T20:56:57.789Z",
                "type": "START",
                "source": "hotkey",
                "_t": "14:56:57",
                "_end": "-",
                "data": {
                    "type": "measuring",
                    "time": 455.148545
                }
            },
            {
                "time": "2019-09-20T20:56:59.028Z",
                "type": "END",
                "source": "data:click:h_pos",
                "_t": "14:56:59",
                "_end": "-",
                "data": {
                    "lbl": {
                        "time": 455.148545,
                        "endTime": 459.6608403919513,
                        "type": "measuring",
                        "id": 8
                    }
                }
            },
            {
                "time": "2019-09-20T20:57:03.747Z",
                "type": "START",
                "source": "hotkey",
                "_t": "14:57:03",
                "_end": "-",
                "data": {
                    "type": "measuring",
                    "time": 611.4934822139014
                }
            },
            {
                "time": "2019-09-20T20:57:04.135Z",
                "type": "END",
                "source": "data:click:h_pos",
                "_t": "14:57:04",
                "_end": "-",
                "data": {
                    "lbl": {
                        "time": 611.4934822139014,
                        "endTime": 631.4939266539172,
                        "type": "measuring",
                        "id": 9
                    }
                }
            },
            {
                "time": "2019-09-20T20:57:05.986Z",
                "type": "START",
                "source": "hotkey",
                "_t": "14:57:05",
                "_end": "-",
                "data": {
                    "type": "measuring",
                    "time": 644.177135
                }
            },
            {
                "time": "2019-09-20T20:57:06.723Z",
                "type": "END",
                "source": "data:click:h_pos",
                "_t": "14:57:06",
                "_end": "-",
                "data": {
                    "lbl": {
                        "time": 644.177135,
                        "endTime": 658.3237908234149,
                        "type": "measuring",
                        "id": 10
                    }
                }
            },
            {
                "time": "2019-09-20T20:57:09.344Z",
                "type": "START",
                "source": "hotkey",
                "_t": "14:57:09",
                "_end": "-",
                "data": {
                    "type": "measuring",
                    "time": 698.32468
                }
            },
            {
                "time": "2019-09-20T20:57:09.707Z",
                "type": "END",
                "source": "data:click:h_pos",
                "_t": "14:57:09",
                "_end": "-",
                "data": {
                    "lbl": {
                        "time": 698.32468,
                        "endTime": 721.8617883958541,
                        "type": "measuring",
                        "id": 11
                    }
                }
            },
            {
                "time": "2019-09-20T20:57:12.403Z",
                "type": "START",
                "source": "hotkey",
                "_t": "14:57:12",
                "_end": "-",
                "data": {
                    "type": "measuring",
                    "time": 730.154656
                }
            },
            {
                "time": "2019-09-20T20:57:12.665Z",
                "type": "END",
                "source": "data:click:h_pos",
                "_t": "14:57:12",
                "_end": "-",
                "data": {
                    "lbl": {
                        "time": 730.154656,
                        "endTime": 745.3988971890246,
                        "type": "measuring",
                        "id": 12
                    }
                }
            },
            {
                "time": "2019-09-20T20:57:14.545Z",
                "type": "START",
                "source": "hotkey",
                "_t": "14:57:14",
                "_end": "-",
                "data": {
                    "type": "measuring",
                    "time": 769.179913
                }
            },
            {
                "time": "2019-09-20T20:57:14.958Z",
                "type": "END",
                "source": "data:click:h_pos",
                "_t": "14:57:14",
                "_end": "-",
                "data": {
                    "lbl": {
                        "time": 769.179913,
                        "endTime": 786.0095552726833,
                        "type": "measuring",
                        "id": 13
                    }
                }
            },
            {
                "time": "2019-09-20T20:57:17.187Z",
                "type": "START",
                "source": "hotkey",
                "_t": "14:57:17",
                "_end": "-",
                "data": {
                    "type": "measuring",
                    "time": 803.083106
                }
            },
            {
                "time": "2019-09-20T20:57:17.404Z",
                "type": "END",
                "source": "data:click:h_pos",
                "_t": "14:57:17",
                "_end": "-",
                "data": {
                    "lbl": {
                        "time": 803.083106,
                        "endTime": 816.9858539643906,
                        "type": "measuring",
                        "id": 14
                    }
                }
            },
            {
                "time": "2019-09-20T20:57:30.929Z",
                "type": "START",
                "source": "hotkey",
                "_t": "14:57:30",
                "_end": "-",
                "data": {
                    "type": "measuring",
                    "time": 989.0628484323919
                }
            },
            {
                "time": "2019-09-20T20:57:31.439Z",
                "type": "END",
                "source": "data:click:h_pos",
                "_t": "14:57:31",
                "_end": "-",
                "data": {
                    "lbl": {
                        "time": 989.0628484323919,
                        "endTime": 997.2337617097028,
                        "type": "measuring",
                        "id": 15
                    }
                }
            },
            {
                "time": "2019-09-20T20:57:38.062Z",
                "type": "START",
                "source": "hotkey",
                "_t": "14:57:38",
                "_end": "-",
                "data": {
                    "type": "cutting",
                    "time": 1080.406341
                }
            },
            {
                "time": "2019-09-20T20:57:39.682Z",
                "type": "END",
                "source": "data:click:h_pos",
                "_t": "14:57:39",
                "_end": "-",
                "data": {
                    "lbl": {
                        "time": 1080.406341,
                        "endTime": 1086.6259914051175,
                        "type": "cutting",
                        "id": 16
                    }
                }
            },
            {
                "time": "2019-09-20T20:57:41.605Z",
                "type": "START",
                "source": "hotkey",
                "_t": "14:57:41",
                "_end": "-",
                "data": {
                    "type": "cutting",
                    "time": 1093.333458
                }
            },
            {
                "time": "2019-09-20T20:57:41.861Z",
                "type": "END",
                "source": "data:click:h_pos",
                "_t": "14:57:41",
                "_end": "-",
                "data": {
                    "lbl": {
                        "time": 1093.333458,
                        "endTime": 1095.1627669426873,
                        "type": "cutting",
                        "id": 17
                    }
                }
            },
            {
                "time": "2019-09-20T20:57:43.520Z",
                "type": "START",
                "source": "hotkey",
                "_t": "14:57:43",
                "_end": "-",
                "data": {
                    "type": "cutting",
                    "time": 1099.065293
                }
            },
            {
                "time": "2019-09-20T20:57:43.964Z",
                "type": "END",
                "source": "data:click:h_pos",
                "_t": "14:57:43",
                "_end": "-",
                "data": {
                    "lbl": {
                        "time": 1099.065293,
                        "endTime": 1103.0897726738995,
                        "type": "cutting",
                        "id": 18
                    }
                }
            },
            {
                "time": "2019-09-20T20:57:45.800Z",
                "type": "START",
                "source": "hotkey",
                "_t": "14:57:45",
                "_end": "-",
                "data": {
                    "type": "cutting",
                    "time": 1109.553331
                }
            },
            {
                "time": "2019-09-20T20:57:46.079Z",
                "type": "END",
                "source": "data:click:h_pos",
                "_t": "14:57:46",
                "_end": "-",
                "data": {
                    "lbl": {
                        "time": 1109.553331,
                        "endTime": 1116.8705667707263,
                        "type": "cutting",
                        "id": 19
                    }
                }
            },
            {
                "time": "2019-09-20T20:57:48.542Z",
                "type": "START",
                "source": "hotkey",
                "_t": "14:57:48",
                "_end": "-",
                "data": {
                    "type": "cutting",
                    "time": 1120.285277
                }
            },
            {
                "time": "2019-09-20T20:57:48.786Z",
                "type": "END",
                "source": "data:click:h_pos",
                "_t": "14:57:48",
                "_end": "-",
                "data": {
                    "lbl": {
                        "time": 1120.285277,
                        "endTime": 1127.8464206297738,
                        "type": "cutting",
                        "id": 20
                    }
                }
            },
            {
                "time": "2019-09-20T20:57:51.734Z",
                "type": "START",
                "source": "hotkey",
                "_t": "14:57:51",
                "_end": "-",
                "data": {
                    "type": "measuring",
                    "time": 1181.140288
                }
            },
            {
                "time": "2019-09-20T20:57:52.295Z",
                "type": "END",
                "source": "data:click:h_pos",
                "_t": "14:57:52",
                "_end": "-",
                "data": {
                    "lbl": {
                        "time": 1181.140288,
                        "endTime": 1191.628325938041,
                        "type": "measuring",
                        "id": 21
                    }
                }
            }
        ],
        "navigationEvents": [
            {
                "time": "2019-09-20T20:55:01.834Z",
                "type": "CHANGE-PLAYBACK-RATE",
                "source": "video:menu",
                "_t": "14:55:01",
                "_end": "-",
                "data": {
                    "oldRate": 1,
                    "newRate": 1.5
                }
            },
            {
                "time": "2019-09-20T20:55:05.445Z",
                "type": "CHANGE-PLAYBACK-RATE",
                "source": "video:menu",
                "_t": "14:55:05",
                "_end": "-",
                "data": {
                    "oldRate": 1.5,
                    "newRate": 2
                }
            },
            {
                "time": "2019-09-20T20:55:07.565Z",
                "type": "PAUSE",
                "source": "video:button",
                "_t": "14:55:07",
                "_end": "-"
            },
            {
                "time": {
                    "start": "2019-09-20T20:55:08.542Z",
                    "end": "2019-09-20T20:55:08.591Z"
                },
                "type": "SCRUB",
                "source": "video:drag",
                "_t": "14:55:08",
                "_end": "14:55:08",
                "data": {
                    "to": 208.76752572680414,
                    "from": 22.639742
                }
            },
            {
                "time": {
                    "start": "2019-09-20T20:55:09.200Z",
                    "end": "2019-09-20T20:55:09.816Z"
                },
                "type": "SCRUB",
                "source": "video:drag",
                "_t": "14:55:09",
                "_end": "14:55:09",
                "data": {
                    "to": 28.351145469072165,
                    "from": 208.767526
                }
            },
            {
                "time": "2019-09-20T20:55:10.910Z",
                "type": "PLAY",
                "source": "video:button",
                "_t": "14:55:10",
                "_end": "-"
            },
            {
                "time": "2019-09-20T20:55:15.405Z",
                "type": "PAUSE",
                "source": "video:button",
                "_t": "14:55:15",
                "_end": "-"
            },
            {
                "time": "2019-09-20T20:55:16.318Z",
                "type": "PLAY",
                "source": "video:button",
                "_t": "14:55:16",
                "_end": "-"
            },
            {
                "time": {
                    "start": "2019-09-20T20:55:19.837Z",
                    "end": "2019-09-20T20:55:20.797Z"
                },
                "type": "SCRUB",
                "source": "video:drag",
                "_t": "14:55:19",
                "_end": "14:55:20",
                "data": {
                    "to": 307.9965348685567,
                    "from": 43.74027
                }
            },
            {
                "time": "2019-09-20T20:55:37.215Z",
                "type": "CHANGE-PLAYBACK-RATE",
                "source": "video:menu",
                "_t": "14:55:37",
                "_end": "-",
                "data": {
                    "oldRate": 1,
                    "newRate": 2
                }
            },
            {
                "time": "2019-09-20T20:55:53.175Z",
                "type": "PAUSE",
                "source": "video:button",
                "_t": "14:55:53",
                "_end": "-"
            },
            {
                "time": {
                    "start": "2019-09-20T20:54:42.444Z",
                    "end": "2019-09-20T20:55:55.228Z"
                },
                "type": "SCRUB",
                "source": "data:drag",
                "_t": "14:54:42",
                "_end": "14:55:55",
                "data": {
                    "time": 53.22287999999979
                }
            },
            {
                "time": "2019-09-20T20:56:01.109Z",
                "type": "CHANGE-PLAYBACK-RATE",
                "source": "video:menu",
                "_t": "14:56:01",
                "_end": "-",
                "data": {
                    "oldRate": 2,
                    "newRate": 1
                }
            },
            {
                "time": "2019-09-20T20:56:03.367Z",
                "type": "PLAY",
                "source": "video:button",
                "_t": "14:56:03",
                "_end": "-"
            },
            {
                "time": "2019-09-20T20:56:06.084Z",
                "type": "PAUSE",
                "source": "video:button",
                "_t": "14:56:06",
                "_end": "-"
            },
            {
                "time": {
                    "start": "2019-09-20T20:54:42.444Z",
                    "end": "2019-09-20T20:56:09.904Z"
                },
                "type": "SCRUB",
                "source": "data:drag",
                "_t": "14:54:42",
                "_end": "14:56:09",
                "data": {
                    "time": 67.700911
                }
            },
            {
                "time": {
                    "start": "2019-09-20T20:54:42.444Z",
                    "end": "2019-09-20T20:56:13.211Z"
                },
                "type": "SCRUB",
                "source": "data:drag",
                "_t": "14:54:42",
                "_end": "14:56:13",
                "data": {
                    "time": 67.700911
                }
            },
            {
                "time": {
                    "start": "2019-09-20T20:54:42.444Z",
                    "end": "2019-09-20T20:56:15.743Z"
                },
                "type": "SCRUB",
                "source": "data:drag",
                "_t": "14:54:42",
                "_end": "14:56:15",
                "data": {
                    "time": 86.969632
                }
            },
            {
                "time": {
                    "start": "2019-09-20T20:54:42.444Z",
                    "end": "2019-09-20T20:56:17.518Z"
                },
                "type": "SCRUB",
                "source": "data:drag",
                "_t": "14:54:42",
                "_end": "14:56:17",
                "data": {
                    "time": 86.969632
                }
            },
            {
                "time": {
                    "start": "2019-09-20T20:54:42.444Z",
                    "end": "2019-09-20T20:56:20.558Z"
                },
                "type": "SCRUB",
                "source": "data:drag",
                "_t": "14:54:42",
                "_end": "14:56:20",
                "data": {
                    "time": 130.263277
                }
            },
            {
                "time": {
                    "start": "2019-09-20T20:54:42.444Z",
                    "end": "2019-09-20T20:56:21.548Z"
                },
                "type": "SCRUB",
                "source": "data:drag",
                "_t": "14:54:42",
                "_end": "14:56:21",
                "data": {
                    "time": 130.263277
                }
            },
            {
                "time": {
                    "start": "2019-09-20T20:54:42.444Z",
                    "end": "2019-09-20T20:56:23.688Z"
                },
                "type": "SCRUB",
                "source": "data:drag",
                "_t": "14:54:42",
                "_end": "14:56:23",
                "data": {
                    "time": 156.849234
                }
            },
            {
                "time": {
                    "start": "2019-09-20T20:54:42.444Z",
                    "end": "2019-09-20T20:56:24.865Z"
                },
                "type": "SCRUB",
                "source": "data:drag",
                "_t": "14:54:42",
                "_end": "14:56:24",
                "data": {
                    "time": 156.849234
                }
            },
            {
                "time": {
                    "start": "2019-09-20T20:54:42.444Z",
                    "end": "2019-09-20T20:56:27.326Z"
                },
                "type": "SCRUB",
                "source": "data:drag",
                "_t": "14:54:42",
                "_end": "14:56:27",
                "data": {
                    "time": 187.45967
                }
            },
            {
                "time": {
                    "start": "2019-09-20T20:54:42.444Z",
                    "end": "2019-09-20T20:56:28.325Z"
                },
                "type": "SCRUB",
                "source": "data:drag",
                "_t": "14:54:42",
                "_end": "14:56:28",
                "data": {
                    "time": 187.45967
                }
            },
            {
                "time": {
                    "start": "2019-09-20T20:54:42.444Z",
                    "end": "2019-09-20T20:56:30.600Z"
                },
                "type": "SCRUB",
                "source": "data:drag",
                "_t": "14:54:42",
                "_end": "14:56:30",
                "data": {
                    "time": 232.704578
                }
            },
            {
                "time": {
                    "start": "2019-09-20T20:54:42.444Z",
                    "end": "2019-09-20T20:56:38.497Z"
                },
                "type": "SCRUB",
                "source": "data:drag",
                "_t": "14:54:42",
                "_end": "14:56:38",
                "data": {
                    "time": 237.58273518044822
                }
            },
            {
                "time": {
                    "start": "2019-09-20T20:54:42.444Z",
                    "end": "2019-09-20T20:56:40.132Z"
                },
                "type": "SCRUB",
                "source": "data:drag",
                "_t": "14:54:42",
                "_end": "14:56:40",
                "data": {
                    "time": 237.582735
                }
            },
            {
                "time": {
                    "start": "2019-09-20T20:54:42.444Z",
                    "end": "2019-09-20T20:56:42.646Z"
                },
                "type": "SCRUB",
                "source": "data:drag",
                "_t": "14:54:42",
                "_end": "14:56:42",
                "data": {
                    "time": 361.24401952532025
                }
            },
            {
                "time": {
                    "start": "2019-09-20T20:54:42.444Z",
                    "end": "2019-09-20T20:56:48.992Z"
                },
                "type": "SCRUB",
                "source": "data:drag",
                "_t": "14:54:42",
                "_end": "14:56:48",
                "data": {
                    "time": 429.2943121931264
                }
            },
            {
                "time": {
                    "start": "2019-09-20T20:54:42.444Z",
                    "end": "2019-09-20T20:56:50.618Z"
                },
                "type": "SCRUB",
                "source": "data:drag",
                "_t": "14:54:42",
                "_end": "14:56:50",
                "data": {
                    "time": 429.294312
                }
            },
            {
                "time": {
                    "start": "2019-09-20T20:54:42.444Z",
                    "end": "2019-09-20T20:56:57.532Z"
                },
                "type": "SCRUB",
                "source": "data:drag",
                "_t": "14:54:42",
                "_end": "14:56:57",
                "data": {
                    "time": 455.148545
                }
            },
            {
                "time": {
                    "start": "2019-09-20T20:54:42.444Z",
                    "end": "2019-09-20T20:56:59.023Z"
                },
                "type": "SCRUB",
                "source": "data:drag",
                "_t": "14:54:42",
                "_end": "14:56:59",
                "data": {
                    "time": 455.148545
                }
            },
            {
                "time": {
                    "start": "2019-09-20T20:54:42.444Z",
                    "end": "2019-09-20T20:57:01.357Z"
                },
                "type": "SCRUB",
                "source": "data:drag",
                "_t": "14:54:42",
                "_end": "14:57:01",
                "data": {
                    "time": 537.467447
                }
            },
            {
                "time": {
                    "start": "2019-09-20T20:54:42.444Z",
                    "end": "2019-09-20T20:57:03.176Z"
                },
                "type": "SCRUB",
                "source": "data:drag",
                "_t": "14:54:42",
                "_end": "14:57:03",
                "data": {
                    "time": 611.4934822139014
                }
            },
            {
                "time": {
                    "start": "2019-09-20T20:54:42.444Z",
                    "end": "2019-09-20T20:57:04.133Z"
                },
                "type": "SCRUB",
                "source": "data:drag",
                "_t": "14:54:42",
                "_end": "14:57:04",
                "data": {
                    "time": 611.4934822139014
                }
            },
            {
                "time": {
                    "start": "2019-09-20T20:54:42.444Z",
                    "end": "2019-09-20T20:57:05.684Z"
                },
                "type": "SCRUB",
                "source": "data:drag",
                "_t": "14:54:42",
                "_end": "14:57:05",
                "data": {
                    "time": 644.177135
                }
            },
            {
                "time": {
                    "start": "2019-09-20T20:54:42.444Z",
                    "end": "2019-09-20T20:57:06.720Z"
                },
                "type": "SCRUB",
                "source": "data:drag",
                "_t": "14:54:42",
                "_end": "14:57:06",
                "data": {
                    "time": 644.177135
                }
            },
            {
                "time": {
                    "start": "2019-09-20T20:54:42.444Z",
                    "end": "2019-09-20T20:57:08.911Z"
                },
                "type": "SCRUB",
                "source": "data:drag",
                "_t": "14:54:42",
                "_end": "14:57:08",
                "data": {
                    "time": 698.3246797034029
                }
            },
            {
                "time": {
                    "start": "2019-09-20T20:54:42.444Z",
                    "end": "2019-09-20T20:57:09.703Z"
                },
                "type": "SCRUB",
                "source": "data:drag",
                "_t": "14:54:42",
                "_end": "14:57:09",
                "data": {
                    "time": 698.32468
                }
            },
            {
                "time": {
                    "start": "2019-09-20T20:54:42.444Z",
                    "end": "2019-09-20T20:57:11.464Z"
                },
                "type": "SCRUB",
                "source": "data:drag",
                "_t": "14:54:42",
                "_end": "14:57:11",
                "data": {
                    "time": 730.154656
                }
            },
            {
                "time": {
                    "start": "2019-09-20T20:54:42.444Z",
                    "end": "2019-09-20T20:57:12.662Z"
                },
                "type": "SCRUB",
                "source": "data:drag",
                "_t": "14:54:42",
                "_end": "14:57:12",
                "data": {
                    "time": 730.154656
                }
            },
            {
                "time": {
                    "start": "2019-09-20T20:54:42.444Z",
                    "end": "2019-09-20T20:57:14.277Z"
                },
                "type": "SCRUB",
                "source": "data:drag",
                "_t": "14:54:42",
                "_end": "14:57:14",
                "data": {
                    "time": 769.179913
                }
            },
            {
                "time": {
                    "start": "2019-09-20T20:54:42.444Z",
                    "end": "2019-09-20T20:57:14.955Z"
                },
                "type": "SCRUB",
                "source": "data:drag",
                "_t": "14:54:42",
                "_end": "14:57:14",
                "data": {
                    "time": 769.179913
                }
            },
            {
                "time": {
                    "start": "2019-09-20T20:54:42.444Z",
                    "end": "2019-09-20T20:57:16.437Z"
                },
                "type": "SCRUB",
                "source": "data:drag",
                "_t": "14:54:42",
                "_end": "14:57:16",
                "data": {
                    "time": 803.083106
                }
            },
            {
                "time": {
                    "start": "2019-09-20T20:54:42.444Z",
                    "end": "2019-09-20T20:57:17.401Z"
                },
                "type": "SCRUB",
                "source": "data:drag",
                "_t": "14:54:42",
                "_end": "14:57:17",
                "data": {
                    "time": 803.083106
                }
            },
            {
                "time": {
                    "start": "2019-09-20T20:54:42.444Z",
                    "end": "2019-09-20T20:57:22.211Z"
                },
                "type": "SCRUB",
                "source": "data:drag",
                "_t": "14:54:42",
                "_end": "14:57:22",
                "data": {
                    "time": 849.669507
                }
            },
            {
                "time": {
                    "start": "2019-09-20T20:54:42.444Z",
                    "end": "2019-09-20T20:57:30.041Z"
                },
                "type": "SCRUB",
                "source": "data:drag",
                "_t": "14:54:42",
                "_end": "14:57:30",
                "data": {
                    "time": 989.0628484323919
                }
            },
            {
                "time": {
                    "start": "2019-09-20T20:54:42.444Z",
                    "end": "2019-09-20T20:57:31.438Z"
                },
                "type": "SCRUB",
                "source": "data:drag",
                "_t": "14:54:42",
                "_end": "14:57:31",
                "data": {
                    "time": 989.0628484323919
                }
            },
            {
                "time": {
                    "start": "2019-09-20T20:54:42.444Z",
                    "end": "2019-09-20T20:57:36.993Z"
                },
                "type": "SCRUB",
                "source": "data:drag",
                "_t": "14:54:42",
                "_end": "14:57:36",
                "data": {
                    "time": 1080.406341
                }
            },
            {
                "time": {
                    "start": "2019-09-20T20:54:42.444Z",
                    "end": "2019-09-20T20:57:39.680Z"
                },
                "type": "SCRUB",
                "source": "data:drag",
                "_t": "14:54:42",
                "_end": "14:57:39",
                "data": {
                    "time": 1080.406341
                }
            },
            {
                "time": {
                    "start": "2019-09-20T20:54:42.444Z",
                    "end": "2019-09-20T20:57:40.909Z"
                },
                "type": "SCRUB",
                "source": "data:drag",
                "_t": "14:54:42",
                "_end": "14:57:40",
                "data": {
                    "time": 1093.3334575282831
                }
            },
            {
                "time": {
                    "start": "2019-09-20T20:54:42.444Z",
                    "end": "2019-09-20T20:57:41.859Z"
                },
                "type": "SCRUB",
                "source": "data:drag",
                "_t": "14:54:42",
                "_end": "14:57:41",
                "data": {
                    "time": 1093.333458
                }
            },
            {
                "time": {
                    "start": "2019-09-20T20:54:42.444Z",
                    "end": "2019-09-20T20:57:43.085Z"
                },
                "type": "SCRUB",
                "source": "data:drag",
                "_t": "14:54:42",
                "_end": "14:57:43",
                "data": {
                    "time": 1099.065293
                }
            },
            {
                "time": {
                    "start": "2019-09-20T20:54:42.444Z",
                    "end": "2019-09-20T20:57:43.961Z"
                },
                "type": "SCRUB",
                "source": "data:drag",
                "_t": "14:54:42",
                "_end": "14:57:43",
                "data": {
                    "time": 1099.065293
                }
            },
            {
                "time": {
                    "start": "2019-09-20T20:54:42.444Z",
                    "end": "2019-09-20T20:57:45.230Z"
                },
                "type": "SCRUB",
                "source": "data:drag",
                "_t": "14:54:42",
                "_end": "14:57:45",
                "data": {
                    "time": 1109.553331
                }
            },
            {
                "time": {
                    "start": "2019-09-20T20:54:42.444Z",
                    "end": "2019-09-20T20:57:46.075Z"
                },
                "type": "SCRUB",
                "source": "data:drag",
                "_t": "14:54:42",
                "_end": "14:57:46",
                "data": {
                    "time": 1109.553331
                }
            },
            {
                "time": {
                    "start": "2019-09-20T20:54:42.444Z",
                    "end": "2019-09-20T20:57:47.550Z"
                },
                "type": "SCRUB",
                "source": "data:drag",
                "_t": "14:54:42",
                "_end": "14:57:47",
                "data": {
                    "time": 1120.285277
                }
            },
            {
                "time": {
                    "start": "2019-09-20T20:54:42.444Z",
                    "end": "2019-09-20T20:57:48.783Z"
                },
                "type": "SCRUB",
                "source": "data:drag",
                "_t": "14:54:42",
                "_end": "14:57:48",
                "data": {
                    "time": 1120.285277
                }
            },
            {
                "time": {
                    "start": "2019-09-20T20:54:42.444Z",
                    "end": "2019-09-20T20:57:51.403Z"
                },
                "type": "SCRUB",
                "source": "data:drag",
                "_t": "14:54:42",
                "_end": "14:57:51",
                "data": {
                    "time": 1181.140288
                }
            },
            {
                "time": {
                    "start": "2019-09-20T20:54:42.444Z",
                    "end": "2019-09-20T20:57:52.291Z"
                },
                "type": "SCRUB",
                "source": "data:drag",
                "_t": "14:54:42",
                "_end": "14:57:52",
                "data": {
                    "time": 1181.140288
                }
            },
            {
                "time": {
                    "start": "2019-09-20T20:54:42.444Z",
                    "end": "2019-09-20T20:57:55.619Z"
                },
                "type": "SCRUB",
                "source": "data:drag",
                "_t": "14:54:42",
                "_end": "14:57:55",
                "data": {
                    "time": 1255.8980467909084
                }
            }
        ]
    }
}