{
    "user_id": "tan5",
    "session_id": "5d7bb30c81249f67dd06acc3",
    "study": "studyE",
    "workspace": "drywall.drywall-red",
    "details": {
        "workspace": "drywall.drywall-red",
        "labels": [
            {
                "time": 128.722334,
                "endTime": 142.091355,
                "type": "measuring",
                "id": 1
            },
            {
                "time": 151.101292,
                "endTime": 175.26973,
                "type": "measuring",
                "id": 2
            },
            {
                "time": 186.786355,
                "endTime": 207.521876,
                "type": "measuring",
                "id": 3
            },
            {
                "time": 215.793751,
                "endTime": 228.482834,
                "type": "measuring",
                "id": 4
            },
            {
                "time": 235.607188,
                "endTime": 247.668667,
                "type": "measuring",
                "id": 5
            }
        ],
        "_starts": [
            "2019-09-13T15:29:44.000Z"
        ],
        "_ends": [
            "2019-09-13T15:33:33.278Z"
        ]
    },
    "labels_file": "/home/ubuntu/vat/data/user-studies/studyE/drywall-red/tan5.labels.json",
    "videoFlash": 7.957784,
    "surveys": {
        "user-info": {
            "firstname": "Alison",
            "lastname": "Jepsen",
            "email": "adjopen@gmail.com"
        },
        "practice-first": {
            "question1": "4",
            "question2": "ok",
            "question3": "70",
            "question4": "3"
        },
        "practice-second": {},
        "practice-third": {},
        "practice-survey": {},
        "drywall-blue": {
            "question1": "5",
            "question2": "5",
            "question3": "20",
            "question4": "80"
        }
    },
    "logs": {
        "labelEvents": [
            {
                "time": "2019-09-13T15:31:04.891Z",
                "type": "START",
                "source": "hotkey",
                "_t": "09:31:04",
                "_end": "-",
                "data": {
                    "type": "measuring",
                    "time": 128.722334
                }
            },
            {
                "time": "2019-09-13T15:31:18.263Z",
                "type": "END",
                "source": "hotkey:ctb",
                "_t": "09:31:18",
                "_end": "-",
                "data": {
                    "lbl": {
                        "time": 128.722334,
                        "endTime": 142.091355,
                        "type": "measuring",
                        "id": 1
                    },
                    "key": "enter"
                }
            },
            {
                "time": "2019-09-13T15:31:27.256Z",
                "type": "START",
                "source": "hotkey",
                "_t": "09:31:27",
                "_end": "-",
                "data": {
                    "type": "measuring",
                    "time": 151.101292
                }
            },
            {
                "time": "2019-09-13T15:31:51.430Z",
                "type": "END",
                "source": "hotkey:ctb",
                "_t": "09:31:51",
                "_end": "-",
                "data": {
                    "lbl": {
                        "time": 151.101292,
                        "endTime": 175.26973,
                        "type": "measuring",
                        "id": 2
                    },
                    "key": "enter"
                }
            },
            {
                "time": "2019-09-13T15:32:02.930Z",
                "type": "START",
                "source": "hotkey",
                "_t": "09:32:02",
                "_end": "-",
                "data": {
                    "type": "measuring",
                    "time": 186.786355
                }
            },
            {
                "time": "2019-09-13T15:32:23.702Z",
                "type": "END",
                "source": "hotkey:ctb",
                "_t": "09:32:23",
                "_end": "-",
                "data": {
                    "lbl": {
                        "time": 186.786355,
                        "endTime": 207.521876,
                        "type": "measuring",
                        "id": 3
                    },
                    "key": "enter"
                }
            },
            {
                "time": "2019-09-13T15:32:31.944Z",
                "type": "START",
                "source": "hotkey",
                "_t": "09:32:31",
                "_end": "-",
                "data": {
                    "type": "measuring",
                    "time": 215.793751
                }
            },
            {
                "time": "2019-09-13T15:32:44.627Z",
                "type": "END",
                "source": "hotkey:ctb",
                "_t": "09:32:44",
                "_end": "-",
                "data": {
                    "lbl": {
                        "time": 215.793751,
                        "endTime": 228.482834,
                        "type": "measuring",
                        "id": 4
                    },
                    "key": "enter"
                }
            },
            {
                "time": "2019-09-13T15:32:57.000Z",
                "type": "START",
                "source": "hotkey",
                "_t": "09:32:57",
                "_end": "-",
                "data": {
                    "type": "measuring",
                    "time": 235.607188
                }
            },
            {
                "time": "2019-09-13T15:33:09.030Z",
                "type": "END",
                "source": "hotkey:ctb",
                "_t": "09:33:09",
                "_end": "-",
                "data": {
                    "lbl": {
                        "time": 235.607188,
                        "endTime": 247.668667,
                        "type": "measuring",
                        "id": 5
                    },
                    "key": "enter"
                }
            },
            {
                "time": "2019-09-13T15:33:19.593Z",
                "type": "START",
                "source": "hotkey",
                "_t": "09:33:19",
                "_end": "-",
                "data": {
                    "type": "measuring",
                    "time": 258.203375
                }
            }
        ],
        "navigationEvents": [
            {
                "time": {
                    "start": "2019-09-13T15:30:48.781Z",
                    "end": "2019-09-13T15:30:48.849Z"
                },
                "type": "SCRUB",
                "source": "video:drag",
                "_t": "09:30:48",
                "_end": "09:30:48",
                "data": {
                    "to": 42.52671820360825,
                    "from": 15.443429
                }
            },
            {
                "time": {
                    "start": "2019-09-13T15:30:50.677Z",
                    "end": "2019-09-13T15:30:50.753Z"
                },
                "type": "SCRUB",
                "source": "video:drag",
                "_t": "09:30:50",
                "_end": "09:30:50",
                "data": {
                    "to": 76.0326173943299,
                    "from": 44.31653
                }
            },
            {
                "time": {
                    "start": "2019-09-13T15:30:53.352Z",
                    "end": "2019-09-13T15:30:53.400Z"
                },
                "type": "SCRUB",
                "source": "video:drag",
                "_t": "09:30:53",
                "_end": "09:30:53",
                "data": {
                    "to": 117.27064716752578,
                    "from": 78.548929
                }
            },
            {
                "time": "2019-09-13T15:32:49.593Z",
                "type": "SKIP",
                "source": "hotkey",
                "_t": "09:32:49",
                "_end": "-",
                "data": {
                    "t": 233.409397,
                    "Δt": 5,
                    "key": "right"
                }
            },
            {
                "time": "2019-09-13T15:32:51.528Z",
                "type": "SKIP",
                "source": "hotkey",
                "_t": "09:32:51",
                "_end": "-",
                "data": {
                    "t": 240.28023,
                    "Δt": -5,
                    "key": "left"
                }
            },
            {
                "time": "2019-09-13T15:32:52.754Z",
                "type": "SKIP",
                "source": "hotkey",
                "_t": "09:32:52",
                "_end": "-",
                "data": {
                    "t": 236.415313,
                    "Δt": -5,
                    "key": "left"
                }
            },
            {
                "time": "2019-09-13T15:33:24.312Z",
                "type": "SKIP",
                "source": "hotkey",
                "_t": "09:33:24",
                "_end": "-",
                "data": {
                    "t": 262.930042,
                    "Δt": 5,
                    "key": "right"
                }
            },
            {
                "time": "2019-09-13T15:33:25.925Z",
                "type": "SKIP",
                "source": "hotkey",
                "_t": "09:33:25",
                "_end": "-",
                "data": {
                    "t": 269.475042,
                    "Δt": 5,
                    "key": "right"
                }
            },
            {
                "time": "2019-09-13T15:33:26.935Z",
                "type": "SKIP",
                "source": "hotkey",
                "_t": "09:33:26",
                "_end": "-",
                "data": {
                    "t": 275.404208,
                    "Δt": 5,
                    "key": "right"
                }
            },
            {
                "time": "2019-09-13T15:33:29.770Z",
                "type": "SKIP",
                "source": "hotkey",
                "_t": "09:33:29",
                "_end": "-",
                "data": {
                    "t": 283.173666,
                    "Δt": 5,
                    "key": "right"
                }
            }
        ]
    }
}