{
    "user_id": "yellow2",
    "session_id": "5cf16de781249f67dd06a9fe",
    "study": "studyE",
    "workspace": "drywall.drywall-red",
    "details": {
        "workspace": "drywall.drywall-red",
        "labels": [
            {
                "time": 67.836254,
                "endTime": 81.98291611382115,
                "type": "measuring",
                "id": 1
            },
            {
                "time": 86.495213,
                "endTime": 93.6904980406504,
                "type": "measuring",
                "id": 2
            },
            {
                "time": 113.447043,
                "endTime": 120.27646608943088,
                "type": "measuring",
                "id": 3
            },
            {
                "time": 122.471637,
                "endTime": 127.34979634959348,
                "type": "measuring",
                "id": 4
            },
            {
                "time": 132.349909,
                "endTime": 139.5451940406504,
                "type": "measuring",
                "id": 5
            },
            {
                "time": 142.228181,
                "endTime": 148.20392620325202,
                "type": "measuring",
                "id": 6
            },
            {
                "time": 153.325993,
                "endTime": 167.10679316260166,
                "type": "measuring",
                "id": 7
            },
            {
                "time": 188.44874,
                "endTime": 198.20505869918696,
                "type": "measuring",
                "id": 8
            },
            {
                "time": 339.3570952113813,
                "endTime": 347.59991026829283,
                "type": "measuring",
                "id": 9
            },
            {
                "time": 613.992938,
                "endTime": 631.5322227723562,
                "type": "measuring",
                "id": 10
            },
            {
                "time": 643.195218,
                "endTime": 656.0003862926818,
                "type": "measuring",
                "id": 11
            },
            {
                "time": 662.341993,
                "endTime": 689.2938234065017,
                "type": "measuring",
                "id": 12
            },
            {
                "time": 633.19499,
                "endTime": 641.4878608943081,
                "type": "measuring",
                "id": 13
            },
            {
                "time": 696.854969,
                "endTime": 724.6604772926805,
                "type": "measuring",
                "id": 14
            },
            {
                "time": 728.928866,
                "endTime": 748.8073653495917,
                "type": "measuring",
                "id": 15
            },
            {
                "time": 753.441616,
                "endTime": 765.8809223414623,
                "type": "measuring",
                "id": 16
            }
        ],
        "_starts": [
            "2019-05-31T18:22:42.000Z"
        ],
        "_ends": [
            "2019-05-31T18:26:37.655Z"
        ]
    },
    "labels_file": "/home/ubuntu/vat/data/user-studies/studyE/drywall-red/yellow2.labels.json",
    "videoFlash": 7.957784,
    "surveys": {
        "user-info": {
            "firstname": "William",
            "lastname": "Andersen",
            "email": "anderstars@gmail.com"
        },
        "practice-first": {
            "question1": "5",
            "question2": "ok",
            "question3": "90",
            "question4": "5"
        },
        "practice-second": {},
        "practice-third": {},
        "practice-survey": {},
        "drywall-blue": {
            "question1": "4",
            "question2": "2",
            "question3": "30",
            "question4": "10"
        }
    },
    "logs": {
        "labelEvents": [
            {
                "time": "2019-05-31T18:23:50.020Z",
                "type": "START",
                "source": "hotkey",
                "_t": "12:23:50",
                "_end": "-",
                "data": {
                    "type": "measuring",
                    "time": 67.836254
                }
            },
            {
                "time": "2019-05-31T18:23:52.919Z",
                "type": "END",
                "source": "data:click:h_pos",
                "_t": "12:23:52",
                "_end": "-",
                "data": {
                    "lbl": {
                        "time": 67.836254,
                        "endTime": 81.98291611382115,
                        "type": "measuring",
                        "id": 1
                    }
                }
            },
            {
                "time": "2019-05-31T18:23:57.650Z",
                "type": "START",
                "source": "side-bar:button",
                "_t": "12:23:57",
                "_end": "-",
                "data": {
                    "type": "measuring",
                    "time": 86.495213
                }
            },
            {
                "time": "2019-05-31T18:24:03.685Z",
                "type": "END",
                "source": "data:click:h_pos",
                "_t": "12:24:03",
                "_end": "-",
                "data": {
                    "lbl": {
                        "time": 86.495213,
                        "endTime": 93.6904980406504,
                        "type": "measuring",
                        "id": 2
                    }
                }
            },
            {
                "time": "2019-05-31T18:24:11.979Z",
                "type": "START",
                "source": "side-bar:button",
                "_t": "12:24:11",
                "_end": "-",
                "data": {
                    "type": "measuring",
                    "time": 113.447043
                }
            },
            {
                "time": "2019-05-31T18:24:15.310Z",
                "type": "END",
                "source": "data:click:h_pos",
                "_t": "12:24:15",
                "_end": "-",
                "data": {
                    "lbl": {
                        "time": 113.447043,
                        "endTime": 120.27646608943088,
                        "type": "measuring",
                        "id": 3
                    }
                }
            },
            {
                "time": "2019-05-31T18:24:20.516Z",
                "type": "START",
                "source": "hotkey",
                "_t": "12:24:20",
                "_end": "-",
                "data": {
                    "type": "measuring",
                    "time": 122.471637
                }
            },
            {
                "time": "2019-05-31T18:24:21.598Z",
                "type": "END",
                "source": "data:click:h_pos",
                "_t": "12:24:21",
                "_end": "-",
                "data": {
                    "lbl": {
                        "time": 122.471637,
                        "endTime": 127.34979634959348,
                        "type": "measuring",
                        "id": 4
                    }
                }
            },
            {
                "time": "2019-05-31T18:24:25.364Z",
                "type": "START",
                "source": "hotkey",
                "_t": "12:24:25",
                "_end": "-",
                "data": {
                    "type": "measuring",
                    "time": 132.349909
                }
            },
            {
                "time": "2019-05-31T18:24:26.571Z",
                "type": "END",
                "source": "data:click:h_pos",
                "_t": "12:24:26",
                "_end": "-",
                "data": {
                    "lbl": {
                        "time": 132.349909,
                        "endTime": 139.5451940406504,
                        "type": "measuring",
                        "id": 5
                    }
                }
            },
            {
                "time": "2019-05-31T18:24:31.988Z",
                "type": "START",
                "source": "hotkey",
                "_t": "12:24:31",
                "_end": "-",
                "data": {
                    "type": "measuring",
                    "time": 142.228181
                }
            },
            {
                "time": "2019-05-31T18:24:33.310Z",
                "type": "END",
                "source": "data:click:h_pos",
                "_t": "12:24:33",
                "_end": "-",
                "data": {
                    "lbl": {
                        "time": 142.228181,
                        "endTime": 148.20392620325202,
                        "type": "measuring",
                        "id": 6
                    }
                }
            },
            {
                "time": "2019-05-31T18:24:36.229Z",
                "type": "START",
                "source": "hotkey",
                "_t": "12:24:36",
                "_end": "-",
                "data": {
                    "type": "measuring",
                    "time": 153.325993
                }
            },
            {
                "time": "2019-05-31T18:24:39.998Z",
                "type": "END",
                "source": "data:click:h_pos",
                "_t": "12:24:39",
                "_end": "-",
                "data": {
                    "lbl": {
                        "time": 153.325993,
                        "endTime": 167.10679316260166,
                        "type": "measuring",
                        "id": 7
                    }
                }
            },
            {
                "time": "2019-05-31T18:24:43.237Z",
                "type": "START",
                "source": "hotkey",
                "_t": "12:24:43",
                "_end": "-",
                "data": {
                    "type": "measuring",
                    "time": 188.44874
                }
            },
            {
                "time": "2019-05-31T18:24:44.726Z",
                "type": "END",
                "source": "data:click:h_pos",
                "_t": "12:24:44",
                "_end": "-",
                "data": {
                    "lbl": {
                        "time": 188.44874,
                        "endTime": 198.20505869918696,
                        "type": "measuring",
                        "id": 8
                    }
                }
            },
            {
                "time": "2019-05-31T18:25:13.218Z",
                "type": "START",
                "source": "hotkey",
                "_t": "12:25:13",
                "_end": "-",
                "data": {
                    "type": "measuring",
                    "time": 258.768639
                }
            },
            {
                "time": "2019-05-31T18:25:18.790Z",
                "type": "END",
                "source": "data:click:h_pos",
                "_t": "12:25:18",
                "_end": "-",
                "data": {
                    "lbl": {
                        "time": 258.768639,
                        "endTime": 277.33285724390134,
                        "type": "measuring",
                        "id": 9
                    }
                }
            },
            {
                "time": "2019-05-31T18:25:19.319Z",
                "type": "SELECT",
                "source": "data:click",
                "_t": "12:25:19",
                "_end": "-",
                "data": {
                    "time": 258.768639,
                    "endTime": 277.33285724390134,
                    "type": "measuring",
                    "id": 9
                }
            },
            {
                "time": "2019-05-31T18:25:21.284Z",
                "type": "DELETE",
                "source": "side-bar:button",
                "_t": "12:25:21",
                "_end": "-",
                "data": {
                    "id": 9,
                    "idx": 8
                }
            },
            {
                "time": "2019-05-31T18:25:45.202Z",
                "type": "START",
                "source": "hotkey",
                "_t": "12:25:45",
                "_end": "-",
                "data": {
                    "type": "measuring",
                    "time": 340.362037
                }
            },
            {
                "time": "2019-05-31T18:25:46.456Z",
                "type": "END",
                "source": "data:click:h_pos",
                "_t": "12:25:46",
                "_end": "-",
                "data": {
                    "lbl": {
                        "time": 339.3570952113813,
                        "endTime": 347.59991026829283,
                        "type": "measuring",
                        "id": 9
                    }
                }
            },
            {
                "time": "2019-05-31T18:25:47.622Z",
                "type": "SELECT",
                "source": "data:click",
                "_t": "12:25:47",
                "_end": "-",
                "data": {
                    "time": 339.3570952113813,
                    "endTime": 347.59991026829283,
                    "type": "measuring",
                    "id": 9
                }
            },
            {
                "time": {
                    "start": "2019-05-31T18:25:48.729Z",
                    "end": "2019-05-31T18:25:49.332Z"
                },
                "type": "RESIZE",
                "source": "data:brush",
                "_t": "12:25:48",
                "_end": "12:25:49",
                "data": {
                    "brushing": true,
                    "origin": [
                        340.362037,
                        347.0194502682922
                    ],
                    "_brushside": 0,
                    "start": "2019-05-31T18:25:48.729Z",
                    "ε": 0.1,
                    "mode": "resize"
                }
            },
            {
                "time": "2019-05-31T18:25:59.956Z",
                "type": "START",
                "source": "hotkey",
                "_t": "12:25:59",
                "_end": "-",
                "data": {
                    "type": "measuring",
                    "time": 613.992938
                }
            },
            {
                "time": "2019-05-31T18:26:00.904Z",
                "type": "END",
                "source": "data:click:h_pos",
                "_t": "12:26:00",
                "_end": "-",
                "data": {
                    "lbl": {
                        "time": 613.992938,
                        "endTime": 631.5322227723562,
                        "type": "measuring",
                        "id": 10
                    }
                }
            },
            {
                "time": "2019-05-31T18:26:07.909Z",
                "type": "START",
                "source": "hotkey",
                "_t": "12:26:07",
                "_end": "-",
                "data": {
                    "type": "measuring",
                    "time": 643.195218
                }
            },
            {
                "time": "2019-05-31T18:26:12.351Z",
                "type": "END",
                "source": "data:click:h_pos",
                "_t": "12:26:12",
                "_end": "-",
                "data": {
                    "lbl": {
                        "time": 643.195218,
                        "endTime": 656.0003862926818,
                        "type": "measuring",
                        "id": 11
                    }
                }
            },
            {
                "time": "2019-05-31T18:26:14.821Z",
                "type": "START",
                "source": "hotkey",
                "_t": "12:26:14",
                "_end": "-",
                "data": {
                    "type": "measuring",
                    "time": 662.341993
                }
            },
            {
                "time": "2019-05-31T18:26:16.239Z",
                "type": "END",
                "source": "data:click:h_pos",
                "_t": "12:26:16",
                "_end": "-",
                "data": {
                    "lbl": {
                        "time": 662.341993,
                        "endTime": 689.2938234065017,
                        "type": "measuring",
                        "id": 12
                    }
                }
            },
            {
                "time": "2019-05-31T18:26:20.229Z",
                "type": "START",
                "source": "hotkey",
                "_t": "12:26:20",
                "_end": "-",
                "data": {
                    "type": "measuring",
                    "time": 633.19499
                }
            },
            {
                "time": "2019-05-31T18:26:22.048Z",
                "type": "END",
                "source": "data:click:h_pos",
                "_t": "12:26:22",
                "_end": "-",
                "data": {
                    "lbl": {
                        "time": 633.19499,
                        "endTime": 641.4878608943081,
                        "type": "measuring",
                        "id": 13
                    }
                }
            },
            {
                "time": "2019-05-31T18:26:25.238Z",
                "type": "START",
                "source": "hotkey",
                "_t": "12:26:25",
                "_end": "-",
                "data": {
                    "type": "measuring",
                    "time": 696.854969
                }
            },
            {
                "time": "2019-05-31T18:26:27.255Z",
                "type": "END",
                "source": "data:click:h_pos",
                "_t": "12:26:27",
                "_end": "-",
                "data": {
                    "lbl": {
                        "time": 696.854969,
                        "endTime": 724.6604772926805,
                        "type": "measuring",
                        "id": 14
                    }
                }
            },
            {
                "time": "2019-05-31T18:26:29.238Z",
                "type": "START",
                "source": "hotkey",
                "_t": "12:26:29",
                "_end": "-",
                "data": {
                    "type": "measuring",
                    "time": 728.928866
                }
            },
            {
                "time": "2019-05-31T18:26:30.689Z",
                "type": "END",
                "source": "data:click:h_pos",
                "_t": "12:26:30",
                "_end": "-",
                "data": {
                    "lbl": {
                        "time": 728.928866,
                        "endTime": 748.8073653495917,
                        "type": "measuring",
                        "id": 15
                    }
                }
            },
            {
                "time": "2019-05-31T18:26:33.095Z",
                "type": "START",
                "source": "hotkey",
                "_t": "12:26:33",
                "_end": "-",
                "data": {
                    "type": "measuring",
                    "time": 753.441616
                }
            },
            {
                "time": "2019-05-31T18:26:34.408Z",
                "type": "END",
                "source": "data:click:h_pos",
                "_t": "12:26:34",
                "_end": "-",
                "data": {
                    "lbl": {
                        "time": 753.441616,
                        "endTime": 765.8809223414623,
                        "type": "measuring",
                        "id": 16
                    }
                }
            },
            {
                "time": "2019-05-31T18:26:36.068Z",
                "type": "START",
                "source": "hotkey",
                "_t": "12:26:36",
                "_end": "-",
                "data": {
                    "type": "measuring",
                    "time": 768.076094
                }
            }
        ],
        "navigationEvents": [
            {
                "time": "2019-05-31T18:23:39.257Z",
                "type": "PLAY",
                "source": "hotkey",
                "_t": "12:23:39",
                "_end": "-",
                "data": {
                    "key": "space"
                }
            },
            {
                "time": "2019-05-31T18:23:41.061Z",
                "type": "SKIP",
                "source": "hotkey",
                "_t": "12:23:41",
                "_end": "-",
                "data": {
                    "t": 9.697093,
                    "Δt": 5,
                    "key": "right"
                }
            },
            {
                "time": "2019-05-31T18:23:41.746Z",
                "type": "SKIP",
                "source": "hotkey",
                "_t": "12:23:41",
                "_end": "-",
                "data": {
                    "t": 15.17919,
                    "Δt": 5,
                    "key": "right"
                }
            },
            {
                "time": "2019-05-31T18:23:41.937Z",
                "type": "SKIP",
                "source": "hotkey",
                "_t": "12:23:41",
                "_end": "-",
                "data": {
                    "t": 20.195569,
                    "Δt": 5,
                    "key": "right"
                }
            },
            {
                "time": "2019-05-31T18:23:42.179Z",
                "type": "SKIP",
                "source": "hotkey",
                "_t": "12:23:42",
                "_end": "-",
                "data": {
                    "t": 25.295111,
                    "Δt": 5,
                    "key": "right"
                }
            },
            {
                "time": "2019-05-31T18:23:42.371Z",
                "type": "SKIP",
                "source": "hotkey",
                "_t": "12:23:42",
                "_end": "-",
                "data": {
                    "t": 30.295111,
                    "Δt": 5,
                    "key": "right"
                }
            },
            {
                "time": "2019-05-31T18:23:42.531Z",
                "type": "SKIP",
                "source": "hotkey",
                "_t": "12:23:42",
                "_end": "-",
                "data": {
                    "t": 35.295111,
                    "Δt": 5,
                    "key": "right"
                }
            },
            {
                "time": "2019-05-31T18:23:42.707Z",
                "type": "SKIP",
                "source": "hotkey",
                "_t": "12:23:42",
                "_end": "-",
                "data": {
                    "t": 40.295111,
                    "Δt": 5,
                    "key": "right"
                }
            },
            {
                "time": "2019-05-31T18:23:42.853Z",
                "type": "SKIP",
                "source": "hotkey",
                "_t": "12:23:42",
                "_end": "-",
                "data": {
                    "t": 45.295111,
                    "Δt": 5,
                    "key": "right"
                }
            },
            {
                "time": "2019-05-31T18:23:43.027Z",
                "type": "SKIP",
                "source": "hotkey",
                "_t": "12:23:43",
                "_end": "-",
                "data": {
                    "t": 50.295111,
                    "Δt": 5,
                    "key": "right"
                }
            },
            {
                "time": "2019-05-31T18:23:43.204Z",
                "type": "SKIP",
                "source": "hotkey",
                "_t": "12:23:43",
                "_end": "-",
                "data": {
                    "t": 55.295111,
                    "Δt": 5,
                    "key": "right"
                }
            },
            {
                "time": "2019-05-31T18:23:44.103Z",
                "type": "SKIP",
                "source": "hotkey",
                "_t": "12:23:44",
                "_end": "-",
                "data": {
                    "t": 60.787069,
                    "Δt": 5,
                    "key": "right"
                }
            },
            {
                "time": "2019-05-31T18:23:47.843Z",
                "type": "PAUSE",
                "source": "hotkey",
                "_t": "12:23:47",
                "_end": "-",
                "data": {
                    "key": "space"
                }
            },
            {
                "time": {
                    "start": "2019-05-31T18:22:42.097Z",
                    "end": "2019-05-31T18:23:52.915Z"
                },
                "type": "SCRUB",
                "source": "data:drag",
                "_t": "12:22:42",
                "_end": "12:23:52",
                "data": {
                    "time": 67.836254
                }
            },
            {
                "time": {
                    "start": "2019-05-31T18:22:42.097Z",
                    "end": "2019-05-31T18:23:54.923Z"
                },
                "type": "SCRUB",
                "source": "data:drag",
                "_t": "12:22:42",
                "_end": "12:23:54",
                "data": {
                    "time": 67.836254
                }
            },
            {
                "time": {
                    "start": "2019-05-31T18:22:42.097Z",
                    "end": "2019-05-31T18:23:55.059Z"
                },
                "type": "SCRUB",
                "source": "data:drag",
                "_t": "12:22:42",
                "_end": "12:23:55",
                "data": {
                    "time": 67.836254
                }
            },
            {
                "time": "2019-05-31T18:23:55.063Z",
                "type": "JUMP",
                "source": "data:dblclick:h_pos",
                "_t": "12:23:55",
                "_end": "-",
                "data": {
                    "from": 67.836254,
                    "to": 86.49521351219514
                }
            },
            {
                "time": {
                    "start": "2019-05-31T18:22:42.097Z",
                    "end": "2019-05-31T18:24:03.683Z"
                },
                "type": "SCRUB",
                "source": "data:drag",
                "_t": "12:22:42",
                "_end": "12:24:03",
                "data": {
                    "time": 86.495213
                }
            },
            {
                "time": {
                    "start": "2019-05-31T18:22:42.097Z",
                    "end": "2019-05-31T18:24:07.819Z"
                },
                "type": "SCRUB",
                "source": "data:drag",
                "_t": "12:22:42",
                "_end": "12:24:07",
                "data": {
                    "time": 86.495213
                }
            },
            {
                "time": {
                    "start": "2019-05-31T18:22:42.097Z",
                    "end": "2019-05-31T18:24:07.938Z"
                },
                "type": "SCRUB",
                "source": "data:drag",
                "_t": "12:22:42",
                "_end": "12:24:07",
                "data": {
                    "time": 86.495213
                }
            },
            {
                "time": "2019-05-31T18:24:07.944Z",
                "type": "JUMP",
                "source": "data:dblclick:h_pos",
                "_t": "12:24:07",
                "_end": "-",
                "data": {
                    "from": 86.495213,
                    "to": 113.4470434065041
                }
            },
            {
                "time": {
                    "start": "2019-05-31T18:22:42.097Z",
                    "end": "2019-05-31T18:24:15.307Z"
                },
                "type": "SCRUB",
                "source": "data:drag",
                "_t": "12:22:42",
                "_end": "12:24:15",
                "data": {
                    "time": 113.447043
                }
            },
            {
                "time": {
                    "start": "2019-05-31T18:22:42.097Z",
                    "end": "2019-05-31T18:24:16.739Z"
                },
                "type": "SCRUB",
                "source": "data:drag",
                "_t": "12:22:42",
                "_end": "12:24:16",
                "data": {
                    "time": 113.447043
                }
            },
            {
                "time": {
                    "start": "2019-05-31T18:22:42.097Z",
                    "end": "2019-05-31T18:24:16.891Z"
                },
                "type": "SCRUB",
                "source": "data:drag",
                "_t": "12:22:42",
                "_end": "12:24:16",
                "data": {
                    "time": 113.447043
                }
            },
            {
                "time": "2019-05-31T18:24:16.895Z",
                "type": "JUMP",
                "source": "data:dblclick:h_pos",
                "_t": "12:24:16",
                "_end": "-",
                "data": {
                    "from": 113.447043,
                    "to": 122.47163779674796
                }
            },
            {
                "time": {
                    "start": "2019-05-31T18:22:42.097Z",
                    "end": "2019-05-31T18:24:21.595Z"
                },
                "type": "SCRUB",
                "source": "data:drag",
                "_t": "12:22:42",
                "_end": "12:24:21",
                "data": {
                    "time": 122.471637
                }
            },
            {
                "time": {
                    "start": "2019-05-31T18:22:42.097Z",
                    "end": "2019-05-31T18:24:22.811Z"
                },
                "type": "SCRUB",
                "source": "data:drag",
                "_t": "12:22:42",
                "_end": "12:24:22",
                "data": {
                    "time": 122.471637
                }
            },
            {
                "time": {
                    "start": "2019-05-31T18:22:42.097Z",
                    "end": "2019-05-31T18:24:22.963Z"
                },
                "type": "SCRUB",
                "source": "data:drag",
                "_t": "12:22:42",
                "_end": "12:24:22",
                "data": {
                    "time": 122.471637
                }
            },
            {
                "time": "2019-05-31T18:24:22.967Z",
                "type": "JUMP",
                "source": "data:dblclick:h_pos",
                "_t": "12:24:22",
                "_end": "-",
                "data": {
                    "from": 122.471637,
                    "to": 132.3499096829268
                }
            },
            {
                "time": {
                    "start": "2019-05-31T18:22:42.097Z",
                    "end": "2019-05-31T18:24:26.569Z"
                },
                "type": "SCRUB",
                "source": "data:drag",
                "_t": "12:22:42",
                "_end": "12:24:26",
                "data": {
                    "time": 132.349909
                }
            },
            {
                "time": {
                    "start": "2019-05-31T18:22:42.097Z",
                    "end": "2019-05-31T18:24:30.387Z"
                },
                "type": "SCRUB",
                "source": "data:drag",
                "_t": "12:22:42",
                "_end": "12:24:30",
                "data": {
                    "time": 132.349909
                }
            },
            {
                "time": {
                    "start": "2019-05-31T18:22:42.097Z",
                    "end": "2019-05-31T18:24:30.547Z"
                },
                "type": "SCRUB",
                "source": "data:drag",
                "_t": "12:22:42",
                "_end": "12:24:30",
                "data": {
                    "time": 132.349909
                }
            },
            {
                "time": "2019-05-31T18:24:30.554Z",
                "type": "JUMP",
                "source": "data:dblclick:h_pos",
                "_t": "12:24:30",
                "_end": "-",
                "data": {
                    "from": 132.349909,
                    "to": 142.22818168292685
                }
            },
            {
                "time": {
                    "start": "2019-05-31T18:22:42.097Z",
                    "end": "2019-05-31T18:24:33.307Z"
                },
                "type": "SCRUB",
                "source": "data:drag",
                "_t": "12:22:42",
                "_end": "12:24:33",
                "data": {
                    "time": 142.228181
                }
            },
            {
                "time": {
                    "start": "2019-05-31T18:22:42.097Z",
                    "end": "2019-05-31T18:24:34.429Z"
                },
                "type": "SCRUB",
                "source": "data:drag",
                "_t": "12:22:42",
                "_end": "12:24:34",
                "data": {
                    "time": 142.228181
                }
            },
            {
                "time": {
                    "start": "2019-05-31T18:22:42.097Z",
                    "end": "2019-05-31T18:24:34.555Z"
                },
                "type": "SCRUB",
                "source": "data:drag",
                "_t": "12:22:42",
                "_end": "12:24:34",
                "data": {
                    "time": 142.228181
                }
            },
            {
                "time": "2019-05-31T18:24:34.559Z",
                "type": "JUMP",
                "source": "data:dblclick:h_pos",
                "_t": "12:24:34",
                "_end": "-",
                "data": {
                    "from": 142.228181,
                    "to": 153.32599352032523
                }
            },
            {
                "time": {
                    "start": "2019-05-31T18:22:42.097Z",
                    "end": "2019-05-31T18:24:39.995Z"
                },
                "type": "SCRUB",
                "source": "data:drag",
                "_t": "12:22:42",
                "_end": "12:24:39",
                "data": {
                    "time": 153.325993
                }
            },
            {
                "time": {
                    "start": "2019-05-31T18:22:42.097Z",
                    "end": "2019-05-31T18:24:41.251Z"
                },
                "type": "SCRUB",
                "source": "data:drag",
                "_t": "12:22:42",
                "_end": "12:24:41",
                "data": {
                    "time": 153.325993
                }
            },
            {
                "time": {
                    "start": "2019-05-31T18:22:42.097Z",
                    "end": "2019-05-31T18:24:41.403Z"
                },
                "type": "SCRUB",
                "source": "data:drag",
                "_t": "12:22:42",
                "_end": "12:24:41",
                "data": {
                    "time": 153.325993
                }
            },
            {
                "time": "2019-05-31T18:24:41.410Z",
                "type": "JUMP",
                "source": "data:dblclick:h_pos",
                "_t": "12:24:41",
                "_end": "-",
                "data": {
                    "from": 153.325993,
                    "to": 188.44874031707323
                }
            },
            {
                "time": {
                    "start": "2019-05-31T18:22:42.097Z",
                    "end": "2019-05-31T18:24:44.723Z"
                },
                "type": "SCRUB",
                "source": "data:drag",
                "_t": "12:22:42",
                "_end": "12:24:44",
                "data": {
                    "time": 188.44874
                }
            },
            {
                "time": "2019-05-31T18:24:45.637Z",
                "type": "PLAY",
                "source": "hotkey",
                "_t": "12:24:45",
                "_end": "-",
                "data": {
                    "key": "space"
                }
            },
            {
                "time": {
                    "start": "2019-05-31T18:22:42.097Z",
                    "end": "2019-05-31T18:24:59.201Z"
                },
                "type": "SCRUB",
                "source": "data:drag",
                "_t": "12:22:42",
                "_end": "12:24:59",
                "data": {
                    "time": 277.235779
                }
            },
            {
                "time": {
                    "start": "2019-05-31T18:22:42.097Z",
                    "end": "2019-05-31T18:25:10.019Z"
                },
                "type": "SCRUB",
                "source": "data:drag",
                "_t": "12:22:42",
                "_end": "12:25:10",
                "data": {
                    "time": 256.217944
                }
            },
            {
                "time": {
                    "start": "2019-05-31T18:22:42.097Z",
                    "end": "2019-05-31T18:25:13.234Z"
                },
                "type": "SCRUB",
                "source": "data:drag",
                "_t": "12:22:42",
                "_end": "12:25:13",
                "data": {
                    "time": 258.784768
                }
            },
            {
                "time": {
                    "start": "2019-05-31T18:22:42.097Z",
                    "end": "2019-05-31T18:25:18.787Z"
                },
                "type": "SCRUB",
                "source": "data:drag",
                "_t": "12:22:42",
                "_end": "12:25:18",
                "data": {
                    "time": 264.334576
                }
            },
            {
                "time": {
                    "start": "2019-05-31T18:22:42.097Z",
                    "end": "2019-05-31T18:25:19.316Z"
                },
                "type": "SCRUB",
                "source": "data:drag",
                "_t": "12:22:42",
                "_end": "12:25:19",
                "data": {
                    "time": 264.862666
                }
            },
            {
                "time": {
                    "start": "2019-05-31T18:22:42.097Z",
                    "end": "2019-05-31T18:25:28.216Z"
                },
                "type": "SCRUB",
                "source": "data:drag",
                "_t": "12:22:42",
                "_end": "12:25:28",
                "data": {
                    "time": 258.023372
                }
            },
            {
                "time": {
                    "start": "2019-05-31T18:22:42.097Z",
                    "end": "2019-05-31T18:25:33.546Z"
                },
                "type": "SCRUB",
                "source": "data:drag",
                "_t": "12:22:42",
                "_end": "12:25:33",
                "data": {
                    "time": 263.31502
                }
            },
            {
                "time": {
                    "start": "2019-05-31T18:22:42.097Z",
                    "end": "2019-05-31T18:25:33.644Z"
                },
                "type": "SCRUB",
                "source": "data:drag",
                "_t": "12:22:42",
                "_end": "12:25:33",
                "data": {
                    "time": 263.416119
                }
            },
            {
                "time": "2019-05-31T18:25:33.653Z",
                "type": "JUMP",
                "source": "data:dblclick:h_pos",
                "_t": "12:25:33",
                "_end": "-",
                "data": {
                    "from": 263.424391,
                    "to": 295.9256376422767
                }
            },
            {
                "time": {
                    "start": "2019-05-31T18:22:42.097Z",
                    "end": "2019-05-31T18:25:41.624Z"
                },
                "type": "SCRUB",
                "source": "data:drag",
                "_t": "12:22:42",
                "_end": "12:25:41",
                "data": {
                    "time": 314.537738
                }
            },
            {
                "time": {
                    "start": "2019-05-31T18:22:42.097Z",
                    "end": "2019-05-31T18:25:42.227Z"
                },
                "type": "SCRUB",
                "source": "data:drag",
                "_t": "12:22:42",
                "_end": "12:25:42",
                "data": {
                    "time": 314.577896
                }
            },
            {
                "time": {
                    "start": "2019-05-31T18:22:42.097Z",
                    "end": "2019-05-31T18:25:42.427Z"
                },
                "type": "SCRUB",
                "source": "data:drag",
                "_t": "12:22:42",
                "_end": "12:25:42",
                "data": {
                    "time": 314.783842
                }
            },
            {
                "time": {
                    "start": "2019-05-31T18:22:42.097Z",
                    "end": "2019-05-31T18:25:43.932Z"
                },
                "type": "SCRUB",
                "source": "data:drag",
                "_t": "12:22:42",
                "_end": "12:25:43",
                "data": {
                    "time": 316.284089
                }
            },
            {
                "time": {
                    "start": "2019-05-31T18:22:42.097Z",
                    "end": "2019-05-31T18:25:43.995Z"
                },
                "type": "SCRUB",
                "source": "data:drag",
                "_t": "12:22:42",
                "_end": "12:25:43",
                "data": {
                    "time": 316.351981
                }
            },
            {
                "time": "2019-05-31T18:25:44.002Z",
                "type": "JUMP",
                "source": "data:dblclick:h_pos",
                "_t": "12:25:44",
                "_end": "-",
                "data": {
                    "from": 316.35834,
                    "to": 339.6157768780467
                }
            },
            {
                "time": {
                    "start": "2019-05-31T18:22:42.097Z",
                    "end": "2019-05-31T18:25:46.456Z"
                },
                "type": "SCRUB",
                "source": "data:drag",
                "_t": "12:22:42",
                "_end": "12:25:46",
                "data": {
                    "time": 341.610474
                }
            },
            {
                "time": {
                    "start": "2019-05-31T18:22:42.097Z",
                    "end": "2019-05-31T18:25:47.202Z"
                },
                "type": "SCRUB",
                "source": "data:drag",
                "_t": "12:22:42",
                "_end": "12:25:47",
                "data": {
                    "time": 342.360868
                }
            },
            {
                "time": {
                    "start": "2019-05-31T18:22:42.097Z",
                    "end": "2019-05-31T18:25:47.619Z"
                },
                "type": "SCRUB",
                "source": "data:drag",
                "_t": "12:22:42",
                "_end": "12:25:47",
                "data": {
                    "time": 342.775711
                }
            },
            {
                "time": {
                    "start": "2019-05-31T18:22:42.097Z",
                    "end": "2019-05-31T18:25:49.342Z"
                },
                "type": "SCRUB",
                "source": "data:drag",
                "_t": "12:22:42",
                "_end": "12:25:49",
                "data": {
                    "time": 344.497011
                }
            },
            {
                "time": {
                    "start": "2019-05-31T18:22:42.097Z",
                    "end": "2019-05-31T18:25:55.011Z"
                },
                "type": "SCRUB",
                "source": "data:drag",
                "_t": "12:22:42",
                "_end": "12:25:55",
                "data": {
                    "time": 445.686211
                }
            },
            {
                "time": {
                    "start": "2019-05-31T18:22:42.097Z",
                    "end": "2019-05-31T18:25:55.973Z"
                },
                "type": "SCRUB",
                "source": "data:drag",
                "_t": "12:22:42",
                "_end": "12:25:55",
                "data": {
                    "time": 550.322729
                }
            },
            {
                "time": {
                    "start": "2019-05-31T18:22:42.097Z",
                    "end": "2019-05-31T18:25:59.010Z"
                },
                "type": "SCRUB",
                "source": "data:drag",
                "_t": "12:22:42",
                "_end": "12:25:59",
                "data": {
                    "time": 611.593108
                }
            },
            {
                "time": {
                    "start": "2019-05-31T18:22:42.097Z",
                    "end": "2019-05-31T18:25:59.210Z"
                },
                "type": "SCRUB",
                "source": "data:drag",
                "_t": "12:22:42",
                "_end": "12:25:59",
                "data": {
                    "time": 611.609953
                }
            },
            {
                "time": {
                    "start": "2019-05-31T18:22:42.097Z",
                    "end": "2019-05-31T18:25:59.888Z"
                },
                "type": "SCRUB",
                "source": "data:drag",
                "_t": "12:22:42",
                "_end": "12:25:59",
                "data": {
                    "time": 613.930468
                }
            },
            {
                "time": {
                    "start": "2019-05-31T18:22:42.097Z",
                    "end": "2019-05-31T18:26:00.903Z"
                },
                "type": "SCRUB",
                "source": "data:drag",
                "_t": "12:22:42",
                "_end": "12:26:00",
                "data": {
                    "time": 614.939119
                }
            },
            {
                "time": {
                    "start": "2019-05-31T18:22:42.097Z",
                    "end": "2019-05-31T18:26:04.404Z"
                },
                "type": "SCRUB",
                "source": "data:drag",
                "_t": "12:22:42",
                "_end": "12:26:04",
                "data": {
                    "time": 618.442288
                }
            },
            {
                "time": "2019-05-31T18:26:05.139Z",
                "type": "PAUSE",
                "source": "hotkey",
                "_t": "12:26:05",
                "_end": "-",
                "data": {
                    "key": "space"
                }
            },
            {
                "time": {
                    "start": "2019-05-31T18:22:42.097Z",
                    "end": "2019-05-31T18:26:06.260Z"
                },
                "type": "SCRUB",
                "source": "data:drag",
                "_t": "12:22:42",
                "_end": "12:26:06",
                "data": {
                    "time": 619.170284
                }
            },
            {
                "time": {
                    "start": "2019-05-31T18:22:42.097Z",
                    "end": "2019-05-31T18:26:07.022Z"
                },
                "type": "SCRUB",
                "source": "data:drag",
                "_t": "12:22:42",
                "_end": "12:26:07",
                "data": {
                    "time": 619.170284
                }
            },
            {
                "time": {
                    "start": "2019-05-31T18:22:42.097Z",
                    "end": "2019-05-31T18:26:07.164Z"
                },
                "type": "SCRUB",
                "source": "data:drag",
                "_t": "12:22:42",
                "_end": "12:26:07",
                "data": {
                    "time": 619.170284
                }
            },
            {
                "time": "2019-05-31T18:26:07.169Z",
                "type": "JUMP",
                "source": "data:dblclick:h_pos",
                "_t": "12:26:07",
                "_end": "-",
                "data": {
                    "from": 619.170284,
                    "to": 643.1952187967458
                }
            },
            {
                "time": {
                    "start": "2019-05-31T18:22:42.097Z",
                    "end": "2019-05-31T18:26:12.348Z"
                },
                "type": "SCRUB",
                "source": "data:drag",
                "_t": "12:22:42",
                "_end": "12:26:12",
                "data": {
                    "time": 643.195218
                }
            },
            {
                "time": {
                    "start": "2019-05-31T18:22:42.097Z",
                    "end": "2019-05-31T18:26:13.628Z"
                },
                "type": "SCRUB",
                "source": "data:drag",
                "_t": "12:22:42",
                "_end": "12:26:13",
                "data": {
                    "time": 643.195218
                }
            },
            {
                "time": {
                    "start": "2019-05-31T18:22:42.097Z",
                    "end": "2019-05-31T18:26:13.764Z"
                },
                "type": "SCRUB",
                "source": "data:drag",
                "_t": "12:22:42",
                "_end": "12:26:13",
                "data": {
                    "time": 643.195218
                }
            },
            {
                "time": "2019-05-31T18:26:13.772Z",
                "type": "JUMP",
                "source": "data:dblclick:h_pos",
                "_t": "12:26:13",
                "_end": "-",
                "data": {
                    "from": 643.195218,
                    "to": 662.3419934471527
                }
            },
            {
                "time": {
                    "start": "2019-05-31T18:22:42.097Z",
                    "end": "2019-05-31T18:26:16.236Z"
                },
                "type": "SCRUB",
                "source": "data:drag",
                "_t": "12:22:42",
                "_end": "12:26:16",
                "data": {
                    "time": 662.341993
                }
            },
            {
                "time": {
                    "start": "2019-05-31T18:22:42.097Z",
                    "end": "2019-05-31T18:26:17.931Z"
                },
                "type": "SCRUB",
                "source": "data:drag",
                "_t": "12:22:42",
                "_end": "12:26:17",
                "data": {
                    "time": 662.341993
                }
            },
            {
                "time": {
                    "start": "2019-05-31T18:22:42.097Z",
                    "end": "2019-05-31T18:26:18.100Z"
                },
                "type": "SCRUB",
                "source": "data:drag",
                "_t": "12:22:42",
                "_end": "12:26:18",
                "data": {
                    "time": 662.341993
                }
            },
            {
                "time": "2019-05-31T18:26:18.108Z",
                "type": "JUMP",
                "source": "data:dblclick:h_pos",
                "_t": "12:26:18",
                "_end": "-",
                "data": {
                    "from": 662.341993,
                    "to": 633.1949908861814
                }
            },
            {
                "time": {
                    "start": "2019-05-31T18:22:42.097Z",
                    "end": "2019-05-31T18:26:22.044Z"
                },
                "type": "SCRUB",
                "source": "data:drag",
                "_t": "12:22:42",
                "_end": "12:26:22",
                "data": {
                    "time": 633.19499
                }
            },
            {
                "time": {
                    "start": "2019-05-31T18:22:42.097Z",
                    "end": "2019-05-31T18:26:23.326Z"
                },
                "type": "SCRUB",
                "source": "data:drag",
                "_t": "12:22:42",
                "_end": "12:26:23",
                "data": {
                    "time": 662.098084
                }
            },
            {
                "time": {
                    "start": "2019-05-31T18:22:42.097Z",
                    "end": "2019-05-31T18:26:24.196Z"
                },
                "type": "SCRUB",
                "source": "data:drag",
                "_t": "12:22:42",
                "_end": "12:26:24",
                "data": {
                    "time": 662.098084
                }
            },
            {
                "time": {
                    "start": "2019-05-31T18:22:42.097Z",
                    "end": "2019-05-31T18:26:24.356Z"
                },
                "type": "SCRUB",
                "source": "data:drag",
                "_t": "12:22:42",
                "_end": "12:26:24",
                "data": {
                    "time": 662.098084
                }
            },
            {
                "time": "2019-05-31T18:26:24.361Z",
                "type": "JUMP",
                "source": "data:dblclick:h_pos",
                "_t": "12:26:24",
                "_end": "-",
                "data": {
                    "from": 662.098084,
                    "to": 696.8549693658506
                }
            },
            {
                "time": {
                    "start": "2019-05-31T18:22:42.097Z",
                    "end": "2019-05-31T18:26:27.252Z"
                },
                "type": "SCRUB",
                "source": "data:drag",
                "_t": "12:22:42",
                "_end": "12:26:27",
                "data": {
                    "time": 696.854969
                }
            },
            {
                "time": {
                    "start": "2019-05-31T18:22:42.097Z",
                    "end": "2019-05-31T18:26:28.221Z"
                },
                "type": "SCRUB",
                "source": "data:drag",
                "_t": "12:22:42",
                "_end": "12:26:28",
                "data": {
                    "time": 696.854969
                }
            },
            {
                "time": {
                    "start": "2019-05-31T18:22:42.097Z",
                    "end": "2019-05-31T18:26:28.365Z"
                },
                "type": "SCRUB",
                "source": "data:drag",
                "_t": "12:22:42",
                "_end": "12:26:28",
                "data": {
                    "time": 696.854969
                }
            },
            {
                "time": "2019-05-31T18:26:28.374Z",
                "type": "JUMP",
                "source": "data:dblclick:h_pos",
                "_t": "12:26:28",
                "_end": "-",
                "data": {
                    "from": 696.854969,
                    "to": 728.9288667235744
                }
            },
            {
                "time": {
                    "start": "2019-05-31T18:22:42.097Z",
                    "end": "2019-05-31T18:26:30.684Z"
                },
                "type": "SCRUB",
                "source": "data:drag",
                "_t": "12:22:42",
                "_end": "12:26:30",
                "data": {
                    "time": 728.928866
                }
            },
            {
                "time": {
                    "start": "2019-05-31T18:22:42.097Z",
                    "end": "2019-05-31T18:26:31.780Z"
                },
                "type": "SCRUB",
                "source": "data:drag",
                "_t": "12:22:42",
                "_end": "12:26:31",
                "data": {
                    "time": 728.928866
                }
            },
            {
                "time": {
                    "start": "2019-05-31T18:22:42.097Z",
                    "end": "2019-05-31T18:26:31.949Z"
                },
                "type": "SCRUB",
                "source": "data:drag",
                "_t": "12:22:42",
                "_end": "12:26:31",
                "data": {
                    "time": 728.928866
                }
            },
            {
                "time": "2019-05-31T18:26:31.959Z",
                "type": "JUMP",
                "source": "data:dblclick:h_pos",
                "_t": "12:26:31",
                "_end": "-",
                "data": {
                    "from": 728.928866,
                    "to": 753.4416167317052
                }
            },
            {
                "time": {
                    "start": "2019-05-31T18:22:42.097Z",
                    "end": "2019-05-31T18:26:34.405Z"
                },
                "type": "SCRUB",
                "source": "data:drag",
                "_t": "12:22:42",
                "_end": "12:26:34",
                "data": {
                    "time": 753.441616
                }
            },
            {
                "time": {
                    "start": "2019-05-31T18:22:42.097Z",
                    "end": "2019-05-31T18:26:35.612Z"
                },
                "type": "SCRUB",
                "source": "data:drag",
                "_t": "12:22:42",
                "_end": "12:26:35",
                "data": {
                    "time": 753.441616
                }
            },
            {
                "time": {
                    "start": "2019-05-31T18:22:42.097Z",
                    "end": "2019-05-31T18:26:35.757Z"
                },
                "type": "SCRUB",
                "source": "data:drag",
                "_t": "12:22:42",
                "_end": "12:26:35",
                "data": {
                    "time": 753.441616
                }
            },
            {
                "time": "2019-05-31T18:26:35.767Z",
                "type": "JUMP",
                "source": "data:dblclick:h_pos",
                "_t": "12:26:35",
                "_end": "-",
                "data": {
                    "from": 753.441616,
                    "to": 768.0760940487792
                }
            }
        ]
    }
}