{
    "user_id": "046",
    "session_id": "5a78823bee2b1975ba835b71",
    "study": "studyC",
    "workspace": "cane.cane-vid3-dat3",
    "details": {
        "workspace": "cane.cane-vid3-dat3",
        "labels": [
            {
                "time": 38.677514964482455,
                "endTime": 57.0677810191565,
                "type": "ground",
                "id": 1
            }
        ],
        "_starts": [
            "2018-02-05T16:12:06.000Z"
        ],
        "_ends": [
            "2018-02-05T16:15:35.308Z"
        ]
    },
    "labels_file": "/home/ubuntu/vat/data/user-studies/studyC/practice-first/046.labels.json",
    "videoFlash": 1.747661,
    "surveys": {
        "user-info": {
            "firstname": "Gibson",
            "lastname": "Ainge",
            "email": "gainge@gmail.com"
        }
    },
    "logs": {
        "labelEvents": [
            {
                "time": "2018-02-05T16:14:10.119Z",
                "type": "START",
                "source": "side-bar:button",
                "_t": "09:14:10",
                "_end": "-",
                "data": {
                    "type": "ground",
                    "time": 35.621433
                }
            },
            {
                "time": "2018-02-05T16:14:14.033Z",
                "type": "END",
                "source": "data:click:h_pos",
                "_t": "09:14:14",
                "_end": "-",
                "data": {
                    "lbl": {
                        "time": 38.677514964482455,
                        "endTime": 57.0677810191565,
                        "type": "ground",
                        "id": 1
                    }
                }
            },
            {
                "time": "2018-02-05T16:14:25.649Z",
                "type": "SELECT",
                "source": "data:click",
                "_t": "09:14:25",
                "_end": "-",
                "data": {
                    "time": 38.677514964482455,
                    "endTime": 57.0677810191565,
                    "type": "ground",
                    "id": 1
                }
            },
            {
                "time": {
                    "start": "2018-02-05T16:14:26.531Z",
                    "end": "2018-02-05T16:14:27.952Z"
                },
                "type": "RESIZE",
                "source": "data:brush",
                "_t": "09:14:26",
                "_end": "09:14:27",
                "data": {
                    "brushing": true,
                    "origin": [
                        35.621433,
                        60.2272963950102
                    ],
                    "_brushside": 0,
                    "start": "2018-02-05T16:14:26.531Z",
                    "ε": 0.1,
                    "mode": "resize"
                }
            },
            {
                "time": "2018-02-05T16:14:28.457Z",
                "type": "DESELECT",
                "source": "data:click",
                "_t": "09:14:28",
                "_end": "-",
                "data": {
                    "time": 37.04654153920558,
                    "endTime": 60.22729639501557,
                    "type": "ground",
                    "id": 1
                }
            },
            {
                "time": "2018-02-05T16:14:36.593Z",
                "type": "SELECT",
                "source": "data:click",
                "_t": "09:14:36",
                "_end": "-",
                "data": {
                    "time": 38.677514964482455,
                    "endTime": 57.0677810191565,
                    "type": "ground",
                    "id": 1
                }
            },
            {
                "time": "2018-02-05T16:14:36.742Z",
                "type": "DESELECT",
                "source": "data:click",
                "_t": "09:14:36",
                "_end": "-",
                "data": {
                    "time": 37.04654153920558,
                    "endTime": 60.22729639501557,
                    "type": "ground",
                    "id": 1
                }
            },
            {
                "time": "2018-02-05T16:14:38.467Z",
                "type": "SELECT",
                "source": "data:click",
                "_t": "09:14:38",
                "_end": "-",
                "data": {
                    "time": 38.677514964482455,
                    "endTime": 57.0677810191565,
                    "type": "ground",
                    "id": 1
                }
            },
            {
                "time": {
                    "start": "2018-02-05T16:14:39.241Z",
                    "end": "2018-02-05T16:14:41.479Z"
                },
                "type": "RESIZE",
                "source": "data:brush",
                "_t": "09:14:39",
                "_end": "09:14:41",
                "data": {
                    "brushing": true,
                    "origin": [
                        37.04654153920558,
                        60.22729639501557
                    ],
                    "_brushside": 0,
                    "start": "2018-02-05T16:14:39.241Z",
                    "ε": 0.1,
                    "mode": "resize"
                }
            },
            {
                "time": {
                    "start": "2018-02-05T16:14:45.018Z",
                    "end": "2018-02-05T16:14:45.608Z"
                },
                "type": "MOVE",
                "source": "data:brush",
                "_t": "09:14:45",
                "_end": "09:14:45",
                "data": {
                    "brushing": true,
                    "origin": [
                        38.62325736981645,
                        60.227296395021
                    ],
                    "start": "2018-02-05T16:14:45.018Z",
                    "ε": 0.1,
                    "mode": "move"
                }
            },
            {
                "time": "2018-02-05T16:14:45.627Z",
                "type": "DESELECT",
                "source": "data:click",
                "_t": "09:14:45",
                "_end": "-",
                "data": {
                    "time": 33.4681038056061,
                    "endTime": 55.07214283081065,
                    "type": "ground",
                    "id": 1
                }
            },
            {
                "time": "2018-02-05T16:14:48.785Z",
                "type": "SELECT",
                "source": "data:click",
                "_t": "09:14:48",
                "_end": "-",
                "data": {
                    "time": 38.677514964482455,
                    "endTime": 57.0677810191565,
                    "type": "ground",
                    "id": 1
                }
            },
            {
                "time": {
                    "start": "2018-02-05T16:14:49.434Z",
                    "end": "2018-02-05T16:14:51.496Z"
                },
                "type": "RESIZE",
                "source": "data:brush",
                "_t": "09:14:49",
                "_end": "09:14:51",
                "data": {
                    "brushing": true,
                    "origin": [
                        33.4681038056061,
                        55.07214283081065
                    ],
                    "_brushside": 0,
                    "start": "2018-02-05T16:14:49.434Z",
                    "ε": 0.1,
                    "mode": "resize"
                }
            },
            {
                "time": "2018-02-05T16:15:18.329Z",
                "type": "DESELECT",
                "source": "data:click",
                "_t": "09:15:18",
                "_end": "-",
                "data": {
                    "time": 38.67751496446521,
                    "endTime": 55.07214283081065,
                    "type": "ground",
                    "id": 1
                }
            },
            {
                "time": "2018-02-05T16:15:23.522Z",
                "type": "SELECT",
                "source": "data:click",
                "_t": "09:15:23",
                "_end": "-",
                "data": {
                    "time": 38.677514964482455,
                    "endTime": 57.0677810191565,
                    "type": "ground",
                    "id": 1
                }
            },
            {
                "time": {
                    "start": "2018-02-05T16:15:24.499Z",
                    "end": "2018-02-05T16:15:26.177Z"
                },
                "type": "RESIZE",
                "source": "data:brush",
                "_t": "09:15:24",
                "_end": "09:15:26",
                "data": {
                    "brushing": true,
                    "origin": [
                        38.67751496446521,
                        55.07214283081065
                    ],
                    "_brushside": 1,
                    "start": "2018-02-05T16:15:24.499Z",
                    "ε": 0.1,
                    "mode": "resize"
                }
            },
            {
                "time": "2018-02-05T16:15:30.003Z",
                "type": "DESELECT",
                "source": "data:click",
                "_t": "09:15:30",
                "_end": "-",
                "data": {
                    "time": 38.677514964482455,
                    "endTime": 57.0677810191565,
                    "type": "ground",
                    "id": 1
                }
            }
        ],
        "navigationEvents": [
            {
                "time": {
                    "start": "2018-02-05T16:12:06.118Z",
                    "end": "2018-02-05T16:13:42.128Z"
                },
                "type": "SCRUB",
                "source": "data:drag",
                "_t": "09:12:06",
                "_end": "09:13:42",
                "data": {
                    "time": 3.01562
                }
            },
            {
                "time": {
                    "start": "2018-02-05T16:12:06.118Z",
                    "end": "2018-02-05T16:13:42.589Z"
                },
                "type": "SCRUB",
                "source": "data:drag",
                "_t": "09:12:06",
                "_end": "09:13:42",
                "data": {
                    "time": 3.380772
                }
            },
            {
                "time": {
                    "start": "2018-02-05T16:12:06.118Z",
                    "end": "2018-02-05T16:13:42.718Z"
                },
                "type": "SCRUB",
                "source": "data:drag",
                "_t": "09:12:06",
                "_end": "09:13:42",
                "data": {
                    "time": 3.387631
                }
            },
            {
                "time": {
                    "start": "2018-02-05T16:12:06.118Z",
                    "end": "2018-02-05T16:13:47.928Z"
                },
                "type": "SCRUB",
                "source": "data:drag",
                "_t": "09:12:06",
                "_end": "09:13:47",
                "data": {
                    "time": 8.508897
                }
            },
            {
                "time": {
                    "start": "2018-02-05T16:12:06.118Z",
                    "end": "2018-02-05T16:13:48.077Z"
                },
                "type": "SCRUB",
                "source": "data:drag",
                "_t": "09:12:06",
                "_end": "09:13:48",
                "data": {
                    "time": 8.494329
                }
            },
            {
                "time": {
                    "start": "2018-02-05T16:12:06.118Z",
                    "end": "2018-02-05T16:13:49.091Z"
                },
                "type": "SCRUB",
                "source": "data:drag",
                "_t": "09:12:06",
                "_end": "09:13:49",
                "data": {
                    "time": 9.206457
                }
            },
            {
                "time": {
                    "start": "2018-02-05T16:12:06.118Z",
                    "end": "2018-02-05T16:13:49.222Z"
                },
                "type": "SCRUB",
                "source": "data:drag",
                "_t": "09:12:06",
                "_end": "09:13:49",
                "data": {
                    "time": 9.233954
                }
            },
            {
                "time": "2018-02-05T16:13:49.227Z",
                "type": "JUMP",
                "source": "data:dblclick:h_pos",
                "_t": "09:13:49",
                "_end": "-",
                "data": {
                    "from": 9.238861,
                    "to": 31.791922415407356
                }
            },
            {
                "time": {
                    "start": "2018-02-05T16:12:06.118Z",
                    "end": "2018-02-05T16:14:00.990Z"
                },
                "type": "SCRUB",
                "source": "data:drag",
                "_t": "09:12:06",
                "_end": "09:14:00",
                "data": {
                    "time": 43.198045
                }
            },
            {
                "time": "2018-02-05T16:14:03.174Z",
                "type": "PAUSE",
                "source": "hotkey",
                "_t": "09:14:03",
                "_end": "-",
                "data": {
                    "key": "space"
                }
            },
            {
                "time": {
                    "start": "2018-02-05T16:12:06.118Z",
                    "end": "2018-02-05T16:14:04.526Z"
                },
                "type": "SCRUB",
                "source": "data:drag",
                "_t": "09:12:06",
                "_end": "09:14:04",
                "data": {
                    "time": 45.384944
                }
            },
            {
                "time": {
                    "start": "2018-02-05T16:12:06.118Z",
                    "end": "2018-02-05T16:14:04.672Z"
                },
                "type": "SCRUB",
                "source": "data:drag",
                "_t": "09:12:06",
                "_end": "09:14:04",
                "data": {
                    "time": 45.384944
                }
            },
            {
                "time": "2018-02-05T16:14:04.676Z",
                "type": "JUMP",
                "source": "data:dblclick:h_pos",
                "_t": "09:14:04",
                "_end": "-",
                "data": {
                    "from": 45.384944,
                    "to": 37.850061617178014
                }
            },
            {
                "time": {
                    "start": "2018-02-05T16:12:06.118Z",
                    "end": "2018-02-05T16:14:06.727Z"
                },
                "type": "SCRUB",
                "source": "data:drag",
                "_t": "09:12:06",
                "_end": "09:14:06",
                "data": {
                    "time": 37.850061
                }
            },
            {
                "time": {
                    "start": "2018-02-05T16:12:06.118Z",
                    "end": "2018-02-05T16:14:06.839Z"
                },
                "type": "SCRUB",
                "source": "data:drag",
                "_t": "09:12:06",
                "_end": "09:14:06",
                "data": {
                    "time": 37.850061
                }
            },
            {
                "time": "2018-02-05T16:14:06.842Z",
                "type": "JUMP",
                "source": "data:dblclick:h_pos",
                "_t": "09:14:06",
                "_end": "-",
                "data": {
                    "from": 37.850061,
                    "to": 35.62143381634843
                }
            },
            {
                "time": {
                    "start": "2018-02-05T16:12:06.118Z",
                    "end": "2018-02-05T16:14:14.029Z"
                },
                "type": "SCRUB",
                "source": "data:drag",
                "_t": "09:12:06",
                "_end": "09:14:14",
                "data": {
                    "time": 35.621433
                }
            },
            {
                "time": "2018-02-05T16:14:15.026Z",
                "type": "PLAY",
                "source": "hotkey",
                "_t": "09:14:15",
                "_end": "-",
                "data": {
                    "key": "space"
                }
            },
            {
                "time": "2018-02-05T16:14:17.409Z",
                "type": "PAUSE",
                "source": "hotkey",
                "_t": "09:14:17",
                "_end": "-",
                "data": {
                    "key": "space"
                }
            },
            {
                "time": {
                    "start": "2018-02-05T16:12:06.118Z",
                    "end": "2018-02-05T16:14:19.778Z"
                },
                "type": "SCRUB",
                "source": "data:drag",
                "_t": "09:12:06",
                "_end": "09:14:19",
                "data": {
                    "time": 37.92479
                }
            },
            {
                "time": {
                    "start": "2018-02-05T16:12:06.118Z",
                    "end": "2018-02-05T16:14:22.272Z"
                },
                "type": "SCRUB",
                "source": "data:drag",
                "_t": "09:12:06",
                "_end": "09:14:22",
                "data": {
                    "time": 37.864147
                }
            },
            {
                "time": {
                    "start": "2018-02-05T16:12:06.118Z",
                    "end": "2018-02-05T16:14:22.842Z"
                },
                "type": "SCRUB",
                "source": "data:drag",
                "_t": "09:12:06",
                "_end": "09:14:22",
                "data": {
                    "time": 37.833825
                }
            },
            {
                "time": {
                    "start": "2018-02-05T16:12:06.118Z",
                    "end": "2018-02-05T16:14:22.895Z"
                },
                "type": "SCRUB",
                "source": "data:drag",
                "_t": "09:12:06",
                "_end": "09:14:22",
                "data": {
                    "time": 37.833825
                }
            },
            {
                "time": {
                    "start": "2018-02-05T16:12:06.118Z",
                    "end": "2018-02-05T16:14:25.647Z"
                },
                "type": "SCRUB",
                "source": "data:drag",
                "_t": "09:12:06",
                "_end": "09:14:25",
                "data": {
                    "time": 37.833825
                }
            },
            {
                "time": {
                    "start": "2018-02-05T16:12:06.118Z",
                    "end": "2018-02-05T16:14:27.961Z"
                },
                "type": "SCRUB",
                "source": "data:drag",
                "_t": "09:12:06",
                "_end": "09:14:27",
                "data": {
                    "time": 37.833825
                }
            },
            {
                "time": {
                    "start": "2018-02-05T16:12:06.118Z",
                    "end": "2018-02-05T16:14:28.456Z"
                },
                "type": "SCRUB",
                "source": "data:drag",
                "_t": "09:12:06",
                "_end": "09:14:28",
                "data": {
                    "time": 37.833825
                }
            },
            {
                "time": {
                    "start": "2018-02-05T16:12:06.118Z",
                    "end": "2018-02-05T16:14:29.135Z"
                },
                "type": "SCRUB",
                "source": "data:drag",
                "_t": "09:12:06",
                "_end": "09:14:29",
                "data": {
                    "time": 37.833825
                }
            },
            {
                "time": {
                    "start": "2018-02-05T16:12:06.118Z",
                    "end": "2018-02-05T16:14:31.383Z"
                },
                "type": "SCRUB",
                "source": "data:drag",
                "_t": "09:12:06",
                "_end": "09:14:31",
                "data": {
                    "time": 37.833825
                }
            },
            {
                "time": {
                    "start": "2018-02-05T16:12:06.118Z",
                    "end": "2018-02-05T16:14:31.536Z"
                },
                "type": "SCRUB",
                "source": "data:drag",
                "_t": "09:12:06",
                "_end": "09:14:31",
                "data": {
                    "time": 37.833825
                }
            },
            {
                "time": "2018-02-05T16:14:31.540Z",
                "type": "JUMP",
                "source": "data:dblclick:h_pos",
                "_t": "09:14:31",
                "_end": "-",
                "data": {
                    "from": 37.833825,
                    "to": 36.63612739790153
                }
            },
            {
                "time": "2018-02-05T16:14:32.241Z",
                "type": "PLAY",
                "source": "hotkey",
                "_t": "09:14:32",
                "_end": "-",
                "data": {
                    "key": "space"
                }
            },
            {
                "time": "2018-02-05T16:14:34.160Z",
                "type": "PAUSE",
                "source": "hotkey",
                "_t": "09:14:34",
                "_end": "-",
                "data": {
                    "key": "space"
                }
            },
            {
                "time": {
                    "start": "2018-02-05T16:12:06.118Z",
                    "end": "2018-02-05T16:14:36.591Z"
                },
                "type": "SCRUB",
                "source": "data:drag",
                "_t": "09:12:06",
                "_end": "09:14:36",
                "data": {
                    "time": 38.500816
                }
            },
            {
                "time": {
                    "start": "2018-02-05T16:12:06.118Z",
                    "end": "2018-02-05T16:14:36.742Z"
                },
                "type": "SCRUB",
                "source": "data:drag",
                "_t": "09:12:06",
                "_end": "09:14:36",
                "data": {
                    "time": 38.500816
                }
            },
            {
                "time": "2018-02-05T16:14:36.743Z",
                "type": "JUMP",
                "source": "data:dblclick:h_pos",
                "_t": "09:14:36",
                "_end": "-",
                "data": {
                    "from": 38.500816,
                    "to": 37.636654438992245
                }
            },
            {
                "time": {
                    "start": "2018-02-05T16:12:06.118Z",
                    "end": "2018-02-05T16:14:38.465Z"
                },
                "type": "SCRUB",
                "source": "data:drag",
                "_t": "09:12:06",
                "_end": "09:14:38",
                "data": {
                    "time": 37.636654
                }
            },
            {
                "time": {
                    "start": "2018-02-05T16:12:06.118Z",
                    "end": "2018-02-05T16:14:41.487Z"
                },
                "type": "SCRUB",
                "source": "data:drag",
                "_t": "09:12:06",
                "_end": "09:14:41",
                "data": {
                    "time": 37.636654
                }
            },
            {
                "time": {
                    "start": "2018-02-05T16:12:06.118Z",
                    "end": "2018-02-05T16:14:45.625Z"
                },
                "type": "SCRUB",
                "source": "data:drag",
                "_t": "09:12:06",
                "_end": "09:14:45",
                "data": {
                    "time": 37.636654
                }
            },
            {
                "time": {
                    "start": "2018-02-05T16:12:06.118Z",
                    "end": "2018-02-05T16:14:48.783Z"
                },
                "type": "SCRUB",
                "source": "data:drag",
                "_t": "09:12:06",
                "_end": "09:14:48",
                "data": {
                    "time": 37.636654
                }
            },
            {
                "time": {
                    "start": "2018-02-05T16:12:06.118Z",
                    "end": "2018-02-05T16:14:51.512Z"
                },
                "type": "SCRUB",
                "source": "data:drag",
                "_t": "09:12:06",
                "_end": "09:14:51",
                "data": {
                    "time": 37.636654
                }
            },
            {
                "time": "2018-02-05T16:14:52.865Z",
                "type": "PLAY",
                "source": "hotkey",
                "_t": "09:14:52",
                "_end": "-",
                "data": {
                    "key": "space"
                }
            },
            {
                "time": "2018-02-05T16:14:54.287Z",
                "type": "PAUSE",
                "source": "hotkey",
                "_t": "09:14:54",
                "_end": "-",
                "data": {
                    "key": "space"
                }
            },
            {
                "time": "2018-02-05T16:14:55.408Z",
                "type": "PLAY",
                "source": "hotkey",
                "_t": "09:14:55",
                "_end": "-",
                "data": {
                    "key": "space"
                }
            },
            {
                "time": "2018-02-05T16:15:14.256Z",
                "type": "PAUSE",
                "source": "hotkey",
                "_t": "09:15:14",
                "_end": "-",
                "data": {
                    "key": "space"
                }
            },
            {
                "time": {
                    "start": "2018-02-05T16:12:06.118Z",
                    "end": "2018-02-05T16:15:17.559Z"
                },
                "type": "SCRUB",
                "source": "data:drag",
                "_t": "09:12:06",
                "_end": "09:15:17",
                "data": {
                    "time": 57.870266
                }
            },
            {
                "time": {
                    "start": "2018-02-05T16:12:06.118Z",
                    "end": "2018-02-05T16:15:17.705Z"
                },
                "type": "SCRUB",
                "source": "data:drag",
                "_t": "09:12:06",
                "_end": "09:15:17",
                "data": {
                    "time": 57.854106
                }
            },
            {
                "time": {
                    "start": "2018-02-05T16:12:06.118Z",
                    "end": "2018-02-05T16:15:18.328Z"
                },
                "type": "SCRUB",
                "source": "data:drag",
                "_t": "09:12:06",
                "_end": "09:15:18",
                "data": {
                    "time": 57.854106
                }
            },
            {
                "time": {
                    "start": "2018-02-05T16:12:06.118Z",
                    "end": "2018-02-05T16:15:18.456Z"
                },
                "type": "SCRUB",
                "source": "data:drag",
                "_t": "09:12:06",
                "_end": "09:15:18",
                "data": {
                    "time": 57.854106
                }
            },
            {
                "time": "2018-02-05T16:15:18.460Z",
                "type": "JUMP",
                "source": "data:dblclick:h_pos",
                "_t": "09:15:18",
                "_end": "-",
                "data": {
                    "from": 57.854106,
                    "to": 54.98184132001332
                }
            },
            {
                "time": "2018-02-05T16:15:19.361Z",
                "type": "PLAY",
                "source": "hotkey",
                "_t": "09:15:19",
                "_end": "-",
                "data": {
                    "key": "space"
                }
            },
            {
                "time": "2018-02-05T16:15:22.274Z",
                "type": "PAUSE",
                "source": "hotkey",
                "_t": "09:15:22",
                "_end": "-",
                "data": {
                    "key": "space"
                }
            },
            {
                "time": {
                    "start": "2018-02-05T16:12:06.118Z",
                    "end": "2018-02-05T16:15:23.520Z"
                },
                "type": "SCRUB",
                "source": "data:drag",
                "_t": "09:12:06",
                "_end": "09:15:23",
                "data": {
                    "time": 57.816838
                }
            },
            {
                "time": {
                    "start": "2018-02-05T16:12:06.118Z",
                    "end": "2018-02-05T16:15:26.185Z"
                },
                "type": "SCRUB",
                "source": "data:drag",
                "_t": "09:12:06",
                "_end": "09:15:26",
                "data": {
                    "time": 57.816838
                }
            },
            {
                "time": "2018-02-05T16:15:28.177Z",
                "type": "PLAY",
                "source": "hotkey",
                "_t": "09:15:28",
                "_end": "-",
                "data": {
                    "key": "space"
                }
            },
            {
                "time": "2018-02-05T16:15:29.217Z",
                "type": "PAUSE",
                "source": "hotkey",
                "_t": "09:15:29",
                "_end": "-",
                "data": {
                    "key": "space"
                }
            },
            {
                "time": {
                    "start": "2018-02-05T16:12:06.118Z",
                    "end": "2018-02-05T16:15:30.002Z"
                },
                "type": "SCRUB",
                "source": "data:drag",
                "_t": "09:12:06",
                "_end": "09:15:30",
                "data": {
                    "time": 58.838348
                }
            }
        ]
    }
}