{
    "user_id": "3030",
    "session_id": "5a0fdd5a5efd4d725417b95d",
    "study": "gold",
    "workspace": "newrun.Run-thurs-five-fixed-finally",
    "details": {
        "workspace": "newrun.Run-thurs-five-fixed-finally",
        "labels": [],
        "_starts": [
            "2017-11-18T07:12:37.000Z",
            "2017-11-18T07:53:10.000Z"
        ],
        "_ends": [
            "2017-11-18T07:52:09.201Z",
            "2017-11-18T07:53:23.539Z",
            "2017-11-18T07:53:23.667Z"
        ]
    },
    "labels_file": "/home/ubuntu/vat/data/user-studies/gold/run-blue/3030.labels.json",
    "videoFlash": 3.929378,
    "surveys": {
        "user-info": {
            "firstname": "Naomi",
            "lastname": "Johnson"
        }
    },
    "logs": {}
}