{
    "user_id": "40",
    "session_id": "5a0fdd8d5efd4d725417b95f",
    "study": "gold",
    "workspace": "newrun.Run-thurs-five-fixed-finally",
    "details": {
        "workspace": "newrun.Run-thurs-five-fixed-finally",
        "labels": [
            {
                "time": 31.912310685163295,
                "endTime": 38.30211499395605,
                "type": "skip",
                "id": 1
            },
            {
                "time": 63.101747,
                "endTime": 67.023788,
                "type": "run",
                "id": 2
            },
            {
                "time": 127.555094,
                "endTime": 135.879822,
                "type": "skip",
                "id": 3
            },
            {
                "time": 202.104976,
                "endTime": 210.102038,
                "type": "skip",
                "id": 4
            },
            {
                "time": 279.141298,
                "endTime": 283.104735,
                "type": "run",
                "id": 5
            },
            {
                "time": 475.60886,
                "endTime": 479.365339,
                "type": "run",
                "id": 6
            },
            {
                "time": 544.100593,
                "endTime": 547.833644,
                "type": "run",
                "id": 7
            },
            {
                "time": 599.686535,
                "endTime": 608.41418,
                "type": "skip",
                "id": 8
            }
        ],
        "_starts": [
            "2017-11-18T07:25:14.000Z"
        ],
        "_ends": [
            "2017-11-18T07:33:17.298Z"
        ]
    },
    "labels_file": "/home/ubuntu/vat/data/user-studies/gold/run-blue/40.labels.json",
    "videoFlash": 3.929378,
    "surveys": {
        "user-info": {
            "firstname": "Broderick",
            "lastname": "Gardner"
        }
    },
    "logs": {
        "labelEvents": [
            {
                "time": "2017-11-18T07:25:45.764Z",
                "type": "START",
                "source": "hotkey",
                "_t": "00:25:45",
                "_end": "-",
                "data": {
                    "type": "skip",
                    "time": 31.324743
                }
            },
            {
                "time": "2017-11-18T07:25:59.726Z",
                "type": "END",
                "source": "data:click:h_pos",
                "_t": "00:25:59",
                "_end": "-",
                "data": {
                    "lbl": {
                        "time": 31.912310685163295,
                        "endTime": 38.30211499395605,
                        "type": "skip",
                        "id": 1
                    }
                }
            },
            {
                "time": "2017-11-18T07:26:08.175Z",
                "type": "SELECT",
                "source": "data:click",
                "_t": "00:26:08",
                "_end": "-",
                "data": {
                    "time": 31.912310685163295,
                    "endTime": 38.30211499395605,
                    "type": "skip",
                    "id": 1
                }
            },
            {
                "time": {
                    "start": "2017-11-18T07:26:12.681Z",
                    "end": "2017-11-18T07:26:14.108Z"
                },
                "type": "RESIZE",
                "source": "data:brush",
                "_t": "00:26:12",
                "_end": "00:26:14",
                "data": {
                    "brushing": true,
                    "origin": [
                        31.324743,
                        38.00833139274869
                    ],
                    "_brushside": 0,
                    "start": "2017-11-18T07:26:12.681Z",
                    "ε": 0.1,
                    "mode": "resize"
                }
            },
            {
                "time": {
                    "start": "2017-11-18T07:26:16.466Z",
                    "end": "2017-11-18T07:26:18.252Z"
                },
                "type": "RESIZE",
                "source": "data:brush",
                "_t": "00:26:16",
                "_end": "00:26:18",
                "data": {
                    "brushing": true,
                    "origin": [
                        31.91231068516324,
                        38.008330909999195
                    ],
                    "_brushside": 1,
                    "start": "2017-11-18T07:26:16.466Z",
                    "ε": 0.1,
                    "mode": "resize"
                }
            },
            {
                "time": {
                    "start": "2017-11-18T07:26:41.773Z",
                    "end": "2017-11-18T07:26:43.205Z"
                },
                "type": "RESIZE",
                "source": "data:brush",
                "_t": "00:26:41",
                "_end": "00:26:43",
                "data": {
                    "brushing": true,
                    "origin": [
                        31.912310685163234,
                        38.59589907791131
                    ],
                    "_brushside": 1,
                    "start": "2017-11-18T07:26:41.773Z",
                    "ε": 0.1,
                    "mode": "resize"
                }
            },
            {
                "time": "2017-11-18T07:27:28.930Z",
                "type": "START",
                "source": "hotkey",
                "_t": "00:27:28",
                "_end": "-",
                "data": {
                    "type": "run",
                    "time": 63.101747
                }
            },
            {
                "time": "2017-11-18T07:27:49.802Z",
                "type": "END",
                "source": "hotkey:ctb",
                "_t": "00:27:49",
                "_end": "-",
                "data": {
                    "lbl": {
                        "time": 63.101747,
                        "endTime": 67.023788,
                        "type": "run",
                        "id": 2
                    },
                    "key": "enter"
                }
            },
            {
                "time": "2017-11-18T07:28:27.299Z",
                "type": "START",
                "source": "hotkey",
                "_t": "00:28:27",
                "_end": "-",
                "data": {
                    "type": "skip",
                    "time": 127.555094
                }
            },
            {
                "time": "2017-11-18T07:28:58.310Z",
                "type": "END",
                "source": "hotkey:ctb",
                "_t": "00:28:58",
                "_end": "-",
                "data": {
                    "lbl": {
                        "time": 127.555094,
                        "endTime": 135.879822,
                        "type": "skip",
                        "id": 3
                    },
                    "key": "enter"
                }
            },
            {
                "time": "2017-11-18T07:29:31.590Z",
                "type": "START",
                "source": "hotkey",
                "_t": "00:29:31",
                "_end": "-",
                "data": {
                    "type": "skip",
                    "time": 202.104976
                }
            },
            {
                "time": "2017-11-18T07:29:45.417Z",
                "type": "END",
                "source": "hotkey:ctb",
                "_t": "00:29:45",
                "_end": "-",
                "data": {
                    "lbl": {
                        "time": 202.104976,
                        "endTime": 210.102038,
                        "type": "skip",
                        "id": 4
                    },
                    "key": "enter"
                }
            },
            {
                "time": "2017-11-18T07:30:03.314Z",
                "type": "START",
                "source": "hotkey",
                "_t": "00:30:03",
                "_end": "-",
                "data": {
                    "type": "run",
                    "time": 279.141298
                }
            },
            {
                "time": "2017-11-18T07:30:13.344Z",
                "type": "END",
                "source": "hotkey:ctb",
                "_t": "00:30:13",
                "_end": "-",
                "data": {
                    "lbl": {
                        "time": 279.141298,
                        "endTime": 283.104735,
                        "type": "run",
                        "id": 5
                    },
                    "key": "enter"
                }
            },
            {
                "time": "2017-11-18T07:31:12.109Z",
                "type": "START",
                "source": "hotkey",
                "_t": "00:31:12",
                "_end": "-",
                "data": {
                    "type": "skip",
                    "time": 475.51834
                }
            },
            {
                "time": "2017-11-18T07:31:18.360Z",
                "type": "END",
                "source": "hotkey:ctb",
                "_t": "00:31:18",
                "_end": "-",
                "data": {
                    "lbl": {
                        "time": 475.51834,
                        "endTime": 476.44311,
                        "type": "skip",
                        "id": 6
                    },
                    "key": "enter"
                }
            },
            {
                "time": "2017-11-18T07:31:21.921Z",
                "type": "SELECT",
                "source": "data:click",
                "_t": "00:31:21",
                "_end": "-",
                "data": {
                    "time": 475.51834,
                    "endTime": 476.44311,
                    "type": "skip",
                    "id": 6
                }
            },
            {
                "time": "2017-11-18T07:31:24.839Z",
                "type": "DELETE",
                "source": "side-bar:button",
                "_t": "00:31:24",
                "_end": "-",
                "data": {
                    "id": 6,
                    "idx": 5
                }
            },
            {
                "time": "2017-11-18T07:31:41.704Z",
                "type": "START",
                "source": "hotkey",
                "_t": "00:31:41",
                "_end": "-",
                "data": {
                    "type": "run",
                    "time": 475.60886
                }
            },
            {
                "time": "2017-11-18T07:31:49.005Z",
                "type": "END",
                "source": "hotkey:ctb",
                "_t": "00:31:49",
                "_end": "-",
                "data": {
                    "lbl": {
                        "time": 475.60886,
                        "endTime": 479.365339,
                        "type": "run",
                        "id": 6
                    },
                    "key": "enter"
                }
            },
            {
                "time": "2017-11-18T07:32:22.099Z",
                "type": "START",
                "source": "hotkey",
                "_t": "00:32:22",
                "_end": "-",
                "data": {
                    "type": "run",
                    "time": 544.100593
                }
            },
            {
                "time": "2017-11-18T07:32:41.743Z",
                "type": "END",
                "source": "hotkey:ctb",
                "_t": "00:32:41",
                "_end": "-",
                "data": {
                    "lbl": {
                        "time": 544.100593,
                        "endTime": 547.833644,
                        "type": "run",
                        "id": 7
                    },
                    "key": "enter"
                }
            },
            {
                "time": "2017-11-18T07:32:49.612Z",
                "type": "START",
                "source": "hotkey",
                "_t": "00:32:49",
                "_end": "-",
                "data": {
                    "type": "skip",
                    "time": 599.686535
                }
            },
            {
                "time": "2017-11-18T07:33:01.930Z",
                "type": "END",
                "source": "hotkey:ctb",
                "_t": "00:33:01",
                "_end": "-",
                "data": {
                    "lbl": {
                        "time": 599.686535,
                        "endTime": 608.41418,
                        "type": "skip",
                        "id": 8
                    },
                    "key": "enter"
                }
            }
        ],
        "navigationEvents": [
            {
                "time": {
                    "start": "2017-11-18T07:25:14.592Z",
                    "end": "2017-11-18T07:25:34.424Z"
                },
                "type": "SCRUB",
                "source": "data:drag",
                "_t": "00:25:14",
                "_end": "00:25:34",
                "data": {
                    "time": 3.929378
                }
            },
            {
                "time": {
                    "start": "2017-11-18T07:25:14.592Z",
                    "end": "2017-11-18T07:25:36.837Z"
                },
                "type": "SCRUB",
                "source": "data:drag",
                "_t": "00:25:14",
                "_end": "00:25:36",
                "data": {
                    "time": 29.635485
                }
            },
            {
                "time": {
                    "start": "2017-11-18T07:25:14.592Z",
                    "end": "2017-11-18T07:25:43.215Z"
                },
                "type": "SCRUB",
                "source": "data:drag",
                "_t": "00:25:14",
                "_end": "00:25:43",
                "data": {
                    "time": 31.324743
                }
            },
            {
                "time": {
                    "start": "2017-11-18T07:25:14.592Z",
                    "end": "2017-11-18T07:25:59.720Z"
                },
                "type": "SCRUB",
                "source": "data:drag",
                "_t": "00:25:14",
                "_end": "00:25:59",
                "data": {
                    "time": 31.324743
                }
            },
            {
                "time": {
                    "start": "2017-11-18T07:25:14.592Z",
                    "end": "2017-11-18T07:26:08.168Z"
                },
                "type": "SCRUB",
                "source": "data:drag",
                "_t": "00:25:14",
                "_end": "00:26:08",
                "data": {
                    "time": 31.324743
                }
            },
            {
                "time": {
                    "start": "2017-11-18T07:25:14.592Z",
                    "end": "2017-11-18T07:26:14.122Z"
                },
                "type": "SCRUB",
                "source": "data:drag",
                "_t": "00:25:14",
                "_end": "00:26:14",
                "data": {
                    "time": 31.324743
                }
            },
            {
                "time": {
                    "start": "2017-11-18T07:25:14.592Z",
                    "end": "2017-11-18T07:26:18.257Z"
                },
                "type": "SCRUB",
                "source": "data:drag",
                "_t": "00:25:14",
                "_end": "00:26:18",
                "data": {
                    "time": 31.324743
                }
            },
            {
                "time": {
                    "start": "2017-11-18T07:25:14.592Z",
                    "end": "2017-11-18T07:26:43.216Z"
                },
                "type": "SCRUB",
                "source": "data:drag",
                "_t": "00:25:14",
                "_end": "00:26:43",
                "data": {
                    "time": 31.324743
                }
            },
            {
                "time": {
                    "start": "2017-11-18T07:25:14.592Z",
                    "end": "2017-11-18T07:26:49.206Z"
                },
                "type": "SCRUB",
                "source": "data:drag",
                "_t": "00:25:14",
                "_end": "00:26:49",
                "data": {
                    "time": 61.65795
                }
            },
            {
                "time": {
                    "start": "2017-11-18T07:25:14.592Z",
                    "end": "2017-11-18T07:26:53.917Z"
                },
                "type": "SCRUB",
                "source": "data:drag",
                "_t": "00:25:14",
                "_end": "00:26:53",
                "data": {
                    "time": 63.053424
                }
            },
            {
                "time": "2017-11-18T07:27:22.100Z",
                "type": "PAUSE",
                "source": "hotkey",
                "_t": "00:27:22",
                "_end": "-",
                "data": {
                    "key": "k"
                }
            },
            {
                "time": {
                    "start": "2017-11-18T07:25:14.592Z",
                    "end": "2017-11-18T07:27:25.552Z"
                },
                "type": "SCRUB",
                "source": "data:drag",
                "_t": "00:25:14",
                "_end": "00:27:25",
                "data": {
                    "time": 63.101747
                }
            },
            {
                "time": "2017-11-18T07:27:30.548Z",
                "type": "PLAY",
                "source": "hotkey",
                "_t": "00:27:30",
                "_end": "-",
                "data": {
                    "key": "k"
                }
            },
            {
                "time": "2017-11-18T07:27:34.124Z",
                "type": "PAUSE",
                "source": "hotkey",
                "_t": "00:27:34",
                "_end": "-",
                "data": {
                    "key": "k"
                }
            },
            {
                "time": "2017-11-18T07:27:40.682Z",
                "type": "PLAY",
                "source": "hotkey",
                "_t": "00:27:40",
                "_end": "-",
                "data": {
                    "key": "k"
                }
            },
            {
                "time": "2017-11-18T07:27:40.971Z",
                "type": "PAUSE",
                "source": "hotkey",
                "_t": "00:27:40",
                "_end": "-",
                "data": {
                    "key": "k"
                }
            },
            {
                "time": "2017-11-18T07:27:42.096Z",
                "type": "PLAY",
                "source": "hotkey",
                "_t": "00:27:42",
                "_end": "-",
                "data": {
                    "key": "k"
                }
            },
            {
                "time": "2017-11-18T07:27:42.330Z",
                "type": "PAUSE",
                "source": "hotkey",
                "_t": "00:27:42",
                "_end": "-",
                "data": {
                    "key": "k"
                }
            },
            {
                "time": "2017-11-18T07:27:43.632Z",
                "type": "PLAY",
                "source": "hotkey",
                "_t": "00:27:43",
                "_end": "-",
                "data": {
                    "key": "k"
                }
            },
            {
                "time": "2017-11-18T07:27:44.060Z",
                "type": "PAUSE",
                "source": "hotkey",
                "_t": "00:27:44",
                "_end": "-",
                "data": {
                    "key": "k"
                }
            },
            {
                "time": {
                    "start": "2017-11-18T07:25:14.592Z",
                    "end": "2017-11-18T07:27:56.587Z"
                },
                "type": "SCRUB",
                "source": "data:drag",
                "_t": "00:25:14",
                "_end": "00:27:56",
                "data": {
                    "time": 123.65067
                }
            },
            {
                "time": {
                    "start": "2017-11-18T07:25:14.592Z",
                    "end": "2017-11-18T07:28:00.290Z"
                },
                "type": "SCRUB",
                "source": "data:drag",
                "_t": "00:25:14",
                "_end": "00:28:00",
                "data": {
                    "time": 127.543309
                }
            },
            {
                "time": "2017-11-18T07:28:03.846Z",
                "type": "PLAY",
                "source": "hotkey",
                "_t": "00:28:03",
                "_end": "-",
                "data": {
                    "key": "k"
                }
            },
            {
                "time": "2017-11-18T07:28:04.262Z",
                "type": "PAUSE",
                "source": "hotkey",
                "_t": "00:28:04",
                "_end": "-",
                "data": {
                    "key": "k"
                }
            },
            {
                "time": "2017-11-18T07:28:04.798Z",
                "type": "PLAY",
                "source": "hotkey",
                "_t": "00:28:04",
                "_end": "-",
                "data": {
                    "key": "k"
                }
            },
            {
                "time": "2017-11-18T07:28:05.359Z",
                "type": "PAUSE",
                "source": "hotkey",
                "_t": "00:28:05",
                "_end": "-",
                "data": {
                    "key": "k"
                }
            },
            {
                "time": {
                    "start": "2017-11-18T07:25:14.592Z",
                    "end": "2017-11-18T07:28:09.522Z"
                },
                "type": "SCRUB",
                "source": "data:drag",
                "_t": "00:25:14",
                "_end": "00:28:09",
                "data": {
                    "time": 127.555094
                }
            },
            {
                "time": {
                    "start": "2017-11-18T07:25:14.592Z",
                    "end": "2017-11-18T07:28:15.501Z"
                },
                "type": "SCRUB",
                "source": "data:drag",
                "_t": "00:25:14",
                "_end": "00:28:15",
                "data": {
                    "time": 127.848878
                }
            },
            {
                "time": {
                    "start": "2017-11-18T07:25:14.592Z",
                    "end": "2017-11-18T07:28:20.886Z"
                },
                "type": "SCRUB",
                "source": "data:drag",
                "_t": "00:25:14",
                "_end": "00:28:20",
                "data": {
                    "time": 127.555094
                }
            },
            {
                "time": "2017-11-18T07:28:28.622Z",
                "type": "PLAY",
                "source": "hotkey",
                "_t": "00:28:28",
                "_end": "-",
                "data": {
                    "key": "k"
                }
            },
            {
                "time": "2017-11-18T07:28:33.054Z",
                "type": "PAUSE",
                "source": "hotkey",
                "_t": "00:28:33",
                "_end": "-",
                "data": {
                    "key": "k"
                }
            },
            {
                "time": "2017-11-18T07:28:48.816Z",
                "type": "PLAY",
                "source": "hotkey",
                "_t": "00:28:48",
                "_end": "-",
                "data": {
                    "key": "k"
                }
            },
            {
                "time": "2017-11-18T07:28:53.594Z",
                "type": "PAUSE",
                "source": "hotkey",
                "_t": "00:28:53",
                "_end": "-",
                "data": {
                    "key": "k"
                }
            },
            {
                "time": {
                    "start": "2017-11-18T07:25:14.592Z",
                    "end": "2017-11-18T07:29:03.289Z"
                },
                "type": "SCRUB",
                "source": "data:drag",
                "_t": "00:25:14",
                "_end": "00:29:03",
                "data": {
                    "time": 166.3599207104358
                }
            },
            {
                "time": {
                    "start": "2017-11-18T07:25:14.592Z",
                    "end": "2017-11-18T07:29:11.855Z"
                },
                "type": "SCRUB",
                "source": "data:drag",
                "_t": "00:25:14",
                "_end": "00:29:11",
                "data": {
                    "time": 202.201579
                }
            },
            {
                "time": "2017-11-18T07:29:16.269Z",
                "type": "PLAY",
                "source": "hotkey",
                "_t": "00:29:16",
                "_end": "-",
                "data": {
                    "key": "k"
                }
            },
            {
                "time": "2017-11-18T07:29:16.703Z",
                "type": "PAUSE",
                "source": "hotkey",
                "_t": "00:29:16",
                "_end": "-",
                "data": {
                    "key": "k"
                }
            },
            {
                "time": {
                    "start": "2017-11-18T07:25:14.592Z",
                    "end": "2017-11-18T07:29:19.971Z"
                },
                "type": "SCRUB",
                "source": "data:drag",
                "_t": "00:25:14",
                "_end": "00:29:19",
                "data": {
                    "time": 202.481724
                }
            },
            {
                "time": "2017-11-18T07:29:21.066Z",
                "type": "SKIP",
                "source": "hotkey",
                "_t": "00:29:21",
                "_end": "-",
                "data": {
                    "t": 202.481724,
                    "Δt": -10,
                    "key": "j"
                }
            },
            {
                "time": "2017-11-18T07:29:22.236Z",
                "type": "PLAY",
                "source": "hotkey",
                "_t": "00:29:22",
                "_end": "-",
                "data": {
                    "key": "k"
                }
            },
            {
                "time": "2017-11-18T07:29:24.361Z",
                "type": "PAUSE",
                "source": "hotkey",
                "_t": "00:29:24",
                "_end": "-",
                "data": {
                    "key": "k"
                }
            },
            {
                "time": {
                    "start": "2017-11-18T07:25:14.592Z",
                    "end": "2017-11-18T07:29:25.181Z"
                },
                "type": "SCRUB",
                "source": "data:drag",
                "_t": "00:25:14",
                "_end": "00:29:25",
                "data": {
                    "time": 194.540036
                }
            },
            {
                "time": {
                    "start": "2017-11-18T07:25:14.592Z",
                    "end": "2017-11-18T07:29:27.768Z"
                },
                "type": "SCRUB",
                "source": "data:drag",
                "_t": "00:25:14",
                "_end": "00:29:27",
                "data": {
                    "time": 202.104976
                }
            },
            {
                "time": "2017-11-18T07:29:32.619Z",
                "type": "PLAY",
                "source": "hotkey",
                "_t": "00:29:32",
                "_end": "-",
                "data": {
                    "key": "k"
                }
            },
            {
                "time": "2017-11-18T07:29:40.691Z",
                "type": "PAUSE",
                "source": "hotkey",
                "_t": "00:29:40",
                "_end": "-",
                "data": {
                    "key": "k"
                }
            },
            {
                "time": {
                    "start": "2017-11-18T07:25:14.592Z",
                    "end": "2017-11-18T07:29:50.902Z"
                },
                "type": "SCRUB",
                "source": "data:drag",
                "_t": "00:25:14",
                "_end": "00:29:50",
                "data": {
                    "time": 252.26005404770555
                }
            },
            {
                "time": {
                    "start": "2017-11-18T07:25:14.592Z",
                    "end": "2017-11-18T07:29:53.278Z"
                },
                "type": "SCRUB",
                "source": "data:drag",
                "_t": "00:25:14",
                "_end": "00:29:53",
                "data": {
                    "time": 273.8531841707767
                }
            },
            {
                "time": {
                    "start": "2017-11-18T07:25:14.592Z",
                    "end": "2017-11-18T07:30:01.420Z"
                },
                "type": "SCRUB",
                "source": "data:drag",
                "_t": "00:25:14",
                "_end": "00:30:01",
                "data": {
                    "time": 279.141298
                }
            },
            {
                "time": "2017-11-18T07:30:05.772Z",
                "type": "PLAY",
                "source": "hotkey",
                "_t": "00:30:05",
                "_end": "-",
                "data": {
                    "key": "k"
                }
            },
            {
                "time": "2017-11-18T07:30:09.661Z",
                "type": "PAUSE",
                "source": "hotkey",
                "_t": "00:30:09",
                "_end": "-",
                "data": {
                    "key": "k"
                }
            },
            {
                "time": "2017-11-18T07:30:11.004Z",
                "type": "PLAY",
                "source": "hotkey",
                "_t": "00:30:11",
                "_end": "-",
                "data": {
                    "key": "k"
                }
            },
            {
                "time": "2017-11-18T07:30:11.155Z",
                "type": "PAUSE",
                "source": "hotkey",
                "_t": "00:30:11",
                "_end": "-",
                "data": {
                    "key": "k"
                }
            },
            {
                "time": {
                    "start": "2017-11-18T07:25:14.592Z",
                    "end": "2017-11-18T07:30:17.169Z"
                },
                "type": "SCRUB",
                "source": "data:drag",
                "_t": "00:25:14",
                "_end": "00:30:17",
                "data": {
                    "time": 331.3587707897954
                }
            },
            {
                "time": {
                    "start": "2017-11-18T07:25:14.592Z",
                    "end": "2017-11-18T07:30:22.471Z"
                },
                "type": "SCRUB",
                "source": "data:drag",
                "_t": "00:25:14",
                "_end": "00:30:22",
                "data": {
                    "time": 377.85010228605853
                }
            },
            {
                "time": {
                    "start": "2017-11-18T07:25:14.592Z",
                    "end": "2017-11-18T07:30:24.371Z"
                },
                "type": "SCRUB",
                "source": "data:drag",
                "_t": "00:25:14",
                "_end": "00:30:24",
                "data": {
                    "time": 437.194487
                }
            },
            {
                "time": {
                    "start": "2017-11-18T07:25:14.592Z",
                    "end": "2017-11-18T07:30:26.944Z"
                },
                "type": "SCRUB",
                "source": "data:drag",
                "_t": "00:25:14",
                "_end": "00:30:26",
                "data": {
                    "time": 462.97404
                }
            },
            {
                "time": {
                    "start": "2017-11-18T07:25:14.592Z",
                    "end": "2017-11-18T07:30:32.761Z"
                },
                "type": "SCRUB",
                "source": "data:drag",
                "_t": "00:25:14",
                "_end": "00:30:32",
                "data": {
                    "time": 475.459864
                }
            },
            {
                "time": "2017-11-18T07:30:41.451Z",
                "type": "PLAY",
                "source": "hotkey",
                "_t": "00:30:41",
                "_end": "-",
                "data": {
                    "key": "k"
                }
            },
            {
                "time": "2017-11-18T07:30:41.596Z",
                "type": "PAUSE",
                "source": "hotkey",
                "_t": "00:30:41",
                "_end": "-",
                "data": {
                    "key": "k"
                }
            },
            {
                "time": "2017-11-18T07:30:42.616Z",
                "type": "PLAY",
                "source": "hotkey",
                "_t": "00:30:42",
                "_end": "-",
                "data": {
                    "key": "k"
                }
            },
            {
                "time": "2017-11-18T07:30:42.800Z",
                "type": "PAUSE",
                "source": "hotkey",
                "_t": "00:30:42",
                "_end": "-",
                "data": {
                    "key": "k"
                }
            },
            {
                "time": "2017-11-18T07:30:45.625Z",
                "type": "PLAY",
                "source": "hotkey",
                "_t": "00:30:45",
                "_end": "-",
                "data": {
                    "key": "k"
                }
            },
            {
                "time": "2017-11-18T07:30:46.649Z",
                "type": "PAUSE",
                "source": "hotkey",
                "_t": "00:30:46",
                "_end": "-",
                "data": {
                    "key": "k"
                }
            },
            {
                "time": {
                    "start": "2017-11-18T07:25:14.592Z",
                    "end": "2017-11-18T07:30:47.943Z"
                },
                "type": "SCRUB",
                "source": "data:drag",
                "_t": "00:25:14",
                "_end": "00:30:47",
                "data": {
                    "time": 476.592384
                }
            },
            {
                "time": "2017-11-18T07:30:48.349Z",
                "type": "SKIP",
                "source": "hotkey",
                "_t": "00:30:48",
                "_end": "-",
                "data": {
                    "t": 476.592384,
                    "Δt": -10,
                    "key": "j"
                }
            },
            {
                "time": "2017-11-18T07:30:49.165Z",
                "type": "PLAY",
                "source": "hotkey",
                "_t": "00:30:49",
                "_end": "-",
                "data": {
                    "key": "k"
                }
            },
            {
                "time": "2017-11-18T07:30:58.351Z",
                "type": "PAUSE",
                "source": "hotkey",
                "_t": "00:30:58",
                "_end": "-",
                "data": {
                    "key": "k"
                }
            },
            {
                "time": "2017-11-18T07:31:01.873Z",
                "type": "SKIP",
                "source": "hotkey",
                "_t": "00:31:01",
                "_end": "-",
                "data": {
                    "t": 475.685175,
                    "Δt": -0.033366700033366704,
                    "key": "shift+left"
                }
            },
            {
                "time": "2017-11-18T07:31:04.477Z",
                "type": "SKIP",
                "source": "hotkey",
                "_t": "00:31:04",
                "_end": "-",
                "data": {
                    "t": 475.651808,
                    "Δt": -0.033366700033366704,
                    "key": "shift+left"
                }
            },
            {
                "time": "2017-11-18T07:31:05.681Z",
                "type": "SKIP",
                "source": "hotkey",
                "_t": "00:31:05",
                "_end": "-",
                "data": {
                    "t": 475.618441,
                    "Δt": -0.033366700033366704,
                    "key": "shift+left"
                }
            },
            {
                "time": "2017-11-18T07:31:06.782Z",
                "type": "SKIP",
                "source": "hotkey",
                "_t": "00:31:06",
                "_end": "-",
                "data": {
                    "t": 475.585074,
                    "Δt": -0.033366700033366704,
                    "key": "shift+left"
                }
            },
            {
                "time": "2017-11-18T07:31:07.819Z",
                "type": "SKIP",
                "source": "hotkey",
                "_t": "00:31:07",
                "_end": "-",
                "data": {
                    "t": 475.551707,
                    "Δt": -0.033366700033366704,
                    "key": "shift+left"
                }
            },
            {
                "time": "2017-11-18T07:31:14.837Z",
                "type": "PLAY",
                "source": "hotkey",
                "_t": "00:31:14",
                "_end": "-",
                "data": {
                    "key": "k"
                }
            },
            {
                "time": "2017-11-18T07:31:16.238Z",
                "type": "PAUSE",
                "source": "hotkey",
                "_t": "00:31:16",
                "_end": "-",
                "data": {
                    "key": "k"
                }
            },
            {
                "time": {
                    "start": "2017-11-18T07:25:14.592Z",
                    "end": "2017-11-18T07:31:21.917Z"
                },
                "type": "SCRUB",
                "source": "data:drag",
                "_t": "00:25:14",
                "_end": "00:31:21",
                "data": {
                    "time": 476.44311
                }
            },
            {
                "time": "2017-11-18T07:31:26.531Z",
                "type": "SKIP",
                "source": "hotkey",
                "_t": "00:31:26",
                "_end": "-",
                "data": {
                    "t": 476.44311,
                    "Δt": -10,
                    "key": "j"
                }
            },
            {
                "time": "2017-11-18T07:31:27.683Z",
                "type": "PLAY",
                "source": "hotkey",
                "_t": "00:31:27",
                "_end": "-",
                "data": {
                    "key": "k"
                }
            },
            {
                "time": "2017-11-18T07:31:36.631Z",
                "type": "PAUSE",
                "source": "hotkey",
                "_t": "00:31:36",
                "_end": "-",
                "data": {
                    "key": "k"
                }
            },
            {
                "time": "2017-11-18T07:31:37.239Z",
                "type": "PLAY",
                "source": "hotkey",
                "_t": "00:31:37",
                "_end": "-",
                "data": {
                    "key": "k"
                }
            },
            {
                "time": "2017-11-18T07:31:37.463Z",
                "type": "PAUSE",
                "source": "hotkey",
                "_t": "00:31:37",
                "_end": "-",
                "data": {
                    "key": "k"
                }
            },
            {
                "time": "2017-11-18T07:31:43.115Z",
                "type": "PLAY",
                "source": "hotkey",
                "_t": "00:31:43",
                "_end": "-",
                "data": {
                    "key": "k"
                }
            },
            {
                "time": "2017-11-18T07:31:47.370Z",
                "type": "PAUSE",
                "source": "hotkey",
                "_t": "00:31:47",
                "_end": "-",
                "data": {
                    "key": "k"
                }
            },
            {
                "time": {
                    "start": "2017-11-18T07:25:14.592Z",
                    "end": "2017-11-18T07:32:09.103Z"
                },
                "type": "SCRUB",
                "source": "data:drag",
                "_t": "00:25:14",
                "_end": "00:32:09",
                "data": {
                    "time": 521.4499090267166
                }
            },
            {
                "time": {
                    "start": "2017-11-18T07:25:14.592Z",
                    "end": "2017-11-18T07:32:13.880Z"
                },
                "type": "SCRUB",
                "source": "data:drag",
                "_t": "00:25:14",
                "_end": "00:32:13",
                "data": {
                    "time": 543.3368232547131
                }
            },
            {
                "time": "2017-11-18T07:32:14.496Z",
                "type": "PLAY",
                "source": "hotkey",
                "_t": "00:32:14",
                "_end": "-",
                "data": {
                    "key": "k"
                }
            },
            {
                "time": "2017-11-18T07:32:15.290Z",
                "type": "PAUSE",
                "source": "hotkey",
                "_t": "00:32:15",
                "_end": "-",
                "data": {
                    "key": "k"
                }
            },
            {
                "time": "2017-11-18T07:32:22.486Z",
                "type": "PLAY",
                "source": "hotkey",
                "_t": "00:32:22",
                "_end": "-",
                "data": {
                    "key": "k"
                }
            },
            {
                "time": "2017-11-18T07:32:27.072Z",
                "type": "PAUSE",
                "source": "hotkey",
                "_t": "00:32:27",
                "_end": "-",
                "data": {
                    "key": "k"
                }
            },
            {
                "time": "2017-11-18T07:32:31.255Z",
                "type": "SKIP",
                "source": "hotkey",
                "_t": "00:32:31",
                "_end": "-",
                "data": {
                    "t": 548.133947,
                    "Δt": -0.033366700033366704,
                    "key": "shift+left"
                }
            },
            {
                "time": "2017-11-18T07:32:31.769Z",
                "type": "SKIP",
                "source": "hotkey",
                "_t": "00:32:31",
                "_end": "-",
                "data": {
                    "t": 548.10058,
                    "Δt": -0.033366700033366704,
                    "key": "shift+left"
                }
            },
            {
                "time": "2017-11-18T07:32:33.095Z",
                "type": "SKIP",
                "source": "hotkey",
                "_t": "00:32:33",
                "_end": "-",
                "data": {
                    "t": 548.067213,
                    "Δt": -0.033366700033366704,
                    "key": "shift+left"
                }
            },
            {
                "time": "2017-11-18T07:32:34.052Z",
                "type": "SKIP",
                "source": "hotkey",
                "_t": "00:32:34",
                "_end": "-",
                "data": {
                    "t": 548.033846,
                    "Δt": -0.033366700033366704,
                    "key": "shift+left"
                }
            },
            {
                "time": "2017-11-18T07:32:35.030Z",
                "type": "SKIP",
                "source": "hotkey",
                "_t": "00:32:35",
                "_end": "-",
                "data": {
                    "t": 548.000479,
                    "Δt": -0.033366700033366704,
                    "key": "shift+left"
                }
            },
            {
                "time": "2017-11-18T07:32:35.900Z",
                "type": "SKIP",
                "source": "hotkey",
                "_t": "00:32:35",
                "_end": "-",
                "data": {
                    "t": 547.967112,
                    "Δt": -0.033366700033366704,
                    "key": "shift+left"
                }
            },
            {
                "time": "2017-11-18T07:32:36.806Z",
                "type": "SKIP",
                "source": "hotkey",
                "_t": "00:32:36",
                "_end": "-",
                "data": {
                    "t": 547.933745,
                    "Δt": -0.033366700033366704,
                    "key": "shift+left"
                }
            },
            {
                "time": "2017-11-18T07:32:38.138Z",
                "type": "SKIP",
                "source": "hotkey",
                "_t": "00:32:38",
                "_end": "-",
                "data": {
                    "t": 547.900378,
                    "Δt": -0.033366700033366704,
                    "key": "shift+left"
                }
            },
            {
                "time": "2017-11-18T07:32:39.397Z",
                "type": "SKIP",
                "source": "hotkey",
                "_t": "00:32:39",
                "_end": "-",
                "data": {
                    "t": 547.867011,
                    "Δt": -0.033366700033366704,
                    "key": "shift+left"
                }
            },
            {
                "time": {
                    "start": "2017-11-18T07:25:14.592Z",
                    "end": "2017-11-18T07:32:44.200Z"
                },
                "type": "SCRUB",
                "source": "data:drag",
                "_t": "00:25:14",
                "_end": "00:32:44",
                "data": {
                    "time": 594.1780832440248
                }
            },
            {
                "time": {
                    "start": "2017-11-18T07:25:14.592Z",
                    "end": "2017-11-18T07:32:47.450Z"
                },
                "type": "SCRUB",
                "source": "data:drag",
                "_t": "00:25:14",
                "_end": "00:32:47",
                "data": {
                    "time": 599.686535
                }
            },
            {
                "time": "2017-11-18T07:32:50.512Z",
                "type": "PLAY",
                "source": "hotkey",
                "_t": "00:32:50",
                "_end": "-",
                "data": {
                    "key": "k"
                }
            },
            {
                "time": "2017-11-18T07:32:59.417Z",
                "type": "PAUSE",
                "source": "hotkey",
                "_t": "00:32:59",
                "_end": "-",
                "data": {
                    "key": "k"
                }
            },
            {
                "time": {
                    "start": "2017-11-18T07:25:14.592Z",
                    "end": "2017-11-18T07:33:05.300Z"
                },
                "type": "SCRUB",
                "source": "data:drag",
                "_t": "00:25:14",
                "_end": "00:33:05",
                "data": {
                    "time": 647.1202330611807
                }
            },
            {
                "time": {
                    "start": "2017-11-18T07:25:14.592Z",
                    "end": "2017-11-18T07:33:08.049Z"
                },
                "type": "SCRUB",
                "source": "data:drag",
                "_t": "00:25:14",
                "_end": "00:33:08",
                "data": {
                    "time": 653.803821
                }
            }
        ]
    }
}