[{"time":31.912310685163295,"endTime":38.30211499395605,"type":"skip","id":1},{"time":63.101747,"endTime":67.023788,"type":"run","id":2},{"time":127.555094,"endTime":135.879822,"type":"skip","id":3},{"time":202.104976,"endTime":210.102038,"type":"skip","id":4},{"time":279.141298,"endTime":283.104735,"type":"run","id":5},{"time":475.60886,"endTime":479.365339,"type":"run","id":6},{"time":544.100593,"endTime":547.833644,"type":"run","id":7},{"time":599.686535,"endTime":608.41418,"type":"skip","id":8}]