[
    {
        "time": 31.912310685163295,
        "endTime": 38.30211499395605,
        "id": 1,
        "type": "skip"
    },
    {
        "time": 62.942266,
        "endTime": 67.023788,
        "id": 2,
        "type": "run"
    },
    {
        "time": 127.555094,
        "endTime": 135.879822,
        "id": 3,
        "type": "skip"
    },
    {
        "time": 201.948862,
        "endTime": 210.12101181739092,
        "id": 4,
        "type": "skip"
    },
    {
        "time": 278.969717,
        "endTime": 283.34066456811354,
        "id": 5,
        "type": "run"
    },
    {
        "time": 475.317788,
        "endTime": 479.4781284695655,
        "id": 6,
        "type": "run"
    },
    {
        "time": 543.777518,
        "endTime": 548.0821744013791,
        "id": 7,
        "type": "run"
    },
    {
        "time": 599.151113,
        "endTime": 608.41418,
        "id": 8,
        "type": "skip"
    }
]