{
    "user_id": "002",
    "session_id": "59e5221c227e0c69a0245611",
    "study": "studyA",
    "workspace": "newrun.run-thurs-six-finally",
    "details": {
        "workspace": "newrun.run-thurs-six-finally",
        "labels": [
            {
                "time": 23.02955899998679,
                "endTime": 26.44799392681807,
                "type": "skip",
                "id": 1
            },
            {
                "time": 48.330031926827196,
                "endTime": 55.49213000000077,
                "type": "run",
                "id": 2
            },
            {
                "time": 274.9110294634129,
                "endTime": 283.3697941951221,
                "type": "run",
                "id": 3
            },
            {
                "time": 383.658244,
                "endTime": 386.573748,
                "type": "skip",
                "id": 4
            },
            {
                "time": 485.428355,
                "endTime": 488.653881,
                "type": "skip",
                "id": 5
            },
            {
                "time": 526.047337,
                "endTime": 534.038885,
                "type": "run",
                "id": 6
            },
            {
                "time": 550.265624,
                "endTime": 553.293831,
                "type": "skip",
                "id": 7
            },
            {
                "time": 578.155318,
                "endTime": 586.265456,
                "type": "run",
                "id": 8
            },
            {
                "time": 653.125916,
                "endTime": 654.947205,
                "type": "run",
                "id": 9
            }
        ],
        "_starts": [
            "2017-10-23T23:31:08.000Z"
        ],
        "_ends": [
            "2017-10-23T23:34:27.597Z"
        ]
    },
    "labels_file": "/home/ubuntu/vat/data/user-studies/studyA/run-yellow/002.labels.json",
    "videoFlash": 3.918989,
    "surveys": {
        "user-info": {
            "firstname": "Brooke",
            "lastname": "Erickson",
            "email": "brookerickson@gmail.com"
        },
        "practice-first": {
            "question1": "1",
            "question2": "ok",
            "question3": "20",
            "question4": "1"
        },
        "practice-second": {},
        "practice-third": {},
        "practice-survey": {},
        "run-blue": {
            "question1": "1",
            "question2": "-1",
            "question3": "30",
            "question4": "20"
        }
    },
    "logs": {
        "labelEvents": [
            {
                "time": "2017-10-23T23:31:41.229Z",
                "type": "START",
                "source": "hotkey",
                "_t": "17:31:41",
                "_end": "-",
                "data": {
                    "type": "run",
                    "time": 24.16002
                }
            },
            {
                "time": "2017-10-23T23:31:42.607Z",
                "type": "END",
                "source": "hotkey:ctb",
                "_t": "17:31:42",
                "_end": "-",
                "data": {
                    "lbl": {
                        "time": 24.16002,
                        "endTime": 26.903678,
                        "type": "run",
                        "id": 1
                    },
                    "key": "enter"
                }
            },
            {
                "time": "2017-10-23T23:31:49.936Z",
                "type": "SELECT",
                "source": "data:click",
                "_t": "17:31:49",
                "_end": "-",
                "data": {
                    "time": 24.16002,
                    "endTime": 26.903678,
                    "type": "run",
                    "id": 1
                }
            },
            {
                "time": "2017-10-23T23:31:51.597Z",
                "type": "DELETE",
                "source": "side-bar:button",
                "_t": "17:31:51",
                "_end": "-",
                "data": {
                    "id": 1,
                    "idx": 0
                }
            },
            {
                "time": "2017-10-23T23:32:02.352Z",
                "type": "START",
                "source": "hotkey",
                "_t": "17:32:02",
                "_end": "-",
                "data": {
                    "type": "skip",
                    "time": 23.029559
                }
            },
            {
                "time": "2017-10-23T23:32:04.399Z",
                "type": "END",
                "source": "hotkey:ctb",
                "_t": "17:32:04",
                "_end": "-",
                "data": {
                    "lbl": {
                        "time": 23.02955899998679,
                        "endTime": 26.44799392681807,
                        "type": "skip",
                        "id": 1
                    },
                    "key": "enter"
                }
            },
            {
                "time": "2017-10-23T23:32:13.149Z",
                "type": "START",
                "source": "hotkey",
                "_t": "17:32:13",
                "_end": "-",
                "data": {
                    "type": "run",
                    "time": 48.989669
                }
            },
            {
                "time": "2017-10-23T23:32:16.399Z",
                "type": "END",
                "source": "hotkey:ctb",
                "_t": "17:32:16",
                "_end": "-",
                "data": {
                    "lbl": {
                        "time": 48.330031926827196,
                        "endTime": 55.49213000000077,
                        "type": "run",
                        "id": 2
                    },
                    "key": "enter"
                }
            },
            {
                "time": "2017-10-23T23:32:27.609Z",
                "type": "START",
                "source": "hotkey",
                "_t": "17:32:27",
                "_end": "-",
                "data": {
                    "type": "run",
                    "time": 275.240848
                }
            },
            {
                "time": "2017-10-23T23:32:31.919Z",
                "type": "END",
                "source": "hotkey:ctb",
                "_t": "17:32:31",
                "_end": "-",
                "data": {
                    "lbl": {
                        "time": 274.9110294634129,
                        "endTime": 283.3697941951221,
                        "type": "run",
                        "id": 3
                    },
                    "key": "enter"
                }
            },
            {
                "time": "2017-10-23T23:32:42.160Z",
                "type": "START",
                "source": "hotkey",
                "_t": "17:32:42",
                "_end": "-",
                "data": {
                    "type": "skip",
                    "time": 383.658244
                }
            },
            {
                "time": "2017-10-23T23:32:43.616Z",
                "type": "END",
                "source": "hotkey:ctb",
                "_t": "17:32:43",
                "_end": "-",
                "data": {
                    "lbl": {
                        "time": 383.658244,
                        "endTime": 386.573748,
                        "type": "skip",
                        "id": 4
                    },
                    "key": "enter"
                }
            },
            {
                "time": "2017-10-23T23:32:55.136Z",
                "type": "START",
                "source": "hotkey",
                "_t": "17:32:55",
                "_end": "-",
                "data": {
                    "type": "skip",
                    "time": 485.428355
                }
            },
            {
                "time": "2017-10-23T23:32:56.752Z",
                "type": "END",
                "source": "hotkey:ctb",
                "_t": "17:32:56",
                "_end": "-",
                "data": {
                    "lbl": {
                        "time": 485.428355,
                        "endTime": 488.653881,
                        "type": "skip",
                        "id": 5
                    },
                    "key": "enter"
                }
            },
            {
                "time": "2017-10-23T23:33:03.268Z",
                "type": "START",
                "source": "hotkey",
                "_t": "17:33:03",
                "_end": "-",
                "data": {
                    "type": "run",
                    "time": 526.047337
                }
            },
            {
                "time": "2017-10-23T23:33:07.265Z",
                "type": "END",
                "source": "hotkey:ctb",
                "_t": "17:33:07",
                "_end": "-",
                "data": {
                    "lbl": {
                        "time": 526.047337,
                        "endTime": 534.038885,
                        "type": "run",
                        "id": 6
                    },
                    "key": "enter"
                }
            },
            {
                "time": "2017-10-23T23:33:15.376Z",
                "type": "START",
                "source": "hotkey",
                "_t": "17:33:15",
                "_end": "-",
                "data": {
                    "type": "skip",
                    "time": 550.265624
                }
            },
            {
                "time": "2017-10-23T23:33:16.897Z",
                "type": "END",
                "source": "hotkey:ctb",
                "_t": "17:33:16",
                "_end": "-",
                "data": {
                    "lbl": {
                        "time": 550.265624,
                        "endTime": 553.293831,
                        "type": "skip",
                        "id": 7
                    },
                    "key": "enter"
                }
            },
            {
                "time": "2017-10-23T23:33:23.168Z",
                "type": "START",
                "source": "hotkey",
                "_t": "17:33:23",
                "_end": "-",
                "data": {
                    "type": "run",
                    "time": 578.155318
                }
            },
            {
                "time": "2017-10-23T23:33:27.233Z",
                "type": "END",
                "source": "hotkey:ctb",
                "_t": "17:33:27",
                "_end": "-",
                "data": {
                    "lbl": {
                        "time": 578.155318,
                        "endTime": 586.265456,
                        "type": "run",
                        "id": 8
                    },
                    "key": "enter"
                }
            },
            {
                "time": "2017-10-23T23:33:36.257Z",
                "type": "START",
                "source": "hotkey",
                "_t": "17:33:36",
                "_end": "-",
                "data": {
                    "type": "run",
                    "time": 653.125916
                }
            },
            {
                "time": "2017-10-23T23:33:37.168Z",
                "type": "END",
                "source": "hotkey:ctb",
                "_t": "17:33:37",
                "_end": "-",
                "data": {
                    "lbl": {
                        "time": 653.125916,
                        "endTime": 654.947205,
                        "type": "run",
                        "id": 9
                    },
                    "key": "enter"
                }
            },
            {
                "time": "2017-10-23T23:33:59.546Z",
                "type": "SELECT",
                "source": "data:click",
                "_t": "17:33:59",
                "_end": "-",
                "data": {
                    "time": 23.02955899998679,
                    "endTime": 26.44799392681807,
                    "type": "skip",
                    "id": 1
                }
            },
            {
                "time": {
                    "start": "2017-10-23T23:34:01.753Z",
                    "end": "2017-10-23T23:34:06.088Z"
                },
                "type": "RESIZE",
                "source": "data:brush",
                "_t": "17:34:01",
                "_end": "17:34:06",
                "data": {
                    "brushing": true,
                    "origin": [
                        23.029559,
                        27.107631
                    ],
                    "_brushside": 1,
                    "start": "2017-10-23T23:34:01.753Z",
                    "ε": 0.1,
                    "mode": "resize"
                }
            },
            {
                "time": "2017-10-23T23:34:08.650Z",
                "type": "DESELECT",
                "source": "data:click",
                "_t": "17:34:08",
                "_end": "-",
                "data": {
                    "time": 23.02955899998679,
                    "endTime": 26.44799392681807,
                    "type": "skip",
                    "id": 1
                }
            },
            {
                "time": "2017-10-23T23:34:09.434Z",
                "type": "SELECT",
                "source": "data:click",
                "_t": "17:34:09",
                "_end": "-",
                "data": {
                    "time": 48.330031926827196,
                    "endTime": 55.49213000000077,
                    "type": "run",
                    "id": 2
                }
            },
            {
                "time": {
                    "start": "2017-10-23T23:34:10.441Z",
                    "end": "2017-10-23T23:34:12.537Z"
                },
                "type": "RESIZE",
                "source": "data:brush",
                "_t": "17:34:10",
                "_end": "17:34:12",
                "data": {
                    "brushing": true,
                    "origin": [
                        48.989669,
                        55.49213
                    ],
                    "_brushside": 0,
                    "start": "2017-10-23T23:34:10.441Z",
                    "ε": 0.1,
                    "mode": "resize"
                }
            },
            {
                "time": "2017-10-23T23:34:19.813Z",
                "type": "DESELECT",
                "source": "data:click",
                "_t": "17:34:19",
                "_end": "-",
                "data": {
                    "time": 48.330031926827196,
                    "endTime": 55.49213000000077,
                    "type": "run",
                    "id": 2
                }
            },
            {
                "time": "2017-10-23T23:34:20.811Z",
                "type": "SELECT",
                "source": "data:click",
                "_t": "17:34:20",
                "_end": "-",
                "data": {
                    "time": 274.9110294634129,
                    "endTime": 283.3697941951221,
                    "type": "run",
                    "id": 3
                }
            },
            {
                "time": {
                    "start": "2017-10-23T23:34:21.642Z",
                    "end": "2017-10-23T23:34:23.057Z"
                },
                "type": "RESIZE",
                "source": "data:brush",
                "_t": "17:34:21",
                "_end": "17:34:23",
                "data": {
                    "brushing": true,
                    "origin": [
                        275.240848,
                        283.864522
                    ],
                    "_brushside": 0,
                    "start": "2017-10-23T23:34:21.642Z",
                    "ε": 0.1,
                    "mode": "resize"
                }
            },
            {
                "time": {
                    "start": "2017-10-23T23:34:25.881Z",
                    "end": "2017-10-23T23:34:26.712Z"
                },
                "type": "RESIZE",
                "source": "data:brush",
                "_t": "17:34:25",
                "_end": "17:34:26",
                "data": {
                    "brushing": true,
                    "origin": [
                        274.9110294634129,
                        283.8645220000002
                    ],
                    "_brushside": 1,
                    "start": "2017-10-23T23:34:25.881Z",
                    "ε": 0.1,
                    "mode": "resize"
                }
            }
        ],
        "navigationEvents": [
            {
                "time": "2017-10-23T23:31:33.075Z",
                "type": "CHANGE-PLAYBACK-RATE",
                "source": "video:menu",
                "_t": "17:31:33",
                "_end": "-",
                "data": {
                    "oldRate": 1,
                    "newRate": 2
                }
            },
            {
                "time": "2017-10-23T23:31:44.810Z",
                "type": "PAUSE",
                "source": "video:button",
                "_t": "17:31:44",
                "_end": "-"
            },
            {
                "time": {
                    "start": "2017-10-23T23:31:08.097Z",
                    "end": "2017-10-23T23:31:49.317Z"
                },
                "type": "SCRUB",
                "source": "data:drag",
                "_t": "17:31:08",
                "_end": "17:31:49",
                "data": {
                    "time": 31.317211
                }
            },
            {
                "time": {
                    "start": "2017-10-23T23:31:08.097Z",
                    "end": "2017-10-23T23:31:49.934Z"
                },
                "type": "SCRUB",
                "source": "data:drag",
                "_t": "17:31:08",
                "_end": "17:31:49",
                "data": {
                    "time": 31.317211
                }
            },
            {
                "time": {
                    "start": "2017-10-23T23:31:08.097Z",
                    "end": "2017-10-23T23:31:53.030Z"
                },
                "type": "SCRUB",
                "source": "data:drag",
                "_t": "17:31:08",
                "_end": "17:31:53",
                "data": {
                    "time": 31.317211
                }
            },
            {
                "time": {
                    "start": "2017-10-23T23:31:08.097Z",
                    "end": "2017-10-23T23:31:54.616Z"
                },
                "type": "SCRUB",
                "source": "data:drag",
                "_t": "17:31:08",
                "_end": "17:31:54",
                "data": {
                    "time": 31.317211
                }
            },
            {
                "time": {
                    "start": "2017-10-23T23:31:08.097Z",
                    "end": "2017-10-23T23:31:58.959Z"
                },
                "type": "SCRUB",
                "source": "data:drag",
                "_t": "17:31:08",
                "_end": "17:31:58",
                "data": {
                    "time": 22.961808
                }
            },
            {
                "time": "2017-10-23T23:32:02.295Z",
                "type": "PLAY",
                "source": "video:button",
                "_t": "17:32:02",
                "_end": "-"
            },
            {
                "time": {
                    "start": "2017-10-23T23:31:08.097Z",
                    "end": "2017-10-23T23:32:10.709Z"
                },
                "type": "SCRUB",
                "source": "data:drag",
                "_t": "17:31:08",
                "_end": "17:32:10",
                "data": {
                    "time": 44.533269
                }
            },
            {
                "time": {
                    "start": "2017-10-23T23:31:08.097Z",
                    "end": "2017-10-23T23:32:19.022Z"
                },
                "type": "SCRUB",
                "source": "data:drag",
                "_t": "17:31:08",
                "_end": "17:32:19",
                "data": {
                    "time": 109.400745
                }
            },
            {
                "time": {
                    "start": "2017-10-23T23:31:08.097Z",
                    "end": "2017-10-23T23:32:20.299Z"
                },
                "type": "SCRUB",
                "source": "data:drag",
                "_t": "17:31:08",
                "_end": "17:32:20",
                "data": {
                    "time": 163.484309
                }
            },
            {
                "time": {
                    "start": "2017-10-23T23:31:08.097Z",
                    "end": "2017-10-23T23:32:21.420Z"
                },
                "type": "SCRUB",
                "source": "data:drag",
                "_t": "17:31:08",
                "_end": "17:32:21",
                "data": {
                    "time": 231.976625
                }
            },
            {
                "time": {
                    "start": "2017-10-23T23:31:08.097Z",
                    "end": "2017-10-23T23:32:23.631Z"
                },
                "type": "SCRUB",
                "source": "data:drag",
                "_t": "17:31:08",
                "_end": "17:32:23",
                "data": {
                    "time": 267.597026
                }
            },
            {
                "time": {
                    "start": "2017-10-23T23:31:08.097Z",
                    "end": "2017-10-23T23:32:35.265Z"
                },
                "type": "SCRUB",
                "source": "data:drag",
                "_t": "17:31:08",
                "_end": "17:32:35",
                "data": {
                    "time": 355.116861
                }
            },
            {
                "time": {
                    "start": "2017-10-23T23:31:08.097Z",
                    "end": "2017-10-23T23:32:38.523Z"
                },
                "type": "SCRUB",
                "source": "data:drag",
                "_t": "17:31:08",
                "_end": "17:32:38",
                "data": {
                    "time": 376.587199
                }
            },
            {
                "time": {
                    "start": "2017-10-23T23:31:08.097Z",
                    "end": "2017-10-23T23:32:46.421Z"
                },
                "type": "SCRUB",
                "source": "data:drag",
                "_t": "17:31:08",
                "_end": "17:32:46",
                "data": {
                    "time": 468.700945
                }
            },
            {
                "time": {
                    "start": "2017-10-23T23:31:08.097Z",
                    "end": "2017-10-23T23:33:00.174Z"
                },
                "type": "SCRUB",
                "source": "data:drag",
                "_t": "17:31:08",
                "_end": "17:33:00",
                "data": {
                    "time": 519.874662
                }
            },
            {
                "time": {
                    "start": "2017-10-23T23:31:08.097Z",
                    "end": "2017-10-23T23:33:21.232Z"
                },
                "type": "SCRUB",
                "source": "data:drag",
                "_t": "17:31:08",
                "_end": "17:33:21",
                "data": {
                    "time": 574.600994
                }
            },
            {
                "time": {
                    "start": "2017-10-23T23:31:08.097Z",
                    "end": "2017-10-23T23:33:30.543Z"
                },
                "type": "SCRUB",
                "source": "data:drag",
                "_t": "17:31:08",
                "_end": "17:33:30",
                "data": {
                    "time": 642.075347
                }
            },
            {
                "time": "2017-10-23T23:33:42.511Z",
                "type": "PAUSE",
                "source": "video:button",
                "_t": "17:33:42",
                "_end": "-"
            },
            {
                "time": {
                    "start": "2017-10-23T23:31:08.097Z",
                    "end": "2017-10-23T23:33:44.128Z"
                },
                "type": "SCRUB",
                "source": "data:drag",
                "_t": "17:31:08",
                "_end": "17:33:44",
                "data": {
                    "time": 565.597893
                }
            },
            {
                "time": {
                    "start": "2017-10-23T23:31:08.097Z",
                    "end": "2017-10-23T23:33:45.360Z"
                },
                "type": "SCRUB",
                "source": "data:drag",
                "_t": "17:31:08",
                "_end": "17:33:45",
                "data": {
                    "time": 499.414306
                }
            },
            {
                "time": {
                    "start": "2017-10-23T23:31:08.097Z",
                    "end": "2017-10-23T23:33:46.454Z"
                },
                "type": "SCRUB",
                "source": "data:drag",
                "_t": "17:31:08",
                "_end": "17:33:46",
                "data": {
                    "time": 415.695367
                }
            },
            {
                "time": {
                    "start": "2017-10-23T23:31:08.097Z",
                    "end": "2017-10-23T23:33:47.688Z"
                },
                "type": "SCRUB",
                "source": "data:drag",
                "_t": "17:31:08",
                "_end": "17:33:47",
                "data": {
                    "time": 361.934945
                }
            },
            {
                "time": {
                    "start": "2017-10-23T23:31:08.097Z",
                    "end": "2017-10-23T23:33:49.062Z"
                },
                "type": "SCRUB",
                "source": "data:drag",
                "_t": "17:31:08",
                "_end": "17:33:49",
                "data": {
                    "time": 295.806328
                }
            },
            {
                "time": {
                    "start": "2017-10-23T23:31:08.097Z",
                    "end": "2017-10-23T23:33:50.934Z"
                },
                "type": "SCRUB",
                "source": "data:drag",
                "_t": "17:31:08",
                "_end": "17:33:50",
                "data": {
                    "time": 194.991795
                }
            },
            {
                "time": {
                    "start": "2017-10-23T23:31:08.097Z",
                    "end": "2017-10-23T23:33:52.239Z"
                },
                "type": "SCRUB",
                "source": "data:drag",
                "_t": "17:31:08",
                "_end": "17:33:52",
                "data": {
                    "time": 116.989711
                }
            },
            {
                "time": {
                    "start": "2017-10-23T23:31:08.097Z",
                    "end": "2017-10-23T23:33:53.491Z"
                },
                "type": "SCRUB",
                "source": "data:drag",
                "_t": "17:31:08",
                "_end": "17:33:53",
                "data": {
                    "time": 53.719521
                }
            },
            {
                "time": {
                    "start": "2017-10-23T23:31:08.097Z",
                    "end": "2017-10-23T23:33:59.543Z"
                },
                "type": "SCRUB",
                "source": "data:drag",
                "_t": "17:31:08",
                "_end": "17:33:59",
                "data": {
                    "time": 53.719521
                }
            },
            {
                "time": {
                    "start": "2017-10-23T23:31:08.097Z",
                    "end": "2017-10-23T23:34:06.097Z"
                },
                "type": "SCRUB",
                "source": "data:drag",
                "_t": "17:31:08",
                "_end": "17:34:06",
                "data": {
                    "time": 53.719521
                }
            },
            {
                "time": {
                    "start": "2017-10-23T23:31:08.097Z",
                    "end": "2017-10-23T23:34:08.649Z"
                },
                "type": "SCRUB",
                "source": "data:drag",
                "_t": "17:31:08",
                "_end": "17:34:08",
                "data": {
                    "time": 53.719521
                }
            },
            {
                "time": {
                    "start": "2017-10-23T23:31:08.097Z",
                    "end": "2017-10-23T23:34:09.432Z"
                },
                "type": "SCRUB",
                "source": "data:drag",
                "_t": "17:31:08",
                "_end": "17:34:09",
                "data": {
                    "time": 53.719521
                }
            },
            {
                "time": {
                    "start": "2017-10-23T23:31:08.097Z",
                    "end": "2017-10-23T23:34:12.545Z"
                },
                "type": "SCRUB",
                "source": "data:drag",
                "_t": "17:31:08",
                "_end": "17:34:12",
                "data": {
                    "time": 53.719521
                }
            },
            {
                "time": {
                    "start": "2017-10-23T23:31:08.097Z",
                    "end": "2017-10-23T23:34:14.629Z"
                },
                "type": "SCRUB",
                "source": "data:drag",
                "_t": "17:31:08",
                "_end": "17:34:14",
                "data": {
                    "time": 144.914346
                }
            },
            {
                "time": {
                    "start": "2017-10-23T23:31:08.097Z",
                    "end": "2017-10-23T23:34:16.808Z"
                },
                "type": "SCRUB",
                "source": "data:drag",
                "_t": "17:31:08",
                "_end": "17:34:16",
                "data": {
                    "time": 223.246248
                }
            },
            {
                "time": {
                    "start": "2017-10-23T23:31:08.097Z",
                    "end": "2017-10-23T23:34:18.389Z"
                },
                "type": "SCRUB",
                "source": "data:drag",
                "_t": "17:31:08",
                "_end": "17:34:18",
                "data": {
                    "time": 283.273221
                }
            },
            {
                "time": {
                    "start": "2017-10-23T23:31:08.097Z",
                    "end": "2017-10-23T23:34:19.812Z"
                },
                "type": "SCRUB",
                "source": "data:drag",
                "_t": "17:31:08",
                "_end": "17:34:19",
                "data": {
                    "time": 283.273221
                }
            },
            {
                "time": {
                    "start": "2017-10-23T23:31:08.097Z",
                    "end": "2017-10-23T23:34:20.808Z"
                },
                "type": "SCRUB",
                "source": "data:drag",
                "_t": "17:31:08",
                "_end": "17:34:20",
                "data": {
                    "time": 283.273221
                }
            },
            {
                "time": {
                    "start": "2017-10-23T23:31:08.097Z",
                    "end": "2017-10-23T23:34:23.075Z"
                },
                "type": "SCRUB",
                "source": "data:drag",
                "_t": "17:31:08",
                "_end": "17:34:23",
                "data": {
                    "time": 283.273221
                }
            },
            {
                "time": {
                    "start": "2017-10-23T23:31:08.097Z",
                    "end": "2017-10-23T23:34:24.256Z"
                },
                "type": "SCRUB",
                "source": "data:drag",
                "_t": "17:31:08",
                "_end": "17:34:24",
                "data": {
                    "time": 289.264924
                }
            },
            {
                "time": {
                    "start": "2017-10-23T23:31:08.097Z",
                    "end": "2017-10-23T23:34:26.730Z"
                },
                "type": "SCRUB",
                "source": "data:drag",
                "_t": "17:31:08",
                "_end": "17:34:26",
                "data": {
                    "time": 289.264924
                }
            }
        ]
    }
}