[{"time":22.224618,"endTime":27.061345,"type":"run","id":1},{"time":47.485387,"endTime":56.010203,"type":"skip","id":2},{"time":274.317144,"endTime":284.052493,"type":"skip","id":3},{"time":383.059632,"endTime":386.844682,"type":"run","id":4},{"time":484.105671,"endTime":488.66988,"type":"run","id":5},{"time":525.547043,"endTime":534.426854,"type":"skip","id":6},{"time":549.407978,"endTime":553.615898,"type":"run","id":7},{"time":578.072776,"endTime":586.858044,"type":"skip","id":8},{"time":652.237652,"endTime":654.857776,"type":"run","id":9}]