{
    "user_id": "007",
    "session_id": "59ec16a2227e0c69a024562c",
    "study": "studyA",
    "workspace": "newrun.run-thurs-six-finally",
    "details": {
        "workspace": "newrun.run-thurs-six-finally",
        "labels": [
            {
                "time": 22.970002,
                "endTime": 26.65297565853672,
                "type": "run",
                "id": 1
            },
            {
                "time": 48.12856687119783,
                "endTime": 55.17877955534574,
                "type": "skip",
                "id": 2
            },
            {
                "time": 274.992805,
                "endTime": 283.34694158807105,
                "type": "skip",
                "id": 3
            },
            {
                "time": 383.067827,
                "endTime": 386.15568508064723,
                "type": "run",
                "id": 4
            },
            {
                "time": 484.692195,
                "endTime": 488.24534676403243,
                "type": "run",
                "id": 5
            },
            {
                "time": 525.5745886932172,
                "endTime": 533.9498749941507,
                "type": "skip",
                "id": 6
            },
            {
                "time": 549.896758,
                "endTime": 552.9000172291092,
                "type": "run",
                "id": 7
            },
            {
                "time": 577.835528,
                "endTime": 586.2954131524581,
                "type": "skip",
                "id": 8
            },
            {
                "time": 652.832408,
                "endTime": 654.3763370403235,
                "type": "run",
                "id": 9
            },
            {
                "time": 654.418636,
                "endTime": 665.8183312428863,
                "type": "skip",
                "id": 10
            }
        ],
        "_starts": [
            "2017-10-24T15:19:21.000Z"
        ],
        "_ends": [
            "2017-10-24T15:22:30.062Z"
        ]
    },
    "labels_file": "/home/ubuntu/vat/data/user-studies/studyA/run-yellow/007.labels.json",
    "videoFlash": 3.918989,
    "surveys": {
        "user-info": {
            "firstname": "Steven",
            "lastname": "Seeger",
            "email": "sseeger1996@gmail.com"
        },
        "practice-first": {
            "question1": "1",
            "question2": "ok",
            "question3": "70",
            "question4": "2"
        },
        "practice-second": {},
        "practice-third": {},
        "practice-survey": {},
        "run-blue": {
            "question1": "2",
            "question2": "2",
            "question3": "100",
            "question4": "90"
        }
    },
    "logs": {
        "labelEvents": [
            {
                "time": "2017-10-24T15:19:37.214Z",
                "type": "START",
                "source": "hotkey",
                "_t": "09:19:37",
                "_end": "-",
                "data": {
                    "type": "run",
                    "time": 22.970002
                }
            },
            {
                "time": "2017-10-24T15:19:40.175Z",
                "type": "END",
                "source": "data:click:h_pos",
                "_t": "09:19:40",
                "_end": "-",
                "data": {
                    "lbl": {
                        "time": 22.970002,
                        "endTime": 26.65297565853672,
                        "type": "run",
                        "id": 1
                    }
                }
            },
            {
                "time": "2017-10-24T15:19:50.190Z",
                "type": "START",
                "source": "hotkey",
                "_t": "09:19:50",
                "_end": "-",
                "data": {
                    "type": "skip",
                    "time": 48.340064
                }
            },
            {
                "time": "2017-10-24T15:19:51.757Z",
                "type": "START",
                "source": "hotkey",
                "_t": "09:19:51",
                "_end": "-",
                "data": {
                    "type": "run",
                    "time": 48.340064
                }
            },
            {
                "time": "2017-10-24T15:19:53.384Z",
                "type": "END",
                "source": "data:click:h_pos",
                "_t": "09:19:53",
                "_end": "-",
                "data": {
                    "lbl": {
                        "time": 48.12856687119783,
                        "endTime": 55.17877955534574,
                        "type": "skip",
                        "id": 2
                    }
                }
            },
            {
                "time": "2017-10-24T15:20:07.757Z",
                "type": "START",
                "source": "hotkey",
                "_t": "09:20:07",
                "_end": "-",
                "data": {
                    "type": "skip",
                    "time": 274.992805
                }
            },
            {
                "time": "2017-10-24T15:20:10.624Z",
                "type": "END",
                "source": "data:click:h_pos",
                "_t": "09:20:10",
                "_end": "-",
                "data": {
                    "lbl": {
                        "time": 274.992805,
                        "endTime": 283.34694158807105,
                        "type": "skip",
                        "id": 3
                    }
                }
            },
            {
                "time": "2017-10-24T15:20:22.968Z",
                "type": "SELECT",
                "source": "data:click",
                "_t": "09:20:22",
                "_end": "-",
                "data": {
                    "time": 48.12856687119783,
                    "endTime": 55.17877955534574,
                    "type": "skip",
                    "id": 2
                }
            },
            {
                "time": "2017-10-24T15:20:26.150Z",
                "type": "CHANGE-EVENT-TYPE",
                "source": "side-bar:menu",
                "_t": "09:20:26",
                "_end": "-",
                "data": {
                    "time": 48.340064,
                    "endTime": 55.1787795553441,
                    "type": "run",
                    "id": 2
                }
            },
            {
                "time": "2017-10-24T15:20:26.697Z",
                "type": "DESELECT",
                "source": "data:click",
                "_t": "09:20:26",
                "_end": "-",
                "data": {
                    "time": 48.340064,
                    "endTime": 55.1787795553441,
                    "type": "skip",
                    "id": 2
                }
            },
            {
                "time": "2017-10-24T15:20:29.176Z",
                "type": "SELECT",
                "source": "data:click",
                "_t": "09:20:29",
                "_end": "-",
                "data": {
                    "time": 48.12856687119783,
                    "endTime": 55.17877955534574,
                    "type": "skip",
                    "id": 2
                }
            },
            {
                "time": {
                    "start": "2017-10-24T15:20:29.879Z",
                    "end": "2017-10-24T15:20:30.895Z"
                },
                "type": "RESIZE",
                "source": "data:brush",
                "_t": "09:20:29",
                "_end": "09:20:30",
                "data": {
                    "brushing": true,
                    "origin": [
                        48.340064,
                        55.1787795553441
                    ],
                    "_brushside": 0,
                    "start": "2017-10-24T15:20:29.879Z",
                    "ε": 0.1,
                    "mode": "resize"
                }
            },
            {
                "time": "2017-10-24T15:20:31.259Z",
                "type": "DESELECT",
                "source": "data:click",
                "_t": "09:20:31",
                "_end": "-",
                "data": {
                    "time": 48.12856687119783,
                    "endTime": 55.17877955534574,
                    "type": "skip",
                    "id": 2
                }
            },
            {
                "time": "2017-10-24T15:20:52.980Z",
                "type": "START",
                "source": "hotkey",
                "_t": "09:20:52",
                "_end": "-",
                "data": {
                    "type": "run",
                    "time": 383.067827
                }
            },
            {
                "time": "2017-10-24T15:20:55.001Z",
                "type": "END",
                "source": "data:click:h_pos",
                "_t": "09:20:55",
                "_end": "-",
                "data": {
                    "lbl": {
                        "time": 383.067827,
                        "endTime": 386.15568508064723,
                        "type": "run",
                        "id": 4
                    }
                }
            },
            {
                "time": "2017-10-24T15:21:03.857Z",
                "type": "START",
                "source": "hotkey",
                "_t": "09:21:03",
                "_end": "-",
                "data": {
                    "type": "run",
                    "time": 484.692195
                }
            },
            {
                "time": "2017-10-24T15:21:04.720Z",
                "type": "END",
                "source": "data:click:h_pos",
                "_t": "09:21:04",
                "_end": "-",
                "data": {
                    "lbl": {
                        "time": 484.692195,
                        "endTime": 488.24534676403243,
                        "type": "run",
                        "id": 5
                    }
                }
            },
            {
                "time": "2017-10-24T15:21:17.301Z",
                "type": "START",
                "source": "hotkey",
                "_t": "09:21:17",
                "_end": "-",
                "data": {
                    "type": "skip",
                    "time": 525.257343
                }
            },
            {
                "time": "2017-10-24T15:21:18.545Z",
                "type": "END",
                "source": "data:click:h_pos",
                "_t": "09:21:18",
                "_end": "-",
                "data": {
                    "lbl": {
                        "time": 525.5745886932172,
                        "endTime": 533.9498749941507,
                        "type": "skip",
                        "id": 6
                    }
                }
            },
            {
                "time": "2017-10-24T15:21:21.329Z",
                "type": "SELECT",
                "source": "data:click",
                "_t": "09:21:21",
                "_end": "-",
                "data": {
                    "time": 525.5745886932172,
                    "endTime": 533.9498749941507,
                    "type": "skip",
                    "id": 6
                }
            },
            {
                "time": {
                    "start": "2017-10-24T15:21:22.352Z",
                    "end": "2017-10-24T15:21:23.447Z"
                },
                "type": "RESIZE",
                "source": "data:brush",
                "_t": "09:21:22",
                "_end": "09:21:23",
                "data": {
                    "brushing": true,
                    "origin": [
                        525.257343,
                        533.9498749941118
                    ],
                    "_brushside": 0,
                    "start": "2017-10-24T15:21:22.352Z",
                    "ε": 0.1,
                    "mode": "resize"
                }
            },
            {
                "time": "2017-10-24T15:21:23.849Z",
                "type": "DESELECT",
                "source": "data:click",
                "_t": "09:21:23",
                "_end": "-",
                "data": {
                    "time": 525.5745886932172,
                    "endTime": 533.9498749941507,
                    "type": "skip",
                    "id": 6
                }
            },
            {
                "time": "2017-10-24T15:21:28.260Z",
                "type": "START",
                "source": "hotkey",
                "_t": "09:21:28",
                "_end": "-",
                "data": {
                    "type": "run",
                    "time": 549.896758
                }
            },
            {
                "time": "2017-10-24T15:21:29.706Z",
                "type": "END",
                "source": "data:click:h_pos",
                "_t": "09:21:29",
                "_end": "-",
                "data": {
                    "lbl": {
                        "time": 549.896758,
                        "endTime": 552.9000172291092,
                        "type": "run",
                        "id": 7
                    }
                }
            },
            {
                "time": "2017-10-24T15:21:35.872Z",
                "type": "START",
                "source": "hotkey",
                "_t": "09:21:35",
                "_end": "-",
                "data": {
                    "type": "skip",
                    "time": 577.835528
                }
            },
            {
                "time": "2017-10-24T15:21:36.978Z",
                "type": "END",
                "source": "data:click:h_pos",
                "_t": "09:21:36",
                "_end": "-",
                "data": {
                    "lbl": {
                        "time": 577.835528,
                        "endTime": 586.2954131524581,
                        "type": "skip",
                        "id": 8
                    }
                }
            },
            {
                "time": "2017-10-24T15:21:47.856Z",
                "type": "START",
                "source": "hotkey",
                "_t": "09:21:47",
                "_end": "-",
                "data": {
                    "type": "run",
                    "time": 652.832408
                }
            },
            {
                "time": "2017-10-24T15:21:48.930Z",
                "type": "END",
                "source": "data:click:h_pos",
                "_t": "09:21:48",
                "_end": "-",
                "data": {
                    "lbl": {
                        "time": 652.832408,
                        "endTime": 654.3763370403235,
                        "type": "run",
                        "id": 9
                    }
                }
            },
            {
                "time": "2017-10-24T15:21:57.377Z",
                "type": "START",
                "source": "hotkey",
                "_t": "09:21:57",
                "_end": "-",
                "data": {
                    "type": "skip",
                    "time": 654.418636
                }
            },
            {
                "time": "2017-10-24T15:21:58.754Z",
                "type": "END",
                "source": "data:click:h_pos",
                "_t": "09:21:58",
                "_end": "-",
                "data": {
                    "lbl": {
                        "time": 654.418636,
                        "endTime": 665.8183312428863,
                        "type": "skip",
                        "id": 10
                    }
                }
            }
        ],
        "navigationEvents": [
            {
                "time": "2017-10-24T15:19:33.147Z",
                "type": "PAUSE",
                "source": "video:button",
                "_t": "09:19:33",
                "_end": "-"
            },
            {
                "time": {
                    "start": "2017-10-24T15:19:21.957Z",
                    "end": "2017-10-24T15:19:35.038Z"
                },
                "type": "SCRUB",
                "source": "data:drag",
                "_t": "09:19:21",
                "_end": "09:19:35",
                "data": {
                    "time": 23.409761
                }
            },
            {
                "time": {
                    "start": "2017-10-24T15:19:21.957Z",
                    "end": "2017-10-24T15:19:36.670Z"
                },
                "type": "SCRUB",
                "source": "data:drag",
                "_t": "09:19:21",
                "_end": "09:19:36",
                "data": {
                    "time": 22.970002
                }
            },
            {
                "time": {
                    "start": "2017-10-24T15:19:21.957Z",
                    "end": "2017-10-24T15:19:40.173Z"
                },
                "type": "SCRUB",
                "source": "data:drag",
                "_t": "09:19:21",
                "_end": "09:19:40",
                "data": {
                    "time": 22.970002
                }
            },
            {
                "time": {
                    "start": "2017-10-24T15:19:21.957Z",
                    "end": "2017-10-24T15:19:41.854Z"
                },
                "type": "SCRUB",
                "source": "data:drag",
                "_t": "09:19:21",
                "_end": "09:19:41",
                "data": {
                    "time": 22.970002
                }
            },
            {
                "time": {
                    "start": "2017-10-24T15:19:21.957Z",
                    "end": "2017-10-24T15:19:46.559Z"
                },
                "type": "SCRUB",
                "source": "data:drag",
                "_t": "09:19:21",
                "_end": "09:19:46",
                "data": {
                    "time": 39.39864
                }
            },
            {
                "time": {
                    "start": "2017-10-24T15:19:21.957Z",
                    "end": "2017-10-24T15:19:49.636Z"
                },
                "type": "SCRUB",
                "source": "data:drag",
                "_t": "09:19:21",
                "_end": "09:19:49",
                "data": {
                    "time": 48.340064
                }
            },
            {
                "time": {
                    "start": "2017-10-24T15:19:21.957Z",
                    "end": "2017-10-24T15:19:53.382Z"
                },
                "type": "SCRUB",
                "source": "data:drag",
                "_t": "09:19:21",
                "_end": "09:19:53",
                "data": {
                    "time": 48.340064
                }
            },
            {
                "time": {
                    "start": "2017-10-24T15:19:21.957Z",
                    "end": "2017-10-24T15:19:54.144Z"
                },
                "type": "SCRUB",
                "source": "data:drag",
                "_t": "09:19:21",
                "_end": "09:19:54",
                "data": {
                    "time": 63.039372
                }
            },
            {
                "time": {
                    "start": "2017-10-24T15:19:21.957Z",
                    "end": "2017-10-24T15:19:54.819Z"
                },
                "type": "SCRUB",
                "source": "data:drag",
                "_t": "09:19:21",
                "_end": "09:19:54",
                "data": {
                    "time": 83.201791
                }
            },
            {
                "time": {
                    "start": "2017-10-24T15:19:21.957Z",
                    "end": "2017-10-24T15:19:55.818Z"
                },
                "type": "SCRUB",
                "source": "data:drag",
                "_t": "09:19:21",
                "_end": "09:19:55",
                "data": {
                    "time": 111.480272
                }
            },
            {
                "time": {
                    "start": "2017-10-24T15:19:21.957Z",
                    "end": "2017-10-24T15:19:57.066Z"
                },
                "type": "SCRUB",
                "source": "data:drag",
                "_t": "09:19:21",
                "_end": "09:19:57",
                "data": {
                    "time": 135.376473
                }
            },
            {
                "time": {
                    "start": "2017-10-24T15:19:21.957Z",
                    "end": "2017-10-24T15:19:58.112Z"
                },
                "type": "SCRUB",
                "source": "data:drag",
                "_t": "09:19:21",
                "_end": "09:19:58",
                "data": {
                    "time": 153.357578
                }
            },
            {
                "time": {
                    "start": "2017-10-24T15:19:21.957Z",
                    "end": "2017-10-24T15:19:59.256Z"
                },
                "type": "SCRUB",
                "source": "data:drag",
                "_t": "09:19:21",
                "_end": "09:19:59",
                "data": {
                    "time": 176.919704
                }
            },
            {
                "time": {
                    "start": "2017-10-24T15:19:21.957Z",
                    "end": "2017-10-24T15:20:00.484Z"
                },
                "type": "SCRUB",
                "source": "data:drag",
                "_t": "09:19:21",
                "_end": "09:20:00",
                "data": {
                    "time": 203.291992
                }
            },
            {
                "time": {
                    "start": "2017-10-24T15:19:21.957Z",
                    "end": "2017-10-24T15:20:02.554Z"
                },
                "type": "SCRUB",
                "source": "data:drag",
                "_t": "09:19:21",
                "_end": "09:20:02",
                "data": {
                    "time": 229.487416
                }
            },
            {
                "time": {
                    "start": "2017-10-24T15:19:21.957Z",
                    "end": "2017-10-24T15:20:03.971Z"
                },
                "type": "SCRUB",
                "source": "data:drag",
                "_t": "09:19:21",
                "_end": "09:20:03",
                "data": {
                    "time": 253.737344
                }
            },
            {
                "time": {
                    "start": "2017-10-24T15:19:21.957Z",
                    "end": "2017-10-24T15:20:07.492Z"
                },
                "type": "SCRUB",
                "source": "data:drag",
                "_t": "09:19:21",
                "_end": "09:20:07",
                "data": {
                    "time": 274.992805
                }
            },
            {
                "time": {
                    "start": "2017-10-24T15:19:21.957Z",
                    "end": "2017-10-24T15:20:10.622Z"
                },
                "type": "SCRUB",
                "source": "data:drag",
                "_t": "09:19:21",
                "_end": "09:20:10",
                "data": {
                    "time": 274.992805
                }
            },
            {
                "time": {
                    "start": "2017-10-24T15:19:21.957Z",
                    "end": "2017-10-24T15:20:11.822Z"
                },
                "type": "SCRUB",
                "source": "data:drag",
                "_t": "09:19:21",
                "_end": "09:20:11",
                "data": {
                    "time": 250.691784
                }
            },
            {
                "time": {
                    "start": "2017-10-24T15:19:21.957Z",
                    "end": "2017-10-24T15:20:12.652Z"
                },
                "type": "SCRUB",
                "source": "data:drag",
                "_t": "09:19:21",
                "_end": "09:20:12",
                "data": {
                    "time": 225.544775
                }
            },
            {
                "time": {
                    "start": "2017-10-24T15:19:21.957Z",
                    "end": "2017-10-24T15:20:13.334Z"
                },
                "type": "SCRUB",
                "source": "data:drag",
                "_t": "09:19:21",
                "_end": "09:20:13",
                "data": {
                    "time": 197.986699
                }
            },
            {
                "time": {
                    "start": "2017-10-24T15:19:21.957Z",
                    "end": "2017-10-24T15:20:14.468Z"
                },
                "type": "SCRUB",
                "source": "data:drag",
                "_t": "09:19:21",
                "_end": "09:20:14",
                "data": {
                    "time": 170.682419
                }
            },
            {
                "time": {
                    "start": "2017-10-24T15:19:21.957Z",
                    "end": "2017-10-24T15:20:15.543Z"
                },
                "type": "SCRUB",
                "source": "data:drag",
                "_t": "09:19:21",
                "_end": "09:20:15",
                "data": {
                    "time": 134.537559
                }
            },
            {
                "time": {
                    "start": "2017-10-24T15:19:21.957Z",
                    "end": "2017-10-24T15:20:16.826Z"
                },
                "type": "SCRUB",
                "source": "data:drag",
                "_t": "09:19:21",
                "_end": "09:20:16",
                "data": {
                    "time": 96.066231
                }
            },
            {
                "time": {
                    "start": "2017-10-24T15:19:21.957Z",
                    "end": "2017-10-24T15:20:18.376Z"
                },
                "type": "SCRUB",
                "source": "data:drag",
                "_t": "09:19:21",
                "_end": "09:20:18",
                "data": {
                    "time": 60.555863
                }
            },
            {
                "time": {
                    "start": "2017-10-24T15:19:21.957Z",
                    "end": "2017-10-24T15:20:22.385Z"
                },
                "type": "SCRUB",
                "source": "data:drag",
                "_t": "09:19:21",
                "_end": "09:20:22",
                "data": {
                    "time": 56.643166
                }
            },
            {
                "time": {
                    "start": "2017-10-24T15:19:21.957Z",
                    "end": "2017-10-24T15:20:22.966Z"
                },
                "type": "SCRUB",
                "source": "data:drag",
                "_t": "09:19:21",
                "_end": "09:20:22",
                "data": {
                    "time": 56.643166
                }
            },
            {
                "time": {
                    "start": "2017-10-24T15:19:21.957Z",
                    "end": "2017-10-24T15:20:26.695Z"
                },
                "type": "SCRUB",
                "source": "data:drag",
                "_t": "09:19:21",
                "_end": "09:20:26",
                "data": {
                    "time": 56.643166
                }
            },
            {
                "time": {
                    "start": "2017-10-24T15:19:21.957Z",
                    "end": "2017-10-24T15:20:29.174Z"
                },
                "type": "SCRUB",
                "source": "data:drag",
                "_t": "09:19:21",
                "_end": "09:20:29",
                "data": {
                    "time": 56.643166
                }
            },
            {
                "time": {
                    "start": "2017-10-24T15:19:21.957Z",
                    "end": "2017-10-24T15:20:30.901Z"
                },
                "type": "SCRUB",
                "source": "data:drag",
                "_t": "09:19:21",
                "_end": "09:20:30",
                "data": {
                    "time": 56.643166
                }
            },
            {
                "time": {
                    "start": "2017-10-24T15:19:21.957Z",
                    "end": "2017-10-24T15:20:31.258Z"
                },
                "type": "SCRUB",
                "source": "data:drag",
                "_t": "09:19:21",
                "_end": "09:20:31",
                "data": {
                    "time": 56.643166
                }
            },
            {
                "time": {
                    "start": "2017-10-24T15:19:21.957Z",
                    "end": "2017-10-24T15:20:31.817Z"
                },
                "type": "SCRUB",
                "source": "data:drag",
                "_t": "09:19:21",
                "_end": "09:20:31",
                "data": {
                    "time": 74.472373
                }
            },
            {
                "time": {
                    "start": "2017-10-24T15:19:21.957Z",
                    "end": "2017-10-24T15:20:32.413Z"
                },
                "type": "SCRUB",
                "source": "data:drag",
                "_t": "09:19:21",
                "_end": "09:20:32",
                "data": {
                    "time": 94.014707
                }
            },
            {
                "time": {
                    "start": "2017-10-24T15:19:21.957Z",
                    "end": "2017-10-24T15:20:33.144Z"
                },
                "type": "SCRUB",
                "source": "data:drag",
                "_t": "09:19:21",
                "_end": "09:20:33",
                "data": {
                    "time": 117.998481
                }
            },
            {
                "time": {
                    "start": "2017-10-24T15:19:21.957Z",
                    "end": "2017-10-24T15:20:33.961Z"
                },
                "type": "SCRUB",
                "source": "data:drag",
                "_t": "09:19:21",
                "_end": "09:20:33",
                "data": {
                    "time": 148.22142
                }
            },
            {
                "time": {
                    "start": "2017-10-24T15:19:21.957Z",
                    "end": "2017-10-24T15:20:34.806Z"
                },
                "type": "SCRUB",
                "source": "data:drag",
                "_t": "09:19:21",
                "_end": "09:20:34",
                "data": {
                    "time": 172.120595
                }
            },
            {
                "time": {
                    "start": "2017-10-24T15:19:21.957Z",
                    "end": "2017-10-24T15:20:36.492Z"
                },
                "type": "SCRUB",
                "source": "data:drag",
                "_t": "09:19:21",
                "_end": "09:20:36",
                "data": {
                    "time": 201.835941
                }
            },
            {
                "time": {
                    "start": "2017-10-24T15:19:21.957Z",
                    "end": "2017-10-24T15:20:38.110Z"
                },
                "type": "SCRUB",
                "source": "data:drag",
                "_t": "09:19:21",
                "_end": "09:20:38",
                "data": {
                    "time": 229.478615
                }
            },
            {
                "time": {
                    "start": "2017-10-24T15:19:21.957Z",
                    "end": "2017-10-24T15:20:39.454Z"
                },
                "type": "SCRUB",
                "source": "data:drag",
                "_t": "09:19:21",
                "_end": "09:20:39",
                "data": {
                    "time": 254.13918
                }
            },
            {
                "time": {
                    "start": "2017-10-24T15:19:21.957Z",
                    "end": "2017-10-24T15:20:41.334Z"
                },
                "type": "SCRUB",
                "source": "data:drag",
                "_t": "09:19:21",
                "_end": "09:20:41",
                "data": {
                    "time": 276.95972
                }
            },
            {
                "time": {
                    "start": "2017-10-24T15:19:21.957Z",
                    "end": "2017-10-24T15:20:42.885Z"
                },
                "type": "SCRUB",
                "source": "data:drag",
                "_t": "09:19:21",
                "_end": "09:20:42",
                "data": {
                    "time": 303.841005
                }
            },
            {
                "time": {
                    "start": "2017-10-24T15:19:21.957Z",
                    "end": "2017-10-24T15:20:44.590Z"
                },
                "type": "SCRUB",
                "source": "data:drag",
                "_t": "09:19:21",
                "_end": "09:20:44",
                "data": {
                    "time": 328.649618
                }
            },
            {
                "time": {
                    "start": "2017-10-24T15:19:21.957Z",
                    "end": "2017-10-24T15:20:46.071Z"
                },
                "type": "SCRUB",
                "source": "data:drag",
                "_t": "09:19:21",
                "_end": "09:20:46",
                "data": {
                    "time": 350.624169
                }
            },
            {
                "time": {
                    "start": "2017-10-24T15:19:21.957Z",
                    "end": "2017-10-24T15:20:48.482Z"
                },
                "type": "SCRUB",
                "source": "data:drag",
                "_t": "09:19:21",
                "_end": "09:20:48",
                "data": {
                    "time": 369.278215
                }
            },
            {
                "time": {
                    "start": "2017-10-24T15:19:21.957Z",
                    "end": "2017-10-24T15:20:52.575Z"
                },
                "type": "SCRUB",
                "source": "data:drag",
                "_t": "09:19:21",
                "_end": "09:20:52",
                "data": {
                    "time": 383.067827
                }
            },
            {
                "time": {
                    "start": "2017-10-24T15:19:21.957Z",
                    "end": "2017-10-24T15:20:54.998Z"
                },
                "type": "SCRUB",
                "source": "data:drag",
                "_t": "09:19:21",
                "_end": "09:20:54",
                "data": {
                    "time": 383.067827
                }
            },
            {
                "time": {
                    "start": "2017-10-24T15:19:21.957Z",
                    "end": "2017-10-24T15:20:56.137Z"
                },
                "type": "SCRUB",
                "source": "data:drag",
                "_t": "09:19:21",
                "_end": "09:20:56",
                "data": {
                    "time": 399.585752
                }
            },
            {
                "time": {
                    "start": "2017-10-24T15:19:21.957Z",
                    "end": "2017-10-24T15:20:57.472Z"
                },
                "type": "SCRUB",
                "source": "data:drag",
                "_t": "09:19:21",
                "_end": "09:20:57",
                "data": {
                    "time": 419.741428
                }
            },
            {
                "time": {
                    "start": "2017-10-24T15:19:21.957Z",
                    "end": "2017-10-24T15:20:59.261Z"
                },
                "type": "SCRUB",
                "source": "data:drag",
                "_t": "09:19:21",
                "_end": "09:20:59",
                "data": {
                    "time": 441.314135
                }
            },
            {
                "time": {
                    "start": "2017-10-24T15:19:21.957Z",
                    "end": "2017-10-24T15:21:00.837Z"
                },
                "type": "SCRUB",
                "source": "data:drag",
                "_t": "09:19:21",
                "_end": "09:21:00",
                "data": {
                    "time": 464.599968
                }
            },
            {
                "time": {
                    "start": "2017-10-24T15:19:21.957Z",
                    "end": "2017-10-24T15:21:03.710Z"
                },
                "type": "SCRUB",
                "source": "data:drag",
                "_t": "09:19:21",
                "_end": "09:21:03",
                "data": {
                    "time": 484.692195
                }
            },
            {
                "time": {
                    "start": "2017-10-24T15:19:21.957Z",
                    "end": "2017-10-24T15:21:04.718Z"
                },
                "type": "SCRUB",
                "source": "data:drag",
                "_t": "09:19:21",
                "_end": "09:21:04",
                "data": {
                    "time": 484.692195
                }
            },
            {
                "time": {
                    "start": "2017-10-24T15:19:21.957Z",
                    "end": "2017-10-24T15:21:05.938Z"
                },
                "type": "SCRUB",
                "source": "data:drag",
                "_t": "09:19:21",
                "_end": "09:21:05",
                "data": {
                    "time": 505.67271
                }
            },
            {
                "time": {
                    "start": "2017-10-24T15:19:21.957Z",
                    "end": "2017-10-24T15:21:11.289Z"
                },
                "type": "SCRUB",
                "source": "data:drag",
                "_t": "09:19:21",
                "_end": "09:21:11",
                "data": {
                    "time": 525.680338
                }
            },
            {
                "time": {
                    "start": "2017-10-24T15:19:21.957Z",
                    "end": "2017-10-24T15:21:17.165Z"
                },
                "type": "SCRUB",
                "source": "data:drag",
                "_t": "09:19:21",
                "_end": "09:21:17",
                "data": {
                    "time": 525.257343
                }
            },
            {
                "time": {
                    "start": "2017-10-24T15:19:21.957Z",
                    "end": "2017-10-24T15:21:18.543Z"
                },
                "type": "SCRUB",
                "source": "data:drag",
                "_t": "09:19:21",
                "_end": "09:21:18",
                "data": {
                    "time": 525.257343
                }
            },
            {
                "time": {
                    "start": "2017-10-24T15:19:21.957Z",
                    "end": "2017-10-24T15:21:19.470Z"
                },
                "type": "SCRUB",
                "source": "data:drag",
                "_t": "09:19:21",
                "_end": "09:21:19",
                "data": {
                    "time": 525.257343
                }
            },
            {
                "time": {
                    "start": "2017-10-24T15:19:21.957Z",
                    "end": "2017-10-24T15:21:21.327Z"
                },
                "type": "SCRUB",
                "source": "data:drag",
                "_t": "09:19:21",
                "_end": "09:21:21",
                "data": {
                    "time": 525.257343
                }
            },
            {
                "time": {
                    "start": "2017-10-24T15:19:21.957Z",
                    "end": "2017-10-24T15:21:23.464Z"
                },
                "type": "SCRUB",
                "source": "data:drag",
                "_t": "09:19:21",
                "_end": "09:21:23",
                "data": {
                    "time": 525.257343
                }
            },
            {
                "time": {
                    "start": "2017-10-24T15:19:21.957Z",
                    "end": "2017-10-24T15:21:23.848Z"
                },
                "type": "SCRUB",
                "source": "data:drag",
                "_t": "09:19:21",
                "_end": "09:21:23",
                "data": {
                    "time": 525.257343
                }
            },
            {
                "time": {
                    "start": "2017-10-24T15:19:21.957Z",
                    "end": "2017-10-24T15:21:26.031Z"
                },
                "type": "SCRUB",
                "source": "data:drag",
                "_t": "09:19:21",
                "_end": "09:21:26",
                "data": {
                    "time": 549.896758
                }
            },
            {
                "time": {
                    "start": "2017-10-24T15:19:21.957Z",
                    "end": "2017-10-24T15:21:29.703Z"
                },
                "type": "SCRUB",
                "source": "data:drag",
                "_t": "09:19:21",
                "_end": "09:21:29",
                "data": {
                    "time": 549.896758
                }
            },
            {
                "time": {
                    "start": "2017-10-24T15:19:21.957Z",
                    "end": "2017-10-24T15:21:30.713Z"
                },
                "type": "SCRUB",
                "source": "data:drag",
                "_t": "09:19:21",
                "_end": "09:21:30",
                "data": {
                    "time": 568.656553
                }
            },
            {
                "time": {
                    "start": "2017-10-24T15:19:21.957Z",
                    "end": "2017-10-24T15:21:32.679Z"
                },
                "type": "SCRUB",
                "source": "data:drag",
                "_t": "09:19:21",
                "_end": "09:21:32",
                "data": {
                    "time": 577.835528
                }
            },
            {
                "time": {
                    "start": "2017-10-24T15:19:21.957Z",
                    "end": "2017-10-24T15:21:36.975Z"
                },
                "type": "SCRUB",
                "source": "data:drag",
                "_t": "09:19:21",
                "_end": "09:21:36",
                "data": {
                    "time": 577.835528
                }
            },
            {
                "time": {
                    "start": "2017-10-24T15:19:21.957Z",
                    "end": "2017-10-24T15:21:38.151Z"
                },
                "type": "SCRUB",
                "source": "data:drag",
                "_t": "09:19:21",
                "_end": "09:21:38",
                "data": {
                    "time": 600.381121
                }
            },
            {
                "time": {
                    "start": "2017-10-24T15:19:21.957Z",
                    "end": "2017-10-24T15:21:39.038Z"
                },
                "type": "SCRUB",
                "source": "data:drag",
                "_t": "09:19:21",
                "_end": "09:21:39",
                "data": {
                    "time": 616.053058
                }
            },
            {
                "time": {
                    "start": "2017-10-24T15:19:21.957Z",
                    "end": "2017-10-24T15:21:40.741Z"
                },
                "type": "SCRUB",
                "source": "data:drag",
                "_t": "09:19:21",
                "_end": "09:21:40",
                "data": {
                    "time": 634.093763
                }
            },
            {
                "time": {
                    "start": "2017-10-24T15:19:21.957Z",
                    "end": "2017-10-24T15:21:44.255Z"
                },
                "type": "SCRUB",
                "source": "data:drag",
                "_t": "09:19:21",
                "_end": "09:21:44",
                "data": {
                    "time": 652.832408
                }
            },
            {
                "time": {
                    "start": "2017-10-24T15:19:21.957Z",
                    "end": "2017-10-24T15:21:48.927Z"
                },
                "type": "SCRUB",
                "source": "data:drag",
                "_t": "09:19:21",
                "_end": "09:21:48",
                "data": {
                    "time": 652.832408
                }
            },
            {
                "time": {
                    "start": "2017-10-24T15:19:21.957Z",
                    "end": "2017-10-24T15:21:53.759Z"
                },
                "type": "SCRUB",
                "source": "data:drag",
                "_t": "09:19:21",
                "_end": "09:21:53",
                "data": {
                    "time": 654.418636
                }
            },
            {
                "time": {
                    "start": "2017-10-24T15:19:21.957Z",
                    "end": "2017-10-24T15:21:54.703Z"
                },
                "type": "SCRUB",
                "source": "data:drag",
                "_t": "09:19:21",
                "_end": "09:21:54",
                "data": {
                    "time": 654.418636
                }
            },
            {
                "time": {
                    "start": "2017-10-24T15:19:21.957Z",
                    "end": "2017-10-24T15:21:58.751Z"
                },
                "type": "SCRUB",
                "source": "data:drag",
                "_t": "09:19:21",
                "_end": "09:21:58",
                "data": {
                    "time": 654.418636
                }
            },
            {
                "time": {
                    "start": "2017-10-24T15:19:21.957Z",
                    "end": "2017-10-24T15:22:01.191Z"
                },
                "type": "SCRUB",
                "source": "data:drag",
                "_t": "09:19:21",
                "_end": "09:22:01",
                "data": {
                    "time": 667.594907
                }
            },
            {
                "time": {
                    "start": "2017-10-24T15:19:21.957Z",
                    "end": "2017-10-24T15:22:07.250Z"
                },
                "type": "SCRUB",
                "source": "data:drag",
                "_t": "09:19:21",
                "_end": "09:22:07",
                "data": {
                    "time": 644.901265
                }
            },
            {
                "time": {
                    "start": "2017-10-24T15:19:21.957Z",
                    "end": "2017-10-24T15:22:08.233Z"
                },
                "type": "SCRUB",
                "source": "data:drag",
                "_t": "09:19:21",
                "_end": "09:22:08",
                "data": {
                    "time": 624.089947
                }
            },
            {
                "time": {
                    "start": "2017-10-24T15:19:21.957Z",
                    "end": "2017-10-24T15:22:09.669Z"
                },
                "type": "SCRUB",
                "source": "data:drag",
                "_t": "09:19:21",
                "_end": "09:22:09",
                "data": {
                    "time": 607.275925
                }
            },
            {
                "time": {
                    "start": "2017-10-24T15:19:21.957Z",
                    "end": "2017-10-24T15:22:11.993Z"
                },
                "type": "SCRUB",
                "source": "data:drag",
                "_t": "09:19:21",
                "_end": "09:22:11",
                "data": {
                    "time": 589.93316
                }
            },
            {
                "time": {
                    "start": "2017-10-24T15:19:21.957Z",
                    "end": "2017-10-24T15:22:12.919Z"
                },
                "type": "SCRUB",
                "source": "data:drag",
                "_t": "09:19:21",
                "_end": "09:22:12",
                "data": {
                    "time": 582.805706
                }
            },
            {
                "time": {
                    "start": "2017-10-24T15:19:21.957Z",
                    "end": "2017-10-24T15:22:15.335Z"
                },
                "type": "SCRUB",
                "source": "data:drag",
                "_t": "09:19:21",
                "_end": "09:22:15",
                "data": {
                    "time": 567.789409
                }
            },
            {
                "time": {
                    "start": "2017-10-24T15:19:21.957Z",
                    "end": "2017-10-24T15:22:16.591Z"
                },
                "type": "SCRUB",
                "source": "data:drag",
                "_t": "09:19:21",
                "_end": "09:22:16",
                "data": {
                    "time": 560.598506
                }
            },
            {
                "time": {
                    "start": "2017-10-24T15:19:21.957Z",
                    "end": "2017-10-24T15:22:19.246Z"
                },
                "type": "SCRUB",
                "source": "data:drag",
                "_t": "09:19:21",
                "_end": "09:22:19",
                "data": {
                    "time": 540.612027
                }
            },
            {
                "time": {
                    "start": "2017-10-24T15:19:21.957Z",
                    "end": "2017-10-24T15:22:20.229Z"
                },
                "type": "SCRUB",
                "source": "data:drag",
                "_t": "09:19:21",
                "_end": "09:22:20",
                "data": {
                    "time": 500.448722
                }
            },
            {
                "time": {
                    "start": "2017-10-24T15:19:21.957Z",
                    "end": "2017-10-24T15:22:21.304Z"
                },
                "type": "SCRUB",
                "source": "data:drag",
                "_t": "09:19:21",
                "_end": "09:22:21",
                "data": {
                    "time": 452.65037
                }
            },
            {
                "time": {
                    "start": "2017-10-24T15:19:21.957Z",
                    "end": "2017-10-24T15:22:22.678Z"
                },
                "type": "SCRUB",
                "source": "data:drag",
                "_t": "09:19:21",
                "_end": "09:22:22",
                "data": {
                    "time": 404.132928
                }
            },
            {
                "time": {
                    "start": "2017-10-24T15:19:21.957Z",
                    "end": "2017-10-24T15:22:24.417Z"
                },
                "type": "SCRUB",
                "source": "data:drag",
                "_t": "09:19:21",
                "_end": "09:22:24",
                "data": {
                    "time": 352.591077
                }
            },
            {
                "time": {
                    "start": "2017-10-24T15:19:21.957Z",
                    "end": "2017-10-24T15:22:25.763Z"
                },
                "type": "SCRUB",
                "source": "data:drag",
                "_t": "09:19:21",
                "_end": "09:22:25",
                "data": {
                    "time": 320.401213
                }
            },
            {
                "time": {
                    "start": "2017-10-24T15:22:26.371Z",
                    "end": "2017-10-24T15:22:26.438Z"
                },
                "type": "SCRUB",
                "source": "video:drag",
                "_t": "09:22:26",
                "_end": "09:22:26",
                "data": {
                    "to": 53.43967,
                    "from": 320.401213
                }
            },
            {
                "time": {
                    "start": "2017-10-24T15:19:21.957Z",
                    "end": "2017-10-24T15:22:28.068Z"
                },
                "type": "SCRUB",
                "source": "data:drag",
                "_t": "09:19:21",
                "_end": "09:22:28",
                "data": {
                    "time": 21.778549
                }
            },
            {
                "time": {
                    "start": "2017-10-24T15:19:21.957Z",
                    "end": "2017-10-24T15:22:28.937Z"
                },
                "type": "SCRUB",
                "source": "data:drag",
                "_t": "09:19:21",
                "_end": "09:22:28",
                "data": {
                    "time": 27.806217
                }
            }
        ]
    }
}