{
    "user_id": "011",
    "session_id": "59ec2726227e0c69a0245634",
    "study": "studyA",
    "workspace": "newrun.run-thurs-six-finally",
    "details": {
        "workspace": "newrun.run-thurs-six-finally",
        "labels": [
            {
                "time": 22.790913,
                "endTime": 26.69376568292677,
                "type": "run",
                "id": 1
            },
            {
                "time": 47.967061,
                "endTime": 55.442947829269386,
                "type": "skip",
                "id": 2
            },
            {
                "time": 274.937182,
                "endTime": 283.51246395121984,
                "type": "skip",
                "id": 3
            },
            {
                "time": 382.952752,
                "endTime": 386.4158466341464,
                "type": "run",
                "id": 4
            },
            {
                "time": 484.316981,
                "endTime": 488.4397127073172,
                "type": "run",
                "id": 5
            },
            {
                "time": 525.379387,
                "endTime": 533.9546689512198,
                "type": "skip",
                "id": 6
            },
            {
                "time": 549.621049,
                "endTime": 553.3589924146278,
                "type": "run",
                "id": 7
            },
            {
                "time": 577.710594,
                "endTime": 586.6156944878205,
                "type": "skip",
                "id": 8
            },
            {
                "time": 652.74431,
                "endTime": 654.3934026829297,
                "type": "run",
                "id": 9
            }
        ],
        "_starts": [
            "2017-10-24T16:25:07.000Z"
        ],
        "_ends": [
            "2017-10-24T16:26:58.266Z"
        ]
    },
    "labels_file": "/home/ubuntu/vat/data/user-studies/studyA/run-yellow/011.labels.json",
    "videoFlash": 3.918989,
    "surveys": {
        "user-info": {
            "firstname": "Jonah",
            "lastname": "Bateman",
            "email": "jonah@batemans.org"
        },
        "practice-first": {
            "question1": "2",
            "question2": "ok",
            "question3": "100",
            "question4": "0"
        },
        "practice-second": {},
        "practice-third": {},
        "practice-survey": {},
        "run-blue": {
            "question1": "2",
            "question2": "1",
            "question3": "100",
            "question4": "100"
        }
    },
    "logs": {
        "labelEvents": [
            {
                "time": "2017-10-24T16:25:30.294Z",
                "type": "START",
                "source": "hotkey",
                "_t": "10:25:30",
                "_end": "-",
                "data": {
                    "type": "run",
                    "time": 22.790913
                }
            },
            {
                "time": "2017-10-24T16:25:32.312Z",
                "type": "END",
                "source": "data:click:h_pos",
                "_t": "10:25:32",
                "_end": "-",
                "data": {
                    "lbl": {
                        "time": 22.790913,
                        "endTime": 26.69376568292677,
                        "type": "run",
                        "id": 1
                    }
                }
            },
            {
                "time": "2017-10-24T16:25:35.462Z",
                "type": "START",
                "source": "hotkey",
                "_t": "10:25:35",
                "_end": "-",
                "data": {
                    "type": "skip",
                    "time": 47.967061
                }
            },
            {
                "time": "2017-10-24T16:25:37.184Z",
                "type": "END",
                "source": "data:click:h_pos",
                "_t": "10:25:37",
                "_end": "-",
                "data": {
                    "lbl": {
                        "time": 47.967061,
                        "endTime": 55.442947829269386,
                        "type": "skip",
                        "id": 2
                    }
                }
            },
            {
                "time": "2017-10-24T16:25:44.465Z",
                "type": "START",
                "source": "hotkey",
                "_t": "10:25:44",
                "_end": "-",
                "data": {
                    "type": "skip",
                    "time": 274.937182
                }
            },
            {
                "time": "2017-10-24T16:25:46.816Z",
                "type": "END",
                "source": "data:click:h_pos",
                "_t": "10:25:46",
                "_end": "-",
                "data": {
                    "lbl": {
                        "time": 274.937182,
                        "endTime": 283.51246395121984,
                        "type": "skip",
                        "id": 3
                    }
                }
            },
            {
                "time": "2017-10-24T16:25:57.608Z",
                "type": "START",
                "source": "hotkey",
                "_t": "10:25:57",
                "_end": "-",
                "data": {
                    "type": "run",
                    "time": 382.952752
                }
            },
            {
                "time": "2017-10-24T16:25:58.657Z",
                "type": "END",
                "source": "data:click:h_pos",
                "_t": "10:25:58",
                "_end": "-",
                "data": {
                    "lbl": {
                        "time": 382.952752,
                        "endTime": 386.4158466341464,
                        "type": "run",
                        "id": 4
                    }
                }
            },
            {
                "time": "2017-10-24T16:26:13.051Z",
                "type": "START",
                "source": "hotkey",
                "_t": "10:26:13",
                "_end": "-",
                "data": {
                    "type": "run",
                    "time": 484.316981
                }
            },
            {
                "time": "2017-10-24T16:26:14.856Z",
                "type": "END",
                "source": "data:click:h_pos",
                "_t": "10:26:14",
                "_end": "-",
                "data": {
                    "lbl": {
                        "time": 484.316981,
                        "endTime": 488.4397127073172,
                        "type": "run",
                        "id": 5
                    }
                }
            },
            {
                "time": "2017-10-24T16:26:17.659Z",
                "type": "START",
                "source": "hotkey",
                "_t": "10:26:17",
                "_end": "-",
                "data": {
                    "type": "skip",
                    "time": 525.379387
                }
            },
            {
                "time": "2017-10-24T16:26:19.481Z",
                "type": "END",
                "source": "data:click:h_pos",
                "_t": "10:26:19",
                "_end": "-",
                "data": {
                    "lbl": {
                        "time": 525.379387,
                        "endTime": 533.9546689512198,
                        "type": "skip",
                        "id": 6
                    }
                }
            },
            {
                "time": "2017-10-24T16:26:23.545Z",
                "type": "START",
                "source": "hotkey",
                "_t": "10:26:23",
                "_end": "-",
                "data": {
                    "type": "run",
                    "time": 549.621049
                }
            },
            {
                "time": "2017-10-24T16:26:25.401Z",
                "type": "END",
                "source": "data:click:h_pos",
                "_t": "10:26:25",
                "_end": "-",
                "data": {
                    "lbl": {
                        "time": 549.621049,
                        "endTime": 553.3589924146278,
                        "type": "run",
                        "id": 7
                    }
                }
            },
            {
                "time": "2017-10-24T16:26:29.812Z",
                "type": "START",
                "source": "hotkey",
                "_t": "10:26:29",
                "_end": "-",
                "data": {
                    "type": "skip",
                    "time": 577.710594
                }
            },
            {
                "time": "2017-10-24T16:26:31.201Z",
                "type": "END",
                "source": "data:click:h_pos",
                "_t": "10:26:31",
                "_end": "-",
                "data": {
                    "lbl": {
                        "time": 577.710594,
                        "endTime": 586.6156944878205,
                        "type": "skip",
                        "id": 8
                    }
                }
            },
            {
                "time": "2017-10-24T16:26:41.512Z",
                "type": "START",
                "source": "hotkey",
                "_t": "10:26:41",
                "_end": "-",
                "data": {
                    "type": "run",
                    "time": 652.74431
                }
            },
            {
                "time": "2017-10-24T16:26:43.042Z",
                "type": "END",
                "source": "data:click:h_pos",
                "_t": "10:26:43",
                "_end": "-",
                "data": {
                    "lbl": {
                        "time": 652.74431,
                        "endTime": 654.3934026829297,
                        "type": "run",
                        "id": 9
                    }
                }
            }
        ],
        "navigationEvents": [
            {
                "time": "2017-10-24T16:25:24.795Z",
                "type": "PAUSE",
                "source": "hotkey",
                "_t": "10:25:24",
                "_end": "-",
                "data": {
                    "key": "space"
                }
            },
            {
                "time": {
                    "start": "2017-10-24T16:25:07.666Z",
                    "end": "2017-10-24T16:25:28.070Z"
                },
                "type": "SCRUB",
                "source": "data:drag",
                "_t": "10:25:07",
                "_end": "10:25:28",
                "data": {
                    "time": 22.790913
                }
            },
            {
                "time": {
                    "start": "2017-10-24T16:25:07.666Z",
                    "end": "2017-10-24T16:25:32.310Z"
                },
                "type": "SCRUB",
                "source": "data:drag",
                "_t": "10:25:07",
                "_end": "10:25:32",
                "data": {
                    "time": 22.790913
                }
            },
            {
                "time": {
                    "start": "2017-10-24T16:25:07.666Z",
                    "end": "2017-10-24T16:25:35.282Z"
                },
                "type": "SCRUB",
                "source": "data:drag",
                "_t": "10:25:07",
                "_end": "10:25:35",
                "data": {
                    "time": 47.967061
                }
            },
            {
                "time": {
                    "start": "2017-10-24T16:25:07.666Z",
                    "end": "2017-10-24T16:25:37.182Z"
                },
                "type": "SCRUB",
                "source": "data:drag",
                "_t": "10:25:07",
                "_end": "10:25:37",
                "data": {
                    "time": 47.967061
                }
            },
            {
                "time": {
                    "start": "2017-10-24T16:25:07.666Z",
                    "end": "2017-10-24T16:25:38.477Z"
                },
                "type": "SCRUB",
                "source": "data:drag",
                "_t": "10:25:07",
                "_end": "10:25:38",
                "data": {
                    "time": 108.488762
                }
            },
            {
                "time": {
                    "start": "2017-10-24T16:25:07.666Z",
                    "end": "2017-10-24T16:25:39.739Z"
                },
                "type": "SCRUB",
                "source": "data:drag",
                "_t": "10:25:07",
                "_end": "10:25:39",
                "data": {
                    "time": 165.27252
                }
            },
            {
                "time": {
                    "start": "2017-10-24T16:25:07.666Z",
                    "end": "2017-10-24T16:25:40.973Z"
                },
                "type": "SCRUB",
                "source": "data:drag",
                "_t": "10:25:07",
                "_end": "10:25:40",
                "data": {
                    "time": 226.673737
                }
            },
            {
                "time": {
                    "start": "2017-10-24T16:25:07.666Z",
                    "end": "2017-10-24T16:25:44.086Z"
                },
                "type": "SCRUB",
                "source": "data:drag",
                "_t": "10:25:07",
                "_end": "10:25:44",
                "data": {
                    "time": 274.937182
                }
            },
            {
                "time": {
                    "start": "2017-10-24T16:25:07.666Z",
                    "end": "2017-10-24T16:25:46.814Z"
                },
                "type": "SCRUB",
                "source": "data:drag",
                "_t": "10:25:07",
                "_end": "10:25:46",
                "data": {
                    "time": 274.937182
                }
            },
            {
                "time": {
                    "start": "2017-10-24T16:25:07.666Z",
                    "end": "2017-10-24T16:25:48.215Z"
                },
                "type": "SCRUB",
                "source": "data:drag",
                "_t": "10:25:07",
                "_end": "10:25:48",
                "data": {
                    "time": 339.801494
                }
            },
            {
                "time": {
                    "start": "2017-10-24T16:25:07.666Z",
                    "end": "2017-10-24T16:25:56.647Z"
                },
                "type": "SCRUB",
                "source": "data:drag",
                "_t": "10:25:07",
                "_end": "10:25:56",
                "data": {
                    "time": 382.952752
                }
            },
            {
                "time": {
                    "start": "2017-10-24T16:25:07.666Z",
                    "end": "2017-10-24T16:25:58.655Z"
                },
                "type": "SCRUB",
                "source": "data:drag",
                "_t": "10:25:07",
                "_end": "10:25:58",
                "data": {
                    "time": 382.952752
                }
            },
            {
                "time": {
                    "start": "2017-10-24T16:25:07.666Z",
                    "end": "2017-10-24T16:25:59.914Z"
                },
                "type": "SCRUB",
                "source": "data:drag",
                "_t": "10:25:07",
                "_end": "10:25:59",
                "data": {
                    "time": 430.941349
                }
            },
            {
                "time": {
                    "start": "2017-10-24T16:25:07.666Z",
                    "end": "2017-10-24T16:26:05.498Z"
                },
                "type": "SCRUB",
                "source": "data:drag",
                "_t": "10:25:07",
                "_end": "10:26:05",
                "data": {
                    "time": 346.617743
                }
            },
            {
                "time": {
                    "start": "2017-10-24T16:25:07.666Z",
                    "end": "2017-10-24T16:26:07.116Z"
                },
                "type": "SCRUB",
                "source": "data:drag",
                "_t": "10:25:07",
                "_end": "10:26:07",
                "data": {
                    "time": 377.675655
                }
            },
            {
                "time": {
                    "start": "2017-10-24T16:25:07.666Z",
                    "end": "2017-10-24T16:26:08.272Z"
                },
                "type": "SCRUB",
                "source": "data:drag",
                "_t": "10:25:07",
                "_end": "10:26:08",
                "data": {
                    "time": 439.956388
                }
            },
            {
                "time": {
                    "start": "2017-10-24T16:25:07.666Z",
                    "end": "2017-10-24T16:26:12.382Z"
                },
                "type": "SCRUB",
                "source": "data:drag",
                "_t": "10:25:07",
                "_end": "10:26:12",
                "data": {
                    "time": 484.316981
                }
            },
            {
                "time": {
                    "start": "2017-10-24T16:25:07.666Z",
                    "end": "2017-10-24T16:26:14.854Z"
                },
                "type": "SCRUB",
                "source": "data:drag",
                "_t": "10:25:07",
                "_end": "10:26:14",
                "data": {
                    "time": 484.316981
                }
            },
            {
                "time": {
                    "start": "2017-10-24T16:25:07.666Z",
                    "end": "2017-10-24T16:26:17.402Z"
                },
                "type": "SCRUB",
                "source": "data:drag",
                "_t": "10:25:07",
                "_end": "10:26:17",
                "data": {
                    "time": 525.379387
                }
            },
            {
                "time": {
                    "start": "2017-10-24T16:25:07.666Z",
                    "end": "2017-10-24T16:26:19.478Z"
                },
                "type": "SCRUB",
                "source": "data:drag",
                "_t": "10:25:07",
                "_end": "10:26:19",
                "data": {
                    "time": 525.379387
                }
            },
            {
                "time": {
                    "start": "2017-10-24T16:25:07.666Z",
                    "end": "2017-10-24T16:26:23.286Z"
                },
                "type": "SCRUB",
                "source": "data:drag",
                "_t": "10:25:07",
                "_end": "10:26:23",
                "data": {
                    "time": 549.621049
                }
            },
            {
                "time": {
                    "start": "2017-10-24T16:25:07.666Z",
                    "end": "2017-10-24T16:26:25.399Z"
                },
                "type": "SCRUB",
                "source": "data:drag",
                "_t": "10:25:07",
                "_end": "10:26:25",
                "data": {
                    "time": 549.621049
                }
            },
            {
                "time": {
                    "start": "2017-10-24T16:25:07.666Z",
                    "end": "2017-10-24T16:26:29.455Z"
                },
                "type": "SCRUB",
                "source": "data:drag",
                "_t": "10:25:07",
                "_end": "10:26:29",
                "data": {
                    "time": 577.710594
                }
            },
            {
                "time": {
                    "start": "2017-10-24T16:25:07.666Z",
                    "end": "2017-10-24T16:26:31.199Z"
                },
                "type": "SCRUB",
                "source": "data:drag",
                "_t": "10:25:07",
                "_end": "10:26:31",
                "data": {
                    "time": 577.710594
                }
            },
            {
                "time": {
                    "start": "2017-10-24T16:25:07.666Z",
                    "end": "2017-10-24T16:26:32.888Z"
                },
                "type": "SCRUB",
                "source": "data:drag",
                "_t": "10:25:07",
                "_end": "10:26:32",
                "data": {
                    "time": 642.245087
                }
            },
            {
                "time": {
                    "start": "2017-10-24T16:25:07.666Z",
                    "end": "2017-10-24T16:26:40.855Z"
                },
                "type": "SCRUB",
                "source": "data:drag",
                "_t": "10:25:07",
                "_end": "10:26:40",
                "data": {
                    "time": 652.74431
                }
            },
            {
                "time": {
                    "start": "2017-10-24T16:25:07.666Z",
                    "end": "2017-10-24T16:26:43.039Z"
                },
                "type": "SCRUB",
                "source": "data:drag",
                "_t": "10:25:07",
                "_end": "10:26:43",
                "data": {
                    "time": 652.74431
                }
            },
            {
                "time": {
                    "start": "2017-10-24T16:25:07.666Z",
                    "end": "2017-10-24T16:26:57.208Z"
                },
                "type": "SCRUB",
                "source": "data:drag",
                "_t": "10:25:07",
                "_end": "10:26:57",
                "data": {
                    "time": 648.676548
                }
            }
        ]
    }
}