{
    "user_id": "013",
    "session_id": "59ec3de5227e0c69a0245638",
    "study": "studyA",
    "workspace": "newrun.run-thurs-six-finally",
    "details": {
        "workspace": "newrun.run-thurs-six-finally",
        "labels": [
            {
                "time": 22.883554,
                "endTime": 26.51155790243917,
                "type": "run",
                "id": 1
            },
            {
                "time": 47.949762170731674,
                "endTime": 55.15080021951244,
                "type": "skip",
                "id": 2
            },
            {
                "time": 274.864914,
                "endTime": 283.3302564390247,
                "type": "skip",
                "id": 3
            },
            {
                "time": 382.880484,
                "endTime": 386.4535181463385,
                "type": "run",
                "id": 4
            },
            {
                "time": 484.134769,
                "endTime": 488.36744021951233,
                "type": "run",
                "id": 5
            },
            {
                "time": 525.966753,
                "endTime": 533.8823978780491,
                "type": "skip",
                "id": 6
            },
            {
                "time": 549.988536,
                "endTime": 552.9569028292633,
                "type": "run",
                "id": 7
            },
            {
                "time": 577.803232,
                "endTime": 586.4334837073322,
                "type": "skip",
                "id": 8
            }
        ],
        "_starts": [
            "2017-10-24T16:24:11.000Z"
        ],
        "_ends": [
            "2017-10-24T16:26:07.611Z"
        ]
    },
    "labels_file": "/home/ubuntu/vat/data/user-studies/studyA/run-yellow/013.labels.json",
    "videoFlash": 3.918989,
    "surveys": {
        "user-info": {
            "firstname": "Tanner",
            "lastname": "Jensen",
            "email": "tanner.jensen08@gmail.com"
        },
        "practice-first": {
            "question1": "-2",
            "question2": "OK",
            "question3": "100",
            "question4": "2"
        },
        "practice-second": {},
        "practice-third": {},
        "practice-survey": {},
        "run-blue": {
            "question1": "2",
            "question2": "1",
            "question3": "60",
            "question4": "70"
        }
    },
    "logs": {
        "labelEvents": [
            {
                "time": "2017-10-24T16:24:27.406Z",
                "type": "START",
                "source": "hotkey",
                "_t": "10:24:27",
                "_end": "-",
                "data": {
                    "type": "run",
                    "time": 22.883554
                }
            },
            {
                "time": "2017-10-24T16:24:29.259Z",
                "type": "END",
                "source": "data:click:h_pos",
                "_t": "10:24:29",
                "_end": "-",
                "data": {
                    "lbl": {
                        "time": 22.883554,
                        "endTime": 26.51155790243917,
                        "type": "run",
                        "id": 1
                    }
                }
            },
            {
                "time": "2017-10-24T16:24:31.937Z",
                "type": "START",
                "source": "hotkey",
                "_t": "10:24:31",
                "_end": "-",
                "data": {
                    "type": "skip",
                    "time": 48.664369
                }
            },
            {
                "time": "2017-10-24T16:24:33.018Z",
                "type": "END",
                "source": "data:click:h_pos",
                "_t": "10:24:33",
                "_end": "-",
                "data": {
                    "lbl": {
                        "time": 47.949762170731674,
                        "endTime": 55.15080021951244,
                        "type": "skip",
                        "id": 2
                    }
                }
            },
            {
                "time": "2017-10-24T16:24:34.065Z",
                "type": "SELECT",
                "source": "data:click",
                "_t": "10:24:34",
                "_end": "-",
                "data": {
                    "time": 47.949762170731674,
                    "endTime": 55.15080021951244,
                    "type": "skip",
                    "id": 2
                }
            },
            {
                "time": {
                    "start": "2017-10-24T16:24:34.728Z",
                    "end": "2017-10-24T16:24:35.767Z"
                },
                "type": "RESIZE",
                "source": "data:brush",
                "_t": "10:24:34",
                "_end": "10:24:35",
                "data": {
                    "brushing": true,
                    "origin": [
                        48.664369,
                        55.150800219511744
                    ],
                    "_brushside": 0,
                    "start": "2017-10-24T16:24:34.728Z",
                    "ε": 0.1,
                    "mode": "resize"
                }
            },
            {
                "time": "2017-10-24T16:24:42.865Z",
                "type": "START",
                "source": "hotkey",
                "_t": "10:24:42",
                "_end": "-",
                "data": {
                    "type": "skip",
                    "time": 274.864914
                }
            },
            {
                "time": "2017-10-24T16:24:45.050Z",
                "type": "END",
                "source": "data:click:h_pos",
                "_t": "10:24:45",
                "_end": "-",
                "data": {
                    "lbl": {
                        "time": 274.864914,
                        "endTime": 283.3302564390247,
                        "type": "skip",
                        "id": 3
                    }
                }
            },
            {
                "time": "2017-10-24T16:24:50.431Z",
                "type": "START",
                "source": "hotkey",
                "_t": "10:24:50",
                "_end": "-",
                "data": {
                    "type": "run",
                    "time": 382.880484
                }
            },
            {
                "time": "2017-10-24T16:24:54.026Z",
                "type": "END",
                "source": "data:click:h_pos",
                "_t": "10:24:54",
                "_end": "-",
                "data": {
                    "lbl": {
                        "time": 382.880484,
                        "endTime": 386.4535181463385,
                        "type": "run",
                        "id": 4
                    }
                }
            },
            {
                "time": "2017-10-24T16:25:28.131Z",
                "type": "START",
                "source": "hotkey",
                "_t": "10:25:28",
                "_end": "-",
                "data": {
                    "type": "run",
                    "time": 484.134769
                }
            },
            {
                "time": "2017-10-24T16:25:30.907Z",
                "type": "END",
                "source": "data:click:h_pos",
                "_t": "10:25:30",
                "_end": "-",
                "data": {
                    "lbl": {
                        "time": 484.134769,
                        "endTime": 488.36744021951233,
                        "type": "run",
                        "id": 5
                    }
                }
            },
            {
                "time": "2017-10-24T16:25:33.008Z",
                "type": "START",
                "source": "hotkey",
                "_t": "10:25:33",
                "_end": "-",
                "data": {
                    "type": "skip",
                    "time": 525.966753
                }
            },
            {
                "time": "2017-10-24T16:25:34.434Z",
                "type": "END",
                "source": "data:click:h_pos",
                "_t": "10:25:34",
                "_end": "-",
                "data": {
                    "lbl": {
                        "time": 525.966753,
                        "endTime": 533.8823978780491,
                        "type": "skip",
                        "id": 6
                    }
                }
            },
            {
                "time": "2017-10-24T16:25:36.335Z",
                "type": "START",
                "source": "hotkey",
                "_t": "10:25:36",
                "_end": "-",
                "data": {
                    "type": "run",
                    "time": 549.988536
                }
            },
            {
                "time": "2017-10-24T16:25:37.249Z",
                "type": "END",
                "source": "data:click:h_pos",
                "_t": "10:25:37",
                "_end": "-",
                "data": {
                    "lbl": {
                        "time": 549.988536,
                        "endTime": 552.9569028292633,
                        "type": "run",
                        "id": 7
                    }
                }
            },
            {
                "time": "2017-10-24T16:25:39.813Z",
                "type": "START",
                "source": "hotkey",
                "_t": "10:25:39",
                "_end": "-",
                "data": {
                    "type": "skip",
                    "time": 577.803232
                }
            },
            {
                "time": "2017-10-24T16:25:40.952Z",
                "type": "END",
                "source": "data:click:h_pos",
                "_t": "10:25:40",
                "_end": "-",
                "data": {
                    "lbl": {
                        "time": 577.803232,
                        "endTime": 586.4334837073322,
                        "type": "skip",
                        "id": 8
                    }
                }
            }
        ],
        "navigationEvents": [
            {
                "time": {
                    "start": "2017-10-24T16:24:11.860Z",
                    "end": "2017-10-24T16:24:27.249Z"
                },
                "type": "SCRUB",
                "source": "data:drag",
                "_t": "10:24:11",
                "_end": "10:24:27",
                "data": {
                    "time": 22.883554
                }
            },
            {
                "time": {
                    "start": "2017-10-24T16:24:11.860Z",
                    "end": "2017-10-24T16:24:29.257Z"
                },
                "type": "SCRUB",
                "source": "data:drag",
                "_t": "10:24:11",
                "_end": "10:24:29",
                "data": {
                    "time": 22.883554
                }
            },
            {
                "time": {
                    "start": "2017-10-24T16:24:11.860Z",
                    "end": "2017-10-24T16:24:31.613Z"
                },
                "type": "SCRUB",
                "source": "data:drag",
                "_t": "10:24:11",
                "_end": "10:24:31",
                "data": {
                    "time": 48.664369
                }
            },
            {
                "time": {
                    "start": "2017-10-24T16:24:11.860Z",
                    "end": "2017-10-24T16:24:33.016Z"
                },
                "type": "SCRUB",
                "source": "data:drag",
                "_t": "10:24:11",
                "_end": "10:24:33",
                "data": {
                    "time": 48.664369
                }
            },
            {
                "time": {
                    "start": "2017-10-24T16:24:11.860Z",
                    "end": "2017-10-24T16:24:34.063Z"
                },
                "type": "SCRUB",
                "source": "data:drag",
                "_t": "10:24:11",
                "_end": "10:24:34",
                "data": {
                    "time": 48.664369
                }
            },
            {
                "time": {
                    "start": "2017-10-24T16:24:11.860Z",
                    "end": "2017-10-24T16:24:35.779Z"
                },
                "type": "SCRUB",
                "source": "data:drag",
                "_t": "10:24:11",
                "_end": "10:24:35",
                "data": {
                    "time": 48.664369
                }
            },
            {
                "time": {
                    "start": "2017-10-24T16:24:11.860Z",
                    "end": "2017-10-24T16:24:37.185Z"
                },
                "type": "SCRUB",
                "source": "data:drag",
                "_t": "10:24:11",
                "_end": "10:24:37",
                "data": {
                    "time": 86.483561
                }
            },
            {
                "time": {
                    "start": "2017-10-24T16:24:11.860Z",
                    "end": "2017-10-24T16:24:38.375Z"
                },
                "type": "SCRUB",
                "source": "data:drag",
                "_t": "10:24:11",
                "_end": "10:24:38",
                "data": {
                    "time": 136.066281
                }
            },
            {
                "time": {
                    "start": "2017-10-24T16:24:11.860Z",
                    "end": "2017-10-24T16:24:39.522Z"
                },
                "type": "SCRUB",
                "source": "data:drag",
                "_t": "10:24:11",
                "_end": "10:24:39",
                "data": {
                    "time": 213.683576
                }
            },
            {
                "time": {
                    "start": "2017-10-24T16:24:11.860Z",
                    "end": "2017-10-24T16:24:40.694Z"
                },
                "type": "SCRUB",
                "source": "data:drag",
                "_t": "10:24:11",
                "_end": "10:24:40",
                "data": {
                    "time": 267.663876
                }
            },
            {
                "time": {
                    "start": "2017-10-24T16:24:11.860Z",
                    "end": "2017-10-24T16:24:42.518Z"
                },
                "type": "SCRUB",
                "source": "data:drag",
                "_t": "10:24:11",
                "_end": "10:24:42",
                "data": {
                    "time": 274.864914
                }
            },
            {
                "time": {
                    "start": "2017-10-24T16:24:11.860Z",
                    "end": "2017-10-24T16:24:45.047Z"
                },
                "type": "SCRUB",
                "source": "data:drag",
                "_t": "10:24:11",
                "_end": "10:24:45",
                "data": {
                    "time": 274.864914
                }
            },
            {
                "time": {
                    "start": "2017-10-24T16:24:11.860Z",
                    "end": "2017-10-24T16:24:46.123Z"
                },
                "type": "SCRUB",
                "source": "data:drag",
                "_t": "10:24:11",
                "_end": "10:24:46",
                "data": {
                    "time": 329.614791
                }
            },
            {
                "time": {
                    "start": "2017-10-24T16:24:11.860Z",
                    "end": "2017-10-24T16:24:50.204Z"
                },
                "type": "SCRUB",
                "source": "data:drag",
                "_t": "10:24:11",
                "_end": "10:24:50",
                "data": {
                    "time": 382.880484
                }
            },
            {
                "time": {
                    "start": "2017-10-24T16:24:11.860Z",
                    "end": "2017-10-24T16:24:54.024Z"
                },
                "type": "SCRUB",
                "source": "data:drag",
                "_t": "10:24:11",
                "_end": "10:24:54",
                "data": {
                    "time": 382.880484
                }
            },
            {
                "time": {
                    "start": "2017-10-24T16:24:11.860Z",
                    "end": "2017-10-24T16:24:56.719Z"
                },
                "type": "SCRUB",
                "source": "data:drag",
                "_t": "10:24:11",
                "_end": "10:24:56",
                "data": {
                    "time": 350.998025
                }
            },
            {
                "time": {
                    "start": "2017-10-24T16:24:11.860Z",
                    "end": "2017-10-24T16:25:04.850Z"
                },
                "type": "SCRUB",
                "source": "data:drag",
                "_t": "10:24:11",
                "_end": "10:25:04",
                "data": {
                    "time": 249.633794
                }
            },
            {
                "time": {
                    "start": "2017-10-24T16:24:11.860Z",
                    "end": "2017-10-24T16:25:06.501Z"
                },
                "type": "SCRUB",
                "source": "data:drag",
                "_t": "10:24:11",
                "_end": "10:25:06",
                "data": {
                    "time": 153.43672
                }
            },
            {
                "time": {
                    "start": "2017-10-24T16:24:11.860Z",
                    "end": "2017-10-24T16:25:08.879Z"
                },
                "type": "SCRUB",
                "source": "data:drag",
                "_t": "10:24:11",
                "_end": "10:25:08",
                "data": {
                    "time": 74.555119
                }
            },
            {
                "time": {
                    "start": "2017-10-24T16:24:11.860Z",
                    "end": "2017-10-24T16:25:14.460Z"
                },
                "type": "SCRUB",
                "source": "data:drag",
                "_t": "10:24:11",
                "_end": "10:25:14",
                "data": {
                    "time": 128.645359
                }
            },
            {
                "time": {
                    "start": "2017-10-24T16:24:11.860Z",
                    "end": "2017-10-24T16:25:15.612Z"
                },
                "type": "SCRUB",
                "source": "data:drag",
                "_t": "10:24:11",
                "_end": "10:25:15",
                "data": {
                    "time": 199.006646
                }
            },
            {
                "time": {
                    "start": "2017-10-24T16:24:11.860Z",
                    "end": "2017-10-24T16:25:17.215Z"
                },
                "type": "SCRUB",
                "source": "data:drag",
                "_t": "10:24:11",
                "_end": "10:25:17",
                "data": {
                    "time": 268.653326
                }
            },
            {
                "time": {
                    "start": "2017-10-24T16:24:11.860Z",
                    "end": "2017-10-24T16:25:19.145Z"
                },
                "type": "SCRUB",
                "source": "data:drag",
                "_t": "10:24:11",
                "_end": "10:25:19",
                "data": {
                    "time": 343.906922
                }
            },
            {
                "time": {
                    "start": "2017-10-24T16:24:11.860Z",
                    "end": "2017-10-24T16:25:22.054Z"
                },
                "type": "SCRUB",
                "source": "data:drag",
                "_t": "10:24:11",
                "_end": "10:25:22",
                "data": {
                    "time": 390.026547
                }
            },
            {
                "time": {
                    "start": "2017-10-24T16:24:11.860Z",
                    "end": "2017-10-24T16:25:24.617Z"
                },
                "type": "SCRUB",
                "source": "data:drag",
                "_t": "10:24:11",
                "_end": "10:25:24",
                "data": {
                    "time": 481.276342
                }
            },
            {
                "time": {
                    "start": "2017-10-24T16:24:11.860Z",
                    "end": "2017-10-24T16:25:27.639Z"
                },
                "type": "SCRUB",
                "source": "data:drag",
                "_t": "10:24:11",
                "_end": "10:25:27",
                "data": {
                    "time": 484.134769
                }
            },
            {
                "time": {
                    "start": "2017-10-24T16:24:11.860Z",
                    "end": "2017-10-24T16:25:30.904Z"
                },
                "type": "SCRUB",
                "source": "data:drag",
                "_t": "10:24:11",
                "_end": "10:25:30",
                "data": {
                    "time": 484.134769
                }
            },
            {
                "time": {
                    "start": "2017-10-24T16:24:11.860Z",
                    "end": "2017-10-24T16:25:32.641Z"
                },
                "type": "SCRUB",
                "source": "data:drag",
                "_t": "10:24:11",
                "_end": "10:25:32",
                "data": {
                    "time": 525.966753
                }
            },
            {
                "time": {
                    "start": "2017-10-24T16:24:11.860Z",
                    "end": "2017-10-24T16:25:34.432Z"
                },
                "type": "SCRUB",
                "source": "data:drag",
                "_t": "10:24:11",
                "_end": "10:25:34",
                "data": {
                    "time": 525.966753
                }
            },
            {
                "time": {
                    "start": "2017-10-24T16:24:11.860Z",
                    "end": "2017-10-24T16:25:36.165Z"
                },
                "type": "SCRUB",
                "source": "data:drag",
                "_t": "10:24:11",
                "_end": "10:25:36",
                "data": {
                    "time": 549.988536
                }
            },
            {
                "time": {
                    "start": "2017-10-24T16:24:11.860Z",
                    "end": "2017-10-24T16:25:37.246Z"
                },
                "type": "SCRUB",
                "source": "data:drag",
                "_t": "10:24:11",
                "_end": "10:25:37",
                "data": {
                    "time": 549.988536
                }
            },
            {
                "time": {
                    "start": "2017-10-24T16:24:11.860Z",
                    "end": "2017-10-24T16:25:39.725Z"
                },
                "type": "SCRUB",
                "source": "data:drag",
                "_t": "10:24:11",
                "_end": "10:25:39",
                "data": {
                    "time": 577.803232
                }
            },
            {
                "time": {
                    "start": "2017-10-24T16:24:11.860Z",
                    "end": "2017-10-24T16:25:40.951Z"
                },
                "type": "SCRUB",
                "source": "data:drag",
                "_t": "10:24:11",
                "_end": "10:25:40",
                "data": {
                    "time": 577.803232
                }
            },
            {
                "time": {
                    "start": "2017-10-24T16:24:11.860Z",
                    "end": "2017-10-24T16:25:42.441Z"
                },
                "type": "SCRUB",
                "source": "data:drag",
                "_t": "10:24:11",
                "_end": "10:25:42",
                "data": {
                    "time": 626.011708
                }
            },
            {
                "time": {
                    "start": "2017-10-24T16:24:11.860Z",
                    "end": "2017-10-24T16:25:46.968Z"
                },
                "type": "SCRUB",
                "source": "data:drag",
                "_t": "10:24:11",
                "_end": "10:25:46",
                "data": {
                    "time": 608.586295
                }
            },
            {
                "time": {
                    "start": "2017-10-24T16:24:11.860Z",
                    "end": "2017-10-24T16:25:50.780Z"
                },
                "type": "SCRUB",
                "source": "data:drag",
                "_t": "10:24:11",
                "_end": "10:25:50",
                "data": {
                    "time": 532.233303
                }
            },
            {
                "time": {
                    "start": "2017-10-24T16:24:11.860Z",
                    "end": "2017-10-24T16:25:54.121Z"
                },
                "type": "SCRUB",
                "source": "data:drag",
                "_t": "10:24:11",
                "_end": "10:25:54",
                "data": {
                    "time": 543.062344
                }
            },
            {
                "time": {
                    "start": "2017-10-24T16:24:11.860Z",
                    "end": "2017-10-24T16:25:56.161Z"
                },
                "type": "SCRUB",
                "source": "data:drag",
                "_t": "10:24:11",
                "_end": "10:25:56",
                "data": {
                    "time": 633.817411
                }
            },
            {
                "time": {
                    "start": "2017-10-24T16:24:11.860Z",
                    "end": "2017-10-24T16:26:06.511Z"
                },
                "type": "SCRUB",
                "source": "data:drag",
                "_t": "10:24:11",
                "_end": "10:26:06",
                "data": {
                    "time": 630.299346
                }
            }
        ]
    }
}