{
    "user_id": "017",
    "session_id": "59ee660b227e0c69a024564b",
    "study": "studyA",
    "workspace": "newrun.run-thurs-six-finally",
    "details": {
        "workspace": "newrun.run-thurs-six-finally",
        "labels": [
            {
                "time": 23.407454,
                "endTime": 26.877521780487893,
                "type": "skip",
                "id": 1
            },
            {
                "time": 47.794505,
                "endTime": 55.54524060975474,
                "type": "run",
                "id": 2
            },
            {
                "time": 274.654686,
                "endTime": 283.55978648780524,
                "type": "run",
                "id": 3
            },
            {
                "time": 383.05503753658536,
                "endTime": 386.62807168292693,
                "type": "skip",
                "id": 4
            },
            {
                "time": 484.309327,
                "endTime": 488.48702846341473,
                "type": "skip",
                "id": 5
            },
            {
                "time": 525.646581,
                "endTime": 534.2218629512198,
                "type": "run",
                "id": 6
            },
            {
                "time": 549.656169,
                "endTime": 553.3026763936628,
                "type": "skip",
                "id": 7
            },
            {
                "time": 577.476152,
                "endTime": 586.5309624943553,
                "type": "run",
                "id": 8
            },
            {
                "time": 652.4139249454986,
                "endTime": 654.6264125776138,
                "type": "skip",
                "id": 9
            }
        ],
        "_starts": [
            "2017-10-24T16:25:33.000Z"
        ],
        "_ends": [
            "2017-10-24T16:27:53.201Z"
        ]
    },
    "labels_file": "/home/ubuntu/vat/data/user-studies/studyA/run-yellow/017.labels.json",
    "videoFlash": 3.918989,
    "surveys": {
        "user-info": {
            "firstname": "Jordan",
            "lastname": "Nielson",
            "email": "jnielson94@gmail.com"
        },
        "practice-first": {
            "question1": "1",
            "question2": "ok",
            "question3": "60",
            "question4": "2"
        },
        "practice-second": {},
        "practice-third": {},
        "practice-survey": {},
        "run-blue": {
            "question1": "2",
            "question2": "-1",
            "question3": "100",
            "question4": "80"
        }
    },
    "logs": {
        "labelEvents": [
            {
                "time": "2017-10-24T16:25:52.037Z",
                "type": "START",
                "source": "hotkey",
                "_t": "10:25:52",
                "_end": "-",
                "data": {
                    "type": "skip",
                    "time": 23.407454
                }
            },
            {
                "time": "2017-10-24T16:25:53.231Z",
                "type": "END",
                "source": "data:click:h_pos",
                "_t": "10:25:53",
                "_end": "-",
                "data": {
                    "lbl": {
                        "time": 23.407454,
                        "endTime": 26.877521780487893,
                        "type": "skip",
                        "id": 1
                    }
                }
            },
            {
                "time": "2017-10-24T16:25:57.607Z",
                "type": "START",
                "source": "hotkey",
                "_t": "10:25:57",
                "_end": "-",
                "data": {
                    "type": "run",
                    "time": 47.794505
                }
            },
            {
                "time": "2017-10-24T16:25:58.664Z",
                "type": "END",
                "source": "data:click:h_pos",
                "_t": "10:25:58",
                "_end": "-",
                "data": {
                    "lbl": {
                        "time": 47.794505,
                        "endTime": 55.54524060975474,
                        "type": "run",
                        "id": 2
                    }
                }
            },
            {
                "time": "2017-10-24T16:26:08.439Z",
                "type": "START",
                "source": "hotkey",
                "_t": "10:26:08",
                "_end": "-",
                "data": {
                    "type": "skip",
                    "time": 274.654686
                }
            },
            {
                "time": "2017-10-24T16:26:10.552Z",
                "type": "END",
                "source": "data:click:h_pos",
                "_t": "10:26:10",
                "_end": "-",
                "data": {
                    "lbl": {
                        "time": 274.654686,
                        "endTime": 283.55978648780524,
                        "type": "run",
                        "id": 3
                    }
                }
            },
            {
                "time": "2017-10-24T16:26:25.440Z",
                "type": "SELECT",
                "source": "data:click",
                "_t": "10:26:25",
                "_end": "-",
                "data": {
                    "time": 274.654686,
                    "endTime": 283.55978648780524,
                    "type": "run",
                    "id": 3
                }
            },
            {
                "time": "2017-10-24T16:26:27.191Z",
                "type": "START",
                "source": "side-bar:button",
                "_t": "10:26:27",
                "_end": "-",
                "data": {
                    "type": "run",
                    "time": 265.63964
                }
            },
            {
                "time": "2017-10-24T16:26:29.590Z",
                "type": "CANCEL",
                "source": "hotkey",
                "_t": "10:26:29",
                "_end": "-",
                "data": {
                    "time": 265.63964,
                    "type": "run",
                    "editting": false
                }
            },
            {
                "time": "2017-10-24T16:26:31.936Z",
                "type": "SELECT",
                "source": "data:click",
                "_t": "10:26:31",
                "_end": "-",
                "data": {
                    "time": 274.654686,
                    "endTime": 283.55978648780524,
                    "type": "run",
                    "id": 3
                }
            },
            {
                "time": "2017-10-24T16:26:33.766Z",
                "type": "CHANGE-EVENT-TYPE",
                "source": "side-bar:menu",
                "_t": "10:26:33",
                "_end": "-",
                "data": {
                    "time": 274.654686,
                    "endTime": 283.55978648780524,
                    "type": "skip",
                    "id": 3
                }
            },
            {
                "time": "2017-10-24T16:26:36.799Z",
                "type": "DESELECT",
                "source": "side-bar:button",
                "_t": "10:26:36",
                "_end": "-",
                "data": {
                    "time": 274.654686,
                    "endTime": 283.55978648780524,
                    "type": "run",
                    "id": 3
                }
            },
            {
                "time": "2017-10-24T16:26:44.278Z",
                "type": "START",
                "source": "side-bar:button",
                "_t": "10:26:44",
                "_end": "-",
                "data": {
                    "type": "skip",
                    "time": 382.725219
                }
            },
            {
                "time": "2017-10-24T16:26:46.889Z",
                "type": "END",
                "source": "data:click:h_pos",
                "_t": "10:26:46",
                "_end": "-",
                "data": {
                    "lbl": {
                        "time": 383.05503753658536,
                        "endTime": 386.62807168292693,
                        "type": "skip",
                        "id": 4
                    }
                }
            },
            {
                "time": "2017-10-24T16:26:47.496Z",
                "type": "SELECT",
                "source": "data:click",
                "_t": "10:26:47",
                "_end": "-",
                "data": {
                    "time": 383.05503753658536,
                    "endTime": 386.62807168292693,
                    "type": "skip",
                    "id": 4
                }
            },
            {
                "time": {
                    "start": "2017-10-24T16:26:48.935Z",
                    "end": "2017-10-24T16:26:50.159Z"
                },
                "type": "RESIZE",
                "source": "data:brush",
                "_t": "10:26:48",
                "_end": "10:26:50",
                "data": {
                    "brushing": true,
                    "origin": [
                        382.725219,
                        386.62807168292693
                    ],
                    "_brushside": 0,
                    "start": "2017-10-24T16:26:48.935Z",
                    "ε": 0.1,
                    "mode": "resize"
                }
            },
            {
                "time": "2017-10-24T16:26:51.942Z",
                "type": "DESELECT",
                "source": "side-bar:button",
                "_t": "10:26:51",
                "_end": "-",
                "data": {
                    "time": 383.05503753658536,
                    "endTime": 386.62807168292693,
                    "type": "skip",
                    "id": 4
                }
            },
            {
                "time": "2017-10-24T16:27:00.767Z",
                "type": "START",
                "source": "side-bar:button",
                "_t": "10:27:00",
                "_end": "-",
                "data": {
                    "type": "skip",
                    "time": 484.309327
                }
            },
            {
                "time": "2017-10-24T16:27:03.064Z",
                "type": "END",
                "source": "data:click:h_pos",
                "_t": "10:27:03",
                "_end": "-",
                "data": {
                    "lbl": {
                        "time": 484.309327,
                        "endTime": 488.48702846341473,
                        "type": "skip",
                        "id": 5
                    }
                }
            },
            {
                "time": "2017-10-24T16:27:10.155Z",
                "type": "START",
                "source": "hotkey",
                "_t": "10:27:10",
                "_end": "-",
                "data": {
                    "type": "run",
                    "time": 525.041915
                }
            },
            {
                "time": "2017-10-24T16:27:12.054Z",
                "type": "CANCEL",
                "source": "hotkey",
                "_t": "10:27:12",
                "_end": "-",
                "data": {
                    "time": 525.041915,
                    "type": "run",
                    "editting": false
                }
            },
            {
                "time": "2017-10-24T16:27:15.128Z",
                "type": "START",
                "source": "hotkey",
                "_t": "10:27:15",
                "_end": "-",
                "data": {
                    "type": "run",
                    "time": 525.646581
                }
            },
            {
                "time": "2017-10-24T16:27:16.505Z",
                "type": "END",
                "source": "data:click:h_pos",
                "_t": "10:27:16",
                "_end": "-",
                "data": {
                    "lbl": {
                        "time": 525.646581,
                        "endTime": 534.2218629512198,
                        "type": "run",
                        "id": 6
                    }
                }
            },
            {
                "time": "2017-10-24T16:27:20.974Z",
                "type": "START",
                "source": "hotkey",
                "_t": "10:27:20",
                "_end": "-",
                "data": {
                    "type": "skip",
                    "time": 549.656169
                }
            },
            {
                "time": "2017-10-24T16:27:22.792Z",
                "type": "END",
                "source": "data:click:h_pos",
                "_t": "10:27:22",
                "_end": "-",
                "data": {
                    "lbl": {
                        "time": 549.656169,
                        "endTime": 553.3026763936628,
                        "type": "skip",
                        "id": 7
                    }
                }
            },
            {
                "time": "2017-10-24T16:27:32.168Z",
                "type": "START",
                "source": "hotkey",
                "_t": "10:27:32",
                "_end": "-",
                "data": {
                    "type": "run",
                    "time": 577.476152
                }
            },
            {
                "time": "2017-10-24T16:27:33.457Z",
                "type": "END",
                "source": "data:click:h_pos",
                "_t": "10:27:33",
                "_end": "-",
                "data": {
                    "lbl": {
                        "time": 577.476152,
                        "endTime": 586.5309624943553,
                        "type": "run",
                        "id": 8
                    }
                }
            },
            {
                "time": "2017-10-24T16:27:45.560Z",
                "type": "START",
                "source": "hotkey",
                "_t": "10:27:45",
                "_end": "-",
                "data": {
                    "type": "skip",
                    "time": 652.086149
                }
            },
            {
                "time": "2017-10-24T16:27:48.025Z",
                "type": "END",
                "source": "data:click:h_pos",
                "_t": "10:27:48",
                "_end": "-",
                "data": {
                    "lbl": {
                        "time": 652.4139249454986,
                        "endTime": 654.6264125776138,
                        "type": "skip",
                        "id": 9
                    }
                }
            },
            {
                "time": "2017-10-24T16:27:49.057Z",
                "type": "SELECT",
                "source": "data:click",
                "_t": "10:27:49",
                "_end": "-",
                "data": {
                    "time": 652.4139249454986,
                    "endTime": 654.6264125776138,
                    "type": "skip",
                    "id": 9
                }
            },
            {
                "time": {
                    "start": "2017-10-24T16:27:49.903Z",
                    "end": "2017-10-24T16:27:50.511Z"
                },
                "type": "RESIZE",
                "source": "data:brush",
                "_t": "10:27:49",
                "_end": "10:27:50",
                "data": {
                    "brushing": true,
                    "origin": [
                        652.086149,
                        654.626412577602
                    ],
                    "_brushside": 0,
                    "start": "2017-10-24T16:27:49.903Z",
                    "ε": 0.1,
                    "mode": "resize"
                }
            },
            {
                "time": "2017-10-24T16:27:52.102Z",
                "type": "DESELECT",
                "source": "side-bar:button",
                "_t": "10:27:52",
                "_end": "-",
                "data": {
                    "time": 652.4139249454986,
                    "endTime": 654.6264125776138,
                    "type": "skip",
                    "id": 9
                }
            }
        ],
        "navigationEvents": [
            {
                "time": {
                    "start": "2017-10-24T16:25:33.952Z",
                    "end": "2017-10-24T16:25:51.565Z"
                },
                "type": "SCRUB",
                "source": "data:drag",
                "_t": "10:25:33",
                "_end": "10:25:51",
                "data": {
                    "time": 22.941551
                }
            },
            {
                "time": {
                    "start": "2017-10-24T16:25:33.952Z",
                    "end": "2017-10-24T16:25:53.229Z"
                },
                "type": "SCRUB",
                "source": "data:drag",
                "_t": "10:25:33",
                "_end": "10:25:53",
                "data": {
                    "time": 24.597437
                }
            },
            {
                "time": "2017-10-24T16:25:54.598Z",
                "type": "PAUSE",
                "source": "hotkey",
                "_t": "10:25:54",
                "_end": "-",
                "data": {
                    "key": "space"
                }
            },
            {
                "time": {
                    "start": "2017-10-24T16:25:33.952Z",
                    "end": "2017-10-24T16:25:56.993Z"
                },
                "type": "SCRUB",
                "source": "data:drag",
                "_t": "10:25:33",
                "_end": "10:25:56",
                "data": {
                    "time": 47.794505
                }
            },
            {
                "time": {
                    "start": "2017-10-24T16:25:33.952Z",
                    "end": "2017-10-24T16:25:58.662Z"
                },
                "type": "SCRUB",
                "source": "data:drag",
                "_t": "10:25:33",
                "_end": "10:25:58",
                "data": {
                    "time": 47.794505
                }
            },
            {
                "time": {
                    "start": "2017-10-24T16:25:33.952Z",
                    "end": "2017-10-24T16:25:59.670Z"
                },
                "type": "SCRUB",
                "source": "data:drag",
                "_t": "10:25:33",
                "_end": "10:25:59",
                "data": {
                    "time": 94.134009
                }
            },
            {
                "time": {
                    "start": "2017-10-24T16:25:33.952Z",
                    "end": "2017-10-24T16:26:00.511Z"
                },
                "type": "SCRUB",
                "source": "data:drag",
                "_t": "10:25:33",
                "_end": "10:26:00",
                "data": {
                    "time": 140.198664
                }
            },
            {
                "time": {
                    "start": "2017-10-24T16:25:33.952Z",
                    "end": "2017-10-24T16:26:01.312Z"
                },
                "type": "SCRUB",
                "source": "data:drag",
                "_t": "10:25:33",
                "_end": "10:26:01",
                "data": {
                    "time": 186.263319
                }
            },
            {
                "time": {
                    "start": "2017-10-24T16:25:33.952Z",
                    "end": "2017-10-24T16:26:02.247Z"
                },
                "type": "SCRUB",
                "source": "data:drag",
                "_t": "10:25:33",
                "_end": "10:26:02",
                "data": {
                    "time": 234.636704
                }
            },
            {
                "time": {
                    "start": "2017-10-24T16:25:33.952Z",
                    "end": "2017-10-24T16:26:06.069Z"
                },
                "type": "SCRUB",
                "source": "data:drag",
                "_t": "10:25:33",
                "_end": "10:26:06",
                "data": {
                    "time": 274.654686
                }
            },
            {
                "time": {
                    "start": "2017-10-24T16:25:33.952Z",
                    "end": "2017-10-24T16:26:10.550Z"
                },
                "type": "SCRUB",
                "source": "data:drag",
                "_t": "10:25:33",
                "_end": "10:26:10",
                "data": {
                    "time": 274.654686
                }
            },
            {
                "time": {
                    "start": "2017-10-24T16:25:33.952Z",
                    "end": "2017-10-24T16:26:11.637Z"
                },
                "type": "SCRUB",
                "source": "data:drag",
                "_t": "10:25:33",
                "_end": "10:26:11",
                "data": {
                    "time": 231.118639
                }
            },
            {
                "time": {
                    "start": "2017-10-24T16:25:33.952Z",
                    "end": "2017-10-24T16:26:12.561Z"
                },
                "type": "SCRUB",
                "source": "data:drag",
                "_t": "10:25:33",
                "_end": "10:26:12",
                "data": {
                    "time": 195.333327
                }
            },
            {
                "time": {
                    "start": "2017-10-24T16:25:33.952Z",
                    "end": "2017-10-24T16:26:13.171Z"
                },
                "type": "SCRUB",
                "source": "data:drag",
                "_t": "10:25:33",
                "_end": "10:26:13",
                "data": {
                    "time": 165.044991
                }
            },
            {
                "time": {
                    "start": "2017-10-24T16:25:33.952Z",
                    "end": "2017-10-24T16:26:13.761Z"
                },
                "type": "SCRUB",
                "source": "data:drag",
                "_t": "10:25:33",
                "_end": "10:26:13",
                "data": {
                    "time": 126.071433
                }
            },
            {
                "time": {
                    "start": "2017-10-24T16:25:33.952Z",
                    "end": "2017-10-24T16:26:14.297Z"
                },
                "type": "SCRUB",
                "source": "data:drag",
                "_t": "10:25:33",
                "_end": "10:26:14",
                "data": {
                    "time": 91.220607
                }
            },
            {
                "time": {
                    "start": "2017-10-24T16:25:33.952Z",
                    "end": "2017-10-24T16:26:15.509Z"
                },
                "type": "SCRUB",
                "source": "data:drag",
                "_t": "10:25:33",
                "_end": "10:26:15",
                "data": {
                    "time": 60.272634
                }
            },
            {
                "time": {
                    "start": "2017-10-24T16:25:33.952Z",
                    "end": "2017-10-24T16:26:19.928Z"
                },
                "type": "SCRUB",
                "source": "data:drag",
                "_t": "10:25:33",
                "_end": "10:26:19",
                "data": {
                    "time": 136.680594
                }
            },
            {
                "time": {
                    "start": "2017-10-24T16:25:33.952Z",
                    "end": "2017-10-24T16:26:20.766Z"
                },
                "type": "SCRUB",
                "source": "data:drag",
                "_t": "10:25:33",
                "_end": "10:26:20",
                "data": {
                    "time": 198.191751
                }
            },
            {
                "time": {
                    "start": "2017-10-24T16:25:33.952Z",
                    "end": "2017-10-24T16:26:22.065Z"
                },
                "type": "SCRUB",
                "source": "data:drag",
                "_t": "10:25:33",
                "_end": "10:26:22",
                "data": {
                    "time": 265.639641
                }
            },
            {
                "time": {
                    "start": "2017-10-24T16:25:33.952Z",
                    "end": "2017-10-24T16:26:25.438Z"
                },
                "type": "SCRUB",
                "source": "data:drag",
                "_t": "10:25:33",
                "_end": "10:26:25",
                "data": {
                    "time": 265.63964
                }
            },
            {
                "time": {
                    "start": "2017-10-24T16:25:33.952Z",
                    "end": "2017-10-24T16:26:31.418Z"
                },
                "type": "SCRUB",
                "source": "data:drag",
                "_t": "10:25:33",
                "_end": "10:26:31",
                "data": {
                    "time": 274.59971
                }
            },
            {
                "time": {
                    "start": "2017-10-24T16:25:33.952Z",
                    "end": "2017-10-24T16:26:31.934Z"
                },
                "type": "SCRUB",
                "source": "data:drag",
                "_t": "10:25:33",
                "_end": "10:26:31",
                "data": {
                    "time": 274.59971
                }
            },
            {
                "time": {
                    "start": "2017-10-24T16:25:33.952Z",
                    "end": "2017-10-24T16:26:35.328Z"
                },
                "type": "SCRUB",
                "source": "data:drag",
                "_t": "10:25:33",
                "_end": "10:26:35",
                "data": {
                    "time": 309.670414
                }
            },
            {
                "time": {
                    "start": "2017-10-24T16:25:33.952Z",
                    "end": "2017-10-24T16:26:38.304Z"
                },
                "type": "SCRUB",
                "source": "data:drag",
                "_t": "10:25:33",
                "_end": "10:26:38",
                "data": {
                    "time": 349.633426
                }
            },
            {
                "time": {
                    "start": "2017-10-24T16:25:33.952Z",
                    "end": "2017-10-24T16:26:41.032Z"
                },
                "type": "SCRUB",
                "source": "data:drag",
                "_t": "10:25:33",
                "_end": "10:26:41",
                "data": {
                    "time": 382.725219
                }
            },
            {
                "time": {
                    "start": "2017-10-24T16:25:33.952Z",
                    "end": "2017-10-24T16:26:46.888Z"
                },
                "type": "SCRUB",
                "source": "data:drag",
                "_t": "10:25:33",
                "_end": "10:26:46",
                "data": {
                    "time": 382.725219
                }
            },
            {
                "time": {
                    "start": "2017-10-24T16:25:33.952Z",
                    "end": "2017-10-24T16:26:47.494Z"
                },
                "type": "SCRUB",
                "source": "data:drag",
                "_t": "10:25:33",
                "_end": "10:26:47",
                "data": {
                    "time": 382.725219
                }
            },
            {
                "time": {
                    "start": "2017-10-24T16:25:33.952Z",
                    "end": "2017-10-24T16:26:50.175Z"
                },
                "type": "SCRUB",
                "source": "data:drag",
                "_t": "10:25:33",
                "_end": "10:26:50",
                "data": {
                    "time": 382.725219
                }
            },
            {
                "time": {
                    "start": "2017-10-24T16:25:33.952Z",
                    "end": "2017-10-24T16:26:53.284Z"
                },
                "type": "SCRUB",
                "source": "data:drag",
                "_t": "10:25:33",
                "_end": "10:26:53",
                "data": {
                    "time": 424.227384
                }
            },
            {
                "time": {
                    "start": "2017-10-24T16:25:33.952Z",
                    "end": "2017-10-24T16:26:55.158Z"
                },
                "type": "SCRUB",
                "source": "data:drag",
                "_t": "10:25:33",
                "_end": "10:26:55",
                "data": {
                    "time": 483.209932
                }
            },
            {
                "time": {
                    "start": "2017-10-24T16:25:33.952Z",
                    "end": "2017-10-24T16:26:59.461Z"
                },
                "type": "SCRUB",
                "source": "data:drag",
                "_t": "10:25:33",
                "_end": "10:26:59",
                "data": {
                    "time": 484.309327
                }
            },
            {
                "time": {
                    "start": "2017-10-24T16:25:33.952Z",
                    "end": "2017-10-24T16:27:03.062Z"
                },
                "type": "SCRUB",
                "source": "data:drag",
                "_t": "10:25:33",
                "_end": "10:27:03",
                "data": {
                    "time": 484.309327
                }
            },
            {
                "time": {
                    "start": "2017-10-24T16:25:33.952Z",
                    "end": "2017-10-24T16:27:05.144Z"
                },
                "type": "SCRUB",
                "source": "data:drag",
                "_t": "10:25:33",
                "_end": "10:27:05",
                "data": {
                    "time": 524.492218
                }
            },
            {
                "time": {
                    "start": "2017-10-24T16:25:33.952Z",
                    "end": "2017-10-24T16:27:09.693Z"
                },
                "type": "SCRUB",
                "source": "data:drag",
                "_t": "10:25:33",
                "_end": "10:27:09",
                "data": {
                    "time": 525.041915
                }
            },
            {
                "time": {
                    "start": "2017-10-24T16:25:33.952Z",
                    "end": "2017-10-24T16:27:14.386Z"
                },
                "type": "SCRUB",
                "source": "data:drag",
                "_t": "10:25:33",
                "_end": "10:27:14",
                "data": {
                    "time": 525.646582
                }
            },
            {
                "time": {
                    "start": "2017-10-24T16:25:33.952Z",
                    "end": "2017-10-24T16:27:16.503Z"
                },
                "type": "SCRUB",
                "source": "data:drag",
                "_t": "10:25:33",
                "_end": "10:27:16",
                "data": {
                    "time": 525.646581
                }
            },
            {
                "time": {
                    "start": "2017-10-24T16:25:33.952Z",
                    "end": "2017-10-24T16:27:20.654Z"
                },
                "type": "SCRUB",
                "source": "data:drag",
                "_t": "10:25:33",
                "_end": "10:27:20",
                "data": {
                    "time": 549.656169
                }
            },
            {
                "time": {
                    "start": "2017-10-24T16:25:33.952Z",
                    "end": "2017-10-24T16:27:22.790Z"
                },
                "type": "SCRUB",
                "source": "data:drag",
                "_t": "10:25:33",
                "_end": "10:27:22",
                "data": {
                    "time": 549.656169
                }
            },
            {
                "time": {
                    "start": "2017-10-24T16:25:33.952Z",
                    "end": "2017-10-24T16:27:29.273Z"
                },
                "type": "SCRUB",
                "source": "data:drag",
                "_t": "10:25:33",
                "_end": "10:27:29",
                "data": {
                    "time": 577.476152
                }
            },
            {
                "time": {
                    "start": "2017-10-24T16:25:33.952Z",
                    "end": "2017-10-24T16:27:33.454Z"
                },
                "type": "SCRUB",
                "source": "data:drag",
                "_t": "10:25:33",
                "_end": "10:27:33",
                "data": {
                    "time": 577.476152
                }
            },
            {
                "time": {
                    "start": "2017-10-24T16:25:33.952Z",
                    "end": "2017-10-24T16:27:34.775Z"
                },
                "type": "SCRUB",
                "source": "data:drag",
                "_t": "10:25:33",
                "_end": "10:27:34",
                "data": {
                    "time": 614.023169
                }
            },
            {
                "time": {
                    "start": "2017-10-24T16:25:33.952Z",
                    "end": "2017-10-24T16:27:37.883Z"
                },
                "type": "SCRUB",
                "source": "data:drag",
                "_t": "10:25:33",
                "_end": "10:27:37",
                "data": {
                    "time": 652.127122
                }
            },
            {
                "time": {
                    "start": "2017-10-24T16:25:33.952Z",
                    "end": "2017-10-24T16:27:41.367Z"
                },
                "type": "SCRUB",
                "source": "data:drag",
                "_t": "10:25:33",
                "_end": "10:27:41",
                "data": {
                    "time": 652.741701
                }
            },
            {
                "time": {
                    "start": "2017-10-24T16:25:33.952Z",
                    "end": "2017-10-24T16:27:42.364Z"
                },
                "type": "SCRUB",
                "source": "data:drag",
                "_t": "10:25:33",
                "_end": "10:27:42",
                "data": {
                    "time": 652.086149
                }
            },
            {
                "time": {
                    "start": "2017-10-24T16:25:33.952Z",
                    "end": "2017-10-24T16:27:48.022Z"
                },
                "type": "SCRUB",
                "source": "data:drag",
                "_t": "10:25:33",
                "_end": "10:27:48",
                "data": {
                    "time": 652.086149
                }
            },
            {
                "time": {
                    "start": "2017-10-24T16:25:33.952Z",
                    "end": "2017-10-24T16:27:49.055Z"
                },
                "type": "SCRUB",
                "source": "data:drag",
                "_t": "10:25:33",
                "_end": "10:27:49",
                "data": {
                    "time": 652.086149
                }
            },
            {
                "time": {
                    "start": "2017-10-24T16:25:33.952Z",
                    "end": "2017-10-24T16:27:50.529Z"
                },
                "type": "SCRUB",
                "source": "data:drag",
                "_t": "10:25:33",
                "_end": "10:27:50",
                "data": {
                    "time": 652.086149
                }
            }
        ]
    }
}