{
    "user_id": "022",
    "session_id": "59ef83d45efd4d725417b829",
    "study": "studyA",
    "workspace": "newrun.run-thurs-six-finally",
    "details": {
        "workspace": "newrun.run-thurs-six-finally",
        "labels": [
            {
                "time": 22.718645,
                "endTime": 26.40161865853658,
                "type": "run",
                "id": 1
            },
            {
                "time": 48.114672,
                "endTime": 55.260740292682925,
                "type": "skip",
                "id": 2
            },
            {
                "time": 274.864913,
                "endTime": 283.22031592682924,
                "type": "skip",
                "id": 3
            },
            {
                "time": 383.155331,
                "endTime": 386.39854660975607,
                "type": "run",
                "id": 4
            },
            {
                "time": 484.6295,
                "endTime": 488.3124736585366,
                "type": "run",
                "id": 5
            },
            {
                "time": 525.636938,
                "endTime": 533.8824014146342,
                "type": "skip",
                "id": 6
            },
            {
                "time": 549.93357,
                "endTime": 553.066846097561,
                "type": "run",
                "id": 7
            },
            {
                "time": 577.858206,
                "endTime": 586.4884577073171,
                "type": "skip",
                "id": 8
            },
            {
                "time": 652.452163,
                "endTime": 654.705923,
                "type": "skip",
                "id": 9
            }
        ],
        "_starts": [
            "2017-10-24T18:30:34.000Z"
        ],
        "_ends": [
            "2017-10-24T18:33:25.113Z"
        ]
    },
    "labels_file": "/home/ubuntu/vat/data/user-studies/studyA/run-yellow/022.labels.json",
    "videoFlash": 3.918989,
    "surveys": {
        "user-info": {
            "firstname": "Brian",
            "lastname": "Robinson",
            "email": "elderbrianrobinson@gmail.com"
        },
        "practice-first": {
            "question1": "2",
            "question2": "ok",
            "question3": "100",
            "question4": "2"
        },
        "practice-second": {},
        "practice-third": {},
        "practice-survey": {},
        "run-blue": {
            "question1": "2",
            "question2": "2",
            "question3": "100",
            "question4": "90"
        }
    },
    "logs": {
        "labelEvents": [
            {
                "time": "2017-10-24T18:30:52.558Z",
                "type": "START",
                "source": "hotkey",
                "_t": "12:30:52",
                "_end": "-",
                "data": {
                    "type": "run",
                    "time": 22.718645
                }
            },
            {
                "time": "2017-10-24T18:30:54.144Z",
                "type": "END",
                "source": "data:click:h_pos",
                "_t": "12:30:54",
                "_end": "-",
                "data": {
                    "lbl": {
                        "time": 22.718645,
                        "endTime": 26.40161865853658,
                        "type": "run",
                        "id": 1
                    }
                }
            },
            {
                "time": "2017-10-24T18:30:57.454Z",
                "type": "START",
                "source": "hotkey",
                "_t": "12:30:57",
                "_end": "-",
                "data": {
                    "type": "skip",
                    "time": 48.114672
                }
            },
            {
                "time": "2017-10-24T18:30:58.768Z",
                "type": "END",
                "source": "data:click:h_pos",
                "_t": "12:30:58",
                "_end": "-",
                "data": {
                    "lbl": {
                        "time": 48.114672,
                        "endTime": 55.260740292682925,
                        "type": "skip",
                        "id": 2
                    }
                }
            },
            {
                "time": "2017-10-24T18:31:07.678Z",
                "type": "START",
                "source": "hotkey",
                "_t": "12:31:07",
                "_end": "-",
                "data": {
                    "type": "skip",
                    "time": 274.864913
                }
            },
            {
                "time": "2017-10-24T18:31:10.847Z",
                "type": "END",
                "source": "data:click:h_pos",
                "_t": "12:31:10",
                "_end": "-",
                "data": {
                    "lbl": {
                        "time": 274.864913,
                        "endTime": 283.22031592682924,
                        "type": "skip",
                        "id": 3
                    }
                }
            },
            {
                "time": "2017-10-24T18:31:15.999Z",
                "type": "START",
                "source": "hotkey",
                "_t": "12:31:15",
                "_end": "-",
                "data": {
                    "type": "run",
                    "time": 383.155331
                }
            },
            {
                "time": "2017-10-24T18:31:17.720Z",
                "type": "END",
                "source": "data:click:h_pos",
                "_t": "12:31:17",
                "_end": "-",
                "data": {
                    "lbl": {
                        "time": 383.155331,
                        "endTime": 386.39854660975607,
                        "type": "run",
                        "id": 4
                    }
                }
            },
            {
                "time": "2017-10-24T18:31:23.487Z",
                "type": "START",
                "source": "hotkey",
                "_t": "12:31:23",
                "_end": "-",
                "data": {
                    "type": "run",
                    "time": 484.6295
                }
            },
            {
                "time": "2017-10-24T18:31:24.009Z",
                "type": "END",
                "source": "data:click:h_pos",
                "_t": "12:31:24",
                "_end": "-",
                "data": {
                    "lbl": {
                        "time": 484.6295,
                        "endTime": 488.3124736585366,
                        "type": "run",
                        "id": 5
                    }
                }
            },
            {
                "time": "2017-10-24T18:31:27.599Z",
                "type": "START",
                "source": "hotkey",
                "_t": "12:31:27",
                "_end": "-",
                "data": {
                    "type": "skip",
                    "time": 525.636938
                }
            },
            {
                "time": "2017-10-24T18:31:28.622Z",
                "type": "END",
                "source": "data:click:h_pos",
                "_t": "12:31:28",
                "_end": "-",
                "data": {
                    "lbl": {
                        "time": 525.636938,
                        "endTime": 533.8824014146342,
                        "type": "skip",
                        "id": 6
                    }
                }
            },
            {
                "time": "2017-10-24T18:31:31.584Z",
                "type": "START",
                "source": "hotkey",
                "_t": "12:31:31",
                "_end": "-",
                "data": {
                    "type": "run",
                    "time": 549.93357
                }
            },
            {
                "time": "2017-10-24T18:31:34.760Z",
                "type": "END",
                "source": "data:click:h_pos",
                "_t": "12:31:34",
                "_end": "-",
                "data": {
                    "lbl": {
                        "time": 549.93357,
                        "endTime": 553.066846097561,
                        "type": "run",
                        "id": 7
                    }
                }
            },
            {
                "time": "2017-10-24T18:31:38.400Z",
                "type": "START",
                "source": "hotkey",
                "_t": "12:31:38",
                "_end": "-",
                "data": {
                    "type": "skip",
                    "time": 577.858206
                }
            },
            {
                "time": "2017-10-24T18:31:40.464Z",
                "type": "END",
                "source": "data:click:h_pos",
                "_t": "12:31:40",
                "_end": "-",
                "data": {
                    "lbl": {
                        "time": 577.858206,
                        "endTime": 586.4884577073171,
                        "type": "skip",
                        "id": 8
                    }
                }
            },
            {
                "time": "2017-10-24T18:31:47.983Z",
                "type": "START",
                "source": "hotkey",
                "_t": "12:31:47",
                "_end": "-",
                "data": {
                    "type": "run",
                    "time": 652.452163
                }
            },
            {
                "time": "2017-10-24T18:31:53.241Z",
                "type": "END",
                "source": "data:click:h_pos",
                "_t": "12:31:53",
                "_end": "-",
                "data": {
                    "lbl": {
                        "time": 652.452163,
                        "endTime": 654.705923,
                        "type": "skip",
                        "id": 9
                    }
                }
            },
            {
                "time": "2017-10-24T18:32:25.138Z",
                "type": "SELECT",
                "source": "data:click",
                "_t": "12:32:25",
                "_end": "-",
                "data": {
                    "time": 652.452163,
                    "endTime": 654.705923,
                    "type": "skip",
                    "id": 9
                }
            },
            {
                "time": "2017-10-24T18:32:26.480Z",
                "type": "START",
                "source": "side-bar:button",
                "_t": "12:32:26",
                "_end": "-",
                "data": {
                    "type": "skip",
                    "time": 607.321992
                }
            },
            {
                "time": "2017-10-24T18:32:29.536Z",
                "type": "END",
                "source": "data:click:h_pos",
                "_t": "12:32:29",
                "_end": "-",
                "data": {
                    "lbl": {
                        "time": 607.321992,
                        "endTime": 636.2360828048777,
                        "type": "skip",
                        "id": 10
                    }
                }
            },
            {
                "time": "2017-10-24T18:32:30.353Z",
                "type": "SELECT",
                "source": "data:click",
                "_t": "12:32:30",
                "_end": "-",
                "data": {
                    "time": 607.321992,
                    "endTime": 636.2360828048777,
                    "type": "skip",
                    "id": 10
                }
            },
            {
                "time": "2017-10-24T18:32:32.262Z",
                "type": "DELETE",
                "source": "side-bar:button",
                "_t": "12:32:32",
                "_end": "-",
                "data": {
                    "id": 10,
                    "idx": 9
                }
            },
            {
                "time": "2017-10-24T18:32:33.177Z",
                "type": "SELECT",
                "source": "data:click",
                "_t": "12:32:33",
                "_end": "-",
                "data": {
                    "time": 652.452163,
                    "endTime": 654.705923,
                    "type": "skip",
                    "id": 9
                }
            },
            {
                "time": "2017-10-24T18:32:34.830Z",
                "type": "CHANGE-EVENT-TYPE",
                "source": "side-bar:menu",
                "_t": "12:32:34",
                "_end": "-",
                "data": {
                    "time": 652.452163,
                    "endTime": 654.705923,
                    "type": "run",
                    "id": 9
                }
            },
            {
                "time": "2017-10-24T18:32:42.151Z",
                "type": "DESELECT",
                "source": "side-bar:button",
                "_t": "12:32:42",
                "_end": "-",
                "data": {
                    "time": 652.452163,
                    "endTime": 654.705923,
                    "type": "skip",
                    "id": 9
                }
            }
        ],
        "navigationEvents": [
            {
                "time": {
                    "start": "2017-10-24T18:30:34.164Z",
                    "end": "2017-10-24T18:30:50.086Z"
                },
                "type": "SCRUB",
                "source": "data:drag",
                "_t": "12:30:34",
                "_end": "12:30:50",
                "data": {
                    "time": 3.918989
                }
            },
            {
                "time": {
                    "start": "2017-10-24T18:30:34.164Z",
                    "end": "2017-10-24T18:30:50.222Z"
                },
                "type": "SCRUB",
                "source": "data:drag",
                "_t": "12:30:34",
                "_end": "12:30:50",
                "data": {
                    "time": 3.918989
                }
            },
            {
                "time": "2017-10-24T18:30:50.226Z",
                "type": "JUMP",
                "source": "data:dblclick:h_pos",
                "_t": "12:30:50",
                "_end": "-",
                "data": {
                    "from": 3.918989,
                    "to": 22.71864558536585
                }
            },
            {
                "time": {
                    "start": "2017-10-24T18:30:34.164Z",
                    "end": "2017-10-24T18:30:54.142Z"
                },
                "type": "SCRUB",
                "source": "data:drag",
                "_t": "12:30:34",
                "_end": "12:30:54",
                "data": {
                    "time": 22.718645
                }
            },
            {
                "time": {
                    "start": "2017-10-24T18:30:34.164Z",
                    "end": "2017-10-24T18:30:55.742Z"
                },
                "type": "SCRUB",
                "source": "data:drag",
                "_t": "12:30:34",
                "_end": "12:30:55",
                "data": {
                    "time": 22.718645
                }
            },
            {
                "time": {
                    "start": "2017-10-24T18:30:34.164Z",
                    "end": "2017-10-24T18:30:55.886Z"
                },
                "type": "SCRUB",
                "source": "data:drag",
                "_t": "12:30:34",
                "_end": "12:30:55",
                "data": {
                    "time": 22.718645
                }
            },
            {
                "time": "2017-10-24T18:30:55.890Z",
                "type": "JUMP",
                "source": "data:dblclick:h_pos",
                "_t": "12:30:55",
                "_end": "-",
                "data": {
                    "from": 22.718645,
                    "to": 48.11467231707316
                }
            },
            {
                "time": {
                    "start": "2017-10-24T18:30:34.164Z",
                    "end": "2017-10-24T18:30:58.766Z"
                },
                "type": "SCRUB",
                "source": "data:drag",
                "_t": "12:30:34",
                "_end": "12:30:58",
                "data": {
                    "time": 48.114672
                }
            },
            {
                "time": {
                    "start": "2017-10-24T18:30:34.164Z",
                    "end": "2017-10-24T18:30:59.830Z"
                },
                "type": "SCRUB",
                "source": "data:drag",
                "_t": "12:30:34",
                "_end": "12:30:59",
                "data": {
                    "time": 48.114672
                }
            },
            {
                "time": {
                    "start": "2017-10-24T18:30:34.164Z",
                    "end": "2017-10-24T18:30:59.982Z"
                },
                "type": "SCRUB",
                "source": "data:drag",
                "_t": "12:30:34",
                "_end": "12:30:59",
                "data": {
                    "time": 48.114672
                }
            },
            {
                "time": "2017-10-24T18:30:59.987Z",
                "type": "JUMP",
                "source": "data:dblclick:h_pos",
                "_t": "12:30:59",
                "_end": "-",
                "data": {
                    "from": 48.114672,
                    "to": 99.45642419512194
                }
            },
            {
                "time": {
                    "start": "2017-10-24T18:30:34.164Z",
                    "end": "2017-10-24T18:31:01.206Z"
                },
                "type": "SCRUB",
                "source": "data:drag",
                "_t": "12:30:34",
                "_end": "12:31:01",
                "data": {
                    "time": 99.456424
                }
            },
            {
                "time": {
                    "start": "2017-10-24T18:30:34.164Z",
                    "end": "2017-10-24T18:31:01.350Z"
                },
                "type": "SCRUB",
                "source": "data:drag",
                "_t": "12:30:34",
                "_end": "12:31:01",
                "data": {
                    "time": 99.456424
                }
            },
            {
                "time": "2017-10-24T18:31:01.355Z",
                "type": "JUMP",
                "source": "data:dblclick:h_pos",
                "_t": "12:31:01",
                "_end": "-",
                "data": {
                    "from": 99.456424,
                    "to": 138.48495082926829
                }
            },
            {
                "time": {
                    "start": "2017-10-24T18:30:34.164Z",
                    "end": "2017-10-24T18:31:02.318Z"
                },
                "type": "SCRUB",
                "source": "data:drag",
                "_t": "12:30:34",
                "_end": "12:31:02",
                "data": {
                    "time": 138.48495
                }
            },
            {
                "time": {
                    "start": "2017-10-24T18:30:34.164Z",
                    "end": "2017-10-24T18:31:02.454Z"
                },
                "type": "SCRUB",
                "source": "data:drag",
                "_t": "12:30:34",
                "_end": "12:31:02",
                "data": {
                    "time": 138.48495
                }
            },
            {
                "time": "2017-10-24T18:31:02.459Z",
                "type": "JUMP",
                "source": "data:dblclick:h_pos",
                "_t": "12:31:02",
                "_end": "-",
                "data": {
                    "from": 138.48495,
                    "to": 168.60837634146338
                }
            },
            {
                "time": {
                    "start": "2017-10-24T18:30:34.164Z",
                    "end": "2017-10-24T18:31:03.254Z"
                },
                "type": "SCRUB",
                "source": "data:drag",
                "_t": "12:30:34",
                "_end": "12:31:03",
                "data": {
                    "time": 168.608376
                }
            },
            {
                "time": {
                    "start": "2017-10-24T18:30:34.164Z",
                    "end": "2017-10-24T18:31:03.398Z"
                },
                "type": "SCRUB",
                "source": "data:drag",
                "_t": "12:30:34",
                "_end": "12:31:03",
                "data": {
                    "time": 168.608376
                }
            },
            {
                "time": "2017-10-24T18:31:03.403Z",
                "type": "JUMP",
                "source": "data:dblclick:h_pos",
                "_t": "12:31:03",
                "_end": "-",
                "data": {
                    "from": 168.608376,
                    "to": 209.50587453658534
                }
            },
            {
                "time": {
                    "start": "2017-10-24T18:30:34.164Z",
                    "end": "2017-10-24T18:31:04.421Z"
                },
                "type": "SCRUB",
                "source": "data:drag",
                "_t": "12:30:34",
                "_end": "12:31:04",
                "data": {
                    "time": 209.505874
                }
            },
            {
                "time": {
                    "start": "2017-10-24T18:30:34.164Z",
                    "end": "2017-10-24T18:31:04.549Z"
                },
                "type": "SCRUB",
                "source": "data:drag",
                "_t": "12:30:34",
                "_end": "12:31:04",
                "data": {
                    "time": 209.505874
                }
            },
            {
                "time": "2017-10-24T18:31:04.554Z",
                "type": "JUMP",
                "source": "data:dblclick:h_pos",
                "_t": "12:31:04",
                "_end": "-",
                "data": {
                    "from": 209.505874,
                    "to": 263.76102326829266
                }
            },
            {
                "time": {
                    "start": "2017-10-24T18:30:34.164Z",
                    "end": "2017-10-24T18:31:06.374Z"
                },
                "type": "SCRUB",
                "source": "data:drag",
                "_t": "12:30:34",
                "_end": "12:31:06",
                "data": {
                    "time": 263.761023
                }
            },
            {
                "time": {
                    "start": "2017-10-24T18:30:34.164Z",
                    "end": "2017-10-24T18:31:06.494Z"
                },
                "type": "SCRUB",
                "source": "data:drag",
                "_t": "12:30:34",
                "_end": "12:31:06",
                "data": {
                    "time": 263.761023
                }
            },
            {
                "time": "2017-10-24T18:31:06.499Z",
                "type": "JUMP",
                "source": "data:dblclick:h_pos",
                "_t": "12:31:06",
                "_end": "-",
                "data": {
                    "from": 263.761023,
                    "to": 274.86491373170736
                }
            },
            {
                "time": {
                    "start": "2017-10-24T18:30:34.164Z",
                    "end": "2017-10-24T18:31:10.845Z"
                },
                "type": "SCRUB",
                "source": "data:drag",
                "_t": "12:30:34",
                "_end": "12:31:10",
                "data": {
                    "time": 274.864913
                }
            },
            {
                "time": {
                    "start": "2017-10-24T18:30:34.164Z",
                    "end": "2017-10-24T18:31:11.862Z"
                },
                "type": "SCRUB",
                "source": "data:drag",
                "_t": "12:30:34",
                "_end": "12:31:11",
                "data": {
                    "time": 274.864913
                }
            },
            {
                "time": {
                    "start": "2017-10-24T18:30:34.164Z",
                    "end": "2017-10-24T18:31:11.989Z"
                },
                "type": "SCRUB",
                "source": "data:drag",
                "_t": "12:30:34",
                "_end": "12:31:11",
                "data": {
                    "time": 274.864913
                }
            },
            {
                "time": "2017-10-24T18:31:11.994Z",
                "type": "JUMP",
                "source": "data:dblclick:h_pos",
                "_t": "12:31:11",
                "_end": "-",
                "data": {
                    "from": 274.864913,
                    "to": 323.56811690243904
                }
            },
            {
                "time": {
                    "start": "2017-10-24T18:30:34.164Z",
                    "end": "2017-10-24T18:31:14.164Z"
                },
                "type": "SCRUB",
                "source": "data:drag",
                "_t": "12:30:34",
                "_end": "12:31:14",
                "data": {
                    "time": 323.568116
                }
            },
            {
                "time": {
                    "start": "2017-10-24T18:30:34.164Z",
                    "end": "2017-10-24T18:31:14.309Z"
                },
                "type": "SCRUB",
                "source": "data:drag",
                "_t": "12:30:34",
                "_end": "12:31:14",
                "data": {
                    "time": 323.568116
                }
            },
            {
                "time": "2017-10-24T18:31:14.312Z",
                "type": "JUMP",
                "source": "data:dblclick:h_pos",
                "_t": "12:31:14",
                "_end": "-",
                "data": {
                    "from": 323.568116,
                    "to": 383.1553316097561
                }
            },
            {
                "time": {
                    "start": "2017-10-24T18:30:34.164Z",
                    "end": "2017-10-24T18:31:17.718Z"
                },
                "type": "SCRUB",
                "source": "data:drag",
                "_t": "12:30:34",
                "_end": "12:31:17",
                "data": {
                    "time": 383.155331
                }
            },
            {
                "time": {
                    "start": "2017-10-24T18:30:34.164Z",
                    "end": "2017-10-24T18:31:18.686Z"
                },
                "type": "SCRUB",
                "source": "data:drag",
                "_t": "12:30:34",
                "_end": "12:31:18",
                "data": {
                    "time": 383.155331
                }
            },
            {
                "time": {
                    "start": "2017-10-24T18:30:34.164Z",
                    "end": "2017-10-24T18:31:18.822Z"
                },
                "type": "SCRUB",
                "source": "data:drag",
                "_t": "12:30:34",
                "_end": "12:31:18",
                "data": {
                    "time": 383.155331
                }
            },
            {
                "time": "2017-10-24T18:31:18.827Z",
                "type": "JUMP",
                "source": "data:dblclick:h_pos",
                "_t": "12:31:18",
                "_end": "-",
                "data": {
                    "from": 383.155331,
                    "to": 427.02119636585365
                }
            },
            {
                "time": {
                    "start": "2017-10-24T18:30:34.164Z",
                    "end": "2017-10-24T18:31:21.302Z"
                },
                "type": "SCRUB",
                "source": "data:drag",
                "_t": "12:30:34",
                "_end": "12:31:21",
                "data": {
                    "time": 427.021196
                }
            },
            {
                "time": {
                    "start": "2017-10-24T18:30:34.164Z",
                    "end": "2017-10-24T18:31:21.437Z"
                },
                "type": "SCRUB",
                "source": "data:drag",
                "_t": "12:30:34",
                "_end": "12:31:21",
                "data": {
                    "time": 427.021196
                }
            },
            {
                "time": "2017-10-24T18:31:21.443Z",
                "type": "JUMP",
                "source": "data:dblclick:h_pos",
                "_t": "12:31:21",
                "_end": "-",
                "data": {
                    "from": 427.021196,
                    "to": 484.6295003902439
                }
            },
            {
                "time": {
                    "start": "2017-10-24T18:30:34.164Z",
                    "end": "2017-10-24T18:31:24.006Z"
                },
                "type": "SCRUB",
                "source": "data:drag",
                "_t": "12:30:34",
                "_end": "12:31:24",
                "data": {
                    "time": 484.6295
                }
            },
            {
                "time": {
                    "start": "2017-10-24T18:30:34.164Z",
                    "end": "2017-10-24T18:31:25.934Z"
                },
                "type": "SCRUB",
                "source": "data:drag",
                "_t": "12:30:34",
                "_end": "12:31:25",
                "data": {
                    "time": 484.6295
                }
            },
            {
                "time": {
                    "start": "2017-10-24T18:30:34.164Z",
                    "end": "2017-10-24T18:31:26.078Z"
                },
                "type": "SCRUB",
                "source": "data:drag",
                "_t": "12:30:34",
                "_end": "12:31:26",
                "data": {
                    "time": 484.6295
                }
            },
            {
                "time": "2017-10-24T18:31:26.083Z",
                "type": "JUMP",
                "source": "data:dblclick:h_pos",
                "_t": "12:31:26",
                "_end": "-",
                "data": {
                    "from": 484.6295,
                    "to": 525.6369380487805
                }
            },
            {
                "time": {
                    "start": "2017-10-24T18:30:34.164Z",
                    "end": "2017-10-24T18:31:28.619Z"
                },
                "type": "SCRUB",
                "source": "data:drag",
                "_t": "12:30:34",
                "_end": "12:31:28",
                "data": {
                    "time": 525.636938
                }
            },
            {
                "time": {
                    "start": "2017-10-24T18:30:34.164Z",
                    "end": "2017-10-24T18:31:30.086Z"
                },
                "type": "SCRUB",
                "source": "data:drag",
                "_t": "12:30:34",
                "_end": "12:31:30",
                "data": {
                    "time": 525.636938
                }
            },
            {
                "time": {
                    "start": "2017-10-24T18:30:34.164Z",
                    "end": "2017-10-24T18:31:30.230Z"
                },
                "type": "SCRUB",
                "source": "data:drag",
                "_t": "12:30:34",
                "_end": "12:31:30",
                "data": {
                    "time": 525.636938
                }
            },
            {
                "time": "2017-10-24T18:31:30.236Z",
                "type": "JUMP",
                "source": "data:dblclick:h_pos",
                "_t": "12:31:30",
                "_end": "-",
                "data": {
                    "from": 525.636938,
                    "to": 549.9335701951219
                }
            },
            {
                "time": {
                    "start": "2017-10-24T18:30:34.164Z",
                    "end": "2017-10-24T18:31:34.758Z"
                },
                "type": "SCRUB",
                "source": "data:drag",
                "_t": "12:30:34",
                "_end": "12:31:34",
                "data": {
                    "time": 549.93357
                }
            },
            {
                "time": {
                    "start": "2017-10-24T18:30:34.164Z",
                    "end": "2017-10-24T18:31:36.326Z"
                },
                "type": "SCRUB",
                "source": "data:drag",
                "_t": "12:30:34",
                "_end": "12:31:36",
                "data": {
                    "time": 549.93357
                }
            },
            {
                "time": {
                    "start": "2017-10-24T18:30:34.164Z",
                    "end": "2017-10-24T18:31:36.462Z"
                },
                "type": "SCRUB",
                "source": "data:drag",
                "_t": "12:30:34",
                "_end": "12:31:36",
                "data": {
                    "time": 549.93357
                }
            },
            {
                "time": "2017-10-24T18:31:36.468Z",
                "type": "JUMP",
                "source": "data:dblclick:h_pos",
                "_t": "12:31:36",
                "_end": "-",
                "data": {
                    "from": 549.93357,
                    "to": 577.858206097561
                }
            },
            {
                "time": {
                    "start": "2017-10-24T18:30:34.164Z",
                    "end": "2017-10-24T18:31:40.461Z"
                },
                "type": "SCRUB",
                "source": "data:drag",
                "_t": "12:30:34",
                "_end": "12:31:40",
                "data": {
                    "time": 577.858206
                }
            },
            {
                "time": {
                    "start": "2017-10-24T18:30:34.164Z",
                    "end": "2017-10-24T18:31:41.302Z"
                },
                "type": "SCRUB",
                "source": "data:drag",
                "_t": "12:30:34",
                "_end": "12:31:41",
                "data": {
                    "time": 577.858206
                }
            },
            {
                "time": {
                    "start": "2017-10-24T18:30:34.164Z",
                    "end": "2017-10-24T18:31:41.421Z"
                },
                "type": "SCRUB",
                "source": "data:drag",
                "_t": "12:30:34",
                "_end": "12:31:41",
                "data": {
                    "time": 577.858206
                }
            },
            {
                "time": "2017-10-24T18:31:41.427Z",
                "type": "JUMP",
                "source": "data:dblclick:h_pos",
                "_t": "12:31:41",
                "_end": "-",
                "data": {
                    "from": 577.858206,
                    "to": 627.2210469756097
                }
            },
            {
                "time": {
                    "start": "2017-10-24T18:30:34.164Z",
                    "end": "2017-10-24T18:31:44.918Z"
                },
                "type": "SCRUB",
                "source": "data:drag",
                "_t": "12:30:34",
                "_end": "12:31:44",
                "data": {
                    "time": 627.221046
                }
            },
            {
                "time": {
                    "start": "2017-10-24T18:30:34.164Z",
                    "end": "2017-10-24T18:31:45.125Z"
                },
                "type": "SCRUB",
                "source": "data:drag",
                "_t": "12:30:34",
                "_end": "12:31:45",
                "data": {
                    "time": 627.111106
                }
            },
            {
                "time": {
                    "start": "2017-10-24T18:30:34.164Z",
                    "end": "2017-10-24T18:31:46.175Z"
                },
                "type": "SCRUB",
                "source": "data:drag",
                "_t": "12:30:34",
                "_end": "12:31:46",
                "data": {
                    "time": 627.111106
                }
            },
            {
                "time": {
                    "start": "2017-10-24T18:30:34.164Z",
                    "end": "2017-10-24T18:31:46.303Z"
                },
                "type": "SCRUB",
                "source": "data:drag",
                "_t": "12:30:34",
                "_end": "12:31:46",
                "data": {
                    "time": 627.111106
                }
            },
            {
                "time": "2017-10-24T18:31:46.308Z",
                "type": "JUMP",
                "source": "data:dblclick:h_pos",
                "_t": "12:31:46",
                "_end": "-",
                "data": {
                    "from": 627.111106,
                    "to": 652.4521635609756
                }
            },
            {
                "time": {
                    "start": "2017-10-24T18:30:34.164Z",
                    "end": "2017-10-24T18:31:53.238Z"
                },
                "type": "SCRUB",
                "source": "data:drag",
                "_t": "12:30:34",
                "_end": "12:31:53",
                "data": {
                    "time": 652.452163
                }
            },
            {
                "time": {
                    "start": "2017-10-24T18:30:34.164Z",
                    "end": "2017-10-24T18:31:54.990Z"
                },
                "type": "SCRUB",
                "source": "data:drag",
                "_t": "12:30:34",
                "_end": "12:31:54",
                "data": {
                    "time": 652.452163
                }
            },
            {
                "time": {
                    "start": "2017-10-24T18:30:34.164Z",
                    "end": "2017-10-24T18:31:55.142Z"
                },
                "type": "SCRUB",
                "source": "data:drag",
                "_t": "12:30:34",
                "_end": "12:31:55",
                "data": {
                    "time": 652.452163
                }
            },
            {
                "time": "2017-10-24T18:31:55.147Z",
                "type": "JUMP",
                "source": "data:dblclick:h_pos",
                "_t": "12:31:55",
                "_end": "-",
                "data": {
                    "from": 652.452163,
                    "to": 634.8068712926829
                }
            },
            {
                "time": {
                    "start": "2017-10-24T18:30:34.164Z",
                    "end": "2017-10-24T18:31:56.998Z"
                },
                "type": "SCRUB",
                "source": "data:drag",
                "_t": "12:30:34",
                "_end": "12:31:56",
                "data": {
                    "time": 634.806871
                }
            },
            {
                "time": {
                    "start": "2017-10-24T18:30:34.164Z",
                    "end": "2017-10-24T18:31:57.143Z"
                },
                "type": "SCRUB",
                "source": "data:drag",
                "_t": "12:30:34",
                "_end": "12:31:57",
                "data": {
                    "time": 634.806871
                }
            },
            {
                "time": "2017-10-24T18:31:57.149Z",
                "type": "JUMP",
                "source": "data:dblclick:h_pos",
                "_t": "12:31:57",
                "_end": "-",
                "data": {
                    "from": 634.806871,
                    "to": 606.5524163658538
                }
            },
            {
                "time": {
                    "start": "2017-10-24T18:30:34.164Z",
                    "end": "2017-10-24T18:32:02.342Z"
                },
                "type": "SCRUB",
                "source": "data:drag",
                "_t": "12:30:34",
                "_end": "12:32:02",
                "data": {
                    "time": 606.552416
                }
            },
            {
                "time": {
                    "start": "2017-10-24T18:30:34.164Z",
                    "end": "2017-10-24T18:32:02.479Z"
                },
                "type": "SCRUB",
                "source": "data:drag",
                "_t": "12:30:34",
                "_end": "12:32:02",
                "data": {
                    "time": 606.552416
                }
            },
            {
                "time": "2017-10-24T18:32:02.485Z",
                "type": "JUMP",
                "source": "data:dblclick:h_pos",
                "_t": "12:32:02",
                "_end": "-",
                "data": {
                    "from": 606.552416,
                    "to": 563.6760062439025
                }
            },
            {
                "time": {
                    "start": "2017-10-24T18:30:34.164Z",
                    "end": "2017-10-24T18:32:04.759Z"
                },
                "type": "SCRUB",
                "source": "data:drag",
                "_t": "12:30:34",
                "_end": "12:32:04",
                "data": {
                    "time": 563.676006
                }
            },
            {
                "time": {
                    "start": "2017-10-24T18:30:34.164Z",
                    "end": "2017-10-24T18:32:04.886Z"
                },
                "type": "SCRUB",
                "source": "data:drag",
                "_t": "12:30:34",
                "_end": "12:32:04",
                "data": {
                    "time": 563.676006
                }
            },
            {
                "time": "2017-10-24T18:32:04.889Z",
                "type": "JUMP",
                "source": "data:dblclick:h_pos",
                "_t": "12:32:04",
                "_end": "-",
                "data": {
                    "from": 563.676006,
                    "to": 607.3219923414636
                }
            },
            {
                "time": {
                    "start": "2017-10-24T18:30:34.164Z",
                    "end": "2017-10-24T18:32:25.135Z"
                },
                "type": "SCRUB",
                "source": "data:drag",
                "_t": "12:30:34",
                "_end": "12:32:25",
                "data": {
                    "time": 607.321992
                }
            },
            {
                "time": {
                    "start": "2017-10-24T18:30:34.164Z",
                    "end": "2017-10-24T18:32:28.876Z"
                },
                "type": "SCRUB",
                "source": "data:drag",
                "_t": "12:30:34",
                "_end": "12:32:28",
                "data": {
                    "time": 613.203755
                }
            },
            {
                "time": {
                    "start": "2017-10-24T18:30:34.164Z",
                    "end": "2017-10-24T18:32:29.534Z"
                },
                "type": "SCRUB",
                "source": "data:drag",
                "_t": "12:30:34",
                "_end": "12:32:29",
                "data": {
                    "time": 613.203755
                }
            },
            {
                "time": {
                    "start": "2017-10-24T18:30:34.164Z",
                    "end": "2017-10-24T18:32:30.350Z"
                },
                "type": "SCRUB",
                "source": "data:drag",
                "_t": "12:30:34",
                "_end": "12:32:30",
                "data": {
                    "time": 613.203755
                }
            },
            {
                "time": {
                    "start": "2017-10-24T18:30:34.164Z",
                    "end": "2017-10-24T18:32:33.175Z"
                },
                "type": "SCRUB",
                "source": "data:drag",
                "_t": "12:30:34",
                "_end": "12:32:33",
                "data": {
                    "time": 613.203755
                }
            },
            {
                "time": {
                    "start": "2017-10-24T18:30:34.164Z",
                    "end": "2017-10-24T18:32:39.335Z"
                },
                "type": "SCRUB",
                "source": "data:drag",
                "_t": "12:30:34",
                "_end": "12:32:39",
                "data": {
                    "time": 613.148785
                }
            },
            {
                "time": "2017-10-24T18:32:49.783Z",
                "type": "PAUSE",
                "source": "video:button",
                "_t": "12:32:49",
                "_end": "-"
            },
            {
                "time": {
                    "start": "2017-10-24T18:30:34.164Z",
                    "end": "2017-10-24T18:32:56.007Z"
                },
                "type": "SCRUB",
                "source": "data:drag",
                "_t": "12:30:34",
                "_end": "12:32:56",
                "data": {
                    "time": 617.070971
                }
            },
            {
                "time": {
                    "start": "2017-10-24T18:30:34.164Z",
                    "end": "2017-10-24T18:32:56.151Z"
                },
                "type": "SCRUB",
                "source": "data:drag",
                "_t": "12:30:34",
                "_end": "12:32:56",
                "data": {
                    "time": 617.070971
                }
            },
            {
                "time": "2017-10-24T18:32:56.158Z",
                "type": "JUMP",
                "source": "data:dblclick:h_pos",
                "_t": "12:32:56",
                "_end": "-",
                "data": {
                    "from": 617.070971,
                    "to": 558.8030295365854
                }
            },
            {
                "time": {
                    "start": "2017-10-24T18:30:34.164Z",
                    "end": "2017-10-24T18:33:00.039Z"
                },
                "type": "SCRUB",
                "source": "data:drag",
                "_t": "12:30:34",
                "_end": "12:33:00",
                "data": {
                    "time": 558.803029
                }
            },
            {
                "time": {
                    "start": "2017-10-24T18:30:34.164Z",
                    "end": "2017-10-24T18:33:00.567Z"
                },
                "type": "SCRUB",
                "source": "data:drag",
                "_t": "12:30:34",
                "_end": "12:33:00",
                "data": {
                    "time": 558.803029
                }
            },
            {
                "time": {
                    "start": "2017-10-24T18:30:34.164Z",
                    "end": "2017-10-24T18:33:00.703Z"
                },
                "type": "SCRUB",
                "source": "data:drag",
                "_t": "12:30:34",
                "_end": "12:33:00",
                "data": {
                    "time": 558.803029
                }
            },
            {
                "time": "2017-10-24T18:33:00.710Z",
                "type": "JUMP",
                "source": "data:dblclick:h_pos",
                "_t": "12:33:00",
                "_end": "-",
                "data": {
                    "from": 558.803029,
                    "to": 601.5145294878048
                }
            },
            {
                "time": {
                    "start": "2017-10-24T18:30:34.164Z",
                    "end": "2017-10-24T18:33:03.015Z"
                },
                "type": "SCRUB",
                "source": "data:drag",
                "_t": "12:30:34",
                "_end": "12:33:03",
                "data": {
                    "time": 601.514529
                }
            },
            {
                "time": {
                    "start": "2017-10-24T18:30:34.164Z",
                    "end": "2017-10-24T18:33:03.159Z"
                },
                "type": "SCRUB",
                "source": "data:drag",
                "_t": "12:30:34",
                "_end": "12:33:03",
                "data": {
                    "time": 601.514529
                }
            },
            {
                "time": "2017-10-24T18:33:03.165Z",
                "type": "JUMP",
                "source": "data:dblclick:h_pos",
                "_t": "12:33:03",
                "_end": "-",
                "data": {
                    "from": 601.514529,
                    "to": 563.3105485121952
                }
            },
            {
                "time": {
                    "start": "2017-10-24T18:30:34.164Z",
                    "end": "2017-10-24T18:33:04.479Z"
                },
                "type": "SCRUB",
                "source": "data:drag",
                "_t": "12:30:34",
                "_end": "12:33:04",
                "data": {
                    "time": 563.310548
                }
            },
            {
                "time": {
                    "start": "2017-10-24T18:30:34.164Z",
                    "end": "2017-10-24T18:33:04.631Z"
                },
                "type": "SCRUB",
                "source": "data:drag",
                "_t": "12:30:34",
                "_end": "12:33:04",
                "data": {
                    "time": 563.310548
                }
            },
            {
                "time": "2017-10-24T18:33:04.638Z",
                "type": "JUMP",
                "source": "data:dblclick:h_pos",
                "_t": "12:33:04",
                "_end": "-",
                "data": {
                    "from": 563.310548,
                    "to": 520.4341382439026
                }
            },
            {
                "time": {
                    "start": "2017-10-24T18:30:34.164Z",
                    "end": "2017-10-24T18:33:06.135Z"
                },
                "type": "SCRUB",
                "source": "data:drag",
                "_t": "12:30:34",
                "_end": "12:33:06",
                "data": {
                    "time": 520.434137
                }
            },
            {
                "time": {
                    "start": "2017-10-24T18:30:34.164Z",
                    "end": "2017-10-24T18:33:06.279Z"
                },
                "type": "SCRUB",
                "source": "data:drag",
                "_t": "12:30:34",
                "_end": "12:33:06",
                "data": {
                    "time": 520.434137
                }
            },
            {
                "time": "2017-10-24T18:33:06.284Z",
                "type": "JUMP",
                "source": "data:dblclick:h_pos",
                "_t": "12:33:06",
                "_end": "-",
                "data": {
                    "from": 520.434137,
                    "to": 479.4266989512195
                }
            },
            {
                "time": {
                    "start": "2017-10-24T18:30:34.164Z",
                    "end": "2017-10-24T18:33:07.599Z"
                },
                "type": "SCRUB",
                "source": "data:drag",
                "_t": "12:30:34",
                "_end": "12:33:07",
                "data": {
                    "time": 479.426698
                }
            },
            {
                "time": {
                    "start": "2017-10-24T18:30:34.164Z",
                    "end": "2017-10-24T18:33:07.776Z"
                },
                "type": "SCRUB",
                "source": "data:drag",
                "_t": "12:30:34",
                "_end": "12:33:07",
                "data": {
                    "time": 479.426698
                }
            },
            {
                "time": {
                    "start": "2017-10-24T18:30:34.164Z",
                    "end": "2017-10-24T18:33:08.895Z"
                },
                "type": "SCRUB",
                "source": "data:drag",
                "_t": "12:30:34",
                "_end": "12:33:08",
                "data": {
                    "time": 479.426698
                }
            },
            {
                "time": {
                    "start": "2017-10-24T18:30:34.164Z",
                    "end": "2017-10-24T18:33:09.023Z"
                },
                "type": "SCRUB",
                "source": "data:drag",
                "_t": "12:30:34",
                "_end": "12:33:09",
                "data": {
                    "time": 479.426698
                }
            },
            {
                "time": "2017-10-24T18:33:09.030Z",
                "type": "JUMP",
                "source": "data:dblclick:h_pos",
                "_t": "12:33:09",
                "_end": "-",
                "data": {
                    "from": 479.426698,
                    "to": 422.093242390244
                }
            },
            {
                "time": {
                    "start": "2017-10-24T18:30:34.164Z",
                    "end": "2017-10-24T18:33:10.423Z"
                },
                "type": "SCRUB",
                "source": "data:drag",
                "_t": "12:30:34",
                "_end": "12:33:10",
                "data": {
                    "time": 422.093242
                }
            },
            {
                "time": {
                    "start": "2017-10-24T18:30:34.164Z",
                    "end": "2017-10-24T18:33:10.551Z"
                },
                "type": "SCRUB",
                "source": "data:drag",
                "_t": "12:30:34",
                "_end": "12:33:10",
                "data": {
                    "time": 422.093242
                }
            },
            {
                "time": "2017-10-24T18:33:10.558Z",
                "type": "JUMP",
                "source": "data:dblclick:h_pos",
                "_t": "12:33:10",
                "_end": "-",
                "data": {
                    "from": 422.093242,
                    "to": 371.19124785365864
                }
            },
            {
                "time": {
                    "start": "2017-10-24T18:30:34.164Z",
                    "end": "2017-10-24T18:33:11.792Z"
                },
                "type": "SCRUB",
                "source": "data:drag",
                "_t": "12:30:34",
                "_end": "12:33:11",
                "data": {
                    "time": 371.191247
                }
            },
            {
                "time": {
                    "start": "2017-10-24T18:30:34.164Z",
                    "end": "2017-10-24T18:33:11.935Z"
                },
                "type": "SCRUB",
                "source": "data:drag",
                "_t": "12:30:34",
                "_end": "12:33:11",
                "data": {
                    "time": 371.191247
                }
            },
            {
                "time": "2017-10-24T18:33:11.942Z",
                "type": "JUMP",
                "source": "data:dblclick:h_pos",
                "_t": "12:33:11",
                "_end": "-",
                "data": {
                    "from": 371.191247,
                    "to": 312.5934870000001
                }
            },
            {
                "time": {
                    "start": "2017-10-24T18:30:34.164Z",
                    "end": "2017-10-24T18:33:13.152Z"
                },
                "type": "SCRUB",
                "source": "data:drag",
                "_t": "12:30:34",
                "_end": "12:33:13",
                "data": {
                    "time": 312.593487
                }
            },
            {
                "time": {
                    "start": "2017-10-24T18:30:34.164Z",
                    "end": "2017-10-24T18:33:13.295Z"
                },
                "type": "SCRUB",
                "source": "data:drag",
                "_t": "12:30:34",
                "_end": "12:33:13",
                "data": {
                    "time": 312.593487
                }
            },
            {
                "time": "2017-10-24T18:33:13.301Z",
                "type": "JUMP",
                "source": "data:dblclick:h_pos",
                "_t": "12:33:13",
                "_end": "-",
                "data": {
                    "from": 312.593487,
                    "to": 256.74421480487814
                }
            },
            {
                "time": {
                    "start": "2017-10-24T18:30:34.164Z",
                    "end": "2017-10-24T18:33:14.438Z"
                },
                "type": "SCRUB",
                "source": "data:drag",
                "_t": "12:30:34",
                "_end": "12:33:14",
                "data": {
                    "time": 256.744214
                }
            },
            {
                "time": {
                    "start": "2017-10-24T18:30:34.164Z",
                    "end": "2017-10-24T18:33:14.559Z"
                },
                "type": "SCRUB",
                "source": "data:drag",
                "_t": "12:30:34",
                "_end": "12:33:14",
                "data": {
                    "time": 256.744214
                }
            },
            {
                "time": "2017-10-24T18:33:14.566Z",
                "type": "JUMP",
                "source": "data:dblclick:h_pos",
                "_t": "12:33:14",
                "_end": "-",
                "data": {
                    "from": 256.744214,
                    "to": 198.69615156097572
                }
            },
            {
                "time": {
                    "start": "2017-10-24T18:30:34.164Z",
                    "end": "2017-10-24T18:33:15.687Z"
                },
                "type": "SCRUB",
                "source": "data:drag",
                "_t": "12:30:34",
                "_end": "12:33:15",
                "data": {
                    "time": 198.696151
                }
            },
            {
                "time": {
                    "start": "2017-10-24T18:30:34.164Z",
                    "end": "2017-10-24T18:33:15.832Z"
                },
                "type": "SCRUB",
                "source": "data:drag",
                "_t": "12:30:34",
                "_end": "12:33:15",
                "data": {
                    "time": 198.696151
                }
            },
            {
                "time": "2017-10-24T18:33:15.838Z",
                "type": "JUMP",
                "source": "data:dblclick:h_pos",
                "_t": "12:33:15",
                "_end": "-",
                "data": {
                    "from": 198.696151,
                    "to": 140.59311880487815
                }
            },
            {
                "time": {
                    "start": "2017-10-24T18:30:34.164Z",
                    "end": "2017-10-24T18:33:16.800Z"
                },
                "type": "SCRUB",
                "source": "data:drag",
                "_t": "12:30:34",
                "_end": "12:33:16",
                "data": {
                    "time": 140.593118
                }
            },
            {
                "time": {
                    "start": "2017-10-24T18:30:34.164Z",
                    "end": "2017-10-24T18:33:16.943Z"
                },
                "type": "SCRUB",
                "source": "data:drag",
                "_t": "12:30:34",
                "_end": "12:33:16",
                "data": {
                    "time": 140.593118
                }
            },
            {
                "time": "2017-10-24T18:33:16.948Z",
                "type": "JUMP",
                "source": "data:dblclick:h_pos",
                "_t": "12:33:16",
                "_end": "-",
                "data": {
                    "from": 140.593118,
                    "to": 82.49008580487815
                }
            },
            {
                "time": {
                    "start": "2017-10-24T18:30:34.164Z",
                    "end": "2017-10-24T18:33:18.895Z"
                },
                "type": "SCRUB",
                "source": "data:drag",
                "_t": "12:30:34",
                "_end": "12:33:18",
                "data": {
                    "time": 82.490085
                }
            },
            {
                "time": {
                    "start": "2017-10-24T18:30:34.164Z",
                    "end": "2017-10-24T18:33:19.040Z"
                },
                "type": "SCRUB",
                "source": "data:drag",
                "_t": "12:30:34",
                "_end": "12:33:19",
                "data": {
                    "time": 82.490085
                }
            },
            {
                "time": "2017-10-24T18:33:19.046Z",
                "type": "JUMP",
                "source": "data:dblclick:h_pos",
                "_t": "12:33:19",
                "_end": "-",
                "data": {
                    "from": 82.490085,
                    "to": 20.319290853658643
                }
            }
        ]
    }
}