{
    "user_id": "025",
    "session_id": "59ef90a75efd4d725417b86c",
    "study": "studyA",
    "workspace": "newrun.run-thurs-six-finally",
    "details": {
        "workspace": "newrun.run-thurs-six-finally",
        "labels": [
            {
                "time": 22.91532,
                "endTime": 26.59829365853673,
                "type": "run",
                "id": 1
            },
            {
                "time": 48.146438,
                "endTime": 55.34747604878076,
                "type": "skip",
                "id": 2
            },
            {
                "time": 274.84171,
                "endTime": 283.6918407317153,
                "type": "skip",
                "id": 3
            },
            {
                "time": 383.187098,
                "endTime": 386.2654043414635,
                "type": "run",
                "id": 4
            },
            {
                "time": 484.661266,
                "endTime": 488.34423965853676,
                "type": "run",
                "id": 5
            },
            {
                "time": 525.833613,
                "endTime": 533.9691369024393,
                "type": "skip",
                "id": 6
            },
            {
                "time": 549.855396,
                "endTime": 553.3184906341405,
                "type": "run",
                "id": 7
            },
            {
                "time": 577.999911,
                "endTime": 586.7401022194974,
                "type": "skip",
                "id": 8
            },
            {
                "time": 652.5389,
                "endTime": 654.6277507317038,
                "type": "run",
                "id": 9
            }
        ],
        "_starts": [
            "2017-10-24T19:25:08.000Z"
        ],
        "_ends": [
            "2017-10-24T19:27:20.660Z"
        ]
    },
    "labels_file": "/home/ubuntu/vat/data/user-studies/studyA/run-yellow/025.labels.json",
    "videoFlash": 3.918989,
    "surveys": {
        "user-info": {
            "firstname": "Sterling",
            "lastname": "Suggs",
            "email": "jsmitherson2@gmail.com"
        },
        "practice-first": {
            "question1": "1",
            "question2": "ok",
            "question3": "70",
            "question4": "1"
        },
        "practice-second": {},
        "practice-third": {},
        "practice-survey": {},
        "run-blue": {
            "question1": "2",
            "question2": "2",
            "question3": "100",
            "question4": "100"
        }
    },
    "logs": {
        "labelEvents": [
            {
                "time": "2017-10-24T19:25:30.961Z",
                "type": "START",
                "source": "hotkey",
                "_t": "13:25:30",
                "_end": "-",
                "data": {
                    "type": "run",
                    "time": 22.91532
                }
            },
            {
                "time": "2017-10-24T19:25:32.314Z",
                "type": "END",
                "source": "data:click:h_pos",
                "_t": "13:25:32",
                "_end": "-",
                "data": {
                    "lbl": {
                        "time": 22.91532,
                        "endTime": 26.59829365853673,
                        "type": "run",
                        "id": 1
                    }
                }
            },
            {
                "time": "2017-10-24T19:25:34.913Z",
                "type": "START",
                "source": "hotkey",
                "_t": "13:25:34",
                "_end": "-",
                "data": {
                    "type": "skip",
                    "time": 48.146438
                }
            },
            {
                "time": "2017-10-24T19:25:37.426Z",
                "type": "END",
                "source": "data:click:h_pos",
                "_t": "13:25:37",
                "_end": "-",
                "data": {
                    "lbl": {
                        "time": 48.146438,
                        "endTime": 55.34747604878076,
                        "type": "skip",
                        "id": 2
                    }
                }
            },
            {
                "time": "2017-10-24T19:25:47.410Z",
                "type": "START",
                "source": "hotkey",
                "_t": "13:25:47",
                "_end": "-",
                "data": {
                    "type": "skip",
                    "time": 274.84171
                }
            },
            {
                "time": "2017-10-24T19:25:49.298Z",
                "type": "END",
                "source": "data:click:h_pos",
                "_t": "13:25:49",
                "_end": "-",
                "data": {
                    "lbl": {
                        "time": 274.84171,
                        "endTime": 283.6918407317153,
                        "type": "skip",
                        "id": 3
                    }
                }
            },
            {
                "time": "2017-10-24T19:25:54.017Z",
                "type": "START",
                "source": "hotkey",
                "_t": "13:25:54",
                "_end": "-",
                "data": {
                    "type": "run",
                    "time": 383.187098
                }
            },
            {
                "time": "2017-10-24T19:25:56.474Z",
                "type": "END",
                "source": "data:click:h_pos",
                "_t": "13:25:56",
                "_end": "-",
                "data": {
                    "lbl": {
                        "time": 383.187098,
                        "endTime": 386.2654043414635,
                        "type": "run",
                        "id": 4
                    }
                }
            },
            {
                "time": "2017-10-24T19:26:06.354Z",
                "type": "START",
                "source": "hotkey",
                "_t": "13:26:06",
                "_end": "-",
                "data": {
                    "type": "run",
                    "time": 484.661266
                }
            },
            {
                "time": "2017-10-24T19:26:08.099Z",
                "type": "END",
                "source": "data:click:h_pos",
                "_t": "13:26:08",
                "_end": "-",
                "data": {
                    "lbl": {
                        "time": 484.661266,
                        "endTime": 488.34423965853676,
                        "type": "run",
                        "id": 5
                    }
                }
            },
            {
                "time": "2017-10-24T19:26:14.721Z",
                "type": "START",
                "source": "hotkey",
                "_t": "13:26:14",
                "_end": "-",
                "data": {
                    "type": "skip",
                    "time": 525.833613
                }
            },
            {
                "time": "2017-10-24T19:26:16.131Z",
                "type": "END",
                "source": "data:click:h_pos",
                "_t": "13:26:16",
                "_end": "-",
                "data": {
                    "lbl": {
                        "time": 525.833613,
                        "endTime": 533.9691369024393,
                        "type": "skip",
                        "id": 6
                    }
                }
            },
            {
                "time": "2017-10-24T19:26:20.273Z",
                "type": "START",
                "source": "hotkey",
                "_t": "13:26:20",
                "_end": "-",
                "data": {
                    "type": "run",
                    "time": 549.855396
                }
            },
            {
                "time": "2017-10-24T19:26:21.883Z",
                "type": "END",
                "source": "data:click:h_pos",
                "_t": "13:26:21",
                "_end": "-",
                "data": {
                    "lbl": {
                        "time": 549.855396,
                        "endTime": 553.3184906341405,
                        "type": "run",
                        "id": 7
                    }
                }
            },
            {
                "time": "2017-10-24T19:26:26.096Z",
                "type": "START",
                "source": "hotkey",
                "_t": "13:26:26",
                "_end": "-",
                "data": {
                    "type": "skip",
                    "time": 577.999911
                }
            },
            {
                "time": "2017-10-24T19:26:27.571Z",
                "type": "END",
                "source": "data:click:h_pos",
                "_t": "13:26:27",
                "_end": "-",
                "data": {
                    "lbl": {
                        "time": 577.999911,
                        "endTime": 586.7401022194974,
                        "type": "skip",
                        "id": 8
                    }
                }
            },
            {
                "time": "2017-10-24T19:26:39.747Z",
                "type": "START",
                "source": "hotkey",
                "_t": "13:26:39",
                "_end": "-",
                "data": {
                    "type": "skip",
                    "time": 652.5389
                }
            },
            {
                "time": "2017-10-24T19:26:41.364Z",
                "type": "END",
                "source": "data:click:h_pos",
                "_t": "13:26:41",
                "_end": "-",
                "data": {
                    "lbl": {
                        "time": 652.5389,
                        "endTime": 654.6277507317038,
                        "type": "run",
                        "id": 9
                    }
                }
            },
            {
                "time": "2017-10-24T19:27:01.132Z",
                "type": "SELECT",
                "source": "data:click",
                "_t": "13:27:01",
                "_end": "-",
                "data": {
                    "time": 652.5389,
                    "endTime": 654.6277507317038,
                    "type": "run",
                    "id": 9
                }
            },
            {
                "time": "2017-10-24T19:27:03.482Z",
                "type": "START",
                "source": "side-bar:button",
                "_t": "13:27:03",
                "_end": "-",
                "data": {
                    "type": "run",
                    "time": 609.937336
                }
            },
            {
                "time": "2017-10-24T19:27:08.916Z",
                "type": "END",
                "source": "data:click:h_pos",
                "_t": "13:27:08",
                "_end": "-",
                "data": {
                    "lbl": {
                        "time": 609.937336,
                        "endTime": 616.2588571951222,
                        "type": "run",
                        "id": 10
                    }
                }
            },
            {
                "time": "2017-10-24T19:27:09.412Z",
                "type": "SELECT",
                "source": "data:click",
                "_t": "13:27:09",
                "_end": "-",
                "data": {
                    "time": 609.937336,
                    "endTime": 616.2588571951222,
                    "type": "run",
                    "id": 10
                }
            },
            {
                "time": "2017-10-24T19:27:11.193Z",
                "type": "DELETE",
                "source": "side-bar:button",
                "_t": "13:27:11",
                "_end": "-",
                "data": {
                    "id": 10,
                    "idx": 9
                }
            },
            {
                "time": "2017-10-24T19:27:12.564Z",
                "type": "SELECT",
                "source": "data:click",
                "_t": "13:27:12",
                "_end": "-",
                "data": {
                    "time": 652.5389,
                    "endTime": 654.6277507317038,
                    "type": "run",
                    "id": 9
                }
            },
            {
                "time": "2017-10-24T19:27:15.361Z",
                "type": "CHANGE-EVENT-TYPE",
                "source": "side-bar:menu",
                "_t": "13:27:15",
                "_end": "-",
                "data": {
                    "time": 652.5389,
                    "endTime": 654.6277507317038,
                    "type": "skip",
                    "id": 9
                }
            },
            {
                "time": "2017-10-24T19:27:18.003Z",
                "type": "DESELECT",
                "source": "data:click",
                "_t": "13:27:18",
                "_end": "-",
                "data": {
                    "time": 652.5389,
                    "endTime": 654.6277507317038,
                    "type": "run",
                    "id": 9
                }
            }
        ],
        "navigationEvents": [
            {
                "time": "2017-10-24T19:25:27.232Z",
                "type": "PAUSE",
                "source": "hotkey",
                "_t": "13:25:27",
                "_end": "-",
                "data": {
                    "key": "space"
                }
            },
            {
                "time": {
                    "start": "2017-10-24T19:25:08.366Z",
                    "end": "2017-10-24T19:25:29.496Z"
                },
                "type": "SCRUB",
                "source": "data:drag",
                "_t": "13:25:08",
                "_end": "13:25:29",
                "data": {
                    "time": 22.91532
                }
            },
            {
                "time": {
                    "start": "2017-10-24T19:25:08.366Z",
                    "end": "2017-10-24T19:25:32.312Z"
                },
                "type": "SCRUB",
                "source": "data:drag",
                "_t": "13:25:08",
                "_end": "13:25:32",
                "data": {
                    "time": 22.91532
                }
            },
            {
                "time": {
                    "start": "2017-10-24T19:25:08.366Z",
                    "end": "2017-10-24T19:25:34.577Z"
                },
                "type": "SCRUB",
                "source": "data:drag",
                "_t": "13:25:08",
                "_end": "13:25:34",
                "data": {
                    "time": 48.146438
                }
            },
            {
                "time": {
                    "start": "2017-10-24T19:25:08.366Z",
                    "end": "2017-10-24T19:25:37.424Z"
                },
                "type": "SCRUB",
                "source": "data:drag",
                "_t": "13:25:08",
                "_end": "13:25:37",
                "data": {
                    "time": 48.146438
                }
            },
            {
                "time": {
                    "start": "2017-10-24T19:25:08.366Z",
                    "end": "2017-10-24T19:25:38.896Z"
                },
                "type": "SCRUB",
                "source": "data:drag",
                "_t": "13:25:08",
                "_end": "13:25:38",
                "data": {
                    "time": 119.497181
                }
            },
            {
                "time": {
                    "start": "2017-10-24T19:25:08.366Z",
                    "end": "2017-10-24T19:25:40.717Z"
                },
                "type": "SCRUB",
                "source": "data:drag",
                "_t": "13:25:08",
                "_end": "13:25:40",
                "data": {
                    "time": 197.059506
                }
            },
            {
                "time": {
                    "start": "2017-10-24T19:25:08.366Z",
                    "end": "2017-10-24T19:25:46.839Z"
                },
                "type": "SCRUB",
                "source": "data:drag",
                "_t": "13:25:08",
                "_end": "13:25:46",
                "data": {
                    "time": 274.84171
                }
            },
            {
                "time": {
                    "start": "2017-10-24T19:25:08.366Z",
                    "end": "2017-10-24T19:25:49.296Z"
                },
                "type": "SCRUB",
                "source": "data:drag",
                "_t": "13:25:08",
                "_end": "13:25:49",
                "data": {
                    "time": 274.84171
                }
            },
            {
                "time": {
                    "start": "2017-10-24T19:25:08.366Z",
                    "end": "2017-10-24T19:25:51.051Z"
                },
                "type": "SCRUB",
                "source": "data:drag",
                "_t": "13:25:08",
                "_end": "13:25:51",
                "data": {
                    "time": 361.693924
                }
            },
            {
                "time": {
                    "start": "2017-10-24T19:25:08.366Z",
                    "end": "2017-10-24T19:25:53.425Z"
                },
                "type": "SCRUB",
                "source": "data:drag",
                "_t": "13:25:08",
                "_end": "13:25:53",
                "data": {
                    "time": 383.187098
                }
            },
            {
                "time": {
                    "start": "2017-10-24T19:25:08.366Z",
                    "end": "2017-10-24T19:25:56.472Z"
                },
                "type": "SCRUB",
                "source": "data:drag",
                "_t": "13:25:08",
                "_end": "13:25:56",
                "data": {
                    "time": 383.187098
                }
            },
            {
                "time": {
                    "start": "2017-10-24T19:25:08.366Z",
                    "end": "2017-10-24T19:25:57.238Z"
                },
                "type": "SCRUB",
                "source": "data:drag",
                "_t": "13:25:08",
                "_end": "13:25:57",
                "data": {
                    "time": 379.394184
                }
            },
            {
                "time": {
                    "start": "2017-10-24T19:25:08.366Z",
                    "end": "2017-10-24T19:25:58.883Z"
                },
                "type": "SCRUB",
                "source": "data:drag",
                "_t": "13:25:08",
                "_end": "13:25:58",
                "data": {
                    "time": 454.48287
                }
            },
            {
                "time": {
                    "start": "2017-10-24T19:25:08.366Z",
                    "end": "2017-10-24T19:26:05.913Z"
                },
                "type": "SCRUB",
                "source": "data:drag",
                "_t": "13:25:08",
                "_end": "13:26:05",
                "data": {
                    "time": 484.661266
                }
            },
            {
                "time": {
                    "start": "2017-10-24T19:25:08.366Z",
                    "end": "2017-10-24T19:26:08.097Z"
                },
                "type": "SCRUB",
                "source": "data:drag",
                "_t": "13:25:08",
                "_end": "13:26:08",
                "data": {
                    "time": 484.661266
                }
            },
            {
                "time": {
                    "start": "2017-10-24T19:25:08.366Z",
                    "end": "2017-10-24T19:26:13.543Z"
                },
                "type": "SCRUB",
                "source": "data:drag",
                "_t": "13:25:08",
                "_end": "13:26:13",
                "data": {
                    "time": 525.833613
                }
            },
            {
                "time": {
                    "start": "2017-10-24T19:25:08.366Z",
                    "end": "2017-10-24T19:26:16.129Z"
                },
                "type": "SCRUB",
                "source": "data:drag",
                "_t": "13:25:08",
                "_end": "13:26:16",
                "data": {
                    "time": 525.833613
                }
            },
            {
                "time": {
                    "start": "2017-10-24T19:25:08.366Z",
                    "end": "2017-10-24T19:26:19.704Z"
                },
                "type": "SCRUB",
                "source": "data:drag",
                "_t": "13:25:08",
                "_end": "13:26:19",
                "data": {
                    "time": 549.855396
                }
            },
            {
                "time": {
                    "start": "2017-10-24T19:25:08.366Z",
                    "end": "2017-10-24T19:26:21.881Z"
                },
                "type": "SCRUB",
                "source": "data:drag",
                "_t": "13:25:08",
                "_end": "13:26:21",
                "data": {
                    "time": 549.855396
                }
            },
            {
                "time": {
                    "start": "2017-10-24T19:25:08.366Z",
                    "end": "2017-10-24T19:26:25.871Z"
                },
                "type": "SCRUB",
                "source": "data:drag",
                "_t": "13:25:08",
                "_end": "13:26:25",
                "data": {
                    "time": 577.999911
                }
            },
            {
                "time": {
                    "start": "2017-10-24T19:25:08.366Z",
                    "end": "2017-10-24T19:26:27.569Z"
                },
                "type": "SCRUB",
                "source": "data:drag",
                "_t": "13:25:08",
                "_end": "13:26:27",
                "data": {
                    "time": 577.999911
                }
            },
            {
                "time": {
                    "start": "2017-10-24T19:25:08.366Z",
                    "end": "2017-10-24T19:26:39.576Z"
                },
                "type": "SCRUB",
                "source": "data:drag",
                "_t": "13:25:08",
                "_end": "13:26:39",
                "data": {
                    "time": 652.5389
                }
            },
            {
                "time": {
                    "start": "2017-10-24T19:25:08.366Z",
                    "end": "2017-10-24T19:26:41.361Z"
                },
                "type": "SCRUB",
                "source": "data:drag",
                "_t": "13:25:08",
                "_end": "13:26:41",
                "data": {
                    "time": 652.5389
                }
            },
            {
                "time": {
                    "start": "2017-10-24T19:25:08.366Z",
                    "end": "2017-10-24T19:26:43.544Z"
                },
                "type": "SCRUB",
                "source": "data:drag",
                "_t": "13:25:08",
                "_end": "13:26:43",
                "data": {
                    "time": 586.135434
                }
            },
            {
                "time": {
                    "start": "2017-10-24T19:25:08.366Z",
                    "end": "2017-10-24T19:26:46.602Z"
                },
                "type": "SCRUB",
                "source": "data:drag",
                "_t": "13:25:08",
                "_end": "13:26:46",
                "data": {
                    "time": 502.526434
                }
            },
            {
                "time": {
                    "start": "2017-10-24T19:25:08.366Z",
                    "end": "2017-10-24T19:26:55.598Z"
                },
                "type": "SCRUB",
                "source": "data:drag",
                "_t": "13:25:08",
                "_end": "13:26:55",
                "data": {
                    "time": 530.066281
                }
            },
            {
                "time": {
                    "start": "2017-10-24T19:25:08.366Z",
                    "end": "2017-10-24T19:26:57.634Z"
                },
                "type": "SCRUB",
                "source": "data:drag",
                "_t": "13:25:08",
                "_end": "13:26:57",
                "data": {
                    "time": 609.937336
                }
            },
            {
                "time": {
                    "start": "2017-10-24T19:25:08.366Z",
                    "end": "2017-10-24T19:27:01.129Z"
                },
                "type": "SCRUB",
                "source": "data:drag",
                "_t": "13:25:08",
                "_end": "13:27:01",
                "data": {
                    "time": 609.937336
                }
            },
            {
                "time": {
                    "start": "2017-10-24T19:25:08.366Z",
                    "end": "2017-10-24T19:27:07.823Z"
                },
                "type": "SCRUB",
                "source": "data:drag",
                "_t": "13:25:08",
                "_end": "13:27:07",
                "data": {
                    "time": 609.992305
                }
            },
            {
                "time": {
                    "start": "2017-10-24T19:25:08.366Z",
                    "end": "2017-10-24T19:27:08.913Z"
                },
                "type": "SCRUB",
                "source": "data:drag",
                "_t": "13:25:08",
                "_end": "13:27:08",
                "data": {
                    "time": 609.992305
                }
            },
            {
                "time": {
                    "start": "2017-10-24T19:25:08.366Z",
                    "end": "2017-10-24T19:27:09.409Z"
                },
                "type": "SCRUB",
                "source": "data:drag",
                "_t": "13:25:08",
                "_end": "13:27:09",
                "data": {
                    "time": 609.992305
                }
            },
            {
                "time": {
                    "start": "2017-10-24T19:25:08.366Z",
                    "end": "2017-10-24T19:27:12.561Z"
                },
                "type": "SCRUB",
                "source": "data:drag",
                "_t": "13:25:08",
                "_end": "13:27:12",
                "data": {
                    "time": 609.992305
                }
            },
            {
                "time": {
                    "start": "2017-10-24T19:25:08.366Z",
                    "end": "2017-10-24T19:27:18.002Z"
                },
                "type": "SCRUB",
                "source": "data:drag",
                "_t": "13:25:08",
                "_end": "13:27:18",
                "data": {
                    "time": 609.992305
                }
            }
        ]
    }
}