{
    "user_id": "033",
    "session_id": "59efacb65efd4d725417b8c3",
    "study": "studyA",
    "workspace": "newrun.run-thurs-six-finally",
    "details": {
        "workspace": "newrun.run-thurs-six-finally",
        "labels": [
            {
                "time": 23.023195195121943,
                "endTime": 26.475447512195156,
                "type": "run",
                "id": 1
            },
            {
                "time": 48.270225,
                "endTime": 55.246531,
                "type": "skip",
                "id": 2
            },
            {
                "time": 274.746861,
                "endTime": 283.601427,
                "type": "skip",
                "id": 3
            },
            {
                "time": 383.44236,
                "endTime": 386.392441,
                "type": "run",
                "id": 4
            },
            {
                "time": 484.7906436829385,
                "endTime": 488.20688585364303,
                "type": "run",
                "id": 5
            },
            {
                "time": 525.467755,
                "endTime": 533.278426,
                "type": "skip",
                "id": 6
            },
            {
                "time": 550.24331,
                "endTime": 552.633494,
                "type": "run",
                "id": 7
            },
            {
                "time": 578.3287399512195,
                "endTime": 586.0089259512195,
                "type": "skip",
                "id": 8
            },
            {
                "time": 653.1608560244147,
                "endTime": 654.1887850244129,
                "type": "run",
                "id": 9
            },
            {
                "time": 652.940977,
                "endTime": 652.940977,
                "type": "run",
                "id": 10
            }
        ],
        "_starts": [
            "2017-10-24T21:23:34.000Z"
        ],
        "_ends": [
            "2017-10-24T21:26:33.838Z"
        ]
    },
    "labels_file": "/home/ubuntu/vat/data/user-studies/studyA/run-yellow/033.labels.json",
    "videoFlash": 3.918989,
    "surveys": {
        "user-info": {
            "firstname": "Zachary",
            "lastname": "Anderson",
            "email": "anderzt@byu.edu"
        },
        "practice-first": {
            "question1": "0",
            "question2": "ok",
            "question3": "100",
            "question4": "0"
        },
        "practice-second": {},
        "practice-third": {},
        "practice-survey": {},
        "run-blue": {
            "question1": "2",
            "question2": "1",
            "question3": "50",
            "question4": "90"
        }
    },
    "logs": {
        "labelEvents": [
            {
                "time": "2017-10-24T21:24:06.977Z",
                "type": "START",
                "source": "hotkey",
                "_t": "15:24:06",
                "_end": "-",
                "data": {
                    "type": "skip",
                    "time": 23.517923
                }
            },
            {
                "time": "2017-10-24T21:24:18.564Z",
                "type": "END",
                "source": "hotkey:h_pos",
                "_t": "15:24:18",
                "_end": "-",
                "data": {
                    "lbl": {
                        "time": 23.023195195121943,
                        "endTime": 26.475447512195156,
                        "type": "run",
                        "id": 1
                    },
                    "key": "enter"
                }
            },
            {
                "time": "2017-10-24T21:24:23.099Z",
                "type": "SELECT",
                "source": "data:click",
                "_t": "15:24:23",
                "_end": "-",
                "data": {
                    "time": 23.023195195121943,
                    "endTime": 26.475447512195156,
                    "type": "run",
                    "id": 1
                }
            },
            {
                "time": {
                    "start": "2017-10-24T21:24:24.163Z",
                    "end": "2017-10-24T21:24:25.043Z"
                },
                "type": "RESIZE",
                "source": "data:brush",
                "_t": "15:24:24",
                "_end": "15:24:25",
                "data": {
                    "brushing": true,
                    "origin": [
                        23.517923,
                        29.718663121951234
                    ],
                    "_brushside": 0,
                    "start": "2017-10-24T21:24:24.163Z",
                    "ε": 0.1,
                    "mode": "resize"
                }
            },
            {
                "time": {
                    "start": "2017-10-24T21:24:25.603Z",
                    "end": "2017-10-24T21:24:26.683Z"
                },
                "type": "RESIZE",
                "source": "data:brush",
                "_t": "15:24:25",
                "_end": "15:24:26",
                "data": {
                    "brushing": true,
                    "origin": [
                        23.023195195121936,
                        29.718663121951245
                    ],
                    "_brushside": 1,
                    "start": "2017-10-24T21:24:25.603Z",
                    "ε": 0.1,
                    "mode": "resize"
                }
            },
            {
                "time": "2017-10-24T21:24:28.322Z",
                "type": "START",
                "source": "side-bar:button",
                "_t": "15:24:28",
                "_end": "-",
                "data": {
                    "type": "run",
                    "time": 28.564297
                }
            },
            {
                "time": "2017-10-24T21:24:34.676Z",
                "type": "END",
                "source": "data:click:h_pos",
                "_t": "15:24:34",
                "_end": "-",
                "data": {
                    "lbl": {
                        "time": 28.564297,
                        "endTime": 31.367754560975637,
                        "type": "run",
                        "id": 2
                    }
                }
            },
            {
                "time": "2017-10-24T21:24:35.996Z",
                "type": "SELECT",
                "source": "data:click",
                "_t": "15:24:35",
                "_end": "-",
                "data": {
                    "time": 28.564297,
                    "endTime": 31.367754560975637,
                    "type": "run",
                    "id": 2
                }
            },
            {
                "time": "2017-10-24T21:24:37.169Z",
                "type": "DELETE",
                "source": "side-bar:button",
                "_t": "15:24:37",
                "_end": "-",
                "data": {
                    "id": 2,
                    "idx": 1
                }
            },
            {
                "time": "2017-10-24T21:24:38.116Z",
                "type": "SELECT",
                "source": "data:click",
                "_t": "15:24:38",
                "_end": "-",
                "data": {
                    "time": 23.023195195121943,
                    "endTime": 26.475447512195156,
                    "type": "run",
                    "id": 1
                }
            },
            {
                "time": "2017-10-24T21:24:39.754Z",
                "type": "CHANGE-EVENT-TYPE",
                "source": "side-bar:menu",
                "_t": "15:24:39",
                "_end": "-",
                "data": {
                    "time": 23.023195195121943,
                    "endTime": 26.475447512195156,
                    "type": "skip",
                    "id": 1
                }
            },
            {
                "time": "2017-10-24T21:24:40.627Z",
                "type": "DESELECT",
                "source": "data:click",
                "_t": "15:24:40",
                "_end": "-",
                "data": {
                    "time": 23.023195195121943,
                    "endTime": 26.475447512195156,
                    "type": "run",
                    "id": 1
                }
            },
            {
                "time": "2017-10-24T21:24:53.332Z",
                "type": "START",
                "source": "hotkey",
                "_t": "15:24:53",
                "_end": "-",
                "data": {
                    "type": "skip",
                    "time": 48.270225
                }
            },
            {
                "time": "2017-10-24T21:24:57.987Z",
                "type": "END",
                "source": "hotkey:ctb",
                "_t": "15:24:57",
                "_end": "-",
                "data": {
                    "lbl": {
                        "time": 48.270225,
                        "endTime": 55.246531,
                        "type": "skip",
                        "id": 2
                    },
                    "key": "enter"
                }
            },
            {
                "time": "2017-10-24T21:25:04.786Z",
                "type": "START",
                "source": "hotkey",
                "_t": "15:25:04",
                "_end": "-",
                "data": {
                    "type": "skip",
                    "time": 274.746861
                }
            },
            {
                "time": "2017-10-24T21:25:10.949Z",
                "type": "END",
                "source": "hotkey:ctb",
                "_t": "15:25:10",
                "_end": "-",
                "data": {
                    "lbl": {
                        "time": 274.746861,
                        "endTime": 283.601427,
                        "type": "skip",
                        "id": 3
                    },
                    "key": "enter"
                }
            },
            {
                "time": "2017-10-24T21:25:15.732Z",
                "type": "START",
                "source": "hotkey",
                "_t": "15:25:15",
                "_end": "-",
                "data": {
                    "type": "run",
                    "time": 383.44236
                }
            },
            {
                "time": "2017-10-24T21:25:17.700Z",
                "type": "END",
                "source": "hotkey:ctb",
                "_t": "15:25:17",
                "_end": "-",
                "data": {
                    "lbl": {
                        "time": 383.44236,
                        "endTime": 386.392441,
                        "type": "run",
                        "id": 4
                    },
                    "key": "enter"
                }
            },
            {
                "time": "2017-10-24T21:25:21.363Z",
                "type": "START",
                "source": "hotkey",
                "_t": "15:25:21",
                "_end": "-",
                "data": {
                    "type": "run",
                    "time": 485.395311
                }
            },
            {
                "time": "2017-10-24T21:25:23.426Z",
                "type": "END",
                "source": "hotkey:h_pos",
                "_t": "15:25:23",
                "_end": "-",
                "data": {
                    "lbl": {
                        "time": 484.7906436829385,
                        "endTime": 488.20688585364303,
                        "type": "run",
                        "id": 5
                    },
                    "key": "enter"
                }
            },
            {
                "time": "2017-10-24T21:25:26.204Z",
                "type": "SELECT",
                "source": "data:click",
                "_t": "15:25:26",
                "_end": "-",
                "data": {
                    "time": 484.7906436829385,
                    "endTime": 488.20688585364303,
                    "type": "run",
                    "id": 5
                }
            },
            {
                "time": {
                    "start": "2017-10-24T21:25:26.691Z",
                    "end": "2017-10-24T21:25:28.827Z"
                },
                "type": "MOVE",
                "source": "data:brush",
                "_t": "15:25:26",
                "_end": "15:25:28",
                "data": {
                    "brushing": true,
                    "origin": [
                        485.395311,
                        501.234718048781
                    ],
                    "start": "2017-10-24T21:25:26.691Z",
                    "ε": 0.1,
                    "mode": "move"
                }
            },
            {
                "time": {
                    "start": "2017-10-24T21:25:29.579Z",
                    "end": "2017-10-24T21:25:30.419Z"
                },
                "type": "RESIZE",
                "source": "data:brush",
                "_t": "15:25:29",
                "_end": "15:25:30",
                "data": {
                    "brushing": true,
                    "origin": [
                        484.7906436829385,
                        500.6300507316922
                    ],
                    "_brushside": 1,
                    "start": "2017-10-24T21:25:29.579Z",
                    "ε": 0.1,
                    "mode": "resize"
                }
            },
            {
                "time": "2017-10-24T21:25:34.132Z",
                "type": "START",
                "source": "hotkey",
                "_t": "15:25:34",
                "_end": "-",
                "data": {
                    "type": "skip",
                    "time": 525.467755
                }
            },
            {
                "time": "2017-10-24T21:25:39.348Z",
                "type": "END",
                "source": "hotkey:ctb",
                "_t": "15:25:39",
                "_end": "-",
                "data": {
                    "lbl": {
                        "time": 525.467755,
                        "endTime": 533.278426,
                        "type": "skip",
                        "id": 6
                    },
                    "key": "enter"
                }
            },
            {
                "time": "2017-10-24T21:25:42.595Z",
                "type": "START",
                "source": "hotkey",
                "_t": "15:25:42",
                "_end": "-",
                "data": {
                    "type": "run",
                    "time": 550.24331
                }
            },
            {
                "time": "2017-10-24T21:25:44.180Z",
                "type": "END",
                "source": "hotkey:ctb",
                "_t": "15:25:44",
                "_end": "-",
                "data": {
                    "lbl": {
                        "time": 550.24331,
                        "endTime": 552.633494,
                        "type": "run",
                        "id": 7
                    },
                    "key": "enter"
                }
            },
            {
                "time": "2017-10-24T21:25:47.523Z",
                "type": "START",
                "source": "hotkey",
                "_t": "15:25:47",
                "_end": "-",
                "data": {
                    "type": "skip",
                    "time": 578.768498
                }
            },
            {
                "time": "2017-10-24T21:25:52.645Z",
                "type": "END",
                "source": "hotkey:ctb",
                "_t": "15:25:52",
                "_end": "-",
                "data": {
                    "lbl": {
                        "time": 578.3287399512195,
                        "endTime": 586.0089259512195,
                        "type": "skip",
                        "id": 8
                    },
                    "key": "enter"
                }
            },
            {
                "time": "2017-10-24T21:25:54.693Z",
                "type": "SELECT",
                "source": "data:click",
                "_t": "15:25:54",
                "_end": "-",
                "data": {
                    "time": 578.3287399512195,
                    "endTime": 586.0089259512195,
                    "type": "skip",
                    "id": 8
                }
            },
            {
                "time": {
                    "start": "2017-10-24T21:25:55.676Z",
                    "end": "2017-10-24T21:25:57.411Z"
                },
                "type": "MOVE",
                "source": "data:brush",
                "_t": "15:25:55",
                "_end": "15:25:57",
                "data": {
                    "brushing": true,
                    "origin": [
                        578.768498,
                        586.448684
                    ],
                    "start": "2017-10-24T21:25:55.676Z",
                    "ε": 0.1,
                    "mode": "move"
                }
            },
            {
                "time": "2017-10-24T21:26:03.396Z",
                "type": "START",
                "source": "hotkey",
                "_t": "15:26:03",
                "_end": "-",
                "data": {
                    "type": "run",
                    "time": 652.940977
                }
            },
            {
                "time": "2017-10-24T21:26:04.082Z",
                "type": "START",
                "source": "hotkey",
                "_t": "15:26:04",
                "_end": "-",
                "data": {
                    "type": "run",
                    "time": 653.968906
                }
            },
            {
                "time": "2017-10-24T21:26:07.780Z",
                "type": "END",
                "source": "hotkey:h_pos",
                "_t": "15:26:07",
                "_end": "-",
                "data": {
                    "lbl": {
                        "time": 652.940977,
                        "endTime": 652.940977,
                        "type": "run",
                        "id": 10
                    },
                    "key": "enter"
                }
            },
            {
                "time": "2017-10-24T21:26:09.343Z",
                "type": "SELECT",
                "source": "data:click",
                "_t": "15:26:09",
                "_end": "-",
                "data": {
                    "time": 653.1608560244147,
                    "endTime": 654.1887850244129,
                    "type": "run",
                    "id": 9
                }
            },
            {
                "time": {
                    "start": "2017-10-24T21:26:10.060Z",
                    "end": "2017-10-24T21:26:10.868Z"
                },
                "type": "MOVE",
                "source": "data:brush",
                "_t": "15:26:10",
                "_end": "15:26:10",
                "data": {
                    "brushing": true,
                    "origin": [
                        652.940977,
                        653.968906
                    ],
                    "start": "2017-10-24T21:26:10.060Z",
                    "ε": 0.1,
                    "mode": "move"
                }
            }
        ],
        "navigationEvents": [
            {
                "time": "2017-10-24T21:23:53.834Z",
                "type": "CHANGE-PLAYBACK-RATE",
                "source": "video:button",
                "_t": "15:23:53",
                "_end": "-",
                "data": {
                    "oldRate": 1,
                    "newRate": 1.5
                }
            },
            {
                "time": "2017-10-24T21:23:55.089Z",
                "type": "CHANGE-PLAYBACK-RATE",
                "source": "video:button",
                "_t": "15:23:55",
                "_end": "-",
                "data": {
                    "oldRate": 1.5,
                    "newRate": 2
                }
            },
            {
                "time": "2017-10-24T21:23:55.225Z",
                "type": "CHANGE-PLAYBACK-RATE",
                "source": "video:button",
                "_t": "15:23:55",
                "_end": "-",
                "data": {
                    "oldRate": 2,
                    "newRate": 0.25
                }
            },
            {
                "time": "2017-10-24T21:23:55.696Z",
                "type": "CHANGE-PLAYBACK-RATE",
                "source": "video:button",
                "_t": "15:23:55",
                "_end": "-",
                "data": {
                    "oldRate": 0.25,
                    "newRate": 0.5
                }
            },
            {
                "time": "2017-10-24T21:23:55.776Z",
                "type": "CHANGE-PLAYBACK-RATE",
                "source": "video:button",
                "_t": "15:23:55",
                "_end": "-",
                "data": {
                    "oldRate": 0.5,
                    "newRate": 1
                }
            },
            {
                "time": "2017-10-24T21:24:03.025Z",
                "type": "CHANGE-PLAYBACK-RATE",
                "source": "video:button",
                "_t": "15:24:03",
                "_end": "-",
                "data": {
                    "oldRate": 1,
                    "newRate": 1.5
                }
            },
            {
                "time": "2017-10-24T21:24:10.378Z",
                "type": "PAUSE",
                "source": "video:button",
                "_t": "15:24:10",
                "_end": "-"
            },
            {
                "time": {
                    "start": "2017-10-24T21:23:34.805Z",
                    "end": "2017-10-24T21:24:20.130Z"
                },
                "type": "SCRUB",
                "source": "data:drag",
                "_t": "15:23:34",
                "_end": "15:24:20",
                "data": {
                    "time": 28.839147
                }
            },
            {
                "time": {
                    "start": "2017-10-24T21:23:34.805Z",
                    "end": "2017-10-24T21:24:21.168Z"
                },
                "type": "SCRUB",
                "source": "data:drag",
                "_t": "15:23:34",
                "_end": "15:24:21",
                "data": {
                    "time": 28.289449
                }
            },
            {
                "time": {
                    "start": "2017-10-24T21:23:34.805Z",
                    "end": "2017-10-24T21:24:21.898Z"
                },
                "type": "SCRUB",
                "source": "data:drag",
                "_t": "15:23:34",
                "_end": "15:24:21",
                "data": {
                    "time": 28.289449
                }
            },
            {
                "time": {
                    "start": "2017-10-24T21:23:34.805Z",
                    "end": "2017-10-24T21:24:22.747Z"
                },
                "type": "SCRUB",
                "source": "data:drag",
                "_t": "15:23:34",
                "_end": "15:24:22",
                "data": {
                    "time": 28.564297
                }
            },
            {
                "time": {
                    "start": "2017-10-24T21:23:34.805Z",
                    "end": "2017-10-24T21:24:23.097Z"
                },
                "type": "SCRUB",
                "source": "data:drag",
                "_t": "15:23:34",
                "_end": "15:24:23",
                "data": {
                    "time": 28.564297
                }
            },
            {
                "time": {
                    "start": "2017-10-24T21:23:34.805Z",
                    "end": "2017-10-24T21:24:25.061Z"
                },
                "type": "SCRUB",
                "source": "data:drag",
                "_t": "15:23:34",
                "_end": "15:24:25",
                "data": {
                    "time": 28.564297
                }
            },
            {
                "time": {
                    "start": "2017-10-24T21:23:34.805Z",
                    "end": "2017-10-24T21:24:26.691Z"
                },
                "type": "SCRUB",
                "source": "data:drag",
                "_t": "15:23:34",
                "_end": "15:24:26",
                "data": {
                    "time": 28.564297
                }
            },
            {
                "time": {
                    "start": "2017-10-24T21:23:34.805Z",
                    "end": "2017-10-24T21:24:34.674Z"
                },
                "type": "SCRUB",
                "source": "data:drag",
                "_t": "15:23:34",
                "_end": "15:24:34",
                "data": {
                    "time": 28.564297
                }
            },
            {
                "time": {
                    "start": "2017-10-24T21:23:34.805Z",
                    "end": "2017-10-24T21:24:35.994Z"
                },
                "type": "SCRUB",
                "source": "data:drag",
                "_t": "15:23:34",
                "_end": "15:24:35",
                "data": {
                    "time": 28.564297
                }
            },
            {
                "time": {
                    "start": "2017-10-24T21:23:34.805Z",
                    "end": "2017-10-24T21:24:38.114Z"
                },
                "type": "SCRUB",
                "source": "data:drag",
                "_t": "15:23:34",
                "_end": "15:24:38",
                "data": {
                    "time": 28.564297
                }
            },
            {
                "time": {
                    "start": "2017-10-24T21:23:34.805Z",
                    "end": "2017-10-24T21:24:40.626Z"
                },
                "type": "SCRUB",
                "source": "data:drag",
                "_t": "15:23:34",
                "_end": "15:24:40",
                "data": {
                    "time": 28.564297
                }
            },
            {
                "time": "2017-10-24T21:24:43.131Z",
                "type": "PLAY",
                "source": "video:button",
                "_t": "15:24:43",
                "_end": "-"
            },
            {
                "time": {
                    "start": "2017-10-24T21:23:34.805Z",
                    "end": "2017-10-24T21:24:44.708Z"
                },
                "type": "SCRUB",
                "source": "data:drag",
                "_t": "15:23:34",
                "_end": "15:24:44",
                "data": {
                    "time": 30.873791
                }
            },
            {
                "time": {
                    "start": "2017-10-24T21:23:34.805Z",
                    "end": "2017-10-24T21:24:53.102Z"
                },
                "type": "SCRUB",
                "source": "data:drag",
                "_t": "15:23:34",
                "_end": "15:24:53",
                "data": {
                    "time": 48.078395
                }
            },
            {
                "time": {
                    "start": "2017-10-24T21:23:34.805Z",
                    "end": "2017-10-24T21:25:00.411Z"
                },
                "type": "SCRUB",
                "source": "data:drag",
                "_t": "15:23:34",
                "_end": "15:25:00",
                "data": {
                    "time": 131.508224
                }
            },
            {
                "time": {
                    "start": "2017-10-24T21:23:34.805Z",
                    "end": "2017-10-24T21:25:01.744Z"
                },
                "type": "SCRUB",
                "source": "data:drag",
                "_t": "15:23:34",
                "_end": "15:25:01",
                "data": {
                    "time": 209.607701
                }
            },
            {
                "time": {
                    "start": "2017-10-24T21:23:34.805Z",
                    "end": "2017-10-24T21:25:04.822Z"
                },
                "type": "SCRUB",
                "source": "data:drag",
                "_t": "15:23:34",
                "_end": "15:25:04",
                "data": {
                    "time": 274.746861
                }
            },
            {
                "time": {
                    "start": "2017-10-24T21:23:34.805Z",
                    "end": "2017-10-24T21:25:13.226Z"
                },
                "type": "SCRUB",
                "source": "data:drag",
                "_t": "15:23:34",
                "_end": "15:25:13",
                "data": {
                    "time": 367.915806
                }
            },
            {
                "time": {
                    "start": "2017-10-24T21:23:34.805Z",
                    "end": "2017-10-24T21:25:15.281Z"
                },
                "type": "SCRUB",
                "source": "data:drag",
                "_t": "15:23:34",
                "_end": "15:25:15",
                "data": {
                    "time": 382.757274
                }
            },
            {
                "time": {
                    "start": "2017-10-24T21:23:34.805Z",
                    "end": "2017-10-24T21:25:19.490Z"
                },
                "type": "SCRUB",
                "source": "data:drag",
                "_t": "15:23:34",
                "_end": "15:25:19",
                "data": {
                    "time": 473.221683
                }
            },
            {
                "time": {
                    "start": "2017-10-24T21:23:34.805Z",
                    "end": "2017-10-24T21:25:21.362Z"
                },
                "type": "SCRUB",
                "source": "data:drag",
                "_t": "15:23:34",
                "_end": "15:25:21",
                "data": {
                    "time": 485.395311
                }
            },
            {
                "time": "2017-10-24T21:25:24.482Z",
                "type": "PAUSE",
                "source": "hotkey",
                "_t": "15:25:24",
                "_end": "-",
                "data": {
                    "key": "space"
                }
            },
            {
                "time": {
                    "start": "2017-10-24T21:23:34.805Z",
                    "end": "2017-10-24T21:25:25.906Z"
                },
                "type": "SCRUB",
                "source": "data:drag",
                "_t": "15:23:34",
                "_end": "15:25:25",
                "data": {
                    "time": 491.583763
                }
            },
            {
                "time": {
                    "start": "2017-10-24T21:23:34.805Z",
                    "end": "2017-10-24T21:25:26.203Z"
                },
                "type": "SCRUB",
                "source": "data:drag",
                "_t": "15:23:34",
                "_end": "15:25:26",
                "data": {
                    "time": 491.583763
                }
            },
            {
                "time": {
                    "start": "2017-10-24T21:23:34.805Z",
                    "end": "2017-10-24T21:25:28.836Z"
                },
                "type": "SCRUB",
                "source": "data:drag",
                "_t": "15:23:34",
                "_end": "15:25:28",
                "data": {
                    "time": 491.583763
                }
            },
            {
                "time": {
                    "start": "2017-10-24T21:23:34.805Z",
                    "end": "2017-10-24T21:25:30.426Z"
                },
                "type": "SCRUB",
                "source": "data:drag",
                "_t": "15:23:34",
                "_end": "15:25:30",
                "data": {
                    "time": 491.583763
                }
            },
            {
                "time": "2017-10-24T21:25:31.107Z",
                "type": "PLAY",
                "source": "hotkey",
                "_t": "15:25:31",
                "_end": "-",
                "data": {
                    "key": "space"
                }
            },
            {
                "time": {
                    "start": "2017-10-24T21:23:34.805Z",
                    "end": "2017-10-24T21:25:33.857Z"
                },
                "type": "SCRUB",
                "source": "data:drag",
                "_t": "15:23:34",
                "_end": "15:25:33",
                "data": {
                    "time": 525.368897
                }
            },
            {
                "time": {
                    "start": "2017-10-24T21:23:34.805Z",
                    "end": "2017-10-24T21:25:41.618Z"
                },
                "type": "SCRUB",
                "source": "data:drag",
                "_t": "15:23:34",
                "_end": "15:25:41",
                "data": {
                    "time": 548.843069
                }
            },
            {
                "time": {
                    "start": "2017-10-24T21:23:34.805Z",
                    "end": "2017-10-24T21:25:47.324Z"
                },
                "type": "SCRUB",
                "source": "data:drag",
                "_t": "15:23:34",
                "_end": "15:25:47",
                "data": {
                    "time": 578.464686
                }
            },
            {
                "time": "2017-10-24T21:25:53.091Z",
                "type": "PAUSE",
                "source": "hotkey",
                "_t": "15:25:53",
                "_end": "-",
                "data": {
                    "key": "space"
                }
            },
            {
                "time": {
                    "start": "2017-10-24T21:23:34.805Z",
                    "end": "2017-10-24T21:25:54.459Z"
                },
                "type": "SCRUB",
                "source": "data:drag",
                "_t": "15:23:34",
                "_end": "15:25:54",
                "data": {
                    "time": 587.665063
                }
            },
            {
                "time": {
                    "start": "2017-10-24T21:23:34.805Z",
                    "end": "2017-10-24T21:25:54.691Z"
                },
                "type": "SCRUB",
                "source": "data:drag",
                "_t": "15:23:34",
                "_end": "15:25:54",
                "data": {
                    "time": 587.665063
                }
            },
            {
                "time": {
                    "start": "2017-10-24T21:23:34.805Z",
                    "end": "2017-10-24T21:25:57.429Z"
                },
                "type": "SCRUB",
                "source": "data:drag",
                "_t": "15:23:34",
                "_end": "15:25:57",
                "data": {
                    "time": 587.665063
                }
            },
            {
                "time": {
                    "start": "2017-10-24T21:23:34.805Z",
                    "end": "2017-10-24T21:26:00.681Z"
                },
                "type": "SCRUB",
                "source": "data:drag",
                "_t": "15:23:34",
                "_end": "15:26:00",
                "data": {
                    "time": 652.144586
                }
            },
            {
                "time": "2017-10-24T21:26:02.790Z",
                "type": "PLAY",
                "source": "hotkey",
                "_t": "15:26:02",
                "_end": "-",
                "data": {
                    "key": "space"
                }
            },
            {
                "time": {
                    "start": "2017-10-24T21:23:34.805Z",
                    "end": "2017-10-24T21:26:06.218Z"
                },
                "type": "SCRUB",
                "source": "data:drag",
                "_t": "15:23:34",
                "_end": "15:26:06",
                "data": {
                    "time": 666.898869
                }
            },
            {
                "time": "2017-10-24T21:26:06.657Z",
                "type": "PAUSE",
                "source": "hotkey",
                "_t": "15:26:06",
                "_end": "-",
                "data": {
                    "key": "space"
                }
            },
            {
                "time": {
                    "start": "2017-10-24T21:23:34.805Z",
                    "end": "2017-10-24T21:26:09.338Z"
                },
                "type": "SCRUB",
                "source": "data:drag",
                "_t": "15:23:34",
                "_end": "15:26:09",
                "data": {
                    "time": 667.328914
                }
            },
            {
                "time": {
                    "start": "2017-10-24T21:23:34.805Z",
                    "end": "2017-10-24T21:26:10.877Z"
                },
                "type": "SCRUB",
                "source": "data:drag",
                "_t": "15:23:34",
                "_end": "15:26:10",
                "data": {
                    "time": 667.328914
                }
            },
            {
                "time": {
                    "start": "2017-10-24T21:23:34.805Z",
                    "end": "2017-10-24T21:26:13.723Z"
                },
                "type": "SCRUB",
                "source": "data:drag",
                "_t": "15:23:34",
                "_end": "15:26:13",
                "data": {
                    "time": 608.126486
                }
            },
            {
                "time": {
                    "start": "2017-10-24T21:23:34.805Z",
                    "end": "2017-10-24T21:26:15.746Z"
                },
                "type": "SCRUB",
                "source": "data:drag",
                "_t": "15:23:34",
                "_end": "15:26:15",
                "data": {
                    "time": 555.30055
                }
            },
            {
                "time": {
                    "start": "2017-10-24T21:23:34.805Z",
                    "end": "2017-10-24T21:26:17.298Z"
                },
                "type": "SCRUB",
                "source": "data:drag",
                "_t": "15:23:34",
                "_end": "15:26:17",
                "data": {
                    "time": 438.105029
                }
            },
            {
                "time": {
                    "start": "2017-10-24T21:23:34.805Z",
                    "end": "2017-10-24T21:26:18.404Z"
                },
                "type": "SCRUB",
                "source": "data:drag",
                "_t": "15:23:34",
                "_end": "15:26:18",
                "data": {
                    "time": 346.910203
                }
            },
            {
                "time": {
                    "start": "2017-10-24T21:23:34.805Z",
                    "end": "2017-10-24T21:26:20.048Z"
                },
                "type": "SCRUB",
                "source": "data:drag",
                "_t": "15:23:34",
                "_end": "15:26:20",
                "data": {
                    "time": 245.106214
                }
            },
            {
                "time": {
                    "start": "2017-10-24T21:23:34.805Z",
                    "end": "2017-10-24T21:26:21.681Z"
                },
                "type": "SCRUB",
                "source": "data:drag",
                "_t": "15:23:34",
                "_end": "15:26:21",
                "data": {
                    "time": 126.811298
                }
            },
            {
                "time": {
                    "start": "2017-10-24T21:26:23.750Z",
                    "end": "2017-10-24T21:26:24.200Z"
                },
                "type": "SCRUB",
                "source": "video:drag",
                "_t": "15:26:23",
                "_end": "15:26:24",
                "data": {
                    "to": 0,
                    "from": 126.811298
                }
            },
            {
                "time": {
                    "start": "2017-10-24T21:23:34.805Z",
                    "end": "2017-10-24T21:26:27.777Z"
                },
                "type": "SCRUB",
                "source": "data:drag",
                "_t": "15:23:34",
                "_end": "15:26:27",
                "data": {
                    "time": 81.904936
                }
            },
            {
                "time": {
                    "start": "2017-10-24T21:23:34.805Z",
                    "end": "2017-10-24T21:26:29.049Z"
                },
                "type": "SCRUB",
                "source": "data:drag",
                "_t": "15:23:34",
                "_end": "15:26:29",
                "data": {
                    "time": 174.254126
                }
            },
            {
                "time": {
                    "start": "2017-10-24T21:23:34.805Z",
                    "end": "2017-10-24T21:26:31.639Z"
                },
                "type": "SCRUB",
                "source": "data:drag",
                "_t": "15:23:34",
                "_end": "15:26:31",
                "data": {
                    "time": 284.413517
                }
            }
        ]
    }
}