{
    "user_id": "038",
    "session_id": "59eff0325efd4d725417b8f1",
    "study": "studyA",
    "workspace": "newrun.run-thurs-six-finally",
    "details": {
        "workspace": "newrun.run-thurs-six-finally",
        "labels": [
            {
                "time": 22.633961,
                "endTime": 26.976571731707367,
                "type": "run",
                "id": 1
            },
            {
                "time": 47.810109,
                "endTime": 56.440360707316486,
                "type": "skip",
                "id": 2
            },
            {
                "time": 274.560351,
                "endTime": 284.18005831708183,
                "type": "skip",
                "id": 3
            },
            {
                "time": 382.7958,
                "endTime": 387.0284712195123,
                "type": "run",
                "id": 4
            },
            {
                "time": 484.214999,
                "endTime": 489.1622770487807,
                "type": "run",
                "id": 5
            },
            {
                "time": 525.442316,
                "endTime": 534.4573560000003,
                "type": "skip",
                "id": 6
            },
            {
                "time": 549.574038,
                "endTime": 553.586830195122,
                "type": "run",
                "id": 7
            },
            {
                "time": 577.168855,
                "endTime": 586.9534715853495,
                "type": "skip",
                "id": 8
            },
            {
                "time": 651.762813,
                "endTime": 655.0060286097507,
                "type": "run",
                "id": 9
            },
            {
                "time": 666.604646,
                "endTime": 669.4081035609709,
                "type": "skip",
                "id": 10
            }
        ],
        "_starts": [
            "2017-10-25T02:13:09.000Z"
        ],
        "_ends": [
            "2017-10-25T02:15:29.273Z"
        ]
    },
    "labels_file": "/home/ubuntu/vat/data/user-studies/studyA/run-yellow/038.labels.json",
    "videoFlash": 3.918989,
    "surveys": {
        "user-info": {
            "firstname": "Katelyn",
            "lastname": "Casperson",
            "email": "kcasperson17@gmail.com"
        },
        "practice-first": {
            "question1": "0",
            "question2": "ok",
            "question3": "10",
            "question4": "0"
        },
        "practice-second": {},
        "practice-third": {},
        "practice-survey": {},
        "run-blue": {
            "question1": "2",
            "question2": "-1",
            "question3": "20",
            "question4": "90"
        }
    },
    "logs": {
        "labelEvents": [
            {
                "time": "2017-10-25T02:13:34.989Z",
                "type": "START",
                "source": "side-bar:button",
                "_t": "20:13:34",
                "_end": "-",
                "data": {
                    "type": "run",
                    "time": 22.633961
                }
            },
            {
                "time": "2017-10-25T02:13:37.777Z",
                "type": "END",
                "source": "data:click:h_pos",
                "_t": "20:13:37",
                "_end": "-",
                "data": {
                    "lbl": {
                        "time": 22.633961,
                        "endTime": 26.976571731707367,
                        "type": "run",
                        "id": 1
                    }
                }
            },
            {
                "time": "2017-10-25T02:13:42.317Z",
                "type": "START",
                "source": "side-bar:button",
                "_t": "20:13:42",
                "_end": "-",
                "data": {
                    "type": "skip",
                    "time": 47.810109
                }
            },
            {
                "time": "2017-10-25T02:13:44.452Z",
                "type": "END",
                "source": "data:click:h_pos",
                "_t": "20:13:44",
                "_end": "-",
                "data": {
                    "lbl": {
                        "time": 47.810109,
                        "endTime": 56.440360707316486,
                        "type": "skip",
                        "id": 2
                    }
                }
            },
            {
                "time": "2017-10-25T02:14:04.014Z",
                "type": "START",
                "source": "side-bar:button",
                "_t": "20:14:04",
                "_end": "-",
                "data": {
                    "type": "skip",
                    "time": 274.560351
                }
            },
            {
                "time": "2017-10-25T02:14:05.585Z",
                "type": "END",
                "source": "data:click:h_pos",
                "_t": "20:14:05",
                "_end": "-",
                "data": {
                    "lbl": {
                        "time": 274.560351,
                        "endTime": 284.18005831708183,
                        "type": "skip",
                        "id": 3
                    }
                }
            },
            {
                "time": "2017-10-25T02:14:12.445Z",
                "type": "START",
                "source": "side-bar:button",
                "_t": "20:14:12",
                "_end": "-",
                "data": {
                    "type": "run",
                    "time": 382.7958
                }
            },
            {
                "time": "2017-10-25T02:14:14.369Z",
                "type": "END",
                "source": "data:click:h_pos",
                "_t": "20:14:14",
                "_end": "-",
                "data": {
                    "lbl": {
                        "time": 382.7958,
                        "endTime": 387.0284712195123,
                        "type": "run",
                        "id": 4
                    }
                }
            },
            {
                "time": "2017-10-25T02:14:20.006Z",
                "type": "START",
                "source": "side-bar:button",
                "_t": "20:14:20",
                "_end": "-",
                "data": {
                    "type": "run",
                    "time": 484.214999
                }
            },
            {
                "time": "2017-10-25T02:14:22.702Z",
                "type": "END",
                "source": "data:click:h_pos",
                "_t": "20:14:22",
                "_end": "-",
                "data": {
                    "lbl": {
                        "time": 484.214999,
                        "endTime": 489.1622770487807,
                        "type": "run",
                        "id": 5
                    }
                }
            },
            {
                "time": "2017-10-25T02:14:28.030Z",
                "type": "START",
                "source": "side-bar:button",
                "_t": "20:14:28",
                "_end": "-",
                "data": {
                    "type": "skip",
                    "time": 525.442316
                }
            },
            {
                "time": "2017-10-25T02:14:30.742Z",
                "type": "END",
                "source": "data:click:h_pos",
                "_t": "20:14:30",
                "_end": "-",
                "data": {
                    "lbl": {
                        "time": 525.442316,
                        "endTime": 534.4573560000003,
                        "type": "skip",
                        "id": 6
                    }
                }
            },
            {
                "time": "2017-10-25T02:14:39.846Z",
                "type": "START",
                "source": "side-bar:button",
                "_t": "20:14:39",
                "_end": "-",
                "data": {
                    "type": "run",
                    "time": 549.574038
                }
            },
            {
                "time": "2017-10-25T02:14:44.071Z",
                "type": "END",
                "source": "data:click:h_pos",
                "_t": "20:14:44",
                "_end": "-",
                "data": {
                    "lbl": {
                        "time": 549.574038,
                        "endTime": 553.586830195122,
                        "type": "run",
                        "id": 7
                    }
                }
            },
            {
                "time": "2017-10-25T02:14:49.391Z",
                "type": "START",
                "source": "side-bar:button",
                "_t": "20:14:49",
                "_end": "-",
                "data": {
                    "type": "skip",
                    "time": 577.168855
                }
            },
            {
                "time": "2017-10-25T02:14:51.198Z",
                "type": "END",
                "source": "data:click:h_pos",
                "_t": "20:14:51",
                "_end": "-",
                "data": {
                    "lbl": {
                        "time": 577.168855,
                        "endTime": 586.9534715853495,
                        "type": "skip",
                        "id": 8
                    }
                }
            },
            {
                "time": "2017-10-25T02:14:58.407Z",
                "type": "START",
                "source": "side-bar:button",
                "_t": "20:14:58",
                "_end": "-",
                "data": {
                    "type": "run",
                    "time": 651.762813
                }
            },
            {
                "time": "2017-10-25T02:15:00.290Z",
                "type": "END",
                "source": "data:click:h_pos",
                "_t": "20:15:00",
                "_end": "-",
                "data": {
                    "lbl": {
                        "time": 651.762813,
                        "endTime": 655.0060286097507,
                        "type": "run",
                        "id": 9
                    }
                }
            },
            {
                "time": "2017-10-25T02:15:08.126Z",
                "type": "START",
                "source": "side-bar:button",
                "_t": "20:15:08",
                "_end": "-",
                "data": {
                    "type": "skip",
                    "time": 666.604646
                }
            },
            {
                "time": "2017-10-25T02:15:09.456Z",
                "type": "END",
                "source": "data:click:h_pos",
                "_t": "20:15:09",
                "_end": "-",
                "data": {
                    "lbl": {
                        "time": 666.604646,
                        "endTime": 669.4081035609709,
                        "type": "skip",
                        "id": 10
                    }
                }
            }
        ],
        "navigationEvents": [
            {
                "time": {
                    "start": "2017-10-25T02:13:09.532Z",
                    "end": "2017-10-25T02:13:26.800Z"
                },
                "type": "SCRUB",
                "source": "data:drag",
                "_t": "20:13:09",
                "_end": "20:13:26",
                "data": {
                    "time": 22.428963
                }
            },
            {
                "time": "2017-10-25T02:13:29.821Z",
                "type": "PAUSE",
                "source": "video:button",
                "_t": "20:13:29",
                "_end": "-"
            },
            {
                "time": {
                    "start": "2017-10-25T02:13:09.532Z",
                    "end": "2017-10-25T02:13:33.133Z"
                },
                "type": "SCRUB",
                "source": "data:drag",
                "_t": "20:13:09",
                "_end": "20:13:33",
                "data": {
                    "time": 22.633961
                }
            },
            {
                "time": {
                    "start": "2017-10-25T02:13:09.532Z",
                    "end": "2017-10-25T02:13:37.774Z"
                },
                "type": "SCRUB",
                "source": "data:drag",
                "_t": "20:13:09",
                "_end": "20:13:37",
                "data": {
                    "time": 22.633961
                }
            },
            {
                "time": {
                    "start": "2017-10-25T02:13:09.532Z",
                    "end": "2017-10-25T02:13:40.989Z"
                },
                "type": "SCRUB",
                "source": "data:drag",
                "_t": "20:13:09",
                "_end": "20:13:40",
                "data": {
                    "time": 47.810109
                }
            },
            {
                "time": {
                    "start": "2017-10-25T02:13:09.532Z",
                    "end": "2017-10-25T02:13:44.451Z"
                },
                "type": "SCRUB",
                "source": "data:drag",
                "_t": "20:13:09",
                "_end": "20:13:44",
                "data": {
                    "time": 47.810109
                }
            },
            {
                "time": {
                    "start": "2017-10-25T02:13:09.532Z",
                    "end": "2017-10-25T02:13:46.471Z"
                },
                "type": "SCRUB",
                "source": "data:drag",
                "_t": "20:13:09",
                "_end": "20:13:46",
                "data": {
                    "time": 109.541145
                }
            },
            {
                "time": {
                    "start": "2017-10-25T02:13:09.532Z",
                    "end": "2017-10-25T02:13:48.295Z"
                },
                "type": "SCRUB",
                "source": "data:drag",
                "_t": "20:13:09",
                "_end": "20:13:48",
                "data": {
                    "time": 176.989035
                }
            },
            {
                "time": {
                    "start": "2017-10-25T02:13:09.532Z",
                    "end": "2017-10-25T02:13:50.178Z"
                },
                "type": "SCRUB",
                "source": "data:drag",
                "_t": "20:13:09",
                "_end": "20:13:50",
                "data": {
                    "time": 227.891029
                }
            },
            {
                "time": {
                    "start": "2017-10-25T02:13:09.532Z",
                    "end": "2017-10-25T02:13:54.814Z"
                },
                "type": "SCRUB",
                "source": "data:drag",
                "_t": "20:13:09",
                "_end": "20:13:54",
                "data": {
                    "time": 274.450412
                }
            },
            {
                "time": {
                    "start": "2017-10-25T02:13:09.532Z",
                    "end": "2017-10-25T02:14:02.285Z"
                },
                "type": "SCRUB",
                "source": "data:drag",
                "_t": "20:13:09",
                "_end": "20:14:02",
                "data": {
                    "time": 274.560351
                }
            },
            {
                "time": {
                    "start": "2017-10-25T02:13:09.532Z",
                    "end": "2017-10-25T02:14:05.583Z"
                },
                "type": "SCRUB",
                "source": "data:drag",
                "_t": "20:13:09",
                "_end": "20:14:05",
                "data": {
                    "time": 274.560351
                }
            },
            {
                "time": {
                    "start": "2017-10-25T02:13:09.532Z",
                    "end": "2017-10-25T02:14:07.495Z"
                },
                "type": "SCRUB",
                "source": "data:drag",
                "_t": "20:13:09",
                "_end": "20:14:07",
                "data": {
                    "time": 348.164854
                }
            },
            {
                "time": {
                    "start": "2017-10-25T02:13:09.532Z",
                    "end": "2017-10-25T02:14:10.916Z"
                },
                "type": "SCRUB",
                "source": "data:drag",
                "_t": "20:13:09",
                "_end": "20:14:10",
                "data": {
                    "time": 382.7958
                }
            },
            {
                "time": {
                    "start": "2017-10-25T02:13:09.532Z",
                    "end": "2017-10-25T02:14:14.367Z"
                },
                "type": "SCRUB",
                "source": "data:drag",
                "_t": "20:13:09",
                "_end": "20:14:14",
                "data": {
                    "time": 382.7958
                }
            },
            {
                "time": {
                    "start": "2017-10-25T02:13:09.532Z",
                    "end": "2017-10-25T02:14:15.810Z"
                },
                "type": "SCRUB",
                "source": "data:drag",
                "_t": "20:13:09",
                "_end": "20:14:15",
                "data": {
                    "time": 443.42744
                }
            },
            {
                "time": {
                    "start": "2017-10-25T02:13:09.532Z",
                    "end": "2017-10-25T02:14:18.973Z"
                },
                "type": "SCRUB",
                "source": "data:drag",
                "_t": "20:13:09",
                "_end": "20:14:18",
                "data": {
                    "time": 484.214999
                }
            },
            {
                "time": {
                    "start": "2017-10-25T02:13:09.532Z",
                    "end": "2017-10-25T02:14:22.700Z"
                },
                "type": "SCRUB",
                "source": "data:drag",
                "_t": "20:13:09",
                "_end": "20:14:22",
                "data": {
                    "time": 484.214999
                }
            },
            {
                "time": {
                    "start": "2017-10-25T02:13:09.532Z",
                    "end": "2017-10-25T02:14:26.724Z"
                },
                "type": "SCRUB",
                "source": "data:drag",
                "_t": "20:13:09",
                "_end": "20:14:26",
                "data": {
                    "time": 525.442316
                }
            },
            {
                "time": {
                    "start": "2017-10-25T02:13:09.532Z",
                    "end": "2017-10-25T02:14:30.741Z"
                },
                "type": "SCRUB",
                "source": "data:drag",
                "_t": "20:13:09",
                "_end": "20:14:30",
                "data": {
                    "time": 525.442316
                }
            },
            {
                "time": {
                    "start": "2017-10-25T02:13:09.532Z",
                    "end": "2017-10-25T02:14:35.918Z"
                },
                "type": "SCRUB",
                "source": "data:drag",
                "_t": "20:13:09",
                "_end": "20:14:35",
                "data": {
                    "time": 549.574038
                }
            },
            {
                "time": {
                    "start": "2017-10-25T02:13:09.532Z",
                    "end": "2017-10-25T02:14:44.068Z"
                },
                "type": "SCRUB",
                "source": "data:drag",
                "_t": "20:13:09",
                "_end": "20:14:44",
                "data": {
                    "time": 549.574038
                }
            },
            {
                "time": {
                    "start": "2017-10-25T02:13:09.532Z",
                    "end": "2017-10-25T02:14:47.198Z"
                },
                "type": "SCRUB",
                "source": "data:drag",
                "_t": "20:13:09",
                "_end": "20:14:47",
                "data": {
                    "time": 577.168855
                }
            },
            {
                "time": {
                    "start": "2017-10-25T02:13:09.532Z",
                    "end": "2017-10-25T02:14:51.197Z"
                },
                "type": "SCRUB",
                "source": "data:drag",
                "_t": "20:13:09",
                "_end": "20:14:51",
                "data": {
                    "time": 577.168855
                }
            },
            {
                "time": {
                    "start": "2017-10-25T02:13:09.532Z",
                    "end": "2017-10-25T02:14:52.468Z"
                },
                "type": "SCRUB",
                "source": "data:drag",
                "_t": "20:13:09",
                "_end": "20:14:52",
                "data": {
                    "time": 636.426252
                }
            },
            {
                "time": {
                    "start": "2017-10-25T02:13:09.532Z",
                    "end": "2017-10-25T02:14:56.318Z"
                },
                "type": "SCRUB",
                "source": "data:drag",
                "_t": "20:13:09",
                "_end": "20:14:56",
                "data": {
                    "time": 651.762813
                }
            },
            {
                "time": {
                    "start": "2017-10-25T02:13:09.532Z",
                    "end": "2017-10-25T02:15:00.287Z"
                },
                "type": "SCRUB",
                "source": "data:drag",
                "_t": "20:13:09",
                "_end": "20:15:00",
                "data": {
                    "time": 651.762813
                }
            },
            {
                "time": {
                    "start": "2017-10-25T02:13:09.532Z",
                    "end": "2017-10-25T02:15:03.210Z"
                },
                "type": "SCRUB",
                "source": "data:drag",
                "_t": "20:13:09",
                "_end": "20:15:03",
                "data": {
                    "time": 668.693497
                }
            },
            {
                "time": {
                    "start": "2017-10-25T02:13:09.532Z",
                    "end": "2017-10-25T02:15:07.008Z"
                },
                "type": "SCRUB",
                "source": "data:drag",
                "_t": "20:13:09",
                "_end": "20:15:07",
                "data": {
                    "time": 666.604646
                }
            },
            {
                "time": {
                    "start": "2017-10-25T02:13:09.532Z",
                    "end": "2017-10-25T02:15:09.454Z"
                },
                "type": "SCRUB",
                "source": "data:drag",
                "_t": "20:13:09",
                "_end": "20:15:09",
                "data": {
                    "time": 666.604646
                }
            },
            {
                "time": {
                    "start": "2017-10-25T02:13:09.532Z",
                    "end": "2017-10-25T02:15:18.432Z"
                },
                "type": "SCRUB",
                "source": "data:drag",
                "_t": "20:13:09",
                "_end": "20:15:18",
                "data": {
                    "time": 598.332208
                }
            },
            {
                "time": {
                    "start": "2017-10-25T02:13:09.532Z",
                    "end": "2017-10-25T02:15:20.447Z"
                },
                "type": "SCRUB",
                "source": "data:drag",
                "_t": "20:13:09",
                "_end": "20:15:20",
                "data": {
                    "time": 518.186303
                }
            },
            {
                "time": {
                    "start": "2017-10-25T02:13:09.532Z",
                    "end": "2017-10-25T02:15:24.847Z"
                },
                "type": "SCRUB",
                "source": "data:drag",
                "_t": "20:13:09",
                "_end": "20:15:24",
                "data": {
                    "time": 434.522333
                }
            },
            {
                "time": {
                    "start": "2017-10-25T02:13:09.532Z",
                    "end": "2017-10-25T02:15:27.617Z"
                },
                "type": "SCRUB",
                "source": "data:drag",
                "_t": "20:13:09",
                "_end": "20:15:27",
                "data": {
                    "time": 376.254391
                }
            }
        ]
    }
}