{
    "user_id": "044",
    "session_id": "59eff5505efd4d725417b917",
    "study": "studyA",
    "workspace": "newrun.run-thurs-six-finally",
    "details": {
        "workspace": "newrun.run-thurs-six-finally",
        "labels": [
            {
                "time": 22.709762,
                "endTime": 26.696757577395516,
                "type": "run",
                "id": 1
            },
            {
                "time": 48.348358,
                "endTime": 55.54710001474152,
                "type": "skip",
                "id": 2
            },
            {
                "time": 274.721104,
                "endTime": 283.5810941719905,
                "type": "skip",
                "id": 3
            },
            {
                "time": 382.979108,
                "endTime": 386.57847900737113,
                "type": "run",
                "id": 4
            },
            {
                "time": 484.647494,
                "endTime": 488.46836476167095,
                "type": "run",
                "id": 5
            },
            {
                "time": 525.514197,
                "endTime": 533.9311876633909,
                "type": "skip",
                "id": 6
            },
            {
                "time": 549.934544,
                "endTime": 552.9801656216165,
                "type": "run",
                "id": 7
            },
            {
                "time": 577.622012,
                "endTime": 586.4820021719753,
                "type": "skip",
                "id": 8
            },
            {
                "time": 652.488928,
                "endTime": 654.5931756658441,
                "type": "run",
                "id": 9
            }
        ],
        "_starts": [
            "2017-10-25T02:34:36.000Z"
        ],
        "_ends": [
            "2017-10-25T02:36:17.763Z"
        ]
    },
    "labels_file": "/home/ubuntu/vat/data/user-studies/studyA/run-yellow/044.labels.json",
    "videoFlash": 3.918989,
    "surveys": {
        "user-info": {
            "firstname": "Anna",
            "lastname": "Nielsen",
            "email": "anna.nielsen15@gmail.com"
        },
        "practice-first": {
            "question1": "-2",
            "question2": "OK",
            "question3": "50",
            "question4": "0"
        },
        "practice-second": {},
        "practice-third": {},
        "practice-survey": {},
        "run-blue": {
            "question1": "2",
            "question2": "1",
            "question3": "100",
            "question4": "70"
        }
    },
    "logs": {
        "labelEvents": [
            {
                "time": "2017-10-25T02:35:04.778Z",
                "type": "START",
                "source": "side-bar:button",
                "_t": "20:35:04",
                "_end": "-",
                "data": {
                    "type": "run",
                    "time": 22.709762
                }
            },
            {
                "time": "2017-10-25T02:35:07.366Z",
                "type": "END",
                "source": "data:click:h_pos",
                "_t": "20:35:07",
                "_end": "-",
                "data": {
                    "lbl": {
                        "time": 22.709762,
                        "endTime": 26.696757577395516,
                        "type": "run",
                        "id": 1
                    }
                }
            },
            {
                "time": "2017-10-25T02:35:10.298Z",
                "type": "START",
                "source": "side-bar:button",
                "_t": "20:35:10",
                "_end": "-",
                "data": {
                    "type": "skip",
                    "time": 48.348358
                }
            },
            {
                "time": "2017-10-25T02:35:12.001Z",
                "type": "END",
                "source": "data:click:h_pos",
                "_t": "20:35:12",
                "_end": "-",
                "data": {
                    "lbl": {
                        "time": 48.348358,
                        "endTime": 55.54710001474152,
                        "type": "skip",
                        "id": 2
                    }
                }
            },
            {
                "time": "2017-10-25T02:35:23.996Z",
                "type": "START",
                "source": "side-bar:button",
                "_t": "20:35:23",
                "_end": "-",
                "data": {
                    "type": "skip",
                    "time": 274.721104
                }
            },
            {
                "time": "2017-10-25T02:35:26.311Z",
                "type": "END",
                "source": "data:click:h_pos",
                "_t": "20:35:26",
                "_end": "-",
                "data": {
                    "lbl": {
                        "time": 274.721104,
                        "endTime": 283.5810941719905,
                        "type": "skip",
                        "id": 3
                    }
                }
            },
            {
                "time": "2017-10-25T02:35:31.827Z",
                "type": "START",
                "source": "side-bar:button",
                "_t": "20:35:31",
                "_end": "-",
                "data": {
                    "type": "run",
                    "time": 382.979108
                }
            },
            {
                "time": "2017-10-25T02:35:34.063Z",
                "type": "END",
                "source": "data:click:h_pos",
                "_t": "20:35:34",
                "_end": "-",
                "data": {
                    "lbl": {
                        "time": 382.979108,
                        "endTime": 386.57847900737113,
                        "type": "run",
                        "id": 4
                    }
                }
            },
            {
                "time": "2017-10-25T02:35:39.628Z",
                "type": "START",
                "source": "side-bar:button",
                "_t": "20:35:39",
                "_end": "-",
                "data": {
                    "type": "run",
                    "time": 484.647494
                }
            },
            {
                "time": "2017-10-25T02:35:41.643Z",
                "type": "END",
                "source": "data:click:h_pos",
                "_t": "20:35:41",
                "_end": "-",
                "data": {
                    "lbl": {
                        "time": 484.647494,
                        "endTime": 488.46836476167095,
                        "type": "run",
                        "id": 5
                    }
                }
            },
            {
                "time": "2017-10-25T02:35:45.205Z",
                "type": "START",
                "source": "side-bar:button",
                "_t": "20:35:45",
                "_end": "-",
                "data": {
                    "type": "skip",
                    "time": 525.514197
                }
            },
            {
                "time": "2017-10-25T02:35:48.486Z",
                "type": "END",
                "source": "data:click:h_pos",
                "_t": "20:35:48",
                "_end": "-",
                "data": {
                    "lbl": {
                        "time": 525.514197,
                        "endTime": 533.9311876633909,
                        "type": "skip",
                        "id": 6
                    }
                }
            },
            {
                "time": "2017-10-25T02:35:52.411Z",
                "type": "START",
                "source": "side-bar:button",
                "_t": "20:35:52",
                "_end": "-",
                "data": {
                    "type": "run",
                    "time": 549.934544
                }
            },
            {
                "time": "2017-10-25T02:35:54.316Z",
                "type": "END",
                "source": "data:click:h_pos",
                "_t": "20:35:54",
                "_end": "-",
                "data": {
                    "lbl": {
                        "time": 549.934544,
                        "endTime": 552.9801656216165,
                        "type": "run",
                        "id": 7
                    }
                }
            },
            {
                "time": "2017-10-25T02:36:03.140Z",
                "type": "START",
                "source": "side-bar:button",
                "_t": "20:36:03",
                "_end": "-",
                "data": {
                    "type": "skip",
                    "time": 577.622012
                }
            },
            {
                "time": "2017-10-25T02:36:05.812Z",
                "type": "END",
                "source": "data:click:h_pos",
                "_t": "20:36:05",
                "_end": "-",
                "data": {
                    "lbl": {
                        "time": 577.622012,
                        "endTime": 586.4820021719753,
                        "type": "skip",
                        "id": 8
                    }
                }
            },
            {
                "time": "2017-10-25T02:36:12.180Z",
                "type": "START",
                "source": "side-bar:button",
                "_t": "20:36:12",
                "_end": "-",
                "data": {
                    "type": "run",
                    "time": 652.488928
                }
            },
            {
                "time": "2017-10-25T02:36:15.255Z",
                "type": "END",
                "source": "data:click:h_pos",
                "_t": "20:36:15",
                "_end": "-",
                "data": {
                    "lbl": {
                        "time": 652.488928,
                        "endTime": 654.5931756658441,
                        "type": "run",
                        "id": 9
                    }
                }
            }
        ],
        "navigationEvents": [
            {
                "time": "2017-10-25T02:34:49.171Z",
                "type": "PLAY",
                "source": "hotkey",
                "_t": "20:34:49",
                "_end": "-",
                "data": {
                    "key": "space"
                }
            },
            {
                "time": {
                    "start": "2017-10-25T02:34:36.239Z",
                    "end": "2017-10-25T02:34:51.640Z"
                },
                "type": "SCRUB",
                "source": "data:drag",
                "_t": "20:34:36",
                "_end": "20:34:51",
                "data": {
                    "time": 18.878193
                }
            },
            {
                "time": {
                    "start": "2017-10-25T02:34:36.239Z",
                    "end": "2017-10-25T02:34:53.729Z"
                },
                "type": "SCRUB",
                "source": "data:drag",
                "_t": "20:34:36",
                "_end": "20:34:53",
                "data": {
                    "time": 21.509148
                }
            },
            {
                "time": {
                    "start": "2017-10-25T02:34:36.239Z",
                    "end": "2017-10-25T02:34:57.915Z"
                },
                "type": "SCRUB",
                "source": "data:drag",
                "_t": "20:34:36",
                "_end": "20:34:57",
                "data": {
                    "time": 22.797051
                }
            },
            {
                "time": {
                    "start": "2017-10-25T02:34:36.239Z",
                    "end": "2017-10-25T02:34:59.196Z"
                },
                "type": "SCRUB",
                "source": "data:drag",
                "_t": "20:34:36",
                "_end": "20:34:59",
                "data": {
                    "time": 20.719046
                }
            },
            {
                "time": "2017-10-25T02:34:59.763Z",
                "type": "PAUSE",
                "source": "hotkey",
                "_t": "20:34:59",
                "_end": "-",
                "data": {
                    "key": "space"
                }
            },
            {
                "time": {
                    "start": "2017-10-25T02:34:36.239Z",
                    "end": "2017-10-25T02:35:03.283Z"
                },
                "type": "SCRUB",
                "source": "data:drag",
                "_t": "20:34:36",
                "_end": "20:35:03",
                "data": {
                    "time": 22.709762
                }
            },
            {
                "time": {
                    "start": "2017-10-25T02:34:36.239Z",
                    "end": "2017-10-25T02:35:07.364Z"
                },
                "type": "SCRUB",
                "source": "data:drag",
                "_t": "20:34:36",
                "_end": "20:35:07",
                "data": {
                    "time": 22.709762
                }
            },
            {
                "time": {
                    "start": "2017-10-25T02:34:36.239Z",
                    "end": "2017-10-25T02:35:09.146Z"
                },
                "type": "SCRUB",
                "source": "data:drag",
                "_t": "20:34:36",
                "_end": "20:35:09",
                "data": {
                    "time": 48.348358
                }
            },
            {
                "time": {
                    "start": "2017-10-25T02:34:36.239Z",
                    "end": "2017-10-25T02:35:11.999Z"
                },
                "type": "SCRUB",
                "source": "data:drag",
                "_t": "20:34:36",
                "_end": "20:35:11",
                "data": {
                    "time": 48.348358
                }
            },
            {
                "time": {
                    "start": "2017-10-25T02:34:36.239Z",
                    "end": "2017-10-25T02:35:13.646Z"
                },
                "type": "SCRUB",
                "source": "data:drag",
                "_t": "20:34:36",
                "_end": "20:35:13",
                "data": {
                    "time": 87.775314
                }
            },
            {
                "time": {
                    "start": "2017-10-25T02:34:36.239Z",
                    "end": "2017-10-25T02:35:14.471Z"
                },
                "type": "SCRUB",
                "source": "data:drag",
                "_t": "20:34:36",
                "_end": "20:35:14",
                "data": {
                    "time": 121.498651
                }
            },
            {
                "time": {
                    "start": "2017-10-25T02:34:36.239Z",
                    "end": "2017-10-25T02:35:15.536Z"
                },
                "type": "SCRUB",
                "source": "data:drag",
                "_t": "20:34:36",
                "_end": "20:35:15",
                "data": {
                    "time": 162.697605
                }
            },
            {
                "time": {
                    "start": "2017-10-25T02:34:36.239Z",
                    "end": "2017-10-25T02:35:16.324Z"
                },
                "type": "SCRUB",
                "source": "data:drag",
                "_t": "20:34:36",
                "_end": "20:35:16",
                "data": {
                    "time": 202.235311
                }
            },
            {
                "time": {
                    "start": "2017-10-25T02:34:36.239Z",
                    "end": "2017-10-25T02:35:17.235Z"
                },
                "type": "SCRUB",
                "source": "data:drag",
                "_t": "20:34:36",
                "_end": "20:35:17",
                "data": {
                    "time": 240.444018
                }
            },
            {
                "time": {
                    "start": "2017-10-25T02:34:36.239Z",
                    "end": "2017-10-25T02:35:21.563Z"
                },
                "type": "SCRUB",
                "source": "data:drag",
                "_t": "20:34:36",
                "_end": "20:35:21",
                "data": {
                    "time": 274.721104
                }
            },
            {
                "time": {
                    "start": "2017-10-25T02:34:36.239Z",
                    "end": "2017-10-25T02:35:26.309Z"
                },
                "type": "SCRUB",
                "source": "data:drag",
                "_t": "20:34:36",
                "_end": "20:35:26",
                "data": {
                    "time": 274.721104
                }
            },
            {
                "time": {
                    "start": "2017-10-25T02:34:36.239Z",
                    "end": "2017-10-25T02:35:28.007Z"
                },
                "type": "SCRUB",
                "source": "data:drag",
                "_t": "20:34:36",
                "_end": "20:35:28",
                "data": {
                    "time": 352.855142
                }
            },
            {
                "time": {
                    "start": "2017-10-25T02:34:36.239Z",
                    "end": "2017-10-25T02:35:30.635Z"
                },
                "type": "SCRUB",
                "source": "data:drag",
                "_t": "20:34:36",
                "_end": "20:35:30",
                "data": {
                    "time": 382.979108
                }
            },
            {
                "time": {
                    "start": "2017-10-25T02:34:36.239Z",
                    "end": "2017-10-25T02:35:34.061Z"
                },
                "type": "SCRUB",
                "source": "data:drag",
                "_t": "20:34:36",
                "_end": "20:35:34",
                "data": {
                    "time": 382.979108
                }
            },
            {
                "time": {
                    "start": "2017-10-25T02:34:36.239Z",
                    "end": "2017-10-25T02:35:35.314Z"
                },
                "type": "SCRUB",
                "source": "data:drag",
                "_t": "20:34:36",
                "_end": "20:35:35",
                "data": {
                    "time": 436.582048
                }
            },
            {
                "time": {
                    "start": "2017-10-25T02:34:36.239Z",
                    "end": "2017-10-25T02:35:38.627Z"
                },
                "type": "SCRUB",
                "source": "data:drag",
                "_t": "20:34:36",
                "_end": "20:35:38",
                "data": {
                    "time": 484.647494
                }
            },
            {
                "time": {
                    "start": "2017-10-25T02:34:36.239Z",
                    "end": "2017-10-25T02:35:41.641Z"
                },
                "type": "SCRUB",
                "source": "data:drag",
                "_t": "20:34:36",
                "_end": "20:35:41",
                "data": {
                    "time": 484.647494
                }
            },
            {
                "time": {
                    "start": "2017-10-25T02:34:36.239Z",
                    "end": "2017-10-25T02:35:44.211Z"
                },
                "type": "SCRUB",
                "source": "data:drag",
                "_t": "20:34:36",
                "_end": "20:35:44",
                "data": {
                    "time": 525.514197
                }
            },
            {
                "time": {
                    "start": "2017-10-25T02:34:36.239Z",
                    "end": "2017-10-25T02:35:48.484Z"
                },
                "type": "SCRUB",
                "source": "data:drag",
                "_t": "20:34:36",
                "_end": "20:35:48",
                "data": {
                    "time": 525.514197
                }
            },
            {
                "time": {
                    "start": "2017-10-25T02:34:36.239Z",
                    "end": "2017-10-25T02:35:51.307Z"
                },
                "type": "SCRUB",
                "source": "data:drag",
                "_t": "20:34:36",
                "_end": "20:35:51",
                "data": {
                    "time": 549.934544
                }
            },
            {
                "time": {
                    "start": "2017-10-25T02:34:36.239Z",
                    "end": "2017-10-25T02:35:54.314Z"
                },
                "type": "SCRUB",
                "source": "data:drag",
                "_t": "20:34:36",
                "_end": "20:35:54",
                "data": {
                    "time": 549.934544
                }
            },
            {
                "time": {
                    "start": "2017-10-25T02:34:36.239Z",
                    "end": "2017-10-25T02:35:58.380Z"
                },
                "type": "SCRUB",
                "source": "data:drag",
                "_t": "20:34:36",
                "_end": "20:35:58",
                "data": {
                    "time": 577.455888
                }
            },
            {
                "time": {
                    "start": "2017-10-25T02:34:36.239Z",
                    "end": "2017-10-25T02:36:01.939Z"
                },
                "type": "SCRUB",
                "source": "data:drag",
                "_t": "20:34:36",
                "_end": "20:36:01",
                "data": {
                    "time": 577.622012
                }
            },
            {
                "time": {
                    "start": "2017-10-25T02:34:36.239Z",
                    "end": "2017-10-25T02:36:05.809Z"
                },
                "type": "SCRUB",
                "source": "data:drag",
                "_t": "20:34:36",
                "_end": "20:36:05",
                "data": {
                    "time": 577.622012
                }
            },
            {
                "time": {
                    "start": "2017-10-25T02:34:36.239Z",
                    "end": "2017-10-25T02:36:07.471Z"
                },
                "type": "SCRUB",
                "source": "data:drag",
                "_t": "20:34:36",
                "_end": "20:36:07",
                "data": {
                    "time": 635.544197
                }
            },
            {
                "time": {
                    "start": "2017-10-25T02:34:36.239Z",
                    "end": "2017-10-25T02:36:11.291Z"
                },
                "type": "SCRUB",
                "source": "data:drag",
                "_t": "20:34:36",
                "_end": "20:36:11",
                "data": {
                    "time": 652.488928
                }
            },
            {
                "time": {
                    "start": "2017-10-25T02:34:36.239Z",
                    "end": "2017-10-25T02:36:15.252Z"
                },
                "type": "SCRUB",
                "source": "data:drag",
                "_t": "20:34:36",
                "_end": "20:36:15",
                "data": {
                    "time": 652.488928
                }
            },
            {
                "time": {
                    "start": "2017-10-25T02:34:36.239Z",
                    "end": "2017-10-25T02:36:16.363Z"
                },
                "type": "SCRUB",
                "source": "data:drag",
                "_t": "20:34:36",
                "_end": "20:36:16",
                "data": {
                    "time": 652.488928
                }
            }
        ]
    }
}