{
    "user_id": "045",
    "session_id": "5a788239ee2b1975ba835b70",
    "study": "studyC",
    "workspace": "cane.cane-vid3-dat3",
    "details": {
        "workspace": "cane.cane-vid3-dat3",
        "labels": [
            {
                "time": 38.73965999999909,
                "endTime": 39.83488517357645,
                "type": "ground",
                "id": 1
            },
            {
                "time": 40.342422000000454,
                "endTime": 41.377780034715585,
                "type": "ground",
                "id": 2
            },
            {
                "time": 41.87527799999914,
                "endTime": 42.89984348495946,
                "type": "ground",
                "id": 3
            },
            {
                "time": 43.50191399999907,
                "endTime": 44.53414732926746,
                "type": "ground",
                "id": 4
            },
            {
                "time": 45.17905400000092,
                "endTime": 46.19655351609775,
                "type": "ground",
                "id": 5
            },
            {
                "time": 47.006347,
                "endTime": 48.28528736398389,
                "type": "ground",
                "id": 6
            }
        ],
        "_starts": [
            "2018-02-05T16:12:03.000Z"
        ],
        "_ends": [
            "2018-02-05T16:15:22.793Z",
            "2018-02-05T16:16:42.705Z"
        ]
    },
    "labels_file": "/home/ubuntu/vat/data/user-studies/studyC/practice-first/045.labels.json",
    "videoFlash": 1.747661,
    "surveys": {
        "user-info": {
            "firstname": "Marci",
            "lastname": "Hepner",
            "email": "mar.hepner@gmail.com"
        }
    },
    "logs": {
        "labelEvents": [
            {
                "time": "2018-02-05T16:14:09.501Z",
                "type": "START",
                "source": "side-bar:button",
                "_t": "09:14:09",
                "_end": "-",
                "data": {
                    "type": "ground",
                    "time": 38.687941
                }
            },
            {
                "time": "2018-02-05T16:14:18.596Z",
                "type": "END",
                "source": "data:click:h_pos",
                "_t": "09:14:18",
                "_end": "-",
                "data": {
                    "lbl": {
                        "time": 38.687941,
                        "endTime": 41.27704213886189,
                        "type": "ground",
                        "id": 1
                    }
                }
            },
            {
                "time": "2018-02-05T16:14:31.286Z",
                "type": "SELECT",
                "source": "data:click",
                "_t": "09:14:31",
                "_end": "-",
                "data": {
                    "time": 38.687941,
                    "endTime": 41.27704213886189,
                    "type": "ground",
                    "id": 1
                }
            },
            {
                "time": "2018-02-05T16:14:32.213Z",
                "type": "DELETE",
                "source": "hotkey",
                "_t": "09:14:32",
                "_end": "-",
                "data": {
                    "id": 1,
                    "idx": 0
                }
            },
            {
                "time": "2018-02-05T16:14:38.949Z",
                "type": "START",
                "source": "side-bar:button",
                "_t": "09:14:38",
                "_end": "-",
                "data": {
                    "type": "ground",
                    "time": 38.728999
                }
            },
            {
                "time": "2018-02-05T16:14:42.568Z",
                "type": "END",
                "source": "data:click:h_pos",
                "_t": "09:14:42",
                "_end": "-",
                "data": {
                    "lbl": {
                        "time": 38.73965999999909,
                        "endTime": 39.83488517357645,
                        "type": "ground",
                        "id": 1
                    }
                }
            },
            {
                "time": "2018-02-05T16:14:52.879Z",
                "type": "SELECT",
                "source": "data:click",
                "_t": "09:14:52",
                "_end": "-",
                "data": {
                    "time": 38.73965999999909,
                    "endTime": 39.83488517357645,
                    "type": "ground",
                    "id": 1
                }
            },
            {
                "time": {
                    "start": "2018-02-05T16:14:53.895Z",
                    "end": "2018-02-05T16:14:57.229Z"
                },
                "type": "RESIZE",
                "source": "data:brush",
                "_t": "09:14:53",
                "_end": "09:14:57",
                "data": {
                    "brushing": true,
                    "origin": [
                        38.728999,
                        38.77846078203248
                    ],
                    "_brushside": 1,
                    "start": "2018-02-05T16:14:53.895Z",
                    "ε": 0.1,
                    "mode": "resize"
                }
            },
            {
                "time": "2018-02-05T16:15:02.221Z",
                "type": "START",
                "source": "side-bar:button",
                "_t": "09:15:02",
                "_end": "-",
                "data": {
                    "type": "ground",
                    "time": 40.342422
                }
            },
            {
                "time": "2018-02-05T16:15:08.401Z",
                "type": "END",
                "source": "data:click:h_pos",
                "_t": "09:15:08",
                "_end": "-",
                "data": {
                    "lbl": {
                        "time": 40.342422000000454,
                        "endTime": 41.377780034715585,
                        "type": "ground",
                        "id": 2
                    }
                }
            },
            {
                "time": "2018-02-05T16:15:14.580Z",
                "type": "SELECT",
                "source": "data:click",
                "_t": "09:15:14",
                "_end": "-",
                "data": {
                    "time": 40.342422000000454,
                    "endTime": 41.377780034715585,
                    "type": "ground",
                    "id": 2
                }
            },
            {
                "time": {
                    "start": "2018-02-05T16:15:16.150Z",
                    "end": "2018-02-05T16:15:19.397Z"
                },
                "type": "RESIZE",
                "source": "data:brush",
                "_t": "09:15:16",
                "_end": "09:15:19",
                "data": {
                    "brushing": true,
                    "origin": [
                        40.342422,
                        41.561495225122165
                    ],
                    "_brushside": 1,
                    "start": "2018-02-05T16:15:16.150Z",
                    "ε": 0.1,
                    "mode": "resize"
                }
            },
            {
                "time": "2018-02-05T16:15:30.141Z",
                "type": "DESELECT",
                "source": "side-bar:button",
                "_t": "09:15:30",
                "_end": "-",
                "data": {
                    "time": 40.342422000000454,
                    "endTime": 41.377780034715585,
                    "type": "ground",
                    "id": 2
                }
            },
            {
                "time": "2018-02-05T16:15:35.565Z",
                "type": "START",
                "source": "side-bar:button",
                "_t": "09:15:35",
                "_end": "-",
                "data": {
                    "type": "ground",
                    "time": 41.875278
                }
            },
            {
                "time": "2018-02-05T16:15:40.425Z",
                "type": "END",
                "source": "data:click:h_pos",
                "_t": "09:15:40",
                "_end": "-",
                "data": {
                    "lbl": {
                        "time": 41.87527799999914,
                        "endTime": 42.89984348495946,
                        "type": "ground",
                        "id": 3
                    }
                }
            },
            {
                "time": "2018-02-05T16:15:46.751Z",
                "type": "SELECT",
                "source": "data:click",
                "_t": "09:15:46",
                "_end": "-",
                "data": {
                    "time": 41.87527799999914,
                    "endTime": 42.89984348495946,
                    "type": "ground",
                    "id": 3
                }
            },
            {
                "time": {
                    "start": "2018-02-05T16:15:47.255Z",
                    "end": "2018-02-05T16:15:48.525Z"
                },
                "type": "RESIZE",
                "source": "data:brush",
                "_t": "09:15:47",
                "_end": "09:15:48",
                "data": {
                    "brushing": true,
                    "origin": [
                        41.875278,
                        43.43685711845547
                    ],
                    "_brushside": 1,
                    "start": "2018-02-05T16:15:47.255Z",
                    "ε": 0.1,
                    "mode": "resize"
                }
            },
            {
                "time": "2018-02-05T16:15:54.948Z",
                "type": "DESELECT",
                "source": "side-bar:button",
                "_t": "09:15:54",
                "_end": "-",
                "data": {
                    "time": 41.87527799999914,
                    "endTime": 42.89984348495946,
                    "type": "ground",
                    "id": 3
                }
            },
            {
                "time": "2018-02-05T16:15:55.861Z",
                "type": "START",
                "source": "side-bar:button",
                "_t": "09:15:55",
                "_end": "-",
                "data": {
                    "type": "ground",
                    "time": 43.501914
                }
            },
            {
                "time": "2018-02-05T16:15:58.665Z",
                "type": "END",
                "source": "data:click:h_pos",
                "_t": "09:15:58",
                "_end": "-",
                "data": {
                    "lbl": {
                        "time": 43.50191399999907,
                        "endTime": 44.53414732926746,
                        "type": "ground",
                        "id": 4
                    }
                }
            },
            {
                "time": "2018-02-05T16:16:06.912Z",
                "type": "SELECT",
                "source": "data:click",
                "_t": "09:16:06",
                "_end": "-",
                "data": {
                    "time": 43.50191399999907,
                    "endTime": 44.53414732926746,
                    "type": "ground",
                    "id": 4
                }
            },
            {
                "time": {
                    "start": "2018-02-05T16:16:07.662Z",
                    "end": "2018-02-05T16:16:09.269Z"
                },
                "type": "RESIZE",
                "source": "data:brush",
                "_t": "09:16:07",
                "_end": "09:16:09",
                "data": {
                    "brushing": true,
                    "origin": [
                        43.501914,
                        43.9476719137395
                    ],
                    "_brushside": 1,
                    "start": "2018-02-05T16:16:07.662Z",
                    "ε": 0.1,
                    "mode": "resize"
                }
            },
            {
                "time": "2018-02-05T16:16:11.620Z",
                "type": "DESELECT",
                "source": "side-bar:button",
                "_t": "09:16:11",
                "_end": "-",
                "data": {
                    "time": 43.50191399999907,
                    "endTime": 44.53414732926746,
                    "type": "ground",
                    "id": 4
                }
            },
            {
                "time": "2018-02-05T16:16:16.005Z",
                "type": "START",
                "source": "side-bar:button",
                "_t": "09:16:16",
                "_end": "-",
                "data": {
                    "type": "ground",
                    "time": 45.164856
                }
            },
            {
                "time": "2018-02-05T16:16:17.667Z",
                "type": "END",
                "source": "data:click:h_pos",
                "_t": "09:16:17",
                "_end": "-",
                "data": {
                    "lbl": {
                        "time": 45.17905400000092,
                        "endTime": 46.19655351609775,
                        "type": "ground",
                        "id": 5
                    }
                }
            },
            {
                "time": "2018-02-05T16:16:25.160Z",
                "type": "SELECT",
                "source": "data:click",
                "_t": "09:16:25",
                "_end": "-",
                "data": {
                    "time": 45.17905400000092,
                    "endTime": 46.19655351609775,
                    "type": "ground",
                    "id": 5
                }
            },
            {
                "time": {
                    "start": "2018-02-05T16:16:25.982Z",
                    "end": "2018-02-05T16:16:27.830Z"
                },
                "type": "RESIZE",
                "source": "data:brush",
                "_t": "09:16:25",
                "_end": "09:16:27",
                "data": {
                    "brushing": true,
                    "origin": [
                        45.164856,
                        45.82199110414642
                    ],
                    "_brushside": 1,
                    "start": "2018-02-05T16:16:25.982Z",
                    "ε": 0.1,
                    "mode": "resize"
                }
            },
            {
                "time": "2018-02-05T16:16:29.997Z",
                "type": "DESELECT",
                "source": "side-bar:button",
                "_t": "09:16:29",
                "_end": "-",
                "data": {
                    "time": 45.17905400000092,
                    "endTime": 46.19655351609775,
                    "type": "ground",
                    "id": 5
                }
            },
            {
                "time": "2018-02-05T16:16:35.630Z",
                "type": "START",
                "source": "side-bar:button",
                "_t": "09:16:35",
                "_end": "-",
                "data": {
                    "type": "ground",
                    "time": 47.006347
                }
            },
            {
                "time": "2018-02-05T16:16:37.861Z",
                "type": "END",
                "source": "data:click:h_pos",
                "_t": "09:16:37",
                "_end": "-",
                "data": {
                    "lbl": {
                        "time": 47.006347,
                        "endTime": 48.28528736398389,
                        "type": "ground",
                        "id": 6
                    }
                }
            }
        ],
        "navigationEvents": [
            {
                "time": {
                    "start": "2018-02-05T16:12:03.592Z",
                    "end": "2018-02-05T16:13:48.327Z"
                },
                "type": "SCRUB",
                "source": "data:drag",
                "_t": "09:12:03",
                "_end": "09:13:48",
                "data": {
                    "time": 14.772486
                }
            },
            {
                "time": {
                    "start": "2018-02-05T16:12:03.592Z",
                    "end": "2018-02-05T16:13:49.345Z"
                },
                "type": "SCRUB",
                "source": "data:drag",
                "_t": "09:12:03",
                "_end": "09:13:49",
                "data": {
                    "time": 20.705794
                }
            },
            {
                "time": {
                    "start": "2018-02-05T16:12:03.592Z",
                    "end": "2018-02-05T16:13:50.419Z"
                },
                "type": "SCRUB",
                "source": "data:drag",
                "_t": "09:12:03",
                "_end": "09:13:50",
                "data": {
                    "time": 26.55271
                }
            },
            {
                "time": {
                    "start": "2018-02-05T16:12:03.592Z",
                    "end": "2018-02-05T16:13:54.964Z"
                },
                "type": "SCRUB",
                "source": "data:drag",
                "_t": "09:12:03",
                "_end": "09:13:54",
                "data": {
                    "time": 34.959318
                }
            },
            {
                "time": "2018-02-05T16:13:58.045Z",
                "type": "PAUSE",
                "source": "video:button",
                "_t": "09:13:58",
                "_end": "-"
            },
            {
                "time": {
                    "start": "2018-02-05T16:12:03.592Z",
                    "end": "2018-02-05T16:14:08.573Z"
                },
                "type": "SCRUB",
                "source": "data:drag",
                "_t": "09:12:03",
                "_end": "09:14:08",
                "data": {
                    "time": 38.687941
                }
            },
            {
                "time": "2018-02-05T16:14:16.661Z",
                "type": "PLAY",
                "source": "video:button",
                "_t": "09:14:16",
                "_end": "-"
            },
            {
                "time": {
                    "start": "2018-02-05T16:12:03.592Z",
                    "end": "2018-02-05T16:14:18.592Z"
                },
                "type": "SCRUB",
                "source": "data:drag",
                "_t": "09:12:03",
                "_end": "09:14:18",
                "data": {
                    "time": 40.587497
                }
            },
            {
                "time": "2018-02-05T16:14:19.310Z",
                "type": "PAUSE",
                "source": "video:button",
                "_t": "09:14:19",
                "_end": "-"
            },
            {
                "time": {
                    "start": "2018-02-05T16:12:03.592Z",
                    "end": "2018-02-05T16:14:30.822Z"
                },
                "type": "SCRUB",
                "source": "data:drag",
                "_t": "09:12:03",
                "_end": "09:14:30",
                "data": {
                    "time": 41.908686
                }
            },
            {
                "time": {
                    "start": "2018-02-05T16:12:03.592Z",
                    "end": "2018-02-05T16:14:31.284Z"
                },
                "type": "SCRUB",
                "source": "data:drag",
                "_t": "09:12:03",
                "_end": "09:14:31",
                "data": {
                    "time": 41.908686
                }
            },
            {
                "time": {
                    "start": "2018-02-05T16:12:03.592Z",
                    "end": "2018-02-05T16:14:33.518Z"
                },
                "type": "SCRUB",
                "source": "data:drag",
                "_t": "09:12:03",
                "_end": "09:14:33",
                "data": {
                    "time": 41.894554
                }
            },
            {
                "time": {
                    "start": "2018-02-05T16:12:03.592Z",
                    "end": "2018-02-05T16:14:36.636Z"
                },
                "type": "SCRUB",
                "source": "data:drag",
                "_t": "09:12:03",
                "_end": "09:14:36",
                "data": {
                    "time": 38.65834
                }
            },
            {
                "time": {
                    "start": "2018-02-05T16:12:03.592Z",
                    "end": "2018-02-05T16:14:38.013Z"
                },
                "type": "SCRUB",
                "source": "data:drag",
                "_t": "09:12:03",
                "_end": "09:14:38",
                "data": {
                    "time": 38.728999
                }
            },
            {
                "time": {
                    "start": "2018-02-05T16:12:03.592Z",
                    "end": "2018-02-05T16:14:42.566Z"
                },
                "type": "SCRUB",
                "source": "data:drag",
                "_t": "09:12:03",
                "_end": "09:14:42",
                "data": {
                    "time": 38.728999
                }
            },
            {
                "time": "2018-02-05T16:14:44.756Z",
                "type": "CHANGE-PLAYBACK-RATE",
                "source": "video:menu",
                "_t": "09:14:44",
                "_end": "-",
                "data": {
                    "oldRate": 1,
                    "newRate": 0.25
                }
            },
            {
                "time": "2018-02-05T16:14:45.222Z",
                "type": "PLAY",
                "source": "video:button",
                "_t": "09:14:45",
                "_end": "-"
            },
            {
                "time": "2018-02-05T16:14:46.845Z",
                "type": "PAUSE",
                "source": "video:button",
                "_t": "09:14:46",
                "_end": "-"
            },
            {
                "time": "2018-02-05T16:14:47.412Z",
                "type": "PLAY",
                "source": "video:button",
                "_t": "09:14:47",
                "_end": "-"
            },
            {
                "time": "2018-02-05T16:14:50.199Z",
                "type": "PAUSE",
                "source": "video:button",
                "_t": "09:14:50",
                "_end": "-"
            },
            {
                "time": {
                    "start": "2018-02-05T16:12:03.592Z",
                    "end": "2018-02-05T16:14:52.876Z"
                },
                "type": "SCRUB",
                "source": "data:drag",
                "_t": "09:12:03",
                "_end": "09:14:52",
                "data": {
                    "time": 39.825207
                }
            },
            {
                "time": {
                    "start": "2018-02-05T16:12:03.592Z",
                    "end": "2018-02-05T16:14:57.238Z"
                },
                "type": "SCRUB",
                "source": "data:drag",
                "_t": "09:12:03",
                "_end": "09:14:57",
                "data": {
                    "time": 39.825207
                }
            },
            {
                "time": "2018-02-05T16:14:58.446Z",
                "type": "PLAY",
                "source": "video:button",
                "_t": "09:14:58",
                "_end": "-"
            },
            {
                "time": "2018-02-05T16:15:00.508Z",
                "type": "PAUSE",
                "source": "video:button",
                "_t": "09:15:00",
                "_end": "-"
            },
            {
                "time": "2018-02-05T16:15:04.958Z",
                "type": "PLAY",
                "source": "video:button",
                "_t": "09:15:04",
                "_end": "-"
            },
            {
                "time": {
                    "start": "2018-02-05T16:12:03.592Z",
                    "end": "2018-02-05T16:15:08.398Z"
                },
                "type": "SCRUB",
                "source": "data:drag",
                "_t": "09:12:03",
                "_end": "09:15:08",
                "data": {
                    "time": 41.207916
                }
            },
            {
                "time": "2018-02-05T16:15:09.142Z",
                "type": "PAUSE",
                "source": "video:button",
                "_t": "09:15:09",
                "_end": "-"
            },
            {
                "time": {
                    "start": "2018-02-05T16:12:03.592Z",
                    "end": "2018-02-05T16:15:11.046Z"
                },
                "type": "SCRUB",
                "source": "data:drag",
                "_t": "09:12:03",
                "_end": "09:15:11",
                "data": {
                    "time": 41.401764
                }
            },
            {
                "time": {
                    "start": "2018-02-05T16:12:03.592Z",
                    "end": "2018-02-05T16:15:14.137Z"
                },
                "type": "SCRUB",
                "source": "data:drag",
                "_t": "09:12:03",
                "_end": "09:15:14",
                "data": {
                    "time": 41.422961
                }
            },
            {
                "time": {
                    "start": "2018-02-05T16:12:03.592Z",
                    "end": "2018-02-05T16:15:14.579Z"
                },
                "type": "SCRUB",
                "source": "data:drag",
                "_t": "09:12:03",
                "_end": "09:15:14",
                "data": {
                    "time": 41.422961
                }
            },
            {
                "time": {
                    "start": "2018-02-05T16:12:03.592Z",
                    "end": "2018-02-05T16:15:19.405Z"
                },
                "type": "SCRUB",
                "source": "data:drag",
                "_t": "09:12:03",
                "_end": "09:15:19",
                "data": {
                    "time": 41.422961
                }
            },
            {
                "time": "2018-02-05T16:15:30.877Z",
                "type": "PLAY",
                "source": "video:button",
                "_t": "09:15:30",
                "_end": "-"
            },
            {
                "time": "2018-02-05T16:15:32.479Z",
                "type": "PAUSE",
                "source": "video:button",
                "_t": "09:15:32",
                "_end": "-"
            },
            {
                "time": "2018-02-05T16:15:33.613Z",
                "type": "PLAY",
                "source": "video:button",
                "_t": "09:15:33",
                "_end": "-"
            },
            {
                "time": "2018-02-05T16:15:33.837Z",
                "type": "PAUSE",
                "source": "video:button",
                "_t": "09:15:33",
                "_end": "-"
            },
            {
                "time": {
                    "start": "2018-02-05T16:12:03.592Z",
                    "end": "2018-02-05T16:15:40.425Z"
                },
                "type": "SCRUB",
                "source": "data:drag",
                "_t": "09:12:03",
                "_end": "09:15:40",
                "data": {
                    "time": 41.875278
                }
            },
            {
                "time": "2018-02-05T16:15:41.182Z",
                "type": "PLAY",
                "source": "video:button",
                "_t": "09:15:41",
                "_end": "-"
            },
            {
                "time": "2018-02-05T16:15:45.309Z",
                "type": "PAUSE",
                "source": "video:button",
                "_t": "09:15:45",
                "_end": "-"
            },
            {
                "time": {
                    "start": "2018-02-05T16:12:03.592Z",
                    "end": "2018-02-05T16:15:46.749Z"
                },
                "type": "SCRUB",
                "source": "data:drag",
                "_t": "09:12:03",
                "_end": "09:15:46",
                "data": {
                    "time": 42.910529
                }
            },
            {
                "time": {
                    "start": "2018-02-05T16:12:03.592Z",
                    "end": "2018-02-05T16:15:48.546Z"
                },
                "type": "SCRUB",
                "source": "data:drag",
                "_t": "09:12:03",
                "_end": "09:15:48",
                "data": {
                    "time": 42.910529
                }
            },
            {
                "time": "2018-02-05T16:15:49.694Z",
                "type": "PLAY",
                "source": "video:button",
                "_t": "09:15:49",
                "_end": "-"
            },
            {
                "time": "2018-02-05T16:15:52.053Z",
                "type": "PAUSE",
                "source": "video:button",
                "_t": "09:15:52",
                "_end": "-"
            },
            {
                "time": {
                    "start": "2018-02-05T16:12:03.592Z",
                    "end": "2018-02-05T16:15:58.662Z"
                },
                "type": "SCRUB",
                "source": "data:drag",
                "_t": "09:12:03",
                "_end": "09:15:58",
                "data": {
                    "time": 43.501914
                }
            },
            {
                "time": "2018-02-05T16:15:59.038Z",
                "type": "PLAY",
                "source": "video:button",
                "_t": "09:15:59",
                "_end": "-"
            },
            {
                "time": "2018-02-05T16:16:01.862Z",
                "type": "PAUSE",
                "source": "video:button",
                "_t": "09:16:01",
                "_end": "-"
            },
            {
                "time": "2018-02-05T16:16:02.574Z",
                "type": "PLAY",
                "source": "video:button",
                "_t": "09:16:02",
                "_end": "-"
            },
            {
                "time": "2018-02-05T16:16:04.181Z",
                "type": "PAUSE",
                "source": "video:button",
                "_t": "09:16:04",
                "_end": "-"
            },
            {
                "time": {
                    "start": "2018-02-05T16:12:03.592Z",
                    "end": "2018-02-05T16:16:05.653Z"
                },
                "type": "SCRUB",
                "source": "data:drag",
                "_t": "09:12:03",
                "_end": "09:16:05",
                "data": {
                    "time": 44.608426
                }
            },
            {
                "time": {
                    "start": "2018-02-05T16:12:03.592Z",
                    "end": "2018-02-05T16:16:06.292Z"
                },
                "type": "SCRUB",
                "source": "data:drag",
                "_t": "09:12:03",
                "_end": "09:16:06",
                "data": {
                    "time": 44.615491
                }
            },
            {
                "time": {
                    "start": "2018-02-05T16:12:03.592Z",
                    "end": "2018-02-05T16:16:06.910Z"
                },
                "type": "SCRUB",
                "source": "data:drag",
                "_t": "09:12:03",
                "_end": "09:16:06",
                "data": {
                    "time": 44.615491
                }
            },
            {
                "time": {
                    "start": "2018-02-05T16:12:03.592Z",
                    "end": "2018-02-05T16:16:09.288Z"
                },
                "type": "SCRUB",
                "source": "data:drag",
                "_t": "09:12:03",
                "_end": "09:16:09",
                "data": {
                    "time": 44.615491
                }
            },
            {
                "time": "2018-02-05T16:16:12.533Z",
                "type": "PLAY",
                "source": "video:button",
                "_t": "09:16:12",
                "_end": "-"
            },
            {
                "time": "2018-02-05T16:16:14.813Z",
                "type": "PAUSE",
                "source": "video:button",
                "_t": "09:16:14",
                "_end": "-"
            },
            {
                "time": {
                    "start": "2018-02-05T16:12:03.592Z",
                    "end": "2018-02-05T16:16:17.664Z"
                },
                "type": "SCRUB",
                "source": "data:drag",
                "_t": "09:12:03",
                "_end": "09:16:17",
                "data": {
                    "time": 45.164856
                }
            },
            {
                "time": "2018-02-05T16:16:18.111Z",
                "type": "PLAY",
                "source": "video:button",
                "_t": "09:16:18",
                "_end": "-"
            },
            {
                "time": "2018-02-05T16:16:21.413Z",
                "type": "PAUSE",
                "source": "video:button",
                "_t": "09:16:21",
                "_end": "-"
            },
            {
                "time": "2018-02-05T16:16:22.229Z",
                "type": "PLAY",
                "source": "video:button",
                "_t": "09:16:22",
                "_end": "-"
            },
            {
                "time": "2018-02-05T16:16:23.068Z",
                "type": "PAUSE",
                "source": "video:button",
                "_t": "09:16:23",
                "_end": "-"
            },
            {
                "time": "2018-02-05T16:16:23.798Z",
                "type": "PLAY",
                "source": "video:button",
                "_t": "09:16:23",
                "_end": "-"
            },
            {
                "time": "2018-02-05T16:16:24.100Z",
                "type": "PAUSE",
                "source": "video:button",
                "_t": "09:16:24",
                "_end": "-"
            },
            {
                "time": {
                    "start": "2018-02-05T16:12:03.592Z",
                    "end": "2018-02-05T16:16:25.158Z"
                },
                "type": "SCRUB",
                "source": "data:drag",
                "_t": "09:12:03",
                "_end": "09:16:25",
                "data": {
                    "time": 46.273794
                }
            },
            {
                "time": {
                    "start": "2018-02-05T16:12:03.592Z",
                    "end": "2018-02-05T16:16:27.838Z"
                },
                "type": "SCRUB",
                "source": "data:drag",
                "_t": "09:12:03",
                "_end": "09:16:27",
                "data": {
                    "time": 46.273794
                }
            },
            {
                "time": "2018-02-05T16:16:30.950Z",
                "type": "PLAY",
                "source": "video:button",
                "_t": "09:16:30",
                "_end": "-"
            },
            {
                "time": "2018-02-05T16:16:33.872Z",
                "type": "PAUSE",
                "source": "video:button",
                "_t": "09:16:33",
                "_end": "-"
            },
            {
                "time": {
                    "start": "2018-02-05T16:12:03.592Z",
                    "end": "2018-02-05T16:16:37.858Z"
                },
                "type": "SCRUB",
                "source": "data:drag",
                "_t": "09:12:03",
                "_end": "09:16:37",
                "data": {
                    "time": 47.006347
                }
            },
            {
                "time": "2018-02-05T16:16:38.231Z",
                "type": "PLAY",
                "source": "video:button",
                "_t": "09:16:38",
                "_end": "-"
            },
            {
                "time": "2018-02-05T16:16:42.052Z",
                "type": "PAUSE",
                "source": "video:button",
                "_t": "09:16:42",
                "_end": "-"
            }
        ]
    }
}