{
    "user_id": "047",
    "session_id": "5a7882a2ee2b1975ba835b74",
    "study": "studyC",
    "workspace": "cane.cane-vid3-dat3",
    "details": {
        "workspace": "cane.cane-vid3-dat3",
        "labels": [
            {
                "time": 34.711722,
                "endTime": 34.711722,
                "type": "ground",
                "id": 2
            }
        ],
        "_starts": [
            "2018-02-05T16:13:33.000Z"
        ],
        "_ends": [
            "2018-02-05T16:16:39.396Z"
        ]
    },
    "labels_file": "/home/ubuntu/vat/data/user-studies/studyC/practice-first/047.labels.json",
    "videoFlash": 1.747661,
    "surveys": {
        "user-info": {
            "firstname": "susan",
            "lastname": "routson",
            "email": "susanroutson@gmail.com"
        }
    },
    "logs": {
        "labelEvents": [
            {
                "time": "2018-02-05T16:14:32.859Z",
                "type": "START",
                "source": "side-bar:button",
                "_t": "09:14:32",
                "_end": "-",
                "data": {
                    "type": "ground",
                    "time": 34.711722
                }
            },
            {
                "time": "2018-02-05T16:14:45.089Z",
                "type": "START",
                "source": "side-bar:button",
                "_t": "09:14:45",
                "_end": "-",
                "data": {
                    "type": "ground",
                    "time": 37.123173
                }
            },
            {
                "time": "2018-02-05T16:14:45.954Z",
                "type": "START",
                "source": "side-bar:button",
                "_t": "09:14:45",
                "_end": "-",
                "data": {
                    "type": "ground",
                    "time": 37.123173
                }
            },
            {
                "time": "2018-02-05T16:14:47.525Z",
                "type": "END",
                "source": "data:click:h_pos",
                "_t": "09:14:47",
                "_end": "-",
                "data": {
                    "lbl": {
                        "time": 34.711722,
                        "endTime": 34.711722,
                        "type": "ground",
                        "id": 2
                    }
                }
            },
            {
                "time": "2018-02-05T16:14:47.527Z",
                "type": "SELECT",
                "source": "data:click",
                "_t": "09:14:47",
                "_end": "-",
                "data": {
                    "time": 34.711722,
                    "endTime": 37.123173,
                    "type": "ground",
                    "id": 1
                }
            },
            {
                "time": "2018-02-05T16:14:48.729Z",
                "type": "DELETE",
                "source": "side-bar:button",
                "_t": "09:14:48",
                "_end": "-",
                "data": {
                    "id": 1,
                    "idx": 0
                }
            },
            {
                "time": "2018-02-05T16:15:01.474Z",
                "type": "START",
                "source": "side-bar:button",
                "_t": "09:15:01",
                "_end": "-",
                "data": {
                    "type": "ground",
                    "time": 38.570707
                }
            },
            {
                "time": "2018-02-05T16:15:22.948Z",
                "type": "END",
                "source": "data:click:h_pos",
                "_t": "09:15:22",
                "_end": "-",
                "data": {
                    "lbl": {
                        "time": 38.570707,
                        "endTime": 39.777939748290684,
                        "type": "ground",
                        "id": 3
                    }
                }
            },
            {
                "time": "2018-02-05T16:15:24.948Z",
                "type": "SELECT",
                "source": "data:click",
                "_t": "09:15:24",
                "_end": "-",
                "data": {
                    "time": 38.570707,
                    "endTime": 39.777939748290684,
                    "type": "ground",
                    "id": 3
                }
            },
            {
                "time": "2018-02-05T16:15:26.137Z",
                "type": "DELETE",
                "source": "side-bar:button",
                "_t": "09:15:26",
                "_end": "-",
                "data": {
                    "id": 3,
                    "idx": 1
                }
            },
            {
                "time": "2018-02-05T16:15:28.210Z",
                "type": "START",
                "source": "side-bar:button",
                "_t": "09:15:28",
                "_end": "-",
                "data": {
                    "type": "ground",
                    "time": 38.853053
                }
            },
            {
                "time": "2018-02-05T16:15:47.893Z",
                "type": "END",
                "source": "data:click:h_pos",
                "_t": "09:15:47",
                "_end": "-",
                "data": {
                    "lbl": {
                        "time": 38.853053,
                        "endTime": 41.68374701160755,
                        "type": "ground",
                        "id": 3
                    }
                }
            },
            {
                "time": "2018-02-05T16:15:49.604Z",
                "type": "SELECT",
                "source": "data:click",
                "_t": "09:15:49",
                "_end": "-",
                "data": {
                    "time": 38.853053,
                    "endTime": 41.68374701160755,
                    "type": "ground",
                    "id": 3
                }
            },
            {
                "time": "2018-02-05T16:15:51.113Z",
                "type": "DELETE",
                "source": "side-bar:button",
                "_t": "09:15:51",
                "_end": "-",
                "data": {
                    "id": 3,
                    "idx": 1
                }
            },
            {
                "time": "2018-02-05T16:16:26.419Z",
                "type": "START",
                "source": "side-bar:button",
                "_t": "09:16:26",
                "_end": "-",
                "data": {
                    "type": "ground",
                    "time": 38.764393
                }
            }
        ],
        "navigationEvents": [
            {
                "time": "2018-02-05T16:14:11.354Z",
                "type": "CHANGE-PLAYBACK-RATE",
                "source": "video:button",
                "_t": "09:14:11",
                "_end": "-",
                "data": {
                    "oldRate": 1,
                    "newRate": 1.5
                }
            },
            {
                "time": "2018-02-05T16:14:12.282Z",
                "type": "CHANGE-PLAYBACK-RATE",
                "source": "video:menu",
                "_t": "09:14:12",
                "_end": "-",
                "data": {
                    "oldRate": 1.5,
                    "newRate": 0.5
                }
            },
            {
                "time": {
                    "start": "2018-02-05T16:13:33.312Z",
                    "end": "2018-02-05T16:14:24.715Z"
                },
                "type": "SCRUB",
                "source": "data:drag",
                "_t": "09:13:33",
                "_end": "09:14:24",
                "data": {
                    "time": 31.468113
                }
            },
            {
                "time": "2018-02-05T16:14:31.195Z",
                "type": "PAUSE",
                "source": "video:button",
                "_t": "09:14:31",
                "_end": "-"
            },
            {
                "time": "2018-02-05T16:14:34.466Z",
                "type": "PLAY",
                "source": "video:button",
                "_t": "09:14:34",
                "_end": "-"
            },
            {
                "time": "2018-02-05T16:14:39.290Z",
                "type": "PAUSE",
                "source": "video:button",
                "_t": "09:14:39",
                "_end": "-"
            },
            {
                "time": {
                    "start": "2018-02-05T16:13:33.312Z",
                    "end": "2018-02-05T16:14:47.522Z"
                },
                "type": "SCRUB",
                "source": "data:drag",
                "_t": "09:13:33",
                "_end": "09:14:47",
                "data": {
                    "time": 37.123173
                }
            },
            {
                "time": "2018-02-05T16:14:52.793Z",
                "type": "CHANGE-PLAYBACK-RATE",
                "source": "video:button",
                "_t": "09:14:52",
                "_end": "-",
                "data": {
                    "oldRate": 0.5,
                    "newRate": 1
                }
            },
            {
                "time": "2018-02-05T16:14:53.521Z",
                "type": "CHANGE-PLAYBACK-RATE",
                "source": "video:menu",
                "_t": "09:14:53",
                "_end": "-",
                "data": {
                    "oldRate": 1,
                    "newRate": 0.25
                }
            },
            {
                "time": "2018-02-05T16:14:55.562Z",
                "type": "PLAY",
                "source": "video:button",
                "_t": "09:14:55",
                "_end": "-"
            },
            {
                "time": {
                    "start": "2018-02-05T16:15:08.679Z",
                    "end": "2018-02-05T16:15:08.776Z"
                },
                "type": "SCRUB",
                "source": "video:drag",
                "_t": "09:15:08",
                "_end": "09:15:08",
                "data": {
                    "to": 37.18375,
                    "from": 40.371406
                }
            },
            {
                "time": "2018-02-05T16:15:10.564Z",
                "type": "PAUSE",
                "source": "video:button",
                "_t": "09:15:10",
                "_end": "-"
            },
            {
                "time": "2018-02-05T16:15:11.770Z",
                "type": "PLAY",
                "source": "video:button",
                "_t": "09:15:11",
                "_end": "-"
            },
            {
                "time": "2018-02-05T16:15:16.731Z",
                "type": "PAUSE",
                "source": "video:button",
                "_t": "09:15:16",
                "_end": "-"
            },
            {
                "time": {
                    "start": "2018-02-05T16:13:33.312Z",
                    "end": "2018-02-05T16:15:22.946Z"
                },
                "type": "SCRUB",
                "source": "data:drag",
                "_t": "09:13:33",
                "_end": "09:15:22",
                "data": {
                    "time": 38.853053
                }
            },
            {
                "time": {
                    "start": "2018-02-05T16:13:33.312Z",
                    "end": "2018-02-05T16:15:24.946Z"
                },
                "type": "SCRUB",
                "source": "data:drag",
                "_t": "09:13:33",
                "_end": "09:15:24",
                "data": {
                    "time": 38.853053
                }
            },
            {
                "time": "2018-02-05T16:15:31.459Z",
                "type": "PLAY",
                "source": "video:button",
                "_t": "09:15:31",
                "_end": "-"
            },
            {
                "time": {
                    "start": "2018-02-05T16:13:33.312Z",
                    "end": "2018-02-05T16:15:37.520Z"
                },
                "type": "SCRUB",
                "source": "data:drag",
                "_t": "09:13:33",
                "_end": "09:15:37",
                "data": {
                    "time": 40.376989
                }
            },
            {
                "time": {
                    "start": "2018-02-05T16:13:33.312Z",
                    "end": "2018-02-05T16:15:44.829Z"
                },
                "type": "SCRUB",
                "source": "data:drag",
                "_t": "09:13:33",
                "_end": "09:15:44",
                "data": {
                    "time": 42.176751
                }
            },
            {
                "time": {
                    "start": "2018-02-05T16:13:33.312Z",
                    "end": "2018-02-05T16:15:45.997Z"
                },
                "type": "SCRUB",
                "source": "data:drag",
                "_t": "09:13:33",
                "_end": "09:15:45",
                "data": {
                    "time": 42.442649
                }
            },
            {
                "time": {
                    "start": "2018-02-05T16:13:33.312Z",
                    "end": "2018-02-05T16:15:47.890Z"
                },
                "type": "SCRUB",
                "source": "data:drag",
                "_t": "09:13:33",
                "_end": "09:15:47",
                "data": {
                    "time": 42.917192
                }
            },
            {
                "time": "2018-02-05T16:15:48.501Z",
                "type": "PAUSE",
                "source": "video:button",
                "_t": "09:15:48",
                "_end": "-"
            },
            {
                "time": {
                    "start": "2018-02-05T16:13:33.312Z",
                    "end": "2018-02-05T16:15:49.602Z"
                },
                "type": "SCRUB",
                "source": "data:drag",
                "_t": "09:13:33",
                "_end": "09:15:49",
                "data": {
                    "time": 43.068154
                }
            },
            {
                "time": {
                    "start": "2018-02-05T16:13:33.312Z",
                    "end": "2018-02-05T16:15:52.546Z"
                },
                "type": "SCRUB",
                "source": "data:drag",
                "_t": "09:13:33",
                "_end": "09:15:52",
                "data": {
                    "time": 43.068154
                }
            },
            {
                "time": {
                    "start": "2018-02-05T16:15:54.766Z",
                    "end": "2018-02-05T16:15:54.859Z"
                },
                "type": "SCRUB",
                "source": "video:drag",
                "_t": "09:15:54",
                "_end": "09:15:54",
                "data": {
                    "to": 18.367876,
                    "from": 43.068154
                }
            },
            {
                "time": {
                    "start": "2018-02-05T16:15:56.406Z",
                    "end": "2018-02-05T16:15:56.498Z"
                },
                "type": "SCRUB",
                "source": "video:drag",
                "_t": "09:15:56",
                "_end": "09:15:56",
                "data": {
                    "to": 23.519842,
                    "from": 18.367876
                }
            },
            {
                "time": {
                    "start": "2018-02-05T16:15:58.606Z",
                    "end": "2018-02-05T16:15:58.714Z"
                },
                "type": "SCRUB",
                "source": "video:drag",
                "_t": "09:15:58",
                "_end": "09:15:58",
                "data": {
                    "to": 26.133158,
                    "from": 23.519842
                }
            },
            {
                "time": "2018-02-05T16:16:00.443Z",
                "type": "PLAY",
                "source": "video:button",
                "_t": "09:16:00",
                "_end": "-"
            },
            {
                "time": {
                    "start": "2018-02-05T16:16:01.995Z",
                    "end": "2018-02-05T16:16:02.114Z"
                },
                "type": "SCRUB",
                "source": "video:drag",
                "_t": "09:16:01",
                "_end": "09:16:02",
                "data": {
                    "to": 10.154598,
                    "from": 26.509215
                }
            },
            {
                "time": {
                    "start": "2018-02-05T16:16:04.567Z",
                    "end": "2018-02-05T16:16:04.664Z"
                },
                "type": "SCRUB",
                "source": "video:drag",
                "_t": "09:16:04",
                "_end": "09:16:04",
                "data": {
                    "to": 26.058491,
                    "from": 10.673008
                }
            },
            {
                "time": {
                    "start": "2018-02-05T16:16:05.361Z",
                    "end": "2018-02-05T16:16:05.443Z"
                },
                "type": "SCRUB",
                "source": "video:drag",
                "_t": "09:16:05",
                "_end": "09:16:05",
                "data": {
                    "to": 30.314463,
                    "from": 26.213341
                }
            },
            {
                "time": {
                    "start": "2018-02-05T16:16:07.374Z",
                    "end": "2018-02-05T16:16:07.481Z"
                },
                "type": "SCRUB",
                "source": "video:drag",
                "_t": "09:16:07",
                "_end": "09:16:07",
                "data": {
                    "to": 34.047771,
                    "from": 30.7738
                }
            },
            {
                "time": "2018-02-05T16:16:30.980Z",
                "type": "PAUSE",
                "source": "video:button",
                "_t": "09:16:30",
                "_end": "-"
            }
        ]
    }
}