{
    "user_id": "047",
    "session_id": "5a7882a2ee2b1975ba835b74",
    "study": "studyC",
    "workspace": "pill.pills-blue",
    "details": {
        "workspace": "pill.pills-blue",
        "labels": [
            {
                "time": 8.807127,
                "endTime": 9.900137,
                "type": "move",
                "id": 1
            },
            {
                "time": 8.807127,
                "endTime": 8.807127,
                "type": "move",
                "id": 2
            },
            {
                "time": 30.613756,
                "endTime": 40.22019762601606,
                "type": "pill",
                "id": 3
            },
            {
                "time": 54.88208852845532,
                "endTime": 64.886724626017,
                "type": "move",
                "id": 4
            },
            {
                "time": 162.062939,
                "endTime": 170.07660273983723,
                "type": "pill",
                "id": 5
            },
            {
                "time": 215.918738,
                "endTime": 222.24007523577222,
                "type": "pill",
                "id": 6
            }
        ],
        "_starts": [
            "2018-02-05T16:22:00.000Z"
        ],
        "_ends": [
            "2018-02-05T16:25:10.878Z"
        ]
    },
    "labels_file": "/home/ubuntu/vat/data/user-studies/studyC/pill-blue/047.labels.json",
    "videoFlash": 4.288888,
    "surveys": {
        "user-info": {
            "firstname": "susan",
            "lastname": "routson",
            "email": "susanroutson@gmail.com"
        },
        "practice-first": {
            "question1": "4",
            "question2": "ok",
            "question3": "30",
            "question4": "5"
        },
        "practice-second": {},
        "practice-third": {},
        "practice-survey": {}
    },
    "logs": {
        "labelEvents": [
            {
                "time": "2018-02-05T16:22:42.510Z",
                "type": "START",
                "source": "side-bar:button",
                "_t": "09:22:42",
                "_end": "-",
                "data": {
                    "type": "move",
                    "time": 8.807127
                }
            },
            {
                "time": "2018-02-05T16:22:48.392Z",
                "type": "START",
                "source": "side-bar:button",
                "_t": "09:22:48",
                "_end": "-",
                "data": {
                    "type": "move",
                    "time": 9.900137
                }
            },
            {
                "time": "2018-02-05T16:22:54.912Z",
                "type": "END",
                "source": "data:click:h_pos",
                "_t": "09:22:54",
                "_end": "-",
                "data": {
                    "lbl": {
                        "time": 8.807127,
                        "endTime": 8.807127,
                        "type": "move",
                        "id": 2
                    }
                }
            },
            {
                "time": "2018-02-05T16:22:54.914Z",
                "type": "SELECT",
                "source": "data:click",
                "_t": "09:22:54",
                "_end": "-",
                "data": {
                    "time": 8.807127,
                    "endTime": 9.900137,
                    "type": "move",
                    "id": 1
                }
            },
            {
                "time": "2018-02-05T16:22:57.366Z",
                "type": "DESELECT",
                "source": "side-bar:button",
                "_t": "09:22:57",
                "_end": "-",
                "data": {
                    "time": 8.807127,
                    "endTime": 9.900137,
                    "type": "move",
                    "id": 1
                }
            },
            {
                "time": "2018-02-05T16:23:33.095Z",
                "type": "START",
                "source": "side-bar:button",
                "_t": "09:23:33",
                "_end": "-",
                "data": {
                    "type": "pill",
                    "time": 30.613756
                }
            },
            {
                "time": "2018-02-05T16:23:38.292Z",
                "type": "END",
                "source": "data:click:h_pos",
                "_t": "09:23:38",
                "_end": "-",
                "data": {
                    "lbl": {
                        "time": 30.613756,
                        "endTime": 40.22019762601606,
                        "type": "pill",
                        "id": 3
                    }
                }
            },
            {
                "time": "2018-02-05T16:24:02.720Z",
                "type": "START",
                "source": "side-bar:button",
                "_t": "09:24:02",
                "_end": "-",
                "data": {
                    "type": "move",
                    "time": 55.280283
                }
            },
            {
                "time": "2018-02-05T16:24:05.705Z",
                "type": "END",
                "source": "data:click:h_pos",
                "_t": "09:24:05",
                "_end": "-",
                "data": {
                    "lbl": {
                        "time": 54.88208852845532,
                        "endTime": 64.886724626017,
                        "type": "move",
                        "id": 4
                    }
                }
            },
            {
                "time": "2018-02-05T16:24:09.353Z",
                "type": "SELECT",
                "source": "data:click",
                "_t": "09:24:09",
                "_end": "-",
                "data": {
                    "time": 54.88208852845532,
                    "endTime": 64.886724626017,
                    "type": "move",
                    "id": 4
                }
            },
            {
                "time": "2018-02-05T16:24:10.624Z",
                "type": "DESELECT",
                "source": "data:click",
                "_t": "09:24:10",
                "_end": "-",
                "data": {
                    "time": 55.280283,
                    "endTime": 64.88672462601636,
                    "type": "move",
                    "id": 4
                }
            },
            {
                "time": "2018-02-05T16:24:11.457Z",
                "type": "SELECT",
                "source": "data:click",
                "_t": "09:24:11",
                "_end": "-",
                "data": {
                    "time": 54.88208852845532,
                    "endTime": 64.886724626017,
                    "type": "move",
                    "id": 4
                }
            },
            {
                "time": {
                    "start": "2018-02-05T16:24:12.480Z",
                    "end": "2018-02-05T16:24:13.191Z"
                },
                "type": "RESIZE",
                "source": "data:brush",
                "_t": "09:24:12",
                "_end": "09:24:13",
                "data": {
                    "brushing": true,
                    "origin": [
                        55.280283,
                        64.88672462601636
                    ],
                    "_brushside": 0,
                    "start": "2018-02-05T16:24:12.480Z",
                    "ε": 0.1,
                    "mode": "resize"
                }
            },
            {
                "time": "2018-02-05T16:24:16.581Z",
                "type": "DESELECT",
                "source": "data:click",
                "_t": "09:24:16",
                "_end": "-",
                "data": {
                    "time": 54.88208852845532,
                    "endTime": 64.886724626017,
                    "type": "move",
                    "id": 4
                }
            },
            {
                "time": "2018-02-05T16:24:38.033Z",
                "type": "START",
                "source": "side-bar:button",
                "_t": "09:24:38",
                "_end": "-",
                "data": {
                    "type": "pill",
                    "time": 162.062939
                }
            },
            {
                "time": "2018-02-05T16:24:40.240Z",
                "type": "END",
                "source": "data:click:h_pos",
                "_t": "09:24:40",
                "_end": "-",
                "data": {
                    "lbl": {
                        "time": 162.062939,
                        "endTime": 170.07660273983723,
                        "type": "pill",
                        "id": 5
                    }
                }
            },
            {
                "time": "2018-02-05T16:24:56.561Z",
                "type": "START",
                "source": "side-bar:button",
                "_t": "09:24:56",
                "_end": "-",
                "data": {
                    "type": "pill",
                    "time": 215.918738
                }
            },
            {
                "time": "2018-02-05T16:25:01.077Z",
                "type": "END",
                "source": "data:click:h_pos",
                "_t": "09:25:01",
                "_end": "-",
                "data": {
                    "lbl": {
                        "time": 215.918738,
                        "endTime": 222.24007523577222,
                        "type": "pill",
                        "id": 6
                    }
                }
            }
        ],
        "navigationEvents": [
            {
                "time": {
                    "start": "2018-02-05T16:22:00.298Z",
                    "end": "2018-02-05T16:22:27.471Z"
                },
                "type": "SCRUB",
                "source": "data:drag",
                "_t": "09:22:00",
                "_end": "09:22:27",
                "data": {
                    "time": 2.482867
                }
            },
            {
                "time": {
                    "start": "2018-02-05T16:22:00.298Z",
                    "end": "2018-02-05T16:22:31.717Z"
                },
                "type": "SCRUB",
                "source": "data:drag",
                "_t": "09:22:00",
                "_end": "09:22:31",
                "data": {
                    "time": 7.520429
                }
            },
            {
                "time": {
                    "start": "2018-02-05T16:22:00.298Z",
                    "end": "2018-02-05T16:22:36.190Z"
                },
                "type": "SCRUB",
                "source": "data:drag",
                "_t": "09:22:00",
                "_end": "09:22:36",
                "data": {
                    "time": 7.172693
                }
            },
            {
                "time": "2018-02-05T16:22:38.466Z",
                "type": "PAUSE",
                "source": "video:button",
                "_t": "09:22:38",
                "_end": "-"
            },
            {
                "time": {
                    "start": "2018-02-05T16:22:00.298Z",
                    "end": "2018-02-05T16:22:41.095Z"
                },
                "type": "SCRUB",
                "source": "data:drag",
                "_t": "09:22:00",
                "_end": "09:22:41",
                "data": {
                    "time": 8.807127
                }
            },
            {
                "time": "2018-02-05T16:22:45.439Z",
                "type": "PLAY",
                "source": "video:button",
                "_t": "09:22:45",
                "_end": "-"
            },
            {
                "time": "2018-02-05T16:22:46.624Z",
                "type": "PAUSE",
                "source": "video:button",
                "_t": "09:22:46",
                "_end": "-"
            },
            {
                "time": "2018-02-05T16:22:50.239Z",
                "type": "PLAY",
                "source": "video:button",
                "_t": "09:22:50",
                "_end": "-"
            },
            {
                "time": "2018-02-05T16:22:52.870Z",
                "type": "PAUSE",
                "source": "video:button",
                "_t": "09:22:52",
                "_end": "-"
            },
            {
                "time": {
                    "start": "2018-02-05T16:22:00.298Z",
                    "end": "2018-02-05T16:22:54.910Z"
                },
                "type": "SCRUB",
                "source": "data:drag",
                "_t": "09:22:00",
                "_end": "09:22:54",
                "data": {
                    "time": 12.566643
                }
            },
            {
                "time": "2018-02-05T16:22:58.615Z",
                "type": "PLAY",
                "source": "video:button",
                "_t": "09:22:58",
                "_end": "-"
            },
            {
                "time": "2018-02-05T16:23:24.534Z",
                "type": "PAUSE",
                "source": "video:button",
                "_t": "09:23:24",
                "_end": "-"
            },
            {
                "time": "2018-02-05T16:23:25.519Z",
                "type": "PLAY",
                "source": "video:button",
                "_t": "09:23:25",
                "_end": "-"
            },
            {
                "time": "2018-02-05T16:23:28.093Z",
                "type": "PAUSE",
                "source": "video:button",
                "_t": "09:23:28",
                "_end": "-"
            },
            {
                "time": {
                    "start": "2018-02-05T16:22:00.298Z",
                    "end": "2018-02-05T16:23:31.383Z"
                },
                "type": "SCRUB",
                "source": "data:drag",
                "_t": "09:22:00",
                "_end": "09:23:31",
                "data": {
                    "time": 30.613756
                }
            },
            {
                "time": {
                    "start": "2018-02-05T16:22:00.298Z",
                    "end": "2018-02-05T16:23:38.291Z"
                },
                "type": "SCRUB",
                "source": "data:drag",
                "_t": "09:22:00",
                "_end": "09:23:38",
                "data": {
                    "time": 30.613756
                }
            },
            {
                "time": {
                    "start": "2018-02-05T16:22:00.298Z",
                    "end": "2018-02-05T16:23:44.014Z"
                },
                "type": "SCRUB",
                "source": "data:drag",
                "_t": "09:22:00",
                "_end": "09:23:44",
                "data": {
                    "time": 55.15249
                }
            },
            {
                "time": "2018-02-05T16:23:45.568Z",
                "type": "PLAY",
                "source": "video:button",
                "_t": "09:23:45",
                "_end": "-"
            },
            {
                "time": {
                    "start": "2018-02-05T16:22:00.298Z",
                    "end": "2018-02-05T16:23:55.354Z"
                },
                "type": "SCRUB",
                "source": "data:drag",
                "_t": "09:22:00",
                "_end": "09:23:55",
                "data": {
                    "time": 51.749263
                }
            },
            {
                "time": {
                    "start": "2018-02-05T16:22:00.298Z",
                    "end": "2018-02-05T16:23:59.272Z"
                },
                "type": "SCRUB",
                "source": "data:drag",
                "_t": "09:22:00",
                "_end": "09:23:59",
                "data": {
                    "time": 54.941677
                }
            },
            {
                "time": "2018-02-05T16:23:59.769Z",
                "type": "PAUSE",
                "source": "video:button",
                "_t": "09:23:59",
                "_end": "-"
            },
            {
                "time": {
                    "start": "2018-02-05T16:22:00.298Z",
                    "end": "2018-02-05T16:24:05.703Z"
                },
                "type": "SCRUB",
                "source": "data:drag",
                "_t": "09:22:00",
                "_end": "09:24:05",
                "data": {
                    "time": 55.280283
                }
            },
            {
                "time": {
                    "start": "2018-02-05T16:22:00.298Z",
                    "end": "2018-02-05T16:24:08.088Z"
                },
                "type": "SCRUB",
                "source": "data:drag",
                "_t": "09:22:00",
                "_end": "09:24:08",
                "data": {
                    "time": 54.284796
                }
            },
            {
                "time": {
                    "start": "2018-02-05T16:22:00.298Z",
                    "end": "2018-02-05T16:24:09.351Z"
                },
                "type": "SCRUB",
                "source": "data:drag",
                "_t": "09:22:00",
                "_end": "09:24:09",
                "data": {
                    "time": 54.284796
                }
            },
            {
                "time": {
                    "start": "2018-02-05T16:22:00.298Z",
                    "end": "2018-02-05T16:24:10.624Z"
                },
                "type": "SCRUB",
                "source": "data:drag",
                "_t": "09:22:00",
                "_end": "09:24:10",
                "data": {
                    "time": 54.284796
                }
            },
            {
                "time": {
                    "start": "2018-02-05T16:22:00.298Z",
                    "end": "2018-02-05T16:24:10.831Z"
                },
                "type": "SCRUB",
                "source": "data:drag",
                "_t": "09:22:00",
                "_end": "09:24:10",
                "data": {
                    "time": 54.284796
                }
            },
            {
                "time": {
                    "start": "2018-02-05T16:22:00.298Z",
                    "end": "2018-02-05T16:24:11.455Z"
                },
                "type": "SCRUB",
                "source": "data:drag",
                "_t": "09:22:00",
                "_end": "09:24:11",
                "data": {
                    "time": 54.284796
                }
            },
            {
                "time": {
                    "start": "2018-02-05T16:22:00.298Z",
                    "end": "2018-02-05T16:24:13.200Z"
                },
                "type": "SCRUB",
                "source": "data:drag",
                "_t": "09:22:00",
                "_end": "09:24:13",
                "data": {
                    "time": 54.284796
                }
            },
            {
                "time": {
                    "start": "2018-02-05T16:22:00.298Z",
                    "end": "2018-02-05T16:24:16.580Z"
                },
                "type": "SCRUB",
                "source": "data:drag",
                "_t": "09:22:00",
                "_end": "09:24:16",
                "data": {
                    "time": 54.284796
                }
            },
            {
                "time": {
                    "start": "2018-02-05T16:22:00.298Z",
                    "end": "2018-02-05T16:24:19.889Z"
                },
                "type": "SCRUB",
                "source": "data:drag",
                "_t": "09:22:00",
                "_end": "09:24:19",
                "data": {
                    "time": 64.588077
                }
            },
            {
                "time": {
                    "start": "2018-02-05T16:22:00.298Z",
                    "end": "2018-02-05T16:24:21.201Z"
                },
                "type": "SCRUB",
                "source": "data:drag",
                "_t": "09:22:00",
                "_end": "09:24:21",
                "data": {
                    "time": 92.113269
                }
            },
            {
                "time": {
                    "start": "2018-02-05T16:22:00.298Z",
                    "end": "2018-02-05T16:24:21.888Z"
                },
                "type": "SCRUB",
                "source": "data:drag",
                "_t": "09:22:00",
                "_end": "09:24:21",
                "data": {
                    "time": 120.534399
                }
            },
            {
                "time": {
                    "start": "2018-02-05T16:22:00.298Z",
                    "end": "2018-02-05T16:24:22.717Z"
                },
                "type": "SCRUB",
                "source": "data:drag",
                "_t": "09:22:00",
                "_end": "09:24:22",
                "data": {
                    "time": 151.095824
                }
            },
            {
                "time": {
                    "start": "2018-02-05T16:22:00.298Z",
                    "end": "2018-02-05T16:24:24.362Z"
                },
                "type": "SCRUB",
                "source": "data:drag",
                "_t": "09:22:00",
                "_end": "09:24:24",
                "data": {
                    "time": 161.44888
                }
            },
            {
                "time": {
                    "start": "2018-02-05T16:22:00.298Z",
                    "end": "2018-02-05T16:24:26.430Z"
                },
                "type": "SCRUB",
                "source": "data:drag",
                "_t": "09:22:00",
                "_end": "09:24:26",
                "data": {
                    "time": 163.788272
                }
            },
            {
                "time": "2018-02-05T16:24:28.344Z",
                "type": "PLAY",
                "source": "video:button",
                "_t": "09:24:28",
                "_end": "-"
            },
            {
                "time": {
                    "start": "2018-02-05T16:22:00.298Z",
                    "end": "2018-02-05T16:24:31.935Z"
                },
                "type": "SCRUB",
                "source": "data:drag",
                "_t": "09:22:00",
                "_end": "09:24:31",
                "data": {
                    "time": 162.843205
                }
            },
            {
                "time": {
                    "start": "2018-02-05T16:22:00.298Z",
                    "end": "2018-02-05T16:24:33.007Z"
                },
                "type": "SCRUB",
                "source": "data:drag",
                "_t": "09:22:00",
                "_end": "09:24:33",
                "data": {
                    "time": 162.051563
                }
            },
            {
                "time": "2018-02-05T16:24:33.824Z",
                "type": "PAUSE",
                "source": "video:button",
                "_t": "09:24:33",
                "_end": "-"
            },
            {
                "time": {
                    "start": "2018-02-05T16:22:00.298Z",
                    "end": "2018-02-05T16:24:36.212Z"
                },
                "type": "SCRUB",
                "source": "data:drag",
                "_t": "09:22:00",
                "_end": "09:24:36",
                "data": {
                    "time": 162.062939
                }
            },
            {
                "time": {
                    "start": "2018-02-05T16:22:00.298Z",
                    "end": "2018-02-05T16:24:40.239Z"
                },
                "type": "SCRUB",
                "source": "data:drag",
                "_t": "09:22:00",
                "_end": "09:24:40",
                "data": {
                    "time": 162.062939
                }
            },
            {
                "time": {
                    "start": "2018-02-05T16:22:00.298Z",
                    "end": "2018-02-05T16:24:42.516Z"
                },
                "type": "SCRUB",
                "source": "data:drag",
                "_t": "09:22:00",
                "_end": "09:24:42",
                "data": {
                    "time": 187.14919
                }
            },
            {
                "time": {
                    "start": "2018-02-05T16:22:00.298Z",
                    "end": "2018-02-05T16:24:43.687Z"
                },
                "type": "SCRUB",
                "source": "data:drag",
                "_t": "09:22:00",
                "_end": "09:24:43",
                "data": {
                    "time": 213.330476
                }
            },
            {
                "time": {
                    "start": "2018-02-05T16:22:00.298Z",
                    "end": "2018-02-05T16:24:45.479Z"
                },
                "type": "SCRUB",
                "source": "data:drag",
                "_t": "09:22:00",
                "_end": "09:24:45",
                "data": {
                    "time": 215.172125
                }
            },
            {
                "time": {
                    "start": "2018-02-05T16:22:00.298Z",
                    "end": "2018-02-05T16:24:47.821Z"
                },
                "type": "SCRUB",
                "source": "data:drag",
                "_t": "09:22:00",
                "_end": "09:24:47",
                "data": {
                    "time": 218.457229
                }
            },
            {
                "time": {
                    "start": "2018-02-05T16:22:00.298Z",
                    "end": "2018-02-05T16:24:52.521Z"
                },
                "type": "SCRUB",
                "source": "data:drag",
                "_t": "09:22:00",
                "_end": "09:24:52",
                "data": {
                    "time": 215.221898
                }
            },
            {
                "time": {
                    "start": "2018-02-05T16:22:00.298Z",
                    "end": "2018-02-05T16:24:55.488Z"
                },
                "type": "SCRUB",
                "source": "data:drag",
                "_t": "09:22:00",
                "_end": "09:24:55",
                "data": {
                    "time": 215.918738
                }
            },
            {
                "time": {
                    "start": "2018-02-05T16:22:00.298Z",
                    "end": "2018-02-05T16:25:01.074Z"
                },
                "type": "SCRUB",
                "source": "data:drag",
                "_t": "09:22:00",
                "_end": "09:25:01",
                "data": {
                    "time": 215.918738
                }
            },
            {
                "time": {
                    "start": "2018-02-05T16:22:00.298Z",
                    "end": "2018-02-05T16:25:03.167Z"
                },
                "type": "SCRUB",
                "source": "data:drag",
                "_t": "09:22:00",
                "_end": "09:25:03",
                "data": {
                    "time": 232.394034
                }
            },
            {
                "time": {
                    "start": "2018-02-05T16:22:00.298Z",
                    "end": "2018-02-05T16:25:04.450Z"
                },
                "type": "SCRUB",
                "source": "data:drag",
                "_t": "09:22:00",
                "_end": "09:25:04",
                "data": {
                    "time": 240.357923
                }
            },
            {
                "time": {
                    "start": "2018-02-05T16:22:00.298Z",
                    "end": "2018-02-05T16:25:06.813Z"
                },
                "type": "SCRUB",
                "source": "data:drag",
                "_t": "09:22:00",
                "_end": "09:25:06",
                "data": {
                    "time": 242.796864
                }
            },
            {
                "time": {
                    "start": "2018-02-05T16:22:00.298Z",
                    "end": "2018-02-05T16:25:08.567Z"
                },
                "type": "SCRUB",
                "source": "data:drag",
                "_t": "09:22:00",
                "_end": "09:25:08",
                "data": {
                    "time": 246.281065
                }
            }
        ]
    }
}