{
    "user_id": "048",
    "session_id": "5a788f58ee2b1975ba835b91",
    "study": "studyD",
    "workspace": "cane.cane-vid1-dat2",
    "details": {
        "workspace": "cane.cane-vid1-dat2",
        "labels": [
            {
                "time": 23.688717,
                "endTime": 23.688717,
                "type": "ground",
                "id": 2
            },
            {
                "time": 26.447241,
                "endTime": 26.447241,
                "type": "ground",
                "id": 4
            }
        ],
        "_starts": [
            "2018-02-05T17:11:27.000Z"
        ],
        "_ends": [
            "2018-02-05T17:13:40.368Z"
        ]
    },
    "labels_file": "/home/ubuntu/vat/data/user-studies/studyD/practice-second/048.labels.json",
    "videoFlash": 1.922515,
    "surveys": {
        "user-info": {
            "firstname": "Kendra",
            "lastname": "Graham",
            "email": "deloris4@gmail.com"
        },
        "practice-first": {
            "question1": "3",
            "question2": "ok",
            "question3": "100",
            "question4": "4"
        }
    },
    "logs": {
        "labelEvents": [
            {
                "time": "2018-02-05T17:12:09.384Z",
                "type": "START",
                "source": "hotkey",
                "_t": "10:12:09",
                "_end": "-",
                "data": {
                    "type": "ground",
                    "time": 26.991298
                }
            },
            {
                "time": "2018-02-05T17:12:19.514Z",
                "type": "START",
                "source": "hotkey",
                "_t": "10:12:19",
                "_end": "-",
                "data": {
                    "type": "ground",
                    "time": 23.688717
                }
            },
            {
                "time": "2018-02-05T17:12:29.074Z",
                "type": "END",
                "source": "data:click:h_pos",
                "_t": "10:12:29",
                "_end": "-",
                "data": {
                    "lbl": {
                        "time": 23.688717,
                        "endTime": 23.688717,
                        "type": "ground",
                        "id": 2
                    }
                }
            },
            {
                "time": "2018-02-05T17:12:29.076Z",
                "type": "SELECT",
                "source": "data:click",
                "_t": "10:12:29",
                "_end": "-",
                "data": {
                    "time": 23.688717,
                    "endTime": 26.991298,
                    "type": "ground",
                    "id": 1
                }
            },
            {
                "time": "2018-02-05T17:12:30.536Z",
                "type": "DELETE",
                "source": "side-bar:button",
                "_t": "10:12:30",
                "_end": "-",
                "data": {
                    "id": 1,
                    "idx": 0
                }
            },
            {
                "time": "2018-02-05T17:12:32.009Z",
                "type": "START",
                "source": "side-bar:button",
                "_t": "10:12:32",
                "_end": "-",
                "data": {
                    "type": "ground",
                    "time": 26.447241
                }
            },
            {
                "time": "2018-02-05T17:12:46.529Z",
                "type": "START",
                "source": "side-bar:button",
                "_t": "10:12:46",
                "_end": "-",
                "data": {
                    "type": "ground",
                    "time": 36.307406
                }
            },
            {
                "time": "2018-02-05T17:12:47.979Z",
                "type": "END",
                "source": "data:click:h_pos",
                "_t": "10:12:47",
                "_end": "-",
                "data": {
                    "lbl": {
                        "time": 26.447241,
                        "endTime": 26.447241,
                        "type": "ground",
                        "id": 4
                    }
                }
            },
            {
                "time": "2018-02-05T17:12:47.981Z",
                "type": "SELECT",
                "source": "data:click",
                "_t": "10:12:47",
                "_end": "-",
                "data": {
                    "time": 26.447241,
                    "endTime": 36.307406,
                    "type": "ground",
                    "id": 3
                }
            },
            {
                "time": "2018-02-05T17:12:49.496Z",
                "type": "DELETE",
                "source": "side-bar:button",
                "_t": "10:12:49",
                "_end": "-",
                "data": {
                    "id": 3,
                    "idx": 1
                }
            },
            {
                "time": "2018-02-05T17:12:55.466Z",
                "type": "START",
                "source": "hotkey",
                "_t": "10:12:55",
                "_end": "-",
                "data": {
                    "type": "ground",
                    "time": 24.817082
                }
            },
            {
                "time": "2018-02-05T17:13:32.203Z",
                "type": "END",
                "source": "data:click:h_pos",
                "_t": "10:13:32",
                "_end": "-",
                "data": {
                    "lbl": {
                        "time": 24.817082,
                        "endTime": 25.910039983739757,
                        "type": "ground",
                        "id": 5
                    }
                }
            },
            {
                "time": "2018-02-05T17:13:34.027Z",
                "type": "SELECT",
                "source": "data:click",
                "_t": "10:13:34",
                "_end": "-",
                "data": {
                    "time": 24.817082,
                    "endTime": 25.910039983739757,
                    "type": "ground",
                    "id": 5
                }
            },
            {
                "time": "2018-02-05T17:13:35.321Z",
                "type": "DELETE",
                "source": "side-bar:button",
                "_t": "10:13:35",
                "_end": "-",
                "data": {
                    "id": 5,
                    "idx": 2
                }
            },
            {
                "time": "2018-02-05T17:13:37.483Z",
                "type": "START",
                "source": "hotkey",
                "_t": "10:13:37",
                "_end": "-",
                "data": {
                    "type": "ground",
                    "time": 29.851751
                }
            }
        ],
        "navigationEvents": [
            {
                "time": {
                    "start": "2018-02-05T17:11:27.068Z",
                    "end": "2018-02-05T17:11:45.249Z"
                },
                "type": "SCRUB",
                "source": "data:drag",
                "_t": "10:11:27",
                "_end": "10:11:45",
                "data": {
                    "time": 2.855619
                }
            },
            {
                "time": {
                    "start": "2018-02-05T17:11:27.068Z",
                    "end": "2018-02-05T17:11:47.320Z"
                },
                "type": "SCRUB",
                "source": "data:drag",
                "_t": "10:11:27",
                "_end": "10:11:47",
                "data": {
                    "time": 12.195381
                }
            },
            {
                "time": "2018-02-05T17:11:50.103Z",
                "type": "PAUSE",
                "source": "video:button",
                "_t": "10:11:50",
                "_end": "-"
            },
            {
                "time": "2018-02-05T17:11:52.185Z",
                "type": "PLAY",
                "source": "video:button",
                "_t": "10:11:52",
                "_end": "-"
            },
            {
                "time": {
                    "start": "2018-02-05T17:11:27.068Z",
                    "end": "2018-02-05T17:11:56.108Z"
                },
                "type": "SCRUB",
                "source": "data:drag",
                "_t": "10:11:27",
                "_end": "10:11:56",
                "data": {
                    "time": 18.876291
                }
            },
            {
                "time": {
                    "start": "2018-02-05T17:11:27.068Z",
                    "end": "2018-02-05T17:11:58.000Z"
                },
                "type": "SCRUB",
                "source": "data:drag",
                "_t": "10:11:27",
                "_end": "10:11:58",
                "data": {
                    "time": 22.462561
                }
            },
            {
                "time": {
                    "start": "2018-02-05T17:12:07.091Z",
                    "end": "2018-02-05T17:12:07.198Z"
                },
                "type": "SCRUB",
                "source": "video:drag",
                "_t": "10:12:07",
                "_end": "10:12:07",
                "data": {
                    "to": 24.880679,
                    "from": 31.456163
                }
            },
            {
                "time": {
                    "start": "2018-02-05T17:12:13.115Z",
                    "end": "2018-02-05T17:12:13.215Z"
                },
                "type": "SCRUB",
                "source": "video:drag",
                "_t": "10:12:13",
                "_end": "10:12:13",
                "data": {
                    "to": 17.508626,
                    "from": 30.727298
                }
            },
            {
                "time": {
                    "start": "2018-02-05T17:11:27.068Z",
                    "end": "2018-02-05T17:12:21.267Z"
                },
                "type": "SCRUB",
                "source": "data:drag",
                "_t": "10:11:27",
                "_end": "10:12:21",
                "data": {
                    "time": 25.449512
                }
            },
            {
                "time": "2018-02-05T17:12:24.729Z",
                "type": "PAUSE",
                "source": "video:button",
                "_t": "10:12:24",
                "_end": "-"
            },
            {
                "time": {
                    "start": "2018-02-05T17:12:26.372Z",
                    "end": "2018-02-05T17:12:26.451Z"
                },
                "type": "SCRUB",
                "source": "video:drag",
                "_t": "10:12:26",
                "_end": "10:12:26",
                "data": {
                    "to": 26.447241,
                    "from": 28.907453
                }
            },
            {
                "time": {
                    "start": "2018-02-05T17:11:27.068Z",
                    "end": "2018-02-05T17:12:29.073Z"
                },
                "type": "SCRUB",
                "source": "data:drag",
                "_t": "10:11:27",
                "_end": "10:12:29",
                "data": {
                    "time": 26.447241
                }
            },
            {
                "time": "2018-02-05T17:12:33.633Z",
                "type": "PLAY",
                "source": "video:button",
                "_t": "10:12:33",
                "_end": "-"
            },
            {
                "time": "2018-02-05T17:12:43.558Z",
                "type": "PAUSE",
                "source": "video:button",
                "_t": "10:12:43",
                "_end": "-"
            },
            {
                "time": {
                    "start": "2018-02-05T17:11:27.068Z",
                    "end": "2018-02-05T17:12:47.977Z"
                },
                "type": "SCRUB",
                "source": "data:drag",
                "_t": "10:11:27",
                "_end": "10:12:47",
                "data": {
                    "time": 36.307406
                }
            },
            {
                "time": {
                    "start": "2018-02-05T17:12:51.868Z",
                    "end": "2018-02-05T17:12:51.992Z"
                },
                "type": "SCRUB",
                "source": "video:drag",
                "_t": "10:12:51",
                "_end": "10:12:51",
                "data": {
                    "to": 22.853365,
                    "from": 36.307406
                }
            },
            {
                "time": "2018-02-05T17:12:53.433Z",
                "type": "PLAY",
                "source": "video:button",
                "_t": "10:12:53",
                "_end": "-"
            },
            {
                "time": "2018-02-05T17:13:00.505Z",
                "type": "PAUSE",
                "source": "video:button",
                "_t": "10:13:00",
                "_end": "-"
            },
            {
                "time": {
                    "start": "2018-02-05T17:11:27.068Z",
                    "end": "2018-02-05T17:13:32.201Z"
                },
                "type": "SCRUB",
                "source": "data:drag",
                "_t": "10:11:27",
                "_end": "10:13:32",
                "data": {
                    "time": 29.851751
                }
            },
            {
                "time": {
                    "start": "2018-02-05T17:11:27.068Z",
                    "end": "2018-02-05T17:13:34.025Z"
                },
                "type": "SCRUB",
                "source": "data:drag",
                "_t": "10:11:27",
                "_end": "10:13:34",
                "data": {
                    "time": 29.851751
                }
            }
        ]
    }
}