{
    "user_id": "050",
    "session_id": "5a789e16ee2b1975ba835ba1",
    "study": "studyD",
    "workspace": "cane.cane-vid1-dat2",
    "details": {
        "workspace": "cane.cane-vid1-dat2",
        "labels": [
            {
                "time": 28.42063,
                "endTime": 29.887124,
                "type": "ground",
                "id": 1
            },
            {
                "time": 30.610988,
                "endTime": 31.704666,
                "type": "ground",
                "id": 2
            },
            {
                "time": 32.286004,
                "endTime": 33.29896,
                "type": "ground",
                "id": 3
            },
            {
                "time": 33.993137999999995,
                "endTime": 35.24639182555282,
                "type": "ground",
                "id": 4
            }
        ],
        "_starts": [
            "2018-02-05T18:14:59.000Z"
        ],
        "_ends": [
            "2018-02-05T18:17:19.614Z"
        ]
    },
    "labels_file": "/home/ubuntu/vat/data/user-studies/studyD/practice-second/050.labels.json",
    "videoFlash": 1.922515,
    "surveys": {
        "user-info": {
            "firstname": "WingKi",
            "lastname": "Yu",
            "email": "wing.yu.kilds@gmail.com"
        },
        "practice-first": {
            "question1": "4",
            "question2": "ok",
            "question3": "50",
            "question4": "5"
        }
    },
    "logs": {
        "labelEvents": [
            {
                "time": "2018-02-05T18:15:46.595Z",
                "type": "START",
                "source": "hotkey",
                "_t": "11:15:46",
                "_end": "-",
                "data": {
                    "type": "ground",
                    "time": 28.42063
                }
            },
            {
                "time": "2018-02-05T18:15:52.468Z",
                "type": "END",
                "source": "hotkey:ctb",
                "_t": "11:15:52",
                "_end": "-",
                "data": {
                    "lbl": {
                        "time": 28.42063,
                        "endTime": 29.887124,
                        "type": "ground",
                        "id": 1
                    },
                    "key": "enter"
                }
            },
            {
                "time": "2018-02-05T18:15:55.364Z",
                "type": "START",
                "source": "hotkey",
                "_t": "11:15:55",
                "_end": "-",
                "data": {
                    "type": "ground",
                    "time": 30.610988
                }
            },
            {
                "time": "2018-02-05T18:15:59.731Z",
                "type": "END",
                "source": "hotkey:ctb",
                "_t": "11:15:59",
                "_end": "-",
                "data": {
                    "lbl": {
                        "time": 30.610988,
                        "endTime": 31.704666,
                        "type": "ground",
                        "id": 2
                    },
                    "key": "enter"
                }
            },
            {
                "time": "2018-02-05T18:16:02.065Z",
                "type": "START",
                "source": "hotkey",
                "_t": "11:16:02",
                "_end": "-",
                "data": {
                    "type": "ground",
                    "time": 32.286004
                }
            },
            {
                "time": "2018-02-05T18:16:06.115Z",
                "type": "END",
                "source": "hotkey:ctb",
                "_t": "11:16:06",
                "_end": "-",
                "data": {
                    "lbl": {
                        "time": 32.286004,
                        "endTime": 33.29896,
                        "type": "ground",
                        "id": 3
                    },
                    "key": "enter"
                }
            },
            {
                "time": "2018-02-05T18:16:08.868Z",
                "type": "START",
                "source": "hotkey",
                "_t": "11:16:08",
                "_end": "-",
                "data": {
                    "type": "ground",
                    "time": 33.987374
                }
            },
            {
                "time": "2018-02-05T18:16:13.092Z",
                "type": "END",
                "source": "hotkey:ctb",
                "_t": "11:16:13",
                "_end": "-",
                "data": {
                    "lbl": {
                        "time": 34.80274399999999,
                        "endTime": 35.44511167772316,
                        "type": "ground",
                        "id": 4
                    },
                    "key": "enter"
                }
            },
            {
                "time": "2018-02-05T18:16:18.116Z",
                "type": "SELECT",
                "source": "data:click",
                "_t": "11:16:18",
                "_end": "-",
                "data": {
                    "time": 34.80274399999999,
                    "endTime": 35.44511167772316,
                    "type": "ground",
                    "id": 4
                }
            },
            {
                "time": "2018-02-05T18:16:25.681Z",
                "type": "DESELECT",
                "source": "data:click",
                "_t": "11:16:25",
                "_end": "-",
                "data": {
                    "time": 33.987374,
                    "endTime": 35.042631,
                    "type": "ground",
                    "id": 4
                }
            },
            {
                "time": "2018-02-05T18:16:28.525Z",
                "type": "SELECT",
                "source": "data:click",
                "_t": "11:16:28",
                "_end": "-",
                "data": {
                    "time": 34.80274399999999,
                    "endTime": 35.44511167772316,
                    "type": "ground",
                    "id": 4
                }
            },
            {
                "time": "2018-02-05T18:16:31.610Z",
                "type": "CHANGE-EVENT-TYPE",
                "source": "side-bar:menu",
                "_t": "11:16:31",
                "_end": "-",
                "data": {
                    "time": 33.987374,
                    "endTime": 35.042631,
                    "type": "ground",
                    "id": 4
                }
            },
            {
                "time": {
                    "start": "2018-02-05T18:16:35.387Z",
                    "end": "2018-02-05T18:16:40.217Z"
                },
                "type": "RESIZE",
                "source": "data:brush",
                "_t": "11:16:35",
                "_end": "11:16:40",
                "data": {
                    "brushing": true,
                    "origin": [
                        33.987374,
                        35.042631
                    ],
                    "_brushside": 1,
                    "start": "2018-02-05T18:16:35.387Z",
                    "ε": 0.1,
                    "mode": "resize"
                }
            },
            {
                "time": "2018-02-05T18:16:40.662Z",
                "type": "DESELECT",
                "source": "data:click",
                "_t": "11:16:40",
                "_end": "-",
                "data": {
                    "time": 34.80274399999999,
                    "endTime": 35.44511167772316,
                    "type": "ground",
                    "id": 4
                }
            },
            {
                "time": "2018-02-05T18:16:42.964Z",
                "type": "SELECT",
                "source": "data:click",
                "_t": "11:16:42",
                "_end": "-",
                "data": {
                    "time": 34.80274399999999,
                    "endTime": 35.44511167772316,
                    "type": "ground",
                    "id": 4
                }
            },
            {
                "time": "2018-02-05T18:16:44.110Z",
                "type": "DESELECT",
                "source": "data:click",
                "_t": "11:16:44",
                "_end": "-",
                "data": {
                    "time": 34.80274399999999,
                    "endTime": 35.44511167772316,
                    "type": "ground",
                    "id": 4
                }
            },
            {
                "time": "2018-02-05T18:16:46.708Z",
                "type": "SELECT",
                "source": "data:click",
                "_t": "11:16:46",
                "_end": "-",
                "data": {
                    "time": 34.80274399999999,
                    "endTime": 35.44511167772316,
                    "type": "ground",
                    "id": 4
                }
            },
            {
                "time": "2018-02-05T18:16:48.450Z",
                "type": "DELETE",
                "source": "side-bar:button",
                "_t": "11:16:48",
                "_end": "-",
                "data": {
                    "id": 4,
                    "idx": 3
                }
            },
            {
                "time": "2018-02-05T18:16:53.893Z",
                "type": "START",
                "source": "hotkey",
                "_t": "11:16:53",
                "_end": "-",
                "data": {
                    "type": "ground",
                    "time": 33.974278
                }
            },
            {
                "time": "2018-02-05T18:16:58.276Z",
                "type": "END",
                "source": "hotkey:ctb",
                "_t": "11:16:58",
                "_end": "-",
                "data": {
                    "lbl": {
                        "time": 33.993137999999995,
                        "endTime": 35.24639182555282,
                        "type": "ground",
                        "id": 4
                    },
                    "key": "enter"
                }
            },
            {
                "time": "2018-02-05T18:17:00.725Z",
                "type": "SELECT",
                "source": "data:click",
                "_t": "11:17:00",
                "_end": "-",
                "data": {
                    "time": 33.993137999999995,
                    "endTime": 35.24639182555282,
                    "type": "ground",
                    "id": 4
                }
            },
            {
                "time": {
                    "start": "2018-02-05T18:17:03.163Z",
                    "end": "2018-02-05T18:17:04.483Z"
                },
                "type": "RESIZE",
                "source": "data:brush",
                "_t": "11:17:03",
                "_end": "11:17:04",
                "data": {
                    "brushing": true,
                    "origin": [
                        33.974278,
                        35.069404
                    ],
                    "_brushside": 1,
                    "start": "2018-02-05T18:17:03.163Z",
                    "ε": 0.1,
                    "mode": "resize"
                }
            },
            {
                "time": "2018-02-05T18:17:12.793Z",
                "type": "DESELECT",
                "source": "data:click",
                "_t": "11:17:12",
                "_end": "-",
                "data": {
                    "time": 33.993137999999995,
                    "endTime": 35.24639182555282,
                    "type": "ground",
                    "id": 4
                }
            }
        ],
        "navigationEvents": [
            {
                "time": "2018-02-05T18:15:21.619Z",
                "type": "PLAY",
                "source": "video:button",
                "_t": "11:15:21",
                "_end": "-"
            },
            {
                "time": "2018-02-05T18:15:22.728Z",
                "type": "CHANGE-PLAYBACK-RATE",
                "source": "video:button",
                "_t": "11:15:22",
                "_end": "-",
                "data": {
                    "oldRate": 1,
                    "newRate": 1.5
                }
            },
            {
                "time": "2018-02-05T18:15:23.555Z",
                "type": "CHANGE-PLAYBACK-RATE",
                "source": "video:menu",
                "_t": "11:15:23",
                "_end": "-",
                "data": {
                    "oldRate": 1.5,
                    "newRate": 2
                }
            },
            {
                "time": {
                    "start": "2018-02-05T18:15:24.405Z",
                    "end": "2018-02-05T18:15:24.490Z"
                },
                "type": "SCRUB",
                "source": "video:drag",
                "_t": "11:15:24",
                "_end": "11:15:24",
                "data": {
                    "to": 15.204859,
                    "from": 5.78902
                }
            },
            {
                "time": {
                    "start": "2018-02-05T18:15:25.350Z",
                    "end": "2018-02-05T18:15:25.443Z"
                },
                "type": "SCRUB",
                "source": "video:drag",
                "_t": "11:15:25",
                "_end": "11:15:25",
                "data": {
                    "to": 20.733899,
                    "from": 16.773743
                }
            },
            {
                "time": "2018-02-05T18:15:26.769Z",
                "type": "PAUSE",
                "source": "video:button",
                "_t": "11:15:26",
                "_end": "-"
            },
            {
                "time": "2018-02-05T18:15:27.425Z",
                "type": "CHANGE-PLAYBACK-RATE",
                "source": "video:button",
                "_t": "11:15:27",
                "_end": "-",
                "data": {
                    "oldRate": 2,
                    "newRate": 0.25
                }
            },
            {
                "time": "2018-02-05T18:15:28.330Z",
                "type": "CHANGE-PLAYBACK-RATE",
                "source": "video:menu",
                "_t": "11:15:28",
                "_end": "-",
                "data": {
                    "oldRate": 0.25,
                    "newRate": 0.25
                }
            },
            {
                "time": "2018-02-05T18:15:28.794Z",
                "type": "PLAY",
                "source": "video:button",
                "_t": "11:15:28",
                "_end": "-"
            },
            {
                "time": "2018-02-05T18:15:37.028Z",
                "type": "SKIP",
                "source": "hotkey",
                "_t": "11:15:37",
                "_end": "-",
                "data": {
                    "t": 25.436974,
                    "Δt": 5,
                    "key": "right"
                }
            },
            {
                "time": "2018-02-05T18:15:37.923Z",
                "type": "SKIP",
                "source": "hotkey",
                "_t": "11:15:37",
                "_end": "-",
                "data": {
                    "t": 30.6253,
                    "Δt": -5,
                    "key": "left"
                }
            },
            {
                "time": {
                    "start": "2018-02-05T18:15:40.637Z",
                    "end": "2018-02-05T18:15:44.889Z"
                },
                "type": "SCRUB",
                "source": "video:drag",
                "_t": "11:15:40",
                "_end": "11:15:44",
                "data": {
                    "to": 28.013802,
                    "from": 26.271664
                }
            },
            {
                "time": {
                    "start": "2018-02-05T18:16:16.328Z",
                    "end": "2018-02-05T18:16:16.416Z"
                },
                "type": "SCRUB",
                "source": "video:drag",
                "_t": "11:16:16",
                "_end": "11:16:16",
                "data": {
                    "to": 34.095746,
                    "from": 35.851987
                }
            },
            {
                "time": {
                    "start": "2018-02-05T18:14:59.500Z",
                    "end": "2018-02-05T18:16:18.114Z"
                },
                "type": "SCRUB",
                "source": "data:drag",
                "_t": "11:14:59",
                "_end": "11:16:18",
                "data": {
                    "time": 34.502747
                }
            },
            {
                "time": {
                    "start": "2018-02-05T18:14:59.500Z",
                    "end": "2018-02-05T18:16:21.200Z"
                },
                "type": "SCRUB",
                "source": "data:drag",
                "_t": "11:14:59",
                "_end": "11:16:21",
                "data": {
                    "time": 35.275671
                }
            },
            {
                "time": "2018-02-05T18:16:22.995Z",
                "type": "SKIP",
                "source": "hotkey",
                "_t": "11:16:22",
                "_end": "-",
                "data": {
                    "t": 35.724726,
                    "Δt": -5,
                    "key": "left"
                }
            },
            {
                "time": {
                    "start": "2018-02-05T18:14:59.500Z",
                    "end": "2018-02-05T18:16:25.680Z"
                },
                "type": "SCRUB",
                "source": "data:drag",
                "_t": "11:14:59",
                "_end": "11:16:25",
                "data": {
                    "time": 31.370867
                }
            },
            {
                "time": "2018-02-05T18:16:26.210Z",
                "type": "PAUSE",
                "source": "video:button",
                "_t": "11:16:26",
                "_end": "-"
            },
            {
                "time": {
                    "start": "2018-02-05T18:14:59.500Z",
                    "end": "2018-02-05T18:16:28.523Z"
                },
                "type": "SCRUB",
                "source": "data:drag",
                "_t": "11:14:59",
                "_end": "11:16:28",
                "data": {
                    "time": 31.503207
                }
            },
            {
                "time": "2018-02-05T18:16:36.948Z",
                "type": "PLAY",
                "source": "hotkey",
                "_t": "11:16:36",
                "_end": "-",
                "data": {
                    "key": "space"
                }
            },
            {
                "time": {
                    "start": "2018-02-05T18:14:59.500Z",
                    "end": "2018-02-05T18:16:40.223Z"
                },
                "type": "SCRUB",
                "source": "data:drag",
                "_t": "11:14:59",
                "_end": "11:16:40",
                "data": {
                    "time": 32.329266
                }
            },
            {
                "time": {
                    "start": "2018-02-05T18:14:59.500Z",
                    "end": "2018-02-05T18:16:40.661Z"
                },
                "type": "SCRUB",
                "source": "data:drag",
                "_t": "11:14:59",
                "_end": "11:16:40",
                "data": {
                    "time": 32.43777
                }
            },
            {
                "time": {
                    "start": "2018-02-05T18:14:59.500Z",
                    "end": "2018-02-05T18:16:42.429Z"
                },
                "type": "SCRUB",
                "source": "data:drag",
                "_t": "11:14:59",
                "_end": "11:16:42",
                "data": {
                    "time": 32.868042
                }
            },
            {
                "time": {
                    "start": "2018-02-05T18:14:59.500Z",
                    "end": "2018-02-05T18:16:42.962Z"
                },
                "type": "SCRUB",
                "source": "data:drag",
                "_t": "11:14:59",
                "_end": "11:16:42",
                "data": {
                    "time": 32.984121
                }
            },
            {
                "time": "2018-02-05T18:16:43.199Z",
                "type": "PAUSE",
                "source": "video:button",
                "_t": "11:16:43",
                "_end": "-"
            },
            {
                "time": {
                    "start": "2018-02-05T18:14:59.500Z",
                    "end": "2018-02-05T18:16:44.109Z"
                },
                "type": "SCRUB",
                "source": "data:drag",
                "_t": "11:14:59",
                "_end": "11:16:44",
                "data": {
                    "time": 33.041061
                }
            },
            {
                "time": {
                    "start": "2018-02-05T18:14:59.500Z",
                    "end": "2018-02-05T18:16:46.346Z"
                },
                "type": "SCRUB",
                "source": "data:drag",
                "_t": "11:14:59",
                "_end": "11:16:46",
                "data": {
                    "time": 33.041061
                }
            },
            {
                "time": {
                    "start": "2018-02-05T18:14:59.500Z",
                    "end": "2018-02-05T18:16:46.706Z"
                },
                "type": "SCRUB",
                "source": "data:drag",
                "_t": "11:14:59",
                "_end": "11:16:46",
                "data": {
                    "time": 33.041061
                }
            },
            {
                "time": "2018-02-05T18:16:50.164Z",
                "type": "PLAY",
                "source": "video:button",
                "_t": "11:16:50",
                "_end": "-"
            },
            {
                "time": "2018-02-05T18:16:59.987Z",
                "type": "PAUSE",
                "source": "video:button",
                "_t": "11:16:59",
                "_end": "-"
            },
            {
                "time": {
                    "start": "2018-02-05T18:14:59.500Z",
                    "end": "2018-02-05T18:17:00.723Z"
                },
                "type": "SCRUB",
                "source": "data:drag",
                "_t": "11:14:59",
                "_end": "11:17:00",
                "data": {
                    "time": 35.499184
                }
            },
            {
                "time": {
                    "start": "2018-02-05T18:14:59.500Z",
                    "end": "2018-02-05T18:17:04.491Z"
                },
                "type": "SCRUB",
                "source": "data:drag",
                "_t": "11:14:59",
                "_end": "11:17:04",
                "data": {
                    "time": 35.499184
                }
            },
            {
                "time": {
                    "start": "2018-02-05T18:17:06.614Z",
                    "end": "2018-02-05T18:17:06.681Z"
                },
                "type": "SCRUB",
                "source": "video:drag",
                "_t": "11:17:06",
                "_end": "11:17:06",
                "data": {
                    "to": 34.556499,
                    "from": 35.499184
                }
            },
            {
                "time": "2018-02-05T18:17:07.107Z",
                "type": "PLAY",
                "source": "video:button",
                "_t": "11:17:07",
                "_end": "-"
            },
            {
                "time": "2018-02-05T18:17:10.616Z",
                "type": "PAUSE",
                "source": "video:button",
                "_t": "11:17:10",
                "_end": "-"
            },
            {
                "time": {
                    "start": "2018-02-05T18:14:59.500Z",
                    "end": "2018-02-05T18:17:12.791Z"
                },
                "type": "SCRUB",
                "source": "data:drag",
                "_t": "11:14:59",
                "_end": "11:17:12",
                "data": {
                    "time": 35.413454
                }
            },
            {
                "time": {
                    "start": "2018-02-05T18:14:59.500Z",
                    "end": "2018-02-05T18:17:15.091Z"
                },
                "type": "SCRUB",
                "source": "data:drag",
                "_t": "11:14:59",
                "_end": "11:17:15",
                "data": {
                    "time": 35.413454
                }
            },
            {
                "time": {
                    "start": "2018-02-05T18:14:59.500Z",
                    "end": "2018-02-05T18:17:15.692Z"
                },
                "type": "SCRUB",
                "source": "data:drag",
                "_t": "11:14:59",
                "_end": "11:17:15",
                "data": {
                    "time": 35.413454
                }
            },
            {
                "time": {
                    "start": "2018-02-05T18:14:59.500Z",
                    "end": "2018-02-05T18:17:18.403Z"
                },
                "type": "SCRUB",
                "source": "data:drag",
                "_t": "11:14:59",
                "_end": "11:17:18",
                "data": {
                    "time": 35.413454
                }
            }
        ]
    }
}