{
    "user_id": "052",
    "session_id": "5a789de7ee2b1975ba835b9d",
    "study": "studyD",
    "workspace": "cane.cane-vid1-dat2",
    "details": {
        "workspace": "cane.cane-vid1-dat2",
        "labels": [
            {
                "time": 28.425239,
                "endTime": 28.425254,
                "type": "ground",
                "id": 1
            },
            {
                "time": 28.425239,
                "endTime": 28.458605,
                "type": "ground",
                "id": 2
            },
            {
                "time": 30.5587,
                "endTime": 30.592066,
                "type": "ground",
                "id": 3
            },
            {
                "time": 32.29175,
                "endTime": 32.325116,
                "type": "ground",
                "id": 4
            },
            {
                "time": 33.991442,
                "endTime": 34.024808,
                "type": "ground",
                "id": 5
            },
            {
                "time": 35.857969,
                "endTime": 35.891335,
                "type": "ground",
                "id": 6
            },
            {
                "time": 39.824595,
                "endTime": 39.857961,
                "type": "ground",
                "id": 7
            }
        ],
        "_starts": [
            "2018-02-05T18:15:25.000Z"
        ],
        "_ends": [
            "2018-02-05T18:17:44.181Z"
        ]
    },
    "labels_file": "/home/ubuntu/vat/data/user-studies/studyD/practice-second/052.labels.json",
    "videoFlash": 1.922515,
    "surveys": {
        "user-info": {
            "firstname": "Gaven",
            "lastname": "Finch",
            "email": "gavenfinch@gmail.com"
        },
        "practice-first": {
            "question1": "3",
            "question2": "ok",
            "question3": "50",
            "question4": "4"
        }
    },
    "logs": {
        "labelEvents": [
            {
                "time": "2018-02-05T18:16:06.885Z",
                "type": "START",
                "source": "hotkey",
                "_t": "11:16:06",
                "_end": "-",
                "data": {
                    "type": "ground",
                    "time": 28.425254
                }
            },
            {
                "time": "2018-02-05T18:16:31.910Z",
                "type": "END",
                "source": "hotkey:ctb",
                "_t": "11:16:31",
                "_end": "-",
                "data": {
                    "lbl": {
                        "time": 28.425239,
                        "endTime": 28.425254,
                        "type": "ground",
                        "id": 1
                    },
                    "key": "enter"
                }
            },
            {
                "time": "2018-02-05T18:16:35.127Z",
                "type": "START",
                "source": "hotkey",
                "_t": "11:16:35",
                "_end": "-",
                "data": {
                    "type": "ground",
                    "time": 28.425239
                }
            },
            {
                "time": "2018-02-05T18:16:37.830Z",
                "type": "END",
                "source": "hotkey:ctb",
                "_t": "11:16:37",
                "_end": "-",
                "data": {
                    "lbl": {
                        "time": 28.425239,
                        "endTime": 28.458605,
                        "type": "ground",
                        "id": 2
                    },
                    "key": "enter"
                }
            },
            {
                "time": "2018-02-05T18:16:51.782Z",
                "type": "START",
                "source": "hotkey",
                "_t": "11:16:51",
                "_end": "-",
                "data": {
                    "type": "ground",
                    "time": 30.5587
                }
            },
            {
                "time": "2018-02-05T18:16:54.006Z",
                "type": "END",
                "source": "hotkey:ctb",
                "_t": "11:16:54",
                "_end": "-",
                "data": {
                    "lbl": {
                        "time": 30.5587,
                        "endTime": 30.592066,
                        "type": "ground",
                        "id": 3
                    },
                    "key": "enter"
                }
            },
            {
                "time": "2018-02-05T18:17:04.263Z",
                "type": "START",
                "source": "hotkey",
                "_t": "11:17:04",
                "_end": "-",
                "data": {
                    "type": "ground",
                    "time": 32.29175
                }
            },
            {
                "time": "2018-02-05T18:17:05.815Z",
                "type": "END",
                "source": "hotkey:ctb",
                "_t": "11:17:05",
                "_end": "-",
                "data": {
                    "lbl": {
                        "time": 32.29175,
                        "endTime": 32.325116,
                        "type": "ground",
                        "id": 4
                    },
                    "key": "enter"
                }
            },
            {
                "time": "2018-02-05T18:17:15.752Z",
                "type": "START",
                "source": "hotkey",
                "_t": "11:17:15",
                "_end": "-",
                "data": {
                    "type": "ground",
                    "time": 33.991442
                }
            },
            {
                "time": "2018-02-05T18:17:18.518Z",
                "type": "END",
                "source": "hotkey:ctb",
                "_t": "11:17:18",
                "_end": "-",
                "data": {
                    "lbl": {
                        "time": 33.991442,
                        "endTime": 34.024808,
                        "type": "ground",
                        "id": 5
                    },
                    "key": "enter"
                }
            },
            {
                "time": "2018-02-05T18:17:27.510Z",
                "type": "START",
                "source": "hotkey",
                "_t": "11:17:27",
                "_end": "-",
                "data": {
                    "type": "ground",
                    "time": 35.857969
                }
            },
            {
                "time": "2018-02-05T18:17:28.695Z",
                "type": "END",
                "source": "hotkey:ctb",
                "_t": "11:17:28",
                "_end": "-",
                "data": {
                    "lbl": {
                        "time": 35.857969,
                        "endTime": 35.891335,
                        "type": "ground",
                        "id": 6
                    },
                    "key": "enter"
                }
            },
            {
                "time": "2018-02-05T18:17:40.153Z",
                "type": "START",
                "source": "hotkey",
                "_t": "11:17:40",
                "_end": "-",
                "data": {
                    "type": "ground",
                    "time": 39.824595
                }
            },
            {
                "time": "2018-02-05T18:17:41.207Z",
                "type": "END",
                "source": "hotkey:ctb",
                "_t": "11:17:41",
                "_end": "-",
                "data": {
                    "lbl": {
                        "time": 39.824595,
                        "endTime": 39.857961,
                        "type": "ground",
                        "id": 7
                    },
                    "key": "enter"
                }
            }
        ],
        "navigationEvents": [
            {
                "time": "2018-02-05T18:15:45.062Z",
                "type": "PLAY",
                "source": "hotkey",
                "_t": "11:15:45",
                "_end": "-",
                "data": {
                    "key": "space"
                }
            },
            {
                "time": "2018-02-05T18:15:45.702Z",
                "type": "SKIP",
                "source": "hotkey",
                "_t": "11:15:45",
                "_end": "-",
                "data": {
                    "t": 2.505193,
                    "Δt": 5,
                    "key": "right"
                }
            },
            {
                "time": "2018-02-05T18:15:45.861Z",
                "type": "SKIP",
                "source": "hotkey",
                "_t": "11:15:45",
                "_end": "-",
                "data": {
                    "t": 7.533463,
                    "Δt": 5,
                    "key": "right"
                }
            },
            {
                "time": "2018-02-05T18:15:46.005Z",
                "type": "SKIP",
                "source": "hotkey",
                "_t": "11:15:46",
                "_end": "-",
                "data": {
                    "t": 12.533463,
                    "Δt": 5,
                    "key": "right"
                }
            },
            {
                "time": "2018-02-05T18:15:46.150Z",
                "type": "SKIP",
                "source": "hotkey",
                "_t": "11:15:46",
                "_end": "-",
                "data": {
                    "t": 17.533462,
                    "Δt": 5,
                    "key": "right"
                }
            },
            {
                "time": "2018-02-05T18:15:46.294Z",
                "type": "SKIP",
                "source": "hotkey",
                "_t": "11:15:46",
                "_end": "-",
                "data": {
                    "t": 22.533462,
                    "Δt": 5,
                    "key": "right"
                }
            },
            {
                "time": "2018-02-05T18:15:46.454Z",
                "type": "SKIP",
                "source": "hotkey",
                "_t": "11:15:46",
                "_end": "-",
                "data": {
                    "t": 27.533462,
                    "Δt": 5,
                    "key": "right"
                }
            },
            {
                "time": "2018-02-05T18:15:47.398Z",
                "type": "SKIP",
                "source": "hotkey",
                "_t": "11:15:47",
                "_end": "-",
                "data": {
                    "t": 32.912307,
                    "Δt": 5,
                    "key": "right"
                }
            },
            {
                "time": "2018-02-05T18:15:47.686Z",
                "type": "SKIP",
                "source": "hotkey",
                "_t": "11:15:47",
                "_end": "-",
                "data": {
                    "t": 37.912307,
                    "Δt": -5,
                    "key": "left"
                }
            },
            {
                "time": "2018-02-05T18:15:47.893Z",
                "type": "SKIP",
                "source": "hotkey",
                "_t": "11:15:47",
                "_end": "-",
                "data": {
                    "t": 33.00105,
                    "Δt": -5,
                    "key": "left"
                }
            },
            {
                "time": "2018-02-05T18:15:48.087Z",
                "type": "SKIP",
                "source": "hotkey",
                "_t": "11:15:48",
                "_end": "-",
                "data": {
                    "t": 28.00105,
                    "Δt": -5,
                    "key": "left"
                }
            },
            {
                "time": "2018-02-05T18:15:48.245Z",
                "type": "SKIP",
                "source": "hotkey",
                "_t": "11:15:48",
                "_end": "-",
                "data": {
                    "t": 23.00105,
                    "Δt": -5,
                    "key": "left"
                }
            },
            {
                "time": "2018-02-05T18:15:50.503Z",
                "type": "SKIP",
                "source": "hotkey",
                "_t": "11:15:50",
                "_end": "-",
                "data": {
                    "t": 19.600834,
                    "Δt": 5,
                    "key": "right"
                }
            },
            {
                "time": "2018-02-05T18:15:54.261Z",
                "type": "PAUSE",
                "source": "hotkey",
                "_t": "11:15:54",
                "_end": "-",
                "data": {
                    "key": "space"
                }
            },
            {
                "time": "2018-02-05T18:15:54.534Z",
                "type": "SKIP",
                "source": "hotkey",
                "_t": "11:15:54",
                "_end": "-",
                "data": {
                    "t": 27.991499,
                    "Δt": 1,
                    "key": "right"
                }
            },
            {
                "time": "2018-02-05T18:15:54.678Z",
                "type": "SKIP",
                "source": "hotkey",
                "_t": "11:15:54",
                "_end": "-",
                "data": {
                    "t": 28.991499,
                    "Δt": 1,
                    "key": "right"
                }
            },
            {
                "time": "2018-02-05T18:15:55.189Z",
                "type": "SKIP",
                "source": "hotkey",
                "_t": "11:15:55",
                "_end": "-",
                "data": {
                    "t": 29.991499,
                    "Δt": -1,
                    "key": "left"
                }
            },
            {
                "time": "2018-02-05T18:15:55.429Z",
                "type": "SKIP",
                "source": "hotkey",
                "_t": "11:15:55",
                "_end": "-",
                "data": {
                    "t": 28.991499,
                    "Δt": -1,
                    "key": "left"
                }
            },
            {
                "time": "2018-02-05T18:15:55.989Z",
                "type": "SKIP",
                "source": "hotkey",
                "_t": "11:15:55",
                "_end": "-",
                "data": {
                    "t": 27.991499,
                    "Δt": 1,
                    "key": "right"
                }
            },
            {
                "time": "2018-02-05T18:15:56.901Z",
                "type": "SKIP",
                "source": "hotkey",
                "_t": "11:15:56",
                "_end": "-",
                "data": {
                    "t": 28.991499,
                    "Δt": 1,
                    "key": "right"
                }
            },
            {
                "time": "2018-02-05T18:15:57.445Z",
                "type": "SKIP",
                "source": "hotkey",
                "_t": "11:15:57",
                "_end": "-",
                "data": {
                    "t": 29.991499,
                    "Δt": -1,
                    "key": "left"
                }
            },
            {
                "time": "2018-02-05T18:15:57.974Z",
                "type": "SKIP",
                "source": "hotkey",
                "_t": "11:15:57",
                "_end": "-",
                "data": {
                    "t": 28.991499,
                    "Δt": -1,
                    "key": "left"
                }
            },
            {
                "time": "2018-02-05T18:15:59.125Z",
                "type": "SKIP",
                "source": "hotkey",
                "_t": "11:15:59",
                "_end": "-",
                "data": {
                    "t": 27.991499,
                    "Δt": 0.033366700033366704,
                    "key": "shift+right"
                }
            },
            {
                "time": "2018-02-05T18:15:59.269Z",
                "type": "SKIP",
                "source": "hotkey",
                "_t": "11:15:59",
                "_end": "-",
                "data": {
                    "t": 28.024865,
                    "Δt": 0.033366700033366704,
                    "key": "shift+right"
                }
            },
            {
                "time": "2018-02-05T18:15:59.413Z",
                "type": "SKIP",
                "source": "hotkey",
                "_t": "11:15:59",
                "_end": "-",
                "data": {
                    "t": 28.058231,
                    "Δt": 0.033366700033366704,
                    "key": "shift+right"
                }
            },
            {
                "time": "2018-02-05T18:15:59.557Z",
                "type": "SKIP",
                "source": "hotkey",
                "_t": "11:15:59",
                "_end": "-",
                "data": {
                    "t": 28.091597,
                    "Δt": 0.033366700033366704,
                    "key": "shift+right"
                }
            },
            {
                "time": "2018-02-05T18:15:59.718Z",
                "type": "SKIP",
                "source": "hotkey",
                "_t": "11:15:59",
                "_end": "-",
                "data": {
                    "t": 28.124963,
                    "Δt": 0.033366700033366704,
                    "key": "shift+right"
                }
            },
            {
                "time": "2018-02-05T18:15:59.877Z",
                "type": "SKIP",
                "source": "hotkey",
                "_t": "11:15:59",
                "_end": "-",
                "data": {
                    "t": 28.158329,
                    "Δt": 0.033366700033366704,
                    "key": "shift+right"
                }
            },
            {
                "time": "2018-02-05T18:16:00.101Z",
                "type": "SKIP",
                "source": "hotkey",
                "_t": "11:16:00",
                "_end": "-",
                "data": {
                    "t": 28.191695,
                    "Δt": 0.033366700033366704,
                    "key": "shift+right"
                }
            },
            {
                "time": "2018-02-05T18:16:00.485Z",
                "type": "SKIP",
                "source": "hotkey",
                "_t": "11:16:00",
                "_end": "-",
                "data": {
                    "t": 28.225061,
                    "Δt": 0.033366700033366704,
                    "key": "shift+right"
                }
            },
            {
                "time": "2018-02-05T18:16:00.646Z",
                "type": "SKIP",
                "source": "hotkey",
                "_t": "11:16:00",
                "_end": "-",
                "data": {
                    "t": 28.258427,
                    "Δt": 0.033366700033366704,
                    "key": "shift+right"
                }
            },
            {
                "time": "2018-02-05T18:16:02.198Z",
                "type": "SKIP",
                "source": "hotkey",
                "_t": "11:16:02",
                "_end": "-",
                "data": {
                    "t": 28.291793,
                    "Δt": 0.033366700033366704,
                    "key": "shift+right"
                }
            },
            {
                "time": "2018-02-05T18:16:02.469Z",
                "type": "SKIP",
                "source": "hotkey",
                "_t": "11:16:02",
                "_end": "-",
                "data": {
                    "t": 28.325159,
                    "Δt": 0.033366700033366704,
                    "key": "shift+right"
                }
            },
            {
                "time": "2018-02-05T18:16:02.741Z",
                "type": "SKIP",
                "source": "hotkey",
                "_t": "11:16:02",
                "_end": "-",
                "data": {
                    "t": 28.358525,
                    "Δt": 0.033366700033366704,
                    "key": "shift+right"
                }
            },
            {
                "time": "2018-02-05T18:16:03.062Z",
                "type": "SKIP",
                "source": "hotkey",
                "_t": "11:16:03",
                "_end": "-",
                "data": {
                    "t": 28.391891,
                    "Δt": 0.033366700033366704,
                    "key": "shift+right"
                }
            },
            {
                "time": "2018-02-05T18:16:03.494Z",
                "type": "SKIP",
                "source": "hotkey",
                "_t": "11:16:03",
                "_end": "-",
                "data": {
                    "t": 28.425257,
                    "Δt": 0.033366700033366704,
                    "key": "shift+right"
                }
            },
            {
                "time": "2018-02-05T18:16:04.197Z",
                "type": "SKIP",
                "source": "hotkey",
                "_t": "11:16:04",
                "_end": "-",
                "data": {
                    "t": 28.458623,
                    "Δt": -0.033366700033366704,
                    "key": "shift+left"
                }
            },
            {
                "time": "2018-02-05T18:16:04.422Z",
                "type": "SKIP",
                "source": "hotkey",
                "_t": "11:16:04",
                "_end": "-",
                "data": {
                    "t": 28.425256,
                    "Δt": -0.033366700033366704,
                    "key": "shift+left"
                }
            },
            {
                "time": "2018-02-05T18:16:05.030Z",
                "type": "SKIP",
                "source": "hotkey",
                "_t": "11:16:05",
                "_end": "-",
                "data": {
                    "t": 28.391889,
                    "Δt": -0.033366700033366704,
                    "key": "shift+left"
                }
            },
            {
                "time": "2018-02-05T18:16:05.317Z",
                "type": "SKIP",
                "source": "hotkey",
                "_t": "11:16:05",
                "_end": "-",
                "data": {
                    "t": 28.358522,
                    "Δt": 0.033366700033366704,
                    "key": "shift+right"
                }
            },
            {
                "time": "2018-02-05T18:16:05.686Z",
                "type": "SKIP",
                "source": "hotkey",
                "_t": "11:16:05",
                "_end": "-",
                "data": {
                    "t": 28.391888,
                    "Δt": 0.033366700033366704,
                    "key": "shift+right"
                }
            },
            {
                "time": "2018-02-05T18:16:07.974Z",
                "type": "SKIP",
                "source": "hotkey",
                "_t": "11:16:07",
                "_end": "-",
                "data": {
                    "t": 28.425254,
                    "Δt": 0.033366700033366704,
                    "key": "shift+right"
                }
            },
            {
                "time": "2018-02-05T18:16:08.901Z",
                "type": "SKIP",
                "source": "hotkey",
                "_t": "11:16:08",
                "_end": "-",
                "data": {
                    "t": 28.45862,
                    "Δt": 0.033366700033366704,
                    "key": "shift+right"
                }
            },
            {
                "time": "2018-02-05T18:16:09.478Z",
                "type": "SKIP",
                "source": "hotkey",
                "_t": "11:16:09",
                "_end": "-",
                "data": {
                    "t": 28.491986,
                    "Δt": 0.033366700033366704,
                    "key": "shift+right"
                }
            },
            {
                "time": "2018-02-05T18:16:13.062Z",
                "type": "SKIP",
                "source": "hotkey",
                "_t": "11:16:13",
                "_end": "-",
                "data": {
                    "t": 28.525352,
                    "Δt": -0.033366700033366704,
                    "key": "shift+left"
                }
            },
            {
                "time": "2018-02-05T18:16:13.333Z",
                "type": "SKIP",
                "source": "hotkey",
                "_t": "11:16:13",
                "_end": "-",
                "data": {
                    "t": 28.491985,
                    "Δt": -0.033366700033366704,
                    "key": "shift+left"
                }
            },
            {
                "time": "2018-02-05T18:16:13.717Z",
                "type": "SKIP",
                "source": "hotkey",
                "_t": "11:16:13",
                "_end": "-",
                "data": {
                    "t": 28.458618,
                    "Δt": -0.033366700033366704,
                    "key": "shift+left"
                }
            },
            {
                "time": "2018-02-05T18:16:14.246Z",
                "type": "SKIP",
                "source": "hotkey",
                "_t": "11:16:14",
                "_end": "-",
                "data": {
                    "t": 28.425251,
                    "Δt": 0.033366700033366704,
                    "key": "shift+right"
                }
            },
            {
                "time": "2018-02-05T18:16:14.711Z",
                "type": "SKIP",
                "source": "hotkey",
                "_t": "11:16:14",
                "_end": "-",
                "data": {
                    "t": 28.458617,
                    "Δt": 0.033366700033366704,
                    "key": "shift+right"
                }
            },
            {
                "time": "2018-02-05T18:16:17.782Z",
                "type": "SKIP",
                "source": "hotkey",
                "_t": "11:16:17",
                "_end": "-",
                "data": {
                    "t": 28.491983,
                    "Δt": -1,
                    "key": "left"
                }
            },
            {
                "time": "2018-02-05T18:16:18.005Z",
                "type": "SKIP",
                "source": "hotkey",
                "_t": "11:16:18",
                "_end": "-",
                "data": {
                    "t": 27.491983,
                    "Δt": -1,
                    "key": "left"
                }
            },
            {
                "time": "2018-02-05T18:16:19.302Z",
                "type": "SKIP",
                "source": "hotkey",
                "_t": "11:16:19",
                "_end": "-",
                "data": {
                    "t": 26.491983,
                    "Δt": 1,
                    "key": "right"
                }
            },
            {
                "time": "2018-02-05T18:16:19.590Z",
                "type": "SKIP",
                "source": "hotkey",
                "_t": "11:16:19",
                "_end": "-",
                "data": {
                    "t": 27.491983,
                    "Δt": 1,
                    "key": "right"
                }
            },
            {
                "time": "2018-02-05T18:16:20.533Z",
                "type": "SKIP",
                "source": "hotkey",
                "_t": "11:16:20",
                "_end": "-",
                "data": {
                    "t": 28.491983,
                    "Δt": -0.033366700033366704,
                    "key": "shift+left"
                }
            },
            {
                "time": "2018-02-05T18:16:20.758Z",
                "type": "SKIP",
                "source": "hotkey",
                "_t": "11:16:20",
                "_end": "-",
                "data": {
                    "t": 28.458616,
                    "Δt": -0.033366700033366704,
                    "key": "shift+left"
                }
            },
            {
                "time": "2018-02-05T18:16:21.142Z",
                "type": "SKIP",
                "source": "hotkey",
                "_t": "11:16:21",
                "_end": "-",
                "data": {
                    "t": 28.425249,
                    "Δt": -0.033366700033366704,
                    "key": "shift+left"
                }
            },
            {
                "time": "2018-02-05T18:16:21.494Z",
                "type": "SKIP",
                "source": "hotkey",
                "_t": "11:16:21",
                "_end": "-",
                "data": {
                    "t": 28.391882,
                    "Δt": -0.033366700033366704,
                    "key": "shift+left"
                }
            },
            {
                "time": "2018-02-05T18:16:21.990Z",
                "type": "SKIP",
                "source": "hotkey",
                "_t": "11:16:21",
                "_end": "-",
                "data": {
                    "t": 28.358515,
                    "Δt": 0.033366700033366704,
                    "key": "shift+right"
                }
            },
            {
                "time": "2018-02-05T18:16:22.293Z",
                "type": "SKIP",
                "source": "hotkey",
                "_t": "11:16:22",
                "_end": "-",
                "data": {
                    "t": 28.391881,
                    "Δt": 0.033366700033366704,
                    "key": "shift+right"
                }
            },
            {
                "time": "2018-02-05T18:16:22.727Z",
                "type": "SKIP",
                "source": "hotkey",
                "_t": "11:16:22",
                "_end": "-",
                "data": {
                    "t": 28.425247,
                    "Δt": 0.033366700033366704,
                    "key": "shift+right"
                }
            },
            {
                "time": "2018-02-05T18:16:23.126Z",
                "type": "SKIP",
                "source": "hotkey",
                "_t": "11:16:23",
                "_end": "-",
                "data": {
                    "t": 28.458613,
                    "Δt": 0.033366700033366704,
                    "key": "shift+right"
                }
            },
            {
                "time": "2018-02-05T18:16:23.541Z",
                "type": "SKIP",
                "source": "hotkey",
                "_t": "11:16:23",
                "_end": "-",
                "data": {
                    "t": 28.491979,
                    "Δt": 0.033366700033366704,
                    "key": "shift+right"
                }
            },
            {
                "time": "2018-02-05T18:16:23.893Z",
                "type": "SKIP",
                "source": "hotkey",
                "_t": "11:16:23",
                "_end": "-",
                "data": {
                    "t": 28.525345,
                    "Δt": 0.033366700033366704,
                    "key": "shift+right"
                }
            },
            {
                "time": "2018-02-05T18:16:24.342Z",
                "type": "SKIP",
                "source": "hotkey",
                "_t": "11:16:24",
                "_end": "-",
                "data": {
                    "t": 28.558711,
                    "Δt": -0.033366700033366704,
                    "key": "shift+left"
                }
            },
            {
                "time": "2018-02-05T18:16:24.615Z",
                "type": "SKIP",
                "source": "hotkey",
                "_t": "11:16:24",
                "_end": "-",
                "data": {
                    "t": 28.525344,
                    "Δt": -0.033366700033366704,
                    "key": "shift+left"
                }
            },
            {
                "time": "2018-02-05T18:16:24.886Z",
                "type": "SKIP",
                "source": "hotkey",
                "_t": "11:16:24",
                "_end": "-",
                "data": {
                    "t": 28.491977,
                    "Δt": -0.033366700033366704,
                    "key": "shift+left"
                }
            },
            {
                "time": "2018-02-05T18:16:25.269Z",
                "type": "SKIP",
                "source": "hotkey",
                "_t": "11:16:25",
                "_end": "-",
                "data": {
                    "t": 28.45861,
                    "Δt": -0.033366700033366704,
                    "key": "shift+left"
                }
            },
            {
                "time": "2018-02-05T18:16:25.718Z",
                "type": "SKIP",
                "source": "hotkey",
                "_t": "11:16:25",
                "_end": "-",
                "data": {
                    "t": 28.425243,
                    "Δt": -0.033366700033366704,
                    "key": "shift+left"
                }
            },
            {
                "time": "2018-02-05T18:16:26.359Z",
                "type": "SKIP",
                "source": "hotkey",
                "_t": "11:16:26",
                "_end": "-",
                "data": {
                    "t": 28.391876,
                    "Δt": 0.033366700033366704,
                    "key": "shift+right"
                }
            },
            {
                "time": "2018-02-05T18:16:27.542Z",
                "type": "SKIP",
                "source": "hotkey",
                "_t": "11:16:27",
                "_end": "-",
                "data": {
                    "t": 28.425242,
                    "Δt": 0.033366700033366704,
                    "key": "shift+right"
                }
            },
            {
                "time": "2018-02-05T18:16:28.214Z",
                "type": "SKIP",
                "source": "hotkey",
                "_t": "11:16:28",
                "_end": "-",
                "data": {
                    "t": 28.458608,
                    "Δt": -0.033366700033366704,
                    "key": "shift+left"
                }
            },
            {
                "time": "2018-02-05T18:16:28.806Z",
                "type": "SKIP",
                "source": "hotkey",
                "_t": "11:16:28",
                "_end": "-",
                "data": {
                    "t": 28.425241,
                    "Δt": 0.033366700033366704,
                    "key": "shift+right"
                }
            },
            {
                "time": "2018-02-05T18:16:29.061Z",
                "type": "SKIP",
                "source": "hotkey",
                "_t": "11:16:29",
                "_end": "-",
                "data": {
                    "t": 28.458607,
                    "Δt": 0.033366700033366704,
                    "key": "shift+right"
                }
            },
            {
                "time": "2018-02-05T18:16:29.622Z",
                "type": "SKIP",
                "source": "hotkey",
                "_t": "11:16:29",
                "_end": "-",
                "data": {
                    "t": 28.491973,
                    "Δt": -0.033366700033366704,
                    "key": "shift+left"
                }
            },
            {
                "time": "2018-02-05T18:16:29.925Z",
                "type": "SKIP",
                "source": "hotkey",
                "_t": "11:16:29",
                "_end": "-",
                "data": {
                    "t": 28.458606,
                    "Δt": -0.033366700033366704,
                    "key": "shift+left"
                }
            },
            {
                "time": "2018-02-05T18:16:32.582Z",
                "type": "SKIP",
                "source": "hotkey",
                "_t": "11:16:32",
                "_end": "-",
                "data": {
                    "t": 28.425239,
                    "Δt": 1,
                    "key": "right"
                }
            },
            {
                "time": "2018-02-05T18:16:33.301Z",
                "type": "SKIP",
                "source": "hotkey",
                "_t": "11:16:33",
                "_end": "-",
                "data": {
                    "t": 29.425239,
                    "Δt": -1,
                    "key": "left"
                }
            },
            {
                "time": "2018-02-05T18:16:35.558Z",
                "type": "SKIP",
                "source": "hotkey",
                "_t": "11:16:35",
                "_end": "-",
                "data": {
                    "t": 28.425239,
                    "Δt": 1,
                    "key": "right"
                }
            },
            {
                "time": "2018-02-05T18:16:36.438Z",
                "type": "SKIP",
                "source": "hotkey",
                "_t": "11:16:36",
                "_end": "-",
                "data": {
                    "t": 29.425239,
                    "Δt": -1,
                    "key": "left"
                }
            },
            {
                "time": "2018-02-05T18:16:36.839Z",
                "type": "SKIP",
                "source": "hotkey",
                "_t": "11:16:36",
                "_end": "-",
                "data": {
                    "t": 28.425239,
                    "Δt": 0.033366700033366704,
                    "key": "shift+right"
                }
            },
            {
                "time": "2018-02-05T18:16:38.246Z",
                "type": "SKIP",
                "source": "hotkey",
                "_t": "11:16:38",
                "_end": "-",
                "data": {
                    "t": 28.458605,
                    "Δt": 1,
                    "key": "right"
                }
            },
            {
                "time": "2018-02-05T18:16:39.750Z",
                "type": "SKIP",
                "source": "hotkey",
                "_t": "11:16:39",
                "_end": "-",
                "data": {
                    "t": 29.458605,
                    "Δt": -1,
                    "key": "left"
                }
            },
            {
                "time": "2018-02-05T18:16:40.358Z",
                "type": "SKIP",
                "source": "hotkey",
                "_t": "11:16:40",
                "_end": "-",
                "data": {
                    "t": 28.458605,
                    "Δt": 1,
                    "key": "right"
                }
            },
            {
                "time": "2018-02-05T18:16:41.685Z",
                "type": "SKIP",
                "source": "hotkey",
                "_t": "11:16:41",
                "_end": "-",
                "data": {
                    "t": 29.458605,
                    "Δt": 1,
                    "key": "right"
                }
            },
            {
                "time": "2018-02-05T18:16:43.574Z",
                "type": "SKIP",
                "source": "hotkey",
                "_t": "11:16:43",
                "_end": "-",
                "data": {
                    "t": 30.458605,
                    "Δt": 1,
                    "key": "right"
                }
            },
            {
                "time": "2018-02-05T18:16:44.374Z",
                "type": "SKIP",
                "source": "hotkey",
                "_t": "11:16:44",
                "_end": "-",
                "data": {
                    "t": 31.458605,
                    "Δt": -1,
                    "key": "left"
                }
            },
            {
                "time": "2018-02-05T18:16:44.726Z",
                "type": "SKIP",
                "source": "hotkey",
                "_t": "11:16:44",
                "_end": "-",
                "data": {
                    "t": 30.458605,
                    "Δt": -1,
                    "key": "left"
                }
            },
            {
                "time": "2018-02-05T18:16:45.382Z",
                "type": "SKIP",
                "source": "hotkey",
                "_t": "11:16:45",
                "_end": "-",
                "data": {
                    "t": 29.458605,
                    "Δt": 1,
                    "key": "right"
                }
            },
            {
                "time": "2018-02-05T18:16:46.422Z",
                "type": "SKIP",
                "source": "hotkey",
                "_t": "11:16:46",
                "_end": "-",
                "data": {
                    "t": 30.458605,
                    "Δt": 0.033366700033366704,
                    "key": "shift+right"
                }
            },
            {
                "time": "2018-02-05T18:16:46.789Z",
                "type": "SKIP",
                "source": "hotkey",
                "_t": "11:16:46",
                "_end": "-",
                "data": {
                    "t": 30.491971,
                    "Δt": 0.033366700033366704,
                    "key": "shift+right"
                }
            },
            {
                "time": "2018-02-05T18:16:46.982Z",
                "type": "SKIP",
                "source": "hotkey",
                "_t": "11:16:46",
                "_end": "-",
                "data": {
                    "t": 30.525337,
                    "Δt": 0.033366700033366704,
                    "key": "shift+right"
                }
            },
            {
                "time": "2018-02-05T18:16:47.254Z",
                "type": "SKIP",
                "source": "hotkey",
                "_t": "11:16:47",
                "_end": "-",
                "data": {
                    "t": 30.558703,
                    "Δt": 0.033366700033366704,
                    "key": "shift+right"
                }
            },
            {
                "time": "2018-02-05T18:16:47.927Z",
                "type": "SKIP",
                "source": "hotkey",
                "_t": "11:16:47",
                "_end": "-",
                "data": {
                    "t": 30.592069,
                    "Δt": -0.033366700033366704,
                    "key": "shift+left"
                }
            },
            {
                "time": "2018-02-05T18:16:48.182Z",
                "type": "SKIP",
                "source": "hotkey",
                "_t": "11:16:48",
                "_end": "-",
                "data": {
                    "t": 30.558702,
                    "Δt": -0.033366700033366704,
                    "key": "shift+left"
                }
            },
            {
                "time": "2018-02-05T18:16:48.519Z",
                "type": "SKIP",
                "source": "hotkey",
                "_t": "11:16:48",
                "_end": "-",
                "data": {
                    "t": 30.525335,
                    "Δt": -0.033366700033366704,
                    "key": "shift+left"
                }
            },
            {
                "time": "2018-02-05T18:16:48.934Z",
                "type": "SKIP",
                "source": "hotkey",
                "_t": "11:16:48",
                "_end": "-",
                "data": {
                    "t": 30.491968,
                    "Δt": 0.033366700033366704,
                    "key": "shift+right"
                }
            },
            {
                "time": "2018-02-05T18:16:49.302Z",
                "type": "SKIP",
                "source": "hotkey",
                "_t": "11:16:49",
                "_end": "-",
                "data": {
                    "t": 30.525334,
                    "Δt": 0.033366700033366704,
                    "key": "shift+right"
                }
            },
            {
                "time": "2018-02-05T18:16:52.630Z",
                "type": "SKIP",
                "source": "hotkey",
                "_t": "11:16:52",
                "_end": "-",
                "data": {
                    "t": 30.5587,
                    "Δt": 0.033366700033366704,
                    "key": "shift+right"
                }
            },
            {
                "time": "2018-02-05T18:16:55.654Z",
                "type": "SKIP",
                "source": "hotkey",
                "_t": "11:16:55",
                "_end": "-",
                "data": {
                    "t": 30.592066,
                    "Δt": 1,
                    "key": "right"
                }
            },
            {
                "time": "2018-02-05T18:16:56.231Z",
                "type": "SKIP",
                "source": "hotkey",
                "_t": "11:16:56",
                "_end": "-",
                "data": {
                    "t": 31.592066,
                    "Δt": 1,
                    "key": "right"
                }
            },
            {
                "time": "2018-02-05T18:16:57.302Z",
                "type": "SKIP",
                "source": "hotkey",
                "_t": "11:16:57",
                "_end": "-",
                "data": {
                    "t": 32.592066,
                    "Δt": 0.033366700033366704,
                    "key": "shift+right"
                }
            },
            {
                "time": "2018-02-05T18:16:57.798Z",
                "type": "SKIP",
                "source": "hotkey",
                "_t": "11:16:57",
                "_end": "-",
                "data": {
                    "t": 32.625432,
                    "Δt": -0.033366700033366704,
                    "key": "shift+left"
                }
            },
            {
                "time": "2018-02-05T18:16:57.975Z",
                "type": "SKIP",
                "source": "hotkey",
                "_t": "11:16:57",
                "_end": "-",
                "data": {
                    "t": 32.592064,
                    "Δt": -0.033366700033366704,
                    "key": "shift+left"
                }
            },
            {
                "time": "2018-02-05T18:16:58.166Z",
                "type": "SKIP",
                "source": "hotkey",
                "_t": "11:16:58",
                "_end": "-",
                "data": {
                    "t": 32.558697,
                    "Δt": -0.033366700033366704,
                    "key": "shift+left"
                }
            },
            {
                "time": "2018-02-05T18:16:58.310Z",
                "type": "SKIP",
                "source": "hotkey",
                "_t": "11:16:58",
                "_end": "-",
                "data": {
                    "t": 32.525329,
                    "Δt": -0.033366700033366704,
                    "key": "shift+left"
                }
            },
            {
                "time": "2018-02-05T18:16:58.470Z",
                "type": "SKIP",
                "source": "hotkey",
                "_t": "11:16:58",
                "_end": "-",
                "data": {
                    "t": 32.491962,
                    "Δt": -0.033366700033366704,
                    "key": "shift+left"
                }
            },
            {
                "time": "2018-02-05T18:16:58.615Z",
                "type": "SKIP",
                "source": "hotkey",
                "_t": "11:16:58",
                "_end": "-",
                "data": {
                    "t": 32.458595,
                    "Δt": -0.033366700033366704,
                    "key": "shift+left"
                }
            },
            {
                "time": "2018-02-05T18:16:58.757Z",
                "type": "SKIP",
                "source": "hotkey",
                "_t": "11:16:58",
                "_end": "-",
                "data": {
                    "t": 32.425227,
                    "Δt": -0.033366700033366704,
                    "key": "shift+left"
                }
            },
            {
                "time": "2018-02-05T18:16:58.902Z",
                "type": "SKIP",
                "source": "hotkey",
                "_t": "11:16:58",
                "_end": "-",
                "data": {
                    "t": 32.39186,
                    "Δt": -0.033366700033366704,
                    "key": "shift+left"
                }
            },
            {
                "time": "2018-02-05T18:16:59.047Z",
                "type": "SKIP",
                "source": "hotkey",
                "_t": "11:16:59",
                "_end": "-",
                "data": {
                    "t": 32.358493,
                    "Δt": -0.033366700033366704,
                    "key": "shift+left"
                }
            },
            {
                "time": "2018-02-05T18:16:59.190Z",
                "type": "SKIP",
                "source": "hotkey",
                "_t": "11:16:59",
                "_end": "-",
                "data": {
                    "t": 32.325125,
                    "Δt": -0.033366700033366704,
                    "key": "shift+left"
                }
            },
            {
                "time": "2018-02-05T18:16:59.350Z",
                "type": "SKIP",
                "source": "hotkey",
                "_t": "11:16:59",
                "_end": "-",
                "data": {
                    "t": 32.291758,
                    "Δt": -0.033366700033366704,
                    "key": "shift+left"
                }
            },
            {
                "time": "2018-02-05T18:16:59.493Z",
                "type": "SKIP",
                "source": "hotkey",
                "_t": "11:16:59",
                "_end": "-",
                "data": {
                    "t": 32.258391,
                    "Δt": -0.033366700033366704,
                    "key": "shift+left"
                }
            },
            {
                "time": "2018-02-05T18:16:59.655Z",
                "type": "SKIP",
                "source": "hotkey",
                "_t": "11:16:59",
                "_end": "-",
                "data": {
                    "t": 32.225023,
                    "Δt": -0.033366700033366704,
                    "key": "shift+left"
                }
            },
            {
                "time": "2018-02-05T18:17:00.087Z",
                "type": "SKIP",
                "source": "hotkey",
                "_t": "11:17:00",
                "_end": "-",
                "data": {
                    "t": 32.191656,
                    "Δt": 0.033366700033366704,
                    "key": "shift+right"
                }
            },
            {
                "time": "2018-02-05T18:17:00.278Z",
                "type": "SKIP",
                "source": "hotkey",
                "_t": "11:17:00",
                "_end": "-",
                "data": {
                    "t": 32.225022,
                    "Δt": 0.033366700033366704,
                    "key": "shift+right"
                }
            },
            {
                "time": "2018-02-05T18:17:00.662Z",
                "type": "SKIP",
                "source": "hotkey",
                "_t": "11:17:00",
                "_end": "-",
                "data": {
                    "t": 32.258387,
                    "Δt": 0.033366700033366704,
                    "key": "shift+right"
                }
            },
            {
                "time": "2018-02-05T18:17:01.191Z",
                "type": "SKIP",
                "source": "hotkey",
                "_t": "11:17:01",
                "_end": "-",
                "data": {
                    "t": 32.291753,
                    "Δt": 0.033366700033366704,
                    "key": "shift+right"
                }
            },
            {
                "time": "2018-02-05T18:17:01.575Z",
                "type": "SKIP",
                "source": "hotkey",
                "_t": "11:17:01",
                "_end": "-",
                "data": {
                    "t": 32.325119,
                    "Δt": -0.033366700033366704,
                    "key": "shift+left"
                }
            },
            {
                "time": "2018-02-05T18:17:01.847Z",
                "type": "SKIP",
                "source": "hotkey",
                "_t": "11:17:01",
                "_end": "-",
                "data": {
                    "t": 32.291752,
                    "Δt": -0.033366700033366704,
                    "key": "shift+left"
                }
            },
            {
                "time": "2018-02-05T18:17:02.582Z",
                "type": "SKIP",
                "source": "hotkey",
                "_t": "11:17:02",
                "_end": "-",
                "data": {
                    "t": 32.258384,
                    "Δt": 0.033366700033366704,
                    "key": "shift+right"
                }
            },
            {
                "time": "2018-02-05T18:17:05.126Z",
                "type": "SKIP",
                "source": "hotkey",
                "_t": "11:17:05",
                "_end": "-",
                "data": {
                    "t": 32.29175,
                    "Δt": 0.033366700033366704,
                    "key": "shift+right"
                }
            },
            {
                "time": "2018-02-05T18:17:06.726Z",
                "type": "SKIP",
                "source": "hotkey",
                "_t": "11:17:06",
                "_end": "-",
                "data": {
                    "t": 32.325116,
                    "Δt": 1,
                    "key": "right"
                }
            },
            {
                "time": "2018-02-05T18:17:07.910Z",
                "type": "SKIP",
                "source": "hotkey",
                "_t": "11:17:07",
                "_end": "-",
                "data": {
                    "t": 33.325116,
                    "Δt": 1,
                    "key": "right"
                }
            },
            {
                "time": "2018-02-05T18:17:09.463Z",
                "type": "SKIP",
                "source": "hotkey",
                "_t": "11:17:09",
                "_end": "-",
                "data": {
                    "t": 34.325116,
                    "Δt": -1,
                    "key": "left"
                }
            },
            {
                "time": "2018-02-05T18:17:10.167Z",
                "type": "SKIP",
                "source": "hotkey",
                "_t": "11:17:10",
                "_end": "-",
                "data": {
                    "t": 33.325116,
                    "Δt": 1,
                    "key": "right"
                }
            },
            {
                "time": "2018-02-05T18:17:10.663Z",
                "type": "SKIP",
                "source": "hotkey",
                "_t": "11:17:10",
                "_end": "-",
                "data": {
                    "t": 34.325116,
                    "Δt": -0.033366700033366704,
                    "key": "shift+left"
                }
            },
            {
                "time": "2018-02-05T18:17:10.823Z",
                "type": "SKIP",
                "source": "hotkey",
                "_t": "11:17:10",
                "_end": "-",
                "data": {
                    "t": 34.291749,
                    "Δt": -0.033366700033366704,
                    "key": "shift+left"
                }
            },
            {
                "time": "2018-02-05T18:17:10.982Z",
                "type": "SKIP",
                "source": "hotkey",
                "_t": "11:17:10",
                "_end": "-",
                "data": {
                    "t": 34.258382,
                    "Δt": -0.033366700033366704,
                    "key": "shift+left"
                }
            },
            {
                "time": "2018-02-05T18:17:11.142Z",
                "type": "SKIP",
                "source": "hotkey",
                "_t": "11:17:11",
                "_end": "-",
                "data": {
                    "t": 34.225015,
                    "Δt": -0.033366700033366704,
                    "key": "shift+left"
                }
            },
            {
                "time": "2018-02-05T18:17:11.286Z",
                "type": "SKIP",
                "source": "hotkey",
                "_t": "11:17:11",
                "_end": "-",
                "data": {
                    "t": 34.191648,
                    "Δt": -0.033366700033366704,
                    "key": "shift+left"
                }
            },
            {
                "time": "2018-02-05T18:17:11.446Z",
                "type": "SKIP",
                "source": "hotkey",
                "_t": "11:17:11",
                "_end": "-",
                "data": {
                    "t": 34.158281,
                    "Δt": -0.033366700033366704,
                    "key": "shift+left"
                }
            },
            {
                "time": "2018-02-05T18:17:11.591Z",
                "type": "SKIP",
                "source": "hotkey",
                "_t": "11:17:11",
                "_end": "-",
                "data": {
                    "t": 34.124914,
                    "Δt": -0.033366700033366704,
                    "key": "shift+left"
                }
            },
            {
                "time": "2018-02-05T18:17:11.736Z",
                "type": "SKIP",
                "source": "hotkey",
                "_t": "11:17:11",
                "_end": "-",
                "data": {
                    "t": 34.091547,
                    "Δt": -0.033366700033366704,
                    "key": "shift+left"
                }
            },
            {
                "time": "2018-02-05T18:17:11.878Z",
                "type": "SKIP",
                "source": "hotkey",
                "_t": "11:17:11",
                "_end": "-",
                "data": {
                    "t": 34.05818,
                    "Δt": -0.033366700033366704,
                    "key": "shift+left"
                }
            },
            {
                "time": "2018-02-05T18:17:12.022Z",
                "type": "SKIP",
                "source": "hotkey",
                "_t": "11:17:12",
                "_end": "-",
                "data": {
                    "t": 34.024813,
                    "Δt": -0.033366700033366704,
                    "key": "shift+left"
                }
            },
            {
                "time": "2018-02-05T18:17:12.166Z",
                "type": "SKIP",
                "source": "hotkey",
                "_t": "11:17:12",
                "_end": "-",
                "data": {
                    "t": 33.991446,
                    "Δt": -0.033366700033366704,
                    "key": "shift+left"
                }
            },
            {
                "time": "2018-02-05T18:17:12.326Z",
                "type": "SKIP",
                "source": "hotkey",
                "_t": "11:17:12",
                "_end": "-",
                "data": {
                    "t": 33.958079,
                    "Δt": -0.033366700033366704,
                    "key": "shift+left"
                }
            },
            {
                "time": "2018-02-05T18:17:12.470Z",
                "type": "SKIP",
                "source": "hotkey",
                "_t": "11:17:12",
                "_end": "-",
                "data": {
                    "t": 33.924712,
                    "Δt": -0.033366700033366704,
                    "key": "shift+left"
                }
            },
            {
                "time": "2018-02-05T18:17:12.807Z",
                "type": "SKIP",
                "source": "hotkey",
                "_t": "11:17:12",
                "_end": "-",
                "data": {
                    "t": 33.891345,
                    "Δt": 0.033366700033366704,
                    "key": "shift+right"
                }
            },
            {
                "time": "2018-02-05T18:17:12.999Z",
                "type": "SKIP",
                "source": "hotkey",
                "_t": "11:17:12",
                "_end": "-",
                "data": {
                    "t": 33.924711,
                    "Δt": 0.033366700033366704,
                    "key": "shift+right"
                }
            },
            {
                "time": "2018-02-05T18:17:13.190Z",
                "type": "SKIP",
                "source": "hotkey",
                "_t": "11:17:13",
                "_end": "-",
                "data": {
                    "t": 33.958077,
                    "Δt": 0.033366700033366704,
                    "key": "shift+right"
                }
            },
            {
                "time": "2018-02-05T18:17:14.151Z",
                "type": "SKIP",
                "source": "hotkey",
                "_t": "11:17:14",
                "_end": "-",
                "data": {
                    "t": 33.991443,
                    "Δt": -0.033366700033366704,
                    "key": "shift+left"
                }
            },
            {
                "time": "2018-02-05T18:17:14.582Z",
                "type": "SKIP",
                "source": "hotkey",
                "_t": "11:17:14",
                "_end": "-",
                "data": {
                    "t": 33.958076,
                    "Δt": 0.033366700033366704,
                    "key": "shift+right"
                }
            },
            {
                "time": "2018-02-05T18:17:16.902Z",
                "type": "SKIP",
                "source": "hotkey",
                "_t": "11:17:16",
                "_end": "-",
                "data": {
                    "t": 33.991442,
                    "Δt": 0.033366700033366704,
                    "key": "shift+right"
                }
            },
            {
                "time": "2018-02-05T18:17:18.950Z",
                "type": "SKIP",
                "source": "hotkey",
                "_t": "11:17:18",
                "_end": "-",
                "data": {
                    "t": 34.024808,
                    "Δt": 1,
                    "key": "right"
                }
            },
            {
                "time": "2018-02-05T18:17:19.639Z",
                "type": "SKIP",
                "source": "hotkey",
                "_t": "11:17:19",
                "_end": "-",
                "data": {
                    "t": 35.024808,
                    "Δt": 1,
                    "key": "right"
                }
            },
            {
                "time": "2018-02-05T18:17:21.174Z",
                "type": "SKIP",
                "source": "hotkey",
                "_t": "11:17:21",
                "_end": "-",
                "data": {
                    "t": 36.024808,
                    "Δt": -0.033366700033366704,
                    "key": "shift+left"
                }
            },
            {
                "time": "2018-02-05T18:17:21.334Z",
                "type": "SKIP",
                "source": "hotkey",
                "_t": "11:17:21",
                "_end": "-",
                "data": {
                    "t": 35.991441,
                    "Δt": -0.033366700033366704,
                    "key": "shift+left"
                }
            },
            {
                "time": "2018-02-05T18:17:21.575Z",
                "type": "SKIP",
                "source": "hotkey",
                "_t": "11:17:21",
                "_end": "-",
                "data": {
                    "t": 35.958074,
                    "Δt": -0.033366700033366704,
                    "key": "shift+left"
                }
            },
            {
                "time": "2018-02-05T18:17:21.830Z",
                "type": "SKIP",
                "source": "hotkey",
                "_t": "11:17:21",
                "_end": "-",
                "data": {
                    "t": 35.924707,
                    "Δt": -0.033366700033366704,
                    "key": "shift+left"
                }
            },
            {
                "time": "2018-02-05T18:17:22.037Z",
                "type": "SKIP",
                "source": "hotkey",
                "_t": "11:17:22",
                "_end": "-",
                "data": {
                    "t": 35.89134,
                    "Δt": -0.033366700033366704,
                    "key": "shift+left"
                }
            },
            {
                "time": "2018-02-05T18:17:22.279Z",
                "type": "SKIP",
                "source": "hotkey",
                "_t": "11:17:22",
                "_end": "-",
                "data": {
                    "t": 35.857973,
                    "Δt": -0.033366700033366704,
                    "key": "shift+left"
                }
            },
            {
                "time": "2018-02-05T18:17:22.582Z",
                "type": "SKIP",
                "source": "hotkey",
                "_t": "11:17:22",
                "_end": "-",
                "data": {
                    "t": 35.824606,
                    "Δt": -0.033366700033366704,
                    "key": "shift+left"
                }
            },
            {
                "time": "2018-02-05T18:17:23.014Z",
                "type": "SKIP",
                "source": "hotkey",
                "_t": "11:17:23",
                "_end": "-",
                "data": {
                    "t": 35.791239,
                    "Δt": 0.033366700033366704,
                    "key": "shift+right"
                }
            },
            {
                "time": "2018-02-05T18:17:23.704Z",
                "type": "SKIP",
                "source": "hotkey",
                "_t": "11:17:23",
                "_end": "-",
                "data": {
                    "t": 35.824605,
                    "Δt": 0.033366700033366704,
                    "key": "shift+right"
                }
            },
            {
                "time": "2018-02-05T18:17:24.614Z",
                "type": "SKIP",
                "source": "hotkey",
                "_t": "11:17:24",
                "_end": "-",
                "data": {
                    "t": 35.857971,
                    "Δt": 0.033366700033366704,
                    "key": "shift+right"
                }
            },
            {
                "time": "2018-02-05T18:17:25.415Z",
                "type": "SKIP",
                "source": "hotkey",
                "_t": "11:17:25",
                "_end": "-",
                "data": {
                    "t": 35.891337,
                    "Δt": -0.033366700033366704,
                    "key": "shift+left"
                }
            },
            {
                "time": "2018-02-05T18:17:25.783Z",
                "type": "SKIP",
                "source": "hotkey",
                "_t": "11:17:25",
                "_end": "-",
                "data": {
                    "t": 35.85797,
                    "Δt": -0.033366700033366704,
                    "key": "shift+left"
                }
            },
            {
                "time": "2018-02-05T18:17:26.438Z",
                "type": "SKIP",
                "source": "hotkey",
                "_t": "11:17:26",
                "_end": "-",
                "data": {
                    "t": 35.824603,
                    "Δt": 0.033366700033366704,
                    "key": "shift+right"
                }
            },
            {
                "time": "2018-02-05T18:17:28.215Z",
                "type": "SKIP",
                "source": "hotkey",
                "_t": "11:17:28",
                "_end": "-",
                "data": {
                    "t": 35.857969,
                    "Δt": 0.033366700033366704,
                    "key": "shift+right"
                }
            },
            {
                "time": "2018-02-05T18:17:29.366Z",
                "type": "SKIP",
                "source": "hotkey",
                "_t": "11:17:29",
                "_end": "-",
                "data": {
                    "t": 35.891335,
                    "Δt": 1,
                    "key": "right"
                }
            },
            {
                "time": "2018-02-05T18:17:29.894Z",
                "type": "SKIP",
                "source": "hotkey",
                "_t": "11:17:29",
                "_end": "-",
                "data": {
                    "t": 36.891335,
                    "Δt": 1,
                    "key": "right"
                }
            },
            {
                "time": "2018-02-05T18:17:30.871Z",
                "type": "SKIP",
                "source": "hotkey",
                "_t": "11:17:30",
                "_end": "-",
                "data": {
                    "t": 37.891335,
                    "Δt": 1,
                    "key": "right"
                }
            },
            {
                "time": "2018-02-05T18:17:31.542Z",
                "type": "SKIP",
                "source": "hotkey",
                "_t": "11:17:31",
                "_end": "-",
                "data": {
                    "t": 38.891335,
                    "Δt": 1,
                    "key": "right"
                }
            },
            {
                "time": "2018-02-05T18:17:33.174Z",
                "type": "SKIP",
                "source": "hotkey",
                "_t": "11:17:33",
                "_end": "-",
                "data": {
                    "t": 39.891335,
                    "Δt": -0.033366700033366704,
                    "key": "shift+left"
                }
            },
            {
                "time": "2018-02-05T18:17:33.367Z",
                "type": "SKIP",
                "source": "hotkey",
                "_t": "11:17:33",
                "_end": "-",
                "data": {
                    "t": 39.857968,
                    "Δt": -0.033366700033366704,
                    "key": "shift+left"
                }
            },
            {
                "time": "2018-02-05T18:17:33.558Z",
                "type": "SKIP",
                "source": "hotkey",
                "_t": "11:17:33",
                "_end": "-",
                "data": {
                    "t": 39.824601,
                    "Δt": -0.033366700033366704,
                    "key": "shift+left"
                }
            },
            {
                "time": "2018-02-05T18:17:33.734Z",
                "type": "SKIP",
                "source": "hotkey",
                "_t": "11:17:33",
                "_end": "-",
                "data": {
                    "t": 39.791234,
                    "Δt": -0.033366700033366704,
                    "key": "shift+left"
                }
            },
            {
                "time": "2018-02-05T18:17:33.958Z",
                "type": "SKIP",
                "source": "hotkey",
                "_t": "11:17:33",
                "_end": "-",
                "data": {
                    "t": 39.757867,
                    "Δt": -0.033366700033366704,
                    "key": "shift+left"
                }
            },
            {
                "time": "2018-02-05T18:17:34.473Z",
                "type": "SKIP",
                "source": "hotkey",
                "_t": "11:17:34",
                "_end": "-",
                "data": {
                    "t": 39.7245,
                    "Δt": 0.033366700033366704,
                    "key": "shift+right"
                }
            },
            {
                "time": "2018-02-05T18:17:34.824Z",
                "type": "SKIP",
                "source": "hotkey",
                "_t": "11:17:34",
                "_end": "-",
                "data": {
                    "t": 39.757866,
                    "Δt": 0.033366700033366704,
                    "key": "shift+right"
                }
            },
            {
                "time": "2018-02-05T18:17:35.336Z",
                "type": "SKIP",
                "source": "hotkey",
                "_t": "11:17:35",
                "_end": "-",
                "data": {
                    "t": 39.791232,
                    "Δt": 0.033366700033366704,
                    "key": "shift+right"
                }
            },
            {
                "time": "2018-02-05T18:17:36.007Z",
                "type": "SKIP",
                "source": "hotkey",
                "_t": "11:17:36",
                "_end": "-",
                "data": {
                    "t": 39.824598,
                    "Δt": 0.033366700033366704,
                    "key": "shift+right"
                }
            },
            {
                "time": "2018-02-05T18:17:36.746Z",
                "type": "SKIP",
                "source": "hotkey",
                "_t": "11:17:36",
                "_end": "-",
                "data": {
                    "t": 39.857964,
                    "Δt": 0.033366700033366704,
                    "key": "shift+right"
                }
            },
            {
                "time": "2018-02-05T18:17:37.559Z",
                "type": "SKIP",
                "source": "hotkey",
                "_t": "11:17:37",
                "_end": "-",
                "data": {
                    "t": 39.89133,
                    "Δt": -0.033366700033366704,
                    "key": "shift+left"
                }
            },
            {
                "time": "2018-02-05T18:17:37.927Z",
                "type": "SKIP",
                "source": "hotkey",
                "_t": "11:17:37",
                "_end": "-",
                "data": {
                    "t": 39.857963,
                    "Δt": -0.033366700033366704,
                    "key": "shift+left"
                }
            },
            {
                "time": "2018-02-05T18:17:38.439Z",
                "type": "SKIP",
                "source": "hotkey",
                "_t": "11:17:38",
                "_end": "-",
                "data": {
                    "t": 39.824596,
                    "Δt": -0.033366700033366704,
                    "key": "shift+left"
                }
            },
            {
                "time": "2018-02-05T18:17:38.921Z",
                "type": "SKIP",
                "source": "hotkey",
                "_t": "11:17:38",
                "_end": "-",
                "data": {
                    "t": 39.791229,
                    "Δt": 0.033366700033366704,
                    "key": "shift+right"
                }
            },
            {
                "time": "2018-02-05T18:17:40.855Z",
                "type": "SKIP",
                "source": "hotkey",
                "_t": "11:17:40",
                "_end": "-",
                "data": {
                    "t": 39.824595,
                    "Δt": 0.033366700033366704,
                    "key": "shift+right"
                }
            },
            {
                "time": "2018-02-05T18:17:42.264Z",
                "type": "SKIP",
                "source": "hotkey",
                "_t": "11:17:42",
                "_end": "-",
                "data": {
                    "t": 39.857961,
                    "Δt": 1,
                    "key": "right"
                }
            },
            {
                "time": "2018-02-05T18:17:43.638Z",
                "type": "SKIP",
                "source": "hotkey",
                "_t": "11:17:43",
                "_end": "-",
                "data": {
                    "t": 40.857961,
                    "Δt": 1,
                    "key": "right"
                }
            }
        ]
    }
}