{
    "user_id": "053",
    "session_id": "5a78abeeee2b1975ba835bc8",
    "study": "studyD",
    "workspace": "cane.cane-vid1-dat2",
    "details": {
        "workspace": "cane.cane-vid1-dat2",
        "labels": [
            {
                "time": 10.159773,
                "endTime": 10.159773,
                "type": "ground",
                "id": 2
            },
            {
                "time": 35.902435,
                "endTime": 35.902435,
                "type": "ground",
                "id": 12
            },
            {
                "time": 28.428227,
                "endTime": 29.681637,
                "type": "ground",
                "id": 13
            },
            {
                "time": 30.579658,
                "endTime": 31.507629,
                "type": "ground",
                "id": 14
            },
            {
                "time": 32.479256,
                "endTime": 33.449914,
                "type": "ground",
                "id": 15
            },
            {
                "time": 34.204869,
                "endTime": 35.147385,
                "type": "ground",
                "id": 16
            },
            {
                "time": 35.887825,
                "endTime": 35.902435,
                "type": "ground",
                "id": 17
            },
            {
                "time": 40.035629,
                "endTime": 40.922439,
                "type": "ground",
                "id": 18
            },
            {
                "time": 41.505811,
                "endTime": 42.31952,
                "type": "ground",
                "id": 19
            },
            {
                "time": 43.088897,
                "endTime": 44.015286,
                "type": "ground",
                "id": 20
            }
        ],
        "_starts": [
            "2018-02-05T19:14:02.000Z"
        ],
        "_ends": [
            "2018-02-05T19:16:25.835Z"
        ]
    },
    "labels_file": "/home/ubuntu/vat/data/user-studies/studyD/practice-second/053.labels.json",
    "videoFlash": 1.922515,
    "surveys": {
        "user-info": {
            "firstname": "Marshall",
            "lastname": "Rawlins",
            "email": "mjamesr4@gmail.com"
        },
        "practice-first": {
            "question1": "3",
            "question2": "ok",
            "question3": "50",
            "question4": "3"
        }
    },
    "logs": {
        "labelEvents": [
            {
                "time": "2018-02-05T19:14:38.752Z",
                "type": "START",
                "source": "hotkey",
                "_t": "12:14:38",
                "_end": "-",
                "data": {
                    "type": "ground",
                    "time": 10.159773
                }
            },
            {
                "time": "2018-02-05T19:14:39.639Z",
                "type": "START",
                "source": "hotkey",
                "_t": "12:14:39",
                "_end": "-",
                "data": {
                    "type": "ground",
                    "time": 11.050049
                }
            },
            {
                "time": "2018-02-05T19:14:41.594Z",
                "type": "END",
                "source": "data:click:h_pos",
                "_t": "12:14:41",
                "_end": "-",
                "data": {
                    "lbl": {
                        "time": 10.159773,
                        "endTime": 10.159773,
                        "type": "ground",
                        "id": 2
                    }
                }
            },
            {
                "time": "2018-02-05T19:14:41.596Z",
                "type": "SELECT",
                "source": "data:click",
                "_t": "12:14:41",
                "_end": "-",
                "data": {
                    "time": 10.159773,
                    "endTime": 11.050049,
                    "type": "ground",
                    "id": 1
                }
            },
            {
                "time": "2018-02-05T19:14:44.521Z",
                "type": "DELETE",
                "source": "side-bar:button",
                "_t": "12:14:44",
                "_end": "-",
                "data": {
                    "id": 1,
                    "idx": 0
                }
            },
            {
                "time": "2018-02-05T19:14:57.200Z",
                "type": "START",
                "source": "hotkey",
                "_t": "12:14:57",
                "_end": "-",
                "data": {
                    "type": "ground",
                    "time": 28.603569
                }
            },
            {
                "time": "2018-02-05T19:14:58.594Z",
                "type": "START",
                "source": "hotkey",
                "_t": "12:14:58",
                "_end": "-",
                "data": {
                    "type": "ground",
                    "time": 29.99982
                }
            },
            {
                "time": "2018-02-05T19:14:59.139Z",
                "type": "START",
                "source": "hotkey",
                "_t": "12:14:59",
                "_end": "-",
                "data": {
                    "type": "ground",
                    "time": 30.54316
                }
            },
            {
                "time": "2018-02-05T19:15:00.174Z",
                "type": "START",
                "source": "hotkey",
                "_t": "12:15:00",
                "_end": "-",
                "data": {
                    "type": "ground",
                    "time": 31.578018
                }
            },
            {
                "time": "2018-02-05T19:15:00.849Z",
                "type": "START",
                "source": "hotkey",
                "_t": "12:15:00",
                "_end": "-",
                "data": {
                    "type": "ground",
                    "time": 32.251537
                }
            },
            {
                "time": "2018-02-05T19:15:01.907Z",
                "type": "START",
                "source": "hotkey",
                "_t": "12:15:01",
                "_end": "-",
                "data": {
                    "type": "ground",
                    "time": 33.308141
                }
            },
            {
                "time": "2018-02-05T19:15:02.721Z",
                "type": "START",
                "source": "hotkey",
                "_t": "12:15:02",
                "_end": "-",
                "data": {
                    "type": "ground",
                    "time": 34.12208
                }
            },
            {
                "time": "2018-02-05T19:15:03.647Z",
                "type": "START",
                "source": "hotkey",
                "_t": "12:15:03",
                "_end": "-",
                "data": {
                    "type": "ground",
                    "time": 35.047911
                }
            },
            {
                "time": "2018-02-05T19:15:04.498Z",
                "type": "START",
                "source": "hotkey",
                "_t": "12:15:04",
                "_end": "-",
                "data": {
                    "type": "ground",
                    "time": 35.902435
                }
            },
            {
                "time": "2018-02-05T19:15:05.650Z",
                "type": "START",
                "source": "hotkey",
                "_t": "12:15:05",
                "_end": "-",
                "data": {
                    "type": "ground",
                    "time": 37.057836
                }
            },
            {
                "time": "2018-02-05T19:15:10.394Z",
                "type": "END",
                "source": "data:click:h_pos",
                "_t": "12:15:10",
                "_end": "-",
                "data": {
                    "lbl": {
                        "time": 35.902435,
                        "endTime": 35.902435,
                        "type": "ground",
                        "id": 12
                    }
                }
            },
            {
                "time": "2018-02-05T19:15:10.397Z",
                "type": "SELECT",
                "source": "data:click",
                "_t": "12:15:10",
                "_end": "-",
                "data": {
                    "time": 35.902435,
                    "endTime": 37.057836,
                    "type": "ground",
                    "id": 11
                }
            },
            {
                "time": "2018-02-05T19:15:11.887Z",
                "type": "DELETE",
                "source": "side-bar:button",
                "_t": "12:15:11",
                "_end": "-",
                "data": {
                    "id": 11,
                    "idx": 9
                }
            },
            {
                "time": "2018-02-05T19:15:32.195Z",
                "type": "SELECT",
                "source": "data:click",
                "_t": "12:15:32",
                "_end": "-",
                "data": {
                    "time": 28.603569,
                    "endTime": 29.99982,
                    "type": "ground",
                    "id": 3
                }
            },
            {
                "time": "2018-02-05T19:15:34.592Z",
                "type": "DELETE",
                "source": "side-bar:button",
                "_t": "12:15:34",
                "_end": "-",
                "data": {
                    "id": 3,
                    "idx": 1
                }
            },
            {
                "time": "2018-02-05T19:15:35.555Z",
                "type": "SELECT",
                "source": "data:click",
                "_t": "12:15:35",
                "_end": "-",
                "data": {
                    "time": 29.99982,
                    "endTime": 30.54316,
                    "type": "ground",
                    "id": 4
                }
            },
            {
                "time": "2018-02-05T19:15:38.144Z",
                "type": "DELETE",
                "source": "side-bar:button",
                "_t": "12:15:38",
                "_end": "-",
                "data": {
                    "id": 4,
                    "idx": 1
                }
            },
            {
                "time": "2018-02-05T19:15:38.882Z",
                "type": "SELECT",
                "source": "data:click",
                "_t": "12:15:38",
                "_end": "-",
                "data": {
                    "time": 30.54316,
                    "endTime": 31.578018,
                    "type": "ground",
                    "id": 5
                }
            },
            {
                "time": "2018-02-05T19:15:44.000Z",
                "type": "DELETE",
                "source": "hotkey",
                "_t": "12:15:44",
                "_end": "-",
                "data": {
                    "id": 5,
                    "idx": 1
                }
            },
            {
                "time": "2018-02-05T19:15:44.666Z",
                "type": "SELECT",
                "source": "data:click",
                "_t": "12:15:44",
                "_end": "-",
                "data": {
                    "time": 33.308141,
                    "endTime": 34.12208,
                    "type": "ground",
                    "id": 8
                }
            },
            {
                "time": "2018-02-05T19:15:45.823Z",
                "type": "DELETE",
                "source": "hotkey",
                "_t": "12:15:45",
                "_end": "-",
                "data": {
                    "id": 8,
                    "idx": 3
                }
            },
            {
                "time": "2018-02-05T19:15:47.714Z",
                "type": "SELECT",
                "source": "data:click",
                "_t": "12:15:47",
                "_end": "-",
                "data": {
                    "time": 32.251537,
                    "endTime": 33.308141,
                    "type": "ground",
                    "id": 7
                }
            },
            {
                "time": "2018-02-05T19:15:47.840Z",
                "type": "DELETE",
                "source": "hotkey",
                "_t": "12:15:47",
                "_end": "-",
                "data": {
                    "id": 7,
                    "idx": 2
                }
            },
            {
                "time": "2018-02-05T19:15:49.298Z",
                "type": "SELECT",
                "source": "data:click",
                "_t": "12:15:49",
                "_end": "-",
                "data": {
                    "time": 31.578018,
                    "endTime": 32.251537,
                    "type": "ground",
                    "id": 6
                }
            },
            {
                "time": "2018-02-05T19:15:49.473Z",
                "type": "DELETE",
                "source": "hotkey",
                "_t": "12:15:49",
                "_end": "-",
                "data": {
                    "id": 6,
                    "idx": 1
                }
            },
            {
                "time": "2018-02-05T19:15:50.122Z",
                "type": "SELECT",
                "source": "data:click",
                "_t": "12:15:50",
                "_end": "-",
                "data": {
                    "time": 35.047911,
                    "endTime": 35.902435,
                    "type": "ground",
                    "id": 10
                }
            },
            {
                "time": "2018-02-05T19:15:50.191Z",
                "type": "DELETE",
                "source": "hotkey",
                "_t": "12:15:50",
                "_end": "-",
                "data": {
                    "id": 10,
                    "idx": 2
                }
            },
            {
                "time": "2018-02-05T19:15:51.010Z",
                "type": "SELECT",
                "source": "data:click",
                "_t": "12:15:51",
                "_end": "-",
                "data": {
                    "time": 34.12208,
                    "endTime": 35.047911,
                    "type": "ground",
                    "id": 9
                }
            },
            {
                "time": "2018-02-05T19:15:51.121Z",
                "type": "DELETE",
                "source": "hotkey",
                "_t": "12:15:51",
                "_end": "-",
                "data": {
                    "id": 9,
                    "idx": 1
                }
            },
            {
                "time": "2018-02-05T19:16:07.266Z",
                "type": "START",
                "source": "hotkey",
                "_t": "12:16:07",
                "_end": "-",
                "data": {
                    "type": "ground",
                    "time": 28.428227
                }
            },
            {
                "time": "2018-02-05T19:16:08.515Z",
                "type": "END",
                "source": "hotkey:ctb",
                "_t": "12:16:08",
                "_end": "-",
                "data": {
                    "lbl": {
                        "time": 28.428227,
                        "endTime": 29.681637,
                        "type": "ground",
                        "id": 13
                    },
                    "key": "enter"
                }
            },
            {
                "time": "2018-02-05T19:16:09.410Z",
                "type": "START",
                "source": "hotkey",
                "_t": "12:16:09",
                "_end": "-",
                "data": {
                    "type": "ground",
                    "time": 30.579658
                }
            },
            {
                "time": "2018-02-05T19:16:10.338Z",
                "type": "END",
                "source": "hotkey:ctb",
                "_t": "12:16:10",
                "_end": "-",
                "data": {
                    "lbl": {
                        "time": 30.579658,
                        "endTime": 31.507629,
                        "type": "ground",
                        "id": 14
                    },
                    "key": "enter"
                }
            },
            {
                "time": "2018-02-05T19:16:11.314Z",
                "type": "START",
                "source": "hotkey",
                "_t": "12:16:11",
                "_end": "-",
                "data": {
                    "type": "ground",
                    "time": 32.479256
                }
            },
            {
                "time": "2018-02-05T19:16:12.289Z",
                "type": "END",
                "source": "hotkey:ctb",
                "_t": "12:16:12",
                "_end": "-",
                "data": {
                    "lbl": {
                        "time": 32.479256,
                        "endTime": 33.449914,
                        "type": "ground",
                        "id": 15
                    },
                    "key": "enter"
                }
            },
            {
                "time": "2018-02-05T19:16:13.042Z",
                "type": "START",
                "source": "hotkey",
                "_t": "12:16:13",
                "_end": "-",
                "data": {
                    "type": "ground",
                    "time": 34.204869
                }
            },
            {
                "time": "2018-02-05T19:16:13.986Z",
                "type": "END",
                "source": "hotkey:ctb",
                "_t": "12:16:13",
                "_end": "-",
                "data": {
                    "lbl": {
                        "time": 34.204869,
                        "endTime": 35.147385,
                        "type": "ground",
                        "id": 16
                    },
                    "key": "enter"
                }
            },
            {
                "time": "2018-02-05T19:16:14.723Z",
                "type": "START",
                "source": "hotkey",
                "_t": "12:16:14",
                "_end": "-",
                "data": {
                    "type": "ground",
                    "time": 35.887825
                }
            },
            {
                "time": "2018-02-05T19:16:18.338Z",
                "type": "END",
                "source": "hotkey:ctb",
                "_t": "12:16:18",
                "_end": "-",
                "data": {
                    "lbl": {
                        "time": 35.887825,
                        "endTime": 35.902435,
                        "type": "ground",
                        "id": 17
                    },
                    "key": "enter"
                }
            },
            {
                "time": "2018-02-05T19:16:18.867Z",
                "type": "START",
                "source": "hotkey",
                "_t": "12:16:18",
                "_end": "-",
                "data": {
                    "type": "ground",
                    "time": 40.035629
                }
            },
            {
                "time": "2018-02-05T19:16:19.762Z",
                "type": "END",
                "source": "hotkey:ctb",
                "_t": "12:16:19",
                "_end": "-",
                "data": {
                    "lbl": {
                        "time": 40.035629,
                        "endTime": 40.922439,
                        "type": "ground",
                        "id": 18
                    },
                    "key": "enter"
                }
            },
            {
                "time": "2018-02-05T19:16:20.340Z",
                "type": "START",
                "source": "hotkey",
                "_t": "12:16:20",
                "_end": "-",
                "data": {
                    "type": "ground",
                    "time": 41.505811
                }
            },
            {
                "time": "2018-02-05T19:16:21.156Z",
                "type": "END",
                "source": "hotkey:ctb",
                "_t": "12:16:21",
                "_end": "-",
                "data": {
                    "lbl": {
                        "time": 41.505811,
                        "endTime": 42.31952,
                        "type": "ground",
                        "id": 19
                    },
                    "key": "enter"
                }
            },
            {
                "time": "2018-02-05T19:16:21.924Z",
                "type": "START",
                "source": "hotkey",
                "_t": "12:16:21",
                "_end": "-",
                "data": {
                    "type": "ground",
                    "time": 43.088897
                }
            },
            {
                "time": "2018-02-05T19:16:22.852Z",
                "type": "END",
                "source": "hotkey:ctb",
                "_t": "12:16:22",
                "_end": "-",
                "data": {
                    "lbl": {
                        "time": 43.088897,
                        "endTime": 44.015286,
                        "type": "ground",
                        "id": 20
                    },
                    "key": "enter"
                }
            }
        ],
        "navigationEvents": [
            {
                "time": {
                    "start": "2018-02-05T19:14:02.655Z",
                    "end": "2018-02-05T19:14:41.592Z"
                },
                "type": "SCRUB",
                "source": "data:drag",
                "_t": "12:14:02",
                "_end": "12:14:41",
                "data": {
                    "time": 13.002804
                }
            },
            {
                "time": "2018-02-05T19:15:08.664Z",
                "type": "PAUSE",
                "source": "video:button",
                "_t": "12:15:08",
                "_end": "-"
            },
            {
                "time": {
                    "start": "2018-02-05T19:14:02.655Z",
                    "end": "2018-02-05T19:15:10.392Z"
                },
                "type": "SCRUB",
                "source": "data:drag",
                "_t": "12:14:02",
                "_end": "12:15:10",
                "data": {
                    "time": 40.074471
                }
            },
            {
                "time": {
                    "start": "2018-02-05T19:14:02.655Z",
                    "end": "2018-02-05T19:15:29.584Z"
                },
                "type": "SCRUB",
                "source": "data:drag",
                "_t": "12:14:02",
                "_end": "12:15:29",
                "data": {
                    "time": 35.25973
                }
            },
            {
                "time": {
                    "start": "2018-02-05T19:14:02.655Z",
                    "end": "2018-02-05T19:15:32.192Z"
                },
                "type": "SCRUB",
                "source": "data:drag",
                "_t": "12:14:02",
                "_end": "12:15:32",
                "data": {
                    "time": 35.25973
                }
            },
            {
                "time": {
                    "start": "2018-02-05T19:14:02.655Z",
                    "end": "2018-02-05T19:15:35.553Z"
                },
                "type": "SCRUB",
                "source": "data:drag",
                "_t": "12:14:02",
                "_end": "12:15:35",
                "data": {
                    "time": 35.25973
                }
            },
            {
                "time": {
                    "start": "2018-02-05T19:14:02.655Z",
                    "end": "2018-02-05T19:15:38.880Z"
                },
                "type": "SCRUB",
                "source": "data:drag",
                "_t": "12:14:02",
                "_end": "12:15:38",
                "data": {
                    "time": 35.25973
                }
            },
            {
                "time": {
                    "start": "2018-02-05T19:14:02.655Z",
                    "end": "2018-02-05T19:15:44.664Z"
                },
                "type": "SCRUB",
                "source": "data:drag",
                "_t": "12:14:02",
                "_end": "12:15:44",
                "data": {
                    "time": 35.25973
                }
            },
            {
                "time": "2018-02-05T19:15:45.953Z",
                "type": "SKIP",
                "source": "hotkey",
                "_t": "12:15:45",
                "_end": "-",
                "data": {
                    "t": 35.25973,
                    "Δt": -1,
                    "key": "left"
                }
            },
            {
                "time": {
                    "start": "2018-02-05T19:14:02.655Z",
                    "end": "2018-02-05T19:15:47.712Z"
                },
                "type": "SCRUB",
                "source": "data:drag",
                "_t": "12:14:02",
                "_end": "12:15:47",
                "data": {
                    "time": 34.25973
                }
            },
            {
                "time": {
                    "start": "2018-02-05T19:14:02.655Z",
                    "end": "2018-02-05T19:15:48.947Z"
                },
                "type": "SCRUB",
                "source": "data:drag",
                "_t": "12:14:02",
                "_end": "12:15:48",
                "data": {
                    "time": 34.222188
                }
            },
            {
                "time": {
                    "start": "2018-02-05T19:14:02.655Z",
                    "end": "2018-02-05T19:15:49.296Z"
                },
                "type": "SCRUB",
                "source": "data:drag",
                "_t": "12:14:02",
                "_end": "12:15:49",
                "data": {
                    "time": 34.222188
                }
            },
            {
                "time": {
                    "start": "2018-02-05T19:14:02.655Z",
                    "end": "2018-02-05T19:15:49.855Z"
                },
                "type": "SCRUB",
                "source": "data:drag",
                "_t": "12:14:02",
                "_end": "12:15:49",
                "data": {
                    "time": 34.212802
                }
            },
            {
                "time": {
                    "start": "2018-02-05T19:14:02.655Z",
                    "end": "2018-02-05T19:15:50.120Z"
                },
                "type": "SCRUB",
                "source": "data:drag",
                "_t": "12:14:02",
                "_end": "12:15:50",
                "data": {
                    "time": 34.212802
                }
            },
            {
                "time": {
                    "start": "2018-02-05T19:14:02.655Z",
                    "end": "2018-02-05T19:15:51.008Z"
                },
                "type": "SCRUB",
                "source": "data:drag",
                "_t": "12:14:02",
                "_end": "12:15:51",
                "data": {
                    "time": 34.212802
                }
            },
            {
                "time": {
                    "start": "2018-02-05T19:15:52.773Z",
                    "end": "2018-02-05T19:15:53.979Z"
                },
                "type": "SCRUB",
                "source": "video:drag",
                "_t": "12:15:52",
                "_end": "12:15:53",
                "data": {
                    "to": 17.969379,
                    "from": 34.212802
                }
            },
            {
                "time": "2018-02-05T19:15:55.017Z",
                "type": "PLAY",
                "source": "video:button",
                "_t": "12:15:55",
                "_end": "-"
            },
            {
                "time": {
                    "start": "2018-02-05T19:14:02.655Z",
                    "end": "2018-02-05T19:15:57.704Z"
                },
                "type": "SCRUB",
                "source": "data:drag",
                "_t": "12:14:02",
                "_end": "12:15:57",
                "data": {
                    "time": 20.577536
                }
            },
            {
                "time": {
                    "start": "2018-02-05T19:16:01.012Z",
                    "end": "2018-02-05T19:16:01.087Z"
                },
                "type": "SCRUB",
                "source": "video:drag",
                "_t": "12:16:01",
                "_end": "12:16:01",
                "data": {
                    "to": 28.474555,
                    "from": 23.793596
                }
            },
            {
                "time": "2018-02-05T19:16:02.713Z",
                "type": "PAUSE",
                "source": "video:button",
                "_t": "12:16:02",
                "_end": "-"
            },
            {
                "time": {
                    "start": "2018-02-05T19:16:03.572Z",
                    "end": "2018-02-05T19:16:03.665Z"
                },
                "type": "SCRUB",
                "source": "video:drag",
                "_t": "12:16:03",
                "_end": "12:16:03",
                "data": {
                    "to": 27.368747,
                    "from": 30.024694
                }
            },
            {
                "time": "2018-02-05T19:16:06.136Z",
                "type": "PLAY",
                "source": "video:button",
                "_t": "12:16:06",
                "_end": "-"
            }
        ]
    }
}