[{"time":10.159773,"endTime":10.159773,"type":"ground","id":2},{"time":35.902435,"endTime":35.902435,"type":"ground","id":12},{"time":28.428227,"endTime":29.681637,"type":"ground","id":13},{"time":30.579658,"endTime":31.507629,"type":"ground","id":14},{"time":32.479256,"endTime":33.449914,"type":"ground","id":15},{"time":34.204869,"endTime":35.147385,"type":"ground","id":16},{"time":35.887825,"endTime":35.902435,"type":"ground","id":17},{"time":40.035629,"endTime":40.922439,"type":"ground","id":18},{"time":41.505811,"endTime":42.31952,"type":"ground","id":19},{"time":43.088897,"endTime":44.015286,"type":"ground","id":20}]