{
    "user_id": "048",
    "session_id": "5a788f58ee2b1975ba835b91",
    "study": "studyD",
    "workspace": "newrun.run-thurs-seven-attempt",
    "details": {
        "workspace": "newrun.run-thurs-seven-attempt",
        "labels": [
            {
                "time": 29.66181720325211,
                "endTime": 34.300092,
                "type": "run",
                "id": 1
            },
            {
                "time": 80.73495466666485,
                "endTime": 89.281888,
                "type": "skip",
                "id": 2
            },
            {
                "time": 261.36603571001143,
                "endTime": 265.922893,
                "type": "run",
                "id": 3
            },
            {
                "time": 278.88276196334266,
                "endTime": 287.243968,
                "type": "skip",
                "id": 4
            },
            {
                "time": 414.4597172992894,
                "endTime": 423.740656,
                "type": "skip",
                "id": 5
            },
            {
                "time": 438.49818464964994,
                "endTime": 443.138654,
                "type": "run",
                "id": 6
            },
            {
                "time": 518.6894479585612,
                "endTime": 518.6894479585612,
                "type": "run",
                "id": 8
            },
            {
                "time": 518.6894479585612,
                "endTime": 518.6894479585612,
                "type": "run",
                "id": 9
            },
            {
                "time": 518.6894479585612,
                "endTime": 518.6894479585612,
                "type": "run",
                "id": 10
            },
            {
                "time": 518.6894479585612,
                "endTime": 518.6894479585612,
                "type": "run",
                "id": 11
            },
            {
                "time": 518.6894479585612,
                "endTime": 518.6894479585612,
                "type": "run",
                "id": 12
            },
            {
                "time": 518.6894479585612,
                "endTime": 518.6894479585612,
                "type": "run",
                "id": 13
            },
            {
                "time": 518.6894479585612,
                "endTime": 518.530942,
                "type": "run",
                "id": 15
            },
            {
                "time": 518.6894479585612,
                "endTime": 518.6894479585612,
                "type": "run",
                "id": 16
            },
            {
                "time": 518.6894479585612,
                "endTime": 518.6894479585612,
                "type": "run",
                "id": 17
            },
            {
                "time": 518.6894479585612,
                "endTime": 518.6894479585612,
                "type": "run",
                "id": 18
            },
            {
                "time": 518.658186,
                "endTime": 518.6894479585612,
                "type": "run",
                "id": 19
            }
        ],
        "_starts": [
            "2018-02-05T17:32:57.000Z"
        ],
        "_ends": [
            "2018-02-05T17:36:11.586Z"
        ]
    },
    "labels_file": "/home/ubuntu/vat/data/user-studies/studyD/run-red/048.labels.json",
    "videoFlash": 11.89045,
    "surveys": {
        "user-info": {
            "firstname": "Kendra",
            "lastname": "Graham",
            "email": "deloris4@gmail.com"
        },
        "practice-first": {
            "question1": "3",
            "question2": "ok",
            "question3": "100",
            "question4": "4"
        },
        "practice-second": {},
        "practice-third": {},
        "practice-survey": {},
        "pill-blue": {
            "question1": "4",
            "question2": "5",
            "question3": "60",
            "question4": "70"
        },
        "pill-red": {
            "question1": "1",
            "question2": "1",
            "question3": "20",
            "question4": "40"
        },
        "pill-orange": {
            "question1": "2",
            "question2": "4",
            "question3": "100",
            "question4": "80"
        },
        "pills-survey": {
            "question1": "5",
            "question2": "4",
            "question3": "5",
            "question4": "5"
        },
        "run-blue": {
            "question1": "5",
            "question2": "4",
            "question3": "100",
            "question4": "100"
        },
        "run-yellow": {
            "question1": "1",
            "question2": "1",
            "question3": "30",
            "question4": "80"
        }
    },
    "logs": {
        "labelEvents": [
            {
                "time": "2018-02-05T17:33:18.536Z",
                "type": "START",
                "source": "hotkey",
                "_t": "10:33:18",
                "_end": "-",
                "data": {
                    "type": "run",
                    "time": 34.300092
                }
            },
            {
                "time": "2018-02-05T17:33:20.770Z",
                "type": "END",
                "source": "data:click:h_pos",
                "_t": "10:33:20",
                "_end": "-",
                "data": {
                    "lbl": {
                        "time": 29.66181720325211,
                        "endTime": 34.300092,
                        "type": "run",
                        "id": 1
                    }
                }
            },
            {
                "time": "2018-02-05T17:33:20.969Z",
                "type": "SELECT",
                "source": "data:click",
                "_t": "10:33:20",
                "_end": "-",
                "data": {
                    "time": 29.66181720325211,
                    "endTime": 34.300092,
                    "type": "run",
                    "id": 1
                }
            },
            {
                "time": "2018-02-05T17:33:26.170Z",
                "type": "START",
                "source": "hotkey",
                "_t": "10:33:26",
                "_end": "-",
                "data": {
                    "type": "skip",
                    "time": 89.281888
                }
            },
            {
                "time": "2018-02-05T17:33:27.300Z",
                "type": "END",
                "source": "data:click:h_pos",
                "_t": "10:33:27",
                "_end": "-",
                "data": {
                    "lbl": {
                        "time": 80.73495466666485,
                        "endTime": 89.281888,
                        "type": "skip",
                        "id": 2
                    }
                }
            },
            {
                "time": "2018-02-05T17:33:27.505Z",
                "type": "SELECT",
                "source": "data:click",
                "_t": "10:33:27",
                "_end": "-",
                "data": {
                    "time": 80.73495466666485,
                    "endTime": 89.281888,
                    "type": "skip",
                    "id": 2
                }
            },
            {
                "time": "2018-02-05T17:33:38.249Z",
                "type": "START",
                "source": "hotkey",
                "_t": "10:33:38",
                "_end": "-",
                "data": {
                    "type": "run",
                    "time": 265.922893
                }
            },
            {
                "time": "2018-02-05T17:33:39.346Z",
                "type": "END",
                "source": "data:click:h_pos",
                "_t": "10:33:39",
                "_end": "-",
                "data": {
                    "lbl": {
                        "time": 261.36603571001143,
                        "endTime": 265.922893,
                        "type": "run",
                        "id": 3
                    }
                }
            },
            {
                "time": "2018-02-05T17:33:39.563Z",
                "type": "SELECT",
                "source": "data:click",
                "_t": "10:33:39",
                "_end": "-",
                "data": {
                    "time": 261.36603571001143,
                    "endTime": 265.922893,
                    "type": "run",
                    "id": 3
                }
            },
            {
                "time": "2018-02-05T17:33:44.346Z",
                "type": "START",
                "source": "hotkey",
                "_t": "10:33:44",
                "_end": "-",
                "data": {
                    "type": "skip",
                    "time": 287.243968
                }
            },
            {
                "time": "2018-02-05T17:33:46.568Z",
                "type": "END",
                "source": "data:click:h_pos",
                "_t": "10:33:46",
                "_end": "-",
                "data": {
                    "lbl": {
                        "time": 278.88276196334266,
                        "endTime": 287.243968,
                        "type": "skip",
                        "id": 4
                    }
                }
            },
            {
                "time": "2018-02-05T17:33:46.752Z",
                "type": "SELECT",
                "source": "data:click",
                "_t": "10:33:46",
                "_end": "-",
                "data": {
                    "time": 278.88276196334266,
                    "endTime": 287.243968,
                    "type": "skip",
                    "id": 4
                }
            },
            {
                "time": "2018-02-05T17:33:55.401Z",
                "type": "START",
                "source": "hotkey",
                "_t": "10:33:55",
                "_end": "-",
                "data": {
                    "type": "skip",
                    "time": 423.740656
                }
            },
            {
                "time": "2018-02-05T17:33:57.074Z",
                "type": "END",
                "source": "data:click:h_pos",
                "_t": "10:33:57",
                "_end": "-",
                "data": {
                    "lbl": {
                        "time": 414.4597172992894,
                        "endTime": 423.740656,
                        "type": "skip",
                        "id": 5
                    }
                }
            },
            {
                "time": "2018-02-05T17:33:57.274Z",
                "type": "SELECT",
                "source": "data:click",
                "_t": "10:33:57",
                "_end": "-",
                "data": {
                    "time": 414.4597172992894,
                    "endTime": 423.740656,
                    "type": "skip",
                    "id": 5
                }
            },
            {
                "time": "2018-02-05T17:34:01.387Z",
                "type": "START",
                "source": "hotkey",
                "_t": "10:34:01",
                "_end": "-",
                "data": {
                    "type": "run",
                    "time": 443.138654
                }
            },
            {
                "time": "2018-02-05T17:34:02.490Z",
                "type": "END",
                "source": "data:click:h_pos",
                "_t": "10:34:02",
                "_end": "-",
                "data": {
                    "lbl": {
                        "time": 438.49818464964994,
                        "endTime": 443.138654,
                        "type": "run",
                        "id": 6
                    }
                }
            },
            {
                "time": "2018-02-05T17:34:02.698Z",
                "type": "SELECT",
                "source": "data:click",
                "_t": "10:34:02",
                "_end": "-",
                "data": {
                    "time": 438.49818464964994,
                    "endTime": 443.138654,
                    "type": "run",
                    "id": 6
                }
            },
            {
                "time": "2018-02-05T17:34:12.756Z",
                "type": "START",
                "source": "hotkey",
                "_t": "10:34:12",
                "_end": "-",
                "data": {
                    "type": "run",
                    "time": 522.805456
                }
            },
            {
                "time": "2018-02-05T17:34:13.978Z",
                "type": "START",
                "source": "hotkey",
                "_t": "10:34:13",
                "_end": "-",
                "data": {
                    "type": "skip",
                    "time": 522.805456
                }
            },
            {
                "time": "2018-02-05T17:34:29.482Z",
                "type": "END",
                "source": "data:click:h_pos",
                "_t": "10:34:29",
                "_end": "-",
                "data": {
                    "lbl": {
                        "time": 518.6894479585612,
                        "endTime": 522.805456,
                        "type": "skip",
                        "id": 7
                    }
                }
            },
            {
                "time": "2018-02-05T17:34:31.050Z",
                "type": "START",
                "source": "hotkey",
                "_t": "10:34:31",
                "_end": "-",
                "data": {
                    "type": "run",
                    "time": 522.805456
                }
            },
            {
                "time": "2018-02-05T17:34:31.962Z",
                "type": "END",
                "source": "data:click:h_pos",
                "_t": "10:34:31",
                "_end": "-",
                "data": {
                    "lbl": {
                        "time": 518.6894479585612,
                        "endTime": 518.6894479585612,
                        "type": "run",
                        "id": 8
                    }
                }
            },
            {
                "time": "2018-02-05T17:34:31.966Z",
                "type": "SELECT",
                "source": "data:click",
                "_t": "10:34:31",
                "_end": "-",
                "data": {
                    "time": 518.6894479585612,
                    "endTime": 522.805456,
                    "type": "skip",
                    "id": 7
                }
            },
            {
                "time": "2018-02-05T17:34:32.888Z",
                "type": "DELETE",
                "source": "hotkey",
                "_t": "10:34:32",
                "_end": "-",
                "data": {
                    "id": 7,
                    "idx": 6
                }
            },
            {
                "time": "2018-02-05T17:34:34.041Z",
                "type": "START",
                "source": "hotkey",
                "_t": "10:34:34",
                "_end": "-",
                "data": {
                    "type": "run",
                    "time": 522.805456
                }
            },
            {
                "time": "2018-02-05T17:34:35.186Z",
                "type": "END",
                "source": "data:click:h_pos",
                "_t": "10:34:35",
                "_end": "-",
                "data": {
                    "lbl": {
                        "time": 518.6894479585612,
                        "endTime": 518.6894479585612,
                        "type": "run",
                        "id": 9
                    }
                }
            },
            {
                "time": "2018-02-05T17:34:36.618Z",
                "type": "START",
                "source": "hotkey",
                "_t": "10:34:36",
                "_end": "-",
                "data": {
                    "type": "run",
                    "time": 522.805456
                }
            },
            {
                "time": "2018-02-05T17:34:38.118Z",
                "type": "END",
                "source": "data:click:h_pos",
                "_t": "10:34:38",
                "_end": "-",
                "data": {
                    "lbl": {
                        "time": 518.6894479585612,
                        "endTime": 518.6894479585612,
                        "type": "run",
                        "id": 10
                    }
                }
            },
            {
                "time": "2018-02-05T17:34:40.316Z",
                "type": "START",
                "source": "hotkey",
                "_t": "10:34:40",
                "_end": "-",
                "data": {
                    "type": "run",
                    "time": 518.350482
                }
            },
            {
                "time": "2018-02-05T17:34:45.572Z",
                "type": "END",
                "source": "data:click:h_pos",
                "_t": "10:34:45",
                "_end": "-",
                "data": {
                    "lbl": {
                        "time": 514.0915316419687,
                        "endTime": 518.350482,
                        "type": "run",
                        "id": 11
                    }
                }
            },
            {
                "time": "2018-02-05T17:34:47.212Z",
                "type": "SELECT",
                "source": "data:click",
                "_t": "10:34:47",
                "_end": "-",
                "data": {
                    "time": 514.0915316419687,
                    "endTime": 518.350482,
                    "type": "run",
                    "id": 11
                }
            },
            {
                "time": "2018-02-05T17:34:47.483Z",
                "type": "DELETE",
                "source": "hotkey",
                "_t": "10:34:47",
                "_end": "-",
                "data": {
                    "id": 11,
                    "idx": 9
                }
            },
            {
                "time": "2018-02-05T17:34:51.674Z",
                "type": "START",
                "source": "hotkey",
                "_t": "10:34:51",
                "_end": "-",
                "data": {
                    "type": "run",
                    "time": 523.006452
                }
            },
            {
                "time": "2018-02-05T17:34:52.723Z",
                "type": "END",
                "source": "data:click:h_pos",
                "_t": "10:34:52",
                "_end": "-",
                "data": {
                    "lbl": {
                        "time": 518.6894479585612,
                        "endTime": 518.6894479585612,
                        "type": "run",
                        "id": 11
                    }
                }
            },
            {
                "time": "2018-02-05T17:34:56.736Z",
                "type": "START",
                "source": "hotkey",
                "_t": "10:34:56",
                "_end": "-",
                "data": {
                    "type": "run",
                    "time": 523.403471
                }
            },
            {
                "time": "2018-02-05T17:34:57.650Z",
                "type": "END",
                "source": "data:click:h_pos",
                "_t": "10:34:57",
                "_end": "-",
                "data": {
                    "lbl": {
                        "time": 518.6894479585612,
                        "endTime": 518.6894479585612,
                        "type": "run",
                        "id": 12
                    }
                }
            },
            {
                "time": "2018-02-05T17:35:01.674Z",
                "type": "START",
                "source": "hotkey",
                "_t": "10:35:01",
                "_end": "-",
                "data": {
                    "type": "run",
                    "time": 523.114728
                }
            },
            {
                "time": "2018-02-05T17:35:03.484Z",
                "type": "END",
                "source": "data:click:h_pos",
                "_t": "10:35:03",
                "_end": "-",
                "data": {
                    "lbl": {
                        "time": 518.6894479585612,
                        "endTime": 518.6894479585612,
                        "type": "run",
                        "id": 13
                    }
                }
            },
            {
                "time": "2018-02-05T17:35:06.714Z",
                "type": "START",
                "source": "side-bar:button",
                "_t": "10:35:06",
                "_end": "-",
                "data": {
                    "type": "run",
                    "time": 518.530942
                }
            },
            {
                "time": "2018-02-05T17:35:12.268Z",
                "type": "END",
                "source": "data:click:h_pos",
                "_t": "10:35:12",
                "_end": "-",
                "data": {
                    "lbl": {
                        "time": 518.68944795856,
                        "endTime": 518.6894479585612,
                        "type": "run",
                        "id": 14
                    }
                }
            },
            {
                "time": "2018-02-05T17:35:13.723Z",
                "type": "START",
                "source": "hotkey",
                "_t": "10:35:13",
                "_end": "-",
                "data": {
                    "type": "run",
                    "time": 523.367377
                }
            },
            {
                "time": "2018-02-05T17:35:14.836Z",
                "type": "END",
                "source": "data:click:h_pos",
                "_t": "10:35:14",
                "_end": "-",
                "data": {
                    "lbl": {
                        "time": 518.6894479585612,
                        "endTime": 518.530942,
                        "type": "run",
                        "id": 15
                    }
                }
            },
            {
                "time": "2018-02-05T17:35:16.612Z",
                "type": "SELECT",
                "source": "data:click",
                "_t": "10:35:16",
                "_end": "-",
                "data": {
                    "time": 518.68944795856,
                    "endTime": 518.6894479585612,
                    "type": "run",
                    "id": 14
                }
            },
            {
                "time": {
                    "start": "2018-02-05T17:35:17.602Z",
                    "end": "2018-02-05T17:35:19.517Z"
                },
                "type": "RESIZE",
                "source": "data:brush",
                "_t": "10:35:17",
                "_end": "10:35:19",
                "data": {
                    "brushing": true,
                    "origin": [
                        518.530942,
                        518.6894479585612
                    ],
                    "start": "2018-02-05T17:35:17.602Z",
                    "ε": 0.1,
                    "mode": "resize"
                }
            },
            {
                "time": "2018-02-05T17:35:25.704Z",
                "type": "DELETE",
                "source": "side-bar:button",
                "_t": "10:35:25",
                "_end": "-",
                "data": {
                    "id": 14,
                    "idx": 12
                }
            },
            {
                "time": "2018-02-05T17:35:27.099Z",
                "type": "START",
                "source": "hotkey",
                "_t": "10:35:27",
                "_end": "-",
                "data": {
                    "type": "run",
                    "time": 523.042541
                }
            },
            {
                "time": "2018-02-05T17:35:30.467Z",
                "type": "END",
                "source": "data:click:h_pos",
                "_t": "10:35:30",
                "_end": "-",
                "data": {
                    "lbl": {
                        "time": 518.6894479585612,
                        "endTime": 518.6894479585612,
                        "type": "run",
                        "id": 16
                    }
                }
            },
            {
                "time": "2018-02-05T17:35:38.491Z",
                "type": "START",
                "source": "hotkey",
                "_t": "10:35:38",
                "_end": "-",
                "data": {
                    "type": "run",
                    "time": 523.278066
                }
            },
            {
                "time": "2018-02-05T17:35:39.332Z",
                "type": "END",
                "source": "data:click:h_pos",
                "_t": "10:35:39",
                "_end": "-",
                "data": {
                    "lbl": {
                        "time": 518.6894479585612,
                        "endTime": 518.6894479585612,
                        "type": "run",
                        "id": 17
                    }
                }
            },
            {
                "time": "2018-02-05T17:35:45.436Z",
                "type": "START",
                "source": "hotkey",
                "_t": "10:35:45",
                "_end": "-",
                "data": {
                    "type": "run",
                    "time": 523.169786
                }
            },
            {
                "time": "2018-02-05T17:35:47.380Z",
                "type": "END",
                "source": "data:click:h_pos",
                "_t": "10:35:47",
                "_end": "-",
                "data": {
                    "lbl": {
                        "time": 518.6894479585612,
                        "endTime": 518.6894479585612,
                        "type": "run",
                        "id": 18
                    }
                }
            },
            {
                "time": "2018-02-05T17:35:54.450Z",
                "type": "START",
                "source": "side-bar:button",
                "_t": "10:35:54",
                "_end": "-",
                "data": {
                    "type": "run",
                    "time": 518.658186
                }
            },
            {
                "time": "2018-02-05T17:35:56.112Z",
                "type": "END",
                "source": "data:click:h_pos",
                "_t": "10:35:56",
                "_end": "-",
                "data": {
                    "lbl": {
                        "time": 518.658186,
                        "endTime": 518.6894479585612,
                        "type": "run",
                        "id": 19
                    }
                }
            }
        ],
        "navigationEvents": [
            {
                "time": {
                    "start": "2018-02-05T17:32:57.847Z",
                    "end": "2018-02-05T17:33:16.898Z"
                },
                "type": "SCRUB",
                "source": "data:drag",
                "_t": "10:32:57",
                "_end": "10:33:16",
                "data": {
                    "time": 34.300092
                }
            },
            {
                "time": {
                    "start": "2018-02-05T17:32:57.847Z",
                    "end": "2018-02-05T17:33:20.767Z"
                },
                "type": "SCRUB",
                "source": "data:drag",
                "_t": "10:32:57",
                "_end": "10:33:20",
                "data": {
                    "time": 34.300092
                }
            },
            {
                "time": {
                    "start": "2018-02-05T17:32:57.847Z",
                    "end": "2018-02-05T17:33:20.967Z"
                },
                "type": "SCRUB",
                "source": "data:drag",
                "_t": "10:32:57",
                "_end": "10:33:20",
                "data": {
                    "time": 34.300092
                }
            },
            {
                "time": {
                    "start": "2018-02-05T17:32:57.847Z",
                    "end": "2018-02-05T17:33:24.940Z"
                },
                "type": "SCRUB",
                "source": "data:drag",
                "_t": "10:32:57",
                "_end": "10:33:24",
                "data": {
                    "time": 89.281888
                }
            },
            {
                "time": {
                    "start": "2018-02-05T17:32:57.847Z",
                    "end": "2018-02-05T17:33:27.298Z"
                },
                "type": "SCRUB",
                "source": "data:drag",
                "_t": "10:32:57",
                "_end": "10:33:27",
                "data": {
                    "time": 89.281888
                }
            },
            {
                "time": {
                    "start": "2018-02-05T17:32:57.847Z",
                    "end": "2018-02-05T17:33:27.503Z"
                },
                "type": "SCRUB",
                "source": "data:drag",
                "_t": "10:32:57",
                "_end": "10:33:27",
                "data": {
                    "time": 89.281888
                }
            },
            {
                "time": {
                    "start": "2018-02-05T17:32:57.847Z",
                    "end": "2018-02-05T17:33:29.652Z"
                },
                "type": "SCRUB",
                "source": "data:drag",
                "_t": "10:32:57",
                "_end": "10:33:29",
                "data": {
                    "time": 209.616455
                }
            },
            {
                "time": {
                    "start": "2018-02-05T17:32:57.847Z",
                    "end": "2018-02-05T17:33:35.144Z"
                },
                "type": "SCRUB",
                "source": "data:drag",
                "_t": "10:32:57",
                "_end": "10:33:35",
                "data": {
                    "time": 265.588445
                }
            },
            {
                "time": {
                    "start": "2018-02-05T17:32:57.847Z",
                    "end": "2018-02-05T17:33:37.921Z"
                },
                "type": "SCRUB",
                "source": "data:drag",
                "_t": "10:32:57",
                "_end": "10:33:37",
                "data": {
                    "time": 265.922893
                }
            },
            {
                "time": {
                    "start": "2018-02-05T17:32:57.847Z",
                    "end": "2018-02-05T17:33:39.343Z"
                },
                "type": "SCRUB",
                "source": "data:drag",
                "_t": "10:32:57",
                "_end": "10:33:39",
                "data": {
                    "time": 265.922893
                }
            },
            {
                "time": {
                    "start": "2018-02-05T17:32:57.847Z",
                    "end": "2018-02-05T17:33:39.560Z"
                },
                "type": "SCRUB",
                "source": "data:drag",
                "_t": "10:32:57",
                "_end": "10:33:39",
                "data": {
                    "time": 265.922893
                }
            },
            {
                "time": {
                    "start": "2018-02-05T17:32:57.847Z",
                    "end": "2018-02-05T17:33:43.075Z"
                },
                "type": "SCRUB",
                "source": "data:drag",
                "_t": "10:32:57",
                "_end": "10:33:43",
                "data": {
                    "time": 287.243968
                }
            },
            {
                "time": {
                    "start": "2018-02-05T17:32:57.847Z",
                    "end": "2018-02-05T17:33:46.565Z"
                },
                "type": "SCRUB",
                "source": "data:drag",
                "_t": "10:32:57",
                "_end": "10:33:46",
                "data": {
                    "time": 287.243968
                }
            },
            {
                "time": {
                    "start": "2018-02-05T17:32:57.847Z",
                    "end": "2018-02-05T17:33:46.751Z"
                },
                "type": "SCRUB",
                "source": "data:drag",
                "_t": "10:32:57",
                "_end": "10:33:46",
                "data": {
                    "time": 287.243968
                }
            },
            {
                "time": {
                    "start": "2018-02-05T17:32:57.847Z",
                    "end": "2018-02-05T17:33:48.899Z"
                },
                "type": "SCRUB",
                "source": "data:drag",
                "_t": "10:32:57",
                "_end": "10:33:48",
                "data": {
                    "time": 379.384458
                }
            },
            {
                "time": {
                    "start": "2018-02-05T17:32:57.847Z",
                    "end": "2018-02-05T17:33:54.504Z"
                },
                "type": "SCRUB",
                "source": "data:drag",
                "_t": "10:32:57",
                "_end": "10:33:54",
                "data": {
                    "time": 423.740656
                }
            },
            {
                "time": {
                    "start": "2018-02-05T17:32:57.847Z",
                    "end": "2018-02-05T17:33:57.072Z"
                },
                "type": "SCRUB",
                "source": "data:drag",
                "_t": "10:32:57",
                "_end": "10:33:57",
                "data": {
                    "time": 423.740656
                }
            },
            {
                "time": {
                    "start": "2018-02-05T17:32:57.847Z",
                    "end": "2018-02-05T17:33:57.272Z"
                },
                "type": "SCRUB",
                "source": "data:drag",
                "_t": "10:32:57",
                "_end": "10:33:57",
                "data": {
                    "time": 423.740656
                }
            },
            {
                "time": {
                    "start": "2018-02-05T17:32:57.847Z",
                    "end": "2018-02-05T17:34:00.908Z"
                },
                "type": "SCRUB",
                "source": "data:drag",
                "_t": "10:32:57",
                "_end": "10:34:00",
                "data": {
                    "time": 443.138654
                }
            },
            {
                "time": {
                    "start": "2018-02-05T17:32:57.847Z",
                    "end": "2018-02-05T17:34:02.488Z"
                },
                "type": "SCRUB",
                "source": "data:drag",
                "_t": "10:32:57",
                "_end": "10:34:02",
                "data": {
                    "time": 443.138654
                }
            },
            {
                "time": {
                    "start": "2018-02-05T17:32:57.847Z",
                    "end": "2018-02-05T17:34:02.696Z"
                },
                "type": "SCRUB",
                "source": "data:drag",
                "_t": "10:32:57",
                "_end": "10:34:02",
                "data": {
                    "time": 443.138654
                }
            },
            {
                "time": {
                    "start": "2018-02-05T17:32:57.847Z",
                    "end": "2018-02-05T17:34:08.515Z"
                },
                "type": "SCRUB",
                "source": "data:drag",
                "_t": "10:32:57",
                "_end": "10:34:08",
                "data": {
                    "time": 523.235946
                }
            },
            {
                "time": {
                    "start": "2018-02-05T17:32:57.847Z",
                    "end": "2018-02-05T17:34:12.302Z"
                },
                "type": "SCRUB",
                "source": "data:drag",
                "_t": "10:32:57",
                "_end": "10:34:12",
                "data": {
                    "time": 522.805456
                }
            },
            {
                "time": {
                    "start": "2018-02-05T17:32:57.847Z",
                    "end": "2018-02-05T17:34:29.479Z"
                },
                "type": "SCRUB",
                "source": "data:drag",
                "_t": "10:32:57",
                "_end": "10:34:29",
                "data": {
                    "time": 522.805456
                }
            },
            {
                "time": {
                    "start": "2018-02-05T17:32:57.847Z",
                    "end": "2018-02-05T17:34:31.960Z"
                },
                "type": "SCRUB",
                "source": "data:drag",
                "_t": "10:32:57",
                "_end": "10:34:31",
                "data": {
                    "time": 522.805456
                }
            },
            {
                "time": {
                    "start": "2018-02-05T17:32:57.847Z",
                    "end": "2018-02-05T17:34:35.185Z"
                },
                "type": "SCRUB",
                "source": "data:drag",
                "_t": "10:32:57",
                "_end": "10:34:35",
                "data": {
                    "time": 522.805456
                }
            },
            {
                "time": {
                    "start": "2018-02-05T17:32:57.847Z",
                    "end": "2018-02-05T17:34:38.115Z"
                },
                "type": "SCRUB",
                "source": "data:drag",
                "_t": "10:32:57",
                "_end": "10:34:38",
                "data": {
                    "time": 522.805456
                }
            },
            {
                "time": {
                    "start": "2018-02-05T17:32:57.847Z",
                    "end": "2018-02-05T17:34:38.320Z"
                },
                "type": "SCRUB",
                "source": "data:drag",
                "_t": "10:32:57",
                "_end": "10:34:38",
                "data": {
                    "time": 522.805456
                }
            },
            {
                "time": "2018-02-05T17:34:38.329Z",
                "type": "JUMP",
                "source": "data:dblclick:h_pos",
                "_t": "10:34:38",
                "_end": "-",
                "data": {
                    "from": 522.805456,
                    "to": 518.3504825904427
                }
            },
            {
                "time": {
                    "start": "2018-02-05T17:32:57.847Z",
                    "end": "2018-02-05T17:34:45.570Z"
                },
                "type": "SCRUB",
                "source": "data:drag",
                "_t": "10:32:57",
                "_end": "10:34:45",
                "data": {
                    "time": 518.350482
                }
            },
            {
                "time": {
                    "start": "2018-02-05T17:32:57.847Z",
                    "end": "2018-02-05T17:34:47.209Z"
                },
                "type": "SCRUB",
                "source": "data:drag",
                "_t": "10:32:57",
                "_end": "10:34:47",
                "data": {
                    "time": 518.350482
                }
            },
            {
                "time": {
                    "start": "2018-02-05T17:32:57.847Z",
                    "end": "2018-02-05T17:34:50.896Z"
                },
                "type": "SCRUB",
                "source": "data:drag",
                "_t": "10:32:57",
                "_end": "10:34:50",
                "data": {
                    "time": 523.006452
                }
            },
            {
                "time": {
                    "start": "2018-02-05T17:32:57.847Z",
                    "end": "2018-02-05T17:34:52.720Z"
                },
                "type": "SCRUB",
                "source": "data:drag",
                "_t": "10:32:57",
                "_end": "10:34:52",
                "data": {
                    "time": 523.006452
                }
            },
            {
                "time": {
                    "start": "2018-02-05T17:32:57.847Z",
                    "end": "2018-02-05T17:34:52.929Z"
                },
                "type": "SCRUB",
                "source": "data:drag",
                "_t": "10:32:57",
                "_end": "10:34:52",
                "data": {
                    "time": 523.006452
                }
            },
            {
                "time": "2018-02-05T17:34:52.935Z",
                "type": "JUMP",
                "source": "data:dblclick:h_pos",
                "_t": "10:34:52",
                "_end": "-",
                "data": {
                    "from": 523.006452,
                    "to": 517.6647176526525
                }
            },
            {
                "time": {
                    "start": "2018-02-05T17:32:57.847Z",
                    "end": "2018-02-05T17:34:56.353Z"
                },
                "type": "SCRUB",
                "source": "data:drag",
                "_t": "10:32:57",
                "_end": "10:34:56",
                "data": {
                    "time": 523.403471
                }
            },
            {
                "time": {
                    "start": "2018-02-05T17:32:57.847Z",
                    "end": "2018-02-05T17:34:57.648Z"
                },
                "type": "SCRUB",
                "source": "data:drag",
                "_t": "10:32:57",
                "_end": "10:34:57",
                "data": {
                    "time": 523.403471
                }
            },
            {
                "time": {
                    "start": "2018-02-05T17:32:57.847Z",
                    "end": "2018-02-05T17:34:57.865Z"
                },
                "type": "SCRUB",
                "source": "data:drag",
                "_t": "10:32:57",
                "_end": "10:34:57",
                "data": {
                    "time": 523.403471
                }
            },
            {
                "time": "2018-02-05T17:34:57.871Z",
                "type": "JUMP",
                "source": "data:dblclick:h_pos",
                "_t": "10:34:57",
                "_end": "-",
                "data": {
                    "from": 523.403471,
                    "to": 518.4587574487261
                }
            },
            {
                "time": {
                    "start": "2018-02-05T17:32:57.847Z",
                    "end": "2018-02-05T17:35:00.785Z"
                },
                "type": "SCRUB",
                "source": "data:drag",
                "_t": "10:32:57",
                "_end": "10:35:00",
                "data": {
                    "time": 523.114728
                }
            },
            {
                "time": {
                    "start": "2018-02-05T17:32:57.847Z",
                    "end": "2018-02-05T17:35:03.480Z"
                },
                "type": "SCRUB",
                "source": "data:drag",
                "_t": "10:32:57",
                "_end": "10:35:03",
                "data": {
                    "time": 523.114728
                }
            },
            {
                "time": {
                    "start": "2018-02-05T17:32:57.847Z",
                    "end": "2018-02-05T17:35:04.737Z"
                },
                "type": "SCRUB",
                "source": "data:drag",
                "_t": "10:32:57",
                "_end": "10:35:04",
                "data": {
                    "time": 523.114728
                }
            },
            {
                "time": {
                    "start": "2018-02-05T17:32:57.847Z",
                    "end": "2018-02-05T17:35:04.897Z"
                },
                "type": "SCRUB",
                "source": "data:drag",
                "_t": "10:32:57",
                "_end": "10:35:04",
                "data": {
                    "time": 523.114728
                }
            },
            {
                "time": "2018-02-05T17:35:04.904Z",
                "type": "JUMP",
                "source": "data:dblclick:h_pos",
                "_t": "10:35:04",
                "_end": "-",
                "data": {
                    "from": 523.114728,
                    "to": 518.5309424451816
                }
            },
            {
                "time": {
                    "start": "2018-02-05T17:32:57.847Z",
                    "end": "2018-02-05T17:35:05.058Z"
                },
                "type": "SCRUB",
                "source": "data:drag",
                "_t": "10:32:57",
                "_end": "10:35:05",
                "data": {
                    "time": 518.530942
                }
            },
            {
                "time": {
                    "start": "2018-02-05T17:32:57.847Z",
                    "end": "2018-02-05T17:35:10.577Z"
                },
                "type": "SCRUB",
                "source": "data:drag",
                "_t": "10:32:57",
                "_end": "10:35:10",
                "data": {
                    "time": 523.367377
                }
            },
            {
                "time": {
                    "start": "2018-02-05T17:32:57.847Z",
                    "end": "2018-02-05T17:35:12.265Z"
                },
                "type": "SCRUB",
                "source": "data:drag",
                "_t": "10:32:57",
                "_end": "10:35:12",
                "data": {
                    "time": 523.367377
                }
            },
            {
                "time": {
                    "start": "2018-02-05T17:32:57.847Z",
                    "end": "2018-02-05T17:35:14.833Z"
                },
                "type": "SCRUB",
                "source": "data:drag",
                "_t": "10:32:57",
                "_end": "10:35:14",
                "data": {
                    "time": 523.367377
                }
            },
            {
                "time": {
                    "start": "2018-02-05T17:32:57.847Z",
                    "end": "2018-02-05T17:35:15.065Z"
                },
                "type": "SCRUB",
                "source": "data:drag",
                "_t": "10:32:57",
                "_end": "10:35:15",
                "data": {
                    "time": 523.367377
                }
            },
            {
                "time": "2018-02-05T17:35:15.071Z",
                "type": "JUMP",
                "source": "data:dblclick:h_pos",
                "_t": "10:35:15",
                "_end": "-",
                "data": {
                    "from": 523.367377,
                    "to": 518.2061066508738
                }
            },
            {
                "time": {
                    "start": "2018-02-05T17:32:57.847Z",
                    "end": "2018-02-05T17:35:16.609Z"
                },
                "type": "SCRUB",
                "source": "data:drag",
                "_t": "10:32:57",
                "_end": "10:35:16",
                "data": {
                    "time": 518.206106
                }
            },
            {
                "time": {
                    "start": "2018-02-05T17:32:57.847Z",
                    "end": "2018-02-05T17:35:19.523Z"
                },
                "type": "SCRUB",
                "source": "data:drag",
                "_t": "10:32:57",
                "_end": "10:35:19",
                "data": {
                    "time": 518.206106
                }
            },
            {
                "time": {
                    "start": "2018-02-05T17:32:57.847Z",
                    "end": "2018-02-05T17:35:24.251Z"
                },
                "type": "SCRUB",
                "source": "data:drag",
                "_t": "10:32:57",
                "_end": "10:35:24",
                "data": {
                    "time": 523.042541
                }
            },
            {
                "time": {
                    "start": "2018-02-05T17:32:57.847Z",
                    "end": "2018-02-05T17:35:30.465Z"
                },
                "type": "SCRUB",
                "source": "data:drag",
                "_t": "10:32:57",
                "_end": "10:35:30",
                "data": {
                    "time": 523.042541
                }
            },
            {
                "time": {
                    "start": "2018-02-05T17:32:57.847Z",
                    "end": "2018-02-05T17:35:30.689Z"
                },
                "type": "SCRUB",
                "source": "data:drag",
                "_t": "10:32:57",
                "_end": "10:35:30",
                "data": {
                    "time": 523.042541
                }
            },
            {
                "time": "2018-02-05T17:35:30.695Z",
                "type": "JUMP",
                "source": "data:dblclick:h_pos",
                "_t": "10:35:30",
                "_end": "-",
                "data": {
                    "from": 523.042541,
                    "to": 517.9895490498066
                }
            },
            {
                "time": {
                    "start": "2018-02-05T17:32:57.847Z",
                    "end": "2018-02-05T17:35:31.297Z"
                },
                "type": "SCRUB",
                "source": "data:drag",
                "_t": "10:32:57",
                "_end": "10:35:31",
                "data": {
                    "time": 517.989549
                }
            },
            {
                "time": "2018-02-05T17:35:37.626Z",
                "type": "PAUSE",
                "source": "hotkey",
                "_t": "10:35:37",
                "_end": "-",
                "data": {
                    "key": "space"
                }
            },
            {
                "time": {
                    "start": "2018-02-05T17:32:57.847Z",
                    "end": "2018-02-05T17:35:39.329Z"
                },
                "type": "SCRUB",
                "source": "data:drag",
                "_t": "10:32:57",
                "_end": "10:35:39",
                "data": {
                    "time": 523.278066
                }
            },
            {
                "time": {
                    "start": "2018-02-05T17:32:57.847Z",
                    "end": "2018-02-05T17:35:39.553Z"
                },
                "type": "SCRUB",
                "source": "data:drag",
                "_t": "10:32:57",
                "_end": "10:35:39",
                "data": {
                    "time": 523.278066
                }
            },
            {
                "time": "2018-02-05T17:35:39.561Z",
                "type": "JUMP",
                "source": "data:dblclick:h_pos",
                "_t": "10:35:39",
                "_end": "-",
                "data": {
                    "from": 523.278066,
                    "to": 518.2972596490949
                }
            },
            {
                "time": {
                    "start": "2018-02-05T17:32:57.847Z",
                    "end": "2018-02-05T17:35:44.844Z"
                },
                "type": "SCRUB",
                "source": "data:drag",
                "_t": "10:32:57",
                "_end": "10:35:44",
                "data": {
                    "time": 523.169786
                }
            },
            {
                "time": {
                    "start": "2018-02-05T17:32:57.847Z",
                    "end": "2018-02-05T17:35:47.377Z"
                },
                "type": "SCRUB",
                "source": "data:drag",
                "_t": "10:32:57",
                "_end": "10:35:47",
                "data": {
                    "time": 523.169786
                }
            },
            {
                "time": {
                    "start": "2018-02-05T17:32:57.847Z",
                    "end": "2018-02-05T17:35:47.622Z"
                },
                "type": "SCRUB",
                "source": "data:drag",
                "_t": "10:32:57",
                "_end": "10:35:47",
                "data": {
                    "time": 523.169786
                }
            },
            {
                "time": "2018-02-05T17:35:47.627Z",
                "type": "JUMP",
                "source": "data:dblclick:h_pos",
                "_t": "10:35:47",
                "_end": "-",
                "data": {
                    "from": 523.169786,
                    "to": 518.6581860444701
                }
            },
            {
                "time": {
                    "start": "2018-02-05T17:32:57.847Z",
                    "end": "2018-02-05T17:35:56.108Z"
                },
                "type": "SCRUB",
                "source": "data:drag",
                "_t": "10:32:57",
                "_end": "10:35:56",
                "data": {
                    "time": 518.658186
                }
            },
            {
                "time": {
                    "start": "2018-02-05T17:32:57.847Z",
                    "end": "2018-02-05T17:35:56.769Z"
                },
                "type": "SCRUB",
                "source": "data:drag",
                "_t": "10:32:57",
                "_end": "10:35:56",
                "data": {
                    "time": 518.658186
                }
            },
            {
                "time": {
                    "start": "2018-02-05T17:32:57.847Z",
                    "end": "2018-02-05T17:35:57.401Z"
                },
                "type": "SCRUB",
                "source": "data:drag",
                "_t": "10:32:57",
                "_end": "10:35:57",
                "data": {
                    "time": 518.658186
                }
            },
            {
                "time": {
                    "start": "2018-02-05T17:32:57.847Z",
                    "end": "2018-02-05T17:35:57.794Z"
                },
                "type": "SCRUB",
                "source": "data:drag",
                "_t": "10:32:57",
                "_end": "10:35:57",
                "data": {
                    "time": 518.658186
                }
            }
        ]
    }
}