{
    "user_id": "049",
    "session_id": "5a789de3ee2b1975ba835b9c",
    "study": "studyD",
    "workspace": "newrun.run-thurs-seven-attempt",
    "details": {
        "workspace": "newrun.run-thurs-seven-attempt",
        "labels": [
            {
                "time": 29.737494,
                "endTime": 34.131032527032204,
                "type": "run",
                "id": 1
            },
            {
                "time": 81.040925,
                "endTime": 88.98204121966963,
                "type": "skip",
                "id": 2
            },
            {
                "time": 261.421602,
                "endTime": 265.76056217199283,
                "type": "run",
                "id": 3
            },
            {
                "time": 279.214068,
                "endTime": 287.5372310480998,
                "type": "skip",
                "id": 4
            },
            {
                "time": 414.622379,
                "endTime": 423.7096357049828,
                "type": "skip",
                "id": 5
            },
            {
                "time": 438.745907,
                "endTime": 442.92113305364074,
                "type": "run",
                "id": 6
            },
            {
                "time": 519.030319,
                "endTime": 522.659763870155,
                "type": "run",
                "id": 7
            },
            {
                "time": 565.749188,
                "endTime": 575.436803888474,
                "type": "skip",
                "id": 8
            }
        ],
        "_starts": [
            "2018-02-05T18:37:53.000Z"
        ],
        "_ends": [
            "2018-02-05T18:39:48.010Z"
        ]
    },
    "labels_file": "/home/ubuntu/vat/data/user-studies/studyD/run-red/049.labels.json",
    "videoFlash": 11.89045,
    "surveys": {
        "user-info": {
            "firstname": "Rebekah",
            "lastname": "Day",
            "email": "rebekahday@gmail.com"
        },
        "practice-first": {
            "question1": "3",
            "question2": "ok",
            "question3": "30",
            "question4": "4"
        },
        "practice-second": {},
        "practice-third": {},
        "practice-survey": {},
        "pill-blue": {
            "question1": "5",
            "question2": "4",
            "question3": "100",
            "question4": "90"
        },
        "pill-red": {
            "question1": "4",
            "question2": "4",
            "question3": "50",
            "question4": "90"
        },
        "pill-orange": {
            "question1": "3",
            "question2": "3",
            "question3": "80",
            "question4": "70"
        },
        "pills-survey": {
            "question1": "5",
            "question2": "4",
            "question3": "4",
            "question4": "4"
        },
        "run-blue": {
            "question1": "5",
            "question2": "5",
            "question3": "100",
            "question4": "90"
        },
        "run-yellow": {
            "question1": "4",
            "question2": "5",
            "question3": "70",
            "question4": "70"
        }
    },
    "logs": {
        "labelEvents": [
            {
                "time": "2018-02-05T18:38:12.855Z",
                "type": "START",
                "source": "side-bar:button",
                "_t": "11:38:12",
                "_end": "-",
                "data": {
                    "type": "run",
                    "time": 29.737494
                }
            },
            {
                "time": "2018-02-05T18:38:14.966Z",
                "type": "END",
                "source": "data:click:h_pos",
                "_t": "11:38:14",
                "_end": "-",
                "data": {
                    "lbl": {
                        "time": 29.737494,
                        "endTime": 34.131032527032204,
                        "type": "run",
                        "id": 1
                    }
                }
            },
            {
                "time": "2018-02-05T18:38:20.695Z",
                "type": "START",
                "source": "side-bar:button",
                "_t": "11:38:20",
                "_end": "-",
                "data": {
                    "type": "run",
                    "time": 81.040925
                }
            },
            {
                "time": "2018-02-05T18:38:23.015Z",
                "type": "END",
                "source": "data:click:h_pos",
                "_t": "11:38:23",
                "_end": "-",
                "data": {
                    "lbl": {
                        "time": 81.040925,
                        "endTime": 88.98204121966963,
                        "type": "skip",
                        "id": 2
                    }
                }
            },
            {
                "time": "2018-02-05T18:38:28.635Z",
                "type": "SELECT",
                "source": "data:click",
                "_t": "11:38:28",
                "_end": "-",
                "data": {
                    "time": 81.040925,
                    "endTime": 88.98204121966963,
                    "type": "skip",
                    "id": 2
                }
            },
            {
                "time": "2018-02-05T18:38:30.151Z",
                "type": "CHANGE-EVENT-TYPE",
                "source": "side-bar:menu",
                "_t": "11:38:30",
                "_end": "-",
                "data": {
                    "time": 81.040925,
                    "endTime": 88.98204121966963,
                    "type": "run",
                    "id": 2
                }
            },
            {
                "time": "2018-02-05T18:38:32.094Z",
                "type": "DESELECT",
                "source": "side-bar:button",
                "_t": "11:38:32",
                "_end": "-",
                "data": {
                    "time": 81.040925,
                    "endTime": 88.98204121966963,
                    "type": "skip",
                    "id": 2
                }
            },
            {
                "time": "2018-02-05T18:38:42.416Z",
                "type": "START",
                "source": "side-bar:button",
                "_t": "11:38:42",
                "_end": "-",
                "data": {
                    "type": "run",
                    "time": 261.421602
                }
            },
            {
                "time": "2018-02-05T18:38:46.642Z",
                "type": "END",
                "source": "data:click:h_pos",
                "_t": "11:38:46",
                "_end": "-",
                "data": {
                    "lbl": {
                        "time": 261.421602,
                        "endTime": 265.76056217199283,
                        "type": "run",
                        "id": 3
                    }
                }
            },
            {
                "time": "2018-02-05T18:38:51.184Z",
                "type": "START",
                "source": "side-bar:button",
                "_t": "11:38:51",
                "_end": "-",
                "data": {
                    "type": "run",
                    "time": 279.214068
                }
            },
            {
                "time": "2018-02-05T18:38:52.672Z",
                "type": "END",
                "source": "data:click:h_pos",
                "_t": "11:38:52",
                "_end": "-",
                "data": {
                    "lbl": {
                        "time": 279.214068,
                        "endTime": 287.5372310480998,
                        "type": "skip",
                        "id": 4
                    }
                }
            },
            {
                "time": "2018-02-05T18:38:59.784Z",
                "type": "START",
                "source": "side-bar:button",
                "_t": "11:38:59",
                "_end": "-",
                "data": {
                    "type": "skip",
                    "time": 414.622379
                }
            },
            {
                "time": "2018-02-05T18:39:00.954Z",
                "type": "END",
                "source": "data:click:h_pos",
                "_t": "11:39:00",
                "_end": "-",
                "data": {
                    "lbl": {
                        "time": 414.622379,
                        "endTime": 423.7096357049828,
                        "type": "skip",
                        "id": 5
                    }
                }
            },
            {
                "time": "2018-02-05T18:39:05.120Z",
                "type": "START",
                "source": "side-bar:button",
                "_t": "11:39:05",
                "_end": "-",
                "data": {
                    "type": "run",
                    "time": 438.745907
                }
            },
            {
                "time": "2018-02-05T18:39:07.275Z",
                "type": "END",
                "source": "data:click:h_pos",
                "_t": "11:39:07",
                "_end": "-",
                "data": {
                    "lbl": {
                        "time": 438.745907,
                        "endTime": 442.92113305364074,
                        "type": "run",
                        "id": 6
                    }
                }
            },
            {
                "time": "2018-02-05T18:39:13.105Z",
                "type": "START",
                "source": "side-bar:button",
                "_t": "11:39:13",
                "_end": "-",
                "data": {
                    "type": "run",
                    "time": 519.030319
                }
            },
            {
                "time": "2018-02-05T18:39:14.659Z",
                "type": "END",
                "source": "data:click:h_pos",
                "_t": "11:39:14",
                "_end": "-",
                "data": {
                    "lbl": {
                        "time": 519.030319,
                        "endTime": 522.659763870155,
                        "type": "run",
                        "id": 7
                    }
                }
            },
            {
                "time": "2018-02-05T18:39:19.321Z",
                "type": "START",
                "source": "side-bar:button",
                "_t": "11:39:19",
                "_end": "-",
                "data": {
                    "type": "skip",
                    "time": 565.749188
                }
            },
            {
                "time": "2018-02-05T18:39:23.939Z",
                "type": "END",
                "source": "data:click:h_pos",
                "_t": "11:39:23",
                "_end": "-",
                "data": {
                    "lbl": {
                        "time": 565.749188,
                        "endTime": 575.436803888474,
                        "type": "skip",
                        "id": 8
                    }
                }
            },
            {
                "time": "2018-02-05T18:39:31.309Z",
                "type": "SELECT",
                "source": "data:click",
                "_t": "11:39:31",
                "_end": "-",
                "data": {
                    "time": 279.214068,
                    "endTime": 287.5372310480998,
                    "type": "skip",
                    "id": 4
                }
            },
            {
                "time": "2018-02-05T18:39:33.975Z",
                "type": "CHANGE-EVENT-TYPE",
                "source": "side-bar:menu",
                "_t": "11:39:33",
                "_end": "-",
                "data": {
                    "time": 279.214068,
                    "endTime": 287.5372310480998,
                    "type": "run",
                    "id": 4
                }
            },
            {
                "time": "2018-02-05T18:39:35.488Z",
                "type": "DESELECT",
                "source": "side-bar:button",
                "_t": "11:39:35",
                "_end": "-",
                "data": {
                    "time": 279.214068,
                    "endTime": 287.5372310480998,
                    "type": "skip",
                    "id": 4
                }
            }
        ],
        "navigationEvents": [
            {
                "time": {
                    "start": "2018-02-05T18:37:53.360Z",
                    "end": "2018-02-05T18:38:12.077Z"
                },
                "type": "SCRUB",
                "source": "data:drag",
                "_t": "11:37:53",
                "_end": "11:38:12",
                "data": {
                    "time": 29.737494
                }
            },
            {
                "time": {
                    "start": "2018-02-05T18:37:53.360Z",
                    "end": "2018-02-05T18:38:14.965Z"
                },
                "type": "SCRUB",
                "source": "data:drag",
                "_t": "11:37:53",
                "_end": "11:38:14",
                "data": {
                    "time": 29.737494
                }
            },
            {
                "time": {
                    "start": "2018-02-05T18:37:53.360Z",
                    "end": "2018-02-05T18:38:19.327Z"
                },
                "type": "SCRUB",
                "source": "data:drag",
                "_t": "11:37:53",
                "_end": "11:38:19",
                "data": {
                    "time": 81.040925
                }
            },
            {
                "time": {
                    "start": "2018-02-05T18:37:53.360Z",
                    "end": "2018-02-05T18:38:23.014Z"
                },
                "type": "SCRUB",
                "source": "data:drag",
                "_t": "11:37:53",
                "_end": "11:38:23",
                "data": {
                    "time": 81.040925
                }
            },
            {
                "time": {
                    "start": "2018-02-05T18:37:53.360Z",
                    "end": "2018-02-05T18:38:24.285Z"
                },
                "type": "SCRUB",
                "source": "data:drag",
                "_t": "11:37:53",
                "_end": "11:38:24",
                "data": {
                    "time": 146.971291
                }
            },
            {
                "time": {
                    "start": "2018-02-05T18:37:53.360Z",
                    "end": "2018-02-05T18:38:25.229Z"
                },
                "type": "SCRUB",
                "source": "data:drag",
                "_t": "11:37:53",
                "_end": "11:38:25",
                "data": {
                    "time": 227.310281
                }
            },
            {
                "time": {
                    "start": "2018-02-05T18:37:53.360Z",
                    "end": "2018-02-05T18:38:26.916Z"
                },
                "type": "SCRUB",
                "source": "data:drag",
                "_t": "11:37:53",
                "_end": "11:38:26",
                "data": {
                    "time": 162.36232
                }
            },
            {
                "time": {
                    "start": "2018-02-05T18:37:53.360Z",
                    "end": "2018-02-05T18:38:27.748Z"
                },
                "type": "SCRUB",
                "source": "data:drag",
                "_t": "11:37:53",
                "_end": "11:38:27",
                "data": {
                    "time": 100.143265
                }
            },
            {
                "time": {
                    "start": "2018-02-05T18:37:53.360Z",
                    "end": "2018-02-05T18:38:28.632Z"
                },
                "type": "SCRUB",
                "source": "data:drag",
                "_t": "11:37:53",
                "_end": "11:38:28",
                "data": {
                    "time": 100.143265
                }
            },
            {
                "time": {
                    "start": "2018-02-05T18:37:53.360Z",
                    "end": "2018-02-05T18:38:34.098Z"
                },
                "type": "SCRUB",
                "source": "data:drag",
                "_t": "11:37:53",
                "_end": "11:38:34",
                "data": {
                    "time": 108.875763
                }
            },
            {
                "time": {
                    "start": "2018-02-05T18:37:53.360Z",
                    "end": "2018-02-05T18:38:35.290Z"
                },
                "type": "SCRUB",
                "source": "data:drag",
                "_t": "11:37:53",
                "_end": "11:38:35",
                "data": {
                    "time": 192.926065
                }
            },
            {
                "time": {
                    "start": "2018-02-05T18:37:53.360Z",
                    "end": "2018-02-05T18:38:36.162Z"
                },
                "type": "SCRUB",
                "source": "data:drag",
                "_t": "11:37:53",
                "_end": "11:38:36",
                "data": {
                    "time": 248.650323
                }
            },
            {
                "time": {
                    "start": "2018-02-05T18:37:53.360Z",
                    "end": "2018-02-05T18:38:41.480Z"
                },
                "type": "SCRUB",
                "source": "data:drag",
                "_t": "11:37:53",
                "_end": "11:38:41",
                "data": {
                    "time": 261.421602
                }
            },
            {
                "time": {
                    "start": "2018-02-05T18:37:53.360Z",
                    "end": "2018-02-05T18:38:44.349Z"
                },
                "type": "SCRUB",
                "source": "data:drag",
                "_t": "11:37:53",
                "_end": "11:38:44",
                "data": {
                    "time": 261.530758
                }
            },
            {
                "time": {
                    "start": "2018-02-05T18:37:53.360Z",
                    "end": "2018-02-05T18:38:46.639Z"
                },
                "type": "SCRUB",
                "source": "data:drag",
                "_t": "11:37:53",
                "_end": "11:38:46",
                "data": {
                    "time": 261.530758
                }
            },
            {
                "time": {
                    "start": "2018-02-05T18:37:53.360Z",
                    "end": "2018-02-05T18:38:50.360Z"
                },
                "type": "SCRUB",
                "source": "data:drag",
                "_t": "11:37:53",
                "_end": "11:38:50",
                "data": {
                    "time": 279.214068
                }
            },
            {
                "time": {
                    "start": "2018-02-05T18:37:53.360Z",
                    "end": "2018-02-05T18:38:52.671Z"
                },
                "type": "SCRUB",
                "source": "data:drag",
                "_t": "11:37:53",
                "_end": "11:38:52",
                "data": {
                    "time": 279.214068
                }
            },
            {
                "time": {
                    "start": "2018-02-05T18:37:53.360Z",
                    "end": "2018-02-05T18:38:54.656Z"
                },
                "type": "SCRUB",
                "source": "data:drag",
                "_t": "11:37:53",
                "_end": "11:38:54",
                "data": {
                    "time": 347.491294
                }
            },
            {
                "time": {
                    "start": "2018-02-05T18:37:53.360Z",
                    "end": "2018-02-05T18:38:58.832Z"
                },
                "type": "SCRUB",
                "source": "data:drag",
                "_t": "11:37:53",
                "_end": "11:38:58",
                "data": {
                    "time": 414.622379
                }
            },
            {
                "time": {
                    "start": "2018-02-05T18:37:53.360Z",
                    "end": "2018-02-05T18:39:00.951Z"
                },
                "type": "SCRUB",
                "source": "data:drag",
                "_t": "11:37:53",
                "_end": "11:39:00",
                "data": {
                    "time": 414.622379
                }
            },
            {
                "time": {
                    "start": "2018-02-05T18:37:53.360Z",
                    "end": "2018-02-05T18:39:04.089Z"
                },
                "type": "SCRUB",
                "source": "data:drag",
                "_t": "11:37:53",
                "_end": "11:39:04",
                "data": {
                    "time": 438.745907
                }
            },
            {
                "time": {
                    "start": "2018-02-05T18:37:53.360Z",
                    "end": "2018-02-05T18:39:07.272Z"
                },
                "type": "SCRUB",
                "source": "data:drag",
                "_t": "11:37:53",
                "_end": "11:39:07",
                "data": {
                    "time": 438.745907
                }
            },
            {
                "time": {
                    "start": "2018-02-05T18:37:53.360Z",
                    "end": "2018-02-05T18:39:08.618Z"
                },
                "type": "SCRUB",
                "source": "data:drag",
                "_t": "11:37:53",
                "_end": "11:39:08",
                "data": {
                    "time": 509.806617
                }
            },
            {
                "time": {
                    "start": "2018-02-05T18:37:53.360Z",
                    "end": "2018-02-05T18:39:12.328Z"
                },
                "type": "SCRUB",
                "source": "data:drag",
                "_t": "11:37:53",
                "_end": "11:39:12",
                "data": {
                    "time": 519.030319
                }
            },
            {
                "time": {
                    "start": "2018-02-05T18:37:53.360Z",
                    "end": "2018-02-05T18:39:14.656Z"
                },
                "type": "SCRUB",
                "source": "data:drag",
                "_t": "11:37:53",
                "_end": "11:39:14",
                "data": {
                    "time": 519.030319
                }
            },
            {
                "time": {
                    "start": "2018-02-05T18:37:53.360Z",
                    "end": "2018-02-05T18:39:18.001Z"
                },
                "type": "SCRUB",
                "source": "data:drag",
                "_t": "11:37:53",
                "_end": "11:39:18",
                "data": {
                    "time": 565.749188
                }
            },
            {
                "time": {
                    "start": "2018-02-05T18:37:53.360Z",
                    "end": "2018-02-05T18:39:21.710Z"
                },
                "type": "SCRUB",
                "source": "data:drag",
                "_t": "11:37:53",
                "_end": "11:39:21",
                "data": {
                    "time": 565.803766
                }
            },
            {
                "time": {
                    "start": "2018-02-05T18:37:53.360Z",
                    "end": "2018-02-05T18:39:23.937Z"
                },
                "type": "SCRUB",
                "source": "data:drag",
                "_t": "11:37:53",
                "_end": "11:39:23",
                "data": {
                    "time": 565.803766
                }
            },
            {
                "time": {
                    "start": "2018-02-05T18:37:53.360Z",
                    "end": "2018-02-05T18:39:25.648Z"
                },
                "type": "SCRUB",
                "source": "data:drag",
                "_t": "11:37:53",
                "_end": "11:39:25",
                "data": {
                    "time": 548.120455
                }
            },
            {
                "time": {
                    "start": "2018-02-05T18:37:53.360Z",
                    "end": "2018-02-05T18:39:26.617Z"
                },
                "type": "SCRUB",
                "source": "data:drag",
                "_t": "11:37:53",
                "_end": "11:39:26",
                "data": {
                    "time": 490.704274
                }
            },
            {
                "time": {
                    "start": "2018-02-05T18:37:53.360Z",
                    "end": "2018-02-05T18:39:27.569Z"
                },
                "type": "SCRUB",
                "source": "data:drag",
                "_t": "11:37:53",
                "_end": "11:39:27",
                "data": {
                    "time": 426.192938
                }
            },
            {
                "time": {
                    "start": "2018-02-05T18:37:53.360Z",
                    "end": "2018-02-05T18:39:28.575Z"
                },
                "type": "SCRUB",
                "source": "data:drag",
                "_t": "11:37:53",
                "_end": "11:39:28",
                "data": {
                    "time": 358.352336
                }
            },
            {
                "time": {
                    "start": "2018-02-05T18:37:53.360Z",
                    "end": "2018-02-05T18:39:29.507Z"
                },
                "type": "SCRUB",
                "source": "data:drag",
                "_t": "11:37:53",
                "_end": "11:39:29",
                "data": {
                    "time": 285.654282
                }
            },
            {
                "time": {
                    "start": "2018-02-05T18:37:53.360Z",
                    "end": "2018-02-05T18:39:31.305Z"
                },
                "type": "SCRUB",
                "source": "data:drag",
                "_t": "11:37:53",
                "_end": "11:39:31",
                "data": {
                    "time": 285.654282
                }
            },
            {
                "time": {
                    "start": "2018-02-05T18:37:53.360Z",
                    "end": "2018-02-05T18:39:36.588Z"
                },
                "type": "SCRUB",
                "source": "data:drag",
                "_t": "11:37:53",
                "_end": "11:39:36",
                "data": {
                    "time": 223.435227
                }
            },
            {
                "time": {
                    "start": "2018-02-05T18:37:53.360Z",
                    "end": "2018-02-05T18:39:37.576Z"
                },
                "type": "SCRUB",
                "source": "data:drag",
                "_t": "11:37:53",
                "_end": "11:39:37",
                "data": {
                    "time": 151.665001
                }
            },
            {
                "time": {
                    "start": "2018-02-05T18:37:53.360Z",
                    "end": "2018-02-05T18:39:38.576Z"
                },
                "type": "SCRUB",
                "source": "data:drag",
                "_t": "11:37:53",
                "_end": "11:39:38",
                "data": {
                    "time": 110.185631
                }
            },
            {
                "time": {
                    "start": "2018-02-05T18:37:53.360Z",
                    "end": "2018-02-05T18:39:41.516Z"
                },
                "type": "SCRUB",
                "source": "data:drag",
                "_t": "11:37:53",
                "_end": "11:39:41",
                "data": {
                    "time": 111.495505
                }
            },
            {
                "time": {
                    "start": "2018-02-05T18:37:53.360Z",
                    "end": "2018-02-05T18:39:43.232Z"
                },
                "type": "SCRUB",
                "source": "data:drag",
                "_t": "11:37:53",
                "_end": "11:39:43",
                "data": {
                    "time": 188.341495
                }
            },
            {
                "time": {
                    "start": "2018-02-05T18:37:53.360Z",
                    "end": "2018-02-05T18:39:44.242Z"
                },
                "type": "SCRUB",
                "source": "data:drag",
                "_t": "11:37:53",
                "_end": "11:39:44",
                "data": {
                    "time": 267.588922
                }
            },
            {
                "time": {
                    "start": "2018-02-05T18:37:53.360Z",
                    "end": "2018-02-05T18:39:45.643Z"
                },
                "type": "SCRUB",
                "source": "data:drag",
                "_t": "11:37:53",
                "_end": "11:39:45",
                "data": {
                    "time": 358.297754
                }
            },
            {
                "time": {
                    "start": "2018-02-05T18:37:53.360Z",
                    "end": "2018-02-05T18:39:46.711Z"
                },
                "type": "SCRUB",
                "source": "data:drag",
                "_t": "11:37:53",
                "_end": "11:39:46",
                "data": {
                    "time": 436.890244
                }
            }
        ]
    }
}