{
    "user_id": "051",
    "session_id": "5a789defee2b1975ba835b9e",
    "study": "studyD",
    "workspace": "newrun.run-thurs-seven-attempt",
    "details": {
        "workspace": "newrun.run-thurs-seven-attempt",
        "labels": [
            {
                "time": 29.926879,
                "endTime": 33.87666727038412,
                "type": "skip",
                "id": 1
            },
            {
                "time": 80.955747,
                "endTime": 88.85708670465459,
                "type": "run",
                "id": 2
            },
            {
                "time": 261.413671,
                "endTime": 265.63608004852153,
                "type": "skip",
                "id": 3
            },
            {
                "time": 278.888591,
                "endTime": 287.16618497630014,
                "type": "run",
                "id": 4
            },
            {
                "time": 414.397534,
                "endTime": 423.6948698112592,
                "type": "run",
                "id": 5
            },
            {
                "time": 439.190429,
                "endTime": 442.8706244252865,
                "type": "skip",
                "id": 6
            },
            {
                "time": 518.798866,
                "endTime": 523.1085685375065,
                "type": "skip",
                "id": 7
            },
            {
                "time": 565.382392,
                "endTime": 575.5513530435547,
                "type": "run",
                "id": 8
            }
        ],
        "_starts": [
            "2018-02-05T18:38:37.000Z"
        ],
        "_ends": [
            "2018-02-05T18:41:39.768Z"
        ]
    },
    "labels_file": "/home/ubuntu/vat/data/user-studies/studyD/run-red/051.labels.json",
    "videoFlash": 11.89045,
    "surveys": {
        "user-info": {
            "firstname": "Cameron",
            "lastname": "McQuinn",
            "email": "cameron.mcquinn@gmail.com"
        },
        "practice-first": {
            "question1": "5",
            "question2": "ok",
            "question3": "50",
            "question4": "5"
        },
        "practice-second": {},
        "practice-third": {},
        "practice-survey": {},
        "pill-blue": {
            "question1": "5",
            "question2": "3",
            "question3": "30",
            "question4": "90"
        },
        "pill-red": {
            "question1": "1",
            "question2": "2",
            "question3": "30",
            "question4": "90"
        },
        "pill-orange": {
            "question1": "4",
            "question2": "4",
            "question3": "50",
            "question4": "80"
        },
        "pills-survey": {
            "question1": "5",
            "question2": "2",
            "question3": "5",
            "question4": "4"
        },
        "run-blue": {
            "question1": "5",
            "question2": "2",
            "question3": "70",
            "question4": "70"
        },
        "run-yellow": {
            "question1": "1",
            "question2": "1",
            "question3": "40",
            "question4": "80"
        }
    },
    "logs": {
        "labelEvents": [
            {
                "time": "2018-02-05T18:39:14.808Z",
                "type": "START",
                "source": "hotkey",
                "_t": "11:39:14",
                "_end": "-",
                "data": {
                    "type": "skip",
                    "time": 29.926879
                }
            },
            {
                "time": "2018-02-05T18:39:16.287Z",
                "type": "END",
                "source": "data:click:h_pos",
                "_t": "11:39:16",
                "_end": "-",
                "data": {
                    "lbl": {
                        "time": 29.926879,
                        "endTime": 33.87666727038412,
                        "type": "skip",
                        "id": 1
                    }
                }
            },
            {
                "time": "2018-02-05T18:39:53.823Z",
                "type": "START",
                "source": "hotkey",
                "_t": "11:39:53",
                "_end": "-",
                "data": {
                    "type": "run",
                    "time": 80.955747
                }
            },
            {
                "time": "2018-02-05T18:39:56.066Z",
                "type": "END",
                "source": "data:click:h_pos",
                "_t": "11:39:56",
                "_end": "-",
                "data": {
                    "lbl": {
                        "time": 80.955747,
                        "endTime": 88.85708670465459,
                        "type": "run",
                        "id": 2
                    }
                }
            },
            {
                "time": "2018-02-05T18:40:15.393Z",
                "type": "START",
                "source": "hotkey",
                "_t": "11:40:15",
                "_end": "-",
                "data": {
                    "type": "skip",
                    "time": 261.413671
                }
            },
            {
                "time": "2018-02-05T18:40:18.242Z",
                "type": "END",
                "source": "data:click:h_pos",
                "_t": "11:40:18",
                "_end": "-",
                "data": {
                    "lbl": {
                        "time": 261.413671,
                        "endTime": 265.63608004852153,
                        "type": "skip",
                        "id": 3
                    }
                }
            },
            {
                "time": "2018-02-05T18:40:22.287Z",
                "type": "START",
                "source": "hotkey",
                "_t": "11:40:22",
                "_end": "-",
                "data": {
                    "type": "run",
                    "time": 278.888591
                }
            },
            {
                "time": "2018-02-05T18:40:24.249Z",
                "type": "END",
                "source": "data:click:h_pos",
                "_t": "11:40:24",
                "_end": "-",
                "data": {
                    "lbl": {
                        "time": 278.888591,
                        "endTime": 287.16618497630014,
                        "type": "run",
                        "id": 4
                    }
                }
            },
            {
                "time": "2018-02-05T18:41:00.994Z",
                "type": "START",
                "source": "hotkey",
                "_t": "11:41:00",
                "_end": "-",
                "data": {
                    "type": "run",
                    "time": 414.397534
                }
            },
            {
                "time": "2018-02-05T18:41:03.626Z",
                "type": "END",
                "source": "data:click:h_pos",
                "_t": "11:41:03",
                "_end": "-",
                "data": {
                    "lbl": {
                        "time": 414.397534,
                        "endTime": 423.6948698112592,
                        "type": "run",
                        "id": 5
                    }
                }
            },
            {
                "time": "2018-02-05T18:41:09.649Z",
                "type": "START",
                "source": "hotkey",
                "_t": "11:41:09",
                "_end": "-",
                "data": {
                    "type": "skip",
                    "time": 439.190429
                }
            },
            {
                "time": "2018-02-05T18:41:11.907Z",
                "type": "END",
                "source": "data:click:h_pos",
                "_t": "11:41:11",
                "_end": "-",
                "data": {
                    "lbl": {
                        "time": 439.190429,
                        "endTime": 442.8706244252865,
                        "type": "skip",
                        "id": 6
                    }
                }
            },
            {
                "time": "2018-02-05T18:41:20.402Z",
                "type": "START",
                "source": "hotkey",
                "_t": "11:41:20",
                "_end": "-",
                "data": {
                    "type": "skip",
                    "time": 518.798866
                }
            },
            {
                "time": "2018-02-05T18:41:23.170Z",
                "type": "END",
                "source": "data:click:h_pos",
                "_t": "11:41:23",
                "_end": "-",
                "data": {
                    "lbl": {
                        "time": 518.798866,
                        "endTime": 523.1085685375065,
                        "type": "skip",
                        "id": 7
                    }
                }
            },
            {
                "time": "2018-02-05T18:41:27.474Z",
                "type": "START",
                "source": "hotkey",
                "_t": "11:41:27",
                "_end": "-",
                "data": {
                    "type": "run",
                    "time": 565.382392
                }
            },
            {
                "time": "2018-02-05T18:41:28.787Z",
                "type": "END",
                "source": "data:click:h_pos",
                "_t": "11:41:28",
                "_end": "-",
                "data": {
                    "lbl": {
                        "time": 565.382392,
                        "endTime": 575.5513530435547,
                        "type": "run",
                        "id": 8
                    }
                }
            }
        ],
        "navigationEvents": [
            {
                "time": "2018-02-05T18:39:05.456Z",
                "type": "PAUSE",
                "source": "hotkey",
                "_t": "11:39:05",
                "_end": "-",
                "data": {
                    "key": "space"
                }
            },
            {
                "time": {
                    "start": "2018-02-05T18:38:37.236Z",
                    "end": "2018-02-05T18:39:08.767Z"
                },
                "type": "SCRUB",
                "source": "data:drag",
                "_t": "11:38:37",
                "_end": "11:39:08",
                "data": {
                    "time": 29.815093
                }
            },
            {
                "time": {
                    "start": "2018-02-05T18:38:37.236Z",
                    "end": "2018-02-05T18:39:11.758Z"
                },
                "type": "SCRUB",
                "source": "data:drag",
                "_t": "11:38:37",
                "_end": "11:39:11",
                "data": {
                    "time": 29.926879
                }
            },
            {
                "time": {
                    "start": "2018-02-05T18:38:37.236Z",
                    "end": "2018-02-05T18:39:16.286Z"
                },
                "type": "SCRUB",
                "source": "data:drag",
                "_t": "11:38:37",
                "_end": "11:39:16",
                "data": {
                    "time": 29.926879
                }
            },
            {
                "time": {
                    "start": "2018-02-05T18:38:37.236Z",
                    "end": "2018-02-05T18:39:18.677Z"
                },
                "type": "SCRUB",
                "source": "data:drag",
                "_t": "11:38:37",
                "_end": "11:39:18",
                "data": {
                    "time": 54.687579
                }
            },
            {
                "time": {
                    "start": "2018-02-05T18:38:37.236Z",
                    "end": "2018-02-05T18:39:25.942Z"
                },
                "type": "SCRUB",
                "source": "data:drag",
                "_t": "11:38:37",
                "_end": "11:39:25",
                "data": {
                    "time": 80.955747
                }
            },
            {
                "time": {
                    "start": "2018-02-05T18:38:37.236Z",
                    "end": "2018-02-05T18:39:56.063Z"
                },
                "type": "SCRUB",
                "source": "data:drag",
                "_t": "11:38:37",
                "_end": "11:39:56",
                "data": {
                    "time": 80.955747
                }
            },
            {
                "time": {
                    "start": "2018-02-05T18:38:37.236Z",
                    "end": "2018-02-05T18:39:57.386Z"
                },
                "type": "SCRUB",
                "source": "data:drag",
                "_t": "11:38:37",
                "_end": "11:39:57",
                "data": {
                    "time": 116.741708
                }
            },
            {
                "time": {
                    "start": "2018-02-05T18:38:37.236Z",
                    "end": "2018-02-05T18:39:58.037Z"
                },
                "type": "SCRUB",
                "source": "data:drag",
                "_t": "11:38:37",
                "_end": "11:39:58",
                "data": {
                    "time": 125.855422
                }
            },
            {
                "time": {
                    "start": "2018-02-05T18:38:37.236Z",
                    "end": "2018-02-05T18:40:02.117Z"
                },
                "type": "SCRUB",
                "source": "data:drag",
                "_t": "11:38:37",
                "_end": "11:40:02",
                "data": {
                    "time": 190.143963
                }
            },
            {
                "time": {
                    "start": "2018-02-05T18:38:37.236Z",
                    "end": "2018-02-05T18:40:04.244Z"
                },
                "type": "SCRUB",
                "source": "data:drag",
                "_t": "11:38:37",
                "_end": "11:40:04",
                "data": {
                    "time": 247.366846
                }
            },
            {
                "time": {
                    "start": "2018-02-05T18:38:37.236Z",
                    "end": "2018-02-05T18:40:07.008Z"
                },
                "type": "SCRUB",
                "source": "data:drag",
                "_t": "11:38:37",
                "_end": "11:40:07",
                "data": {
                    "time": 260.368521
                }
            },
            {
                "time": {
                    "start": "2018-02-05T18:38:37.236Z",
                    "end": "2018-02-05T18:40:10.007Z"
                },
                "type": "SCRUB",
                "source": "data:drag",
                "_t": "11:38:37",
                "_end": "11:40:10",
                "data": {
                    "time": 261.413671
                }
            },
            {
                "time": {
                    "start": "2018-02-05T18:38:37.236Z",
                    "end": "2018-02-05T18:40:18.240Z"
                },
                "type": "SCRUB",
                "source": "data:drag",
                "_t": "11:38:37",
                "_end": "11:40:18",
                "data": {
                    "time": 261.413671
                }
            },
            {
                "time": {
                    "start": "2018-02-05T18:38:37.236Z",
                    "end": "2018-02-05T18:40:21.415Z"
                },
                "type": "SCRUB",
                "source": "data:drag",
                "_t": "11:38:37",
                "_end": "11:40:21",
                "data": {
                    "time": 278.888591
                }
            },
            {
                "time": {
                    "start": "2018-02-05T18:38:37.236Z",
                    "end": "2018-02-05T18:40:24.247Z"
                },
                "type": "SCRUB",
                "source": "data:drag",
                "_t": "11:38:37",
                "_end": "11:40:24",
                "data": {
                    "time": 278.888591
                }
            },
            {
                "time": {
                    "start": "2018-02-05T18:38:37.236Z",
                    "end": "2018-02-05T18:40:25.485Z"
                },
                "type": "SCRUB",
                "source": "data:drag",
                "_t": "11:38:37",
                "_end": "11:40:25",
                "data": {
                    "time": 304.515687
                }
            },
            {
                "time": {
                    "start": "2018-02-05T18:38:37.236Z",
                    "end": "2018-02-05T18:40:26.124Z"
                },
                "type": "SCRUB",
                "source": "data:drag",
                "_t": "11:38:37",
                "_end": "11:40:26",
                "data": {
                    "time": 327.676227
                }
            },
            {
                "time": {
                    "start": "2018-02-05T18:38:37.236Z",
                    "end": "2018-02-05T18:40:26.637Z"
                },
                "type": "SCRUB",
                "source": "data:drag",
                "_t": "11:38:37",
                "_end": "11:40:26",
                "data": {
                    "time": 346.907
                }
            },
            {
                "time": {
                    "start": "2018-02-05T18:38:37.236Z",
                    "end": "2018-02-05T18:40:29.463Z"
                },
                "type": "SCRUB",
                "source": "data:drag",
                "_t": "11:38:37",
                "_end": "11:40:29",
                "data": {
                    "time": 346.790058
                }
            },
            {
                "time": {
                    "start": "2018-02-05T18:38:37.236Z",
                    "end": "2018-02-05T18:40:29.559Z"
                },
                "type": "SCRUB",
                "source": "data:drag",
                "_t": "11:38:37",
                "_end": "11:40:29",
                "data": {
                    "time": 346.790058
                }
            },
            {
                "time": "2018-02-05T18:40:29.564Z",
                "type": "JUMP",
                "source": "data:dblclick:h_pos",
                "_t": "11:40:29",
                "_end": "-",
                "data": {
                    "from": 346.790058,
                    "to": 415.3175849911151
                }
            },
            {
                "time": {
                    "start": "2018-02-05T18:38:37.236Z",
                    "end": "2018-02-05T18:40:33.759Z"
                },
                "type": "SCRUB",
                "source": "data:drag",
                "_t": "11:38:37",
                "_end": "11:40:33",
                "data": {
                    "time": 414.058569
                }
            },
            {
                "time": {
                    "start": "2018-02-05T18:38:37.236Z",
                    "end": "2018-02-05T18:40:35.390Z"
                },
                "type": "SCRUB",
                "source": "data:drag",
                "_t": "11:38:37",
                "_end": "11:40:35",
                "data": {
                    "time": 414.397534
                }
            },
            {
                "time": {
                    "start": "2018-02-05T18:38:37.236Z",
                    "end": "2018-02-05T18:41:03.624Z"
                },
                "type": "SCRUB",
                "source": "data:drag",
                "_t": "11:38:37",
                "_end": "11:41:03",
                "data": {
                    "time": 414.397534
                }
            },
            {
                "time": {
                    "start": "2018-02-05T18:38:37.236Z",
                    "end": "2018-02-05T18:41:08.032Z"
                },
                "type": "SCRUB",
                "source": "data:drag",
                "_t": "11:38:37",
                "_end": "11:41:08",
                "data": {
                    "time": 439.190429
                }
            },
            {
                "time": {
                    "start": "2018-02-05T18:38:37.236Z",
                    "end": "2018-02-05T18:41:11.904Z"
                },
                "type": "SCRUB",
                "source": "data:drag",
                "_t": "11:38:37",
                "_end": "11:41:11",
                "data": {
                    "time": 439.190429
                }
            },
            {
                "time": {
                    "start": "2018-02-05T18:38:37.236Z",
                    "end": "2018-02-05T18:41:13.164Z"
                },
                "type": "SCRUB",
                "source": "data:drag",
                "_t": "11:38:37",
                "_end": "11:41:13",
                "data": {
                    "time": 477.929328
                }
            },
            {
                "time": {
                    "start": "2018-02-05T18:38:37.236Z",
                    "end": "2018-02-05T18:41:18.684Z"
                },
                "type": "SCRUB",
                "source": "data:drag",
                "_t": "11:38:37",
                "_end": "11:41:18",
                "data": {
                    "time": 518.798866
                }
            },
            {
                "time": {
                    "start": "2018-02-05T18:38:37.236Z",
                    "end": "2018-02-05T18:41:23.168Z"
                },
                "type": "SCRUB",
                "source": "data:drag",
                "_t": "11:38:37",
                "_end": "11:41:23",
                "data": {
                    "time": 518.798866
                }
            },
            {
                "time": {
                    "start": "2018-02-05T18:38:37.236Z",
                    "end": "2018-02-05T18:41:26.592Z"
                },
                "type": "SCRUB",
                "source": "data:drag",
                "_t": "11:38:37",
                "_end": "11:41:26",
                "data": {
                    "time": 565.382392
                }
            },
            {
                "time": {
                    "start": "2018-02-05T18:38:37.236Z",
                    "end": "2018-02-05T18:41:28.784Z"
                },
                "type": "SCRUB",
                "source": "data:drag",
                "_t": "11:38:37",
                "_end": "11:41:28",
                "data": {
                    "time": 565.382392
                }
            },
            {
                "time": {
                    "start": "2018-02-05T18:38:37.236Z",
                    "end": "2018-02-05T18:41:30.703Z"
                },
                "type": "SCRUB",
                "source": "data:drag",
                "_t": "11:38:37",
                "_end": "11:41:30",
                "data": {
                    "time": 615.06503
                }
            },
            {
                "time": {
                    "start": "2018-02-05T18:38:37.236Z",
                    "end": "2018-02-05T18:41:32.510Z"
                },
                "type": "SCRUB",
                "source": "data:drag",
                "_t": "11:38:37",
                "_end": "11:41:32",
                "data": {
                    "time": 618.745225
                }
            }
        ]
    }
}