{
    "user_id": "055",
    "session_id": "5a78ba10ee2b1975ba835bd3",
    "study": "studyD",
    "workspace": "newrun.run-thurs-seven-attempt",
    "details": {
        "workspace": "newrun.run-thurs-seven-attempt",
        "labels": [
            {
                "time": 81.166903,
                "endTime": 88.85703177725539,
                "type": "skip",
                "id": 1
            },
            {
                "time": 261.50246,
                "endTime": 265.6035101441005,
                "type": "run",
                "id": 2
            },
            {
                "time": 279.215618,
                "endTime": 287.1907618451837,
                "type": "skip",
                "id": 3
            },
            {
                "time": 414.650553,
                "endTime": 423.5229665035174,
                "type": "skip",
                "id": 4
            },
            {
                "time": 439.04573,
                "endTime": 442.72453559901913,
                "type": "run",
                "id": 5
            },
            {
                "time": 518.8710576817618,
                "endTime": 522.750429439713,
                "type": "run",
                "id": 6
            }
        ],
        "_starts": [
            "2018-02-05T20:38:24.000Z"
        ],
        "_ends": [
            "2018-02-05T20:41:39.045Z"
        ]
    },
    "labels_file": "/home/ubuntu/vat/data/user-studies/studyD/run-red/055.labels.json",
    "videoFlash": 11.89045,
    "surveys": {
        "user-info": {
            "firstname": "Riley",
            "lastname": "Hale",
            "email": "riley.e.hale@gmail.com"
        },
        "practice-first": {
            "question1": "1",
            "question2": "ok",
            "question3": "100",
            "question4": "5"
        },
        "practice-second": {},
        "practice-third": {},
        "practice-survey": {},
        "pill-blue": {
            "question1": "1",
            "question2": "1",
            "question3": "20",
            "question4": "80"
        },
        "pill-red": {
            "question1": "1",
            "question2": "4",
            "question3": "10",
            "question4": "60"
        },
        "pill-orange": {
            "question1": "5",
            "question2": "5",
            "question3": "100",
            "question4": "90"
        },
        "pills-survey": {
            "question1": "5",
            "question2": "1",
            "question3": "4",
            "question4": "5"
        },
        "run-blue": {
            "question1": "5",
            "question2": "2",
            "question3": "20",
            "question4": "70"
        },
        "run-yellow": {
            "question1": "1",
            "question2": "1",
            "question3": "30",
            "question4": "70"
        }
    },
    "logs": {
        "labelEvents": [
            {
                "time": "2018-02-05T20:39:24.494Z",
                "type": "START",
                "source": "side-bar:button",
                "_t": "13:39:24",
                "_end": "-",
                "data": {
                    "type": "skip",
                    "time": 81.166903
                }
            },
            {
                "time": "2018-02-05T20:39:28.516Z",
                "type": "END",
                "source": "data:click:h_pos",
                "_t": "13:39:28",
                "_end": "-",
                "data": {
                    "lbl": {
                        "time": 81.166903,
                        "endTime": 88.85703177725539,
                        "type": "skip",
                        "id": 1
                    }
                }
            },
            {
                "time": "2018-02-05T20:39:35.673Z",
                "type": "SELECT",
                "source": "data:click",
                "_t": "13:39:35",
                "_end": "-",
                "data": {
                    "time": 81.166903,
                    "endTime": 88.85703177725539,
                    "type": "skip",
                    "id": 1
                }
            },
            {
                "time": {
                    "start": "2018-02-05T20:39:37.752Z",
                    "end": "2018-02-05T20:39:38.831Z"
                },
                "type": "RESIZE",
                "source": "data:brush",
                "_t": "13:39:37",
                "_end": "13:39:38",
                "data": {
                    "brushing": true,
                    "origin": [
                        81.166903,
                        88.86758789089974
                    ],
                    "start": "2018-02-05T20:39:37.752Z",
                    "ε": 0.1,
                    "mode": "resize"
                }
            },
            {
                "time": {
                    "start": "2018-02-05T20:39:41.609Z",
                    "end": "2018-02-05T20:39:42.112Z"
                },
                "type": "RESIZE",
                "source": "data:brush",
                "_t": "13:39:41",
                "_end": "13:39:42",
                "data": {
                    "brushing": true,
                    "origin": [
                        81.166903,
                        88.81480732276472
                    ],
                    "start": "2018-02-05T20:39:41.609Z",
                    "ε": 0.1,
                    "mode": "resize"
                }
            },
            {
                "time": "2018-02-05T20:40:07.208Z",
                "type": "START",
                "source": "side-bar:button",
                "_t": "13:40:07",
                "_end": "-",
                "data": {
                    "type": "run",
                    "time": 261.50246
                }
            },
            {
                "time": "2018-02-05T20:40:10.835Z",
                "type": "END",
                "source": "data:click:h_pos",
                "_t": "13:40:10",
                "_end": "-",
                "data": {
                    "lbl": {
                        "time": 261.50246,
                        "endTime": 265.6035101441005,
                        "type": "run",
                        "id": 2
                    }
                }
            },
            {
                "time": "2018-02-05T20:40:16.424Z",
                "type": "START",
                "source": "side-bar:button",
                "_t": "13:40:16",
                "_end": "-",
                "data": {
                    "type": "skip",
                    "time": 279.215618
                }
            },
            {
                "time": "2018-02-05T20:40:22.297Z",
                "type": "END",
                "source": "data:click:h_pos",
                "_t": "13:40:22",
                "_end": "-",
                "data": {
                    "lbl": {
                        "time": 279.215618,
                        "endTime": 287.1907618451837,
                        "type": "skip",
                        "id": 3
                    }
                }
            },
            {
                "time": "2018-02-05T20:40:35.256Z",
                "type": "START",
                "source": "side-bar:button",
                "_t": "13:40:35",
                "_end": "-",
                "data": {
                    "type": "skip",
                    "time": 414.650553
                }
            },
            {
                "time": "2018-02-05T20:40:39.381Z",
                "type": "END",
                "source": "data:click:h_pos",
                "_t": "13:40:39",
                "_end": "-",
                "data": {
                    "lbl": {
                        "time": 414.650553,
                        "endTime": 423.5229665035174,
                        "type": "skip",
                        "id": 4
                    }
                }
            },
            {
                "time": "2018-02-05T20:40:45.617Z",
                "type": "START",
                "source": "side-bar:button",
                "_t": "13:40:45",
                "_end": "-",
                "data": {
                    "type": "run",
                    "time": 439.04573
                }
            },
            {
                "time": "2018-02-05T20:40:50.179Z",
                "type": "END",
                "source": "data:click:h_pos",
                "_t": "13:40:50",
                "_end": "-",
                "data": {
                    "lbl": {
                        "time": 439.04573,
                        "endTime": 442.72453559901913,
                        "type": "run",
                        "id": 5
                    }
                }
            },
            {
                "time": "2018-02-05T20:40:52.402Z",
                "type": "SELECT",
                "source": "data:click",
                "_t": "13:40:52",
                "_end": "-",
                "data": {
                    "time": 439.04573,
                    "endTime": 442.72453559901913,
                    "type": "run",
                    "id": 5
                }
            },
            {
                "time": {
                    "start": "2018-02-05T20:40:54.393Z",
                    "end": "2018-02-05T20:40:55.745Z"
                },
                "type": "RESIZE",
                "source": "data:brush",
                "_t": "13:40:54",
                "_end": "13:40:55",
                "data": {
                    "brushing": true,
                    "origin": [
                        439.04573,
                        442.7984283944086
                    ],
                    "_brushside": 1,
                    "start": "2018-02-05T20:40:54.393Z",
                    "ε": 0.1,
                    "mode": "resize"
                }
            },
            {
                "time": "2018-02-05T20:40:56.203Z",
                "type": "DESELECT",
                "source": "data:click",
                "_t": "13:40:56",
                "_end": "-",
                "data": {
                    "time": 439.04573,
                    "endTime": 442.67175503088424,
                    "type": "run",
                    "id": 5
                }
            },
            {
                "time": "2018-02-05T20:40:59.323Z",
                "type": "SELECT",
                "source": "data:click",
                "_t": "13:40:59",
                "_end": "-",
                "data": {
                    "time": 439.04573,
                    "endTime": 442.72453559901913,
                    "type": "run",
                    "id": 5
                }
            },
            {
                "time": {
                    "start": "2018-02-05T20:41:00.289Z",
                    "end": "2018-02-05T20:41:01.376Z"
                },
                "type": "RESIZE",
                "source": "data:brush",
                "_t": "13:41:00",
                "_end": "13:41:01",
                "data": {
                    "brushing": true,
                    "origin": [
                        439.04573,
                        442.67175503088424
                    ],
                    "start": "2018-02-05T20:41:00.289Z",
                    "ε": 0.1,
                    "mode": "resize"
                }
            },
            {
                "time": "2018-02-05T20:41:11.209Z",
                "type": "START",
                "source": "side-bar:button",
                "_t": "13:41:11",
                "_end": "-",
                "data": {
                    "type": "run",
                    "time": 518.807721
                }
            },
            {
                "time": "2018-02-05T20:41:14.493Z",
                "type": "END",
                "source": "data:click:h_pos",
                "_t": "13:41:14",
                "_end": "-",
                "data": {
                    "lbl": {
                        "time": 518.8710576817618,
                        "endTime": 522.750429439713,
                        "type": "run",
                        "id": 6
                    }
                }
            },
            {
                "time": "2018-02-05T20:41:19.227Z",
                "type": "SELECT",
                "source": "data:click",
                "_t": "13:41:19",
                "_end": "-",
                "data": {
                    "time": 518.8710576817618,
                    "endTime": 522.750429439713,
                    "type": "run",
                    "id": 6
                }
            },
            {
                "time": {
                    "start": "2018-02-05T20:41:20.185Z",
                    "end": "2018-02-05T20:41:21.057Z"
                },
                "type": "RESIZE",
                "source": "data:brush",
                "_t": "13:41:20",
                "_end": "13:41:21",
                "data": {
                    "brushing": true,
                    "origin": [
                        518.807721,
                        522.750429439713
                    ],
                    "start": "2018-02-05T20:41:20.185Z",
                    "ε": 0.1,
                    "mode": "resize"
                }
            },
            {
                "time": "2018-02-05T20:41:28.449Z",
                "type": "START",
                "source": "side-bar:button",
                "_t": "13:41:28",
                "_end": "-",
                "data": {
                    "type": "skip",
                    "time": 565.497408
                }
            }
        ],
        "navigationEvents": [
            {
                "time": "2018-02-05T20:38:49.375Z",
                "type": "CHANGE-PLAYBACK-RATE",
                "source": "video:menu",
                "_t": "13:38:49",
                "_end": "-",
                "data": {
                    "oldRate": 1,
                    "newRate": 2
                }
            },
            {
                "time": "2018-02-05T20:39:19.310Z",
                "type": "PAUSE",
                "source": "video:button",
                "_t": "13:39:19",
                "_end": "-"
            },
            {
                "time": {
                    "start": "2018-02-05T20:38:24.676Z",
                    "end": "2018-02-05T20:39:22.895Z"
                },
                "type": "SCRUB",
                "source": "data:drag",
                "_t": "13:38:24",
                "_end": "13:39:22",
                "data": {
                    "time": 81.166903
                }
            },
            {
                "time": {
                    "start": "2018-02-05T20:38:24.676Z",
                    "end": "2018-02-05T20:39:28.514Z"
                },
                "type": "SCRUB",
                "source": "data:drag",
                "_t": "13:38:24",
                "_end": "13:39:28",
                "data": {
                    "time": 81.166903
                }
            },
            {
                "time": {
                    "start": "2018-02-05T20:38:24.676Z",
                    "end": "2018-02-05T20:39:35.671Z"
                },
                "type": "SCRUB",
                "source": "data:drag",
                "_t": "13:38:24",
                "_end": "13:39:35",
                "data": {
                    "time": 81.166903
                }
            },
            {
                "time": {
                    "start": "2018-02-05T20:38:24.676Z",
                    "end": "2018-02-05T20:39:38.849Z"
                },
                "type": "SCRUB",
                "source": "data:drag",
                "_t": "13:38:24",
                "_end": "13:39:38",
                "data": {
                    "time": 81.166903
                }
            },
            {
                "time": {
                    "start": "2018-02-05T20:38:24.676Z",
                    "end": "2018-02-05T20:39:42.121Z"
                },
                "type": "SCRUB",
                "source": "data:drag",
                "_t": "13:38:24",
                "_end": "13:39:42",
                "data": {
                    "time": 81.166903
                }
            },
            {
                "time": "2018-02-05T20:39:43.743Z",
                "type": "PLAY",
                "source": "video:button",
                "_t": "13:39:43",
                "_end": "-"
            },
            {
                "time": {
                    "start": "2018-02-05T20:38:24.676Z",
                    "end": "2018-02-05T20:39:47.552Z"
                },
                "type": "SCRUB",
                "source": "data:drag",
                "_t": "13:38:24",
                "_end": "13:39:47",
                "data": {
                    "time": 107.938587
                }
            },
            {
                "time": {
                    "start": "2018-02-05T20:38:24.676Z",
                    "end": "2018-02-05T20:39:49.016Z"
                },
                "type": "SCRUB",
                "source": "data:drag",
                "_t": "13:38:24",
                "_end": "13:39:49",
                "data": {
                    "time": 127.071902
                }
            },
            {
                "time": {
                    "start": "2018-02-05T20:38:24.676Z",
                    "end": "2018-02-05T20:39:50.817Z"
                },
                "type": "SCRUB",
                "source": "data:drag",
                "_t": "13:38:24",
                "_end": "13:39:50",
                "data": {
                    "time": 147.676853
                }
            },
            {
                "time": {
                    "start": "2018-02-05T20:38:24.676Z",
                    "end": "2018-02-05T20:39:52.440Z"
                },
                "type": "SCRUB",
                "source": "data:drag",
                "_t": "13:38:24",
                "_end": "13:39:52",
                "data": {
                    "time": 167.906867
                }
            },
            {
                "time": {
                    "start": "2018-02-05T20:38:24.676Z",
                    "end": "2018-02-05T20:39:54.892Z"
                },
                "type": "SCRUB",
                "source": "data:drag",
                "_t": "13:38:24",
                "_end": "13:39:54",
                "data": {
                    "time": 190.571091
                }
            },
            {
                "time": {
                    "start": "2018-02-05T20:38:24.676Z",
                    "end": "2018-02-05T20:39:56.330Z"
                },
                "type": "SCRUB",
                "source": "data:drag",
                "_t": "13:38:24",
                "_end": "13:39:56",
                "data": {
                    "time": 209.248198
                }
            },
            {
                "time": {
                    "start": "2018-02-05T20:38:24.676Z",
                    "end": "2018-02-05T20:39:58.133Z"
                },
                "type": "SCRUB",
                "source": "data:drag",
                "_t": "13:38:24",
                "_end": "13:39:58",
                "data": {
                    "time": 233.065672
                }
            },
            {
                "time": {
                    "start": "2018-02-05T20:38:24.676Z",
                    "end": "2018-02-05T20:39:59.637Z"
                },
                "type": "SCRUB",
                "source": "data:drag",
                "_t": "13:38:24",
                "_end": "13:39:59",
                "data": {
                    "time": 259.7125
                }
            },
            {
                "time": "2018-02-05T20:40:02.035Z",
                "type": "PAUSE",
                "source": "video:button",
                "_t": "13:40:02",
                "_end": "-"
            },
            {
                "time": {
                    "start": "2018-02-05T20:38:24.676Z",
                    "end": "2018-02-05T20:40:06.035Z"
                },
                "type": "SCRUB",
                "source": "data:drag",
                "_t": "13:38:24",
                "_end": "13:40:06",
                "data": {
                    "time": 261.50246
                }
            },
            {
                "time": {
                    "start": "2018-02-05T20:38:24.676Z",
                    "end": "2018-02-05T20:40:10.834Z"
                },
                "type": "SCRUB",
                "source": "data:drag",
                "_t": "13:38:24",
                "_end": "13:40:10",
                "data": {
                    "time": 261.50246
                }
            },
            {
                "time": {
                    "start": "2018-02-05T20:38:24.676Z",
                    "end": "2018-02-05T20:40:12.443Z"
                },
                "type": "SCRUB",
                "source": "data:drag",
                "_t": "13:38:24",
                "_end": "13:40:12",
                "data": {
                    "time": 275.267632
                }
            },
            {
                "time": {
                    "start": "2018-02-05T20:38:24.676Z",
                    "end": "2018-02-05T20:40:15.039Z"
                },
                "type": "SCRUB",
                "source": "data:drag",
                "_t": "13:38:24",
                "_end": "13:40:15",
                "data": {
                    "time": 279.215618
                }
            },
            {
                "time": {
                    "start": "2018-02-05T20:38:24.676Z",
                    "end": "2018-02-05T20:40:22.295Z"
                },
                "type": "SCRUB",
                "source": "data:drag",
                "_t": "13:38:24",
                "_end": "13:40:22",
                "data": {
                    "time": 279.215618
                }
            },
            {
                "time": {
                    "start": "2018-02-05T20:38:24.676Z",
                    "end": "2018-02-05T20:40:23.686Z"
                },
                "type": "SCRUB",
                "source": "data:drag",
                "_t": "13:38:24",
                "_end": "13:40:23",
                "data": {
                    "time": 293.55082
                }
            },
            {
                "time": {
                    "start": "2018-02-05T20:38:24.676Z",
                    "end": "2018-02-05T20:40:24.702Z"
                },
                "type": "SCRUB",
                "source": "data:drag",
                "_t": "13:38:24",
                "_end": "13:40:24",
                "data": {
                    "time": 313.259084
                }
            },
            {
                "time": {
                    "start": "2018-02-05T20:38:24.676Z",
                    "end": "2018-02-05T20:40:25.928Z"
                },
                "type": "SCRUB",
                "source": "data:drag",
                "_t": "13:38:24",
                "_end": "13:40:25",
                "data": {
                    "time": 335.099683
                }
            },
            {
                "time": {
                    "start": "2018-02-05T20:38:24.676Z",
                    "end": "2018-02-05T20:40:27.244Z"
                },
                "type": "SCRUB",
                "source": "data:drag",
                "_t": "13:38:24",
                "_end": "13:40:27",
                "data": {
                    "time": 356.824164
                }
            },
            {
                "time": {
                    "start": "2018-02-05T20:38:24.676Z",
                    "end": "2018-02-05T20:40:28.413Z"
                },
                "type": "SCRUB",
                "source": "data:drag",
                "_t": "13:38:24",
                "_end": "13:40:28",
                "data": {
                    "time": 380.343185
                }
            },
            {
                "time": {
                    "start": "2018-02-05T20:38:24.676Z",
                    "end": "2018-02-05T20:40:29.613Z"
                },
                "type": "SCRUB",
                "source": "data:drag",
                "_t": "13:38:24",
                "_end": "13:40:29",
                "data": {
                    "time": 401.835432
                }
            },
            {
                "time": {
                    "start": "2018-02-05T20:38:24.676Z",
                    "end": "2018-02-05T20:40:33.679Z"
                },
                "type": "SCRUB",
                "source": "data:drag",
                "_t": "13:38:24",
                "_end": "13:40:33",
                "data": {
                    "time": 414.650553
                }
            },
            {
                "time": {
                    "start": "2018-02-05T20:38:24.676Z",
                    "end": "2018-02-05T20:40:39.379Z"
                },
                "type": "SCRUB",
                "source": "data:drag",
                "_t": "13:38:24",
                "_end": "13:40:39",
                "data": {
                    "time": 414.650553
                }
            },
            {
                "time": {
                    "start": "2018-02-05T20:38:24.676Z",
                    "end": "2018-02-05T20:40:41.235Z"
                },
                "type": "SCRUB",
                "source": "data:drag",
                "_t": "13:38:24",
                "_end": "13:40:41",
                "data": {
                    "time": 432.205369
                }
            },
            {
                "time": {
                    "start": "2018-02-05T20:38:24.676Z",
                    "end": "2018-02-05T20:40:44.575Z"
                },
                "type": "SCRUB",
                "source": "data:drag",
                "_t": "13:38:24",
                "_end": "13:40:44",
                "data": {
                    "time": 439.04573
                }
            },
            {
                "time": {
                    "start": "2018-02-05T20:38:24.676Z",
                    "end": "2018-02-05T20:40:50.176Z"
                },
                "type": "SCRUB",
                "source": "data:drag",
                "_t": "13:38:24",
                "_end": "13:40:50",
                "data": {
                    "time": 439.04573
                }
            },
            {
                "time": {
                    "start": "2018-02-05T20:38:24.676Z",
                    "end": "2018-02-05T20:40:52.400Z"
                },
                "type": "SCRUB",
                "source": "data:drag",
                "_t": "13:38:24",
                "_end": "13:40:52",
                "data": {
                    "time": 439.04573
                }
            },
            {
                "time": {
                    "start": "2018-02-05T20:38:24.676Z",
                    "end": "2018-02-05T20:40:55.754Z"
                },
                "type": "SCRUB",
                "source": "data:drag",
                "_t": "13:38:24",
                "_end": "13:40:55",
                "data": {
                    "time": 439.04573
                }
            },
            {
                "time": {
                    "start": "2018-02-05T20:38:24.676Z",
                    "end": "2018-02-05T20:40:56.201Z"
                },
                "type": "SCRUB",
                "source": "data:drag",
                "_t": "13:38:24",
                "_end": "13:40:56",
                "data": {
                    "time": 439.04573
                }
            },
            {
                "time": {
                    "start": "2018-02-05T20:38:24.676Z",
                    "end": "2018-02-05T20:40:57.898Z"
                },
                "type": "SCRUB",
                "source": "data:drag",
                "_t": "13:38:24",
                "_end": "13:40:57",
                "data": {
                    "time": 439.415193
                }
            },
            {
                "time": {
                    "start": "2018-02-05T20:38:24.676Z",
                    "end": "2018-02-05T20:40:59.320Z"
                },
                "type": "SCRUB",
                "source": "data:drag",
                "_t": "13:38:24",
                "_end": "13:40:59",
                "data": {
                    "time": 439.415193
                }
            },
            {
                "time": {
                    "start": "2018-02-05T20:38:24.676Z",
                    "end": "2018-02-05T20:41:01.385Z"
                },
                "type": "SCRUB",
                "source": "data:drag",
                "_t": "13:38:24",
                "_end": "13:41:01",
                "data": {
                    "time": 439.415193
                }
            },
            {
                "time": {
                    "start": "2018-02-05T20:38:24.676Z",
                    "end": "2018-02-05T20:41:02.375Z"
                },
                "type": "SCRUB",
                "source": "data:drag",
                "_t": "13:38:24",
                "_end": "13:41:02",
                "data": {
                    "time": 455.851061
                }
            },
            {
                "time": {
                    "start": "2018-02-05T20:38:24.676Z",
                    "end": "2018-02-05T20:41:03.943Z"
                },
                "type": "SCRUB",
                "source": "data:drag",
                "_t": "13:38:24",
                "_end": "13:41:03",
                "data": {
                    "time": 477.892226
                }
            },
            {
                "time": {
                    "start": "2018-02-05T20:38:24.676Z",
                    "end": "2018-02-05T20:41:05.677Z"
                },
                "type": "SCRUB",
                "source": "data:drag",
                "_t": "13:38:24",
                "_end": "13:41:05",
                "data": {
                    "time": 501.749042
                }
            },
            {
                "time": {
                    "start": "2018-02-05T20:38:24.676Z",
                    "end": "2018-02-05T20:41:06.831Z"
                },
                "type": "SCRUB",
                "source": "data:drag",
                "_t": "13:38:24",
                "_end": "13:41:06",
                "data": {
                    "time": 519.916113
                }
            },
            {
                "time": {
                    "start": "2018-02-05T20:38:24.676Z",
                    "end": "2018-02-05T20:41:09.698Z"
                },
                "type": "SCRUB",
                "source": "data:drag",
                "_t": "13:38:24",
                "_end": "13:41:09",
                "data": {
                    "time": 518.807721
                }
            },
            {
                "time": {
                    "start": "2018-02-05T20:38:24.676Z",
                    "end": "2018-02-05T20:41:14.491Z"
                },
                "type": "SCRUB",
                "source": "data:drag",
                "_t": "13:38:24",
                "_end": "13:41:14",
                "data": {
                    "time": 518.807721
                }
            },
            {
                "time": {
                    "start": "2018-02-05T20:38:24.676Z",
                    "end": "2018-02-05T20:41:17.365Z"
                },
                "type": "SCRUB",
                "source": "data:drag",
                "_t": "13:38:24",
                "_end": "13:41:17",
                "data": {
                    "time": 522.671258
                }
            },
            {
                "time": {
                    "start": "2018-02-05T20:38:24.676Z",
                    "end": "2018-02-05T20:41:19.225Z"
                },
                "type": "SCRUB",
                "source": "data:drag",
                "_t": "13:38:24",
                "_end": "13:41:19",
                "data": {
                    "time": 522.671257
                }
            },
            {
                "time": {
                    "start": "2018-02-05T20:38:24.676Z",
                    "end": "2018-02-05T20:41:21.065Z"
                },
                "type": "SCRUB",
                "source": "data:drag",
                "_t": "13:38:24",
                "_end": "13:41:21",
                "data": {
                    "time": 522.671257
                }
            },
            {
                "time": {
                    "start": "2018-02-05T20:38:24.676Z",
                    "end": "2018-02-05T20:41:22.213Z"
                },
                "type": "SCRUB",
                "source": "data:drag",
                "_t": "13:38:24",
                "_end": "13:41:22",
                "data": {
                    "time": 547.340894
                }
            },
            {
                "time": {
                    "start": "2018-02-05T20:38:24.676Z",
                    "end": "2018-02-05T20:41:24.243Z"
                },
                "type": "SCRUB",
                "source": "data:drag",
                "_t": "13:38:24",
                "_end": "13:41:24",
                "data": {
                    "time": 570.617124
                }
            },
            {
                "time": {
                    "start": "2018-02-05T20:38:24.676Z",
                    "end": "2018-02-05T20:41:26.648Z"
                },
                "type": "SCRUB",
                "source": "data:drag",
                "_t": "13:38:24",
                "_end": "13:41:26",
                "data": {
                    "time": 565.497408
                }
            },
            {
                "time": {
                    "start": "2018-02-05T20:38:24.676Z",
                    "end": "2018-02-05T20:41:32.277Z"
                },
                "type": "SCRUB",
                "source": "data:drag",
                "_t": "13:38:24",
                "_end": "13:41:32",
                "data": {
                    "time": 565.497408
                }
            },
            {
                "time": {
                    "start": "2018-02-05T20:38:24.676Z",
                    "end": "2018-02-05T20:41:37.232Z"
                },
                "type": "SCRUB",
                "source": "data:drag",
                "_t": "13:38:24",
                "_end": "13:41:37",
                "data": {
                    "time": 565.507964
                }
            },
            {
                "time": {
                    "start": "2018-02-05T20:38:24.676Z",
                    "end": "2018-02-05T20:41:38.488Z"
                },
                "type": "SCRUB",
                "source": "data:drag",
                "_t": "13:38:24",
                "_end": "13:41:38",
                "data": {
                    "time": 565.95132
                }
            }
        ]
    }
}