{
    "user_id": "atangren",
    "session_id": "5a78ba63ee2b1975ba835bd7",
    "study": "studyD",
    "workspace": "newrun.run-thurs-seven-attempt",
    "details": {
        "workspace": "newrun.run-thurs-seven-attempt",
        "labels": [
            {
                "time": 30.130856,
                "endTime": 33.72682185365848,
                "type": "run",
                "id": 1
            },
            {
                "time": 81.308225,
                "endTime": 88.7086184959365,
                "type": "skip",
                "id": 2
            },
            {
                "time": 261.471323,
                "endTime": 265.79690511382205,
                "type": "run",
                "id": 3
            },
            {
                "time": 279.138459,
                "endTime": 287.06000696748134,
                "type": "skip",
                "id": 4
            },
            {
                "time": 414.690735,
                "endTime": 423.34189922763625,
                "type": "skip",
                "id": 5
            },
            {
                "time": 438.924417,
                "endTime": 442.6767291951262,
                "type": "run",
                "id": 6
            },
            {
                "time": 519.025858,
                "endTime": 522.7260547479649,
                "type": "run",
                "id": 7
            },
            {
                "time": 565.564952,
                "endTime": 575.2584251707249,
                "type": "skip",
                "id": 8
            }
        ],
        "_starts": [
            "2018-02-05T20:40:12.000Z"
        ],
        "_ends": [
            "2018-02-05T20:42:24.303Z"
        ]
    },
    "labels_file": "/home/ubuntu/vat/data/user-studies/studyD/run-red/atangren.labels.json",
    "videoFlash": 11.89045,
    "surveys": {
        "user-info": {
            "firstname": "Andrew",
            "lastname": "Tangren",
            "email": "andrewjt678@gmail.com"
        },
        "practice-first": {
            "question1": "5",
            "question2": "ok",
            "question3": "50",
            "question4": "5"
        },
        "practice-second": {},
        "practice-third": {},
        "practice-survey": {},
        "pill-blue": {
            "question1": "5",
            "question2": "5",
            "question3": "50",
            "question4": "80"
        },
        "pill-red": {
            "question1": "2",
            "question2": "5",
            "question3": "60",
            "question4": "10"
        },
        "pill-orange": {
            "question1": "2",
            "question2": "4",
            "question3": "100",
            "question4": "20"
        },
        "pills-survey": {
            "question1": "5",
            "question2": "4",
            "question3": "4",
            "question4": "4"
        },
        "run-blue": {
            "question1": "5",
            "question2": "5",
            "question3": "100",
            "question4": "10"
        },
        "run-yellow": {
            "question1": "1",
            "question2": "4",
            "question3": "50",
            "question4": "10"
        }
    },
    "logs": {
        "labelEvents": [
            {
                "time": "2018-02-05T20:40:37.997Z",
                "type": "START",
                "source": "hotkey",
                "_t": "13:40:37",
                "_end": "-",
                "data": {
                    "type": "run",
                    "time": 30.130856
                }
            },
            {
                "time": "2018-02-05T20:40:43.213Z",
                "type": "END",
                "source": "hotkey:h_pos",
                "_t": "13:40:43",
                "_end": "-",
                "data": {
                    "lbl": {
                        "time": 30.130856,
                        "endTime": 33.72682185365848,
                        "type": "run",
                        "id": 1
                    },
                    "key": "enter"
                }
            },
            {
                "time": "2018-02-05T20:40:52.111Z",
                "type": "START",
                "source": "hotkey",
                "_t": "13:40:52",
                "_end": "-",
                "data": {
                    "type": "skip",
                    "time": 81.308225
                }
            },
            {
                "time": "2018-02-05T20:40:54.636Z",
                "type": "END",
                "source": "hotkey:h_pos",
                "_t": "13:40:54",
                "_end": "-",
                "data": {
                    "lbl": {
                        "time": 81.308225,
                        "endTime": 88.7086184959365,
                        "type": "skip",
                        "id": 2
                    },
                    "key": "enter"
                }
            },
            {
                "time": "2018-02-05T20:41:08.669Z",
                "type": "START",
                "source": "hotkey",
                "_t": "13:41:08",
                "_end": "-",
                "data": {
                    "type": "run",
                    "time": 261.471323
                }
            },
            {
                "time": "2018-02-05T20:41:18.510Z",
                "type": "END",
                "source": "hotkey:h_pos",
                "_t": "13:41:18",
                "_end": "-",
                "data": {
                    "lbl": {
                        "time": 261.471323,
                        "endTime": 265.79690511382205,
                        "type": "run",
                        "id": 3
                    },
                    "key": "enter"
                }
            },
            {
                "time": "2018-02-05T20:41:22.830Z",
                "type": "START",
                "source": "hotkey",
                "_t": "13:41:22",
                "_end": "-",
                "data": {
                    "type": "skip",
                    "time": 279.138459
                }
            },
            {
                "time": "2018-02-05T20:41:25.213Z",
                "type": "END",
                "source": "hotkey:h_pos",
                "_t": "13:41:25",
                "_end": "-",
                "data": {
                    "lbl": {
                        "time": 279.138459,
                        "endTime": 287.06000696748134,
                        "type": "skip",
                        "id": 4
                    },
                    "key": "enter"
                }
            },
            {
                "time": "2018-02-05T20:41:39.905Z",
                "type": "START",
                "source": "hotkey",
                "_t": "13:41:39",
                "_end": "-",
                "data": {
                    "type": "skip",
                    "time": 414.690735
                }
            },
            {
                "time": "2018-02-05T20:41:44.222Z",
                "type": "END",
                "source": "hotkey:h_pos",
                "_t": "13:41:44",
                "_end": "-",
                "data": {
                    "lbl": {
                        "time": 414.690735,
                        "endTime": 423.34189922763625,
                        "type": "skip",
                        "id": 5
                    },
                    "key": "enter"
                }
            },
            {
                "time": "2018-02-05T20:41:48.782Z",
                "type": "START",
                "source": "hotkey",
                "_t": "13:41:48",
                "_end": "-",
                "data": {
                    "type": "run",
                    "time": 438.924417
                }
            },
            {
                "time": "2018-02-05T20:41:52.463Z",
                "type": "END",
                "source": "hotkey:h_pos",
                "_t": "13:41:52",
                "_end": "-",
                "data": {
                    "lbl": {
                        "time": 438.924417,
                        "endTime": 442.6767291951262,
                        "type": "run",
                        "id": 6
                    },
                    "key": "enter"
                }
            },
            {
                "time": "2018-02-05T20:42:04.775Z",
                "type": "START",
                "source": "hotkey",
                "_t": "13:42:04",
                "_end": "-",
                "data": {
                    "type": "run",
                    "time": 519.025858
                }
            },
            {
                "time": "2018-02-05T20:42:06.734Z",
                "type": "END",
                "source": "hotkey:h_pos",
                "_t": "13:42:06",
                "_end": "-",
                "data": {
                    "lbl": {
                        "time": 519.025858,
                        "endTime": 522.7260547479649,
                        "type": "run",
                        "id": 7
                    },
                    "key": "enter"
                }
            },
            {
                "time": "2018-02-05T20:42:11.927Z",
                "type": "START",
                "source": "hotkey",
                "_t": "13:42:11",
                "_end": "-",
                "data": {
                    "type": "skip",
                    "time": 565.564952
                }
            },
            {
                "time": "2018-02-05T20:42:15.135Z",
                "type": "END",
                "source": "hotkey:h_pos",
                "_t": "13:42:15",
                "_end": "-",
                "data": {
                    "lbl": {
                        "time": 565.564952,
                        "endTime": 575.2584251707249,
                        "type": "skip",
                        "id": 8
                    },
                    "key": "enter"
                }
            }
        ],
        "navigationEvents": [
            {
                "time": {
                    "start": "2018-02-05T20:40:12.343Z",
                    "end": "2018-02-05T20:40:36.541Z"
                },
                "type": "SCRUB",
                "source": "data:drag",
                "_t": "13:40:12",
                "_end": "13:40:36",
                "data": {
                    "time": 30.130856
                }
            },
            {
                "time": {
                    "start": "2018-02-05T20:40:12.343Z",
                    "end": "2018-02-05T20:40:51.468Z"
                },
                "type": "SCRUB",
                "source": "data:drag",
                "_t": "13:40:12",
                "_end": "13:40:51",
                "data": {
                    "time": 81.308225
                }
            },
            {
                "time": {
                    "start": "2018-02-05T20:40:12.343Z",
                    "end": "2018-02-05T20:40:58.592Z"
                },
                "type": "SCRUB",
                "source": "data:drag",
                "_t": "13:40:12",
                "_end": "13:40:58",
                "data": {
                    "time": 128.368473
                }
            },
            {
                "time": {
                    "start": "2018-02-05T20:40:12.343Z",
                    "end": "2018-02-05T20:41:01.097Z"
                },
                "type": "SCRUB",
                "source": "data:drag",
                "_t": "13:40:12",
                "_end": "13:41:01",
                "data": {
                    "time": 202.163946
                }
            },
            {
                "time": {
                    "start": "2018-02-05T20:40:12.343Z",
                    "end": "2018-02-05T20:41:03.009Z"
                },
                "type": "SCRUB",
                "source": "data:drag",
                "_t": "13:40:12",
                "_end": "13:41:03",
                "data": {
                    "time": 233.433214
                }
            },
            {
                "time": {
                    "start": "2018-02-05T20:40:12.343Z",
                    "end": "2018-02-05T20:41:07.939Z"
                },
                "type": "SCRUB",
                "source": "data:drag",
                "_t": "13:40:12",
                "_end": "13:41:07",
                "data": {
                    "time": 261.471324
                }
            },
            {
                "time": {
                    "start": "2018-02-05T20:40:12.343Z",
                    "end": "2018-02-05T20:41:22.659Z"
                },
                "type": "SCRUB",
                "source": "data:drag",
                "_t": "13:40:12",
                "_end": "13:41:22",
                "data": {
                    "time": 279.138459
                }
            },
            {
                "time": {
                    "start": "2018-02-05T20:40:12.343Z",
                    "end": "2018-02-05T20:41:29.152Z"
                },
                "type": "SCRUB",
                "source": "data:drag",
                "_t": "13:40:12",
                "_end": "13:41:29",
                "data": {
                    "time": 311.345805
                }
            },
            {
                "time": {
                    "start": "2018-02-05T20:40:12.343Z",
                    "end": "2018-02-05T20:41:30.475Z"
                },
                "type": "SCRUB",
                "source": "data:drag",
                "_t": "13:40:12",
                "_end": "13:41:30",
                "data": {
                    "time": 349.598543
                }
            },
            {
                "time": {
                    "start": "2018-02-05T20:40:12.343Z",
                    "end": "2018-02-05T20:41:31.797Z"
                },
                "type": "SCRUB",
                "source": "data:drag",
                "_t": "13:40:12",
                "_end": "13:41:31",
                "data": {
                    "time": 374.822419
                }
            },
            {
                "time": {
                    "start": "2018-02-05T20:40:12.343Z",
                    "end": "2018-02-05T20:41:36.636Z"
                },
                "type": "SCRUB",
                "source": "data:drag",
                "_t": "13:40:12",
                "_end": "13:41:36",
                "data": {
                    "time": 414.586505
                }
            },
            {
                "time": {
                    "start": "2018-02-05T20:40:12.343Z",
                    "end": "2018-02-05T20:41:39.580Z"
                },
                "type": "SCRUB",
                "source": "data:drag",
                "_t": "13:40:12",
                "_end": "13:41:39",
                "data": {
                    "time": 414.690735
                }
            },
            {
                "time": {
                    "start": "2018-02-05T20:40:12.343Z",
                    "end": "2018-02-05T20:41:48.371Z"
                },
                "type": "SCRUB",
                "source": "data:drag",
                "_t": "13:40:12",
                "_end": "13:41:48",
                "data": {
                    "time": 438.924417
                }
            },
            {
                "time": {
                    "start": "2018-02-05T20:40:12.343Z",
                    "end": "2018-02-05T20:41:55.314Z"
                },
                "type": "SCRUB",
                "source": "data:drag",
                "_t": "13:40:12",
                "_end": "13:41:55",
                "data": {
                    "time": 459.040979
                }
            },
            {
                "time": {
                    "start": "2018-02-05T20:40:12.343Z",
                    "end": "2018-02-05T20:41:57.773Z"
                },
                "type": "SCRUB",
                "source": "data:drag",
                "_t": "13:40:12",
                "_end": "13:41:57",
                "data": {
                    "time": 505.736419
                }
            },
            {
                "time": {
                    "start": "2018-02-05T20:40:12.343Z",
                    "end": "2018-02-05T20:42:04.452Z"
                },
                "type": "SCRUB",
                "source": "data:drag",
                "_t": "13:40:12",
                "_end": "13:42:04",
                "data": {
                    "time": 519.025858
                }
            },
            {
                "time": {
                    "start": "2018-02-05T20:40:12.343Z",
                    "end": "2018-02-05T20:42:11.598Z"
                },
                "type": "SCRUB",
                "source": "data:drag",
                "_t": "13:40:12",
                "_end": "13:42:11",
                "data": {
                    "time": 565.564952
                }
            },
            {
                "time": {
                    "start": "2018-02-05T20:40:12.343Z",
                    "end": "2018-02-05T20:42:18.737Z"
                },
                "type": "SCRUB",
                "source": "data:drag",
                "_t": "13:40:12",
                "_end": "13:42:18",
                "data": {
                    "time": 592.508638
                }
            }
        ]
    }
}