{
    "user_id": "045",
    "session_id": "5a788239ee2b1975ba835b70",
    "study": "studyC",
    "workspace": "newrun.run-thurs-six-finally",
    "details": {
        "workspace": "newrun.run-thurs-six-finally",
        "labels": [
            {
                "time": 22.828585,
                "endTime": 26.45658890243878,
                "type": "run",
                "id": 1
            },
            {
                "time": 48.114672,
                "endTime": 55.205770536585646,
                "type": "skip",
                "id": 2
            },
            {
                "time": 274.809942,
                "endTime": 283.3852239512198,
                "type": "skip",
                "id": 3
            },
            {
                "time": 383.155329,
                "endTime": 386.2336350975638,
                "type": "run",
                "id": 4
            },
            {
                "time": 484.684467,
                "endTime": 488.3124709024392,
                "type": "run",
                "id": 5
            },
            {
                "time": 525.856814,
                "endTime": 533.8274286341466,
                "type": "skip",
                "id": 6
            },
            {
                "time": 549.713688,
                "endTime": 553.0118733658538,
                "type": "run",
                "id": 7
            },
            {
                "time": 577.693293,
                "endTime": 586.4884537316925,
                "type": "skip",
                "id": 8
            },
            {
                "time": 652.672032,
                "endTime": 654.2661549268292,
                "type": "skip",
                "id": 9
            }
        ],
        "_starts": [
            "2018-02-05T16:33:45.000Z"
        ],
        "_ends": [
            "2018-02-05T16:35:46.754Z"
        ]
    },
    "labels_file": "/home/ubuntu/vat/data/user-studies/studyC/run-yellow/045.labels.json",
    "videoFlash": 3.918989,
    "surveys": {
        "user-info": {
            "firstname": "Marci",
            "lastname": "Hepner",
            "email": "mar.hepner@gmail.com"
        },
        "practice-first": {
            "question1": "3",
            "question2": "ok",
            "question3": "90",
            "question4": "5"
        },
        "practice-second": {},
        "practice-third": {},
        "practice-survey": {},
        "pill-blue": {
            "question1": "5",
            "question2": "5",
            "question3": "100",
            "question4": "10"
        },
        "pill-red": {
            "question1": "5",
            "question2": "5",
            "question3": "100",
            "question4": "0"
        },
        "pill-orange": {
            "question1": "2",
            "question2": "5",
            "question3": "70",
            "question4": "10"
        },
        "pills-survey": {
            "question1": "5",
            "question2": "2",
            "question3": "5",
            "question4": "5"
        },
        "run-blue": {
            "question1": "5",
            "question2": "5",
            "question3": "100",
            "question4": "10"
        }
    },
    "logs": {
        "labelEvents": [
            {
                "time": "2018-02-05T16:33:58.062Z",
                "type": "START",
                "source": "side-bar:button",
                "_t": "09:33:58",
                "_end": "-",
                "data": {
                    "type": "run",
                    "time": 22.828585
                }
            },
            {
                "time": "2018-02-05T16:34:00.642Z",
                "type": "END",
                "source": "data:click:h_pos",
                "_t": "09:34:00",
                "_end": "-",
                "data": {
                    "lbl": {
                        "time": 22.828585,
                        "endTime": 26.45658890243878,
                        "type": "run",
                        "id": 1
                    }
                }
            },
            {
                "time": "2018-02-05T16:34:07.782Z",
                "type": "START",
                "source": "side-bar:button",
                "_t": "09:34:07",
                "_end": "-",
                "data": {
                    "type": "skip",
                    "time": 48.114672
                }
            },
            {
                "time": "2018-02-05T16:34:10.815Z",
                "type": "END",
                "source": "data:click:h_pos",
                "_t": "09:34:10",
                "_end": "-",
                "data": {
                    "lbl": {
                        "time": 48.114672,
                        "endTime": 55.205770536585646,
                        "type": "skip",
                        "id": 2
                    }
                }
            },
            {
                "time": "2018-02-05T16:34:22.520Z",
                "type": "START",
                "source": "side-bar:button",
                "_t": "09:34:22",
                "_end": "-",
                "data": {
                    "type": "skip",
                    "time": 274.809942
                }
            },
            {
                "time": "2018-02-05T16:34:24.912Z",
                "type": "END",
                "source": "data:click:h_pos",
                "_t": "09:34:24",
                "_end": "-",
                "data": {
                    "lbl": {
                        "time": 274.809942,
                        "endTime": 283.3852239512198,
                        "type": "skip",
                        "id": 3
                    }
                }
            },
            {
                "time": "2018-02-05T16:34:31.214Z",
                "type": "START",
                "source": "side-bar:button",
                "_t": "09:34:31",
                "_end": "-",
                "data": {
                    "type": "run",
                    "time": 383.155329
                }
            },
            {
                "time": "2018-02-05T16:34:35.081Z",
                "type": "END",
                "source": "data:click:h_pos",
                "_t": "09:34:35",
                "_end": "-",
                "data": {
                    "lbl": {
                        "time": 383.155329,
                        "endTime": 386.2336350975638,
                        "type": "run",
                        "id": 4
                    }
                }
            },
            {
                "time": "2018-02-05T16:34:43.943Z",
                "type": "START",
                "source": "side-bar:button",
                "_t": "09:34:43",
                "_end": "-",
                "data": {
                    "type": "run",
                    "time": 484.684467
                }
            },
            {
                "time": "2018-02-05T16:34:46.255Z",
                "type": "END",
                "source": "data:click:h_pos",
                "_t": "09:34:46",
                "_end": "-",
                "data": {
                    "lbl": {
                        "time": 484.684467,
                        "endTime": 488.3124709024392,
                        "type": "run",
                        "id": 5
                    }
                }
            },
            {
                "time": "2018-02-05T16:34:49.287Z",
                "type": "START",
                "source": "side-bar:button",
                "_t": "09:34:49",
                "_end": "-",
                "data": {
                    "type": "skip",
                    "time": 525.856814
                }
            },
            {
                "time": "2018-02-05T16:34:51.829Z",
                "type": "END",
                "source": "data:click:h_pos",
                "_t": "09:34:51",
                "_end": "-",
                "data": {
                    "lbl": {
                        "time": 525.856814,
                        "endTime": 533.8274286341466,
                        "type": "skip",
                        "id": 6
                    }
                }
            },
            {
                "time": "2018-02-05T16:34:56.158Z",
                "type": "START",
                "source": "side-bar:button",
                "_t": "09:34:56",
                "_end": "-",
                "data": {
                    "type": "run",
                    "time": 549.713688
                }
            },
            {
                "time": "2018-02-05T16:34:59.998Z",
                "type": "END",
                "source": "data:click:h_pos",
                "_t": "09:34:59",
                "_end": "-",
                "data": {
                    "lbl": {
                        "time": 549.713688,
                        "endTime": 553.0118733658538,
                        "type": "run",
                        "id": 7
                    }
                }
            },
            {
                "time": "2018-02-05T16:35:04.095Z",
                "type": "START",
                "source": "side-bar:button",
                "_t": "09:35:04",
                "_end": "-",
                "data": {
                    "type": "skip",
                    "time": 577.693293
                }
            },
            {
                "time": "2018-02-05T16:35:07.114Z",
                "type": "END",
                "source": "data:click:h_pos",
                "_t": "09:35:07",
                "_end": "-",
                "data": {
                    "lbl": {
                        "time": 577.693293,
                        "endTime": 586.4884537316925,
                        "type": "skip",
                        "id": 8
                    }
                }
            },
            {
                "time": "2018-02-05T16:35:43.135Z",
                "type": "START",
                "source": "side-bar:button",
                "_t": "09:35:43",
                "_end": "-",
                "data": {
                    "type": "skip",
                    "time": 652.672032
                }
            },
            {
                "time": "2018-02-05T16:35:45.285Z",
                "type": "END",
                "source": "data:click:h_pos",
                "_t": "09:35:45",
                "_end": "-",
                "data": {
                    "lbl": {
                        "time": 652.672032,
                        "endTime": 654.2661549268292,
                        "type": "skip",
                        "id": 9
                    }
                }
            }
        ],
        "navigationEvents": [
            {
                "time": {
                    "start": "2018-02-05T16:33:45.201Z",
                    "end": "2018-02-05T16:33:56.255Z"
                },
                "type": "SCRUB",
                "source": "data:drag",
                "_t": "09:33:45",
                "_end": "09:33:56",
                "data": {
                    "time": 22.828585
                }
            },
            {
                "time": {
                    "start": "2018-02-05T16:33:45.201Z",
                    "end": "2018-02-05T16:34:00.642Z"
                },
                "type": "SCRUB",
                "source": "data:drag",
                "_t": "09:33:45",
                "_end": "09:34:00",
                "data": {
                    "time": 22.828585
                }
            },
            {
                "time": {
                    "start": "2018-02-05T16:33:45.201Z",
                    "end": "2018-02-05T16:34:05.372Z"
                },
                "type": "SCRUB",
                "source": "data:drag",
                "_t": "09:33:45",
                "_end": "09:34:05",
                "data": {
                    "time": 48.114672
                }
            },
            {
                "time": {
                    "start": "2018-02-05T16:33:45.201Z",
                    "end": "2018-02-05T16:34:10.813Z"
                },
                "type": "SCRUB",
                "source": "data:drag",
                "_t": "09:33:45",
                "_end": "09:34:10",
                "data": {
                    "time": 48.114672
                }
            },
            {
                "time": {
                    "start": "2018-02-05T16:33:45.201Z",
                    "end": "2018-02-05T16:34:11.832Z"
                },
                "type": "SCRUB",
                "source": "data:drag",
                "_t": "09:33:45",
                "_end": "09:34:11",
                "data": {
                    "time": 95.553571
                }
            },
            {
                "time": {
                    "start": "2018-02-05T16:33:45.201Z",
                    "end": "2018-02-05T16:34:12.535Z"
                },
                "type": "SCRUB",
                "source": "data:drag",
                "_t": "09:33:45",
                "_end": "09:34:12",
                "data": {
                    "time": 139.584345
                }
            },
            {
                "time": {
                    "start": "2018-02-05T16:33:45.201Z",
                    "end": "2018-02-05T16:34:13.256Z"
                },
                "type": "SCRUB",
                "source": "data:drag",
                "_t": "09:33:45",
                "_end": "09:34:13",
                "data": {
                    "time": 181.471299
                }
            },
            {
                "time": {
                    "start": "2018-02-05T16:33:45.201Z",
                    "end": "2018-02-05T16:34:14.048Z"
                },
                "type": "SCRUB",
                "source": "data:drag",
                "_t": "09:33:45",
                "_end": "09:34:14",
                "data": {
                    "time": 228.800259
                }
            },
            {
                "time": {
                    "start": "2018-02-05T16:33:45.201Z",
                    "end": "2018-02-05T16:34:16.124Z"
                },
                "type": "SCRUB",
                "source": "data:drag",
                "_t": "09:33:45",
                "_end": "09:34:16",
                "data": {
                    "time": 265.300177
                }
            },
            {
                "time": {
                    "start": "2018-02-05T16:33:45.201Z",
                    "end": "2018-02-05T16:34:16.977Z"
                },
                "type": "SCRUB",
                "source": "data:drag",
                "_t": "09:33:45",
                "_end": "09:34:16",
                "data": {
                    "time": 308.066647
                }
            },
            {
                "time": {
                    "start": "2018-02-05T16:33:45.201Z",
                    "end": "2018-02-05T16:34:17.671Z"
                },
                "type": "SCRUB",
                "source": "data:drag",
                "_t": "09:33:45",
                "_end": "09:34:17",
                "data": {
                    "time": 347.040204
                }
            },
            {
                "time": {
                    "start": "2018-02-05T16:33:45.201Z",
                    "end": "2018-02-05T16:34:18.578Z"
                },
                "type": "SCRUB",
                "source": "data:drag",
                "_t": "09:33:45",
                "_end": "09:34:18",
                "data": {
                    "time": 317.301565
                }
            },
            {
                "time": {
                    "start": "2018-02-05T16:33:45.201Z",
                    "end": "2018-02-05T16:34:19.424Z"
                },
                "type": "SCRUB",
                "source": "data:drag",
                "_t": "09:33:45",
                "_end": "09:34:19",
                "data": {
                    "time": 280.581767
                }
            },
            {
                "time": {
                    "start": "2018-02-05T16:33:45.201Z",
                    "end": "2018-02-05T16:34:21.421Z"
                },
                "type": "SCRUB",
                "source": "data:drag",
                "_t": "09:33:45",
                "_end": "09:34:21",
                "data": {
                    "time": 274.809942
                }
            },
            {
                "time": {
                    "start": "2018-02-05T16:33:45.201Z",
                    "end": "2018-02-05T16:34:24.908Z"
                },
                "type": "SCRUB",
                "source": "data:drag",
                "_t": "09:33:45",
                "_end": "09:34:24",
                "data": {
                    "time": 274.809942
                }
            },
            {
                "time": {
                    "start": "2018-02-05T16:33:45.201Z",
                    "end": "2018-02-05T16:34:26.029Z"
                },
                "type": "SCRUB",
                "source": "data:drag",
                "_t": "09:33:45",
                "_end": "09:34:26",
                "data": {
                    "time": 321.809083
                }
            },
            {
                "time": {
                    "start": "2018-02-05T16:33:45.201Z",
                    "end": "2018-02-05T16:34:26.674Z"
                },
                "type": "SCRUB",
                "source": "data:drag",
                "_t": "09:33:45",
                "_end": "09:34:26",
                "data": {
                    "time": 364.190764
                }
            },
            {
                "time": {
                    "start": "2018-02-05T16:33:45.201Z",
                    "end": "2018-02-05T16:34:29.890Z"
                },
                "type": "SCRUB",
                "source": "data:drag",
                "_t": "09:33:45",
                "_end": "09:34:29",
                "data": {
                    "time": 383.155329
                }
            },
            {
                "time": {
                    "start": "2018-02-05T16:33:45.201Z",
                    "end": "2018-02-05T16:34:33.886Z"
                },
                "type": "SCRUB",
                "source": "data:drag",
                "_t": "09:33:45",
                "_end": "09:34:33",
                "data": {
                    "time": 383.100359
                }
            },
            {
                "time": {
                    "start": "2018-02-05T16:33:45.201Z",
                    "end": "2018-02-05T16:34:35.079Z"
                },
                "type": "SCRUB",
                "source": "data:drag",
                "_t": "09:33:45",
                "_end": "09:34:35",
                "data": {
                    "time": 383.100359
                }
            },
            {
                "time": {
                    "start": "2018-02-05T16:33:45.201Z",
                    "end": "2018-02-05T16:34:36.996Z"
                },
                "type": "SCRUB",
                "source": "data:drag",
                "_t": "09:33:45",
                "_end": "09:34:36",
                "data": {
                    "time": 417.566396
                }
            },
            {
                "time": {
                    "start": "2018-02-05T16:33:45.201Z",
                    "end": "2018-02-05T16:34:37.718Z"
                },
                "type": "SCRUB",
                "source": "data:drag",
                "_t": "09:33:45",
                "_end": "09:34:37",
                "data": {
                    "time": 448.789217
                }
            },
            {
                "time": {
                    "start": "2018-02-05T16:33:45.201Z",
                    "end": "2018-02-05T16:34:42.910Z"
                },
                "type": "SCRUB",
                "source": "data:drag",
                "_t": "09:33:45",
                "_end": "09:34:42",
                "data": {
                    "time": 484.684467
                }
            },
            {
                "time": {
                    "start": "2018-02-05T16:33:45.201Z",
                    "end": "2018-02-05T16:34:46.254Z"
                },
                "type": "SCRUB",
                "source": "data:drag",
                "_t": "09:33:45",
                "_end": "09:34:46",
                "data": {
                    "time": 484.684467
                }
            },
            {
                "time": {
                    "start": "2018-02-05T16:33:45.201Z",
                    "end": "2018-02-05T16:34:48.244Z"
                },
                "type": "SCRUB",
                "source": "data:drag",
                "_t": "09:33:45",
                "_end": "09:34:48",
                "data": {
                    "time": 525.856814
                }
            },
            {
                "time": {
                    "start": "2018-02-05T16:33:45.201Z",
                    "end": "2018-02-05T16:34:51.826Z"
                },
                "type": "SCRUB",
                "source": "data:drag",
                "_t": "09:33:45",
                "_end": "09:34:51",
                "data": {
                    "time": 525.856814
                }
            },
            {
                "time": {
                    "start": "2018-02-05T16:33:45.201Z",
                    "end": "2018-02-05T16:34:55.124Z"
                },
                "type": "SCRUB",
                "source": "data:drag",
                "_t": "09:33:45",
                "_end": "09:34:55",
                "data": {
                    "time": 549.713688
                }
            },
            {
                "time": {
                    "start": "2018-02-05T16:33:45.201Z",
                    "end": "2018-02-05T16:34:59.997Z"
                },
                "type": "SCRUB",
                "source": "data:drag",
                "_t": "09:33:45",
                "_end": "09:34:59",
                "data": {
                    "time": 549.713688
                }
            },
            {
                "time": {
                    "start": "2018-02-05T16:33:45.201Z",
                    "end": "2018-02-05T16:35:03.070Z"
                },
                "type": "SCRUB",
                "source": "data:drag",
                "_t": "09:33:45",
                "_end": "09:35:03",
                "data": {
                    "time": 577.693293
                }
            },
            {
                "time": {
                    "start": "2018-02-05T16:33:45.201Z",
                    "end": "2018-02-05T16:35:06.353Z"
                },
                "type": "SCRUB",
                "source": "data:drag",
                "_t": "09:33:45",
                "_end": "09:35:06",
                "data": {
                    "time": 577.638323
                }
            },
            {
                "time": {
                    "start": "2018-02-05T16:33:45.201Z",
                    "end": "2018-02-05T16:35:07.111Z"
                },
                "type": "SCRUB",
                "source": "data:drag",
                "_t": "09:33:45",
                "_end": "09:35:07",
                "data": {
                    "time": 577.638323
                }
            },
            {
                "time": {
                    "start": "2018-02-05T16:33:45.201Z",
                    "end": "2018-02-05T16:35:08.239Z"
                },
                "type": "SCRUB",
                "source": "data:drag",
                "_t": "09:33:45",
                "_end": "09:35:08",
                "data": {
                    "time": 631.123895
                }
            },
            {
                "time": {
                    "start": "2018-02-05T16:33:45.201Z",
                    "end": "2018-02-05T16:35:12.860Z"
                },
                "type": "SCRUB",
                "source": "data:drag",
                "_t": "09:33:45",
                "_end": "09:35:12",
                "data": {
                    "time": 652.727009
                }
            },
            {
                "time": {
                    "start": "2018-02-05T16:33:45.201Z",
                    "end": "2018-02-05T16:35:18.712Z"
                },
                "type": "SCRUB",
                "source": "data:drag",
                "_t": "09:33:45",
                "_end": "09:35:18",
                "data": {
                    "time": 613.478603
                }
            },
            {
                "time": {
                    "start": "2018-02-05T16:33:45.201Z",
                    "end": "2018-02-05T16:35:20.033Z"
                },
                "type": "SCRUB",
                "source": "data:drag",
                "_t": "09:33:45",
                "_end": "09:35:20",
                "data": {
                    "time": 552.297264
                }
            },
            {
                "time": {
                    "start": "2018-02-05T16:33:45.201Z",
                    "end": "2018-02-05T16:35:21.259Z"
                },
                "type": "SCRUB",
                "source": "data:drag",
                "_t": "09:33:45",
                "_end": "09:35:21",
                "data": {
                    "time": 478.582821
                }
            },
            {
                "time": {
                    "start": "2018-02-05T16:33:45.201Z",
                    "end": "2018-02-05T16:35:22.107Z"
                },
                "type": "SCRUB",
                "source": "data:drag",
                "_t": "09:33:45",
                "_end": "09:35:22",
                "data": {
                    "time": 404.483589
                }
            },
            {
                "time": {
                    "start": "2018-02-05T16:33:45.201Z",
                    "end": "2018-02-05T16:35:23.065Z"
                },
                "type": "SCRUB",
                "source": "data:drag",
                "_t": "09:33:45",
                "_end": "09:35:23",
                "data": {
                    "time": 333.682543
                }
            },
            {
                "time": {
                    "start": "2018-02-05T16:33:45.201Z",
                    "end": "2018-02-05T16:35:24.574Z"
                },
                "type": "SCRUB",
                "source": "data:drag",
                "_t": "09:33:45",
                "_end": "09:35:24",
                "data": {
                    "time": 244.411659
                }
            },
            {
                "time": {
                    "start": "2018-02-05T16:33:45.201Z",
                    "end": "2018-02-05T16:35:25.590Z"
                },
                "type": "SCRUB",
                "source": "data:drag",
                "_t": "09:33:45",
                "_end": "09:35:25",
                "data": {
                    "time": 174.984857
                }
            },
            {
                "time": {
                    "start": "2018-02-05T16:33:45.201Z",
                    "end": "2018-02-05T16:35:26.347Z"
                },
                "type": "SCRUB",
                "source": "data:drag",
                "_t": "09:33:45",
                "_end": "09:35:26",
                "data": {
                    "time": 106.327631
                }
            },
            {
                "time": {
                    "start": "2018-02-05T16:33:45.201Z",
                    "end": "2018-02-05T16:35:30.737Z"
                },
                "type": "SCRUB",
                "source": "data:drag",
                "_t": "09:33:45",
                "_end": "09:35:30",
                "data": {
                    "time": 84.614577
                }
            },
            {
                "time": {
                    "start": "2018-02-05T16:33:45.201Z",
                    "end": "2018-02-05T16:35:31.711Z"
                },
                "type": "SCRUB",
                "source": "data:drag",
                "_t": "09:33:45",
                "_end": "09:35:31",
                "data": {
                    "time": 151.567739
                }
            },
            {
                "time": {
                    "start": "2018-02-05T16:33:45.201Z",
                    "end": "2018-02-05T16:35:32.491Z"
                },
                "type": "SCRUB",
                "source": "data:drag",
                "_t": "09:33:45",
                "_end": "09:35:32",
                "data": {
                    "time": 216.761869
                }
            },
            {
                "time": {
                    "start": "2018-02-05T16:33:45.201Z",
                    "end": "2018-02-05T16:35:33.231Z"
                },
                "type": "SCRUB",
                "source": "data:drag",
                "_t": "09:33:45",
                "_end": "09:35:33",
                "data": {
                    "time": 258.428944
                }
            },
            {
                "time": {
                    "start": "2018-02-05T16:33:45.201Z",
                    "end": "2018-02-05T16:35:34.169Z"
                },
                "type": "SCRUB",
                "source": "data:drag",
                "_t": "09:33:45",
                "_end": "09:35:34",
                "data": {
                    "time": 339.839152
                }
            },
            {
                "time": {
                    "start": "2018-02-05T16:33:45.201Z",
                    "end": "2018-02-05T16:35:35.371Z"
                },
                "type": "SCRUB",
                "source": "data:drag",
                "_t": "09:33:45",
                "_end": "09:35:35",
                "data": {
                    "time": 439.499319
                }
            },
            {
                "time": {
                    "start": "2018-02-05T16:33:45.201Z",
                    "end": "2018-02-05T16:35:36.553Z"
                },
                "type": "SCRUB",
                "source": "data:drag",
                "_t": "09:33:45",
                "_end": "09:35:36",
                "data": {
                    "time": 536.575908
                }
            },
            {
                "time": {
                    "start": "2018-02-05T16:33:45.201Z",
                    "end": "2018-02-05T16:35:38.507Z"
                },
                "type": "SCRUB",
                "source": "data:drag",
                "_t": "09:33:45",
                "_end": "09:35:38",
                "data": {
                    "time": 642.0079
                }
            },
            {
                "time": {
                    "start": "2018-02-05T16:33:45.201Z",
                    "end": "2018-02-05T16:35:39.935Z"
                },
                "type": "SCRUB",
                "source": "data:drag",
                "_t": "09:33:45",
                "_end": "09:35:39",
                "data": {
                    "time": 642.0079
                }
            },
            {
                "time": {
                    "start": "2018-02-05T16:33:45.201Z",
                    "end": "2018-02-05T16:35:42.370Z"
                },
                "type": "SCRUB",
                "source": "data:drag",
                "_t": "09:33:45",
                "_end": "09:35:42",
                "data": {
                    "time": 652.672032
                }
            },
            {
                "time": {
                    "start": "2018-02-05T16:33:45.201Z",
                    "end": "2018-02-05T16:35:45.282Z"
                },
                "type": "SCRUB",
                "source": "data:drag",
                "_t": "09:33:45",
                "_end": "09:35:45",
                "data": {
                    "time": 652.672032
                }
            }
        ]
    }
}