{
    "user_id": "046",
    "session_id": "5a78823bee2b1975ba835b71",
    "study": "studyC",
    "workspace": "newrun.run-thurs-seven-attempt",
    "details": {
        "workspace": "newrun.run-thurs-seven-attempt",
        "labels": [
            {
                "time": 30.254681,
                "endTime": 33.604793832416206,
                "type": "run",
                "id": 1
            },
            {
                "time": 80.994948,
                "endTime": 88.56755751553929,
                "type": "skip",
                "id": 2
            },
            {
                "time": 261.858245,
                "endTime": 265.6307447276051,
                "type": "run",
                "id": 3
            },
            {
                "time": 279.512416,
                "endTime": 287.4663946343693,
                "type": "skip",
                "id": 4
            }
        ],
        "_starts": [
            "2018-02-05T16:39:59.000Z"
        ],
        "_ends": [
            "2018-02-05T16:43:14.595Z"
        ]
    },
    "labels_file": "/home/ubuntu/vat/data/user-studies/studyC/run-red/046.labels.json",
    "videoFlash": 11.89045,
    "surveys": {
        "user-info": {
            "firstname": "Gibson",
            "lastname": "Ainge",
            "email": "gainge@gmail.com"
        },
        "practice-first": {
            "question1": "5",
            "question2": "ok",
            "question3": "100",
            "question4": "5"
        },
        "practice-second": {},
        "practice-third": {},
        "practice-survey": {},
        "pill-blue": {
            "question1": "5",
            "question2": "4",
            "question3": "90",
            "question4": "90"
        },
        "pill-red": {
            "question1": "2",
            "question2": "4",
            "question3": "80",
            "question4": "100"
        },
        "pill-orange": {
            "question1": "2",
            "question2": "4",
            "question3": "50",
            "question4": "70"
        },
        "pills-survey": {
            "question1": "5",
            "question2": "2",
            "question3": "5",
            "question4": "4"
        },
        "run-blue": {
            "question1": "5",
            "question2": "5",
            "question3": "80",
            "question4": "60"
        },
        "run-yellow": {
            "question1": "5",
            "question2": "5",
            "question3": "100",
            "question4": "80"
        }
    },
    "logs": {
        "labelEvents": [
            {
                "time": "2018-02-05T16:40:24.738Z",
                "type": "START",
                "source": "hotkey",
                "_t": "09:40:24",
                "_end": "-",
                "data": {
                    "type": "run",
                    "time": 30.254681
                }
            },
            {
                "time": "2018-02-05T16:40:33.860Z",
                "type": "END",
                "source": "data:click:h_pos",
                "_t": "09:40:33",
                "_end": "-",
                "data": {
                    "lbl": {
                        "time": 30.254681,
                        "endTime": 33.604793832416206,
                        "type": "run",
                        "id": 1
                    }
                }
            },
            {
                "time": "2018-02-05T16:41:12.547Z",
                "type": "START",
                "source": "hotkey",
                "_t": "09:41:12",
                "_end": "-",
                "data": {
                    "type": "skip",
                    "time": 80.994948
                }
            },
            {
                "time": "2018-02-05T16:41:24.468Z",
                "type": "END",
                "source": "data:click:h_pos",
                "_t": "09:41:24",
                "_end": "-",
                "data": {
                    "lbl": {
                        "time": 80.994948,
                        "endTime": 88.56755751553929,
                        "type": "skip",
                        "id": 2
                    }
                }
            },
            {
                "time": "2018-02-05T16:42:30.899Z",
                "type": "START",
                "source": "hotkey",
                "_t": "09:42:30",
                "_end": "-",
                "data": {
                    "type": "run",
                    "time": 261.858245
                }
            },
            {
                "time": "2018-02-05T16:42:40.493Z",
                "type": "END",
                "source": "data:click:h_pos",
                "_t": "09:42:40",
                "_end": "-",
                "data": {
                    "lbl": {
                        "time": 261.858245,
                        "endTime": 265.6307447276051,
                        "type": "run",
                        "id": 3
                    }
                }
            },
            {
                "time": "2018-02-05T16:42:46.229Z",
                "type": "SELECT",
                "source": "data:click",
                "_t": "09:42:46",
                "_end": "-",
                "data": {
                    "time": 261.858245,
                    "endTime": 265.6307447276051,
                    "type": "run",
                    "id": 3
                }
            },
            {
                "time": {
                    "start": "2018-02-05T16:42:47.270Z",
                    "end": "2018-02-05T16:42:48.932Z"
                },
                "type": "RESIZE",
                "source": "data:brush",
                "_t": "09:42:47",
                "_end": "09:42:48",
                "data": {
                    "brushing": true,
                    "origin": [
                        261.858245,
                        266.12771505301646
                    ],
                    "_brushside": 1,
                    "start": "2018-02-05T16:42:47.270Z",
                    "ε": 0.1,
                    "mode": "resize"
                }
            },
            {
                "time": "2018-02-05T16:42:49.297Z",
                "type": "DESELECT",
                "source": "data:click",
                "_t": "09:42:49",
                "_end": "-",
                "data": {
                    "time": 261.858245,
                    "endTime": 265.6307447276051,
                    "type": "run",
                    "id": 3
                }
            },
            {
                "time": "2018-02-05T16:42:57.876Z",
                "type": "START",
                "source": "hotkey",
                "_t": "09:42:57",
                "_end": "-",
                "data": {
                    "type": "skip",
                    "time": 279.512416
                }
            },
            {
                "time": "2018-02-05T16:43:10.151Z",
                "type": "END",
                "source": "data:click:h_pos",
                "_t": "09:43:10",
                "_end": "-",
                "data": {
                    "lbl": {
                        "time": 279.512416,
                        "endTime": 287.4663946343693,
                        "type": "skip",
                        "id": 4
                    }
                }
            }
        ],
        "navigationEvents": [
            {
                "time": "2018-02-05T16:40:15.093Z",
                "type": "PLAY",
                "source": "hotkey",
                "_t": "09:40:15",
                "_end": "-",
                "data": {
                    "key": "space"
                }
            },
            {
                "time": {
                    "start": "2018-02-05T16:39:59.371Z",
                    "end": "2018-02-05T16:40:16.392Z"
                },
                "type": "SCRUB",
                "source": "data:drag",
                "_t": "09:39:59",
                "_end": "09:40:16",
                "data": {
                    "time": 37.020143
                }
            },
            {
                "time": {
                    "start": "2018-02-05T16:39:59.371Z",
                    "end": "2018-02-05T16:40:18.765Z"
                },
                "type": "SCRUB",
                "source": "data:drag",
                "_t": "09:39:59",
                "_end": "09:40:18",
                "data": {
                    "time": 33.067725
                }
            },
            {
                "time": {
                    "start": "2018-02-05T16:39:59.371Z",
                    "end": "2018-02-05T16:40:19.244Z"
                },
                "type": "SCRUB",
                "source": "data:drag",
                "_t": "09:39:59",
                "_end": "09:40:19",
                "data": {
                    "time": 28.965459
                }
            },
            {
                "time": {
                    "start": "2018-02-05T16:39:59.371Z",
                    "end": "2018-02-05T16:40:20.364Z"
                },
                "type": "SCRUB",
                "source": "data:drag",
                "_t": "09:39:59",
                "_end": "09:40:20",
                "data": {
                    "time": 29.782253
                }
            },
            {
                "time": "2018-02-05T16:40:20.946Z",
                "type": "PAUSE",
                "source": "hotkey",
                "_t": "09:40:20",
                "_end": "-",
                "data": {
                    "key": "space"
                }
            },
            {
                "time": "2018-02-05T16:40:21.732Z",
                "type": "PLAY",
                "source": "hotkey",
                "_t": "09:40:21",
                "_end": "-",
                "data": {
                    "key": "space"
                }
            },
            {
                "time": "2018-02-05T16:40:22.006Z",
                "type": "PAUSE",
                "source": "hotkey",
                "_t": "09:40:22",
                "_end": "-",
                "data": {
                    "key": "space"
                }
            },
            {
                "time": {
                    "start": "2018-02-05T16:39:59.371Z",
                    "end": "2018-02-05T16:40:23.610Z"
                },
                "type": "SCRUB",
                "source": "data:drag",
                "_t": "09:39:59",
                "_end": "09:40:23",
                "data": {
                    "time": 30.254681
                }
            },
            {
                "time": "2018-02-05T16:40:26.001Z",
                "type": "PLAY",
                "source": "hotkey",
                "_t": "09:40:26",
                "_end": "-",
                "data": {
                    "key": "space"
                }
            },
            {
                "time": "2018-02-05T16:40:29.585Z",
                "type": "PAUSE",
                "source": "hotkey",
                "_t": "09:40:29",
                "_end": "-",
                "data": {
                    "key": "space"
                }
            },
            {
                "time": {
                    "start": "2018-02-05T16:39:59.371Z",
                    "end": "2018-02-05T16:40:33.858Z"
                },
                "type": "SCRUB",
                "source": "data:drag",
                "_t": "09:39:59",
                "_end": "09:40:33",
                "data": {
                    "time": 33.765129
                }
            },
            {
                "time": {
                    "start": "2018-02-05T16:39:59.371Z",
                    "end": "2018-02-05T16:40:38.040Z"
                },
                "type": "SCRUB",
                "source": "data:drag",
                "_t": "09:39:59",
                "_end": "09:40:38",
                "data": {
                    "time": 35.587353
                }
            },
            {
                "time": {
                    "start": "2018-02-05T16:39:59.371Z",
                    "end": "2018-02-05T16:40:38.757Z"
                },
                "type": "SCRUB",
                "source": "data:drag",
                "_t": "09:39:59",
                "_end": "09:40:38",
                "data": {
                    "time": 36.277589
                }
            },
            {
                "time": {
                    "start": "2018-02-05T16:39:59.371Z",
                    "end": "2018-02-05T16:40:39.642Z"
                },
                "type": "SCRUB",
                "source": "data:drag",
                "_t": "09:39:59",
                "_end": "09:40:39",
                "data": {
                    "time": 36.526074
                }
            },
            {
                "time": {
                    "start": "2018-02-05T16:39:59.371Z",
                    "end": "2018-02-05T16:40:40.352Z"
                },
                "type": "SCRUB",
                "source": "data:drag",
                "_t": "09:39:59",
                "_end": "09:40:40",
                "data": {
                    "time": 37.423381
                }
            },
            {
                "time": "2018-02-05T16:40:40.914Z",
                "type": "PLAY",
                "source": "hotkey",
                "_t": "09:40:40",
                "_end": "-",
                "data": {
                    "key": "space"
                }
            },
            {
                "time": {
                    "start": "2018-02-05T16:39:59.371Z",
                    "end": "2018-02-05T16:40:41.686Z"
                },
                "type": "SCRUB",
                "source": "data:drag",
                "_t": "09:39:59",
                "_end": "09:40:41",
                "data": {
                    "time": 38.61819
                }
            },
            {
                "time": {
                    "start": "2018-02-05T16:39:59.371Z",
                    "end": "2018-02-05T16:40:42.285Z"
                },
                "type": "SCRUB",
                "source": "data:drag",
                "_t": "09:39:59",
                "_end": "09:40:42",
                "data": {
                    "time": 39.543106
                }
            },
            {
                "time": {
                    "start": "2018-02-05T16:39:59.371Z",
                    "end": "2018-02-05T16:40:43.048Z"
                },
                "type": "SCRUB",
                "source": "data:drag",
                "_t": "09:39:59",
                "_end": "09:40:43",
                "data": {
                    "time": 42.038991
                }
            },
            {
                "time": {
                    "start": "2018-02-05T16:39:59.371Z",
                    "end": "2018-02-05T16:40:43.829Z"
                },
                "type": "SCRUB",
                "source": "data:drag",
                "_t": "09:39:59",
                "_end": "09:40:43",
                "data": {
                    "time": 44.298111
                }
            },
            {
                "time": {
                    "start": "2018-02-05T16:39:59.371Z",
                    "end": "2018-02-05T16:40:44.555Z"
                },
                "type": "SCRUB",
                "source": "data:drag",
                "_t": "09:39:59",
                "_end": "09:40:44",
                "data": {
                    "time": 46.258382
                }
            },
            {
                "time": {
                    "start": "2018-02-05T16:39:59.371Z",
                    "end": "2018-02-05T16:40:45.530Z"
                },
                "type": "SCRUB",
                "source": "data:drag",
                "_t": "09:39:59",
                "_end": "09:40:45",
                "data": {
                    "time": 46.434881
                }
            },
            {
                "time": {
                    "start": "2018-02-05T16:39:59.371Z",
                    "end": "2018-02-05T16:40:48.232Z"
                },
                "type": "SCRUB",
                "source": "data:drag",
                "_t": "09:39:59",
                "_end": "09:40:48",
                "data": {
                    "time": 49.492783
                }
            },
            {
                "time": {
                    "start": "2018-02-05T16:39:59.371Z",
                    "end": "2018-02-05T16:40:48.993Z"
                },
                "type": "SCRUB",
                "source": "data:drag",
                "_t": "09:39:59",
                "_end": "09:40:48",
                "data": {
                    "time": 50.965655
                }
            },
            {
                "time": {
                    "start": "2018-02-05T16:39:59.371Z",
                    "end": "2018-02-05T16:40:49.641Z"
                },
                "type": "SCRUB",
                "source": "data:drag",
                "_t": "09:39:59",
                "_end": "09:40:49",
                "data": {
                    "time": 52.89364
                }
            },
            {
                "time": {
                    "start": "2018-02-05T16:39:59.371Z",
                    "end": "2018-02-05T16:40:50.386Z"
                },
                "type": "SCRUB",
                "source": "data:drag",
                "_t": "09:39:59",
                "_end": "09:40:50",
                "data": {
                    "time": 54.950544
                }
            },
            {
                "time": {
                    "start": "2018-02-05T16:39:59.371Z",
                    "end": "2018-02-05T16:40:51.274Z"
                },
                "type": "SCRUB",
                "source": "data:drag",
                "_t": "09:39:59",
                "_end": "09:40:51",
                "data": {
                    "time": 56.220185
                }
            },
            {
                "time": {
                    "start": "2018-02-05T16:39:59.371Z",
                    "end": "2018-02-05T16:40:52.033Z"
                },
                "type": "SCRUB",
                "source": "data:drag",
                "_t": "09:39:59",
                "_end": "09:40:52",
                "data": {
                    "time": 57.214125
                }
            },
            {
                "time": {
                    "start": "2018-02-05T16:39:59.371Z",
                    "end": "2018-02-05T16:40:52.824Z"
                },
                "type": "SCRUB",
                "source": "data:drag",
                "_t": "09:39:59",
                "_end": "09:40:52",
                "data": {
                    "time": 57.88007
                }
            },
            {
                "time": {
                    "start": "2018-02-05T16:39:59.371Z",
                    "end": "2018-02-05T16:40:56.281Z"
                },
                "type": "SCRUB",
                "source": "data:drag",
                "_t": "09:39:59",
                "_end": "09:40:56",
                "data": {
                    "time": 61.510041
                }
            },
            {
                "time": {
                    "start": "2018-02-05T16:39:59.371Z",
                    "end": "2018-02-05T16:40:56.913Z"
                },
                "type": "SCRUB",
                "source": "data:drag",
                "_t": "09:39:59",
                "_end": "09:40:56",
                "data": {
                    "time": 62.924983
                }
            },
            {
                "time": {
                    "start": "2018-02-05T16:39:59.371Z",
                    "end": "2018-02-05T16:40:57.626Z"
                },
                "type": "SCRUB",
                "source": "data:drag",
                "_t": "09:39:59",
                "_end": "09:40:57",
                "data": {
                    "time": 64.291651
                }
            },
            {
                "time": {
                    "start": "2018-02-05T16:39:59.371Z",
                    "end": "2018-02-05T16:40:58.354Z"
                },
                "type": "SCRUB",
                "source": "data:drag",
                "_t": "09:39:59",
                "_end": "09:40:58",
                "data": {
                    "time": 66.265727
                }
            },
            {
                "time": {
                    "start": "2018-02-05T16:39:59.371Z",
                    "end": "2018-02-05T16:40:59.137Z"
                },
                "type": "SCRUB",
                "source": "data:drag",
                "_t": "09:39:59",
                "_end": "09:40:59",
                "data": {
                    "time": 67.770442
                }
            },
            {
                "time": {
                    "start": "2018-02-05T16:39:59.371Z",
                    "end": "2018-02-05T16:40:59.858Z"
                },
                "type": "SCRUB",
                "source": "data:drag",
                "_t": "09:39:59",
                "_end": "09:40:59",
                "data": {
                    "time": 69.986892
                }
            },
            {
                "time": {
                    "start": "2018-02-05T16:39:59.371Z",
                    "end": "2018-02-05T16:41:00.521Z"
                },
                "type": "SCRUB",
                "source": "data:drag",
                "_t": "09:39:59",
                "_end": "09:41:00",
                "data": {
                    "time": 72.016187
                }
            },
            {
                "time": {
                    "start": "2018-02-05T16:39:59.371Z",
                    "end": "2018-02-05T16:41:01.601Z"
                },
                "type": "SCRUB",
                "source": "data:drag",
                "_t": "09:39:59",
                "_end": "09:41:01",
                "data": {
                    "time": 74.262348
                }
            },
            {
                "time": {
                    "start": "2018-02-05T16:39:59.371Z",
                    "end": "2018-02-05T16:41:02.561Z"
                },
                "type": "SCRUB",
                "source": "data:drag",
                "_t": "09:39:59",
                "_end": "09:41:02",
                "data": {
                    "time": 76.860501
                }
            },
            {
                "time": {
                    "start": "2018-02-05T16:39:59.371Z",
                    "end": "2018-02-05T16:41:03.418Z"
                },
                "type": "SCRUB",
                "source": "data:drag",
                "_t": "09:39:59",
                "_end": "09:41:03",
                "data": {
                    "time": 78.489459
                }
            },
            {
                "time": {
                    "start": "2018-02-05T16:39:59.371Z",
                    "end": "2018-02-05T16:41:04.105Z"
                },
                "type": "SCRUB",
                "source": "data:drag",
                "_t": "09:39:59",
                "_end": "09:41:04",
                "data": {
                    "time": 80.905286
                }
            },
            {
                "time": {
                    "start": "2018-02-05T16:39:59.371Z",
                    "end": "2018-02-05T16:41:05.642Z"
                },
                "type": "SCRUB",
                "source": "data:drag",
                "_t": "09:39:59",
                "_end": "09:41:05",
                "data": {
                    "time": 81.142202
                }
            },
            {
                "time": {
                    "start": "2018-02-05T16:39:59.371Z",
                    "end": "2018-02-05T16:41:07.123Z"
                },
                "type": "SCRUB",
                "source": "data:drag",
                "_t": "09:39:59",
                "_end": "09:41:07",
                "data": {
                    "time": 80.396988
                }
            },
            {
                "time": "2018-02-05T16:41:08.163Z",
                "type": "PAUSE",
                "source": "hotkey",
                "_t": "09:41:08",
                "_end": "-",
                "data": {
                    "key": "space"
                }
            },
            {
                "time": {
                    "start": "2018-02-05T16:39:59.371Z",
                    "end": "2018-02-05T16:41:11.763Z"
                },
                "type": "SCRUB",
                "source": "data:drag",
                "_t": "09:39:59",
                "_end": "09:41:11",
                "data": {
                    "time": 80.994948
                }
            },
            {
                "time": "2018-02-05T16:41:13.635Z",
                "type": "PLAY",
                "source": "hotkey",
                "_t": "09:41:13",
                "_end": "-",
                "data": {
                    "key": "space"
                }
            },
            {
                "time": "2018-02-05T16:41:21.379Z",
                "type": "PAUSE",
                "source": "hotkey",
                "_t": "09:41:21",
                "_end": "-",
                "data": {
                    "key": "space"
                }
            },
            {
                "time": {
                    "start": "2018-02-05T16:39:59.371Z",
                    "end": "2018-02-05T16:41:24.466Z"
                },
                "type": "SCRUB",
                "source": "data:drag",
                "_t": "09:39:59",
                "_end": "09:41:24",
                "data": {
                    "time": 88.671093
                }
            },
            {
                "time": {
                    "start": "2018-02-05T16:39:59.371Z",
                    "end": "2018-02-05T16:41:31.043Z"
                },
                "type": "SCRUB",
                "source": "data:drag",
                "_t": "09:39:59",
                "_end": "09:41:31",
                "data": {
                    "time": 88.602069
                }
            },
            {
                "time": {
                    "start": "2018-02-05T16:39:59.371Z",
                    "end": "2018-02-05T16:41:31.826Z"
                },
                "type": "SCRUB",
                "source": "data:drag",
                "_t": "09:39:59",
                "_end": "09:41:31",
                "data": {
                    "time": 93.364701
                }
            },
            {
                "time": {
                    "start": "2018-02-05T16:39:59.371Z",
                    "end": "2018-02-05T16:41:32.274Z"
                },
                "type": "SCRUB",
                "source": "data:drag",
                "_t": "09:39:59",
                "_end": "09:41:32",
                "data": {
                    "time": 97.50612
                }
            },
            {
                "time": {
                    "start": "2018-02-05T16:39:59.371Z",
                    "end": "2018-02-05T16:41:33.426Z"
                },
                "type": "SCRUB",
                "source": "data:drag",
                "_t": "09:39:59",
                "_end": "09:41:33",
                "data": {
                    "time": 96.498374
                }
            },
            {
                "time": {
                    "start": "2018-02-05T16:39:59.371Z",
                    "end": "2018-02-05T16:41:33.986Z"
                },
                "type": "SCRUB",
                "source": "data:drag",
                "_t": "09:39:59",
                "_end": "09:41:33",
                "data": {
                    "time": 93.83406
                }
            },
            {
                "time": {
                    "start": "2018-02-05T16:39:59.371Z",
                    "end": "2018-02-05T16:41:34.665Z"
                },
                "type": "SCRUB",
                "source": "data:drag",
                "_t": "09:39:59",
                "_end": "09:41:34",
                "data": {
                    "time": 96.691639
                }
            },
            {
                "time": "2018-02-05T16:41:34.901Z",
                "type": "PLAY",
                "source": "hotkey",
                "_t": "09:41:34",
                "_end": "-",
                "data": {
                    "key": "space"
                }
            },
            {
                "time": {
                    "start": "2018-02-05T16:39:59.371Z",
                    "end": "2018-02-05T16:41:35.426Z"
                },
                "type": "SCRUB",
                "source": "data:drag",
                "_t": "09:39:59",
                "_end": "09:41:35",
                "data": {
                    "time": 100.081844
                }
            },
            {
                "time": {
                    "start": "2018-02-05T16:39:59.371Z",
                    "end": "2018-02-05T16:41:36.097Z"
                },
                "type": "SCRUB",
                "source": "data:drag",
                "_t": "09:39:59",
                "_end": "09:41:36",
                "data": {
                    "time": 101.503731
                }
            },
            {
                "time": {
                    "start": "2018-02-05T16:39:59.371Z",
                    "end": "2018-02-05T16:41:36.714Z"
                },
                "type": "SCRUB",
                "source": "data:drag",
                "_t": "09:39:59",
                "_end": "09:41:36",
                "data": {
                    "time": 103.672895
                }
            },
            {
                "time": {
                    "start": "2018-02-05T16:39:59.371Z",
                    "end": "2018-02-05T16:41:37.346Z"
                },
                "type": "SCRUB",
                "source": "data:drag",
                "_t": "09:39:59",
                "_end": "09:41:37",
                "data": {
                    "time": 106.930811
                }
            },
            {
                "time": {
                    "start": "2018-02-05T16:39:59.371Z",
                    "end": "2018-02-05T16:41:37.932Z"
                },
                "type": "SCRUB",
                "source": "data:drag",
                "_t": "09:39:59",
                "_end": "09:41:37",
                "data": {
                    "time": 108.818345
                }
            },
            {
                "time": {
                    "start": "2018-02-05T16:39:59.371Z",
                    "end": "2018-02-05T16:41:38.521Z"
                },
                "type": "SCRUB",
                "source": "data:drag",
                "_t": "09:39:59",
                "_end": "09:41:38",
                "data": {
                    "time": 110.833835
                }
            },
            {
                "time": {
                    "start": "2018-02-05T16:39:59.371Z",
                    "end": "2018-02-05T16:41:39.210Z"
                },
                "type": "SCRUB",
                "source": "data:drag",
                "_t": "09:39:59",
                "_end": "09:41:39",
                "data": {
                    "time": 113.028787
                }
            },
            {
                "time": {
                    "start": "2018-02-05T16:39:59.371Z",
                    "end": "2018-02-05T16:41:39.961Z"
                },
                "type": "SCRUB",
                "source": "data:drag",
                "_t": "09:39:59",
                "_end": "09:41:39",
                "data": {
                    "time": 116.743157
                }
            },
            {
                "time": {
                    "start": "2018-02-05T16:39:59.371Z",
                    "end": "2018-02-05T16:41:40.825Z"
                },
                "type": "SCRUB",
                "source": "data:drag",
                "_t": "09:39:59",
                "_end": "09:41:40",
                "data": {
                    "time": 121.056657
                }
            },
            {
                "time": {
                    "start": "2018-02-05T16:39:59.371Z",
                    "end": "2018-02-05T16:41:41.474Z"
                },
                "type": "SCRUB",
                "source": "data:drag",
                "_t": "09:39:59",
                "_end": "09:41:41",
                "data": {
                    "time": 122.415824
                }
            },
            {
                "time": {
                    "start": "2018-02-05T16:39:59.371Z",
                    "end": "2018-02-05T16:41:42.059Z"
                },
                "type": "SCRUB",
                "source": "data:drag",
                "_t": "09:39:59",
                "_end": "09:41:42",
                "data": {
                    "time": 124.486533
                }
            },
            {
                "time": {
                    "start": "2018-02-05T16:39:59.371Z",
                    "end": "2018-02-05T16:41:42.869Z"
                },
                "type": "SCRUB",
                "source": "data:drag",
                "_t": "09:39:59",
                "_end": "09:41:42",
                "data": {
                    "time": 126.306937
                }
            },
            {
                "time": {
                    "start": "2018-02-05T16:39:59.371Z",
                    "end": "2018-02-05T16:41:43.336Z"
                },
                "type": "SCRUB",
                "source": "data:drag",
                "_t": "09:39:59",
                "_end": "09:41:43",
                "data": {
                    "time": 129.482025
                }
            },
            {
                "time": {
                    "start": "2018-02-05T16:39:59.371Z",
                    "end": "2018-02-05T16:41:43.945Z"
                },
                "type": "SCRUB",
                "source": "data:drag",
                "_t": "09:39:59",
                "_end": "09:41:43",
                "data": {
                    "time": 131.77361
                }
            },
            {
                "time": {
                    "start": "2018-02-05T16:39:59.371Z",
                    "end": "2018-02-05T16:41:44.401Z"
                },
                "type": "SCRUB",
                "source": "data:drag",
                "_t": "09:39:59",
                "_end": "09:41:44",
                "data": {
                    "time": 133.678661
                }
            },
            {
                "time": {
                    "start": "2018-02-05T16:39:59.371Z",
                    "end": "2018-02-05T16:41:44.909Z"
                },
                "type": "SCRUB",
                "source": "data:drag",
                "_t": "09:39:59",
                "_end": "09:41:44",
                "data": {
                    "time": 137.2955
                }
            },
            {
                "time": {
                    "start": "2018-02-05T16:39:59.371Z",
                    "end": "2018-02-05T16:41:45.698Z"
                },
                "type": "SCRUB",
                "source": "data:drag",
                "_t": "09:39:59",
                "_end": "09:41:45",
                "data": {
                    "time": 140.911161
                }
            },
            {
                "time": {
                    "start": "2018-02-05T16:39:59.371Z",
                    "end": "2018-02-05T16:41:46.361Z"
                },
                "type": "SCRUB",
                "source": "data:drag",
                "_t": "09:39:59",
                "_end": "09:41:46",
                "data": {
                    "time": 144.173668
                }
            },
            {
                "time": {
                    "start": "2018-02-05T16:39:59.371Z",
                    "end": "2018-02-05T16:41:49.741Z"
                },
                "type": "SCRUB",
                "source": "data:drag",
                "_t": "09:39:59",
                "_end": "09:41:49",
                "data": {
                    "time": 147.820432
                }
            },
            {
                "time": {
                    "start": "2018-02-05T16:39:59.371Z",
                    "end": "2018-02-05T16:41:50.298Z"
                },
                "type": "SCRUB",
                "source": "data:drag",
                "_t": "09:39:59",
                "_end": "09:41:50",
                "data": {
                    "time": 148.731544
                }
            },
            {
                "time": {
                    "start": "2018-02-05T16:39:59.371Z",
                    "end": "2018-02-05T16:41:50.914Z"
                },
                "type": "SCRUB",
                "source": "data:drag",
                "_t": "09:39:59",
                "_end": "09:41:50",
                "data": {
                    "time": 149.932555
                }
            },
            {
                "time": {
                    "start": "2018-02-05T16:39:59.371Z",
                    "end": "2018-02-05T16:41:51.506Z"
                },
                "type": "SCRUB",
                "source": "data:drag",
                "_t": "09:39:59",
                "_end": "09:41:51",
                "data": {
                    "time": 151.20259
                }
            },
            {
                "time": {
                    "start": "2018-02-05T16:39:59.371Z",
                    "end": "2018-02-05T16:41:51.914Z"
                },
                "type": "SCRUB",
                "source": "data:drag",
                "_t": "09:39:59",
                "_end": "09:41:51",
                "data": {
                    "time": 152.762524
                }
            },
            {
                "time": {
                    "start": "2018-02-05T16:39:59.371Z",
                    "end": "2018-02-05T16:41:52.384Z"
                },
                "type": "SCRUB",
                "source": "data:drag",
                "_t": "09:39:59",
                "_end": "09:41:52",
                "data": {
                    "time": 153.963535
                }
            },
            {
                "time": {
                    "start": "2018-02-05T16:39:59.371Z",
                    "end": "2018-02-05T16:41:52.900Z"
                },
                "type": "SCRUB",
                "source": "data:drag",
                "_t": "09:39:59",
                "_end": "09:41:52",
                "data": {
                    "time": 155.03324
                }
            },
            {
                "time": {
                    "start": "2018-02-05T16:39:59.371Z",
                    "end": "2018-02-05T16:41:53.629Z"
                },
                "type": "SCRUB",
                "source": "data:drag",
                "_t": "09:39:59",
                "_end": "09:41:53",
                "data": {
                    "time": 157.502639
                }
            },
            {
                "time": {
                    "start": "2018-02-05T16:39:59.371Z",
                    "end": "2018-02-05T16:41:55.146Z"
                },
                "type": "SCRUB",
                "source": "data:drag",
                "_t": "09:39:59",
                "_end": "09:41:55",
                "data": {
                    "time": 160.035409
                }
            },
            {
                "time": {
                    "start": "2018-02-05T16:39:59.371Z",
                    "end": "2018-02-05T16:41:55.815Z"
                },
                "type": "SCRUB",
                "source": "data:drag",
                "_t": "09:39:59",
                "_end": "09:41:55",
                "data": {
                    "time": 161.871438
                }
            },
            {
                "time": {
                    "start": "2018-02-05T16:39:59.371Z",
                    "end": "2018-02-05T16:41:56.440Z"
                },
                "type": "SCRUB",
                "source": "data:drag",
                "_t": "09:39:59",
                "_end": "09:41:56",
                "data": {
                    "time": 164.466727
                }
            },
            {
                "time": {
                    "start": "2018-02-05T16:39:59.371Z",
                    "end": "2018-02-05T16:41:56.990Z"
                },
                "type": "SCRUB",
                "source": "data:drag",
                "_t": "09:39:59",
                "_end": "09:41:56",
                "data": {
                    "time": 166.827336
                }
            },
            {
                "time": {
                    "start": "2018-02-05T16:39:59.371Z",
                    "end": "2018-02-05T16:41:57.598Z"
                },
                "type": "SCRUB",
                "source": "data:drag",
                "_t": "09:39:59",
                "_end": "09:41:57",
                "data": {
                    "time": 169.2102
                }
            },
            {
                "time": {
                    "start": "2018-02-05T16:39:59.371Z",
                    "end": "2018-02-05T16:41:58.402Z"
                },
                "type": "SCRUB",
                "source": "data:drag",
                "_t": "09:39:59",
                "_end": "09:41:58",
                "data": {
                    "time": 169.541513
                }
            },
            {
                "time": {
                    "start": "2018-02-05T16:39:59.371Z",
                    "end": "2018-02-05T16:42:00.050Z"
                },
                "type": "SCRUB",
                "source": "data:drag",
                "_t": "09:39:59",
                "_end": "09:42:00",
                "data": {
                    "time": 172.769853
                }
            },
            {
                "time": {
                    "start": "2018-02-05T16:39:59.371Z",
                    "end": "2018-02-05T16:42:00.803Z"
                },
                "type": "SCRUB",
                "source": "data:drag",
                "_t": "09:39:59",
                "_end": "09:42:00",
                "data": {
                    "time": 174.442719
                }
            },
            {
                "time": {
                    "start": "2018-02-05T16:39:59.371Z",
                    "end": "2018-02-05T16:42:01.316Z"
                },
                "type": "SCRUB",
                "source": "data:drag",
                "_t": "09:39:59",
                "_end": "09:42:01",
                "data": {
                    "time": 176.195145
                }
            },
            {
                "time": {
                    "start": "2018-02-05T16:39:59.371Z",
                    "end": "2018-02-05T16:42:02.135Z"
                },
                "type": "SCRUB",
                "source": "data:drag",
                "_t": "09:39:59",
                "_end": "09:42:02",
                "data": {
                    "time": 177.816555
                }
            },
            {
                "time": {
                    "start": "2018-02-05T16:39:59.371Z",
                    "end": "2018-02-05T16:42:02.777Z"
                },
                "type": "SCRUB",
                "source": "data:drag",
                "_t": "09:39:59",
                "_end": "09:42:02",
                "data": {
                    "time": 180.825986
                }
            },
            {
                "time": {
                    "start": "2018-02-05T16:39:59.371Z",
                    "end": "2018-02-05T16:42:03.586Z"
                },
                "type": "SCRUB",
                "source": "data:drag",
                "_t": "09:39:59",
                "_end": "09:42:03",
                "data": {
                    "time": 181.295346
                }
            },
            {
                "time": {
                    "start": "2018-02-05T16:39:59.371Z",
                    "end": "2018-02-05T16:42:04.436Z"
                },
                "type": "SCRUB",
                "source": "data:drag",
                "_t": "09:39:59",
                "_end": "09:42:04",
                "data": {
                    "time": 182.161432
                }
            },
            {
                "time": {
                    "start": "2018-02-05T16:39:59.371Z",
                    "end": "2018-02-05T16:42:05.130Z"
                },
                "type": "SCRUB",
                "source": "data:drag",
                "_t": "09:39:59",
                "_end": "09:42:05",
                "data": {
                    "time": 184.687697
                }
            },
            {
                "time": {
                    "start": "2018-02-05T16:39:59.371Z",
                    "end": "2018-02-05T16:42:05.978Z"
                },
                "type": "SCRUB",
                "source": "data:drag",
                "_t": "09:39:59",
                "_end": "09:42:05",
                "data": {
                    "time": 187.428706
                }
            },
            {
                "time": {
                    "start": "2018-02-05T16:39:59.371Z",
                    "end": "2018-02-05T16:42:06.674Z"
                },
                "type": "SCRUB",
                "source": "data:drag",
                "_t": "09:39:59",
                "_end": "09:42:06",
                "data": {
                    "time": 189.84346
                }
            },
            {
                "time": {
                    "start": "2018-02-05T16:39:59.371Z",
                    "end": "2018-02-05T16:42:07.362Z"
                },
                "type": "SCRUB",
                "source": "data:drag",
                "_t": "09:39:59",
                "_end": "09:42:07",
                "data": {
                    "time": 192.036858
                }
            },
            {
                "time": {
                    "start": "2018-02-05T16:39:59.371Z",
                    "end": "2018-02-05T16:42:08.133Z"
                },
                "type": "SCRUB",
                "source": "data:drag",
                "_t": "09:39:59",
                "_end": "09:42:08",
                "data": {
                    "time": 194.103617
                }
            },
            {
                "time": {
                    "start": "2018-02-05T16:39:59.371Z",
                    "end": "2018-02-05T16:42:08.750Z"
                },
                "type": "SCRUB",
                "source": "data:drag",
                "_t": "09:39:59",
                "_end": "09:42:08",
                "data": {
                    "time": 197.251095
                }
            },
            {
                "time": {
                    "start": "2018-02-05T16:39:59.371Z",
                    "end": "2018-02-05T16:42:09.874Z"
                },
                "type": "SCRUB",
                "source": "data:drag",
                "_t": "09:39:59",
                "_end": "09:42:09",
                "data": {
                    "time": 198.78342
                }
            },
            {
                "time": {
                    "start": "2018-02-05T16:39:59.371Z",
                    "end": "2018-02-05T16:42:10.596Z"
                },
                "type": "SCRUB",
                "source": "data:drag",
                "_t": "09:39:59",
                "_end": "09:42:10",
                "data": {
                    "time": 201.199536
                }
            },
            {
                "time": {
                    "start": "2018-02-05T16:39:59.371Z",
                    "end": "2018-02-05T16:42:11.318Z"
                },
                "type": "SCRUB",
                "source": "data:drag",
                "_t": "09:39:59",
                "_end": "09:42:11",
                "data": {
                    "time": 204.084724
                }
            },
            {
                "time": {
                    "start": "2018-02-05T16:39:59.371Z",
                    "end": "2018-02-05T16:42:11.910Z"
                },
                "type": "SCRUB",
                "source": "data:drag",
                "_t": "09:39:59",
                "_end": "09:42:11",
                "data": {
                    "time": 205.182726
                }
            },
            {
                "time": {
                    "start": "2018-02-05T16:39:59.371Z",
                    "end": "2018-02-05T16:42:12.457Z"
                },
                "type": "SCRUB",
                "source": "data:drag",
                "_t": "09:39:59",
                "_end": "09:42:12",
                "data": {
                    "time": 207.971281
                }
            },
            {
                "time": {
                    "start": "2018-02-05T16:39:59.371Z",
                    "end": "2018-02-05T16:42:13.076Z"
                },
                "type": "SCRUB",
                "source": "data:drag",
                "_t": "09:39:59",
                "_end": "09:42:13",
                "data": {
                    "time": 210.704617
                }
            },
            {
                "time": {
                    "start": "2018-02-05T16:39:59.371Z",
                    "end": "2018-02-05T16:42:13.716Z"
                },
                "type": "SCRUB",
                "source": "data:drag",
                "_t": "09:39:59",
                "_end": "09:42:13",
                "data": {
                    "time": 212.706303
                }
            },
            {
                "time": {
                    "start": "2018-02-05T16:39:59.371Z",
                    "end": "2018-02-05T16:42:14.402Z"
                },
                "type": "SCRUB",
                "source": "data:drag",
                "_t": "09:39:59",
                "_end": "09:42:14",
                "data": {
                    "time": 215.749918
                }
            },
            {
                "time": {
                    "start": "2018-02-05T16:39:59.371Z",
                    "end": "2018-02-05T16:42:15.003Z"
                },
                "type": "SCRUB",
                "source": "data:drag",
                "_t": "09:39:59",
                "_end": "09:42:15",
                "data": {
                    "time": 219.090662
                }
            },
            {
                "time": {
                    "start": "2018-02-05T16:39:59.371Z",
                    "end": "2018-02-05T16:42:15.654Z"
                },
                "type": "SCRUB",
                "source": "data:drag",
                "_t": "09:39:59",
                "_end": "09:42:15",
                "data": {
                    "time": 221.175176
                }
            },
            {
                "time": {
                    "start": "2018-02-05T16:39:59.371Z",
                    "end": "2018-02-05T16:42:16.173Z"
                },
                "type": "SCRUB",
                "source": "data:drag",
                "_t": "09:39:59",
                "_end": "09:42:16",
                "data": {
                    "time": 224.28124
                }
            },
            {
                "time": {
                    "start": "2018-02-05T16:39:59.371Z",
                    "end": "2018-02-05T16:42:16.811Z"
                },
                "type": "SCRUB",
                "source": "data:drag",
                "_t": "09:39:59",
                "_end": "09:42:16",
                "data": {
                    "time": 226.407168
                }
            },
            {
                "time": {
                    "start": "2018-02-05T16:39:59.371Z",
                    "end": "2018-02-05T16:42:17.411Z"
                },
                "type": "SCRUB",
                "source": "data:drag",
                "_t": "09:39:59",
                "_end": "09:42:17",
                "data": {
                    "time": 228.270806
                }
            },
            {
                "time": {
                    "start": "2018-02-05T16:39:59.371Z",
                    "end": "2018-02-05T16:42:18.099Z"
                },
                "type": "SCRUB",
                "source": "data:drag",
                "_t": "09:39:59",
                "_end": "09:42:18",
                "data": {
                    "time": 230.990338
                }
            },
            {
                "time": {
                    "start": "2018-02-05T16:39:59.371Z",
                    "end": "2018-02-05T16:42:18.676Z"
                },
                "type": "SCRUB",
                "source": "data:drag",
                "_t": "09:39:59",
                "_end": "09:42:18",
                "data": {
                    "time": 233.328739
                }
            },
            {
                "time": {
                    "start": "2018-02-05T16:39:59.371Z",
                    "end": "2018-02-05T16:42:19.187Z"
                },
                "type": "SCRUB",
                "source": "data:drag",
                "_t": "09:39:59",
                "_end": "09:42:19",
                "data": {
                    "time": 236.144904
                }
            },
            {
                "time": {
                    "start": "2018-02-05T16:39:59.371Z",
                    "end": "2018-02-05T16:42:19.770Z"
                },
                "type": "SCRUB",
                "source": "data:drag",
                "_t": "09:39:59",
                "_end": "09:42:19",
                "data": {
                    "time": 239.14053
                }
            },
            {
                "time": {
                    "start": "2018-02-05T16:39:59.371Z",
                    "end": "2018-02-05T16:42:20.418Z"
                },
                "type": "SCRUB",
                "source": "data:drag",
                "_t": "09:39:59",
                "_end": "09:42:20",
                "data": {
                    "time": 241.597772
                }
            },
            {
                "time": {
                    "start": "2018-02-05T16:39:59.371Z",
                    "end": "2018-02-05T16:42:20.918Z"
                },
                "type": "SCRUB",
                "source": "data:drag",
                "_t": "09:39:59",
                "_end": "09:42:20",
                "data": {
                    "time": 244.110233
                }
            },
            {
                "time": {
                    "start": "2018-02-05T16:39:59.371Z",
                    "end": "2018-02-05T16:42:21.502Z"
                },
                "type": "SCRUB",
                "source": "data:drag",
                "_t": "09:39:59",
                "_end": "09:42:21",
                "data": {
                    "time": 247.464782
                }
            },
            {
                "time": {
                    "start": "2018-02-05T16:39:59.371Z",
                    "end": "2018-02-05T16:42:22.252Z"
                },
                "type": "SCRUB",
                "source": "data:drag",
                "_t": "09:39:59",
                "_end": "09:42:22",
                "data": {
                    "time": 249.963438
                }
            },
            {
                "time": {
                    "start": "2018-02-05T16:39:59.371Z",
                    "end": "2018-02-05T16:42:23.168Z"
                },
                "type": "SCRUB",
                "source": "data:drag",
                "_t": "09:39:59",
                "_end": "09:42:23",
                "data": {
                    "time": 252.359334
                }
            },
            {
                "time": {
                    "start": "2018-02-05T16:39:59.371Z",
                    "end": "2018-02-05T16:42:23.746Z"
                },
                "type": "SCRUB",
                "source": "data:drag",
                "_t": "09:39:59",
                "_end": "09:42:23",
                "data": {
                    "time": 254.126339
                }
            },
            {
                "time": {
                    "start": "2018-02-05T16:39:59.371Z",
                    "end": "2018-02-05T16:42:24.370Z"
                },
                "type": "SCRUB",
                "source": "data:drag",
                "_t": "09:39:59",
                "_end": "09:42:24",
                "data": {
                    "time": 256.26714
                }
            },
            {
                "time": {
                    "start": "2018-02-05T16:39:59.371Z",
                    "end": "2018-02-05T16:42:25.018Z"
                },
                "type": "SCRUB",
                "source": "data:drag",
                "_t": "09:39:59",
                "_end": "09:42:25",
                "data": {
                    "time": 258.061754
                }
            },
            {
                "time": {
                    "start": "2018-02-05T16:39:59.371Z",
                    "end": "2018-02-05T16:42:25.686Z"
                },
                "type": "SCRUB",
                "source": "data:drag",
                "_t": "09:39:59",
                "_end": "09:42:25",
                "data": {
                    "time": 260.091049
                }
            },
            {
                "time": {
                    "start": "2018-02-05T16:39:59.371Z",
                    "end": "2018-02-05T16:42:26.212Z"
                },
                "type": "SCRUB",
                "source": "data:drag",
                "_t": "09:39:59",
                "_end": "09:42:26",
                "data": {
                    "time": 261.609569
                }
            },
            {
                "time": {
                    "start": "2018-02-05T16:39:59.371Z",
                    "end": "2018-02-05T16:42:27.947Z"
                },
                "type": "SCRUB",
                "source": "data:drag",
                "_t": "09:39:59",
                "_end": "09:42:27",
                "data": {
                    "time": 261.226729
                }
            },
            {
                "time": "2018-02-05T16:42:28.579Z",
                "type": "PAUSE",
                "source": "hotkey",
                "_t": "09:42:28",
                "_end": "-",
                "data": {
                    "key": "space"
                }
            },
            {
                "time": "2018-02-05T16:42:31.795Z",
                "type": "PLAY",
                "source": "hotkey",
                "_t": "09:42:31",
                "_end": "-",
                "data": {
                    "key": "space"
                }
            },
            {
                "time": "2018-02-05T16:42:35.219Z",
                "type": "PAUSE",
                "source": "hotkey",
                "_t": "09:42:35",
                "_end": "-",
                "data": {
                    "key": "space"
                }
            },
            {
                "time": "2018-02-05T16:42:36.548Z",
                "type": "PLAY",
                "source": "hotkey",
                "_t": "09:42:36",
                "_end": "-",
                "data": {
                    "key": "space"
                }
            },
            {
                "time": "2018-02-05T16:42:36.837Z",
                "type": "PAUSE",
                "source": "hotkey",
                "_t": "09:42:36",
                "_end": "-",
                "data": {
                    "key": "space"
                }
            },
            {
                "time": "2018-02-05T16:42:37.604Z",
                "type": "PLAY",
                "source": "hotkey",
                "_t": "09:42:37",
                "_end": "-",
                "data": {
                    "key": "space"
                }
            },
            {
                "time": "2018-02-05T16:42:38.292Z",
                "type": "PAUSE",
                "source": "hotkey",
                "_t": "09:42:38",
                "_end": "-",
                "data": {
                    "key": "space"
                }
            },
            {
                "time": {
                    "start": "2018-02-05T16:39:59.371Z",
                    "end": "2018-02-05T16:42:40.491Z"
                },
                "type": "SCRUB",
                "source": "data:drag",
                "_t": "09:39:59",
                "_end": "09:42:40",
                "data": {
                    "time": 266.25886
                }
            },
            {
                "time": {
                    "start": "2018-02-05T16:39:59.371Z",
                    "end": "2018-02-05T16:42:41.475Z"
                },
                "type": "SCRUB",
                "source": "data:drag",
                "_t": "09:39:59",
                "_end": "09:42:41",
                "data": {
                    "time": 266.25886
                }
            },
            {
                "time": {
                    "start": "2018-02-05T16:39:59.371Z",
                    "end": "2018-02-05T16:42:41.612Z"
                },
                "type": "SCRUB",
                "source": "data:drag",
                "_t": "09:39:59",
                "_end": "09:42:41",
                "data": {
                    "time": 266.25886
                }
            },
            {
                "time": "2018-02-05T16:42:41.616Z",
                "type": "JUMP",
                "source": "data:dblclick:h_pos",
                "_t": "09:42:41",
                "_end": "-",
                "data": {
                    "from": 266.25886,
                    "to": 265.72737784643505
                }
            },
            {
                "time": {
                    "start": "2018-02-05T16:39:59.371Z",
                    "end": "2018-02-05T16:42:44.370Z"
                },
                "type": "SCRUB",
                "source": "data:drag",
                "_t": "09:39:59",
                "_end": "09:42:44",
                "data": {
                    "time": 265.119968
                }
            },
            {
                "time": "2018-02-05T16:42:44.500Z",
                "type": "PLAY",
                "source": "hotkey",
                "_t": "09:42:44",
                "_end": "-",
                "data": {
                    "key": "space"
                }
            },
            {
                "time": "2018-02-05T16:42:45.043Z",
                "type": "PAUSE",
                "source": "hotkey",
                "_t": "09:42:45",
                "_end": "-",
                "data": {
                    "key": "space"
                }
            },
            {
                "time": {
                    "start": "2018-02-05T16:39:59.371Z",
                    "end": "2018-02-05T16:42:46.228Z"
                },
                "type": "SCRUB",
                "source": "data:drag",
                "_t": "09:39:59",
                "_end": "09:42:46",
                "data": {
                    "time": 265.601219
                }
            },
            {
                "time": {
                    "start": "2018-02-05T16:39:59.371Z",
                    "end": "2018-02-05T16:42:48.940Z"
                },
                "type": "SCRUB",
                "source": "data:drag",
                "_t": "09:39:59",
                "_end": "09:42:48",
                "data": {
                    "time": 265.601219
                }
            },
            {
                "time": {
                    "start": "2018-02-05T16:39:59.371Z",
                    "end": "2018-02-05T16:42:49.295Z"
                },
                "type": "SCRUB",
                "source": "data:drag",
                "_t": "09:39:59",
                "_end": "09:42:49",
                "data": {
                    "time": 265.601219
                }
            },
            {
                "time": {
                    "start": "2018-02-05T16:39:59.371Z",
                    "end": "2018-02-05T16:42:50.011Z"
                },
                "type": "SCRUB",
                "source": "data:drag",
                "_t": "09:39:59",
                "_end": "09:42:50",
                "data": {
                    "time": 268.638259
                }
            },
            {
                "time": "2018-02-05T16:42:50.436Z",
                "type": "PLAY",
                "source": "hotkey",
                "_t": "09:42:50",
                "_end": "-",
                "data": {
                    "key": "space"
                }
            },
            {
                "time": {
                    "start": "2018-02-05T16:39:59.371Z",
                    "end": "2018-02-05T16:42:51.020Z"
                },
                "type": "SCRUB",
                "source": "data:drag",
                "_t": "09:39:59",
                "_end": "09:42:51",
                "data": {
                    "time": 271.640872
                }
            },
            {
                "time": {
                    "start": "2018-02-05T16:39:59.371Z",
                    "end": "2018-02-05T16:42:51.567Z"
                },
                "type": "SCRUB",
                "source": "data:drag",
                "_t": "09:39:59",
                "_end": "09:42:51",
                "data": {
                    "time": 273.711581
                }
            },
            {
                "time": {
                    "start": "2018-02-05T16:39:59.371Z",
                    "end": "2018-02-05T16:42:52.075Z"
                },
                "type": "SCRUB",
                "source": "data:drag",
                "_t": "09:39:59",
                "_end": "09:42:52",
                "data": {
                    "time": 276.928083
                }
            },
            {
                "time": {
                    "start": "2018-02-05T16:39:59.371Z",
                    "end": "2018-02-05T16:42:52.693Z"
                },
                "type": "SCRUB",
                "source": "data:drag",
                "_t": "09:39:59",
                "_end": "09:42:52",
                "data": {
                    "time": 278.501822
                }
            },
            {
                "time": {
                    "start": "2018-02-05T16:39:59.371Z",
                    "end": "2018-02-05T16:42:53.302Z"
                },
                "type": "SCRUB",
                "source": "data:drag",
                "_t": "09:39:59",
                "_end": "09:42:53",
                "data": {
                    "time": 279.730443
                }
            },
            {
                "time": {
                    "start": "2018-02-05T16:39:59.371Z",
                    "end": "2018-02-05T16:42:54.163Z"
                },
                "type": "SCRUB",
                "source": "data:drag",
                "_t": "09:39:59",
                "_end": "09:42:54",
                "data": {
                    "time": 278.788651
                }
            },
            {
                "time": {
                    "start": "2018-02-05T16:39:59.371Z",
                    "end": "2018-02-05T16:42:54.757Z"
                },
                "type": "SCRUB",
                "source": "data:drag",
                "_t": "09:39:59",
                "_end": "09:42:54",
                "data": {
                    "time": 277.656663
                }
            },
            {
                "time": "2018-02-05T16:42:57.220Z",
                "type": "PAUSE",
                "source": "hotkey",
                "_t": "09:42:57",
                "_end": "-",
                "data": {
                    "key": "space"
                }
            },
            {
                "time": "2018-02-05T16:42:58.484Z",
                "type": "PLAY",
                "source": "hotkey",
                "_t": "09:42:58",
                "_end": "-",
                "data": {
                    "key": "space"
                }
            },
            {
                "time": "2018-02-05T16:43:05.539Z",
                "type": "PAUSE",
                "source": "hotkey",
                "_t": "09:43:05",
                "_end": "-",
                "data": {
                    "key": "space"
                }
            },
            {
                "time": "2018-02-05T16:43:06.068Z",
                "type": "PLAY",
                "source": "hotkey",
                "_t": "09:43:06",
                "_end": "-",
                "data": {
                    "key": "space"
                }
            },
            {
                "time": "2018-02-05T16:43:06.452Z",
                "type": "PAUSE",
                "source": "hotkey",
                "_t": "09:43:06",
                "_end": "-",
                "data": {
                    "key": "space"
                }
            },
            {
                "time": "2018-02-05T16:43:07.060Z",
                "type": "PLAY",
                "source": "hotkey",
                "_t": "09:43:07",
                "_end": "-",
                "data": {
                    "key": "space"
                }
            },
            {
                "time": "2018-02-05T16:43:07.252Z",
                "type": "PAUSE",
                "source": "hotkey",
                "_t": "09:43:07",
                "_end": "-",
                "data": {
                    "key": "space"
                }
            },
            {
                "time": "2018-02-05T16:43:07.891Z",
                "type": "PLAY",
                "source": "hotkey",
                "_t": "09:43:07",
                "_end": "-",
                "data": {
                    "key": "space"
                }
            },
            {
                "time": "2018-02-05T16:43:08.196Z",
                "type": "PAUSE",
                "source": "hotkey",
                "_t": "09:43:08",
                "_end": "-",
                "data": {
                    "key": "space"
                }
            },
            {
                "time": {
                    "start": "2018-02-05T16:39:59.371Z",
                    "end": "2018-02-05T16:43:10.148Z"
                },
                "type": "SCRUB",
                "source": "data:drag",
                "_t": "09:39:59",
                "_end": "09:43:10",
                "data": {
                    "time": 287.473297
                }
            },
            {
                "time": {
                    "start": "2018-02-05T16:39:59.371Z",
                    "end": "2018-02-05T16:43:10.762Z"
                },
                "type": "SCRUB",
                "source": "data:drag",
                "_t": "09:39:59",
                "_end": "09:43:10",
                "data": {
                    "time": 291.752763
                }
            },
            {
                "time": {
                    "start": "2018-02-05T16:39:59.371Z",
                    "end": "2018-02-05T16:43:11.229Z"
                },
                "type": "SCRUB",
                "source": "data:drag",
                "_t": "09:39:59",
                "_end": "09:43:11",
                "data": {
                    "time": 295.383407
                }
            },
            {
                "time": {
                    "start": "2018-02-05T16:39:59.371Z",
                    "end": "2018-02-05T16:43:11.813Z"
                },
                "type": "SCRUB",
                "source": "data:drag",
                "_t": "09:39:59",
                "_end": "09:43:11",
                "data": {
                    "time": 298.696542
                }
            },
            {
                "time": {
                    "start": "2018-02-05T16:39:59.371Z",
                    "end": "2018-02-05T16:43:12.527Z"
                },
                "type": "SCRUB",
                "source": "data:drag",
                "_t": "09:39:59",
                "_end": "09:43:12",
                "data": {
                    "time": 301.402269
                }
            },
            {
                "time": {
                    "start": "2018-02-05T16:39:59.371Z",
                    "end": "2018-02-05T16:43:13.227Z"
                },
                "type": "SCRUB",
                "source": "data:drag",
                "_t": "09:39:59",
                "_end": "09:43:13",
                "data": {
                    "time": 303.762878
                }
            },
            {
                "time": {
                    "start": "2018-02-05T16:39:59.371Z",
                    "end": "2018-02-05T16:43:14.111Z"
                },
                "type": "SCRUB",
                "source": "data:drag",
                "_t": "09:39:59",
                "_end": "09:43:14",
                "data": {
                    "time": 304.232238
                }
            }
        ]
    }
}