{
    "user_id": "001",
    "session_id": "59e5220f227e0c69a024560f",
    "study": "studyB",
    "workspace": "newrun.run-pink",
    "details": {
        "workspace": "newrun.run-pink",
        "labels": [
            {
                "time": 63.324334,
                "endTime": 73.94382107079267,
                "type": "skip",
                "id": 1
            },
            {
                "time": 138.339738,
                "endTime": 142.76678759728748,
                "type": "run",
                "id": 2
            },
            {
                "time": 276.311589,
                "endTime": 288.1804274908765,
                "type": "skip",
                "id": 3
            },
            {
                "time": 344.53704,
                "endTime": 349.127048478165,
                "type": "run",
                "id": 4
            },
            {
                "time": 420.964755,
                "endTime": 433.91998603011075,
                "type": "skip",
                "id": 5
            },
            {
                "time": 472.731359,
                "endTime": 477.7016048668887,
                "type": "run",
                "id": 6
            },
            {
                "time": 547.366526,
                "endTime": 560.2674374031267,
                "type": "skip",
                "id": 7
            },
            {
                "time": 596.417149,
                "endTime": 608.5032659987405,
                "type": "skip",
                "id": 8
            }
        ],
        "_starts": [
            "2017-10-23T23:46:43.000Z"
        ],
        "_ends": [
            "2017-10-23T23:48:19.136Z"
        ]
    },
    "labels_file": "/home/ubuntu/vat/data/user-studies/studyB/run-pink/001.labels.json",
    "videoFlash": 3.300376,
    "surveys": {
        "user-info": {
            "firstname": "Chace",
            "lastname": "Ashcraft",
            "email": "cc.ash.math@gmail.com"
        },
        "practice-first": {
            "question1": "2",
            "question2": "ok",
            "question3": "20",
            "question4": "0"
        },
        "practice-second": {},
        "practice-third": {},
        "practice-survey": {},
        "run-blue": {
            "question1": "2",
            "question2": "-1",
            "question3": "40",
            "question4": "90"
        },
        "run-yellow": {
            "question1": "-2",
            "question2": "0",
            "question3": "30",
            "question4": "90"
        },
        "run-red": {
            "question1": "1",
            "question2": "1",
            "question3": "100",
            "question4": "100"
        },
        "run-survey": {
            "question1": "2",
            "question2": "-1",
            "question3": "2",
            "question4": "1"
        },
        "pill-blue": {
            "question1": "2",
            "question2": "1",
            "question3": "100",
            "question4": "90"
        },
        "pill-red": {
            "question1": "-2",
            "question2": "1",
            "question3": "30",
            "question4": "100"
        },
        "pill-orange": {
            "question1": "1",
            "question2": "0",
            "question3": "100",
            "question4": "100"
        },
        "pills-survey": {
            "question1": "2",
            "question2": "-1",
            "question3": "2",
            "question4": "1"
        }
    },
    "logs": {
        "labelEvents": [
            {
                "time": "2017-10-23T23:47:29.566Z",
                "type": "START",
                "source": "hotkey",
                "_t": "17:47:29",
                "_end": "-",
                "data": {
                    "type": "skip",
                    "time": 63.324334
                }
            },
            {
                "time": "2017-10-23T23:47:31.032Z",
                "type": "END",
                "source": "data:click:h_pos",
                "_t": "17:47:31",
                "_end": "-",
                "data": {
                    "lbl": {
                        "time": 63.324334,
                        "endTime": 73.94382107079267,
                        "type": "skip",
                        "id": 1
                    }
                }
            },
            {
                "time": "2017-10-23T23:47:35.662Z",
                "type": "START",
                "source": "hotkey",
                "_t": "17:47:35",
                "_end": "-",
                "data": {
                    "type": "run",
                    "time": 138.339738
                }
            },
            {
                "time": "2017-10-23T23:47:36.983Z",
                "type": "END",
                "source": "data:click:h_pos",
                "_t": "17:47:36",
                "_end": "-",
                "data": {
                    "lbl": {
                        "time": 138.339738,
                        "endTime": 142.76678759728748,
                        "type": "run",
                        "id": 2
                    }
                }
            },
            {
                "time": "2017-10-23T23:47:42.676Z",
                "type": "START",
                "source": "hotkey",
                "_t": "17:47:42",
                "_end": "-",
                "data": {
                    "type": "skip",
                    "time": 276.311589
                }
            },
            {
                "time": "2017-10-23T23:47:45.760Z",
                "type": "END",
                "source": "data:click:h_pos",
                "_t": "17:47:45",
                "_end": "-",
                "data": {
                    "lbl": {
                        "time": 276.311589,
                        "endTime": 288.1804274908765,
                        "type": "skip",
                        "id": 3
                    }
                }
            },
            {
                "time": "2017-10-23T23:47:51.460Z",
                "type": "START",
                "source": "hotkey",
                "_t": "17:47:51",
                "_end": "-",
                "data": {
                    "type": "run",
                    "time": 344.53704
                }
            },
            {
                "time": "2017-10-23T23:47:53.352Z",
                "type": "END",
                "source": "data:click:h_pos",
                "_t": "17:47:53",
                "_end": "-",
                "data": {
                    "lbl": {
                        "time": 344.53704,
                        "endTime": 349.127048478165,
                        "type": "run",
                        "id": 4
                    }
                }
            },
            {
                "time": "2017-10-23T23:47:59.191Z",
                "type": "START",
                "source": "hotkey",
                "_t": "17:47:59",
                "_end": "-",
                "data": {
                    "type": "skip",
                    "time": 420.964755
                }
            },
            {
                "time": "2017-10-23T23:48:00.440Z",
                "type": "END",
                "source": "data:click:h_pos",
                "_t": "17:48:00",
                "_end": "-",
                "data": {
                    "lbl": {
                        "time": 420.964755,
                        "endTime": 433.91998603011075,
                        "type": "skip",
                        "id": 5
                    }
                }
            },
            {
                "time": "2017-10-23T23:48:04.687Z",
                "type": "START",
                "source": "hotkey",
                "_t": "17:48:04",
                "_end": "-",
                "data": {
                    "type": "run",
                    "time": 472.731359
                }
            },
            {
                "time": "2017-10-23T23:48:06.360Z",
                "type": "END",
                "source": "data:click:h_pos",
                "_t": "17:48:06",
                "_end": "-",
                "data": {
                    "lbl": {
                        "time": 472.731359,
                        "endTime": 477.7016048668887,
                        "type": "run",
                        "id": 6
                    }
                }
            },
            {
                "time": "2017-10-23T23:48:09.908Z",
                "type": "START",
                "source": "hotkey",
                "_t": "17:48:09",
                "_end": "-",
                "data": {
                    "type": "skip",
                    "time": 547.366526
                }
            },
            {
                "time": "2017-10-23T23:48:11.257Z",
                "type": "END",
                "source": "data:click:h_pos",
                "_t": "17:48:11",
                "_end": "-",
                "data": {
                    "lbl": {
                        "time": 547.366526,
                        "endTime": 560.2674374031267,
                        "type": "skip",
                        "id": 7
                    }
                }
            },
            {
                "time": "2017-10-23T23:48:15.284Z",
                "type": "START",
                "source": "hotkey",
                "_t": "17:48:15",
                "_end": "-",
                "data": {
                    "type": "skip",
                    "time": 596.417149
                }
            },
            {
                "time": "2017-10-23T23:48:17.513Z",
                "type": "END",
                "source": "data:click:h_pos",
                "_t": "17:48:17",
                "_end": "-",
                "data": {
                    "lbl": {
                        "time": 596.417149,
                        "endTime": 608.5032659987405,
                        "type": "skip",
                        "id": 8
                    }
                }
            }
        ],
        "navigationEvents": [
            {
                "time": {
                    "start": "2017-10-23T23:47:08.585Z",
                    "end": "2017-10-23T23:47:09.229Z"
                },
                "type": "SCRUB",
                "source": "video:drag",
                "_t": "17:47:08",
                "_end": "17:47:09",
                "data": {
                    "to": 33.576202,
                    "from": 10.886775
                }
            },
            {
                "time": {
                    "start": "2017-10-23T23:47:10.025Z",
                    "end": "2017-10-23T23:47:10.548Z"
                },
                "type": "SCRUB",
                "source": "video:drag",
                "_t": "17:47:10",
                "_end": "17:47:10",
                "data": {
                    "to": 67.152405,
                    "from": 34.29427
                }
            },
            {
                "time": {
                    "start": "2017-10-23T23:47:11.945Z",
                    "end": "2017-10-23T23:47:12.693Z"
                },
                "type": "SCRUB",
                "source": "video:drag",
                "_t": "17:47:11",
                "_end": "17:47:12",
                "data": {
                    "to": 120.544072,
                    "from": 68.322424
                }
            },
            {
                "time": {
                    "start": "2017-10-23T23:47:13.990Z",
                    "end": "2017-10-23T23:47:15.436Z"
                },
                "type": "SCRUB",
                "source": "video:drag",
                "_t": "17:47:13",
                "_end": "17:47:15",
                "data": {
                    "to": 6.054725,
                    "from": 121.738679
                }
            },
            {
                "time": {
                    "start": "2017-10-23T23:46:43.915Z",
                    "end": "2017-10-23T23:47:18.094Z"
                },
                "type": "SCRUB",
                "source": "data:drag",
                "_t": "17:46:43",
                "_end": "17:47:18",
                "data": {
                    "time": 33.889033
                }
            },
            {
                "time": {
                    "start": "2017-10-23T23:46:43.915Z",
                    "end": "2017-10-23T23:47:19.121Z"
                },
                "type": "SCRUB",
                "source": "data:drag",
                "_t": "17:46:43",
                "_end": "17:47:19",
                "data": {
                    "time": 45.852038
                }
            },
            {
                "time": "2017-10-23T23:47:20.502Z",
                "type": "PAUSE",
                "source": "video:button",
                "_t": "17:47:20",
                "_end": "-"
            },
            {
                "time": {
                    "start": "2017-10-23T23:46:43.915Z",
                    "end": "2017-10-23T23:47:23.310Z"
                },
                "type": "SCRUB",
                "source": "data:drag",
                "_t": "17:46:43",
                "_end": "17:47:23",
                "data": {
                    "time": 63.324335
                }
            },
            {
                "time": {
                    "start": "2017-10-23T23:46:43.915Z",
                    "end": "2017-10-23T23:47:28.413Z"
                },
                "type": "SCRUB",
                "source": "data:drag",
                "_t": "17:46:43",
                "_end": "17:47:28",
                "data": {
                    "time": 63.324334
                }
            },
            {
                "time": {
                    "start": "2017-10-23T23:46:43.915Z",
                    "end": "2017-10-23T23:47:31.030Z"
                },
                "type": "SCRUB",
                "source": "data:drag",
                "_t": "17:46:43",
                "_end": "17:47:31",
                "data": {
                    "time": 63.324334
                }
            },
            {
                "time": {
                    "start": "2017-10-23T23:46:43.915Z",
                    "end": "2017-10-23T23:47:34.662Z"
                },
                "type": "SCRUB",
                "source": "data:drag",
                "_t": "17:46:43",
                "_end": "17:47:34",
                "data": {
                    "time": 138.339738
                }
            },
            {
                "time": {
                    "start": "2017-10-23T23:46:43.915Z",
                    "end": "2017-10-23T23:47:36.981Z"
                },
                "type": "SCRUB",
                "source": "data:drag",
                "_t": "17:46:43",
                "_end": "17:47:36",
                "data": {
                    "time": 138.339738
                }
            },
            {
                "time": {
                    "start": "2017-10-23T23:46:43.915Z",
                    "end": "2017-10-23T23:47:38.200Z"
                },
                "type": "SCRUB",
                "source": "data:drag",
                "_t": "17:46:43",
                "_end": "17:47:38",
                "data": {
                    "time": 210.639161
                }
            },
            {
                "time": {
                    "start": "2017-10-23T23:46:43.915Z",
                    "end": "2017-10-23T23:47:41.934Z"
                },
                "type": "SCRUB",
                "source": "data:drag",
                "_t": "17:46:43",
                "_end": "17:47:41",
                "data": {
                    "time": 276.311589
                }
            },
            {
                "time": {
                    "start": "2017-10-23T23:46:43.915Z",
                    "end": "2017-10-23T23:47:45.757Z"
                },
                "type": "SCRUB",
                "source": "data:drag",
                "_t": "17:46:43",
                "_end": "17:47:45",
                "data": {
                    "time": 276.311589
                }
            },
            {
                "time": {
                    "start": "2017-10-23T23:46:43.915Z",
                    "end": "2017-10-23T23:47:50.598Z"
                },
                "type": "SCRUB",
                "source": "data:drag",
                "_t": "17:46:43",
                "_end": "17:47:50",
                "data": {
                    "time": 344.53704
                }
            },
            {
                "time": {
                    "start": "2017-10-23T23:46:43.915Z",
                    "end": "2017-10-23T23:47:53.350Z"
                },
                "type": "SCRUB",
                "source": "data:drag",
                "_t": "17:46:43",
                "_end": "17:47:53",
                "data": {
                    "time": 344.53704
                }
            },
            {
                "time": {
                    "start": "2017-10-23T23:46:43.915Z",
                    "end": "2017-10-23T23:47:57.742Z"
                },
                "type": "SCRUB",
                "source": "data:drag",
                "_t": "17:46:43",
                "_end": "17:47:57",
                "data": {
                    "time": 420.964755
                }
            },
            {
                "time": {
                    "start": "2017-10-23T23:46:43.915Z",
                    "end": "2017-10-23T23:48:00.438Z"
                },
                "type": "SCRUB",
                "source": "data:drag",
                "_t": "17:46:43",
                "_end": "17:48:00",
                "data": {
                    "time": 420.964755
                }
            },
            {
                "time": {
                    "start": "2017-10-23T23:46:43.915Z",
                    "end": "2017-10-23T23:48:03.334Z"
                },
                "type": "SCRUB",
                "source": "data:drag",
                "_t": "17:46:43",
                "_end": "17:48:03",
                "data": {
                    "time": 472.731359
                }
            },
            {
                "time": {
                    "start": "2017-10-23T23:46:43.915Z",
                    "end": "2017-10-23T23:48:06.358Z"
                },
                "type": "SCRUB",
                "source": "data:drag",
                "_t": "17:46:43",
                "_end": "17:48:06",
                "data": {
                    "time": 472.731359
                }
            },
            {
                "time": {
                    "start": "2017-10-23T23:46:43.915Z",
                    "end": "2017-10-23T23:48:09.246Z"
                },
                "type": "SCRUB",
                "source": "data:drag",
                "_t": "17:46:43",
                "_end": "17:48:09",
                "data": {
                    "time": 547.366526
                }
            },
            {
                "time": {
                    "start": "2017-10-23T23:46:43.915Z",
                    "end": "2017-10-23T23:48:11.254Z"
                },
                "type": "SCRUB",
                "source": "data:drag",
                "_t": "17:46:43",
                "_end": "17:48:11",
                "data": {
                    "time": 547.366526
                }
            },
            {
                "time": {
                    "start": "2017-10-23T23:46:43.915Z",
                    "end": "2017-10-23T23:48:14.966Z"
                },
                "type": "SCRUB",
                "source": "data:drag",
                "_t": "17:46:43",
                "_end": "17:48:14",
                "data": {
                    "time": 596.417149
                }
            },
            {
                "time": {
                    "start": "2017-10-23T23:46:43.915Z",
                    "end": "2017-10-23T23:48:17.510Z"
                },
                "type": "SCRUB",
                "source": "data:drag",
                "_t": "17:46:43",
                "_end": "17:48:17",
                "data": {
                    "time": 596.417149
                }
            }
        ]
    }
}