{
    "user_id": "004",
    "session_id": "59e6b183227e0c69a024561b",
    "study": "studyB",
    "workspace": "newrun.run-pink",
    "details": {
        "workspace": "newrun.run-pink",
        "labels": [],
        "_starts": [
            "2017-10-23T23:49:26.000Z"
        ],
        "_ends": [
            "2017-10-23T23:49:36.482Z"
        ]
    },
    "labels_file": "/home/ubuntu/vat/data/user-studies/studyB/run-pink/004.labels.json",
    "videoFlash": 3.300376,
    "surveys": {},
    "logs": {}
}