{
    "user_id": "006",
    "session_id": "59ec126a227e0c69a024562a",
    "study": "studyB",
    "workspace": "newrun.run-pink",
    "details": {
        "workspace": "newrun.run-pink",
        "labels": [
            {
                "time": 3.542081,
                "endTime": 6.542081,
                "type": "run",
                "id": 1
            },
            {
                "time": 63.54208,
                "endTime": 73.54208,
                "type": "skip",
                "id": 2
            },
            {
                "time": 138.54208,
                "endTime": 143.54208,
                "type": "run",
                "id": 3
            },
            {
                "time": 275.54208,
                "endTime": 288.54208,
                "type": "skip",
                "id": 4
            },
            {
                "time": 344.54208,
                "endTime": 348.54208,
                "type": "skip",
                "id": 5
            },
            {
                "time": 420.54208,
                "endTime": 433.54208,
                "type": "skip",
                "id": 6
            },
            {
                "time": 472.54208,
                "endTime": 477.54208,
                "type": "run",
                "id": 7
            },
            {
                "time": 547.542078,
                "endTime": 560.542078,
                "type": "skip",
                "id": 8
            },
            {
                "time": 595.542078,
                "endTime": 608.542078,
                "type": "skip",
                "id": 9
            },
            {
                "time": 629.542078,
                "endTime": 631.542078,
                "type": "skip",
                "id": 10
            }
        ],
        "_starts": [
            "2017-10-23T23:54:39.000Z"
        ],
        "_ends": [
            "2017-10-23T23:57:02.826Z",
            "2017-10-23T23:57:31.363Z"
        ]
    },
    "labels_file": "/home/ubuntu/vat/data/user-studies/studyB/run-pink/006.labels.json",
    "videoFlash": 3.300376,
    "surveys": {
        "user-info": {
            "firstname": "Jhonny",
            "lastname": "Loaiza",
            "email": "jleo.18594@gmail.com"
        },
        "practice-first": {
            "question1": "2",
            "question2": "ok",
            "question3": "100",
            "question4": "2"
        },
        "practice-second": {},
        "practice-third": {},
        "practice-survey": {},
        "run-blue": {
            "question1": "1",
            "question2": "1",
            "question3": "70",
            "question4": "70"
        },
        "run-yellow": {
            "question1": "-1",
            "question2": "-1",
            "question3": "50",
            "question4": "20"
        },
        "run-red": {
            "question1": "2",
            "question2": "0",
            "question3": "70",
            "question4": "10"
        },
        "run-survey": {
            "question1": "1",
            "question2": "-1",
            "question3": "0",
            "question4": "2"
        },
        "pill-blue": {
            "question1": "2",
            "question2": "2",
            "question3": "90",
            "question4": "10"
        },
        "pill-red": {
            "question1": "2",
            "question2": "2",
            "question3": "80",
            "question4": "20"
        },
        "pill-orange": {
            "question1": "-2",
            "question2": "2",
            "question3": "100",
            "question4": "10"
        },
        "pills-survey": {
            "question1": "1",
            "question2": "1",
            "question3": "1",
            "question4": "1"
        }
    },
    "logs": {
        "labelEvents": [
            {
                "time": "2017-10-23T23:55:14.511Z",
                "type": "START",
                "source": "hotkey",
                "_t": "17:55:14",
                "_end": "-",
                "data": {
                    "type": "run",
                    "time": 3.542081
                }
            },
            {
                "time": "2017-10-23T23:55:18.255Z",
                "type": "END",
                "source": "hotkey:ctb",
                "_t": "17:55:18",
                "_end": "-",
                "data": {
                    "lbl": {
                        "time": 3.542081,
                        "endTime": 6.542081,
                        "type": "run",
                        "id": 1
                    },
                    "key": "enter"
                }
            },
            {
                "time": "2017-10-23T23:55:24.736Z",
                "type": "START",
                "source": "hotkey",
                "_t": "17:55:24",
                "_end": "-",
                "data": {
                    "type": "skip",
                    "time": 63.54208
                }
            },
            {
                "time": "2017-10-23T23:55:26.176Z",
                "type": "END",
                "source": "hotkey:ctb",
                "_t": "17:55:26",
                "_end": "-",
                "data": {
                    "lbl": {
                        "time": 63.54208,
                        "endTime": 73.54208,
                        "type": "skip",
                        "id": 2
                    },
                    "key": "enter"
                }
            },
            {
                "time": "2017-10-23T23:55:34.704Z",
                "type": "START",
                "source": "hotkey",
                "_t": "17:55:34",
                "_end": "-",
                "data": {
                    "type": "run",
                    "time": 138.54208
                }
            },
            {
                "time": "2017-10-23T23:55:39.264Z",
                "type": "END",
                "source": "hotkey:ctb",
                "_t": "17:55:39",
                "_end": "-",
                "data": {
                    "lbl": {
                        "time": 138.54208,
                        "endTime": 143.54208,
                        "type": "run",
                        "id": 3
                    },
                    "key": "enter"
                }
            },
            {
                "time": "2017-10-23T23:55:58.913Z",
                "type": "START",
                "source": "hotkey",
                "_t": "17:55:58",
                "_end": "-",
                "data": {
                    "type": "skip",
                    "time": 275.54208
                }
            },
            {
                "time": "2017-10-23T23:56:03.280Z",
                "type": "END",
                "source": "hotkey:ctb",
                "_t": "17:56:03",
                "_end": "-",
                "data": {
                    "lbl": {
                        "time": 275.54208,
                        "endTime": 288.54208,
                        "type": "skip",
                        "id": 4
                    },
                    "key": "enter"
                }
            },
            {
                "time": "2017-10-23T23:56:12.577Z",
                "type": "START",
                "source": "hotkey",
                "_t": "17:56:12",
                "_end": "-",
                "data": {
                    "type": "skip",
                    "time": 344.54208
                }
            },
            {
                "time": "2017-10-23T23:56:16.897Z",
                "type": "END",
                "source": "hotkey:ctb",
                "_t": "17:56:16",
                "_end": "-",
                "data": {
                    "lbl": {
                        "time": 344.54208,
                        "endTime": 348.54208,
                        "type": "skip",
                        "id": 5
                    },
                    "key": "enter"
                }
            },
            {
                "time": "2017-10-23T23:56:23.090Z",
                "type": "START",
                "source": "hotkey",
                "_t": "17:56:23",
                "_end": "-",
                "data": {
                    "type": "skip",
                    "time": 420.54208
                }
            },
            {
                "time": "2017-10-23T23:56:26.977Z",
                "type": "END",
                "source": "hotkey:ctb",
                "_t": "17:56:26",
                "_end": "-",
                "data": {
                    "lbl": {
                        "time": 420.54208,
                        "endTime": 433.54208,
                        "type": "skip",
                        "id": 6
                    },
                    "key": "enter"
                }
            },
            {
                "time": "2017-10-23T23:56:31.377Z",
                "type": "START",
                "source": "hotkey",
                "_t": "17:56:31",
                "_end": "-",
                "data": {
                    "type": "run",
                    "time": 472.54208
                }
            },
            {
                "time": "2017-10-23T23:56:33.841Z",
                "type": "END",
                "source": "hotkey:ctb",
                "_t": "17:56:33",
                "_end": "-",
                "data": {
                    "lbl": {
                        "time": 472.54208,
                        "endTime": 477.54208,
                        "type": "run",
                        "id": 7
                    },
                    "key": "enter"
                }
            },
            {
                "time": "2017-10-23T23:56:38.369Z",
                "type": "START",
                "source": "hotkey",
                "_t": "17:56:38",
                "_end": "-",
                "data": {
                    "type": "skip",
                    "time": 547.542078
                }
            },
            {
                "time": "2017-10-23T23:56:40.995Z",
                "type": "END",
                "source": "hotkey:ctb",
                "_t": "17:56:40",
                "_end": "-",
                "data": {
                    "lbl": {
                        "time": 547.542078,
                        "endTime": 560.542078,
                        "type": "skip",
                        "id": 8
                    },
                    "key": "enter"
                }
            },
            {
                "time": "2017-10-23T23:56:49.535Z",
                "type": "START",
                "source": "hotkey",
                "_t": "17:56:49",
                "_end": "-",
                "data": {
                    "type": "skip",
                    "time": 595.542078
                }
            },
            {
                "time": "2017-10-23T23:56:53.057Z",
                "type": "END",
                "source": "hotkey:ctb",
                "_t": "17:56:53",
                "_end": "-",
                "data": {
                    "lbl": {
                        "time": 595.542078,
                        "endTime": 608.542078,
                        "type": "skip",
                        "id": 9
                    },
                    "key": "enter"
                }
            },
            {
                "time": "2017-10-23T23:56:59.073Z",
                "type": "START",
                "source": "hotkey",
                "_t": "17:56:59",
                "_end": "-",
                "data": {
                    "type": "skip",
                    "time": 629.542078
                }
            },
            {
                "time": "2017-10-23T23:57:00.881Z",
                "type": "END",
                "source": "hotkey:ctb",
                "_t": "17:57:00",
                "_end": "-",
                "data": {
                    "lbl": {
                        "time": 629.542078,
                        "endTime": 631.542078,
                        "type": "skip",
                        "id": 10
                    },
                    "key": "enter"
                }
            }
        ],
        "navigationEvents": [
            {
                "time": "2017-10-23T23:54:47.135Z",
                "type": "SKIP",
                "source": "hotkey",
                "_t": "17:54:47",
                "_end": "-",
                "data": {
                    "t": 3.300376,
                    "Δt": 1,
                    "key": "right"
                }
            },
            {
                "time": "2017-10-23T23:54:47.791Z",
                "type": "SKIP",
                "source": "hotkey",
                "_t": "17:54:47",
                "_end": "-",
                "data": {
                    "t": 4.300376,
                    "Δt": 1,
                    "key": "right"
                }
            },
            {
                "time": "2017-10-23T23:54:48.018Z",
                "type": "SKIP",
                "source": "hotkey",
                "_t": "17:54:48",
                "_end": "-",
                "data": {
                    "t": 5.300376,
                    "Δt": 1,
                    "key": "right"
                }
            },
            {
                "time": "2017-10-23T23:54:54.326Z",
                "type": "PAUSE",
                "source": "video:button",
                "_t": "17:54:54",
                "_end": "-"
            },
            {
                "time": "2017-10-23T23:54:55.976Z",
                "type": "PLAY",
                "source": "video:button",
                "_t": "17:54:55",
                "_end": "-"
            },
            {
                "time": "2017-10-23T23:54:57.200Z",
                "type": "SKIP",
                "source": "hotkey",
                "_t": "17:54:57",
                "_end": "-",
                "data": {
                    "t": 7.063274,
                    "Δt": 5,
                    "key": "right"
                }
            },
            {
                "time": "2017-10-23T23:54:57.374Z",
                "type": "SKIP",
                "source": "hotkey",
                "_t": "17:54:57",
                "_end": "-",
                "data": {
                    "t": 12.080835,
                    "Δt": 5,
                    "key": "right"
                }
            },
            {
                "time": "2017-10-23T23:55:00.415Z",
                "type": "PAUSE",
                "source": "video:button",
                "_t": "17:55:00",
                "_end": "-"
            },
            {
                "time": {
                    "start": "2017-10-23T23:54:39.899Z",
                    "end": "2017-10-23T23:55:01.943Z"
                },
                "type": "SCRUB",
                "source": "data:drag",
                "_t": "17:54:39",
                "_end": "17:55:01",
                "data": {
                    "time": 19.829111
                }
            },
            {
                "time": {
                    "start": "2017-10-23T23:54:39.899Z",
                    "end": "2017-10-23T23:55:03.575Z"
                },
                "type": "SCRUB",
                "source": "data:drag",
                "_t": "17:54:39",
                "_end": "17:55:03",
                "data": {
                    "time": 0
                }
            },
            {
                "time": {
                    "start": "2017-10-23T23:54:39.899Z",
                    "end": "2017-10-23T23:55:09.567Z"
                },
                "type": "SCRUB",
                "source": "data:drag",
                "_t": "17:54:39",
                "_end": "17:55:09",
                "data": {
                    "time": 3.542081
                }
            },
            {
                "time": "2017-10-23T23:55:10.545Z",
                "type": "SKIP",
                "source": "hotkey",
                "_t": "17:55:10",
                "_end": "-",
                "data": {
                    "t": 3.542081,
                    "Δt": -1,
                    "key": "left"
                }
            },
            {
                "time": "2017-10-23T23:55:11.119Z",
                "type": "SKIP",
                "source": "hotkey",
                "_t": "17:55:11",
                "_end": "-",
                "data": {
                    "t": 2.542081,
                    "Δt": 1,
                    "key": "right"
                }
            },
            {
                "time": "2017-10-23T23:55:14.896Z",
                "type": "SKIP",
                "source": "hotkey",
                "_t": "17:55:14",
                "_end": "-",
                "data": {
                    "t": 3.542081,
                    "Δt": 10,
                    "key": "l"
                }
            },
            {
                "time": "2017-10-23T23:55:15.646Z",
                "type": "SKIP",
                "source": "hotkey",
                "_t": "17:55:15",
                "_end": "-",
                "data": {
                    "t": 13.542081,
                    "Δt": -1,
                    "key": "left"
                }
            },
            {
                "time": "2017-10-23T23:55:15.806Z",
                "type": "SKIP",
                "source": "hotkey",
                "_t": "17:55:15",
                "_end": "-",
                "data": {
                    "t": 12.542081,
                    "Δt": -1,
                    "key": "left"
                }
            },
            {
                "time": "2017-10-23T23:55:15.936Z",
                "type": "SKIP",
                "source": "hotkey",
                "_t": "17:55:15",
                "_end": "-",
                "data": {
                    "t": 11.542081,
                    "Δt": -1,
                    "key": "left"
                }
            },
            {
                "time": "2017-10-23T23:55:16.206Z",
                "type": "SKIP",
                "source": "hotkey",
                "_t": "17:55:16",
                "_end": "-",
                "data": {
                    "t": 10.542081,
                    "Δt": -1,
                    "key": "left"
                }
            },
            {
                "time": "2017-10-23T23:55:16.366Z",
                "type": "SKIP",
                "source": "hotkey",
                "_t": "17:55:16",
                "_end": "-",
                "data": {
                    "t": 9.542081,
                    "Δt": -1,
                    "key": "left"
                }
            },
            {
                "time": "2017-10-23T23:55:16.661Z",
                "type": "SKIP",
                "source": "hotkey",
                "_t": "17:55:16",
                "_end": "-",
                "data": {
                    "t": 8.542081,
                    "Δt": -1,
                    "key": "left"
                }
            },
            {
                "time": "2017-10-23T23:55:17.215Z",
                "type": "SKIP",
                "source": "hotkey",
                "_t": "17:55:17",
                "_end": "-",
                "data": {
                    "t": 7.542081,
                    "Δt": -1,
                    "key": "left"
                }
            },
            {
                "time": "2017-10-23T23:55:18.800Z",
                "type": "SKIP",
                "source": "hotkey",
                "_t": "17:55:18",
                "_end": "-",
                "data": {
                    "t": 6.542081,
                    "Δt": 10,
                    "key": "l"
                }
            },
            {
                "time": "2017-10-23T23:55:18.974Z",
                "type": "SKIP",
                "source": "hotkey",
                "_t": "17:55:18",
                "_end": "-",
                "data": {
                    "t": 16.542081,
                    "Δt": 10,
                    "key": "l"
                }
            },
            {
                "time": "2017-10-23T23:55:19.102Z",
                "type": "SKIP",
                "source": "hotkey",
                "_t": "17:55:19",
                "_end": "-",
                "data": {
                    "t": 26.542081,
                    "Δt": 10,
                    "key": "l"
                }
            },
            {
                "time": "2017-10-23T23:55:19.230Z",
                "type": "SKIP",
                "source": "hotkey",
                "_t": "17:55:19",
                "_end": "-",
                "data": {
                    "t": 36.54208,
                    "Δt": 10,
                    "key": "l"
                }
            },
            {
                "time": "2017-10-23T23:55:19.358Z",
                "type": "SKIP",
                "source": "hotkey",
                "_t": "17:55:19",
                "_end": "-",
                "data": {
                    "t": 46.54208,
                    "Δt": 10,
                    "key": "l"
                }
            },
            {
                "time": "2017-10-23T23:55:19.487Z",
                "type": "SKIP",
                "source": "hotkey",
                "_t": "17:55:19",
                "_end": "-",
                "data": {
                    "t": 56.54208,
                    "Δt": 10,
                    "key": "l"
                }
            },
            {
                "time": "2017-10-23T23:55:20.416Z",
                "type": "SKIP",
                "source": "hotkey",
                "_t": "17:55:20",
                "_end": "-",
                "data": {
                    "t": 66.54208,
                    "Δt": -10,
                    "key": "j"
                }
            },
            {
                "time": "2017-10-23T23:55:21.184Z",
                "type": "SKIP",
                "source": "hotkey",
                "_t": "17:55:21",
                "_end": "-",
                "data": {
                    "t": 56.54208,
                    "Δt": 10,
                    "key": "l"
                }
            },
            {
                "time": "2017-10-23T23:55:21.855Z",
                "type": "SKIP",
                "source": "hotkey",
                "_t": "17:55:21",
                "_end": "-",
                "data": {
                    "t": 66.54208,
                    "Δt": -1,
                    "key": "left"
                }
            },
            {
                "time": "2017-10-23T23:55:22.029Z",
                "type": "SKIP",
                "source": "hotkey",
                "_t": "17:55:22",
                "_end": "-",
                "data": {
                    "t": 65.54208,
                    "Δt": -1,
                    "key": "left"
                }
            },
            {
                "time": "2017-10-23T23:55:22.158Z",
                "type": "SKIP",
                "source": "hotkey",
                "_t": "17:55:22",
                "_end": "-",
                "data": {
                    "t": 64.54208,
                    "Δt": -1,
                    "key": "left"
                }
            },
            {
                "time": "2017-10-23T23:55:24.960Z",
                "type": "SKIP",
                "source": "hotkey",
                "_t": "17:55:24",
                "_end": "-",
                "data": {
                    "t": 63.54208,
                    "Δt": 10,
                    "key": "l"
                }
            },
            {
                "time": "2017-10-23T23:55:26.688Z",
                "type": "SKIP",
                "source": "hotkey",
                "_t": "17:55:26",
                "_end": "-",
                "data": {
                    "t": 73.54208,
                    "Δt": 10,
                    "key": "l"
                }
            },
            {
                "time": "2017-10-23T23:55:26.846Z",
                "type": "SKIP",
                "source": "hotkey",
                "_t": "17:55:26",
                "_end": "-",
                "data": {
                    "t": 83.54208,
                    "Δt": 10,
                    "key": "l"
                }
            },
            {
                "time": "2017-10-23T23:55:26.976Z",
                "type": "SKIP",
                "source": "hotkey",
                "_t": "17:55:26",
                "_end": "-",
                "data": {
                    "t": 93.54208,
                    "Δt": 10,
                    "key": "l"
                }
            },
            {
                "time": "2017-10-23T23:55:27.102Z",
                "type": "SKIP",
                "source": "hotkey",
                "_t": "17:55:27",
                "_end": "-",
                "data": {
                    "t": 103.54208,
                    "Δt": 10,
                    "key": "l"
                }
            },
            {
                "time": "2017-10-23T23:55:27.246Z",
                "type": "SKIP",
                "source": "hotkey",
                "_t": "17:55:27",
                "_end": "-",
                "data": {
                    "t": 113.54208,
                    "Δt": 10,
                    "key": "l"
                }
            },
            {
                "time": "2017-10-23T23:55:28.576Z",
                "type": "SKIP",
                "source": "hotkey",
                "_t": "17:55:28",
                "_end": "-",
                "data": {
                    "t": 123.54208,
                    "Δt": 10,
                    "key": "l"
                }
            },
            {
                "time": "2017-10-23T23:55:29.376Z",
                "type": "SKIP",
                "source": "hotkey",
                "_t": "17:55:29",
                "_end": "-",
                "data": {
                    "t": 133.54208,
                    "Δt": 10,
                    "key": "l"
                }
            },
            {
                "time": "2017-10-23T23:55:30.160Z",
                "type": "SKIP",
                "source": "hotkey",
                "_t": "17:55:30",
                "_end": "-",
                "data": {
                    "t": 143.54208,
                    "Δt": -1,
                    "key": "left"
                }
            },
            {
                "time": "2017-10-23T23:55:30.334Z",
                "type": "SKIP",
                "source": "hotkey",
                "_t": "17:55:30",
                "_end": "-",
                "data": {
                    "t": 142.54208,
                    "Δt": -1,
                    "key": "left"
                }
            },
            {
                "time": "2017-10-23T23:55:30.928Z",
                "type": "SKIP",
                "source": "hotkey",
                "_t": "17:55:30",
                "_end": "-",
                "data": {
                    "t": 141.54208,
                    "Δt": -1,
                    "key": "left"
                }
            },
            {
                "time": "2017-10-23T23:55:31.069Z",
                "type": "SKIP",
                "source": "hotkey",
                "_t": "17:55:31",
                "_end": "-",
                "data": {
                    "t": 140.54208,
                    "Δt": -1,
                    "key": "left"
                }
            },
            {
                "time": "2017-10-23T23:55:31.665Z",
                "type": "SKIP",
                "source": "hotkey",
                "_t": "17:55:31",
                "_end": "-",
                "data": {
                    "t": 139.54208,
                    "Δt": -1,
                    "key": "left"
                }
            },
            {
                "time": "2017-10-23T23:55:34.864Z",
                "type": "SKIP",
                "source": "hotkey",
                "_t": "17:55:34",
                "_end": "-",
                "data": {
                    "t": 138.54208,
                    "Δt": 10,
                    "key": "l"
                }
            },
            {
                "time": "2017-10-23T23:55:35.824Z",
                "type": "SKIP",
                "source": "hotkey",
                "_t": "17:55:35",
                "_end": "-",
                "data": {
                    "t": 148.54208,
                    "Δt": -1,
                    "key": "left"
                }
            },
            {
                "time": "2017-10-23T23:55:35.982Z",
                "type": "SKIP",
                "source": "hotkey",
                "_t": "17:55:35",
                "_end": "-",
                "data": {
                    "t": 147.54208,
                    "Δt": -1,
                    "key": "left"
                }
            },
            {
                "time": "2017-10-23T23:55:36.126Z",
                "type": "SKIP",
                "source": "hotkey",
                "_t": "17:55:36",
                "_end": "-",
                "data": {
                    "t": 146.54208,
                    "Δt": -1,
                    "key": "left"
                }
            },
            {
                "time": "2017-10-23T23:55:36.254Z",
                "type": "SKIP",
                "source": "hotkey",
                "_t": "17:55:36",
                "_end": "-",
                "data": {
                    "t": 145.54208,
                    "Δt": -1,
                    "key": "left"
                }
            },
            {
                "time": "2017-10-23T23:55:36.383Z",
                "type": "SKIP",
                "source": "hotkey",
                "_t": "17:55:36",
                "_end": "-",
                "data": {
                    "t": 144.54208,
                    "Δt": -1,
                    "key": "left"
                }
            },
            {
                "time": "2017-10-23T23:55:36.494Z",
                "type": "SKIP",
                "source": "hotkey",
                "_t": "17:55:36",
                "_end": "-",
                "data": {
                    "t": 143.54208,
                    "Δt": -1,
                    "key": "left"
                }
            },
            {
                "time": "2017-10-23T23:55:38.304Z",
                "type": "SKIP",
                "source": "hotkey",
                "_t": "17:55:38",
                "_end": "-",
                "data": {
                    "t": 142.54208,
                    "Δt": 1,
                    "key": "right"
                }
            },
            {
                "time": "2017-10-23T23:55:41.296Z",
                "type": "SKIP",
                "source": "hotkey",
                "_t": "17:55:41",
                "_end": "-",
                "data": {
                    "t": 143.54208,
                    "Δt": 10,
                    "key": "l"
                }
            },
            {
                "time": "2017-10-23T23:55:41.760Z",
                "type": "SKIP",
                "source": "hotkey",
                "_t": "17:55:41",
                "_end": "-",
                "data": {
                    "t": 153.54208,
                    "Δt": 10,
                    "key": "l"
                }
            },
            {
                "time": "2017-10-23T23:55:41.903Z",
                "type": "SKIP",
                "source": "hotkey",
                "_t": "17:55:41",
                "_end": "-",
                "data": {
                    "t": 163.54208,
                    "Δt": 10,
                    "key": "l"
                }
            },
            {
                "time": "2017-10-23T23:55:42.033Z",
                "type": "SKIP",
                "source": "hotkey",
                "_t": "17:55:42",
                "_end": "-",
                "data": {
                    "t": 173.54208,
                    "Δt": 10,
                    "key": "l"
                }
            },
            {
                "time": "2017-10-23T23:55:42.158Z",
                "type": "SKIP",
                "source": "hotkey",
                "_t": "17:55:42",
                "_end": "-",
                "data": {
                    "t": 183.54208,
                    "Δt": 10,
                    "key": "l"
                }
            },
            {
                "time": "2017-10-23T23:55:42.286Z",
                "type": "SKIP",
                "source": "hotkey",
                "_t": "17:55:42",
                "_end": "-",
                "data": {
                    "t": 193.54208,
                    "Δt": 10,
                    "key": "l"
                }
            },
            {
                "time": "2017-10-23T23:55:42.414Z",
                "type": "SKIP",
                "source": "hotkey",
                "_t": "17:55:42",
                "_end": "-",
                "data": {
                    "t": 203.54208,
                    "Δt": 10,
                    "key": "l"
                }
            },
            {
                "time": "2017-10-23T23:55:42.544Z",
                "type": "SKIP",
                "source": "hotkey",
                "_t": "17:55:42",
                "_end": "-",
                "data": {
                    "t": 213.54208,
                    "Δt": 10,
                    "key": "l"
                }
            },
            {
                "time": "2017-10-23T23:55:42.654Z",
                "type": "SKIP",
                "source": "hotkey",
                "_t": "17:55:42",
                "_end": "-",
                "data": {
                    "t": 223.54208,
                    "Δt": 10,
                    "key": "l"
                }
            },
            {
                "time": "2017-10-23T23:55:42.798Z",
                "type": "SKIP",
                "source": "hotkey",
                "_t": "17:55:42",
                "_end": "-",
                "data": {
                    "t": 233.54208,
                    "Δt": 10,
                    "key": "l"
                }
            },
            {
                "time": "2017-10-23T23:55:42.932Z",
                "type": "SKIP",
                "source": "hotkey",
                "_t": "17:55:42",
                "_end": "-",
                "data": {
                    "t": 243.54208,
                    "Δt": 10,
                    "key": "l"
                }
            },
            {
                "time": "2017-10-23T23:55:43.054Z",
                "type": "SKIP",
                "source": "hotkey",
                "_t": "17:55:43",
                "_end": "-",
                "data": {
                    "t": 253.54208,
                    "Δt": 10,
                    "key": "l"
                }
            },
            {
                "time": "2017-10-23T23:55:43.792Z",
                "type": "SKIP",
                "source": "hotkey",
                "_t": "17:55:43",
                "_end": "-",
                "data": {
                    "t": 263.54208,
                    "Δt": 10,
                    "key": "l"
                }
            },
            {
                "time": "2017-10-23T23:55:44.496Z",
                "type": "SKIP",
                "source": "hotkey",
                "_t": "17:55:44",
                "_end": "-",
                "data": {
                    "t": 273.54208,
                    "Δt": 10,
                    "key": "l"
                }
            },
            {
                "time": "2017-10-23T23:55:45.008Z",
                "type": "SKIP",
                "source": "hotkey",
                "_t": "17:55:45",
                "_end": "-",
                "data": {
                    "t": 283.54208,
                    "Δt": -10,
                    "key": "j"
                }
            },
            {
                "time": "2017-10-23T23:55:45.840Z",
                "type": "SKIP",
                "source": "hotkey",
                "_t": "17:55:45",
                "_end": "-",
                "data": {
                    "t": 273.54208,
                    "Δt": 1,
                    "key": "right"
                }
            },
            {
                "time": "2017-10-23T23:55:46.017Z",
                "type": "SKIP",
                "source": "hotkey",
                "_t": "17:55:46",
                "_end": "-",
                "data": {
                    "t": 274.54208,
                    "Δt": 1,
                    "key": "right"
                }
            },
            {
                "time": "2017-10-23T23:55:46.480Z",
                "type": "SKIP",
                "source": "hotkey",
                "_t": "17:55:46",
                "_end": "-",
                "data": {
                    "t": 275.54208,
                    "Δt": 1,
                    "key": "right"
                }
            },
            {
                "time": "2017-10-23T23:55:47.808Z",
                "type": "SKIP",
                "source": "hotkey",
                "_t": "17:55:47",
                "_end": "-",
                "data": {
                    "t": 276.54208,
                    "Δt": -1,
                    "key": "left"
                }
            },
            {
                "time": "2017-10-23T23:55:59.952Z",
                "type": "SKIP",
                "source": "hotkey",
                "_t": "17:55:59",
                "_end": "-",
                "data": {
                    "t": 275.54208,
                    "Δt": 10,
                    "key": "l"
                }
            },
            {
                "time": "2017-10-23T23:56:01.456Z",
                "type": "SKIP",
                "source": "hotkey",
                "_t": "17:56:01",
                "_end": "-",
                "data": {
                    "t": 285.54208,
                    "Δt": 1,
                    "key": "right"
                }
            },
            {
                "time": "2017-10-23T23:56:01.598Z",
                "type": "SKIP",
                "source": "hotkey",
                "_t": "17:56:01",
                "_end": "-",
                "data": {
                    "t": 286.54208,
                    "Δt": 1,
                    "key": "right"
                }
            },
            {
                "time": "2017-10-23T23:56:02.384Z",
                "type": "SKIP",
                "source": "hotkey",
                "_t": "17:56:02",
                "_end": "-",
                "data": {
                    "t": 287.54208,
                    "Δt": 1,
                    "key": "right"
                }
            },
            {
                "time": "2017-10-23T23:56:03.921Z",
                "type": "SKIP",
                "source": "hotkey",
                "_t": "17:56:03",
                "_end": "-",
                "data": {
                    "t": 288.54208,
                    "Δt": 10,
                    "key": "l"
                }
            },
            {
                "time": "2017-10-23T23:56:04.062Z",
                "type": "SKIP",
                "source": "hotkey",
                "_t": "17:56:04",
                "_end": "-",
                "data": {
                    "t": 298.54208,
                    "Δt": 10,
                    "key": "l"
                }
            },
            {
                "time": "2017-10-23T23:56:04.192Z",
                "type": "SKIP",
                "source": "hotkey",
                "_t": "17:56:04",
                "_end": "-",
                "data": {
                    "t": 308.54208,
                    "Δt": 10,
                    "key": "l"
                }
            },
            {
                "time": "2017-10-23T23:56:04.560Z",
                "type": "SKIP",
                "source": "hotkey",
                "_t": "17:56:04",
                "_end": "-",
                "data": {
                    "t": 318.54208,
                    "Δt": 10,
                    "key": "l"
                }
            },
            {
                "time": "2017-10-23T23:56:04.689Z",
                "type": "SKIP",
                "source": "hotkey",
                "_t": "17:56:04",
                "_end": "-",
                "data": {
                    "t": 328.54208,
                    "Δt": 10,
                    "key": "l"
                }
            },
            {
                "time": "2017-10-23T23:56:05.841Z",
                "type": "SKIP",
                "source": "hotkey",
                "_t": "17:56:05",
                "_end": "-",
                "data": {
                    "t": 338.54208,
                    "Δt": 10,
                    "key": "l"
                }
            },
            {
                "time": "2017-10-23T23:56:06.720Z",
                "type": "SKIP",
                "source": "hotkey",
                "_t": "17:56:06",
                "_end": "-",
                "data": {
                    "t": 348.54208,
                    "Δt": -10,
                    "key": "j"
                }
            },
            {
                "time": "2017-10-23T23:56:07.889Z",
                "type": "SKIP",
                "source": "hotkey",
                "_t": "17:56:07",
                "_end": "-",
                "data": {
                    "t": 338.54208,
                    "Δt": 1,
                    "key": "right"
                }
            },
            {
                "time": "2017-10-23T23:56:08.036Z",
                "type": "SKIP",
                "source": "hotkey",
                "_t": "17:56:08",
                "_end": "-",
                "data": {
                    "t": 339.54208,
                    "Δt": 1,
                    "key": "right"
                }
            },
            {
                "time": "2017-10-23T23:56:08.416Z",
                "type": "SKIP",
                "source": "hotkey",
                "_t": "17:56:08",
                "_end": "-",
                "data": {
                    "t": 340.54208,
                    "Δt": 1,
                    "key": "right"
                }
            },
            {
                "time": "2017-10-23T23:56:08.800Z",
                "type": "SKIP",
                "source": "hotkey",
                "_t": "17:56:08",
                "_end": "-",
                "data": {
                    "t": 341.54208,
                    "Δt": 1,
                    "key": "right"
                }
            },
            {
                "time": "2017-10-23T23:56:08.942Z",
                "type": "SKIP",
                "source": "hotkey",
                "_t": "17:56:08",
                "_end": "-",
                "data": {
                    "t": 342.54208,
                    "Δt": 1,
                    "key": "right"
                }
            },
            {
                "time": "2017-10-23T23:56:09.552Z",
                "type": "SKIP",
                "source": "hotkey",
                "_t": "17:56:09",
                "_end": "-",
                "data": {
                    "t": 343.54208,
                    "Δt": 1,
                    "key": "right"
                }
            },
            {
                "time": "2017-10-23T23:56:12.848Z",
                "type": "SKIP",
                "source": "hotkey",
                "_t": "17:56:12",
                "_end": "-",
                "data": {
                    "t": 344.54208,
                    "Δt": 10,
                    "key": "l"
                }
            },
            {
                "time": "2017-10-23T23:56:13.728Z",
                "type": "SKIP",
                "source": "hotkey",
                "_t": "17:56:13",
                "_end": "-",
                "data": {
                    "t": 354.54208,
                    "Δt": -1,
                    "key": "left"
                }
            },
            {
                "time": "2017-10-23T23:56:13.870Z",
                "type": "SKIP",
                "source": "hotkey",
                "_t": "17:56:13",
                "_end": "-",
                "data": {
                    "t": 353.54208,
                    "Δt": -1,
                    "key": "left"
                }
            },
            {
                "time": "2017-10-23T23:56:13.982Z",
                "type": "SKIP",
                "source": "hotkey",
                "_t": "17:56:13",
                "_end": "-",
                "data": {
                    "t": 352.54208,
                    "Δt": -1,
                    "key": "left"
                }
            },
            {
                "time": "2017-10-23T23:56:14.095Z",
                "type": "SKIP",
                "source": "hotkey",
                "_t": "17:56:14",
                "_end": "-",
                "data": {
                    "t": 351.54208,
                    "Δt": -1,
                    "key": "left"
                }
            },
            {
                "time": "2017-10-23T23:56:15.072Z",
                "type": "SKIP",
                "source": "hotkey",
                "_t": "17:56:15",
                "_end": "-",
                "data": {
                    "t": 350.54208,
                    "Δt": -1,
                    "key": "left"
                }
            },
            {
                "time": "2017-10-23T23:56:15.664Z",
                "type": "SKIP",
                "source": "hotkey",
                "_t": "17:56:15",
                "_end": "-",
                "data": {
                    "t": 349.54208,
                    "Δt": -1,
                    "key": "left"
                }
            },
            {
                "time": "2017-10-23T23:56:17.360Z",
                "type": "SKIP",
                "source": "hotkey",
                "_t": "17:56:17",
                "_end": "-",
                "data": {
                    "t": 348.54208,
                    "Δt": 10,
                    "key": "l"
                }
            },
            {
                "time": "2017-10-23T23:56:17.491Z",
                "type": "SKIP",
                "source": "hotkey",
                "_t": "17:56:17",
                "_end": "-",
                "data": {
                    "t": 358.54208,
                    "Δt": 10,
                    "key": "l"
                }
            },
            {
                "time": "2017-10-23T23:56:17.615Z",
                "type": "SKIP",
                "source": "hotkey",
                "_t": "17:56:17",
                "_end": "-",
                "data": {
                    "t": 368.54208,
                    "Δt": 10,
                    "key": "l"
                }
            },
            {
                "time": "2017-10-23T23:56:17.759Z",
                "type": "SKIP",
                "source": "hotkey",
                "_t": "17:56:17",
                "_end": "-",
                "data": {
                    "t": 378.54208,
                    "Δt": 10,
                    "key": "l"
                }
            },
            {
                "time": "2017-10-23T23:56:17.899Z",
                "type": "SKIP",
                "source": "hotkey",
                "_t": "17:56:17",
                "_end": "-",
                "data": {
                    "t": 388.54208,
                    "Δt": 10,
                    "key": "l"
                }
            },
            {
                "time": "2017-10-23T23:56:18.016Z",
                "type": "SKIP",
                "source": "hotkey",
                "_t": "17:56:18",
                "_end": "-",
                "data": {
                    "t": 398.54208,
                    "Δt": 10,
                    "key": "l"
                }
            },
            {
                "time": "2017-10-23T23:56:19.377Z",
                "type": "SKIP",
                "source": "hotkey",
                "_t": "17:56:19",
                "_end": "-",
                "data": {
                    "t": 408.54208,
                    "Δt": 10,
                    "key": "l"
                }
            },
            {
                "time": "2017-10-23T23:56:20.464Z",
                "type": "SKIP",
                "source": "hotkey",
                "_t": "17:56:20",
                "_end": "-",
                "data": {
                    "t": 418.54208,
                    "Δt": 1,
                    "key": "right"
                }
            },
            {
                "time": "2017-10-23T23:56:20.622Z",
                "type": "SKIP",
                "source": "hotkey",
                "_t": "17:56:20",
                "_end": "-",
                "data": {
                    "t": 419.54208,
                    "Δt": 1,
                    "key": "right"
                }
            },
            {
                "time": "2017-10-23T23:56:21.345Z",
                "type": "SKIP",
                "source": "hotkey",
                "_t": "17:56:21",
                "_end": "-",
                "data": {
                    "t": 420.54208,
                    "Δt": 1,
                    "key": "right"
                }
            },
            {
                "time": "2017-10-23T23:56:21.952Z",
                "type": "SKIP",
                "source": "hotkey",
                "_t": "17:56:21",
                "_end": "-",
                "data": {
                    "t": 421.54208,
                    "Δt": -1,
                    "key": "left"
                }
            },
            {
                "time": "2017-10-23T23:56:23.296Z",
                "type": "SKIP",
                "source": "hotkey",
                "_t": "17:56:23",
                "_end": "-",
                "data": {
                    "t": 420.54208,
                    "Δt": 10,
                    "key": "l"
                }
            },
            {
                "time": "2017-10-23T23:56:23.440Z",
                "type": "SKIP",
                "source": "hotkey",
                "_t": "17:56:23",
                "_end": "-",
                "data": {
                    "t": 430.54208,
                    "Δt": 10,
                    "key": "l"
                }
            },
            {
                "time": "2017-10-23T23:56:24.336Z",
                "type": "SKIP",
                "source": "hotkey",
                "_t": "17:56:24",
                "_end": "-",
                "data": {
                    "t": 440.54208,
                    "Δt": -1,
                    "key": "left"
                }
            },
            {
                "time": "2017-10-23T23:56:24.479Z",
                "type": "SKIP",
                "source": "hotkey",
                "_t": "17:56:24",
                "_end": "-",
                "data": {
                    "t": 439.54208,
                    "Δt": -1,
                    "key": "left"
                }
            },
            {
                "time": "2017-10-23T23:56:24.623Z",
                "type": "SKIP",
                "source": "hotkey",
                "_t": "17:56:24",
                "_end": "-",
                "data": {
                    "t": 438.54208,
                    "Δt": -1,
                    "key": "left"
                }
            },
            {
                "time": "2017-10-23T23:56:24.777Z",
                "type": "SKIP",
                "source": "hotkey",
                "_t": "17:56:24",
                "_end": "-",
                "data": {
                    "t": 437.54208,
                    "Δt": -1,
                    "key": "left"
                }
            },
            {
                "time": "2017-10-23T23:56:24.894Z",
                "type": "SKIP",
                "source": "hotkey",
                "_t": "17:56:24",
                "_end": "-",
                "data": {
                    "t": 436.54208,
                    "Δt": -1,
                    "key": "left"
                }
            },
            {
                "time": "2017-10-23T23:56:25.600Z",
                "type": "SKIP",
                "source": "hotkey",
                "_t": "17:56:25",
                "_end": "-",
                "data": {
                    "t": 435.54208,
                    "Δt": -1,
                    "key": "left"
                }
            },
            {
                "time": "2017-10-23T23:56:26.192Z",
                "type": "SKIP",
                "source": "hotkey",
                "_t": "17:56:26",
                "_end": "-",
                "data": {
                    "t": 434.54208,
                    "Δt": -1,
                    "key": "left"
                }
            },
            {
                "time": "2017-10-23T23:56:27.440Z",
                "type": "SKIP",
                "source": "hotkey",
                "_t": "17:56:27",
                "_end": "-",
                "data": {
                    "t": 433.54208,
                    "Δt": 10,
                    "key": "l"
                }
            },
            {
                "time": "2017-10-23T23:56:27.583Z",
                "type": "SKIP",
                "source": "hotkey",
                "_t": "17:56:27",
                "_end": "-",
                "data": {
                    "t": 443.54208,
                    "Δt": 10,
                    "key": "l"
                }
            },
            {
                "time": "2017-10-23T23:56:28.144Z",
                "type": "SKIP",
                "source": "hotkey",
                "_t": "17:56:28",
                "_end": "-",
                "data": {
                    "t": 453.54208,
                    "Δt": 10,
                    "key": "l"
                }
            },
            {
                "time": "2017-10-23T23:56:28.817Z",
                "type": "SKIP",
                "source": "hotkey",
                "_t": "17:56:28",
                "_end": "-",
                "data": {
                    "t": 463.54208,
                    "Δt": 10,
                    "key": "l"
                }
            },
            {
                "time": "2017-10-23T23:56:30.113Z",
                "type": "SKIP",
                "source": "hotkey",
                "_t": "17:56:30",
                "_end": "-",
                "data": {
                    "t": 473.54208,
                    "Δt": -1,
                    "key": "left"
                }
            },
            {
                "time": "2017-10-23T23:56:31.473Z",
                "type": "SKIP",
                "source": "hotkey",
                "_t": "17:56:31",
                "_end": "-",
                "data": {
                    "t": 472.54208,
                    "Δt": 10,
                    "key": "l"
                }
            },
            {
                "time": "2017-10-23T23:56:32.224Z",
                "type": "SKIP",
                "source": "hotkey",
                "_t": "17:56:32",
                "_end": "-",
                "data": {
                    "t": 482.54208,
                    "Δt": -1,
                    "key": "left"
                }
            },
            {
                "time": "2017-10-23T23:56:32.366Z",
                "type": "SKIP",
                "source": "hotkey",
                "_t": "17:56:32",
                "_end": "-",
                "data": {
                    "t": 481.54208,
                    "Δt": -1,
                    "key": "left"
                }
            },
            {
                "time": "2017-10-23T23:56:32.511Z",
                "type": "SKIP",
                "source": "hotkey",
                "_t": "17:56:32",
                "_end": "-",
                "data": {
                    "t": 480.54208,
                    "Δt": -1,
                    "key": "left"
                }
            },
            {
                "time": "2017-10-23T23:56:32.622Z",
                "type": "SKIP",
                "source": "hotkey",
                "_t": "17:56:32",
                "_end": "-",
                "data": {
                    "t": 479.54208,
                    "Δt": -1,
                    "key": "left"
                }
            },
            {
                "time": "2017-10-23T23:56:32.926Z",
                "type": "SKIP",
                "source": "hotkey",
                "_t": "17:56:32",
                "_end": "-",
                "data": {
                    "t": 478.54208,
                    "Δt": -1,
                    "key": "left"
                }
            },
            {
                "time": "2017-10-23T23:56:34.176Z",
                "type": "SKIP",
                "source": "hotkey",
                "_t": "17:56:34",
                "_end": "-",
                "data": {
                    "t": 477.54208,
                    "Δt": 10,
                    "key": "l"
                }
            },
            {
                "time": "2017-10-23T23:56:34.286Z",
                "type": "SKIP",
                "source": "hotkey",
                "_t": "17:56:34",
                "_end": "-",
                "data": {
                    "t": 487.54208,
                    "Δt": 10,
                    "key": "l"
                }
            },
            {
                "time": "2017-10-23T23:56:34.415Z",
                "type": "SKIP",
                "source": "hotkey",
                "_t": "17:56:34",
                "_end": "-",
                "data": {
                    "t": 497.54208,
                    "Δt": 10,
                    "key": "l"
                }
            },
            {
                "time": "2017-10-23T23:56:34.543Z",
                "type": "SKIP",
                "source": "hotkey",
                "_t": "17:56:34",
                "_end": "-",
                "data": {
                    "t": 507.54208,
                    "Δt": 10,
                    "key": "l"
                }
            },
            {
                "time": "2017-10-23T23:56:34.687Z",
                "type": "SKIP",
                "source": "hotkey",
                "_t": "17:56:34",
                "_end": "-",
                "data": {
                    "t": 517.542079,
                    "Δt": 10,
                    "key": "l"
                }
            },
            {
                "time": "2017-10-23T23:56:34.833Z",
                "type": "SKIP",
                "source": "hotkey",
                "_t": "17:56:34",
                "_end": "-",
                "data": {
                    "t": 527.542078,
                    "Δt": 10,
                    "key": "l"
                }
            },
            {
                "time": "2017-10-23T23:56:35.760Z",
                "type": "SKIP",
                "source": "hotkey",
                "_t": "17:56:35",
                "_end": "-",
                "data": {
                    "t": 537.542078,
                    "Δt": 10,
                    "key": "l"
                }
            },
            {
                "time": "2017-10-23T23:56:38.513Z",
                "type": "SKIP",
                "source": "hotkey",
                "_t": "17:56:38",
                "_end": "-",
                "data": {
                    "t": 547.542078,
                    "Δt": 10,
                    "key": "l"
                }
            },
            {
                "time": "2017-10-23T23:56:39.729Z",
                "type": "SKIP",
                "source": "hotkey",
                "_t": "17:56:39",
                "_end": "-",
                "data": {
                    "t": 557.542078,
                    "Δt": 1,
                    "key": "right"
                }
            },
            {
                "time": "2017-10-23T23:56:39.871Z",
                "type": "SKIP",
                "source": "hotkey",
                "_t": "17:56:39",
                "_end": "-",
                "data": {
                    "t": 558.542078,
                    "Δt": 1,
                    "key": "right"
                }
            },
            {
                "time": "2017-10-23T23:56:40.001Z",
                "type": "SKIP",
                "source": "hotkey",
                "_t": "17:56:40",
                "_end": "-",
                "data": {
                    "t": 559.542078,
                    "Δt": 1,
                    "key": "right"
                }
            },
            {
                "time": "2017-10-23T23:56:41.312Z",
                "type": "SKIP",
                "source": "hotkey",
                "_t": "17:56:41",
                "_end": "-",
                "data": {
                    "t": 560.542078,
                    "Δt": 10,
                    "key": "l"
                }
            },
            {
                "time": "2017-10-23T23:56:41.873Z",
                "type": "SKIP",
                "source": "hotkey",
                "_t": "17:56:41",
                "_end": "-",
                "data": {
                    "t": 570.542078,
                    "Δt": 10,
                    "key": "l"
                }
            },
            {
                "time": "2017-10-23T23:56:42.047Z",
                "type": "SKIP",
                "source": "hotkey",
                "_t": "17:56:42",
                "_end": "-",
                "data": {
                    "t": 580.542078,
                    "Δt": 10,
                    "key": "l"
                }
            },
            {
                "time": "2017-10-23T23:56:43.376Z",
                "type": "SKIP",
                "source": "hotkey",
                "_t": "17:56:43",
                "_end": "-",
                "data": {
                    "t": 590.542078,
                    "Δt": 10,
                    "key": "l"
                }
            },
            {
                "time": "2017-10-23T23:56:43.696Z",
                "type": "SKIP",
                "source": "hotkey",
                "_t": "17:56:43",
                "_end": "-",
                "data": {
                    "t": 600.542078,
                    "Δt": 10,
                    "key": "l"
                }
            },
            {
                "time": "2017-10-23T23:56:44.289Z",
                "type": "SKIP",
                "source": "hotkey",
                "_t": "17:56:44",
                "_end": "-",
                "data": {
                    "t": 610.542078,
                    "Δt": -10,
                    "key": "j"
                }
            },
            {
                "time": "2017-10-23T23:56:44.480Z",
                "type": "SKIP",
                "source": "hotkey",
                "_t": "17:56:44",
                "_end": "-",
                "data": {
                    "t": 600.542078,
                    "Δt": -10,
                    "key": "j"
                }
            },
            {
                "time": "2017-10-23T23:56:45.696Z",
                "type": "SKIP",
                "source": "hotkey",
                "_t": "17:56:45",
                "_end": "-",
                "data": {
                    "t": 590.542078,
                    "Δt": 1,
                    "key": "right"
                }
            },
            {
                "time": "2017-10-23T23:56:45.855Z",
                "type": "SKIP",
                "source": "hotkey",
                "_t": "17:56:45",
                "_end": "-",
                "data": {
                    "t": 591.542078,
                    "Δt": 1,
                    "key": "right"
                }
            },
            {
                "time": "2017-10-23T23:56:46.432Z",
                "type": "SKIP",
                "source": "hotkey",
                "_t": "17:56:46",
                "_end": "-",
                "data": {
                    "t": 592.542078,
                    "Δt": 1,
                    "key": "right"
                }
            },
            {
                "time": "2017-10-23T23:56:46.609Z",
                "type": "SKIP",
                "source": "hotkey",
                "_t": "17:56:46",
                "_end": "-",
                "data": {
                    "t": 593.542078,
                    "Δt": 1,
                    "key": "right"
                }
            },
            {
                "time": "2017-10-23T23:56:46.719Z",
                "type": "SKIP",
                "source": "hotkey",
                "_t": "17:56:46",
                "_end": "-",
                "data": {
                    "t": 594.542078,
                    "Δt": 1,
                    "key": "right"
                }
            },
            {
                "time": "2017-10-23T23:56:47.504Z",
                "type": "SKIP",
                "source": "hotkey",
                "_t": "17:56:47",
                "_end": "-",
                "data": {
                    "t": 595.542078,
                    "Δt": 1,
                    "key": "right"
                }
            },
            {
                "time": "2017-10-23T23:56:47.904Z",
                "type": "SKIP",
                "source": "hotkey",
                "_t": "17:56:47",
                "_end": "-",
                "data": {
                    "t": 596.542078,
                    "Δt": -1,
                    "key": "left"
                }
            },
            {
                "time": "2017-10-23T23:56:49.647Z",
                "type": "SKIP",
                "source": "hotkey",
                "_t": "17:56:49",
                "_end": "-",
                "data": {
                    "t": 595.542078,
                    "Δt": 10,
                    "key": "l"
                }
            },
            {
                "time": "2017-10-23T23:56:51.009Z",
                "type": "SKIP",
                "source": "hotkey",
                "_t": "17:56:51",
                "_end": "-",
                "data": {
                    "t": 605.542078,
                    "Δt": 1,
                    "key": "right"
                }
            },
            {
                "time": "2017-10-23T23:56:51.152Z",
                "type": "SKIP",
                "source": "hotkey",
                "_t": "17:56:51",
                "_end": "-",
                "data": {
                    "t": 606.542078,
                    "Δt": 1,
                    "key": "right"
                }
            },
            {
                "time": "2017-10-23T23:56:51.280Z",
                "type": "SKIP",
                "source": "hotkey",
                "_t": "17:56:51",
                "_end": "-",
                "data": {
                    "t": 607.542078,
                    "Δt": 1,
                    "key": "right"
                }
            },
            {
                "time": "2017-10-23T23:56:51.391Z",
                "type": "SKIP",
                "source": "hotkey",
                "_t": "17:56:51",
                "_end": "-",
                "data": {
                    "t": 608.542078,
                    "Δt": 1,
                    "key": "right"
                }
            },
            {
                "time": "2017-10-23T23:56:52.353Z",
                "type": "SKIP",
                "source": "hotkey",
                "_t": "17:56:52",
                "_end": "-",
                "data": {
                    "t": 609.542078,
                    "Δt": -1,
                    "key": "left"
                }
            },
            {
                "time": "2017-10-23T23:56:53.649Z",
                "type": "SKIP",
                "source": "hotkey",
                "_t": "17:56:53",
                "_end": "-",
                "data": {
                    "t": 608.542078,
                    "Δt": 10,
                    "key": "l"
                }
            },
            {
                "time": "2017-10-23T23:56:55.153Z",
                "type": "SKIP",
                "source": "hotkey",
                "_t": "17:56:55",
                "_end": "-",
                "data": {
                    "t": 618.542078,
                    "Δt": 10,
                    "key": "l"
                }
            },
            {
                "time": "2017-10-23T23:56:55.952Z",
                "type": "SKIP",
                "source": "hotkey",
                "_t": "17:56:55",
                "_end": "-",
                "data": {
                    "t": 628.542078,
                    "Δt": 1,
                    "key": "right"
                }
            },
            {
                "time": "2017-10-23T23:56:59.328Z",
                "type": "SKIP",
                "source": "hotkey",
                "_t": "17:56:59",
                "_end": "-",
                "data": {
                    "t": 629.542078,
                    "Δt": 1,
                    "key": "right"
                }
            },
            {
                "time": "2017-10-23T23:56:59.487Z",
                "type": "SKIP",
                "source": "hotkey",
                "_t": "17:56:59",
                "_end": "-",
                "data": {
                    "t": 630.542078,
                    "Δt": 1,
                    "key": "right"
                }
            }
        ]
    }
}