[{"time":3.542081,"endTime":6.542081,"type":"run","id":1},{"time":63.54208,"endTime":73.54208,"type":"skip","id":2},{"time":138.54208,"endTime":143.54208,"type":"run","id":3},{"time":275.54208,"endTime":288.54208,"type":"skip","id":4},{"time":344.54208,"endTime":348.54208,"type":"skip","id":5},{"time":420.54208,"endTime":433.54208,"type":"skip","id":6},{"time":472.54208,"endTime":477.54208,"type":"run","id":7},{"time":547.542078,"endTime":560.542078,"type":"skip","id":8},{"time":595.542078,"endTime":608.542078,"type":"skip","id":9},{"time":629.542078,"endTime":631.542078,"type":"skip","id":10}]