{
    "user_id": "012",
    "session_id": "59ec288e227e0c69a0245636",
    "study": "studyB",
    "workspace": "newrun.run-pink",
    "details": {
        "workspace": "newrun.run-pink",
        "labels": [
            {
                "time": 63.25378,
                "endTime": 74.01160464846609,
                "type": "skip",
                "id": 1
            },
            {
                "time": 138.187593,
                "endTime": 142.9570719081891,
                "type": "run",
                "id": 2
            },
            {
                "time": 276.025532,
                "endTime": 288.37318295118945,
                "type": "skip",
                "id": 3
            },
            {
                "time": 344.176086,
                "endTime": 349.0515533283755,
                "type": "run",
                "id": 4
            },
            {
                "time": 420.805713,
                "endTime": 434.10725973282644,
                "type": "skip",
                "id": 5
            },
            {
                "time": 472.475067,
                "endTime": 477.72149379900327,
                "type": "run",
                "id": 6
            },
            {
                "time": 547.302891,
                "endTime": 560.3394666823955,
                "type": "skip",
                "id": 7
            },
            {
                "time": 595.951575,
                "endTime": 608.6701854218493,
                "type": "skip",
                "id": 8
            }
        ],
        "_starts": [
            "2017-10-24T16:39:08.000Z"
        ],
        "_ends": [
            "2017-10-24T16:40:23.254Z"
        ]
    },
    "labels_file": "/home/ubuntu/vat/data/user-studies/studyB/run-pink/012.labels.json",
    "videoFlash": 3.300376,
    "surveys": {
        "user-info": {
            "firstname": "Jon",
            "lastname": "Rice",
            "email": "jon701@gmail.com"
        },
        "practice-first": {
            "question1": "0",
            "question2": "ok",
            "question3": "90",
            "question4": "2"
        },
        "practice-second": {},
        "practice-third": {},
        "practice-survey": {},
        "run-blue": {
            "question1": "2",
            "question2": "2",
            "question3": "100",
            "question4": "100"
        },
        "run-yellow": {
            "question1": "2",
            "question2": "2",
            "question3": "60",
            "question4": "90"
        },
        "run-red": {
            "question1": "2",
            "question2": "2",
            "question3": "100",
            "question4": "100"
        },
        "run-survey": {
            "question1": "1",
            "question2": "-1",
            "question3": "1",
            "question4": "-2"
        },
        "pill-blue": {
            "question1": "2",
            "question2": "2",
            "question3": "100",
            "question4": "100"
        },
        "pill-red": {
            "question1": "1",
            "question2": "2",
            "question3": "70",
            "question4": "90"
        },
        "pill-orange": {
            "question1": "2",
            "question2": "2",
            "question3": "100",
            "question4": "100"
        },
        "pills-survey": {
            "question1": "2",
            "question2": "-2",
            "question3": "2",
            "question4": "-2"
        }
    },
    "logs": {
        "labelEvents": [
            {
                "time": "2017-10-24T16:39:30.746Z",
                "type": "START",
                "source": "side-bar:button",
                "_t": "10:39:30",
                "_end": "-",
                "data": {
                    "type": "skip",
                    "time": 63.25378
                }
            },
            {
                "time": "2017-10-24T16:39:32.270Z",
                "type": "END",
                "source": "data:click:h_pos",
                "_t": "10:39:32",
                "_end": "-",
                "data": {
                    "lbl": {
                        "time": 63.25378,
                        "endTime": 74.01160464846609,
                        "type": "skip",
                        "id": 1
                    }
                }
            },
            {
                "time": "2017-10-24T16:39:35.538Z",
                "type": "START",
                "source": "side-bar:button",
                "_t": "10:39:35",
                "_end": "-",
                "data": {
                    "type": "run",
                    "time": 138.187593
                }
            },
            {
                "time": "2017-10-24T16:39:37.287Z",
                "type": "END",
                "source": "data:click:h_pos",
                "_t": "10:39:37",
                "_end": "-",
                "data": {
                    "lbl": {
                        "time": 138.187593,
                        "endTime": 142.9570719081891,
                        "type": "run",
                        "id": 2
                    }
                }
            },
            {
                "time": "2017-10-24T16:39:41.643Z",
                "type": "START",
                "source": "side-bar:button",
                "_t": "10:39:41",
                "_end": "-",
                "data": {
                    "type": "skip",
                    "time": 276.025532
                }
            },
            {
                "time": "2017-10-24T16:39:43.913Z",
                "type": "END",
                "source": "data:click:h_pos",
                "_t": "10:39:43",
                "_end": "-",
                "data": {
                    "lbl": {
                        "time": 276.025532,
                        "endTime": 288.37318295118945,
                        "type": "skip",
                        "id": 3
                    }
                }
            },
            {
                "time": "2017-10-24T16:39:48.715Z",
                "type": "START",
                "source": "side-bar:button",
                "_t": "10:39:48",
                "_end": "-",
                "data": {
                    "type": "run",
                    "time": 344.176086
                }
            },
            {
                "time": "2017-10-24T16:39:50.370Z",
                "type": "END",
                "source": "data:click:h_pos",
                "_t": "10:39:50",
                "_end": "-",
                "data": {
                    "lbl": {
                        "time": 344.176086,
                        "endTime": 349.0515533283755,
                        "type": "run",
                        "id": 4
                    }
                }
            },
            {
                "time": "2017-10-24T16:39:56.340Z",
                "type": "START",
                "source": "side-bar:button",
                "_t": "10:39:56",
                "_end": "-",
                "data": {
                    "type": "skip",
                    "time": 420.805713
                }
            },
            {
                "time": "2017-10-24T16:39:58.763Z",
                "type": "END",
                "source": "data:click:h_pos",
                "_t": "10:39:58",
                "_end": "-",
                "data": {
                    "lbl": {
                        "time": 420.805713,
                        "endTime": 434.10725973282644,
                        "type": "skip",
                        "id": 5
                    }
                }
            },
            {
                "time": "2017-10-24T16:40:03.731Z",
                "type": "START",
                "source": "side-bar:button",
                "_t": "10:40:03",
                "_end": "-",
                "data": {
                    "type": "run",
                    "time": 472.475067
                }
            },
            {
                "time": "2017-10-24T16:40:06.159Z",
                "type": "END",
                "source": "data:click:h_pos",
                "_t": "10:40:06",
                "_end": "-",
                "data": {
                    "lbl": {
                        "time": 472.475067,
                        "endTime": 477.72149379900327,
                        "type": "run",
                        "id": 6
                    }
                }
            },
            {
                "time": "2017-10-24T16:40:11.140Z",
                "type": "START",
                "source": "side-bar:button",
                "_t": "10:40:11",
                "_end": "-",
                "data": {
                    "type": "skip",
                    "time": 547.302891
                }
            },
            {
                "time": "2017-10-24T16:40:13.099Z",
                "type": "END",
                "source": "data:click:h_pos",
                "_t": "10:40:13",
                "_end": "-",
                "data": {
                    "lbl": {
                        "time": 547.302891,
                        "endTime": 560.3394666823955,
                        "type": "skip",
                        "id": 7
                    }
                }
            },
            {
                "time": "2017-10-24T16:40:18.532Z",
                "type": "START",
                "source": "side-bar:button",
                "_t": "10:40:18",
                "_end": "-",
                "data": {
                    "type": "skip",
                    "time": 595.951575
                }
            },
            {
                "time": "2017-10-24T16:40:20.401Z",
                "type": "END",
                "source": "data:click:h_pos",
                "_t": "10:40:20",
                "_end": "-",
                "data": {
                    "lbl": {
                        "time": 595.951575,
                        "endTime": 608.6701854218493,
                        "type": "skip",
                        "id": 8
                    }
                }
            }
        ],
        "navigationEvents": [
            {
                "time": {
                    "start": "2017-10-24T16:39:08.371Z",
                    "end": "2017-10-24T16:39:26.707Z"
                },
                "type": "SCRUB",
                "source": "data:drag",
                "_t": "10:39:08",
                "_end": "10:39:26",
                "data": {
                    "time": 56.79715
                }
            },
            {
                "time": "2017-10-24T16:39:27.563Z",
                "type": "PAUSE",
                "source": "video:button",
                "_t": "10:39:27",
                "_end": "-"
            },
            {
                "time": {
                    "start": "2017-10-24T16:39:08.371Z",
                    "end": "2017-10-24T16:39:29.822Z"
                },
                "type": "SCRUB",
                "source": "data:drag",
                "_t": "10:39:08",
                "_end": "10:39:29",
                "data": {
                    "time": 63.25378
                }
            },
            {
                "time": {
                    "start": "2017-10-24T16:39:08.371Z",
                    "end": "2017-10-24T16:39:32.268Z"
                },
                "type": "SCRUB",
                "source": "data:drag",
                "_t": "10:39:08",
                "_end": "10:39:32",
                "data": {
                    "time": 63.25378
                }
            },
            {
                "time": {
                    "start": "2017-10-24T16:39:08.371Z",
                    "end": "2017-10-24T16:39:34.755Z"
                },
                "type": "SCRUB",
                "source": "data:drag",
                "_t": "10:39:08",
                "_end": "10:39:34",
                "data": {
                    "time": 138.187593
                }
            },
            {
                "time": {
                    "start": "2017-10-24T16:39:08.371Z",
                    "end": "2017-10-24T16:39:37.285Z"
                },
                "type": "SCRUB",
                "source": "data:drag",
                "_t": "10:39:08",
                "_end": "10:39:37",
                "data": {
                    "time": 138.187593
                }
            },
            {
                "time": {
                    "start": "2017-10-24T16:39:08.371Z",
                    "end": "2017-10-24T16:39:38.680Z"
                },
                "type": "SCRUB",
                "source": "data:drag",
                "_t": "10:39:08",
                "_end": "10:39:38",
                "data": {
                    "time": 242.745169
                }
            },
            {
                "time": {
                    "start": "2017-10-24T16:39:08.371Z",
                    "end": "2017-10-24T16:39:40.674Z"
                },
                "type": "SCRUB",
                "source": "data:drag",
                "_t": "10:39:08",
                "_end": "10:39:40",
                "data": {
                    "time": 276.025532
                }
            },
            {
                "time": {
                    "start": "2017-10-24T16:39:08.371Z",
                    "end": "2017-10-24T16:39:43.911Z"
                },
                "type": "SCRUB",
                "source": "data:drag",
                "_t": "10:39:08",
                "_end": "10:39:43",
                "data": {
                    "time": 276.025532
                }
            },
            {
                "time": {
                    "start": "2017-10-24T16:39:08.371Z",
                    "end": "2017-10-24T16:39:47.793Z"
                },
                "type": "SCRUB",
                "source": "data:drag",
                "_t": "10:39:08",
                "_end": "10:39:47",
                "data": {
                    "time": 344.176086
                }
            },
            {
                "time": {
                    "start": "2017-10-24T16:39:08.371Z",
                    "end": "2017-10-24T16:39:50.368Z"
                },
                "type": "SCRUB",
                "source": "data:drag",
                "_t": "10:39:08",
                "_end": "10:39:50",
                "data": {
                    "time": 344.176086
                }
            },
            {
                "time": {
                    "start": "2017-10-24T16:39:08.371Z",
                    "end": "2017-10-24T16:39:53.158Z"
                },
                "type": "SCRUB",
                "source": "data:drag",
                "_t": "10:39:08",
                "_end": "10:39:53",
                "data": {
                    "time": 420.540742
                }
            },
            {
                "time": {
                    "start": "2017-10-24T16:39:08.371Z",
                    "end": "2017-10-24T16:39:54.699Z"
                },
                "type": "SCRUB",
                "source": "data:drag",
                "_t": "10:39:08",
                "_end": "10:39:54",
                "data": {
                    "time": 420.805713
                }
            },
            {
                "time": {
                    "start": "2017-10-24T16:39:08.371Z",
                    "end": "2017-10-24T16:39:58.761Z"
                },
                "type": "SCRUB",
                "source": "data:drag",
                "_t": "10:39:08",
                "_end": "10:39:58",
                "data": {
                    "time": 420.805713
                }
            },
            {
                "time": {
                    "start": "2017-10-24T16:39:08.371Z",
                    "end": "2017-10-24T16:40:01.979Z"
                },
                "type": "SCRUB",
                "source": "data:drag",
                "_t": "10:39:08",
                "_end": "10:40:01",
                "data": {
                    "time": 472.475067
                }
            },
            {
                "time": {
                    "start": "2017-10-24T16:39:08.371Z",
                    "end": "2017-10-24T16:40:06.157Z"
                },
                "type": "SCRUB",
                "source": "data:drag",
                "_t": "10:39:08",
                "_end": "10:40:06",
                "data": {
                    "time": 472.475067
                }
            },
            {
                "time": {
                    "start": "2017-10-24T16:39:08.371Z",
                    "end": "2017-10-24T16:40:10.165Z"
                },
                "type": "SCRUB",
                "source": "data:drag",
                "_t": "10:39:08",
                "_end": "10:40:10",
                "data": {
                    "time": 547.302891
                }
            },
            {
                "time": {
                    "start": "2017-10-24T16:39:08.371Z",
                    "end": "2017-10-24T16:40:13.097Z"
                },
                "type": "SCRUB",
                "source": "data:drag",
                "_t": "10:39:08",
                "_end": "10:40:13",
                "data": {
                    "time": 547.302891
                }
            },
            {
                "time": {
                    "start": "2017-10-24T16:39:08.371Z",
                    "end": "2017-10-24T16:40:17.402Z"
                },
                "type": "SCRUB",
                "source": "data:drag",
                "_t": "10:39:08",
                "_end": "10:40:17",
                "data": {
                    "time": 595.951575
                }
            },
            {
                "time": {
                    "start": "2017-10-24T16:39:08.371Z",
                    "end": "2017-10-24T16:40:20.399Z"
                },
                "type": "SCRUB",
                "source": "data:drag",
                "_t": "10:39:08",
                "_end": "10:40:20",
                "data": {
                    "time": 595.951575
                }
            }
        ]
    }
}