{
    "user_id": "016",
    "session_id": "59ec5b93227e0c69a0245640",
    "study": "studyB",
    "workspace": "newrun.run-pink",
    "details": {
        "workspace": "newrun.run-pink",
        "labels": [
            {
                "time": 63.065917,
                "endTime": 74.16096578048901,
                "type": "run",
                "id": 1
            },
            {
                "time": 138.261821,
                "endTime": 143.15822750406556,
                "type": "skip",
                "id": 2
            },
            {
                "time": 276.038365,
                "endTime": 288.85236499998973,
                "type": "run",
                "id": 3
            },
            {
                "time": 344.431783,
                "endTime": 349.7969943821193,
                "type": "skip",
                "id": 4
            },
            {
                "time": 420.742798,
                "endTime": 433.97351344715594,
                "type": "run",
                "id": 5
            },
            {
                "time": 472.519692,
                "endTime": 478.0411716748024,
                "type": "skip",
                "id": 6
            },
            {
                "time": 547.268024,
                "endTime": 560.8112760325095,
                "type": "run",
                "id": 7
            },
            {
                "time": 595.659105,
                "endTime": 608.7856415853792,
                "type": "run",
                "id": 8
            }
        ],
        "_starts": [
            "2017-10-24T16:43:38.000Z"
        ],
        "_ends": [
            "2017-10-24T16:45:35.119Z"
        ]
    },
    "labels_file": "/home/ubuntu/vat/data/user-studies/studyB/run-pink/016.labels.json",
    "videoFlash": 3.300376,
    "surveys": {
        "user-info": {
            "firstname": "Cameron",
            "lastname": "Nelson",
            "email": "cameron.nelson@byu.edu"
        },
        "practice-first": {
            "question1": "0",
            "question2": "ok",
            "question3": "50",
            "question4": "0"
        },
        "practice-second": {},
        "practice-third": {},
        "practice-survey": {},
        "run-blue": {
            "question1": "2",
            "question2": "2",
            "question3": "70",
            "question4": "100"
        },
        "run-yellow": {
            "question1": "-1",
            "question2": "1",
            "question3": "30",
            "question4": "100"
        },
        "run-red": {
            "question1": "1",
            "question2": "1",
            "question3": "100",
            "question4": "100"
        },
        "run-survey": {
            "question1": "2",
            "question2": "-1",
            "question3": "2",
            "question4": "1"
        },
        "pill-blue": {
            "question1": "2",
            "question2": "2",
            "question3": "40",
            "question4": "60"
        },
        "pill-red": {
            "question1": "-1",
            "question2": "1",
            "question3": "40",
            "question4": "100"
        },
        "pill-orange": {
            "question1": "2",
            "question2": "2",
            "question3": "100",
            "question4": "100"
        },
        "pills-survey": {
            "question1": "2",
            "question2": "-1",
            "question3": "2",
            "question4": "1"
        }
    },
    "logs": {
        "labelEvents": [
            {
                "time": "2017-10-24T16:44:03.428Z",
                "type": "START",
                "source": "side-bar:button",
                "_t": "10:44:03",
                "_end": "-",
                "data": {
                    "type": "run",
                    "time": 63.065917
                }
            },
            {
                "time": "2017-10-24T16:44:05.909Z",
                "type": "END",
                "source": "data:click:h_pos",
                "_t": "10:44:05",
                "_end": "-",
                "data": {
                    "lbl": {
                        "time": 63.065917,
                        "endTime": 74.16096578048901,
                        "type": "run",
                        "id": 1
                    }
                }
            },
            {
                "time": "2017-10-24T16:44:14.540Z",
                "type": "START",
                "source": "side-bar:button",
                "_t": "10:44:14",
                "_end": "-",
                "data": {
                    "type": "skip",
                    "time": 138.261821
                }
            },
            {
                "time": "2017-10-24T16:44:18.448Z",
                "type": "END",
                "source": "data:click:h_pos",
                "_t": "10:44:18",
                "_end": "-",
                "data": {
                    "lbl": {
                        "time": 138.261821,
                        "endTime": 143.15822750406556,
                        "type": "skip",
                        "id": 2
                    }
                }
            },
            {
                "time": "2017-10-24T16:44:27.244Z",
                "type": "START",
                "source": "side-bar:button",
                "_t": "10:44:27",
                "_end": "-",
                "data": {
                    "type": "run",
                    "time": 276.038365
                }
            },
            {
                "time": "2017-10-24T16:44:31.007Z",
                "type": "END",
                "source": "data:click:h_pos",
                "_t": "10:44:31",
                "_end": "-",
                "data": {
                    "lbl": {
                        "time": 276.038365,
                        "endTime": 288.85236499998973,
                        "type": "run",
                        "id": 3
                    }
                }
            },
            {
                "time": "2017-10-24T16:44:47.189Z",
                "type": "START",
                "source": "side-bar:button",
                "_t": "10:44:47",
                "_end": "-",
                "data": {
                    "type": "skip",
                    "time": 344.431783
                }
            },
            {
                "time": "2017-10-24T16:44:52.080Z",
                "type": "END",
                "source": "data:click:h_pos",
                "_t": "10:44:52",
                "_end": "-",
                "data": {
                    "lbl": {
                        "time": 344.431783,
                        "endTime": 349.7969943821193,
                        "type": "skip",
                        "id": 4
                    }
                }
            },
            {
                "time": "2017-10-24T16:44:57.717Z",
                "type": "START",
                "source": "side-bar:button",
                "_t": "10:44:57",
                "_end": "-",
                "data": {
                    "type": "run",
                    "time": 420.742798
                }
            },
            {
                "time": "2017-10-24T16:45:01.272Z",
                "type": "END",
                "source": "data:click:h_pos",
                "_t": "10:45:01",
                "_end": "-",
                "data": {
                    "lbl": {
                        "time": 420.742798,
                        "endTime": 433.97351344715594,
                        "type": "run",
                        "id": 5
                    }
                }
            },
            {
                "time": "2017-10-24T16:45:07.597Z",
                "type": "START",
                "source": "side-bar:button",
                "_t": "10:45:07",
                "_end": "-",
                "data": {
                    "type": "skip",
                    "time": 472.519692
                }
            },
            {
                "time": "2017-10-24T16:45:10.165Z",
                "type": "END",
                "source": "data:click:h_pos",
                "_t": "10:45:10",
                "_end": "-",
                "data": {
                    "lbl": {
                        "time": 472.519692,
                        "endTime": 478.0411716748024,
                        "type": "skip",
                        "id": 6
                    }
                }
            },
            {
                "time": "2017-10-24T16:45:15.910Z",
                "type": "START",
                "source": "side-bar:button",
                "_t": "10:45:15",
                "_end": "-",
                "data": {
                    "type": "run",
                    "time": 547.268024
                }
            },
            {
                "time": "2017-10-24T16:45:19.231Z",
                "type": "END",
                "source": "data:click:h_pos",
                "_t": "10:45:19",
                "_end": "-",
                "data": {
                    "lbl": {
                        "time": 547.268024,
                        "endTime": 560.8112760325095,
                        "type": "run",
                        "id": 7
                    }
                }
            },
            {
                "time": "2017-10-24T16:45:26.269Z",
                "type": "START",
                "source": "side-bar:button",
                "_t": "10:45:26",
                "_end": "-",
                "data": {
                    "type": "run",
                    "time": 595.659105
                }
            },
            {
                "time": "2017-10-24T16:45:29.029Z",
                "type": "END",
                "source": "data:click:h_pos",
                "_t": "10:45:29",
                "_end": "-",
                "data": {
                    "lbl": {
                        "time": 595.659105,
                        "endTime": 608.7856415853792,
                        "type": "run",
                        "id": 8
                    }
                }
            }
        ],
        "navigationEvents": [
            {
                "time": {
                    "start": "2017-10-24T16:43:38.396Z",
                    "end": "2017-10-24T16:43:53.570Z"
                },
                "type": "SCRUB",
                "source": "data:drag",
                "_t": "10:43:38",
                "_end": "10:43:53",
                "data": {
                    "time": 41.552785
                }
            },
            {
                "time": {
                    "start": "2017-10-24T16:43:38.396Z",
                    "end": "2017-10-24T16:43:59.546Z"
                },
                "type": "SCRUB",
                "source": "data:drag",
                "_t": "10:43:38",
                "_end": "10:43:59",
                "data": {
                    "time": 61.668333
                }
            },
            {
                "time": "2017-10-24T16:44:00.939Z",
                "type": "PAUSE",
                "source": "hotkey",
                "_t": "10:44:00",
                "_end": "-",
                "data": {
                    "key": "space"
                }
            },
            {
                "time": {
                    "start": "2017-10-24T16:43:38.396Z",
                    "end": "2017-10-24T16:44:05.908Z"
                },
                "type": "SCRUB",
                "source": "data:drag",
                "_t": "10:43:38",
                "_end": "10:44:05",
                "data": {
                    "time": 63.065917
                }
            },
            {
                "time": "2017-10-24T16:44:06.653Z",
                "type": "PLAY",
                "source": "hotkey",
                "_t": "10:44:06",
                "_end": "-",
                "data": {
                    "key": "space"
                }
            },
            {
                "time": {
                    "start": "2017-10-24T16:43:38.396Z",
                    "end": "2017-10-24T16:44:08.663Z"
                },
                "type": "SCRUB",
                "source": "data:drag",
                "_t": "10:43:38",
                "_end": "10:44:08",
                "data": {
                    "time": 129.285359
                }
            },
            {
                "time": {
                    "start": "2017-10-24T16:43:38.396Z",
                    "end": "2017-10-24T16:44:12.437Z"
                },
                "type": "SCRUB",
                "source": "data:drag",
                "_t": "10:43:38",
                "_end": "10:44:12",
                "data": {
                    "time": 137.668071
                }
            },
            {
                "time": "2017-10-24T16:44:13.036Z",
                "type": "PAUSE",
                "source": "hotkey",
                "_t": "10:44:13",
                "_end": "-",
                "data": {
                    "key": "space"
                }
            },
            {
                "time": {
                    "start": "2017-10-24T16:43:38.396Z",
                    "end": "2017-10-24T16:44:18.446Z"
                },
                "type": "SCRUB",
                "source": "data:drag",
                "_t": "10:43:38",
                "_end": "10:44:18",
                "data": {
                    "time": 138.261821
                }
            },
            {
                "time": {
                    "start": "2017-10-24T16:43:38.396Z",
                    "end": "2017-10-24T16:44:20.039Z"
                },
                "type": "SCRUB",
                "source": "data:drag",
                "_t": "10:43:38",
                "_end": "10:44:20",
                "data": {
                    "time": 197.174967
                }
            },
            {
                "time": {
                    "start": "2017-10-24T16:43:38.396Z",
                    "end": "2017-10-24T16:44:21.566Z"
                },
                "type": "SCRUB",
                "source": "data:drag",
                "_t": "10:43:38",
                "_end": "10:44:21",
                "data": {
                    "time": 258.015422
                }
            },
            {
                "time": {
                    "start": "2017-10-24T16:43:38.396Z",
                    "end": "2017-10-24T16:44:24.045Z"
                },
                "type": "SCRUB",
                "source": "data:drag",
                "_t": "10:43:38",
                "_end": "10:44:24",
                "data": {
                    "time": 276.038365
                }
            },
            {
                "time": {
                    "start": "2017-10-24T16:43:38.396Z",
                    "end": "2017-10-24T16:44:31.004Z"
                },
                "type": "SCRUB",
                "source": "data:drag",
                "_t": "10:43:38",
                "_end": "10:44:31",
                "data": {
                    "time": 276.038365
                }
            },
            {
                "time": {
                    "start": "2017-10-24T16:43:38.396Z",
                    "end": "2017-10-24T16:44:34.941Z"
                },
                "type": "SCRUB",
                "source": "data:drag",
                "_t": "10:43:38",
                "_end": "10:44:34",
                "data": {
                    "time": 184.986039
                }
            },
            {
                "time": {
                    "start": "2017-10-24T16:43:38.396Z",
                    "end": "2017-10-24T16:44:37.058Z"
                },
                "type": "SCRUB",
                "source": "data:drag",
                "_t": "10:43:38",
                "_end": "10:44:37",
                "data": {
                    "time": 126.541697
                }
            },
            {
                "time": {
                    "start": "2017-10-24T16:43:38.396Z",
                    "end": "2017-10-24T16:44:39.284Z"
                },
                "type": "SCRUB",
                "source": "data:drag",
                "_t": "10:43:38",
                "_end": "10:44:39",
                "data": {
                    "time": 151.284176
                }
            },
            {
                "time": {
                    "start": "2017-10-24T16:43:38.396Z",
                    "end": "2017-10-24T16:44:40.246Z"
                },
                "type": "SCRUB",
                "source": "data:drag",
                "_t": "10:43:38",
                "_end": "10:44:40",
                "data": {
                    "time": 208.842997
                }
            },
            {
                "time": {
                    "start": "2017-10-24T16:43:38.396Z",
                    "end": "2017-10-24T16:44:41.213Z"
                },
                "type": "SCRUB",
                "source": "data:drag",
                "_t": "10:43:38",
                "_end": "10:44:41",
                "data": {
                    "time": 264.266151
                }
            },
            {
                "time": {
                    "start": "2017-10-24T16:43:38.396Z",
                    "end": "2017-10-24T16:44:42.537Z"
                },
                "type": "SCRUB",
                "source": "data:drag",
                "_t": "10:43:38",
                "_end": "10:44:42",
                "data": {
                    "time": 314.011556
                }
            },
            {
                "time": {
                    "start": "2017-10-24T16:43:38.396Z",
                    "end": "2017-10-24T16:44:46.061Z"
                },
                "type": "SCRUB",
                "source": "data:drag",
                "_t": "10:43:38",
                "_end": "10:44:46",
                "data": {
                    "time": 344.431783
                }
            },
            {
                "time": {
                    "start": "2017-10-24T16:43:38.396Z",
                    "end": "2017-10-24T16:44:52.077Z"
                },
                "type": "SCRUB",
                "source": "data:drag",
                "_t": "10:43:38",
                "_end": "10:44:52",
                "data": {
                    "time": 344.431783
                }
            },
            {
                "time": {
                    "start": "2017-10-24T16:43:38.396Z",
                    "end": "2017-10-24T16:44:53.540Z"
                },
                "type": "SCRUB",
                "source": "data:drag",
                "_t": "10:43:38",
                "_end": "10:44:53",
                "data": {
                    "time": 413.085652
                }
            },
            {
                "time": {
                    "start": "2017-10-24T16:43:38.396Z",
                    "end": "2017-10-24T16:44:56.114Z"
                },
                "type": "SCRUB",
                "source": "data:drag",
                "_t": "10:43:38",
                "_end": "10:44:56",
                "data": {
                    "time": 420.742798
                }
            },
            {
                "time": {
                    "start": "2017-10-24T16:43:38.396Z",
                    "end": "2017-10-24T16:45:01.269Z"
                },
                "type": "SCRUB",
                "source": "data:drag",
                "_t": "10:43:38",
                "_end": "10:45:01",
                "data": {
                    "time": 420.742798
                }
            },
            {
                "time": {
                    "start": "2017-10-24T16:43:38.396Z",
                    "end": "2017-10-24T16:45:05.891Z"
                },
                "type": "SCRUB",
                "source": "data:drag",
                "_t": "10:43:38",
                "_end": "10:45:05",
                "data": {
                    "time": 472.519692
                }
            },
            {
                "time": {
                    "start": "2017-10-24T16:43:38.396Z",
                    "end": "2017-10-24T16:45:10.164Z"
                },
                "type": "SCRUB",
                "source": "data:drag",
                "_t": "10:43:38",
                "_end": "10:45:10",
                "data": {
                    "time": 472.519692
                }
            },
            {
                "time": {
                    "start": "2017-10-24T16:43:38.396Z",
                    "end": "2017-10-24T16:45:11.594Z"
                },
                "type": "SCRUB",
                "source": "data:drag",
                "_t": "10:43:38",
                "_end": "10:45:11",
                "data": {
                    "time": 536.589691
                }
            },
            {
                "time": {
                    "start": "2017-10-24T16:43:38.396Z",
                    "end": "2017-10-24T16:45:14.582Z"
                },
                "type": "SCRUB",
                "source": "data:drag",
                "_t": "10:43:38",
                "_end": "10:45:14",
                "data": {
                    "time": 547.268024
                }
            },
            {
                "time": {
                    "start": "2017-10-24T16:43:38.396Z",
                    "end": "2017-10-24T16:45:19.229Z"
                },
                "type": "SCRUB",
                "source": "data:drag",
                "_t": "10:43:38",
                "_end": "10:45:19",
                "data": {
                    "time": 547.268024
                }
            },
            {
                "time": {
                    "start": "2017-10-24T16:43:38.396Z",
                    "end": "2017-10-24T16:45:24.950Z"
                },
                "type": "SCRUB",
                "source": "data:drag",
                "_t": "10:43:38",
                "_end": "10:45:24",
                "data": {
                    "time": 595.659105
                }
            },
            {
                "time": {
                    "start": "2017-10-24T16:43:38.396Z",
                    "end": "2017-10-24T16:45:29.028Z"
                },
                "type": "SCRUB",
                "source": "data:drag",
                "_t": "10:43:38",
                "_end": "10:45:29",
                "data": {
                    "time": 595.659105
                }
            },
            {
                "time": {
                    "start": "2017-10-24T16:43:38.396Z",
                    "end": "2017-10-24T16:45:30.935Z"
                },
                "type": "SCRUB",
                "source": "data:drag",
                "_t": "10:43:38",
                "_end": "10:45:30",
                "data": {
                    "time": 615.661446
                }
            },
            {
                "time": {
                    "start": "2017-10-24T16:43:38.396Z",
                    "end": "2017-10-24T16:45:33.199Z"
                },
                "type": "SCRUB",
                "source": "data:drag",
                "_t": "10:43:38",
                "_end": "10:45:33",
                "data": {
                    "time": 638.476616
                }
            }
        ]
    }
}