{
    "user_id": "024",
    "session_id": "59ef83db5efd4d725417b82c",
    "study": "studyB",
    "workspace": "newrun.run-pink",
    "details": {
        "workspace": "newrun.run-pink",
        "labels": [
            {
                "time": 63.212143,
                "endTime": 73.83838690244018,
                "type": "skip",
                "id": 1
            },
            {
                "time": 138.325102,
                "endTime": 142.59643533333573,
                "type": "run",
                "id": 2
            },
            {
                "time": 276.414182,
                "endTime": 288.0822145203265,
                "type": "skip",
                "id": 3
            },
            {
                "time": 344.495067,
                "endTime": 348.97475805690704,
                "type": "run",
                "id": 4
            },
            {
                "time": 421.01444,
                "endTime": 433.6200822764127,
                "type": "skip",
                "id": 5
            },
            {
                "time": 472.635066,
                "endTime": 477.58356193496445,
                "type": "run",
                "id": 6
            },
            {
                "time": 547.331309,
                "endTime": 560.2494878617783,
                "type": "skip",
                "id": 7
            },
            {
                "time": 596.243284,
                "endTime": 608.3280316747655,
                "type": "skip",
                "id": 8
            }
        ],
        "_starts": [
            "2017-10-24T18:47:27.000Z"
        ],
        "_ends": [
            "2017-10-24T18:49:12.493Z"
        ]
    },
    "labels_file": "/home/ubuntu/vat/data/user-studies/studyB/run-pink/024.labels.json",
    "videoFlash": 3.300376,
    "surveys": {
        "user-info": {
            "firstname": "Gabriel Elliot",
            "lastname": "Cano",
            "email": "darockstop@gmail.com"
        },
        "practice-first": {
            "question1": "2",
            "question2": "ok",
            "question3": "100",
            "question4": "2"
        },
        "practice-second": {},
        "practice-third": {},
        "practice-survey": {},
        "run-blue": {
            "question1": "2",
            "question2": "2",
            "question3": "100",
            "question4": "90"
        },
        "run-yellow": {
            "question1": "-2",
            "question2": "2",
            "question3": "60",
            "question4": "70"
        },
        "run-red": {
            "question1": "1",
            "question2": "1",
            "question3": "100",
            "question4": "80"
        },
        "run-survey": {
            "question1": "2",
            "question2": "-2",
            "question3": "2",
            "question4": "2"
        },
        "pill-blue": {
            "question1": "2",
            "question2": "2",
            "question3": "100",
            "question4": "90"
        },
        "pill-red": {
            "question1": "-2",
            "question2": "2",
            "question3": "40",
            "question4": "60"
        },
        "pill-orange": {
            "question1": "0",
            "question2": "0",
            "question3": "100",
            "question4": "90"
        },
        "pills-survey": {
            "question1": "2",
            "question2": "1",
            "question3": "2",
            "question4": "2"
        }
    },
    "logs": {
        "labelEvents": [
            {
                "time": "2017-10-24T18:47:55.419Z",
                "type": "START",
                "source": "hotkey",
                "_t": "12:47:55",
                "_end": "-",
                "data": {
                    "type": "skip",
                    "time": 63.212143
                }
            },
            {
                "time": "2017-10-24T18:47:57.141Z",
                "type": "END",
                "source": "data:click:h_pos",
                "_t": "12:47:57",
                "_end": "-",
                "data": {
                    "lbl": {
                        "time": 63.212143,
                        "endTime": 73.83838690244018,
                        "type": "skip",
                        "id": 1
                    }
                }
            },
            {
                "time": "2017-10-24T18:48:00.780Z",
                "type": "START",
                "source": "hotkey",
                "_t": "12:48:00",
                "_end": "-",
                "data": {
                    "type": "run",
                    "time": 138.325102
                }
            },
            {
                "time": "2017-10-24T18:48:02.645Z",
                "type": "END",
                "source": "data:click:h_pos",
                "_t": "12:48:02",
                "_end": "-",
                "data": {
                    "lbl": {
                        "time": 138.325102,
                        "endTime": 142.59643533333573,
                        "type": "run",
                        "id": 2
                    }
                }
            },
            {
                "time": "2017-10-24T18:48:07.584Z",
                "type": "START",
                "source": "hotkey",
                "_t": "12:48:07",
                "_end": "-",
                "data": {
                    "type": "skip",
                    "time": 276.414182
                }
            },
            {
                "time": "2017-10-24T18:48:09.845Z",
                "type": "END",
                "source": "data:click:h_pos",
                "_t": "12:48:09",
                "_end": "-",
                "data": {
                    "lbl": {
                        "time": 276.414182,
                        "endTime": 288.0822145203265,
                        "type": "skip",
                        "id": 3
                    }
                }
            },
            {
                "time": "2017-10-24T18:48:26.956Z",
                "type": "START",
                "source": "hotkey",
                "_t": "12:48:26",
                "_end": "-",
                "data": {
                    "type": "run",
                    "time": 344.495067
                }
            },
            {
                "time": "2017-10-24T18:48:28.956Z",
                "type": "END",
                "source": "data:click:h_pos",
                "_t": "12:48:28",
                "_end": "-",
                "data": {
                    "lbl": {
                        "time": 344.495067,
                        "endTime": 348.97475805690704,
                        "type": "run",
                        "id": 4
                    }
                }
            },
            {
                "time": "2017-10-24T18:48:31.756Z",
                "type": "START",
                "source": "hotkey",
                "_t": "12:48:31",
                "_end": "-",
                "data": {
                    "type": "skip",
                    "time": 421.01444
                }
            },
            {
                "time": "2017-10-24T18:48:33.749Z",
                "type": "END",
                "source": "data:click:h_pos",
                "_t": "12:48:33",
                "_end": "-",
                "data": {
                    "lbl": {
                        "time": 421.01444,
                        "endTime": 433.6200822764127,
                        "type": "skip",
                        "id": 5
                    }
                }
            },
            {
                "time": "2017-10-24T18:48:36.830Z",
                "type": "START",
                "source": "hotkey",
                "_t": "12:48:36",
                "_end": "-",
                "data": {
                    "type": "run",
                    "time": 472.635066
                }
            },
            {
                "time": "2017-10-24T18:48:37.477Z",
                "type": "END",
                "source": "data:click:h_pos",
                "_t": "12:48:37",
                "_end": "-",
                "data": {
                    "lbl": {
                        "time": 472.635066,
                        "endTime": 477.58356193496445,
                        "type": "run",
                        "id": 6
                    }
                }
            },
            {
                "time": "2017-10-24T18:48:43.281Z",
                "type": "START",
                "source": "hotkey",
                "_t": "12:48:43",
                "_end": "-",
                "data": {
                    "type": "skip",
                    "time": 547.331309
                }
            },
            {
                "time": "2017-10-24T18:48:45.381Z",
                "type": "END",
                "source": "data:click:h_pos",
                "_t": "12:48:45",
                "_end": "-",
                "data": {
                    "lbl": {
                        "time": 547.331309,
                        "endTime": 560.2494878617783,
                        "type": "skip",
                        "id": 7
                    }
                }
            },
            {
                "time": "2017-10-24T18:48:51.805Z",
                "type": "START",
                "source": "hotkey",
                "_t": "12:48:51",
                "_end": "-",
                "data": {
                    "type": "skip",
                    "time": 596.243284
                }
            },
            {
                "time": "2017-10-24T18:48:55.574Z",
                "type": "END",
                "source": "data:click:h_pos",
                "_t": "12:48:55",
                "_end": "-",
                "data": {
                    "lbl": {
                        "time": 596.243284,
                        "endTime": 608.3280316747655,
                        "type": "skip",
                        "id": 8
                    }
                }
            }
        ],
        "navigationEvents": [
            {
                "time": {
                    "start": "2017-10-24T18:47:27.891Z",
                    "end": "2017-10-24T18:47:42.899Z"
                },
                "type": "SCRUB",
                "source": "data:drag",
                "_t": "12:47:27",
                "_end": "12:47:42",
                "data": {
                    "time": 63.099042
                }
            },
            {
                "time": {
                    "start": "2017-10-24T18:47:27.891Z",
                    "end": "2017-10-24T18:47:46.601Z"
                },
                "type": "SCRUB",
                "source": "data:drag",
                "_t": "12:47:27",
                "_end": "12:47:46",
                "data": {
                    "time": 63.72883
                }
            },
            {
                "time": "2017-10-24T18:47:47.267Z",
                "type": "PAUSE",
                "source": "video:button",
                "_t": "12:47:47",
                "_end": "-"
            },
            {
                "time": {
                    "start": "2017-10-24T18:47:27.891Z",
                    "end": "2017-10-24T18:47:48.891Z"
                },
                "type": "SCRUB",
                "source": "data:drag",
                "_t": "12:47:27",
                "_end": "12:47:48",
                "data": {
                    "time": 63.212143
                }
            },
            {
                "time": {
                    "start": "2017-10-24T18:47:27.891Z",
                    "end": "2017-10-24T18:47:57.139Z"
                },
                "type": "SCRUB",
                "source": "data:drag",
                "_t": "12:47:27",
                "_end": "12:47:57",
                "data": {
                    "time": 63.212143
                }
            },
            {
                "time": {
                    "start": "2017-10-24T18:47:27.891Z",
                    "end": "2017-10-24T18:48:00.458Z"
                },
                "type": "SCRUB",
                "source": "data:drag",
                "_t": "12:47:27",
                "_end": "12:48:00",
                "data": {
                    "time": 138.325102
                }
            },
            {
                "time": {
                    "start": "2017-10-24T18:47:27.891Z",
                    "end": "2017-10-24T18:48:02.642Z"
                },
                "type": "SCRUB",
                "source": "data:drag",
                "_t": "12:47:27",
                "_end": "12:48:02",
                "data": {
                    "time": 138.325102
                }
            },
            {
                "time": {
                    "start": "2017-10-24T18:47:27.891Z",
                    "end": "2017-10-24T18:48:04.444Z"
                },
                "type": "SCRUB",
                "source": "data:drag",
                "_t": "12:47:27",
                "_end": "12:48:04",
                "data": {
                    "time": 242.243516
                }
            },
            {
                "time": {
                    "start": "2017-10-24T18:47:27.891Z",
                    "end": "2017-10-24T18:48:07.299Z"
                },
                "type": "SCRUB",
                "source": "data:drag",
                "_t": "12:47:27",
                "_end": "12:48:07",
                "data": {
                    "time": 276.414182
                }
            },
            {
                "time": {
                    "start": "2017-10-24T18:47:27.891Z",
                    "end": "2017-10-24T18:48:09.843Z"
                },
                "type": "SCRUB",
                "source": "data:drag",
                "_t": "12:47:27",
                "_end": "12:48:09",
                "data": {
                    "time": 276.414182
                }
            },
            {
                "time": {
                    "start": "2017-10-24T18:47:27.891Z",
                    "end": "2017-10-24T18:48:11.672Z"
                },
                "type": "SCRUB",
                "source": "data:drag",
                "_t": "12:47:27",
                "_end": "12:48:11",
                "data": {
                    "time": 182.184401
                }
            },
            {
                "time": {
                    "start": "2017-10-24T18:47:27.891Z",
                    "end": "2017-10-24T18:48:19.051Z"
                },
                "type": "SCRUB",
                "source": "data:drag",
                "_t": "12:47:27",
                "_end": "12:48:19",
                "data": {
                    "time": 269.955092
                }
            },
            {
                "time": {
                    "start": "2017-10-24T18:47:27.891Z",
                    "end": "2017-10-24T18:48:25.909Z"
                },
                "type": "SCRUB",
                "source": "data:drag",
                "_t": "12:47:27",
                "_end": "12:48:25",
                "data": {
                    "time": 344.495067
                }
            },
            {
                "time": {
                    "start": "2017-10-24T18:47:27.891Z",
                    "end": "2017-10-24T18:48:28.953Z"
                },
                "type": "SCRUB",
                "source": "data:drag",
                "_t": "12:47:27",
                "_end": "12:48:28",
                "data": {
                    "time": 344.495067
                }
            },
            {
                "time": {
                    "start": "2017-10-24T18:47:27.891Z",
                    "end": "2017-10-24T18:48:31.539Z"
                },
                "type": "SCRUB",
                "source": "data:drag",
                "_t": "12:47:27",
                "_end": "12:48:31",
                "data": {
                    "time": 421.01444
                }
            },
            {
                "time": {
                    "start": "2017-10-24T18:47:27.891Z",
                    "end": "2017-10-24T18:48:33.747Z"
                },
                "type": "SCRUB",
                "source": "data:drag",
                "_t": "12:47:27",
                "_end": "12:48:33",
                "data": {
                    "time": 421.01444
                }
            },
            {
                "time": {
                    "start": "2017-10-24T18:47:27.891Z",
                    "end": "2017-10-24T18:48:36.331Z"
                },
                "type": "SCRUB",
                "source": "data:drag",
                "_t": "12:47:27",
                "_end": "12:48:36",
                "data": {
                    "time": 472.635066
                }
            },
            {
                "time": {
                    "start": "2017-10-24T18:47:27.891Z",
                    "end": "2017-10-24T18:48:37.475Z"
                },
                "type": "SCRUB",
                "source": "data:drag",
                "_t": "12:47:27",
                "_end": "12:48:37",
                "data": {
                    "time": 472.635066
                }
            },
            {
                "time": {
                    "start": "2017-10-24T18:47:27.891Z",
                    "end": "2017-10-24T18:48:41.284Z"
                },
                "type": "SCRUB",
                "source": "data:drag",
                "_t": "12:47:27",
                "_end": "12:48:41",
                "data": {
                    "time": 547.331309
                }
            },
            {
                "time": {
                    "start": "2017-10-24T18:47:27.891Z",
                    "end": "2017-10-24T18:48:43.059Z"
                },
                "type": "SCRUB",
                "source": "data:drag",
                "_t": "12:47:27",
                "_end": "12:48:43",
                "data": {
                    "time": 547.331309
                }
            },
            {
                "time": {
                    "start": "2017-10-24T18:47:27.891Z",
                    "end": "2017-10-24T18:48:45.379Z"
                },
                "type": "SCRUB",
                "source": "data:drag",
                "_t": "12:47:27",
                "_end": "12:48:45",
                "data": {
                    "time": 547.331309
                }
            },
            {
                "time": {
                    "start": "2017-10-24T18:47:27.891Z",
                    "end": "2017-10-24T18:48:51.547Z"
                },
                "type": "SCRUB",
                "source": "data:drag",
                "_t": "12:47:27",
                "_end": "12:48:51",
                "data": {
                    "time": 596.243284
                }
            },
            {
                "time": {
                    "start": "2017-10-24T18:47:27.891Z",
                    "end": "2017-10-24T18:48:53.795Z"
                },
                "type": "SCRUB",
                "source": "data:drag",
                "_t": "12:47:27",
                "_end": "12:48:53",
                "data": {
                    "time": 596.399552
                }
            },
            {
                "time": {
                    "start": "2017-10-24T18:47:27.891Z",
                    "end": "2017-10-24T18:48:55.571Z"
                },
                "type": "SCRUB",
                "source": "data:drag",
                "_t": "12:47:27",
                "_end": "12:48:55",
                "data": {
                    "time": 596.399552
                }
            },
            {
                "time": {
                    "start": "2017-10-24T18:47:27.891Z",
                    "end": "2017-10-24T18:48:58.660Z"
                },
                "type": "SCRUB",
                "source": "data:drag",
                "_t": "12:47:27",
                "_end": "12:48:58",
                "data": {
                    "time": 534.100592
                }
            },
            {
                "time": {
                    "start": "2017-10-24T18:47:27.891Z",
                    "end": "2017-10-24T18:49:02.867Z"
                },
                "type": "SCRUB",
                "source": "data:drag",
                "_t": "12:47:27",
                "_end": "12:49:02",
                "data": {
                    "time": 561.239185
                }
            },
            {
                "time": {
                    "start": "2017-10-24T18:47:27.891Z",
                    "end": "2017-10-24T18:49:05.461Z"
                },
                "type": "SCRUB",
                "source": "data:drag",
                "_t": "12:47:27",
                "_end": "12:49:05",
                "data": {
                    "time": 481.07355
                }
            },
            {
                "time": {
                    "start": "2017-10-24T18:47:27.891Z",
                    "end": "2017-10-24T18:49:06.593Z"
                },
                "type": "SCRUB",
                "source": "data:drag",
                "_t": "12:47:27",
                "_end": "12:49:06",
                "data": {
                    "time": 421.274883
                }
            },
            {
                "time": {
                    "start": "2017-10-24T18:47:27.891Z",
                    "end": "2017-10-24T18:49:07.792Z"
                },
                "type": "SCRUB",
                "source": "data:drag",
                "_t": "12:47:27",
                "_end": "12:49:07",
                "data": {
                    "time": 349.443557
                }
            },
            {
                "time": {
                    "start": "2017-10-24T18:47:27.891Z",
                    "end": "2017-10-24T18:49:08.968Z"
                },
                "type": "SCRUB",
                "source": "data:drag",
                "_t": "12:47:27",
                "_end": "12:49:08",
                "data": {
                    "time": 275.268207
                }
            },
            {
                "time": {
                    "start": "2017-10-24T18:47:27.891Z",
                    "end": "2017-10-24T18:49:10.145Z"
                },
                "type": "SCRUB",
                "source": "data:drag",
                "_t": "12:47:27",
                "_end": "12:49:10",
                "data": {
                    "time": 210.00015
                }
            }
        ]
    }
}