{
    "user_id": "029",
    "session_id": "59ef9e505efd4d725417b888",
    "study": "studyB",
    "workspace": "newrun.run-pink",
    "details": {
        "workspace": "newrun.run-pink",
        "labels": [
            {
                "time": 63.662327,
                "endTime": 74.063989,
                "type": "run",
                "id": 1
            },
            {
                "time": 138.779792,
                "endTime": 142.803826,
                "type": "run",
                "id": 2
            },
            {
                "time": 138.779792,
                "endTime": 138.779792,
                "type": "run",
                "id": 3
            },
            {
                "time": 276.228354,
                "endTime": 287.988646,
                "type": "skip",
                "id": 4
            },
            {
                "time": 276.228354,
                "endTime": 276.228354,
                "type": "skip",
                "id": 5
            },
            {
                "time": 344.365575,
                "endTime": 348.837903,
                "type": "run",
                "id": 6
            },
            {
                "time": 344.365575,
                "endTime": 344.365575,
                "type": "run",
                "id": 7
            },
            {
                "time": 420.929571,
                "endTime": 433.370357,
                "type": "skip",
                "id": 8
            },
            {
                "time": 472.80966,
                "endTime": 477.673589,
                "type": "run",
                "id": 9
            },
            {
                "time": 547.604405,
                "endTime": 560.337753,
                "type": "skip",
                "id": 10
            }
        ],
        "_starts": [
            "2017-10-24T20:43:33.000Z"
        ],
        "_ends": [
            "2017-10-24T20:45:37.529Z",
            "2017-10-24T20:46:53.862Z"
        ]
    },
    "labels_file": "/home/ubuntu/vat/data/user-studies/studyB/run-pink/029.labels.json",
    "videoFlash": 3.300376,
    "surveys": {
        "user-info": {
            "firstname": "Liesl",
            "lastname": "Cardon",
            "email": "cardonliesl@gmail.com"
        },
        "practice-first": {
            "question1": "2",
            "question2": "ok",
            "question3": "50",
            "question4": "0"
        },
        "practice-second": {},
        "practice-third": {},
        "practice-survey": {},
        "run-blue": {
            "question1": "0",
            "question2": "2",
            "question3": "40",
            "question4": "40"
        },
        "run-yellow": {
            "question1": "-2",
            "question2": "0",
            "question3": "10",
            "question4": "10"
        },
        "run-red": {
            "question1": "-1",
            "question2": "-2",
            "question3": "80",
            "question4": "60"
        },
        "run-survey": {
            "question1": "2",
            "question2": "-2",
            "question3": "2",
            "question4": "1"
        },
        "pill-blue": {
            "question1": "2",
            "question2": "2",
            "question3": "20",
            "question4": "10"
        },
        "pill-red": {
            "question1": "-1",
            "question2": "1",
            "question3": "50",
            "question4": "40"
        },
        "pill-orange": {
            "question1": "-1",
            "question2": "-1",
            "question3": "80",
            "question4": "70"
        },
        "pills-survey": {
            "question1": "2",
            "question2": "1",
            "question3": "2",
            "question4": "2"
        }
    },
    "logs": {
        "labelEvents": [
            {
                "time": "2017-10-24T20:44:10.792Z",
                "type": "START",
                "source": "side-bar:button",
                "_t": "14:44:10",
                "_end": "-",
                "data": {
                    "type": "run",
                    "time": 63.662327
                }
            },
            {
                "time": "2017-10-24T20:44:21.196Z",
                "type": "END",
                "source": "side-bar:button:ctb",
                "_t": "14:44:21",
                "_end": "-",
                "data": {
                    "lbl": {
                        "time": 63.662327,
                        "endTime": 74.063989,
                        "type": "run",
                        "id": 1
                    }
                }
            },
            {
                "time": "2017-10-24T20:44:22.815Z",
                "type": "SELECT",
                "source": "data:click",
                "_t": "14:44:22",
                "_end": "-",
                "data": {
                    "time": 63.662327,
                    "endTime": 74.063989,
                    "type": "run",
                    "id": 1
                }
            },
            {
                "time": "2017-10-24T20:44:24.469Z",
                "type": "DESELECT",
                "source": "side-bar:button",
                "_t": "14:44:24",
                "_end": "-",
                "data": {
                    "time": 63.662327,
                    "endTime": 74.063989,
                    "type": "run",
                    "id": 1
                }
            },
            {
                "time": "2017-10-24T20:44:34.762Z",
                "type": "START",
                "source": "side-bar:button",
                "_t": "14:44:34",
                "_end": "-",
                "data": {
                    "type": "run",
                    "time": 138.779792
                }
            },
            {
                "time": "2017-10-24T20:44:38.781Z",
                "type": "START",
                "source": "side-bar:button",
                "_t": "14:44:38",
                "_end": "-",
                "data": {
                    "type": "run",
                    "time": 142.803826
                }
            },
            {
                "time": "2017-10-24T20:44:40.840Z",
                "type": "END",
                "source": "data:click:h_pos",
                "_t": "14:44:40",
                "_end": "-",
                "data": {
                    "lbl": {
                        "time": 138.779792,
                        "endTime": 138.779792,
                        "type": "run",
                        "id": 3
                    }
                }
            },
            {
                "time": "2017-10-24T20:44:40.842Z",
                "type": "SELECT",
                "source": "data:click",
                "_t": "14:44:40",
                "_end": "-",
                "data": {
                    "time": 138.779792,
                    "endTime": 142.803826,
                    "type": "run",
                    "id": 2
                }
            },
            {
                "time": "2017-10-24T20:44:42.262Z",
                "type": "DESELECT",
                "source": "side-bar:button",
                "_t": "14:44:42",
                "_end": "-",
                "data": {
                    "time": 138.779792,
                    "endTime": 142.803826,
                    "type": "run",
                    "id": 2
                }
            },
            {
                "time": "2017-10-24T20:44:51.639Z",
                "type": "START",
                "source": "side-bar:button",
                "_t": "14:44:51",
                "_end": "-",
                "data": {
                    "type": "skip",
                    "time": 276.228354
                }
            },
            {
                "time": "2017-10-24T20:45:03.407Z",
                "type": "START",
                "source": "side-bar:button",
                "_t": "14:45:03",
                "_end": "-",
                "data": {
                    "type": "skip",
                    "time": 287.988646
                }
            },
            {
                "time": "2017-10-24T20:45:05.656Z",
                "type": "END",
                "source": "data:click:h_pos",
                "_t": "14:45:05",
                "_end": "-",
                "data": {
                    "lbl": {
                        "time": 276.228354,
                        "endTime": 276.228354,
                        "type": "skip",
                        "id": 5
                    }
                }
            },
            {
                "time": "2017-10-24T20:45:05.659Z",
                "type": "SELECT",
                "source": "data:click",
                "_t": "14:45:05",
                "_end": "-",
                "data": {
                    "time": 276.228354,
                    "endTime": 287.988646,
                    "type": "skip",
                    "id": 4
                }
            },
            {
                "time": "2017-10-24T20:45:10.982Z",
                "type": "DESELECT",
                "source": "side-bar:button",
                "_t": "14:45:10",
                "_end": "-",
                "data": {
                    "time": 276.228354,
                    "endTime": 287.988646,
                    "type": "skip",
                    "id": 4
                }
            },
            {
                "time": "2017-10-24T20:45:15.671Z",
                "type": "START",
                "source": "side-bar:button",
                "_t": "14:45:15",
                "_end": "-",
                "data": {
                    "type": "run",
                    "time": 344.365575
                }
            },
            {
                "time": "2017-10-24T20:45:20.143Z",
                "type": "START",
                "source": "side-bar:button",
                "_t": "14:45:20",
                "_end": "-",
                "data": {
                    "type": "run",
                    "time": 348.837903
                }
            },
            {
                "time": "2017-10-24T20:45:22.792Z",
                "type": "END",
                "source": "data:click:h_pos",
                "_t": "14:45:22",
                "_end": "-",
                "data": {
                    "lbl": {
                        "time": 344.365575,
                        "endTime": 344.365575,
                        "type": "run",
                        "id": 7
                    }
                }
            },
            {
                "time": "2017-10-24T20:45:22.795Z",
                "type": "SELECT",
                "source": "data:click",
                "_t": "14:45:22",
                "_end": "-",
                "data": {
                    "time": 344.365575,
                    "endTime": 348.837903,
                    "type": "run",
                    "id": 6
                }
            },
            {
                "time": "2017-10-24T20:45:24.702Z",
                "type": "DESELECT",
                "source": "side-bar:button",
                "_t": "14:45:24",
                "_end": "-",
                "data": {
                    "time": 344.365575,
                    "endTime": 348.837903,
                    "type": "run",
                    "id": 6
                }
            },
            {
                "time": "2017-10-24T20:45:43.905Z",
                "type": "START",
                "source": "side-bar:button",
                "_t": "14:45:43",
                "_end": "-",
                "data": {
                    "type": "skip",
                    "time": 420.929571
                }
            },
            {
                "time": "2017-10-24T20:45:56.346Z",
                "type": "END",
                "source": "side-bar:button:ctb",
                "_t": "14:45:56",
                "_end": "-",
                "data": {
                    "lbl": {
                        "time": 420.929571,
                        "endTime": 433.370357,
                        "type": "skip",
                        "id": 8
                    }
                }
            },
            {
                "time": "2017-10-24T20:45:58.952Z",
                "type": "SELECT",
                "source": "data:click",
                "_t": "14:45:58",
                "_end": "-",
                "data": {
                    "time": 420.929571,
                    "endTime": 433.370357,
                    "type": "skip",
                    "id": 8
                }
            },
            {
                "time": "2017-10-24T20:46:01.222Z",
                "type": "DESELECT",
                "source": "side-bar:button",
                "_t": "14:46:01",
                "_end": "-",
                "data": {
                    "time": 420.929571,
                    "endTime": 433.370357,
                    "type": "skip",
                    "id": 8
                }
            },
            {
                "time": "2017-10-24T20:46:09.233Z",
                "type": "START",
                "source": "side-bar:button",
                "_t": "14:46:09",
                "_end": "-",
                "data": {
                    "type": "run",
                    "time": 472.80966
                }
            },
            {
                "time": "2017-10-24T20:46:14.088Z",
                "type": "END",
                "source": "side-bar:button:ctb",
                "_t": "14:46:14",
                "_end": "-",
                "data": {
                    "lbl": {
                        "time": 472.80966,
                        "endTime": 477.673589,
                        "type": "run",
                        "id": 9
                    }
                }
            },
            {
                "time": "2017-10-24T20:46:17.746Z",
                "type": "SELECT",
                "source": "data:click",
                "_t": "14:46:17",
                "_end": "-",
                "data": {
                    "time": 472.80966,
                    "endTime": 477.673589,
                    "type": "run",
                    "id": 9
                }
            },
            {
                "time": "2017-10-24T20:46:19.198Z",
                "type": "DESELECT",
                "source": "side-bar:button",
                "_t": "14:46:19",
                "_end": "-",
                "data": {
                    "time": 472.80966,
                    "endTime": 477.673589,
                    "type": "run",
                    "id": 9
                }
            },
            {
                "time": "2017-10-24T20:46:28.501Z",
                "type": "START",
                "source": "side-bar:button",
                "_t": "14:46:28",
                "_end": "-",
                "data": {
                    "type": "skip",
                    "time": 547.604405
                }
            },
            {
                "time": "2017-10-24T20:46:41.236Z",
                "type": "END",
                "source": "side-bar:button:ctb",
                "_t": "14:46:41",
                "_end": "-",
                "data": {
                    "lbl": {
                        "time": 547.604405,
                        "endTime": 560.337753,
                        "type": "skip",
                        "id": 10
                    }
                }
            },
            {
                "time": "2017-10-24T20:46:42.985Z",
                "type": "SELECT",
                "source": "data:click",
                "_t": "14:46:42",
                "_end": "-",
                "data": {
                    "time": 547.604405,
                    "endTime": 560.337753,
                    "type": "skip",
                    "id": 10
                }
            },
            {
                "time": "2017-10-24T20:46:44.214Z",
                "type": "DESELECT",
                "source": "side-bar:button",
                "_t": "14:46:44",
                "_end": "-",
                "data": {
                    "time": 547.604405,
                    "endTime": 560.337753,
                    "type": "skip",
                    "id": 10
                }
            },
            {
                "time": "2017-10-24T20:46:50.255Z",
                "type": "START",
                "source": "side-bar:button",
                "_t": "14:46:50",
                "_end": "-",
                "data": {
                    "type": "skip",
                    "time": 596.420598
                }
            }
        ],
        "navigationEvents": [
            {
                "time": {
                    "start": "2017-10-24T20:43:34.096Z",
                    "end": "2017-10-24T20:44:07.725Z"
                },
                "type": "SCRUB",
                "source": "data:drag",
                "_t": "14:43:34",
                "_end": "14:44:07",
                "data": {
                    "time": 60.644164
                }
            },
            {
                "time": "2017-10-24T20:44:22.441Z",
                "type": "PAUSE",
                "source": "hotkey",
                "_t": "14:44:22",
                "_end": "-",
                "data": {
                    "key": "space"
                }
            },
            {
                "time": {
                    "start": "2017-10-24T20:43:34.096Z",
                    "end": "2017-10-24T20:44:22.814Z"
                },
                "type": "SCRUB",
                "source": "data:drag",
                "_t": "14:43:34",
                "_end": "14:44:22",
                "data": {
                    "time": 75.315886
                }
            },
            {
                "time": {
                    "start": "2017-10-24T20:43:34.096Z",
                    "end": "2017-10-24T20:44:25.677Z"
                },
                "type": "SCRUB",
                "source": "data:drag",
                "_t": "14:43:34",
                "_end": "14:44:25",
                "data": {
                    "time": 132.301723
                }
            },
            {
                "time": {
                    "start": "2017-10-24T20:43:34.096Z",
                    "end": "2017-10-24T20:44:27.442Z"
                },
                "type": "SCRUB",
                "source": "data:drag",
                "_t": "14:43:34",
                "_end": "14:44:27",
                "data": {
                    "time": 136.677235
                }
            },
            {
                "time": "2017-10-24T20:44:32.606Z",
                "type": "PLAY",
                "source": "hotkey",
                "_t": "14:44:32",
                "_end": "-",
                "data": {
                    "key": "space"
                }
            },
            {
                "time": "2017-10-24T20:44:39.874Z",
                "type": "PAUSE",
                "source": "hotkey",
                "_t": "14:44:39",
                "_end": "-",
                "data": {
                    "key": "space"
                }
            },
            {
                "time": {
                    "start": "2017-10-24T20:43:34.096Z",
                    "end": "2017-10-24T20:44:40.838Z"
                },
                "type": "SCRUB",
                "source": "data:drag",
                "_t": "14:43:34",
                "_end": "14:44:40",
                "data": {
                    "time": 143.893565
                }
            },
            {
                "time": {
                    "start": "2017-10-24T20:43:34.096Z",
                    "end": "2017-10-24T20:44:43.885Z"
                },
                "type": "SCRUB",
                "source": "data:drag",
                "_t": "14:43:34",
                "_end": "14:44:43",
                "data": {
                    "time": 200.254329
                }
            },
            {
                "time": {
                    "start": "2017-10-24T20:43:34.096Z",
                    "end": "2017-10-24T20:44:44.806Z"
                },
                "type": "SCRUB",
                "source": "data:drag",
                "_t": "14:43:34",
                "_end": "14:44:44",
                "data": {
                    "time": 256.250467
                }
            },
            {
                "time": {
                    "start": "2017-10-24T20:43:34.096Z",
                    "end": "2017-10-24T20:44:46.711Z"
                },
                "type": "SCRUB",
                "source": "data:drag",
                "_t": "14:43:34",
                "_end": "14:44:46",
                "data": {
                    "time": 273.127442
                }
            },
            {
                "time": "2017-10-24T20:44:48.447Z",
                "type": "PLAY",
                "source": "hotkey",
                "_t": "14:44:48",
                "_end": "-",
                "data": {
                    "key": "space"
                }
            },
            {
                "time": "2017-10-24T20:45:04.625Z",
                "type": "PAUSE",
                "source": "hotkey",
                "_t": "14:45:04",
                "_end": "-",
                "data": {
                    "key": "space"
                }
            },
            {
                "time": {
                    "start": "2017-10-24T20:43:34.096Z",
                    "end": "2017-10-24T20:45:05.654Z"
                },
                "type": "SCRUB",
                "source": "data:drag",
                "_t": "14:43:34",
                "_end": "14:45:05",
                "data": {
                    "time": 289.215725
                }
            },
            {
                "time": {
                    "start": "2017-10-24T20:43:34.096Z",
                    "end": "2017-10-24T20:45:09.702Z"
                },
                "type": "SCRUB",
                "source": "data:drag",
                "_t": "14:43:34",
                "_end": "14:45:09",
                "data": {
                    "time": 340.263367
                }
            },
            {
                "time": {
                    "start": "2017-10-24T20:43:34.096Z",
                    "end": "2017-10-24T20:45:13.708Z"
                },
                "type": "SCRUB",
                "source": "data:drag",
                "_t": "14:43:34",
                "_end": "14:45:13",
                "data": {
                    "time": 343.492911
                }
            },
            {
                "time": "2017-10-24T20:45:14.750Z",
                "type": "PLAY",
                "source": "hotkey",
                "_t": "14:45:14",
                "_end": "-",
                "data": {
                    "key": "space"
                }
            },
            {
                "time": "2017-10-24T20:45:21.237Z",
                "type": "PAUSE",
                "source": "hotkey",
                "_t": "14:45:21",
                "_end": "-",
                "data": {
                    "key": "space"
                }
            },
            {
                "time": {
                    "start": "2017-10-24T20:43:34.096Z",
                    "end": "2017-10-24T20:45:22.790Z"
                },
                "type": "SCRUB",
                "source": "data:drag",
                "_t": "14:43:34",
                "_end": "14:45:22",
                "data": {
                    "time": 349.929359
                }
            },
            {
                "time": {
                    "start": "2017-10-24T20:43:34.096Z",
                    "end": "2017-10-24T20:45:27.979Z"
                },
                "type": "SCRUB",
                "source": "data:drag",
                "_t": "14:43:34",
                "_end": "14:45:27",
                "data": {
                    "time": 419.572928
                }
            },
            {
                "time": "2017-10-24T20:45:42.511Z",
                "type": "PLAY",
                "source": "hotkey",
                "_t": "14:45:42",
                "_end": "-",
                "data": {
                    "key": "space"
                }
            },
            {
                "time": "2017-10-24T20:45:58.324Z",
                "type": "PAUSE",
                "source": "hotkey",
                "_t": "14:45:58",
                "_end": "-",
                "data": {
                    "key": "space"
                }
            },
            {
                "time": {
                    "start": "2017-10-24T20:43:34.096Z",
                    "end": "2017-10-24T20:45:58.950Z"
                },
                "type": "SCRUB",
                "source": "data:drag",
                "_t": "14:43:34",
                "_end": "14:45:58",
                "data": {
                    "time": 435.348495
                }
            },
            {
                "time": {
                    "start": "2017-10-24T20:43:34.096Z",
                    "end": "2017-10-24T20:46:06.086Z"
                },
                "type": "SCRUB",
                "source": "data:drag",
                "_t": "14:43:34",
                "_end": "14:46:06",
                "data": {
                    "time": 470.925576
                }
            },
            {
                "time": "2017-10-24T20:46:07.279Z",
                "type": "PLAY",
                "source": "hotkey",
                "_t": "14:46:07",
                "_end": "-",
                "data": {
                    "key": "space"
                }
            },
            {
                "time": "2017-10-24T20:46:15.405Z",
                "type": "PAUSE",
                "source": "hotkey",
                "_t": "14:46:15",
                "_end": "-",
                "data": {
                    "key": "space"
                }
            },
            {
                "time": {
                    "start": "2017-10-24T20:43:34.096Z",
                    "end": "2017-10-24T20:46:16.112Z"
                },
                "type": "SCRUB",
                "source": "data:drag",
                "_t": "14:43:34",
                "_end": "14:46:16",
                "data": {
                    "time": 478.938203
                }
            },
            {
                "time": {
                    "start": "2017-10-24T20:43:34.096Z",
                    "end": "2017-10-24T20:46:17.743Z"
                },
                "type": "SCRUB",
                "source": "data:drag",
                "_t": "14:43:34",
                "_end": "14:46:17",
                "data": {
                    "time": 478.938203
                }
            },
            {
                "time": {
                    "start": "2017-10-24T20:43:34.096Z",
                    "end": "2017-10-24T20:46:20.651Z"
                },
                "type": "SCRUB",
                "source": "data:drag",
                "_t": "14:43:34",
                "_end": "14:46:20",
                "data": {
                    "time": 515.81752
                }
            },
            {
                "time": {
                    "start": "2017-10-24T20:43:34.096Z",
                    "end": "2017-10-24T20:46:24.148Z"
                },
                "type": "SCRUB",
                "source": "data:drag",
                "_t": "14:43:34",
                "_end": "14:46:24",
                "data": {
                    "time": 545.821031
                }
            },
            {
                "time": "2017-10-24T20:46:26.672Z",
                "type": "PLAY",
                "source": "hotkey",
                "_t": "14:46:26",
                "_end": "-",
                "data": {
                    "key": "space"
                }
            },
            {
                "time": "2017-10-24T20:46:42.479Z",
                "type": "PAUSE",
                "source": "hotkey",
                "_t": "14:46:42",
                "_end": "-",
                "data": {
                    "key": "space"
                }
            },
            {
                "time": {
                    "start": "2017-10-24T20:43:34.096Z",
                    "end": "2017-10-24T20:46:42.982Z"
                },
                "type": "SCRUB",
                "source": "data:drag",
                "_t": "14:43:34",
                "_end": "14:46:42",
                "data": {
                    "time": 561.577021
                }
            },
            {
                "time": {
                    "start": "2017-10-24T20:43:34.096Z",
                    "end": "2017-10-24T20:46:47.910Z"
                },
                "type": "SCRUB",
                "source": "data:drag",
                "_t": "14:43:34",
                "_end": "14:46:47",
                "data": {
                    "time": 595.174703
                }
            },
            {
                "time": "2017-10-24T20:46:48.943Z",
                "type": "PLAY",
                "source": "hotkey",
                "_t": "14:46:48",
                "_end": "-",
                "data": {
                    "key": "space"
                }
            }
        ]
    }
}