[{"time":63.662327,"endTime":74.063989,"type":"run","id":1},{"time":138.779792,"endTime":142.803826,"type":"run","id":2},{"time":138.779792,"endTime":138.779792,"type":"run","id":3},{"time":276.228354,"endTime":287.988646,"type":"skip","id":4},{"time":276.228354,"endTime":276.228354,"type":"skip","id":5},{"time":344.365575,"endTime":348.837903,"type":"run","id":6},{"time":344.365575,"endTime":344.365575,"type":"run","id":7},{"time":420.929571,"endTime":433.370357,"type":"skip","id":8},{"time":472.80966,"endTime":477.673589,"type":"run","id":9},{"time":547.604405,"endTime":560.337753,"type":"skip","id":10}]