{
    "user_id": "030",
    "session_id": "59ef9e025efd4d725417b882",
    "study": "studyB",
    "workspace": "newrun.run-pink",
    "details": {
        "workspace": "newrun.run-pink",
        "labels": [
            {
                "time": 63.220188,
                "endTime": 73.87540390950618,
                "type": "skip",
                "id": 1
            },
            {
                "time": 138.349905,
                "endTime": 142.7373468450908,
                "type": "run",
                "id": 2
            },
            {
                "time": 276.157362,
                "endTime": 288.2332733641001,
                "type": "skip",
                "id": 3
            },
            {
                "time": 344.643239,
                "endTime": 349.03068084508834,
                "type": "run",
                "id": 4
            },
            {
                "time": 420.859371,
                "endTime": 433.93812621440605,
                "type": "skip",
                "id": 5
            },
            {
                "time": 472.714754,
                "endTime": 477.7289732515295,
                "type": "run",
                "id": 6
            },
            {
                "time": 547.426619,
                "endTime": 560.2546632518295,
                "type": "skip",
                "id": 7
            },
            {
                "time": 596.064545,
                "endTime": 608.5165228079647,
                "type": "skip",
                "id": 8
            }
        ],
        "_starts": [
            "2017-10-24T20:40:20.000Z"
        ],
        "_ends": [
            "2017-10-24T20:41:46.046Z"
        ]
    },
    "labels_file": "/home/ubuntu/vat/data/user-studies/studyB/run-pink/030.labels.json",
    "videoFlash": 3.300376,
    "surveys": {
        "user-info": {
            "firstname": "Adam",
            "lastname": "Denison",
            "email": "adamfdenison@gmail.com"
        },
        "practice-first": {
            "question1": "0",
            "question2": "ok",
            "question3": "100",
            "question4": "0"
        },
        "practice-second": {},
        "practice-third": {},
        "practice-survey": {},
        "run-blue": {
            "question1": "2",
            "question2": "2",
            "question3": "70",
            "question4": "90"
        },
        "run-yellow": {
            "question1": "-1",
            "question2": "1",
            "question3": "60",
            "question4": "50"
        },
        "run-red": {
            "question1": "0",
            "question2": "1",
            "question3": "80",
            "question4": "80"
        },
        "run-survey": {
            "question1": "2",
            "question2": "1",
            "question3": "2",
            "question4": "1"
        },
        "pill-blue": {
            "question1": "2",
            "question2": "2",
            "question3": "40",
            "question4": "90"
        },
        "pill-red": {
            "question1": "2",
            "question2": "-1",
            "question3": "40",
            "question4": "70"
        },
        "pill-orange": {
            "question1": "1",
            "question2": "1",
            "question3": "100",
            "question4": "90"
        },
        "pills-survey": {
            "question1": "2",
            "question2": "1",
            "question3": "2",
            "question4": "1"
        }
    },
    "logs": {
        "labelEvents": [
            {
                "time": "2017-10-24T20:40:44.828Z",
                "type": "START",
                "source": "hotkey",
                "_t": "14:40:44",
                "_end": "-",
                "data": {
                    "type": "skip",
                    "time": 63.220188
                }
            },
            {
                "time": "2017-10-24T20:40:46.542Z",
                "type": "END",
                "source": "data:click:h_pos",
                "_t": "14:40:46",
                "_end": "-",
                "data": {
                    "lbl": {
                        "time": 63.220188,
                        "endTime": 73.87540390950618,
                        "type": "skip",
                        "id": 1
                    }
                }
            },
            {
                "time": "2017-10-24T20:40:51.317Z",
                "type": "START",
                "source": "hotkey",
                "_t": "14:40:51",
                "_end": "-",
                "data": {
                    "type": "run",
                    "time": 138.349905
                }
            },
            {
                "time": "2017-10-24T20:40:52.638Z",
                "type": "END",
                "source": "data:click:h_pos",
                "_t": "14:40:52",
                "_end": "-",
                "data": {
                    "lbl": {
                        "time": 138.349905,
                        "endTime": 142.7373468450908,
                        "type": "run",
                        "id": 2
                    }
                }
            },
            {
                "time": "2017-10-24T20:41:00.653Z",
                "type": "START",
                "source": "hotkey",
                "_t": "14:41:00",
                "_end": "-",
                "data": {
                    "type": "skip",
                    "time": 276.157362
                }
            },
            {
                "time": "2017-10-24T20:41:01.998Z",
                "type": "END",
                "source": "data:click:h_pos",
                "_t": "14:41:01",
                "_end": "-",
                "data": {
                    "lbl": {
                        "time": 276.157362,
                        "endTime": 288.2332733641001,
                        "type": "skip",
                        "id": 3
                    }
                }
            },
            {
                "time": "2017-10-24T20:41:07.341Z",
                "type": "START",
                "source": "hotkey",
                "_t": "14:41:07",
                "_end": "-",
                "data": {
                    "type": "run",
                    "time": 344.643239
                }
            },
            {
                "time": "2017-10-24T20:41:08.678Z",
                "type": "END",
                "source": "data:click:h_pos",
                "_t": "14:41:08",
                "_end": "-",
                "data": {
                    "lbl": {
                        "time": 344.643239,
                        "endTime": 349.03068084508834,
                        "type": "run",
                        "id": 4
                    }
                }
            },
            {
                "time": "2017-10-24T20:41:15.729Z",
                "type": "START",
                "source": "hotkey",
                "_t": "14:41:15",
                "_end": "-",
                "data": {
                    "type": "skip",
                    "time": 420.859371
                }
            },
            {
                "time": "2017-10-24T20:41:16.950Z",
                "type": "END",
                "source": "data:click:h_pos",
                "_t": "14:41:16",
                "_end": "-",
                "data": {
                    "lbl": {
                        "time": 420.859371,
                        "endTime": 433.93812621440605,
                        "type": "skip",
                        "id": 5
                    }
                }
            },
            {
                "time": "2017-10-24T20:41:23.374Z",
                "type": "START",
                "source": "hotkey",
                "_t": "14:41:23",
                "_end": "-",
                "data": {
                    "type": "run",
                    "time": 472.714754
                }
            },
            {
                "time": "2017-10-24T20:41:24.014Z",
                "type": "END",
                "source": "data:click:h_pos",
                "_t": "14:41:24",
                "_end": "-",
                "data": {
                    "lbl": {
                        "time": 472.714754,
                        "endTime": 477.7289732515295,
                        "type": "run",
                        "id": 6
                    }
                }
            },
            {
                "time": "2017-10-24T20:41:30.369Z",
                "type": "START",
                "source": "hotkey",
                "_t": "14:41:30",
                "_end": "-",
                "data": {
                    "type": "skip",
                    "time": 547.426619
                }
            },
            {
                "time": "2017-10-24T20:41:31.695Z",
                "type": "END",
                "source": "data:click:h_pos",
                "_t": "14:41:31",
                "_end": "-",
                "data": {
                    "lbl": {
                        "time": 547.426619,
                        "endTime": 560.2546632518295,
                        "type": "skip",
                        "id": 7
                    }
                }
            },
            {
                "time": "2017-10-24T20:41:38.622Z",
                "type": "START",
                "source": "hotkey",
                "_t": "14:41:38",
                "_end": "-",
                "data": {
                    "type": "skip",
                    "time": 596.064545
                }
            },
            {
                "time": "2017-10-24T20:41:40.095Z",
                "type": "END",
                "source": "data:click:h_pos",
                "_t": "14:41:40",
                "_end": "-",
                "data": {
                    "lbl": {
                        "time": 596.064545,
                        "endTime": 608.5165228079647,
                        "type": "skip",
                        "id": 8
                    }
                }
            }
        ],
        "navigationEvents": [
            {
                "time": {
                    "start": "2017-10-24T20:40:20.235Z",
                    "end": "2017-10-24T20:40:33.008Z"
                },
                "type": "SCRUB",
                "source": "data:drag",
                "_t": "14:40:20",
                "_end": "14:40:33",
                "data": {
                    "time": 12.563215
                }
            },
            {
                "time": {
                    "start": "2017-10-24T20:40:20.235Z",
                    "end": "2017-10-24T20:40:33.798Z"
                },
                "type": "SCRUB",
                "source": "data:drag",
                "_t": "14:40:20",
                "_end": "14:40:33",
                "data": {
                    "time": 39.753729
                }
            },
            {
                "time": {
                    "start": "2017-10-24T20:40:20.235Z",
                    "end": "2017-10-24T20:40:37.409Z"
                },
                "type": "SCRUB",
                "source": "data:drag",
                "_t": "14:40:20",
                "_end": "14:40:37",
                "data": {
                    "time": 58.345378
                }
            },
            {
                "time": {
                    "start": "2017-10-24T20:40:20.235Z",
                    "end": "2017-10-24T20:40:38.587Z"
                },
                "type": "SCRUB",
                "source": "data:drag",
                "_t": "14:40:20",
                "_end": "14:40:38",
                "data": {
                    "time": 64.063436
                }
            },
            {
                "time": {
                    "start": "2017-10-24T20:40:20.235Z",
                    "end": "2017-10-24T20:40:39.395Z"
                },
                "type": "SCRUB",
                "source": "data:drag",
                "_t": "14:40:20",
                "_end": "14:40:39",
                "data": {
                    "time": 62.114994
                }
            },
            {
                "time": "2017-10-24T20:40:41.235Z",
                "type": "PAUSE",
                "source": "video:button",
                "_t": "14:40:41",
                "_end": "-"
            },
            {
                "time": {
                    "start": "2017-10-24T20:40:20.235Z",
                    "end": "2017-10-24T20:40:43.140Z"
                },
                "type": "SCRUB",
                "source": "data:drag",
                "_t": "14:40:20",
                "_end": "14:40:43",
                "data": {
                    "time": 63.220188
                }
            },
            {
                "time": {
                    "start": "2017-10-24T20:40:20.235Z",
                    "end": "2017-10-24T20:40:46.540Z"
                },
                "type": "SCRUB",
                "source": "data:drag",
                "_t": "14:40:20",
                "_end": "14:40:46",
                "data": {
                    "time": 63.220188
                }
            },
            {
                "time": {
                    "start": "2017-10-24T20:40:20.235Z",
                    "end": "2017-10-24T20:40:48.450Z"
                },
                "type": "SCRUB",
                "source": "data:drag",
                "_t": "14:40:20",
                "_end": "14:40:48",
                "data": {
                    "time": 105.632125
                }
            },
            {
                "time": {
                    "start": "2017-10-24T20:40:20.235Z",
                    "end": "2017-10-24T20:40:50.884Z"
                },
                "type": "SCRUB",
                "source": "data:drag",
                "_t": "14:40:20",
                "_end": "14:40:50",
                "data": {
                    "time": 138.349905
                }
            },
            {
                "time": {
                    "start": "2017-10-24T20:40:20.235Z",
                    "end": "2017-10-24T20:40:52.636Z"
                },
                "type": "SCRUB",
                "source": "data:drag",
                "_t": "14:40:20",
                "_end": "14:40:52",
                "data": {
                    "time": 138.349905
                }
            },
            {
                "time": {
                    "start": "2017-10-24T20:40:20.235Z",
                    "end": "2017-10-24T20:40:55.426Z"
                },
                "type": "SCRUB",
                "source": "data:drag",
                "_t": "14:40:20",
                "_end": "14:40:55",
                "data": {
                    "time": 167.390591
                }
            },
            {
                "time": {
                    "start": "2017-10-24T20:40:20.235Z",
                    "end": "2017-10-24T20:40:56.306Z"
                },
                "type": "SCRUB",
                "source": "data:drag",
                "_t": "14:40:20",
                "_end": "14:40:56",
                "data": {
                    "time": 203.994391
                }
            },
            {
                "time": {
                    "start": "2017-10-24T20:40:20.235Z",
                    "end": "2017-10-24T20:40:57.076Z"
                },
                "type": "SCRUB",
                "source": "data:drag",
                "_t": "14:40:20",
                "_end": "14:40:57",
                "data": {
                    "time": 242.478523
                }
            },
            {
                "time": {
                    "start": "2017-10-24T20:40:20.235Z",
                    "end": "2017-10-24T20:41:00.123Z"
                },
                "type": "SCRUB",
                "source": "data:drag",
                "_t": "14:40:20",
                "_end": "14:41:00",
                "data": {
                    "time": 276.157362
                }
            },
            {
                "time": {
                    "start": "2017-10-24T20:40:20.235Z",
                    "end": "2017-10-24T20:41:01.996Z"
                },
                "type": "SCRUB",
                "source": "data:drag",
                "_t": "14:40:20",
                "_end": "14:41:01",
                "data": {
                    "time": 276.157362
                }
            },
            {
                "time": {
                    "start": "2017-10-24T20:40:20.235Z",
                    "end": "2017-10-24T20:41:04.144Z"
                },
                "type": "SCRUB",
                "source": "data:drag",
                "_t": "14:40:20",
                "_end": "14:41:04",
                "data": {
                    "time": 314.056502
                }
            },
            {
                "time": {
                    "start": "2017-10-24T20:40:20.235Z",
                    "end": "2017-10-24T20:41:04.615Z"
                },
                "type": "SCRUB",
                "source": "data:drag",
                "_t": "14:40:20",
                "_end": "14:41:04",
                "data": {
                    "time": 341.968989
                }
            },
            {
                "time": {
                    "start": "2017-10-24T20:40:20.235Z",
                    "end": "2017-10-24T20:41:07.052Z"
                },
                "type": "SCRUB",
                "source": "data:drag",
                "_t": "14:40:20",
                "_end": "14:41:07",
                "data": {
                    "time": 344.643239
                }
            },
            {
                "time": {
                    "start": "2017-10-24T20:40:20.235Z",
                    "end": "2017-10-24T20:41:08.676Z"
                },
                "type": "SCRUB",
                "source": "data:drag",
                "_t": "14:40:20",
                "_end": "14:41:08",
                "data": {
                    "time": 344.643239
                }
            },
            {
                "time": {
                    "start": "2017-10-24T20:40:20.235Z",
                    "end": "2017-10-24T20:41:12.238Z"
                },
                "type": "SCRUB",
                "source": "data:drag",
                "_t": "14:40:20",
                "_end": "14:41:12",
                "data": {
                    "time": 374.603199
                }
            },
            {
                "time": {
                    "start": "2017-10-24T20:40:20.235Z",
                    "end": "2017-10-24T20:41:12.608Z"
                },
                "type": "SCRUB",
                "source": "data:drag",
                "_t": "14:40:20",
                "_end": "14:41:12",
                "data": {
                    "time": 402.766397
                }
            },
            {
                "time": {
                    "start": "2017-10-24T20:40:20.235Z",
                    "end": "2017-10-24T20:41:15.243Z"
                },
                "type": "SCRUB",
                "source": "data:drag",
                "_t": "14:40:20",
                "_end": "14:41:15",
                "data": {
                    "time": 420.859371
                }
            },
            {
                "time": {
                    "start": "2017-10-24T20:40:20.235Z",
                    "end": "2017-10-24T20:41:16.948Z"
                },
                "type": "SCRUB",
                "source": "data:drag",
                "_t": "14:40:20",
                "_end": "14:41:16",
                "data": {
                    "time": 420.859371
                }
            },
            {
                "time": {
                    "start": "2017-10-24T20:40:20.235Z",
                    "end": "2017-10-24T20:41:19.695Z"
                },
                "type": "SCRUB",
                "source": "data:drag",
                "_t": "14:40:20",
                "_end": "14:41:19",
                "data": {
                    "time": 451.404323
                }
            },
            {
                "time": {
                    "start": "2017-10-24T20:40:20.235Z",
                    "end": "2017-10-24T20:41:22.437Z"
                },
                "type": "SCRUB",
                "source": "data:drag",
                "_t": "14:40:20",
                "_end": "14:41:22",
                "data": {
                    "time": 472.714754
                }
            },
            {
                "time": {
                    "start": "2017-10-24T20:40:20.235Z",
                    "end": "2017-10-24T20:41:24.012Z"
                },
                "type": "SCRUB",
                "source": "data:drag",
                "_t": "14:40:20",
                "_end": "14:41:24",
                "data": {
                    "time": 472.714754
                }
            },
            {
                "time": {
                    "start": "2017-10-24T20:40:20.235Z",
                    "end": "2017-10-24T20:41:25.837Z"
                },
                "type": "SCRUB",
                "source": "data:drag",
                "_t": "14:40:20",
                "_end": "14:41:25",
                "data": {
                    "time": 505.432534
                }
            },
            {
                "time": {
                    "start": "2017-10-24T20:40:20.235Z",
                    "end": "2017-10-24T20:41:26.742Z"
                },
                "type": "SCRUB",
                "source": "data:drag",
                "_t": "14:40:20",
                "_end": "14:41:26",
                "data": {
                    "time": 536.896759
                }
            },
            {
                "time": {
                    "start": "2017-10-24T20:40:20.235Z",
                    "end": "2017-10-24T20:41:29.797Z"
                },
                "type": "SCRUB",
                "source": "data:drag",
                "_t": "14:40:20",
                "_end": "14:41:29",
                "data": {
                    "time": 547.426619
                }
            },
            {
                "time": {
                    "start": "2017-10-24T20:40:20.235Z",
                    "end": "2017-10-24T20:41:31.693Z"
                },
                "type": "SCRUB",
                "source": "data:drag",
                "_t": "14:40:20",
                "_end": "14:41:31",
                "data": {
                    "time": 547.426619
                }
            },
            {
                "time": {
                    "start": "2017-10-24T20:40:20.235Z",
                    "end": "2017-10-24T20:41:34.706Z"
                },
                "type": "SCRUB",
                "source": "data:drag",
                "_t": "14:40:20",
                "_end": "14:41:34",
                "data": {
                    "time": 576.174809
                }
            },
            {
                "time": {
                    "start": "2017-10-24T20:40:20.235Z",
                    "end": "2017-10-24T20:41:37.819Z"
                },
                "type": "SCRUB",
                "source": "data:drag",
                "_t": "14:40:20",
                "_end": "14:41:37",
                "data": {
                    "time": 596.064545
                }
            },
            {
                "time": {
                    "start": "2017-10-24T20:40:20.235Z",
                    "end": "2017-10-24T20:41:40.093Z"
                },
                "type": "SCRUB",
                "source": "data:drag",
                "_t": "14:40:20",
                "_end": "14:41:40",
                "data": {
                    "time": 596.064545
                }
            },
            {
                "time": {
                    "start": "2017-10-24T20:40:20.235Z",
                    "end": "2017-10-24T20:41:42.457Z"
                },
                "type": "SCRUB",
                "source": "data:drag",
                "_t": "14:40:20",
                "_end": "14:41:42",
                "data": {
                    "time": 605.006569
                }
            },
            {
                "time": {
                    "start": "2017-10-24T20:40:20.235Z",
                    "end": "2017-10-24T20:41:44.885Z"
                },
                "type": "SCRUB",
                "source": "data:drag",
                "_t": "14:40:20",
                "_end": "14:41:44",
                "data": {
                    "time": 597.401669
                }
            }
        ]
    }
}