{
    "user_id": "035",
    "session_id": "59efacde5efd4d725417b8c6",
    "study": "studyB",
    "workspace": "newrun.run-pink",
    "details": {
        "workspace": "newrun.run-pink",
        "labels": [
            {
                "time": 63.34480212709031,
                "endTime": 73.96412462876255,
                "type": "skip",
                "id": 1
            },
            {
                "time": 138.30112208695652,
                "endTime": 142.8420008160535,
                "type": "run",
                "id": 2
            },
            {
                "time": 276.2345347424749,
                "endTime": 288.18069694983274,
                "type": "skip",
                "id": 3
            },
            {
                "time": 344.198405,
                "endTime": 349.07329630434776,
                "type": "run",
                "id": 4
            },
            {
                "time": 421.3465477023411,
                "endTime": 433.9655289531772,
                "type": "skip",
                "id": 5
            },
            {
                "time": 472.6573463411371,
                "endTime": 477.85365905016715,
                "type": "run",
                "id": 6
            },
            {
                "time": 547.1954152608695,
                "endTime": 560.4808333210701,
                "type": "skip",
                "id": 7
            },
            {
                "time": 596.0562277023412,
                "endTime": 608.753930207358,
                "type": "skip",
                "id": 8
            }
        ],
        "_starts": [
            "2017-10-24T21:43:59.000Z"
        ],
        "_ends": [
            "2017-10-24T21:45:45.722Z"
        ]
    },
    "labels_file": "/home/ubuntu/vat/data/user-studies/studyB/run-pink/035.labels.json",
    "videoFlash": 3.300376,
    "surveys": {
        "user-info": {
            "firstname": "Stephanie",
            "lastname": "Cook",
            "email": "saxaphone_nerd@hotmail.com"
        },
        "practice-first": {
            "question1": "2",
            "question2": "ok",
            "question3": "100",
            "question4": "2"
        },
        "practice-second": {},
        "practice-third": {},
        "practice-survey": {},
        "run-blue": {
            "question1": "1",
            "question2": "1",
            "question3": "100",
            "question4": "20"
        },
        "run-yellow": {
            "question1": "-2",
            "question2": "0",
            "question3": "50",
            "question4": "50"
        },
        "run-red": {
            "question1": "1",
            "question2": "2",
            "question3": "100",
            "question4": "10"
        },
        "run-survey": {
            "question1": "2",
            "question2": "-1",
            "question3": "2",
            "question4": "2"
        },
        "pill-blue": {
            "question1": "2",
            "question2": "1",
            "question3": "80",
            "question4": "20"
        },
        "pill-red": {
            "question1": "-2",
            "question2": "-1",
            "question3": "50",
            "question4": "40"
        },
        "pill-orange": {
            "question1": "1",
            "question2": "1",
            "question3": "100",
            "question4": "10"
        },
        "pills-survey": {
            "question1": "2",
            "question2": "-1",
            "question3": "2",
            "question4": "2"
        }
    },
    "logs": {
        "labelEvents": [
            {
                "time": "2017-10-24T21:44:27.240Z",
                "type": "START",
                "source": "hotkey",
                "_t": "15:44:27",
                "_end": "-",
                "data": {
                    "type": "skip",
                    "time": 63.773364
                }
            },
            {
                "time": "2017-10-24T21:44:30.425Z",
                "type": "END",
                "source": "data:click:h_pos",
                "_t": "15:44:30",
                "_end": "-",
                "data": {
                    "lbl": {
                        "time": 63.34480212709031,
                        "endTime": 73.96412462876255,
                        "type": "skip",
                        "id": 1
                    }
                }
            },
            {
                "time": "2017-10-24T21:44:31.785Z",
                "type": "SELECT",
                "source": "data:click",
                "_t": "15:44:31",
                "_end": "-",
                "data": {
                    "time": 63.34480212709031,
                    "endTime": 73.96412462876255,
                    "type": "skip",
                    "id": 1
                }
            },
            {
                "time": {
                    "start": "2017-10-24T21:44:32.976Z",
                    "end": "2017-10-24T21:44:34.239Z"
                },
                "type": "RESIZE",
                "source": "data:brush",
                "_t": "15:44:32",
                "_end": "15:44:34",
                "data": {
                    "brushing": true,
                    "origin": [
                        63.773364,
                        73.96412462876253
                    ],
                    "_brushside": 0,
                    "start": "2017-10-24T21:44:32.976Z",
                    "ε": 0.1,
                    "mode": "resize"
                }
            },
            {
                "time": "2017-10-24T21:44:38.713Z",
                "type": "START",
                "source": "hotkey",
                "_t": "15:44:38",
                "_end": "-",
                "data": {
                    "type": "run",
                    "time": 136.908296
                }
            },
            {
                "time": "2017-10-24T21:44:40.136Z",
                "type": "END",
                "source": "data:click:h_pos",
                "_t": "15:44:40",
                "_end": "-",
                "data": {
                    "lbl": {
                        "time": 138.30112208695652,
                        "endTime": 142.8420008160535,
                        "type": "run",
                        "id": 2
                    }
                }
            },
            {
                "time": "2017-10-24T21:44:40.569Z",
                "type": "SELECT",
                "source": "data:click",
                "_t": "15:44:40",
                "_end": "-",
                "data": {
                    "time": 138.30112208695652,
                    "endTime": 142.8420008160535,
                    "type": "run",
                    "id": 2
                }
            },
            {
                "time": {
                    "start": "2017-10-24T21:44:41.248Z",
                    "end": "2017-10-24T21:44:42.671Z"
                },
                "type": "RESIZE",
                "source": "data:brush",
                "_t": "15:44:41",
                "_end": "15:44:42",
                "data": {
                    "brushing": true,
                    "origin": [
                        136.908296,
                        142.8420008160535
                    ],
                    "_brushside": 0,
                    "start": "2017-10-24T21:44:41.248Z",
                    "ε": 0.1,
                    "mode": "resize"
                }
            },
            {
                "time": "2017-10-24T21:44:48.856Z",
                "type": "START",
                "source": "hotkey",
                "_t": "15:44:48",
                "_end": "-",
                "data": {
                    "type": "skip",
                    "time": 277.895212
                }
            },
            {
                "time": "2017-10-24T21:44:50.689Z",
                "type": "END",
                "source": "data:click:h_pos",
                "_t": "15:44:50",
                "_end": "-",
                "data": {
                    "lbl": {
                        "time": 276.2345347424749,
                        "endTime": 288.18069694983274,
                        "type": "skip",
                        "id": 3
                    }
                }
            },
            {
                "time": "2017-10-24T21:44:51.065Z",
                "type": "SELECT",
                "source": "data:click",
                "_t": "15:44:51",
                "_end": "-",
                "data": {
                    "time": 276.2345347424749,
                    "endTime": 288.18069694983274,
                    "type": "skip",
                    "id": 3
                }
            },
            {
                "time": {
                    "start": "2017-10-24T21:44:52.264Z",
                    "end": "2017-10-24T21:44:53.535Z"
                },
                "type": "RESIZE",
                "source": "data:brush",
                "_t": "15:44:52",
                "_end": "15:44:53",
                "data": {
                    "brushing": true,
                    "origin": [
                        277.895212,
                        288.18069694983274
                    ],
                    "_brushside": 0,
                    "start": "2017-10-24T21:44:52.264Z",
                    "ε": 0.1,
                    "mode": "resize"
                }
            },
            {
                "time": "2017-10-24T21:44:57.480Z",
                "type": "START",
                "source": "hotkey",
                "_t": "15:44:57",
                "_end": "-",
                "data": {
                    "type": "run",
                    "time": 344.198405
                }
            },
            {
                "time": "2017-10-24T21:44:59.482Z",
                "type": "END",
                "source": "data:click:h_pos",
                "_t": "15:44:59",
                "_end": "-",
                "data": {
                    "lbl": {
                        "time": 344.198405,
                        "endTime": 349.07329630434776,
                        "type": "run",
                        "id": 4
                    }
                }
            },
            {
                "time": "2017-10-24T21:45:06.647Z",
                "type": "START",
                "source": "hotkey",
                "_t": "15:45:06",
                "_end": "-",
                "data": {
                    "type": "skip",
                    "time": 421.162243
                }
            },
            {
                "time": "2017-10-24T21:45:08.610Z",
                "type": "END",
                "source": "data:click:h_pos",
                "_t": "15:45:08",
                "_end": "-",
                "data": {
                    "lbl": {
                        "time": 421.3465477023411,
                        "endTime": 433.9655289531772,
                        "type": "skip",
                        "id": 5
                    }
                }
            },
            {
                "time": "2017-10-24T21:45:09.225Z",
                "type": "SELECT",
                "source": "data:click",
                "_t": "15:45:09",
                "_end": "-",
                "data": {
                    "time": 421.3465477023411,
                    "endTime": 433.9655289531772,
                    "type": "skip",
                    "id": 5
                }
            },
            {
                "time": {
                    "start": "2017-10-24T21:45:10.512Z",
                    "end": "2017-10-24T21:45:11.695Z"
                },
                "type": "RESIZE",
                "source": "data:brush",
                "_t": "15:45:10",
                "_end": "15:45:11",
                "data": {
                    "brushing": true,
                    "origin": [
                        421.162243,
                        433.9419349531772
                    ],
                    "_brushside": 0,
                    "start": "2017-10-24T21:45:10.512Z",
                    "ε": 0.1,
                    "mode": "resize"
                }
            },
            {
                "time": "2017-10-24T21:45:15.881Z",
                "type": "START",
                "source": "hotkey",
                "_t": "15:45:15",
                "_end": "-",
                "data": {
                    "type": "run",
                    "time": 472.121644
                }
            },
            {
                "time": "2017-10-24T21:45:17.546Z",
                "type": "END",
                "source": "data:click:h_pos",
                "_t": "15:45:17",
                "_end": "-",
                "data": {
                    "lbl": {
                        "time": 472.6573463411371,
                        "endTime": 477.85365905016715,
                        "type": "run",
                        "id": 6
                    }
                }
            },
            {
                "time": "2017-10-24T21:45:17.914Z",
                "type": "SELECT",
                "source": "data:click",
                "_t": "15:45:17",
                "_end": "-",
                "data": {
                    "time": 472.6573463411371,
                    "endTime": 477.85365905016715,
                    "type": "run",
                    "id": 6
                }
            },
            {
                "time": {
                    "start": "2017-10-24T21:45:18.857Z",
                    "end": "2017-10-24T21:45:20.272Z"
                },
                "type": "RESIZE",
                "source": "data:brush",
                "_t": "15:45:18",
                "_end": "15:45:20",
                "data": {
                    "brushing": true,
                    "origin": [
                        472.121644,
                        477.85365905016715
                    ],
                    "_brushside": 0,
                    "start": "2017-10-24T21:45:18.857Z",
                    "ε": 0.1,
                    "mode": "resize"
                }
            },
            {
                "time": "2017-10-24T21:45:24.936Z",
                "type": "START",
                "source": "hotkey",
                "_t": "15:45:24",
                "_end": "-",
                "data": {
                    "type": "skip",
                    "time": 543.016937
                }
            },
            {
                "time": "2017-10-24T21:45:26.218Z",
                "type": "END",
                "source": "data:click:h_pos",
                "_t": "15:45:26",
                "_end": "-",
                "data": {
                    "lbl": {
                        "time": 547.1954152608695,
                        "endTime": 560.4808333210701,
                        "type": "skip",
                        "id": 7
                    }
                }
            },
            {
                "time": "2017-10-24T21:45:26.571Z",
                "type": "SELECT",
                "source": "data:click",
                "_t": "15:45:26",
                "_end": "-",
                "data": {
                    "time": 547.1954152608695,
                    "endTime": 560.4808333210701,
                    "type": "skip",
                    "id": 7
                }
            },
            {
                "time": "2017-10-24T21:45:27.937Z",
                "type": "DESELECT",
                "source": "data:click",
                "_t": "15:45:27",
                "_end": "-",
                "data": {
                    "time": 543.016937,
                    "endTime": 560.4808333210702,
                    "type": "skip",
                    "id": 7
                }
            },
            {
                "time": "2017-10-24T21:45:28.553Z",
                "type": "SELECT",
                "source": "data:click",
                "_t": "15:45:28",
                "_end": "-",
                "data": {
                    "time": 547.1954152608695,
                    "endTime": 560.4808333210701,
                    "type": "skip",
                    "id": 7
                }
            },
            {
                "time": {
                    "start": "2017-10-24T21:45:29.368Z",
                    "end": "2017-10-24T21:45:32.000Z"
                },
                "type": "RESIZE",
                "source": "data:brush",
                "_t": "15:45:29",
                "_end": "15:45:32",
                "data": {
                    "brushing": true,
                    "origin": [
                        543.016937,
                        560.4808333210702
                    ],
                    "_brushside": 0,
                    "start": "2017-10-24T21:45:29.368Z",
                    "ε": 0.1,
                    "mode": "resize"
                }
            },
            {
                "time": "2017-10-24T21:45:36.665Z",
                "type": "START",
                "source": "hotkey",
                "_t": "15:45:36",
                "_end": "-",
                "data": {
                    "type": "skip",
                    "time": 595.895517
                }
            },
            {
                "time": "2017-10-24T21:45:39.073Z",
                "type": "END",
                "source": "data:click:h_pos",
                "_t": "15:45:39",
                "_end": "-",
                "data": {
                    "lbl": {
                        "time": 596.0562277023412,
                        "endTime": 608.753930207358,
                        "type": "skip",
                        "id": 8
                    }
                }
            },
            {
                "time": "2017-10-24T21:45:39.610Z",
                "type": "SELECT",
                "source": "data:click",
                "_t": "15:45:39",
                "_end": "-",
                "data": {
                    "time": 596.0562277023412,
                    "endTime": 608.753930207358,
                    "type": "skip",
                    "id": 8
                }
            },
            {
                "time": {
                    "start": "2017-10-24T21:45:40.816Z",
                    "end": "2017-10-24T21:45:41.743Z"
                },
                "type": "RESIZE",
                "source": "data:brush",
                "_t": "15:45:40",
                "_end": "15:45:41",
                "data": {
                    "brushing": true,
                    "origin": [
                        595.895517,
                        608.7539302073578
                    ],
                    "_brushside": 0,
                    "start": "2017-10-24T21:45:40.816Z",
                    "ε": 0.1,
                    "mode": "resize"
                }
            }
        ],
        "navigationEvents": [
            {
                "time": "2017-10-24T21:44:17.960Z",
                "type": "PAUSE",
                "source": "hotkey",
                "_t": "15:44:17",
                "_end": "-",
                "data": {
                    "key": "space"
                }
            },
            {
                "time": "2017-10-24T21:44:19.031Z",
                "type": "PLAY",
                "source": "hotkey",
                "_t": "15:44:19",
                "_end": "-",
                "data": {
                    "key": "space"
                }
            },
            {
                "time": "2017-10-24T21:44:20.664Z",
                "type": "SKIP",
                "source": "hotkey",
                "_t": "15:44:20",
                "_end": "-",
                "data": {
                    "t": 5.270894,
                    "Δt": 5,
                    "key": "right"
                }
            },
            {
                "time": "2017-10-24T21:44:20.871Z",
                "type": "SKIP",
                "source": "hotkey",
                "_t": "15:44:20",
                "_end": "-",
                "data": {
                    "t": 10.375987,
                    "Δt": 5,
                    "key": "right"
                }
            },
            {
                "time": "2017-10-24T21:44:21.014Z",
                "type": "SKIP",
                "source": "hotkey",
                "_t": "15:44:21",
                "_end": "-",
                "data": {
                    "t": 15.375987,
                    "Δt": 5,
                    "key": "right"
                }
            },
            {
                "time": "2017-10-24T21:44:21.158Z",
                "type": "SKIP",
                "source": "hotkey",
                "_t": "15:44:21",
                "_end": "-",
                "data": {
                    "t": 20.394793,
                    "Δt": 5,
                    "key": "right"
                }
            },
            {
                "time": "2017-10-24T21:44:21.317Z",
                "type": "SKIP",
                "source": "hotkey",
                "_t": "15:44:21",
                "_end": "-",
                "data": {
                    "t": 25.394793,
                    "Δt": 5,
                    "key": "right"
                }
            },
            {
                "time": "2017-10-24T21:44:21.461Z",
                "type": "SKIP",
                "source": "hotkey",
                "_t": "15:44:21",
                "_end": "-",
                "data": {
                    "t": 30.41853,
                    "Δt": 5,
                    "key": "right"
                }
            },
            {
                "time": "2017-10-24T21:44:21.621Z",
                "type": "SKIP",
                "source": "hotkey",
                "_t": "15:44:21",
                "_end": "-",
                "data": {
                    "t": 35.41853,
                    "Δt": 5,
                    "key": "right"
                }
            },
            {
                "time": "2017-10-24T21:44:21.782Z",
                "type": "SKIP",
                "source": "hotkey",
                "_t": "15:44:21",
                "_end": "-",
                "data": {
                    "t": 40.436009,
                    "Δt": 5,
                    "key": "right"
                }
            },
            {
                "time": "2017-10-24T21:44:21.926Z",
                "type": "SKIP",
                "source": "hotkey",
                "_t": "15:44:21",
                "_end": "-",
                "data": {
                    "t": 45.436009,
                    "Δt": 5,
                    "key": "right"
                }
            },
            {
                "time": "2017-10-24T21:44:22.085Z",
                "type": "SKIP",
                "source": "hotkey",
                "_t": "15:44:22",
                "_end": "-",
                "data": {
                    "t": 50.468009,
                    "Δt": 5,
                    "key": "right"
                }
            },
            {
                "time": "2017-10-24T21:44:23.878Z",
                "type": "SKIP",
                "source": "hotkey",
                "_t": "15:44:23",
                "_end": "-",
                "data": {
                    "t": 56.979782,
                    "Δt": 5,
                    "key": "right"
                }
            },
            {
                "time": "2017-10-24T21:44:24.021Z",
                "type": "SKIP",
                "source": "hotkey",
                "_t": "15:44:24",
                "_end": "-",
                "data": {
                    "t": 61.979782,
                    "Δt": 5,
                    "key": "right"
                }
            },
            {
                "time": "2017-10-24T21:44:24.165Z",
                "type": "SKIP",
                "source": "hotkey",
                "_t": "15:44:24",
                "_end": "-",
                "data": {
                    "t": 66.979782,
                    "Δt": 5,
                    "key": "right"
                }
            },
            {
                "time": "2017-10-24T21:44:24.295Z",
                "type": "SKIP",
                "source": "hotkey",
                "_t": "15:44:24",
                "_end": "-",
                "data": {
                    "t": 71.979782,
                    "Δt": 5,
                    "key": "right"
                }
            },
            {
                "time": "2017-10-24T21:44:24.439Z",
                "type": "SKIP",
                "source": "hotkey",
                "_t": "15:44:24",
                "_end": "-",
                "data": {
                    "t": 77.055073,
                    "Δt": 5,
                    "key": "right"
                }
            },
            {
                "time": "2017-10-24T21:44:24.597Z",
                "type": "SKIP",
                "source": "hotkey",
                "_t": "15:44:24",
                "_end": "-",
                "data": {
                    "t": 82.055073,
                    "Δt": 5,
                    "key": "right"
                }
            },
            {
                "time": "2017-10-24T21:44:25.093Z",
                "type": "SKIP",
                "source": "hotkey",
                "_t": "15:44:25",
                "_end": "-",
                "data": {
                    "t": 87.454383,
                    "Δt": -5,
                    "key": "left"
                }
            },
            {
                "time": "2017-10-24T21:44:25.189Z",
                "type": "SKIP",
                "source": "hotkey",
                "_t": "15:44:25",
                "_end": "-",
                "data": {
                    "t": 82.454383,
                    "Δt": -5,
                    "key": "left"
                }
            },
            {
                "time": "2017-10-24T21:44:25.319Z",
                "type": "SKIP",
                "source": "hotkey",
                "_t": "15:44:25",
                "_end": "-",
                "data": {
                    "t": 77.503927,
                    "Δt": -5,
                    "key": "left"
                }
            },
            {
                "time": "2017-10-24T21:44:25.462Z",
                "type": "SKIP",
                "source": "hotkey",
                "_t": "15:44:25",
                "_end": "-",
                "data": {
                    "t": 72.503927,
                    "Δt": -5,
                    "key": "left"
                }
            },
            {
                "time": "2017-10-24T21:44:25.607Z",
                "type": "SKIP",
                "source": "hotkey",
                "_t": "15:44:25",
                "_end": "-",
                "data": {
                    "t": 67.554164,
                    "Δt": -5,
                    "key": "left"
                }
            },
            {
                "time": "2017-10-24T21:44:28.582Z",
                "type": "PAUSE",
                "source": "hotkey",
                "_t": "15:44:28",
                "_end": "-",
                "data": {
                    "key": "space"
                }
            },
            {
                "time": {
                    "start": "2017-10-24T21:43:59.222Z",
                    "end": "2017-10-24T21:44:30.423Z"
                },
                "type": "SCRUB",
                "source": "data:drag",
                "_t": "15:43:59",
                "_end": "15:44:30",
                "data": {
                    "time": 65.125036
                }
            },
            {
                "time": {
                    "start": "2017-10-24T21:43:59.222Z",
                    "end": "2017-10-24T21:44:30.942Z"
                },
                "type": "SCRUB",
                "source": "data:drag",
                "_t": "15:43:59",
                "_end": "15:44:30",
                "data": {
                    "time": 65.178606
                }
            },
            {
                "time": {
                    "start": "2017-10-24T21:43:59.222Z",
                    "end": "2017-10-24T21:44:31.783Z"
                },
                "type": "SCRUB",
                "source": "data:drag",
                "_t": "15:43:59",
                "_end": "15:44:31",
                "data": {
                    "time": 65.178606
                }
            },
            {
                "time": {
                    "start": "2017-10-24T21:43:59.222Z",
                    "end": "2017-10-24T21:44:34.248Z"
                },
                "type": "SCRUB",
                "source": "data:drag",
                "_t": "15:43:59",
                "_end": "15:44:34",
                "data": {
                    "time": 65.178606
                }
            },
            {
                "time": "2017-10-24T21:44:35.095Z",
                "type": "PLAY",
                "source": "hotkey",
                "_t": "15:44:35",
                "_end": "-",
                "data": {
                    "key": "space"
                }
            },
            {
                "time": "2017-10-24T21:44:35.413Z",
                "type": "SKIP",
                "source": "hotkey",
                "_t": "15:44:35",
                "_end": "-",
                "data": {
                    "t": 65.427067,
                    "Δt": 5,
                    "key": "right"
                }
            },
            {
                "time": "2017-10-24T21:44:35.570Z",
                "type": "SKIP",
                "source": "hotkey",
                "_t": "15:44:35",
                "_end": "-",
                "data": {
                    "t": 70.44009,
                    "Δt": 5,
                    "key": "right"
                }
            },
            {
                "time": "2017-10-24T21:44:35.686Z",
                "type": "SKIP",
                "source": "hotkey",
                "_t": "15:44:35",
                "_end": "-",
                "data": {
                    "t": 75.44009,
                    "Δt": 5,
                    "key": "right"
                }
            },
            {
                "time": "2017-10-24T21:44:35.840Z",
                "type": "SKIP",
                "source": "hotkey",
                "_t": "15:44:35",
                "_end": "-",
                "data": {
                    "t": 80.450337,
                    "Δt": 5,
                    "key": "right"
                }
            },
            {
                "time": "2017-10-24T21:44:35.958Z",
                "type": "SKIP",
                "source": "hotkey",
                "_t": "15:44:35",
                "_end": "-",
                "data": {
                    "t": 85.450337,
                    "Δt": 5,
                    "key": "right"
                }
            },
            {
                "time": "2017-10-24T21:44:36.118Z",
                "type": "SKIP",
                "source": "hotkey",
                "_t": "15:44:36",
                "_end": "-",
                "data": {
                    "t": 90.465375,
                    "Δt": 5,
                    "key": "right"
                }
            },
            {
                "time": "2017-10-24T21:44:36.229Z",
                "type": "SKIP",
                "source": "hotkey",
                "_t": "15:44:36",
                "_end": "-",
                "data": {
                    "t": 95.465375,
                    "Δt": 5,
                    "key": "right"
                }
            },
            {
                "time": "2017-10-24T21:44:36.407Z",
                "type": "SKIP",
                "source": "hotkey",
                "_t": "15:44:36",
                "_end": "-",
                "data": {
                    "t": 100.476573,
                    "Δt": 5,
                    "key": "right"
                }
            },
            {
                "time": "2017-10-24T21:44:36.502Z",
                "type": "SKIP",
                "source": "hotkey",
                "_t": "15:44:36",
                "_end": "-",
                "data": {
                    "t": 105.476573,
                    "Δt": 5,
                    "key": "right"
                }
            },
            {
                "time": "2017-10-24T21:44:36.645Z",
                "type": "SKIP",
                "source": "hotkey",
                "_t": "15:44:36",
                "_end": "-",
                "data": {
                    "t": 110.476573,
                    "Δt": 5,
                    "key": "right"
                }
            },
            {
                "time": "2017-10-24T21:44:36.791Z",
                "type": "SKIP",
                "source": "hotkey",
                "_t": "15:44:36",
                "_end": "-",
                "data": {
                    "t": 115.550653,
                    "Δt": 5,
                    "key": "right"
                }
            },
            {
                "time": "2017-10-24T21:44:36.965Z",
                "type": "SKIP",
                "source": "hotkey",
                "_t": "15:44:36",
                "_end": "-",
                "data": {
                    "t": 120.550653,
                    "Δt": 5,
                    "key": "right"
                }
            },
            {
                "time": "2017-10-24T21:44:37.429Z",
                "type": "SKIP",
                "source": "hotkey",
                "_t": "15:44:37",
                "_end": "-",
                "data": {
                    "t": 125.912322,
                    "Δt": 5,
                    "key": "right"
                }
            },
            {
                "time": "2017-10-24T21:44:37.590Z",
                "type": "SKIP",
                "source": "hotkey",
                "_t": "15:44:37",
                "_end": "-",
                "data": {
                    "t": 130.912322,
                    "Δt": 5,
                    "key": "right"
                }
            },
            {
                "time": "2017-10-24T21:44:38.967Z",
                "type": "PAUSE",
                "source": "hotkey",
                "_t": "15:44:38",
                "_end": "-",
                "data": {
                    "key": "space"
                }
            },
            {
                "time": {
                    "start": "2017-10-24T21:43:59.222Z",
                    "end": "2017-10-24T21:44:40.134Z"
                },
                "type": "SCRUB",
                "source": "data:drag",
                "_t": "15:43:59",
                "_end": "15:44:40",
                "data": {
                    "time": 137.163556
                }
            },
            {
                "time": {
                    "start": "2017-10-24T21:43:59.222Z",
                    "end": "2017-10-24T21:44:40.567Z"
                },
                "type": "SCRUB",
                "source": "data:drag",
                "_t": "15:43:59",
                "_end": "15:44:40",
                "data": {
                    "time": 137.163556
                }
            },
            {
                "time": {
                    "start": "2017-10-24T21:43:59.222Z",
                    "end": "2017-10-24T21:44:42.680Z"
                },
                "type": "SCRUB",
                "source": "data:drag",
                "_t": "15:43:59",
                "_end": "15:44:42",
                "data": {
                    "time": 137.163556
                }
            },
            {
                "time": "2017-10-24T21:44:43.079Z",
                "type": "PLAY",
                "source": "hotkey",
                "_t": "15:44:43",
                "_end": "-",
                "data": {
                    "key": "space"
                }
            },
            {
                "time": "2017-10-24T21:44:43.413Z",
                "type": "SKIP",
                "source": "hotkey",
                "_t": "15:44:43",
                "_end": "-",
                "data": {
                    "t": 137.504249,
                    "Δt": 5,
                    "key": "right"
                }
            },
            {
                "time": "2017-10-24T21:44:43.542Z",
                "type": "SKIP",
                "source": "hotkey",
                "_t": "15:44:43",
                "_end": "-",
                "data": {
                    "t": 142.504249,
                    "Δt": 5,
                    "key": "right"
                }
            },
            {
                "time": "2017-10-24T21:44:43.694Z",
                "type": "SKIP",
                "source": "hotkey",
                "_t": "15:44:43",
                "_end": "-",
                "data": {
                    "t": 147.535346,
                    "Δt": 5,
                    "key": "right"
                }
            },
            {
                "time": "2017-10-24T21:44:43.813Z",
                "type": "SKIP",
                "source": "hotkey",
                "_t": "15:44:43",
                "_end": "-",
                "data": {
                    "t": 152.535346,
                    "Δt": 5,
                    "key": "right"
                }
            },
            {
                "time": "2017-10-24T21:44:43.974Z",
                "type": "SKIP",
                "source": "hotkey",
                "_t": "15:44:43",
                "_end": "-",
                "data": {
                    "t": 157.553729,
                    "Δt": 5,
                    "key": "right"
                }
            },
            {
                "time": "2017-10-24T21:44:44.069Z",
                "type": "SKIP",
                "source": "hotkey",
                "_t": "15:44:44",
                "_end": "-",
                "data": {
                    "t": 162.553729,
                    "Δt": 5,
                    "key": "right"
                }
            },
            {
                "time": "2017-10-24T21:44:44.249Z",
                "type": "SKIP",
                "source": "hotkey",
                "_t": "15:44:44",
                "_end": "-",
                "data": {
                    "t": 167.5581,
                    "Δt": 5,
                    "key": "right"
                }
            },
            {
                "time": "2017-10-24T21:44:44.359Z",
                "type": "SKIP",
                "source": "hotkey",
                "_t": "15:44:44",
                "_end": "-",
                "data": {
                    "t": 172.5581,
                    "Δt": 5,
                    "key": "right"
                }
            },
            {
                "time": "2017-10-24T21:44:44.485Z",
                "type": "SKIP",
                "source": "hotkey",
                "_t": "15:44:44",
                "_end": "-",
                "data": {
                    "t": 177.5581,
                    "Δt": 5,
                    "key": "right"
                }
            },
            {
                "time": "2017-10-24T21:44:44.646Z",
                "type": "SKIP",
                "source": "hotkey",
                "_t": "15:44:44",
                "_end": "-",
                "data": {
                    "t": 182.5581,
                    "Δt": 5,
                    "key": "right"
                }
            },
            {
                "time": "2017-10-24T21:44:44.774Z",
                "type": "SKIP",
                "source": "hotkey",
                "_t": "15:44:44",
                "_end": "-",
                "data": {
                    "t": 187.5581,
                    "Δt": 5,
                    "key": "right"
                }
            },
            {
                "time": "2017-10-24T21:44:44.919Z",
                "type": "SKIP",
                "source": "hotkey",
                "_t": "15:44:44",
                "_end": "-",
                "data": {
                    "t": 192.601101,
                    "Δt": 5,
                    "key": "right"
                }
            },
            {
                "time": "2017-10-24T21:44:45.078Z",
                "type": "SKIP",
                "source": "hotkey",
                "_t": "15:44:45",
                "_end": "-",
                "data": {
                    "t": 197.601101,
                    "Δt": 5,
                    "key": "right"
                }
            },
            {
                "time": "2017-10-24T21:44:45.223Z",
                "type": "SKIP",
                "source": "hotkey",
                "_t": "15:44:45",
                "_end": "-",
                "data": {
                    "t": 202.623475,
                    "Δt": 5,
                    "key": "right"
                }
            },
            {
                "time": "2017-10-24T21:44:45.365Z",
                "type": "SKIP",
                "source": "hotkey",
                "_t": "15:44:45",
                "_end": "-",
                "data": {
                    "t": 207.623475,
                    "Δt": 5,
                    "key": "right"
                }
            },
            {
                "time": "2017-10-24T21:44:45.509Z",
                "type": "SKIP",
                "source": "hotkey",
                "_t": "15:44:45",
                "_end": "-",
                "data": {
                    "t": 212.653648,
                    "Δt": 5,
                    "key": "right"
                }
            },
            {
                "time": "2017-10-24T21:44:45.653Z",
                "type": "SKIP",
                "source": "hotkey",
                "_t": "15:44:45",
                "_end": "-",
                "data": {
                    "t": 217.653648,
                    "Δt": 5,
                    "key": "right"
                }
            },
            {
                "time": "2017-10-24T21:44:45.816Z",
                "type": "SKIP",
                "source": "hotkey",
                "_t": "15:44:45",
                "_end": "-",
                "data": {
                    "t": 222.666022,
                    "Δt": 5,
                    "key": "right"
                }
            },
            {
                "time": "2017-10-24T21:44:45.942Z",
                "type": "SKIP",
                "source": "hotkey",
                "_t": "15:44:45",
                "_end": "-",
                "data": {
                    "t": 227.666022,
                    "Δt": 5,
                    "key": "right"
                }
            },
            {
                "time": "2017-10-24T21:44:46.086Z",
                "type": "SKIP",
                "source": "hotkey",
                "_t": "15:44:46",
                "_end": "-",
                "data": {
                    "t": 232.675277,
                    "Δt": 5,
                    "key": "right"
                }
            },
            {
                "time": "2017-10-24T21:44:46.230Z",
                "type": "SKIP",
                "source": "hotkey",
                "_t": "15:44:46",
                "_end": "-",
                "data": {
                    "t": 237.675277,
                    "Δt": 5,
                    "key": "right"
                }
            },
            {
                "time": "2017-10-24T21:44:46.373Z",
                "type": "SKIP",
                "source": "hotkey",
                "_t": "15:44:46",
                "_end": "-",
                "data": {
                    "t": 242.69473,
                    "Δt": 5,
                    "key": "right"
                }
            },
            {
                "time": "2017-10-24T21:44:46.501Z",
                "type": "SKIP",
                "source": "hotkey",
                "_t": "15:44:46",
                "_end": "-",
                "data": {
                    "t": 247.69473,
                    "Δt": 5,
                    "key": "right"
                }
            },
            {
                "time": "2017-10-24T21:44:46.664Z",
                "type": "SKIP",
                "source": "hotkey",
                "_t": "15:44:46",
                "_end": "-",
                "data": {
                    "t": 252.708073,
                    "Δt": 5,
                    "key": "right"
                }
            },
            {
                "time": "2017-10-24T21:44:46.805Z",
                "type": "SKIP",
                "source": "hotkey",
                "_t": "15:44:46",
                "_end": "-",
                "data": {
                    "t": 257.708073,
                    "Δt": 5,
                    "key": "right"
                }
            },
            {
                "time": "2017-10-24T21:44:46.960Z",
                "type": "SKIP",
                "source": "hotkey",
                "_t": "15:44:46",
                "_end": "-",
                "data": {
                    "t": 262.733077,
                    "Δt": 5,
                    "key": "right"
                }
            },
            {
                "time": "2017-10-24T21:44:47.078Z",
                "type": "SKIP",
                "source": "hotkey",
                "_t": "15:44:47",
                "_end": "-",
                "data": {
                    "t": 267.733076,
                    "Δt": 5,
                    "key": "right"
                }
            },
            {
                "time": "2017-10-24T21:44:47.240Z",
                "type": "SKIP",
                "source": "hotkey",
                "_t": "15:44:47",
                "_end": "-",
                "data": {
                    "t": 272.749376,
                    "Δt": 5,
                    "key": "right"
                }
            },
            {
                "time": "2017-10-24T21:44:47.736Z",
                "type": "PAUSE",
                "source": "hotkey",
                "_t": "15:44:47",
                "_end": "-",
                "data": {
                    "key": "space"
                }
            },
            {
                "time": {
                    "start": "2017-10-24T21:43:59.222Z",
                    "end": "2017-10-24T21:44:50.687Z"
                },
                "type": "SCRUB",
                "source": "data:drag",
                "_t": "15:43:59",
                "_end": "15:44:50",
                "data": {
                    "time": 277.895212
                }
            },
            {
                "time": {
                    "start": "2017-10-24T21:43:59.222Z",
                    "end": "2017-10-24T21:44:51.063Z"
                },
                "type": "SCRUB",
                "source": "data:drag",
                "_t": "15:43:59",
                "_end": "15:44:51",
                "data": {
                    "time": 277.895212
                }
            },
            {
                "time": {
                    "start": "2017-10-24T21:43:59.222Z",
                    "end": "2017-10-24T21:44:53.551Z"
                },
                "type": "SCRUB",
                "source": "data:drag",
                "_t": "15:43:59",
                "_end": "15:44:53",
                "data": {
                    "time": 277.895212
                }
            },
            {
                "time": "2017-10-24T21:44:53.816Z",
                "type": "PLAY",
                "source": "hotkey",
                "_t": "15:44:53",
                "_end": "-",
                "data": {
                    "key": "space"
                }
            },
            {
                "time": "2017-10-24T21:44:54.383Z",
                "type": "SKIP",
                "source": "hotkey",
                "_t": "15:44:54",
                "_end": "-",
                "data": {
                    "t": 278.444563,
                    "Δt": 5,
                    "key": "right"
                }
            },
            {
                "time": "2017-10-24T21:44:54.487Z",
                "type": "SKIP",
                "source": "hotkey",
                "_t": "15:44:54",
                "_end": "-",
                "data": {
                    "t": 283.444563,
                    "Δt": 5,
                    "key": "right"
                }
            },
            {
                "time": "2017-10-24T21:44:54.615Z",
                "type": "SKIP",
                "source": "hotkey",
                "_t": "15:44:54",
                "_end": "-",
                "data": {
                    "t": 288.477817,
                    "Δt": 5,
                    "key": "right"
                }
            },
            {
                "time": "2017-10-24T21:44:54.741Z",
                "type": "SKIP",
                "source": "hotkey",
                "_t": "15:44:54",
                "_end": "-",
                "data": {
                    "t": 293.477817,
                    "Δt": 5,
                    "key": "right"
                }
            },
            {
                "time": "2017-10-24T21:44:54.888Z",
                "type": "SKIP",
                "source": "hotkey",
                "_t": "15:44:54",
                "_end": "-",
                "data": {
                    "t": 298.527447,
                    "Δt": 5,
                    "key": "right"
                }
            },
            {
                "time": "2017-10-24T21:44:55.030Z",
                "type": "SKIP",
                "source": "hotkey",
                "_t": "15:44:55",
                "_end": "-",
                "data": {
                    "t": 303.527447,
                    "Δt": 5,
                    "key": "right"
                }
            },
            {
                "time": "2017-10-24T21:44:55.174Z",
                "type": "SKIP",
                "source": "hotkey",
                "_t": "15:44:55",
                "_end": "-",
                "data": {
                    "t": 308.563135,
                    "Δt": 5,
                    "key": "right"
                }
            },
            {
                "time": "2017-10-24T21:44:55.302Z",
                "type": "SKIP",
                "source": "hotkey",
                "_t": "15:44:55",
                "_end": "-",
                "data": {
                    "t": 313.563135,
                    "Δt": 5,
                    "key": "right"
                }
            },
            {
                "time": "2017-10-24T21:44:55.446Z",
                "type": "SKIP",
                "source": "hotkey",
                "_t": "15:44:55",
                "_end": "-",
                "data": {
                    "t": 318.592879,
                    "Δt": 5,
                    "key": "right"
                }
            },
            {
                "time": "2017-10-24T21:44:55.574Z",
                "type": "SKIP",
                "source": "hotkey",
                "_t": "15:44:55",
                "_end": "-",
                "data": {
                    "t": 323.592879,
                    "Δt": 5,
                    "key": "right"
                }
            },
            {
                "time": "2017-10-24T21:44:55.847Z",
                "type": "SKIP",
                "source": "hotkey",
                "_t": "15:44:55",
                "_end": "-",
                "data": {
                    "t": 328.725337,
                    "Δt": 5,
                    "key": "right"
                }
            },
            {
                "time": "2017-10-24T21:44:56.471Z",
                "type": "SKIP",
                "source": "hotkey",
                "_t": "15:44:56",
                "_end": "-",
                "data": {
                    "t": 334.037888,
                    "Δt": 5,
                    "key": "right"
                }
            },
            {
                "time": "2017-10-24T21:44:56.631Z",
                "type": "SKIP",
                "source": "hotkey",
                "_t": "15:44:56",
                "_end": "-",
                "data": {
                    "t": 339.045268,
                    "Δt": 5,
                    "key": "right"
                }
            },
            {
                "time": "2017-10-24T21:44:57.084Z",
                "type": "PAUSE",
                "source": "hotkey",
                "_t": "15:44:57",
                "_end": "-",
                "data": {
                    "key": "space"
                }
            },
            {
                "time": {
                    "start": "2017-10-24T21:43:59.222Z",
                    "end": "2017-10-24T21:44:59.479Z"
                },
                "type": "SCRUB",
                "source": "data:drag",
                "_t": "15:43:59",
                "_end": "15:44:59",
                "data": {
                    "time": 344.198405
                }
            },
            {
                "time": {
                    "start": "2017-10-24T21:43:59.222Z",
                    "end": "2017-10-24T21:44:59.958Z"
                },
                "type": "SCRUB",
                "source": "data:drag",
                "_t": "15:43:59",
                "_end": "15:44:59",
                "data": {
                    "time": 344.251975
                }
            },
            {
                "time": "2017-10-24T21:45:01.132Z",
                "type": "PLAY",
                "source": "hotkey",
                "_t": "15:45:01",
                "_end": "-",
                "data": {
                    "key": "space"
                }
            },
            {
                "time": "2017-10-24T21:45:02.934Z",
                "type": "SKIP",
                "source": "hotkey",
                "_t": "15:45:02",
                "_end": "-",
                "data": {
                    "t": 345.966043,
                    "Δt": 5,
                    "key": "right"
                }
            },
            {
                "time": "2017-10-24T21:45:03.062Z",
                "type": "SKIP",
                "source": "hotkey",
                "_t": "15:45:03",
                "_end": "-",
                "data": {
                    "t": 350.966043,
                    "Δt": 5,
                    "key": "right"
                }
            },
            {
                "time": "2017-10-24T21:45:03.207Z",
                "type": "SKIP",
                "source": "hotkey",
                "_t": "15:45:03",
                "_end": "-",
                "data": {
                    "t": 356.031824,
                    "Δt": 5,
                    "key": "right"
                }
            },
            {
                "time": "2017-10-24T21:45:03.350Z",
                "type": "SKIP",
                "source": "hotkey",
                "_t": "15:45:03",
                "_end": "-",
                "data": {
                    "t": 361.031824,
                    "Δt": 5,
                    "key": "right"
                }
            },
            {
                "time": "2017-10-24T21:45:03.494Z",
                "type": "SKIP",
                "source": "hotkey",
                "_t": "15:45:03",
                "_end": "-",
                "data": {
                    "t": 366.051167,
                    "Δt": 5,
                    "key": "right"
                }
            },
            {
                "time": "2017-10-24T21:45:03.638Z",
                "type": "SKIP",
                "source": "hotkey",
                "_t": "15:45:03",
                "_end": "-",
                "data": {
                    "t": 371.051167,
                    "Δt": 5,
                    "key": "right"
                }
            },
            {
                "time": "2017-10-24T21:45:03.782Z",
                "type": "SKIP",
                "source": "hotkey",
                "_t": "15:45:03",
                "_end": "-",
                "data": {
                    "t": 376.07967,
                    "Δt": 5,
                    "key": "right"
                }
            },
            {
                "time": "2017-10-24T21:45:03.926Z",
                "type": "SKIP",
                "source": "hotkey",
                "_t": "15:45:03",
                "_end": "-",
                "data": {
                    "t": 381.07967,
                    "Δt": 5,
                    "key": "right"
                }
            },
            {
                "time": "2017-10-24T21:45:04.070Z",
                "type": "SKIP",
                "source": "hotkey",
                "_t": "15:45:04",
                "_end": "-",
                "data": {
                    "t": 386.093899,
                    "Δt": 5,
                    "key": "right"
                }
            },
            {
                "time": "2017-10-24T21:45:04.214Z",
                "type": "SKIP",
                "source": "hotkey",
                "_t": "15:45:04",
                "_end": "-",
                "data": {
                    "t": 391.093899,
                    "Δt": 5,
                    "key": "right"
                }
            },
            {
                "time": "2017-10-24T21:45:04.359Z",
                "type": "SKIP",
                "source": "hotkey",
                "_t": "15:45:04",
                "_end": "-",
                "data": {
                    "t": 396.103742,
                    "Δt": 5,
                    "key": "right"
                }
            },
            {
                "time": "2017-10-24T21:45:04.502Z",
                "type": "SKIP",
                "source": "hotkey",
                "_t": "15:45:04",
                "_end": "-",
                "data": {
                    "t": 401.103742,
                    "Δt": 5,
                    "key": "right"
                }
            },
            {
                "time": "2017-10-24T21:45:04.630Z",
                "type": "SKIP",
                "source": "hotkey",
                "_t": "15:45:04",
                "_end": "-",
                "data": {
                    "t": 406.126706,
                    "Δt": 5,
                    "key": "right"
                }
            },
            {
                "time": "2017-10-24T21:45:04.776Z",
                "type": "SKIP",
                "source": "hotkey",
                "_t": "15:45:04",
                "_end": "-",
                "data": {
                    "t": 411.126706,
                    "Δt": 5,
                    "key": "right"
                }
            },
            {
                "time": "2017-10-24T21:45:04.907Z",
                "type": "SKIP",
                "source": "hotkey",
                "_t": "15:45:04",
                "_end": "-",
                "data": {
                    "t": 416.138649,
                    "Δt": 5,
                    "key": "right"
                }
            },
            {
                "time": "2017-10-24T21:45:05.209Z",
                "type": "PAUSE",
                "source": "hotkey",
                "_t": "15:45:05",
                "_end": "-",
                "data": {
                    "key": "space"
                }
            },
            {
                "time": {
                    "start": "2017-10-24T21:43:59.222Z",
                    "end": "2017-10-24T21:45:08.607Z"
                },
                "type": "SCRUB",
                "source": "data:drag",
                "_t": "15:43:59",
                "_end": "15:45:08",
                "data": {
                    "time": 421.162243
                }
            },
            {
                "time": {
                    "start": "2017-10-24T21:43:59.222Z",
                    "end": "2017-10-24T21:45:09.223Z"
                },
                "type": "SCRUB",
                "source": "data:drag",
                "_t": "15:43:59",
                "_end": "15:45:09",
                "data": {
                    "time": 421.162243
                }
            },
            {
                "time": {
                    "start": "2017-10-24T21:43:59.222Z",
                    "end": "2017-10-24T21:45:11.711Z"
                },
                "type": "SCRUB",
                "source": "data:drag",
                "_t": "15:43:59",
                "_end": "15:45:11",
                "data": {
                    "time": 421.162243
                }
            },
            {
                "time": "2017-10-24T21:45:11.961Z",
                "type": "PLAY",
                "source": "hotkey",
                "_t": "15:45:11",
                "_end": "-",
                "data": {
                    "key": "space"
                }
            },
            {
                "time": "2017-10-24T21:45:12.632Z",
                "type": "SKIP",
                "source": "hotkey",
                "_t": "15:45:12",
                "_end": "-",
                "data": {
                    "t": 421.788177,
                    "Δt": 5,
                    "key": "right"
                }
            },
            {
                "time": "2017-10-24T21:45:12.774Z",
                "type": "SKIP",
                "source": "hotkey",
                "_t": "15:45:12",
                "_end": "-",
                "data": {
                    "t": 426.788177,
                    "Δt": 5,
                    "key": "right"
                }
            },
            {
                "time": "2017-10-24T21:45:12.902Z",
                "type": "SKIP",
                "source": "hotkey",
                "_t": "15:45:12",
                "_end": "-",
                "data": {
                    "t": 431.788177,
                    "Δt": 5,
                    "key": "right"
                }
            },
            {
                "time": "2017-10-24T21:45:13.080Z",
                "type": "SKIP",
                "source": "hotkey",
                "_t": "15:45:13",
                "_end": "-",
                "data": {
                    "t": 436.811216,
                    "Δt": 5,
                    "key": "right"
                }
            },
            {
                "time": "2017-10-24T21:45:13.190Z",
                "type": "SKIP",
                "source": "hotkey",
                "_t": "15:45:13",
                "_end": "-",
                "data": {
                    "t": 441.811216,
                    "Δt": 5,
                    "key": "right"
                }
            },
            {
                "time": "2017-10-24T21:45:13.372Z",
                "type": "SKIP",
                "source": "hotkey",
                "_t": "15:45:13",
                "_end": "-",
                "data": {
                    "t": 446.825819,
                    "Δt": 5,
                    "key": "right"
                }
            },
            {
                "time": "2017-10-24T21:45:13.462Z",
                "type": "SKIP",
                "source": "hotkey",
                "_t": "15:45:13",
                "_end": "-",
                "data": {
                    "t": 451.825819,
                    "Δt": 5,
                    "key": "right"
                }
            },
            {
                "time": "2017-10-24T21:45:13.651Z",
                "type": "SKIP",
                "source": "hotkey",
                "_t": "15:45:13",
                "_end": "-",
                "data": {
                    "t": 456.836615,
                    "Δt": 5,
                    "key": "right"
                }
            },
            {
                "time": "2017-10-24T21:45:13.766Z",
                "type": "SKIP",
                "source": "hotkey",
                "_t": "15:45:13",
                "_end": "-",
                "data": {
                    "t": 461.853384,
                    "Δt": 5,
                    "key": "right"
                }
            },
            {
                "time": "2017-10-24T21:45:13.893Z",
                "type": "SKIP",
                "source": "hotkey",
                "_t": "15:45:13",
                "_end": "-",
                "data": {
                    "t": 466.853384,
                    "Δt": 5,
                    "key": "right"
                }
            },
            {
                "time": "2017-10-24T21:45:14.259Z",
                "type": "PAUSE",
                "source": "hotkey",
                "_t": "15:45:14",
                "_end": "-",
                "data": {
                    "key": "space"
                }
            },
            {
                "time": {
                    "start": "2017-10-24T21:43:59.222Z",
                    "end": "2017-10-24T21:45:17.543Z"
                },
                "type": "SCRUB",
                "source": "data:drag",
                "_t": "15:43:59",
                "_end": "15:45:17",
                "data": {
                    "time": 472.121644
                }
            },
            {
                "time": {
                    "start": "2017-10-24T21:43:59.222Z",
                    "end": "2017-10-24T21:45:17.911Z"
                },
                "type": "SCRUB",
                "source": "data:drag",
                "_t": "15:43:59",
                "_end": "15:45:17",
                "data": {
                    "time": 472.121644
                }
            },
            {
                "time": {
                    "start": "2017-10-24T21:43:59.222Z",
                    "end": "2017-10-24T21:45:20.281Z"
                },
                "type": "SCRUB",
                "source": "data:drag",
                "_t": "15:43:59",
                "_end": "15:45:20",
                "data": {
                    "time": 472.121644
                }
            },
            {
                "time": "2017-10-24T21:45:20.552Z",
                "type": "PLAY",
                "source": "hotkey",
                "_t": "15:45:20",
                "_end": "-",
                "data": {
                    "key": "space"
                }
            },
            {
                "time": "2017-10-24T21:45:21.065Z",
                "type": "SKIP",
                "source": "hotkey",
                "_t": "15:45:21",
                "_end": "-",
                "data": {
                    "t": 472.633483,
                    "Δt": 5,
                    "key": "right"
                }
            },
            {
                "time": "2017-10-24T21:45:21.191Z",
                "type": "SKIP",
                "source": "hotkey",
                "_t": "15:45:21",
                "_end": "-",
                "data": {
                    "t": 477.633483,
                    "Δt": 5,
                    "key": "right"
                }
            },
            {
                "time": "2017-10-24T21:45:21.318Z",
                "type": "SKIP",
                "source": "hotkey",
                "_t": "15:45:21",
                "_end": "-",
                "data": {
                    "t": 482.650504,
                    "Δt": 5,
                    "key": "right"
                }
            },
            {
                "time": "2017-10-24T21:45:21.462Z",
                "type": "SKIP",
                "source": "hotkey",
                "_t": "15:45:21",
                "_end": "-",
                "data": {
                    "t": 487.650504,
                    "Δt": 5,
                    "key": "right"
                }
            },
            {
                "time": "2017-10-24T21:45:21.591Z",
                "type": "SKIP",
                "source": "hotkey",
                "_t": "15:45:21",
                "_end": "-",
                "data": {
                    "t": 492.667258,
                    "Δt": 5,
                    "key": "right"
                }
            },
            {
                "time": "2017-10-24T21:45:21.734Z",
                "type": "SKIP",
                "source": "hotkey",
                "_t": "15:45:21",
                "_end": "-",
                "data": {
                    "t": 497.667258,
                    "Δt": 5,
                    "key": "right"
                }
            },
            {
                "time": "2017-10-24T21:45:21.894Z",
                "type": "SKIP",
                "source": "hotkey",
                "_t": "15:45:21",
                "_end": "-",
                "data": {
                    "t": 502.676852,
                    "Δt": 5,
                    "key": "right"
                }
            },
            {
                "time": "2017-10-24T21:45:22.022Z",
                "type": "SKIP",
                "source": "hotkey",
                "_t": "15:45:22",
                "_end": "-",
                "data": {
                    "t": 507.676852,
                    "Δt": 5,
                    "key": "right"
                }
            },
            {
                "time": "2017-10-24T21:45:22.171Z",
                "type": "SKIP",
                "source": "hotkey",
                "_t": "15:45:22",
                "_end": "-",
                "data": {
                    "t": 512.708852,
                    "Δt": 5,
                    "key": "right"
                }
            },
            {
                "time": "2017-10-24T21:45:22.294Z",
                "type": "SKIP",
                "source": "hotkey",
                "_t": "15:45:22",
                "_end": "-",
                "data": {
                    "t": 517.708852,
                    "Δt": 5,
                    "key": "right"
                }
            },
            {
                "time": "2017-10-24T21:45:22.440Z",
                "type": "SKIP",
                "source": "hotkey",
                "_t": "15:45:22",
                "_end": "-",
                "data": {
                    "t": 522.718618,
                    "Δt": 5,
                    "key": "right"
                }
            },
            {
                "time": "2017-10-24T21:45:22.566Z",
                "type": "SKIP",
                "source": "hotkey",
                "_t": "15:45:22",
                "_end": "-",
                "data": {
                    "t": 527.718618,
                    "Δt": 5,
                    "key": "right"
                }
            },
            {
                "time": "2017-10-24T21:45:22.734Z",
                "type": "SKIP",
                "source": "hotkey",
                "_t": "15:45:22",
                "_end": "-",
                "data": {
                    "t": 532.729875,
                    "Δt": 5,
                    "key": "right"
                }
            },
            {
                "time": "2017-10-24T21:45:22.886Z",
                "type": "SKIP",
                "source": "hotkey",
                "_t": "15:45:22",
                "_end": "-",
                "data": {
                    "t": 537.729875,
                    "Δt": 5,
                    "key": "right"
                }
            },
            {
                "time": "2017-10-24T21:45:23.383Z",
                "type": "PAUSE",
                "source": "hotkey",
                "_t": "15:45:23",
                "_end": "-",
                "data": {
                    "key": "space"
                }
            },
            {
                "time": {
                    "start": "2017-10-24T21:43:59.222Z",
                    "end": "2017-10-24T21:45:26.215Z"
                },
                "type": "SCRUB",
                "source": "data:drag",
                "_t": "15:43:59",
                "_end": "15:45:26",
                "data": {
                    "time": 543.016937
                }
            },
            {
                "time": {
                    "start": "2017-10-24T21:43:59.222Z",
                    "end": "2017-10-24T21:45:26.568Z"
                },
                "type": "SCRUB",
                "source": "data:drag",
                "_t": "15:43:59",
                "_end": "15:45:26",
                "data": {
                    "time": 543.016937
                }
            },
            {
                "time": {
                    "start": "2017-10-24T21:43:59.222Z",
                    "end": "2017-10-24T21:45:27.936Z"
                },
                "type": "SCRUB",
                "source": "data:drag",
                "_t": "15:43:59",
                "_end": "15:45:27",
                "data": {
                    "time": 543.016937
                }
            },
            {
                "time": {
                    "start": "2017-10-24T21:43:59.222Z",
                    "end": "2017-10-24T21:45:28.551Z"
                },
                "type": "SCRUB",
                "source": "data:drag",
                "_t": "15:43:59",
                "_end": "15:45:28",
                "data": {
                    "time": 543.016937
                }
            },
            {
                "time": {
                    "start": "2017-10-24T21:43:59.222Z",
                    "end": "2017-10-24T21:45:32.007Z"
                },
                "type": "SCRUB",
                "source": "data:drag",
                "_t": "15:43:59",
                "_end": "15:45:32",
                "data": {
                    "time": 543.016937
                }
            },
            {
                "time": "2017-10-24T21:45:32.361Z",
                "type": "PLAY",
                "source": "hotkey",
                "_t": "15:45:32",
                "_end": "-",
                "data": {
                    "key": "space"
                }
            },
            {
                "time": "2017-10-24T21:45:32.744Z",
                "type": "SKIP",
                "source": "hotkey",
                "_t": "15:45:32",
                "_end": "-",
                "data": {
                    "t": 543.425707,
                    "Δt": 5,
                    "key": "right"
                }
            },
            {
                "time": "2017-10-24T21:45:32.887Z",
                "type": "SKIP",
                "source": "hotkey",
                "_t": "15:45:32",
                "_end": "-",
                "data": {
                    "t": 548.440613,
                    "Δt": 5,
                    "key": "right"
                }
            },
            {
                "time": "2017-10-24T21:45:33.030Z",
                "type": "SKIP",
                "source": "hotkey",
                "_t": "15:45:33",
                "_end": "-",
                "data": {
                    "t": 553.440613,
                    "Δt": 5,
                    "key": "right"
                }
            },
            {
                "time": "2017-10-24T21:45:33.160Z",
                "type": "SKIP",
                "source": "hotkey",
                "_t": "15:45:33",
                "_end": "-",
                "data": {
                    "t": 558.472613,
                    "Δt": 5,
                    "key": "right"
                }
            },
            {
                "time": "2017-10-24T21:45:33.303Z",
                "type": "SKIP",
                "source": "hotkey",
                "_t": "15:45:33",
                "_end": "-",
                "data": {
                    "t": 563.472613,
                    "Δt": 5,
                    "key": "right"
                }
            },
            {
                "time": "2017-10-24T21:45:33.448Z",
                "type": "SKIP",
                "source": "hotkey",
                "_t": "15:45:33",
                "_end": "-",
                "data": {
                    "t": 568.492592,
                    "Δt": 5,
                    "key": "right"
                }
            },
            {
                "time": "2017-10-24T21:45:33.593Z",
                "type": "SKIP",
                "source": "hotkey",
                "_t": "15:45:33",
                "_end": "-",
                "data": {
                    "t": 573.492592,
                    "Δt": 5,
                    "key": "right"
                }
            },
            {
                "time": "2017-10-24T21:45:33.718Z",
                "type": "SKIP",
                "source": "hotkey",
                "_t": "15:45:33",
                "_end": "-",
                "data": {
                    "t": 578.505391,
                    "Δt": 5,
                    "key": "right"
                }
            },
            {
                "time": "2017-10-24T21:45:33.862Z",
                "type": "SKIP",
                "source": "hotkey",
                "_t": "15:45:33",
                "_end": "-",
                "data": {
                    "t": 583.505391,
                    "Δt": 5,
                    "key": "right"
                }
            },
            {
                "time": "2017-10-24T21:45:33.991Z",
                "type": "SKIP",
                "source": "hotkey",
                "_t": "15:45:33",
                "_end": "-",
                "data": {
                    "t": 588.518224,
                    "Δt": 5,
                    "key": "right"
                }
            },
            {
                "time": "2017-10-24T21:45:37.576Z",
                "type": "PAUSE",
                "source": "hotkey",
                "_t": "15:45:37",
                "_end": "-",
                "data": {
                    "key": "space"
                }
            },
            {
                "time": {
                    "start": "2017-10-24T21:43:59.222Z",
                    "end": "2017-10-24T21:45:39.071Z"
                },
                "type": "SCRUB",
                "source": "data:drag",
                "_t": "15:43:59",
                "_end": "15:45:39",
                "data": {
                    "time": 596.807768
                }
            },
            {
                "time": {
                    "start": "2017-10-24T21:43:59.222Z",
                    "end": "2017-10-24T21:45:39.607Z"
                },
                "type": "SCRUB",
                "source": "data:drag",
                "_t": "15:43:59",
                "_end": "15:45:39",
                "data": {
                    "time": 596.807768
                }
            },
            {
                "time": {
                    "start": "2017-10-24T21:43:59.222Z",
                    "end": "2017-10-24T21:45:41.753Z"
                },
                "type": "SCRUB",
                "source": "data:drag",
                "_t": "15:43:59",
                "_end": "15:45:41",
                "data": {
                    "time": 596.807768
                }
            },
            {
                "time": "2017-10-24T21:45:42.425Z",
                "type": "PLAY",
                "source": "hotkey",
                "_t": "15:45:42",
                "_end": "-",
                "data": {
                    "key": "space"
                }
            },
            {
                "time": "2017-10-24T21:45:43.612Z",
                "type": "PAUSE",
                "source": "hotkey",
                "_t": "15:45:43",
                "_end": "-",
                "data": {
                    "key": "space"
                }
            }
        ]
    }
}