{
    "user_id": "037",
    "session_id": "59eff0415efd4d725417b8f2",
    "study": "studyB",
    "workspace": "newrun.run-pink",
    "details": {
        "workspace": "newrun.run-pink",
        "labels": [
            {
                "time": 63.484096,
                "endTime": 74.05934,
                "type": "run",
                "id": 1
            },
            {
                "time": 138.33141026289928,
                "endTime": 142.89641426289927,
                "type": "run",
                "id": 2
            },
            {
                "time": 275.623826,
                "endTime": 288.911238,
                "type": "skip",
                "id": 3
            },
            {
                "time": 344.50862,
                "endTime": 349.391534,
                "type": "run",
                "id": 4
            },
            {
                "time": 420.644325,
                "endTime": 434.0775109131996,
                "type": "skip",
                "id": 5
            },
            {
                "time": 472.4880259123803,
                "endTime": 477.5779440123084,
                "type": "run",
                "id": 6
            },
            {
                "time": 546.737861,
                "endTime": 560.4858872080401,
                "type": "skip",
                "id": 7
            },
            {
                "time": 596.325206,
                "endTime": 608.6564508812573,
                "type": "skip",
                "id": 8
            }
        ],
        "_starts": [
            "2017-10-25T02:29:29.000Z"
        ],
        "_ends": [
            "2017-10-25T02:32:36.861Z"
        ]
    },
    "labels_file": "/home/ubuntu/vat/data/user-studies/studyB/run-pink/037.labels.json",
    "videoFlash": 3.300376,
    "surveys": {
        "user-info": {
            "firstname": "Jenica",
            "lastname": "Lilly",
            "email": "lillyje1214@gmail.com"
        },
        "practice-first": {
            "question1": "1",
            "question2": "okay",
            "question3": "100",
            "question4": "1"
        },
        "practice-second": {},
        "practice-third": {},
        "practice-survey": {},
        "run-blue": {
            "question1": "1",
            "question2": "0",
            "question3": "50",
            "question4": "20"
        },
        "run-yellow": {
            "question1": "0",
            "question2": "1",
            "question3": "80",
            "question4": "30"
        },
        "run-red": {
            "question1": "1",
            "question2": "1",
            "question3": "100",
            "question4": "10"
        },
        "run-survey": {
            "question1": "2",
            "question2": "1",
            "question3": "2",
            "question4": "1"
        },
        "pill-blue": {
            "question1": "1",
            "question2": "1",
            "question3": "90",
            "question4": "10"
        },
        "pill-red": {
            "question1": "-1",
            "question2": "0",
            "question3": "90",
            "question4": "10"
        },
        "pill-orange": {
            "question1": "1",
            "question2": "1",
            "question3": "100",
            "question4": "10"
        },
        "pills-survey": {
            "question1": "2",
            "question2": "1",
            "question3": "2",
            "question4": "2"
        }
    },
    "logs": {
        "labelEvents": [
            {
                "time": "2017-10-25T02:30:01.199Z",
                "type": "START",
                "source": "hotkey",
                "_t": "20:30:01",
                "_end": "-",
                "data": {
                    "type": "run",
                    "time": 63.484096
                }
            },
            {
                "time": "2017-10-25T02:30:06.481Z",
                "type": "END",
                "source": "hotkey:ctb",
                "_t": "20:30:06",
                "_end": "-",
                "data": {
                    "lbl": {
                        "time": 63.484096,
                        "endTime": 74.05934,
                        "type": "run",
                        "id": 1
                    },
                    "key": "enter"
                }
            },
            {
                "time": "2017-10-25T02:30:14.690Z",
                "type": "START",
                "source": "hotkey",
                "_t": "20:30:14",
                "_end": "-",
                "data": {
                    "type": "run",
                    "time": 139.118511
                }
            },
            {
                "time": "2017-10-25T02:30:16.975Z",
                "type": "END",
                "source": "hotkey:ctb",
                "_t": "20:30:16",
                "_end": "-",
                "data": {
                    "lbl": {
                        "time": 138.33141026289928,
                        "endTime": 142.89641426289927,
                        "type": "run",
                        "id": 2
                    },
                    "key": "enter"
                }
            },
            {
                "time": "2017-10-25T02:30:25.841Z",
                "type": "START",
                "source": "hotkey",
                "_t": "20:30:25",
                "_end": "-",
                "data": {
                    "type": "skip",
                    "time": 275.623826
                }
            },
            {
                "time": "2017-10-25T02:30:32.481Z",
                "type": "END",
                "source": "hotkey:ctb",
                "_t": "20:30:32",
                "_end": "-",
                "data": {
                    "lbl": {
                        "time": 275.623826,
                        "endTime": 288.911238,
                        "type": "skip",
                        "id": 3
                    },
                    "key": "enter"
                }
            },
            {
                "time": "2017-10-25T02:30:46.242Z",
                "type": "START",
                "source": "hotkey",
                "_t": "20:30:46",
                "_end": "-",
                "data": {
                    "type": "run",
                    "time": 344.50862
                }
            },
            {
                "time": "2017-10-25T02:30:48.690Z",
                "type": "END",
                "source": "hotkey:ctb",
                "_t": "20:30:48",
                "_end": "-",
                "data": {
                    "lbl": {
                        "time": 344.50862,
                        "endTime": 349.391534,
                        "type": "run",
                        "id": 4
                    },
                    "key": "enter"
                }
            },
            {
                "time": "2017-10-25T02:30:54.171Z",
                "type": "START",
                "source": "hotkey",
                "_t": "20:30:54",
                "_end": "-",
                "data": {
                    "type": "run",
                    "time": 421.140708
                }
            },
            {
                "time": "2017-10-25T02:31:00.978Z",
                "type": "END",
                "source": "hotkey:ctb",
                "_t": "20:31:00",
                "_end": "-",
                "data": {
                    "lbl": {
                        "time": 421.140708,
                        "endTime": 434.755373,
                        "type": "run",
                        "id": 5
                    },
                    "key": "enter"
                }
            },
            {
                "time": "2017-10-25T02:31:03.259Z",
                "type": "SELECT",
                "source": "data:click",
                "_t": "20:31:03",
                "_end": "-",
                "data": {
                    "time": 421.140708,
                    "endTime": 434.755373,
                    "type": "run",
                    "id": 5
                }
            },
            {
                "time": "2017-10-25T02:31:06.018Z",
                "type": "START",
                "source": "side-bar:button",
                "_t": "20:31:06",
                "_end": "-",
                "data": {
                    "type": "skip",
                    "time": 437.435808
                }
            },
            {
                "time": "2017-10-25T02:31:11.490Z",
                "type": "END",
                "source": "data:click:h_pos",
                "_t": "20:31:11",
                "_end": "-",
                "data": {}
            },
            {
                "time": "2017-10-25T02:31:16.051Z",
                "type": "SELECT",
                "source": "data:click",
                "_t": "20:31:16",
                "_end": "-",
                "data": {
                    "time": 421.140708,
                    "endTime": 434.755373,
                    "type": "run",
                    "id": 5
                }
            },
            {
                "time": "2017-10-25T02:31:16.976Z",
                "type": "DELETE",
                "source": "hotkey",
                "_t": "20:31:16",
                "_end": "-",
                "data": {
                    "id": 5,
                    "idx": 4
                }
            },
            {
                "time": "2017-10-25T02:31:19.218Z",
                "type": "START",
                "source": "hotkey",
                "_t": "20:31:19",
                "_end": "-",
                "data": {
                    "type": "skip",
                    "time": 420.644325
                }
            },
            {
                "time": "2017-10-25T02:31:20.904Z",
                "type": "END",
                "source": "data:click:h_pos",
                "_t": "20:31:20",
                "_end": "-",
                "data": {
                    "lbl": {
                        "time": 420.644325,
                        "endTime": 434.0775109131996,
                        "type": "skip",
                        "id": 5
                    }
                }
            },
            {
                "time": "2017-10-25T02:31:33.186Z",
                "type": "START",
                "source": "hotkey",
                "_t": "20:31:33",
                "_end": "-",
                "data": {
                    "type": "run",
                    "time": 472.225659
                }
            },
            {
                "time": "2017-10-25T02:31:36.953Z",
                "type": "END",
                "source": "data:click:h_pos",
                "_t": "20:31:36",
                "_end": "-",
                "data": {
                    "lbl": {
                        "time": 472.4880259123803,
                        "endTime": 477.5779440123084,
                        "type": "run",
                        "id": 6
                    }
                }
            },
            {
                "time": "2017-10-25T02:31:43.747Z",
                "type": "START",
                "source": "hotkey",
                "_t": "20:31:43",
                "_end": "-",
                "data": {
                    "type": "skip",
                    "time": 546.737861
                }
            },
            {
                "time": "2017-10-25T02:31:46.937Z",
                "type": "END",
                "source": "data:click:h_pos",
                "_t": "20:31:46",
                "_end": "-",
                "data": {
                    "lbl": {
                        "time": 546.737861,
                        "endTime": 560.4858872080401,
                        "type": "skip",
                        "id": 7
                    }
                }
            },
            {
                "time": "2017-10-25T02:31:53.955Z",
                "type": "START",
                "source": "hotkey",
                "_t": "20:31:53",
                "_end": "-",
                "data": {
                    "type": "skip",
                    "time": 596.325206
                }
            },
            {
                "time": "2017-10-25T02:31:55.595Z",
                "type": "END",
                "source": "data:click:h_pos",
                "_t": "20:31:55",
                "_end": "-",
                "data": {
                    "lbl": {
                        "time": 596.325206,
                        "endTime": 608.6564508812573,
                        "type": "skip",
                        "id": 8
                    }
                }
            },
            {
                "time": "2017-10-25T02:32:14.716Z",
                "type": "SELECT",
                "source": "data:click",
                "_t": "20:32:14",
                "_end": "-",
                "data": {
                    "time": 472.4880259123803,
                    "endTime": 477.5779440123084,
                    "type": "run",
                    "id": 6
                }
            },
            {
                "time": {
                    "start": "2017-10-25T02:32:16.746Z",
                    "end": "2017-10-25T02:32:17.683Z"
                },
                "type": "RESIZE",
                "source": "data:brush",
                "_t": "20:32:16",
                "_end": "20:32:17",
                "data": {
                    "brushing": true,
                    "origin": [
                        472.225659,
                        477.57794401229046
                    ],
                    "_brushside": 0,
                    "start": "2017-10-25T02:32:16.746Z",
                    "ε": 0.1,
                    "mode": "resize"
                }
            },
            {
                "time": "2017-10-25T02:32:26.691Z",
                "type": "DESELECT",
                "source": "data:click",
                "_t": "20:32:26",
                "_end": "-",
                "data": {
                    "time": 472.4880259123803,
                    "endTime": 477.5779440123084,
                    "type": "run",
                    "id": 6
                }
            },
            {
                "time": "2017-10-25T02:32:30.196Z",
                "type": "SELECT",
                "source": "data:click",
                "_t": "20:32:30",
                "_end": "-",
                "data": {
                    "time": 138.33141026289928,
                    "endTime": 142.89641426289927,
                    "type": "run",
                    "id": 2
                }
            },
            {
                "time": {
                    "start": "2017-10-25T02:32:30.738Z",
                    "end": "2017-10-25T02:32:32.002Z"
                },
                "type": "MOVE",
                "source": "data:brush",
                "_t": "20:32:30",
                "_end": "20:32:32",
                "data": {
                    "brushing": true,
                    "origin": [
                        139.118511,
                        143.683515
                    ],
                    "start": "2017-10-25T02:32:30.738Z",
                    "ε": 0.1,
                    "mode": "move"
                }
            },
            {
                "time": "2017-10-25T02:32:35.813Z",
                "type": "DESELECT",
                "source": "data:click",
                "_t": "20:32:35",
                "_end": "-",
                "data": {
                    "time": 138.33141026289928,
                    "endTime": 142.89641426289927,
                    "type": "run",
                    "id": 2
                }
            },
            {
                "time": "2017-10-25T02:32:36.715Z",
                "type": "SELECT",
                "source": "data:click",
                "_t": "20:32:36",
                "_end": "-",
                "data": {
                    "time": 63.484096,
                    "endTime": 74.05934,
                    "type": "run",
                    "id": 1
                }
            }
        ],
        "navigationEvents": [
            {
                "time": "2017-10-25T02:29:47.520Z",
                "type": "CHANGE-PLAYBACK-RATE",
                "source": "video:menu",
                "_t": "20:29:47",
                "_end": "-",
                "data": {
                    "oldRate": 1,
                    "newRate": 2
                }
            },
            {
                "time": {
                    "start": "2017-10-25T02:29:29.765Z",
                    "end": "2017-10-25T02:29:58.009Z"
                },
                "type": "SCRUB",
                "source": "data:drag",
                "_t": "20:29:29",
                "_end": "20:29:58",
                "data": {
                    "time": 57.626735
                }
            },
            {
                "time": {
                    "start": "2017-10-25T02:29:29.765Z",
                    "end": "2017-10-25T02:30:13.248Z"
                },
                "type": "SCRUB",
                "source": "data:drag",
                "_t": "20:29:29",
                "_end": "20:30:13",
                "data": {
                    "time": 136.594985
                }
            },
            {
                "time": {
                    "start": "2017-10-25T02:29:29.765Z",
                    "end": "2017-10-25T02:30:20.698Z"
                },
                "type": "SCRUB",
                "source": "data:drag",
                "_t": "20:29:29",
                "_end": "20:30:20",
                "data": {
                    "time": 226.20721
                }
            },
            {
                "time": {
                    "start": "2017-10-25T02:29:29.765Z",
                    "end": "2017-10-25T02:30:23.767Z"
                },
                "type": "SCRUB",
                "source": "data:drag",
                "_t": "20:29:29",
                "_end": "20:30:23",
                "data": {
                    "time": 271.659469
                }
            },
            {
                "time": {
                    "start": "2017-10-25T02:29:29.765Z",
                    "end": "2017-10-25T02:30:39.722Z"
                },
                "type": "SCRUB",
                "source": "data:drag",
                "_t": "20:29:29",
                "_end": "20:30:39",
                "data": {
                    "time": 331.685987
                }
            },
            {
                "time": {
                    "start": "2017-10-25T02:29:29.765Z",
                    "end": "2017-10-25T02:30:52.225Z"
                },
                "type": "SCRUB",
                "source": "data:drag",
                "_t": "20:29:29",
                "_end": "20:30:52",
                "data": {
                    "time": 417.449693
                }
            },
            {
                "time": "2017-10-25T02:31:02.320Z",
                "type": "PAUSE",
                "source": "hotkey",
                "_t": "20:31:02",
                "_end": "-",
                "data": {
                    "key": "space"
                }
            },
            {
                "time": {
                    "start": "2017-10-25T02:29:29.765Z",
                    "end": "2017-10-25T02:31:03.257Z"
                },
                "type": "SCRUB",
                "source": "data:drag",
                "_t": "20:29:29",
                "_end": "20:31:03",
                "data": {
                    "time": 437.435808
                }
            },
            {
                "time": {
                    "start": "2017-10-25T02:29:29.765Z",
                    "end": "2017-10-25T02:31:11.489Z"
                },
                "type": "SCRUB",
                "source": "data:drag",
                "_t": "20:29:29",
                "_end": "20:31:11",
                "data": {
                    "time": 437.435808
                }
            },
            {
                "time": {
                    "start": "2017-10-25T02:29:29.765Z",
                    "end": "2017-10-25T02:31:15.511Z"
                },
                "type": "SCRUB",
                "source": "data:drag",
                "_t": "20:29:29",
                "_end": "20:31:15",
                "data": {
                    "time": 420.644325
                }
            },
            {
                "time": {
                    "start": "2017-10-25T02:29:29.765Z",
                    "end": "2017-10-25T02:31:16.049Z"
                },
                "type": "SCRUB",
                "source": "data:drag",
                "_t": "20:29:29",
                "_end": "20:31:16",
                "data": {
                    "time": 420.644325
                }
            },
            {
                "time": {
                    "start": "2017-10-25T02:29:29.765Z",
                    "end": "2017-10-25T02:31:20.902Z"
                },
                "type": "SCRUB",
                "source": "data:drag",
                "_t": "20:29:29",
                "_end": "20:31:20",
                "data": {
                    "time": 420.644325
                }
            },
            {
                "time": {
                    "start": "2017-10-25T02:29:29.765Z",
                    "end": "2017-10-25T02:31:23.781Z"
                },
                "type": "SCRUB",
                "source": "data:drag",
                "_t": "20:29:29",
                "_end": "20:31:23",
                "data": {
                    "time": 466.401114
                }
            },
            {
                "time": {
                    "start": "2017-10-25T02:29:29.765Z",
                    "end": "2017-10-25T02:31:25.625Z"
                },
                "type": "SCRUB",
                "source": "data:drag",
                "_t": "20:29:29",
                "_end": "20:31:25",
                "data": {
                    "time": 466.401114
                }
            },
            {
                "time": {
                    "start": "2017-10-25T02:29:29.765Z",
                    "end": "2017-10-25T02:31:29.119Z"
                },
                "type": "SCRUB",
                "source": "data:drag",
                "_t": "20:29:29",
                "_end": "20:31:29",
                "data": {
                    "time": 472.225659
                }
            },
            {
                "time": {
                    "start": "2017-10-25T02:29:29.765Z",
                    "end": "2017-10-25T02:31:30.217Z"
                },
                "type": "SCRUB",
                "source": "data:drag",
                "_t": "20:29:29",
                "_end": "20:31:30",
                "data": {
                    "time": 472.225659
                }
            },
            {
                "time": {
                    "start": "2017-10-25T02:29:29.765Z",
                    "end": "2017-10-25T02:31:36.952Z"
                },
                "type": "SCRUB",
                "source": "data:drag",
                "_t": "20:29:29",
                "_end": "20:31:36",
                "data": {
                    "time": 472.225659
                }
            },
            {
                "time": {
                    "start": "2017-10-25T02:29:29.765Z",
                    "end": "2017-10-25T02:31:38.942Z"
                },
                "type": "SCRUB",
                "source": "data:drag",
                "_t": "20:29:29",
                "_end": "20:31:38",
                "data": {
                    "time": 538.237174
                }
            },
            {
                "time": {
                    "start": "2017-10-25T02:29:29.765Z",
                    "end": "2017-10-25T02:31:42.569Z"
                },
                "type": "SCRUB",
                "source": "data:drag",
                "_t": "20:29:29",
                "_end": "20:31:42",
                "data": {
                    "time": 546.737861
                }
            },
            {
                "time": {
                    "start": "2017-10-25T02:29:29.765Z",
                    "end": "2017-10-25T02:31:46.935Z"
                },
                "type": "SCRUB",
                "source": "data:drag",
                "_t": "20:29:29",
                "_end": "20:31:46",
                "data": {
                    "time": 546.737861
                }
            },
            {
                "time": {
                    "start": "2017-10-25T02:29:29.765Z",
                    "end": "2017-10-25T02:31:49.803Z"
                },
                "type": "SCRUB",
                "source": "data:drag",
                "_t": "20:29:29",
                "_end": "20:31:49",
                "data": {
                    "time": 594.751005
                }
            },
            {
                "time": {
                    "start": "2017-10-25T02:29:29.765Z",
                    "end": "2017-10-25T02:31:50.908Z"
                },
                "type": "SCRUB",
                "source": "data:drag",
                "_t": "20:29:29",
                "_end": "20:31:50",
                "data": {
                    "time": 594.751005
                }
            },
            {
                "time": {
                    "start": "2017-10-25T02:29:29.765Z",
                    "end": "2017-10-25T02:31:53.385Z"
                },
                "type": "SCRUB",
                "source": "data:drag",
                "_t": "20:29:29",
                "_end": "20:31:53",
                "data": {
                    "time": 596.325206
                }
            },
            {
                "time": {
                    "start": "2017-10-25T02:29:29.765Z",
                    "end": "2017-10-25T02:31:55.593Z"
                },
                "type": "SCRUB",
                "source": "data:drag",
                "_t": "20:29:29",
                "_end": "20:31:55",
                "data": {
                    "time": 596.325206
                }
            },
            {
                "time": "2017-10-25T02:31:58.283Z",
                "type": "PLAY",
                "source": "video:button",
                "_t": "20:31:58",
                "_end": "-"
            },
            {
                "time": "2017-10-25T02:32:08.675Z",
                "type": "PAUSE",
                "source": "hotkey",
                "_t": "20:32:08",
                "_end": "-",
                "data": {
                    "key": "space"
                }
            },
            {
                "time": {
                    "start": "2017-10-25T02:29:29.765Z",
                    "end": "2017-10-25T02:32:10.629Z"
                },
                "type": "SCRUB",
                "source": "data:drag",
                "_t": "20:29:29",
                "_end": "20:32:10",
                "data": {
                    "time": 505.477477
                }
            },
            {
                "time": {
                    "start": "2017-10-25T02:29:29.765Z",
                    "end": "2017-10-25T02:32:13.217Z"
                },
                "type": "SCRUB",
                "source": "data:drag",
                "_t": "20:29:29",
                "_end": "20:32:13",
                "data": {
                    "time": 457.779172
                }
            },
            {
                "time": {
                    "start": "2017-10-25T02:29:29.765Z",
                    "end": "2017-10-25T02:32:14.713Z"
                },
                "type": "SCRUB",
                "source": "data:drag",
                "_t": "20:29:29",
                "_end": "20:32:14",
                "data": {
                    "time": 457.779172
                }
            },
            {
                "time": {
                    "start": "2017-10-25T02:29:29.765Z",
                    "end": "2017-10-25T02:32:17.691Z"
                },
                "type": "SCRUB",
                "source": "data:drag",
                "_t": "20:29:29",
                "_end": "20:32:17",
                "data": {
                    "time": 457.779172
                }
            },
            {
                "time": {
                    "start": "2017-10-25T02:29:29.765Z",
                    "end": "2017-10-25T02:32:19.696Z"
                },
                "type": "SCRUB",
                "source": "data:drag",
                "_t": "20:29:29",
                "_end": "20:32:19",
                "data": {
                    "time": 378.229524
                }
            },
            {
                "time": {
                    "start": "2017-10-25T02:29:29.765Z",
                    "end": "2017-10-25T02:32:21.592Z"
                },
                "type": "SCRUB",
                "source": "data:drag",
                "_t": "20:29:29",
                "_end": "20:32:21",
                "data": {
                    "time": 305.134102
                }
            },
            {
                "time": {
                    "start": "2017-10-25T02:29:29.765Z",
                    "end": "2017-10-25T02:32:23.379Z"
                },
                "type": "SCRUB",
                "source": "data:drag",
                "_t": "20:29:29",
                "_end": "20:32:23",
                "data": {
                    "time": 217.083766
                }
            },
            {
                "time": {
                    "start": "2017-10-25T02:29:29.765Z",
                    "end": "2017-10-25T02:32:25.226Z"
                },
                "type": "SCRUB",
                "source": "data:drag",
                "_t": "20:29:29",
                "_end": "20:32:25",
                "data": {
                    "time": 151.439564
                }
            },
            {
                "time": {
                    "start": "2017-10-25T02:29:29.765Z",
                    "end": "2017-10-25T02:32:26.690Z"
                },
                "type": "SCRUB",
                "source": "data:drag",
                "_t": "20:29:29",
                "_end": "20:32:26",
                "data": {
                    "time": 151.439564
                }
            },
            {
                "time": {
                    "start": "2017-10-25T02:29:29.765Z",
                    "end": "2017-10-25T02:32:27.246Z"
                },
                "type": "SCRUB",
                "source": "data:drag",
                "_t": "20:29:29",
                "_end": "20:32:27",
                "data": {
                    "time": 151.439564
                }
            },
            {
                "time": {
                    "start": "2017-10-25T02:29:29.765Z",
                    "end": "2017-10-25T02:32:28.315Z"
                },
                "type": "SCRUB",
                "source": "data:drag",
                "_t": "20:29:29",
                "_end": "20:32:28",
                "data": {
                    "time": 152.226664
                }
            },
            {
                "time": {
                    "start": "2017-10-25T02:29:29.765Z",
                    "end": "2017-10-25T02:32:28.641Z"
                },
                "type": "SCRUB",
                "source": "data:drag",
                "_t": "20:29:29",
                "_end": "20:32:28",
                "data": {
                    "time": 152.226664
                }
            },
            {
                "time": {
                    "start": "2017-10-25T02:29:29.765Z",
                    "end": "2017-10-25T02:32:29.840Z"
                },
                "type": "SCRUB",
                "source": "data:drag",
                "_t": "20:29:29",
                "_end": "20:32:29",
                "data": {
                    "time": 153.013764
                }
            },
            {
                "time": {
                    "start": "2017-10-25T02:29:29.765Z",
                    "end": "2017-10-25T02:32:30.193Z"
                },
                "type": "SCRUB",
                "source": "data:drag",
                "_t": "20:29:29",
                "_end": "20:32:30",
                "data": {
                    "time": 153.013764
                }
            },
            {
                "time": {
                    "start": "2017-10-25T02:29:29.765Z",
                    "end": "2017-10-25T02:32:32.020Z"
                },
                "type": "SCRUB",
                "source": "data:drag",
                "_t": "20:29:29",
                "_end": "20:32:32",
                "data": {
                    "time": 153.013764
                }
            },
            {
                "time": {
                    "start": "2017-10-25T02:29:29.765Z",
                    "end": "2017-10-25T02:32:34.357Z"
                },
                "type": "SCRUB",
                "source": "data:drag",
                "_t": "20:29:29",
                "_end": "20:32:34",
                "data": {
                    "time": 97.077138
                }
            },
            {
                "time": {
                    "start": "2017-10-25T02:29:29.765Z",
                    "end": "2017-10-25T02:32:35.812Z"
                },
                "type": "SCRUB",
                "source": "data:drag",
                "_t": "20:29:29",
                "_end": "20:32:35",
                "data": {
                    "time": 97.077138
                }
            },
            {
                "time": {
                    "start": "2017-10-25T02:29:29.765Z",
                    "end": "2017-10-25T02:32:36.713Z"
                },
                "type": "SCRUB",
                "source": "data:drag",
                "_t": "20:29:29",
                "_end": "20:32:36",
                "data": {
                    "time": 97.077138
                }
            }
        ]
    }
}