[{"time":63.23305041463414,"endTime":73.81396155284551,"type":"skip","id":1},{"time":138.512542,"endTime":143.042355,"type":"run","id":2},{"time":276.25886465853534,"endTime":288.0683106585353,"type":"skip","id":3},{"time":344.551185,"endTime":349.080972,"type":"run","id":4},{"time":421.318,"endTime":433.51495158537267,"type":"skip","id":5},{"time":472.802932,"endTime":478.16215,"type":"run","id":6},{"time":547.513629,"endTime":560.579277,"type":"skip","id":7},{"time":596.234944,"endTime":608.7698,"type":"skip","id":8}]