{
    "user_id": "045",
    "session_id": "5a788239ee2b1975ba835b70",
    "study": "studyC",
    "workspace": "pill.pills-pink",
    "details": {
        "workspace": "pill.pills-pink",
        "labels": [
            {
                "time": 45.210412,
                "endTime": 53.026037365853874,
                "type": "pill",
                "id": 1
            },
            {
                "time": 63.747472,
                "endTime": 68.9077887479664,
                "type": "move",
                "id": 2
            },
            {
                "time": 125.721372,
                "endTime": 136.29250614634176,
                "type": "pill",
                "id": 3
            },
            {
                "time": 178.07604,
                "endTime": 180.6812482926818,
                "type": "move",
                "id": 4
            },
            {
                "time": 269.659135,
                "endTime": 279.02786540650874,
                "type": "pill",
                "id": 5
            },
            {
                "time": 331.232234,
                "endTime": 334.73924538211224,
                "type": "move",
                "id": 6
            },
            {
                "time": 446.763208,
                "endTime": 449.01771531707436,
                "type": "move",
                "id": 7
            },
            {
                "time": 563.947487,
                "endTime": 573.0657165935006,
                "type": "pill",
                "id": 8
            },
            {
                "time": 608.787132,
                "endTime": 611.4424406178875,
                "type": "move",
                "id": 9
            }
        ],
        "_starts": [
            "2018-02-05T16:39:50.000Z"
        ],
        "_ends": [
            "2018-02-05T16:41:30.389Z"
        ]
    },
    "labels_file": "/home/ubuntu/vat/data/user-studies/studyC/pills-pink/045.labels.json",
    "videoFlash": 0.561365,
    "surveys": {
        "user-info": {
            "firstname": "Marci",
            "lastname": "Hepner",
            "email": "mar.hepner@gmail.com"
        },
        "practice-first": {
            "question1": "3",
            "question2": "ok",
            "question3": "90",
            "question4": "5"
        },
        "practice-second": {},
        "practice-third": {},
        "practice-survey": {},
        "pill-blue": {
            "question1": "5",
            "question2": "5",
            "question3": "100",
            "question4": "10"
        },
        "pill-red": {
            "question1": "5",
            "question2": "5",
            "question3": "100",
            "question4": "0"
        },
        "pill-orange": {
            "question1": "2",
            "question2": "5",
            "question3": "70",
            "question4": "10"
        },
        "pills-survey": {
            "question1": "5",
            "question2": "2",
            "question3": "5",
            "question4": "5"
        },
        "run-blue": {
            "question1": "5",
            "question2": "5",
            "question3": "100",
            "question4": "10"
        },
        "run-yellow": {
            "question1": "5",
            "question2": "5",
            "question3": "100",
            "question4": "10"
        },
        "run-red": {
            "question1": "2",
            "question2": "4",
            "question3": "50",
            "question4": "10"
        },
        "run-survey": {
            "question1": "5",
            "question2": "1",
            "question3": "5",
            "question4": "5"
        }
    },
    "logs": {
        "labelEvents": [
            {
                "time": "2018-02-05T16:40:16.409Z",
                "type": "START",
                "source": "side-bar:button",
                "_t": "09:40:16",
                "_end": "-",
                "data": {
                    "type": "pill",
                    "time": 45.210412
                }
            },
            {
                "time": "2018-02-05T16:40:19.148Z",
                "type": "END",
                "source": "data:click:h_pos",
                "_t": "09:40:19",
                "_end": "-",
                "data": {
                    "lbl": {
                        "time": 45.210412,
                        "endTime": 53.026037365853874,
                        "type": "pill",
                        "id": 1
                    }
                }
            },
            {
                "time": "2018-02-05T16:40:24.345Z",
                "type": "START",
                "source": "side-bar:button",
                "_t": "09:40:24",
                "_end": "-",
                "data": {
                    "type": "move",
                    "time": 63.747472
                }
            },
            {
                "time": "2018-02-05T16:40:25.890Z",
                "type": "END",
                "source": "data:click:h_pos",
                "_t": "09:40:25",
                "_end": "-",
                "data": {
                    "lbl": {
                        "time": 63.747472,
                        "endTime": 68.9077887479664,
                        "type": "move",
                        "id": 2
                    }
                }
            },
            {
                "time": "2018-02-05T16:40:31.130Z",
                "type": "START",
                "source": "side-bar:button",
                "_t": "09:40:31",
                "_end": "-",
                "data": {
                    "type": "pill",
                    "time": 125.721372
                }
            },
            {
                "time": "2018-02-05T16:40:35.508Z",
                "type": "END",
                "source": "data:click:h_pos",
                "_t": "09:40:35",
                "_end": "-",
                "data": {
                    "lbl": {
                        "time": 125.721372,
                        "endTime": 136.29250614634176,
                        "type": "pill",
                        "id": 3
                    }
                }
            },
            {
                "time": "2018-02-05T16:40:41.146Z",
                "type": "START",
                "source": "side-bar:button",
                "_t": "09:40:41",
                "_end": "-",
                "data": {
                    "type": "move",
                    "time": 178.07604
                }
            },
            {
                "time": "2018-02-05T16:40:44.260Z",
                "type": "END",
                "source": "data:click:h_pos",
                "_t": "09:40:44",
                "_end": "-",
                "data": {
                    "lbl": {
                        "time": 178.07604,
                        "endTime": 180.6812482926818,
                        "type": "move",
                        "id": 4
                    }
                }
            },
            {
                "time": "2018-02-05T16:40:51.778Z",
                "type": "START",
                "source": "side-bar:button",
                "_t": "09:40:51",
                "_end": "-",
                "data": {
                    "type": "pill",
                    "time": 269.659135
                }
            },
            {
                "time": "2018-02-05T16:40:52.778Z",
                "type": "START",
                "source": "side-bar:button",
                "_t": "09:40:52",
                "_end": "-",
                "data": {
                    "type": "pill",
                    "time": 269.659135
                }
            },
            {
                "time": "2018-02-05T16:40:55.346Z",
                "type": "END",
                "source": "data:click:h_pos",
                "_t": "09:40:55",
                "_end": "-",
                "data": {
                    "lbl": {
                        "time": 269.659135,
                        "endTime": 279.02786540650874,
                        "type": "pill",
                        "id": 5
                    }
                }
            },
            {
                "time": "2018-02-05T16:41:00.243Z",
                "type": "START",
                "source": "side-bar:button",
                "_t": "09:41:00",
                "_end": "-",
                "data": {
                    "type": "move",
                    "time": 331.232234
                }
            },
            {
                "time": "2018-02-05T16:41:02.864Z",
                "type": "END",
                "source": "data:click:h_pos",
                "_t": "09:41:02",
                "_end": "-",
                "data": {
                    "lbl": {
                        "time": 331.232234,
                        "endTime": 334.73924538211224,
                        "type": "move",
                        "id": 6
                    }
                }
            },
            {
                "time": "2018-02-05T16:41:11.146Z",
                "type": "START",
                "source": "side-bar:button",
                "_t": "09:41:11",
                "_end": "-",
                "data": {
                    "type": "move",
                    "time": 446.763208
                }
            },
            {
                "time": "2018-02-05T16:41:13.017Z",
                "type": "END",
                "source": "data:click:h_pos",
                "_t": "09:41:13",
                "_end": "-",
                "data": {
                    "lbl": {
                        "time": 446.763208,
                        "endTime": 449.01771531707436,
                        "type": "move",
                        "id": 7
                    }
                }
            },
            {
                "time": "2018-02-05T16:41:18.866Z",
                "type": "START",
                "source": "side-bar:button",
                "_t": "09:41:18",
                "_end": "-",
                "data": {
                    "type": "pill",
                    "time": 563.947487
                }
            },
            {
                "time": "2018-02-05T16:41:20.834Z",
                "type": "END",
                "source": "data:click:h_pos",
                "_t": "09:41:20",
                "_end": "-",
                "data": {
                    "lbl": {
                        "time": 563.947487,
                        "endTime": 573.0657165935006,
                        "type": "pill",
                        "id": 8
                    }
                }
            },
            {
                "time": "2018-02-05T16:41:25.499Z",
                "type": "START",
                "source": "side-bar:button",
                "_t": "09:41:25",
                "_end": "-",
                "data": {
                    "type": "move",
                    "time": 608.787132
                }
            },
            {
                "time": "2018-02-05T16:41:28.225Z",
                "type": "END",
                "source": "data:click:h_pos",
                "_t": "09:41:28",
                "_end": "-",
                "data": {
                    "lbl": {
                        "time": 608.787132,
                        "endTime": 611.4424406178875,
                        "type": "move",
                        "id": 9
                    }
                }
            }
        ],
        "navigationEvents": [
            {
                "time": {
                    "start": "2018-02-05T16:39:50.559Z",
                    "end": "2018-02-05T16:40:06.681Z"
                },
                "type": "SCRUB",
                "source": "data:drag",
                "_t": "09:39:50",
                "_end": "09:40:06",
                "data": {
                    "time": 45.289477
                }
            },
            {
                "time": {
                    "start": "2018-02-05T16:39:50.559Z",
                    "end": "2018-02-05T16:40:10.059Z"
                },
                "type": "SCRUB",
                "source": "data:drag",
                "_t": "09:39:50",
                "_end": "09:40:10",
                "data": {
                    "time": 45.242661
                }
            },
            {
                "time": "2018-02-05T16:40:12.496Z",
                "type": "PAUSE",
                "source": "video:button",
                "_t": "09:40:12",
                "_end": "-"
            },
            {
                "time": {
                    "start": "2018-02-05T16:39:50.559Z",
                    "end": "2018-02-05T16:40:15.163Z"
                },
                "type": "SCRUB",
                "source": "data:drag",
                "_t": "09:39:50",
                "_end": "09:40:15",
                "data": {
                    "time": 45.210412
                }
            },
            {
                "time": {
                    "start": "2018-02-05T16:39:50.559Z",
                    "end": "2018-02-05T16:40:19.145Z"
                },
                "type": "SCRUB",
                "source": "data:drag",
                "_t": "09:39:50",
                "_end": "09:40:19",
                "data": {
                    "time": 45.210412
                }
            },
            {
                "time": {
                    "start": "2018-02-05T16:39:50.559Z",
                    "end": "2018-02-05T16:40:20.185Z"
                },
                "type": "SCRUB",
                "source": "data:drag",
                "_t": "09:39:50",
                "_end": "09:40:20",
                "data": {
                    "time": 45.210412
                }
            },
            {
                "time": {
                    "start": "2018-02-05T16:39:50.559Z",
                    "end": "2018-02-05T16:40:23.098Z"
                },
                "type": "SCRUB",
                "source": "data:drag",
                "_t": "09:39:50",
                "_end": "09:40:23",
                "data": {
                    "time": 63.747472
                }
            },
            {
                "time": {
                    "start": "2018-02-05T16:39:50.559Z",
                    "end": "2018-02-05T16:40:25.889Z"
                },
                "type": "SCRUB",
                "source": "data:drag",
                "_t": "09:39:50",
                "_end": "09:40:25",
                "data": {
                    "time": 63.747472
                }
            },
            {
                "time": {
                    "start": "2018-02-05T16:39:50.559Z",
                    "end": "2018-02-05T16:40:26.796Z"
                },
                "type": "SCRUB",
                "source": "data:drag",
                "_t": "09:39:50",
                "_end": "09:40:26",
                "data": {
                    "time": 116.502943
                }
            },
            {
                "time": {
                    "start": "2018-02-05T16:39:50.559Z",
                    "end": "2018-02-05T16:40:29.514Z"
                },
                "type": "SCRUB",
                "source": "data:drag",
                "_t": "09:39:50",
                "_end": "09:40:29",
                "data": {
                    "time": 125.721372
                }
            },
            {
                "time": {
                    "start": "2018-02-05T16:39:50.559Z",
                    "end": "2018-02-05T16:40:33.639Z"
                },
                "type": "SCRUB",
                "source": "data:drag",
                "_t": "09:39:50",
                "_end": "09:40:33",
                "data": {
                    "time": 125.771472
                }
            },
            {
                "time": {
                    "start": "2018-02-05T16:39:50.559Z",
                    "end": "2018-02-05T16:40:35.506Z"
                },
                "type": "SCRUB",
                "source": "data:drag",
                "_t": "09:39:50",
                "_end": "09:40:35",
                "data": {
                    "time": 125.771472
                }
            },
            {
                "time": {
                    "start": "2018-02-05T16:39:50.559Z",
                    "end": "2018-02-05T16:40:36.918Z"
                },
                "type": "SCRUB",
                "source": "data:drag",
                "_t": "09:39:50",
                "_end": "09:40:36",
                "data": {
                    "time": 165.200299
                }
            },
            {
                "time": {
                    "start": "2018-02-05T16:39:50.559Z",
                    "end": "2018-02-05T16:40:40.130Z"
                },
                "type": "SCRUB",
                "source": "data:drag",
                "_t": "09:39:50",
                "_end": "09:40:40",
                "data": {
                    "time": 178.07604
                }
            },
            {
                "time": {
                    "start": "2018-02-05T16:39:50.559Z",
                    "end": "2018-02-05T16:40:43.283Z"
                },
                "type": "SCRUB",
                "source": "data:drag",
                "_t": "09:39:50",
                "_end": "09:40:43",
                "data": {
                    "time": 178.12614
                }
            },
            {
                "time": {
                    "start": "2018-02-05T16:39:50.559Z",
                    "end": "2018-02-05T16:40:44.258Z"
                },
                "type": "SCRUB",
                "source": "data:drag",
                "_t": "09:39:50",
                "_end": "09:40:44",
                "data": {
                    "time": 178.12614
                }
            },
            {
                "time": {
                    "start": "2018-02-05T16:39:50.559Z",
                    "end": "2018-02-05T16:40:45.491Z"
                },
                "type": "SCRUB",
                "source": "data:drag",
                "_t": "09:39:50",
                "_end": "09:40:45",
                "data": {
                    "time": 223.867588
                }
            },
            {
                "time": {
                    "start": "2018-02-05T16:39:50.559Z",
                    "end": "2018-02-05T16:40:46.302Z"
                },
                "type": "SCRUB",
                "source": "data:drag",
                "_t": "09:39:50",
                "_end": "09:40:46",
                "data": {
                    "time": 252.42468
                }
            },
            {
                "time": {
                    "start": "2018-02-05T16:39:50.559Z",
                    "end": "2018-02-05T16:40:50.266Z"
                },
                "type": "SCRUB",
                "source": "data:drag",
                "_t": "09:39:50",
                "_end": "09:40:50",
                "data": {
                    "time": 269.659135
                }
            },
            {
                "time": {
                    "start": "2018-02-05T16:39:50.559Z",
                    "end": "2018-02-05T16:40:55.346Z"
                },
                "type": "SCRUB",
                "source": "data:drag",
                "_t": "09:39:50",
                "_end": "09:40:55",
                "data": {
                    "time": 269.659135
                }
            },
            {
                "time": {
                    "start": "2018-02-05T16:39:50.559Z",
                    "end": "2018-02-05T16:40:56.567Z"
                },
                "type": "SCRUB",
                "source": "data:drag",
                "_t": "09:39:50",
                "_end": "09:40:56",
                "data": {
                    "time": 315.651084
                }
            },
            {
                "time": {
                    "start": "2018-02-05T16:39:50.559Z",
                    "end": "2018-02-05T16:40:58.832Z"
                },
                "type": "SCRUB",
                "source": "data:drag",
                "_t": "09:39:50",
                "_end": "09:40:58",
                "data": {
                    "time": 331.232234
                }
            },
            {
                "time": {
                    "start": "2018-02-05T16:39:50.559Z",
                    "end": "2018-02-05T16:41:02.864Z"
                },
                "type": "SCRUB",
                "source": "data:drag",
                "_t": "09:39:50",
                "_end": "09:41:02",
                "data": {
                    "time": 331.232234
                }
            },
            {
                "time": {
                    "start": "2018-02-05T16:39:50.559Z",
                    "end": "2018-02-05T16:41:04.274Z"
                },
                "type": "SCRUB",
                "source": "data:drag",
                "_t": "09:39:50",
                "_end": "09:41:04",
                "data": {
                    "time": 379.679091
                }
            },
            {
                "time": {
                    "start": "2018-02-05T16:39:50.559Z",
                    "end": "2018-02-05T16:41:06.366Z"
                },
                "type": "SCRUB",
                "source": "data:drag",
                "_t": "09:39:50",
                "_end": "09:41:06",
                "data": {
                    "time": 421.412526
                }
            },
            {
                "time": {
                    "start": "2018-02-05T16:39:50.559Z",
                    "end": "2018-02-05T16:41:09.524Z"
                },
                "type": "SCRUB",
                "source": "data:drag",
                "_t": "09:39:50",
                "_end": "09:41:09",
                "data": {
                    "time": 446.763208
                }
            },
            {
                "time": {
                    "start": "2018-02-05T16:39:50.559Z",
                    "end": "2018-02-05T16:41:13.016Z"
                },
                "type": "SCRUB",
                "source": "data:drag",
                "_t": "09:39:50",
                "_end": "09:41:13",
                "data": {
                    "time": 446.763208
                }
            },
            {
                "time": {
                    "start": "2018-02-05T16:39:50.559Z",
                    "end": "2018-02-05T16:41:14.119Z"
                },
                "type": "SCRUB",
                "source": "data:drag",
                "_t": "09:39:50",
                "_end": "09:41:14",
                "data": {
                    "time": 495.410465
                }
            },
            {
                "time": {
                    "start": "2018-02-05T16:39:50.559Z",
                    "end": "2018-02-05T16:41:14.893Z"
                },
                "type": "SCRUB",
                "source": "data:drag",
                "_t": "09:39:50",
                "_end": "09:41:14",
                "data": {
                    "time": 544.759125
                }
            },
            {
                "time": {
                    "start": "2018-02-05T16:39:50.559Z",
                    "end": "2018-02-05T16:41:17.402Z"
                },
                "type": "SCRUB",
                "source": "data:drag",
                "_t": "09:39:50",
                "_end": "09:41:17",
                "data": {
                    "time": 563.947487
                }
            },
            {
                "time": {
                    "start": "2018-02-05T16:39:50.559Z",
                    "end": "2018-02-05T16:41:20.833Z"
                },
                "type": "SCRUB",
                "source": "data:drag",
                "_t": "09:39:50",
                "_end": "09:41:20",
                "data": {
                    "time": 563.947487
                }
            },
            {
                "time": {
                    "start": "2018-02-05T16:39:50.559Z",
                    "end": "2018-02-05T16:41:24.426Z"
                },
                "type": "SCRUB",
                "source": "data:drag",
                "_t": "09:39:50",
                "_end": "09:41:24",
                "data": {
                    "time": 608.787132
                }
            },
            {
                "time": {
                    "start": "2018-02-05T16:39:50.559Z",
                    "end": "2018-02-05T16:41:28.222Z"
                },
                "type": "SCRUB",
                "source": "data:drag",
                "_t": "09:39:50",
                "_end": "09:41:28",
                "data": {
                    "time": 608.787132
                }
            }
        ]
    }
}