{
    "user_id": "046",
    "session_id": "5a78823bee2b1975ba835b71",
    "study": "studyC",
    "workspace": "pill.pills-pink",
    "details": {
        "workspace": "pill.pills-pink",
        "labels": [
            {
                "time": 45.364868,
                "endTime": 53.11477919560169,
                "type": "pill",
                "id": 1
            },
            {
                "time": 63.836413,
                "endTime": 69.03384747724122,
                "type": "move",
                "id": 2
            },
            {
                "time": 125.849584,
                "endTime": 136.41091882741898,
                "type": "pill",
                "id": 3
            },
            {
                "time": 178.213088,
                "endTime": 180.71007609405416,
                "type": "move",
                "id": 4
            },
            {
                "time": 269.79604,
                "endTime": 278.97632462231576,
                "type": "pill",
                "id": 5
            },
            {
                "time": 331.122935,
                "endTime": 334.7790188019028,
                "type": "move",
                "id": 6
            },
            {
                "time": 446.742112,
                "endTime": 449.08948772983445,
                "type": "move",
                "id": 7
            },
            {
                "time": 564.272886,
                "endTime": 573.1572312926507,
                "type": "pill",
                "id": 8
            },
            {
                "time": 608.776786,
                "endTime": 613.1745225713906,
                "type": "move",
                "id": 9
            }
        ],
        "_starts": [
            "2018-02-05T16:43:52.000Z"
        ],
        "_ends": [
            "2018-02-05T16:46:38.880Z"
        ]
    },
    "labels_file": "/home/ubuntu/vat/data/user-studies/studyC/pills-pink/046.labels.json",
    "videoFlash": 0.561365,
    "surveys": {
        "user-info": {
            "firstname": "Gibson",
            "lastname": "Ainge",
            "email": "gainge@gmail.com"
        },
        "practice-first": {
            "question1": "5",
            "question2": "ok",
            "question3": "100",
            "question4": "5"
        },
        "practice-second": {},
        "practice-third": {},
        "practice-survey": {},
        "pill-blue": {
            "question1": "5",
            "question2": "4",
            "question3": "90",
            "question4": "90"
        },
        "pill-red": {
            "question1": "2",
            "question2": "4",
            "question3": "80",
            "question4": "100"
        },
        "pill-orange": {
            "question1": "2",
            "question2": "4",
            "question3": "50",
            "question4": "70"
        },
        "pills-survey": {
            "question1": "5",
            "question2": "2",
            "question3": "5",
            "question4": "4"
        },
        "run-blue": {
            "question1": "5",
            "question2": "5",
            "question3": "80",
            "question4": "60"
        },
        "run-yellow": {
            "question1": "5",
            "question2": "5",
            "question3": "100",
            "question4": "80"
        },
        "run-red": {
            "question1": "2",
            "question2": "4",
            "question3": "50",
            "question4": "40"
        },
        "run-survey": {
            "question1": "5",
            "question2": "2",
            "question3": "5",
            "question4": "5"
        }
    },
    "logs": {
        "labelEvents": [
            {
                "time": "2018-02-05T16:44:21.446Z",
                "type": "START",
                "source": "hotkey",
                "_t": "09:44:21",
                "_end": "-",
                "data": {
                    "type": "pill",
                    "time": 45.364868
                }
            },
            {
                "time": "2018-02-05T16:44:23.479Z",
                "type": "END",
                "source": "data:click:h_pos",
                "_t": "09:44:23",
                "_end": "-",
                "data": {
                    "lbl": {
                        "time": 45.364868,
                        "endTime": 53.11477919560169,
                        "type": "pill",
                        "id": 1
                    }
                }
            },
            {
                "time": "2018-02-05T16:44:30.023Z",
                "type": "START",
                "source": "hotkey",
                "_t": "09:44:30",
                "_end": "-",
                "data": {
                    "type": "move",
                    "time": 63.836413
                }
            },
            {
                "time": "2018-02-05T16:44:31.535Z",
                "type": "END",
                "source": "data:click:h_pos",
                "_t": "09:44:31",
                "_end": "-",
                "data": {
                    "lbl": {
                        "time": 63.836413,
                        "endTime": 69.03384747724122,
                        "type": "move",
                        "id": 2
                    }
                }
            },
            {
                "time": "2018-02-05T16:44:42.789Z",
                "type": "START",
                "source": "hotkey",
                "_t": "09:44:42",
                "_end": "-",
                "data": {
                    "type": "pill",
                    "time": 125.849584
                }
            },
            {
                "time": "2018-02-05T16:44:45.319Z",
                "type": "END",
                "source": "data:click:h_pos",
                "_t": "09:44:45",
                "_end": "-",
                "data": {
                    "lbl": {
                        "time": 125.849584,
                        "endTime": 136.41091882741898,
                        "type": "pill",
                        "id": 3
                    }
                }
            },
            {
                "time": "2018-02-05T16:44:53.164Z",
                "type": "START",
                "source": "hotkey",
                "_t": "09:44:53",
                "_end": "-",
                "data": {
                    "type": "move",
                    "time": 178.213088
                }
            },
            {
                "time": "2018-02-05T16:44:55.072Z",
                "type": "END",
                "source": "data:click:h_pos",
                "_t": "09:44:55",
                "_end": "-",
                "data": {
                    "lbl": {
                        "time": 178.213088,
                        "endTime": 180.71007609405416,
                        "type": "move",
                        "id": 4
                    }
                }
            },
            {
                "time": "2018-02-05T16:44:56.639Z",
                "type": "SELECT",
                "source": "data:click",
                "_t": "09:44:56",
                "_end": "-",
                "data": {
                    "time": 178.213088,
                    "endTime": 180.71007609405416,
                    "type": "move",
                    "id": 4
                }
            },
            {
                "time": {
                    "start": "2018-02-05T16:44:57.816Z",
                    "end": "2018-02-05T16:44:59.654Z"
                },
                "type": "RESIZE",
                "source": "data:brush",
                "_t": "09:44:57",
                "_end": "09:44:59",
                "data": {
                    "brushing": true,
                    "origin": [
                        178.213088,
                        180.78406092646452
                    ],
                    "start": "2018-02-05T16:44:57.816Z",
                    "ε": 0.1,
                    "mode": "resize"
                }
            },
            {
                "time": "2018-02-05T16:45:00.095Z",
                "type": "DESELECT",
                "source": "data:click",
                "_t": "09:45:00",
                "_end": "-",
                "data": {
                    "time": 178.213088,
                    "endTime": 180.71007609405416,
                    "type": "move",
                    "id": 4
                }
            },
            {
                "time": "2018-02-05T16:45:09.366Z",
                "type": "START",
                "source": "hotkey",
                "_t": "09:45:09",
                "_end": "-",
                "data": {
                    "type": "pill",
                    "time": 269.79604
                }
            },
            {
                "time": "2018-02-05T16:45:11.585Z",
                "type": "END",
                "source": "data:click:h_pos",
                "_t": "09:45:11",
                "_end": "-",
                "data": {
                    "lbl": {
                        "time": 269.79604,
                        "endTime": 278.97632462231576,
                        "type": "pill",
                        "id": 5
                    }
                }
            },
            {
                "time": "2018-02-05T16:45:22.956Z",
                "type": "START",
                "source": "hotkey",
                "_t": "09:45:22",
                "_end": "-",
                "data": {
                    "type": "move",
                    "time": 331.122935
                }
            },
            {
                "time": "2018-02-05T16:45:24.656Z",
                "type": "END",
                "source": "data:click:h_pos",
                "_t": "09:45:24",
                "_end": "-",
                "data": {
                    "lbl": {
                        "time": 331.122935,
                        "endTime": 334.7790188019028,
                        "type": "move",
                        "id": 6
                    }
                }
            },
            {
                "time": "2018-02-05T16:45:35.436Z",
                "type": "START",
                "source": "hotkey",
                "_t": "09:45:35",
                "_end": "-",
                "data": {
                    "type": "move",
                    "time": 446.742112
                }
            },
            {
                "time": "2018-02-05T16:45:40.505Z",
                "type": "END",
                "source": "data:click:h_pos",
                "_t": "09:45:40",
                "_end": "-",
                "data": {
                    "lbl": {
                        "time": 446.742112,
                        "endTime": 449.08948772983445,
                        "type": "move",
                        "id": 7
                    }
                }
            },
            {
                "time": "2018-02-05T16:46:00.231Z",
                "type": "START",
                "source": "hotkey",
                "_t": "09:46:00",
                "_end": "-",
                "data": {
                    "type": "pill",
                    "time": 564.272886
                }
            },
            {
                "time": "2018-02-05T16:46:04.529Z",
                "type": "END",
                "source": "data:click:h_pos",
                "_t": "09:46:04",
                "_end": "-",
                "data": {
                    "lbl": {
                        "time": 564.272886,
                        "endTime": 573.1572312926507,
                        "type": "pill",
                        "id": 8
                    }
                }
            },
            {
                "time": "2018-02-05T16:46:14.918Z",
                "type": "START",
                "source": "hotkey",
                "_t": "09:46:14",
                "_end": "-",
                "data": {
                    "type": "pill",
                    "time": 608.757624
                }
            },
            {
                "time": "2018-02-05T16:46:16.538Z",
                "type": "END",
                "source": "data:click:h_pos",
                "_t": "09:46:16",
                "_end": "-",
                "data": {
                    "lbl": {
                        "time": 608.6713936202931,
                        "endTime": 608.757624,
                        "type": "pill",
                        "id": 9
                    }
                }
            },
            {
                "time": "2018-02-05T16:46:17.592Z",
                "type": "SELECT",
                "source": "data:click",
                "_t": "09:46:17",
                "_end": "-",
                "data": {
                    "time": 608.6713936202931,
                    "endTime": 608.757624,
                    "type": "pill",
                    "id": 9
                }
            },
            {
                "time": "2018-02-05T16:46:18.660Z",
                "type": "DELETE",
                "source": "side-bar:button",
                "_t": "09:46:18",
                "_end": "-",
                "data": {
                    "id": 9,
                    "idx": 8
                }
            },
            {
                "time": "2018-02-05T16:46:19.594Z",
                "type": "START",
                "source": "hotkey",
                "_t": "09:46:19",
                "_end": "-",
                "data": {
                    "type": "move",
                    "time": 608.776786
                }
            },
            {
                "time": "2018-02-05T16:46:27.320Z",
                "type": "END",
                "source": "data:click:h_pos",
                "_t": "09:46:27",
                "_end": "-",
                "data": {
                    "lbl": {
                        "time": 608.776786,
                        "endTime": 613.1745225713906,
                        "type": "move",
                        "id": 9
                    }
                }
            },
            {
                "time": "2018-02-05T16:46:28.096Z",
                "type": "SELECT",
                "source": "data:click",
                "_t": "09:46:28",
                "_end": "-",
                "data": {
                    "time": 608.776786,
                    "endTime": 613.1745225713906,
                    "type": "move",
                    "id": 9
                }
            },
            {
                "time": "2018-02-05T16:46:29.142Z",
                "type": "DESELECT",
                "source": "data:click",
                "_t": "09:46:29",
                "_end": "-",
                "data": {
                    "time": 608.776786,
                    "endTime": 611.2391352349691,
                    "type": "move",
                    "id": 9
                }
            },
            {
                "time": "2018-02-05T16:46:29.960Z",
                "type": "SELECT",
                "source": "data:click",
                "_t": "09:46:29",
                "_end": "-",
                "data": {
                    "time": 608.776786,
                    "endTime": 613.1745225713906,
                    "type": "move",
                    "id": 9
                }
            },
            {
                "time": {
                    "start": "2018-02-05T16:46:30.880Z",
                    "end": "2018-02-05T16:46:34.367Z"
                },
                "type": "RESIZE",
                "source": "data:brush",
                "_t": "09:46:30",
                "_end": "09:46:34",
                "data": {
                    "brushing": true,
                    "origin": [
                        608.776786,
                        611.2391352349691
                    ],
                    "_brushside": 1,
                    "start": "2018-02-05T16:46:30.880Z",
                    "ε": 0.1,
                    "mode": "resize"
                }
            },
            {
                "time": "2018-02-05T16:46:36.096Z",
                "type": "DESELECT",
                "source": "data:click",
                "_t": "09:46:36",
                "_end": "-",
                "data": {
                    "time": 608.776786,
                    "endTime": 613.1745225713906,
                    "type": "move",
                    "id": 9
                }
            }
        ],
        "navigationEvents": [
            {
                "time": {
                    "start": "2018-02-05T16:43:52.442Z",
                    "end": "2018-02-05T16:44:11.549Z"
                },
                "type": "SCRUB",
                "source": "data:drag",
                "_t": "09:43:52",
                "_end": "09:44:11",
                "data": {
                    "time": 24.421473
                }
            },
            {
                "time": {
                    "start": "2018-02-05T16:43:52.442Z",
                    "end": "2018-02-05T16:44:12.382Z"
                },
                "type": "SCRUB",
                "source": "data:drag",
                "_t": "09:43:52",
                "_end": "09:44:12",
                "data": {
                    "time": 44.089107
                }
            },
            {
                "time": {
                    "start": "2018-02-05T16:43:52.442Z",
                    "end": "2018-02-05T16:44:17.185Z"
                },
                "type": "SCRUB",
                "source": "data:drag",
                "_t": "09:43:52",
                "_end": "09:44:17",
                "data": {
                    "time": 45.38953
                }
            },
            {
                "time": {
                    "start": "2018-02-05T16:43:52.442Z",
                    "end": "2018-02-05T16:44:20.509Z"
                },
                "type": "SCRUB",
                "source": "data:drag",
                "_t": "09:43:52",
                "_end": "09:44:20",
                "data": {
                    "time": 45.364868
                }
            },
            {
                "time": {
                    "start": "2018-02-05T16:43:52.442Z",
                    "end": "2018-02-05T16:44:23.477Z"
                },
                "type": "SCRUB",
                "source": "data:drag",
                "_t": "09:43:52",
                "_end": "09:44:23",
                "data": {
                    "time": 45.364868
                }
            },
            {
                "time": {
                    "start": "2018-02-05T16:43:52.442Z",
                    "end": "2018-02-05T16:44:24.459Z"
                },
                "type": "SCRUB",
                "source": "data:drag",
                "_t": "09:43:52",
                "_end": "09:44:24",
                "data": {
                    "time": 53.490868
                }
            },
            {
                "time": {
                    "start": "2018-02-05T16:43:52.442Z",
                    "end": "2018-02-05T16:44:25.073Z"
                },
                "type": "SCRUB",
                "source": "data:drag",
                "_t": "09:43:52",
                "_end": "09:44:25",
                "data": {
                    "time": 59.002738
                }
            },
            {
                "time": {
                    "start": "2018-02-05T16:43:52.442Z",
                    "end": "2018-02-05T16:44:29.797Z"
                },
                "type": "SCRUB",
                "source": "data:drag",
                "_t": "09:43:52",
                "_end": "09:44:29",
                "data": {
                    "time": 63.836413
                }
            },
            {
                "time": {
                    "start": "2018-02-05T16:43:52.442Z",
                    "end": "2018-02-05T16:44:31.533Z"
                },
                "type": "SCRUB",
                "source": "data:drag",
                "_t": "09:43:52",
                "_end": "09:44:31",
                "data": {
                    "time": 63.836413
                }
            },
            {
                "time": {
                    "start": "2018-02-05T16:43:52.442Z",
                    "end": "2018-02-05T16:44:32.132Z"
                },
                "type": "SCRUB",
                "source": "data:drag",
                "_t": "09:43:52",
                "_end": "09:44:32",
                "data": {
                    "time": 71.888428
                }
            },
            {
                "time": {
                    "start": "2018-02-05T16:43:52.442Z",
                    "end": "2018-02-05T16:44:32.567Z"
                },
                "type": "SCRUB",
                "source": "data:drag",
                "_t": "09:43:52",
                "_end": "09:44:32",
                "data": {
                    "time": 78.386762
                }
            },
            {
                "time": {
                    "start": "2018-02-05T16:43:52.442Z",
                    "end": "2018-02-05T16:44:34.271Z"
                },
                "type": "SCRUB",
                "source": "data:drag",
                "_t": "09:43:52",
                "_end": "09:44:34",
                "data": {
                    "time": 105.948431
                }
            },
            {
                "time": {
                    "start": "2018-02-05T16:43:52.442Z",
                    "end": "2018-02-05T16:44:35.666Z"
                },
                "type": "SCRUB",
                "source": "data:drag",
                "_t": "09:43:52",
                "_end": "09:44:35",
                "data": {
                    "time": 124.526102
                }
            },
            {
                "time": {
                    "start": "2018-02-05T16:43:52.442Z",
                    "end": "2018-02-05T16:44:41.461Z"
                },
                "type": "SCRUB",
                "source": "data:drag",
                "_t": "09:43:52",
                "_end": "09:44:41",
                "data": {
                    "time": 125.849584
                }
            },
            {
                "time": {
                    "start": "2018-02-05T16:43:52.442Z",
                    "end": "2018-02-05T16:44:45.317Z"
                },
                "type": "SCRUB",
                "source": "data:drag",
                "_t": "09:43:52",
                "_end": "09:44:45",
                "data": {
                    "time": 125.849584
                }
            },
            {
                "time": {
                    "start": "2018-02-05T16:43:52.442Z",
                    "end": "2018-02-05T16:44:46.078Z"
                },
                "type": "SCRUB",
                "source": "data:drag",
                "_t": "09:43:52",
                "_end": "09:44:46",
                "data": {
                    "time": 135.800543
                }
            },
            {
                "time": {
                    "start": "2018-02-05T16:43:52.442Z",
                    "end": "2018-02-05T16:44:47.542Z"
                },
                "type": "SCRUB",
                "source": "data:drag",
                "_t": "09:43:52",
                "_end": "09:44:47",
                "data": {
                    "time": 154.762627
                }
            },
            {
                "time": {
                    "start": "2018-02-05T16:43:52.442Z",
                    "end": "2018-02-05T16:44:49.469Z"
                },
                "type": "SCRUB",
                "source": "data:drag",
                "_t": "09:43:52",
                "_end": "09:44:49",
                "data": {
                    "time": 176.363468
                }
            },
            {
                "time": {
                    "start": "2018-02-05T16:43:52.442Z",
                    "end": "2018-02-05T16:44:52.817Z"
                },
                "type": "SCRUB",
                "source": "data:drag",
                "_t": "09:43:52",
                "_end": "09:44:52",
                "data": {
                    "time": 178.213088
                }
            },
            {
                "time": {
                    "start": "2018-02-05T16:43:52.442Z",
                    "end": "2018-02-05T16:44:55.069Z"
                },
                "type": "SCRUB",
                "source": "data:drag",
                "_t": "09:43:52",
                "_end": "09:44:55",
                "data": {
                    "time": 178.213088
                }
            },
            {
                "time": {
                    "start": "2018-02-05T16:43:52.442Z",
                    "end": "2018-02-05T16:44:56.637Z"
                },
                "type": "SCRUB",
                "source": "data:drag",
                "_t": "09:43:52",
                "_end": "09:44:56",
                "data": {
                    "time": 178.213088
                }
            },
            {
                "time": {
                    "start": "2018-02-05T16:43:52.442Z",
                    "end": "2018-02-05T16:44:59.662Z"
                },
                "type": "SCRUB",
                "source": "data:drag",
                "_t": "09:43:52",
                "_end": "09:44:59",
                "data": {
                    "time": 178.213088
                }
            },
            {
                "time": {
                    "start": "2018-02-05T16:43:52.442Z",
                    "end": "2018-02-05T16:45:00.094Z"
                },
                "type": "SCRUB",
                "source": "data:drag",
                "_t": "09:43:52",
                "_end": "09:45:00",
                "data": {
                    "time": 178.213088
                }
            },
            {
                "time": {
                    "start": "2018-02-05T16:43:52.442Z",
                    "end": "2018-02-05T16:45:00.700Z"
                },
                "type": "SCRUB",
                "source": "data:drag",
                "_t": "09:43:52",
                "_end": "09:45:00",
                "data": {
                    "time": 187.189914
                }
            },
            {
                "time": {
                    "start": "2018-02-05T16:43:52.442Z",
                    "end": "2018-02-05T16:45:04.388Z"
                },
                "type": "SCRUB",
                "source": "data:drag",
                "_t": "09:43:52",
                "_end": "09:45:04",
                "data": {
                    "time": 269.648071
                }
            },
            {
                "time": {
                    "start": "2018-02-05T16:43:52.442Z",
                    "end": "2018-02-05T16:45:09.094Z"
                },
                "type": "SCRUB",
                "source": "data:drag",
                "_t": "09:43:52",
                "_end": "09:45:09",
                "data": {
                    "time": 269.79604
                }
            },
            {
                "time": {
                    "start": "2018-02-05T16:43:52.442Z",
                    "end": "2018-02-05T16:45:11.582Z"
                },
                "type": "SCRUB",
                "source": "data:drag",
                "_t": "09:43:52",
                "_end": "09:45:11",
                "data": {
                    "time": 269.79604
                }
            },
            {
                "time": {
                    "start": "2018-02-05T16:43:52.442Z",
                    "end": "2018-02-05T16:45:14.027Z"
                },
                "type": "SCRUB",
                "source": "data:drag",
                "_t": "09:43:52",
                "_end": "09:45:14",
                "data": {
                    "time": 297.469143
                }
            },
            {
                "time": {
                    "start": "2018-02-05T16:43:52.442Z",
                    "end": "2018-02-05T16:45:16.087Z"
                },
                "type": "SCRUB",
                "source": "data:drag",
                "_t": "09:43:52",
                "_end": "09:45:16",
                "data": {
                    "time": 329.951509
                }
            },
            {
                "time": {
                    "start": "2018-02-05T16:43:52.442Z",
                    "end": "2018-02-05T16:45:21.893Z"
                },
                "type": "SCRUB",
                "source": "data:drag",
                "_t": "09:43:52",
                "_end": "09:45:21",
                "data": {
                    "time": 331.122935
                }
            },
            {
                "time": {
                    "start": "2018-02-05T16:43:52.442Z",
                    "end": "2018-02-05T16:45:24.654Z"
                },
                "type": "SCRUB",
                "source": "data:drag",
                "_t": "09:43:52",
                "_end": "09:45:24",
                "data": {
                    "time": 331.122935
                }
            },
            {
                "time": {
                    "start": "2018-02-05T16:43:52.442Z",
                    "end": "2018-02-05T16:45:26.891Z"
                },
                "type": "SCRUB",
                "source": "data:drag",
                "_t": "09:43:52",
                "_end": "09:45:26",
                "data": {
                    "time": 337.695254
                }
            },
            {
                "time": {
                    "start": "2018-02-05T16:43:52.442Z",
                    "end": "2018-02-05T16:45:27.739Z"
                },
                "type": "SCRUB",
                "source": "data:drag",
                "_t": "09:43:52",
                "_end": "09:45:27",
                "data": {
                    "time": 346.471564
                }
            },
            {
                "time": {
                    "start": "2018-02-05T16:43:52.442Z",
                    "end": "2018-02-05T16:45:30.077Z"
                },
                "type": "SCRUB",
                "source": "data:drag",
                "_t": "09:43:52",
                "_end": "09:45:30",
                "data": {
                    "time": 443.139609
                }
            },
            {
                "time": {
                    "start": "2018-02-05T16:43:52.442Z",
                    "end": "2018-02-05T16:45:35.221Z"
                },
                "type": "SCRUB",
                "source": "data:drag",
                "_t": "09:43:52",
                "_end": "09:45:35",
                "data": {
                    "time": 446.742112
                }
            },
            {
                "time": {
                    "start": "2018-02-05T16:43:52.442Z",
                    "end": "2018-02-05T16:45:40.501Z"
                },
                "type": "SCRUB",
                "source": "data:drag",
                "_t": "09:43:52",
                "_end": "09:45:40",
                "data": {
                    "time": 446.742112
                }
            },
            {
                "time": {
                    "start": "2018-02-05T16:43:52.442Z",
                    "end": "2018-02-05T16:45:42.263Z"
                },
                "type": "SCRUB",
                "source": "data:drag",
                "_t": "09:43:52",
                "_end": "09:45:42",
                "data": {
                    "time": 459.389197
                }
            },
            {
                "time": {
                    "start": "2018-02-05T16:43:52.442Z",
                    "end": "2018-02-05T16:45:44.958Z"
                },
                "type": "SCRUB",
                "source": "data:drag",
                "_t": "09:43:52",
                "_end": "09:45:44",
                "data": {
                    "time": 548.358059
                }
            },
            {
                "time": {
                    "start": "2018-02-05T16:43:52.442Z",
                    "end": "2018-02-05T16:45:50.358Z"
                },
                "type": "SCRUB",
                "source": "data:drag",
                "_t": "09:43:52",
                "_end": "09:45:50",
                "data": {
                    "time": 563.459907
                }
            },
            {
                "time": {
                    "start": "2018-02-05T16:43:52.442Z",
                    "end": "2018-02-05T16:45:56.095Z"
                },
                "type": "SCRUB",
                "source": "data:drag",
                "_t": "09:43:52",
                "_end": "09:45:56",
                "data": {
                    "time": 564.32221
                }
            },
            {
                "time": {
                    "start": "2018-02-05T16:43:52.442Z",
                    "end": "2018-02-05T16:45:59.894Z"
                },
                "type": "SCRUB",
                "source": "data:drag",
                "_t": "09:43:52",
                "_end": "09:45:59",
                "data": {
                    "time": 564.272886
                }
            },
            {
                "time": {
                    "start": "2018-02-05T16:43:52.442Z",
                    "end": "2018-02-05T16:46:04.526Z"
                },
                "type": "SCRUB",
                "source": "data:drag",
                "_t": "09:43:52",
                "_end": "09:46:04",
                "data": {
                    "time": 564.272886
                }
            },
            {
                "time": {
                    "start": "2018-02-05T16:43:52.442Z",
                    "end": "2018-02-05T16:46:06.207Z"
                },
                "type": "SCRUB",
                "source": "data:drag",
                "_t": "09:43:52",
                "_end": "09:46:06",
                "data": {
                    "time": 569.303854
                }
            },
            {
                "time": {
                    "start": "2018-02-05T16:43:52.442Z",
                    "end": "2018-02-05T16:46:07.303Z"
                },
                "type": "SCRUB",
                "source": "data:drag",
                "_t": "09:43:52",
                "_end": "09:46:07",
                "data": {
                    "time": 587.679149
                }
            },
            {
                "time": {
                    "start": "2018-02-05T16:43:52.442Z",
                    "end": "2018-02-05T16:46:09.112Z"
                },
                "type": "SCRUB",
                "source": "data:drag",
                "_t": "09:43:52",
                "_end": "09:46:09",
                "data": {
                    "time": 600.977751
                }
            },
            {
                "time": {
                    "start": "2018-02-05T16:43:52.442Z",
                    "end": "2018-02-05T16:46:14.455Z"
                },
                "type": "SCRUB",
                "source": "data:drag",
                "_t": "09:43:52",
                "_end": "09:46:14",
                "data": {
                    "time": 608.757624
                }
            },
            {
                "time": {
                    "start": "2018-02-05T16:43:52.442Z",
                    "end": "2018-02-05T16:46:16.157Z"
                },
                "type": "SCRUB",
                "source": "data:drag",
                "_t": "09:43:52",
                "_end": "09:46:16",
                "data": {
                    "time": 608.776786
                }
            },
            {
                "time": {
                    "start": "2018-02-05T16:43:52.442Z",
                    "end": "2018-02-05T16:46:16.535Z"
                },
                "type": "SCRUB",
                "source": "data:drag",
                "_t": "09:43:52",
                "_end": "09:46:16",
                "data": {
                    "time": 608.776786
                }
            },
            {
                "time": {
                    "start": "2018-02-05T16:43:52.442Z",
                    "end": "2018-02-05T16:46:17.590Z"
                },
                "type": "SCRUB",
                "source": "data:drag",
                "_t": "09:43:52",
                "_end": "09:46:17",
                "data": {
                    "time": 608.776786
                }
            },
            {
                "time": {
                    "start": "2018-02-05T16:43:52.442Z",
                    "end": "2018-02-05T16:46:27.318Z"
                },
                "type": "SCRUB",
                "source": "data:drag",
                "_t": "09:43:52",
                "_end": "09:46:27",
                "data": {
                    "time": 608.776786
                }
            },
            {
                "time": {
                    "start": "2018-02-05T16:43:52.442Z",
                    "end": "2018-02-05T16:46:28.095Z"
                },
                "type": "SCRUB",
                "source": "data:drag",
                "_t": "09:43:52",
                "_end": "09:46:28",
                "data": {
                    "time": 608.776786
                }
            },
            {
                "time": {
                    "start": "2018-02-05T16:43:52.442Z",
                    "end": "2018-02-05T16:46:29.142Z"
                },
                "type": "SCRUB",
                "source": "data:drag",
                "_t": "09:43:52",
                "_end": "09:46:29",
                "data": {
                    "time": 608.776786
                }
            },
            {
                "time": {
                    "start": "2018-02-05T16:43:52.442Z",
                    "end": "2018-02-05T16:46:29.959Z"
                },
                "type": "SCRUB",
                "source": "data:drag",
                "_t": "09:43:52",
                "_end": "09:46:29",
                "data": {
                    "time": 608.776786
                }
            },
            {
                "time": {
                    "start": "2018-02-05T16:43:52.442Z",
                    "end": "2018-02-05T16:46:34.376Z"
                },
                "type": "SCRUB",
                "source": "data:drag",
                "_t": "09:43:52",
                "_end": "09:46:34",
                "data": {
                    "time": 608.776786
                }
            },
            {
                "time": {
                    "start": "2018-02-05T16:43:52.442Z",
                    "end": "2018-02-05T16:46:36.094Z"
                },
                "type": "SCRUB",
                "source": "data:drag",
                "_t": "09:43:52",
                "_end": "09:46:36",
                "data": {
                    "time": 608.776786
                }
            }
        ]
    }
}