{
    "user_id": "048",
    "session_id": "5a788f58ee2b1975ba835b91",
    "study": "studyD",
    "workspace": "newrun.run-thurs-six-finally",
    "details": {
        "workspace": "newrun.run-thurs-six-finally",
        "labels": [
            {
                "time": 22.513689,
                "endTime": 26.488146175178947,
                "type": "run",
                "id": 1
            },
            {
                "time": 49.027701,
                "endTime": 55.542064350357876,
                "type": "skip",
                "id": 2
            }
        ],
        "_starts": [
            "2018-02-05T17:29:33.000Z"
        ],
        "_ends": [
            "2018-02-05T17:32:40.468Z"
        ]
    },
    "labels_file": "/home/ubuntu/vat/data/user-studies/studyD/run-yellow/048.labels.json",
    "videoFlash": 3.918989,
    "surveys": {
        "user-info": {
            "firstname": "Kendra",
            "lastname": "Graham",
            "email": "deloris4@gmail.com"
        },
        "practice-first": {
            "question1": "3",
            "question2": "ok",
            "question3": "100",
            "question4": "4"
        },
        "practice-second": {},
        "practice-third": {},
        "practice-survey": {},
        "pill-blue": {
            "question1": "4",
            "question2": "5",
            "question3": "60",
            "question4": "70"
        },
        "pill-red": {
            "question1": "1",
            "question2": "1",
            "question3": "20",
            "question4": "40"
        },
        "pill-orange": {
            "question1": "2",
            "question2": "4",
            "question3": "100",
            "question4": "80"
        },
        "pills-survey": {
            "question1": "5",
            "question2": "4",
            "question3": "5",
            "question4": "5"
        },
        "run-blue": {
            "question1": "5",
            "question2": "4",
            "question3": "100",
            "question4": "100"
        }
    },
    "logs": {
        "labelEvents": [
            {
                "time": "2018-02-05T17:30:12.997Z",
                "type": "START",
                "source": "hotkey",
                "_t": "10:30:12",
                "_end": "-",
                "data": {
                    "type": "run",
                    "time": 22.513689
                }
            },
            {
                "time": "2018-02-05T17:30:21.198Z",
                "type": "END",
                "source": "data:click:h_pos",
                "_t": "10:30:21",
                "_end": "-",
                "data": {
                    "lbl": {
                        "time": 22.513689,
                        "endTime": 26.488146175178947,
                        "type": "run",
                        "id": 1
                    }
                }
            },
            {
                "time": "2018-02-05T17:30:21.382Z",
                "type": "SELECT",
                "source": "data:click",
                "_t": "10:30:21",
                "_end": "-",
                "data": {
                    "time": 22.513689,
                    "endTime": 26.488146175178947,
                    "type": "run",
                    "id": 1
                }
            },
            {
                "time": "2018-02-05T17:30:48.520Z",
                "type": "START",
                "source": "hotkey",
                "_t": "10:30:48",
                "_end": "-",
                "data": {
                    "type": "skip",
                    "time": 49.027701
                }
            },
            {
                "time": "2018-02-05T17:30:54.968Z",
                "type": "END",
                "source": "data:click:h_pos",
                "_t": "10:30:54",
                "_end": "-",
                "data": {
                    "lbl": {
                        "time": 49.027701,
                        "endTime": 55.542064350357876,
                        "type": "skip",
                        "id": 2
                    }
                }
            },
            {
                "time": "2018-02-05T17:30:55.136Z",
                "type": "SELECT",
                "source": "data:click",
                "_t": "10:30:55",
                "_end": "-",
                "data": {
                    "time": 49.027701,
                    "endTime": 55.542064350357876,
                    "type": "skip",
                    "id": 2
                }
            }
        ],
        "navigationEvents": [
            {
                "time": {
                    "start": "2018-02-05T17:29:33.920Z",
                    "end": "2018-02-05T17:29:43.639Z"
                },
                "type": "SCRUB",
                "source": "data:drag",
                "_t": "10:29:33",
                "_end": "10:29:43",
                "data": {
                    "time": 12.24527
                }
            },
            {
                "time": "2018-02-05T17:29:57.797Z",
                "type": "PAUSE",
                "source": "video:button",
                "_t": "10:29:57",
                "_end": "-"
            },
            {
                "time": {
                    "start": "2018-02-05T17:29:33.920Z",
                    "end": "2018-02-05T17:30:06.629Z"
                },
                "type": "SCRUB",
                "source": "data:drag",
                "_t": "10:29:33",
                "_end": "10:30:06",
                "data": {
                    "time": 23.889961
                }
            },
            {
                "time": {
                    "start": "2018-02-05T17:29:33.920Z",
                    "end": "2018-02-05T17:30:08.108Z"
                },
                "type": "SCRUB",
                "source": "data:drag",
                "_t": "10:29:33",
                "_end": "10:30:08",
                "data": {
                    "time": 23.130639
                }
            },
            {
                "time": {
                    "start": "2018-02-05T17:29:33.920Z",
                    "end": "2018-02-05T17:30:09.481Z"
                },
                "type": "SCRUB",
                "source": "data:drag",
                "_t": "10:29:33",
                "_end": "10:30:09",
                "data": {
                    "time": 22.276402
                }
            },
            {
                "time": {
                    "start": "2018-02-05T17:29:33.920Z",
                    "end": "2018-02-05T17:30:11.701Z"
                },
                "type": "SCRUB",
                "source": "data:drag",
                "_t": "10:29:33",
                "_end": "10:30:11",
                "data": {
                    "time": 22.513689
                }
            },
            {
                "time": "2018-02-05T17:30:16.761Z",
                "type": "PLAY",
                "source": "video:button",
                "_t": "10:30:16",
                "_end": "-"
            },
            {
                "time": {
                    "start": "2018-02-05T17:29:33.920Z",
                    "end": "2018-02-05T17:30:21.197Z"
                },
                "type": "SCRUB",
                "source": "data:drag",
                "_t": "10:29:33",
                "_end": "10:30:21",
                "data": {
                    "time": 26.917415
                }
            },
            {
                "time": {
                    "start": "2018-02-05T17:29:33.920Z",
                    "end": "2018-02-05T17:30:21.381Z"
                },
                "type": "SCRUB",
                "source": "data:drag",
                "_t": "10:29:33",
                "_end": "10:30:21",
                "data": {
                    "time": 27.096991
                }
            },
            {
                "time": "2018-02-05T17:30:36.902Z",
                "type": "CHANGE-PLAYBACK-RATE",
                "source": "video:button",
                "_t": "10:30:36",
                "_end": "-",
                "data": {
                    "oldRate": 1,
                    "newRate": 1.5
                }
            },
            {
                "time": "2018-02-05T17:30:38.222Z",
                "type": "CHANGE-PLAYBACK-RATE",
                "source": "video:menu",
                "_t": "10:30:38",
                "_end": "-",
                "data": {
                    "oldRate": 1.5,
                    "newRate": 2
                }
            },
            {
                "time": "2018-02-05T17:30:41.790Z",
                "type": "PAUSE",
                "source": "video:button",
                "_t": "10:30:41",
                "_end": "-"
            },
            {
                "time": {
                    "start": "2018-02-05T17:30:42.664Z",
                    "end": "2018-02-05T17:30:43.589Z"
                },
                "type": "SCRUB",
                "source": "video:drag",
                "_t": "10:30:42",
                "_end": "10:30:43",
                "data": {
                    "to": 46.469278,
                    "from": 51.664009
                }
            },
            {
                "time": "2018-02-05T17:30:44.494Z",
                "type": "PLAY",
                "source": "video:button",
                "_t": "10:30:44",
                "_end": "-"
            },
            {
                "time": "2018-02-05T17:30:45.846Z",
                "type": "PAUSE",
                "source": "hotkey",
                "_t": "10:30:45",
                "_end": "-",
                "data": {
                    "key": "space"
                }
            },
            {
                "time": "2018-02-05T17:30:51.271Z",
                "type": "PLAY",
                "source": "hotkey",
                "_t": "10:30:51",
                "_end": "-",
                "data": {
                    "key": "space"
                }
            },
            {
                "time": {
                    "start": "2018-02-05T17:29:33.920Z",
                    "end": "2018-02-05T17:30:54.965Z"
                },
                "type": "SCRUB",
                "source": "data:drag",
                "_t": "10:29:33",
                "_end": "10:30:54",
                "data": {
                    "time": 56.419391
                }
            },
            {
                "time": {
                    "start": "2018-02-05T17:29:33.920Z",
                    "end": "2018-02-05T17:30:55.134Z"
                },
                "type": "SCRUB",
                "source": "data:drag",
                "_t": "10:29:33",
                "_end": "10:30:55",
                "data": {
                    "time": 56.751381
                }
            }
        ]
    }
}