{
    "user_id": "050",
    "session_id": "5a789e16ee2b1975ba835ba1",
    "study": "studyD",
    "workspace": "newrun.run-thurs-six-finally",
    "details": {
        "workspace": "newrun.run-thurs-six-finally",
        "labels": [
            {
                "time": 275.026174,
                "endTime": 284.180664,
                "type": "skip",
                "id": 1
            },
            {
                "time": 383.503563,
                "endTime": 386.265983,
                "type": "run",
                "id": 2
            },
            {
                "time": 526.195336,
                "endTime": 533.388113,
                "type": "skip",
                "id": 3
            },
            {
                "time": 549.322363,
                "endTime": 553.311347,
                "type": "run",
                "id": 4
            },
            {
                "time": 578.202988,
                "endTime": 586.194091,
                "type": "skip",
                "id": 5
            },
            {
                "time": 48.593031,
                "endTime": 56.069605,
                "type": "skip",
                "id": 6
            }
        ],
        "_starts": [
            "2018-02-05T18:35:05.000Z"
        ],
        "_ends": [
            "2018-02-05T18:38:10.167Z"
        ]
    },
    "labels_file": "/home/ubuntu/vat/data/user-studies/studyD/run-yellow/050.labels.json",
    "videoFlash": 3.918989,
    "surveys": {
        "user-info": {
            "firstname": "WingKi",
            "lastname": "Yu",
            "email": "wing.yu.kilds@gmail.com"
        },
        "practice-first": {
            "question1": "4",
            "question2": "ok",
            "question3": "50",
            "question4": "5"
        },
        "practice-second": {},
        "practice-third": {},
        "practice-survey": {},
        "pill-blue": {
            "question1": "4",
            "question2": "4",
            "question3": "70",
            "question4": "30"
        },
        "pill-red": {
            "question1": "1",
            "question2": "2",
            "question3": "20",
            "question4": "80"
        },
        "pill-orange": {
            "question1": "2",
            "question2": "2",
            "question3": "60",
            "question4": "40"
        },
        "pills-survey": {
            "question1": "5",
            "question2": "4",
            "question3": "5",
            "question4": "4"
        },
        "run-blue": {
            "question1": "5",
            "question2": "5",
            "question3": "100",
            "question4": "10"
        }
    },
    "logs": {
        "labelEvents": [
            {
                "time": "2018-02-05T18:36:04.622Z",
                "type": "START",
                "source": "hotkey",
                "_t": "11:36:04",
                "_end": "-",
                "data": {
                    "type": "run",
                    "time": 275.157144
                }
            },
            {
                "time": "2018-02-05T18:36:06.806Z",
                "type": "END",
                "source": "data:click:h_pos",
                "_t": "11:36:06",
                "_end": "-",
                "data": {
                    "lbl": {
                        "time": 274.4874199484017,
                        "endTime": 275.157144,
                        "type": "run",
                        "id": 1
                    }
                }
            },
            {
                "time": "2018-02-05T18:36:07.542Z",
                "type": "SELECT",
                "source": "data:click",
                "_t": "11:36:07",
                "_end": "-",
                "data": {
                    "time": 274.4874199484017,
                    "endTime": 275.157144,
                    "type": "run",
                    "id": 1
                }
            },
            {
                "time": "2018-02-05T18:36:07.708Z",
                "type": "DELETE",
                "source": "hotkey",
                "_t": "11:36:07",
                "_end": "-",
                "data": {
                    "id": 1,
                    "idx": 0
                }
            },
            {
                "time": "2018-02-05T18:36:13.965Z",
                "type": "START",
                "source": "hotkey",
                "_t": "11:36:13",
                "_end": "-",
                "data": {
                    "type": "skip",
                    "time": 275.026174
                }
            },
            {
                "time": "2018-02-05T18:36:18.542Z",
                "type": "END",
                "source": "hotkey:ctb",
                "_t": "11:36:18",
                "_end": "-",
                "data": {
                    "lbl": {
                        "time": 275.026174,
                        "endTime": 284.180664,
                        "type": "skip",
                        "id": 1
                    },
                    "key": "enter"
                }
            },
            {
                "time": "2018-02-05T18:36:33.119Z",
                "type": "START",
                "source": "hotkey",
                "_t": "11:36:33",
                "_end": "-",
                "data": {
                    "type": "run",
                    "time": 383.503563
                }
            },
            {
                "time": "2018-02-05T18:36:34.494Z",
                "type": "END",
                "source": "hotkey:ctb",
                "_t": "11:36:34",
                "_end": "-",
                "data": {
                    "lbl": {
                        "time": 383.503563,
                        "endTime": 386.265983,
                        "type": "run",
                        "id": 2
                    },
                    "key": "enter"
                }
            },
            {
                "time": "2018-02-05T18:36:52.334Z",
                "type": "START",
                "source": "hotkey",
                "_t": "11:36:52",
                "_end": "-",
                "data": {
                    "type": "skip",
                    "time": 526.195336
                }
            },
            {
                "time": "2018-02-05T18:36:55.935Z",
                "type": "END",
                "source": "hotkey:ctb",
                "_t": "11:36:55",
                "_end": "-",
                "data": {
                    "lbl": {
                        "time": 526.195336,
                        "endTime": 533.388113,
                        "type": "skip",
                        "id": 3
                    },
                    "key": "enter"
                }
            },
            {
                "time": "2018-02-05T18:37:02.478Z",
                "type": "START",
                "source": "hotkey",
                "_t": "11:37:02",
                "_end": "-",
                "data": {
                    "type": "run",
                    "time": 548.593199
                }
            },
            {
                "time": "2018-02-05T18:37:06.951Z",
                "type": "END",
                "source": "data:click:h_pos",
                "_t": "11:37:06",
                "_end": "-",
                "data": {
                    "lbl": {
                        "time": 547.4266517886987,
                        "endTime": 548.593199,
                        "type": "run",
                        "id": 4
                    }
                }
            },
            {
                "time": "2018-02-05T18:37:07.486Z",
                "type": "SELECT",
                "source": "data:click",
                "_t": "11:37:07",
                "_end": "-",
                "data": {
                    "time": 547.4266517886987,
                    "endTime": 548.593199,
                    "type": "run",
                    "id": 4
                }
            },
            {
                "time": "2018-02-05T18:37:08.156Z",
                "type": "DELETE",
                "source": "hotkey",
                "_t": "11:37:08",
                "_end": "-",
                "data": {
                    "id": 4,
                    "idx": 3
                }
            },
            {
                "time": "2018-02-05T18:37:10.625Z",
                "type": "START",
                "source": "hotkey",
                "_t": "11:37:10",
                "_end": "-",
                "data": {
                    "type": "run",
                    "time": 549.322363
                }
            },
            {
                "time": "2018-02-05T18:37:12.622Z",
                "type": "END",
                "source": "hotkey:ctb",
                "_t": "11:37:12",
                "_end": "-",
                "data": {
                    "lbl": {
                        "time": 549.322363,
                        "endTime": 553.311347,
                        "type": "run",
                        "id": 4
                    },
                    "key": "enter"
                }
            },
            {
                "time": "2018-02-05T18:37:23.694Z",
                "type": "START",
                "source": "hotkey",
                "_t": "11:37:23",
                "_end": "-",
                "data": {
                    "type": "skip",
                    "time": 578.202988
                }
            },
            {
                "time": "2018-02-05T18:37:27.694Z",
                "type": "END",
                "source": "hotkey:ctb",
                "_t": "11:37:27",
                "_end": "-",
                "data": {
                    "lbl": {
                        "time": 578.202988,
                        "endTime": 586.194091,
                        "type": "skip",
                        "id": 5
                    },
                    "key": "enter"
                }
            },
            {
                "time": "2018-02-05T18:37:50.830Z",
                "type": "START",
                "source": "hotkey",
                "_t": "11:37:50",
                "_end": "-",
                "data": {
                    "type": "skip",
                    "time": 48.593031
                }
            },
            {
                "time": "2018-02-05T18:37:54.575Z",
                "type": "END",
                "source": "hotkey:ctb",
                "_t": "11:37:54",
                "_end": "-",
                "data": {
                    "lbl": {
                        "time": 48.593031,
                        "endTime": 56.069605,
                        "type": "skip",
                        "id": 6
                    },
                    "key": "enter"
                }
            }
        ],
        "navigationEvents": [
            {
                "time": "2018-02-05T18:35:10.596Z",
                "type": "PLAY",
                "source": "video:button",
                "_t": "11:35:10",
                "_end": "-"
            },
            {
                "time": "2018-02-05T18:35:12.860Z",
                "type": "CHANGE-PLAYBACK-RATE",
                "source": "video:menu",
                "_t": "11:35:12",
                "_end": "-",
                "data": {
                    "oldRate": 1,
                    "newRate": 0.5
                }
            },
            {
                "time": "2018-02-05T18:35:15.236Z",
                "type": "CHANGE-PLAYBACK-RATE",
                "source": "video:menu",
                "_t": "11:35:15",
                "_end": "-",
                "data": {
                    "oldRate": 0.5,
                    "newRate": 2
                }
            },
            {
                "time": {
                    "start": "2018-02-05T18:35:05.687Z",
                    "end": "2018-02-05T18:35:20.867Z"
                },
                "type": "SCRUB",
                "source": "data:drag",
                "_t": "11:35:05",
                "_end": "11:35:20",
                "data": {
                    "time": 33.11958
                }
            },
            {
                "time": {
                    "start": "2018-02-05T18:35:05.687Z",
                    "end": "2018-02-05T18:35:22.067Z"
                },
                "type": "SCRUB",
                "source": "data:drag",
                "_t": "11:35:05",
                "_end": "11:35:22",
                "data": {
                    "time": 36.602451
                }
            },
            {
                "time": "2018-02-05T18:35:23.102Z",
                "type": "PAUSE",
                "source": "video:button",
                "_t": "11:35:23",
                "_end": "-"
            },
            {
                "time": "2018-02-05T18:35:25.891Z",
                "type": "CHANGE-PLAYBACK-RATE",
                "source": "video:menu",
                "_t": "11:35:25",
                "_end": "-",
                "data": {
                    "oldRate": 1,
                    "newRate": 0.5
                }
            },
            {
                "time": "2018-02-05T18:35:26.772Z",
                "type": "PLAY",
                "source": "video:button",
                "_t": "11:35:26",
                "_end": "-"
            },
            {
                "time": {
                    "start": "2018-02-05T18:35:05.687Z",
                    "end": "2018-02-05T18:35:29.427Z"
                },
                "type": "SCRUB",
                "source": "data:drag",
                "_t": "11:35:05",
                "_end": "11:35:29",
                "data": {
                    "time": 60.913932
                }
            },
            {
                "time": {
                    "start": "2018-02-05T18:35:05.687Z",
                    "end": "2018-02-05T18:35:30.385Z"
                },
                "type": "SCRUB",
                "source": "data:drag",
                "_t": "11:35:05",
                "_end": "11:35:30",
                "data": {
                    "time": 83.22956
                }
            },
            {
                "time": {
                    "start": "2018-02-05T18:35:05.687Z",
                    "end": "2018-02-05T18:35:31.667Z"
                },
                "type": "SCRUB",
                "source": "data:drag",
                "_t": "11:35:05",
                "_end": "11:35:31",
                "data": {
                    "time": 91.037426
                }
            },
            {
                "time": {
                    "start": "2018-02-05T18:35:05.687Z",
                    "end": "2018-02-05T18:35:32.843Z"
                },
                "type": "SCRUB",
                "source": "data:drag",
                "_t": "11:35:05",
                "_end": "11:35:32",
                "data": {
                    "time": 101.925906
                }
            },
            {
                "time": {
                    "start": "2018-02-05T18:35:05.687Z",
                    "end": "2018-02-05T18:35:33.794Z"
                },
                "type": "SCRUB",
                "source": "data:drag",
                "_t": "11:35:05",
                "_end": "11:35:33",
                "data": {
                    "time": 116.434951
                }
            },
            {
                "time": {
                    "start": "2018-02-05T18:35:05.687Z",
                    "end": "2018-02-05T18:35:35.195Z"
                },
                "type": "SCRUB",
                "source": "data:drag",
                "_t": "11:35:05",
                "_end": "11:35:35",
                "data": {
                    "time": 132.84579
                }
            },
            {
                "time": {
                    "start": "2018-02-05T18:35:05.687Z",
                    "end": "2018-02-05T18:35:36.982Z"
                },
                "type": "SCRUB",
                "source": "data:drag",
                "_t": "11:35:05",
                "_end": "11:35:36",
                "data": {
                    "time": 150.590277
                }
            },
            {
                "time": {
                    "start": "2018-02-05T18:35:05.687Z",
                    "end": "2018-02-05T18:35:37.980Z"
                },
                "type": "SCRUB",
                "source": "data:drag",
                "_t": "11:35:05",
                "_end": "11:35:37",
                "data": {
                    "time": 150.903661
                }
            },
            {
                "time": {
                    "start": "2018-02-05T18:35:05.687Z",
                    "end": "2018-02-05T18:35:39.637Z"
                },
                "type": "SCRUB",
                "source": "data:drag",
                "_t": "11:35:05",
                "_end": "11:35:39",
                "data": {
                    "time": 166.169071
                }
            },
            {
                "time": {
                    "start": "2018-02-05T18:35:05.687Z",
                    "end": "2018-02-05T18:35:41.073Z"
                },
                "type": "SCRUB",
                "source": "data:drag",
                "_t": "11:35:05",
                "_end": "11:35:41",
                "data": {
                    "time": 178.357556
                }
            },
            {
                "time": {
                    "start": "2018-02-05T18:35:05.687Z",
                    "end": "2018-02-05T18:35:42.924Z"
                },
                "type": "SCRUB",
                "source": "data:drag",
                "_t": "11:35:05",
                "_end": "11:35:42",
                "data": {
                    "time": 184.819456
                }
            },
            {
                "time": {
                    "start": "2018-02-05T18:35:05.687Z",
                    "end": "2018-02-05T18:35:45.746Z"
                },
                "type": "SCRUB",
                "source": "data:drag",
                "_t": "11:35:05",
                "_end": "11:35:45",
                "data": {
                    "time": 183.165856
                }
            },
            {
                "time": {
                    "start": "2018-02-05T18:35:05.687Z",
                    "end": "2018-02-05T18:35:49.948Z"
                },
                "type": "SCRUB",
                "source": "data:drag",
                "_t": "11:35:05",
                "_end": "11:35:49",
                "data": {
                    "time": 188.958544
                }
            },
            {
                "time": {
                    "start": "2018-02-05T18:35:05.687Z",
                    "end": "2018-02-05T18:35:50.956Z"
                },
                "type": "SCRUB",
                "source": "data:drag",
                "_t": "11:35:05",
                "_end": "11:35:50",
                "data": {
                    "time": 198.980578
                }
            },
            {
                "time": {
                    "start": "2018-02-05T18:35:05.687Z",
                    "end": "2018-02-05T18:35:52.035Z"
                },
                "type": "SCRUB",
                "source": "data:drag",
                "_t": "11:35:05",
                "_end": "11:35:52",
                "data": {
                    "time": 212.724321
                }
            },
            {
                "time": {
                    "start": "2018-02-05T18:35:05.687Z",
                    "end": "2018-02-05T18:35:53.166Z"
                },
                "type": "SCRUB",
                "source": "data:drag",
                "_t": "11:35:05",
                "_end": "11:35:53",
                "data": {
                    "time": 222.497169
                }
            },
            {
                "time": "2018-02-05T18:35:56.939Z",
                "type": "CHANGE-PLAYBACK-RATE",
                "source": "video:menu",
                "_t": "11:35:56",
                "_end": "-",
                "data": {
                    "oldRate": 0.5,
                    "newRate": 2
                }
            },
            {
                "time": {
                    "start": "2018-02-05T18:35:59.721Z",
                    "end": "2018-02-05T18:35:59.829Z"
                },
                "type": "SCRUB",
                "source": "video:drag",
                "_t": "11:35:59",
                "_end": "11:35:59",
                "data": {
                    "to": 252.676701,
                    "from": 229.557212
                }
            },
            {
                "time": {
                    "start": "2018-02-05T18:36:01.403Z",
                    "end": "2018-02-05T18:36:01.491Z"
                },
                "type": "SCRUB",
                "source": "video:drag",
                "_t": "11:36:01",
                "_end": "11:36:01",
                "data": {
                    "to": 276.492206,
                    "from": 255.061835
                }
            },
            {
                "time": {
                    "start": "2018-02-05T18:36:02.792Z",
                    "end": "2018-02-05T18:36:02.890Z"
                },
                "type": "SCRUB",
                "source": "video:drag",
                "_t": "11:36:02",
                "_end": "11:36:02",
                "data": {
                    "to": 271.845278,
                    "from": 278.634688
                }
            },
            {
                "time": "2018-02-05T18:36:05.621Z",
                "type": "PAUSE",
                "source": "video:button",
                "_t": "11:36:05",
                "_end": "-"
            },
            {
                "time": {
                    "start": "2018-02-05T18:35:05.687Z",
                    "end": "2018-02-05T18:36:06.805Z"
                },
                "type": "SCRUB",
                "source": "data:drag",
                "_t": "11:35:05",
                "_end": "11:36:06",
                "data": {
                    "time": 277.145417
                }
            },
            {
                "time": {
                    "start": "2018-02-05T18:35:05.687Z",
                    "end": "2018-02-05T18:36:07.540Z"
                },
                "type": "SCRUB",
                "source": "data:drag",
                "_t": "11:35:05",
                "_end": "11:36:07",
                "data": {
                    "time": 277.145417
                }
            },
            {
                "time": {
                    "start": "2018-02-05T18:35:05.687Z",
                    "end": "2018-02-05T18:36:08.610Z"
                },
                "type": "SCRUB",
                "source": "data:drag",
                "_t": "11:35:05",
                "_end": "11:36:08",
                "data": {
                    "time": 275.262669
                }
            },
            {
                "time": "2018-02-05T18:36:09.556Z",
                "type": "PLAY",
                "source": "video:button",
                "_t": "11:36:09",
                "_end": "-"
            },
            {
                "time": {
                    "start": "2018-02-05T18:36:11.081Z",
                    "end": "2018-02-05T18:36:11.203Z"
                },
                "type": "SCRUB",
                "source": "video:drag",
                "_t": "11:36:11",
                "_end": "11:36:11",
                "data": {
                    "to": 276.492206,
                    "from": 278.146805
                }
            },
            {
                "time": {
                    "start": "2018-02-05T18:36:11.784Z",
                    "end": "2018-02-05T18:36:12.292Z"
                },
                "type": "SCRUB",
                "source": "video:drag",
                "_t": "11:36:11",
                "_end": "11:36:12",
                "data": {
                    "to": 271.845278,
                    "from": 277.300936
                }
            },
            {
                "time": {
                    "start": "2018-02-05T18:36:21.400Z",
                    "end": "2018-02-05T18:36:21.500Z"
                },
                "type": "SCRUB",
                "source": "video:drag",
                "_t": "11:36:21",
                "_end": "11:36:21",
                "data": {
                    "to": 296.241649,
                    "from": 289.897976
                }
            },
            {
                "time": {
                    "start": "2018-02-05T18:36:22.232Z",
                    "end": "2018-02-05T18:36:22.355Z"
                },
                "type": "SCRUB",
                "source": "video:drag",
                "_t": "11:36:22",
                "_end": "11:36:22",
                "data": {
                    "to": 302.631175,
                    "from": 297.283416
                }
            },
            {
                "time": {
                    "start": "2018-02-05T18:36:23.221Z",
                    "end": "2018-02-05T18:36:23.339Z"
                },
                "type": "SCRUB",
                "source": "video:drag",
                "_t": "11:36:23",
                "_end": "11:36:23",
                "data": {
                    "to": 311.92503,
                    "from": 304.132194
                }
            },
            {
                "time": {
                    "start": "2018-02-05T18:36:23.893Z",
                    "end": "2018-02-05T18:36:23.987Z"
                },
                "type": "SCRUB",
                "source": "video:drag",
                "_t": "11:36:23",
                "_end": "11:36:23",
                "data": {
                    "to": 324.123216,
                    "from": 312.867052
                }
            },
            {
                "time": {
                    "start": "2018-02-05T18:36:24.600Z",
                    "end": "2018-02-05T18:36:24.707Z"
                },
                "type": "SCRUB",
                "source": "video:drag",
                "_t": "11:36:24",
                "_end": "11:36:24",
                "data": {
                    "to": 337.483134,
                    "from": 324.972621
                }
            },
            {
                "time": {
                    "start": "2018-02-05T18:36:25.304Z",
                    "end": "2018-02-05T18:36:25.412Z"
                },
                "type": "SCRUB",
                "source": "video:drag",
                "_t": "11:36:25",
                "_end": "11:36:25",
                "data": {
                    "to": 349.100453,
                    "from": 338.496697
                }
            },
            {
                "time": {
                    "start": "2018-02-05T18:36:26.042Z",
                    "end": "2018-02-05T18:36:26.130Z"
                },
                "type": "SCRUB",
                "source": "video:drag",
                "_t": "11:36:26",
                "_end": "11:36:26",
                "data": {
                    "to": 364.202969,
                    "from": 350.187785
                }
            },
            {
                "time": {
                    "start": "2018-02-05T18:36:26.879Z",
                    "end": "2018-02-05T18:36:27.004Z"
                },
                "type": "SCRUB",
                "source": "video:drag",
                "_t": "11:36:26",
                "_end": "11:36:27",
                "data": {
                    "to": 367.688164,
                    "from": 365.209234
                }
            },
            {
                "time": {
                    "start": "2018-02-05T18:36:28.549Z",
                    "end": "2018-02-05T18:36:28.636Z"
                },
                "type": "SCRUB",
                "source": "video:drag",
                "_t": "11:36:28",
                "_end": "11:36:28",
                "data": {
                    "to": 377.562886,
                    "from": 370.592935
                }
            },
            {
                "time": {
                    "start": "2018-02-05T18:36:29.367Z",
                    "end": "2018-02-05T18:36:29.452Z"
                },
                "type": "SCRUB",
                "source": "video:drag",
                "_t": "11:36:29",
                "_end": "11:36:29",
                "data": {
                    "to": 385.69501,
                    "from": 378.854461
                }
            },
            {
                "time": {
                    "start": "2018-02-05T18:36:30.773Z",
                    "end": "2018-02-05T18:36:30.892Z"
                },
                "type": "SCRUB",
                "source": "video:drag",
                "_t": "11:36:30",
                "_end": "11:36:30",
                "data": {
                    "to": 379.305484,
                    "from": 388.183899
                }
            },
            {
                "time": {
                    "start": "2018-02-05T18:36:37.040Z",
                    "end": "2018-02-05T18:36:37.148Z"
                },
                "type": "SCRUB",
                "source": "video:drag",
                "_t": "11:36:37",
                "_end": "11:36:37",
                "data": {
                    "to": 398.474061,
                    "from": 391.34361
                }
            },
            {
                "time": {
                    "start": "2018-02-05T18:36:38.601Z",
                    "end": "2018-02-05T18:36:38.725Z"
                },
                "type": "SCRUB",
                "source": "video:drag",
                "_t": "11:36:38",
                "_end": "11:36:38",
                "data": {
                    "to": 406.606185,
                    "from": 401.135564
                }
            },
            {
                "time": {
                    "start": "2018-02-05T18:36:39.537Z",
                    "end": "2018-02-05T18:36:39.659Z"
                },
                "type": "SCRUB",
                "source": "video:drag",
                "_t": "11:36:39",
                "_end": "11:36:39",
                "data": {
                    "to": 420.546969,
                    "from": 408.086451
                }
            },
            {
                "time": {
                    "start": "2018-02-05T18:36:41.228Z",
                    "end": "2018-02-05T18:36:41.370Z"
                },
                "type": "SCRUB",
                "source": "video:drag",
                "_t": "11:36:41",
                "_end": "11:36:41",
                "data": {
                    "to": 430.42169,
                    "from": 423.32638
                }
            },
            {
                "time": {
                    "start": "2018-02-05T18:36:42.203Z",
                    "end": "2018-02-05T18:36:42.323Z"
                },
                "type": "SCRUB",
                "source": "video:drag",
                "_t": "11:36:42",
                "_end": "11:36:42",
                "data": {
                    "to": 449.009402,
                    "from": 431.794817
                }
            },
            {
                "time": {
                    "start": "2018-02-05T18:36:43.072Z",
                    "end": "2018-02-05T18:36:43.180Z"
                },
                "type": "SCRUB",
                "source": "video:drag",
                "_t": "11:36:43",
                "_end": "11:36:43",
                "data": {
                    "to": 464.111917,
                    "from": 450.158832
                }
            },
            {
                "time": {
                    "start": "2018-02-05T18:36:43.954Z",
                    "end": "2018-02-05T18:36:44.059Z"
                },
                "type": "SCRUB",
                "source": "video:drag",
                "_t": "11:36:43",
                "_end": "11:36:44",
                "data": {
                    "to": 480.376164,
                    "from": 465.495482
                }
            },
            {
                "time": {
                    "start": "2018-02-05T18:36:44.707Z",
                    "end": "2018-02-05T18:36:44.819Z"
                },
                "type": "SCRUB",
                "source": "video:drag",
                "_t": "11:36:44",
                "_end": "11:36:44",
                "data": {
                    "to": 490.831752,
                    "from": 481.179125
                }
            },
            {
                "time": {
                    "start": "2018-02-05T18:36:45.882Z",
                    "end": "2018-02-05T18:36:45.987Z"
                },
                "type": "SCRUB",
                "source": "video:drag",
                "_t": "11:36:45",
                "_end": "11:36:45",
                "data": {
                    "to": 505.353402,
                    "from": 492.786692
                }
            },
            {
                "time": {
                    "start": "2018-02-05T18:36:46.876Z",
                    "end": "2018-02-05T18:36:47.004Z"
                },
                "type": "SCRUB",
                "source": "video:drag",
                "_t": "11:36:46",
                "_end": "11:36:47",
                "data": {
                    "to": 515.228123,
                    "from": 506.836969
                }
            },
            {
                "time": {
                    "start": "2018-02-05T18:36:47.976Z",
                    "end": "2018-02-05T18:36:48.116Z"
                },
                "type": "SCRUB",
                "source": "video:drag",
                "_t": "11:36:47",
                "_end": "11:36:48",
                "data": {
                    "to": 519.875051,
                    "from": 516.900918
                }
            },
            {
                "time": {
                    "start": "2018-02-05T18:36:49.249Z",
                    "end": "2018-02-05T18:36:49.363Z"
                },
                "type": "SCRUB",
                "source": "video:drag",
                "_t": "11:36:49",
                "_end": "11:36:49",
                "data": {
                    "to": 528.007175,
                    "from": 521.964404
                }
            },
            {
                "time": {
                    "start": "2018-02-05T18:36:49.898Z",
                    "end": "2018-02-05T18:36:50.004Z"
                },
                "type": "SCRUB",
                "source": "video:drag",
                "_t": "11:36:49",
                "_end": "11:36:50",
                "data": {
                    "to": 537.30103,
                    "from": 528.621961
                }
            },
            {
                "time": {
                    "start": "2018-02-05T18:36:50.698Z",
                    "end": "2018-02-05T18:36:50.788Z"
                },
                "type": "SCRUB",
                "source": "video:drag",
                "_t": "11:36:50",
                "_end": "11:36:50",
                "data": {
                    "to": 523.360247,
                    "from": 538.14561
                }
            },
            {
                "time": {
                    "start": "2018-02-05T18:36:58.456Z",
                    "end": "2018-02-05T18:36:58.541Z"
                },
                "type": "SCRUB",
                "source": "video:drag",
                "_t": "11:36:58",
                "_end": "11:36:58",
                "data": {
                    "to": 549.499216,
                    "from": 538.441018
                }
            },
            {
                "time": {
                    "start": "2018-02-05T18:37:00.040Z",
                    "end": "2018-02-05T18:37:00.139Z"
                },
                "type": "SCRUB",
                "source": "video:drag",
                "_t": "11:37:00",
                "_end": "11:37:00",
                "data": {
                    "to": 544.271422,
                    "from": 552.324934
                }
            },
            {
                "time": "2018-02-05T18:37:04.421Z",
                "type": "PAUSE",
                "source": "video:button",
                "_t": "11:37:04",
                "_end": "-"
            },
            {
                "time": {
                    "start": "2018-02-05T18:37:05.752Z",
                    "end": "2018-02-05T18:37:05.836Z"
                },
                "type": "SCRUB",
                "source": "video:drag",
                "_t": "11:37:05",
                "_end": "11:37:05",
                "data": {
                    "to": 545.433154,
                    "from": 552.463133
                }
            },
            {
                "time": {
                    "start": "2018-02-05T18:35:05.687Z",
                    "end": "2018-02-05T18:37:06.949Z"
                },
                "type": "SCRUB",
                "source": "data:drag",
                "_t": "11:35:05",
                "_end": "11:37:06",
                "data": {
                    "time": 545.433154
                }
            },
            {
                "time": {
                    "start": "2018-02-05T18:35:05.687Z",
                    "end": "2018-02-05T18:37:07.485Z"
                },
                "type": "SCRUB",
                "source": "data:drag",
                "_t": "11:35:05",
                "_end": "11:37:07",
                "data": {
                    "time": 545.433154
                }
            },
            {
                "time": "2018-02-05T18:37:08.589Z",
                "type": "PLAY",
                "source": "video:button",
                "_t": "11:37:08",
                "_end": "-"
            },
            {
                "time": {
                    "start": "2018-02-05T18:37:16.204Z",
                    "end": "2018-02-05T18:37:16.323Z"
                },
                "type": "SCRUB",
                "source": "video:drag",
                "_t": "11:37:16",
                "_end": "11:37:16",
                "data": {
                    "to": 569.829525,
                    "from": 560.462639
                }
            },
            {
                "time": {
                    "start": "2018-02-05T18:37:17.561Z",
                    "end": "2018-02-05T18:37:17.684Z"
                },
                "type": "SCRUB",
                "source": "video:drag",
                "_t": "11:37:17",
                "_end": "11:37:17",
                "data": {
                    "to": 582.027711,
                    "from": 572.163738
                }
            },
            {
                "time": {
                    "start": "2018-02-05T18:37:19.041Z",
                    "end": "2018-02-05T18:37:19.131Z"
                },
                "type": "SCRUB",
                "source": "video:drag",
                "_t": "11:37:19",
                "_end": "11:37:19",
                "data": {
                    "to": 577.380783,
                    "from": 584.48079
                }
            },
            {
                "time": {
                    "start": "2018-02-05T18:37:21.249Z",
                    "end": "2018-02-05T18:37:21.356Z"
                },
                "type": "SCRUB",
                "source": "video:drag",
                "_t": "11:37:21",
                "_end": "11:37:21",
                "data": {
                    "to": 573.895587,
                    "from": 581.480517
                }
            },
            {
                "time": {
                    "start": "2018-02-05T18:37:32.683Z",
                    "end": "2018-02-05T18:37:32.811Z"
                },
                "type": "SCRUB",
                "source": "video:drag",
                "_t": "11:37:32",
                "_end": "11:37:32",
                "data": {
                    "to": 602.938886,
                    "from": 596.165144
                }
            },
            {
                "time": {
                    "start": "2018-02-05T18:37:34.009Z",
                    "end": "2018-02-05T18:37:34.132Z"
                },
                "type": "SCRUB",
                "source": "video:drag",
                "_t": "11:37:34",
                "_end": "11:37:34",
                "data": {
                    "to": 613.394474,
                    "from": 604.966318
                }
            },
            {
                "time": {
                    "start": "2018-02-05T18:37:34.943Z",
                    "end": "2018-02-05T18:37:35.068Z"
                },
                "type": "SCRUB",
                "source": "video:drag",
                "_t": "11:37:34",
                "_end": "11:37:35",
                "data": {
                    "to": 621.526597,
                    "from": 614.649134
                }
            },
            {
                "time": {
                    "start": "2018-02-05T18:37:35.936Z",
                    "end": "2018-02-05T18:37:36.044Z"
                },
                "type": "SCRUB",
                "source": "video:drag",
                "_t": "11:37:35",
                "_end": "11:37:36",
                "data": {
                    "to": 631.401319,
                    "from": 623.001997
                }
            },
            {
                "time": {
                    "start": "2018-02-05T18:37:36.872Z",
                    "end": "2018-02-05T18:37:36.980Z"
                },
                "type": "SCRUB",
                "source": "video:drag",
                "_t": "11:37:36",
                "_end": "11:37:36",
                "data": {
                    "to": 644.180371,
                    "from": 632.696035
                }
            },
            {
                "time": {
                    "start": "2018-02-05T18:37:37.696Z",
                    "end": "2018-02-05T18:37:37.796Z"
                },
                "type": "SCRUB",
                "source": "video:drag",
                "_t": "11:37:37",
                "_end": "11:37:37",
                "data": {
                    "to": 652.89336,
                    "from": 645.092199
                }
            },
            {
                "time": {
                    "start": "2018-02-05T18:37:39.578Z",
                    "end": "2018-02-05T18:37:39.659Z"
                },
                "type": "SCRUB",
                "source": "video:drag",
                "_t": "11:37:39",
                "_end": "11:37:39",
                "data": {
                    "to": 662.187216,
                    "from": 655.986845
                }
            },
            {
                "time": {
                    "start": "2018-02-05T18:37:42.064Z",
                    "end": "2018-02-05T18:37:42.157Z"
                },
                "type": "SCRUB",
                "source": "video:drag",
                "_t": "11:37:42",
                "_end": "11:37:42",
                "data": {
                    "to": 9.293855,
                    "from": 666.539118
                }
            },
            {
                "time": {
                    "start": "2018-02-05T18:37:43.448Z",
                    "end": "2018-02-05T18:37:43.568Z"
                },
                "type": "SCRUB",
                "source": "video:drag",
                "_t": "11:37:43",
                "_end": "11:37:43",
                "data": {
                    "to": 20.330309,
                    "from": 10.452621
                }
            },
            {
                "time": {
                    "start": "2018-02-05T18:37:44.249Z",
                    "end": "2018-02-05T18:37:44.356Z"
                },
                "type": "SCRUB",
                "source": "video:drag",
                "_t": "11:37:44",
                "_end": "11:37:44",
                "data": {
                    "to": 27.881567,
                    "from": 21.527299
                }
            },
            {
                "time": {
                    "start": "2018-02-05T18:37:44.890Z",
                    "end": "2018-02-05T18:37:44.964Z"
                },
                "type": "SCRUB",
                "source": "video:drag",
                "_t": "11:37:44",
                "_end": "11:37:44",
                "data": {
                    "to": 39.498886,
                    "from": 28.506955
                }
            },
            {
                "time": {
                    "start": "2018-02-05T18:37:45.757Z",
                    "end": "2018-02-05T18:37:45.876Z"
                },
                "type": "SCRUB",
                "source": "video:drag",
                "_t": "11:37:45",
                "_end": "11:37:45",
                "data": {
                    "to": 52.858804,
                    "from": 40.934734
                }
            },
            {
                "time": {
                    "start": "2018-02-05T18:37:47.321Z",
                    "end": "2018-02-05T18:37:47.420Z"
                },
                "type": "SCRUB",
                "source": "video:drag",
                "_t": "11:37:47",
                "_end": "11:37:47",
                "data": {
                    "to": 48.792742,
                    "from": 55.542208
                }
            },
            {
                "time": {
                    "start": "2018-02-05T18:37:48.610Z",
                    "end": "2018-02-05T18:37:48.716Z"
                },
                "type": "SCRUB",
                "source": "video:drag",
                "_t": "11:37:48",
                "_end": "11:37:48",
                "data": {
                    "to": 44.72668,
                    "from": 50.988521
                }
            },
            {
                "time": {
                    "start": "2018-02-05T18:37:57.336Z",
                    "end": "2018-02-05T18:37:57.460Z"
                },
                "type": "SCRUB",
                "source": "video:drag",
                "_t": "11:37:57",
                "_end": "11:37:57",
                "data": {
                    "to": 64.476123,
                    "from": 61.58852
                }
            },
            {
                "time": {
                    "start": "2018-02-05T18:37:58.420Z",
                    "end": "2018-02-05T18:37:58.539Z"
                },
                "type": "SCRUB",
                "source": "video:drag",
                "_t": "11:37:58",
                "_end": "11:37:58",
                "data": {
                    "to": 69.123051,
                    "from": 66.048851
                }
            },
            {
                "time": {
                    "start": "2018-02-05T18:38:02.241Z",
                    "end": "2018-02-05T18:38:02.381Z"
                },
                "type": "SCRUB",
                "source": "video:drag",
                "_t": "11:38:02",
                "_end": "11:38:02",
                "data": {
                    "to": 81.321237,
                    "from": 76.394759
                }
            },
            {
                "time": {
                    "start": "2018-02-05T18:38:03.089Z",
                    "end": "2018-02-05T18:38:03.212Z"
                },
                "type": "SCRUB",
                "source": "video:drag",
                "_t": "11:38:03",
                "_end": "11:38:03",
                "data": {
                    "to": 84.225567,
                    "from": 82.579775
                }
            },
            {
                "time": {
                    "start": "2018-02-05T18:38:03.769Z",
                    "end": "2018-02-05T18:38:03.886Z"
                },
                "type": "SCRUB",
                "source": "video:drag",
                "_t": "11:38:03",
                "_end": "11:38:03",
                "data": {
                    "to": 96.423752,
                    "from": 84.981441
                }
            },
            {
                "time": {
                    "start": "2018-02-05T18:38:04.426Z",
                    "end": "2018-02-05T18:38:04.549Z"
                },
                "type": "SCRUB",
                "source": "video:drag",
                "_t": "11:38:04",
                "_end": "11:38:04",
                "data": {
                    "to": 105.136742,
                    "from": 97.340147
                }
            },
            {
                "time": {
                    "start": "2018-02-05T18:38:05.418Z",
                    "end": "2018-02-05T18:38:05.556Z"
                },
                "type": "SCRUB",
                "source": "video:drag",
                "_t": "11:38:05",
                "_end": "11:38:05",
                "data": {
                    "to": 115.011463,
                    "from": 106.364716
                }
            },
            {
                "time": {
                    "start": "2018-02-05T18:38:06.338Z",
                    "end": "2018-02-05T18:38:06.477Z"
                },
                "type": "SCRUB",
                "source": "video:drag",
                "_t": "11:38:06",
                "_end": "11:38:06",
                "data": {
                    "to": 115.592329,
                    "from": 116.116947
                }
            },
            {
                "time": {
                    "start": "2018-02-05T18:38:07.525Z",
                    "end": "2018-02-05T18:38:07.676Z"
                },
                "type": "SCRUB",
                "source": "video:drag",
                "_t": "11:38:07",
                "_end": "11:38:07",
                "data": {
                    "to": 124.305319,
                    "from": 117.558098
                }
            },
            {
                "time": {
                    "start": "2018-02-05T18:38:08.370Z",
                    "end": "2018-02-05T18:38:08.476Z"
                },
                "type": "SCRUB",
                "source": "video:drag",
                "_t": "11:38:08",
                "_end": "11:38:08",
                "data": {
                    "to": 128.371381,
                    "from": 125.303985
                }
            },
            {
                "time": {
                    "start": "2018-02-05T18:38:08.969Z",
                    "end": "2018-02-05T18:38:09.099Z"
                },
                "type": "SCRUB",
                "source": "video:drag",
                "_t": "11:38:08",
                "_end": "11:38:09",
                "data": {
                    "to": 136.503505,
                    "from": 129.127386
                }
            },
            {
                "time": {
                    "start": "2018-02-05T18:38:09.595Z",
                    "end": "2018-02-05T18:38:09.723Z"
                },
                "type": "SCRUB",
                "source": "video:drag",
                "_t": "11:38:09",
                "_end": "11:38:09",
                "data": {
                    "to": 145.79736,
                    "from": 137.341567
                }
            }
        ]
    }
}