{
    "user_id": "051",
    "session_id": "5a789defee2b1975ba835b9e",
    "study": "studyD",
    "workspace": "newrun.run-thurs-six-finally",
    "details": {
        "workspace": "newrun.run-thurs-six-finally",
        "labels": [
            {
                "time": 48.4468259999999,
                "endTime": 55.64786404878038,
                "type": "skip",
                "id": 1
            }
        ],
        "_starts": [
            "2018-02-05T18:34:58.000Z"
        ],
        "_ends": [
            "2018-02-05T18:38:13.294Z"
        ]
    },
    "labels_file": "/home/ubuntu/vat/data/user-studies/studyD/run-yellow/051.labels.json",
    "videoFlash": 3.918989,
    "surveys": {
        "user-info": {
            "firstname": "Cameron",
            "lastname": "McQuinn",
            "email": "cameron.mcquinn@gmail.com"
        },
        "practice-first": {
            "question1": "5",
            "question2": "ok",
            "question3": "50",
            "question4": "5"
        },
        "practice-second": {},
        "practice-third": {},
        "practice-survey": {},
        "pill-blue": {
            "question1": "5",
            "question2": "3",
            "question3": "30",
            "question4": "90"
        },
        "pill-red": {
            "question1": "1",
            "question2": "2",
            "question3": "30",
            "question4": "90"
        },
        "pill-orange": {
            "question1": "4",
            "question2": "4",
            "question3": "50",
            "question4": "80"
        },
        "pills-survey": {
            "question1": "5",
            "question2": "2",
            "question3": "5",
            "question4": "4"
        },
        "run-blue": {
            "question1": "5",
            "question2": "2",
            "question3": "70",
            "question4": "70"
        }
    },
    "logs": {
        "labelEvents": [
            {
                "time": "2018-02-05T18:35:54.877Z",
                "type": "START",
                "source": "hotkey",
                "_t": "11:35:54",
                "_end": "-",
                "data": {
                    "type": "skip",
                    "time": 48.446826
                }
            },
            {
                "time": "2018-02-05T18:35:56.430Z",
                "type": "END",
                "source": "data:click:h_pos",
                "_t": "11:35:56",
                "_end": "-",
                "data": {
                    "lbl": {
                        "time": 48.4468259999999,
                        "endTime": 55.64786404878038,
                        "type": "skip",
                        "id": 1
                    }
                }
            },
            {
                "time": "2018-02-05T18:36:08.646Z",
                "type": "SELECT",
                "source": "data:click",
                "_t": "11:36:08",
                "_end": "-",
                "data": {
                    "time": 48.4468259999999,
                    "endTime": 55.64786404878038,
                    "type": "skip",
                    "id": 1
                }
            },
            {
                "time": {
                    "start": "2018-02-05T18:36:09.756Z",
                    "end": "2018-02-05T18:36:12.245Z"
                },
                "type": "RESIZE",
                "source": "data:brush",
                "_t": "11:36:09",
                "_end": "11:36:12",
                "data": {
                    "brushing": true,
                    "origin": [
                        48.446826,
                        53.064285512195056
                    ],
                    "_brushside": 1,
                    "start": "2018-02-05T18:36:09.756Z",
                    "ε": 0.1,
                    "mode": "resize"
                }
            }
        ],
        "navigationEvents": [
            {
                "time": "2018-02-05T18:35:14.197Z",
                "type": "PLAY",
                "source": "video:button",
                "_t": "11:35:14",
                "_end": "-"
            },
            {
                "time": "2018-02-05T18:35:26.110Z",
                "type": "SKIP",
                "source": "hotkey",
                "_t": "11:35:26",
                "_end": "-",
                "data": {
                    "t": 15.768305,
                    "Δt": 5,
                    "key": "right"
                }
            },
            {
                "time": "2018-02-05T18:35:26.396Z",
                "type": "SKIP",
                "source": "hotkey",
                "_t": "11:35:26",
                "_end": "-",
                "data": {
                    "t": 20.882288,
                    "Δt": 5,
                    "key": "right"
                }
            },
            {
                "time": "2018-02-05T18:35:26.586Z",
                "type": "SKIP",
                "source": "hotkey",
                "_t": "11:35:26",
                "_end": "-",
                "data": {
                    "t": 25.882288,
                    "Δt": 5,
                    "key": "right"
                }
            },
            {
                "time": {
                    "start": "2018-02-05T18:34:58.475Z",
                    "end": "2018-02-05T18:35:28.880Z"
                },
                "type": "SCRUB",
                "source": "data:drag",
                "_t": "11:34:58",
                "_end": "11:35:28",
                "data": {
                    "time": 66.269783
                }
            },
            {
                "time": {
                    "start": "2018-02-05T18:34:58.475Z",
                    "end": "2018-02-05T18:35:30.740Z"
                },
                "type": "SCRUB",
                "source": "data:drag",
                "_t": "11:34:58",
                "_end": "11:35:30",
                "data": {
                    "time": 37.78972
                }
            },
            {
                "time": "2018-02-05T18:35:43.242Z",
                "type": "PAUSE",
                "source": "video:button",
                "_t": "11:35:43",
                "_end": "-"
            },
            {
                "time": "2018-02-05T18:35:44.509Z",
                "type": "SKIP",
                "source": "hotkey",
                "_t": "11:35:44",
                "_end": "-",
                "data": {
                    "t": 49.754935,
                    "Δt": -1,
                    "key": "left"
                }
            },
            {
                "time": "2018-02-05T18:35:45.309Z",
                "type": "SKIP",
                "source": "hotkey",
                "_t": "11:35:45",
                "_end": "-",
                "data": {
                    "t": 48.754935,
                    "Δt": -1,
                    "key": "left"
                }
            },
            {
                "time": "2018-02-05T18:35:46.044Z",
                "type": "PLAY",
                "source": "hotkey",
                "_t": "11:35:46",
                "_end": "-",
                "data": {
                    "key": "space"
                }
            },
            {
                "time": "2018-02-05T18:35:47.115Z",
                "type": "PAUSE",
                "source": "hotkey",
                "_t": "11:35:47",
                "_end": "-",
                "data": {
                    "key": "space"
                }
            },
            {
                "time": "2018-02-05T18:35:48.748Z",
                "type": "SKIP",
                "source": "hotkey",
                "_t": "11:35:48",
                "_end": "-",
                "data": {
                    "t": 48.759765,
                    "Δt": -1,
                    "key": "left"
                }
            },
            {
                "time": "2018-02-05T18:35:49.356Z",
                "type": "PLAY",
                "source": "hotkey",
                "_t": "11:35:49",
                "_end": "-",
                "data": {
                    "key": "space"
                }
            },
            {
                "time": "2018-02-05T18:35:50.124Z",
                "type": "PAUSE",
                "source": "hotkey",
                "_t": "11:35:50",
                "_end": "-",
                "data": {
                    "key": "space"
                }
            },
            {
                "time": {
                    "start": "2018-02-05T18:34:58.475Z",
                    "end": "2018-02-05T18:35:56.428Z"
                },
                "type": "SCRUB",
                "source": "data:drag",
                "_t": "11:34:58",
                "_end": "11:35:56",
                "data": {
                    "time": 48.446826
                }
            },
            {
                "time": "2018-02-05T18:35:56.988Z",
                "type": "PLAY",
                "source": "hotkey",
                "_t": "11:35:56",
                "_end": "-",
                "data": {
                    "key": "space"
                }
            },
            {
                "time": "2018-02-05T18:36:04.043Z",
                "type": "PAUSE",
                "source": "hotkey",
                "_t": "11:36:04",
                "_end": "-",
                "data": {
                    "key": "space"
                }
            },
            {
                "time": "2018-02-05T18:36:05.117Z",
                "type": "SKIP",
                "source": "hotkey",
                "_t": "11:36:05",
                "_end": "-",
                "data": {
                    "t": 55.518306,
                    "Δt": -1,
                    "key": "left"
                }
            },
            {
                "time": "2018-02-05T18:36:05.772Z",
                "type": "PLAY",
                "source": "hotkey",
                "_t": "11:36:05",
                "_end": "-",
                "data": {
                    "key": "space"
                }
            },
            {
                "time": "2018-02-05T18:36:06.957Z",
                "type": "PAUSE",
                "source": "hotkey",
                "_t": "11:36:06",
                "_end": "-",
                "data": {
                    "key": "space"
                }
            },
            {
                "time": {
                    "start": "2018-02-05T18:34:58.475Z",
                    "end": "2018-02-05T18:36:08.644Z"
                },
                "type": "SCRUB",
                "source": "data:drag",
                "_t": "11:34:58",
                "_end": "11:36:08",
                "data": {
                    "time": 55.629164
                }
            },
            {
                "time": {
                    "start": "2018-02-05T18:34:58.475Z",
                    "end": "2018-02-05T18:36:12.252Z"
                },
                "type": "SCRUB",
                "source": "data:drag",
                "_t": "11:34:58",
                "_end": "11:36:12",
                "data": {
                    "time": 55.629164
                }
            },
            {
                "time": "2018-02-05T18:36:12.653Z",
                "type": "PLAY",
                "source": "hotkey",
                "_t": "11:36:12",
                "_end": "-",
                "data": {
                    "key": "space"
                }
            },
            {
                "time": "2018-02-05T18:36:47.475Z",
                "type": "CHANGE-PLAYBACK-RATE",
                "source": "video:button",
                "_t": "11:36:47",
                "_end": "-",
                "data": {
                    "oldRate": 1,
                    "newRate": 1.5
                }
            },
            {
                "time": "2018-02-05T18:36:47.930Z",
                "type": "CHANGE-PLAYBACK-RATE",
                "source": "video:button",
                "_t": "11:36:47",
                "_end": "-",
                "data": {
                    "oldRate": 1.5,
                    "newRate": 2
                }
            }
        ]
    }
}