{
    "user_id": "053",
    "session_id": "5a78abeeee2b1975ba835bc8",
    "study": "studyD",
    "workspace": "newrun.run-thurs-six-finally",
    "details": {
        "workspace": "newrun.run-thurs-six-finally",
        "labels": [
            {
                "time": 277.11458000000465,
                "endTime": 285.4581851463464,
                "type": "skip",
                "id": 1
            },
            {
                "time": 383.0377054146341,
                "endTime": 386.061042,
                "type": "run",
                "id": 2
            }
        ],
        "_starts": [
            "2018-02-05T19:33:58.000Z"
        ],
        "_ends": [
            "2018-02-05T19:34:12.056Z",
            "2018-02-05T19:37:20.149Z"
        ]
    },
    "labels_file": "/home/ubuntu/vat/data/user-studies/studyD/run-yellow/053.labels.json",
    "videoFlash": 3.918989,
    "surveys": {
        "user-info": {
            "firstname": "Marshall",
            "lastname": "Rawlins",
            "email": "mjamesr4@gmail.com"
        },
        "practice-first": {
            "question1": "3",
            "question2": "ok",
            "question3": "50",
            "question4": "3"
        },
        "practice-second": {},
        "practice-third": {},
        "practice-survey": {},
        "pill-blue": {
            "question1": "5",
            "question2": "5",
            "question3": "70",
            "question4": "0"
        },
        "pill-red": {
            "question1": "4",
            "question2": "3",
            "question3": "50",
            "question4": "0"
        },
        "pill-orange": {
            "question1": "4",
            "question2": "5",
            "question3": "100",
            "question4": "10"
        },
        "pills-survey": {
            "question1": "5",
            "question2": "2",
            "question3": "2",
            "question4": "5"
        },
        "run-blue": {
            "question1": "5",
            "question2": "5",
            "question3": "100",
            "question4": "100"
        }
    },
    "logs": {
        "labelEvents": [
            {
                "time": "2018-02-05T19:35:25.309Z",
                "type": "START",
                "source": "hotkey",
                "_t": "12:35:25",
                "_end": "-",
                "data": {
                    "type": "skip",
                    "time": 277.494125
                }
            },
            {
                "time": "2018-02-05T19:35:31.792Z",
                "type": "END",
                "source": "data:click:h_pos",
                "_t": "12:35:31",
                "_end": "-",
                "data": {
                    "lbl": {
                        "time": 277.11458000000465,
                        "endTime": 285.4581851463464,
                        "type": "skip",
                        "id": 1
                    }
                }
            },
            {
                "time": "2018-02-05T19:35:34.684Z",
                "type": "SELECT",
                "source": "data:click",
                "_t": "12:35:34",
                "_end": "-",
                "data": {
                    "time": 277.11458000000465,
                    "endTime": 285.4581851463464,
                    "type": "skip",
                    "id": 1
                }
            },
            {
                "time": {
                    "start": "2018-02-05T19:35:35.899Z",
                    "end": "2018-02-05T19:35:37.123Z"
                },
                "type": "RESIZE",
                "source": "data:brush",
                "_t": "12:35:35",
                "_end": "12:35:37",
                "data": {
                    "brushing": true,
                    "origin": [
                        263.92839302439023,
                        277.494125
                    ],
                    "_brushside": 0,
                    "start": "2018-02-05T19:35:35.899Z",
                    "ε": 0.1,
                    "mode": "resize"
                }
            },
            {
                "time": "2018-02-05T19:35:45.584Z",
                "type": "DESELECT",
                "source": "data:click",
                "_t": "12:35:45",
                "_end": "-",
                "data": {
                    "time": 275.5819813170732,
                    "endTime": 277.49412500000005,
                    "type": "skip",
                    "id": 1
                }
            },
            {
                "time": "2018-02-05T19:35:48.180Z",
                "type": "SELECT",
                "source": "data:click",
                "_t": "12:35:48",
                "_end": "-",
                "data": {
                    "time": 277.11458000000465,
                    "endTime": 285.4581851463464,
                    "type": "skip",
                    "id": 1
                }
            },
            {
                "time": {
                    "start": "2018-02-05T19:35:49.123Z",
                    "end": "2018-02-05T19:35:50.771Z"
                },
                "type": "RESIZE",
                "source": "data:brush",
                "_t": "12:35:49",
                "_end": "12:35:50",
                "data": {
                    "brushing": true,
                    "origin": [
                        275.5819813170732,
                        277.49412500000005
                    ],
                    "_brushside": 1,
                    "start": "2018-02-05T19:35:49.123Z",
                    "ε": 0.1,
                    "mode": "resize"
                }
            },
            {
                "time": {
                    "start": "2018-02-05T19:36:22.051Z",
                    "end": "2018-02-05T19:36:22.152Z"
                },
                "type": "MOVE",
                "source": "data:brush",
                "_t": "12:36:22",
                "_end": "12:36:22",
                "data": {
                    "brushing": true,
                    "origin": [
                        275.5819813170732,
                        283.92558646341496
                    ],
                    "start": "2018-02-05T19:36:22.051Z",
                    "ε": 0.1,
                    "mode": "move"
                }
            },
            {
                "time": {
                    "start": "2018-02-05T19:36:22.717Z",
                    "end": "2018-02-05T19:36:22.783Z"
                },
                "type": "MOVE",
                "source": "data:brush",
                "_t": "12:36:22",
                "_end": "12:36:22",
                "data": {
                    "brushing": true,
                    "origin": [
                        276.111834000001,
                        284.45543914634277
                    ],
                    "start": "2018-02-05T19:36:22.717Z",
                    "ε": 0.1,
                    "mode": "move"
                }
            },
            {
                "time": "2018-02-05T19:36:22.805Z",
                "type": "DESELECT",
                "source": "data:click",
                "_t": "12:36:22",
                "_end": "-",
                "data": {
                    "time": 277.11458000000465,
                    "endTime": 285.4581851463464,
                    "type": "skip",
                    "id": 1
                }
            },
            {
                "time": "2018-02-05T19:36:39.068Z",
                "type": "START",
                "source": "side-bar:button",
                "_t": "12:36:39",
                "_end": "-",
                "data": {
                    "type": "run",
                    "time": 386.061042
                }
            },
            {
                "time": "2018-02-05T19:36:40.477Z",
                "type": "END",
                "source": "data:click:h_pos",
                "_t": "12:36:40",
                "_end": "-",
                "data": {
                    "lbl": {
                        "time": 383.0377054146341,
                        "endTime": 386.061042,
                        "type": "run",
                        "id": 2
                    }
                }
            }
        ],
        "navigationEvents": [
            {
                "time": {
                    "start": "2018-02-05T19:34:25.846Z",
                    "end": "2018-02-05T19:34:25.955Z"
                },
                "type": "SCRUB",
                "source": "video:drag",
                "_t": "12:34:25",
                "_end": "12:34:25",
                "data": {
                    "to": 28.462432,
                    "from": 5.522557
                }
            },
            {
                "time": {
                    "start": "2018-02-05T19:34:28.239Z",
                    "end": "2018-02-05T19:34:28.312Z"
                },
                "type": "SCRUB",
                "source": "video:drag",
                "_t": "12:34:28",
                "_end": "12:34:28",
                "data": {
                    "to": 57.505731,
                    "from": 30.40003
                }
            },
            {
                "time": {
                    "start": "2018-02-05T19:34:31.405Z",
                    "end": "2018-02-05T19:34:31.504Z"
                },
                "type": "SCRUB",
                "source": "video:drag",
                "_t": "12:34:31",
                "_end": "12:34:31",
                "data": {
                    "to": 44.72668,
                    "from": 60.303618
                }
            },
            {
                "time": {
                    "start": "2018-02-05T19:34:33.039Z",
                    "end": "2018-02-05T19:34:33.145Z"
                },
                "type": "SCRUB",
                "source": "video:drag",
                "_t": "12:34:33",
                "_end": "12:34:33",
                "data": {
                    "to": 63.895257,
                    "from": 45.816599
                }
            },
            {
                "time": {
                    "start": "2018-02-05T19:34:33.938Z",
                    "end": "2018-02-05T19:34:34.049Z"
                },
                "type": "SCRUB",
                "source": "video:drag",
                "_t": "12:34:33",
                "_end": "12:34:34",
                "data": {
                    "to": 78.997773,
                    "from": 64.521076
                }
            },
            {
                "time": {
                    "start": "2018-02-05T19:34:34.871Z",
                    "end": "2018-02-05T19:34:34.984Z"
                },
                "type": "SCRUB",
                "source": "video:drag",
                "_t": "12:34:34",
                "_end": "12:34:34",
                "data": {
                    "to": 94.681154,
                    "from": 79.741781
                }
            },
            {
                "time": {
                    "start": "2018-02-05T19:34:42.769Z",
                    "end": "2018-02-05T19:34:42.873Z"
                },
                "type": "SCRUB",
                "source": "video:drag",
                "_t": "12:34:42",
                "_end": "12:34:42",
                "data": {
                    "to": 112.688,
                    "from": 102.255432
                }
            },
            {
                "time": {
                    "start": "2018-02-05T19:34:46.494Z",
                    "end": "2018-02-05T19:34:46.641Z"
                },
                "type": "SCRUB",
                "source": "video:drag",
                "_t": "12:34:46",
                "_end": "12:34:46",
                "data": {
                    "to": 126.047917,
                    "from": 116.131832
                }
            },
            {
                "time": {
                    "start": "2018-02-05T19:34:48.245Z",
                    "end": "2018-02-05T19:34:48.369Z"
                },
                "type": "SCRUB",
                "source": "video:drag",
                "_t": "12:34:48",
                "_end": "12:34:48",
                "data": {
                    "to": 138.826969,
                    "from": 127.560879
                }
            },
            {
                "time": {
                    "start": "2018-02-05T19:34:49.678Z",
                    "end": "2018-02-05T19:34:49.809Z"
                },
                "type": "SCRUB",
                "source": "video:drag",
                "_t": "12:34:49",
                "_end": "12:34:49",
                "data": {
                    "to": 149.863422,
                    "from": 140.022986
                }
            },
            {
                "time": {
                    "start": "2018-02-05T19:34:51.894Z",
                    "end": "2018-02-05T19:34:52.008Z"
                },
                "type": "SCRUB",
                "source": "video:drag",
                "_t": "12:34:51",
                "_end": "12:34:52",
                "data": {
                    "to": 164.385072,
                    "from": 151.793379
                }
            },
            {
                "time": {
                    "start": "2018-02-05T19:34:59.286Z",
                    "end": "2018-02-05T19:34:59.432Z"
                },
                "type": "SCRUB",
                "source": "video:drag",
                "_t": "12:34:59",
                "_end": "12:34:59",
                "data": {
                    "to": 178.325855,
                    "from": 171.571443
                }
            },
            {
                "time": {
                    "start": "2018-02-05T19:35:03.964Z",
                    "end": "2018-02-05T19:35:04.073Z"
                },
                "type": "SCRUB",
                "source": "video:drag",
                "_t": "12:35:03",
                "_end": "12:35:04",
                "data": {
                    "to": 188.781443,
                    "from": 182.740376
                }
            },
            {
                "time": {
                    "start": "2018-02-05T19:35:05.999Z",
                    "end": "2018-02-05T19:35:06.137Z"
                },
                "type": "SCRUB",
                "source": "video:drag",
                "_t": "12:35:05",
                "_end": "12:35:06",
                "data": {
                    "to": 197.494432,
                    "from": 190.539597
                }
            },
            {
                "time": {
                    "start": "2018-02-05T19:35:07.301Z",
                    "end": "2018-02-05T19:35:07.456Z"
                },
                "type": "SCRUB",
                "source": "video:drag",
                "_t": "12:35:07",
                "_end": "12:35:07",
                "data": {
                    "to": 206.788288,
                    "from": 198.52988
                }
            },
            {
                "time": {
                    "start": "2018-02-05T19:35:08.762Z",
                    "end": "2018-02-05T19:35:08.873Z"
                },
                "type": "SCRUB",
                "source": "video:drag",
                "_t": "12:35:08",
                "_end": "12:35:08",
                "data": {
                    "to": 217.243876,
                    "from": 208.005071
                }
            },
            {
                "time": {
                    "start": "2018-02-05T19:35:10.494Z",
                    "end": "2018-02-05T19:35:10.601Z"
                },
                "type": "SCRUB",
                "source": "video:drag",
                "_t": "12:35:10",
                "_end": "12:35:10",
                "data": {
                    "to": 230.022927,
                    "from": 218.707194
                }
            },
            {
                "time": {
                    "start": "2018-02-05T19:35:11.734Z",
                    "end": "2018-02-05T19:35:11.898Z"
                },
                "type": "SCRUB",
                "source": "video:drag",
                "_t": "12:35:11",
                "_end": "12:35:11",
                "data": {
                    "to": 240.478515,
                    "from": 230.916665
                }
            },
            {
                "time": {
                    "start": "2018-02-05T19:35:13.573Z",
                    "end": "2018-02-05T19:35:13.689Z"
                },
                "type": "SCRUB",
                "source": "video:drag",
                "_t": "12:35:13",
                "_end": "12:35:13",
                "data": {
                    "to": 255.000164,
                    "from": 242.071629
                }
            },
            {
                "time": {
                    "start": "2018-02-05T19:35:15.270Z",
                    "end": "2018-02-05T19:35:15.384Z"
                },
                "type": "SCRUB",
                "source": "video:drag",
                "_t": "12:35:15",
                "_end": "12:35:15",
                "data": {
                    "to": 264.29402,
                    "from": 256.434869
                }
            },
            {
                "time": {
                    "start": "2018-02-05T19:35:19.862Z",
                    "end": "2018-02-05T19:35:19.977Z"
                },
                "type": "SCRUB",
                "source": "video:drag",
                "_t": "12:35:19",
                "_end": "12:35:19",
                "data": {
                    "to": 278.81567,
                    "from": 268.64509
                }
            },
            {
                "time": {
                    "start": "2018-02-05T19:35:21.374Z",
                    "end": "2018-02-05T19:35:21.497Z"
                },
                "type": "SCRUB",
                "source": "video:drag",
                "_t": "12:35:21",
                "_end": "12:35:21",
                "data": {
                    "to": 277.073072,
                    "from": 279.969676
                }
            },
            {
                "time": {
                    "start": "2018-02-05T19:35:22.323Z",
                    "end": "2018-02-05T19:35:22.457Z"
                },
                "type": "SCRUB",
                "source": "video:drag",
                "_t": "12:35:22",
                "_end": "12:35:22",
                "data": {
                    "to": 274.749608,
                    "from": 277.713751
                }
            },
            {
                "time": {
                    "start": "2018-02-05T19:35:27.198Z",
                    "end": "2018-02-05T19:35:27.313Z"
                },
                "type": "SCRUB",
                "source": "video:drag",
                "_t": "12:35:27",
                "_end": "12:35:27",
                "data": {
                    "to": 268.940948,
                    "from": 279.376942
                }
            },
            {
                "time": {
                    "start": "2018-02-05T19:33:58.874Z",
                    "end": "2018-02-05T19:35:31.789Z"
                },
                "type": "SCRUB",
                "source": "data:drag",
                "_t": "12:33:58",
                "_end": "12:35:31",
                "data": {
                    "time": 273.200654
                }
            },
            {
                "time": "2018-02-05T19:35:34.137Z",
                "type": "PAUSE",
                "source": "video:button",
                "_t": "12:35:34",
                "_end": "-"
            },
            {
                "time": {
                    "start": "2018-02-05T19:33:58.874Z",
                    "end": "2018-02-05T19:35:34.682Z"
                },
                "type": "SCRUB",
                "source": "data:drag",
                "_t": "12:33:58",
                "_end": "12:35:34",
                "data": {
                    "time": 275.541028
                }
            },
            {
                "time": {
                    "start": "2018-02-05T19:33:58.874Z",
                    "end": "2018-02-05T19:35:37.131Z"
                },
                "type": "SCRUB",
                "source": "data:drag",
                "_t": "12:33:58",
                "_end": "12:35:37",
                "data": {
                    "time": 275.541028
                }
            },
            {
                "time": "2018-02-05T19:35:37.995Z",
                "type": "PLAY",
                "source": "video:button",
                "_t": "12:35:37",
                "_end": "-"
            },
            {
                "time": "2018-02-05T19:35:40.491Z",
                "type": "CHANGE-PLAYBACK-RATE",
                "source": "video:button",
                "_t": "12:35:40",
                "_end": "-",
                "data": {
                    "oldRate": 1,
                    "newRate": 1.5
                }
            },
            {
                "time": "2018-02-05T19:35:44.427Z",
                "type": "PAUSE",
                "source": "video:button",
                "_t": "12:35:44",
                "_end": "-"
            },
            {
                "time": {
                    "start": "2018-02-05T19:33:58.874Z",
                    "end": "2018-02-05T19:35:45.583Z"
                },
                "type": "SCRUB",
                "source": "data:drag",
                "_t": "12:33:58",
                "_end": "12:35:45",
                "data": {
                    "time": 283.922735
                }
            },
            {
                "time": {
                    "start": "2018-02-05T19:33:58.874Z",
                    "end": "2018-02-05T19:35:47.030Z"
                },
                "type": "SCRUB",
                "source": "data:drag",
                "_t": "12:33:58",
                "_end": "12:35:47",
                "data": {
                    "time": 283.977704
                }
            },
            {
                "time": {
                    "start": "2018-02-05T19:33:58.874Z",
                    "end": "2018-02-05T19:35:48.179Z"
                },
                "type": "SCRUB",
                "source": "data:drag",
                "_t": "12:33:58",
                "_end": "12:35:48",
                "data": {
                    "time": 283.977704
                }
            },
            {
                "time": {
                    "start": "2018-02-05T19:33:58.874Z",
                    "end": "2018-02-05T19:35:50.791Z"
                },
                "type": "SCRUB",
                "source": "data:drag",
                "_t": "12:33:58",
                "_end": "12:35:50",
                "data": {
                    "time": 283.977704
                }
            },
            {
                "time": "2018-02-05T19:35:51.539Z",
                "type": "PLAY",
                "source": "video:button",
                "_t": "12:35:51",
                "_end": "-"
            },
            {
                "time": "2018-02-05T19:35:52.739Z",
                "type": "CHANGE-PLAYBACK-RATE",
                "source": "video:button",
                "_t": "12:35:52",
                "_end": "-",
                "data": {
                    "oldRate": 1.5,
                    "newRate": 2
                }
            },
            {
                "time": {
                    "start": "2018-02-05T19:33:58.874Z",
                    "end": "2018-02-05T19:36:22.162Z"
                },
                "type": "SCRUB",
                "source": "data:drag",
                "_t": "12:33:58",
                "_end": "12:36:22",
                "data": {
                    "time": 344.47503
                }
            },
            {
                "time": {
                    "start": "2018-02-05T19:33:58.874Z",
                    "end": "2018-02-05T19:36:22.805Z"
                },
                "type": "SCRUB",
                "source": "data:drag",
                "_t": "12:33:58",
                "_end": "12:36:22",
                "data": {
                    "time": 345.760702
                }
            },
            {
                "time": {
                    "start": "2018-02-05T19:33:58.874Z",
                    "end": "2018-02-05T19:36:24.324Z"
                },
                "type": "SCRUB",
                "source": "data:drag",
                "_t": "12:33:58",
                "_end": "12:36:24",
                "data": {
                    "time": 329.512215
                }
            },
            {
                "time": {
                    "start": "2018-02-05T19:33:58.874Z",
                    "end": "2018-02-05T19:36:30.288Z"
                },
                "type": "SCRUB",
                "source": "data:drag",
                "_t": "12:33:58",
                "_end": "12:36:30",
                "data": {
                    "time": 370.231863
                }
            },
            {
                "time": {
                    "start": "2018-02-05T19:33:58.874Z",
                    "end": "2018-02-05T19:36:31.331Z"
                },
                "type": "SCRUB",
                "source": "data:drag",
                "_t": "12:33:58",
                "_end": "12:36:31",
                "data": {
                    "time": 378.753969
                }
            },
            {
                "time": {
                    "start": "2018-02-05T19:33:58.874Z",
                    "end": "2018-02-05T19:36:32.372Z"
                },
                "type": "SCRUB",
                "source": "data:drag",
                "_t": "12:33:58",
                "_end": "12:36:32",
                "data": {
                    "time": 385.483803
                }
            },
            {
                "time": {
                    "start": "2018-02-05T19:33:58.874Z",
                    "end": "2018-02-05T19:36:33.754Z"
                },
                "type": "SCRUB",
                "source": "data:drag",
                "_t": "12:33:58",
                "_end": "12:36:33",
                "data": {
                    "time": 380.660598
                }
            },
            {
                "time": "2018-02-05T19:36:36.661Z",
                "type": "PAUSE",
                "source": "video:button",
                "_t": "12:36:36",
                "_end": "-"
            },
            {
                "time": {
                    "start": "2018-02-05T19:33:58.874Z",
                    "end": "2018-02-05T19:36:40.475Z"
                },
                "type": "SCRUB",
                "source": "data:drag",
                "_t": "12:33:58",
                "_end": "12:36:40",
                "data": {
                    "time": 386.061042
                }
            },
            {
                "time": {
                    "start": "2018-02-05T19:33:58.874Z",
                    "end": "2018-02-05T19:36:41.739Z"
                },
                "type": "SCRUB",
                "source": "data:drag",
                "_t": "12:33:58",
                "_end": "12:36:41",
                "data": {
                    "time": 382.927765
                }
            },
            {
                "time": "2018-02-05T19:36:43.219Z",
                "type": "PLAY",
                "source": "video:button",
                "_t": "12:36:43",
                "_end": "-"
            }
        ]
    }
}