{
    "user_id": "055",
    "session_id": "5a78ba10ee2b1975ba835bd3",
    "study": "studyD",
    "workspace": "newrun.run-thurs-six-finally",
    "details": {
        "workspace": "newrun.run-thurs-six-finally",
        "labels": [
            {
                "time": 48.34572999999975,
                "endTime": 54.6087518196789,
                "type": "skip",
                "id": 1
            },
            {
                "time": 275.375733,
                "endTime": 294.1647984590374,
                "type": "skip",
                "id": 2
            }
        ],
        "_starts": [
            "2018-02-05T20:34:50.000Z"
        ],
        "_ends": [
            "2018-02-05T20:38:01.680Z"
        ]
    },
    "labels_file": "/home/ubuntu/vat/data/user-studies/studyD/run-yellow/055.labels.json",
    "videoFlash": 3.918989,
    "surveys": {
        "user-info": {
            "firstname": "Riley",
            "lastname": "Hale",
            "email": "riley.e.hale@gmail.com"
        },
        "practice-first": {
            "question1": "1",
            "question2": "ok",
            "question3": "100",
            "question4": "5"
        },
        "practice-second": {},
        "practice-third": {},
        "practice-survey": {},
        "pill-blue": {
            "question1": "1",
            "question2": "1",
            "question3": "20",
            "question4": "80"
        },
        "pill-red": {
            "question1": "1",
            "question2": "4",
            "question3": "10",
            "question4": "60"
        },
        "pill-orange": {
            "question1": "5",
            "question2": "5",
            "question3": "100",
            "question4": "90"
        },
        "pills-survey": {
            "question1": "5",
            "question2": "1",
            "question3": "4",
            "question4": "5"
        },
        "run-blue": {
            "question1": "5",
            "question2": "2",
            "question3": "20",
            "question4": "70"
        }
    },
    "logs": {
        "labelEvents": [
            {
                "time": "2018-02-05T20:35:26.068Z",
                "type": "START",
                "source": "side-bar:button",
                "_t": "13:35:26",
                "_end": "-",
                "data": {
                    "type": "skip",
                    "time": 48.34573
                }
            },
            {
                "time": "2018-02-05T20:35:27.886Z",
                "type": "END",
                "source": "data:click:h_pos",
                "_t": "13:35:27",
                "_end": "-",
                "data": {
                    "lbl": {
                        "time": 48.34572999999975,
                        "endTime": 54.6087518196789,
                        "type": "skip",
                        "id": 1
                    }
                }
            },
            {
                "time": "2018-02-05T20:35:37.894Z",
                "type": "SELECT",
                "source": "data:click",
                "_t": "13:35:37",
                "_end": "-",
                "data": {
                    "time": 48.34572999999975,
                    "endTime": 54.6087518196789,
                    "type": "skip",
                    "id": 1
                }
            },
            {
                "time": "2018-02-05T20:35:53.342Z",
                "type": "DESELECT",
                "source": "data:click",
                "_t": "13:35:53",
                "_end": "-",
                "data": {
                    "time": 48.34573,
                    "endTime": 77.99069994648004,
                    "type": "skip",
                    "id": 1
                }
            },
            {
                "time": "2018-02-05T20:35:54.934Z",
                "type": "SELECT",
                "source": "data:click",
                "_t": "13:35:54",
                "_end": "-",
                "data": {
                    "time": 48.34572999999975,
                    "endTime": 54.6087518196789,
                    "type": "skip",
                    "id": 1
                }
            },
            {
                "time": {
                    "start": "2018-02-05T20:35:56.613Z",
                    "end": "2018-02-05T20:35:58.381Z"
                },
                "type": "RESIZE",
                "source": "data:brush",
                "_t": "13:35:56",
                "_end": "13:35:58",
                "data": {
                    "brushing": true,
                    "origin": [
                        48.34573,
                        77.99069994648004
                    ],
                    "_brushside": 1,
                    "start": "2018-02-05T20:35:56.613Z",
                    "ε": 0.1,
                    "mode": "resize"
                }
            },
            {
                "time": "2018-02-05T20:37:54.935Z",
                "type": "START",
                "source": "side-bar:button",
                "_t": "13:37:54",
                "_end": "-",
                "data": {
                    "type": "skip",
                    "time": 275.375733
                }
            },
            {
                "time": "2018-02-05T20:37:55.795Z",
                "type": "END",
                "source": "data:click:h_pos",
                "_t": "13:37:55",
                "_end": "-",
                "data": {
                    "lbl": {
                        "time": 275.375733,
                        "endTime": 294.1647984590374,
                        "type": "skip",
                        "id": 2
                    }
                }
            }
        ],
        "navigationEvents": [
            {
                "time": {
                    "start": "2018-02-05T20:35:13.522Z",
                    "end": "2018-02-05T20:35:13.650Z"
                },
                "type": "SCRUB",
                "source": "video:drag",
                "_t": "13:35:13",
                "_end": "13:35:13",
                "data": {
                    "to": 47.050144,
                    "from": 14.217699
                }
            },
            {
                "time": "2018-02-05T20:35:16.430Z",
                "type": "PAUSE",
                "source": "video:button",
                "_t": "13:35:16",
                "_end": "-"
            },
            {
                "time": {
                    "start": "2018-02-05T20:35:17.151Z",
                    "end": "2018-02-05T20:35:17.803Z"
                },
                "type": "SCRUB",
                "source": "video:drag",
                "_t": "13:35:17",
                "_end": "13:35:17",
                "data": {
                    "to": 45.307546,
                    "from": 49.506806
                }
            },
            {
                "time": "2018-02-05T20:35:18.980Z",
                "type": "PLAY",
                "source": "video:button",
                "_t": "13:35:18",
                "_end": "-"
            },
            {
                "time": "2018-02-05T20:35:19.612Z",
                "type": "PAUSE",
                "source": "video:button",
                "_t": "13:35:19",
                "_end": "-"
            },
            {
                "time": "2018-02-05T20:35:20.020Z",
                "type": "PLAY",
                "source": "video:button",
                "_t": "13:35:20",
                "_end": "-"
            },
            {
                "time": "2018-02-05T20:35:22.520Z",
                "type": "PAUSE",
                "source": "video:button",
                "_t": "13:35:22",
                "_end": "-"
            },
            {
                "time": {
                    "start": "2018-02-05T20:34:50.758Z",
                    "end": "2018-02-05T20:35:27.884Z"
                },
                "type": "SCRUB",
                "source": "data:drag",
                "_t": "13:34:50",
                "_end": "13:35:27",
                "data": {
                    "time": 48.34573
                }
            },
            {
                "time": {
                    "start": "2018-02-05T20:34:50.758Z",
                    "end": "2018-02-05T20:35:30.692Z"
                },
                "type": "SCRUB",
                "source": "data:drag",
                "_t": "13:34:50",
                "_end": "13:35:30",
                "data": {
                    "time": 54.914943
                }
            },
            {
                "time": "2018-02-05T20:35:33.669Z",
                "type": "PLAY",
                "source": "video:button",
                "_t": "13:35:33",
                "_end": "-"
            },
            {
                "time": "2018-02-05T20:35:34.284Z",
                "type": "PAUSE",
                "source": "video:button",
                "_t": "13:35:34",
                "_end": "-"
            },
            {
                "time": "2018-02-05T20:35:34.884Z",
                "type": "PLAY",
                "source": "video:button",
                "_t": "13:35:34",
                "_end": "-"
            },
            {
                "time": "2018-02-05T20:35:35.459Z",
                "type": "PAUSE",
                "source": "video:button",
                "_t": "13:35:35",
                "_end": "-"
            },
            {
                "time": {
                    "start": "2018-02-05T20:34:50.758Z",
                    "end": "2018-02-05T20:35:37.892Z"
                },
                "type": "SCRUB",
                "source": "data:drag",
                "_t": "13:34:50",
                "_end": "13:35:37",
                "data": {
                    "time": 56.032986
                }
            },
            {
                "time": {
                    "start": "2018-02-05T20:34:50.758Z",
                    "end": "2018-02-05T20:35:39.516Z"
                },
                "type": "SCRUB",
                "source": "data:drag",
                "_t": "13:34:50",
                "_end": "13:35:39",
                "data": {
                    "time": 54.028819
                }
            },
            {
                "time": "2018-02-05T20:35:41.278Z",
                "type": "PLAY",
                "source": "video:button",
                "_t": "13:35:41",
                "_end": "-"
            },
            {
                "time": "2018-02-05T20:35:41.660Z",
                "type": "PAUSE",
                "source": "video:button",
                "_t": "13:35:41",
                "_end": "-"
            },
            {
                "time": {
                    "start": "2018-02-05T20:34:50.758Z",
                    "end": "2018-02-05T20:35:42.993Z"
                },
                "type": "SCRUB",
                "source": "data:drag",
                "_t": "13:34:50",
                "_end": "13:35:42",
                "data": {
                    "time": 51.041243
                }
            },
            {
                "time": "2018-02-05T20:35:44.068Z",
                "type": "PLAY",
                "source": "video:button",
                "_t": "13:35:44",
                "_end": "-"
            },
            {
                "time": "2018-02-05T20:35:48.768Z",
                "type": "PAUSE",
                "source": "video:button",
                "_t": "13:35:48",
                "_end": "-"
            },
            {
                "time": {
                    "start": "2018-02-05T20:34:50.758Z",
                    "end": "2018-02-05T20:35:50.371Z"
                },
                "type": "SCRUB",
                "source": "data:drag",
                "_t": "13:34:50",
                "_end": "13:35:50",
                "data": {
                    "time": 55.159772
                }
            },
            {
                "time": {
                    "start": "2018-02-05T20:34:50.758Z",
                    "end": "2018-02-05T20:35:51.500Z"
                },
                "type": "SCRUB",
                "source": "data:drag",
                "_t": "13:34:50",
                "_end": "13:35:51",
                "data": {
                    "time": 54.714401
                }
            },
            {
                "time": {
                    "start": "2018-02-05T20:34:50.758Z",
                    "end": "2018-02-05T20:35:53.341Z"
                },
                "type": "SCRUB",
                "source": "data:drag",
                "_t": "13:34:50",
                "_end": "13:35:53",
                "data": {
                    "time": 54.714401
                }
            },
            {
                "time": {
                    "start": "2018-02-05T20:34:50.758Z",
                    "end": "2018-02-05T20:35:54.932Z"
                },
                "type": "SCRUB",
                "source": "data:drag",
                "_t": "13:34:50",
                "_end": "13:35:54",
                "data": {
                    "time": 54.714401
                }
            },
            {
                "time": {
                    "start": "2018-02-05T20:34:50.758Z",
                    "end": "2018-02-05T20:35:58.389Z"
                },
                "type": "SCRUB",
                "source": "data:drag",
                "_t": "13:34:50",
                "_end": "13:35:58",
                "data": {
                    "time": 54.714401
                }
            },
            {
                "time": "2018-02-05T20:35:59.557Z",
                "type": "PLAY",
                "source": "video:button",
                "_t": "13:35:59",
                "_end": "-"
            },
            {
                "time": {
                    "start": "2018-02-05T20:34:50.758Z",
                    "end": "2018-02-05T20:36:05.219Z"
                },
                "type": "SCRUB",
                "source": "data:drag",
                "_t": "13:34:50",
                "_end": "13:36:05",
                "data": {
                    "time": 70.967439
                }
            },
            {
                "time": {
                    "start": "2018-02-05T20:34:50.758Z",
                    "end": "2018-02-05T20:36:07.196Z"
                },
                "type": "SCRUB",
                "source": "data:drag",
                "_t": "13:34:50",
                "_end": "13:36:07",
                "data": {
                    "time": 80.330037
                }
            },
            {
                "time": {
                    "start": "2018-02-05T20:34:50.758Z",
                    "end": "2018-02-05T20:36:08.911Z"
                },
                "type": "SCRUB",
                "source": "data:drag",
                "_t": "13:34:50",
                "_end": "13:36:08",
                "data": {
                    "time": 92.797468
                }
            },
            {
                "time": {
                    "start": "2018-02-05T20:34:50.758Z",
                    "end": "2018-02-05T20:36:10.295Z"
                },
                "type": "SCRUB",
                "source": "data:drag",
                "_t": "13:34:50",
                "_end": "13:36:10",
                "data": {
                    "time": 96.842313
                }
            },
            {
                "time": {
                    "start": "2018-02-05T20:34:50.758Z",
                    "end": "2018-02-05T20:36:11.300Z"
                },
                "type": "SCRUB",
                "source": "data:drag",
                "_t": "13:34:50",
                "_end": "13:36:11",
                "data": {
                    "time": 103.353491
                }
            },
            {
                "time": {
                    "start": "2018-02-05T20:34:50.758Z",
                    "end": "2018-02-05T20:36:12.997Z"
                },
                "type": "SCRUB",
                "source": "data:drag",
                "_t": "13:34:50",
                "_end": "13:36:12",
                "data": {
                    "time": 113.530942
                }
            },
            {
                "time": {
                    "start": "2018-02-05T20:34:50.758Z",
                    "end": "2018-02-05T20:36:14.253Z"
                },
                "type": "SCRUB",
                "source": "data:drag",
                "_t": "13:34:50",
                "_end": "13:36:14",
                "data": {
                    "time": 120.750315
                }
            },
            {
                "time": {
                    "start": "2018-02-05T20:34:50.758Z",
                    "end": "2018-02-05T20:36:16.243Z"
                },
                "type": "SCRUB",
                "source": "data:drag",
                "_t": "13:34:50",
                "_end": "13:36:16",
                "data": {
                    "time": 128.764807
                }
            },
            {
                "time": "2018-02-05T20:36:18.516Z",
                "type": "CHANGE-PLAYBACK-RATE",
                "source": "video:menu",
                "_t": "13:36:18",
                "_end": "-",
                "data": {
                    "oldRate": 1,
                    "newRate": 2
                }
            },
            {
                "time": "2018-02-05T20:37:34.238Z",
                "type": "PAUSE",
                "source": "video:button",
                "_t": "13:37:34",
                "_end": "-"
            },
            {
                "time": {
                    "start": "2018-02-05T20:37:35.897Z",
                    "end": "2018-02-05T20:37:36.029Z"
                },
                "type": "SCRUB",
                "source": "video:drag",
                "_t": "13:37:35",
                "_end": "13:37:36",
                "data": {
                    "to": 268.940948,
                    "from": 282.217683
                }
            },
            {
                "time": "2018-02-05T20:37:37.677Z",
                "type": "PLAY",
                "source": "video:button",
                "_t": "13:37:37",
                "_end": "-"
            },
            {
                "time": "2018-02-05T20:37:39.500Z",
                "type": "PAUSE",
                "source": "video:button",
                "_t": "13:37:39",
                "_end": "-"
            },
            {
                "time": "2018-02-05T20:37:39.974Z",
                "type": "PLAY",
                "source": "video:button",
                "_t": "13:37:39",
                "_end": "-"
            },
            {
                "time": "2018-02-05T20:37:40.437Z",
                "type": "PAUSE",
                "source": "video:button",
                "_t": "13:37:40",
                "_end": "-"
            },
            {
                "time": "2018-02-05T20:37:40.830Z",
                "type": "PLAY",
                "source": "video:button",
                "_t": "13:37:40",
                "_end": "-"
            },
            {
                "time": "2018-02-05T20:37:41.380Z",
                "type": "PAUSE",
                "source": "video:button",
                "_t": "13:37:41",
                "_end": "-"
            },
            {
                "time": "2018-02-05T20:37:41.886Z",
                "type": "PLAY",
                "source": "video:button",
                "_t": "13:37:41",
                "_end": "-"
            },
            {
                "time": "2018-02-05T20:37:42.295Z",
                "type": "PAUSE",
                "source": "video:button",
                "_t": "13:37:42",
                "_end": "-"
            },
            {
                "time": {
                    "start": "2018-02-05T20:37:44.602Z",
                    "end": "2018-02-05T20:37:45.196Z"
                },
                "type": "SCRUB",
                "source": "video:drag",
                "_t": "13:37:44",
                "_end": "13:37:45",
                "data": {
                    "to": 273.587876,
                    "from": 275.262041
                }
            },
            {
                "time": "2018-02-05T20:37:46.949Z",
                "type": "PLAY",
                "source": "video:button",
                "_t": "13:37:46",
                "_end": "-"
            },
            {
                "time": "2018-02-05T20:37:47.853Z",
                "type": "PAUSE",
                "source": "video:button",
                "_t": "13:37:47",
                "_end": "-"
            },
            {
                "time": {
                    "start": "2018-02-05T20:37:49.665Z",
                    "end": "2018-02-05T20:37:50.686Z"
                },
                "type": "SCRUB",
                "source": "video:drag",
                "_t": "13:37:49",
                "_end": "13:37:50",
                "data": {
                    "to": 272.426144,
                    "from": 275.234159
                }
            },
            {
                "time": "2018-02-05T20:37:51.726Z",
                "type": "PLAY",
                "source": "video:button",
                "_t": "13:37:51",
                "_end": "-"
            },
            {
                "time": "2018-02-05T20:37:53.264Z",
                "type": "PAUSE",
                "source": "video:button",
                "_t": "13:37:53",
                "_end": "-"
            },
            {
                "time": {
                    "start": "2018-02-05T20:34:50.758Z",
                    "end": "2018-02-05T20:37:55.789Z"
                },
                "type": "SCRUB",
                "source": "data:drag",
                "_t": "13:34:50",
                "_end": "13:37:55",
                "data": {
                    "time": 275.375733
                }
            },
            {
                "time": "2018-02-05T20:37:57.998Z",
                "type": "PLAY",
                "source": "video:button",
                "_t": "13:37:57",
                "_end": "-"
            }
        ]
    }
}