{
    "user_id": "atangren",
    "session_id": "5a78ba63ee2b1975ba835bd7",
    "study": "studyD",
    "workspace": "newrun.run-thurs-six-finally",
    "details": {
        "workspace": "newrun.run-thurs-six-finally",
        "labels": [
            {
                "time": 48.45397200000009,
                "endTime": 55.632604439024405,
                "type": "skip",
                "id": 1
            },
            {
                "time": 56.434114,
                "endTime": 56.434114,
                "type": "run",
                "id": 3
            },
            {
                "time": 275.471659,
                "endTime": 283.741422,
                "type": "skip",
                "id": 4
            }
        ],
        "_starts": [
            "2018-02-05T20:36:19.000Z"
        ],
        "_ends": [
            "2018-02-05T20:39:36.063Z"
        ]
    },
    "labels_file": "/home/ubuntu/vat/data/user-studies/studyD/run-yellow/atangren.labels.json",
    "videoFlash": 3.918989,
    "surveys": {
        "user-info": {
            "firstname": "Andrew",
            "lastname": "Tangren",
            "email": "andrewjt678@gmail.com"
        },
        "practice-first": {
            "question1": "5",
            "question2": "ok",
            "question3": "50",
            "question4": "5"
        },
        "practice-second": {},
        "practice-third": {},
        "practice-survey": {},
        "pill-blue": {
            "question1": "5",
            "question2": "5",
            "question3": "50",
            "question4": "80"
        },
        "pill-red": {
            "question1": "2",
            "question2": "5",
            "question3": "60",
            "question4": "10"
        },
        "pill-orange": {
            "question1": "2",
            "question2": "4",
            "question3": "100",
            "question4": "20"
        },
        "pills-survey": {
            "question1": "5",
            "question2": "4",
            "question3": "4",
            "question4": "4"
        },
        "run-blue": {
            "question1": "5",
            "question2": "5",
            "question3": "100",
            "question4": "10"
        }
    },
    "logs": {
        "labelEvents": [
            {
                "time": "2018-02-05T20:36:50.265Z",
                "type": "START",
                "source": "hotkey",
                "_t": "13:36:50",
                "_end": "-",
                "data": {
                    "type": "skip",
                    "time": 48.433424
                }
            },
            {
                "time": "2018-02-05T20:36:55.739Z",
                "type": "END",
                "source": "hotkey:ctb",
                "_t": "13:36:55",
                "_end": "-",
                "data": {
                    "lbl": {
                        "time": 48.45397200000009,
                        "endTime": 55.632604439024405,
                        "type": "skip",
                        "id": 1
                    },
                    "key": "enter"
                }
            },
            {
                "time": "2018-02-05T20:36:58.266Z",
                "type": "START",
                "source": "hotkey",
                "_t": "13:36:58",
                "_end": "-",
                "data": {
                    "type": "run",
                    "time": 56.434114
                }
            },
            {
                "time": "2018-02-05T20:37:00.059Z",
                "type": "START",
                "source": "hotkey",
                "_t": "13:37:00",
                "_end": "-",
                "data": {
                    "type": "run",
                    "time": 58.229742
                }
            },
            {
                "time": "2018-02-05T20:37:02.636Z",
                "type": "END",
                "source": "data:click:h_pos",
                "_t": "13:37:02",
                "_end": "-",
                "data": {
                    "lbl": {
                        "time": 56.434114,
                        "endTime": 56.434114,
                        "type": "run",
                        "id": 3
                    }
                }
            },
            {
                "time": "2018-02-05T20:37:02.640Z",
                "type": "SELECT",
                "source": "data:click",
                "_t": "13:37:02",
                "_end": "-",
                "data": {
                    "time": 56.434114,
                    "endTime": 58.229742,
                    "type": "run",
                    "id": 2
                }
            },
            {
                "time": "2018-02-05T20:37:08.698Z",
                "type": "DELETE",
                "source": "side-bar:button",
                "_t": "13:37:08",
                "_end": "-",
                "data": {
                    "id": 2,
                    "idx": 1
                }
            },
            {
                "time": "2018-02-05T20:37:15.709Z",
                "type": "SELECT",
                "source": "data:click",
                "_t": "13:37:15",
                "_end": "-",
                "data": {
                    "time": 48.45397200000009,
                    "endTime": 55.632604439024405,
                    "type": "skip",
                    "id": 1
                }
            },
            {
                "time": {
                    "start": "2018-02-05T20:37:16.540Z",
                    "end": "2018-02-05T20:37:17.413Z"
                },
                "type": "RESIZE",
                "source": "data:brush",
                "_t": "13:37:16",
                "_end": "13:37:17",
                "data": {
                    "brushing": true,
                    "origin": [
                        48.433424,
                        53.907994
                    ],
                    "_brushside": 1,
                    "start": "2018-02-05T20:37:16.540Z",
                    "ε": 0.1,
                    "mode": "resize"
                }
            },
            {
                "time": "2018-02-05T20:37:20.035Z",
                "type": "DESELECT",
                "source": "side-bar:button",
                "_t": "13:37:20",
                "_end": "-",
                "data": {
                    "time": 48.45397200000009,
                    "endTime": 55.632604439024405,
                    "type": "skip",
                    "id": 1
                }
            },
            {
                "time": "2018-02-05T20:38:49.885Z",
                "type": "START",
                "source": "hotkey",
                "_t": "13:38:49",
                "_end": "-",
                "data": {
                    "type": "skip",
                    "time": 275.471659
                }
            },
            {
                "time": "2018-02-05T20:38:58.156Z",
                "type": "END",
                "source": "hotkey:ctb",
                "_t": "13:38:58",
                "_end": "-",
                "data": {
                    "lbl": {
                        "time": 275.471659,
                        "endTime": 283.741422,
                        "type": "skip",
                        "id": 4
                    },
                    "key": "enter"
                }
            },
            {
                "time": "2018-02-05T20:39:35.981Z",
                "type": "START",
                "source": "hotkey",
                "_t": "13:39:35",
                "_end": "-",
                "data": {
                    "type": "run",
                    "time": 383.352123
                }
            }
        ],
        "navigationEvents": [
            {
                "time": "2018-02-05T20:36:37.059Z",
                "type": "PLAY",
                "source": "video:button",
                "_t": "13:36:37",
                "_end": "-"
            },
            {
                "time": {
                    "start": "2018-02-05T20:36:39.407Z",
                    "end": "2018-02-05T20:36:39.505Z"
                },
                "type": "SCRUB",
                "source": "video:drag",
                "_t": "13:36:39",
                "_end": "13:36:39",
                "data": {
                    "to": 19.168577,
                    "from": 6.217454
                }
            },
            {
                "time": {
                    "start": "2018-02-05T20:36:40.622Z",
                    "end": "2018-02-05T20:36:40.747Z"
                },
                "type": "SCRUB",
                "source": "video:drag",
                "_t": "13:36:40",
                "_end": "13:36:40",
                "data": {
                    "to": 40.079752,
                    "from": 20.012221
                }
            },
            {
                "time": {
                    "start": "2018-02-05T20:36:41.391Z",
                    "end": "2018-02-05T20:36:41.521Z"
                },
                "type": "SCRUB",
                "source": "video:drag",
                "_t": "13:36:41",
                "_end": "13:36:41",
                "data": {
                    "to": 53.43967,
                    "from": 40.637813
                }
            },
            {
                "time": {
                    "start": "2018-02-05T20:36:42.927Z",
                    "end": "2018-02-05T20:36:43.056Z"
                },
                "type": "SCRUB",
                "source": "video:drag",
                "_t": "13:36:42",
                "_end": "13:36:43",
                "data": {
                    "to": 47.63101,
                    "from": 54.726095
                }
            },
            {
                "time": {
                    "start": "2018-02-05T20:36:44.910Z",
                    "end": "2018-02-05T20:36:45.040Z"
                },
                "type": "SCRUB",
                "source": "video:drag",
                "_t": "13:36:44",
                "_end": "13:36:45",
                "data": {
                    "to": 40.079752,
                    "from": 49.245436
                }
            },
            {
                "time": {
                    "start": "2018-02-05T20:36:46.846Z",
                    "end": "2018-02-05T20:36:46.970Z"
                },
                "type": "SCRUB",
                "source": "video:drag",
                "_t": "13:36:46",
                "_end": "13:36:46",
                "data": {
                    "to": 45.307546,
                    "from": 41.800252
                }
            },
            {
                "time": "2018-02-05T20:37:01.265Z",
                "type": "PAUSE",
                "source": "video:button",
                "_t": "13:37:01",
                "_end": "-"
            },
            {
                "time": {
                    "start": "2018-02-05T20:36:19.281Z",
                    "end": "2018-02-05T20:37:02.634Z"
                },
                "type": "SCRUB",
                "source": "data:drag",
                "_t": "13:36:19",
                "_end": "13:37:02",
                "data": {
                    "time": 59.434311
                }
            },
            {
                "time": {
                    "start": "2018-02-05T20:36:19.281Z",
                    "end": "2018-02-05T20:37:11.730Z"
                },
                "type": "SCRUB",
                "source": "data:drag",
                "_t": "13:36:19",
                "_end": "13:37:11",
                "data": {
                    "time": 53.442607
                }
            },
            {
                "time": "2018-02-05T20:37:11.985Z",
                "type": "PLAY",
                "source": "hotkey",
                "_t": "13:37:11",
                "_end": "-",
                "data": {
                    "key": "space"
                }
            },
            {
                "time": "2018-02-05T20:37:14.254Z",
                "type": "PAUSE",
                "source": "hotkey",
                "_t": "13:37:14",
                "_end": "-",
                "data": {
                    "key": "space"
                }
            },
            {
                "time": {
                    "start": "2018-02-05T20:36:19.281Z",
                    "end": "2018-02-05T20:37:15.707Z"
                },
                "type": "SCRUB",
                "source": "data:drag",
                "_t": "13:36:19",
                "_end": "13:37:15",
                "data": {
                    "time": 55.662932
                }
            },
            {
                "time": {
                    "start": "2018-02-05T20:36:19.281Z",
                    "end": "2018-02-05T20:37:17.433Z"
                },
                "type": "SCRUB",
                "source": "data:drag",
                "_t": "13:36:19",
                "_end": "13:37:17",
                "data": {
                    "time": 55.662932
                }
            },
            {
                "time": "2018-02-05T20:37:21.014Z",
                "type": "PLAY",
                "source": "video:button",
                "_t": "13:37:21",
                "_end": "-"
            },
            {
                "time": {
                    "start": "2018-02-05T20:37:24.338Z",
                    "end": "2018-02-05T20:37:24.449Z"
                },
                "type": "SCRUB",
                "source": "video:drag",
                "_t": "13:37:24",
                "_end": "13:37:24",
                "data": {
                    "to": 77.836041,
                    "from": 58.99885
                }
            },
            {
                "time": {
                    "start": "2018-02-05T20:37:26.729Z",
                    "end": "2018-02-05T20:37:26.842Z"
                },
                "type": "SCRUB",
                "source": "video:drag",
                "_t": "13:37:26",
                "_end": "13:37:26",
                "data": {
                    "to": 103.97501,
                    "from": 80.041886
                }
            },
            {
                "time": {
                    "start": "2018-02-05T20:37:28.454Z",
                    "end": "2018-02-05T20:37:28.594Z"
                },
                "type": "SCRUB",
                "source": "video:drag",
                "_t": "13:37:28",
                "_end": "13:37:28",
                "data": {
                    "to": 124.886185,
                    "from": 105.396047
                }
            },
            {
                "time": {
                    "start": "2018-02-05T20:37:31.071Z",
                    "end": "2018-02-05T20:37:31.217Z"
                },
                "type": "SCRUB",
                "source": "video:drag",
                "_t": "13:37:31",
                "_end": "13:37:31",
                "data": {
                    "to": 112.688,
                    "from": 127.132267
                }
            },
            {
                "time": {
                    "start": "2018-02-05T20:37:44.751Z",
                    "end": "2018-02-05T20:37:44.905Z"
                },
                "type": "SCRUB",
                "source": "video:drag",
                "_t": "13:37:44",
                "_end": "13:37:44",
                "data": {
                    "to": 137.665237,
                    "from": 126.041667
                }
            },
            {
                "time": {
                    "start": "2018-02-05T20:37:46.134Z",
                    "end": "2018-02-05T20:37:46.266Z"
                },
                "type": "SCRUB",
                "source": "video:drag",
                "_t": "13:37:46",
                "_end": "13:37:46",
                "data": {
                    "to": 146.378226,
                    "from": 138.817014
                }
            },
            {
                "time": {
                    "start": "2018-02-05T20:37:47.332Z",
                    "end": "2018-02-05T20:37:47.505Z"
                },
                "type": "SCRUB",
                "source": "video:drag",
                "_t": "13:37:47",
                "_end": "13:37:47",
                "data": {
                    "to": 159.738144,
                    "from": 147.287383
                }
            },
            {
                "time": {
                    "start": "2018-02-05T20:37:48.532Z",
                    "end": "2018-02-05T20:37:48.657Z"
                },
                "type": "SCRUB",
                "source": "video:drag",
                "_t": "13:37:48",
                "_end": "13:37:48",
                "data": {
                    "to": 168.451134,
                    "from": 160.661152
                }
            },
            {
                "time": {
                    "start": "2018-02-05T20:37:50.038Z",
                    "end": "2018-02-05T20:37:50.210Z"
                },
                "type": "SCRUB",
                "source": "video:drag",
                "_t": "13:37:50",
                "_end": "13:37:50",
                "data": {
                    "to": 174.259793,
                    "from": 169.723862
                }
            },
            {
                "time": {
                    "start": "2018-02-05T20:37:52.575Z",
                    "end": "2018-02-05T20:37:52.697Z"
                },
                "type": "SCRUB",
                "source": "video:drag",
                "_t": "13:37:52",
                "_end": "13:37:52",
                "data": {
                    "to": 164.965938,
                    "from": 176.562333
                }
            },
            {
                "time": {
                    "start": "2018-02-05T20:37:53.513Z",
                    "end": "2018-02-05T20:37:53.665Z"
                },
                "type": "SCRUB",
                "source": "video:drag",
                "_t": "13:37:53",
                "_end": "13:37:53",
                "data": {
                    "to": 185.877113,
                    "from": 165.695391
                }
            },
            {
                "time": {
                    "start": "2018-02-05T20:37:55.023Z",
                    "end": "2018-02-05T20:37:55.148Z"
                },
                "type": "SCRUB",
                "source": "video:drag",
                "_t": "13:37:55",
                "_end": "13:37:55",
                "data": {
                    "to": 173.098061,
                    "from": 187.162296
                }
            },
            {
                "time": {
                    "start": "2018-02-05T20:37:58.215Z",
                    "end": "2018-02-05T20:37:58.338Z"
                },
                "type": "SCRUB",
                "source": "video:drag",
                "_t": "13:37:58",
                "_end": "13:37:58",
                "data": {
                    "to": 183.553649,
                    "from": 175.397695
                }
            },
            {
                "time": {
                    "start": "2018-02-05T20:38:01.116Z",
                    "end": "2018-02-05T20:38:01.234Z"
                },
                "type": "SCRUB",
                "source": "video:drag",
                "_t": "13:38:01",
                "_end": "13:38:01",
                "data": {
                    "to": 189.943175,
                    "from": 186.269501
                }
            },
            {
                "time": {
                    "start": "2018-02-05T20:38:06.375Z",
                    "end": "2018-02-05T20:38:06.521Z"
                },
                "type": "SCRUB",
                "source": "video:drag",
                "_t": "13:38:06",
                "_end": "13:38:06",
                "data": {
                    "to": 202.722226,
                    "from": 194.895699
                }
            },
            {
                "time": {
                    "start": "2018-02-05T20:38:10.022Z",
                    "end": "2018-02-05T20:38:10.145Z"
                },
                "type": "SCRUB",
                "source": "video:drag",
                "_t": "13:38:10",
                "_end": "13:38:10",
                "data": {
                    "to": 213.75868,
                    "from": 206.140161
                }
            },
            {
                "time": {
                    "start": "2018-02-05T20:38:15.113Z",
                    "end": "2018-02-05T20:38:15.258Z"
                },
                "type": "SCRUB",
                "source": "video:drag",
                "_t": "13:38:15",
                "_end": "13:38:15",
                "data": {
                    "to": 227.699463,
                    "from": 218.642678
                }
            },
            {
                "time": {
                    "start": "2018-02-05T20:38:18.743Z",
                    "end": "2018-02-05T20:38:18.882Z"
                },
                "type": "SCRUB",
                "source": "video:drag",
                "_t": "13:38:18",
                "_end": "13:38:18",
                "data": {
                    "to": 236.412453,
                    "from": 231.043614
                }
            },
            {
                "time": {
                    "start": "2018-02-05T20:38:25.924Z",
                    "end": "2018-02-05T20:38:26.058Z"
                },
                "type": "SCRUB",
                "source": "video:drag",
                "_t": "13:38:25",
                "_end": "13:38:26",
                "data": {
                    "to": 255.000164,
                    "from": 243.339951
                }
            },
            {
                "time": {
                    "start": "2018-02-05T20:38:33.202Z",
                    "end": "2018-02-05T20:38:33.331Z"
                },
                "type": "SCRUB",
                "source": "video:drag",
                "_t": "13:38:33",
                "_end": "13:38:33",
                "data": {
                    "to": 271.264412,
                    "from": 262.029209
                }
            },
            {
                "time": "2018-02-05T20:38:37.724Z",
                "type": "PAUSE",
                "source": "hotkey",
                "_t": "13:38:37",
                "_end": "-",
                "data": {
                    "key": "space"
                }
            },
            {
                "time": {
                    "start": "2018-02-05T20:38:41.175Z",
                    "end": "2018-02-05T20:38:41.274Z"
                },
                "type": "SCRUB",
                "source": "video:drag",
                "_t": "13:38:41",
                "_end": "13:38:41",
                "data": {
                    "to": 268.940948,
                    "from": 275.592096
                }
            },
            {
                "time": "2018-02-05T20:38:43.277Z",
                "type": "PLAY",
                "source": "hotkey",
                "_t": "13:38:43",
                "_end": "-",
                "data": {
                    "key": "space"
                }
            },
            {
                "time": {
                    "start": "2018-02-05T20:39:04.576Z",
                    "end": "2018-02-05T20:39:04.666Z"
                },
                "type": "SCRUB",
                "source": "video:drag",
                "_t": "13:39:04",
                "_end": "13:39:04",
                "data": {
                    "to": 300.888577,
                    "from": 290.159745
                }
            },
            {
                "time": {
                    "start": "2018-02-05T20:39:10.863Z",
                    "end": "2018-02-05T20:39:10.962Z"
                },
                "type": "SCRUB",
                "source": "video:drag",
                "_t": "13:39:10",
                "_end": "13:39:10",
                "data": {
                    "to": 313.086762,
                    "from": 306.987523
                }
            },
            {
                "time": {
                    "start": "2018-02-05T20:39:12.765Z",
                    "end": "2018-02-05T20:39:12.931Z"
                },
                "type": "SCRUB",
                "source": "video:drag",
                "_t": "13:39:12",
                "_end": "13:39:12",
                "data": {
                    "to": 328.189278,
                    "from": 314.726917
                }
            },
            {
                "time": {
                    "start": "2018-02-05T20:39:15.462Z",
                    "end": "2018-02-05T20:39:15.602Z"
                },
                "type": "SCRUB",
                "source": "video:drag",
                "_t": "13:39:15",
                "_end": "13:39:15",
                "data": {
                    "to": 337.483134,
                    "from": 330.64474
                }
            },
            {
                "time": {
                    "start": "2018-02-05T20:39:18.825Z",
                    "end": "2018-02-05T20:39:18.986Z"
                },
                "type": "SCRUB",
                "source": "video:drag",
                "_t": "13:39:18",
                "_end": "13:39:18",
                "data": {
                    "to": 347.357855,
                    "from": 340.626562
                }
            },
            {
                "time": {
                    "start": "2018-02-05T20:39:21.312Z",
                    "end": "2018-02-05T20:39:21.474Z"
                },
                "type": "SCRUB",
                "source": "video:drag",
                "_t": "13:39:21",
                "_end": "13:39:21",
                "data": {
                    "to": 354.328247,
                    "from": 349.594978
                }
            },
            {
                "time": {
                    "start": "2018-02-05T20:39:22.904Z",
                    "end": "2018-02-05T20:39:23.074Z"
                },
                "type": "SCRUB",
                "source": "video:drag",
                "_t": "13:39:22",
                "_end": "13:39:23",
                "data": {
                    "to": 361.879505,
                    "from": 355.587192
                }
            },
            {
                "time": {
                    "start": "2018-02-05T20:39:24.704Z",
                    "end": "2018-02-05T20:39:24.995Z"
                },
                "type": "SCRUB",
                "source": "video:drag",
                "_t": "13:39:24",
                "_end": "13:39:24",
                "data": {
                    "to": 375.239422,
                    "from": 363.404784
                }
            },
            {
                "time": {
                    "start": "2018-02-05T20:39:26.633Z",
                    "end": "2018-02-05T20:39:26.779Z"
                },
                "type": "SCRUB",
                "source": "video:drag",
                "_t": "13:39:26",
                "_end": "13:39:26",
                "data": {
                    "to": 386.275876,
                    "from": 376.787008
                }
            },
            {
                "time": {
                    "start": "2018-02-05T20:39:30.177Z",
                    "end": "2018-02-05T20:39:30.322Z"
                },
                "type": "SCRUB",
                "source": "video:drag",
                "_t": "13:39:30",
                "_end": "13:39:30",
                "data": {
                    "to": 383.371546,
                    "from": 389.575589
                }
            },
            {
                "time": {
                    "start": "2018-02-05T20:39:32.607Z",
                    "end": "2018-02-05T20:39:32.723Z"
                },
                "type": "SCRUB",
                "source": "video:drag",
                "_t": "13:39:32",
                "_end": "13:39:32",
                "data": {
                    "to": 377.562886,
                    "from": 385.461017
                }
            },
            {
                "time": {
                    "start": "2018-02-05T20:39:33.969Z",
                    "end": "2018-02-05T20:39:34.091Z"
                },
                "type": "SCRUB",
                "source": "video:drag",
                "_t": "13:39:33",
                "_end": "13:39:34",
                "data": {
                    "to": 381.628948,
                    "from": 378.735929
                }
            }
        ]
    }
}