{
    "user_id": "047",
    "session_id": "5a7882a2ee2b1975ba835b74",
    "study": "studyC",
    "workspace": "pill.pills-pink",
    "details": {
        "workspace": "pill.pills-pink",
        "labels": [
            {
                "time": 45.364442,
                "endTime": 53.28026769105714,
                "type": "move",
                "id": 1
            },
            {
                "time": 63.751201,
                "endTime": 69.11191839837414,
                "type": "pill",
                "id": 2
            },
            {
                "time": 125.725101,
                "endTime": 136.4465357967432,
                "type": "pill",
                "id": 3
            },
            {
                "time": 178.02967,
                "endTime": 180.78517894308823,
                "type": "move",
                "id": 4
            },
            {
                "time": 269.863266,
                "endTime": 279.0816959187038,
                "type": "pill",
                "id": 5
            },
            {
                "time": 331.085664,
                "endTime": 334.8932763577255,
                "type": "move",
                "id": 6
            },
            {
                "time": 446.716837,
                "endTime": 449.1216448048792,
                "type": "move",
                "id": 7
            },
            {
                "time": 564.151617,
                "endTime": 573.1696462682801,
                "type": "pill",
                "id": 8
            }
        ],
        "_starts": [
            "2018-02-05T16:43:15.000Z"
        ],
        "_ends": [
            "2018-02-05T16:45:39.687Z"
        ]
    },
    "labels_file": "/home/ubuntu/vat/data/user-studies/studyC/pills-pink/047.labels.json",
    "videoFlash": 0.561365,
    "surveys": {
        "user-info": {
            "firstname": "susan",
            "lastname": "routson",
            "email": "susanroutson@gmail.com"
        },
        "practice-first": {
            "question1": "4",
            "question2": "ok",
            "question3": "30",
            "question4": "5"
        },
        "practice-second": {},
        "practice-third": {},
        "practice-survey": {},
        "pill-blue": {
            "question1": "5",
            "question2": "5",
            "question3": "40",
            "question4": "0"
        },
        "pill-red": {
            "question1": "2",
            "question2": "4",
            "question3": "100",
            "question4": "50"
        },
        "pill-orange": {
            "question1": "4",
            "question2": "4",
            "question3": "30",
            "question4": "90"
        },
        "pills-survey": {
            "question1": "5",
            "question2": "4",
            "question3": "4",
            "question4": "2"
        },
        "run-blue": {
            "question1": "5",
            "question2": "5",
            "question3": "100",
            "question4": "100"
        },
        "run-yellow": {
            "question1": "5",
            "question2": "5",
            "question3": "100",
            "question4": "90"
        },
        "run-red": {
            "question1": "2",
            "question2": "4",
            "question3": "50",
            "question4": "0"
        },
        "run-survey": {
            "question1": "5",
            "question2": "1",
            "question3": "5",
            "question4": "5"
        }
    },
    "logs": {
        "labelEvents": [
            {
                "time": "2018-02-05T16:43:58.356Z",
                "type": "START",
                "source": "side-bar:button",
                "_t": "09:43:58",
                "_end": "-",
                "data": {
                    "type": "move",
                    "time": 45.364442
                }
            },
            {
                "time": "2018-02-05T16:44:04.852Z",
                "type": "END",
                "source": "data:click:h_pos",
                "_t": "09:44:04",
                "_end": "-",
                "data": {
                    "lbl": {
                        "time": 45.364442,
                        "endTime": 53.28026769105714,
                        "type": "move",
                        "id": 1
                    }
                }
            },
            {
                "time": "2018-02-05T16:44:11.404Z",
                "type": "START",
                "source": "side-bar:button",
                "_t": "09:44:11",
                "_end": "-",
                "data": {
                    "type": "pill",
                    "time": 63.751201
                }
            },
            {
                "time": "2018-02-05T16:44:14.347Z",
                "type": "END",
                "source": "data:click:h_pos",
                "_t": "09:44:14",
                "_end": "-",
                "data": {
                    "lbl": {
                        "time": 63.751201,
                        "endTime": 69.11191839837414,
                        "type": "pill",
                        "id": 2
                    }
                }
            },
            {
                "time": "2018-02-05T16:44:21.396Z",
                "type": "START",
                "source": "side-bar:button",
                "_t": "09:44:21",
                "_end": "-",
                "data": {
                    "type": "move",
                    "time": 125.725101
                }
            },
            {
                "time": "2018-02-05T16:44:24.842Z",
                "type": "END",
                "source": "data:click:h_pos",
                "_t": "09:44:24",
                "_end": "-",
                "data": {
                    "lbl": {
                        "time": 125.725101,
                        "endTime": 136.4465357967432,
                        "type": "pill",
                        "id": 3
                    }
                }
            },
            {
                "time": "2018-02-05T16:44:30.580Z",
                "type": "START",
                "source": "side-bar:button",
                "_t": "09:44:30",
                "_end": "-",
                "data": {
                    "type": "move",
                    "time": 178.02967
                }
            },
            {
                "time": "2018-02-05T16:44:32.863Z",
                "type": "END",
                "source": "data:click:h_pos",
                "_t": "09:44:32",
                "_end": "-",
                "data": {
                    "lbl": {
                        "time": 178.02967,
                        "endTime": 180.78517894308823,
                        "type": "move",
                        "id": 4
                    }
                }
            },
            {
                "time": "2018-02-05T16:44:41.260Z",
                "type": "START",
                "source": "side-bar:button",
                "_t": "09:44:41",
                "_end": "-",
                "data": {
                    "type": "move",
                    "time": 269.863266
                }
            },
            {
                "time": "2018-02-05T16:44:44.946Z",
                "type": "END",
                "source": "data:click:h_pos",
                "_t": "09:44:44",
                "_end": "-",
                "data": {
                    "lbl": {
                        "time": 269.863266,
                        "endTime": 279.0816959187038,
                        "type": "pill",
                        "id": 5
                    }
                }
            },
            {
                "time": "2018-02-05T16:44:50.525Z",
                "type": "START",
                "source": "side-bar:button",
                "_t": "09:44:50",
                "_end": "-",
                "data": {
                    "type": "move",
                    "time": 331.085664
                }
            },
            {
                "time": "2018-02-05T16:44:53.021Z",
                "type": "END",
                "source": "data:click:h_pos",
                "_t": "09:44:53",
                "_end": "-",
                "data": {
                    "lbl": {
                        "time": 331.085664,
                        "endTime": 334.8932763577255,
                        "type": "move",
                        "id": 6
                    }
                }
            },
            {
                "time": "2018-02-05T16:44:58.309Z",
                "type": "START",
                "source": "side-bar:button",
                "_t": "09:44:58",
                "_end": "-",
                "data": {
                    "type": "move",
                    "time": 446.716837
                }
            },
            {
                "time": "2018-02-05T16:45:00.660Z",
                "type": "END",
                "source": "data:click:h_pos",
                "_t": "09:45:00",
                "_end": "-",
                "data": {
                    "lbl": {
                        "time": 446.716837,
                        "endTime": 449.1216448048792,
                        "type": "move",
                        "id": 7
                    }
                }
            },
            {
                "time": "2018-02-05T16:45:07.309Z",
                "type": "START",
                "source": "side-bar:button",
                "_t": "09:45:07",
                "_end": "-",
                "data": {
                    "type": "pill",
                    "time": 564.151617
                }
            },
            {
                "time": "2018-02-05T16:45:09.638Z",
                "type": "END",
                "source": "data:click:h_pos",
                "_t": "09:45:09",
                "_end": "-",
                "data": {
                    "lbl": {
                        "time": 564.151617,
                        "endTime": 573.1696462682801,
                        "type": "pill",
                        "id": 8
                    }
                }
            },
            {
                "time": "2018-02-05T16:45:18.528Z",
                "type": "SELECT",
                "source": "data:click",
                "_t": "09:45:18",
                "_end": "-",
                "data": {
                    "time": 269.863266,
                    "endTime": 279.0816959187038,
                    "type": "pill",
                    "id": 5
                }
            },
            {
                "time": "2018-02-05T16:45:21.845Z",
                "type": "CHANGE-EVENT-TYPE",
                "source": "side-bar:menu",
                "_t": "09:45:21",
                "_end": "-",
                "data": {
                    "time": 269.863266,
                    "endTime": 279.0816959187038,
                    "type": "move",
                    "id": 5
                }
            },
            {
                "time": "2018-02-05T16:45:23.079Z",
                "type": "DESELECT",
                "source": "data:click",
                "_t": "09:45:23",
                "_end": "-",
                "data": {
                    "time": 269.863266,
                    "endTime": 279.0816959187038,
                    "type": "pill",
                    "id": 5
                }
            },
            {
                "time": "2018-02-05T16:45:27.880Z",
                "type": "SELECT",
                "source": "data:click",
                "_t": "09:45:27",
                "_end": "-",
                "data": {
                    "time": 125.725101,
                    "endTime": 136.4465357967432,
                    "type": "pill",
                    "id": 3
                }
            },
            {
                "time": "2018-02-05T16:45:29.980Z",
                "type": "CHANGE-EVENT-TYPE",
                "source": "side-bar:menu",
                "_t": "09:45:29",
                "_end": "-",
                "data": {
                    "time": 125.725101,
                    "endTime": 136.4465357967432,
                    "type": "move",
                    "id": 3
                }
            },
            {
                "time": "2018-02-05T16:45:32.129Z",
                "type": "DESELECT",
                "source": "data:click",
                "_t": "09:45:32",
                "_end": "-",
                "data": {
                    "time": 125.725101,
                    "endTime": 136.4465357967432,
                    "type": "pill",
                    "id": 3
                }
            }
        ],
        "navigationEvents": [
            {
                "time": {
                    "start": "2018-02-05T16:43:15.664Z",
                    "end": "2018-02-05T16:43:35.020Z"
                },
                "type": "SCRUB",
                "source": "data:drag",
                "_t": "09:43:15",
                "_end": "09:43:35",
                "data": {
                    "time": 44.573444
                }
            },
            {
                "time": {
                    "start": "2018-02-05T16:43:15.664Z",
                    "end": "2018-02-05T16:43:38.020Z"
                },
                "type": "SCRUB",
                "source": "data:drag",
                "_t": "09:43:15",
                "_end": "09:43:38",
                "data": {
                    "time": 44.589816
                }
            },
            {
                "time": "2018-02-05T16:43:39.194Z",
                "type": "PAUSE",
                "source": "video:button",
                "_t": "09:43:39",
                "_end": "-"
            },
            {
                "time": {
                    "start": "2018-02-05T16:43:15.664Z",
                    "end": "2018-02-05T16:43:41.140Z"
                },
                "type": "SCRUB",
                "source": "data:drag",
                "_t": "09:43:15",
                "_end": "09:43:41",
                "data": {
                    "time": 45.364442
                }
            },
            {
                "time": {
                    "start": "2018-02-05T16:43:15.664Z",
                    "end": "2018-02-05T16:44:04.850Z"
                },
                "type": "SCRUB",
                "source": "data:drag",
                "_t": "09:43:15",
                "_end": "09:44:04",
                "data": {
                    "time": 45.364442
                }
            },
            {
                "time": {
                    "start": "2018-02-05T16:43:15.664Z",
                    "end": "2018-02-05T16:44:10.116Z"
                },
                "type": "SCRUB",
                "source": "data:drag",
                "_t": "09:43:15",
                "_end": "09:44:10",
                "data": {
                    "time": 63.751201
                }
            },
            {
                "time": {
                    "start": "2018-02-05T16:43:15.664Z",
                    "end": "2018-02-05T16:44:14.345Z"
                },
                "type": "SCRUB",
                "source": "data:drag",
                "_t": "09:43:15",
                "_end": "09:44:14",
                "data": {
                    "time": 63.751201
                }
            },
            {
                "time": {
                    "start": "2018-02-05T16:43:15.664Z",
                    "end": "2018-02-05T16:44:15.591Z"
                },
                "type": "SCRUB",
                "source": "data:drag",
                "_t": "09:43:15",
                "_end": "09:44:15",
                "data": {
                    "time": 108.490646
                }
            },
            {
                "time": {
                    "start": "2018-02-05T16:43:15.664Z",
                    "end": "2018-02-05T16:44:20.172Z"
                },
                "type": "SCRUB",
                "source": "data:drag",
                "_t": "09:43:15",
                "_end": "09:44:20",
                "data": {
                    "time": 125.725101
                }
            },
            {
                "time": {
                    "start": "2018-02-05T16:43:15.664Z",
                    "end": "2018-02-05T16:44:24.840Z"
                },
                "type": "SCRUB",
                "source": "data:drag",
                "_t": "09:43:15",
                "_end": "09:44:24",
                "data": {
                    "time": 125.725101
                }
            },
            {
                "time": {
                    "start": "2018-02-05T16:43:15.664Z",
                    "end": "2018-02-05T16:44:26.023Z"
                },
                "type": "SCRUB",
                "source": "data:drag",
                "_t": "09:43:15",
                "_end": "09:44:26",
                "data": {
                    "time": 173.520656
                }
            },
            {
                "time": {
                    "start": "2018-02-05T16:43:15.664Z",
                    "end": "2018-02-05T16:44:29.380Z"
                },
                "type": "SCRUB",
                "source": "data:drag",
                "_t": "09:43:15",
                "_end": "09:44:29",
                "data": {
                    "time": 178.02967
                }
            },
            {
                "time": {
                    "start": "2018-02-05T16:43:15.664Z",
                    "end": "2018-02-05T16:44:32.860Z"
                },
                "type": "SCRUB",
                "source": "data:drag",
                "_t": "09:43:15",
                "_end": "09:44:32",
                "data": {
                    "time": 178.02967
                }
            },
            {
                "time": {
                    "start": "2018-02-05T16:43:15.664Z",
                    "end": "2018-02-05T16:44:34.238Z"
                },
                "type": "SCRUB",
                "source": "data:drag",
                "_t": "09:43:15",
                "_end": "09:44:34",
                "data": {
                    "time": 208.841269
                }
            },
            {
                "time": {
                    "start": "2018-02-05T16:43:15.664Z",
                    "end": "2018-02-05T16:44:34.873Z"
                },
                "type": "SCRUB",
                "source": "data:drag",
                "_t": "09:43:15",
                "_end": "09:44:34",
                "data": {
                    "time": 235.394355
                }
            },
            {
                "time": {
                    "start": "2018-02-05T16:43:15.664Z",
                    "end": "2018-02-05T16:44:39.588Z"
                },
                "type": "SCRUB",
                "source": "data:drag",
                "_t": "09:43:15",
                "_end": "09:44:39",
                "data": {
                    "time": 269.863266
                }
            },
            {
                "time": {
                    "start": "2018-02-05T16:43:15.664Z",
                    "end": "2018-02-05T16:44:44.945Z"
                },
                "type": "SCRUB",
                "source": "data:drag",
                "_t": "09:43:15",
                "_end": "09:44:44",
                "data": {
                    "time": 269.863266
                }
            },
            {
                "time": {
                    "start": "2018-02-05T16:43:15.664Z",
                    "end": "2018-02-05T16:44:46.033Z"
                },
                "type": "SCRUB",
                "source": "data:drag",
                "_t": "09:43:15",
                "_end": "09:44:46",
                "data": {
                    "time": 315.304113
                }
            },
            {
                "time": {
                    "start": "2018-02-05T16:43:15.664Z",
                    "end": "2018-02-05T16:44:49.442Z"
                },
                "type": "SCRUB",
                "source": "data:drag",
                "_t": "09:43:15",
                "_end": "09:44:49",
                "data": {
                    "time": 331.085664
                }
            },
            {
                "time": {
                    "start": "2018-02-05T16:43:15.664Z",
                    "end": "2018-02-05T16:44:53.020Z"
                },
                "type": "SCRUB",
                "source": "data:drag",
                "_t": "09:43:15",
                "_end": "09:44:53",
                "data": {
                    "time": 331.085664
                }
            },
            {
                "time": {
                    "start": "2018-02-05T16:43:15.664Z",
                    "end": "2018-02-05T16:44:53.961Z"
                },
                "type": "SCRUB",
                "source": "data:drag",
                "_t": "09:43:15",
                "_end": "09:44:53",
                "data": {
                    "time": 365.053574
                }
            },
            {
                "time": {
                    "start": "2018-02-05T16:43:15.664Z",
                    "end": "2018-02-05T16:44:54.622Z"
                },
                "type": "SCRUB",
                "source": "data:drag",
                "_t": "09:43:15",
                "_end": "09:44:54",
                "data": {
                    "time": 403.380198
                }
            },
            {
                "time": {
                    "start": "2018-02-05T16:43:15.664Z",
                    "end": "2018-02-05T16:44:55.645Z"
                },
                "type": "SCRUB",
                "source": "data:drag",
                "_t": "09:43:15",
                "_end": "09:44:55",
                "data": {
                    "time": 442.157723
                }
            },
            {
                "time": {
                    "start": "2018-02-05T16:43:15.664Z",
                    "end": "2018-02-05T16:44:57.341Z"
                },
                "type": "SCRUB",
                "source": "data:drag",
                "_t": "09:43:15",
                "_end": "09:44:57",
                "data": {
                    "time": 446.716837
                }
            },
            {
                "time": {
                    "start": "2018-02-05T16:43:15.664Z",
                    "end": "2018-02-05T16:45:00.659Z"
                },
                "type": "SCRUB",
                "source": "data:drag",
                "_t": "09:43:15",
                "_end": "09:45:00",
                "data": {
                    "time": 446.716837
                }
            },
            {
                "time": {
                    "start": "2018-02-05T16:43:15.664Z",
                    "end": "2018-02-05T16:45:02.135Z"
                },
                "type": "SCRUB",
                "source": "data:drag",
                "_t": "09:43:15",
                "_end": "09:45:02",
                "data": {
                    "time": 485.093561
                }
            },
            {
                "time": {
                    "start": "2018-02-05T16:43:15.664Z",
                    "end": "2018-02-05T16:45:02.727Z"
                },
                "type": "SCRUB",
                "source": "data:drag",
                "_t": "09:43:15",
                "_end": "09:45:02",
                "data": {
                    "time": 532.338014
                }
            },
            {
                "time": {
                    "start": "2018-02-05T16:43:15.664Z",
                    "end": "2018-02-05T16:45:06.333Z"
                },
                "type": "SCRUB",
                "source": "data:drag",
                "_t": "09:43:15",
                "_end": "09:45:06",
                "data": {
                    "time": 564.151617
                }
            },
            {
                "time": {
                    "start": "2018-02-05T16:43:15.664Z",
                    "end": "2018-02-05T16:45:09.637Z"
                },
                "type": "SCRUB",
                "source": "data:drag",
                "_t": "09:43:15",
                "_end": "09:45:09",
                "data": {
                    "time": 564.151617
                }
            },
            {
                "time": {
                    "start": "2018-02-05T16:43:15.664Z",
                    "end": "2018-02-05T16:45:10.655Z"
                },
                "type": "SCRUB",
                "source": "data:drag",
                "_t": "09:43:15",
                "_end": "09:45:10",
                "data": {
                    "time": 526.726795
                }
            },
            {
                "time": {
                    "start": "2018-02-05T16:43:15.664Z",
                    "end": "2018-02-05T16:45:11.220Z"
                },
                "type": "SCRUB",
                "source": "data:drag",
                "_t": "09:43:15",
                "_end": "09:45:11",
                "data": {
                    "time": 490.704778
                }
            },
            {
                "time": {
                    "start": "2018-02-05T16:43:15.664Z",
                    "end": "2018-02-05T16:45:11.859Z"
                },
                "type": "SCRUB",
                "source": "data:drag",
                "_t": "09:43:15",
                "_end": "09:45:11",
                "data": {
                    "time": 453.229856
                }
            },
            {
                "time": {
                    "start": "2018-02-05T16:43:15.664Z",
                    "end": "2018-02-05T16:45:12.619Z"
                },
                "type": "SCRUB",
                "source": "data:drag",
                "_t": "09:43:15",
                "_end": "09:45:12",
                "data": {
                    "time": 429.98338
                }
            },
            {
                "time": {
                    "start": "2018-02-05T16:43:15.664Z",
                    "end": "2018-02-05T16:45:13.316Z"
                },
                "type": "SCRUB",
                "source": "data:drag",
                "_t": "09:43:15",
                "_end": "09:45:13",
                "data": {
                    "time": 410.995418
                }
            },
            {
                "time": {
                    "start": "2018-02-05T16:43:15.664Z",
                    "end": "2018-02-05T16:45:14.141Z"
                },
                "type": "SCRUB",
                "source": "data:drag",
                "_t": "09:43:15",
                "_end": "09:45:14",
                "data": {
                    "time": 368.861181
                }
            },
            {
                "time": {
                    "start": "2018-02-05T16:43:15.664Z",
                    "end": "2018-02-05T16:45:15.186Z"
                },
                "type": "SCRUB",
                "source": "data:drag",
                "_t": "09:43:15",
                "_end": "09:45:15",
                "data": {
                    "time": 323.219932
                }
            },
            {
                "time": {
                    "start": "2018-02-05T16:43:15.664Z",
                    "end": "2018-02-05T16:45:16.488Z"
                },
                "type": "SCRUB",
                "source": "data:drag",
                "_t": "09:43:15",
                "_end": "09:45:16",
                "data": {
                    "time": 284.793107
                }
            },
            {
                "time": {
                    "start": "2018-02-05T16:43:15.664Z",
                    "end": "2018-02-05T16:45:17.416Z"
                },
                "type": "SCRUB",
                "source": "data:drag",
                "_t": "09:43:15",
                "_end": "09:45:17",
                "data": {
                    "time": 272.167866
                }
            },
            {
                "time": {
                    "start": "2018-02-05T16:43:15.664Z",
                    "end": "2018-02-05T16:45:18.525Z"
                },
                "type": "SCRUB",
                "source": "data:drag",
                "_t": "09:43:15",
                "_end": "09:45:18",
                "data": {
                    "time": 272.167866
                }
            },
            {
                "time": {
                    "start": "2018-02-05T16:43:15.664Z",
                    "end": "2018-02-05T16:45:23.077Z"
                },
                "type": "SCRUB",
                "source": "data:drag",
                "_t": "09:43:15",
                "_end": "09:45:23",
                "data": {
                    "time": 272.167866
                }
            },
            {
                "time": {
                    "start": "2018-02-05T16:43:15.664Z",
                    "end": "2018-02-05T16:45:24.123Z"
                },
                "type": "SCRUB",
                "source": "data:drag",
                "_t": "09:43:15",
                "_end": "09:45:24",
                "data": {
                    "time": 225.424414
                }
            },
            {
                "time": {
                    "start": "2018-02-05T16:43:15.664Z",
                    "end": "2018-02-05T16:45:24.967Z"
                },
                "type": "SCRUB",
                "source": "data:drag",
                "_t": "09:43:15",
                "_end": "09:45:24",
                "data": {
                    "time": 188.650894
                }
            },
            {
                "time": {
                    "start": "2018-02-05T16:43:15.664Z",
                    "end": "2018-02-05T16:45:27.093Z"
                },
                "type": "SCRUB",
                "source": "data:drag",
                "_t": "09:43:15",
                "_end": "09:45:27",
                "data": {
                    "time": 131.98761
                }
            },
            {
                "time": {
                    "start": "2018-02-05T16:43:15.664Z",
                    "end": "2018-02-05T16:45:27.877Z"
                },
                "type": "SCRUB",
                "source": "data:drag",
                "_t": "09:43:15",
                "_end": "09:45:27",
                "data": {
                    "time": 131.987609
                }
            },
            {
                "time": {
                    "start": "2018-02-05T16:43:15.664Z",
                    "end": "2018-02-05T16:45:31.372Z"
                },
                "type": "SCRUB",
                "source": "data:drag",
                "_t": "09:43:15",
                "_end": "09:45:31",
                "data": {
                    "time": 100.274206
                }
            },
            {
                "time": {
                    "start": "2018-02-05T16:43:15.664Z",
                    "end": "2018-02-05T16:45:32.129Z"
                },
                "type": "SCRUB",
                "source": "data:drag",
                "_t": "09:43:15",
                "_end": "09:45:32",
                "data": {
                    "time": 100.274206
                }
            },
            {
                "time": {
                    "start": "2018-02-05T16:43:15.664Z",
                    "end": "2018-02-05T16:45:33.271Z"
                },
                "type": "SCRUB",
                "source": "data:drag",
                "_t": "09:43:15",
                "_end": "09:45:33",
                "data": {
                    "time": 79.282237
                }
            },
            {
                "time": {
                    "start": "2018-02-05T16:43:15.664Z",
                    "end": "2018-02-05T16:45:37.509Z"
                },
                "type": "SCRUB",
                "source": "data:drag",
                "_t": "09:43:15",
                "_end": "09:45:37",
                "data": {
                    "time": 77.578831
                }
            }
        ]
    }
}