[{"time":113.030882,"endTime":129.908653,"type":"measuring","id":1},{"time":141.384132,"endTime":142.077466,"type":"measuring","id":2},{"time":142.077466,"endTime":145.826591,"type":"measuring","id":3},{"time":145.826591,"endTime":156.748591,"type":"measuring","id":4},{"time":156.748591,"endTime":157.729007,"type":"measuring","id":5},{"time":157.729007,"endTime":170.491591,"type":"measuring","id":6},{"time":172.492966,"endTime":181.651487,"type":"measuring","id":7},{"time":284.847478,"endTime":286.355811,"type":"measuring","id":8},{"time":281.160081,"endTime":281.894019,"type":"measuring","id":9},{"time":281.894019,"endTime":282.465039,"type":"measuring","id":10}]