{
    "user_id": "aqua 2",
    "session_id": "5d7fdf6b81249f67dd06adc9",
    "study": "studyE",
    "workspace": "drywall.drywall-blue",
    "details": {
        "workspace": "drywall.drywall-blue",
        "labels": [
            {
                "time": 113.030882,
                "endTime": 129.908653,
                "type": "measuring",
                "id": 1
            },
            {
                "time": 141.384132,
                "endTime": 142.077466,
                "type": "measuring",
                "id": 2
            },
            {
                "time": 142.077466,
                "endTime": 145.826591,
                "type": "measuring",
                "id": 3
            },
            {
                "time": 145.826591,
                "endTime": 156.748591,
                "type": "measuring",
                "id": 4
            },
            {
                "time": 156.748591,
                "endTime": 157.729007,
                "type": "measuring",
                "id": 5
            },
            {
                "time": 157.729007,
                "endTime": 170.491591,
                "type": "measuring",
                "id": 6
            },
            {
                "time": 172.492966,
                "endTime": 181.651487,
                "type": "measuring",
                "id": 7
            },
            {
                "time": 284.847478,
                "endTime": 286.355811,
                "type": "measuring",
                "id": 8
            },
            {
                "time": 281.160081,
                "endTime": 281.894019,
                "type": "measuring",
                "id": 9
            },
            {
                "time": 281.894019,
                "endTime": 282.465039,
                "type": "measuring",
                "id": 10
            }
        ],
        "_starts": [
            "2019-09-16T19:24:21.000Z"
        ],
        "_ends": [
            "2019-09-16T19:27:42.560Z"
        ]
    },
    "labels_file": "/home/ubuntu/vat/data/user-studies/studyE/drywall-blue/aqua 2.labels.json",
    "videoFlash": 14.917947,
    "surveys": {
        "user-info": {
            "firstname": "Ben",
            "lastname": "Goodey",
            "email": "bgoodey@frontier.com"
        },
        "practice-first": {
            "question1": "3",
            "question2": "ok",
            "question3": "70",
            "question4": "3"
        },
        "practice-second": {},
        "practice-third": {},
        "practice-survey": {}
    },
    "logs": {
        "labelEvents": [
            {
                "time": "2019-09-16T19:25:57.824Z",
                "type": "START",
                "source": "hotkey",
                "_t": "13:25:57",
                "_end": "-",
                "data": {
                    "type": "measuring",
                    "time": 113.030882
                }
            },
            {
                "time": "2019-09-16T19:26:14.716Z",
                "type": "END",
                "source": "hotkey:ctb",
                "_t": "13:26:14",
                "_end": "-",
                "data": {
                    "lbl": {
                        "time": 113.030882,
                        "endTime": 129.908653,
                        "type": "measuring",
                        "id": 1
                    },
                    "key": "enter"
                }
            },
            {
                "time": "2019-09-16T19:26:26.190Z",
                "type": "START",
                "source": "hotkey",
                "_t": "13:26:26",
                "_end": "-",
                "data": {
                    "type": "measuring",
                    "time": 141.384132
                }
            },
            {
                "time": "2019-09-16T19:26:26.885Z",
                "type": "START",
                "source": "hotkey",
                "_t": "13:26:26",
                "_end": "-",
                "data": {
                    "type": "measuring",
                    "time": 142.077466
                }
            },
            {
                "time": "2019-09-16T19:26:30.609Z",
                "type": "START",
                "source": "hotkey",
                "_t": "13:26:30",
                "_end": "-",
                "data": {
                    "type": "measuring",
                    "time": 145.826591
                }
            },
            {
                "time": "2019-09-16T19:26:41.603Z",
                "type": "START",
                "source": "hotkey",
                "_t": "13:26:41",
                "_end": "-",
                "data": {
                    "type": "measuring",
                    "time": 156.748591
                }
            },
            {
                "time": "2019-09-16T19:26:42.515Z",
                "type": "START",
                "source": "hotkey",
                "_t": "13:26:42",
                "_end": "-",
                "data": {
                    "type": "measuring",
                    "time": 157.729007
                }
            },
            {
                "time": "2019-09-16T19:26:55.296Z",
                "type": "END",
                "source": "hotkey:ctb",
                "_t": "13:26:55",
                "_end": "-",
                "data": {
                    "lbl": {
                        "time": 157.729007,
                        "endTime": 170.491591,
                        "type": "measuring",
                        "id": 6
                    },
                    "key": "enter"
                }
            },
            {
                "time": "2019-09-16T19:26:57.266Z",
                "type": "START",
                "source": "hotkey",
                "_t": "13:26:57",
                "_end": "-",
                "data": {
                    "type": "measuring",
                    "time": 172.492966
                }
            },
            {
                "time": "2019-09-16T19:27:06.468Z",
                "type": "END",
                "source": "hotkey:ctb",
                "_t": "13:27:06",
                "_end": "-",
                "data": {
                    "lbl": {
                        "time": 172.492966,
                        "endTime": 181.651487,
                        "type": "measuring",
                        "id": 7
                    },
                    "key": "enter"
                }
            },
            {
                "time": "2019-09-16T19:27:31.692Z",
                "type": "START",
                "source": "hotkey",
                "_t": "13:27:31",
                "_end": "-",
                "data": {
                    "type": "measuring",
                    "time": 284.847478
                }
            },
            {
                "time": "2019-09-16T19:27:33.201Z",
                "type": "END",
                "source": "hotkey:ctb",
                "_t": "13:27:33",
                "_end": "-",
                "data": {
                    "lbl": {
                        "time": 284.847478,
                        "endTime": 286.355811,
                        "type": "measuring",
                        "id": 8
                    },
                    "key": "enter"
                }
            },
            {
                "time": "2019-09-16T19:27:38.342Z",
                "type": "START",
                "source": "hotkey",
                "_t": "13:27:38",
                "_end": "-",
                "data": {
                    "type": "measuring",
                    "time": 281.160081
                }
            },
            {
                "time": "2019-09-16T19:27:39.084Z",
                "type": "START",
                "source": "hotkey",
                "_t": "13:27:39",
                "_end": "-",
                "data": {
                    "type": "measuring",
                    "time": 281.894019
                }
            },
            {
                "time": "2019-09-16T19:27:39.663Z",
                "type": "START",
                "source": "hotkey",
                "_t": "13:27:39",
                "_end": "-",
                "data": {
                    "type": "measuring",
                    "time": 282.465039
                }
            }
        ],
        "navigationEvents": [
            {
                "time": "2019-09-16T19:24:43.217Z",
                "type": "PLAY",
                "source": "hotkey",
                "_t": "13:24:43",
                "_end": "-",
                "data": {
                    "key": "space"
                }
            },
            {
                "time": "2019-09-16T19:25:41.841Z",
                "type": "SKIP",
                "source": "hotkey",
                "_t": "13:25:41",
                "_end": "-",
                "data": {
                    "t": 62.84478,
                    "Δt": 5,
                    "key": "right"
                }
            },
            {
                "time": "2019-09-16T19:25:43.621Z",
                "type": "SKIP",
                "source": "hotkey",
                "_t": "13:25:43",
                "_end": "-",
                "data": {
                    "t": 69.474905,
                    "Δt": 5,
                    "key": "right"
                }
            },
            {
                "time": "2019-09-16T19:25:44.272Z",
                "type": "SKIP",
                "source": "hotkey",
                "_t": "13:25:44",
                "_end": "-",
                "data": {
                    "t": 74.960134,
                    "Δt": 5,
                    "key": "right"
                }
            },
            {
                "time": "2019-09-16T19:25:45.069Z",
                "type": "SKIP",
                "source": "hotkey",
                "_t": "13:25:45",
                "_end": "-",
                "data": {
                    "t": 80.647634,
                    "Δt": 5,
                    "key": "right"
                }
            },
            {
                "time": "2019-09-16T19:25:45.739Z",
                "type": "SKIP",
                "source": "hotkey",
                "_t": "13:25:45",
                "_end": "-",
                "data": {
                    "t": 86.210967,
                    "Δt": 5,
                    "key": "right"
                }
            },
            {
                "time": "2019-09-16T19:25:46.375Z",
                "type": "SKIP",
                "source": "hotkey",
                "_t": "13:25:46",
                "_end": "-",
                "data": {
                    "t": 91.735967,
                    "Δt": 5,
                    "key": "right"
                }
            },
            {
                "time": "2019-09-16T19:25:46.908Z",
                "type": "SKIP",
                "source": "hotkey",
                "_t": "13:25:46",
                "_end": "-",
                "data": {
                    "t": 97.219237,
                    "Δt": 5,
                    "key": "right"
                }
            },
            {
                "time": "2019-09-16T19:27:19.614Z",
                "type": "SKIP",
                "source": "hotkey",
                "_t": "13:27:19",
                "_end": "-",
                "data": {
                    "t": 194.825091,
                    "Δt": 5,
                    "key": "right"
                }
            },
            {
                "time": "2019-09-16T19:27:20.424Z",
                "type": "SKIP",
                "source": "hotkey",
                "_t": "13:27:20",
                "_end": "-",
                "data": {
                    "t": 200.508861,
                    "Δt": 5,
                    "key": "right"
                }
            },
            {
                "time": "2019-09-16T19:27:21.008Z",
                "type": "SKIP",
                "source": "hotkey",
                "_t": "13:27:21",
                "_end": "-",
                "data": {
                    "t": 205.951215,
                    "Δt": 5,
                    "key": "right"
                }
            },
            {
                "time": "2019-09-16T19:27:21.538Z",
                "type": "SKIP",
                "source": "hotkey",
                "_t": "13:27:21",
                "_end": "-",
                "data": {
                    "t": 211.393381,
                    "Δt": 5,
                    "key": "right"
                }
            },
            {
                "time": "2019-09-16T19:27:21.984Z",
                "type": "SKIP",
                "source": "hotkey",
                "_t": "13:27:21",
                "_end": "-",
                "data": {
                    "t": 216.754026,
                    "Δt": 5,
                    "key": "right"
                }
            },
            {
                "time": "2019-09-16T19:27:22.365Z",
                "type": "SKIP",
                "source": "hotkey",
                "_t": "13:27:22",
                "_end": "-",
                "data": {
                    "t": 221.995234,
                    "Δt": 5,
                    "key": "right"
                }
            },
            {
                "time": "2019-09-16T19:27:22.812Z",
                "type": "SKIP",
                "source": "hotkey",
                "_t": "13:27:22",
                "_end": "-",
                "data": {
                    "t": 227.237192,
                    "Δt": 5,
                    "key": "right"
                }
            },
            {
                "time": "2019-09-16T19:27:25.469Z",
                "type": "SKIP",
                "source": "hotkey",
                "_t": "13:27:25",
                "_end": "-",
                "data": {
                    "t": 234.760254,
                    "Δt": 5,
                    "key": "right"
                }
            },
            {
                "time": "2019-09-16T19:27:25.967Z",
                "type": "SKIP",
                "source": "hotkey",
                "_t": "13:27:25",
                "_end": "-",
                "data": {
                    "t": 240.121337,
                    "Δt": 5,
                    "key": "right"
                }
            },
            {
                "time": "2019-09-16T19:27:26.466Z",
                "type": "SKIP",
                "source": "hotkey",
                "_t": "13:27:26",
                "_end": "-",
                "data": {
                    "t": 245.481857,
                    "Δt": 5,
                    "key": "right"
                }
            },
            {
                "time": "2019-09-16T19:27:26.980Z",
                "type": "SKIP",
                "source": "hotkey",
                "_t": "13:27:26",
                "_end": "-",
                "data": {
                    "t": 250.883127,
                    "Δt": 5,
                    "key": "right"
                }
            },
            {
                "time": "2019-09-16T19:27:27.469Z",
                "type": "SKIP",
                "source": "hotkey",
                "_t": "13:27:27",
                "_end": "-",
                "data": {
                    "t": 256.287897,
                    "Δt": 5,
                    "key": "right"
                }
            },
            {
                "time": "2019-09-16T19:27:28.032Z",
                "type": "SKIP",
                "source": "hotkey",
                "_t": "13:27:28",
                "_end": "-",
                "data": {
                    "t": 261.771334,
                    "Δt": 5,
                    "key": "right"
                }
            },
            {
                "time": "2019-09-16T19:27:28.556Z",
                "type": "SKIP",
                "source": "hotkey",
                "_t": "13:27:28",
                "_end": "-",
                "data": {
                    "t": 267.135313,
                    "Δt": 5,
                    "key": "right"
                }
            },
            {
                "time": "2019-09-16T19:27:29.278Z",
                "type": "SKIP",
                "source": "hotkey",
                "_t": "13:27:29",
                "_end": "-",
                "data": {
                    "t": 272.657083,
                    "Δt": 5,
                    "key": "right"
                }
            },
            {
                "time": "2019-09-16T19:27:29.796Z",
                "type": "SKIP",
                "source": "hotkey",
                "_t": "13:27:29",
                "_end": "-",
                "data": {
                    "t": 278.059603,
                    "Δt": 5,
                    "key": "right"
                }
            },
            {
                "time": "2019-09-16T19:27:35.620Z",
                "type": "SKIP",
                "source": "hotkey",
                "_t": "13:27:35",
                "_end": "-",
                "data": {
                    "t": 288.760769,
                    "Δt": -5,
                    "key": "left"
                }
            },
            {
                "time": "2019-09-16T19:27:35.770Z",
                "type": "SKIP",
                "source": "hotkey",
                "_t": "13:27:35",
                "_end": "-",
                "data": {
                    "t": 283.760769,
                    "Δt": -5,
                    "key": "left"
                }
            }
        ]
    }
}