{
    "user_id": "blue 4",
    "session_id": "5cf0390a81249f67dd06a9d7",
    "study": "studyE",
    "workspace": "drywall.drywall-blue",
    "details": {
        "workspace": "drywall.drywall-blue",
        "labels": [
            {
                "time": 113.013609,
                "endTime": 130.904503,
                "type": "measuring",
                "id": 1
            },
            {
                "time": 146.136895,
                "endTime": 156.362045,
                "type": "measuring",
                "id": 3
            },
            {
                "time": 146.136895,
                "endTime": 146.136895,
                "type": "measuring",
                "id": 4
            },
            {
                "time": 168.46228,
                "endTime": 178.8984009787805,
                "type": "measuring",
                "id": 5
            },
            {
                "time": 442.419641,
                "endTime": 460.8835473470732,
                "type": "measuring",
                "id": 6
            }
        ],
        "_starts": [
            "2019-05-30T20:22:30.000Z"
        ],
        "_ends": [
            "2019-05-30T20:28:29.288Z"
        ]
    },
    "labels_file": "/home/ubuntu/vat/data/user-studies/studyE/drywall-blue/blue 4.labels.json",
    "videoFlash": 14.917947,
    "surveys": {
        "user-info": {
            "firstname": "Jo Yu",
            "lastname": "Wu",
            "email": "anita248846@gmail.com"
        },
        "practice-first": {
            "question1": "3",
            "question2": "okay",
            "question3": "10",
            "question4": "4"
        },
        "practice-second": {},
        "practice-third": {},
        "practice-survey": {}
    },
    "logs": {
        "labelEvents": [
            {
                "time": "2019-05-30T20:26:31.872Z",
                "type": "START",
                "source": "side-bar:button",
                "_t": "14:26:31",
                "_end": "-",
                "data": {
                    "type": "measuring",
                    "time": 113.013609
                }
            },
            {
                "time": "2019-05-30T20:26:50.659Z",
                "type": "START",
                "source": "side-bar:button",
                "_t": "14:26:50",
                "_end": "-",
                "data": {
                    "type": "measuring",
                    "time": 130.904503
                }
            },
            {
                "time": "2019-05-30T20:27:01.287Z",
                "type": "START",
                "source": "side-bar:button",
                "_t": "14:27:01",
                "_end": "-",
                "data": {
                    "type": "measuring",
                    "time": 146.136895
                }
            },
            {
                "time": "2019-05-30T20:27:19.819Z",
                "type": "START",
                "source": "side-bar:button",
                "_t": "14:27:19",
                "_end": "-",
                "data": {
                    "type": "measuring",
                    "time": 156.362045
                }
            },
            {
                "time": "2019-05-30T20:27:24.694Z",
                "type": "END",
                "source": "data:click:h_pos",
                "_t": "14:27:24",
                "_end": "-",
                "data": {
                    "lbl": {
                        "time": 146.136895,
                        "endTime": 146.136895,
                        "type": "measuring",
                        "id": 4
                    }
                }
            },
            {
                "time": "2019-05-30T20:27:24.711Z",
                "type": "SELECT",
                "source": "data:click",
                "_t": "14:27:24",
                "_end": "-",
                "data": {
                    "time": 130.904503,
                    "endTime": 146.136895,
                    "type": "measuring",
                    "id": 2
                }
            },
            {
                "time": "2019-05-30T20:27:24.888Z",
                "type": "DESELECT",
                "source": "data:click",
                "_t": "14:27:24",
                "_end": "-",
                "data": {
                    "time": 130.904503,
                    "endTime": 146.136895,
                    "type": "measuring",
                    "id": 2
                }
            },
            {
                "time": "2019-05-30T20:27:25.381Z",
                "type": "SELECT",
                "source": "data:click",
                "_t": "14:27:25",
                "_end": "-",
                "data": {
                    "time": 113.013609,
                    "endTime": 130.904503,
                    "type": "measuring",
                    "id": 1
                }
            },
            {
                "time": "2019-05-30T20:27:25.597Z",
                "type": "DESELECT",
                "source": "data:click",
                "_t": "14:27:25",
                "_end": "-",
                "data": {
                    "time": 113.013609,
                    "endTime": 130.904503,
                    "type": "measuring",
                    "id": 1
                }
            },
            {
                "time": "2019-05-30T20:27:26.781Z",
                "type": "SELECT",
                "source": "data:click",
                "_t": "14:27:26",
                "_end": "-",
                "data": {
                    "time": 130.904503,
                    "endTime": 146.136895,
                    "type": "measuring",
                    "id": 2
                }
            },
            {
                "time": "2019-05-30T20:27:28.235Z",
                "type": "DELETE",
                "source": "side-bar:button",
                "_t": "14:27:28",
                "_end": "-",
                "data": {
                    "id": 2,
                    "idx": 1
                }
            },
            {
                "time": "2019-05-30T20:27:29.349Z",
                "type": "SELECT",
                "source": "data:click",
                "_t": "14:27:29",
                "_end": "-",
                "data": {
                    "time": 146.136895,
                    "endTime": 156.362045,
                    "type": "measuring",
                    "id": 3
                }
            },
            {
                "time": "2019-05-30T20:27:33.028Z",
                "type": "DESELECT",
                "source": "data:click",
                "_t": "14:27:33",
                "_end": "-",
                "data": {
                    "time": 146.136895,
                    "endTime": 156.362045,
                    "type": "measuring",
                    "id": 3
                }
            },
            {
                "time": "2019-05-30T20:27:42.179Z",
                "type": "START",
                "source": "side-bar:button",
                "_t": "14:27:42",
                "_end": "-",
                "data": {
                    "type": "measuring",
                    "time": 168.46228
                }
            },
            {
                "time": "2019-05-30T20:27:44.921Z",
                "type": "END",
                "source": "data:click:h_pos",
                "_t": "14:27:44",
                "_end": "-",
                "data": {
                    "lbl": {
                        "time": 168.46228,
                        "endTime": 178.8984009787805,
                        "type": "measuring",
                        "id": 5
                    }
                }
            },
            {
                "time": "2019-05-30T20:27:45.061Z",
                "type": "SELECT",
                "source": "data:click",
                "_t": "14:27:45",
                "_end": "-",
                "data": {
                    "time": 168.46228,
                    "endTime": 178.8984009787805,
                    "type": "measuring",
                    "id": 5
                }
            },
            {
                "time": "2019-05-30T20:27:45.954Z",
                "type": "DESELECT",
                "source": "data:click",
                "_t": "14:27:45",
                "_end": "-",
                "data": {
                    "time": 168.46228,
                    "endTime": 178.8984009787805,
                    "type": "measuring",
                    "id": 5
                }
            },
            {
                "time": "2019-05-30T20:28:24.396Z",
                "type": "START",
                "source": "side-bar:button",
                "_t": "14:28:24",
                "_end": "-",
                "data": {
                    "type": "measuring",
                    "time": 442.419641
                }
            },
            {
                "time": "2019-05-30T20:28:26.129Z",
                "type": "END",
                "source": "data:click:h_pos",
                "_t": "14:28:26",
                "_end": "-",
                "data": {
                    "lbl": {
                        "time": 442.419641,
                        "endTime": 460.8835473470732,
                        "type": "measuring",
                        "id": 6
                    }
                }
            }
        ],
        "navigationEvents": [
            {
                "time": "2019-05-30T20:25:42.771Z",
                "type": "CHANGE-PLAYBACK-RATE",
                "source": "video:menu",
                "_t": "14:25:42",
                "_end": "-",
                "data": {
                    "oldRate": 1,
                    "newRate": 2
                }
            },
            {
                "time": {
                    "start": "2019-05-30T20:25:50.612Z",
                    "end": "2019-05-30T20:25:50.663Z"
                },
                "type": "SCRUB",
                "source": "video:drag",
                "_t": "14:25:50",
                "_end": "14:25:50",
                "data": {
                    "to": 71.633961,
                    "from": 42.7426
                }
            },
            {
                "time": {
                    "start": "2019-05-30T20:25:53.741Z",
                    "end": "2019-05-30T20:25:53.805Z"
                },
                "type": "SCRUB",
                "source": "video:drag",
                "_t": "14:25:53",
                "_end": "14:25:53",
                "data": {
                    "to": 105.565837,
                    "from": 77.435592
                }
            },
            {
                "time": "2019-05-30T20:25:56.922Z",
                "type": "PAUSE",
                "source": "video:button",
                "_t": "14:25:56",
                "_end": "-"
            },
            {
                "time": "2019-05-30T20:25:58.280Z",
                "type": "CHANGE-PLAYBACK-RATE",
                "source": "video:button",
                "_t": "14:25:58",
                "_end": "-",
                "data": {
                    "oldRate": 2,
                    "newRate": 0.25
                }
            },
            {
                "time": "2019-05-30T20:25:59.089Z",
                "type": "CHANGE-PLAYBACK-RATE",
                "source": "video:menu",
                "_t": "14:25:59",
                "_end": "-",
                "data": {
                    "oldRate": 0.25,
                    "newRate": 0.5
                }
            },
            {
                "time": "2019-05-30T20:26:00.205Z",
                "type": "PLAY",
                "source": "video:button",
                "_t": "14:26:00",
                "_end": "-"
            },
            {
                "time": "2019-05-30T20:26:04.607Z",
                "type": "PAUSE",
                "source": "video:button",
                "_t": "14:26:04",
                "_end": "-"
            },
            {
                "time": {
                    "start": "2019-05-30T20:22:30.821Z",
                    "end": "2019-05-30T20:26:10.451Z"
                },
                "type": "SCRUB",
                "source": "data:drag",
                "_t": "14:22:30",
                "_end": "14:26:10",
                "data": {
                    "time": 113.954161
                }
            },
            {
                "time": {
                    "start": "2019-05-30T20:22:30.821Z",
                    "end": "2019-05-30T20:26:10.673Z"
                },
                "type": "SCRUB",
                "source": "data:drag",
                "_t": "14:22:30",
                "_end": "14:26:10",
                "data": {
                    "time": 113.954161
                }
            },
            {
                "time": "2019-05-30T20:26:10.674Z",
                "type": "JUMP",
                "source": "data:dblclick:h_pos",
                "_t": "14:26:10",
                "_end": "-",
                "data": {
                    "from": 113.954161,
                    "to": 100.66371633471545
                }
            },
            {
                "time": {
                    "start": "2019-05-30T20:22:30.821Z",
                    "end": "2019-05-30T20:26:12.606Z"
                },
                "type": "SCRUB",
                "source": "data:drag",
                "_t": "14:22:30",
                "_end": "14:26:12",
                "data": {
                    "time": 100.663716
                }
            },
            {
                "time": {
                    "start": "2019-05-30T20:22:30.821Z",
                    "end": "2019-05-30T20:26:12.762Z"
                },
                "type": "SCRUB",
                "source": "data:drag",
                "_t": "14:22:30",
                "_end": "14:26:12",
                "data": {
                    "time": 100.663716
                }
            },
            {
                "time": "2019-05-30T20:26:12.765Z",
                "type": "JUMP",
                "source": "data:dblclick:h_pos",
                "_t": "14:26:12",
                "_end": "-",
                "data": {
                    "from": 100.663716,
                    "to": 104.67760868414634
                }
            },
            {
                "time": "2019-05-30T20:26:14.503Z",
                "type": "PLAY",
                "source": "video:button",
                "_t": "14:26:14",
                "_end": "-"
            },
            {
                "time": {
                    "start": "2019-05-30T20:22:30.821Z",
                    "end": "2019-05-30T20:26:22.485Z"
                },
                "type": "SCRUB",
                "source": "data:drag",
                "_t": "14:22:30",
                "_end": "14:26:22",
                "data": {
                    "time": 108.62281
                }
            },
            {
                "time": {
                    "start": "2019-05-30T20:22:30.821Z",
                    "end": "2019-05-30T20:26:22.661Z"
                },
                "type": "SCRUB",
                "source": "data:drag",
                "_t": "14:22:30",
                "_end": "14:26:22",
                "data": {
                    "time": 108.709161
                }
            },
            {
                "time": "2019-05-30T20:26:22.664Z",
                "type": "JUMP",
                "source": "data:dblclick:h_pos",
                "_t": "14:26:22",
                "_end": "-",
                "data": {
                    "from": 108.710468,
                    "to": 114.9651826794309
                }
            },
            {
                "time": {
                    "start": "2019-05-30T20:22:30.821Z",
                    "end": "2019-05-30T20:26:24.182Z"
                },
                "type": "SCRUB",
                "source": "data:drag",
                "_t": "14:22:30",
                "_end": "14:26:24",
                "data": {
                    "time": 115.663198
                }
            },
            {
                "time": {
                    "start": "2019-05-30T20:22:30.821Z",
                    "end": "2019-05-30T20:26:24.360Z"
                },
                "type": "SCRUB",
                "source": "data:drag",
                "_t": "14:22:30",
                "_end": "14:26:24",
                "data": {
                    "time": 115.750895
                }
            },
            {
                "time": "2019-05-30T20:26:24.364Z",
                "type": "JUMP",
                "source": "data:dblclick:h_pos",
                "_t": "14:26:24",
                "_end": "-",
                "data": {
                    "from": 115.752722,
                    "to": 109.34356232056909
                }
            },
            {
                "time": "2019-05-30T20:26:33.569Z",
                "type": "CHANGE-PLAYBACK-RATE",
                "source": "video:button",
                "_t": "14:26:33",
                "_end": "-",
                "data": {
                    "oldRate": 0.5,
                    "newRate": 1
                }
            },
            {
                "time": "2019-05-30T20:26:54.529Z",
                "type": "CHANGE-PLAYBACK-RATE",
                "source": "video:menu",
                "_t": "14:26:54",
                "_end": "-",
                "data": {
                    "oldRate": 1,
                    "newRate": 2
                }
            },
            {
                "time": "2019-05-30T20:27:00.264Z",
                "type": "PAUSE",
                "source": "video:button",
                "_t": "14:27:00",
                "_end": "-"
            },
            {
                "time": "2019-05-30T20:27:04.759Z",
                "type": "PLAY",
                "source": "video:button",
                "_t": "14:27:04",
                "_end": "-"
            },
            {
                "time": "2019-05-30T20:27:11.428Z",
                "type": "PAUSE",
                "source": "video:button",
                "_t": "14:27:11",
                "_end": "-"
            },
            {
                "time": {
                    "start": "2019-05-30T20:27:12.693Z",
                    "end": "2019-05-30T20:27:12.746Z"
                },
                "type": "SCRUB",
                "source": "video:drag",
                "_t": "14:27:12",
                "_end": "14:27:12",
                "data": {
                    "to": 147.980682,
                    "from": 159.505683
                }
            },
            {
                "time": "2019-05-30T20:27:14.267Z",
                "type": "PLAY",
                "source": "video:button",
                "_t": "14:27:14",
                "_end": "-"
            },
            {
                "time": "2019-05-30T20:27:16.612Z",
                "type": "PAUSE",
                "source": "video:button",
                "_t": "14:27:16",
                "_end": "-"
            },
            {
                "time": "2019-05-30T20:27:16.907Z",
                "type": "PLAY",
                "source": "video:button",
                "_t": "14:27:16",
                "_end": "-"
            },
            {
                "time": "2019-05-30T20:27:18.819Z",
                "type": "PAUSE",
                "source": "video:button",
                "_t": "14:27:18",
                "_end": "-"
            },
            {
                "time": {
                    "start": "2019-05-30T20:22:30.821Z",
                    "end": "2019-05-30T20:27:21.971Z"
                },
                "type": "SCRUB",
                "source": "data:drag",
                "_t": "14:22:30",
                "_end": "14:27:21",
                "data": {
                    "time": 139.503695
                }
            },
            {
                "time": {
                    "start": "2019-05-30T20:22:30.821Z",
                    "end": "2019-05-30T20:27:23.924Z"
                },
                "type": "SCRUB",
                "source": "data:drag",
                "_t": "14:22:30",
                "_end": "14:27:23",
                "data": {
                    "time": 154.221301
                }
            },
            {
                "time": {
                    "start": "2019-05-30T20:22:30.821Z",
                    "end": "2019-05-30T20:27:24.691Z"
                },
                "type": "SCRUB",
                "source": "data:drag",
                "_t": "14:22:30",
                "_end": "14:27:24",
                "data": {
                    "time": 154.221301
                }
            },
            {
                "time": {
                    "start": "2019-05-30T20:22:30.821Z",
                    "end": "2019-05-30T20:27:24.887Z"
                },
                "type": "SCRUB",
                "source": "data:drag",
                "_t": "14:22:30",
                "_end": "14:27:24",
                "data": {
                    "time": 154.221301
                }
            },
            {
                "time": "2019-05-30T20:27:24.892Z",
                "type": "JUMP",
                "source": "data:dblclick:h_pos",
                "_t": "14:27:24",
                "_end": "-",
                "data": {
                    "from": 154.221301,
                    "to": 134.5086280400813
                }
            },
            {
                "time": {
                    "start": "2019-05-30T20:22:30.821Z",
                    "end": "2019-05-30T20:27:25.380Z"
                },
                "type": "SCRUB",
                "source": "data:drag",
                "_t": "14:22:30",
                "_end": "14:27:25",
                "data": {
                    "time": 134.508628
                }
            },
            {
                "time": {
                    "start": "2019-05-30T20:22:30.821Z",
                    "end": "2019-05-30T20:27:25.596Z"
                },
                "type": "SCRUB",
                "source": "data:drag",
                "_t": "14:22:30",
                "_end": "14:27:25",
                "data": {
                    "time": 134.508628
                }
            },
            {
                "time": "2019-05-30T20:27:25.601Z",
                "type": "JUMP",
                "source": "data:dblclick:h_pos",
                "_t": "14:27:25",
                "_end": "-",
                "data": {
                    "from": 134.508628,
                    "to": 116.66910495934957
                }
            },
            {
                "time": {
                    "start": "2019-05-30T20:22:30.821Z",
                    "end": "2019-05-30T20:27:26.779Z"
                },
                "type": "SCRUB",
                "source": "data:drag",
                "_t": "14:22:30",
                "_end": "14:27:26",
                "data": {
                    "time": 116.669104
                }
            },
            {
                "time": {
                    "start": "2019-05-30T20:22:30.821Z",
                    "end": "2019-05-30T20:27:29.347Z"
                },
                "type": "SCRUB",
                "source": "data:drag",
                "_t": "14:22:30",
                "_end": "14:27:29",
                "data": {
                    "time": 116.669104
                }
            },
            {
                "time": "2019-05-30T20:27:31.525Z",
                "type": "PLAY",
                "source": "video:button",
                "_t": "14:27:31",
                "_end": "-"
            },
            {
                "time": {
                    "start": "2019-05-30T20:22:30.821Z",
                    "end": "2019-05-30T20:27:33.027Z"
                },
                "type": "SCRUB",
                "source": "data:drag",
                "_t": "14:22:30",
                "_end": "14:27:33",
                "data": {
                    "time": 119.547828
                }
            },
            {
                "time": {
                    "start": "2019-05-30T20:27:36.093Z",
                    "end": "2019-05-30T20:27:36.094Z"
                },
                "type": "SCRUB",
                "source": "video:drag",
                "_t": "14:27:36",
                "_end": "14:27:36",
                "data": {
                    "to": 174.372142,
                    "from": 125.671497
                }
            },
            {
                "time": "2019-05-30T20:27:39.010Z",
                "type": "PAUSE",
                "source": "video:button",
                "_t": "14:27:39",
                "_end": "-"
            },
            {
                "time": {
                    "start": "2019-05-30T20:22:30.821Z",
                    "end": "2019-05-30T20:27:39.903Z"
                },
                "type": "SCRUB",
                "source": "data:drag",
                "_t": "14:22:30",
                "_end": "14:27:39",
                "data": {
                    "time": 179.968773
                }
            },
            {
                "time": {
                    "start": "2019-05-30T20:22:30.821Z",
                    "end": "2019-05-30T20:27:40.083Z"
                },
                "type": "SCRUB",
                "source": "data:drag",
                "_t": "14:22:30",
                "_end": "14:27:40",
                "data": {
                    "time": 179.968773
                }
            },
            {
                "time": "2019-05-30T20:27:40.088Z",
                "type": "JUMP",
                "source": "data:dblclick:h_pos",
                "_t": "14:27:40",
                "_end": "-",
                "data": {
                    "from": 179.968773,
                    "to": 168.4622806387805
                }
            },
            {
                "time": {
                    "start": "2019-05-30T20:22:30.821Z",
                    "end": "2019-05-30T20:27:44.920Z"
                },
                "type": "SCRUB",
                "source": "data:drag",
                "_t": "14:22:30",
                "_end": "14:27:44",
                "data": {
                    "time": 168.46228
                }
            },
            {
                "time": {
                    "start": "2019-05-30T20:22:30.821Z",
                    "end": "2019-05-30T20:27:45.059Z"
                },
                "type": "SCRUB",
                "source": "data:drag",
                "_t": "14:22:30",
                "_end": "14:27:45",
                "data": {
                    "time": 168.46228
                }
            },
            {
                "time": {
                    "start": "2019-05-30T20:22:30.821Z",
                    "end": "2019-05-30T20:27:45.953Z"
                },
                "type": "SCRUB",
                "source": "data:drag",
                "_t": "14:22:30",
                "_end": "14:27:45",
                "data": {
                    "time": 168.46228
                }
            },
            {
                "time": "2019-05-30T20:27:46.996Z",
                "type": "PLAY",
                "source": "video:button",
                "_t": "14:27:46",
                "_end": "-"
            },
            {
                "time": "2019-05-30T20:27:52.883Z",
                "type": "PAUSE",
                "source": "video:button",
                "_t": "14:27:52",
                "_end": "-"
            },
            {
                "time": "2019-05-30T20:27:53.556Z",
                "type": "PLAY",
                "source": "video:button",
                "_t": "14:27:53",
                "_end": "-"
            },
            {
                "time": {
                    "start": "2019-05-30T20:22:30.821Z",
                    "end": "2019-05-30T20:27:55.323Z"
                },
                "type": "SCRUB",
                "source": "data:drag",
                "_t": "14:22:30",
                "_end": "14:27:55",
                "data": {
                    "time": 183.614161
                }
            },
            {
                "time": {
                    "start": "2019-05-30T20:22:30.821Z",
                    "end": "2019-05-30T20:27:55.483Z"
                },
                "type": "SCRUB",
                "source": "data:drag",
                "_t": "14:22:30",
                "_end": "14:27:55",
                "data": {
                    "time": 183.928353
                }
            },
            {
                "time": "2019-05-30T20:27:55.490Z",
                "type": "JUMP",
                "source": "data:dblclick:h_pos",
                "_t": "14:27:55",
                "_end": "-",
                "data": {
                    "from": 183.940929,
                    "to": 213.23704924747975
                }
            },
            {
                "time": {
                    "start": "2019-05-30T20:22:30.821Z",
                    "end": "2019-05-30T20:28:04.763Z"
                },
                "type": "SCRUB",
                "source": "data:drag",
                "_t": "14:22:30",
                "_end": "14:28:04",
                "data": {
                    "time": 231.530742
                }
            },
            {
                "time": {
                    "start": "2019-05-30T20:22:30.821Z",
                    "end": "2019-05-30T20:28:04.931Z"
                },
                "type": "SCRUB",
                "source": "data:drag",
                "_t": "14:22:30",
                "_end": "14:28:04",
                "data": {
                    "time": 231.855306
                }
            },
            {
                "time": "2019-05-30T20:28:04.937Z",
                "type": "JUMP",
                "source": "data:dblclick:h_pos",
                "_t": "14:28:04",
                "_end": "-",
                "data": {
                    "from": 231.867166,
                    "to": 261.0969646322764
                }
            },
            {
                "time": {
                    "start": "2019-05-30T20:22:30.821Z",
                    "end": "2019-05-30T20:28:07.654Z"
                },
                "type": "SCRUB",
                "source": "data:drag",
                "_t": "14:22:30",
                "_end": "14:28:07",
                "data": {
                    "time": 265.607314
                }
            },
            {
                "time": {
                    "start": "2019-05-30T20:22:30.821Z",
                    "end": "2019-05-30T20:28:07.771Z"
                },
                "type": "SCRUB",
                "source": "data:drag",
                "_t": "14:22:30",
                "_end": "14:28:07",
                "data": {
                    "time": 265.84416
                }
            },
            {
                "time": "2019-05-30T20:28:07.777Z",
                "type": "JUMP",
                "source": "data:dblclick:h_pos",
                "_t": "14:28:07",
                "_end": "-",
                "data": {
                    "from": 265.854234,
                    "to": 287.6519311856098
                }
            },
            {
                "time": {
                    "start": "2019-05-30T20:22:30.821Z",
                    "end": "2019-05-30T20:28:10.386Z"
                },
                "type": "SCRUB",
                "source": "data:drag",
                "_t": "14:22:30",
                "_end": "14:28:10",
                "data": {
                    "time": 291.679735
                }
            },
            {
                "time": {
                    "start": "2019-05-30T20:22:30.821Z",
                    "end": "2019-05-30T20:28:10.615Z"
                },
                "type": "SCRUB",
                "source": "data:drag",
                "_t": "14:22:30",
                "_end": "14:28:10",
                "data": {
                    "time": 292.138299
                }
            },
            {
                "time": "2019-05-30T20:28:10.617Z",
                "type": "JUMP",
                "source": "data:dblclick:h_pos",
                "_t": "14:28:10",
                "_end": "-",
                "data": {
                    "from": 292.142069,
                    "to": 314.7201968768293
                }
            },
            {
                "time": {
                    "start": "2019-05-30T20:22:30.821Z",
                    "end": "2019-05-30T20:28:12.765Z"
                },
                "type": "SCRUB",
                "source": "data:drag",
                "_t": "14:22:30",
                "_end": "14:28:12",
                "data": {
                    "time": 317.804446
                }
            },
            {
                "time": {
                    "start": "2019-05-30T20:22:30.821Z",
                    "end": "2019-05-30T20:28:12.991Z"
                },
                "type": "SCRUB",
                "source": "data:drag",
                "_t": "14:22:30",
                "_end": "14:28:12",
                "data": {
                    "time": 318.262341
                }
            },
            {
                "time": "2019-05-30T20:28:12.994Z",
                "type": "JUMP",
                "source": "data:dblclick:h_pos",
                "_t": "14:28:12",
                "_end": "-",
                "data": {
                    "from": 318.268079,
                    "to": 355.79235623097566
                }
            },
            {
                "time": {
                    "start": "2019-05-30T20:22:30.821Z",
                    "end": "2019-05-30T20:28:16.774Z"
                },
                "type": "SCRUB",
                "source": "data:drag",
                "_t": "14:22:30",
                "_end": "14:28:16",
                "data": {
                    "time": 362.060298
                }
            },
            {
                "time": {
                    "start": "2019-05-30T20:22:30.821Z",
                    "end": "2019-05-30T20:28:16.953Z"
                },
                "type": "SCRUB",
                "source": "data:drag",
                "_t": "14:22:30",
                "_end": "14:28:16",
                "data": {
                    "time": 362.413184
                }
            },
            {
                "time": "2019-05-30T20:28:16.956Z",
                "type": "JUMP",
                "source": "data:dblclick:h_pos",
                "_t": "14:28:16",
                "_end": "-",
                "data": {
                    "from": 362.417716,
                    "to": 442.8359557589432
                }
            },
            {
                "time": "2019-05-30T20:28:20.780Z",
                "type": "PAUSE",
                "source": "video:button",
                "_t": "14:28:20",
                "_end": "-"
            },
            {
                "time": {
                    "start": "2019-05-30T20:22:30.821Z",
                    "end": "2019-05-30T20:28:22.937Z"
                },
                "type": "SCRUB",
                "source": "data:drag",
                "_t": "14:22:30",
                "_end": "14:28:22",
                "data": {
                    "time": 448.574277
                }
            },
            {
                "time": {
                    "start": "2019-05-30T20:22:30.821Z",
                    "end": "2019-05-30T20:28:23.084Z"
                },
                "type": "SCRUB",
                "source": "data:drag",
                "_t": "14:22:30",
                "_end": "14:28:23",
                "data": {
                    "time": 448.574277
                }
            },
            {
                "time": "2019-05-30T20:28:23.086Z",
                "type": "JUMP",
                "source": "data:dblclick:h_pos",
                "_t": "14:28:23",
                "_end": "-",
                "data": {
                    "from": 448.574277,
                    "to": 442.4196415509756
                }
            },
            {
                "time": {
                    "start": "2019-05-30T20:22:30.821Z",
                    "end": "2019-05-30T20:28:26.126Z"
                },
                "type": "SCRUB",
                "source": "data:drag",
                "_t": "14:22:30",
                "_end": "14:28:26",
                "data": {
                    "time": 442.419641
                }
            },
            {
                "time": {
                    "start": "2019-05-30T20:22:30.821Z",
                    "end": "2019-05-30T20:28:27.554Z"
                },
                "type": "SCRUB",
                "source": "data:drag",
                "_t": "14:22:30",
                "_end": "14:28:27",
                "data": {
                    "time": 442.419641
                }
            },
            {
                "time": {
                    "start": "2019-05-30T20:22:30.821Z",
                    "end": "2019-05-30T20:28:27.686Z"
                },
                "type": "SCRUB",
                "source": "data:drag",
                "_t": "14:22:30",
                "_end": "14:28:27",
                "data": {
                    "time": 442.419641
                }
            },
            {
                "time": "2019-05-30T20:28:27.690Z",
                "type": "JUMP",
                "source": "data:dblclick:h_pos",
                "_t": "14:28:27",
                "_end": "-",
                "data": {
                    "from": 442.419641,
                    "to": 492.63789835943095
                }
            }
        ]
    }
}