{
    "user_id": "bronze2",
    "session_id": "5d7fdf7a81249f67dd06adcf",
    "study": "studyE",
    "workspace": "drywall.drywall-blue",
    "details": {
        "workspace": "drywall.drywall-blue",
        "labels": [
            {
                "time": 282.266314,
                "endTime": 294.8431773058535,
                "type": "measuring",
                "id": 1
            }
        ],
        "_starts": [
            "2019-09-16T19:25:24.000Z"
        ],
        "_ends": [
            "2019-09-16T19:28:52.879Z"
        ]
    },
    "labels_file": "/home/ubuntu/vat/data/user-studies/studyE/drywall-blue/bronze2.labels.json",
    "videoFlash": 14.917947,
    "surveys": {
        "user-info": {
            "firstname": "Austin",
            "lastname": "Schmidt",
            "email": "scubaaustin16@hotmail.com"
        },
        "practice-first": {
            "question1": "1",
            "question2": "okay",
            "question3": "90",
            "question4": "3"
        },
        "practice-second": {},
        "practice-third": {},
        "practice-survey": {}
    },
    "logs": {
        "labelEvents": [
            {
                "time": "2019-09-16T19:27:12.334Z",
                "type": "START",
                "source": "side-bar:button",
                "_t": "13:27:12",
                "_end": "-",
                "data": {
                    "type": "measuring",
                    "time": 282.266314
                }
            },
            {
                "time": "2019-09-16T19:27:28.667Z",
                "type": "END",
                "source": "hotkey:h_pos",
                "_t": "13:27:28",
                "_end": "-",
                "data": {
                    "lbl": {
                        "time": 282.266314,
                        "endTime": 294.8431773058535,
                        "type": "measuring",
                        "id": 1
                    },
                    "key": "enter"
                }
            }
        ],
        "navigationEvents": [
            {
                "time": "2019-09-16T19:26:04.991Z",
                "type": "PLAY",
                "source": "video:button",
                "_t": "13:26:04",
                "_end": "-"
            },
            {
                "time": "2019-09-16T19:26:06.321Z",
                "type": "PAUSE",
                "source": "video:button",
                "_t": "13:26:06",
                "_end": "-"
            },
            {
                "time": {
                    "start": "2019-09-16T19:25:24.441Z",
                    "end": "2019-09-16T19:26:14.912Z"
                },
                "type": "SCRUB",
                "source": "data:drag",
                "_t": "13:25:24",
                "_end": "13:26:14",
                "data": {
                    "time": 46.60092637170746
                }
            },
            {
                "time": {
                    "start": "2019-09-16T19:25:24.441Z",
                    "end": "2019-09-16T19:26:17.492Z"
                },
                "type": "SCRUB",
                "source": "data:drag",
                "_t": "13:25:24",
                "_end": "13:26:17",
                "data": {
                    "time": 68.45434170487778
                }
            },
            {
                "time": {
                    "start": "2019-09-16T19:25:24.441Z",
                    "end": "2019-09-16T19:26:19.334Z"
                },
                "type": "SCRUB",
                "source": "data:drag",
                "_t": "13:25:24",
                "_end": "13:26:19",
                "data": {
                    "time": 82.993553
                }
            },
            {
                "time": {
                    "start": "2019-09-16T19:26:20.610Z",
                    "end": "2019-09-16T19:26:20.949Z"
                },
                "type": "SCRUB",
                "source": "video:drag",
                "_t": "13:26:20",
                "_end": "13:26:20",
                "data": {
                    "to": 100.853077,
                    "from": 82.993553
                }
            },
            {
                "time": {
                    "start": "2019-09-16T19:26:21.608Z",
                    "end": "2019-09-16T19:26:25.910Z"
                },
                "type": "SCRUB",
                "source": "video:drag",
                "_t": "13:26:21",
                "_end": "13:26:25",
                "data": {
                    "to": 105.565837,
                    "from": 100.853077
                }
            },
            {
                "time": {
                    "start": "2019-09-16T19:25:24.441Z",
                    "end": "2019-09-16T19:26:44.275Z"
                },
                "type": "SCRUB",
                "source": "data:drag",
                "_t": "13:25:24",
                "_end": "13:26:44",
                "data": {
                    "time": 140.35290689755948
                }
            },
            {
                "time": {
                    "start": "2019-09-16T19:25:24.441Z",
                    "end": "2019-09-16T19:26:47.064Z"
                },
                "type": "SCRUB",
                "source": "data:drag",
                "_t": "13:25:24",
                "_end": "13:26:47",
                "data": {
                    "time": 176.1211506638973
                }
            },
            {
                "time": {
                    "start": "2019-09-16T19:25:24.441Z",
                    "end": "2019-09-16T19:26:48.428Z"
                },
                "type": "SCRUB",
                "source": "data:drag",
                "_t": "13:25:24",
                "_end": "13:26:48",
                "data": {
                    "time": 188.51961950194746
                }
            },
            {
                "time": {
                    "start": "2019-09-16T19:25:24.441Z",
                    "end": "2019-09-16T19:26:49.110Z"
                },
                "type": "SCRUB",
                "source": "data:drag",
                "_t": "13:25:24",
                "_end": "13:26:49",
                "data": {
                    "time": 206.35914302439048
                }
            },
            {
                "time": {
                    "start": "2019-09-16T19:25:24.441Z",
                    "end": "2019-09-16T19:26:57.720Z"
                },
                "type": "SCRUB",
                "source": "data:drag",
                "_t": "13:25:24",
                "_end": "13:26:57",
                "data": {
                    "time": 240.25423674634152
                }
            },
            {
                "time": {
                    "start": "2019-09-16T19:25:24.441Z",
                    "end": "2019-09-16T19:27:00.289Z"
                },
                "type": "SCRUB",
                "source": "data:drag",
                "_t": "13:25:24",
                "_end": "13:27:00",
                "data": {
                    "time": 265.3187668492619
                }
            },
            {
                "time": {
                    "start": "2019-09-16T19:25:24.441Z",
                    "end": "2019-09-16T19:27:11.212Z"
                },
                "type": "SCRUB",
                "source": "data:drag",
                "_t": "13:25:24",
                "_end": "13:27:11",
                "data": {
                    "time": 282.266314
                }
            },
            {
                "time": {
                    "start": "2019-09-16T19:25:24.441Z",
                    "end": "2019-09-16T19:27:21.264Z"
                },
                "type": "SCRUB",
                "source": "data:drag",
                "_t": "13:25:24",
                "_end": "13:27:21",
                "data": {
                    "time": 292.613237
                }
            },
            {
                "time": {
                    "start": "2019-09-16T19:25:24.441Z",
                    "end": "2019-09-16T19:27:23.483Z"
                },
                "type": "SCRUB",
                "source": "data:drag",
                "_t": "13:25:24",
                "_end": "13:27:23",
                "data": {
                    "time": 293.594411
                }
            },
            {
                "time": {
                    "start": "2019-09-16T19:25:24.441Z",
                    "end": "2019-09-16T19:27:24.638Z"
                },
                "type": "SCRUB",
                "source": "data:drag",
                "_t": "13:25:24",
                "_end": "13:27:24",
                "data": {
                    "time": 294.218794
                }
            },
            {
                "time": {
                    "start": "2019-09-16T19:25:24.441Z",
                    "end": "2019-09-16T19:27:28.042Z"
                },
                "type": "SCRUB",
                "source": "data:drag",
                "_t": "13:25:24",
                "_end": "13:27:28",
                "data": {
                    "time": 294.932375
                }
            },
            {
                "time": {
                    "start": "2019-09-16T19:25:24.441Z",
                    "end": "2019-09-16T19:27:33.488Z"
                },
                "type": "SCRUB",
                "source": "data:drag",
                "_t": "13:25:24",
                "_end": "13:27:33",
                "data": {
                    "time": 308.9364004951172
                }
            },
            {
                "time": {
                    "start": "2019-09-16T19:25:24.441Z",
                    "end": "2019-09-16T19:27:37.120Z"
                },
                "type": "SCRUB",
                "source": "data:drag",
                "_t": "13:25:24",
                "_end": "13:27:37",
                "data": {
                    "time": 317.945359
                }
            },
            {
                "time": {
                    "start": "2019-09-16T19:25:24.441Z",
                    "end": "2019-09-16T19:27:42.259Z"
                },
                "type": "SCRUB",
                "source": "data:drag",
                "_t": "13:25:24",
                "_end": "13:27:42",
                "data": {
                    "time": 334.625313
                }
            },
            {
                "time": {
                    "start": "2019-09-16T19:25:24.441Z",
                    "end": "2019-09-16T19:27:47.736Z"
                },
                "type": "SCRUB",
                "source": "data:drag",
                "_t": "13:25:24",
                "_end": "13:27:47",
                "data": {
                    "time": 364.7741069112048
                }
            },
            {
                "time": {
                    "start": "2019-09-16T19:25:24.441Z",
                    "end": "2019-09-16T19:27:52.674Z"
                },
                "type": "SCRUB",
                "source": "data:drag",
                "_t": "13:25:24",
                "_end": "13:27:52",
                "data": {
                    "time": 381.6324562580534
                }
            },
            {
                "time": {
                    "start": "2019-09-16T19:25:24.441Z",
                    "end": "2019-09-16T19:27:55.971Z"
                },
                "type": "SCRUB",
                "source": "data:drag",
                "_t": "13:25:24",
                "_end": "13:27:55",
                "data": {
                    "time": 396.528458
                }
            },
            {
                "time": {
                    "start": "2019-09-16T19:25:24.441Z",
                    "end": "2019-09-16T19:27:58.303Z"
                },
                "type": "SCRUB",
                "source": "data:drag",
                "_t": "13:25:24",
                "_end": "13:27:58",
                "data": {
                    "time": 417.4006999385236
                }
            },
            {
                "time": {
                    "start": "2019-09-16T19:25:24.441Z",
                    "end": "2019-09-16T19:28:00.046Z"
                },
                "type": "SCRUB",
                "source": "data:drag",
                "_t": "13:25:24",
                "_end": "13:28:00",
                "data": {
                    "time": 443.00041553998074
                }
            },
            {
                "time": {
                    "start": "2019-09-16T19:25:24.441Z",
                    "end": "2019-09-16T19:28:01.491Z"
                },
                "type": "SCRUB",
                "source": "data:drag",
                "_t": "13:25:24",
                "_end": "13:28:01",
                "data": {
                    "time": 464.318646014151
                }
            },
            {
                "time": {
                    "start": "2019-09-16T19:25:24.441Z",
                    "end": "2019-09-16T19:28:06.269Z"
                },
                "type": "SCRUB",
                "source": "data:drag",
                "_t": "13:25:24",
                "_end": "13:28:06",
                "data": {
                    "time": 485.19088793854235
                }
            },
            {
                "time": {
                    "start": "2019-09-16T19:25:24.441Z",
                    "end": "2019-09-16T19:28:07.686Z"
                },
                "type": "SCRUB",
                "source": "data:drag",
                "_t": "13:25:24",
                "_end": "13:28:07",
                "data": {
                    "time": 494.55663758777655
                }
            },
            {
                "time": {
                    "start": "2019-09-16T19:25:24.441Z",
                    "end": "2019-09-16T19:28:08.833Z"
                },
                "type": "SCRUB",
                "source": "data:drag",
                "_t": "13:25:24",
                "_end": "13:28:08",
                "data": {
                    "time": 515.6072751687864
                }
            },
            {
                "time": {
                    "start": "2019-09-16T19:25:24.441Z",
                    "end": "2019-09-16T19:28:11.036Z"
                },
                "type": "SCRUB",
                "source": "data:drag",
                "_t": "13:25:24",
                "_end": "13:28:11",
                "data": {
                    "time": 534.427972
                }
            },
            {
                "time": {
                    "start": "2019-09-16T19:25:24.441Z",
                    "end": "2019-09-16T19:28:12.342Z"
                },
                "type": "SCRUB",
                "source": "data:drag",
                "_t": "13:25:24",
                "_end": "13:28:12",
                "data": {
                    "time": 549.5915663614727
                }
            },
            {
                "time": {
                    "start": "2019-09-16T19:25:24.441Z",
                    "end": "2019-09-16T19:28:15.118Z"
                },
                "type": "SCRUB",
                "source": "data:drag",
                "_t": "13:25:24",
                "_end": "13:28:15",
                "data": {
                    "time": 574.3885030039094
                }
            },
            {
                "time": {
                    "start": "2019-09-16T19:25:24.441Z",
                    "end": "2019-09-16T19:28:17.047Z"
                },
                "type": "SCRUB",
                "source": "data:drag",
                "_t": "13:25:24",
                "_end": "13:28:17",
                "data": {
                    "time": 583.6650549726854
                }
            },
            {
                "time": {
                    "start": "2019-09-16T19:25:24.441Z",
                    "end": "2019-09-16T19:28:18.025Z"
                },
                "type": "SCRUB",
                "source": "data:drag",
                "_t": "13:25:24",
                "_end": "13:28:18",
                "data": {
                    "time": 596.0635235019547
                }
            },
            {
                "time": {
                    "start": "2019-09-16T19:25:24.441Z",
                    "end": "2019-09-16T19:28:22.279Z"
                },
                "type": "SCRUB",
                "source": "data:drag",
                "_t": "13:25:24",
                "_end": "13:28:22",
                "data": {
                    "time": 639.3243673341583
                }
            },
            {
                "time": {
                    "start": "2019-09-16T19:25:24.441Z",
                    "end": "2019-09-16T19:28:23.253Z"
                },
                "type": "SCRUB",
                "source": "data:drag",
                "_t": "13:25:24",
                "_end": "13:28:23",
                "data": {
                    "time": 664.834884924885
                }
            },
            {
                "time": {
                    "start": "2019-09-16T19:25:24.441Z",
                    "end": "2019-09-16T19:28:23.874Z"
                },
                "type": "SCRUB",
                "source": "data:drag",
                "_t": "13:25:24",
                "_end": "13:28:23",
                "data": {
                    "time": 693.378121839059
                }
            },
            {
                "time": {
                    "start": "2019-09-16T19:25:24.441Z",
                    "end": "2019-09-16T19:28:24.659Z"
                },
                "type": "SCRUB",
                "source": "data:drag",
                "_t": "13:25:24",
                "_end": "13:28:24",
                "data": {
                    "time": 707.4713451892721
                }
            },
            {
                "time": {
                    "start": "2019-09-16T19:25:24.441Z",
                    "end": "2019-09-16T19:28:25.253Z"
                },
                "type": "SCRUB",
                "source": "data:drag",
                "_t": "13:25:24",
                "_end": "13:28:25",
                "data": {
                    "time": 729.2355630897621
                }
            },
            {
                "time": {
                    "start": "2019-09-16T19:25:24.441Z",
                    "end": "2019-09-16T19:28:25.960Z"
                },
                "type": "SCRUB",
                "source": "data:drag",
                "_t": "13:25:24",
                "_end": "13:28:25",
                "data": {
                    "time": 741.4556362716141
                }
            },
            {
                "time": {
                    "start": "2019-09-16T19:25:24.441Z",
                    "end": "2019-09-16T19:28:26.637Z"
                },
                "type": "SCRUB",
                "source": "data:drag",
                "_t": "13:25:24",
                "_end": "13:28:26",
                "data": {
                    "time": 758.3139852580534
                }
            },
            {
                "time": {
                    "start": "2019-09-16T19:25:24.441Z",
                    "end": "2019-09-16T19:28:27.240Z"
                },
                "type": "SCRUB",
                "source": "data:drag",
                "_t": "13:25:24",
                "_end": "13:28:27",
                "data": {
                    "time": 780.613388780494
                }
            },
            {
                "time": {
                    "start": "2019-09-16T19:25:24.441Z",
                    "end": "2019-09-16T19:28:27.951Z"
                },
                "type": "SCRUB",
                "source": "data:drag",
                "_t": "13:25:24",
                "_end": "13:28:27",
                "data": {
                    "time": 788.9979648214656
                }
            },
            {
                "time": {
                    "start": "2019-09-16T19:25:24.441Z",
                    "end": "2019-09-16T19:28:28.832Z"
                },
                "type": "SCRUB",
                "source": "data:drag",
                "_t": "13:25:24",
                "_end": "13:28:28",
                "data": {
                    "time": 805.3211285672138
                }
            },
            {
                "time": {
                    "start": "2019-09-16T19:25:24.441Z",
                    "end": "2019-09-16T19:28:29.385Z"
                },
                "type": "SCRUB",
                "source": "data:drag",
                "_t": "13:25:24",
                "_end": "13:28:29",
                "data": {
                    "time": 829.0476946224458
                }
            },
            {
                "time": {
                    "start": "2019-09-16T19:25:24.441Z",
                    "end": "2019-09-16T19:28:30.091Z"
                },
                "type": "SCRUB",
                "source": "data:drag",
                "_t": "13:25:24",
                "_end": "13:28:30",
                "data": {
                    "time": 848.7603675644025
                }
            },
            {
                "time": {
                    "start": "2019-09-16T19:25:24.441Z",
                    "end": "2019-09-16T19:28:37.099Z"
                },
                "type": "SCRUB",
                "source": "data:drag",
                "_t": "13:25:24",
                "_end": "13:28:37",
                "data": {
                    "time": 921.7240171696752
                }
            },
            {
                "time": {
                    "start": "2019-09-16T19:25:24.441Z",
                    "end": "2019-09-16T19:28:38.960Z"
                },
                "type": "SCRUB",
                "source": "data:drag",
                "_t": "13:25:24",
                "_end": "13:28:38",
                "data": {
                    "time": 967.4823935575736
                }
            },
            {
                "time": {
                    "start": "2019-09-16T19:25:24.441Z",
                    "end": "2019-09-16T19:28:40.509Z"
                },
                "type": "SCRUB",
                "source": "data:drag",
                "_t": "13:25:24",
                "_end": "13:28:40",
                "data": {
                    "time": 991.4765524678223
                }
            },
            {
                "time": {
                    "start": "2019-09-16T19:25:24.441Z",
                    "end": "2019-09-16T19:28:41.724Z"
                },
                "type": "SCRUB",
                "source": "data:drag",
                "_t": "13:25:24",
                "_end": "13:28:41",
                "data": {
                    "time": 1003.8750205019284
                }
            },
            {
                "time": {
                    "start": "2019-09-16T19:25:24.441Z",
                    "end": "2019-09-16T19:28:42.459Z"
                },
                "type": "SCRUB",
                "source": "data:drag",
                "_t": "13:25:24",
                "_end": "13:28:42",
                "data": {
                    "time": 1016.8086751927639
                }
            },
            {
                "time": {
                    "start": "2019-09-16T19:25:24.441Z",
                    "end": "2019-09-16T19:28:43.222Z"
                },
                "type": "SCRUB",
                "source": "data:drag",
                "_t": "13:25:24",
                "_end": "13:28:43",
                "data": {
                    "time": 1028.315167350783
                }
            },
            {
                "time": {
                    "start": "2019-09-16T19:25:24.441Z",
                    "end": "2019-09-16T19:28:44.157Z"
                },
                "type": "SCRUB",
                "source": "data:drag",
                "_t": "13:25:24",
                "_end": "13:28:44",
                "data": {
                    "time": 1041.7840068833898
                }
            },
            {
                "time": {
                    "start": "2019-09-16T19:25:24.441Z",
                    "end": "2019-09-16T19:28:44.986Z"
                },
                "type": "SCRUB",
                "source": "data:drag",
                "_t": "13:25:24",
                "_end": "13:28:44",
                "data": {
                    "time": 1050.8821637424935
                }
            },
            {
                "time": {
                    "start": "2019-09-16T19:25:24.441Z",
                    "end": "2019-09-16T19:28:46.207Z"
                },
                "type": "SCRUB",
                "source": "data:drag",
                "_t": "13:25:24",
                "_end": "13:28:46",
                "data": {
                    "time": 1068.275698948716
                }
            },
            {
                "time": {
                    "start": "2019-09-16T19:25:24.441Z",
                    "end": "2019-09-16T19:28:47.157Z"
                },
                "type": "SCRUB",
                "source": "data:drag",
                "_t": "13:25:24",
                "_end": "13:28:47",
                "data": {
                    "time": 1084.5096649521997
                }
            },
            {
                "time": {
                    "start": "2019-09-16T19:25:24.441Z",
                    "end": "2019-09-16T19:28:48.250Z"
                },
                "type": "SCRUB",
                "source": "data:drag",
                "_t": "13:25:24",
                "_end": "13:28:48",
                "data": {
                    "time": 1097.130666
                }
            },
            {
                "time": {
                    "start": "2019-09-16T19:25:24.441Z",
                    "end": "2019-09-16T19:28:49.263Z"
                },
                "type": "SCRUB",
                "source": "data:drag",
                "_t": "13:25:24",
                "_end": "13:28:49",
                "data": {
                    "time": 1094.722330391761
                }
            },
            {
                "time": {
                    "start": "2019-09-16T19:25:24.441Z",
                    "end": "2019-09-16T19:28:49.888Z"
                },
                "type": "SCRUB",
                "source": "data:drag",
                "_t": "13:25:24",
                "_end": "13:28:49",
                "data": {
                    "time": 1085.9809637180465
                }
            }
        ]
    }
}