{
    "user_id": "green2",
    "session_id": "5d32237581249f67dd06ab93",
    "study": "studyE",
    "workspace": "drywall.drywall-blue",
    "details": {
        "workspace": "drywall.drywall-blue",
        "labels": [
            {
                "time": 112.98333599999974,
                "endTime": 129.39569719739842,
                "type": "measuring",
                "id": 1
            }
        ],
        "_starts": [
            "2019-07-19T20:19:15.000Z"
        ],
        "_ends": [
            "2019-07-19T20:23:07.454Z"
        ]
    },
    "labels_file": "/home/ubuntu/vat/data/user-studies/studyE/drywall-blue/green2.labels.json",
    "videoFlash": 14.917947,
    "surveys": {
        "user-info": {
            "firstname": "Victoria",
            "lastname": "Santore-Tovar",
            "email": "vsantoretovar@gmail.com"
        },
        "practice-first": {
            "question1": "5",
            "question2": "ok",
            "question3": "10",
            "question4": "4"
        },
        "practice-second": {},
        "practice-third": {},
        "practice-survey": {}
    },
    "logs": {
        "labelEvents": [
            {
                "time": "2019-07-19T20:21:46.588Z",
                "type": "START",
                "source": "side-bar:button",
                "_t": "14:21:46",
                "_end": "-",
                "data": {
                    "type": "measuring",
                    "time": 112.983336
                }
            },
            {
                "time": "2019-07-19T20:21:49.104Z",
                "type": "END",
                "source": "data:click:h_pos",
                "_t": "14:21:49",
                "_end": "-",
                "data": {
                    "lbl": {
                        "time": 112.98333599999974,
                        "endTime": 129.39569719739842,
                        "type": "measuring",
                        "id": 1
                    }
                }
            },
            {
                "time": "2019-07-19T20:22:52.183Z",
                "type": "SELECT",
                "source": "data:click",
                "_t": "14:22:52",
                "_end": "-",
                "data": {
                    "time": 112.98333599999974,
                    "endTime": 129.39569719739842,
                    "type": "measuring",
                    "id": 1
                }
            },
            {
                "time": {
                    "start": "2019-07-19T20:22:54.000Z",
                    "end": "2019-07-19T20:22:57.036Z"
                },
                "type": "RESIZE",
                "source": "data:brush",
                "_t": "14:22:54",
                "_end": "14:22:57",
                "data": {
                    "brushing": true,
                    "origin": [
                        112.983336,
                        132.69600895991871
                    ],
                    "_brushside": 1,
                    "start": "2019-07-19T20:22:54.000Z",
                    "ε": 0.1,
                    "mode": "resize"
                }
            },
            {
                "time": "2019-07-19T20:23:07.457Z",
                "type": "START",
                "source": "side-bar:button",
                "_t": "14:23:07",
                "_end": "-",
                "data": {
                    "type": "measuring",
                    "time": 159.156125
                }
            }
        ],
        "navigationEvents": [
            {
                "time": {
                    "start": "2019-07-19T20:20:18.433Z",
                    "end": "2019-07-19T20:20:18.481Z"
                },
                "type": "SCRUB",
                "source": "video:drag",
                "_t": "14:20:18",
                "_end": "14:20:18",
                "data": {
                    "to": 45.242501,
                    "from": 23.144081
                }
            },
            {
                "time": {
                    "start": "2019-07-19T20:20:20.247Z",
                    "end": "2019-07-19T20:20:21.571Z"
                },
                "type": "SCRUB",
                "source": "video:drag",
                "_t": "14:20:20",
                "_end": "14:20:21",
                "data": {
                    "to": 178.14235,
                    "from": 46.453962
                }
            },
            {
                "time": {
                    "start": "2019-07-19T20:20:23.981Z",
                    "end": "2019-07-19T20:20:24.065Z"
                },
                "type": "SCRUB",
                "source": "video:drag",
                "_t": "14:20:23",
                "_end": "14:20:24",
                "data": {
                    "to": 72.576513,
                    "from": 179.977287
                }
            },
            {
                "time": {
                    "start": "2019-07-19T20:20:26.669Z",
                    "end": "2019-07-19T20:20:26.737Z"
                },
                "type": "SCRUB",
                "source": "video:drag",
                "_t": "14:20:26",
                "_end": "14:20:26",
                "data": {
                    "to": 84.82969,
                    "from": 74.736276
                }
            },
            {
                "time": {
                    "start": "2019-07-19T20:20:28.548Z",
                    "end": "2019-07-19T20:20:35.898Z"
                },
                "type": "SCRUB",
                "source": "video:drag",
                "_t": "14:20:28",
                "_end": "14:20:35",
                "data": {
                    "to": 105.565837,
                    "from": 86.543297
                }
            },
            {
                "time": "2019-07-19T20:20:37.212Z",
                "type": "PAUSE",
                "source": "video:button",
                "_t": "14:20:37",
                "_end": "-"
            },
            {
                "time": "2019-07-19T20:20:39.491Z",
                "type": "CHANGE-PLAYBACK-RATE",
                "source": "video:menu",
                "_t": "14:20:39",
                "_end": "-",
                "data": {
                    "oldRate": 1,
                    "newRate": 0.25
                }
            },
            {
                "time": {
                    "start": "2019-07-19T20:20:41.437Z",
                    "end": "2019-07-19T20:20:41.545Z"
                },
                "type": "SCRUB",
                "source": "video:drag",
                "_t": "14:20:41",
                "_end": "14:20:41",
                "data": {
                    "to": 94.255211,
                    "from": 106.789286
                }
            },
            {
                "time": "2019-07-19T20:20:42.101Z",
                "type": "PLAY",
                "source": "video:button",
                "_t": "14:20:42",
                "_end": "-"
            },
            {
                "time": {
                    "start": "2019-07-19T20:20:44.445Z",
                    "end": "2019-07-19T20:20:44.529Z"
                },
                "type": "SCRUB",
                "source": "video:drag",
                "_t": "14:20:44",
                "_end": "14:20:44",
                "data": {
                    "to": 103.680733,
                    "from": 94.819528
                }
            },
            {
                "time": {
                    "start": "2019-07-19T20:20:50.670Z",
                    "end": "2019-07-19T20:20:54.626Z"
                },
                "type": "SCRUB",
                "source": "video:drag",
                "_t": "14:20:50",
                "_end": "14:20:54",
                "data": {
                    "to": 133.8424,
                    "from": 105.192339
                }
            },
            {
                "time": "2019-07-19T20:20:55.200Z",
                "type": "PAUSE",
                "source": "video:button",
                "_t": "14:20:55",
                "_end": "-"
            },
            {
                "time": "2019-07-19T20:20:55.852Z",
                "type": "PLAY",
                "source": "video:button",
                "_t": "14:20:55",
                "_end": "-"
            },
            {
                "time": {
                    "start": "2019-07-19T20:20:57.989Z",
                    "end": "2019-07-19T20:20:58.089Z"
                },
                "type": "SCRUB",
                "source": "video:drag",
                "_t": "14:20:57",
                "_end": "14:20:58",
                "data": {
                    "to": 125.359431,
                    "from": 134.496577
                }
            },
            {
                "time": {
                    "start": "2019-07-19T20:21:02.175Z",
                    "end": "2019-07-19T20:21:02.176Z"
                },
                "type": "SCRUB",
                "source": "video:drag",
                "_t": "14:21:02",
                "_end": "14:21:02",
                "data": {
                    "to": 114.991358,
                    "from": 126.350833
                }
            },
            {
                "time": {
                    "start": "2019-07-19T20:21:04.957Z",
                    "end": "2019-07-19T20:21:05.017Z"
                },
                "type": "SCRUB",
                "source": "video:drag",
                "_t": "14:21:04",
                "_end": "14:21:05",
                "data": {
                    "to": 99.910524,
                    "from": 115.592136
                }
            },
            {
                "time": {
                    "start": "2019-07-19T20:21:36.710Z",
                    "end": "2019-07-19T20:21:36.803Z"
                },
                "type": "SCRUB",
                "source": "video:drag",
                "_t": "14:21:36",
                "_end": "14:21:36",
                "data": {
                    "to": 111.22115,
                    "from": 107.778128
                }
            },
            {
                "time": "2019-07-19T20:21:43.935Z",
                "type": "PAUSE",
                "source": "video:button",
                "_t": "14:21:43",
                "_end": "-"
            },
            {
                "time": {
                    "start": "2019-07-19T20:19:15.103Z",
                    "end": "2019-07-19T20:21:49.100Z"
                },
                "type": "SCRUB",
                "source": "data:drag",
                "_t": "14:19:15",
                "_end": "14:21:49",
                "data": {
                    "time": 112.983336
                }
            },
            {
                "time": "2019-07-19T20:21:50.421Z",
                "type": "PLAY",
                "source": "video:button",
                "_t": "14:21:50",
                "_end": "-"
            },
            {
                "time": {
                    "start": "2019-07-19T20:22:34.737Z",
                    "end": "2019-07-19T20:22:34.788Z"
                },
                "type": "SCRUB",
                "source": "video:drag",
                "_t": "14:22:34",
                "_end": "14:22:34",
                "data": {
                    "to": 133.8424,
                    "from": 124.06496
                }
            },
            {
                "time": {
                    "start": "2019-07-19T20:22:36.526Z",
                    "end": "2019-07-19T20:22:36.598Z"
                },
                "type": "SCRUB",
                "source": "video:drag",
                "_t": "14:22:36",
                "_end": "14:22:36",
                "data": {
                    "to": 126.301984,
                    "from": 134.24866
                }
            },
            {
                "time": {
                    "start": "2019-07-19T20:19:15.103Z",
                    "end": "2019-07-19T20:22:37.907Z"
                },
                "type": "SCRUB",
                "source": "data:drag",
                "_t": "14:19:15",
                "_end": "14:22:37",
                "data": {
                    "time": 126.607213
                }
            },
            {
                "time": {
                    "start": "2019-07-19T20:19:15.103Z",
                    "end": "2019-07-19T20:22:49.075Z"
                },
                "type": "SCRUB",
                "source": "data:drag",
                "_t": "14:19:15",
                "_end": "14:22:49",
                "data": {
                    "time": 129.356849
                }
            },
            {
                "time": "2019-07-19T20:22:49.542Z",
                "type": "PAUSE",
                "source": "video:button",
                "_t": "14:22:49",
                "_end": "-"
            },
            {
                "time": {
                    "start": "2019-07-19T20:19:15.103Z",
                    "end": "2019-07-19T20:22:52.179Z"
                },
                "type": "SCRUB",
                "source": "data:drag",
                "_t": "14:19:15",
                "_end": "14:22:52",
                "data": {
                    "time": 129.474773
                }
            },
            {
                "time": {
                    "start": "2019-07-19T20:19:15.103Z",
                    "end": "2019-07-19T20:22:57.059Z"
                },
                "type": "SCRUB",
                "source": "data:drag",
                "_t": "14:19:15",
                "_end": "14:22:57",
                "data": {
                    "time": 129.474773
                }
            },
            {
                "time": "2019-07-19T20:22:58.374Z",
                "type": "PLAY",
                "source": "video:button",
                "_t": "14:22:58",
                "_end": "-"
            },
            {
                "time": {
                    "start": "2019-07-19T20:22:59.863Z",
                    "end": "2019-07-19T20:23:00.347Z"
                },
                "type": "SCRUB",
                "source": "video:drag",
                "_t": "14:22:59",
                "_end": "14:23:00",
                "data": {
                    "to": 169.659381,
                    "from": 129.84519
                }
            },
            {
                "time": {
                    "start": "2019-07-19T20:23:02.879Z",
                    "end": "2019-07-19T20:23:02.946Z"
                },
                "type": "SCRUB",
                "source": "video:drag",
                "_t": "14:23:02",
                "_end": "14:23:02",
                "data": {
                    "to": 158.348756,
                    "from": 170.171962
                }
            },
            {
                "time": "2019-07-19T20:23:06.333Z",
                "type": "PAUSE",
                "source": "video:button",
                "_t": "14:23:06",
                "_end": "-"
            }
        ]
    }
}