{
    "user_id": "Grey2",
    "session_id": "5d7bcede81249f67dd06ad0f",
    "study": "studyE",
    "workspace": "drywall.drywall-blue",
    "details": {
        "workspace": "drywall.drywall-blue",
        "labels": [
            {
                "time": 113.006701,
                "endTime": 130.845909,
                "type": "measuring",
                "id": 1
            },
            {
                "time": 141.812868,
                "endTime": 156.849909,
                "type": "measuring",
                "id": 2
            },
            {
                "time": 159.698576,
                "endTime": 168.494326,
                "type": "measuring",
                "id": 3
            },
            {
                "time": 173.187076,
                "endTime": 177.695368,
                "type": "measuring",
                "id": 4
            },
            {
                "time": 283.109343,
                "endTime": 293.359802,
                "type": "measuring",
                "id": 5
            }
        ],
        "_starts": [
            "2019-09-13T17:23:20.000Z"
        ],
        "_ends": [
            "2019-09-13T17:26:49.485Z"
        ]
    },
    "labels_file": "/home/ubuntu/vat/data/user-studies/studyE/drywall-blue/Grey2.labels.json",
    "videoFlash": 14.917947,
    "surveys": {
        "user-info": {
            "firstname": "Benjamin",
            "lastname": "Griffin",
            "email": "benjamingriffin98@gmail.com"
        },
        "practice-first": {
            "question1": "5",
            "question2": "ok",
            "question3": "70",
            "question4": "5"
        },
        "practice-second": {},
        "practice-third": {},
        "practice-survey": {}
    },
    "logs": {
        "labelEvents": [
            {
                "time": "2019-09-13T17:25:06.487Z",
                "type": "START",
                "source": "side-bar:button",
                "_t": "11:25:06",
                "_end": "-",
                "data": {
                    "type": "measuring",
                    "time": 113.006701
                }
            },
            {
                "time": "2019-09-13T17:25:15.392Z",
                "type": "END",
                "source": "side-bar:button:ctb",
                "_t": "11:25:15",
                "_end": "-",
                "data": {
                    "lbl": {
                        "time": 113.006701,
                        "endTime": 130.845909,
                        "type": "measuring",
                        "id": 1
                    }
                }
            },
            {
                "time": "2019-09-13T17:25:20.915Z",
                "type": "START",
                "source": "side-bar:button",
                "_t": "11:25:20",
                "_end": "-",
                "data": {
                    "type": "measuring",
                    "time": 141.812868
                }
            },
            {
                "time": "2019-09-13T17:25:28.392Z",
                "type": "END",
                "source": "side-bar:button:ctb",
                "_t": "11:25:28",
                "_end": "-",
                "data": {
                    "lbl": {
                        "time": 141.812868,
                        "endTime": 156.849909,
                        "type": "measuring",
                        "id": 2
                    }
                }
            },
            {
                "time": "2019-09-13T17:25:29.819Z",
                "type": "START",
                "source": "side-bar:button",
                "_t": "11:25:29",
                "_end": "-",
                "data": {
                    "type": "measuring",
                    "time": 159.698576
                }
            },
            {
                "time": "2019-09-13T17:25:34.216Z",
                "type": "END",
                "source": "side-bar:button:ctb",
                "_t": "11:25:34",
                "_end": "-",
                "data": {
                    "lbl": {
                        "time": 159.698576,
                        "endTime": 168.494326,
                        "type": "measuring",
                        "id": 3
                    }
                }
            },
            {
                "time": "2019-09-13T17:25:36.622Z",
                "type": "START",
                "source": "side-bar:button",
                "_t": "11:25:36",
                "_end": "-",
                "data": {
                    "type": "measuring",
                    "time": 173.187076
                }
            },
            {
                "time": "2019-09-13T17:25:38.819Z",
                "type": "END",
                "source": "side-bar:button:ctb",
                "_t": "11:25:38",
                "_end": "-",
                "data": {
                    "lbl": {
                        "time": 173.187076,
                        "endTime": 177.695368,
                        "type": "measuring",
                        "id": 4
                    }
                }
            },
            {
                "time": "2019-09-13T17:26:24.972Z",
                "type": "START",
                "source": "side-bar:button",
                "_t": "11:26:24",
                "_end": "-",
                "data": {
                    "type": "measuring",
                    "time": 283.109343
                }
            },
            {
                "time": "2019-09-13T17:26:30.093Z",
                "type": "END",
                "source": "side-bar:button:ctb",
                "_t": "11:26:30",
                "_end": "-",
                "data": {
                    "lbl": {
                        "time": 283.109343,
                        "endTime": 293.359802,
                        "type": "measuring",
                        "id": 5
                    }
                }
            }
        ],
        "navigationEvents": [
            {
                "time": "2019-09-13T17:24:36.235Z",
                "type": "CHANGE-PLAYBACK-RATE",
                "source": "video:menu",
                "_t": "11:24:36",
                "_end": "-",
                "data": {
                    "oldRate": 1,
                    "newRate": 2
                }
            },
            {
                "time": {
                    "start": "2019-09-13T17:24:50.504Z",
                    "end": "2019-09-13T17:24:50.567Z"
                },
                "type": "SCRUB",
                "source": "video:drag",
                "_t": "11:24:50",
                "_end": "11:24:50",
                "data": {
                    "to": 117.819015,
                    "from": 78.620529
                }
            },
            {
                "time": {
                    "start": "2019-09-13T17:24:54.401Z",
                    "end": "2019-09-13T17:24:54.469Z"
                },
                "type": "SCRUB",
                "source": "video:drag",
                "_t": "11:24:54",
                "_end": "11:24:54",
                "data": {
                    "to": 89.5424512628866,
                    "from": 125.427515
                }
            },
            {
                "time": {
                    "start": "2019-09-13T17:24:56.091Z",
                    "end": "2019-09-13T17:24:56.156Z"
                },
                "type": "SCRUB",
                "source": "video:drag",
                "_t": "11:24:56",
                "_end": "11:24:56",
                "data": {
                    "to": 105.56583727835053,
                    "from": 92.626367
                }
            },
            {
                "time": {
                    "start": "2019-09-13T17:24:58.417Z",
                    "end": "2019-09-13T17:24:58.480Z"
                },
                "type": "SCRUB",
                "source": "video:drag",
                "_t": "11:24:58",
                "_end": "11:24:58",
                "data": {
                    "to": 97.082868,
                    "from": 110.051003
                }
            },
            {
                "time": {
                    "start": "2019-09-13T17:25:47.619Z",
                    "end": "2019-09-13T17:25:47.682Z"
                },
                "type": "SCRUB",
                "source": "video:drag",
                "_t": "11:25:47",
                "_end": "11:25:47",
                "data": {
                    "to": 337.433658443299,
                    "from": 195.329993
                }
            },
            {
                "time": {
                    "start": "2019-09-13T17:25:50.814Z",
                    "end": "2019-09-13T17:25:50.878Z"
                },
                "type": "SCRUB",
                "source": "video:drag",
                "_t": "11:25:50",
                "_end": "11:25:50",
                "data": {
                    "to": 407.1825152164949,
                    "from": 342.573824
                }
            },
            {
                "time": {
                    "start": "2019-09-13T17:25:53.528Z",
                    "end": "2019-09-13T17:25:53.586Z"
                },
                "type": "SCRUB",
                "source": "video:drag",
                "_t": "11:25:53",
                "_end": "11:25:53",
                "data": {
                    "to": 451.4824647886598,
                    "from": 411.355223
                }
            },
            {
                "time": {
                    "start": "2019-09-13T17:25:57.406Z",
                    "end": "2019-09-13T17:25:57.459Z"
                },
                "type": "SCRUB",
                "source": "video:drag",
                "_t": "11:25:57",
                "_end": "11:25:57",
                "data": {
                    "to": 509.9206961391753,
                    "from": 458.91259
                }
            },
            {
                "time": {
                    "start": "2019-09-13T17:25:58.865Z",
                    "end": "2019-09-13T17:25:58.928Z"
                },
                "type": "SCRUB",
                "source": "video:drag",
                "_t": "11:25:58",
                "_end": "11:25:58",
                "data": {
                    "to": 610.7737728247423,
                    "from": 512.436112
                }
            },
            {
                "time": {
                    "start": "2019-09-13T17:25:59.844Z",
                    "end": "2019-09-13T17:25:59.920Z"
                },
                "type": "SCRUB",
                "source": "video:drag",
                "_t": "11:25:59",
                "_end": "11:25:59",
                "data": {
                    "to": 665.4417957010309,
                    "from": 611.585939
                }
            },
            {
                "time": {
                    "start": "2019-09-13T17:26:01.473Z",
                    "end": "2019-09-13T17:26:01.565Z"
                },
                "type": "SCRUB",
                "source": "video:drag",
                "_t": "11:26:01",
                "_end": "11:26:01",
                "data": {
                    "to": 734.2481003556701,
                    "from": 667.470587
                }
            },
            {
                "time": {
                    "start": "2019-09-13T17:26:02.644Z",
                    "end": "2019-09-13T17:26:02.705Z"
                },
                "type": "SCRUB",
                "source": "video:drag",
                "_t": "11:26:02",
                "_end": "11:26:02",
                "data": {
                    "to": 783.2608105206186,
                    "from": 735.1881
                }
            },
            {
                "time": {
                    "start": "2019-09-13T17:26:03.449Z",
                    "end": "2019-09-13T17:26:03.518Z"
                },
                "type": "SCRUB",
                "source": "video:drag",
                "_t": "11:26:03",
                "_end": "11:26:03",
                "data": {
                    "to": 834.1586249226804,
                    "from": 783.863311
                }
            },
            {
                "time": "2019-09-13T17:26:04.969Z",
                "type": "PAUSE",
                "source": "video:button",
                "_t": "11:26:04",
                "_end": "-"
            },
            {
                "time": {
                    "start": "2019-09-13T17:26:05.787Z",
                    "end": "2019-09-13T17:26:05.821Z"
                },
                "type": "SCRUB",
                "source": "video:drag",
                "_t": "11:26:05",
                "_end": "11:26:05",
                "data": {
                    "to": 920.873419829897,
                    "from": 835.958333
                }
            },
            {
                "time": {
                    "start": "2019-09-13T17:26:07.139Z",
                    "end": "2019-09-13T17:26:07.201Z"
                },
                "type": "SCRUB",
                "source": "video:drag",
                "_t": "11:26:07",
                "_end": "11:26:07",
                "data": {
                    "to": 978.3690990618558,
                    "from": 920.87342
                }
            },
            {
                "time": {
                    "start": "2019-09-13T17:26:08.435Z",
                    "end": "2019-09-13T17:26:08.469Z"
                },
                "type": "SCRUB",
                "source": "video:drag",
                "_t": "11:26:08",
                "_end": "11:26:08",
                "data": {
                    "to": 1019.8413922783506,
                    "from": 978.369099
                }
            },
            {
                "time": {
                    "start": "2019-09-13T17:26:10.292Z",
                    "end": "2019-09-13T17:26:10.355Z"
                },
                "type": "SCRUB",
                "source": "video:drag",
                "_t": "11:26:10",
                "_end": "11:26:10",
                "data": {
                    "to": 1065.0838939690723,
                    "from": 1019.841392
                }
            },
            {
                "time": "2019-09-13T17:26:14.020Z",
                "type": "PLAY",
                "source": "video:button",
                "_t": "11:26:14",
                "_end": "-"
            },
            {
                "time": {
                    "start": "2019-09-13T17:26:15.334Z",
                    "end": "2019-09-13T17:26:15.397Z"
                },
                "type": "SCRUB",
                "source": "video:drag",
                "_t": "11:26:15",
                "_end": "11:26:15",
                "data": {
                    "to": 203.59125760824745,
                    "from": 1067.643894
                }
            },
            {
                "time": {
                    "start": "2019-09-13T17:26:16.743Z",
                    "end": "2019-09-13T17:26:16.815Z"
                },
                "type": "SCRUB",
                "source": "video:drag",
                "_t": "11:26:16",
                "_end": "11:26:16",
                "data": {
                    "to": 267.68480167010307,
                    "from": 206.062799
                }
            }
        ]
    }
}