{
    "user_id": "olive2",
    "session_id": "5d7fc16b81249f67dd06ad7f",
    "study": "studyE",
    "workspace": "drywall.drywall-blue",
    "details": {
        "workspace": "drywall.drywall-blue",
        "labels": [
            {
                "time": 114.451256,
                "endTime": 130.071214,
                "type": "measuring",
                "id": 1
            },
            {
                "time": 146.484756,
                "endTime": 157.385506,
                "type": "measuring",
                "id": 2
            },
            {
                "time": 159.408673,
                "endTime": 168.653381,
                "type": "measuring",
                "id": 3
            },
            {
                "time": 172.467464,
                "endTime": 179.215381,
                "type": "measuring",
                "id": 4
            },
            {
                "time": 286.151045,
                "endTime": 295.588586,
                "type": "measuring",
                "id": 5
            },
            {
                "time": 369.841918,
                "endTime": 372.417584,
                "type": "cutting",
                "id": 6
            }
        ],
        "_starts": [
            "2019-09-16T17:14:42.000Z"
        ],
        "_ends": [
            "2019-09-16T17:18:10.855Z"
        ]
    },
    "labels_file": "/home/ubuntu/vat/data/user-studies/studyE/drywall-blue/olive2.labels.json",
    "videoFlash": 14.917947,
    "surveys": {
        "user-info": {
            "firstname": "Nathan",
            "lastname": "Walls",
            "email": "nathanmwalls@gmail.com"
        },
        "practice-first": {
            "question1": "5",
            "question2": "ok",
            "question3": "100",
            "question4": "5"
        },
        "practice-second": {},
        "practice-third": {},
        "practice-survey": {}
    },
    "logs": {
        "labelEvents": [
            {
                "time": "2019-09-16T17:16:08.471Z",
                "type": "START",
                "source": "hotkey",
                "_t": "11:16:08",
                "_end": "-",
                "data": {
                    "type": "measuring",
                    "time": 114.451256
                }
            },
            {
                "time": "2019-09-16T17:16:16.288Z",
                "type": "END",
                "source": "hotkey:ctb",
                "_t": "11:16:16",
                "_end": "-",
                "data": {
                    "lbl": {
                        "time": 114.451256,
                        "endTime": 130.071214,
                        "type": "measuring",
                        "id": 1
                    },
                    "key": "enter"
                }
            },
            {
                "time": "2019-09-16T17:16:24.494Z",
                "type": "START",
                "source": "hotkey",
                "_t": "11:16:24",
                "_end": "-",
                "data": {
                    "type": "measuring",
                    "time": 146.484756
                }
            },
            {
                "time": "2019-09-16T17:16:29.987Z",
                "type": "END",
                "source": "hotkey:ctb",
                "_t": "11:16:29",
                "_end": "-",
                "data": {
                    "lbl": {
                        "time": 146.484756,
                        "endTime": 157.385506,
                        "type": "measuring",
                        "id": 2
                    },
                    "key": "enter"
                }
            },
            {
                "time": "2019-09-16T17:16:30.968Z",
                "type": "START",
                "source": "hotkey",
                "_t": "11:16:30",
                "_end": "-",
                "data": {
                    "type": "measuring",
                    "time": 159.408673
                }
            },
            {
                "time": "2019-09-16T17:16:35.584Z",
                "type": "END",
                "source": "hotkey:ctb",
                "_t": "11:16:35",
                "_end": "-",
                "data": {
                    "lbl": {
                        "time": 159.408673,
                        "endTime": 168.653381,
                        "type": "measuring",
                        "id": 3
                    },
                    "key": "enter"
                }
            },
            {
                "time": "2019-09-16T17:16:37.498Z",
                "type": "START",
                "source": "hotkey",
                "_t": "11:16:37",
                "_end": "-",
                "data": {
                    "type": "measuring",
                    "time": 172.467464
                }
            },
            {
                "time": "2019-09-16T17:16:40.849Z",
                "type": "END",
                "source": "hotkey:ctb",
                "_t": "11:16:40",
                "_end": "-",
                "data": {
                    "lbl": {
                        "time": 172.467464,
                        "endTime": 179.215381,
                        "type": "measuring",
                        "id": 4
                    },
                    "key": "enter"
                }
            },
            {
                "time": "2019-09-16T17:17:13.833Z",
                "type": "START",
                "source": "hotkey",
                "_t": "11:17:13",
                "_end": "-",
                "data": {
                    "type": "measuring",
                    "time": 286.151045
                }
            },
            {
                "time": "2019-09-16T17:17:19.427Z",
                "type": "END",
                "source": "hotkey:ctb",
                "_t": "11:17:19",
                "_end": "-",
                "data": {
                    "lbl": {
                        "time": 286.151045,
                        "endTime": 295.588586,
                        "type": "measuring",
                        "id": 5
                    },
                    "key": "enter"
                }
            },
            {
                "time": "2019-09-16T17:17:47.001Z",
                "type": "START",
                "source": "hotkey",
                "_t": "11:17:47",
                "_end": "-",
                "data": {
                    "type": "cutting",
                    "time": 369.841918
                }
            },
            {
                "time": "2019-09-16T17:17:49.012Z",
                "type": "END",
                "source": "hotkey:ctb",
                "_t": "11:17:49",
                "_end": "-",
                "data": {
                    "lbl": {
                        "time": 369.841918,
                        "endTime": 372.417584,
                        "type": "cutting",
                        "id": 6
                    },
                    "key": "enter"
                }
            }
        ],
        "navigationEvents": [
            {
                "time": "2019-09-16T17:15:23.169Z",
                "type": "SKIP",
                "source": "hotkey",
                "_t": "11:15:23",
                "_end": "-",
                "data": {
                    "t": 24.331092,
                    "Δt": 5,
                    "key": "right"
                }
            },
            {
                "time": "2019-09-16T17:15:24.131Z",
                "type": "SKIP",
                "source": "hotkey",
                "_t": "11:15:24",
                "_end": "-",
                "data": {
                    "t": 30.138529,
                    "Δt": -5,
                    "key": "left"
                }
            },
            {
                "time": "2019-09-16T17:15:24.434Z",
                "type": "SKIP",
                "source": "hotkey",
                "_t": "11:15:24",
                "_end": "-",
                "data": {
                    "t": 25.339841,
                    "Δt": -5,
                    "key": "left"
                }
            },
            {
                "time": "2019-09-16T17:15:24.705Z",
                "type": "SKIP",
                "source": "hotkey",
                "_t": "11:15:24",
                "_end": "-",
                "data": {
                    "t": 20.460674,
                    "Δt": -5,
                    "key": "left"
                }
            },
            {
                "time": "2019-09-16T17:15:27.291Z",
                "type": "CHANGE-PLAYBACK-RATE",
                "source": "video:menu",
                "_t": "11:15:27",
                "_end": "-",
                "data": {
                    "oldRate": 1,
                    "newRate": 2
                }
            },
            {
                "time": "2019-09-16T17:15:59.634Z",
                "type": "SKIP",
                "source": "hotkey",
                "_t": "11:15:59",
                "_end": "-",
                "data": {
                    "t": 82.551382,
                    "Δt": 5,
                    "key": "right"
                }
            },
            {
                "time": "2019-09-16T17:16:00.807Z",
                "type": "SKIP",
                "source": "hotkey",
                "_t": "11:16:00",
                "_end": "-",
                "data": {
                    "t": 89.611382,
                    "Δt": 5,
                    "key": "right"
                }
            },
            {
                "time": "2019-09-16T17:16:01.829Z",
                "type": "SKIP",
                "source": "hotkey",
                "_t": "11:16:01",
                "_end": "-",
                "data": {
                    "t": 96.461673,
                    "Δt": 5,
                    "key": "right"
                }
            },
            {
                "time": "2019-09-16T17:16:56.211Z",
                "type": "SKIP",
                "source": "hotkey",
                "_t": "11:16:56",
                "_end": "-",
                "data": {
                    "t": 209.928631,
                    "Δt": 5,
                    "key": "right"
                }
            },
            {
                "time": "2019-09-16T17:16:56.875Z",
                "type": "SKIP",
                "source": "hotkey",
                "_t": "11:16:56",
                "_end": "-",
                "data": {
                    "t": 215.916464,
                    "Δt": 5,
                    "key": "right"
                }
            },
            {
                "time": "2019-09-16T17:16:57.394Z",
                "type": "SKIP",
                "source": "hotkey",
                "_t": "11:16:57",
                "_end": "-",
                "data": {
                    "t": 221.762714,
                    "Δt": 5,
                    "key": "right"
                }
            },
            {
                "time": "2019-09-16T17:16:58.355Z",
                "type": "SKIP",
                "source": "hotkey",
                "_t": "11:16:58",
                "_end": "-",
                "data": {
                    "t": 228.43588,
                    "Δt": 5,
                    "key": "right"
                }
            },
            {
                "time": "2019-09-16T17:17:02.230Z",
                "type": "SKIP",
                "source": "hotkey",
                "_t": "11:17:02",
                "_end": "-",
                "data": {
                    "t": 240.909921,
                    "Δt": 5,
                    "key": "right"
                }
            },
            {
                "time": "2019-09-16T17:17:03.808Z",
                "type": "SKIP",
                "source": "hotkey",
                "_t": "11:17:03",
                "_end": "-",
                "data": {
                    "t": 248.763504,
                    "Δt": 5,
                    "key": "right"
                }
            },
            {
                "time": "2019-09-16T17:17:04.498Z",
                "type": "SKIP",
                "source": "hotkey",
                "_t": "11:17:04",
                "_end": "-",
                "data": {
                    "t": 254.91367,
                    "Δt": 5,
                    "key": "right"
                }
            },
            {
                "time": "2019-09-16T17:17:06.751Z",
                "type": "SKIP",
                "source": "hotkey",
                "_t": "11:17:06",
                "_end": "-",
                "data": {
                    "t": 264.10342,
                    "Δt": 5,
                    "key": "right"
                }
            },
            {
                "time": "2019-09-16T17:17:07.300Z",
                "type": "SKIP",
                "source": "hotkey",
                "_t": "11:17:07",
                "_end": "-",
                "data": {
                    "t": 269.99792,
                    "Δt": 5,
                    "key": "right"
                }
            },
            {
                "time": "2019-09-16T17:17:12.325Z",
                "type": "PAUSE",
                "source": "hotkey",
                "_t": "11:17:12",
                "_end": "-",
                "data": {
                    "key": "space"
                }
            },
            {
                "time": "2019-09-16T17:17:13.140Z",
                "type": "PLAY",
                "source": "hotkey",
                "_t": "11:17:13",
                "_end": "-",
                "data": {
                    "key": "space"
                }
            },
            {
                "time": "2019-09-16T17:17:17.729Z",
                "type": "PAUSE",
                "source": "hotkey",
                "_t": "11:17:17",
                "_end": "-",
                "data": {
                    "key": "space"
                }
            },
            {
                "time": "2019-09-16T17:17:18.578Z",
                "type": "PLAY",
                "source": "hotkey",
                "_t": "11:17:18",
                "_end": "-",
                "data": {
                    "key": "space"
                }
            },
            {
                "time": "2019-09-16T17:17:34.594Z",
                "type": "SKIP",
                "source": "hotkey",
                "_t": "11:17:34",
                "_end": "-",
                "data": {
                    "t": 325.919711,
                    "Δt": 5,
                    "key": "right"
                }
            },
            {
                "time": "2019-09-16T17:17:36.064Z",
                "type": "SKIP",
                "source": "hotkey",
                "_t": "11:17:36",
                "_end": "-",
                "data": {
                    "t": 333.682627,
                    "Δt": 5,
                    "key": "right"
                }
            },
            {
                "time": "2019-09-16T17:17:37.094Z",
                "type": "SKIP",
                "source": "hotkey",
                "_t": "11:17:37",
                "_end": "-",
                "data": {
                    "t": 340.462085,
                    "Δt": 5,
                    "key": "right"
                }
            },
            {
                "time": "2019-09-16T17:17:38.069Z",
                "type": "SKIP",
                "source": "hotkey",
                "_t": "11:17:38",
                "_end": "-",
                "data": {
                    "t": 347.256293,
                    "Δt": 5,
                    "key": "right"
                }
            },
            {
                "time": "2019-09-16T17:17:48.295Z",
                "type": "PAUSE",
                "source": "hotkey",
                "_t": "11:17:48",
                "_end": "-",
                "data": {
                    "key": "space"
                }
            },
            {
                "time": "2019-09-16T17:17:49.538Z",
                "type": "PLAY",
                "source": "hotkey",
                "_t": "11:17:49",
                "_end": "-",
                "data": {
                    "key": "space"
                }
            }
        ]
    }
}