{
    "user_id": "olive5",
    "session_id": "5d7fb3f381249f67dd06ad69",
    "study": "studyE",
    "workspace": "drywall.drywall-blue",
    "details": {
        "workspace": "drywall.drywall-blue",
        "labels": [
            {
                "time": 122.46504790318815,
                "endTime": 129.6241825947463,
                "type": "measuring",
                "id": 1
            },
            {
                "time": 154.723129,
                "endTime": 176.88085941450365,
                "type": "measuring",
                "id": 2
            },
            {
                "time": 474.500463,
                "endTime": 511.6616542250111,
                "type": "measuring",
                "id": 3
            }
        ],
        "_starts": [
            "2019-09-16T16:19:33.000Z"
        ],
        "_ends": [
            "2019-09-16T16:23:22.583Z",
            "2019-09-16T16:23:48.692Z"
        ]
    },
    "labels_file": "/home/ubuntu/vat/data/user-studies/studyE/drywall-blue/olive5.labels.json",
    "videoFlash": 14.917947,
    "surveys": {
        "user-info": {
            "firstname": "Aarohi",
            "lastname": "Bhatt",
            "email": "aarohibhatt2002@gmail.com"
        },
        "practice-first": {
            "question1": "4",
            "question2": "ok",
            "question3": "50",
            "question4": "4"
        },
        "practice-second": {},
        "practice-third": {},
        "practice-survey": {},
        "drywall-blue": {
            "question1": "2",
            "question2": "2",
            "question3": "40",
            "question4": "60"
        }
    },
    "logs": {
        "labelEvents": [
            {
                "time": "2019-09-16T16:21:37.427Z",
                "type": "START",
                "source": "side-bar:button",
                "_t": "10:21:37",
                "_end": "-",
                "data": {
                    "type": "measuring",
                    "time": 124.829766
                }
            },
            {
                "time": "2019-09-16T16:22:00.743Z",
                "type": "END",
                "source": "data:click:h_pos",
                "_t": "10:22:00",
                "_end": "-",
                "data": {
                    "lbl": {
                        "time": 122.46504790318815,
                        "endTime": 129.6241825947463,
                        "type": "measuring",
                        "id": 1
                    }
                }
            },
            {
                "time": "2019-09-16T16:22:01.748Z",
                "type": "SELECT",
                "source": "data:click",
                "_t": "10:22:01",
                "_end": "-",
                "data": {
                    "time": 122.46504790318815,
                    "endTime": 129.6241825947463,
                    "type": "measuring",
                    "id": 1
                }
            },
            {
                "time": {
                    "start": "2019-09-16T16:22:02.718Z",
                    "end": "2019-09-16T16:22:03.387Z"
                },
                "type": "RESIZE",
                "source": "data:brush",
                "_t": "10:22:02",
                "_end": "10:22:03",
                "data": {
                    "brushing": true,
                    "origin": [
                        124.829766,
                        129.6241825947463
                    ],
                    "_brushside": 0,
                    "start": "2019-09-16T16:22:02.718Z",
                    "ε": 0.1,
                    "mode": "resize"
                }
            },
            {
                "time": "2019-09-16T16:22:23.933Z",
                "type": "START",
                "source": "side-bar:button",
                "_t": "10:22:23",
                "_end": "-",
                "data": {
                    "type": "measuring",
                    "time": 154.723129
                }
            },
            {
                "time": "2019-09-16T16:22:32.337Z",
                "type": "END",
                "source": "data:click:h_pos",
                "_t": "10:22:32",
                "_end": "-",
                "data": {
                    "lbl": {
                        "time": 154.723129,
                        "endTime": 176.88085941450365,
                        "type": "measuring",
                        "id": 2
                    }
                }
            },
            {
                "time": "2019-09-16T16:23:09.749Z",
                "type": "START",
                "source": "side-bar:button",
                "_t": "10:23:09",
                "_end": "-",
                "data": {
                    "type": "measuring",
                    "time": 474.500463
                }
            },
            {
                "time": "2019-09-16T16:23:18.231Z",
                "type": "END",
                "source": "data:click:h_pos",
                "_t": "10:23:18",
                "_end": "-",
                "data": {
                    "lbl": {
                        "time": 474.500463,
                        "endTime": 511.6616542250111,
                        "type": "measuring",
                        "id": 3
                    }
                }
            }
        ],
        "navigationEvents": [
            {
                "time": "2019-09-16T16:20:34.257Z",
                "type": "SKIP",
                "source": "hotkey",
                "_t": "10:20:34",
                "_end": "-",
                "data": {
                    "t": 25.233467,
                    "Δt": 5,
                    "key": "right"
                }
            },
            {
                "time": "2019-09-16T16:20:35.167Z",
                "type": "SKIP",
                "source": "hotkey",
                "_t": "10:20:35",
                "_end": "-",
                "data": {
                    "t": 31.029106,
                    "Δt": 5,
                    "key": "right"
                }
            },
            {
                "time": "2019-09-16T16:20:35.842Z",
                "type": "SKIP",
                "source": "hotkey",
                "_t": "10:20:35",
                "_end": "-",
                "data": {
                    "t": 36.610732,
                    "Δt": 5,
                    "key": "right"
                }
            },
            {
                "time": "2019-09-16T16:20:37.044Z",
                "type": "SKIP",
                "source": "hotkey",
                "_t": "10:20:37",
                "_end": "-",
                "data": {
                    "t": 42.583736,
                    "Δt": 5,
                    "key": "right"
                }
            },
            {
                "time": "2019-09-16T16:20:38.018Z",
                "type": "SKIP",
                "source": "hotkey",
                "_t": "10:20:38",
                "_end": "-",
                "data": {
                    "t": 48.233504,
                    "Δt": 5,
                    "key": "right"
                }
            },
            {
                "time": "2019-09-16T16:20:38.894Z",
                "type": "SKIP",
                "source": "hotkey",
                "_t": "10:20:38",
                "_end": "-",
                "data": {
                    "t": 53.785458,
                    "Δt": 5,
                    "key": "right"
                }
            },
            {
                "time": "2019-09-16T16:20:39.463Z",
                "type": "SKIP",
                "source": "hotkey",
                "_t": "10:20:39",
                "_end": "-",
                "data": {
                    "t": 59.068705,
                    "Δt": 5,
                    "key": "right"
                }
            },
            {
                "time": "2019-09-16T16:20:39.758Z",
                "type": "SKIP",
                "source": "hotkey",
                "_t": "10:20:39",
                "_end": "-",
                "data": {
                    "t": 64.142446,
                    "Δt": 5,
                    "key": "right"
                }
            },
            {
                "time": "2019-09-16T16:20:39.999Z",
                "type": "SKIP",
                "source": "hotkey",
                "_t": "10:20:39",
                "_end": "-",
                "data": {
                    "t": 69.142446,
                    "Δt": 5,
                    "key": "right"
                }
            },
            {
                "time": "2019-09-16T16:20:40.223Z",
                "type": "SKIP",
                "source": "hotkey",
                "_t": "10:20:40",
                "_end": "-",
                "data": {
                    "t": 74.142446,
                    "Δt": 5,
                    "key": "right"
                }
            },
            {
                "time": "2019-09-16T16:20:42.239Z",
                "type": "SKIP",
                "source": "hotkey",
                "_t": "10:20:42",
                "_end": "-",
                "data": {
                    "t": 79.599252,
                    "Δt": 5,
                    "key": "right"
                }
            },
            {
                "time": "2019-09-16T16:20:43.201Z",
                "type": "SKIP",
                "source": "hotkey",
                "_t": "10:20:43",
                "_end": "-",
                "data": {
                    "t": 84.978002,
                    "Δt": 5,
                    "key": "right"
                }
            },
            {
                "time": "2019-09-16T16:20:44.065Z",
                "type": "SKIP",
                "source": "hotkey",
                "_t": "10:20:44",
                "_end": "-",
                "data": {
                    "t": 90.542607,
                    "Δt": 5,
                    "key": "right"
                }
            },
            {
                "time": "2019-09-16T16:20:45.125Z",
                "type": "SKIP",
                "source": "hotkey",
                "_t": "10:20:45",
                "_end": "-",
                "data": {
                    "t": 96.271277,
                    "Δt": 5,
                    "key": "right"
                }
            },
            {
                "time": "2019-09-16T16:20:45.619Z",
                "type": "SKIP",
                "source": "hotkey",
                "_t": "10:20:45",
                "_end": "-",
                "data": {
                    "t": 101.416456,
                    "Δt": 5,
                    "key": "right"
                }
            },
            {
                "time": "2019-09-16T16:20:48.245Z",
                "type": "SKIP",
                "source": "hotkey",
                "_t": "10:20:48",
                "_end": "-",
                "data": {
                    "t": 108.698086,
                    "Δt": 5,
                    "key": "right"
                }
            },
            {
                "time": "2019-09-16T16:20:49.309Z",
                "type": "SKIP",
                "source": "hotkey",
                "_t": "10:20:49",
                "_end": "-",
                "data": {
                    "t": 114.472758,
                    "Δt": -5,
                    "key": "left"
                }
            },
            {
                "time": "2019-09-16T16:20:49.727Z",
                "type": "SKIP",
                "source": "hotkey",
                "_t": "10:20:49",
                "_end": "-",
                "data": {
                    "t": 109.714449,
                    "Δt": -5,
                    "key": "left"
                }
            },
            {
                "time": "2019-09-16T16:20:50.206Z",
                "type": "SKIP",
                "source": "hotkey",
                "_t": "10:20:50",
                "_end": "-",
                "data": {
                    "t": 104.990212,
                    "Δt": -5,
                    "key": "left"
                }
            },
            {
                "time": "2019-09-16T16:20:50.769Z",
                "type": "SKIP",
                "source": "hotkey",
                "_t": "10:20:50",
                "_end": "-",
                "data": {
                    "t": 100.409346,
                    "Δt": -5,
                    "key": "left"
                }
            },
            {
                "time": "2019-09-16T16:20:51.935Z",
                "type": "SKIP",
                "source": "hotkey",
                "_t": "10:20:51",
                "_end": "-",
                "data": {
                    "t": 96.389204,
                    "Δt": 5,
                    "key": "right"
                }
            },
            {
                "time": {
                    "start": "2019-09-16T16:20:56.651Z",
                    "end": "2019-09-16T16:20:56.714Z"
                },
                "type": "SCRUB",
                "source": "video:drag",
                "_t": "10:20:56",
                "_end": "10:20:56",
                "data": {
                    "to": 193.223184,
                    "from": 16.593886
                }
            },
            {
                "time": "2019-09-16T16:20:58.095Z",
                "type": "SKIP",
                "source": "hotkey",
                "_t": "10:20:58",
                "_end": "-",
                "data": {
                    "t": 193.880191,
                    "Δt": -5,
                    "key": "left"
                }
            },
            {
                "time": {
                    "start": "2019-09-16T16:20:58.501Z",
                    "end": "2019-09-16T16:20:58.563Z"
                },
                "type": "SCRUB",
                "source": "video:drag",
                "_t": "10:20:58",
                "_end": "10:20:58",
                "data": {
                    "to": 179.084902,
                    "from": 188.880191
                }
            },
            {
                "time": {
                    "start": "2019-09-16T16:20:59.764Z",
                    "end": "2019-09-16T16:20:59.826Z"
                },
                "type": "SCRUB",
                "source": "video:drag",
                "_t": "10:20:59",
                "_end": "10:20:59",
                "data": {
                    "to": 159.291308,
                    "from": 179.695125
                }
            },
            {
                "time": {
                    "start": "2019-09-16T16:21:01.810Z",
                    "end": "2019-09-16T16:21:01.860Z"
                },
                "type": "SCRUB",
                "source": "video:drag",
                "_t": "10:21:01",
                "_end": "10:21:01",
                "data": {
                    "to": 74.461617,
                    "from": 160.458936
                }
            },
            {
                "time": "2019-09-16T16:21:03.841Z",
                "type": "SKIP",
                "source": "hotkey",
                "_t": "10:21:03",
                "_end": "-",
                "data": {
                    "t": 75.79951,
                    "Δt": 5,
                    "key": "right"
                }
            },
            {
                "time": "2019-09-16T16:21:04.687Z",
                "type": "SKIP",
                "source": "hotkey",
                "_t": "10:21:04",
                "_end": "-",
                "data": {
                    "t": 81.335672,
                    "Δt": 5,
                    "key": "right"
                }
            },
            {
                "time": "2019-09-16T16:21:05.505Z",
                "type": "SKIP",
                "source": "hotkey",
                "_t": "10:21:05",
                "_end": "-",
                "data": {
                    "t": 86.918819,
                    "Δt": 5,
                    "key": "right"
                }
            },
            {
                "time": "2019-09-16T16:21:06.727Z",
                "type": "SKIP",
                "source": "hotkey",
                "_t": "10:21:06",
                "_end": "-",
                "data": {
                    "t": 92.889435,
                    "Δt": 5,
                    "key": "right"
                }
            },
            {
                "time": "2019-09-16T16:21:07.393Z",
                "type": "SKIP",
                "source": "hotkey",
                "_t": "10:21:07",
                "_end": "-",
                "data": {
                    "t": 98.298937,
                    "Δt": 5,
                    "key": "right"
                }
            },
            {
                "time": "2019-09-16T16:21:11.679Z",
                "type": "SKIP",
                "source": "hotkey",
                "_t": "10:21:11",
                "_end": "-",
                "data": {
                    "t": 106.792361,
                    "Δt": 5,
                    "key": "right"
                }
            },
            {
                "time": "2019-09-16T16:21:13.951Z",
                "type": "PAUSE",
                "source": "hotkey",
                "_t": "10:21:13",
                "_end": "-",
                "data": {
                    "key": "space"
                }
            },
            {
                "time": "2019-09-16T16:21:15.585Z",
                "type": "PLAY",
                "source": "hotkey",
                "_t": "10:21:15",
                "_end": "-",
                "data": {
                    "key": "space"
                }
            },
            {
                "time": "2019-09-16T16:21:31.554Z",
                "type": "SKIP",
                "source": "hotkey",
                "_t": "10:21:31",
                "_end": "-",
                "data": {
                    "t": 129.331406,
                    "Δt": -5,
                    "key": "left"
                }
            },
            {
                "time": "2019-09-16T16:21:31.888Z",
                "type": "SKIP",
                "source": "hotkey",
                "_t": "10:21:31",
                "_end": "-",
                "data": {
                    "t": 124.504232,
                    "Δt": -5,
                    "key": "left"
                }
            },
            {
                "time": "2019-09-16T16:21:41.699Z",
                "type": "SKIP",
                "source": "hotkey",
                "_t": "10:21:41",
                "_end": "-",
                "data": {
                    "t": 129.095349,
                    "Δt": 5,
                    "key": "right"
                }
            },
            {
                "time": "2019-09-16T16:21:42.240Z",
                "type": "SKIP",
                "source": "hotkey",
                "_t": "10:21:42",
                "_end": "-",
                "data": {
                    "t": 134.338276,
                    "Δt": 5,
                    "key": "right"
                }
            },
            {
                "time": "2019-09-16T16:21:43.104Z",
                "type": "SKIP",
                "source": "hotkey",
                "_t": "10:21:43",
                "_end": "-",
                "data": {
                    "t": 139.585922,
                    "Δt": -5,
                    "key": "left"
                }
            },
            {
                "time": "2019-09-16T16:21:43.559Z",
                "type": "SKIP",
                "source": "hotkey",
                "_t": "10:21:43",
                "_end": "-",
                "data": {
                    "t": 134.846459,
                    "Δt": -5,
                    "key": "left"
                }
            },
            {
                "time": "2019-09-16T16:21:44.320Z",
                "type": "SKIP",
                "source": "hotkey",
                "_t": "10:21:44",
                "_end": "-",
                "data": {
                    "t": 130.474501,
                    "Δt": -5,
                    "key": "left"
                }
            },
            {
                "time": "2019-09-16T16:21:51.810Z",
                "type": "PAUSE",
                "source": "hotkey",
                "_t": "10:21:51",
                "_end": "-",
                "data": {
                    "key": "space"
                }
            },
            {
                "time": "2019-09-16T16:21:54.706Z",
                "type": "SKIP",
                "source": "hotkey",
                "_t": "10:21:54",
                "_end": "-",
                "data": {
                    "t": 132.782551,
                    "Δt": -1,
                    "key": "left"
                }
            },
            {
                "time": "2019-09-16T16:21:55.729Z",
                "type": "SKIP",
                "source": "hotkey",
                "_t": "10:21:55",
                "_end": "-",
                "data": {
                    "t": 131.782551,
                    "Δt": -1,
                    "key": "left"
                }
            },
            {
                "time": "2019-09-16T16:21:56.257Z",
                "type": "SKIP",
                "source": "hotkey",
                "_t": "10:21:56",
                "_end": "-",
                "data": {
                    "t": 130.782551,
                    "Δt": -1,
                    "key": "left"
                }
            },
            {
                "time": "2019-09-16T16:21:56.913Z",
                "type": "SKIP",
                "source": "hotkey",
                "_t": "10:21:56",
                "_end": "-",
                "data": {
                    "t": 129.782551,
                    "Δt": -1,
                    "key": "left"
                }
            },
            {
                "time": "2019-09-16T16:21:57.512Z",
                "type": "PLAY",
                "source": "hotkey",
                "_t": "10:21:57",
                "_end": "-",
                "data": {
                    "key": "space"
                }
            },
            {
                "time": "2019-09-16T16:21:59.184Z",
                "type": "PAUSE",
                "source": "hotkey",
                "_t": "10:21:59",
                "_end": "-",
                "data": {
                    "key": "space"
                }
            },
            {
                "time": {
                    "start": "2019-09-16T16:19:33.789Z",
                    "end": "2019-09-16T16:22:00.740Z"
                },
                "type": "SCRUB",
                "source": "data:drag",
                "_t": "10:19:33",
                "_end": "10:22:00",
                "data": {
                    "time": 130.363157
                }
            },
            {
                "time": {
                    "start": "2019-09-16T16:19:33.789Z",
                    "end": "2019-09-16T16:22:01.745Z"
                },
                "type": "SCRUB",
                "source": "data:drag",
                "_t": "10:19:33",
                "_end": "10:22:01",
                "data": {
                    "time": 130.363157
                }
            },
            {
                "time": {
                    "start": "2019-09-16T16:19:33.789Z",
                    "end": "2019-09-16T16:22:03.393Z"
                },
                "type": "SCRUB",
                "source": "data:drag",
                "_t": "10:19:33",
                "_end": "10:22:03",
                "data": {
                    "time": 130.363157
                }
            },
            {
                "time": {
                    "start": "2019-09-16T16:19:33.789Z",
                    "end": "2019-09-16T16:22:05.527Z"
                },
                "type": "SCRUB",
                "source": "data:drag",
                "_t": "10:19:33",
                "_end": "10:22:05",
                "data": {
                    "time": 136.570542
                }
            },
            {
                "time": "2019-09-16T16:22:05.682Z",
                "type": "PLAY",
                "source": "hotkey",
                "_t": "10:22:05",
                "_end": "-",
                "data": {
                    "key": "space"
                }
            },
            {
                "time": "2019-09-16T16:22:26.610Z",
                "type": "SKIP",
                "source": "hotkey",
                "_t": "10:22:26",
                "_end": "-",
                "data": {
                    "t": 157.405644,
                    "Δt": 5,
                    "key": "right"
                }
            },
            {
                "time": "2019-09-16T16:22:27.457Z",
                "type": "SKIP",
                "source": "hotkey",
                "_t": "10:22:27",
                "_end": "-",
                "data": {
                    "t": 163.114858,
                    "Δt": 5,
                    "key": "right"
                }
            },
            {
                "time": "2019-09-16T16:22:28.296Z",
                "type": "SKIP",
                "source": "hotkey",
                "_t": "10:22:28",
                "_end": "-",
                "data": {
                    "t": 168.441522,
                    "Δt": 5,
                    "key": "right"
                }
            },
            {
                "time": "2019-09-16T16:22:28.912Z",
                "type": "SKIP",
                "source": "hotkey",
                "_t": "10:22:28",
                "_end": "-",
                "data": {
                    "t": 173.823226,
                    "Δt": 5,
                    "key": "right"
                }
            },
            {
                "time": "2019-09-16T16:22:29.888Z",
                "type": "SKIP",
                "source": "hotkey",
                "_t": "10:22:29",
                "_end": "-",
                "data": {
                    "t": 179.642949,
                    "Δt": 5,
                    "key": "right"
                }
            },
            {
                "time": {
                    "start": "2019-09-16T16:19:33.789Z",
                    "end": "2019-09-16T16:22:32.335Z"
                },
                "type": "SCRUB",
                "source": "data:drag",
                "_t": "10:19:33",
                "_end": "10:22:32",
                "data": {
                    "time": 186.29171
                }
            },
            {
                "time": "2019-09-16T16:22:33.504Z",
                "type": "SKIP",
                "source": "hotkey",
                "_t": "10:22:33",
                "_end": "-",
                "data": {
                    "t": 187.450693,
                    "Δt": 5,
                    "key": "right"
                }
            },
            {
                "time": "2019-09-16T16:22:34.513Z",
                "type": "SKIP",
                "source": "hotkey",
                "_t": "10:22:34",
                "_end": "-",
                "data": {
                    "t": 193.327269,
                    "Δt": 5,
                    "key": "right"
                }
            },
            {
                "time": "2019-09-16T16:22:37.506Z",
                "type": "SKIP",
                "source": "hotkey",
                "_t": "10:22:37",
                "_end": "-",
                "data": {
                    "t": 200.726238,
                    "Δt": 5,
                    "key": "right"
                }
            },
            {
                "time": "2019-09-16T16:22:40.352Z",
                "type": "SKIP",
                "source": "hotkey",
                "_t": "10:22:40",
                "_end": "-",
                "data": {
                    "t": 208.308343,
                    "Δt": 5,
                    "key": "right"
                }
            },
            {
                "time": "2019-09-16T16:22:41.201Z",
                "type": "SKIP",
                "source": "hotkey",
                "_t": "10:22:41",
                "_end": "-",
                "data": {
                    "t": 213.652463,
                    "Δt": 5,
                    "key": "right"
                }
            },
            {
                "time": "2019-09-16T16:22:41.930Z",
                "type": "SKIP",
                "source": "hotkey",
                "_t": "10:22:41",
                "_end": "-",
                "data": {
                    "t": 218.887119,
                    "Δt": 5,
                    "key": "right"
                }
            },
            {
                "time": "2019-09-16T16:22:42.529Z",
                "type": "SKIP",
                "source": "hotkey",
                "_t": "10:22:42",
                "_end": "-",
                "data": {
                    "t": 224.179586,
                    "Δt": 5,
                    "key": "right"
                }
            },
            {
                "time": "2019-09-16T16:22:43.674Z",
                "type": "SKIP",
                "source": "hotkey",
                "_t": "10:22:43",
                "_end": "-",
                "data": {
                    "t": 229.672462,
                    "Δt": 5,
                    "key": "right"
                }
            },
            {
                "time": "2019-09-16T16:22:44.521Z",
                "type": "SKIP",
                "source": "hotkey",
                "_t": "10:22:44",
                "_end": "-",
                "data": {
                    "t": 234.898879,
                    "Δt": 5,
                    "key": "right"
                }
            },
            {
                "time": "2019-09-16T16:22:45.168Z",
                "type": "SKIP",
                "source": "hotkey",
                "_t": "10:22:45",
                "_end": "-",
                "data": {
                    "t": 240.186506,
                    "Δt": 5,
                    "key": "right"
                }
            },
            {
                "time": "2019-09-16T16:22:47.248Z",
                "type": "SKIP",
                "source": "hotkey",
                "_t": "10:22:47",
                "_end": "-",
                "data": {
                    "t": 246.978713,
                    "Δt": 5,
                    "key": "right"
                }
            },
            {
                "time": "2019-09-16T16:22:47.997Z",
                "type": "SKIP",
                "source": "hotkey",
                "_t": "10:22:47",
                "_end": "-",
                "data": {
                    "t": 252.454397,
                    "Δt": 5,
                    "key": "right"
                }
            },
            {
                "time": "2019-09-16T16:22:48.466Z",
                "type": "SKIP",
                "source": "hotkey",
                "_t": "10:22:48",
                "_end": "-",
                "data": {
                    "t": 257.560466,
                    "Δt": 5,
                    "key": "right"
                }
            },
            {
                "time": "2019-09-16T16:22:49.024Z",
                "type": "SKIP",
                "source": "hotkey",
                "_t": "10:22:49",
                "_end": "-",
                "data": {
                    "t": 262.806637,
                    "Δt": 5,
                    "key": "right"
                }
            },
            {
                "time": "2019-09-16T16:22:49.442Z",
                "type": "SKIP",
                "source": "hotkey",
                "_t": "10:22:49",
                "_end": "-",
                "data": {
                    "t": 267.806637,
                    "Δt": 5,
                    "key": "right"
                }
            },
            {
                "time": "2019-09-16T16:22:49.925Z",
                "type": "SKIP",
                "source": "hotkey",
                "_t": "10:22:49",
                "_end": "-",
                "data": {
                    "t": 272.806637,
                    "Δt": 5,
                    "key": "right"
                }
            },
            {
                "time": {
                    "start": "2019-09-16T16:22:52.131Z",
                    "end": "2019-09-16T16:22:52.167Z"
                },
                "type": "SCRUB",
                "source": "video:drag",
                "_t": "10:22:52",
                "_end": "10:22:52",
                "data": {
                    "to": 302.55923,
                    "from": 279.348884
                }
            },
            {
                "time": {
                    "start": "2019-09-16T16:22:53.763Z",
                    "end": "2019-09-16T16:22:53.822Z"
                },
                "type": "SCRUB",
                "source": "video:drag",
                "_t": "10:22:53",
                "_end": "10:22:53",
                "data": {
                    "to": 328.008137,
                    "from": 303.297748
                }
            },
            {
                "time": {
                    "start": "2019-09-16T16:22:55.131Z",
                    "end": "2019-09-16T16:22:55.189Z"
                },
                "type": "SCRUB",
                "source": "video:drag",
                "_t": "10:22:55",
                "_end": "10:22:55",
                "data": {
                    "to": 354.399596,
                    "from": 328.574096
                }
            },
            {
                "time": {
                    "start": "2019-09-16T16:22:56.735Z",
                    "end": "2019-09-16T16:22:56.791Z"
                },
                "type": "SCRUB",
                "source": "video:drag",
                "_t": "10:22:56",
                "_end": "10:22:56",
                "data": {
                    "to": 377.020847,
                    "from": 355.244855
                }
            },
            {
                "time": {
                    "start": "2019-09-16T16:22:58.291Z",
                    "end": "2019-09-16T16:22:58.356Z"
                },
                "type": "SCRUB",
                "source": "video:drag",
                "_t": "10:22:58",
                "_end": "10:22:58",
                "data": {
                    "to": 403.412307,
                    "from": 377.866427
                }
            },
            {
                "time": {
                    "start": "2019-09-16T16:23:00.595Z",
                    "end": "2019-09-16T16:23:00.642Z"
                },
                "type": "SCRUB",
                "source": "video:drag",
                "_t": "10:23:00",
                "_end": "10:23:00",
                "data": {
                    "to": 441.114391,
                    "from": 404.796199
                }
            },
            {
                "time": {
                    "start": "2019-09-16T16:23:01.922Z",
                    "end": "2019-09-16T16:23:01.971Z"
                },
                "type": "SCRUB",
                "source": "video:drag",
                "_t": "10:23:01",
                "_end": "10:23:01",
                "data": {
                    "to": 483.529237,
                    "from": 441.881872
                }
            },
            {
                "time": {
                    "start": "2019-09-16T16:23:03.804Z",
                    "end": "2019-09-16T16:23:03.870Z"
                },
                "type": "SCRUB",
                "source": "video:drag",
                "_t": "10:23:03",
                "_end": "10:23:03",
                "data": {
                    "to": 469.390955,
                    "from": 484.691628
                }
            },
            {
                "time": "2019-09-16T16:23:10.919Z",
                "type": "SKIP",
                "source": "hotkey",
                "_t": "10:23:10",
                "_end": "-",
                "data": {
                    "t": 475.672402,
                    "Δt": 5,
                    "key": "right"
                }
            },
            {
                "time": "2019-09-16T16:23:11.814Z",
                "type": "SKIP",
                "source": "hotkey",
                "_t": "10:23:11",
                "_end": "-",
                "data": {
                    "t": 480.885441,
                    "Δt": 5,
                    "key": "right"
                }
            },
            {
                "time": "2019-09-16T16:23:12.289Z",
                "type": "SKIP",
                "source": "hotkey",
                "_t": "10:23:12",
                "_end": "-",
                "data": {
                    "t": 486.1506,
                    "Δt": 5,
                    "key": "right"
                }
            },
            {
                "time": "2019-09-16T16:23:12.905Z",
                "type": "SKIP",
                "source": "hotkey",
                "_t": "10:23:12",
                "_end": "-",
                "data": {
                    "t": 491.479785,
                    "Δt": 5,
                    "key": "right"
                }
            },
            {
                "time": "2019-09-16T16:23:13.397Z",
                "type": "SKIP",
                "source": "hotkey",
                "_t": "10:23:13",
                "_end": "-",
                "data": {
                    "t": 496.781246,
                    "Δt": 5,
                    "key": "right"
                }
            },
            {
                "time": "2019-09-16T16:23:13.439Z",
                "type": "SKIP",
                "source": "hotkey",
                "_t": "10:23:13",
                "_end": "-",
                "data": {
                    "t": 501.781246,
                    "Δt": 5,
                    "key": "right"
                }
            },
            {
                "time": "2019-09-16T16:23:13.510Z",
                "type": "SKIP",
                "source": "hotkey",
                "_t": "10:23:13",
                "_end": "-",
                "data": {
                    "t": 506.781246,
                    "Δt": 5,
                    "key": "right"
                }
            },
            {
                "time": "2019-09-16T16:23:13.511Z",
                "type": "SKIP",
                "source": "hotkey",
                "_t": "10:23:13",
                "_end": "-",
                "data": {
                    "t": 511.781246,
                    "Δt": 5,
                    "key": "right"
                }
            },
            {
                "time": "2019-09-16T16:23:14.161Z",
                "type": "SKIP",
                "source": "hotkey",
                "_t": "10:23:14",
                "_end": "-",
                "data": {
                    "t": 516.781246,
                    "Δt": 5,
                    "key": "right"
                }
            },
            {
                "time": "2019-09-16T16:23:16.566Z",
                "type": "SKIP",
                "source": "hotkey",
                "_t": "10:23:16",
                "_end": "-",
                "data": {
                    "t": 523.446406,
                    "Δt": -5,
                    "key": "left"
                }
            },
            {
                "time": {
                    "start": "2019-09-16T16:19:33.789Z",
                    "end": "2019-09-16T16:23:18.230Z"
                },
                "type": "SCRUB",
                "source": "data:drag",
                "_t": "10:19:33",
                "_end": "10:23:18",
                "data": {
                    "time": 519.519658
                }
            },
            {
                "time": "2019-09-16T16:23:19.520Z",
                "type": "SKIP",
                "source": "hotkey",
                "_t": "10:23:19",
                "_end": "-",
                "data": {
                    "t": 520.81097,
                    "Δt": 5,
                    "key": "right"
                }
            },
            {
                "time": "2019-09-16T16:23:19.970Z",
                "type": "SKIP",
                "source": "hotkey",
                "_t": "10:23:19",
                "_end": "-",
                "data": {
                    "t": 526.113392,
                    "Δt": 5,
                    "key": "right"
                }
            },
            {
                "time": "2019-09-16T16:23:20.721Z",
                "type": "SKIP",
                "source": "hotkey",
                "_t": "10:23:20",
                "_end": "-",
                "data": {
                    "t": 531.221922,
                    "Δt": 5,
                    "key": "right"
                }
            },
            {
                "time": "2019-09-16T16:23:21.221Z",
                "type": "SKIP",
                "source": "hotkey",
                "_t": "10:23:21",
                "_end": "-",
                "data": {
                    "t": 536.221921,
                    "Δt": 5,
                    "key": "right"
                }
            },
            {
                "time": "2019-09-16T16:23:21.253Z",
                "type": "SKIP",
                "source": "hotkey",
                "_t": "10:23:21",
                "_end": "-",
                "data": {
                    "t": 541.221921,
                    "Δt": 5,
                    "key": "right"
                }
            },
            {
                "time": "2019-09-16T16:23:21.315Z",
                "type": "SKIP",
                "source": "hotkey",
                "_t": "10:23:21",
                "_end": "-",
                "data": {
                    "t": 546.221921,
                    "Δt": 5,
                    "key": "right"
                }
            },
            {
                "time": "2019-09-16T16:23:21.321Z",
                "type": "SKIP",
                "source": "hotkey",
                "_t": "10:23:21",
                "_end": "-",
                "data": {
                    "t": 551.221921,
                    "Δt": 5,
                    "key": "right"
                }
            },
            {
                "time": "2019-09-16T16:23:21.354Z",
                "type": "SKIP",
                "source": "hotkey",
                "_t": "10:23:21",
                "_end": "-",
                "data": {
                    "t": 556.221921,
                    "Δt": 5,
                    "key": "right"
                }
            },
            {
                "time": "2019-09-16T16:23:21.388Z",
                "type": "SKIP",
                "source": "hotkey",
                "_t": "10:23:21",
                "_end": "-",
                "data": {
                    "t": 561.221921,
                    "Δt": 5,
                    "key": "right"
                }
            },
            {
                "time": "2019-09-16T16:23:21.421Z",
                "type": "SKIP",
                "source": "hotkey",
                "_t": "10:23:21",
                "_end": "-",
                "data": {
                    "t": 566.221921,
                    "Δt": 5,
                    "key": "right"
                }
            },
            {
                "time": "2019-09-16T16:23:21.452Z",
                "type": "SKIP",
                "source": "hotkey",
                "_t": "10:23:21",
                "_end": "-",
                "data": {
                    "t": 571.221921,
                    "Δt": 5,
                    "key": "right"
                }
            },
            {
                "time": "2019-09-16T16:23:22.220Z",
                "type": "SKIP",
                "source": "hotkey",
                "_t": "10:23:22",
                "_end": "-",
                "data": {
                    "t": 576.437244,
                    "Δt": 5,
                    "key": "right"
                }
            }
        ]
    }
}