{
    "user_id": "Orange 4",
    "session_id": "5d154da781249f67dd06aaad",
    "study": "studyE",
    "workspace": "drywall.drywall-blue",
    "details": {
        "workspace": "drywall.drywall-blue",
        "labels": [
            {
                "time": 113.090297,
                "endTime": 129.841003,
                "type": "measuring",
                "id": 1
            },
            {
                "time": 141.230977,
                "endTime": 141.230977,
                "type": "measuring",
                "id": 3
            },
            {
                "time": 145.07778,
                "endTime": 156.545176,
                "type": "measuring",
                "id": 4
            },
            {
                "time": 163.590601,
                "endTime": 178.56779,
                "type": "measuring",
                "id": 5
            },
            {
                "time": 282.515932,
                "endTime": 294.318469,
                "type": "measuring",
                "id": 6
            },
            {
                "time": 319.469604,
                "endTime": 336.150976,
                "type": "cutting",
                "id": 7
            }
        ],
        "_starts": [
            "2019-06-27T23:22:06.000Z"
        ],
        "_ends": [
            "2019-06-27T23:25:48.801Z",
            "2019-06-27T23:26:23.935Z"
        ]
    },
    "labels_file": "/home/ubuntu/vat/data/user-studies/studyE/drywall-blue/Orange 4.labels.json",
    "videoFlash": 14.917947,
    "surveys": {
        "user-info": {
            "firstname": "Matthew",
            "lastname": "Porritt",
            "email": "mporr99@gmail.com"
        },
        "practice-first": {
            "question1": "4",
            "question2": "ok",
            "question3": "100",
            "question4": "4"
        },
        "practice-second": {},
        "practice-third": {},
        "practice-survey": {},
        "drywall-blue": {
            "question1": "4",
            "question2": "5",
            "question3": "40",
            "question4": "50"
        }
    },
    "logs": {
        "labelEvents": [
            {
                "time": "2019-06-27T23:23:27.126Z",
                "type": "START",
                "source": "hotkey",
                "_t": "17:23:27",
                "_end": "-",
                "data": {
                    "type": "measuring",
                    "time": 113.090297
                }
            },
            {
                "time": "2019-06-27T23:23:34.883Z",
                "type": "END",
                "source": "hotkey:ctb",
                "_t": "17:23:34",
                "_end": "-",
                "data": {
                    "lbl": {
                        "time": 113.090297,
                        "endTime": 129.841003,
                        "type": "measuring",
                        "id": 1
                    },
                    "key": "enter"
                }
            },
            {
                "time": "2019-06-27T23:23:42.161Z",
                "type": "START",
                "source": "hotkey",
                "_t": "17:23:42",
                "_end": "-",
                "data": {
                    "type": "measuring",
                    "time": 141.230977
                }
            },
            {
                "time": "2019-06-27T23:23:44.302Z",
                "type": "START",
                "source": "hotkey",
                "_t": "17:23:44",
                "_end": "-",
                "data": {
                    "type": "measuring",
                    "time": 143.380707
                }
            },
            {
                "time": "2019-06-27T23:23:46.728Z",
                "type": "END",
                "source": "data:click:h_pos",
                "_t": "17:23:46",
                "_end": "-",
                "data": {
                    "lbl": {
                        "time": 141.230977,
                        "endTime": 141.230977,
                        "type": "measuring",
                        "id": 3
                    }
                }
            },
            {
                "time": "2019-06-27T23:23:46.733Z",
                "type": "SELECT",
                "source": "data:click",
                "_t": "17:23:46",
                "_end": "-",
                "data": {
                    "time": 141.230977,
                    "endTime": 143.380707,
                    "type": "measuring",
                    "id": 2
                }
            },
            {
                "time": "2019-06-27T23:23:47.988Z",
                "type": "DELETE",
                "source": "side-bar:button",
                "_t": "17:23:47",
                "_end": "-",
                "data": {
                    "id": 2,
                    "idx": 1
                }
            },
            {
                "time": "2019-06-27T23:23:55.149Z",
                "type": "START",
                "source": "hotkey",
                "_t": "17:23:55",
                "_end": "-",
                "data": {
                    "type": "measuring",
                    "time": 145.07778
                }
            },
            {
                "time": "2019-06-27T23:24:06.621Z",
                "type": "END",
                "source": "hotkey:ctb",
                "_t": "17:24:06",
                "_end": "-",
                "data": {
                    "lbl": {
                        "time": 145.07778,
                        "endTime": 156.545176,
                        "type": "measuring",
                        "id": 4
                    },
                    "key": "enter"
                }
            },
            {
                "time": "2019-06-27T23:24:13.662Z",
                "type": "START",
                "source": "hotkey",
                "_t": "17:24:13",
                "_end": "-",
                "data": {
                    "type": "measuring",
                    "time": 163.590601
                }
            },
            {
                "time": "2019-06-27T23:24:24.347Z",
                "type": "END",
                "source": "hotkey:ctb",
                "_t": "17:24:24",
                "_end": "-",
                "data": {
                    "lbl": {
                        "time": 163.590601,
                        "endTime": 178.56779,
                        "type": "measuring",
                        "id": 5
                    },
                    "key": "enter"
                }
            },
            {
                "time": "2019-06-27T23:24:52.029Z",
                "type": "START",
                "source": "hotkey",
                "_t": "17:24:52",
                "_end": "-",
                "data": {
                    "type": "measuring",
                    "time": 282.515932
                }
            },
            {
                "time": "2019-06-27T23:25:04.157Z",
                "type": "END",
                "source": "hotkey:ctb",
                "_t": "17:25:04",
                "_end": "-",
                "data": {
                    "lbl": {
                        "time": 282.515932,
                        "endTime": 294.318469,
                        "type": "measuring",
                        "id": 6
                    },
                    "key": "enter"
                }
            },
            {
                "time": "2019-06-27T23:25:45.699Z",
                "type": "START",
                "source": "hotkey",
                "_t": "17:25:45",
                "_end": "-",
                "data": {
                    "type": "cutting",
                    "time": 319.469604
                }
            },
            {
                "time": "2019-06-27T23:25:47.902Z",
                "type": "END",
                "source": "hotkey:ctb",
                "_t": "17:25:47",
                "_end": "-",
                "data": {
                    "lbl": {
                        "time": 319.469604,
                        "endTime": 336.150976,
                        "type": "cutting",
                        "id": 7
                    },
                    "key": "enter"
                }
            }
        ],
        "navigationEvents": [
            {
                "time": "2019-06-27T23:23:09.281Z",
                "type": "SKIP",
                "source": "hotkey",
                "_t": "17:23:09",
                "_end": "-",
                "data": {
                    "t": 30.483803,
                    "Δt": 5,
                    "key": "right"
                }
            },
            {
                "time": "2019-06-27T23:23:10.451Z",
                "type": "SKIP",
                "source": "hotkey",
                "_t": "17:23:10",
                "_end": "-",
                "data": {
                    "t": 36.447074,
                    "Δt": 5,
                    "key": "right"
                }
            },
            {
                "time": "2019-06-27T23:23:13.860Z",
                "type": "SKIP",
                "source": "hotkey",
                "_t": "17:23:13",
                "_end": "-",
                "data": {
                    "t": 44.656556,
                    "Δt": 5,
                    "key": "right"
                }
            },
            {
                "time": "2019-06-27T23:23:14.492Z",
                "type": "SKIP",
                "source": "hotkey",
                "_t": "17:23:14",
                "_end": "-",
                "data": {
                    "t": 50.108557,
                    "Δt": 5,
                    "key": "right"
                }
            },
            {
                "time": "2019-06-27T23:23:15.292Z",
                "type": "SKIP",
                "source": "hotkey",
                "_t": "17:23:15",
                "_end": "-",
                "data": {
                    "t": 55.387022,
                    "Δt": 5,
                    "key": "right"
                }
            },
            {
                "time": "2019-06-27T23:23:16.187Z",
                "type": "SKIP",
                "source": "hotkey",
                "_t": "17:23:16",
                "_end": "-",
                "data": {
                    "t": 60.869197,
                    "Δt": 5,
                    "key": "right"
                }
            },
            {
                "time": "2019-06-27T23:23:16.972Z",
                "type": "SKIP",
                "source": "hotkey",
                "_t": "17:23:16",
                "_end": "-",
                "data": {
                    "t": 66.432995,
                    "Δt": 5,
                    "key": "right"
                }
            },
            {
                "time": "2019-06-27T23:23:18.060Z",
                "type": "SKIP",
                "source": "hotkey",
                "_t": "17:23:18",
                "_end": "-",
                "data": {
                    "t": 72.323632,
                    "Δt": 5,
                    "key": "right"
                }
            },
            {
                "time": "2019-06-27T23:23:18.523Z",
                "type": "SKIP",
                "source": "hotkey",
                "_t": "17:23:18",
                "_end": "-",
                "data": {
                    "t": 77.584182,
                    "Δt": 5,
                    "key": "right"
                }
            },
            {
                "time": "2019-06-27T23:23:18.910Z",
                "type": "SKIP",
                "source": "hotkey",
                "_t": "17:23:18",
                "_end": "-",
                "data": {
                    "t": 82.794288,
                    "Δt": 5,
                    "key": "right"
                }
            },
            {
                "time": "2019-06-27T23:23:19.212Z",
                "type": "SKIP",
                "source": "hotkey",
                "_t": "17:23:19",
                "_end": "-",
                "data": {
                    "t": 87.823554,
                    "Δt": 5,
                    "key": "right"
                }
            },
            {
                "time": "2019-06-27T23:23:19.659Z",
                "type": "SKIP",
                "source": "hotkey",
                "_t": "17:23:19",
                "_end": "-",
                "data": {
                    "t": 92.823554,
                    "Δt": 5,
                    "key": "right"
                }
            },
            {
                "time": "2019-06-27T23:23:20.300Z",
                "type": "SKIP",
                "source": "hotkey",
                "_t": "17:23:20",
                "_end": "-",
                "data": {
                    "t": 97.957328,
                    "Δt": 5,
                    "key": "right"
                }
            },
            {
                "time": "2019-06-27T23:23:20.924Z",
                "type": "SKIP",
                "source": "hotkey",
                "_t": "17:23:20",
                "_end": "-",
                "data": {
                    "t": 103.045604,
                    "Δt": 5,
                    "key": "right"
                }
            },
            {
                "time": "2019-06-27T23:23:22.850Z",
                "type": "SKIP",
                "source": "hotkey",
                "_t": "17:23:22",
                "_end": "-",
                "data": {
                    "t": 109.498453,
                    "Δt": 5,
                    "key": "right"
                }
            },
            {
                "time": "2019-06-27T23:23:23.949Z",
                "type": "SKIP",
                "source": "hotkey",
                "_t": "17:23:23",
                "_end": "-",
                "data": {
                    "t": 115.102667,
                    "Δt": -5,
                    "key": "left"
                }
            },
            {
                "time": "2019-06-27T23:23:29.498Z",
                "type": "SKIP",
                "source": "hotkey",
                "_t": "17:23:29",
                "_end": "-",
                "data": {
                    "t": 115.465028,
                    "Δt": 5,
                    "key": "right"
                }
            },
            {
                "time": "2019-06-27T23:23:30.345Z",
                "type": "SKIP",
                "source": "hotkey",
                "_t": "17:23:30",
                "_end": "-",
                "data": {
                    "t": 120.910625,
                    "Δt": 5,
                    "key": "right"
                }
            },
            {
                "time": "2019-06-27T23:23:31.064Z",
                "type": "SKIP",
                "source": "hotkey",
                "_t": "17:23:31",
                "_end": "-",
                "data": {
                    "t": 126.387041,
                    "Δt": 5,
                    "key": "right"
                }
            },
            {
                "time": "2019-06-27T23:23:32.123Z",
                "type": "SKIP",
                "source": "hotkey",
                "_t": "17:23:32",
                "_end": "-",
                "data": {
                    "t": 132.248732,
                    "Δt": -5,
                    "key": "left"
                }
            },
            {
                "time": "2019-06-27T23:23:35.884Z",
                "type": "SKIP",
                "source": "hotkey",
                "_t": "17:23:35",
                "_end": "-",
                "data": {
                    "t": 130.841777,
                    "Δt": 5,
                    "key": "right"
                }
            },
            {
                "time": "2019-06-27T23:23:36.521Z",
                "type": "SKIP",
                "source": "hotkey",
                "_t": "17:23:36",
                "_end": "-",
                "data": {
                    "t": 136.318713,
                    "Δt": 5,
                    "key": "right"
                }
            },
            {
                "time": "2019-06-27T23:23:37.852Z",
                "type": "SKIP",
                "source": "hotkey",
                "_t": "17:23:37",
                "_end": "-",
                "data": {
                    "t": 142.120548,
                    "Δt": -5,
                    "key": "left"
                }
            },
            {
                "time": "2019-06-27T23:23:45.310Z",
                "type": "PAUSE",
                "source": "video:button",
                "_t": "17:23:45",
                "_end": "-"
            },
            {
                "time": {
                    "start": "2019-06-27T23:22:06.434Z",
                    "end": "2019-06-27T23:23:46.724Z"
                },
                "type": "SCRUB",
                "source": "data:drag",
                "_t": "17:22:06",
                "_end": "17:23:46",
                "data": {
                    "time": 144.381028
                }
            },
            {
                "time": "2019-06-27T23:23:49.308Z",
                "type": "PLAY",
                "source": "video:button",
                "_t": "17:23:49",
                "_end": "-"
            },
            {
                "time": "2019-06-27T23:23:49.883Z",
                "type": "SKIP",
                "source": "hotkey",
                "_t": "17:23:49",
                "_end": "-",
                "data": {
                    "t": 144.97762,
                    "Δt": -5,
                    "key": "left"
                }
            },
            {
                "time": "2019-06-27T23:24:16.030Z",
                "type": "SKIP",
                "source": "hotkey",
                "_t": "17:24:16",
                "_end": "-",
                "data": {
                    "t": 165.959204,
                    "Δt": 5,
                    "key": "right"
                }
            },
            {
                "time": "2019-06-27T23:24:20.285Z",
                "type": "SKIP",
                "source": "hotkey",
                "_t": "17:24:20",
                "_end": "-",
                "data": {
                    "t": 175.002234,
                    "Δt": 5,
                    "key": "right"
                }
            },
            {
                "time": "2019-06-27T23:24:21.437Z",
                "type": "SKIP",
                "source": "hotkey",
                "_t": "17:24:21",
                "_end": "-",
                "data": {
                    "t": 180.827446,
                    "Δt": -5,
                    "key": "left"
                }
            },
            {
                "time": "2019-06-27T23:24:25.246Z",
                "type": "SKIP",
                "source": "hotkey",
                "_t": "17:24:25",
                "_end": "-",
                "data": {
                    "t": 179.467391,
                    "Δt": 5,
                    "key": "right"
                }
            },
            {
                "time": "2019-06-27T23:24:26.226Z",
                "type": "SKIP",
                "source": "hotkey",
                "_t": "17:24:26",
                "_end": "-",
                "data": {
                    "t": 185.212055,
                    "Δt": 5,
                    "key": "right"
                }
            },
            {
                "time": "2019-06-27T23:24:28.638Z",
                "type": "SKIP",
                "source": "hotkey",
                "_t": "17:24:28",
                "_end": "-",
                "data": {
                    "t": 192.06182,
                    "Δt": 5,
                    "key": "right"
                }
            },
            {
                "time": "2019-06-27T23:24:30.189Z",
                "type": "SKIP",
                "source": "hotkey",
                "_t": "17:24:30",
                "_end": "-",
                "data": {
                    "t": 198.397072,
                    "Δt": 5,
                    "key": "right"
                }
            },
            {
                "time": "2019-06-27T23:24:31.113Z",
                "type": "SKIP",
                "source": "hotkey",
                "_t": "17:24:31",
                "_end": "-",
                "data": {
                    "t": 204.130501,
                    "Δt": 5,
                    "key": "right"
                }
            },
            {
                "time": "2019-06-27T23:24:31.597Z",
                "type": "SKIP",
                "source": "hotkey",
                "_t": "17:24:31",
                "_end": "-",
                "data": {
                    "t": 209.411637,
                    "Δt": 5,
                    "key": "right"
                }
            },
            {
                "time": "2019-06-27T23:24:32.157Z",
                "type": "SKIP",
                "source": "hotkey",
                "_t": "17:24:32",
                "_end": "-",
                "data": {
                    "t": 214.791638,
                    "Δt": 5,
                    "key": "right"
                }
            },
            {
                "time": "2019-06-27T23:24:32.701Z",
                "type": "SKIP",
                "source": "hotkey",
                "_t": "17:24:32",
                "_end": "-",
                "data": {
                    "t": 219.94623,
                    "Δt": 5,
                    "key": "right"
                }
            },
            {
                "time": "2019-06-27T23:24:33.181Z",
                "type": "SKIP",
                "source": "hotkey",
                "_t": "17:24:33",
                "_end": "-",
                "data": {
                    "t": 225.232708,
                    "Δt": 5,
                    "key": "right"
                }
            },
            {
                "time": "2019-06-27T23:24:33.709Z",
                "type": "SKIP",
                "source": "hotkey",
                "_t": "17:24:33",
                "_end": "-",
                "data": {
                    "t": 230.566065,
                    "Δt": 5,
                    "key": "right"
                }
            },
            {
                "time": "2019-06-27T23:24:34.491Z",
                "type": "SKIP",
                "source": "hotkey",
                "_t": "17:24:34",
                "_end": "-",
                "data": {
                    "t": 235.839869,
                    "Δt": 5,
                    "key": "right"
                }
            },
            {
                "time": "2019-06-27T23:24:36.161Z",
                "type": "SKIP",
                "source": "hotkey",
                "_t": "17:24:36",
                "_end": "-",
                "data": {
                    "t": 242.060714,
                    "Δt": 5,
                    "key": "right"
                }
            },
            {
                "time": "2019-06-27T23:24:36.797Z",
                "type": "SKIP",
                "source": "hotkey",
                "_t": "17:24:36",
                "_end": "-",
                "data": {
                    "t": 247.20202,
                    "Δt": 5,
                    "key": "right"
                }
            },
            {
                "time": "2019-06-27T23:24:37.420Z",
                "type": "SKIP",
                "source": "hotkey",
                "_t": "17:24:37",
                "_end": "-",
                "data": {
                    "t": 252.436271,
                    "Δt": 5,
                    "key": "right"
                }
            },
            {
                "time": "2019-06-27T23:24:37.917Z",
                "type": "SKIP",
                "source": "hotkey",
                "_t": "17:24:37",
                "_end": "-",
                "data": {
                    "t": 257.721505,
                    "Δt": 5,
                    "key": "right"
                }
            },
            {
                "time": "2019-06-27T23:24:38.364Z",
                "type": "SKIP",
                "source": "hotkey",
                "_t": "17:24:38",
                "_end": "-",
                "data": {
                    "t": 262.991791,
                    "Δt": 5,
                    "key": "right"
                }
            },
            {
                "time": "2019-06-27T23:24:38.896Z",
                "type": "SKIP",
                "source": "hotkey",
                "_t": "17:24:38",
                "_end": "-",
                "data": {
                    "t": 268.217597,
                    "Δt": 5,
                    "key": "right"
                }
            },
            {
                "time": "2019-06-27T23:24:39.565Z",
                "type": "SKIP",
                "source": "hotkey",
                "_t": "17:24:39",
                "_end": "-",
                "data": {
                    "t": 273.217597,
                    "Δt": 5,
                    "key": "right"
                }
            },
            {
                "time": "2019-06-27T23:24:40.626Z",
                "type": "SKIP",
                "source": "hotkey",
                "_t": "17:24:40",
                "_end": "-",
                "data": {
                    "t": 278.688158,
                    "Δt": 5,
                    "key": "right"
                }
            },
            {
                "time": "2019-06-27T23:24:41.498Z",
                "type": "SKIP",
                "source": "hotkey",
                "_t": "17:24:41",
                "_end": "-",
                "data": {
                    "t": 283.915057,
                    "Δt": 5,
                    "key": "right"
                }
            },
            {
                "time": "2019-06-27T23:24:42.188Z",
                "type": "SKIP",
                "source": "hotkey",
                "_t": "17:24:42",
                "_end": "-",
                "data": {
                    "t": 289.157405,
                    "Δt": 5,
                    "key": "right"
                }
            },
            {
                "time": "2019-06-27T23:24:42.780Z",
                "type": "SKIP",
                "source": "hotkey",
                "_t": "17:24:42",
                "_end": "-",
                "data": {
                    "t": 294.409126,
                    "Δt": 5,
                    "key": "right"
                }
            },
            {
                "time": "2019-06-27T23:24:43.767Z",
                "type": "SKIP",
                "source": "hotkey",
                "_t": "17:24:43",
                "_end": "-",
                "data": {
                    "t": 300.141979,
                    "Δt": -5,
                    "key": "left"
                }
            },
            {
                "time": "2019-06-27T23:24:44.391Z",
                "type": "SKIP",
                "source": "hotkey",
                "_t": "17:24:44",
                "_end": "-",
                "data": {
                    "t": 295.615387,
                    "Δt": -5,
                    "key": "left"
                }
            },
            {
                "time": "2019-06-27T23:24:45.614Z",
                "type": "SKIP",
                "source": "hotkey",
                "_t": "17:24:45",
                "_end": "-",
                "data": {
                    "t": 291.6564,
                    "Δt": -5,
                    "key": "left"
                }
            },
            {
                "time": "2019-06-27T23:24:46.363Z",
                "type": "SKIP",
                "source": "hotkey",
                "_t": "17:24:46",
                "_end": "-",
                "data": {
                    "t": 287.171567,
                    "Δt": -5,
                    "key": "left"
                }
            },
            {
                "time": "2019-06-27T23:24:47.277Z",
                "type": "SKIP",
                "source": "hotkey",
                "_t": "17:24:47",
                "_end": "-",
                "data": {
                    "t": 282.971151,
                    "Δt": -5,
                    "key": "left"
                }
            },
            {
                "time": "2019-06-27T23:25:00.542Z",
                "type": "SKIP",
                "source": "hotkey",
                "_t": "17:25:00",
                "_end": "-",
                "data": {
                    "t": 291.032929,
                    "Δt": 5,
                    "key": "right"
                }
            },
            {
                "time": "2019-06-27T23:25:01.294Z",
                "type": "SKIP",
                "source": "hotkey",
                "_t": "17:25:01",
                "_end": "-",
                "data": {
                    "t": 296.589526,
                    "Δt": -5,
                    "key": "left"
                }
            },
            {
                "time": "2019-06-27T23:25:05.196Z",
                "type": "SKIP",
                "source": "hotkey",
                "_t": "17:25:05",
                "_end": "-",
                "data": {
                    "t": 295.359033,
                    "Δt": 5,
                    "key": "right"
                }
            },
            {
                "time": "2019-06-27T23:25:06.319Z",
                "type": "SKIP",
                "source": "hotkey",
                "_t": "17:25:06",
                "_end": "-",
                "data": {
                    "t": 301.341849,
                    "Δt": 5,
                    "key": "right"
                }
            },
            {
                "time": "2019-06-27T23:25:07.327Z",
                "type": "SKIP",
                "source": "hotkey",
                "_t": "17:25:07",
                "_end": "-",
                "data": {
                    "t": 306.946279,
                    "Δt": 5,
                    "key": "right"
                }
            },
            {
                "time": "2019-06-27T23:25:08.221Z",
                "type": "SKIP",
                "source": "hotkey",
                "_t": "17:25:08",
                "_end": "-",
                "data": {
                    "t": 312.607266,
                    "Δt": 5,
                    "key": "right"
                }
            },
            {
                "time": "2019-06-27T23:25:08.845Z",
                "type": "SKIP",
                "source": "hotkey",
                "_t": "17:25:08",
                "_end": "-",
                "data": {
                    "t": 318.009006,
                    "Δt": 5,
                    "key": "right"
                }
            },
            {
                "time": "2019-06-27T23:25:10.060Z",
                "type": "SKIP",
                "source": "hotkey",
                "_t": "17:25:10",
                "_end": "-",
                "data": {
                    "t": 324.026269,
                    "Δt": 5,
                    "key": "right"
                }
            },
            {
                "time": "2019-06-27T23:25:10.716Z",
                "type": "SKIP",
                "source": "hotkey",
                "_t": "17:25:10",
                "_end": "-",
                "data": {
                    "t": 329.513534,
                    "Δt": 5,
                    "key": "right"
                }
            },
            {
                "time": "2019-06-27T23:25:11.261Z",
                "type": "SKIP",
                "source": "hotkey",
                "_t": "17:25:11",
                "_end": "-",
                "data": {
                    "t": 334.894963,
                    "Δt": 5,
                    "key": "right"
                }
            },
            {
                "time": "2019-06-27T23:25:11.981Z",
                "type": "SKIP",
                "source": "hotkey",
                "_t": "17:25:11",
                "_end": "-",
                "data": {
                    "t": 340.116852,
                    "Δt": 5,
                    "key": "right"
                }
            },
            {
                "time": "2019-06-27T23:25:18.172Z",
                "type": "SKIP",
                "source": "hotkey",
                "_t": "17:25:18",
                "_end": "-",
                "data": {
                    "t": 350.876821,
                    "Δt": 5,
                    "key": "right"
                }
            },
            {
                "time": "2019-06-27T23:25:25.625Z",
                "type": "SKIP",
                "source": "hotkey",
                "_t": "17:25:25",
                "_end": "-",
                "data": {
                    "t": 363.097222,
                    "Δt": 5,
                    "key": "right"
                }
            },
            {
                "time": "2019-06-27T23:25:26.551Z",
                "type": "SKIP",
                "source": "hotkey",
                "_t": "17:25:26",
                "_end": "-",
                "data": {
                    "t": 368.840774,
                    "Δt": -5,
                    "key": "left"
                }
            },
            {
                "time": "2019-06-27T23:25:26.893Z",
                "type": "SKIP",
                "source": "hotkey",
                "_t": "17:25:26",
                "_end": "-",
                "data": {
                    "t": 363.992603,
                    "Δt": -5,
                    "key": "left"
                }
            },
            {
                "time": "2019-06-27T23:25:27.230Z",
                "type": "SKIP",
                "source": "hotkey",
                "_t": "17:25:27",
                "_end": "-",
                "data": {
                    "t": 358.997067,
                    "Δt": -5,
                    "key": "left"
                }
            },
            {
                "time": "2019-06-27T23:25:27.934Z",
                "type": "SKIP",
                "source": "hotkey",
                "_t": "17:25:27",
                "_end": "-",
                "data": {
                    "t": 354.475576,
                    "Δt": -5,
                    "key": "left"
                }
            },
            {
                "time": "2019-06-27T23:25:28.462Z",
                "type": "SKIP",
                "source": "hotkey",
                "_t": "17:25:28",
                "_end": "-",
                "data": {
                    "t": 349.851705,
                    "Δt": -5,
                    "key": "left"
                }
            },
            {
                "time": "2019-06-27T23:25:34.046Z",
                "type": "SKIP",
                "source": "hotkey",
                "_t": "17:25:34",
                "_end": "-",
                "data": {
                    "t": 349.974658,
                    "Δt": 5,
                    "key": "right"
                }
            },
            {
                "time": "2019-06-27T23:25:34.862Z",
                "type": "SKIP",
                "source": "hotkey",
                "_t": "17:25:34",
                "_end": "-",
                "data": {
                    "t": 355.619151,
                    "Δt": -5,
                    "key": "left"
                }
            },
            {
                "time": "2019-06-27T23:25:37.231Z",
                "type": "SKIP",
                "source": "hotkey",
                "_t": "17:25:37",
                "_end": "-",
                "data": {
                    "t": 352.769296,
                    "Δt": -5,
                    "key": "left"
                }
            },
            {
                "time": "2019-06-27T23:25:37.667Z",
                "type": "SKIP",
                "source": "hotkey",
                "_t": "17:25:37",
                "_end": "-",
                "data": {
                    "t": 347.995813,
                    "Δt": -5,
                    "key": "left"
                }
            },
            {
                "time": "2019-06-27T23:25:38.032Z",
                "type": "SKIP",
                "source": "hotkey",
                "_t": "17:25:38",
                "_end": "-",
                "data": {
                    "t": 343.237279,
                    "Δt": -5,
                    "key": "left"
                }
            },
            {
                "time": "2019-06-27T23:25:38.316Z",
                "type": "SKIP",
                "source": "hotkey",
                "_t": "17:25:38",
                "_end": "-",
                "data": {
                    "t": 338.254507,
                    "Δt": -5,
                    "key": "left"
                }
            },
            {
                "time": "2019-06-27T23:25:38.733Z",
                "type": "SKIP",
                "source": "hotkey",
                "_t": "17:25:38",
                "_end": "-",
                "data": {
                    "t": 333.542654,
                    "Δt": -5,
                    "key": "left"
                }
            },
            {
                "time": "2019-06-27T23:25:39.244Z",
                "type": "SKIP",
                "source": "hotkey",
                "_t": "17:25:39",
                "_end": "-",
                "data": {
                    "t": 328.809929,
                    "Δt": -5,
                    "key": "left"
                }
            },
            {
                "time": "2019-06-27T23:25:43.870Z",
                "type": "SKIP",
                "source": "hotkey",
                "_t": "17:25:43",
                "_end": "-",
                "data": {
                    "t": 328.145629,
                    "Δt": -5,
                    "key": "left"
                }
            },
            {
                "time": "2019-06-27T23:25:44.896Z",
                "type": "SKIP",
                "source": "hotkey",
                "_t": "17:25:44",
                "_end": "-",
                "data": {
                    "t": 323.952607,
                    "Δt": -5,
                    "key": "left"
                }
            },
            {
                "time": "2019-06-27T23:25:46.924Z",
                "type": "SKIP",
                "source": "hotkey",
                "_t": "17:25:46",
                "_end": "-",
                "data": {
                    "t": 320.696976,
                    "Δt": 5,
                    "key": "right"
                }
            },
            {
                "time": "2019-06-27T23:25:47.166Z",
                "type": "SKIP",
                "source": "hotkey",
                "_t": "17:25:47",
                "_end": "-",
                "data": {
                    "t": 325.786073,
                    "Δt": 5,
                    "key": "right"
                }
            },
            {
                "time": "2019-06-27T23:25:47.390Z",
                "type": "SKIP",
                "source": "hotkey",
                "_t": "17:25:47",
                "_end": "-",
                "data": {
                    "t": 330.867106,
                    "Δt": 5,
                    "key": "right"
                }
            }
        ]
    }
}