[{"time":113.25447,"endTime":130.265814,"type":"measuring","id":1},{"time":145.528751,"endTime":150.468876,"type":"measuring","id":2},{"time":151.238264,"endTime":156.311794,"type":"measuring","id":3},{"time":158.052678,"endTime":163.098891,"type":"measuring","id":4},{"time":163.098891,"endTime":167.266366,"type":"measuring","id":5},{"time":172.05283,"endTime":179.099221,"type":"measuring","id":6},{"time":284.112288,"endTime":295.035959,"type":"measuring","id":7},{"time":328.009552,"endTime":335.850311,"type":"cutting","id":8},{"time":341.280852,"endTime":343.267613,"type":"cutting","id":9},{"time":369.086782,"endTime":371.781074,"type":"cutting","id":10}]