{
    "user_id": "red4",
    "session_id": "5cf00e1981249f67dd06a999",
    "study": "studyE",
    "workspace": "drywall.drywall-blue",
    "details": {
        "workspace": "drywall.drywall-blue",
        "labels": [
            {
                "time": 112.892144,
                "endTime": 129.379159539187,
                "type": "measuring",
                "id": 1
            },
            {
                "time": 145.617715,
                "endTime": 155.161859,
                "type": "measuring",
                "id": 2
            }
        ],
        "_starts": [
            "2019-05-30T17:17:23.000Z"
        ],
        "_ends": [
            "2019-05-30T17:21:14.143Z"
        ]
    },
    "labels_file": "/home/ubuntu/vat/data/user-studies/studyE/drywall-blue/red4.labels.json",
    "videoFlash": 14.917947,
    "surveys": {
        "user-info": {
            "firstname": "Ethan",
            "lastname": "Davis",
            "email": "erdbom@gmail.com"
        },
        "practice-first": {
            "question1": "5",
            "question2": "ok",
            "question3": "50",
            "question4": "5"
        },
        "practice-second": {},
        "practice-third": {},
        "practice-survey": {}
    },
    "logs": {
        "labelEvents": [
            {
                "time": "2019-05-30T17:19:38.194Z",
                "type": "START",
                "source": "hotkey",
                "_t": "11:19:38",
                "_end": "-",
                "data": {
                    "type": "measuring",
                    "time": 112.892144
                }
            },
            {
                "time": "2019-05-30T17:20:14.924Z",
                "type": "END",
                "source": "data:click:h_pos",
                "_t": "11:20:14",
                "_end": "-",
                "data": {
                    "lbl": {
                        "time": 112.892144,
                        "endTime": 129.379159539187,
                        "type": "measuring",
                        "id": 1
                    }
                }
            },
            {
                "time": "2019-05-30T17:20:51.905Z",
                "type": "START",
                "source": "hotkey",
                "_t": "11:20:51",
                "_end": "-",
                "data": {
                    "type": "measuring",
                    "time": 145.617715
                }
            },
            {
                "time": "2019-05-30T17:21:08.348Z",
                "type": "END",
                "source": "data:click:h_pos",
                "_t": "11:21:08",
                "_end": "-",
                "data": {
                    "lbl": {
                        "time": 145.617715,
                        "endTime": 155.161859,
                        "type": "measuring",
                        "id": 2
                    }
                }
            }
        ],
        "navigationEvents": [
            {
                "time": {
                    "start": "2019-05-30T17:18:29.161Z",
                    "end": "2019-05-30T17:18:31.085Z"
                },
                "type": "SCRUB",
                "source": "video:drag",
                "_t": "11:18:29",
                "_end": "11:18:31",
                "data": {
                    "to": 30.161667,
                    "from": 26.247245
                }
            },
            {
                "time": "2019-05-30T17:18:33.718Z",
                "type": "CHANGE-PLAYBACK-RATE",
                "source": "video:menu",
                "_t": "11:18:33",
                "_end": "-",
                "data": {
                    "oldRate": 1,
                    "newRate": 2
                }
            },
            {
                "time": {
                    "start": "2019-05-30T17:18:53.929Z",
                    "end": "2019-05-30T17:18:58.665Z"
                },
                "type": "SCRUB",
                "source": "video:drag",
                "_t": "11:18:53",
                "_end": "11:18:58",
                "data": {
                    "to": 99.910524,
                    "from": 73.01938
                }
            },
            {
                "time": "2019-05-30T17:19:01.233Z",
                "type": "PAUSE",
                "source": "video:button",
                "_t": "11:19:01",
                "_end": "-"
            },
            {
                "time": "2019-05-30T17:19:02.014Z",
                "type": "PLAY",
                "source": "video:button",
                "_t": "11:19:02",
                "_end": "-"
            },
            {
                "time": "2019-05-30T17:19:05.885Z",
                "type": "PAUSE",
                "source": "video:button",
                "_t": "11:19:05",
                "_end": "-"
            },
            {
                "time": "2019-05-30T17:19:06.862Z",
                "type": "PLAY",
                "source": "video:button",
                "_t": "11:19:06",
                "_end": "-"
            },
            {
                "time": "2019-05-30T17:19:07.280Z",
                "type": "PAUSE",
                "source": "video:button",
                "_t": "11:19:07",
                "_end": "-"
            },
            {
                "time": "2019-05-30T17:19:09.102Z",
                "type": "PLAY",
                "source": "video:button",
                "_t": "11:19:09",
                "_end": "-"
            },
            {
                "time": "2019-05-30T17:19:09.749Z",
                "type": "PAUSE",
                "source": "video:button",
                "_t": "11:19:09",
                "_end": "-"
            },
            {
                "time": {
                    "start": "2019-05-30T17:19:12.183Z",
                    "end": "2019-05-30T17:19:13.061Z"
                },
                "type": "SCRUB",
                "source": "video:drag",
                "_t": "11:19:12",
                "_end": "11:19:13",
                "data": {
                    "to": 112.163702,
                    "from": 114.720158
                }
            },
            {
                "time": "2019-05-30T17:19:14.998Z",
                "type": "PLAY",
                "source": "video:button",
                "_t": "11:19:14",
                "_end": "-"
            },
            {
                "time": "2019-05-30T17:19:15.841Z",
                "type": "PAUSE",
                "source": "video:button",
                "_t": "11:19:15",
                "_end": "-"
            },
            {
                "time": "2019-05-30T17:19:18.794Z",
                "type": "CHANGE-PLAYBACK-RATE",
                "source": "video:menu",
                "_t": "11:19:18",
                "_end": "-",
                "data": {
                    "oldRate": 2,
                    "newRate": 0.5
                }
            },
            {
                "time": {
                    "start": "2019-05-30T17:19:20.289Z",
                    "end": "2019-05-30T17:19:21.798Z"
                },
                "type": "SCRUB",
                "source": "video:drag",
                "_t": "11:19:20",
                "_end": "11:19:21",
                "data": {
                    "to": 108.393493,
                    "from": 113.677529
                }
            },
            {
                "time": "2019-05-30T17:19:22.447Z",
                "type": "PLAY",
                "source": "video:button",
                "_t": "11:19:22",
                "_end": "-"
            },
            {
                "time": "2019-05-30T17:19:31.533Z",
                "type": "PAUSE",
                "source": "video:button",
                "_t": "11:19:31",
                "_end": "-"
            },
            {
                "time": "2019-05-30T17:19:40.479Z",
                "type": "PLAY",
                "source": "video:button",
                "_t": "11:19:40",
                "_end": "-"
            },
            {
                "time": "2019-05-30T17:19:41.917Z",
                "type": "PAUSE",
                "source": "video:button",
                "_t": "11:19:41",
                "_end": "-"
            },
            {
                "time": "2019-05-30T17:19:42.510Z",
                "type": "PLAY",
                "source": "video:button",
                "_t": "11:19:42",
                "_end": "-"
            },
            {
                "time": {
                    "start": "2019-05-30T17:17:23.198Z",
                    "end": "2019-05-30T17:20:14.903Z"
                },
                "type": "SCRUB",
                "source": "data:drag",
                "_t": "11:17:23",
                "_end": "11:20:14",
                "data": {
                    "time": 129.807037
                }
            },
            {
                "time": "2019-05-30T17:20:19.578Z",
                "type": "CHANGE-PLAYBACK-RATE",
                "source": "video:menu",
                "_t": "11:20:19",
                "_end": "-",
                "data": {
                    "oldRate": 0.5,
                    "newRate": 2
                }
            },
            {
                "time": "2019-05-30T17:20:24.331Z",
                "type": "PAUSE",
                "source": "video:button",
                "_t": "11:20:24",
                "_end": "-"
            },
            {
                "time": "2019-05-30T17:20:26.686Z",
                "type": "CHANGE-PLAYBACK-RATE",
                "source": "video:menu",
                "_t": "11:20:26",
                "_end": "-",
                "data": {
                    "oldRate": 2,
                    "newRate": 0.25
                }
            },
            {
                "time": {
                    "start": "2019-05-30T17:17:23.198Z",
                    "end": "2019-05-30T17:20:49.607Z"
                },
                "type": "SCRUB",
                "source": "data:drag",
                "_t": "11:17:23",
                "_end": "11:20:49",
                "data": {
                    "time": 145.617715
                }
            },
            {
                "time": {
                    "start": "2019-05-30T17:17:23.198Z",
                    "end": "2019-05-30T17:21:06.896Z"
                },
                "type": "SCRUB",
                "source": "data:drag",
                "_t": "11:17:23",
                "_end": "11:21:06",
                "data": {
                    "time": 155.161859
                }
            },
            {
                "time": {
                    "start": "2019-05-30T17:17:23.198Z",
                    "end": "2019-05-30T17:21:08.344Z"
                },
                "type": "SCRUB",
                "source": "data:drag",
                "_t": "11:17:23",
                "_end": "11:21:08",
                "data": {
                    "time": 155.161859
                }
            },
            {
                "time": "2019-05-30T17:21:10.051Z",
                "type": "PLAY",
                "source": "hotkey",
                "_t": "11:21:10",
                "_end": "-",
                "data": {
                    "key": "space"
                }
            }
        ]
    }
}