[{"time":11.83062,"endTime":19.935200839545065,"type":"measuring","id":1},{"time":35.550848,"endTime":52.977867,"type":"measuring","id":2},{"time":97.062552,"endTime":98.700281,"type":"measuring","id":3},{"time":96.500472,"endTime":97.062552,"type":"cutting","id":4},{"time":199.483172,"endTime":202.788068,"type":"cutting","id":5},{"time":204.905318,"endTime":205.517276,"type":"cutting","id":6},{"time":230.962588,"endTime":234.392317,"type":"measuring","id":7},{"time":257.672545,"endTime":258.529983,"type":"cutting","id":8},{"time":324.351374,"endTime":325.247832,"type":"measuring","id":9},{"time":382.020642,"endTime":386.743517,"type":"cutting","id":10},{"time":394.754704,"endTime":403.875579,"type":"cutting","id":11},{"time":493.582781,"endTime":498.388948,"type":"cutting","id":12}]