{
    "user_id": "aqua 2",
    "session_id": "5d7fdf6b81249f67dd06adc9",
    "study": "studyE",
    "workspace": "drywall.drywall-pink",
    "details": {
        "workspace": "drywall.drywall-pink",
        "labels": [
            {
                "time": 11.83062,
                "endTime": 19.935200839545065,
                "type": "measuring",
                "id": 1
            },
            {
                "time": 35.550848,
                "endTime": 52.977867,
                "type": "measuring",
                "id": 2
            },
            {
                "time": 97.062552,
                "endTime": 98.700281,
                "type": "measuring",
                "id": 3
            },
            {
                "time": 96.500472,
                "endTime": 97.062552,
                "type": "cutting",
                "id": 4
            },
            {
                "time": 199.483172,
                "endTime": 202.788068,
                "type": "cutting",
                "id": 5
            },
            {
                "time": 204.905318,
                "endTime": 205.517276,
                "type": "cutting",
                "id": 6
            },
            {
                "time": 230.962588,
                "endTime": 234.392317,
                "type": "measuring",
                "id": 7
            },
            {
                "time": 257.672545,
                "endTime": 258.529983,
                "type": "cutting",
                "id": 8
            },
            {
                "time": 324.351374,
                "endTime": 325.247832,
                "type": "measuring",
                "id": 9
            },
            {
                "time": 382.020642,
                "endTime": 386.743517,
                "type": "cutting",
                "id": 10
            },
            {
                "time": 394.754704,
                "endTime": 403.875579,
                "type": "cutting",
                "id": 11
            },
            {
                "time": 493.582781,
                "endTime": 498.388948,
                "type": "cutting",
                "id": 12
            }
        ],
        "_starts": [
            "2019-09-16T19:46:02.000Z"
        ],
        "_ends": [
            "2019-09-16T19:49:23.498Z"
        ]
    },
    "labels_file": "/home/ubuntu/vat/data/user-studies/studyE/drywall-pink/aqua 2.labels.json",
    "videoFlash": 0.0001,
    "surveys": {
        "user-info": {
            "firstname": "Ben",
            "lastname": "Goodey",
            "email": "bgoodey@frontier.com"
        },
        "practice-first": {
            "question1": "3",
            "question2": "ok",
            "question3": "70",
            "question4": "3"
        },
        "practice-second": {},
        "practice-third": {},
        "practice-survey": {},
        "drywall-blue": {
            "question1": "4",
            "question2": "1",
            "question3": "30",
            "question4": "40"
        },
        "drywall-red": {
            "question1": "1",
            "question2": "3",
            "question3": "40",
            "question4": "90"
        },
        "drywall-orange": {
            "question1": "3",
            "question2": "1",
            "question3": "60",
            "question4": "30"
        },
        "drywall-survey": {
            "question1": "5",
            "question2": "4",
            "question3": "4",
            "question4": "5"
        },
        "gait-blue": {
            "question1": "5",
            "question2": "4",
            "question3": "80",
            "question4": "20"
        },
        "gait-red": {
            "question1": "5",
            "question2": "5",
            "question3": "70",
            "question4": "20"
        },
        "gait-yellow": {
            "question1": "4",
            "question2": "4",
            "question3": "90",
            "question4": "10"
        },
        "gait-survey": {
            "question1": "5",
            "question2": "1",
            "question3": "5",
            "question4": "5"
        }
    },
    "logs": {
        "labelEvents": [
            {
                "time": "2019-09-16T19:46:48.204Z",
                "type": "START",
                "source": "hotkey",
                "_t": "13:46:48",
                "_end": "-",
                "data": {
                    "type": "measuring",
                    "time": 11.83062
                }
            },
            {
                "time": "2019-09-16T19:46:56.815Z",
                "type": "END",
                "source": "hotkey:h_pos",
                "_t": "13:46:56",
                "_end": "-",
                "data": {
                    "lbl": {
                        "time": 11.83062,
                        "endTime": 19.935200839545065,
                        "type": "measuring",
                        "id": 1
                    },
                    "key": "enter"
                }
            },
            {
                "time": "2019-09-16T19:47:03.794Z",
                "type": "START",
                "source": "hotkey",
                "_t": "13:47:03",
                "_end": "-",
                "data": {
                    "type": "measuring",
                    "time": 35.550848
                }
            },
            {
                "time": "2019-09-16T19:47:06.526Z",
                "type": "END",
                "source": "hotkey:ctb",
                "_t": "13:47:06",
                "_end": "-",
                "data": {
                    "lbl": {
                        "time": 35.550848,
                        "endTime": 52.977867,
                        "type": "measuring",
                        "id": 2
                    },
                    "key": "enter"
                }
            },
            {
                "time": "2019-09-16T19:47:24.912Z",
                "type": "START",
                "source": "hotkey",
                "_t": "13:47:24",
                "_end": "-",
                "data": {
                    "type": "measuring",
                    "time": 97.062552
                }
            },
            {
                "time": "2019-09-16T19:47:27.327Z",
                "type": "END",
                "source": "hotkey:ctb",
                "_t": "13:47:27",
                "_end": "-",
                "data": {
                    "lbl": {
                        "time": 97.062552,
                        "endTime": 98.700281,
                        "type": "measuring",
                        "id": 3
                    },
                    "key": "enter"
                }
            },
            {
                "time": "2019-09-16T19:47:34.857Z",
                "type": "START",
                "source": "hotkey",
                "_t": "13:47:34",
                "_end": "-",
                "data": {
                    "type": "cutting",
                    "time": 106.199552
                }
            },
            {
                "time": "2019-09-16T19:47:40.763Z",
                "type": "END",
                "source": "hotkey:ctb",
                "_t": "13:47:40",
                "_end": "-",
                "data": {
                    "lbl": {
                        "time": 106.199552,
                        "endTime": 112.161177,
                        "type": "cutting",
                        "id": 4
                    },
                    "key": "enter"
                }
            },
            {
                "time": "2019-09-16T19:47:41.981Z",
                "type": "SELECT",
                "source": "data:click",
                "_t": "13:47:41",
                "_end": "-",
                "data": {
                    "time": 106.199552,
                    "endTime": 112.161177,
                    "type": "cutting",
                    "id": 4
                }
            },
            {
                "time": "2019-09-16T19:47:42.267Z",
                "type": "DELETE",
                "source": "hotkey",
                "_t": "13:47:42",
                "_end": "-",
                "data": {
                    "id": 4,
                    "idx": 3
                }
            },
            {
                "time": "2019-09-16T19:47:49.343Z",
                "type": "START",
                "source": "hotkey",
                "_t": "13:47:49",
                "_end": "-",
                "data": {
                    "type": "cutting",
                    "time": 96.500472
                }
            },
            {
                "time": "2019-09-16T19:47:50.702Z",
                "type": "END",
                "source": "hotkey:ctb",
                "_t": "13:47:50",
                "_end": "-",
                "data": {
                    "lbl": {
                        "time": 96.500472,
                        "endTime": 97.062552,
                        "type": "cutting",
                        "id": 4
                    },
                    "key": "enter"
                }
            },
            {
                "time": "2019-09-16T19:48:00.946Z",
                "type": "START",
                "source": "hotkey",
                "_t": "13:48:00",
                "_end": "-",
                "data": {
                    "type": "cutting",
                    "time": 199.483172
                }
            },
            {
                "time": "2019-09-16T19:48:04.627Z",
                "type": "END",
                "source": "hotkey:ctb",
                "_t": "13:48:04",
                "_end": "-",
                "data": {
                    "lbl": {
                        "time": 199.483172,
                        "endTime": 202.788068,
                        "type": "cutting",
                        "id": 5
                    },
                    "key": "enter"
                }
            },
            {
                "time": "2019-09-16T19:48:06.794Z",
                "type": "START",
                "source": "hotkey",
                "_t": "13:48:06",
                "_end": "-",
                "data": {
                    "type": "cutting",
                    "time": 204.905318
                }
            },
            {
                "time": "2019-09-16T19:48:07.370Z",
                "type": "END",
                "source": "hotkey:ctb",
                "_t": "13:48:07",
                "_end": "-",
                "data": {
                    "lbl": {
                        "time": 204.905318,
                        "endTime": 205.517276,
                        "type": "cutting",
                        "id": 6
                    },
                    "key": "enter"
                }
            },
            {
                "time": "2019-09-16T19:48:13.038Z",
                "type": "START",
                "source": "hotkey",
                "_t": "13:48:13",
                "_end": "-",
                "data": {
                    "type": "measuring",
                    "time": 230.962588
                }
            },
            {
                "time": "2019-09-16T19:48:16.475Z",
                "type": "END",
                "source": "hotkey:ctb",
                "_t": "13:48:16",
                "_end": "-",
                "data": {
                    "lbl": {
                        "time": 230.962588,
                        "endTime": 234.392317,
                        "type": "measuring",
                        "id": 7
                    },
                    "key": "enter"
                }
            },
            {
                "time": "2019-09-16T19:48:20.086Z",
                "type": "START",
                "source": "hotkey",
                "_t": "13:48:20",
                "_end": "-",
                "data": {
                    "type": "cutting",
                    "time": 257.672545
                }
            },
            {
                "time": "2019-09-16T19:48:20.944Z",
                "type": "END",
                "source": "hotkey:ctb",
                "_t": "13:48:20",
                "_end": "-",
                "data": {
                    "lbl": {
                        "time": 257.672545,
                        "endTime": 258.529983,
                        "type": "cutting",
                        "id": 8
                    },
                    "key": "enter"
                }
            },
            {
                "time": "2019-09-16T19:48:32.564Z",
                "type": "START",
                "source": "hotkey",
                "_t": "13:48:32",
                "_end": "-",
                "data": {
                    "type": "measuring",
                    "time": 324.351374
                }
            },
            {
                "time": "2019-09-16T19:48:33.468Z",
                "type": "END",
                "source": "hotkey:ctb",
                "_t": "13:48:33",
                "_end": "-",
                "data": {
                    "lbl": {
                        "time": 324.351374,
                        "endTime": 325.247832,
                        "type": "measuring",
                        "id": 9
                    },
                    "key": "enter"
                }
            },
            {
                "time": "2019-09-16T19:48:45.873Z",
                "type": "START",
                "source": "hotkey",
                "_t": "13:48:45",
                "_end": "-",
                "data": {
                    "type": "cutting",
                    "time": 382.020642
                }
            },
            {
                "time": "2019-09-16T19:48:50.591Z",
                "type": "END",
                "source": "hotkey:ctb",
                "_t": "13:48:50",
                "_end": "-",
                "data": {
                    "lbl": {
                        "time": 382.020642,
                        "endTime": 386.743517,
                        "type": "cutting",
                        "id": 10
                    },
                    "key": "enter"
                }
            },
            {
                "time": "2019-09-16T19:48:53.699Z",
                "type": "START",
                "source": "hotkey",
                "_t": "13:48:53",
                "_end": "-",
                "data": {
                    "type": "cutting",
                    "time": 394.754704
                }
            },
            {
                "time": "2019-09-16T19:49:02.861Z",
                "type": "END",
                "source": "hotkey:ctb",
                "_t": "13:49:02",
                "_end": "-",
                "data": {
                    "lbl": {
                        "time": 394.754704,
                        "endTime": 403.875579,
                        "type": "cutting",
                        "id": 11
                    },
                    "key": "enter"
                }
            },
            {
                "time": "2019-09-16T19:49:18.670Z",
                "type": "START",
                "source": "hotkey",
                "_t": "13:49:18",
                "_end": "-",
                "data": {
                    "type": "cutting",
                    "time": 493.582781
                }
            },
            {
                "time": "2019-09-16T19:49:23.478Z",
                "type": "END",
                "source": "hotkey:ctb",
                "_t": "13:49:23",
                "_end": "-",
                "data": {
                    "lbl": {
                        "time": 493.582781,
                        "endTime": 498.388948,
                        "type": "cutting",
                        "id": 12
                    },
                    "key": "enter"
                }
            }
        ],
        "navigationEvents": [
            {
                "time": {
                    "start": "2019-09-16T19:46:29.884Z",
                    "end": "2019-09-16T19:46:29.948Z"
                },
                "type": "SCRUB",
                "source": "video:drag",
                "_t": "13:46:29",
                "_end": "13:46:29",
                "data": {
                    "to": 28.80693240034364,
                    "from": 5.552558
                }
            },
            {
                "time": {
                    "start": "2019-09-16T19:46:30.502Z",
                    "end": "2019-09-16T19:46:30.586Z"
                },
                "type": "SCRUB",
                "source": "video:drag",
                "_t": "13:46:30",
                "_end": "13:46:30",
                "data": {
                    "to": 6.9533974759450174,
                    "from": 29.329682
                }
            },
            {
                "time": "2019-09-16T19:46:35.963Z",
                "type": "PAUSE",
                "source": "hotkey",
                "_t": "13:46:35",
                "_end": "-",
                "data": {
                    "key": "space"
                }
            },
            {
                "time": "2019-09-16T19:46:38.556Z",
                "type": "PLAY",
                "source": "hotkey",
                "_t": "13:46:38",
                "_end": "-",
                "data": {
                    "key": "space"
                }
            },
            {
                "time": "2019-09-16T19:46:55.295Z",
                "type": "PAUSE",
                "source": "hotkey",
                "_t": "13:46:55",
                "_end": "-",
                "data": {
                    "key": "space"
                }
            },
            {
                "time": "2019-09-16T19:46:57.086Z",
                "type": "PLAY",
                "source": "hotkey",
                "_t": "13:46:57",
                "_end": "-",
                "data": {
                    "key": "space"
                }
            },
            {
                "time": "2019-09-16T19:46:59.433Z",
                "type": "SKIP",
                "source": "hotkey",
                "_t": "13:46:59",
                "_end": "-",
                "data": {
                    "t": 21.324641,
                    "Δt": 5,
                    "key": "right"
                }
            },
            {
                "time": "2019-09-16T19:47:00.182Z",
                "type": "SKIP",
                "source": "hotkey",
                "_t": "13:47:00",
                "_end": "-",
                "data": {
                    "t": 27.013161,
                    "Δt": 5,
                    "key": "right"
                }
            },
            {
                "time": "2019-09-16T19:47:04.958Z",
                "type": "SKIP",
                "source": "hotkey",
                "_t": "13:47:04",
                "_end": "-",
                "data": {
                    "t": 36.694098,
                    "Δt": 5,
                    "key": "right"
                }
            },
            {
                "time": "2019-09-16T19:47:05.521Z",
                "type": "SKIP",
                "source": "hotkey",
                "_t": "13:47:05",
                "_end": "-",
                "data": {
                    "t": 42.135743,
                    "Δt": 5,
                    "key": "right"
                }
            },
            {
                "time": "2019-09-16T19:47:06.025Z",
                "type": "SKIP",
                "source": "hotkey",
                "_t": "13:47:06",
                "_end": "-",
                "data": {
                    "t": 47.534201,
                    "Δt": 5,
                    "key": "right"
                }
            },
            {
                "time": "2019-09-16T19:47:11.442Z",
                "type": "SKIP",
                "source": "hotkey",
                "_t": "13:47:11",
                "_end": "-",
                "data": {
                    "t": 57.910534,
                    "Δt": 5,
                    "key": "right"
                }
            },
            {
                "time": "2019-09-16T19:47:11.856Z",
                "type": "SKIP",
                "source": "hotkey",
                "_t": "13:47:11",
                "_end": "-",
                "data": {
                    "t": 63.233638,
                    "Δt": 5,
                    "key": "right"
                }
            },
            {
                "time": "2019-09-16T19:47:12.282Z",
                "type": "SKIP",
                "source": "hotkey",
                "_t": "13:47:12",
                "_end": "-",
                "data": {
                    "t": 68.5547,
                    "Δt": 5,
                    "key": "right"
                }
            },
            {
                "time": "2019-09-16T19:47:12.780Z",
                "type": "SKIP",
                "source": "hotkey",
                "_t": "13:47:12",
                "_end": "-",
                "data": {
                    "t": 73.995345,
                    "Δt": 5,
                    "key": "right"
                }
            },
            {
                "time": "2019-09-16T19:47:13.329Z",
                "type": "SKIP",
                "source": "hotkey",
                "_t": "13:47:13",
                "_end": "-",
                "data": {
                    "t": 79.47847,
                    "Δt": 5,
                    "key": "right"
                }
            },
            {
                "time": "2019-09-16T19:47:14.300Z",
                "type": "PAUSE",
                "source": "hotkey",
                "_t": "13:47:14",
                "_end": "-",
                "data": {
                    "key": "space"
                }
            },
            {
                "time": "2019-09-16T19:47:15.100Z",
                "type": "PLAY",
                "source": "hotkey",
                "_t": "13:47:15",
                "_end": "-",
                "data": {
                    "key": "space"
                }
            },
            {
                "time": "2019-09-16T19:47:21.820Z",
                "type": "SKIP",
                "source": "hotkey",
                "_t": "13:47:21",
                "_end": "-",
                "data": {
                    "t": 92.133782,
                    "Δt": 5,
                    "key": "right"
                }
            },
            {
                "time": "2019-09-16T19:47:22.146Z",
                "type": "PAUSE",
                "source": "hotkey",
                "_t": "13:47:22",
                "_end": "-",
                "data": {
                    "key": "space"
                }
            },
            {
                "time": "2019-09-16T19:47:22.879Z",
                "type": "SKIP",
                "source": "hotkey",
                "_t": "13:47:22",
                "_end": "-",
                "data": {
                    "t": 97.375386,
                    "Δt": -1,
                    "key": "left"
                }
            },
            {
                "time": "2019-09-16T19:47:23.263Z",
                "type": "PLAY",
                "source": "hotkey",
                "_t": "13:47:23",
                "_end": "-",
                "data": {
                    "key": "space"
                }
            },
            {
                "time": "2019-09-16T19:47:23.980Z",
                "type": "PAUSE",
                "source": "hotkey",
                "_t": "13:47:23",
                "_end": "-",
                "data": {
                    "key": "space"
                }
            },
            {
                "time": "2019-09-16T19:47:25.691Z",
                "type": "PLAY",
                "source": "hotkey",
                "_t": "13:47:25",
                "_end": "-",
                "data": {
                    "key": "space"
                }
            },
            {
                "time": "2019-09-16T19:47:41.015Z",
                "type": "PAUSE",
                "source": "hotkey",
                "_t": "13:47:41",
                "_end": "-",
                "data": {
                    "key": "space"
                }
            },
            {
                "time": {
                    "start": "2019-09-16T19:46:02.052Z",
                    "end": "2019-09-16T19:47:41.979Z"
                },
                "type": "SCRUB",
                "source": "data:drag",
                "_t": "13:46:02",
                "_end": "13:47:41",
                "data": {
                    "time": 112.405969
                }
            },
            {
                "time": {
                    "start": "2019-09-16T19:46:02.052Z",
                    "end": "2019-09-16T19:47:43.641Z"
                },
                "type": "SCRUB",
                "source": "data:drag",
                "_t": "13:46:02",
                "_end": "13:47:43",
                "data": {
                    "time": 112.405969
                }
            },
            {
                "time": {
                    "start": "2019-09-16T19:46:02.052Z",
                    "end": "2019-09-16T19:47:44.882Z"
                },
                "type": "SCRUB",
                "source": "data:drag",
                "_t": "13:46:02",
                "_end": "13:47:44",
                "data": {
                    "time": 112.405969
                }
            },
            {
                "time": {
                    "start": "2019-09-16T19:46:02.052Z",
                    "end": "2019-09-16T19:47:45.021Z"
                },
                "type": "SCRUB",
                "source": "data:drag",
                "_t": "13:46:02",
                "_end": "13:47:45",
                "data": {
                    "time": 112.405969
                }
            },
            {
                "time": "2019-09-16T19:47:45.028Z",
                "type": "JUMP",
                "source": "data:dblclick:h_pos",
                "_t": "13:47:45",
                "_end": "-",
                "data": {
                    "from": 112.405969,
                    "to": 96.50047203355527
                }
            },
            {
                "time": "2019-09-16T19:47:49.646Z",
                "type": "PLAY",
                "source": "hotkey",
                "_t": "13:47:49",
                "_end": "-",
                "data": {
                    "key": "space"
                }
            },
            {
                "time": "2019-09-16T19:47:50.314Z",
                "type": "PAUSE",
                "source": "hotkey",
                "_t": "13:47:50",
                "_end": "-",
                "data": {
                    "key": "space"
                }
            },
            {
                "time": "2019-09-16T19:47:51.172Z",
                "type": "PLAY",
                "source": "hotkey",
                "_t": "13:47:51",
                "_end": "-",
                "data": {
                    "key": "space"
                }
            },
            {
                "time": "2019-09-16T19:47:52.205Z",
                "type": "SKIP",
                "source": "hotkey",
                "_t": "13:47:52",
                "_end": "-",
                "data": {
                    "t": 98.212638,
                    "Δt": 5,
                    "key": "right"
                }
            },
            {
                "time": "2019-09-16T19:47:52.619Z",
                "type": "SKIP",
                "source": "hotkey",
                "_t": "13:47:52",
                "_end": "-",
                "data": {
                    "t": 103.494638,
                    "Δt": 5,
                    "key": "right"
                }
            },
            {
                "time": "2019-09-16T19:47:52.974Z",
                "type": "SKIP",
                "source": "hotkey",
                "_t": "13:47:52",
                "_end": "-",
                "data": {
                    "t": 108.816867,
                    "Δt": 5,
                    "key": "right"
                }
            },
            {
                "time": "2019-09-16T19:47:53.370Z",
                "type": "SKIP",
                "source": "hotkey",
                "_t": "13:47:53",
                "_end": "-",
                "data": {
                    "t": 114.138179,
                    "Δt": 5,
                    "key": "right"
                }
            },
            {
                "time": "2019-09-16T19:47:53.773Z",
                "type": "SKIP",
                "source": "hotkey",
                "_t": "13:47:53",
                "_end": "-",
                "data": {
                    "t": 119.500762,
                    "Δt": 5,
                    "key": "right"
                }
            },
            {
                "time": "2019-09-16T19:47:54.459Z",
                "type": "SKIP",
                "source": "hotkey",
                "_t": "13:47:54",
                "_end": "-",
                "data": {
                    "t": 125.10547,
                    "Δt": 5,
                    "key": "right"
                }
            },
            {
                "time": "2019-09-16T19:47:54.812Z",
                "type": "SKIP",
                "source": "hotkey",
                "_t": "13:47:54",
                "_end": "-",
                "data": {
                    "t": 130.346907,
                    "Δt": 5,
                    "key": "right"
                }
            },
            {
                "time": "2019-09-16T19:47:55.172Z",
                "type": "SKIP",
                "source": "hotkey",
                "_t": "13:47:55",
                "_end": "-",
                "data": {
                    "t": 135.628011,
                    "Δt": 5,
                    "key": "right"
                }
            },
            {
                "time": "2019-09-16T19:47:55.559Z",
                "type": "SKIP",
                "source": "hotkey",
                "_t": "13:47:55",
                "_end": "-",
                "data": {
                    "t": 140.908677,
                    "Δt": 5,
                    "key": "right"
                }
            },
            {
                "time": "2019-09-16T19:47:55.876Z",
                "type": "SKIP",
                "source": "hotkey",
                "_t": "13:47:55",
                "_end": "-",
                "data": {
                    "t": 146.148447,
                    "Δt": 5,
                    "key": "right"
                }
            },
            {
                "time": "2019-09-16T19:47:56.236Z",
                "type": "SKIP",
                "source": "hotkey",
                "_t": "13:47:56",
                "_end": "-",
                "data": {
                    "t": 151.467572,
                    "Δt": 5,
                    "key": "right"
                }
            },
            {
                "time": "2019-09-16T19:47:56.625Z",
                "type": "SKIP",
                "source": "hotkey",
                "_t": "13:47:56",
                "_end": "-",
                "data": {
                    "t": 156.830509,
                    "Δt": 5,
                    "key": "right"
                }
            },
            {
                "time": "2019-09-16T19:47:57.055Z",
                "type": "SKIP",
                "source": "hotkey",
                "_t": "13:47:57",
                "_end": "-",
                "data": {
                    "t": 162.152675,
                    "Δt": 5,
                    "key": "right"
                }
            },
            {
                "time": "2019-09-16T19:47:57.451Z",
                "type": "SKIP",
                "source": "hotkey",
                "_t": "13:47:57",
                "_end": "-",
                "data": {
                    "t": 167.473925,
                    "Δt": 5,
                    "key": "right"
                }
            },
            {
                "time": "2019-09-16T19:47:57.821Z",
                "type": "SKIP",
                "source": "hotkey",
                "_t": "13:47:57",
                "_end": "-",
                "data": {
                    "t": 172.7948,
                    "Δt": 5,
                    "key": "right"
                }
            },
            {
                "time": "2019-09-16T19:47:58.173Z",
                "type": "SKIP",
                "source": "hotkey",
                "_t": "13:47:58",
                "_end": "-",
                "data": {
                    "t": 178.036195,
                    "Δt": 5,
                    "key": "right"
                }
            },
            {
                "time": "2019-09-16T19:47:58.588Z",
                "type": "SKIP",
                "source": "hotkey",
                "_t": "13:47:58",
                "_end": "-",
                "data": {
                    "t": 183.396486,
                    "Δt": 5,
                    "key": "right"
                }
            },
            {
                "time": "2019-09-16T19:47:58.991Z",
                "type": "SKIP",
                "source": "hotkey",
                "_t": "13:47:58",
                "_end": "-",
                "data": {
                    "t": 188.679173,
                    "Δt": 5,
                    "key": "right"
                }
            },
            {
                "time": "2019-09-16T19:47:59.468Z",
                "type": "SKIP",
                "source": "hotkey",
                "_t": "13:47:59",
                "_end": "-",
                "data": {
                    "t": 194.121131,
                    "Δt": 5,
                    "key": "right"
                }
            },
            {
                "time": "2019-09-16T19:47:59.915Z",
                "type": "PAUSE",
                "source": "hotkey",
                "_t": "13:47:59",
                "_end": "-",
                "data": {
                    "key": "space"
                }
            },
            {
                "time": "2019-09-16T19:48:01.341Z",
                "type": "PLAY",
                "source": "hotkey",
                "_t": "13:48:01",
                "_end": "-",
                "data": {
                    "key": "space"
                }
            },
            {
                "time": "2019-09-16T19:48:08.522Z",
                "type": "SKIP",
                "source": "hotkey",
                "_t": "13:48:08",
                "_end": "-",
                "data": {
                    "t": 206.700568,
                    "Δt": 5,
                    "key": "right"
                }
            },
            {
                "time": "2019-09-16T19:48:08.939Z",
                "type": "SKIP",
                "source": "hotkey",
                "_t": "13:48:08",
                "_end": "-",
                "data": {
                    "t": 212.063255,
                    "Δt": 5,
                    "key": "right"
                }
            },
            {
                "time": "2019-09-16T19:48:09.341Z",
                "type": "SKIP",
                "source": "hotkey",
                "_t": "13:48:09",
                "_end": "-",
                "data": {
                    "t": 217.423755,
                    "Δt": 5,
                    "key": "right"
                }
            },
            {
                "time": "2019-09-16T19:48:12.668Z",
                "type": "SKIP",
                "source": "hotkey",
                "_t": "13:48:12",
                "_end": "-",
                "data": {
                    "t": 225.68113,
                    "Δt": 5,
                    "key": "right"
                }
            },
            {
                "time": "2019-09-16T19:48:16.990Z",
                "type": "SKIP",
                "source": "hotkey",
                "_t": "13:48:16",
                "_end": "-",
                "data": {
                    "t": 234.920317,
                    "Δt": 5,
                    "key": "right"
                }
            },
            {
                "time": "2019-09-16T19:48:17.316Z",
                "type": "SKIP",
                "source": "hotkey",
                "_t": "13:48:17",
                "_end": "-",
                "data": {
                    "t": 240.160692,
                    "Δt": 5,
                    "key": "right"
                }
            },
            {
                "time": "2019-09-16T19:48:17.671Z",
                "type": "SKIP",
                "source": "hotkey",
                "_t": "13:48:17",
                "_end": "-",
                "data": {
                    "t": 245.439442,
                    "Δt": 5,
                    "key": "right"
                }
            },
            {
                "time": "2019-09-16T19:48:18.045Z",
                "type": "SKIP",
                "source": "hotkey",
                "_t": "13:48:18",
                "_end": "-",
                "data": {
                    "t": 250.7199,
                    "Δt": 5,
                    "key": "right"
                }
            },
            {
                "time": "2019-09-16T19:48:22.816Z",
                "type": "SKIP",
                "source": "hotkey",
                "_t": "13:48:22",
                "_end": "-",
                "data": {
                    "t": 260.441379,
                    "Δt": 5,
                    "key": "right"
                }
            },
            {
                "time": "2019-09-16T19:48:23.233Z",
                "type": "SKIP",
                "source": "hotkey",
                "_t": "13:48:23",
                "_end": "-",
                "data": {
                    "t": 265.801774,
                    "Δt": 5,
                    "key": "right"
                }
            },
            {
                "time": "2019-09-16T19:48:23.627Z",
                "type": "SKIP",
                "source": "hotkey",
                "_t": "13:48:23",
                "_end": "-",
                "data": {
                    "t": 271.083899,
                    "Δt": 5,
                    "key": "right"
                }
            },
            {
                "time": "2019-09-16T19:48:23.917Z",
                "type": "SKIP",
                "source": "hotkey",
                "_t": "13:48:23",
                "_end": "-",
                "data": {
                    "t": 276.326044,
                    "Δt": 5,
                    "key": "right"
                }
            },
            {
                "time": "2019-09-16T19:48:24.622Z",
                "type": "SKIP",
                "source": "hotkey",
                "_t": "13:48:24",
                "_end": "-",
                "data": {
                    "t": 281.930502,
                    "Δt": 5,
                    "key": "right"
                }
            },
            {
                "time": "2019-09-16T19:48:25.035Z",
                "type": "SKIP",
                "source": "hotkey",
                "_t": "13:48:25",
                "_end": "-",
                "data": {
                    "t": 287.252022,
                    "Δt": 5,
                    "key": "right"
                }
            },
            {
                "time": "2019-09-16T19:48:25.292Z",
                "type": "SKIP",
                "source": "hotkey",
                "_t": "13:48:25",
                "_end": "-",
                "data": {
                    "t": 292.453459,
                    "Δt": 5,
                    "key": "right"
                }
            },
            {
                "time": "2019-09-16T19:48:25.548Z",
                "type": "SKIP",
                "source": "hotkey",
                "_t": "13:48:25",
                "_end": "-",
                "data": {
                    "t": 297.6545,
                    "Δt": 5,
                    "key": "right"
                }
            },
            {
                "time": "2019-09-16T19:48:25.917Z",
                "type": "SKIP",
                "source": "hotkey",
                "_t": "13:48:25",
                "_end": "-",
                "data": {
                    "t": 302.895375,
                    "Δt": 5,
                    "key": "right"
                }
            },
            {
                "time": "2019-09-16T19:48:26.300Z",
                "type": "SKIP",
                "source": "hotkey",
                "_t": "13:48:26",
                "_end": "-",
                "data": {
                    "t": 308.21775,
                    "Δt": 5,
                    "key": "right"
                }
            },
            {
                "time": "2019-09-16T19:48:26.814Z",
                "type": "SKIP",
                "source": "hotkey",
                "_t": "13:48:26",
                "_end": "-",
                "data": {
                    "t": 313.658937,
                    "Δt": 5,
                    "key": "right"
                }
            },
            {
                "time": "2019-09-16T19:48:36.717Z",
                "type": "SKIP",
                "source": "hotkey",
                "_t": "13:48:36",
                "_end": "-",
                "data": {
                    "t": 328.509749,
                    "Δt": 5,
                    "key": "right"
                }
            },
            {
                "time": "2019-09-16T19:48:37.683Z",
                "type": "SKIP",
                "source": "hotkey",
                "_t": "13:48:37",
                "_end": "-",
                "data": {
                    "t": 334.394332,
                    "Δt": 5,
                    "key": "right"
                }
            },
            {
                "time": "2019-09-16T19:48:38.029Z",
                "type": "SKIP",
                "source": "hotkey",
                "_t": "13:48:38",
                "_end": "-",
                "data": {
                    "t": 339.63579,
                    "Δt": 5,
                    "key": "right"
                }
            },
            {
                "time": "2019-09-16T19:48:38.366Z",
                "type": "SKIP",
                "source": "hotkey",
                "_t": "13:48:38",
                "_end": "-",
                "data": {
                    "t": 344.87756,
                    "Δt": 5,
                    "key": "right"
                }
            },
            {
                "time": "2019-09-16T19:48:38.729Z",
                "type": "SKIP",
                "source": "hotkey",
                "_t": "13:48:38",
                "_end": "-",
                "data": {
                    "t": 350.158685,
                    "Δt": 5,
                    "key": "right"
                }
            },
            {
                "time": "2019-09-16T19:48:39.006Z",
                "type": "SKIP",
                "source": "hotkey",
                "_t": "13:48:39",
                "_end": "-",
                "data": {
                    "t": 355.400518,
                    "Δt": 5,
                    "key": "right"
                }
            },
            {
                "time": "2019-09-16T19:48:39.394Z",
                "type": "SKIP",
                "source": "hotkey",
                "_t": "13:48:39",
                "_end": "-",
                "data": {
                    "t": 360.681351,
                    "Δt": 5,
                    "key": "right"
                }
            },
            {
                "time": "2019-09-16T19:48:39.770Z",
                "type": "SKIP",
                "source": "hotkey",
                "_t": "13:48:39",
                "_end": "-",
                "data": {
                    "t": 366.000851,
                    "Δt": 5,
                    "key": "right"
                }
            },
            {
                "time": "2019-09-16T19:48:40.123Z",
                "type": "SKIP",
                "source": "hotkey",
                "_t": "13:48:40",
                "_end": "-",
                "data": {
                    "t": 371.322038,
                    "Δt": 5,
                    "key": "right"
                }
            },
            {
                "time": "2019-09-16T19:48:51.521Z",
                "type": "SKIP",
                "source": "hotkey",
                "_t": "13:48:51",
                "_end": "-",
                "data": {
                    "t": 387.640038,
                    "Δt": 5,
                    "key": "right"
                }
            },
            {
                "time": "2019-09-16T19:49:05.197Z",
                "type": "SKIP",
                "source": "hotkey",
                "_t": "13:49:05",
                "_end": "-",
                "data": {
                    "t": 406.278954,
                    "Δt": 5,
                    "key": "right"
                }
            },
            {
                "time": "2019-09-16T19:49:05.579Z",
                "type": "SKIP",
                "source": "hotkey",
                "_t": "13:49:05",
                "_end": "-",
                "data": {
                    "t": 411.599704,
                    "Δt": 5,
                    "key": "right"
                }
            },
            {
                "time": "2019-09-16T19:49:05.907Z",
                "type": "SKIP",
                "source": "hotkey",
                "_t": "13:49:05",
                "_end": "-",
                "data": {
                    "t": 416.841579,
                    "Δt": 5,
                    "key": "right"
                }
            },
            {
                "time": "2019-09-16T19:49:06.236Z",
                "type": "SKIP",
                "source": "hotkey",
                "_t": "13:49:06",
                "_end": "-",
                "data": {
                    "t": 422.083079,
                    "Δt": 5,
                    "key": "right"
                }
            },
            {
                "time": "2019-09-16T19:49:06.611Z",
                "type": "SKIP",
                "source": "hotkey",
                "_t": "13:49:06",
                "_end": "-",
                "data": {
                    "t": 427.404349,
                    "Δt": 5,
                    "key": "right"
                }
            },
            {
                "time": "2019-09-16T19:49:06.942Z",
                "type": "SKIP",
                "source": "hotkey",
                "_t": "13:49:06",
                "_end": "-",
                "data": {
                    "t": 432.646515,
                    "Δt": 5,
                    "key": "right"
                }
            },
            {
                "time": "2019-09-16T19:49:07.267Z",
                "type": "SKIP",
                "source": "hotkey",
                "_t": "13:49:07",
                "_end": "-",
                "data": {
                    "t": 437.887806,
                    "Δt": 5,
                    "key": "right"
                }
            },
            {
                "time": "2019-09-16T19:49:08.704Z",
                "type": "SKIP",
                "source": "hotkey",
                "_t": "13:49:08",
                "_end": "-",
                "data": {
                    "t": 444.221556,
                    "Δt": 5,
                    "key": "right"
                }
            },
            {
                "time": "2019-09-16T19:49:12.232Z",
                "type": "SKIP",
                "source": "hotkey",
                "_t": "13:49:12",
                "_end": "-",
                "data": {
                    "t": 452.677576,
                    "Δt": 5,
                    "key": "right"
                }
            },
            {
                "time": "2019-09-16T19:49:12.604Z",
                "type": "SKIP",
                "source": "hotkey",
                "_t": "13:49:12",
                "_end": "-",
                "data": {
                    "t": 457.996867,
                    "Δt": 5,
                    "key": "right"
                }
            },
            {
                "time": "2019-09-16T19:49:12.933Z",
                "type": "SKIP",
                "source": "hotkey",
                "_t": "13:49:12",
                "_end": "-",
                "data": {
                    "t": 463.275825,
                    "Δt": 5,
                    "key": "right"
                }
            },
            {
                "time": "2019-09-16T19:49:13.341Z",
                "type": "SKIP",
                "source": "hotkey",
                "_t": "13:49:13",
                "_end": "-",
                "data": {
                    "t": 468.638012,
                    "Δt": 5,
                    "key": "right"
                }
            },
            {
                "time": "2019-09-16T19:49:13.919Z",
                "type": "SKIP",
                "source": "hotkey",
                "_t": "13:49:13",
                "_end": "-",
                "data": {
                    "t": 474.120303,
                    "Δt": 5,
                    "key": "right"
                }
            },
            {
                "time": "2019-09-16T19:49:14.413Z",
                "type": "SKIP",
                "source": "hotkey",
                "_t": "13:49:14",
                "_end": "-",
                "data": {
                    "t": 479.520948,
                    "Δt": 5,
                    "key": "right"
                }
            },
            {
                "time": "2019-09-16T19:49:14.684Z",
                "type": "SKIP",
                "source": "hotkey",
                "_t": "13:49:14",
                "_end": "-",
                "data": {
                    "t": 484.722948,
                    "Δt": 5,
                    "key": "right"
                }
            }
        ]
    }
}