{
    "user_id": "blue 4",
    "session_id": "5cf0390a81249f67dd06a9d7",
    "study": "studyE",
    "workspace": "drywall.drywall-pink",
    "details": {
        "workspace": "drywall.drywall-pink",
        "labels": [
            {
                "time": 531.030634,
                "endTime": 539.8062849377068,
                "type": "measuring",
                "id": 2
            },
            {
                "time": 555.029352,
                "endTime": 568.1032809480121,
                "type": "measuring",
                "id": 3
            },
            {
                "time": 699.55895,
                "endTime": 717.1102518754129,
                "type": "measuring",
                "id": 4
            },
            {
                "time": 730.721465,
                "endTime": 739.8553057718985,
                "type": "measuring",
                "id": 5
            },
            {
                "time": 396.02576526829176,
                "endTime": 403.1838867073161,
                "type": "measuring",
                "id": 6
            }
        ],
        "_starts": [
            "2019-05-30T20:53:23.000Z"
        ],
        "_ends": [
            "2019-05-30T20:57:14.090Z"
        ]
    },
    "labels_file": "/home/ubuntu/vat/data/user-studies/studyE/drywall-pink/blue 4.labels.json",
    "videoFlash": 0.0001,
    "surveys": {
        "user-info": {
            "firstname": "Jo Yu",
            "lastname": "Wu",
            "email": "anita248846@gmail.com"
        },
        "practice-first": {
            "question1": "3",
            "question2": "okay",
            "question3": "10",
            "question4": "4"
        },
        "practice-second": {},
        "practice-third": {},
        "practice-survey": {},
        "drywall-blue": {
            "question1": "3",
            "question2": "3",
            "question3": "30",
            "question4": "40"
        },
        "drywall-red": {
            "question1": "1",
            "question2": "2",
            "question3": "30",
            "question4": "30"
        },
        "drywall-orange": {
            "question1": "3",
            "question2": "4",
            "question3": "50",
            "question4": "30"
        },
        "drywall-survey": {
            "question1": "5",
            "question2": "4",
            "question3": "5",
            "question4": "5"
        },
        "gait-blue": {
            "question1": "4",
            "question2": "4",
            "question3": "10",
            "question4": "20"
        },
        "gait-red": {
            "question1": "4",
            "question2": "4",
            "question3": "50",
            "question4": "40"
        },
        "gait-yellow": {
            "question1": "5",
            "question2": "5",
            "question3": "100",
            "question4": "10"
        },
        "gait-survey": {
            "question1": "5",
            "question2": "5",
            "question3": "5",
            "question4": "4"
        }
    },
    "logs": {
        "labelEvents": [
            {
                "time": "2019-05-30T20:55:13.913Z",
                "type": "START",
                "source": "side-bar:button",
                "_t": "14:55:13",
                "_end": "-",
                "data": {
                    "type": "measuring",
                    "time": 96.575687
                }
            },
            {
                "time": "2019-05-30T20:55:18.452Z",
                "type": "END",
                "source": "data:click:h_pos",
                "_t": "14:55:18",
                "_end": "-",
                "data": {
                    "lbl": {
                        "time": 96.575687,
                        "endTime": 201.70440333537468,
                        "type": "measuring",
                        "id": 1
                    }
                }
            },
            {
                "time": "2019-05-30T20:56:11.584Z",
                "type": "START",
                "source": "hotkey",
                "_t": "14:56:11",
                "_end": "-",
                "data": {
                    "type": "measuring",
                    "time": 531.030634
                }
            },
            {
                "time": "2019-05-30T20:56:12.524Z",
                "type": "END",
                "source": "data:click:h_pos",
                "_t": "14:56:12",
                "_end": "-",
                "data": {
                    "lbl": {
                        "time": 531.030634,
                        "endTime": 539.8062849377068,
                        "type": "measuring",
                        "id": 2
                    }
                }
            },
            {
                "time": "2019-05-30T20:56:14.891Z",
                "type": "START",
                "source": "hotkey",
                "_t": "14:56:14",
                "_end": "-",
                "data": {
                    "type": "measuring",
                    "time": 555.029352
                }
            },
            {
                "time": "2019-05-30T20:56:15.725Z",
                "type": "END",
                "source": "data:click:h_pos",
                "_t": "14:56:15",
                "_end": "-",
                "data": {
                    "lbl": {
                        "time": 555.029352,
                        "endTime": 568.1032809480121,
                        "type": "measuring",
                        "id": 3
                    }
                }
            },
            {
                "time": "2019-05-30T20:56:20.295Z",
                "type": "START",
                "source": "hotkey",
                "_t": "14:56:20",
                "_end": "-",
                "data": {
                    "type": "measuring",
                    "time": 699.55895
                }
            },
            {
                "time": "2019-05-30T20:56:21.021Z",
                "type": "END",
                "source": "data:click:h_pos",
                "_t": "14:56:21",
                "_end": "-",
                "data": {
                    "lbl": {
                        "time": 699.55895,
                        "endTime": 717.1102518754129,
                        "type": "measuring",
                        "id": 4
                    }
                }
            },
            {
                "time": "2019-05-30T20:56:23.337Z",
                "type": "START",
                "source": "hotkey",
                "_t": "14:56:23",
                "_end": "-",
                "data": {
                    "type": "measuring",
                    "time": 730.721465
                }
            },
            {
                "time": "2019-05-30T20:56:23.757Z",
                "type": "END",
                "source": "data:click:h_pos",
                "_t": "14:56:23",
                "_end": "-",
                "data": {
                    "lbl": {
                        "time": 730.721465,
                        "endTime": 739.8553057718985,
                        "type": "measuring",
                        "id": 5
                    }
                }
            },
            {
                "time": "2019-05-30T20:56:34.971Z",
                "type": "SELECT",
                "source": "data:click",
                "_t": "14:56:34",
                "_end": "-",
                "data": {
                    "time": 96.575687,
                    "endTime": 201.70440333537468,
                    "type": "measuring",
                    "id": 1
                }
            },
            {
                "time": "2019-05-30T20:56:36.042Z",
                "type": "DELETE",
                "source": "side-bar:button",
                "_t": "14:56:36",
                "_end": "-",
                "data": {
                    "id": 1,
                    "idx": 0
                }
            },
            {
                "time": "2019-05-30T20:57:04.348Z",
                "type": "START",
                "source": "hotkey",
                "_t": "14:57:04",
                "_end": "-",
                "data": {
                    "type": "measuring",
                    "time": 398.799705
                }
            },
            {
                "time": "2019-05-30T20:57:05.431Z",
                "type": "END",
                "source": "data:click:h_pos",
                "_t": "14:57:05",
                "_end": "-",
                "data": {
                    "lbl": {
                        "time": 396.02576526829176,
                        "endTime": 403.1838867073161,
                        "type": "measuring",
                        "id": 6
                    }
                }
            },
            {
                "time": "2019-05-30T20:57:06.150Z",
                "type": "SELECT",
                "source": "data:click",
                "_t": "14:57:06",
                "_end": "-",
                "data": {
                    "time": 396.02576526829176,
                    "endTime": 403.1838867073161,
                    "type": "measuring",
                    "id": 6
                }
            },
            {
                "time": {
                    "start": "2019-05-30T20:57:06.884Z",
                    "end": "2019-05-30T20:57:07.644Z"
                },
                "type": "RESIZE",
                "source": "data:brush",
                "_t": "14:57:06",
                "_end": "14:57:07",
                "data": {
                    "brushing": true,
                    "origin": [
                        395.3077452682947,
                        398.799705
                    ],
                    "start": "2019-05-30T20:57:06.884Z",
                    "ε": 0.1,
                    "mode": "resize"
                }
            },
            {
                "time": "2019-05-30T20:57:09.777Z",
                "type": "DESELECT",
                "source": "data:click",
                "_t": "14:57:09",
                "_end": "-",
                "data": {
                    "time": 396.02576526829176,
                    "endTime": 403.1838867073161,
                    "type": "measuring",
                    "id": 6
                }
            }
        ],
        "navigationEvents": [
            {
                "time": {
                    "start": "2019-05-30T20:54:17.283Z",
                    "end": "2019-05-30T20:54:17.367Z"
                },
                "type": "SCRUB",
                "source": "video:drag",
                "_t": "14:54:17",
                "_end": "14:54:17",
                "data": {
                    "to": 103.307649,
                    "from": 2.123114
                }
            },
            {
                "time": {
                    "start": "2019-05-30T20:54:18.879Z",
                    "end": "2019-05-30T20:54:18.880Z"
                },
                "type": "SCRUB",
                "source": "video:drag",
                "_t": "14:54:18",
                "_end": "14:54:18",
                "data": {
                    "to": 3.973371,
                    "from": 104.315403
                }
            },
            {
                "time": "2019-05-30T20:54:23.145Z",
                "type": "CHANGE-PLAYBACK-RATE",
                "source": "video:menu",
                "_t": "14:54:23",
                "_end": "-",
                "data": {
                    "oldRate": 1,
                    "newRate": 2
                }
            },
            {
                "time": {
                    "start": "2019-05-30T20:54:25.507Z",
                    "end": "2019-05-30T20:54:25.593Z"
                },
                "type": "SCRUB",
                "source": "video:drag",
                "_t": "14:54:25",
                "_end": "14:54:25",
                "data": {
                    "to": 61.587252,
                    "from": 12.387672
                }
            },
            {
                "time": {
                    "start": "2019-05-30T20:54:26.202Z",
                    "end": "2019-05-30T20:54:26.281Z"
                },
                "type": "SCRUB",
                "source": "video:drag",
                "_t": "14:54:26",
                "_end": "14:54:26",
                "data": {
                    "to": 107.28102,
                    "from": 61.63322
                }
            },
            {
                "time": {
                    "start": "2019-05-30T20:54:27.356Z",
                    "end": "2019-05-30T20:54:27.438Z"
                },
                "type": "SCRUB",
                "source": "video:drag",
                "_t": "14:54:27",
                "_end": "14:54:27",
                "data": {
                    "to": 58.607224,
                    "from": 108.593938
                }
            },
            {
                "time": {
                    "start": "2019-05-30T20:54:28.236Z",
                    "end": "2019-05-30T20:54:28.237Z"
                },
                "type": "SCRUB",
                "source": "video:drag",
                "_t": "14:54:28",
                "_end": "14:54:28",
                "data": {
                    "to": 102.314306,
                    "from": 59.086982
                }
            },
            {
                "time": {
                    "start": "2019-05-30T20:54:28.883Z",
                    "end": "2019-05-30T20:54:28.966Z"
                },
                "type": "SCRUB",
                "source": "video:drag",
                "_t": "14:54:28",
                "_end": "14:54:28",
                "data": {
                    "to": 261.249152,
                    "from": 102.314306
                }
            },
            {
                "time": {
                    "start": "2019-05-30T20:54:30.253Z",
                    "end": "2019-05-30T20:54:30.257Z"
                },
                "type": "SCRUB",
                "source": "video:drag",
                "_t": "14:54:30",
                "_end": "14:54:30",
                "data": {
                    "to": 625.805953,
                    "from": 262.234207
                }
            },
            {
                "time": {
                    "start": "2019-05-30T20:54:32.223Z",
                    "end": "2019-05-30T20:54:32.224Z"
                },
                "type": "SCRUB",
                "source": "video:drag",
                "_t": "14:54:32",
                "_end": "14:54:32",
                "data": {
                    "to": 1009.236268,
                    "from": 628.765892
                }
            },
            {
                "time": {
                    "start": "2019-05-30T20:54:32.867Z",
                    "end": "2019-05-30T20:54:32.951Z"
                },
                "type": "SCRUB",
                "source": "video:drag",
                "_t": "14:54:32",
                "_end": "14:54:32",
                "data": {
                    "to": 1084.730319,
                    "from": 1009.413771
                }
            },
            {
                "time": {
                    "start": "2019-05-30T20:54:35.003Z",
                    "end": "2019-05-30T20:54:35.083Z"
                },
                "type": "SCRUB",
                "source": "video:drag",
                "_t": "14:54:35",
                "_end": "14:54:35",
                "data": {
                    "to": 5.960056,
                    "from": 1086.847489
                }
            },
            {
                "time": "2019-05-30T20:54:35.497Z",
                "type": "PAUSE",
                "source": "video:button",
                "_t": "14:54:35",
                "_end": "-"
            },
            {
                "time": {
                    "start": "2019-05-30T20:53:23.496Z",
                    "end": "2019-05-30T20:54:38.912Z"
                },
                "type": "SCRUB",
                "source": "data:drag",
                "_t": "14:53:23",
                "_end": "14:54:38",
                "data": {
                    "time": 0
                }
            },
            {
                "time": {
                    "start": "2019-05-30T20:53:23.496Z",
                    "end": "2019-05-30T20:54:39.690Z"
                },
                "type": "SCRUB",
                "source": "data:drag",
                "_t": "14:53:23",
                "_end": "14:54:39",
                "data": {
                    "time": 0
                }
            },
            {
                "time": {
                    "start": "2019-05-30T20:53:23.496Z",
                    "end": "2019-05-30T20:54:40.507Z"
                },
                "type": "SCRUB",
                "source": "data:drag",
                "_t": "14:53:23",
                "_end": "14:54:40",
                "data": {
                    "time": 26.133152
                }
            },
            {
                "time": {
                    "start": "2019-05-30T20:53:23.496Z",
                    "end": "2019-05-30T20:54:43.580Z"
                },
                "type": "SCRUB",
                "source": "data:drag",
                "_t": "14:53:23",
                "_end": "14:54:43",
                "data": {
                    "time": 126.52958
                }
            },
            {
                "time": {
                    "start": "2019-05-30T20:53:23.496Z",
                    "end": "2019-05-30T20:54:51.359Z"
                },
                "type": "SCRUB",
                "source": "data:drag",
                "_t": "14:53:23",
                "_end": "14:54:51",
                "data": {
                    "time": 0
                }
            },
            {
                "time": {
                    "start": "2019-05-30T20:53:23.496Z",
                    "end": "2019-05-30T20:54:55.825Z"
                },
                "type": "SCRUB",
                "source": "data:drag",
                "_t": "14:53:23",
                "_end": "14:54:55",
                "data": {
                    "time": 0
                }
            },
            {
                "time": {
                    "start": "2019-05-30T20:53:23.496Z",
                    "end": "2019-05-30T20:54:56.678Z"
                },
                "type": "SCRUB",
                "source": "data:drag",
                "_t": "14:53:23",
                "_end": "14:54:56",
                "data": {
                    "time": 0
                }
            },
            {
                "time": {
                    "start": "2019-05-30T20:53:23.496Z",
                    "end": "2019-05-30T20:54:59.457Z"
                },
                "type": "SCRUB",
                "source": "data:drag",
                "_t": "14:53:23",
                "_end": "14:54:59",
                "data": {
                    "time": 214.3034
                }
            },
            {
                "time": {
                    "start": "2019-05-30T20:53:23.496Z",
                    "end": "2019-05-30T20:55:04.193Z"
                },
                "type": "SCRUB",
                "source": "data:drag",
                "_t": "14:53:23",
                "_end": "14:55:04",
                "data": {
                    "time": 438.347864
                }
            },
            {
                "time": {
                    "start": "2019-05-30T20:53:23.496Z",
                    "end": "2019-05-30T20:55:05.862Z"
                },
                "type": "SCRUB",
                "source": "data:drag",
                "_t": "14:53:23",
                "_end": "14:55:05",
                "data": {
                    "time": 199.830962
                }
            },
            {
                "time": {
                    "start": "2019-05-30T20:53:23.496Z",
                    "end": "2019-05-30T20:55:10.392Z"
                },
                "type": "SCRUB",
                "source": "data:drag",
                "_t": "14:53:23",
                "_end": "14:55:10",
                "data": {
                    "time": 199.830962
                }
            },
            {
                "time": {
                    "start": "2019-05-30T20:53:23.496Z",
                    "end": "2019-05-30T20:55:11.144Z"
                },
                "type": "SCRUB",
                "source": "data:drag",
                "_t": "14:53:23",
                "_end": "14:55:11",
                "data": {
                    "time": 199.830962
                }
            },
            {
                "time": {
                    "start": "2019-05-30T20:53:23.496Z",
                    "end": "2019-05-30T20:55:11.297Z"
                },
                "type": "SCRUB",
                "source": "data:drag",
                "_t": "14:53:23",
                "_end": "14:55:11",
                "data": {
                    "time": 199.830962
                }
            },
            {
                "time": "2019-05-30T20:55:11.301Z",
                "type": "JUMP",
                "source": "data:dblclick:h_pos",
                "_t": "14:55:11",
                "_end": "-",
                "data": {
                    "from": 199.830962,
                    "to": 96.57568712961573
                }
            },
            {
                "time": {
                    "start": "2019-05-30T20:53:23.496Z",
                    "end": "2019-05-30T20:55:18.448Z"
                },
                "type": "SCRUB",
                "source": "data:drag",
                "_t": "14:53:23",
                "_end": "14:55:18",
                "data": {
                    "time": 96.575687
                }
            },
            {
                "time": {
                    "start": "2019-05-30T20:53:23.496Z",
                    "end": "2019-05-30T20:55:18.957Z"
                },
                "type": "SCRUB",
                "source": "data:drag",
                "_t": "14:53:23",
                "_end": "14:55:18",
                "data": {
                    "time": 96.575687
                }
            },
            {
                "time": {
                    "start": "2019-05-30T20:53:23.496Z",
                    "end": "2019-05-30T20:55:21.113Z"
                },
                "type": "SCRUB",
                "source": "data:drag",
                "_t": "14:53:23",
                "_end": "14:55:21",
                "data": {
                    "time": 223.553983
                }
            },
            {
                "time": {
                    "start": "2019-05-30T20:53:23.496Z",
                    "end": "2019-05-30T20:55:23.582Z"
                },
                "type": "SCRUB",
                "source": "data:drag",
                "_t": "14:53:23",
                "_end": "14:55:23",
                "data": {
                    "time": 365.218062
                }
            },
            {
                "time": {
                    "start": "2019-05-30T20:53:23.496Z",
                    "end": "2019-05-30T20:55:25.033Z"
                },
                "type": "SCRUB",
                "source": "data:drag",
                "_t": "14:53:23",
                "_end": "14:55:25",
                "data": {
                    "time": 567.416223
                }
            },
            {
                "time": {
                    "start": "2019-05-30T20:53:23.496Z",
                    "end": "2019-05-30T20:55:26.516Z"
                },
                "type": "SCRUB",
                "source": "data:drag",
                "_t": "14:53:23",
                "_end": "14:55:26",
                "data": {
                    "time": 719.467807
                }
            },
            {
                "time": {
                    "start": "2019-05-30T20:53:23.496Z",
                    "end": "2019-05-30T20:55:27.562Z"
                },
                "type": "SCRUB",
                "source": "data:drag",
                "_t": "14:53:23",
                "_end": "14:55:27",
                "data": {
                    "time": 900.890958
                }
            },
            {
                "time": {
                    "start": "2019-05-30T20:53:23.496Z",
                    "end": "2019-05-30T20:55:28.654Z"
                },
                "type": "SCRUB",
                "source": "data:drag",
                "_t": "14:53:23",
                "_end": "14:55:28",
                "data": {
                    "time": 1105.775543
                }
            },
            {
                "time": {
                    "start": "2019-05-30T20:53:23.496Z",
                    "end": "2019-05-30T20:55:29.694Z"
                },
                "type": "SCRUB",
                "source": "data:drag",
                "_t": "14:53:23",
                "_end": "14:55:29",
                "data": {
                    "time": 1156.251
                }
            },
            {
                "time": {
                    "start": "2019-05-30T20:53:23.496Z",
                    "end": "2019-05-30T20:55:30.828Z"
                },
                "type": "SCRUB",
                "source": "data:drag",
                "_t": "14:53:23",
                "_end": "14:55:30",
                "data": {
                    "time": 1156.251
                }
            },
            {
                "time": {
                    "start": "2019-05-30T20:53:23.496Z",
                    "end": "2019-05-30T20:55:31.711Z"
                },
                "type": "SCRUB",
                "source": "data:drag",
                "_t": "14:53:23",
                "_end": "14:55:31",
                "data": {
                    "time": 1024.616235
                }
            },
            {
                "time": {
                    "start": "2019-05-30T20:53:23.496Z",
                    "end": "2019-05-30T20:55:33.078Z"
                },
                "type": "SCRUB",
                "source": "data:drag",
                "_t": "14:53:23",
                "_end": "14:55:33",
                "data": {
                    "time": 958.709305
                }
            },
            {
                "time": {
                    "start": "2019-05-30T20:53:23.496Z",
                    "end": "2019-05-30T20:55:37.288Z"
                },
                "type": "SCRUB",
                "source": "data:drag",
                "_t": "14:53:23",
                "_end": "14:55:37",
                "data": {
                    "time": 891.9069
                }
            },
            {
                "time": {
                    "start": "2019-05-30T20:53:23.496Z",
                    "end": "2019-05-30T20:55:39.019Z"
                },
                "type": "SCRUB",
                "source": "data:drag",
                "_t": "14:53:23",
                "_end": "14:55:39",
                "data": {
                    "time": 822.955356
                }
            },
            {
                "time": {
                    "start": "2019-05-30T20:53:23.496Z",
                    "end": "2019-05-30T20:55:39.974Z"
                },
                "type": "SCRUB",
                "source": "data:drag",
                "_t": "14:53:23",
                "_end": "14:55:39",
                "data": {
                    "time": 740.392599
                }
            },
            {
                "time": {
                    "start": "2019-05-30T20:53:23.496Z",
                    "end": "2019-05-30T20:55:40.670Z"
                },
                "type": "SCRUB",
                "source": "data:drag",
                "_t": "14:53:23",
                "_end": "14:55:40",
                "data": {
                    "time": 664.456354
                }
            },
            {
                "time": {
                    "start": "2019-05-30T20:53:23.496Z",
                    "end": "2019-05-30T20:55:41.593Z"
                },
                "type": "SCRUB",
                "source": "data:drag",
                "_t": "14:53:23",
                "_end": "14:55:41",
                "data": {
                    "time": 577.058034
                }
            },
            {
                "time": {
                    "start": "2019-05-30T20:53:23.496Z",
                    "end": "2019-05-30T20:55:42.406Z"
                },
                "type": "SCRUB",
                "source": "data:drag",
                "_t": "14:53:23",
                "_end": "14:55:42",
                "data": {
                    "time": 527.269647
                }
            },
            {
                "time": {
                    "start": "2019-05-30T20:53:23.496Z",
                    "end": "2019-05-30T20:55:43.456Z"
                },
                "type": "SCRUB",
                "source": "data:drag",
                "_t": "14:53:23",
                "_end": "14:55:43",
                "data": {
                    "time": 443.811414
                }
            },
            {
                "time": {
                    "start": "2019-05-30T20:53:23.496Z",
                    "end": "2019-05-30T20:55:46.903Z"
                },
                "type": "SCRUB",
                "source": "data:drag",
                "_t": "14:53:23",
                "_end": "14:55:46",
                "data": {
                    "time": 389.187464
                }
            },
            {
                "time": {
                    "start": "2019-05-30T20:53:23.496Z",
                    "end": "2019-05-30T20:55:47.904Z"
                },
                "type": "SCRUB",
                "source": "data:drag",
                "_t": "14:53:23",
                "_end": "14:55:47",
                "data": {
                    "time": 229.076608
                }
            },
            {
                "time": {
                    "start": "2019-05-30T20:53:23.496Z",
                    "end": "2019-05-30T20:55:49.305Z"
                },
                "type": "SCRUB",
                "source": "data:drag",
                "_t": "14:53:23",
                "_end": "14:55:49",
                "data": {
                    "time": 34.042243
                }
            },
            {
                "time": {
                    "start": "2019-05-30T20:53:23.496Z",
                    "end": "2019-05-30T20:55:52.263Z"
                },
                "type": "SCRUB",
                "source": "data:drag",
                "_t": "14:53:23",
                "_end": "14:55:52",
                "data": {
                    "time": 118.575043
                }
            },
            {
                "time": {
                    "start": "2019-05-30T20:53:23.496Z",
                    "end": "2019-05-30T20:55:53.900Z"
                },
                "type": "SCRUB",
                "source": "data:drag",
                "_t": "14:53:23",
                "_end": "14:55:53",
                "data": {
                    "time": 327.220621
                }
            },
            {
                "time": {
                    "start": "2019-05-30T20:53:23.496Z",
                    "end": "2019-05-30T20:55:57.158Z"
                },
                "type": "SCRUB",
                "source": "data:drag",
                "_t": "14:53:23",
                "_end": "14:55:57",
                "data": {
                    "time": 481.063154
                }
            },
            {
                "time": {
                    "start": "2019-05-30T20:53:23.496Z",
                    "end": "2019-05-30T20:56:05.705Z"
                },
                "type": "SCRUB",
                "source": "data:drag",
                "_t": "14:53:23",
                "_end": "14:56:05",
                "data": {
                    "time": 523.329554
                }
            },
            {
                "time": {
                    "start": "2019-05-30T20:53:23.496Z",
                    "end": "2019-05-30T20:56:07.870Z"
                },
                "type": "SCRUB",
                "source": "data:drag",
                "_t": "14:53:23",
                "_end": "14:56:07",
                "data": {
                    "time": 535.687103
                }
            },
            {
                "time": {
                    "start": "2019-05-30T20:53:23.496Z",
                    "end": "2019-05-30T20:56:10.260Z"
                },
                "type": "SCRUB",
                "source": "data:drag",
                "_t": "14:53:23",
                "_end": "14:56:10",
                "data": {
                    "time": 531.030635
                }
            },
            {
                "time": {
                    "start": "2019-05-30T20:53:23.496Z",
                    "end": "2019-05-30T20:56:12.522Z"
                },
                "type": "SCRUB",
                "source": "data:drag",
                "_t": "14:53:23",
                "_end": "14:56:12",
                "data": {
                    "time": 531.030634
                }
            },
            {
                "time": {
                    "start": "2019-05-30T20:53:23.496Z",
                    "end": "2019-05-30T20:56:13.346Z"
                },
                "type": "SCRUB",
                "source": "data:drag",
                "_t": "14:53:23",
                "_end": "14:56:13",
                "data": {
                    "time": 531.030634
                }
            },
            {
                "time": {
                    "start": "2019-05-30T20:53:23.496Z",
                    "end": "2019-05-30T20:56:13.522Z"
                },
                "type": "SCRUB",
                "source": "data:drag",
                "_t": "14:53:23",
                "_end": "14:56:13",
                "data": {
                    "time": 531.030634
                }
            },
            {
                "time": "2019-05-30T20:56:13.527Z",
                "type": "JUMP",
                "source": "data:dblclick:h_pos",
                "_t": "14:56:13",
                "_end": "-",
                "data": {
                    "from": 531.030634,
                    "to": 555.0293528908715
                }
            },
            {
                "time": {
                    "start": "2019-05-30T20:53:23.496Z",
                    "end": "2019-05-30T20:56:15.722Z"
                },
                "type": "SCRUB",
                "source": "data:drag",
                "_t": "14:53:23",
                "_end": "14:56:15",
                "data": {
                    "time": 555.029352
                }
            },
            {
                "time": {
                    "start": "2019-05-30T20:53:23.496Z",
                    "end": "2019-05-30T20:56:17.850Z"
                },
                "type": "SCRUB",
                "source": "data:drag",
                "_t": "14:53:23",
                "_end": "14:56:17",
                "data": {
                    "time": 555.029352
                }
            },
            {
                "time": {
                    "start": "2019-05-30T20:53:23.496Z",
                    "end": "2019-05-30T20:56:18.042Z"
                },
                "type": "SCRUB",
                "source": "data:drag",
                "_t": "14:53:23",
                "_end": "14:56:18",
                "data": {
                    "time": 555.029352
                }
            },
            {
                "time": "2019-05-30T20:56:18.047Z",
                "type": "JUMP",
                "source": "data:dblclick:h_pos",
                "_t": "14:56:18",
                "_end": "-",
                "data": {
                    "from": 555.029352,
                    "to": 699.7380450136136
                }
            },
            {
                "time": {
                    "start": "2019-05-30T20:53:23.496Z",
                    "end": "2019-05-30T20:56:19.117Z"
                },
                "type": "SCRUB",
                "source": "data:drag",
                "_t": "14:53:23",
                "_end": "14:56:19",
                "data": {
                    "time": 699.55895
                }
            },
            {
                "time": {
                    "start": "2019-05-30T20:53:23.496Z",
                    "end": "2019-05-30T20:56:19.271Z"
                },
                "type": "SCRUB",
                "source": "data:drag",
                "_t": "14:53:23",
                "_end": "14:56:19",
                "data": {
                    "time": 699.55895
                }
            },
            {
                "time": {
                    "start": "2019-05-30T20:53:23.496Z",
                    "end": "2019-05-30T20:56:21.018Z"
                },
                "type": "SCRUB",
                "source": "data:drag",
                "_t": "14:53:23",
                "_end": "14:56:21",
                "data": {
                    "time": 699.55895
                }
            },
            {
                "time": {
                    "start": "2019-05-30T20:53:23.496Z",
                    "end": "2019-05-30T20:56:21.637Z"
                },
                "type": "SCRUB",
                "source": "data:drag",
                "_t": "14:53:23",
                "_end": "14:56:21",
                "data": {
                    "time": 699.55895
                }
            },
            {
                "time": {
                    "start": "2019-05-30T20:53:23.496Z",
                    "end": "2019-05-30T20:56:22.066Z"
                },
                "type": "SCRUB",
                "source": "data:drag",
                "_t": "14:53:23",
                "_end": "14:56:22",
                "data": {
                    "time": 699.55895
                }
            },
            {
                "time": {
                    "start": "2019-05-30T20:53:23.496Z",
                    "end": "2019-05-30T20:56:22.250Z"
                },
                "type": "SCRUB",
                "source": "data:drag",
                "_t": "14:53:23",
                "_end": "14:56:22",
                "data": {
                    "time": 699.55895
                }
            },
            {
                "time": "2019-05-30T20:56:22.255Z",
                "type": "JUMP",
                "source": "data:dblclick:h_pos",
                "_t": "14:56:22",
                "_end": "-",
                "data": {
                    "from": 699.55895,
                    "to": 730.7214655747127
                }
            },
            {
                "time": {
                    "start": "2019-05-30T20:53:23.496Z",
                    "end": "2019-05-30T20:56:23.754Z"
                },
                "type": "SCRUB",
                "source": "data:drag",
                "_t": "14:53:23",
                "_end": "14:56:23",
                "data": {
                    "time": 730.721465
                }
            },
            {
                "time": {
                    "start": "2019-05-30T20:53:23.496Z",
                    "end": "2019-05-30T20:56:25.230Z"
                },
                "type": "SCRUB",
                "source": "data:drag",
                "_t": "14:53:23",
                "_end": "14:56:25",
                "data": {
                    "time": 945.635365
                }
            },
            {
                "time": {
                    "start": "2019-05-30T20:53:23.496Z",
                    "end": "2019-05-30T20:56:29.550Z"
                },
                "type": "SCRUB",
                "source": "data:drag",
                "_t": "14:53:23",
                "_end": "14:56:29",
                "data": {
                    "time": 887.071327
                }
            },
            {
                "time": {
                    "start": "2019-05-30T20:53:23.496Z",
                    "end": "2019-05-30T20:56:30.586Z"
                },
                "type": "SCRUB",
                "source": "data:drag",
                "_t": "14:53:23",
                "_end": "14:56:30",
                "data": {
                    "time": 712.811972
                }
            },
            {
                "time": {
                    "start": "2019-05-30T20:53:23.496Z",
                    "end": "2019-05-30T20:56:31.474Z"
                },
                "type": "SCRUB",
                "source": "data:drag",
                "_t": "14:53:23",
                "_end": "14:56:31",
                "data": {
                    "time": 553.417495
                }
            },
            {
                "time": {
                    "start": "2019-05-30T20:53:23.496Z",
                    "end": "2019-05-30T20:56:33.505Z"
                },
                "type": "SCRUB",
                "source": "data:drag",
                "_t": "14:53:23",
                "_end": "14:56:33",
                "data": {
                    "time": 388.112886
                }
            },
            {
                "time": {
                    "start": "2019-05-30T20:53:23.496Z",
                    "end": "2019-05-30T20:56:34.319Z"
                },
                "type": "SCRUB",
                "source": "data:drag",
                "_t": "14:53:23",
                "_end": "14:56:34",
                "data": {
                    "time": 224.957416
                }
            },
            {
                "time": {
                    "start": "2019-05-30T20:53:23.496Z",
                    "end": "2019-05-30T20:56:34.967Z"
                },
                "type": "SCRUB",
                "source": "data:drag",
                "_t": "14:53:23",
                "_end": "14:56:34",
                "data": {
                    "time": 224.957416
                }
            },
            {
                "time": {
                    "start": "2019-05-30T20:53:23.496Z",
                    "end": "2019-05-30T20:56:37.166Z"
                },
                "type": "SCRUB",
                "source": "data:drag",
                "_t": "14:53:23",
                "_end": "14:56:37",
                "data": {
                    "time": 40.489651
                }
            },
            {
                "time": {
                    "start": "2019-05-30T20:53:23.496Z",
                    "end": "2019-05-30T20:56:50.477Z"
                },
                "type": "SCRUB",
                "source": "data:drag",
                "_t": "14:53:23",
                "_end": "14:56:50",
                "data": {
                    "time": 96.897676
                }
            },
            {
                "time": {
                    "start": "2019-05-30T20:53:23.496Z",
                    "end": "2019-05-30T20:56:51.410Z"
                },
                "type": "SCRUB",
                "source": "data:drag",
                "_t": "14:53:23",
                "_end": "14:56:51",
                "data": {
                    "time": 189.397756
                }
            },
            {
                "time": {
                    "start": "2019-05-30T20:53:23.496Z",
                    "end": "2019-05-30T20:56:52.475Z"
                },
                "type": "SCRUB",
                "source": "data:drag",
                "_t": "14:53:23",
                "_end": "14:56:52",
                "data": {
                    "time": 289.042151
                }
            },
            {
                "time": {
                    "start": "2019-05-30T20:53:23.496Z",
                    "end": "2019-05-30T20:56:53.512Z"
                },
                "type": "SCRUB",
                "source": "data:drag",
                "_t": "14:53:23",
                "_end": "14:56:53",
                "data": {
                    "time": 383.046297
                }
            },
            {
                "time": {
                    "start": "2019-05-30T20:53:23.496Z",
                    "end": "2019-05-30T20:56:54.412Z"
                },
                "type": "SCRUB",
                "source": "data:drag",
                "_t": "14:53:23",
                "_end": "14:56:54",
                "data": {
                    "time": 488.33094
                }
            },
            {
                "time": {
                    "start": "2019-05-30T20:53:23.496Z",
                    "end": "2019-05-30T20:57:03.988Z"
                },
                "type": "SCRUB",
                "source": "data:drag",
                "_t": "14:53:23",
                "_end": "14:57:03",
                "data": {
                    "time": 398.450126
                }
            },
            {
                "time": {
                    "start": "2019-05-30T20:53:23.496Z",
                    "end": "2019-05-30T20:57:05.428Z"
                },
                "type": "SCRUB",
                "source": "data:drag",
                "_t": "14:53:23",
                "_end": "14:57:05",
                "data": {
                    "time": 399.890922
                }
            },
            {
                "time": {
                    "start": "2019-05-30T20:53:23.496Z",
                    "end": "2019-05-30T20:57:06.147Z"
                },
                "type": "SCRUB",
                "source": "data:drag",
                "_t": "14:53:23",
                "_end": "14:57:06",
                "data": {
                    "time": 400.603053
                }
            },
            {
                "time": {
                    "start": "2019-05-30T20:53:23.496Z",
                    "end": "2019-05-30T20:57:07.666Z"
                },
                "type": "SCRUB",
                "source": "data:drag",
                "_t": "14:53:23",
                "_end": "14:57:07",
                "data": {
                    "time": 402.127358
                }
            },
            {
                "time": {
                    "start": "2019-05-30T20:53:23.496Z",
                    "end": "2019-05-30T20:57:09.777Z"
                },
                "type": "SCRUB",
                "source": "data:drag",
                "_t": "14:53:23",
                "_end": "14:57:09",
                "data": {
                    "time": 404.237057
                }
            },
            {
                "time": {
                    "start": "2019-05-30T20:53:23.496Z",
                    "end": "2019-05-30T20:57:10.846Z"
                },
                "type": "SCRUB",
                "source": "data:drag",
                "_t": "14:53:23",
                "_end": "14:57:10",
                "data": {
                    "time": 320.227447
                }
            },
            {
                "time": "2019-05-30T20:57:12.086Z",
                "type": "PAUSE",
                "source": "video:button",
                "_t": "14:57:12",
                "_end": "-"
            }
        ]
    }
}