{
    "user_id": "bronze2",
    "session_id": "5d7fdf7a81249f67dd06adcf",
    "study": "studyE",
    "workspace": "drywall.drywall-pink",
    "details": {
        "workspace": "drywall.drywall-pink",
        "labels": [],
        "_starts": [
            "2019-09-16T19:46:10.000Z"
        ],
        "_ends": [
            "2019-09-16T19:47:16.839Z"
        ]
    },
    "labels_file": "/home/ubuntu/vat/data/user-studies/studyE/drywall-pink/bronze2.labels.json",
    "videoFlash": 0.0001,
    "surveys": {
        "user-info": {
            "firstname": "Austin",
            "lastname": "Schmidt",
            "email": "scubaaustin16@hotmail.com"
        },
        "practice-first": {
            "question1": "1",
            "question2": "okay",
            "question3": "90",
            "question4": "3"
        },
        "practice-second": {},
        "practice-third": {},
        "practice-survey": {},
        "drywall-blue": {
            "question1": "1",
            "question2": "2",
            "question3": "10",
            "question4": "50"
        },
        "drywall-red": {
            "question1": "1",
            "question2": "1",
            "question3": "0",
            "question4": "0"
        },
        "drywall-orange": {
            "question1": "3",
            "question2": "2",
            "question3": "20",
            "question4": "80"
        },
        "drywall-survey": {
            "question1": "5",
            "question2": "3",
            "question3": "4",
            "question4": "3"
        },
        "gait-blue": {
            "question1": "5",
            "question2": "5",
            "question3": "50",
            "question4": "90"
        },
        "gait-red": {
            "question1": "3",
            "question2": "2",
            "question3": "60",
            "question4": "80"
        },
        "gait-yellow": {
            "question1": "4",
            "question2": "2",
            "question3": "70",
            "question4": "90"
        },
        "gait-survey": {
            "question1": "5",
            "question2": "3",
            "question3": "4",
            "question4": "4"
        }
    },
    "logs": {
        "navigationEvents": [
            {
                "time": {
                    "start": "2019-09-16T19:46:52.691Z",
                    "end": "2019-09-16T19:46:52.762Z"
                },
                "type": "SCRUB",
                "source": "video:drag",
                "_t": "13:46:52",
                "_end": "13:46:52",
                "data": {
                    "to": 18.873507434707903,
                    "from": 2.602537
                }
            },
            {
                "time": {
                    "start": "2019-09-16T19:46:53.251Z",
                    "end": "2019-09-16T19:46:53.329Z"
                },
                "type": "SCRUB",
                "source": "video:drag",
                "_t": "13:46:53",
                "_end": "13:46:53",
                "data": {
                    "to": 35.76032987628866,
                    "from": 19.317236
                }
            },
            {
                "time": {
                    "start": "2019-09-16T19:46:53.774Z",
                    "end": "2019-09-16T19:46:53.855Z"
                },
                "type": "SCRUB",
                "source": "video:drag",
                "_t": "13:46:53",
                "_end": "13:46:53",
                "data": {
                    "to": 51.65380982130584,
                    "from": 36.161934
                }
            },
            {
                "time": {
                    "start": "2019-09-16T19:46:54.222Z",
                    "end": "2019-09-16T19:46:54.502Z"
                },
                "type": "SCRUB",
                "source": "video:drag",
                "_t": "13:46:54",
                "_end": "13:46:54",
                "data": {
                    "to": 101.32093464948453,
                    "from": 51.97256
                }
            },
            {
                "time": {
                    "start": "2019-09-16T19:46:55.088Z",
                    "end": "2019-09-16T19:46:55.544Z"
                },
                "type": "SCRUB",
                "source": "video:drag",
                "_t": "13:46:55",
                "_end": "13:46:55",
                "data": {
                    "to": 131.12121,
                    "from": 101.839705
                }
            },
            {
                "time": {
                    "start": "2019-09-16T19:46:57.923Z",
                    "end": "2019-09-16T19:46:59.261Z"
                },
                "type": "SCRUB",
                "source": "video:drag",
                "_t": "13:46:57",
                "_end": "13:46:59",
                "data": {
                    "to": 201.64852680240548,
                    "from": 133.472439
                }
            },
            {
                "time": {
                    "start": "2019-09-16T19:47:00.184Z",
                    "end": "2019-09-16T19:47:00.541Z"
                },
                "type": "SCRUB",
                "source": "video:drag",
                "_t": "13:47:00",
                "_end": "13:47:00",
                "data": {
                    "to": 216.548664,
                    "from": 202.492964
                }
            },
            {
                "time": {
                    "start": "2019-09-16T19:47:02.114Z",
                    "end": "2019-09-16T19:47:02.200Z"
                },
                "type": "SCRUB",
                "source": "video:drag",
                "_t": "13:47:02",
                "_end": "13:47:02",
                "data": {
                    "to": 267.20913157560136,
                    "from": 218.085268
                }
            },
            {
                "time": {
                    "start": "2019-09-16T19:47:03.400Z",
                    "end": "2019-09-16T19:47:04.295Z"
                },
                "type": "SCRUB",
                "source": "video:drag",
                "_t": "13:47:03",
                "_end": "13:47:04",
                "data": {
                    "to": 427.1372735223368,
                    "from": 268.056986
                }
            },
            {
                "time": {
                    "start": "2019-09-16T19:47:05.792Z",
                    "end": "2019-09-16T19:47:05.999Z"
                },
                "type": "SCRUB",
                "source": "video:drag",
                "_t": "13:47:05",
                "_end": "13:47:05",
                "data": {
                    "to": 468.8576583780068,
                    "from": 428.021919
                }
            },
            {
                "time": {
                    "start": "2019-09-16T19:47:06.665Z",
                    "end": "2019-09-16T19:47:08.700Z"
                },
                "type": "SCRUB",
                "source": "video:drag",
                "_t": "13:47:06",
                "_end": "13:47:08",
                "data": {
                    "to": 591.0387854553263,
                    "from": 469.42072
                }
            },
            {
                "time": {
                    "start": "2019-09-16T19:47:11.771Z",
                    "end": "2019-09-16T19:47:11.856Z"
                },
                "type": "SCRUB",
                "source": "video:drag",
                "_t": "13:47:11",
                "_end": "13:47:11",
                "data": {
                    "to": 623.819088,
                    "from": 593.668951
                }
            },
            {
                "time": {
                    "start": "2019-09-16T19:47:12.627Z",
                    "end": "2019-09-16T19:47:12.702Z"
                },
                "type": "SCRUB",
                "source": "video:drag",
                "_t": "13:47:12",
                "_end": "13:47:12",
                "data": {
                    "to": 661.5661027113401,
                    "from": 624.550004
                }
            },
            {
                "time": {
                    "start": "2019-09-16T19:47:13.359Z",
                    "end": "2019-09-16T19:47:13.424Z"
                },
                "type": "SCRUB",
                "source": "video:drag",
                "_t": "13:47:13",
                "_end": "13:47:13",
                "data": {
                    "to": 717.1932825189003,
                    "from": 662.129311
                }
            }
        ]
    }
}