{
    "user_id": "gold3",
    "session_id": "5d7bc05381249f67dd06acd1",
    "study": "studyE",
    "workspace": "drywall.drywall-pink",
    "details": {
        "workspace": "drywall.drywall-pink",
        "labels": [
            {
                "time": 1.749368,
                "endTime": 3.621118,
                "type": "measuring",
                "id": 1
            },
            {
                "time": 3.621118,
                "endTime": 7.401493,
                "type": "measuring",
                "id": 2
            },
            {
                "time": 9.841993,
                "endTime": 12.042743,
                "type": "measuring",
                "id": 3
            },
            {
                "time": 12.042743,
                "endTime": 13.549951,
                "type": "measuring",
                "id": 4
            },
            {
                "time": 13.549951,
                "endTime": 20.997389,
                "type": "measuring",
                "id": 5
            },
            {
                "time": 20.997389,
                "endTime": 22.869681,
                "type": "measuring",
                "id": 6
            },
            {
                "time": 56.485927,
                "endTime": 99.11055157593539,
                "type": "cutting",
                "id": 7
            },
            {
                "time": 106.213396,
                "endTime": 116.842708,
                "type": "measuring",
                "id": 8
            },
            {
                "time": 116.842708,
                "endTime": 118.877521,
                "type": "measuring",
                "id": 9
            },
            {
                "time": 119.929104,
                "endTime": 126.278604,
                "type": "cutting",
                "id": 10
            },
            {
                "time": 126.278604,
                "endTime": 127.905646,
                "type": "cutting",
                "id": 11
            },
            {
                "time": 200.701701,
                "endTime": 201.027201,
                "type": "cutting",
                "id": 12
            },
            {
                "time": 201.027201,
                "endTime": 205.789284,
                "type": "cutting",
                "id": 13
            }
        ],
        "_starts": [
            "2019-09-13T16:46:00.000Z"
        ],
        "_ends": [
            "2019-09-13T16:48:40.299Z",
            "2019-09-13T16:49:07.348Z"
        ]
    },
    "labels_file": "/home/ubuntu/vat/data/user-studies/studyE/drywall-pink/gold3.labels.json",
    "videoFlash": 0.0001,
    "surveys": {
        "user-info": {
            "firstname": "Youngchan",
            "lastname": "Kim",
            "email": "kimycyc94@gmil.com"
        },
        "practice-first": {
            "question1": "5",
            "question2": "ok",
            "question3": "100",
            "question4": "5"
        },
        "practice-second": {},
        "practice-third": {},
        "practice-survey": {},
        "drywall-blue": {
            "question1": "4",
            "question2": "4",
            "question3": "60",
            "question4": "70"
        },
        "drywall-red": {
            "question1": "3",
            "question2": "3",
            "question3": "50",
            "question4": "50"
        },
        "drywall-orange": {
            "question1": "4",
            "question2": "4",
            "question3": "80",
            "question4": "50"
        },
        "drywall-survey": {
            "question1": "4",
            "question2": "5",
            "question3": "4",
            "question4": "5"
        },
        "gait-blue": {
            "question1": "2",
            "question2": "2",
            "question3": "80",
            "question4": "40"
        },
        "gait-red": {
            "question1": "2",
            "question2": "2",
            "question3": "40",
            "question4": "80"
        },
        "gait-yellow": {
            "question1": "4",
            "question2": "4",
            "question3": "80",
            "question4": "30"
        },
        "gait-survey": {
            "question1": "5",
            "question2": "5",
            "question3": "5",
            "question4": "5"
        }
    },
    "logs": {
        "labelEvents": [
            {
                "time": "2019-09-13T16:47:01.622Z",
                "type": "START",
                "source": "side-bar:button",
                "_t": "10:47:01",
                "_end": "-",
                "data": {
                    "type": "measuring",
                    "time": 1.749368
                }
            },
            {
                "time": "2019-09-13T16:47:03.497Z",
                "type": "START",
                "source": "side-bar:button",
                "_t": "10:47:03",
                "_end": "-",
                "data": {
                    "type": "measuring",
                    "time": 3.621118
                }
            },
            {
                "time": "2019-09-13T16:47:07.335Z",
                "type": "END",
                "source": "side-bar:button:ctb",
                "_t": "10:47:07",
                "_end": "-",
                "data": {
                    "lbl": {
                        "time": 3.621118,
                        "endTime": 7.401493,
                        "type": "measuring",
                        "id": 2
                    }
                }
            },
            {
                "time": "2019-09-13T16:47:09.708Z",
                "type": "START",
                "source": "side-bar:button",
                "_t": "10:47:09",
                "_end": "-",
                "data": {
                    "type": "measuring",
                    "time": 9.841993
                }
            },
            {
                "time": "2019-09-13T16:47:11.933Z",
                "type": "START",
                "source": "side-bar:button",
                "_t": "10:47:11",
                "_end": "-",
                "data": {
                    "type": "measuring",
                    "time": 12.042743
                }
            },
            {
                "time": "2019-09-13T16:47:13.442Z",
                "type": "START",
                "source": "side-bar:button",
                "_t": "10:47:13",
                "_end": "-",
                "data": {
                    "type": "measuring",
                    "time": 13.549951
                }
            },
            {
                "time": "2019-09-13T16:47:20.931Z",
                "type": "START",
                "source": "side-bar:button",
                "_t": "10:47:20",
                "_end": "-",
                "data": {
                    "type": "measuring",
                    "time": 20.997389
                }
            },
            {
                "time": "2019-09-13T16:47:22.746Z",
                "type": "END",
                "source": "side-bar:button:ctb",
                "_t": "10:47:22",
                "_end": "-",
                "data": {
                    "lbl": {
                        "time": 20.997389,
                        "endTime": 22.869681,
                        "type": "measuring",
                        "id": 6
                    }
                }
            },
            {
                "time": "2019-09-13T16:47:38.185Z",
                "type": "START",
                "source": "side-bar:button",
                "_t": "10:47:38",
                "_end": "-",
                "data": {
                    "type": "cutting",
                    "time": 56.485927
                }
            },
            {
                "time": "2019-09-13T16:47:45.851Z",
                "type": "END",
                "source": "data:click:h_pos",
                "_t": "10:47:45",
                "_end": "-",
                "data": {
                    "lbl": {
                        "time": 56.485927,
                        "endTime": 99.11055157593539,
                        "type": "cutting",
                        "id": 7
                    }
                }
            },
            {
                "time": "2019-09-13T16:47:51.906Z",
                "type": "START",
                "source": "side-bar:button",
                "_t": "10:47:51",
                "_end": "-",
                "data": {
                    "type": "measuring",
                    "time": 106.213396
                }
            },
            {
                "time": "2019-09-13T16:48:02.533Z",
                "type": "START",
                "source": "side-bar:button",
                "_t": "10:48:02",
                "_end": "-",
                "data": {
                    "type": "measuring",
                    "time": 116.842708
                }
            },
            {
                "time": "2019-09-13T16:48:04.555Z",
                "type": "END",
                "source": "side-bar:button:ctb",
                "_t": "10:48:04",
                "_end": "-",
                "data": {
                    "lbl": {
                        "time": 116.842708,
                        "endTime": 118.877521,
                        "type": "measuring",
                        "id": 9
                    }
                }
            },
            {
                "time": "2019-09-13T16:48:05.555Z",
                "type": "START",
                "source": "side-bar:button",
                "_t": "10:48:05",
                "_end": "-",
                "data": {
                    "type": "cutting",
                    "time": 119.929104
                }
            },
            {
                "time": "2019-09-13T16:48:11.932Z",
                "type": "START",
                "source": "side-bar:button",
                "_t": "10:48:11",
                "_end": "-",
                "data": {
                    "type": "cutting",
                    "time": 126.278604
                }
            },
            {
                "time": "2019-09-13T16:48:13.606Z",
                "type": "END",
                "source": "side-bar:button:ctb",
                "_t": "10:48:13",
                "_end": "-",
                "data": {
                    "lbl": {
                        "time": 126.278604,
                        "endTime": 127.905646,
                        "type": "cutting",
                        "id": 11
                    }
                }
            },
            {
                "time": "2019-09-13T16:48:21.642Z",
                "type": "START",
                "source": "side-bar:button",
                "_t": "10:48:21",
                "_end": "-",
                "data": {
                    "type": "cutting",
                    "time": 200.701701
                }
            },
            {
                "time": "2019-09-13T16:48:21.987Z",
                "type": "START",
                "source": "side-bar:button",
                "_t": "10:48:21",
                "_end": "-",
                "data": {
                    "type": "cutting",
                    "time": 201.027201
                }
            },
            {
                "time": "2019-09-13T16:48:26.758Z",
                "type": "END",
                "source": "side-bar:button:ctb",
                "_t": "10:48:26",
                "_end": "-",
                "data": {
                    "lbl": {
                        "time": 201.027201,
                        "endTime": 205.789284,
                        "type": "cutting",
                        "id": 13
                    }
                }
            }
        ],
        "navigationEvents": [
            {
                "time": {
                    "start": "2019-09-13T16:46:18.785Z",
                    "end": "2019-09-13T16:46:18.855Z"
                },
                "type": "SCRUB",
                "source": "video:drag",
                "_t": "10:46:18",
                "_end": "10:46:18",
                "data": {
                    "to": 52.64715231786941,
                    "from": 3.043162
                }
            },
            {
                "time": "2019-09-13T16:46:19.871Z",
                "type": "PAUSE",
                "source": "video:button",
                "_t": "10:46:19",
                "_end": "-"
            },
            {
                "time": "2019-09-13T16:46:20.871Z",
                "type": "PLAY",
                "source": "video:button",
                "_t": "10:46:20",
                "_end": "-"
            },
            {
                "time": {
                    "start": "2019-09-13T16:46:21.263Z",
                    "end": "2019-09-13T16:46:21.330Z"
                },
                "type": "SCRUB",
                "source": "video:drag",
                "_t": "10:46:21",
                "_end": "10:46:21",
                "data": {
                    "to": 70.52731725601375,
                    "from": 54.06361
                }
            },
            {
                "time": {
                    "start": "2019-09-13T16:46:00.503Z",
                    "end": "2019-09-13T16:47:00.183Z"
                },
                "type": "SCRUB",
                "source": "data:drag",
                "_t": "10:46:00",
                "_end": "10:47:00",
                "data": {
                    "time": 0.244493
                }
            },
            {
                "time": {
                    "start": "2019-09-13T16:47:32.541Z",
                    "end": "2019-09-13T16:47:32.547Z"
                },
                "type": "SCRUB",
                "source": "video:drag",
                "_t": "10:47:32",
                "_end": "10:47:32",
                "data": {
                    "to": 44.700412345360824,
                    "from": 32.629931
                }
            },
            {
                "time": {
                    "start": "2019-09-13T16:46:00.503Z",
                    "end": "2019-09-13T16:47:37.038Z"
                },
                "type": "SCRUB",
                "source": "data:drag",
                "_t": "10:46:00",
                "_end": "10:47:37",
                "data": {
                    "time": 55.34899
                }
            },
            {
                "time": {
                    "start": "2019-09-13T16:46:00.503Z",
                    "end": "2019-09-13T16:47:45.849Z"
                },
                "type": "SCRUB",
                "source": "data:drag",
                "_t": "10:46:00",
                "_end": "10:47:45",
                "data": {
                    "time": 64.115865
                }
            },
            {
                "time": {
                    "start": "2019-09-13T16:46:00.503Z",
                    "end": "2019-09-13T16:47:49.825Z"
                },
                "type": "SCRUB",
                "source": "data:drag",
                "_t": "10:46:00",
                "_end": "10:47:49",
                "data": {
                    "time": 104.22289591317121
                }
            },
            {
                "time": {
                    "start": "2019-09-13T16:46:00.503Z",
                    "end": "2019-09-13T16:48:20.511Z"
                },
                "type": "SCRUB",
                "source": "data:drag",
                "_t": "10:46:00",
                "_end": "10:48:20",
                "data": {
                    "time": 199.567326
                }
            },
            {
                "time": {
                    "start": "2019-09-13T16:46:00.503Z",
                    "end": "2019-09-13T16:48:34.640Z"
                },
                "type": "SCRUB",
                "source": "data:drag",
                "_t": "10:46:00",
                "_end": "10:48:34",
                "data": {
                    "time": 218.92551383430904
                }
            }
        ]
    }
}