[{"time":1.749368,"endTime":3.621118,"type":"measuring","id":1},{"time":3.621118,"endTime":7.401493,"type":"measuring","id":2},{"time":9.841993,"endTime":12.042743,"type":"measuring","id":3},{"time":12.042743,"endTime":13.549951,"type":"measuring","id":4},{"time":13.549951,"endTime":20.997389,"type":"measuring","id":5},{"time":20.997389,"endTime":22.869681,"type":"measuring","id":6},{"time":56.485927,"endTime":99.11055157593539,"type":"cutting","id":7},{"time":106.213396,"endTime":116.842708,"type":"measuring","id":8},{"time":116.842708,"endTime":118.877521,"type":"measuring","id":9},{"time":119.929104,"endTime":126.278604,"type":"cutting","id":10},{"time":126.278604,"endTime":127.905646,"type":"cutting","id":11},{"time":200.701701,"endTime":201.027201,"type":"cutting","id":12},{"time":201.027201,"endTime":205.789284,"type":"cutting","id":13}]