{
    "user_id": "green2",
    "session_id": "5d32237581249f67dd06ab93",
    "study": "studyE",
    "workspace": "drywall.drywall-pink",
    "details": {
        "workspace": "drywall.drywall-pink",
        "labels": [
            {
                "time": 336.0322756829261,
                "endTime": 415.96653880488054,
                "type": "measuring",
                "id": 1
            },
            {
                "time": -77.17740414636404,
                "endTime": -24.1590656097571,
                "type": "cutting",
                "id": 2
            },
            {
                "time": 493.33375775607584,
                "endTime": 570.9811826341278,
                "type": "cutting",
                "id": 3
            },
            {
                "time": 635.0920080975704,
                "endTime": 765.0997416340592,
                "type": "cutting",
                "id": 5
            },
            {
                "time": 958.3722644389995,
                "endTime": 1072.2112856581455,
                "type": "measuring",
                "id": 6
            },
            {
                "time": 846.7893488781951,
                "endTime": 936.281296195137,
                "type": "measuring",
                "id": 7
            },
            {
                "time": 426.30880075612885,
                "endTime": 479.23313514637493,
                "type": "measuring",
                "id": 8
            }
        ],
        "_starts": [
            "2019-07-19T20:43:23.000Z"
        ],
        "_ends": [
            "2019-07-19T20:46:36.727Z"
        ]
    },
    "labels_file": "/home/ubuntu/vat/data/user-studies/studyE/drywall-pink/green2.labels.json",
    "videoFlash": 0.0001,
    "surveys": {
        "user-info": {
            "firstname": "Victoria",
            "lastname": "Santore-Tovar",
            "email": "vsantoretovar@gmail.com"
        },
        "practice-first": {
            "question1": "5",
            "question2": "ok",
            "question3": "10",
            "question4": "4"
        },
        "practice-second": {},
        "practice-third": {},
        "practice-survey": {},
        "drywall-blue": {
            "question1": "4",
            "question2": "5",
            "question3": "10",
            "question4": "90"
        },
        "drywall-red": {
            "question1": "5",
            "question2": "4",
            "question3": "30",
            "question4": "20"
        },
        "drywall-orange": {
            "question1": "2",
            "question2": "4",
            "question3": "10",
            "question4": "10"
        },
        "drywall-survey": {
            "question1": "2",
            "question2": "2",
            "question3": "5",
            "question4": "5"
        },
        "gait-blue": {
            "question1": "5",
            "question2": "5",
            "question3": "20",
            "question4": "70"
        },
        "gait-red": {
            "question1": "2",
            "question2": "2",
            "question3": "20",
            "question4": "20"
        },
        "gait-yellow": {
            "question1": "5",
            "question2": "5",
            "question3": "30",
            "question4": "80"
        },
        "gait-survey": {
            "question1": "5",
            "question2": "5",
            "question3": "5",
            "question4": "5"
        }
    },
    "logs": {
        "labelEvents": [
            {
                "time": "2019-07-19T20:43:54.155Z",
                "type": "START",
                "source": "side-bar:button",
                "_t": "14:43:54",
                "_end": "-",
                "data": {
                    "type": "measuring",
                    "time": 352.294993
                }
            },
            {
                "time": "2019-07-19T20:43:57.681Z",
                "type": "END",
                "source": "data:click:h_pos",
                "_t": "14:43:57",
                "_end": "-",
                "data": {
                    "lbl": {
                        "time": 336.0322756829261,
                        "endTime": 415.96653880488054,
                        "type": "measuring",
                        "id": 1
                    }
                }
            },
            {
                "time": "2019-07-19T20:44:00.961Z",
                "type": "SELECT",
                "source": "data:click",
                "_t": "14:44:00",
                "_end": "-",
                "data": {
                    "time": 336.0322756829261,
                    "endTime": 415.96653880488054,
                    "type": "measuring",
                    "id": 1
                }
            },
            {
                "time": {
                    "start": "2019-07-19T20:44:02.212Z",
                    "end": "2019-07-19T20:44:03.238Z"
                },
                "type": "RESIZE",
                "source": "data:brush",
                "_t": "14:44:02",
                "_end": "14:44:03",
                "data": {
                    "brushing": true,
                    "origin": [
                        352.294993,
                        432.69927685366173
                    ],
                    "_brushside": 0,
                    "start": "2019-07-19T20:44:02.212Z",
                    "ε": 0.1,
                    "mode": "resize"
                }
            },
            {
                "time": {
                    "start": "2019-07-19T20:44:04.881Z",
                    "end": "2019-07-19T20:44:07.258Z"
                },
                "type": "RESIZE",
                "source": "data:brush",
                "_t": "14:44:04",
                "_end": "14:44:07",
                "data": {
                    "brushing": true,
                    "origin": [
                        336.03227568293164,
                        432.6992768536429
                    ],
                    "_brushside": 1,
                    "start": "2019-07-19T20:44:04.881Z",
                    "ε": 0.1,
                    "mode": "resize"
                }
            },
            {
                "time": "2019-07-19T20:44:07.552Z",
                "type": "DESELECT",
                "source": "data:click",
                "_t": "14:44:07",
                "_end": "-",
                "data": {
                    "time": 336.0322756829261,
                    "endTime": 415.96653880488054,
                    "type": "measuring",
                    "id": 1
                }
            },
            {
                "time": "2019-07-19T20:44:11.902Z",
                "type": "START",
                "source": "side-bar:button",
                "_t": "14:44:11",
                "_end": "-",
                "data": {
                    "type": "cutting",
                    "time": 549.722052
                }
            },
            {
                "time": "2019-07-19T20:44:14.108Z",
                "type": "END",
                "source": "data:click:h_pos",
                "_t": "14:44:14",
                "_end": "-",
                "data": {
                    "lbl": {
                        "time": 26.216426834148727,
                        "endTime": 31.753271053658366,
                        "type": "cutting",
                        "id": 2
                    }
                }
            },
            {
                "time": "2019-07-19T20:44:15.835Z",
                "type": "SELECT",
                "source": "data:click",
                "_t": "14:44:15",
                "_end": "-",
                "data": {
                    "time": 26.216426834148727,
                    "endTime": 31.753271053658366,
                    "type": "cutting",
                    "id": 2
                }
            },
            {
                "time": {
                    "start": "2019-07-19T20:44:18.371Z",
                    "end": "2019-07-19T20:44:19.854Z"
                },
                "type": "MOVE",
                "source": "data:brush",
                "_t": "14:44:18",
                "_end": "14:44:19",
                "data": {
                    "brushing": true,
                    "origin": [
                        494.3536098049036,
                        549.722052
                    ],
                    "start": "2019-07-19T20:44:18.371Z",
                    "ε": 0.1,
                    "mode": "move"
                }
            },
            {
                "time": "2019-07-19T20:44:22.094Z",
                "type": "DELETE",
                "source": "side-bar:button",
                "_t": "14:44:22",
                "_end": "-",
                "data": {
                    "id": 2,
                    "idx": 1
                }
            },
            {
                "time": "2019-07-19T20:44:29.470Z",
                "type": "START",
                "source": "side-bar:button",
                "_t": "14:44:29",
                "_end": "-",
                "data": {
                    "type": "cutting",
                    "time": 0
                }
            },
            {
                "time": "2019-07-19T20:44:32.298Z",
                "type": "END",
                "source": "data:click:h_pos",
                "_t": "14:44:32",
                "_end": "-",
                "data": {
                    "lbl": {
                        "time": -77.17740414636404,
                        "endTime": -24.1590656097571,
                        "type": "cutting",
                        "id": 2
                    }
                }
            },
            {
                "time": "2019-07-19T20:44:34.673Z",
                "type": "SELECT",
                "source": "data:click",
                "_t": "14:44:34",
                "_end": "-",
                "data": {
                    "time": -77.17740414636404,
                    "endTime": -24.1590656097571,
                    "type": "cutting",
                    "id": 2
                }
            },
            {
                "time": {
                    "start": "2019-07-19T20:44:35.729Z",
                    "end": "2019-07-19T20:44:37.303Z"
                },
                "type": "RESIZE",
                "source": "data:brush",
                "_t": "14:44:35",
                "_end": "14:44:37",
                "data": {
                    "brushing": true,
                    "origin": [
                        -77.17740414634463,
                        0
                    ],
                    "_brushside": 1,
                    "start": "2019-07-19T20:44:35.729Z",
                    "ε": 0.1,
                    "mode": "resize"
                }
            },
            {
                "time": "2019-07-19T20:44:37.809Z",
                "type": "DESELECT",
                "source": "data:click",
                "_t": "14:44:37",
                "_end": "-",
                "data": {
                    "time": -77.17740414636404,
                    "endTime": -24.1590656097571,
                    "type": "cutting",
                    "id": 2
                }
            },
            {
                "time": "2019-07-19T20:44:44.462Z",
                "type": "START",
                "source": "side-bar:button",
                "_t": "14:44:44",
                "_end": "-",
                "data": {
                    "type": "cutting",
                    "time": 550.018258
                }
            },
            {
                "time": "2019-07-19T20:44:46.035Z",
                "type": "END",
                "source": "data:click:h_pos",
                "_t": "14:44:46",
                "_end": "-",
                "data": {
                    "lbl": {
                        "time": 493.33375775607584,
                        "endTime": 570.9811826341278,
                        "type": "cutting",
                        "id": 3
                    }
                }
            },
            {
                "time": "2019-07-19T20:44:50.136Z",
                "type": "SELECT",
                "source": "data:click",
                "_t": "14:44:50",
                "_end": "-",
                "data": {
                    "time": 493.33375775607584,
                    "endTime": 570.9811826341278,
                    "type": "cutting",
                    "id": 3
                }
            },
            {
                "time": {
                    "start": "2019-07-19T20:44:50.865Z",
                    "end": "2019-07-19T20:44:50.911Z"
                },
                "type": "MOVE",
                "source": "data:brush",
                "_t": "14:44:50",
                "_end": "14:44:50",
                "data": {
                    "brushing": true,
                    "origin": [
                        493.3337577561237,
                        550.018258
                    ],
                    "start": "2019-07-19T20:44:50.865Z",
                    "ε": 0.1,
                    "mode": "move"
                }
            },
            {
                "time": "2019-07-19T20:44:50.928Z",
                "type": "DESELECT",
                "source": "data:click",
                "_t": "14:44:50",
                "_end": "-",
                "data": {
                    "time": 493.3337577561237,
                    "endTime": 550.018258,
                    "type": "cutting",
                    "id": 3
                }
            },
            {
                "time": "2019-07-19T20:44:52.490Z",
                "type": "SELECT",
                "source": "data:click",
                "_t": "14:44:52",
                "_end": "-",
                "data": {
                    "time": 493.33375775607584,
                    "endTime": 570.9811826341278,
                    "type": "cutting",
                    "id": 3
                }
            },
            {
                "time": {
                    "start": "2019-07-19T20:44:53.441Z",
                    "end": "2019-07-19T20:44:55.671Z"
                },
                "type": "RESIZE",
                "source": "data:brush",
                "_t": "14:44:53",
                "_end": "14:44:55",
                "data": {
                    "brushing": true,
                    "origin": [
                        493.3337577561237,
                        550.018258
                    ],
                    "_brushside": 1,
                    "start": "2019-07-19T20:44:53.441Z",
                    "ε": 0.1,
                    "mode": "resize"
                }
            },
            {
                "time": "2019-07-19T20:44:56.161Z",
                "type": "DESELECT",
                "source": "data:click",
                "_t": "14:44:56",
                "_end": "-",
                "data": {
                    "time": 493.33375775607584,
                    "endTime": 570.9811826341278,
                    "type": "cutting",
                    "id": 3
                }
            },
            {
                "time": "2019-07-19T20:44:59.879Z",
                "type": "START",
                "source": "side-bar:button",
                "_t": "14:44:59",
                "_end": "-",
                "data": {
                    "type": "measuring",
                    "time": 628.605722
                }
            },
            {
                "time": "2019-07-19T20:45:01.811Z",
                "type": "END",
                "source": "data:click:h_pos",
                "_t": "14:45:01",
                "_end": "-",
                "data": {
                    "lbl": {
                        "time": 628.605722,
                        "endTime": 690.3664461463129,
                        "type": "measuring",
                        "id": 4
                    }
                }
            },
            {
                "time": "2019-07-19T20:45:07.260Z",
                "type": "START",
                "source": "side-bar:button",
                "_t": "14:45:07",
                "_end": "-",
                "data": {
                    "type": "cutting",
                    "time": 771.116007
                }
            },
            {
                "time": "2019-07-19T20:45:10.002Z",
                "type": "END",
                "source": "data:click:h_pos",
                "_t": "14:45:10",
                "_end": "-",
                "data": {
                    "lbl": {
                        "time": 635.0920080975704,
                        "endTime": 765.0997416340592,
                        "type": "cutting",
                        "id": 5
                    }
                }
            },
            {
                "time": "2019-07-19T20:45:10.994Z",
                "type": "SELECT",
                "source": "data:click",
                "_t": "14:45:10",
                "_end": "-",
                "data": {
                    "time": 635.0920080975704,
                    "endTime": 765.0997416340592,
                    "type": "cutting",
                    "id": 5
                }
            },
            {
                "time": {
                    "start": "2019-07-19T20:45:12.489Z",
                    "end": "2019-07-19T20:45:15.319Z"
                },
                "type": "RESIZE",
                "source": "data:brush",
                "_t": "14:45:12",
                "_end": "14:45:15",
                "data": {
                    "brushing": true,
                    "origin": [
                        702.3989760243528,
                        771.116007
                    ],
                    "_brushside": 1,
                    "start": "2019-07-19T20:45:12.489Z",
                    "ε": 0.1,
                    "mode": "resize"
                }
            },
            {
                "time": "2019-07-19T20:45:17.158Z",
                "type": "DESELECT",
                "source": "data:click",
                "_t": "14:45:17",
                "_end": "-",
                "data": {
                    "time": 702.3989760243528,
                    "endTime": 765.0997416341431,
                    "type": "cutting",
                    "id": 5
                }
            },
            {
                "time": "2019-07-19T20:45:18.858Z",
                "type": "SELECT",
                "source": "data:click",
                "_t": "14:45:18",
                "_end": "-",
                "data": {
                    "time": 635.0920080975704,
                    "endTime": 765.0997416340592,
                    "type": "cutting",
                    "id": 5
                }
            },
            {
                "time": {
                    "start": "2019-07-19T20:45:20.049Z",
                    "end": "2019-07-19T20:45:22.135Z"
                },
                "type": "RESIZE",
                "source": "data:brush",
                "_t": "14:45:20",
                "_end": "14:45:22",
                "data": {
                    "brushing": true,
                    "origin": [
                        702.3989760243528,
                        765.0997416341431
                    ],
                    "_brushside": 0,
                    "start": "2019-07-19T20:45:20.049Z",
                    "ε": 0.1,
                    "mode": "resize"
                }
            },
            {
                "time": "2019-07-19T20:45:23.809Z",
                "type": "DESELECT",
                "source": "data:click",
                "_t": "14:45:23",
                "_end": "-",
                "data": {
                    "time": 690.3664461463129,
                    "endTime": 765.099741634122,
                    "type": "cutting",
                    "id": 5
                }
            },
            {
                "time": "2019-07-19T20:45:25.948Z",
                "type": "SELECT",
                "source": "data:click",
                "_t": "14:45:25",
                "_end": "-",
                "data": {
                    "time": 628.605722,
                    "endTime": 690.3664461463129,
                    "type": "measuring",
                    "id": 4
                }
            },
            {
                "time": "2019-07-19T20:45:27.150Z",
                "type": "DELETE",
                "source": "side-bar:button",
                "_t": "14:45:27",
                "_end": "-",
                "data": {
                    "id": 4,
                    "idx": 3
                }
            },
            {
                "time": "2019-07-19T20:45:27.937Z",
                "type": "SELECT",
                "source": "data:click",
                "_t": "14:45:27",
                "_end": "-",
                "data": {
                    "time": 635.0920080975704,
                    "endTime": 765.0997416340592,
                    "type": "cutting",
                    "id": 5
                }
            },
            {
                "time": {
                    "start": "2019-07-19T20:45:29.337Z",
                    "end": "2019-07-19T20:45:30.910Z"
                },
                "type": "RESIZE",
                "source": "data:brush",
                "_t": "14:45:29",
                "_end": "14:45:30",
                "data": {
                    "brushing": true,
                    "origin": [
                        690.3664461463129,
                        765.099741634122
                    ],
                    "_brushside": 0,
                    "start": "2019-07-19T20:45:29.337Z",
                    "ε": 0.1,
                    "mode": "resize"
                }
            },
            {
                "time": "2019-07-19T20:45:31.337Z",
                "type": "DESELECT",
                "source": "data:click",
                "_t": "14:45:31",
                "_end": "-",
                "data": {
                    "time": 635.0920080975704,
                    "endTime": 765.0997416340592,
                    "type": "cutting",
                    "id": 5
                }
            },
            {
                "time": "2019-07-19T20:45:37.463Z",
                "type": "START",
                "source": "side-bar:button",
                "_t": "14:45:37",
                "_end": "-",
                "data": {
                    "type": "measuring",
                    "time": 973.506932
                }
            },
            {
                "time": "2019-07-19T20:45:39.827Z",
                "type": "END",
                "source": "data:click:h_pos",
                "_t": "14:45:39",
                "_end": "-",
                "data": {
                    "lbl": {
                        "time": 958.3722644389995,
                        "endTime": 1072.2112856581455,
                        "type": "measuring",
                        "id": 6
                    }
                }
            },
            {
                "time": "2019-07-19T20:45:44.730Z",
                "type": "SELECT",
                "source": "data:click",
                "_t": "14:45:44",
                "_end": "-",
                "data": {
                    "time": 958.3722644389995,
                    "endTime": 1072.2112856581455,
                    "type": "measuring",
                    "id": 6
                }
            },
            {
                "time": {
                    "start": "2019-07-19T20:45:46.209Z",
                    "end": "2019-07-19T20:45:47.456Z"
                },
                "type": "RESIZE",
                "source": "data:brush",
                "_t": "14:45:46",
                "_end": "14:45:47",
                "data": {
                    "brushing": true,
                    "origin": [
                        973.506932,
                        1072.2112856583915
                    ],
                    "_brushside": 0,
                    "start": "2019-07-19T20:45:46.209Z",
                    "ε": 0.1,
                    "mode": "resize"
                }
            },
            {
                "time": "2019-07-19T20:45:47.960Z",
                "type": "DESELECT",
                "source": "data:click",
                "_t": "14:45:47",
                "_end": "-",
                "data": {
                    "time": 958.3722644389995,
                    "endTime": 1072.2112856581455,
                    "type": "measuring",
                    "id": 6
                }
            },
            {
                "time": "2019-07-19T20:46:02.408Z",
                "type": "START",
                "source": "side-bar:button",
                "_t": "14:46:02",
                "_end": "-",
                "data": {
                    "type": "measuring",
                    "time": 946.433744
                }
            },
            {
                "time": "2019-07-19T20:46:05.017Z",
                "type": "END",
                "source": "data:click:h_pos",
                "_t": "14:46:05",
                "_end": "-",
                "data": {
                    "lbl": {
                        "time": 846.7893488781951,
                        "endTime": 936.281296195137,
                        "type": "measuring",
                        "id": 7
                    }
                }
            },
            {
                "time": "2019-07-19T20:46:05.563Z",
                "type": "SELECT",
                "source": "data:click",
                "_t": "14:46:05",
                "_end": "-",
                "data": {
                    "time": 846.7893488781951,
                    "endTime": 936.281296195137,
                    "type": "measuring",
                    "id": 7
                }
            },
            {
                "time": {
                    "start": "2019-07-19T20:46:07.290Z",
                    "end": "2019-07-19T20:46:08.758Z"
                },
                "type": "RESIZE",
                "source": "data:brush",
                "_t": "14:46:07",
                "_end": "14:46:08",
                "data": {
                    "brushing": true,
                    "origin": [
                        846.7893488781951,
                        946.433744
                    ],
                    "_brushside": 1,
                    "start": "2019-07-19T20:46:07.290Z",
                    "ε": 0.1,
                    "mode": "resize"
                }
            },
            {
                "time": "2019-07-19T20:46:09.131Z",
                "type": "DESELECT",
                "source": "data:click",
                "_t": "14:46:09",
                "_end": "-",
                "data": {
                    "time": 846.7893488781951,
                    "endTime": 936.281296195137,
                    "type": "measuring",
                    "id": 7
                }
            },
            {
                "time": "2019-07-19T20:46:16.560Z",
                "type": "START",
                "source": "side-bar:button",
                "_t": "14:46:16",
                "_end": "-",
                "data": {
                    "type": "measuring",
                    "time": 452.159941
                }
            },
            {
                "time": "2019-07-19T20:46:18.535Z",
                "type": "END",
                "source": "data:click:h_pos",
                "_t": "14:46:18",
                "_end": "-",
                "data": {
                    "lbl": {
                        "time": 426.30880075612885,
                        "endTime": 479.23313514637493,
                        "type": "measuring",
                        "id": 8
                    }
                }
            },
            {
                "time": "2019-07-19T20:46:19.171Z",
                "type": "SELECT",
                "source": "data:click",
                "_t": "14:46:19",
                "_end": "-",
                "data": {
                    "time": 426.30880075612885,
                    "endTime": 479.23313514637493,
                    "type": "measuring",
                    "id": 8
                }
            },
            {
                "time": "2019-07-19T20:46:20.263Z",
                "type": "DESELECT",
                "source": "data:click",
                "_t": "14:46:20",
                "_end": "-",
                "data": {
                    "time": 426.30880075610946,
                    "endTime": 452.159941,
                    "type": "measuring",
                    "id": 8
                }
            },
            {
                "time": "2019-07-19T20:46:21.218Z",
                "type": "SELECT",
                "source": "data:click",
                "_t": "14:46:21",
                "_end": "-",
                "data": {
                    "time": 426.30880075612885,
                    "endTime": 479.23313514637493,
                    "type": "measuring",
                    "id": 8
                }
            },
            {
                "time": {
                    "start": "2019-07-19T20:46:21.858Z",
                    "end": "2019-07-19T20:46:22.912Z"
                },
                "type": "RESIZE",
                "source": "data:brush",
                "_t": "14:46:21",
                "_end": "14:46:22",
                "data": {
                    "brushing": true,
                    "origin": [
                        426.30880075610946,
                        452.159941
                    ],
                    "_brushside": 1,
                    "start": "2019-07-19T20:46:21.858Z",
                    "ε": 0.1,
                    "mode": "resize"
                }
            },
            {
                "time": "2019-07-19T20:46:23.364Z",
                "type": "DESELECT",
                "source": "data:click",
                "_t": "14:46:23",
                "_end": "-",
                "data": {
                    "time": 426.30880075610946,
                    "endTime": 480.92520978047446,
                    "type": "measuring",
                    "id": 8
                }
            },
            {
                "time": "2019-07-19T20:46:25.778Z",
                "type": "SELECT",
                "source": "data:click",
                "_t": "14:46:25",
                "_end": "-",
                "data": {
                    "time": 426.30880075612885,
                    "endTime": 479.23313514637493,
                    "type": "measuring",
                    "id": 8
                }
            },
            {
                "time": {
                    "start": "2019-07-19T20:46:26.922Z",
                    "end": "2019-07-19T20:46:27.568Z"
                },
                "type": "RESIZE",
                "source": "data:brush",
                "_t": "14:46:26",
                "_end": "14:46:27",
                "data": {
                    "brushing": true,
                    "origin": [
                        426.30880075610946,
                        480.92520978047446
                    ],
                    "_brushside": 1,
                    "start": "2019-07-19T20:46:26.922Z",
                    "ε": 0.1,
                    "mode": "resize"
                }
            },
            {
                "time": "2019-07-19T20:46:28.610Z",
                "type": "DESELECT",
                "source": "data:click",
                "_t": "14:46:28",
                "_end": "-",
                "data": {
                    "time": 426.30880075612885,
                    "endTime": 479.23313514637493,
                    "type": "measuring",
                    "id": 8
                }
            },
            {
                "time": "2019-07-19T20:46:35.905Z",
                "type": "START",
                "source": "side-bar:button",
                "_t": "14:46:35",
                "_end": "-",
                "data": {
                    "type": "measuring",
                    "time": 132.263827
                }
            }
        ],
        "navigationEvents": [
            {
                "time": {
                    "start": "2019-07-19T20:43:23.808Z",
                    "end": "2019-07-19T20:43:38.672Z"
                },
                "type": "SCRUB",
                "source": "data:drag",
                "_t": "14:43:23",
                "_end": "14:43:38",
                "data": {
                    "time": 6.204373
                }
            },
            {
                "time": {
                    "start": "2019-07-19T20:43:23.808Z",
                    "end": "2019-07-19T20:43:42.348Z"
                },
                "type": "SCRUB",
                "source": "data:drag",
                "_t": "14:43:23",
                "_end": "14:43:42",
                "data": {
                    "time": 66.86546
                }
            },
            {
                "time": {
                    "start": "2019-07-19T20:43:42.897Z",
                    "end": "2019-07-19T20:43:42.993Z"
                },
                "type": "SCRUB",
                "source": "video:drag",
                "_t": "14:43:42",
                "_end": "14:43:42",
                "data": {
                    "to": 165.888244,
                    "from": 66.86546
                }
            },
            {
                "time": {
                    "start": "2019-07-19T20:43:44.603Z",
                    "end": "2019-07-19T20:43:44.686Z"
                },
                "type": "SCRUB",
                "source": "video:drag",
                "_t": "14:43:44",
                "_end": "14:43:44",
                "data": {
                    "to": 270.189237,
                    "from": 165.9343
                }
            },
            {
                "time": {
                    "start": "2019-07-19T20:43:23.808Z",
                    "end": "2019-07-19T20:43:47.535Z"
                },
                "type": "SCRUB",
                "source": "data:drag",
                "_t": "14:43:23",
                "_end": "14:43:47",
                "data": {
                    "time": 150.595451
                }
            },
            {
                "time": {
                    "start": "2019-07-19T20:43:23.808Z",
                    "end": "2019-07-19T20:43:48.888Z"
                },
                "type": "SCRUB",
                "source": "data:drag",
                "_t": "14:43:23",
                "_end": "14:43:48",
                "data": {
                    "time": 122.488211
                }
            },
            {
                "time": {
                    "start": "2019-07-19T20:43:23.808Z",
                    "end": "2019-07-19T20:43:49.863Z"
                },
                "type": "SCRUB",
                "source": "data:drag",
                "_t": "14:43:23",
                "_end": "14:43:49",
                "data": {
                    "time": 292.812251
                }
            },
            {
                "time": {
                    "start": "2019-07-19T20:43:23.808Z",
                    "end": "2019-07-19T20:43:53.133Z"
                },
                "type": "SCRUB",
                "source": "data:drag",
                "_t": "14:43:23",
                "_end": "14:43:53",
                "data": {
                    "time": 351.296205
                }
            },
            {
                "time": {
                    "start": "2019-07-19T20:43:23.808Z",
                    "end": "2019-07-19T20:43:57.678Z"
                },
                "type": "SCRUB",
                "source": "data:drag",
                "_t": "14:43:23",
                "_end": "14:43:57",
                "data": {
                    "time": 355.822892
                }
            },
            {
                "time": "2019-07-19T20:43:59.903Z",
                "type": "PAUSE",
                "source": "video:button",
                "_t": "14:43:59",
                "_end": "-"
            },
            {
                "time": {
                    "start": "2019-07-19T20:43:23.808Z",
                    "end": "2019-07-19T20:44:00.958Z"
                },
                "type": "SCRUB",
                "source": "data:drag",
                "_t": "14:43:23",
                "_end": "14:44:00",
                "data": {
                    "time": 358.047599
                }
            },
            {
                "time": {
                    "start": "2019-07-19T20:43:23.808Z",
                    "end": "2019-07-19T20:44:03.251Z"
                },
                "type": "SCRUB",
                "source": "data:drag",
                "_t": "14:43:23",
                "_end": "14:44:03",
                "data": {
                    "time": 358.047599
                }
            },
            {
                "time": {
                    "start": "2019-07-19T20:43:23.808Z",
                    "end": "2019-07-19T20:44:07.265Z"
                },
                "type": "SCRUB",
                "source": "data:drag",
                "_t": "14:43:23",
                "_end": "14:44:07",
                "data": {
                    "time": 358.047599
                }
            },
            {
                "time": {
                    "start": "2019-07-19T20:43:23.808Z",
                    "end": "2019-07-19T20:44:07.550Z"
                },
                "type": "SCRUB",
                "source": "data:drag",
                "_t": "14:43:23",
                "_end": "14:44:07",
                "data": {
                    "time": 358.047599
                }
            },
            {
                "time": {
                    "start": "2019-07-19T20:43:23.808Z",
                    "end": "2019-07-19T20:44:09.315Z"
                },
                "type": "SCRUB",
                "source": "data:drag",
                "_t": "14:43:23",
                "_end": "14:44:09",
                "data": {
                    "time": 506.386141
                }
            },
            {
                "time": {
                    "start": "2019-07-19T20:43:23.808Z",
                    "end": "2019-07-19T20:44:10.857Z"
                },
                "type": "SCRUB",
                "source": "data:drag",
                "_t": "14:43:23",
                "_end": "14:44:10",
                "data": {
                    "time": 549.722052
                }
            },
            {
                "time": {
                    "start": "2019-07-19T20:43:23.808Z",
                    "end": "2019-07-19T20:44:14.106Z"
                },
                "type": "SCRUB",
                "source": "data:drag",
                "_t": "14:43:23",
                "_end": "14:44:14",
                "data": {
                    "time": 549.722052
                }
            },
            {
                "time": {
                    "start": "2019-07-19T20:43:23.808Z",
                    "end": "2019-07-19T20:44:15.833Z"
                },
                "type": "SCRUB",
                "source": "data:drag",
                "_t": "14:43:23",
                "_end": "14:44:15",
                "data": {
                    "time": 549.722052
                }
            },
            {
                "time": {
                    "start": "2019-07-19T20:43:23.808Z",
                    "end": "2019-07-19T20:44:17.619Z"
                },
                "type": "SCRUB",
                "source": "data:drag",
                "_t": "14:43:23",
                "_end": "14:44:17",
                "data": {
                    "time": -7.802344146345412
                }
            },
            {
                "time": {
                    "start": "2019-07-19T20:43:23.808Z",
                    "end": "2019-07-19T20:44:19.871Z"
                },
                "type": "SCRUB",
                "source": "data:drag",
                "_t": "14:43:23",
                "_end": "14:44:19",
                "data": {
                    "time": 0.0001
                }
            },
            {
                "time": {
                    "start": "2019-07-19T20:43:23.808Z",
                    "end": "2019-07-19T20:44:23.525Z"
                },
                "type": "SCRUB",
                "source": "data:drag",
                "_t": "14:43:23",
                "_end": "14:44:23",
                "data": {
                    "time": 0
                }
            },
            {
                "time": {
                    "start": "2019-07-19T20:43:23.808Z",
                    "end": "2019-07-19T20:44:24.703Z"
                },
                "type": "SCRUB",
                "source": "data:drag",
                "_t": "14:43:23",
                "_end": "14:44:24",
                "data": {
                    "time": 163.003189
                }
            },
            {
                "time": {
                    "start": "2019-07-19T20:43:23.808Z",
                    "end": "2019-07-19T20:44:25.833Z"
                },
                "type": "SCRUB",
                "source": "data:drag",
                "_t": "14:43:23",
                "_end": "14:44:25",
                "data": {
                    "time": 105.566655
                }
            },
            {
                "time": {
                    "start": "2019-07-19T20:43:23.808Z",
                    "end": "2019-07-19T20:44:27.229Z"
                },
                "type": "SCRUB",
                "source": "data:drag",
                "_t": "14:43:23",
                "_end": "14:44:27",
                "data": {
                    "time": 0
                }
            },
            {
                "time": {
                    "start": "2019-07-19T20:43:23.808Z",
                    "end": "2019-07-19T20:44:28.309Z"
                },
                "type": "SCRUB",
                "source": "data:drag",
                "_t": "14:43:23",
                "_end": "14:44:28",
                "data": {
                    "time": 0
                }
            },
            {
                "time": {
                    "start": "2019-07-19T20:43:23.808Z",
                    "end": "2019-07-19T20:44:32.295Z"
                },
                "type": "SCRUB",
                "source": "data:drag",
                "_t": "14:43:23",
                "_end": "14:44:32",
                "data": {
                    "time": 0
                }
            },
            {
                "time": {
                    "start": "2019-07-19T20:43:23.808Z",
                    "end": "2019-07-19T20:44:32.957Z"
                },
                "type": "SCRUB",
                "source": "data:drag",
                "_t": "14:43:23",
                "_end": "14:44:32",
                "data": {
                    "time": 0
                }
            },
            {
                "time": {
                    "start": "2019-07-19T20:43:23.808Z",
                    "end": "2019-07-19T20:44:34.671Z"
                },
                "type": "SCRUB",
                "source": "data:drag",
                "_t": "14:43:23",
                "_end": "14:44:34",
                "data": {
                    "time": 0
                }
            },
            {
                "time": {
                    "start": "2019-07-19T20:43:23.808Z",
                    "end": "2019-07-19T20:44:37.320Z"
                },
                "type": "SCRUB",
                "source": "data:drag",
                "_t": "14:43:23",
                "_end": "14:44:37",
                "data": {
                    "time": 0
                }
            },
            {
                "time": {
                    "start": "2019-07-19T20:43:23.808Z",
                    "end": "2019-07-19T20:44:37.808Z"
                },
                "type": "SCRUB",
                "source": "data:drag",
                "_t": "14:43:23",
                "_end": "14:44:37",
                "data": {
                    "time": 0
                }
            },
            {
                "time": {
                    "start": "2019-07-19T20:43:23.808Z",
                    "end": "2019-07-19T20:44:38.842Z"
                },
                "type": "SCRUB",
                "source": "data:drag",
                "_t": "14:43:23",
                "_end": "14:44:38",
                "data": {
                    "time": 114.96707
                }
            },
            {
                "time": {
                    "start": "2019-07-19T20:43:23.808Z",
                    "end": "2019-07-19T20:44:39.769Z"
                },
                "type": "SCRUB",
                "source": "data:drag",
                "_t": "14:43:23",
                "_end": "14:44:39",
                "data": {
                    "time": 243.188725
                }
            },
            {
                "time": {
                    "start": "2019-07-19T20:43:23.808Z",
                    "end": "2019-07-19T20:44:41.572Z"
                },
                "type": "SCRUB",
                "source": "data:drag",
                "_t": "14:43:23",
                "_end": "14:44:41",
                "data": {
                    "time": 419.352495
                }
            },
            {
                "time": {
                    "start": "2019-07-19T20:43:23.808Z",
                    "end": "2019-07-19T20:44:43.379Z"
                },
                "type": "SCRUB",
                "source": "data:drag",
                "_t": "14:43:23",
                "_end": "14:44:43",
                "data": {
                    "time": 550.018258
                }
            },
            {
                "time": {
                    "start": "2019-07-19T20:43:23.808Z",
                    "end": "2019-07-19T20:44:46.033Z"
                },
                "type": "SCRUB",
                "source": "data:drag",
                "_t": "14:43:23",
                "_end": "14:44:46",
                "data": {
                    "time": 550.018258
                }
            },
            {
                "time": {
                    "start": "2019-07-19T20:43:23.808Z",
                    "end": "2019-07-19T20:44:48.390Z"
                },
                "type": "SCRUB",
                "source": "data:drag",
                "_t": "14:43:23",
                "_end": "14:44:48",
                "data": {
                    "time": 588.465953
                }
            },
            {
                "time": {
                    "start": "2019-07-19T20:43:23.808Z",
                    "end": "2019-07-19T20:44:49.327Z"
                },
                "type": "SCRUB",
                "source": "data:drag",
                "_t": "14:43:23",
                "_end": "14:44:49",
                "data": {
                    "time": 588.371948
                }
            },
            {
                "time": {
                    "start": "2019-07-19T20:43:23.808Z",
                    "end": "2019-07-19T20:44:50.027Z"
                },
                "type": "SCRUB",
                "source": "data:drag",
                "_t": "14:43:23",
                "_end": "14:44:50",
                "data": {
                    "time": 588.465952
                }
            },
            {
                "time": {
                    "start": "2019-07-19T20:43:23.808Z",
                    "end": "2019-07-19T20:44:50.135Z"
                },
                "type": "SCRUB",
                "source": "data:drag",
                "_t": "14:43:23",
                "_end": "14:44:50",
                "data": {
                    "time": 588.465952
                }
            },
            {
                "time": {
                    "start": "2019-07-19T20:43:23.808Z",
                    "end": "2019-07-19T20:44:50.927Z"
                },
                "type": "SCRUB",
                "source": "data:drag",
                "_t": "14:43:23",
                "_end": "14:44:50",
                "data": {
                    "time": 588.465952
                }
            },
            {
                "time": {
                    "start": "2019-07-19T20:43:23.808Z",
                    "end": "2019-07-19T20:44:52.487Z"
                },
                "type": "SCRUB",
                "source": "data:drag",
                "_t": "14:43:23",
                "_end": "14:44:52",
                "data": {
                    "time": 588.465952
                }
            },
            {
                "time": {
                    "start": "2019-07-19T20:43:23.808Z",
                    "end": "2019-07-19T20:44:55.680Z"
                },
                "type": "SCRUB",
                "source": "data:drag",
                "_t": "14:43:23",
                "_end": "14:44:55",
                "data": {
                    "time": 588.465952
                }
            },
            {
                "time": {
                    "start": "2019-07-19T20:43:23.808Z",
                    "end": "2019-07-19T20:44:56.160Z"
                },
                "type": "SCRUB",
                "source": "data:drag",
                "_t": "14:43:23",
                "_end": "14:44:56",
                "data": {
                    "time": 588.465952
                }
            },
            {
                "time": {
                    "start": "2019-07-19T20:43:23.808Z",
                    "end": "2019-07-19T20:44:58.661Z"
                },
                "type": "SCRUB",
                "source": "data:drag",
                "_t": "14:43:23",
                "_end": "14:44:58",
                "data": {
                    "time": 628.605722
                }
            },
            {
                "time": {
                    "start": "2019-07-19T20:43:23.808Z",
                    "end": "2019-07-19T20:45:01.808Z"
                },
                "type": "SCRUB",
                "source": "data:drag",
                "_t": "14:43:23",
                "_end": "14:45:01",
                "data": {
                    "time": 628.605722
                }
            },
            {
                "time": {
                    "start": "2019-07-19T20:43:23.808Z",
                    "end": "2019-07-19T20:45:03.687Z"
                },
                "type": "SCRUB",
                "source": "data:drag",
                "_t": "14:43:23",
                "_end": "14:45:03",
                "data": {
                    "time": 628.605722
                }
            },
            {
                "time": {
                    "start": "2019-07-19T20:43:23.808Z",
                    "end": "2019-07-19T20:45:06.463Z"
                },
                "type": "SCRUB",
                "source": "data:drag",
                "_t": "14:43:23",
                "_end": "14:45:06",
                "data": {
                    "time": 771.116007
                }
            },
            {
                "time": {
                    "start": "2019-07-19T20:43:23.808Z",
                    "end": "2019-07-19T20:45:09.999Z"
                },
                "type": "SCRUB",
                "source": "data:drag",
                "_t": "14:43:23",
                "_end": "14:45:09",
                "data": {
                    "time": 771.116007
                }
            },
            {
                "time": {
                    "start": "2019-07-19T20:43:23.808Z",
                    "end": "2019-07-19T20:45:10.991Z"
                },
                "type": "SCRUB",
                "source": "data:drag",
                "_t": "14:43:23",
                "_end": "14:45:10",
                "data": {
                    "time": 771.116007
                }
            },
            {
                "time": {
                    "start": "2019-07-19T20:43:23.808Z",
                    "end": "2019-07-19T20:45:15.327Z"
                },
                "type": "SCRUB",
                "source": "data:drag",
                "_t": "14:43:23",
                "_end": "14:45:15",
                "data": {
                    "time": 771.116007
                }
            },
            {
                "time": {
                    "start": "2019-07-19T20:43:23.808Z",
                    "end": "2019-07-19T20:45:17.157Z"
                },
                "type": "SCRUB",
                "source": "data:drag",
                "_t": "14:43:23",
                "_end": "14:45:17",
                "data": {
                    "time": 771.116007
                }
            },
            {
                "time": {
                    "start": "2019-07-19T20:43:23.808Z",
                    "end": "2019-07-19T20:45:18.465Z"
                },
                "type": "SCRUB",
                "source": "data:drag",
                "_t": "14:43:23",
                "_end": "14:45:18",
                "data": {
                    "time": 744.042812
                }
            },
            {
                "time": {
                    "start": "2019-07-19T20:43:23.808Z",
                    "end": "2019-07-19T20:45:18.855Z"
                },
                "type": "SCRUB",
                "source": "data:drag",
                "_t": "14:43:23",
                "_end": "14:45:18",
                "data": {
                    "time": 744.042812
                }
            },
            {
                "time": {
                    "start": "2019-07-19T20:43:23.808Z",
                    "end": "2019-07-19T20:45:22.151Z"
                },
                "type": "SCRUB",
                "source": "data:drag",
                "_t": "14:43:23",
                "_end": "14:45:22",
                "data": {
                    "time": 744.042812
                }
            },
            {
                "time": {
                    "start": "2019-07-19T20:43:23.808Z",
                    "end": "2019-07-19T20:45:23.807Z"
                },
                "type": "SCRUB",
                "source": "data:drag",
                "_t": "14:43:23",
                "_end": "14:45:23",
                "data": {
                    "time": 744.042812
                }
            },
            {
                "time": {
                    "start": "2019-07-19T20:43:23.808Z",
                    "end": "2019-07-19T20:45:25.365Z"
                },
                "type": "SCRUB",
                "source": "data:drag",
                "_t": "14:43:23",
                "_end": "14:45:25",
                "data": {
                    "time": 702.774991
                }
            },
            {
                "time": {
                    "start": "2019-07-19T20:43:23.808Z",
                    "end": "2019-07-19T20:45:25.944Z"
                },
                "type": "SCRUB",
                "source": "data:drag",
                "_t": "14:43:23",
                "_end": "14:45:25",
                "data": {
                    "time": 702.774991
                }
            },
            {
                "time": {
                    "start": "2019-07-19T20:43:23.808Z",
                    "end": "2019-07-19T20:45:27.935Z"
                },
                "type": "SCRUB",
                "source": "data:drag",
                "_t": "14:43:23",
                "_end": "14:45:27",
                "data": {
                    "time": 702.774991
                }
            },
            {
                "time": {
                    "start": "2019-07-19T20:43:23.808Z",
                    "end": "2019-07-19T20:45:30.914Z"
                },
                "type": "SCRUB",
                "source": "data:drag",
                "_t": "14:43:23",
                "_end": "14:45:30",
                "data": {
                    "time": 702.774991
                }
            },
            {
                "time": {
                    "start": "2019-07-19T20:43:23.808Z",
                    "end": "2019-07-19T20:45:31.335Z"
                },
                "type": "SCRUB",
                "source": "data:drag",
                "_t": "14:43:23",
                "_end": "14:45:31",
                "data": {
                    "time": 702.774991
                }
            },
            {
                "time": {
                    "start": "2019-07-19T20:43:23.808Z",
                    "end": "2019-07-19T20:45:33.120Z"
                },
                "type": "SCRUB",
                "source": "data:drag",
                "_t": "14:43:23",
                "_end": "14:45:33",
                "data": {
                    "time": 880.912848
                }
            },
            {
                "time": {
                    "start": "2019-07-19T20:43:23.808Z",
                    "end": "2019-07-19T20:45:36.009Z"
                },
                "type": "SCRUB",
                "source": "data:drag",
                "_t": "14:43:23",
                "_end": "14:45:36",
                "data": {
                    "time": 973.506932
                }
            },
            {
                "time": {
                    "start": "2019-07-19T20:43:23.808Z",
                    "end": "2019-07-19T20:45:39.824Z"
                },
                "type": "SCRUB",
                "source": "data:drag",
                "_t": "14:43:23",
                "_end": "14:45:39",
                "data": {
                    "time": 973.506932
                }
            },
            {
                "time": {
                    "start": "2019-07-19T20:43:23.808Z",
                    "end": "2019-07-19T20:45:40.695Z"
                },
                "type": "SCRUB",
                "source": "data:drag",
                "_t": "14:43:23",
                "_end": "14:45:40",
                "data": {
                    "time": 973.506932
                }
            },
            {
                "time": {
                    "start": "2019-07-19T20:43:23.808Z",
                    "end": "2019-07-19T20:45:44.203Z"
                },
                "type": "SCRUB",
                "source": "data:drag",
                "_t": "14:43:23",
                "_end": "14:45:44",
                "data": {
                    "time": 950.099899
                }
            },
            {
                "time": {
                    "start": "2019-07-19T20:43:23.808Z",
                    "end": "2019-07-19T20:45:44.727Z"
                },
                "type": "SCRUB",
                "source": "data:drag",
                "_t": "14:43:23",
                "_end": "14:45:44",
                "data": {
                    "time": 950.099899
                }
            },
            {
                "time": {
                    "start": "2019-07-19T20:43:23.808Z",
                    "end": "2019-07-19T20:45:47.461Z"
                },
                "type": "SCRUB",
                "source": "data:drag",
                "_t": "14:43:23",
                "_end": "14:45:47",
                "data": {
                    "time": 950.099899
                }
            },
            {
                "time": {
                    "start": "2019-07-19T20:43:23.808Z",
                    "end": "2019-07-19T20:45:47.959Z"
                },
                "type": "SCRUB",
                "source": "data:drag",
                "_t": "14:43:23",
                "_end": "14:45:47",
                "data": {
                    "time": 950.099899
                }
            },
            {
                "time": {
                    "start": "2019-07-19T20:43:23.808Z",
                    "end": "2019-07-19T20:45:51.282Z"
                },
                "type": "SCRUB",
                "source": "data:drag",
                "_t": "14:43:23",
                "_end": "14:45:51",
                "data": {
                    "time": 1065.98525
                }
            },
            {
                "time": {
                    "start": "2019-07-19T20:43:23.808Z",
                    "end": "2019-07-19T20:45:53.343Z"
                },
                "type": "SCRUB",
                "source": "data:drag",
                "_t": "14:43:23",
                "_end": "14:45:53",
                "data": {
                    "time": 1156.251
                }
            },
            {
                "time": {
                    "start": "2019-07-19T20:43:23.808Z",
                    "end": "2019-07-19T20:45:56.445Z"
                },
                "type": "SCRUB",
                "source": "data:drag",
                "_t": "14:43:23",
                "_end": "14:45:56",
                "data": {
                    "time": 1156.251
                }
            },
            {
                "time": {
                    "start": "2019-07-19T20:43:23.808Z",
                    "end": "2019-07-19T20:45:58.520Z"
                },
                "type": "SCRUB",
                "source": "data:drag",
                "_t": "14:43:23",
                "_end": "14:45:58",
                "data": {
                    "time": 1067.417081
                }
            },
            {
                "time": {
                    "start": "2019-07-19T20:43:23.808Z",
                    "end": "2019-07-19T20:45:59.439Z"
                },
                "type": "SCRUB",
                "source": "data:drag",
                "_t": "14:43:23",
                "_end": "14:45:59",
                "data": {
                    "time": 992.307768
                }
            },
            {
                "time": {
                    "start": "2019-07-19T20:43:23.808Z",
                    "end": "2019-07-19T20:46:00.818Z"
                },
                "type": "SCRUB",
                "source": "data:drag",
                "_t": "14:43:23",
                "_end": "14:46:00",
                "data": {
                    "time": 946.433744
                }
            },
            {
                "time": {
                    "start": "2019-07-19T20:43:23.808Z",
                    "end": "2019-07-19T20:46:05.016Z"
                },
                "type": "SCRUB",
                "source": "data:drag",
                "_t": "14:43:23",
                "_end": "14:46:05",
                "data": {
                    "time": 946.433744
                }
            },
            {
                "time": {
                    "start": "2019-07-19T20:43:23.808Z",
                    "end": "2019-07-19T20:46:05.560Z"
                },
                "type": "SCRUB",
                "source": "data:drag",
                "_t": "14:43:23",
                "_end": "14:46:05",
                "data": {
                    "time": 946.433744
                }
            },
            {
                "time": {
                    "start": "2019-07-19T20:43:23.808Z",
                    "end": "2019-07-19T20:46:08.764Z"
                },
                "type": "SCRUB",
                "source": "data:drag",
                "_t": "14:43:23",
                "_end": "14:46:08",
                "data": {
                    "time": 946.433744
                }
            },
            {
                "time": {
                    "start": "2019-07-19T20:43:23.808Z",
                    "end": "2019-07-19T20:46:09.129Z"
                },
                "type": "SCRUB",
                "source": "data:drag",
                "_t": "14:43:23",
                "_end": "14:46:09",
                "data": {
                    "time": 946.433744
                }
            },
            {
                "time": {
                    "start": "2019-07-19T20:43:23.808Z",
                    "end": "2019-07-19T20:46:10.303Z"
                },
                "type": "SCRUB",
                "source": "data:drag",
                "_t": "14:43:23",
                "_end": "14:46:10",
                "data": {
                    "time": 825.262399
                }
            },
            {
                "time": {
                    "start": "2019-07-19T20:43:23.808Z",
                    "end": "2019-07-19T20:46:11.881Z"
                },
                "type": "SCRUB",
                "source": "data:drag",
                "_t": "14:43:23",
                "_end": "14:46:11",
                "data": {
                    "time": 694.220619
                }
            },
            {
                "time": {
                    "start": "2019-07-19T20:43:23.808Z",
                    "end": "2019-07-19T20:46:13.537Z"
                },
                "type": "SCRUB",
                "source": "data:drag",
                "_t": "14:43:23",
                "_end": "14:46:13",
                "data": {
                    "time": 537.703715
                }
            },
            {
                "time": {
                    "start": "2019-07-19T20:43:23.808Z",
                    "end": "2019-07-19T20:46:15.328Z"
                },
                "type": "SCRUB",
                "source": "data:drag",
                "_t": "14:43:23",
                "_end": "14:46:15",
                "data": {
                    "time": 452.159941
                }
            },
            {
                "time": {
                    "start": "2019-07-19T20:43:23.808Z",
                    "end": "2019-07-19T20:46:18.528Z"
                },
                "type": "SCRUB",
                "source": "data:drag",
                "_t": "14:43:23",
                "_end": "14:46:18",
                "data": {
                    "time": 452.159941
                }
            },
            {
                "time": {
                    "start": "2019-07-19T20:43:23.808Z",
                    "end": "2019-07-19T20:46:19.168Z"
                },
                "type": "SCRUB",
                "source": "data:drag",
                "_t": "14:43:23",
                "_end": "14:46:19",
                "data": {
                    "time": 452.159941
                }
            },
            {
                "time": {
                    "start": "2019-07-19T20:43:23.808Z",
                    "end": "2019-07-19T20:46:20.263Z"
                },
                "type": "SCRUB",
                "source": "data:drag",
                "_t": "14:43:23",
                "_end": "14:46:20",
                "data": {
                    "time": 452.159941
                }
            },
            {
                "time": {
                    "start": "2019-07-19T20:43:23.808Z",
                    "end": "2019-07-19T20:46:21.215Z"
                },
                "type": "SCRUB",
                "source": "data:drag",
                "_t": "14:43:23",
                "_end": "14:46:21",
                "data": {
                    "time": 452.159941
                }
            },
            {
                "time": {
                    "start": "2019-07-19T20:43:23.808Z",
                    "end": "2019-07-19T20:46:22.932Z"
                },
                "type": "SCRUB",
                "source": "data:drag",
                "_t": "14:43:23",
                "_end": "14:46:22",
                "data": {
                    "time": 452.159941
                }
            },
            {
                "time": {
                    "start": "2019-07-19T20:43:23.808Z",
                    "end": "2019-07-19T20:46:23.363Z"
                },
                "type": "SCRUB",
                "source": "data:drag",
                "_t": "14:43:23",
                "_end": "14:46:23",
                "data": {
                    "time": 452.159941
                }
            },
            {
                "time": {
                    "start": "2019-07-19T20:43:23.808Z",
                    "end": "2019-07-19T20:46:25.092Z"
                },
                "type": "SCRUB",
                "source": "data:drag",
                "_t": "14:43:23",
                "_end": "14:46:25",
                "data": {
                    "time": 387.7671
                }
            },
            {
                "time": {
                    "start": "2019-07-19T20:43:23.808Z",
                    "end": "2019-07-19T20:46:25.775Z"
                },
                "type": "SCRUB",
                "source": "data:drag",
                "_t": "14:43:23",
                "_end": "14:46:25",
                "data": {
                    "time": 387.7671
                }
            },
            {
                "time": {
                    "start": "2019-07-19T20:43:23.808Z",
                    "end": "2019-07-19T20:46:27.589Z"
                },
                "type": "SCRUB",
                "source": "data:drag",
                "_t": "14:43:23",
                "_end": "14:46:27",
                "data": {
                    "time": 387.7671
                }
            },
            {
                "time": {
                    "start": "2019-07-19T20:43:23.808Z",
                    "end": "2019-07-19T20:46:28.609Z"
                },
                "type": "SCRUB",
                "source": "data:drag",
                "_t": "14:43:23",
                "_end": "14:46:28",
                "data": {
                    "time": 387.7671
                }
            },
            {
                "time": {
                    "start": "2019-07-19T20:43:23.808Z",
                    "end": "2019-07-19T20:46:29.927Z"
                },
                "type": "SCRUB",
                "source": "data:drag",
                "_t": "14:43:23",
                "_end": "14:46:29",
                "data": {
                    "time": 334.184736
                }
            },
            {
                "time": {
                    "start": "2019-07-19T20:43:23.808Z",
                    "end": "2019-07-19T20:46:31.533Z"
                },
                "type": "SCRUB",
                "source": "data:drag",
                "_t": "14:43:23",
                "_end": "14:46:31",
                "data": {
                    "time": 189.41835
                }
            },
            {
                "time": {
                    "start": "2019-07-19T20:43:23.808Z",
                    "end": "2019-07-19T20:46:33.327Z"
                },
                "type": "SCRUB",
                "source": "data:drag",
                "_t": "14:43:23",
                "_end": "14:46:33",
                "data": {
                    "time": 132.07582
                }
            },
            {
                "time": {
                    "start": "2019-07-19T20:43:23.808Z",
                    "end": "2019-07-19T20:46:34.994Z"
                },
                "type": "SCRUB",
                "source": "data:drag",
                "_t": "14:43:23",
                "_end": "14:46:34",
                "data": {
                    "time": 132.263828
                }
            }
        ]
    }
}