{
    "user_id": "Grey2",
    "session_id": "5d7bcede81249f67dd06ad0f",
    "study": "studyE",
    "workspace": "drywall.drywall-pink",
    "details": {
        "workspace": "drywall.drywall-pink",
        "labels": [
            {
                "time": 0,
                "endTime": 0,
                "type": "cutting",
                "id": 2
            },
            {
                "time": 493.011455,
                "endTime": 498.74558,
                "type": "cutting",
                "id": 3
            },
            {
                "time": 506.592184,
                "endTime": 516.963725,
                "type": "cutting",
                "id": 4
            },
            {
                "time": 524.090058,
                "endTime": 541.186058,
                "type": "cutting",
                "id": 5
            },
            {
                "time": 550.856433,
                "endTime": 571.745558,
                "type": "cutting",
                "id": 6
            },
            {
                "time": 571.745558,
                "endTime": 571.745558,
                "type": "cutting",
                "id": 8
            },
            {
                "time": 632.75917,
                "endTime": 741.8821701928455,
                "type": "cutting",
                "id": 9
            }
        ],
        "_starts": [
            "2019-09-13T17:43:28.000Z"
        ],
        "_ends": [
            "2019-09-13T17:46:20.136Z"
        ]
    },
    "labels_file": "/home/ubuntu/vat/data/user-studies/studyE/drywall-pink/Grey2.labels.json",
    "videoFlash": 0.0001,
    "surveys": {
        "user-info": {
            "firstname": "Benjamin",
            "lastname": "Griffin",
            "email": "benjamingriffin98@gmail.com"
        },
        "practice-first": {
            "question1": "5",
            "question2": "ok",
            "question3": "70",
            "question4": "5"
        },
        "practice-second": {},
        "practice-third": {},
        "practice-survey": {},
        "drywall-blue": {
            "question1": "2",
            "question2": "3",
            "question3": "10",
            "question4": "70"
        },
        "drywall-red": {
            "question1": "1",
            "question2": "2",
            "question3": "20",
            "question4": "90"
        },
        "drywall-orange": {
            "question1": "4",
            "question2": "2",
            "question3": "10",
            "question4": "50"
        },
        "drywall-survey": {
            "question1": "5",
            "question2": "4",
            "question3": "3",
            "question4": "4"
        },
        "gait-blue": {
            "question1": "5",
            "question2": "5",
            "question3": "90",
            "question4": "80"
        },
        "gait-red": {
            "question1": "3",
            "question2": "4",
            "question3": "40",
            "question4": "80"
        },
        "gait-yellow": {
            "question1": "4",
            "question2": "2",
            "question3": "20",
            "question4": "80"
        },
        "gait-survey": {
            "question1": "5",
            "question2": "5",
            "question3": "4",
            "question4": "4"
        }
    },
    "logs": {
        "labelEvents": [
            {
                "time": "2019-09-13T17:44:19.584Z",
                "type": "START",
                "source": "side-bar:button",
                "_t": "11:44:19",
                "_end": "-",
                "data": {
                    "type": "cutting",
                    "time": 386.395857
                }
            },
            {
                "time": "2019-09-13T17:44:20.824Z",
                "type": "START",
                "source": "side-bar:button",
                "_t": "11:44:20",
                "_end": "-",
                "data": {
                    "type": "cutting",
                    "time": 0
                }
            },
            {
                "time": "2019-09-13T17:44:26.610Z",
                "type": "END",
                "source": "data:click:h_pos",
                "_t": "11:44:26",
                "_end": "-",
                "data": {
                    "lbl": {
                        "time": 0,
                        "endTime": 0,
                        "type": "cutting",
                        "id": 2
                    }
                }
            },
            {
                "time": "2019-09-13T17:44:26.611Z",
                "type": "SELECT",
                "source": "data:click",
                "_t": "11:44:26",
                "_end": "-",
                "data": {
                    "time": 0,
                    "endTime": 386.395857,
                    "type": "cutting",
                    "id": 1
                }
            },
            {
                "time": "2019-09-13T17:44:27.085Z",
                "type": "DELETE",
                "source": "hotkey",
                "_t": "11:44:27",
                "_end": "-",
                "data": {
                    "id": 1,
                    "idx": 0
                }
            },
            {
                "time": "2019-09-13T17:44:39.847Z",
                "type": "START",
                "source": "side-bar:button",
                "_t": "11:44:39",
                "_end": "-",
                "data": {
                    "type": "cutting",
                    "time": 493.011455
                }
            },
            {
                "time": "2019-09-13T17:44:45.636Z",
                "type": "START",
                "source": "side-bar:button",
                "_t": "11:44:45",
                "_end": "-",
                "data": {
                    "type": "cutting",
                    "time": 498.74558
                }
            },
            {
                "time": "2019-09-13T17:45:00.401Z",
                "type": "END",
                "source": "data:click:h_pos",
                "_t": "11:45:00",
                "_end": "-",
                "data": {
                    "lbl": {
                        "time": 498.74558,
                        "endTime": 507.25021283430897,
                        "type": "cutting",
                        "id": 4
                    }
                }
            },
            {
                "time": "2019-09-13T17:45:02.476Z",
                "type": "SELECT",
                "source": "data:click",
                "_t": "11:45:02",
                "_end": "-",
                "data": {
                    "time": 498.74558,
                    "endTime": 507.25021283430897,
                    "type": "cutting",
                    "id": 4
                }
            },
            {
                "time": "2019-09-13T17:45:02.846Z",
                "type": "DELETE",
                "source": "hotkey",
                "_t": "11:45:02",
                "_end": "-",
                "data": {
                    "id": 4,
                    "idx": 2
                }
            },
            {
                "time": "2019-09-13T17:45:04.706Z",
                "type": "START",
                "source": "side-bar:button",
                "_t": "11:45:04",
                "_end": "-",
                "data": {
                    "type": "cutting",
                    "time": 506.592184
                }
            },
            {
                "time": "2019-09-13T17:45:16.189Z",
                "type": "END",
                "source": "side-bar:button:ctb",
                "_t": "11:45:16",
                "_end": "-",
                "data": {
                    "lbl": {
                        "time": 506.592184,
                        "endTime": 516.963725,
                        "type": "cutting",
                        "id": 4
                    }
                }
            },
            {
                "time": "2019-09-13T17:45:23.374Z",
                "type": "START",
                "source": "side-bar:button",
                "_t": "11:45:23",
                "_end": "-",
                "data": {
                    "type": "cutting",
                    "time": 524.090058
                }
            },
            {
                "time": "2019-09-13T17:45:33.630Z",
                "type": "END",
                "source": "side-bar:button:ctb",
                "_t": "11:45:33",
                "_end": "-",
                "data": {
                    "lbl": {
                        "time": 524.090058,
                        "endTime": 541.186058,
                        "type": "cutting",
                        "id": 5
                    }
                }
            },
            {
                "time": "2019-09-13T17:45:38.394Z",
                "type": "START",
                "source": "side-bar:button",
                "_t": "11:45:38",
                "_end": "-",
                "data": {
                    "type": "cutting",
                    "time": 550.856433
                }
            },
            {
                "time": "2019-09-13T17:45:48.975Z",
                "type": "START",
                "source": "side-bar:button",
                "_t": "11:45:48",
                "_end": "-",
                "data": {
                    "type": "cutting",
                    "time": 571.745558
                }
            },
            {
                "time": "2019-09-13T17:46:00.860Z",
                "type": "START",
                "source": "side-bar:button",
                "_t": "11:46:00",
                "_end": "-",
                "data": {
                    "type": "cutting",
                    "time": 622.825745
                }
            },
            {
                "time": "2019-09-13T17:46:03.933Z",
                "type": "END",
                "source": "data:click:h_pos",
                "_t": "11:46:03",
                "_end": "-",
                "data": {
                    "lbl": {
                        "time": 571.745558,
                        "endTime": 571.745558,
                        "type": "cutting",
                        "id": 8
                    }
                }
            },
            {
                "time": "2019-09-13T17:46:03.934Z",
                "type": "SELECT",
                "source": "data:click",
                "_t": "11:46:03",
                "_end": "-",
                "data": {
                    "time": 571.745558,
                    "endTime": 622.825745,
                    "type": "cutting",
                    "id": 7
                }
            },
            {
                "time": "2019-09-13T17:46:04.671Z",
                "type": "DELETE",
                "source": "hotkey",
                "_t": "11:46:04",
                "_end": "-",
                "data": {
                    "id": 7,
                    "idx": 5
                }
            },
            {
                "time": "2019-09-13T17:46:10.123Z",
                "type": "START",
                "source": "side-bar:button",
                "_t": "11:46:10",
                "_end": "-",
                "data": {
                    "type": "cutting",
                    "time": 632.75917
                }
            },
            {
                "time": "2019-09-13T17:46:17.964Z",
                "type": "END",
                "source": "data:click:h_pos",
                "_t": "11:46:17",
                "_end": "-",
                "data": {
                    "lbl": {
                        "time": 632.75917,
                        "endTime": 741.8821701928455,
                        "type": "cutting",
                        "id": 9
                    }
                }
            }
        ],
        "navigationEvents": [
            {
                "time": "2019-09-13T17:43:41.938Z",
                "type": "CHANGE-PLAYBACK-RATE",
                "source": "video:button",
                "_t": "11:43:41",
                "_end": "-",
                "data": {
                    "oldRate": 1,
                    "newRate": 1.5
                }
            },
            {
                "time": "2019-09-13T17:43:43.563Z",
                "type": "CHANGE-PLAYBACK-RATE",
                "source": "video:menu",
                "_t": "11:43:43",
                "_end": "-",
                "data": {
                    "oldRate": 1.5,
                    "newRate": 2
                }
            },
            {
                "time": {
                    "start": "2019-09-13T17:44:00.918Z",
                    "end": "2019-09-13T17:44:01.012Z"
                },
                "type": "SCRUB",
                "source": "video:drag",
                "_t": "11:44:00",
                "_end": "11:44:01",
                "data": {
                    "to": 68.540632,
                    "from": 42.233766
                }
            },
            {
                "time": {
                    "start": "2019-09-13T17:44:01.961Z",
                    "end": "2019-09-13T17:44:02.074Z"
                },
                "type": "SCRUB",
                "source": "video:drag",
                "_t": "11:44:01",
                "_end": "11:44:02",
                "data": {
                    "to": 83.4407697113402,
                    "from": 70.38084
                }
            },
            {
                "time": {
                    "start": "2019-09-13T17:44:02.998Z",
                    "end": "2019-09-13T17:44:03.084Z"
                },
                "type": "SCRUB",
                "source": "video:drag",
                "_t": "11:44:02",
                "_end": "11:44:03",
                "data": {
                    "to": 100.327592,
                    "from": 85.232686
                }
            },
            {
                "time": {
                    "start": "2019-09-13T17:44:05.279Z",
                    "end": "2019-09-13T17:44:05.363Z"
                },
                "type": "SCRUB",
                "source": "video:drag",
                "_t": "11:44:05",
                "_end": "11:44:05",
                "data": {
                    "to": 124.16781207044671,
                    "from": 104.670383
                }
            },
            {
                "time": {
                    "start": "2019-09-13T17:44:05.777Z",
                    "end": "2019-09-13T17:44:05.855Z"
                },
                "type": "SCRUB",
                "source": "video:drag",
                "_t": "11:44:05",
                "_end": "11:44:05",
                "data": {
                    "to": 147.01468949140892,
                    "from": 124.894937
                }
            },
            {
                "time": {
                    "start": "2019-09-13T17:44:06.472Z",
                    "end": "2019-09-13T17:44:06.527Z"
                },
                "type": "SCRUB",
                "source": "video:drag",
                "_t": "11:44:06",
                "_end": "11:44:06",
                "data": {
                    "to": 159.9281419467354,
                    "from": 148.07473
                }
            },
            {
                "time": {
                    "start": "2019-09-13T17:44:07.150Z",
                    "end": "2019-09-13T17:44:07.210Z"
                },
                "type": "SCRUB",
                "source": "video:drag",
                "_t": "11:44:07",
                "_end": "11:44:07",
                "data": {
                    "to": 186.7483893539519,
                    "from": 160.988933
                }
            },
            {
                "time": {
                    "start": "2019-09-13T17:44:08.808Z",
                    "end": "2019-09-13T17:44:08.877Z"
                },
                "type": "SCRUB",
                "source": "video:drag",
                "_t": "11:44:08",
                "_end": "11:44:08",
                "data": {
                    "to": 230.45545920274913,
                    "from": 186.748389
                }
            },
            {
                "time": {
                    "start": "2019-09-13T17:44:09.613Z",
                    "end": "2019-09-13T17:44:09.690Z"
                },
                "type": "SCRUB",
                "source": "video:drag",
                "_t": "11:44:09",
                "_end": "11:44:09",
                "data": {
                    "to": 297.00940647250854,
                    "from": 230.45545920274913
                }
            },
            {
                "time": {
                    "start": "2019-09-13T17:44:11.289Z",
                    "end": "2019-09-13T17:44:11.374Z"
                },
                "type": "SCRUB",
                "source": "video:drag",
                "_t": "11:44:11",
                "_end": "11:44:11",
                "data": {
                    "to": 322.8363113831615,
                    "from": 297.00940647250854
                }
            },
            {
                "time": {
                    "start": "2019-09-13T17:44:11.857Z",
                    "end": "2019-09-13T17:44:11.942Z"
                },
                "type": "SCRUB",
                "source": "video:drag",
                "_t": "11:44:11",
                "_end": "11:44:11",
                "data": {
                    "to": 329.7897088591065,
                    "from": 322.8363113831615
                }
            },
            {
                "time": {
                    "start": "2019-09-13T17:44:13.313Z",
                    "end": "2019-09-13T17:44:13.389Z"
                },
                "type": "SCRUB",
                "source": "video:drag",
                "_t": "11:44:13",
                "_end": "11:44:13",
                "data": {
                    "to": 377.47014869415807,
                    "from": 329.7897088591065
                }
            },
            {
                "time": {
                    "start": "2019-09-13T17:43:28.843Z",
                    "end": "2019-09-13T17:44:26.608Z"
                },
                "type": "SCRUB",
                "source": "data:drag",
                "_t": "11:43:28",
                "_end": "11:44:26",
                "data": {
                    "time": 2.311433
                }
            },
            {
                "time": {
                    "start": "2019-09-13T17:44:29.049Z",
                    "end": "2019-09-13T17:44:29.136Z"
                },
                "type": "SCRUB",
                "source": "video:drag",
                "_t": "11:44:29",
                "_end": "11:44:29",
                "data": {
                    "to": 502.63130326116834,
                    "from": 4.825766
                }
            },
            {
                "time": {
                    "start": "2019-09-13T17:44:31.226Z",
                    "end": "2019-09-13T17:44:31.312Z"
                },
                "type": "SCRUB",
                "source": "video:drag",
                "_t": "11:44:31",
                "_end": "11:44:31",
                "data": {
                    "to": 449.9841509432989,
                    "from": 503.885448
                }
            },
            {
                "time": {
                    "start": "2019-09-13T17:44:33.803Z",
                    "end": "2019-09-13T17:44:33.861Z"
                },
                "type": "SCRUB",
                "source": "video:drag",
                "_t": "11:44:33",
                "_end": "11:44:33",
                "data": {
                    "to": 469.8510008745704,
                    "from": 451.76513
                }
            },
            {
                "time": {
                    "start": "2019-09-13T17:44:36.377Z",
                    "end": "2019-09-13T17:44:36.463Z"
                },
                "type": "SCRUB",
                "source": "video:drag",
                "_t": "11:44:36",
                "_end": "11:44:36",
                "data": {
                    "to": 489.717851,
                    "from": 472.330876
                }
            },
            {
                "time": "2019-09-13T17:44:45.519Z",
                "type": "PAUSE",
                "source": "hotkey",
                "_t": "11:44:45",
                "_end": "-",
                "data": {
                    "key": "space"
                }
            },
            {
                "time": "2019-09-13T17:44:49.329Z",
                "type": "PLAY",
                "source": "video:button",
                "_t": "11:44:49",
                "_end": "-"
            },
            {
                "time": "2019-09-13T17:44:54.083Z",
                "type": "PAUSE",
                "source": "hotkey",
                "_t": "11:44:54",
                "_end": "-",
                "data": {
                    "key": "space"
                }
            },
            {
                "time": "2019-09-13T17:44:54.205Z",
                "type": "PLAY",
                "source": "video:button",
                "_t": "11:44:54",
                "_end": "-"
            },
            {
                "time": "2019-09-13T17:44:57.284Z",
                "type": "PAUSE",
                "source": "video:button",
                "_t": "11:44:57",
                "_end": "-"
            },
            {
                "time": {
                    "start": "2019-09-13T17:43:28.843Z",
                    "end": "2019-09-13T17:45:00.399Z"
                },
                "type": "SCRUB",
                "source": "data:drag",
                "_t": "11:43:28",
                "_end": "11:45:00",
                "data": {
                    "time": 506.592184
                }
            },
            {
                "time": {
                    "start": "2019-09-13T17:43:28.843Z",
                    "end": "2019-09-13T17:45:02.474Z"
                },
                "type": "SCRUB",
                "source": "data:drag",
                "_t": "11:43:28",
                "_end": "11:45:02",
                "data": {
                    "time": 506.592184
                }
            },
            {
                "time": "2019-09-13T17:45:05.760Z",
                "type": "PLAY",
                "source": "video:button",
                "_t": "11:45:05",
                "_end": "-"
            },
            {
                "time": "2019-09-13T17:45:26.177Z",
                "type": "CHANGE-PLAYBACK-RATE",
                "source": "video:button",
                "_t": "11:45:26",
                "_end": "-",
                "data": {
                    "oldRate": 1,
                    "newRate": 1.5
                }
            },
            {
                "time": "2019-09-13T17:45:27.056Z",
                "type": "CHANGE-PLAYBACK-RATE",
                "source": "video:menu",
                "_t": "11:45:27",
                "_end": "-",
                "data": {
                    "oldRate": 1.5,
                    "newRate": 2
                }
            },
            {
                "time": "2019-09-13T17:45:48.849Z",
                "type": "PAUSE",
                "source": "hotkey",
                "_t": "11:45:48",
                "_end": "-",
                "data": {
                    "key": "space"
                }
            },
            {
                "time": {
                    "start": "2019-09-13T17:45:52.139Z",
                    "end": "2019-09-13T17:45:52.282Z"
                },
                "type": "SCRUB",
                "source": "video:drag",
                "_t": "11:45:52",
                "_end": "11:45:52",
                "data": {
                    "to": 619.845718,
                    "from": 571.745558
                }
            },
            {
                "time": {
                    "start": "2019-09-13T17:45:56.507Z",
                    "end": "2019-09-13T17:45:56.593Z"
                },
                "type": "SCRUB",
                "source": "video:drag",
                "_t": "11:45:56",
                "_end": "11:45:56",
                "data": {
                    "to": 645.672623,
                    "from": 619.845718
                }
            },
            {
                "time": {
                    "start": "2019-09-13T17:45:57.571Z",
                    "end": "2019-09-13T17:45:57.675Z"
                },
                "type": "SCRUB",
                "source": "video:drag",
                "_t": "11:45:57",
                "_end": "11:45:57",
                "data": {
                    "to": 601.965553,
                    "from": 645.672623
                }
            },
            {
                "time": {
                    "start": "2019-09-13T17:45:59.122Z",
                    "end": "2019-09-13T17:45:59.224Z"
                },
                "type": "SCRUB",
                "source": "video:drag",
                "_t": "11:45:59",
                "_end": "11:45:59",
                "data": {
                    "to": 622.825745,
                    "from": 601.965553
                }
            },
            {
                "time": {
                    "start": "2019-09-13T17:43:28.843Z",
                    "end": "2019-09-13T17:46:03.931Z"
                },
                "type": "SCRUB",
                "source": "data:drag",
                "_t": "11:43:28",
                "_end": "11:46:03",
                "data": {
                    "time": 622.825745
                }
            },
            {
                "time": {
                    "start": "2019-09-13T17:46:06.547Z",
                    "end": "2019-09-13T17:46:09.041Z"
                },
                "type": "SCRUB",
                "source": "video:drag",
                "_t": "11:46:06",
                "_end": "11:46:09",
                "data": {
                    "to": 632.75917,
                    "from": 622.825745
                }
            },
            {
                "time": "2019-09-13T17:46:12.210Z",
                "type": "PLAY",
                "source": "video:button",
                "_t": "11:46:12",
                "_end": "-"
            },
            {
                "time": {
                    "start": "2019-09-13T17:43:28.843Z",
                    "end": "2019-09-13T17:46:17.963Z"
                },
                "type": "SCRUB",
                "source": "data:drag",
                "_t": "11:43:28",
                "_end": "11:46:17",
                "data": {
                    "time": 643.929878
                }
            }
        ]
    }
}