{
    "user_id": "Maroon 3",
    "session_id": "5d7bcedf81249f67dd06ad12",
    "study": "studyE",
    "workspace": "drywall.drywall-pink",
    "details": {
        "workspace": "drywall.drywall-pink",
        "labels": [
            {
                "time": 493.769277,
                "endTime": 498.1874706017902,
                "type": "cutting",
                "id": 1
            },
            {
                "time": 507.211866,
                "endTime": 516.6122779187025,
                "type": "cutting",
                "id": 2
            },
            {
                "time": 532.780987,
                "endTime": 538.7972506279635,
                "type": "cutting",
                "id": 3
            },
            {
                "time": 555.43598,
                "endTime": 566.3404575497325,
                "type": "cutting",
                "id": 4
            },
            {
                "time": 327.475991,
                "endTime": 333.3982501622785,
                "type": "measuring",
                "id": 5
            },
            {
                "time": 139.091735,
                "endTime": 145.29600686634134,
                "type": "measuring",
                "id": 6
            },
            {
                "time": 172.463197,
                "endTime": 179.04348534308934,
                "type": "measuring",
                "id": 7
            },
            {
                "time": 644.269872,
                "endTime": 649.1580861977253,
                "type": "cutting",
                "id": 8
            },
            {
                "time": 655.926383,
                "endTime": 660.0625642442292,
                "type": "cutting",
                "id": 9
            },
            {
                "time": 702.834438,
                "endTime": 716.3710311629317,
                "type": "cutting",
                "id": 10
            },
            {
                "time": 730.94167,
                "endTime": 739.6840530843934,
                "type": "cutting",
                "id": 11
            },
            {
                "time": 777.473709,
                "endTime": 802.9488252996839,
                "type": "measuring",
                "id": 12
            },
            {
                "time": 1072.176623,
                "endTime": 1076.8768289593513,
                "type": "measuring",
                "id": 13
            },
            {
                "time": 1103.856011,
                "endTime": 1116.3585588518495,
                "type": "measuring",
                "id": 14
            },
            {
                "time": 1121.62279,
                "endTime": 1131.399218395431,
                "type": "measuring",
                "id": 15
            }
        ],
        "_starts": [
            "2019-09-13T17:50:49.000Z"
        ],
        "_ends": [
            "2019-09-13T17:54:44.342Z"
        ]
    },
    "labels_file": "/home/ubuntu/vat/data/user-studies/studyE/drywall-pink/Maroon 3.labels.json",
    "videoFlash": 0.0001,
    "surveys": {
        "user-info": {
            "firstname": "Marc",
            "lastname": "Terry",
            "email": "cramterry5@gmail.com"
        },
        "practice-first": {
            "question1": "5",
            "question2": "ok",
            "question3": "60",
            "question4": "3"
        },
        "practice-second": {},
        "practice-third": {},
        "practice-survey": {},
        "drywall-blue": {
            "question1": "4",
            "question2": "3",
            "question3": "20",
            "question4": "50"
        },
        "drywall-red": {
            "question1": "2",
            "question2": "3",
            "question3": "50",
            "question4": "70"
        },
        "drywall-orange": {
            "question1": "4",
            "question2": "4",
            "question3": "30",
            "question4": "30"
        },
        "drywall-survey": {
            "question1": "5",
            "question2": "2",
            "question3": "4",
            "question4": "5"
        },
        "gait-blue": {
            "question1": "5",
            "question2": "5",
            "question3": "100",
            "question4": "40"
        },
        "gait-red": {
            "question1": "4",
            "question2": "5",
            "question3": "50",
            "question4": "50"
        },
        "gait-yellow": {
            "question1": "5",
            "question2": "4",
            "question3": "100",
            "question4": "10"
        },
        "gait-survey": {
            "question1": "4",
            "question2": "4",
            "question3": "4",
            "question4": "4"
        }
    },
    "logs": {
        "labelEvents": [
            {
                "time": "2019-09-13T17:52:29.793Z",
                "type": "START",
                "source": "hotkey",
                "_t": "11:52:29",
                "_end": "-",
                "data": {
                    "type": "cutting",
                    "time": 493.769277
                }
            },
            {
                "time": "2019-09-13T17:52:30.857Z",
                "type": "END",
                "source": "data:click:h_pos",
                "_t": "11:52:30",
                "_end": "-",
                "data": {
                    "lbl": {
                        "time": 493.769277,
                        "endTime": 498.1874706017902,
                        "type": "cutting",
                        "id": 1
                    }
                }
            },
            {
                "time": "2019-09-13T17:52:32.220Z",
                "type": "START",
                "source": "hotkey",
                "_t": "11:52:32",
                "_end": "-",
                "data": {
                    "type": "cutting",
                    "time": 493.769277
                }
            },
            {
                "time": "2019-09-13T17:52:35.325Z",
                "type": "END",
                "source": "hotkey:h_pos",
                "_t": "11:52:35",
                "_end": "-",
                "data": {
                    "lbl": {
                        "time": 493.769277,
                        "endTime": 507.0238578053706,
                        "type": "cutting",
                        "id": 2
                    },
                    "key": "enter"
                }
            },
            {
                "time": "2019-09-13T17:52:35.807Z",
                "type": "SELECT",
                "source": "data:click",
                "_t": "11:52:35",
                "_end": "-",
                "data": {
                    "time": 493.769277,
                    "endTime": 507.0238578053706,
                    "type": "cutting",
                    "id": 2
                }
            },
            {
                "time": "2019-09-13T17:52:36.972Z",
                "type": "DELETE",
                "source": "side-bar:button",
                "_t": "11:52:36",
                "_end": "-",
                "data": {
                    "id": 2,
                    "idx": 1
                }
            },
            {
                "time": "2019-09-13T17:52:39.930Z",
                "type": "START",
                "source": "hotkey",
                "_t": "11:52:39",
                "_end": "-",
                "data": {
                    "type": "cutting",
                    "time": 507.211866
                }
            },
            {
                "time": "2019-09-13T17:52:40.757Z",
                "type": "END",
                "source": "data:click:h_pos",
                "_t": "11:52:40",
                "_end": "-",
                "data": {
                    "lbl": {
                        "time": 507.211866,
                        "endTime": 516.6122779187025,
                        "type": "cutting",
                        "id": 2
                    }
                }
            },
            {
                "time": "2019-09-13T17:52:48.650Z",
                "type": "START",
                "source": "hotkey",
                "_t": "11:52:48",
                "_end": "-",
                "data": {
                    "type": "cutting",
                    "time": 532.780987
                }
            },
            {
                "time": "2019-09-13T17:52:50.053Z",
                "type": "END",
                "source": "data:click:h_pos",
                "_t": "11:52:50",
                "_end": "-",
                "data": {
                    "lbl": {
                        "time": 532.780987,
                        "endTime": 538.7972506279635,
                        "type": "cutting",
                        "id": 3
                    }
                }
            },
            {
                "time": "2019-09-13T17:52:52.219Z",
                "type": "START",
                "source": "hotkey",
                "_t": "11:52:52",
                "_end": "-",
                "data": {
                    "type": "cutting",
                    "time": 555.43598
                }
            },
            {
                "time": "2019-09-13T17:52:53.666Z",
                "type": "END",
                "source": "data:click:h_pos",
                "_t": "11:52:53",
                "_end": "-",
                "data": {
                    "lbl": {
                        "time": 555.43598,
                        "endTime": 566.3404575497325,
                        "type": "cutting",
                        "id": 4
                    }
                }
            },
            {
                "time": "2019-09-13T17:53:10.476Z",
                "type": "START",
                "source": "hotkey",
                "_t": "11:53:10",
                "_end": "-",
                "data": {
                    "type": "measuring",
                    "time": 327.475991
                }
            },
            {
                "time": "2019-09-13T17:53:12.038Z",
                "type": "END",
                "source": "data:click:h_pos",
                "_t": "11:53:12",
                "_end": "-",
                "data": {
                    "lbl": {
                        "time": 327.475991,
                        "endTime": 333.3982501622785,
                        "type": "measuring",
                        "id": 5
                    }
                }
            },
            {
                "time": "2019-09-13T17:53:22.540Z",
                "type": "START",
                "source": "hotkey",
                "_t": "11:53:22",
                "_end": "-",
                "data": {
                    "type": "measuring",
                    "time": 139.091735
                }
            },
            {
                "time": "2019-09-13T17:53:23.294Z",
                "type": "END",
                "source": "data:click:h_pos",
                "_t": "11:53:23",
                "_end": "-",
                "data": {
                    "lbl": {
                        "time": 139.091735,
                        "endTime": 145.29600686634134,
                        "type": "measuring",
                        "id": 6
                    }
                }
            },
            {
                "time": "2019-09-13T17:53:27.485Z",
                "type": "START",
                "source": "hotkey",
                "_t": "11:53:27",
                "_end": "-",
                "data": {
                    "type": "measuring",
                    "time": 172.463197
                }
            },
            {
                "time": "2019-09-13T17:53:27.974Z",
                "type": "END",
                "source": "data:click:h_pos",
                "_t": "11:53:27",
                "_end": "-",
                "data": {
                    "lbl": {
                        "time": 172.463197,
                        "endTime": 179.04348534308934,
                        "type": "measuring",
                        "id": 7
                    }
                }
            },
            {
                "time": "2019-09-13T17:53:49.565Z",
                "type": "START",
                "source": "hotkey",
                "_t": "11:53:49",
                "_end": "-",
                "data": {
                    "type": "cutting",
                    "time": 644.269872
                }
            },
            {
                "time": "2019-09-13T17:53:50.767Z",
                "type": "END",
                "source": "data:click:h_pos",
                "_t": "11:53:50",
                "_end": "-",
                "data": {
                    "lbl": {
                        "time": 644.269872,
                        "endTime": 649.1580861977253,
                        "type": "cutting",
                        "id": 8
                    }
                }
            },
            {
                "time": "2019-09-13T17:53:53.798Z",
                "type": "START",
                "source": "hotkey",
                "_t": "11:53:53",
                "_end": "-",
                "data": {
                    "type": "cutting",
                    "time": 655.926383
                }
            },
            {
                "time": "2019-09-13T17:53:55.018Z",
                "type": "END",
                "source": "data:click:h_pos",
                "_t": "11:53:55",
                "_end": "-",
                "data": {
                    "lbl": {
                        "time": 655.926383,
                        "endTime": 660.0625642442292,
                        "type": "cutting",
                        "id": 9
                    }
                }
            },
            {
                "time": "2019-09-13T17:54:00.092Z",
                "type": "START",
                "source": "hotkey",
                "_t": "11:54:00",
                "_end": "-",
                "data": {
                    "type": "cutting",
                    "time": 702.834438
                }
            },
            {
                "time": "2019-09-13T17:54:01.139Z",
                "type": "END",
                "source": "data:click:h_pos",
                "_t": "11:54:01",
                "_end": "-",
                "data": {
                    "lbl": {
                        "time": 702.834438,
                        "endTime": 716.3710311629317,
                        "type": "cutting",
                        "id": 10
                    }
                }
            },
            {
                "time": "2019-09-13T17:54:04.546Z",
                "type": "START",
                "source": "hotkey",
                "_t": "11:54:04",
                "_end": "-",
                "data": {
                    "type": "cutting",
                    "time": 730.94167
                }
            },
            {
                "time": "2019-09-13T17:54:05.017Z",
                "type": "END",
                "source": "data:click:h_pos",
                "_t": "11:54:05",
                "_end": "-",
                "data": {
                    "lbl": {
                        "time": 730.94167,
                        "endTime": 739.6840530843934,
                        "type": "cutting",
                        "id": 11
                    }
                }
            },
            {
                "time": "2019-09-13T17:54:13.582Z",
                "type": "START",
                "source": "hotkey",
                "_t": "11:54:13",
                "_end": "-",
                "data": {
                    "type": "measuring",
                    "time": 777.473709
                }
            },
            {
                "time": "2019-09-13T17:54:14.849Z",
                "type": "END",
                "source": "data:click:h_pos",
                "_t": "11:54:14",
                "_end": "-",
                "data": {
                    "lbl": {
                        "time": 777.473709,
                        "endTime": 802.9488252996839,
                        "type": "measuring",
                        "id": 12
                    }
                }
            },
            {
                "time": "2019-09-13T17:54:31.345Z",
                "type": "START",
                "source": "hotkey",
                "_t": "11:54:31",
                "_end": "-",
                "data": {
                    "type": "measuring",
                    "time": 1072.176623
                }
            },
            {
                "time": "2019-09-13T17:54:32.233Z",
                "type": "END",
                "source": "data:click:h_pos",
                "_t": "11:54:32",
                "_end": "-",
                "data": {
                    "lbl": {
                        "time": 1072.176623,
                        "endTime": 1076.8768289593513,
                        "type": "measuring",
                        "id": 13
                    }
                }
            },
            {
                "time": "2019-09-13T17:54:35.430Z",
                "type": "START",
                "source": "hotkey",
                "_t": "11:54:35",
                "_end": "-",
                "data": {
                    "type": "measuring",
                    "time": 1103.856011
                }
            },
            {
                "time": "2019-09-13T17:54:36.278Z",
                "type": "END",
                "source": "data:click:h_pos",
                "_t": "11:54:36",
                "_end": "-",
                "data": {
                    "lbl": {
                        "time": 1103.856011,
                        "endTime": 1116.3585588518495,
                        "type": "measuring",
                        "id": 14
                    }
                }
            },
            {
                "time": "2019-09-13T17:54:39.397Z",
                "type": "START",
                "source": "hotkey",
                "_t": "11:54:39",
                "_end": "-",
                "data": {
                    "type": "measuring",
                    "time": 1121.62279
                }
            },
            {
                "time": "2019-09-13T17:54:40.529Z",
                "type": "END",
                "source": "data:click:h_pos",
                "_t": "11:54:40",
                "_end": "-",
                "data": {
                    "lbl": {
                        "time": 1121.62279,
                        "endTime": 1131.399218395431,
                        "type": "measuring",
                        "id": 15
                    }
                }
            }
        ],
        "navigationEvents": [
            {
                "time": "2019-09-13T17:51:45.376Z",
                "type": "PLAY",
                "source": "hotkey",
                "_t": "11:51:45",
                "_end": "-",
                "data": {
                    "key": "space"
                }
            },
            {
                "time": {
                    "start": "2019-09-13T17:51:49.493Z",
                    "end": "2019-09-13T17:51:49.574Z"
                },
                "type": "SCRUB",
                "source": "video:drag",
                "_t": "11:51:49",
                "_end": "11:51:49",
                "data": {
                    "to": 45.693754841924395,
                    "from": 4.058995
                }
            },
            {
                "time": {
                    "start": "2019-09-13T17:50:48.968Z",
                    "end": "2019-09-13T17:51:52.398Z"
                },
                "type": "SCRUB",
                "source": "data:drag",
                "_t": "11:50:48",
                "_end": "11:51:52",
                "data": {
                    "time": 67.88881898276371
                }
            },
            {
                "time": {
                    "start": "2019-09-13T17:50:48.968Z",
                    "end": "2019-09-13T17:51:57.939Z"
                },
                "type": "SCRUB",
                "source": "data:drag",
                "_t": "11:50:48",
                "_end": "11:51:57",
                "data": {
                    "time": 166.01498349804297
                }
            },
            {
                "time": {
                    "start": "2019-09-13T17:50:48.968Z",
                    "end": "2019-09-13T17:52:01.012Z"
                },
                "type": "SCRUB",
                "source": "data:drag",
                "_t": "11:50:48",
                "_end": "11:52:01",
                "data": {
                    "time": 298.383749861731
                }
            },
            {
                "time": {
                    "start": "2019-09-13T17:50:48.968Z",
                    "end": "2019-09-13T17:52:05.007Z"
                },
                "type": "SCRUB",
                "source": "data:drag",
                "_t": "11:50:48",
                "_end": "11:52:05",
                "data": {
                    "time": 412.3167423164061
                }
            },
            {
                "time": {
                    "start": "2019-09-13T17:50:48.968Z",
                    "end": "2019-09-13T17:52:10.396Z"
                },
                "type": "SCRUB",
                "source": "data:drag",
                "_t": "11:50:48",
                "_end": "11:52:10",
                "data": {
                    "time": 452.6598464625764
                }
            },
            {
                "time": {
                    "start": "2019-09-13T17:50:48.968Z",
                    "end": "2019-09-13T17:52:11.958Z"
                },
                "type": "SCRUB",
                "source": "data:drag",
                "_t": "11:50:48",
                "_end": "11:52:11",
                "data": {
                    "time": 519.7376077419442
                }
            },
            {
                "time": {
                    "start": "2019-09-13T17:50:48.968Z",
                    "end": "2019-09-13T17:52:27.243Z"
                },
                "type": "SCRUB",
                "source": "data:drag",
                "_t": "11:50:48",
                "_end": "11:52:27",
                "data": {
                    "time": 493.7692768484417
                }
            },
            {
                "time": "2019-09-13T17:52:27.293Z",
                "type": "PAUSE",
                "source": "hotkey",
                "_t": "11:52:27",
                "_end": "-",
                "data": {
                    "key": "space"
                }
            },
            {
                "time": {
                    "start": "2019-09-13T17:50:48.968Z",
                    "end": "2019-09-13T17:52:30.855Z"
                },
                "type": "SCRUB",
                "source": "data:drag",
                "_t": "11:50:48",
                "_end": "11:52:30",
                "data": {
                    "time": 493.769277
                }
            },
            {
                "time": {
                    "start": "2019-09-13T17:50:48.968Z",
                    "end": "2019-09-13T17:52:31.804Z"
                },
                "type": "SCRUB",
                "source": "data:drag",
                "_t": "11:50:48",
                "_end": "11:52:31",
                "data": {
                    "time": 493.769277
                }
            },
            {
                "time": {
                    "start": "2019-09-13T17:50:48.968Z",
                    "end": "2019-09-13T17:52:35.805Z"
                },
                "type": "SCRUB",
                "source": "data:drag",
                "_t": "11:50:48",
                "_end": "11:52:35",
                "data": {
                    "time": 493.769277
                }
            },
            {
                "time": {
                    "start": "2019-09-13T17:50:48.968Z",
                    "end": "2019-09-13T17:52:38.181Z"
                },
                "type": "SCRUB",
                "source": "data:drag",
                "_t": "11:50:48",
                "_end": "11:52:38",
                "data": {
                    "time": 493.769277
                }
            },
            {
                "time": {
                    "start": "2019-09-13T17:50:48.968Z",
                    "end": "2019-09-13T17:52:38.343Z"
                },
                "type": "SCRUB",
                "source": "data:drag",
                "_t": "11:50:48",
                "_end": "11:52:38",
                "data": {
                    "time": 493.769277
                }
            },
            {
                "time": "2019-09-13T17:52:38.347Z",
                "type": "JUMP",
                "source": "data:dblclick:h_pos",
                "_t": "11:52:38",
                "_end": "-",
                "data": {
                    "from": 493.769277,
                    "to": 507.21186604374464
                }
            },
            {
                "time": {
                    "start": "2019-09-13T17:50:48.968Z",
                    "end": "2019-09-13T17:52:40.755Z"
                },
                "type": "SCRUB",
                "source": "data:drag",
                "_t": "11:50:48",
                "_end": "11:52:40",
                "data": {
                    "time": 507.211866
                }
            },
            {
                "time": {
                    "start": "2019-09-13T17:50:48.968Z",
                    "end": "2019-09-13T17:52:42.660Z"
                },
                "type": "SCRUB",
                "source": "data:drag",
                "_t": "11:50:48",
                "_end": "11:52:42",
                "data": {
                    "time": 535.2250935177336
                }
            },
            {
                "time": {
                    "start": "2019-09-13T17:50:48.968Z",
                    "end": "2019-09-13T17:52:48.370Z"
                },
                "type": "SCRUB",
                "source": "data:drag",
                "_t": "11:50:48",
                "_end": "11:52:48",
                "data": {
                    "time": 532.780987
                }
            },
            {
                "time": {
                    "start": "2019-09-13T17:50:48.968Z",
                    "end": "2019-09-13T17:52:50.052Z"
                },
                "type": "SCRUB",
                "source": "data:drag",
                "_t": "11:50:48",
                "_end": "11:52:50",
                "data": {
                    "time": 532.780987
                }
            },
            {
                "time": {
                    "start": "2019-09-13T17:50:48.968Z",
                    "end": "2019-09-13T17:52:51.978Z"
                },
                "type": "SCRUB",
                "source": "data:drag",
                "_t": "11:50:48",
                "_end": "11:52:51",
                "data": {
                    "time": 555.43598
                }
            },
            {
                "time": {
                    "start": "2019-09-13T17:50:48.968Z",
                    "end": "2019-09-13T17:52:53.664Z"
                },
                "type": "SCRUB",
                "source": "data:drag",
                "_t": "11:50:48",
                "_end": "11:52:53",
                "data": {
                    "time": 555.43598
                }
            },
            {
                "time": {
                    "start": "2019-09-13T17:50:48.968Z",
                    "end": "2019-09-13T17:52:59.823Z"
                },
                "type": "SCRUB",
                "source": "data:drag",
                "_t": "11:50:48",
                "_end": "11:52:59",
                "data": {
                    "time": 647.560017
                }
            },
            {
                "time": {
                    "start": "2019-09-13T17:50:48.968Z",
                    "end": "2019-09-13T17:53:04.087Z"
                },
                "type": "SCRUB",
                "source": "data:drag",
                "_t": "11:50:48",
                "_end": "11:53:04",
                "data": {
                    "time": 522.5345384812559
                }
            },
            {
                "time": {
                    "start": "2019-09-13T17:50:48.968Z",
                    "end": "2019-09-13T17:53:06.157Z"
                },
                "type": "SCRUB",
                "source": "data:drag",
                "_t": "11:50:48",
                "_end": "11:53:06",
                "data": {
                    "time": 384.536491
                }
            },
            {
                "time": {
                    "start": "2019-09-13T17:50:48.968Z",
                    "end": "2019-09-13T17:53:09.999Z"
                },
                "type": "SCRUB",
                "source": "data:drag",
                "_t": "11:50:48",
                "_end": "11:53:09",
                "data": {
                    "time": 327.475991
                }
            },
            {
                "time": {
                    "start": "2019-09-13T17:50:48.968Z",
                    "end": "2019-09-13T17:53:12.036Z"
                },
                "type": "SCRUB",
                "source": "data:drag",
                "_t": "11:50:48",
                "_end": "11:53:12",
                "data": {
                    "time": 327.475991
                }
            },
            {
                "time": {
                    "start": "2019-09-13T17:50:48.968Z",
                    "end": "2019-09-13T17:53:13.101Z"
                },
                "type": "SCRUB",
                "source": "data:drag",
                "_t": "11:50:48",
                "_end": "11:53:13",
                "data": {
                    "time": 308.5811626969132
                }
            },
            {
                "time": {
                    "start": "2019-09-13T17:50:48.968Z",
                    "end": "2019-09-13T17:53:17.069Z"
                },
                "type": "SCRUB",
                "source": "data:drag",
                "_t": "11:50:48",
                "_end": "11:53:17",
                "data": {
                    "time": 180.641556
                }
            },
            {
                "time": {
                    "start": "2019-09-13T17:50:48.968Z",
                    "end": "2019-09-13T17:53:21.376Z"
                },
                "type": "SCRUB",
                "source": "data:drag",
                "_t": "11:50:48",
                "_end": "11:53:21",
                "data": {
                    "time": 139.091735
                }
            },
            {
                "time": {
                    "start": "2019-09-13T17:50:48.968Z",
                    "end": "2019-09-13T17:53:23.292Z"
                },
                "type": "SCRUB",
                "source": "data:drag",
                "_t": "11:50:48",
                "_end": "11:53:23",
                "data": {
                    "time": 139.091735
                }
            },
            {
                "time": {
                    "start": "2019-09-13T17:50:48.968Z",
                    "end": "2019-09-13T17:53:24.770Z"
                },
                "type": "SCRUB",
                "source": "data:drag",
                "_t": "11:50:48",
                "_end": "11:53:24",
                "data": {
                    "time": 139.091735
                }
            },
            {
                "time": {
                    "start": "2019-09-13T17:50:48.968Z",
                    "end": "2019-09-13T17:53:26.136Z"
                },
                "type": "SCRUB",
                "source": "data:drag",
                "_t": "11:50:48",
                "_end": "11:53:26",
                "data": {
                    "time": 139.091735
                }
            },
            {
                "time": {
                    "start": "2019-09-13T17:50:48.968Z",
                    "end": "2019-09-13T17:53:26.300Z"
                },
                "type": "SCRUB",
                "source": "data:drag",
                "_t": "11:50:48",
                "_end": "11:53:26",
                "data": {
                    "time": 139.091735
                }
            },
            {
                "time": "2019-09-13T17:53:26.305Z",
                "type": "JUMP",
                "source": "data:dblclick:h_pos",
                "_t": "11:53:26",
                "_end": "-",
                "data": {
                    "from": 139.091735,
                    "to": 172.4631973113815
                }
            },
            {
                "time": {
                    "start": "2019-09-13T17:50:48.968Z",
                    "end": "2019-09-13T17:53:27.972Z"
                },
                "type": "SCRUB",
                "source": "data:drag",
                "_t": "11:50:48",
                "_end": "11:53:27",
                "data": {
                    "time": 172.463197
                }
            },
            {
                "time": {
                    "start": "2019-09-13T17:50:48.968Z",
                    "end": "2019-09-13T17:53:30.113Z"
                },
                "type": "SCRUB",
                "source": "data:drag",
                "_t": "11:50:48",
                "_end": "11:53:30",
                "data": {
                    "time": 293.7285107512418
                }
            },
            {
                "time": {
                    "start": "2019-09-13T17:50:48.968Z",
                    "end": "2019-09-13T17:53:33.027Z"
                },
                "type": "SCRUB",
                "source": "data:drag",
                "_t": "11:50:48",
                "_end": "11:53:33",
                "data": {
                    "time": 445.0751428911112
                }
            },
            {
                "time": {
                    "start": "2019-09-13T17:50:48.968Z",
                    "end": "2019-09-13T17:53:35.045Z"
                },
                "type": "SCRUB",
                "source": "data:drag",
                "_t": "11:50:48",
                "_end": "11:53:35",
                "data": {
                    "time": 558.726123310969
                }
            },
            {
                "time": {
                    "start": "2019-09-13T17:50:48.968Z",
                    "end": "2019-09-13T17:53:38.176Z"
                },
                "type": "SCRUB",
                "source": "data:drag",
                "_t": "11:50:48",
                "_end": "11:53:38",
                "data": {
                    "time": 660.156568
                }
            },
            {
                "time": {
                    "start": "2019-09-13T17:50:48.968Z",
                    "end": "2019-09-13T17:53:49.232Z"
                },
                "type": "SCRUB",
                "source": "data:drag",
                "_t": "11:50:48",
                "_end": "11:53:49",
                "data": {
                    "time": 644.269872
                }
            },
            {
                "time": {
                    "start": "2019-09-13T17:50:48.968Z",
                    "end": "2019-09-13T17:53:50.765Z"
                },
                "type": "SCRUB",
                "source": "data:drag",
                "_t": "11:50:48",
                "_end": "11:53:50",
                "data": {
                    "time": 644.269872
                }
            },
            {
                "time": {
                    "start": "2019-09-13T17:50:48.968Z",
                    "end": "2019-09-13T17:53:53.660Z"
                },
                "type": "SCRUB",
                "source": "data:drag",
                "_t": "11:50:48",
                "_end": "11:53:53",
                "data": {
                    "time": 655.926382779191
                }
            },
            {
                "time": {
                    "start": "2019-09-13T17:50:48.968Z",
                    "end": "2019-09-13T17:53:55.014Z"
                },
                "type": "SCRUB",
                "source": "data:drag",
                "_t": "11:50:48",
                "_end": "11:53:55",
                "data": {
                    "time": 655.926383
                }
            },
            {
                "time": {
                    "start": "2019-09-13T17:50:48.968Z",
                    "end": "2019-09-13T17:53:59.414Z"
                },
                "type": "SCRUB",
                "source": "data:drag",
                "_t": "11:50:48",
                "_end": "11:53:59",
                "data": {
                    "time": 702.834438
                }
            },
            {
                "time": {
                    "start": "2019-09-13T17:50:48.968Z",
                    "end": "2019-09-13T17:54:01.137Z"
                },
                "type": "SCRUB",
                "source": "data:drag",
                "_t": "11:50:48",
                "_end": "11:54:01",
                "data": {
                    "time": 702.834438
                }
            },
            {
                "time": {
                    "start": "2019-09-13T17:50:48.968Z",
                    "end": "2019-09-13T17:54:02.500Z"
                },
                "type": "SCRUB",
                "source": "data:drag",
                "_t": "11:50:48",
                "_end": "11:54:02",
                "data": {
                    "time": 702.834438
                }
            },
            {
                "time": {
                    "start": "2019-09-13T17:50:48.968Z",
                    "end": "2019-09-13T17:54:03.004Z"
                },
                "type": "SCRUB",
                "source": "data:drag",
                "_t": "11:50:48",
                "_end": "11:54:03",
                "data": {
                    "time": 702.834438
                }
            },
            {
                "time": {
                    "start": "2019-09-13T17:50:48.968Z",
                    "end": "2019-09-13T17:54:03.175Z"
                },
                "type": "SCRUB",
                "source": "data:drag",
                "_t": "11:50:48",
                "_end": "11:54:03",
                "data": {
                    "time": 702.834438
                }
            },
            {
                "time": "2019-09-13T17:54:03.182Z",
                "type": "JUMP",
                "source": "data:dblclick:h_pos",
                "_t": "11:54:03",
                "_end": "-",
                "data": {
                    "from": 702.834438,
                    "to": 730.9416696369206
                }
            },
            {
                "time": {
                    "start": "2019-09-13T17:50:48.968Z",
                    "end": "2019-09-13T17:54:05.014Z"
                },
                "type": "SCRUB",
                "source": "data:drag",
                "_t": "11:50:48",
                "_end": "11:54:05",
                "data": {
                    "time": 730.94167
                }
            },
            {
                "time": {
                    "start": "2019-09-13T17:50:48.968Z",
                    "end": "2019-09-13T17:54:07.309Z"
                },
                "type": "SCRUB",
                "source": "data:drag",
                "_t": "11:50:48",
                "_end": "11:54:07",
                "data": {
                    "time": 766.7572394102818
                }
            },
            {
                "time": {
                    "start": "2019-09-13T17:50:48.968Z",
                    "end": "2019-09-13T17:54:10.718Z"
                },
                "type": "SCRUB",
                "source": "data:drag",
                "_t": "11:50:48",
                "_end": "11:54:10",
                "data": {
                    "time": 766.757239
                }
            },
            {
                "time": {
                    "start": "2019-09-13T17:50:48.968Z",
                    "end": "2019-09-13T17:54:11.963Z"
                },
                "type": "SCRUB",
                "source": "data:drag",
                "_t": "11:50:48",
                "_end": "11:54:11",
                "data": {
                    "time": 766.757239
                }
            },
            {
                "time": {
                    "start": "2019-09-13T17:50:48.968Z",
                    "end": "2019-09-13T17:54:12.133Z"
                },
                "type": "SCRUB",
                "source": "data:drag",
                "_t": "11:50:48",
                "_end": "11:54:12",
                "data": {
                    "time": 766.757239
                }
            },
            {
                "time": "2019-09-13T17:54:12.138Z",
                "type": "JUMP",
                "source": "data:dblclick:h_pos",
                "_t": "11:54:12",
                "_end": "-",
                "data": {
                    "from": 766.757239,
                    "to": 777.473708587321
                }
            },
            {
                "time": {
                    "start": "2019-09-13T17:50:48.968Z",
                    "end": "2019-09-13T17:54:14.847Z"
                },
                "type": "SCRUB",
                "source": "data:drag",
                "_t": "11:50:48",
                "_end": "11:54:14",
                "data": {
                    "time": 777.473709
                }
            },
            {
                "time": {
                    "start": "2019-09-13T17:50:48.968Z",
                    "end": "2019-09-13T17:54:16.672Z"
                },
                "type": "SCRUB",
                "source": "data:drag",
                "_t": "11:50:48",
                "_end": "11:54:16",
                "data": {
                    "time": 829.363983
                }
            },
            {
                "time": {
                    "start": "2019-09-13T17:50:48.968Z",
                    "end": "2019-09-13T17:54:19.607Z"
                },
                "type": "SCRUB",
                "source": "data:drag",
                "_t": "11:50:48",
                "_end": "11:54:19",
                "data": {
                    "time": 938.7847777336024
                }
            },
            {
                "time": {
                    "start": "2019-09-13T17:50:48.968Z",
                    "end": "2019-09-13T17:54:24.348Z"
                },
                "type": "SCRUB",
                "source": "data:drag",
                "_t": "11:50:48",
                "_end": "11:54:24",
                "data": {
                    "time": 1074.0567052437323
                }
            },
            {
                "time": {
                    "start": "2019-09-13T17:50:48.968Z",
                    "end": "2019-09-13T17:54:27.284Z"
                },
                "type": "SCRUB",
                "source": "data:drag",
                "_t": "11:50:48",
                "_end": "11:54:27",
                "data": {
                    "time": 1072.176623
                }
            },
            {
                "time": {
                    "start": "2019-09-13T17:50:48.968Z",
                    "end": "2019-09-13T17:54:32.231Z"
                },
                "type": "SCRUB",
                "source": "data:drag",
                "_t": "11:50:48",
                "_end": "11:54:32",
                "data": {
                    "time": 1072.176623
                }
            },
            {
                "time": {
                    "start": "2019-09-13T17:50:48.968Z",
                    "end": "2019-09-13T17:54:35.201Z"
                },
                "type": "SCRUB",
                "source": "data:drag",
                "_t": "11:50:48",
                "_end": "11:54:35",
                "data": {
                    "time": 1103.856011
                }
            },
            {
                "time": {
                    "start": "2019-09-13T17:50:48.968Z",
                    "end": "2019-09-13T17:54:36.277Z"
                },
                "type": "SCRUB",
                "source": "data:drag",
                "_t": "11:50:48",
                "_end": "11:54:36",
                "data": {
                    "time": 1103.856011
                }
            },
            {
                "time": {
                    "start": "2019-09-13T17:50:48.968Z",
                    "end": "2019-09-13T17:54:38.358Z"
                },
                "type": "SCRUB",
                "source": "data:drag",
                "_t": "11:50:48",
                "_end": "11:54:38",
                "data": {
                    "time": 1103.856011
                }
            },
            {
                "time": {
                    "start": "2019-09-13T17:50:48.968Z",
                    "end": "2019-09-13T17:54:38.509Z"
                },
                "type": "SCRUB",
                "source": "data:drag",
                "_t": "11:50:48",
                "_end": "11:54:38",
                "data": {
                    "time": 1103.856011
                }
            },
            {
                "time": "2019-09-13T17:54:38.514Z",
                "type": "JUMP",
                "source": "data:dblclick:h_pos",
                "_t": "11:54:38",
                "_end": "-",
                "data": {
                    "from": 1103.856011,
                    "to": 1121.622789526312
                }
            },
            {
                "time": {
                    "start": "2019-09-13T17:50:48.968Z",
                    "end": "2019-09-13T17:54:40.525Z"
                },
                "type": "SCRUB",
                "source": "data:drag",
                "_t": "11:50:48",
                "_end": "11:54:40",
                "data": {
                    "time": 1121.62279
                }
            }
        ]
    }
}