{
    "user_id": "olive2",
    "session_id": "5d7fc16b81249f67dd06ad7f",
    "study": "studyE",
    "workspace": "drywall.drywall-pink",
    "details": {
        "workspace": "drywall.drywall-pink",
        "labels": [
            {
                "time": 19.693391,
                "endTime": 34.400225,
                "type": "measuring",
                "id": 1
            },
            {
                "time": 92.096682,
                "endTime": 95.284515,
                "type": "cutting",
                "id": 2
            },
            {
                "time": 96.524348,
                "endTime": 97.976557,
                "type": "cutting",
                "id": 3
            },
            {
                "time": 98.917515,
                "endTime": 100.098807,
                "type": "cutting",
                "id": 4
            },
            {
                "time": 134.274597,
                "endTime": 142.710306,
                "type": "measuring",
                "id": 5
            },
            {
                "time": 148.761014,
                "endTime": 156.832639,
                "type": "measuring",
                "id": 6
            },
            {
                "time": 172.060805,
                "endTime": 179.312096,
                "type": "measuring",
                "id": 7
            },
            {
                "time": 201.849055,
                "endTime": 204.136513,
                "type": "cutting",
                "id": 8
            },
            {
                "time": 253.92072,
                "endTime": 255.336179,
                "type": "cutting",
                "id": 9
            },
            {
                "time": 256.91347,
                "endTime": 259.43547,
                "type": "cutting",
                "id": 10
            },
            {
                "time": 298.045886,
                "endTime": 306.173511,
                "type": "cutting",
                "id": 11
            },
            {
                "time": 337.077385,
                "endTime": 340.88326,
                "type": "cutting",
                "id": 12
            },
            {
                "time": 396.427257,
                "endTime": 404.473424,
                "type": "cutting",
                "id": 13
            },
            {
                "time": 471.635878,
                "endTime": 478.953336,
                "type": "cutting",
                "id": 14
            },
            {
                "time": 494.90046,
                "endTime": 495.643293,
                "type": "cutting",
                "id": 16
            },
            {
                "time": 495.643293,
                "endTime": 498.241877,
                "type": "cutting",
                "id": 17
            },
            {
                "time": 507.781585,
                "endTime": 516.927627,
                "type": "cutting",
                "id": 18
            },
            {
                "time": 535.618209,
                "endTime": 540.041334,
                "type": "cutting",
                "id": 19
            }
        ],
        "_starts": [
            "2019-09-16T17:33:03.000Z"
        ],
        "_ends": [
            "2019-09-16T17:36:14.232Z"
        ]
    },
    "labels_file": "/home/ubuntu/vat/data/user-studies/studyE/drywall-pink/olive2.labels.json",
    "videoFlash": 0.0001,
    "surveys": {
        "user-info": {
            "firstname": "Nathan",
            "lastname": "Walls",
            "email": "nathanmwalls@gmail.com"
        },
        "practice-first": {
            "question1": "5",
            "question2": "ok",
            "question3": "100",
            "question4": "5"
        },
        "practice-second": {},
        "practice-third": {},
        "practice-survey": {},
        "drywall-blue": {
            "question1": "4",
            "question2": "1",
            "question3": "30",
            "question4": "70"
        },
        "drywall-red": {
            "question1": "2",
            "question2": "2",
            "question3": "30",
            "question4": "50"
        },
        "drywall-orange": {
            "question1": "4",
            "question2": "1",
            "question3": "20",
            "question4": "50"
        },
        "drywall-survey": {
            "question1": "5",
            "question2": "4",
            "question3": "5",
            "question4": "4"
        },
        "gait-blue": {
            "question1": "5",
            "question2": "5",
            "question3": "100",
            "question4": "80"
        },
        "gait-red": {
            "question1": "5",
            "question2": "5",
            "question3": "80",
            "question4": "90"
        },
        "gait-yellow": {
            "question1": "5",
            "question2": "5",
            "question3": "100",
            "question4": "90"
        },
        "gait-survey": {
            "question1": "4",
            "question2": "1",
            "question3": "4",
            "question4": "1"
        }
    },
    "logs": {
        "labelEvents": [
            {
                "time": "2019-09-16T17:33:27.125Z",
                "type": "START",
                "source": "hotkey",
                "_t": "11:33:27",
                "_end": "-",
                "data": {
                    "type": "measuring",
                    "time": 19.693391
                }
            },
            {
                "time": "2019-09-16T17:33:34.465Z",
                "type": "END",
                "source": "hotkey:ctb",
                "_t": "11:33:34",
                "_end": "-",
                "data": {
                    "lbl": {
                        "time": 19.693391,
                        "endTime": 34.400225,
                        "type": "measuring",
                        "id": 1
                    },
                    "key": "enter"
                }
            },
            {
                "time": "2019-09-16T17:33:35.375Z",
                "type": "START",
                "source": "hotkey",
                "_t": "11:33:35",
                "_end": "-",
                "data": {
                    "type": "measuring",
                    "time": 36.207016
                }
            },
            {
                "time": "2019-09-16T17:33:48.350Z",
                "type": "END",
                "source": "hotkey:h_pos",
                "_t": "11:33:48",
                "_end": "-",
                "data": {
                    "key": "enter"
                }
            },
            {
                "time": "2019-09-16T17:34:00.558Z",
                "type": "START",
                "source": "hotkey",
                "_t": "11:34:00",
                "_end": "-",
                "data": {
                    "type": "measuring",
                    "time": 36.943308
                }
            },
            {
                "time": "2019-09-16T17:34:07.822Z",
                "type": "END",
                "source": "hotkey:ctb",
                "_t": "11:34:07",
                "_end": "-",
                "data": {
                    "lbl": {
                        "time": 36.943308,
                        "endTime": 70.880682,
                        "type": "measuring",
                        "id": 2
                    },
                    "key": "enter"
                }
            },
            {
                "time": "2019-09-16T17:34:08.920Z",
                "type": "SELECT",
                "source": "data:click",
                "_t": "11:34:08",
                "_end": "-",
                "data": {
                    "time": 36.943308,
                    "endTime": 70.880682,
                    "type": "measuring",
                    "id": 2
                }
            },
            {
                "time": "2019-09-16T17:34:10.248Z",
                "type": "DELETE",
                "source": "side-bar:button",
                "_t": "11:34:10",
                "_end": "-",
                "data": {
                    "id": 2,
                    "idx": 1
                }
            },
            {
                "time": "2019-09-16T17:34:18.373Z",
                "type": "START",
                "source": "hotkey",
                "_t": "11:34:18",
                "_end": "-",
                "data": {
                    "type": "cutting",
                    "time": 92.096682
                }
            },
            {
                "time": "2019-09-16T17:34:19.953Z",
                "type": "END",
                "source": "hotkey:ctb",
                "_t": "11:34:19",
                "_end": "-",
                "data": {
                    "lbl": {
                        "time": 92.096682,
                        "endTime": 95.284515,
                        "type": "cutting",
                        "id": 2
                    },
                    "key": "enter"
                }
            },
            {
                "time": "2019-09-16T17:34:20.576Z",
                "type": "START",
                "source": "hotkey",
                "_t": "11:34:20",
                "_end": "-",
                "data": {
                    "type": "cutting",
                    "time": 96.524348
                }
            },
            {
                "time": "2019-09-16T17:34:21.296Z",
                "type": "END",
                "source": "hotkey:ctb",
                "_t": "11:34:21",
                "_end": "-",
                "data": {
                    "lbl": {
                        "time": 96.524348,
                        "endTime": 97.976557,
                        "type": "cutting",
                        "id": 3
                    },
                    "key": "enter"
                }
            },
            {
                "time": "2019-09-16T17:34:21.774Z",
                "type": "START",
                "source": "hotkey",
                "_t": "11:34:21",
                "_end": "-",
                "data": {
                    "type": "cutting",
                    "time": 98.917515
                }
            },
            {
                "time": "2019-09-16T17:34:22.370Z",
                "type": "END",
                "source": "hotkey:ctb",
                "_t": "11:34:22",
                "_end": "-",
                "data": {
                    "lbl": {
                        "time": 98.917515,
                        "endTime": 100.098807,
                        "type": "cutting",
                        "id": 4
                    },
                    "key": "enter"
                }
            },
            {
                "time": "2019-09-16T17:34:34.637Z",
                "type": "START",
                "source": "hotkey",
                "_t": "11:34:34",
                "_end": "-",
                "data": {
                    "type": "measuring",
                    "time": 134.274597
                }
            },
            {
                "time": "2019-09-16T17:34:38.893Z",
                "type": "END",
                "source": "hotkey:ctb",
                "_t": "11:34:38",
                "_end": "-",
                "data": {
                    "lbl": {
                        "time": 134.274597,
                        "endTime": 142.710306,
                        "type": "measuring",
                        "id": 5
                    },
                    "key": "enter"
                }
            },
            {
                "time": "2019-09-16T17:34:41.840Z",
                "type": "START",
                "source": "hotkey",
                "_t": "11:34:41",
                "_end": "-",
                "data": {
                    "type": "measuring",
                    "time": 148.761014
                }
            },
            {
                "time": "2019-09-16T17:34:45.887Z",
                "type": "END",
                "source": "hotkey:ctb",
                "_t": "11:34:45",
                "_end": "-",
                "data": {
                    "lbl": {
                        "time": 148.761014,
                        "endTime": 156.832639,
                        "type": "measuring",
                        "id": 6
                    },
                    "key": "enter"
                }
            },
            {
                "time": "2019-09-16T17:34:48.694Z",
                "type": "START",
                "source": "hotkey",
                "_t": "11:34:48",
                "_end": "-",
                "data": {
                    "type": "measuring",
                    "time": 172.060805
                }
            },
            {
                "time": "2019-09-16T17:34:52.367Z",
                "type": "END",
                "source": "hotkey:ctb",
                "_t": "11:34:52",
                "_end": "-",
                "data": {
                    "lbl": {
                        "time": 172.060805,
                        "endTime": 179.312096,
                        "type": "measuring",
                        "id": 7
                    },
                    "key": "enter"
                }
            },
            {
                "time": "2019-09-16T17:34:56.338Z",
                "type": "START",
                "source": "hotkey",
                "_t": "11:34:56",
                "_end": "-",
                "data": {
                    "type": "cutting",
                    "time": 201.849055
                }
            },
            {
                "time": "2019-09-16T17:34:57.548Z",
                "type": "END",
                "source": "hotkey:ctb",
                "_t": "11:34:57",
                "_end": "-",
                "data": {
                    "lbl": {
                        "time": 201.849055,
                        "endTime": 204.136513,
                        "type": "cutting",
                        "id": 8
                    },
                    "key": "enter"
                }
            },
            {
                "time": "2019-09-16T17:35:07.922Z",
                "type": "START",
                "source": "hotkey",
                "_t": "11:35:07",
                "_end": "-",
                "data": {
                    "type": "cutting",
                    "time": 253.92072
                }
            },
            {
                "time": "2019-09-16T17:35:08.674Z",
                "type": "END",
                "source": "hotkey:ctb",
                "_t": "11:35:08",
                "_end": "-",
                "data": {
                    "lbl": {
                        "time": 253.92072,
                        "endTime": 255.336179,
                        "type": "cutting",
                        "id": 9
                    },
                    "key": "enter"
                }
            },
            {
                "time": "2019-09-16T17:35:09.461Z",
                "type": "START",
                "source": "hotkey",
                "_t": "11:35:09",
                "_end": "-",
                "data": {
                    "type": "cutting",
                    "time": 256.91347
                }
            },
            {
                "time": "2019-09-16T17:35:10.674Z",
                "type": "END",
                "source": "hotkey:ctb",
                "_t": "11:35:10",
                "_end": "-",
                "data": {
                    "lbl": {
                        "time": 256.91347,
                        "endTime": 259.43547,
                        "type": "cutting",
                        "id": 10
                    },
                    "key": "enter"
                }
            },
            {
                "time": "2019-09-16T17:35:15.510Z",
                "type": "START",
                "source": "hotkey",
                "_t": "11:35:15",
                "_end": "-",
                "data": {
                    "type": "cutting",
                    "time": 298.045886
                }
            },
            {
                "time": "2019-09-16T17:35:19.624Z",
                "type": "END",
                "source": "hotkey:ctb",
                "_t": "11:35:19",
                "_end": "-",
                "data": {
                    "lbl": {
                        "time": 298.045886,
                        "endTime": 306.173511,
                        "type": "cutting",
                        "id": 11
                    },
                    "key": "enter"
                }
            },
            {
                "time": "2019-09-16T17:35:25.379Z",
                "type": "START",
                "source": "hotkey",
                "_t": "11:35:25",
                "_end": "-",
                "data": {
                    "type": "cutting",
                    "time": 337.077385
                }
            },
            {
                "time": "2019-09-16T17:35:27.284Z",
                "type": "END",
                "source": "hotkey:ctb",
                "_t": "11:35:27",
                "_end": "-",
                "data": {
                    "lbl": {
                        "time": 337.077385,
                        "endTime": 340.88326,
                        "type": "cutting",
                        "id": 12
                    },
                    "key": "enter"
                }
            },
            {
                "time": "2019-09-16T17:35:35.674Z",
                "type": "START",
                "source": "hotkey",
                "_t": "11:35:35",
                "_end": "-",
                "data": {
                    "type": "cutting",
                    "time": 396.427257
                }
            },
            {
                "time": "2019-09-16T17:35:39.711Z",
                "type": "END",
                "source": "hotkey:ctb",
                "_t": "11:35:39",
                "_end": "-",
                "data": {
                    "lbl": {
                        "time": 396.427257,
                        "endTime": 404.473424,
                        "type": "cutting",
                        "id": 13
                    },
                    "key": "enter"
                }
            },
            {
                "time": "2019-09-16T17:35:49.049Z",
                "type": "START",
                "source": "hotkey",
                "_t": "11:35:49",
                "_end": "-",
                "data": {
                    "type": "cutting",
                    "time": 471.635878
                }
            },
            {
                "time": "2019-09-16T17:35:52.710Z",
                "type": "START",
                "source": "hotkey",
                "_t": "11:35:52",
                "_end": "-",
                "data": {
                    "type": "cutting",
                    "time": 478.953336
                }
            },
            {
                "time": "2019-09-16T17:35:55.885Z",
                "type": "START",
                "source": "hotkey",
                "_t": "11:35:55",
                "_end": "-",
                "data": {
                    "type": "cutting",
                    "time": 494.90046
                }
            },
            {
                "time": "2019-09-16T17:35:56.247Z",
                "type": "START",
                "source": "hotkey",
                "_t": "11:35:56",
                "_end": "-",
                "data": {
                    "type": "cutting",
                    "time": 495.643293
                }
            },
            {
                "time": "2019-09-16T17:35:57.539Z",
                "type": "END",
                "source": "hotkey:ctb",
                "_t": "11:35:57",
                "_end": "-",
                "data": {
                    "lbl": {
                        "time": 495.643293,
                        "endTime": 498.241877,
                        "type": "cutting",
                        "id": 17
                    },
                    "key": "enter"
                }
            },
            {
                "time": "2019-09-16T17:35:58.904Z",
                "type": "SELECT",
                "source": "data:click",
                "_t": "11:35:58",
                "_end": "-",
                "data": {
                    "time": 478.953336,
                    "endTime": 494.90046,
                    "type": "cutting",
                    "id": 15
                }
            },
            {
                "time": "2019-09-16T17:35:59.853Z",
                "type": "DELETE",
                "source": "side-bar:button",
                "_t": "11:35:59",
                "_end": "-",
                "data": {
                    "id": 15,
                    "idx": 14
                }
            },
            {
                "time": "2019-09-16T17:36:02.326Z",
                "type": "START",
                "source": "hotkey",
                "_t": "11:36:02",
                "_end": "-",
                "data": {
                    "type": "cutting",
                    "time": 507.781585
                }
            },
            {
                "time": "2019-09-16T17:36:06.900Z",
                "type": "END",
                "source": "hotkey:ctb",
                "_t": "11:36:06",
                "_end": "-",
                "data": {
                    "lbl": {
                        "time": 507.781585,
                        "endTime": 516.927627,
                        "type": "cutting",
                        "id": 18
                    },
                    "key": "enter"
                }
            },
            {
                "time": "2019-09-16T17:36:08.943Z",
                "type": "START",
                "source": "hotkey",
                "_t": "11:36:08",
                "_end": "-",
                "data": {
                    "type": "cutting",
                    "time": 535.618209
                }
            },
            {
                "time": "2019-09-16T17:36:11.157Z",
                "type": "END",
                "source": "hotkey:ctb",
                "_t": "11:36:11",
                "_end": "-",
                "data": {
                    "lbl": {
                        "time": 535.618209,
                        "endTime": 540.041334,
                        "type": "cutting",
                        "id": 19
                    },
                    "key": "enter"
                }
            }
        ],
        "navigationEvents": [
            {
                "time": "2019-09-16T17:33:18.956Z",
                "type": "CHANGE-PLAYBACK-RATE",
                "source": "video:menu",
                "_t": "11:33:18",
                "_end": "-",
                "data": {
                    "oldRate": 1,
                    "newRate": 2
                }
            },
            {
                "time": "2019-09-16T17:33:44.509Z",
                "type": "CHANGE-PLAYBACK-RATE",
                "source": "video:menu",
                "_t": "11:33:44",
                "_end": "-",
                "data": {
                    "oldRate": 1,
                    "newRate": 2
                }
            },
            {
                "time": "2019-09-16T17:34:04.177Z",
                "type": "SKIP",
                "source": "hotkey",
                "_t": "11:34:04",
                "_end": "-",
                "data": {
                    "t": 44.155558,
                    "Δt": 5,
                    "key": "right"
                }
            },
            {
                "time": "2019-09-16T17:34:04.815Z",
                "type": "SKIP",
                "source": "hotkey",
                "_t": "11:34:04",
                "_end": "-",
                "data": {
                    "t": 50.264141,
                    "Δt": 5,
                    "key": "right"
                }
            },
            {
                "time": "2019-09-16T17:34:05.485Z",
                "type": "SKIP",
                "source": "hotkey",
                "_t": "11:34:05",
                "_end": "-",
                "data": {
                    "t": 56.488182,
                    "Δt": 5,
                    "key": "right"
                }
            },
            {
                "time": "2019-09-16T17:34:06.141Z",
                "type": "SKIP",
                "source": "hotkey",
                "_t": "11:34:06",
                "_end": "-",
                "data": {
                    "t": 62.716307,
                    "Δt": 5,
                    "key": "right"
                }
            },
            {
                "time": {
                    "start": "2019-09-16T17:33:03.271Z",
                    "end": "2019-09-16T17:34:08.920Z"
                },
                "type": "SCRUB",
                "source": "data:drag",
                "_t": "11:33:03",
                "_end": "11:34:08",
                "data": {
                    "time": 73.194682
                }
            },
            {
                "time": "2019-09-16T17:34:29.136Z",
                "type": "SKIP",
                "source": "hotkey",
                "_t": "11:34:29",
                "_end": "-",
                "data": {
                    "t": 113.649015,
                    "Δt": 5,
                    "key": "right"
                }
            },
            {
                "time": "2019-09-16T17:34:32.099Z",
                "type": "SKIP",
                "source": "hotkey",
                "_t": "11:34:32",
                "_end": "-",
                "data": {
                    "t": 124.319181,
                    "Δt": 5,
                    "key": "right"
                }
            },
            {
                "time": "2019-09-16T17:34:46.551Z",
                "type": "SKIP",
                "source": "hotkey",
                "_t": "11:34:46",
                "_end": "-",
                "data": {
                    "t": 158.163264,
                    "Δt": 5,
                    "key": "right"
                }
            },
            {
                "time": "2019-09-16T17:34:47.180Z",
                "type": "SKIP",
                "source": "hotkey",
                "_t": "11:34:47",
                "_end": "-",
                "data": {
                    "t": 164.146055,
                    "Δt": 5,
                    "key": "right"
                }
            },
            {
                "time": "2019-09-16T17:34:54.613Z",
                "type": "SKIP",
                "source": "hotkey",
                "_t": "11:34:54",
                "_end": "-",
                "data": {
                    "t": 183.945055,
                    "Δt": 5,
                    "key": "right"
                }
            },
            {
                "time": "2019-09-16T17:34:55.265Z",
                "type": "SKIP",
                "source": "hotkey",
                "_t": "11:34:55",
                "_end": "-",
                "data": {
                    "t": 189.96843,
                    "Δt": 5,
                    "key": "right"
                }
            },
            {
                "time": "2019-09-16T17:34:55.810Z",
                "type": "SKIP",
                "source": "hotkey",
                "_t": "11:34:55",
                "_end": "-",
                "data": {
                    "t": 195.949055,
                    "Δt": 5,
                    "key": "right"
                }
            },
            {
                "time": "2019-09-16T17:35:02.042Z",
                "type": "SKIP",
                "source": "hotkey",
                "_t": "11:35:02",
                "_end": "-",
                "data": {
                    "t": 213.10993,
                    "Δt": 5,
                    "key": "right"
                }
            },
            {
                "time": "2019-09-16T17:35:04.332Z",
                "type": "SKIP",
                "source": "hotkey",
                "_t": "11:35:04",
                "_end": "-",
                "data": {
                    "t": 222.569138,
                    "Δt": 5,
                    "key": "right"
                }
            },
            {
                "time": "2019-09-16T17:35:04.865Z",
                "type": "SKIP",
                "source": "hotkey",
                "_t": "11:35:04",
                "_end": "-",
                "data": {
                    "t": 228.546429,
                    "Δt": 5,
                    "key": "right"
                }
            },
            {
                "time": "2019-09-16T17:35:05.363Z",
                "type": "SKIP",
                "source": "hotkey",
                "_t": "11:35:05",
                "_end": "-",
                "data": {
                    "t": 234.364054,
                    "Δt": 5,
                    "key": "right"
                }
            },
            {
                "time": "2019-09-16T17:35:06.082Z",
                "type": "SKIP",
                "source": "hotkey",
                "_t": "11:35:06",
                "_end": "-",
                "data": {
                    "t": 240.632304,
                    "Δt": 5,
                    "key": "right"
                }
            },
            {
                "time": "2019-09-16T17:35:06.725Z",
                "type": "SKIP",
                "source": "hotkey",
                "_t": "11:35:06",
                "_end": "-",
                "data": {
                    "t": 246.613929,
                    "Δt": 5,
                    "key": "right"
                }
            },
            {
                "time": "2019-09-16T17:35:11.375Z",
                "type": "SKIP",
                "source": "hotkey",
                "_t": "11:35:11",
                "_end": "-",
                "data": {
                    "t": 260.842595,
                    "Δt": 5,
                    "key": "right"
                }
            },
            {
                "time": "2019-09-16T17:35:12.146Z",
                "type": "SKIP",
                "source": "hotkey",
                "_t": "11:35:12",
                "_end": "-",
                "data": {
                    "t": 267.28272,
                    "Δt": 5,
                    "key": "right"
                }
            },
            {
                "time": "2019-09-16T17:35:12.687Z",
                "type": "SKIP",
                "source": "hotkey",
                "_t": "11:35:12",
                "_end": "-",
                "data": {
                    "t": 273.219595,
                    "Δt": 5,
                    "key": "right"
                }
            },
            {
                "time": "2019-09-16T17:35:13.215Z",
                "type": "SKIP",
                "source": "hotkey",
                "_t": "11:35:13",
                "_end": "-",
                "data": {
                    "t": 279.078845,
                    "Δt": 5,
                    "key": "right"
                }
            },
            {
                "time": "2019-09-16T17:35:13.869Z",
                "type": "SKIP",
                "source": "hotkey",
                "_t": "11:35:13",
                "_end": "-",
                "data": {
                    "t": 285.06372,
                    "Δt": 5,
                    "key": "right"
                }
            },
            {
                "time": "2019-09-16T17:35:15.007Z",
                "type": "SKIP",
                "source": "hotkey",
                "_t": "11:35:15",
                "_end": "-",
                "data": {
                    "t": 292.153261,
                    "Δt": 5,
                    "key": "right"
                }
            },
            {
                "time": "2019-09-16T17:35:20.518Z",
                "type": "SKIP",
                "source": "hotkey",
                "_t": "11:35:20",
                "_end": "-",
                "data": {
                    "t": 308.075761,
                    "Δt": 5,
                    "key": "right"
                }
            },
            {
                "time": "2019-09-16T17:35:21.824Z",
                "type": "SKIP",
                "source": "hotkey",
                "_t": "11:35:21",
                "_end": "-",
                "data": {
                    "t": 315.514011,
                    "Δt": 5,
                    "key": "right"
                }
            },
            {
                "time": "2019-09-16T17:35:23.489Z",
                "type": "SKIP",
                "source": "hotkey",
                "_t": "11:35:23",
                "_end": "-",
                "data": {
                    "t": 323.582136,
                    "Δt": 5,
                    "key": "right"
                }
            },
            {
                "time": "2019-09-16T17:35:24.918Z",
                "type": "SKIP",
                "source": "hotkey",
                "_t": "11:35:24",
                "_end": "-",
                "data": {
                    "t": 331.223427,
                    "Δt": 5,
                    "key": "right"
                }
            },
            {
                "time": "2019-09-16T17:35:28.623Z",
                "type": "SKIP",
                "source": "hotkey",
                "_t": "11:35:28",
                "_end": "-",
                "data": {
                    "t": 343.546385,
                    "Δt": 5,
                    "key": "right"
                }
            },
            {
                "time": "2019-09-16T17:35:31.619Z",
                "type": "SKIP",
                "source": "hotkey",
                "_t": "11:35:31",
                "_end": "-",
                "data": {
                    "t": 354.337718,
                    "Δt": 5,
                    "key": "right"
                }
            },
            {
                "time": "2019-09-16T17:35:32.080Z",
                "type": "SKIP",
                "source": "hotkey",
                "_t": "11:35:32",
                "_end": "-",
                "data": {
                    "t": 360.153259,
                    "Δt": 5,
                    "key": "right"
                }
            },
            {
                "time": "2019-09-16T17:35:32.624Z",
                "type": "SKIP",
                "source": "hotkey",
                "_t": "11:35:32",
                "_end": "-",
                "data": {
                    "t": 366.052134,
                    "Δt": 5,
                    "key": "right"
                }
            },
            {
                "time": "2019-09-16T17:35:33.029Z",
                "type": "SKIP",
                "source": "hotkey",
                "_t": "11:35:33",
                "_end": "-",
                "data": {
                    "t": 371.670342,
                    "Δt": 5,
                    "key": "right"
                }
            },
            {
                "time": "2019-09-16T17:35:33.568Z",
                "type": "SKIP",
                "source": "hotkey",
                "_t": "11:35:33",
                "_end": "-",
                "data": {
                    "t": 377.670258,
                    "Δt": 5,
                    "key": "right"
                }
            },
            {
                "time": "2019-09-16T17:35:34.546Z",
                "type": "SKIP",
                "source": "hotkey",
                "_t": "11:35:34",
                "_end": "-",
                "data": {
                    "t": 384.513799,
                    "Δt": 5,
                    "key": "right"
                }
            },
            {
                "time": "2019-09-16T17:35:35.026Z",
                "type": "SKIP",
                "source": "hotkey",
                "_t": "11:35:35",
                "_end": "-",
                "data": {
                    "t": 390.286299,
                    "Δt": 5,
                    "key": "right"
                }
            },
            {
                "time": "2019-09-16T17:35:41.839Z",
                "type": "SKIP",
                "source": "hotkey",
                "_t": "11:35:41",
                "_end": "-",
                "data": {
                    "t": 408.742132,
                    "Δt": 5,
                    "key": "right"
                }
            },
            {
                "time": "2019-09-16T17:35:43.178Z",
                "type": "SKIP",
                "source": "hotkey",
                "_t": "11:35:43",
                "_end": "-",
                "data": {
                    "t": 416.236215,
                    "Δt": 5,
                    "key": "right"
                }
            },
            {
                "time": "2019-09-16T17:35:43.889Z",
                "type": "SKIP",
                "source": "hotkey",
                "_t": "11:35:43",
                "_end": "-",
                "data": {
                    "t": 422.568423,
                    "Δt": 5,
                    "key": "right"
                }
            },
            {
                "time": "2019-09-16T17:35:44.610Z",
                "type": "SKIP",
                "source": "hotkey",
                "_t": "11:35:44",
                "_end": "-",
                "data": {
                    "t": 428.831923,
                    "Δt": 5,
                    "key": "right"
                }
            },
            {
                "time": "2019-09-16T17:35:45.318Z",
                "type": "SKIP",
                "source": "hotkey",
                "_t": "11:35:45",
                "_end": "-",
                "data": {
                    "t": 435.058214,
                    "Δt": 5,
                    "key": "right"
                }
            },
            {
                "time": "2019-09-16T17:35:45.861Z",
                "type": "SKIP",
                "source": "hotkey",
                "_t": "11:35:45",
                "_end": "-",
                "data": {
                    "t": 440.955547,
                    "Δt": 5,
                    "key": "right"
                }
            },
            {
                "time": "2019-09-16T17:35:46.302Z",
                "type": "SKIP",
                "source": "hotkey",
                "_t": "11:35:46",
                "_end": "-",
                "data": {
                    "t": 446.687963,
                    "Δt": 5,
                    "key": "right"
                }
            },
            {
                "time": "2019-09-16T17:35:46.768Z",
                "type": "SKIP",
                "source": "hotkey",
                "_t": "11:35:46",
                "_end": "-",
                "data": {
                    "t": 452.543546,
                    "Δt": 5,
                    "key": "right"
                }
            },
            {
                "time": "2019-09-16T17:35:47.200Z",
                "type": "SKIP",
                "source": "hotkey",
                "_t": "11:35:47",
                "_end": "-",
                "data": {
                    "t": 458.236087,
                    "Δt": 5,
                    "key": "right"
                }
            },
            {
                "time": "2019-09-16T17:35:47.727Z",
                "type": "SKIP",
                "source": "hotkey",
                "_t": "11:35:47",
                "_end": "-",
                "data": {
                    "t": 464.148295,
                    "Δt": 5,
                    "key": "right"
                }
            },
            {
                "time": "2019-09-16T17:35:53.177Z",
                "type": "SKIP",
                "source": "hotkey",
                "_t": "11:35:53",
                "_end": "-",
                "data": {
                    "t": 479.780586,
                    "Δt": 5,
                    "key": "right"
                }
            },
            {
                "time": "2019-09-16T17:35:53.663Z",
                "type": "SKIP",
                "source": "hotkey",
                "_t": "11:35:53",
                "_end": "-",
                "data": {
                    "t": 485.548252,
                    "Δt": 5,
                    "key": "right"
                }
            },
            {
                "time": {
                    "start": "2019-09-16T17:33:03.271Z",
                    "end": "2019-09-16T17:35:58.901Z"
                },
                "type": "SCRUB",
                "source": "data:drag",
                "_t": "11:33:03",
                "_end": "11:35:58",
                "data": {
                    "time": 500.91496
                }
            },
            {
                "time": "2019-09-16T17:36:07.654Z",
                "type": "SKIP",
                "source": "hotkey",
                "_t": "11:36:07",
                "_end": "-",
                "data": {
                    "t": 518.466043,
                    "Δt": 5,
                    "key": "right"
                }
            },
            {
                "time": "2019-09-16T17:36:08.078Z",
                "type": "SKIP",
                "source": "hotkey",
                "_t": "11:36:08",
                "_end": "-",
                "data": {
                    "t": 524.156001,
                    "Δt": 5,
                    "key": "right"
                }
            },
            {
                "time": "2019-09-16T17:36:08.528Z",
                "type": "SKIP",
                "source": "hotkey",
                "_t": "11:36:08",
                "_end": "-",
                "data": {
                    "t": 529.927959,
                    "Δt": 5,
                    "key": "right"
                }
            }
        ]
    }
}