{
    "user_id": "purple 2",
    "session_id": "5d1a4c9181249f67dd06aad2",
    "study": "studyE",
    "workspace": "drywall.drywall-pink",
    "details": {
        "workspace": "drywall.drywall-pink",
        "labels": [
            {
                "time": 383.445166,
                "endTime": 397.19203443903086,
                "type": "cutting",
                "id": 1
            },
            {
                "time": 510.771881,
                "endTime": 536.2197077805013,
                "type": "cutting",
                "id": 2
            },
            {
                "time": 539.218964,
                "endTime": 561.1780662683113,
                "type": "cutting",
                "id": 3
            },
            {
                "time": 684.518824,
                "endTime": 709.4024904878183,
                "type": "cutting",
                "id": 4
            },
            {
                "time": 710.563725,
                "endTime": 734.9382281707208,
                "type": "cutting",
                "id": 5
            }
        ],
        "_starts": [
            "2019-07-01T18:37:28.000Z"
        ],
        "_ends": [
            "2019-07-01T18:40:33.647Z"
        ]
    },
    "labels_file": "/home/ubuntu/vat/data/user-studies/studyE/drywall-pink/purple 2.labels.json",
    "videoFlash": 0.0001,
    "surveys": {
        "user-info": {
            "firstname": "Parker",
            "lastname": "Hanson",
            "email": "phanson96@gmail.com"
        },
        "practice-first": {
            "question1": "5",
            "question2": "ok",
            "question3": "60",
            "question4": "5"
        },
        "practice-second": {},
        "practice-third": {},
        "practice-survey": {},
        "drywall-blue": {
            "question1": "4",
            "question2": "5",
            "question3": "40",
            "question4": "90"
        },
        "drywall-red": {
            "question1": "1",
            "question2": "1",
            "question3": "0",
            "question4": "0"
        },
        "drywall-orange": {
            "question1": "1",
            "question2": "2",
            "question3": "10",
            "question4": "80"
        },
        "drywall-survey": {
            "question1": "5",
            "question2": "5",
            "question3": "3",
            "question4": "4"
        },
        "gait-blue": {
            "question1": "5",
            "question2": "5",
            "question3": "100",
            "question4": "100"
        },
        "gait-red": {
            "question1": "4",
            "question2": "4",
            "question3": "80",
            "question4": "70"
        },
        "gait-yellow": {
            "question1": "5",
            "question2": "3",
            "question3": "100",
            "question4": "100"
        },
        "gait-survey": {
            "question1": "5",
            "question2": "2",
            "question3": "5",
            "question4": "2"
        }
    },
    "logs": {
        "labelEvents": [
            {
                "time": "2019-07-01T18:39:46.175Z",
                "type": "START",
                "source": "hotkey",
                "_t": "12:39:46",
                "_end": "-",
                "data": {
                    "type": "cutting",
                    "time": 383.445166
                }
            },
            {
                "time": "2019-07-01T18:39:48.230Z",
                "type": "END",
                "source": "data:click:h_pos",
                "_t": "12:39:48",
                "_end": "-",
                "data": {
                    "lbl": {
                        "time": 383.445166,
                        "endTime": 397.19203443903086,
                        "type": "cutting",
                        "id": 1
                    }
                }
            },
            {
                "time": "2019-07-01T18:39:54.204Z",
                "type": "START",
                "source": "hotkey",
                "_t": "12:39:54",
                "_end": "-",
                "data": {
                    "type": "cutting",
                    "time": 510.771881
                }
            },
            {
                "time": "2019-07-01T18:39:54.890Z",
                "type": "END",
                "source": "data:click:h_pos",
                "_t": "12:39:54",
                "_end": "-",
                "data": {
                    "lbl": {
                        "time": 510.771881,
                        "endTime": 536.2197077805013,
                        "type": "cutting",
                        "id": 2
                    }
                }
            },
            {
                "time": "2019-07-01T18:39:57.498Z",
                "type": "START",
                "source": "hotkey",
                "_t": "12:39:57",
                "_end": "-",
                "data": {
                    "type": "cutting",
                    "time": 539.218964
                }
            },
            {
                "time": "2019-07-01T18:40:01.660Z",
                "type": "END",
                "source": "data:click:h_pos",
                "_t": "12:40:01",
                "_end": "-",
                "data": {
                    "lbl": {
                        "time": 539.218964,
                        "endTime": 561.1780662683113,
                        "type": "cutting",
                        "id": 3
                    }
                }
            },
            {
                "time": "2019-07-01T18:40:08.833Z",
                "type": "START",
                "source": "hotkey",
                "_t": "12:40:08",
                "_end": "-",
                "data": {
                    "type": "cutting",
                    "time": 684.518824
                }
            },
            {
                "time": "2019-07-01T18:40:09.636Z",
                "type": "END",
                "source": "data:click:h_pos",
                "_t": "12:40:09",
                "_end": "-",
                "data": {
                    "lbl": {
                        "time": 684.518824,
                        "endTime": 709.4024904878183,
                        "type": "cutting",
                        "id": 4
                    }
                }
            },
            {
                "time": "2019-07-01T18:40:12.860Z",
                "type": "START",
                "source": "hotkey",
                "_t": "12:40:12",
                "_end": "-",
                "data": {
                    "type": "cutting",
                    "time": 710.563725
                }
            },
            {
                "time": "2019-07-01T18:40:13.435Z",
                "type": "END",
                "source": "data:click:h_pos",
                "_t": "12:40:13",
                "_end": "-",
                "data": {
                    "lbl": {
                        "time": 710.563725,
                        "endTime": 734.9382281707208,
                        "type": "cutting",
                        "id": 5
                    }
                }
            }
        ],
        "navigationEvents": [
            {
                "time": "2019-07-01T18:37:47.280Z",
                "type": "CHANGE-PLAYBACK-RATE",
                "source": "video:menu",
                "_t": "12:37:47",
                "_end": "-",
                "data": {
                    "oldRate": 1,
                    "newRate": 2
                }
            },
            {
                "time": {
                    "start": "2019-07-01T18:37:28.754Z",
                    "end": "2019-07-01T18:37:49.818Z"
                },
                "type": "SCRUB",
                "source": "data:drag",
                "_t": "12:37:28",
                "_end": "12:37:49",
                "data": {
                    "time": 81.482638
                }
            },
            {
                "time": {
                    "start": "2019-07-01T18:37:28.754Z",
                    "end": "2019-07-01T18:37:53.793Z"
                },
                "type": "SCRUB",
                "source": "data:drag",
                "_t": "12:37:28",
                "_end": "12:37:53",
                "data": {
                    "time": 103.065073
                }
            },
            {
                "time": {
                    "start": "2019-07-01T18:37:28.754Z",
                    "end": "2019-07-01T18:37:59.325Z"
                },
                "type": "SCRUB",
                "source": "data:drag",
                "_t": "12:37:28",
                "_end": "12:37:59",
                "data": {
                    "time": 173.109632
                }
            },
            {
                "time": {
                    "start": "2019-07-01T18:37:28.754Z",
                    "end": "2019-07-01T18:38:01.498Z"
                },
                "type": "SCRUB",
                "source": "data:drag",
                "_t": "12:37:28",
                "_end": "12:38:01",
                "data": {
                    "time": 202.954211
                }
            },
            {
                "time": {
                    "start": "2019-07-01T18:37:28.754Z",
                    "end": "2019-07-01T18:38:15.112Z"
                },
                "type": "SCRUB",
                "source": "data:drag",
                "_t": "12:37:28",
                "_end": "12:38:15",
                "data": {
                    "time": 0
                }
            },
            {
                "time": {
                    "start": "2019-07-01T18:38:19.215Z",
                    "end": "2019-07-01T18:38:19.217Z"
                },
                "type": "SCRUB",
                "source": "video:drag",
                "_t": "12:38:19",
                "_end": "12:38:19",
                "data": {
                    "to": 548.325216,
                    "from": 3.2472
                }
            },
            {
                "time": {
                    "start": "2019-07-01T18:38:21.523Z",
                    "end": "2019-07-01T18:38:22.519Z"
                },
                "type": "SCRUB",
                "source": "video:drag",
                "_t": "12:38:21",
                "_end": "12:38:22",
                "data": {
                    "to": 0,
                    "from": 549.979868
                }
            },
            {
                "time": {
                    "start": "2019-07-01T18:37:28.754Z",
                    "end": "2019-07-01T18:38:29.488Z"
                },
                "type": "SCRUB",
                "source": "data:drag",
                "_t": "12:37:28",
                "_end": "12:38:29",
                "data": {
                    "time": 55.383884
                }
            },
            {
                "time": {
                    "start": "2019-07-01T18:37:28.754Z",
                    "end": "2019-07-01T18:38:31.960Z"
                },
                "type": "SCRUB",
                "source": "data:drag",
                "_t": "12:37:28",
                "_end": "12:38:31",
                "data": {
                    "time": 88.829984
                }
            },
            {
                "time": {
                    "start": "2019-07-01T18:37:28.754Z",
                    "end": "2019-07-01T18:38:34.597Z"
                },
                "type": "SCRUB",
                "source": "data:drag",
                "_t": "12:37:28",
                "_end": "12:38:34",
                "data": {
                    "time": 153.775921
                }
            },
            {
                "time": {
                    "start": "2019-07-01T18:37:28.754Z",
                    "end": "2019-07-01T18:38:39.585Z"
                },
                "type": "SCRUB",
                "source": "data:drag",
                "_t": "12:37:28",
                "_end": "12:38:39",
                "data": {
                    "time": 339.058093
                }
            },
            {
                "time": {
                    "start": "2019-07-01T18:37:28.754Z",
                    "end": "2019-07-01T18:38:45.101Z"
                },
                "type": "SCRUB",
                "source": "data:drag",
                "_t": "12:37:28",
                "_end": "12:38:45",
                "data": {
                    "time": 441.712723
                }
            },
            {
                "time": {
                    "start": "2019-07-01T18:37:28.754Z",
                    "end": "2019-07-01T18:38:52.953Z"
                },
                "type": "SCRUB",
                "source": "data:drag",
                "_t": "12:37:28",
                "_end": "12:38:52",
                "data": {
                    "time": 401.840226
                }
            },
            {
                "time": {
                    "start": "2019-07-01T18:37:28.754Z",
                    "end": "2019-07-01T18:38:56.404Z"
                },
                "type": "SCRUB",
                "source": "data:drag",
                "_t": "12:37:28",
                "_end": "12:38:56",
                "data": {
                    "time": 403.117368
                }
            },
            {
                "time": {
                    "start": "2019-07-01T18:37:28.754Z",
                    "end": "2019-07-01T18:39:03.516Z"
                },
                "type": "SCRUB",
                "source": "data:drag",
                "_t": "12:37:28",
                "_end": "12:39:03",
                "data": {
                    "time": 395.232267
                }
            },
            {
                "time": {
                    "start": "2019-07-01T18:37:28.754Z",
                    "end": "2019-07-01T18:39:07.321Z"
                },
                "type": "SCRUB",
                "source": "data:drag",
                "_t": "12:37:28",
                "_end": "12:39:07",
                "data": {
                    "time": 383.166393
                }
            },
            {
                "time": {
                    "start": "2019-07-01T18:37:28.754Z",
                    "end": "2019-07-01T18:39:17.547Z"
                },
                "type": "SCRUB",
                "source": "data:drag",
                "_t": "12:37:28",
                "_end": "12:39:17",
                "data": {
                    "time": 556.101115
                }
            },
            {
                "time": {
                    "start": "2019-07-01T18:37:28.754Z",
                    "end": "2019-07-01T18:39:22.889Z"
                },
                "type": "SCRUB",
                "source": "data:drag",
                "_t": "12:37:28",
                "_end": "12:39:22",
                "data": {
                    "time": 659.393817
                }
            },
            {
                "time": {
                    "start": "2019-07-01T18:37:28.754Z",
                    "end": "2019-07-01T18:39:27.417Z"
                },
                "type": "SCRUB",
                "source": "data:drag",
                "_t": "12:37:28",
                "_end": "12:39:27",
                "data": {
                    "time": 735.786557
                }
            },
            {
                "time": {
                    "start": "2019-07-01T18:37:28.754Z",
                    "end": "2019-07-01T18:39:33.130Z"
                },
                "type": "SCRUB",
                "source": "data:drag",
                "_t": "12:37:28",
                "_end": "12:39:33",
                "data": {
                    "time": 702.836903
                }
            },
            {
                "time": {
                    "start": "2019-07-01T18:37:28.754Z",
                    "end": "2019-07-01T18:39:33.896Z"
                },
                "type": "SCRUB",
                "source": "data:drag",
                "_t": "12:37:28",
                "_end": "12:39:33",
                "data": {
                    "time": 617.105121
                }
            },
            {
                "time": {
                    "start": "2019-07-01T18:37:28.754Z",
                    "end": "2019-07-01T18:39:34.575Z"
                },
                "type": "SCRUB",
                "source": "data:drag",
                "_t": "12:37:28",
                "_end": "12:39:34",
                "data": {
                    "time": 535.133505
                }
            },
            {
                "time": {
                    "start": "2019-07-01T18:37:28.754Z",
                    "end": "2019-07-01T18:39:35.450Z"
                },
                "type": "SCRUB",
                "source": "data:drag",
                "_t": "12:37:28",
                "_end": "12:39:35",
                "data": {
                    "time": 433.139006
                }
            },
            {
                "time": {
                    "start": "2019-07-01T18:37:28.754Z",
                    "end": "2019-07-01T18:39:36.156Z"
                },
                "type": "SCRUB",
                "source": "data:drag",
                "_t": "12:37:28",
                "_end": "12:39:36",
                "data": {
                    "time": 349.381311
                }
            },
            {
                "time": {
                    "start": "2019-07-01T18:37:28.754Z",
                    "end": "2019-07-01T18:39:39.424Z"
                },
                "type": "SCRUB",
                "source": "data:drag",
                "_t": "12:37:28",
                "_end": "12:39:39",
                "data": {
                    "time": 383.504816
                }
            },
            {
                "time": {
                    "start": "2019-07-01T18:37:28.754Z",
                    "end": "2019-07-01T18:39:43.547Z"
                },
                "type": "SCRUB",
                "source": "data:drag",
                "_t": "12:37:28",
                "_end": "12:39:43",
                "data": {
                    "time": 378.11487
                }
            },
            {
                "time": {
                    "start": "2019-07-01T18:37:28.754Z",
                    "end": "2019-07-01T18:39:45.953Z"
                },
                "type": "SCRUB",
                "source": "data:drag",
                "_t": "12:37:28",
                "_end": "12:39:45",
                "data": {
                    "time": 383.223113
                }
            },
            {
                "time": {
                    "start": "2019-07-01T18:37:28.754Z",
                    "end": "2019-07-01T18:39:47.158Z"
                },
                "type": "SCRUB",
                "source": "data:drag",
                "_t": "12:37:28",
                "_end": "12:39:47",
                "data": {
                    "time": 384.437193
                }
            },
            {
                "time": {
                    "start": "2019-07-01T18:37:28.754Z",
                    "end": "2019-07-01T18:39:48.225Z"
                },
                "type": "SCRUB",
                "source": "data:drag",
                "_t": "12:37:28",
                "_end": "12:39:48",
                "data": {
                    "time": 385.502254
                }
            },
            {
                "time": {
                    "start": "2019-07-01T18:37:28.754Z",
                    "end": "2019-07-01T18:39:50.136Z"
                },
                "type": "SCRUB",
                "source": "data:drag",
                "_t": "12:37:28",
                "_end": "12:39:50",
                "data": {
                    "time": 458.473653
                }
            },
            {
                "time": {
                    "start": "2019-07-01T18:37:28.754Z",
                    "end": "2019-07-01T18:39:52.456Z"
                },
                "type": "SCRUB",
                "source": "data:drag",
                "_t": "12:37:28",
                "_end": "12:39:52",
                "data": {
                    "time": 512.036751
                }
            },
            {
                "time": {
                    "start": "2019-07-01T18:37:28.754Z",
                    "end": "2019-07-01T18:39:53.403Z"
                },
                "type": "SCRUB",
                "source": "data:drag",
                "_t": "12:37:28",
                "_end": "12:39:53",
                "data": {
                    "time": 509.515618
                }
            },
            {
                "time": {
                    "start": "2019-07-01T18:37:28.754Z",
                    "end": "2019-07-01T18:39:54.064Z"
                },
                "type": "SCRUB",
                "source": "data:drag",
                "_t": "12:37:28",
                "_end": "12:39:54",
                "data": {
                    "time": 510.661347
                }
            },
            {
                "time": {
                    "start": "2019-07-01T18:37:28.754Z",
                    "end": "2019-07-01T18:39:54.888Z"
                },
                "type": "SCRUB",
                "source": "data:drag",
                "_t": "12:37:28",
                "_end": "12:39:54",
                "data": {
                    "time": 511.453475
                }
            },
            {
                "time": {
                    "start": "2019-07-01T18:37:28.754Z",
                    "end": "2019-07-01T18:39:57.326Z"
                },
                "type": "SCRUB",
                "source": "data:drag",
                "_t": "12:37:28",
                "_end": "12:39:57",
                "data": {
                    "time": 539.101745
                }
            },
            {
                "time": {
                    "start": "2019-07-01T18:37:28.754Z",
                    "end": "2019-07-01T18:39:58.374Z"
                },
                "type": "SCRUB",
                "source": "data:drag",
                "_t": "12:37:28",
                "_end": "12:39:58",
                "data": {
                    "time": 540.098619
                }
            },
            {
                "time": {
                    "start": "2019-07-01T18:37:28.754Z",
                    "end": "2019-07-01T18:40:00.092Z"
                },
                "type": "SCRUB",
                "source": "data:drag",
                "_t": "12:37:28",
                "_end": "12:40:00",
                "data": {
                    "time": 526.808525
                }
            },
            {
                "time": {
                    "start": "2019-07-01T18:37:28.754Z",
                    "end": "2019-07-01T18:40:00.719Z"
                },
                "type": "SCRUB",
                "source": "data:drag",
                "_t": "12:37:28",
                "_end": "12:40:00",
                "data": {
                    "time": 526.808525
                }
            },
            {
                "time": {
                    "start": "2019-07-01T18:37:28.754Z",
                    "end": "2019-07-01T18:40:01.658Z"
                },
                "type": "SCRUB",
                "source": "data:drag",
                "_t": "12:37:28",
                "_end": "12:40:01",
                "data": {
                    "time": 527.192866
                }
            },
            {
                "time": {
                    "start": "2019-07-01T18:37:28.754Z",
                    "end": "2019-07-01T18:40:03.116Z"
                },
                "type": "SCRUB",
                "source": "data:drag",
                "_t": "12:37:28",
                "_end": "12:40:03",
                "data": {
                    "time": 574.716224
                }
            },
            {
                "time": {
                    "start": "2019-07-01T18:37:28.754Z",
                    "end": "2019-07-01T18:40:04.617Z"
                },
                "type": "SCRUB",
                "source": "data:drag",
                "_t": "12:37:28",
                "_end": "12:40:04",
                "data": {
                    "time": 600.36509
                }
            },
            {
                "time": {
                    "start": "2019-07-01T18:37:28.754Z",
                    "end": "2019-07-01T18:40:04.914Z"
                },
                "type": "SCRUB",
                "source": "data:drag",
                "_t": "12:37:28",
                "_end": "12:40:04",
                "data": {
                    "time": 600.660448
                }
            },
            {
                "time": {
                    "start": "2019-07-01T18:37:28.754Z",
                    "end": "2019-07-01T18:40:05.552Z"
                },
                "type": "SCRUB",
                "source": "data:drag",
                "_t": "12:37:28",
                "_end": "12:40:05",
                "data": {
                    "time": 618.351312
                }
            },
            {
                "time": {
                    "start": "2019-07-01T18:37:28.754Z",
                    "end": "2019-07-01T18:40:06.370Z"
                },
                "type": "SCRUB",
                "source": "data:drag",
                "_t": "12:37:28",
                "_end": "12:40:06",
                "data": {
                    "time": 646.552555
                }
            },
            {
                "time": {
                    "start": "2019-07-01T18:37:28.754Z",
                    "end": "2019-07-01T18:40:08.746Z"
                },
                "type": "SCRUB",
                "source": "data:drag",
                "_t": "12:37:28",
                "_end": "12:40:08",
                "data": {
                    "time": 684.518824
                }
            },
            {
                "time": {
                    "start": "2019-07-01T18:37:28.754Z",
                    "end": "2019-07-01T18:40:09.633Z"
                },
                "type": "SCRUB",
                "source": "data:drag",
                "_t": "12:37:28",
                "_end": "12:40:09",
                "data": {
                    "time": 684.912639
                }
            },
            {
                "time": {
                    "start": "2019-07-01T18:37:28.754Z",
                    "end": "2019-07-01T18:40:11.923Z"
                },
                "type": "SCRUB",
                "source": "data:drag",
                "_t": "12:37:28",
                "_end": "12:40:11",
                "data": {
                    "time": 709.216025
                }
            },
            {
                "time": {
                    "start": "2019-07-01T18:37:28.754Z",
                    "end": "2019-07-01T18:40:12.696Z"
                },
                "type": "SCRUB",
                "source": "data:drag",
                "_t": "12:37:28",
                "_end": "12:40:12",
                "data": {
                    "time": 710.434717
                }
            },
            {
                "time": {
                    "start": "2019-07-01T18:37:28.754Z",
                    "end": "2019-07-01T18:40:13.434Z"
                },
                "type": "SCRUB",
                "source": "data:drag",
                "_t": "12:37:28",
                "_end": "12:40:13",
                "data": {
                    "time": 711.144735
                }
            },
            {
                "time": {
                    "start": "2019-07-01T18:37:28.754Z",
                    "end": "2019-07-01T18:40:14.631Z"
                },
                "type": "SCRUB",
                "source": "data:drag",
                "_t": "12:37:28",
                "_end": "12:40:14",
                "data": {
                    "time": 754.524299
                }
            },
            {
                "time": {
                    "start": "2019-07-01T18:37:28.754Z",
                    "end": "2019-07-01T18:40:15.135Z"
                },
                "type": "SCRUB",
                "source": "data:drag",
                "_t": "12:37:28",
                "_end": "12:40:15",
                "data": {
                    "time": 809.986745
                }
            },
            {
                "time": {
                    "start": "2019-07-01T18:37:28.754Z",
                    "end": "2019-07-01T18:40:15.709Z"
                },
                "type": "SCRUB",
                "source": "data:drag",
                "_t": "12:37:28",
                "_end": "12:40:15",
                "data": {
                    "time": 862.911079
                }
            },
            {
                "time": {
                    "start": "2019-07-01T18:37:28.754Z",
                    "end": "2019-07-01T18:40:16.352Z"
                },
                "type": "SCRUB",
                "source": "data:drag",
                "_t": "12:37:28",
                "_end": "12:40:16",
                "data": {
                    "time": 912.075247
                }
            },
            {
                "time": {
                    "start": "2019-07-01T18:37:28.754Z",
                    "end": "2019-07-01T18:40:16.976Z"
                },
                "type": "SCRUB",
                "source": "data:drag",
                "_t": "12:37:28",
                "_end": "12:40:16",
                "data": {
                    "time": 969.135763
                }
            },
            {
                "time": {
                    "start": "2019-07-01T18:37:28.754Z",
                    "end": "2019-07-01T18:40:17.894Z"
                },
                "type": "SCRUB",
                "source": "data:drag",
                "_t": "12:37:28",
                "_end": "12:40:17",
                "data": {
                    "time": 1026.572296
                }
            },
            {
                "time": {
                    "start": "2019-07-01T18:37:28.754Z",
                    "end": "2019-07-01T18:40:18.570Z"
                },
                "type": "SCRUB",
                "source": "data:drag",
                "_t": "12:37:28",
                "_end": "12:40:18",
                "data": {
                    "time": 1085.982916
                }
            },
            {
                "time": {
                    "start": "2019-07-01T18:37:28.754Z",
                    "end": "2019-07-01T18:40:19.431Z"
                },
                "type": "SCRUB",
                "source": "data:drag",
                "_t": "12:37:28",
                "_end": "12:40:19",
                "data": {
                    "time": 1040.954929
                }
            },
            {
                "time": {
                    "start": "2019-07-01T18:37:28.754Z",
                    "end": "2019-07-01T18:40:19.963Z"
                },
                "type": "SCRUB",
                "source": "data:drag",
                "_t": "12:37:28",
                "_end": "12:40:19",
                "data": {
                    "time": 980.792275
                }
            },
            {
                "time": {
                    "start": "2019-07-01T18:37:28.754Z",
                    "end": "2019-07-01T18:40:20.372Z"
                },
                "type": "SCRUB",
                "source": "data:drag",
                "_t": "12:37:28",
                "_end": "12:40:20",
                "data": {
                    "time": 915.553397
                }
            },
            {
                "time": {
                    "start": "2019-07-01T18:37:28.754Z",
                    "end": "2019-07-01T18:40:20.913Z"
                },
                "type": "SCRUB",
                "source": "data:drag",
                "_t": "12:37:28",
                "_end": "12:40:20",
                "data": {
                    "time": 833.769789
                }
            },
            {
                "time": {
                    "start": "2019-07-01T18:37:28.754Z",
                    "end": "2019-07-01T18:40:21.417Z"
                },
                "type": "SCRUB",
                "source": "data:drag",
                "_t": "12:37:28",
                "_end": "12:40:21",
                "data": {
                    "time": 754.148277
                }
            },
            {
                "time": {
                    "start": "2019-07-01T18:37:28.754Z",
                    "end": "2019-07-01T18:40:21.927Z"
                },
                "type": "SCRUB",
                "source": "data:drag",
                "_t": "12:37:28",
                "_end": "12:40:21",
                "data": {
                    "time": 678.192926
                }
            },
            {
                "time": {
                    "start": "2019-07-01T18:37:28.754Z",
                    "end": "2019-07-01T18:40:25.633Z"
                },
                "type": "SCRUB",
                "source": "data:drag",
                "_t": "12:37:28",
                "_end": "12:40:25",
                "data": {
                    "time": 711.376389
                }
            },
            {
                "time": {
                    "start": "2019-07-01T18:37:28.754Z",
                    "end": "2019-07-01T18:40:28.355Z"
                },
                "type": "SCRUB",
                "source": "data:drag",
                "_t": "12:37:28",
                "_end": "12:40:28",
                "data": {
                    "time": 638.313279
                }
            },
            {
                "time": {
                    "start": "2019-07-01T18:37:28.754Z",
                    "end": "2019-07-01T18:40:29.798Z"
                },
                "type": "SCRUB",
                "source": "data:drag",
                "_t": "12:37:28",
                "_end": "12:40:29",
                "data": {
                    "time": 547.505273
                }
            },
            {
                "time": {
                    "start": "2019-07-01T18:37:28.754Z",
                    "end": "2019-07-01T18:40:30.355Z"
                },
                "type": "SCRUB",
                "source": "data:drag",
                "_t": "12:37:28",
                "_end": "12:40:30",
                "data": {
                    "time": 483.864465
                }
            },
            {
                "time": {
                    "start": "2019-07-01T18:37:28.754Z",
                    "end": "2019-07-01T18:40:31.317Z"
                },
                "type": "SCRUB",
                "source": "data:drag",
                "_t": "12:37:28",
                "_end": "12:40:31",
                "data": {
                    "time": 417.591541
                }
            }
        ]
    }
}