{
    "user_id": "red4",
    "session_id": "5cf00e1981249f67dd06a999",
    "study": "studyE",
    "workspace": "drywall.drywall-pink",
    "details": {
        "workspace": "drywall.drywall-pink",
        "labels": [
            {
                "time": 56.843993,
                "endTime": 122.527977146344,
                "type": "cutting",
                "id": 1
            },
            {
                "time": 204.243792,
                "endTime": 256.5094670243804,
                "type": "measuring",
                "id": 2
            },
            {
                "time": 382.487907,
                "endTime": 405.49180421952383,
                "type": "cutting",
                "id": 3
            },
            {
                "time": 494.175144,
                "endTime": 497.7067116585355,
                "type": "cutting",
                "id": 4
            },
            {
                "time": 508.23722,
                "endTime": 516.987035585354,
                "type": "cutting",
                "id": 5
            },
            {
                "time": 526.984718,
                "endTime": 538.7890226829327,
                "type": "cutting",
                "id": 6
            },
            {
                "time": 554.860198,
                "endTime": 567.7759764634088,
                "type": "cutting",
                "id": 7
            },
            {
                "time": 631.966003,
                "endTime": 693.0687160974722,
                "type": "measuring",
                "id": 8
            },
            {
                "time": 703.252244,
                "endTime": 716.5281606097503,
                "type": "cutting",
                "id": 9
            },
            {
                "time": 730.292178,
                "endTime": 740.0525776097609,
                "type": "cutting",
                "id": 10
            },
            {
                "time": 874.645137,
                "endTime": 934.441422268266,
                "type": "measuring",
                "id": 11
            },
            {
                "time": 958.131232,
                "endTime": 1071.2131850000587,
                "type": "measuring",
                "id": 12
            },
            {
                "time": 1081.681311,
                "endTime": 1097.0942455366223,
                "type": "cutting",
                "id": 13
            },
            {
                "time": 1117.490864,
                "endTime": 1153.7764644877516,
                "type": "measuring",
                "id": 14
            }
        ],
        "_starts": [
            "2019-05-30T17:42:09.000Z"
        ],
        "_ends": [
            "2019-05-30T17:46:02.289Z"
        ]
    },
    "labels_file": "/home/ubuntu/vat/data/user-studies/studyE/drywall-pink/red4.labels.json",
    "videoFlash": 0.0001,
    "surveys": {
        "user-info": {
            "firstname": "Ethan",
            "lastname": "Davis",
            "email": "erdbom@gmail.com"
        },
        "practice-first": {
            "question1": "5",
            "question2": "ok",
            "question3": "50",
            "question4": "5"
        },
        "practice-second": {},
        "practice-third": {},
        "practice-survey": {},
        "drywall-blue": {
            "question1": "4",
            "question2": "4",
            "question3": "20",
            "question4": "100"
        },
        "drywall-red": {
            "question1": "1",
            "question2": "2",
            "question3": "10",
            "question4": "10"
        },
        "drywall-orange": {
            "question1": "5",
            "question2": "3",
            "question3": "10",
            "question4": "90"
        },
        "drywall-survey": {
            "question1": "5",
            "question2": "4",
            "question3": "2",
            "question4": "4"
        },
        "gait-blue": {
            "question1": "5",
            "question2": "4",
            "question3": "30",
            "question4": "90"
        },
        "gait-red": {
            "question1": "4",
            "question2": "5",
            "question3": "70",
            "question4": "70"
        },
        "gait-yellow": {
            "question1": "4",
            "question2": "4",
            "question3": "60",
            "question4": "90"
        },
        "gait-survey": {
            "question1": "5",
            "question2": "2",
            "question3": "2",
            "question4": "5"
        }
    },
    "logs": {
        "labelEvents": [
            {
                "time": "2019-05-30T17:43:43.750Z",
                "type": "START",
                "source": "hotkey",
                "_t": "11:43:43",
                "_end": "-",
                "data": {
                    "type": "cutting",
                    "time": 56.843993
                }
            },
            {
                "time": "2019-05-30T17:43:47.864Z",
                "type": "END",
                "source": "data:click:h_pos",
                "_t": "11:43:47",
                "_end": "-",
                "data": {
                    "lbl": {
                        "time": 56.843993,
                        "endTime": 122.527977146344,
                        "type": "cutting",
                        "id": 1
                    }
                }
            },
            {
                "time": "2019-05-30T17:44:06.554Z",
                "type": "START",
                "source": "hotkey",
                "_t": "11:44:06",
                "_end": "-",
                "data": {
                    "type": "measuring",
                    "time": 204.243792
                }
            },
            {
                "time": "2019-05-30T17:44:12.163Z",
                "type": "END",
                "source": "data:click:h_pos",
                "_t": "11:44:12",
                "_end": "-",
                "data": {
                    "lbl": {
                        "time": 204.243792,
                        "endTime": 256.5094670243804,
                        "type": "measuring",
                        "id": 2
                    }
                }
            },
            {
                "time": "2019-05-30T17:44:22.015Z",
                "type": "START",
                "source": "hotkey",
                "_t": "11:44:22",
                "_end": "-",
                "data": {
                    "type": "cutting",
                    "time": 382.487907
                }
            },
            {
                "time": "2019-05-30T17:44:23.865Z",
                "type": "END",
                "source": "data:click:h_pos",
                "_t": "11:44:23",
                "_end": "-",
                "data": {
                    "lbl": {
                        "time": 382.487907,
                        "endTime": 405.49180421952383,
                        "type": "cutting",
                        "id": 3
                    }
                }
            },
            {
                "time": "2019-05-30T17:44:30.933Z",
                "type": "START",
                "source": "hotkey",
                "_t": "11:44:30",
                "_end": "-",
                "data": {
                    "type": "cutting",
                    "time": 494.175144
                }
            },
            {
                "time": "2019-05-30T17:44:32.362Z",
                "type": "END",
                "source": "data:click:h_pos",
                "_t": "11:44:32",
                "_end": "-",
                "data": {
                    "lbl": {
                        "time": 494.175144,
                        "endTime": 497.7067116585355,
                        "type": "cutting",
                        "id": 4
                    }
                }
            },
            {
                "time": "2019-05-30T17:44:34.606Z",
                "type": "START",
                "source": "hotkey",
                "_t": "11:44:34",
                "_end": "-",
                "data": {
                    "type": "cutting",
                    "time": 508.23722
                }
            },
            {
                "time": "2019-05-30T17:44:35.472Z",
                "type": "END",
                "source": "data:click:h_pos",
                "_t": "11:44:35",
                "_end": "-",
                "data": {
                    "lbl": {
                        "time": 508.23722,
                        "endTime": 516.987035585354,
                        "type": "cutting",
                        "id": 5
                    }
                }
            },
            {
                "time": "2019-05-30T17:44:38.537Z",
                "type": "START",
                "source": "hotkey",
                "_t": "11:44:38",
                "_end": "-",
                "data": {
                    "type": "cutting",
                    "time": 526.984718
                }
            },
            {
                "time": "2019-05-30T17:44:39.881Z",
                "type": "END",
                "source": "data:click:h_pos",
                "_t": "11:44:39",
                "_end": "-",
                "data": {
                    "lbl": {
                        "time": 526.984718,
                        "endTime": 538.7890226829327,
                        "type": "cutting",
                        "id": 6
                    }
                }
            },
            {
                "time": "2019-05-30T17:44:42.010Z",
                "type": "START",
                "source": "hotkey",
                "_t": "11:44:42",
                "_end": "-",
                "data": {
                    "type": "cutting",
                    "time": 554.860198
                }
            },
            {
                "time": "2019-05-30T17:44:42.692Z",
                "type": "END",
                "source": "data:click:h_pos",
                "_t": "11:44:42",
                "_end": "-",
                "data": {
                    "lbl": {
                        "time": 554.860198,
                        "endTime": 567.7759764634088,
                        "type": "cutting",
                        "id": 7
                    }
                }
            },
            {
                "time": "2019-05-30T17:44:51.448Z",
                "type": "START",
                "source": "hotkey",
                "_t": "11:44:51",
                "_end": "-",
                "data": {
                    "type": "measuring",
                    "time": 631.966003
                }
            },
            {
                "time": "2019-05-30T17:44:52.601Z",
                "type": "END",
                "source": "data:click:h_pos",
                "_t": "11:44:52",
                "_end": "-",
                "data": {
                    "lbl": {
                        "time": 631.966003,
                        "endTime": 693.0687160974722,
                        "type": "measuring",
                        "id": 8
                    }
                }
            },
            {
                "time": "2019-05-30T17:44:55.133Z",
                "type": "START",
                "source": "hotkey",
                "_t": "11:44:55",
                "_end": "-",
                "data": {
                    "type": "cutting",
                    "time": 703.252244
                }
            },
            {
                "time": "2019-05-30T17:44:56.140Z",
                "type": "END",
                "source": "data:click:h_pos",
                "_t": "11:44:56",
                "_end": "-",
                "data": {
                    "lbl": {
                        "time": 703.252244,
                        "endTime": 716.5281606097503,
                        "type": "cutting",
                        "id": 9
                    }
                }
            },
            {
                "time": "2019-05-30T17:44:59.394Z",
                "type": "START",
                "source": "hotkey",
                "_t": "11:44:59",
                "_end": "-",
                "data": {
                    "type": "cutting",
                    "time": 730.292178
                }
            },
            {
                "time": "2019-05-30T17:45:00.516Z",
                "type": "END",
                "source": "data:click:h_pos",
                "_t": "11:45:00",
                "_end": "-",
                "data": {
                    "lbl": {
                        "time": 730.292178,
                        "endTime": 740.0525776097609,
                        "type": "cutting",
                        "id": 10
                    }
                }
            },
            {
                "time": "2019-05-30T17:45:07.947Z",
                "type": "START",
                "source": "hotkey",
                "_t": "11:45:07",
                "_end": "-",
                "data": {
                    "type": "measuring",
                    "time": 874.645137
                }
            },
            {
                "time": "2019-05-30T17:45:10.643Z",
                "type": "END",
                "source": "data:click:h_pos",
                "_t": "11:45:10",
                "_end": "-",
                "data": {
                    "lbl": {
                        "time": 874.645137,
                        "endTime": 934.441422268266,
                        "type": "measuring",
                        "id": 11
                    }
                }
            },
            {
                "time": "2019-05-30T17:45:15.596Z",
                "type": "START",
                "source": "hotkey",
                "_t": "11:45:15",
                "_end": "-",
                "data": {
                    "type": "measuring",
                    "time": 958.131232
                }
            },
            {
                "time": "2019-05-30T17:45:20.962Z",
                "type": "END",
                "source": "data:click:h_pos",
                "_t": "11:45:20",
                "_end": "-",
                "data": {
                    "lbl": {
                        "time": 958.131232,
                        "endTime": 1071.2131850000587,
                        "type": "measuring",
                        "id": 12
                    }
                }
            },
            {
                "time": "2019-05-30T17:45:32.772Z",
                "type": "START",
                "source": "hotkey",
                "_t": "11:45:32",
                "_end": "-",
                "data": {
                    "type": "cutting",
                    "time": 1081.681311
                }
            },
            {
                "time": "2019-05-30T17:45:33.900Z",
                "type": "END",
                "source": "data:click:h_pos",
                "_t": "11:45:33",
                "_end": "-",
                "data": {
                    "lbl": {
                        "time": 1081.681311,
                        "endTime": 1097.0942455366223,
                        "type": "cutting",
                        "id": 13
                    }
                }
            },
            {
                "time": "2019-05-30T17:45:51.532Z",
                "type": "START",
                "source": "hotkey",
                "_t": "11:45:51",
                "_end": "-",
                "data": {
                    "type": "measuring",
                    "time": 1117.490864
                }
            },
            {
                "time": "2019-05-30T17:45:52.794Z",
                "type": "END",
                "source": "data:click:h_pos",
                "_t": "11:45:52",
                "_end": "-",
                "data": {
                    "lbl": {
                        "time": 1117.490864,
                        "endTime": 1153.7764644877516,
                        "type": "measuring",
                        "id": 14
                    }
                }
            }
        ],
        "navigationEvents": [
            {
                "time": {
                    "start": "2019-05-30T17:43:15.012Z",
                    "end": "2019-05-30T17:43:15.013Z"
                },
                "type": "SCRUB",
                "source": "video:drag",
                "_t": "11:43:15",
                "_end": "11:43:15",
                "data": {
                    "to": 39.733711,
                    "from": 8.531297
                }
            },
            {
                "time": {
                    "start": "2019-05-30T17:43:17.634Z",
                    "end": "2019-05-30T17:43:17.728Z"
                },
                "type": "SCRUB",
                "source": "video:drag",
                "_t": "11:43:17",
                "_end": "11:43:17",
                "data": {
                    "to": 441.044195,
                    "from": 41.649349
                }
            },
            {
                "time": {
                    "start": "2019-05-30T17:43:19.409Z",
                    "end": "2019-05-30T17:43:19.489Z"
                },
                "type": "SCRUB",
                "source": "video:drag",
                "_t": "11:43:19",
                "_end": "11:43:19",
                "data": {
                    "to": 2.980028,
                    "from": 442.083259
                }
            },
            {
                "time": {
                    "start": "2019-05-30T17:42:09.400Z",
                    "end": "2019-05-30T17:43:43.501Z"
                },
                "type": "SCRUB",
                "source": "data:drag",
                "_t": "11:42:09",
                "_end": "11:43:43",
                "data": {
                    "time": 56.599096
                }
            },
            {
                "time": {
                    "start": "2019-05-30T17:42:09.400Z",
                    "end": "2019-05-30T17:43:47.856Z"
                },
                "type": "SCRUB",
                "source": "data:drag",
                "_t": "11:42:09",
                "_end": "11:43:47",
                "data": {
                    "time": 60.951174
                }
            },
            {
                "time": {
                    "start": "2019-05-30T17:42:09.400Z",
                    "end": "2019-05-30T17:43:52.742Z"
                },
                "type": "SCRUB",
                "source": "data:drag",
                "_t": "11:42:09",
                "_end": "11:43:52",
                "data": {
                    "time": 123.732784
                }
            },
            {
                "time": {
                    "start": "2019-05-30T17:42:09.400Z",
                    "end": "2019-05-30T17:44:00.459Z"
                },
                "type": "SCRUB",
                "source": "data:drag",
                "_t": "11:42:09",
                "_end": "11:44:00",
                "data": {
                    "time": 203.064116
                }
            },
            {
                "time": {
                    "start": "2019-05-30T17:42:09.400Z",
                    "end": "2019-05-30T17:44:06.369Z"
                },
                "type": "SCRUB",
                "source": "data:drag",
                "_t": "11:42:09",
                "_end": "11:44:06",
                "data": {
                    "time": 204.064284
                }
            },
            {
                "time": {
                    "start": "2019-05-30T17:42:09.400Z",
                    "end": "2019-05-30T17:44:10.225Z"
                },
                "type": "SCRUB",
                "source": "data:drag",
                "_t": "11:42:09",
                "_end": "11:44:10",
                "data": {
                    "time": 207.917221
                }
            },
            {
                "time": {
                    "start": "2019-05-30T17:42:09.400Z",
                    "end": "2019-05-30T17:44:12.162Z"
                },
                "type": "SCRUB",
                "source": "data:drag",
                "_t": "11:42:09",
                "_end": "11:44:12",
                "data": {
                    "time": 209.855312
                }
            },
            {
                "time": {
                    "start": "2019-05-30T17:42:09.400Z",
                    "end": "2019-05-30T17:44:15.124Z"
                },
                "type": "SCRUB",
                "source": "data:drag",
                "_t": "11:42:09",
                "_end": "11:44:15",
                "data": {
                    "time": 262.683894
                }
            },
            {
                "time": {
                    "start": "2019-05-30T17:42:09.400Z",
                    "end": "2019-05-30T17:44:17.715Z"
                },
                "type": "SCRUB",
                "source": "data:drag",
                "_t": "11:42:09",
                "_end": "11:44:17",
                "data": {
                    "time": 312.225972
                }
            },
            {
                "time": {
                    "start": "2019-05-30T17:42:09.400Z",
                    "end": "2019-05-30T17:44:21.833Z"
                },
                "type": "SCRUB",
                "source": "data:drag",
                "_t": "11:42:09",
                "_end": "11:44:21",
                "data": {
                    "time": 382.482062
                }
            },
            {
                "time": {
                    "start": "2019-05-30T17:42:09.400Z",
                    "end": "2019-05-30T17:44:23.864Z"
                },
                "type": "SCRUB",
                "source": "data:drag",
                "_t": "11:42:09",
                "_end": "11:44:23",
                "data": {
                    "time": 384.307901
                }
            },
            {
                "time": {
                    "start": "2019-05-30T17:42:09.400Z",
                    "end": "2019-05-30T17:44:27.285Z"
                },
                "type": "SCRUB",
                "source": "data:drag",
                "_t": "11:42:09",
                "_end": "11:44:27",
                "data": {
                    "time": 457.426353
                }
            },
            {
                "time": {
                    "start": "2019-05-30T17:42:09.400Z",
                    "end": "2019-05-30T17:44:29.470Z"
                },
                "type": "SCRUB",
                "source": "data:drag",
                "_t": "11:42:09",
                "_end": "11:44:29",
                "data": {
                    "time": 492.948755
                }
            },
            {
                "time": {
                    "start": "2019-05-30T17:42:09.400Z",
                    "end": "2019-05-30T17:44:32.360Z"
                },
                "type": "SCRUB",
                "source": "data:drag",
                "_t": "11:42:09",
                "_end": "11:44:32",
                "data": {
                    "time": 495.604035
                }
            },
            {
                "time": {
                    "start": "2019-05-30T17:42:09.400Z",
                    "end": "2019-05-30T17:44:34.282Z"
                },
                "type": "SCRUB",
                "source": "data:drag",
                "_t": "11:42:09",
                "_end": "11:44:34",
                "data": {
                    "time": 508.23722
                }
            },
            {
                "time": {
                    "start": "2019-05-30T17:42:09.400Z",
                    "end": "2019-05-30T17:44:35.471Z"
                },
                "type": "SCRUB",
                "source": "data:drag",
                "_t": "11:42:09",
                "_end": "11:44:35",
                "data": {
                    "time": 509.015314
                }
            },
            {
                "time": {
                    "start": "2019-05-30T17:42:09.400Z",
                    "end": "2019-05-30T17:44:38.520Z"
                },
                "type": "SCRUB",
                "source": "data:drag",
                "_t": "11:42:09",
                "_end": "11:44:38",
                "data": {
                    "time": 526.96892
                }
            },
            {
                "time": {
                    "start": "2019-05-30T17:42:09.400Z",
                    "end": "2019-05-30T17:44:39.880Z"
                },
                "type": "SCRUB",
                "source": "data:drag",
                "_t": "11:42:09",
                "_end": "11:44:39",
                "data": {
                    "time": 528.325387
                }
            },
            {
                "time": {
                    "start": "2019-05-30T17:42:09.400Z",
                    "end": "2019-05-30T17:44:41.890Z"
                },
                "type": "SCRUB",
                "source": "data:drag",
                "_t": "11:42:09",
                "_end": "11:44:41",
                "data": {
                    "time": 554.860198
                }
            },
            {
                "time": {
                    "start": "2019-05-30T17:42:09.400Z",
                    "end": "2019-05-30T17:44:42.689Z"
                },
                "type": "SCRUB",
                "source": "data:drag",
                "_t": "11:42:09",
                "_end": "11:44:42",
                "data": {
                    "time": 555.420557
                }
            },
            {
                "time": {
                    "start": "2019-05-30T17:42:09.400Z",
                    "end": "2019-05-30T17:44:44.094Z"
                },
                "type": "SCRUB",
                "source": "data:drag",
                "_t": "11:42:09",
                "_end": "11:44:44",
                "data": {
                    "time": 598.328819
                }
            },
            {
                "time": {
                    "start": "2019-05-30T17:42:09.400Z",
                    "end": "2019-05-30T17:44:51.332Z"
                },
                "type": "SCRUB",
                "source": "data:drag",
                "_t": "11:42:09",
                "_end": "11:44:51",
                "data": {
                    "time": 631.966003
                }
            },
            {
                "time": {
                    "start": "2019-05-30T17:42:09.400Z",
                    "end": "2019-05-30T17:44:52.600Z"
                },
                "type": "SCRUB",
                "source": "data:drag",
                "_t": "11:42:09",
                "_end": "11:44:52",
                "data": {
                    "time": 632.735572
                }
            },
            {
                "time": {
                    "start": "2019-05-30T17:42:09.400Z",
                    "end": "2019-05-30T17:44:54.978Z"
                },
                "type": "SCRUB",
                "source": "data:drag",
                "_t": "11:42:09",
                "_end": "11:44:54",
                "data": {
                    "time": 703.252244
                }
            },
            {
                "time": {
                    "start": "2019-05-30T17:42:09.400Z",
                    "end": "2019-05-30T17:44:56.137Z"
                },
                "type": "SCRUB",
                "source": "data:drag",
                "_t": "11:42:09",
                "_end": "11:44:56",
                "data": {
                    "time": 704.029812
                }
            },
            {
                "time": {
                    "start": "2019-05-30T17:42:09.400Z",
                    "end": "2019-05-30T17:44:59.250Z"
                },
                "type": "SCRUB",
                "source": "data:drag",
                "_t": "11:42:09",
                "_end": "11:44:59",
                "data": {
                    "time": 730.150056
                }
            },
            {
                "time": {
                    "start": "2019-05-30T17:42:09.400Z",
                    "end": "2019-05-30T17:45:00.515Z"
                },
                "type": "SCRUB",
                "source": "data:drag",
                "_t": "11:42:09",
                "_end": "11:45:00",
                "data": {
                    "time": 731.417707
                }
            },
            {
                "time": {
                    "start": "2019-05-30T17:42:09.400Z",
                    "end": "2019-05-30T17:45:02.173Z"
                },
                "type": "SCRUB",
                "source": "data:drag",
                "_t": "11:42:09",
                "_end": "11:45:02",
                "data": {
                    "time": 783.199984
                }
            },
            {
                "time": {
                    "start": "2019-05-30T17:42:09.400Z",
                    "end": "2019-05-30T17:45:04.627Z"
                },
                "type": "SCRUB",
                "source": "data:drag",
                "_t": "11:42:09",
                "_end": "11:45:04",
                "data": {
                    "time": 817.699505
                }
            },
            {
                "time": {
                    "start": "2019-05-30T17:42:09.400Z",
                    "end": "2019-05-30T17:45:07.747Z"
                },
                "type": "SCRUB",
                "source": "data:drag",
                "_t": "11:42:09",
                "_end": "11:45:07",
                "data": {
                    "time": 874.572013
                }
            },
            {
                "time": {
                    "start": "2019-05-30T17:42:09.400Z",
                    "end": "2019-05-30T17:45:09.453Z"
                },
                "type": "SCRUB",
                "source": "data:drag",
                "_t": "11:42:09",
                "_end": "11:45:09",
                "data": {
                    "time": 876.162688
                }
            },
            {
                "time": {
                    "start": "2019-05-30T17:42:09.400Z",
                    "end": "2019-05-30T17:45:10.642Z"
                },
                "type": "SCRUB",
                "source": "data:drag",
                "_t": "11:42:09",
                "_end": "11:45:10",
                "data": {
                    "time": 877.28423
                }
            },
            {
                "time": {
                    "start": "2019-05-30T17:42:09.400Z",
                    "end": "2019-05-30T17:45:12.076Z"
                },
                "type": "SCRUB",
                "source": "data:drag",
                "_t": "11:42:09",
                "_end": "11:45:12",
                "data": {
                    "time": 918.242818
                }
            },
            {
                "time": {
                    "start": "2019-05-30T17:42:09.400Z",
                    "end": "2019-05-30T17:45:15.350Z"
                },
                "type": "SCRUB",
                "source": "data:drag",
                "_t": "11:42:09",
                "_end": "11:45:15",
                "data": {
                    "time": 957.884386
                }
            },
            {
                "time": {
                    "start": "2019-05-30T17:42:09.400Z",
                    "end": "2019-05-30T17:45:20.960Z"
                },
                "type": "SCRUB",
                "source": "data:drag",
                "_t": "11:42:09",
                "_end": "11:45:20",
                "data": {
                    "time": 963.497197
                }
            },
            {
                "time": {
                    "start": "2019-05-30T17:42:09.400Z",
                    "end": "2019-05-30T17:45:22.285Z"
                },
                "type": "SCRUB",
                "source": "data:drag",
                "_t": "11:42:09",
                "_end": "11:45:22",
                "data": {
                    "time": 1033.131776
                }
            },
            {
                "time": {
                    "start": "2019-05-30T17:42:09.400Z",
                    "end": "2019-05-30T17:45:23.474Z"
                },
                "type": "SCRUB",
                "source": "data:drag",
                "_t": "11:42:09",
                "_end": "11:45:23",
                "data": {
                    "time": 1084.082023
                }
            },
            {
                "time": {
                    "start": "2019-05-30T17:42:09.400Z",
                    "end": "2019-05-30T17:45:30.026Z"
                },
                "type": "SCRUB",
                "source": "data:drag",
                "_t": "11:42:09",
                "_end": "11:45:30",
                "data": {
                    "time": 1083.586122
                }
            },
            {
                "time": {
                    "start": "2019-05-30T17:42:09.400Z",
                    "end": "2019-05-30T17:45:32.026Z"
                },
                "type": "SCRUB",
                "source": "data:drag",
                "_t": "11:42:09",
                "_end": "11:45:32",
                "data": {
                    "time": 1080.943304
                }
            },
            {
                "time": {
                    "start": "2019-05-30T17:42:09.400Z",
                    "end": "2019-05-30T17:45:33.898Z"
                },
                "type": "SCRUB",
                "source": "data:drag",
                "_t": "11:42:09",
                "_end": "11:45:33",
                "data": {
                    "time": 1082.812875
                }
            },
            {
                "time": {
                    "start": "2019-05-30T17:42:09.400Z",
                    "end": "2019-05-30T17:45:34.986Z"
                },
                "type": "SCRUB",
                "source": "data:drag",
                "_t": "11:42:09",
                "_end": "11:45:34",
                "data": {
                    "time": 1136.510305
                }
            },
            {
                "time": {
                    "start": "2019-05-30T17:42:09.400Z",
                    "end": "2019-05-30T17:45:40.976Z"
                },
                "type": "SCRUB",
                "source": "data:drag",
                "_t": "11:42:09",
                "_end": "11:45:40",
                "data": {
                    "time": 1123.225118
                }
            },
            {
                "time": {
                    "start": "2019-05-30T17:42:09.400Z",
                    "end": "2019-05-30T17:45:44.650Z"
                },
                "type": "SCRUB",
                "source": "data:drag",
                "_t": "11:42:09",
                "_end": "11:45:44",
                "data": {
                    "time": 1115.892794
                }
            },
            {
                "time": {
                    "start": "2019-05-30T17:42:09.400Z",
                    "end": "2019-05-30T17:45:49.474Z"
                },
                "type": "SCRUB",
                "source": "data:drag",
                "_t": "11:42:09",
                "_end": "11:45:49",
                "data": {
                    "time": 1117.490864
                }
            },
            {
                "time": {
                    "start": "2019-05-30T17:42:09.400Z",
                    "end": "2019-05-30T17:45:52.791Z"
                },
                "type": "SCRUB",
                "source": "data:drag",
                "_t": "11:42:09",
                "_end": "11:45:52",
                "data": {
                    "time": 1117.490864
                }
            },
            {
                "time": {
                    "start": "2019-05-30T17:42:09.400Z",
                    "end": "2019-05-30T17:45:58.010Z"
                },
                "type": "SCRUB",
                "source": "data:drag",
                "_t": "11:42:09",
                "_end": "11:45:58",
                "data": {
                    "time": 1027.528895
                }
            },
            {
                "time": {
                    "start": "2019-05-30T17:42:09.400Z",
                    "end": "2019-05-30T17:46:01.623Z"
                },
                "type": "SCRUB",
                "source": "data:drag",
                "_t": "11:42:09",
                "_end": "11:46:01",
                "data": {
                    "time": 875.336181
                }
            }
        ]
    }
}