{
    "user_id": "Silver4",
    "session_id": "5d85398d81249f67dd06ae0a",
    "study": "studyE",
    "workspace": "drywall.drywall-pink",
    "details": {
        "workspace": "drywall.drywall-pink",
        "labels": [
            {
                "time": 326.784958,
                "endTime": 334.08729136514626,
                "type": "measuring",
                "id": 1
            },
            {
                "time": 351.396526,
                "endTime": 356.1745959796636,
                "type": "measuring",
                "id": 2
            },
            {
                "time": 395.120374,
                "endTime": 402.8734686839865,
                "type": "cutting",
                "id": 3
            },
            {
                "time": 495.189387,
                "endTime": 498.16441170431574,
                "type": "cutting",
                "id": 4
            },
            {
                "time": 508.081161,
                "endTime": 515.5637988926808,
                "type": "cutting",
                "id": 5
            },
            {
                "time": 531.881359,
                "endTime": 539.3639968926807,
                "type": "cutting",
                "id": 6
            },
            {
                "time": 555.4111,
                "endTime": 567.942264663646,
                "type": "cutting",
                "id": 7
            },
            {
                "time": 593.63566,
                "endTime": 605.3554542897409,
                "type": "measuring",
                "id": 8
            },
            {
                "time": 612.838092,
                "endTime": 622.7548411968176,
                "type": "measuring",
                "id": 9
            },
            {
                "time": 641.686817,
                "endTime": 649.6202162115169,
                "type": "cutting",
                "id": 10
            },
            {
                "time": 655.119504,
                "endTime": 661.1597056724049,
                "type": "cutting",
                "id": 11
            },
            {
                "time": 677.116656,
                "endTime": 684.5091416289135,
                "type": "cutting",
                "id": 12
            },
            {
                "time": 703.711574,
                "endTime": 716.6934999824823,
                "type": "cutting",
                "id": 13
            },
            {
                "time": 729.765578,
                "endTime": 740.7641544433702,
                "type": "cutting",
                "id": 14
            },
            {
                "time": 768.981813,
                "endTime": 775.5629282550083,
                "type": "measuring",
                "id": 15
            },
            {
                "time": 777.63643,
                "endTime": 785.9304382665858,
                "type": "measuring",
                "id": 16
            },
            {
                "time": 790.257747,
                "endTime": 800.7154095970105,
                "type": "measuring",
                "id": 17
            },
            {
                "time": 830.555809,
                "endTime": 836.3255538811031,
                "type": "measuring",
                "id": 18
            },
            {
                "time": 877.434987,
                "endTime": 881.9426001883619,
                "type": "cutting",
                "id": 19
            },
            {
                "time": 897.088181,
                "endTime": 899.1616830666421,
                "type": "cutting",
                "id": 20
            },
            {
                "time": 909.979955,
                "endTime": 915.1186340347326,
                "type": "measuring",
                "id": 21
            },
            {
                "time": 937.386243,
                "endTime": 955.5970002809437,
                "type": "measuring",
                "id": 22
            },
            {
                "time": 984.986638,
                "endTime": 989.3139466608272,
                "type": "cutting",
                "id": 23
            },
            {
                "time": 1000.492827,
                "endTime": 1006.8034854637067,
                "type": "cutting",
                "id": 24
            },
            {
                "time": 1008.155769,
                "endTime": 1013.3846007187365,
                "type": "cutting",
                "id": 25
            },
            {
                "time": 1016.089169,
                "endTime": 1028.259724608577,
                "type": "cutting",
                "id": 26
            },
            {
                "time": 1031.054445,
                "endTime": 1039.3484532665857,
                "type": "cutting",
                "id": 27
            },
            {
                "time": 1041.692412,
                "endTime": 1054.3137289274398,
                "type": "cutting",
                "id": 28
            },
            {
                "time": 1057.55921,
                "endTime": 1066.2138273216547,
                "type": "cutting",
                "id": 29
            },
            {
                "time": 1071.89342,
                "endTime": 1083.3427574984635,
                "type": "measuring",
                "id": 30
            },
            {
                "time": 1101.37321,
                "endTime": 1117.5104652143355,
                "type": "measuring",
                "id": 31
            },
            {
                "time": 1120.48549,
                "endTime": 1136.8030497418358,
                "type": "measuring",
                "id": 32
            }
        ],
        "_starts": [
            "2019-09-20T21:11:21.000Z"
        ],
        "_ends": [
            "2019-09-20T21:14:10.484Z"
        ]
    },
    "labels_file": "/home/ubuntu/vat/data/user-studies/studyE/drywall-pink/Silver4.labels.json",
    "videoFlash": 0.0001,
    "surveys": {
        "user-info": {
            "firstname": "Michael",
            "lastname": "Davenport",
            "email": "mdaven19@byu.edu"
        },
        "practice-first": {
            "question1": "3",
            "question2": "ok",
            "question3": "50",
            "question4": "3"
        },
        "practice-second": {},
        "practice-third": {},
        "practice-survey": {},
        "drywall-blue": {
            "question1": "4",
            "question2": "3",
            "question3": "30",
            "question4": "80"
        },
        "drywall-red": {
            "question1": "2",
            "question2": "3",
            "question3": "60",
            "question4": "50"
        },
        "drywall-orange": {
            "question1": "2",
            "question2": "2",
            "question3": "20",
            "question4": "70"
        },
        "drywall-survey": {
            "question1": "5",
            "question2": "4",
            "question3": "5",
            "question4": "4"
        },
        "gait-blue": {
            "question1": "4",
            "question2": "4",
            "question3": "100",
            "question4": "90"
        },
        "gait-red": {
            "question1": "3",
            "question2": "4",
            "question3": "100",
            "question4": "90"
        },
        "gait-yellow": {
            "question1": "4",
            "question2": "4",
            "question3": "100",
            "question4": "90"
        },
        "gait-survey": {
            "question1": "5",
            "question2": "4",
            "question3": "5",
            "question4": "4"
        }
    },
    "logs": {
        "labelEvents": [
            {
                "time": "2019-09-20T21:12:26.017Z",
                "type": "START",
                "source": "hotkey",
                "_t": "15:12:26",
                "_end": "-",
                "data": {
                    "type": "measuring",
                    "time": 326.784958
                }
            },
            {
                "time": "2019-09-20T21:12:26.326Z",
                "type": "END",
                "source": "data:click:h_pos",
                "_t": "15:12:26",
                "_end": "-",
                "data": {
                    "lbl": {
                        "time": 326.784958,
                        "endTime": 334.08729136514626,
                        "type": "measuring",
                        "id": 1
                    }
                }
            },
            {
                "time": "2019-09-20T21:12:29.359Z",
                "type": "START",
                "source": "hotkey",
                "_t": "15:12:29",
                "_end": "-",
                "data": {
                    "type": "measuring",
                    "time": 351.396526
                }
            },
            {
                "time": "2019-09-20T21:12:29.973Z",
                "type": "END",
                "source": "data:click:h_pos",
                "_t": "15:12:29",
                "_end": "-",
                "data": {
                    "lbl": {
                        "time": 351.396526,
                        "endTime": 356.1745959796636,
                        "type": "measuring",
                        "id": 2
                    }
                }
            },
            {
                "time": "2019-09-20T21:12:33.091Z",
                "type": "START",
                "source": "hotkey",
                "_t": "15:12:33",
                "_end": "-",
                "data": {
                    "type": "cutting",
                    "time": 395.120374
                }
            },
            {
                "time": "2019-09-20T21:12:33.414Z",
                "type": "END",
                "source": "data:click:h_pos",
                "_t": "15:12:33",
                "_end": "-",
                "data": {
                    "lbl": {
                        "time": 395.120374,
                        "endTime": 402.8734686839865,
                        "type": "cutting",
                        "id": 3
                    }
                }
            },
            {
                "time": "2019-09-20T21:12:42.047Z",
                "type": "START",
                "source": "hotkey",
                "_t": "15:12:42",
                "_end": "-",
                "data": {
                    "type": "cutting",
                    "time": 495.189387
                }
            },
            {
                "time": "2019-09-20T21:12:42.216Z",
                "type": "END",
                "source": "data:click:h_pos",
                "_t": "15:12:42",
                "_end": "-",
                "data": {
                    "lbl": {
                        "time": 495.189387,
                        "endTime": 498.16441170431574,
                        "type": "cutting",
                        "id": 4
                    }
                }
            },
            {
                "time": "2019-09-20T21:12:54.180Z",
                "type": "START",
                "source": "hotkey",
                "_t": "15:12:54",
                "_end": "-",
                "data": {
                    "type": "cutting",
                    "time": 508.081161
                }
            },
            {
                "time": "2019-09-20T21:12:54.319Z",
                "type": "END",
                "source": "data:click:h_pos",
                "_t": "15:12:54",
                "_end": "-",
                "data": {
                    "lbl": {
                        "time": 508.081161,
                        "endTime": 515.5637988926808,
                        "type": "cutting",
                        "id": 5
                    }
                }
            },
            {
                "time": "2019-09-20T21:12:56.402Z",
                "type": "START",
                "source": "hotkey",
                "_t": "15:12:56",
                "_end": "-",
                "data": {
                    "type": "cutting",
                    "time": 531.881359
                }
            },
            {
                "time": "2019-09-20T21:12:56.540Z",
                "type": "END",
                "source": "data:click:h_pos",
                "_t": "15:12:56",
                "_end": "-",
                "data": {
                    "lbl": {
                        "time": 531.881359,
                        "endTime": 539.3639968926807,
                        "type": "cutting",
                        "id": 6
                    }
                }
            },
            {
                "time": "2019-09-20T21:12:58.370Z",
                "type": "START",
                "source": "hotkey",
                "_t": "15:12:58",
                "_end": "-",
                "data": {
                    "type": "cutting",
                    "time": 555.4111
                }
            },
            {
                "time": "2019-09-20T21:12:58.612Z",
                "type": "END",
                "source": "data:click:h_pos",
                "_t": "15:12:58",
                "_end": "-",
                "data": {
                    "lbl": {
                        "time": 555.4111,
                        "endTime": 567.942264663646,
                        "type": "cutting",
                        "id": 7
                    }
                }
            },
            {
                "time": "2019-09-20T21:13:01.916Z",
                "type": "START",
                "source": "hotkey",
                "_t": "15:13:01",
                "_end": "-",
                "data": {
                    "type": "measuring",
                    "time": 593.63566
                }
            },
            {
                "time": "2019-09-20T21:13:02.234Z",
                "type": "END",
                "source": "data:click:h_pos",
                "_t": "15:13:02",
                "_end": "-",
                "data": {
                    "lbl": {
                        "time": 593.63566,
                        "endTime": 605.3554542897409,
                        "type": "measuring",
                        "id": 8
                    }
                }
            },
            {
                "time": "2019-09-20T21:13:04.136Z",
                "type": "START",
                "source": "hotkey",
                "_t": "15:13:04",
                "_end": "-",
                "data": {
                    "type": "measuring",
                    "time": 612.838092
                }
            },
            {
                "time": "2019-09-20T21:13:04.407Z",
                "type": "END",
                "source": "data:click:h_pos",
                "_t": "15:13:04",
                "_end": "-",
                "data": {
                    "lbl": {
                        "time": 612.838092,
                        "endTime": 622.7548411968176,
                        "type": "measuring",
                        "id": 9
                    }
                }
            },
            {
                "time": "2019-09-20T21:13:06.208Z",
                "type": "START",
                "source": "hotkey",
                "_t": "15:13:06",
                "_end": "-",
                "data": {
                    "type": "cutting",
                    "time": 641.686817
                }
            },
            {
                "time": "2019-09-20T21:13:07.047Z",
                "type": "END",
                "source": "data:click:h_pos",
                "_t": "15:13:07",
                "_end": "-",
                "data": {
                    "lbl": {
                        "time": 641.686817,
                        "endTime": 649.6202162115169,
                        "type": "cutting",
                        "id": 10
                    }
                }
            },
            {
                "time": "2019-09-20T21:13:08.751Z",
                "type": "START",
                "source": "hotkey",
                "_t": "15:13:08",
                "_end": "-",
                "data": {
                    "type": "cutting",
                    "time": 655.119504
                }
            },
            {
                "time": "2019-09-20T21:13:08.940Z",
                "type": "END",
                "source": "data:click:h_pos",
                "_t": "15:13:08",
                "_end": "-",
                "data": {
                    "lbl": {
                        "time": 655.119504,
                        "endTime": 661.1597056724049,
                        "type": "cutting",
                        "id": 11
                    }
                }
            },
            {
                "time": "2019-09-20T21:13:11.494Z",
                "type": "START",
                "source": "hotkey",
                "_t": "15:13:11",
                "_end": "-",
                "data": {
                    "type": "cutting",
                    "time": 677.116656
                }
            },
            {
                "time": "2019-09-20T21:13:11.672Z",
                "type": "END",
                "source": "data:click:h_pos",
                "_t": "15:13:11",
                "_end": "-",
                "data": {
                    "lbl": {
                        "time": 677.116656,
                        "endTime": 684.5091416289135,
                        "type": "cutting",
                        "id": 12
                    }
                }
            },
            {
                "time": "2019-09-20T21:13:13.683Z",
                "type": "START",
                "source": "hotkey",
                "_t": "15:13:13",
                "_end": "-",
                "data": {
                    "type": "cutting",
                    "time": 703.711574
                }
            },
            {
                "time": "2019-09-20T21:13:13.889Z",
                "type": "END",
                "source": "data:click:h_pos",
                "_t": "15:13:13",
                "_end": "-",
                "data": {
                    "lbl": {
                        "time": 703.711574,
                        "endTime": 716.6934999824823,
                        "type": "cutting",
                        "id": 13
                    }
                }
            },
            {
                "time": "2019-09-20T21:13:16.769Z",
                "type": "START",
                "source": "hotkey",
                "_t": "15:13:16",
                "_end": "-",
                "data": {
                    "type": "cutting",
                    "time": 729.765578
                }
            },
            {
                "time": "2019-09-20T21:13:18.676Z",
                "type": "END",
                "source": "data:click:h_pos",
                "_t": "15:13:18",
                "_end": "-",
                "data": {
                    "lbl": {
                        "time": 729.765578,
                        "endTime": 740.7641544433702,
                        "type": "cutting",
                        "id": 14
                    }
                }
            },
            {
                "time": "2019-09-20T21:13:20.862Z",
                "type": "START",
                "source": "hotkey",
                "_t": "15:13:20",
                "_end": "-",
                "data": {
                    "type": "measuring",
                    "time": 768.981813
                }
            },
            {
                "time": "2019-09-20T21:13:21.082Z",
                "type": "END",
                "source": "data:click:h_pos",
                "_t": "15:13:21",
                "_end": "-",
                "data": {
                    "lbl": {
                        "time": 768.981813,
                        "endTime": 775.5629282550083,
                        "type": "measuring",
                        "id": 15
                    }
                }
            },
            {
                "time": "2019-09-20T21:13:22.951Z",
                "type": "START",
                "source": "hotkey",
                "_t": "15:13:22",
                "_end": "-",
                "data": {
                    "type": "measuring",
                    "time": 777.63643
                }
            },
            {
                "time": "2019-09-20T21:13:23.212Z",
                "type": "END",
                "source": "data:click:h_pos",
                "_t": "15:13:23",
                "_end": "-",
                "data": {
                    "lbl": {
                        "time": 777.63643,
                        "endTime": 785.9304382665858,
                        "type": "measuring",
                        "id": 16
                    }
                }
            },
            {
                "time": "2019-09-20T21:13:25.438Z",
                "type": "START",
                "source": "hotkey",
                "_t": "15:13:25",
                "_end": "-",
                "data": {
                    "type": "measuring",
                    "time": 790.257747
                }
            },
            {
                "time": "2019-09-20T21:13:25.672Z",
                "type": "END",
                "source": "data:click:h_pos",
                "_t": "15:13:25",
                "_end": "-",
                "data": {
                    "lbl": {
                        "time": 790.257747,
                        "endTime": 800.7154095970105,
                        "type": "measuring",
                        "id": 17
                    }
                }
            },
            {
                "time": "2019-09-20T21:13:28.064Z",
                "type": "START",
                "source": "hotkey",
                "_t": "15:13:28",
                "_end": "-",
                "data": {
                    "type": "measuring",
                    "time": 830.555809
                }
            },
            {
                "time": "2019-09-20T21:13:29.073Z",
                "type": "END",
                "source": "data:click:h_pos",
                "_t": "15:13:29",
                "_end": "-",
                "data": {
                    "lbl": {
                        "time": 830.555809,
                        "endTime": 836.3255538811031,
                        "type": "measuring",
                        "id": 18
                    }
                }
            },
            {
                "time": "2019-09-20T21:13:31.385Z",
                "type": "START",
                "source": "hotkey",
                "_t": "15:13:31",
                "_end": "-",
                "data": {
                    "type": "cutting",
                    "time": 877.434987
                }
            },
            {
                "time": "2019-09-20T21:13:31.727Z",
                "type": "END",
                "source": "data:click:h_pos",
                "_t": "15:13:31",
                "_end": "-",
                "data": {
                    "lbl": {
                        "time": 877.434987,
                        "endTime": 881.9426001883619,
                        "type": "cutting",
                        "id": 19
                    }
                }
            },
            {
                "time": "2019-09-20T21:13:34.276Z",
                "type": "START",
                "source": "hotkey",
                "_t": "15:13:34",
                "_end": "-",
                "data": {
                    "type": "cutting",
                    "time": 897.088181
                }
            },
            {
                "time": "2019-09-20T21:13:34.706Z",
                "type": "END",
                "source": "data:click:h_pos",
                "_t": "15:13:34",
                "_end": "-",
                "data": {
                    "lbl": {
                        "time": 897.088181,
                        "endTime": 899.1616830666421,
                        "type": "cutting",
                        "id": 20
                    }
                }
            },
            {
                "time": "2019-09-20T21:13:37.599Z",
                "type": "START",
                "source": "hotkey",
                "_t": "15:13:37",
                "_end": "-",
                "data": {
                    "type": "measuring",
                    "time": 909.979955
                }
            },
            {
                "time": "2019-09-20T21:13:37.938Z",
                "type": "END",
                "source": "data:click:h_pos",
                "_t": "15:13:37",
                "_end": "-",
                "data": {
                    "lbl": {
                        "time": 909.979955,
                        "endTime": 915.1186340347326,
                        "type": "measuring",
                        "id": 21
                    }
                }
            },
            {
                "time": "2019-09-20T21:13:40.526Z",
                "type": "START",
                "source": "hotkey",
                "_t": "15:13:40",
                "_end": "-",
                "data": {
                    "type": "measuring",
                    "time": 937.386243
                }
            },
            {
                "time": "2019-09-20T21:13:40.817Z",
                "type": "END",
                "source": "data:click:h_pos",
                "_t": "15:13:40",
                "_end": "-",
                "data": {
                    "lbl": {
                        "time": 937.386243,
                        "endTime": 955.5970002809437,
                        "type": "measuring",
                        "id": 22
                    }
                }
            },
            {
                "time": "2019-09-20T21:13:45.886Z",
                "type": "START",
                "source": "hotkey",
                "_t": "15:13:45",
                "_end": "-",
                "data": {
                    "type": "cutting",
                    "time": 984.986638
                }
            },
            {
                "time": "2019-09-20T21:13:46.064Z",
                "type": "END",
                "source": "data:click:h_pos",
                "_t": "15:13:46",
                "_end": "-",
                "data": {
                    "lbl": {
                        "time": 984.986638,
                        "endTime": 989.3139466608272,
                        "type": "cutting",
                        "id": 23
                    }
                }
            },
            {
                "time": "2019-09-20T21:13:47.552Z",
                "type": "START",
                "source": "hotkey",
                "_t": "15:13:47",
                "_end": "-",
                "data": {
                    "type": "cutting",
                    "time": 1000.492827
                }
            },
            {
                "time": "2019-09-20T21:13:47.950Z",
                "type": "END",
                "source": "data:click:h_pos",
                "_t": "15:13:47",
                "_end": "-",
                "data": {
                    "lbl": {
                        "time": 1000.492827,
                        "endTime": 1006.8034854637067,
                        "type": "cutting",
                        "id": 24
                    }
                }
            },
            {
                "time": "2019-09-20T21:13:49.649Z",
                "type": "START",
                "source": "hotkey",
                "_t": "15:13:49",
                "_end": "-",
                "data": {
                    "type": "cutting",
                    "time": 1008.155769
                }
            },
            {
                "time": "2019-09-20T21:13:49.944Z",
                "type": "END",
                "source": "data:click:h_pos",
                "_t": "15:13:49",
                "_end": "-",
                "data": {
                    "lbl": {
                        "time": 1008.155769,
                        "endTime": 1013.3846007187365,
                        "type": "cutting",
                        "id": 25
                    }
                }
            },
            {
                "time": "2019-09-20T21:13:51.710Z",
                "type": "START",
                "source": "hotkey",
                "_t": "15:13:51",
                "_end": "-",
                "data": {
                    "type": "cutting",
                    "time": 1016.089169
                }
            },
            {
                "time": "2019-09-20T21:13:51.921Z",
                "type": "END",
                "source": "data:click:h_pos",
                "_t": "15:13:51",
                "_end": "-",
                "data": {
                    "lbl": {
                        "time": 1016.089169,
                        "endTime": 1028.259724608577,
                        "type": "cutting",
                        "id": 26
                    }
                }
            },
            {
                "time": "2019-09-20T21:13:53.715Z",
                "type": "START",
                "source": "hotkey",
                "_t": "15:13:53",
                "_end": "-",
                "data": {
                    "type": "cutting",
                    "time": 1031.054445
                }
            },
            {
                "time": "2019-09-20T21:13:53.906Z",
                "type": "END",
                "source": "data:click:h_pos",
                "_t": "15:13:53",
                "_end": "-",
                "data": {
                    "lbl": {
                        "time": 1031.054445,
                        "endTime": 1039.3484532665857,
                        "type": "cutting",
                        "id": 27
                    }
                }
            },
            {
                "time": "2019-09-20T21:13:56.345Z",
                "type": "START",
                "source": "hotkey",
                "_t": "15:13:56",
                "_end": "-",
                "data": {
                    "type": "cutting",
                    "time": 1041.692412
                }
            },
            {
                "time": "2019-09-20T21:13:56.537Z",
                "type": "END",
                "source": "data:click:h_pos",
                "_t": "15:13:56",
                "_end": "-",
                "data": {
                    "lbl": {
                        "time": 1041.692412,
                        "endTime": 1054.3137289274398,
                        "type": "cutting",
                        "id": 28
                    }
                }
            },
            {
                "time": "2019-09-20T21:13:58.372Z",
                "type": "START",
                "source": "hotkey",
                "_t": "15:13:58",
                "_end": "-",
                "data": {
                    "type": "cutting",
                    "time": 1057.55921
                }
            },
            {
                "time": "2019-09-20T21:13:59.494Z",
                "type": "END",
                "source": "data:click:h_pos",
                "_t": "15:13:59",
                "_end": "-",
                "data": {
                    "lbl": {
                        "time": 1057.55921,
                        "endTime": 1066.2138273216547,
                        "type": "cutting",
                        "id": 29
                    }
                }
            },
            {
                "time": "2019-09-20T21:14:01.262Z",
                "type": "START",
                "source": "hotkey",
                "_t": "15:14:01",
                "_end": "-",
                "data": {
                    "type": "measuring",
                    "time": 1071.89342
                }
            },
            {
                "time": "2019-09-20T21:14:01.591Z",
                "type": "END",
                "source": "data:click:h_pos",
                "_t": "15:14:01",
                "_end": "-",
                "data": {
                    "lbl": {
                        "time": 1071.89342,
                        "endTime": 1083.3427574984635,
                        "type": "measuring",
                        "id": 30
                    }
                }
            },
            {
                "time": "2019-09-20T21:14:03.931Z",
                "type": "START",
                "source": "hotkey",
                "_t": "15:14:03",
                "_end": "-",
                "data": {
                    "type": "measuring",
                    "time": 1101.37321
                }
            },
            {
                "time": "2019-09-20T21:14:04.424Z",
                "type": "END",
                "source": "data:click:h_pos",
                "_t": "15:14:04",
                "_end": "-",
                "data": {
                    "lbl": {
                        "time": 1101.37321,
                        "endTime": 1117.5104652143355,
                        "type": "measuring",
                        "id": 31
                    }
                }
            },
            {
                "time": "2019-09-20T21:14:06.238Z",
                "type": "START",
                "source": "hotkey",
                "_t": "15:14:06",
                "_end": "-",
                "data": {
                    "type": "measuring",
                    "time": 1120.48549
                }
            },
            {
                "time": "2019-09-20T21:14:06.432Z",
                "type": "END",
                "source": "data:click:h_pos",
                "_t": "15:14:06",
                "_end": "-",
                "data": {
                    "lbl": {
                        "time": 1120.48549,
                        "endTime": 1136.8030497418358,
                        "type": "measuring",
                        "id": 32
                    }
                }
            }
        ],
        "navigationEvents": [
            {
                "time": {
                    "start": "2019-09-20T21:11:21.229Z",
                    "end": "2019-09-20T21:11:51.539Z"
                },
                "type": "SCRUB",
                "source": "data:drag",
                "_t": "15:11:21",
                "_end": "15:11:51",
                "data": {
                    "time": 0.09410411918698382
                }
            },
            {
                "time": "2019-09-20T21:11:57.364Z",
                "type": "CHANGE-PLAYBACK-RATE",
                "source": "video:menu",
                "_t": "15:11:57",
                "_end": "-",
                "data": {
                    "oldRate": 1,
                    "newRate": 1.5
                }
            },
            {
                "time": "2019-09-20T21:11:58.812Z",
                "type": "CHANGE-PLAYBACK-RATE",
                "source": "video:menu",
                "_t": "15:11:58",
                "_end": "-",
                "data": {
                    "oldRate": 1.5,
                    "newRate": 2
                }
            },
            {
                "time": {
                    "start": "2019-09-20T21:11:21.229Z",
                    "end": "2019-09-20T21:12:06.597Z"
                },
                "type": "SCRUB",
                "source": "data:drag",
                "_t": "15:11:21",
                "_end": "15:12:06",
                "data": {
                    "time": 0.0001
                }
            },
            {
                "time": {
                    "start": "2019-09-20T21:11:21.229Z",
                    "end": "2019-09-20T21:12:08.352Z"
                },
                "type": "SCRUB",
                "source": "data:drag",
                "_t": "15:11:21",
                "_end": "15:12:08",
                "data": {
                    "time": 6.673073141290548
                }
            },
            {
                "time": "2019-09-20T21:12:10.493Z",
                "type": "PAUSE",
                "source": "video:button",
                "_t": "15:12:10",
                "_end": "-"
            },
            {
                "time": {
                    "start": "2019-09-20T21:11:21.229Z",
                    "end": "2019-09-20T21:12:11.782Z"
                },
                "type": "SCRUB",
                "source": "data:drag",
                "_t": "15:11:21",
                "_end": "15:12:11",
                "data": {
                    "time": 47.58339579381278
                }
            },
            {
                "time": {
                    "start": "2019-09-20T21:11:21.229Z",
                    "end": "2019-09-20T21:12:13.819Z"
                },
                "type": "SCRUB",
                "source": "data:drag",
                "_t": "15:11:21",
                "_end": "15:12:13",
                "data": {
                    "time": 111.681656
                }
            },
            {
                "time": {
                    "start": "2019-09-20T21:11:21.229Z",
                    "end": "2019-09-20T21:12:15.547Z"
                },
                "type": "SCRUB",
                "source": "data:drag",
                "_t": "15:11:21",
                "_end": "15:12:15",
                "data": {
                    "time": 171.27230211013787
                }
            },
            {
                "time": {
                    "start": "2019-09-20T21:11:21.229Z",
                    "end": "2019-09-20T21:12:16.856Z"
                },
                "type": "SCRUB",
                "source": "data:drag",
                "_t": "15:11:21",
                "_end": "15:12:16",
                "data": {
                    "time": 197.14600170121747
                }
            },
            {
                "time": {
                    "start": "2019-09-20T21:11:21.229Z",
                    "end": "2019-09-20T21:12:21.350Z"
                },
                "type": "SCRUB",
                "source": "data:drag",
                "_t": "15:11:21",
                "_end": "15:12:21",
                "data": {
                    "time": 286.57704765709957
                }
            },
            {
                "time": {
                    "start": "2019-09-20T21:11:21.229Z",
                    "end": "2019-09-20T21:12:24.387Z"
                },
                "type": "SCRUB",
                "source": "data:drag",
                "_t": "15:11:21",
                "_end": "15:12:24",
                "data": {
                    "time": 326.784958
                }
            },
            {
                "time": {
                    "start": "2019-09-20T21:11:21.229Z",
                    "end": "2019-09-20T21:12:26.324Z"
                },
                "type": "SCRUB",
                "source": "data:drag",
                "_t": "15:11:21",
                "_end": "15:12:26",
                "data": {
                    "time": 326.784958
                }
            },
            {
                "time": {
                    "start": "2019-09-20T21:11:21.229Z",
                    "end": "2019-09-20T21:12:28.648Z"
                },
                "type": "SCRUB",
                "source": "data:drag",
                "_t": "15:11:21",
                "_end": "15:12:28",
                "data": {
                    "time": 351.396526
                }
            },
            {
                "time": {
                    "start": "2019-09-20T21:11:21.229Z",
                    "end": "2019-09-20T21:12:29.970Z"
                },
                "type": "SCRUB",
                "source": "data:drag",
                "_t": "15:11:21",
                "_end": "15:12:29",
                "data": {
                    "time": 351.396526
                }
            },
            {
                "time": {
                    "start": "2019-09-20T21:11:21.229Z",
                    "end": "2019-09-20T21:12:32.719Z"
                },
                "type": "SCRUB",
                "source": "data:drag",
                "_t": "15:11:21",
                "_end": "15:12:32",
                "data": {
                    "time": 395.1203739271101
                }
            },
            {
                "time": {
                    "start": "2019-09-20T21:11:21.229Z",
                    "end": "2019-09-20T21:12:33.412Z"
                },
                "type": "SCRUB",
                "source": "data:drag",
                "_t": "15:11:21",
                "_end": "15:12:33",
                "data": {
                    "time": 395.120374
                }
            },
            {
                "time": {
                    "start": "2019-09-20T21:11:21.229Z",
                    "end": "2019-09-20T21:12:35.135Z"
                },
                "type": "SCRUB",
                "source": "data:drag",
                "_t": "15:11:21",
                "_end": "15:12:35",
                "data": {
                    "time": 457.5057405269619
                }
            },
            {
                "time": {
                    "start": "2019-09-20T21:11:21.229Z",
                    "end": "2019-09-20T21:12:37.240Z"
                },
                "type": "SCRUB",
                "source": "data:drag",
                "_t": "15:11:21",
                "_end": "15:12:37",
                "data": {
                    "time": 495.1893872547051
                }
            },
            {
                "time": {
                    "start": "2019-09-20T21:11:21.229Z",
                    "end": "2019-09-20T21:12:42.213Z"
                },
                "type": "SCRUB",
                "source": "data:drag",
                "_t": "15:11:21",
                "_end": "15:12:42",
                "data": {
                    "time": 495.189387
                }
            },
            {
                "time": {
                    "start": "2019-09-20T21:11:21.229Z",
                    "end": "2019-09-20T21:12:44.876Z"
                },
                "type": "SCRUB",
                "source": "data:drag",
                "_t": "15:11:21",
                "_end": "15:12:44",
                "data": {
                    "time": 487.5264445594484
                }
            },
            {
                "time": {
                    "start": "2019-09-20T21:11:21.229Z",
                    "end": "2019-09-20T21:12:53.082Z"
                },
                "type": "SCRUB",
                "source": "data:drag",
                "_t": "15:11:21",
                "_end": "15:12:53",
                "data": {
                    "time": 508.081161
                }
            },
            {
                "time": {
                    "start": "2019-09-20T21:11:21.229Z",
                    "end": "2019-09-20T21:12:54.316Z"
                },
                "type": "SCRUB",
                "source": "data:drag",
                "_t": "15:11:21",
                "_end": "15:12:54",
                "data": {
                    "time": 508.081161
                }
            },
            {
                "time": {
                    "start": "2019-09-20T21:11:21.229Z",
                    "end": "2019-09-20T21:12:55.978Z"
                },
                "type": "SCRUB",
                "source": "data:drag",
                "_t": "15:11:21",
                "_end": "15:12:55",
                "data": {
                    "time": 531.881359
                }
            },
            {
                "time": {
                    "start": "2019-09-20T21:11:21.229Z",
                    "end": "2019-09-20T21:12:56.538Z"
                },
                "type": "SCRUB",
                "source": "data:drag",
                "_t": "15:11:21",
                "_end": "15:12:56",
                "data": {
                    "time": 531.881359
                }
            },
            {
                "time": {
                    "start": "2019-09-20T21:11:21.229Z",
                    "end": "2019-09-20T21:12:57.877Z"
                },
                "type": "SCRUB",
                "source": "data:drag",
                "_t": "15:11:21",
                "_end": "15:12:57",
                "data": {
                    "time": 555.4111
                }
            },
            {
                "time": {
                    "start": "2019-09-20T21:11:21.229Z",
                    "end": "2019-09-20T21:12:58.610Z"
                },
                "type": "SCRUB",
                "source": "data:drag",
                "_t": "15:11:21",
                "_end": "15:12:58",
                "data": {
                    "time": 555.4111
                }
            },
            {
                "time": {
                    "start": "2019-09-20T21:11:21.229Z",
                    "end": "2019-09-20T21:13:01.469Z"
                },
                "type": "SCRUB",
                "source": "data:drag",
                "_t": "15:11:21",
                "_end": "15:13:01",
                "data": {
                    "time": 593.6356595275346
                }
            },
            {
                "time": {
                    "start": "2019-09-20T21:11:21.229Z",
                    "end": "2019-09-20T21:13:02.230Z"
                },
                "type": "SCRUB",
                "source": "data:drag",
                "_t": "15:11:21",
                "_end": "15:13:02",
                "data": {
                    "time": 593.63566
                }
            },
            {
                "time": {
                    "start": "2019-09-20T21:11:21.229Z",
                    "end": "2019-09-20T21:13:03.663Z"
                },
                "type": "SCRUB",
                "source": "data:drag",
                "_t": "15:11:21",
                "_end": "15:13:03",
                "data": {
                    "time": 612.838092
                }
            },
            {
                "time": {
                    "start": "2019-09-20T21:11:21.229Z",
                    "end": "2019-09-20T21:13:04.404Z"
                },
                "type": "SCRUB",
                "source": "data:drag",
                "_t": "15:11:21",
                "_end": "15:13:04",
                "data": {
                    "time": 612.838092
                }
            },
            {
                "time": {
                    "start": "2019-09-20T21:11:21.229Z",
                    "end": "2019-09-20T21:13:05.773Z"
                },
                "type": "SCRUB",
                "source": "data:drag",
                "_t": "15:11:21",
                "_end": "15:13:05",
                "data": {
                    "time": 641.6868165879374
                }
            },
            {
                "time": {
                    "start": "2019-09-20T21:11:21.229Z",
                    "end": "2019-09-20T21:13:07.045Z"
                },
                "type": "SCRUB",
                "source": "data:drag",
                "_t": "15:11:21",
                "_end": "15:13:07",
                "data": {
                    "time": 641.686817
                }
            },
            {
                "time": {
                    "start": "2019-09-20T21:11:21.229Z",
                    "end": "2019-09-20T21:13:08.147Z"
                },
                "type": "SCRUB",
                "source": "data:drag",
                "_t": "15:11:21",
                "_end": "15:13:08",
                "data": {
                    "time": 655.119504
                }
            },
            {
                "time": {
                    "start": "2019-09-20T21:11:21.229Z",
                    "end": "2019-09-20T21:13:08.936Z"
                },
                "type": "SCRUB",
                "source": "data:drag",
                "_t": "15:11:21",
                "_end": "15:13:08",
                "data": {
                    "time": 655.119504
                }
            },
            {
                "time": {
                    "start": "2019-09-20T21:11:21.229Z",
                    "end": "2019-09-20T21:13:10.845Z"
                },
                "type": "SCRUB",
                "source": "data:drag",
                "_t": "15:11:21",
                "_end": "15:13:10",
                "data": {
                    "time": 677.116656
                }
            },
            {
                "time": {
                    "start": "2019-09-20T21:11:21.229Z",
                    "end": "2019-09-20T21:13:11.669Z"
                },
                "type": "SCRUB",
                "source": "data:drag",
                "_t": "15:11:21",
                "_end": "15:13:11",
                "data": {
                    "time": 677.116656
                }
            },
            {
                "time": {
                    "start": "2019-09-20T21:11:21.229Z",
                    "end": "2019-09-20T21:13:13.159Z"
                },
                "type": "SCRUB",
                "source": "data:drag",
                "_t": "15:11:21",
                "_end": "15:13:13",
                "data": {
                    "time": 703.711574
                }
            },
            {
                "time": {
                    "start": "2019-09-20T21:11:21.229Z",
                    "end": "2019-09-20T21:13:13.886Z"
                },
                "type": "SCRUB",
                "source": "data:drag",
                "_t": "15:11:21",
                "_end": "15:13:13",
                "data": {
                    "time": 703.711574
                }
            },
            {
                "time": {
                    "start": "2019-09-20T21:11:21.229Z",
                    "end": "2019-09-20T21:13:16.004Z"
                },
                "type": "SCRUB",
                "source": "data:drag",
                "_t": "15:11:21",
                "_end": "15:13:16",
                "data": {
                    "time": 729.7655782287318
                }
            },
            {
                "time": {
                    "start": "2019-09-20T21:11:21.229Z",
                    "end": "2019-09-20T21:13:17.117Z"
                },
                "type": "SCRUB",
                "source": "data:drag",
                "_t": "15:11:21",
                "_end": "15:13:17",
                "data": {
                    "time": 729.6754257362329
                }
            },
            {
                "time": {
                    "start": "2019-09-20T21:11:21.229Z",
                    "end": "2019-09-20T21:13:18.673Z"
                },
                "type": "SCRUB",
                "source": "data:drag",
                "_t": "15:11:21",
                "_end": "15:13:18",
                "data": {
                    "time": 729.675426
                }
            },
            {
                "time": {
                    "start": "2019-09-20T21:11:21.229Z",
                    "end": "2019-09-20T21:13:20.134Z"
                },
                "type": "SCRUB",
                "source": "data:drag",
                "_t": "15:11:21",
                "_end": "15:13:20",
                "data": {
                    "time": 768.981813
                }
            },
            {
                "time": {
                    "start": "2019-09-20T21:11:21.229Z",
                    "end": "2019-09-20T21:13:21.080Z"
                },
                "type": "SCRUB",
                "source": "data:drag",
                "_t": "15:11:21",
                "_end": "15:13:21",
                "data": {
                    "time": 768.981813
                }
            },
            {
                "time": {
                    "start": "2019-09-20T21:11:21.229Z",
                    "end": "2019-09-20T21:13:22.660Z"
                },
                "type": "SCRUB",
                "source": "data:drag",
                "_t": "15:11:21",
                "_end": "15:13:22",
                "data": {
                    "time": 777.63643
                }
            },
            {
                "time": {
                    "start": "2019-09-20T21:11:21.229Z",
                    "end": "2019-09-20T21:13:23.209Z"
                },
                "type": "SCRUB",
                "source": "data:drag",
                "_t": "15:11:21",
                "_end": "15:13:23",
                "data": {
                    "time": 777.63643
                }
            },
            {
                "time": {
                    "start": "2019-09-20T21:11:21.229Z",
                    "end": "2019-09-20T21:13:24.899Z"
                },
                "type": "SCRUB",
                "source": "data:drag",
                "_t": "15:11:21",
                "_end": "15:13:24",
                "data": {
                    "time": 790.257747
                }
            },
            {
                "time": {
                    "start": "2019-09-20T21:11:21.229Z",
                    "end": "2019-09-20T21:13:25.669Z"
                },
                "type": "SCRUB",
                "source": "data:drag",
                "_t": "15:11:21",
                "_end": "15:13:25",
                "data": {
                    "time": 790.257747
                }
            },
            {
                "time": {
                    "start": "2019-09-20T21:11:21.229Z",
                    "end": "2019-09-20T21:13:27.765Z"
                },
                "type": "SCRUB",
                "source": "data:drag",
                "_t": "15:11:21",
                "_end": "15:13:27",
                "data": {
                    "time": 830.555809
                }
            },
            {
                "time": {
                    "start": "2019-09-20T21:11:21.229Z",
                    "end": "2019-09-20T21:13:29.070Z"
                },
                "type": "SCRUB",
                "source": "data:drag",
                "_t": "15:11:21",
                "_end": "15:13:29",
                "data": {
                    "time": 830.555809
                }
            },
            {
                "time": {
                    "start": "2019-09-20T21:11:21.229Z",
                    "end": "2019-09-20T21:13:30.834Z"
                },
                "type": "SCRUB",
                "source": "data:drag",
                "_t": "15:11:21",
                "_end": "15:13:30",
                "data": {
                    "time": 877.434987
                }
            },
            {
                "time": {
                    "start": "2019-09-20T21:11:21.229Z",
                    "end": "2019-09-20T21:13:31.725Z"
                },
                "type": "SCRUB",
                "source": "data:drag",
                "_t": "15:11:21",
                "_end": "15:13:31",
                "data": {
                    "time": 877.434987
                }
            },
            {
                "time": {
                    "start": "2019-09-20T21:11:21.229Z",
                    "end": "2019-09-20T21:13:33.559Z"
                },
                "type": "SCRUB",
                "source": "data:drag",
                "_t": "15:11:21",
                "_end": "15:13:33",
                "data": {
                    "time": 897.088181
                }
            },
            {
                "time": {
                    "start": "2019-09-20T21:11:21.229Z",
                    "end": "2019-09-20T21:13:34.704Z"
                },
                "type": "SCRUB",
                "source": "data:drag",
                "_t": "15:11:21",
                "_end": "15:13:34",
                "data": {
                    "time": 897.088181
                }
            },
            {
                "time": {
                    "start": "2019-09-20T21:11:21.229Z",
                    "end": "2019-09-20T21:13:37.205Z"
                },
                "type": "SCRUB",
                "source": "data:drag",
                "_t": "15:11:21",
                "_end": "15:13:37",
                "data": {
                    "time": 909.979955
                }
            },
            {
                "time": {
                    "start": "2019-09-20T21:11:21.229Z",
                    "end": "2019-09-20T21:13:37.936Z"
                },
                "type": "SCRUB",
                "source": "data:drag",
                "_t": "15:11:21",
                "_end": "15:13:37",
                "data": {
                    "time": 909.979955
                }
            },
            {
                "time": {
                    "start": "2019-09-20T21:11:21.229Z",
                    "end": "2019-09-20T21:13:40.038Z"
                },
                "type": "SCRUB",
                "source": "data:drag",
                "_t": "15:11:21",
                "_end": "15:13:40",
                "data": {
                    "time": 937.386243
                }
            },
            {
                "time": {
                    "start": "2019-09-20T21:11:21.229Z",
                    "end": "2019-09-20T21:13:40.814Z"
                },
                "type": "SCRUB",
                "source": "data:drag",
                "_t": "15:11:21",
                "_end": "15:13:40",
                "data": {
                    "time": 937.386243
                }
            },
            {
                "time": {
                    "start": "2019-09-20T21:11:21.229Z",
                    "end": "2019-09-20T21:13:42.914Z"
                },
                "type": "SCRUB",
                "source": "data:drag",
                "_t": "15:11:21",
                "_end": "15:13:42",
                "data": {
                    "time": 968.4887739996643
                }
            },
            {
                "time": {
                    "start": "2019-09-20T21:11:21.229Z",
                    "end": "2019-09-20T21:13:45.379Z"
                },
                "type": "SCRUB",
                "source": "data:drag",
                "_t": "15:11:21",
                "_end": "15:13:45",
                "data": {
                    "time": 984.986638
                }
            },
            {
                "time": {
                    "start": "2019-09-20T21:11:21.229Z",
                    "end": "2019-09-20T21:13:46.060Z"
                },
                "type": "SCRUB",
                "source": "data:drag",
                "_t": "15:11:21",
                "_end": "15:13:46",
                "data": {
                    "time": 984.986638
                }
            },
            {
                "time": {
                    "start": "2019-09-20T21:11:21.229Z",
                    "end": "2019-09-20T21:13:47.405Z"
                },
                "type": "SCRUB",
                "source": "data:drag",
                "_t": "15:11:21",
                "_end": "15:13:47",
                "data": {
                    "time": 1000.492827
                }
            },
            {
                "time": {
                    "start": "2019-09-20T21:11:21.229Z",
                    "end": "2019-09-20T21:13:47.946Z"
                },
                "type": "SCRUB",
                "source": "data:drag",
                "_t": "15:11:21",
                "_end": "15:13:47",
                "data": {
                    "time": 1000.492827
                }
            },
            {
                "time": {
                    "start": "2019-09-20T21:11:21.229Z",
                    "end": "2019-09-20T21:13:49.324Z"
                },
                "type": "SCRUB",
                "source": "data:drag",
                "_t": "15:11:21",
                "_end": "15:13:49",
                "data": {
                    "time": 1008.1557694202477
                }
            },
            {
                "time": {
                    "start": "2019-09-20T21:11:21.229Z",
                    "end": "2019-09-20T21:13:49.942Z"
                },
                "type": "SCRUB",
                "source": "data:drag",
                "_t": "15:11:21",
                "_end": "15:13:49",
                "data": {
                    "time": 1008.155769
                }
            },
            {
                "time": {
                    "start": "2019-09-20T21:11:21.229Z",
                    "end": "2019-09-20T21:13:51.333Z"
                },
                "type": "SCRUB",
                "source": "data:drag",
                "_t": "15:11:21",
                "_end": "15:13:51",
                "data": {
                    "time": 1016.089169
                }
            },
            {
                "time": {
                    "start": "2019-09-20T21:11:21.229Z",
                    "end": "2019-09-20T21:13:51.917Z"
                },
                "type": "SCRUB",
                "source": "data:drag",
                "_t": "15:11:21",
                "_end": "15:13:51",
                "data": {
                    "time": 1016.089169
                }
            },
            {
                "time": {
                    "start": "2019-09-20T21:11:21.229Z",
                    "end": "2019-09-20T21:13:53.074Z"
                },
                "type": "SCRUB",
                "source": "data:drag",
                "_t": "15:11:21",
                "_end": "15:13:53",
                "data": {
                    "time": 1031.054445
                }
            },
            {
                "time": {
                    "start": "2019-09-20T21:11:21.229Z",
                    "end": "2019-09-20T21:13:53.905Z"
                },
                "type": "SCRUB",
                "source": "data:drag",
                "_t": "15:11:21",
                "_end": "15:13:53",
                "data": {
                    "time": 1031.054445
                }
            },
            {
                "time": {
                    "start": "2019-09-20T21:11:21.229Z",
                    "end": "2019-09-20T21:13:55.412Z"
                },
                "type": "SCRUB",
                "source": "data:drag",
                "_t": "15:11:21",
                "_end": "15:13:55",
                "data": {
                    "time": 1041.692412
                }
            },
            {
                "time": {
                    "start": "2019-09-20T21:11:21.229Z",
                    "end": "2019-09-20T21:13:56.533Z"
                },
                "type": "SCRUB",
                "source": "data:drag",
                "_t": "15:11:21",
                "_end": "15:13:56",
                "data": {
                    "time": 1041.692412
                }
            },
            {
                "time": {
                    "start": "2019-09-20T21:11:21.229Z",
                    "end": "2019-09-20T21:13:57.901Z"
                },
                "type": "SCRUB",
                "source": "data:drag",
                "_t": "15:11:21",
                "_end": "15:13:57",
                "data": {
                    "time": 1057.5592104231766
                }
            },
            {
                "time": {
                    "start": "2019-09-20T21:11:21.229Z",
                    "end": "2019-09-20T21:13:59.491Z"
                },
                "type": "SCRUB",
                "source": "data:drag",
                "_t": "15:11:21",
                "_end": "15:13:59",
                "data": {
                    "time": 1057.55921
                }
            },
            {
                "time": {
                    "start": "2019-09-20T21:11:21.229Z",
                    "end": "2019-09-20T21:14:00.948Z"
                },
                "type": "SCRUB",
                "source": "data:drag",
                "_t": "15:11:21",
                "_end": "15:14:00",
                "data": {
                    "time": 1071.89342
                }
            },
            {
                "time": {
                    "start": "2019-09-20T21:11:21.229Z",
                    "end": "2019-09-20T21:14:01.588Z"
                },
                "type": "SCRUB",
                "source": "data:drag",
                "_t": "15:11:21",
                "_end": "15:14:01",
                "data": {
                    "time": 1071.89342
                }
            },
            {
                "time": {
                    "start": "2019-09-20T21:11:21.229Z",
                    "end": "2019-09-20T21:14:03.853Z"
                },
                "type": "SCRUB",
                "source": "data:drag",
                "_t": "15:11:21",
                "_end": "15:14:03",
                "data": {
                    "time": 1101.3732102519896
                }
            },
            {
                "time": {
                    "start": "2019-09-20T21:11:21.229Z",
                    "end": "2019-09-20T21:14:04.421Z"
                },
                "type": "SCRUB",
                "source": "data:drag",
                "_t": "15:11:21",
                "_end": "15:14:04",
                "data": {
                    "time": 1101.37321
                }
            },
            {
                "time": {
                    "start": "2019-09-20T21:11:21.229Z",
                    "end": "2019-09-20T21:14:05.743Z"
                },
                "type": "SCRUB",
                "source": "data:drag",
                "_t": "15:11:21",
                "_end": "15:14:05",
                "data": {
                    "time": 1120.48549
                }
            },
            {
                "time": {
                    "start": "2019-09-20T21:11:21.229Z",
                    "end": "2019-09-20T21:14:06.429Z"
                },
                "type": "SCRUB",
                "source": "data:drag",
                "_t": "15:11:21",
                "_end": "15:14:06",
                "data": {
                    "time": 1120.48549
                }
            },
            {
                "time": {
                    "start": "2019-09-20T21:11:21.229Z",
                    "end": "2019-09-20T21:14:09.229Z"
                },
                "type": "SCRUB",
                "source": "data:drag",
                "_t": "15:11:21",
                "_end": "15:14:09",
                "data": {
                    "time": 1143.20386
                }
            }
        ]
    }
}