{
    "user_id": "4040",
    "session_id": "5a0fe4e35efd4d725417b963",
    "study": "gold",
    "workspace": "cane.cane-vid1-dat2",
    "details": {
        "workspace": "cane.cane-vid1-dat2",
        "labels": [
            {
                "time": 28.411955,
                "endTime": 29.887821665190145,
                "type": "ground",
                "id": 1
            },
            {
                "time": 30.515202,
                "endTime": 31.725626887598864,
                "type": "ground",
                "id": 2
            },
            {
                "time": 32.281677,
                "endTime": 33.39038503868753,
                "type": "ground",
                "id": 3
            },
            {
                "time": 33.951954608245146,
                "endTime": 35.34342721187799,
                "type": "ground",
                "id": 4
            },
            {
                "time": 35.81479899997905,
                "endTime": 39.260547174128284,
                "type": "ground",
                "id": 5
            },
            {
                "time": 39.814254,
                "endTime": 40.81257399668842,
                "type": "ground",
                "id": 6
            },
            {
                "time": 41.360106,
                "endTime": 42.38724387287871,
                "type": "ground",
                "id": 7
            },
            {
                "time": 42.95124319332564,
                "endTime": 43.700497608251766,
                "type": "ground",
                "id": 8
            },
            {
                "time": 64.639707,
                "endTime": 66.0298309122899,
                "type": "ground",
                "id": 9
            },
            {
                "time": 66.629958,
                "endTime": 67.68441777603508,
                "type": "ground",
                "id": 10
            },
            {
                "time": 68.240467,
                "endTime": 69.25763077109619,
                "type": "ground",
                "id": 11
            },
            {
                "time": 69.7526512190172,
                "endTime": 70.8376259999965,
                "type": "ground",
                "id": 12
            },
            {
                "time": 71.390285,
                "endTime": 72.56341379085595,
                "type": "ground",
                "id": 13
            },
            {
                "time": 73.068605,
                "endTime": 74.37057475749168,
                "type": "ground",
                "id": 14
            },
            {
                "time": 75.048684,
                "endTime": 75.94717884024517,
                "type": "ground",
                "id": 15
            },
            {
                "time": 76.4421975368648,
                "endTime": 77.37459790819439,
                "type": "ground",
                "id": 16
            },
            {
                "time": 77.866227,
                "endTime": 78.74776899917086,
                "type": "ground",
                "id": 17
            },
            {
                "time": 79.326548,
                "endTime": 80.364055046513,
                "type": "ground",
                "id": 18
            },
            {
                "time": 80.90993399999999,
                "endTime": 88.80651525561534,
                "type": "ground",
                "id": 19
            },
            {
                "time": 89.393079,
                "endTime": 90.74929745325723,
                "type": "ground",
                "id": 20
            },
            {
                "time": 91.203631,
                "endTime": 92.26487141373816,
                "type": "ground",
                "id": 21
            },
            {
                "time": 92.81414,
                "endTime": 93.8177414375983,
                "type": "ground",
                "id": 22
            },
            {
                "time": 94.275465,
                "endTime": 95.36043941868637,
                "type": "ground",
                "id": 23
            },
            {
                "time": 95.84867799998881,
                "endTime": 96.97772981471505,
                "type": "ground",
                "id": 24
            },
            {
                "time": 97.547342,
                "endTime": 98.4458362103627,
                "type": "ground",
                "id": 25
            }
        ],
        "_starts": [
            "2017-11-18T09:02:37.000Z"
        ],
        "_ends": [
            "2017-11-18T09:11:40.300Z"
        ]
    },
    "labels_file": "/home/ubuntu/vat/data/user-studies/gold/practice-second/4040.labels.json",
    "videoFlash": 1.922515,
    "surveys": {
        "user-info": {
            "firstname": "Broderick",
            "lastname": "Gardner"
        }
    },
    "logs": {
        "labelEvents": [
            {
                "time": "2017-11-18T09:03:20.340Z",
                "type": "START",
                "source": "hotkey",
                "_t": "02:03:20",
                "_end": "-",
                "data": {
                    "type": "ground",
                    "time": 28.411955
                }
            },
            {
                "time": "2017-11-18T09:03:21.236Z",
                "type": "END",
                "source": "data:click:h_pos",
                "_t": "02:03:21",
                "_end": "-",
                "data": {
                    "lbl": {
                        "time": 28.411955,
                        "endTime": 29.887821665190145,
                        "type": "ground",
                        "id": 1
                    }
                }
            },
            {
                "time": "2017-11-18T09:03:38.809Z",
                "type": "START",
                "source": "hotkey",
                "_t": "02:03:38",
                "_end": "-",
                "data": {
                    "type": "ground",
                    "time": 30.515202
                }
            },
            {
                "time": "2017-11-18T09:03:40.987Z",
                "type": "END",
                "source": "data:click:h_pos",
                "_t": "02:03:40",
                "_end": "-",
                "data": {
                    "lbl": {
                        "time": 30.515202,
                        "endTime": 31.725626887598864,
                        "type": "ground",
                        "id": 2
                    }
                }
            },
            {
                "time": "2017-11-18T09:03:48.022Z",
                "type": "START",
                "source": "hotkey",
                "_t": "02:03:48",
                "_end": "-",
                "data": {
                    "type": "ground",
                    "time": 32.281677
                }
            },
            {
                "time": "2017-11-18T09:03:50.113Z",
                "type": "END",
                "source": "data:click:h_pos",
                "_t": "02:03:50",
                "_end": "-",
                "data": {
                    "lbl": {
                        "time": 32.281677,
                        "endTime": 33.39038503868753,
                        "type": "ground",
                        "id": 3
                    }
                }
            },
            {
                "time": "2017-11-18T09:04:15.976Z",
                "type": "START",
                "source": "hotkey",
                "_t": "02:04:15",
                "_end": "-",
                "data": {
                    "type": "ground",
                    "time": 33.951955
                }
            },
            {
                "time": "2017-11-18T09:04:17.172Z",
                "type": "END",
                "source": "data:click:h_pos",
                "_t": "02:04:17",
                "_end": "-",
                "data": {
                    "lbl": {
                        "time": 33.951954608245146,
                        "endTime": 35.34342721187799,
                        "type": "ground",
                        "id": 4
                    }
                }
            },
            {
                "time": "2017-11-18T09:04:23.373Z",
                "type": "SELECT",
                "source": "data:click",
                "_t": "02:04:23",
                "_end": "-",
                "data": {
                    "time": 33.951954608245146,
                    "endTime": 35.34342721187799,
                    "type": "ground",
                    "id": 4
                }
            },
            {
                "time": {
                    "start": "2017-11-18T09:04:24.453Z",
                    "end": "2017-11-18T09:04:25.547Z"
                },
                "type": "RESIZE",
                "source": "data:brush",
                "_t": "02:04:24",
                "_end": "02:04:25",
                "data": {
                    "brushing": true,
                    "origin": [
                        33.951955,
                        35.30020137696365
                    ],
                    "start": "2017-11-18T09:04:24.453Z",
                    "ε": 0.1,
                    "mode": "resize"
                }
            },
            {
                "time": "2017-11-18T09:04:28.055Z",
                "type": "START",
                "source": "hotkey",
                "_t": "02:04:28",
                "_end": "-",
                "data": {
                    "type": "ground",
                    "time": 35.814799
                }
            },
            {
                "time": "2017-11-18T09:04:31.288Z",
                "type": "END",
                "source": "data:click:h_pos",
                "_t": "02:04:31",
                "_end": "-",
                "data": {
                    "lbl": {
                        "time": 35.81479899997905,
                        "endTime": 39.260547174128284,
                        "type": "ground",
                        "id": 5
                    }
                }
            },
            {
                "time": "2017-11-18T09:04:42.133Z",
                "type": "SELECT",
                "source": "data:click",
                "_t": "02:04:42",
                "_end": "-",
                "data": {
                    "time": 35.81479899997905,
                    "endTime": 39.260547174128284,
                    "type": "ground",
                    "id": 5
                }
            },
            {
                "time": {
                    "start": "2017-11-18T09:04:43.411Z",
                    "end": "2017-11-18T09:04:45.600Z"
                },
                "type": "RESIZE",
                "source": "data:brush",
                "_t": "02:04:43",
                "_end": "02:04:45",
                "data": {
                    "brushing": true,
                    "origin": [
                        35.814799,
                        38.01522016795306
                    ],
                    "_brushside": 1,
                    "start": "2017-11-18T09:04:43.411Z",
                    "ε": 0.1,
                    "mode": "resize"
                }
            },
            {
                "time": "2017-11-18T09:05:06.177Z",
                "type": "START",
                "source": "hotkey",
                "_t": "02:05:06",
                "_end": "-",
                "data": {
                    "type": "ground",
                    "time": 39.814254
                }
            },
            {
                "time": "2017-11-18T09:05:08.812Z",
                "type": "END",
                "source": "data:click:h_pos",
                "_t": "02:05:08",
                "_end": "-",
                "data": {
                    "lbl": {
                        "time": 39.814254,
                        "endTime": 40.81257399668842,
                        "type": "ground",
                        "id": 6
                    }
                }
            },
            {
                "time": "2017-11-18T09:05:25.342Z",
                "type": "START",
                "source": "hotkey",
                "_t": "02:05:25",
                "_end": "-",
                "data": {
                    "type": "ground",
                    "time": 41.360106
                }
            },
            {
                "time": "2017-11-18T09:05:27.048Z",
                "type": "END",
                "source": "data:click:h_pos",
                "_t": "02:05:27",
                "_end": "-",
                "data": {
                    "lbl": {
                        "time": 41.360106,
                        "endTime": 42.38724387287871,
                        "type": "ground",
                        "id": 7
                    }
                }
            },
            {
                "time": "2017-11-18T09:05:35.948Z",
                "type": "START",
                "source": "hotkey",
                "_t": "02:05:35",
                "_end": "-",
                "data": {
                    "type": "ground",
                    "time": 42.951243
                }
            },
            {
                "time": "2017-11-18T09:05:38.509Z",
                "type": "END",
                "source": "data:click:h_pos",
                "_t": "02:05:38",
                "_end": "-",
                "data": {
                    "lbl": {
                        "time": 42.95124319332564,
                        "endTime": 43.700497608251766,
                        "type": "ground",
                        "id": 8
                    }
                }
            },
            {
                "time": "2017-11-18T09:05:49.689Z",
                "type": "SELECT",
                "source": "data:click",
                "_t": "02:05:49",
                "_end": "-",
                "data": {
                    "time": 42.95124319332564,
                    "endTime": 43.700497608251766,
                    "type": "ground",
                    "id": 8
                }
            },
            {
                "time": {
                    "start": "2017-11-18T09:05:50.819Z",
                    "end": "2017-11-18T09:05:51.866Z"
                },
                "type": "RESIZE",
                "source": "data:brush",
                "_t": "02:05:50",
                "_end": "02:05:51",
                "data": {
                    "brushing": true,
                    "origin": [
                        42.951243,
                        44.24185444405688
                    ],
                    "_brushside": 1,
                    "start": "2017-11-18T09:05:50.819Z",
                    "ε": 0.1,
                    "mode": "resize"
                }
            },
            {
                "time": "2017-11-18T09:06:25.189Z",
                "type": "START",
                "source": "hotkey",
                "_t": "02:06:25",
                "_end": "-",
                "data": {
                    "type": "ground",
                    "time": 64.639707
                }
            },
            {
                "time": "2017-11-18T09:06:27.256Z",
                "type": "END",
                "source": "data:click:h_pos",
                "_t": "02:06:27",
                "_end": "-",
                "data": {
                    "lbl": {
                        "time": 64.639707,
                        "endTime": 66.0298309122899,
                        "type": "ground",
                        "id": 9
                    }
                }
            },
            {
                "time": "2017-11-18T09:06:42.608Z",
                "type": "START",
                "source": "hotkey",
                "_t": "02:06:42",
                "_end": "-",
                "data": {
                    "type": "ground",
                    "time": 66.629958
                }
            },
            {
                "time": "2017-11-18T09:06:44.330Z",
                "type": "END",
                "source": "data:click:h_pos",
                "_t": "02:06:44",
                "_end": "-",
                "data": {
                    "lbl": {
                        "time": 66.629958,
                        "endTime": 67.68441777603508,
                        "type": "ground",
                        "id": 10
                    }
                }
            },
            {
                "time": "2017-11-18T09:07:25.047Z",
                "type": "START",
                "source": "hotkey",
                "_t": "02:07:25",
                "_end": "-",
                "data": {
                    "type": "ground",
                    "time": 68.240467
                }
            },
            {
                "time": "2017-11-18T09:07:26.177Z",
                "type": "END",
                "source": "data:click:h_pos",
                "_t": "02:07:26",
                "_end": "-",
                "data": {
                    "lbl": {
                        "time": 68.240467,
                        "endTime": 69.25763077109619,
                        "type": "ground",
                        "id": 11
                    }
                }
            },
            {
                "time": "2017-11-18T09:07:35.111Z",
                "type": "START",
                "source": "hotkey",
                "_t": "02:07:35",
                "_end": "-",
                "data": {
                    "type": "ground",
                    "time": 69.752651
                }
            },
            {
                "time": "2017-11-18T09:07:36.648Z",
                "type": "END",
                "source": "data:click:h_pos",
                "_t": "02:07:36",
                "_end": "-",
                "data": {
                    "lbl": {
                        "time": 69.7526512190172,
                        "endTime": 70.8376259999965,
                        "type": "ground",
                        "id": 12
                    }
                }
            },
            {
                "time": "2017-11-18T09:07:42.676Z",
                "type": "SELECT",
                "source": "data:click",
                "_t": "02:07:42",
                "_end": "-",
                "data": {
                    "time": 69.7526512190172,
                    "endTime": 70.8376259999965,
                    "type": "ground",
                    "id": 12
                }
            },
            {
                "time": {
                    "start": "2017-11-18T09:07:45.141Z",
                    "end": "2017-11-18T09:07:46.107Z"
                },
                "type": "RESIZE",
                "source": "data:brush",
                "_t": "02:07:45",
                "_end": "02:07:46",
                "data": {
                    "brushing": true,
                    "origin": [
                        69.752651,
                        70.87492178591532
                    ],
                    "start": "2017-11-18T09:07:45.141Z",
                    "ε": 0.1,
                    "mode": "resize"
                }
            },
            {
                "time": "2017-11-18T09:07:54.432Z",
                "type": "START",
                "source": "hotkey",
                "_t": "02:07:54",
                "_end": "-",
                "data": {
                    "type": "ground",
                    "time": 71.390285
                }
            },
            {
                "time": "2017-11-18T09:08:05.644Z",
                "type": "END",
                "source": "data:click:h_pos",
                "_t": "02:08:05",
                "_end": "-",
                "data": {
                    "lbl": {
                        "time": 71.390285,
                        "endTime": 72.56341379085595,
                        "type": "ground",
                        "id": 13
                    }
                }
            },
            {
                "time": "2017-11-18T09:08:25.937Z",
                "type": "START",
                "source": "hotkey",
                "_t": "02:08:25",
                "_end": "-",
                "data": {
                    "type": "ground",
                    "time": 73.068605
                }
            },
            {
                "time": "2017-11-18T09:08:28.295Z",
                "type": "END",
                "source": "data:click:h_pos",
                "_t": "02:08:28",
                "_end": "-",
                "data": {
                    "lbl": {
                        "time": 73.068605,
                        "endTime": 74.37057475749168,
                        "type": "ground",
                        "id": 14
                    }
                }
            },
            {
                "time": "2017-11-18T09:08:37.076Z",
                "type": "START",
                "source": "hotkey",
                "_t": "02:08:37",
                "_end": "-",
                "data": {
                    "type": "ground",
                    "time": 75.048684
                }
            },
            {
                "time": "2017-11-18T09:08:39.015Z",
                "type": "END",
                "source": "data:click:h_pos",
                "_t": "02:08:39",
                "_end": "-",
                "data": {
                    "lbl": {
                        "time": 75.048684,
                        "endTime": 75.94717884024517,
                        "type": "ground",
                        "id": 15
                    }
                }
            },
            {
                "time": "2017-11-18T09:08:49.939Z",
                "type": "START",
                "source": "hotkey",
                "_t": "02:08:49",
                "_end": "-",
                "data": {
                    "type": "ground",
                    "time": 76.442198
                }
            },
            {
                "time": "2017-11-18T09:08:59.808Z",
                "type": "END",
                "source": "data:click:h_pos",
                "_t": "02:08:59",
                "_end": "-",
                "data": {
                    "lbl": {
                        "time": 76.4421975368648,
                        "endTime": 77.37459790819439,
                        "type": "ground",
                        "id": 16
                    }
                }
            },
            {
                "time": "2017-11-18T09:09:04.953Z",
                "type": "SELECT",
                "source": "data:click",
                "_t": "02:09:04",
                "_end": "-",
                "data": {
                    "time": 76.4421975368648,
                    "endTime": 77.37459790819439,
                    "type": "ground",
                    "id": 16
                }
            },
            {
                "time": {
                    "start": "2017-11-18T09:09:08.216Z",
                    "end": "2017-11-18T09:09:09.404Z"
                },
                "type": "RESIZE",
                "source": "data:brush",
                "_t": "02:09:08",
                "_end": "02:09:09",
                "data": {
                    "brushing": true,
                    "origin": [
                        76.442198,
                        77.39833219265859
                    ],
                    "start": "2017-11-18T09:09:08.216Z",
                    "ε": 0.1,
                    "mode": "resize"
                }
            },
            {
                "time": "2017-11-18T09:09:19.731Z",
                "type": "START",
                "source": "hotkey",
                "_t": "02:09:19",
                "_end": "-",
                "data": {
                    "type": "ground",
                    "time": 77.866227
                }
            },
            {
                "time": "2017-11-18T09:09:20.954Z",
                "type": "END",
                "source": "data:click:h_pos",
                "_t": "02:09:20",
                "_end": "-",
                "data": {
                    "lbl": {
                        "time": 77.866227,
                        "endTime": 78.74776899917086,
                        "type": "ground",
                        "id": 17
                    }
                }
            },
            {
                "time": "2017-11-18T09:09:39.550Z",
                "type": "START",
                "source": "hotkey",
                "_t": "02:09:39",
                "_end": "-",
                "data": {
                    "type": "ground",
                    "time": 79.326548
                }
            },
            {
                "time": "2017-11-18T09:09:42.312Z",
                "type": "END",
                "source": "data:click:h_pos",
                "_t": "02:09:42",
                "_end": "-",
                "data": {
                    "lbl": {
                        "time": 79.326548,
                        "endTime": 80.364055046513,
                        "type": "ground",
                        "id": 18
                    }
                }
            },
            {
                "time": "2017-11-18T09:09:53.539Z",
                "type": "START",
                "source": "hotkey",
                "_t": "02:09:53",
                "_end": "-",
                "data": {
                    "type": "ground",
                    "time": 80.909934
                }
            },
            {
                "time": "2017-11-18T09:09:56.890Z",
                "type": "END",
                "source": "data:click:h_pos",
                "_t": "02:09:56",
                "_end": "-",
                "data": {
                    "lbl": {
                        "time": 80.90993399999999,
                        "endTime": 88.80651525561534,
                        "type": "ground",
                        "id": 19
                    }
                }
            },
            {
                "time": "2017-11-18T09:10:03.855Z",
                "type": "SELECT",
                "source": "data:click",
                "_t": "02:10:03",
                "_end": "-",
                "data": {
                    "time": 80.90993399999999,
                    "endTime": 88.80651525561534,
                    "type": "ground",
                    "id": 19
                }
            },
            {
                "time": {
                    "start": "2017-11-18T09:10:05.372Z",
                    "end": "2017-11-18T09:10:06.408Z"
                },
                "type": "RESIZE",
                "source": "data:brush",
                "_t": "02:10:05",
                "_end": "02:10:06",
                "data": {
                    "brushing": true,
                    "origin": [
                        80.909934,
                        84.02584553147874
                    ],
                    "_brushside": 1,
                    "start": "2017-11-18T09:10:05.372Z",
                    "ε": 0.1,
                    "mode": "resize"
                }
            },
            {
                "time": {
                    "start": "2017-11-18T09:10:18.091Z",
                    "end": "2017-11-18T09:10:19.098Z"
                },
                "type": "RESIZE",
                "source": "data:brush",
                "_t": "02:10:18",
                "_end": "02:10:19",
                "data": {
                    "brushing": true,
                    "origin": [
                        80.90993399999999,
                        87.51132672043067
                    ],
                    "_brushside": 1,
                    "start": "2017-11-18T09:10:18.091Z",
                    "ε": 0.1,
                    "mode": "resize"
                }
            },
            {
                "time": "2017-11-18T09:10:25.912Z",
                "type": "START",
                "source": "hotkey",
                "_t": "02:10:25",
                "_end": "-",
                "data": {
                    "type": "ground",
                    "time": 89.393079
                }
            },
            {
                "time": "2017-11-18T09:10:27.584Z",
                "type": "END",
                "source": "data:click:h_pos",
                "_t": "02:10:27",
                "_end": "-",
                "data": {
                    "lbl": {
                        "time": 89.393079,
                        "endTime": 90.74929745325723,
                        "type": "ground",
                        "id": 20
                    }
                }
            },
            {
                "time": "2017-11-18T09:10:41.997Z",
                "type": "START",
                "source": "hotkey",
                "_t": "02:10:41",
                "_end": "-",
                "data": {
                    "type": "ground",
                    "time": 91.203631
                }
            },
            {
                "time": "2017-11-18T09:10:44.606Z",
                "type": "END",
                "source": "data:click:h_pos",
                "_t": "02:10:44",
                "_end": "-",
                "data": {
                    "lbl": {
                        "time": 91.203631,
                        "endTime": 92.26487141373816,
                        "type": "ground",
                        "id": 21
                    }
                }
            },
            {
                "time": "2017-11-18T09:10:53.231Z",
                "type": "START",
                "source": "hotkey",
                "_t": "02:10:53",
                "_end": "-",
                "data": {
                    "type": "ground",
                    "time": 92.81414
                }
            },
            {
                "time": "2017-11-18T09:10:55.140Z",
                "type": "END",
                "source": "data:click:h_pos",
                "_t": "02:10:55",
                "_end": "-",
                "data": {
                    "lbl": {
                        "time": 92.81414,
                        "endTime": 93.8177414375983,
                        "type": "ground",
                        "id": 22
                    }
                }
            },
            {
                "time": "2017-11-18T09:11:02.065Z",
                "type": "START",
                "source": "hotkey",
                "_t": "02:11:02",
                "_end": "-",
                "data": {
                    "type": "ground",
                    "time": 94.275465
                }
            },
            {
                "time": "2017-11-18T09:11:04.655Z",
                "type": "END",
                "source": "data:click:h_pos",
                "_t": "02:11:04",
                "_end": "-",
                "data": {
                    "lbl": {
                        "time": 94.275465,
                        "endTime": 95.36043941868637,
                        "type": "ground",
                        "id": 23
                    }
                }
            },
            {
                "time": "2017-11-18T09:11:11.569Z",
                "type": "START",
                "source": "hotkey",
                "_t": "02:11:11",
                "_end": "-",
                "data": {
                    "type": "ground",
                    "time": 95.848678
                }
            },
            {
                "time": "2017-11-18T09:11:13.558Z",
                "type": "END",
                "source": "data:click:h_pos",
                "_t": "02:11:13",
                "_end": "-",
                "data": {
                    "lbl": {
                        "time": 95.84867799998881,
                        "endTime": 96.97772981471505,
                        "type": "ground",
                        "id": 24
                    }
                }
            },
            {
                "time": "2017-11-18T09:11:20.578Z",
                "type": "SELECT",
                "source": "data:click",
                "_t": "02:11:20",
                "_end": "-",
                "data": {
                    "time": 95.84867799998881,
                    "endTime": 96.97772981471505,
                    "type": "ground",
                    "id": 24
                }
            },
            {
                "time": {
                    "start": "2017-11-18T09:11:21.672Z",
                    "end": "2017-11-18T09:11:22.806Z"
                },
                "type": "RESIZE",
                "source": "data:brush",
                "_t": "02:11:21",
                "_end": "02:11:22",
                "data": {
                    "brushing": true,
                    "origin": [
                        95.848678,
                        96.94382435568168
                    ],
                    "start": "2017-11-18T09:11:21.672Z",
                    "ε": 0.1,
                    "mode": "resize"
                }
            },
            {
                "time": "2017-11-18T09:11:25.849Z",
                "type": "START",
                "source": "hotkey",
                "_t": "02:11:25",
                "_end": "-",
                "data": {
                    "type": "ground",
                    "time": 97.547342
                }
            },
            {
                "time": "2017-11-18T09:11:28.829Z",
                "type": "END",
                "source": "data:click:h_pos",
                "_t": "02:11:28",
                "_end": "-",
                "data": {
                    "lbl": {
                        "time": 97.547342,
                        "endTime": 98.4458362103627,
                        "type": "ground",
                        "id": 25
                    }
                }
            }
        ],
        "navigationEvents": [
            {
                "time": {
                    "start": "2017-11-18T09:02:37.229Z",
                    "end": "2017-11-18T09:02:46.466Z"
                },
                "type": "SCRUB",
                "source": "data:drag",
                "_t": "02:02:37",
                "_end": "02:02:46",
                "data": {
                    "time": 6.1770403481052885
                }
            },
            {
                "time": {
                    "start": "2017-11-18T09:02:37.229Z",
                    "end": "2017-11-18T09:02:50.255Z"
                },
                "type": "SCRUB",
                "source": "data:drag",
                "_t": "02:02:37",
                "_end": "02:02:50",
                "data": {
                    "time": 26.590278
                }
            },
            {
                "time": {
                    "start": "2017-11-18T09:02:37.229Z",
                    "end": "2017-11-18T09:02:57.810Z"
                },
                "type": "SCRUB",
                "source": "data:drag",
                "_t": "02:02:37",
                "_end": "02:02:57",
                "data": {
                    "time": 27.10899271993186
                }
            },
            {
                "time": {
                    "start": "2017-11-18T09:02:37.229Z",
                    "end": "2017-11-18T09:03:03.149Z"
                },
                "type": "SCRUB",
                "source": "data:drag",
                "_t": "02:02:37",
                "_end": "02:03:03",
                "data": {
                    "time": 28.029094
                }
            },
            {
                "time": {
                    "start": "2017-11-18T09:02:37.229Z",
                    "end": "2017-11-18T09:03:11.136Z"
                },
                "type": "SCRUB",
                "source": "data:drag",
                "_t": "02:02:37",
                "_end": "02:03:11",
                "data": {
                    "time": 28.411955
                }
            },
            {
                "time": {
                    "start": "2017-11-18T09:02:37.229Z",
                    "end": "2017-11-18T09:03:21.228Z"
                },
                "type": "SCRUB",
                "source": "data:drag",
                "_t": "02:02:37",
                "_end": "02:03:21",
                "data": {
                    "time": 28.411955
                }
            },
            {
                "time": {
                    "start": "2017-11-18T09:02:37.229Z",
                    "end": "2017-11-18T09:03:22.604Z"
                },
                "type": "SCRUB",
                "source": "data:drag",
                "_t": "02:02:37",
                "_end": "02:03:22",
                "data": {
                    "time": 29.782844
                }
            },
            {
                "time": {
                    "start": "2017-11-18T09:02:37.229Z",
                    "end": "2017-11-18T09:03:37.527Z"
                },
                "type": "SCRUB",
                "source": "data:drag",
                "_t": "02:02:37",
                "_end": "02:03:37",
                "data": {
                    "time": 30.515202
                }
            },
            {
                "time": {
                    "start": "2017-11-18T09:02:37.229Z",
                    "end": "2017-11-18T09:03:40.980Z"
                },
                "type": "SCRUB",
                "source": "data:drag",
                "_t": "02:02:37",
                "_end": "02:03:40",
                "data": {
                    "time": 30.515202
                }
            },
            {
                "time": {
                    "start": "2017-11-18T09:02:37.229Z",
                    "end": "2017-11-18T09:03:44.782Z"
                },
                "type": "SCRUB",
                "source": "data:drag",
                "_t": "02:02:37",
                "_end": "02:03:44",
                "data": {
                    "time": 31.725627
                }
            },
            {
                "time": {
                    "start": "2017-11-18T09:02:37.229Z",
                    "end": "2017-11-18T09:03:47.821Z"
                },
                "type": "SCRUB",
                "source": "data:drag",
                "_t": "02:02:37",
                "_end": "02:03:47",
                "data": {
                    "time": 32.281677
                }
            },
            {
                "time": {
                    "start": "2017-11-18T09:02:37.229Z",
                    "end": "2017-11-18T09:03:50.108Z"
                },
                "type": "SCRUB",
                "source": "data:drag",
                "_t": "02:02:37",
                "_end": "02:03:50",
                "data": {
                    "time": 32.281677
                }
            },
            {
                "time": {
                    "start": "2017-11-18T09:02:37.229Z",
                    "end": "2017-11-18T09:03:53.955Z"
                },
                "type": "SCRUB",
                "source": "data:drag",
                "_t": "02:02:37",
                "_end": "02:03:53",
                "data": {
                    "time": 33.4209
                }
            },
            {
                "time": {
                    "start": "2017-11-18T09:02:37.229Z",
                    "end": "2017-11-18T09:03:58.729Z"
                },
                "type": "SCRUB",
                "source": "data:drag",
                "_t": "02:02:37",
                "_end": "02:03:58",
                "data": {
                    "time": 33.959996
                }
            },
            {
                "time": "2017-11-18T09:04:01.698Z",
                "type": "SKIP",
                "source": "hotkey",
                "_t": "02:04:01",
                "_end": "-",
                "data": {
                    "t": 33.959996,
                    "Δt": -0.033366700033366704,
                    "key": "shift+left"
                }
            },
            {
                "time": "2017-11-18T09:04:04.545Z",
                "type": "SKIP",
                "source": "hotkey",
                "_t": "02:04:04",
                "_end": "-",
                "data": {
                    "t": 33.926629,
                    "Δt": -0.033366700033366704,
                    "key": "shift+left"
                }
            },
            {
                "time": "2017-11-18T09:04:05.369Z",
                "type": "SKIP",
                "source": "hotkey",
                "_t": "02:04:05",
                "_end": "-",
                "data": {
                    "t": 33.893262,
                    "Δt": 1,
                    "key": "right"
                }
            },
            {
                "time": "2017-11-18T09:04:07.350Z",
                "type": "SKIP",
                "source": "hotkey",
                "_t": "02:04:07",
                "_end": "-",
                "data": {
                    "t": 34.893262,
                    "Δt": -0.033366700033366704,
                    "key": "shift+left"
                }
            },
            {
                "time": {
                    "start": "2017-11-18T09:02:37.229Z",
                    "end": "2017-11-18T09:04:11.346Z"
                },
                "type": "SCRUB",
                "source": "data:drag",
                "_t": "02:02:37",
                "_end": "02:04:11",
                "data": {
                    "time": 33.947838
                }
            },
            {
                "time": {
                    "start": "2017-11-18T09:02:37.229Z",
                    "end": "2017-11-18T09:04:14.694Z"
                },
                "type": "SCRUB",
                "source": "data:drag",
                "_t": "02:02:37",
                "_end": "02:04:14",
                "data": {
                    "time": 33.951955
                }
            },
            {
                "time": {
                    "start": "2017-11-18T09:02:37.229Z",
                    "end": "2017-11-18T09:04:17.167Z"
                },
                "type": "SCRUB",
                "source": "data:drag",
                "_t": "02:02:37",
                "_end": "02:04:17",
                "data": {
                    "time": 33.951955
                }
            },
            {
                "time": {
                    "start": "2017-11-18T09:02:37.229Z",
                    "end": "2017-11-18T09:04:18.658Z"
                },
                "type": "SCRUB",
                "source": "data:drag",
                "_t": "02:02:37",
                "_end": "02:04:18",
                "data": {
                    "time": 35.24256640808228
                }
            },
            {
                "time": {
                    "start": "2017-11-18T09:02:37.229Z",
                    "end": "2017-11-18T09:04:21.941Z"
                },
                "type": "SCRUB",
                "source": "data:drag",
                "_t": "02:02:37",
                "_end": "02:04:21",
                "data": {
                    "time": 35.347544
                }
            },
            {
                "time": {
                    "start": "2017-11-18T09:02:37.229Z",
                    "end": "2017-11-18T09:04:23.369Z"
                },
                "type": "SCRUB",
                "source": "data:drag",
                "_t": "02:02:37",
                "_end": "02:04:23",
                "data": {
                    "time": 35.347544
                }
            },
            {
                "time": {
                    "start": "2017-11-18T09:02:37.229Z",
                    "end": "2017-11-18T09:04:25.560Z"
                },
                "type": "SCRUB",
                "source": "data:drag",
                "_t": "02:02:37",
                "_end": "02:04:25",
                "data": {
                    "time": 35.347544
                }
            },
            {
                "time": {
                    "start": "2017-11-18T09:02:37.229Z",
                    "end": "2017-11-18T09:04:27.651Z"
                },
                "type": "SCRUB",
                "source": "data:drag",
                "_t": "02:02:37",
                "_end": "02:04:27",
                "data": {
                    "time": 35.814799
                }
            },
            {
                "time": {
                    "start": "2017-11-18T09:02:37.229Z",
                    "end": "2017-11-18T09:04:31.279Z"
                },
                "type": "SCRUB",
                "source": "data:drag",
                "_t": "02:02:37",
                "_end": "02:04:31",
                "data": {
                    "time": 35.814799
                }
            },
            {
                "time": {
                    "start": "2017-11-18T09:02:37.229Z",
                    "end": "2017-11-18T09:04:33.131Z"
                },
                "type": "SCRUB",
                "source": "data:drag",
                "_t": "02:02:37",
                "_end": "02:04:33",
                "data": {
                    "time": 37.504739
                }
            },
            {
                "time": {
                    "start": "2017-11-18T09:02:37.229Z",
                    "end": "2017-11-18T09:04:34.720Z"
                },
                "type": "SCRUB",
                "source": "data:drag",
                "_t": "02:02:37",
                "_end": "02:04:34",
                "data": {
                    "time": 38.87562790267401
                }
            },
            {
                "time": {
                    "start": "2017-11-18T09:02:37.229Z",
                    "end": "2017-11-18T09:04:40.828Z"
                },
                "type": "SCRUB",
                "source": "data:drag",
                "_t": "02:02:37",
                "_end": "02:04:40",
                "data": {
                    "time": 39.270839
                }
            },
            {
                "time": {
                    "start": "2017-11-18T09:02:37.229Z",
                    "end": "2017-11-18T09:04:42.129Z"
                },
                "type": "SCRUB",
                "source": "data:drag",
                "_t": "02:02:37",
                "_end": "02:04:42",
                "data": {
                    "time": 39.270839
                }
            },
            {
                "time": {
                    "start": "2017-11-18T09:02:37.229Z",
                    "end": "2017-11-18T09:04:45.604Z"
                },
                "type": "SCRUB",
                "source": "data:drag",
                "_t": "02:02:37",
                "_end": "02:04:45",
                "data": {
                    "time": 39.270839
                }
            },
            {
                "time": {
                    "start": "2017-11-18T09:02:37.229Z",
                    "end": "2017-11-18T09:04:55.116Z"
                },
                "type": "SCRUB",
                "source": "data:drag",
                "_t": "02:02:37",
                "_end": "02:04:55",
                "data": {
                    "time": 39.818371
                }
            },
            {
                "time": {
                    "start": "2017-11-18T09:02:37.229Z",
                    "end": "2017-11-18T09:05:05.196Z"
                },
                "type": "SCRUB",
                "source": "data:drag",
                "_t": "02:02:37",
                "_end": "02:05:05",
                "data": {
                    "time": 39.814254
                }
            },
            {
                "time": {
                    "start": "2017-11-18T09:02:37.229Z",
                    "end": "2017-11-18T09:05:08.807Z"
                },
                "type": "SCRUB",
                "source": "data:drag",
                "_t": "02:02:37",
                "_end": "02:05:08",
                "data": {
                    "time": 39.814254
                }
            },
            {
                "time": {
                    "start": "2017-11-18T09:02:37.229Z",
                    "end": "2017-11-18T09:05:13.603Z"
                },
                "type": "SCRUB",
                "source": "data:drag",
                "_t": "02:02:37",
                "_end": "02:05:13",
                "data": {
                    "time": 40.837275
                }
            },
            {
                "time": {
                    "start": "2017-11-18T09:02:37.229Z",
                    "end": "2017-11-18T09:05:19.271Z"
                },
                "type": "SCRUB",
                "source": "data:drag",
                "_t": "02:02:37",
                "_end": "02:05:19",
                "data": {
                    "time": 40.816691
                }
            },
            {
                "time": {
                    "start": "2017-11-18T09:02:37.229Z",
                    "end": "2017-11-18T09:05:24.634Z"
                },
                "type": "SCRUB",
                "source": "data:drag",
                "_t": "02:02:37",
                "_end": "02:05:24",
                "data": {
                    "time": 41.360106
                }
            },
            {
                "time": {
                    "start": "2017-11-18T09:02:37.229Z",
                    "end": "2017-11-18T09:05:27.035Z"
                },
                "type": "SCRUB",
                "source": "data:drag",
                "_t": "02:02:37",
                "_end": "02:05:27",
                "data": {
                    "time": 41.360106
                }
            },
            {
                "time": {
                    "start": "2017-11-18T09:02:37.229Z",
                    "end": "2017-11-18T09:05:31.825Z"
                },
                "type": "SCRUB",
                "source": "data:drag",
                "_t": "02:02:37",
                "_end": "02:05:31",
                "data": {
                    "time": 42.512806
                }
            },
            {
                "time": {
                    "start": "2017-11-18T09:02:37.229Z",
                    "end": "2017-11-18T09:05:35.600Z"
                },
                "type": "SCRUB",
                "source": "data:drag",
                "_t": "02:02:37",
                "_end": "02:05:35",
                "data": {
                    "time": 42.951243
                }
            },
            {
                "time": {
                    "start": "2017-11-18T09:02:37.229Z",
                    "end": "2017-11-18T09:05:38.501Z"
                },
                "type": "SCRUB",
                "source": "data:drag",
                "_t": "02:02:37",
                "_end": "02:05:38",
                "data": {
                    "time": 42.951243
                }
            },
            {
                "time": {
                    "start": "2017-11-18T09:02:37.229Z",
                    "end": "2017-11-18T09:05:39.260Z"
                },
                "type": "SCRUB",
                "source": "data:drag",
                "_t": "02:02:37",
                "_end": "02:05:39",
                "data": {
                    "time": 42.951243
                }
            },
            {
                "time": {
                    "start": "2017-11-18T09:02:37.229Z",
                    "end": "2017-11-18T09:05:48.641Z"
                },
                "type": "SCRUB",
                "source": "data:drag",
                "_t": "02:02:37",
                "_end": "02:05:48",
                "data": {
                    "time": 43.702556
                }
            },
            {
                "time": {
                    "start": "2017-11-18T09:02:37.229Z",
                    "end": "2017-11-18T09:05:49.683Z"
                },
                "type": "SCRUB",
                "source": "data:drag",
                "_t": "02:02:37",
                "_end": "02:05:49",
                "data": {
                    "time": 43.702556
                }
            },
            {
                "time": {
                    "start": "2017-11-18T09:02:37.229Z",
                    "end": "2017-11-18T09:05:51.881Z"
                },
                "type": "SCRUB",
                "source": "data:drag",
                "_t": "02:02:37",
                "_end": "02:05:51",
                "data": {
                    "time": 43.702556
                }
            },
            {
                "time": {
                    "start": "2017-11-18T09:02:37.229Z",
                    "end": "2017-11-18T09:05:53.489Z"
                },
                "type": "SCRUB",
                "source": "data:drag",
                "_t": "02:02:37",
                "_end": "02:05:53",
                "data": {
                    "time": 44.270672121828866
                }
            },
            {
                "time": {
                    "start": "2017-11-18T09:02:37.229Z",
                    "end": "2017-11-18T09:05:55.189Z"
                },
                "type": "SCRUB",
                "source": "data:drag",
                "_t": "02:02:37",
                "_end": "02:05:55",
                "data": {
                    "time": 45.108437440523
                }
            },
            {
                "time": {
                    "start": "2017-11-18T09:02:37.229Z",
                    "end": "2017-11-18T09:05:56.894Z"
                },
                "type": "SCRUB",
                "source": "data:drag",
                "_t": "02:02:37",
                "_end": "02:05:56",
                "data": {
                    "time": 45.703312214520096
                }
            },
            {
                "time": {
                    "start": "2017-11-18T09:02:37.229Z",
                    "end": "2017-11-18T09:05:58.444Z"
                },
                "type": "SCRUB",
                "source": "data:drag",
                "_t": "02:02:37",
                "_end": "02:05:58",
                "data": {
                    "time": 46.269369730082246
                }
            },
            {
                "time": {
                    "start": "2017-11-18T09:02:37.229Z",
                    "end": "2017-11-18T09:05:59.594Z"
                },
                "type": "SCRUB",
                "source": "data:drag",
                "_t": "02:02:37",
                "_end": "02:05:59",
                "data": {
                    "time": 47.87491556168054
                }
            },
            {
                "time": {
                    "start": "2017-11-18T09:02:37.229Z",
                    "end": "2017-11-18T09:06:00.863Z"
                },
                "type": "SCRUB",
                "source": "data:drag",
                "_t": "02:02:37",
                "_end": "02:06:00",
                "data": {
                    "time": 49.844796900677274
                }
            },
            {
                "time": {
                    "start": "2017-11-18T09:02:37.229Z",
                    "end": "2017-11-18T09:06:02.103Z"
                },
                "type": "SCRUB",
                "source": "data:drag",
                "_t": "02:02:37",
                "_end": "02:06:02",
                "data": {
                    "time": 51.567670891196194
                }
            },
            {
                "time": {
                    "start": "2017-11-18T09:02:37.229Z",
                    "end": "2017-11-18T09:06:04.237Z"
                },
                "type": "SCRUB",
                "source": "data:drag",
                "_t": "02:02:37",
                "_end": "02:06:04",
                "data": {
                    "time": 53.6116540035323
                }
            },
            {
                "time": {
                    "start": "2017-11-18T09:02:37.229Z",
                    "end": "2017-11-18T09:06:08.146Z"
                },
                "type": "SCRUB",
                "source": "data:drag",
                "_t": "02:02:37",
                "_end": "02:06:08",
                "data": {
                    "time": 63.227944
                }
            },
            {
                "time": {
                    "start": "2017-11-18T09:02:37.229Z",
                    "end": "2017-11-18T09:06:17.768Z"
                },
                "type": "SCRUB",
                "source": "data:drag",
                "_t": "02:02:37",
                "_end": "02:06:17",
                "data": {
                    "time": 64.551553
                }
            },
            {
                "time": {
                    "start": "2017-11-18T09:02:37.229Z",
                    "end": "2017-11-18T09:06:21.974Z"
                },
                "type": "SCRUB",
                "source": "data:drag",
                "_t": "02:02:37",
                "_end": "02:06:21",
                "data": {
                    "time": 64.639707
                }
            },
            {
                "time": {
                    "start": "2017-11-18T09:02:37.229Z",
                    "end": "2017-11-18T09:06:27.249Z"
                },
                "type": "SCRUB",
                "source": "data:drag",
                "_t": "02:02:37",
                "_end": "02:06:27",
                "data": {
                    "time": 64.639707
                }
            },
            {
                "time": {
                    "start": "2017-11-18T09:02:37.229Z",
                    "end": "2017-11-18T09:06:29.448Z"
                },
                "type": "SCRUB",
                "source": "data:drag",
                "_t": "02:02:37",
                "_end": "02:06:29",
                "data": {
                    "time": 65.97219163192648
                }
            },
            {
                "time": {
                    "start": "2017-11-18T09:02:37.229Z",
                    "end": "2017-11-18T09:06:39.944Z"
                },
                "type": "SCRUB",
                "source": "data:drag",
                "_t": "02:02:37",
                "_end": "02:06:39",
                "data": {
                    "time": 66.470602
                }
            },
            {
                "time": {
                    "start": "2017-11-18T09:02:37.229Z",
                    "end": "2017-11-18T09:06:42.363Z"
                },
                "type": "SCRUB",
                "source": "data:drag",
                "_t": "02:02:37",
                "_end": "02:06:42",
                "data": {
                    "time": 66.629958
                }
            },
            {
                "time": {
                    "start": "2017-11-18T09:02:37.229Z",
                    "end": "2017-11-18T09:06:44.322Z"
                },
                "type": "SCRUB",
                "source": "data:drag",
                "_t": "02:02:37",
                "_end": "02:06:44",
                "data": {
                    "time": 66.629958
                }
            },
            {
                "time": {
                    "start": "2017-11-18T09:02:37.229Z",
                    "end": "2017-11-18T09:06:49.944Z"
                },
                "type": "SCRUB",
                "source": "data:drag",
                "_t": "02:02:37",
                "_end": "02:06:49",
                "data": {
                    "time": 68.240467
                }
            },
            {
                "time": {
                    "start": "2017-11-18T09:02:37.229Z",
                    "end": "2017-11-18T09:07:26.170Z"
                },
                "type": "SCRUB",
                "source": "data:drag",
                "_t": "02:02:37",
                "_end": "02:07:26",
                "data": {
                    "time": 68.240467
                }
            },
            {
                "time": {
                    "start": "2017-11-18T09:02:37.229Z",
                    "end": "2017-11-18T09:07:26.447Z"
                },
                "type": "SCRUB",
                "source": "data:drag",
                "_t": "02:02:37",
                "_end": "02:07:26",
                "data": {
                    "time": 68.240467
                }
            },
            {
                "time": "2017-11-18T09:07:26.464Z",
                "type": "JUMP",
                "source": "data:dblclick:h_pos",
                "_t": "02:07:26",
                "_end": "-",
                "data": {
                    "from": 68.240467,
                    "to": 69.25763077109619
                }
            },
            {
                "time": {
                    "start": "2017-11-18T09:02:37.229Z",
                    "end": "2017-11-18T09:07:33.468Z"
                },
                "type": "SCRUB",
                "source": "data:drag",
                "_t": "02:02:37",
                "_end": "02:07:33",
                "data": {
                    "time": 69.752651
                }
            },
            {
                "time": {
                    "start": "2017-11-18T09:02:37.229Z",
                    "end": "2017-11-18T09:07:36.646Z"
                },
                "type": "SCRUB",
                "source": "data:drag",
                "_t": "02:02:37",
                "_end": "02:07:36",
                "data": {
                    "time": 69.752651
                }
            },
            {
                "time": {
                    "start": "2017-11-18T09:02:37.229Z",
                    "end": "2017-11-18T09:07:40.913Z"
                },
                "type": "SCRUB",
                "source": "data:drag",
                "_t": "02:02:37",
                "_end": "02:07:40",
                "data": {
                    "time": 70.837626
                }
            },
            {
                "time": {
                    "start": "2017-11-18T09:02:37.229Z",
                    "end": "2017-11-18T09:07:42.674Z"
                },
                "type": "SCRUB",
                "source": "data:drag",
                "_t": "02:02:37",
                "_end": "02:07:42",
                "data": {
                    "time": 70.837626
                }
            },
            {
                "time": {
                    "start": "2017-11-18T09:02:37.229Z",
                    "end": "2017-11-18T09:07:44.275Z"
                },
                "type": "SCRUB",
                "source": "data:drag",
                "_t": "02:02:37",
                "_end": "02:07:44",
                "data": {
                    "time": 70.837626
                }
            },
            {
                "time": {
                    "start": "2017-11-18T09:02:37.229Z",
                    "end": "2017-11-18T09:07:46.120Z"
                },
                "type": "SCRUB",
                "source": "data:drag",
                "_t": "02:02:37",
                "_end": "02:07:46",
                "data": {
                    "time": 70.837626
                }
            },
            {
                "time": {
                    "start": "2017-11-18T09:02:37.229Z",
                    "end": "2017-11-18T09:07:49.335Z"
                },
                "type": "SCRUB",
                "source": "data:drag",
                "_t": "02:02:37",
                "_end": "02:07:49",
                "data": {
                    "time": 71.390285
                }
            },
            {
                "time": {
                    "start": "2017-11-18T09:02:37.229Z",
                    "end": "2017-11-18T09:08:05.637Z"
                },
                "type": "SCRUB",
                "source": "data:drag",
                "_t": "02:02:37",
                "_end": "02:08:05",
                "data": {
                    "time": 71.390285
                }
            },
            {
                "time": {
                    "start": "2017-11-18T09:02:37.229Z",
                    "end": "2017-11-18T09:08:25.165Z"
                },
                "type": "SCRUB",
                "source": "data:drag",
                "_t": "02:02:37",
                "_end": "02:08:25",
                "data": {
                    "time": 73.068605
                }
            },
            {
                "time": {
                    "start": "2017-11-18T09:02:37.229Z",
                    "end": "2017-11-18T09:08:28.288Z"
                },
                "type": "SCRUB",
                "source": "data:drag",
                "_t": "02:02:37",
                "_end": "02:08:28",
                "data": {
                    "time": 73.068605
                }
            },
            {
                "time": {
                    "start": "2017-11-18T09:02:37.229Z",
                    "end": "2017-11-18T09:08:33.984Z"
                },
                "type": "SCRUB",
                "source": "data:drag",
                "_t": "02:02:37",
                "_end": "02:08:33",
                "data": {
                    "time": 74.40448
                }
            },
            {
                "time": {
                    "start": "2017-11-18T09:02:37.229Z",
                    "end": "2017-11-18T09:08:36.736Z"
                },
                "type": "SCRUB",
                "source": "data:drag",
                "_t": "02:02:37",
                "_end": "02:08:36",
                "data": {
                    "time": 75.048684
                }
            },
            {
                "time": {
                    "start": "2017-11-18T09:02:37.229Z",
                    "end": "2017-11-18T09:08:39.010Z"
                },
                "type": "SCRUB",
                "source": "data:drag",
                "_t": "02:02:37",
                "_end": "02:08:39",
                "data": {
                    "time": 75.048684
                }
            },
            {
                "time": {
                    "start": "2017-11-18T09:02:37.229Z",
                    "end": "2017-11-18T09:08:41.593Z"
                },
                "type": "SCRUB",
                "source": "data:drag",
                "_t": "02:02:37",
                "_end": "02:08:41",
                "data": {
                    "time": 75.943788
                }
            },
            {
                "time": {
                    "start": "2017-11-18T09:02:37.229Z",
                    "end": "2017-11-18T09:08:46.736Z"
                },
                "type": "SCRUB",
                "source": "data:drag",
                "_t": "02:02:37",
                "_end": "02:08:46",
                "data": {
                    "time": 76.442198
                }
            },
            {
                "time": {
                    "start": "2017-11-18T09:02:37.229Z",
                    "end": "2017-11-18T09:08:59.790Z"
                },
                "type": "SCRUB",
                "source": "data:drag",
                "_t": "02:02:37",
                "_end": "02:08:59",
                "data": {
                    "time": 76.442198
                }
            },
            {
                "time": {
                    "start": "2017-11-18T09:02:37.229Z",
                    "end": "2017-11-18T09:09:03.726Z"
                },
                "type": "SCRUB",
                "source": "data:drag",
                "_t": "02:02:37",
                "_end": "02:09:03",
                "data": {
                    "time": 77.381379
                }
            },
            {
                "time": {
                    "start": "2017-11-18T09:02:37.229Z",
                    "end": "2017-11-18T09:09:04.947Z"
                },
                "type": "SCRUB",
                "source": "data:drag",
                "_t": "02:02:37",
                "_end": "02:09:04",
                "data": {
                    "time": 77.381379
                }
            },
            {
                "time": {
                    "start": "2017-11-18T09:02:37.229Z",
                    "end": "2017-11-18T09:09:09.408Z"
                },
                "type": "SCRUB",
                "source": "data:drag",
                "_t": "02:02:37",
                "_end": "02:09:09",
                "data": {
                    "time": 77.381379
                }
            },
            {
                "time": {
                    "start": "2017-11-18T09:02:37.229Z",
                    "end": "2017-11-18T09:09:13.177Z"
                },
                "type": "SCRUB",
                "source": "data:drag",
                "_t": "02:02:37",
                "_end": "02:09:13",
                "data": {
                    "time": 77.866227
                }
            },
            {
                "time": {
                    "start": "2017-11-18T09:02:37.229Z",
                    "end": "2017-11-18T09:09:20.947Z"
                },
                "type": "SCRUB",
                "source": "data:drag",
                "_t": "02:02:37",
                "_end": "02:09:20",
                "data": {
                    "time": 77.866227
                }
            },
            {
                "time": {
                    "start": "2017-11-18T09:02:37.229Z",
                    "end": "2017-11-18T09:09:27.233Z"
                },
                "type": "SCRUB",
                "source": "data:drag",
                "_t": "02:02:37",
                "_end": "02:09:27",
                "data": {
                    "time": 79.32755234869423
                }
            },
            {
                "time": "2017-11-18T09:09:28.801Z",
                "type": "SKIP",
                "source": "hotkey",
                "_t": "02:09:28",
                "_end": "-",
                "data": {
                    "t": 79.327552,
                    "Δt": -0.033366700033366704,
                    "key": "shift+left"
                }
            },
            {
                "time": "2017-11-18T09:09:29.929Z",
                "type": "SKIP",
                "source": "hotkey",
                "_t": "02:09:29",
                "_end": "-",
                "data": {
                    "t": 79.294185,
                    "Δt": -0.033366700033366704,
                    "key": "shift+left"
                }
            },
            {
                "time": "2017-11-18T09:09:30.863Z",
                "type": "SKIP",
                "source": "hotkey",
                "_t": "02:09:30",
                "_end": "-",
                "data": {
                    "t": 79.260818,
                    "Δt": 1,
                    "key": "right"
                }
            },
            {
                "time": "2017-11-18T09:09:32.066Z",
                "type": "SKIP",
                "source": "hotkey",
                "_t": "02:09:32",
                "_end": "-",
                "data": {
                    "t": 80.260818,
                    "Δt": -0.033366700033366704,
                    "key": "shift+left"
                }
            },
            {
                "time": "2017-11-18T09:09:32.611Z",
                "type": "SKIP",
                "source": "hotkey",
                "_t": "02:09:32",
                "_end": "-",
                "data": {
                    "t": 80.227451,
                    "Δt": -0.033366700033366704,
                    "key": "shift+left"
                }
            },
            {
                "time": "2017-11-18T09:09:32.874Z",
                "type": "SKIP",
                "source": "hotkey",
                "_t": "02:09:32",
                "_end": "-",
                "data": {
                    "t": 80.194084,
                    "Δt": -0.033366700033366704,
                    "key": "shift+left"
                }
            },
            {
                "time": "2017-11-18T09:09:33.103Z",
                "type": "SKIP",
                "source": "hotkey",
                "_t": "02:09:33",
                "_end": "-",
                "data": {
                    "t": 80.160717,
                    "Δt": -0.033366700033366704,
                    "key": "shift+left"
                }
            },
            {
                "time": "2017-11-18T09:09:33.287Z",
                "type": "SKIP",
                "source": "hotkey",
                "_t": "02:09:33",
                "_end": "-",
                "data": {
                    "t": 80.12735,
                    "Δt": -0.033366700033366704,
                    "key": "shift+left"
                }
            },
            {
                "time": "2017-11-18T09:09:33.888Z",
                "type": "SKIP",
                "source": "hotkey",
                "_t": "02:09:33",
                "_end": "-",
                "data": {
                    "t": 80.093983,
                    "Δt": -0.033366700033366704,
                    "key": "shift+left"
                }
            },
            {
                "time": "2017-11-18T09:09:33.929Z",
                "type": "SKIP",
                "source": "hotkey",
                "_t": "02:09:33",
                "_end": "-",
                "data": {
                    "t": 80.06061629996663,
                    "Δt": -0.033366700033366704,
                    "key": "shift+left"
                }
            },
            {
                "time": "2017-11-18T09:09:33.970Z",
                "type": "SKIP",
                "source": "hotkey",
                "_t": "02:09:33",
                "_end": "-",
                "data": {
                    "t": 80.02724959993326,
                    "Δt": -0.033366700033366704,
                    "key": "shift+left"
                }
            },
            {
                "time": "2017-11-18T09:09:34.009Z",
                "type": "SKIP",
                "source": "hotkey",
                "_t": "02:09:34",
                "_end": "-",
                "data": {
                    "t": 79.99388289989989,
                    "Δt": -0.033366700033366704,
                    "key": "shift+left"
                }
            },
            {
                "time": "2017-11-18T09:09:34.050Z",
                "type": "SKIP",
                "source": "hotkey",
                "_t": "02:09:34",
                "_end": "-",
                "data": {
                    "t": 79.96051619986652,
                    "Δt": -0.033366700033366704,
                    "key": "shift+left"
                }
            },
            {
                "time": "2017-11-18T09:09:34.093Z",
                "type": "SKIP",
                "source": "hotkey",
                "_t": "02:09:34",
                "_end": "-",
                "data": {
                    "t": 79.92714949983315,
                    "Δt": -0.033366700033366704,
                    "key": "shift+left"
                }
            },
            {
                "time": "2017-11-18T09:09:34.131Z",
                "type": "SKIP",
                "source": "hotkey",
                "_t": "02:09:34",
                "_end": "-",
                "data": {
                    "t": 79.89378279979978,
                    "Δt": -0.033366700033366704,
                    "key": "shift+left"
                }
            },
            {
                "time": "2017-11-18T09:09:34.178Z",
                "type": "SKIP",
                "source": "hotkey",
                "_t": "02:09:34",
                "_end": "-",
                "data": {
                    "t": 79.86041609976641,
                    "Δt": -0.033366700033366704,
                    "key": "shift+left"
                }
            },
            {
                "time": "2017-11-18T09:09:34.220Z",
                "type": "SKIP",
                "source": "hotkey",
                "_t": "02:09:34",
                "_end": "-",
                "data": {
                    "t": 79.82704939973304,
                    "Δt": -0.033366700033366704,
                    "key": "shift+left"
                }
            },
            {
                "time": "2017-11-18T09:09:34.264Z",
                "type": "SKIP",
                "source": "hotkey",
                "_t": "02:09:34",
                "_end": "-",
                "data": {
                    "t": 79.79368269969967,
                    "Δt": -0.033366700033366704,
                    "key": "shift+left"
                }
            },
            {
                "time": "2017-11-18T09:09:34.315Z",
                "type": "SKIP",
                "source": "hotkey",
                "_t": "02:09:34",
                "_end": "-",
                "data": {
                    "t": 79.7603159996663,
                    "Δt": -0.033366700033366704,
                    "key": "shift+left"
                }
            },
            {
                "time": "2017-11-18T09:09:34.370Z",
                "type": "SKIP",
                "source": "hotkey",
                "_t": "02:09:34",
                "_end": "-",
                "data": {
                    "t": 79.72694929963293,
                    "Δt": -0.033366700033366704,
                    "key": "shift+left"
                }
            },
            {
                "time": "2017-11-18T09:09:34.424Z",
                "type": "SKIP",
                "source": "hotkey",
                "_t": "02:09:34",
                "_end": "-",
                "data": {
                    "t": 79.693583,
                    "Δt": -0.033366700033366704,
                    "key": "shift+left"
                }
            },
            {
                "time": "2017-11-18T09:09:34.459Z",
                "type": "SKIP",
                "source": "hotkey",
                "_t": "02:09:34",
                "_end": "-",
                "data": {
                    "t": 79.660216,
                    "Δt": -0.033366700033366704,
                    "key": "shift+left"
                }
            },
            {
                "time": "2017-11-18T09:09:34.491Z",
                "type": "SKIP",
                "source": "hotkey",
                "_t": "02:09:34",
                "_end": "-",
                "data": {
                    "t": 79.626849,
                    "Δt": -0.033366700033366704,
                    "key": "shift+left"
                }
            },
            {
                "time": "2017-11-18T09:09:34.531Z",
                "type": "SKIP",
                "source": "hotkey",
                "_t": "02:09:34",
                "_end": "-",
                "data": {
                    "t": 79.593482,
                    "Δt": -0.033366700033366704,
                    "key": "shift+left"
                }
            },
            {
                "time": "2017-11-18T09:09:34.603Z",
                "type": "SKIP",
                "source": "hotkey",
                "_t": "02:09:34",
                "_end": "-",
                "data": {
                    "t": 79.560115,
                    "Δt": -0.033366700033366704,
                    "key": "shift+left"
                }
            },
            {
                "time": "2017-11-18T09:09:34.612Z",
                "type": "SKIP",
                "source": "hotkey",
                "_t": "02:09:34",
                "_end": "-",
                "data": {
                    "t": 79.52674829996663,
                    "Δt": -0.033366700033366704,
                    "key": "shift+left"
                }
            },
            {
                "time": "2017-11-18T09:09:34.657Z",
                "type": "SKIP",
                "source": "hotkey",
                "_t": "02:09:34",
                "_end": "-",
                "data": {
                    "t": 79.493382,
                    "Δt": -0.033366700033366704,
                    "key": "shift+left"
                }
            },
            {
                "time": "2017-11-18T09:09:34.704Z",
                "type": "SKIP",
                "source": "hotkey",
                "_t": "02:09:34",
                "_end": "-",
                "data": {
                    "t": 79.460015,
                    "Δt": -0.033366700033366704,
                    "key": "shift+left"
                }
            },
            {
                "time": "2017-11-18T09:09:34.763Z",
                "type": "SKIP",
                "source": "hotkey",
                "_t": "02:09:34",
                "_end": "-",
                "data": {
                    "t": 79.426648,
                    "Δt": -0.033366700033366704,
                    "key": "shift+left"
                }
            },
            {
                "time": "2017-11-18T09:09:34.773Z",
                "type": "SKIP",
                "source": "hotkey",
                "_t": "02:09:34",
                "_end": "-",
                "data": {
                    "t": 79.39328129996663,
                    "Δt": -0.033366700033366704,
                    "key": "shift+left"
                }
            },
            {
                "time": "2017-11-18T09:09:34.825Z",
                "type": "SKIP",
                "source": "hotkey",
                "_t": "02:09:34",
                "_end": "-",
                "data": {
                    "t": 79.359915,
                    "Δt": -0.033366700033366704,
                    "key": "shift+left"
                }
            },
            {
                "time": "2017-11-18T09:09:36.050Z",
                "type": "SKIP",
                "source": "hotkey",
                "_t": "02:09:36",
                "_end": "-",
                "data": {
                    "t": 79.326548,
                    "Δt": -0.033366700033366704,
                    "key": "shift+left"
                }
            },
            {
                "time": "2017-11-18T09:09:37.118Z",
                "type": "SKIP",
                "source": "hotkey",
                "_t": "02:09:37",
                "_end": "-",
                "data": {
                    "t": 79.293181,
                    "Δt": 0.033366700033366704,
                    "key": "shift+right"
                }
            },
            {
                "time": {
                    "start": "2017-11-18T09:02:37.229Z",
                    "end": "2017-11-18T09:09:42.294Z"
                },
                "type": "SCRUB",
                "source": "data:drag",
                "_t": "02:02:37",
                "_end": "02:09:42",
                "data": {
                    "time": 79.326548
                }
            },
            {
                "time": {
                    "start": "2017-11-18T09:02:37.229Z",
                    "end": "2017-11-18T09:09:46.861Z"
                },
                "type": "SCRUB",
                "source": "data:drag",
                "_t": "02:02:37",
                "_end": "02:09:46",
                "data": {
                    "time": 80.696329
                }
            },
            {
                "time": {
                    "start": "2017-11-18T09:02:37.229Z",
                    "end": "2017-11-18T09:09:49.387Z"
                },
                "type": "SCRUB",
                "source": "data:drag",
                "_t": "02:02:37",
                "_end": "02:09:49",
                "data": {
                    "time": 80.909934
                }
            },
            {
                "time": {
                    "start": "2017-11-18T09:02:37.229Z",
                    "end": "2017-11-18T09:09:56.881Z"
                },
                "type": "SCRUB",
                "source": "data:drag",
                "_t": "02:02:37",
                "_end": "02:09:56",
                "data": {
                    "time": 80.909934
                }
            },
            {
                "time": {
                    "start": "2017-11-18T09:02:37.229Z",
                    "end": "2017-11-18T09:09:58.284Z"
                },
                "type": "SCRUB",
                "source": "data:drag",
                "_t": "02:02:37",
                "_end": "02:09:58",
                "data": {
                    "time": 82.90018429146703
                }
            },
            {
                "time": {
                    "start": "2017-11-18T09:02:37.229Z",
                    "end": "2017-11-18T09:10:00.850Z"
                },
                "type": "SCRUB",
                "source": "data:drag",
                "_t": "02:02:37",
                "_end": "02:10:00",
                "data": {
                    "time": 85.45326506543549
                }
            },
            {
                "time": {
                    "start": "2017-11-18T09:02:37.229Z",
                    "end": "2017-11-18T09:10:02.447Z"
                },
                "type": "SCRUB",
                "source": "data:drag",
                "_t": "02:02:37",
                "_end": "02:10:02",
                "data": {
                    "time": 87.25703542072839
                }
            },
            {
                "time": {
                    "start": "2017-11-18T09:02:37.229Z",
                    "end": "2017-11-18T09:10:03.844Z"
                },
                "type": "SCRUB",
                "source": "data:drag",
                "_t": "02:02:37",
                "_end": "02:10:03",
                "data": {
                    "time": 87.257035
                }
            },
            {
                "time": {
                    "start": "2017-11-18T09:02:37.229Z",
                    "end": "2017-11-18T09:10:06.412Z"
                },
                "type": "SCRUB",
                "source": "data:drag",
                "_t": "02:02:37",
                "_end": "02:10:06",
                "data": {
                    "time": 87.257035
                }
            },
            {
                "time": {
                    "start": "2017-11-18T09:02:37.229Z",
                    "end": "2017-11-18T09:10:08.786Z"
                },
                "type": "SCRUB",
                "source": "data:drag",
                "_t": "02:02:37",
                "_end": "02:10:08",
                "data": {
                    "time": 88.93874576819789
                }
            },
            {
                "time": {
                    "start": "2017-11-18T09:02:37.229Z",
                    "end": "2017-11-18T09:10:15.921Z"
                },
                "type": "SCRUB",
                "source": "data:drag",
                "_t": "02:02:37",
                "_end": "02:10:15",
                "data": {
                    "time": 88.786171
                }
            },
            {
                "time": {
                    "start": "2017-11-18T09:02:37.229Z",
                    "end": "2017-11-18T09:10:19.110Z"
                },
                "type": "SCRUB",
                "source": "data:drag",
                "_t": "02:02:37",
                "_end": "02:10:19",
                "data": {
                    "time": 88.786171
                }
            },
            {
                "time": {
                    "start": "2017-11-18T09:02:37.229Z",
                    "end": "2017-11-18T09:10:25.724Z"
                },
                "type": "SCRUB",
                "source": "data:drag",
                "_t": "02:02:37",
                "_end": "02:10:25",
                "data": {
                    "time": 89.393079
                }
            },
            {
                "time": {
                    "start": "2017-11-18T09:02:37.229Z",
                    "end": "2017-11-18T09:10:27.573Z"
                },
                "type": "SCRUB",
                "source": "data:drag",
                "_t": "02:02:37",
                "_end": "02:10:27",
                "data": {
                    "time": 89.393079
                }
            },
            {
                "time": {
                    "start": "2017-11-18T09:02:37.229Z",
                    "end": "2017-11-18T09:10:32.419Z"
                },
                "type": "SCRUB",
                "source": "data:drag",
                "_t": "02:02:37",
                "_end": "02:10:32",
                "data": {
                    "time": 90.881529
                }
            },
            {
                "time": {
                    "start": "2017-11-18T09:02:37.229Z",
                    "end": "2017-11-18T09:10:33.715Z"
                },
                "type": "SCRUB",
                "source": "data:drag",
                "_t": "02:02:37",
                "_end": "02:10:33",
                "data": {
                    "time": 90.90187201891874
                }
            },
            {
                "time": {
                    "start": "2017-11-18T09:02:37.229Z",
                    "end": "2017-11-18T09:10:40.079Z"
                },
                "type": "SCRUB",
                "source": "data:drag",
                "_t": "02:02:37",
                "_end": "02:10:40",
                "data": {
                    "time": 91.203631
                }
            },
            {
                "time": {
                    "start": "2017-11-18T09:02:37.229Z",
                    "end": "2017-11-18T09:10:44.591Z"
                },
                "type": "SCRUB",
                "source": "data:drag",
                "_t": "02:02:37",
                "_end": "02:10:44",
                "data": {
                    "time": 91.203631
                }
            },
            {
                "time": {
                    "start": "2017-11-18T09:02:37.229Z",
                    "end": "2017-11-18T09:10:52.958Z"
                },
                "type": "SCRUB",
                "source": "data:drag",
                "_t": "02:02:37",
                "_end": "02:10:52",
                "data": {
                    "time": 92.81414
                }
            },
            {
                "time": {
                    "start": "2017-11-18T09:02:37.229Z",
                    "end": "2017-11-18T09:10:55.132Z"
                },
                "type": "SCRUB",
                "source": "data:drag",
                "_t": "02:02:37",
                "_end": "02:10:55",
                "data": {
                    "time": 92.81414
                }
            },
            {
                "time": {
                    "start": "2017-11-18T09:02:37.229Z",
                    "end": "2017-11-18T09:11:00.807Z"
                },
                "type": "SCRUB",
                "source": "data:drag",
                "_t": "02:02:37",
                "_end": "02:11:00",
                "data": {
                    "time": 94.275465
                }
            },
            {
                "time": {
                    "start": "2017-11-18T09:02:37.229Z",
                    "end": "2017-11-18T09:11:04.637Z"
                },
                "type": "SCRUB",
                "source": "data:drag",
                "_t": "02:02:37",
                "_end": "02:11:04",
                "data": {
                    "time": 94.275465
                }
            },
            {
                "time": {
                    "start": "2017-11-18T09:02:37.229Z",
                    "end": "2017-11-18T09:11:10.976Z"
                },
                "type": "SCRUB",
                "source": "data:drag",
                "_t": "02:02:37",
                "_end": "02:11:10",
                "data": {
                    "time": 95.848678
                }
            },
            {
                "time": {
                    "start": "2017-11-18T09:02:37.229Z",
                    "end": "2017-11-18T09:11:13.547Z"
                },
                "type": "SCRUB",
                "source": "data:drag",
                "_t": "02:02:37",
                "_end": "02:11:13",
                "data": {
                    "time": 95.848678
                }
            },
            {
                "time": {
                    "start": "2017-11-18T09:02:37.229Z",
                    "end": "2017-11-18T09:11:18.680Z"
                },
                "type": "SCRUB",
                "source": "data:drag",
                "_t": "02:02:37",
                "_end": "02:11:18",
                "data": {
                    "time": 96.984511
                }
            },
            {
                "time": {
                    "start": "2017-11-18T09:02:37.229Z",
                    "end": "2017-11-18T09:11:20.566Z"
                },
                "type": "SCRUB",
                "source": "data:drag",
                "_t": "02:02:37",
                "_end": "02:11:20",
                "data": {
                    "time": 96.984511
                }
            },
            {
                "time": {
                    "start": "2017-11-18T09:02:37.229Z",
                    "end": "2017-11-18T09:11:22.820Z"
                },
                "type": "SCRUB",
                "source": "data:drag",
                "_t": "02:02:37",
                "_end": "02:11:22",
                "data": {
                    "time": 96.984511
                }
            },
            {
                "time": {
                    "start": "2017-11-18T09:02:37.229Z",
                    "end": "2017-11-18T09:11:25.447Z"
                },
                "type": "SCRUB",
                "source": "data:drag",
                "_t": "02:02:37",
                "_end": "02:11:25",
                "data": {
                    "time": 97.547342
                }
            },
            {
                "time": {
                    "start": "2017-11-18T09:02:37.229Z",
                    "end": "2017-11-18T09:11:28.819Z"
                },
                "type": "SCRUB",
                "source": "data:drag",
                "_t": "02:02:37",
                "_end": "02:11:28",
                "data": {
                    "time": 97.547342
                }
            },
            {
                "time": {
                    "start": "2017-11-18T09:02:37.229Z",
                    "end": "2017-11-18T09:11:35.442Z"
                },
                "type": "SCRUB",
                "source": "data:drag",
                "_t": "02:02:37",
                "_end": "02:11:35",
                "data": {
                    "time": 98.934075
                }
            },
            {
                "time": {
                    "start": "2017-11-18T09:02:37.229Z",
                    "end": "2017-11-18T09:11:36.702Z"
                },
                "type": "SCRUB",
                "source": "data:drag",
                "_t": "02:02:37",
                "_end": "02:11:36",
                "data": {
                    "time": 100.54119330422246
                }
            },
            {
                "time": {
                    "start": "2017-11-18T09:02:37.229Z",
                    "end": "2017-11-18T09:11:38.153Z"
                },
                "type": "SCRUB",
                "source": "data:drag",
                "_t": "02:02:37",
                "_end": "02:11:38",
                "data": {
                    "time": 102.36869724206721
                }
            }
        ]
    }
}