[
    {
        "time": 28.411955,
        "endTime": 29.887821665190145,
        "id": 1,
        "type": "ground"
    },
    {
        "time": 30.476081,
        "endTime": 31.725626887598864,
        "id": 2,
        "type": "ground"
    },
    {
        "time": 32.272149,
        "endTime": 33.39038503868753,
        "id": 3,
        "type": "ground"
    },
    {
        "time": 33.949577,
        "endTime": 35.34342721187799,
        "id": 4,
        "type": "ground"
    },
    {
        "time": 35.802323,
        "endTime": 39.260547174128284,
        "id": 5,
        "type": "ground"
    },
    {
        "time": 39.798595,
        "endTime": 40.81257399668842,
        "id": 6,
        "type": "ground"
    },
    {
        "time": 41.349309,
        "endTime": 42.38724387287871,
        "id": 7,
        "type": "ground"
    },
    {
        "time": 42.945418,
        "endTime": 43.700497608251766,
        "id": 8,
        "type": "ground"
    },
    {
        "time": 64.63189,
        "endTime": 66.0298309122899,
        "id": 9,
        "type": "ground"
    },
    {
        "time": 66.614464,
        "endTime": 67.68441777603508,
        "id": 10,
        "type": "ground"
    },
    {
        "time": 68.232202,
        "endTime": 69.25763077109619,
        "id": 11,
        "type": "ground"
    },
    {
        "time": 69.71225,
        "endTime": 70.8376259999965,
        "id": 12,
        "type": "ground"
    },
    {
        "time": 71.363391,
        "endTime": 72.56341379085595,
        "id": 13,
        "type": "ground"
    },
    {
        "time": 73.051161,
        "endTime": 74.37057475749168,
        "id": 14,
        "type": "ground"
    },
    {
        "time": 75.01757,
        "endTime": 75.94717884024517,
        "id": 15,
        "type": "ground"
    },
    {
        "time": 76.409562,
        "endTime": 77.37459790819439,
        "id": 16,
        "type": "ground"
    },
    {
        "time": 77.832015,
        "endTime": 78.74776899917086,
        "id": 17,
        "type": "ground"
    },
    {
        "time": 79.301141,
        "endTime": 80.364055046513,
        "id": 18,
        "type": "ground"
    },
    {
        "time": 80.885989,
        "endTime": 88.80651525561534,
        "id": 19,
        "type": "ground"
    },
    {
        "time": 89.372844,
        "endTime": 90.74929745325723,
        "id": 20,
        "type": "ground"
    },
    {
        "time": 91.193913,
        "endTime": 92.26487141373816,
        "id": 21,
        "type": "ground"
    },
    {
        "time": 92.799423,
        "endTime": 93.8177414375983,
        "id": 22,
        "type": "ground"
    },
    {
        "time": 94.272961,
        "endTime": 95.36043941868637,
        "id": 23,
        "type": "ground"
    },
    {
        "time": 95.841959,
        "endTime": 96.97772981471505,
        "id": 24,
        "type": "ground"
    },
    {
        "time": 97.528483,
        "endTime": 98.4458362103627,
        "id": 25,
        "type": "ground"
    }
]