{
    "user_id": "3030",
    "session_id": "5a0fdd5a5efd4d725417b95d",
    "study": "gold",
    "workspace": "newrun.run-pink",
    "details": {
        "workspace": "newrun.run-pink",
        "labels": [
            {
                "time": 63.288264,
                "endTime": 74.01668817509594,
                "type": "skip",
                "id": 1
            },
            {
                "time": 138.176231,
                "endTime": 142.68934269565227,
                "type": "run",
                "id": 2
            },
            {
                "time": 276.382645,
                "endTime": 288.2765435407906,
                "type": "skip",
                "id": 3
            },
            {
                "time": 344.567443,
                "endTime": 348.9617409538168,
                "type": "run",
                "id": 4
            },
            {
                "time": 420.934465,
                "endTime": 433.89120627411666,
                "type": "skip",
                "id": 5
            },
            {
                "time": 472.545205,
                "endTime": 477.7042328260893,
                "type": "run",
                "id": 6
            },
            {
                "time": 547.593366,
                "endTime": 560.2541632608813,
                "type": "skip",
                "id": 7
            },
            {
                "time": 596.048505,
                "endTime": 608.4945412716561,
                "type": "skip",
                "id": 8
            }
        ],
        "_starts": [
            "2017-11-18T08:30:02.000Z"
        ],
        "_ends": [
            "2017-11-18T08:34:45.112Z"
        ]
    },
    "labels_file": "/home/ubuntu/vat/data/user-studies/gold/run-pink/3030.labels.json",
    "videoFlash": 3.300376,
    "surveys": {
        "user-info": {
            "firstname": "Naomi",
            "lastname": "Johnson"
        }
    },
    "logs": {
        "labelEvents": [
            {
                "time": "2017-11-18T08:30:43.627Z",
                "type": "START",
                "source": "hotkey",
                "_t": "01:30:43",
                "_end": "-",
                "data": {
                    "type": "skip",
                    "time": 63.288264
                }
            },
            {
                "time": "2017-11-18T08:30:48.459Z",
                "type": "END",
                "source": "data:click:h_pos",
                "_t": "01:30:48",
                "_end": "-",
                "data": {
                    "lbl": {
                        "time": 63.288264,
                        "endTime": 74.01668817509594,
                        "type": "skip",
                        "id": 1
                    }
                }
            },
            {
                "time": "2017-11-18T08:31:11.877Z",
                "type": "START",
                "source": "hotkey",
                "_t": "01:31:11",
                "_end": "-",
                "data": {
                    "type": "run",
                    "time": 138.176231
                }
            },
            {
                "time": "2017-11-18T08:31:25.902Z",
                "type": "END",
                "source": "data:click:h_pos",
                "_t": "01:31:25",
                "_end": "-",
                "data": {
                    "lbl": {
                        "time": 138.176231,
                        "endTime": 142.68934269565227,
                        "type": "run",
                        "id": 2
                    }
                }
            },
            {
                "time": "2017-11-18T08:31:49.536Z",
                "type": "START",
                "source": "hotkey",
                "_t": "01:31:49",
                "_end": "-",
                "data": {
                    "type": "skip",
                    "time": 276.382645
                }
            },
            {
                "time": "2017-11-18T08:31:53.896Z",
                "type": "END",
                "source": "data:click:h_pos",
                "_t": "01:31:53",
                "_end": "-",
                "data": {
                    "lbl": {
                        "time": 276.382645,
                        "endTime": 288.2765435407906,
                        "type": "skip",
                        "id": 3
                    }
                }
            },
            {
                "time": "2017-11-18T08:32:03.603Z",
                "type": "START",
                "source": "hotkey",
                "_t": "01:32:03",
                "_end": "-",
                "data": {
                    "type": "run",
                    "time": 344.567443
                }
            },
            {
                "time": "2017-11-18T08:32:11.270Z",
                "type": "END",
                "source": "data:click:h_pos",
                "_t": "01:32:11",
                "_end": "-",
                "data": {
                    "lbl": {
                        "time": 344.567443,
                        "endTime": 348.9617409538168,
                        "type": "run",
                        "id": 4
                    }
                }
            },
            {
                "time": "2017-11-18T08:32:12.892Z",
                "type": "SELECT",
                "source": "data:click",
                "_t": "01:32:12",
                "_end": "-",
                "data": {
                    "time": 344.567443,
                    "endTime": 348.9617409538168,
                    "type": "run",
                    "id": 4
                }
            },
            {
                "time": "2017-11-18T08:32:13.027Z",
                "type": "DESELECT",
                "source": "data:click",
                "_t": "01:32:13",
                "_end": "-",
                "data": {
                    "time": 344.567443,
                    "endTime": 349.12731928250605,
                    "type": "run",
                    "id": 4
                }
            },
            {
                "time": "2017-11-18T08:32:43.910Z",
                "type": "SELECT",
                "source": "data:click",
                "_t": "01:32:43",
                "_end": "-",
                "data": {
                    "time": 344.567443,
                    "endTime": 348.9617409538168,
                    "type": "run",
                    "id": 4
                }
            },
            {
                "time": {
                    "start": "2017-11-18T08:32:45.943Z",
                    "end": "2017-11-18T08:32:47.628Z"
                },
                "type": "RESIZE",
                "source": "data:brush",
                "_t": "01:32:45",
                "_end": "01:32:47",
                "data": {
                    "brushing": true,
                    "origin": [
                        344.567443,
                        349.12731928250605
                    ],
                    "_brushside": 1,
                    "start": "2017-11-18T08:32:45.943Z",
                    "ε": 0.1,
                    "mode": "resize"
                }
            },
            {
                "time": "2017-11-18T08:32:48.620Z",
                "type": "DESELECT",
                "source": "data:click",
                "_t": "01:32:48",
                "_end": "-",
                "data": {
                    "time": 344.567443,
                    "endTime": 348.9617409538168,
                    "type": "run",
                    "id": 4
                }
            },
            {
                "time": "2017-11-18T08:33:04.130Z",
                "type": "START",
                "source": "hotkey",
                "_t": "01:33:04",
                "_end": "-",
                "data": {
                    "type": "skip",
                    "time": 420.934465
                }
            },
            {
                "time": "2017-11-18T08:33:14.636Z",
                "type": "END",
                "source": "data:click:h_pos",
                "_t": "01:33:14",
                "_end": "-",
                "data": {
                    "lbl": {
                        "time": 420.934465,
                        "endTime": 433.89120627411666,
                        "type": "skip",
                        "id": 5
                    }
                }
            },
            {
                "time": "2017-11-18T08:33:47.634Z",
                "type": "START",
                "source": "hotkey",
                "_t": "01:33:47",
                "_end": "-",
                "data": {
                    "type": "run",
                    "time": 472.545205
                }
            },
            {
                "time": "2017-11-18T08:33:53.351Z",
                "type": "END",
                "source": "data:click:h_pos",
                "_t": "01:33:53",
                "_end": "-",
                "data": {
                    "lbl": {
                        "time": 472.545205,
                        "endTime": 477.7042328260893,
                        "type": "run",
                        "id": 6
                    }
                }
            },
            {
                "time": "2017-11-18T08:34:15.631Z",
                "type": "START",
                "source": "hotkey",
                "_t": "01:34:15",
                "_end": "-",
                "data": {
                    "type": "skip",
                    "time": 547.593366
                }
            },
            {
                "time": "2017-11-18T08:34:25.089Z",
                "type": "END",
                "source": "data:click:h_pos",
                "_t": "01:34:25",
                "_end": "-",
                "data": {
                    "lbl": {
                        "time": 547.593366,
                        "endTime": 560.2541632608813,
                        "type": "skip",
                        "id": 7
                    }
                }
            },
            {
                "time": "2017-11-18T08:34:34.174Z",
                "type": "START",
                "source": "hotkey",
                "_t": "01:34:34",
                "_end": "-",
                "data": {
                    "type": "skip",
                    "time": 596.048505
                }
            },
            {
                "time": "2017-11-18T08:34:40.377Z",
                "type": "END",
                "source": "data:click:h_pos",
                "_t": "01:34:40",
                "_end": "-",
                "data": {
                    "lbl": {
                        "time": 596.048505,
                        "endTime": 608.4945412716561,
                        "type": "skip",
                        "id": 8
                    }
                }
            }
        ],
        "navigationEvents": [
            {
                "time": {
                    "start": "2017-11-18T08:30:02.063Z",
                    "end": "2017-11-18T08:30:15.612Z"
                },
                "type": "SCRUB",
                "source": "data:drag",
                "_t": "01:30:02",
                "_end": "01:30:15",
                "data": {
                    "time": 3.300376
                }
            },
            {
                "time": {
                    "start": "2017-11-18T08:30:02.063Z",
                    "end": "2017-11-18T08:30:15.718Z"
                },
                "type": "SCRUB",
                "source": "data:drag",
                "_t": "01:30:02",
                "_end": "01:30:15",
                "data": {
                    "time": 3.300376
                }
            },
            {
                "time": "2017-11-18T08:30:15.724Z",
                "type": "JUMP",
                "source": "data:dblclick:h_pos",
                "_t": "01:30:15",
                "_end": "-",
                "data": {
                    "from": 3.300376,
                    "to": 62.91333252173912
                }
            },
            {
                "time": "2017-11-18T08:30:25.297Z",
                "type": "PLAY",
                "source": "hotkey",
                "_t": "01:30:25",
                "_end": "-",
                "data": {
                    "key": "space"
                }
            },
            {
                "time": "2017-11-18T08:30:25.918Z",
                "type": "PAUSE",
                "source": "hotkey",
                "_t": "01:30:25",
                "_end": "-",
                "data": {
                    "key": "space"
                }
            },
            {
                "time": {
                    "start": "2017-11-18T08:30:02.063Z",
                    "end": "2017-11-18T08:30:38.436Z"
                },
                "type": "SCRUB",
                "source": "data:drag",
                "_t": "01:30:02",
                "_end": "01:30:38",
                "data": {
                    "time": 63.288264
                }
            },
            {
                "time": "2017-11-18T08:30:43.839Z",
                "type": "PLAY",
                "source": "hotkey",
                "_t": "01:30:43",
                "_end": "-",
                "data": {
                    "key": "space"
                }
            },
            {
                "time": "2017-11-18T08:30:45.801Z",
                "type": "PAUSE",
                "source": "hotkey",
                "_t": "01:30:45",
                "_end": "-",
                "data": {
                    "key": "space"
                }
            },
            {
                "time": {
                    "start": "2017-11-18T08:30:02.063Z",
                    "end": "2017-11-18T08:30:48.456Z"
                },
                "type": "SCRUB",
                "source": "data:drag",
                "_t": "01:30:02",
                "_end": "01:30:48",
                "data": {
                    "time": 65.192952
                }
            },
            {
                "time": {
                    "start": "2017-11-18T08:30:02.063Z",
                    "end": "2017-11-18T08:30:49.447Z"
                },
                "type": "SCRUB",
                "source": "data:drag",
                "_t": "01:30:02",
                "_end": "01:30:49",
                "data": {
                    "time": 65.192952
                }
            },
            {
                "time": {
                    "start": "2017-11-18T08:30:02.063Z",
                    "end": "2017-11-18T08:30:49.542Z"
                },
                "type": "SCRUB",
                "source": "data:drag",
                "_t": "01:30:02",
                "_end": "01:30:49",
                "data": {
                    "time": 65.192952
                }
            },
            {
                "time": "2017-11-18T08:30:49.546Z",
                "type": "JUMP",
                "source": "data:dblclick:h_pos",
                "_t": "01:30:49",
                "_end": "-",
                "data": {
                    "from": 65.192952,
                    "to": 74.01668817509594
                }
            },
            {
                "time": {
                    "start": "2017-11-18T08:30:02.063Z",
                    "end": "2017-11-18T08:30:53.577Z"
                },
                "type": "SCRUB",
                "source": "data:drag",
                "_t": "01:30:02",
                "_end": "01:30:53",
                "data": {
                    "time": 74.016688
                }
            },
            {
                "time": {
                    "start": "2017-11-18T08:30:02.063Z",
                    "end": "2017-11-18T08:30:53.703Z"
                },
                "type": "SCRUB",
                "source": "data:drag",
                "_t": "01:30:02",
                "_end": "01:30:53",
                "data": {
                    "time": 74.016688
                }
            },
            {
                "time": "2017-11-18T08:30:53.708Z",
                "type": "JUMP",
                "source": "data:dblclick:h_pos",
                "_t": "01:30:53",
                "_end": "-",
                "data": {
                    "from": 74.016688,
                    "to": 136.33216651631614
                }
            },
            {
                "time": "2017-11-18T08:30:58.040Z",
                "type": "PLAY",
                "source": "hotkey",
                "_t": "01:30:58",
                "_end": "-",
                "data": {
                    "key": "space"
                }
            },
            {
                "time": "2017-11-18T08:30:59.747Z",
                "type": "PAUSE",
                "source": "hotkey",
                "_t": "01:30:59",
                "_end": "-",
                "data": {
                    "key": "space"
                }
            },
            {
                "time": "2017-11-18T08:31:00.734Z",
                "type": "PLAY",
                "source": "hotkey",
                "_t": "01:31:00",
                "_end": "-",
                "data": {
                    "key": "space"
                }
            },
            {
                "time": "2017-11-18T08:31:00.923Z",
                "type": "PAUSE",
                "source": "hotkey",
                "_t": "01:31:00",
                "_end": "-",
                "data": {
                    "key": "space"
                }
            },
            {
                "time": "2017-11-18T08:31:12.063Z",
                "type": "PLAY",
                "source": "hotkey",
                "_t": "01:31:12",
                "_end": "-",
                "data": {
                    "key": "space"
                }
            },
            {
                "time": "2017-11-18T08:31:15.770Z",
                "type": "PAUSE",
                "source": "hotkey",
                "_t": "01:31:15",
                "_end": "-",
                "data": {
                    "key": "space"
                }
            },
            {
                "time": "2017-11-18T08:31:16.532Z",
                "type": "PLAY",
                "source": "hotkey",
                "_t": "01:31:16",
                "_end": "-",
                "data": {
                    "key": "space"
                }
            },
            {
                "time": "2017-11-18T08:31:16.711Z",
                "type": "PAUSE",
                "source": "hotkey",
                "_t": "01:31:16",
                "_end": "-",
                "data": {
                    "key": "space"
                }
            },
            {
                "time": "2017-11-18T08:31:17.364Z",
                "type": "PLAY",
                "source": "hotkey",
                "_t": "01:31:17",
                "_end": "-",
                "data": {
                    "key": "space"
                }
            },
            {
                "time": "2017-11-18T08:31:17.612Z",
                "type": "PAUSE",
                "source": "hotkey",
                "_t": "01:31:17",
                "_end": "-",
                "data": {
                    "key": "space"
                }
            },
            {
                "time": "2017-11-18T08:31:18.350Z",
                "type": "PLAY",
                "source": "hotkey",
                "_t": "01:31:18",
                "_end": "-",
                "data": {
                    "key": "space"
                }
            },
            {
                "time": "2017-11-18T08:31:19.345Z",
                "type": "PAUSE",
                "source": "hotkey",
                "_t": "01:31:19",
                "_end": "-",
                "data": {
                    "key": "space"
                }
            },
            {
                "time": {
                    "start": "2017-11-18T08:30:02.063Z",
                    "end": "2017-11-18T08:31:25.899Z"
                },
                "type": "SCRUB",
                "source": "data:drag",
                "_t": "01:30:02",
                "_end": "01:31:25",
                "data": {
                    "time": 143.335614
                }
            },
            {
                "time": {
                    "start": "2017-11-18T08:30:02.063Z",
                    "end": "2017-11-18T08:31:31.314Z"
                },
                "type": "SCRUB",
                "source": "data:drag",
                "_t": "01:30:02",
                "_end": "01:31:31",
                "data": {
                    "time": 143.335614
                }
            },
            {
                "time": {
                    "start": "2017-11-18T08:30:02.063Z",
                    "end": "2017-11-18T08:31:31.437Z"
                },
                "type": "SCRUB",
                "source": "data:drag",
                "_t": "01:30:02",
                "_end": "01:31:31",
                "data": {
                    "time": 143.335614
                }
            },
            {
                "time": "2017-11-18T08:31:31.446Z",
                "type": "JUMP",
                "source": "data:dblclick:h_pos",
                "_t": "01:31:31",
                "_end": "-",
                "data": {
                    "from": 143.335614,
                    "to": 273.50529909379225
                }
            },
            {
                "time": {
                    "start": "2017-11-18T08:30:02.063Z",
                    "end": "2017-11-18T08:31:34.542Z"
                },
                "type": "SCRUB",
                "source": "data:drag",
                "_t": "01:30:02",
                "_end": "01:31:34",
                "data": {
                    "time": 273.505299
                }
            },
            {
                "time": {
                    "start": "2017-11-18T08:30:02.063Z",
                    "end": "2017-11-18T08:31:34.651Z"
                },
                "type": "SCRUB",
                "source": "data:drag",
                "_t": "01:30:02",
                "_end": "01:31:34",
                "data": {
                    "time": 273.505299
                }
            },
            {
                "time": "2017-11-18T08:31:34.652Z",
                "type": "JUMP",
                "source": "data:dblclick:h_pos",
                "_t": "01:31:34",
                "_end": "-",
                "data": {
                    "from": 273.505299,
                    "to": 275.73812974370867
                }
            },
            {
                "time": "2017-11-18T08:31:36.866Z",
                "type": "PLAY",
                "source": "hotkey",
                "_t": "01:31:36",
                "_end": "-",
                "data": {
                    "key": "space"
                }
            },
            {
                "time": "2017-11-18T08:31:37.820Z",
                "type": "PAUSE",
                "source": "hotkey",
                "_t": "01:31:37",
                "_end": "-",
                "data": {
                    "key": "space"
                }
            },
            {
                "time": "2017-11-18T08:31:41.582Z",
                "type": "SKIP",
                "source": "hotkey",
                "_t": "01:31:41",
                "_end": "-",
                "data": {
                    "t": 276.649581,
                    "Δt": -0.033366700033366704,
                    "key": "shift+left"
                }
            },
            {
                "time": "2017-11-18T08:31:42.054Z",
                "type": "SKIP",
                "source": "hotkey",
                "_t": "01:31:42",
                "_end": "-",
                "data": {
                    "t": 276.616214,
                    "Δt": -0.033366700033366704,
                    "key": "shift+left"
                }
            },
            {
                "time": "2017-11-18T08:31:42.498Z",
                "type": "SKIP",
                "source": "hotkey",
                "_t": "01:31:42",
                "_end": "-",
                "data": {
                    "t": 276.582847,
                    "Δt": -0.033366700033366704,
                    "key": "shift+left"
                }
            },
            {
                "time": "2017-11-18T08:31:42.921Z",
                "type": "SKIP",
                "source": "hotkey",
                "_t": "01:31:42",
                "_end": "-",
                "data": {
                    "t": 276.54948,
                    "Δt": -0.033366700033366704,
                    "key": "shift+left"
                }
            },
            {
                "time": "2017-11-18T08:31:43.343Z",
                "type": "SKIP",
                "source": "hotkey",
                "_t": "01:31:43",
                "_end": "-",
                "data": {
                    "t": 276.516113,
                    "Δt": -0.033366700033366704,
                    "key": "shift+left"
                }
            },
            {
                "time": "2017-11-18T08:31:43.757Z",
                "type": "SKIP",
                "source": "hotkey",
                "_t": "01:31:43",
                "_end": "-",
                "data": {
                    "t": 276.482746,
                    "Δt": -0.033366700033366704,
                    "key": "shift+left"
                }
            },
            {
                "time": "2017-11-18T08:31:44.814Z",
                "type": "SKIP",
                "source": "hotkey",
                "_t": "01:31:44",
                "_end": "-",
                "data": {
                    "t": 276.449379,
                    "Δt": -0.033366700033366704,
                    "key": "shift+left"
                }
            },
            {
                "time": "2017-11-18T08:31:45.861Z",
                "type": "SKIP",
                "source": "hotkey",
                "_t": "01:31:45",
                "_end": "-",
                "data": {
                    "t": 276.416012,
                    "Δt": -0.033366700033366704,
                    "key": "shift+left"
                }
            },
            {
                "time": "2017-11-18T08:31:49.826Z",
                "type": "PLAY",
                "source": "hotkey",
                "_t": "01:31:49",
                "_end": "-",
                "data": {
                    "key": "space"
                }
            },
            {
                "time": "2017-11-18T08:31:50.684Z",
                "type": "PAUSE",
                "source": "hotkey",
                "_t": "01:31:50",
                "_end": "-",
                "data": {
                    "key": "space"
                }
            },
            {
                "time": {
                    "start": "2017-11-18T08:30:02.063Z",
                    "end": "2017-11-18T08:31:53.893Z"
                },
                "type": "SCRUB",
                "source": "data:drag",
                "_t": "01:30:02",
                "_end": "01:31:53",
                "data": {
                    "time": 277.188079
                }
            },
            {
                "time": {
                    "start": "2017-11-18T08:30:02.063Z",
                    "end": "2017-11-18T08:31:56.299Z"
                },
                "type": "SCRUB",
                "source": "data:drag",
                "_t": "01:30:02",
                "_end": "01:31:56",
                "data": {
                    "time": 277.188079
                }
            },
            {
                "time": {
                    "start": "2017-11-18T08:30:02.063Z",
                    "end": "2017-11-18T08:31:56.395Z"
                },
                "type": "SCRUB",
                "source": "data:drag",
                "_t": "01:30:02",
                "_end": "01:31:56",
                "data": {
                    "time": 277.188079
                }
            },
            {
                "time": "2017-11-18T08:31:56.397Z",
                "type": "JUMP",
                "source": "data:dblclick:h_pos",
                "_t": "01:31:56",
                "_end": "-",
                "data": {
                    "from": 277.188079,
                    "to": 342.65146619754586
                }
            },
            {
                "time": {
                    "start": "2017-11-18T08:30:02.063Z",
                    "end": "2017-11-18T08:32:00.379Z"
                },
                "type": "SCRUB",
                "source": "data:drag",
                "_t": "01:30:02",
                "_end": "01:32:00",
                "data": {
                    "time": 342.651466
                }
            },
            {
                "time": {
                    "start": "2017-11-18T08:30:02.063Z",
                    "end": "2017-11-18T08:32:00.497Z"
                },
                "type": "SCRUB",
                "source": "data:drag",
                "_t": "01:30:02",
                "_end": "01:32:00",
                "data": {
                    "time": 342.651466
                }
            },
            {
                "time": "2017-11-18T08:32:00.505Z",
                "type": "JUMP",
                "source": "data:dblclick:h_pos",
                "_t": "01:32:00",
                "_end": "-",
                "data": {
                    "from": 342.651466,
                    "to": 344.5674438034044
                }
            },
            {
                "time": "2017-11-18T08:32:04.056Z",
                "type": "PLAY",
                "source": "hotkey",
                "_t": "01:32:04",
                "_end": "-",
                "data": {
                    "key": "space"
                }
            },
            {
                "time": "2017-11-18T08:32:06.002Z",
                "type": "PAUSE",
                "source": "hotkey",
                "_t": "01:32:06",
                "_end": "-",
                "data": {
                    "key": "space"
                }
            },
            {
                "time": {
                    "start": "2017-11-18T08:30:02.063Z",
                    "end": "2017-11-18T08:32:11.266Z"
                },
                "type": "SCRUB",
                "source": "data:drag",
                "_t": "01:30:02",
                "_end": "01:32:11",
                "data": {
                    "time": 346.466239
                }
            },
            {
                "time": {
                    "start": "2017-11-18T08:30:02.063Z",
                    "end": "2017-11-18T08:32:12.889Z"
                },
                "type": "SCRUB",
                "source": "data:drag",
                "_t": "01:30:02",
                "_end": "01:32:12",
                "data": {
                    "time": 346.466239
                }
            },
            {
                "time": {
                    "start": "2017-11-18T08:30:02.063Z",
                    "end": "2017-11-18T08:32:13.027Z"
                },
                "type": "SCRUB",
                "source": "data:drag",
                "_t": "01:30:02",
                "_end": "01:32:13",
                "data": {
                    "time": 346.466239
                }
            },
            {
                "time": "2017-11-18T08:32:13.029Z",
                "type": "JUMP",
                "source": "data:dblclick:h_pos",
                "_t": "01:32:13",
                "_end": "-",
                "data": {
                    "from": 346.466239,
                    "to": 349.12731928250605
                }
            },
            {
                "time": "2017-11-18T08:32:16.595Z",
                "type": "SKIP",
                "source": "hotkey",
                "_t": "01:32:16",
                "_end": "-",
                "data": {
                    "t": 349.127319,
                    "Δt": -0.033366700033366704,
                    "key": "shift+left"
                }
            },
            {
                "time": "2017-11-18T08:32:16.949Z",
                "type": "SKIP",
                "source": "hotkey",
                "_t": "01:32:16",
                "_end": "-",
                "data": {
                    "t": 349.093952,
                    "Δt": -0.033366700033366704,
                    "key": "shift+left"
                }
            },
            {
                "time": "2017-11-18T08:32:17.213Z",
                "type": "SKIP",
                "source": "hotkey",
                "_t": "01:32:17",
                "_end": "-",
                "data": {
                    "t": 349.060585,
                    "Δt": -0.033366700033366704,
                    "key": "shift+left"
                }
            },
            {
                "time": "2017-11-18T08:32:17.410Z",
                "type": "SKIP",
                "source": "hotkey",
                "_t": "01:32:17",
                "_end": "-",
                "data": {
                    "t": 349.027218,
                    "Δt": -0.033366700033366704,
                    "key": "shift+left"
                }
            },
            {
                "time": "2017-11-18T08:32:17.575Z",
                "type": "SKIP",
                "source": "hotkey",
                "_t": "01:32:17",
                "_end": "-",
                "data": {
                    "t": 348.993851,
                    "Δt": -0.033366700033366704,
                    "key": "shift+left"
                }
            },
            {
                "time": "2017-11-18T08:32:17.709Z",
                "type": "SKIP",
                "source": "hotkey",
                "_t": "01:32:17",
                "_end": "-",
                "data": {
                    "t": 348.960484,
                    "Δt": -0.033366700033366704,
                    "key": "shift+left"
                }
            },
            {
                "time": "2017-11-18T08:32:17.926Z",
                "type": "SKIP",
                "source": "hotkey",
                "_t": "01:32:17",
                "_end": "-",
                "data": {
                    "t": 348.927117,
                    "Δt": -0.033366700033366704,
                    "key": "shift+left"
                }
            },
            {
                "time": "2017-11-18T08:32:18.105Z",
                "type": "SKIP",
                "source": "hotkey",
                "_t": "01:32:18",
                "_end": "-",
                "data": {
                    "t": 348.89375,
                    "Δt": -0.033366700033366704,
                    "key": "shift+left"
                }
            },
            {
                "time": "2017-11-18T08:32:18.369Z",
                "type": "SKIP",
                "source": "hotkey",
                "_t": "01:32:18",
                "_end": "-",
                "data": {
                    "t": 348.860383,
                    "Δt": -0.033366700033366704,
                    "key": "shift+left"
                }
            },
            {
                "time": "2017-11-18T08:32:18.812Z",
                "type": "SKIP",
                "source": "hotkey",
                "_t": "01:32:18",
                "_end": "-",
                "data": {
                    "t": 348.827016,
                    "Δt": -0.033366700033366704,
                    "key": "shift+left"
                }
            },
            {
                "time": "2017-11-18T08:32:20.665Z",
                "type": "SKIP",
                "source": "hotkey",
                "_t": "01:32:20",
                "_end": "-",
                "data": {
                    "t": 348.793649,
                    "Δt": -0.033366700033366704,
                    "key": "shift+left"
                }
            },
            {
                "time": "2017-11-18T08:32:21.377Z",
                "type": "SKIP",
                "source": "hotkey",
                "_t": "01:32:21",
                "_end": "-",
                "data": {
                    "t": 348.760282,
                    "Δt": -0.033366700033366704,
                    "key": "shift+left"
                }
            },
            {
                "time": "2017-11-18T08:32:23.858Z",
                "type": "SKIP",
                "source": "hotkey",
                "_t": "01:32:23",
                "_end": "-",
                "data": {
                    "t": 348.726915,
                    "Δt": -0.033366700033366704,
                    "key": "shift+left"
                }
            },
            {
                "time": "2017-11-18T08:32:24.061Z",
                "type": "SKIP",
                "source": "hotkey",
                "_t": "01:32:24",
                "_end": "-",
                "data": {
                    "t": 348.693548,
                    "Δt": -0.033366700033366704,
                    "key": "shift+left"
                }
            },
            {
                "time": "2017-11-18T08:32:24.259Z",
                "type": "SKIP",
                "source": "hotkey",
                "_t": "01:32:24",
                "_end": "-",
                "data": {
                    "t": 348.660181,
                    "Δt": -0.033366700033366704,
                    "key": "shift+left"
                }
            },
            {
                "time": "2017-11-18T08:32:24.446Z",
                "type": "SKIP",
                "source": "hotkey",
                "_t": "01:32:24",
                "_end": "-",
                "data": {
                    "t": 348.626814,
                    "Δt": -0.033366700033366704,
                    "key": "shift+left"
                }
            },
            {
                "time": "2017-11-18T08:32:24.651Z",
                "type": "SKIP",
                "source": "hotkey",
                "_t": "01:32:24",
                "_end": "-",
                "data": {
                    "t": 348.593447,
                    "Δt": -0.033366700033366704,
                    "key": "shift+left"
                }
            },
            {
                "time": "2017-11-18T08:32:24.827Z",
                "type": "SKIP",
                "source": "hotkey",
                "_t": "01:32:24",
                "_end": "-",
                "data": {
                    "t": 348.56008,
                    "Δt": -0.033366700033366704,
                    "key": "shift+left"
                }
            },
            {
                "time": "2017-11-18T08:32:25.016Z",
                "type": "SKIP",
                "source": "hotkey",
                "_t": "01:32:25",
                "_end": "-",
                "data": {
                    "t": 348.526713,
                    "Δt": -0.033366700033366704,
                    "key": "shift+left"
                }
            },
            {
                "time": "2017-11-18T08:32:25.198Z",
                "type": "SKIP",
                "source": "hotkey",
                "_t": "01:32:25",
                "_end": "-",
                "data": {
                    "t": 348.493346,
                    "Δt": -0.033366700033366704,
                    "key": "shift+left"
                }
            },
            {
                "time": "2017-11-18T08:32:25.350Z",
                "type": "SKIP",
                "source": "hotkey",
                "_t": "01:32:25",
                "_end": "-",
                "data": {
                    "t": 348.459979,
                    "Δt": -0.033366700033366704,
                    "key": "shift+left"
                }
            },
            {
                "time": "2017-11-18T08:32:25.498Z",
                "type": "SKIP",
                "source": "hotkey",
                "_t": "01:32:25",
                "_end": "-",
                "data": {
                    "t": 348.426612,
                    "Δt": -0.033366700033366704,
                    "key": "shift+left"
                }
            },
            {
                "time": "2017-11-18T08:32:25.762Z",
                "type": "SKIP",
                "source": "hotkey",
                "_t": "01:32:25",
                "_end": "-",
                "data": {
                    "t": 348.393245,
                    "Δt": -0.033366700033366704,
                    "key": "shift+left"
                }
            },
            {
                "time": "2017-11-18T08:32:25.953Z",
                "type": "SKIP",
                "source": "hotkey",
                "_t": "01:32:25",
                "_end": "-",
                "data": {
                    "t": 348.359878,
                    "Δt": -0.033366700033366704,
                    "key": "shift+left"
                }
            },
            {
                "time": "2017-11-18T08:32:26.140Z",
                "type": "SKIP",
                "source": "hotkey",
                "_t": "01:32:26",
                "_end": "-",
                "data": {
                    "t": 348.326511,
                    "Δt": -0.033366700033366704,
                    "key": "shift+left"
                }
            },
            {
                "time": "2017-11-18T08:32:26.332Z",
                "type": "SKIP",
                "source": "hotkey",
                "_t": "01:32:26",
                "_end": "-",
                "data": {
                    "t": 348.293144,
                    "Δt": -0.033366700033366704,
                    "key": "shift+left"
                }
            },
            {
                "time": "2017-11-18T08:32:26.760Z",
                "type": "SKIP",
                "source": "hotkey",
                "_t": "01:32:26",
                "_end": "-",
                "data": {
                    "t": 348.259777,
                    "Δt": -0.033366700033366704,
                    "key": "shift+left"
                }
            },
            {
                "time": "2017-11-18T08:32:26.976Z",
                "type": "SKIP",
                "source": "hotkey",
                "_t": "01:32:26",
                "_end": "-",
                "data": {
                    "t": 348.22641,
                    "Δt": -0.033366700033366704,
                    "key": "shift+left"
                }
            },
            {
                "time": "2017-11-18T08:32:27.164Z",
                "type": "SKIP",
                "source": "hotkey",
                "_t": "01:32:27",
                "_end": "-",
                "data": {
                    "t": 348.193043,
                    "Δt": -0.033366700033366704,
                    "key": "shift+left"
                }
            },
            {
                "time": "2017-11-18T08:32:28.129Z",
                "type": "SKIP",
                "source": "hotkey",
                "_t": "01:32:28",
                "_end": "-",
                "data": {
                    "t": 348.159676,
                    "Δt": 0.033366700033366704,
                    "key": "shift+right"
                }
            },
            {
                "time": "2017-11-18T08:32:28.566Z",
                "type": "SKIP",
                "source": "hotkey",
                "_t": "01:32:28",
                "_end": "-",
                "data": {
                    "t": 348.193042,
                    "Δt": 0.033366700033366704,
                    "key": "shift+right"
                }
            },
            {
                "time": "2017-11-18T08:32:29.069Z",
                "type": "SKIP",
                "source": "hotkey",
                "_t": "01:32:29",
                "_end": "-",
                "data": {
                    "t": 348.226408,
                    "Δt": 0.033366700033366704,
                    "key": "shift+right"
                }
            },
            {
                "time": "2017-11-18T08:32:29.666Z",
                "type": "SKIP",
                "source": "hotkey",
                "_t": "01:32:29",
                "_end": "-",
                "data": {
                    "t": 348.259774,
                    "Δt": 0.033366700033366704,
                    "key": "shift+right"
                }
            },
            {
                "time": "2017-11-18T08:32:30.653Z",
                "type": "SKIP",
                "source": "hotkey",
                "_t": "01:32:30",
                "_end": "-",
                "data": {
                    "t": 348.29314,
                    "Δt": 0.033366700033366704,
                    "key": "shift+right"
                }
            },
            {
                "time": "2017-11-18T08:32:31.374Z",
                "type": "SKIP",
                "source": "hotkey",
                "_t": "01:32:31",
                "_end": "-",
                "data": {
                    "t": 348.326506,
                    "Δt": 0.033366700033366704,
                    "key": "shift+right"
                }
            },
            {
                "time": "2017-11-18T08:32:32.050Z",
                "type": "SKIP",
                "source": "hotkey",
                "_t": "01:32:32",
                "_end": "-",
                "data": {
                    "t": 348.359872,
                    "Δt": 0.033366700033366704,
                    "key": "shift+right"
                }
            },
            {
                "time": "2017-11-18T08:32:32.770Z",
                "type": "SKIP",
                "source": "hotkey",
                "_t": "01:32:32",
                "_end": "-",
                "data": {
                    "t": 348.393238,
                    "Δt": 0.033366700033366704,
                    "key": "shift+right"
                }
            },
            {
                "time": "2017-11-18T08:32:33.550Z",
                "type": "SKIP",
                "source": "hotkey",
                "_t": "01:32:33",
                "_end": "-",
                "data": {
                    "t": 348.426604,
                    "Δt": 0.033366700033366704,
                    "key": "shift+right"
                }
            },
            {
                "time": "2017-11-18T08:32:34.222Z",
                "type": "SKIP",
                "source": "hotkey",
                "_t": "01:32:34",
                "_end": "-",
                "data": {
                    "t": 348.45997,
                    "Δt": 0.033366700033366704,
                    "key": "shift+right"
                }
            },
            {
                "time": "2017-11-18T08:32:35.250Z",
                "type": "SKIP",
                "source": "hotkey",
                "_t": "01:32:35",
                "_end": "-",
                "data": {
                    "t": 348.493336,
                    "Δt": -0.033366700033366704,
                    "key": "shift+left"
                }
            },
            {
                "time": "2017-11-18T08:32:35.697Z",
                "type": "SKIP",
                "source": "hotkey",
                "_t": "01:32:35",
                "_end": "-",
                "data": {
                    "t": 348.459969,
                    "Δt": -0.033366700033366704,
                    "key": "shift+left"
                }
            },
            {
                "time": "2017-11-18T08:32:39.377Z",
                "type": "SKIP",
                "source": "hotkey",
                "_t": "01:32:39",
                "_end": "-",
                "data": {
                    "t": 348.426602,
                    "Δt": 0.033366700033366704,
                    "key": "shift+right"
                }
            },
            {
                "time": "2017-11-18T08:32:39.628Z",
                "type": "SKIP",
                "source": "hotkey",
                "_t": "01:32:39",
                "_end": "-",
                "data": {
                    "t": 348.459968,
                    "Δt": 0.033366700033366704,
                    "key": "shift+right"
                }
            },
            {
                "time": "2017-11-18T08:32:39.846Z",
                "type": "SKIP",
                "source": "hotkey",
                "_t": "01:32:39",
                "_end": "-",
                "data": {
                    "t": 348.493334,
                    "Δt": 0.033366700033366704,
                    "key": "shift+right"
                }
            },
            {
                "time": "2017-11-18T08:32:40.030Z",
                "type": "SKIP",
                "source": "hotkey",
                "_t": "01:32:40",
                "_end": "-",
                "data": {
                    "t": 348.5267,
                    "Δt": 0.033366700033366704,
                    "key": "shift+right"
                }
            },
            {
                "time": "2017-11-18T08:32:40.532Z",
                "type": "SKIP",
                "source": "hotkey",
                "_t": "01:32:40",
                "_end": "-",
                "data": {
                    "t": 348.560066,
                    "Δt": 0.033366700033366704,
                    "key": "shift+right"
                }
            },
            {
                "time": "2017-11-18T08:32:40.563Z",
                "type": "SKIP",
                "source": "hotkey",
                "_t": "01:32:40",
                "_end": "-",
                "data": {
                    "t": 348.593432,
                    "Δt": 0.033366700033366704,
                    "key": "shift+right"
                }
            },
            {
                "time": "2017-11-18T08:32:40.599Z",
                "type": "SKIP",
                "source": "hotkey",
                "_t": "01:32:40",
                "_end": "-",
                "data": {
                    "t": 348.626798,
                    "Δt": 0.033366700033366704,
                    "key": "shift+right"
                }
            },
            {
                "time": "2017-11-18T08:32:40.627Z",
                "type": "SKIP",
                "source": "hotkey",
                "_t": "01:32:40",
                "_end": "-",
                "data": {
                    "t": 348.660164,
                    "Δt": 0.033366700033366704,
                    "key": "shift+right"
                }
            },
            {
                "time": "2017-11-18T08:32:40.658Z",
                "type": "SKIP",
                "source": "hotkey",
                "_t": "01:32:40",
                "_end": "-",
                "data": {
                    "t": 348.69353,
                    "Δt": 0.033366700033366704,
                    "key": "shift+right"
                }
            },
            {
                "time": "2017-11-18T08:32:40.686Z",
                "type": "SKIP",
                "source": "hotkey",
                "_t": "01:32:40",
                "_end": "-",
                "data": {
                    "t": 348.726896,
                    "Δt": 0.033366700033366704,
                    "key": "shift+right"
                }
            },
            {
                "time": "2017-11-18T08:32:40.715Z",
                "type": "SKIP",
                "source": "hotkey",
                "_t": "01:32:40",
                "_end": "-",
                "data": {
                    "t": 348.760262,
                    "Δt": 0.033366700033366704,
                    "key": "shift+right"
                }
            },
            {
                "time": "2017-11-18T08:32:40.745Z",
                "type": "SKIP",
                "source": "hotkey",
                "_t": "01:32:40",
                "_end": "-",
                "data": {
                    "t": 348.793628,
                    "Δt": 0.033366700033366704,
                    "key": "shift+right"
                }
            },
            {
                "time": "2017-11-18T08:32:40.776Z",
                "type": "SKIP",
                "source": "hotkey",
                "_t": "01:32:40",
                "_end": "-",
                "data": {
                    "t": 348.826994,
                    "Δt": 0.033366700033366704,
                    "key": "shift+right"
                }
            },
            {
                "time": "2017-11-18T08:32:40.808Z",
                "type": "SKIP",
                "source": "hotkey",
                "_t": "01:32:40",
                "_end": "-",
                "data": {
                    "t": 348.86036,
                    "Δt": 0.033366700033366704,
                    "key": "shift+right"
                }
            },
            {
                "time": "2017-11-18T08:32:40.837Z",
                "type": "SKIP",
                "source": "hotkey",
                "_t": "01:32:40",
                "_end": "-",
                "data": {
                    "t": 348.893726,
                    "Δt": 0.033366700033366704,
                    "key": "shift+right"
                }
            },
            {
                "time": "2017-11-18T08:32:40.866Z",
                "type": "SKIP",
                "source": "hotkey",
                "_t": "01:32:40",
                "_end": "-",
                "data": {
                    "t": 348.927092,
                    "Δt": 0.033366700033366704,
                    "key": "shift+right"
                }
            },
            {
                "time": "2017-11-18T08:32:40.896Z",
                "type": "SKIP",
                "source": "hotkey",
                "_t": "01:32:40",
                "_end": "-",
                "data": {
                    "t": 348.960458,
                    "Δt": 0.033366700033366704,
                    "key": "shift+right"
                }
            },
            {
                "time": "2017-11-18T08:32:41.215Z",
                "type": "SKIP",
                "source": "hotkey",
                "_t": "01:32:41",
                "_end": "-",
                "data": {
                    "t": 348.993824,
                    "Δt": 0.033366700033366704,
                    "key": "shift+right"
                }
            },
            {
                "time": {
                    "start": "2017-11-18T08:30:02.063Z",
                    "end": "2017-11-18T08:32:43.908Z"
                },
                "type": "SCRUB",
                "source": "data:drag",
                "_t": "01:30:02",
                "_end": "01:32:43",
                "data": {
                    "time": 349.02719
                }
            },
            {
                "time": {
                    "start": "2017-11-18T08:30:02.063Z",
                    "end": "2017-11-18T08:32:47.645Z"
                },
                "type": "SCRUB",
                "source": "data:drag",
                "_t": "01:30:02",
                "_end": "01:32:47",
                "data": {
                    "time": 349.02719
                }
            },
            {
                "time": {
                    "start": "2017-11-18T08:30:02.063Z",
                    "end": "2017-11-18T08:32:48.618Z"
                },
                "type": "SCRUB",
                "source": "data:drag",
                "_t": "01:30:02",
                "_end": "01:32:48",
                "data": {
                    "time": 349.02719
                }
            },
            {
                "time": {
                    "start": "2017-11-18T08:30:02.063Z",
                    "end": "2017-11-18T08:32:50.570Z"
                },
                "type": "SCRUB",
                "source": "data:drag",
                "_t": "01:30:02",
                "_end": "01:32:50",
                "data": {
                    "time": 349.02719
                }
            },
            {
                "time": {
                    "start": "2017-11-18T08:30:02.063Z",
                    "end": "2017-11-18T08:32:50.670Z"
                },
                "type": "SCRUB",
                "source": "data:drag",
                "_t": "01:30:02",
                "_end": "01:32:50",
                "data": {
                    "time": 349.02719
                }
            },
            {
                "time": "2017-11-18T08:32:50.679Z",
                "type": "JUMP",
                "source": "data:dblclick:h_pos",
                "_t": "01:32:50",
                "_end": "-",
                "data": {
                    "from": 349.02719,
                    "to": 420.048231813105
                }
            },
            {
                "time": "2017-11-18T08:32:53.914Z",
                "type": "PLAY",
                "source": "hotkey",
                "_t": "01:32:53",
                "_end": "-",
                "data": {
                    "key": "space"
                }
            },
            {
                "time": "2017-11-18T08:32:54.842Z",
                "type": "PAUSE",
                "source": "hotkey",
                "_t": "01:32:54",
                "_end": "-",
                "data": {
                    "key": "space"
                }
            },
            {
                "time": "2017-11-18T08:32:55.429Z",
                "type": "PLAY",
                "source": "hotkey",
                "_t": "01:32:55",
                "_end": "-",
                "data": {
                    "key": "space"
                }
            },
            {
                "time": "2017-11-18T08:32:55.815Z",
                "type": "PAUSE",
                "source": "hotkey",
                "_t": "01:32:55",
                "_end": "-",
                "data": {
                    "key": "space"
                }
            },
            {
                "time": "2017-11-18T08:32:57.882Z",
                "type": "SKIP",
                "source": "hotkey",
                "_t": "01:32:57",
                "_end": "-",
                "data": {
                    "t": 421.334869,
                    "Δt": -0.033366700033366704,
                    "key": "shift+left"
                }
            },
            {
                "time": "2017-11-18T08:32:58.247Z",
                "type": "SKIP",
                "source": "hotkey",
                "_t": "01:32:58",
                "_end": "-",
                "data": {
                    "t": 421.301502,
                    "Δt": -0.033366700033366704,
                    "key": "shift+left"
                }
            },
            {
                "time": "2017-11-18T08:32:58.525Z",
                "type": "SKIP",
                "source": "hotkey",
                "_t": "01:32:58",
                "_end": "-",
                "data": {
                    "t": 421.268135,
                    "Δt": -0.033366700033366704,
                    "key": "shift+left"
                }
            },
            {
                "time": "2017-11-18T08:32:58.767Z",
                "type": "SKIP",
                "source": "hotkey",
                "_t": "01:32:58",
                "_end": "-",
                "data": {
                    "t": 421.234768,
                    "Δt": -0.033366700033366704,
                    "key": "shift+left"
                }
            },
            {
                "time": "2017-11-18T08:32:58.977Z",
                "type": "SKIP",
                "source": "hotkey",
                "_t": "01:32:58",
                "_end": "-",
                "data": {
                    "t": 421.201401,
                    "Δt": -0.033366700033366704,
                    "key": "shift+left"
                }
            },
            {
                "time": "2017-11-18T08:32:59.386Z",
                "type": "SKIP",
                "source": "hotkey",
                "_t": "01:32:59",
                "_end": "-",
                "data": {
                    "t": 421.168034,
                    "Δt": -0.033366700033366704,
                    "key": "shift+left"
                }
            },
            {
                "time": "2017-11-18T08:32:59.612Z",
                "type": "SKIP",
                "source": "hotkey",
                "_t": "01:32:59",
                "_end": "-",
                "data": {
                    "t": 421.134667,
                    "Δt": -0.033366700033366704,
                    "key": "shift+left"
                }
            },
            {
                "time": "2017-11-18T08:33:00.543Z",
                "type": "SKIP",
                "source": "hotkey",
                "_t": "01:33:00",
                "_end": "-",
                "data": {
                    "t": 421.1013,
                    "Δt": -0.033366700033366704,
                    "key": "shift+left"
                }
            },
            {
                "time": "2017-11-18T08:33:00.904Z",
                "type": "SKIP",
                "source": "hotkey",
                "_t": "01:33:00",
                "_end": "-",
                "data": {
                    "t": 421.067933,
                    "Δt": -0.033366700033366704,
                    "key": "shift+left"
                }
            },
            {
                "time": "2017-11-18T08:33:01.383Z",
                "type": "SKIP",
                "source": "hotkey",
                "_t": "01:33:01",
                "_end": "-",
                "data": {
                    "t": 421.034566,
                    "Δt": -0.033366700033366704,
                    "key": "shift+left"
                }
            },
            {
                "time": "2017-11-18T08:33:01.933Z",
                "type": "SKIP",
                "source": "hotkey",
                "_t": "01:33:01",
                "_end": "-",
                "data": {
                    "t": 421.001199,
                    "Δt": -0.033366700033366704,
                    "key": "shift+left"
                }
            },
            {
                "time": "2017-11-18T08:33:02.414Z",
                "type": "SKIP",
                "source": "hotkey",
                "_t": "01:33:02",
                "_end": "-",
                "data": {
                    "t": 420.967832,
                    "Δt": -0.033366700033366704,
                    "key": "shift+left"
                }
            },
            {
                "time": "2017-11-18T08:33:04.508Z",
                "type": "PLAY",
                "source": "hotkey",
                "_t": "01:33:04",
                "_end": "-",
                "data": {
                    "key": "space"
                }
            },
            {
                "time": "2017-11-18T08:33:11.587Z",
                "type": "PAUSE",
                "source": "hotkey",
                "_t": "01:33:11",
                "_end": "-",
                "data": {
                    "key": "space"
                }
            },
            {
                "time": {
                    "start": "2017-11-18T08:30:02.063Z",
                    "end": "2017-11-18T08:33:14.631Z"
                },
                "type": "SCRUB",
                "source": "data:drag",
                "_t": "01:30:02",
                "_end": "01:33:14",
                "data": {
                    "time": 427.926316
                }
            },
            {
                "time": {
                    "start": "2017-11-18T08:30:02.063Z",
                    "end": "2017-11-18T08:33:14.752Z"
                },
                "type": "SCRUB",
                "source": "data:drag",
                "_t": "01:30:02",
                "_end": "01:33:14",
                "data": {
                    "time": 427.926316
                }
            },
            {
                "time": "2017-11-18T08:33:14.760Z",
                "type": "JUMP",
                "source": "data:dblclick:h_pos",
                "_t": "01:33:14",
                "_end": "-",
                "data": {
                    "from": 427.926316,
                    "to": 433.89120627411666
                }
            },
            {
                "time": {
                    "start": "2017-11-18T08:30:02.063Z",
                    "end": "2017-11-18T08:33:18.879Z"
                },
                "type": "SCRUB",
                "source": "data:drag",
                "_t": "01:30:02",
                "_end": "01:33:18",
                "data": {
                    "time": 433.891206
                }
            },
            {
                "time": {
                    "start": "2017-11-18T08:30:02.063Z",
                    "end": "2017-11-18T08:33:19.015Z"
                },
                "type": "SCRUB",
                "source": "data:drag",
                "_t": "01:30:02",
                "_end": "01:33:19",
                "data": {
                    "time": 433.891206
                }
            },
            {
                "time": "2017-11-18T08:33:19.021Z",
                "type": "JUMP",
                "source": "data:dblclick:h_pos",
                "_t": "01:33:19",
                "_end": "-",
                "data": {
                    "from": 433.891206,
                    "to": 471.03315534518117
                }
            },
            {
                "time": {
                    "start": "2017-11-18T08:30:02.063Z",
                    "end": "2017-11-18T08:33:23.092Z"
                },
                "type": "SCRUB",
                "source": "data:drag",
                "_t": "01:30:02",
                "_end": "01:33:23",
                "data": {
                    "time": 471.033155
                }
            },
            {
                "time": {
                    "start": "2017-11-18T08:30:02.063Z",
                    "end": "2017-11-18T08:33:23.197Z"
                },
                "type": "SCRUB",
                "source": "data:drag",
                "_t": "01:30:02",
                "_end": "01:33:23",
                "data": {
                    "time": 471.033155
                }
            },
            {
                "time": "2017-11-18T08:33:23.207Z",
                "type": "JUMP",
                "source": "data:dblclick:h_pos",
                "_t": "01:33:23",
                "_end": "-",
                "data": {
                    "from": 471.033155,
                    "to": 472.6265480434799
                }
            },
            {
                "time": "2017-11-18T08:33:37.606Z",
                "type": "PLAY",
                "source": "hotkey",
                "_t": "01:33:37",
                "_end": "-",
                "data": {
                    "key": "space"
                }
            },
            {
                "time": "2017-11-18T08:33:38.829Z",
                "type": "PAUSE",
                "source": "hotkey",
                "_t": "01:33:38",
                "_end": "-",
                "data": {
                    "key": "space"
                }
            },
            {
                "time": {
                    "start": "2017-11-18T08:30:02.063Z",
                    "end": "2017-11-18T08:33:41.982Z"
                },
                "type": "SCRUB",
                "source": "data:drag",
                "_t": "01:30:02",
                "_end": "01:33:41",
                "data": {
                    "time": 473.815463
                }
            },
            {
                "time": {
                    "start": "2017-11-18T08:30:02.063Z",
                    "end": "2017-11-18T08:33:42.102Z"
                },
                "type": "SCRUB",
                "source": "data:drag",
                "_t": "01:30:02",
                "_end": "01:33:42",
                "data": {
                    "time": 473.815463
                }
            },
            {
                "time": "2017-11-18T08:33:42.113Z",
                "type": "JUMP",
                "source": "data:dblclick:h_pos",
                "_t": "01:33:42",
                "_end": "-",
                "data": {
                    "from": 473.815463,
                    "to": 472.54520560869435
                }
            },
            {
                "time": {
                    "start": "2017-11-18T08:30:02.063Z",
                    "end": "2017-11-18T08:33:53.347Z"
                },
                "type": "SCRUB",
                "source": "data:drag",
                "_t": "01:30:02",
                "_end": "01:33:53",
                "data": {
                    "time": 472.545205
                }
            },
            {
                "time": {
                    "start": "2017-11-18T08:30:02.063Z",
                    "end": "2017-11-18T08:33:56.185Z"
                },
                "type": "SCRUB",
                "source": "data:drag",
                "_t": "01:30:02",
                "_end": "01:33:56",
                "data": {
                    "time": 472.545205
                }
            },
            {
                "time": {
                    "start": "2017-11-18T08:30:02.063Z",
                    "end": "2017-11-18T08:33:56.284Z"
                },
                "type": "SCRUB",
                "source": "data:drag",
                "_t": "01:30:02",
                "_end": "01:33:56",
                "data": {
                    "time": 472.545205
                }
            },
            {
                "time": "2017-11-18T08:33:56.288Z",
                "type": "JUMP",
                "source": "data:dblclick:h_pos",
                "_t": "01:33:56",
                "_end": "-",
                "data": {
                    "from": 472.545205,
                    "to": 547.6511636267676
                }
            },
            {
                "time": {
                    "start": "2017-11-18T08:30:02.063Z",
                    "end": "2017-11-18T08:34:00.372Z"
                },
                "type": "SCRUB",
                "source": "data:drag",
                "_t": "01:30:02",
                "_end": "01:34:00",
                "data": {
                    "time": 547.651163
                }
            },
            {
                "time": {
                    "start": "2017-11-18T08:30:02.063Z",
                    "end": "2017-11-18T08:34:00.498Z"
                },
                "type": "SCRUB",
                "source": "data:drag",
                "_t": "01:30:02",
                "_end": "01:34:00",
                "data": {
                    "time": 547.651163
                }
            },
            {
                "time": "2017-11-18T08:34:00.508Z",
                "type": "JUMP",
                "source": "data:dblclick:h_pos",
                "_t": "01:34:00",
                "_end": "-",
                "data": {
                    "from": 547.651163,
                    "to": 547.5107030390144
                }
            },
            {
                "time": "2017-11-18T08:34:02.968Z",
                "type": "PLAY",
                "source": "hotkey",
                "_t": "01:34:02",
                "_end": "-",
                "data": {
                    "key": "space"
                }
            },
            {
                "time": "2017-11-18T08:34:03.457Z",
                "type": "PAUSE",
                "source": "hotkey",
                "_t": "01:34:03",
                "_end": "-",
                "data": {
                    "key": "space"
                }
            },
            {
                "time": "2017-11-18T08:34:04.860Z",
                "type": "SKIP",
                "source": "hotkey",
                "_t": "01:34:04",
                "_end": "-",
                "data": {
                    "t": 547.960403,
                    "Δt": -0.033366700033366704,
                    "key": "shift+left"
                }
            },
            {
                "time": "2017-11-18T08:34:05.078Z",
                "type": "SKIP",
                "source": "hotkey",
                "_t": "01:34:05",
                "_end": "-",
                "data": {
                    "t": 547.927036,
                    "Δt": -0.033366700033366704,
                    "key": "shift+left"
                }
            },
            {
                "time": "2017-11-18T08:34:05.285Z",
                "type": "SKIP",
                "source": "hotkey",
                "_t": "01:34:05",
                "_end": "-",
                "data": {
                    "t": 547.893669,
                    "Δt": -0.033366700033366704,
                    "key": "shift+left"
                }
            },
            {
                "time": "2017-11-18T08:34:05.463Z",
                "type": "SKIP",
                "source": "hotkey",
                "_t": "01:34:05",
                "_end": "-",
                "data": {
                    "t": 547.860302,
                    "Δt": -0.033366700033366704,
                    "key": "shift+left"
                }
            },
            {
                "time": "2017-11-18T08:34:05.655Z",
                "type": "SKIP",
                "source": "hotkey",
                "_t": "01:34:05",
                "_end": "-",
                "data": {
                    "t": 547.826935,
                    "Δt": -0.033366700033366704,
                    "key": "shift+left"
                }
            },
            {
                "time": "2017-11-18T08:34:05.871Z",
                "type": "SKIP",
                "source": "hotkey",
                "_t": "01:34:05",
                "_end": "-",
                "data": {
                    "t": 547.793568,
                    "Δt": -0.033366700033366704,
                    "key": "shift+left"
                }
            },
            {
                "time": "2017-11-18T08:34:06.920Z",
                "type": "SKIP",
                "source": "hotkey",
                "_t": "01:34:06",
                "_end": "-",
                "data": {
                    "t": 547.760201,
                    "Δt": -0.033366700033366704,
                    "key": "shift+left"
                }
            },
            {
                "time": "2017-11-18T08:34:07.672Z",
                "type": "SKIP",
                "source": "hotkey",
                "_t": "01:34:07",
                "_end": "-",
                "data": {
                    "t": 547.726834,
                    "Δt": -0.033366700033366704,
                    "key": "shift+left"
                }
            },
            {
                "time": "2017-11-18T08:34:07.904Z",
                "type": "SKIP",
                "source": "hotkey",
                "_t": "01:34:07",
                "_end": "-",
                "data": {
                    "t": 547.693467,
                    "Δt": -0.033366700033366704,
                    "key": "shift+left"
                }
            },
            {
                "time": "2017-11-18T08:34:08.071Z",
                "type": "SKIP",
                "source": "hotkey",
                "_t": "01:34:08",
                "_end": "-",
                "data": {
                    "t": 547.6601,
                    "Δt": -0.033366700033366704,
                    "key": "shift+left"
                }
            },
            {
                "time": "2017-11-18T08:34:09.098Z",
                "type": "SKIP",
                "source": "hotkey",
                "_t": "01:34:09",
                "_end": "-",
                "data": {
                    "t": 547.626733,
                    "Δt": -0.033366700033366704,
                    "key": "shift+left"
                }
            },
            {
                "time": "2017-11-18T08:34:15.796Z",
                "type": "PLAY",
                "source": "hotkey",
                "_t": "01:34:15",
                "_end": "-",
                "data": {
                    "key": "space"
                }
            },
            {
                "time": "2017-11-18T08:34:16.897Z",
                "type": "PAUSE",
                "source": "hotkey",
                "_t": "01:34:16",
                "_end": "-",
                "data": {
                    "key": "space"
                }
            },
            {
                "time": {
                    "start": "2017-11-18T08:30:02.063Z",
                    "end": "2017-11-18T08:34:25.084Z"
                },
                "type": "SCRUB",
                "source": "data:drag",
                "_t": "01:30:02",
                "_end": "01:34:25",
                "data": {
                    "time": 548.643565
                }
            },
            {
                "time": {
                    "start": "2017-11-18T08:30:02.063Z",
                    "end": "2017-11-18T08:34:26.454Z"
                },
                "type": "SCRUB",
                "source": "data:drag",
                "_t": "01:30:02",
                "_end": "01:34:26",
                "data": {
                    "time": 548.643565
                }
            },
            {
                "time": {
                    "start": "2017-11-18T08:30:02.063Z",
                    "end": "2017-11-18T08:34:27.262Z"
                },
                "type": "SCRUB",
                "source": "data:drag",
                "_t": "01:30:02",
                "_end": "01:34:27",
                "data": {
                    "time": 548.643565
                }
            },
            {
                "time": {
                    "start": "2017-11-18T08:30:02.063Z",
                    "end": "2017-11-18T08:34:27.362Z"
                },
                "type": "SCRUB",
                "source": "data:drag",
                "_t": "01:30:02",
                "_end": "01:34:27",
                "data": {
                    "time": 548.643565
                }
            },
            {
                "time": "2017-11-18T08:34:27.372Z",
                "type": "JUMP",
                "source": "data:dblclick:h_pos",
                "_t": "01:34:27",
                "_end": "-",
                "data": {
                    "from": 548.643565,
                    "to": 560.2541632608813
                }
            },
            {
                "time": {
                    "start": "2017-11-18T08:30:02.063Z",
                    "end": "2017-11-18T08:34:30.901Z"
                },
                "type": "SCRUB",
                "source": "data:drag",
                "_t": "01:30:02",
                "_end": "01:34:30",
                "data": {
                    "time": 560.254163
                }
            },
            {
                "time": {
                    "start": "2017-11-18T08:30:02.063Z",
                    "end": "2017-11-18T08:34:31.027Z"
                },
                "type": "SCRUB",
                "source": "data:drag",
                "_t": "01:30:02",
                "_end": "01:34:31",
                "data": {
                    "time": 560.254163
                }
            },
            {
                "time": "2017-11-18T08:34:31.034Z",
                "type": "JUMP",
                "source": "data:dblclick:h_pos",
                "_t": "01:34:31",
                "_end": "-",
                "data": {
                    "from": 560.254163,
                    "to": 596.0485054625661
                }
            },
            {
                "time": "2017-11-18T08:34:34.378Z",
                "type": "PLAY",
                "source": "hotkey",
                "_t": "01:34:34",
                "_end": "-",
                "data": {
                    "key": "space"
                }
            },
            {
                "time": "2017-11-18T08:34:35.275Z",
                "type": "PAUSE",
                "source": "hotkey",
                "_t": "01:34:35",
                "_end": "-",
                "data": {
                    "key": "space"
                }
            },
            {
                "time": {
                    "start": "2017-11-18T08:30:02.063Z",
                    "end": "2017-11-18T08:34:40.373Z"
                },
                "type": "SCRUB",
                "source": "data:drag",
                "_t": "01:30:02",
                "_end": "01:34:40",
                "data": {
                    "time": 596.900484
                }
            },
            {
                "time": {
                    "start": "2017-11-18T08:30:02.063Z",
                    "end": "2017-11-18T08:34:41.375Z"
                },
                "type": "SCRUB",
                "source": "data:drag",
                "_t": "01:30:02",
                "_end": "01:34:41",
                "data": {
                    "time": 596.900484
                }
            },
            {
                "time": {
                    "start": "2017-11-18T08:30:02.063Z",
                    "end": "2017-11-18T08:34:41.510Z"
                },
                "type": "SCRUB",
                "source": "data:drag",
                "_t": "01:30:02",
                "_end": "01:34:41",
                "data": {
                    "time": 596.900484
                }
            },
            {
                "time": "2017-11-18T08:34:41.520Z",
                "type": "JUMP",
                "source": "data:dblclick:h_pos",
                "_t": "01:34:41",
                "_end": "-",
                "data": {
                    "from": 596.900484,
                    "to": 608.4945412716561
                }
            }
        ]
    }
}