{
    "user_id": "4040",
    "session_id": "5a0fe4e35efd4d725417b963",
    "study": "gold",
    "workspace": "newrun.run-pink",
    "details": {
        "workspace": "newrun.run-pink",
        "labels": [
            {
                "time": 63.375539,
                "endTime": 74.19022911883539,
                "type": "skip",
                "id": 1
            },
            {
                "time": 138.41845,
                "endTime": 142.8748620926333,
                "type": "run",
                "id": 2
            },
            {
                "time": 276.376897,
                "endTime": 288.61387819357515,
                "type": "skip",
                "id": 3
            },
            {
                "time": 344.484484,
                "endTime": 349.2320357701667,
                "type": "run",
                "id": 4
            },
            {
                "time": 421.108173,
                "endTime": 434.1778481801563,
                "type": "skip",
                "id": 5
            },
            {
                "time": 472.85354600004564,
                "endTime": 477.75495451543827,
                "type": "run",
                "id": 6
            },
            {
                "time": 547.6502157548472,
                "endTime": 560.3982720300171,
                "type": "skip",
                "id": 7
            },
            {
                "time": 596.352758,
                "endTime": 608.6502370240676,
                "type": "skip",
                "id": 8
            }
        ],
        "_starts": [
            "2017-11-18T08:30:31.000Z"
        ],
        "_ends": [
            "2017-11-18T08:36:10.416Z"
        ]
    },
    "labels_file": "/home/ubuntu/vat/data/user-studies/gold/run-pink/4040.labels.json",
    "videoFlash": 3.300376,
    "surveys": {
        "user-info": {
            "firstname": "Broderick",
            "lastname": "Gardner"
        }
    },
    "logs": {
        "labelEvents": [
            {
                "time": "2017-11-18T08:31:30.637Z",
                "type": "START",
                "source": "hotkey",
                "_t": "01:31:30",
                "_end": "-",
                "data": {
                    "type": "skip",
                    "time": 63.375539
                }
            },
            {
                "time": "2017-11-18T08:31:34.761Z",
                "type": "END",
                "source": "data:click:h_pos",
                "_t": "01:31:34",
                "_end": "-",
                "data": {
                    "lbl": {
                        "time": 63.375539,
                        "endTime": 74.19022911883539,
                        "type": "skip",
                        "id": 1
                    }
                }
            },
            {
                "time": "2017-11-18T08:31:48.203Z",
                "type": "SELECT",
                "source": "data:click",
                "_t": "01:31:48",
                "_end": "-",
                "data": {
                    "time": 63.375539,
                    "endTime": 74.19022911883539,
                    "type": "skip",
                    "id": 1
                }
            },
            {
                "time": {
                    "start": "2017-11-18T08:31:50.413Z",
                    "end": "2017-11-18T08:31:52.156Z"
                },
                "type": "RESIZE",
                "source": "data:brush",
                "_t": "01:31:50",
                "_end": "01:31:52",
                "data": {
                    "brushing": true,
                    "origin": [
                        63.375539,
                        73.90669792532495
                    ],
                    "_brushside": 1,
                    "start": "2017-11-18T08:31:50.413Z",
                    "ε": 0.1,
                    "mode": "resize"
                }
            },
            {
                "time": "2017-11-18T08:32:20.806Z",
                "type": "START",
                "source": "hotkey",
                "_t": "01:32:20",
                "_end": "-",
                "data": {
                    "type": "run",
                    "time": 138.41845
                }
            },
            {
                "time": "2017-11-18T08:32:26.520Z",
                "type": "END",
                "source": "data:click:h_pos",
                "_t": "01:32:26",
                "_end": "-",
                "data": {
                    "lbl": {
                        "time": 138.41845,
                        "endTime": 142.8748620926333,
                        "type": "run",
                        "id": 2
                    }
                }
            },
            {
                "time": "2017-11-18T08:32:47.948Z",
                "type": "START",
                "source": "hotkey",
                "_t": "01:32:47",
                "_end": "-",
                "data": {
                    "type": "skip",
                    "time": 276.376897
                }
            },
            {
                "time": "2017-11-18T08:32:50.678Z",
                "type": "END",
                "source": "data:click:h_pos",
                "_t": "01:32:50",
                "_end": "-",
                "data": {
                    "lbl": {
                        "time": 276.376897,
                        "endTime": 288.61387819357515,
                        "type": "skip",
                        "id": 3
                    }
                }
            },
            {
                "time": "2017-11-18T08:33:17.881Z",
                "type": "START",
                "source": "side-bar:button",
                "_t": "01:33:17",
                "_end": "-",
                "data": {
                    "type": "run",
                    "time": 344.484484
                }
            },
            {
                "time": "2017-11-18T08:33:21.118Z",
                "type": "END",
                "source": "data:click:h_pos",
                "_t": "01:33:21",
                "_end": "-",
                "data": {
                    "lbl": {
                        "time": 344.484484,
                        "endTime": 349.2320357701667,
                        "type": "run",
                        "id": 4
                    }
                }
            },
            {
                "time": "2017-11-18T08:33:46.989Z",
                "type": "START",
                "source": "hotkey",
                "_t": "01:33:46",
                "_end": "-",
                "data": {
                    "type": "skip",
                    "time": 421.108173
                }
            },
            {
                "time": "2017-11-18T08:33:50.534Z",
                "type": "END",
                "source": "data:click:h_pos",
                "_t": "01:33:50",
                "_end": "-",
                "data": {
                    "lbl": {
                        "time": 421.108173,
                        "endTime": 434.1778481801563,
                        "type": "skip",
                        "id": 5
                    }
                }
            },
            {
                "time": "2017-11-18T08:34:13.436Z",
                "type": "START",
                "source": "hotkey",
                "_t": "01:34:13",
                "_end": "-",
                "data": {
                    "type": "run",
                    "time": 472.853546
                }
            },
            {
                "time": "2017-11-18T08:34:16.895Z",
                "type": "END",
                "source": "data:click:h_pos",
                "_t": "01:34:16",
                "_end": "-",
                "data": {
                    "lbl": {
                        "time": 472.85354600004564,
                        "endTime": 477.75495451543827,
                        "type": "run",
                        "id": 6
                    }
                }
            },
            {
                "time": "2017-11-18T08:34:27.700Z",
                "type": "SELECT",
                "source": "data:click",
                "_t": "01:34:27",
                "_end": "-",
                "data": {
                    "time": 472.85354600004564,
                    "endTime": 477.75495451543827,
                    "type": "run",
                    "id": 6
                }
            },
            {
                "time": {
                    "start": "2017-11-18T08:34:28.564Z",
                    "end": "2017-11-18T08:34:29.534Z"
                },
                "type": "RESIZE",
                "source": "data:brush",
                "_t": "01:34:28",
                "_end": "01:34:29",
                "data": {
                    "brushing": true,
                    "origin": [
                        472.853546,
                        477.875841260721
                    ],
                    "_brushside": 1,
                    "start": "2017-11-18T08:34:28.564Z",
                    "ε": 0.1,
                    "mode": "resize"
                }
            },
            {
                "time": "2017-11-18T08:34:52.994Z",
                "type": "START",
                "source": "hotkey",
                "_t": "01:34:52",
                "_end": "-",
                "data": {
                    "type": "skip",
                    "time": 547.650216
                }
            },
            {
                "time": "2017-11-18T08:34:58.633Z",
                "type": "END",
                "source": "data:click:h_pos",
                "_t": "01:34:58",
                "_end": "-",
                "data": {
                    "lbl": {
                        "time": 547.6502157548472,
                        "endTime": 560.3982720300171,
                        "type": "skip",
                        "id": 7
                    }
                }
            },
            {
                "time": "2017-11-18T08:35:23.054Z",
                "type": "SELECT",
                "source": "data:click",
                "_t": "01:35:23",
                "_end": "-",
                "data": {
                    "time": 547.6502157548472,
                    "endTime": 560.3982720300171,
                    "type": "skip",
                    "id": 7
                }
            },
            {
                "time": {
                    "start": "2017-11-18T08:35:24.559Z",
                    "end": "2017-11-18T08:35:26.069Z"
                },
                "type": "RESIZE",
                "source": "data:brush",
                "_t": "01:35:24",
                "_end": "01:35:26",
                "data": {
                    "brushing": true,
                    "origin": [
                        547.650216,
                        560.6180663576201
                    ],
                    "_brushside": 1,
                    "start": "2017-11-18T08:35:24.559Z",
                    "ε": 0.1,
                    "mode": "resize"
                }
            },
            {
                "time": "2017-11-18T08:35:49.392Z",
                "type": "START",
                "source": "hotkey",
                "_t": "01:35:49",
                "_end": "-",
                "data": {
                    "type": "skip",
                    "time": 596.352758
                }
            },
            {
                "time": "2017-11-18T08:35:55.703Z",
                "type": "END",
                "source": "data:click:h_pos",
                "_t": "01:35:55",
                "_end": "-",
                "data": {
                    "lbl": {
                        "time": 596.352758,
                        "endTime": 608.6502370240676,
                        "type": "skip",
                        "id": 8
                    }
                }
            }
        ],
        "navigationEvents": [
            {
                "time": {
                    "start": "2017-11-18T08:30:31.891Z",
                    "end": "2017-11-18T08:30:50.604Z"
                },
                "type": "SCRUB",
                "source": "data:drag",
                "_t": "01:30:31",
                "_end": "01:30:50",
                "data": {
                    "time": 23.631328615780184
                }
            },
            {
                "time": {
                    "start": "2017-11-18T08:30:31.891Z",
                    "end": "2017-11-18T08:30:52.414Z"
                },
                "type": "SCRUB",
                "source": "data:drag",
                "_t": "01:30:31",
                "_end": "01:30:52",
                "data": {
                    "time": 52.31445674442661
                }
            },
            {
                "time": {
                    "start": "2017-11-18T08:30:31.891Z",
                    "end": "2017-11-18T08:30:58.199Z"
                },
                "type": "SCRUB",
                "source": "data:drag",
                "_t": "01:30:31",
                "_end": "01:30:58",
                "data": {
                    "time": 58.413743
                }
            },
            {
                "time": {
                    "start": "2017-11-18T08:30:31.891Z",
                    "end": "2017-11-18T08:30:59.903Z"
                },
                "type": "SCRUB",
                "source": "data:drag",
                "_t": "01:30:31",
                "_end": "01:30:59",
                "data": {
                    "time": 60.864262601050825
                }
            },
            {
                "time": {
                    "start": "2017-11-18T08:30:31.891Z",
                    "end": "2017-11-18T08:31:11.165Z"
                },
                "type": "SCRUB",
                "source": "data:drag",
                "_t": "01:30:31",
                "_end": "01:31:11",
                "data": {
                    "time": 63.355287
                }
            },
            {
                "time": {
                    "start": "2017-11-18T08:30:31.891Z",
                    "end": "2017-11-18T08:31:20.035Z"
                },
                "type": "SCRUB",
                "source": "data:drag",
                "_t": "01:30:31",
                "_end": "01:31:20",
                "data": {
                    "time": 63.436296
                }
            },
            {
                "time": {
                    "start": "2017-11-18T08:30:31.891Z",
                    "end": "2017-11-18T08:31:24.148Z"
                },
                "type": "SCRUB",
                "source": "data:drag",
                "_t": "01:30:31",
                "_end": "01:31:24",
                "data": {
                    "time": 66.89942697614279
                }
            },
            {
                "time": {
                    "start": "2017-11-18T08:30:31.891Z",
                    "end": "2017-11-18T08:31:28.765Z"
                },
                "type": "SCRUB",
                "source": "data:drag",
                "_t": "01:30:31",
                "_end": "01:31:28",
                "data": {
                    "time": 63.37553930922965
                }
            },
            {
                "time": {
                    "start": "2017-11-18T08:30:31.891Z",
                    "end": "2017-11-18T08:31:34.754Z"
                },
                "type": "SCRUB",
                "source": "data:drag",
                "_t": "01:30:31",
                "_end": "01:31:34",
                "data": {
                    "time": 63.375539
                }
            },
            {
                "time": {
                    "start": "2017-11-18T08:30:31.891Z",
                    "end": "2017-11-18T08:31:36.733Z"
                },
                "type": "SCRUB",
                "source": "data:drag",
                "_t": "01:30:31",
                "_end": "01:31:36",
                "data": {
                    "time": 82.97969611765625
                }
            },
            {
                "time": {
                    "start": "2017-11-18T08:30:31.891Z",
                    "end": "2017-11-18T08:31:38.850Z"
                },
                "type": "SCRUB",
                "source": "data:drag",
                "_t": "01:30:31",
                "_end": "01:31:38",
                "data": {
                    "time": 75.56738051251298
                }
            },
            {
                "time": {
                    "start": "2017-11-18T08:30:31.891Z",
                    "end": "2017-11-18T08:31:40.802Z"
                },
                "type": "SCRUB",
                "source": "data:drag",
                "_t": "01:30:31",
                "_end": "01:31:40",
                "data": {
                    "time": 73.94720275139187
                }
            },
            {
                "time": "2017-11-18T08:31:42.507Z",
                "type": "PLAY",
                "source": "hotkey",
                "_t": "01:31:42",
                "_end": "-",
                "data": {
                    "key": "space"
                }
            },
            {
                "time": "2017-11-18T08:31:43.193Z",
                "type": "PAUSE",
                "source": "hotkey",
                "_t": "01:31:43",
                "_end": "-",
                "data": {
                    "key": "space"
                }
            },
            {
                "time": {
                    "start": "2017-11-18T08:30:31.891Z",
                    "end": "2017-11-18T08:31:48.194Z"
                },
                "type": "SCRUB",
                "source": "data:drag",
                "_t": "01:30:31",
                "_end": "01:31:48",
                "data": {
                    "time": 74.346057
                }
            },
            {
                "time": {
                    "start": "2017-11-18T08:30:31.891Z",
                    "end": "2017-11-18T08:31:52.160Z"
                },
                "type": "SCRUB",
                "source": "data:drag",
                "_t": "01:30:31",
                "_end": "01:31:52",
                "data": {
                    "time": 74.346057
                }
            },
            {
                "time": {
                    "start": "2017-11-18T08:30:31.891Z",
                    "end": "2017-11-18T08:31:53.658Z"
                },
                "type": "SCRUB",
                "source": "data:drag",
                "_t": "01:30:31",
                "_end": "01:31:53",
                "data": {
                    "time": 74.346057
                }
            },
            {
                "time": {
                    "start": "2017-11-18T08:30:31.891Z",
                    "end": "2017-11-18T08:31:55.641Z"
                },
                "type": "SCRUB",
                "source": "data:drag",
                "_t": "01:30:31",
                "_end": "01:31:55",
                "data": {
                    "time": 92.95785463114913
                }
            },
            {
                "time": {
                    "start": "2017-11-18T08:30:31.891Z",
                    "end": "2017-11-18T08:31:59.615Z"
                },
                "type": "SCRUB",
                "source": "data:drag",
                "_t": "01:30:31",
                "_end": "01:31:59",
                "data": {
                    "time": 134.945329
                }
            },
            {
                "time": {
                    "start": "2017-11-18T08:30:31.891Z",
                    "end": "2017-11-18T08:32:10.789Z"
                },
                "type": "SCRUB",
                "source": "data:drag",
                "_t": "01:30:31",
                "_end": "01:32:10",
                "data": {
                    "time": 138.34450807693744
                }
            },
            {
                "time": {
                    "start": "2017-11-18T08:30:31.891Z",
                    "end": "2017-11-18T08:32:13.957Z"
                },
                "type": "SCRUB",
                "source": "data:drag",
                "_t": "01:30:31",
                "_end": "01:32:13",
                "data": {
                    "time": 137.95688231578782
                }
            },
            {
                "time": {
                    "start": "2017-11-18T08:30:31.891Z",
                    "end": "2017-11-18T08:32:18.256Z"
                },
                "type": "SCRUB",
                "source": "data:drag",
                "_t": "01:30:31",
                "_end": "01:32:18",
                "data": {
                    "time": 138.41845
                }
            },
            {
                "time": "2017-11-18T08:32:21.721Z",
                "type": "PLAY",
                "source": "hotkey",
                "_t": "01:32:21",
                "_end": "-",
                "data": {
                    "key": "space"
                }
            },
            {
                "time": "2017-11-18T08:32:22.776Z",
                "type": "PAUSE",
                "source": "hotkey",
                "_t": "01:32:22",
                "_end": "-",
                "data": {
                    "key": "space"
                }
            },
            {
                "time": {
                    "start": "2017-11-18T08:30:31.891Z",
                    "end": "2017-11-18T08:32:26.513Z"
                },
                "type": "SCRUB",
                "source": "data:drag",
                "_t": "01:30:31",
                "_end": "01:32:26",
                "data": {
                    "time": 139.424095
                }
            },
            {
                "time": {
                    "start": "2017-11-18T08:30:31.891Z",
                    "end": "2017-11-18T08:32:29.199Z"
                },
                "type": "SCRUB",
                "source": "data:drag",
                "_t": "01:30:31",
                "_end": "01:32:29",
                "data": {
                    "time": 142.830903
                }
            },
            {
                "time": {
                    "start": "2017-11-18T08:30:31.891Z",
                    "end": "2017-11-18T08:32:33.509Z"
                },
                "type": "SCRUB",
                "source": "data:drag",
                "_t": "01:30:31",
                "_end": "01:32:33",
                "data": {
                    "time": 105.41447562471166
                }
            },
            {
                "time": {
                    "start": "2017-11-18T08:30:31.891Z",
                    "end": "2017-11-18T08:32:34.545Z"
                },
                "type": "SCRUB",
                "source": "data:drag",
                "_t": "01:30:31",
                "_end": "01:32:34",
                "data": {
                    "time": 172.23847042501725
                }
            },
            {
                "time": {
                    "start": "2017-11-18T08:30:31.891Z",
                    "end": "2017-11-18T08:32:35.945Z"
                },
                "type": "SCRUB",
                "source": "data:drag",
                "_t": "01:30:31",
                "_end": "01:32:35",
                "data": {
                    "time": 241.3276849630238
                }
            },
            {
                "time": {
                    "start": "2017-11-18T08:30:31.891Z",
                    "end": "2017-11-18T08:32:37.847Z"
                },
                "type": "SCRUB",
                "source": "data:drag",
                "_t": "01:30:31",
                "_end": "01:32:37",
                "data": {
                    "time": 269.64293703401876
                }
            },
            {
                "time": {
                    "start": "2017-11-18T08:30:31.891Z",
                    "end": "2017-11-18T08:32:44.279Z"
                },
                "type": "SCRUB",
                "source": "data:drag",
                "_t": "01:30:31",
                "_end": "01:32:44",
                "data": {
                    "time": 276.376897
                }
            },
            {
                "time": {
                    "start": "2017-11-18T08:30:31.891Z",
                    "end": "2017-11-18T08:32:50.669Z"
                },
                "type": "SCRUB",
                "source": "data:drag",
                "_t": "01:30:31",
                "_end": "01:32:50",
                "data": {
                    "time": 276.376897
                }
            },
            {
                "time": {
                    "start": "2017-11-18T08:30:31.891Z",
                    "end": "2017-11-18T08:32:54.139Z"
                },
                "type": "SCRUB",
                "source": "data:drag",
                "_t": "01:30:31",
                "_end": "01:32:54",
                "data": {
                    "time": 278.983591
                }
            },
            {
                "time": {
                    "start": "2017-11-18T08:30:31.891Z",
                    "end": "2017-11-18T08:32:57.766Z"
                },
                "type": "SCRUB",
                "source": "data:drag",
                "_t": "01:30:31",
                "_end": "01:32:57",
                "data": {
                    "time": 288.559572
                }
            },
            {
                "time": {
                    "start": "2017-11-18T08:30:31.891Z",
                    "end": "2017-11-18T08:32:59.678Z"
                },
                "type": "SCRUB",
                "source": "data:drag",
                "_t": "01:30:31",
                "_end": "01:32:59",
                "data": {
                    "time": 304.30834957165644
                }
            },
            {
                "time": {
                    "start": "2017-11-18T08:30:31.891Z",
                    "end": "2017-11-18T08:33:04.031Z"
                },
                "type": "SCRUB",
                "source": "data:drag",
                "_t": "01:30:31",
                "_end": "01:33:04",
                "data": {
                    "time": 342.97889420644645
                }
            },
            {
                "time": {
                    "start": "2017-11-18T08:30:31.891Z",
                    "end": "2017-11-18T08:33:08.968Z"
                },
                "type": "SCRUB",
                "source": "data:drag",
                "_t": "01:30:31",
                "_end": "01:33:08",
                "data": {
                    "time": 344.506463
                }
            },
            {
                "time": {
                    "start": "2017-11-18T08:30:31.891Z",
                    "end": "2017-11-18T08:33:15.745Z"
                },
                "type": "SCRUB",
                "source": "data:drag",
                "_t": "01:30:31",
                "_end": "01:33:15",
                "data": {
                    "time": 344.484484
                }
            },
            {
                "time": {
                    "start": "2017-11-18T08:30:31.891Z",
                    "end": "2017-11-18T08:33:21.112Z"
                },
                "type": "SCRUB",
                "source": "data:drag",
                "_t": "01:30:31",
                "_end": "01:33:21",
                "data": {
                    "time": 344.484484
                }
            },
            {
                "time": {
                    "start": "2017-11-18T08:30:31.891Z",
                    "end": "2017-11-18T08:33:26.785Z"
                },
                "type": "SCRUB",
                "source": "data:drag",
                "_t": "01:30:31",
                "_end": "01:33:26",
                "data": {
                    "time": 351.3200795523333
                }
            },
            {
                "time": {
                    "start": "2017-11-18T08:30:31.891Z",
                    "end": "2017-11-18T08:33:27.693Z"
                },
                "type": "SCRUB",
                "source": "data:drag",
                "_t": "01:30:31",
                "_end": "01:33:27",
                "data": {
                    "time": 352.5399371570247
                }
            },
            {
                "time": {
                    "start": "2017-11-18T08:30:31.891Z",
                    "end": "2017-11-18T08:33:29.248Z"
                },
                "type": "SCRUB",
                "source": "data:drag",
                "_t": "01:30:31",
                "_end": "01:33:29",
                "data": {
                    "time": 352.5838958164665
                }
            },
            {
                "time": {
                    "start": "2017-11-18T08:30:31.891Z",
                    "end": "2017-11-18T08:33:29.997Z"
                },
                "type": "SCRUB",
                "source": "data:drag",
                "_t": "01:30:31",
                "_end": "01:33:29",
                "data": {
                    "time": 359.68324467580084
                }
            },
            {
                "time": {
                    "start": "2017-11-18T08:30:31.891Z",
                    "end": "2017-11-18T08:33:33.328Z"
                },
                "type": "SCRUB",
                "source": "data:drag",
                "_t": "01:30:31",
                "_end": "01:33:33",
                "data": {
                    "time": 415.118661
                }
            },
            {
                "time": {
                    "start": "2017-11-18T08:30:31.891Z",
                    "end": "2017-11-18T08:33:38.040Z"
                },
                "type": "SCRUB",
                "source": "data:drag",
                "_t": "01:30:31",
                "_end": "01:33:38",
                "data": {
                    "time": 423.73296914291745
                }
            },
            {
                "time": {
                    "start": "2017-11-18T08:30:31.891Z",
                    "end": "2017-11-18T08:33:45.008Z"
                },
                "type": "SCRUB",
                "source": "data:drag",
                "_t": "01:30:31",
                "_end": "01:33:45",
                "data": {
                    "time": 421.108173
                }
            },
            {
                "time": {
                    "start": "2017-11-18T08:30:31.891Z",
                    "end": "2017-11-18T08:33:50.520Z"
                },
                "type": "SCRUB",
                "source": "data:drag",
                "_t": "01:30:31",
                "_end": "01:33:50",
                "data": {
                    "time": 421.108173
                }
            },
            {
                "time": {
                    "start": "2017-11-18T08:30:31.891Z",
                    "end": "2017-11-18T08:33:53.700Z"
                },
                "type": "SCRUB",
                "source": "data:drag",
                "_t": "01:30:31",
                "_end": "01:33:53",
                "data": {
                    "time": 430.72035793168243
                }
            },
            {
                "time": {
                    "start": "2017-11-18T08:30:31.891Z",
                    "end": "2017-11-18T08:33:56.291Z"
                },
                "type": "SCRUB",
                "source": "data:drag",
                "_t": "01:30:31",
                "_end": "01:33:56",
                "data": {
                    "time": 434.141644
                }
            },
            {
                "time": {
                    "start": "2017-11-18T08:30:31.891Z",
                    "end": "2017-11-18T08:33:58.040Z"
                },
                "type": "SCRUB",
                "source": "data:drag",
                "_t": "01:30:31",
                "_end": "01:33:58",
                "data": {
                    "time": 450.958442119592
                }
            },
            {
                "time": {
                    "start": "2017-11-18T08:30:31.891Z",
                    "end": "2017-11-18T08:34:04.233Z"
                },
                "type": "SCRUB",
                "source": "data:drag",
                "_t": "01:30:31",
                "_end": "01:34:04",
                "data": {
                    "time": 472.908495
                }
            },
            {
                "time": {
                    "start": "2017-11-18T08:30:31.891Z",
                    "end": "2017-11-18T08:34:10.725Z"
                },
                "type": "SCRUB",
                "source": "data:drag",
                "_t": "01:30:31",
                "_end": "01:34:10",
                "data": {
                    "time": 472.853546
                }
            },
            {
                "time": {
                    "start": "2017-11-18T08:30:31.891Z",
                    "end": "2017-11-18T08:34:16.882Z"
                },
                "type": "SCRUB",
                "source": "data:drag",
                "_t": "01:30:31",
                "_end": "01:34:16",
                "data": {
                    "time": 472.853546
                }
            },
            {
                "time": {
                    "start": "2017-11-18T08:30:31.891Z",
                    "end": "2017-11-18T08:34:18.994Z"
                },
                "type": "SCRUB",
                "source": "data:drag",
                "_t": "01:30:31",
                "_end": "01:34:18",
                "data": {
                    "time": 474.9196108533347
                }
            },
            {
                "time": {
                    "start": "2017-11-18T08:30:31.891Z",
                    "end": "2017-11-18T08:34:23.763Z"
                },
                "type": "SCRUB",
                "source": "data:drag",
                "_t": "01:30:31",
                "_end": "01:34:23",
                "data": {
                    "time": 477.8758414073698
                }
            },
            {
                "time": {
                    "start": "2017-11-18T08:30:31.891Z",
                    "end": "2017-11-18T08:34:27.698Z"
                },
                "type": "SCRUB",
                "source": "data:drag",
                "_t": "01:30:31",
                "_end": "01:34:27",
                "data": {
                    "time": 477.875841
                }
            },
            {
                "time": {
                    "start": "2017-11-18T08:30:31.891Z",
                    "end": "2017-11-18T08:34:29.547Z"
                },
                "type": "SCRUB",
                "source": "data:drag",
                "_t": "01:30:31",
                "_end": "01:34:29",
                "data": {
                    "time": 477.875841
                }
            },
            {
                "time": {
                    "start": "2017-11-18T08:30:31.891Z",
                    "end": "2017-11-18T08:34:31.039Z"
                },
                "type": "SCRUB",
                "source": "data:drag",
                "_t": "01:30:31",
                "_end": "01:34:31",
                "data": {
                    "time": 477.875841
                }
            },
            {
                "time": {
                    "start": "2017-11-18T08:30:31.891Z",
                    "end": "2017-11-18T08:34:35.036Z"
                },
                "type": "SCRUB",
                "source": "data:drag",
                "_t": "01:30:31",
                "_end": "01:34:35",
                "data": {
                    "time": 477.743965
                }
            },
            {
                "time": {
                    "start": "2017-11-18T08:30:31.891Z",
                    "end": "2017-11-18T08:34:37.906Z"
                },
                "type": "SCRUB",
                "source": "data:drag",
                "_t": "01:30:31",
                "_end": "01:34:37",
                "data": {
                    "time": 518.7546729028712
                }
            },
            {
                "time": {
                    "start": "2017-11-18T08:30:31.891Z",
                    "end": "2017-11-18T08:34:39.559Z"
                },
                "type": "SCRUB",
                "source": "data:drag",
                "_t": "01:30:31",
                "_end": "01:34:39",
                "data": {
                    "time": 536.6323947684373
                }
            },
            {
                "time": {
                    "start": "2017-11-18T08:30:31.891Z",
                    "end": "2017-11-18T08:34:41.367Z"
                },
                "type": "SCRUB",
                "source": "data:drag",
                "_t": "01:30:31",
                "_end": "01:34:41",
                "data": {
                    "time": 547.6831845546659
                }
            },
            {
                "time": {
                    "start": "2017-11-18T08:30:31.891Z",
                    "end": "2017-11-18T08:34:46.249Z"
                },
                "type": "SCRUB",
                "source": "data:drag",
                "_t": "01:30:31",
                "_end": "01:34:46",
                "data": {
                    "time": 547.6502158876801
                }
            },
            {
                "time": {
                    "start": "2017-11-18T08:30:31.891Z",
                    "end": "2017-11-18T08:34:56.590Z"
                },
                "type": "SCRUB",
                "source": "data:drag",
                "_t": "01:30:31",
                "_end": "01:34:56",
                "data": {
                    "time": 554.0572134999875
                }
            },
            {
                "time": {
                    "start": "2017-11-18T08:30:31.891Z",
                    "end": "2017-11-18T08:34:58.621Z"
                },
                "type": "SCRUB",
                "source": "data:drag",
                "_t": "01:30:31",
                "_end": "01:34:58",
                "data": {
                    "time": 554.057213
                }
            },
            {
                "time": {
                    "start": "2017-11-18T08:30:31.891Z",
                    "end": "2017-11-18T08:35:20.612Z"
                },
                "type": "SCRUB",
                "source": "data:drag",
                "_t": "01:30:31",
                "_end": "01:35:20",
                "data": {
                    "time": 560.5850972452704
                }
            },
            {
                "time": {
                    "start": "2017-11-18T08:30:31.891Z",
                    "end": "2017-11-18T08:35:23.048Z"
                },
                "type": "SCRUB",
                "source": "data:drag",
                "_t": "01:30:31",
                "_end": "01:35:23",
                "data": {
                    "time": 560.585097
                }
            },
            {
                "time": {
                    "start": "2017-11-18T08:30:31.891Z",
                    "end": "2017-11-18T08:35:26.082Z"
                },
                "type": "SCRUB",
                "source": "data:drag",
                "_t": "01:30:31",
                "_end": "01:35:26",
                "data": {
                    "time": 560.585097
                }
            },
            {
                "time": {
                    "start": "2017-11-18T08:30:31.891Z",
                    "end": "2017-11-18T08:35:26.522Z"
                },
                "type": "SCRUB",
                "source": "data:drag",
                "_t": "01:30:31",
                "_end": "01:35:26",
                "data": {
                    "time": 560.585097
                }
            },
            {
                "time": {
                    "start": "2017-11-18T08:30:31.891Z",
                    "end": "2017-11-18T08:35:30.638Z"
                },
                "type": "SCRUB",
                "source": "data:drag",
                "_t": "01:30:31",
                "_end": "01:35:30",
                "data": {
                    "time": 560.365303
                }
            },
            {
                "time": {
                    "start": "2017-11-18T08:30:31.891Z",
                    "end": "2017-11-18T08:35:36.500Z"
                },
                "type": "SCRUB",
                "source": "data:drag",
                "_t": "01:30:31",
                "_end": "01:35:36",
                "data": {
                    "time": 592.887392
                }
            },
            {
                "time": {
                    "start": "2017-11-18T08:30:31.891Z",
                    "end": "2017-11-18T08:35:40.881Z"
                },
                "type": "SCRUB",
                "source": "data:drag",
                "_t": "01:30:31",
                "_end": "01:35:40",
                "data": {
                    "time": 595.6604065101426
                }
            },
            {
                "time": {
                    "start": "2017-11-18T08:30:31.891Z",
                    "end": "2017-11-18T08:35:47.744Z"
                },
                "type": "SCRUB",
                "source": "data:drag",
                "_t": "01:30:31",
                "_end": "01:35:47",
                "data": {
                    "time": 596.352758
                }
            },
            {
                "time": {
                    "start": "2017-11-18T08:30:31.891Z",
                    "end": "2017-11-18T08:35:53.619Z"
                },
                "type": "SCRUB",
                "source": "data:drag",
                "_t": "01:30:31",
                "_end": "01:35:53",
                "data": {
                    "time": 601.1112998824361
                }
            },
            {
                "time": {
                    "start": "2017-11-18T08:30:31.891Z",
                    "end": "2017-11-18T08:35:55.694Z"
                },
                "type": "SCRUB",
                "source": "data:drag",
                "_t": "01:30:31",
                "_end": "01:35:55",
                "data": {
                    "time": 601.1113
                }
            },
            {
                "time": {
                    "start": "2017-11-18T08:30:31.891Z",
                    "end": "2017-11-18T08:36:00.823Z"
                },
                "type": "SCRUB",
                "source": "data:drag",
                "_t": "01:30:31",
                "_end": "01:36:00",
                "data": {
                    "time": 611.6064674314455
                }
            },
            {
                "time": {
                    "start": "2017-11-18T08:30:31.891Z",
                    "end": "2017-11-18T08:36:04.354Z"
                },
                "type": "SCRUB",
                "source": "data:drag",
                "_t": "01:30:31",
                "_end": "01:36:04",
                "data": {
                    "time": 611.606467
                }
            },
            {
                "time": {
                    "start": "2017-11-18T08:30:31.891Z",
                    "end": "2017-11-18T08:36:06.191Z"
                },
                "type": "SCRUB",
                "source": "data:drag",
                "_t": "01:30:31",
                "_end": "01:36:06",
                "data": {
                    "time": 630.220908
                }
            }
        ]
    }
}