[
    {
        "time": 63.288264,
        "endTime": 74.19022911883539,
        "id": 1,
        "type": "skip"
    },
    {
        "time": 138.176231,
        "endTime": 142.8748620926333,
        "id": 2,
        "type": "run"
    },
    {
        "time": 276.376897,
        "endTime": 288.61387819357515,
        "id": 3,
        "type": "skip"
    },
    {
        "time": 344.484484,
        "endTime": 349.2320357701667,
        "id": 4,
        "type": "run"
    },
    {
        "time": 420.934465,
        "endTime": 434.1778481801563,
        "id": 5,
        "type": "skip"
    },
    {
        "time": 472.545205,
        "endTime": 477.75495451543827,
        "id": 6,
        "type": "run"
    },
    {
        "time": 547.593366,
        "endTime": 560.3982720300171,
        "id": 7,
        "type": "skip"
    },
    {
        "time": 596.048505,
        "endTime": 608.6502370240676,
        "id": 8,
        "type": "skip"
    }
]