{
    "user_id": "047",
    "session_id": "5a7882a2ee2b1975ba835b74",
    "study": "studyC",
    "workspace": "cane.cane-yellow",
    "details": {
        "workspace": "cane.cane-yellow",
        "labels": [
            {
                "time": 28.53217099999985,
                "endTime": 29.58516846341454,
                "type": "ground",
                "id": 1
            },
            {
                "time": 30.20927838211445,
                "endTime": 31.375784308943196,
                "type": "ground",
                "id": 2
            },
            {
                "time": 31.404379,
                "endTime": 32.295393,
                "type": "ground",
                "id": 4
            },
            {
                "time": 32.295393,
                "endTime": 32.80807,
                "type": "ground",
                "id": 5
            },
            {
                "time": 32.80807,
                "endTime": 33.794115,
                "type": "ground",
                "id": 6
            },
            {
                "time": 33.794115,
                "endTime": 34.550155,
                "type": "ground",
                "id": 7
            },
            {
                "time": 34.550155,
                "endTime": 35.589253,
                "type": "ground",
                "id": 8
            },
            {
                "time": 35.589253,
                "endTime": 36.509961,
                "type": "ground",
                "id": 9
            },
            {
                "time": 36.509961,
                "endTime": 37.29512494308943,
                "type": "ground",
                "id": 10
            },
            {
                "time": 37.301126,
                "endTime": 38.236382,
                "type": "ground",
                "id": 11
            },
            {
                "time": 37.301126,
                "endTime": 37.301126,
                "type": "ground",
                "id": 12
            }
        ],
        "_starts": [
            "2018-02-05T16:19:37.000Z"
        ],
        "_ends": [
            "2018-02-05T16:20:24.856Z",
            "2018-02-05T16:21:48.235Z"
        ]
    },
    "labels_file": "/home/ubuntu/vat/data/user-studies/studyC/practice-third/047.labels.json",
    "videoFlash": 2.133995,
    "surveys": {
        "user-info": {
            "firstname": "susan",
            "lastname": "routson",
            "email": "susanroutson@gmail.com"
        },
        "practice-first": {
            "question1": "4",
            "question2": "ok",
            "question3": "30",
            "question4": "5"
        },
        "practice-second": {}
    },
    "logs": {
        "labelEvents": [
            {
                "time": "2018-02-05T16:20:13.293Z",
                "type": "START",
                "source": "side-bar:button",
                "_t": "09:20:13",
                "_end": "-",
                "data": {
                    "type": "ground",
                    "time": 28.532171
                }
            },
            {
                "time": "2018-02-05T16:20:14.502Z",
                "type": "START",
                "source": "side-bar:button",
                "_t": "09:20:14",
                "_end": "-",
                "data": {
                    "type": "ground",
                    "time": 29.747197
                }
            },
            {
                "time": "2018-02-05T16:20:15.262Z",
                "type": "START",
                "source": "side-bar:button",
                "_t": "09:20:15",
                "_end": "-",
                "data": {
                    "type": "ground",
                    "time": 30.49963
                }
            },
            {
                "time": "2018-02-05T16:20:16.165Z",
                "type": "START",
                "source": "side-bar:button",
                "_t": "09:20:16",
                "_end": "-",
                "data": {
                    "type": "ground",
                    "time": 31.404379
                }
            },
            {
                "time": "2018-02-05T16:20:17.054Z",
                "type": "START",
                "source": "side-bar:button",
                "_t": "09:20:17",
                "_end": "-",
                "data": {
                    "type": "ground",
                    "time": 32.295393
                }
            },
            {
                "time": "2018-02-05T16:20:17.565Z",
                "type": "START",
                "source": "side-bar:button",
                "_t": "09:20:17",
                "_end": "-",
                "data": {
                    "type": "ground",
                    "time": 32.80807
                }
            },
            {
                "time": "2018-02-05T16:20:18.557Z",
                "type": "START",
                "source": "side-bar:button",
                "_t": "09:20:18",
                "_end": "-",
                "data": {
                    "type": "ground",
                    "time": 33.794115
                }
            },
            {
                "time": "2018-02-05T16:20:19.311Z",
                "type": "START",
                "source": "side-bar:button",
                "_t": "09:20:19",
                "_end": "-",
                "data": {
                    "type": "ground",
                    "time": 34.550155
                }
            },
            {
                "time": "2018-02-05T16:20:20.349Z",
                "type": "START",
                "source": "side-bar:button",
                "_t": "09:20:20",
                "_end": "-",
                "data": {
                    "type": "ground",
                    "time": 35.589253
                }
            },
            {
                "time": "2018-02-05T16:20:21.270Z",
                "type": "START",
                "source": "side-bar:button",
                "_t": "09:20:21",
                "_end": "-",
                "data": {
                    "type": "ground",
                    "time": 36.509961
                }
            },
            {
                "time": "2018-02-05T16:20:22.061Z",
                "type": "START",
                "source": "side-bar:button",
                "_t": "09:20:22",
                "_end": "-",
                "data": {
                    "type": "ground",
                    "time": 37.301126
                }
            },
            {
                "time": "2018-02-05T16:20:22.998Z",
                "type": "START",
                "source": "side-bar:button",
                "_t": "09:20:22",
                "_end": "-",
                "data": {
                    "type": "ground",
                    "time": 38.236382
                }
            },
            {
                "time": "2018-02-05T16:20:29.872Z",
                "type": "END",
                "source": "data:click:h_pos",
                "_t": "09:20:29",
                "_end": "-",
                "data": {
                    "lbl": {
                        "time": 37.301126,
                        "endTime": 37.301126,
                        "type": "ground",
                        "id": 12
                    }
                }
            },
            {
                "time": "2018-02-05T16:20:29.874Z",
                "type": "SELECT",
                "source": "data:click",
                "_t": "09:20:29",
                "_end": "-",
                "data": {
                    "time": 36.509961,
                    "endTime": 37.29512494308943,
                    "type": "ground",
                    "id": 10
                }
            },
            {
                "time": {
                    "start": "2018-02-05T16:20:31.326Z",
                    "end": "2018-02-05T16:20:36.149Z"
                },
                "type": "RESIZE",
                "source": "data:brush",
                "_t": "09:20:31",
                "_end": "09:20:36",
                "data": {
                    "brushing": true,
                    "origin": [
                        36.509961,
                        37.301126
                    ],
                    "_brushside": 1,
                    "start": "2018-02-05T16:20:31.326Z",
                    "ε": 0.1,
                    "mode": "resize"
                }
            },
            {
                "time": "2018-02-05T16:20:39.861Z",
                "type": "DESELECT",
                "source": "side-bar:button",
                "_t": "09:20:39",
                "_end": "-",
                "data": {
                    "time": 36.509961,
                    "endTime": 37.29512494308943,
                    "type": "ground",
                    "id": 10
                }
            },
            {
                "time": "2018-02-05T16:20:52.112Z",
                "type": "SELECT",
                "source": "data:click",
                "_t": "09:20:52",
                "_end": "-",
                "data": {
                    "time": 28.53217099999985,
                    "endTime": 29.58516846341454,
                    "type": "ground",
                    "id": 1
                }
            },
            {
                "time": {
                    "start": "2018-02-05T16:20:53.254Z",
                    "end": "2018-02-05T16:20:54.765Z"
                },
                "type": "RESIZE",
                "source": "data:brush",
                "_t": "09:20:53",
                "_end": "09:20:54",
                "data": {
                    "brushing": true,
                    "origin": [
                        28.532171,
                        29.747197
                    ],
                    "_brushside": 1,
                    "start": "2018-02-05T16:20:53.254Z",
                    "ε": 0.1,
                    "mode": "resize"
                }
            },
            {
                "time": "2018-02-05T16:20:55.436Z",
                "type": "DESELECT",
                "source": "data:click",
                "_t": "09:20:55",
                "_end": "-",
                "data": {
                    "time": 28.532170999999323,
                    "endTime": 29.49515260975599,
                    "type": "ground",
                    "id": 1
                }
            },
            {
                "time": "2018-02-05T16:21:15.000Z",
                "type": "SELECT",
                "source": "data:click",
                "_t": "09:21:15",
                "_end": "-",
                "data": {
                    "time": 28.53217099999985,
                    "endTime": 29.58516846341454,
                    "type": "ground",
                    "id": 1
                }
            },
            {
                "time": {
                    "start": "2018-02-05T16:21:15.902Z",
                    "end": "2018-02-05T16:21:16.806Z"
                },
                "type": "RESIZE",
                "source": "data:brush",
                "_t": "09:21:15",
                "_end": "09:21:16",
                "data": {
                    "brushing": true,
                    "origin": [
                        28.532170999999323,
                        29.49515260975599
                    ],
                    "start": "2018-02-05T16:21:15.902Z",
                    "ε": 0.1,
                    "mode": "resize"
                }
            },
            {
                "time": "2018-02-05T16:21:26.082Z",
                "type": "DESELECT",
                "source": "data:click",
                "_t": "09:21:26",
                "_end": "-",
                "data": {
                    "time": 28.53217099999985,
                    "endTime": 29.58516846341454,
                    "type": "ground",
                    "id": 1
                }
            },
            {
                "time": "2018-02-05T16:21:26.672Z",
                "type": "SELECT",
                "source": "data:click",
                "_t": "09:21:26",
                "_end": "-",
                "data": {
                    "time": 30.20927838211445,
                    "endTime": 31.375784308943196,
                    "type": "ground",
                    "id": 2
                }
            },
            {
                "time": {
                    "start": "2018-02-05T16:21:27.726Z",
                    "end": "2018-02-05T16:21:29.046Z"
                },
                "type": "RESIZE",
                "source": "data:brush",
                "_t": "09:21:27",
                "_end": "09:21:29",
                "data": {
                    "brushing": true,
                    "origin": [
                        29.747197,
                        30.49963
                    ],
                    "_brushside": 0,
                    "start": "2018-02-05T16:21:27.726Z",
                    "ε": 0.1,
                    "mode": "resize"
                }
            },
            {
                "time": "2018-02-05T16:21:36.852Z",
                "type": "DESELECT",
                "source": "data:click",
                "_t": "09:21:36",
                "_end": "-",
                "data": {
                    "time": 30.20927838211388,
                    "endTime": 30.49963,
                    "type": "ground",
                    "id": 2
                }
            },
            {
                "time": "2018-02-05T16:21:37.921Z",
                "type": "SELECT",
                "source": "data:click",
                "_t": "09:21:37",
                "_end": "-",
                "data": {
                    "time": 30.49963,
                    "endTime": 31.404379,
                    "type": "ground",
                    "id": 3
                }
            },
            {
                "time": "2018-02-05T16:21:39.710Z",
                "type": "DELETE",
                "source": "side-bar:button",
                "_t": "09:21:39",
                "_end": "-",
                "data": {
                    "id": 3,
                    "idx": 2
                }
            },
            {
                "time": "2018-02-05T16:21:41.474Z",
                "type": "SELECT",
                "source": "data:click",
                "_t": "09:21:41",
                "_end": "-",
                "data": {
                    "time": 30.20927838211445,
                    "endTime": 31.375784308943196,
                    "type": "ground",
                    "id": 2
                }
            },
            {
                "time": {
                    "start": "2018-02-05T16:21:42.599Z",
                    "end": "2018-02-05T16:21:44.230Z"
                },
                "type": "RESIZE",
                "source": "data:brush",
                "_t": "09:21:42",
                "_end": "09:21:44",
                "data": {
                    "brushing": true,
                    "origin": [
                        30.20927838211388,
                        30.49963
                    ],
                    "_brushside": 1,
                    "start": "2018-02-05T16:21:42.599Z",
                    "ε": 0.1,
                    "mode": "resize"
                }
            },
            {
                "time": "2018-02-05T16:21:46.245Z",
                "type": "DESELECT",
                "source": "data:click",
                "_t": "09:21:46",
                "_end": "-",
                "data": {
                    "time": 30.20927838211445,
                    "endTime": 31.375784308943196,
                    "type": "ground",
                    "id": 2
                }
            },
            {
                "time": "2018-02-05T16:21:46.769Z",
                "type": "SELECT",
                "source": "data:click",
                "_t": "09:21:46",
                "_end": "-",
                "data": {
                    "time": 30.20927838211445,
                    "endTime": 31.375784308943196,
                    "type": "ground",
                    "id": 2
                }
            }
        ],
        "navigationEvents": [
            {
                "time": {
                    "start": "2018-02-05T16:19:37.590Z",
                    "end": "2018-02-05T16:20:29.869Z"
                },
                "type": "SCRUB",
                "source": "data:drag",
                "_t": "09:19:37",
                "_end": "09:20:29",
                "data": {
                    "time": 40.214345
                }
            },
            {
                "time": {
                    "start": "2018-02-05T16:19:37.590Z",
                    "end": "2018-02-05T16:20:36.158Z"
                },
                "type": "SCRUB",
                "source": "data:drag",
                "_t": "09:19:37",
                "_end": "09:20:36",
                "data": {
                    "time": 40.214345
                }
            },
            {
                "time": {
                    "start": "2018-02-05T16:19:37.590Z",
                    "end": "2018-02-05T16:20:42.693Z"
                },
                "type": "SCRUB",
                "source": "data:drag",
                "_t": "09:19:37",
                "_end": "09:20:42",
                "data": {
                    "time": 29.094386
                }
            },
            {
                "time": {
                    "start": "2018-02-05T16:19:37.590Z",
                    "end": "2018-02-05T16:20:46.644Z"
                },
                "type": "SCRUB",
                "source": "data:drag",
                "_t": "09:19:37",
                "_end": "09:20:46",
                "data": {
                    "time": 28.512283
                }
            },
            {
                "time": "2018-02-05T16:20:47.470Z",
                "type": "PLAY",
                "source": "video:button",
                "_t": "09:20:47",
                "_end": "-"
            },
            {
                "time": "2018-02-05T16:20:48.933Z",
                "type": "PAUSE",
                "source": "video:button",
                "_t": "09:20:48",
                "_end": "-"
            },
            {
                "time": {
                    "start": "2018-02-05T16:19:37.590Z",
                    "end": "2018-02-05T16:20:52.109Z"
                },
                "type": "SCRUB",
                "source": "data:drag",
                "_t": "09:19:37",
                "_end": "09:20:52",
                "data": {
                    "time": 29.902283
                }
            },
            {
                "time": {
                    "start": "2018-02-05T16:19:37.590Z",
                    "end": "2018-02-05T16:20:54.782Z"
                },
                "type": "SCRUB",
                "source": "data:drag",
                "_t": "09:19:37",
                "_end": "09:20:54",
                "data": {
                    "time": 29.902283
                }
            },
            {
                "time": {
                    "start": "2018-02-05T16:19:37.590Z",
                    "end": "2018-02-05T16:20:55.436Z"
                },
                "type": "SCRUB",
                "source": "data:drag",
                "_t": "09:19:37",
                "_end": "09:20:55",
                "data": {
                    "time": 29.902283
                }
            },
            {
                "time": {
                    "start": "2018-02-05T16:19:37.590Z",
                    "end": "2018-02-05T16:21:02.341Z"
                },
                "type": "SCRUB",
                "source": "data:drag",
                "_t": "09:19:37",
                "_end": "09:21:02",
                "data": {
                    "time": 28.52804
                }
            },
            {
                "time": "2018-02-05T16:21:04.109Z",
                "type": "CHANGE-PLAYBACK-RATE",
                "source": "video:button",
                "_t": "09:21:04",
                "_end": "-",
                "data": {
                    "oldRate": 1,
                    "newRate": 1.5
                }
            },
            {
                "time": "2018-02-05T16:21:04.717Z",
                "type": "CHANGE-PLAYBACK-RATE",
                "source": "video:menu",
                "_t": "09:21:04",
                "_end": "-",
                "data": {
                    "oldRate": 1.5,
                    "newRate": 0.25
                }
            },
            {
                "time": "2018-02-05T16:21:05.894Z",
                "type": "PLAY",
                "source": "video:button",
                "_t": "09:21:05",
                "_end": "-"
            },
            {
                "time": "2018-02-05T16:21:07.118Z",
                "type": "PAUSE",
                "source": "video:button",
                "_t": "09:21:07",
                "_end": "-"
            },
            {
                "time": "2018-02-05T16:21:08.301Z",
                "type": "PLAY",
                "source": "video:button",
                "_t": "09:21:08",
                "_end": "-"
            },
            {
                "time": "2018-02-05T16:21:09.998Z",
                "type": "PAUSE",
                "source": "video:button",
                "_t": "09:21:09",
                "_end": "-"
            },
            {
                "time": "2018-02-05T16:21:10.646Z",
                "type": "PLAY",
                "source": "video:button",
                "_t": "09:21:10",
                "_end": "-"
            },
            {
                "time": "2018-02-05T16:21:12.046Z",
                "type": "PAUSE",
                "source": "video:button",
                "_t": "09:21:12",
                "_end": "-"
            },
            {
                "time": {
                    "start": "2018-02-05T16:19:37.590Z",
                    "end": "2018-02-05T16:21:14.998Z"
                },
                "type": "SCRUB",
                "source": "data:drag",
                "_t": "09:19:37",
                "_end": "09:21:14",
                "data": {
                    "time": 29.592794
                }
            },
            {
                "time": {
                    "start": "2018-02-05T16:19:37.590Z",
                    "end": "2018-02-05T16:21:16.814Z"
                },
                "type": "SCRUB",
                "source": "data:drag",
                "_t": "09:19:37",
                "_end": "09:21:16",
                "data": {
                    "time": 29.592794
                }
            },
            {
                "time": "2018-02-05T16:21:18.879Z",
                "type": "PLAY",
                "source": "video:button",
                "_t": "09:21:18",
                "_end": "-"
            },
            {
                "time": "2018-02-05T16:21:19.550Z",
                "type": "PAUSE",
                "source": "video:button",
                "_t": "09:21:19",
                "_end": "-"
            },
            {
                "time": "2018-02-05T16:21:21.390Z",
                "type": "PLAY",
                "source": "video:button",
                "_t": "09:21:21",
                "_end": "-"
            },
            {
                "time": "2018-02-05T16:21:22.431Z",
                "type": "PAUSE",
                "source": "video:button",
                "_t": "09:21:22",
                "_end": "-"
            },
            {
                "time": "2018-02-05T16:21:22.982Z",
                "type": "PLAY",
                "source": "video:button",
                "_t": "09:21:22",
                "_end": "-"
            },
            {
                "time": "2018-02-05T16:21:23.654Z",
                "type": "PAUSE",
                "source": "video:button",
                "_t": "09:21:23",
                "_end": "-"
            },
            {
                "time": {
                    "start": "2018-02-05T16:19:37.590Z",
                    "end": "2018-02-05T16:21:26.082Z"
                },
                "type": "SCRUB",
                "source": "data:drag",
                "_t": "09:19:37",
                "_end": "09:21:26",
                "data": {
                    "time": 30.192876
                }
            },
            {
                "time": {
                    "start": "2018-02-05T16:19:37.590Z",
                    "end": "2018-02-05T16:21:26.669Z"
                },
                "type": "SCRUB",
                "source": "data:drag",
                "_t": "09:19:37",
                "_end": "09:21:26",
                "data": {
                    "time": 30.192876
                }
            },
            {
                "time": {
                    "start": "2018-02-05T16:19:37.590Z",
                    "end": "2018-02-05T16:21:29.054Z"
                },
                "type": "SCRUB",
                "source": "data:drag",
                "_t": "09:19:37",
                "_end": "09:21:29",
                "data": {
                    "time": 30.192876
                }
            },
            {
                "time": "2018-02-05T16:21:30.806Z",
                "type": "PLAY",
                "source": "video:button",
                "_t": "09:21:30",
                "_end": "-"
            },
            {
                "time": "2018-02-05T16:21:35.534Z",
                "type": "PAUSE",
                "source": "video:button",
                "_t": "09:21:35",
                "_end": "-"
            },
            {
                "time": {
                    "start": "2018-02-05T16:19:37.590Z",
                    "end": "2018-02-05T16:21:36.851Z"
                },
                "type": "SCRUB",
                "source": "data:drag",
                "_t": "09:19:37",
                "_end": "09:21:36",
                "data": {
                    "time": 31.369306
                }
            },
            {
                "time": {
                    "start": "2018-02-05T16:19:37.590Z",
                    "end": "2018-02-05T16:21:37.918Z"
                },
                "type": "SCRUB",
                "source": "data:drag",
                "_t": "09:19:37",
                "_end": "09:21:37",
                "data": {
                    "time": 31.369306
                }
            },
            {
                "time": {
                    "start": "2018-02-05T16:19:37.590Z",
                    "end": "2018-02-05T16:21:41.471Z"
                },
                "type": "SCRUB",
                "source": "data:drag",
                "_t": "09:19:37",
                "_end": "09:21:41",
                "data": {
                    "time": 31.369306
                }
            },
            {
                "time": {
                    "start": "2018-02-05T16:19:37.590Z",
                    "end": "2018-02-05T16:21:44.252Z"
                },
                "type": "SCRUB",
                "source": "data:drag",
                "_t": "09:19:37",
                "_end": "09:21:44",
                "data": {
                    "time": 31.369306
                }
            },
            {
                "time": {
                    "start": "2018-02-05T16:19:37.590Z",
                    "end": "2018-02-05T16:21:46.244Z"
                },
                "type": "SCRUB",
                "source": "data:drag",
                "_t": "09:19:37",
                "_end": "09:21:46",
                "data": {
                    "time": 31.369306
                }
            },
            {
                "time": {
                    "start": "2018-02-05T16:19:37.590Z",
                    "end": "2018-02-05T16:21:46.765Z"
                },
                "type": "SCRUB",
                "source": "data:drag",
                "_t": "09:19:37",
                "_end": "09:21:46",
                "data": {
                    "time": 31.369306
                }
            }
        ]
    }
}