{
    "user_id": "4040",
    "session_id": "5a0fe4e35efd4d725417b963",
    "study": "gold",
    "workspace": "newrun.run-thurs-seven-attempt",
    "details": {
        "workspace": "newrun.run-thurs-seven-attempt",
        "labels": [
            {
                "time": 30.262531,
                "endTime": 33.831321,
                "type": "run",
                "id": 1
            },
            {
                "time": 81.234642,
                "endTime": 88.427621,
                "type": "skip",
                "id": 2
            },
            {
                "time": 261.817566,
                "endTime": 265.509733,
                "type": "run",
                "id": 3
            },
            {
                "time": 279.298283,
                "endTime": 286.979387,
                "type": "skip",
                "id": 4
            },
            {
                "time": 414.713124,
                "endTime": 423.568144,
                "type": "skip",
                "id": 5
            },
            {
                "time": 439.023233,
                "endTime": 442.622295,
                "type": "run",
                "id": 6
            },
            {
                "time": 519.063414,
                "endTime": 522.780323,
                "type": "run",
                "id": 7
            },
            {
                "time": 565.501532,
                "endTime": 575.772219,
                "type": "skip",
                "id": 8
            }
        ],
        "_starts": [
            "2017-11-18T07:55:47.000Z"
        ],
        "_ends": [
            "2017-11-18T08:12:48.995Z"
        ]
    },
    "labels_file": "/home/ubuntu/vat/data/user-studies/gold/run-red/4040.labels.json",
    "videoFlash": 11.89045,
    "surveys": {
        "user-info": {
            "firstname": "Broderick",
            "lastname": "Gardner"
        }
    },
    "logs": {
        "labelEvents": [
            {
                "time": "2017-11-18T07:57:11.921Z",
                "type": "START",
                "source": "hotkey",
                "_t": "00:57:11",
                "_end": "-",
                "data": {
                    "type": "run",
                    "time": 30.262531
                }
            },
            {
                "time": "2017-11-18T07:57:31.603Z",
                "type": "END",
                "source": "hotkey:ctb",
                "_t": "00:57:31",
                "_end": "-",
                "data": {
                    "lbl": {
                        "time": 30.262531,
                        "endTime": 33.831321,
                        "type": "run",
                        "id": 1
                    },
                    "key": "enter"
                }
            },
            {
                "time": "2017-11-18T07:58:14.204Z",
                "type": "START",
                "source": "hotkey",
                "_t": "00:58:14",
                "_end": "-",
                "data": {
                    "type": "skip",
                    "time": 81.234642
                }
            },
            {
                "time": "2017-11-18T07:58:25.954Z",
                "type": "END",
                "source": "hotkey:ctb",
                "_t": "00:58:25",
                "_end": "-",
                "data": {
                    "lbl": {
                        "time": 81.234642,
                        "endTime": 88.427621,
                        "type": "skip",
                        "id": 2
                    },
                    "key": "enter"
                }
            },
            {
                "time": "2017-11-18T07:59:48.062Z",
                "type": "START",
                "source": "hotkey",
                "_t": "00:59:48",
                "_end": "-",
                "data": {
                    "type": "run",
                    "time": 261.817566
                }
            },
            {
                "time": "2017-11-18T07:59:57.201Z",
                "type": "END",
                "source": "hotkey:ctb",
                "_t": "00:59:57",
                "_end": "-",
                "data": {
                    "lbl": {
                        "time": 261.817566,
                        "endTime": 265.509733,
                        "type": "run",
                        "id": 3
                    },
                    "key": "enter"
                }
            },
            {
                "time": "2017-11-18T08:00:19.751Z",
                "type": "START",
                "source": "hotkey",
                "_t": "01:00:19",
                "_end": "-",
                "data": {
                    "type": "skip",
                    "time": 279.298283
                }
            },
            {
                "time": "2017-11-18T08:00:31.366Z",
                "type": "END",
                "source": "hotkey:ctb",
                "_t": "01:00:31",
                "_end": "-",
                "data": {
                    "lbl": {
                        "time": 279.298283,
                        "endTime": 286.979387,
                        "type": "skip",
                        "id": 4
                    },
                    "key": "enter"
                }
            },
            {
                "time": "2017-11-18T08:00:48.750Z",
                "type": "START",
                "source": "hotkey",
                "_t": "01:00:48",
                "_end": "-",
                "data": {
                    "type": "skip",
                    "time": 414.713124
                }
            },
            {
                "time": "2017-11-18T08:01:12.925Z",
                "type": "END",
                "source": "hotkey:ctb",
                "_t": "01:01:12",
                "_end": "-",
                "data": {
                    "lbl": {
                        "time": 414.713124,
                        "endTime": 423.568144,
                        "type": "skip",
                        "id": 5
                    },
                    "key": "enter"
                }
            },
            {
                "time": "2017-11-18T08:10:52.199Z",
                "type": "START",
                "source": "hotkey",
                "_t": "01:10:52",
                "_end": "-",
                "data": {
                    "type": "run",
                    "time": 439.023233
                }
            },
            {
                "time": "2017-11-18T08:11:00.542Z",
                "type": "END",
                "source": "hotkey:ctb",
                "_t": "01:11:00",
                "_end": "-",
                "data": {
                    "lbl": {
                        "time": 439.023233,
                        "endTime": 442.622295,
                        "type": "run",
                        "id": 6
                    },
                    "key": "enter"
                }
            },
            {
                "time": "2017-11-18T08:11:24.056Z",
                "type": "START",
                "source": "hotkey",
                "_t": "01:11:24",
                "_end": "-",
                "data": {
                    "type": "run",
                    "time": 519.063414
                }
            },
            {
                "time": "2017-11-18T08:12:03.129Z",
                "type": "END",
                "source": "hotkey:ctb",
                "_t": "01:12:03",
                "_end": "-",
                "data": {
                    "lbl": {
                        "time": 519.063414,
                        "endTime": 522.780323,
                        "type": "run",
                        "id": 7
                    },
                    "key": "enter"
                }
            },
            {
                "time": "2017-11-18T08:12:25.060Z",
                "type": "START",
                "source": "hotkey",
                "_t": "01:12:25",
                "_end": "-",
                "data": {
                    "type": "skip",
                    "time": 565.501532
                }
            },
            {
                "time": "2017-11-18T08:12:42.475Z",
                "type": "END",
                "source": "hotkey:ctb",
                "_t": "01:12:42",
                "_end": "-",
                "data": {
                    "lbl": {
                        "time": 565.501532,
                        "endTime": 575.772219,
                        "type": "skip",
                        "id": 8
                    },
                    "key": "enter"
                }
            }
        ],
        "navigationEvents": [
            {
                "time": {
                    "start": "2017-11-18T07:55:47.792Z",
                    "end": "2017-11-18T07:56:35.515Z"
                },
                "type": "SCRUB",
                "source": "data:drag",
                "_t": "00:55:47",
                "_end": "00:56:35",
                "data": {
                    "time": 29.757639
                }
            },
            {
                "time": "2017-11-18T07:56:37.543Z",
                "type": "PLAY",
                "source": "hotkey",
                "_t": "00:56:37",
                "_end": "-",
                "data": {
                    "key": "space"
                }
            },
            {
                "time": "2017-11-18T07:56:37.753Z",
                "type": "PAUSE",
                "source": "hotkey",
                "_t": "00:56:37",
                "_end": "-",
                "data": {
                    "key": "space"
                }
            },
            {
                "time": "2017-11-18T07:56:38.923Z",
                "type": "PLAY",
                "source": "hotkey",
                "_t": "00:56:38",
                "_end": "-",
                "data": {
                    "key": "space"
                }
            },
            {
                "time": "2017-11-18T07:56:39.185Z",
                "type": "PAUSE",
                "source": "hotkey",
                "_t": "00:56:39",
                "_end": "-",
                "data": {
                    "key": "space"
                }
            },
            {
                "time": "2017-11-18T07:56:42.701Z",
                "type": "PLAY",
                "source": "hotkey",
                "_t": "00:56:42",
                "_end": "-",
                "data": {
                    "key": "space"
                }
            },
            {
                "time": "2017-11-18T07:56:43.423Z",
                "type": "PAUSE",
                "source": "hotkey",
                "_t": "00:56:43",
                "_end": "-",
                "data": {
                    "key": "space"
                }
            },
            {
                "time": "2017-11-18T07:56:47.721Z",
                "type": "SKIP",
                "source": "hotkey",
                "_t": "00:56:47",
                "_end": "-",
                "data": {
                    "t": 30.810826,
                    "Δt": -10,
                    "key": "j"
                }
            },
            {
                "time": "2017-11-18T07:56:49.585Z",
                "type": "PLAY",
                "source": "hotkey",
                "_t": "00:56:49",
                "_end": "-",
                "data": {
                    "key": "space"
                }
            },
            {
                "time": "2017-11-18T07:56:59.836Z",
                "type": "PAUSE",
                "source": "hotkey",
                "_t": "00:56:59",
                "_end": "-",
                "data": {
                    "key": "space"
                }
            },
            {
                "time": "2017-11-18T07:57:01.432Z",
                "type": "SKIP",
                "source": "hotkey",
                "_t": "00:57:01",
                "_end": "-",
                "data": {
                    "t": 30.992763,
                    "Δt": -0.033366700033366704,
                    "key": "shift+left"
                }
            },
            {
                "time": "2017-11-18T07:57:02.113Z",
                "type": "SKIP",
                "source": "hotkey",
                "_t": "00:57:02",
                "_end": "-",
                "data": {
                    "t": 30.959396,
                    "Δt": -0.033366700033366704,
                    "key": "shift+left"
                }
            },
            {
                "time": "2017-11-18T07:57:02.677Z",
                "type": "SKIP",
                "source": "hotkey",
                "_t": "00:57:02",
                "_end": "-",
                "data": {
                    "t": 30.926029,
                    "Δt": -0.033366700033366704,
                    "key": "shift+left"
                }
            },
            {
                "time": "2017-11-18T07:57:03.009Z",
                "type": "SKIP",
                "source": "hotkey",
                "_t": "00:57:03",
                "_end": "-",
                "data": {
                    "t": 30.892662,
                    "Δt": -0.033366700033366704,
                    "key": "shift+left"
                }
            },
            {
                "time": "2017-11-18T07:57:03.230Z",
                "type": "SKIP",
                "source": "hotkey",
                "_t": "00:57:03",
                "_end": "-",
                "data": {
                    "t": 30.859295,
                    "Δt": -0.033366700033366704,
                    "key": "shift+left"
                }
            },
            {
                "time": "2017-11-18T07:57:03.428Z",
                "type": "SKIP",
                "source": "hotkey",
                "_t": "00:57:03",
                "_end": "-",
                "data": {
                    "t": 30.825928,
                    "Δt": -0.033366700033366704,
                    "key": "shift+left"
                }
            },
            {
                "time": "2017-11-18T07:57:03.537Z",
                "type": "SKIP",
                "source": "hotkey",
                "_t": "00:57:03",
                "_end": "-",
                "data": {
                    "t": 30.792561299966636,
                    "Δt": -0.033366700033366704,
                    "key": "shift+left"
                }
            },
            {
                "time": "2017-11-18T07:57:04.140Z",
                "type": "SKIP",
                "source": "hotkey",
                "_t": "00:57:04",
                "_end": "-",
                "data": {
                    "t": 30.759195,
                    "Δt": -0.033366700033366704,
                    "key": "shift+left"
                }
            },
            {
                "time": "2017-11-18T07:57:04.184Z",
                "type": "SKIP",
                "source": "hotkey",
                "_t": "00:57:04",
                "_end": "-",
                "data": {
                    "t": 30.725828299966633,
                    "Δt": -0.033366700033366704,
                    "key": "shift+left"
                }
            },
            {
                "time": "2017-11-18T07:57:04.227Z",
                "type": "SKIP",
                "source": "hotkey",
                "_t": "00:57:04",
                "_end": "-",
                "data": {
                    "t": 30.692461599933267,
                    "Δt": -0.033366700033366704,
                    "key": "shift+left"
                }
            },
            {
                "time": "2017-11-18T07:57:04.273Z",
                "type": "SKIP",
                "source": "hotkey",
                "_t": "00:57:04",
                "_end": "-",
                "data": {
                    "t": 30.6590948998999,
                    "Δt": -0.033366700033366704,
                    "key": "shift+left"
                }
            },
            {
                "time": "2017-11-18T07:57:04.300Z",
                "type": "SKIP",
                "source": "hotkey",
                "_t": "00:57:04",
                "_end": "-",
                "data": {
                    "t": 30.625728199866536,
                    "Δt": -0.033366700033366704,
                    "key": "shift+left"
                }
            },
            {
                "time": "2017-11-18T07:57:04.347Z",
                "type": "SKIP",
                "source": "hotkey",
                "_t": "00:57:04",
                "_end": "-",
                "data": {
                    "t": 30.59236149983317,
                    "Δt": -0.033366700033366704,
                    "key": "shift+left"
                }
            },
            {
                "time": "2017-11-18T07:57:04.381Z",
                "type": "SKIP",
                "source": "hotkey",
                "_t": "00:57:04",
                "_end": "-",
                "data": {
                    "t": 30.558994799799805,
                    "Δt": -0.033366700033366704,
                    "key": "shift+left"
                }
            },
            {
                "time": "2017-11-18T07:57:04.431Z",
                "type": "SKIP",
                "source": "hotkey",
                "_t": "00:57:04",
                "_end": "-",
                "data": {
                    "t": 30.52562809976644,
                    "Δt": -0.033366700033366704,
                    "key": "shift+left"
                }
            },
            {
                "time": "2017-11-18T07:57:04.462Z",
                "type": "SKIP",
                "source": "hotkey",
                "_t": "00:57:04",
                "_end": "-",
                "data": {
                    "t": 30.492261399733074,
                    "Δt": -0.033366700033366704,
                    "key": "shift+left"
                }
            },
            {
                "time": "2017-11-18T07:57:04.502Z",
                "type": "SKIP",
                "source": "hotkey",
                "_t": "00:57:04",
                "_end": "-",
                "data": {
                    "t": 30.45889469969971,
                    "Δt": -0.033366700033366704,
                    "key": "shift+left"
                }
            },
            {
                "time": "2017-11-18T07:57:04.547Z",
                "type": "SKIP",
                "source": "hotkey",
                "_t": "00:57:04",
                "_end": "-",
                "data": {
                    "t": 30.425527999666343,
                    "Δt": -0.033366700033366704,
                    "key": "shift+left"
                }
            },
            {
                "time": "2017-11-18T07:57:04.583Z",
                "type": "SKIP",
                "source": "hotkey",
                "_t": "00:57:04",
                "_end": "-",
                "data": {
                    "t": 30.392161299632978,
                    "Δt": -0.033366700033366704,
                    "key": "shift+left"
                }
            },
            {
                "time": "2017-11-18T07:57:04.631Z",
                "type": "SKIP",
                "source": "hotkey",
                "_t": "00:57:04",
                "_end": "-",
                "data": {
                    "t": 30.358794599599612,
                    "Δt": -0.033366700033366704,
                    "key": "shift+left"
                }
            },
            {
                "time": "2017-11-18T07:57:04.664Z",
                "type": "SKIP",
                "source": "hotkey",
                "_t": "00:57:04",
                "_end": "-",
                "data": {
                    "t": 30.325427899566247,
                    "Δt": -0.033366700033366704,
                    "key": "shift+left"
                }
            },
            {
                "time": "2017-11-18T07:57:04.704Z",
                "type": "SKIP",
                "source": "hotkey",
                "_t": "00:57:04",
                "_end": "-",
                "data": {
                    "t": 30.29206119953288,
                    "Δt": -0.033366700033366704,
                    "key": "shift+left"
                }
            },
            {
                "time": "2017-11-18T07:57:04.748Z",
                "type": "SKIP",
                "source": "hotkey",
                "_t": "00:57:04",
                "_end": "-",
                "data": {
                    "t": 30.258694499499516,
                    "Δt": -0.033366700033366704,
                    "key": "shift+left"
                }
            },
            {
                "time": "2017-11-18T07:57:04.785Z",
                "type": "SKIP",
                "source": "hotkey",
                "_t": "00:57:04",
                "_end": "-",
                "data": {
                    "t": 30.22532779946615,
                    "Δt": -0.033366700033366704,
                    "key": "shift+left"
                }
            },
            {
                "time": "2017-11-18T07:57:04.828Z",
                "type": "SKIP",
                "source": "hotkey",
                "_t": "00:57:04",
                "_end": "-",
                "data": {
                    "t": 30.191961099432785,
                    "Δt": -0.033366700033366704,
                    "key": "shift+left"
                }
            },
            {
                "time": "2017-11-18T07:57:04.929Z",
                "type": "SKIP",
                "source": "hotkey",
                "_t": "00:57:04",
                "_end": "-",
                "data": {
                    "t": 30.15859439939942,
                    "Δt": -0.033366700033366704,
                    "key": "shift+left"
                }
            },
            {
                "time": "2017-11-18T07:57:04.950Z",
                "type": "SKIP",
                "source": "hotkey",
                "_t": "00:57:04",
                "_end": "-",
                "data": {
                    "t": 30.125227699366054,
                    "Δt": -0.033366700033366704,
                    "key": "shift+left"
                }
            },
            {
                "time": "2017-11-18T07:57:05.005Z",
                "type": "SKIP",
                "source": "hotkey",
                "_t": "00:57:05",
                "_end": "-",
                "data": {
                    "t": 30.091860999332688,
                    "Δt": -0.033366700033366704,
                    "key": "shift+left"
                }
            },
            {
                "time": "2017-11-18T07:57:05.029Z",
                "type": "SKIP",
                "source": "hotkey",
                "_t": "00:57:05",
                "_end": "-",
                "data": {
                    "t": 30.058494299299323,
                    "Δt": -0.033366700033366704,
                    "key": "shift+left"
                }
            },
            {
                "time": "2017-11-18T07:57:05.128Z",
                "type": "SKIP",
                "source": "hotkey",
                "_t": "00:57:05",
                "_end": "-",
                "data": {
                    "t": 30.025127599265957,
                    "Δt": -0.033366700033366704,
                    "key": "shift+left"
                }
            },
            {
                "time": "2017-11-18T07:57:05.150Z",
                "type": "SKIP",
                "source": "hotkey",
                "_t": "00:57:05",
                "_end": "-",
                "data": {
                    "t": 29.99176089923259,
                    "Δt": -0.033366700033366704,
                    "key": "shift+left"
                }
            },
            {
                "time": "2017-11-18T07:57:05.207Z",
                "type": "SKIP",
                "source": "hotkey",
                "_t": "00:57:05",
                "_end": "-",
                "data": {
                    "t": 29.958394199199226,
                    "Δt": -0.033366700033366704,
                    "key": "shift+left"
                }
            },
            {
                "time": "2017-11-18T07:57:05.231Z",
                "type": "SKIP",
                "source": "hotkey",
                "_t": "00:57:05",
                "_end": "-",
                "data": {
                    "t": 29.92502749916586,
                    "Δt": -0.033366700033366704,
                    "key": "shift+left"
                }
            },
            {
                "time": "2017-11-18T07:57:05.271Z",
                "type": "SKIP",
                "source": "hotkey",
                "_t": "00:57:05",
                "_end": "-",
                "data": {
                    "t": 29.891660799132495,
                    "Δt": -0.033366700033366704,
                    "key": "shift+left"
                }
            },
            {
                "time": "2017-11-18T07:57:05.314Z",
                "type": "SKIP",
                "source": "hotkey",
                "_t": "00:57:05",
                "_end": "-",
                "data": {
                    "t": 29.85829409909913,
                    "Δt": -0.033366700033366704,
                    "key": "shift+left"
                }
            },
            {
                "time": "2017-11-18T07:57:05.350Z",
                "type": "SKIP",
                "source": "hotkey",
                "_t": "00:57:05",
                "_end": "-",
                "data": {
                    "t": 29.824927399065764,
                    "Δt": -0.033366700033366704,
                    "key": "shift+left"
                }
            },
            {
                "time": "2017-11-18T07:57:05.395Z",
                "type": "SKIP",
                "source": "hotkey",
                "_t": "00:57:05",
                "_end": "-",
                "data": {
                    "t": 29.7915606990324,
                    "Δt": -0.033366700033366704,
                    "key": "shift+left"
                }
            },
            {
                "time": "2017-11-18T07:57:05.430Z",
                "type": "SKIP",
                "source": "hotkey",
                "_t": "00:57:05",
                "_end": "-",
                "data": {
                    "t": 29.758193998999033,
                    "Δt": -0.033366700033366704,
                    "key": "shift+left"
                }
            },
            {
                "time": "2017-11-18T07:57:05.470Z",
                "type": "SKIP",
                "source": "hotkey",
                "_t": "00:57:05",
                "_end": "-",
                "data": {
                    "t": 29.724827298965668,
                    "Δt": -0.033366700033366704,
                    "key": "shift+left"
                }
            },
            {
                "time": "2017-11-18T07:57:05.514Z",
                "type": "SKIP",
                "source": "hotkey",
                "_t": "00:57:05",
                "_end": "-",
                "data": {
                    "t": 29.691460598932302,
                    "Δt": -0.033366700033366704,
                    "key": "shift+left"
                }
            },
            {
                "time": "2017-11-18T07:57:07.670Z",
                "type": "PLAY",
                "source": "hotkey",
                "_t": "00:57:07",
                "_end": "-",
                "data": {
                    "key": "space"
                }
            },
            {
                "time": "2017-11-18T07:57:07.872Z",
                "type": "PAUSE",
                "source": "hotkey",
                "_t": "00:57:07",
                "_end": "-",
                "data": {
                    "key": "space"
                }
            },
            {
                "time": "2017-11-18T07:57:08.314Z",
                "type": "PLAY",
                "source": "hotkey",
                "_t": "00:57:08",
                "_end": "-",
                "data": {
                    "key": "space"
                }
            },
            {
                "time": "2017-11-18T07:57:08.538Z",
                "type": "PAUSE",
                "source": "hotkey",
                "_t": "00:57:08",
                "_end": "-",
                "data": {
                    "key": "space"
                }
            },
            {
                "time": "2017-11-18T07:57:09.050Z",
                "type": "PLAY",
                "source": "hotkey",
                "_t": "00:57:09",
                "_end": "-",
                "data": {
                    "key": "space"
                }
            },
            {
                "time": "2017-11-18T07:57:09.253Z",
                "type": "PAUSE",
                "source": "hotkey",
                "_t": "00:57:09",
                "_end": "-",
                "data": {
                    "key": "space"
                }
            },
            {
                "time": "2017-11-18T07:57:12.298Z",
                "type": "PLAY",
                "source": "hotkey",
                "_t": "00:57:12",
                "_end": "-",
                "data": {
                    "key": "space"
                }
            },
            {
                "time": "2017-11-18T07:57:15.336Z",
                "type": "PAUSE",
                "source": "hotkey",
                "_t": "00:57:15",
                "_end": "-",
                "data": {
                    "key": "space"
                }
            },
            {
                "time": "2017-11-18T07:57:15.997Z",
                "type": "PLAY",
                "source": "hotkey",
                "_t": "00:57:15",
                "_end": "-",
                "data": {
                    "key": "space"
                }
            },
            {
                "time": "2017-11-18T07:57:16.160Z",
                "type": "PAUSE",
                "source": "hotkey",
                "_t": "00:57:16",
                "_end": "-",
                "data": {
                    "key": "space"
                }
            },
            {
                "time": "2017-11-18T07:57:18.748Z",
                "type": "PLAY",
                "source": "hotkey",
                "_t": "00:57:18",
                "_end": "-",
                "data": {
                    "key": "space"
                }
            },
            {
                "time": "2017-11-18T07:57:18.896Z",
                "type": "PAUSE",
                "source": "hotkey",
                "_t": "00:57:18",
                "_end": "-",
                "data": {
                    "key": "space"
                }
            },
            {
                "time": "2017-11-18T07:57:19.526Z",
                "type": "PLAY",
                "source": "hotkey",
                "_t": "00:57:19",
                "_end": "-",
                "data": {
                    "key": "space"
                }
            },
            {
                "time": "2017-11-18T07:57:19.918Z",
                "type": "PAUSE",
                "source": "hotkey",
                "_t": "00:57:19",
                "_end": "-",
                "data": {
                    "key": "space"
                }
            },
            {
                "time": "2017-11-18T07:57:21.708Z",
                "type": "SKIP",
                "source": "hotkey",
                "_t": "00:57:21",
                "_end": "-",
                "data": {
                    "t": 33.998156,
                    "Δt": -0.033366700033366704,
                    "key": "shift+left"
                }
            },
            {
                "time": "2017-11-18T07:57:22.177Z",
                "type": "SKIP",
                "source": "hotkey",
                "_t": "00:57:22",
                "_end": "-",
                "data": {
                    "t": 33.964789,
                    "Δt": -0.033366700033366704,
                    "key": "shift+left"
                }
            },
            {
                "time": "2017-11-18T07:57:22.718Z",
                "type": "SKIP",
                "source": "hotkey",
                "_t": "00:57:22",
                "_end": "-",
                "data": {
                    "t": 33.931422,
                    "Δt": -0.033366700033366704,
                    "key": "shift+left"
                }
            },
            {
                "time": "2017-11-18T07:57:23.217Z",
                "type": "SKIP",
                "source": "hotkey",
                "_t": "00:57:23",
                "_end": "-",
                "data": {
                    "t": 33.898055,
                    "Δt": -0.033366700033366704,
                    "key": "shift+left"
                }
            },
            {
                "time": "2017-11-18T07:57:23.830Z",
                "type": "SKIP",
                "source": "hotkey",
                "_t": "00:57:23",
                "_end": "-",
                "data": {
                    "t": 33.864688,
                    "Δt": -0.033366700033366704,
                    "key": "shift+left"
                }
            },
            {
                "time": "2017-11-18T07:57:24.447Z",
                "type": "SKIP",
                "source": "hotkey",
                "_t": "00:57:24",
                "_end": "-",
                "data": {
                    "t": 33.831321,
                    "Δt": -0.033366700033366704,
                    "key": "shift+left"
                }
            },
            {
                "time": "2017-11-18T07:57:25.096Z",
                "type": "SKIP",
                "source": "hotkey",
                "_t": "00:57:25",
                "_end": "-",
                "data": {
                    "t": 33.797954,
                    "Δt": -0.033366700033366704,
                    "key": "shift+left"
                }
            },
            {
                "time": "2017-11-18T07:57:27.549Z",
                "type": "SKIP",
                "source": "hotkey",
                "_t": "00:57:27",
                "_end": "-",
                "data": {
                    "t": 33.764587,
                    "Δt": 0.033366700033366704,
                    "key": "shift+right"
                }
            },
            {
                "time": "2017-11-18T07:57:28.168Z",
                "type": "SKIP",
                "source": "hotkey",
                "_t": "00:57:28",
                "_end": "-",
                "data": {
                    "t": 33.797954,
                    "Δt": 0.033366700033366704,
                    "key": "shift+right"
                }
            },
            {
                "time": {
                    "start": "2017-11-18T07:55:47.792Z",
                    "end": "2017-11-18T07:57:33.998Z"
                },
                "type": "SCRUB",
                "source": "data:drag",
                "_t": "00:55:47",
                "_end": "00:57:33",
                "data": {
                    "time": 54.39233184905763
                }
            },
            {
                "time": {
                    "start": "2017-11-18T07:55:47.792Z",
                    "end": "2017-11-18T07:57:41.102Z"
                },
                "type": "SCRUB",
                "source": "data:drag",
                "_t": "00:55:47",
                "_end": "00:57:41",
                "data": {
                    "time": 79.516348
                }
            },
            {
                "time": "2017-11-18T07:57:41.853Z",
                "type": "PLAY",
                "source": "hotkey",
                "_t": "00:57:41",
                "_end": "-",
                "data": {
                    "key": "space"
                }
            },
            {
                "time": "2017-11-18T07:57:43.392Z",
                "type": "PAUSE",
                "source": "hotkey",
                "_t": "00:57:43",
                "_end": "-",
                "data": {
                    "key": "space"
                }
            },
            {
                "time": "2017-11-18T07:57:44.672Z",
                "type": "PLAY",
                "source": "hotkey",
                "_t": "00:57:44",
                "_end": "-",
                "data": {
                    "key": "space"
                }
            },
            {
                "time": "2017-11-18T07:57:44.807Z",
                "type": "PAUSE",
                "source": "hotkey",
                "_t": "00:57:44",
                "_end": "-",
                "data": {
                    "key": "space"
                }
            },
            {
                "time": "2017-11-18T07:57:45.382Z",
                "type": "PLAY",
                "source": "hotkey",
                "_t": "00:57:45",
                "_end": "-",
                "data": {
                    "key": "space"
                }
            },
            {
                "time": "2017-11-18T07:57:45.540Z",
                "type": "PAUSE",
                "source": "hotkey",
                "_t": "00:57:45",
                "_end": "-",
                "data": {
                    "key": "space"
                }
            },
            {
                "time": "2017-11-18T07:57:47.770Z",
                "type": "SKIP",
                "source": "hotkey",
                "_t": "00:57:47",
                "_end": "-",
                "data": {
                    "t": 81.334743,
                    "Δt": -0.033366700033366704,
                    "key": "shift+left"
                }
            },
            {
                "time": "2017-11-18T07:57:48.628Z",
                "type": "SKIP",
                "source": "hotkey",
                "_t": "00:57:48",
                "_end": "-",
                "data": {
                    "t": 81.301376,
                    "Δt": -0.033366700033366704,
                    "key": "shift+left"
                }
            },
            {
                "time": "2017-11-18T07:57:49.286Z",
                "type": "SKIP",
                "source": "hotkey",
                "_t": "00:57:49",
                "_end": "-",
                "data": {
                    "t": 81.268009,
                    "Δt": -0.033366700033366704,
                    "key": "shift+left"
                }
            },
            {
                "time": "2017-11-18T07:58:15.073Z",
                "type": "PLAY",
                "source": "hotkey",
                "_t": "00:58:15",
                "_end": "-",
                "data": {
                    "key": "space"
                }
            },
            {
                "time": "2017-11-18T07:58:22.353Z",
                "type": "PAUSE",
                "source": "hotkey",
                "_t": "00:58:22",
                "_end": "-",
                "data": {
                    "key": "space"
                }
            },
            {
                "time": "2017-11-18T07:58:23.121Z",
                "type": "PLAY",
                "source": "hotkey",
                "_t": "00:58:23",
                "_end": "-",
                "data": {
                    "key": "space"
                }
            },
            {
                "time": "2017-11-18T07:58:23.269Z",
                "type": "PAUSE",
                "source": "hotkey",
                "_t": "00:58:23",
                "_end": "-",
                "data": {
                    "key": "space"
                }
            },
            {
                "time": {
                    "start": "2017-11-18T07:55:47.792Z",
                    "end": "2017-11-18T07:58:37.696Z"
                },
                "type": "SCRUB",
                "source": "data:drag",
                "_t": "00:55:47",
                "_end": "00:58:37",
                "data": {
                    "time": 128.9998830497413
                }
            },
            {
                "time": {
                    "start": "2017-11-18T07:55:47.792Z",
                    "end": "2017-11-18T07:58:39.447Z"
                },
                "type": "SCRUB",
                "source": "data:drag",
                "_t": "00:55:47",
                "_end": "00:58:39",
                "data": {
                    "time": 162.81010137477298
                }
            },
            {
                "time": {
                    "start": "2017-11-18T07:55:47.792Z",
                    "end": "2017-11-18T07:58:41.065Z"
                },
                "type": "SCRUB",
                "source": "data:drag",
                "_t": "00:55:47",
                "_end": "00:58:41",
                "data": {
                    "time": 201.45820428044465
                }
            },
            {
                "time": {
                    "start": "2017-11-18T07:55:47.792Z",
                    "end": "2017-11-18T07:58:43.027Z"
                },
                "type": "SCRUB",
                "source": "data:drag",
                "_t": "00:55:47",
                "_end": "00:58:43",
                "data": {
                    "time": 244.669312
                }
            },
            {
                "time": {
                    "start": "2017-11-18T07:55:47.792Z",
                    "end": "2017-11-18T07:58:45.564Z"
                },
                "type": "SCRUB",
                "source": "data:drag",
                "_t": "00:55:47",
                "_end": "00:58:45",
                "data": {
                    "time": 261.05215
                }
            },
            {
                "time": "2017-11-18T07:59:42.504Z",
                "type": "PLAY",
                "source": "hotkey",
                "_t": "00:59:42",
                "_end": "-",
                "data": {
                    "key": "space"
                }
            },
            {
                "time": "2017-11-18T07:59:42.915Z",
                "type": "PAUSE",
                "source": "hotkey",
                "_t": "00:59:42",
                "_end": "-",
                "data": {
                    "key": "space"
                }
            },
            {
                "time": "2017-11-18T07:59:43.293Z",
                "type": "PLAY",
                "source": "hotkey",
                "_t": "00:59:43",
                "_end": "-",
                "data": {
                    "key": "space"
                }
            },
            {
                "time": "2017-11-18T07:59:43.478Z",
                "type": "PAUSE",
                "source": "hotkey",
                "_t": "00:59:43",
                "_end": "-",
                "data": {
                    "key": "space"
                }
            },
            {
                "time": "2017-11-18T07:59:43.926Z",
                "type": "PLAY",
                "source": "hotkey",
                "_t": "00:59:43",
                "_end": "-",
                "data": {
                    "key": "space"
                }
            },
            {
                "time": "2017-11-18T07:59:44.118Z",
                "type": "PAUSE",
                "source": "hotkey",
                "_t": "00:59:44",
                "_end": "-",
                "data": {
                    "key": "space"
                }
            },
            {
                "time": "2017-11-18T07:59:48.854Z",
                "type": "PLAY",
                "source": "hotkey",
                "_t": "00:59:48",
                "_end": "-",
                "data": {
                    "key": "space"
                }
            },
            {
                "time": "2017-11-18T07:59:52.410Z",
                "type": "PAUSE",
                "source": "hotkey",
                "_t": "00:59:52",
                "_end": "-",
                "data": {
                    "key": "space"
                }
            },
            {
                "time": "2017-11-18T07:59:52.978Z",
                "type": "PLAY",
                "source": "hotkey",
                "_t": "00:59:52",
                "_end": "-",
                "data": {
                    "key": "space"
                }
            },
            {
                "time": "2017-11-18T07:59:53.099Z",
                "type": "PAUSE",
                "source": "hotkey",
                "_t": "00:59:53",
                "_end": "-",
                "data": {
                    "key": "space"
                }
            },
            {
                "time": "2017-11-18T07:59:57.755Z",
                "type": "PLAY",
                "source": "hotkey",
                "_t": "00:59:57",
                "_end": "-",
                "data": {
                    "key": "space"
                }
            },
            {
                "time": "2017-11-18T08:00:11.438Z",
                "type": "PAUSE",
                "source": "hotkey",
                "_t": "01:00:11",
                "_end": "-",
                "data": {
                    "key": "space"
                }
            },
            {
                "time": "2017-11-18T08:00:12.053Z",
                "type": "PLAY",
                "source": "hotkey",
                "_t": "01:00:12",
                "_end": "-",
                "data": {
                    "key": "space"
                }
            },
            {
                "time": "2017-11-18T08:00:12.221Z",
                "type": "PAUSE",
                "source": "hotkey",
                "_t": "01:00:12",
                "_end": "-",
                "data": {
                    "key": "space"
                }
            },
            {
                "time": "2017-11-18T08:00:14.876Z",
                "type": "SKIP",
                "source": "hotkey",
                "_t": "01:00:14",
                "_end": "-",
                "data": {
                    "t": 279.33165,
                    "Δt": -0.033366700033366704,
                    "key": "shift+left"
                }
            },
            {
                "time": "2017-11-18T08:00:15.406Z",
                "type": "SKIP",
                "source": "hotkey",
                "_t": "01:00:15",
                "_end": "-",
                "data": {
                    "t": 279.298283,
                    "Δt": -0.033366700033366704,
                    "key": "shift+left"
                }
            },
            {
                "time": "2017-11-18T08:00:17.156Z",
                "type": "SKIP",
                "source": "hotkey",
                "_t": "01:00:17",
                "_end": "-",
                "data": {
                    "t": 279.264916,
                    "Δt": 0.033366700033366704,
                    "key": "shift+right"
                }
            },
            {
                "time": "2017-11-18T08:00:20.603Z",
                "type": "PLAY",
                "source": "hotkey",
                "_t": "01:00:20",
                "_end": "-",
                "data": {
                    "key": "space"
                }
            },
            {
                "time": "2017-11-18T08:00:28.375Z",
                "type": "PAUSE",
                "source": "hotkey",
                "_t": "01:00:28",
                "_end": "-",
                "data": {
                    "key": "space"
                }
            },
            {
                "time": {
                    "start": "2017-11-18T07:55:47.792Z",
                    "end": "2017-11-18T08:00:33.797Z"
                },
                "type": "SCRUB",
                "source": "data:drag",
                "_t": "00:55:47",
                "_end": "01:00:33",
                "data": {
                    "time": 342.06530376672185
                }
            },
            {
                "time": {
                    "start": "2017-11-18T07:55:47.792Z",
                    "end": "2017-11-18T08:00:35.321Z"
                },
                "type": "SCRUB",
                "source": "data:drag",
                "_t": "00:55:47",
                "_end": "01:00:35",
                "data": {
                    "time": 392.8081195446413
                }
            },
            {
                "time": {
                    "start": "2017-11-18T07:55:47.792Z",
                    "end": "2017-11-18T08:00:38.720Z"
                },
                "type": "SCRUB",
                "source": "data:drag",
                "_t": "00:55:47",
                "_end": "01:00:38",
                "data": {
                    "time": 414.19377
                }
            },
            {
                "time": "2017-11-18T08:00:42.677Z",
                "type": "PLAY",
                "source": "hotkey",
                "_t": "01:00:42",
                "_end": "-",
                "data": {
                    "key": "space"
                }
            },
            {
                "time": "2017-11-18T08:00:42.834Z",
                "type": "PAUSE",
                "source": "hotkey",
                "_t": "01:00:42",
                "_end": "-",
                "data": {
                    "key": "space"
                }
            },
            {
                "time": "2017-11-18T08:00:43.701Z",
                "type": "PLAY",
                "source": "hotkey",
                "_t": "01:00:43",
                "_end": "-",
                "data": {
                    "key": "space"
                }
            },
            {
                "time": "2017-11-18T08:00:43.932Z",
                "type": "PAUSE",
                "source": "hotkey",
                "_t": "01:00:43",
                "_end": "-",
                "data": {
                    "key": "space"
                }
            },
            {
                "time": "2017-11-18T08:00:45.454Z",
                "type": "PLAY",
                "source": "hotkey",
                "_t": "01:00:45",
                "_end": "-",
                "data": {
                    "key": "space"
                }
            },
            {
                "time": "2017-11-18T08:00:45.610Z",
                "type": "PAUSE",
                "source": "hotkey",
                "_t": "01:00:45",
                "_end": "-",
                "data": {
                    "key": "space"
                }
            },
            {
                "time": "2017-11-18T08:00:50.106Z",
                "type": "PLAY",
                "source": "hotkey",
                "_t": "01:00:50",
                "_end": "-",
                "data": {
                    "key": "space"
                }
            },
            {
                "time": "2017-11-18T08:00:56.477Z",
                "type": "PAUSE",
                "source": "hotkey",
                "_t": "01:00:56",
                "_end": "-",
                "data": {
                    "key": "space"
                }
            },
            {
                "time": "2017-11-18T08:01:07.461Z",
                "type": "PLAY",
                "source": "hotkey",
                "_t": "01:01:07",
                "_end": "-",
                "data": {
                    "key": "space"
                }
            },
            {
                "time": "2017-11-18T08:01:07.843Z",
                "type": "PAUSE",
                "source": "hotkey",
                "_t": "01:01:07",
                "_end": "-",
                "data": {
                    "key": "space"
                }
            },
            {
                "time": "2017-11-18T08:01:08.554Z",
                "type": "PLAY",
                "source": "hotkey",
                "_t": "01:01:08",
                "_end": "-",
                "data": {
                    "key": "space"
                }
            },
            {
                "time": "2017-11-18T08:01:10.983Z",
                "type": "PAUSE",
                "source": "hotkey",
                "_t": "01:01:10",
                "_end": "-",
                "data": {
                    "key": "space"
                }
            },
            {
                "time": "2017-11-18T08:08:26.122Z",
                "type": "PLAY",
                "source": "hotkey",
                "_t": "01:08:26",
                "_end": "-",
                "data": {
                    "key": "space"
                }
            },
            {
                "time": "2017-11-18T08:08:28.814Z",
                "type": "PAUSE",
                "source": "hotkey",
                "_t": "01:08:28",
                "_end": "-",
                "data": {
                    "key": "space"
                }
            },
            {
                "time": "2017-11-18T08:08:58.079Z",
                "type": "PLAY",
                "source": "hotkey",
                "_t": "01:08:58",
                "_end": "-",
                "data": {
                    "key": "space"
                }
            },
            {
                "time": "2017-11-18T08:09:10.961Z",
                "type": "PAUSE",
                "source": "hotkey",
                "_t": "01:09:10",
                "_end": "-",
                "data": {
                    "key": "space"
                }
            },
            {
                "time": "2017-11-18T08:09:51.950Z",
                "type": "PLAY",
                "source": "hotkey",
                "_t": "01:09:51",
                "_end": "-",
                "data": {
                    "key": "space"
                }
            },
            {
                "time": "2017-11-18T08:09:52.210Z",
                "type": "PAUSE",
                "source": "hotkey",
                "_t": "01:09:52",
                "_end": "-",
                "data": {
                    "key": "space"
                }
            },
            {
                "time": "2017-11-18T08:09:52.701Z",
                "type": "PLAY",
                "source": "hotkey",
                "_t": "01:09:52",
                "_end": "-",
                "data": {
                    "key": "space"
                }
            },
            {
                "time": "2017-11-18T08:09:53.678Z",
                "type": "PAUSE",
                "source": "hotkey",
                "_t": "01:09:53",
                "_end": "-",
                "data": {
                    "key": "space"
                }
            },
            {
                "time": "2017-11-18T08:09:56.388Z",
                "type": "SKIP",
                "source": "hotkey",
                "_t": "01:09:56",
                "_end": "-",
                "data": {
                    "t": 439.729476,
                    "Δt": -0.033366700033366704,
                    "key": "shift+left"
                }
            },
            {
                "time": "2017-11-18T08:10:01.438Z",
                "type": "PLAY",
                "source": "hotkey",
                "_t": "01:10:01",
                "_end": "-",
                "data": {
                    "key": "space"
                }
            },
            {
                "time": "2017-11-18T08:10:01.876Z",
                "type": "PAUSE",
                "source": "hotkey",
                "_t": "01:10:01",
                "_end": "-",
                "data": {
                    "key": "space"
                }
            },
            {
                "time": "2017-11-18T08:10:09.171Z",
                "type": "SKIP",
                "source": "hotkey",
                "_t": "01:10:09",
                "_end": "-",
                "data": {
                    "t": 440.095588,
                    "Δt": -10,
                    "key": "j"
                }
            },
            {
                "time": "2017-11-18T08:10:11.330Z",
                "type": "PLAY",
                "source": "hotkey",
                "_t": "01:10:11",
                "_end": "-",
                "data": {
                    "key": "space"
                }
            },
            {
                "time": "2017-11-18T08:10:20.302Z",
                "type": "PAUSE",
                "source": "hotkey",
                "_t": "01:10:20",
                "_end": "-",
                "data": {
                    "key": "space"
                }
            },
            {
                "time": "2017-11-18T08:10:53.780Z",
                "type": "PLAY",
                "source": "hotkey",
                "_t": "01:10:53",
                "_end": "-",
                "data": {
                    "key": "space"
                }
            },
            {
                "time": "2017-11-18T08:10:57.968Z",
                "type": "PAUSE",
                "source": "hotkey",
                "_t": "01:10:57",
                "_end": "-",
                "data": {
                    "key": "space"
                }
            },
            {
                "time": {
                    "start": "2017-11-18T07:55:47.792Z",
                    "end": "2017-11-18T08:11:05.200Z"
                },
                "type": "SCRUB",
                "source": "data:drag",
                "_t": "00:55:47",
                "_end": "01:11:05",
                "data": {
                    "time": 505.0749910549047
                }
            },
            {
                "time": {
                    "start": "2017-11-18T07:55:47.792Z",
                    "end": "2017-11-18T08:11:07.966Z"
                },
                "type": "SCRUB",
                "source": "data:drag",
                "_t": "00:55:47",
                "_end": "01:11:07",
                "data": {
                    "time": 518.5441023850781
                }
            },
            {
                "time": "2017-11-18T08:11:13.959Z",
                "type": "PLAY",
                "source": "hotkey",
                "_t": "01:11:13",
                "_end": "-",
                "data": {
                    "key": "space"
                }
            },
            {
                "time": "2017-11-18T08:11:14.840Z",
                "type": "PAUSE",
                "source": "hotkey",
                "_t": "01:11:14",
                "_end": "-",
                "data": {
                    "key": "space"
                }
            },
            {
                "time": "2017-11-18T08:11:25.705Z",
                "type": "PLAY",
                "source": "hotkey",
                "_t": "01:11:25",
                "_end": "-",
                "data": {
                    "key": "space"
                }
            },
            {
                "time": "2017-11-18T08:11:29.283Z",
                "type": "PAUSE",
                "source": "hotkey",
                "_t": "01:11:29",
                "_end": "-",
                "data": {
                    "key": "space"
                }
            },
            {
                "time": "2017-11-18T08:11:48.517Z",
                "type": "PLAY",
                "source": "hotkey",
                "_t": "01:11:48",
                "_end": "-",
                "data": {
                    "key": "space"
                }
            },
            {
                "time": "2017-11-18T08:11:49.830Z",
                "type": "PAUSE",
                "source": "hotkey",
                "_t": "01:11:49",
                "_end": "-",
                "data": {
                    "key": "space"
                }
            },
            {
                "time": "2017-11-18T08:11:52.188Z",
                "type": "SKIP",
                "source": "hotkey",
                "_t": "01:11:52",
                "_end": "-",
                "data": {
                    "t": 523.013892,
                    "Δt": -0.033366700033366704,
                    "key": "shift+left"
                }
            },
            {
                "time": "2017-11-18T08:11:52.711Z",
                "type": "SKIP",
                "source": "hotkey",
                "_t": "01:11:52",
                "_end": "-",
                "data": {
                    "t": 522.980525,
                    "Δt": -0.033366700033366704,
                    "key": "shift+left"
                }
            },
            {
                "time": "2017-11-18T08:11:55.956Z",
                "type": "SKIP",
                "source": "hotkey",
                "_t": "01:11:55",
                "_end": "-",
                "data": {
                    "t": 522.947158,
                    "Δt": -0.033366700033366704,
                    "key": "shift+left"
                }
            },
            {
                "time": "2017-11-18T08:11:57.043Z",
                "type": "SKIP",
                "source": "hotkey",
                "_t": "01:11:57",
                "_end": "-",
                "data": {
                    "t": 522.913791,
                    "Δt": -0.033366700033366704,
                    "key": "shift+left"
                }
            },
            {
                "time": "2017-11-18T08:11:57.812Z",
                "type": "SKIP",
                "source": "hotkey",
                "_t": "01:11:57",
                "_end": "-",
                "data": {
                    "t": 522.880424,
                    "Δt": -0.033366700033366704,
                    "key": "shift+left"
                }
            },
            {
                "time": "2017-11-18T08:11:58.575Z",
                "type": "SKIP",
                "source": "hotkey",
                "_t": "01:11:58",
                "_end": "-",
                "data": {
                    "t": 522.847057,
                    "Δt": -0.033366700033366704,
                    "key": "shift+left"
                }
            },
            {
                "time": "2017-11-18T08:11:59.282Z",
                "type": "SKIP",
                "source": "hotkey",
                "_t": "01:11:59",
                "_end": "-",
                "data": {
                    "t": 522.81369,
                    "Δt": -0.033366700033366704,
                    "key": "shift+left"
                }
            },
            {
                "time": {
                    "start": "2017-11-18T07:55:47.792Z",
                    "end": "2017-11-18T08:12:06.695Z"
                },
                "type": "SCRUB",
                "source": "data:drag",
                "_t": "00:55:47",
                "_end": "01:12:06",
                "data": {
                    "time": 558.7895799682664
                }
            },
            {
                "time": {
                    "start": "2017-11-18T07:55:47.792Z",
                    "end": "2017-11-18T08:12:09.390Z"
                },
                "type": "SCRUB",
                "source": "data:drag",
                "_t": "00:55:47",
                "_end": "01:12:09",
                "data": {
                    "time": 564.617032
                }
            },
            {
                "time": "2017-11-18T08:12:10.116Z",
                "type": "PLAY",
                "source": "hotkey",
                "_t": "01:12:10",
                "_end": "-",
                "data": {
                    "key": "space"
                }
            },
            {
                "time": "2017-11-18T08:12:11.120Z",
                "type": "PAUSE",
                "source": "hotkey",
                "_t": "01:12:11",
                "_end": "-",
                "data": {
                    "key": "space"
                }
            },
            {
                "time": "2017-11-18T08:12:25.676Z",
                "type": "PLAY",
                "source": "hotkey",
                "_t": "01:12:25",
                "_end": "-",
                "data": {
                    "key": "space"
                }
            },
            {
                "time": "2017-11-18T08:12:36.178Z",
                "type": "PAUSE",
                "source": "hotkey",
                "_t": "01:12:36",
                "_end": "-",
                "data": {
                    "key": "space"
                }
            },
            {
                "time": {
                    "start": "2017-11-18T07:55:47.792Z",
                    "end": "2017-11-18T08:12:45.438Z"
                },
                "type": "SCRUB",
                "source": "data:drag",
                "_t": "00:55:47",
                "_end": "01:12:45",
                "data": {
                    "time": 621.842077533491
                }
            }
        ]
    }
}