[
    {
        "time": 30.089517999999998,
        "endTime": 33.831321,
        "id": 1,
        "type": "run"
    },
    {
        "time": 81.187395,
        "endTime": 88.427621,
        "id": 2,
        "type": "skip"
    },
    {
        "time": 261.817566,
        "endTime": 265.56707182608784,
        "id": 3,
        "type": "run"
    },
    {
        "time": 279.141781,
        "endTime": 286.979387,
        "id": 4,
        "type": "skip"
    },
    {
        "time": 414.53979700002026,
        "endTime": 423.568144,
        "id": 5,
        "type": "skip"
    },
    {
        "time": 438.806116,
        "endTime": 442.622295,
        "id": 6,
        "type": "run"
    },
    {
        "time": 518.7157299999913,
        "endTime": 522.780323,
        "id": 7,
        "type": "run"
    },
    {
        "time": 564.738788,
        "endTime": 575.772219,
        "id": 8,
        "type": "skip"
    }
]