{
    "user_id": "017",
    "session_id": "59ee660b227e0c69a024564b",
    "study": "studyA",
    "workspace": "newrun.run-pink",
    "details": {
        "workspace": "newrun.run-pink",
        "labels": [
            {
                "time": 62.753454,
                "endTime": 74.108949934958,
                "type": "run",
                "id": 1
            },
            {
                "time": 137.605965,
                "endTime": 143.38789182926894,
                "type": "skip",
                "id": 2
            },
            {
                "time": 275.590866,
                "endTime": 288.92576030893247,
                "type": "run",
                "id": 3
            },
            {
                "time": 344.609361,
                "endTime": 349.0890520569151,
                "type": "skip",
                "id": 4
            },
            {
                "time": 420.816197,
                "endTime": 434.35944860163977,
                "type": "run",
                "id": 5
            },
            {
                "time": 472.697267,
                "endTime": 478.01038895122497,
                "type": "skip",
                "id": 6
            },
            {
                "time": 546.872616,
                "endTime": 560.832583479689,
                "type": "run",
                "id": 7
            },
            {
                "time": 595.992948,
                "endTime": 608.7548585690954,
                "type": "skip",
                "id": 8
            }
        ],
        "_starts": [
            "2017-10-24T16:41:31.000Z"
        ],
        "_ends": [
            "2017-10-24T16:43:23.418Z",
            "2017-10-24T16:43:27.250Z"
        ]
    },
    "labels_file": "/home/ubuntu/vat/data/user-studies/studyA/run-pink/017.labels.json",
    "videoFlash": 3.300376,
    "surveys": {
        "user-info": {
            "firstname": "Jordan",
            "lastname": "Nielson",
            "email": "jnielson94@gmail.com"
        },
        "practice-first": {
            "question1": "1",
            "question2": "ok",
            "question3": "60",
            "question4": "2"
        },
        "practice-second": {},
        "practice-third": {},
        "practice-survey": {},
        "run-blue": {
            "question1": "2",
            "question2": "-1",
            "question3": "100",
            "question4": "80"
        },
        "run-yellow": {
            "question1": "-1",
            "question2": "2",
            "question3": "100",
            "question4": "60"
        },
        "run-red": {
            "question1": "-2",
            "question2": "1",
            "question3": "40",
            "question4": "80"
        },
        "run-survey": {
            "question1": "2",
            "question2": "1",
            "question3": "2",
            "question4": "2"
        },
        "pill-blue": {
            "question1": "2",
            "question2": "-1",
            "question3": "90",
            "question4": "90"
        },
        "pill-red": {
            "question1": "-1",
            "question2": "-1",
            "question3": "100",
            "question4": "60"
        },
        "pill-orange": {
            "question1": "-1",
            "question2": "1",
            "question3": "70",
            "question4": "50"
        },
        "pills-survey": {
            "question1": "2",
            "question2": "1",
            "question3": "2",
            "question4": "2"
        }
    },
    "logs": {
        "labelEvents": [
            {
                "time": "2017-10-24T16:42:01.232Z",
                "type": "START",
                "source": "hotkey",
                "_t": "10:42:01",
                "_end": "-",
                "data": {
                    "type": "run",
                    "time": 62.753454
                }
            },
            {
                "time": "2017-10-24T16:42:02.513Z",
                "type": "END",
                "source": "data:click:h_pos",
                "_t": "10:42:02",
                "_end": "-",
                "data": {
                    "lbl": {
                        "time": 62.753454,
                        "endTime": 74.108949934958,
                        "type": "run",
                        "id": 1
                    }
                }
            },
            {
                "time": "2017-10-24T16:42:08.193Z",
                "type": "START",
                "source": "hotkey",
                "_t": "10:42:08",
                "_end": "-",
                "data": {
                    "type": "skip",
                    "time": 137.605965
                }
            },
            {
                "time": "2017-10-24T16:42:10.610Z",
                "type": "END",
                "source": "data:click:h_pos",
                "_t": "10:42:10",
                "_end": "-",
                "data": {
                    "lbl": {
                        "time": 137.605965,
                        "endTime": 143.38789182926894,
                        "type": "skip",
                        "id": 2
                    }
                }
            },
            {
                "time": "2017-10-24T16:42:20.896Z",
                "type": "START",
                "source": "hotkey",
                "_t": "10:42:20",
                "_end": "-",
                "data": {
                    "type": "run",
                    "time": 275.590866
                }
            },
            {
                "time": "2017-10-24T16:42:21.787Z",
                "type": "END",
                "source": "data:click:h_pos",
                "_t": "10:42:21",
                "_end": "-",
                "data": {
                    "lbl": {
                        "time": 275.590866,
                        "endTime": 288.92576030893247,
                        "type": "run",
                        "id": 3
                    }
                }
            },
            {
                "time": "2017-10-24T16:42:27.809Z",
                "type": "START",
                "source": "hotkey",
                "_t": "10:42:27",
                "_end": "-",
                "data": {
                    "type": "skip",
                    "time": 344.609361
                }
            },
            {
                "time": "2017-10-24T16:42:28.426Z",
                "type": "END",
                "source": "data:click:h_pos",
                "_t": "10:42:28",
                "_end": "-",
                "data": {
                    "lbl": {
                        "time": 344.609361,
                        "endTime": 349.0890520569151,
                        "type": "skip",
                        "id": 4
                    }
                }
            },
            {
                "time": "2017-10-24T16:42:33.858Z",
                "type": "START",
                "source": "hotkey",
                "_t": "10:42:33",
                "_end": "-",
                "data": {
                    "type": "run",
                    "time": 420.816197
                }
            },
            {
                "time": "2017-10-24T16:42:36.459Z",
                "type": "END",
                "source": "data:click:h_pos",
                "_t": "10:42:36",
                "_end": "-",
                "data": {
                    "lbl": {
                        "time": 420.816197,
                        "endTime": 434.35944860163977,
                        "type": "run",
                        "id": 5
                    }
                }
            },
            {
                "time": "2017-10-24T16:42:44.036Z",
                "type": "START",
                "source": "hotkey",
                "_t": "10:42:44",
                "_end": "-",
                "data": {
                    "type": "skip",
                    "time": 472.697267
                }
            },
            {
                "time": "2017-10-24T16:42:45.971Z",
                "type": "END",
                "source": "data:click:h_pos",
                "_t": "10:42:45",
                "_end": "-",
                "data": {
                    "lbl": {
                        "time": 472.697267,
                        "endTime": 478.01038895122497,
                        "type": "skip",
                        "id": 6
                    }
                }
            },
            {
                "time": "2017-10-24T16:42:51.985Z",
                "type": "START",
                "source": "hotkey",
                "_t": "10:42:51",
                "_end": "-",
                "data": {
                    "type": "run",
                    "time": 546.872616
                }
            },
            {
                "time": "2017-10-24T16:42:52.802Z",
                "type": "END",
                "source": "data:click:h_pos",
                "_t": "10:42:52",
                "_end": "-",
                "data": {
                    "lbl": {
                        "time": 546.872616,
                        "endTime": 560.832583479689,
                        "type": "run",
                        "id": 7
                    }
                }
            },
            {
                "time": "2017-10-24T16:43:07.970Z",
                "type": "START",
                "source": "hotkey",
                "_t": "10:43:07",
                "_end": "-",
                "data": {
                    "type": "run",
                    "time": 595.992948
                }
            },
            {
                "time": "2017-10-24T16:43:09.723Z",
                "type": "END",
                "source": "data:click:h_pos",
                "_t": "10:43:09",
                "_end": "-",
                "data": {
                    "lbl": {
                        "time": 595.992948,
                        "endTime": 608.7548585690954,
                        "type": "skip",
                        "id": 8
                    }
                }
            },
            {
                "time": "2017-10-24T16:43:20.891Z",
                "type": "SELECT",
                "source": "data:click",
                "_t": "10:43:20",
                "_end": "-",
                "data": {
                    "time": 595.992948,
                    "endTime": 608.7548585690954,
                    "type": "skip",
                    "id": 8
                }
            },
            {
                "time": "2017-10-24T16:43:22.440Z",
                "type": "CHANGE-EVENT-TYPE",
                "source": "side-bar:menu",
                "_t": "10:43:22",
                "_end": "-",
                "data": {
                    "time": 595.992948,
                    "endTime": 608.7548585690954,
                    "type": "run",
                    "id": 8
                }
            },
            {
                "time": "2017-10-24T16:43:26.264Z",
                "type": "DESELECT",
                "source": "side-bar:button",
                "_t": "10:43:26",
                "_end": "-",
                "data": {
                    "time": 595.992948,
                    "endTime": 608.7548585690954,
                    "type": "skip",
                    "id": 8
                }
            }
        ],
        "navigationEvents": [
            {
                "time": {
                    "start": "2017-10-24T16:41:31.410Z",
                    "end": "2017-10-24T16:41:52.607Z"
                },
                "type": "SCRUB",
                "source": "data:drag",
                "_t": "10:41:31",
                "_end": "10:41:52",
                "data": {
                    "time": 43.140954
                }
            },
            {
                "time": {
                    "start": "2017-10-24T16:41:31.410Z",
                    "end": "2017-10-24T16:41:54.126Z"
                },
                "type": "SCRUB",
                "source": "data:drag",
                "_t": "10:41:31",
                "_end": "10:41:54",
                "data": {
                    "time": 62.745979
                }
            },
            {
                "time": {
                    "start": "2017-10-24T16:41:31.410Z",
                    "end": "2017-10-24T16:41:55.593Z"
                },
                "type": "SCRUB",
                "source": "data:drag",
                "_t": "10:41:31",
                "_end": "10:41:55",
                "data": {
                    "time": 58.702934
                }
            },
            {
                "time": {
                    "start": "2017-10-24T16:41:31.410Z",
                    "end": "2017-10-24T16:41:56.639Z"
                },
                "type": "SCRUB",
                "source": "data:drag",
                "_t": "10:41:31",
                "_end": "10:41:56",
                "data": {
                    "time": 61.333863
                }
            },
            {
                "time": "2017-10-24T16:41:58.080Z",
                "type": "PAUSE",
                "source": "hotkey",
                "_t": "10:41:58",
                "_end": "-",
                "data": {
                    "key": "space"
                }
            },
            {
                "time": {
                    "start": "2017-10-24T16:41:31.410Z",
                    "end": "2017-10-24T16:42:02.512Z"
                },
                "type": "SCRUB",
                "source": "data:drag",
                "_t": "10:41:31",
                "_end": "10:42:02",
                "data": {
                    "time": 62.753454
                }
            },
            {
                "time": {
                    "start": "2017-10-24T16:41:31.410Z",
                    "end": "2017-10-24T16:42:03.967Z"
                },
                "type": "SCRUB",
                "source": "data:drag",
                "_t": "10:41:31",
                "_end": "10:42:03",
                "data": {
                    "time": 93.329949
                }
            },
            {
                "time": {
                    "start": "2017-10-24T16:41:31.410Z",
                    "end": "2017-10-24T16:42:07.624Z"
                },
                "type": "SCRUB",
                "source": "data:drag",
                "_t": "10:41:31",
                "_end": "10:42:07",
                "data": {
                    "time": 137.605965
                }
            },
            {
                "time": {
                    "start": "2017-10-24T16:41:31.410Z",
                    "end": "2017-10-24T16:42:10.608Z"
                },
                "type": "SCRUB",
                "source": "data:drag",
                "_t": "10:41:31",
                "_end": "10:42:10",
                "data": {
                    "time": 137.605965
                }
            },
            {
                "time": {
                    "start": "2017-10-24T16:41:31.410Z",
                    "end": "2017-10-24T16:42:13.586Z"
                },
                "type": "SCRUB",
                "source": "data:drag",
                "_t": "10:41:31",
                "_end": "10:42:13",
                "data": {
                    "time": 184.590631
                }
            },
            {
                "time": {
                    "start": "2017-10-24T16:41:31.410Z",
                    "end": "2017-10-24T16:42:14.446Z"
                },
                "type": "SCRUB",
                "source": "data:drag",
                "_t": "10:41:31",
                "_end": "10:42:14",
                "data": {
                    "time": 228.293663
                }
            },
            {
                "time": {
                    "start": "2017-10-24T16:41:31.410Z",
                    "end": "2017-10-24T16:42:17.256Z"
                },
                "type": "SCRUB",
                "source": "data:drag",
                "_t": "10:41:31",
                "_end": "10:42:17",
                "data": {
                    "time": 275.590866
                }
            },
            {
                "time": {
                    "start": "2017-10-24T16:41:31.410Z",
                    "end": "2017-10-24T16:42:21.784Z"
                },
                "type": "SCRUB",
                "source": "data:drag",
                "_t": "10:41:31",
                "_end": "10:42:21",
                "data": {
                    "time": 275.590866
                }
            },
            {
                "time": {
                    "start": "2017-10-24T16:41:31.410Z",
                    "end": "2017-10-24T16:42:22.677Z"
                },
                "type": "SCRUB",
                "source": "data:drag",
                "_t": "10:41:31",
                "_end": "10:42:22",
                "data": {
                    "time": 311.167947
                }
            },
            {
                "time": {
                    "start": "2017-10-24T16:41:31.410Z",
                    "end": "2017-10-24T16:42:24.624Z"
                },
                "type": "SCRUB",
                "source": "data:drag",
                "_t": "10:41:31",
                "_end": "10:42:24",
                "data": {
                    "time": 343.567573
                }
            },
            {
                "time": {
                    "start": "2017-10-24T16:41:31.410Z",
                    "end": "2017-10-24T16:42:27.351Z"
                },
                "type": "SCRUB",
                "source": "data:drag",
                "_t": "10:41:31",
                "_end": "10:42:27",
                "data": {
                    "time": 344.609361
                }
            },
            {
                "time": {
                    "start": "2017-10-24T16:41:31.410Z",
                    "end": "2017-10-24T16:42:28.424Z"
                },
                "type": "SCRUB",
                "source": "data:drag",
                "_t": "10:41:31",
                "_end": "10:42:28",
                "data": {
                    "time": 344.609361
                }
            },
            {
                "time": {
                    "start": "2017-10-24T16:41:31.410Z",
                    "end": "2017-10-24T16:42:29.138Z"
                },
                "type": "SCRUB",
                "source": "data:drag",
                "_t": "10:41:31",
                "_end": "10:42:29",
                "data": {
                    "time": 369.560198
                }
            },
            {
                "time": {
                    "start": "2017-10-24T16:41:31.410Z",
                    "end": "2017-10-24T16:42:29.745Z"
                },
                "type": "SCRUB",
                "source": "data:drag",
                "_t": "10:41:31",
                "_end": "10:42:29",
                "data": {
                    "time": 398.417742
                }
            },
            {
                "time": {
                    "start": "2017-10-24T16:41:31.410Z",
                    "end": "2017-10-24T16:42:31.583Z"
                },
                "type": "SCRUB",
                "source": "data:drag",
                "_t": "10:41:31",
                "_end": "10:42:31",
                "data": {
                    "time": 420.816197
                }
            },
            {
                "time": {
                    "start": "2017-10-24T16:41:31.410Z",
                    "end": "2017-10-24T16:42:34.832Z"
                },
                "type": "SCRUB",
                "source": "data:drag",
                "_t": "10:41:31",
                "_end": "10:42:34",
                "data": {
                    "time": 420.868286
                }
            },
            {
                "time": {
                    "start": "2017-10-24T16:41:31.410Z",
                    "end": "2017-10-24T16:42:36.456Z"
                },
                "type": "SCRUB",
                "source": "data:drag",
                "_t": "10:41:31",
                "_end": "10:42:36",
                "data": {
                    "time": 420.868286
                }
            },
            {
                "time": {
                    "start": "2017-10-24T16:41:31.410Z",
                    "end": "2017-10-24T16:42:37.474Z"
                },
                "type": "SCRUB",
                "source": "data:drag",
                "_t": "10:41:31",
                "_end": "10:42:37",
                "data": {
                    "time": 448.058968
                }
            },
            {
                "time": {
                    "start": "2017-10-24T16:41:31.410Z",
                    "end": "2017-10-24T16:42:39.776Z"
                },
                "type": "SCRUB",
                "source": "data:drag",
                "_t": "10:41:31",
                "_end": "10:42:39",
                "data": {
                    "time": 471.863837
                }
            },
            {
                "time": {
                    "start": "2017-10-24T16:41:31.410Z",
                    "end": "2017-10-24T16:42:43.703Z"
                },
                "type": "SCRUB",
                "source": "data:drag",
                "_t": "10:41:31",
                "_end": "10:42:43",
                "data": {
                    "time": 472.697267
                }
            },
            {
                "time": {
                    "start": "2017-10-24T16:41:31.410Z",
                    "end": "2017-10-24T16:42:45.968Z"
                },
                "type": "SCRUB",
                "source": "data:drag",
                "_t": "10:41:31",
                "_end": "10:42:45",
                "data": {
                    "time": 472.697267
                }
            },
            {
                "time": {
                    "start": "2017-10-24T16:41:31.410Z",
                    "end": "2017-10-24T16:42:47.040Z"
                },
                "type": "SCRUB",
                "source": "data:drag",
                "_t": "10:41:31",
                "_end": "10:42:47",
                "data": {
                    "time": 511.920608
                }
            },
            {
                "time": {
                    "start": "2017-10-24T16:41:31.410Z",
                    "end": "2017-10-24T16:42:49.514Z"
                },
                "type": "SCRUB",
                "source": "data:drag",
                "_t": "10:41:31",
                "_end": "10:42:49",
                "data": {
                    "time": 546.872616
                }
            },
            {
                "time": {
                    "start": "2017-10-24T16:41:31.410Z",
                    "end": "2017-10-24T16:42:52.800Z"
                },
                "type": "SCRUB",
                "source": "data:drag",
                "_t": "10:41:31",
                "_end": "10:42:52",
                "data": {
                    "time": 546.872616
                }
            },
            {
                "time": {
                    "start": "2017-10-24T16:41:31.410Z",
                    "end": "2017-10-24T16:42:54.014Z"
                },
                "type": "SCRUB",
                "source": "data:drag",
                "_t": "10:41:31",
                "_end": "10:42:54",
                "data": {
                    "time": 574.584193
                }
            },
            {
                "time": {
                    "start": "2017-10-24T16:41:31.410Z",
                    "end": "2017-10-24T16:42:56.177Z"
                },
                "type": "SCRUB",
                "source": "data:drag",
                "_t": "10:41:31",
                "_end": "10:42:56",
                "data": {
                    "time": 595.524144
                }
            },
            {
                "time": {
                    "start": "2017-10-24T16:41:31.410Z",
                    "end": "2017-10-24T16:43:03.342Z"
                },
                "type": "SCRUB",
                "source": "data:drag",
                "_t": "10:41:31",
                "_end": "10:43:03",
                "data": {
                    "time": 595.992948
                }
            },
            {
                "time": {
                    "start": "2017-10-24T16:41:31.410Z",
                    "end": "2017-10-24T16:43:09.720Z"
                },
                "type": "SCRUB",
                "source": "data:drag",
                "_t": "10:41:31",
                "_end": "10:43:09",
                "data": {
                    "time": 595.992948
                }
            },
            {
                "time": {
                    "start": "2017-10-24T16:41:31.410Z",
                    "end": "2017-10-24T16:43:10.956Z"
                },
                "type": "SCRUB",
                "source": "data:drag",
                "_t": "10:41:31",
                "_end": "10:43:10",
                "data": {
                    "time": 552.70663
                }
            },
            {
                "time": {
                    "start": "2017-10-24T16:41:31.410Z",
                    "end": "2017-10-24T16:43:11.760Z"
                },
                "type": "SCRUB",
                "source": "data:drag",
                "_t": "10:41:31",
                "_end": "10:43:11",
                "data": {
                    "time": 500.721377
                }
            },
            {
                "time": {
                    "start": "2017-10-24T16:41:31.410Z",
                    "end": "2017-10-24T16:43:14.607Z"
                },
                "type": "SCRUB",
                "source": "data:drag",
                "_t": "10:41:31",
                "_end": "10:43:14",
                "data": {
                    "time": 553.592149
                }
            },
            {
                "time": {
                    "start": "2017-10-24T16:41:31.410Z",
                    "end": "2017-10-24T16:43:16.401Z"
                },
                "type": "SCRUB",
                "source": "data:drag",
                "_t": "10:41:31",
                "_end": "10:43:16",
                "data": {
                    "time": 595.263693
                }
            },
            {
                "time": {
                    "start": "2017-10-24T16:41:31.410Z",
                    "end": "2017-10-24T16:43:20.889Z"
                },
                "type": "SCRUB",
                "source": "data:drag",
                "_t": "10:41:31",
                "_end": "10:43:20",
                "data": {
                    "time": 595.263693
                }
            }
        ]
    }
}