{
    "user_id": "028",
    "session_id": "59ef9e015efd4d725417b881",
    "study": "studyA",
    "workspace": "newrun.run-pink",
    "details": {
        "workspace": "newrun.run-pink",
        "labels": [
            {
                "time": 63.339665,
                "endTime": 74.017037,
                "type": "run",
                "id": 1
            },
            {
                "time": 138.46526727642282,
                "endTime": 142.58033231707182,
                "type": "run",
                "id": 2
            },
            {
                "time": 276.502257,
                "endTime": 288.1182000894216,
                "type": "skip",
                "id": 3
            },
            {
                "time": 344.5831428455256,
                "endTime": 348.6461181463508,
                "type": "run",
                "id": 4
            },
            {
                "time": 421.050426,
                "endTime": 433.70815770731843,
                "type": "skip",
                "id": 5
            },
            {
                "time": 472.67105,
                "endTime": 477.61954593495534,
                "type": "run",
                "id": 6
            },
            {
                "time": 547.6277387076084,
                "endTime": 560.0771126912714,
                "type": "skip",
                "id": 7
            },
            {
                "time": 596.175087,
                "endTime": 608.3119243983863,
                "type": "skip",
                "id": 8
            }
        ],
        "_starts": [
            "2017-10-24T20:39:44.000Z"
        ],
        "_ends": [
            "2017-10-24T20:43:11.224Z"
        ]
    },
    "labels_file": "/home/ubuntu/vat/data/user-studies/studyA/run-pink/028.labels.json",
    "videoFlash": 3.300376,
    "surveys": {
        "user-info": {
            "firstname": "Spencer",
            "lastname": "Seeger",
            "email": "seeger.spencer@gmail.com"
        },
        "practice-first": {
            "question1": "1",
            "question2": "ok",
            "question3": "10",
            "question4": "1"
        },
        "practice-second": {},
        "practice-third": {},
        "practice-survey": {},
        "run-blue": {
            "question1": "2",
            "question2": "2",
            "question3": "20",
            "question4": "100"
        },
        "run-yellow": {
            "question1": "2",
            "question2": "2",
            "question3": "100",
            "question4": "100"
        },
        "run-red": {
            "question1": "2",
            "question2": "1",
            "question3": "50",
            "question4": "100"
        },
        "run-survey": {
            "question1": "2",
            "question2": "-2",
            "question3": "2",
            "question4": "-2"
        },
        "pill-blue": {
            "question1": "2",
            "question2": "2",
            "question3": "100",
            "question4": "100"
        },
        "pill-red": {
            "question1": "2",
            "question2": "2",
            "question3": "100",
            "question4": "100"
        },
        "pill-orange": {
            "question1": "-1",
            "question2": "0",
            "question3": "40",
            "question4": "100"
        },
        "pills-survey": {
            "question1": "2",
            "question2": "-1",
            "question3": "-2",
            "question4": "-2"
        }
    },
    "logs": {
        "labelEvents": [
            {
                "time": "2017-10-24T20:40:29.674Z",
                "type": "START",
                "source": "hotkey",
                "_t": "14:40:29",
                "_end": "-",
                "data": {
                    "type": "run",
                    "time": 63.339665
                }
            },
            {
                "time": "2017-10-24T20:40:40.971Z",
                "type": "START",
                "source": "hotkey",
                "_t": "14:40:40",
                "_end": "-",
                "data": {
                    "type": "run",
                    "time": 74.017037
                }
            },
            {
                "time": "2017-10-24T20:40:42.681Z",
                "type": "END",
                "source": "hotkey:ctb",
                "_t": "14:40:42",
                "_end": "-",
                "data": {
                    "key": "enter"
                }
            },
            {
                "time": "2017-10-24T20:40:54.233Z",
                "type": "START",
                "source": "hotkey",
                "_t": "14:40:54",
                "_end": "-",
                "data": {
                    "type": "run",
                    "time": 139.507056
                }
            },
            {
                "time": "2017-10-24T20:40:57.849Z",
                "type": "CANCEL",
                "source": "hotkey",
                "_t": "14:40:57",
                "_end": "-",
                "data": {
                    "time": 139.507056,
                    "type": "run",
                    "editting": false
                }
            },
            {
                "time": "2017-10-24T20:41:00.906Z",
                "type": "START",
                "source": "hotkey",
                "_t": "14:41:00",
                "_end": "-",
                "data": {
                    "type": "run",
                    "time": 138.673625
                }
            },
            {
                "time": "2017-10-24T20:41:02.116Z",
                "type": "END",
                "source": "data:click:h_pos",
                "_t": "14:41:02",
                "_end": "-",
                "data": {
                    "lbl": {
                        "time": 138.46526727642282,
                        "endTime": 142.58033231707182,
                        "type": "run",
                        "id": 2
                    }
                }
            },
            {
                "time": "2017-10-24T20:41:02.269Z",
                "type": "SELECT",
                "source": "data:click",
                "_t": "14:41:02",
                "_end": "-",
                "data": {
                    "time": 138.46526727642282,
                    "endTime": 142.58033231707182,
                    "type": "run",
                    "id": 2
                }
            },
            {
                "time": "2017-10-24T20:41:03.178Z",
                "type": "DESELECT",
                "source": "data:click",
                "_t": "14:41:03",
                "_end": "-",
                "data": {
                    "time": 138.673625,
                    "endTime": 142.31988516260037,
                    "type": "run",
                    "id": 2
                }
            },
            {
                "time": "2017-10-24T20:41:04.396Z",
                "type": "SELECT",
                "source": "data:click",
                "_t": "14:41:04",
                "_end": "-",
                "data": {
                    "time": 138.46526727642282,
                    "endTime": 142.58033231707182,
                    "type": "run",
                    "id": 2
                }
            },
            {
                "time": {
                    "start": "2017-10-24T20:41:05.091Z",
                    "end": "2017-10-24T20:41:06.043Z"
                },
                "type": "RESIZE",
                "source": "data:brush",
                "_t": "14:41:05",
                "_end": "14:41:06",
                "data": {
                    "brushing": true,
                    "origin": [
                        138.673625,
                        142.31988516260037
                    ],
                    "_brushside": 1,
                    "start": "2017-10-24T20:41:05.091Z",
                    "ε": 0.1,
                    "mode": "resize"
                }
            },
            {
                "time": {
                    "start": "2017-10-24T20:41:06.955Z",
                    "end": "2017-10-24T20:41:08.555Z"
                },
                "type": "RESIZE",
                "source": "data:brush",
                "_t": "14:41:06",
                "_end": "14:41:08",
                "data": {
                    "brushing": true,
                    "origin": [
                        138.673625,
                        142.5803323170736
                    ],
                    "_brushside": 0,
                    "start": "2017-10-24T20:41:06.955Z",
                    "ε": 0.1,
                    "mode": "resize"
                }
            },
            {
                "time": "2017-10-24T20:41:08.941Z",
                "type": "DESELECT",
                "source": "data:click",
                "_t": "14:41:08",
                "_end": "-",
                "data": {
                    "time": 138.46526727642282,
                    "endTime": 142.58033231707182,
                    "type": "run",
                    "id": 2
                }
            },
            {
                "time": "2017-10-24T20:41:14.651Z",
                "type": "START",
                "source": "hotkey",
                "_t": "14:41:14",
                "_end": "-",
                "data": {
                    "type": "skip",
                    "time": 276.502257
                }
            },
            {
                "time": "2017-10-24T20:41:17.293Z",
                "type": "END",
                "source": "data:click:h_pos",
                "_t": "14:41:17",
                "_end": "-",
                "data": {
                    "lbl": {
                        "time": 276.502257,
                        "endTime": 288.1182000894216,
                        "type": "skip",
                        "id": 3
                    }
                }
            },
            {
                "time": "2017-10-24T20:41:19.634Z",
                "type": "START",
                "source": "hotkey",
                "_t": "14:41:19",
                "_end": "-",
                "data": {
                    "type": "run",
                    "time": 344.84359
                }
            },
            {
                "time": "2017-10-24T20:41:22.932Z",
                "type": "END",
                "source": "data:click:h_pos",
                "_t": "14:41:22",
                "_end": "-",
                "data": {
                    "lbl": {
                        "time": 344.5831428455256,
                        "endTime": 348.6461181463508,
                        "type": "run",
                        "id": 4
                    }
                }
            },
            {
                "time": "2017-10-24T20:41:23.076Z",
                "type": "SELECT",
                "source": "data:click",
                "_t": "14:41:23",
                "_end": "-",
                "data": {
                    "time": 344.5831428455256,
                    "endTime": 348.6461181463508,
                    "type": "run",
                    "id": 4
                }
            },
            {
                "time": {
                    "start": "2017-10-24T20:41:23.410Z",
                    "end": "2017-10-24T20:41:23.578Z"
                },
                "type": "MOVE",
                "source": "data:brush",
                "_t": "14:41:23",
                "_end": "14:41:23",
                "data": {
                    "brushing": true,
                    "origin": [
                        344.84359,
                        348.8023864390185
                    ],
                    "start": "2017-10-24T20:41:23.410Z",
                    "ε": 0.1,
                    "mode": "move"
                }
            },
            {
                "time": {
                    "start": "2017-10-24T20:41:24.443Z",
                    "end": "2017-10-24T20:41:25.387Z"
                },
                "type": "RESIZE",
                "source": "data:brush",
                "_t": "14:41:24",
                "_end": "14:41:25",
                "data": {
                    "brushing": true,
                    "origin": [
                        344.6873217073155,
                        348.6461181463448
                    ],
                    "_brushside": 0,
                    "start": "2017-10-24T20:41:24.443Z",
                    "ε": 0.1,
                    "mode": "resize"
                }
            },
            {
                "time": "2017-10-24T20:41:25.711Z",
                "type": "DESELECT",
                "source": "data:click",
                "_t": "14:41:25",
                "_end": "-",
                "data": {
                    "time": 344.5831428455256,
                    "endTime": 348.6461181463508,
                    "type": "run",
                    "id": 4
                }
            },
            {
                "time": "2017-10-24T20:41:30.020Z",
                "type": "START",
                "source": "hotkey",
                "_t": "14:41:30",
                "_end": "-",
                "data": {
                    "type": "skip",
                    "time": 421.050426
                }
            },
            {
                "time": "2017-10-24T20:41:30.973Z",
                "type": "END",
                "source": "data:click:h_pos",
                "_t": "14:41:30",
                "_end": "-",
                "data": {
                    "lbl": {
                        "time": 421.050426,
                        "endTime": 433.70815770731843,
                        "type": "skip",
                        "id": 5
                    }
                }
            },
            {
                "time": "2017-10-24T20:41:34.989Z",
                "type": "START",
                "source": "hotkey",
                "_t": "14:41:34",
                "_end": "-",
                "data": {
                    "type": "run",
                    "time": 472.67105
                }
            },
            {
                "time": "2017-10-24T20:41:37.037Z",
                "type": "END",
                "source": "data:click:h_pos",
                "_t": "14:41:37",
                "_end": "-",
                "data": {
                    "lbl": {
                        "time": 472.67105,
                        "endTime": 477.61954593495534,
                        "type": "run",
                        "id": 6
                    }
                }
            },
            {
                "time": "2017-10-24T20:41:40.140Z",
                "type": "START",
                "source": "hotkey",
                "_t": "14:41:40",
                "_end": "-",
                "data": {
                    "type": "skip",
                    "time": 547.784007
                }
            },
            {
                "time": "2017-10-24T20:41:41.429Z",
                "type": "END",
                "source": "data:click:h_pos",
                "_t": "14:41:41",
                "_end": "-",
                "data": {
                    "lbl": {
                        "time": 547.6277387076084,
                        "endTime": 560.0771126912714,
                        "type": "skip",
                        "id": 7
                    }
                }
            },
            {
                "time": "2017-10-24T20:41:45.908Z",
                "type": "START",
                "source": "hotkey",
                "_t": "14:41:45",
                "_end": "-",
                "data": {
                    "type": "skip",
                    "time": 596.175087
                }
            },
            {
                "time": "2017-10-24T20:41:47.249Z",
                "type": "END",
                "source": "data:click:h_pos",
                "_t": "14:41:47",
                "_end": "-",
                "data": {
                    "lbl": {
                        "time": 596.175087,
                        "endTime": 608.3119243983863,
                        "type": "skip",
                        "id": 8
                    }
                }
            },
            {
                "time": "2017-10-24T20:41:49.629Z",
                "type": "SELECT",
                "source": "data:click",
                "_t": "14:41:49",
                "_end": "-",
                "data": {
                    "time": 547.6277387076084,
                    "endTime": 560.0771126912714,
                    "type": "skip",
                    "id": 7
                }
            },
            {
                "time": {
                    "start": "2017-10-24T20:41:50.443Z",
                    "end": "2017-10-24T20:41:53.604Z"
                },
                "type": "RESIZE",
                "source": "data:brush",
                "_t": "14:41:50",
                "_end": "14:41:53",
                "data": {
                    "brushing": true,
                    "origin": [
                        547.784007,
                        560.0250232601528
                    ],
                    "_brushside": 1,
                    "start": "2017-10-24T20:41:50.443Z",
                    "ε": 0.1,
                    "mode": "resize"
                }
            },
            {
                "time": "2017-10-24T20:41:54.956Z",
                "type": "DESELECT",
                "source": "data:click",
                "_t": "14:41:54",
                "_end": "-",
                "data": {
                    "time": 547.7840070002198,
                    "endTime": 560.0771126912224,
                    "type": "skip",
                    "id": 7
                }
            },
            {
                "time": "2017-10-24T20:41:56.253Z",
                "type": "SELECT",
                "source": "data:click",
                "_t": "14:41:56",
                "_end": "-",
                "data": {
                    "time": 547.6277387076084,
                    "endTime": 560.0771126912714,
                    "type": "skip",
                    "id": 7
                }
            },
            {
                "time": {
                    "start": "2017-10-24T20:41:57.043Z",
                    "end": "2017-10-24T20:41:58.024Z"
                },
                "type": "RESIZE",
                "source": "data:brush",
                "_t": "14:41:57",
                "_end": "14:41:58",
                "data": {
                    "brushing": true,
                    "origin": [
                        547.7840070002198,
                        560.0771126912224
                    ],
                    "_brushside": 0,
                    "start": "2017-10-24T20:41:57.043Z",
                    "ε": 0.1,
                    "mode": "resize"
                }
            },
            {
                "time": "2017-10-24T20:41:58.368Z",
                "type": "DESELECT",
                "source": "data:click",
                "_t": "14:41:58",
                "_end": "-",
                "data": {
                    "time": 547.6277387076084,
                    "endTime": 560.0771126912714,
                    "type": "skip",
                    "id": 7
                }
            },
            {
                "time": "2017-10-24T20:42:55.493Z",
                "type": "SELECT",
                "source": "data:click",
                "_t": "14:42:55",
                "_end": "-",
                "data": {
                    "time": 344.5831428455256,
                    "endTime": 348.6461181463508,
                    "type": "run",
                    "id": 4
                }
            }
        ],
        "navigationEvents": [
            {
                "time": {
                    "start": "2017-10-24T20:39:44.560Z",
                    "end": "2017-10-24T20:40:22.085Z"
                },
                "type": "SCRUB",
                "source": "data:drag",
                "_t": "14:39:44",
                "_end": "14:40:22",
                "data": {
                    "time": 23.888209
                }
            },
            {
                "time": {
                    "start": "2017-10-24T20:39:44.560Z",
                    "end": "2017-10-24T20:40:23.109Z"
                },
                "type": "SCRUB",
                "source": "data:drag",
                "_t": "14:39:44",
                "_end": "14:40:23",
                "data": {
                    "time": 37.14339
                }
            },
            {
                "time": {
                    "start": "2017-10-24T20:39:44.560Z",
                    "end": "2017-10-24T20:40:27.731Z"
                },
                "type": "SCRUB",
                "source": "data:drag",
                "_t": "14:39:44",
                "_end": "14:40:27",
                "data": {
                    "time": 62.936501
                }
            },
            {
                "time": "2017-10-24T20:40:28.136Z",
                "type": "PAUSE",
                "source": "hotkey",
                "_t": "14:40:28",
                "_end": "-",
                "data": {
                    "key": "space"
                }
            },
            {
                "time": "2017-10-24T20:40:29.947Z",
                "type": "PLAY",
                "source": "hotkey",
                "_t": "14:40:29",
                "_end": "-",
                "data": {
                    "key": "space"
                }
            },
            {
                "time": "2017-10-24T20:40:40.619Z",
                "type": "PAUSE",
                "source": "hotkey",
                "_t": "14:40:40",
                "_end": "-",
                "data": {
                    "key": "space"
                }
            },
            {
                "time": "2017-10-24T20:40:43.226Z",
                "type": "PLAY",
                "source": "hotkey",
                "_t": "14:40:43",
                "_end": "-",
                "data": {
                    "key": "space"
                }
            },
            {
                "time": {
                    "start": "2017-10-24T20:39:44.560Z",
                    "end": "2017-10-24T20:40:44.888Z"
                },
                "type": "SCRUB",
                "source": "data:drag",
                "_t": "14:39:44",
                "_end": "14:40:44",
                "data": {
                    "time": 88.103799
                }
            },
            {
                "time": {
                    "start": "2017-10-24T20:39:44.560Z",
                    "end": "2017-10-24T20:40:45.450Z"
                },
                "type": "SCRUB",
                "source": "data:drag",
                "_t": "14:39:44",
                "_end": "14:40:45",
                "data": {
                    "time": 101.803319
                }
            },
            {
                "time": {
                    "start": "2017-10-24T20:39:44.560Z",
                    "end": "2017-10-24T20:40:48.065Z"
                },
                "type": "SCRUB",
                "source": "data:drag",
                "_t": "14:39:44",
                "_end": "14:40:48",
                "data": {
                    "time": 138.361119
                }
            },
            {
                "time": {
                    "start": "2017-10-24T20:39:44.560Z",
                    "end": "2017-10-24T20:40:49.993Z"
                },
                "type": "SCRUB",
                "source": "data:drag",
                "_t": "14:39:44",
                "_end": "14:40:49",
                "data": {
                    "time": 138.255131
                }
            },
            {
                "time": "2017-10-24T20:40:50.170Z",
                "type": "PAUSE",
                "source": "hotkey",
                "_t": "14:40:50",
                "_end": "-",
                "data": {
                    "key": "space"
                }
            },
            {
                "time": "2017-10-24T20:40:50.731Z",
                "type": "PLAY",
                "source": "hotkey",
                "_t": "14:40:50",
                "_end": "-",
                "data": {
                    "key": "space"
                }
            },
            {
                "time": "2017-10-24T20:40:51.162Z",
                "type": "PAUSE",
                "source": "hotkey",
                "_t": "14:40:51",
                "_end": "-",
                "data": {
                    "key": "space"
                }
            },
            {
                "time": {
                    "start": "2017-10-24T20:39:44.560Z",
                    "end": "2017-10-24T20:40:52.304Z"
                },
                "type": "SCRUB",
                "source": "data:drag",
                "_t": "14:39:44",
                "_end": "14:40:52",
                "data": {
                    "time": 138.25691
                }
            },
            {
                "time": {
                    "start": "2017-10-24T20:39:44.560Z",
                    "end": "2017-10-24T20:40:53.713Z"
                },
                "type": "SCRUB",
                "source": "data:drag",
                "_t": "14:39:44",
                "_end": "14:40:53",
                "data": {
                    "time": 139.507056
                }
            },
            {
                "time": {
                    "start": "2017-10-24T20:39:44.560Z",
                    "end": "2017-10-24T20:40:54.133Z"
                },
                "type": "SCRUB",
                "source": "data:drag",
                "_t": "14:39:44",
                "_end": "14:40:54",
                "data": {
                    "time": 139.507056
                }
            },
            {
                "time": {
                    "start": "2017-10-24T20:39:44.560Z",
                    "end": "2017-10-24T20:41:00.288Z"
                },
                "type": "SCRUB",
                "source": "data:drag",
                "_t": "14:39:44",
                "_end": "14:41:00",
                "data": {
                    "time": 138.673625
                }
            },
            {
                "time": {
                    "start": "2017-10-24T20:39:44.560Z",
                    "end": "2017-10-24T20:41:02.114Z"
                },
                "type": "SCRUB",
                "source": "data:drag",
                "_t": "14:39:44",
                "_end": "14:41:02",
                "data": {
                    "time": 138.673625
                }
            },
            {
                "time": {
                    "start": "2017-10-24T20:39:44.560Z",
                    "end": "2017-10-24T20:41:02.267Z"
                },
                "type": "SCRUB",
                "source": "data:drag",
                "_t": "14:39:44",
                "_end": "14:41:02",
                "data": {
                    "time": 138.673625
                }
            },
            {
                "time": {
                    "start": "2017-10-24T20:39:44.560Z",
                    "end": "2017-10-24T20:41:03.177Z"
                },
                "type": "SCRUB",
                "source": "data:drag",
                "_t": "14:39:44",
                "_end": "14:41:03",
                "data": {
                    "time": 138.673625
                }
            },
            {
                "time": {
                    "start": "2017-10-24T20:39:44.560Z",
                    "end": "2017-10-24T20:41:04.394Z"
                },
                "type": "SCRUB",
                "source": "data:drag",
                "_t": "14:39:44",
                "_end": "14:41:04",
                "data": {
                    "time": 138.673625
                }
            },
            {
                "time": {
                    "start": "2017-10-24T20:39:44.560Z",
                    "end": "2017-10-24T20:41:06.050Z"
                },
                "type": "SCRUB",
                "source": "data:drag",
                "_t": "14:39:44",
                "_end": "14:41:06",
                "data": {
                    "time": 138.673625
                }
            },
            {
                "time": {
                    "start": "2017-10-24T20:39:44.560Z",
                    "end": "2017-10-24T20:41:08.572Z"
                },
                "type": "SCRUB",
                "source": "data:drag",
                "_t": "14:39:44",
                "_end": "14:41:08",
                "data": {
                    "time": 138.673625
                }
            },
            {
                "time": {
                    "start": "2017-10-24T20:39:44.560Z",
                    "end": "2017-10-24T20:41:08.939Z"
                },
                "type": "SCRUB",
                "source": "data:drag",
                "_t": "14:39:44",
                "_end": "14:41:08",
                "data": {
                    "time": 138.673625
                }
            },
            {
                "time": {
                    "start": "2017-10-24T20:39:44.560Z",
                    "end": "2017-10-24T20:41:09.569Z"
                },
                "type": "SCRUB",
                "source": "data:drag",
                "_t": "14:39:44",
                "_end": "14:41:09",
                "data": {
                    "time": 162.686852
                }
            },
            {
                "time": {
                    "start": "2017-10-24T20:39:44.560Z",
                    "end": "2017-10-24T20:41:10.200Z"
                },
                "type": "SCRUB",
                "source": "data:drag",
                "_t": "14:39:44",
                "_end": "14:41:10",
                "data": {
                    "time": 187.637689
                }
            },
            {
                "time": {
                    "start": "2017-10-24T20:39:44.560Z",
                    "end": "2017-10-24T20:41:10.856Z"
                },
                "type": "SCRUB",
                "source": "data:drag",
                "_t": "14:39:44",
                "_end": "14:41:10",
                "data": {
                    "time": 217.901648
                }
            },
            {
                "time": {
                    "start": "2017-10-24T20:39:44.560Z",
                    "end": "2017-10-24T20:41:13.317Z"
                },
                "type": "SCRUB",
                "source": "data:drag",
                "_t": "14:39:44",
                "_end": "14:41:13",
                "data": {
                    "time": 276.658526
                }
            },
            {
                "time": {
                    "start": "2017-10-24T20:39:44.560Z",
                    "end": "2017-10-24T20:41:14.585Z"
                },
                "type": "SCRUB",
                "source": "data:drag",
                "_t": "14:39:44",
                "_end": "14:41:14",
                "data": {
                    "time": 276.502257
                }
            },
            {
                "time": {
                    "start": "2017-10-24T20:39:44.560Z",
                    "end": "2017-10-24T20:41:17.290Z"
                },
                "type": "SCRUB",
                "source": "data:drag",
                "_t": "14:39:44",
                "_end": "14:41:17",
                "data": {
                    "time": 276.502257
                }
            },
            {
                "time": "2017-10-24T20:41:17.299Z",
                "type": "JUMP",
                "source": "data:dblclick:h_pos",
                "_t": "14:41:17",
                "_end": "-",
                "data": {
                    "from": 276.502257,
                    "to": 288.1182000894216
                }
            },
            {
                "time": {
                    "start": "2017-10-24T20:39:44.560Z",
                    "end": "2017-10-24T20:41:18.228Z"
                },
                "type": "SCRUB",
                "source": "data:drag",
                "_t": "14:39:44",
                "_end": "14:41:18",
                "data": {
                    "time": 318.850964
                }
            },
            {
                "time": {
                    "start": "2017-10-24T20:39:44.560Z",
                    "end": "2017-10-24T20:41:19.348Z"
                },
                "type": "SCRUB",
                "source": "data:drag",
                "_t": "14:39:44",
                "_end": "14:41:19",
                "data": {
                    "time": 344.84359
                }
            },
            {
                "time": {
                    "start": "2017-10-24T20:39:44.560Z",
                    "end": "2017-10-24T20:41:21.167Z"
                },
                "type": "SCRUB",
                "source": "data:drag",
                "_t": "14:39:44",
                "_end": "14:41:21",
                "data": {
                    "time": 345.364484
                }
            },
            {
                "time": {
                    "start": "2017-10-24T20:39:44.560Z",
                    "end": "2017-10-24T20:41:22.930Z"
                },
                "type": "SCRUB",
                "source": "data:drag",
                "_t": "14:39:44",
                "_end": "14:41:22",
                "data": {
                    "time": 345.364484
                }
            },
            {
                "time": {
                    "start": "2017-10-24T20:39:44.560Z",
                    "end": "2017-10-24T20:41:23.074Z"
                },
                "type": "SCRUB",
                "source": "data:drag",
                "_t": "14:39:44",
                "_end": "14:41:23",
                "data": {
                    "time": 345.364484
                }
            },
            {
                "time": {
                    "start": "2017-10-24T20:39:44.560Z",
                    "end": "2017-10-24T20:41:23.584Z"
                },
                "type": "SCRUB",
                "source": "data:drag",
                "_t": "14:39:44",
                "_end": "14:41:23",
                "data": {
                    "time": 345.364484
                }
            },
            {
                "time": {
                    "start": "2017-10-24T20:39:44.560Z",
                    "end": "2017-10-24T20:41:25.403Z"
                },
                "type": "SCRUB",
                "source": "data:drag",
                "_t": "14:39:44",
                "_end": "14:41:25",
                "data": {
                    "time": 345.364484
                }
            },
            {
                "time": {
                    "start": "2017-10-24T20:39:44.560Z",
                    "end": "2017-10-24T20:41:25.711Z"
                },
                "type": "SCRUB",
                "source": "data:drag",
                "_t": "14:39:44",
                "_end": "14:41:25",
                "data": {
                    "time": 345.364484
                }
            },
            {
                "time": {
                    "start": "2017-10-24T20:39:44.560Z",
                    "end": "2017-10-24T20:41:26.388Z"
                },
                "type": "SCRUB",
                "source": "data:drag",
                "_t": "14:39:44",
                "_end": "14:41:26",
                "data": {
                    "time": 368.231744
                }
            },
            {
                "time": {
                    "start": "2017-10-24T20:39:44.560Z",
                    "end": "2017-10-24T20:41:29.534Z"
                },
                "type": "SCRUB",
                "source": "data:drag",
                "_t": "14:39:44",
                "_end": "14:41:29",
                "data": {
                    "time": 421.050426
                }
            },
            {
                "time": {
                    "start": "2017-10-24T20:39:44.560Z",
                    "end": "2017-10-24T20:41:30.970Z"
                },
                "type": "SCRUB",
                "source": "data:drag",
                "_t": "14:39:44",
                "_end": "14:41:30",
                "data": {
                    "time": 421.050426
                }
            },
            {
                "time": "2017-10-24T20:41:30.980Z",
                "type": "JUMP",
                "source": "data:dblclick:h_pos",
                "_t": "14:41:30",
                "_end": "-",
                "data": {
                    "from": 421.050426,
                    "to": 433.70815770731843
                }
            },
            {
                "time": {
                    "start": "2017-10-24T20:39:44.560Z",
                    "end": "2017-10-24T20:41:32.943Z"
                },
                "type": "SCRUB",
                "source": "data:drag",
                "_t": "14:39:44",
                "_end": "14:41:32",
                "data": {
                    "time": 471.056278
                }
            },
            {
                "time": {
                    "start": "2017-10-24T20:39:44.560Z",
                    "end": "2017-10-24T20:41:34.558Z"
                },
                "type": "SCRUB",
                "source": "data:drag",
                "_t": "14:39:44",
                "_end": "14:41:34",
                "data": {
                    "time": 472.67105
                }
            },
            {
                "time": {
                    "start": "2017-10-24T20:39:44.560Z",
                    "end": "2017-10-24T20:41:37.034Z"
                },
                "type": "SCRUB",
                "source": "data:drag",
                "_t": "14:39:44",
                "_end": "14:41:37",
                "data": {
                    "time": 472.67105
                }
            },
            {
                "time": "2017-10-24T20:41:37.045Z",
                "type": "JUMP",
                "source": "data:dblclick:h_pos",
                "_t": "14:41:37",
                "_end": "-",
                "data": {
                    "from": 472.67105,
                    "to": 477.61954593495534
                }
            },
            {
                "time": {
                    "start": "2017-10-24T20:39:44.560Z",
                    "end": "2017-10-24T20:41:37.869Z"
                },
                "type": "SCRUB",
                "source": "data:drag",
                "_t": "14:39:44",
                "_end": "14:41:37",
                "data": {
                    "time": 499.236658
                }
            },
            {
                "time": {
                    "start": "2017-10-24T20:39:44.560Z",
                    "end": "2017-10-24T20:41:39.971Z"
                },
                "type": "SCRUB",
                "source": "data:drag",
                "_t": "14:39:44",
                "_end": "14:41:39",
                "data": {
                    "time": 547.784007
                }
            },
            {
                "time": {
                    "start": "2017-10-24T20:39:44.560Z",
                    "end": "2017-10-24T20:41:41.426Z"
                },
                "type": "SCRUB",
                "source": "data:drag",
                "_t": "14:39:44",
                "_end": "14:41:41",
                "data": {
                    "time": 547.784007
                }
            },
            {
                "time": "2017-10-24T20:41:41.437Z",
                "type": "JUMP",
                "source": "data:dblclick:h_pos",
                "_t": "14:41:41",
                "_end": "-",
                "data": {
                    "from": 547.784007,
                    "to": 560.0250232601528
                }
            },
            {
                "time": {
                    "start": "2017-10-24T20:39:44.560Z",
                    "end": "2017-10-24T20:41:43.346Z"
                },
                "type": "SCRUB",
                "source": "data:drag",
                "_t": "14:39:44",
                "_end": "14:41:43",
                "data": {
                    "time": 591.799575
                }
            },
            {
                "time": {
                    "start": "2017-10-24T20:39:44.560Z",
                    "end": "2017-10-24T20:41:45.814Z"
                },
                "type": "SCRUB",
                "source": "data:drag",
                "_t": "14:39:44",
                "_end": "14:41:45",
                "data": {
                    "time": 596.175087
                }
            },
            {
                "time": {
                    "start": "2017-10-24T20:39:44.560Z",
                    "end": "2017-10-24T20:41:47.246Z"
                },
                "type": "SCRUB",
                "source": "data:drag",
                "_t": "14:39:44",
                "_end": "14:41:47",
                "data": {
                    "time": 596.175087
                }
            },
            {
                "time": "2017-10-24T20:41:47.256Z",
                "type": "JUMP",
                "source": "data:dblclick:h_pos",
                "_t": "14:41:47",
                "_end": "-",
                "data": {
                    "from": 596.175087,
                    "to": 608.3119243983863
                }
            },
            {
                "time": {
                    "start": "2017-10-24T20:39:44.560Z",
                    "end": "2017-10-24T20:41:49.626Z"
                },
                "type": "SCRUB",
                "source": "data:drag",
                "_t": "14:39:44",
                "_end": "14:41:49",
                "data": {
                    "time": 608.311924
                }
            },
            {
                "time": {
                    "start": "2017-10-24T20:39:44.560Z",
                    "end": "2017-10-24T20:41:53.621Z"
                },
                "type": "SCRUB",
                "source": "data:drag",
                "_t": "14:39:44",
                "_end": "14:41:53",
                "data": {
                    "time": 608.311924
                }
            },
            {
                "time": {
                    "start": "2017-10-24T20:39:44.560Z",
                    "end": "2017-10-24T20:41:54.955Z"
                },
                "type": "SCRUB",
                "source": "data:drag",
                "_t": "14:39:44",
                "_end": "14:41:54",
                "data": {
                    "time": 608.311924
                }
            },
            {
                "time": {
                    "start": "2017-10-24T20:39:44.560Z",
                    "end": "2017-10-24T20:41:55.729Z"
                },
                "type": "SCRUB",
                "source": "data:drag",
                "_t": "14:39:44",
                "_end": "14:41:55",
                "data": {
                    "time": 587.059436
                }
            },
            {
                "time": {
                    "start": "2017-10-24T20:39:44.560Z",
                    "end": "2017-10-24T20:41:56.250Z"
                },
                "type": "SCRUB",
                "source": "data:drag",
                "_t": "14:39:44",
                "_end": "14:41:56",
                "data": {
                    "time": 587.059436
                }
            },
            {
                "time": {
                    "start": "2017-10-24T20:39:44.560Z",
                    "end": "2017-10-24T20:41:58.030Z"
                },
                "type": "SCRUB",
                "source": "data:drag",
                "_t": "14:39:44",
                "_end": "14:41:58",
                "data": {
                    "time": 587.059436
                }
            },
            {
                "time": {
                    "start": "2017-10-24T20:39:44.560Z",
                    "end": "2017-10-24T20:41:58.368Z"
                },
                "type": "SCRUB",
                "source": "data:drag",
                "_t": "14:39:44",
                "_end": "14:41:58",
                "data": {
                    "time": 587.059436
                }
            },
            {
                "time": {
                    "start": "2017-10-24T20:39:44.560Z",
                    "end": "2017-10-24T20:41:59.002Z"
                },
                "type": "SCRUB",
                "source": "data:drag",
                "_t": "14:39:44",
                "_end": "14:41:59",
                "data": {
                    "time": 561.01472
                }
            },
            {
                "time": {
                    "start": "2017-10-24T20:39:44.560Z",
                    "end": "2017-10-24T20:41:59.965Z"
                },
                "type": "SCRUB",
                "source": "data:drag",
                "_t": "14:39:44",
                "_end": "14:41:59",
                "data": {
                    "time": 528.198378
                }
            },
            {
                "time": {
                    "start": "2017-10-24T20:39:44.560Z",
                    "end": "2017-10-24T20:42:00.541Z"
                },
                "type": "SCRUB",
                "source": "data:drag",
                "_t": "14:39:44",
                "_end": "14:42:00",
                "data": {
                    "time": 504.18515
                }
            },
            {
                "time": {
                    "start": "2017-10-24T20:39:44.560Z",
                    "end": "2017-10-24T20:42:01.414Z"
                },
                "type": "SCRUB",
                "source": "data:drag",
                "_t": "14:39:44",
                "_end": "14:42:01",
                "data": {
                    "time": 465.899418
                }
            },
            {
                "time": {
                    "start": "2017-10-24T20:39:44.560Z",
                    "end": "2017-10-24T20:42:02.098Z"
                },
                "type": "SCRUB",
                "source": "data:drag",
                "_t": "14:39:44",
                "_end": "14:42:02",
                "data": {
                    "time": 439.594255
                }
            },
            {
                "time": {
                    "start": "2017-10-24T20:39:44.560Z",
                    "end": "2017-10-24T20:42:02.735Z"
                },
                "type": "SCRUB",
                "source": "data:drag",
                "_t": "14:39:44",
                "_end": "14:42:02",
                "data": {
                    "time": 408.965669
                }
            },
            {
                "time": {
                    "start": "2017-10-24T20:39:44.560Z",
                    "end": "2017-10-24T20:42:03.355Z"
                },
                "type": "SCRUB",
                "source": "data:drag",
                "_t": "14:39:44",
                "_end": "14:42:03",
                "data": {
                    "time": 380.368571
                }
            },
            {
                "time": {
                    "start": "2017-10-24T20:39:44.560Z",
                    "end": "2017-10-24T20:42:04.162Z"
                },
                "type": "SCRUB",
                "source": "data:drag",
                "_t": "14:39:44",
                "_end": "14:42:04",
                "data": {
                    "time": 345.67701
                }
            },
            {
                "time": {
                    "start": "2017-10-24T20:39:44.560Z",
                    "end": "2017-10-24T20:42:04.703Z"
                },
                "type": "SCRUB",
                "source": "data:drag",
                "_t": "14:39:44",
                "_end": "14:42:04",
                "data": {
                    "time": 317.548717
                }
            },
            {
                "time": {
                    "start": "2017-10-24T20:39:44.560Z",
                    "end": "2017-10-24T20:42:10.719Z"
                },
                "type": "SCRUB",
                "source": "data:drag",
                "_t": "14:39:44",
                "_end": "14:42:10",
                "data": {
                    "time": 250.341109
                }
            },
            {
                "time": {
                    "start": "2017-10-24T20:39:44.560Z",
                    "end": "2017-10-24T20:42:12.915Z"
                },
                "type": "SCRUB",
                "source": "data:drag",
                "_t": "14:39:44",
                "_end": "14:42:12",
                "data": {
                    "time": 270.56128
                }
            },
            {
                "time": {
                    "start": "2017-10-24T20:39:44.560Z",
                    "end": "2017-10-24T20:42:17.677Z"
                },
                "type": "SCRUB",
                "source": "data:drag",
                "_t": "14:39:44",
                "_end": "14:42:17",
                "data": {
                    "time": 271.801008
                }
            },
            {
                "time": {
                    "start": "2017-10-24T20:39:44.560Z",
                    "end": "2017-10-24T20:42:18.203Z"
                },
                "type": "SCRUB",
                "source": "data:drag",
                "_t": "14:39:44",
                "_end": "14:42:18",
                "data": {
                    "time": 271.801008
                }
            },
            {
                "time": {
                    "start": "2017-10-24T20:39:44.560Z",
                    "end": "2017-10-24T20:42:19.606Z"
                },
                "type": "SCRUB",
                "source": "data:drag",
                "_t": "14:39:44",
                "_end": "14:42:19",
                "data": {
                    "time": 280.964291
                }
            },
            {
                "time": {
                    "start": "2017-10-24T20:39:44.560Z",
                    "end": "2017-10-24T20:42:20.397Z"
                },
                "type": "SCRUB",
                "source": "data:drag",
                "_t": "14:39:44",
                "_end": "14:42:20",
                "data": {
                    "time": 296.392928
                }
            },
            {
                "time": {
                    "start": "2017-10-24T20:39:44.560Z",
                    "end": "2017-10-24T20:42:21.259Z"
                },
                "type": "SCRUB",
                "source": "data:drag",
                "_t": "14:39:44",
                "_end": "14:42:21",
                "data": {
                    "time": 313.42433
                }
            },
            {
                "time": {
                    "start": "2017-10-24T20:39:44.560Z",
                    "end": "2017-10-24T20:42:22.067Z"
                },
                "type": "SCRUB",
                "source": "data:drag",
                "_t": "14:39:44",
                "_end": "14:42:22",
                "data": {
                    "time": 332.527994
                }
            },
            {
                "time": {
                    "start": "2017-10-24T20:39:44.560Z",
                    "end": "2017-10-24T20:42:23.212Z"
                },
                "type": "SCRUB",
                "source": "data:drag",
                "_t": "14:39:44",
                "_end": "14:42:23",
                "data": {
                    "time": 343.504506
                }
            },
            {
                "time": {
                    "start": "2017-10-24T20:39:44.560Z",
                    "end": "2017-10-24T20:42:24.067Z"
                },
                "type": "SCRUB",
                "source": "data:drag",
                "_t": "14:39:44",
                "_end": "14:42:24",
                "data": {
                    "time": 362.867203
                }
            },
            {
                "time": {
                    "start": "2017-10-24T20:39:44.560Z",
                    "end": "2017-10-24T20:42:25.019Z"
                },
                "type": "SCRUB",
                "source": "data:drag",
                "_t": "14:39:44",
                "_end": "14:42:25",
                "data": {
                    "time": 382.424175
                }
            },
            {
                "time": {
                    "start": "2017-10-24T20:39:44.560Z",
                    "end": "2017-10-24T20:42:25.877Z"
                },
                "type": "SCRUB",
                "source": "data:drag",
                "_t": "14:39:44",
                "_end": "14:42:25",
                "data": {
                    "time": 405.057161
                }
            },
            {
                "time": {
                    "start": "2017-10-24T20:39:44.560Z",
                    "end": "2017-10-24T20:42:26.963Z"
                },
                "type": "SCRUB",
                "source": "data:drag",
                "_t": "14:39:44",
                "_end": "14:42:26",
                "data": {
                    "time": 420.922916
                }
            },
            {
                "time": {
                    "start": "2017-10-24T20:39:44.560Z",
                    "end": "2017-10-24T20:42:28.106Z"
                },
                "type": "SCRUB",
                "source": "data:drag",
                "_t": "14:39:44",
                "_end": "14:42:28",
                "data": {
                    "time": 445.191046
                }
            },
            {
                "time": {
                    "start": "2017-10-24T20:39:44.560Z",
                    "end": "2017-10-24T20:42:29.239Z"
                },
                "type": "SCRUB",
                "source": "data:drag",
                "_t": "14:39:44",
                "_end": "14:42:29",
                "data": {
                    "time": 466.949796
                }
            },
            {
                "time": {
                    "start": "2017-10-24T20:39:44.560Z",
                    "end": "2017-10-24T20:42:30.613Z"
                },
                "type": "SCRUB",
                "source": "data:drag",
                "_t": "14:39:44",
                "_end": "14:42:30",
                "data": {
                    "time": 477.084452
                }
            },
            {
                "time": {
                    "start": "2017-10-24T20:39:44.560Z",
                    "end": "2017-10-24T20:42:31.781Z"
                },
                "type": "SCRUB",
                "source": "data:drag",
                "_t": "14:39:44",
                "_end": "14:42:31",
                "data": {
                    "time": 491.703612
                }
            },
            {
                "time": {
                    "start": "2017-10-24T20:39:44.560Z",
                    "end": "2017-10-24T20:42:32.837Z"
                },
                "type": "SCRUB",
                "source": "data:drag",
                "_t": "14:39:44",
                "_end": "14:42:32",
                "data": {
                    "time": 507.164628
                }
            },
            {
                "time": {
                    "start": "2017-10-24T20:39:44.560Z",
                    "end": "2017-10-24T20:42:33.924Z"
                },
                "type": "SCRUB",
                "source": "data:drag",
                "_t": "14:39:44",
                "_end": "14:42:33",
                "data": {
                    "time": 525.928312
                }
            },
            {
                "time": {
                    "start": "2017-10-24T20:39:44.560Z",
                    "end": "2017-10-24T20:42:34.812Z"
                },
                "type": "SCRUB",
                "source": "data:drag",
                "_t": "14:39:44",
                "_end": "14:42:34",
                "data": {
                    "time": 545.760506
                }
            },
            {
                "time": {
                    "start": "2017-10-24T20:39:44.560Z",
                    "end": "2017-10-24T20:42:37.698Z"
                },
                "type": "SCRUB",
                "source": "data:drag",
                "_t": "14:39:44",
                "_end": "14:42:37",
                "data": {
                    "time": 562.38717
                }
            },
            {
                "time": {
                    "start": "2017-10-24T20:39:44.560Z",
                    "end": "2017-10-24T20:42:38.527Z"
                },
                "type": "SCRUB",
                "source": "data:drag",
                "_t": "14:39:44",
                "_end": "14:42:38",
                "data": {
                    "time": 582.672671
                }
            },
            {
                "time": {
                    "start": "2017-10-24T20:39:44.560Z",
                    "end": "2017-10-24T20:42:39.579Z"
                },
                "type": "SCRUB",
                "source": "data:drag",
                "_t": "14:39:44",
                "_end": "14:42:39",
                "data": {
                    "time": 595.931909
                }
            },
            {
                "time": {
                    "start": "2017-10-24T20:39:44.560Z",
                    "end": "2017-10-24T20:42:41.582Z"
                },
                "type": "SCRUB",
                "source": "data:drag",
                "_t": "14:39:44",
                "_end": "14:42:41",
                "data": {
                    "time": 603.605754
                }
            },
            {
                "time": {
                    "start": "2017-10-24T20:39:44.560Z",
                    "end": "2017-10-24T20:42:42.554Z"
                },
                "type": "SCRUB",
                "source": "data:drag",
                "_t": "14:39:44",
                "_end": "14:42:42",
                "data": {
                    "time": 617.901123
                }
            },
            {
                "time": {
                    "start": "2017-10-24T20:39:44.560Z",
                    "end": "2017-10-24T20:42:43.752Z"
                },
                "type": "SCRUB",
                "source": "data:drag",
                "_t": "14:39:44",
                "_end": "14:42:43",
                "data": {
                    "time": 606.584629
                }
            },
            {
                "time": {
                    "start": "2017-10-24T20:39:44.560Z",
                    "end": "2017-10-24T20:42:44.826Z"
                },
                "type": "SCRUB",
                "source": "data:drag",
                "_t": "14:39:44",
                "_end": "14:42:44",
                "data": {
                    "time": 587.788565
                }
            },
            {
                "time": {
                    "start": "2017-10-24T20:39:44.560Z",
                    "end": "2017-10-24T20:42:45.492Z"
                },
                "type": "SCRUB",
                "source": "data:drag",
                "_t": "14:39:44",
                "_end": "14:42:45",
                "data": {
                    "time": 570.870488
                }
            },
            {
                "time": {
                    "start": "2017-10-24T20:39:44.560Z",
                    "end": "2017-10-24T20:42:46.420Z"
                },
                "type": "SCRUB",
                "source": "data:drag",
                "_t": "14:39:44",
                "_end": "14:42:46",
                "data": {
                    "time": 544.691991
                }
            },
            {
                "time": {
                    "start": "2017-10-24T20:39:44.560Z",
                    "end": "2017-10-24T20:42:47.245Z"
                },
                "type": "SCRUB",
                "source": "data:drag",
                "_t": "14:39:44",
                "_end": "14:42:47",
                "data": {
                    "time": 526.090201
                }
            },
            {
                "time": {
                    "start": "2017-10-24T20:39:44.560Z",
                    "end": "2017-10-24T20:42:48.160Z"
                },
                "type": "SCRUB",
                "source": "data:drag",
                "_t": "14:39:44",
                "_end": "14:42:48",
                "data": {
                    "time": 503.683868
                }
            },
            {
                "time": {
                    "start": "2017-10-24T20:39:44.560Z",
                    "end": "2017-10-24T20:42:48.675Z"
                },
                "type": "SCRUB",
                "source": "data:drag",
                "_t": "14:39:44",
                "_end": "14:42:48",
                "data": {
                    "time": 483.220281
                }
            },
            {
                "time": {
                    "start": "2017-10-24T20:39:44.560Z",
                    "end": "2017-10-24T20:42:49.919Z"
                },
                "type": "SCRUB",
                "source": "data:drag",
                "_t": "14:39:44",
                "_end": "14:42:49",
                "data": {
                    "time": 458.790255
                }
            },
            {
                "time": {
                    "start": "2017-10-24T20:39:44.560Z",
                    "end": "2017-10-24T20:42:50.686Z"
                },
                "type": "SCRUB",
                "source": "data:drag",
                "_t": "14:39:44",
                "_end": "14:42:50",
                "data": {
                    "time": 434.748778
                }
            },
            {
                "time": {
                    "start": "2017-10-24T20:39:44.560Z",
                    "end": "2017-10-24T20:42:51.793Z"
                },
                "type": "SCRUB",
                "source": "data:drag",
                "_t": "14:39:44",
                "_end": "14:42:51",
                "data": {
                    "time": 404.879064
                }
            },
            {
                "time": {
                    "start": "2017-10-24T20:39:44.560Z",
                    "end": "2017-10-24T20:42:52.611Z"
                },
                "type": "SCRUB",
                "source": "data:drag",
                "_t": "14:39:44",
                "_end": "14:42:52",
                "data": {
                    "time": 380.902345
                }
            },
            {
                "time": {
                    "start": "2017-10-24T20:39:44.560Z",
                    "end": "2017-10-24T20:42:53.517Z"
                },
                "type": "SCRUB",
                "source": "data:drag",
                "_t": "14:39:44",
                "_end": "14:42:53",
                "data": {
                    "time": 357.13609
                }
            },
            {
                "time": {
                    "start": "2017-10-24T20:39:44.560Z",
                    "end": "2017-10-24T20:42:54.981Z"
                },
                "type": "SCRUB",
                "source": "data:drag",
                "_t": "14:39:44",
                "_end": "14:42:54",
                "data": {
                    "time": 339.521863
                }
            },
            {
                "time": {
                    "start": "2017-10-24T20:39:44.560Z",
                    "end": "2017-10-24T20:42:55.491Z"
                },
                "type": "SCRUB",
                "source": "data:drag",
                "_t": "14:39:44",
                "_end": "14:42:55",
                "data": {
                    "time": 339.521863
                }
            },
            {
                "time": {
                    "start": "2017-10-24T20:39:44.560Z",
                    "end": "2017-10-24T20:42:57.716Z"
                },
                "type": "SCRUB",
                "source": "data:drag",
                "_t": "14:39:44",
                "_end": "14:42:57",
                "data": {
                    "time": 324.61129
                }
            },
            {
                "time": {
                    "start": "2017-10-24T20:39:44.560Z",
                    "end": "2017-10-24T20:42:58.587Z"
                },
                "type": "SCRUB",
                "source": "data:drag",
                "_t": "14:39:44",
                "_end": "14:42:58",
                "data": {
                    "time": 306.899926
                }
            },
            {
                "time": {
                    "start": "2017-10-24T20:39:44.560Z",
                    "end": "2017-10-24T20:43:00.044Z"
                },
                "type": "SCRUB",
                "source": "data:drag",
                "_t": "14:39:44",
                "_end": "14:43:00",
                "data": {
                    "time": 292.750262
                }
            },
            {
                "time": {
                    "start": "2017-10-24T20:39:44.560Z",
                    "end": "2017-10-24T20:43:01.556Z"
                },
                "type": "SCRUB",
                "source": "data:drag",
                "_t": "14:39:44",
                "_end": "14:43:01",
                "data": {
                    "time": 279.24818
                }
            },
            {
                "time": {
                    "start": "2017-10-24T20:39:44.560Z",
                    "end": "2017-10-24T20:43:02.409Z"
                },
                "type": "SCRUB",
                "source": "data:drag",
                "_t": "14:39:44",
                "_end": "14:43:02",
                "data": {
                    "time": 265.276601
                }
            },
            {
                "time": {
                    "start": "2017-10-24T20:39:44.560Z",
                    "end": "2017-10-24T20:43:03.221Z"
                },
                "type": "SCRUB",
                "source": "data:drag",
                "_t": "14:39:44",
                "_end": "14:43:03",
                "data": {
                    "time": 249.847963
                }
            },
            {
                "time": {
                    "start": "2017-10-24T20:39:44.560Z",
                    "end": "2017-10-24T20:43:03.977Z"
                },
                "type": "SCRUB",
                "source": "data:drag",
                "_t": "14:39:44",
                "_end": "14:43:03",
                "data": {
                    "time": 235.730678
                }
            },
            {
                "time": {
                    "start": "2017-10-24T20:39:44.560Z",
                    "end": "2017-10-24T20:43:05.094Z"
                },
                "type": "SCRUB",
                "source": "data:drag",
                "_t": "14:39:44",
                "_end": "14:43:05",
                "data": {
                    "time": 222.762851
                }
            },
            {
                "time": {
                    "start": "2017-10-24T20:39:44.560Z",
                    "end": "2017-10-24T20:43:05.577Z"
                },
                "type": "SCRUB",
                "source": "data:drag",
                "_t": "14:39:44",
                "_end": "14:43:05",
                "data": {
                    "time": 207.123749
                }
            },
            {
                "time": {
                    "start": "2017-10-24T20:39:44.560Z",
                    "end": "2017-10-24T20:43:06.402Z"
                },
                "type": "SCRUB",
                "source": "data:drag",
                "_t": "14:39:44",
                "_end": "14:43:06",
                "data": {
                    "time": 187.43726
                }
            },
            {
                "time": {
                    "start": "2017-10-24T20:39:44.560Z",
                    "end": "2017-10-24T20:43:07.566Z"
                },
                "type": "SCRUB",
                "source": "data:drag",
                "_t": "14:39:44",
                "_end": "14:43:07",
                "data": {
                    "time": 168.722144
                }
            },
            {
                "time": {
                    "start": "2017-10-24T20:39:44.560Z",
                    "end": "2017-10-24T20:43:08.306Z"
                },
                "type": "SCRUB",
                "source": "data:drag",
                "_t": "14:39:44",
                "_end": "14:43:08",
                "data": {
                    "time": 151.609793
                }
            },
            {
                "time": {
                    "start": "2017-10-24T20:39:44.560Z",
                    "end": "2017-10-24T20:43:09.764Z"
                },
                "type": "SCRUB",
                "source": "data:drag",
                "_t": "14:39:44",
                "_end": "14:43:09",
                "data": {
                    "time": 133.720344
                }
            },
            {
                "time": {
                    "start": "2017-10-24T20:39:44.560Z",
                    "end": "2017-10-24T20:43:10.539Z"
                },
                "type": "SCRUB",
                "source": "data:drag",
                "_t": "14:39:44",
                "_end": "14:43:10",
                "data": {
                    "time": 117.449849
                }
            }
        ]
    }
}