{
    "user_id": "033",
    "session_id": "59efacb65efd4d725417b8c3",
    "study": "studyA",
    "workspace": "newrun.run-pink",
    "details": {
        "workspace": "newrun.run-pink",
        "labels": [
            {
                "time": 63.29250527642253,
                "endTime": 73.86451527642254,
                "type": "skip",
                "id": 1
            },
            {
                "time": 138.305179,
                "endTime": 142.812464,
                "type": "run",
                "id": 2
            },
            {
                "time": 276.43597996746774,
                "endTime": 287.8606894308639,
                "type": "skip",
                "id": 3
            },
            {
                "time": 344.578554,
                "endTime": 348.830307,
                "type": "run",
                "id": 4
            },
            {
                "time": 421.0780170000211,
                "endTime": 433.70376412199556,
                "type": "skip",
                "id": 5
            },
            {
                "time": 472.8297535853304,
                "endTime": 477.61787800001764,
                "type": "run",
                "id": 6
            },
            {
                "time": 547.3691905528267,
                "endTime": 560.2771599999347,
                "type": "skip",
                "id": 7
            },
            {
                "time": 596.4708498781162,
                "endTime": 608.4764688782035,
                "type": "skip",
                "id": 8
            }
        ],
        "_starts": [
            "2017-10-24T21:41:02.000Z"
        ],
        "_ends": [
            "2017-10-24T21:43:47.519Z"
        ]
    },
    "labels_file": "/home/ubuntu/vat/data/user-studies/studyA/run-pink/033.labels.json",
    "videoFlash": 3.300376,
    "surveys": {
        "user-info": {
            "firstname": "Zachary",
            "lastname": "Anderson",
            "email": "anderzt@byu.edu"
        },
        "practice-first": {
            "question1": "0",
            "question2": "ok",
            "question3": "100",
            "question4": "0"
        },
        "practice-second": {},
        "practice-third": {},
        "practice-survey": {},
        "run-blue": {
            "question1": "2",
            "question2": "1",
            "question3": "50",
            "question4": "90"
        },
        "run-yellow": {
            "question1": "1",
            "question2": "1",
            "question3": "100",
            "question4": "90"
        },
        "run-red": {
            "question1": "-1",
            "question2": "1",
            "question3": "50",
            "question4": "80"
        },
        "run-survey": {
            "question1": "2",
            "question2": "-1",
            "question3": "2",
            "question4": "2"
        },
        "pill-blue": {
            "question1": "2",
            "question2": "1",
            "question3": "100",
            "question4": "90"
        },
        "pill-red": {
            "question1": "1",
            "question2": "1",
            "question3": "100",
            "question4": "90"
        },
        "pill-orange": {
            "question1": "-1",
            "question2": "0",
            "question3": "100",
            "question4": "80"
        },
        "pills-survey": {
            "question1": "2",
            "question2": "-1",
            "question3": "2",
            "question4": "1"
        }
    },
    "logs": {
        "labelEvents": [
            {
                "time": "2017-10-24T21:41:23.964Z",
                "type": "START",
                "source": "hotkey",
                "_t": "15:41:23",
                "_end": "-",
                "data": {
                    "type": "skip",
                    "time": 63.500863
                }
            },
            {
                "time": "2017-10-24T21:41:31.105Z",
                "type": "END",
                "source": "hotkey:ctb",
                "_t": "15:41:31",
                "_end": "-",
                "data": {
                    "lbl": {
                        "time": 63.29250527642253,
                        "endTime": 73.86451527642254,
                        "type": "skip",
                        "id": 1
                    },
                    "key": "enter"
                }
            },
            {
                "time": "2017-10-24T21:41:34.156Z",
                "type": "START",
                "source": "hotkey",
                "_t": "15:41:34",
                "_end": "-",
                "data": {
                    "type": "run",
                    "time": 138.305179
                }
            },
            {
                "time": "2017-10-24T21:41:36.411Z",
                "type": "END",
                "source": "hotkey:ctb",
                "_t": "15:41:36",
                "_end": "-",
                "data": {
                    "lbl": {
                        "time": 138.305179,
                        "endTime": 142.812464,
                        "type": "run",
                        "id": 2
                    },
                    "key": "enter"
                }
            },
            {
                "time": "2017-10-24T21:41:41.567Z",
                "type": "START",
                "source": "hotkey",
                "_t": "15:41:41",
                "_end": "-",
                "data": {
                    "type": "skip",
                    "time": 276.320994
                }
            },
            {
                "time": "2017-10-24T21:41:47.387Z",
                "type": "END",
                "source": "hotkey:h_pos",
                "_t": "15:41:47",
                "_end": "-",
                "data": {
                    "key": "enter"
                }
            },
            {
                "time": "2017-10-24T21:41:50.621Z",
                "type": "START",
                "source": "hotkey",
                "_t": "15:41:50",
                "_end": "-",
                "data": {
                    "type": "skip",
                    "time": 277.165232
                }
            },
            {
                "time": "2017-10-24T21:41:55.950Z",
                "type": "END",
                "source": "hotkey:ctb",
                "_t": "15:41:55",
                "_end": "-",
                "data": {
                    "lbl": {
                        "time": 276.43597996746774,
                        "endTime": 287.8606894308639,
                        "type": "skip",
                        "id": 3
                    },
                    "key": "enter"
                }
            },
            {
                "time": "2017-10-24T21:41:59.179Z",
                "type": "START",
                "source": "hotkey",
                "_t": "15:41:59",
                "_end": "-",
                "data": {
                    "type": "run",
                    "time": 344.578554
                }
            },
            {
                "time": "2017-10-24T21:42:01.485Z",
                "type": "END",
                "source": "hotkey:ctb",
                "_t": "15:42:01",
                "_end": "-",
                "data": {
                    "lbl": {
                        "time": 344.578554,
                        "endTime": 348.830307,
                        "type": "run",
                        "id": 4
                    },
                    "key": "enter"
                }
            },
            {
                "time": "2017-10-24T21:42:04.683Z",
                "type": "START",
                "source": "hotkey",
                "_t": "15:42:04",
                "_end": "-",
                "data": {
                    "type": "skip",
                    "time": 421.078017
                }
            },
            {
                "time": "2017-10-24T21:42:11.358Z",
                "type": "END",
                "source": "hotkey:ctb",
                "_t": "15:42:11",
                "_end": "-",
                "data": {
                    "lbl": {
                        "time": 421.0780170000211,
                        "endTime": 433.70376412199556,
                        "type": "skip",
                        "id": 5
                    },
                    "key": "enter"
                }
            },
            {
                "time": "2017-10-24T21:42:15.003Z",
                "type": "START",
                "source": "hotkey",
                "_t": "15:42:15",
                "_end": "-",
                "data": {
                    "type": "run",
                    "time": 472.517217
                }
            },
            {
                "time": "2017-10-24T21:42:17.548Z",
                "type": "END",
                "source": "hotkey:ctb",
                "_t": "15:42:17",
                "_end": "-",
                "data": {
                    "lbl": {
                        "time": 472.8297535853304,
                        "endTime": 477.61787800001764,
                        "type": "run",
                        "id": 6
                    },
                    "key": "enter"
                }
            },
            {
                "time": "2017-10-24T21:42:20.619Z",
                "type": "START",
                "source": "hotkey",
                "_t": "15:42:20",
                "_end": "-",
                "data": {
                    "type": "skip",
                    "time": 547.785906
                }
            },
            {
                "time": "2017-10-24T21:42:26.861Z",
                "type": "END",
                "source": "hotkey:ctb",
                "_t": "15:42:26",
                "_end": "-",
                "data": {
                    "lbl": {
                        "time": 547.3691905528267,
                        "endTime": 560.2771599999347,
                        "type": "skip",
                        "id": 7
                    },
                    "key": "enter"
                }
            },
            {
                "time": "2017-10-24T21:42:29.148Z",
                "type": "START",
                "source": "hotkey",
                "_t": "15:42:29",
                "_end": "-",
                "data": {
                    "type": "skip",
                    "time": 596.002045
                }
            },
            {
                "time": "2017-10-24T21:42:35.147Z",
                "type": "END",
                "source": "hotkey:ctb",
                "_t": "15:42:35",
                "_end": "-",
                "data": {
                    "lbl": {
                        "time": 596.4708498781162,
                        "endTime": 608.4764688782035,
                        "type": "skip",
                        "id": 8
                    },
                    "key": "enter"
                }
            },
            {
                "time": "2017-10-24T21:42:48.327Z",
                "type": "SELECT",
                "source": "data:click",
                "_t": "15:42:48",
                "_end": "-",
                "data": {
                    "time": 63.29250527642253,
                    "endTime": 73.86451527642254,
                    "type": "skip",
                    "id": 1
                }
            },
            {
                "time": {
                    "start": "2017-10-24T21:42:48.989Z",
                    "end": "2017-10-24T21:42:50.565Z"
                },
                "type": "MOVE",
                "source": "data:brush",
                "_t": "15:42:48",
                "_end": "15:42:50",
                "data": {
                    "brushing": true,
                    "origin": [
                        63.500863,
                        74.072873
                    ],
                    "start": "2017-10-24T21:42:48.989Z",
                    "ε": 0.1,
                    "mode": "move"
                }
            },
            {
                "time": "2017-10-24T21:42:51.041Z",
                "type": "DESELECT",
                "source": "data:click",
                "_t": "15:42:51",
                "_end": "-",
                "data": {
                    "time": 63.29250527642253,
                    "endTime": 73.86451527642254,
                    "type": "skip",
                    "id": 1
                }
            },
            {
                "time": "2017-10-24T21:42:52.998Z",
                "type": "SELECT",
                "source": "data:click",
                "_t": "15:42:52",
                "_end": "-",
                "data": {
                    "time": 138.305179,
                    "endTime": 142.812464,
                    "type": "run",
                    "id": 2
                }
            },
            {
                "time": "2017-10-24T21:42:54.367Z",
                "type": "DESELECT",
                "source": "data:click",
                "_t": "15:42:54",
                "_end": "-",
                "data": {
                    "time": 138.305179,
                    "endTime": 142.812464,
                    "type": "run",
                    "id": 2
                }
            },
            {
                "time": "2017-10-24T21:42:58.055Z",
                "type": "SELECT",
                "source": "data:click",
                "_t": "15:42:58",
                "_end": "-",
                "data": {
                    "time": 276.43597996746774,
                    "endTime": 287.8606894308639,
                    "type": "skip",
                    "id": 3
                }
            },
            {
                "time": {
                    "start": "2017-10-24T21:42:58.518Z",
                    "end": "2017-10-24T21:42:59.421Z"
                },
                "type": "MOVE",
                "source": "data:brush",
                "_t": "15:42:58",
                "_end": "15:42:59",
                "data": {
                    "brushing": true,
                    "origin": [
                        277.165232,
                        287.8086
                    ],
                    "start": "2017-10-24T21:42:58.518Z",
                    "ε": 0.1,
                    "mode": "move"
                }
            },
            {
                "time": "2017-10-24T21:42:59.950Z",
                "type": "DESELECT",
                "source": "data:click",
                "_t": "15:42:59",
                "_end": "-",
                "data": {
                    "time": 276.43597996746774,
                    "endTime": 287.0793479674484,
                    "type": "skip",
                    "id": 3
                }
            },
            {
                "time": "2017-10-24T21:43:00.655Z",
                "type": "SELECT",
                "source": "data:click",
                "_t": "15:43:00",
                "_end": "-",
                "data": {
                    "time": 276.43597996746774,
                    "endTime": 287.8606894308639,
                    "type": "skip",
                    "id": 3
                }
            },
            {
                "time": {
                    "start": "2017-10-24T21:43:01.261Z",
                    "end": "2017-10-24T21:43:01.964Z"
                },
                "type": "RESIZE",
                "source": "data:brush",
                "_t": "15:43:01",
                "_end": "15:43:01",
                "data": {
                    "brushing": true,
                    "origin": [
                        276.43597996746774,
                        287.0793479674484
                    ],
                    "_brushside": 1,
                    "start": "2017-10-24T21:43:01.261Z",
                    "ε": 0.1,
                    "mode": "resize"
                }
            },
            {
                "time": "2017-10-24T21:43:02.250Z",
                "type": "DESELECT",
                "source": "data:click",
                "_t": "15:43:02",
                "_end": "-",
                "data": {
                    "time": 276.43597996746774,
                    "endTime": 287.8606894308639,
                    "type": "skip",
                    "id": 3
                }
            },
            {
                "time": "2017-10-24T21:43:06.257Z",
                "type": "SELECT",
                "source": "data:click",
                "_t": "15:43:06",
                "_end": "-",
                "data": {
                    "time": 421.0780170000211,
                    "endTime": 433.70376412199556,
                    "type": "skip",
                    "id": 5
                }
            },
            {
                "time": {
                    "start": "2017-10-24T21:43:07.765Z",
                    "end": "2017-10-24T21:43:09.237Z"
                },
                "type": "RESIZE",
                "source": "data:brush",
                "_t": "15:43:07",
                "_end": "15:43:09",
                "data": {
                    "brushing": true,
                    "origin": [
                        421.078017,
                        434.172569
                    ],
                    "_brushside": 1,
                    "start": "2017-10-24T21:43:07.765Z",
                    "ε": 0.1,
                    "mode": "resize"
                }
            },
            {
                "time": "2017-10-24T21:43:09.663Z",
                "type": "DESELECT",
                "source": "data:click",
                "_t": "15:43:09",
                "_end": "-",
                "data": {
                    "time": 421.0780170000211,
                    "endTime": 433.70376412199556,
                    "type": "skip",
                    "id": 5
                }
            },
            {
                "time": "2017-10-24T21:43:11.303Z",
                "type": "SELECT",
                "source": "data:click",
                "_t": "15:43:11",
                "_end": "-",
                "data": {
                    "time": 472.8297535853304,
                    "endTime": 477.61787800001764,
                    "type": "run",
                    "id": 6
                }
            },
            {
                "time": {
                    "start": "2017-10-24T21:43:12.014Z",
                    "end": "2017-10-24T21:43:12.653Z"
                },
                "type": "RESIZE",
                "source": "data:brush",
                "_t": "15:43:12",
                "_end": "15:43:12",
                "data": {
                    "brushing": true,
                    "origin": [
                        472.517217,
                        477.617878
                    ],
                    "_brushside": 0,
                    "start": "2017-10-24T21:43:12.014Z",
                    "ε": 0.1,
                    "mode": "resize"
                }
            },
            {
                "time": "2017-10-24T21:43:13.486Z",
                "type": "DESELECT",
                "source": "data:click",
                "_t": "15:43:13",
                "_end": "-",
                "data": {
                    "time": 472.829753585396,
                    "endTime": 477.61787800004845,
                    "type": "run",
                    "id": 6
                }
            },
            {
                "time": "2017-10-24T21:43:15.958Z",
                "type": "SELECT",
                "source": "data:click",
                "_t": "15:43:15",
                "_end": "-",
                "data": {
                    "time": 547.3691905528267,
                    "endTime": 560.2771599999347,
                    "type": "skip",
                    "id": 7
                }
            },
            {
                "time": {
                    "start": "2017-10-24T21:43:17.174Z",
                    "end": "2017-10-24T21:43:19.373Z"
                },
                "type": "RESIZE",
                "source": "data:brush",
                "_t": "15:43:17",
                "_end": "15:43:19",
                "data": {
                    "brushing": true,
                    "origin": [
                        547.785906,
                        560.27716
                    ],
                    "_brushside": 0,
                    "start": "2017-10-24T21:43:17.174Z",
                    "ε": 0.1,
                    "mode": "resize"
                }
            },
            {
                "time": "2017-10-24T21:43:19.784Z",
                "type": "DESELECT",
                "source": "data:click",
                "_t": "15:43:19",
                "_end": "-",
                "data": {
                    "time": 547.3691905528267,
                    "endTime": 560.2771599999347,
                    "type": "skip",
                    "id": 7
                }
            },
            {
                "time": "2017-10-24T21:43:21.623Z",
                "type": "SELECT",
                "source": "data:click",
                "_t": "15:43:21",
                "_end": "-",
                "data": {
                    "time": 596.4708498781162,
                    "endTime": 608.4764688782035,
                    "type": "skip",
                    "id": 8
                }
            },
            {
                "time": {
                    "start": "2017-10-24T21:43:22.037Z",
                    "end": "2017-10-24T21:43:23.029Z"
                },
                "type": "MOVE",
                "source": "data:brush",
                "_t": "15:43:22",
                "_end": "15:43:23",
                "data": {
                    "brushing": true,
                    "origin": [
                        596.002045,
                        608.007664
                    ],
                    "start": "2017-10-24T21:43:22.037Z",
                    "ε": 0.1,
                    "mode": "move"
                }
            },
            {
                "time": "2017-10-24T21:43:23.714Z",
                "type": "DESELECT",
                "source": "data:click",
                "_t": "15:43:23",
                "_end": "-",
                "data": {
                    "time": 596.4708498781162,
                    "endTime": 608.4764688782035,
                    "type": "skip",
                    "id": 8
                }
            },
            {
                "time": "2017-10-24T21:43:29.719Z",
                "type": "SELECT",
                "source": "data:click",
                "_t": "15:43:29",
                "_end": "-",
                "data": {
                    "time": 472.8297535853304,
                    "endTime": 477.61787800001764,
                    "type": "run",
                    "id": 6
                }
            },
            {
                "time": {
                    "start": "2017-10-24T21:43:30.181Z",
                    "end": "2017-10-24T21:43:33.461Z"
                },
                "type": "MOVE",
                "source": "data:brush",
                "_t": "15:43:30",
                "_end": "15:43:33",
                "data": {
                    "brushing": true,
                    "origin": [
                        472.829753585396,
                        477.61787800004845
                    ],
                    "start": "2017-10-24T21:43:30.181Z",
                    "ε": 0.1,
                    "mode": "move"
                }
            },
            {
                "time": "2017-10-24T21:43:33.869Z",
                "type": "DESELECT",
                "source": "data:click",
                "_t": "15:43:33",
                "_end": "-",
                "data": {
                    "time": 472.8297535853304,
                    "endTime": 477.61787800001764,
                    "type": "run",
                    "id": 6
                }
            }
        ],
        "navigationEvents": [
            {
                "time": {
                    "start": "2017-10-24T21:41:02.410Z",
                    "end": "2017-10-24T21:41:18.048Z"
                },
                "type": "SCRUB",
                "source": "data:drag",
                "_t": "15:41:02",
                "_end": "15:41:18",
                "data": {
                    "time": 26.327402
                }
            },
            {
                "time": {
                    "start": "2017-10-24T21:41:02.410Z",
                    "end": "2017-10-24T21:41:23.683Z"
                },
                "type": "SCRUB",
                "source": "data:drag",
                "_t": "15:41:02",
                "_end": "15:41:23",
                "data": {
                    "time": 63.211044
                }
            },
            {
                "time": "2017-10-24T21:41:27.403Z",
                "type": "CHANGE-PLAYBACK-RATE",
                "source": "video:button",
                "_t": "15:41:27",
                "_end": "-",
                "data": {
                    "oldRate": 1,
                    "newRate": 1.5
                }
            },
            {
                "time": "2017-10-24T21:41:27.762Z",
                "type": "CHANGE-PLAYBACK-RATE",
                "source": "video:button",
                "_t": "15:41:27",
                "_end": "-",
                "data": {
                    "oldRate": 1.5,
                    "newRate": 2
                }
            },
            {
                "time": {
                    "start": "2017-10-24T21:41:02.410Z",
                    "end": "2017-10-24T21:41:34.099Z"
                },
                "type": "SCRUB",
                "source": "data:drag",
                "_t": "15:41:02",
                "_end": "15:41:34",
                "data": {
                    "time": 138.201372
                }
            },
            {
                "time": {
                    "start": "2017-10-24T21:41:02.410Z",
                    "end": "2017-10-24T21:41:39.486Z"
                },
                "type": "SCRUB",
                "source": "data:drag",
                "_t": "15:41:02",
                "_end": "15:41:39",
                "data": {
                    "time": 245.120434
                }
            },
            {
                "time": {
                    "start": "2017-10-24T21:41:02.410Z",
                    "end": "2017-10-24T21:41:41.412Z"
                },
                "type": "SCRUB",
                "source": "data:drag",
                "_t": "15:41:02",
                "_end": "15:41:41",
                "data": {
                    "time": 276.273144
                }
            },
            {
                "time": {
                    "start": "2017-10-24T21:41:02.410Z",
                    "end": "2017-10-24T21:41:50.620Z"
                },
                "type": "SCRUB",
                "source": "data:drag",
                "_t": "15:41:02",
                "_end": "15:41:50",
                "data": {
                    "time": 277.163996
                }
            },
            {
                "time": {
                    "start": "2017-10-24T21:41:02.410Z",
                    "end": "2017-10-24T21:41:59.150Z"
                },
                "type": "SCRUB",
                "source": "data:drag",
                "_t": "15:41:02",
                "_end": "15:41:59",
                "data": {
                    "time": 344.578554
                }
            },
            {
                "time": {
                    "start": "2017-10-24T21:41:02.410Z",
                    "end": "2017-10-24T21:42:04.561Z"
                },
                "type": "SCRUB",
                "source": "data:drag",
                "_t": "15:41:02",
                "_end": "15:42:04",
                "data": {
                    "time": 421.078017
                }
            },
            {
                "time": {
                    "start": "2017-10-24T21:41:02.410Z",
                    "end": "2017-10-24T21:42:14.973Z"
                },
                "type": "SCRUB",
                "source": "data:drag",
                "_t": "15:41:02",
                "_end": "15:42:14",
                "data": {
                    "time": 472.516294
                }
            },
            {
                "time": {
                    "start": "2017-10-24T21:41:02.410Z",
                    "end": "2017-10-24T21:42:19.884Z"
                },
                "type": "SCRUB",
                "source": "data:drag",
                "_t": "15:41:02",
                "_end": "15:42:19",
                "data": {
                    "time": 546.774026
                }
            },
            {
                "time": {
                    "start": "2017-10-24T21:41:02.410Z",
                    "end": "2017-10-24T21:42:29.006Z"
                },
                "type": "SCRUB",
                "source": "data:drag",
                "_t": "15:41:02",
                "_end": "15:42:29",
                "data": {
                    "time": 595.80096
                }
            },
            {
                "time": "2017-10-24T21:42:36.765Z",
                "type": "PAUSE",
                "source": "hotkey",
                "_t": "15:42:36",
                "_end": "-",
                "data": {
                    "key": "space"
                }
            },
            {
                "time": {
                    "start": "2017-10-24T21:41:02.410Z",
                    "end": "2017-10-24T21:42:37.696Z"
                },
                "type": "SCRUB",
                "source": "data:drag",
                "_t": "15:41:02",
                "_end": "15:42:37",
                "data": {
                    "time": 509.035462
                }
            },
            {
                "time": {
                    "start": "2017-10-24T21:42:41.143Z",
                    "end": "2017-10-24T21:42:41.445Z"
                },
                "type": "SCRUB",
                "source": "video:drag",
                "_t": "15:42:41",
                "_end": "15:42:41",
                "data": {
                    "to": 0,
                    "from": 509.035462
                }
            },
            {
                "time": "2017-10-24T21:42:43.301Z",
                "type": "PLAY",
                "source": "video:button",
                "_t": "15:42:43",
                "_end": "-"
            },
            {
                "time": "2017-10-24T21:42:46.157Z",
                "type": "PAUSE",
                "source": "video:button",
                "_t": "15:42:46",
                "_end": "-"
            },
            {
                "time": {
                    "start": "2017-10-24T21:41:02.410Z",
                    "end": "2017-10-24T21:42:47.691Z"
                },
                "type": "SCRUB",
                "source": "data:drag",
                "_t": "15:41:02",
                "_end": "15:42:47",
                "data": {
                    "time": 59.877433
                }
            },
            {
                "time": {
                    "start": "2017-10-24T21:41:02.410Z",
                    "end": "2017-10-24T21:42:48.324Z"
                },
                "type": "SCRUB",
                "source": "data:drag",
                "_t": "15:41:02",
                "_end": "15:42:48",
                "data": {
                    "time": 59.877433
                }
            },
            {
                "time": {
                    "start": "2017-10-24T21:41:02.410Z",
                    "end": "2017-10-24T21:42:50.582Z"
                },
                "type": "SCRUB",
                "source": "data:drag",
                "_t": "15:41:02",
                "_end": "15:42:50",
                "data": {
                    "time": 59.877433
                }
            },
            {
                "time": {
                    "start": "2017-10-24T21:41:02.410Z",
                    "end": "2017-10-24T21:42:51.041Z"
                },
                "type": "SCRUB",
                "source": "data:drag",
                "_t": "15:41:02",
                "_end": "15:42:51",
                "data": {
                    "time": 59.877433
                }
            },
            {
                "time": {
                    "start": "2017-10-24T21:41:02.410Z",
                    "end": "2017-10-24T21:42:52.335Z"
                },
                "type": "SCRUB",
                "source": "data:drag",
                "_t": "15:41:02",
                "_end": "15:42:52",
                "data": {
                    "time": 126.03101
                }
            },
            {
                "time": {
                    "start": "2017-10-24T21:41:02.410Z",
                    "end": "2017-10-24T21:42:52.996Z"
                },
                "type": "SCRUB",
                "source": "data:drag",
                "_t": "15:41:02",
                "_end": "15:42:52",
                "data": {
                    "time": 126.03101
                }
            },
            {
                "time": {
                    "start": "2017-10-24T21:41:02.410Z",
                    "end": "2017-10-24T21:42:54.366Z"
                },
                "type": "SCRUB",
                "source": "data:drag",
                "_t": "15:41:02",
                "_end": "15:42:54",
                "data": {
                    "time": 126.03101
                }
            },
            {
                "time": {
                    "start": "2017-10-24T21:41:02.410Z",
                    "end": "2017-10-24T21:42:55.577Z"
                },
                "type": "SCRUB",
                "source": "data:drag",
                "_t": "15:41:02",
                "_end": "15:42:55",
                "data": {
                    "time": 192.236676
                }
            },
            {
                "time": {
                    "start": "2017-10-24T21:41:02.410Z",
                    "end": "2017-10-24T21:42:57.192Z"
                },
                "type": "SCRUB",
                "source": "data:drag",
                "_t": "15:41:02",
                "_end": "15:42:57",
                "data": {
                    "time": 270.266643
                }
            },
            {
                "time": {
                    "start": "2017-10-24T21:41:02.410Z",
                    "end": "2017-10-24T21:42:58.053Z"
                },
                "type": "SCRUB",
                "source": "data:drag",
                "_t": "15:41:02",
                "_end": "15:42:58",
                "data": {
                    "time": 270.266643
                }
            },
            {
                "time": {
                    "start": "2017-10-24T21:41:02.410Z",
                    "end": "2017-10-24T21:42:59.429Z"
                },
                "type": "SCRUB",
                "source": "data:drag",
                "_t": "15:41:02",
                "_end": "15:42:59",
                "data": {
                    "time": 270.266643
                }
            },
            {
                "time": {
                    "start": "2017-10-24T21:41:02.410Z",
                    "end": "2017-10-24T21:42:59.949Z"
                },
                "type": "SCRUB",
                "source": "data:drag",
                "_t": "15:41:02",
                "_end": "15:42:59",
                "data": {
                    "time": 270.266643
                }
            },
            {
                "time": {
                    "start": "2017-10-24T21:41:02.410Z",
                    "end": "2017-10-24T21:43:00.652Z"
                },
                "type": "SCRUB",
                "source": "data:drag",
                "_t": "15:41:02",
                "_end": "15:43:00",
                "data": {
                    "time": 270.266643
                }
            },
            {
                "time": {
                    "start": "2017-10-24T21:41:02.410Z",
                    "end": "2017-10-24T21:43:01.980Z"
                },
                "type": "SCRUB",
                "source": "data:drag",
                "_t": "15:41:02",
                "_end": "15:43:01",
                "data": {
                    "time": 270.266643
                }
            },
            {
                "time": {
                    "start": "2017-10-24T21:41:02.410Z",
                    "end": "2017-10-24T21:43:02.250Z"
                },
                "type": "SCRUB",
                "source": "data:drag",
                "_t": "15:41:02",
                "_end": "15:43:02",
                "data": {
                    "time": 270.266643
                }
            },
            {
                "time": {
                    "start": "2017-10-24T21:41:02.410Z",
                    "end": "2017-10-24T21:43:03.229Z"
                },
                "type": "SCRUB",
                "source": "data:drag",
                "_t": "15:41:02",
                "_end": "15:43:03",
                "data": {
                    "time": 325.898155
                }
            },
            {
                "time": {
                    "start": "2017-10-24T21:41:02.410Z",
                    "end": "2017-10-24T21:43:04.969Z"
                },
                "type": "SCRUB",
                "source": "data:drag",
                "_t": "15:41:02",
                "_end": "15:43:04",
                "data": {
                    "time": 409.501691
                }
            },
            {
                "time": {
                    "start": "2017-10-24T21:41:02.410Z",
                    "end": "2017-10-24T21:43:06.254Z"
                },
                "type": "SCRUB",
                "source": "data:drag",
                "_t": "15:41:02",
                "_end": "15:43:06",
                "data": {
                    "time": 409.501691
                }
            },
            {
                "time": {
                    "start": "2017-10-24T21:41:02.410Z",
                    "end": "2017-10-24T21:43:09.254Z"
                },
                "type": "SCRUB",
                "source": "data:drag",
                "_t": "15:41:02",
                "_end": "15:43:09",
                "data": {
                    "time": 409.501691
                }
            },
            {
                "time": {
                    "start": "2017-10-24T21:41:02.410Z",
                    "end": "2017-10-24T21:43:09.663Z"
                },
                "type": "SCRUB",
                "source": "data:drag",
                "_t": "15:41:02",
                "_end": "15:43:09",
                "data": {
                    "time": 409.501691
                }
            },
            {
                "time": {
                    "start": "2017-10-24T21:41:02.410Z",
                    "end": "2017-10-24T21:43:10.664Z"
                },
                "type": "SCRUB",
                "source": "data:drag",
                "_t": "15:41:02",
                "_end": "15:43:10",
                "data": {
                    "time": 464.299772
                }
            },
            {
                "time": {
                    "start": "2017-10-24T21:41:02.410Z",
                    "end": "2017-10-24T21:43:11.300Z"
                },
                "type": "SCRUB",
                "source": "data:drag",
                "_t": "15:41:02",
                "_end": "15:43:11",
                "data": {
                    "time": 464.299772
                }
            },
            {
                "time": {
                    "start": "2017-10-24T21:41:02.410Z",
                    "end": "2017-10-24T21:43:12.670Z"
                },
                "type": "SCRUB",
                "source": "data:drag",
                "_t": "15:41:02",
                "_end": "15:43:12",
                "data": {
                    "time": 464.299772
                }
            },
            {
                "time": {
                    "start": "2017-10-24T21:41:02.410Z",
                    "end": "2017-10-24T21:43:13.485Z"
                },
                "type": "SCRUB",
                "source": "data:drag",
                "_t": "15:41:02",
                "_end": "15:43:13",
                "data": {
                    "time": 464.299772
                }
            },
            {
                "time": {
                    "start": "2017-10-24T21:41:02.410Z",
                    "end": "2017-10-24T21:43:14.445Z"
                },
                "type": "SCRUB",
                "source": "data:drag",
                "_t": "15:41:02",
                "_end": "15:43:14",
                "data": {
                    "time": 520.660536
                }
            },
            {
                "time": {
                    "start": "2017-10-24T21:41:02.410Z",
                    "end": "2017-10-24T21:43:15.842Z"
                },
                "type": "SCRUB",
                "source": "data:drag",
                "_t": "15:41:02",
                "_end": "15:43:15",
                "data": {
                    "time": 542.329739
                }
            },
            {
                "time": {
                    "start": "2017-10-24T21:41:02.410Z",
                    "end": "2017-10-24T21:43:15.956Z"
                },
                "type": "SCRUB",
                "source": "data:drag",
                "_t": "15:41:02",
                "_end": "15:43:15",
                "data": {
                    "time": 542.329739
                }
            },
            {
                "time": {
                    "start": "2017-10-24T21:41:02.410Z",
                    "end": "2017-10-24T21:43:19.381Z"
                },
                "type": "SCRUB",
                "source": "data:drag",
                "_t": "15:41:02",
                "_end": "15:43:19",
                "data": {
                    "time": 542.329739
                }
            },
            {
                "time": {
                    "start": "2017-10-24T21:41:02.410Z",
                    "end": "2017-10-24T21:43:19.783Z"
                },
                "type": "SCRUB",
                "source": "data:drag",
                "_t": "15:41:02",
                "_end": "15:43:19",
                "data": {
                    "time": 542.329739
                }
            },
            {
                "time": {
                    "start": "2017-10-24T21:41:02.410Z",
                    "end": "2017-10-24T21:43:21.061Z"
                },
                "type": "SCRUB",
                "source": "data:drag",
                "_t": "15:41:02",
                "_end": "15:43:21",
                "data": {
                    "time": 587.02247
                }
            },
            {
                "time": {
                    "start": "2017-10-24T21:41:02.410Z",
                    "end": "2017-10-24T21:43:21.621Z"
                },
                "type": "SCRUB",
                "source": "data:drag",
                "_t": "15:41:02",
                "_end": "15:43:21",
                "data": {
                    "time": 587.02247
                }
            },
            {
                "time": {
                    "start": "2017-10-24T21:41:02.410Z",
                    "end": "2017-10-24T21:43:23.046Z"
                },
                "type": "SCRUB",
                "source": "data:drag",
                "_t": "15:41:02",
                "_end": "15:43:23",
                "data": {
                    "time": 587.02247
                }
            },
            {
                "time": {
                    "start": "2017-10-24T21:41:02.410Z",
                    "end": "2017-10-24T21:43:23.713Z"
                },
                "type": "SCRUB",
                "source": "data:drag",
                "_t": "15:41:02",
                "_end": "15:43:23",
                "data": {
                    "time": 587.02247
                }
            },
            {
                "time": {
                    "start": "2017-10-24T21:41:02.410Z",
                    "end": "2017-10-24T21:43:25.525Z"
                },
                "type": "SCRUB",
                "source": "data:drag",
                "_t": "15:41:02",
                "_end": "15:43:25",
                "data": {
                    "time": 504.669079
                }
            },
            {
                "time": {
                    "start": "2017-10-24T21:41:02.410Z",
                    "end": "2017-10-24T21:43:26.796Z"
                },
                "type": "SCRUB",
                "source": "data:drag",
                "_t": "15:41:02",
                "_end": "15:43:26",
                "data": {
                    "time": 490.500753
                }
            },
            {
                "time": {
                    "start": "2017-10-24T21:41:02.410Z",
                    "end": "2017-10-24T21:43:29.477Z"
                },
                "type": "SCRUB",
                "source": "data:drag",
                "_t": "15:41:02",
                "_end": "15:43:29",
                "data": {
                    "time": 481.853907
                }
            },
            {
                "time": {
                    "start": "2017-10-24T21:41:02.410Z",
                    "end": "2017-10-24T21:43:29.716Z"
                },
                "type": "SCRUB",
                "source": "data:drag",
                "_t": "15:41:02",
                "_end": "15:43:29",
                "data": {
                    "time": 481.853907
                }
            },
            {
                "time": {
                    "start": "2017-10-24T21:41:02.410Z",
                    "end": "2017-10-24T21:43:33.470Z"
                },
                "type": "SCRUB",
                "source": "data:drag",
                "_t": "15:41:02",
                "_end": "15:43:33",
                "data": {
                    "time": 481.853907
                }
            },
            {
                "time": {
                    "start": "2017-10-24T21:41:02.410Z",
                    "end": "2017-10-24T21:43:33.869Z"
                },
                "type": "SCRUB",
                "source": "data:drag",
                "_t": "15:41:02",
                "_end": "15:43:33",
                "data": {
                    "time": 481.853907
                }
            },
            {
                "time": {
                    "start": "2017-10-24T21:41:02.410Z",
                    "end": "2017-10-24T21:43:37.444Z"
                },
                "type": "SCRUB",
                "source": "data:drag",
                "_t": "15:41:02",
                "_end": "15:43:37",
                "data": {
                    "time": 419.346589
                }
            },
            {
                "time": {
                    "start": "2017-10-24T21:41:02.410Z",
                    "end": "2017-10-24T21:43:38.976Z"
                },
                "type": "SCRUB",
                "source": "data:drag",
                "_t": "15:41:02",
                "_end": "15:43:38",
                "data": {
                    "time": 368.038499
                }
            },
            {
                "time": {
                    "start": "2017-10-24T21:41:02.410Z",
                    "end": "2017-10-24T21:43:40.280Z"
                },
                "type": "SCRUB",
                "source": "data:drag",
                "_t": "15:41:02",
                "_end": "15:43:40",
                "data": {
                    "time": 309.489978
                }
            },
            {
                "time": {
                    "start": "2017-10-24T21:41:02.410Z",
                    "end": "2017-10-24T21:43:41.672Z"
                },
                "type": "SCRUB",
                "source": "data:drag",
                "_t": "15:41:02",
                "_end": "15:43:41",
                "data": {
                    "time": 230.001506
                }
            },
            {
                "time": {
                    "start": "2017-10-24T21:41:02.410Z",
                    "end": "2017-10-24T21:43:43.448Z"
                },
                "type": "SCRUB",
                "source": "data:drag",
                "_t": "15:41:02",
                "_end": "15:43:43",
                "data": {
                    "time": 174.422083
                }
            },
            {
                "time": {
                    "start": "2017-10-24T21:41:02.410Z",
                    "end": "2017-10-24T21:43:44.560Z"
                },
                "type": "SCRUB",
                "source": "data:drag",
                "_t": "15:41:02",
                "_end": "15:43:44",
                "data": {
                    "time": 92.016603
                }
            },
            {
                "time": {
                    "start": "2017-10-24T21:41:02.410Z",
                    "end": "2017-10-24T21:43:45.780Z"
                },
                "type": "SCRUB",
                "source": "data:drag",
                "_t": "15:41:02",
                "_end": "15:43:45",
                "data": {
                    "time": 17.997521
                }
            }
        ]
    }
}