{
    "user_id": "3030",
    "session_id": "5a0fdd5a5efd4d725417b95d",
    "study": "gold",
    "workspace": "pill.pills-blue",
    "details": {
        "workspace": "pill.pills-blue",
        "labels": [
            {
                "time": 30.720988,
                "endTime": 40.01706837391,
                "type": "pill",
                "id": 1
            },
            {
                "time": 55.227487,
                "endTime": 64.82318395652166,
                "type": "move",
                "id": 2
            },
            {
                "time": 162.332953,
                "endTime": 169.98802033913012,
                "type": "pill",
                "id": 3
            },
            {
                "time": 215.933882,
                "endTime": 222.12791264347825,
                "type": "pill",
                "id": 4
            },
            {
                "time": 239.183425,
                "endTime": 248.42741728798325,
                "type": "move",
                "id": 5
            },
            {
                "time": 450.893846,
                "endTime": 459.94802174697213,
                "type": "pill",
                "id": 6
            },
            {
                "time": 567.431089,
                "endTime": 579.7925980434748,
                "type": "pill",
                "id": 7
            },
            {
                "time": 590.672276,
                "endTime": 594.9272037477891,
                "type": "move",
                "id": 8
            }
        ],
        "_starts": [
            "2017-11-18T08:24:17.000Z"
        ],
        "_ends": [
            "2017-11-18T08:30:00.429Z"
        ]
    },
    "labels_file": "/home/ubuntu/vat/data/user-studies/gold/pill-blue/3030.labels.json",
    "videoFlash": 4.288888,
    "surveys": {
        "user-info": {
            "firstname": "Naomi",
            "lastname": "Johnson"
        }
    },
    "logs": {
        "labelEvents": [
            {
                "time": "2017-11-18T08:25:40.506Z",
                "type": "START",
                "source": "hotkey",
                "_t": "01:25:40",
                "_end": "-",
                "data": {
                    "type": "pill",
                    "time": 30.62006
                }
            },
            {
                "time": "2017-11-18T08:25:41.518Z",
                "type": "END",
                "source": "hotkey:ctb",
                "_t": "01:25:41",
                "_end": "-",
                "data": {
                    "key": "enter"
                }
            },
            {
                "time": "2017-11-18T08:26:01.947Z",
                "type": "START",
                "source": "hotkey",
                "_t": "01:26:01",
                "_end": "-",
                "data": {
                    "type": "pill",
                    "time": 30.720988
                }
            },
            {
                "time": "2017-11-18T08:26:09.133Z",
                "type": "END",
                "source": "data:click:h_pos",
                "_t": "01:26:09",
                "_end": "-",
                "data": {
                    "lbl": {
                        "time": 30.720988,
                        "endTime": 40.01706837391,
                        "type": "pill",
                        "id": 1
                    }
                }
            },
            {
                "time": "2017-11-18T08:26:59.607Z",
                "type": "START",
                "source": "hotkey",
                "_t": "01:26:59",
                "_end": "-",
                "data": {
                    "type": "pill",
                    "time": 55.227487
                }
            },
            {
                "time": "2017-11-18T08:27:12.139Z",
                "type": "END",
                "source": "data:click:h_pos",
                "_t": "01:27:12",
                "_end": "-",
                "data": {
                    "lbl": {
                        "time": 55.227487,
                        "endTime": 64.82318395652166,
                        "type": "move",
                        "id": 2
                    }
                }
            },
            {
                "time": "2017-11-18T08:27:13.342Z",
                "type": "SELECT",
                "source": "data:click",
                "_t": "01:27:13",
                "_end": "-",
                "data": {
                    "time": 55.227487,
                    "endTime": 64.82318395652166,
                    "type": "move",
                    "id": 2
                }
            },
            {
                "time": "2017-11-18T08:27:16.374Z",
                "type": "CHANGE-EVENT-TYPE",
                "source": "side-bar:menu",
                "_t": "01:27:16",
                "_end": "-",
                "data": {
                    "time": 55.227487,
                    "endTime": 64.82318395652166,
                    "type": "pill",
                    "id": 2
                }
            },
            {
                "time": "2017-11-18T08:27:18.412Z",
                "type": "CHANGE-EVENT-TYPE",
                "source": "side-bar:menu",
                "_t": "01:27:18",
                "_end": "-",
                "data": {
                    "time": 55.227487,
                    "endTime": 64.82318395652166,
                    "type": "move",
                    "id": 2
                }
            },
            {
                "time": "2017-11-18T08:27:23.090Z",
                "type": "DESELECT",
                "source": "data:click",
                "_t": "01:27:23",
                "_end": "-",
                "data": {
                    "time": 55.227487,
                    "endTime": 64.82318395652166,
                    "type": "move",
                    "id": 2
                }
            },
            {
                "time": "2017-11-18T08:27:37.112Z",
                "type": "START",
                "source": "hotkey",
                "_t": "01:27:37",
                "_end": "-",
                "data": {
                    "type": "pill",
                    "time": 162.332953
                }
            },
            {
                "time": "2017-11-18T08:27:47.180Z",
                "type": "END",
                "source": "data:click:h_pos",
                "_t": "01:27:47",
                "_end": "-",
                "data": {
                    "lbl": {
                        "time": 162.332953,
                        "endTime": 169.98802033913012,
                        "type": "pill",
                        "id": 3
                    }
                }
            },
            {
                "time": "2017-11-18T08:28:18.871Z",
                "type": "START",
                "source": "hotkey",
                "_t": "01:28:18",
                "_end": "-",
                "data": {
                    "type": "pill",
                    "time": 215.933882
                }
            },
            {
                "time": "2017-11-18T08:28:31.488Z",
                "type": "END",
                "source": "data:click:h_pos",
                "_t": "01:28:31",
                "_end": "-",
                "data": {
                    "lbl": {
                        "time": 215.933882,
                        "endTime": 222.12791264347825,
                        "type": "pill",
                        "id": 4
                    }
                }
            },
            {
                "time": "2017-11-18T08:28:47.798Z",
                "type": "START",
                "source": "hotkey",
                "_t": "01:28:47",
                "_end": "-",
                "data": {
                    "type": "move",
                    "time": 239.183425
                }
            },
            {
                "time": "2017-11-18T08:28:54.817Z",
                "type": "END",
                "source": "data:click:h_pos",
                "_t": "01:28:54",
                "_end": "-",
                "data": {
                    "lbl": {
                        "time": 239.183425,
                        "endTime": 248.42741728798325,
                        "type": "move",
                        "id": 5
                    }
                }
            },
            {
                "time": "2017-11-18T08:29:05.269Z",
                "type": "START",
                "source": "hotkey",
                "_t": "01:29:05",
                "_end": "-",
                "data": {
                    "type": "pill",
                    "time": 450.893846
                }
            },
            {
                "time": "2017-11-18T08:29:10.614Z",
                "type": "END",
                "source": "data:click:h_pos",
                "_t": "01:29:10",
                "_end": "-",
                "data": {
                    "lbl": {
                        "time": 450.893846,
                        "endTime": 459.94802174697213,
                        "type": "pill",
                        "id": 6
                    }
                }
            },
            {
                "time": "2017-11-18T08:29:30.812Z",
                "type": "START",
                "source": "hotkey",
                "_t": "01:29:30",
                "_end": "-",
                "data": {
                    "type": "pill",
                    "time": 567.431089
                }
            },
            {
                "time": "2017-11-18T08:29:39.936Z",
                "type": "END",
                "source": "data:click:h_pos",
                "_t": "01:29:39",
                "_end": "-",
                "data": {
                    "lbl": {
                        "time": 567.431089,
                        "endTime": 579.7925980434748,
                        "type": "pill",
                        "id": 7
                    }
                }
            },
            {
                "time": "2017-11-18T08:29:53.044Z",
                "type": "START",
                "source": "hotkey",
                "_t": "01:29:53",
                "_end": "-",
                "data": {
                    "type": "move",
                    "time": 590.672276
                }
            },
            {
                "time": "2017-11-18T08:29:57.004Z",
                "type": "END",
                "source": "data:click:h_pos",
                "_t": "01:29:57",
                "_end": "-",
                "data": {
                    "lbl": {
                        "time": 590.672276,
                        "endTime": 594.9272037477891,
                        "type": "move",
                        "id": 8
                    }
                }
            }
        ],
        "navigationEvents": [
            {
                "time": {
                    "start": "2017-11-18T08:24:17.765Z",
                    "end": "2017-11-18T08:24:29.035Z"
                },
                "type": "SCRUB",
                "source": "data:drag",
                "_t": "01:24:17",
                "_end": "01:24:29",
                "data": {
                    "time": 4.288888
                }
            },
            {
                "time": {
                    "start": "2017-11-18T08:24:17.765Z",
                    "end": "2017-11-18T08:24:29.151Z"
                },
                "type": "SCRUB",
                "source": "data:drag",
                "_t": "01:24:17",
                "_end": "01:24:29",
                "data": {
                    "time": 4.288888
                }
            },
            {
                "time": "2017-11-18T08:24:29.161Z",
                "type": "JUMP",
                "source": "data:dblclick:h_pos",
                "_t": "01:24:29",
                "_end": "-",
                "data": {
                    "from": 4.288888,
                    "to": 30.534664695652214
                }
            },
            {
                "time": "2017-11-18T08:24:34.429Z",
                "type": "PLAY",
                "source": "hotkey",
                "_t": "01:24:34",
                "_end": "-",
                "data": {
                    "key": "space"
                }
            },
            {
                "time": "2017-11-18T08:24:34.605Z",
                "type": "PAUSE",
                "source": "hotkey",
                "_t": "01:24:34",
                "_end": "-",
                "data": {
                    "key": "space"
                }
            },
            {
                "time": {
                    "start": "2017-11-18T08:24:17.765Z",
                    "end": "2017-11-18T08:24:46.953Z"
                },
                "type": "SCRUB",
                "source": "data:drag",
                "_t": "01:24:17",
                "_end": "01:24:46",
                "data": {
                    "time": 4.288888
                }
            },
            {
                "time": {
                    "start": "2017-11-18T08:24:17.765Z",
                    "end": "2017-11-18T08:24:56.817Z"
                },
                "type": "SCRUB",
                "source": "data:drag",
                "_t": "01:24:17",
                "_end": "01:24:56",
                "data": {
                    "time": 4.288888
                }
            },
            {
                "time": {
                    "start": "2017-11-18T08:24:17.765Z",
                    "end": "2017-11-18T08:25:05.799Z"
                },
                "type": "SCRUB",
                "source": "data:drag",
                "_t": "01:24:17",
                "_end": "01:25:05",
                "data": {
                    "time": 4.288888
                }
            },
            {
                "time": {
                    "start": "2017-11-18T08:24:17.765Z",
                    "end": "2017-11-18T08:25:06.994Z"
                },
                "type": "SCRUB",
                "source": "data:drag",
                "_t": "01:24:17",
                "_end": "01:25:06",
                "data": {
                    "time": 4.288888
                }
            },
            {
                "time": {
                    "start": "2017-11-18T08:24:17.765Z",
                    "end": "2017-11-18T08:25:07.048Z"
                },
                "type": "SCRUB",
                "source": "data:drag",
                "_t": "01:24:17",
                "_end": "01:25:07",
                "data": {
                    "time": 4.288888
                }
            },
            {
                "time": "2017-11-18T08:25:07.050Z",
                "type": "JUMP",
                "source": "data:dblclick:h_pos",
                "_t": "01:25:07",
                "_end": "-",
                "data": {
                    "from": 4.288888,
                    "to": 30.481427826087003
                }
            },
            {
                "time": {
                    "start": "2017-11-18T08:24:17.765Z",
                    "end": "2017-11-18T08:25:07.891Z"
                },
                "type": "SCRUB",
                "source": "data:drag",
                "_t": "01:24:17",
                "_end": "01:25:07",
                "data": {
                    "time": 30.481427
                }
            },
            {
                "time": {
                    "start": "2017-11-18T08:24:17.765Z",
                    "end": "2017-11-18T08:25:07.974Z"
                },
                "type": "SCRUB",
                "source": "data:drag",
                "_t": "01:24:17",
                "_end": "01:25:07",
                "data": {
                    "time": 30.481427
                }
            },
            {
                "time": "2017-11-18T08:25:07.978Z",
                "type": "JUMP",
                "source": "data:dblclick:h_pos",
                "_t": "01:25:07",
                "_end": "-",
                "data": {
                    "from": 30.481427,
                    "to": 56.673966826087
                }
            },
            {
                "time": {
                    "start": "2017-11-18T08:24:17.765Z",
                    "end": "2017-11-18T08:25:12.403Z"
                },
                "type": "SCRUB",
                "source": "data:drag",
                "_t": "01:24:17",
                "_end": "01:25:12",
                "data": {
                    "time": 56.673966
                }
            },
            {
                "time": {
                    "start": "2017-11-18T08:24:17.765Z",
                    "end": "2017-11-18T08:25:12.512Z"
                },
                "type": "SCRUB",
                "source": "data:drag",
                "_t": "01:24:17",
                "_end": "01:25:12",
                "data": {
                    "time": 56.673966
                }
            },
            {
                "time": "2017-11-18T08:25:12.514Z",
                "type": "JUMP",
                "source": "data:dblclick:h_pos",
                "_t": "01:25:12",
                "_end": "-",
                "data": {
                    "from": 56.673966,
                    "to": 30.93553890988299
                }
            },
            {
                "time": {
                    "start": "2017-11-18T08:24:17.765Z",
                    "end": "2017-11-18T08:25:17.363Z"
                },
                "type": "SCRUB",
                "source": "data:drag",
                "_t": "01:24:17",
                "_end": "01:25:17",
                "data": {
                    "time": 30.935538
                }
            },
            {
                "time": {
                    "start": "2017-11-18T08:24:17.765Z",
                    "end": "2017-11-18T08:25:17.469Z"
                },
                "type": "SCRUB",
                "source": "data:drag",
                "_t": "01:24:17",
                "_end": "01:25:17",
                "data": {
                    "time": 30.935538
                }
            },
            {
                "time": "2017-11-18T08:25:17.476Z",
                "type": "JUMP",
                "source": "data:dblclick:h_pos",
                "_t": "01:25:17",
                "_end": "-",
                "data": {
                    "from": 30.935538,
                    "to": 30.685785855801456
                }
            },
            {
                "time": {
                    "start": "2017-11-18T08:24:17.765Z",
                    "end": "2017-11-18T08:25:22.716Z"
                },
                "type": "SCRUB",
                "source": "data:drag",
                "_t": "01:24:17",
                "_end": "01:25:22",
                "data": {
                    "time": 30.62006
                }
            },
            {
                "time": "2017-11-18T08:25:42.876Z",
                "type": "PLAY",
                "source": "hotkey",
                "_t": "01:25:42",
                "_end": "-",
                "data": {
                    "key": "space"
                }
            },
            {
                "time": "2017-11-18T08:25:44.198Z",
                "type": "PAUSE",
                "source": "hotkey",
                "_t": "01:25:44",
                "_end": "-",
                "data": {
                    "key": "space"
                }
            },
            {
                "time": {
                    "start": "2017-11-18T08:24:17.765Z",
                    "end": "2017-11-18T08:25:48.392Z"
                },
                "type": "SCRUB",
                "source": "data:drag",
                "_t": "01:24:17",
                "_end": "01:25:48",
                "data": {
                    "time": 31.89088
                }
            },
            {
                "time": {
                    "start": "2017-11-18T08:24:17.765Z",
                    "end": "2017-11-18T08:25:49.447Z"
                },
                "type": "SCRUB",
                "source": "data:drag",
                "_t": "01:24:17",
                "_end": "01:25:49",
                "data": {
                    "time": 31.89088
                }
            },
            {
                "time": {
                    "start": "2017-11-18T08:24:17.765Z",
                    "end": "2017-11-18T08:25:49.526Z"
                },
                "type": "SCRUB",
                "source": "data:drag",
                "_t": "01:24:17",
                "_end": "01:25:49",
                "data": {
                    "time": 31.89088
                }
            },
            {
                "time": "2017-11-18T08:25:49.531Z",
                "type": "JUMP",
                "source": "data:dblclick:h_pos",
                "_t": "01:25:49",
                "_end": "-",
                "data": {
                    "from": 31.89088,
                    "to": 30.72098837717578
                }
            },
            {
                "time": "2017-11-18T08:26:02.414Z",
                "type": "PLAY",
                "source": "hotkey",
                "_t": "01:26:02",
                "_end": "-",
                "data": {
                    "key": "space"
                }
            },
            {
                "time": "2017-11-18T08:26:05.640Z",
                "type": "PAUSE",
                "source": "hotkey",
                "_t": "01:26:05",
                "_end": "-",
                "data": {
                    "key": "space"
                }
            },
            {
                "time": {
                    "start": "2017-11-18T08:24:17.765Z",
                    "end": "2017-11-18T08:26:09.131Z"
                },
                "type": "SCRUB",
                "source": "data:drag",
                "_t": "01:24:17",
                "_end": "01:26:09",
                "data": {
                    "time": 33.884181
                }
            },
            {
                "time": {
                    "start": "2017-11-18T08:24:17.765Z",
                    "end": "2017-11-18T08:26:15.157Z"
                },
                "type": "SCRUB",
                "source": "data:drag",
                "_t": "01:24:17",
                "_end": "01:26:15",
                "data": {
                    "time": 33.884181
                }
            },
            {
                "time": {
                    "start": "2017-11-18T08:24:17.765Z",
                    "end": "2017-11-18T08:26:15.239Z"
                },
                "type": "SCRUB",
                "source": "data:drag",
                "_t": "01:24:17",
                "_end": "01:26:15",
                "data": {
                    "time": 33.884181
                }
            },
            {
                "time": "2017-11-18T08:26:15.242Z",
                "type": "JUMP",
                "source": "data:dblclick:h_pos",
                "_t": "01:26:15",
                "_end": "-",
                "data": {
                    "from": 33.884181,
                    "to": 54.94452699311533
                }
            },
            {
                "time": "2017-11-18T08:26:43.690Z",
                "type": "PLAY",
                "source": "hotkey",
                "_t": "01:26:43",
                "_end": "-",
                "data": {
                    "key": "space"
                }
            },
            {
                "time": "2017-11-18T08:26:44.028Z",
                "type": "PAUSE",
                "source": "hotkey",
                "_t": "01:26:44",
                "_end": "-",
                "data": {
                    "key": "space"
                }
            },
            {
                "time": "2017-11-18T08:26:59.814Z",
                "type": "PLAY",
                "source": "hotkey",
                "_t": "01:26:59",
                "_end": "-",
                "data": {
                    "key": "space"
                }
            },
            {
                "time": "2017-11-18T08:27:09.495Z",
                "type": "PAUSE",
                "source": "hotkey",
                "_t": "01:27:09",
                "_end": "-",
                "data": {
                    "key": "space"
                }
            },
            {
                "time": {
                    "start": "2017-11-18T08:24:17.765Z",
                    "end": "2017-11-18T08:27:12.137Z"
                },
                "type": "SCRUB",
                "source": "data:drag",
                "_t": "01:24:17",
                "_end": "01:27:12",
                "data": {
                    "time": 64.397289
                }
            },
            {
                "time": {
                    "start": "2017-11-18T08:24:17.765Z",
                    "end": "2017-11-18T08:27:13.337Z"
                },
                "type": "SCRUB",
                "source": "data:drag",
                "_t": "01:24:17",
                "_end": "01:27:13",
                "data": {
                    "time": 64.397289
                }
            },
            {
                "time": {
                    "start": "2017-11-18T08:24:17.765Z",
                    "end": "2017-11-18T08:27:23.089Z"
                },
                "type": "SCRUB",
                "source": "data:drag",
                "_t": "01:24:17",
                "_end": "01:27:23",
                "data": {
                    "time": 64.397289
                }
            },
            {
                "time": {
                    "start": "2017-11-18T08:24:17.765Z",
                    "end": "2017-11-18T08:27:23.185Z"
                },
                "type": "SCRUB",
                "source": "data:drag",
                "_t": "01:24:17",
                "_end": "01:27:23",
                "data": {
                    "time": 64.397289
                }
            },
            {
                "time": "2017-11-18T08:27:23.188Z",
                "type": "JUMP",
                "source": "data:dblclick:h_pos",
                "_t": "01:27:23",
                "_end": "-",
                "data": {
                    "from": 64.397289,
                    "to": 160.84232168850733
                }
            },
            {
                "time": {
                    "start": "2017-11-18T08:24:17.765Z",
                    "end": "2017-11-18T08:27:29.496Z"
                },
                "type": "SCRUB",
                "source": "data:drag",
                "_t": "01:24:17",
                "_end": "01:27:29",
                "data": {
                    "time": 160.842321
                }
            },
            {
                "time": {
                    "start": "2017-11-18T08:24:17.765Z",
                    "end": "2017-11-18T08:27:29.600Z"
                },
                "type": "SCRUB",
                "source": "data:drag",
                "_t": "01:24:17",
                "_end": "01:27:29",
                "data": {
                    "time": 160.842321
                }
            },
            {
                "time": "2017-11-18T08:27:29.608Z",
                "type": "JUMP",
                "source": "data:dblclick:h_pos",
                "_t": "01:27:29",
                "_end": "-",
                "data": {
                    "from": 160.842321,
                    "to": 162.386190217391
                }
            },
            {
                "time": {
                    "start": "2017-11-18T08:24:17.765Z",
                    "end": "2017-11-18T08:27:33.692Z"
                },
                "type": "SCRUB",
                "source": "data:drag",
                "_t": "01:24:17",
                "_end": "01:27:33",
                "data": {
                    "time": 162.38619
                }
            },
            {
                "time": {
                    "start": "2017-11-18T08:24:17.765Z",
                    "end": "2017-11-18T08:27:33.787Z"
                },
                "type": "SCRUB",
                "source": "data:drag",
                "_t": "01:24:17",
                "_end": "01:27:33",
                "data": {
                    "time": 162.38619
                }
            },
            {
                "time": "2017-11-18T08:27:33.795Z",
                "type": "JUMP",
                "source": "data:dblclick:h_pos",
                "_t": "01:27:33",
                "_end": "-",
                "data": {
                    "from": 162.38619,
                    "to": 162.3329531304348
                }
            },
            {
                "time": "2017-11-18T08:27:37.685Z",
                "type": "PLAY",
                "source": "hotkey",
                "_t": "01:27:37",
                "_end": "-",
                "data": {
                    "key": "space"
                }
            },
            {
                "time": "2017-11-18T08:27:43.819Z",
                "type": "PAUSE",
                "source": "hotkey",
                "_t": "01:27:43",
                "_end": "-",
                "data": {
                    "key": "space"
                }
            },
            {
                "time": {
                    "start": "2017-11-18T08:24:17.765Z",
                    "end": "2017-11-18T08:27:47.176Z"
                },
                "type": "SCRUB",
                "source": "data:drag",
                "_t": "01:24:17",
                "_end": "01:27:47",
                "data": {
                    "time": 168.412209
                }
            },
            {
                "time": {
                    "start": "2017-11-18T08:24:17.765Z",
                    "end": "2017-11-18T08:27:52.672Z"
                },
                "type": "SCRUB",
                "source": "data:drag",
                "_t": "01:24:17",
                "_end": "01:27:52",
                "data": {
                    "time": 168.412209
                }
            },
            {
                "time": {
                    "start": "2017-11-18T08:24:17.765Z",
                    "end": "2017-11-18T08:27:52.781Z"
                },
                "type": "SCRUB",
                "source": "data:drag",
                "_t": "01:24:17",
                "_end": "01:27:52",
                "data": {
                    "time": 168.412209
                }
            },
            {
                "time": "2017-11-18T08:27:52.787Z",
                "type": "JUMP",
                "source": "data:dblclick:h_pos",
                "_t": "01:27:52",
                "_end": "-",
                "data": {
                    "from": 168.412209,
                    "to": 216.1787751957112
                }
            },
            {
                "time": {
                    "start": "2017-11-18T08:24:17.765Z",
                    "end": "2017-11-18T08:27:57.494Z"
                },
                "type": "SCRUB",
                "source": "data:drag",
                "_t": "01:24:17",
                "_end": "01:27:57",
                "data": {
                    "time": 216.178775
                }
            },
            {
                "time": {
                    "start": "2017-11-18T08:24:17.765Z",
                    "end": "2017-11-18T08:27:57.623Z"
                },
                "type": "SCRUB",
                "source": "data:drag",
                "_t": "01:24:17",
                "_end": "01:27:57",
                "data": {
                    "time": 216.178775
                }
            },
            {
                "time": "2017-11-18T08:27:57.626Z",
                "type": "JUMP",
                "source": "data:dblclick:h_pos",
                "_t": "01:27:57",
                "_end": "-",
                "data": {
                    "from": 216.178775,
                    "to": 215.93388539999998
                }
            },
            {
                "time": "2017-11-18T08:28:00.638Z",
                "type": "SKIP",
                "source": "hotkey",
                "_t": "01:28:00",
                "_end": "-",
                "data": {
                    "t": 215.933885,
                    "Δt": 0.033366700033366704,
                    "key": "shift+right"
                }
            },
            {
                "time": "2017-11-18T08:28:01.087Z",
                "type": "SKIP",
                "source": "hotkey",
                "_t": "01:28:01",
                "_end": "-",
                "data": {
                    "t": 215.967251,
                    "Δt": 0.033366700033366704,
                    "key": "shift+right"
                }
            },
            {
                "time": "2017-11-18T08:28:01.760Z",
                "type": "SKIP",
                "source": "hotkey",
                "_t": "01:28:01",
                "_end": "-",
                "data": {
                    "t": 216.000617,
                    "Δt": 0.033366700033366704,
                    "key": "shift+right"
                }
            },
            {
                "time": "2017-11-18T08:28:03.420Z",
                "type": "SKIP",
                "source": "hotkey",
                "_t": "01:28:03",
                "_end": "-",
                "data": {
                    "t": 216.033983,
                    "Δt": -0.033366700033366704,
                    "key": "shift+left"
                }
            },
            {
                "time": "2017-11-18T08:28:04.389Z",
                "type": "SKIP",
                "source": "hotkey",
                "_t": "01:28:04",
                "_end": "-",
                "data": {
                    "t": 216.000616,
                    "Δt": -0.033366700033366704,
                    "key": "shift+left"
                }
            },
            {
                "time": "2017-11-18T08:28:04.923Z",
                "type": "SKIP",
                "source": "hotkey",
                "_t": "01:28:04",
                "_end": "-",
                "data": {
                    "t": 215.967249,
                    "Δt": -0.033366700033366704,
                    "key": "shift+left"
                }
            },
            {
                "time": "2017-11-18T08:28:19.507Z",
                "type": "PLAY",
                "source": "hotkey",
                "_t": "01:28:19",
                "_end": "-",
                "data": {
                    "key": "space"
                }
            },
            {
                "time": "2017-11-18T08:28:25.927Z",
                "type": "PAUSE",
                "source": "hotkey",
                "_t": "01:28:25",
                "_end": "-",
                "data": {
                    "key": "space"
                }
            },
            {
                "time": {
                    "start": "2017-11-18T08:24:17.765Z",
                    "end": "2017-11-18T08:28:31.484Z"
                },
                "type": "SCRUB",
                "source": "data:drag",
                "_t": "01:24:17",
                "_end": "01:28:31",
                "data": {
                    "time": 222.308918
                }
            },
            {
                "time": {
                    "start": "2017-11-18T08:24:17.765Z",
                    "end": "2017-11-18T08:28:33.298Z"
                },
                "type": "SCRUB",
                "source": "data:drag",
                "_t": "01:24:17",
                "_end": "01:28:33",
                "data": {
                    "time": 222.308918
                }
            },
            {
                "time": {
                    "start": "2017-11-18T08:24:17.765Z",
                    "end": "2017-11-18T08:28:33.397Z"
                },
                "type": "SCRUB",
                "source": "data:drag",
                "_t": "01:24:17",
                "_end": "01:28:33",
                "data": {
                    "time": 222.308918
                }
            },
            {
                "time": "2017-11-18T08:28:33.409Z",
                "type": "JUMP",
                "source": "data:dblclick:h_pos",
                "_t": "01:28:33",
                "_end": "-",
                "data": {
                    "from": 222.308918,
                    "to": 215.2603564695645
                }
            },
            {
                "time": {
                    "start": "2017-11-18T08:24:17.765Z",
                    "end": "2017-11-18T08:28:36.837Z"
                },
                "type": "SCRUB",
                "source": "data:drag",
                "_t": "01:24:17",
                "_end": "01:28:36",
                "data": {
                    "time": 215.260356
                }
            },
            {
                "time": {
                    "start": "2017-11-18T08:24:17.765Z",
                    "end": "2017-11-18T08:28:36.951Z"
                },
                "type": "SCRUB",
                "source": "data:drag",
                "_t": "01:24:17",
                "_end": "01:28:36",
                "data": {
                    "time": 215.260356
                }
            },
            {
                "time": "2017-11-18T08:28:36.959Z",
                "type": "JUMP",
                "source": "data:dblclick:h_pos",
                "_t": "01:28:36",
                "_end": "-",
                "data": {
                    "from": 215.260356,
                    "to": 217.6027782608698
                }
            },
            {
                "time": {
                    "start": "2017-11-18T08:24:17.765Z",
                    "end": "2017-11-18T08:28:42.232Z"
                },
                "type": "SCRUB",
                "source": "data:drag",
                "_t": "01:24:17",
                "_end": "01:28:42",
                "data": {
                    "time": 217.602778
                }
            },
            {
                "time": {
                    "start": "2017-11-18T08:24:17.765Z",
                    "end": "2017-11-18T08:28:43.003Z"
                },
                "type": "SCRUB",
                "source": "data:drag",
                "_t": "01:24:17",
                "_end": "01:28:43",
                "data": {
                    "time": 217.602778
                }
            },
            {
                "time": {
                    "start": "2017-11-18T08:24:17.765Z",
                    "end": "2017-11-18T08:28:43.113Z"
                },
                "type": "SCRUB",
                "source": "data:drag",
                "_t": "01:24:17",
                "_end": "01:28:43",
                "data": {
                    "time": 217.602778
                }
            },
            {
                "time": "2017-11-18T08:28:43.117Z",
                "type": "JUMP",
                "source": "data:dblclick:h_pos",
                "_t": "01:28:43",
                "_end": "-",
                "data": {
                    "from": 217.602778,
                    "to": 239.1834255961156
                }
            },
            {
                "time": "2017-11-18T08:28:48.035Z",
                "type": "PLAY",
                "source": "hotkey",
                "_t": "01:28:48",
                "_end": "-",
                "data": {
                    "key": "space"
                }
            },
            {
                "time": "2017-11-18T08:28:50.862Z",
                "type": "PAUSE",
                "source": "hotkey",
                "_t": "01:28:50",
                "_end": "-",
                "data": {
                    "key": "space"
                }
            },
            {
                "time": {
                    "start": "2017-11-18T08:24:17.765Z",
                    "end": "2017-11-18T08:28:54.812Z"
                },
                "type": "SCRUB",
                "source": "data:drag",
                "_t": "01:24:17",
                "_end": "01:28:54",
                "data": {
                    "time": 241.962167
                }
            },
            {
                "time": {
                    "start": "2017-11-18T08:24:17.765Z",
                    "end": "2017-11-18T08:28:57.922Z"
                },
                "type": "SCRUB",
                "source": "data:drag",
                "_t": "01:24:17",
                "_end": "01:28:57",
                "data": {
                    "time": 241.962167
                }
            },
            {
                "time": {
                    "start": "2017-11-18T08:24:17.765Z",
                    "end": "2017-11-18T08:28:58.047Z"
                },
                "type": "SCRUB",
                "source": "data:drag",
                "_t": "01:24:17",
                "_end": "01:28:58",
                "data": {
                    "time": 241.962167
                }
            },
            {
                "time": "2017-11-18T08:28:58.056Z",
                "type": "JUMP",
                "source": "data:dblclick:h_pos",
                "_t": "01:28:58",
                "_end": "-",
                "data": {
                    "from": 241.962167,
                    "to": 452.9620652479522
                }
            },
            {
                "time": {
                    "start": "2017-11-18T08:24:17.765Z",
                    "end": "2017-11-18T08:29:03.019Z"
                },
                "type": "SCRUB",
                "source": "data:drag",
                "_t": "01:24:17",
                "_end": "01:29:03",
                "data": {
                    "time": 452.962065
                }
            },
            {
                "time": {
                    "start": "2017-11-18T08:24:17.765Z",
                    "end": "2017-11-18T08:29:03.126Z"
                },
                "type": "SCRUB",
                "source": "data:drag",
                "_t": "01:24:17",
                "_end": "01:29:03",
                "data": {
                    "time": 452.962065
                }
            },
            {
                "time": "2017-11-18T08:29:03.135Z",
                "type": "JUMP",
                "source": "data:dblclick:h_pos",
                "_t": "01:29:03",
                "_end": "-",
                "data": {
                    "from": 452.962065,
                    "to": 450.8938465489328
                }
            },
            {
                "time": "2017-11-18T08:29:05.718Z",
                "type": "PLAY",
                "source": "hotkey",
                "_t": "01:29:05",
                "_end": "-",
                "data": {
                    "key": "space"
                }
            },
            {
                "time": "2017-11-18T08:29:06.381Z",
                "type": "PAUSE",
                "source": "hotkey",
                "_t": "01:29:06",
                "_end": "-",
                "data": {
                    "key": "space"
                }
            },
            {
                "time": {
                    "start": "2017-11-18T08:24:17.765Z",
                    "end": "2017-11-18T08:29:10.610Z"
                },
                "type": "SCRUB",
                "source": "data:drag",
                "_t": "01:24:17",
                "_end": "01:29:10",
                "data": {
                    "time": 451.485804
                }
            },
            {
                "time": {
                    "start": "2017-11-18T08:24:17.765Z",
                    "end": "2017-11-18T08:29:15.417Z"
                },
                "type": "SCRUB",
                "source": "data:drag",
                "_t": "01:24:17",
                "_end": "01:29:15",
                "data": {
                    "time": 451.485804
                }
            },
            {
                "time": {
                    "start": "2017-11-18T08:24:17.765Z",
                    "end": "2017-11-18T08:29:15.512Z"
                },
                "type": "SCRUB",
                "source": "data:drag",
                "_t": "01:24:17",
                "_end": "01:29:15",
                "data": {
                    "time": 451.485804
                }
            },
            {
                "time": "2017-11-18T08:29:15.516Z",
                "type": "JUMP",
                "source": "data:dblclick:h_pos",
                "_t": "01:29:15",
                "_end": "-",
                "data": {
                    "from": 451.485804,
                    "to": 565.2909673336535
                }
            },
            {
                "time": {
                    "start": "2017-11-18T08:24:17.765Z",
                    "end": "2017-11-18T08:29:23.870Z"
                },
                "type": "SCRUB",
                "source": "data:drag",
                "_t": "01:24:17",
                "_end": "01:29:23",
                "data": {
                    "time": 565.290967
                }
            },
            {
                "time": {
                    "start": "2017-11-18T08:24:17.765Z",
                    "end": "2017-11-18T08:29:23.992Z"
                },
                "type": "SCRUB",
                "source": "data:drag",
                "_t": "01:24:17",
                "_end": "01:29:23",
                "data": {
                    "time": 565.290967
                }
            },
            {
                "time": "2017-11-18T08:29:23.994Z",
                "type": "JUMP",
                "source": "data:dblclick:h_pos",
                "_t": "01:29:23",
                "_end": "-",
                "data": {
                    "from": 565.290967,
                    "to": 567.4310891565207
                }
            },
            {
                "time": "2017-11-18T08:29:31.041Z",
                "type": "PLAY",
                "source": "hotkey",
                "_t": "01:29:31",
                "_end": "-",
                "data": {
                    "key": "space"
                }
            },
            {
                "time": "2017-11-18T08:29:36.535Z",
                "type": "PAUSE",
                "source": "hotkey",
                "_t": "01:29:36",
                "_end": "-",
                "data": {
                    "key": "space"
                }
            },
            {
                "time": {
                    "start": "2017-11-18T08:24:17.765Z",
                    "end": "2017-11-18T08:29:39.932Z"
                },
                "type": "SCRUB",
                "source": "data:drag",
                "_t": "01:24:17",
                "_end": "01:29:39",
                "data": {
                    "time": 572.871805
                }
            },
            {
                "time": {
                    "start": "2017-11-18T08:24:17.765Z",
                    "end": "2017-11-18T08:29:45.950Z"
                },
                "type": "SCRUB",
                "source": "data:drag",
                "_t": "01:24:17",
                "_end": "01:29:45",
                "data": {
                    "time": 572.871805
                }
            },
            {
                "time": {
                    "start": "2017-11-18T08:24:17.765Z",
                    "end": "2017-11-18T08:29:46.064Z"
                },
                "type": "SCRUB",
                "source": "data:drag",
                "_t": "01:24:17",
                "_end": "01:29:46",
                "data": {
                    "time": 572.871805
                }
            },
            {
                "time": "2017-11-18T08:29:46.074Z",
                "type": "JUMP",
                "source": "data:dblclick:h_pos",
                "_t": "01:29:46",
                "_end": "-",
                "data": {
                    "from": 572.871805,
                    "to": 590.4524999550764
                }
            },
            {
                "time": "2017-11-18T08:29:50.218Z",
                "type": "PLAY",
                "source": "hotkey",
                "_t": "01:29:50",
                "_end": "-",
                "data": {
                    "key": "space"
                }
            },
            {
                "time": "2017-11-18T08:29:50.360Z",
                "type": "PAUSE",
                "source": "hotkey",
                "_t": "01:29:50",
                "_end": "-",
                "data": {
                    "key": "space"
                }
            },
            {
                "time": "2017-11-18T08:29:51.069Z",
                "type": "PLAY",
                "source": "hotkey",
                "_t": "01:29:51",
                "_end": "-",
                "data": {
                    "key": "space"
                }
            },
            {
                "time": "2017-11-18T08:29:51.194Z",
                "type": "PAUSE",
                "source": "hotkey",
                "_t": "01:29:51",
                "_end": "-",
                "data": {
                    "key": "space"
                }
            },
            {
                "time": "2017-11-18T08:29:53.279Z",
                "type": "PLAY",
                "source": "hotkey",
                "_t": "01:29:53",
                "_end": "-",
                "data": {
                    "key": "space"
                }
            },
            {
                "time": "2017-11-18T08:29:53.837Z",
                "type": "PAUSE",
                "source": "hotkey",
                "_t": "01:29:53",
                "_end": "-",
                "data": {
                    "key": "space"
                }
            },
            {
                "time": {
                    "start": "2017-11-18T08:24:17.765Z",
                    "end": "2017-11-18T08:29:57.000Z"
                },
                "type": "SCRUB",
                "source": "data:drag",
                "_t": "01:24:17",
                "_end": "01:29:57",
                "data": {
                    "time": 591.232565
                }
            }
        ]
    }
}