{
    "user_id": "4040",
    "session_id": "5a0fe4e35efd4d725417b963",
    "study": "gold",
    "workspace": "pill.pills-blue",
    "details": {
        "workspace": "pill.pills-blue",
        "labels": [
            {
                "time": 30.574585,
                "endTime": 39.98098,
                "type": "pill",
                "id": 1
            },
            {
                "time": 54.945276999998626,
                "endTime": 64.80031385420213,
                "type": "move",
                "id": 2
            },
            {
                "time": 162.217208,
                "endTime": 170.1456601029137,
                "type": "pill",
                "id": 3
            },
            {
                "time": 215.835462,
                "endTime": 222.29373755402904,
                "type": "pill",
                "id": 4
            },
            {
                "time": 239.095755,
                "endTime": 248.4943836518028,
                "type": "move",
                "id": 5
            },
            {
                "time": 450.801178,
                "endTime": 459.9372751252161,
                "type": "pill",
                "id": 6
            },
            {
                "time": 567.365176,
                "endTime": 579.9141829708548,
                "type": "pill",
                "id": 7
            },
            {
                "time": 590.620557,
                "endTime": 594.9785803413346,
                "type": "move",
                "id": 8
            }
        ],
        "_starts": [
            "2017-11-18T08:24:26.000Z"
        ],
        "_ends": [
            "2017-11-18T08:30:29.909Z"
        ]
    },
    "labels_file": "/home/ubuntu/vat/data/user-studies/gold/pill-blue/4040.labels.json",
    "videoFlash": 4.288888,
    "surveys": {
        "user-info": {
            "firstname": "Broderick",
            "lastname": "Gardner"
        }
    },
    "logs": {
        "labelEvents": [
            {
                "time": "2017-11-18T08:25:33.175Z",
                "type": "START",
                "source": "hotkey",
                "_t": "01:25:33",
                "_end": "-",
                "data": {
                    "type": "pill",
                    "time": 30.574585
                }
            },
            {
                "time": "2017-11-18T08:27:04.327Z",
                "type": "END",
                "source": "hotkey:ctb",
                "_t": "01:27:04",
                "_end": "-",
                "data": {
                    "lbl": {
                        "time": 30.574585,
                        "endTime": 39.98098,
                        "type": "pill",
                        "id": 1
                    },
                    "key": "enter"
                }
            },
            {
                "time": "2017-11-18T08:27:26.256Z",
                "type": "START",
                "source": "hotkey",
                "_t": "01:27:26",
                "_end": "-",
                "data": {
                    "type": "move",
                    "time": 54.945277
                }
            },
            {
                "time": "2017-11-18T08:27:36.297Z",
                "type": "END",
                "source": "data:click:h_pos",
                "_t": "01:27:36",
                "_end": "-",
                "data": {
                    "lbl": {
                        "time": 54.945276999998626,
                        "endTime": 64.80031385420213,
                        "type": "move",
                        "id": 2
                    }
                }
            },
            {
                "time": "2017-11-18T08:27:36.386Z",
                "type": "SELECT",
                "source": "data:click",
                "_t": "01:27:36",
                "_end": "-",
                "data": {
                    "time": 54.945276999998626,
                    "endTime": 64.80031385420213,
                    "type": "move",
                    "id": 2
                }
            },
            {
                "time": {
                    "start": "2017-11-18T08:27:41.846Z",
                    "end": "2017-11-18T08:27:43.689Z"
                },
                "type": "RESIZE",
                "source": "data:brush",
                "_t": "01:27:41",
                "_end": "01:27:43",
                "data": {
                    "brushing": true,
                    "origin": [
                        54.945277,
                        62.75256794682678
                    ],
                    "_brushside": 1,
                    "start": "2017-11-18T08:27:41.846Z",
                    "ε": 0.1,
                    "mode": "resize"
                }
            },
            {
                "time": "2017-11-18T08:27:58.742Z",
                "type": "START",
                "source": "hotkey",
                "_t": "01:27:58",
                "_end": "-",
                "data": {
                    "type": "pill",
                    "time": 162.217208
                }
            },
            {
                "time": "2017-11-18T08:28:07.104Z",
                "type": "END",
                "source": "data:click:h_pos",
                "_t": "01:28:07",
                "_end": "-",
                "data": {
                    "lbl": {
                        "time": 162.217208,
                        "endTime": 170.1456601029137,
                        "type": "pill",
                        "id": 3
                    }
                }
            },
            {
                "time": "2017-11-18T08:28:26.787Z",
                "type": "START",
                "source": "hotkey",
                "_t": "01:28:26",
                "_end": "-",
                "data": {
                    "type": "pill",
                    "time": 215.835462
                }
            },
            {
                "time": "2017-11-18T08:28:42.204Z",
                "type": "END",
                "source": "data:click:h_pos",
                "_t": "01:28:42",
                "_end": "-",
                "data": {
                    "lbl": {
                        "time": 215.835462,
                        "endTime": 222.29373755402904,
                        "type": "pill",
                        "id": 4
                    }
                }
            },
            {
                "time": "2017-11-18T08:28:54.225Z",
                "type": "START",
                "source": "hotkey",
                "_t": "01:28:54",
                "_end": "-",
                "data": {
                    "type": "move",
                    "time": 239.095755
                }
            },
            {
                "time": "2017-11-18T08:28:58.309Z",
                "type": "END",
                "source": "data:click:h_pos",
                "_t": "01:28:58",
                "_end": "-",
                "data": {
                    "lbl": {
                        "time": 239.095755,
                        "endTime": 248.4943836518028,
                        "type": "move",
                        "id": 5
                    }
                }
            },
            {
                "time": "2017-11-18T08:29:13.332Z",
                "type": "START",
                "source": "hotkey",
                "_t": "01:29:13",
                "_end": "-",
                "data": {
                    "type": "pill",
                    "time": 450.801178
                }
            },
            {
                "time": "2017-11-18T08:29:18.385Z",
                "type": "END",
                "source": "data:click:h_pos",
                "_t": "01:29:18",
                "_end": "-",
                "data": {
                    "lbl": {
                        "time": 450.801178,
                        "endTime": 459.9372751252161,
                        "type": "pill",
                        "id": 6
                    }
                }
            },
            {
                "time": "2017-11-18T08:29:38.487Z",
                "type": "START",
                "source": "hotkey",
                "_t": "01:29:38",
                "_end": "-",
                "data": {
                    "type": "pill",
                    "time": 567.365176
                }
            },
            {
                "time": "2017-11-18T08:29:44.812Z",
                "type": "END",
                "source": "data:click:h_pos",
                "_t": "01:29:44",
                "_end": "-",
                "data": {
                    "lbl": {
                        "time": 567.365176,
                        "endTime": 579.9141829708548,
                        "type": "pill",
                        "id": 7
                    }
                }
            },
            {
                "time": "2017-11-18T08:30:01.962Z",
                "type": "START",
                "source": "hotkey",
                "_t": "01:30:01",
                "_end": "-",
                "data": {
                    "type": "move",
                    "time": 590.620557
                }
            },
            {
                "time": "2017-11-18T08:30:06.900Z",
                "type": "END",
                "source": "data:click:h_pos",
                "_t": "01:30:06",
                "_end": "-",
                "data": {
                    "lbl": {
                        "time": 590.620557,
                        "endTime": 594.9785803413346,
                        "type": "move",
                        "id": 8
                    }
                }
            }
        ],
        "navigationEvents": [
            {
                "time": "2017-11-18T08:24:41.852Z",
                "type": "PAUSE",
                "source": "video:button",
                "_t": "01:24:41",
                "_end": "-"
            },
            {
                "time": "2017-11-18T08:25:12.350Z",
                "type": "PLAY",
                "source": "hotkey",
                "_t": "01:25:12",
                "_end": "-",
                "data": {
                    "key": "space"
                }
            },
            {
                "time": {
                    "start": "2017-11-18T08:24:26.902Z",
                    "end": "2017-11-18T08:25:18.019Z"
                },
                "type": "SCRUB",
                "source": "data:drag",
                "_t": "01:24:26",
                "_end": "01:25:18",
                "data": {
                    "time": 26.49056547169795
                }
            },
            {
                "time": "2017-11-18T08:25:22.160Z",
                "type": "PAUSE",
                "source": "hotkey",
                "_t": "01:25:22",
                "_end": "-",
                "data": {
                    "key": "space"
                }
            },
            {
                "time": "2017-11-18T08:25:34.318Z",
                "type": "PLAY",
                "source": "hotkey",
                "_t": "01:25:34",
                "_end": "-",
                "data": {
                    "key": "space"
                }
            },
            {
                "time": "2017-11-18T08:25:44.577Z",
                "type": "PAUSE",
                "source": "hotkey",
                "_t": "01:25:44",
                "_end": "-",
                "data": {
                    "key": "space"
                }
            },
            {
                "time": "2017-11-18T08:25:45.839Z",
                "type": "SKIP",
                "source": "hotkey",
                "_t": "01:25:45",
                "_end": "-",
                "data": {
                    "t": 40.314647,
                    "Δt": -0.033366700033366704,
                    "key": "shift+left"
                }
            },
            {
                "time": "2017-11-18T08:25:46.537Z",
                "type": "SKIP",
                "source": "hotkey",
                "_t": "01:25:46",
                "_end": "-",
                "data": {
                    "t": 40.28128029996663,
                    "Δt": -0.033366700033366704,
                    "key": "shift+left"
                }
            },
            {
                "time": "2017-11-18T08:25:58.822Z",
                "type": "SKIP",
                "source": "hotkey",
                "_t": "01:25:58",
                "_end": "-",
                "data": {
                    "t": 40.247914,
                    "Δt": -0.033366700033366704,
                    "key": "shift+left"
                }
            },
            {
                "time": "2017-11-18T08:26:53.896Z",
                "type": "SKIP",
                "source": "hotkey",
                "_t": "01:26:53",
                "_end": "-",
                "data": {
                    "t": 40.214547,
                    "Δt": -0.033366700033366704,
                    "key": "shift+left"
                }
            },
            {
                "time": "2017-11-18T08:26:55.287Z",
                "type": "SKIP",
                "source": "hotkey",
                "_t": "01:26:55",
                "_end": "-",
                "data": {
                    "t": 40.18118,
                    "Δt": -0.033366700033366704,
                    "key": "shift+left"
                }
            },
            {
                "time": "2017-11-18T08:26:56.113Z",
                "type": "SKIP",
                "source": "hotkey",
                "_t": "01:26:56",
                "_end": "-",
                "data": {
                    "t": 40.14781329996663,
                    "Δt": -0.033366700033366704,
                    "key": "shift+left"
                }
            },
            {
                "time": "2017-11-18T08:26:57.451Z",
                "type": "SKIP",
                "source": "hotkey",
                "_t": "01:26:57",
                "_end": "-",
                "data": {
                    "t": 40.114447,
                    "Δt": -0.033366700033366704,
                    "key": "shift+left"
                }
            },
            {
                "time": "2017-11-18T08:26:58.358Z",
                "type": "SKIP",
                "source": "hotkey",
                "_t": "01:26:58",
                "_end": "-",
                "data": {
                    "t": 40.08108,
                    "Δt": -0.033366700033366704,
                    "key": "shift+left"
                }
            },
            {
                "time": "2017-11-18T08:26:59.406Z",
                "type": "SKIP",
                "source": "hotkey",
                "_t": "01:26:59",
                "_end": "-",
                "data": {
                    "t": 40.04771329996663,
                    "Δt": -0.033366700033366704,
                    "key": "shift+left"
                }
            },
            {
                "time": "2017-11-18T08:27:00.661Z",
                "type": "SKIP",
                "source": "hotkey",
                "_t": "01:27:00",
                "_end": "-",
                "data": {
                    "t": 40.014347,
                    "Δt": -0.033366700033366704,
                    "key": "shift+left"
                }
            },
            {
                "time": {
                    "start": "2017-11-18T08:24:26.902Z",
                    "end": "2017-11-18T08:27:21.027Z"
                },
                "type": "SCRUB",
                "source": "data:drag",
                "_t": "01:24:26",
                "_end": "01:27:21",
                "data": {
                    "time": 54.94527701543668
                }
            },
            {
                "time": "2017-11-18T08:27:27.501Z",
                "type": "PLAY",
                "source": "hotkey",
                "_t": "01:27:27",
                "_end": "-",
                "data": {
                    "key": "space"
                }
            },
            {
                "time": {
                    "start": "2017-11-18T08:24:26.902Z",
                    "end": "2017-11-18T08:27:36.292Z"
                },
                "type": "SCRUB",
                "source": "data:drag",
                "_t": "01:24:26",
                "_end": "01:27:36",
                "data": {
                    "time": 63.398693
                }
            },
            {
                "time": {
                    "start": "2017-11-18T08:24:26.902Z",
                    "end": "2017-11-18T08:27:36.384Z"
                },
                "type": "SCRUB",
                "source": "data:drag",
                "_t": "01:24:26",
                "_end": "01:27:36",
                "data": {
                    "time": 63.519547
                }
            },
            {
                "time": {
                    "start": "2017-11-18T08:24:26.902Z",
                    "end": "2017-11-18T08:27:36.682Z"
                },
                "type": "SCRUB",
                "source": "data:drag",
                "_t": "01:24:26",
                "_end": "01:27:36",
                "data": {
                    "time": 63.559881
                }
            },
            {
                "time": {
                    "start": "2017-11-18T08:24:26.902Z",
                    "end": "2017-11-18T08:27:36.848Z"
                },
                "type": "SCRUB",
                "source": "data:drag",
                "_t": "01:24:26",
                "_end": "01:27:36",
                "data": {
                    "time": 63.559881
                }
            },
            {
                "time": "2017-11-18T08:27:39.815Z",
                "type": "PAUSE",
                "source": "hotkey",
                "_t": "01:27:39",
                "_end": "-",
                "data": {
                    "key": "space"
                }
            },
            {
                "time": {
                    "start": "2017-11-18T08:24:26.902Z",
                    "end": "2017-11-18T08:27:43.706Z"
                },
                "type": "SCRUB",
                "source": "data:drag",
                "_t": "01:24:26",
                "_end": "01:27:43",
                "data": {
                    "time": 66.426568
                }
            },
            {
                "time": {
                    "start": "2017-11-18T08:24:26.902Z",
                    "end": "2017-11-18T08:27:45.870Z"
                },
                "type": "SCRUB",
                "source": "data:drag",
                "_t": "01:24:26",
                "_end": "01:27:45",
                "data": {
                    "time": 66.426568
                }
            },
            {
                "time": {
                    "start": "2017-11-18T08:24:26.902Z",
                    "end": "2017-11-18T08:27:46.685Z"
                },
                "type": "SCRUB",
                "source": "data:drag",
                "_t": "01:24:26",
                "_end": "01:27:46",
                "data": {
                    "time": 104.75617088164479
                }
            },
            {
                "time": {
                    "start": "2017-11-18T08:24:26.902Z",
                    "end": "2017-11-18T08:27:48.539Z"
                },
                "type": "SCRUB",
                "source": "data:drag",
                "_t": "01:24:26",
                "_end": "01:27:48",
                "data": {
                    "time": 145.86860806346286
                }
            },
            {
                "time": {
                    "start": "2017-11-18T08:24:26.902Z",
                    "end": "2017-11-18T08:27:52.387Z"
                },
                "type": "SCRUB",
                "source": "data:drag",
                "_t": "01:24:26",
                "_end": "01:27:52",
                "data": {
                    "time": 162.250575
                }
            },
            {
                "time": "2017-11-18T08:27:54.577Z",
                "type": "SKIP",
                "source": "hotkey",
                "_t": "01:27:54",
                "_end": "-",
                "data": {
                    "t": 162.250575,
                    "Δt": -0.033366700033366704,
                    "key": "shift+left"
                }
            },
            {
                "time": {
                    "start": "2017-11-18T08:24:26.902Z",
                    "end": "2017-11-18T08:28:07.098Z"
                },
                "type": "SCRUB",
                "source": "data:drag",
                "_t": "01:24:26",
                "_end": "01:28:07",
                "data": {
                    "time": 162.217208
                }
            },
            {
                "time": {
                    "start": "2017-11-18T08:24:26.902Z",
                    "end": "2017-11-18T08:28:09.477Z"
                },
                "type": "SCRUB",
                "source": "data:drag",
                "_t": "01:24:26",
                "_end": "01:28:09",
                "data": {
                    "time": 202.80458201028745
                }
            },
            {
                "time": {
                    "start": "2017-11-18T08:24:26.902Z",
                    "end": "2017-11-18T08:28:19.364Z"
                },
                "type": "SCRUB",
                "source": "data:drag",
                "_t": "01:24:26",
                "_end": "01:28:19",
                "data": {
                    "time": 215.6686268027407
                }
            },
            {
                "time": "2017-11-18T08:28:20.869Z",
                "type": "SKIP",
                "source": "hotkey",
                "_t": "01:28:20",
                "_end": "-",
                "data": {
                    "t": 215.668627,
                    "Δt": 0.033366700033366704,
                    "key": "shift+right"
                }
            },
            {
                "time": "2017-11-18T08:28:21.500Z",
                "type": "SKIP",
                "source": "hotkey",
                "_t": "01:28:21",
                "_end": "-",
                "data": {
                    "t": 215.701994,
                    "Δt": 0.033366700033366704,
                    "key": "shift+right"
                }
            },
            {
                "time": "2017-11-18T08:28:21.971Z",
                "type": "SKIP",
                "source": "hotkey",
                "_t": "01:28:21",
                "_end": "-",
                "data": {
                    "t": 215.735361,
                    "Δt": 0.033366700033366704,
                    "key": "shift+right"
                }
            },
            {
                "time": "2017-11-18T08:28:22.549Z",
                "type": "SKIP",
                "source": "hotkey",
                "_t": "01:28:22",
                "_end": "-",
                "data": {
                    "t": 215.768728,
                    "Δt": 0.033366700033366704,
                    "key": "shift+right"
                }
            },
            {
                "time": "2017-11-18T08:28:23.498Z",
                "type": "SKIP",
                "source": "hotkey",
                "_t": "01:28:23",
                "_end": "-",
                "data": {
                    "t": 215.802095,
                    "Δt": 0.033366700033366704,
                    "key": "shift+right"
                }
            },
            {
                "time": {
                    "start": "2017-11-18T08:24:26.902Z",
                    "end": "2017-11-18T08:28:42.196Z"
                },
                "type": "SCRUB",
                "source": "data:drag",
                "_t": "01:24:26",
                "_end": "01:28:42",
                "data": {
                    "time": 215.835462
                }
            },
            {
                "time": {
                    "start": "2017-11-18T08:24:26.902Z",
                    "end": "2017-11-18T08:28:44.872Z"
                },
                "type": "SCRUB",
                "source": "data:drag",
                "_t": "01:24:26",
                "_end": "01:28:44",
                "data": {
                    "time": 231.90239142709547
                }
            },
            {
                "time": {
                    "start": "2017-11-18T08:24:26.902Z",
                    "end": "2017-11-18T08:28:50.972Z"
                },
                "type": "SCRUB",
                "source": "data:drag",
                "_t": "01:24:26",
                "_end": "01:28:50",
                "data": {
                    "time": 239.0957548284747
                }
            },
            {
                "time": {
                    "start": "2017-11-18T08:24:26.902Z",
                    "end": "2017-11-18T08:28:58.302Z"
                },
                "type": "SCRUB",
                "source": "data:drag",
                "_t": "01:24:26",
                "_end": "01:28:58",
                "data": {
                    "time": 239.095755
                }
            },
            {
                "time": {
                    "start": "2017-11-18T08:24:26.902Z",
                    "end": "2017-11-18T08:28:59.738Z"
                },
                "type": "SCRUB",
                "source": "data:drag",
                "_t": "01:24:26",
                "_end": "01:28:59",
                "data": {
                    "time": 285.4063162898887
                }
            },
            {
                "time": {
                    "start": "2017-11-18T08:24:26.902Z",
                    "end": "2017-11-18T08:29:01.074Z"
                },
                "type": "SCRUB",
                "source": "data:drag",
                "_t": "01:24:26",
                "_end": "01:29:01",
                "data": {
                    "time": 335.75986279930635
                }
            },
            {
                "time": {
                    "start": "2017-11-18T08:24:26.902Z",
                    "end": "2017-11-18T08:29:02.340Z"
                },
                "type": "SCRUB",
                "source": "data:drag",
                "_t": "01:24:26",
                "_end": "01:29:02",
                "data": {
                    "time": 393.88434298629966
                }
            },
            {
                "time": {
                    "start": "2017-11-18T08:24:26.902Z",
                    "end": "2017-11-18T08:29:03.769Z"
                },
                "type": "SCRUB",
                "source": "data:drag",
                "_t": "01:24:26",
                "_end": "01:29:03",
                "data": {
                    "time": 438.4096899090927
                }
            },
            {
                "time": {
                    "start": "2017-11-18T08:24:26.902Z",
                    "end": "2017-11-18T08:29:08.318Z"
                },
                "type": "SCRUB",
                "source": "data:drag",
                "_t": "01:24:26",
                "_end": "01:29:08",
                "data": {
                    "time": 450.801178
                }
            },
            {
                "time": {
                    "start": "2017-11-18T08:24:26.902Z",
                    "end": "2017-11-18T08:29:18.383Z"
                },
                "type": "SCRUB",
                "source": "data:drag",
                "_t": "01:24:26",
                "_end": "01:29:18",
                "data": {
                    "time": 450.801178
                }
            },
            {
                "time": {
                    "start": "2017-11-18T08:24:26.902Z",
                    "end": "2017-11-18T08:29:22.237Z"
                },
                "type": "SCRUB",
                "source": "data:drag",
                "_t": "01:24:26",
                "_end": "01:29:22",
                "data": {
                    "time": 499.3695104185358
                }
            },
            {
                "time": {
                    "start": "2017-11-18T08:24:26.902Z",
                    "end": "2017-11-18T08:29:23.643Z"
                },
                "type": "SCRUB",
                "source": "data:drag",
                "_t": "01:24:26",
                "_end": "01:29:23",
                "data": {
                    "time": 552.6109035917261
                }
            },
            {
                "time": {
                    "start": "2017-11-18T08:24:26.902Z",
                    "end": "2017-11-18T08:29:31.531Z"
                },
                "type": "SCRUB",
                "source": "data:drag",
                "_t": "01:24:26",
                "_end": "01:29:31",
                "data": {
                    "time": 567.365176
                }
            },
            {
                "time": {
                    "start": "2017-11-18T08:24:26.902Z",
                    "end": "2017-11-18T08:29:44.806Z"
                },
                "type": "SCRUB",
                "source": "data:drag",
                "_t": "01:24:26",
                "_end": "01:29:44",
                "data": {
                    "time": 567.365176
                }
            },
            {
                "time": {
                    "start": "2017-11-18T08:24:26.902Z",
                    "end": "2017-11-18T08:29:49.866Z"
                },
                "type": "SCRUB",
                "source": "data:drag",
                "_t": "01:24:26",
                "_end": "01:29:49",
                "data": {
                    "time": 590.4679503396497
                }
            },
            {
                "time": {
                    "start": "2017-11-18T08:24:26.902Z",
                    "end": "2017-11-18T08:29:53.765Z"
                },
                "type": "SCRUB",
                "source": "data:drag",
                "_t": "01:24:26",
                "_end": "01:29:53",
                "data": {
                    "time": 590.520456
                }
            },
            {
                "time": "2017-11-18T08:29:56.641Z",
                "type": "SKIP",
                "source": "hotkey",
                "_t": "01:29:56",
                "_end": "-",
                "data": {
                    "t": 590.520456,
                    "Δt": 0.033366700033366704,
                    "key": "shift+right"
                }
            },
            {
                "time": "2017-11-18T08:29:57.243Z",
                "type": "SKIP",
                "source": "hotkey",
                "_t": "01:29:57",
                "_end": "-",
                "data": {
                    "t": 590.553823,
                    "Δt": 0.033366700033366704,
                    "key": "shift+right"
                }
            },
            {
                "time": "2017-11-18T08:29:58.009Z",
                "type": "SKIP",
                "source": "hotkey",
                "_t": "01:29:58",
                "_end": "-",
                "data": {
                    "t": 590.58719,
                    "Δt": 0.033366700033366704,
                    "key": "shift+right"
                }
            },
            {
                "time": {
                    "start": "2017-11-18T08:24:26.902Z",
                    "end": "2017-11-18T08:30:06.888Z"
                },
                "type": "SCRUB",
                "source": "data:drag",
                "_t": "01:24:26",
                "_end": "01:30:06",
                "data": {
                    "time": 590.620557
                }
            },
            {
                "time": {
                    "start": "2017-11-18T08:24:26.902Z",
                    "end": "2017-11-18T08:30:08.690Z"
                },
                "type": "SCRUB",
                "source": "data:drag",
                "_t": "01:24:26",
                "_end": "01:30:08",
                "data": {
                    "time": 612.22352
                }
            },
            {
                "time": {
                    "start": "2017-11-18T08:24:26.902Z",
                    "end": "2017-11-18T08:30:10.344Z"
                },
                "type": "SCRUB",
                "source": "data:drag",
                "_t": "01:24:26",
                "_end": "01:30:10",
                "data": {
                    "time": 612.22352
                }
            },
            {
                "time": {
                    "start": "2017-11-18T08:24:26.902Z",
                    "end": "2017-11-18T08:30:12.915Z"
                },
                "type": "SCRUB",
                "source": "data:drag",
                "_t": "01:24:26",
                "_end": "01:30:12",
                "data": {
                    "time": 608.3905597117928
                }
            },
            {
                "time": "2017-11-18T08:30:13.479Z",
                "type": "PLAY",
                "source": "hotkey",
                "_t": "01:30:13",
                "_end": "-",
                "data": {
                    "key": "space"
                }
            },
            {
                "time": {
                    "start": "2017-11-18T08:24:26.902Z",
                    "end": "2017-11-18T08:30:16.109Z"
                },
                "type": "SCRUB",
                "source": "data:drag",
                "_t": "01:24:26",
                "_end": "01:30:16",
                "data": {
                    "time": 610.933893
                }
            }
        ]
    }
}