[
    {
        "time": 30.574585,
        "endTime": 40.01706837391,
        "id": 1,
        "type": "pill"
    },
    {
        "time": 54.945276999998626,
        "endTime": 64.82318395652166,
        "id": 2,
        "type": "move"
    },
    {
        "time": 162.217208,
        "endTime": 170.1456601029137,
        "id": 3,
        "type": "pill"
    },
    {
        "time": 215.835462,
        "endTime": 222.29373755402904,
        "id": 4,
        "type": "pill"
    },
    {
        "time": 239.095755,
        "endTime": 248.4943836518028,
        "id": 5,
        "type": "move"
    },
    {
        "time": 450.801178,
        "endTime": 459.94802174697213,
        "id": 6,
        "type": "pill"
    },
    {
        "time": 567.365176,
        "endTime": 579.9141829708548,
        "id": 7,
        "type": "pill"
    },
    {
        "time": 590.620557,
        "endTime": 594.9785803413346,
        "id": 8,
        "type": "move"
    }
]