{
    "user_id": "015",
    "session_id": "59ec3dfa227e0c69a024563c",
    "study": "studyD",
    "workspace": "pill.pills-pink",
    "details": {
        "workspace": "pill.pills-pink",
        "labels": [
            {
                "time": 44.849908,
                "endTime": 52.88615904878046,
                "type": "pill",
                "id": 1
            },
            {
                "time": 64.481085,
                "endTime": 69.473131,
                "type": "move",
                "id": 2
            },
            {
                "time": 64.481085,
                "endTime": 64.481085,
                "type": "move",
                "id": 3
            },
            {
                "time": 126.467095,
                "endTime": 136.776412,
                "type": "pill",
                "id": 4
            },
            {
                "time": 126.467095,
                "endTime": 126.467095,
                "type": "pill",
                "id": 5
            },
            {
                "time": 178.423958,
                "endTime": 181.138499,
                "type": "move",
                "id": 6
            },
            {
                "time": 178.423958,
                "endTime": 178.423958,
                "type": "move",
                "id": 7
            },
            {
                "time": 269.601502,
                "endTime": 279.249548,
                "type": "pill",
                "id": 8
            },
            {
                "time": 269.601502,
                "endTime": 269.601502,
                "type": "pill",
                "id": 9
            },
            {
                "time": 330.793831,
                "endTime": 335.533983,
                "type": "move",
                "id": 10
            },
            {
                "time": 330.793831,
                "endTime": 330.793831,
                "type": "move",
                "id": 11
            },
            {
                "time": 446.480776,
                "endTime": 449.886065,
                "type": "move",
                "id": 12
            },
            {
                "time": 446.480776,
                "endTime": 446.480776,
                "type": "move",
                "id": 13
            },
            {
                "time": 564.0985003170742,
                "endTime": 573.8242365121951,
                "type": "pill",
                "id": 14
            }
        ],
        "_starts": [
            "2017-10-24T16:54:52.000Z"
        ],
        "_ends": [
            "2017-10-24T16:55:17.837Z",
            "2017-10-24T16:57:20.797Z"
        ]
    },
    "labels_file": "/home/ubuntu/vat/data/user-studies/studyD/pills-pink/015.labels.json",
    "videoFlash": 0.561365,
    "surveys": {},
    "logs": {
        "labelEvents": [
            {
                "time": "2017-10-24T16:55:35.483Z",
                "type": "START",
                "source": "side-bar:button",
                "_t": "10:55:35",
                "_end": "-",
                "data": {
                    "type": "pill",
                    "time": 44.849908
                }
            },
            {
                "time": "2017-10-24T16:55:45.299Z",
                "type": "END",
                "source": "data:click:h_pos",
                "_t": "10:55:45",
                "_end": "-",
                "data": {
                    "lbl": {
                        "time": 44.849908,
                        "endTime": 52.88615904878046,
                        "type": "pill",
                        "id": 1
                    }
                }
            },
            {
                "time": "2017-10-24T16:55:50.695Z",
                "type": "START",
                "source": "side-bar:button",
                "_t": "10:55:50",
                "_end": "-",
                "data": {
                    "type": "move",
                    "time": 64.481085
                }
            },
            {
                "time": "2017-10-24T16:55:54.018Z",
                "type": "START",
                "source": "side-bar:button",
                "_t": "10:55:54",
                "_end": "-",
                "data": {
                    "type": "move",
                    "time": 69.473131
                }
            },
            {
                "time": "2017-10-24T16:55:56.053Z",
                "type": "END",
                "source": "data:click:h_pos",
                "_t": "10:55:56",
                "_end": "-",
                "data": {
                    "lbl": {
                        "time": 64.481085,
                        "endTime": 64.481085,
                        "type": "move",
                        "id": 3
                    }
                }
            },
            {
                "time": "2017-10-24T16:55:56.055Z",
                "type": "SELECT",
                "source": "data:click",
                "_t": "10:55:56",
                "_end": "-",
                "data": {
                    "time": 64.481085,
                    "endTime": 69.473131,
                    "type": "move",
                    "id": 2
                }
            },
            {
                "time": "2017-10-24T16:55:58.018Z",
                "type": "DESELECT",
                "source": "data:click",
                "_t": "10:55:58",
                "_end": "-",
                "data": {
                    "time": 64.481085,
                    "endTime": 69.473131,
                    "type": "move",
                    "id": 2
                }
            },
            {
                "time": "2017-10-24T16:56:03.571Z",
                "type": "START",
                "source": "side-bar:button",
                "_t": "10:56:03",
                "_end": "-",
                "data": {
                    "type": "pill",
                    "time": 126.467095
                }
            },
            {
                "time": "2017-10-24T16:56:10.451Z",
                "type": "START",
                "source": "side-bar:button",
                "_t": "10:56:10",
                "_end": "-",
                "data": {
                    "type": "pill",
                    "time": 136.776412
                }
            },
            {
                "time": "2017-10-24T16:56:12.077Z",
                "type": "END",
                "source": "data:click:h_pos",
                "_t": "10:56:12",
                "_end": "-",
                "data": {
                    "lbl": {
                        "time": 126.467095,
                        "endTime": 126.467095,
                        "type": "pill",
                        "id": 5
                    }
                }
            },
            {
                "time": "2017-10-24T16:56:12.079Z",
                "type": "SELECT",
                "source": "data:click",
                "_t": "10:56:12",
                "_end": "-",
                "data": {
                    "time": 126.467095,
                    "endTime": 136.776412,
                    "type": "pill",
                    "id": 4
                }
            },
            {
                "time": "2017-10-24T16:56:14.196Z",
                "type": "DESELECT",
                "source": "data:click",
                "_t": "10:56:14",
                "_end": "-",
                "data": {
                    "time": 126.467095,
                    "endTime": 136.776412,
                    "type": "pill",
                    "id": 4
                }
            },
            {
                "time": "2017-10-24T16:56:17.171Z",
                "type": "START",
                "source": "side-bar:button",
                "_t": "10:56:17",
                "_end": "-",
                "data": {
                    "type": "move",
                    "time": 178.423958
                }
            },
            {
                "time": "2017-10-24T16:56:18.989Z",
                "type": "START",
                "source": "side-bar:button",
                "_t": "10:56:18",
                "_end": "-",
                "data": {
                    "type": "move",
                    "time": 181.138499
                }
            },
            {
                "time": "2017-10-24T16:56:20.293Z",
                "type": "END",
                "source": "data:click:h_pos",
                "_t": "10:56:20",
                "_end": "-",
                "data": {
                    "lbl": {
                        "time": 178.423958,
                        "endTime": 178.423958,
                        "type": "move",
                        "id": 7
                    }
                }
            },
            {
                "time": "2017-10-24T16:56:20.295Z",
                "type": "SELECT",
                "source": "data:click",
                "_t": "10:56:20",
                "_end": "-",
                "data": {
                    "time": 178.423958,
                    "endTime": 181.138499,
                    "type": "move",
                    "id": 6
                }
            },
            {
                "time": "2017-10-24T16:56:21.755Z",
                "type": "DESELECT",
                "source": "data:click",
                "_t": "10:56:21",
                "_end": "-",
                "data": {
                    "time": 178.423958,
                    "endTime": 181.138499,
                    "type": "move",
                    "id": 6
                }
            },
            {
                "time": "2017-10-24T16:56:26.235Z",
                "type": "START",
                "source": "side-bar:button",
                "_t": "10:56:26",
                "_end": "-",
                "data": {
                    "type": "pill",
                    "time": 269.601502
                }
            },
            {
                "time": "2017-10-24T16:56:32.667Z",
                "type": "START",
                "source": "side-bar:button",
                "_t": "10:56:32",
                "_end": "-",
                "data": {
                    "type": "pill",
                    "time": 279.249548
                }
            },
            {
                "time": "2017-10-24T16:56:33.981Z",
                "type": "END",
                "source": "data:click:h_pos",
                "_t": "10:56:33",
                "_end": "-",
                "data": {
                    "lbl": {
                        "time": 269.601502,
                        "endTime": 269.601502,
                        "type": "pill",
                        "id": 9
                    }
                }
            },
            {
                "time": "2017-10-24T16:56:33.983Z",
                "type": "SELECT",
                "source": "data:click",
                "_t": "10:56:33",
                "_end": "-",
                "data": {
                    "time": 269.601502,
                    "endTime": 279.249548,
                    "type": "pill",
                    "id": 8
                }
            },
            {
                "time": "2017-10-24T16:56:34.516Z",
                "type": "DESELECT",
                "source": "data:click",
                "_t": "10:56:34",
                "_end": "-",
                "data": {
                    "time": 269.601502,
                    "endTime": 279.249548,
                    "type": "pill",
                    "id": 8
                }
            },
            {
                "time": "2017-10-24T16:56:38.291Z",
                "type": "START",
                "source": "side-bar:button",
                "_t": "10:56:38",
                "_end": "-",
                "data": {
                    "type": "move",
                    "time": 330.793831
                }
            },
            {
                "time": "2017-10-24T16:56:41.452Z",
                "type": "START",
                "source": "side-bar:button",
                "_t": "10:56:41",
                "_end": "-",
                "data": {
                    "type": "move",
                    "time": 335.533983
                }
            },
            {
                "time": "2017-10-24T16:56:42.573Z",
                "type": "END",
                "source": "data:click:h_pos",
                "_t": "10:56:42",
                "_end": "-",
                "data": {
                    "lbl": {
                        "time": 330.793831,
                        "endTime": 330.793831,
                        "type": "move",
                        "id": 11
                    }
                }
            },
            {
                "time": "2017-10-24T16:56:42.575Z",
                "type": "SELECT",
                "source": "data:click",
                "_t": "10:56:42",
                "_end": "-",
                "data": {
                    "time": 330.793831,
                    "endTime": 335.533983,
                    "type": "move",
                    "id": 10
                }
            },
            {
                "time": "2017-10-24T16:56:43.005Z",
                "type": "DESELECT",
                "source": "data:click",
                "_t": "10:56:43",
                "_end": "-",
                "data": {
                    "time": 330.793831,
                    "endTime": 335.533983,
                    "type": "move",
                    "id": 10
                }
            },
            {
                "time": "2017-10-24T16:56:49.411Z",
                "type": "START",
                "source": "side-bar:button",
                "_t": "10:56:49",
                "_end": "-",
                "data": {
                    "type": "move",
                    "time": 446.480776
                }
            },
            {
                "time": "2017-10-24T16:56:51.683Z",
                "type": "START",
                "source": "side-bar:button",
                "_t": "10:56:51",
                "_end": "-",
                "data": {
                    "type": "move",
                    "time": 449.886065
                }
            },
            {
                "time": "2017-10-24T16:56:52.797Z",
                "type": "END",
                "source": "data:click:h_pos",
                "_t": "10:56:52",
                "_end": "-",
                "data": {
                    "lbl": {
                        "time": 446.480776,
                        "endTime": 446.480776,
                        "type": "move",
                        "id": 13
                    }
                }
            },
            {
                "time": "2017-10-24T16:56:52.800Z",
                "type": "SELECT",
                "source": "data:click",
                "_t": "10:56:52",
                "_end": "-",
                "data": {
                    "time": 446.480776,
                    "endTime": 449.886065,
                    "type": "move",
                    "id": 12
                }
            },
            {
                "time": "2017-10-24T16:56:53.478Z",
                "type": "DESELECT",
                "source": "data:click",
                "_t": "10:56:53",
                "_end": "-",
                "data": {
                    "time": 446.480776,
                    "endTime": 449.886065,
                    "type": "move",
                    "id": 12
                }
            },
            {
                "time": "2017-10-24T16:56:59.324Z",
                "type": "START",
                "source": "side-bar:button",
                "_t": "10:56:59",
                "_end": "-",
                "data": {
                    "type": "pill",
                    "time": 561.843993
                }
            },
            {
                "time": "2017-10-24T16:57:10.963Z",
                "type": "END",
                "source": "data:click:h_pos",
                "_t": "10:57:10",
                "_end": "-",
                "data": {
                    "lbl": {
                        "time": 564.0985003170742,
                        "endTime": 573.8242365121951,
                        "type": "pill",
                        "id": 14
                    }
                }
            },
            {
                "time": "2017-10-24T16:57:11.966Z",
                "type": "SELECT",
                "source": "data:click",
                "_t": "10:57:11",
                "_end": "-",
                "data": {
                    "time": 564.0985003170742,
                    "endTime": 573.8242365121951,
                    "type": "pill",
                    "id": 14
                }
            },
            {
                "time": "2017-10-24T16:57:12.548Z",
                "type": "DESELECT",
                "source": "data:click",
                "_t": "10:57:12",
                "_end": "-",
                "data": {
                    "time": 561.843993,
                    "endTime": 573.8242365121951,
                    "type": "pill",
                    "id": 14
                }
            },
            {
                "time": "2017-10-24T16:57:13.725Z",
                "type": "SELECT",
                "source": "data:click",
                "_t": "10:57:13",
                "_end": "-",
                "data": {
                    "time": 564.0985003170742,
                    "endTime": 573.8242365121951,
                    "type": "pill",
                    "id": 14
                }
            },
            {
                "time": {
                    "start": "2017-10-24T16:57:14.715Z",
                    "end": "2017-10-24T16:57:16.539Z"
                },
                "type": "RESIZE",
                "source": "data:brush",
                "_t": "10:57:14",
                "_end": "10:57:16",
                "data": {
                    "brushing": true,
                    "origin": [
                        561.843993,
                        573.8242365121951
                    ],
                    "_brushside": 0,
                    "start": "2017-10-24T16:57:14.715Z",
                    "ε": 0.1,
                    "mode": "resize"
                }
            },
            {
                "time": "2017-10-24T16:57:17.662Z",
                "type": "DESELECT",
                "source": "data:click",
                "_t": "10:57:17",
                "_end": "-",
                "data": {
                    "time": 564.0985003170742,
                    "endTime": 573.8242365121951,
                    "type": "pill",
                    "id": 14
                }
            }
        ],
        "navigationEvents": [
            {
                "time": {
                    "start": "2017-10-24T16:54:52.051Z",
                    "end": "2017-10-24T16:55:31.389Z"
                },
                "type": "SCRUB",
                "source": "data:drag",
                "_t": "10:54:52",
                "_end": "10:55:31",
                "data": {
                    "time": 36.733682
                }
            },
            {
                "time": {
                    "start": "2017-10-24T16:54:52.051Z",
                    "end": "2017-10-24T16:55:33.114Z"
                },
                "type": "SCRUB",
                "source": "data:drag",
                "_t": "10:54:52",
                "_end": "10:55:33",
                "data": {
                    "time": 44.849908
                }
            },
            {
                "time": "2017-10-24T16:55:36.485Z",
                "type": "PLAY",
                "source": "hotkey",
                "_t": "10:55:36",
                "_end": "-",
                "data": {
                    "key": "space"
                }
            },
            {
                "time": "2017-10-24T16:55:39.794Z",
                "type": "CHANGE-PLAYBACK-RATE",
                "source": "video:menu",
                "_t": "10:55:39",
                "_end": "-",
                "data": {
                    "oldRate": 1,
                    "newRate": 1.5
                }
            },
            {
                "time": "2017-10-24T16:55:43.427Z",
                "type": "PAUSE",
                "source": "hotkey",
                "_t": "10:55:43",
                "_end": "-",
                "data": {
                    "key": "space"
                }
            },
            {
                "time": {
                    "start": "2017-10-24T16:54:52.051Z",
                    "end": "2017-10-24T16:55:45.297Z"
                },
                "type": "SCRUB",
                "source": "data:drag",
                "_t": "10:54:52",
                "_end": "10:55:45",
                "data": {
                    "time": 53.487361
                }
            },
            {
                "time": "2017-10-24T16:55:46.194Z",
                "type": "PLAY",
                "source": "hotkey",
                "_t": "10:55:46",
                "_end": "-",
                "data": {
                    "key": "space"
                }
            },
            {
                "time": {
                    "start": "2017-10-24T16:54:52.051Z",
                    "end": "2017-10-24T16:55:48.177Z"
                },
                "type": "SCRUB",
                "source": "data:drag",
                "_t": "10:54:52",
                "_end": "10:55:48",
                "data": {
                    "time": 61.955875
                }
            },
            {
                "time": "2017-10-24T16:55:48.818Z",
                "type": "PAUSE",
                "source": "hotkey",
                "_t": "10:55:48",
                "_end": "-",
                "data": {
                    "key": "space"
                }
            },
            {
                "time": "2017-10-24T16:55:49.635Z",
                "type": "PLAY",
                "source": "hotkey",
                "_t": "10:55:49",
                "_end": "-",
                "data": {
                    "key": "space"
                }
            },
            {
                "time": "2017-10-24T16:55:54.196Z",
                "type": "PAUSE",
                "source": "hotkey",
                "_t": "10:55:54",
                "_end": "-",
                "data": {
                    "key": "space"
                }
            },
            {
                "time": {
                    "start": "2017-10-24T16:54:52.051Z",
                    "end": "2017-10-24T16:55:56.051Z"
                },
                "type": "SCRUB",
                "source": "data:drag",
                "_t": "10:54:52",
                "_end": "10:55:56",
                "data": {
                    "time": 69.737166
                }
            },
            {
                "time": "2017-10-24T16:55:56.580Z",
                "type": "PLAY",
                "source": "hotkey",
                "_t": "10:55:56",
                "_end": "-",
                "data": {
                    "key": "space"
                }
            },
            {
                "time": {
                    "start": "2017-10-24T16:54:52.051Z",
                    "end": "2017-10-24T16:55:57.418Z"
                },
                "type": "SCRUB",
                "source": "data:drag",
                "_t": "10:54:52",
                "_end": "10:55:57",
                "data": {
                    "time": 70.993288
                }
            },
            {
                "time": {
                    "start": "2017-10-24T16:54:52.051Z",
                    "end": "2017-10-24T16:55:58.017Z"
                },
                "type": "SCRUB",
                "source": "data:drag",
                "_t": "10:54:52",
                "_end": "10:55:58",
                "data": {
                    "time": 71.882588
                }
            },
            {
                "time": {
                    "start": "2017-10-24T16:54:52.051Z",
                    "end": "2017-10-24T16:55:59.865Z"
                },
                "type": "SCRUB",
                "source": "data:drag",
                "_t": "10:54:52",
                "_end": "10:55:59",
                "data": {
                    "time": 108.633898
                }
            },
            {
                "time": {
                    "start": "2017-10-24T16:54:52.051Z",
                    "end": "2017-10-24T16:56:02.146Z"
                },
                "type": "SCRUB",
                "source": "data:drag",
                "_t": "10:54:52",
                "_end": "10:56:02",
                "data": {
                    "time": 124.328145
                }
            },
            {
                "time": "2017-10-24T16:56:10.548Z",
                "type": "PAUSE",
                "source": "hotkey",
                "_t": "10:56:10",
                "_end": "-",
                "data": {
                    "key": "space"
                }
            },
            {
                "time": {
                    "start": "2017-10-24T16:54:52.051Z",
                    "end": "2017-10-24T16:56:12.075Z"
                },
                "type": "SCRUB",
                "source": "data:drag",
                "_t": "10:54:52",
                "_end": "10:56:12",
                "data": {
                    "time": 136.92729
                }
            },
            {
                "time": {
                    "start": "2017-10-24T16:54:52.051Z",
                    "end": "2017-10-24T16:56:13.044Z"
                },
                "type": "SCRUB",
                "source": "data:drag",
                "_t": "10:54:52",
                "_end": "10:56:13",
                "data": {
                    "time": 172.799006
                }
            },
            {
                "time": {
                    "start": "2017-10-24T16:54:52.051Z",
                    "end": "2017-10-24T16:56:14.195Z"
                },
                "type": "SCRUB",
                "source": "data:drag",
                "_t": "10:54:52",
                "_end": "10:56:14",
                "data": {
                    "time": 172.799006
                }
            },
            {
                "time": {
                    "start": "2017-10-24T16:54:52.051Z",
                    "end": "2017-10-24T16:56:15.626Z"
                },
                "type": "SCRUB",
                "source": "data:drag",
                "_t": "10:54:52",
                "_end": "10:56:15",
                "data": {
                    "time": 177.15772
                }
            },
            {
                "time": "2017-10-24T16:56:16.261Z",
                "type": "PLAY",
                "source": "hotkey",
                "_t": "10:56:16",
                "_end": "-",
                "data": {
                    "key": "space"
                }
            },
            {
                "time": "2017-10-24T16:56:19.188Z",
                "type": "PAUSE",
                "source": "hotkey",
                "_t": "10:56:19",
                "_end": "-",
                "data": {
                    "key": "space"
                }
            },
            {
                "time": {
                    "start": "2017-10-24T16:54:52.051Z",
                    "end": "2017-10-24T16:56:20.291Z"
                },
                "type": "SCRUB",
                "source": "data:drag",
                "_t": "10:54:52",
                "_end": "10:56:20",
                "data": {
                    "time": 181.445818
                }
            },
            {
                "time": {
                    "start": "2017-10-24T16:54:52.051Z",
                    "end": "2017-10-24T16:56:20.969Z"
                },
                "type": "SCRUB",
                "source": "data:drag",
                "_t": "10:54:52",
                "_end": "10:56:20",
                "data": {
                    "time": 185.15323
                }
            },
            {
                "time": {
                    "start": "2017-10-24T16:54:52.051Z",
                    "end": "2017-10-24T16:56:21.754Z"
                },
                "type": "SCRUB",
                "source": "data:drag",
                "_t": "10:54:52",
                "_end": "10:56:21",
                "data": {
                    "time": 185.15323
                }
            },
            {
                "time": {
                    "start": "2017-10-24T16:54:52.051Z",
                    "end": "2017-10-24T16:56:22.882Z"
                },
                "type": "SCRUB",
                "source": "data:drag",
                "_t": "10:54:52",
                "_end": "10:56:22",
                "data": {
                    "time": 229.842575
                }
            },
            {
                "time": {
                    "start": "2017-10-24T16:54:52.051Z",
                    "end": "2017-10-24T16:56:24.075Z"
                },
                "type": "SCRUB",
                "source": "data:drag",
                "_t": "10:54:52",
                "_end": "10:56:24",
                "data": {
                    "time": 266.866595
                }
            },
            {
                "time": "2017-10-24T16:56:24.340Z",
                "type": "PLAY",
                "source": "hotkey",
                "_t": "10:56:24",
                "_end": "-",
                "data": {
                    "key": "space"
                }
            },
            {
                "time": "2017-10-24T16:56:32.881Z",
                "type": "PAUSE",
                "source": "hotkey",
                "_t": "10:56:32",
                "_end": "-",
                "data": {
                    "key": "space"
                }
            },
            {
                "time": {
                    "start": "2017-10-24T16:54:52.051Z",
                    "end": "2017-10-24T16:56:33.978Z"
                },
                "type": "SCRUB",
                "source": "data:drag",
                "_t": "10:54:52",
                "_end": "10:56:33",
                "data": {
                    "time": 279.577629
                }
            },
            {
                "time": {
                    "start": "2017-10-24T16:54:52.051Z",
                    "end": "2017-10-24T16:56:34.515Z"
                },
                "type": "SCRUB",
                "source": "data:drag",
                "_t": "10:54:52",
                "_end": "10:56:34",
                "data": {
                    "time": 279.577629
                }
            },
            {
                "time": {
                    "start": "2017-10-24T16:54:52.051Z",
                    "end": "2017-10-24T16:56:35.704Z"
                },
                "type": "SCRUB",
                "source": "data:drag",
                "_t": "10:54:52",
                "_end": "10:56:35",
                "data": {
                    "time": 326.32108
                }
            },
            {
                "time": {
                    "start": "2017-10-24T16:54:52.051Z",
                    "end": "2017-10-24T16:56:36.986Z"
                },
                "type": "SCRUB",
                "source": "data:drag",
                "_t": "10:54:52",
                "_end": "10:56:36",
                "data": {
                    "time": 329.828091
                }
            },
            {
                "time": "2017-10-24T16:56:37.571Z",
                "type": "PLAY",
                "source": "hotkey",
                "_t": "10:56:37",
                "_end": "-",
                "data": {
                    "key": "space"
                }
            },
            {
                "time": "2017-10-24T16:56:41.631Z",
                "type": "PAUSE",
                "source": "hotkey",
                "_t": "10:56:41",
                "_end": "-",
                "data": {
                    "key": "space"
                }
            },
            {
                "time": {
                    "start": "2017-10-24T16:54:52.051Z",
                    "end": "2017-10-24T16:56:42.570Z"
                },
                "type": "SCRUB",
                "source": "data:drag",
                "_t": "10:54:52",
                "_end": "10:56:42",
                "data": {
                    "time": 335.797988
                }
            },
            {
                "time": {
                    "start": "2017-10-24T16:54:52.051Z",
                    "end": "2017-10-24T16:56:43.005Z"
                },
                "type": "SCRUB",
                "source": "data:drag",
                "_t": "10:54:52",
                "_end": "10:56:43",
                "data": {
                    "time": 335.797988
                }
            },
            {
                "time": {
                    "start": "2017-10-24T16:54:52.051Z",
                    "end": "2017-10-24T16:56:43.803Z"
                },
                "type": "SCRUB",
                "source": "data:drag",
                "_t": "10:54:52",
                "_end": "10:56:43",
                "data": {
                    "time": 377.331022
                }
            },
            {
                "time": {
                    "start": "2017-10-24T16:54:52.051Z",
                    "end": "2017-10-24T16:56:44.700Z"
                },
                "type": "SCRUB",
                "source": "data:drag",
                "_t": "10:54:52",
                "_end": "10:56:44",
                "data": {
                    "time": 413.152638
                }
            },
            {
                "time": {
                    "start": "2017-10-24T16:54:52.051Z",
                    "end": "2017-10-24T16:56:47.266Z"
                },
                "type": "SCRUB",
                "source": "data:drag",
                "_t": "10:54:52",
                "_end": "10:56:47",
                "data": {
                    "time": 445.166641
                }
            },
            {
                "time": "2017-10-24T16:56:48.468Z",
                "type": "PLAY",
                "source": "hotkey",
                "_t": "10:56:48",
                "_end": "-",
                "data": {
                    "key": "space"
                }
            },
            {
                "time": "2017-10-24T16:56:51.843Z",
                "type": "PAUSE",
                "source": "hotkey",
                "_t": "10:56:51",
                "_end": "-",
                "data": {
                    "key": "space"
                }
            },
            {
                "time": {
                    "start": "2017-10-24T16:54:52.051Z",
                    "end": "2017-10-24T16:56:52.795Z"
                },
                "type": "SCRUB",
                "source": "data:drag",
                "_t": "10:54:52",
                "_end": "10:56:52",
                "data": {
                    "time": 450.120633
                }
            },
            {
                "time": {
                    "start": "2017-10-24T16:54:52.051Z",
                    "end": "2017-10-24T16:56:53.477Z"
                },
                "type": "SCRUB",
                "source": "data:drag",
                "_t": "10:54:52",
                "_end": "10:56:53",
                "data": {
                    "time": 450.120633
                }
            },
            {
                "time": {
                    "start": "2017-10-24T16:54:52.051Z",
                    "end": "2017-10-24T16:56:54.628Z"
                },
                "type": "SCRUB",
                "source": "data:drag",
                "_t": "10:54:52",
                "_end": "10:56:54",
                "data": {
                    "time": 491.803968
                }
            },
            {
                "time": {
                    "start": "2017-10-24T16:54:52.051Z",
                    "end": "2017-10-24T16:56:55.548Z"
                },
                "type": "SCRUB",
                "source": "data:drag",
                "_t": "10:54:52",
                "_end": "10:56:55",
                "data": {
                    "time": 526.222779
                }
            },
            {
                "time": {
                    "start": "2017-10-24T16:54:52.051Z",
                    "end": "2017-10-24T16:56:58.251Z"
                },
                "type": "SCRUB",
                "source": "data:drag",
                "_t": "10:54:52",
                "_end": "10:56:58",
                "data": {
                    "time": 561.843993
                }
            },
            {
                "time": "2017-10-24T16:57:00.373Z",
                "type": "PLAY",
                "source": "hotkey",
                "_t": "10:57:00",
                "_end": "-",
                "data": {
                    "key": "space"
                }
            },
            {
                "time": "2017-10-24T16:57:08.532Z",
                "type": "PAUSE",
                "source": "hotkey",
                "_t": "10:57:08",
                "_end": "-",
                "data": {
                    "key": "space"
                }
            },
            {
                "time": {
                    "start": "2017-10-24T16:54:52.051Z",
                    "end": "2017-10-24T16:57:10.959Z"
                },
                "type": "SCRUB",
                "source": "data:drag",
                "_t": "10:54:52",
                "_end": "10:57:10",
                "data": {
                    "time": 573.974537
                }
            },
            {
                "time": {
                    "start": "2017-10-24T16:54:52.051Z",
                    "end": "2017-10-24T16:57:11.437Z"
                },
                "type": "SCRUB",
                "source": "data:drag",
                "_t": "10:54:52",
                "_end": "10:57:11",
                "data": {
                    "time": 574.024637
                }
            },
            {
                "time": {
                    "start": "2017-10-24T16:54:52.051Z",
                    "end": "2017-10-24T16:57:11.962Z"
                },
                "type": "SCRUB",
                "source": "data:drag",
                "_t": "10:54:52",
                "_end": "10:57:11",
                "data": {
                    "time": 574.024637
                }
            },
            {
                "time": {
                    "start": "2017-10-24T16:54:52.051Z",
                    "end": "2017-10-24T16:57:12.547Z"
                },
                "type": "SCRUB",
                "source": "data:drag",
                "_t": "10:54:52",
                "_end": "10:57:12",
                "data": {
                    "time": 574.024637
                }
            },
            {
                "time": {
                    "start": "2017-10-24T16:54:52.051Z",
                    "end": "2017-10-24T16:57:13.082Z"
                },
                "type": "SCRUB",
                "source": "data:drag",
                "_t": "10:54:52",
                "_end": "10:57:13",
                "data": {
                    "time": 573.673935
                }
            },
            {
                "time": {
                    "start": "2017-10-24T16:54:52.051Z",
                    "end": "2017-10-24T16:57:13.243Z"
                },
                "type": "SCRUB",
                "source": "data:drag",
                "_t": "10:54:52",
                "_end": "10:57:13",
                "data": {
                    "time": 573.673935
                }
            },
            {
                "time": {
                    "start": "2017-10-24T16:54:52.051Z",
                    "end": "2017-10-24T16:57:13.722Z"
                },
                "type": "SCRUB",
                "source": "data:drag",
                "_t": "10:54:52",
                "_end": "10:57:13",
                "data": {
                    "time": 573.673935
                }
            },
            {
                "time": {
                    "start": "2017-10-24T16:54:52.051Z",
                    "end": "2017-10-24T16:57:16.550Z"
                },
                "type": "SCRUB",
                "source": "data:drag",
                "_t": "10:54:52",
                "_end": "10:57:16",
                "data": {
                    "time": 573.673935
                }
            },
            {
                "time": "2017-10-24T16:57:17.045Z",
                "type": "PLAY",
                "source": "hotkey",
                "_t": "10:57:17",
                "_end": "-",
                "data": {
                    "key": "space"
                }
            },
            {
                "time": {
                    "start": "2017-10-24T16:54:52.051Z",
                    "end": "2017-10-24T16:57:17.662Z"
                },
                "type": "SCRUB",
                "source": "data:drag",
                "_t": "10:54:52",
                "_end": "10:57:17",
                "data": {
                    "time": 574.48215
                }
            },
            {
                "time": {
                    "start": "2017-10-24T16:54:52.051Z",
                    "end": "2017-10-24T16:57:19.540Z"
                },
                "type": "SCRUB",
                "source": "data:drag",
                "_t": "10:54:52",
                "_end": "10:57:19",
                "data": {
                    "time": 609.779833
                }
            }
        ]
    }
}