[{"time":44.849908,"endTime":52.88615904878046,"type":"pill","id":1},{"time":64.481085,"endTime":69.473131,"type":"move","id":2},{"time":64.481085,"endTime":64.481085,"type":"move","id":3},{"time":126.467095,"endTime":136.776412,"type":"pill","id":4},{"time":126.467095,"endTime":126.467095,"type":"pill","id":5},{"time":178.423958,"endTime":181.138499,"type":"move","id":6},{"time":178.423958,"endTime":178.423958,"type":"move","id":7},{"time":269.601502,"endTime":279.249548,"type":"pill","id":8},{"time":269.601502,"endTime":269.601502,"type":"pill","id":9},{"time":330.793831,"endTime":335.533983,"type":"move","id":10},{"time":330.793831,"endTime":330.793831,"type":"move","id":11},{"time":446.480776,"endTime":449.886065,"type":"move","id":12},{"time":446.480776,"endTime":446.480776,"type":"move","id":13},{"time":564.0985003170742,"endTime":573.8242365121951,"type":"pill","id":14}]