{
    "user_id": "018",
    "session_id": "59ee66bf227e0c69a024564d",
    "study": "studyD",
    "workspace": "pill.pills-pink",
    "details": {
        "workspace": "pill.pills-pink",
        "labels": [
            {
                "time": 0.561365,
                "endTime": 2.765772154471552,
                "type": "move",
                "id": 1
            },
            {
                "time": 45.22456,
                "endTime": 53.04018536585365,
                "type": "pill",
                "id": 2
            },
            {
                "time": 63.91192,
                "endTime": 68.97203642276423,
                "type": "move",
                "id": 3
            },
            {
                "time": 125.83572,
                "endTime": 136.40685430894308,
                "type": "pill",
                "id": 4
            },
            {
                "time": 178.090189,
                "endTime": 180.7955977804878,
                "type": "move",
                "id": 5
            },
            {
                "time": 269.773486,
                "endTime": 278.8917155934959,
                "type": "pill",
                "id": 6
            },
            {
                "time": 331.045984,
                "endTime": 334.8535963577236,
                "type": "move",
                "id": 7
            },
            {
                "time": 446.727258,
                "endTime": 449.08196564227643,
                "type": "move",
                "id": 8
            },
            {
                "time": 564.212139,
                "endTime": 573.1299679430894,
                "type": "pill",
                "id": 9
            },
            {
                "time": 608.600883,
                "endTime": 613.2100979593495,
                "type": "move",
                "id": 10
            }
        ],
        "_starts": [
            "2017-10-24T16:56:38.000Z"
        ],
        "_ends": [
            "2017-10-24T16:58:01.830Z"
        ]
    },
    "labels_file": "/home/ubuntu/vat/data/user-studies/studyD/pills-pink/018.labels.json",
    "videoFlash": 0.561365,
    "surveys": {},
    "logs": {
        "labelEvents": [
            {
                "time": "2017-10-24T16:56:48.994Z",
                "type": "START",
                "source": "side-bar:button",
                "_t": "10:56:48",
                "_end": "-",
                "data": {
                    "type": "move",
                    "time": 0.561365
                }
            },
            {
                "time": "2017-10-24T16:56:50.818Z",
                "type": "END",
                "source": "data:click:h_pos",
                "_t": "10:56:50",
                "_end": "-",
                "data": {
                    "lbl": {
                        "time": 0.561365,
                        "endTime": 2.765772154471552,
                        "type": "move",
                        "id": 1
                    }
                }
            },
            {
                "time": "2017-10-24T16:57:01.185Z",
                "type": "START",
                "source": "side-bar:button",
                "_t": "10:57:01",
                "_end": "-",
                "data": {
                    "type": "pill",
                    "time": 45.22456
                }
            },
            {
                "time": "2017-10-24T16:57:03.248Z",
                "type": "END",
                "source": "data:click:h_pos",
                "_t": "10:57:03",
                "_end": "-",
                "data": {
                    "lbl": {
                        "time": 45.22456,
                        "endTime": 53.04018536585365,
                        "type": "pill",
                        "id": 2
                    }
                }
            },
            {
                "time": "2017-10-24T16:57:06.098Z",
                "type": "START",
                "source": "side-bar:button",
                "_t": "10:57:06",
                "_end": "-",
                "data": {
                    "type": "move",
                    "time": 63.91192
                }
            },
            {
                "time": "2017-10-24T16:57:08.514Z",
                "type": "END",
                "source": "data:click:h_pos",
                "_t": "10:57:08",
                "_end": "-",
                "data": {
                    "lbl": {
                        "time": 63.91192,
                        "endTime": 68.97203642276423,
                        "type": "move",
                        "id": 3
                    }
                }
            },
            {
                "time": "2017-10-24T16:57:14.826Z",
                "type": "START",
                "source": "side-bar:button",
                "_t": "10:57:14",
                "_end": "-",
                "data": {
                    "type": "pill",
                    "time": 125.83572
                }
            },
            {
                "time": "2017-10-24T16:57:16.681Z",
                "type": "END",
                "source": "data:click:h_pos",
                "_t": "10:57:16",
                "_end": "-",
                "data": {
                    "lbl": {
                        "time": 125.83572,
                        "endTime": 136.40685430894308,
                        "type": "pill",
                        "id": 4
                    }
                }
            },
            {
                "time": "2017-10-24T16:57:20.114Z",
                "type": "START",
                "source": "side-bar:button",
                "_t": "10:57:20",
                "_end": "-",
                "data": {
                    "type": "move",
                    "time": 178.090189
                }
            },
            {
                "time": "2017-10-24T16:57:22.274Z",
                "type": "END",
                "source": "data:click:h_pos",
                "_t": "10:57:22",
                "_end": "-",
                "data": {
                    "lbl": {
                        "time": 178.090189,
                        "endTime": 180.7955977804878,
                        "type": "move",
                        "id": 5
                    }
                }
            },
            {
                "time": "2017-10-24T16:57:27.747Z",
                "type": "START",
                "source": "side-bar:button",
                "_t": "10:57:27",
                "_end": "-",
                "data": {
                    "type": "pill",
                    "time": 269.773486
                }
            },
            {
                "time": "2017-10-24T16:57:29.867Z",
                "type": "END",
                "source": "data:click:h_pos",
                "_t": "10:57:29",
                "_end": "-",
                "data": {
                    "lbl": {
                        "time": 269.773486,
                        "endTime": 278.8917155934959,
                        "type": "pill",
                        "id": 6
                    }
                }
            },
            {
                "time": "2017-10-24T16:57:35.636Z",
                "type": "START",
                "source": "side-bar:button",
                "_t": "10:57:35",
                "_end": "-",
                "data": {
                    "type": "move",
                    "time": 331.045984
                }
            },
            {
                "time": "2017-10-24T16:57:37.570Z",
                "type": "END",
                "source": "data:click:h_pos",
                "_t": "10:57:37",
                "_end": "-",
                "data": {
                    "lbl": {
                        "time": 331.045984,
                        "endTime": 334.8535963577236,
                        "type": "move",
                        "id": 7
                    }
                }
            },
            {
                "time": "2017-10-24T16:57:44.620Z",
                "type": "START",
                "source": "side-bar:button",
                "_t": "10:57:44",
                "_end": "-",
                "data": {
                    "type": "move",
                    "time": 446.727258
                }
            },
            {
                "time": "2017-10-24T16:57:46.105Z",
                "type": "END",
                "source": "data:click:h_pos",
                "_t": "10:57:46",
                "_end": "-",
                "data": {
                    "lbl": {
                        "time": 446.727258,
                        "endTime": 449.08196564227643,
                        "type": "move",
                        "id": 8
                    }
                }
            },
            {
                "time": "2017-10-24T16:57:51.939Z",
                "type": "START",
                "source": "side-bar:button",
                "_t": "10:57:51",
                "_end": "-",
                "data": {
                    "type": "pill",
                    "time": 564.212139
                }
            },
            {
                "time": "2017-10-24T16:57:53.697Z",
                "type": "END",
                "source": "data:click:h_pos",
                "_t": "10:57:53",
                "_end": "-",
                "data": {
                    "lbl": {
                        "time": 564.212139,
                        "endTime": 573.1299679430894,
                        "type": "pill",
                        "id": 9
                    }
                }
            },
            {
                "time": "2017-10-24T16:57:56.844Z",
                "type": "START",
                "source": "side-bar:button",
                "_t": "10:57:56",
                "_end": "-",
                "data": {
                    "type": "move",
                    "time": 608.600883
                }
            },
            {
                "time": "2017-10-24T16:57:59.501Z",
                "type": "END",
                "source": "data:click:h_pos",
                "_t": "10:57:59",
                "_end": "-",
                "data": {
                    "lbl": {
                        "time": 608.600883,
                        "endTime": 613.2100979593495,
                        "type": "move",
                        "id": 10
                    }
                }
            }
        ],
        "navigationEvents": [
            {
                "time": {
                    "start": "2017-10-24T16:56:38.358Z",
                    "end": "2017-10-24T16:56:46.022Z"
                },
                "type": "SCRUB",
                "source": "data:drag",
                "_t": "10:56:38",
                "_end": "10:56:46",
                "data": {
                    "time": 0.561365
                }
            },
            {
                "time": {
                    "start": "2017-10-24T16:56:38.358Z",
                    "end": "2017-10-24T16:56:50.814Z"
                },
                "type": "SCRUB",
                "source": "data:drag",
                "_t": "10:56:38",
                "_end": "10:56:50",
                "data": {
                    "time": 0.561365
                }
            },
            {
                "time": {
                    "start": "2017-10-24T16:56:38.358Z",
                    "end": "2017-10-24T16:56:56.024Z"
                },
                "type": "SCRUB",
                "source": "data:drag",
                "_t": "10:56:38",
                "_end": "10:56:56",
                "data": {
                    "time": 4.484486
                }
            },
            {
                "time": {
                    "start": "2017-10-24T16:56:38.358Z",
                    "end": "2017-10-24T16:56:56.569Z"
                },
                "type": "SCRUB",
                "source": "data:drag",
                "_t": "10:56:38",
                "_end": "10:56:56",
                "data": {
                    "time": 4.779615
                }
            },
            {
                "time": "2017-10-24T16:56:57.376Z",
                "type": "PAUSE",
                "source": "hotkey",
                "_t": "10:56:57",
                "_end": "-",
                "data": {
                    "key": "space"
                }
            },
            {
                "time": {
                    "start": "2017-10-24T16:56:38.358Z",
                    "end": "2017-10-24T16:56:59.089Z"
                },
                "type": "SCRUB",
                "source": "data:drag",
                "_t": "10:56:38",
                "_end": "10:56:59",
                "data": {
                    "time": 5.595332
                }
            },
            {
                "time": {
                    "start": "2017-10-24T16:56:38.358Z",
                    "end": "2017-10-24T16:56:59.257Z"
                },
                "type": "SCRUB",
                "source": "data:drag",
                "_t": "10:56:38",
                "_end": "10:56:59",
                "data": {
                    "time": 5.595332
                }
            },
            {
                "time": "2017-10-24T16:56:59.263Z",
                "type": "JUMP",
                "source": "data:dblclick:h_pos",
                "_t": "10:56:59",
                "_end": "-",
                "data": {
                    "from": 5.595332,
                    "to": 45.22456061788617
                }
            },
            {
                "time": {
                    "start": "2017-10-24T16:56:38.358Z",
                    "end": "2017-10-24T16:57:03.245Z"
                },
                "type": "SCRUB",
                "source": "data:drag",
                "_t": "10:56:38",
                "_end": "10:57:03",
                "data": {
                    "time": 45.22456
                }
            },
            {
                "time": {
                    "start": "2017-10-24T16:56:38.358Z",
                    "end": "2017-10-24T16:57:04.233Z"
                },
                "type": "SCRUB",
                "source": "data:drag",
                "_t": "10:56:38",
                "_end": "10:57:04",
                "data": {
                    "time": 45.22456
                }
            },
            {
                "time": {
                    "start": "2017-10-24T16:56:38.358Z",
                    "end": "2017-10-24T16:57:04.401Z"
                },
                "type": "SCRUB",
                "source": "data:drag",
                "_t": "10:56:38",
                "_end": "10:57:04",
                "data": {
                    "time": 45.22456
                }
            },
            {
                "time": "2017-10-24T16:57:04.407Z",
                "type": "JUMP",
                "source": "data:dblclick:h_pos",
                "_t": "10:57:04",
                "_end": "-",
                "data": {
                    "from": 45.22456,
                    "to": 63.91192065040649
                }
            },
            {
                "time": {
                    "start": "2017-10-24T16:56:38.358Z",
                    "end": "2017-10-24T16:57:08.513Z"
                },
                "type": "SCRUB",
                "source": "data:drag",
                "_t": "10:56:38",
                "_end": "10:57:08",
                "data": {
                    "time": 63.91192
                }
            },
            {
                "time": {
                    "start": "2017-10-24T16:56:38.358Z",
                    "end": "2017-10-24T16:57:09.729Z"
                },
                "type": "SCRUB",
                "source": "data:drag",
                "_t": "10:56:38",
                "_end": "10:57:09",
                "data": {
                    "time": 63.91192
                }
            },
            {
                "time": {
                    "start": "2017-10-24T16:56:38.358Z",
                    "end": "2017-10-24T16:57:09.873Z"
                },
                "type": "SCRUB",
                "source": "data:drag",
                "_t": "10:56:38",
                "_end": "10:57:09",
                "data": {
                    "time": 63.91192
                }
            },
            {
                "time": "2017-10-24T16:57:09.879Z",
                "type": "JUMP",
                "source": "data:dblclick:h_pos",
                "_t": "10:57:09",
                "_end": "-",
                "data": {
                    "from": 63.91192,
                    "to": 88.160398699187
                }
            },
            {
                "time": {
                    "start": "2017-10-24T16:56:38.358Z",
                    "end": "2017-10-24T16:57:12.697Z"
                },
                "type": "SCRUB",
                "source": "data:drag",
                "_t": "10:56:38",
                "_end": "10:57:12",
                "data": {
                    "time": 88.160398
                }
            },
            {
                "time": {
                    "start": "2017-10-24T16:56:38.358Z",
                    "end": "2017-10-24T16:57:12.881Z"
                },
                "type": "SCRUB",
                "source": "data:drag",
                "_t": "10:56:38",
                "_end": "10:57:12",
                "data": {
                    "time": 88.160398
                }
            },
            {
                "time": "2017-10-24T16:57:12.887Z",
                "type": "JUMP",
                "source": "data:dblclick:h_pos",
                "_t": "10:57:12",
                "_end": "-",
                "data": {
                    "from": 88.160398,
                    "to": 125.83572027642275
                }
            },
            {
                "time": {
                    "start": "2017-10-24T16:56:38.358Z",
                    "end": "2017-10-24T16:57:16.678Z"
                },
                "type": "SCRUB",
                "source": "data:drag",
                "_t": "10:56:38",
                "_end": "10:57:16",
                "data": {
                    "time": 125.83572
                }
            },
            {
                "time": {
                    "start": "2017-10-24T16:56:38.358Z",
                    "end": "2017-10-24T16:57:18.249Z"
                },
                "type": "SCRUB",
                "source": "data:drag",
                "_t": "10:56:38",
                "_end": "10:57:18",
                "data": {
                    "time": 125.83572
                }
            },
            {
                "time": {
                    "start": "2017-10-24T16:56:38.358Z",
                    "end": "2017-10-24T16:57:18.410Z"
                },
                "type": "SCRUB",
                "source": "data:drag",
                "_t": "10:56:38",
                "_end": "10:57:18",
                "data": {
                    "time": 125.83572
                }
            },
            {
                "time": "2017-10-24T16:57:18.416Z",
                "type": "JUMP",
                "source": "data:dblclick:h_pos",
                "_t": "10:57:18",
                "_end": "-",
                "data": {
                    "from": 125.83572,
                    "to": 178.0901895934959
                }
            },
            {
                "time": {
                    "start": "2017-10-24T16:56:38.358Z",
                    "end": "2017-10-24T16:57:22.271Z"
                },
                "type": "SCRUB",
                "source": "data:drag",
                "_t": "10:56:38",
                "_end": "10:57:22",
                "data": {
                    "time": 178.090189
                }
            },
            {
                "time": {
                    "start": "2017-10-24T16:56:38.358Z",
                    "end": "2017-10-24T16:57:23.345Z"
                },
                "type": "SCRUB",
                "source": "data:drag",
                "_t": "10:56:38",
                "_end": "10:57:23",
                "data": {
                    "time": 178.090189
                }
            },
            {
                "time": {
                    "start": "2017-10-24T16:56:38.358Z",
                    "end": "2017-10-24T16:57:23.537Z"
                },
                "type": "SCRUB",
                "source": "data:drag",
                "_t": "10:56:38",
                "_end": "10:57:23",
                "data": {
                    "time": 178.090189
                }
            },
            {
                "time": "2017-10-24T16:57:23.544Z",
                "type": "JUMP",
                "source": "data:dblclick:h_pos",
                "_t": "10:57:23",
                "_end": "-",
                "data": {
                    "from": 178.090189,
                    "to": 239.21238737398377
                }
            },
            {
                "time": {
                    "start": "2017-10-24T16:56:38.358Z",
                    "end": "2017-10-24T16:57:26.162Z"
                },
                "type": "SCRUB",
                "source": "data:drag",
                "_t": "10:56:38",
                "_end": "10:57:26",
                "data": {
                    "time": 239.212387
                }
            },
            {
                "time": {
                    "start": "2017-10-24T16:56:38.358Z",
                    "end": "2017-10-24T16:57:26.344Z"
                },
                "type": "SCRUB",
                "source": "data:drag",
                "_t": "10:56:38",
                "_end": "10:57:26",
                "data": {
                    "time": 239.212387
                }
            },
            {
                "time": "2017-10-24T16:57:26.348Z",
                "type": "JUMP",
                "source": "data:dblclick:h_pos",
                "_t": "10:57:26",
                "_end": "-",
                "data": {
                    "from": 239.212387,
                    "to": 269.77348618699193
                }
            },
            {
                "time": {
                    "start": "2017-10-24T16:56:38.358Z",
                    "end": "2017-10-24T16:57:29.864Z"
                },
                "type": "SCRUB",
                "source": "data:drag",
                "_t": "10:56:38",
                "_end": "10:57:29",
                "data": {
                    "time": 269.773486
                }
            },
            {
                "time": {
                    "start": "2017-10-24T16:56:38.358Z",
                    "end": "2017-10-24T16:57:31.377Z"
                },
                "type": "SCRUB",
                "source": "data:drag",
                "_t": "10:56:38",
                "_end": "10:57:31",
                "data": {
                    "time": 269.773486
                }
            },
            {
                "time": {
                    "start": "2017-10-24T16:56:38.358Z",
                    "end": "2017-10-24T16:57:31.569Z"
                },
                "type": "SCRUB",
                "source": "data:drag",
                "_t": "10:56:38",
                "_end": "10:57:31",
                "data": {
                    "time": 269.773486
                }
            },
            {
                "time": "2017-10-24T16:57:31.576Z",
                "type": "JUMP",
                "source": "data:dblclick:h_pos",
                "_t": "10:57:31",
                "_end": "-",
                "data": {
                    "from": 269.773486,
                    "to": 330.64518356097557
                }
            },
            {
                "time": {
                    "start": "2017-10-24T16:56:38.358Z",
                    "end": "2017-10-24T16:57:33.897Z"
                },
                "type": "SCRUB",
                "source": "data:drag",
                "_t": "10:56:38",
                "_end": "10:57:33",
                "data": {
                    "time": 330.645183
                }
            },
            {
                "time": {
                    "start": "2017-10-24T16:56:38.358Z",
                    "end": "2017-10-24T16:57:34.074Z"
                },
                "type": "SCRUB",
                "source": "data:drag",
                "_t": "10:56:38",
                "_end": "10:57:34",
                "data": {
                    "time": 330.645183
                }
            },
            {
                "time": "2017-10-24T16:57:34.079Z",
                "type": "JUMP",
                "source": "data:dblclick:h_pos",
                "_t": "10:57:34",
                "_end": "-",
                "data": {
                    "from": 330.645183,
                    "to": 331.04598430081296
                }
            },
            {
                "time": {
                    "start": "2017-10-24T16:56:38.358Z",
                    "end": "2017-10-24T16:57:37.567Z"
                },
                "type": "SCRUB",
                "source": "data:drag",
                "_t": "10:56:38",
                "_end": "10:57:37",
                "data": {
                    "time": 331.045984
                }
            },
            {
                "time": {
                    "start": "2017-10-24T16:56:38.358Z",
                    "end": "2017-10-24T16:57:39.417Z"
                },
                "type": "SCRUB",
                "source": "data:drag",
                "_t": "10:56:38",
                "_end": "10:57:39",
                "data": {
                    "time": 331.045984
                }
            },
            {
                "time": {
                    "start": "2017-10-24T16:56:38.358Z",
                    "end": "2017-10-24T16:57:39.584Z"
                },
                "type": "SCRUB",
                "source": "data:drag",
                "_t": "10:56:38",
                "_end": "10:57:39",
                "data": {
                    "time": 331.045984
                }
            },
            {
                "time": "2017-10-24T16:57:39.589Z",
                "type": "JUMP",
                "source": "data:dblclick:h_pos",
                "_t": "10:57:39",
                "_end": "-",
                "data": {
                    "from": 331.045984,
                    "to": 391.91768156097555
                }
            },
            {
                "time": {
                    "start": "2017-10-24T16:56:38.358Z",
                    "end": "2017-10-24T16:57:43.249Z"
                },
                "type": "SCRUB",
                "source": "data:drag",
                "_t": "10:56:38",
                "_end": "10:57:43",
                "data": {
                    "time": 391.917681
                }
            },
            {
                "time": {
                    "start": "2017-10-24T16:56:38.358Z",
                    "end": "2017-10-24T16:57:43.434Z"
                },
                "type": "SCRUB",
                "source": "data:drag",
                "_t": "10:56:38",
                "_end": "10:57:43",
                "data": {
                    "time": 391.917681
                }
            },
            {
                "time": "2017-10-24T16:57:43.440Z",
                "type": "JUMP",
                "source": "data:dblclick:h_pos",
                "_t": "10:57:43",
                "_end": "-",
                "data": {
                    "from": 391.917681,
                    "to": 446.7272588861789
                }
            },
            {
                "time": {
                    "start": "2017-10-24T16:56:38.358Z",
                    "end": "2017-10-24T16:57:46.102Z"
                },
                "type": "SCRUB",
                "source": "data:drag",
                "_t": "10:56:38",
                "_end": "10:57:46",
                "data": {
                    "time": 446.727258
                }
            },
            {
                "time": {
                    "start": "2017-10-24T16:56:38.358Z",
                    "end": "2017-10-24T16:57:47.729Z"
                },
                "type": "SCRUB",
                "source": "data:drag",
                "_t": "10:56:38",
                "_end": "10:57:47",
                "data": {
                    "time": 446.727258
                }
            },
            {
                "time": {
                    "start": "2017-10-24T16:56:38.358Z",
                    "end": "2017-10-24T16:57:47.898Z"
                },
                "type": "SCRUB",
                "source": "data:drag",
                "_t": "10:56:38",
                "_end": "10:57:47",
                "data": {
                    "time": 446.727258
                }
            },
            {
                "time": "2017-10-24T16:57:47.906Z",
                "type": "JUMP",
                "source": "data:dblclick:h_pos",
                "_t": "10:57:47",
                "_end": "-",
                "data": {
                    "from": 446.727258,
                    "to": 507.74925604878047
                }
            },
            {
                "time": {
                    "start": "2017-10-24T16:56:38.358Z",
                    "end": "2017-10-24T16:57:49.905Z"
                },
                "type": "SCRUB",
                "source": "data:drag",
                "_t": "10:56:38",
                "_end": "10:57:49",
                "data": {
                    "time": 507.749256
                }
            },
            {
                "time": {
                    "start": "2017-10-24T16:56:38.358Z",
                    "end": "2017-10-24T16:57:50.082Z"
                },
                "type": "SCRUB",
                "source": "data:drag",
                "_t": "10:56:38",
                "_end": "10:57:50",
                "data": {
                    "time": 507.749256
                }
            },
            {
                "time": "2017-10-24T16:57:50.090Z",
                "type": "JUMP",
                "source": "data:dblclick:h_pos",
                "_t": "10:57:50",
                "_end": "-",
                "data": {
                    "from": 507.749256,
                    "to": 564.2121392520326
                }
            },
            {
                "time": {
                    "start": "2017-10-24T16:56:38.358Z",
                    "end": "2017-10-24T16:57:53.694Z"
                },
                "type": "SCRUB",
                "source": "data:drag",
                "_t": "10:56:38",
                "_end": "10:57:53",
                "data": {
                    "time": 564.212139
                }
            },
            {
                "time": {
                    "start": "2017-10-24T16:56:38.358Z",
                    "end": "2017-10-24T16:57:54.962Z"
                },
                "type": "SCRUB",
                "source": "data:drag",
                "_t": "10:56:38",
                "_end": "10:57:54",
                "data": {
                    "time": 564.212139
                }
            },
            {
                "time": {
                    "start": "2017-10-24T16:56:38.358Z",
                    "end": "2017-10-24T16:57:55.153Z"
                },
                "type": "SCRUB",
                "source": "data:drag",
                "_t": "10:56:38",
                "_end": "10:57:55",
                "data": {
                    "time": 564.212139
                }
            },
            {
                "time": "2017-10-24T16:57:55.159Z",
                "type": "JUMP",
                "source": "data:dblclick:h_pos",
                "_t": "10:57:55",
                "_end": "-",
                "data": {
                    "from": 564.212139,
                    "to": 608.6008830650406
                }
            },
            {
                "time": {
                    "start": "2017-10-24T16:56:38.358Z",
                    "end": "2017-10-24T16:57:59.498Z"
                },
                "type": "SCRUB",
                "source": "data:drag",
                "_t": "10:56:38",
                "_end": "10:57:59",
                "data": {
                    "time": 608.600883
                }
            },
            {
                "time": "2017-10-24T16:58:00.018Z",
                "type": "PLAY",
                "source": "hotkey",
                "_t": "10:58:00",
                "_end": "-",
                "data": {
                    "key": "space"
                }
            }
        ]
    }
}