{
    "user_id": "023",
    "session_id": "59ef83cc5efd4d725417b827",
    "study": "studyD",
    "workspace": "pill.pills-pink",
    "details": {
        "workspace": "pill.pills-pink",
        "labels": [],
        "_starts": [
            "2017-10-24T18:47:47.000Z",
            "2017-10-24T18:51:28.000Z"
        ],
        "_ends": [
            "2017-10-24T18:50:43.203Z",
            "2017-10-24T18:51:30.097Z",
            "2017-10-24T18:51:39.871Z"
        ]
    },
    "labels_file": "/home/ubuntu/vat/data/user-studies/studyD/pills-pink/023.labels.json",
    "videoFlash": 0.561365,
    "surveys": {
        "user-info": {
            "firstname": "Lincoln",
            "lastname": "Bergeson",
            "email": "lincoln.bergeson@gmail.com"
        },
        "practice-first": {
            "question1": "-2",
            "question2": "ok",
            "question3": "100",
            "question4": "2"
        },
        "practice-second": {},
        "practice-third": {},
        "practice-survey": {},
        "pill-blue": {
            "question1": "1",
            "question2": "-1",
            "question3": "70",
            "question4": "100"
        },
        "pill-red": {
            "question1": "-2",
            "question2": "-2",
            "question3": "40",
            "question4": "90"
        },
        "pill-orange": {
            "question1": "-1",
            "question2": "-1",
            "question3": "90",
            "question4": "90"
        },
        "pills-survey": {
            "question1": "2",
            "question2": "2",
            "question3": "2",
            "question4": "2"
        },
        "run-blue": {
            "question1": "1",
            "question2": "1",
            "question3": "80",
            "question4": "100"
        },
        "run-yellow": {
            "question1": "-1",
            "question2": "-1",
            "question3": "40",
            "question4": "80"
        },
        "run-red": {
            "question1": "1",
            "question2": "0",
            "question3": "100",
            "question4": "100"
        },
        "run-survey": {
            "question1": "2",
            "question2": "1",
            "question3": "2",
            "question4": "2"
        },
        "pills-pink": {
            "question1": "2",
            "question2": "0",
            "question3": "1",
            "question4": "-1"
        }
    },
    "logs": {
        "labelEvents": [
            {
                "time": "2017-10-24T18:48:09.112Z",
                "type": "START",
                "source": "hotkey",
                "_t": "12:48:09",
                "_end": "-",
                "data": {
                    "type": "move",
                    "time": 45.342613
                }
            },
            {
                "time": "2017-10-24T18:48:12.290Z",
                "type": "END",
                "source": "data:click:h_pos",
                "_t": "12:48:12",
                "_end": "-",
                "data": {
                    "lbl": {
                        "time": 45.342613,
                        "endTime": 53.10813820325134,
                        "type": "move",
                        "id": 1
                    }
                }
            },
            {
                "time": "2017-10-24T18:48:22.456Z",
                "type": "START",
                "source": "hotkey",
                "_t": "12:48:22",
                "_end": "-",
                "data": {
                    "type": "pill",
                    "time": 63.829572
                }
            },
            {
                "time": "2017-10-24T18:48:24.849Z",
                "type": "END",
                "source": "data:click:h_pos",
                "_t": "12:48:24",
                "_end": "-",
                "data": {
                    "lbl": {
                        "time": 63.829572,
                        "endTime": 69.03998891056925,
                        "type": "pill",
                        "id": 2
                    }
                }
            },
            {
                "time": "2017-10-24T18:48:33.608Z",
                "type": "START",
                "source": "hotkey",
                "_t": "12:48:33",
                "_end": "-",
                "data": {
                    "type": "move",
                    "time": 125.853572
                }
            },
            {
                "time": "2017-10-24T18:48:36.411Z",
                "type": "END",
                "source": "data:click:h_pos",
                "_t": "12:48:36",
                "_end": "-",
                "data": {
                    "lbl": {
                        "time": 125.853572,
                        "endTime": 136.4247063089384,
                        "type": "move",
                        "id": 3
                    }
                }
            },
            {
                "time": "2017-10-24T18:48:51.753Z",
                "type": "START",
                "source": "hotkey",
                "_t": "12:48:51",
                "_end": "-",
                "data": {
                    "type": "move",
                    "time": 178.25834
                }
            },
            {
                "time": "2017-10-24T18:49:06.612Z",
                "type": "END",
                "source": "data:click:h_pos",
                "_t": "12:49:06",
                "_end": "-",
                "data": {
                    "lbl": {
                        "time": 178.25834,
                        "endTime": 180.76334813008256,
                        "type": "move",
                        "id": 4
                    }
                }
            },
            {
                "time": "2017-10-24T18:49:14.137Z",
                "type": "START",
                "source": "hotkey",
                "_t": "12:49:14",
                "_end": "-",
                "data": {
                    "type": "pill",
                    "time": 269.741236
                }
            },
            {
                "time": "2017-10-24T18:49:18.251Z",
                "type": "END",
                "source": "data:click:h_pos",
                "_t": "12:49:18",
                "_end": "-",
                "data": {
                    "lbl": {
                        "time": 269.741236,
                        "endTime": 279.0598662439071,
                        "type": "move",
                        "id": 5
                    }
                }
            },
            {
                "time": "2017-10-24T18:49:26.922Z",
                "type": "SELECT",
                "source": "data:click",
                "_t": "12:49:26",
                "_end": "-",
                "data": {
                    "time": 269.741236,
                    "endTime": 279.0598662439071,
                    "type": "move",
                    "id": 5
                }
            },
            {
                "time": "2017-10-24T18:49:28.311Z",
                "type": "CHANGE-EVENT-TYPE",
                "source": "side-bar:menu",
                "_t": "12:49:28",
                "_end": "-",
                "data": {
                    "time": 269.741236,
                    "endTime": 279.0598662439071,
                    "type": "pill",
                    "id": 5
                }
            },
            {
                "time": "2017-10-24T18:49:31.993Z",
                "type": "START",
                "source": "hotkey",
                "_t": "12:49:31",
                "_end": "-",
                "data": {
                    "type": "pill",
                    "time": 331.214135
                }
            },
            {
                "time": "2017-10-24T18:49:35.422Z",
                "type": "END",
                "source": "data:click:h_pos",
                "_t": "12:49:35",
                "_end": "-",
                "data": {
                    "lbl": {
                        "time": 331.214135,
                        "endTime": 334.7712465447105,
                        "type": "pill",
                        "id": 6
                    }
                }
            },
            {
                "time": "2017-10-24T18:49:38.923Z",
                "type": "SELECT",
                "source": "data:click",
                "_t": "12:49:38",
                "_end": "-",
                "data": {
                    "time": 331.214135,
                    "endTime": 334.7712465447105,
                    "type": "pill",
                    "id": 6
                }
            },
            {
                "time": {
                    "start": "2017-10-24T18:49:39.873Z",
                    "end": "2017-10-24T18:49:43.553Z"
                },
                "type": "RESIZE",
                "source": "data:brush",
                "_t": "12:49:39",
                "_end": "12:49:43",
                "data": {
                    "brushing": true,
                    "origin": [
                        331.214135,
                        334.9215470325222
                    ],
                    "_brushside": 1,
                    "start": "2017-10-24T18:49:39.873Z",
                    "ε": 0.1,
                    "mode": "resize"
                }
            },
            {
                "time": "2017-10-24T18:49:47.042Z",
                "type": "DESELECT",
                "source": "data:click",
                "_t": "12:49:47",
                "_end": "-",
                "data": {
                    "time": 331.214135,
                    "endTime": 334.7712465447105,
                    "type": "pill",
                    "id": 6
                }
            },
            {
                "time": "2017-10-24T18:49:54.537Z",
                "type": "START",
                "source": "hotkey",
                "_t": "12:49:54",
                "_end": "-",
                "data": {
                    "type": "move",
                    "time": 446.79521
                }
            },
            {
                "time": "2017-10-24T18:49:59.291Z",
                "type": "END",
                "source": "data:click:h_pos",
                "_t": "12:49:59",
                "_end": "-",
                "data": {
                    "lbl": {
                        "time": 446.79521,
                        "endTime": 449.09981747967595,
                        "type": "move",
                        "id": 7
                    }
                }
            },
            {
                "time": "2017-10-24T18:50:07.722Z",
                "type": "START",
                "source": "hotkey",
                "_t": "12:50:07",
                "_end": "-",
                "data": {
                    "type": "pill",
                    "time": 564.22999
                }
            },
            {
                "time": "2017-10-24T18:50:10.243Z",
                "type": "END",
                "source": "data:click:h_pos",
                "_t": "12:50:10",
                "_end": "-",
                "data": {
                    "lbl": {
                        "time": 564.22999,
                        "endTime": 573.147818943094,
                        "type": "pill",
                        "id": 8
                    }
                }
            }
        ],
        "navigationEvents": [
            {
                "time": {
                    "start": "2017-10-24T18:47:47.298Z",
                    "end": "2017-10-24T18:47:58.761Z"
                },
                "type": "SCRUB",
                "source": "data:drag",
                "_t": "12:47:47",
                "_end": "12:47:58",
                "data": {
                    "time": 30.888722
                }
            },
            {
                "time": {
                    "start": "2017-10-24T18:47:47.298Z",
                    "end": "2017-10-24T18:48:00.142Z"
                },
                "type": "SCRUB",
                "source": "data:drag",
                "_t": "12:47:47",
                "_end": "12:48:00",
                "data": {
                    "time": 45.37393
                }
            },
            {
                "time": "2017-10-24T18:48:05.094Z",
                "type": "PAUSE",
                "source": "hotkey",
                "_t": "12:48:05",
                "_end": "-",
                "data": {
                    "key": "space"
                }
            },
            {
                "time": {
                    "start": "2017-10-24T18:47:47.298Z",
                    "end": "2017-10-24T18:48:07.599Z"
                },
                "type": "SCRUB",
                "source": "data:drag",
                "_t": "12:47:47",
                "_end": "12:48:07",
                "data": {
                    "time": 45.342613
                }
            },
            {
                "time": {
                    "start": "2017-10-24T18:47:47.298Z",
                    "end": "2017-10-24T18:48:12.288Z"
                },
                "type": "SCRUB",
                "source": "data:drag",
                "_t": "12:47:47",
                "_end": "12:48:12",
                "data": {
                    "time": 45.342613
                }
            },
            {
                "time": {
                    "start": "2017-10-24T18:47:47.298Z",
                    "end": "2017-10-24T18:48:13.614Z"
                },
                "type": "SCRUB",
                "source": "data:drag",
                "_t": "12:47:47",
                "_end": "12:48:13",
                "data": {
                    "time": 57.066051
                }
            },
            {
                "time": {
                    "start": "2017-10-24T18:47:47.298Z",
                    "end": "2017-10-24T18:48:21.640Z"
                },
                "type": "SCRUB",
                "source": "data:drag",
                "_t": "12:47:47",
                "_end": "12:48:21",
                "data": {
                    "time": 63.829572
                }
            },
            {
                "time": {
                    "start": "2017-10-24T18:47:47.298Z",
                    "end": "2017-10-24T18:48:24.847Z"
                },
                "type": "SCRUB",
                "source": "data:drag",
                "_t": "12:47:47",
                "_end": "12:48:24",
                "data": {
                    "time": 63.829572
                }
            },
            {
                "time": {
                    "start": "2017-10-24T18:47:47.298Z",
                    "end": "2017-10-24T18:48:26.964Z"
                },
                "type": "SCRUB",
                "source": "data:drag",
                "_t": "12:47:47",
                "_end": "12:48:26",
                "data": {
                    "time": 119.240351
                }
            },
            {
                "time": {
                    "start": "2017-10-24T18:47:47.298Z",
                    "end": "2017-10-24T18:48:32.208Z"
                },
                "type": "SCRUB",
                "source": "data:drag",
                "_t": "12:47:47",
                "_end": "12:48:32",
                "data": {
                    "time": 125.853572
                }
            },
            {
                "time": {
                    "start": "2017-10-24T18:47:47.298Z",
                    "end": "2017-10-24T18:48:36.408Z"
                },
                "type": "SCRUB",
                "source": "data:drag",
                "_t": "12:47:47",
                "_end": "12:48:36",
                "data": {
                    "time": 125.853572
                }
            },
            {
                "time": {
                    "start": "2017-10-24T18:47:47.298Z",
                    "end": "2017-10-24T18:48:38.012Z"
                },
                "type": "SCRUB",
                "source": "data:drag",
                "_t": "12:47:47",
                "_end": "12:48:38",
                "data": {
                    "time": 176.504836
                }
            },
            {
                "time": {
                    "start": "2017-10-24T18:47:47.298Z",
                    "end": "2017-10-24T18:48:44.768Z"
                },
                "type": "SCRUB",
                "source": "data:drag",
                "_t": "12:47:47",
                "_end": "12:48:44",
                "data": {
                    "time": 178.00784
                }
            },
            {
                "time": {
                    "start": "2017-10-24T18:47:47.298Z",
                    "end": "2017-10-24T18:48:47.766Z"
                },
                "type": "SCRUB",
                "source": "data:drag",
                "_t": "12:47:47",
                "_end": "12:48:47",
                "data": {
                    "time": 177.807439
                }
            },
            {
                "time": {
                    "start": "2017-10-24T18:47:47.298Z",
                    "end": "2017-10-24T18:48:51.240Z"
                },
                "type": "SCRUB",
                "source": "data:drag",
                "_t": "12:47:47",
                "_end": "12:48:51",
                "data": {
                    "time": 178.25834
                }
            },
            {
                "time": {
                    "start": "2017-10-24T18:47:47.298Z",
                    "end": "2017-10-24T18:49:06.608Z"
                },
                "type": "SCRUB",
                "source": "data:drag",
                "_t": "12:47:47",
                "_end": "12:49:06",
                "data": {
                    "time": 178.25834
                }
            },
            {
                "time": {
                    "start": "2017-10-24T18:47:47.298Z",
                    "end": "2017-10-24T18:49:08.629Z"
                },
                "type": "SCRUB",
                "source": "data:drag",
                "_t": "12:47:47",
                "_end": "12:49:08",
                "data": {
                    "time": 220.492777
                }
            },
            {
                "time": {
                    "start": "2017-10-24T18:47:47.298Z",
                    "end": "2017-10-24T18:49:09.777Z"
                },
                "type": "SCRUB",
                "source": "data:drag",
                "_t": "12:47:47",
                "_end": "12:49:09",
                "data": {
                    "time": 269.290335
                }
            },
            {
                "time": {
                    "start": "2017-10-24T18:47:47.298Z",
                    "end": "2017-10-24T18:49:13.224Z"
                },
                "type": "SCRUB",
                "source": "data:drag",
                "_t": "12:47:47",
                "_end": "12:49:13",
                "data": {
                    "time": 269.741236
                }
            },
            {
                "time": {
                    "start": "2017-10-24T18:47:47.298Z",
                    "end": "2017-10-24T18:49:18.248Z"
                },
                "type": "SCRUB",
                "source": "data:drag",
                "_t": "12:47:47",
                "_end": "12:49:18",
                "data": {
                    "time": 269.741236
                }
            },
            {
                "time": {
                    "start": "2017-10-24T18:47:47.298Z",
                    "end": "2017-10-24T18:49:20.463Z"
                },
                "type": "SCRUB",
                "source": "data:drag",
                "_t": "12:47:47",
                "_end": "12:49:20",
                "data": {
                    "time": 326.154019
                }
            },
            {
                "time": {
                    "start": "2017-10-24T18:47:47.298Z",
                    "end": "2017-10-24T18:49:26.920Z"
                },
                "type": "SCRUB",
                "source": "data:drag",
                "_t": "12:47:47",
                "_end": "12:49:26",
                "data": {
                    "time": 326.154019
                }
            },
            {
                "time": {
                    "start": "2017-10-24T18:47:47.298Z",
                    "end": "2017-10-24T18:49:30.961Z"
                },
                "type": "SCRUB",
                "source": "data:drag",
                "_t": "12:47:47",
                "_end": "12:49:30",
                "data": {
                    "time": 331.214135
                }
            },
            {
                "time": {
                    "start": "2017-10-24T18:47:47.298Z",
                    "end": "2017-10-24T18:49:35.420Z"
                },
                "type": "SCRUB",
                "source": "data:drag",
                "_t": "12:47:47",
                "_end": "12:49:35",
                "data": {
                    "time": 331.214135
                }
            },
            {
                "time": {
                    "start": "2017-10-24T18:47:47.298Z",
                    "end": "2017-10-24T18:49:38.921Z"
                },
                "type": "SCRUB",
                "source": "data:drag",
                "_t": "12:47:47",
                "_end": "12:49:38",
                "data": {
                    "time": 331.214135
                }
            },
            {
                "time": {
                    "start": "2017-10-24T18:47:47.298Z",
                    "end": "2017-10-24T18:49:43.560Z"
                },
                "type": "SCRUB",
                "source": "data:drag",
                "_t": "12:47:47",
                "_end": "12:49:43",
                "data": {
                    "time": 331.214135
                }
            },
            {
                "time": {
                    "start": "2017-10-24T18:47:47.298Z",
                    "end": "2017-10-24T18:49:47.041Z"
                },
                "type": "SCRUB",
                "source": "data:drag",
                "_t": "12:47:47",
                "_end": "12:49:47",
                "data": {
                    "time": 331.214135
                }
            },
            {
                "time": {
                    "start": "2017-10-24T18:47:47.298Z",
                    "end": "2017-10-24T18:49:48.881Z"
                },
                "type": "SCRUB",
                "source": "data:drag",
                "_t": "12:47:47",
                "_end": "12:49:48",
                "data": {
                    "time": 399.951558
                }
            },
            {
                "time": {
                    "start": "2017-10-24T18:47:47.298Z",
                    "end": "2017-10-24T18:49:53.513Z"
                },
                "type": "SCRUB",
                "source": "data:drag",
                "_t": "12:47:47",
                "_end": "12:49:53",
                "data": {
                    "time": 446.79521
                }
            },
            {
                "time": {
                    "start": "2017-10-24T18:47:47.298Z",
                    "end": "2017-10-24T18:49:59.289Z"
                },
                "type": "SCRUB",
                "source": "data:drag",
                "_t": "12:47:47",
                "_end": "12:49:59",
                "data": {
                    "time": 446.79521
                }
            },
            {
                "time": {
                    "start": "2017-10-24T18:47:47.298Z",
                    "end": "2017-10-24T18:50:01.025Z"
                },
                "type": "SCRUB",
                "source": "data:drag",
                "_t": "12:47:47",
                "_end": "12:50:01",
                "data": {
                    "time": 507.366306
                }
            },
            {
                "time": {
                    "start": "2017-10-24T18:47:47.298Z",
                    "end": "2017-10-24T18:50:02.073Z"
                },
                "type": "SCRUB",
                "source": "data:drag",
                "_t": "12:47:47",
                "_end": "12:50:02",
                "data": {
                    "time": 552.055651
                }
            },
            {
                "time": {
                    "start": "2017-10-24T18:47:47.298Z",
                    "end": "2017-10-24T18:50:03.693Z"
                },
                "type": "SCRUB",
                "source": "data:drag",
                "_t": "12:47:47",
                "_end": "12:50:03",
                "data": {
                    "time": 562.676885
                }
            },
            {
                "time": {
                    "start": "2017-10-24T18:47:47.298Z",
                    "end": "2017-10-24T18:50:07.296Z"
                },
                "type": "SCRUB",
                "source": "data:drag",
                "_t": "12:47:47",
                "_end": "12:50:07",
                "data": {
                    "time": 564.22999
                }
            },
            {
                "time": {
                    "start": "2017-10-24T18:47:47.298Z",
                    "end": "2017-10-24T18:50:10.241Z"
                },
                "type": "SCRUB",
                "source": "data:drag",
                "_t": "12:47:47",
                "_end": "12:50:10",
                "data": {
                    "time": 564.22999
                }
            },
            {
                "time": {
                    "start": "2017-10-24T18:47:47.298Z",
                    "end": "2017-10-24T18:50:12.918Z"
                },
                "type": "SCRUB",
                "source": "data:drag",
                "_t": "12:47:47",
                "_end": "12:50:12",
                "data": {
                    "time": 550.252044
                }
            },
            {
                "time": {
                    "start": "2017-10-24T18:47:47.298Z",
                    "end": "2017-10-24T18:50:16.161Z"
                },
                "type": "SCRUB",
                "source": "data:drag",
                "_t": "12:47:47",
                "_end": "12:50:16",
                "data": {
                    "time": 488.177942
                }
            },
            {
                "time": {
                    "start": "2017-10-24T18:47:47.298Z",
                    "end": "2017-10-24T18:50:17.338Z"
                },
                "type": "SCRUB",
                "source": "data:drag",
                "_t": "12:47:47",
                "_end": "12:50:17",
                "data": {
                    "time": 461.825256
                }
            },
            {
                "time": {
                    "start": "2017-10-24T18:47:47.298Z",
                    "end": "2017-10-24T18:50:20.744Z"
                },
                "type": "SCRUB",
                "source": "data:drag",
                "_t": "12:47:47",
                "_end": "12:50:20",
                "data": {
                    "time": 534.570692
                }
            },
            {
                "time": {
                    "start": "2017-10-24T18:47:47.298Z",
                    "end": "2017-10-24T18:50:22.640Z"
                },
                "type": "SCRUB",
                "source": "data:drag",
                "_t": "12:47:47",
                "_end": "12:50:22",
                "data": {
                    "time": 582.817148
                }
            },
            {
                "time": {
                    "start": "2017-10-24T18:47:47.298Z",
                    "end": "2017-10-24T18:50:23.859Z"
                },
                "type": "SCRUB",
                "source": "data:drag",
                "_t": "12:47:47",
                "_end": "12:50:23",
                "data": {
                    "time": 533.167886
                }
            },
            {
                "time": {
                    "start": "2017-10-24T18:47:47.298Z",
                    "end": "2017-10-24T18:50:24.839Z"
                },
                "type": "SCRUB",
                "source": "data:drag",
                "_t": "12:47:47",
                "_end": "12:50:24",
                "data": {
                    "time": 489.881344
                }
            },
            {
                "time": {
                    "start": "2017-10-24T18:47:47.298Z",
                    "end": "2017-10-24T18:50:25.937Z"
                },
                "type": "SCRUB",
                "source": "data:drag",
                "_t": "12:47:47",
                "_end": "12:50:25",
                "data": {
                    "time": 459.871346
                }
            },
            {
                "time": {
                    "start": "2017-10-24T18:47:47.298Z",
                    "end": "2017-10-24T18:50:31.310Z"
                },
                "type": "SCRUB",
                "source": "data:drag",
                "_t": "12:47:47",
                "_end": "12:50:31",
                "data": {
                    "time": 377.606879
                }
            },
            {
                "time": {
                    "start": "2017-10-24T18:47:47.298Z",
                    "end": "2017-10-24T18:50:32.295Z"
                },
                "type": "SCRUB",
                "source": "data:drag",
                "_t": "12:47:47",
                "_end": "12:50:32",
                "data": {
                    "time": 351.554794
                }
            },
            {
                "time": {
                    "start": "2017-10-24T18:47:47.298Z",
                    "end": "2017-10-24T18:50:33.753Z"
                },
                "type": "SCRUB",
                "source": "data:drag",
                "_t": "12:47:47",
                "_end": "12:50:33",
                "data": {
                    "time": 340.733158
                }
            },
            {
                "time": {
                    "start": "2017-10-24T18:47:47.298Z",
                    "end": "2017-10-24T18:50:40.578Z"
                },
                "type": "SCRUB",
                "source": "data:drag",
                "_t": "12:47:47",
                "_end": "12:50:40",
                "data": {
                    "time": 288.278287
                }
            },
            {
                "time": {
                    "start": "2017-10-24T18:47:47.298Z",
                    "end": "2017-10-24T18:50:41.865Z"
                },
                "type": "SCRUB",
                "source": "data:drag",
                "_t": "12:47:47",
                "_end": "12:50:41",
                "data": {
                    "time": 272.596936
                }
            }
        ]
    }
}