{
    "user_id": "graceef",
    "session_id": "59ef90765efd4d725417b86a",
    "study": "studyD",
    "workspace": "pill.pills-pink",
    "details": {
        "workspace": "pill.pills-pink",
        "labels": [
            {
                "time": 45.17331,
                "endTime": 53.167812764781175,
                "type": "pill",
                "id": 1
            },
            {
                "time": 63.888309,
                "endTime": 68.94712550361564,
                "type": "move",
                "id": 2
            },
            {
                "time": 125.852258,
                "endTime": 136.36306327435167,
                "type": "pill",
                "id": 3
            },
            {
                "time": 178.131057,
                "endTime": 180.77841693194392,
                "type": "move",
                "id": 4
            },
            {
                "time": 269.766405,
                "endTime": 278.91421308167196,
                "type": "move",
                "id": 5
            },
            {
                "time": 331.1537,
                "endTime": 334.7446733730346,
                "type": "move",
                "id": 6
            },
            {
                "time": 446.641499,
                "endTime": 449.0267440871936,
                "type": "move",
                "id": 7
            },
            {
                "time": 564.222249,
                "endTime": 573.1604167756652,
                "type": "pill",
                "id": 8
            }
        ],
        "_starts": [
            "2017-10-24T19:41:21.000Z"
        ],
        "_ends": [
            "2017-10-24T19:43:43.581Z",
            "2017-10-24T19:44:46.527Z"
        ]
    },
    "labels_file": "/home/ubuntu/vat/data/user-studies/studyD/pills-pink/graceef.labels.json",
    "videoFlash": 0.561365,
    "surveys": {
        "user-info": {
            "firstname": "Grace",
            "lastname": "Fillmore",
            "email": "gracefillmore8@gmail.com"
        },
        "practice-first": {
            "question1": "-1",
            "question2": "ok",
            "question3": "100",
            "question4": "1"
        },
        "practice-second": {},
        "practice-third": {},
        "practice-survey": {},
        "pill-blue": {
            "question1": "2",
            "question2": "1",
            "question3": "100",
            "question4": "80"
        },
        "pill-red": {
            "question1": "-1",
            "question2": "1",
            "question3": "60",
            "question4": "50"
        },
        "pill-orange": {
            "question1": "-1",
            "question2": "0",
            "question3": "100",
            "question4": "50"
        },
        "pills-survey": {
            "question1": "2",
            "question2": "-1",
            "question3": "2",
            "question4": "-1"
        },
        "run-blue": {
            "question1": "2",
            "question2": "2",
            "question3": "100",
            "question4": "90"
        },
        "run-yellow": {
            "question1": "-1",
            "question2": "2",
            "question3": "50",
            "question4": "50"
        },
        "run-red": {
            "question1": "1",
            "question2": "2",
            "question3": "100",
            "question4": "80"
        },
        "run-survey": {
            "question1": "2",
            "question2": "-2",
            "question3": "2",
            "question4": "1"
        }
    },
    "logs": {
        "labelEvents": [
            {
                "time": "2017-10-24T19:41:57.045Z",
                "type": "START",
                "source": "hotkey",
                "_t": "13:41:57",
                "_end": "-",
                "data": {
                    "type": "move",
                    "time": 45.17331
                }
            },
            {
                "time": "2017-10-24T19:41:58.655Z",
                "type": "END",
                "source": "data:click:h_pos",
                "_t": "13:41:58",
                "_end": "-",
                "data": {
                    "lbl": {
                        "time": 45.17331,
                        "endTime": 53.167812764781175,
                        "type": "pill",
                        "id": 1
                    }
                }
            },
            {
                "time": "2017-10-24T19:42:03.302Z",
                "type": "START",
                "source": "hotkey",
                "_t": "13:42:03",
                "_end": "-",
                "data": {
                    "type": "pill",
                    "time": 63.888309
                }
            },
            {
                "time": "2017-10-24T19:42:05.591Z",
                "type": "END",
                "source": "data:click:h_pos",
                "_t": "13:42:05",
                "_end": "-",
                "data": {
                    "lbl": {
                        "time": 63.888309,
                        "endTime": 68.94712550361564,
                        "type": "move",
                        "id": 2
                    }
                }
            },
            {
                "time": "2017-10-24T19:42:19.574Z",
                "type": "START",
                "source": "hotkey",
                "_t": "13:42:19",
                "_end": "-",
                "data": {
                    "type": "move",
                    "time": 125.852258
                }
            },
            {
                "time": "2017-10-24T19:42:20.960Z",
                "type": "END",
                "source": "data:click:h_pos",
                "_t": "13:42:20",
                "_end": "-",
                "data": {
                    "lbl": {
                        "time": 125.852258,
                        "endTime": 136.36306327435167,
                        "type": "pill",
                        "id": 3
                    }
                }
            },
            {
                "time": "2017-10-24T19:42:23.824Z",
                "type": "SELECT",
                "source": "data:click",
                "_t": "13:42:23",
                "_end": "-",
                "data": {
                    "time": 125.852258,
                    "endTime": 136.36306327435167,
                    "type": "pill",
                    "id": 3
                }
            },
            {
                "time": {
                    "start": "2017-10-24T19:42:25.159Z",
                    "end": "2017-10-24T19:42:26.390Z"
                },
                "type": "RESIZE",
                "source": "data:brush",
                "_t": "13:42:25",
                "_end": "13:42:26",
                "data": {
                    "brushing": true,
                    "origin": [
                        125.852258,
                        136.5203321811948
                    ],
                    "_brushside": 1,
                    "start": "2017-10-24T19:42:25.159Z",
                    "ε": 0.1,
                    "mode": "resize"
                }
            },
            {
                "time": "2017-10-24T19:42:38.074Z",
                "type": "START",
                "source": "hotkey",
                "_t": "13:42:38",
                "_end": "-",
                "data": {
                    "type": "move",
                    "time": 178.131057
                }
            },
            {
                "time": "2017-10-24T19:42:39.296Z",
                "type": "END",
                "source": "data:click:h_pos",
                "_t": "13:42:39",
                "_end": "-",
                "data": {
                    "lbl": {
                        "time": 178.131057,
                        "endTime": 180.77841693194392,
                        "type": "move",
                        "id": 4
                    }
                }
            },
            {
                "time": "2017-10-24T19:42:47.974Z",
                "type": "START",
                "source": "hotkey",
                "_t": "13:42:47",
                "_end": "-",
                "data": {
                    "type": "move",
                    "time": 269.766405
                }
            },
            {
                "time": "2017-10-24T19:42:50.168Z",
                "type": "END",
                "source": "data:click:h_pos",
                "_t": "13:42:50",
                "_end": "-",
                "data": {
                    "lbl": {
                        "time": 269.766405,
                        "endTime": 278.91421308167196,
                        "type": "move",
                        "id": 5
                    }
                }
            },
            {
                "time": "2017-10-24T19:42:56.789Z",
                "type": "START",
                "source": "hotkey",
                "_t": "13:42:56",
                "_end": "-",
                "data": {
                    "type": "move",
                    "time": 331.1537
                }
            },
            {
                "time": "2017-10-24T19:42:59.224Z",
                "type": "END",
                "source": "data:click:h_pos",
                "_t": "13:42:59",
                "_end": "-",
                "data": {
                    "lbl": {
                        "time": 331.1537,
                        "endTime": 334.7446733730346,
                        "type": "move",
                        "id": 6
                    }
                }
            },
            {
                "time": "2017-10-24T19:43:05.676Z",
                "type": "START",
                "source": "hotkey",
                "_t": "13:43:05",
                "_end": "-",
                "data": {
                    "type": "move",
                    "time": 446.641499
                }
            },
            {
                "time": "2017-10-24T19:43:07.649Z",
                "type": "END",
                "source": "data:click:h_pos",
                "_t": "13:43:07",
                "_end": "-",
                "data": {
                    "lbl": {
                        "time": 446.641499,
                        "endTime": 449.0267440871936,
                        "type": "move",
                        "id": 7
                    }
                }
            },
            {
                "time": "2017-10-24T19:43:33.808Z",
                "type": "START",
                "source": "hotkey",
                "_t": "13:43:33",
                "_end": "-",
                "data": {
                    "type": "pill",
                    "time": 564.222249
                }
            },
            {
                "time": "2017-10-24T19:43:36.577Z",
                "type": "END",
                "source": "data:click:h_pos",
                "_t": "13:43:36",
                "_end": "-",
                "data": {
                    "lbl": {
                        "time": 564.222249,
                        "endTime": 573.1604167756652,
                        "type": "pill",
                        "id": 8
                    }
                }
            },
            {
                "time": "2017-10-24T19:44:04.241Z",
                "type": "SELECT",
                "source": "data:click",
                "_t": "13:44:04",
                "_end": "-",
                "data": {
                    "time": 45.17331,
                    "endTime": 53.167812764781175,
                    "type": "pill",
                    "id": 1
                }
            },
            {
                "time": "2017-10-24T19:44:09.160Z",
                "type": "DESELECT",
                "source": "data:click",
                "_t": "13:44:09",
                "_end": "-",
                "data": {
                    "time": 45.17331,
                    "endTime": 53.167812764781175,
                    "type": "move",
                    "id": 1
                }
            },
            {
                "time": "2017-10-24T19:44:11.105Z",
                "type": "SELECT",
                "source": "data:click",
                "_t": "13:44:11",
                "_end": "-",
                "data": {
                    "time": 45.17331,
                    "endTime": 53.167812764781175,
                    "type": "pill",
                    "id": 1
                }
            },
            {
                "time": "2017-10-24T19:44:14.982Z",
                "type": "CHANGE-EVENT-TYPE",
                "source": "side-bar:menu",
                "_t": "13:44:14",
                "_end": "-",
                "data": {
                    "time": 45.17331,
                    "endTime": 53.167812764781175,
                    "type": "move",
                    "id": 1
                }
            },
            {
                "time": "2017-10-24T19:44:16.673Z",
                "type": "DESELECT",
                "source": "data:click",
                "_t": "13:44:16",
                "_end": "-",
                "data": {
                    "time": 45.17331,
                    "endTime": 53.167812764781175,
                    "type": "pill",
                    "id": 1
                }
            },
            {
                "time": "2017-10-24T19:44:25.433Z",
                "type": "SELECT",
                "source": "data:click",
                "_t": "13:44:25",
                "_end": "-",
                "data": {
                    "time": 63.888309,
                    "endTime": 68.94712550361564,
                    "type": "move",
                    "id": 2
                }
            },
            {
                "time": "2017-10-24T19:44:32.566Z",
                "type": "CHANGE-EVENT-TYPE",
                "source": "side-bar:menu",
                "_t": "13:44:32",
                "_end": "-",
                "data": {
                    "time": 63.888309,
                    "endTime": 68.94712550361564,
                    "type": "pill",
                    "id": 2
                }
            },
            {
                "time": "2017-10-24T19:44:33.448Z",
                "type": "DESELECT",
                "source": "data:click",
                "_t": "13:44:33",
                "_end": "-",
                "data": {
                    "time": 63.888309,
                    "endTime": 68.94712550361564,
                    "type": "move",
                    "id": 2
                }
            },
            {
                "time": "2017-10-24T19:44:37.202Z",
                "type": "SELECT",
                "source": "data:click",
                "_t": "13:44:37",
                "_end": "-",
                "data": {
                    "time": 125.852258,
                    "endTime": 136.36306327435167,
                    "type": "pill",
                    "id": 3
                }
            },
            {
                "time": "2017-10-24T19:44:40.679Z",
                "type": "CHANGE-EVENT-TYPE",
                "source": "side-bar:menu",
                "_t": "13:44:40",
                "_end": "-",
                "data": {
                    "time": 125.852258,
                    "endTime": 136.36306327435167,
                    "type": "move",
                    "id": 3
                }
            }
        ],
        "navigationEvents": [
            {
                "time": {
                    "start": "2017-10-24T19:41:21.132Z",
                    "end": "2017-10-24T19:41:44.692Z"
                },
                "type": "SCRUB",
                "source": "data:drag",
                "_t": "13:41:21",
                "_end": "13:41:44",
                "data": {
                    "time": 45.016042
                }
            },
            {
                "time": {
                    "start": "2017-10-24T19:41:21.132Z",
                    "end": "2017-10-24T19:41:49.293Z"
                },
                "type": "SCRUB",
                "source": "data:drag",
                "_t": "13:41:21",
                "_end": "13:41:49",
                "data": {
                    "time": 45.330579
                }
            },
            {
                "time": {
                    "start": "2017-10-24T19:41:21.132Z",
                    "end": "2017-10-24T19:41:56.640Z"
                },
                "type": "SCRUB",
                "source": "data:drag",
                "_t": "13:41:21",
                "_end": "13:41:56",
                "data": {
                    "time": 45.17331
                }
            },
            {
                "time": {
                    "start": "2017-10-24T19:41:21.132Z",
                    "end": "2017-10-24T19:41:58.653Z"
                },
                "type": "SCRUB",
                "source": "data:drag",
                "_t": "13:41:21",
                "_end": "13:41:58",
                "data": {
                    "time": 45.17331
                }
            },
            {
                "time": {
                    "start": "2017-10-24T19:41:21.132Z",
                    "end": "2017-10-24T19:42:02.037Z"
                },
                "type": "SCRUB",
                "source": "data:drag",
                "_t": "13:41:21",
                "_end": "13:42:02",
                "data": {
                    "time": 63.888309
                }
            },
            {
                "time": {
                    "start": "2017-10-24T19:41:21.132Z",
                    "end": "2017-10-24T19:42:05.589Z"
                },
                "type": "SCRUB",
                "source": "data:drag",
                "_t": "13:41:21",
                "_end": "13:42:05",
                "data": {
                    "time": 63.888309
                }
            },
            {
                "time": {
                    "start": "2017-10-24T19:41:21.132Z",
                    "end": "2017-10-24T19:42:16.782Z"
                },
                "type": "SCRUB",
                "source": "data:drag",
                "_t": "13:41:21",
                "_end": "13:42:16",
                "data": {
                    "time": 125.852258
                }
            },
            {
                "time": {
                    "start": "2017-10-24T19:41:21.132Z",
                    "end": "2017-10-24T19:42:20.958Z"
                },
                "type": "SCRUB",
                "source": "data:drag",
                "_t": "13:41:21",
                "_end": "13:42:20",
                "data": {
                    "time": 125.852258
                }
            },
            {
                "time": {
                    "start": "2017-10-24T19:41:21.132Z",
                    "end": "2017-10-24T19:42:23.822Z"
                },
                "type": "SCRUB",
                "source": "data:drag",
                "_t": "13:41:21",
                "_end": "13:42:23",
                "data": {
                    "time": 125.852258
                }
            },
            {
                "time": {
                    "start": "2017-10-24T19:41:21.132Z",
                    "end": "2017-10-24T19:42:26.404Z"
                },
                "type": "SCRUB",
                "source": "data:drag",
                "_t": "13:41:21",
                "_end": "13:42:26",
                "data": {
                    "time": 125.852258
                }
            },
            {
                "time": {
                    "start": "2017-10-24T19:41:21.132Z",
                    "end": "2017-10-24T19:42:30.260Z"
                },
                "type": "SCRUB",
                "source": "data:drag",
                "_t": "13:41:21",
                "_end": "13:42:30",
                "data": {
                    "time": 163.843438
                }
            },
            {
                "time": {
                    "start": "2017-10-24T19:41:21.132Z",
                    "end": "2017-10-24T19:42:33.062Z"
                },
                "type": "SCRUB",
                "source": "data:drag",
                "_t": "13:41:21",
                "_end": "13:42:33",
                "data": {
                    "time": 174.296865
                }
            },
            {
                "time": "2017-10-24T19:42:34.471Z",
                "type": "PAUSE",
                "source": "hotkey",
                "_t": "13:42:34",
                "_end": "-",
                "data": {
                    "key": "space"
                }
            },
            {
                "time": {
                    "start": "2017-10-24T19:41:21.132Z",
                    "end": "2017-10-24T19:42:37.831Z"
                },
                "type": "SCRUB",
                "source": "data:drag",
                "_t": "13:41:21",
                "_end": "13:42:37",
                "data": {
                    "time": 178.131057
                }
            },
            {
                "time": {
                    "start": "2017-10-24T19:41:21.132Z",
                    "end": "2017-10-24T19:42:39.293Z"
                },
                "type": "SCRUB",
                "source": "data:drag",
                "_t": "13:41:21",
                "_end": "13:42:39",
                "data": {
                    "time": 178.131057
                }
            },
            {
                "time": {
                    "start": "2017-10-24T19:41:21.132Z",
                    "end": "2017-10-24T19:42:41.182Z"
                },
                "type": "SCRUB",
                "source": "data:drag",
                "_t": "13:41:21",
                "_end": "13:42:41",
                "data": {
                    "time": 231.602485
                }
            },
            {
                "time": {
                    "start": "2017-10-24T19:41:21.132Z",
                    "end": "2017-10-24T19:42:42.973Z"
                },
                "type": "SCRUB",
                "source": "data:drag",
                "_t": "13:41:21",
                "_end": "13:42:42",
                "data": {
                    "time": 269.13733
                }
            },
            {
                "time": {
                    "start": "2017-10-24T19:41:21.132Z",
                    "end": "2017-10-24T19:42:47.686Z"
                },
                "type": "SCRUB",
                "source": "data:drag",
                "_t": "13:41:21",
                "_end": "13:42:47",
                "data": {
                    "time": 269.766405
                }
            },
            {
                "time": {
                    "start": "2017-10-24T19:41:21.132Z",
                    "end": "2017-10-24T19:42:50.166Z"
                },
                "type": "SCRUB",
                "source": "data:drag",
                "_t": "13:41:21",
                "_end": "13:42:50",
                "data": {
                    "time": 269.766405
                }
            },
            {
                "time": {
                    "start": "2017-10-24T19:41:21.132Z",
                    "end": "2017-10-24T19:42:51.682Z"
                },
                "type": "SCRUB",
                "source": "data:drag",
                "_t": "13:41:21",
                "_end": "13:42:51",
                "data": {
                    "time": 319.253687
                }
            },
            {
                "time": {
                    "start": "2017-10-24T19:41:21.132Z",
                    "end": "2017-10-24T19:42:55.918Z"
                },
                "type": "SCRUB",
                "source": "data:drag",
                "_t": "13:41:21",
                "_end": "13:42:55",
                "data": {
                    "time": 331.1537
                }
            },
            {
                "time": {
                    "start": "2017-10-24T19:41:21.132Z",
                    "end": "2017-10-24T19:42:59.222Z"
                },
                "type": "SCRUB",
                "source": "data:drag",
                "_t": "13:41:21",
                "_end": "13:42:59",
                "data": {
                    "time": 331.1537
                }
            },
            {
                "time": {
                    "start": "2017-10-24T19:41:21.132Z",
                    "end": "2017-10-24T19:43:00.936Z"
                },
                "type": "SCRUB",
                "source": "data:drag",
                "_t": "13:41:21",
                "_end": "13:43:00",
                "data": {
                    "time": 396.420296
                }
            },
            {
                "time": {
                    "start": "2017-10-24T19:41:21.132Z",
                    "end": "2017-10-24T19:43:02.760Z"
                },
                "type": "SCRUB",
                "source": "data:drag",
                "_t": "13:41:21",
                "_end": "13:43:02",
                "data": {
                    "time": 441.032242
                }
            },
            {
                "time": {
                    "start": "2017-10-24T19:41:21.132Z",
                    "end": "2017-10-24T19:43:05.476Z"
                },
                "type": "SCRUB",
                "source": "data:drag",
                "_t": "13:41:21",
                "_end": "13:43:05",
                "data": {
                    "time": 446.641499
                }
            },
            {
                "time": {
                    "start": "2017-10-24T19:41:21.132Z",
                    "end": "2017-10-24T19:43:07.646Z"
                },
                "type": "SCRUB",
                "source": "data:drag",
                "_t": "13:41:21",
                "_end": "13:43:07",
                "data": {
                    "time": 446.641499
                }
            },
            {
                "time": {
                    "start": "2017-10-24T19:41:21.132Z",
                    "end": "2017-10-24T19:43:08.873Z"
                },
                "type": "SCRUB",
                "source": "data:drag",
                "_t": "13:41:21",
                "_end": "13:43:08",
                "data": {
                    "time": 508.395756
                }
            },
            {
                "time": {
                    "start": "2017-10-24T19:41:21.132Z",
                    "end": "2017-10-24T19:43:10.094Z"
                },
                "type": "SCRUB",
                "source": "data:drag",
                "_t": "13:41:21",
                "_end": "13:43:10",
                "data": {
                    "time": 556.782156
                }
            },
            {
                "time": {
                    "start": "2017-10-24T19:41:21.132Z",
                    "end": "2017-10-24T19:43:11.537Z"
                },
                "type": "SCRUB",
                "source": "data:drag",
                "_t": "13:41:21",
                "_end": "13:43:11",
                "data": {
                    "time": 558.669382
                }
            },
            {
                "time": {
                    "start": "2017-10-24T19:41:21.132Z",
                    "end": "2017-10-24T19:43:26.486Z"
                },
                "type": "SCRUB",
                "source": "data:drag",
                "_t": "13:41:21",
                "_end": "13:43:26",
                "data": {
                    "time": 564.222249
                }
            },
            {
                "time": {
                    "start": "2017-10-24T19:41:21.132Z",
                    "end": "2017-10-24T19:43:36.574Z"
                },
                "type": "SCRUB",
                "source": "data:drag",
                "_t": "13:41:21",
                "_end": "13:43:36",
                "data": {
                    "time": 564.222249
                }
            },
            {
                "time": {
                    "start": "2017-10-24T19:41:21.132Z",
                    "end": "2017-10-24T19:43:38.270Z"
                },
                "type": "SCRUB",
                "source": "data:drag",
                "_t": "13:41:21",
                "_end": "13:43:38",
                "data": {
                    "time": 500.85137
                }
            },
            {
                "time": {
                    "start": "2017-10-24T19:41:21.132Z",
                    "end": "2017-10-24T19:43:39.285Z"
                },
                "type": "SCRUB",
                "source": "data:drag",
                "_t": "13:41:21",
                "_end": "13:43:39",
                "data": {
                    "time": 447.904294
                }
            },
            {
                "time": {
                    "start": "2017-10-24T19:41:21.132Z",
                    "end": "2017-10-24T19:43:40.392Z"
                },
                "type": "SCRUB",
                "source": "data:drag",
                "_t": "13:41:21",
                "_end": "13:43:40",
                "data": {
                    "time": 394.372706
                }
            },
            {
                "time": {
                    "start": "2017-10-24T19:41:21.132Z",
                    "end": "2017-10-24T19:43:41.520Z"
                },
                "type": "SCRUB",
                "source": "data:drag",
                "_t": "13:41:21",
                "_end": "13:43:41",
                "data": {
                    "time": 345.565926
                }
            },
            {
                "time": {
                    "start": "2017-10-24T19:41:21.132Z",
                    "end": "2017-10-24T19:43:51.700Z"
                },
                "type": "SCRUB",
                "source": "data:drag",
                "_t": "13:41:21",
                "_end": "13:43:51",
                "data": {
                    "time": 299.48687
                }
            },
            {
                "time": {
                    "start": "2017-10-24T19:41:21.132Z",
                    "end": "2017-10-24T19:43:53.497Z"
                },
                "type": "SCRUB",
                "source": "data:drag",
                "_t": "13:41:21",
                "_end": "13:43:53",
                "data": {
                    "time": 269.579322
                }
            },
            {
                "time": {
                    "start": "2017-10-24T19:41:21.132Z",
                    "end": "2017-10-24T19:43:54.841Z"
                },
                "type": "SCRUB",
                "source": "data:drag",
                "_t": "13:41:21",
                "_end": "13:43:54",
                "data": {
                    "time": 229.345389
                }
            },
            {
                "time": {
                    "start": "2017-10-24T19:41:21.132Z",
                    "end": "2017-10-24T19:43:56.383Z"
                },
                "type": "SCRUB",
                "source": "data:drag",
                "_t": "13:41:21",
                "_end": "13:43:56",
                "data": {
                    "time": 185.117289
                }
            },
            {
                "time": {
                    "start": "2017-10-24T19:41:21.132Z",
                    "end": "2017-10-24T19:43:57.653Z"
                },
                "type": "SCRUB",
                "source": "data:drag",
                "_t": "13:41:21",
                "_end": "13:43:57",
                "data": {
                    "time": 148.293011
                }
            },
            {
                "time": {
                    "start": "2017-10-24T19:41:21.132Z",
                    "end": "2017-10-24T19:44:00.600Z"
                },
                "type": "SCRUB",
                "source": "data:drag",
                "_t": "13:41:21",
                "_end": "13:44:00",
                "data": {
                    "time": 97.294309
                }
            },
            {
                "time": {
                    "start": "2017-10-24T19:41:21.132Z",
                    "end": "2017-10-24T19:44:03.585Z"
                },
                "type": "SCRUB",
                "source": "data:drag",
                "_t": "13:41:21",
                "_end": "13:44:03",
                "data": {
                    "time": 82.096988
                }
            },
            {
                "time": {
                    "start": "2017-10-24T19:41:21.132Z",
                    "end": "2017-10-24T19:44:04.239Z"
                },
                "type": "SCRUB",
                "source": "data:drag",
                "_t": "13:41:21",
                "_end": "13:44:04",
                "data": {
                    "time": 82.096988
                }
            },
            {
                "time": {
                    "start": "2017-10-24T19:41:21.132Z",
                    "end": "2017-10-24T19:44:09.158Z"
                },
                "type": "SCRUB",
                "source": "data:drag",
                "_t": "13:41:21",
                "_end": "13:44:09",
                "data": {
                    "time": 82.096988
                }
            },
            {
                "time": {
                    "start": "2017-10-24T19:41:21.132Z",
                    "end": "2017-10-24T19:44:11.102Z"
                },
                "type": "SCRUB",
                "source": "data:drag",
                "_t": "13:41:21",
                "_end": "13:44:11",
                "data": {
                    "time": 82.096988
                }
            },
            {
                "time": {
                    "start": "2017-10-24T19:41:21.132Z",
                    "end": "2017-10-24T19:44:16.157Z"
                },
                "type": "SCRUB",
                "source": "data:drag",
                "_t": "13:41:21",
                "_end": "13:44:16",
                "data": {
                    "time": 80.246032
                }
            },
            {
                "time": {
                    "start": "2017-10-24T19:41:21.132Z",
                    "end": "2017-10-24T19:44:16.672Z"
                },
                "type": "SCRUB",
                "source": "data:drag",
                "_t": "13:41:21",
                "_end": "13:44:16",
                "data": {
                    "time": 80.246032
                }
            },
            {
                "time": {
                    "start": "2017-10-24T19:41:21.132Z",
                    "end": "2017-10-24T19:44:25.431Z"
                },
                "type": "SCRUB",
                "source": "data:drag",
                "_t": "13:41:21",
                "_end": "13:44:25",
                "data": {
                    "time": 80.246032
                }
            },
            {
                "time": {
                    "start": "2017-10-24T19:41:21.132Z",
                    "end": "2017-10-24T19:44:33.446Z"
                },
                "type": "SCRUB",
                "source": "data:drag",
                "_t": "13:41:21",
                "_end": "13:44:33",
                "data": {
                    "time": 80.246032
                }
            },
            {
                "time": {
                    "start": "2017-10-24T19:41:21.132Z",
                    "end": "2017-10-24T19:44:36.738Z"
                },
                "type": "SCRUB",
                "source": "data:drag",
                "_t": "13:41:21",
                "_end": "13:44:36",
                "data": {
                    "time": 114.975806
                }
            },
            {
                "time": {
                    "start": "2017-10-24T19:41:21.132Z",
                    "end": "2017-10-24T19:44:37.199Z"
                },
                "type": "SCRUB",
                "source": "data:drag",
                "_t": "13:41:21",
                "_end": "13:44:37",
                "data": {
                    "time": 114.975806
                }
            }
        ]
    }
}