{
    "user_id": "031",
    "session_id": "59ef9e0f5efd4d725417b884",
    "study": "studyD",
    "workspace": "pill.pills-pink",
    "details": {
        "workspace": "pill.pills-pink",
        "labels": [
            {
                "time": 45.4260865406832,
                "endTime": 53.41080223097103,
                "type": "pill",
                "id": 1
            },
            {
                "time": 63.85925,
                "endTime": 69.00260370078695,
                "type": "move",
                "id": 2
            },
            {
                "time": 125.708886,
                "endTime": 136.2220303569557,
                "type": "pill",
                "id": 3
            },
            {
                "time": 178.04817,
                "endTime": 180.6036727821511,
                "type": "move",
                "id": 4
            },
            {
                "time": 269.722787,
                "endTime": 279.0067016246678,
                "type": "pill",
                "id": 5
            },
            {
                "time": 331.054853,
                "endTime": 334.9042812414717,
                "type": "move",
                "id": 6
            },
            {
                "time": 446.86118,
                "endTime": 449.1578976902855,
                "type": "move",
                "id": 7
            },
            {
                "time": 564.220218,
                "endTime": 573.1159555328129,
                "type": "pill",
                "id": 8
            },
            {
                "time": 608.860646,
                "endTime": 613.0982518792672,
                "type": "move",
                "id": 9
            }
        ],
        "_starts": [
            "2017-10-24T20:43:14.000Z"
        ],
        "_ends": [
            "2017-10-24T20:45:41.449Z"
        ]
    },
    "labels_file": "/home/ubuntu/vat/data/user-studies/studyD/pills-pink/031.labels.json",
    "videoFlash": 0.561365,
    "surveys": {},
    "logs": {
        "labelEvents": [
            {
                "time": "2017-10-24T20:43:46.261Z",
                "type": "START",
                "source": "side-bar:button",
                "_t": "14:43:46",
                "_end": "-",
                "data": {
                    "type": "pill",
                    "time": 46.720012
                }
            },
            {
                "time": "2017-10-24T20:43:55.955Z",
                "type": "END",
                "source": "data:click:h_pos",
                "_t": "14:43:55",
                "_end": "-",
                "data": {
                    "lbl": {
                        "time": 45.4260865406832,
                        "endTime": 53.41080223097103,
                        "type": "pill",
                        "id": 1
                    }
                }
            },
            {
                "time": "2017-10-24T20:43:57.263Z",
                "type": "SELECT",
                "source": "data:click",
                "_t": "14:43:57",
                "_end": "-",
                "data": {
                    "time": 45.4260865406832,
                    "endTime": 53.41080223097103,
                    "type": "pill",
                    "id": 1
                }
            },
            {
                "time": {
                    "start": "2017-10-24T20:43:58.735Z",
                    "end": "2017-10-24T20:44:00.885Z"
                },
                "type": "RESIZE",
                "source": "data:brush",
                "_t": "14:43:58",
                "_end": "14:44:00",
                "data": {
                    "brushing": true,
                    "origin": [
                        46.720012,
                        53.41080223097115
                    ],
                    "_brushside": 0,
                    "start": "2017-10-24T20:43:58.735Z",
                    "ε": 0.1,
                    "mode": "resize"
                }
            },
            {
                "time": "2017-10-24T20:44:07.279Z",
                "type": "DESELECT",
                "source": "data:click",
                "_t": "14:44:07",
                "_end": "-",
                "data": {
                    "time": 45.4260865406832,
                    "endTime": 53.41080223097103,
                    "type": "pill",
                    "id": 1
                }
            },
            {
                "time": "2017-10-24T20:44:15.821Z",
                "type": "START",
                "source": "side-bar:button",
                "_t": "14:44:15",
                "_end": "-",
                "data": {
                    "type": "move",
                    "time": 63.85925
                }
            },
            {
                "time": "2017-10-24T20:44:18.109Z",
                "type": "END",
                "source": "data:click:h_pos",
                "_t": "14:44:18",
                "_end": "-",
                "data": {
                    "lbl": {
                        "time": 63.85925,
                        "endTime": 69.00260370078695,
                        "type": "move",
                        "id": 2
                    }
                }
            },
            {
                "time": "2017-10-24T20:44:30.557Z",
                "type": "START",
                "source": "side-bar:button",
                "_t": "14:44:30",
                "_end": "-",
                "data": {
                    "type": "pill",
                    "time": 125.708886
                }
            },
            {
                "time": "2017-10-24T20:44:33.734Z",
                "type": "END",
                "source": "data:click:h_pos",
                "_t": "14:44:33",
                "_end": "-",
                "data": {
                    "lbl": {
                        "time": 125.708886,
                        "endTime": 136.2220303569557,
                        "type": "pill",
                        "id": 3
                    }
                }
            },
            {
                "time": "2017-10-24T20:44:40.822Z",
                "type": "START",
                "source": "side-bar:button",
                "_t": "14:44:40",
                "_end": "-",
                "data": {
                    "type": "move",
                    "time": 178.04817
                }
            },
            {
                "time": "2017-10-24T20:44:42.230Z",
                "type": "END",
                "source": "data:click:h_pos",
                "_t": "14:44:42",
                "_end": "-",
                "data": {
                    "lbl": {
                        "time": 178.04817,
                        "endTime": 180.6036727821511,
                        "type": "move",
                        "id": 4
                    }
                }
            },
            {
                "time": "2017-10-24T20:44:50.726Z",
                "type": "START",
                "source": "side-bar:button",
                "_t": "14:44:50",
                "_end": "-",
                "data": {
                    "type": "pill",
                    "time": 269.722787
                }
            },
            {
                "time": "2017-10-24T20:44:56.058Z",
                "type": "END",
                "source": "data:click:h_pos",
                "_t": "14:44:56",
                "_end": "-",
                "data": {
                    "lbl": {
                        "time": 269.722787,
                        "endTime": 279.0067016246678,
                        "type": "pill",
                        "id": 5
                    }
                }
            },
            {
                "time": "2017-10-24T20:45:03.359Z",
                "type": "START",
                "source": "side-bar:button",
                "_t": "14:45:03",
                "_end": "-",
                "data": {
                    "type": "move",
                    "time": 331.054853
                }
            },
            {
                "time": "2017-10-24T20:45:05.095Z",
                "type": "END",
                "source": "data:click:h_pos",
                "_t": "14:45:05",
                "_end": "-",
                "data": {
                    "lbl": {
                        "time": 331.054853,
                        "endTime": 334.9042812414717,
                        "type": "move",
                        "id": 6
                    }
                }
            },
            {
                "time": "2017-10-24T20:45:16.775Z",
                "type": "START",
                "source": "side-bar:button",
                "_t": "14:45:16",
                "_end": "-",
                "data": {
                    "type": "move",
                    "time": 446.86118
                }
            },
            {
                "time": "2017-10-24T20:45:20.700Z",
                "type": "END",
                "source": "data:click:h_pos",
                "_t": "14:45:20",
                "_end": "-",
                "data": {
                    "lbl": {
                        "time": 446.86118,
                        "endTime": 449.1578976902855,
                        "type": "move",
                        "id": 7
                    }
                }
            },
            {
                "time": "2017-10-24T20:45:27.199Z",
                "type": "START",
                "source": "side-bar:button",
                "_t": "14:45:27",
                "_end": "-",
                "data": {
                    "type": "pill",
                    "time": 564.220218
                }
            },
            {
                "time": "2017-10-24T20:45:29.814Z",
                "type": "END",
                "source": "data:click:h_pos",
                "_t": "14:45:29",
                "_end": "-",
                "data": {
                    "lbl": {
                        "time": 564.220218,
                        "endTime": 573.1159555328129,
                        "type": "pill",
                        "id": 8
                    }
                }
            },
            {
                "time": "2017-10-24T20:45:34.376Z",
                "type": "START",
                "source": "side-bar:button",
                "_t": "14:45:34",
                "_end": "-",
                "data": {
                    "type": "move",
                    "time": 608.860646
                }
            },
            {
                "time": "2017-10-24T20:45:36.592Z",
                "type": "END",
                "source": "data:click:h_pos",
                "_t": "14:45:36",
                "_end": "-",
                "data": {
                    "lbl": {
                        "time": 608.860646,
                        "endTime": 613.0982518792672,
                        "type": "move",
                        "id": 9
                    }
                }
            }
        ],
        "navigationEvents": [
            {
                "time": {
                    "start": "2017-10-24T20:43:14.200Z",
                    "end": "2017-10-24T20:43:39.957Z"
                },
                "type": "SCRUB",
                "source": "data:drag",
                "_t": "14:43:14",
                "_end": "14:43:39",
                "data": {
                    "time": 45.033715
                }
            },
            {
                "time": {
                    "start": "2017-10-24T20:43:14.200Z",
                    "end": "2017-10-24T20:43:44.963Z"
                },
                "type": "SCRUB",
                "source": "data:drag",
                "_t": "14:43:14",
                "_end": "14:43:44",
                "data": {
                    "time": 45.422859
                }
            },
            {
                "time": {
                    "start": "2017-10-24T20:43:14.200Z",
                    "end": "2017-10-24T20:43:49.132Z"
                },
                "type": "SCRUB",
                "source": "data:drag",
                "_t": "14:43:14",
                "_end": "14:43:49",
                "data": {
                    "time": 49.584573
                }
            },
            {
                "time": "2017-10-24T20:43:51.950Z",
                "type": "PAUSE",
                "source": "video:button",
                "_t": "14:43:51",
                "_end": "-"
            },
            {
                "time": {
                    "start": "2017-10-24T20:43:14.200Z",
                    "end": "2017-10-24T20:43:55.948Z"
                },
                "type": "SCRUB",
                "source": "data:drag",
                "_t": "14:43:14",
                "_end": "14:43:55",
                "data": {
                    "time": 52.40801
                }
            },
            {
                "time": {
                    "start": "2017-10-24T20:43:14.200Z",
                    "end": "2017-10-24T20:43:57.260Z"
                },
                "type": "SCRUB",
                "source": "data:drag",
                "_t": "14:43:14",
                "_end": "14:43:57",
                "data": {
                    "time": 52.40801
                }
            },
            {
                "time": {
                    "start": "2017-10-24T20:43:14.200Z",
                    "end": "2017-10-24T20:44:00.901Z"
                },
                "type": "SCRUB",
                "source": "data:drag",
                "_t": "14:43:14",
                "_end": "14:44:00",
                "data": {
                    "time": 52.40801
                }
            },
            {
                "time": {
                    "start": "2017-10-24T20:43:14.200Z",
                    "end": "2017-10-24T20:44:07.278Z"
                },
                "type": "SCRUB",
                "source": "data:drag",
                "_t": "14:43:14",
                "_end": "14:44:07",
                "data": {
                    "time": 52.40801
                }
            },
            {
                "time": {
                    "start": "2017-10-24T20:43:14.200Z",
                    "end": "2017-10-24T20:44:11.692Z"
                },
                "type": "SCRUB",
                "source": "data:drag",
                "_t": "14:43:14",
                "_end": "14:44:11",
                "data": {
                    "time": 52.40801
                }
            },
            {
                "time": {
                    "start": "2017-10-24T20:43:14.200Z",
                    "end": "2017-10-24T20:44:14.372Z"
                },
                "type": "SCRUB",
                "source": "data:drag",
                "_t": "14:43:14",
                "_end": "14:44:14",
                "data": {
                    "time": 63.85925
                }
            },
            {
                "time": {
                    "start": "2017-10-24T20:43:14.200Z",
                    "end": "2017-10-24T20:44:18.105Z"
                },
                "type": "SCRUB",
                "source": "data:drag",
                "_t": "14:43:14",
                "_end": "14:44:18",
                "data": {
                    "time": 63.85925
                }
            },
            {
                "time": {
                    "start": "2017-10-24T20:43:14.200Z",
                    "end": "2017-10-24T20:44:29.404Z"
                },
                "type": "SCRUB",
                "source": "data:drag",
                "_t": "14:43:14",
                "_end": "14:44:29",
                "data": {
                    "time": 125.708886
                }
            },
            {
                "time": {
                    "start": "2017-10-24T20:43:14.200Z",
                    "end": "2017-10-24T20:44:33.730Z"
                },
                "type": "SCRUB",
                "source": "data:drag",
                "_t": "14:43:14",
                "_end": "14:44:33",
                "data": {
                    "time": 125.708886
                }
            },
            {
                "time": {
                    "start": "2017-10-24T20:43:14.200Z",
                    "end": "2017-10-24T20:44:35.565Z"
                },
                "type": "SCRUB",
                "source": "data:drag",
                "_t": "14:43:14",
                "_end": "14:44:35",
                "data": {
                    "time": 201.985791
                }
            },
            {
                "time": {
                    "start": "2017-10-24T20:43:14.200Z",
                    "end": "2017-10-24T20:44:39.322Z"
                },
                "type": "SCRUB",
                "source": "data:drag",
                "_t": "14:43:14",
                "_end": "14:44:39",
                "data": {
                    "time": 178.04817
                }
            },
            {
                "time": {
                    "start": "2017-10-24T20:43:14.200Z",
                    "end": "2017-10-24T20:44:42.226Z"
                },
                "type": "SCRUB",
                "source": "data:drag",
                "_t": "14:43:14",
                "_end": "14:44:42",
                "data": {
                    "time": 178.04817
                }
            },
            {
                "time": {
                    "start": "2017-10-24T20:43:14.200Z",
                    "end": "2017-10-24T20:44:44.095Z"
                },
                "type": "SCRUB",
                "source": "data:drag",
                "_t": "14:43:14",
                "_end": "14:44:44",
                "data": {
                    "time": 241.062339
                }
            },
            {
                "time": {
                    "start": "2017-10-24T20:43:14.200Z",
                    "end": "2017-10-24T20:44:47.283Z"
                },
                "type": "SCRUB",
                "source": "data:drag",
                "_t": "14:43:14",
                "_end": "14:44:47",
                "data": {
                    "time": 269.722787
                }
            },
            {
                "time": {
                    "start": "2017-10-24T20:43:14.200Z",
                    "end": "2017-10-24T20:44:53.435Z"
                },
                "type": "SCRUB",
                "source": "data:drag",
                "_t": "14:43:14",
                "_end": "14:44:53",
                "data": {
                    "time": 269.852179
                }
            },
            {
                "time": {
                    "start": "2017-10-24T20:43:14.200Z",
                    "end": "2017-10-24T20:44:56.052Z"
                },
                "type": "SCRUB",
                "source": "data:drag",
                "_t": "14:43:14",
                "_end": "14:44:56",
                "data": {
                    "time": 269.852179
                }
            },
            {
                "time": {
                    "start": "2017-10-24T20:43:14.200Z",
                    "end": "2017-10-24T20:45:02.077Z"
                },
                "type": "SCRUB",
                "source": "data:drag",
                "_t": "14:43:14",
                "_end": "14:45:02",
                "data": {
                    "time": 331.054853
                }
            },
            {
                "time": {
                    "start": "2017-10-24T20:43:14.200Z",
                    "end": "2017-10-24T20:45:05.090Z"
                },
                "type": "SCRUB",
                "source": "data:drag",
                "_t": "14:43:14",
                "_end": "14:45:05",
                "data": {
                    "time": 331.054853
                }
            },
            {
                "time": {
                    "start": "2017-10-24T20:43:14.200Z",
                    "end": "2017-10-24T20:45:06.756Z"
                },
                "type": "SCRUB",
                "source": "data:drag",
                "_t": "14:43:14",
                "_end": "14:45:06",
                "data": {
                    "time": 420.594494
                }
            },
            {
                "time": {
                    "start": "2017-10-24T20:43:14.200Z",
                    "end": "2017-10-24T20:45:09.989Z"
                },
                "type": "SCRUB",
                "source": "data:drag",
                "_t": "14:43:14",
                "_end": "14:45:09",
                "data": {
                    "time": 446.86118
                }
            },
            {
                "time": {
                    "start": "2017-10-24T20:43:14.200Z",
                    "end": "2017-10-24T20:45:20.698Z"
                },
                "type": "SCRUB",
                "source": "data:drag",
                "_t": "14:43:14",
                "_end": "14:45:20",
                "data": {
                    "time": 446.86118
                }
            },
            {
                "time": {
                    "start": "2017-10-24T20:43:14.200Z",
                    "end": "2017-10-24T20:45:22.341Z"
                },
                "type": "SCRUB",
                "source": "data:drag",
                "_t": "14:43:14",
                "_end": "14:45:22",
                "data": {
                    "time": 533.424793
                }
            },
            {
                "time": {
                    "start": "2017-10-24T20:43:14.200Z",
                    "end": "2017-10-24T20:45:25.013Z"
                },
                "type": "SCRUB",
                "source": "data:drag",
                "_t": "14:43:14",
                "_end": "14:45:25",
                "data": {
                    "time": 564.220218
                }
            },
            {
                "time": {
                    "start": "2017-10-24T20:43:14.200Z",
                    "end": "2017-10-24T20:45:29.809Z"
                },
                "type": "SCRUB",
                "source": "data:drag",
                "_t": "14:43:14",
                "_end": "14:45:29",
                "data": {
                    "time": 564.220218
                }
            },
            {
                "time": {
                    "start": "2017-10-24T20:43:14.200Z",
                    "end": "2017-10-24T20:45:32.941Z"
                },
                "type": "SCRUB",
                "source": "data:drag",
                "_t": "14:43:14",
                "_end": "14:45:32",
                "data": {
                    "time": 608.860646
                }
            },
            {
                "time": {
                    "start": "2017-10-24T20:43:14.200Z",
                    "end": "2017-10-24T20:45:36.587Z"
                },
                "type": "SCRUB",
                "source": "data:drag",
                "_t": "14:43:14",
                "_end": "14:45:36",
                "data": {
                    "time": 608.860646
                }
            }
        ]
    }
}