{
    "user_id": "034",
    "session_id": "59efacf35efd4d725417b8c9",
    "study": "studyD",
    "workspace": "pill.pills-pink",
    "details": {
        "workspace": "pill.pills-pink",
        "labels": [
            {
                "time": 45.293724,
                "endTime": 53.20954969105714,
                "type": "pill",
                "id": 1
            },
            {
                "time": 63.880884,
                "endTime": 69.04120074796764,
                "type": "move",
                "id": 2
            },
            {
                "time": 125.754582,
                "endTime": 136.4259166341517,
                "type": "pill",
                "id": 3
            },
            {
                "time": 178.259551,
                "endTime": 180.76455913008138,
                "type": "move",
                "id": 4
            },
            {
                "time": 269.842646,
                "endTime": 279.01097575610214,
                "type": "pill",
                "id": 5
            },
            {
                "time": 331.11514432519823,
                "endTime": 334.82255635772754,
                "type": "move",
                "id": 6
            },
            {
                "time": 446.796414,
                "endTime": 449.1511216422732,
                "type": "move",
                "id": 7
            },
            {
                "time": 564.1810905121831,
                "endTime": 573.0989194552435,
                "type": "pill",
                "id": 8
            }
        ],
        "_starts": [
            "2017-10-24T21:43:13.000Z"
        ],
        "_ends": [
            "2017-10-24T21:45:27.301Z"
        ]
    },
    "labels_file": "/home/ubuntu/vat/data/user-studies/studyD/pills-pink/034.labels.json",
    "videoFlash": 0.561365,
    "surveys": {
        "user-info": {
            "firstname": "Krystal",
            "lastname": "Foutz",
            "email": "foutz.krystal@gmail.com"
        },
        "practice-first": {
            "question1": "0",
            "question2": "okay",
            "question3": "20",
            "question4": "1"
        },
        "practice-second": {},
        "practice-third": {},
        "practice-survey": {},
        "pill-blue": {
            "question1": "2",
            "question2": "2",
            "question3": "80",
            "question4": "90"
        },
        "pill-red": {
            "question1": "-1",
            "question2": "1",
            "question3": "30",
            "question4": "30"
        },
        "pill-orange": {
            "question1": "1",
            "question2": "1",
            "question3": "100",
            "question4": "100"
        },
        "pills-survey": {
            "question1": "2",
            "question2": "-1",
            "question3": "2",
            "question4": "1"
        },
        "run-blue": {
            "question1": "2",
            "question2": "1",
            "question3": "40",
            "question4": "80"
        },
        "run-yellow": {
            "question1": "0",
            "question2": "2",
            "question3": "40",
            "question4": "80"
        },
        "run-red": {
            "question1": "1",
            "question2": "2",
            "question3": "100",
            "question4": "90"
        },
        "run-survey": {
            "question1": "2",
            "question2": "-1",
            "question3": "2",
            "question4": "2"
        }
    },
    "logs": {
        "labelEvents": [
            {
                "time": "2017-10-24T21:43:35.666Z",
                "type": "START",
                "source": "hotkey",
                "_t": "15:43:35",
                "_end": "-",
                "data": {
                    "type": "pill",
                    "time": 45.293724
                }
            },
            {
                "time": "2017-10-24T21:43:40.905Z",
                "type": "END",
                "source": "hotkey:h_pos",
                "_t": "15:43:40",
                "_end": "-",
                "data": {
                    "lbl": {
                        "time": 45.293724,
                        "endTime": 53.20954969105714,
                        "type": "pill",
                        "id": 1
                    },
                    "key": "enter"
                }
            },
            {
                "time": "2017-10-24T21:43:56.554Z",
                "type": "START",
                "source": "hotkey",
                "_t": "15:43:56",
                "_end": "-",
                "data": {
                    "type": "move",
                    "time": 63.880884
                }
            },
            {
                "time": "2017-10-24T21:43:59.162Z",
                "type": "END",
                "source": "hotkey:h_pos",
                "_t": "15:43:59",
                "_end": "-",
                "data": {
                    "lbl": {
                        "time": 63.880884,
                        "endTime": 69.04120074796764,
                        "type": "move",
                        "id": 2
                    },
                    "key": "enter"
                }
            },
            {
                "time": "2017-10-24T21:44:06.187Z",
                "type": "START",
                "source": "hotkey",
                "_t": "15:44:06",
                "_end": "-",
                "data": {
                    "type": "pill",
                    "time": 125.754582
                }
            },
            {
                "time": "2017-10-24T21:44:09.098Z",
                "type": "END",
                "source": "hotkey:h_pos",
                "_t": "15:44:09",
                "_end": "-",
                "data": {
                    "lbl": {
                        "time": 125.754582,
                        "endTime": 136.4259166341517,
                        "type": "pill",
                        "id": 3
                    },
                    "key": "enter"
                }
            },
            {
                "time": "2017-10-24T21:44:13.052Z",
                "type": "START",
                "source": "hotkey",
                "_t": "15:44:13",
                "_end": "-",
                "data": {
                    "type": "move",
                    "time": 178.259551
                }
            },
            {
                "time": "2017-10-24T21:44:15.050Z",
                "type": "END",
                "source": "hotkey:h_pos",
                "_t": "15:44:15",
                "_end": "-",
                "data": {
                    "lbl": {
                        "time": 178.259551,
                        "endTime": 180.76455913008138,
                        "type": "move",
                        "id": 4
                    },
                    "key": "enter"
                }
            },
            {
                "time": "2017-10-24T21:44:23.755Z",
                "type": "START",
                "source": "hotkey",
                "_t": "15:44:23",
                "_end": "-",
                "data": {
                    "type": "move",
                    "time": 269.842646
                }
            },
            {
                "time": "2017-10-24T21:44:24.555Z",
                "type": "START",
                "source": "hotkey",
                "_t": "15:44:24",
                "_end": "-",
                "data": {
                    "type": "pill",
                    "time": 269.842646
                }
            },
            {
                "time": "2017-10-24T21:44:27.562Z",
                "type": "END",
                "source": "hotkey:h_pos",
                "_t": "15:44:27",
                "_end": "-",
                "data": {
                    "lbl": {
                        "time": 269.842646,
                        "endTime": 279.01097575610214,
                        "type": "pill",
                        "id": 5
                    },
                    "key": "enter"
                }
            },
            {
                "time": "2017-10-24T21:44:31.020Z",
                "type": "SELECT",
                "source": "data:click",
                "_t": "15:44:31",
                "_end": "-",
                "data": {
                    "time": 269.842646,
                    "endTime": 279.01097575610214,
                    "type": "pill",
                    "id": 5
                }
            },
            {
                "time": {
                    "start": "2017-10-24T21:44:31.882Z",
                    "end": "2017-10-24T21:44:33.403Z"
                },
                "type": "RESIZE",
                "source": "data:brush",
                "_t": "15:44:31",
                "_end": "15:44:33",
                "data": {
                    "brushing": true,
                    "origin": [
                        269.842646,
                        279.1612762439071
                    ],
                    "_brushside": 1,
                    "start": "2017-10-24T21:44:31.882Z",
                    "ε": 0.1,
                    "mode": "resize"
                }
            },
            {
                "time": "2017-10-24T21:44:36.921Z",
                "type": "START",
                "source": "hotkey",
                "_t": "15:44:36",
                "_end": "-",
                "data": {
                    "type": "move",
                    "time": 331.014944
                }
            },
            {
                "time": "2017-10-24T21:44:39.739Z",
                "type": "END",
                "source": "hotkey:h_pos",
                "_t": "15:44:39",
                "_end": "-",
                "data": {
                    "lbl": {
                        "time": 331.11514432519823,
                        "endTime": 334.82255635772754,
                        "type": "move",
                        "id": 6
                    },
                    "key": "enter"
                }
            },
            {
                "time": "2017-10-24T21:44:42.196Z",
                "type": "SELECT",
                "source": "data:click",
                "_t": "15:44:42",
                "_end": "-",
                "data": {
                    "time": 331.11514432519823,
                    "endTime": 334.82255635772754,
                    "type": "move",
                    "id": 6
                }
            },
            {
                "time": {
                    "start": "2017-10-24T21:44:43.163Z",
                    "end": "2017-10-24T21:44:46.179Z"
                },
                "type": "RESIZE",
                "source": "data:brush",
                "_t": "15:44:43",
                "_end": "15:44:46",
                "data": {
                    "brushing": true,
                    "origin": [
                        331.014944,
                        334.8225563577255
                    ],
                    "_brushside": 0,
                    "start": "2017-10-24T21:44:43.163Z",
                    "ε": 0.1,
                    "mode": "resize"
                }
            },
            {
                "time": "2017-10-24T21:44:46.696Z",
                "type": "DESELECT",
                "source": "data:click",
                "_t": "15:44:46",
                "_end": "-",
                "data": {
                    "time": 331.11514432519823,
                    "endTime": 334.82255635772754,
                    "type": "move",
                    "id": 6
                }
            },
            {
                "time": "2017-10-24T21:44:54.187Z",
                "type": "START",
                "source": "hotkey",
                "_t": "15:44:54",
                "_end": "-",
                "data": {
                    "type": "move",
                    "time": 446.796414
                }
            },
            {
                "time": "2017-10-24T21:44:55.963Z",
                "type": "END",
                "source": "hotkey:h_pos",
                "_t": "15:44:55",
                "_end": "-",
                "data": {
                    "lbl": {
                        "time": 446.796414,
                        "endTime": 449.1511216422732,
                        "type": "move",
                        "id": 7
                    },
                    "key": "enter"
                }
            },
            {
                "time": "2017-10-24T21:45:07.787Z",
                "type": "START",
                "source": "hotkey",
                "_t": "15:45:07",
                "_end": "-",
                "data": {
                    "type": "pill",
                    "time": 564.331391
                }
            },
            {
                "time": "2017-10-24T21:45:12.059Z",
                "type": "END",
                "source": "hotkey:h_pos",
                "_t": "15:45:12",
                "_end": "-",
                "data": {
                    "lbl": {
                        "time": 564.1810905121831,
                        "endTime": 573.0989194552435,
                        "type": "pill",
                        "id": 8
                    },
                    "key": "enter"
                }
            },
            {
                "time": "2017-10-24T21:45:13.869Z",
                "type": "SELECT",
                "source": "data:click",
                "_t": "15:45:13",
                "_end": "-",
                "data": {
                    "time": 564.1810905121831,
                    "endTime": 573.0989194552435,
                    "type": "pill",
                    "id": 8
                }
            },
            {
                "time": {
                    "start": "2017-10-24T21:45:15.518Z",
                    "end": "2017-10-24T21:45:16.635Z"
                },
                "type": "RESIZE",
                "source": "data:brush",
                "_t": "15:45:15",
                "_end": "15:45:16",
                "data": {
                    "brushing": true,
                    "origin": [
                        564.331391,
                        573.098919455289
                    ],
                    "_brushside": 0,
                    "start": "2017-10-24T21:45:15.518Z",
                    "ε": 0.1,
                    "mode": "resize"
                }
            }
        ],
        "navigationEvents": [
            {
                "time": {
                    "start": "2017-10-24T21:43:13.559Z",
                    "end": "2017-10-24T21:43:25.268Z"
                },
                "type": "SCRUB",
                "source": "data:drag",
                "_t": "15:43:13",
                "_end": "15:43:25",
                "data": {
                    "time": 28.974469
                }
            },
            {
                "time": {
                    "start": "2017-10-24T21:43:13.559Z",
                    "end": "2017-10-24T21:43:29.169Z"
                },
                "type": "SCRUB",
                "source": "data:drag",
                "_t": "15:43:13",
                "_end": "15:43:29",
                "data": {
                    "time": 46.029944
                }
            },
            {
                "time": {
                    "start": "2017-10-24T21:43:13.559Z",
                    "end": "2017-10-24T21:43:29.809Z"
                },
                "type": "SCRUB",
                "source": "data:drag",
                "_t": "15:43:13",
                "_end": "15:43:29",
                "data": {
                    "time": 45.314087
                }
            },
            {
                "time": "2017-10-24T21:43:29.898Z",
                "type": "PAUSE",
                "source": "hotkey",
                "_t": "15:43:29",
                "_end": "-",
                "data": {
                    "key": "space"
                }
            },
            {
                "time": {
                    "start": "2017-10-24T21:43:13.559Z",
                    "end": "2017-10-24T21:43:33.470Z"
                },
                "type": "SCRUB",
                "source": "data:drag",
                "_t": "15:43:13",
                "_end": "15:43:33",
                "data": {
                    "time": 45.293724
                }
            },
            {
                "time": {
                    "start": "2017-10-24T21:43:13.559Z",
                    "end": "2017-10-24T21:43:47.135Z"
                },
                "type": "SCRUB",
                "source": "data:drag",
                "_t": "15:43:13",
                "_end": "15:43:47",
                "data": {
                    "time": 63.780684
                }
            },
            {
                "time": {
                    "start": "2017-10-24T21:43:13.559Z",
                    "end": "2017-10-24T21:43:56.338Z"
                },
                "type": "SCRUB",
                "source": "data:drag",
                "_t": "15:43:13",
                "_end": "15:43:56",
                "data": {
                    "time": 63.880884
                }
            },
            {
                "time": {
                    "start": "2017-10-24T21:43:13.559Z",
                    "end": "2017-10-24T21:44:00.207Z"
                },
                "type": "SCRUB",
                "source": "data:drag",
                "_t": "15:43:13",
                "_end": "15:44:00",
                "data": {
                    "time": 92.738577
                }
            },
            {
                "time": {
                    "start": "2017-10-24T21:43:13.559Z",
                    "end": "2017-10-24T21:44:01.239Z"
                },
                "type": "SCRUB",
                "source": "data:drag",
                "_t": "15:43:13",
                "_end": "15:44:01",
                "data": {
                    "time": 111.826738
                }
            },
            {
                "time": {
                    "start": "2017-10-24T21:43:13.559Z",
                    "end": "2017-10-24T21:44:02.462Z"
                },
                "type": "SCRUB",
                "source": "data:drag",
                "_t": "15:43:13",
                "_end": "15:44:02",
                "data": {
                    "time": 122.848773
                }
            },
            {
                "time": {
                    "start": "2017-10-24T21:43:13.559Z",
                    "end": "2017-10-24T21:44:05.226Z"
                },
                "type": "SCRUB",
                "source": "data:drag",
                "_t": "15:43:13",
                "_end": "15:44:05",
                "data": {
                    "time": 125.754582
                }
            },
            {
                "time": {
                    "start": "2017-10-24T21:43:13.559Z",
                    "end": "2017-10-24T21:44:10.521Z"
                },
                "type": "SCRUB",
                "source": "data:drag",
                "_t": "15:43:13",
                "_end": "15:44:10",
                "data": {
                    "time": 156.415881
                }
            },
            {
                "time": {
                    "start": "2017-10-24T21:43:13.559Z",
                    "end": "2017-10-24T21:44:12.808Z"
                },
                "type": "SCRUB",
                "source": "data:drag",
                "_t": "15:43:13",
                "_end": "15:44:12",
                "data": {
                    "time": 178.259551
                }
            },
            {
                "time": {
                    "start": "2017-10-24T21:43:13.559Z",
                    "end": "2017-10-24T21:44:16.233Z"
                },
                "type": "SCRUB",
                "source": "data:drag",
                "_t": "15:43:13",
                "_end": "15:44:16",
                "data": {
                    "time": 180.163357
                }
            },
            {
                "time": {
                    "start": "2017-10-24T21:43:13.559Z",
                    "end": "2017-10-24T21:44:17.182Z"
                },
                "type": "SCRUB",
                "source": "data:drag",
                "_t": "15:43:13",
                "_end": "15:44:17",
                "data": {
                    "time": 204.712436
                }
            },
            {
                "time": {
                    "start": "2017-10-24T21:43:13.559Z",
                    "end": "2017-10-24T21:44:18.257Z"
                },
                "type": "SCRUB",
                "source": "data:drag",
                "_t": "15:43:13",
                "_end": "15:44:18",
                "data": {
                    "time": 227.508009
                }
            },
            {
                "time": {
                    "start": "2017-10-24T21:43:13.559Z",
                    "end": "2017-10-24T21:44:19.024Z"
                },
                "type": "SCRUB",
                "source": "data:drag",
                "_t": "15:43:13",
                "_end": "15:44:19",
                "data": {
                    "time": 257.117205
                }
            },
            {
                "time": {
                    "start": "2017-10-24T21:43:13.559Z",
                    "end": "2017-10-24T21:44:22.187Z"
                },
                "type": "SCRUB",
                "source": "data:drag",
                "_t": "15:43:13",
                "_end": "15:44:22",
                "data": {
                    "time": 269.842646
                }
            },
            {
                "time": {
                    "start": "2017-10-24T21:43:13.559Z",
                    "end": "2017-10-24T21:44:28.673Z"
                },
                "type": "SCRUB",
                "source": "data:drag",
                "_t": "15:43:13",
                "_end": "15:44:28",
                "data": {
                    "time": 301.004947
                }
            },
            {
                "time": {
                    "start": "2017-10-24T21:43:13.559Z",
                    "end": "2017-10-24T21:44:31.018Z"
                },
                "type": "SCRUB",
                "source": "data:drag",
                "_t": "15:43:13",
                "_end": "15:44:31",
                "data": {
                    "time": 301.004947
                }
            },
            {
                "time": {
                    "start": "2017-10-24T21:43:13.559Z",
                    "end": "2017-10-24T21:44:33.411Z"
                },
                "type": "SCRUB",
                "source": "data:drag",
                "_t": "15:43:13",
                "_end": "15:44:33",
                "data": {
                    "time": 301.004947
                }
            },
            {
                "time": {
                    "start": "2017-10-24T21:43:13.559Z",
                    "end": "2017-10-24T21:44:34.808Z"
                },
                "type": "SCRUB",
                "source": "data:drag",
                "_t": "15:43:13",
                "_end": "15:44:34",
                "data": {
                    "time": 327.908734
                }
            },
            {
                "time": {
                    "start": "2017-10-24T21:43:13.559Z",
                    "end": "2017-10-24T21:44:36.824Z"
                },
                "type": "SCRUB",
                "source": "data:drag",
                "_t": "15:43:13",
                "_end": "15:44:36",
                "data": {
                    "time": 331.014944
                }
            },
            {
                "time": {
                    "start": "2017-10-24T21:43:13.559Z",
                    "end": "2017-10-24T21:44:40.909Z"
                },
                "type": "SCRUB",
                "source": "data:drag",
                "_t": "15:43:13",
                "_end": "15:44:40",
                "data": {
                    "time": 333.720352
                }
            },
            {
                "time": {
                    "start": "2017-10-24T21:43:13.559Z",
                    "end": "2017-10-24T21:44:42.194Z"
                },
                "type": "SCRUB",
                "source": "data:drag",
                "_t": "15:43:13",
                "_end": "15:44:42",
                "data": {
                    "time": 333.720352
                }
            },
            {
                "time": {
                    "start": "2017-10-24T21:43:13.559Z",
                    "end": "2017-10-24T21:44:46.188Z"
                },
                "type": "SCRUB",
                "source": "data:drag",
                "_t": "15:43:13",
                "_end": "15:44:46",
                "data": {
                    "time": 333.720352
                }
            },
            {
                "time": {
                    "start": "2017-10-24T21:43:13.559Z",
                    "end": "2017-10-24T21:44:46.696Z"
                },
                "type": "SCRUB",
                "source": "data:drag",
                "_t": "15:43:13",
                "_end": "15:44:46",
                "data": {
                    "time": 333.720352
                }
            },
            {
                "time": {
                    "start": "2017-10-24T21:43:13.559Z",
                    "end": "2017-10-24T21:44:47.931Z"
                },
                "type": "SCRUB",
                "source": "data:drag",
                "_t": "15:43:13",
                "_end": "15:44:47",
                "data": {
                    "time": 365.383654
                }
            },
            {
                "time": {
                    "start": "2017-10-24T21:43:13.559Z",
                    "end": "2017-10-24T21:44:49.593Z"
                },
                "type": "SCRUB",
                "source": "data:drag",
                "_t": "15:43:13",
                "_end": "15:44:49",
                "data": {
                    "time": 385.373618
                }
            },
            {
                "time": {
                    "start": "2017-10-24T21:43:13.559Z",
                    "end": "2017-10-24T21:44:50.037Z"
                },
                "type": "SCRUB",
                "source": "data:drag",
                "_t": "15:43:13",
                "_end": "15:44:50",
                "data": {
                    "time": 413.680209
                }
            },
            {
                "time": {
                    "start": "2017-10-24T21:43:13.559Z",
                    "end": "2017-10-24T21:44:50.992Z"
                },
                "type": "SCRUB",
                "source": "data:drag",
                "_t": "15:43:13",
                "_end": "15:44:50",
                "data": {
                    "time": 437.377585
                }
            },
            {
                "time": {
                    "start": "2017-10-24T21:43:13.559Z",
                    "end": "2017-10-24T21:44:52.802Z"
                },
                "type": "SCRUB",
                "source": "data:drag",
                "_t": "15:43:13",
                "_end": "15:44:52",
                "data": {
                    "time": 446.896615
                }
            },
            {
                "time": {
                    "start": "2017-10-24T21:43:13.559Z",
                    "end": "2017-10-24T21:44:54.078Z"
                },
                "type": "SCRUB",
                "source": "data:drag",
                "_t": "15:43:13",
                "_end": "15:44:54",
                "data": {
                    "time": 446.796414
                }
            },
            {
                "time": {
                    "start": "2017-10-24T21:43:13.559Z",
                    "end": "2017-10-24T21:44:57.609Z"
                },
                "type": "SCRUB",
                "source": "data:drag",
                "_t": "15:43:13",
                "_end": "15:44:57",
                "data": {
                    "time": 447.998817
                }
            },
            {
                "time": {
                    "start": "2017-10-24T21:43:13.559Z",
                    "end": "2017-10-24T21:45:00.894Z"
                },
                "type": "SCRUB",
                "source": "data:drag",
                "_t": "15:43:13",
                "_end": "15:45:00",
                "data": {
                    "time": 461.826461
                }
            },
            {
                "time": {
                    "start": "2017-10-24T21:43:13.559Z",
                    "end": "2017-10-24T21:45:01.714Z"
                },
                "type": "SCRUB",
                "source": "data:drag",
                "_t": "15:43:13",
                "_end": "15:45:01",
                "data": {
                    "time": 493.990765
                }
            },
            {
                "time": {
                    "start": "2017-10-24T21:43:13.559Z",
                    "end": "2017-10-24T21:45:02.415Z"
                },
                "type": "SCRUB",
                "source": "data:drag",
                "_t": "15:43:13",
                "_end": "15:45:02",
                "data": {
                    "time": 521.545854
                }
            },
            {
                "time": {
                    "start": "2017-10-24T21:43:13.559Z",
                    "end": "2017-10-24T21:45:03.217Z"
                },
                "type": "SCRUB",
                "source": "data:drag",
                "_t": "15:43:13",
                "_end": "15:45:03",
                "data": {
                    "time": 550.904548
                }
            },
            {
                "time": {
                    "start": "2017-10-24T21:43:13.559Z",
                    "end": "2017-10-24T21:45:06.403Z"
                },
                "type": "SCRUB",
                "source": "data:drag",
                "_t": "15:43:13",
                "_end": "15:45:06",
                "data": {
                    "time": 564.331391
                }
            },
            {
                "time": {
                    "start": "2017-10-24T21:43:13.559Z",
                    "end": "2017-10-24T21:45:13.230Z"
                },
                "type": "SCRUB",
                "source": "data:drag",
                "_t": "15:43:13",
                "_end": "15:45:13",
                "data": {
                    "time": 561.07488
                }
            },
            {
                "time": {
                    "start": "2017-10-24T21:43:13.559Z",
                    "end": "2017-10-24T21:45:13.866Z"
                },
                "type": "SCRUB",
                "source": "data:drag",
                "_t": "15:43:13",
                "_end": "15:45:13",
                "data": {
                    "time": 561.07488
                }
            },
            {
                "time": {
                    "start": "2017-10-24T21:43:13.559Z",
                    "end": "2017-10-24T21:45:16.644Z"
                },
                "type": "SCRUB",
                "source": "data:drag",
                "_t": "15:43:13",
                "_end": "15:45:16",
                "data": {
                    "time": 561.07488
                }
            },
            {
                "time": {
                    "start": "2017-10-24T21:43:13.559Z",
                    "end": "2017-10-24T21:45:21.528Z"
                },
                "type": "SCRUB",
                "source": "data:drag",
                "_t": "15:43:13",
                "_end": "15:45:21",
                "data": {
                    "time": 551.95665
                }
            },
            {
                "time": {
                    "start": "2017-10-24T21:43:13.559Z",
                    "end": "2017-10-24T21:45:22.824Z"
                },
                "type": "SCRUB",
                "source": "data:drag",
                "_t": "15:43:13",
                "_end": "15:45:22",
                "data": {
                    "time": 581.114944
                }
            },
            {
                "time": {
                    "start": "2017-10-24T21:43:13.559Z",
                    "end": "2017-10-24T21:45:24.613Z"
                },
                "type": "SCRUB",
                "source": "data:drag",
                "_t": "15:43:13",
                "_end": "15:45:24",
                "data": {
                    "time": 597.197096
                }
            }
        ]
    }
}