{
    "user_id": "039",
    "session_id": "59eff2a05efd4d725417b8fb",
    "study": "studyD",
    "workspace": "pill.pills-pink",
    "details": {
        "workspace": "pill.pills-pink",
        "labels": [
            {
                "time": 45.566832,
                "endTime": 53.47867603251999,
                "type": "pill",
                "id": 1
            },
            {
                "time": 63.369474,
                "endTime": 69.1810928617874,
                "type": "move",
                "id": 2
            },
            {
                "time": 125.794276,
                "endTime": 136.81631177235283,
                "type": "pill",
                "id": 3
            },
            {
                "time": 178.148945,
                "endTime": 181.65595538211392,
                "type": "move",
                "id": 4
            },
            {
                "time": 269.331238,
                "endTime": 279.7520718211336,
                "type": "pill",
                "id": 5
            },
            {
                "time": 330.854236,
                "endTime": 335.4634509593519,
                "type": "move",
                "id": 6
            },
            {
                "time": 445.683807,
                "endTime": 449.8922206585387,
                "type": "move",
                "id": 7
            },
            {
                "time": 563.369087,
                "endTime": 573.7899208211238,
                "type": "pill",
                "id": 8
            },
            {
                "time": 608.158632,
                "endTime": 613.6696495609783,
                "type": "move",
                "id": 9
            }
        ],
        "_starts": [
            "2017-10-25T02:38:32.000Z"
        ],
        "_ends": [
            "2017-10-25T02:39:39.114Z"
        ]
    },
    "labels_file": "/home/ubuntu/vat/data/user-studies/studyD/pills-pink/039.labels.json",
    "videoFlash": 0.561365,
    "surveys": {
        "user-info": {
            "firstname": "Taylor",
            "lastname": "Ouimette",
            "email": "touimette11@gmail.com"
        },
        "practice-first": {
            "question1": "1",
            "question2": "ok",
            "question3": "80",
            "question4": "1"
        },
        "practice-second": {},
        "practice-third": {},
        "practice-survey": {},
        "pill-blue": {
            "question1": "2",
            "question2": "2",
            "question3": "50",
            "question4": "90"
        },
        "pill-red": {
            "question1": "0",
            "question2": "1",
            "question3": "50",
            "question4": "90"
        },
        "pill-orange": {
            "question1": "1",
            "question2": "1",
            "question3": "100",
            "question4": "90"
        },
        "pills-survey": {
            "question1": "2",
            "question2": "1",
            "question3": "2",
            "question4": "2"
        },
        "run-blue": {
            "question1": "2",
            "question2": "2",
            "question3": "100",
            "question4": "90"
        },
        "run-yellow": {
            "question1": "-1",
            "question2": "-1",
            "question3": "50",
            "question4": "90"
        },
        "run-red": {
            "question1": "1",
            "question2": "0",
            "question3": "100",
            "question4": "70"
        },
        "run-survey": {
            "question1": "2",
            "question2": "1",
            "question3": "2",
            "question4": "2"
        }
    },
    "logs": {
        "labelEvents": [
            {
                "time": "2017-10-25T02:38:47.504Z",
                "type": "START",
                "source": "hotkey",
                "_t": "20:38:47",
                "_end": "-",
                "data": {
                    "type": "pill",
                    "time": 45.566832
                }
            },
            {
                "time": "2017-10-25T02:38:52.114Z",
                "type": "END",
                "source": "data:click:h_pos",
                "_t": "20:38:52",
                "_end": "-",
                "data": {
                    "lbl": {
                        "time": 45.566832,
                        "endTime": 53.47867603251999,
                        "type": "pill",
                        "id": 1
                    }
                }
            },
            {
                "time": "2017-10-25T02:38:56.883Z",
                "type": "START",
                "source": "hotkey",
                "_t": "20:38:56",
                "_end": "-",
                "data": {
                    "type": "move",
                    "time": 63.369474
                }
            },
            {
                "time": "2017-10-25T02:38:59.777Z",
                "type": "END",
                "source": "data:click:h_pos",
                "_t": "20:38:59",
                "_end": "-",
                "data": {
                    "lbl": {
                        "time": 63.369474,
                        "endTime": 69.1810928617874,
                        "type": "move",
                        "id": 2
                    }
                }
            },
            {
                "time": "2017-10-25T02:39:03.822Z",
                "type": "START",
                "source": "hotkey",
                "_t": "20:39:03",
                "_end": "-",
                "data": {
                    "type": "pill",
                    "time": 125.794276
                }
            },
            {
                "time": "2017-10-25T02:39:04.657Z",
                "type": "END",
                "source": "data:click:h_pos",
                "_t": "20:39:04",
                "_end": "-",
                "data": {
                    "lbl": {
                        "time": 125.794276,
                        "endTime": 136.81631177235283,
                        "type": "pill",
                        "id": 3
                    }
                }
            },
            {
                "time": "2017-10-25T02:39:06.717Z",
                "type": "START",
                "source": "hotkey",
                "_t": "20:39:06",
                "_end": "-",
                "data": {
                    "type": "move",
                    "time": 178.148945
                }
            },
            {
                "time": "2017-10-25T02:39:11.202Z",
                "type": "END",
                "source": "data:click:h_pos",
                "_t": "20:39:11",
                "_end": "-",
                "data": {
                    "lbl": {
                        "time": 178.148945,
                        "endTime": 181.65595538211392,
                        "type": "move",
                        "id": 4
                    }
                }
            },
            {
                "time": "2017-10-25T02:39:14.825Z",
                "type": "START",
                "source": "hotkey",
                "_t": "20:39:14",
                "_end": "-",
                "data": {
                    "type": "pill",
                    "time": 269.331238
                }
            },
            {
                "time": "2017-10-25T02:39:16.297Z",
                "type": "END",
                "source": "data:click:h_pos",
                "_t": "20:39:16",
                "_end": "-",
                "data": {
                    "lbl": {
                        "time": 269.331238,
                        "endTime": 279.7520718211336,
                        "type": "pill",
                        "id": 5
                    }
                }
            },
            {
                "time": "2017-10-25T02:39:19.850Z",
                "type": "START",
                "source": "hotkey",
                "_t": "20:39:19",
                "_end": "-",
                "data": {
                    "type": "move",
                    "time": 330.854236
                }
            },
            {
                "time": "2017-10-25T02:39:21.178Z",
                "type": "END",
                "source": "data:click:h_pos",
                "_t": "20:39:21",
                "_end": "-",
                "data": {
                    "lbl": {
                        "time": 330.854236,
                        "endTime": 335.4634509593519,
                        "type": "move",
                        "id": 6
                    }
                }
            },
            {
                "time": "2017-10-25T02:39:25.039Z",
                "type": "START",
                "source": "hotkey",
                "_t": "20:39:25",
                "_end": "-",
                "data": {
                    "type": "move",
                    "time": 445.683807
                }
            },
            {
                "time": "2017-10-25T02:39:25.818Z",
                "type": "END",
                "source": "data:click:h_pos",
                "_t": "20:39:25",
                "_end": "-",
                "data": {
                    "lbl": {
                        "time": 445.683807,
                        "endTime": 449.8922206585387,
                        "type": "move",
                        "id": 7
                    }
                }
            },
            {
                "time": "2017-10-25T02:39:30.624Z",
                "type": "START",
                "source": "hotkey",
                "_t": "20:39:30",
                "_end": "-",
                "data": {
                    "type": "pill",
                    "time": 563.369087
                }
            },
            {
                "time": "2017-10-25T02:39:31.850Z",
                "type": "END",
                "source": "data:click:h_pos",
                "_t": "20:39:31",
                "_end": "-",
                "data": {
                    "lbl": {
                        "time": 563.369087,
                        "endTime": 573.7899208211238,
                        "type": "pill",
                        "id": 8
                    }
                }
            },
            {
                "time": "2017-10-25T02:39:33.698Z",
                "type": "START",
                "source": "hotkey",
                "_t": "20:39:33",
                "_end": "-",
                "data": {
                    "type": "move",
                    "time": 608.158632
                }
            },
            {
                "time": "2017-10-25T02:39:35.274Z",
                "type": "END",
                "source": "data:click:h_pos",
                "_t": "20:39:35",
                "_end": "-",
                "data": {
                    "lbl": {
                        "time": 608.158632,
                        "endTime": 613.6696495609783,
                        "type": "move",
                        "id": 9
                    }
                }
            }
        ],
        "navigationEvents": [
            {
                "time": {
                    "start": "2017-10-25T02:38:33.017Z",
                    "end": "2017-10-25T02:38:43.050Z"
                },
                "type": "SCRUB",
                "source": "data:drag",
                "_t": "20:38:33",
                "_end": "20:38:43",
                "data": {
                    "time": 44.849908
                }
            },
            {
                "time": "2017-10-25T02:38:44.207Z",
                "type": "PLAY",
                "source": "hotkey",
                "_t": "20:38:44",
                "_end": "-",
                "data": {
                    "key": "space"
                }
            },
            {
                "time": {
                    "start": "2017-10-25T02:38:33.017Z",
                    "end": "2017-10-25T02:38:46.727Z"
                },
                "type": "SCRUB",
                "source": "data:drag",
                "_t": "20:38:33",
                "_end": "20:38:46",
                "data": {
                    "time": 44.837249
                }
            },
            {
                "time": {
                    "start": "2017-10-25T02:38:33.017Z",
                    "end": "2017-10-25T02:38:50.087Z"
                },
                "type": "SCRUB",
                "source": "data:drag",
                "_t": "20:38:33",
                "_end": "20:38:50",
                "data": {
                    "time": 48.142665
                }
            },
            {
                "time": {
                    "start": "2017-10-25T02:38:33.017Z",
                    "end": "2017-10-25T02:38:51.375Z"
                },
                "type": "SCRUB",
                "source": "data:drag",
                "_t": "20:38:33",
                "_end": "20:38:51",
                "data": {
                    "time": 49.431651
                }
            },
            {
                "time": {
                    "start": "2017-10-25T02:38:33.017Z",
                    "end": "2017-10-25T02:38:52.111Z"
                },
                "type": "SCRUB",
                "source": "data:drag",
                "_t": "20:38:33",
                "_end": "20:38:52",
                "data": {
                    "time": 50.173844
                }
            },
            {
                "time": {
                    "start": "2017-10-25T02:38:33.017Z",
                    "end": "2017-10-25T02:38:54.624Z"
                },
                "type": "SCRUB",
                "source": "data:drag",
                "_t": "20:38:33",
                "_end": "20:38:54",
                "data": {
                    "time": 60.873751
                }
            },
            {
                "time": "2017-10-25T02:38:54.767Z",
                "type": "PAUSE",
                "source": "hotkey",
                "_t": "20:38:54",
                "_end": "-",
                "data": {
                    "key": "space"
                }
            },
            {
                "time": {
                    "start": "2017-10-25T02:38:33.017Z",
                    "end": "2017-10-25T02:38:56.647Z"
                },
                "type": "SCRUB",
                "source": "data:drag",
                "_t": "20:38:33",
                "_end": "20:38:56",
                "data": {
                    "time": 63.369474
                }
            },
            {
                "time": {
                    "start": "2017-10-25T02:38:33.017Z",
                    "end": "2017-10-25T02:38:59.775Z"
                },
                "type": "SCRUB",
                "source": "data:drag",
                "_t": "20:38:33",
                "_end": "20:38:59",
                "data": {
                    "time": 63.369474
                }
            },
            {
                "time": {
                    "start": "2017-10-25T02:38:33.017Z",
                    "end": "2017-10-25T02:39:01.630Z"
                },
                "type": "SCRUB",
                "source": "data:drag",
                "_t": "20:38:33",
                "_end": "20:39:01",
                "data": {
                    "time": 93.880473
                }
            },
            {
                "time": {
                    "start": "2017-10-25T02:38:33.017Z",
                    "end": "2017-10-25T02:39:03.415Z"
                },
                "type": "SCRUB",
                "source": "data:drag",
                "_t": "20:38:33",
                "_end": "20:39:03",
                "data": {
                    "time": 125.794276
                }
            },
            {
                "time": {
                    "start": "2017-10-25T02:38:33.017Z",
                    "end": "2017-10-25T02:39:04.655Z"
                },
                "type": "SCRUB",
                "source": "data:drag",
                "_t": "20:38:33",
                "_end": "20:39:04",
                "data": {
                    "time": 125.794276
                }
            },
            {
                "time": {
                    "start": "2017-10-25T02:38:33.017Z",
                    "end": "2017-10-25T02:39:05.953Z"
                },
                "type": "SCRUB",
                "source": "data:drag",
                "_t": "20:38:33",
                "_end": "20:39:05",
                "data": {
                    "time": 178.148945
                }
            },
            {
                "time": {
                    "start": "2017-10-25T02:38:33.017Z",
                    "end": "2017-10-25T02:39:07.408Z"
                },
                "type": "SCRUB",
                "source": "data:drag",
                "_t": "20:38:33",
                "_end": "20:39:07",
                "data": {
                    "time": 178.249145
                }
            },
            {
                "time": {
                    "start": "2017-10-25T02:38:33.017Z",
                    "end": "2017-10-25T02:39:10.675Z"
                },
                "type": "SCRUB",
                "source": "data:drag",
                "_t": "20:38:33",
                "_end": "20:39:10",
                "data": {
                    "time": 178.148944
                }
            },
            {
                "time": {
                    "start": "2017-10-25T02:38:33.017Z",
                    "end": "2017-10-25T02:39:11.199Z"
                },
                "type": "SCRUB",
                "source": "data:drag",
                "_t": "20:38:33",
                "_end": "20:39:11",
                "data": {
                    "time": 178.148944
                }
            },
            {
                "time": {
                    "start": "2017-10-25T02:38:33.017Z",
                    "end": "2017-10-25T02:39:12.229Z"
                },
                "type": "SCRUB",
                "source": "data:drag",
                "_t": "20:38:33",
                "_end": "20:39:12",
                "data": {
                    "time": 219.932479
                }
            },
            {
                "time": {
                    "start": "2017-10-25T02:38:33.017Z",
                    "end": "2017-10-25T02:39:13.222Z"
                },
                "type": "SCRUB",
                "source": "data:drag",
                "_t": "20:38:33",
                "_end": "20:39:13",
                "data": {
                    "time": 261.966515
                }
            },
            {
                "time": {
                    "start": "2017-10-25T02:38:33.017Z",
                    "end": "2017-10-25T02:39:14.663Z"
                },
                "type": "SCRUB",
                "source": "data:drag",
                "_t": "20:38:33",
                "_end": "20:39:14",
                "data": {
                    "time": 269.331238
                }
            },
            {
                "time": {
                    "start": "2017-10-25T02:38:33.017Z",
                    "end": "2017-10-25T02:39:16.295Z"
                },
                "type": "SCRUB",
                "source": "data:drag",
                "_t": "20:38:33",
                "_end": "20:39:16",
                "data": {
                    "time": 269.331238
                }
            },
            {
                "time": {
                    "start": "2017-10-25T02:38:33.017Z",
                    "end": "2017-10-25T02:39:17.239Z"
                },
                "type": "SCRUB",
                "source": "data:drag",
                "_t": "20:38:33",
                "_end": "20:39:17",
                "data": {
                    "time": 321.034605
                }
            },
            {
                "time": {
                    "start": "2017-10-25T02:38:33.017Z",
                    "end": "2017-10-25T02:39:19.846Z"
                },
                "type": "SCRUB",
                "source": "data:drag",
                "_t": "20:38:33",
                "_end": "20:39:19",
                "data": {
                    "time": 330.854236
                }
            },
            {
                "time": {
                    "start": "2017-10-25T02:38:33.017Z",
                    "end": "2017-10-25T02:39:21.175Z"
                },
                "type": "SCRUB",
                "source": "data:drag",
                "_t": "20:38:33",
                "_end": "20:39:21",
                "data": {
                    "time": 330.854236
                }
            },
            {
                "time": {
                    "start": "2017-10-25T02:38:33.017Z",
                    "end": "2017-10-25T02:39:22.014Z"
                },
                "type": "SCRUB",
                "source": "data:drag",
                "_t": "20:38:33",
                "_end": "20:39:22",
                "data": {
                    "time": 369.932362
                }
            },
            {
                "time": {
                    "start": "2017-10-25T02:38:33.017Z",
                    "end": "2017-10-25T02:39:22.690Z"
                },
                "type": "SCRUB",
                "source": "data:drag",
                "_t": "20:38:33",
                "_end": "20:39:22",
                "data": {
                    "time": 404.250973
                }
            },
            {
                "time": {
                    "start": "2017-10-25T02:38:33.017Z",
                    "end": "2017-10-25T02:39:24.750Z"
                },
                "type": "SCRUB",
                "source": "data:drag",
                "_t": "20:38:33",
                "_end": "20:39:24",
                "data": {
                    "time": 445.683807
                }
            },
            {
                "time": {
                    "start": "2017-10-25T02:38:33.017Z",
                    "end": "2017-10-25T02:39:25.815Z"
                },
                "type": "SCRUB",
                "source": "data:drag",
                "_t": "20:38:33",
                "_end": "20:39:25",
                "data": {
                    "time": 445.683807
                }
            },
            {
                "time": {
                    "start": "2017-10-25T02:38:33.017Z",
                    "end": "2017-10-25T02:39:26.621Z"
                },
                "type": "SCRUB",
                "source": "data:drag",
                "_t": "20:38:33",
                "_end": "20:39:26",
                "data": {
                    "time": 495.683769
                }
            },
            {
                "time": {
                    "start": "2017-10-25T02:38:33.017Z",
                    "end": "2017-10-25T02:39:27.238Z"
                },
                "type": "SCRUB",
                "source": "data:drag",
                "_t": "20:38:33",
                "_end": "20:39:27",
                "data": {
                    "time": 503.549494
                }
            },
            {
                "time": {
                    "start": "2017-10-25T02:38:33.017Z",
                    "end": "2017-10-25T02:39:27.925Z"
                },
                "type": "SCRUB",
                "source": "data:drag",
                "_t": "20:38:33",
                "_end": "20:39:27",
                "data": {
                    "time": 554.501359
                }
            },
            {
                "time": {
                    "start": "2017-10-25T02:38:33.017Z",
                    "end": "2017-10-25T02:39:30.567Z"
                },
                "type": "SCRUB",
                "source": "data:drag",
                "_t": "20:38:33",
                "_end": "20:39:30",
                "data": {
                    "time": 563.369087
                }
            },
            {
                "time": {
                    "start": "2017-10-25T02:38:33.017Z",
                    "end": "2017-10-25T02:39:31.847Z"
                },
                "type": "SCRUB",
                "source": "data:drag",
                "_t": "20:38:33",
                "_end": "20:39:31",
                "data": {
                    "time": 563.369087
                }
            },
            {
                "time": {
                    "start": "2017-10-25T02:38:33.017Z",
                    "end": "2017-10-25T02:39:33.697Z"
                },
                "type": "SCRUB",
                "source": "data:drag",
                "_t": "20:38:33",
                "_end": "20:39:33",
                "data": {
                    "time": 608.158632
                }
            },
            {
                "time": {
                    "start": "2017-10-25T02:38:33.017Z",
                    "end": "2017-10-25T02:39:34.474Z"
                },
                "type": "SCRUB",
                "source": "data:drag",
                "_t": "20:38:33",
                "_end": "20:39:34",
                "data": {
                    "time": 608.258832
                }
            },
            {
                "time": {
                    "start": "2017-10-25T02:38:33.017Z",
                    "end": "2017-10-25T02:39:35.271Z"
                },
                "type": "SCRUB",
                "source": "data:drag",
                "_t": "20:38:33",
                "_end": "20:39:35",
                "data": {
                    "time": 608.258832
                }
            }
        ]
    }
}