{
    "user_id": "043",
    "session_id": "59eff53b5efd4d725417b914",
    "study": "studyD",
    "workspace": "pill.pills-pink",
    "details": {
        "workspace": "pill.pills-pink",
        "labels": [
            {
                "time": 45.254345,
                "endTime": 53.254307,
                "type": "pill",
                "id": 1
            },
            {
                "time": 64.256361,
                "endTime": 69.095842,
                "type": "move",
                "id": 2
            },
            {
                "time": 125.83944634959352,
                "endTime": 136.31405069918713,
                "type": "pill",
                "id": 3
            },
            {
                "time": 178.2562053495996,
                "endTime": 180.71929253658777,
                "type": "move",
                "id": 4
            },
            {
                "time": 269.7548781870026,
                "endTime": 278.98232818699387,
                "type": "pill",
                "id": 5
            },
            {
                "time": 331.19581100000426,
                "endTime": 334.762470024391,
                "type": "move",
                "id": 6
            },
            {
                "time": 446.81070034959646,
                "endTime": 449.1072060000007,
                "type": "move",
                "id": 7
            },
            {
                "time": 564.2814481869746,
                "endTime": 573.0440889999988,
                "type": "pill",
                "id": 8
            }
        ],
        "_starts": [
            "2017-10-25T02:54:08.000Z"
        ],
        "_ends": [
            "2017-10-25T02:57:19.214Z"
        ]
    },
    "labels_file": "/home/ubuntu/vat/data/user-studies/studyD/pills-pink/043.labels.json",
    "videoFlash": 0.561365,
    "surveys": {
        "user-info": {
            "firstname": "Katrina",
            "lastname": "Beatie",
            "email": "anirtak.kab@gmail.com"
        },
        "practice-first": {
            "question1": "0",
            "question2": "ok",
            "question3": "20",
            "question4": "2"
        },
        "practice-second": {},
        "practice-third": {},
        "practice-survey": {},
        "pill-blue": {
            "question1": "2",
            "question2": "1",
            "question3": "40",
            "question4": "10"
        },
        "pill-red": {
            "question1": "-1",
            "question2": "1",
            "question3": "50",
            "question4": "30"
        },
        "pill-orange": {
            "question1": "0",
            "question2": "1",
            "question3": "60",
            "question4": "30"
        },
        "pills-survey": {
            "question1": "1",
            "question2": "-1",
            "question3": "1",
            "question4": "0"
        },
        "run-blue": {
            "question1": "2",
            "question2": "2",
            "question3": "100",
            "question4": "10"
        },
        "run-yellow": {
            "question1": "-1",
            "question2": "1",
            "question3": "80",
            "question4": "40"
        },
        "run-red": {
            "question1": "1",
            "question2": "1",
            "question3": "100",
            "question4": "10"
        },
        "run-survey": {
            "question1": "2",
            "question2": "-1",
            "question3": "2",
            "question4": "-1"
        }
    },
    "logs": {
        "labelEvents": [
            {
                "time": "2017-10-25T02:54:36.379Z",
                "type": "START",
                "source": "hotkey",
                "_t": "20:54:36",
                "_end": "-",
                "data": {
                    "type": "pill",
                    "time": 45.254345
                }
            },
            {
                "time": "2017-10-25T02:54:44.381Z",
                "type": "END",
                "source": "hotkey:ctb",
                "_t": "20:54:44",
                "_end": "-",
                "data": {
                    "lbl": {
                        "time": 45.254345,
                        "endTime": 53.254307,
                        "type": "pill",
                        "id": 1
                    },
                    "key": "enter"
                }
            },
            {
                "time": "2017-10-25T02:54:49.574Z",
                "type": "START",
                "source": "hotkey",
                "_t": "20:54:49",
                "_end": "-",
                "data": {
                    "type": "move",
                    "time": 64.256361
                }
            },
            {
                "time": "2017-10-25T02:54:54.412Z",
                "type": "END",
                "source": "hotkey:ctb",
                "_t": "20:54:54",
                "_end": "-",
                "data": {
                    "lbl": {
                        "time": 64.256361,
                        "endTime": 69.095842,
                        "type": "move",
                        "id": 2
                    },
                    "key": "enter"
                }
            },
            {
                "time": "2017-10-25T02:55:08.874Z",
                "type": "START",
                "source": "hotkey",
                "_t": "20:55:08",
                "_end": "-",
                "data": {
                    "type": "pill",
                    "time": 126.039847
                }
            },
            {
                "time": "2017-10-25T02:55:19.551Z",
                "type": "END",
                "source": "hotkey:ctb",
                "_t": "20:55:19",
                "_end": "-",
                "data": {
                    "lbl": {
                        "time": 125.83944634959352,
                        "endTime": 136.31405069918713,
                        "type": "pill",
                        "id": 3
                    },
                    "key": "enter"
                }
            },
            {
                "time": "2017-10-25T02:55:22.293Z",
                "type": "SELECT",
                "source": "data:click",
                "_t": "20:55:22",
                "_end": "-",
                "data": {
                    "time": 125.83944634959352,
                    "endTime": 136.31405069918713,
                    "type": "pill",
                    "id": 3
                }
            },
            {
                "time": {
                    "start": "2017-10-25T02:55:22.781Z",
                    "end": "2017-10-25T02:55:24.948Z"
                },
                "type": "MOVE",
                "source": "data:brush",
                "_t": "20:55:22",
                "_end": "20:55:24",
                "data": {
                    "brushing": true,
                    "origin": [
                        126.039847,
                        136.714852
                    ],
                    "start": "2017-10-25T02:55:22.781Z",
                    "ε": 0.1,
                    "mode": "move"
                }
            },
            {
                "time": {
                    "start": "2017-10-25T02:55:26.243Z",
                    "end": "2017-10-25T02:55:28.940Z"
                },
                "type": "RESIZE",
                "source": "data:brush",
                "_t": "20:55:26",
                "_end": "20:55:28",
                "data": {
                    "brushing": true,
                    "origin": [
                        125.83944634959062,
                        136.51445134959317
                    ],
                    "_brushside": 1,
                    "start": "2017-10-25T02:55:26.243Z",
                    "ε": 0.1,
                    "mode": "resize"
                }
            },
            {
                "time": "2017-10-25T02:55:44.652Z",
                "type": "START",
                "source": "hotkey",
                "_t": "20:55:44",
                "_end": "-",
                "data": {
                    "type": "move",
                    "time": 178.456606
                }
            },
            {
                "time": "2017-10-25T02:55:47.371Z",
                "type": "END",
                "source": "hotkey:ctb",
                "_t": "20:55:47",
                "_end": "-",
                "data": {
                    "lbl": {
                        "time": 178.2562053495996,
                        "endTime": 180.71929253658777,
                        "type": "move",
                        "id": 4
                    },
                    "key": "enter"
                }
            },
            {
                "time": "2017-10-25T02:55:49.917Z",
                "type": "SELECT",
                "source": "data:click",
                "_t": "20:55:49",
                "_end": "-",
                "data": {
                    "time": 178.2562053495996,
                    "endTime": 180.71929253658777,
                    "type": "move",
                    "id": 4
                }
            },
            {
                "time": {
                    "start": "2017-10-25T02:55:50.428Z",
                    "end": "2017-10-25T02:55:51.540Z"
                },
                "type": "MOVE",
                "source": "data:brush",
                "_t": "20:55:50",
                "_end": "20:55:51",
                "data": {
                    "brushing": true,
                    "origin": [
                        178.456606,
                        181.170194
                    ],
                    "start": "2017-10-25T02:55:50.428Z",
                    "ε": 0.1,
                    "mode": "move"
                }
            },
            {
                "time": {
                    "start": "2017-10-25T02:55:52.596Z",
                    "end": "2017-10-25T02:55:53.492Z"
                },
                "type": "RESIZE",
                "source": "data:brush",
                "_t": "20:55:52",
                "_end": "20:55:53",
                "data": {
                    "brushing": true,
                    "origin": [
                        178.25620534959552,
                        180.96979334959426
                    ],
                    "_brushside": 1,
                    "start": "2017-10-25T02:55:52.596Z",
                    "ε": 0.1,
                    "mode": "resize"
                }
            },
            {
                "time": "2017-10-25T02:55:56.379Z",
                "type": "DESELECT",
                "source": "side-bar:button",
                "_t": "20:55:56",
                "_end": "-",
                "data": {
                    "time": 178.2562053495996,
                    "endTime": 180.71929253658777,
                    "type": "move",
                    "id": 4
                }
            },
            {
                "time": "2017-10-25T02:56:02.524Z",
                "type": "START",
                "source": "hotkey",
                "_t": "20:56:02",
                "_end": "-",
                "data": {
                    "type": "pill",
                    "time": 270.005379
                }
            },
            {
                "time": "2017-10-25T02:56:11.757Z",
                "type": "END",
                "source": "hotkey:ctb",
                "_t": "20:56:11",
                "_end": "-",
                "data": {
                    "lbl": {
                        "time": 269.7548781870026,
                        "endTime": 278.98232818699387,
                        "type": "pill",
                        "id": 5
                    },
                    "key": "enter"
                }
            },
            {
                "time": "2017-10-25T02:56:15.391Z",
                "type": "SELECT",
                "source": "data:click",
                "_t": "20:56:15",
                "_end": "-",
                "data": {
                    "time": 269.7548781870026,
                    "endTime": 278.98232818699387,
                    "type": "pill",
                    "id": 5
                }
            },
            {
                "time": {
                    "start": "2017-10-25T02:56:15.837Z",
                    "end": "2017-10-25T02:56:17.668Z"
                },
                "type": "MOVE",
                "source": "data:brush",
                "_t": "20:56:15",
                "_end": "20:56:17",
                "data": {
                    "brushing": true,
                    "origin": [
                        270.005379,
                        279.232829
                    ],
                    "start": "2017-10-25T02:56:15.837Z",
                    "ε": 0.1,
                    "mode": "move"
                }
            },
            {
                "time": "2017-10-25T02:56:25.389Z",
                "type": "START",
                "source": "hotkey",
                "_t": "20:56:25",
                "_end": "-",
                "data": {
                    "type": "move",
                    "time": 331.195811
                }
            },
            {
                "time": "2017-10-25T02:56:29.260Z",
                "type": "END",
                "source": "hotkey:ctb",
                "_t": "20:56:29",
                "_end": "-",
                "data": {
                    "lbl": {
                        "time": 331.19581100000426,
                        "endTime": 334.762470024391,
                        "type": "move",
                        "id": 6
                    },
                    "key": "enter"
                }
            },
            {
                "time": "2017-10-25T02:56:31.351Z",
                "type": "SELECT",
                "source": "data:click",
                "_t": "20:56:31",
                "_end": "-",
                "data": {
                    "time": 331.19581100000426,
                    "endTime": 334.762470024391,
                    "type": "move",
                    "id": 6
                }
            },
            {
                "time": {
                    "start": "2017-10-25T02:56:32.213Z",
                    "end": "2017-10-25T02:56:33.164Z"
                },
                "type": "RESIZE",
                "source": "data:brush",
                "_t": "20:56:32",
                "_end": "20:56:33",
                "data": {
                    "brushing": true,
                    "origin": [
                        331.195811,
                        335.063071
                    ],
                    "_brushside": 1,
                    "start": "2017-10-25T02:56:32.213Z",
                    "ε": 0.1,
                    "mode": "resize"
                }
            },
            {
                "time": "2017-10-25T02:56:33.596Z",
                "type": "DESELECT",
                "source": "data:click",
                "_t": "20:56:33",
                "_end": "-",
                "data": {
                    "time": 331.19581100000426,
                    "endTime": 334.762470024391,
                    "type": "move",
                    "id": 6
                }
            },
            {
                "time": "2017-10-25T02:56:41.053Z",
                "type": "START",
                "source": "hotkey",
                "_t": "20:56:41",
                "_end": "-",
                "data": {
                    "type": "move",
                    "time": 447.011101
                }
            },
            {
                "time": "2017-10-25T02:56:43.149Z",
                "type": "END",
                "source": "hotkey:ctb",
                "_t": "20:56:43",
                "_end": "-",
                "data": {
                    "lbl": {
                        "time": 446.81070034959646,
                        "endTime": 449.1072060000007,
                        "type": "move",
                        "id": 7
                    },
                    "key": "enter"
                }
            },
            {
                "time": "2017-10-25T02:56:44.966Z",
                "type": "SELECT",
                "source": "data:click",
                "_t": "20:56:44",
                "_end": "-",
                "data": {
                    "time": 446.81070034959646,
                    "endTime": 449.1072060000007,
                    "type": "move",
                    "id": 7
                }
            },
            {
                "time": {
                    "start": "2017-10-25T02:56:46.204Z",
                    "end": "2017-10-25T02:56:47.820Z"
                },
                "type": "RESIZE",
                "source": "data:brush",
                "_t": "20:56:46",
                "_end": "20:56:47",
                "data": {
                    "brushing": true,
                    "origin": [
                        447.011101,
                        449.107206
                    ],
                    "_brushside": 0,
                    "start": "2017-10-25T02:56:46.204Z",
                    "ε": 0.1,
                    "mode": "resize"
                }
            },
            {
                "time": "2017-10-25T02:56:50.122Z",
                "type": "DESELECT",
                "source": "side-bar:button",
                "_t": "20:56:50",
                "_end": "-",
                "data": {
                    "time": 446.81070034959646,
                    "endTime": 449.1072060000007,
                    "type": "move",
                    "id": 7
                }
            },
            {
                "time": "2017-10-25T02:56:57.709Z",
                "type": "START",
                "source": "hotkey",
                "_t": "20:56:57",
                "_end": "-",
                "data": {
                    "type": "pill",
                    "time": 564.531949
                }
            },
            {
                "time": "2017-10-25T02:57:06.221Z",
                "type": "END",
                "source": "hotkey:ctb",
                "_t": "20:57:06",
                "_end": "-",
                "data": {
                    "lbl": {
                        "time": 564.2814481869746,
                        "endTime": 573.0440889999988,
                        "type": "pill",
                        "id": 8
                    },
                    "key": "enter"
                }
            },
            {
                "time": "2017-10-25T02:57:07.662Z",
                "type": "SELECT",
                "source": "data:click",
                "_t": "20:57:07",
                "_end": "-",
                "data": {
                    "time": 564.2814481869746,
                    "endTime": 573.0440889999988,
                    "type": "pill",
                    "id": 8
                }
            },
            {
                "time": {
                    "start": "2017-10-25T02:57:08.773Z",
                    "end": "2017-10-25T02:57:10.727Z"
                },
                "type": "RESIZE",
                "source": "data:brush",
                "_t": "20:57:08",
                "_end": "20:57:10",
                "data": {
                    "brushing": true,
                    "origin": [
                        564.531949,
                        573.044089
                    ],
                    "_brushside": 0,
                    "start": "2017-10-25T02:57:08.773Z",
                    "ε": 0.1,
                    "mode": "resize"
                }
            },
            {
                "time": "2017-10-25T02:57:13.427Z",
                "type": "DESELECT",
                "source": "side-bar:button",
                "_t": "20:57:13",
                "_end": "-",
                "data": {
                    "time": 564.2814481869746,
                    "endTime": 573.0440889999988,
                    "type": "pill",
                    "id": 8
                }
            },
            {
                "time": "2017-10-25T02:57:16.518Z",
                "type": "SELECT",
                "source": "data:click",
                "_t": "20:57:16",
                "_end": "-",
                "data": {
                    "time": 564.2814481869746,
                    "endTime": 573.0440889999988,
                    "type": "pill",
                    "id": 8
                }
            }
        ],
        "navigationEvents": [
            {
                "time": "2017-10-25T02:54:20.763Z",
                "type": "PLAY",
                "source": "hotkey",
                "_t": "20:54:20",
                "_end": "-",
                "data": {
                    "key": "space"
                }
            },
            {
                "time": {
                    "start": "2017-10-25T02:54:08.850Z",
                    "end": "2017-10-25T02:54:25.502Z"
                },
                "type": "SCRUB",
                "source": "data:drag",
                "_t": "20:54:08",
                "_end": "20:54:25",
                "data": {
                    "time": 9.800001
                }
            },
            {
                "time": {
                    "start": "2017-10-25T02:54:08.850Z",
                    "end": "2017-10-25T02:54:32.361Z"
                },
                "type": "SCRUB",
                "source": "data:drag",
                "_t": "20:54:08",
                "_end": "20:54:32",
                "data": {
                    "time": 45.562677
                }
            },
            {
                "time": {
                    "start": "2017-10-25T02:54:08.850Z",
                    "end": "2017-10-25T02:54:33.142Z"
                },
                "type": "SCRUB",
                "source": "data:drag",
                "_t": "20:54:08",
                "_end": "20:54:33",
                "data": {
                    "time": 42.206441
                }
            },
            {
                "time": {
                    "start": "2017-10-25T02:54:08.850Z",
                    "end": "2017-10-25T02:54:46.621Z"
                },
                "type": "SCRUB",
                "source": "data:drag",
                "_t": "20:54:08",
                "_end": "20:54:46",
                "data": {
                    "time": 61.458288
                }
            },
            {
                "time": {
                    "start": "2017-10-25T02:54:08.850Z",
                    "end": "2017-10-25T02:54:57.549Z"
                },
                "type": "SCRUB",
                "source": "data:drag",
                "_t": "20:54:08",
                "_end": "20:54:57",
                "data": {
                    "time": 98.913501
                }
            },
            {
                "time": {
                    "start": "2017-10-25T02:54:08.850Z",
                    "end": "2017-10-25T02:54:59.850Z"
                },
                "type": "SCRUB",
                "source": "data:drag",
                "_t": "20:54:08",
                "_end": "20:54:59",
                "data": {
                    "time": 115.99166
                }
            },
            {
                "time": {
                    "start": "2017-10-25T02:54:08.850Z",
                    "end": "2017-10-25T02:55:01.361Z"
                },
                "type": "SCRUB",
                "source": "data:drag",
                "_t": "20:54:08",
                "_end": "20:55:01",
                "data": {
                    "time": 119.806939
                }
            },
            {
                "time": {
                    "start": "2017-10-25T02:54:08.850Z",
                    "end": "2017-10-25T02:55:02.339Z"
                },
                "type": "SCRUB",
                "source": "data:drag",
                "_t": "20:54:08",
                "_end": "20:55:02",
                "data": {
                    "time": 123.564451
                }
            },
            {
                "time": {
                    "start": "2017-10-25T02:54:08.850Z",
                    "end": "2017-10-25T02:55:03.228Z"
                },
                "type": "SCRUB",
                "source": "data:drag",
                "_t": "20:54:08",
                "_end": "20:55:03",
                "data": {
                    "time": 125.458407
                }
            },
            {
                "time": {
                    "start": "2017-10-25T02:54:08.850Z",
                    "end": "2017-10-25T02:55:04.818Z"
                },
                "type": "SCRUB",
                "source": "data:drag",
                "_t": "20:54:08",
                "_end": "20:55:04",
                "data": {
                    "time": 122.183274
                }
            },
            {
                "time": "2017-10-25T02:55:20.715Z",
                "type": "PAUSE",
                "source": "hotkey",
                "_t": "20:55:20",
                "_end": "-",
                "data": {
                    "key": "space"
                }
            },
            {
                "time": {
                    "start": "2017-10-25T02:54:08.850Z",
                    "end": "2017-10-25T02:55:22.011Z"
                },
                "type": "SCRUB",
                "source": "data:drag",
                "_t": "20:54:08",
                "_end": "20:55:22",
                "data": {
                    "time": 138.130464
                }
            },
            {
                "time": {
                    "start": "2017-10-25T02:54:08.850Z",
                    "end": "2017-10-25T02:55:22.291Z"
                },
                "type": "SCRUB",
                "source": "data:drag",
                "_t": "20:54:08",
                "_end": "20:55:22",
                "data": {
                    "time": 138.130464
                }
            },
            {
                "time": {
                    "start": "2017-10-25T02:54:08.850Z",
                    "end": "2017-10-25T02:55:24.955Z"
                },
                "type": "SCRUB",
                "source": "data:drag",
                "_t": "20:54:08",
                "_end": "20:55:24",
                "data": {
                    "time": 138.130464
                }
            },
            {
                "time": {
                    "start": "2017-10-25T02:54:08.850Z",
                    "end": "2017-10-25T02:55:28.947Z"
                },
                "type": "SCRUB",
                "source": "data:drag",
                "_t": "20:54:08",
                "_end": "20:55:28",
                "data": {
                    "time": 138.130464
                }
            },
            {
                "time": {
                    "start": "2017-10-25T02:54:08.850Z",
                    "end": "2017-10-25T02:55:30.584Z"
                },
                "type": "SCRUB",
                "source": "data:drag",
                "_t": "20:54:08",
                "_end": "20:55:30",
                "data": {
                    "time": 168.791763
                }
            },
            {
                "time": {
                    "start": "2017-10-25T02:54:08.850Z",
                    "end": "2017-10-25T02:55:31.856Z"
                },
                "type": "SCRUB",
                "source": "data:drag",
                "_t": "20:54:08",
                "_end": "20:55:31",
                "data": {
                    "time": 194.994148
                }
            },
            {
                "time": {
                    "start": "2017-10-25T02:54:08.850Z",
                    "end": "2017-10-25T02:55:32.750Z"
                },
                "type": "SCRUB",
                "source": "data:drag",
                "_t": "20:54:08",
                "_end": "20:55:32",
                "data": {
                    "time": 239.783693
                }
            },
            {
                "time": {
                    "start": "2017-10-25T02:54:08.850Z",
                    "end": "2017-10-25T02:55:34.132Z"
                },
                "type": "SCRUB",
                "source": "data:drag",
                "_t": "20:54:08",
                "_end": "20:55:34",
                "data": {
                    "time": 205.565281
                }
            },
            {
                "time": {
                    "start": "2017-10-25T02:54:08.850Z",
                    "end": "2017-10-25T02:55:35.838Z"
                },
                "type": "SCRUB",
                "source": "data:drag",
                "_t": "20:54:08",
                "_end": "20:55:35",
                "data": {
                    "time": 172.950075
                }
            },
            {
                "time": {
                    "start": "2017-10-25T02:54:08.850Z",
                    "end": "2017-10-25T02:55:39.202Z"
                },
                "type": "SCRUB",
                "source": "data:drag",
                "_t": "20:54:08",
                "_end": "20:55:39",
                "data": {
                    "time": 177.80979
                }
            },
            {
                "time": {
                    "start": "2017-10-25T02:54:08.850Z",
                    "end": "2017-10-25T02:55:39.988Z"
                },
                "type": "SCRUB",
                "source": "data:drag",
                "_t": "20:54:08",
                "_end": "20:55:39",
                "data": {
                    "time": 177.759689
                }
            },
            {
                "time": "2017-10-25T02:55:40.524Z",
                "type": "PLAY",
                "source": "hotkey",
                "_t": "20:55:40",
                "_end": "-",
                "data": {
                    "key": "space"
                }
            },
            {
                "time": {
                    "start": "2017-10-25T02:54:08.850Z",
                    "end": "2017-10-25T02:55:42.106Z"
                },
                "type": "SCRUB",
                "source": "data:drag",
                "_t": "20:54:08",
                "_end": "20:55:42",
                "data": {
                    "time": 177.032442
                }
            },
            {
                "time": {
                    "start": "2017-10-25T02:54:08.850Z",
                    "end": "2017-10-25T02:55:43.077Z"
                },
                "type": "SCRUB",
                "source": "data:drag",
                "_t": "20:54:08",
                "_end": "20:55:43",
                "data": {
                    "time": 175.796672
                }
            },
            {
                "time": {
                    "start": "2017-10-25T02:54:08.850Z",
                    "end": "2017-10-25T02:55:44.163Z"
                },
                "type": "SCRUB",
                "source": "data:drag",
                "_t": "20:54:08",
                "_end": "20:55:44",
                "data": {
                    "time": 178.123717
                }
            },
            {
                "time": "2017-10-25T02:55:48.253Z",
                "type": "PAUSE",
                "source": "hotkey",
                "_t": "20:55:48",
                "_end": "-",
                "data": {
                    "key": "space"
                }
            },
            {
                "time": {
                    "start": "2017-10-25T02:54:08.850Z",
                    "end": "2017-10-25T02:55:49.594Z"
                },
                "type": "SCRUB",
                "source": "data:drag",
                "_t": "20:54:08",
                "_end": "20:55:49",
                "data": {
                    "time": 182.602834
                }
            },
            {
                "time": {
                    "start": "2017-10-25T02:54:08.850Z",
                    "end": "2017-10-25T02:55:49.915Z"
                },
                "type": "SCRUB",
                "source": "data:drag",
                "_t": "20:54:08",
                "_end": "20:55:49",
                "data": {
                    "time": 182.602834
                }
            },
            {
                "time": {
                    "start": "2017-10-25T02:54:08.850Z",
                    "end": "2017-10-25T02:55:51.557Z"
                },
                "type": "SCRUB",
                "source": "data:drag",
                "_t": "20:54:08",
                "_end": "20:55:51",
                "data": {
                    "time": 182.602834
                }
            },
            {
                "time": {
                    "start": "2017-10-25T02:54:08.850Z",
                    "end": "2017-10-25T02:55:53.500Z"
                },
                "type": "SCRUB",
                "source": "data:drag",
                "_t": "20:54:08",
                "_end": "20:55:53",
                "data": {
                    "time": 182.602834
                }
            },
            {
                "time": {
                    "start": "2017-10-25T02:54:08.850Z",
                    "end": "2017-10-25T02:55:54.446Z"
                },
                "type": "SCRUB",
                "source": "data:drag",
                "_t": "20:54:08",
                "_end": "20:55:54",
                "data": {
                    "time": 231.650893
                }
            },
            {
                "time": {
                    "start": "2017-10-25T02:54:08.850Z",
                    "end": "2017-10-25T02:55:58.621Z"
                },
                "type": "SCRUB",
                "source": "data:drag",
                "_t": "20:54:08",
                "_end": "20:55:58",
                "data": {
                    "time": 264.717
                }
            },
            {
                "time": "2017-10-25T02:55:58.811Z",
                "type": "PLAY",
                "source": "hotkey",
                "_t": "20:55:58",
                "_end": "-",
                "data": {
                    "key": "space"
                }
            },
            {
                "time": {
                    "start": "2017-10-25T02:54:08.850Z",
                    "end": "2017-10-25T02:56:00.219Z"
                },
                "type": "SCRUB",
                "source": "data:drag",
                "_t": "20:54:08",
                "_end": "20:56:00",
                "data": {
                    "time": 267.825389
                }
            },
            {
                "time": "2017-10-25T02:56:12.765Z",
                "type": "PAUSE",
                "source": "hotkey",
                "_t": "20:56:12",
                "_end": "-",
                "data": {
                    "key": "space"
                }
            },
            {
                "time": {
                    "start": "2017-10-25T02:54:08.850Z",
                    "end": "2017-10-25T02:56:13.986Z"
                },
                "type": "SCRUB",
                "source": "data:drag",
                "_t": "20:54:08",
                "_end": "20:56:13",
                "data": {
                    "time": 280.646292
                }
            },
            {
                "time": {
                    "start": "2017-10-25T02:54:08.850Z",
                    "end": "2017-10-25T02:56:15.114Z"
                },
                "type": "SCRUB",
                "source": "data:drag",
                "_t": "20:54:08",
                "_end": "20:56:15",
                "data": {
                    "time": 281.247493
                }
            },
            {
                "time": {
                    "start": "2017-10-25T02:54:08.850Z",
                    "end": "2017-10-25T02:56:15.388Z"
                },
                "type": "SCRUB",
                "source": "data:drag",
                "_t": "20:54:08",
                "_end": "20:56:15",
                "data": {
                    "time": 281.247493
                }
            },
            {
                "time": {
                    "start": "2017-10-25T02:54:08.850Z",
                    "end": "2017-10-25T02:56:17.676Z"
                },
                "type": "SCRUB",
                "source": "data:drag",
                "_t": "20:54:08",
                "_end": "20:56:17",
                "data": {
                    "time": 281.247493
                }
            },
            {
                "time": {
                    "start": "2017-10-25T02:54:08.850Z",
                    "end": "2017-10-25T02:56:19.294Z"
                },
                "type": "SCRUB",
                "source": "data:drag",
                "_t": "20:54:08",
                "_end": "20:56:19",
                "data": {
                    "time": 318.421813
                }
            },
            {
                "time": {
                    "start": "2017-10-25T02:54:08.850Z",
                    "end": "2017-10-25T02:56:20.560Z"
                },
                "type": "SCRUB",
                "source": "data:drag",
                "_t": "20:54:08",
                "_end": "20:56:20",
                "data": {
                    "time": 326.538039
                }
            },
            {
                "time": "2017-10-25T02:56:20.672Z",
                "type": "PLAY",
                "source": "hotkey",
                "_t": "20:56:20",
                "_end": "-",
                "data": {
                    "key": "space"
                }
            },
            {
                "time": "2017-10-25T02:56:29.960Z",
                "type": "PAUSE",
                "source": "hotkey",
                "_t": "20:56:29",
                "_end": "-",
                "data": {
                    "key": "space"
                }
            },
            {
                "time": {
                    "start": "2017-10-25T02:54:08.850Z",
                    "end": "2017-10-25T02:56:31.348Z"
                },
                "type": "SCRUB",
                "source": "data:drag",
                "_t": "20:54:08",
                "_end": "20:56:31",
                "data": {
                    "time": 335.760388
                }
            },
            {
                "time": {
                    "start": "2017-10-25T02:54:08.850Z",
                    "end": "2017-10-25T02:56:33.173Z"
                },
                "type": "SCRUB",
                "source": "data:drag",
                "_t": "20:54:08",
                "_end": "20:56:33",
                "data": {
                    "time": 335.760388
                }
            },
            {
                "time": {
                    "start": "2017-10-25T02:54:08.850Z",
                    "end": "2017-10-25T02:56:33.595Z"
                },
                "type": "SCRUB",
                "source": "data:drag",
                "_t": "20:54:08",
                "_end": "20:56:33",
                "data": {
                    "time": 335.760388
                }
            },
            {
                "time": {
                    "start": "2017-10-25T02:54:08.850Z",
                    "end": "2017-10-25T02:56:34.596Z"
                },
                "type": "SCRUB",
                "source": "data:drag",
                "_t": "20:54:08",
                "_end": "20:56:34",
                "data": {
                    "time": 393.275374
                }
            },
            {
                "time": {
                    "start": "2017-10-25T02:54:08.850Z",
                    "end": "2017-10-25T02:56:35.717Z"
                },
                "type": "SCRUB",
                "source": "data:drag",
                "_t": "20:54:08",
                "_end": "20:56:35",
                "data": {
                    "time": 438.115019
                }
            },
            {
                "time": {
                    "start": "2017-10-25T02:54:08.850Z",
                    "end": "2017-10-25T02:56:36.985Z"
                },
                "type": "SCRUB",
                "source": "data:drag",
                "_t": "20:54:08",
                "_end": "20:56:36",
                "data": {
                    "time": 443.225235
                }
            },
            {
                "time": "2017-10-25T02:56:37.018Z",
                "type": "PLAY",
                "source": "hotkey",
                "_t": "20:56:37",
                "_end": "-",
                "data": {
                    "key": "space"
                }
            },
            {
                "time": "2017-10-25T02:56:43.932Z",
                "type": "PAUSE",
                "source": "hotkey",
                "_t": "20:56:43",
                "_end": "-",
                "data": {
                    "key": "space"
                }
            },
            {
                "time": {
                    "start": "2017-10-25T02:54:08.850Z",
                    "end": "2017-10-25T02:56:44.964Z"
                },
                "type": "SCRUB",
                "source": "data:drag",
                "_t": "20:54:08",
                "_end": "20:56:44",
                "data": {
                    "time": 449.889471
                }
            },
            {
                "time": {
                    "start": "2017-10-25T02:54:08.850Z",
                    "end": "2017-10-25T02:56:47.829Z"
                },
                "type": "SCRUB",
                "source": "data:drag",
                "_t": "20:54:08",
                "_end": "20:56:47",
                "data": {
                    "time": 449.889471
                }
            },
            {
                "time": "2017-10-25T02:56:48.316Z",
                "type": "PLAY",
                "source": "hotkey",
                "_t": "20:56:48",
                "_end": "-",
                "data": {
                    "key": "space"
                }
            },
            {
                "time": {
                    "start": "2017-10-25T02:54:08.850Z",
                    "end": "2017-10-25T02:56:51.324Z"
                },
                "type": "SCRUB",
                "source": "data:drag",
                "_t": "20:54:08",
                "_end": "20:56:51",
                "data": {
                    "time": 510.985699
                }
            },
            {
                "time": {
                    "start": "2017-10-25T02:54:08.850Z",
                    "end": "2017-10-25T02:56:53.693Z"
                },
                "type": "SCRUB",
                "source": "data:drag",
                "_t": "20:54:08",
                "_end": "20:56:53",
                "data": {
                    "time": 564.356933
                }
            },
            {
                "time": {
                    "start": "2017-10-25T02:54:08.850Z",
                    "end": "2017-10-25T02:56:54.728Z"
                },
                "type": "SCRUB",
                "source": "data:drag",
                "_t": "20:54:08",
                "_end": "20:56:54",
                "data": {
                    "time": 563.338283
                }
            },
            {
                "time": "2017-10-25T02:56:54.794Z",
                "type": "PAUSE",
                "source": "hotkey",
                "_t": "20:56:54",
                "_end": "-",
                "data": {
                    "key": "space"
                }
            },
            {
                "time": "2017-10-25T02:56:56.573Z",
                "type": "PLAY",
                "source": "hotkey",
                "_t": "20:56:56",
                "_end": "-",
                "data": {
                    "key": "space"
                }
            },
            {
                "time": "2017-10-25T02:57:06.812Z",
                "type": "PAUSE",
                "source": "hotkey",
                "_t": "20:57:06",
                "_end": "-",
                "data": {
                    "key": "space"
                }
            },
            {
                "time": {
                    "start": "2017-10-25T02:54:08.850Z",
                    "end": "2017-10-25T02:57:07.660Z"
                },
                "type": "SCRUB",
                "source": "data:drag",
                "_t": "20:54:08",
                "_end": "20:57:07",
                "data": {
                    "time": 573.631708
                }
            },
            {
                "time": {
                    "start": "2017-10-25T02:54:08.850Z",
                    "end": "2017-10-25T02:57:10.745Z"
                },
                "type": "SCRUB",
                "source": "data:drag",
                "_t": "20:54:08",
                "_end": "20:57:10",
                "data": {
                    "time": 573.631708
                }
            },
            {
                "time": {
                    "start": "2017-10-25T02:54:08.850Z",
                    "end": "2017-10-25T02:57:12.177Z"
                },
                "type": "SCRUB",
                "source": "data:drag",
                "_t": "20:54:08",
                "_end": "20:57:12",
                "data": {
                    "time": 534.653781
                }
            },
            {
                "time": {
                    "start": "2017-10-25T02:54:08.850Z",
                    "end": "2017-10-25T02:57:15.066Z"
                },
                "type": "SCRUB",
                "source": "data:drag",
                "_t": "20:54:08",
                "_end": "20:57:15",
                "data": {
                    "time": 525.986452
                }
            },
            {
                "time": {
                    "start": "2017-10-25T02:54:08.850Z",
                    "end": "2017-10-25T02:57:16.516Z"
                },
                "type": "SCRUB",
                "source": "data:drag",
                "_t": "20:54:08",
                "_end": "20:57:16",
                "data": {
                    "time": 525.986452
                }
            },
            {
                "time": {
                    "start": "2017-10-25T02:54:08.850Z",
                    "end": "2017-10-25T02:57:18.792Z"
                },
                "type": "SCRUB",
                "source": "data:drag",
                "_t": "20:54:08",
                "_end": "20:57:18",
                "data": {
                    "time": 471.477475
                }
            }
        ]
    }
}