{
    "user_id": "045",
    "session_id": "5a788239ee2b1975ba835b70",
    "study": "studyC",
    "workspace": "cane.cane-vid1-dat2",
    "details": {
        "workspace": "cane.cane-vid1-dat2",
        "labels": [
            {
                "time": 29.89944299390243,
                "endTime": 30.514778046747963,
                "type": "ground",
                "id": 1
            },
            {
                "time": 31.756929111788565,
                "endTime": 32.27144448780484,
                "type": "ground",
                "id": 2
            },
            {
                "time": 33.42256363414633,
                "endTime": 33.963240808943084,
                "type": "ground",
                "id": 3
            },
            {
                "time": 35.30621314634148,
                "endTime": 35.85561092073173,
                "type": "ground",
                "id": 4
            },
            {
                "time": 40.783997,
                "endTime": 41.36827717276422,
                "type": "ground",
                "id": 5
            },
            {
                "time": 42.141198,
                "endTime": 42.94349316260163,
                "type": "ground",
                "id": 6
            }
        ],
        "_starts": [
            "2018-02-05T16:17:15.000Z"
        ],
        "_ends": [
            "2018-02-05T16:19:22.270Z"
        ]
    },
    "labels_file": "/home/ubuntu/vat/data/user-studies/studyC/practice-second/045.labels.json",
    "videoFlash": 1.922515,
    "surveys": {
        "user-info": {
            "firstname": "Marci",
            "lastname": "Hepner",
            "email": "mar.hepner@gmail.com"
        },
        "practice-first": {
            "question1": "3",
            "question2": "ok",
            "question3": "90",
            "question4": "5"
        }
    },
    "logs": {
        "labelEvents": [
            {
                "time": "2018-02-05T16:18:05.342Z",
                "type": "START",
                "source": "side-bar:button",
                "_t": "09:18:05",
                "_end": "-",
                "data": {
                    "type": "ground",
                    "time": 31.517647
                }
            },
            {
                "time": "2018-02-05T16:18:09.393Z",
                "type": "END",
                "source": "data:click:h_pos",
                "_t": "09:18:09",
                "_end": "-",
                "data": {
                    "lbl": {
                        "time": 29.89944299390243,
                        "endTime": 30.514778046747963,
                        "type": "ground",
                        "id": 1
                    }
                }
            },
            {
                "time": "2018-02-05T16:18:11.616Z",
                "type": "SELECT",
                "source": "data:click",
                "_t": "09:18:11",
                "_end": "-",
                "data": {
                    "time": 29.89944299390243,
                    "endTime": 30.514778046747963,
                    "type": "ground",
                    "id": 1
                }
            },
            {
                "time": {
                    "start": "2018-02-05T16:18:12.743Z",
                    "end": "2018-02-05T16:18:14.086Z"
                },
                "type": "RESIZE",
                "source": "data:brush",
                "_t": "09:18:12",
                "_end": "09:18:14",
                "data": {
                    "brushing": true,
                    "origin": [
                        29.899442993902433,
                        31.517647
                    ],
                    "_brushside": 1,
                    "start": "2018-02-05T16:18:12.743Z",
                    "ε": 0.1,
                    "mode": "resize"
                }
            },
            {
                "time": {
                    "start": "2018-02-05T16:18:16.919Z",
                    "end": "2018-02-05T16:18:19.559Z"
                },
                "type": "RESIZE",
                "source": "data:brush",
                "_t": "09:18:16",
                "_end": "09:18:19",
                "data": {
                    "brushing": true,
                    "origin": [
                        29.89944299390243,
                        32.26761856504065
                    ],
                    "_brushside": 1,
                    "start": "2018-02-05T16:18:16.919Z",
                    "ε": 0.1,
                    "mode": "resize"
                }
            },
            {
                "time": "2018-02-05T16:18:21.838Z",
                "type": "DESELECT",
                "source": "side-bar:button",
                "_t": "09:18:21",
                "_end": "-",
                "data": {
                    "time": 29.89944299390243,
                    "endTime": 30.514778046747963,
                    "type": "ground",
                    "id": 1
                }
            },
            {
                "time": "2018-02-05T16:18:23.591Z",
                "type": "START",
                "source": "side-bar:button",
                "_t": "09:18:23",
                "_end": "-",
                "data": {
                    "type": "ground",
                    "time": 34.155094
                }
            },
            {
                "time": "2018-02-05T16:18:25.446Z",
                "type": "END",
                "source": "data:click:h_pos",
                "_t": "09:18:25",
                "_end": "-",
                "data": {
                    "lbl": {
                        "time": 31.756929111788565,
                        "endTime": 32.27144448780484,
                        "type": "ground",
                        "id": 2
                    }
                }
            },
            {
                "time": "2018-02-05T16:18:26.632Z",
                "type": "SELECT",
                "source": "data:click",
                "_t": "09:18:26",
                "_end": "-",
                "data": {
                    "time": 31.756929111788565,
                    "endTime": 32.27144448780484,
                    "type": "ground",
                    "id": 2
                }
            },
            {
                "time": {
                    "start": "2018-02-05T16:18:27.215Z",
                    "end": "2018-02-05T16:18:29.623Z"
                },
                "type": "RESIZE",
                "source": "data:brush",
                "_t": "09:18:27",
                "_end": "09:18:29",
                "data": {
                    "brushing": true,
                    "origin": [
                        31.756929111788615,
                        34.155094
                    ],
                    "_brushside": 1,
                    "start": "2018-02-05T16:18:27.215Z",
                    "ε": 0.1,
                    "mode": "resize"
                }
            },
            {
                "time": "2018-02-05T16:18:31.166Z",
                "type": "DESELECT",
                "source": "side-bar:button",
                "_t": "09:18:31",
                "_end": "-",
                "data": {
                    "time": 31.756929111788565,
                    "endTime": 32.27144448780484,
                    "type": "ground",
                    "id": 2
                }
            },
            {
                "time": "2018-02-05T16:18:31.790Z",
                "type": "START",
                "source": "side-bar:button",
                "_t": "09:18:31",
                "_end": "-",
                "data": {
                    "type": "ground",
                    "time": 34.155094
                }
            },
            {
                "time": "2018-02-05T16:18:33.866Z",
                "type": "END",
                "source": "data:click:h_pos",
                "_t": "09:18:33",
                "_end": "-",
                "data": {
                    "lbl": {
                        "time": 33.42256363414633,
                        "endTime": 33.963240808943084,
                        "type": "ground",
                        "id": 3
                    }
                }
            },
            {
                "time": "2018-02-05T16:18:35.640Z",
                "type": "SELECT",
                "source": "data:click",
                "_t": "09:18:35",
                "_end": "-",
                "data": {
                    "time": 33.42256363414633,
                    "endTime": 33.963240808943084,
                    "type": "ground",
                    "id": 3
                }
            },
            {
                "time": {
                    "start": "2018-02-05T16:18:36.487Z",
                    "end": "2018-02-05T16:18:37.719Z"
                },
                "type": "RESIZE",
                "source": "data:brush",
                "_t": "09:18:36",
                "_end": "09:18:37",
                "data": {
                    "brushing": true,
                    "origin": [
                        33.422563634146385,
                        34.155094
                    ],
                    "_brushside": 1,
                    "start": "2018-02-05T16:18:36.487Z",
                    "ε": 0.1,
                    "mode": "resize"
                }
            },
            {
                "time": "2018-02-05T16:18:39.901Z",
                "type": "DESELECT",
                "source": "side-bar:button",
                "_t": "09:18:39",
                "_end": "-",
                "data": {
                    "time": 33.42256363414633,
                    "endTime": 33.963240808943084,
                    "type": "ground",
                    "id": 3
                }
            },
            {
                "time": "2018-02-05T16:18:41.671Z",
                "type": "START",
                "source": "side-bar:button",
                "_t": "09:18:41",
                "_end": "-",
                "data": {
                    "type": "ground",
                    "time": 34.155094
                }
            },
            {
                "time": "2018-02-05T16:18:44.748Z",
                "type": "END",
                "source": "data:click:h_pos",
                "_t": "09:18:44",
                "_end": "-",
                "data": {
                    "lbl": {
                        "time": 35.30621314634148,
                        "endTime": 35.85561092073173,
                        "type": "ground",
                        "id": 4
                    }
                }
            },
            {
                "time": "2018-02-05T16:18:46.424Z",
                "type": "SELECT",
                "source": "data:click",
                "_t": "09:18:46",
                "_end": "-",
                "data": {
                    "time": 35.30621314634148,
                    "endTime": 35.85561092073173,
                    "type": "ground",
                    "id": 4
                }
            },
            {
                "time": {
                    "start": "2018-02-05T16:18:47.280Z",
                    "end": "2018-02-05T16:18:48.292Z"
                },
                "type": "RESIZE",
                "source": "data:brush",
                "_t": "09:18:47",
                "_end": "09:18:48",
                "data": {
                    "brushing": true,
                    "origin": [
                        34.155094,
                        35.31493374593498
                    ],
                    "_brushside": 0,
                    "start": "2018-02-05T16:18:47.280Z",
                    "ε": 0.1,
                    "mode": "resize"
                }
            },
            {
                "time": "2018-02-05T16:18:48.882Z",
                "type": "DESELECT",
                "source": "data:click",
                "_t": "09:18:48",
                "_end": "-",
                "data": {
                    "time": 35.20156595121953,
                    "endTime": 35.31493374593498,
                    "type": "ground",
                    "id": 4
                }
            },
            {
                "time": "2018-02-05T16:18:49.616Z",
                "type": "SELECT",
                "source": "data:click",
                "_t": "09:18:49",
                "_end": "-",
                "data": {
                    "time": 35.30621314634148,
                    "endTime": 35.85561092073173,
                    "type": "ground",
                    "id": 4
                }
            },
            {
                "time": {
                    "start": "2018-02-05T16:18:50.160Z",
                    "end": "2018-02-05T16:18:51.695Z"
                },
                "type": "RESIZE",
                "source": "data:brush",
                "_t": "09:18:50",
                "_end": "09:18:51",
                "data": {
                    "brushing": true,
                    "origin": [
                        35.20156595121953,
                        35.31493374593498
                    ],
                    "_brushside": 1,
                    "start": "2018-02-05T16:18:50.160Z",
                    "ε": 0.1,
                    "mode": "resize"
                }
            },
            {
                "time": {
                    "start": "2018-02-05T16:18:52.487Z",
                    "end": "2018-02-05T16:18:52.775Z"
                },
                "type": "MOVE",
                "source": "data:brush",
                "_t": "09:18:52",
                "_end": "09:18:52",
                "data": {
                    "brushing": true,
                    "origin": [
                        35.20156595121953,
                        35.82072852235774
                    ],
                    "start": "2018-02-05T16:18:52.487Z",
                    "ε": 0.1,
                    "mode": "move"
                }
            },
            {
                "time": {
                    "start": "2018-02-05T16:18:53.791Z",
                    "end": "2018-02-05T16:18:54.375Z"
                },
                "type": "RESIZE",
                "source": "data:brush",
                "_t": "09:18:53",
                "_end": "09:18:54",
                "data": {
                    "brushing": true,
                    "origin": [
                        35.23644834959351,
                        35.85561092073173
                    ],
                    "start": "2018-02-05T16:18:53.791Z",
                    "ε": 0.1,
                    "mode": "resize"
                }
            },
            {
                "time": "2018-02-05T16:19:06.806Z",
                "type": "DESELECT",
                "source": "side-bar:button",
                "_t": "09:19:06",
                "_end": "-",
                "data": {
                    "time": 35.30621314634148,
                    "endTime": 35.85561092073173,
                    "type": "ground",
                    "id": 4
                }
            },
            {
                "time": "2018-02-05T16:19:07.959Z",
                "type": "START",
                "source": "side-bar:button",
                "_t": "09:19:07",
                "_end": "-",
                "data": {
                    "type": "ground",
                    "time": 40.783997
                }
            },
            {
                "time": "2018-02-05T16:19:09.699Z",
                "type": "END",
                "source": "data:click:h_pos",
                "_t": "09:19:09",
                "_end": "-",
                "data": {
                    "lbl": {
                        "time": 40.783997,
                        "endTime": 41.36827717276422,
                        "type": "ground",
                        "id": 5
                    }
                }
            },
            {
                "time": "2018-02-05T16:19:16.816Z",
                "type": "START",
                "source": "side-bar:button",
                "_t": "09:19:16",
                "_end": "-",
                "data": {
                    "type": "ground",
                    "time": 42.141198
                }
            },
            {
                "time": "2018-02-05T16:19:18.520Z",
                "type": "END",
                "source": "data:click:h_pos",
                "_t": "09:19:18",
                "_end": "-",
                "data": {
                    "lbl": {
                        "time": 42.141198,
                        "endTime": 42.94349316260163,
                        "type": "ground",
                        "id": 6
                    }
                }
            }
        ],
        "navigationEvents": [
            {
                "time": {
                    "start": "2018-02-05T16:17:28.355Z",
                    "end": "2018-02-05T16:17:28.424Z"
                },
                "type": "SCRUB",
                "source": "video:drag",
                "_t": "09:17:28",
                "_end": "09:17:28",
                "data": {
                    "to": 12.071737,
                    "from": 5.199155
                }
            },
            {
                "time": {
                    "start": "2018-02-05T16:17:29.795Z",
                    "end": "2018-02-05T16:17:29.868Z"
                },
                "type": "SCRUB",
                "source": "video:drag",
                "_t": "09:17:29",
                "_end": "09:17:29",
                "data": {
                    "to": 24.696378,
                    "from": 13.332839
                }
            },
            {
                "time": {
                    "start": "2018-02-05T16:17:31.298Z",
                    "end": "2018-02-05T16:17:31.380Z"
                },
                "type": "SCRUB",
                "source": "video:drag",
                "_t": "09:17:31",
                "_end": "09:17:31",
                "data": {
                    "to": 34.740801,
                    "from": 26.058586
                }
            },
            {
                "time": {
                    "start": "2018-02-05T16:17:35.163Z",
                    "end": "2018-02-05T16:17:35.252Z"
                },
                "type": "SCRUB",
                "source": "video:drag",
                "_t": "09:17:35",
                "_end": "09:17:35",
                "data": {
                    "to": 48.379099,
                    "from": 38.437598
                }
            },
            {
                "time": {
                    "start": "2018-02-05T16:17:35.698Z",
                    "end": "2018-02-05T16:17:35.788Z"
                },
                "type": "SCRUB",
                "source": "video:drag",
                "_t": "09:17:35",
                "_end": "09:17:35",
                "data": {
                    "to": 59.62148,
                    "from": 48.739034
                }
            },
            {
                "time": {
                    "start": "2018-02-05T16:17:37.354Z",
                    "end": "2018-02-05T16:17:37.428Z"
                },
                "type": "SCRUB",
                "source": "video:drag",
                "_t": "09:17:37",
                "_end": "09:17:37",
                "data": {
                    "to": 76.669353,
                    "from": 61.097037
                }
            },
            {
                "time": {
                    "start": "2018-02-05T16:17:38.882Z",
                    "end": "2018-02-05T16:17:38.972Z"
                },
                "type": "SCRUB",
                "source": "video:drag",
                "_t": "09:17:38",
                "_end": "09:17:38",
                "data": {
                    "to": 84.410009,
                    "from": 78.054585
                }
            },
            {
                "time": {
                    "start": "2018-02-05T16:17:50.761Z",
                    "end": "2018-02-05T16:17:51.942Z"
                },
                "type": "SCRUB",
                "source": "video:drag",
                "_t": "09:17:50",
                "_end": "09:17:51",
                "data": {
                    "to": 0,
                    "from": 96.113238
                }
            },
            {
                "time": {
                    "start": "2018-02-05T16:17:55.146Z",
                    "end": "2018-02-05T16:17:55.245Z"
                },
                "type": "SCRUB",
                "source": "video:drag",
                "_t": "09:17:55",
                "_end": "09:17:55",
                "data": {
                    "to": 7.095601,
                    "from": 3.13361
                }
            },
            {
                "time": {
                    "start": "2018-02-05T16:17:55.706Z",
                    "end": "2018-02-05T16:17:55.797Z"
                },
                "type": "SCRUB",
                "source": "video:drag",
                "_t": "09:17:55",
                "_end": "09:17:55",
                "data": {
                    "to": 12.53249,
                    "from": 7.469566
                }
            },
            {
                "time": {
                    "start": "2018-02-05T16:17:56.252Z",
                    "end": "2018-02-05T16:17:56.341Z"
                },
                "type": "SCRUB",
                "source": "video:drag",
                "_t": "09:17:56",
                "_end": "09:17:56",
                "data": {
                    "to": 16.587119,
                    "from": 12.894424
                }
            },
            {
                "time": {
                    "start": "2018-02-05T16:17:56.746Z",
                    "end": "2018-02-05T16:17:56.847Z"
                },
                "type": "SCRUB",
                "source": "video:drag",
                "_t": "09:17:56",
                "_end": "09:17:56",
                "data": {
                    "to": 20.733899,
                    "from": 16.913785
                }
            },
            {
                "time": {
                    "start": "2018-02-05T16:17:57.249Z",
                    "end": "2018-02-05T16:17:57.350Z"
                },
                "type": "SCRUB",
                "source": "video:drag",
                "_t": "09:17:57",
                "_end": "09:17:57",
                "data": {
                    "to": 23.59057,
                    "from": 21.000013
                }
            },
            {
                "time": "2018-02-05T16:18:07.886Z",
                "type": "PAUSE",
                "source": "video:button",
                "_t": "09:18:07",
                "_end": "-"
            },
            {
                "time": {
                    "start": "2018-02-05T16:17:15.523Z",
                    "end": "2018-02-05T16:18:09.391Z"
                },
                "type": "SCRUB",
                "source": "data:drag",
                "_t": "09:17:15",
                "_end": "09:18:09",
                "data": {
                    "time": 34.059169
                }
            },
            {
                "time": {
                    "start": "2018-02-05T16:17:15.523Z",
                    "end": "2018-02-05T16:18:10.219Z"
                },
                "type": "SCRUB",
                "source": "data:drag",
                "_t": "09:17:15",
                "_end": "09:18:10",
                "data": {
                    "time": 34.067889
                }
            },
            {
                "time": {
                    "start": "2018-02-05T16:17:15.523Z",
                    "end": "2018-02-05T16:18:11.110Z"
                },
                "type": "SCRUB",
                "source": "data:drag",
                "_t": "09:17:15",
                "_end": "09:18:11",
                "data": {
                    "time": 34.155094
                }
            },
            {
                "time": {
                    "start": "2018-02-05T16:17:15.523Z",
                    "end": "2018-02-05T16:18:11.615Z"
                },
                "type": "SCRUB",
                "source": "data:drag",
                "_t": "09:17:15",
                "_end": "09:18:11",
                "data": {
                    "time": 34.155094
                }
            },
            {
                "time": {
                    "start": "2018-02-05T16:17:15.523Z",
                    "end": "2018-02-05T16:18:14.094Z"
                },
                "type": "SCRUB",
                "source": "data:drag",
                "_t": "09:17:15",
                "_end": "09:18:14",
                "data": {
                    "time": 34.155094
                }
            },
            {
                "time": {
                    "start": "2018-02-05T16:17:15.523Z",
                    "end": "2018-02-05T16:18:19.577Z"
                },
                "type": "SCRUB",
                "source": "data:drag",
                "_t": "09:17:15",
                "_end": "09:18:19",
                "data": {
                    "time": 34.155094
                }
            },
            {
                "time": {
                    "start": "2018-02-05T16:17:15.523Z",
                    "end": "2018-02-05T16:18:25.443Z"
                },
                "type": "SCRUB",
                "source": "data:drag",
                "_t": "09:17:15",
                "_end": "09:18:25",
                "data": {
                    "time": 34.155094
                }
            },
            {
                "time": {
                    "start": "2018-02-05T16:17:15.523Z",
                    "end": "2018-02-05T16:18:26.631Z"
                },
                "type": "SCRUB",
                "source": "data:drag",
                "_t": "09:17:15",
                "_end": "09:18:26",
                "data": {
                    "time": 34.155094
                }
            },
            {
                "time": {
                    "start": "2018-02-05T16:17:15.523Z",
                    "end": "2018-02-05T16:18:29.641Z"
                },
                "type": "SCRUB",
                "source": "data:drag",
                "_t": "09:17:15",
                "_end": "09:18:29",
                "data": {
                    "time": 34.155094
                }
            },
            {
                "time": {
                    "start": "2018-02-05T16:17:15.523Z",
                    "end": "2018-02-05T16:18:33.865Z"
                },
                "type": "SCRUB",
                "source": "data:drag",
                "_t": "09:17:15",
                "_end": "09:18:33",
                "data": {
                    "time": 34.155094
                }
            },
            {
                "time": {
                    "start": "2018-02-05T16:17:15.523Z",
                    "end": "2018-02-05T16:18:35.639Z"
                },
                "type": "SCRUB",
                "source": "data:drag",
                "_t": "09:17:15",
                "_end": "09:18:35",
                "data": {
                    "time": 34.155094
                }
            },
            {
                "time": {
                    "start": "2018-02-05T16:17:15.523Z",
                    "end": "2018-02-05T16:18:37.736Z"
                },
                "type": "SCRUB",
                "source": "data:drag",
                "_t": "09:17:15",
                "_end": "09:18:37",
                "data": {
                    "time": 34.155094
                }
            },
            {
                "time": {
                    "start": "2018-02-05T16:17:15.523Z",
                    "end": "2018-02-05T16:18:44.747Z"
                },
                "type": "SCRUB",
                "source": "data:drag",
                "_t": "09:17:15",
                "_end": "09:18:44",
                "data": {
                    "time": 34.155094
                }
            },
            {
                "time": {
                    "start": "2018-02-05T16:17:15.523Z",
                    "end": "2018-02-05T16:18:46.078Z"
                },
                "type": "SCRUB",
                "source": "data:drag",
                "_t": "09:17:15",
                "_end": "09:18:46",
                "data": {
                    "time": 33.413842
                }
            },
            {
                "time": {
                    "start": "2018-02-05T16:17:15.523Z",
                    "end": "2018-02-05T16:18:46.423Z"
                },
                "type": "SCRUB",
                "source": "data:drag",
                "_t": "09:17:15",
                "_end": "09:18:46",
                "data": {
                    "time": 33.413842
                }
            },
            {
                "time": {
                    "start": "2018-02-05T16:17:15.523Z",
                    "end": "2018-02-05T16:18:48.301Z"
                },
                "type": "SCRUB",
                "source": "data:drag",
                "_t": "09:17:15",
                "_end": "09:18:48",
                "data": {
                    "time": 33.413842
                }
            },
            {
                "time": {
                    "start": "2018-02-05T16:17:15.523Z",
                    "end": "2018-02-05T16:18:48.881Z"
                },
                "type": "SCRUB",
                "source": "data:drag",
                "_t": "09:17:15",
                "_end": "09:18:48",
                "data": {
                    "time": 33.413842
                }
            },
            {
                "time": {
                    "start": "2018-02-05T16:17:15.523Z",
                    "end": "2018-02-05T16:18:49.615Z"
                },
                "type": "SCRUB",
                "source": "data:drag",
                "_t": "09:17:15",
                "_end": "09:18:49",
                "data": {
                    "time": 33.413842
                }
            },
            {
                "time": {
                    "start": "2018-02-05T16:17:15.523Z",
                    "end": "2018-02-05T16:18:51.702Z"
                },
                "type": "SCRUB",
                "source": "data:drag",
                "_t": "09:17:15",
                "_end": "09:18:51",
                "data": {
                    "time": 33.413842
                }
            },
            {
                "time": {
                    "start": "2018-02-05T16:17:15.523Z",
                    "end": "2018-02-05T16:18:52.795Z"
                },
                "type": "SCRUB",
                "source": "data:drag",
                "_t": "09:17:15",
                "_end": "09:18:52",
                "data": {
                    "time": 33.413842
                }
            },
            {
                "time": {
                    "start": "2018-02-05T16:17:15.523Z",
                    "end": "2018-02-05T16:18:54.392Z"
                },
                "type": "SCRUB",
                "source": "data:drag",
                "_t": "09:17:15",
                "_end": "09:18:54",
                "data": {
                    "time": 33.413842
                }
            },
            {
                "time": "2018-02-05T16:18:56.151Z",
                "type": "PLAY",
                "source": "video:button",
                "_t": "09:18:56",
                "_end": "-"
            },
            {
                "time": "2018-02-05T16:19:03.559Z",
                "type": "PAUSE",
                "source": "video:button",
                "_t": "09:19:03",
                "_end": "-"
            },
            {
                "time": {
                    "start": "2018-02-05T16:17:15.523Z",
                    "end": "2018-02-05T16:19:09.697Z"
                },
                "type": "SCRUB",
                "source": "data:drag",
                "_t": "09:17:15",
                "_end": "09:19:09",
                "data": {
                    "time": 40.783997
                }
            },
            {
                "time": "2018-02-05T16:19:14.007Z",
                "type": "PLAY",
                "source": "video:button",
                "_t": "09:19:14",
                "_end": "-"
            },
            {
                "time": "2018-02-05T16:19:15.352Z",
                "type": "PAUSE",
                "source": "video:button",
                "_t": "09:19:15",
                "_end": "-"
            },
            {
                "time": {
                    "start": "2018-02-05T16:17:15.523Z",
                    "end": "2018-02-05T16:19:18.517Z"
                },
                "type": "SCRUB",
                "source": "data:drag",
                "_t": "09:17:15",
                "_end": "09:19:18",
                "data": {
                    "time": 42.141198
                }
            },
            {
                "time": "2018-02-05T16:19:19.963Z",
                "type": "PLAY",
                "source": "video:button",
                "_t": "09:19:19",
                "_end": "-"
            },
            {
                "time": "2018-02-05T16:19:21.136Z",
                "type": "PAUSE",
                "source": "video:button",
                "_t": "09:19:21",
                "_end": "-"
            },
            {
                "time": {
                    "start": "2018-02-05T16:17:15.523Z",
                    "end": "2018-02-05T16:19:21.972Z"
                },
                "type": "SCRUB",
                "source": "data:drag",
                "_t": "09:17:15",
                "_end": "09:19:21",
                "data": {
                    "time": 43.323349
                }
            }
        ]
    }
}