{
    "user_id": "046",
    "session_id": "5a78823bee2b1975ba835b71",
    "study": "studyC",
    "workspace": "cane.cane-vid1-dat2",
    "details": {
        "workspace": "cane.cane-vid1-dat2",
        "labels": [
            {
                "time": 28.437816,
                "endTime": 29.870498397448266,
                "type": "ground",
                "id": 1
            },
            {
                "time": 30.5144,
                "endTime": 31.775375143821506,
                "type": "ground",
                "id": 2
            },
            {
                "time": 32.28004,
                "endTime": 33.39223224823238,
                "type": "ground",
                "id": 3
            },
            {
                "time": 33.952648,
                "endTime": 35.306782180143315,
                "type": "ground",
                "id": 4
            },
            {
                "time": 39.825726,
                "endTime": 40.83760303210364,
                "type": "ground",
                "id": 5
            },
            {
                "time": 41.369109,
                "endTime": 42.405779343760706,
                "type": "ground",
                "id": 6
            }
        ],
        "_starts": [
            "2018-02-05T16:16:02.000Z"
        ],
        "_ends": [
            "2018-02-05T16:18:27.589Z"
        ]
    },
    "labels_file": "/home/ubuntu/vat/data/user-studies/studyC/practice-second/046.labels.json",
    "videoFlash": 1.922515,
    "surveys": {
        "user-info": {
            "firstname": "Gibson",
            "lastname": "Ainge",
            "email": "gainge@gmail.com"
        },
        "practice-first": {
            "question1": "5",
            "question2": "ok",
            "question3": "100",
            "question4": "5"
        }
    },
    "logs": {
        "labelEvents": [
            {
                "time": "2018-02-05T16:17:06.449Z",
                "type": "START",
                "source": "side-bar:button",
                "_t": "09:17:06",
                "_end": "-",
                "data": {
                    "type": "ground",
                    "time": 28.437816
                }
            },
            {
                "time": "2018-02-05T16:17:10.071Z",
                "type": "END",
                "source": "data:click:h_pos",
                "_t": "09:17:10",
                "_end": "-",
                "data": {
                    "lbl": {
                        "time": 28.437816,
                        "endTime": 29.870498397448266,
                        "type": "ground",
                        "id": 1
                    }
                }
            },
            {
                "time": "2018-02-05T16:17:15.237Z",
                "type": "START",
                "source": "hotkey",
                "_t": "09:17:15",
                "_end": "-",
                "data": {
                    "type": "ground",
                    "time": 30.5144
                }
            },
            {
                "time": "2018-02-05T16:17:17.755Z",
                "type": "END",
                "source": "data:click:h_pos",
                "_t": "09:17:17",
                "_end": "-",
                "data": {
                    "lbl": {
                        "time": 30.5144,
                        "endTime": 31.775375143821506,
                        "type": "ground",
                        "id": 2
                    }
                }
            },
            {
                "time": "2018-02-05T16:17:24.467Z",
                "type": "START",
                "source": "hotkey",
                "_t": "09:17:24",
                "_end": "-",
                "data": {
                    "type": "ground",
                    "time": 32.28004
                }
            },
            {
                "time": "2018-02-05T16:17:27.700Z",
                "type": "END",
                "source": "data:click:h_pos",
                "_t": "09:17:27",
                "_end": "-",
                "data": {
                    "lbl": {
                        "time": 32.28004,
                        "endTime": 33.39223224823238,
                        "type": "ground",
                        "id": 3
                    }
                }
            },
            {
                "time": "2018-02-05T16:17:33.155Z",
                "type": "START",
                "source": "hotkey",
                "_t": "09:17:33",
                "_end": "-",
                "data": {
                    "type": "ground",
                    "time": 33.952648
                }
            },
            {
                "time": "2018-02-05T16:17:35.067Z",
                "type": "END",
                "source": "data:click:h_pos",
                "_t": "09:17:35",
                "_end": "-",
                "data": {
                    "lbl": {
                        "time": 33.952648,
                        "endTime": 35.306782180143315,
                        "type": "ground",
                        "id": 4
                    }
                }
            },
            {
                "time": "2018-02-05T16:17:39.092Z",
                "type": "START",
                "source": "hotkey",
                "_t": "09:17:39",
                "_end": "-",
                "data": {
                    "type": "ground",
                    "time": 35.814118
                }
            },
            {
                "time": "2018-02-05T16:17:51.484Z",
                "type": "END",
                "source": "data:click:h_pos",
                "_t": "09:17:51",
                "_end": "-",
                "data": {
                    "lbl": {
                        "time": 35.814118,
                        "endTime": 39.2251401479928,
                        "type": "ground",
                        "id": 5
                    }
                }
            },
            {
                "time": "2018-02-05T16:17:55.012Z",
                "type": "SELECT",
                "source": "data:click",
                "_t": "09:17:55",
                "_end": "-",
                "data": {
                    "time": 35.814118,
                    "endTime": 39.2251401479928,
                    "type": "ground",
                    "id": 5
                }
            },
            {
                "time": "2018-02-05T16:18:00.474Z",
                "type": "DELETE",
                "source": "side-bar:button",
                "_t": "09:18:00",
                "_end": "-",
                "data": {
                    "id": 5,
                    "idx": 4
                }
            },
            {
                "time": "2018-02-05T16:18:15.076Z",
                "type": "START",
                "source": "hotkey",
                "_t": "09:18:15",
                "_end": "-",
                "data": {
                    "type": "ground",
                    "time": 39.825726
                }
            },
            {
                "time": "2018-02-05T16:18:17.908Z",
                "type": "END",
                "source": "data:click:h_pos",
                "_t": "09:18:17",
                "_end": "-",
                "data": {
                    "lbl": {
                        "time": 39.825726,
                        "endTime": 40.83760303210364,
                        "type": "ground",
                        "id": 5
                    }
                }
            },
            {
                "time": "2018-02-05T16:18:22.212Z",
                "type": "START",
                "source": "hotkey",
                "_t": "09:18:22",
                "_end": "-",
                "data": {
                    "type": "ground",
                    "time": 41.369109
                }
            },
            {
                "time": "2018-02-05T16:18:24.204Z",
                "type": "END",
                "source": "data:click:h_pos",
                "_t": "09:18:24",
                "_end": "-",
                "data": {
                    "lbl": {
                        "time": 41.369109,
                        "endTime": 42.405779343760706,
                        "type": "ground",
                        "id": 6
                    }
                }
            }
        ],
        "navigationEvents": [
            {
                "time": {
                    "start": "2018-02-05T16:16:02.039Z",
                    "end": "2018-02-05T16:16:44.488Z"
                },
                "type": "SCRUB",
                "source": "data:drag",
                "_t": "09:16:02",
                "_end": "09:16:44",
                "data": {
                    "time": 9.499097
                }
            },
            {
                "time": {
                    "start": "2018-02-05T16:16:02.039Z",
                    "end": "2018-02-05T16:16:44.942Z"
                },
                "type": "SCRUB",
                "source": "data:drag",
                "_t": "09:16:02",
                "_end": "09:16:44",
                "data": {
                    "time": 15.927387
                }
            },
            {
                "time": {
                    "start": "2018-02-05T16:16:02.039Z",
                    "end": "2018-02-05T16:16:45.389Z"
                },
                "type": "SCRUB",
                "source": "data:drag",
                "_t": "09:16:02",
                "_end": "09:16:45",
                "data": {
                    "time": 22.784945
                }
            },
            {
                "time": {
                    "start": "2018-02-05T16:16:02.039Z",
                    "end": "2018-02-05T16:16:54.872Z"
                },
                "type": "SCRUB",
                "source": "data:drag",
                "_t": "09:16:02",
                "_end": "09:16:54",
                "data": {
                    "time": 32.908019
                }
            },
            {
                "time": {
                    "start": "2018-02-05T16:16:02.039Z",
                    "end": "2018-02-05T16:16:56.487Z"
                },
                "type": "SCRUB",
                "source": "data:drag",
                "_t": "09:16:02",
                "_end": "09:16:56",
                "data": {
                    "time": 33.358304
                }
            },
            {
                "time": {
                    "start": "2018-02-05T16:16:02.039Z",
                    "end": "2018-02-05T16:17:01.733Z"
                },
                "type": "SCRUB",
                "source": "data:drag",
                "_t": "09:16:02",
                "_end": "09:17:01",
                "data": {
                    "time": 29.097816
                }
            },
            {
                "time": {
                    "start": "2018-02-05T16:16:02.039Z",
                    "end": "2018-02-05T16:17:04.490Z"
                },
                "type": "SCRUB",
                "source": "data:drag",
                "_t": "09:16:02",
                "_end": "09:17:04",
                "data": {
                    "time": 29.097816
                }
            },
            {
                "time": {
                    "start": "2018-02-05T16:16:02.039Z",
                    "end": "2018-02-05T16:17:04.612Z"
                },
                "type": "SCRUB",
                "source": "data:drag",
                "_t": "09:16:02",
                "_end": "09:17:04",
                "data": {
                    "time": 29.097816
                }
            },
            {
                "time": "2018-02-05T16:17:04.616Z",
                "type": "JUMP",
                "source": "data:dblclick:h_pos",
                "_t": "09:17:04",
                "_end": "-",
                "data": {
                    "from": 29.097816,
                    "to": 28.43781624387215
                }
            },
            {
                "time": {
                    "start": "2018-02-05T16:16:02.039Z",
                    "end": "2018-02-05T16:17:10.070Z"
                },
                "type": "SCRUB",
                "source": "data:drag",
                "_t": "09:16:02",
                "_end": "09:17:10",
                "data": {
                    "time": 28.437816
                }
            },
            {
                "time": {
                    "start": "2018-02-05T16:16:02.039Z",
                    "end": "2018-02-05T16:17:12.468Z"
                },
                "type": "SCRUB",
                "source": "data:drag",
                "_t": "09:16:02",
                "_end": "09:17:12",
                "data": {
                    "time": 28.437816
                }
            },
            {
                "time": {
                    "start": "2018-02-05T16:16:02.039Z",
                    "end": "2018-02-05T16:17:12.600Z"
                },
                "type": "SCRUB",
                "source": "data:drag",
                "_t": "09:16:02",
                "_end": "09:17:12",
                "data": {
                    "time": 28.437816
                }
            },
            {
                "time": "2018-02-05T16:17:12.602Z",
                "type": "JUMP",
                "source": "data:dblclick:h_pos",
                "_t": "09:17:12",
                "_end": "-",
                "data": {
                    "from": 28.437816,
                    "to": 30.51440059854861
                }
            },
            {
                "time": {
                    "start": "2018-02-05T16:16:02.039Z",
                    "end": "2018-02-05T16:17:17.753Z"
                },
                "type": "SCRUB",
                "source": "data:drag",
                "_t": "09:16:02",
                "_end": "09:17:17",
                "data": {
                    "time": 30.5144
                }
            },
            {
                "time": {
                    "start": "2018-02-05T16:16:02.039Z",
                    "end": "2018-02-05T16:17:18.833Z"
                },
                "type": "SCRUB",
                "source": "data:drag",
                "_t": "09:16:02",
                "_end": "09:17:18",
                "data": {
                    "time": 30.5144
                }
            },
            {
                "time": {
                    "start": "2018-02-05T16:16:02.039Z",
                    "end": "2018-02-05T16:17:18.953Z"
                },
                "type": "SCRUB",
                "source": "data:drag",
                "_t": "09:16:02",
                "_end": "09:17:18",
                "data": {
                    "time": 30.5144
                }
            },
            {
                "time": "2018-02-05T16:17:18.958Z",
                "type": "JUMP",
                "source": "data:dblclick:h_pos",
                "_t": "09:17:18",
                "_end": "-",
                "data": {
                    "from": 30.5144,
                    "to": 32.23683838794342
                }
            },
            {
                "time": {
                    "start": "2018-02-05T16:16:02.039Z",
                    "end": "2018-02-05T16:17:23.353Z"
                },
                "type": "SCRUB",
                "source": "data:drag",
                "_t": "09:16:02",
                "_end": "09:17:23",
                "data": {
                    "time": 32.236838
                }
            },
            {
                "time": {
                    "start": "2018-02-05T16:16:02.039Z",
                    "end": "2018-02-05T16:17:23.489Z"
                },
                "type": "SCRUB",
                "source": "data:drag",
                "_t": "09:16:02",
                "_end": "09:17:23",
                "data": {
                    "time": 32.236838
                }
            },
            {
                "time": "2018-02-05T16:17:23.494Z",
                "type": "JUMP",
                "source": "data:dblclick:h_pos",
                "_t": "09:17:23",
                "_end": "-",
                "data": {
                    "from": 32.236838,
                    "to": 32.28004191641302
                }
            },
            {
                "time": {
                    "start": "2018-02-05T16:16:02.039Z",
                    "end": "2018-02-05T16:17:27.698Z"
                },
                "type": "SCRUB",
                "source": "data:drag",
                "_t": "09:16:02",
                "_end": "09:17:27",
                "data": {
                    "time": 32.28004
                }
            },
            {
                "time": {
                    "start": "2018-02-05T16:16:02.039Z",
                    "end": "2018-02-05T16:17:29.921Z"
                },
                "type": "SCRUB",
                "source": "data:drag",
                "_t": "09:16:02",
                "_end": "09:17:29",
                "data": {
                    "time": 33.827974
                }
            },
            {
                "time": {
                    "start": "2018-02-05T16:16:02.039Z",
                    "end": "2018-02-05T16:17:30.433Z"
                },
                "type": "SCRUB",
                "source": "data:drag",
                "_t": "09:16:02",
                "_end": "09:17:30",
                "data": {
                    "time": 34.309389
                }
            },
            {
                "time": {
                    "start": "2018-02-05T16:16:02.039Z",
                    "end": "2018-02-05T16:17:31.546Z"
                },
                "type": "SCRUB",
                "source": "data:drag",
                "_t": "09:16:02",
                "_end": "09:17:31",
                "data": {
                    "time": 34.309389
                }
            },
            {
                "time": {
                    "start": "2018-02-05T16:16:02.039Z",
                    "end": "2018-02-05T16:17:32.026Z"
                },
                "type": "SCRUB",
                "source": "data:drag",
                "_t": "09:16:02",
                "_end": "09:17:32",
                "data": {
                    "time": 34.309389
                }
            },
            {
                "time": {
                    "start": "2018-02-05T16:16:02.039Z",
                    "end": "2018-02-05T16:17:32.153Z"
                },
                "type": "SCRUB",
                "source": "data:drag",
                "_t": "09:16:02",
                "_end": "09:17:32",
                "data": {
                    "time": 34.309389
                }
            },
            {
                "time": "2018-02-05T16:17:32.159Z",
                "type": "JUMP",
                "source": "data:dblclick:h_pos",
                "_t": "09:17:32",
                "_end": "-",
                "data": {
                    "from": 34.309389,
                    "to": 33.952648090190145
                }
            },
            {
                "time": {
                    "start": "2018-02-05T16:16:02.039Z",
                    "end": "2018-02-05T16:17:35.066Z"
                },
                "type": "SCRUB",
                "source": "data:drag",
                "_t": "09:16:02",
                "_end": "09:17:35",
                "data": {
                    "time": 33.952648
                }
            },
            {
                "time": {
                    "start": "2018-02-05T16:16:02.039Z",
                    "end": "2018-02-05T16:17:36.019Z"
                },
                "type": "SCRUB",
                "source": "data:drag",
                "_t": "09:16:02",
                "_end": "09:17:36",
                "data": {
                    "time": 35.540083
                }
            },
            {
                "time": {
                    "start": "2018-02-05T16:16:02.039Z",
                    "end": "2018-02-05T16:17:36.745Z"
                },
                "type": "SCRUB",
                "source": "data:drag",
                "_t": "09:16:02",
                "_end": "09:17:36",
                "data": {
                    "time": 36.051123
                }
            },
            {
                "time": {
                    "start": "2018-02-05T16:16:02.039Z",
                    "end": "2018-02-05T16:17:38.834Z"
                },
                "type": "SCRUB",
                "source": "data:drag",
                "_t": "09:16:02",
                "_end": "09:17:38",
                "data": {
                    "time": 35.814118
                }
            },
            {
                "time": {
                    "start": "2018-02-05T16:16:02.039Z",
                    "end": "2018-02-05T16:17:51.482Z"
                },
                "type": "SCRUB",
                "source": "data:drag",
                "_t": "09:16:02",
                "_end": "09:17:51",
                "data": {
                    "time": 35.814118
                }
            },
            {
                "time": {
                    "start": "2018-02-05T16:16:02.039Z",
                    "end": "2018-02-05T16:17:55.010Z"
                },
                "type": "SCRUB",
                "source": "data:drag",
                "_t": "09:16:02",
                "_end": "09:17:55",
                "data": {
                    "time": 35.814118
                }
            },
            {
                "time": {
                    "start": "2018-02-05T16:16:02.039Z",
                    "end": "2018-02-05T16:18:02.641Z"
                },
                "type": "SCRUB",
                "source": "data:drag",
                "_t": "09:16:02",
                "_end": "09:18:02",
                "data": {
                    "time": 35.814118
                }
            },
            {
                "time": {
                    "start": "2018-02-05T16:16:02.039Z",
                    "end": "2018-02-05T16:18:03.162Z"
                },
                "type": "SCRUB",
                "source": "data:drag",
                "_t": "09:16:02",
                "_end": "09:18:03",
                "data": {
                    "time": 35.814118
                }
            },
            {
                "time": {
                    "start": "2018-02-05T16:16:02.039Z",
                    "end": "2018-02-05T16:18:03.291Z"
                },
                "type": "SCRUB",
                "source": "data:drag",
                "_t": "09:16:02",
                "_end": "09:18:03",
                "data": {
                    "time": 35.814118
                }
            },
            {
                "time": "2018-02-05T16:18:03.296Z",
                "type": "JUMP",
                "source": "data:dblclick:h_pos",
                "_t": "09:18:03",
                "_end": "-",
                "data": {
                    "from": 35.814118,
                    "to": 39.823199077102714
                }
            },
            {
                "time": {
                    "start": "2018-02-05T16:16:02.039Z",
                    "end": "2018-02-05T16:18:04.579Z"
                },
                "type": "SCRUB",
                "source": "data:drag",
                "_t": "09:16:02",
                "_end": "09:18:04",
                "data": {
                    "time": 39.823199
                }
            },
            {
                "time": {
                    "start": "2018-02-05T16:16:02.039Z",
                    "end": "2018-02-05T16:18:04.716Z"
                },
                "type": "SCRUB",
                "source": "data:drag",
                "_t": "09:16:02",
                "_end": "09:18:04",
                "data": {
                    "time": 39.823199
                }
            },
            {
                "time": "2018-02-05T16:18:04.721Z",
                "type": "JUMP",
                "source": "data:dblclick:h_pos",
                "_t": "09:18:04",
                "_end": "-",
                "data": {
                    "from": 39.823199,
                    "to": 39.816244903508434
                }
            },
            {
                "time": {
                    "start": "2018-02-05T16:16:02.039Z",
                    "end": "2018-02-05T16:18:06.109Z"
                },
                "type": "SCRUB",
                "source": "data:drag",
                "_t": "09:16:02",
                "_end": "09:18:06",
                "data": {
                    "time": 42.962524
                }
            },
            {
                "time": {
                    "start": "2018-02-05T16:16:02.039Z",
                    "end": "2018-02-05T16:18:07.162Z"
                },
                "type": "SCRUB",
                "source": "data:drag",
                "_t": "09:16:02",
                "_end": "09:18:07",
                "data": {
                    "time": 44.118406
                }
            },
            {
                "time": {
                    "start": "2018-02-05T16:16:02.039Z",
                    "end": "2018-02-05T16:18:12.745Z"
                },
                "type": "SCRUB",
                "source": "data:drag",
                "_t": "09:16:02",
                "_end": "09:18:12",
                "data": {
                    "time": 44.118406
                }
            },
            {
                "time": {
                    "start": "2018-02-05T16:16:02.039Z",
                    "end": "2018-02-05T16:18:12.866Z"
                },
                "type": "SCRUB",
                "source": "data:drag",
                "_t": "09:16:02",
                "_end": "09:18:12",
                "data": {
                    "time": 44.118406
                }
            },
            {
                "time": "2018-02-05T16:18:12.871Z",
                "type": "JUMP",
                "source": "data:dblclick:h_pos",
                "_t": "09:18:12",
                "_end": "-",
                "data": {
                    "from": 44.118406,
                    "to": 39.82572638939137
                }
            },
            {
                "time": {
                    "start": "2018-02-05T16:16:02.039Z",
                    "end": "2018-02-05T16:18:17.907Z"
                },
                "type": "SCRUB",
                "source": "data:drag",
                "_t": "09:16:02",
                "_end": "09:18:17",
                "data": {
                    "time": 39.825726
                }
            },
            {
                "time": {
                    "start": "2018-02-05T16:16:02.039Z",
                    "end": "2018-02-05T16:18:21.939Z"
                },
                "type": "SCRUB",
                "source": "data:drag",
                "_t": "09:16:02",
                "_end": "09:18:21",
                "data": {
                    "time": 41.369109
                }
            },
            {
                "time": {
                    "start": "2018-02-05T16:16:02.039Z",
                    "end": "2018-02-05T16:18:24.201Z"
                },
                "type": "SCRUB",
                "source": "data:drag",
                "_t": "09:16:02",
                "_end": "09:18:24",
                "data": {
                    "time": 41.369109
                }
            },
            {
                "time": {
                    "start": "2018-02-05T16:16:02.039Z",
                    "end": "2018-02-05T16:18:25.034Z"
                },
                "type": "SCRUB",
                "source": "data:drag",
                "_t": "09:16:02",
                "_end": "09:18:25",
                "data": {
                    "time": 43.805051
                }
            },
            {
                "time": {
                    "start": "2018-02-05T16:16:02.039Z",
                    "end": "2018-02-05T16:18:25.569Z"
                },
                "type": "SCRUB",
                "source": "data:drag",
                "_t": "09:16:02",
                "_end": "09:18:25",
                "data": {
                    "time": 44.80608
                }
            },
            {
                "time": {
                    "start": "2018-02-05T16:16:02.039Z",
                    "end": "2018-02-05T16:18:26.171Z"
                },
                "type": "SCRUB",
                "source": "data:drag",
                "_t": "09:16:02",
                "_end": "09:18:26",
                "data": {
                    "time": 45.410416
                }
            }
        ]
    }
}