{
    "user_id": "user008",
    "session_id": "59ef6677227e0c69a02456d1",
    "study": "studyC",
    "workspace": "newrun.run-pink",
    "details": {
        "workspace": "newrun.run-pink",
        "labels": [
            {
                "time": 63.37535710569236,
                "endTime": 73.70164858536563,
                "type": "skip",
                "id": 1
            },
            {
                "time": 138.40282,
                "endTime": 142.72624276422812,
                "type": "run",
                "id": 2
            },
            {
                "time": 276.387719,
                "endTime": 288.0036620894216,
                "type": "skip",
                "id": 3
            },
            {
                "time": 344.208156,
                "endTime": 348.6878470569151,
                "type": "run",
                "id": 4
            },
            {
                "time": 421.040064,
                "endTime": 433.80197456911867,
                "type": "skip",
                "id": 5
            },
            {
                "time": 472.50442,
                "endTime": 477.0882899186955,
                "type": "run",
                "id": 6
            },
            {
                "time": 547.409019,
                "endTime": 560.3792872926961,
                "type": "skip",
                "id": 7
            },
            {
                "time": 596.268904,
                "endTime": 608.35365196747,
                "type": "skip",
                "id": 8
            }
        ],
        "_starts": [
            "2017-10-24T16:42:19.000Z"
        ],
        "_ends": [
            "2017-10-24T16:43:49.638Z"
        ]
    },
    "labels_file": "/home/ubuntu/vat/data/user-studies/studyC/run-pink/user008.labels.json",
    "videoFlash": 3.300376,
    "surveys": {
        "user-info": {
            "firstname": "Christopher",
            "lastname": "Yost",
            "email": "topperyost@gmail.com"
        },
        "practice-first": {
            "question1": "2",
            "question2": "ok",
            "question3": "50",
            "question4": "2"
        },
        "practice-second": {},
        "practice-third": {},
        "practice-survey": {},
        "pill-blue": {
            "question1": "2",
            "question2": "-1",
            "question3": "100",
            "question4": "100"
        },
        "pill-red": {
            "question1": "-2",
            "question2": "1",
            "question3": "100",
            "question4": "90"
        },
        "pill-orange": {
            "question1": "-2",
            "question2": "-1",
            "question3": "60",
            "question4": "90"
        },
        "pills-survey": {
            "question1": "2",
            "question2": "2",
            "question3": "2",
            "question4": "2"
        },
        "run-blue": {
            "question1": "2",
            "question2": "2",
            "question3": "100",
            "question4": "100"
        },
        "run-yellow": {
            "question1": "2",
            "question2": "2",
            "question3": "100",
            "question4": "100"
        },
        "run-red": {
            "question1": "-2",
            "question2": "2",
            "question3": "80",
            "question4": "90"
        },
        "run-survey": {
            "question1": "2",
            "question2": "-1",
            "question3": "2",
            "question4": "2"
        }
    },
    "logs": {
        "labelEvents": [
            {
                "time": "2017-10-24T16:42:43.748Z",
                "type": "START",
                "source": "hotkey",
                "_t": "10:42:43",
                "_end": "-",
                "data": {
                    "type": "skip",
                    "time": 64.208788
                }
            },
            {
                "time": "2017-10-24T16:42:46.687Z",
                "type": "END",
                "source": "data:click:h_pos",
                "_t": "10:42:46",
                "_end": "-",
                "data": {
                    "lbl": {
                        "time": 63.37535710569236,
                        "endTime": 73.70164858536563,
                        "type": "skip",
                        "id": 1
                    }
                }
            },
            {
                "time": "2017-10-24T16:42:49.990Z",
                "type": "SELECT",
                "source": "data:click",
                "_t": "10:42:49",
                "_end": "-",
                "data": {
                    "time": 63.37535710569236,
                    "endTime": 73.70164858536563,
                    "type": "skip",
                    "id": 1
                }
            },
            {
                "time": {
                    "start": "2017-10-24T16:42:51.060Z",
                    "end": "2017-10-24T16:42:53.268Z"
                },
                "type": "RESIZE",
                "source": "data:brush",
                "_t": "10:42:51",
                "_end": "10:42:53",
                "data": {
                    "brushing": true,
                    "origin": [
                        64.208788,
                        73.70164858536658
                    ],
                    "_brushside": 0,
                    "start": "2017-10-24T16:42:51.060Z",
                    "ε": 0.1,
                    "mode": "resize"
                }
            },
            {
                "time": "2017-10-24T16:42:53.709Z",
                "type": "DESELECT",
                "source": "data:click",
                "_t": "10:42:53",
                "_end": "-",
                "data": {
                    "time": 63.37535710569236,
                    "endTime": 73.70164858536563,
                    "type": "skip",
                    "id": 1
                }
            },
            {
                "time": "2017-10-24T16:42:59.140Z",
                "type": "START",
                "source": "hotkey",
                "_t": "10:42:59",
                "_end": "-",
                "data": {
                    "type": "run",
                    "time": 138.40282
                }
            },
            {
                "time": "2017-10-24T16:43:01.062Z",
                "type": "END",
                "source": "data:click:h_pos",
                "_t": "10:43:01",
                "_end": "-",
                "data": {
                    "lbl": {
                        "time": 138.40282,
                        "endTime": 142.72624276422812,
                        "type": "run",
                        "id": 2
                    }
                }
            },
            {
                "time": "2017-10-24T16:43:07.476Z",
                "type": "START",
                "source": "hotkey",
                "_t": "10:43:07",
                "_end": "-",
                "data": {
                    "type": "skip",
                    "time": 276.387719
                }
            },
            {
                "time": "2017-10-24T16:43:09.318Z",
                "type": "END",
                "source": "data:click:h_pos",
                "_t": "10:43:09",
                "_end": "-",
                "data": {
                    "lbl": {
                        "time": 276.387719,
                        "endTime": 288.0036620894216,
                        "type": "skip",
                        "id": 3
                    }
                }
            },
            {
                "time": "2017-10-24T16:43:10.502Z",
                "type": "SELECT",
                "source": "data:click",
                "_t": "10:43:10",
                "_end": "-",
                "data": {
                    "time": 276.387719,
                    "endTime": 288.0036620894216,
                    "type": "skip",
                    "id": 3
                }
            },
            {
                "time": {
                    "start": "2017-10-24T16:43:11.028Z",
                    "end": "2017-10-24T16:43:11.918Z"
                },
                "type": "RESIZE",
                "source": "data:brush",
                "_t": "10:43:11",
                "_end": "10:43:11",
                "data": {
                    "brushing": true,
                    "origin": [
                        276.387719,
                        287.8473937967388
                    ],
                    "_brushside": 1,
                    "start": "2017-10-24T16:43:11.028Z",
                    "ε": 0.1,
                    "mode": "resize"
                }
            },
            {
                "time": "2017-10-24T16:43:12.128Z",
                "type": "DESELECT",
                "source": "data:click",
                "_t": "10:43:12",
                "_end": "-",
                "data": {
                    "time": 276.387719,
                    "endTime": 288.0036620894216,
                    "type": "skip",
                    "id": 3
                }
            },
            {
                "time": "2017-10-24T16:43:17.509Z",
                "type": "START",
                "source": "hotkey",
                "_t": "10:43:17",
                "_end": "-",
                "data": {
                    "type": "run",
                    "time": 344.208156
                }
            },
            {
                "time": "2017-10-24T16:43:19.454Z",
                "type": "END",
                "source": "data:click:h_pos",
                "_t": "10:43:19",
                "_end": "-",
                "data": {
                    "lbl": {
                        "time": 344.208156,
                        "endTime": 348.6878470569151,
                        "type": "run",
                        "id": 4
                    }
                }
            },
            {
                "time": "2017-10-24T16:43:24.068Z",
                "type": "START",
                "source": "hotkey",
                "_t": "10:43:24",
                "_end": "-",
                "data": {
                    "type": "skip",
                    "time": 421.040064
                }
            },
            {
                "time": "2017-10-24T16:43:26.526Z",
                "type": "END",
                "source": "data:click:h_pos",
                "_t": "10:43:26",
                "_end": "-",
                "data": {
                    "lbl": {
                        "time": 421.040064,
                        "endTime": 433.80197456911867,
                        "type": "skip",
                        "id": 5
                    }
                }
            },
            {
                "time": "2017-10-24T16:43:30.420Z",
                "type": "START",
                "source": "hotkey",
                "_t": "10:43:30",
                "_end": "-",
                "data": {
                    "type": "run",
                    "time": 472.50442
                }
            },
            {
                "time": "2017-10-24T16:43:32.455Z",
                "type": "END",
                "source": "data:click:h_pos",
                "_t": "10:43:32",
                "_end": "-",
                "data": {
                    "lbl": {
                        "time": 472.50442,
                        "endTime": 477.0882899186955,
                        "type": "run",
                        "id": 6
                    }
                }
            },
            {
                "time": "2017-10-24T16:43:37.158Z",
                "type": "START",
                "source": "hotkey",
                "_t": "10:43:37",
                "_end": "-",
                "data": {
                    "type": "skip",
                    "time": 547.409019
                }
            },
            {
                "time": "2017-10-24T16:43:38.654Z",
                "type": "END",
                "source": "data:click:h_pos",
                "_t": "10:43:38",
                "_end": "-",
                "data": {
                    "lbl": {
                        "time": 547.409019,
                        "endTime": 560.3792872926961,
                        "type": "skip",
                        "id": 7
                    }
                }
            },
            {
                "time": "2017-10-24T16:43:42.005Z",
                "type": "START",
                "source": "hotkey",
                "_t": "10:43:42",
                "_end": "-",
                "data": {
                    "type": "skip",
                    "time": 596.268904
                }
            },
            {
                "time": "2017-10-24T16:43:44.055Z",
                "type": "END",
                "source": "data:click:h_pos",
                "_t": "10:43:44",
                "_end": "-",
                "data": {
                    "lbl": {
                        "time": 596.268904,
                        "endTime": 608.35365196747,
                        "type": "skip",
                        "id": 8
                    }
                }
            }
        ],
        "navigationEvents": [
            {
                "time": {
                    "start": "2017-10-24T16:42:19.570Z",
                    "end": "2017-10-24T16:42:36.530Z"
                },
                "type": "SCRUB",
                "source": "data:drag",
                "_t": "10:42:19",
                "_end": "10:42:36",
                "data": {
                    "time": 10.761946
                }
            },
            {
                "time": {
                    "start": "2017-10-24T16:42:19.570Z",
                    "end": "2017-10-24T16:42:37.278Z"
                },
                "type": "SCRUB",
                "source": "data:drag",
                "_t": "10:42:19",
                "_end": "10:42:37",
                "data": {
                    "time": 19.388702
                }
            },
            {
                "time": {
                    "start": "2017-10-24T16:42:19.570Z",
                    "end": "2017-10-24T16:42:39.458Z"
                },
                "type": "SCRUB",
                "source": "data:drag",
                "_t": "10:42:19",
                "_end": "10:42:39",
                "data": {
                    "time": 31.951767
                }
            },
            {
                "time": {
                    "start": "2017-10-24T16:42:19.570Z",
                    "end": "2017-10-24T16:42:41.006Z"
                },
                "type": "SCRUB",
                "source": "data:drag",
                "_t": "10:42:19",
                "_end": "10:42:41",
                "data": {
                    "time": 45.519063
                }
            },
            {
                "time": {
                    "start": "2017-10-24T16:42:19.570Z",
                    "end": "2017-10-24T16:42:41.762Z"
                },
                "type": "SCRUB",
                "source": "data:drag",
                "_t": "10:42:19",
                "_end": "10:42:41",
                "data": {
                    "time": 62.448128
                }
            },
            {
                "time": {
                    "start": "2017-10-24T16:42:19.570Z",
                    "end": "2017-10-24T16:42:43.329Z"
                },
                "type": "SCRUB",
                "source": "data:drag",
                "_t": "10:42:19",
                "_end": "10:42:43",
                "data": {
                    "time": 63.782141
                }
            },
            {
                "time": {
                    "start": "2017-10-24T16:42:19.570Z",
                    "end": "2017-10-24T16:42:46.684Z"
                },
                "type": "SCRUB",
                "source": "data:drag",
                "_t": "10:42:19",
                "_end": "10:42:46",
                "data": {
                    "time": 67.142345
                }
            },
            {
                "time": "2017-10-24T16:42:49.087Z",
                "type": "PAUSE",
                "source": "video:button",
                "_t": "10:42:49",
                "_end": "-"
            },
            {
                "time": {
                    "start": "2017-10-24T16:42:19.570Z",
                    "end": "2017-10-24T16:42:49.988Z"
                },
                "type": "SCRUB",
                "source": "data:drag",
                "_t": "10:42:19",
                "_end": "10:42:49",
                "data": {
                    "time": 69.540593
                }
            },
            {
                "time": {
                    "start": "2017-10-24T16:42:19.570Z",
                    "end": "2017-10-24T16:42:53.276Z"
                },
                "type": "SCRUB",
                "source": "data:drag",
                "_t": "10:42:19",
                "_end": "10:42:53",
                "data": {
                    "time": 69.540593
                }
            },
            {
                "time": {
                    "start": "2017-10-24T16:42:19.570Z",
                    "end": "2017-10-24T16:42:53.708Z"
                },
                "type": "SCRUB",
                "source": "data:drag",
                "_t": "10:42:19",
                "_end": "10:42:53",
                "data": {
                    "time": 69.540593
                }
            },
            {
                "time": {
                    "start": "2017-10-24T16:42:19.570Z",
                    "end": "2017-10-24T16:42:55.187Z"
                },
                "type": "SCRUB",
                "source": "data:drag",
                "_t": "10:42:19",
                "_end": "10:42:55",
                "data": {
                    "time": 90.220097
                }
            },
            {
                "time": {
                    "start": "2017-10-24T16:42:19.570Z",
                    "end": "2017-10-24T16:42:56.029Z"
                },
                "type": "SCRUB",
                "source": "data:drag",
                "_t": "10:42:19",
                "_end": "10:42:56",
                "data": {
                    "time": 112.618552
                }
            },
            {
                "time": {
                    "start": "2017-10-24T16:42:19.570Z",
                    "end": "2017-10-24T16:42:59.011Z"
                },
                "type": "SCRUB",
                "source": "data:drag",
                "_t": "10:42:19",
                "_end": "10:42:59",
                "data": {
                    "time": 138.40282
                }
            },
            {
                "time": {
                    "start": "2017-10-24T16:42:19.570Z",
                    "end": "2017-10-24T16:43:01.060Z"
                },
                "type": "SCRUB",
                "source": "data:drag",
                "_t": "10:42:19",
                "_end": "10:43:01",
                "data": {
                    "time": 138.40282
                }
            },
            {
                "time": {
                    "start": "2017-10-24T16:42:19.570Z",
                    "end": "2017-10-24T16:43:01.965Z"
                },
                "type": "SCRUB",
                "source": "data:drag",
                "_t": "10:42:19",
                "_end": "10:43:01",
                "data": {
                    "time": 158.144714
                }
            },
            {
                "time": {
                    "start": "2017-10-24T16:42:19.570Z",
                    "end": "2017-10-24T16:43:02.600Z"
                },
                "type": "SCRUB",
                "source": "data:drag",
                "_t": "10:42:19",
                "_end": "10:43:02",
                "data": {
                    "time": 185.804201
                }
            },
            {
                "time": {
                    "start": "2017-10-24T16:42:19.570Z",
                    "end": "2017-10-24T16:43:03.288Z"
                },
                "type": "SCRUB",
                "source": "data:drag",
                "_t": "10:42:19",
                "_end": "10:43:03",
                "data": {
                    "time": 215.390997
                }
            },
            {
                "time": {
                    "start": "2017-10-24T16:42:19.570Z",
                    "end": "2017-10-24T16:43:04.598Z"
                },
                "type": "SCRUB",
                "source": "data:drag",
                "_t": "10:42:19",
                "_end": "10:43:04",
                "data": {
                    "time": 248.624053
                }
            },
            {
                "time": {
                    "start": "2017-10-24T16:42:19.570Z",
                    "end": "2017-10-24T16:43:07.364Z"
                },
                "type": "SCRUB",
                "source": "data:drag",
                "_t": "10:42:19",
                "_end": "10:43:07",
                "data": {
                    "time": 276.387719
                }
            },
            {
                "time": {
                    "start": "2017-10-24T16:42:19.570Z",
                    "end": "2017-10-24T16:43:09.316Z"
                },
                "type": "SCRUB",
                "source": "data:drag",
                "_t": "10:42:19",
                "_end": "10:43:09",
                "data": {
                    "time": 276.387719
                }
            },
            {
                "time": {
                    "start": "2017-10-24T16:42:19.570Z",
                    "end": "2017-10-24T16:43:10.500Z"
                },
                "type": "SCRUB",
                "source": "data:drag",
                "_t": "10:42:19",
                "_end": "10:43:10",
                "data": {
                    "time": 276.387719
                }
            },
            {
                "time": {
                    "start": "2017-10-24T16:42:19.570Z",
                    "end": "2017-10-24T16:43:11.925Z"
                },
                "type": "SCRUB",
                "source": "data:drag",
                "_t": "10:42:19",
                "_end": "10:43:11",
                "data": {
                    "time": 276.387719
                }
            },
            {
                "time": {
                    "start": "2017-10-24T16:42:19.570Z",
                    "end": "2017-10-24T16:43:12.127Z"
                },
                "type": "SCRUB",
                "source": "data:drag",
                "_t": "10:42:19",
                "_end": "10:43:12",
                "data": {
                    "time": 276.387719
                }
            },
            {
                "time": {
                    "start": "2017-10-24T16:42:19.570Z",
                    "end": "2017-10-24T16:43:13.099Z"
                },
                "type": "SCRUB",
                "source": "data:drag",
                "_t": "10:42:19",
                "_end": "10:43:13",
                "data": {
                    "time": 298.577816
                }
            },
            {
                "time": {
                    "start": "2017-10-24T16:42:19.570Z",
                    "end": "2017-10-24T16:43:16.012Z"
                },
                "type": "SCRUB",
                "source": "data:drag",
                "_t": "10:42:19",
                "_end": "10:43:16",
                "data": {
                    "time": 344.937409
                }
            },
            {
                "time": {
                    "start": "2017-10-24T16:42:19.570Z",
                    "end": "2017-10-24T16:43:17.388Z"
                },
                "type": "SCRUB",
                "source": "data:drag",
                "_t": "10:42:19",
                "_end": "10:43:17",
                "data": {
                    "time": 344.208156
                }
            },
            {
                "time": {
                    "start": "2017-10-24T16:42:19.570Z",
                    "end": "2017-10-24T16:43:19.451Z"
                },
                "type": "SCRUB",
                "source": "data:drag",
                "_t": "10:42:19",
                "_end": "10:43:19",
                "data": {
                    "time": 344.208156
                }
            },
            {
                "time": {
                    "start": "2017-10-24T16:42:19.570Z",
                    "end": "2017-10-24T16:43:20.547Z"
                },
                "type": "SCRUB",
                "source": "data:drag",
                "_t": "10:42:19",
                "_end": "10:43:20",
                "data": {
                    "time": 369.211082
                }
            },
            {
                "time": {
                    "start": "2017-10-24T16:42:19.570Z",
                    "end": "2017-10-24T16:43:21.181Z"
                },
                "type": "SCRUB",
                "source": "data:drag",
                "_t": "10:42:19",
                "_end": "10:43:21",
                "data": {
                    "time": 394.474455
                }
            },
            {
                "time": {
                    "start": "2017-10-24T16:42:19.570Z",
                    "end": "2017-10-24T16:43:24.020Z"
                },
                "type": "SCRUB",
                "source": "data:drag",
                "_t": "10:42:19",
                "_end": "10:43:24",
                "data": {
                    "time": 421.040064
                }
            },
            {
                "time": {
                    "start": "2017-10-24T16:42:19.570Z",
                    "end": "2017-10-24T16:43:26.523Z"
                },
                "type": "SCRUB",
                "source": "data:drag",
                "_t": "10:42:19",
                "_end": "10:43:26",
                "data": {
                    "time": 421.040064
                }
            },
            {
                "time": {
                    "start": "2017-10-24T16:42:19.570Z",
                    "end": "2017-10-24T16:43:27.727Z"
                },
                "type": "SCRUB",
                "source": "data:drag",
                "_t": "10:42:19",
                "_end": "10:43:27",
                "data": {
                    "time": 441.45912
                }
            },
            {
                "time": {
                    "start": "2017-10-24T16:42:19.570Z",
                    "end": "2017-10-24T16:43:30.324Z"
                },
                "type": "SCRUB",
                "source": "data:drag",
                "_t": "10:42:19",
                "_end": "10:43:30",
                "data": {
                    "time": 472.50442
                }
            },
            {
                "time": {
                    "start": "2017-10-24T16:42:19.570Z",
                    "end": "2017-10-24T16:43:32.452Z"
                },
                "type": "SCRUB",
                "source": "data:drag",
                "_t": "10:42:19",
                "_end": "10:43:32",
                "data": {
                    "time": 472.50442
                }
            },
            {
                "time": {
                    "start": "2017-10-24T16:42:19.570Z",
                    "end": "2017-10-24T16:43:33.960Z"
                },
                "type": "SCRUB",
                "source": "data:drag",
                "_t": "10:42:19",
                "_end": "10:43:33",
                "data": {
                    "time": 494.486159
                }
            },
            {
                "time": {
                    "start": "2017-10-24T16:42:19.570Z",
                    "end": "2017-10-24T16:43:34.540Z"
                },
                "type": "SCRUB",
                "source": "data:drag",
                "_t": "10:42:19",
                "_end": "10:43:34",
                "data": {
                    "time": 521.155947
                }
            },
            {
                "time": {
                    "start": "2017-10-24T16:42:19.570Z",
                    "end": "2017-10-24T16:43:37.021Z"
                },
                "type": "SCRUB",
                "source": "data:drag",
                "_t": "10:42:19",
                "_end": "10:43:37",
                "data": {
                    "time": 547.409019
                }
            },
            {
                "time": {
                    "start": "2017-10-24T16:42:19.570Z",
                    "end": "2017-10-24T16:43:38.652Z"
                },
                "type": "SCRUB",
                "source": "data:drag",
                "_t": "10:42:19",
                "_end": "10:43:38",
                "data": {
                    "time": 547.409019
                }
            },
            {
                "time": {
                    "start": "2017-10-24T16:42:19.570Z",
                    "end": "2017-10-24T16:43:39.902Z"
                },
                "type": "SCRUB",
                "source": "data:drag",
                "_t": "10:42:19",
                "_end": "10:43:39",
                "data": {
                    "time": 567.515539
                }
            },
            {
                "time": {
                    "start": "2017-10-24T16:42:19.570Z",
                    "end": "2017-10-24T16:43:41.948Z"
                },
                "type": "SCRUB",
                "source": "data:drag",
                "_t": "10:42:19",
                "_end": "10:43:41",
                "data": {
                    "time": 596.268904
                }
            },
            {
                "time": {
                    "start": "2017-10-24T16:42:19.570Z",
                    "end": "2017-10-24T16:43:44.052Z"
                },
                "type": "SCRUB",
                "source": "data:drag",
                "_t": "10:42:19",
                "_end": "10:43:44",
                "data": {
                    "time": 596.268904
                }
            },
            {
                "time": {
                    "start": "2017-10-24T16:42:19.570Z",
                    "end": "2017-10-24T16:43:46.668Z"
                },
                "type": "SCRUB",
                "source": "data:drag",
                "_t": "10:42:19",
                "_end": "10:43:46",
                "data": {
                    "time": 613.145879
                }
            }
        ]
    }
}