{
    "user_id": "010",
    "session_id": "59ec24e4227e0c69a0245632",
    "study": "studyC",
    "workspace": "newrun.run-pink",
    "details": {
        "workspace": "newrun.run-pink",
        "labels": [
            {
                "time": 63.25531,
                "endTime": 73.98573276422881,
                "type": "skip",
                "id": 1
            },
            {
                "time": 138.212,
                "endTime": 142.84795934959396,
                "type": "run",
                "id": 2
            },
            {
                "time": 276.561528,
                "endTime": 288.12538165854835,
                "type": "skip",
                "id": 3
            },
            {
                "time": 344.277787,
                "endTime": 348.70538862602075,
                "type": "run",
                "id": 4
            },
            {
                "time": 421.057607,
                "endTime": 433.8195175691071,
                "type": "skip",
                "id": 5
            },
            {
                "time": 472.88659,
                "endTime": 477.7309070731669,
                "type": "run",
                "id": 6
            },
            {
                "time": 547.426564,
                "endTime": 560.5531005853792,
                "type": "skip",
                "id": 7
            },
            {
                "time": 595.817644,
                "endTime": 608.7879122926724,
                "type": "skip",
                "id": 8
            }
        ],
        "_starts": [
            "2017-10-24T16:40:50.000Z"
        ],
        "_ends": [
            "2017-10-24T16:41:57.053Z"
        ]
    },
    "labels_file": "/home/ubuntu/vat/data/user-studies/studyC/run-pink/010.labels.json",
    "videoFlash": 3.300376,
    "surveys": {
        "user-info": {
            "firstname": "Seth",
            "lastname": "Pixton",
            "email": "se.pix40@gmail.com"
        },
        "practice-first": {
            "question1": "2",
            "question2": "ok",
            "question3": "60",
            "question4": "2"
        },
        "practice-second": {},
        "practice-third": {},
        "practice-survey": {},
        "pill-blue": {
            "question1": "2",
            "question2": "2",
            "question3": "50",
            "question4": "100"
        },
        "pill-red": {
            "question1": "-1",
            "question2": "-1",
            "question3": "100",
            "question4": "100"
        },
        "pill-orange": {
            "question1": "1",
            "question2": "1",
            "question3": "30",
            "question4": "100"
        },
        "pills-survey": {
            "question1": "2",
            "question2": "-1",
            "question3": "2",
            "question4": "-1"
        },
        "run-blue": {
            "question1": "2",
            "question2": "2",
            "question3": "100",
            "question4": "100"
        },
        "run-yellow": {
            "question1": "2",
            "question2": "2",
            "question3": "100",
            "question4": "100"
        },
        "run-red": {
            "question1": "1",
            "question2": "2",
            "question3": "60",
            "question4": "100"
        },
        "run-survey": {
            "question1": "2",
            "question2": "-2",
            "question3": "2",
            "question4": "-2"
        }
    },
    "logs": {
        "labelEvents": [
            {
                "time": "2017-10-24T16:41:07.499Z",
                "type": "START",
                "source": "hotkey",
                "_t": "10:41:07",
                "_end": "-",
                "data": {
                    "type": "skip",
                    "time": 63.25531
                }
            },
            {
                "time": "2017-10-24T16:41:09.309Z",
                "type": "END",
                "source": "data:click:h_pos",
                "_t": "10:41:09",
                "_end": "-",
                "data": {
                    "lbl": {
                        "time": 63.25531,
                        "endTime": 73.98573276422881,
                        "type": "skip",
                        "id": 1
                    }
                }
            },
            {
                "time": "2017-10-24T16:41:15.105Z",
                "type": "START",
                "source": "hotkey",
                "_t": "10:41:15",
                "_end": "-",
                "data": {
                    "type": "run",
                    "time": 138.212
                }
            },
            {
                "time": "2017-10-24T16:41:16.988Z",
                "type": "END",
                "source": "data:click:h_pos",
                "_t": "10:41:16",
                "_end": "-",
                "data": {
                    "lbl": {
                        "time": 138.212,
                        "endTime": 142.84795934959396,
                        "type": "run",
                        "id": 2
                    }
                }
            },
            {
                "time": "2017-10-24T16:41:22.196Z",
                "type": "START",
                "source": "hotkey",
                "_t": "10:41:22",
                "_end": "-",
                "data": {
                    "type": "skip",
                    "time": 276.561528
                }
            },
            {
                "time": "2017-10-24T16:41:24.037Z",
                "type": "END",
                "source": "data:click:h_pos",
                "_t": "10:41:24",
                "_end": "-",
                "data": {
                    "lbl": {
                        "time": 276.561528,
                        "endTime": 288.12538165854835,
                        "type": "skip",
                        "id": 3
                    }
                }
            },
            {
                "time": "2017-10-24T16:41:27.987Z",
                "type": "START",
                "source": "hotkey",
                "_t": "10:41:27",
                "_end": "-",
                "data": {
                    "type": "run",
                    "time": 344.277787
                }
            },
            {
                "time": "2017-10-24T16:41:28.957Z",
                "type": "END",
                "source": "data:click:h_pos",
                "_t": "10:41:28",
                "_end": "-",
                "data": {
                    "lbl": {
                        "time": 344.277787,
                        "endTime": 348.70538862602075,
                        "type": "run",
                        "id": 4
                    }
                }
            },
            {
                "time": "2017-10-24T16:41:33.297Z",
                "type": "START",
                "source": "hotkey",
                "_t": "10:41:33",
                "_end": "-",
                "data": {
                    "type": "skip",
                    "time": 421.057607
                }
            },
            {
                "time": "2017-10-24T16:41:36.685Z",
                "type": "END",
                "source": "data:click:h_pos",
                "_t": "10:41:36",
                "_end": "-",
                "data": {
                    "lbl": {
                        "time": 421.057607,
                        "endTime": 433.8195175691071,
                        "type": "skip",
                        "id": 5
                    }
                }
            },
            {
                "time": "2017-10-24T16:41:40.828Z",
                "type": "START",
                "source": "hotkey",
                "_t": "10:41:40",
                "_end": "-",
                "data": {
                    "type": "run",
                    "time": 472.88659
                }
            },
            {
                "time": "2017-10-24T16:41:42.629Z",
                "type": "END",
                "source": "data:click:h_pos",
                "_t": "10:41:42",
                "_end": "-",
                "data": {
                    "lbl": {
                        "time": 472.88659,
                        "endTime": 477.7309070731669,
                        "type": "run",
                        "id": 6
                    }
                }
            },
            {
                "time": "2017-10-24T16:41:45.585Z",
                "type": "START",
                "source": "hotkey",
                "_t": "10:41:45",
                "_end": "-",
                "data": {
                    "type": "skip",
                    "time": 547.426564
                }
            },
            {
                "time": "2017-10-24T16:41:46.863Z",
                "type": "END",
                "source": "data:click:h_pos",
                "_t": "10:41:46",
                "_end": "-",
                "data": {
                    "lbl": {
                        "time": 547.426564,
                        "endTime": 560.5531005853792,
                        "type": "skip",
                        "id": 7
                    }
                }
            },
            {
                "time": "2017-10-24T16:41:49.004Z",
                "type": "START",
                "source": "hotkey",
                "_t": "10:41:49",
                "_end": "-",
                "data": {
                    "type": "skip",
                    "time": 595.817644
                }
            },
            {
                "time": "2017-10-24T16:41:49.806Z",
                "type": "END",
                "source": "data:click:h_pos",
                "_t": "10:41:49",
                "_end": "-",
                "data": {
                    "lbl": {
                        "time": 595.817644,
                        "endTime": 608.7879122926724,
                        "type": "skip",
                        "id": 8
                    }
                }
            }
        ],
        "navigationEvents": [
            {
                "time": {
                    "start": "2017-10-24T16:40:50.796Z",
                    "end": "2017-10-24T16:41:04.725Z"
                },
                "type": "SCRUB",
                "source": "data:drag",
                "_t": "10:40:50",
                "_end": "10:41:04",
                "data": {
                    "time": 36.325075
                }
            },
            {
                "time": {
                    "start": "2017-10-24T16:40:50.796Z",
                    "end": "2017-10-24T16:41:06.691Z"
                },
                "type": "SCRUB",
                "source": "data:drag",
                "_t": "10:40:50",
                "_end": "10:41:06",
                "data": {
                    "time": 63.25531
                }
            },
            {
                "time": {
                    "start": "2017-10-24T16:40:50.796Z",
                    "end": "2017-10-24T16:41:09.306Z"
                },
                "type": "SCRUB",
                "source": "data:drag",
                "_t": "10:40:50",
                "_end": "10:41:09",
                "data": {
                    "time": 63.25531
                }
            },
            {
                "time": {
                    "start": "2017-10-24T16:40:50.796Z",
                    "end": "2017-10-24T16:41:10.433Z"
                },
                "type": "SCRUB",
                "source": "data:drag",
                "_t": "10:40:50",
                "_end": "10:41:10",
                "data": {
                    "time": 115.34474
                }
            },
            {
                "time": {
                    "start": "2017-10-24T16:40:50.796Z",
                    "end": "2017-10-24T16:41:14.515Z"
                },
                "type": "SCRUB",
                "source": "data:drag",
                "_t": "10:40:50",
                "_end": "10:41:14",
                "data": {
                    "time": 138.212
                }
            },
            {
                "time": {
                    "start": "2017-10-24T16:40:50.796Z",
                    "end": "2017-10-24T16:41:16.986Z"
                },
                "type": "SCRUB",
                "source": "data:drag",
                "_t": "10:40:50",
                "_end": "10:41:16",
                "data": {
                    "time": 138.212
                }
            },
            {
                "time": {
                    "start": "2017-10-24T16:40:50.796Z",
                    "end": "2017-10-24T16:41:18.623Z"
                },
                "type": "SCRUB",
                "source": "data:drag",
                "_t": "10:40:50",
                "_end": "10:41:18",
                "data": {
                    "time": 187.540691
                }
            },
            {
                "time": {
                    "start": "2017-10-24T16:40:50.796Z",
                    "end": "2017-10-24T16:41:19.393Z"
                },
                "type": "SCRUB",
                "source": "data:drag",
                "_t": "10:40:50",
                "_end": "10:41:19",
                "data": {
                    "time": 231.087455
                }
            },
            {
                "time": {
                    "start": "2017-10-24T16:40:50.796Z",
                    "end": "2017-10-24T16:41:21.999Z"
                },
                "type": "SCRUB",
                "source": "data:drag",
                "_t": "10:40:50",
                "_end": "10:41:21",
                "data": {
                    "time": 276.561528
                }
            },
            {
                "time": {
                    "start": "2017-10-24T16:40:50.796Z",
                    "end": "2017-10-24T16:41:24.035Z"
                },
                "type": "SCRUB",
                "source": "data:drag",
                "_t": "10:40:50",
                "_end": "10:41:24",
                "data": {
                    "time": 276.561528
                }
            },
            {
                "time": {
                    "start": "2017-10-24T16:40:50.796Z",
                    "end": "2017-10-24T16:41:24.880Z"
                },
                "type": "SCRUB",
                "source": "data:drag",
                "_t": "10:40:50",
                "_end": "10:41:24",
                "data": {
                    "time": 319.222771
                }
            },
            {
                "time": {
                    "start": "2017-10-24T16:40:50.796Z",
                    "end": "2017-10-24T16:41:27.755Z"
                },
                "type": "SCRUB",
                "source": "data:drag",
                "_t": "10:40:50",
                "_end": "10:41:27",
                "data": {
                    "time": 344.277787
                }
            },
            {
                "time": {
                    "start": "2017-10-24T16:40:50.796Z",
                    "end": "2017-10-24T16:41:28.955Z"
                },
                "type": "SCRUB",
                "source": "data:drag",
                "_t": "10:40:50",
                "_end": "10:41:28",
                "data": {
                    "time": 344.277787
                }
            },
            {
                "time": {
                    "start": "2017-10-24T16:40:50.796Z",
                    "end": "2017-10-24T16:41:29.717Z"
                },
                "type": "SCRUB",
                "source": "data:drag",
                "_t": "10:40:50",
                "_end": "10:41:29",
                "data": {
                    "time": 381.105014
                }
            },
            {
                "time": {
                    "start": "2017-10-24T16:40:50.796Z",
                    "end": "2017-10-24T16:41:30.605Z"
                },
                "type": "SCRUB",
                "source": "data:drag",
                "_t": "10:40:50",
                "_end": "10:41:30",
                "data": {
                    "time": 423.349542
                }
            },
            {
                "time": {
                    "start": "2017-10-24T16:40:50.796Z",
                    "end": "2017-10-24T16:41:32.827Z"
                },
                "type": "SCRUB",
                "source": "data:drag",
                "_t": "10:40:50",
                "_end": "10:41:32",
                "data": {
                    "time": 421.057607
                }
            },
            {
                "time": {
                    "start": "2017-10-24T16:40:50.796Z",
                    "end": "2017-10-24T16:41:36.683Z"
                },
                "type": "SCRUB",
                "source": "data:drag",
                "_t": "10:40:50",
                "_end": "10:41:36",
                "data": {
                    "time": 421.057607
                }
            },
            {
                "time": {
                    "start": "2017-10-24T16:40:50.796Z",
                    "end": "2017-10-24T16:41:38.624Z"
                },
                "type": "SCRUB",
                "source": "data:drag",
                "_t": "10:40:50",
                "_end": "10:41:38",
                "data": {
                    "time": 468.406899
                }
            },
            {
                "time": {
                    "start": "2017-10-24T16:40:50.796Z",
                    "end": "2017-10-24T16:41:40.444Z"
                },
                "type": "SCRUB",
                "source": "data:drag",
                "_t": "10:40:50",
                "_end": "10:41:40",
                "data": {
                    "time": 472.88659
                }
            },
            {
                "time": {
                    "start": "2017-10-24T16:40:50.796Z",
                    "end": "2017-10-24T16:41:42.627Z"
                },
                "type": "SCRUB",
                "source": "data:drag",
                "_t": "10:40:50",
                "_end": "10:41:42",
                "data": {
                    "time": 472.88659
                }
            },
            {
                "time": {
                    "start": "2017-10-24T16:40:50.796Z",
                    "end": "2017-10-24T16:41:43.516Z"
                },
                "type": "SCRUB",
                "source": "data:drag",
                "_t": "10:40:50",
                "_end": "10:41:43",
                "data": {
                    "time": 506.328004
                }
            },
            {
                "time": {
                    "start": "2017-10-24T16:40:50.796Z",
                    "end": "2017-10-24T16:41:45.443Z"
                },
                "type": "SCRUB",
                "source": "data:drag",
                "_t": "10:40:50",
                "_end": "10:41:45",
                "data": {
                    "time": 547.426564
                }
            },
            {
                "time": {
                    "start": "2017-10-24T16:40:50.796Z",
                    "end": "2017-10-24T16:41:46.860Z"
                },
                "type": "SCRUB",
                "source": "data:drag",
                "_t": "10:40:50",
                "_end": "10:41:46",
                "data": {
                    "time": 547.426564
                }
            },
            {
                "time": {
                    "start": "2017-10-24T16:40:50.796Z",
                    "end": "2017-10-24T16:41:47.651Z"
                },
                "type": "SCRUB",
                "source": "data:drag",
                "_t": "10:40:50",
                "_end": "10:41:47",
                "data": {
                    "time": 583.889165
                }
            },
            {
                "time": {
                    "start": "2017-10-24T16:40:50.796Z",
                    "end": "2017-10-24T16:41:48.818Z"
                },
                "type": "SCRUB",
                "source": "data:drag",
                "_t": "10:40:50",
                "_end": "10:41:48",
                "data": {
                    "time": 595.817644
                }
            },
            {
                "time": {
                    "start": "2017-10-24T16:40:50.796Z",
                    "end": "2017-10-24T16:41:49.803Z"
                },
                "type": "SCRUB",
                "source": "data:drag",
                "_t": "10:40:50",
                "_end": "10:41:49",
                "data": {
                    "time": 595.817644
                }
            },
            {
                "time": {
                    "start": "2017-10-24T16:40:50.796Z",
                    "end": "2017-10-24T16:41:51.465Z"
                },
                "type": "SCRUB",
                "source": "data:drag",
                "_t": "10:40:50",
                "_end": "10:41:51",
                "data": {
                    "time": 571.075164
                }
            },
            {
                "time": {
                    "start": "2017-10-24T16:40:50.796Z",
                    "end": "2017-10-24T16:41:55.397Z"
                },
                "type": "SCRUB",
                "source": "data:drag",
                "_t": "10:40:50",
                "_end": "10:41:55",
                "data": {
                    "time": 526.747058
                }
            }
        ]
    }
}