{
    "user_id": "021",
    "session_id": "59ef83d25efd4d725417b828",
    "study": "studyC",
    "workspace": "newrun.run-pink",
    "details": {
        "workspace": "newrun.run-pink",
        "labels": [
            {
                "time": 63.186429,
                "endTime": 73.89441621815703,
                "type": "skip",
                "id": 1
            },
            {
                "time": 138.306353,
                "endTime": 142.76606175387664,
                "type": "run",
                "id": 2
            },
            {
                "time": 276.440166,
                "endTime": 288.2728433417217,
                "type": "skip",
                "id": 3
            },
            {
                "time": 344.499537,
                "endTime": 349.02172853851937,
                "type": "run",
                "id": 4
            },
            {
                "time": 420.978463,
                "endTime": 433.7796235036374,
                "type": "skip",
                "id": 5
            },
            {
                "time": 472.77669,
                "endTime": 477.68939894251855,
                "type": "run",
                "id": 6
            },
            {
                "time": 547.599821,
                "endTime": 560.3072573266737,
                "type": "skip",
                "id": 7
            },
            {
                "time": 596.258287,
                "endTime": 608.3721368726585,
                "type": "skip",
                "id": 8
            }
        ],
        "_starts": [
            "2017-10-24T18:48:39.000Z"
        ],
        "_ends": [
            "2017-10-24T18:50:44.367Z"
        ]
    },
    "labels_file": "/home/ubuntu/vat/data/user-studies/studyC/run-pink/021.labels.json",
    "videoFlash": 3.300376,
    "surveys": {
        "user-info": {
            "firstname": "McKay",
            "lastname": "Boyack",
            "email": "mboyack707@gmail.com"
        },
        "practice-first": {
            "question1": "0",
            "question2": "ok",
            "question3": "60",
            "question4": "1"
        },
        "practice-second": {},
        "practice-third": {},
        "practice-survey": {},
        "pill-blue": {
            "question1": "2",
            "question2": "2",
            "question3": "80",
            "question4": "80"
        },
        "pill-red": {
            "question1": "-1",
            "question2": "-1",
            "question3": "90",
            "question4": "60"
        },
        "pill-orange": {
            "question1": "1",
            "question2": "1",
            "question3": "80",
            "question4": "90"
        },
        "pills-survey": {
            "question1": "2",
            "question2": "1",
            "question3": "2",
            "question4": "1"
        },
        "run-blue": {
            "question1": "2",
            "question2": "1",
            "question3": "100",
            "question4": "80"
        },
        "run-yellow": {
            "question1": "2",
            "question2": "2",
            "question3": "100",
            "question4": "70"
        },
        "run-red": {
            "question1": "-2",
            "question2": "0",
            "question3": "60",
            "question4": "70"
        },
        "run-survey": {
            "question1": "-1",
            "question2": "-1",
            "question3": "2",
            "question4": "2"
        }
    },
    "logs": {
        "labelEvents": [
            {
                "time": "2017-10-24T18:49:08.348Z",
                "type": "START",
                "source": "hotkey",
                "_t": "12:49:08",
                "_end": "-",
                "data": {
                    "type": "run",
                    "time": 63.186429
                }
            },
            {
                "time": "2017-10-24T18:49:14.159Z",
                "type": "END",
                "source": "data:click:h_pos",
                "_t": "12:49:14",
                "_end": "-",
                "data": {
                    "lbl": {
                        "time": 63.186429,
                        "endTime": 66.63079250343344,
                        "type": "run",
                        "id": 1
                    }
                }
            },
            {
                "time": "2017-10-24T18:49:14.815Z",
                "type": "SELECT",
                "source": "data:click",
                "_t": "12:49:14",
                "_end": "-",
                "data": {
                    "time": 63.186429,
                    "endTime": 66.63079250343344,
                    "type": "run",
                    "id": 1
                }
            },
            {
                "time": "2017-10-24T18:49:16.004Z",
                "type": "DELETE",
                "source": "side-bar:button",
                "_t": "12:49:16",
                "_end": "-",
                "data": {
                    "id": 1,
                    "idx": 0
                }
            },
            {
                "time": "2017-10-24T18:49:17.708Z",
                "type": "START",
                "source": "hotkey",
                "_t": "12:49:17",
                "_end": "-",
                "data": {
                    "type": "skip",
                    "time": 63.186429
                }
            },
            {
                "time": "2017-10-24T18:49:20.271Z",
                "type": "END",
                "source": "data:click:h_pos",
                "_t": "12:49:20",
                "_end": "-",
                "data": {
                    "lbl": {
                        "time": 63.186429,
                        "endTime": 73.89441621815703,
                        "type": "skip",
                        "id": 1
                    }
                }
            },
            {
                "time": "2017-10-24T18:49:28.914Z",
                "type": "START",
                "source": "hotkey",
                "_t": "12:49:28",
                "_end": "-",
                "data": {
                    "type": "run",
                    "time": 138.306353
                }
            },
            {
                "time": "2017-10-24T18:49:31.463Z",
                "type": "END",
                "source": "data:click:h_pos",
                "_t": "12:49:31",
                "_end": "-",
                "data": {
                    "lbl": {
                        "time": 138.306353,
                        "endTime": 142.76606175387664,
                        "type": "run",
                        "id": 2
                    }
                }
            },
            {
                "time": "2017-10-24T18:49:45.251Z",
                "type": "START",
                "source": "hotkey",
                "_t": "12:49:45",
                "_end": "-",
                "data": {
                    "type": "skip",
                    "time": 276.440166
                }
            },
            {
                "time": "2017-10-24T18:49:47.030Z",
                "type": "END",
                "source": "data:click:h_pos",
                "_t": "12:49:47",
                "_end": "-",
                "data": {
                    "lbl": {
                        "time": 276.440166,
                        "endTime": 288.2728433417217,
                        "type": "skip",
                        "id": 3
                    }
                }
            },
            {
                "time": "2017-10-24T18:49:56.052Z",
                "type": "START",
                "source": "hotkey",
                "_t": "12:49:56",
                "_end": "-",
                "data": {
                    "type": "run",
                    "time": 344.499537
                }
            },
            {
                "time": "2017-10-24T18:49:58.535Z",
                "type": "END",
                "source": "data:click:h_pos",
                "_t": "12:49:58",
                "_end": "-",
                "data": {
                    "lbl": {
                        "time": 344.499537,
                        "endTime": 349.02172853851937,
                        "type": "run",
                        "id": 4
                    }
                }
            },
            {
                "time": "2017-10-24T18:50:00.231Z",
                "type": "SELECT",
                "source": "data:click",
                "_t": "12:50:00",
                "_end": "-",
                "data": {
                    "time": 344.499537,
                    "endTime": 349.02172853851937,
                    "type": "run",
                    "id": 4
                }
            },
            {
                "time": {
                    "start": "2017-10-24T18:50:01.109Z",
                    "end": "2017-10-24T18:50:02.006Z"
                },
                "type": "RESIZE",
                "source": "data:brush",
                "_t": "12:50:01",
                "_end": "12:50:02",
                "data": {
                    "brushing": true,
                    "origin": [
                        344.499537,
                        348.8030387922855
                    ],
                    "_brushside": 1,
                    "start": "2017-10-24T18:50:01.109Z",
                    "ε": 0.1,
                    "mode": "resize"
                }
            },
            {
                "time": "2017-10-24T18:50:02.927Z",
                "type": "DESELECT",
                "source": "data:click",
                "_t": "12:50:02",
                "_end": "-",
                "data": {
                    "time": 344.499537,
                    "endTime": 349.02172853851937,
                    "type": "run",
                    "id": 4
                }
            },
            {
                "time": "2017-10-24T18:50:10.879Z",
                "type": "START",
                "source": "hotkey",
                "_t": "12:50:10",
                "_end": "-",
                "data": {
                    "type": "skip",
                    "time": 420.978463
                }
            },
            {
                "time": "2017-10-24T18:50:13.727Z",
                "type": "END",
                "source": "data:click:h_pos",
                "_t": "12:50:13",
                "_end": "-",
                "data": {
                    "lbl": {
                        "time": 420.978463,
                        "endTime": 433.7796235036374,
                        "type": "skip",
                        "id": 5
                    }
                }
            },
            {
                "time": "2017-10-24T18:50:21.624Z",
                "type": "START",
                "source": "hotkey",
                "_t": "12:50:21",
                "_end": "-",
                "data": {
                    "type": "run",
                    "time": 472.77669
                }
            },
            {
                "time": "2017-10-24T18:50:24.711Z",
                "type": "END",
                "source": "data:click:h_pos",
                "_t": "12:50:24",
                "_end": "-",
                "data": {
                    "lbl": {
                        "time": 472.77669,
                        "endTime": 477.68939894251855,
                        "type": "run",
                        "id": 6
                    }
                }
            },
            {
                "time": "2017-10-24T18:50:32.912Z",
                "type": "START",
                "source": "hotkey",
                "_t": "12:50:32",
                "_end": "-",
                "data": {
                    "type": "skip",
                    "time": 547.599821
                }
            },
            {
                "time": "2017-10-24T18:50:34.608Z",
                "type": "END",
                "source": "data:click:h_pos",
                "_t": "12:50:34",
                "_end": "-",
                "data": {
                    "lbl": {
                        "time": 547.599821,
                        "endTime": 560.3072573266737,
                        "type": "skip",
                        "id": 7
                    }
                }
            },
            {
                "time": "2017-10-24T18:50:39.694Z",
                "type": "START",
                "source": "hotkey",
                "_t": "12:50:39",
                "_end": "-",
                "data": {
                    "type": "skip",
                    "time": 596.258287
                }
            },
            {
                "time": "2017-10-24T18:50:41.269Z",
                "type": "END",
                "source": "data:click:h_pos",
                "_t": "12:50:41",
                "_end": "-",
                "data": {
                    "lbl": {
                        "time": 596.258287,
                        "endTime": 608.3721368726585,
                        "type": "skip",
                        "id": 8
                    }
                }
            }
        ],
        "navigationEvents": [
            {
                "time": {
                    "start": "2017-10-24T18:48:39.390Z",
                    "end": "2017-10-24T18:48:53.126Z"
                },
                "type": "SCRUB",
                "source": "data:drag",
                "_t": "12:48:39",
                "_end": "12:48:53",
                "data": {
                    "time": 4.892683
                }
            },
            {
                "time": {
                    "start": "2017-10-24T18:48:39.390Z",
                    "end": "2017-10-24T18:48:54.091Z"
                },
                "type": "SCRUB",
                "source": "data:drag",
                "_t": "12:48:39",
                "_end": "12:48:54",
                "data": {
                    "time": 5.593317
                }
            },
            {
                "time": {
                    "start": "2017-10-24T18:48:39.390Z",
                    "end": "2017-10-24T18:48:54.260Z"
                },
                "type": "SCRUB",
                "source": "data:drag",
                "_t": "12:48:39",
                "_end": "12:48:54",
                "data": {
                    "time": 5.768642
                }
            },
            {
                "time": "2017-10-24T18:48:54.264Z",
                "type": "JUMP",
                "source": "data:dblclick:h_pos",
                "_t": "12:48:54",
                "_end": "-",
                "data": {
                    "from": 5.772271,
                    "to": 50.937203503200394
                }
            },
            {
                "time": "2017-10-24T18:49:05.636Z",
                "type": "PAUSE",
                "source": "hotkey",
                "_t": "12:49:05",
                "_end": "-",
                "data": {
                    "key": "space"
                }
            },
            {
                "time": {
                    "start": "2017-10-24T18:48:39.390Z",
                    "end": "2017-10-24T18:49:06.532Z"
                },
                "type": "SCRUB",
                "source": "data:drag",
                "_t": "12:48:39",
                "_end": "12:49:06",
                "data": {
                    "time": 61.741515
                }
            },
            {
                "time": {
                    "start": "2017-10-24T18:48:39.390Z",
                    "end": "2017-10-24T18:49:06.685Z"
                },
                "type": "SCRUB",
                "source": "data:drag",
                "_t": "12:48:39",
                "_end": "12:49:06",
                "data": {
                    "time": 61.741515
                }
            },
            {
                "time": "2017-10-24T18:49:06.688Z",
                "type": "JUMP",
                "source": "data:dblclick:h_pos",
                "_t": "12:49:06",
                "_end": "-",
                "data": {
                    "from": 61.741515,
                    "to": 63.18642939486436
                }
            },
            {
                "time": {
                    "start": "2017-10-24T18:48:39.390Z",
                    "end": "2017-10-24T18:49:14.157Z"
                },
                "type": "SCRUB",
                "source": "data:drag",
                "_t": "12:48:39",
                "_end": "12:49:14",
                "data": {
                    "time": 63.186429
                }
            },
            {
                "time": {
                    "start": "2017-10-24T18:48:39.390Z",
                    "end": "2017-10-24T18:49:14.812Z"
                },
                "type": "SCRUB",
                "source": "data:drag",
                "_t": "12:48:39",
                "_end": "12:49:14",
                "data": {
                    "time": 63.186429
                }
            },
            {
                "time": {
                    "start": "2017-10-24T18:48:39.390Z",
                    "end": "2017-10-24T18:49:20.269Z"
                },
                "type": "SCRUB",
                "source": "data:drag",
                "_t": "12:48:39",
                "_end": "12:49:20",
                "data": {
                    "time": 63.186429
                }
            },
            {
                "time": {
                    "start": "2017-10-24T18:48:39.390Z",
                    "end": "2017-10-24T18:49:21.495Z"
                },
                "type": "SCRUB",
                "source": "data:drag",
                "_t": "12:48:39",
                "_end": "12:49:21",
                "data": {
                    "time": 83.383989
                }
            },
            {
                "time": {
                    "start": "2017-10-24T18:48:39.390Z",
                    "end": "2017-10-24T18:49:22.398Z"
                },
                "type": "SCRUB",
                "source": "data:drag",
                "_t": "12:48:39",
                "_end": "12:49:22",
                "data": {
                    "time": 99.785719
                }
            },
            {
                "time": {
                    "start": "2017-10-24T18:48:39.390Z",
                    "end": "2017-10-24T18:49:23.231Z"
                },
                "type": "SCRUB",
                "source": "data:drag",
                "_t": "12:48:39",
                "_end": "12:49:23",
                "data": {
                    "time": 115.062759
                }
            },
            {
                "time": {
                    "start": "2017-10-24T18:48:39.390Z",
                    "end": "2017-10-24T18:49:24.086Z"
                },
                "type": "SCRUB",
                "source": "data:drag",
                "_t": "12:48:39",
                "_end": "12:49:24",
                "data": {
                    "time": 132.183041
                }
            },
            {
                "time": {
                    "start": "2017-10-24T18:48:39.390Z",
                    "end": "2017-10-24T18:49:28.317Z"
                },
                "type": "SCRUB",
                "source": "data:drag",
                "_t": "12:48:39",
                "_end": "12:49:28",
                "data": {
                    "time": 138.306353
                }
            },
            {
                "time": {
                    "start": "2017-10-24T18:48:39.390Z",
                    "end": "2017-10-24T18:49:31.461Z"
                },
                "type": "SCRUB",
                "source": "data:drag",
                "_t": "12:48:39",
                "_end": "12:49:31",
                "data": {
                    "time": 138.306353
                }
            },
            {
                "time": {
                    "start": "2017-10-24T18:48:39.390Z",
                    "end": "2017-10-24T18:49:32.907Z"
                },
                "type": "SCRUB",
                "source": "data:drag",
                "_t": "12:48:39",
                "_end": "12:49:32",
                "data": {
                    "time": 153.036669
                }
            },
            {
                "time": {
                    "start": "2017-10-24T18:48:39.390Z",
                    "end": "2017-10-24T18:49:33.748Z"
                },
                "type": "SCRUB",
                "source": "data:drag",
                "_t": "12:48:39",
                "_end": "12:49:33",
                "data": {
                    "time": 169.90702
                }
            },
            {
                "time": {
                    "start": "2017-10-24T18:48:39.390Z",
                    "end": "2017-10-24T18:49:34.747Z"
                },
                "type": "SCRUB",
                "source": "data:drag",
                "_t": "12:48:39",
                "_end": "12:49:34",
                "data": {
                    "time": 189.792166
                }
            },
            {
                "time": {
                    "start": "2017-10-24T18:48:39.390Z",
                    "end": "2017-10-24T18:49:35.821Z"
                },
                "type": "SCRUB",
                "source": "data:drag",
                "_t": "12:48:39",
                "_end": "12:49:35",
                "data": {
                    "time": 207.318587
                }
            },
            {
                "time": {
                    "start": "2017-10-24T18:48:39.390Z",
                    "end": "2017-10-24T18:49:36.977Z"
                },
                "type": "SCRUB",
                "source": "data:drag",
                "_t": "12:48:39",
                "_end": "12:49:36",
                "data": {
                    "time": 230.046699
                }
            },
            {
                "time": {
                    "start": "2017-10-24T18:48:39.390Z",
                    "end": "2017-10-24T18:49:38.131Z"
                },
                "type": "SCRUB",
                "source": "data:drag",
                "_t": "12:48:39",
                "_end": "12:49:38",
                "data": {
                    "time": 251.415811
                }
            },
            {
                "time": {
                    "start": "2017-10-24T18:48:39.390Z",
                    "end": "2017-10-24T18:49:39.326Z"
                },
                "type": "SCRUB",
                "source": "data:drag",
                "_t": "12:48:39",
                "_end": "12:49:39",
                "data": {
                    "time": 271.613371
                }
            },
            {
                "time": {
                    "start": "2017-10-24T18:48:39.390Z",
                    "end": "2017-10-24T18:49:43.799Z"
                },
                "type": "SCRUB",
                "source": "data:drag",
                "_t": "12:48:39",
                "_end": "12:49:43",
                "data": {
                    "time": 276.440166
                }
            },
            {
                "time": {
                    "start": "2017-10-24T18:48:39.390Z",
                    "end": "2017-10-24T18:49:47.028Z"
                },
                "type": "SCRUB",
                "source": "data:drag",
                "_t": "12:48:39",
                "_end": "12:49:47",
                "data": {
                    "time": 276.440166
                }
            },
            {
                "time": {
                    "start": "2017-10-24T18:48:39.390Z",
                    "end": "2017-10-24T18:49:48.473Z"
                },
                "type": "SCRUB",
                "source": "data:drag",
                "_t": "12:48:39",
                "_end": "12:49:48",
                "data": {
                    "time": 301.245831
                }
            },
            {
                "time": {
                    "start": "2017-10-24T18:48:39.390Z",
                    "end": "2017-10-24T18:49:49.623Z"
                },
                "type": "SCRUB",
                "source": "data:drag",
                "_t": "12:48:39",
                "_end": "12:49:49",
                "data": {
                    "time": 323.00546
                }
            },
            {
                "time": {
                    "start": "2017-10-24T18:48:39.390Z",
                    "end": "2017-10-24T18:49:50.908Z"
                },
                "type": "SCRUB",
                "source": "data:drag",
                "_t": "12:48:39",
                "_end": "12:49:50",
                "data": {
                    "time": 341.219191
                }
            },
            {
                "time": {
                    "start": "2017-10-24T18:48:39.390Z",
                    "end": "2017-10-24T18:49:54.047Z"
                },
                "type": "SCRUB",
                "source": "data:drag",
                "_t": "12:48:39",
                "_end": "12:49:54",
                "data": {
                    "time": 344.499537
                }
            },
            {
                "time": {
                    "start": "2017-10-24T18:48:39.390Z",
                    "end": "2017-10-24T18:49:58.533Z"
                },
                "type": "SCRUB",
                "source": "data:drag",
                "_t": "12:48:39",
                "_end": "12:49:58",
                "data": {
                    "time": 344.499537
                }
            },
            {
                "time": {
                    "start": "2017-10-24T18:48:39.390Z",
                    "end": "2017-10-24T18:50:00.229Z"
                },
                "type": "SCRUB",
                "source": "data:drag",
                "_t": "12:48:39",
                "_end": "12:50:00",
                "data": {
                    "time": 344.499537
                }
            },
            {
                "time": {
                    "start": "2017-10-24T18:48:39.390Z",
                    "end": "2017-10-24T18:50:02.017Z"
                },
                "type": "SCRUB",
                "source": "data:drag",
                "_t": "12:48:39",
                "_end": "12:50:02",
                "data": {
                    "time": 344.499537
                }
            },
            {
                "time": {
                    "start": "2017-10-24T18:48:39.390Z",
                    "end": "2017-10-24T18:50:02.926Z"
                },
                "type": "SCRUB",
                "source": "data:drag",
                "_t": "12:48:39",
                "_end": "12:50:02",
                "data": {
                    "time": 344.499537
                }
            },
            {
                "time": {
                    "start": "2017-10-24T18:48:39.390Z",
                    "end": "2017-10-24T18:50:03.821Z"
                },
                "type": "SCRUB",
                "source": "data:drag",
                "_t": "12:48:39",
                "_end": "12:50:03",
                "data": {
                    "time": 357.730266
                }
            },
            {
                "time": {
                    "start": "2017-10-24T18:48:39.390Z",
                    "end": "2017-10-24T18:50:04.943Z"
                },
                "type": "SCRUB",
                "source": "data:drag",
                "_t": "12:48:39",
                "_end": "12:50:04",
                "data": {
                    "time": 376.631308
                }
            },
            {
                "time": {
                    "start": "2017-10-24T18:48:39.390Z",
                    "end": "2017-10-24T18:50:07.348Z"
                },
                "type": "SCRUB",
                "source": "data:drag",
                "_t": "12:48:39",
                "_end": "12:50:07",
                "data": {
                    "time": 405.904492
                }
            },
            {
                "time": {
                    "start": "2017-10-24T18:48:39.390Z",
                    "end": "2017-10-24T18:50:09.941Z"
                },
                "type": "SCRUB",
                "source": "data:drag",
                "_t": "12:48:39",
                "_end": "12:50:09",
                "data": {
                    "time": 420.978463
                }
            },
            {
                "time": {
                    "start": "2017-10-24T18:48:39.390Z",
                    "end": "2017-10-24T18:50:13.725Z"
                },
                "type": "SCRUB",
                "source": "data:drag",
                "_t": "12:48:39",
                "_end": "12:50:13",
                "data": {
                    "time": 420.978463
                }
            },
            {
                "time": {
                    "start": "2017-10-24T18:48:39.390Z",
                    "end": "2017-10-24T18:50:15.133Z"
                },
                "type": "SCRUB",
                "source": "data:drag",
                "_t": "12:48:39",
                "_end": "12:50:15",
                "data": {
                    "time": 444.128334
                }
            },
            {
                "time": {
                    "start": "2017-10-24T18:48:39.390Z",
                    "end": "2017-10-24T18:50:16.281Z"
                },
                "type": "SCRUB",
                "source": "data:drag",
                "_t": "12:48:39",
                "_end": "12:50:16",
                "data": {
                    "time": 467.028274
                }
            },
            {
                "time": {
                    "start": "2017-10-24T18:48:39.390Z",
                    "end": "2017-10-24T18:50:19.919Z"
                },
                "type": "SCRUB",
                "source": "data:drag",
                "_t": "12:48:39",
                "_end": "12:50:19",
                "data": {
                    "time": 472.77669
                }
            },
            {
                "time": {
                    "start": "2017-10-24T18:48:39.390Z",
                    "end": "2017-10-24T18:50:24.709Z"
                },
                "type": "SCRUB",
                "source": "data:drag",
                "_t": "12:48:39",
                "_end": "12:50:24",
                "data": {
                    "time": 472.77669
                }
            },
            {
                "time": {
                    "start": "2017-10-24T18:48:39.390Z",
                    "end": "2017-10-24T18:50:26.149Z"
                },
                "type": "SCRUB",
                "source": "data:drag",
                "_t": "12:48:39",
                "_end": "12:50:26",
                "data": {
                    "time": 486.91342
                }
            },
            {
                "time": {
                    "start": "2017-10-24T18:48:39.390Z",
                    "end": "2017-10-24T18:50:27.262Z"
                },
                "type": "SCRUB",
                "source": "data:drag",
                "_t": "12:48:39",
                "_end": "12:50:27",
                "data": {
                    "time": 500.597149
                }
            },
            {
                "time": {
                    "start": "2017-10-24T18:48:39.390Z",
                    "end": "2017-10-24T18:50:28.264Z"
                },
                "type": "SCRUB",
                "source": "data:drag",
                "_t": "12:48:39",
                "_end": "12:50:28",
                "data": {
                    "time": 517.186328
                }
            },
            {
                "time": {
                    "start": "2017-10-24T18:48:39.390Z",
                    "end": "2017-10-24T18:50:29.317Z"
                },
                "type": "SCRUB",
                "source": "data:drag",
                "_t": "12:48:39",
                "_end": "12:50:29",
                "data": {
                    "time": 536.071749
                }
            },
            {
                "time": {
                    "start": "2017-10-24T18:48:39.390Z",
                    "end": "2017-10-24T18:50:31.724Z"
                },
                "type": "SCRUB",
                "source": "data:drag",
                "_t": "12:48:39",
                "_end": "12:50:31",
                "data": {
                    "time": 547.599821
                }
            },
            {
                "time": {
                    "start": "2017-10-24T18:48:39.390Z",
                    "end": "2017-10-24T18:50:34.605Z"
                },
                "type": "SCRUB",
                "source": "data:drag",
                "_t": "12:48:39",
                "_end": "12:50:34",
                "data": {
                    "time": 547.599821
                }
            },
            {
                "time": {
                    "start": "2017-10-24T18:48:39.390Z",
                    "end": "2017-10-24T18:50:35.802Z"
                },
                "type": "SCRUB",
                "source": "data:drag",
                "_t": "12:48:39",
                "_end": "12:50:35",
                "data": {
                    "time": 567.34438
                }
            },
            {
                "time": {
                    "start": "2017-10-24T18:48:39.390Z",
                    "end": "2017-10-24T18:50:36.761Z"
                },
                "type": "SCRUB",
                "source": "data:drag",
                "_t": "12:48:39",
                "_end": "12:50:36",
                "data": {
                    "time": 586.073594
                }
            },
            {
                "time": {
                    "start": "2017-10-24T18:48:39.390Z",
                    "end": "2017-10-24T18:50:39.305Z"
                },
                "type": "SCRUB",
                "source": "data:drag",
                "_t": "12:48:39",
                "_end": "12:50:39",
                "data": {
                    "time": 596.258287
                }
            },
            {
                "time": {
                    "start": "2017-10-24T18:48:39.390Z",
                    "end": "2017-10-24T18:50:41.268Z"
                },
                "type": "SCRUB",
                "source": "data:drag",
                "_t": "12:48:39",
                "_end": "12:50:41",
                "data": {
                    "time": 596.258287
                }
            },
            {
                "time": {
                    "start": "2017-10-24T18:48:39.390Z",
                    "end": "2017-10-24T18:50:42.488Z"
                },
                "type": "SCRUB",
                "source": "data:drag",
                "_t": "12:48:39",
                "_end": "12:50:42",
                "data": {
                    "time": 618.470916
                }
            },
            {
                "time": {
                    "start": "2017-10-24T18:48:39.390Z",
                    "end": "2017-10-24T18:50:43.397Z"
                },
                "type": "SCRUB",
                "source": "data:drag",
                "_t": "12:48:39",
                "_end": "12:50:43",
                "data": {
                    "time": 629.092989
                }
            }
        ]
    }
}