{
    "user_id": "027",
    "session_id": "59ef9dfd5efd4d725417b880",
    "study": "studyC",
    "workspace": "newrun.run-pink",
    "details": {
        "workspace": "newrun.run-pink",
        "labels": [
            {
                "time": 63.307399,
                "endTime": 73.82946404065156,
                "type": "skip",
                "id": 1
            },
            {
                "time": 138.316179,
                "endTime": 142.74378062601875,
                "type": "run",
                "id": 2
            },
            {
                "time": 276.457349,
                "endTime": 288.17747095123144,
                "type": "skip",
                "id": 3
            },
            {
                "time": 344.486145,
                "endTime": 348.9137466260208,
                "type": "run",
                "id": 4
            },
            {
                "time": 421.213876,
                "endTime": 433.87160770731845,
                "type": "skip",
                "id": 5
            },
            {
                "time": 472.886591,
                "endTime": 477.4704609186955,
                "type": "run",
                "id": 6
            },
            {
                "time": 547.687013,
                "endTime": 560.0842975528582,
                "type": "skip",
                "id": 7
            },
            {
                "time": 596.130183,
                "endTime": 608.3711988292364,
                "type": "skip",
                "id": 8
            }
        ],
        "_starts": [
            "2017-10-24T20:37:43.000Z"
        ],
        "_ends": [
            "2017-10-24T20:39:00.610Z"
        ]
    },
    "labels_file": "/home/ubuntu/vat/data/user-studies/studyC/run-pink/027.labels.json",
    "videoFlash": 3.300376,
    "surveys": {
        "user-info": {
            "firstname": "Ryan",
            "lastname": "Mortensen",
            "email": "arcturuskerrigor@gmail.com"
        },
        "practice-first": {
            "question1": "2",
            "question2": "ok",
            "question3": "100",
            "question4": "2"
        },
        "practice-second": {},
        "practice-third": {},
        "practice-survey": {},
        "pill-blue": {
            "question1": "2",
            "question2": "0",
            "question3": "50",
            "question4": "100"
        },
        "pill-red": {
            "question1": "-2",
            "question2": "-2",
            "question3": "90",
            "question4": "100"
        },
        "pill-orange": {
            "question1": "0",
            "question2": "0",
            "question3": "90",
            "question4": "90"
        },
        "pills-survey": {
            "question1": "2",
            "question2": "-1",
            "question3": "1",
            "question4": "2"
        },
        "run-blue": {
            "question1": "2",
            "question2": "2",
            "question3": "100",
            "question4": "100"
        },
        "run-yellow": {
            "question1": "2",
            "question2": "2",
            "question3": "100",
            "question4": "100"
        },
        "run-red": {
            "question1": "1",
            "question2": "1",
            "question3": "80",
            "question4": "90"
        },
        "run-survey": {
            "question1": "2",
            "question2": "-1",
            "question3": "1",
            "question4": "2"
        }
    },
    "logs": {
        "labelEvents": [
            {
                "time": "2017-10-24T20:38:00.802Z",
                "type": "START",
                "source": "hotkey",
                "_t": "14:38:00",
                "_end": "-",
                "data": {
                    "type": "skip",
                    "time": 63.307399
                }
            },
            {
                "time": "2017-10-24T20:38:02.370Z",
                "type": "END",
                "source": "data:click:h_pos",
                "_t": "14:38:02",
                "_end": "-",
                "data": {
                    "lbl": {
                        "time": 63.307399,
                        "endTime": 73.82946404065156,
                        "type": "skip",
                        "id": 1
                    }
                }
            },
            {
                "time": "2017-10-24T20:38:07.920Z",
                "type": "START",
                "source": "hotkey",
                "_t": "14:38:07",
                "_end": "-",
                "data": {
                    "type": "run",
                    "time": 138.316179
                }
            },
            {
                "time": "2017-10-24T20:38:10.474Z",
                "type": "END",
                "source": "data:click:h_pos",
                "_t": "14:38:10",
                "_end": "-",
                "data": {
                    "lbl": {
                        "time": 138.316179,
                        "endTime": 142.74378062601875,
                        "type": "run",
                        "id": 2
                    }
                }
            },
            {
                "time": "2017-10-24T20:38:19.937Z",
                "type": "START",
                "source": "hotkey",
                "_t": "14:38:19",
                "_end": "-",
                "data": {
                    "type": "skip",
                    "time": 276.457349
                }
            },
            {
                "time": "2017-10-24T20:38:21.647Z",
                "type": "END",
                "source": "data:click:h_pos",
                "_t": "14:38:21",
                "_end": "-",
                "data": {
                    "lbl": {
                        "time": 276.457349,
                        "endTime": 288.17747095123144,
                        "type": "skip",
                        "id": 3
                    }
                }
            },
            {
                "time": "2017-10-24T20:38:26.214Z",
                "type": "START",
                "source": "hotkey",
                "_t": "14:38:26",
                "_end": "-",
                "data": {
                    "type": "run",
                    "time": 344.486145
                }
            },
            {
                "time": "2017-10-24T20:38:28.546Z",
                "type": "END",
                "source": "data:click:h_pos",
                "_t": "14:38:28",
                "_end": "-",
                "data": {
                    "lbl": {
                        "time": 344.486145,
                        "endTime": 348.9137466260208,
                        "type": "run",
                        "id": 4
                    }
                }
            },
            {
                "time": "2017-10-24T20:38:34.022Z",
                "type": "START",
                "source": "hotkey",
                "_t": "14:38:34",
                "_end": "-",
                "data": {
                    "type": "skip",
                    "time": 421.213876
                }
            },
            {
                "time": "2017-10-24T20:38:37.866Z",
                "type": "END",
                "source": "data:click:h_pos",
                "_t": "14:38:37",
                "_end": "-",
                "data": {
                    "lbl": {
                        "time": 421.213876,
                        "endTime": 433.87160770731845,
                        "type": "skip",
                        "id": 5
                    }
                }
            },
            {
                "time": "2017-10-24T20:38:42.438Z",
                "type": "START",
                "source": "hotkey",
                "_t": "14:38:42",
                "_end": "-",
                "data": {
                    "type": "run",
                    "time": 472.886591
                }
            },
            {
                "time": "2017-10-24T20:38:43.387Z",
                "type": "END",
                "source": "data:click:h_pos",
                "_t": "14:38:43",
                "_end": "-",
                "data": {
                    "lbl": {
                        "time": 472.886591,
                        "endTime": 477.4704609186955,
                        "type": "run",
                        "id": 6
                    }
                }
            },
            {
                "time": "2017-10-24T20:38:48.594Z",
                "type": "START",
                "source": "hotkey",
                "_t": "14:38:48",
                "_end": "-",
                "data": {
                    "type": "skip",
                    "time": 547.687013
                }
            },
            {
                "time": "2017-10-24T20:38:49.291Z",
                "type": "END",
                "source": "data:click:h_pos",
                "_t": "14:38:49",
                "_end": "-",
                "data": {
                    "lbl": {
                        "time": 547.687013,
                        "endTime": 560.0842975528582,
                        "type": "skip",
                        "id": 7
                    }
                }
            },
            {
                "time": "2017-10-24T20:38:52.886Z",
                "type": "START",
                "source": "hotkey",
                "_t": "14:38:52",
                "_end": "-",
                "data": {
                    "type": "skip",
                    "time": 596.130183
                }
            },
            {
                "time": "2017-10-24T20:38:58.035Z",
                "type": "END",
                "source": "data:click:h_pos",
                "_t": "14:38:58",
                "_end": "-",
                "data": {
                    "lbl": {
                        "time": 596.130183,
                        "endTime": 608.3711988292364,
                        "type": "skip",
                        "id": 8
                    }
                }
            }
        ],
        "navigationEvents": [
            {
                "time": {
                    "start": "2017-10-24T20:37:43.080Z",
                    "end": "2017-10-24T20:37:55.969Z"
                },
                "type": "SCRUB",
                "source": "data:drag",
                "_t": "14:37:43",
                "_end": "14:37:55",
                "data": {
                    "time": 54.035481
                }
            },
            {
                "time": {
                    "start": "2017-10-24T20:37:43.080Z",
                    "end": "2017-10-24T20:38:00.664Z"
                },
                "type": "SCRUB",
                "source": "data:drag",
                "_t": "14:37:43",
                "_end": "14:38:00",
                "data": {
                    "time": 63.307399
                }
            },
            {
                "time": {
                    "start": "2017-10-24T20:37:43.080Z",
                    "end": "2017-10-24T20:38:02.368Z"
                },
                "type": "SCRUB",
                "source": "data:drag",
                "_t": "14:37:43",
                "_end": "14:38:02",
                "data": {
                    "time": 63.307399
                }
            },
            {
                "time": {
                    "start": "2017-10-24T20:37:43.080Z",
                    "end": "2017-10-24T20:38:06.898Z"
                },
                "type": "SCRUB",
                "source": "data:drag",
                "_t": "14:37:43",
                "_end": "14:38:06",
                "data": {
                    "time": 138.316179
                }
            },
            {
                "time": {
                    "start": "2017-10-24T20:37:43.080Z",
                    "end": "2017-10-24T20:38:10.472Z"
                },
                "type": "SCRUB",
                "source": "data:drag",
                "_t": "14:37:43",
                "_end": "14:38:10",
                "data": {
                    "time": 138.316179
                }
            },
            {
                "time": {
                    "start": "2017-10-24T20:37:43.080Z",
                    "end": "2017-10-24T20:38:12.491Z"
                },
                "type": "SCRUB",
                "source": "data:drag",
                "_t": "14:37:43",
                "_end": "14:38:12",
                "data": {
                    "time": 235.462967
                }
            },
            {
                "time": {
                    "start": "2017-10-24T20:37:43.080Z",
                    "end": "2017-10-24T20:38:19.783Z"
                },
                "type": "SCRUB",
                "source": "data:drag",
                "_t": "14:37:43",
                "_end": "14:38:19",
                "data": {
                    "time": 276.457349
                }
            },
            {
                "time": {
                    "start": "2017-10-24T20:37:43.080Z",
                    "end": "2017-10-24T20:38:21.645Z"
                },
                "type": "SCRUB",
                "source": "data:drag",
                "_t": "14:37:43",
                "_end": "14:38:21",
                "data": {
                    "time": 276.457349
                }
            },
            {
                "time": {
                    "start": "2017-10-24T20:37:43.080Z",
                    "end": "2017-10-24T20:38:25.975Z"
                },
                "type": "SCRUB",
                "source": "data:drag",
                "_t": "14:37:43",
                "_end": "14:38:25",
                "data": {
                    "time": 344.486145
                }
            },
            {
                "time": {
                    "start": "2017-10-24T20:37:43.080Z",
                    "end": "2017-10-24T20:38:28.544Z"
                },
                "type": "SCRUB",
                "source": "data:drag",
                "_t": "14:37:43",
                "_end": "14:38:28",
                "data": {
                    "time": 344.486145
                }
            },
            {
                "time": {
                    "start": "2017-10-24T20:37:43.080Z",
                    "end": "2017-10-24T20:38:33.698Z"
                },
                "type": "SCRUB",
                "source": "data:drag",
                "_t": "14:37:43",
                "_end": "14:38:33",
                "data": {
                    "time": 421.213876
                }
            },
            {
                "time": {
                    "start": "2017-10-24T20:37:43.080Z",
                    "end": "2017-10-24T20:38:37.864Z"
                },
                "type": "SCRUB",
                "source": "data:drag",
                "_t": "14:37:43",
                "_end": "14:38:37",
                "data": {
                    "time": 421.213876
                }
            },
            {
                "time": {
                    "start": "2017-10-24T20:37:43.080Z",
                    "end": "2017-10-24T20:38:42.264Z"
                },
                "type": "SCRUB",
                "source": "data:drag",
                "_t": "14:37:43",
                "_end": "14:38:42",
                "data": {
                    "time": 472.886591
                }
            },
            {
                "time": {
                    "start": "2017-10-24T20:37:43.080Z",
                    "end": "2017-10-24T20:38:43.384Z"
                },
                "type": "SCRUB",
                "source": "data:drag",
                "_t": "14:37:43",
                "_end": "14:38:43",
                "data": {
                    "time": 472.886591
                }
            },
            {
                "time": {
                    "start": "2017-10-24T20:37:43.080Z",
                    "end": "2017-10-24T20:38:45.303Z"
                },
                "type": "SCRUB",
                "source": "data:drag",
                "_t": "14:37:43",
                "_end": "14:38:45",
                "data": {
                    "time": 551.020737
                }
            },
            {
                "time": {
                    "start": "2017-10-24T20:37:43.080Z",
                    "end": "2017-10-24T20:38:48.369Z"
                },
                "type": "SCRUB",
                "source": "data:drag",
                "_t": "14:37:43",
                "_end": "14:38:48",
                "data": {
                    "time": 547.687013
                }
            },
            {
                "time": {
                    "start": "2017-10-24T20:37:43.080Z",
                    "end": "2017-10-24T20:38:49.289Z"
                },
                "type": "SCRUB",
                "source": "data:drag",
                "_t": "14:37:43",
                "_end": "14:38:49",
                "data": {
                    "time": 547.687013
                }
            },
            {
                "time": {
                    "start": "2017-10-24T20:37:43.080Z",
                    "end": "2017-10-24T20:38:51.086Z"
                },
                "type": "SCRUB",
                "source": "data:drag",
                "_t": "14:37:43",
                "_end": "14:38:51",
                "data": {
                    "time": 599.932712
                }
            },
            {
                "time": {
                    "start": "2017-10-24T20:37:43.080Z",
                    "end": "2017-10-24T20:38:52.680Z"
                },
                "type": "SCRUB",
                "source": "data:drag",
                "_t": "14:37:43",
                "_end": "14:38:52",
                "data": {
                    "time": 596.130183
                }
            },
            {
                "time": {
                    "start": "2017-10-24T20:37:43.080Z",
                    "end": "2017-10-24T20:38:53.592Z"
                },
                "type": "SCRUB",
                "source": "data:drag",
                "_t": "14:37:43",
                "_end": "14:38:53",
                "data": {
                    "time": 596.182272
                }
            },
            {
                "time": {
                    "start": "2017-10-24T20:37:43.080Z",
                    "end": "2017-10-24T20:38:58.033Z"
                },
                "type": "SCRUB",
                "source": "data:drag",
                "_t": "14:37:43",
                "_end": "14:38:58",
                "data": {
                    "time": 596.182272
                }
            }
        ]
    }
}