{
    "user_id": "6152017",
    "session_id": "59ef9e6d5efd4d725417b88a",
    "study": "studyC",
    "workspace": "newrun.run-pink",
    "details": {
        "workspace": "newrun.run-pink",
        "labels": [
            {
                "time": 63.195387,
                "endTime": 74.11458499498866,
                "type": "skip",
                "id": 1
            },
            {
                "time": 138.23811,
                "endTime": 142.94835227234807,
                "type": "run",
                "id": 2
            },
            {
                "time": 276.226797,
                "endTime": 288.270030082719,
                "type": "skip",
                "id": 3
            },
            {
                "time": 344.418258,
                "endTime": 348.91439835087766,
                "type": "run",
                "id": 4
            },
            {
                "time": 420.959694,
                "endTime": 433.96638572933654,
                "type": "skip",
                "id": 5
            },
            {
                "time": 472.558257,
                "endTime": 477.80375407601923,
                "type": "run",
                "id": 6
            },
            {
                "time": 547.386878,
                "endTime": 560.4470952096805,
                "type": "skip",
                "id": 7
            },
            {
                "time": 596.202116,
                "endTime": 608.7270784060279,
                "type": "skip",
                "id": 8
            }
        ],
        "_starts": [
            "2017-10-24T20:44:06.000Z"
        ],
        "_ends": [
            "2017-10-24T20:45:44.194Z"
        ]
    },
    "labels_file": "/home/ubuntu/vat/data/user-studies/studyC/run-pink/6152017.labels.json",
    "videoFlash": 3.300376,
    "surveys": {
        "user-info": {
            "firstname": "Whitney",
            "lastname": "Bills",
            "email": "billsrw@gmail.com"
        },
        "practice-first": {
            "question1": "-2",
            "question2": "ok",
            "question3": "0",
            "question4": "-2"
        },
        "practice-second": {},
        "practice-third": {},
        "practice-survey": {},
        "pill-blue": {
            "question1": "-2",
            "question2": "-2",
            "question3": "30",
            "question4": "10"
        },
        "pill-red": {
            "question1": "1",
            "question2": "1",
            "question3": "100",
            "question4": "30"
        },
        "pill-orange": {
            "question1": "1",
            "question2": "0",
            "question3": "20",
            "question4": "40"
        },
        "pills-survey": {
            "question1": "2",
            "question2": "0",
            "question3": "2",
            "question4": "0"
        },
        "run-blue": {
            "question1": "2",
            "question2": "2",
            "question3": "70",
            "question4": "10"
        },
        "run-yellow": {
            "question1": "2",
            "question2": "1",
            "question3": "100",
            "question4": "20"
        },
        "run-red": {
            "question1": "1",
            "question2": "1",
            "question3": "30",
            "question4": "10"
        },
        "run-survey": {
            "question1": "2",
            "question2": "-1",
            "question3": "2",
            "question4": "1"
        }
    },
    "logs": {
        "labelEvents": [
            {
                "time": "2017-10-24T20:44:27.247Z",
                "type": "START",
                "source": "side-bar:button",
                "_t": "14:44:27",
                "_end": "-",
                "data": {
                    "type": "skip",
                    "time": 63.195387
                }
            },
            {
                "time": "2017-10-24T20:44:31.502Z",
                "type": "END",
                "source": "data:click:h_pos",
                "_t": "14:44:31",
                "_end": "-",
                "data": {
                    "lbl": {
                        "time": 63.195387,
                        "endTime": 74.11458499498866,
                        "type": "skip",
                        "id": 1
                    }
                }
            },
            {
                "time": "2017-10-24T20:44:38.569Z",
                "type": "START",
                "source": "side-bar:button",
                "_t": "14:44:38",
                "_end": "-",
                "data": {
                    "type": "run",
                    "time": 138.23811
                }
            },
            {
                "time": "2017-10-24T20:44:41.047Z",
                "type": "END",
                "source": "data:click:h_pos",
                "_t": "14:44:41",
                "_end": "-",
                "data": {
                    "lbl": {
                        "time": 138.23811,
                        "endTime": 142.94835227234807,
                        "type": "run",
                        "id": 2
                    }
                }
            },
            {
                "time": "2017-10-24T20:44:49.297Z",
                "type": "START",
                "source": "side-bar:button",
                "_t": "14:44:49",
                "_end": "-",
                "data": {
                    "type": "skip",
                    "time": 276.226797
                }
            },
            {
                "time": "2017-10-24T20:44:52.033Z",
                "type": "END",
                "source": "data:click:h_pos",
                "_t": "14:44:52",
                "_end": "-",
                "data": {
                    "lbl": {
                        "time": 276.226797,
                        "endTime": 288.270030082719,
                        "type": "skip",
                        "id": 3
                    }
                }
            },
            {
                "time": "2017-10-24T20:44:59.128Z",
                "type": "START",
                "source": "side-bar:button",
                "_t": "14:44:59",
                "_end": "-",
                "data": {
                    "type": "run",
                    "time": 344.418258
                }
            },
            {
                "time": "2017-10-24T20:45:01.865Z",
                "type": "END",
                "source": "data:click:h_pos",
                "_t": "14:45:01",
                "_end": "-",
                "data": {
                    "lbl": {
                        "time": 344.418258,
                        "endTime": 348.91439835087766,
                        "type": "run",
                        "id": 4
                    }
                }
            },
            {
                "time": "2017-10-24T20:45:08.728Z",
                "type": "START",
                "source": "side-bar:button",
                "_t": "14:45:08",
                "_end": "-",
                "data": {
                    "type": "skip",
                    "time": 420.959694
                }
            },
            {
                "time": "2017-10-24T20:45:10.890Z",
                "type": "END",
                "source": "data:click:h_pos",
                "_t": "14:45:10",
                "_end": "-",
                "data": {
                    "lbl": {
                        "time": 420.959694,
                        "endTime": 433.96638572933654,
                        "type": "skip",
                        "id": 5
                    }
                }
            },
            {
                "time": "2017-10-24T20:45:18.040Z",
                "type": "START",
                "source": "side-bar:button",
                "_t": "14:45:18",
                "_end": "-",
                "data": {
                    "type": "run",
                    "time": 472.558257
                }
            },
            {
                "time": "2017-10-24T20:45:20.232Z",
                "type": "END",
                "source": "data:click:h_pos",
                "_t": "14:45:20",
                "_end": "-",
                "data": {
                    "lbl": {
                        "time": 472.558257,
                        "endTime": 477.80375407601923,
                        "type": "run",
                        "id": 6
                    }
                }
            },
            {
                "time": "2017-10-24T20:45:27.665Z",
                "type": "START",
                "source": "side-bar:button",
                "_t": "14:45:27",
                "_end": "-",
                "data": {
                    "type": "skip",
                    "time": 547.386878
                }
            },
            {
                "time": "2017-10-24T20:45:33.598Z",
                "type": "END",
                "source": "data:click:h_pos",
                "_t": "14:45:33",
                "_end": "-",
                "data": {
                    "lbl": {
                        "time": 547.386878,
                        "endTime": 560.4470952096805,
                        "type": "skip",
                        "id": 7
                    }
                }
            },
            {
                "time": "2017-10-24T20:45:38.296Z",
                "type": "START",
                "source": "side-bar:button",
                "_t": "14:45:38",
                "_end": "-",
                "data": {
                    "type": "skip",
                    "time": 596.202116
                }
            },
            {
                "time": "2017-10-24T20:45:40.574Z",
                "type": "END",
                "source": "data:click:h_pos",
                "_t": "14:45:40",
                "_end": "-",
                "data": {
                    "lbl": {
                        "time": 596.202116,
                        "endTime": 608.7270784060279,
                        "type": "skip",
                        "id": 8
                    }
                }
            }
        ],
        "navigationEvents": [
            {
                "time": {
                    "start": "2017-10-24T20:44:06.614Z",
                    "end": "2017-10-24T20:44:22.251Z"
                },
                "type": "SCRUB",
                "source": "data:drag",
                "_t": "14:44:06",
                "_end": "14:44:22",
                "data": {
                    "time": 34.131052
                }
            },
            {
                "time": {
                    "start": "2017-10-24T20:44:06.614Z",
                    "end": "2017-10-24T20:44:25.430Z"
                },
                "type": "SCRUB",
                "source": "data:drag",
                "_t": "14:44:06",
                "_end": "14:44:25",
                "data": {
                    "time": 63.195387
                }
            },
            {
                "time": {
                    "start": "2017-10-24T20:44:06.614Z",
                    "end": "2017-10-24T20:44:31.500Z"
                },
                "type": "SCRUB",
                "source": "data:drag",
                "_t": "14:44:06",
                "_end": "14:44:31",
                "data": {
                    "time": 63.195387
                }
            },
            {
                "time": {
                    "start": "2017-10-24T20:44:06.614Z",
                    "end": "2017-10-24T20:44:32.972Z"
                },
                "type": "SCRUB",
                "source": "data:drag",
                "_t": "14:44:06",
                "_end": "14:44:32",
                "data": {
                    "time": 115.596832
                }
            },
            {
                "time": {
                    "start": "2017-10-24T20:44:06.614Z",
                    "end": "2017-10-24T20:44:36.673Z"
                },
                "type": "SCRUB",
                "source": "data:drag",
                "_t": "14:44:06",
                "_end": "14:44:36",
                "data": {
                    "time": 138.23811
                }
            },
            {
                "time": {
                    "start": "2017-10-24T20:44:06.614Z",
                    "end": "2017-10-24T20:44:41.045Z"
                },
                "type": "SCRUB",
                "source": "data:drag",
                "_t": "14:44:06",
                "_end": "14:44:41",
                "data": {
                    "time": 138.23811
                }
            },
            {
                "time": {
                    "start": "2017-10-24T20:44:06.614Z",
                    "end": "2017-10-24T20:44:42.585Z"
                },
                "type": "SCRUB",
                "source": "data:drag",
                "_t": "14:44:06",
                "_end": "14:44:42",
                "data": {
                    "time": 195.992103
                }
            },
            {
                "time": {
                    "start": "2017-10-24T20:44:06.614Z",
                    "end": "2017-10-24T20:44:43.945Z"
                },
                "type": "SCRUB",
                "source": "data:drag",
                "_t": "14:44:06",
                "_end": "14:44:43",
                "data": {
                    "time": 253.317892
                }
            },
            {
                "time": {
                    "start": "2017-10-24T20:44:06.614Z",
                    "end": "2017-10-24T20:44:47.834Z"
                },
                "type": "SCRUB",
                "source": "data:drag",
                "_t": "14:44:06",
                "_end": "14:44:47",
                "data": {
                    "time": 276.226797
                }
            },
            {
                "time": {
                    "start": "2017-10-24T20:44:06.614Z",
                    "end": "2017-10-24T20:44:52.031Z"
                },
                "type": "SCRUB",
                "source": "data:drag",
                "_t": "14:44:06",
                "_end": "14:44:52",
                "data": {
                    "time": 276.226797
                }
            },
            {
                "time": {
                    "start": "2017-10-24T20:44:06.614Z",
                    "end": "2017-10-24T20:44:53.529Z"
                },
                "type": "SCRUB",
                "source": "data:drag",
                "_t": "14:44:06",
                "_end": "14:44:53",
                "data": {
                    "time": 318.886604
                }
            },
            {
                "time": {
                    "start": "2017-10-24T20:44:06.614Z",
                    "end": "2017-10-24T20:44:57.711Z"
                },
                "type": "SCRUB",
                "source": "data:drag",
                "_t": "14:44:06",
                "_end": "14:44:57",
                "data": {
                    "time": 344.418258
                }
            },
            {
                "time": {
                    "start": "2017-10-24T20:44:06.614Z",
                    "end": "2017-10-24T20:45:01.863Z"
                },
                "type": "SCRUB",
                "source": "data:drag",
                "_t": "14:44:06",
                "_end": "14:45:01",
                "data": {
                    "time": 344.418258
                }
            },
            {
                "time": {
                    "start": "2017-10-24T20:44:06.614Z",
                    "end": "2017-10-24T20:45:03.702Z"
                },
                "type": "SCRUB",
                "source": "data:drag",
                "_t": "14:44:06",
                "_end": "14:45:03",
                "data": {
                    "time": 386.596336
                }
            },
            {
                "time": {
                    "start": "2017-10-24T20:44:06.614Z",
                    "end": "2017-10-24T20:45:07.408Z"
                },
                "type": "SCRUB",
                "source": "data:drag",
                "_t": "14:44:06",
                "_end": "14:45:07",
                "data": {
                    "time": 420.959694
                }
            },
            {
                "time": {
                    "start": "2017-10-24T20:44:06.614Z",
                    "end": "2017-10-24T20:45:10.888Z"
                },
                "type": "SCRUB",
                "source": "data:drag",
                "_t": "14:44:06",
                "_end": "14:45:10",
                "data": {
                    "time": 420.959694
                }
            },
            {
                "time": {
                    "start": "2017-10-24T20:44:06.614Z",
                    "end": "2017-10-24T20:45:16.648Z"
                },
                "type": "SCRUB",
                "source": "data:drag",
                "_t": "14:44:06",
                "_end": "14:45:16",
                "data": {
                    "time": 472.558257
                }
            },
            {
                "time": {
                    "start": "2017-10-24T20:44:06.614Z",
                    "end": "2017-10-24T20:45:20.230Z"
                },
                "type": "SCRUB",
                "source": "data:drag",
                "_t": "14:44:06",
                "_end": "14:45:20",
                "data": {
                    "time": 472.558257
                }
            },
            {
                "time": {
                    "start": "2017-10-24T20:44:06.614Z",
                    "end": "2017-10-24T20:45:21.793Z"
                },
                "type": "SCRUB",
                "source": "data:drag",
                "_t": "14:44:06",
                "_end": "14:45:21",
                "data": {
                    "time": 516.716778
                }
            },
            {
                "time": {
                    "start": "2017-10-24T20:44:06.614Z",
                    "end": "2017-10-24T20:45:26.495Z"
                },
                "type": "SCRUB",
                "source": "data:drag",
                "_t": "14:44:06",
                "_end": "14:45:26",
                "data": {
                    "time": 547.386878
                }
            },
            {
                "time": {
                    "start": "2017-10-24T20:44:06.614Z",
                    "end": "2017-10-24T20:45:33.597Z"
                },
                "type": "SCRUB",
                "source": "data:drag",
                "_t": "14:44:06",
                "_end": "14:45:33",
                "data": {
                    "time": 547.386878
                }
            },
            {
                "time": {
                    "start": "2017-10-24T20:44:06.614Z",
                    "end": "2017-10-24T20:45:36.984Z"
                },
                "type": "SCRUB",
                "source": "data:drag",
                "_t": "14:44:06",
                "_end": "14:45:36",
                "data": {
                    "time": 596.202116
                }
            },
            {
                "time": {
                    "start": "2017-10-24T20:44:06.614Z",
                    "end": "2017-10-24T20:45:40.572Z"
                },
                "type": "SCRUB",
                "source": "data:drag",
                "_t": "14:44:06",
                "_end": "14:45:40",
                "data": {
                    "time": 596.202116
                }
            },
            {
                "time": {
                    "start": "2017-10-24T20:44:06.614Z",
                    "end": "2017-10-24T20:45:42.636Z"
                },
                "type": "SCRUB",
                "source": "data:drag",
                "_t": "14:44:06",
                "_end": "14:45:42",
                "data": {
                    "time": 640.7
                }
            }
        ]
    }
}