{
    "user_id": "036",
    "session_id": "59efacd85efd4d725417b8c5",
    "study": "studyC",
    "workspace": "newrun.run-pink",
    "details": {
        "workspace": "newrun.run-pink",
        "labels": [
            {
                "time": 63.242363,
                "endTime": 74.026178,
                "type": "skip",
                "id": 1
            },
            {
                "time": 138.464523,
                "endTime": 143.262519,
                "type": "run",
                "id": 2
            },
            {
                "time": 276.468043,
                "endTime": 288.81772065041486,
                "type": "skip",
                "id": 3
            },
            {
                "time": 344.553411,
                "endTime": 350.0748906747873,
                "type": "run",
                "id": 4
            },
            {
                "time": 420.819531,
                "endTime": 434.4918733628692,
                "type": "skip",
                "id": 5
            },
            {
                "time": 472.622917,
                "endTime": 477.9619847301053,
                "type": "run",
                "id": 6
            },
            {
                "time": 547.478089,
                "endTime": 561.0422070170246,
                "type": "skip",
                "id": 7
            },
            {
                "time": 595.99867,
                "endTime": 608.8412923777873,
                "type": "skip",
                "id": 8
            }
        ],
        "_starts": [
            "2017-10-24T21:45:26.000Z"
        ],
        "_ends": [
            "2017-10-24T21:47:37.128Z"
        ]
    },
    "labels_file": "/home/ubuntu/vat/data/user-studies/studyC/run-pink/036.labels.json",
    "videoFlash": 3.300376,
    "surveys": {
        "user-info": {
            "firstname": "Alex",
            "lastname": "Powley",
            "email": "alexandrapowley@gmail.com"
        },
        "practice-first": {
            "question1": "2",
            "question2": "ok",
            "question3": "100",
            "question4": "1"
        },
        "practice-second": {},
        "practice-third": {},
        "practice-survey": {},
        "pill-blue": {
            "question1": "2",
            "question2": "2",
            "question3": "30",
            "question4": "100"
        },
        "pill-red": {
            "question1": "-1",
            "question2": "-1",
            "question3": "50",
            "question4": "80"
        },
        "pill-orange": {
            "question1": "0",
            "question2": "1",
            "question3": "50",
            "question4": "90"
        },
        "pills-survey": {
            "question1": "2",
            "question2": "-1",
            "question3": "0",
            "question4": "2"
        },
        "run-blue": {
            "question1": "2",
            "question2": "2",
            "question3": "60",
            "question4": "100"
        },
        "run-yellow": {
            "question1": "2",
            "question2": "2",
            "question3": "90",
            "question4": "100"
        },
        "run-red": {
            "question1": "-2",
            "question2": "2",
            "question3": "20",
            "question4": "50"
        },
        "run-survey": {
            "question1": "2",
            "question2": "-2",
            "question3": "2",
            "question4": "2"
        }
    },
    "logs": {
        "labelEvents": [
            {
                "time": "2017-10-24T21:46:06.573Z",
                "type": "START",
                "source": "hotkey",
                "_t": "15:46:06",
                "_end": "-",
                "data": {
                    "type": "skip",
                    "time": 63.242363
                }
            },
            {
                "time": "2017-10-24T21:46:17.358Z",
                "type": "END",
                "source": "hotkey:ctb",
                "_t": "15:46:17",
                "_end": "-",
                "data": {
                    "lbl": {
                        "time": 63.242363,
                        "endTime": 74.026178,
                        "type": "skip",
                        "id": 1
                    },
                    "key": "enter"
                }
            },
            {
                "time": "2017-10-24T21:46:24.163Z",
                "type": "START",
                "source": "side-bar:button",
                "_t": "15:46:24",
                "_end": "-",
                "data": {
                    "type": "run",
                    "time": 138.464523
                }
            },
            {
                "time": "2017-10-24T21:46:28.958Z",
                "type": "END",
                "source": "hotkey:ctb",
                "_t": "15:46:28",
                "_end": "-",
                "data": {
                    "lbl": {
                        "time": 138.464523,
                        "endTime": 143.262519,
                        "type": "run",
                        "id": 2
                    },
                    "key": "enter"
                }
            },
            {
                "time": "2017-10-24T21:46:40.414Z",
                "type": "START",
                "source": "hotkey",
                "_t": "15:46:40",
                "_end": "-",
                "data": {
                    "type": "skip",
                    "time": 276.468043
                }
            },
            {
                "time": "2017-10-24T21:46:46.687Z",
                "type": "END",
                "source": "data:click:h_pos",
                "_t": "15:46:46",
                "_end": "-",
                "data": {
                    "lbl": {
                        "time": 276.468043,
                        "endTime": 288.81772065041486,
                        "type": "skip",
                        "id": 3
                    }
                }
            },
            {
                "time": "2017-10-24T21:46:51.622Z",
                "type": "START",
                "source": "side-bar:button",
                "_t": "15:46:51",
                "_end": "-",
                "data": {
                    "type": "run",
                    "time": 344.553411
                }
            },
            {
                "time": "2017-10-24T21:46:53.622Z",
                "type": "END",
                "source": "data:click:h_pos",
                "_t": "15:46:53",
                "_end": "-",
                "data": {
                    "lbl": {
                        "time": 344.553411,
                        "endTime": 350.0748906747873,
                        "type": "run",
                        "id": 4
                    }
                }
            },
            {
                "time": "2017-10-24T21:47:00.118Z",
                "type": "START",
                "source": "side-bar:button",
                "_t": "15:47:00",
                "_end": "-",
                "data": {
                    "type": "skip",
                    "time": 420.819531
                }
            },
            {
                "time": "2017-10-24T21:47:02.484Z",
                "type": "END",
                "source": "data:click:h_pos",
                "_t": "15:47:02",
                "_end": "-",
                "data": {
                    "lbl": {
                        "time": 420.819531,
                        "endTime": 434.4918733628692,
                        "type": "skip",
                        "id": 5
                    }
                }
            },
            {
                "time": "2017-10-24T21:47:08.686Z",
                "type": "START",
                "source": "side-bar:button",
                "_t": "15:47:08",
                "_end": "-",
                "data": {
                    "type": "run",
                    "time": 472.622917
                }
            },
            {
                "time": "2017-10-24T21:47:11.254Z",
                "type": "END",
                "source": "data:click:h_pos",
                "_t": "15:47:11",
                "_end": "-",
                "data": {
                    "lbl": {
                        "time": 472.622917,
                        "endTime": 477.9619847301053,
                        "type": "run",
                        "id": 6
                    }
                }
            },
            {
                "time": "2017-10-24T21:47:16.335Z",
                "type": "START",
                "source": "side-bar:button",
                "_t": "15:47:16",
                "_end": "-",
                "data": {
                    "type": "skip",
                    "time": 547.478089
                }
            },
            {
                "time": "2017-10-24T21:47:17.714Z",
                "type": "END",
                "source": "data:click:h_pos",
                "_t": "15:47:17",
                "_end": "-",
                "data": {
                    "lbl": {
                        "time": 547.478089,
                        "endTime": 561.0422070170246,
                        "type": "skip",
                        "id": 7
                    }
                }
            },
            {
                "time": "2017-10-24T21:47:22.854Z",
                "type": "START",
                "source": "side-bar:button",
                "_t": "15:47:22",
                "_end": "-",
                "data": {
                    "type": "skip",
                    "time": 595.99867
                }
            },
            {
                "time": "2017-10-24T21:47:24.561Z",
                "type": "END",
                "source": "data:click:h_pos",
                "_t": "15:47:24",
                "_end": "-",
                "data": {
                    "lbl": {
                        "time": 595.99867,
                        "endTime": 608.8412923777873,
                        "type": "skip",
                        "id": 8
                    }
                }
            }
        ],
        "navigationEvents": [
            {
                "time": {
                    "start": "2017-10-24T21:45:26.069Z",
                    "end": "2017-10-24T21:45:45.773Z"
                },
                "type": "SCRUB",
                "source": "data:drag",
                "_t": "15:45:26",
                "_end": "15:45:45",
                "data": {
                    "time": 62.677334
                }
            },
            {
                "time": {
                    "start": "2017-10-24T21:45:26.069Z",
                    "end": "2017-10-24T21:45:48.005Z"
                },
                "type": "SCRUB",
                "source": "data:drag",
                "_t": "15:45:26",
                "_end": "15:45:48",
                "data": {
                    "time": 51.798812
                }
            },
            {
                "time": {
                    "start": "2017-10-24T21:45:26.069Z",
                    "end": "2017-10-24T21:45:50.893Z"
                },
                "type": "SCRUB",
                "source": "data:drag",
                "_t": "15:45:26",
                "_end": "15:45:50",
                "data": {
                    "time": 62.005401
                }
            },
            {
                "time": {
                    "start": "2017-10-24T21:45:26.069Z",
                    "end": "2017-10-24T21:45:54.434Z"
                },
                "type": "SCRUB",
                "source": "data:drag",
                "_t": "15:45:26",
                "_end": "15:45:54",
                "data": {
                    "time": 10.060102
                }
            },
            {
                "time": {
                    "start": "2017-10-24T21:45:26.069Z",
                    "end": "2017-10-24T21:45:57.417Z"
                },
                "type": "SCRUB",
                "source": "data:drag",
                "_t": "15:45:26",
                "_end": "15:45:57",
                "data": {
                    "time": 3.933542
                }
            },
            {
                "time": "2017-10-24T21:46:00.260Z",
                "type": "PAUSE",
                "source": "video:button",
                "_t": "15:46:00",
                "_end": "-"
            },
            {
                "time": "2017-10-24T21:46:02.101Z",
                "type": "PLAY",
                "source": "video:button",
                "_t": "15:46:02",
                "_end": "-"
            },
            {
                "time": {
                    "start": "2017-10-24T21:45:26.069Z",
                    "end": "2017-10-24T21:46:05.192Z"
                },
                "type": "SCRUB",
                "source": "data:drag",
                "_t": "15:45:26",
                "_end": "15:46:05",
                "data": {
                    "time": 61.868104
                }
            },
            {
                "time": {
                    "start": "2017-10-24T21:45:26.069Z",
                    "end": "2017-10-24T21:46:22.471Z"
                },
                "type": "SCRUB",
                "source": "data:drag",
                "_t": "15:45:26",
                "_end": "15:46:22",
                "data": {
                    "time": 136.771781
                }
            },
            {
                "time": {
                    "start": "2017-10-24T21:45:26.069Z",
                    "end": "2017-10-24T21:46:33.589Z"
                },
                "type": "SCRUB",
                "source": "data:drag",
                "_t": "15:45:26",
                "_end": "15:46:33",
                "data": {
                    "time": 206.968679
                }
            },
            {
                "time": {
                    "start": "2017-10-24T21:45:26.069Z",
                    "end": "2017-10-24T21:46:35.504Z"
                },
                "type": "SCRUB",
                "source": "data:drag",
                "_t": "15:45:26",
                "_end": "15:46:35",
                "data": {
                    "time": 270.39907
                }
            },
            {
                "time": {
                    "start": "2017-10-24T21:45:26.069Z",
                    "end": "2017-10-24T21:46:37.919Z"
                },
                "type": "SCRUB",
                "source": "data:drag",
                "_t": "15:45:26",
                "_end": "15:46:37",
                "data": {
                    "time": 274.105099
                }
            },
            {
                "time": "2017-10-24T21:46:44.582Z",
                "type": "PAUSE",
                "source": "video:button",
                "_t": "15:46:44",
                "_end": "-"
            },
            {
                "time": {
                    "start": "2017-10-24T21:45:26.069Z",
                    "end": "2017-10-24T21:46:46.685Z"
                },
                "type": "SCRUB",
                "source": "data:drag",
                "_t": "15:45:26",
                "_end": "15:46:46",
                "data": {
                    "time": 280.63968
                }
            },
            {
                "time": {
                    "start": "2017-10-24T21:45:26.069Z",
                    "end": "2017-10-24T21:46:50.543Z"
                },
                "type": "SCRUB",
                "source": "data:drag",
                "_t": "15:45:26",
                "_end": "15:46:50",
                "data": {
                    "time": 344.553411
                }
            },
            {
                "time": {
                    "start": "2017-10-24T21:45:26.069Z",
                    "end": "2017-10-24T21:46:53.620Z"
                },
                "type": "SCRUB",
                "source": "data:drag",
                "_t": "15:45:26",
                "_end": "15:46:53",
                "data": {
                    "time": 344.553411
                }
            },
            {
                "time": {
                    "start": "2017-10-24T21:45:26.069Z",
                    "end": "2017-10-24T21:46:55.154Z"
                },
                "type": "SCRUB",
                "source": "data:drag",
                "_t": "15:45:26",
                "_end": "15:46:55",
                "data": {
                    "time": 400.653728
                }
            },
            {
                "time": {
                    "start": "2017-10-24T21:45:26.069Z",
                    "end": "2017-10-24T21:46:58.934Z"
                },
                "type": "SCRUB",
                "source": "data:drag",
                "_t": "15:45:26",
                "_end": "15:46:58",
                "data": {
                    "time": 420.819531
                }
            },
            {
                "time": {
                    "start": "2017-10-24T21:45:26.069Z",
                    "end": "2017-10-24T21:47:02.482Z"
                },
                "type": "SCRUB",
                "source": "data:drag",
                "_t": "15:45:26",
                "_end": "15:47:02",
                "data": {
                    "time": 420.819531
                }
            },
            {
                "time": {
                    "start": "2017-10-24T21:45:26.069Z",
                    "end": "2017-10-24T21:47:05.414Z"
                },
                "type": "SCRUB",
                "source": "data:drag",
                "_t": "15:45:26",
                "_end": "15:47:05",
                "data": {
                    "time": 460.790389
                }
            },
            {
                "time": {
                    "start": "2017-10-24T21:45:26.069Z",
                    "end": "2017-10-24T21:47:07.373Z"
                },
                "type": "SCRUB",
                "source": "data:drag",
                "_t": "15:45:26",
                "_end": "15:47:07",
                "data": {
                    "time": 472.622917
                }
            },
            {
                "time": {
                    "start": "2017-10-24T21:45:26.069Z",
                    "end": "2017-10-24T21:47:11.252Z"
                },
                "type": "SCRUB",
                "source": "data:drag",
                "_t": "15:45:26",
                "_end": "15:47:11",
                "data": {
                    "time": 472.622917
                }
            },
            {
                "time": {
                    "start": "2017-10-24T21:45:26.069Z",
                    "end": "2017-10-24T21:47:12.480Z"
                },
                "type": "SCRUB",
                "source": "data:drag",
                "_t": "15:45:26",
                "_end": "15:47:12",
                "data": {
                    "time": 509.31097
                }
            },
            {
                "time": {
                    "start": "2017-10-24T21:45:26.069Z",
                    "end": "2017-10-24T21:47:13.271Z"
                },
                "type": "SCRUB",
                "source": "data:drag",
                "_t": "15:45:26",
                "_end": "15:47:13",
                "data": {
                    "time": 533.3007
                }
            },
            {
                "time": {
                    "start": "2017-10-24T21:45:26.069Z",
                    "end": "2017-10-24T21:47:15.334Z"
                },
                "type": "SCRUB",
                "source": "data:drag",
                "_t": "15:45:26",
                "_end": "15:47:15",
                "data": {
                    "time": 547.478089
                }
            },
            {
                "time": {
                    "start": "2017-10-24T21:45:26.069Z",
                    "end": "2017-10-24T21:47:17.712Z"
                },
                "type": "SCRUB",
                "source": "data:drag",
                "_t": "15:45:26",
                "_end": "15:47:17",
                "data": {
                    "time": 547.478089
                }
            },
            {
                "time": {
                    "start": "2017-10-24T21:45:26.069Z",
                    "end": "2017-10-24T21:47:18.939Z"
                },
                "type": "SCRUB",
                "source": "data:drag",
                "_t": "15:45:26",
                "_end": "15:47:18",
                "data": {
                    "time": 587.01605
                }
            },
            {
                "time": {
                    "start": "2017-10-24T21:45:26.069Z",
                    "end": "2017-10-24T21:47:21.716Z"
                },
                "type": "SCRUB",
                "source": "data:drag",
                "_t": "15:45:26",
                "_end": "15:47:21",
                "data": {
                    "time": 595.99867
                }
            },
            {
                "time": {
                    "start": "2017-10-24T21:45:26.069Z",
                    "end": "2017-10-24T21:47:24.558Z"
                },
                "type": "SCRUB",
                "source": "data:drag",
                "_t": "15:45:26",
                "_end": "15:47:24",
                "data": {
                    "time": 595.99867
                }
            },
            {
                "time": {
                    "start": "2017-10-24T21:45:26.069Z",
                    "end": "2017-10-24T21:47:26.087Z"
                },
                "type": "SCRUB",
                "source": "data:drag",
                "_t": "15:45:26",
                "_end": "15:47:26",
                "data": {
                    "time": 624.750271
                }
            },
            {
                "time": {
                    "start": "2017-10-24T21:45:26.069Z",
                    "end": "2017-10-24T21:47:30.727Z"
                },
                "type": "SCRUB",
                "source": "data:drag",
                "_t": "15:45:26",
                "_end": "15:47:30",
                "data": {
                    "time": 629.403917
                }
            },
            {
                "time": "2017-10-24T21:47:31.641Z",
                "type": "PLAY",
                "source": "video:button",
                "_t": "15:47:31",
                "_end": "-"
            },
            {
                "time": "2017-10-24T21:47:35.862Z",
                "type": "PAUSE",
                "source": "video:button",
                "_t": "15:47:35",
                "_end": "-"
            }
        ]
    }
}