{
    "user_id": "042",
    "session_id": "59eff3015efd4d725417b901",
    "study": "studyC",
    "workspace": "newrun.run-pink",
    "details": {
        "workspace": "newrun.run-pink",
        "labels": [
            {
                "time": 63.16892623577606,
                "endTime": 73.899349,
                "type": "skip",
                "id": 1
            },
            {
                "time": 138.3860632520339,
                "endTime": 142.657397,
                "type": "run",
                "id": 2
            },
            {
                "time": 276.3188746178742,
                "endTime": 288.091086,
                "type": "skip",
                "id": 3
            },
            {
                "time": 421.12749115445877,
                "endTime": 433.681044,
                "type": "skip",
                "id": 5
            },
            {
                "time": 472.90438492683313,
                "endTime": 477.748702,
                "type": "run",
                "id": 6
            },
            {
                "time": 547.5485388617988,
                "endTime": 560.25836,
                "type": "skip",
                "id": 7
            },
            {
                "time": 596.2521561707415,
                "endTime": 608.441083,
                "type": "skip",
                "id": 8
            },
            {
                "time": 344.8164692520321,
                "endTime": 348.775266,
                "type": "run",
                "id": 9
            }
        ],
        "_starts": [
            "2017-10-25T02:46:40.000Z"
        ],
        "_ends": [
            "2017-10-25T02:49:22.324Z"
        ]
    },
    "labels_file": "/home/ubuntu/vat/data/user-studies/studyC/run-pink/042.labels.json",
    "videoFlash": 3.300376,
    "surveys": {
        "user-info": {
            "firstname": "Trevor",
            "lastname": "Casper",
            "email": "thetrevorcasper@gmail.com"
        },
        "practice-first": {
            "question1": "2",
            "question2": "ok",
            "question3": "50",
            "question4": "2"
        },
        "practice-second": {},
        "practice-third": {},
        "practice-survey": {},
        "pill-blue": {
            "question1": "2",
            "question2": "2",
            "question3": "100",
            "question4": "80"
        },
        "pill-red": {
            "question1": "-1",
            "question2": "1",
            "question3": "100",
            "question4": "90"
        },
        "pill-orange": {
            "question1": "-2",
            "question2": "1",
            "question3": "30",
            "question4": "60"
        },
        "pills-survey": {
            "question1": "2",
            "question2": "0",
            "question3": "1",
            "question4": "1"
        },
        "run-blue": {
            "question1": "2",
            "question2": "1",
            "question3": "100",
            "question4": "80"
        },
        "run-yellow": {
            "question1": "1",
            "question2": "2",
            "question3": "100",
            "question4": "100"
        },
        "run-red": {
            "question1": "-1",
            "question2": "1",
            "question3": "40",
            "question4": "50"
        },
        "run-survey": {
            "question1": "0",
            "question2": "0",
            "question3": "1",
            "question4": "1"
        }
    },
    "logs": {
        "labelEvents": [
            {
                "time": "2017-10-25T02:47:07.453Z",
                "type": "START",
                "source": "hotkey",
                "_t": "20:47:07",
                "_end": "-",
                "data": {
                    "type": "skip",
                    "time": 73.899349
                }
            },
            {
                "time": "2017-10-25T02:47:09.603Z",
                "type": "END",
                "source": "data:click:h_pos",
                "_t": "20:47:09",
                "_end": "-",
                "data": {
                    "lbl": {
                        "time": 63.16892623577606,
                        "endTime": 73.899349,
                        "type": "skip",
                        "id": 1
                    }
                }
            },
            {
                "time": "2017-10-25T02:47:14.681Z",
                "type": "START",
                "source": "hotkey",
                "_t": "20:47:14",
                "_end": "-",
                "data": {
                    "type": "run",
                    "time": 142.657397
                }
            },
            {
                "time": "2017-10-25T02:47:22.027Z",
                "type": "END",
                "source": "data:click:h_pos",
                "_t": "20:47:22",
                "_end": "-",
                "data": {
                    "lbl": {
                        "time": 138.3860632520339,
                        "endTime": 142.657397,
                        "type": "run",
                        "id": 2
                    }
                }
            },
            {
                "time": "2017-10-25T02:47:29.866Z",
                "type": "START",
                "source": "hotkey",
                "_t": "20:47:29",
                "_end": "-",
                "data": {
                    "type": "skip",
                    "time": 288.091086
                }
            },
            {
                "time": "2017-10-25T02:47:32.491Z",
                "type": "END",
                "source": "data:click:h_pos",
                "_t": "20:47:32",
                "_end": "-",
                "data": {
                    "lbl": {
                        "time": 276.3188746178742,
                        "endTime": 288.091086,
                        "type": "skip",
                        "id": 3
                    }
                }
            },
            {
                "time": "2017-10-25T02:47:42.522Z",
                "type": "START",
                "source": "hotkey",
                "_t": "20:47:42",
                "_end": "-",
                "data": {
                    "type": "run",
                    "time": 349.087809
                }
            },
            {
                "time": "2017-10-25T02:47:45.635Z",
                "type": "END",
                "source": "data:click:h_pos",
                "_t": "20:47:45",
                "_end": "-",
                "data": {
                    "lbl": {
                        "time": 344.608117943093,
                        "endTime": 349.087809,
                        "type": "run",
                        "id": 4
                    }
                }
            },
            {
                "time": "2017-10-25T02:47:54.296Z",
                "type": "START",
                "source": "hotkey",
                "_t": "20:47:54",
                "_end": "-",
                "data": {
                    "type": "skip",
                    "time": 433.681044
                }
            },
            {
                "time": "2017-10-25T02:47:55.708Z",
                "type": "END",
                "source": "data:click:h_pos",
                "_t": "20:47:55",
                "_end": "-",
                "data": {
                    "lbl": {
                        "time": 421.12749115445877,
                        "endTime": 433.681044,
                        "type": "skip",
                        "id": 5
                    }
                }
            },
            {
                "time": "2017-10-25T02:48:03.466Z",
                "type": "START",
                "source": "hotkey",
                "_t": "20:48:03",
                "_end": "-",
                "data": {
                    "type": "run",
                    "time": 477.748702
                }
            },
            {
                "time": "2017-10-25T02:48:05.115Z",
                "type": "END",
                "source": "data:click:h_pos",
                "_t": "20:48:05",
                "_end": "-",
                "data": {
                    "lbl": {
                        "time": 472.90438492683313,
                        "endTime": 477.748702,
                        "type": "run",
                        "id": 6
                    }
                }
            },
            {
                "time": "2017-10-25T02:48:13.625Z",
                "type": "START",
                "source": "hotkey",
                "_t": "20:48:13",
                "_end": "-",
                "data": {
                    "type": "skip",
                    "time": 560.25836
                }
            },
            {
                "time": "2017-10-25T02:48:16.724Z",
                "type": "END",
                "source": "data:click:h_pos",
                "_t": "20:48:16",
                "_end": "-",
                "data": {
                    "lbl": {
                        "time": 547.5485388617988,
                        "endTime": 560.25836,
                        "type": "skip",
                        "id": 7
                    }
                }
            },
            {
                "time": "2017-10-25T02:48:23.131Z",
                "type": "START",
                "source": "hotkey",
                "_t": "20:48:23",
                "_end": "-",
                "data": {
                    "type": "skip",
                    "time": 608.441083
                }
            },
            {
                "time": "2017-10-25T02:48:25.220Z",
                "type": "END",
                "source": "data:click:h_pos",
                "_t": "20:48:25",
                "_end": "-",
                "data": {
                    "lbl": {
                        "time": 596.2521561707415,
                        "endTime": 608.441083,
                        "type": "skip",
                        "id": 8
                    }
                }
            },
            {
                "time": "2017-10-25T02:48:51.612Z",
                "type": "SELECT",
                "source": "data:click",
                "_t": "20:48:51",
                "_end": "-",
                "data": {
                    "time": 344.608117943093,
                    "endTime": 349.087809,
                    "type": "run",
                    "id": 4
                }
            },
            {
                "time": "2017-10-25T02:48:53.305Z",
                "type": "DELETE",
                "source": "side-bar:button",
                "_t": "20:48:53",
                "_end": "-",
                "data": {
                    "id": 4,
                    "idx": 3
                }
            },
            {
                "time": "2017-10-25T02:49:01.195Z",
                "type": "START",
                "source": "hotkey",
                "_t": "20:49:01",
                "_end": "-",
                "data": {
                    "type": "run",
                    "time": 348.775266
                }
            },
            {
                "time": "2017-10-25T02:49:04.204Z",
                "type": "END",
                "source": "data:click:h_pos",
                "_t": "20:49:04",
                "_end": "-",
                "data": {
                    "lbl": {
                        "time": 344.8164692520321,
                        "endTime": 348.775266,
                        "type": "run",
                        "id": 9
                    }
                }
            }
        ],
        "navigationEvents": [
            {
                "time": {
                    "start": "2017-10-25T02:46:40.445Z",
                    "end": "2017-10-25T02:47:00.398Z"
                },
                "type": "SCRUB",
                "source": "data:drag",
                "_t": "20:46:40",
                "_end": "20:47:00",
                "data": {
                    "time": 72.969008
                }
            },
            {
                "time": "2017-10-25T02:47:01.833Z",
                "type": "PAUSE",
                "source": "hotkey",
                "_t": "20:47:01",
                "_end": "-",
                "data": {
                    "key": "space"
                }
            },
            {
                "time": {
                    "start": "2017-10-25T02:46:40.445Z",
                    "end": "2017-10-25T02:47:06.296Z"
                },
                "type": "SCRUB",
                "source": "data:drag",
                "_t": "20:46:40",
                "_end": "20:47:06",
                "data": {
                    "time": 73.899349
                }
            },
            {
                "time": {
                    "start": "2017-10-25T02:46:40.445Z",
                    "end": "2017-10-25T02:47:09.601Z"
                },
                "type": "SCRUB",
                "source": "data:drag",
                "_t": "20:46:40",
                "_end": "20:47:09",
                "data": {
                    "time": 73.899349
                }
            },
            {
                "time": {
                    "start": "2017-10-25T02:46:40.445Z",
                    "end": "2017-10-25T02:47:14.285Z"
                },
                "type": "SCRUB",
                "source": "data:drag",
                "_t": "20:46:40",
                "_end": "20:47:14",
                "data": {
                    "time": 142.657397
                }
            },
            {
                "time": {
                    "start": "2017-10-25T02:46:40.445Z",
                    "end": "2017-10-25T02:47:18.816Z"
                },
                "type": "SCRUB",
                "source": "data:drag",
                "_t": "20:46:40",
                "_end": "20:47:18",
                "data": {
                    "time": 142.34486
                }
            },
            {
                "time": {
                    "start": "2017-10-25T02:46:40.445Z",
                    "end": "2017-10-25T02:47:22.025Z"
                },
                "type": "SCRUB",
                "source": "data:drag",
                "_t": "20:46:40",
                "_end": "20:47:22",
                "data": {
                    "time": 142.34486
                }
            },
            {
                "time": {
                    "start": "2017-10-25T02:46:40.445Z",
                    "end": "2017-10-25T02:47:23.941Z"
                },
                "type": "SCRUB",
                "source": "data:drag",
                "_t": "20:46:40",
                "_end": "20:47:23",
                "data": {
                    "time": 239.022843
                }
            },
            {
                "time": {
                    "start": "2017-10-25T02:46:40.445Z",
                    "end": "2017-10-25T02:47:28.913Z"
                },
                "type": "SCRUB",
                "source": "data:drag",
                "_t": "20:46:40",
                "_end": "20:47:28",
                "data": {
                    "time": 288.091086
                }
            },
            {
                "time": {
                    "start": "2017-10-25T02:46:40.445Z",
                    "end": "2017-10-25T02:47:32.489Z"
                },
                "type": "SCRUB",
                "source": "data:drag",
                "_t": "20:46:40",
                "_end": "20:47:32",
                "data": {
                    "time": 288.091086
                }
            },
            {
                "time": {
                    "start": "2017-10-25T02:46:40.445Z",
                    "end": "2017-10-25T02:47:37.993Z"
                },
                "type": "SCRUB",
                "source": "data:drag",
                "_t": "20:46:40",
                "_end": "20:47:37",
                "data": {
                    "time": 349.087809
                }
            },
            {
                "time": {
                    "start": "2017-10-25T02:46:40.445Z",
                    "end": "2017-10-25T02:47:45.633Z"
                },
                "type": "SCRUB",
                "source": "data:drag",
                "_t": "20:46:40",
                "_end": "20:47:45",
                "data": {
                    "time": 349.087809
                }
            },
            {
                "time": {
                    "start": "2017-10-25T02:46:40.445Z",
                    "end": "2017-10-25T02:47:50.584Z"
                },
                "type": "SCRUB",
                "source": "data:drag",
                "_t": "20:46:40",
                "_end": "20:47:50",
                "data": {
                    "time": 433.681044
                }
            },
            {
                "time": {
                    "start": "2017-10-25T02:46:40.445Z",
                    "end": "2017-10-25T02:47:55.705Z"
                },
                "type": "SCRUB",
                "source": "data:drag",
                "_t": "20:46:40",
                "_end": "20:47:55",
                "data": {
                    "time": 433.681044
                }
            },
            {
                "time": {
                    "start": "2017-10-25T02:46:40.445Z",
                    "end": "2017-10-25T02:48:01.666Z"
                },
                "type": "SCRUB",
                "source": "data:drag",
                "_t": "20:46:40",
                "_end": "20:48:01",
                "data": {
                    "time": 477.748702
                }
            },
            {
                "time": {
                    "start": "2017-10-25T02:46:40.445Z",
                    "end": "2017-10-25T02:48:05.113Z"
                },
                "type": "SCRUB",
                "source": "data:drag",
                "_t": "20:46:40",
                "_end": "20:48:05",
                "data": {
                    "time": 477.748702
                }
            },
            {
                "time": {
                    "start": "2017-10-25T02:46:40.445Z",
                    "end": "2017-10-25T02:48:12.273Z"
                },
                "type": "SCRUB",
                "source": "data:drag",
                "_t": "20:46:40",
                "_end": "20:48:12",
                "data": {
                    "time": 560.25836
                }
            },
            {
                "time": {
                    "start": "2017-10-25T02:46:40.445Z",
                    "end": "2017-10-25T02:48:16.721Z"
                },
                "type": "SCRUB",
                "source": "data:drag",
                "_t": "20:46:40",
                "_end": "20:48:16",
                "data": {
                    "time": 560.25836
                }
            },
            {
                "time": {
                    "start": "2017-10-25T02:46:40.445Z",
                    "end": "2017-10-25T02:48:22.873Z"
                },
                "type": "SCRUB",
                "source": "data:drag",
                "_t": "20:46:40",
                "_end": "20:48:22",
                "data": {
                    "time": 608.441083
                }
            },
            {
                "time": {
                    "start": "2017-10-25T02:46:40.445Z",
                    "end": "2017-10-25T02:48:25.217Z"
                },
                "type": "SCRUB",
                "source": "data:drag",
                "_t": "20:46:40",
                "_end": "20:48:25",
                "data": {
                    "time": 608.441083
                }
            },
            {
                "time": {
                    "start": "2017-10-25T02:46:40.445Z",
                    "end": "2017-10-25T02:48:28.018Z"
                },
                "type": "SCRUB",
                "source": "data:drag",
                "_t": "20:46:40",
                "_end": "20:48:28",
                "data": {
                    "time": 617.973448
                }
            },
            {
                "time": {
                    "start": "2017-10-25T02:46:40.445Z",
                    "end": "2017-10-25T02:48:35.236Z"
                },
                "type": "SCRUB",
                "source": "data:drag",
                "_t": "20:46:40",
                "_end": "20:48:35",
                "data": {
                    "time": 552.601212
                }
            },
            {
                "time": {
                    "start": "2017-10-25T02:46:40.445Z",
                    "end": "2017-10-25T02:48:38.042Z"
                },
                "type": "SCRUB",
                "source": "data:drag",
                "_t": "20:46:40",
                "_end": "20:48:38",
                "data": {
                    "time": 488.374943
                }
            },
            {
                "time": {
                    "start": "2017-10-25T02:46:40.445Z",
                    "end": "2017-10-25T02:48:40.440Z"
                },
                "type": "SCRUB",
                "source": "data:drag",
                "_t": "20:46:40",
                "_end": "20:48:40",
                "data": {
                    "time": 446.130414
                }
            },
            {
                "time": {
                    "start": "2017-10-25T02:46:40.445Z",
                    "end": "2017-10-25T02:48:44.170Z"
                },
                "type": "SCRUB",
                "source": "data:drag",
                "_t": "20:46:40",
                "_end": "20:48:44",
                "data": {
                    "time": 391.436511
                }
            },
            {
                "time": {
                    "start": "2017-10-25T02:46:40.445Z",
                    "end": "2017-10-25T02:48:45.954Z"
                },
                "type": "SCRUB",
                "source": "data:drag",
                "_t": "20:46:40",
                "_end": "20:48:45",
                "data": {
                    "time": 382.529218
                }
            },
            {
                "time": {
                    "start": "2017-10-25T02:46:40.445Z",
                    "end": "2017-10-25T02:48:50.698Z"
                },
                "type": "SCRUB",
                "source": "data:drag",
                "_t": "20:46:40",
                "_end": "20:48:50",
                "data": {
                    "time": 366.225226
                }
            },
            {
                "time": {
                    "start": "2017-10-25T02:46:40.445Z",
                    "end": "2017-10-25T02:48:51.609Z"
                },
                "type": "SCRUB",
                "source": "data:drag",
                "_t": "20:46:40",
                "_end": "20:48:51",
                "data": {
                    "time": 366.225226
                }
            },
            {
                "time": {
                    "start": "2017-10-25T02:46:40.445Z",
                    "end": "2017-10-25T02:48:59.250Z"
                },
                "type": "SCRUB",
                "source": "data:drag",
                "_t": "20:46:40",
                "_end": "20:48:59",
                "data": {
                    "time": 348.775266
                }
            },
            {
                "time": {
                    "start": "2017-10-25T02:46:40.445Z",
                    "end": "2017-10-25T02:49:04.202Z"
                },
                "type": "SCRUB",
                "source": "data:drag",
                "_t": "20:46:40",
                "_end": "20:49:04",
                "data": {
                    "time": 348.775266
                }
            },
            {
                "time": {
                    "start": "2017-10-25T02:46:40.445Z",
                    "end": "2017-10-25T02:49:10.613Z"
                },
                "type": "SCRUB",
                "source": "data:drag",
                "_t": "20:46:40",
                "_end": "20:49:10",
                "data": {
                    "time": 354.713461
                }
            },
            {
                "time": {
                    "start": "2017-10-25T02:46:40.445Z",
                    "end": "2017-10-25T02:49:13.425Z"
                },
                "type": "SCRUB",
                "source": "data:drag",
                "_t": "20:46:40",
                "_end": "20:49:13",
                "data": {
                    "time": 407.584233
                }
            },
            {
                "time": {
                    "start": "2017-10-25T02:46:40.445Z",
                    "end": "2017-10-25T02:49:17.066Z"
                },
                "type": "SCRUB",
                "source": "data:drag",
                "_t": "20:46:40",
                "_end": "20:49:17",
                "data": {
                    "time": 468.685135
                }
            },
            {
                "time": {
                    "start": "2017-10-25T02:46:40.445Z",
                    "end": "2017-10-25T02:49:20.966Z"
                },
                "type": "SCRUB",
                "source": "data:drag",
                "_t": "20:46:40",
                "_end": "20:49:20",
                "data": {
                    "time": 563.800435
                }
            }
        ]
    }
}