{
    "user_id": "045",
    "session_id": "5a788239ee2b1975ba835b70",
    "study": "studyC",
    "workspace": "newrun.Run-thurs-five-fixed-finally",
    "details": {
        "workspace": "newrun.Run-thurs-five-fixed-finally",
        "labels": [
            {
                "time": 32.059151,
                "endTime": 37.92766904878047,
                "type": "skip",
                "id": 1
            },
            {
                "time": 62.983132,
                "endTime": 66.89547736585357,
                "type": "run",
                "id": 2
            },
            {
                "time": 127.670669,
                "endTime": 135.76705038211273,
                "type": "skip",
                "id": 3
            },
            {
                "time": 201.924887,
                "endTime": 210.29295903252103,
                "type": "skip",
                "id": 4
            },
            {
                "time": 279.356722,
                "endTime": 282.834362325202,
                "type": "run",
                "id": 5
            },
            {
                "time": 475.588771,
                "endTime": 479.5011163658506,
                "type": "run",
                "id": 6
            },
            {
                "time": 543.837462,
                "endTime": 547.8041454959387,
                "type": "run",
                "id": 7
            },
            {
                "time": 599.240881,
                "endTime": 608.1523343333263,
                "type": "skip",
                "id": 8
            }
        ],
        "_starts": [
            "2018-02-05T16:30:41.000Z"
        ],
        "_ends": [
            "2018-02-05T16:33:32.041Z"
        ]
    },
    "labels_file": "/home/ubuntu/vat/data/user-studies/studyC/run-blue/045.labels.json",
    "videoFlash": 3.929378,
    "surveys": {
        "user-info": {
            "firstname": "Marci",
            "lastname": "Hepner",
            "email": "mar.hepner@gmail.com"
        },
        "practice-first": {
            "question1": "3",
            "question2": "ok",
            "question3": "90",
            "question4": "5"
        },
        "practice-second": {},
        "practice-third": {},
        "practice-survey": {},
        "pill-blue": {
            "question1": "5",
            "question2": "5",
            "question3": "100",
            "question4": "10"
        },
        "pill-red": {
            "question1": "5",
            "question2": "5",
            "question3": "100",
            "question4": "0"
        },
        "pill-orange": {
            "question1": "2",
            "question2": "5",
            "question3": "70",
            "question4": "10"
        },
        "pills-survey": {
            "question1": "5",
            "question2": "2",
            "question3": "5",
            "question4": "5"
        }
    },
    "logs": {
        "labelEvents": [
            {
                "time": "2018-02-05T16:31:20.053Z",
                "type": "START",
                "source": "side-bar:button",
                "_t": "09:31:20",
                "_end": "-",
                "data": {
                    "type": "skip",
                    "time": 32.059151
                }
            },
            {
                "time": "2018-02-05T16:31:24.804Z",
                "type": "END",
                "source": "data:click:h_pos",
                "_t": "09:31:24",
                "_end": "-",
                "data": {
                    "lbl": {
                        "time": 32.059151,
                        "endTime": 37.92766904878047,
                        "type": "skip",
                        "id": 1
                    }
                }
            },
            {
                "time": "2018-02-05T16:31:42.709Z",
                "type": "START",
                "source": "side-bar:button",
                "_t": "09:31:42",
                "_end": "-",
                "data": {
                    "type": "run",
                    "time": 62.983132
                }
            },
            {
                "time": "2018-02-05T16:31:44.864Z",
                "type": "END",
                "source": "data:click:h_pos",
                "_t": "09:31:44",
                "_end": "-",
                "data": {
                    "lbl": {
                        "time": 62.983132,
                        "endTime": 66.89547736585357,
                        "type": "run",
                        "id": 2
                    }
                }
            },
            {
                "time": "2018-02-05T16:31:55.693Z",
                "type": "START",
                "source": "side-bar:button",
                "_t": "09:31:55",
                "_end": "-",
                "data": {
                    "type": "skip",
                    "time": 127.670669
                }
            },
            {
                "time": "2018-02-05T16:32:01.382Z",
                "type": "END",
                "source": "data:click:h_pos",
                "_t": "09:32:01",
                "_end": "-",
                "data": {
                    "lbl": {
                        "time": 127.670669,
                        "endTime": 135.76705038211273,
                        "type": "skip",
                        "id": 3
                    }
                }
            },
            {
                "time": "2018-02-05T16:32:23.558Z",
                "type": "START",
                "source": "side-bar:button",
                "_t": "09:32:23",
                "_end": "-",
                "data": {
                    "type": "skip",
                    "time": 201.924887
                }
            },
            {
                "time": "2018-02-05T16:32:27.797Z",
                "type": "END",
                "source": "data:click:h_pos",
                "_t": "09:32:27",
                "_end": "-",
                "data": {
                    "lbl": {
                        "time": 201.924887,
                        "endTime": 210.29295903252103,
                        "type": "skip",
                        "id": 4
                    }
                }
            },
            {
                "time": "2018-02-05T16:32:36.687Z",
                "type": "START",
                "source": "side-bar:button",
                "_t": "09:32:36",
                "_end": "-",
                "data": {
                    "type": "run",
                    "time": 279.356722
                }
            },
            {
                "time": "2018-02-05T16:32:40.002Z",
                "type": "END",
                "source": "data:click:h_pos",
                "_t": "09:32:40",
                "_end": "-",
                "data": {
                    "lbl": {
                        "time": 279.356722,
                        "endTime": 282.834362325202,
                        "type": "run",
                        "id": 5
                    }
                }
            },
            {
                "time": "2018-02-05T16:32:54.030Z",
                "type": "START",
                "source": "side-bar:button",
                "_t": "09:32:54",
                "_end": "-",
                "data": {
                    "type": "run",
                    "time": 475.588771
                }
            },
            {
                "time": "2018-02-05T16:32:56.085Z",
                "type": "END",
                "source": "data:click:h_pos",
                "_t": "09:32:56",
                "_end": "-",
                "data": {
                    "lbl": {
                        "time": 475.588771,
                        "endTime": 479.5011163658506,
                        "type": "run",
                        "id": 6
                    }
                }
            },
            {
                "time": "2018-02-05T16:33:02.230Z",
                "type": "START",
                "source": "side-bar:button",
                "_t": "09:33:02",
                "_end": "-",
                "data": {
                    "type": "run",
                    "time": 543.837462
                }
            },
            {
                "time": "2018-02-05T16:33:04.082Z",
                "type": "END",
                "source": "data:click:h_pos",
                "_t": "09:33:04",
                "_end": "-",
                "data": {
                    "lbl": {
                        "time": 543.837462,
                        "endTime": 547.8041454959387,
                        "type": "run",
                        "id": 7
                    }
                }
            },
            {
                "time": "2018-02-05T16:33:19.070Z",
                "type": "START",
                "source": "side-bar:button",
                "_t": "09:33:19",
                "_end": "-",
                "data": {
                    "type": "skip",
                    "time": 599.240881
                }
            },
            {
                "time": "2018-02-05T16:33:22.459Z",
                "type": "END",
                "source": "data:click:h_pos",
                "_t": "09:33:22",
                "_end": "-",
                "data": {
                    "lbl": {
                        "time": 599.240881,
                        "endTime": 608.1523343333263,
                        "type": "skip",
                        "id": 8
                    }
                }
            }
        ],
        "navigationEvents": [
            {
                "time": {
                    "start": "2018-02-05T16:31:05.205Z",
                    "end": "2018-02-05T16:31:05.326Z"
                },
                "type": "SCRUB",
                "source": "video:drag",
                "_t": "09:31:05",
                "_end": "09:31:05",
                "data": {
                    "to": 41.341793,
                    "from": 12.899999
                }
            },
            {
                "time": "2018-02-05T16:31:06.884Z",
                "type": "PAUSE",
                "source": "video:button",
                "_t": "09:31:06",
                "_end": "-"
            },
            {
                "time": {
                    "start": "2018-02-05T16:31:07.768Z",
                    "end": "2018-02-05T16:31:07.893Z"
                },
                "type": "SCRUB",
                "source": "video:drag",
                "_t": "09:31:07",
                "_end": "09:31:07",
                "data": {
                    "to": 24.116046,
                    "from": 42.820195
                }
            },
            {
                "time": "2018-02-05T16:31:10.812Z",
                "type": "CHANGE-PLAYBACK-RATE",
                "source": "video:menu",
                "_t": "09:31:10",
                "_end": "-",
                "data": {
                    "oldRate": 1,
                    "newRate": 2
                }
            },
            {
                "time": "2018-02-05T16:31:11.069Z",
                "type": "PLAY",
                "source": "video:button",
                "_t": "09:31:11",
                "_end": "-"
            },
            {
                "time": "2018-02-05T16:31:15.487Z",
                "type": "PAUSE",
                "source": "video:button",
                "_t": "09:31:15",
                "_end": "-"
            },
            {
                "time": {
                    "start": "2018-02-05T16:30:41.479Z",
                    "end": "2018-02-05T16:31:18.757Z"
                },
                "type": "SCRUB",
                "source": "data:drag",
                "_t": "09:30:41",
                "_end": "09:31:18",
                "data": {
                    "time": 32.059151
                }
            },
            {
                "time": {
                    "start": "2018-02-05T16:30:41.479Z",
                    "end": "2018-02-05T16:31:24.802Z"
                },
                "type": "SCRUB",
                "source": "data:drag",
                "_t": "09:30:41",
                "_end": "09:31:24",
                "data": {
                    "time": 32.059151
                }
            },
            {
                "time": "2018-02-05T16:31:25.854Z",
                "type": "PLAY",
                "source": "video:button",
                "_t": "09:31:25",
                "_end": "-"
            },
            {
                "time": "2018-02-05T16:31:29.247Z",
                "type": "PAUSE",
                "source": "video:button",
                "_t": "09:31:29",
                "_end": "-"
            },
            {
                "time": "2018-02-05T16:31:29.997Z",
                "type": "PLAY",
                "source": "video:button",
                "_t": "09:31:29",
                "_end": "-"
            },
            {
                "time": {
                    "start": "2018-02-05T16:30:41.479Z",
                    "end": "2018-02-05T16:31:35.342Z"
                },
                "type": "SCRUB",
                "source": "data:drag",
                "_t": "09:30:41",
                "_end": "09:31:35",
                "data": {
                    "time": 63.595186
                }
            },
            {
                "time": "2018-02-05T16:31:35.848Z",
                "type": "PAUSE",
                "source": "video:button",
                "_t": "09:31:35",
                "_end": "-"
            },
            {
                "time": {
                    "start": "2018-02-05T16:30:41.479Z",
                    "end": "2018-02-05T16:31:38.710Z"
                },
                "type": "SCRUB",
                "source": "data:drag",
                "_t": "09:30:41",
                "_end": "09:31:38",
                "data": {
                    "time": 63.254823
                }
            },
            {
                "time": {
                    "start": "2018-02-05T16:30:41.479Z",
                    "end": "2018-02-05T16:31:41.796Z"
                },
                "type": "SCRUB",
                "source": "data:drag",
                "_t": "09:30:41",
                "_end": "09:31:41",
                "data": {
                    "time": 62.983132
                }
            },
            {
                "time": {
                    "start": "2018-02-05T16:30:41.479Z",
                    "end": "2018-02-05T16:31:44.861Z"
                },
                "type": "SCRUB",
                "source": "data:drag",
                "_t": "09:30:41",
                "_end": "09:31:44",
                "data": {
                    "time": 62.983132
                }
            },
            {
                "time": "2018-02-05T16:31:46.134Z",
                "type": "PLAY",
                "source": "video:button",
                "_t": "09:31:46",
                "_end": "-"
            },
            {
                "time": {
                    "start": "2018-02-05T16:30:41.479Z",
                    "end": "2018-02-05T16:31:47.965Z"
                },
                "type": "SCRUB",
                "source": "data:drag",
                "_t": "09:30:41",
                "_end": "09:31:47",
                "data": {
                    "time": 111.401181
                }
            },
            {
                "time": {
                    "start": "2018-02-05T16:30:41.479Z",
                    "end": "2018-02-05T16:31:51.508Z"
                },
                "type": "SCRUB",
                "source": "data:drag",
                "_t": "09:30:41",
                "_end": "09:31:51",
                "data": {
                    "time": 128.373785
                }
            },
            {
                "time": "2018-02-05T16:31:51.980Z",
                "type": "PAUSE",
                "source": "video:button",
                "_t": "09:31:51",
                "_end": "-"
            },
            {
                "time": {
                    "start": "2018-02-05T16:30:41.479Z",
                    "end": "2018-02-05T16:31:54.613Z"
                },
                "type": "SCRUB",
                "source": "data:drag",
                "_t": "09:30:41",
                "_end": "09:31:54",
                "data": {
                    "time": 127.670669
                }
            },
            {
                "time": {
                    "start": "2018-02-05T16:30:41.479Z",
                    "end": "2018-02-05T16:32:01.380Z"
                },
                "type": "SCRUB",
                "source": "data:drag",
                "_t": "09:30:41",
                "_end": "09:32:01",
                "data": {
                    "time": 127.670669
                }
            },
            {
                "time": "2018-02-05T16:32:02.039Z",
                "type": "PLAY",
                "source": "video:button",
                "_t": "09:32:02",
                "_end": "-"
            },
            {
                "time": "2018-02-05T16:32:06.613Z",
                "type": "PAUSE",
                "source": "video:button",
                "_t": "09:32:06",
                "_end": "-"
            },
            {
                "time": {
                    "start": "2018-02-05T16:30:41.479Z",
                    "end": "2018-02-05T16:32:08.601Z"
                },
                "type": "SCRUB",
                "source": "data:drag",
                "_t": "09:30:41",
                "_end": "09:32:08",
                "data": {
                    "time": 181.229693
                }
            },
            {
                "time": {
                    "start": "2018-02-05T16:30:41.479Z",
                    "end": "2018-02-05T16:32:11.662Z"
                },
                "type": "SCRUB",
                "source": "data:drag",
                "_t": "09:30:41",
                "_end": "09:32:11",
                "data": {
                    "time": 202.258549
                }
            },
            {
                "time": "2018-02-05T16:32:12.183Z",
                "type": "PLAY",
                "source": "video:button",
                "_t": "09:32:12",
                "_end": "-"
            },
            {
                "time": {
                    "start": "2018-02-05T16:30:41.479Z",
                    "end": "2018-02-05T16:32:18.326Z"
                },
                "type": "SCRUB",
                "source": "data:drag",
                "_t": "09:30:41",
                "_end": "09:32:18",
                "data": {
                    "time": 202.462049
                }
            },
            {
                "time": "2018-02-05T16:32:18.571Z",
                "type": "PAUSE",
                "source": "video:button",
                "_t": "09:32:18",
                "_end": "-"
            },
            {
                "time": {
                    "start": "2018-02-05T16:30:41.479Z",
                    "end": "2018-02-05T16:32:21.868Z"
                },
                "type": "SCRUB",
                "source": "data:drag",
                "_t": "09:30:41",
                "_end": "09:32:21",
                "data": {
                    "time": 201.924887
                }
            },
            {
                "time": {
                    "start": "2018-02-05T16:30:41.479Z",
                    "end": "2018-02-05T16:32:27.794Z"
                },
                "type": "SCRUB",
                "source": "data:drag",
                "_t": "09:30:41",
                "_end": "09:32:27",
                "data": {
                    "time": 201.924887
                }
            },
            {
                "time": {
                    "start": "2018-02-05T16:30:41.479Z",
                    "end": "2018-02-05T16:32:32.288Z"
                },
                "type": "SCRUB",
                "source": "data:drag",
                "_t": "09:30:41",
                "_end": "09:32:32",
                "data": {
                    "time": 268.869463
                }
            },
            {
                "time": {
                    "start": "2018-02-05T16:30:41.479Z",
                    "end": "2018-02-05T16:32:34.925Z"
                },
                "type": "SCRUB",
                "source": "data:drag",
                "_t": "09:30:41",
                "_end": "09:32:34",
                "data": {
                    "time": 279.356722
                }
            },
            {
                "time": {
                    "start": "2018-02-05T16:30:41.479Z",
                    "end": "2018-02-05T16:32:40.000Z"
                },
                "type": "SCRUB",
                "source": "data:drag",
                "_t": "09:30:41",
                "_end": "09:32:40",
                "data": {
                    "time": 279.356722
                }
            },
            {
                "time": {
                    "start": "2018-02-05T16:30:41.479Z",
                    "end": "2018-02-05T16:32:41.949Z"
                },
                "type": "SCRUB",
                "source": "data:drag",
                "_t": "09:30:41",
                "_end": "09:32:41",
                "data": {
                    "time": 279.302383
                }
            },
            {
                "time": {
                    "start": "2018-02-05T16:30:41.479Z",
                    "end": "2018-02-05T16:32:43.804Z"
                },
                "type": "SCRUB",
                "source": "data:drag",
                "_t": "09:30:41",
                "_end": "09:32:43",
                "data": {
                    "time": 338.041901
                }
            },
            {
                "time": {
                    "start": "2018-02-05T16:30:41.479Z",
                    "end": "2018-02-05T16:32:44.514Z"
                },
                "type": "SCRUB",
                "source": "data:drag",
                "_t": "09:30:41",
                "_end": "09:32:44",
                "data": {
                    "time": 379.719246
                }
            },
            {
                "time": {
                    "start": "2018-02-05T16:30:41.479Z",
                    "end": "2018-02-05T16:32:45.338Z"
                },
                "type": "SCRUB",
                "source": "data:drag",
                "_t": "09:30:41",
                "_end": "09:32:45",
                "data": {
                    "time": 424.113498
                }
            },
            {
                "time": {
                    "start": "2018-02-05T16:30:41.479Z",
                    "end": "2018-02-05T16:32:47.518Z"
                },
                "type": "SCRUB",
                "source": "data:drag",
                "_t": "09:30:41",
                "_end": "09:32:47",
                "data": {
                    "time": 475.46303
                }
            },
            {
                "time": "2018-02-05T16:32:48.255Z",
                "type": "PLAY",
                "source": "video:button",
                "_t": "09:32:48",
                "_end": "-"
            },
            {
                "time": "2018-02-05T16:32:48.934Z",
                "type": "PAUSE",
                "source": "video:button",
                "_t": "09:32:48",
                "_end": "-"
            },
            {
                "time": {
                    "start": "2018-02-05T16:30:41.479Z",
                    "end": "2018-02-05T16:32:52.734Z"
                },
                "type": "SCRUB",
                "source": "data:drag",
                "_t": "09:30:41",
                "_end": "09:32:52",
                "data": {
                    "time": 475.588771
                }
            },
            {
                "time": {
                    "start": "2018-02-05T16:30:41.479Z",
                    "end": "2018-02-05T16:32:56.082Z"
                },
                "type": "SCRUB",
                "source": "data:drag",
                "_t": "09:30:41",
                "_end": "09:32:56",
                "data": {
                    "time": 475.588771
                }
            },
            {
                "time": {
                    "start": "2018-02-05T16:30:41.479Z",
                    "end": "2018-02-05T16:32:57.470Z"
                },
                "type": "SCRUB",
                "source": "data:drag",
                "_t": "09:30:41",
                "_end": "09:32:57",
                "data": {
                    "time": 534.491304
                }
            },
            {
                "time": {
                    "start": "2018-02-05T16:30:41.479Z",
                    "end": "2018-02-05T16:33:01.086Z"
                },
                "type": "SCRUB",
                "source": "data:drag",
                "_t": "09:30:41",
                "_end": "09:33:01",
                "data": {
                    "time": 543.837462
                }
            },
            {
                "time": {
                    "start": "2018-02-05T16:30:41.479Z",
                    "end": "2018-02-05T16:33:04.080Z"
                },
                "type": "SCRUB",
                "source": "data:drag",
                "_t": "09:30:41",
                "_end": "09:33:04",
                "data": {
                    "time": 543.837462
                }
            },
            {
                "time": "2018-02-05T16:33:05.189Z",
                "type": "PLAY",
                "source": "video:button",
                "_t": "09:33:05",
                "_end": "-"
            },
            {
                "time": "2018-02-05T16:33:07.931Z",
                "type": "PAUSE",
                "source": "video:button",
                "_t": "09:33:07",
                "_end": "-"
            },
            {
                "time": {
                    "start": "2018-02-05T16:30:41.479Z",
                    "end": "2018-02-05T16:33:09.155Z"
                },
                "type": "SCRUB",
                "source": "data:drag",
                "_t": "09:30:41",
                "_end": "09:33:09",
                "data": {
                    "time": 549.304141
                }
            },
            {
                "time": {
                    "start": "2018-02-05T16:30:41.479Z",
                    "end": "2018-02-05T16:33:14.826Z"
                },
                "type": "SCRUB",
                "source": "data:drag",
                "_t": "09:30:41",
                "_end": "09:33:14",
                "data": {
                    "time": 574.354018
                }
            },
            {
                "time": {
                    "start": "2018-02-05T16:30:41.479Z",
                    "end": "2018-02-05T16:33:17.166Z"
                },
                "type": "SCRUB",
                "source": "data:drag",
                "_t": "09:30:41",
                "_end": "09:33:17",
                "data": {
                    "time": 599.240881
                }
            },
            {
                "time": {
                    "start": "2018-02-05T16:30:41.479Z",
                    "end": "2018-02-05T16:33:22.458Z"
                },
                "type": "SCRUB",
                "source": "data:drag",
                "_t": "09:30:41",
                "_end": "09:33:22",
                "data": {
                    "time": 599.240881
                }
            },
            {
                "time": "2018-02-05T16:33:23.040Z",
                "type": "PLAY",
                "source": "video:button",
                "_t": "09:33:23",
                "_end": "-"
            },
            {
                "time": {
                    "start": "2018-02-05T16:30:41.479Z",
                    "end": "2018-02-05T16:33:29.833Z"
                },
                "type": "SCRUB",
                "source": "data:drag",
                "_t": "09:30:41",
                "_end": "09:33:29",
                "data": {
                    "time": 647.060168
                }
            }
        ]
    }
}