{
    "user_id": "047",
    "session_id": "5a7882a2ee2b1975ba835b74",
    "study": "studyC",
    "workspace": "newrun.Run-thurs-five-fixed-finally",
    "details": {
        "workspace": "newrun.Run-thurs-five-fixed-finally",
        "labels": [
            {
                "time": 31.800874048780486,
                "endTime": 38.06190834959351,
                "type": "skip",
                "id": 1
            },
            {
                "time": 63.091738,
                "endTime": 67.05842149593485,
                "type": "run",
                "id": 2
            },
            {
                "time": 127.669682,
                "endTime": 136.25510655284623,
                "type": "skip",
                "id": 3
            },
            {
                "time": 201.939286,
                "endTime": 210.36169616260236,
                "type": "skip",
                "id": 4
            },
            {
                "time": 279.160632,
                "endTime": 283.3446680162605,
                "type": "run",
                "id": 5
            },
            {
                "time": 475.542393,
                "endTime": 479.6177527561015,
                "type": "run",
                "id": 6
            },
            {
                "time": 543.573731,
                "endTime": 548.1924720569149,
                "type": "run",
                "id": 7
            },
            {
                "time": 599.324978,
                "endTime": 608.4537838536354,
                "type": "skip",
                "id": 8
            }
        ],
        "_starts": [
            "2018-02-05T16:33:11.000Z"
        ],
        "_ends": [
            "2018-02-05T16:36:17.709Z"
        ]
    },
    "labels_file": "/home/ubuntu/vat/data/user-studies/studyC/run-blue/047.labels.json",
    "videoFlash": 3.929378,
    "surveys": {
        "user-info": {
            "firstname": "susan",
            "lastname": "routson",
            "email": "susanroutson@gmail.com"
        },
        "practice-first": {
            "question1": "4",
            "question2": "ok",
            "question3": "30",
            "question4": "5"
        },
        "practice-second": {},
        "practice-third": {},
        "practice-survey": {},
        "pill-blue": {
            "question1": "5",
            "question2": "5",
            "question3": "40",
            "question4": "0"
        },
        "pill-red": {
            "question1": "2",
            "question2": "4",
            "question3": "100",
            "question4": "50"
        },
        "pill-orange": {
            "question1": "4",
            "question2": "4",
            "question3": "30",
            "question4": "90"
        },
        "pills-survey": {
            "question1": "5",
            "question2": "4",
            "question3": "4",
            "question4": "2"
        }
    },
    "logs": {
        "labelEvents": [
            {
                "time": "2018-02-05T16:33:49.461Z",
                "type": "START",
                "source": "side-bar:button",
                "_t": "09:33:49",
                "_end": "-",
                "data": {
                    "type": "skip",
                    "time": 32.615946
                }
            },
            {
                "time": "2018-02-05T16:33:55.185Z",
                "type": "END",
                "source": "side-bar:button:ctb",
                "_t": "09:33:55",
                "_end": "-",
                "data": {
                    "lbl": {
                        "time": 31.800874048780486,
                        "endTime": 38.06190834959351,
                        "type": "skip",
                        "id": 1
                    }
                }
            },
            {
                "time": "2018-02-05T16:34:01.389Z",
                "type": "SELECT",
                "source": "data:click",
                "_t": "09:34:01",
                "_end": "-",
                "data": {
                    "time": 31.800874048780486,
                    "endTime": 38.06190834959351,
                    "type": "skip",
                    "id": 1
                }
            },
            {
                "time": {
                    "start": "2018-02-05T16:34:02.198Z",
                    "end": "2018-02-05T16:34:03.782Z"
                },
                "type": "RESIZE",
                "source": "data:brush",
                "_t": "09:34:02",
                "_end": "09:34:03",
                "data": {
                    "brushing": true,
                    "origin": [
                        32.615946,
                        38.333599
                    ],
                    "_brushside": 0,
                    "start": "2018-02-05T16:34:02.198Z",
                    "ε": 0.1,
                    "mode": "resize"
                }
            },
            {
                "time": {
                    "start": "2018-02-05T16:34:04.982Z",
                    "end": "2018-02-05T16:34:06.237Z"
                },
                "type": "RESIZE",
                "source": "data:brush",
                "_t": "09:34:04",
                "_end": "09:34:06",
                "data": {
                    "brushing": true,
                    "origin": [
                        31.800874048780486,
                        38.333599
                    ],
                    "_brushside": 1,
                    "start": "2018-02-05T16:34:04.982Z",
                    "ε": 0.1,
                    "mode": "resize"
                }
            },
            {
                "time": "2018-02-05T16:34:22.724Z",
                "type": "DESELECT",
                "source": "data:click",
                "_t": "09:34:22",
                "_end": "-",
                "data": {
                    "time": 31.800874048780486,
                    "endTime": 38.06190834959351,
                    "type": "skip",
                    "id": 1
                }
            },
            {
                "time": "2018-02-05T16:34:34.422Z",
                "type": "START",
                "source": "side-bar:button",
                "_t": "09:34:34",
                "_end": "-",
                "data": {
                    "type": "run",
                    "time": 63.091738
                }
            },
            {
                "time": "2018-02-05T16:34:37.838Z",
                "type": "END",
                "source": "data:click:h_pos",
                "_t": "09:34:37",
                "_end": "-",
                "data": {
                    "lbl": {
                        "time": 63.091738,
                        "endTime": 67.05842149593485,
                        "type": "run",
                        "id": 2
                    }
                }
            },
            {
                "time": "2018-02-05T16:34:53.190Z",
                "type": "START",
                "source": "side-bar:button",
                "_t": "09:34:53",
                "_end": "-",
                "data": {
                    "type": "skip",
                    "time": 127.669682
                }
            },
            {
                "time": "2018-02-05T16:34:55.851Z",
                "type": "END",
                "source": "data:click:h_pos",
                "_t": "09:34:55",
                "_end": "-",
                "data": {
                    "lbl": {
                        "time": 127.669682,
                        "endTime": 136.25510655284623,
                        "type": "skip",
                        "id": 3
                    }
                }
            },
            {
                "time": "2018-02-05T16:35:06.295Z",
                "type": "START",
                "source": "side-bar:button",
                "_t": "09:35:06",
                "_end": "-",
                "data": {
                    "type": "skip",
                    "time": 201.939286
                }
            },
            {
                "time": "2018-02-05T16:35:08.826Z",
                "type": "END",
                "source": "data:click:h_pos",
                "_t": "09:35:08",
                "_end": "-",
                "data": {
                    "lbl": {
                        "time": 201.939286,
                        "endTime": 210.36169616260236,
                        "type": "skip",
                        "id": 4
                    }
                }
            },
            {
                "time": "2018-02-05T16:35:18.551Z",
                "type": "START",
                "source": "side-bar:button",
                "_t": "09:35:18",
                "_end": "-",
                "data": {
                    "type": "run",
                    "time": 279.160632
                }
            },
            {
                "time": "2018-02-05T16:35:21.405Z",
                "type": "END",
                "source": "data:click:h_pos",
                "_t": "09:35:21",
                "_end": "-",
                "data": {
                    "lbl": {
                        "time": 279.160632,
                        "endTime": 283.3446680162605,
                        "type": "run",
                        "id": 5
                    }
                }
            },
            {
                "time": "2018-02-05T16:35:46.335Z",
                "type": "START",
                "source": "side-bar:button",
                "_t": "09:35:46",
                "_end": "-",
                "data": {
                    "type": "run",
                    "time": 475.542393
                }
            },
            {
                "time": "2018-02-05T16:35:50.271Z",
                "type": "END",
                "source": "data:click:h_pos",
                "_t": "09:35:50",
                "_end": "-",
                "data": {
                    "lbl": {
                        "time": 475.542393,
                        "endTime": 479.6177527561015,
                        "type": "run",
                        "id": 6
                    }
                }
            },
            {
                "time": "2018-02-05T16:35:55.697Z",
                "type": "START",
                "source": "side-bar:button",
                "_t": "09:35:55",
                "_end": "-",
                "data": {
                    "type": "run",
                    "time": 543.573731
                }
            },
            {
                "time": "2018-02-05T16:35:57.976Z",
                "type": "END",
                "source": "data:click:h_pos",
                "_t": "09:35:57",
                "_end": "-",
                "data": {
                    "lbl": {
                        "time": 543.573731,
                        "endTime": 548.1924720569149,
                        "type": "run",
                        "id": 7
                    }
                }
            },
            {
                "time": "2018-02-05T16:36:07.591Z",
                "type": "START",
                "source": "side-bar:button",
                "_t": "09:36:07",
                "_end": "-",
                "data": {
                    "type": "skip",
                    "time": 599.324978
                }
            },
            {
                "time": "2018-02-05T16:36:10.169Z",
                "type": "END",
                "source": "data:click:h_pos",
                "_t": "09:36:10",
                "_end": "-",
                "data": {
                    "lbl": {
                        "time": 599.324978,
                        "endTime": 608.4537838536354,
                        "type": "skip",
                        "id": 8
                    }
                }
            }
        ],
        "navigationEvents": [
            {
                "time": "2018-02-05T16:33:36.849Z",
                "type": "PAUSE",
                "source": "video:button",
                "_t": "09:33:36",
                "_end": "-"
            },
            {
                "time": "2018-02-05T16:33:38.406Z",
                "type": "PLAY",
                "source": "video:button",
                "_t": "09:33:38",
                "_end": "-"
            },
            {
                "time": {
                    "start": "2018-02-05T16:33:39.753Z",
                    "end": "2018-02-05T16:33:39.853Z"
                },
                "type": "SCRUB",
                "source": "video:drag",
                "_t": "09:33:39",
                "_end": "09:33:39",
                "data": {
                    "to": 33.877303,
                    "from": 19.487938
                }
            },
            {
                "time": {
                    "start": "2018-02-05T16:33:41.281Z",
                    "end": "2018-02-05T16:33:41.380Z"
                },
                "type": "SCRUB",
                "source": "video:drag",
                "_t": "09:33:41",
                "_end": "09:33:41",
                "data": {
                    "to": 24.690237,
                    "from": 35.149079
                }
            },
            {
                "time": "2018-02-05T16:33:59.934Z",
                "type": "PAUSE",
                "source": "video:button",
                "_t": "09:33:59",
                "_end": "-"
            },
            {
                "time": {
                    "start": "2018-02-05T16:33:11.138Z",
                    "end": "2018-02-05T16:34:01.388Z"
                },
                "type": "SCRUB",
                "source": "data:drag",
                "_t": "09:33:11",
                "_end": "09:34:01",
                "data": {
                    "time": 43.080287
                }
            },
            {
                "time": {
                    "start": "2018-02-05T16:33:11.138Z",
                    "end": "2018-02-05T16:34:03.801Z"
                },
                "type": "SCRUB",
                "source": "data:drag",
                "_t": "09:33:11",
                "_end": "09:34:03",
                "data": {
                    "time": 43.080287
                }
            },
            {
                "time": {
                    "start": "2018-02-05T16:33:11.138Z",
                    "end": "2018-02-05T16:34:06.257Z"
                },
                "type": "SCRUB",
                "source": "data:drag",
                "_t": "09:33:11",
                "_end": "09:34:06",
                "data": {
                    "time": 43.080287
                }
            },
            {
                "time": "2018-02-05T16:34:07.703Z",
                "type": "PLAY",
                "source": "video:button",
                "_t": "09:34:07",
                "_end": "-"
            },
            {
                "time": {
                    "start": "2018-02-05T16:34:09.812Z",
                    "end": "2018-02-05T16:34:09.876Z"
                },
                "type": "SCRUB",
                "source": "video:drag",
                "_t": "09:34:09",
                "_end": "09:34:09",
                "data": {
                    "to": 55.696583,
                    "from": 45.20535
                }
            },
            {
                "time": {
                    "start": "2018-02-05T16:34:11.818Z",
                    "end": "2018-02-05T16:34:11.941Z"
                },
                "type": "SCRUB",
                "source": "video:drag",
                "_t": "09:34:11",
                "_end": "09:34:11",
                "data": {
                    "to": 74.070713,
                    "from": 57.386218
                }
            },
            {
                "time": {
                    "start": "2018-02-05T16:33:11.138Z",
                    "end": "2018-02-05T16:34:22.723Z"
                },
                "type": "SCRUB",
                "source": "data:drag",
                "_t": "09:33:11",
                "_end": "09:34:22",
                "data": {
                    "time": 84.651126
                }
            },
            {
                "time": {
                    "start": "2018-02-05T16:33:11.138Z",
                    "end": "2018-02-05T16:34:26.370Z"
                },
                "type": "SCRUB",
                "source": "data:drag",
                "_t": "09:33:11",
                "_end": "09:34:26",
                "data": {
                    "time": 62.882908
                }
            },
            {
                "time": {
                    "start": "2018-02-05T16:33:11.138Z",
                    "end": "2018-02-05T16:34:29.715Z"
                },
                "type": "SCRUB",
                "source": "data:drag",
                "_t": "09:33:11",
                "_end": "09:34:29",
                "data": {
                    "time": 60.882471
                }
            },
            {
                "time": "2018-02-05T16:34:30.056Z",
                "type": "PAUSE",
                "source": "video:button",
                "_t": "09:34:30",
                "_end": "-"
            },
            {
                "time": {
                    "start": "2018-02-05T16:33:11.138Z",
                    "end": "2018-02-05T16:34:33.333Z"
                },
                "type": "SCRUB",
                "source": "data:drag",
                "_t": "09:33:11",
                "_end": "09:34:33",
                "data": {
                    "time": 63.091738
                }
            },
            {
                "time": {
                    "start": "2018-02-05T16:33:11.138Z",
                    "end": "2018-02-05T16:34:37.837Z"
                },
                "type": "SCRUB",
                "source": "data:drag",
                "_t": "09:33:11",
                "_end": "09:34:37",
                "data": {
                    "time": 63.091738
                }
            },
            {
                "time": {
                    "start": "2018-02-05T16:33:11.138Z",
                    "end": "2018-02-05T16:34:39.583Z"
                },
                "type": "SCRUB",
                "source": "data:drag",
                "_t": "09:33:11",
                "_end": "09:34:39",
                "data": {
                    "time": 87.924263
                }
            },
            {
                "time": {
                    "start": "2018-02-05T16:33:11.138Z",
                    "end": "2018-02-05T16:34:40.402Z"
                },
                "type": "SCRUB",
                "source": "data:drag",
                "_t": "09:33:11",
                "_end": "09:34:40",
                "data": {
                    "time": 110.691939
                }
            },
            {
                "time": {
                    "start": "2018-02-05T16:33:11.138Z",
                    "end": "2018-02-05T16:34:44.078Z"
                },
                "type": "SCRUB",
                "source": "data:drag",
                "_t": "09:33:11",
                "_end": "09:34:44",
                "data": {
                    "time": 129.384255
                }
            },
            {
                "time": "2018-02-05T16:34:45.727Z",
                "type": "PLAY",
                "source": "video:button",
                "_t": "09:34:45",
                "_end": "-"
            },
            {
                "time": "2018-02-05T16:34:46.871Z",
                "type": "PAUSE",
                "source": "video:button",
                "_t": "09:34:46",
                "_end": "-"
            },
            {
                "time": {
                    "start": "2018-02-05T16:33:11.138Z",
                    "end": "2018-02-05T16:34:51.813Z"
                },
                "type": "SCRUB",
                "source": "data:drag",
                "_t": "09:33:11",
                "_end": "09:34:51",
                "data": {
                    "time": 127.669682
                }
            },
            {
                "time": {
                    "start": "2018-02-05T16:33:11.138Z",
                    "end": "2018-02-05T16:34:55.849Z"
                },
                "type": "SCRUB",
                "source": "data:drag",
                "_t": "09:33:11",
                "_end": "09:34:55",
                "data": {
                    "time": 127.669682
                }
            },
            {
                "time": {
                    "start": "2018-02-05T16:33:11.138Z",
                    "end": "2018-02-05T16:34:57.396Z"
                },
                "type": "SCRUB",
                "source": "data:drag",
                "_t": "09:33:11",
                "_end": "09:34:57",
                "data": {
                    "time": 178.312819
                }
            },
            {
                "time": {
                    "start": "2018-02-05T16:33:11.138Z",
                    "end": "2018-02-05T16:34:59.058Z"
                },
                "type": "SCRUB",
                "source": "data:drag",
                "_t": "09:33:11",
                "_end": "09:34:59",
                "data": {
                    "time": 202.167258
                }
            },
            {
                "time": "2018-02-05T16:35:00.519Z",
                "type": "PLAY",
                "source": "video:button",
                "_t": "09:35:00",
                "_end": "-"
            },
            {
                "time": "2018-02-05T16:35:02.079Z",
                "type": "PAUSE",
                "source": "video:button",
                "_t": "09:35:02",
                "_end": "-"
            },
            {
                "time": {
                    "start": "2018-02-05T16:33:11.138Z",
                    "end": "2018-02-05T16:35:05.151Z"
                },
                "type": "SCRUB",
                "source": "data:drag",
                "_t": "09:33:11",
                "_end": "09:35:05",
                "data": {
                    "time": 201.939286
                }
            },
            {
                "time": {
                    "start": "2018-02-05T16:33:11.138Z",
                    "end": "2018-02-05T16:35:08.824Z"
                },
                "type": "SCRUB",
                "source": "data:drag",
                "_t": "09:33:11",
                "_end": "09:35:08",
                "data": {
                    "time": 201.939286
                }
            },
            {
                "time": {
                    "start": "2018-02-05T16:33:11.138Z",
                    "end": "2018-02-05T16:35:10.144Z"
                },
                "type": "SCRUB",
                "source": "data:drag",
                "_t": "09:33:11",
                "_end": "09:35:10",
                "data": {
                    "time": 242.692883
                }
            },
            {
                "time": {
                    "start": "2018-02-05T16:33:11.138Z",
                    "end": "2018-02-05T16:35:11.082Z"
                },
                "type": "SCRUB",
                "source": "data:drag",
                "_t": "09:33:11",
                "_end": "09:35:11",
                "data": {
                    "time": 274.263336
                }
            },
            {
                "time": {
                    "start": "2018-02-05T16:33:11.138Z",
                    "end": "2018-02-05T16:35:12.796Z"
                },
                "type": "SCRUB",
                "source": "data:drag",
                "_t": "09:33:11",
                "_end": "09:35:12",
                "data": {
                    "time": 279.425458
                }
            },
            {
                "time": "2018-02-05T16:35:13.310Z",
                "type": "PLAY",
                "source": "video:button",
                "_t": "09:35:13",
                "_end": "-"
            },
            {
                "time": "2018-02-05T16:35:14.782Z",
                "type": "PAUSE",
                "source": "video:button",
                "_t": "09:35:14",
                "_end": "-"
            },
            {
                "time": {
                    "start": "2018-02-05T16:33:11.138Z",
                    "end": "2018-02-05T16:35:17.319Z"
                },
                "type": "SCRUB",
                "source": "data:drag",
                "_t": "09:33:11",
                "_end": "09:35:17",
                "data": {
                    "time": 279.160632
                }
            },
            {
                "time": {
                    "start": "2018-02-05T16:33:11.138Z",
                    "end": "2018-02-05T16:35:21.404Z"
                },
                "type": "SCRUB",
                "source": "data:drag",
                "_t": "09:33:11",
                "_end": "09:35:21",
                "data": {
                    "time": 279.160632
                }
            },
            {
                "time": {
                    "start": "2018-02-05T16:33:11.138Z",
                    "end": "2018-02-05T16:35:22.780Z"
                },
                "type": "SCRUB",
                "source": "data:drag",
                "_t": "09:33:11",
                "_end": "09:35:22",
                "data": {
                    "time": 211.455321
                }
            },
            {
                "time": {
                    "start": "2018-02-05T16:33:11.138Z",
                    "end": "2018-02-05T16:35:23.964Z"
                },
                "type": "SCRUB",
                "source": "data:drag",
                "_t": "09:33:11",
                "_end": "09:35:23",
                "data": {
                    "time": 171.571133
                }
            },
            {
                "time": {
                    "start": "2018-02-05T16:33:11.138Z",
                    "end": "2018-02-05T16:35:25.397Z"
                },
                "type": "SCRUB",
                "source": "data:drag",
                "_t": "09:33:11",
                "_end": "09:35:25",
                "data": {
                    "time": 131.686945
                }
            },
            {
                "time": {
                    "start": "2018-02-05T16:33:11.138Z",
                    "end": "2018-02-05T16:35:28.510Z"
                },
                "type": "SCRUB",
                "source": "data:drag",
                "_t": "09:33:11",
                "_end": "09:35:28",
                "data": {
                    "time": 159.453729
                }
            },
            {
                "time": {
                    "start": "2018-02-05T16:33:11.138Z",
                    "end": "2018-02-05T16:35:29.481Z"
                },
                "type": "SCRUB",
                "source": "data:drag",
                "_t": "09:33:11",
                "_end": "09:35:29",
                "data": {
                    "time": 203.358938
                }
            },
            {
                "time": {
                    "start": "2018-02-05T16:33:11.138Z",
                    "end": "2018-02-05T16:35:30.316Z"
                },
                "type": "SCRUB",
                "source": "data:drag",
                "_t": "09:33:11",
                "_end": "09:35:30",
                "data": {
                    "time": 252.371931
                }
            },
            {
                "time": {
                    "start": "2018-02-05T16:33:11.138Z",
                    "end": "2018-02-05T16:35:31.368Z"
                },
                "type": "SCRUB",
                "source": "data:drag",
                "_t": "09:33:11",
                "_end": "09:35:31",
                "data": {
                    "time": 306.981751
                }
            },
            {
                "time": {
                    "start": "2018-02-05T16:33:11.138Z",
                    "end": "2018-02-05T16:35:32.121Z"
                },
                "type": "SCRUB",
                "source": "data:drag",
                "_t": "09:33:11",
                "_end": "09:35:32",
                "data": {
                    "time": 356.212096
                }
            },
            {
                "time": {
                    "start": "2018-02-05T16:33:11.138Z",
                    "end": "2018-02-05T16:35:32.980Z"
                },
                "type": "SCRUB",
                "source": "data:drag",
                "_t": "09:33:11",
                "_end": "09:35:32",
                "data": {
                    "time": 399.465247
                }
            },
            {
                "time": {
                    "start": "2018-02-05T16:33:11.138Z",
                    "end": "2018-02-05T16:35:33.750Z"
                },
                "type": "SCRUB",
                "source": "data:drag",
                "_t": "09:33:11",
                "_end": "09:35:33",
                "data": {
                    "time": 449.999707
                }
            },
            {
                "time": {
                    "start": "2018-02-05T16:33:11.138Z",
                    "end": "2018-02-05T16:35:36.439Z"
                },
                "type": "SCRUB",
                "source": "data:drag",
                "_t": "09:33:11",
                "_end": "09:35:36",
                "data": {
                    "time": 475.918995
                }
            },
            {
                "time": "2018-02-05T16:35:37.167Z",
                "type": "PLAY",
                "source": "video:button",
                "_t": "09:35:37",
                "_end": "-"
            },
            {
                "time": {
                    "start": "2018-02-05T16:33:11.138Z",
                    "end": "2018-02-05T16:35:40.094Z"
                },
                "type": "SCRUB",
                "source": "data:drag",
                "_t": "09:33:11",
                "_end": "09:35:40",
                "data": {
                    "time": 475.651353
                }
            },
            {
                "time": "2018-02-05T16:35:40.474Z",
                "type": "PAUSE",
                "source": "video:button",
                "_t": "09:35:40",
                "_end": "-"
            },
            {
                "time": "2018-02-05T16:35:40.863Z",
                "type": "PLAY",
                "source": "video:button",
                "_t": "09:35:40",
                "_end": "-"
            },
            {
                "time": "2018-02-05T16:35:42.008Z",
                "type": "PAUSE",
                "source": "video:button",
                "_t": "09:35:42",
                "_end": "-"
            },
            {
                "time": {
                    "start": "2018-02-05T16:33:11.138Z",
                    "end": "2018-02-05T16:35:43.687Z"
                },
                "type": "SCRUB",
                "source": "data:drag",
                "_t": "09:33:11",
                "_end": "09:35:43",
                "data": {
                    "time": 475.433717
                }
            },
            {
                "time": {
                    "start": "2018-02-05T16:33:11.138Z",
                    "end": "2018-02-05T16:35:45.150Z"
                },
                "type": "SCRUB",
                "source": "data:drag",
                "_t": "09:33:11",
                "_end": "09:35:45",
                "data": {
                    "time": 475.542393
                }
            },
            {
                "time": {
                    "start": "2018-02-05T16:33:11.138Z",
                    "end": "2018-02-05T16:35:50.270Z"
                },
                "type": "SCRUB",
                "source": "data:drag",
                "_t": "09:33:11",
                "_end": "09:35:50",
                "data": {
                    "time": 475.542393
                }
            },
            {
                "time": {
                    "start": "2018-02-05T16:33:11.138Z",
                    "end": "2018-02-05T16:35:51.703Z"
                },
                "type": "SCRUB",
                "source": "data:drag",
                "_t": "09:33:11",
                "_end": "09:35:51",
                "data": {
                    "time": 522.327523
                }
            },
            {
                "time": {
                    "start": "2018-02-05T16:33:11.138Z",
                    "end": "2018-02-05T16:35:54.591Z"
                },
                "type": "SCRUB",
                "source": "data:drag",
                "_t": "09:33:11",
                "_end": "09:35:54",
                "data": {
                    "time": 543.573731
                }
            },
            {
                "time": {
                    "start": "2018-02-05T16:33:11.138Z",
                    "end": "2018-02-05T16:35:57.975Z"
                },
                "type": "SCRUB",
                "source": "data:drag",
                "_t": "09:33:11",
                "_end": "09:35:57",
                "data": {
                    "time": 543.573731
                }
            },
            {
                "time": "2018-02-05T16:35:59.007Z",
                "type": "PLAY",
                "source": "video:button",
                "_t": "09:35:59",
                "_end": "-"
            },
            {
                "time": {
                    "start": "2018-02-05T16:33:11.138Z",
                    "end": "2018-02-05T16:36:01.609Z"
                },
                "type": "SCRUB",
                "source": "data:drag",
                "_t": "09:33:11",
                "_end": "09:36:01",
                "data": {
                    "time": 598.283899
                }
            },
            {
                "time": "2018-02-05T16:36:03.327Z",
                "type": "PAUSE",
                "source": "video:button",
                "_t": "09:36:03",
                "_end": "-"
            },
            {
                "time": {
                    "start": "2018-02-05T16:33:11.138Z",
                    "end": "2018-02-05T16:36:06.511Z"
                },
                "type": "SCRUB",
                "source": "data:drag",
                "_t": "09:33:11",
                "_end": "09:36:06",
                "data": {
                    "time": 599.324978
                }
            },
            {
                "time": {
                    "start": "2018-02-05T16:33:11.138Z",
                    "end": "2018-02-05T16:36:10.166Z"
                },
                "type": "SCRUB",
                "source": "data:drag",
                "_t": "09:33:11",
                "_end": "09:36:10",
                "data": {
                    "time": 599.324978
                }
            },
            {
                "time": {
                    "start": "2018-02-05T16:33:11.138Z",
                    "end": "2018-02-05T16:36:11.487Z"
                },
                "type": "SCRUB",
                "source": "data:drag",
                "_t": "09:33:11",
                "_end": "09:36:11",
                "data": {
                    "time": 638.883136
                }
            },
            {
                "time": {
                    "start": "2018-02-05T16:33:11.138Z",
                    "end": "2018-02-05T16:36:12.705Z"
                },
                "type": "SCRUB",
                "source": "data:drag",
                "_t": "09:33:11",
                "_end": "09:36:12",
                "data": {
                    "time": 655.293251
                }
            },
            {
                "time": {
                    "start": "2018-02-05T16:33:11.138Z",
                    "end": "2018-02-05T16:36:14.536Z"
                },
                "type": "SCRUB",
                "source": "data:drag",
                "_t": "09:33:11",
                "_end": "09:36:14",
                "data": {
                    "time": 649.20738
                }
            }
        ]
    }
}