{
    "user_id": "050",
    "session_id": "5a789e16ee2b1975ba835ba1",
    "study": "studyD",
    "workspace": "newrun.Run-thurs-five-fixed-finally",
    "details": {
        "workspace": "newrun.Run-thurs-five-fixed-finally",
        "labels": [
            {
                "time": 32.035148,
                "endTime": 38.09643,
                "type": "skip",
                "id": 1
            },
            {
                "time": 63.166115,
                "endTime": 66.61464992219496,
                "type": "run",
                "id": 2
            },
            {
                "time": 127.88331,
                "endTime": 135.880145,
                "type": "skip",
                "id": 3
            },
            {
                "time": 202.430145,
                "endTime": 210.1376658501234,
                "type": "skip",
                "id": 4
            },
            {
                "time": 279.366731,
                "endTime": 283.08895966503064,
                "type": "run",
                "id": 5
            },
            {
                "time": 475.834484,
                "endTime": 478.85829194103223,
                "type": "run",
                "id": 6
            }
        ],
        "_starts": [
            "2018-02-05T18:31:32.000Z"
        ],
        "_ends": [
            "2018-02-05T18:34:51.580Z"
        ]
    },
    "labels_file": "/home/ubuntu/vat/data/user-studies/studyD/run-blue/050.labels.json",
    "videoFlash": 3.929378,
    "surveys": {
        "user-info": {
            "firstname": "WingKi",
            "lastname": "Yu",
            "email": "wing.yu.kilds@gmail.com"
        },
        "practice-first": {
            "question1": "4",
            "question2": "ok",
            "question3": "50",
            "question4": "5"
        },
        "practice-second": {},
        "practice-third": {},
        "practice-survey": {},
        "pill-blue": {
            "question1": "4",
            "question2": "4",
            "question3": "70",
            "question4": "30"
        },
        "pill-red": {
            "question1": "1",
            "question2": "2",
            "question3": "20",
            "question4": "80"
        },
        "pill-orange": {
            "question1": "2",
            "question2": "2",
            "question3": "60",
            "question4": "40"
        },
        "pills-survey": {
            "question1": "5",
            "question2": "4",
            "question3": "5",
            "question4": "4"
        }
    },
    "logs": {
        "labelEvents": [
            {
                "time": "2018-02-05T18:32:21.403Z",
                "type": "START",
                "source": "hotkey",
                "_t": "11:32:21",
                "_end": "-",
                "data": {
                    "type": "run",
                    "time": 32.232132
                }
            },
            {
                "time": "2018-02-05T18:32:25.140Z",
                "type": "END",
                "source": "data:click:h_pos",
                "_t": "11:32:25",
                "_end": "-",
                "data": {
                    "lbl": {
                        "time": 32.232132,
                        "endTime": 36.643201675675655,
                        "type": "run",
                        "id": 1
                    }
                }
            },
            {
                "time": "2018-02-05T18:32:25.956Z",
                "type": "SELECT",
                "source": "data:click",
                "_t": "11:32:25",
                "_end": "-",
                "data": {
                    "time": 32.232132,
                    "endTime": 36.643201675675655,
                    "type": "run",
                    "id": 1
                }
            },
            {
                "time": "2018-02-05T18:32:26.682Z",
                "type": "DELETE",
                "source": "hotkey",
                "_t": "11:32:26",
                "_end": "-",
                "data": {
                    "id": 1,
                    "idx": 0
                }
            },
            {
                "time": "2018-02-05T18:32:31.996Z",
                "type": "START",
                "source": "hotkey",
                "_t": "11:32:31",
                "_end": "-",
                "data": {
                    "type": "skip",
                    "time": 32.035148
                }
            },
            {
                "time": "2018-02-05T18:32:44.122Z",
                "type": "END",
                "source": "hotkey:ctb",
                "_t": "11:32:44",
                "_end": "-",
                "data": {
                    "lbl": {
                        "time": 32.035148,
                        "endTime": 38.09643,
                        "type": "skip",
                        "id": 1
                    },
                    "key": "enter"
                }
            },
            {
                "time": "2018-02-05T18:32:50.171Z",
                "type": "START",
                "source": "hotkey",
                "_t": "11:32:50",
                "_end": "-",
                "data": {
                    "type": "run",
                    "time": 63.325104
                }
            },
            {
                "time": "2018-02-05T18:32:56.012Z",
                "type": "END",
                "source": "hotkey:ctb",
                "_t": "11:32:56",
                "_end": "-",
                "data": {
                    "lbl": {
                        "time": 63.325104,
                        "endTime": 66.242911,
                        "type": "run",
                        "id": 2
                    },
                    "key": "enter"
                }
            },
            {
                "time": "2018-02-05T18:32:59.973Z",
                "type": "SELECT",
                "source": "data:click",
                "_t": "11:32:59",
                "_end": "-",
                "data": {
                    "time": 63.325104,
                    "endTime": 66.242911,
                    "type": "run",
                    "id": 2
                }
            },
            {
                "time": "2018-02-05T18:33:00.635Z",
                "type": "DELETE",
                "source": "hotkey",
                "_t": "11:33:00",
                "_end": "-",
                "data": {
                    "id": 2,
                    "idx": 1
                }
            },
            {
                "time": "2018-02-05T18:33:03.242Z",
                "type": "START",
                "source": "hotkey",
                "_t": "11:33:03",
                "_end": "-",
                "data": {
                    "type": "run",
                    "time": 63.166115
                }
            },
            {
                "time": "2018-02-05T18:33:10.429Z",
                "type": "END",
                "source": "data:click:h_pos",
                "_t": "11:33:10",
                "_end": "-",
                "data": {
                    "lbl": {
                        "time": 63.166115,
                        "endTime": 66.61464992219496,
                        "type": "run",
                        "id": 2
                    }
                }
            },
            {
                "time": "2018-02-05T18:33:16.365Z",
                "type": "START",
                "source": "hotkey",
                "_t": "11:33:16",
                "_end": "-",
                "data": {
                    "type": "run",
                    "time": 128.198442
                }
            },
            {
                "time": "2018-02-05T18:33:18.975Z",
                "type": "END",
                "source": "data:click:h_pos",
                "_t": "11:33:18",
                "_end": "-",
                "data": {
                    "lbl": {
                        "time": 128.198442,
                        "endTime": 128.8012746863227,
                        "type": "run",
                        "id": 3
                    }
                }
            },
            {
                "time": "2018-02-05T18:33:19.591Z",
                "type": "SELECT",
                "source": "data:click",
                "_t": "11:33:19",
                "_end": "-",
                "data": {
                    "time": 128.198442,
                    "endTime": 128.8012746863227,
                    "type": "run",
                    "id": 3
                }
            },
            {
                "time": "2018-02-05T18:33:20.123Z",
                "type": "DELETE",
                "source": "hotkey",
                "_t": "11:33:20",
                "_end": "-",
                "data": {
                    "id": 3,
                    "idx": 2
                }
            },
            {
                "time": "2018-02-05T18:33:22.539Z",
                "type": "START",
                "source": "hotkey",
                "_t": "11:33:22",
                "_end": "-",
                "data": {
                    "type": "run",
                    "time": 127.76124
                }
            },
            {
                "time": "2018-02-05T18:33:26.383Z",
                "type": "END",
                "source": "data:click:h_pos",
                "_t": "11:33:26",
                "_end": "-",
                "data": {
                    "lbl": {
                        "time": 127.76124,
                        "endTime": 128.32121971580676,
                        "type": "run",
                        "id": 3
                    }
                }
            },
            {
                "time": "2018-02-05T18:33:27.261Z",
                "type": "SELECT",
                "source": "data:click",
                "_t": "11:33:27",
                "_end": "-",
                "data": {
                    "time": 127.76124,
                    "endTime": 128.32121971580676,
                    "type": "run",
                    "id": 3
                }
            },
            {
                "time": "2018-02-05T18:33:27.770Z",
                "type": "DELETE",
                "source": "hotkey",
                "_t": "11:33:27",
                "_end": "-",
                "data": {
                    "id": 3,
                    "idx": 2
                }
            },
            {
                "time": "2018-02-05T18:33:30.972Z",
                "type": "START",
                "source": "hotkey",
                "_t": "11:33:30",
                "_end": "-",
                "data": {
                    "type": "skip",
                    "time": 127.88331
                }
            },
            {
                "time": "2018-02-05T18:33:48.738Z",
                "type": "END",
                "source": "hotkey:ctb",
                "_t": "11:33:48",
                "_end": "-",
                "data": {
                    "lbl": {
                        "time": 127.88331,
                        "endTime": 135.880145,
                        "type": "skip",
                        "id": 3
                    },
                    "key": "enter"
                }
            },
            {
                "time": "2018-02-05T18:33:57.821Z",
                "type": "START",
                "source": "hotkey",
                "_t": "11:33:57",
                "_end": "-",
                "data": {
                    "type": "skip",
                    "time": 202.430145
                }
            },
            {
                "time": "2018-02-05T18:34:00.589Z",
                "type": "END",
                "source": "data:click:h_pos",
                "_t": "11:34:00",
                "_end": "-",
                "data": {
                    "lbl": {
                        "time": 202.430145,
                        "endTime": 210.1376658501234,
                        "type": "skip",
                        "id": 4
                    }
                }
            },
            {
                "time": "2018-02-05T18:34:08.250Z",
                "type": "START",
                "source": "hotkey",
                "_t": "11:34:08",
                "_end": "-",
                "data": {
                    "type": "run",
                    "time": 279.539979
                }
            },
            {
                "time": "2018-02-05T18:34:11.132Z",
                "type": "END",
                "source": "hotkey:h_pos",
                "_t": "11:34:11",
                "_end": "-",
                "data": {
                    "lbl": {
                        "time": 279.539979,
                        "endTime": 281.7976600778046,
                        "type": "run",
                        "id": 5
                    },
                    "key": "enter"
                }
            },
            {
                "time": "2018-02-05T18:34:12.725Z",
                "type": "SELECT",
                "source": "data:click",
                "_t": "11:34:12",
                "_end": "-",
                "data": {
                    "time": 279.539979,
                    "endTime": 281.7976600778046,
                    "type": "run",
                    "id": 5
                }
            },
            {
                "time": "2018-02-05T18:34:13.003Z",
                "type": "DELETE",
                "source": "hotkey",
                "_t": "11:34:13",
                "_end": "-",
                "data": {
                    "id": 5,
                    "idx": 4
                }
            },
            {
                "time": "2018-02-05T18:34:16.300Z",
                "type": "START",
                "source": "hotkey",
                "_t": "11:34:16",
                "_end": "-",
                "data": {
                    "type": "run",
                    "time": 279.366731
                }
            },
            {
                "time": "2018-02-05T18:34:18.190Z",
                "type": "END",
                "source": "data:click:h_pos",
                "_t": "11:34:18",
                "_end": "-",
                "data": {
                    "lbl": {
                        "time": 279.366731,
                        "endTime": 283.08895966503064,
                        "type": "run",
                        "id": 5
                    }
                }
            },
            {
                "time": "2018-02-05T18:34:30.283Z",
                "type": "START",
                "source": "hotkey",
                "_t": "11:34:30",
                "_end": "-",
                "data": {
                    "type": "run",
                    "time": 475.834484
                }
            },
            {
                "time": "2018-02-05T18:34:37.533Z",
                "type": "END",
                "source": "hotkey:h_pos",
                "_t": "11:34:37",
                "_end": "-",
                "data": {
                    "lbl": {
                        "time": 475.834484,
                        "endTime": 478.85829194103223,
                        "type": "run",
                        "id": 6
                    },
                    "key": "enter"
                }
            },
            {
                "time": "2018-02-05T18:34:44.496Z",
                "type": "START",
                "source": "hotkey",
                "_t": "11:34:44",
                "_end": "-",
                "data": {
                    "type": "run",
                    "time": 544.240264
                }
            }
        ],
        "navigationEvents": [
            {
                "time": "2018-02-05T18:32:02.881Z",
                "type": "CHANGE-PLAYBACK-RATE",
                "source": "video:menu",
                "_t": "11:32:02",
                "_end": "-",
                "data": {
                    "oldRate": 1,
                    "newRate": 2
                }
            },
            {
                "time": "2018-02-05T18:32:12.403Z",
                "type": "PAUSE",
                "source": "video:button",
                "_t": "11:32:12",
                "_end": "-"
            },
            {
                "time": "2018-02-05T18:32:15.522Z",
                "type": "CHANGE-PLAYBACK-RATE",
                "source": "video:menu",
                "_t": "11:32:15",
                "_end": "-",
                "data": {
                    "oldRate": 2,
                    "newRate": 1.5
                }
            },
            {
                "time": "2018-02-05T18:32:17.179Z",
                "type": "CHANGE-PLAYBACK-RATE",
                "source": "video:menu",
                "_t": "11:32:17",
                "_end": "-",
                "data": {
                    "oldRate": 1.5,
                    "newRate": 1
                }
            },
            {
                "time": "2018-02-05T18:32:17.955Z",
                "type": "PLAY",
                "source": "video:button",
                "_t": "11:32:17",
                "_end": "-"
            },
            {
                "time": {
                    "start": "2018-02-05T18:31:32.625Z",
                    "end": "2018-02-05T18:32:20.561Z"
                },
                "type": "SCRUB",
                "source": "data:drag",
                "_t": "11:31:32",
                "_end": "11:32:20",
                "data": {
                    "time": 31.384118
                }
            },
            {
                "time": {
                    "start": "2018-02-05T18:31:32.625Z",
                    "end": "2018-02-05T18:32:23.281Z"
                },
                "type": "SCRUB",
                "source": "data:drag",
                "_t": "11:31:32",
                "_end": "11:32:23",
                "data": {
                    "time": 34.107193
                }
            },
            {
                "time": "2018-02-05T18:32:24.007Z",
                "type": "PAUSE",
                "source": "video:button",
                "_t": "11:32:24",
                "_end": "-"
            },
            {
                "time": {
                    "start": "2018-02-05T18:31:32.625Z",
                    "end": "2018-02-05T18:32:25.138Z"
                },
                "type": "SCRUB",
                "source": "data:drag",
                "_t": "11:31:32",
                "_end": "11:32:25",
                "data": {
                    "time": 34.836826
                }
            },
            {
                "time": {
                    "start": "2018-02-05T18:31:32.625Z",
                    "end": "2018-02-05T18:32:25.954Z"
                },
                "type": "SCRUB",
                "source": "data:drag",
                "_t": "11:31:32",
                "_end": "11:32:25",
                "data": {
                    "time": 34.836826
                }
            },
            {
                "time": {
                    "start": "2018-02-05T18:31:32.625Z",
                    "end": "2018-02-05T18:32:28.153Z"
                },
                "type": "SCRUB",
                "source": "data:drag",
                "_t": "11:31:32",
                "_end": "11:32:28",
                "data": {
                    "time": 31.716722
                }
            },
            {
                "time": "2018-02-05T18:32:30.010Z",
                "type": "CHANGE-PLAYBACK-RATE",
                "source": "video:menu",
                "_t": "11:32:30",
                "_end": "-",
                "data": {
                    "oldRate": 1,
                    "newRate": 0.5
                }
            },
            {
                "time": "2018-02-05T18:32:31.291Z",
                "type": "PLAY",
                "source": "video:button",
                "_t": "11:32:31",
                "_end": "-"
            },
            {
                "time": {
                    "start": "2018-02-05T18:31:32.625Z",
                    "end": "2018-02-05T18:32:47.688Z"
                },
                "type": "SCRUB",
                "source": "data:drag",
                "_t": "11:31:32",
                "_end": "11:32:47",
                "data": {
                    "time": 62.108759
                }
            },
            {
                "time": "2018-02-05T18:32:58.946Z",
                "type": "PAUSE",
                "source": "video:button",
                "_t": "11:32:58",
                "_end": "-"
            },
            {
                "time": {
                    "start": "2018-02-05T18:31:32.625Z",
                    "end": "2018-02-05T18:32:59.971Z"
                },
                "type": "SCRUB",
                "source": "data:drag",
                "_t": "11:31:32",
                "_end": "11:32:59",
                "data": {
                    "time": 67.709424
                }
            },
            {
                "time": {
                    "start": "2018-02-05T18:31:32.625Z",
                    "end": "2018-02-05T18:33:03.127Z"
                },
                "type": "SCRUB",
                "source": "data:drag",
                "_t": "11:31:32",
                "_end": "11:33:03",
                "data": {
                    "time": 63.166115
                }
            },
            {
                "time": {
                    "start": "2018-02-05T18:31:32.625Z",
                    "end": "2018-02-05T18:33:05.404Z"
                },
                "type": "SCRUB",
                "source": "data:drag",
                "_t": "11:31:32",
                "_end": "11:33:05",
                "data": {
                    "time": 68.037855
                }
            },
            {
                "time": {
                    "start": "2018-02-05T18:31:32.625Z",
                    "end": "2018-02-05T18:33:10.426Z"
                },
                "type": "SCRUB",
                "source": "data:drag",
                "_t": "11:31:32",
                "_end": "11:33:10",
                "data": {
                    "time": 68.037855
                }
            },
            {
                "time": {
                    "start": "2018-02-05T18:31:32.625Z",
                    "end": "2018-02-05T18:33:11.539Z"
                },
                "type": "SCRUB",
                "source": "data:drag",
                "_t": "11:31:32",
                "_end": "11:33:11",
                "data": {
                    "time": 96.885127
                }
            },
            {
                "time": {
                    "start": "2018-02-05T18:31:32.625Z",
                    "end": "2018-02-05T18:33:12.243Z"
                },
                "type": "SCRUB",
                "source": "data:drag",
                "_t": "11:31:32",
                "_end": "11:33:12",
                "data": {
                    "time": 119.109021
                }
            },
            {
                "time": {
                    "start": "2018-02-05T18:31:32.625Z",
                    "end": "2018-02-05T18:33:13.843Z"
                },
                "type": "SCRUB",
                "source": "data:drag",
                "_t": "11:31:32",
                "_end": "11:33:13",
                "data": {
                    "time": 127.484035
                }
            },
            {
                "time": "2018-02-05T18:33:14.899Z",
                "type": "PLAY",
                "source": "video:button",
                "_t": "11:33:14",
                "_end": "-"
            },
            {
                "time": "2018-02-05T18:33:17.786Z",
                "type": "PAUSE",
                "source": "video:button",
                "_t": "11:33:17",
                "_end": "-"
            },
            {
                "time": {
                    "start": "2018-02-05T18:31:32.625Z",
                    "end": "2018-02-05T18:33:18.973Z"
                },
                "type": "SCRUB",
                "source": "data:drag",
                "_t": "11:31:32",
                "_end": "11:33:18",
                "data": {
                    "time": 128.910752
                }
            },
            {
                "time": {
                    "start": "2018-02-05T18:31:32.625Z",
                    "end": "2018-02-05T18:33:19.589Z"
                },
                "type": "SCRUB",
                "source": "data:drag",
                "_t": "11:31:32",
                "_end": "11:33:19",
                "data": {
                    "time": 128.910752
                }
            },
            {
                "time": {
                    "start": "2018-02-05T18:31:32.625Z",
                    "end": "2018-02-05T18:33:21.754Z"
                },
                "type": "SCRUB",
                "source": "data:drag",
                "_t": "11:31:32",
                "_end": "11:33:21",
                "data": {
                    "time": 127.76124
                }
            },
            {
                "time": "2018-02-05T18:33:23.394Z",
                "type": "PLAY",
                "source": "video:button",
                "_t": "11:33:23",
                "_end": "-"
            },
            {
                "time": "2018-02-05T18:33:25.197Z",
                "type": "PAUSE",
                "source": "video:button",
                "_t": "11:33:25",
                "_end": "-"
            },
            {
                "time": {
                    "start": "2018-02-05T18:31:32.625Z",
                    "end": "2018-02-05T18:33:26.381Z"
                },
                "type": "SCRUB",
                "source": "data:drag",
                "_t": "11:31:32",
                "_end": "11:33:26",
                "data": {
                    "time": 128.618694
                }
            },
            {
                "time": {
                    "start": "2018-02-05T18:31:32.625Z",
                    "end": "2018-02-05T18:33:27.259Z"
                },
                "type": "SCRUB",
                "source": "data:drag",
                "_t": "11:31:32",
                "_end": "11:33:27",
                "data": {
                    "time": 128.618694
                }
            },
            {
                "time": {
                    "start": "2018-02-05T18:31:32.625Z",
                    "end": "2018-02-05T18:33:30.843Z"
                },
                "type": "SCRUB",
                "source": "data:drag",
                "_t": "11:31:32",
                "_end": "11:33:30",
                "data": {
                    "time": 127.88331
                }
            },
            {
                "time": "2018-02-05T18:33:32.674Z",
                "type": "PLAY",
                "source": "video:button",
                "_t": "11:33:32",
                "_end": "-"
            },
            {
                "time": {
                    "start": "2018-02-05T18:31:32.625Z",
                    "end": "2018-02-05T18:33:50.327Z"
                },
                "type": "SCRUB",
                "source": "data:drag",
                "_t": "11:31:32",
                "_end": "11:33:50",
                "data": {
                    "time": 160.979799
                }
            },
            {
                "time": {
                    "start": "2018-02-05T18:31:32.625Z",
                    "end": "2018-02-05T18:33:51.742Z"
                },
                "type": "SCRUB",
                "source": "data:drag",
                "_t": "11:31:32",
                "_end": "11:33:51",
                "data": {
                    "time": 167.961834
                }
            },
            {
                "time": {
                    "start": "2018-02-05T18:31:32.625Z",
                    "end": "2018-02-05T18:33:53.026Z"
                },
                "type": "SCRUB",
                "source": "data:drag",
                "_t": "11:31:32",
                "_end": "11:33:53",
                "data": {
                    "time": 204.297567
                }
            },
            {
                "time": {
                    "start": "2018-02-05T18:31:32.625Z",
                    "end": "2018-02-05T18:33:57.778Z"
                },
                "type": "SCRUB",
                "source": "data:drag",
                "_t": "11:31:32",
                "_end": "11:33:57",
                "data": {
                    "time": 202.411716
                }
            },
            {
                "time": {
                    "start": "2018-02-05T18:31:32.625Z",
                    "end": "2018-02-05T18:34:00.588Z"
                },
                "type": "SCRUB",
                "source": "data:drag",
                "_t": "11:31:32",
                "_end": "11:34:00",
                "data": {
                    "time": 203.814049
                }
            },
            {
                "time": {
                    "start": "2018-02-05T18:31:32.625Z",
                    "end": "2018-02-05T18:34:02.937Z"
                },
                "type": "SCRUB",
                "source": "data:drag",
                "_t": "11:31:32",
                "_end": "11:34:02",
                "data": {
                    "time": 204.470339
                }
            },
            {
                "time": {
                    "start": "2018-02-05T18:31:32.625Z",
                    "end": "2018-02-05T18:34:03.658Z"
                },
                "type": "SCRUB",
                "source": "data:drag",
                "_t": "11:31:32",
                "_end": "11:34:03",
                "data": {
                    "time": 233.317611
                }
            },
            {
                "time": {
                    "start": "2018-02-05T18:31:32.625Z",
                    "end": "2018-02-05T18:34:04.347Z"
                },
                "type": "SCRUB",
                "source": "data:drag",
                "_t": "11:31:32",
                "_end": "11:34:04",
                "data": {
                    "time": 252.47614
                }
            },
            {
                "time": {
                    "start": "2018-02-05T18:31:32.625Z",
                    "end": "2018-02-05T18:34:04.907Z"
                },
                "type": "SCRUB",
                "source": "data:drag",
                "_t": "11:31:32",
                "_end": "11:34:04",
                "data": {
                    "time": 270.156726
                }
            },
            {
                "time": {
                    "start": "2018-02-05T18:31:32.625Z",
                    "end": "2018-02-05T18:34:08.124Z"
                },
                "type": "SCRUB",
                "source": "data:drag",
                "_t": "11:31:32",
                "_end": "11:34:08",
                "data": {
                    "time": 279.471863
                }
            },
            {
                "time": "2018-02-05T18:34:11.633Z",
                "type": "PAUSE",
                "source": "video:button",
                "_t": "11:34:11",
                "_end": "-"
            },
            {
                "time": {
                    "start": "2018-02-05T18:31:32.625Z",
                    "end": "2018-02-05T18:34:12.723Z"
                },
                "type": "SCRUB",
                "source": "data:drag",
                "_t": "11:31:32",
                "_end": "11:34:12",
                "data": {
                    "time": 281.227846
                }
            },
            {
                "time": {
                    "start": "2018-02-05T18:31:32.625Z",
                    "end": "2018-02-05T18:34:16.027Z"
                },
                "type": "SCRUB",
                "source": "data:drag",
                "_t": "11:31:32",
                "_end": "11:34:16",
                "data": {
                    "time": 279.366731
                }
            },
            {
                "time": {
                    "start": "2018-02-05T18:31:32.625Z",
                    "end": "2018-02-05T18:34:18.187Z"
                },
                "type": "SCRUB",
                "source": "data:drag",
                "_t": "11:31:32",
                "_end": "11:34:18",
                "data": {
                    "time": 279.366731
                }
            },
            {
                "time": "2018-02-05T18:34:18.908Z",
                "type": "PLAY",
                "source": "video:button",
                "_t": "11:34:18",
                "_end": "-"
            },
            {
                "time": {
                    "start": "2018-02-05T18:31:32.625Z",
                    "end": "2018-02-05T18:34:20.608Z"
                },
                "type": "SCRUB",
                "source": "data:drag",
                "_t": "11:31:32",
                "_end": "11:34:20",
                "data": {
                    "time": 282.544555
                }
            },
            {
                "time": {
                    "start": "2018-02-05T18:31:32.625Z",
                    "end": "2018-02-05T18:34:22.951Z"
                },
                "type": "SCRUB",
                "source": "data:drag",
                "_t": "11:31:32",
                "_end": "11:34:22",
                "data": {
                    "time": 313.3616
                }
            },
            {
                "time": {
                    "start": "2018-02-05T18:31:32.625Z",
                    "end": "2018-02-05T18:34:23.597Z"
                },
                "type": "SCRUB",
                "source": "data:drag",
                "_t": "11:31:32",
                "_end": "11:34:23",
                "data": {
                    "time": 350.091238
                }
            },
            {
                "time": {
                    "start": "2018-02-05T18:31:32.625Z",
                    "end": "2018-02-05T18:34:24.396Z"
                },
                "type": "SCRUB",
                "source": "data:drag",
                "_t": "11:31:32",
                "_end": "11:34:24",
                "data": {
                    "time": 388.846207
                }
            },
            {
                "time": {
                    "start": "2018-02-05T18:31:32.625Z",
                    "end": "2018-02-05T18:34:25.945Z"
                },
                "type": "SCRUB",
                "source": "data:drag",
                "_t": "11:31:32",
                "_end": "11:34:25",
                "data": {
                    "time": 425.224297
                }
            },
            {
                "time": {
                    "start": "2018-02-05T18:31:32.625Z",
                    "end": "2018-02-05T18:34:26.721Z"
                },
                "type": "SCRUB",
                "source": "data:drag",
                "_t": "11:31:32",
                "_end": "11:34:26",
                "data": {
                    "time": 458.231707
                }
            },
            {
                "time": {
                    "start": "2018-02-05T18:31:32.625Z",
                    "end": "2018-02-05T18:34:27.962Z"
                },
                "type": "SCRUB",
                "source": "data:drag",
                "_t": "11:31:32",
                "_end": "11:34:27",
                "data": {
                    "time": 472.688282
                }
            },
            {
                "time": {
                    "start": "2018-02-05T18:31:32.625Z",
                    "end": "2018-02-05T18:34:30.108Z"
                },
                "type": "SCRUB",
                "source": "data:drag",
                "_t": "11:31:32",
                "_end": "11:34:30",
                "data": {
                    "time": 475.748469
                }
            },
            {
                "time": {
                    "start": "2018-02-05T18:31:32.625Z",
                    "end": "2018-02-05T18:34:39.424Z"
                },
                "type": "SCRUB",
                "source": "data:drag",
                "_t": "11:31:32",
                "_end": "11:34:39",
                "data": {
                    "time": 512.812005
                }
            },
            {
                "time": {
                    "start": "2018-02-05T18:31:32.625Z",
                    "end": "2018-02-05T18:34:40.167Z"
                },
                "type": "SCRUB",
                "source": "data:drag",
                "_t": "11:31:32",
                "_end": "11:34:40",
                "data": {
                    "time": 527.755658
                }
            },
            {
                "time": {
                    "start": "2018-02-05T18:31:32.625Z",
                    "end": "2018-02-05T18:34:41.672Z"
                },
                "type": "SCRUB",
                "source": "data:drag",
                "_t": "11:31:32",
                "_end": "11:34:41",
                "data": {
                    "time": 546.421539
                }
            },
            {
                "time": {
                    "start": "2018-02-05T18:31:32.625Z",
                    "end": "2018-02-05T18:34:43.551Z"
                },
                "type": "SCRUB",
                "source": "data:drag",
                "_t": "11:31:32",
                "_end": "11:34:43",
                "data": {
                    "time": 543.772608
                }
            }
        ]
    }
}