{
    "user_id": "051",
    "session_id": "5a789defee2b1975ba835b9e",
    "study": "studyD",
    "workspace": "newrun.Run-thurs-five-fixed-finally",
    "details": {
        "workspace": "newrun.Run-thurs-five-fixed-finally",
        "labels": [
            {
                "time": 31.984434170731703,
                "endTime": 38.178981,
                "type": "skip",
                "id": 1
            },
            {
                "time": 62.92920611382102,
                "endTime": 67.058904,
                "type": "run",
                "id": 2
            },
            {
                "time": 127.73985683739468,
                "endTime": 135.7819000894296,
                "type": "skip",
                "id": 3
            },
            {
                "time": 202.10727322764518,
                "endTime": 210.366669,
                "type": "skip",
                "id": 4
            },
            {
                "time": 279.27257424391985,
                "endTime": 283.0545080975597,
                "type": "run",
                "id": 5
            }
        ],
        "_starts": [
            "2018-02-05T18:31:11.000Z"
        ],
        "_ends": [
            "2018-02-05T18:34:25.908Z"
        ]
    },
    "labels_file": "/home/ubuntu/vat/data/user-studies/studyD/run-blue/051.labels.json",
    "videoFlash": 3.929378,
    "surveys": {
        "user-info": {
            "firstname": "Cameron",
            "lastname": "McQuinn",
            "email": "cameron.mcquinn@gmail.com"
        },
        "practice-first": {
            "question1": "5",
            "question2": "ok",
            "question3": "50",
            "question4": "5"
        },
        "practice-second": {},
        "practice-third": {},
        "practice-survey": {},
        "pill-blue": {
            "question1": "5",
            "question2": "3",
            "question3": "30",
            "question4": "90"
        },
        "pill-red": {
            "question1": "1",
            "question2": "2",
            "question3": "30",
            "question4": "90"
        },
        "pill-orange": {
            "question1": "4",
            "question2": "4",
            "question3": "50",
            "question4": "80"
        },
        "pills-survey": {
            "question1": "5",
            "question2": "2",
            "question3": "5",
            "question4": "4"
        }
    },
    "logs": {
        "labelEvents": [
            {
                "time": "2018-02-05T18:32:07.241Z",
                "type": "START",
                "source": "hotkey",
                "_t": "11:32:07",
                "_end": "-",
                "data": {
                    "type": "skip",
                    "time": 38.178981
                }
            },
            {
                "time": "2018-02-05T18:32:09.674Z",
                "type": "END",
                "source": "data:click:h_pos",
                "_t": "11:32:09",
                "_end": "-",
                "data": {
                    "lbl": {
                        "time": 31.984434170731703,
                        "endTime": 38.178981,
                        "type": "skip",
                        "id": 1
                    }
                }
            },
            {
                "time": "2018-02-05T18:32:31.401Z",
                "type": "START",
                "source": "hotkey",
                "_t": "11:32:31",
                "_end": "-",
                "data": {
                    "type": "run",
                    "time": 67.058904
                }
            },
            {
                "time": "2018-02-05T18:32:34.074Z",
                "type": "END",
                "source": "data:click:h_pos",
                "_t": "11:32:34",
                "_end": "-",
                "data": {
                    "lbl": {
                        "time": 62.92920611382102,
                        "endTime": 67.058904,
                        "type": "run",
                        "id": 2
                    }
                }
            },
            {
                "time": "2018-02-05T18:32:57.546Z",
                "type": "START",
                "source": "hotkey",
                "_t": "11:32:57",
                "_end": "-",
                "data": {
                    "type": "skip",
                    "time": 136.162267
                }
            },
            {
                "time": "2018-02-05T18:33:00.595Z",
                "type": "END",
                "source": "data:click:h_pos",
                "_t": "11:33:00",
                "_end": "-",
                "data": {
                    "lbl": {
                        "time": 127.73985683739468,
                        "endTime": 135.7819000894296,
                        "type": "skip",
                        "id": 3
                    }
                }
            },
            {
                "time": "2018-02-05T18:33:02.803Z",
                "type": "SELECT",
                "source": "data:click",
                "_t": "11:33:02",
                "_end": "-",
                "data": {
                    "time": 127.73985683739468,
                    "endTime": 135.7819000894296,
                    "type": "skip",
                    "id": 3
                }
            },
            {
                "time": {
                    "start": "2018-02-05T18:33:04.930Z",
                    "end": "2018-02-05T18:33:06.281Z"
                },
                "type": "RESIZE",
                "source": "data:brush",
                "_t": "11:33:04",
                "_end": "11:33:06",
                "data": {
                    "brushing": true,
                    "origin": [
                        127.73985683739954,
                        136.162267
                    ],
                    "_brushside": 1,
                    "start": "2018-02-05T18:33:04.930Z",
                    "ε": 0.1,
                    "mode": "resize"
                }
            },
            {
                "time": "2018-02-05T18:33:34.443Z",
                "type": "START",
                "source": "hotkey",
                "_t": "11:33:34",
                "_end": "-",
                "data": {
                    "type": "skip",
                    "time": 210.366669
                }
            },
            {
                "time": "2018-02-05T18:33:38.244Z",
                "type": "END",
                "source": "data:click:h_pos",
                "_t": "11:33:38",
                "_end": "-",
                "data": {
                    "lbl": {
                        "time": 202.10727322764518,
                        "endTime": 210.366669,
                        "type": "skip",
                        "id": 4
                    }
                }
            },
            {
                "time": "2018-02-05T18:33:58.235Z",
                "type": "START",
                "source": "side-bar:button",
                "_t": "11:33:58",
                "_end": "-",
                "data": {
                    "type": "run",
                    "time": 283.347934
                }
            },
            {
                "time": "2018-02-05T18:34:00.663Z",
                "type": "END",
                "source": "data:click:h_pos",
                "_t": "11:34:00",
                "_end": "-",
                "data": {
                    "lbl": {
                        "time": 279.27257424391985,
                        "endTime": 283.0545080975597,
                        "type": "run",
                        "id": 5
                    }
                }
            },
            {
                "time": "2018-02-05T18:34:02.340Z",
                "type": "SELECT",
                "source": "data:click",
                "_t": "11:34:02",
                "_end": "-",
                "data": {
                    "time": 279.27257424391985,
                    "endTime": 283.0545080975597,
                    "type": "run",
                    "id": 5
                }
            },
            {
                "time": "2018-02-05T18:34:11.467Z",
                "type": "DESELECT",
                "source": "data:click",
                "_t": "11:34:11",
                "_end": "-",
                "data": {
                    "time": 279.27257424391985,
                    "endTime": 283.347934,
                    "type": "run",
                    "id": 5
                }
            },
            {
                "time": "2018-02-05T18:34:13.850Z",
                "type": "SELECT",
                "source": "data:click",
                "_t": "11:34:13",
                "_end": "-",
                "data": {
                    "time": 279.27257424391985,
                    "endTime": 283.0545080975597,
                    "type": "run",
                    "id": 5
                }
            },
            {
                "time": {
                    "start": "2018-02-05T18:34:14.680Z",
                    "end": "2018-02-05T18:34:16.483Z"
                },
                "type": "RESIZE",
                "source": "data:brush",
                "_t": "11:34:14",
                "_end": "11:34:16",
                "data": {
                    "brushing": true,
                    "origin": [
                        279.27257424391985,
                        283.347934
                    ],
                    "_brushside": 1,
                    "start": "2018-02-05T18:34:14.680Z",
                    "ε": 0.1,
                    "mode": "resize"
                }
            }
        ],
        "navigationEvents": [
            {
                "time": "2018-02-05T18:31:28.161Z",
                "type": "PLAY",
                "source": "video:button",
                "_t": "11:31:28",
                "_end": "-"
            },
            {
                "time": "2018-02-05T18:32:02.522Z",
                "type": "PAUSE",
                "source": "hotkey",
                "_t": "11:32:02",
                "_end": "-",
                "data": {
                    "key": "space"
                }
            },
            {
                "time": {
                    "start": "2018-02-05T18:31:11.273Z",
                    "end": "2018-02-05T18:32:06.449Z"
                },
                "type": "SCRUB",
                "source": "data:drag",
                "_t": "11:31:11",
                "_end": "11:32:06",
                "data": {
                    "time": 38.178981
                }
            },
            {
                "time": {
                    "start": "2018-02-05T18:31:11.273Z",
                    "end": "2018-02-05T18:32:09.673Z"
                },
                "type": "SCRUB",
                "source": "data:drag",
                "_t": "11:31:11",
                "_end": "11:32:09",
                "data": {
                    "time": 38.178981
                }
            },
            {
                "time": "2018-02-05T18:32:10.312Z",
                "type": "PLAY",
                "source": "hotkey",
                "_t": "11:32:10",
                "_end": "-",
                "data": {
                    "key": "space"
                }
            },
            {
                "time": "2018-02-05T18:32:12.118Z",
                "type": "SKIP",
                "source": "hotkey",
                "_t": "11:32:12",
                "_end": "-",
                "data": {
                    "t": 39.914301,
                    "Δt": 5,
                    "key": "right"
                }
            },
            {
                "time": "2018-02-05T18:32:12.232Z",
                "type": "SKIP",
                "source": "hotkey",
                "_t": "11:32:12",
                "_end": "-",
                "data": {
                    "t": 44.914301,
                    "Δt": 5,
                    "key": "right"
                }
            },
            {
                "time": {
                    "start": "2018-02-05T18:31:11.273Z",
                    "end": "2018-02-05T18:32:15.758Z"
                },
                "type": "SCRUB",
                "source": "data:drag",
                "_t": "11:31:11",
                "_end": "11:32:15",
                "data": {
                    "time": 63.416441
                }
            },
            {
                "time": "2018-02-05T18:32:18.935Z",
                "type": "PAUSE",
                "source": "hotkey",
                "_t": "11:32:18",
                "_end": "-",
                "data": {
                    "key": "space"
                }
            },
            {
                "time": "2018-02-05T18:32:19.912Z",
                "type": "SKIP",
                "source": "hotkey",
                "_t": "11:32:19",
                "_end": "-",
                "data": {
                    "t": 66.400956,
                    "Δt": -1,
                    "key": "left"
                }
            },
            {
                "time": "2018-02-05T18:32:20.601Z",
                "type": "SKIP",
                "source": "hotkey",
                "_t": "11:32:20",
                "_end": "-",
                "data": {
                    "t": 65.400954,
                    "Δt": -1,
                    "key": "left"
                }
            },
            {
                "time": "2018-02-05T18:32:20.842Z",
                "type": "SKIP",
                "source": "hotkey",
                "_t": "11:32:20",
                "_end": "-",
                "data": {
                    "t": 64.400954,
                    "Δt": -1,
                    "key": "left"
                }
            },
            {
                "time": "2018-02-05T18:32:21.450Z",
                "type": "SKIP",
                "source": "hotkey",
                "_t": "11:32:21",
                "_end": "-",
                "data": {
                    "t": 63.400954,
                    "Δt": -1,
                    "key": "left"
                }
            },
            {
                "time": "2018-02-05T18:32:22.121Z",
                "type": "PLAY",
                "source": "hotkey",
                "_t": "11:32:22",
                "_end": "-",
                "data": {
                    "key": "space"
                }
            },
            {
                "time": "2018-02-05T18:32:26.522Z",
                "type": "PAUSE",
                "source": "hotkey",
                "_t": "11:32:26",
                "_end": "-",
                "data": {
                    "key": "space"
                }
            },
            {
                "time": "2018-02-05T18:32:27.561Z",
                "type": "PLAY",
                "source": "hotkey",
                "_t": "11:32:27",
                "_end": "-",
                "data": {
                    "key": "space"
                }
            },
            {
                "time": "2018-02-05T18:32:27.873Z",
                "type": "PAUSE",
                "source": "hotkey",
                "_t": "11:32:27",
                "_end": "-",
                "data": {
                    "key": "space"
                }
            },
            {
                "time": {
                    "start": "2018-02-05T18:31:11.273Z",
                    "end": "2018-02-05T18:32:34.072Z"
                },
                "type": "SCRUB",
                "source": "data:drag",
                "_t": "11:31:11",
                "_end": "11:32:34",
                "data": {
                    "time": 67.058904
                }
            },
            {
                "time": {
                    "start": "2018-02-05T18:31:11.273Z",
                    "end": "2018-02-05T18:32:38.070Z"
                },
                "type": "SCRUB",
                "source": "data:drag",
                "_t": "11:31:11",
                "_end": "11:32:38",
                "data": {
                    "time": 124.874674
                }
            },
            {
                "time": "2018-02-05T18:32:39.817Z",
                "type": "PLAY",
                "source": "hotkey",
                "_t": "11:32:39",
                "_end": "-",
                "data": {
                    "key": "space"
                }
            },
            {
                "time": "2018-02-05T18:32:49.705Z",
                "type": "PAUSE",
                "source": "hotkey",
                "_t": "11:32:49",
                "_end": "-",
                "data": {
                    "key": "space"
                }
            },
            {
                "time": "2018-02-05T18:32:50.554Z",
                "type": "PLAY",
                "source": "hotkey",
                "_t": "11:32:50",
                "_end": "-",
                "data": {
                    "key": "space"
                }
            },
            {
                "time": "2018-02-05T18:32:51.993Z",
                "type": "PAUSE",
                "source": "hotkey",
                "_t": "11:32:51",
                "_end": "-",
                "data": {
                    "key": "space"
                }
            },
            {
                "time": {
                    "start": "2018-02-05T18:31:11.273Z",
                    "end": "2018-02-05T18:33:00.593Z"
                },
                "type": "SCRUB",
                "source": "data:drag",
                "_t": "11:31:11",
                "_end": "11:33:00",
                "data": {
                    "time": 136.162267
                }
            },
            {
                "time": {
                    "start": "2018-02-05T18:31:11.273Z",
                    "end": "2018-02-05T18:33:02.237Z"
                },
                "type": "SCRUB",
                "source": "data:drag",
                "_t": "11:31:11",
                "_end": "11:33:02",
                "data": {
                    "time": 138.879173
                }
            },
            {
                "time": {
                    "start": "2018-02-05T18:31:11.273Z",
                    "end": "2018-02-05T18:33:02.801Z"
                },
                "type": "SCRUB",
                "source": "data:drag",
                "_t": "11:31:11",
                "_end": "11:33:02",
                "data": {
                    "time": 138.879173
                }
            },
            {
                "time": {
                    "start": "2018-02-05T18:31:11.273Z",
                    "end": "2018-02-05T18:33:06.290Z"
                },
                "type": "SCRUB",
                "source": "data:drag",
                "_t": "11:31:11",
                "_end": "11:33:06",
                "data": {
                    "time": 138.879173
                }
            },
            {
                "time": {
                    "start": "2018-02-05T18:31:11.273Z",
                    "end": "2018-02-05T18:33:08.430Z"
                },
                "type": "SCRUB",
                "source": "data:drag",
                "_t": "11:31:11",
                "_end": "11:33:08",
                "data": {
                    "time": 188.435547
                }
            },
            {
                "time": {
                    "start": "2018-02-05T18:31:11.273Z",
                    "end": "2018-02-05T18:33:09.838Z"
                },
                "type": "SCRUB",
                "source": "data:drag",
                "_t": "11:31:11",
                "_end": "11:33:09",
                "data": {
                    "time": 197.401338
                }
            },
            {
                "time": "2018-02-05T18:33:11.326Z",
                "type": "PLAY",
                "source": "hotkey",
                "_t": "11:33:11",
                "_end": "-",
                "data": {
                    "key": "space"
                }
            },
            {
                "time": "2018-02-05T18:33:16.041Z",
                "type": "PAUSE",
                "source": "hotkey",
                "_t": "11:33:16",
                "_end": "-",
                "data": {
                    "key": "space"
                }
            },
            {
                "time": {
                    "start": "2018-02-05T18:31:11.273Z",
                    "end": "2018-02-05T18:33:18.436Z"
                },
                "type": "SCRUB",
                "source": "data:drag",
                "_t": "11:31:11",
                "_end": "11:33:18",
                "data": {
                    "time": 201.486912
                }
            },
            {
                "time": "2018-02-05T18:33:20.057Z",
                "type": "PLAY",
                "source": "hotkey",
                "_t": "11:33:20",
                "_end": "-",
                "data": {
                    "key": "space"
                }
            },
            {
                "time": "2018-02-05T18:33:20.972Z",
                "type": "PAUSE",
                "source": "hotkey",
                "_t": "11:33:20",
                "_end": "-",
                "data": {
                    "key": "space"
                }
            },
            {
                "time": "2018-02-05T18:33:21.771Z",
                "type": "PLAY",
                "source": "hotkey",
                "_t": "11:33:21",
                "_end": "-",
                "data": {
                    "key": "space"
                }
            },
            {
                "time": "2018-02-05T18:33:28.329Z",
                "type": "PAUSE",
                "source": "hotkey",
                "_t": "11:33:28",
                "_end": "-",
                "data": {
                    "key": "space"
                }
            },
            {
                "time": "2018-02-05T18:33:29.114Z",
                "type": "PLAY",
                "source": "hotkey",
                "_t": "11:33:29",
                "_end": "-",
                "data": {
                    "key": "space"
                }
            },
            {
                "time": "2018-02-05T18:33:30.618Z",
                "type": "PAUSE",
                "source": "hotkey",
                "_t": "11:33:30",
                "_end": "-",
                "data": {
                    "key": "space"
                }
            },
            {
                "time": {
                    "start": "2018-02-05T18:31:11.273Z",
                    "end": "2018-02-05T18:33:38.242Z"
                },
                "type": "SCRUB",
                "source": "data:drag",
                "_t": "11:31:11",
                "_end": "11:33:38",
                "data": {
                    "time": 210.366669
                }
            },
            {
                "time": "2018-02-05T18:33:40.267Z",
                "type": "PLAY",
                "source": "hotkey",
                "_t": "11:33:40",
                "_end": "-",
                "data": {
                    "key": "space"
                }
            },
            {
                "time": {
                    "start": "2018-02-05T18:31:11.273Z",
                    "end": "2018-02-05T18:33:41.552Z"
                },
                "type": "SCRUB",
                "source": "data:drag",
                "_t": "11:31:11",
                "_end": "11:33:41",
                "data": {
                    "time": 237.490654
                }
            },
            {
                "time": {
                    "start": "2018-02-05T18:31:11.273Z",
                    "end": "2018-02-05T18:33:43.191Z"
                },
                "type": "SCRUB",
                "source": "data:drag",
                "_t": "11:31:11",
                "_end": "11:33:43",
                "data": {
                    "time": 279.356892
                }
            },
            {
                "time": {
                    "start": "2018-02-05T18:31:11.273Z",
                    "end": "2018-02-05T18:33:48.186Z"
                },
                "type": "SCRUB",
                "source": "data:drag",
                "_t": "11:31:11",
                "_end": "11:33:48",
                "data": {
                    "time": 279.13065
                }
            },
            {
                "time": "2018-02-05T18:33:49.371Z",
                "type": "PAUSE",
                "source": "hotkey",
                "_t": "11:33:49",
                "_end": "-",
                "data": {
                    "key": "space"
                }
            },
            {
                "time": "2018-02-05T18:33:50.906Z",
                "type": "PLAY",
                "source": "hotkey",
                "_t": "11:33:50",
                "_end": "-",
                "data": {
                    "key": "space"
                }
            },
            {
                "time": "2018-02-05T18:33:53.951Z",
                "type": "PAUSE",
                "source": "hotkey",
                "_t": "11:33:53",
                "_end": "-",
                "data": {
                    "key": "space"
                }
            },
            {
                "time": {
                    "start": "2018-02-05T18:31:11.273Z",
                    "end": "2018-02-05T18:34:00.663Z"
                },
                "type": "SCRUB",
                "source": "data:drag",
                "_t": "11:31:11",
                "_end": "11:34:00",
                "data": {
                    "time": 283.347934
                }
            },
            {
                "time": {
                    "start": "2018-02-05T18:31:11.273Z",
                    "end": "2018-02-05T18:34:01.843Z"
                },
                "type": "SCRUB",
                "source": "data:drag",
                "_t": "11:31:11",
                "_end": "11:34:01",
                "data": {
                    "time": 283.630492
                }
            },
            {
                "time": {
                    "start": "2018-02-05T18:31:11.273Z",
                    "end": "2018-02-05T18:34:02.338Z"
                },
                "type": "SCRUB",
                "source": "data:drag",
                "_t": "11:31:11",
                "_end": "11:34:02",
                "data": {
                    "time": 283.630492
                }
            },
            {
                "time": {
                    "start": "2018-02-05T18:31:11.273Z",
                    "end": "2018-02-05T18:34:04.754Z"
                },
                "type": "SCRUB",
                "source": "data:drag",
                "_t": "11:31:11",
                "_end": "11:34:04",
                "data": {
                    "time": 282.924096
                }
            },
            {
                "time": {
                    "start": "2018-02-05T18:31:11.273Z",
                    "end": "2018-02-05T18:34:07.089Z"
                },
                "type": "SCRUB",
                "source": "data:drag",
                "_t": "11:31:11",
                "_end": "11:34:07",
                "data": {
                    "time": 282.478523
                }
            },
            {
                "time": "2018-02-05T18:34:08.174Z",
                "type": "PLAY",
                "source": "hotkey",
                "_t": "11:34:08",
                "_end": "-",
                "data": {
                    "key": "space"
                }
            },
            {
                "time": "2018-02-05T18:34:09.450Z",
                "type": "PAUSE",
                "source": "hotkey",
                "_t": "11:34:09",
                "_end": "-",
                "data": {
                    "key": "space"
                }
            },
            {
                "time": {
                    "start": "2018-02-05T18:31:11.273Z",
                    "end": "2018-02-05T18:34:11.466Z"
                },
                "type": "SCRUB",
                "source": "data:drag",
                "_t": "11:31:11",
                "_end": "11:34:11",
                "data": {
                    "time": 283.700991
                }
            },
            {
                "time": {
                    "start": "2018-02-05T18:31:11.273Z",
                    "end": "2018-02-05T18:34:13.849Z"
                },
                "type": "SCRUB",
                "source": "data:drag",
                "_t": "11:31:11",
                "_end": "11:34:13",
                "data": {
                    "time": 283.700991
                }
            },
            {
                "time": {
                    "start": "2018-02-05T18:31:11.273Z",
                    "end": "2018-02-05T18:34:16.505Z"
                },
                "type": "SCRUB",
                "source": "data:drag",
                "_t": "11:31:11",
                "_end": "11:34:16",
                "data": {
                    "time": 283.700991
                }
            },
            {
                "time": {
                    "start": "2018-02-05T18:31:11.273Z",
                    "end": "2018-02-05T18:34:17.697Z"
                },
                "type": "SCRUB",
                "source": "data:drag",
                "_t": "11:31:11",
                "_end": "11:34:17",
                "data": {
                    "time": 288.493614
                }
            },
            {
                "time": {
                    "start": "2018-02-05T18:31:11.273Z",
                    "end": "2018-02-05T18:34:18.443Z"
                },
                "type": "SCRUB",
                "source": "data:drag",
                "_t": "11:31:11",
                "_end": "11:34:18",
                "data": {
                    "time": 292.851532
                }
            },
            {
                "time": {
                    "start": "2018-02-05T18:31:11.273Z",
                    "end": "2018-02-05T18:34:19.149Z"
                },
                "type": "SCRUB",
                "source": "data:drag",
                "_t": "11:31:11",
                "_end": "11:34:19",
                "data": {
                    "time": 299.252563
                }
            }
        ]
    }
}