{
    "user_id": "053",
    "session_id": "5a78abeeee2b1975ba835bc8",
    "study": "studyD",
    "workspace": "newrun.Run-thurs-five-fixed-finally",
    "details": {
        "workspace": "newrun.Run-thurs-five-fixed-finally",
        "labels": [
            {
                "time": 33.297386,
                "endTime": 37.680193,
                "type": "skip",
                "id": 1
            },
            {
                "time": 31.66834761788618,
                "endTime": 33.297386,
                "type": "skip",
                "id": 2
            },
            {
                "time": 62.923301926829325,
                "endTime": 67.10733794308938,
                "type": "run",
                "id": 3
            },
            {
                "time": 127.34428496747898,
                "endTime": 135.712357,
                "type": "skip",
                "id": 4
            },
            {
                "time": 202.08610821138325,
                "endTime": 210.0682454471576,
                "type": "skip",
                "id": 5
            },
            {
                "time": 279.4473556585365,
                "endTime": 282.9793341138213,
                "type": "run",
                "id": 6
            },
            {
                "time": 475.43740413821024,
                "endTime": 479.8387926747998,
                "type": "run",
                "id": 7
            },
            {
                "time": 543.6163371382105,
                "endTime": 548.0720638048814,
                "type": "run",
                "id": 8
            },
            {
                "time": 599.3386249186983,
                "endTime": 608.323737,
                "type": "skip",
                "id": 9
            }
        ],
        "_starts": [
            "2018-02-05T19:30:03.000Z"
        ],
        "_ends": [
            "2018-02-05T19:33:21.373Z"
        ]
    },
    "labels_file": "/home/ubuntu/vat/data/user-studies/studyD/run-blue/053.labels.json",
    "videoFlash": 3.929378,
    "surveys": {
        "user-info": {
            "firstname": "Marshall",
            "lastname": "Rawlins",
            "email": "mjamesr4@gmail.com"
        },
        "practice-first": {
            "question1": "3",
            "question2": "ok",
            "question3": "50",
            "question4": "3"
        },
        "practice-second": {},
        "practice-third": {},
        "practice-survey": {},
        "pill-blue": {
            "question1": "5",
            "question2": "5",
            "question3": "70",
            "question4": "0"
        },
        "pill-red": {
            "question1": "4",
            "question2": "3",
            "question3": "50",
            "question4": "0"
        },
        "pill-orange": {
            "question1": "4",
            "question2": "5",
            "question3": "100",
            "question4": "10"
        },
        "pills-survey": {
            "question1": "5",
            "question2": "2",
            "question3": "2",
            "question4": "5"
        }
    },
    "logs": {
        "labelEvents": [
            {
                "time": "2018-02-05T19:30:59.194Z",
                "type": "START",
                "source": "hotkey",
                "_t": "12:30:59",
                "_end": "-",
                "data": {
                    "type": "skip",
                    "time": 33.297386
                }
            },
            {
                "time": "2018-02-05T19:31:03.581Z",
                "type": "START",
                "source": "hotkey",
                "_t": "12:31:03",
                "_end": "-",
                "data": {
                    "type": "skip",
                    "time": 37.680193
                }
            },
            {
                "time": "2018-02-05T19:31:07.322Z",
                "type": "END",
                "source": "data:click:h_pos",
                "_t": "12:31:07",
                "_end": "-",
                "data": {
                    "lbl": {
                        "time": 31.66834761788618,
                        "endTime": 33.297386,
                        "type": "skip",
                        "id": 2
                    }
                }
            },
            {
                "time": "2018-02-05T19:31:20.760Z",
                "type": "START",
                "source": "side-bar:button",
                "_t": "12:31:20",
                "_end": "-",
                "data": {
                    "type": "run",
                    "time": 65.042489
                }
            },
            {
                "time": "2018-02-05T19:31:22.256Z",
                "type": "END",
                "source": "data:click:h_pos",
                "_t": "12:31:22",
                "_end": "-",
                "data": {
                    "lbl": {
                        "time": 62.923301926829325,
                        "endTime": 67.10733794308938,
                        "type": "run",
                        "id": 3
                    }
                }
            },
            {
                "time": "2018-02-05T19:31:22.818Z",
                "type": "SELECT",
                "source": "data:click",
                "_t": "12:31:22",
                "_end": "-",
                "data": {
                    "time": 62.923301926829325,
                    "endTime": 67.10733794308938,
                    "type": "run",
                    "id": 3
                }
            },
            {
                "time": {
                    "start": "2018-02-05T19:31:24.048Z",
                    "end": "2018-02-05T19:31:24.992Z"
                },
                "type": "RESIZE",
                "source": "data:brush",
                "_t": "12:31:24",
                "_end": "12:31:24",
                "data": {
                    "brushing": true,
                    "origin": [
                        62.923301926829325,
                        65.042489
                    ],
                    "_brushside": 1,
                    "start": "2018-02-05T19:31:24.048Z",
                    "ε": 0.1,
                    "mode": "resize"
                }
            },
            {
                "time": "2018-02-05T19:31:27.485Z",
                "type": "DESELECT",
                "source": "data:click",
                "_t": "12:31:27",
                "_end": "-",
                "data": {
                    "time": 62.923301926829325,
                    "endTime": 67.10733794308938,
                    "type": "run",
                    "id": 3
                }
            },
            {
                "time": "2018-02-05T19:31:41.880Z",
                "type": "START",
                "source": "side-bar:button",
                "_t": "12:31:41",
                "_end": "-",
                "data": {
                    "type": "skip",
                    "time": 135.712357
                }
            },
            {
                "time": "2018-02-05T19:31:43.849Z",
                "type": "END",
                "source": "data:click:h_pos",
                "_t": "12:31:43",
                "_end": "-",
                "data": {
                    "lbl": {
                        "time": 127.34428496747898,
                        "endTime": 135.712357,
                        "type": "skip",
                        "id": 4
                    }
                }
            },
            {
                "time": "2018-02-05T19:31:53.409Z",
                "type": "START",
                "source": "side-bar:button",
                "_t": "12:31:53",
                "_end": "-",
                "data": {
                    "type": "skip",
                    "time": 205.28649
                }
            },
            {
                "time": "2018-02-05T19:31:56.092Z",
                "type": "END",
                "source": "data:click:h_pos",
                "_t": "12:31:56",
                "_end": "-",
                "data": {
                    "lbl": {
                        "time": 202.08610821138325,
                        "endTime": 210.0682454471576,
                        "type": "skip",
                        "id": 5
                    }
                }
            },
            {
                "time": "2018-02-05T19:31:56.882Z",
                "type": "SELECT",
                "source": "data:click",
                "_t": "12:31:56",
                "_end": "-",
                "data": {
                    "time": 202.08610821138325,
                    "endTime": 210.0682454471576,
                    "type": "skip",
                    "id": 5
                }
            },
            {
                "time": "2018-02-05T19:32:00.541Z",
                "type": "DESELECT",
                "source": "data:click",
                "_t": "12:32:00",
                "_end": "-",
                "data": {
                    "time": 202.62948951219244,
                    "endTime": 205.28649,
                    "type": "skip",
                    "id": 5
                }
            },
            {
                "time": "2018-02-05T19:32:01.362Z",
                "type": "SELECT",
                "source": "data:click",
                "_t": "12:32:01",
                "_end": "-",
                "data": {
                    "time": 202.08610821138325,
                    "endTime": 210.0682454471576,
                    "type": "skip",
                    "id": 5
                }
            },
            {
                "time": "2018-02-05T19:32:02.368Z",
                "type": "DESELECT",
                "source": "data:click",
                "_t": "12:32:02",
                "_end": "-",
                "data": {
                    "time": 202.62948951219244,
                    "endTime": 205.28649,
                    "type": "skip",
                    "id": 5
                }
            },
            {
                "time": "2018-02-05T19:32:03.274Z",
                "type": "SELECT",
                "source": "data:click",
                "_t": "12:32:03",
                "_end": "-",
                "data": {
                    "time": 202.08610821138325,
                    "endTime": 210.0682454471576,
                    "type": "skip",
                    "id": 5
                }
            },
            {
                "time": {
                    "start": "2018-02-05T19:32:04.170Z",
                    "end": "2018-02-05T19:32:05.105Z"
                },
                "type": "RESIZE",
                "source": "data:brush",
                "_t": "12:32:04",
                "_end": "12:32:05",
                "data": {
                    "brushing": true,
                    "origin": [
                        202.62948951219244,
                        205.28649
                    ],
                    "_brushside": 1,
                    "start": "2018-02-05T19:32:04.170Z",
                    "ε": 0.1,
                    "mode": "resize"
                }
            },
            {
                "time": {
                    "start": "2018-02-05T19:32:06.209Z",
                    "end": "2018-02-05T19:32:06.793Z"
                },
                "type": "RESIZE",
                "source": "data:brush",
                "_t": "12:32:06",
                "_end": "12:32:06",
                "data": {
                    "brushing": true,
                    "origin": [
                        202.62948951219633,
                        210.0682454471576
                    ],
                    "_brushside": 0,
                    "start": "2018-02-05T19:32:06.209Z",
                    "ε": 0.1,
                    "mode": "resize"
                }
            },
            {
                "time": "2018-02-05T19:32:14.640Z",
                "type": "START",
                "source": "side-bar:button",
                "_t": "12:32:14",
                "_end": "-",
                "data": {
                    "type": "run",
                    "time": 280.425442
                }
            },
            {
                "time": "2018-02-05T19:32:16.167Z",
                "type": "END",
                "source": "data:click:h_pos",
                "_t": "12:32:16",
                "_end": "-",
                "data": {
                    "lbl": {
                        "time": 279.4473556585365,
                        "endTime": 282.9793341138213,
                        "type": "run",
                        "id": 6
                    }
                }
            },
            {
                "time": "2018-02-05T19:32:16.706Z",
                "type": "SELECT",
                "source": "data:click",
                "_t": "12:32:16",
                "_end": "-",
                "data": {
                    "time": 279.4473556585365,
                    "endTime": 282.9793341138213,
                    "type": "run",
                    "id": 6
                }
            },
            {
                "time": {
                    "start": "2018-02-05T19:32:17.521Z",
                    "end": "2018-02-05T19:32:18.832Z"
                },
                "type": "RESIZE",
                "source": "data:brush",
                "_t": "12:32:17",
                "_end": "12:32:18",
                "data": {
                    "brushing": true,
                    "origin": [
                        279.4473556585369,
                        280.425442
                    ],
                    "_brushside": 1,
                    "start": "2018-02-05T19:32:17.521Z",
                    "ε": 0.1,
                    "mode": "resize"
                }
            },
            {
                "time": "2018-02-05T19:32:21.980Z",
                "type": "DESELECT",
                "source": "data:click",
                "_t": "12:32:21",
                "_end": "-",
                "data": {
                    "time": 279.4473556585365,
                    "endTime": 282.9793341138213,
                    "type": "run",
                    "id": 6
                }
            },
            {
                "time": "2018-02-05T19:32:31.425Z",
                "type": "START",
                "source": "side-bar:button",
                "_t": "12:32:31",
                "_end": "-",
                "data": {
                    "type": "run",
                    "time": 476.632843
                }
            },
            {
                "time": "2018-02-05T19:32:32.823Z",
                "type": "END",
                "source": "data:click:h_pos",
                "_t": "12:32:32",
                "_end": "-",
                "data": {
                    "lbl": {
                        "time": 475.43740413821024,
                        "endTime": 479.8387926747998,
                        "type": "run",
                        "id": 7
                    }
                }
            },
            {
                "time": "2018-02-05T19:32:33.403Z",
                "type": "SELECT",
                "source": "data:click",
                "_t": "12:32:33",
                "_end": "-",
                "data": {
                    "time": 475.43740413821024,
                    "endTime": 479.8387926747998,
                    "type": "run",
                    "id": 7
                }
            },
            {
                "time": "2018-02-05T19:32:34.434Z",
                "type": "DESELECT",
                "source": "data:click",
                "_t": "12:32:34",
                "_end": "-",
                "data": {
                    "time": 475.43740413821024,
                    "endTime": 476.632843,
                    "type": "run",
                    "id": 7
                }
            },
            {
                "time": "2018-02-05T19:32:36.923Z",
                "type": "SELECT",
                "source": "data:click",
                "_t": "12:32:36",
                "_end": "-",
                "data": {
                    "time": 475.43740413821024,
                    "endTime": 479.8387926747998,
                    "type": "run",
                    "id": 7
                }
            },
            {
                "time": {
                    "start": "2018-02-05T19:32:37.706Z",
                    "end": "2018-02-05T19:32:39.986Z"
                },
                "type": "RESIZE",
                "source": "data:brush",
                "_t": "12:32:37",
                "_end": "12:32:39",
                "data": {
                    "brushing": true,
                    "origin": [
                        475.43740413821024,
                        476.632843
                    ],
                    "_brushside": 1,
                    "start": "2018-02-05T19:32:37.706Z",
                    "ε": 0.1,
                    "mode": "resize"
                }
            },
            {
                "time": "2018-02-05T19:32:41.213Z",
                "type": "DESELECT",
                "source": "data:click",
                "_t": "12:32:41",
                "_end": "-",
                "data": {
                    "time": 475.43740413821024,
                    "endTime": 479.8387926747998,
                    "type": "run",
                    "id": 7
                }
            },
            {
                "time": "2018-02-05T19:32:47.841Z",
                "type": "START",
                "source": "side-bar:button",
                "_t": "12:32:47",
                "_end": "-",
                "data": {
                    "type": "run",
                    "time": 544.811776
                }
            },
            {
                "time": "2018-02-05T19:32:49.319Z",
                "type": "END",
                "source": "data:click:h_pos",
                "_t": "12:32:49",
                "_end": "-",
                "data": {
                    "lbl": {
                        "time": 543.6163371382105,
                        "endTime": 548.0720638048814,
                        "type": "run",
                        "id": 8
                    }
                }
            },
            {
                "time": "2018-02-05T19:32:50.539Z",
                "type": "SELECT",
                "source": "data:click",
                "_t": "12:32:50",
                "_end": "-",
                "data": {
                    "time": 543.6163371382105,
                    "endTime": 548.0720638048814,
                    "type": "run",
                    "id": 8
                }
            },
            {
                "time": {
                    "start": "2018-02-05T19:32:51.377Z",
                    "end": "2018-02-05T19:32:52.233Z"
                },
                "type": "RESIZE",
                "source": "data:brush",
                "_t": "12:32:51",
                "_end": "12:32:52",
                "data": {
                    "brushing": true,
                    "origin": [
                        543.725013398373,
                        544.811776
                    ],
                    "_brushside": 1,
                    "start": "2018-02-05T19:32:51.377Z",
                    "ε": 0.1,
                    "mode": "resize"
                }
            },
            {
                "time": {
                    "start": "2018-02-05T19:32:53.624Z",
                    "end": "2018-02-05T19:32:53.727Z"
                },
                "type": "MOVE",
                "source": "data:brush",
                "_t": "12:32:53",
                "_end": "12:32:53",
                "data": {
                    "brushing": true,
                    "origin": [
                        543.725013398373,
                        548.1807400650439
                    ],
                    "start": "2018-02-05T19:32:53.624Z",
                    "ε": 0.1,
                    "mode": "move"
                }
            },
            {
                "time": "2018-02-05T19:32:54.965Z",
                "type": "DESELECT",
                "source": "data:click",
                "_t": "12:32:54",
                "_end": "-",
                "data": {
                    "time": 543.6163371382105,
                    "endTime": 548.0720638048814,
                    "type": "run",
                    "id": 8
                }
            },
            {
                "time": "2018-02-05T19:32:59.315Z",
                "type": "START",
                "source": "side-bar:button",
                "_t": "12:32:59",
                "_end": "-",
                "data": {
                    "type": "skip",
                    "time": 600.208035
                }
            },
            {
                "time": "2018-02-05T19:33:07.438Z",
                "type": "END",
                "source": "hotkey:ctb",
                "_t": "12:33:07",
                "_end": "-",
                "data": {
                    "lbl": {
                        "time": 599.3386249186983,
                        "endTime": 608.323737,
                        "type": "skip",
                        "id": 9
                    },
                    "key": "enter"
                }
            },
            {
                "time": "2018-02-05T19:33:10.547Z",
                "type": "SELECT",
                "source": "data:click",
                "_t": "12:33:10",
                "_end": "-",
                "data": {
                    "time": 599.3386249186983,
                    "endTime": 608.323737,
                    "type": "skip",
                    "id": 9
                }
            },
            {
                "time": {
                    "start": "2018-02-05T19:33:12.114Z",
                    "end": "2018-02-05T19:33:13.209Z"
                },
                "type": "RESIZE",
                "source": "data:brush",
                "_t": "12:33:12",
                "_end": "12:33:13",
                "data": {
                    "brushing": true,
                    "origin": [
                        600.208035,
                        608.323737
                    ],
                    "_brushside": 0,
                    "start": "2018-02-05T19:33:12.114Z",
                    "ε": 0.1,
                    "mode": "resize"
                }
            }
        ],
        "navigationEvents": [
            {
                "time": {
                    "start": "2018-02-05T19:30:03.698Z",
                    "end": "2018-02-05T19:31:04.087Z"
                },
                "type": "SCRUB",
                "source": "data:drag",
                "_t": "12:30:03",
                "_end": "12:31:04",
                "data": {
                    "time": 38.187782
                }
            },
            {
                "time": "2018-02-05T19:31:05.664Z",
                "type": "PAUSE",
                "source": "video:button",
                "_t": "12:31:05",
                "_end": "-"
            },
            {
                "time": {
                    "start": "2018-02-05T19:30:03.698Z",
                    "end": "2018-02-05T19:31:07.320Z"
                },
                "type": "SCRUB",
                "source": "data:drag",
                "_t": "12:30:03",
                "_end": "12:31:07",
                "data": {
                    "time": 39.764729
                }
            },
            {
                "time": "2018-02-05T19:31:09.345Z",
                "type": "PLAY",
                "source": "video:button",
                "_t": "12:31:09",
                "_end": "-"
            },
            {
                "time": {
                    "start": "2018-02-05T19:30:03.698Z",
                    "end": "2018-02-05T19:31:11.954Z"
                },
                "type": "SCRUB",
                "source": "data:drag",
                "_t": "12:30:03",
                "_end": "12:31:11",
                "data": {
                    "time": 57.876148
                }
            },
            {
                "time": "2018-02-05T19:31:19.158Z",
                "type": "PAUSE",
                "source": "video:button",
                "_t": "12:31:19",
                "_end": "-"
            },
            {
                "time": {
                    "start": "2018-02-05T19:30:03.698Z",
                    "end": "2018-02-05T19:31:22.254Z"
                },
                "type": "SCRUB",
                "source": "data:drag",
                "_t": "12:30:03",
                "_end": "12:31:22",
                "data": {
                    "time": 65.042489
                }
            },
            {
                "time": {
                    "start": "2018-02-05T19:30:03.698Z",
                    "end": "2018-02-05T19:31:22.816Z"
                },
                "type": "SCRUB",
                "source": "data:drag",
                "_t": "12:30:03",
                "_end": "12:31:22",
                "data": {
                    "time": 65.042489
                }
            },
            {
                "time": {
                    "start": "2018-02-05T19:30:03.698Z",
                    "end": "2018-02-05T19:31:25.013Z"
                },
                "type": "SCRUB",
                "source": "data:drag",
                "_t": "12:30:03",
                "_end": "12:31:25",
                "data": {
                    "time": 65.042489
                }
            },
            {
                "time": {
                    "start": "2018-02-05T19:30:03.698Z",
                    "end": "2018-02-05T19:31:26.706Z"
                },
                "type": "SCRUB",
                "source": "data:drag",
                "_t": "12:30:03",
                "_end": "12:31:26",
                "data": {
                    "time": 101.286021
                }
            },
            {
                "time": {
                    "start": "2018-02-05T19:30:03.698Z",
                    "end": "2018-02-05T19:31:27.484Z"
                },
                "type": "SCRUB",
                "source": "data:drag",
                "_t": "12:30:03",
                "_end": "12:31:27",
                "data": {
                    "time": 101.286021
                }
            },
            {
                "time": {
                    "start": "2018-02-05T19:30:03.698Z",
                    "end": "2018-02-05T19:31:28.752Z"
                },
                "type": "SCRUB",
                "source": "data:drag",
                "_t": "12:30:03",
                "_end": "12:31:28",
                "data": {
                    "time": 101.286021
                }
            },
            {
                "time": {
                    "start": "2018-02-05T19:30:03.698Z",
                    "end": "2018-02-05T19:31:30.353Z"
                },
                "type": "SCRUB",
                "source": "data:drag",
                "_t": "12:30:03",
                "_end": "12:31:30",
                "data": {
                    "time": 126.824942
                }
            },
            {
                "time": "2018-02-05T19:31:31.137Z",
                "type": "PLAY",
                "source": "video:button",
                "_t": "12:31:31",
                "_end": "-"
            },
            {
                "time": "2018-02-05T19:31:40.073Z",
                "type": "PAUSE",
                "source": "video:button",
                "_t": "12:31:40",
                "_end": "-"
            },
            {
                "time": {
                    "start": "2018-02-05T19:30:03.698Z",
                    "end": "2018-02-05T19:31:43.847Z"
                },
                "type": "SCRUB",
                "source": "data:drag",
                "_t": "12:30:03",
                "_end": "12:31:43",
                "data": {
                    "time": 135.712357
                }
            },
            {
                "time": {
                    "start": "2018-02-05T19:30:03.698Z",
                    "end": "2018-02-05T19:31:45.448Z"
                },
                "type": "SCRUB",
                "source": "data:drag",
                "_t": "12:30:03",
                "_end": "12:31:45",
                "data": {
                    "time": 194.940918
                }
            },
            {
                "time": "2018-02-05T19:31:46.456Z",
                "type": "PLAY",
                "source": "video:button",
                "_t": "12:31:46",
                "_end": "-"
            },
            {
                "time": {
                    "start": "2018-02-05T19:30:03.698Z",
                    "end": "2018-02-05T19:31:47.575Z"
                },
                "type": "SCRUB",
                "source": "data:drag",
                "_t": "12:30:03",
                "_end": "12:31:47",
                "data": {
                    "time": 198.314474
                }
            },
            {
                "time": {
                    "start": "2018-02-05T19:30:03.698Z",
                    "end": "2018-02-05T19:31:49.117Z"
                },
                "type": "SCRUB",
                "source": "data:drag",
                "_t": "12:30:03",
                "_end": "12:31:49",
                "data": {
                    "time": 201.181448
                }
            },
            {
                "time": {
                    "start": "2018-02-05T19:30:03.698Z",
                    "end": "2018-02-05T19:31:55.023Z"
                },
                "type": "SCRUB",
                "source": "data:drag",
                "_t": "12:30:03",
                "_end": "12:31:55",
                "data": {
                    "time": 206.908414
                }
            },
            {
                "time": {
                    "start": "2018-02-05T19:30:03.698Z",
                    "end": "2018-02-05T19:31:56.089Z"
                },
                "type": "SCRUB",
                "source": "data:drag",
                "_t": "12:30:03",
                "_end": "12:31:56",
                "data": {
                    "time": 207.973195
                }
            },
            {
                "time": {
                    "start": "2018-02-05T19:30:03.698Z",
                    "end": "2018-02-05T19:31:56.880Z"
                },
                "type": "SCRUB",
                "source": "data:drag",
                "_t": "12:30:03",
                "_end": "12:31:56",
                "data": {
                    "time": 208.763655
                }
            },
            {
                "time": "2018-02-05T19:31:59.705Z",
                "type": "PAUSE",
                "source": "video:button",
                "_t": "12:31:59",
                "_end": "-"
            },
            {
                "time": {
                    "start": "2018-02-05T19:30:03.698Z",
                    "end": "2018-02-05T19:32:00.539Z"
                },
                "type": "SCRUB",
                "source": "data:drag",
                "_t": "12:30:03",
                "_end": "12:32:00",
                "data": {
                    "time": 211.584107
                }
            },
            {
                "time": {
                    "start": "2018-02-05T19:30:03.698Z",
                    "end": "2018-02-05T19:32:01.360Z"
                },
                "type": "SCRUB",
                "source": "data:drag",
                "_t": "12:30:03",
                "_end": "12:32:01",
                "data": {
                    "time": 211.584107
                }
            },
            {
                "time": {
                    "start": "2018-02-05T19:30:03.698Z",
                    "end": "2018-02-05T19:32:02.367Z"
                },
                "type": "SCRUB",
                "source": "data:drag",
                "_t": "12:30:03",
                "_end": "12:32:02",
                "data": {
                    "time": 211.584107
                }
            },
            {
                "time": {
                    "start": "2018-02-05T19:30:03.698Z",
                    "end": "2018-02-05T19:32:03.272Z"
                },
                "type": "SCRUB",
                "source": "data:drag",
                "_t": "12:30:03",
                "_end": "12:32:03",
                "data": {
                    "time": 211.584107
                }
            },
            {
                "time": {
                    "start": "2018-02-05T19:30:03.698Z",
                    "end": "2018-02-05T19:32:05.113Z"
                },
                "type": "SCRUB",
                "source": "data:drag",
                "_t": "12:30:03",
                "_end": "12:32:05",
                "data": {
                    "time": 211.584107
                }
            },
            {
                "time": {
                    "start": "2018-02-05T19:30:03.698Z",
                    "end": "2018-02-05T19:32:06.812Z"
                },
                "type": "SCRUB",
                "source": "data:drag",
                "_t": "12:30:03",
                "_end": "12:32:06",
                "data": {
                    "time": 211.584107
                }
            },
            {
                "time": "2018-02-05T19:32:08.073Z",
                "type": "PLAY",
                "source": "video:button",
                "_t": "12:32:08",
                "_end": "-"
            },
            {
                "time": {
                    "start": "2018-02-05T19:30:03.698Z",
                    "end": "2018-02-05T19:32:09.836Z"
                },
                "type": "SCRUB",
                "source": "data:drag",
                "_t": "12:30:03",
                "_end": "12:32:09",
                "data": {
                    "time": 274.201109
                }
            },
            {
                "time": {
                    "start": "2018-02-05T19:30:03.698Z",
                    "end": "2018-02-05T19:32:11.339Z"
                },
                "type": "SCRUB",
                "source": "data:drag",
                "_t": "12:30:03",
                "_end": "12:32:11",
                "data": {
                    "time": 278.567074
                }
            },
            {
                "time": "2018-02-05T19:32:13.497Z",
                "type": "PAUSE",
                "source": "video:button",
                "_t": "12:32:13",
                "_end": "-"
            },
            {
                "time": {
                    "start": "2018-02-05T19:30:03.698Z",
                    "end": "2018-02-05T19:32:16.165Z"
                },
                "type": "SCRUB",
                "source": "data:drag",
                "_t": "12:30:03",
                "_end": "12:32:16",
                "data": {
                    "time": 280.425442
                }
            },
            {
                "time": {
                    "start": "2018-02-05T19:30:03.698Z",
                    "end": "2018-02-05T19:32:16.704Z"
                },
                "type": "SCRUB",
                "source": "data:drag",
                "_t": "12:30:03",
                "_end": "12:32:16",
                "data": {
                    "time": 280.425442
                }
            },
            {
                "time": {
                    "start": "2018-02-05T19:30:03.698Z",
                    "end": "2018-02-05T19:32:18.853Z"
                },
                "type": "SCRUB",
                "source": "data:drag",
                "_t": "12:30:03",
                "_end": "12:32:18",
                "data": {
                    "time": 280.425442
                }
            },
            {
                "time": "2018-02-05T19:32:20.017Z",
                "type": "PLAY",
                "source": "video:button",
                "_t": "12:32:20",
                "_end": "-"
            },
            {
                "time": {
                    "start": "2018-02-05T19:30:03.698Z",
                    "end": "2018-02-05T19:32:21.087Z"
                },
                "type": "SCRUB",
                "source": "data:drag",
                "_t": "12:30:03",
                "_end": "12:32:21",
                "data": {
                    "time": 310.644774
                }
            },
            {
                "time": {
                    "start": "2018-02-05T19:30:03.698Z",
                    "end": "2018-02-05T19:32:21.980Z"
                },
                "type": "SCRUB",
                "source": "data:drag",
                "_t": "12:30:03",
                "_end": "12:32:21",
                "data": {
                    "time": 311.42204
                }
            },
            {
                "time": {
                    "start": "2018-02-05T19:30:03.698Z",
                    "end": "2018-02-05T19:32:23.007Z"
                },
                "type": "SCRUB",
                "source": "data:drag",
                "_t": "12:30:03",
                "_end": "12:32:23",
                "data": {
                    "time": 361.596855
                }
            },
            {
                "time": {
                    "start": "2018-02-05T19:30:03.698Z",
                    "end": "2018-02-05T19:32:23.654Z"
                },
                "type": "SCRUB",
                "source": "data:drag",
                "_t": "12:30:03",
                "_end": "12:32:23",
                "data": {
                    "time": 400.937661
                }
            },
            {
                "time": {
                    "start": "2018-02-05T19:30:03.698Z",
                    "end": "2018-02-05T19:32:24.284Z"
                },
                "type": "SCRUB",
                "source": "data:drag",
                "_t": "12:30:03",
                "_end": "12:32:24",
                "data": {
                    "time": 447.72279
                }
            },
            {
                "time": {
                    "start": "2018-02-05T19:30:03.698Z",
                    "end": "2018-02-05T19:32:25.340Z"
                },
                "type": "SCRUB",
                "source": "data:drag",
                "_t": "12:30:03",
                "_end": "12:32:25",
                "data": {
                    "time": 471.468552
                }
            },
            {
                "time": {
                    "start": "2018-02-05T19:30:03.698Z",
                    "end": "2018-02-05T19:32:26.553Z"
                },
                "type": "SCRUB",
                "source": "data:drag",
                "_t": "12:30:03",
                "_end": "12:32:26",
                "data": {
                    "time": 473.175623
                }
            },
            {
                "time": {
                    "start": "2018-02-05T19:30:03.698Z",
                    "end": "2018-02-05T19:32:27.428Z"
                },
                "type": "SCRUB",
                "source": "data:drag",
                "_t": "12:30:03",
                "_end": "12:32:27",
                "data": {
                    "time": 474.012965
                }
            },
            {
                "time": "2018-02-05T19:32:30.187Z",
                "type": "PAUSE",
                "source": "video:button",
                "_t": "12:32:30",
                "_end": "-"
            },
            {
                "time": {
                    "start": "2018-02-05T19:30:03.698Z",
                    "end": "2018-02-05T19:32:32.820Z"
                },
                "type": "SCRUB",
                "source": "data:drag",
                "_t": "12:30:03",
                "_end": "12:32:32",
                "data": {
                    "time": 476.632843
                }
            },
            {
                "time": {
                    "start": "2018-02-05T19:30:03.698Z",
                    "end": "2018-02-05T19:32:33.400Z"
                },
                "type": "SCRUB",
                "source": "data:drag",
                "_t": "12:30:03",
                "_end": "12:32:33",
                "data": {
                    "time": 476.632843
                }
            },
            {
                "time": {
                    "start": "2018-02-05T19:30:03.698Z",
                    "end": "2018-02-05T19:32:34.434Z"
                },
                "type": "SCRUB",
                "source": "data:drag",
                "_t": "12:30:03",
                "_end": "12:32:34",
                "data": {
                    "time": 476.632843
                }
            },
            {
                "time": {
                    "start": "2018-02-05T19:30:03.698Z",
                    "end": "2018-02-05T19:32:35.822Z"
                },
                "type": "SCRUB",
                "source": "data:drag",
                "_t": "12:30:03",
                "_end": "12:32:35",
                "data": {
                    "time": 488.04385
                }
            },
            {
                "time": {
                    "start": "2018-02-05T19:30:03.698Z",
                    "end": "2018-02-05T19:32:36.921Z"
                },
                "type": "SCRUB",
                "source": "data:drag",
                "_t": "12:30:03",
                "_end": "12:32:36",
                "data": {
                    "time": 488.04385
                }
            },
            {
                "time": {
                    "start": "2018-02-05T19:30:03.698Z",
                    "end": "2018-02-05T19:32:39.994Z"
                },
                "type": "SCRUB",
                "source": "data:drag",
                "_t": "12:30:03",
                "_end": "12:32:39",
                "data": {
                    "time": 488.04385
                }
            },
            {
                "time": {
                    "start": "2018-02-05T19:30:03.698Z",
                    "end": "2018-02-05T19:32:41.212Z"
                },
                "type": "SCRUB",
                "source": "data:drag",
                "_t": "12:30:03",
                "_end": "12:32:41",
                "data": {
                    "time": 488.04385
                }
            },
            {
                "time": {
                    "start": "2018-02-05T19:30:03.698Z",
                    "end": "2018-02-05T19:32:44.487Z"
                },
                "type": "SCRUB",
                "source": "data:drag",
                "_t": "12:30:03",
                "_end": "12:32:44",
                "data": {
                    "time": 543.740433
                }
            },
            {
                "time": "2018-02-05T19:32:45.361Z",
                "type": "PLAY",
                "source": "video:button",
                "_t": "12:32:45",
                "_end": "-"
            },
            {
                "time": "2018-02-05T19:32:46.483Z",
                "type": "PAUSE",
                "source": "video:button",
                "_t": "12:32:46",
                "_end": "-"
            },
            {
                "time": {
                    "start": "2018-02-05T19:30:03.698Z",
                    "end": "2018-02-05T19:32:49.317Z"
                },
                "type": "SCRUB",
                "source": "data:drag",
                "_t": "12:30:03",
                "_end": "12:32:49",
                "data": {
                    "time": 544.811776
                }
            },
            {
                "time": {
                    "start": "2018-02-05T19:30:03.698Z",
                    "end": "2018-02-05T19:32:49.990Z"
                },
                "type": "SCRUB",
                "source": "data:drag",
                "_t": "12:30:03",
                "_end": "12:32:49",
                "data": {
                    "time": 552.962495
                }
            },
            {
                "time": {
                    "start": "2018-02-05T19:30:03.698Z",
                    "end": "2018-02-05T19:32:50.537Z"
                },
                "type": "SCRUB",
                "source": "data:drag",
                "_t": "12:30:03",
                "_end": "12:32:50",
                "data": {
                    "time": 552.962495
                }
            },
            {
                "time": {
                    "start": "2018-02-05T19:30:03.698Z",
                    "end": "2018-02-05T19:32:52.253Z"
                },
                "type": "SCRUB",
                "source": "data:drag",
                "_t": "12:30:03",
                "_end": "12:32:52",
                "data": {
                    "time": 552.962495
                }
            },
            {
                "time": {
                    "start": "2018-02-05T19:30:03.698Z",
                    "end": "2018-02-05T19:32:53.735Z"
                },
                "type": "SCRUB",
                "source": "data:drag",
                "_t": "12:30:03",
                "_end": "12:32:53",
                "data": {
                    "time": 552.962495
                }
            },
            {
                "time": {
                    "start": "2018-02-05T19:30:03.698Z",
                    "end": "2018-02-05T19:32:54.964Z"
                },
                "type": "SCRUB",
                "source": "data:drag",
                "_t": "12:30:03",
                "_end": "12:32:54",
                "data": {
                    "time": 552.962495
                }
            },
            {
                "time": {
                    "start": "2018-02-05T19:30:03.698Z",
                    "end": "2018-02-05T19:32:56.394Z"
                },
                "type": "SCRUB",
                "source": "data:drag",
                "_t": "12:30:03",
                "_end": "12:32:56",
                "data": {
                    "time": 598.063142
                }
            },
            {
                "time": "2018-02-05T19:32:57.123Z",
                "type": "PLAY",
                "source": "video:button",
                "_t": "12:32:57",
                "_end": "-"
            },
            {
                "time": "2018-02-05T19:33:09.866Z",
                "type": "PAUSE",
                "source": "video:button",
                "_t": "12:33:09",
                "_end": "-"
            },
            {
                "time": {
                    "start": "2018-02-05T19:30:03.698Z",
                    "end": "2018-02-05T19:33:10.545Z"
                },
                "type": "SCRUB",
                "source": "data:drag",
                "_t": "12:30:03",
                "_end": "12:33:10",
                "data": {
                    "time": 610.756506
                }
            },
            {
                "time": {
                    "start": "2018-02-05T19:30:03.698Z",
                    "end": "2018-02-05T19:33:13.230Z"
                },
                "type": "SCRUB",
                "source": "data:drag",
                "_t": "12:30:03",
                "_end": "12:33:13",
                "data": {
                    "time": 610.756506
                }
            },
            {
                "time": {
                    "start": "2018-02-05T19:30:03.698Z",
                    "end": "2018-02-05T19:33:15.537Z"
                },
                "type": "SCRUB",
                "source": "data:drag",
                "_t": "12:30:03",
                "_end": "12:33:15",
                "data": {
                    "time": 651.944808
                }
            },
            {
                "time": "2018-02-05T19:33:16.225Z",
                "type": "PLAY",
                "source": "video:button",
                "_t": "12:33:16",
                "_end": "-"
            },
            {
                "time": "2018-02-05T19:33:19.402Z",
                "type": "PAUSE",
                "source": "video:button",
                "_t": "12:33:19",
                "_end": "-"
            }
        ]
    }
}