{
    "user_id": "055",
    "session_id": "5a78ba10ee2b1975ba835bd3",
    "study": "studyD",
    "workspace": "newrun.Run-thurs-five-fixed-finally",
    "details": {
        "workspace": "newrun.Run-thurs-five-fixed-finally",
        "labels": [
            {
                "time": 63.009472,
                "endTime": 66.69108724084016,
                "type": "run",
                "id": 2
            },
            {
                "time": 32.147739,
                "endTime": 37.799486163448364,
                "type": "skip",
                "id": 3
            }
        ],
        "_starts": [
            "2018-02-05T20:31:08.000Z"
        ],
        "_ends": [
            "2018-02-05T20:34:26.971Z"
        ]
    },
    "labels_file": "/home/ubuntu/vat/data/user-studies/studyD/run-blue/055.labels.json",
    "videoFlash": 3.929378,
    "surveys": {
        "user-info": {
            "firstname": "Riley",
            "lastname": "Hale",
            "email": "riley.e.hale@gmail.com"
        },
        "practice-first": {
            "question1": "1",
            "question2": "ok",
            "question3": "100",
            "question4": "5"
        },
        "practice-second": {},
        "practice-third": {},
        "practice-survey": {},
        "pill-blue": {
            "question1": "1",
            "question2": "1",
            "question3": "20",
            "question4": "80"
        },
        "pill-red": {
            "question1": "1",
            "question2": "4",
            "question3": "10",
            "question4": "60"
        },
        "pill-orange": {
            "question1": "5",
            "question2": "5",
            "question3": "100",
            "question4": "90"
        },
        "pills-survey": {
            "question1": "5",
            "question2": "1",
            "question3": "4",
            "question4": "5"
        }
    },
    "logs": {
        "labelEvents": [
            {
                "time": "2018-02-05T20:31:46.666Z",
                "type": "START",
                "source": "hotkey",
                "_t": "13:31:46",
                "_end": "-",
                "data": {
                    "type": "run",
                    "time": 34.359765
                }
            },
            {
                "time": "2018-02-05T20:31:47.708Z",
                "type": "END",
                "source": "data:click:h_pos",
                "_t": "13:31:47",
                "_end": "-",
                "data": {
                    "lbl": {
                        "time": 32.15850028200887,
                        "endTime": 37.802859232606195,
                        "type": "run",
                        "id": 1
                    }
                }
            },
            {
                "time": "2018-02-05T20:31:56.468Z",
                "type": "SELECT",
                "source": "data:click",
                "_t": "13:31:56",
                "_end": "-",
                "data": {
                    "time": 32.15850028200887,
                    "endTime": 37.802859232606195,
                    "type": "run",
                    "id": 1
                }
            },
            {
                "time": "2018-02-05T20:31:56.685Z",
                "type": "DESELECT",
                "source": "data:click",
                "_t": "13:31:56",
                "_end": "-",
                "data": {
                    "time": 34.359765,
                    "endTime": 36.283986577192316,
                    "type": "run",
                    "id": 1
                }
            },
            {
                "time": "2018-02-05T20:32:01.828Z",
                "type": "SELECT",
                "source": "data:click",
                "_t": "13:32:01",
                "_end": "-",
                "data": {
                    "time": 32.15850028200887,
                    "endTime": 37.802859232606195,
                    "type": "run",
                    "id": 1
                }
            },
            {
                "time": {
                    "start": "2018-02-05T20:32:02.266Z",
                    "end": "2018-02-05T20:32:03.650Z"
                },
                "type": "RESIZE",
                "source": "data:brush",
                "_t": "13:32:02",
                "_end": "13:32:03",
                "data": {
                    "brushing": true,
                    "origin": [
                        34.359765,
                        36.283986577192316
                    ],
                    "_brushside": 0,
                    "start": "2018-02-05T20:32:02.266Z",
                    "ε": 0.1,
                    "mode": "resize"
                }
            },
            {
                "time": "2018-02-05T20:32:42.091Z",
                "type": "DESELECT",
                "source": "data:click",
                "_t": "13:32:42",
                "_end": "-",
                "data": {
                    "time": 32.16950660559883,
                    "endTime": 36.283986577192316,
                    "type": "run",
                    "id": 1
                }
            },
            {
                "time": "2018-02-05T20:32:43.212Z",
                "type": "SELECT",
                "source": "data:click",
                "_t": "13:32:43",
                "_end": "-",
                "data": {
                    "time": 32.15850028200887,
                    "endTime": 37.802859232606195,
                    "type": "run",
                    "id": 1
                }
            },
            {
                "time": "2018-02-05T20:32:43.429Z",
                "type": "DESELECT",
                "source": "data:click",
                "_t": "13:32:43",
                "_end": "-",
                "data": {
                    "time": 32.16950660559883,
                    "endTime": 36.283986577192316,
                    "type": "run",
                    "id": 1
                }
            },
            {
                "time": "2018-02-05T20:32:45.036Z",
                "type": "SELECT",
                "source": "data:click",
                "_t": "13:32:45",
                "_end": "-",
                "data": {
                    "time": 32.15850028200887,
                    "endTime": 37.802859232606195,
                    "type": "run",
                    "id": 1
                }
            },
            {
                "time": {
                    "start": "2018-02-05T20:32:46.522Z",
                    "end": "2018-02-05T20:32:46.674Z"
                },
                "type": "MOVE",
                "source": "data:brush",
                "_t": "13:32:46",
                "_end": "13:32:46",
                "data": {
                    "brushing": true,
                    "origin": [
                        32.16950660559883,
                        36.283986577192316
                    ],
                    "start": "2018-02-05T20:32:46.522Z",
                    "ε": 0.1,
                    "mode": "move"
                }
            },
            {
                "time": {
                    "start": "2018-02-05T20:32:47.587Z",
                    "end": "2018-02-05T20:32:49.675Z"
                },
                "type": "RESIZE",
                "source": "data:brush",
                "_t": "13:32:47",
                "_end": "13:32:49",
                "data": {
                    "brushing": true,
                    "origin": [
                        32.15850028200887,
                        36.272980253602356
                    ],
                    "_brushside": 1,
                    "start": "2018-02-05T20:32:47.587Z",
                    "ε": 0.1,
                    "mode": "resize"
                }
            },
            {
                "time": "2018-02-05T20:33:11.203Z",
                "type": "START",
                "source": "side-bar:button",
                "_t": "13:33:11",
                "_end": "-",
                "data": {
                    "type": "run",
                    "time": 63.009472
                }
            },
            {
                "time": "2018-02-05T20:33:20.756Z",
                "type": "END",
                "source": "data:click:h_pos",
                "_t": "13:33:20",
                "_end": "-",
                "data": {
                    "lbl": {
                        "time": 63.009472,
                        "endTime": 66.69108724084016,
                        "type": "run",
                        "id": 2
                    }
                }
            },
            {
                "time": "2018-02-05T20:33:25.581Z",
                "type": "SELECT",
                "source": "data:click",
                "_t": "13:33:25",
                "_end": "-",
                "data": {
                    "time": 32.15850028200887,
                    "endTime": 37.802859232606195,
                    "type": "run",
                    "id": 1
                }
            },
            {
                "time": "2018-02-05T20:33:31.316Z",
                "type": "DESELECT",
                "source": "data:click",
                "_t": "13:33:31",
                "_end": "-",
                "data": {
                    "time": 32.15850028200887,
                    "endTime": 37.802859232606195,
                    "type": "run",
                    "id": 1
                }
            },
            {
                "time": "2018-02-05T20:33:33.373Z",
                "type": "SELECT",
                "source": "data:click",
                "_t": "13:33:33",
                "_end": "-",
                "data": {
                    "time": 32.15850028200887,
                    "endTime": 37.802859232606195,
                    "type": "run",
                    "id": 1
                }
            },
            {
                "time": "2018-02-05T20:33:34.235Z",
                "type": "DELETE",
                "source": "hotkey",
                "_t": "13:33:34",
                "_end": "-",
                "data": {
                    "id": 1,
                    "idx": 0
                }
            },
            {
                "time": "2018-02-05T20:33:36.683Z",
                "type": "START",
                "source": "side-bar:button",
                "_t": "13:33:36",
                "_end": "-",
                "data": {
                    "type": "skip",
                    "time": 32.147739
                }
            },
            {
                "time": "2018-02-05T20:33:40.975Z",
                "type": "END",
                "source": "data:click:h_pos",
                "_t": "13:33:40",
                "_end": "-",
                "data": {
                    "lbl": {
                        "time": 32.147739,
                        "endTime": 37.799486163448364,
                        "type": "skip",
                        "id": 3
                    }
                }
            }
        ],
        "navigationEvents": [
            {
                "time": "2018-02-05T20:31:27.290Z",
                "type": "PLAY",
                "source": "video:button",
                "_t": "13:31:27",
                "_end": "-"
            },
            {
                "time": {
                    "start": "2018-02-05T20:31:08.205Z",
                    "end": "2018-02-05T20:31:33.042Z"
                },
                "type": "SCRUB",
                "source": "data:drag",
                "_t": "13:31:08",
                "_end": "13:31:33",
                "data": {
                    "time": 10.429673
                }
            },
            {
                "time": "2018-02-05T20:31:35.578Z",
                "type": "CHANGE-PLAYBACK-RATE",
                "source": "video:button",
                "_t": "13:31:35",
                "_end": "-",
                "data": {
                    "oldRate": 1,
                    "newRate": 1.5
                }
            },
            {
                "time": "2018-02-05T20:31:36.673Z",
                "type": "CHANGE-PLAYBACK-RATE",
                "source": "video:menu",
                "_t": "13:31:36",
                "_end": "-",
                "data": {
                    "oldRate": 1.5,
                    "newRate": 2
                }
            },
            {
                "time": {
                    "start": "2018-02-05T20:31:08.205Z",
                    "end": "2018-02-05T20:31:47.706Z"
                },
                "type": "SCRUB",
                "source": "data:drag",
                "_t": "13:31:08",
                "_end": "13:31:47",
                "data": {
                    "time": 36.441424
                }
            },
            {
                "time": "2018-02-05T20:31:48.977Z",
                "type": "PAUSE",
                "source": "hotkey",
                "_t": "13:31:48",
                "_end": "-",
                "data": {
                    "key": "space"
                }
            },
            {
                "time": "2018-02-05T20:31:49.618Z",
                "type": "PLAY",
                "source": "video:button",
                "_t": "13:31:49",
                "_end": "-"
            },
            {
                "time": "2018-02-05T20:31:51.005Z",
                "type": "PAUSE",
                "source": "video:button",
                "_t": "13:31:51",
                "_end": "-"
            },
            {
                "time": {
                    "start": "2018-02-05T20:31:08.205Z",
                    "end": "2018-02-05T20:31:54.490Z"
                },
                "type": "SCRUB",
                "source": "data:drag",
                "_t": "13:31:08",
                "_end": "13:31:54",
                "data": {
                    "time": 31.677531
                }
            },
            {
                "time": {
                    "start": "2018-02-05T20:31:08.205Z",
                    "end": "2018-02-05T20:31:55.587Z"
                },
                "type": "SCRUB",
                "source": "data:drag",
                "_t": "13:31:08",
                "_end": "13:31:55",
                "data": {
                    "time": 31.688537
                }
            },
            {
                "time": {
                    "start": "2018-02-05T20:31:08.205Z",
                    "end": "2018-02-05T20:31:56.465Z"
                },
                "type": "SCRUB",
                "source": "data:drag",
                "_t": "13:31:08",
                "_end": "13:31:56",
                "data": {
                    "time": 31.688537
                }
            },
            {
                "time": {
                    "start": "2018-02-05T20:31:08.205Z",
                    "end": "2018-02-05T20:31:56.684Z"
                },
                "type": "SCRUB",
                "source": "data:drag",
                "_t": "13:31:08",
                "_end": "13:31:56",
                "data": {
                    "time": 31.688537
                }
            },
            {
                "time": "2018-02-05T20:31:56.688Z",
                "type": "JUMP",
                "source": "data:dblclick:h_pos",
                "_t": "13:31:56",
                "_end": "-",
                "data": {
                    "from": 31.688537,
                    "to": 34.92989929724193
                }
            },
            {
                "time": {
                    "start": "2018-02-05T20:31:08.205Z",
                    "end": "2018-02-05T20:32:01.122Z"
                },
                "type": "SCRUB",
                "source": "data:drag",
                "_t": "13:31:08",
                "_end": "13:32:01",
                "data": {
                    "time": 34.929899
                }
            },
            {
                "time": {
                    "start": "2018-02-05T20:31:08.205Z",
                    "end": "2018-02-05T20:32:01.825Z"
                },
                "type": "SCRUB",
                "source": "data:drag",
                "_t": "13:31:08",
                "_end": "13:32:01",
                "data": {
                    "time": 34.929899
                }
            },
            {
                "time": {
                    "start": "2018-02-05T20:31:08.205Z",
                    "end": "2018-02-05T20:32:03.657Z"
                },
                "type": "SCRUB",
                "source": "data:drag",
                "_t": "13:31:08",
                "_end": "13:32:03",
                "data": {
                    "time": 34.929899
                }
            },
            {
                "time": {
                    "start": "2018-02-05T20:31:08.205Z",
                    "end": "2018-02-05T20:32:05.762Z"
                },
                "type": "SCRUB",
                "source": "data:drag",
                "_t": "13:31:08",
                "_end": "13:32:05",
                "data": {
                    "time": 32.035235
                }
            },
            {
                "time": "2018-02-05T20:32:07.298Z",
                "type": "PLAY",
                "source": "video:button",
                "_t": "13:32:07",
                "_end": "-"
            },
            {
                "time": "2018-02-05T20:32:07.826Z",
                "type": "PAUSE",
                "source": "video:button",
                "_t": "13:32:07",
                "_end": "-"
            },
            {
                "time": {
                    "start": "2018-02-05T20:31:08.205Z",
                    "end": "2018-02-05T20:32:09.481Z"
                },
                "type": "SCRUB",
                "source": "data:drag",
                "_t": "13:31:08",
                "_end": "13:32:09",
                "data": {
                    "time": 32.582503
                }
            },
            {
                "time": {
                    "start": "2018-02-05T20:31:08.205Z",
                    "end": "2018-02-05T20:32:10.697Z"
                },
                "type": "SCRUB",
                "source": "data:drag",
                "_t": "13:31:08",
                "_end": "13:32:10",
                "data": {
                    "time": 32.296338
                }
            },
            {
                "time": {
                    "start": "2018-02-05T20:31:08.205Z",
                    "end": "2018-02-05T20:32:11.834Z"
                },
                "type": "SCRUB",
                "source": "data:drag",
                "_t": "13:31:08",
                "_end": "13:32:11",
                "data": {
                    "time": 32.175268
                }
            },
            {
                "time": {
                    "start": "2018-02-05T20:31:08.205Z",
                    "end": "2018-02-05T20:32:14.954Z"
                },
                "type": "SCRUB",
                "source": "data:drag",
                "_t": "13:31:08",
                "_end": "13:32:14",
                "data": {
                    "time": 38.019625
                }
            },
            {
                "time": {
                    "start": "2018-02-05T20:31:08.205Z",
                    "end": "2018-02-05T20:32:18.041Z"
                },
                "type": "SCRUB",
                "source": "data:drag",
                "_t": "13:31:08",
                "_end": "13:32:18",
                "data": {
                    "time": 37.94258
                }
            },
            {
                "time": {
                    "start": "2018-02-05T20:31:08.205Z",
                    "end": "2018-02-05T20:32:19.420Z"
                },
                "type": "SCRUB",
                "source": "data:drag",
                "_t": "13:31:08",
                "_end": "13:32:19",
                "data": {
                    "time": 37.843523
                }
            },
            {
                "time": {
                    "start": "2018-02-05T20:31:08.205Z",
                    "end": "2018-02-05T20:32:21.570Z"
                },
                "type": "SCRUB",
                "source": "data:drag",
                "_t": "13:31:08",
                "_end": "13:32:21",
                "data": {
                    "time": 37.601383
                }
            },
            {
                "time": {
                    "start": "2018-02-05T20:31:08.205Z",
                    "end": "2018-02-05T20:32:24.242Z"
                },
                "type": "SCRUB",
                "source": "data:drag",
                "_t": "13:31:08",
                "_end": "13:32:24",
                "data": {
                    "time": 37.711446
                }
            },
            {
                "time": {
                    "start": "2018-02-05T20:31:08.205Z",
                    "end": "2018-02-05T20:32:25.314Z"
                },
                "type": "SCRUB",
                "source": "data:drag",
                "_t": "13:31:08",
                "_end": "13:32:25",
                "data": {
                    "time": 37.887547
                }
            },
            {
                "time": {
                    "start": "2018-02-05T20:31:08.205Z",
                    "end": "2018-02-05T20:32:27.298Z"
                },
                "type": "SCRUB",
                "source": "data:drag",
                "_t": "13:31:08",
                "_end": "13:32:27",
                "data": {
                    "time": 37.117104
                }
            },
            {
                "time": {
                    "start": "2018-02-05T20:31:08.205Z",
                    "end": "2018-02-05T20:32:29.001Z"
                },
                "type": "SCRUB",
                "source": "data:drag",
                "_t": "13:31:08",
                "_end": "13:32:29",
                "data": {
                    "time": 36.687857
                }
            },
            {
                "time": {
                    "start": "2018-02-05T20:31:08.205Z",
                    "end": "2018-02-05T20:32:30.240Z"
                },
                "type": "SCRUB",
                "source": "data:drag",
                "_t": "13:31:08",
                "_end": "13:32:30",
                "data": {
                    "time": 36.918989
                }
            },
            {
                "time": {
                    "start": "2018-02-05T20:31:08.205Z",
                    "end": "2018-02-05T20:32:31.144Z"
                },
                "type": "SCRUB",
                "source": "data:drag",
                "_t": "13:31:08",
                "_end": "13:32:31",
                "data": {
                    "time": 37.172134
                }
            },
            {
                "time": {
                    "start": "2018-02-05T20:31:08.205Z",
                    "end": "2018-02-05T20:32:32.482Z"
                },
                "type": "SCRUB",
                "source": "data:drag",
                "_t": "13:31:08",
                "_end": "13:32:32",
                "data": {
                    "time": 37.524336
                }
            },
            {
                "time": {
                    "start": "2018-02-05T20:31:08.205Z",
                    "end": "2018-02-05T20:32:34.001Z"
                },
                "type": "SCRUB",
                "source": "data:drag",
                "_t": "13:31:08",
                "_end": "13:32:34",
                "data": {
                    "time": 37.623392
                }
            },
            {
                "time": {
                    "start": "2018-02-05T20:31:08.205Z",
                    "end": "2018-02-05T20:32:35.425Z"
                },
                "type": "SCRUB",
                "source": "data:drag",
                "_t": "13:31:08",
                "_end": "13:32:35",
                "data": {
                    "time": 37.854524
                }
            },
            {
                "time": {
                    "start": "2018-02-05T20:31:08.205Z",
                    "end": "2018-02-05T20:32:36.727Z"
                },
                "type": "SCRUB",
                "source": "data:drag",
                "_t": "13:31:08",
                "_end": "13:32:36",
                "data": {
                    "time": 38.008612
                }
            },
            {
                "time": {
                    "start": "2018-02-05T20:31:08.205Z",
                    "end": "2018-02-05T20:32:38.018Z"
                },
                "type": "SCRUB",
                "source": "data:drag",
                "_t": "13:31:08",
                "_end": "13:32:38",
                "data": {
                    "time": 38.173706
                }
            },
            {
                "time": {
                    "start": "2018-02-05T20:31:08.205Z",
                    "end": "2018-02-05T20:32:40.275Z"
                },
                "type": "SCRUB",
                "source": "data:drag",
                "_t": "13:31:08",
                "_end": "13:32:40",
                "data": {
                    "time": 37.876535
                }
            },
            {
                "time": {
                    "start": "2018-02-05T20:31:08.205Z",
                    "end": "2018-02-05T20:32:42.091Z"
                },
                "type": "SCRUB",
                "source": "data:drag",
                "_t": "13:31:08",
                "_end": "13:32:42",
                "data": {
                    "time": 37.876535
                }
            },
            {
                "time": {
                    "start": "2018-02-05T20:31:08.205Z",
                    "end": "2018-02-05T20:32:43.211Z"
                },
                "type": "SCRUB",
                "source": "data:drag",
                "_t": "13:31:08",
                "_end": "13:32:43",
                "data": {
                    "time": 37.876535
                }
            },
            {
                "time": {
                    "start": "2018-02-05T20:31:08.205Z",
                    "end": "2018-02-05T20:32:43.428Z"
                },
                "type": "SCRUB",
                "source": "data:drag",
                "_t": "13:31:08",
                "_end": "13:32:43",
                "data": {
                    "time": 37.876535
                }
            },
            {
                "time": "2018-02-05T20:32:43.433Z",
                "type": "JUMP",
                "source": "data:dblclick:h_pos",
                "_t": "13:32:43",
                "_end": "-",
                "data": {
                    "from": 37.876535,
                    "to": 36.176058005351855
                }
            },
            {
                "time": {
                    "start": "2018-02-05T20:31:08.205Z",
                    "end": "2018-02-05T20:32:45.034Z"
                },
                "type": "SCRUB",
                "source": "data:drag",
                "_t": "13:31:08",
                "_end": "13:32:45",
                "data": {
                    "time": 36.176058
                }
            },
            {
                "time": {
                    "start": "2018-02-05T20:31:08.205Z",
                    "end": "2018-02-05T20:32:46.691Z"
                },
                "type": "SCRUB",
                "source": "data:drag",
                "_t": "13:31:08",
                "_end": "13:32:46",
                "data": {
                    "time": 36.176058
                }
            },
            {
                "time": {
                    "start": "2018-02-05T20:31:08.205Z",
                    "end": "2018-02-05T20:32:49.682Z"
                },
                "type": "SCRUB",
                "source": "data:drag",
                "_t": "13:31:08",
                "_end": "13:32:49",
                "data": {
                    "time": 36.176058
                }
            },
            {
                "time": {
                    "start": "2018-02-05T20:31:08.205Z",
                    "end": "2018-02-05T20:32:53.188Z"
                },
                "type": "SCRUB",
                "source": "data:drag",
                "_t": "13:31:08",
                "_end": "13:32:53",
                "data": {
                    "time": 43.021991
                }
            },
            {
                "time": {
                    "start": "2018-02-05T20:31:08.205Z",
                    "end": "2018-02-05T20:32:55.263Z"
                },
                "type": "SCRUB",
                "source": "data:drag",
                "_t": "13:31:08",
                "_end": "13:32:55",
                "data": {
                    "time": 56.548762
                }
            },
            {
                "time": {
                    "start": "2018-02-05T20:31:08.205Z",
                    "end": "2018-02-05T20:33:01.133Z"
                },
                "type": "SCRUB",
                "source": "data:drag",
                "_t": "13:31:08",
                "_end": "13:33:01",
                "data": {
                    "time": 62.679284
                }
            },
            {
                "time": {
                    "start": "2018-02-05T20:31:08.205Z",
                    "end": "2018-02-05T20:33:02.325Z"
                },
                "type": "SCRUB",
                "source": "data:drag",
                "_t": "13:31:08",
                "_end": "13:33:02",
                "data": {
                    "time": 62.789347
                }
            },
            {
                "time": {
                    "start": "2018-02-05T20:31:08.205Z",
                    "end": "2018-02-05T20:33:03.708Z"
                },
                "type": "SCRUB",
                "source": "data:drag",
                "_t": "13:31:08",
                "_end": "13:33:03",
                "data": {
                    "time": 62.89941
                }
            },
            {
                "time": {
                    "start": "2018-02-05T20:31:08.205Z",
                    "end": "2018-02-05T20:33:05.295Z"
                },
                "type": "SCRUB",
                "source": "data:drag",
                "_t": "13:31:08",
                "_end": "13:33:05",
                "data": {
                    "time": 62.98746
                }
            },
            {
                "time": {
                    "start": "2018-02-05T20:31:08.205Z",
                    "end": "2018-02-05T20:33:09.499Z"
                },
                "type": "SCRUB",
                "source": "data:drag",
                "_t": "13:31:08",
                "_end": "13:33:09",
                "data": {
                    "time": 63.009472
                }
            },
            {
                "time": {
                    "start": "2018-02-05T20:31:08.205Z",
                    "end": "2018-02-05T20:33:20.754Z"
                },
                "type": "SCRUB",
                "source": "data:drag",
                "_t": "13:31:08",
                "_end": "13:33:20",
                "data": {
                    "time": 63.009472
                }
            },
            {
                "time": {
                    "start": "2018-02-05T20:31:08.205Z",
                    "end": "2018-02-05T20:33:24.780Z"
                },
                "type": "SCRUB",
                "source": "data:drag",
                "_t": "13:31:08",
                "_end": "13:33:24",
                "data": {
                    "time": 41.536134
                }
            },
            {
                "time": {
                    "start": "2018-02-05T20:31:08.205Z",
                    "end": "2018-02-05T20:33:25.578Z"
                },
                "type": "SCRUB",
                "source": "data:drag",
                "_t": "13:31:08",
                "_end": "13:33:25",
                "data": {
                    "time": 41.536134
                }
            },
            {
                "time": {
                    "start": "2018-02-05T20:31:08.205Z",
                    "end": "2018-02-05T20:33:29.771Z"
                },
                "type": "SCRUB",
                "source": "data:drag",
                "_t": "13:31:08",
                "_end": "13:33:29",
                "data": {
                    "time": 32.147739
                }
            },
            {
                "time": {
                    "start": "2018-02-05T20:31:08.205Z",
                    "end": "2018-02-05T20:33:31.315Z"
                },
                "type": "SCRUB",
                "source": "data:drag",
                "_t": "13:31:08",
                "_end": "13:33:31",
                "data": {
                    "time": 32.147739
                }
            },
            {
                "time": {
                    "start": "2018-02-05T20:31:08.205Z",
                    "end": "2018-02-05T20:33:33.371Z"
                },
                "type": "SCRUB",
                "source": "data:drag",
                "_t": "13:31:08",
                "_end": "13:33:33",
                "data": {
                    "time": 32.147739
                }
            },
            {
                "time": {
                    "start": "2018-02-05T20:31:08.205Z",
                    "end": "2018-02-05T20:33:40.975Z"
                },
                "type": "SCRUB",
                "source": "data:drag",
                "_t": "13:31:08",
                "_end": "13:33:40",
                "data": {
                    "time": 32.147739
                }
            },
            {
                "time": {
                    "start": "2018-02-05T20:31:08.205Z",
                    "end": "2018-02-05T20:33:43.082Z"
                },
                "type": "SCRUB",
                "source": "data:drag",
                "_t": "13:31:08",
                "_end": "13:33:43",
                "data": {
                    "time": 37.474799
                }
            },
            {
                "time": {
                    "start": "2018-02-05T20:31:08.205Z",
                    "end": "2018-02-05T20:33:44.084Z"
                },
                "type": "SCRUB",
                "source": "data:drag",
                "_t": "13:31:08",
                "_end": "13:33:44",
                "data": {
                    "time": 37.639893
                }
            },
            {
                "time": {
                    "start": "2018-02-05T20:31:08.205Z",
                    "end": "2018-02-05T20:33:44.906Z"
                },
                "type": "SCRUB",
                "source": "data:drag",
                "_t": "13:31:08",
                "_end": "13:33:44",
                "data": {
                    "time": 37.760962
                }
            },
            {
                "time": {
                    "start": "2018-02-05T20:31:08.205Z",
                    "end": "2018-02-05T20:33:46.801Z"
                },
                "type": "SCRUB",
                "source": "data:drag",
                "_t": "13:31:08",
                "_end": "13:33:46",
                "data": {
                    "time": 45.421363
                }
            },
            {
                "time": {
                    "start": "2018-02-05T20:31:08.205Z",
                    "end": "2018-02-05T20:33:47.820Z"
                },
                "type": "SCRUB",
                "source": "data:drag",
                "_t": "13:31:08",
                "_end": "13:33:47",
                "data": {
                    "time": 61.237449
                }
            },
            {
                "time": {
                    "start": "2018-02-05T20:31:08.205Z",
                    "end": "2018-02-05T20:33:49.769Z"
                },
                "type": "SCRUB",
                "source": "data:drag",
                "_t": "13:31:08",
                "_end": "13:33:49",
                "data": {
                    "time": 63.174561
                }
            },
            {
                "time": {
                    "start": "2018-02-05T20:31:08.205Z",
                    "end": "2018-02-05T20:33:51.092Z"
                },
                "type": "SCRUB",
                "source": "data:drag",
                "_t": "13:31:08",
                "_end": "13:33:51",
                "data": {
                    "time": 65.617964
                }
            },
            {
                "time": {
                    "start": "2018-02-05T20:31:08.205Z",
                    "end": "2018-02-05T20:33:53.413Z"
                },
                "type": "SCRUB",
                "source": "data:drag",
                "_t": "13:31:08",
                "_end": "13:33:53",
                "data": {
                    "time": 66.344381
                }
            },
            {
                "time": {
                    "start": "2018-02-05T20:31:08.205Z",
                    "end": "2018-02-05T20:33:55.324Z"
                },
                "type": "SCRUB",
                "source": "data:drag",
                "_t": "13:31:08",
                "_end": "13:33:55",
                "data": {
                    "time": 66.597526
                }
            },
            {
                "time": {
                    "start": "2018-02-05T20:31:08.205Z",
                    "end": "2018-02-05T20:33:56.955Z"
                },
                "type": "SCRUB",
                "source": "data:drag",
                "_t": "13:31:08",
                "_end": "13:33:56",
                "data": {
                    "time": 66.641551
                }
            },
            {
                "time": {
                    "start": "2018-02-05T20:31:08.205Z",
                    "end": "2018-02-05T20:33:58.245Z"
                },
                "type": "SCRUB",
                "source": "data:drag",
                "_t": "13:31:08",
                "_end": "13:33:58",
                "data": {
                    "time": 66.751614
                }
            },
            {
                "time": "2018-02-05T20:33:59.796Z",
                "type": "PLAY",
                "source": "video:button",
                "_t": "13:33:59",
                "_end": "-"
            },
            {
                "time": {
                    "start": "2018-02-05T20:31:08.205Z",
                    "end": "2018-02-05T20:34:15.313Z"
                },
                "type": "SCRUB",
                "source": "data:drag",
                "_t": "13:31:08",
                "_end": "13:34:15",
                "data": {
                    "time": 118.478554
                }
            },
            {
                "time": {
                    "start": "2018-02-05T20:31:08.205Z",
                    "end": "2018-02-05T20:34:19.550Z"
                },
                "type": "SCRUB",
                "source": "data:drag",
                "_t": "13:31:08",
                "_end": "13:34:19",
                "data": {
                    "time": 127.185616
                }
            },
            {
                "time": "2018-02-05T20:34:21.284Z",
                "type": "PAUSE",
                "source": "video:button",
                "_t": "13:34:21",
                "_end": "-"
            },
            {
                "time": {
                    "start": "2018-02-05T20:31:08.205Z",
                    "end": "2018-02-05T20:34:24.888Z"
                },
                "type": "SCRUB",
                "source": "data:drag",
                "_t": "13:31:08",
                "_end": "13:34:24",
                "data": {
                    "time": 127.750777
                }
            }
        ]
    }
}