{
    "responses": {
        "question1": "I found the running data easiest to annotate because there was a more distinct difference shown between running and skipping in the data set. I found that the pill was neutral, at times I could tell with the data sat if it was movement or taking the pill however I was never 100% sure or accurate without the video. I found the cane to be most difficult, just because I didn't quite know exactly when the can hit the ground or came off the ground or if you were looking for the whole cane on the ground or just a part of it.",
        "question2": "I found the video to be essential when recording the Pill data because the different between taking the pill and just movement was a little to close to be 100% accurate with just data. The video made the data inputted more accurate and reliable.",
        "question3": "I found the data to be essential most with the cane video because it helped me determine when exactly the cane hit the ground. The others (pills and running) I could determine the start and end point pretty accurately based on the video shown.",
        "question4": "I would specify what exactly determines the beginning and end of the action so that the margin of error is not as big."
    }
}