{
    "responses": {
        "question1": "Running, Pill, Cane",
        "question2": "It's essential on the first round so that I can match the data of the event with the moves. For the rounds after, I feel like data is more useful if I can differentiate the data of each moves.",
        "question3": "It's essential on the first round so that I can match the data of the event with the moves. It saves more time at the rounds after if I can differentiate the data of each moves and it's also more accurate.",
        "question4": "It is a useful tool to help develop the tools but probably it will take more than 3 time for people to get used to it. It is really user friendly as well. For  the data part, if there's a function where we can zoom in and out in order to get more accurate results, that would be easier and better."
    }
}