{
    "responses": {
        "question1": "pill, cane, running",
        "question2": "The video is essential at the beginning to link patterns in the data to the events ocurring.",
        "question3": "the data is essential at the beginning to link patterns with the events ocurring, and when there are other factors that influence the data, such as a transition from a walk to a run.",
        "question4": "It's very difficult to detiermine when an event occurs when it's preceded by other motion, such as a transition from a walk to a run."
    }
}