{
    "responses": {
        "question1": "Pill, Running, Cane",
        "question2": "Video is essential the first time around. It's essential because you need to see what's going on. If I didn't see the video paired with the data, I wouldn't be able to identify what exactly was happening during certain data points.",
        "question3": "Data is essential for fast annotating, especially annotating a video that has long periods of inactivity. It's hard to scan through the video looking for events, but its super easy to see the data and jump straight to the point where the accelerometer starts acting up. You can't do that with video only.",
        "question4": "If the video loaded faster while scrolling through, the data wouldn't have been as useful. The data still would've been extremely useful, just not as useful. Extra people running around didn't faze me at all."
    }
}