{
    "user_id": "048",
    "session_id": "5a788f58ee2b1975ba835b91",
    "study": "studyD",
    "workspace": "cane.cane-yellow",
    "details": {
        "workspace": "cane.cane-yellow",
        "labels": [
            {
                "time": 28.009885,
                "endTime": 28.427790699585806,
                "type": "ground",
                "id": 1
            },
            {
                "time": 30.120327,
                "endTime": 30.355653166159392,
                "type": "ground",
                "id": 2
            },
            {
                "time": 31.775365,
                "endTime": 32.083814393570464,
                "type": "ground",
                "id": 3
            },
            {
                "time": 33.40923372013508,
                "endTime": 33.555599,
                "type": "ground",
                "id": 4
            },
            {
                "time": 35.272719,
                "endTime": 35.465298739085995,
                "type": "ground",
                "id": 5
            },
            {
                "time": 37.009111,
                "endTime": 37.29735334111662,
                "type": "ground",
                "id": 6
            },
            {
                "time": 38.938336,
                "endTime": 39.131641307613684,
                "type": "ground",
                "id": 7
            },
            {
                "time": 40.50742200879783,
                "endTime": 40.70702872013507,
                "type": "ground",
                "id": 8
            },
            {
                "time": 41.75503116040528,
                "endTime": 42.027514928595274,
                "type": "ground",
                "id": 9
            },
            {
                "time": 44.2638384023683,
                "endTime": 44.399947,
                "type": "ground",
                "id": 10
            }
        ],
        "_starts": [
            "2018-02-05T17:13:46.000Z"
        ],
        "_ends": [
            "2018-02-05T17:15:59.740Z"
        ]
    },
    "labels_file": "/home/ubuntu/vat/data/user-studies/studyD/practice-third/048.labels.json",
    "videoFlash": 2.133995,
    "surveys": {
        "user-info": {
            "firstname": "Kendra",
            "lastname": "Graham",
            "email": "deloris4@gmail.com"
        },
        "practice-first": {
            "question1": "3",
            "question2": "ok",
            "question3": "100",
            "question4": "4"
        },
        "practice-second": {}
    },
    "logs": {
        "labelEvents": [
            {
                "time": "2018-02-05T17:14:28.268Z",
                "type": "START",
                "source": "hotkey",
                "_t": "10:14:28",
                "_end": "-",
                "data": {
                    "type": "ground",
                    "time": 28.009885
                }
            },
            {
                "time": "2018-02-05T17:14:30.952Z",
                "type": "END",
                "source": "data:click:h_pos",
                "_t": "10:14:30",
                "_end": "-",
                "data": {
                    "lbl": {
                        "time": 28.009885,
                        "endTime": 28.427790699585806,
                        "type": "ground",
                        "id": 1
                    }
                }
            },
            {
                "time": "2018-02-05T17:14:47.114Z",
                "type": "START",
                "source": "hotkey",
                "_t": "10:14:47",
                "_end": "-",
                "data": {
                    "type": "ground",
                    "time": 30.120327
                }
            },
            {
                "time": "2018-02-05T17:14:47.195Z",
                "type": "END",
                "source": "data:click:h_pos",
                "_t": "10:14:47",
                "_end": "-",
                "data": {
                    "lbl": {
                        "time": 30.120327,
                        "endTime": 30.355653166159392,
                        "type": "ground",
                        "id": 2
                    }
                }
            },
            {
                "time": "2018-02-05T17:14:53.739Z",
                "type": "START",
                "source": "hotkey",
                "_t": "10:14:53",
                "_end": "-",
                "data": {
                    "type": "ground",
                    "time": 31.775365
                }
            },
            {
                "time": "2018-02-05T17:14:54.228Z",
                "type": "END",
                "source": "data:click:h_pos",
                "_t": "10:14:54",
                "_end": "-",
                "data": {
                    "lbl": {
                        "time": 31.775365,
                        "endTime": 32.083814393570464,
                        "type": "ground",
                        "id": 3
                    }
                }
            },
            {
                "time": "2018-02-05T17:15:00.861Z",
                "type": "START",
                "source": "hotkey",
                "_t": "10:15:00",
                "_end": "-",
                "data": {
                    "type": "ground",
                    "time": 33.555599
                }
            },
            {
                "time": "2018-02-05T17:15:01.549Z",
                "type": "END",
                "source": "data:click:h_pos",
                "_t": "10:15:01",
                "_end": "-",
                "data": {
                    "lbl": {
                        "time": 33.40923372013508,
                        "endTime": 33.555599,
                        "type": "ground",
                        "id": 4
                    }
                }
            },
            {
                "time": "2018-02-05T17:15:07.724Z",
                "type": "START",
                "source": "hotkey",
                "_t": "10:15:07",
                "_end": "-",
                "data": {
                    "type": "ground",
                    "time": 35.272719
                }
            },
            {
                "time": "2018-02-05T17:15:09.789Z",
                "type": "END",
                "source": "data:click:h_pos",
                "_t": "10:15:09",
                "_end": "-",
                "data": {
                    "lbl": {
                        "time": 35.272719,
                        "endTime": 35.465298739085995,
                        "type": "ground",
                        "id": 5
                    }
                }
            },
            {
                "time": "2018-02-05T17:15:09.996Z",
                "type": "SELECT",
                "source": "data:click",
                "_t": "10:15:09",
                "_end": "-",
                "data": {
                    "time": 35.272719,
                    "endTime": 35.465298739085995,
                    "type": "ground",
                    "id": 5
                }
            },
            {
                "time": "2018-02-05T17:15:14.668Z",
                "type": "START",
                "source": "hotkey",
                "_t": "10:15:14",
                "_end": "-",
                "data": {
                    "type": "ground",
                    "time": 37.009111
                }
            },
            {
                "time": "2018-02-05T17:15:16.444Z",
                "type": "END",
                "source": "data:click:h_pos",
                "_t": "10:15:16",
                "_end": "-",
                "data": {
                    "lbl": {
                        "time": 37.009111,
                        "endTime": 37.29735334111662,
                        "type": "ground",
                        "id": 6
                    }
                }
            },
            {
                "time": "2018-02-05T17:15:22.394Z",
                "type": "START",
                "source": "hotkey",
                "_t": "10:15:22",
                "_end": "-",
                "data": {
                    "type": "ground",
                    "time": 38.938336
                }
            },
            {
                "time": "2018-02-05T17:15:25.365Z",
                "type": "END",
                "source": "data:click:h_pos",
                "_t": "10:15:25",
                "_end": "-",
                "data": {
                    "lbl": {
                        "time": 38.938336,
                        "endTime": 39.131641307613684,
                        "type": "ground",
                        "id": 7
                    }
                }
            },
            {
                "time": "2018-02-05T17:15:25.557Z",
                "type": "SELECT",
                "source": "data:click",
                "_t": "10:15:25",
                "_end": "-",
                "data": {
                    "time": 38.938336,
                    "endTime": 39.131641307613684,
                    "type": "ground",
                    "id": 7
                }
            },
            {
                "time": "2018-02-05T17:15:28.732Z",
                "type": "START",
                "source": "hotkey",
                "_t": "10:15:28",
                "_end": "-",
                "data": {
                    "type": "ground",
                    "time": 40.525123
                }
            },
            {
                "time": "2018-02-05T17:15:30.068Z",
                "type": "END",
                "source": "data:click:h_pos",
                "_t": "10:15:30",
                "_end": "-",
                "data": {
                    "lbl": {
                        "time": 40.50742200879783,
                        "endTime": 40.70702872013507,
                        "type": "ground",
                        "id": 8
                    }
                }
            },
            {
                "time": "2018-02-05T17:15:30.268Z",
                "type": "SELECT",
                "source": "data:click",
                "_t": "10:15:30",
                "_end": "-",
                "data": {
                    "time": 40.50742200879783,
                    "endTime": 40.70702872013507,
                    "type": "ground",
                    "id": 8
                }
            },
            {
                "time": {
                    "start": "2018-02-05T17:15:31.539Z",
                    "end": "2018-02-05T17:15:33.146Z"
                },
                "type": "MOVE",
                "source": "data:brush",
                "_t": "10:15:31",
                "_end": "10:15:33",
                "data": {
                    "brushing": true,
                    "origin": [
                        40.32551628866277,
                        40.525123
                    ],
                    "start": "2018-02-05T17:15:31.539Z",
                    "ε": 0.1,
                    "mode": "move"
                }
            },
            {
                "time": "2018-02-05T17:15:36.105Z",
                "type": "START",
                "source": "hotkey",
                "_t": "10:15:36",
                "_end": "-",
                "data": {
                    "type": "ground",
                    "time": 42.368113
                }
            },
            {
                "time": "2018-02-05T17:15:37.181Z",
                "type": "END",
                "source": "data:click:h_pos",
                "_t": "10:15:37",
                "_end": "-",
                "data": {
                    "lbl": {
                        "time": 41.75503116040528,
                        "endTime": 42.027514928595274,
                        "type": "ground",
                        "id": 9
                    }
                }
            },
            {
                "time": "2018-02-05T17:15:44.677Z",
                "type": "SELECT",
                "source": "data:click",
                "_t": "10:15:44",
                "_end": "-",
                "data": {
                    "time": 41.75503116040528,
                    "endTime": 42.027514928595274,
                    "type": "ground",
                    "id": 9
                }
            },
            {
                "time": {
                    "start": "2018-02-05T17:15:47.139Z",
                    "end": "2018-02-05T17:15:48.131Z"
                },
                "type": "RESIZE",
                "source": "data:brush",
                "_t": "10:15:47",
                "_end": "10:15:48",
                "data": {
                    "brushing": true,
                    "origin": [
                        41.755031160405224,
                        42.368113
                    ],
                    "_brushside": 1,
                    "start": "2018-02-05T17:15:47.139Z",
                    "ε": 0.1,
                    "mode": "resize"
                }
            },
            {
                "time": "2018-02-05T17:15:52.445Z",
                "type": "START",
                "source": "hotkey",
                "_t": "10:15:52",
                "_end": "-",
                "data": {
                    "type": "ground",
                    "time": 44.399947
                }
            },
            {
                "time": "2018-02-05T17:15:54.298Z",
                "type": "END",
                "source": "data:click:h_pos",
                "_t": "10:15:54",
                "_end": "-",
                "data": {
                    "lbl": {
                        "time": 44.2638384023683,
                        "endTime": 44.399947,
                        "type": "ground",
                        "id": 10
                    }
                }
            },
            {
                "time": "2018-02-05T17:15:59.325Z",
                "type": "START",
                "source": "hotkey",
                "_t": "10:15:59",
                "_end": "-",
                "data": {
                    "type": "ground",
                    "time": 46.121578
                }
            }
        ],
        "navigationEvents": [
            {
                "time": {
                    "start": "2018-02-05T17:13:46.837Z",
                    "end": "2018-02-05T17:14:29.184Z"
                },
                "type": "SCRUB",
                "source": "data:drag",
                "_t": "10:13:46",
                "_end": "10:14:29",
                "data": {
                    "time": 28.928172
                }
            },
            {
                "time": {
                    "start": "2018-02-05T17:13:46.837Z",
                    "end": "2018-02-05T17:14:30.950Z"
                },
                "type": "SCRUB",
                "source": "data:drag",
                "_t": "10:13:46",
                "_end": "10:14:30",
                "data": {
                    "time": 30.698144
                }
            },
            {
                "time": {
                    "start": "2018-02-05T17:13:46.837Z",
                    "end": "2018-02-05T17:14:31.145Z"
                },
                "type": "SCRUB",
                "source": "data:drag",
                "_t": "10:13:46",
                "_end": "10:14:31",
                "data": {
                    "time": 30.888376
                }
            },
            {
                "time": {
                    "start": "2018-02-05T17:14:35.341Z",
                    "end": "2018-02-05T17:14:35.448Z"
                },
                "type": "SCRUB",
                "source": "video:drag",
                "_t": "10:14:35",
                "_end": "10:14:35",
                "data": {
                    "to": 25.618945,
                    "from": 35.082227
                }
            },
            {
                "time": "2018-02-05T17:14:38.585Z",
                "type": "PAUSE",
                "source": "video:button",
                "_t": "10:14:38",
                "_end": "-"
            },
            {
                "time": "2018-02-05T17:14:40.298Z",
                "type": "CHANGE-PLAYBACK-RATE",
                "source": "video:menu",
                "_t": "10:14:40",
                "_end": "-",
                "data": {
                    "oldRate": 1,
                    "newRate": 0.25
                }
            },
            {
                "time": "2018-02-05T17:14:41.578Z",
                "type": "PLAY",
                "source": "video:button",
                "_t": "10:14:41",
                "_end": "-"
            },
            {
                "time": {
                    "start": "2018-02-05T17:13:46.837Z",
                    "end": "2018-02-05T17:14:47.194Z"
                },
                "type": "SCRUB",
                "source": "data:drag",
                "_t": "10:13:46",
                "_end": "10:14:47",
                "data": {
                    "time": 30.138817
                }
            },
            {
                "time": {
                    "start": "2018-02-05T17:13:46.837Z",
                    "end": "2018-02-05T17:14:48.154Z"
                },
                "type": "SCRUB",
                "source": "data:drag",
                "_t": "10:13:46",
                "_end": "10:14:48",
                "data": {
                    "time": 30.380794
                }
            },
            {
                "time": {
                    "start": "2018-02-05T17:13:46.837Z",
                    "end": "2018-02-05T17:14:48.658Z"
                },
                "type": "SCRUB",
                "source": "data:drag",
                "_t": "10:13:46",
                "_end": "10:14:48",
                "data": {
                    "time": 30.50446
                }
            },
            {
                "time": {
                    "start": "2018-02-05T17:13:46.837Z",
                    "end": "2018-02-05T17:14:54.226Z"
                },
                "type": "SCRUB",
                "source": "data:drag",
                "_t": "10:13:46",
                "_end": "10:14:54",
                "data": {
                    "time": 31.898035
                }
            },
            {
                "time": {
                    "start": "2018-02-05T17:13:46.837Z",
                    "end": "2018-02-05T17:15:01.546Z"
                },
                "type": "SCRUB",
                "source": "data:drag",
                "_t": "10:13:46",
                "_end": "10:15:01",
                "data": {
                    "time": 33.728895
                }
            },
            {
                "time": {
                    "start": "2018-02-05T17:13:46.837Z",
                    "end": "2018-02-05T17:15:09.113Z"
                },
                "type": "SCRUB",
                "source": "data:drag",
                "_t": "10:13:46",
                "_end": "10:15:09",
                "data": {
                    "time": 35.618849
                }
            },
            {
                "time": {
                    "start": "2018-02-05T17:13:46.837Z",
                    "end": "2018-02-05T17:15:09.787Z"
                },
                "type": "SCRUB",
                "source": "data:drag",
                "_t": "10:13:46",
                "_end": "10:15:09",
                "data": {
                    "time": 35.78683
                }
            },
            {
                "time": {
                    "start": "2018-02-05T17:13:46.837Z",
                    "end": "2018-02-05T17:15:09.993Z"
                },
                "type": "SCRUB",
                "source": "data:drag",
                "_t": "10:13:46",
                "_end": "10:15:09",
                "data": {
                    "time": 35.839753
                }
            },
            {
                "time": {
                    "start": "2018-02-05T17:13:46.837Z",
                    "end": "2018-02-05T17:15:16.442Z"
                },
                "type": "SCRUB",
                "source": "data:drag",
                "_t": "10:13:46",
                "_end": "10:15:16",
                "data": {
                    "time": 37.451311
                }
            },
            {
                "time": {
                    "start": "2018-02-05T17:13:46.837Z",
                    "end": "2018-02-05T17:15:16.690Z"
                },
                "type": "SCRUB",
                "source": "data:drag",
                "_t": "10:13:46",
                "_end": "10:15:16",
                "data": {
                    "time": 37.513912
                }
            },
            {
                "time": {
                    "start": "2018-02-05T17:13:46.837Z",
                    "end": "2018-02-05T17:15:25.363Z"
                },
                "type": "SCRUB",
                "source": "data:drag",
                "_t": "10:13:46",
                "_end": "10:15:25",
                "data": {
                    "time": 39.681431
                }
            },
            {
                "time": {
                    "start": "2018-02-05T17:13:46.837Z",
                    "end": "2018-02-05T17:15:25.555Z"
                },
                "type": "SCRUB",
                "source": "data:drag",
                "_t": "10:13:46",
                "_end": "10:15:25",
                "data": {
                    "time": 39.731221
                }
            },
            {
                "time": {
                    "start": "2018-02-05T17:13:46.837Z",
                    "end": "2018-02-05T17:15:30.066Z"
                },
                "type": "SCRUB",
                "source": "data:drag",
                "_t": "10:13:46",
                "_end": "10:15:30",
                "data": {
                    "time": 40.858306
                }
            },
            {
                "time": {
                    "start": "2018-02-05T17:13:46.837Z",
                    "end": "2018-02-05T17:15:30.265Z"
                },
                "type": "SCRUB",
                "source": "data:drag",
                "_t": "10:13:46",
                "_end": "10:15:30",
                "data": {
                    "time": 40.906672
                }
            },
            {
                "time": {
                    "start": "2018-02-05T17:13:46.837Z",
                    "end": "2018-02-05T17:15:33.160Z"
                },
                "type": "SCRUB",
                "source": "data:drag",
                "_t": "10:13:46",
                "_end": "10:15:33",
                "data": {
                    "time": 41.63037
                }
            },
            {
                "time": {
                    "start": "2018-02-05T17:13:46.837Z",
                    "end": "2018-02-05T17:15:37.179Z"
                },
                "type": "SCRUB",
                "source": "data:drag",
                "_t": "10:13:46",
                "_end": "10:15:37",
                "data": {
                    "time": 42.635379
                }
            },
            {
                "time": {
                    "start": "2018-02-05T17:13:46.837Z",
                    "end": "2018-02-05T17:15:37.362Z"
                },
                "type": "SCRUB",
                "source": "data:drag",
                "_t": "10:13:46",
                "_end": "10:15:37",
                "data": {
                    "time": 42.682776
                }
            },
            {
                "time": {
                    "start": "2018-02-05T17:13:46.837Z",
                    "end": "2018-02-05T17:15:39.337Z"
                },
                "type": "SCRUB",
                "source": "data:drag",
                "_t": "10:13:46",
                "_end": "10:15:39",
                "data": {
                    "time": 42.631768
                }
            },
            {
                "time": {
                    "start": "2018-02-05T17:13:46.837Z",
                    "end": "2018-02-05T17:15:40.186Z"
                },
                "type": "SCRUB",
                "source": "data:drag",
                "_t": "10:13:46",
                "_end": "10:15:40",
                "data": {
                    "time": 42.80341
                }
            },
            {
                "time": {
                    "start": "2018-02-05T17:13:46.837Z",
                    "end": "2018-02-05T17:15:41.114Z"
                },
                "type": "SCRUB",
                "source": "data:drag",
                "_t": "10:13:46",
                "_end": "10:15:41",
                "data": {
                    "time": 43.035172
                }
            },
            {
                "time": "2018-02-05T17:15:43.578Z",
                "type": "PAUSE",
                "source": "video:button",
                "_t": "10:15:43",
                "_end": "-"
            },
            {
                "time": {
                    "start": "2018-02-05T17:13:46.837Z",
                    "end": "2018-02-05T17:15:44.674Z"
                },
                "type": "SCRUB",
                "source": "data:drag",
                "_t": "10:13:46",
                "_end": "10:15:44",
                "data": {
                    "time": 43.65179
                }
            },
            {
                "time": {
                    "start": "2018-02-05T17:13:46.837Z",
                    "end": "2018-02-05T17:15:48.147Z"
                },
                "type": "SCRUB",
                "source": "data:drag",
                "_t": "10:13:46",
                "_end": "10:15:48",
                "data": {
                    "time": 43.65179
                }
            },
            {
                "time": "2018-02-05T17:15:49.451Z",
                "type": "PLAY",
                "source": "video:button",
                "_t": "10:15:49",
                "_end": "-"
            },
            {
                "time": {
                    "start": "2018-02-05T17:13:46.837Z",
                    "end": "2018-02-05T17:15:54.296Z"
                },
                "type": "SCRUB",
                "source": "data:drag",
                "_t": "10:13:46",
                "_end": "10:15:54",
                "data": {
                    "time": 44.863032
                }
            },
            {
                "time": {
                    "start": "2018-02-05T17:13:46.837Z",
                    "end": "2018-02-05T17:15:54.522Z"
                },
                "type": "SCRUB",
                "source": "data:drag",
                "_t": "10:13:46",
                "_end": "10:15:54",
                "data": {
                    "time": 44.920206
                }
            }
        ]
    }
}