{
    "user_id": "050",
    "session_id": "5a789e16ee2b1975ba835ba1",
    "study": "studyD",
    "workspace": "cane.cane-yellow",
    "details": {
        "workspace": "cane.cane-yellow",
        "labels": [
            {
                "time": 27.192718,
                "endTime": 28.359223,
                "type": "ground",
                "id": 1
            },
            {
                "time": 29.55912,
                "endTime": 31.624985,
                "type": "ground",
                "id": 2
            },
            {
                "time": 40.787148,
                "endTime": 41.918918,
                "type": "ground",
                "id": 3
            },
            {
                "time": 43.804169,
                "endTime": 45.635578,
                "type": "ground",
                "id": 4
            },
            {
                "time": 47.239562,
                "endTime": 49.49313,
                "type": "ground",
                "id": 5
            },
            {
                "time": 50.326966,
                "endTime": 51.17001,
                "type": "ground",
                "id": 6
            },
            {
                "time": 54.42867,
                "endTime": 56.082364,
                "type": "ground",
                "id": 7
            }
        ],
        "_starts": [
            "2018-02-05T18:17:29.000Z"
        ],
        "_ends": [
            "2018-02-05T18:19:40.286Z"
        ]
    },
    "labels_file": "/home/ubuntu/vat/data/user-studies/studyD/practice-third/050.labels.json",
    "videoFlash": 2.133995,
    "surveys": {
        "user-info": {
            "firstname": "WingKi",
            "lastname": "Yu",
            "email": "wing.yu.kilds@gmail.com"
        },
        "practice-first": {
            "question1": "4",
            "question2": "ok",
            "question3": "50",
            "question4": "5"
        },
        "practice-second": {}
    },
    "logs": {
        "labelEvents": [
            {
                "time": "2018-02-05T18:17:59.013Z",
                "type": "START",
                "source": "hotkey",
                "_t": "11:17:59",
                "_end": "-",
                "data": {
                    "type": "ground",
                    "time": 28.545759
                }
            },
            {
                "time": "2018-02-05T18:18:11.908Z",
                "type": "END",
                "source": "hotkey:h_pos",
                "_t": "11:18:11",
                "_end": "-",
                "data": {
                    "key": "enter"
                }
            },
            {
                "time": "2018-02-05T18:18:43.862Z",
                "type": "START",
                "source": "hotkey",
                "_t": "11:18:43",
                "_end": "-",
                "data": {
                    "type": "ground",
                    "time": 27.192718
                }
            },
            {
                "time": "2018-02-05T18:18:45.027Z",
                "type": "END",
                "source": "hotkey:ctb",
                "_t": "11:18:45",
                "_end": "-",
                "data": {
                    "lbl": {
                        "time": 27.192718,
                        "endTime": 28.359223,
                        "type": "ground",
                        "id": 1
                    },
                    "key": "enter"
                }
            },
            {
                "time": "2018-02-05T18:18:46.229Z",
                "type": "START",
                "source": "hotkey",
                "_t": "11:18:46",
                "_end": "-",
                "data": {
                    "type": "ground",
                    "time": 29.55912
                }
            },
            {
                "time": "2018-02-05T18:18:48.292Z",
                "type": "END",
                "source": "hotkey:ctb",
                "_t": "11:18:48",
                "_end": "-",
                "data": {
                    "lbl": {
                        "time": 29.55912,
                        "endTime": 31.624985,
                        "type": "ground",
                        "id": 2
                    },
                    "key": "enter"
                }
            },
            {
                "time": "2018-02-05T18:18:49.813Z",
                "type": "START",
                "source": "hotkey",
                "_t": "11:18:49",
                "_end": "-",
                "data": {
                    "type": "ground",
                    "time": 33.140546
                }
            },
            {
                "time": "2018-02-05T18:18:52.069Z",
                "type": "END",
                "source": "hotkey:ctb",
                "_t": "11:18:52",
                "_end": "-",
                "data": {
                    "lbl": {
                        "time": 33.140546,
                        "endTime": 35.403105,
                        "type": "ground",
                        "id": 3
                    },
                    "key": "enter"
                }
            },
            {
                "time": "2018-02-05T18:18:58.782Z",
                "type": "SELECT",
                "source": "data:click",
                "_t": "11:18:58",
                "_end": "-",
                "data": {
                    "time": 33.140546,
                    "endTime": 35.403105,
                    "type": "ground",
                    "id": 3
                }
            },
            {
                "time": "2018-02-05T18:18:59.828Z",
                "type": "DELETE",
                "source": "hotkey",
                "_t": "11:18:59",
                "_end": "-",
                "data": {
                    "id": 3,
                    "idx": 2
                }
            },
            {
                "time": "2018-02-05T18:19:09.301Z",
                "type": "START",
                "source": "hotkey",
                "_t": "11:19:09",
                "_end": "-",
                "data": {
                    "type": "ground",
                    "time": 40.787148
                }
            },
            {
                "time": "2018-02-05T18:19:11.557Z",
                "type": "END",
                "source": "hotkey:ctb",
                "_t": "11:19:11",
                "_end": "-",
                "data": {
                    "lbl": {
                        "time": 40.787148,
                        "endTime": 41.918918,
                        "type": "ground",
                        "id": 3
                    },
                    "key": "enter"
                }
            },
            {
                "time": "2018-02-05T18:19:15.334Z",
                "type": "START",
                "source": "hotkey",
                "_t": "11:19:15",
                "_end": "-",
                "data": {
                    "type": "ground",
                    "time": 43.804169
                }
            },
            {
                "time": "2018-02-05T18:19:18.996Z",
                "type": "END",
                "source": "hotkey:ctb",
                "_t": "11:19:18",
                "_end": "-",
                "data": {
                    "lbl": {
                        "time": 43.804169,
                        "endTime": 45.635578,
                        "type": "ground",
                        "id": 4
                    },
                    "key": "enter"
                }
            },
            {
                "time": "2018-02-05T18:19:22.198Z",
                "type": "START",
                "source": "hotkey",
                "_t": "11:19:22",
                "_end": "-",
                "data": {
                    "type": "ground",
                    "time": 47.239562
                }
            },
            {
                "time": "2018-02-05T18:19:26.710Z",
                "type": "END",
                "source": "hotkey:ctb",
                "_t": "11:19:26",
                "_end": "-",
                "data": {
                    "lbl": {
                        "time": 47.239562,
                        "endTime": 49.49313,
                        "type": "ground",
                        "id": 5
                    },
                    "key": "enter"
                }
            },
            {
                "time": "2018-02-05T18:19:28.375Z",
                "type": "START",
                "source": "hotkey",
                "_t": "11:19:28",
                "_end": "-",
                "data": {
                    "type": "ground",
                    "time": 50.326966
                }
            },
            {
                "time": "2018-02-05T18:19:30.067Z",
                "type": "END",
                "source": "hotkey:ctb",
                "_t": "11:19:30",
                "_end": "-",
                "data": {
                    "lbl": {
                        "time": 50.326966,
                        "endTime": 51.17001,
                        "type": "ground",
                        "id": 6
                    },
                    "key": "enter"
                }
            },
            {
                "time": "2018-02-05T18:19:36.582Z",
                "type": "START",
                "source": "hotkey",
                "_t": "11:19:36",
                "_end": "-",
                "data": {
                    "type": "ground",
                    "time": 54.42867
                }
            },
            {
                "time": "2018-02-05T18:19:39.893Z",
                "type": "END",
                "source": "hotkey:ctb",
                "_t": "11:19:39",
                "_end": "-",
                "data": {
                    "lbl": {
                        "time": 54.42867,
                        "endTime": 56.082364,
                        "type": "ground",
                        "id": 7
                    },
                    "key": "enter"
                }
            }
        ],
        "navigationEvents": [
            {
                "time": {
                    "start": "2018-02-05T18:17:52.838Z",
                    "end": "2018-02-05T18:17:52.937Z"
                },
                "type": "SCRUB",
                "source": "video:drag",
                "_t": "11:17:52",
                "_end": "11:17:52",
                "data": {
                    "to": 17.565464,
                    "from": 13.103831
                }
            },
            {
                "time": {
                    "start": "2018-02-05T18:17:53.567Z",
                    "end": "2018-02-05T18:17:53.674Z"
                },
                "type": "SCRUB",
                "source": "video:drag",
                "_t": "11:17:53",
                "_end": "11:17:53",
                "data": {
                    "to": 20.545886,
                    "from": 18.068831
                }
            },
            {
                "time": {
                    "start": "2018-02-05T18:17:54.846Z",
                    "end": "2018-02-05T18:17:54.930Z"
                },
                "type": "SCRUB",
                "source": "video:drag",
                "_t": "11:17:54",
                "_end": "11:17:54",
                "data": {
                    "to": 24.54092,
                    "from": 21.510432
                }
            },
            {
                "time": "2018-02-05T18:18:02.667Z",
                "type": "CHANGE-PLAYBACK-RATE",
                "source": "video:menu",
                "_t": "11:18:02",
                "_end": "-",
                "data": {
                    "oldRate": 1,
                    "newRate": 0.25
                }
            },
            {
                "time": {
                    "start": "2018-02-05T18:18:04.272Z",
                    "end": "2018-02-05T18:18:06.346Z"
                },
                "type": "SCRUB",
                "source": "video:drag",
                "_t": "11:18:04",
                "_end": "11:18:06",
                "data": {
                    "to": 23.082415,
                    "from": 32.65597
                }
            },
            {
                "time": "2018-02-05T18:18:15.443Z",
                "type": "PAUSE",
                "source": "video:button",
                "_t": "11:18:15",
                "_end": "-"
            },
            {
                "time": {
                    "start": "2018-02-05T18:17:29.927Z",
                    "end": "2018-02-05T18:18:18.667Z"
                },
                "type": "SCRUB",
                "source": "data:drag",
                "_t": "11:17:29",
                "_end": "11:18:18",
                "data": {
                    "time": 25.340382
                }
            },
            {
                "time": {
                    "start": "2018-02-05T18:17:29.927Z",
                    "end": "2018-02-05T18:18:31.008Z"
                },
                "type": "SCRUB",
                "source": "data:drag",
                "_t": "11:17:29",
                "_end": "11:18:31",
                "data": {
                    "time": 25.140887
                }
            },
            {
                "time": "2018-02-05T18:18:36.196Z",
                "type": "CHANGE-PLAYBACK-RATE",
                "source": "video:menu",
                "_t": "11:18:36",
                "_end": "-",
                "data": {
                    "oldRate": 0.25,
                    "newRate": 0.5
                }
            },
            {
                "time": "2018-02-05T18:18:36.643Z",
                "type": "CHANGE-PLAYBACK-RATE",
                "source": "video:menu",
                "_t": "11:18:36",
                "_end": "-",
                "data": {
                    "oldRate": 0.5,
                    "newRate": 1
                }
            },
            {
                "time": {
                    "start": "2018-02-05T18:17:29.927Z",
                    "end": "2018-02-05T18:18:38.411Z"
                },
                "type": "SCRUB",
                "source": "data:drag",
                "_t": "11:17:29",
                "_end": "11:18:38",
                "data": {
                    "time": 25.092524
                }
            },
            {
                "time": "2018-02-05T18:18:41.723Z",
                "type": "PLAY",
                "source": "video:button",
                "_t": "11:18:41",
                "_end": "-"
            },
            {
                "time": "2018-02-05T18:18:56.388Z",
                "type": "PAUSE",
                "source": "video:button",
                "_t": "11:18:56",
                "_end": "-"
            },
            {
                "time": {
                    "start": "2018-02-05T18:17:29.927Z",
                    "end": "2018-02-05T18:18:58.780Z"
                },
                "type": "SCRUB",
                "source": "data:drag",
                "_t": "11:17:29",
                "_end": "11:18:58",
                "data": {
                    "time": 39.715091
                }
            },
            {
                "time": "2018-02-05T18:19:04.155Z",
                "type": "CHANGE-PLAYBACK-RATE",
                "source": "video:menu",
                "_t": "11:19:04",
                "_end": "-",
                "data": {
                    "oldRate": 1,
                    "newRate": 0.5
                }
            },
            {
                "time": "2018-02-05T18:19:07.252Z",
                "type": "PLAY",
                "source": "hotkey",
                "_t": "11:19:07",
                "_end": "-",
                "data": {
                    "key": "space"
                }
            }
        ]
    }
}