{
    "user_id": "051",
    "session_id": "5a789defee2b1975ba835b9e",
    "study": "studyD",
    "workspace": "cane.cane-yellow",
    "details": {
        "workspace": "cane.cane-yellow",
        "labels": [
            {
                "time": 28.00098060162596,
                "endTime": 28.12700279674792,
                "type": "ground",
                "id": 1
            },
            {
                "time": 30.065343,
                "endTime": 30.16135991056911,
                "type": "ground",
                "id": 2
            },
            {
                "time": 31.889664,
                "endTime": 31.967677739837395,
                "type": "ground",
                "id": 3
            },
            {
                "time": 33.521951,
                "endTime": 33.59396368292682,
                "type": "ground",
                "id": 4
            },
            {
                "time": 35.346272,
                "endTime": 35.41828468292684,
                "type": "ground",
                "id": 5
            },
            {
                "time": 37.056572,
                "endTime": 37.15858996747969,
                "type": "ground",
                "id": 6
            },
            {
                "time": 38.946904,
                "endTime": 39.03691985365851,
                "type": "ground",
                "id": 7
            }
        ],
        "_starts": [
            "2018-02-05T18:17:11.000Z"
        ],
        "_ends": [
            "2018-02-05T18:19:21.563Z"
        ]
    },
    "labels_file": "/home/ubuntu/vat/data/user-studies/studyD/practice-third/051.labels.json",
    "videoFlash": 2.133995,
    "surveys": {
        "user-info": {
            "firstname": "Cameron",
            "lastname": "McQuinn",
            "email": "cameron.mcquinn@gmail.com"
        },
        "practice-first": {
            "question1": "5",
            "question2": "ok",
            "question3": "50",
            "question4": "5"
        },
        "practice-second": {}
    },
    "logs": {
        "labelEvents": [
            {
                "time": "2018-02-05T18:17:56.244Z",
                "type": "START",
                "source": "side-bar:button",
                "_t": "11:17:56",
                "_end": "-",
                "data": {
                    "type": "ground",
                    "time": 29.519248
                }
            },
            {
                "time": "2018-02-05T18:18:00.522Z",
                "type": "END",
                "source": "data:click:h_pos",
                "_t": "11:18:00",
                "_end": "-",
                "data": {
                    "lbl": {
                        "time": 28.00098060162596,
                        "endTime": 28.12700279674792,
                        "type": "ground",
                        "id": 1
                    }
                }
            },
            {
                "time": "2018-02-05T18:18:06.454Z",
                "type": "SELECT",
                "source": "data:click",
                "_t": "11:18:06",
                "_end": "-",
                "data": {
                    "time": 28.00098060162596,
                    "endTime": 28.12700279674792,
                    "type": "ground",
                    "id": 1
                }
            },
            {
                "time": {
                    "start": "2018-02-05T18:18:08.302Z",
                    "end": "2018-02-05T18:18:11.741Z"
                },
                "type": "RESIZE",
                "source": "data:brush",
                "_t": "11:18:08",
                "_end": "11:18:11",
                "data": {
                    "brushing": true,
                    "origin": [
                        28.000980601626015,
                        29.519248
                    ],
                    "_brushside": 1,
                    "start": "2018-02-05T18:18:08.302Z",
                    "ε": 0.1,
                    "mode": "resize"
                }
            },
            {
                "time": "2018-02-05T18:18:17.733Z",
                "type": "START",
                "source": "side-bar:button",
                "_t": "11:18:17",
                "_end": "-",
                "data": {
                    "type": "ground",
                    "time": 30.065343
                }
            },
            {
                "time": "2018-02-05T18:18:21.075Z",
                "type": "END",
                "source": "data:click:h_pos",
                "_t": "11:18:21",
                "_end": "-",
                "data": {
                    "lbl": {
                        "time": 30.065343,
                        "endTime": 30.16135991056911,
                        "type": "ground",
                        "id": 2
                    }
                }
            },
            {
                "time": "2018-02-05T18:18:26.181Z",
                "type": "START",
                "source": "side-bar:button",
                "_t": "11:18:26",
                "_end": "-",
                "data": {
                    "type": "ground",
                    "time": 31.889664
                }
            },
            {
                "time": "2018-02-05T18:18:28.450Z",
                "type": "END",
                "source": "data:click:h_pos",
                "_t": "11:18:28",
                "_end": "-",
                "data": {
                    "lbl": {
                        "time": 31.889664,
                        "endTime": 31.967677739837395,
                        "type": "ground",
                        "id": 3
                    }
                }
            },
            {
                "time": "2018-02-05T18:18:33.054Z",
                "type": "START",
                "source": "side-bar:button",
                "_t": "11:18:33",
                "_end": "-",
                "data": {
                    "type": "ground",
                    "time": 33.521951
                }
            },
            {
                "time": "2018-02-05T18:18:37.281Z",
                "type": "END",
                "source": "data:click:h_pos",
                "_t": "11:18:37",
                "_end": "-",
                "data": {
                    "lbl": {
                        "time": 33.521951,
                        "endTime": 33.59396368292682,
                        "type": "ground",
                        "id": 4
                    }
                }
            },
            {
                "time": "2018-02-05T18:18:42.878Z",
                "type": "START",
                "source": "side-bar:button",
                "_t": "11:18:42",
                "_end": "-",
                "data": {
                    "type": "ground",
                    "time": 35.346272
                }
            },
            {
                "time": "2018-02-05T18:18:45.227Z",
                "type": "END",
                "source": "data:click:h_pos",
                "_t": "11:18:45",
                "_end": "-",
                "data": {
                    "lbl": {
                        "time": 35.346272,
                        "endTime": 35.41828468292684,
                        "type": "ground",
                        "id": 5
                    }
                }
            },
            {
                "time": "2018-02-05T18:18:53.631Z",
                "type": "START",
                "source": "hotkey",
                "_t": "11:18:53",
                "_end": "-",
                "data": {
                    "type": "ground",
                    "time": 37.056572
                }
            },
            {
                "time": "2018-02-05T18:18:56.830Z",
                "type": "END",
                "source": "hotkey:h_pos",
                "_t": "11:18:56",
                "_end": "-",
                "data": {
                    "lbl": {
                        "time": 37.056572,
                        "endTime": 37.15858996747969,
                        "type": "ground",
                        "id": 6
                    },
                    "key": "enter"
                }
            },
            {
                "time": "2018-02-05T18:19:00.111Z",
                "type": "SELECT",
                "source": "data:click",
                "_t": "11:19:00",
                "_end": "-",
                "data": {
                    "time": 37.056572,
                    "endTime": 37.15858996747969,
                    "type": "ground",
                    "id": 6
                }
            },
            {
                "time": {
                    "start": "2018-02-05T18:19:00.702Z",
                    "end": "2018-02-05T18:19:01.229Z"
                },
                "type": "RESIZE",
                "source": "data:brush",
                "_t": "11:19:00",
                "_end": "11:19:01",
                "data": {
                    "brushing": true,
                    "origin": [
                        37.056572,
                        37.13458573983741
                    ],
                    "start": "2018-02-05T18:19:00.702Z",
                    "ε": 0.1,
                    "mode": "resize"
                }
            },
            {
                "time": "2018-02-05T18:19:11.856Z",
                "type": "START",
                "source": "hotkey",
                "_t": "11:19:11",
                "_end": "-",
                "data": {
                    "type": "ground",
                    "time": 38.946904
                }
            },
            {
                "time": "2018-02-05T18:19:14.847Z",
                "type": "END",
                "source": "hotkey:h_pos",
                "_t": "11:19:14",
                "_end": "-",
                "data": {
                    "lbl": {
                        "time": 38.946904,
                        "endTime": 39.03691985365851,
                        "type": "ground",
                        "id": 7
                    },
                    "key": "enter"
                }
            },
            {
                "time": "2018-02-05T18:19:20.212Z",
                "type": "START",
                "source": "hotkey",
                "_t": "11:19:20",
                "_end": "-",
                "data": {
                    "type": "ground",
                    "time": 40.561188
                }
            }
        ],
        "navigationEvents": [
            {
                "time": "2018-02-05T18:17:31.235Z",
                "type": "CHANGE-PLAYBACK-RATE",
                "source": "video:button",
                "_t": "11:17:31",
                "_end": "-",
                "data": {
                    "oldRate": 1,
                    "newRate": 1.5
                }
            },
            {
                "time": "2018-02-05T18:17:32.915Z",
                "type": "CHANGE-PLAYBACK-RATE",
                "source": "video:button",
                "_t": "11:17:32",
                "_end": "-",
                "data": {
                    "oldRate": 1.5,
                    "newRate": 2
                }
            },
            {
                "time": "2018-02-05T18:17:39.102Z",
                "type": "PAUSE",
                "source": "hotkey",
                "_t": "11:17:39",
                "_end": "-",
                "data": {
                    "key": "space"
                }
            },
            {
                "time": "2018-02-05T18:17:45.741Z",
                "type": "PLAY",
                "source": "hotkey",
                "_t": "11:17:45",
                "_end": "-",
                "data": {
                    "key": "space"
                }
            },
            {
                "time": "2018-02-05T18:17:49.956Z",
                "type": "CHANGE-PLAYBACK-RATE",
                "source": "video:menu",
                "_t": "11:17:49",
                "_end": "-",
                "data": {
                    "oldRate": 2,
                    "newRate": 1
                }
            },
            {
                "time": "2018-02-05T18:17:53.629Z",
                "type": "PAUSE",
                "source": "hotkey",
                "_t": "11:17:53",
                "_end": "-",
                "data": {
                    "key": "space"
                }
            },
            {
                "time": {
                    "start": "2018-02-05T18:17:11.053Z",
                    "end": "2018-02-05T18:18:00.520Z"
                },
                "type": "SCRUB",
                "source": "data:drag",
                "_t": "11:17:11",
                "_end": "11:18:00",
                "data": {
                    "time": 29.519248
                }
            },
            {
                "time": {
                    "start": "2018-02-05T18:17:11.053Z",
                    "end": "2018-02-05T18:18:05.092Z"
                },
                "type": "SCRUB",
                "source": "data:drag",
                "_t": "11:17:11",
                "_end": "11:18:05",
                "data": {
                    "time": 29.615264
                }
            },
            {
                "time": {
                    "start": "2018-02-05T18:17:11.053Z",
                    "end": "2018-02-05T18:18:06.453Z"
                },
                "type": "SCRUB",
                "source": "data:drag",
                "_t": "11:17:11",
                "_end": "11:18:06",
                "data": {
                    "time": 29.615264
                }
            },
            {
                "time": {
                    "start": "2018-02-05T18:17:11.053Z",
                    "end": "2018-02-05T18:18:11.749Z"
                },
                "type": "SCRUB",
                "source": "data:drag",
                "_t": "11:17:11",
                "_end": "11:18:11",
                "data": {
                    "time": 29.615264
                }
            },
            {
                "time": {
                    "start": "2018-02-05T18:17:11.053Z",
                    "end": "2018-02-05T18:18:16.278Z"
                },
                "type": "SCRUB",
                "source": "data:drag",
                "_t": "11:17:11",
                "_end": "11:18:16",
                "data": {
                    "time": 30.065343
                }
            },
            {
                "time": {
                    "start": "2018-02-05T18:17:11.053Z",
                    "end": "2018-02-05T18:18:21.073Z"
                },
                "type": "SCRUB",
                "source": "data:drag",
                "_t": "11:17:11",
                "_end": "11:18:21",
                "data": {
                    "time": 30.065343
                }
            },
            {
                "time": {
                    "start": "2018-02-05T18:17:11.053Z",
                    "end": "2018-02-05T18:18:24.277Z"
                },
                "type": "SCRUB",
                "source": "data:drag",
                "_t": "11:17:11",
                "_end": "11:18:24",
                "data": {
                    "time": 31.889664
                }
            },
            {
                "time": {
                    "start": "2018-02-05T18:17:11.053Z",
                    "end": "2018-02-05T18:18:28.447Z"
                },
                "type": "SCRUB",
                "source": "data:drag",
                "_t": "11:17:11",
                "_end": "11:18:28",
                "data": {
                    "time": 31.889664
                }
            },
            {
                "time": {
                    "start": "2018-02-05T18:17:11.053Z",
                    "end": "2018-02-05T18:18:31.968Z"
                },
                "type": "SCRUB",
                "source": "data:drag",
                "_t": "11:17:11",
                "_end": "11:18:31",
                "data": {
                    "time": 33.521951
                }
            },
            {
                "time": {
                    "start": "2018-02-05T18:17:11.053Z",
                    "end": "2018-02-05T18:18:37.279Z"
                },
                "type": "SCRUB",
                "source": "data:drag",
                "_t": "11:17:11",
                "_end": "11:18:37",
                "data": {
                    "time": 33.521951
                }
            },
            {
                "time": {
                    "start": "2018-02-05T18:17:11.053Z",
                    "end": "2018-02-05T18:18:40.332Z"
                },
                "type": "SCRUB",
                "source": "data:drag",
                "_t": "11:17:11",
                "_end": "11:18:40",
                "data": {
                    "time": 35.346272
                }
            },
            {
                "time": {
                    "start": "2018-02-05T18:17:11.053Z",
                    "end": "2018-02-05T18:18:45.225Z"
                },
                "type": "SCRUB",
                "source": "data:drag",
                "_t": "11:17:11",
                "_end": "11:18:45",
                "data": {
                    "time": 35.346272
                }
            },
            {
                "time": {
                    "start": "2018-02-05T18:17:11.053Z",
                    "end": "2018-02-05T18:18:49.635Z"
                },
                "type": "SCRUB",
                "source": "data:drag",
                "_t": "11:17:11",
                "_end": "11:18:49",
                "data": {
                    "time": 37.092579
                }
            },
            {
                "time": {
                    "start": "2018-02-05T18:17:11.053Z",
                    "end": "2018-02-05T18:18:52.293Z"
                },
                "type": "SCRUB",
                "source": "data:drag",
                "_t": "11:17:11",
                "_end": "11:18:52",
                "data": {
                    "time": 37.056572
                }
            },
            {
                "time": {
                    "start": "2018-02-05T18:17:11.053Z",
                    "end": "2018-02-05T18:19:00.109Z"
                },
                "type": "SCRUB",
                "source": "data:drag",
                "_t": "11:17:11",
                "_end": "11:19:00",
                "data": {
                    "time": 37.056572
                }
            },
            {
                "time": {
                    "start": "2018-02-05T18:17:11.053Z",
                    "end": "2018-02-05T18:19:01.247Z"
                },
                "type": "SCRUB",
                "source": "data:drag",
                "_t": "11:17:11",
                "_end": "11:19:01",
                "data": {
                    "time": 37.056572
                }
            },
            {
                "time": {
                    "start": "2018-02-05T18:17:11.053Z",
                    "end": "2018-02-05T18:19:02.948Z"
                },
                "type": "SCRUB",
                "source": "data:drag",
                "_t": "11:17:11",
                "_end": "11:19:02",
                "data": {
                    "time": 38.094754
                }
            },
            {
                "time": {
                    "start": "2018-02-05T18:17:11.053Z",
                    "end": "2018-02-05T18:19:08.875Z"
                },
                "type": "SCRUB",
                "source": "data:drag",
                "_t": "11:17:11",
                "_end": "11:19:08",
                "data": {
                    "time": 38.946904
                }
            },
            {
                "time": {
                    "start": "2018-02-05T18:17:11.053Z",
                    "end": "2018-02-05T18:19:18.746Z"
                },
                "type": "SCRUB",
                "source": "data:drag",
                "_t": "11:17:11",
                "_end": "11:19:18",
                "data": {
                    "time": 40.561188
                }
            }
        ]
    }
}