[{"time":28.024638,"endTime":28.091369,"type":"ground","id":1},{"time":30.091368,"endTime":30.1581,"type":"ground","id":2},{"time":31.892151,"endTime":31.958883,"type":"ground","id":3},{"time":33.526103,"endTime":33.559469,"type":"ground","id":4},{"time":35.359266,"endTime":35.392632,"type":"ground","id":5},{"time":37.092328,"endTime":37.125694,"type":"ground","id":6},{"time":38.958858,"endTime":39.02559,"type":"ground","id":7},{"time":41.825388,"endTime":41.89212,"type":"ground","id":8},{"time":44.292512,"endTime":44.359243,"type":"ground","id":9},{"time":49.392608,"endTime":49.45934,"type":"ground","id":10}]