{
    "user_id": "3030",
    "session_id": "5a0fdd5a5efd4d725417b95d",
    "study": "gold",
    "workspace": "cane.cane-yellow",
    "details": {
        "workspace": "cane.cane-yellow",
        "labels": [
            {
                "time": 28.035732,
                "endTime": 29.45960309836118,
                "type": "ground",
                "id": 1
            },
            {
                "time": 30.087661,
                "endTime": 31.179819179060605,
                "type": "ground",
                "id": 2
            },
            {
                "time": 31.905872,
                "endTime": 32.881744855614116,
                "type": "ground",
                "id": 3
            },
            {
                "time": 33.506833,
                "endTime": 34.7502581790606,
                "type": "ground",
                "id": 4
            },
            {
                "time": 35.344166,
                "endTime": 36.416847415047336,
                "type": "ground",
                "id": 5
            },
            {
                "time": 37.08054,
                "endTime": 38.27426644143985,
                "type": "ground",
                "id": 6
            },
            {
                "time": 38.976563,
                "endTime": 39.97314342180767,
                "type": "ground",
                "id": 7
            },
            {
                "time": 40.568278,
                "endTime": 41.244139693566474,
                "type": "ground",
                "id": 8
            },
            {
                "time": 41.841017,
                "endTime": 43.793719966847156,
                "type": "ground",
                "id": 9
            },
            {
                "time": 44.29117,
                "endTime": 45.504871164666866,
                "type": "ground",
                "id": 10
            },
            {
                "time": 46.103234,
                "endTime": 47.187651156160385,
                "type": "ground",
                "id": 11
            },
            {
                "time": 47.781755,
                "endTime": 48.72740526499848,
                "type": "ground",
                "id": 12
            },
            {
                "time": 49.413369,
                "endTime": 50.385894428567994,
                "type": "ground",
                "id": 13
            },
            {
                "time": 51.051072,
                "endTime": 53.25453797186134,
                "type": "ground",
                "id": 14
            },
            {
                "time": 53.949636,
                "endTime": 55.14004558466021,
                "type": "ground",
                "id": 15
            },
            {
                "time": 55.720947,
                "endTime": 56.64150082722928,
                "type": "ground",
                "id": 16
            },
            {
                "time": 57.274483,
                "endTime": 58.18389457291214,
                "type": "ground",
                "id": 17
            },
            {
                "time": 58.776814,
                "endTime": 59.791755205944746,
                "type": "ground",
                "id": 18
            },
            {
                "time": 60.456787,
                "endTime": 61.57573991845358,
                "type": "ground",
                "id": 19
            },
            {
                "time": 62.15623,
                "endTime": 63.135033586040336,
                "type": "ground",
                "id": 20
            }
        ],
        "_starts": [
            "2017-11-18T08:59:57.000Z"
        ],
        "_ends": [
            "2017-11-18T09:04:26.703Z"
        ]
    },
    "labels_file": "/home/ubuntu/vat/data/user-studies/gold/practice-third/3030.labels.json",
    "videoFlash": 2.133995,
    "surveys": {
        "user-info": {
            "firstname": "Naomi",
            "lastname": "Johnson"
        }
    },
    "logs": {
        "labelEvents": [
            {
                "time": "2017-11-18T09:00:53.906Z",
                "type": "START",
                "source": "hotkey",
                "_t": "02:00:53",
                "_end": "-",
                "data": {
                    "type": "ground",
                    "time": 28.035732
                }
            },
            {
                "time": "2017-11-18T09:00:57.793Z",
                "type": "END",
                "source": "data:click:h_pos",
                "_t": "02:00:57",
                "_end": "-",
                "data": {
                    "lbl": {
                        "time": 28.035732,
                        "endTime": 29.45960309836118,
                        "type": "ground",
                        "id": 1
                    }
                }
            },
            {
                "time": "2017-11-18T09:01:02.070Z",
                "type": "START",
                "source": "hotkey",
                "_t": "02:01:02",
                "_end": "-",
                "data": {
                    "type": "ground",
                    "time": 30.087661
                }
            },
            {
                "time": "2017-11-18T09:01:06.806Z",
                "type": "END",
                "source": "data:click:h_pos",
                "_t": "02:01:06",
                "_end": "-",
                "data": {
                    "lbl": {
                        "time": 30.087661,
                        "endTime": 31.179819179060605,
                        "type": "ground",
                        "id": 2
                    }
                }
            },
            {
                "time": "2017-11-18T09:01:12.275Z",
                "type": "START",
                "source": "hotkey",
                "_t": "02:01:12",
                "_end": "-",
                "data": {
                    "type": "ground",
                    "time": 31.905872
                }
            },
            {
                "time": "2017-11-18T09:01:14.778Z",
                "type": "END",
                "source": "data:click:h_pos",
                "_t": "02:01:14",
                "_end": "-",
                "data": {
                    "lbl": {
                        "time": 31.905872,
                        "endTime": 32.881744855614116,
                        "type": "ground",
                        "id": 3
                    }
                }
            },
            {
                "time": "2017-11-18T09:01:18.825Z",
                "type": "START",
                "source": "hotkey",
                "_t": "02:01:18",
                "_end": "-",
                "data": {
                    "type": "ground",
                    "time": 33.506833
                }
            },
            {
                "time": "2017-11-18T09:01:21.884Z",
                "type": "END",
                "source": "data:click:h_pos",
                "_t": "02:01:21",
                "_end": "-",
                "data": {
                    "lbl": {
                        "time": 33.506833,
                        "endTime": 34.7502581790606,
                        "type": "ground",
                        "id": 4
                    }
                }
            },
            {
                "time": "2017-11-18T09:01:25.066Z",
                "type": "START",
                "source": "hotkey",
                "_t": "02:01:25",
                "_end": "-",
                "data": {
                    "type": "ground",
                    "time": 35.344166
                }
            },
            {
                "time": "2017-11-18T09:01:27.839Z",
                "type": "END",
                "source": "data:click:h_pos",
                "_t": "02:01:27",
                "_end": "-",
                "data": {
                    "lbl": {
                        "time": 35.344166,
                        "endTime": 36.416847415047336,
                        "type": "ground",
                        "id": 5
                    }
                }
            },
            {
                "time": "2017-11-18T09:01:31.388Z",
                "type": "START",
                "source": "hotkey",
                "_t": "02:01:31",
                "_end": "-",
                "data": {
                    "type": "ground",
                    "time": 37.08054
                }
            },
            {
                "time": "2017-11-18T09:01:37.090Z",
                "type": "END",
                "source": "data:click:h_pos",
                "_t": "02:01:37",
                "_end": "-",
                "data": {
                    "lbl": {
                        "time": 37.08054,
                        "endTime": 38.27426644143985,
                        "type": "ground",
                        "id": 6
                    }
                }
            },
            {
                "time": "2017-11-18T09:01:40.882Z",
                "type": "START",
                "source": "hotkey",
                "_t": "02:01:40",
                "_end": "-",
                "data": {
                    "type": "ground",
                    "time": 38.976563
                }
            },
            {
                "time": "2017-11-18T09:01:43.857Z",
                "type": "END",
                "source": "data:click:h_pos",
                "_t": "02:01:43",
                "_end": "-",
                "data": {
                    "lbl": {
                        "time": 38.976563,
                        "endTime": 39.97314342180767,
                        "type": "ground",
                        "id": 7
                    }
                }
            },
            {
                "time": "2017-11-18T09:01:48.419Z",
                "type": "START",
                "source": "hotkey",
                "_t": "02:01:48",
                "_end": "-",
                "data": {
                    "type": "ground",
                    "time": 40.568278
                }
            },
            {
                "time": "2017-11-18T09:01:52.605Z",
                "type": "END",
                "source": "data:click:h_pos",
                "_t": "02:01:52",
                "_end": "-",
                "data": {
                    "lbl": {
                        "time": 40.568278,
                        "endTime": 41.244139693566474,
                        "type": "ground",
                        "id": 8
                    }
                }
            },
            {
                "time": "2017-11-18T09:01:55.561Z",
                "type": "START",
                "source": "hotkey",
                "_t": "02:01:55",
                "_end": "-",
                "data": {
                    "type": "ground",
                    "time": 41.841017
                }
            },
            {
                "time": "2017-11-18T09:01:59.961Z",
                "type": "END",
                "source": "data:click:h_pos",
                "_t": "02:01:59",
                "_end": "-",
                "data": {
                    "lbl": {
                        "time": 41.841017,
                        "endTime": 43.793719966847156,
                        "type": "ground",
                        "id": 9
                    }
                }
            },
            {
                "time": "2017-11-18T09:02:05.308Z",
                "type": "START",
                "source": "hotkey",
                "_t": "02:02:05",
                "_end": "-",
                "data": {
                    "type": "ground",
                    "time": 44.29117
                }
            },
            {
                "time": "2017-11-18T09:02:08.622Z",
                "type": "END",
                "source": "data:click:h_pos",
                "_t": "02:02:08",
                "_end": "-",
                "data": {
                    "lbl": {
                        "time": 44.29117,
                        "endTime": 45.504871164666866,
                        "type": "ground",
                        "id": 10
                    }
                }
            },
            {
                "time": "2017-11-18T09:02:12.258Z",
                "type": "START",
                "source": "hotkey",
                "_t": "02:02:12",
                "_end": "-",
                "data": {
                    "type": "ground",
                    "time": 46.103234
                }
            },
            {
                "time": "2017-11-18T09:02:15.966Z",
                "type": "END",
                "source": "data:click:h_pos",
                "_t": "02:02:15",
                "_end": "-",
                "data": {
                    "lbl": {
                        "time": 46.103234,
                        "endTime": 47.187651156160385,
                        "type": "ground",
                        "id": 11
                    }
                }
            },
            {
                "time": "2017-11-18T09:02:19.501Z",
                "type": "START",
                "source": "hotkey",
                "_t": "02:02:19",
                "_end": "-",
                "data": {
                    "type": "ground",
                    "time": 47.781755
                }
            },
            {
                "time": "2017-11-18T09:02:25.533Z",
                "type": "END",
                "source": "data:click:h_pos",
                "_t": "02:02:25",
                "_end": "-",
                "data": {
                    "lbl": {
                        "time": 47.781755,
                        "endTime": 48.72740526499848,
                        "type": "ground",
                        "id": 12
                    }
                }
            },
            {
                "time": "2017-11-18T09:02:31.291Z",
                "type": "START",
                "source": "hotkey",
                "_t": "02:02:31",
                "_end": "-",
                "data": {
                    "type": "ground",
                    "time": 49.413369
                }
            },
            {
                "time": "2017-11-18T09:02:35.074Z",
                "type": "END",
                "source": "data:click:h_pos",
                "_t": "02:02:35",
                "_end": "-",
                "data": {
                    "lbl": {
                        "time": 49.413369,
                        "endTime": 50.385894428567994,
                        "type": "ground",
                        "id": 13
                    }
                }
            },
            {
                "time": "2017-11-18T09:02:38.529Z",
                "type": "START",
                "source": "hotkey",
                "_t": "02:02:38",
                "_end": "-",
                "data": {
                    "type": "ground",
                    "time": 51.051072
                }
            },
            {
                "time": "2017-11-18T09:02:45.500Z",
                "type": "END",
                "source": "data:click:h_pos",
                "_t": "02:02:45",
                "_end": "-",
                "data": {
                    "lbl": {
                        "time": 51.051072,
                        "endTime": 53.25453797186134,
                        "type": "ground",
                        "id": 14
                    }
                }
            },
            {
                "time": "2017-11-18T09:02:51.261Z",
                "type": "START",
                "source": "hotkey",
                "_t": "02:02:51",
                "_end": "-",
                "data": {
                    "type": "ground",
                    "time": 53.949636
                }
            },
            {
                "time": "2017-11-18T09:02:55.470Z",
                "type": "END",
                "source": "data:click:h_pos",
                "_t": "02:02:55",
                "_end": "-",
                "data": {
                    "lbl": {
                        "time": 53.949636,
                        "endTime": 55.14004558466021,
                        "type": "ground",
                        "id": 15
                    }
                }
            },
            {
                "time": "2017-11-18T09:02:58.483Z",
                "type": "START",
                "source": "hotkey",
                "_t": "02:02:58",
                "_end": "-",
                "data": {
                    "type": "ground",
                    "time": 55.720947
                }
            },
            {
                "time": "2017-11-18T09:03:02.648Z",
                "type": "END",
                "source": "data:click:h_pos",
                "_t": "02:03:02",
                "_end": "-",
                "data": {
                    "lbl": {
                        "time": 55.720947,
                        "endTime": 56.64150082722928,
                        "type": "ground",
                        "id": 16
                    }
                }
            },
            {
                "time": "2017-11-18T09:03:06.176Z",
                "type": "START",
                "source": "hotkey",
                "_t": "02:03:06",
                "_end": "-",
                "data": {
                    "type": "ground",
                    "time": 57.274483
                }
            },
            {
                "time": "2017-11-18T09:03:08.564Z",
                "type": "END",
                "source": "data:click:h_pos",
                "_t": "02:03:08",
                "_end": "-",
                "data": {
                    "lbl": {
                        "time": 57.274483,
                        "endTime": 58.18389457291214,
                        "type": "ground",
                        "id": 17
                    }
                }
            },
            {
                "time": "2017-11-18T09:03:11.111Z",
                "type": "START",
                "source": "hotkey",
                "_t": "02:03:11",
                "_end": "-",
                "data": {
                    "type": "ground",
                    "time": 58.776814
                }
            },
            {
                "time": "2017-11-18T09:03:16.682Z",
                "type": "END",
                "source": "data:click:h_pos",
                "_t": "02:03:16",
                "_end": "-",
                "data": {
                    "lbl": {
                        "time": 58.776814,
                        "endTime": 59.791755205944746,
                        "type": "ground",
                        "id": 18
                    }
                }
            },
            {
                "time": "2017-11-18T09:03:23.756Z",
                "type": "START",
                "source": "hotkey",
                "_t": "02:03:23",
                "_end": "-",
                "data": {
                    "type": "ground",
                    "time": 60.456787
                }
            },
            {
                "time": "2017-11-18T09:03:35.183Z",
                "type": "END",
                "source": "data:click:h_pos",
                "_t": "02:03:35",
                "_end": "-",
                "data": {
                    "lbl": {
                        "time": 60.456787,
                        "endTime": 61.57573991845358,
                        "type": "ground",
                        "id": 19
                    }
                }
            },
            {
                "time": "2017-11-18T09:03:38.507Z",
                "type": "START",
                "source": "hotkey",
                "_t": "02:03:38",
                "_end": "-",
                "data": {
                    "type": "ground",
                    "time": 62.156641
                }
            },
            {
                "time": "2017-11-18T09:03:43.568Z",
                "type": "END",
                "source": "data:click:h_pos",
                "_t": "02:03:43",
                "_end": "-",
                "data": {
                    "lbl": {
                        "time": 62.156641,
                        "endTime": 64.02372751831216,
                        "type": "ground",
                        "id": 20
                    }
                }
            },
            {
                "time": "2017-11-18T09:03:45.398Z",
                "type": "SELECT",
                "source": "data:click",
                "_t": "02:03:45",
                "_end": "-",
                "data": {
                    "time": 62.156641,
                    "endTime": 64.02372751831216,
                    "type": "ground",
                    "id": 20
                }
            },
            {
                "time": "2017-11-18T09:03:46.854Z",
                "type": "DELETE",
                "source": "side-bar:button",
                "_t": "02:03:46",
                "_end": "-",
                "data": {
                    "id": 20,
                    "idx": 19
                }
            },
            {
                "time": "2017-11-18T09:04:16.833Z",
                "type": "START",
                "source": "side-bar:button",
                "_t": "02:04:16",
                "_end": "-",
                "data": {
                    "type": "ground",
                    "time": 62.15623
                }
            },
            {
                "time": "2017-11-18T09:04:21.365Z",
                "type": "END",
                "source": "data:click:h_pos",
                "_t": "02:04:21",
                "_end": "-",
                "data": {
                    "lbl": {
                        "time": 62.15623,
                        "endTime": 63.135033586040336,
                        "type": "ground",
                        "id": 20
                    }
                }
            }
        ],
        "navigationEvents": [
            {
                "time": {
                    "start": "2017-11-18T08:59:57.249Z",
                    "end": "2017-11-18T09:00:31.322Z"
                },
                "type": "SCRUB",
                "source": "data:drag",
                "_t": "01:59:57",
                "_end": "02:00:31",
                "data": {
                    "time": 2.133995
                }
            },
            {
                "time": {
                    "start": "2017-11-18T08:59:57.249Z",
                    "end": "2017-11-18T09:00:31.423Z"
                },
                "type": "SCRUB",
                "source": "data:drag",
                "_t": "01:59:57",
                "_end": "02:00:31",
                "data": {
                    "time": 2.133995
                }
            },
            {
                "time": "2017-11-18T09:00:31.428Z",
                "type": "JUMP",
                "source": "data:dblclick:h_pos",
                "_t": "02:00:31",
                "_end": "-",
                "data": {
                    "from": 2.133995,
                    "to": 10.784722720614175
                }
            },
            {
                "time": {
                    "start": "2017-11-18T08:59:57.249Z",
                    "end": "2017-11-18T09:00:38.974Z"
                },
                "type": "SCRUB",
                "source": "data:drag",
                "_t": "01:59:57",
                "_end": "02:00:38",
                "data": {
                    "time": 10.784722
                }
            },
            {
                "time": {
                    "start": "2017-11-18T08:59:57.249Z",
                    "end": "2017-11-18T09:00:39.088Z"
                },
                "type": "SCRUB",
                "source": "data:drag",
                "_t": "01:59:57",
                "_end": "02:00:39",
                "data": {
                    "time": 10.784722
                }
            },
            {
                "time": "2017-11-18T09:00:39.089Z",
                "type": "JUMP",
                "source": "data:dblclick:h_pos",
                "_t": "02:00:39",
                "_end": "-",
                "data": {
                    "from": 10.784722,
                    "to": 19.527872025321592
                }
            },
            {
                "time": {
                    "start": "2017-11-18T08:59:57.249Z",
                    "end": "2017-11-18T09:00:45.080Z"
                },
                "type": "SCRUB",
                "source": "data:drag",
                "_t": "01:59:57",
                "_end": "02:00:45",
                "data": {
                    "time": 19.527872
                }
            },
            {
                "time": {
                    "start": "2017-11-18T08:59:57.249Z",
                    "end": "2017-11-18T09:00:45.214Z"
                },
                "type": "SCRUB",
                "source": "data:drag",
                "_t": "01:59:57",
                "_end": "02:00:45",
                "data": {
                    "time": 19.527872
                }
            },
            {
                "time": "2017-11-18T09:00:45.216Z",
                "type": "JUMP",
                "source": "data:dblclick:h_pos",
                "_t": "02:00:45",
                "_end": "-",
                "data": {
                    "from": 19.527872,
                    "to": 25.036241360562016
                }
            },
            {
                "time": "2017-11-18T09:00:46.675Z",
                "type": "PLAY",
                "source": "hotkey",
                "_t": "02:00:46",
                "_end": "-",
                "data": {
                    "key": "space"
                }
            },
            {
                "time": "2017-11-18T09:00:47.989Z",
                "type": "PAUSE",
                "source": "hotkey",
                "_t": "02:00:47",
                "_end": "-",
                "data": {
                    "key": "space"
                }
            },
            {
                "time": "2017-11-18T09:00:48.739Z",
                "type": "PLAY",
                "source": "hotkey",
                "_t": "02:00:48",
                "_end": "-",
                "data": {
                    "key": "space"
                }
            },
            {
                "time": "2017-11-18T09:00:49.409Z",
                "type": "PAUSE",
                "source": "hotkey",
                "_t": "02:00:49",
                "_end": "-",
                "data": {
                    "key": "space"
                }
            },
            {
                "time": {
                    "start": "2017-11-18T08:59:57.249Z",
                    "end": "2017-11-18T09:00:53.360Z"
                },
                "type": "SCRUB",
                "source": "data:drag",
                "_t": "01:59:57",
                "_end": "02:00:53",
                "data": {
                    "time": 27.002331
                }
            },
            {
                "time": {
                    "start": "2017-11-18T08:59:57.249Z",
                    "end": "2017-11-18T09:00:53.483Z"
                },
                "type": "SCRUB",
                "source": "data:drag",
                "_t": "01:59:57",
                "_end": "02:00:53",
                "data": {
                    "time": 27.002331
                }
            },
            {
                "time": "2017-11-18T09:00:53.487Z",
                "type": "JUMP",
                "source": "data:dblclick:h_pos",
                "_t": "02:00:53",
                "_end": "-",
                "data": {
                    "from": 27.002331,
                    "to": 28.035732066081415
                }
            },
            {
                "time": "2017-11-18T09:00:54.506Z",
                "type": "PLAY",
                "source": "hotkey",
                "_t": "02:00:54",
                "_end": "-",
                "data": {
                    "key": "space"
                }
            },
            {
                "time": "2017-11-18T09:00:55.148Z",
                "type": "PAUSE",
                "source": "hotkey",
                "_t": "02:00:55",
                "_end": "-",
                "data": {
                    "key": "space"
                }
            },
            {
                "time": {
                    "start": "2017-11-18T08:59:57.249Z",
                    "end": "2017-11-18T09:00:57.787Z"
                },
                "type": "SCRUB",
                "source": "data:drag",
                "_t": "01:59:57",
                "_end": "02:00:57",
                "data": {
                    "time": 28.595466
                }
            },
            {
                "time": {
                    "start": "2017-11-18T08:59:57.249Z",
                    "end": "2017-11-18T09:01:00.275Z"
                },
                "type": "SCRUB",
                "source": "data:drag",
                "_t": "01:59:57",
                "_end": "02:01:00",
                "data": {
                    "time": 28.595466
                }
            },
            {
                "time": {
                    "start": "2017-11-18T08:59:57.249Z",
                    "end": "2017-11-18T09:01:00.388Z"
                },
                "type": "SCRUB",
                "source": "data:drag",
                "_t": "01:59:57",
                "_end": "02:01:00",
                "data": {
                    "time": 28.595466
                }
            },
            {
                "time": "2017-11-18T09:01:00.396Z",
                "type": "JUMP",
                "source": "data:dblclick:h_pos",
                "_t": "02:01:00",
                "_end": "-",
                "data": {
                    "from": 28.595466,
                    "to": 30.087661504902034
                }
            },
            {
                "time": "2017-11-18T09:01:02.177Z",
                "type": "PLAY",
                "source": "hotkey",
                "_t": "02:01:02",
                "_end": "-",
                "data": {
                    "key": "space"
                }
            },
            {
                "time": "2017-11-18T09:01:02.386Z",
                "type": "PAUSE",
                "source": "hotkey",
                "_t": "02:01:02",
                "_end": "-",
                "data": {
                    "key": "space"
                }
            },
            {
                "time": "2017-11-18T09:01:03.330Z",
                "type": "PLAY",
                "source": "hotkey",
                "_t": "02:01:03",
                "_end": "-",
                "data": {
                    "key": "space"
                }
            },
            {
                "time": "2017-11-18T09:01:03.862Z",
                "type": "PAUSE",
                "source": "hotkey",
                "_t": "02:01:03",
                "_end": "-",
                "data": {
                    "key": "space"
                }
            },
            {
                "time": {
                    "start": "2017-11-18T08:59:57.249Z",
                    "end": "2017-11-18T09:01:06.801Z"
                },
                "type": "SCRUB",
                "source": "data:drag",
                "_t": "01:59:57",
                "_end": "02:01:06",
                "data": {
                    "time": 30.738842
                }
            },
            {
                "time": {
                    "start": "2017-11-18T08:59:57.249Z",
                    "end": "2017-11-18T09:01:11.027Z"
                },
                "type": "SCRUB",
                "source": "data:drag",
                "_t": "01:59:57",
                "_end": "02:01:11",
                "data": {
                    "time": 30.738842
                }
            },
            {
                "time": {
                    "start": "2017-11-18T08:59:57.249Z",
                    "end": "2017-11-18T09:01:11.155Z"
                },
                "type": "SCRUB",
                "source": "data:drag",
                "_t": "01:59:57",
                "_end": "02:01:11",
                "data": {
                    "time": 30.738842
                }
            },
            {
                "time": "2017-11-18T09:01:11.164Z",
                "type": "JUMP",
                "source": "data:dblclick:h_pos",
                "_t": "02:01:11",
                "_end": "-",
                "data": {
                    "from": 30.738842,
                    "to": 31.905872514281597
                }
            },
            {
                "time": "2017-11-18T09:01:12.432Z",
                "type": "PLAY",
                "source": "hotkey",
                "_t": "02:01:12",
                "_end": "-",
                "data": {
                    "key": "space"
                }
            },
            {
                "time": "2017-11-18T09:01:12.915Z",
                "type": "PAUSE",
                "source": "hotkey",
                "_t": "02:01:12",
                "_end": "-",
                "data": {
                    "key": "space"
                }
            },
            {
                "time": {
                    "start": "2017-11-18T08:59:57.249Z",
                    "end": "2017-11-18T09:01:14.776Z"
                },
                "type": "SCRUB",
                "source": "data:drag",
                "_t": "01:59:57",
                "_end": "02:01:14",
                "data": {
                    "time": 32.308623
                }
            },
            {
                "time": {
                    "start": "2017-11-18T08:59:57.249Z",
                    "end": "2017-11-18T09:01:17.208Z"
                },
                "type": "SCRUB",
                "source": "data:drag",
                "_t": "01:59:57",
                "_end": "02:01:17",
                "data": {
                    "time": 32.308623
                }
            },
            {
                "time": {
                    "start": "2017-11-18T08:59:57.249Z",
                    "end": "2017-11-18T09:01:17.340Z"
                },
                "type": "SCRUB",
                "source": "data:drag",
                "_t": "01:59:57",
                "_end": "02:01:17",
                "data": {
                    "time": 32.308623
                }
            },
            {
                "time": "2017-11-18T09:01:17.354Z",
                "type": "JUMP",
                "source": "data:dblclick:h_pos",
                "_t": "02:01:17",
                "_end": "-",
                "data": {
                    "from": 32.308623,
                    "to": 33.506833718861635
                }
            },
            {
                "time": "2017-11-18T09:01:19.077Z",
                "type": "PLAY",
                "source": "hotkey",
                "_t": "02:01:19",
                "_end": "-",
                "data": {
                    "key": "space"
                }
            },
            {
                "time": "2017-11-18T09:01:19.932Z",
                "type": "PAUSE",
                "source": "hotkey",
                "_t": "02:01:19",
                "_end": "-",
                "data": {
                    "key": "space"
                }
            },
            {
                "time": {
                    "start": "2017-11-18T08:59:57.249Z",
                    "end": "2017-11-18T09:01:21.883Z"
                },
                "type": "SCRUB",
                "source": "data:drag",
                "_t": "01:59:57",
                "_end": "02:01:21",
                "data": {
                    "time": 34.309281
                }
            },
            {
                "time": {
                    "start": "2017-11-18T08:59:57.249Z",
                    "end": "2017-11-18T09:01:24.313Z"
                },
                "type": "SCRUB",
                "source": "data:drag",
                "_t": "01:59:57",
                "_end": "02:01:24",
                "data": {
                    "time": 34.309281
                }
            },
            {
                "time": {
                    "start": "2017-11-18T08:59:57.249Z",
                    "end": "2017-11-18T09:01:24.440Z"
                },
                "type": "SCRUB",
                "source": "data:drag",
                "_t": "01:59:57",
                "_end": "02:01:24",
                "data": {
                    "time": 34.309281
                }
            },
            {
                "time": "2017-11-18T09:01:24.449Z",
                "type": "JUMP",
                "source": "data:dblclick:h_pos",
                "_t": "02:01:24",
                "_end": "-",
                "data": {
                    "from": 34.309281,
                    "to": 35.34416683772808
                }
            },
            {
                "time": "2017-11-18T09:01:25.246Z",
                "type": "PLAY",
                "source": "hotkey",
                "_t": "02:01:25",
                "_end": "-",
                "data": {
                    "key": "space"
                }
            },
            {
                "time": "2017-11-18T09:01:25.916Z",
                "type": "PAUSE",
                "source": "hotkey",
                "_t": "02:01:25",
                "_end": "-",
                "data": {
                    "key": "space"
                }
            },
            {
                "time": {
                    "start": "2017-11-18T08:59:57.249Z",
                    "end": "2017-11-18T09:01:27.835Z"
                },
                "type": "SCRUB",
                "source": "data:drag",
                "_t": "01:59:57",
                "_end": "02:01:27",
                "data": {
                    "time": 35.925388
                }
            },
            {
                "time": {
                    "start": "2017-11-18T08:59:57.249Z",
                    "end": "2017-11-18T09:01:30.442Z"
                },
                "type": "SCRUB",
                "source": "data:drag",
                "_t": "01:59:57",
                "_end": "02:01:30",
                "data": {
                    "time": 35.925388
                }
            },
            {
                "time": {
                    "start": "2017-11-18T08:59:57.249Z",
                    "end": "2017-11-18T09:01:30.557Z"
                },
                "type": "SCRUB",
                "source": "data:drag",
                "_t": "01:59:57",
                "_end": "02:01:30",
                "data": {
                    "time": 35.925388
                }
            },
            {
                "time": "2017-11-18T09:01:30.567Z",
                "type": "JUMP",
                "source": "data:dblclick:h_pos",
                "_t": "02:01:30",
                "_end": "-",
                "data": {
                    "from": 35.925388,
                    "to": 37.08054034110824
                }
            },
            {
                "time": "2017-11-18T09:01:32.268Z",
                "type": "PLAY",
                "source": "hotkey",
                "_t": "02:01:32",
                "_end": "-",
                "data": {
                    "key": "space"
                }
            },
            {
                "time": "2017-11-18T09:01:33.639Z",
                "type": "PAUSE",
                "source": "hotkey",
                "_t": "02:01:33",
                "_end": "-",
                "data": {
                    "key": "space"
                }
            },
            {
                "time": {
                    "start": "2017-11-18T08:59:57.249Z",
                    "end": "2017-11-18T09:01:37.086Z"
                },
                "type": "SCRUB",
                "source": "data:drag",
                "_t": "01:59:57",
                "_end": "02:01:37",
                "data": {
                    "time": 38.38117
                }
            },
            {
                "time": {
                    "start": "2017-11-18T08:59:57.249Z",
                    "end": "2017-11-18T09:01:39.757Z"
                },
                "type": "SCRUB",
                "source": "data:drag",
                "_t": "01:59:57",
                "_end": "02:01:39",
                "data": {
                    "time": 38.38117
                }
            },
            {
                "time": {
                    "start": "2017-11-18T08:59:57.249Z",
                    "end": "2017-11-18T09:01:39.877Z"
                },
                "type": "SCRUB",
                "source": "data:drag",
                "_t": "01:59:57",
                "_end": "02:01:39",
                "data": {
                    "time": 38.38117
                }
            },
            {
                "time": "2017-11-18T09:01:39.886Z",
                "type": "JUMP",
                "source": "data:dblclick:h_pos",
                "_t": "02:01:39",
                "_end": "-",
                "data": {
                    "from": 38.38117,
                    "to": 38.976563430314144
                }
            },
            {
                "time": "2017-11-18T09:01:41.025Z",
                "type": "PLAY",
                "source": "hotkey",
                "_t": "02:01:41",
                "_end": "-",
                "data": {
                    "key": "space"
                }
            },
            {
                "time": "2017-11-18T09:01:41.357Z",
                "type": "PAUSE",
                "source": "hotkey",
                "_t": "02:01:41",
                "_end": "-",
                "data": {
                    "key": "space"
                }
            },
            {
                "time": {
                    "start": "2017-11-18T08:59:57.249Z",
                    "end": "2017-11-18T09:01:43.853Z"
                },
                "type": "SCRUB",
                "source": "data:drag",
                "_t": "01:59:57",
                "_end": "02:01:43",
                "data": {
                    "time": 39.241151
                }
            },
            {
                "time": "2017-11-18T09:01:44.655Z",
                "type": "PLAY",
                "source": "hotkey",
                "_t": "02:01:44",
                "_end": "-",
                "data": {
                    "key": "space"
                }
            },
            {
                "time": "2017-11-18T09:01:44.861Z",
                "type": "PAUSE",
                "source": "hotkey",
                "_t": "02:01:44",
                "_end": "-",
                "data": {
                    "key": "space"
                }
            },
            {
                "time": {
                    "start": "2017-11-18T08:59:57.249Z",
                    "end": "2017-11-18T09:01:47.458Z"
                },
                "type": "SCRUB",
                "source": "data:drag",
                "_t": "01:59:57",
                "_end": "02:01:47",
                "data": {
                    "time": 39.429459
                }
            },
            {
                "time": {
                    "start": "2017-11-18T08:59:57.249Z",
                    "end": "2017-11-18T09:01:47.573Z"
                },
                "type": "SCRUB",
                "source": "data:drag",
                "_t": "01:59:57",
                "_end": "02:01:47",
                "data": {
                    "time": 39.429459
                }
            },
            {
                "time": "2017-11-18T09:01:47.588Z",
                "type": "JUMP",
                "source": "data:dblclick:h_pos",
                "_t": "02:01:47",
                "_end": "-",
                "data": {
                    "from": 39.429459,
                    "to": 40.568278852994894
                }
            },
            {
                "time": "2017-11-18T09:01:48.854Z",
                "type": "PLAY",
                "source": "hotkey",
                "_t": "02:01:48",
                "_end": "-",
                "data": {
                    "key": "space"
                }
            },
            {
                "time": "2017-11-18T09:01:49.740Z",
                "type": "PAUSE",
                "source": "hotkey",
                "_t": "02:01:49",
                "_end": "-",
                "data": {
                    "key": "space"
                }
            },
            {
                "time": {
                    "start": "2017-11-18T08:59:57.249Z",
                    "end": "2017-11-18T09:01:52.600Z"
                },
                "type": "SCRUB",
                "source": "data:drag",
                "_t": "01:59:57",
                "_end": "02:01:52",
                "data": {
                    "time": 41.385193
                }
            },
            {
                "time": {
                    "start": "2017-11-18T08:59:57.249Z",
                    "end": "2017-11-18T09:01:54.623Z"
                },
                "type": "SCRUB",
                "source": "data:drag",
                "_t": "01:59:57",
                "_end": "02:01:54",
                "data": {
                    "time": 41.385193
                }
            },
            {
                "time": {
                    "start": "2017-11-18T08:59:57.249Z",
                    "end": "2017-11-18T09:01:54.708Z"
                },
                "type": "SCRUB",
                "source": "data:drag",
                "_t": "01:59:57",
                "_end": "02:01:54",
                "data": {
                    "time": 41.385193
                }
            },
            {
                "time": "2017-11-18T09:01:54.720Z",
                "type": "JUMP",
                "source": "data:dblclick:h_pos",
                "_t": "02:01:54",
                "_end": "-",
                "data": {
                    "from": 41.385193,
                    "to": 41.84101789552729
                }
            },
            {
                "time": "2017-11-18T09:01:55.937Z",
                "type": "PLAY",
                "source": "hotkey",
                "_t": "02:01:55",
                "_end": "-",
                "data": {
                    "key": "space"
                }
            },
            {
                "time": "2017-11-18T09:01:57.598Z",
                "type": "PAUSE",
                "source": "hotkey",
                "_t": "02:01:57",
                "_end": "-",
                "data": {
                    "key": "space"
                }
            },
            {
                "time": {
                    "start": "2017-11-18T08:59:57.249Z",
                    "end": "2017-11-18T09:01:59.956Z"
                },
                "type": "SCRUB",
                "source": "data:drag",
                "_t": "01:59:57",
                "_end": "02:01:59",
                "data": {
                    "time": 43.43589
                }
            },
            {
                "time": "2017-11-18T09:02:01.262Z",
                "type": "PLAY",
                "source": "hotkey",
                "_t": "02:02:01",
                "_end": "-",
                "data": {
                    "key": "space"
                }
            },
            {
                "time": "2017-11-18T09:02:01.970Z",
                "type": "PAUSE",
                "source": "hotkey",
                "_t": "02:02:01",
                "_end": "-",
                "data": {
                    "key": "space"
                }
            },
            {
                "time": {
                    "start": "2017-11-18T08:59:57.249Z",
                    "end": "2017-11-18T09:02:04.816Z"
                },
                "type": "SCRUB",
                "source": "data:drag",
                "_t": "01:59:57",
                "_end": "02:02:04",
                "data": {
                    "time": 44.145663
                }
            },
            {
                "time": {
                    "start": "2017-11-18T08:59:57.249Z",
                    "end": "2017-11-18T09:02:04.924Z"
                },
                "type": "SCRUB",
                "source": "data:drag",
                "_t": "01:59:57",
                "_end": "02:02:04",
                "data": {
                    "time": 44.145663
                }
            },
            {
                "time": "2017-11-18T09:02:04.937Z",
                "type": "JUMP",
                "source": "data:dblclick:h_pos",
                "_t": "02:02:04",
                "_end": "-",
                "data": {
                    "from": 44.145663,
                    "to": 44.29117062137353
                }
            },
            {
                "time": "2017-11-18T09:02:05.575Z",
                "type": "PLAY",
                "source": "hotkey",
                "_t": "02:02:05",
                "_end": "-",
                "data": {
                    "key": "space"
                }
            },
            {
                "time": "2017-11-18T09:02:06.727Z",
                "type": "PAUSE",
                "source": "hotkey",
                "_t": "02:02:06",
                "_end": "-",
                "data": {
                    "key": "space"
                }
            },
            {
                "time": {
                    "start": "2017-11-18T08:59:57.249Z",
                    "end": "2017-11-18T09:02:08.618Z"
                },
                "type": "SCRUB",
                "source": "data:drag",
                "_t": "01:59:57",
                "_end": "02:02:08",
                "data": {
                    "time": 45.356394
                }
            },
            {
                "time": {
                    "start": "2017-11-18T08:59:57.249Z",
                    "end": "2017-11-18T09:02:10.752Z"
                },
                "type": "SCRUB",
                "source": "data:drag",
                "_t": "01:59:57",
                "_end": "02:02:10",
                "data": {
                    "time": 45.356394
                }
            },
            {
                "time": {
                    "start": "2017-11-18T08:59:57.249Z",
                    "end": "2017-11-18T09:02:10.837Z"
                },
                "type": "SCRUB",
                "source": "data:drag",
                "_t": "01:59:57",
                "_end": "02:02:10",
                "data": {
                    "time": 45.356394
                }
            },
            {
                "time": "2017-11-18T09:02:10.851Z",
                "type": "JUMP",
                "source": "data:dblclick:h_pos",
                "_t": "02:02:10",
                "_end": "-",
                "data": {
                    "from": 45.356394,
                    "to": 46.10323413827436
                }
            },
            {
                "time": "2017-11-18T09:02:13.345Z",
                "type": "PLAY",
                "source": "hotkey",
                "_t": "02:02:13",
                "_end": "-",
                "data": {
                    "key": "space"
                }
            },
            {
                "time": "2017-11-18T09:02:14.217Z",
                "type": "PAUSE",
                "source": "hotkey",
                "_t": "02:02:14",
                "_end": "-",
                "data": {
                    "key": "space"
                }
            },
            {
                "time": {
                    "start": "2017-11-18T08:59:57.249Z",
                    "end": "2017-11-18T09:02:15.961Z"
                },
                "type": "SCRUB",
                "source": "data:drag",
                "_t": "01:59:57",
                "_end": "02:02:15",
                "data": {
                    "time": 46.902575
                }
            },
            {
                "time": "2017-11-18T09:02:16.936Z",
                "type": "PLAY",
                "source": "hotkey",
                "_t": "02:02:16",
                "_end": "-",
                "data": {
                    "key": "space"
                }
            },
            {
                "time": "2017-11-18T09:02:17.808Z",
                "type": "PAUSE",
                "source": "hotkey",
                "_t": "02:02:17",
                "_end": "-",
                "data": {
                    "key": "space"
                }
            },
            {
                "time": "2017-11-18T09:02:19.729Z",
                "type": "PLAY",
                "source": "hotkey",
                "_t": "02:02:19",
                "_end": "-",
                "data": {
                    "key": "space"
                }
            },
            {
                "time": "2017-11-18T09:02:20.682Z",
                "type": "PAUSE",
                "source": "hotkey",
                "_t": "02:02:20",
                "_end": "-",
                "data": {
                    "key": "space"
                }
            },
            {
                "time": "2017-11-18T09:02:21.900Z",
                "type": "PLAY",
                "source": "hotkey",
                "_t": "02:02:21",
                "_end": "-",
                "data": {
                    "key": "space"
                }
            },
            {
                "time": "2017-11-18T09:02:22.986Z",
                "type": "PAUSE",
                "source": "hotkey",
                "_t": "02:02:22",
                "_end": "-",
                "data": {
                    "key": "space"
                }
            },
            {
                "time": {
                    "start": "2017-11-18T08:59:57.249Z",
                    "end": "2017-11-18T09:02:25.527Z"
                },
                "type": "SCRUB",
                "source": "data:drag",
                "_t": "01:59:57",
                "_end": "02:02:25",
                "data": {
                    "time": 49.840984
                }
            },
            {
                "time": {
                    "start": "2017-11-18T08:59:57.249Z",
                    "end": "2017-11-18T09:02:29.420Z"
                },
                "type": "SCRUB",
                "source": "data:drag",
                "_t": "01:59:57",
                "_end": "02:02:29",
                "data": {
                    "time": 49.840984
                }
            },
            {
                "time": {
                    "start": "2017-11-18T08:59:57.249Z",
                    "end": "2017-11-18T09:02:30.424Z"
                },
                "type": "SCRUB",
                "source": "data:drag",
                "_t": "01:59:57",
                "_end": "02:02:30",
                "data": {
                    "time": 49.840984
                }
            },
            {
                "time": {
                    "start": "2017-11-18T08:59:57.249Z",
                    "end": "2017-11-18T09:02:30.527Z"
                },
                "type": "SCRUB",
                "source": "data:drag",
                "_t": "01:59:57",
                "_end": "02:02:30",
                "data": {
                    "time": 49.840984
                }
            },
            {
                "time": "2017-11-18T09:02:30.535Z",
                "type": "JUMP",
                "source": "data:dblclick:h_pos",
                "_t": "02:02:30",
                "_end": "-",
                "data": {
                    "from": 49.840984,
                    "to": 49.41336976575941
                }
            },
            {
                "time": {
                    "start": "2017-11-18T08:59:57.249Z",
                    "end": "2017-11-18T09:02:35.062Z"
                },
                "type": "SCRUB",
                "source": "data:drag",
                "_t": "01:59:57",
                "_end": "02:02:35",
                "data": {
                    "time": 49.413369
                }
            },
            {
                "time": {
                    "start": "2017-11-18T08:59:57.249Z",
                    "end": "2017-11-18T09:02:36.778Z"
                },
                "type": "SCRUB",
                "source": "data:drag",
                "_t": "01:59:57",
                "_end": "02:02:36",
                "data": {
                    "time": 49.413369
                }
            },
            {
                "time": {
                    "start": "2017-11-18T08:59:57.249Z",
                    "end": "2017-11-18T09:02:36.878Z"
                },
                "type": "SCRUB",
                "source": "data:drag",
                "_t": "01:59:57",
                "_end": "02:02:36",
                "data": {
                    "time": 49.413369
                }
            },
            {
                "time": "2017-11-18T09:02:36.895Z",
                "type": "JUMP",
                "source": "data:dblclick:h_pos",
                "_t": "02:02:36",
                "_end": "-",
                "data": {
                    "from": 49.413369,
                    "to": 51.05107212627558
                }
            },
            {
                "time": "2017-11-18T09:02:39.251Z",
                "type": "PLAY",
                "source": "hotkey",
                "_t": "02:02:39",
                "_end": "-",
                "data": {
                    "key": "space"
                }
            },
            {
                "time": "2017-11-18T09:02:40.520Z",
                "type": "PAUSE",
                "source": "hotkey",
                "_t": "02:02:40",
                "_end": "-",
                "data": {
                    "key": "space"
                }
            },
            {
                "time": {
                    "start": "2017-11-18T08:59:57.249Z",
                    "end": "2017-11-18T09:02:45.498Z"
                },
                "type": "SCRUB",
                "source": "data:drag",
                "_t": "01:59:57",
                "_end": "02:02:45",
                "data": {
                    "time": 52.279043
                }
            },
            {
                "time": {
                    "start": "2017-11-18T08:59:57.249Z",
                    "end": "2017-11-18T09:02:50.050Z"
                },
                "type": "SCRUB",
                "source": "data:drag",
                "_t": "01:59:57",
                "_end": "02:02:50",
                "data": {
                    "time": 52.279043
                }
            },
            {
                "time": {
                    "start": "2017-11-18T08:59:57.249Z",
                    "end": "2017-11-18T09:02:50.177Z"
                },
                "type": "SCRUB",
                "source": "data:drag",
                "_t": "01:59:57",
                "_end": "02:02:50",
                "data": {
                    "time": 52.279043
                }
            },
            {
                "time": "2017-11-18T09:02:50.190Z",
                "type": "JUMP",
                "source": "data:dblclick:h_pos",
                "_t": "02:02:50",
                "_end": "-",
                "data": {
                    "from": 52.279043,
                    "to": 53.94963606565799
                }
            },
            {
                "time": "2017-11-18T09:02:52.234Z",
                "type": "PLAY",
                "source": "hotkey",
                "_t": "02:02:52",
                "_end": "-",
                "data": {
                    "key": "space"
                }
            },
            {
                "time": "2017-11-18T09:02:52.697Z",
                "type": "PAUSE",
                "source": "hotkey",
                "_t": "02:02:52",
                "_end": "-",
                "data": {
                    "key": "space"
                }
            },
            {
                "time": {
                    "start": "2017-11-18T08:59:57.249Z",
                    "end": "2017-11-18T09:02:55.468Z"
                },
                "type": "SCRUB",
                "source": "data:drag",
                "_t": "01:59:57",
                "_end": "02:02:55",
                "data": {
                    "time": 54.358833
                }
            },
            {
                "time": {
                    "start": "2017-11-18T08:59:57.249Z",
                    "end": "2017-11-18T09:02:57.469Z"
                },
                "type": "SCRUB",
                "source": "data:drag",
                "_t": "01:59:57",
                "_end": "02:02:57",
                "data": {
                    "time": 54.358833
                }
            },
            {
                "time": {
                    "start": "2017-11-18T08:59:57.249Z",
                    "end": "2017-11-18T09:02:57.553Z"
                },
                "type": "SCRUB",
                "source": "data:drag",
                "_t": "01:59:57",
                "_end": "02:02:57",
                "data": {
                    "time": 54.358833
                }
            },
            {
                "time": "2017-11-18T09:02:57.567Z",
                "type": "JUMP",
                "source": "data:dblclick:h_pos",
                "_t": "02:02:57",
                "_end": "-",
                "data": {
                    "from": 54.358833,
                    "to": 55.72094725017678
                }
            },
            {
                "time": "2017-11-18T09:02:59.035Z",
                "type": "PLAY",
                "source": "hotkey",
                "_t": "02:02:59",
                "_end": "-",
                "data": {
                    "key": "space"
                }
            },
            {
                "time": "2017-11-18T09:02:59.848Z",
                "type": "PAUSE",
                "source": "hotkey",
                "_t": "02:02:59",
                "_end": "-",
                "data": {
                    "key": "space"
                }
            },
            {
                "time": {
                    "start": "2017-11-18T08:59:57.249Z",
                    "end": "2017-11-18T09:03:02.640Z"
                },
                "type": "SCRUB",
                "source": "data:drag",
                "_t": "01:59:57",
                "_end": "02:03:02",
                "data": {
                    "time": 56.461221
                }
            },
            {
                "time": {
                    "start": "2017-11-18T08:59:57.249Z",
                    "end": "2017-11-18T09:03:05.449Z"
                },
                "type": "SCRUB",
                "source": "data:drag",
                "_t": "01:59:57",
                "_end": "02:03:05",
                "data": {
                    "time": 56.461221
                }
            },
            {
                "time": {
                    "start": "2017-11-18T08:59:57.249Z",
                    "end": "2017-11-18T09:03:05.569Z"
                },
                "type": "SCRUB",
                "source": "data:drag",
                "_t": "01:59:57",
                "_end": "02:03:05",
                "data": {
                    "time": 56.461221
                }
            },
            {
                "time": "2017-11-18T09:03:05.580Z",
                "type": "JUMP",
                "source": "data:dblclick:h_pos",
                "_t": "02:03:05",
                "_end": "-",
                "data": {
                    "from": 56.461221,
                    "to": 57.2744833317232
                }
            },
            {
                "time": {
                    "start": "2017-11-18T08:59:57.249Z",
                    "end": "2017-11-18T09:03:08.557Z"
                },
                "type": "SCRUB",
                "source": "data:drag",
                "_t": "01:59:57",
                "_end": "02:03:08",
                "data": {
                    "time": 57.274483
                }
            },
            {
                "time": {
                    "start": "2017-11-18T08:59:57.249Z",
                    "end": "2017-11-18T09:03:10.266Z"
                },
                "type": "SCRUB",
                "source": "data:drag",
                "_t": "01:59:57",
                "_end": "02:03:10",
                "data": {
                    "time": 57.274483
                }
            },
            {
                "time": {
                    "start": "2017-11-18T08:59:57.249Z",
                    "end": "2017-11-18T09:03:10.369Z"
                },
                "type": "SCRUB",
                "source": "data:drag",
                "_t": "01:59:57",
                "_end": "02:03:10",
                "data": {
                    "time": 57.274483
                }
            },
            {
                "time": "2017-11-18T09:03:10.378Z",
                "type": "JUMP",
                "source": "data:dblclick:h_pos",
                "_t": "02:03:10",
                "_end": "-",
                "data": {
                    "from": 57.274483,
                    "to": 58.776814893577324
                }
            },
            {
                "time": "2017-11-18T09:03:11.777Z",
                "type": "PLAY",
                "source": "hotkey",
                "_t": "02:03:11",
                "_end": "-",
                "data": {
                    "key": "space"
                }
            },
            {
                "time": "2017-11-18T09:03:12.363Z",
                "type": "PAUSE",
                "source": "hotkey",
                "_t": "02:03:12",
                "_end": "-",
                "data": {
                    "key": "space"
                }
            },
            {
                "time": {
                    "start": "2017-11-18T08:59:57.249Z",
                    "end": "2017-11-18T09:03:16.676Z"
                },
                "type": "SCRUB",
                "source": "data:drag",
                "_t": "01:59:57",
                "_end": "02:03:16",
                "data": {
                    "time": 59.311009
                }
            },
            {
                "time": {
                    "start": "2017-11-18T08:59:57.249Z",
                    "end": "2017-11-18T09:03:22.432Z"
                },
                "type": "SCRUB",
                "source": "data:drag",
                "_t": "01:59:57",
                "_end": "02:03:22",
                "data": {
                    "time": 59.311009
                }
            },
            {
                "time": {
                    "start": "2017-11-18T08:59:57.249Z",
                    "end": "2017-11-18T09:03:22.570Z"
                },
                "type": "SCRUB",
                "source": "data:drag",
                "_t": "01:59:57",
                "_end": "02:03:22",
                "data": {
                    "time": 59.311009
                }
            },
            {
                "time": "2017-11-18T09:03:22.582Z",
                "type": "JUMP",
                "source": "data:dblclick:h_pos",
                "_t": "02:03:22",
                "_end": "-",
                "data": {
                    "from": 59.311009,
                    "to": 60.45678745750164
                }
            },
            {
                "time": "2017-11-18T09:03:31.370Z",
                "type": "PLAY",
                "source": "hotkey",
                "_t": "02:03:31",
                "_end": "-",
                "data": {
                    "key": "space"
                }
            },
            {
                "time": "2017-11-18T09:03:31.982Z",
                "type": "PAUSE",
                "source": "hotkey",
                "_t": "02:03:31",
                "_end": "-",
                "data": {
                    "key": "space"
                }
            },
            {
                "time": {
                    "start": "2017-11-18T08:59:57.249Z",
                    "end": "2017-11-18T09:03:35.173Z"
                },
                "type": "SCRUB",
                "source": "data:drag",
                "_t": "01:59:57",
                "_end": "02:03:35",
                "data": {
                    "time": 61.026888
                }
            },
            {
                "time": {
                    "start": "2017-11-18T08:59:57.249Z",
                    "end": "2017-11-18T09:03:37.235Z"
                },
                "type": "SCRUB",
                "source": "data:drag",
                "_t": "01:59:57",
                "_end": "02:03:37",
                "data": {
                    "time": 61.026888
                }
            },
            {
                "time": {
                    "start": "2017-11-18T08:59:57.249Z",
                    "end": "2017-11-18T09:03:37.348Z"
                },
                "type": "SCRUB",
                "source": "data:drag",
                "_t": "01:59:57",
                "_end": "02:03:37",
                "data": {
                    "time": 61.026888
                }
            },
            {
                "time": "2017-11-18T09:03:37.362Z",
                "type": "JUMP",
                "source": "data:dblclick:h_pos",
                "_t": "02:03:37",
                "_end": "-",
                "data": {
                    "from": 61.026888,
                    "to": 62.156641583970156
                }
            },
            {
                "time": "2017-11-18T09:03:38.713Z",
                "type": "PLAY",
                "source": "hotkey",
                "_t": "02:03:38",
                "_end": "-",
                "data": {
                    "key": "space"
                }
            },
            {
                "time": "2017-11-18T09:03:39.947Z",
                "type": "PAUSE",
                "source": "hotkey",
                "_t": "02:03:39",
                "_end": "-",
                "data": {
                    "key": "space"
                }
            },
            {
                "time": "2017-11-18T09:03:40.913Z",
                "type": "PLAY",
                "source": "hotkey",
                "_t": "02:03:40",
                "_end": "-",
                "data": {
                    "key": "space"
                }
            },
            {
                "time": "2017-11-18T09:03:42.142Z",
                "type": "PAUSE",
                "source": "hotkey",
                "_t": "02:03:42",
                "_end": "-",
                "data": {
                    "key": "space"
                }
            },
            {
                "time": {
                    "start": "2017-11-18T08:59:57.249Z",
                    "end": "2017-11-18T09:03:43.560Z"
                },
                "type": "SCRUB",
                "source": "data:drag",
                "_t": "01:59:57",
                "_end": "02:03:43",
                "data": {
                    "time": 64.564567
                }
            },
            {
                "time": {
                    "start": "2017-11-18T08:59:57.249Z",
                    "end": "2017-11-18T09:03:45.393Z"
                },
                "type": "SCRUB",
                "source": "data:drag",
                "_t": "01:59:57",
                "_end": "02:03:45",
                "data": {
                    "time": 64.564567
                }
            },
            {
                "time": {
                    "start": "2017-11-18T08:59:57.249Z",
                    "end": "2017-11-18T09:03:48.939Z"
                },
                "type": "SCRUB",
                "source": "data:drag",
                "_t": "01:59:57",
                "_end": "02:03:48",
                "data": {
                    "time": 64.564567
                }
            },
            {
                "time": {
                    "start": "2017-11-18T08:59:57.249Z",
                    "end": "2017-11-18T09:03:49.036Z"
                },
                "type": "SCRUB",
                "source": "data:drag",
                "_t": "01:59:57",
                "_end": "02:03:49",
                "data": {
                    "time": 64.564567
                }
            },
            {
                "time": "2017-11-18T09:03:49.051Z",
                "type": "JUMP",
                "source": "data:dblclick:h_pos",
                "_t": "02:03:49",
                "_end": "-",
                "data": {
                    "from": 64.564567,
                    "to": 62.12878622321328
                }
            },
            {
                "time": "2017-11-18T09:03:50.368Z",
                "type": "PLAY",
                "source": "hotkey",
                "_t": "02:03:50",
                "_end": "-",
                "data": {
                    "key": "space"
                }
            },
            {
                "time": "2017-11-18T09:03:52.060Z",
                "type": "PAUSE",
                "source": "hotkey",
                "_t": "02:03:52",
                "_end": "-",
                "data": {
                    "key": "space"
                }
            },
            {
                "time": {
                    "start": "2017-11-18T08:59:57.249Z",
                    "end": "2017-11-18T09:03:55.436Z"
                },
                "type": "SCRUB",
                "source": "data:drag",
                "_t": "01:59:57",
                "_end": "02:03:55",
                "data": {
                    "time": 63.740291
                }
            },
            {
                "time": {
                    "start": "2017-11-18T08:59:57.249Z",
                    "end": "2017-11-18T09:03:55.553Z"
                },
                "type": "SCRUB",
                "source": "data:drag",
                "_t": "01:59:57",
                "_end": "02:03:55",
                "data": {
                    "time": 63.740291
                }
            },
            {
                "time": "2017-11-18T09:03:55.568Z",
                "type": "JUMP",
                "source": "data:dblclick:h_pos",
                "_t": "02:03:55",
                "_end": "-",
                "data": {
                    "from": 63.740291,
                    "to": 62.02162331374753
                }
            },
            {
                "time": "2017-11-18T09:04:04.864Z",
                "type": "SKIP",
                "source": "hotkey",
                "_t": "02:04:04",
                "_end": "-",
                "data": {
                    "t": 62.021623,
                    "Δt": 0.033366700033366704,
                    "key": "shift+right"
                }
            },
            {
                "time": "2017-11-18T09:04:05.386Z",
                "type": "SKIP",
                "source": "hotkey",
                "_t": "02:04:05",
                "_end": "-",
                "data": {
                    "t": 62.054989,
                    "Δt": 0.033366700033366704,
                    "key": "shift+right"
                }
            },
            {
                "time": "2017-11-18T09:04:05.884Z",
                "type": "SKIP",
                "source": "hotkey",
                "_t": "02:04:05",
                "_end": "-",
                "data": {
                    "t": 62.088355,
                    "Δt": 0.033366700033366704,
                    "key": "shift+right"
                }
            },
            {
                "time": "2017-11-18T09:04:06.344Z",
                "type": "SKIP",
                "source": "hotkey",
                "_t": "02:04:06",
                "_end": "-",
                "data": {
                    "t": 62.121721,
                    "Δt": 0.033366700033366704,
                    "key": "shift+right"
                }
            },
            {
                "time": "2017-11-18T09:04:06.911Z",
                "type": "SKIP",
                "source": "hotkey",
                "_t": "02:04:06",
                "_end": "-",
                "data": {
                    "t": 62.155087,
                    "Δt": 0.033366700033366704,
                    "key": "shift+right"
                }
            },
            {
                "time": "2017-11-18T09:04:07.523Z",
                "type": "SKIP",
                "source": "hotkey",
                "_t": "02:04:07",
                "_end": "-",
                "data": {
                    "t": 62.188453,
                    "Δt": 0.033366700033366704,
                    "key": "shift+right"
                }
            },
            {
                "time": "2017-11-18T09:04:08.154Z",
                "type": "SKIP",
                "source": "hotkey",
                "_t": "02:04:08",
                "_end": "-",
                "data": {
                    "t": 62.221819,
                    "Δt": 0.033366700033366704,
                    "key": "shift+right"
                }
            },
            {
                "time": "2017-11-18T09:04:09.693Z",
                "type": "SKIP",
                "source": "hotkey",
                "_t": "02:04:09",
                "_end": "-",
                "data": {
                    "t": 62.255185,
                    "Δt": 0.033366700033366704,
                    "key": "shift+right"
                }
            },
            {
                "time": "2017-11-18T09:04:10.293Z",
                "type": "SKIP",
                "source": "hotkey",
                "_t": "02:04:10",
                "_end": "-",
                "data": {
                    "t": 62.288551,
                    "Δt": 0.033366700033366704,
                    "key": "shift+right"
                }
            },
            {
                "time": "2017-11-18T09:04:10.899Z",
                "type": "SKIP",
                "source": "hotkey",
                "_t": "02:04:10",
                "_end": "-",
                "data": {
                    "t": 62.321917,
                    "Δt": 0.033366700033366704,
                    "key": "shift+right"
                }
            },
            {
                "time": "2017-11-18T09:04:11.315Z",
                "type": "SKIP",
                "source": "hotkey",
                "_t": "02:04:11",
                "_end": "-",
                "data": {
                    "t": 62.355283,
                    "Δt": 0.033366700033366704,
                    "key": "shift+right"
                }
            },
            {
                "time": "2017-11-18T09:04:11.668Z",
                "type": "SKIP",
                "source": "hotkey",
                "_t": "02:04:11",
                "_end": "-",
                "data": {
                    "t": 62.388649,
                    "Δt": 0.033366700033366704,
                    "key": "shift+right"
                }
            },
            {
                "time": "2017-11-18T09:04:11.829Z",
                "type": "SKIP",
                "source": "hotkey",
                "_t": "02:04:11",
                "_end": "-",
                "data": {
                    "t": 62.422015,
                    "Δt": 0.033366700033366704,
                    "key": "shift+right"
                }
            },
            {
                "time": "2017-11-18T09:04:12.036Z",
                "type": "SKIP",
                "source": "hotkey",
                "_t": "02:04:12",
                "_end": "-",
                "data": {
                    "t": 62.455381,
                    "Δt": 0.033366700033366704,
                    "key": "shift+right"
                }
            },
            {
                "time": {
                    "start": "2017-11-18T08:59:57.249Z",
                    "end": "2017-11-18T09:04:14.511Z"
                },
                "type": "SCRUB",
                "source": "data:drag",
                "_t": "01:59:57",
                "_end": "02:04:14",
                "data": {
                    "time": 62.488747
                }
            },
            {
                "time": {
                    "start": "2017-11-18T08:59:57.249Z",
                    "end": "2017-11-18T09:04:14.617Z"
                },
                "type": "SCRUB",
                "source": "data:drag",
                "_t": "01:59:57",
                "_end": "02:04:14",
                "data": {
                    "time": 62.488747
                }
            },
            {
                "time": "2017-11-18T09:04:14.628Z",
                "type": "JUMP",
                "source": "data:dblclick:h_pos",
                "_t": "02:04:14",
                "_end": "-",
                "data": {
                    "from": 62.488747,
                    "to": 62.15623087422155
                }
            },
            {
                "time": "2017-11-18T09:04:17.144Z",
                "type": "PLAY",
                "source": "hotkey",
                "_t": "02:04:17",
                "_end": "-",
                "data": {
                    "key": "space"
                }
            },
            {
                "time": "2017-11-18T09:04:18.090Z",
                "type": "PAUSE",
                "source": "hotkey",
                "_t": "02:04:18",
                "_end": "-",
                "data": {
                    "key": "space"
                }
            },
            {
                "time": {
                    "start": "2017-11-18T08:59:57.249Z",
                    "end": "2017-11-18T09:04:21.358Z"
                },
                "type": "SCRUB",
                "source": "data:drag",
                "_t": "01:59:57",
                "_end": "02:04:21",
                "data": {
                    "time": 63.050903
                }
            },
            {
                "time": "2017-11-18T09:04:23.192Z",
                "type": "PLAY",
                "source": "hotkey",
                "_t": "02:04:23",
                "_end": "-",
                "data": {
                    "key": "space"
                }
            },
            {
                "time": "2017-11-18T09:04:24.319Z",
                "type": "PAUSE",
                "source": "hotkey",
                "_t": "02:04:24",
                "_end": "-",
                "data": {
                    "key": "space"
                }
            }
        ]
    }
}