{
    "user_id": "4040",
    "session_id": "5a0fe4e35efd4d725417b963",
    "study": "gold",
    "workspace": "cane.cane-yellow",
    "details": {
        "workspace": "cane.cane-yellow",
        "labels": [
            {
                "time": 28.050028,
                "endTime": 29.514895344427345,
                "type": "ground",
                "id": 1
            },
            {
                "time": 30.098973,
                "endTime": 31.22974788282469,
                "type": "ground",
                "id": 2
            },
            {
                "time": 31.916623,
                "endTime": 32.94226385446015,
                "type": "ground",
                "id": 3
            },
            {
                "time": 33.53335003629825,
                "endTime": 34.813648996156054,
                "type": "ground",
                "id": 4
            },
            {
                "time": 35.365019,
                "endTime": 36.5051391297872,
                "type": "ground",
                "id": 5
            },
            {
                "time": 37.098562,
                "endTime": 38.33447091118401,
                "type": "ground",
                "id": 6
            },
            {
                "time": 38.98162925910398,
                "endTime": 40.0633415953577,
                "type": "ground",
                "id": 7
            },
            {
                "time": 40.572657530463424,
                "endTime": 41.25719687068489,
                "type": "ground",
                "id": 8
            },
            {
                "time": 41.855292,
                "endTime": 43.8528385388722,
                "type": "ground",
                "id": 9
            },
            {
                "time": 44.310756,
                "endTime": 45.60273603315864,
                "type": "ground",
                "id": 10
            },
            {
                "time": 46.128406,
                "endTime": 47.28020784256083,
                "type": "ground",
                "id": 11
            },
            {
                "time": 47.810551,
                "endTime": 48.8361918544616,
                "type": "ground",
                "id": 12
            },
            {
                "time": 49.427279,
                "endTime": 50.452919854461605,
                "type": "ground",
                "id": 13
            },
            {
                "time": 51.06503353070063,
                "endTime": 53.29854802474992,
                "type": "ground",
                "id": 14
            },
            {
                "time": 53.94337,
                "endTime": 55.183951534668,
                "type": "ground",
                "id": 15
            },
            {
                "time": 55.721303,
                "endTime": 56.7446077779034,
                "type": "ground",
                "id": 16
            },
            {
                "time": 57.284296,
                "endTime": 58.26554672153607,
                "type": "ground",
                "id": 17
            },
            {
                "time": 58.784208,
                "endTime": 59.943018623719624,
                "type": "ground",
                "id": 18
            },
            {
                "time": 60.471025,
                "endTime": 61.62983549416769,
                "type": "ground",
                "id": 19
            },
            {
                "time": 62.164851,
                "endTime": 63.274598960091375,
                "type": "ground",
                "id": 20
            }
        ],
        "_starts": [
            "2017-11-18T09:11:41.000Z"
        ],
        "_ends": [
            "2017-11-18T09:15:42.615Z"
        ]
    },
    "labels_file": "/home/ubuntu/vat/data/user-studies/gold/practice-third/4040.labels.json",
    "videoFlash": 2.133995,
    "surveys": {
        "user-info": {
            "firstname": "Broderick",
            "lastname": "Gardner"
        }
    },
    "logs": {
        "labelEvents": [
            {
                "time": "2017-11-18T09:12:07.197Z",
                "type": "START",
                "source": "hotkey",
                "_t": "02:12:07",
                "_end": "-",
                "data": {
                    "type": "ground",
                    "time": 28.050028
                }
            },
            {
                "time": "2017-11-18T09:12:09.313Z",
                "type": "END",
                "source": "data:click:h_pos",
                "_t": "02:12:09",
                "_end": "-",
                "data": {
                    "lbl": {
                        "time": 28.050028,
                        "endTime": 29.514895344427345,
                        "type": "ground",
                        "id": 1
                    }
                }
            },
            {
                "time": "2017-11-18T09:12:20.605Z",
                "type": "START",
                "source": "hotkey",
                "_t": "02:12:20",
                "_end": "-",
                "data": {
                    "type": "ground",
                    "time": 30.098973
                }
            },
            {
                "time": "2017-11-18T09:12:24.013Z",
                "type": "END",
                "source": "data:click:h_pos",
                "_t": "02:12:24",
                "_end": "-",
                "data": {
                    "lbl": {
                        "time": 30.098973,
                        "endTime": 31.22974788282469,
                        "type": "ground",
                        "id": 2
                    }
                }
            },
            {
                "time": "2017-11-18T09:12:35.071Z",
                "type": "START",
                "source": "hotkey",
                "_t": "02:12:35",
                "_end": "-",
                "data": {
                    "type": "ground",
                    "time": 31.916623
                }
            },
            {
                "time": "2017-11-18T09:12:36.898Z",
                "type": "END",
                "source": "data:click:h_pos",
                "_t": "02:12:36",
                "_end": "-",
                "data": {
                    "lbl": {
                        "time": 31.916623,
                        "endTime": 32.94226385446015,
                        "type": "ground",
                        "id": 3
                    }
                }
            },
            {
                "time": "2017-11-18T09:12:42.824Z",
                "type": "START",
                "source": "hotkey",
                "_t": "02:12:42",
                "_end": "-",
                "data": {
                    "type": "ground",
                    "time": 33.538023
                }
            },
            {
                "time": "2017-11-18T09:12:44.976Z",
                "type": "END",
                "source": "data:click:h_pos",
                "_t": "02:12:44",
                "_end": "-",
                "data": {
                    "lbl": {
                        "time": 33.53335003629825,
                        "endTime": 34.813648996156054,
                        "type": "ground",
                        "id": 4
                    }
                }
            },
            {
                "time": "2017-11-18T09:12:47.457Z",
                "type": "SELECT",
                "source": "data:click",
                "_t": "02:12:47",
                "_end": "-",
                "data": {
                    "time": 33.53335003629825,
                    "endTime": 34.813648996156054,
                    "type": "ground",
                    "id": 4
                }
            },
            {
                "time": {
                    "start": "2017-11-18T09:12:50.727Z",
                    "end": "2017-11-18T09:12:53.961Z"
                },
                "type": "RESIZE",
                "source": "data:brush",
                "_t": "02:12:50",
                "_end": "02:12:53",
                "data": {
                    "brushing": true,
                    "origin": [
                        33.538023,
                        34.813649336371654
                    ],
                    "start": "2017-11-18T09:12:50.727Z",
                    "ε": 0.1,
                    "mode": "resize"
                }
            },
            {
                "time": "2017-11-18T09:13:03.349Z",
                "type": "START",
                "source": "hotkey",
                "_t": "02:13:03",
                "_end": "-",
                "data": {
                    "type": "ground",
                    "time": 35.365019
                }
            },
            {
                "time": "2017-11-18T09:13:05.271Z",
                "type": "END",
                "source": "data:click:h_pos",
                "_t": "02:13:05",
                "_end": "-",
                "data": {
                    "lbl": {
                        "time": 35.365019,
                        "endTime": 36.5051391297872,
                        "type": "ground",
                        "id": 5
                    }
                }
            },
            {
                "time": "2017-11-18T09:13:12.319Z",
                "type": "START",
                "source": "hotkey",
                "_t": "02:13:12",
                "_end": "-",
                "data": {
                    "type": "ground",
                    "time": 37.098562
                }
            },
            {
                "time": "2017-11-18T09:13:14.451Z",
                "type": "END",
                "source": "data:click:h_pos",
                "_t": "02:13:14",
                "_end": "-",
                "data": {
                    "lbl": {
                        "time": 37.098562,
                        "endTime": 38.33447091118401,
                        "type": "ground",
                        "id": 6
                    }
                }
            },
            {
                "time": "2017-11-18T09:13:28.948Z",
                "type": "START",
                "source": "hotkey",
                "_t": "02:13:28",
                "_end": "-",
                "data": {
                    "type": "ground",
                    "time": 38.981629
                }
            },
            {
                "time": "2017-11-18T09:13:31.684Z",
                "type": "END",
                "source": "data:click:h_pos",
                "_t": "02:13:31",
                "_end": "-",
                "data": {
                    "lbl": {
                        "time": 38.98162925910398,
                        "endTime": 40.0633415953577,
                        "type": "ground",
                        "id": 7
                    }
                }
            },
            {
                "time": "2017-11-18T09:13:37.787Z",
                "type": "SELECT",
                "source": "data:click",
                "_t": "02:13:37",
                "_end": "-",
                "data": {
                    "time": 38.98162925910398,
                    "endTime": 40.0633415953577,
                    "type": "ground",
                    "id": 7
                }
            },
            {
                "time": {
                    "start": "2017-11-18T09:13:39.062Z",
                    "end": "2017-11-18T09:13:40.035Z"
                },
                "type": "RESIZE",
                "source": "data:brush",
                "_t": "02:13:39",
                "_end": "02:13:40",
                "data": {
                    "brushing": true,
                    "origin": [
                        38.981629,
                        40.028296660133854
                    ],
                    "start": "2017-11-18T09:13:39.062Z",
                    "ε": 0.1,
                    "mode": "resize"
                }
            },
            {
                "time": "2017-11-18T09:13:43.672Z",
                "type": "START",
                "source": "hotkey",
                "_t": "02:13:43",
                "_end": "-",
                "data": {
                    "type": "ground",
                    "time": 40.572657530463424
                }
            },
            {
                "time": "2017-11-18T09:13:45.705Z",
                "type": "END",
                "source": "data:click:h_pos",
                "_t": "02:13:45",
                "_end": "-",
                "data": {
                    "lbl": {
                        "time": 40.572657530463424,
                        "endTime": 41.25719687068489,
                        "type": "ground",
                        "id": 8
                    }
                }
            },
            {
                "time": "2017-11-18T09:13:58.240Z",
                "type": "START",
                "source": "hotkey",
                "_t": "02:13:58",
                "_end": "-",
                "data": {
                    "type": "ground",
                    "time": 41.855292
                }
            },
            {
                "time": "2017-11-18T09:14:00.684Z",
                "type": "END",
                "source": "data:click:h_pos",
                "_t": "02:14:00",
                "_end": "-",
                "data": {
                    "lbl": {
                        "time": 41.855292,
                        "endTime": 43.8528385388722,
                        "type": "ground",
                        "id": 9
                    }
                }
            },
            {
                "time": "2017-11-18T09:14:08.948Z",
                "type": "START",
                "source": "hotkey",
                "_t": "02:14:08",
                "_end": "-",
                "data": {
                    "type": "ground",
                    "time": 44.310756
                }
            },
            {
                "time": "2017-11-18T09:14:10.755Z",
                "type": "END",
                "source": "data:click:h_pos",
                "_t": "02:14:10",
                "_end": "-",
                "data": {
                    "lbl": {
                        "time": 44.310756,
                        "endTime": 45.60273603315864,
                        "type": "ground",
                        "id": 10
                    }
                }
            },
            {
                "time": "2017-11-18T09:14:31.214Z",
                "type": "START",
                "source": "hotkey",
                "_t": "02:14:31",
                "_end": "-",
                "data": {
                    "type": "ground",
                    "time": 46.128406
                }
            },
            {
                "time": "2017-11-18T09:14:33.458Z",
                "type": "END",
                "source": "data:click:h_pos",
                "_t": "02:14:33",
                "_end": "-",
                "data": {
                    "lbl": {
                        "time": 46.128406,
                        "endTime": 47.28020784256083,
                        "type": "ground",
                        "id": 11
                    }
                }
            },
            {
                "time": "2017-11-18T09:14:37.687Z",
                "type": "START",
                "source": "hotkey",
                "_t": "02:14:37",
                "_end": "-",
                "data": {
                    "type": "ground",
                    "time": 47.810551
                }
            },
            {
                "time": "2017-11-18T09:14:39.382Z",
                "type": "END",
                "source": "data:click:h_pos",
                "_t": "02:14:39",
                "_end": "-",
                "data": {
                    "lbl": {
                        "time": 47.810551,
                        "endTime": 48.8361918544616,
                        "type": "ground",
                        "id": 12
                    }
                }
            },
            {
                "time": "2017-11-18T09:14:42.667Z",
                "type": "START",
                "source": "hotkey",
                "_t": "02:14:42",
                "_end": "-",
                "data": {
                    "type": "ground",
                    "time": 49.427279
                }
            },
            {
                "time": "2017-11-18T09:14:44.500Z",
                "type": "END",
                "source": "data:click:h_pos",
                "_t": "02:14:44",
                "_end": "-",
                "data": {
                    "lbl": {
                        "time": 49.427279,
                        "endTime": 50.452919854461605,
                        "type": "ground",
                        "id": 13
                    }
                }
            },
            {
                "time": "2017-11-18T09:14:47.818Z",
                "type": "START",
                "source": "hotkey",
                "_t": "02:14:47",
                "_end": "-",
                "data": {
                    "type": "ground",
                    "time": 51.06503353070063
                }
            },
            {
                "time": "2017-11-18T09:14:49.952Z",
                "type": "END",
                "source": "data:click:h_pos",
                "_t": "02:14:49",
                "_end": "-",
                "data": {
                    "lbl": {
                        "time": 51.06503353070063,
                        "endTime": 53.29854802474992,
                        "type": "ground",
                        "id": 14
                    }
                }
            },
            {
                "time": "2017-11-18T09:14:56.521Z",
                "type": "START",
                "source": "hotkey",
                "_t": "02:14:56",
                "_end": "-",
                "data": {
                    "type": "ground",
                    "time": 53.94337
                }
            },
            {
                "time": "2017-11-18T09:14:57.814Z",
                "type": "END",
                "source": "data:click:h_pos",
                "_t": "02:14:57",
                "_end": "-",
                "data": {
                    "lbl": {
                        "time": 53.94337,
                        "endTime": 55.183951534668,
                        "type": "ground",
                        "id": 15
                    }
                }
            },
            {
                "time": "2017-11-18T09:15:01.929Z",
                "type": "START",
                "source": "hotkey",
                "_t": "02:15:01",
                "_end": "-",
                "data": {
                    "type": "ground",
                    "time": 55.721303
                }
            },
            {
                "time": "2017-11-18T09:15:03.675Z",
                "type": "END",
                "source": "data:click:h_pos",
                "_t": "02:15:03",
                "_end": "-",
                "data": {
                    "lbl": {
                        "time": 55.721303,
                        "endTime": 56.7446077779034,
                        "type": "ground",
                        "id": 16
                    }
                }
            },
            {
                "time": "2017-11-18T09:15:06.539Z",
                "type": "START",
                "source": "hotkey",
                "_t": "02:15:06",
                "_end": "-",
                "data": {
                    "type": "ground",
                    "time": 57.284296
                }
            },
            {
                "time": "2017-11-18T09:15:07.869Z",
                "type": "END",
                "source": "data:click:h_pos",
                "_t": "02:15:07",
                "_end": "-",
                "data": {
                    "lbl": {
                        "time": 57.284296,
                        "endTime": 58.26554672153607,
                        "type": "ground",
                        "id": 17
                    }
                }
            },
            {
                "time": "2017-11-18T09:15:12.657Z",
                "type": "START",
                "source": "hotkey",
                "_t": "02:15:12",
                "_end": "-",
                "data": {
                    "type": "ground",
                    "time": 58.784208
                }
            },
            {
                "time": "2017-11-18T09:15:14.061Z",
                "type": "END",
                "source": "data:click:h_pos",
                "_t": "02:15:14",
                "_end": "-",
                "data": {
                    "lbl": {
                        "time": 58.784208,
                        "endTime": 59.943018623719624,
                        "type": "ground",
                        "id": 18
                    }
                }
            },
            {
                "time": "2017-11-18T09:15:23.319Z",
                "type": "START",
                "source": "hotkey",
                "_t": "02:15:23",
                "_end": "-",
                "data": {
                    "type": "ground",
                    "time": 60.471025
                }
            },
            {
                "time": "2017-11-18T09:15:25.731Z",
                "type": "END",
                "source": "data:click:h_pos",
                "_t": "02:15:25",
                "_end": "-",
                "data": {
                    "lbl": {
                        "time": 60.471025,
                        "endTime": 61.62983549416769,
                        "type": "ground",
                        "id": 19
                    }
                }
            },
            {
                "time": "2017-11-18T09:15:30.344Z",
                "type": "START",
                "source": "hotkey",
                "_t": "02:15:30",
                "_end": "-",
                "data": {
                    "type": "ground",
                    "time": 62.164851
                }
            },
            {
                "time": "2017-11-18T09:15:31.972Z",
                "type": "END",
                "source": "data:click:h_pos",
                "_t": "02:15:31",
                "_end": "-",
                "data": {
                    "lbl": {
                        "time": 62.164851,
                        "endTime": 63.274598960091375,
                        "type": "ground",
                        "id": 20
                    }
                }
            }
        ],
        "navigationEvents": [
            {
                "time": {
                    "start": "2017-11-18T09:11:41.679Z",
                    "end": "2017-11-18T09:11:55.328Z"
                },
                "type": "SCRUB",
                "source": "data:drag",
                "_t": "02:11:41",
                "_end": "02:11:55",
                "data": {
                    "time": 24.542622608355575
                }
            },
            {
                "time": {
                    "start": "2017-11-18T09:11:41.679Z",
                    "end": "2017-11-18T09:12:00.533Z"
                },
                "type": "SCRUB",
                "source": "data:drag",
                "_t": "02:11:41",
                "_end": "02:12:00",
                "data": {
                    "time": 28.073391
                }
            },
            {
                "time": {
                    "start": "2017-11-18T09:11:41.679Z",
                    "end": "2017-11-18T09:12:02.085Z"
                },
                "type": "SCRUB",
                "source": "data:drag",
                "_t": "02:11:41",
                "_end": "02:12:02",
                "data": {
                    "time": 28.073391
                }
            },
            {
                "time": {
                    "start": "2017-11-18T09:11:41.679Z",
                    "end": "2017-11-18T09:12:05.539Z"
                },
                "type": "SCRUB",
                "source": "data:drag",
                "_t": "02:11:41",
                "_end": "02:12:05",
                "data": {
                    "time": 28.050028
                }
            },
            {
                "time": {
                    "start": "2017-11-18T09:11:41.679Z",
                    "end": "2017-11-18T09:12:09.306Z"
                },
                "type": "SCRUB",
                "source": "data:drag",
                "_t": "02:11:41",
                "_end": "02:12:09",
                "data": {
                    "time": 28.050028
                }
            },
            {
                "time": {
                    "start": "2017-11-18T09:11:41.679Z",
                    "end": "2017-11-18T09:12:12.540Z"
                },
                "type": "SCRUB",
                "source": "data:drag",
                "_t": "02:11:41",
                "_end": "02:12:12",
                "data": {
                    "time": 29.507886409203223
                }
            },
            {
                "time": {
                    "start": "2017-11-18T09:11:41.679Z",
                    "end": "2017-11-18T09:12:19.665Z"
                },
                "type": "SCRUB",
                "source": "data:drag",
                "_t": "02:11:41",
                "_end": "02:12:19",
                "data": {
                    "time": 30.098973
                }
            },
            {
                "time": {
                    "start": "2017-11-18T09:11:41.679Z",
                    "end": "2017-11-18T09:12:24.007Z"
                },
                "type": "SCRUB",
                "source": "data:drag",
                "_t": "02:11:41",
                "_end": "02:12:24",
                "data": {
                    "time": 30.098973
                }
            },
            {
                "time": {
                    "start": "2017-11-18T09:11:41.679Z",
                    "end": "2017-11-18T09:12:26.653Z"
                },
                "type": "SCRUB",
                "source": "data:drag",
                "_t": "02:11:41",
                "_end": "02:12:26",
                "data": {
                    "time": 31.232084
                }
            },
            {
                "time": {
                    "start": "2017-11-18T09:11:41.679Z",
                    "end": "2017-11-18T09:12:31.562Z"
                },
                "type": "SCRUB",
                "source": "data:drag",
                "_t": "02:11:41",
                "_end": "02:12:31",
                "data": {
                    "time": 31.629257190600434
                }
            },
            {
                "time": {
                    "start": "2017-11-18T09:11:41.679Z",
                    "end": "2017-11-18T09:12:34.886Z"
                },
                "type": "SCRUB",
                "source": "data:drag",
                "_t": "02:11:41",
                "_end": "02:12:34",
                "data": {
                    "time": 31.916623344188146
                }
            },
            {
                "time": {
                    "start": "2017-11-18T09:11:41.679Z",
                    "end": "2017-11-18T09:12:36.891Z"
                },
                "type": "SCRUB",
                "source": "data:drag",
                "_t": "02:11:41",
                "_end": "02:12:36",
                "data": {
                    "time": 31.916623
                }
            },
            {
                "time": {
                    "start": "2017-11-18T09:11:41.679Z",
                    "end": "2017-11-18T09:12:40.955Z"
                },
                "type": "SCRUB",
                "source": "data:drag",
                "_t": "02:11:41",
                "_end": "02:12:40",
                "data": {
                    "time": 33.15486822292456
                }
            },
            {
                "time": {
                    "start": "2017-11-18T09:11:41.679Z",
                    "end": "2017-11-18T09:12:42.635Z"
                },
                "type": "SCRUB",
                "source": "data:drag",
                "_t": "02:11:41",
                "_end": "02:12:42",
                "data": {
                    "time": 33.538023
                }
            },
            {
                "time": {
                    "start": "2017-11-18T09:11:41.679Z",
                    "end": "2017-11-18T09:12:44.969Z"
                },
                "type": "SCRUB",
                "source": "data:drag",
                "_t": "02:11:41",
                "_end": "02:12:44",
                "data": {
                    "time": 33.538023
                }
            },
            {
                "time": {
                    "start": "2017-11-18T09:11:41.679Z",
                    "end": "2017-11-18T09:12:46.536Z"
                },
                "type": "SCRUB",
                "source": "data:drag",
                "_t": "02:11:41",
                "_end": "02:12:46",
                "data": {
                    "time": 33.839407
                }
            },
            {
                "time": {
                    "start": "2017-11-18T09:11:41.679Z",
                    "end": "2017-11-18T09:12:47.452Z"
                },
                "type": "SCRUB",
                "source": "data:drag",
                "_t": "02:11:41",
                "_end": "02:12:47",
                "data": {
                    "time": 33.839407
                }
            },
            {
                "time": {
                    "start": "2017-11-18T09:11:41.679Z",
                    "end": "2017-11-18T09:12:53.976Z"
                },
                "type": "SCRUB",
                "source": "data:drag",
                "_t": "02:11:41",
                "_end": "02:12:53",
                "data": {
                    "time": 33.839407
                }
            },
            {
                "time": {
                    "start": "2017-11-18T09:11:41.679Z",
                    "end": "2017-11-18T09:13:00.867Z"
                },
                "type": "SCRUB",
                "source": "data:drag",
                "_t": "02:11:41",
                "_end": "02:13:00",
                "data": {
                    "time": 35.14306895168315
                }
            },
            {
                "time": {
                    "start": "2017-11-18T09:11:41.679Z",
                    "end": "2017-11-18T09:13:03.241Z"
                },
                "type": "SCRUB",
                "source": "data:drag",
                "_t": "02:11:41",
                "_end": "02:13:03",
                "data": {
                    "time": 35.365019
                }
            },
            {
                "time": {
                    "start": "2017-11-18T09:11:41.679Z",
                    "end": "2017-11-18T09:13:05.261Z"
                },
                "type": "SCRUB",
                "source": "data:drag",
                "_t": "02:11:41",
                "_end": "02:13:05",
                "data": {
                    "time": 35.365019
                }
            },
            {
                "time": {
                    "start": "2017-11-18T09:11:41.679Z",
                    "end": "2017-11-18T09:13:07.521Z"
                },
                "type": "SCRUB",
                "source": "data:drag",
                "_t": "02:11:41",
                "_end": "02:13:07",
                "data": {
                    "time": 36.495793882821
                }
            },
            {
                "time": {
                    "start": "2017-11-18T09:11:41.679Z",
                    "end": "2017-11-18T09:13:12.064Z"
                },
                "type": "SCRUB",
                "source": "data:drag",
                "_t": "02:11:41",
                "_end": "02:13:12",
                "data": {
                    "time": 37.098562
                }
            },
            {
                "time": {
                    "start": "2017-11-18T09:11:41.679Z",
                    "end": "2017-11-18T09:13:14.445Z"
                },
                "type": "SCRUB",
                "source": "data:drag",
                "_t": "02:11:41",
                "_end": "02:13:14",
                "data": {
                    "time": 37.098562
                }
            },
            {
                "time": {
                    "start": "2017-11-18T09:11:41.679Z",
                    "end": "2017-11-18T09:13:20.940Z"
                },
                "type": "SCRUB",
                "source": "data:drag",
                "_t": "02:11:41",
                "_end": "02:13:20",
                "data": {
                    "time": 38.336807
                }
            },
            {
                "time": {
                    "start": "2017-11-18T09:11:41.679Z",
                    "end": "2017-11-18T09:13:28.623Z"
                },
                "type": "SCRUB",
                "source": "data:drag",
                "_t": "02:11:41",
                "_end": "02:13:28",
                "data": {
                    "time": 38.981629
                }
            },
            {
                "time": {
                    "start": "2017-11-18T09:11:41.679Z",
                    "end": "2017-11-18T09:13:31.672Z"
                },
                "type": "SCRUB",
                "source": "data:drag",
                "_t": "02:11:41",
                "_end": "02:13:31",
                "data": {
                    "time": 38.981629
                }
            },
            {
                "time": {
                    "start": "2017-11-18T09:11:41.679Z",
                    "end": "2017-11-18T09:13:34.149Z"
                },
                "type": "SCRUB",
                "source": "data:drag",
                "_t": "02:11:41",
                "_end": "02:13:34",
                "data": {
                    "time": 40.06100502451304
                }
            },
            {
                "time": {
                    "start": "2017-11-18T09:11:41.679Z",
                    "end": "2017-11-18T09:13:36.634Z"
                },
                "type": "SCRUB",
                "source": "data:drag",
                "_t": "02:11:41",
                "_end": "02:13:36",
                "data": {
                    "time": 40.089040740896756
                }
            },
            {
                "time": {
                    "start": "2017-11-18T09:11:41.679Z",
                    "end": "2017-11-18T09:13:37.782Z"
                },
                "type": "SCRUB",
                "source": "data:drag",
                "_t": "02:11:41",
                "_end": "02:13:37",
                "data": {
                    "time": 40.089041
                }
            },
            {
                "time": {
                    "start": "2017-11-18T09:11:41.679Z",
                    "end": "2017-11-18T09:13:40.046Z"
                },
                "type": "SCRUB",
                "source": "data:drag",
                "_t": "02:11:41",
                "_end": "02:13:40",
                "data": {
                    "time": 40.089041
                }
            },
            {
                "time": {
                    "start": "2017-11-18T09:11:41.679Z",
                    "end": "2017-11-18T09:13:43.468Z"
                },
                "type": "SCRUB",
                "source": "data:drag",
                "_t": "02:11:41",
                "_end": "02:13:43",
                "data": {
                    "time": 40.572657530463424
                }
            },
            {
                "time": {
                    "start": "2017-11-18T09:11:41.679Z",
                    "end": "2017-11-18T09:13:45.703Z"
                },
                "type": "SCRUB",
                "source": "data:drag",
                "_t": "02:11:41",
                "_end": "02:13:45",
                "data": {
                    "time": 40.572658
                }
            },
            {
                "time": {
                    "start": "2017-11-18T09:11:41.679Z",
                    "end": "2017-11-18T09:13:47.075Z"
                },
                "type": "SCRUB",
                "source": "data:drag",
                "_t": "02:11:41",
                "_end": "02:13:47",
                "data": {
                    "time": 41.462792303925475
                }
            },
            {
                "time": {
                    "start": "2017-11-18T09:11:41.679Z",
                    "end": "2017-11-18T09:13:56.400Z"
                },
                "type": "SCRUB",
                "source": "data:drag",
                "_t": "02:11:41",
                "_end": "02:13:56",
                "data": {
                    "time": 41.855292372550245
                }
            },
            {
                "time": {
                    "start": "2017-11-18T09:11:41.679Z",
                    "end": "2017-11-18T09:14:00.680Z"
                },
                "type": "SCRUB",
                "source": "data:drag",
                "_t": "02:11:41",
                "_end": "02:14:00",
                "data": {
                    "time": 41.855292
                }
            },
            {
                "time": {
                    "start": "2017-11-18T09:11:41.679Z",
                    "end": "2017-11-18T09:14:01.127Z"
                },
                "type": "SCRUB",
                "source": "data:drag",
                "_t": "02:11:41",
                "_end": "02:14:01",
                "data": {
                    "time": 41.855292
                }
            },
            {
                "time": {
                    "start": "2017-11-18T09:11:41.679Z",
                    "end": "2017-11-18T09:14:02.609Z"
                },
                "type": "SCRUB",
                "source": "data:drag",
                "_t": "02:11:41",
                "_end": "02:14:02",
                "data": {
                    "time": 43.843493
                }
            },
            {
                "time": {
                    "start": "2017-11-18T09:11:41.679Z",
                    "end": "2017-11-18T09:14:08.541Z"
                },
                "type": "SCRUB",
                "source": "data:drag",
                "_t": "02:11:41",
                "_end": "02:14:08",
                "data": {
                    "time": 44.310756
                }
            },
            {
                "time": {
                    "start": "2017-11-18T09:11:41.679Z",
                    "end": "2017-11-18T09:14:10.748Z"
                },
                "type": "SCRUB",
                "source": "data:drag",
                "_t": "02:11:41",
                "_end": "02:14:10",
                "data": {
                    "time": 44.310756
                }
            },
            {
                "time": {
                    "start": "2017-11-18T09:11:41.679Z",
                    "end": "2017-11-18T09:14:20.586Z"
                },
                "type": "SCRUB",
                "source": "data:drag",
                "_t": "02:11:41",
                "_end": "02:14:20",
                "data": {
                    "time": 45.06304802090212
                }
            },
            {
                "time": {
                    "start": "2017-11-18T09:11:41.679Z",
                    "end": "2017-11-18T09:14:23.377Z"
                },
                "type": "SCRUB",
                "source": "data:drag",
                "_t": "02:11:41",
                "_end": "02:14:23",
                "data": {
                    "time": 46.12840615406532
                }
            },
            {
                "time": {
                    "start": "2017-11-18T09:11:41.679Z",
                    "end": "2017-11-18T09:14:33.456Z"
                },
                "type": "SCRUB",
                "source": "data:drag",
                "_t": "02:11:41",
                "_end": "02:14:33",
                "data": {
                    "time": 46.128406
                }
            },
            {
                "time": {
                    "start": "2017-11-18T09:11:41.679Z",
                    "end": "2017-11-18T09:14:36.706Z"
                },
                "type": "SCRUB",
                "source": "data:drag",
                "_t": "02:11:41",
                "_end": "02:14:36",
                "data": {
                    "time": 47.810551
                }
            },
            {
                "time": {
                    "start": "2017-11-18T09:11:41.679Z",
                    "end": "2017-11-18T09:14:39.379Z"
                },
                "type": "SCRUB",
                "source": "data:drag",
                "_t": "02:11:41",
                "_end": "02:14:39",
                "data": {
                    "time": 47.810551
                }
            },
            {
                "time": {
                    "start": "2017-11-18T09:11:41.679Z",
                    "end": "2017-11-18T09:14:42.506Z"
                },
                "type": "SCRUB",
                "source": "data:drag",
                "_t": "02:11:41",
                "_end": "02:14:42",
                "data": {
                    "time": 49.427278725028316
                }
            },
            {
                "time": {
                    "start": "2017-11-18T09:11:41.679Z",
                    "end": "2017-11-18T09:14:44.493Z"
                },
                "type": "SCRUB",
                "source": "data:drag",
                "_t": "02:11:41",
                "_end": "02:14:44",
                "data": {
                    "time": 49.427279
                }
            },
            {
                "time": {
                    "start": "2017-11-18T09:11:41.679Z",
                    "end": "2017-11-18T09:14:47.660Z"
                },
                "type": "SCRUB",
                "source": "data:drag",
                "_t": "02:11:41",
                "_end": "02:14:47",
                "data": {
                    "time": 51.06503353070063
                }
            },
            {
                "time": {
                    "start": "2017-11-18T09:11:41.679Z",
                    "end": "2017-11-18T09:14:49.942Z"
                },
                "type": "SCRUB",
                "source": "data:drag",
                "_t": "02:11:41",
                "_end": "02:14:49",
                "data": {
                    "time": 51.065034
                }
            },
            {
                "time": {
                    "start": "2017-11-18T09:11:41.679Z",
                    "end": "2017-11-18T09:14:52.383Z"
                },
                "type": "SCRUB",
                "source": "data:drag",
                "_t": "02:11:41",
                "_end": "02:14:52",
                "data": {
                    "time": 53.303221
                }
            },
            {
                "time": {
                    "start": "2017-11-18T09:11:41.679Z",
                    "end": "2017-11-18T09:14:56.245Z"
                },
                "type": "SCRUB",
                "source": "data:drag",
                "_t": "02:11:41",
                "_end": "02:14:56",
                "data": {
                    "time": 53.94337
                }
            },
            {
                "time": {
                    "start": "2017-11-18T09:11:41.679Z",
                    "end": "2017-11-18T09:14:57.809Z"
                },
                "type": "SCRUB",
                "source": "data:drag",
                "_t": "02:11:41",
                "_end": "02:14:57",
                "data": {
                    "time": 53.94337
                }
            },
            {
                "time": {
                    "start": "2017-11-18T09:11:41.679Z",
                    "end": "2017-11-18T09:15:01.694Z"
                },
                "type": "SCRUB",
                "source": "data:drag",
                "_t": "02:11:41",
                "_end": "02:15:01",
                "data": {
                    "time": 55.721303
                }
            },
            {
                "time": {
                    "start": "2017-11-18T09:11:41.679Z",
                    "end": "2017-11-18T09:15:03.673Z"
                },
                "type": "SCRUB",
                "source": "data:drag",
                "_t": "02:11:41",
                "_end": "02:15:03",
                "data": {
                    "time": 55.721303
                }
            },
            {
                "time": {
                    "start": "2017-11-18T09:11:41.679Z",
                    "end": "2017-11-18T09:15:06.363Z"
                },
                "type": "SCRUB",
                "source": "data:drag",
                "_t": "02:11:41",
                "_end": "02:15:06",
                "data": {
                    "time": 57.284296
                }
            },
            {
                "time": {
                    "start": "2017-11-18T09:11:41.679Z",
                    "end": "2017-11-18T09:15:07.862Z"
                },
                "type": "SCRUB",
                "source": "data:drag",
                "_t": "02:11:41",
                "_end": "02:15:07",
                "data": {
                    "time": 57.284296
                }
            },
            {
                "time": {
                    "start": "2017-11-18T09:11:41.679Z",
                    "end": "2017-11-18T09:15:10.420Z"
                },
                "type": "SCRUB",
                "source": "data:drag",
                "_t": "02:11:41",
                "_end": "02:15:10",
                "data": {
                    "time": 58.651038158862406
                }
            },
            {
                "time": {
                    "start": "2017-11-18T09:11:41.679Z",
                    "end": "2017-11-18T09:15:12.358Z"
                },
                "type": "SCRUB",
                "source": "data:drag",
                "_t": "02:11:41",
                "_end": "02:15:12",
                "data": {
                    "time": 58.784207769258096
                }
            },
            {
                "time": {
                    "start": "2017-11-18T09:11:41.679Z",
                    "end": "2017-11-18T09:15:14.053Z"
                },
                "type": "SCRUB",
                "source": "data:drag",
                "_t": "02:11:41",
                "_end": "02:15:14",
                "data": {
                    "time": 58.784208
                }
            },
            {
                "time": {
                    "start": "2017-11-18T09:11:41.679Z",
                    "end": "2017-11-18T09:15:15.788Z"
                },
                "type": "SCRUB",
                "source": "data:drag",
                "_t": "02:11:41",
                "_end": "02:15:15",
                "data": {
                    "time": 59.74910474918589
                }
            },
            {
                "time": {
                    "start": "2017-11-18T09:11:41.679Z",
                    "end": "2017-11-18T09:15:20.524Z"
                },
                "type": "SCRUB",
                "source": "data:drag",
                "_t": "02:11:41",
                "_end": "02:15:20",
                "data": {
                    "time": 60.457007
                }
            },
            {
                "time": {
                    "start": "2017-11-18T09:11:41.679Z",
                    "end": "2017-11-18T09:15:23.132Z"
                },
                "type": "SCRUB",
                "source": "data:drag",
                "_t": "02:11:41",
                "_end": "02:15:23",
                "data": {
                    "time": 60.471025
                }
            },
            {
                "time": {
                    "start": "2017-11-18T09:11:41.679Z",
                    "end": "2017-11-18T09:15:25.722Z"
                },
                "type": "SCRUB",
                "source": "data:drag",
                "_t": "02:11:41",
                "_end": "02:15:25",
                "data": {
                    "time": 60.471025
                }
            },
            {
                "time": {
                    "start": "2017-11-18T09:11:41.679Z",
                    "end": "2017-11-18T09:15:29.607Z"
                },
                "type": "SCRUB",
                "source": "data:drag",
                "_t": "02:11:41",
                "_end": "02:15:29",
                "data": {
                    "time": 62.16485088294127
                }
            },
            {
                "time": {
                    "start": "2017-11-18T09:11:41.679Z",
                    "end": "2017-11-18T09:15:31.964Z"
                },
                "type": "SCRUB",
                "source": "data:drag",
                "_t": "02:11:41",
                "_end": "02:15:31",
                "data": {
                    "time": 62.164851
                }
            },
            {
                "time": {
                    "start": "2017-11-18T09:11:41.679Z",
                    "end": "2017-11-18T09:15:34.338Z"
                },
                "type": "SCRUB",
                "source": "data:drag",
                "_t": "02:11:41",
                "_end": "02:15:34",
                "data": {
                    "time": 63.283944
                }
            },
            {
                "time": {
                    "start": "2017-11-18T09:11:41.679Z",
                    "end": "2017-11-18T09:15:37.095Z"
                },
                "type": "SCRUB",
                "source": "data:drag",
                "_t": "02:11:41",
                "_end": "02:15:37",
                "data": {
                    "time": 63.78858754319309
                }
            },
            {
                "time": {
                    "start": "2017-11-18T09:11:41.679Z",
                    "end": "2017-11-18T09:15:38.411Z"
                },
                "type": "SCRUB",
                "source": "data:drag",
                "_t": "02:11:41",
                "_end": "02:15:38",
                "data": {
                    "time": 65.6366101306157
                }
            },
            {
                "time": {
                    "start": "2017-11-18T09:11:41.679Z",
                    "end": "2017-11-18T09:15:39.767Z"
                },
                "type": "SCRUB",
                "source": "data:drag",
                "_t": "02:11:41",
                "_end": "02:15:39",
                "data": {
                    "time": 67.17156681407818
                }
            }
        ]
    }
}