[
    {
        "time": 28.035732,
        "endTime": 29.514895344427345,
        "id": 1,
        "type": "ground"
    },
    {
        "time": 30.087661,
        "endTime": 31.22974788282469,
        "id": 2,
        "type": "ground"
    },
    {
        "time": 31.905872,
        "endTime": 32.94226385446015,
        "id": 3,
        "type": "ground"
    },
    {
        "time": 33.506833,
        "endTime": 34.813648996156054,
        "id": 4,
        "type": "ground"
    },
    {
        "time": 35.344166,
        "endTime": 36.5051391297872,
        "id": 5,
        "type": "ground"
    },
    {
        "time": 37.08054,
        "endTime": 38.33447091118401,
        "id": 6,
        "type": "ground"
    },
    {
        "time": 38.976563,
        "endTime": 40.0633415953577,
        "id": 7,
        "type": "ground"
    },
    {
        "time": 40.568278,
        "endTime": 41.25719687068489,
        "id": 8,
        "type": "ground"
    },
    {
        "time": 41.841017,
        "endTime": 43.8528385388722,
        "id": 9,
        "type": "ground"
    },
    {
        "time": 44.29117,
        "endTime": 45.60273603315864,
        "id": 10,
        "type": "ground"
    },
    {
        "time": 46.103234,
        "endTime": 47.28020784256083,
        "id": 11,
        "type": "ground"
    },
    {
        "time": 47.781755,
        "endTime": 48.8361918544616,
        "id": 12,
        "type": "ground"
    },
    {
        "time": 49.413369,
        "endTime": 50.452919854461605,
        "id": 13,
        "type": "ground"
    },
    {
        "time": 51.051072,
        "endTime": 53.29854802474992,
        "id": 14,
        "type": "ground"
    },
    {
        "time": 53.94337,
        "endTime": 55.183951534668,
        "id": 15,
        "type": "ground"
    },
    {
        "time": 55.720947,
        "endTime": 56.7446077779034,
        "id": 16,
        "type": "ground"
    },
    {
        "time": 57.274483,
        "endTime": 58.26554672153607,
        "id": 17,
        "type": "ground"
    },
    {
        "time": 58.776814,
        "endTime": 59.943018623719624,
        "id": 18,
        "type": "ground"
    },
    {
        "time": 60.456787,
        "endTime": 61.62983549416769,
        "id": 19,
        "type": "ground"
    },
    {
        "time": 62.15623,
        "endTime": 63.274598960091375,
        "id": 20,
        "type": "ground"
    }
]