{
    "user_id": "047",
    "session_id": "5a7882a2ee2b1975ba835b74",
    "study": "studyC",
    "workspace": "newrun.run-thurs-seven-attempt",
    "details": {
        "workspace": "newrun.run-thurs-seven-attempt",
        "labels": [
            {
                "time": 30.52863,
                "endTime": 33.52238868292683,
                "type": "run",
                "id": 1
            },
            {
                "time": 81.63802900000002,
                "endTime": 88.51875554471545,
                "type": "skip",
                "id": 2
            }
        ],
        "_starts": [
            "2018-02-05T16:38:45.000Z"
        ],
        "_ends": [
            "2018-02-05T16:41:48.430Z"
        ]
    },
    "labels_file": "/home/ubuntu/vat/data/user-studies/studyC/run-red/047.labels.json",
    "videoFlash": 11.89045,
    "surveys": {
        "user-info": {
            "firstname": "susan",
            "lastname": "routson",
            "email": "susanroutson@gmail.com"
        },
        "practice-first": {
            "question1": "4",
            "question2": "ok",
            "question3": "30",
            "question4": "5"
        },
        "practice-second": {},
        "practice-third": {},
        "practice-survey": {},
        "pill-blue": {
            "question1": "5",
            "question2": "5",
            "question3": "40",
            "question4": "0"
        },
        "pill-red": {
            "question1": "2",
            "question2": "4",
            "question3": "100",
            "question4": "50"
        },
        "pill-orange": {
            "question1": "4",
            "question2": "4",
            "question3": "30",
            "question4": "90"
        },
        "pills-survey": {
            "question1": "5",
            "question2": "4",
            "question3": "4",
            "question4": "2"
        },
        "run-blue": {
            "question1": "5",
            "question2": "5",
            "question3": "100",
            "question4": "100"
        },
        "run-yellow": {
            "question1": "5",
            "question2": "5",
            "question3": "100",
            "question4": "90"
        }
    },
    "logs": {
        "labelEvents": [
            {
                "time": "2018-02-05T16:39:13.863Z",
                "type": "START",
                "source": "side-bar:button",
                "_t": "09:39:13",
                "_end": "-",
                "data": {
                    "type": "run",
                    "time": 30.52863
                }
            },
            {
                "time": "2018-02-05T16:39:16.539Z",
                "type": "END",
                "source": "side-bar:button:ctb",
                "_t": "09:39:16",
                "_end": "-",
                "data": {
                    "lbl": {
                        "time": 30.52863,
                        "endTime": 33.52238868292683,
                        "type": "run",
                        "id": 1
                    }
                }
            },
            {
                "time": "2018-02-05T16:39:20.195Z",
                "type": "SELECT",
                "source": "data:click",
                "_t": "09:39:20",
                "_end": "-",
                "data": {
                    "time": 30.52863,
                    "endTime": 33.52238868292683,
                    "type": "run",
                    "id": 1
                }
            },
            {
                "time": {
                    "start": "2018-02-05T16:39:21.282Z",
                    "end": "2018-02-05T16:39:22.241Z"
                },
                "type": "RESIZE",
                "source": "data:brush",
                "_t": "09:39:21",
                "_end": "09:39:22",
                "data": {
                    "brushing": true,
                    "origin": [
                        30.52863,
                        33.209696
                    ],
                    "_brushside": 1,
                    "start": "2018-02-05T16:39:21.282Z",
                    "ε": 0.1,
                    "mode": "resize"
                }
            },
            {
                "time": "2018-02-05T16:39:27.433Z",
                "type": "DESELECT",
                "source": "side-bar:button",
                "_t": "09:39:27",
                "_end": "-",
                "data": {
                    "time": 30.52863,
                    "endTime": 33.52238868292683,
                    "type": "run",
                    "id": 1
                }
            },
            {
                "time": "2018-02-05T16:40:01.993Z",
                "type": "START",
                "source": "side-bar:button",
                "_t": "09:40:01",
                "_end": "-",
                "data": {
                    "type": "skip",
                    "time": 81.638029
                }
            },
            {
                "time": "2018-02-05T16:40:06.953Z",
                "type": "END",
                "source": "side-bar:button:ctb",
                "_t": "09:40:06",
                "_end": "-",
                "data": {
                    "lbl": {
                        "time": 81.63802900000002,
                        "endTime": 88.51875554471545,
                        "type": "skip",
                        "id": 2
                    }
                }
            },
            {
                "time": "2018-02-05T16:40:15.772Z",
                "type": "SELECT",
                "source": "data:click",
                "_t": "09:40:15",
                "_end": "-",
                "data": {
                    "time": 81.63802900000002,
                    "endTime": 88.51875554471545,
                    "type": "skip",
                    "id": 2
                }
            },
            {
                "time": {
                    "start": "2018-02-05T16:40:16.730Z",
                    "end": "2018-02-05T16:40:18.034Z"
                },
                "type": "RESIZE",
                "source": "data:brush",
                "_t": "09:40:16",
                "_end": "09:40:18",
                "data": {
                    "brushing": true,
                    "origin": [
                        81.638029,
                        86.590484
                    ],
                    "_brushside": 1,
                    "start": "2018-02-05T16:40:16.730Z",
                    "ε": 0.1,
                    "mode": "resize"
                }
            },
            {
                "time": "2018-02-05T16:40:24.662Z",
                "type": "DESELECT",
                "source": "data:click",
                "_t": "09:40:24",
                "_end": "-",
                "data": {
                    "time": 81.63802900000002,
                    "endTime": 87.94548562601626,
                    "type": "skip",
                    "id": 2
                }
            },
            {
                "time": "2018-02-05T16:40:26.180Z",
                "type": "SELECT",
                "source": "data:click",
                "_t": "09:40:26",
                "_end": "-",
                "data": {
                    "time": 81.63802900000002,
                    "endTime": 88.51875554471545,
                    "type": "skip",
                    "id": 2
                }
            },
            {
                "time": {
                    "start": "2018-02-05T16:40:26.850Z",
                    "end": "2018-02-05T16:40:28.258Z"
                },
                "type": "RESIZE",
                "source": "data:brush",
                "_t": "09:40:26",
                "_end": "09:40:28",
                "data": {
                    "brushing": true,
                    "origin": [
                        81.63802900000002,
                        87.94548562601626
                    ],
                    "_brushside": 1,
                    "start": "2018-02-05T16:40:26.850Z",
                    "ε": 0.1,
                    "mode": "resize"
                }
            },
            {
                "time": "2018-02-05T16:40:28.799Z",
                "type": "DESELECT",
                "source": "data:click",
                "_t": "09:40:28",
                "_end": "-",
                "data": {
                    "time": 81.63802900000002,
                    "endTime": 88.51875554471545,
                    "type": "skip",
                    "id": 2
                }
            }
        ],
        "navigationEvents": [
            {
                "time": {
                    "start": "2018-02-05T16:38:45.097Z",
                    "end": "2018-02-05T16:38:52.423Z"
                },
                "type": "SCRUB",
                "source": "data:drag",
                "_t": "09:38:45",
                "_end": "09:38:52",
                "data": {
                    "time": 12.56795
                }
            },
            {
                "time": {
                    "start": "2018-02-05T16:38:56.804Z",
                    "end": "2018-02-05T16:38:56.888Z"
                },
                "type": "SCRUB",
                "source": "video:drag",
                "_t": "09:38:56",
                "_end": "09:38:56",
                "data": {
                    "to": 37.447903,
                    "from": 14.925522
                }
            },
            {
                "time": {
                    "start": "2018-02-05T16:38:59.388Z",
                    "end": "2018-02-05T16:38:59.491Z"
                },
                "type": "SCRUB",
                "source": "video:drag",
                "_t": "09:38:59",
                "_end": "09:38:59",
                "data": {
                    "to": 15.419725,
                    "from": 39.67673
                }
            },
            {
                "time": {
                    "start": "2018-02-05T16:39:02.021Z",
                    "end": "2018-02-05T16:39:02.095Z"
                },
                "type": "SCRUB",
                "source": "video:drag",
                "_t": "09:39:02",
                "_end": "09:39:02",
                "data": {
                    "to": 31.390154,
                    "from": 17.360088
                }
            },
            {
                "time": {
                    "start": "2018-02-05T16:39:04.059Z",
                    "end": "2018-02-05T16:39:04.176Z"
                },
                "type": "SCRUB",
                "source": "video:drag",
                "_t": "09:39:04",
                "_end": "09:39:04",
                "data": {
                    "to": 20.926769,
                    "from": 33.250142
                }
            },
            {
                "time": "2018-02-05T16:39:19.000Z",
                "type": "PAUSE",
                "source": "video:button",
                "_t": "09:39:19",
                "_end": "-"
            },
            {
                "time": {
                    "start": "2018-02-05T16:38:45.097Z",
                    "end": "2018-02-05T16:39:20.193Z"
                },
                "type": "SCRUB",
                "source": "data:drag",
                "_t": "09:38:45",
                "_end": "09:39:20",
                "data": {
                    "time": 35.663547
                }
            },
            {
                "time": {
                    "start": "2018-02-05T16:38:45.097Z",
                    "end": "2018-02-05T16:39:22.263Z"
                },
                "type": "SCRUB",
                "source": "data:drag",
                "_t": "09:38:45",
                "_end": "09:39:22",
                "data": {
                    "time": 35.663547
                }
            },
            {
                "time": "2018-02-05T16:39:24.210Z",
                "type": "PLAY",
                "source": "video:button",
                "_t": "09:39:24",
                "_end": "-"
            },
            {
                "time": {
                    "start": "2018-02-05T16:39:40.894Z",
                    "end": "2018-02-05T16:39:41.008Z"
                },
                "type": "SCRUB",
                "source": "video:drag",
                "_t": "09:39:40",
                "_end": "09:39:41",
                "data": {
                    "to": 63.881718,
                    "from": 52.360935
                }
            },
            {
                "time": {
                    "start": "2018-02-05T16:39:42.798Z",
                    "end": "2018-02-05T16:39:42.905Z"
                },
                "type": "SCRUB",
                "source": "video:drag",
                "_t": "09:39:42",
                "_end": "09:39:42",
                "data": {
                    "to": 54.519742,
                    "from": 65.492567
                }
            },
            {
                "time": {
                    "start": "2018-02-05T16:39:48.850Z",
                    "end": "2018-02-05T16:39:48.984Z"
                },
                "type": "SCRUB",
                "source": "video:drag",
                "_t": "09:39:48",
                "_end": "09:39:48",
                "data": {
                    "to": 66.084536,
                    "from": 60.283428
                }
            },
            {
                "time": {
                    "start": "2018-02-05T16:39:53.662Z",
                    "end": "2018-02-05T16:39:53.769Z"
                },
                "type": "SCRUB",
                "source": "video:drag",
                "_t": "09:39:53",
                "_end": "09:39:53",
                "data": {
                    "to": 75.446512,
                    "from": 70.551945
                }
            },
            {
                "time": {
                    "start": "2018-02-05T16:39:55.733Z",
                    "end": "2018-02-05T16:39:55.840Z"
                },
                "type": "SCRUB",
                "source": "video:drag",
                "_t": "09:39:55",
                "_end": "09:39:55",
                "data": {
                    "to": 82.60567,
                    "from": 77.175455
                }
            },
            {
                "time": {
                    "start": "2018-02-05T16:39:57.286Z",
                    "end": "2018-02-05T16:39:57.392Z"
                },
                "type": "SCRUB",
                "source": "video:drag",
                "_t": "09:39:57",
                "_end": "09:39:57",
                "data": {
                    "to": 77.098625,
                    "from": 83.89351
                }
            },
            {
                "time": "2018-02-05T16:40:12.883Z",
                "type": "PAUSE",
                "source": "video:button",
                "_t": "09:40:12",
                "_end": "-"
            },
            {
                "time": {
                    "start": "2018-02-05T16:38:45.097Z",
                    "end": "2018-02-05T16:40:15.009Z"
                },
                "type": "SCRUB",
                "source": "data:drag",
                "_t": "09:38:45",
                "_end": "09:40:15",
                "data": {
                    "time": 89.298677
                }
            },
            {
                "time": {
                    "start": "2018-02-05T16:38:45.097Z",
                    "end": "2018-02-05T16:40:15.770Z"
                },
                "type": "SCRUB",
                "source": "data:drag",
                "_t": "09:38:45",
                "_end": "09:40:15",
                "data": {
                    "time": 89.298677
                }
            },
            {
                "time": {
                    "start": "2018-02-05T16:38:45.097Z",
                    "end": "2018-02-05T16:40:18.054Z"
                },
                "type": "SCRUB",
                "source": "data:drag",
                "_t": "09:38:45",
                "_end": "09:40:18",
                "data": {
                    "time": 89.298677
                }
            },
            {
                "time": {
                    "start": "2018-02-05T16:38:45.097Z",
                    "end": "2018-02-05T16:40:20.428Z"
                },
                "type": "SCRUB",
                "source": "data:drag",
                "_t": "09:38:45",
                "_end": "09:40:20",
                "data": {
                    "time": 87.214059
                }
            },
            {
                "time": "2018-02-05T16:40:21.650Z",
                "type": "PLAY",
                "source": "video:button",
                "_t": "09:40:21",
                "_end": "-"
            },
            {
                "time": "2018-02-05T16:40:22.986Z",
                "type": "PAUSE",
                "source": "video:button",
                "_t": "09:40:22",
                "_end": "-"
            },
            {
                "time": {
                    "start": "2018-02-05T16:38:45.097Z",
                    "end": "2018-02-05T16:40:24.661Z"
                },
                "type": "SCRUB",
                "source": "data:drag",
                "_t": "09:38:45",
                "_end": "09:40:24",
                "data": {
                    "time": 88.480776
                }
            },
            {
                "time": {
                    "start": "2018-02-05T16:38:45.097Z",
                    "end": "2018-02-05T16:40:26.177Z"
                },
                "type": "SCRUB",
                "source": "data:drag",
                "_t": "09:38:45",
                "_end": "09:40:26",
                "data": {
                    "time": 88.480776
                }
            },
            {
                "time": {
                    "start": "2018-02-05T16:38:45.097Z",
                    "end": "2018-02-05T16:40:28.266Z"
                },
                "type": "SCRUB",
                "source": "data:drag",
                "_t": "09:38:45",
                "_end": "09:40:28",
                "data": {
                    "time": 88.480776
                }
            },
            {
                "time": {
                    "start": "2018-02-05T16:38:45.097Z",
                    "end": "2018-02-05T16:40:28.798Z"
                },
                "type": "SCRUB",
                "source": "data:drag",
                "_t": "09:38:45",
                "_end": "09:40:28",
                "data": {
                    "time": 88.480776
                }
            },
            {
                "time": "2018-02-05T16:40:31.570Z",
                "type": "PLAY",
                "source": "video:button",
                "_t": "09:40:31",
                "_end": "-"
            },
            {
                "time": {
                    "start": "2018-02-05T16:38:45.097Z",
                    "end": "2018-02-05T16:40:36.922Z"
                },
                "type": "SCRUB",
                "source": "data:drag",
                "_t": "09:38:45",
                "_end": "09:40:36",
                "data": {
                    "time": 94.325368
                }
            },
            {
                "time": {
                    "start": "2018-02-05T16:38:45.097Z",
                    "end": "2018-02-05T16:40:38.310Z"
                },
                "type": "SCRUB",
                "source": "data:drag",
                "_t": "09:38:45",
                "_end": "09:40:38",
                "data": {
                    "time": 96.213815
                }
            },
            {
                "time": {
                    "start": "2018-02-05T16:38:45.097Z",
                    "end": "2018-02-05T16:40:39.186Z"
                },
                "type": "SCRUB",
                "source": "data:drag",
                "_t": "09:38:45",
                "_end": "09:40:39",
                "data": {
                    "time": 98.267341
                }
            },
            {
                "time": {
                    "start": "2018-02-05T16:38:45.097Z",
                    "end": "2018-02-05T16:40:40.111Z"
                },
                "type": "SCRUB",
                "source": "data:drag",
                "_t": "09:38:45",
                "_end": "09:40:40",
                "data": {
                    "time": 100.267491
                }
            },
            {
                "time": {
                    "start": "2018-02-05T16:38:45.097Z",
                    "end": "2018-02-05T16:40:41.090Z"
                },
                "type": "SCRUB",
                "source": "data:drag",
                "_t": "09:38:45",
                "_end": "09:40:41",
                "data": {
                    "time": 102.039416
                }
            },
            {
                "time": {
                    "start": "2018-02-05T16:38:45.097Z",
                    "end": "2018-02-05T16:40:42.273Z"
                },
                "type": "SCRUB",
                "source": "data:drag",
                "_t": "09:38:45",
                "_end": "09:40:42",
                "data": {
                    "time": 103.332629
                }
            },
            {
                "time": {
                    "start": "2018-02-05T16:38:45.097Z",
                    "end": "2018-02-05T16:40:43.314Z"
                },
                "type": "SCRUB",
                "source": "data:drag",
                "_t": "09:38:45",
                "_end": "09:40:43",
                "data": {
                    "time": 105.677824
                }
            },
            {
                "time": {
                    "start": "2018-02-05T16:38:45.097Z",
                    "end": "2018-02-05T16:40:44.466Z"
                },
                "type": "SCRUB",
                "source": "data:drag",
                "_t": "09:38:45",
                "_end": "09:40:44",
                "data": {
                    "time": 106.994682
                }
            },
            {
                "time": {
                    "start": "2018-02-05T16:38:45.097Z",
                    "end": "2018-02-05T16:40:45.467Z"
                },
                "type": "SCRUB",
                "source": "data:drag",
                "_t": "09:38:45",
                "_end": "09:40:45",
                "data": {
                    "time": 109.589199
                }
            },
            {
                "time": {
                    "start": "2018-02-05T16:38:45.097Z",
                    "end": "2018-02-05T16:40:46.474Z"
                },
                "type": "SCRUB",
                "source": "data:drag",
                "_t": "09:38:45",
                "_end": "09:40:46",
                "data": {
                    "time": 112.038625
                }
            },
            {
                "time": {
                    "start": "2018-02-05T16:38:45.097Z",
                    "end": "2018-02-05T16:40:47.441Z"
                },
                "type": "SCRUB",
                "source": "data:drag",
                "_t": "09:38:45",
                "_end": "09:40:47",
                "data": {
                    "time": 114.227473
                }
            },
            {
                "time": {
                    "start": "2018-02-05T16:38:45.097Z",
                    "end": "2018-02-05T16:40:48.980Z"
                },
                "type": "SCRUB",
                "source": "data:drag",
                "_t": "09:38:45",
                "_end": "09:40:48",
                "data": {
                    "time": 116.4124
                }
            },
            {
                "time": {
                    "start": "2018-02-05T16:38:45.097Z",
                    "end": "2018-02-05T16:40:50.010Z"
                },
                "type": "SCRUB",
                "source": "data:drag",
                "_t": "09:38:45",
                "_end": "09:40:50",
                "data": {
                    "time": 120.52952
                }
            },
            {
                "time": {
                    "start": "2018-02-05T16:38:45.097Z",
                    "end": "2018-02-05T16:40:51.177Z"
                },
                "type": "SCRUB",
                "source": "data:drag",
                "_t": "09:38:45",
                "_end": "09:40:51",
                "data": {
                    "time": 122.295735
                }
            },
            {
                "time": {
                    "start": "2018-02-05T16:38:45.097Z",
                    "end": "2018-02-05T16:40:52.362Z"
                },
                "type": "SCRUB",
                "source": "data:drag",
                "_t": "09:38:45",
                "_end": "09:40:52",
                "data": {
                    "time": 123.852082
                }
            },
            {
                "time": {
                    "start": "2018-02-05T16:38:45.097Z",
                    "end": "2018-02-05T16:40:53.346Z"
                },
                "type": "SCRUB",
                "source": "data:drag",
                "_t": "09:38:45",
                "_end": "09:40:53",
                "data": {
                    "time": 126.191182
                }
            },
            {
                "time": {
                    "start": "2018-02-05T16:38:45.097Z",
                    "end": "2018-02-05T16:40:54.221Z"
                },
                "type": "SCRUB",
                "source": "data:drag",
                "_t": "09:38:45",
                "_end": "09:40:54",
                "data": {
                    "time": 128.425376
                }
            },
            {
                "time": {
                    "start": "2018-02-05T16:38:45.097Z",
                    "end": "2018-02-05T16:40:55.168Z"
                },
                "type": "SCRUB",
                "source": "data:drag",
                "_t": "09:38:45",
                "_end": "09:40:55",
                "data": {
                    "time": 130.631015
                }
            },
            {
                "time": {
                    "start": "2018-02-05T16:38:45.097Z",
                    "end": "2018-02-05T16:40:56.123Z"
                },
                "type": "SCRUB",
                "source": "data:drag",
                "_t": "09:38:45",
                "_end": "09:40:56",
                "data": {
                    "time": 133.028324
                }
            },
            {
                "time": {
                    "start": "2018-02-05T16:38:45.097Z",
                    "end": "2018-02-05T16:40:57.125Z"
                },
                "type": "SCRUB",
                "source": "data:drag",
                "_t": "09:38:45",
                "_end": "09:40:57",
                "data": {
                    "time": 134.383325
                }
            },
            {
                "time": {
                    "start": "2018-02-05T16:38:45.097Z",
                    "end": "2018-02-05T16:40:58.105Z"
                },
                "type": "SCRUB",
                "source": "data:drag",
                "_t": "09:38:45",
                "_end": "09:40:58",
                "data": {
                    "time": 135.738326
                }
            },
            {
                "time": {
                    "start": "2018-02-05T16:38:45.097Z",
                    "end": "2018-02-05T16:40:59.017Z"
                },
                "type": "SCRUB",
                "source": "data:drag",
                "_t": "09:38:45",
                "_end": "09:40:59",
                "data": {
                    "time": 138.172896
                }
            },
            {
                "time": {
                    "start": "2018-02-05T16:38:45.097Z",
                    "end": "2018-02-05T16:40:59.860Z"
                },
                "type": "SCRUB",
                "source": "data:drag",
                "_t": "09:38:45",
                "_end": "09:40:59",
                "data": {
                    "time": 141.411851
                }
            },
            {
                "time": {
                    "start": "2018-02-05T16:38:45.097Z",
                    "end": "2018-02-05T16:41:00.796Z"
                },
                "type": "SCRUB",
                "source": "data:drag",
                "_t": "09:38:45",
                "_end": "09:41:00",
                "data": {
                    "time": 144.911853
                }
            },
            {
                "time": {
                    "start": "2018-02-05T16:38:45.097Z",
                    "end": "2018-02-05T16:41:02.026Z"
                },
                "type": "SCRUB",
                "source": "data:drag",
                "_t": "09:38:45",
                "_end": "09:41:02",
                "data": {
                    "time": 147.709956
                }
            },
            {
                "time": {
                    "start": "2018-02-05T16:38:45.097Z",
                    "end": "2018-02-05T16:41:02.824Z"
                },
                "type": "SCRUB",
                "source": "data:drag",
                "_t": "09:38:45",
                "_end": "09:41:02",
                "data": {
                    "time": 149.638227
                }
            },
            {
                "time": {
                    "start": "2018-02-05T16:38:45.097Z",
                    "end": "2018-02-05T16:41:03.647Z"
                },
                "type": "SCRUB",
                "source": "data:drag",
                "_t": "09:38:45",
                "_end": "09:41:03",
                "data": {
                    "time": 151.77496
                }
            },
            {
                "time": {
                    "start": "2018-02-05T16:38:45.097Z",
                    "end": "2018-02-05T16:41:04.537Z"
                },
                "type": "SCRUB",
                "source": "data:drag",
                "_t": "09:38:45",
                "_end": "09:41:04",
                "data": {
                    "time": 153.442654
                }
            },
            {
                "time": {
                    "start": "2018-02-05T16:38:45.097Z",
                    "end": "2018-02-05T16:41:05.601Z"
                },
                "type": "SCRUB",
                "source": "data:drag",
                "_t": "09:38:45",
                "_end": "09:41:05",
                "data": {
                    "time": 156.372792
                }
            },
            {
                "time": {
                    "start": "2018-02-05T16:38:45.097Z",
                    "end": "2018-02-05T16:41:06.489Z"
                },
                "type": "SCRUB",
                "source": "data:drag",
                "_t": "09:38:45",
                "_end": "09:41:06",
                "data": {
                    "time": 158.725548
                }
            },
            {
                "time": {
                    "start": "2018-02-05T16:38:45.097Z",
                    "end": "2018-02-05T16:41:07.522Z"
                },
                "type": "SCRUB",
                "source": "data:drag",
                "_t": "09:38:45",
                "_end": "09:41:07",
                "data": {
                    "time": 161.70411
                }
            },
            {
                "time": {
                    "start": "2018-02-05T16:38:45.097Z",
                    "end": "2018-02-05T16:41:08.430Z"
                },
                "type": "SCRUB",
                "source": "data:drag",
                "_t": "09:38:45",
                "_end": "09:41:08",
                "data": {
                    "time": 163.316118
                }
            },
            {
                "time": {
                    "start": "2018-02-05T16:38:45.097Z",
                    "end": "2018-02-05T16:41:09.387Z"
                },
                "type": "SCRUB",
                "source": "data:drag",
                "_t": "09:38:45",
                "_end": "09:41:09",
                "data": {
                    "time": 165.137369
                }
            },
            {
                "time": {
                    "start": "2018-02-05T16:38:45.097Z",
                    "end": "2018-02-05T16:41:10.250Z"
                },
                "type": "SCRUB",
                "source": "data:drag",
                "_t": "09:38:45",
                "_end": "09:41:10",
                "data": {
                    "time": 167.767321
                }
            },
            {
                "time": {
                    "start": "2018-02-05T16:38:45.097Z",
                    "end": "2018-02-05T16:41:11.177Z"
                },
                "type": "SCRUB",
                "source": "data:drag",
                "_t": "09:38:45",
                "_end": "09:41:11",
                "data": {
                    "time": 169.890773
                }
            },
            {
                "time": {
                    "start": "2018-02-05T16:38:45.097Z",
                    "end": "2018-02-05T16:41:12.169Z"
                },
                "type": "SCRUB",
                "source": "data:drag",
                "_t": "09:38:45",
                "_end": "09:41:12",
                "data": {
                    "time": 172.652312
                }
            },
            {
                "time": {
                    "start": "2018-02-05T16:38:45.097Z",
                    "end": "2018-02-05T16:41:13.109Z"
                },
                "type": "SCRUB",
                "source": "data:drag",
                "_t": "09:38:45",
                "_end": "09:41:13",
                "data": {
                    "time": 174.653221
                }
            },
            {
                "time": {
                    "start": "2018-02-05T16:38:45.097Z",
                    "end": "2018-02-05T16:41:13.946Z"
                },
                "type": "SCRUB",
                "source": "data:drag",
                "_t": "09:38:45",
                "_end": "09:41:13",
                "data": {
                    "time": 177.442827
                }
            },
            {
                "time": {
                    "start": "2018-02-05T16:38:45.097Z",
                    "end": "2018-02-05T16:41:14.822Z"
                },
                "type": "SCRUB",
                "source": "data:drag",
                "_t": "09:38:45",
                "_end": "09:41:14",
                "data": {
                    "time": 178.849944
                }
            },
            {
                "time": {
                    "start": "2018-02-05T16:38:45.097Z",
                    "end": "2018-02-05T16:41:15.745Z"
                },
                "type": "SCRUB",
                "source": "data:drag",
                "_t": "09:38:45",
                "_end": "09:41:15",
                "data": {
                    "time": 180.882136
                }
            },
            {
                "time": {
                    "start": "2018-02-05T16:38:45.097Z",
                    "end": "2018-02-05T16:41:16.677Z"
                },
                "type": "SCRUB",
                "source": "data:drag",
                "_t": "09:38:45",
                "_end": "09:41:16",
                "data": {
                    "time": 182.921498
                }
            },
            {
                "time": {
                    "start": "2018-02-05T16:38:45.097Z",
                    "end": "2018-02-05T16:41:17.489Z"
                },
                "type": "SCRUB",
                "source": "data:drag",
                "_t": "09:38:45",
                "_end": "09:41:17",
                "data": {
                    "time": 185.608988
                }
            },
            {
                "time": {
                    "start": "2018-02-05T16:38:45.097Z",
                    "end": "2018-02-05T16:41:18.665Z"
                },
                "type": "SCRUB",
                "source": "data:drag",
                "_t": "09:38:45",
                "_end": "09:41:18",
                "data": {
                    "time": 188.102478
                }
            },
            {
                "time": {
                    "start": "2018-02-05T16:38:45.097Z",
                    "end": "2018-02-05T16:41:19.612Z"
                },
                "type": "SCRUB",
                "source": "data:drag",
                "_t": "09:38:45",
                "_end": "09:41:19",
                "data": {
                    "time": 190.728932
                }
            },
            {
                "time": {
                    "start": "2018-02-05T16:38:45.097Z",
                    "end": "2018-02-05T16:41:20.642Z"
                },
                "type": "SCRUB",
                "source": "data:drag",
                "_t": "09:38:45",
                "_end": "09:41:20",
                "data": {
                    "time": 193.646847
                }
            },
            {
                "time": {
                    "start": "2018-02-05T16:38:45.097Z",
                    "end": "2018-02-05T16:41:21.631Z"
                },
                "type": "SCRUB",
                "source": "data:drag",
                "_t": "09:38:45",
                "_end": "09:41:21",
                "data": {
                    "time": 195.414897
                }
            },
            {
                "time": {
                    "start": "2018-02-05T16:38:45.097Z",
                    "end": "2018-02-05T16:41:22.516Z"
                },
                "type": "SCRUB",
                "source": "data:drag",
                "_t": "09:38:45",
                "_end": "09:41:22",
                "data": {
                    "time": 197.98436
                }
            },
            {
                "time": {
                    "start": "2018-02-05T16:38:45.097Z",
                    "end": "2018-02-05T16:41:23.350Z"
                },
                "type": "SCRUB",
                "source": "data:drag",
                "_t": "09:38:45",
                "_end": "09:41:23",
                "data": {
                    "time": 200.173208
                }
            },
            {
                "time": {
                    "start": "2018-02-05T16:38:45.097Z",
                    "end": "2018-02-05T16:41:24.511Z"
                },
                "type": "SCRUB",
                "source": "data:drag",
                "_t": "09:38:45",
                "_end": "09:41:24",
                "data": {
                    "time": 202.432334
                }
            },
            {
                "time": {
                    "start": "2018-02-05T16:38:45.097Z",
                    "end": "2018-02-05T16:41:25.578Z"
                },
                "type": "SCRUB",
                "source": "data:drag",
                "_t": "09:38:45",
                "_end": "09:41:25",
                "data": {
                    "time": 204.737478
                }
            },
            {
                "time": {
                    "start": "2018-02-05T16:38:45.097Z",
                    "end": "2018-02-05T16:41:26.601Z"
                },
                "type": "SCRUB",
                "source": "data:drag",
                "_t": "09:38:45",
                "_end": "09:41:26",
                "data": {
                    "time": 207.573003
                }
            },
            {
                "time": {
                    "start": "2018-02-05T16:38:45.097Z",
                    "end": "2018-02-05T16:41:27.533Z"
                },
                "type": "SCRUB",
                "source": "data:drag",
                "_t": "09:38:45",
                "_end": "09:41:27",
                "data": {
                    "time": 210.418233
                }
            },
            {
                "time": {
                    "start": "2018-02-05T16:38:45.097Z",
                    "end": "2018-02-05T16:41:28.621Z"
                },
                "type": "SCRUB",
                "source": "data:drag",
                "_t": "09:38:45",
                "_end": "09:41:28",
                "data": {
                    "time": 212.118404
                }
            },
            {
                "time": {
                    "start": "2018-02-05T16:38:45.097Z",
                    "end": "2018-02-05T16:41:29.418Z"
                },
                "type": "SCRUB",
                "source": "data:drag",
                "_t": "09:38:45",
                "_end": "09:41:29",
                "data": {
                    "time": 214.489577
                }
            },
            {
                "time": {
                    "start": "2018-02-05T16:38:45.097Z",
                    "end": "2018-02-05T16:41:30.706Z"
                },
                "type": "SCRUB",
                "source": "data:drag",
                "_t": "09:38:45",
                "_end": "09:41:30",
                "data": {
                    "time": 217.606892
                }
            },
            {
                "time": {
                    "start": "2018-02-05T16:38:45.097Z",
                    "end": "2018-02-05T16:41:31.565Z"
                },
                "type": "SCRUB",
                "source": "data:drag",
                "_t": "09:38:45",
                "_end": "09:41:31",
                "data": {
                    "time": 219.639394
                }
            },
            {
                "time": {
                    "start": "2018-02-05T16:38:45.097Z",
                    "end": "2018-02-05T16:41:32.437Z"
                },
                "type": "SCRUB",
                "source": "data:drag",
                "_t": "09:38:45",
                "_end": "09:41:32",
                "data": {
                    "time": 221.824417
                }
            },
            {
                "time": {
                    "start": "2018-02-05T16:38:45.097Z",
                    "end": "2018-02-05T16:41:33.267Z"
                },
                "type": "SCRUB",
                "source": "data:drag",
                "_t": "09:38:45",
                "_end": "09:41:33",
                "data": {
                    "time": 224.341061
                }
            },
            {
                "time": {
                    "start": "2018-02-05T16:38:45.097Z",
                    "end": "2018-02-05T16:41:34.325Z"
                },
                "type": "SCRUB",
                "source": "data:drag",
                "_t": "09:38:45",
                "_end": "09:41:34",
                "data": {
                    "time": 226.381857
                }
            },
            {
                "time": {
                    "start": "2018-02-05T16:38:45.097Z",
                    "end": "2018-02-05T16:41:35.993Z"
                },
                "type": "SCRUB",
                "source": "data:drag",
                "_t": "09:38:45",
                "_end": "09:41:35",
                "data": {
                    "time": 228.817832
                }
            },
            {
                "time": {
                    "start": "2018-02-05T16:38:45.097Z",
                    "end": "2018-02-05T16:41:37.051Z"
                },
                "type": "SCRUB",
                "source": "data:drag",
                "_t": "09:38:45",
                "_end": "09:41:37",
                "data": {
                    "time": 230.405933
                }
            },
            {
                "time": {
                    "start": "2018-02-05T16:38:45.097Z",
                    "end": "2018-02-05T16:41:37.998Z"
                },
                "type": "SCRUB",
                "source": "data:drag",
                "_t": "09:38:45",
                "_end": "09:41:37",
                "data": {
                    "time": 232.451382
                }
            },
            {
                "time": {
                    "start": "2018-02-05T16:38:45.097Z",
                    "end": "2018-02-05T16:41:38.874Z"
                },
                "type": "SCRUB",
                "source": "data:drag",
                "_t": "09:38:45",
                "_end": "09:41:38",
                "data": {
                    "time": 235.160949
                }
            },
            {
                "time": {
                    "start": "2018-02-05T16:38:45.097Z",
                    "end": "2018-02-05T16:41:39.906Z"
                },
                "type": "SCRUB",
                "source": "data:drag",
                "_t": "09:38:45",
                "_end": "09:41:39",
                "data": {
                    "time": 236.870671
                }
            },
            {
                "time": {
                    "start": "2018-02-05T16:38:45.097Z",
                    "end": "2018-02-05T16:41:41.049Z"
                },
                "type": "SCRUB",
                "source": "data:drag",
                "_t": "09:38:45",
                "_end": "09:41:41",
                "data": {
                    "time": 239.684905
                }
            },
            {
                "time": {
                    "start": "2018-02-05T16:38:45.097Z",
                    "end": "2018-02-05T16:41:42.133Z"
                },
                "type": "SCRUB",
                "source": "data:drag",
                "_t": "09:38:45",
                "_end": "09:41:42",
                "data": {
                    "time": 243.299962
                }
            },
            {
                "time": {
                    "start": "2018-02-05T16:38:45.097Z",
                    "end": "2018-02-05T16:41:43.192Z"
                },
                "type": "SCRUB",
                "source": "data:drag",
                "_t": "09:38:45",
                "_end": "09:41:43",
                "data": {
                    "time": 246.930992
                }
            },
            {
                "time": {
                    "start": "2018-02-05T16:38:45.097Z",
                    "end": "2018-02-05T16:41:44.126Z"
                },
                "type": "SCRUB",
                "source": "data:drag",
                "_t": "09:38:45",
                "_end": "09:41:44",
                "data": {
                    "time": 249.640995
                }
            },
            {
                "time": {
                    "start": "2018-02-05T16:38:45.097Z",
                    "end": "2018-02-05T16:41:45.133Z"
                },
                "type": "SCRUB",
                "source": "data:drag",
                "_t": "09:38:45",
                "_end": "09:41:45",
                "data": {
                    "time": 253.582169
                }
            },
            {
                "time": {
                    "start": "2018-02-05T16:38:45.097Z",
                    "end": "2018-02-05T16:41:46.061Z"
                },
                "type": "SCRUB",
                "source": "data:drag",
                "_t": "09:38:45",
                "_end": "09:41:46",
                "data": {
                    "time": 257.746332
                }
            }
        ]
    }
}