{
    "user_id": "049",
    "session_id": "5a789de3ee2b1975ba835b9c",
    "study": "studyD",
    "workspace": "newrun.run-thurs-six-finally",
    "details": {
        "workspace": "newrun.run-thurs-six-finally",
        "labels": [
            {
                "time": 23.36665899999999,
                "endTime": 27.137317492975882,
                "type": "run",
                "id": 1
            },
            {
                "time": 47.949959,
                "endTime": 55.917294,
                "type": "skip",
                "id": 2
            },
            {
                "time": 4.797526950189599,
                "endTime": 6.805355950189597,
                "type": "skip",
                "id": 3
            },
            {
                "time": 382.787043,
                "endTime": 386.374635,
                "type": "run",
                "id": 4
            }
        ],
        "_starts": [
            "2018-02-05T18:34:20.000Z"
        ],
        "_ends": [
            "2018-02-05T18:37:32.031Z"
        ]
    },
    "labels_file": "/home/ubuntu/vat/data/user-studies/studyD/run-yellow/049.labels.json",
    "videoFlash": 3.918989,
    "surveys": {
        "user-info": {
            "firstname": "Rebekah",
            "lastname": "Day",
            "email": "rebekahday@gmail.com"
        },
        "practice-first": {
            "question1": "3",
            "question2": "ok",
            "question3": "30",
            "question4": "4"
        },
        "practice-second": {},
        "practice-third": {},
        "practice-survey": {},
        "pill-blue": {
            "question1": "5",
            "question2": "4",
            "question3": "100",
            "question4": "90"
        },
        "pill-red": {
            "question1": "4",
            "question2": "4",
            "question3": "50",
            "question4": "90"
        },
        "pill-orange": {
            "question1": "3",
            "question2": "3",
            "question3": "80",
            "question4": "70"
        },
        "pills-survey": {
            "question1": "5",
            "question2": "4",
            "question3": "4",
            "question4": "4"
        },
        "run-blue": {
            "question1": "5",
            "question2": "5",
            "question3": "100",
            "question4": "90"
        }
    },
    "logs": {
        "labelEvents": [
            {
                "time": "2018-02-05T18:34:41.325Z",
                "type": "START",
                "source": "side-bar:button",
                "_t": "11:34:41",
                "_end": "-",
                "data": {
                    "type": "run",
                    "time": 23.366659
                }
            },
            {
                "time": "2018-02-05T18:34:43.542Z",
                "type": "END",
                "source": "data:click:h_pos",
                "_t": "11:34:43",
                "_end": "-",
                "data": {
                    "lbl": {
                        "time": 23.36665899999999,
                        "endTime": 27.137317492975882,
                        "type": "run",
                        "id": 1
                    }
                }
            },
            {
                "time": "2018-02-05T18:34:53.910Z",
                "type": "SELECT",
                "source": "data:click",
                "_t": "11:34:53",
                "_end": "-",
                "data": {
                    "time": 23.36665899999999,
                    "endTime": 27.137317492975882,
                    "type": "run",
                    "id": 1
                }
            },
            {
                "time": {
                    "start": "2018-02-05T18:34:55.205Z",
                    "end": "2018-02-05T18:34:58.982Z"
                },
                "type": "RESIZE",
                "source": "data:brush",
                "_t": "11:34:55",
                "_end": "11:34:58",
                "data": {
                    "brushing": true,
                    "origin": [
                        23.366659,
                        32.03053843805909
                    ],
                    "_brushside": 1,
                    "start": "2018-02-05T18:34:55.205Z",
                    "ε": 0.1,
                    "mode": "resize"
                }
            },
            {
                "time": "2018-02-05T18:35:00.783Z",
                "type": "DESELECT",
                "source": "data:click",
                "_t": "11:35:00",
                "_end": "-",
                "data": {
                    "time": 23.36665899999999,
                    "endTime": 27.137317492975882,
                    "type": "run",
                    "id": 1
                }
            },
            {
                "time": "2018-02-05T18:35:01.518Z",
                "type": "SELECT",
                "source": "data:click",
                "_t": "11:35:01",
                "_end": "-",
                "data": {
                    "time": 23.36665899999999,
                    "endTime": 27.137317492975882,
                    "type": "run",
                    "id": 1
                }
            },
            {
                "time": "2018-02-05T18:35:13.917Z",
                "type": "START",
                "source": "side-bar:button",
                "_t": "11:35:13",
                "_end": "-",
                "data": {
                    "type": "skip",
                    "time": 47.949959
                }
            },
            {
                "time": "2018-02-05T18:35:26.509Z",
                "type": "START",
                "source": "side-bar:button",
                "_t": "11:35:26",
                "_end": "-",
                "data": {
                    "type": "skip",
                    "time": 55.917294
                }
            },
            {
                "time": "2018-02-05T18:35:32.653Z",
                "type": "END",
                "source": "side-bar:button:ctb",
                "_t": "11:35:32",
                "_end": "-",
                "data": {
                    "lbl": {
                        "time": 4.797526950189599,
                        "endTime": 6.805355950189597,
                        "type": "skip",
                        "id": 3
                    }
                }
            },
            {
                "time": "2018-02-05T18:35:34.016Z",
                "type": "SELECT",
                "source": "data:click",
                "_t": "11:35:34",
                "_end": "-",
                "data": {
                    "time": 4.797526950189599,
                    "endTime": 6.805355950189597,
                    "type": "skip",
                    "id": 3
                }
            },
            {
                "time": {
                    "start": "2018-02-05T18:35:34.301Z",
                    "end": "2018-02-05T18:35:35.532Z"
                },
                "type": "MOVE",
                "source": "data:brush",
                "_t": "11:35:34",
                "_end": "11:35:35",
                "data": {
                    "brushing": true,
                    "origin": [
                        55.917294,
                        57.925123
                    ],
                    "start": "2018-02-05T18:35:34.301Z",
                    "ε": 0.1,
                    "mode": "move"
                }
            },
            {
                "time": "2018-02-05T18:37:02.710Z",
                "type": "START",
                "source": "side-bar:button",
                "_t": "11:37:02",
                "_end": "-",
                "data": {
                    "type": "run",
                    "time": 382.787043
                }
            },
            {
                "time": "2018-02-05T18:37:10.407Z",
                "type": "END",
                "source": "side-bar:button:ctb",
                "_t": "11:37:10",
                "_end": "-",
                "data": {
                    "lbl": {
                        "time": 382.787043,
                        "endTime": 386.374635,
                        "type": "run",
                        "id": 4
                    }
                }
            }
        ],
        "navigationEvents": [
            {
                "time": {
                    "start": "2018-02-05T18:34:20.688Z",
                    "end": "2018-02-05T18:34:38.525Z"
                },
                "type": "SCRUB",
                "source": "data:drag",
                "_t": "11:34:20",
                "_end": "11:34:38",
                "data": {
                    "time": 22.241381
                }
            },
            {
                "time": "2018-02-05T18:34:39.644Z",
                "type": "PAUSE",
                "source": "video:button",
                "_t": "11:34:39",
                "_end": "-"
            },
            {
                "time": {
                    "start": "2018-02-05T18:34:20.688Z",
                    "end": "2018-02-05T18:34:43.540Z"
                },
                "type": "SCRUB",
                "source": "data:drag",
                "_t": "11:34:20",
                "_end": "11:34:43",
                "data": {
                    "time": 23.366659
                }
            },
            {
                "time": "2018-02-05T18:34:44.572Z",
                "type": "PLAY",
                "source": "video:button",
                "_t": "11:34:44",
                "_end": "-"
            },
            {
                "time": {
                    "start": "2018-02-05T18:34:20.688Z",
                    "end": "2018-02-05T18:34:51.493Z"
                },
                "type": "SCRUB",
                "source": "data:drag",
                "_t": "11:34:20",
                "_end": "11:34:51",
                "data": {
                    "time": 26.150696
                }
            },
            {
                "time": "2018-02-05T18:34:52.919Z",
                "type": "PAUSE",
                "source": "video:button",
                "_t": "11:34:52",
                "_end": "-"
            },
            {
                "time": {
                    "start": "2018-02-05T18:34:20.688Z",
                    "end": "2018-02-05T18:34:53.909Z"
                },
                "type": "SCRUB",
                "source": "data:drag",
                "_t": "11:34:20",
                "_end": "11:34:53",
                "data": {
                    "time": 27.578511
                }
            },
            {
                "time": {
                    "start": "2018-02-05T18:34:20.688Z",
                    "end": "2018-02-05T18:34:58.990Z"
                },
                "type": "SCRUB",
                "source": "data:drag",
                "_t": "11:34:20",
                "_end": "11:34:58",
                "data": {
                    "time": 27.578511
                }
            },
            {
                "time": "2018-02-05T18:34:59.581Z",
                "type": "PLAY",
                "source": "video:button",
                "_t": "11:34:59",
                "_end": "-"
            },
            {
                "time": {
                    "start": "2018-02-05T18:34:20.688Z",
                    "end": "2018-02-05T18:35:00.782Z"
                },
                "type": "SCRUB",
                "source": "data:drag",
                "_t": "11:34:20",
                "_end": "11:35:00",
                "data": {
                    "time": 28.787032
                }
            },
            {
                "time": {
                    "start": "2018-02-05T18:34:20.688Z",
                    "end": "2018-02-05T18:35:01.517Z"
                },
                "type": "SCRUB",
                "source": "data:drag",
                "_t": "11:34:20",
                "_end": "11:35:01",
                "data": {
                    "time": 29.514653
                }
            },
            {
                "time": {
                    "start": "2018-02-05T18:34:20.688Z",
                    "end": "2018-02-05T18:35:09.178Z"
                },
                "type": "SCRUB",
                "source": "data:drag",
                "_t": "11:34:20",
                "_end": "11:35:09",
                "data": {
                    "time": 47.79953
                }
            },
            {
                "time": "2018-02-05T18:35:10.190Z",
                "type": "PAUSE",
                "source": "video:button",
                "_t": "11:35:10",
                "_end": "-"
            },
            {
                "time": {
                    "start": "2018-02-05T18:34:20.688Z",
                    "end": "2018-02-05T18:35:12.766Z"
                },
                "type": "SCRUB",
                "source": "data:drag",
                "_t": "11:34:20",
                "_end": "11:35:12",
                "data": {
                    "time": 47.949959
                }
            },
            {
                "time": "2018-02-05T18:35:15.158Z",
                "type": "PLAY",
                "source": "video:button",
                "_t": "11:35:15",
                "_end": "-"
            },
            {
                "time": "2018-02-05T18:35:23.191Z",
                "type": "PAUSE",
                "source": "video:button",
                "_t": "11:35:23",
                "_end": "-"
            },
            {
                "time": "2018-02-05T18:35:28.301Z",
                "type": "PLAY",
                "source": "video:button",
                "_t": "11:35:28",
                "_end": "-"
            },
            {
                "time": "2018-02-05T18:35:30.302Z",
                "type": "PAUSE",
                "source": "video:button",
                "_t": "11:35:30",
                "_end": "-"
            },
            {
                "time": {
                    "start": "2018-02-05T18:34:20.688Z",
                    "end": "2018-02-05T18:35:34.013Z"
                },
                "type": "SCRUB",
                "source": "data:drag",
                "_t": "11:34:20",
                "_end": "11:35:34",
                "data": {
                    "time": 57.925123
                }
            },
            {
                "time": {
                    "start": "2018-02-05T18:34:20.688Z",
                    "end": "2018-02-05T18:35:35.541Z"
                },
                "type": "SCRUB",
                "source": "data:drag",
                "_t": "11:34:20",
                "_end": "11:35:35",
                "data": {
                    "time": 57.925123
                }
            },
            {
                "time": "2018-02-05T18:35:36.869Z",
                "type": "PLAY",
                "source": "video:button",
                "_t": "11:35:36",
                "_end": "-"
            },
            {
                "time": {
                    "start": "2018-02-05T18:35:38.438Z",
                    "end": "2018-02-05T18:36:39.245Z"
                },
                "type": "SCRUB",
                "source": "video:drag",
                "_t": "11:35:38",
                "_end": "11:36:39",
                "data": {
                    "to": 340.387463,
                    "from": 59.522122
                }
            },
            {
                "time": {
                    "start": "2018-02-05T18:36:42.610Z",
                    "end": "2018-02-05T18:36:42.701Z"
                },
                "type": "SCRUB",
                "source": "video:drag",
                "_t": "11:36:42",
                "_end": "11:36:42",
                "data": {
                    "to": 353.747381,
                    "from": 343.717304
                }
            },
            {
                "time": {
                    "start": "2018-02-05T18:36:44.232Z",
                    "end": "2018-02-05T18:36:44.309Z"
                },
                "type": "SCRUB",
                "source": "video:drag",
                "_t": "11:36:44",
                "_end": "11:36:44",
                "data": {
                    "to": 365.364701,
                    "from": 355.071832
                }
            },
            {
                "time": {
                    "start": "2018-02-05T18:36:45.592Z",
                    "end": "2018-02-05T18:36:45.669Z"
                },
                "type": "SCRUB",
                "source": "video:drag",
                "_t": "11:36:45",
                "_end": "11:36:45",
                "data": {
                    "to": 379.305484,
                    "from": 366.400917
                }
            },
            {
                "time": "2018-02-05T18:36:51.294Z",
                "type": "PAUSE",
                "source": "video:button",
                "_t": "11:36:51",
                "_end": "-"
            },
            {
                "time": {
                    "start": "2018-02-05T18:36:52.561Z",
                    "end": "2018-02-05T18:36:52.638Z"
                },
                "type": "SCRUB",
                "source": "video:drag",
                "_t": "11:36:52",
                "_end": "11:36:52",
                "data": {
                    "to": 379.305484,
                    "from": 384.8162
                }
            },
            {
                "time": {
                    "start": "2018-02-05T18:36:53.673Z",
                    "end": "2018-02-05T18:36:56.701Z"
                },
                "type": "SCRUB",
                "source": "video:drag",
                "_t": "11:36:53",
                "_end": "11:36:56",
                "data": {
                    "to": 381.048082,
                    "from": 379.305484
                }
            },
            {
                "time": "2018-02-05T18:36:57.743Z",
                "type": "PLAY",
                "source": "video:button",
                "_t": "11:36:57",
                "_end": "-"
            },
            {
                "time": "2018-02-05T18:36:58.742Z",
                "type": "PAUSE",
                "source": "video:button",
                "_t": "11:36:58",
                "_end": "-"
            },
            {
                "time": "2018-02-05T18:36:59.270Z",
                "type": "PLAY",
                "source": "video:button",
                "_t": "11:36:59",
                "_end": "-"
            },
            {
                "time": "2018-02-05T18:36:59.797Z",
                "type": "PAUSE",
                "source": "video:button",
                "_t": "11:36:59",
                "_end": "-"
            },
            {
                "time": "2018-02-05T18:37:01.182Z",
                "type": "PLAY",
                "source": "video:button",
                "_t": "11:37:01",
                "_end": "-"
            },
            {
                "time": "2018-02-05T18:37:01.460Z",
                "type": "PAUSE",
                "source": "video:button",
                "_t": "11:37:01",
                "_end": "-"
            },
            {
                "time": "2018-02-05T18:37:03.686Z",
                "type": "PLAY",
                "source": "video:button",
                "_t": "11:37:03",
                "_end": "-"
            },
            {
                "time": "2018-02-05T18:37:06.856Z",
                "type": "PAUSE",
                "source": "video:button",
                "_t": "11:37:06",
                "_end": "-"
            },
            {
                "time": "2018-02-05T18:37:07.495Z",
                "type": "PLAY",
                "source": "video:button",
                "_t": "11:37:07",
                "_end": "-"
            },
            {
                "time": "2018-02-05T18:37:07.871Z",
                "type": "PAUSE",
                "source": "video:button",
                "_t": "11:37:07",
                "_end": "-"
            },
            {
                "time": "2018-02-05T18:37:11.343Z",
                "type": "PLAY",
                "source": "video:button",
                "_t": "11:37:11",
                "_end": "-"
            },
            {
                "time": {
                    "start": "2018-02-05T18:37:14.457Z",
                    "end": "2018-02-05T18:37:14.518Z"
                },
                "type": "SCRUB",
                "source": "video:drag",
                "_t": "11:37:14",
                "_end": "11:37:14",
                "data": {
                    "to": 401.959257,
                    "from": 389.478527
                }
            },
            {
                "time": {
                    "start": "2018-02-05T18:37:15.868Z",
                    "end": "2018-02-05T18:37:15.941Z"
                },
                "type": "SCRUB",
                "source": "video:drag",
                "_t": "11:37:15",
                "_end": "11:37:15",
                "data": {
                    "to": 420.546969,
                    "from": 403.087357
                }
            },
            {
                "time": {
                    "start": "2018-02-05T18:37:17.874Z",
                    "end": "2018-02-05T18:37:17.934Z"
                },
                "type": "SCRUB",
                "source": "video:drag",
                "_t": "11:37:17",
                "_end": "11:37:17",
                "data": {
                    "to": 449.590268,
                    "from": 422.2823
                }
            },
            {
                "time": {
                    "start": "2018-02-05T18:37:19.569Z",
                    "end": "2018-02-05T18:37:19.639Z"
                },
                "type": "SCRUB",
                "source": "video:drag",
                "_t": "11:37:19",
                "_end": "11:37:19",
                "data": {
                    "to": 472.244041,
                    "from": 451.005411
                }
            },
            {
                "time": {
                    "start": "2018-02-05T18:37:23.025Z",
                    "end": "2018-02-05T18:37:23.109Z"
                },
                "type": "SCRUB",
                "source": "video:drag",
                "_t": "11:37:23",
                "_end": "11:37:23",
                "data": {
                    "to": 503.029938,
                    "from": 475.554604
                }
            },
            {
                "time": {
                    "start": "2018-02-05T18:37:25.722Z",
                    "end": "2018-02-05T18:37:25.768Z"
                },
                "type": "SCRUB",
                "source": "video:drag",
                "_t": "11:37:25",
                "_end": "11:37:25",
                "data": {
                    "to": 529.749773,
                    "from": 505.532858
                }
            },
            {
                "time": "2018-02-05T18:37:27.399Z",
                "type": "PAUSE",
                "source": "video:button",
                "_t": "11:37:27",
                "_end": "-"
            },
            {
                "time": {
                    "start": "2018-02-05T18:37:28.466Z",
                    "end": "2018-02-05T18:37:28.918Z"
                },
                "type": "SCRUB",
                "source": "video:drag",
                "_t": "11:37:28",
                "_end": "11:37:28",
                "data": {
                    "to": 530.911505,
                    "from": 531.287772
                }
            }
        ]
    }
}