{
    "user_id": "056",
    "session_id": "5a78ba3dee2b1975ba835bd5",
    "study": "studyD",
    "workspace": "newrun.run-thurs-six-finally",
    "details": {
        "workspace": "newrun.run-thurs-six-finally",
        "labels": [
            {
                "time": 22.920700000000096,
                "endTime": 26.450242577487767,
                "type": "run",
                "id": 1
            },
            {
                "time": 48.517156,
                "endTime": 56.264560486133774,
                "type": "skip",
                "id": 2
            }
        ],
        "_starts": [
            "2018-02-05T20:34:04.000Z"
        ],
        "_ends": [
            "2018-02-05T20:37:15.337Z"
        ]
    },
    "labels_file": "/home/ubuntu/vat/data/user-studies/studyD/run-yellow/056.labels.json",
    "videoFlash": 3.918989,
    "surveys": {
        "user-info": {
            "firstname": "Justin",
            "lastname": "Egbert",
            "email": "Jegber@gmail.com"
        },
        "practice-first": {
            "question1": "5",
            "question2": "ok",
            "question3": "100",
            "question4": "5"
        },
        "practice-second": {},
        "practice-third": {},
        "practice-survey": {},
        "pill-blue": {
            "question1": "5",
            "question2": "5",
            "question3": "90",
            "question4": "100"
        },
        "pill-red": {
            "question1": "1",
            "question2": "3",
            "question3": "10",
            "question4": "100"
        },
        "pill-orange": {
            "question1": "4",
            "question2": "4",
            "question3": "100",
            "question4": "100"
        },
        "pills-survey": {
            "question1": "5",
            "question2": "2",
            "question3": "5",
            "question4": "5"
        },
        "run-blue": {
            "question1": "5",
            "question2": "5",
            "question3": "100",
            "question4": "100"
        }
    },
    "logs": {
        "labelEvents": [
            {
                "time": "2018-02-05T20:34:42.872Z",
                "type": "START",
                "source": "side-bar:button",
                "_t": "13:34:42",
                "_end": "-",
                "data": {
                    "type": "run",
                    "time": 22.9207
                }
            },
            {
                "time": "2018-02-05T20:34:47.376Z",
                "type": "END",
                "source": "hotkey:h_pos",
                "_t": "13:34:47",
                "_end": "-",
                "data": {
                    "lbl": {
                        "time": 22.920700000000096,
                        "endTime": 26.450242577487767,
                        "type": "run",
                        "id": 1
                    },
                    "key": "enter"
                }
            },
            {
                "time": "2018-02-05T20:34:55.387Z",
                "type": "SELECT",
                "source": "data:click",
                "_t": "13:34:55",
                "_end": "-",
                "data": {
                    "time": 22.920700000000096,
                    "endTime": 26.450242577487767,
                    "type": "run",
                    "id": 1
                }
            },
            {
                "time": {
                    "start": "2018-02-05T20:34:56.601Z",
                    "end": "2018-02-05T20:34:57.905Z"
                },
                "type": "RESIZE",
                "source": "data:brush",
                "_t": "13:34:56",
                "_end": "13:34:57",
                "data": {
                    "brushing": true,
                    "origin": [
                        22.9207,
                        24.0236820554649
                    ],
                    "_brushside": 1,
                    "start": "2018-02-05T20:34:56.601Z",
                    "ε": 0.1,
                    "mode": "resize"
                }
            },
            {
                "time": "2018-02-05T20:35:16.977Z",
                "type": "START",
                "source": "hotkey",
                "_t": "13:35:16",
                "_end": "-",
                "data": {
                    "type": "skip",
                    "time": 48.517156
                }
            },
            {
                "time": "2018-02-05T20:35:24.619Z",
                "type": "END",
                "source": "data:click:h_pos",
                "_t": "13:35:24",
                "_end": "-",
                "data": {
                    "lbl": {
                        "time": 48.517156,
                        "endTime": 56.264560486133774,
                        "type": "skip",
                        "id": 2
                    }
                }
            }
        ],
        "navigationEvents": [
            {
                "time": "2018-02-05T20:34:18.369Z",
                "type": "PLAY",
                "source": "hotkey",
                "_t": "13:34:18",
                "_end": "-",
                "data": {
                    "key": "space"
                }
            },
            {
                "time": {
                    "start": "2018-02-05T20:34:04.810Z",
                    "end": "2018-02-05T20:34:23.383Z"
                },
                "type": "SCRUB",
                "source": "data:drag",
                "_t": "13:34:04",
                "_end": "13:34:23",
                "data": {
                    "time": 8.932868
                }
            },
            {
                "time": {
                    "start": "2018-02-05T20:34:04.810Z",
                    "end": "2018-02-05T20:34:29.487Z"
                },
                "type": "SCRUB",
                "source": "data:drag",
                "_t": "13:34:04",
                "_end": "13:34:29",
                "data": {
                    "time": 18.248136
                }
            },
            {
                "time": "2018-02-05T20:34:29.952Z",
                "type": "PAUSE",
                "source": "hotkey",
                "_t": "13:34:29",
                "_end": "-",
                "data": {
                    "key": "space"
                }
            },
            {
                "time": "2018-02-05T20:34:30.496Z",
                "type": "PLAY",
                "source": "hotkey",
                "_t": "13:34:30",
                "_end": "-",
                "data": {
                    "key": "space"
                }
            },
            {
                "time": "2018-02-05T20:34:33.328Z",
                "type": "CHANGE-PLAYBACK-RATE",
                "source": "video:menu",
                "_t": "13:34:33",
                "_end": "-",
                "data": {
                    "oldRate": 1,
                    "newRate": 2
                }
            },
            {
                "time": "2018-02-05T20:34:34.866Z",
                "type": "PAUSE",
                "source": "hotkey",
                "_t": "13:34:34",
                "_end": "-",
                "data": {
                    "key": "space"
                }
            },
            {
                "time": {
                    "start": "2018-02-05T20:34:04.810Z",
                    "end": "2018-02-05T20:34:36.104Z"
                },
                "type": "SCRUB",
                "source": "data:drag",
                "_t": "13:34:04",
                "_end": "13:34:36",
                "data": {
                    "time": 22.854161
                }
            },
            {
                "time": "2018-02-05T20:34:38.545Z",
                "type": "PLAY",
                "source": "hotkey",
                "_t": "13:34:38",
                "_end": "-",
                "data": {
                    "key": "space"
                }
            },
            {
                "time": "2018-02-05T20:34:38.945Z",
                "type": "PAUSE",
                "source": "hotkey",
                "_t": "13:34:38",
                "_end": "-",
                "data": {
                    "key": "space"
                }
            },
            {
                "time": {
                    "start": "2018-02-05T20:34:04.810Z",
                    "end": "2018-02-05T20:34:41.842Z"
                },
                "type": "SCRUB",
                "source": "data:drag",
                "_t": "13:34:04",
                "_end": "13:34:41",
                "data": {
                    "time": 22.9207
                }
            },
            {
                "time": "2018-02-05T20:34:44.273Z",
                "type": "PLAY",
                "source": "hotkey",
                "_t": "13:34:44",
                "_end": "-",
                "data": {
                    "key": "space"
                }
            },
            {
                "time": "2018-02-05T20:34:45.808Z",
                "type": "PAUSE",
                "source": "hotkey",
                "_t": "13:34:45",
                "_end": "-",
                "data": {
                    "key": "space"
                }
            },
            {
                "time": "2018-02-05T20:34:46.241Z",
                "type": "PLAY",
                "source": "hotkey",
                "_t": "13:34:46",
                "_end": "-",
                "data": {
                    "key": "space"
                }
            },
            {
                "time": "2018-02-05T20:34:46.531Z",
                "type": "PAUSE",
                "source": "hotkey",
                "_t": "13:34:46",
                "_end": "-",
                "data": {
                    "key": "space"
                }
            },
            {
                "time": "2018-02-05T20:34:47.937Z",
                "type": "PLAY",
                "source": "hotkey",
                "_t": "13:34:47",
                "_end": "-",
                "data": {
                    "key": "space"
                }
            },
            {
                "time": "2018-02-05T20:34:49.460Z",
                "type": "PAUSE",
                "source": "hotkey",
                "_t": "13:34:49",
                "_end": "-",
                "data": {
                    "key": "space"
                }
            },
            {
                "time": "2018-02-05T20:34:52.705Z",
                "type": "SKIP",
                "source": "hotkey",
                "_t": "13:34:52",
                "_end": "-",
                "data": {
                    "t": 29.4965,
                    "Δt": -1,
                    "key": "left"
                }
            },
            {
                "time": "2018-02-05T20:34:52.879Z",
                "type": "SKIP",
                "source": "hotkey",
                "_t": "13:34:52",
                "_end": "-",
                "data": {
                    "t": 28.4965,
                    "Δt": -1,
                    "key": "left"
                }
            },
            {
                "time": "2018-02-05T20:34:53.024Z",
                "type": "SKIP",
                "source": "hotkey",
                "_t": "13:34:53",
                "_end": "-",
                "data": {
                    "t": 27.4965,
                    "Δt": -1,
                    "key": "left"
                }
            },
            {
                "time": {
                    "start": "2018-02-05T20:34:04.810Z",
                    "end": "2018-02-05T20:34:54.391Z"
                },
                "type": "SCRUB",
                "source": "data:drag",
                "_t": "13:34:04",
                "_end": "13:34:54",
                "data": {
                    "time": 26.551649
                }
            },
            {
                "time": {
                    "start": "2018-02-05T20:34:04.810Z",
                    "end": "2018-02-05T20:34:55.385Z"
                },
                "type": "SCRUB",
                "source": "data:drag",
                "_t": "13:34:04",
                "_end": "13:34:55",
                "data": {
                    "time": 26.551649
                }
            },
            {
                "time": {
                    "start": "2018-02-05T20:34:04.810Z",
                    "end": "2018-02-05T20:34:57.913Z"
                },
                "type": "SCRUB",
                "source": "data:drag",
                "_t": "13:34:04",
                "_end": "13:34:57",
                "data": {
                    "time": 26.551649
                }
            },
            {
                "time": "2018-02-05T20:34:58.785Z",
                "type": "PLAY",
                "source": "hotkey",
                "_t": "13:34:58",
                "_end": "-",
                "data": {
                    "key": "space"
                }
            },
            {
                "time": "2018-02-05T20:35:10.595Z",
                "type": "PAUSE",
                "source": "hotkey",
                "_t": "13:35:10",
                "_end": "-",
                "data": {
                    "key": "space"
                }
            },
            {
                "time": {
                    "start": "2018-02-05T20:34:04.810Z",
                    "end": "2018-02-05T20:35:12.003Z"
                },
                "type": "SCRUB",
                "source": "data:drag",
                "_t": "13:34:04",
                "_end": "13:35:12",
                "data": {
                    "time": 44.898723
                }
            },
            {
                "time": "2018-02-05T20:35:12.753Z",
                "type": "PLAY",
                "source": "hotkey",
                "_t": "13:35:12",
                "_end": "-",
                "data": {
                    "key": "space"
                }
            },
            {
                "time": "2018-02-05T20:35:14.625Z",
                "type": "PAUSE",
                "source": "hotkey",
                "_t": "13:35:14",
                "_end": "-",
                "data": {
                    "key": "space"
                }
            },
            {
                "time": "2018-02-05T20:35:17.825Z",
                "type": "PLAY",
                "source": "hotkey",
                "_t": "13:35:17",
                "_end": "-",
                "data": {
                    "key": "space"
                }
            },
            {
                "time": "2018-02-05T20:35:21.810Z",
                "type": "PAUSE",
                "source": "hotkey",
                "_t": "13:35:21",
                "_end": "-",
                "data": {
                    "key": "space"
                }
            },
            {
                "time": {
                    "start": "2018-02-05T20:34:04.810Z",
                    "end": "2018-02-05T20:35:24.617Z"
                },
                "type": "SCRUB",
                "source": "data:drag",
                "_t": "13:34:04",
                "_end": "13:35:24",
                "data": {
                    "time": 56.540306
                }
            },
            {
                "time": "2018-02-05T20:35:25.025Z",
                "type": "PLAY",
                "source": "hotkey",
                "_t": "13:35:25",
                "_end": "-",
                "data": {
                    "key": "space"
                }
            }
        ]
    }
}