002,studyA,pill-blue,has-both-task,"What percentage of events you annotated fell within the window of error, do you think?",70,question4,likertPercentage
002,studyA,pill-blue,has-both-task,What percentage of the video do you think you were you able to annotate?,80,question3,likertPercentage
002,studyA,pill-blue,has-both-task,"When I looked at the data, I was able to recognize WHAT event was occurring",2,question2,likert
002,studyA,pill-blue,has-both-task,"When I looked at the data, I was able to recognize WHEN an event occurred. ",4,question1,likert
002,studyA,pill-orange,no-data-task,I was satisfied having only video for this task.,4,question1,likert
002,studyA,pill-orange,no-data-task,"What percentage of events you annotated fell within the window of error, do you think?",70,question4,likertPercentage
002,studyA,pill-orange,no-data-task,What percentage of the video do you think you were able to annotate?,100,question3,likertPercentage
002,studyA,pill-orange,no-data-task,"With the experience that I have, I am able to sketch a rough graph (either accelerometer, gyroscope, OR both) for each of the events that were portr$",4,question2,likert
002,studyA,pill-red,no-video-task,I was satisfied having only data for this task. ,2,question1,likert
002,studyA,pill-red,no-video-task,"What percentage of events you annotated fell within the window of error, do you think?",50,question4,likertPercentage
002,studyA,pill-red,no-video-task,What percentage of the video do you think you were able to annotate? ,80,question3,likertPercentage
002,studyA,pill-red,no-video-task,"When I look at the graph of either accelerometer or gyroscope data or both, I can tell what event would be happening if there was video.",4,question2,likert
002,studyA,pills-survey,survey,"After annotating for several rounds, how essential would it be to have data?",-1,question4,likertTime
002,studyA,pills-survey,survey,"After annotating for several rounds, how essential would it be to have video?",-1,question2,likertTime
002,studyA,pills-survey,survey,"If you were asked to provide annotations for a new project, how essential would it be to have data for the first round? ",2,question3,likertTime
002,studyA,pills-survey,survey,"If you were asked to provide annotations for a new project, how essential would it be to have video for the first round?",2,question1,likertTime
002,studyA,run-blue,has-both-task,"What percentage of events you annotated fell within the window of error, do you think?",20,question4,likertPercentage
002,studyA,run-blue,has-both-task,What percentage of the video do you think you were you able to annotate?,30,question3,likertPercentage
002,studyA,run-blue,has-both-task,"When I looked at the data, I was able to recognize WHAT event was occurring",2,question2,likert
002,studyA,run-blue,has-both-task,"When I looked at the data, I was able to recognize WHEN an event occurred. ",4,question1,likert
002,studyA,run-red,no-data-task,I was satisfied having only video for this task.,2,question1,likert
002,studyA,run-red,no-data-task,"What percentage of events you annotated fell within the window of error, do you think?",50,question4,likertPercentage
002,studyA,run-red,no-data-task,What percentage of the video do you think you were able to annotate?,70,question3,likertPercentage
002,studyA,run-red,no-data-task,"With the experience that I have, I am able to sketch a rough graph (either accelerometer, gyroscope, OR both) for each of the events that were portr$",2,question2,likert
002,studyA,run-survey,survey,"After annotating for several rounds, how essential would it be to have data?",1,question4,likertTime
002,studyA,run-survey,survey,"After annotating for several rounds, how essential would it be to have video?",1,question2,likertTime
002,studyA,run-survey,survey,"If you were asked to provide annotations for a new project, how essential would it be to have data for the first round? ",2,question3,likertTime
002,studyA,run-survey,survey,"If you were asked to provide annotations for a new project, how essential would it be to have video for the first round?",2,question1,likertTime
002,studyA,run-yellow,no-video-task,I was satisfied having only data for this task. ,2,question1,likert
002,studyA,run-yellow,no-video-task,"What percentage of events you annotated fell within the window of error, do you think?",50,question4,likertPercentage
002,studyA,run-yellow,no-video-task,What percentage of the video do you think you were able to annotate? ,90,question3,likertPercentage
002,studyA,run-yellow,no-video-task,"When I look at the graph of either accelerometer or gyroscope data or both, I can tell what event would be happening if there was video.",4,question2,likert
007,studyA,pill-blue,has-both-task,"What percentage of events you annotated fell within the window of error, do you think?",100,question4,likertPercentage
007,studyA,pill-blue,has-both-task,What percentage of the video do you think you were you able to annotate?,100,question3,likertPercentage
007,studyA,pill-blue,has-both-task,"When I looked at the data, I was able to recognize WHAT event was occurring",2,question2,likert
007,studyA,pill-blue,has-both-task,"When I looked at the data, I was able to recognize WHEN an event occurred. ",5,question1,likert
007,studyA,pill-orange,no-data-task,I was satisfied having only video for this task.,4,question1,likert
007,studyA,pill-orange,no-data-task,"What percentage of events you annotated fell within the window of error, do you think?",100,question4,likertPercentage
007,studyA,pill-orange,no-data-task,What percentage of the video do you think you were able to annotate?,70,question3,likertPercentage
007,studyA,pill-orange,no-data-task,"With the experience that I have, I am able to sketch a rough graph (either accelerometer, gyroscope, OR both) for each of the events that were portr$",5,question2,likert
007,studyA,pill-red,no-video-task,I was satisfied having only data for this task. ,1,question1,likert
007,studyA,pill-red,no-video-task,"What percentage of events you annotated fell within the window of error, do you think?",50,question4,likertPercentage
007,studyA,pill-red,no-video-task,What percentage of the video do you think you were able to annotate? ,100,question3,likertPercentage
007,studyA,pill-red,no-video-task,"When I look at the graph of either accelerometer or gyroscope data or both, I can tell what event would be happening if there was video.",2,question2,likert
007,studyA,pills-survey,survey,"After annotating for several rounds, how essential would it be to have data?",-2,question4,likertTime
007,studyA,pills-survey,survey,"After annotating for several rounds, how essential would it be to have video?",1,question2,likertTime
007,studyA,pills-survey,survey,"If you were asked to provide annotations for a new project, how essential would it be to have data for the first round? ",2,question3,likertTime
007,studyA,pills-survey,survey,"If you were asked to provide annotations for a new project, how essential would it be to have video for the first round?",2,question1,likertTime
007,studyA,run-blue,has-both-task,"What percentage of events you annotated fell within the window of error, do you think?",90,question4,likertPercentage
007,studyA,run-blue,has-both-task,What percentage of the video do you think you were you able to annotate?,100,question3,likertPercentage
007,studyA,run-blue,has-both-task,"When I looked at the data, I was able to recognize WHAT event was occurring",5,question2,likert
007,studyA,run-blue,has-both-task,"When I looked at the data, I was able to recognize WHEN an event occurred. ",5,question1,likert
007,studyA,run-red,no-data-task,I was satisfied having only video for this task.,1,question1,likert
007,studyA,run-red,no-data-task,"What percentage of events you annotated fell within the window of error, do you think?",90,question4,likertPercentage
007,studyA,run-red,no-data-task,What percentage of the video do you think you were able to annotate?,60,question3,likertPercentage
007,studyA,run-red,no-data-task,"With the experience that I have, I am able to sketch a rough graph (either accelerometer, gyroscope, OR both) for each of the events that were portr$",4,question2,likert
007,studyA,run-survey,survey,"After annotating for several rounds, how essential would it be to have data?",2,question4,likertTime
007,studyA,run-survey,survey,"After annotating for several rounds, how essential would it be to have video?",-2,question2,likertTime
007,studyA,run-survey,survey,"If you were asked to provide annotations for a new project, how essential would it be to have data for the first round? ",2,question3,likertTime
007,studyA,run-survey,survey,"If you were asked to provide annotations for a new project, how essential would it be to have video for the first round?",2,question1,likertTime
007,studyA,run-yellow,no-video-task,I was satisfied having only data for this task. ,4,question1,likert
007,studyA,run-yellow,no-video-task,"What percentage of events you annotated fell within the window of error, do you think?",70,question4,likertPercentage
007,studyA,run-yellow,no-video-task,What percentage of the video do you think you were able to annotate? ,100,question3,likertPercentage
007,studyA,run-yellow,no-video-task,"When I look at the graph of either accelerometer or gyroscope data or both, I can tell what event would be happening if there was video.",4,question2,likert
011,studyA,pill-blue,has-both-task,"What percentage of events you annotated fell within the window of error, do you think?",100,question4,likertPercentage
011,studyA,pill-blue,has-both-task,What percentage of the video do you think you were you able to annotate?,100,question3,likertPercentage
011,studyA,pill-blue,has-both-task,"When I looked at the data, I was able to recognize WHAT event was occurring",5,question2,likert
011,studyA,pill-blue,has-both-task,"When I looked at the data, I was able to recognize WHEN an event occurred. ",5,question1,likert
011,studyA,pill-orange,no-data-task,I was satisfied having only video for this task.,4,question1,likert
011,studyA,pill-orange,no-data-task,"What percentage of events you annotated fell within the window of error, do you think?",80,question4,likertPercentage
011,studyA,pill-orange,no-data-task,What percentage of the video do you think you were able to annotate?,100,question3,likertPercentage
011,studyA,pill-orange,no-data-task,"With the experience that I have, I am able to sketch a rough graph (either accelerometer, gyroscope, OR both) for each of the events that were portr$",4,question2,likert
011,studyA,pill-red,no-video-task,I was satisfied having only data for this task. ,5,question1,likert
011,studyA,pill-red,no-video-task,"What percentage of events you annotated fell within the window of error, do you think?",100,question4,likertPercentage
011,studyA,pill-red,no-video-task,What percentage of the video do you think you were able to annotate? ,100,question3,likertPercentage
011,studyA,pill-red,no-video-task,"When I look at the graph of either accelerometer or gyroscope data or both, I can tell what event would be happening if there was video.",5,question2,likert
011,studyA,pills-survey,survey,"After annotating for several rounds, how essential would it be to have data?",1,question4,likertTime
011,studyA,pills-survey,survey,"After annotating for several rounds, how essential would it be to have video?",-1,question2,likertTime
011,studyA,pills-survey,survey,"If you were asked to provide annotations for a new project, how essential would it be to have data for the first round? ",2,question3,likertTime
011,studyA,pills-survey,survey,"If you were asked to provide annotations for a new project, how essential would it be to have video for the first round?",2,question1,likertTime
011,studyA,run-blue,has-both-task,"What percentage of events you annotated fell within the window of error, do you think?",100,question4,likertPercentage
011,studyA,run-blue,has-both-task,What percentage of the video do you think you were you able to annotate?,100,question3,likertPercentage
011,studyA,run-blue,has-both-task,"When I looked at the data, I was able to recognize WHAT event was occurring",4,question2,likert
011,studyA,run-blue,has-both-task,"When I looked at the data, I was able to recognize WHEN an event occurred. ",5,question1,likert
011,studyA,run-red,no-data-task,I was satisfied having only video for this task.,2,question1,likert
011,studyA,run-red,no-data-task,"What percentage of events you annotated fell within the window of error, do you think?",80,question4,likertPercentage
011,studyA,run-red,no-data-task,What percentage of the video do you think you were able to annotate?,40,question3,likertPercentage
011,studyA,run-red,no-data-task,"With the experience that I have, I am able to sketch a rough graph (either accelerometer, gyroscope, OR both) for each of the events that were portr$",4,question2,likert
011,studyA,run-survey,survey,"After annotating for several rounds, how essential would it be to have data?",1,question4,likertTime
011,studyA,run-survey,survey,"After annotating for several rounds, how essential would it be to have video?",-1,question2,likertTime
011,studyA,run-survey,survey,"If you were asked to provide annotations for a new project, how essential would it be to have data for the first round? ",2,question3,likertTime
011,studyA,run-survey,survey,"If you were asked to provide annotations for a new project, how essential would it be to have video for the first round?",2,question1,likertTime
011,studyA,run-yellow,no-video-task,I was satisfied having only data for this task. ,3,question1,likert
011,studyA,run-yellow,no-video-task,"What percentage of events you annotated fell within the window of error, do you think?",90,question4,likertPercentage
011,studyA,run-yellow,no-video-task,What percentage of the video do you think you were able to annotate? ,100,question3,likertPercentage
011,studyA,run-yellow,no-video-task,"When I look at the graph of either accelerometer or gyroscope data or both, I can tell what event would be happening if there was video.",4,question2,likert
013,studyA,pill-blue,has-both-task,"What percentage of events you annotated fell within the window of error, do you think?",80,question4,likertPercentage
013,studyA,pill-blue,has-both-task,What percentage of the video do you think you were you able to annotate?,100,question3,likertPercentage
013,studyA,pill-blue,has-both-task,"When I looked at the data, I was able to recognize WHAT event was occurring",5,question2,likert
013,studyA,pill-blue,has-both-task,"When I looked at the data, I was able to recognize WHEN an event occurred. ",5,question1,likert
013,studyA,pill-orange,no-data-task,I was satisfied having only video for this task.,4,question1,likert
013,studyA,pill-orange,no-data-task,"What percentage of events you annotated fell within the window of error, do you think?",80,question4,likertPercentage
013,studyA,pill-orange,no-data-task,What percentage of the video do you think you were able to annotate?,80,question3,likertPercentage
013,studyA,pill-orange,no-data-task,"With the experience that I have, I am able to sketch a rough graph (either accelerometer, gyroscope, OR both) for each of the events that were portr$",4,question2,likert
013,studyA,pill-red,no-video-task,I was satisfied having only data for this task. ,5,question1,likert
013,studyA,pill-red,no-video-task,"What percentage of events you annotated fell within the window of error, do you think?",70,question4,likertPercentage
013,studyA,pill-red,no-video-task,What percentage of the video do you think you were able to annotate? ,100,question3,likertPercentage
013,studyA,pill-red,no-video-task,"When I look at the graph of either accelerometer or gyroscope data or both, I can tell what event would be happening if there was video.",4,question2,likert
013,studyA,pills-survey,survey,"After annotating for several rounds, how essential would it be to have data?",1,question4,likertTime
013,studyA,pills-survey,survey,"After annotating for several rounds, how essential would it be to have video?",-1,question2,likertTime
013,studyA,pills-survey,survey,"If you were asked to provide annotations for a new project, how essential would it be to have data for the first round? ",2,question3,likertTime
013,studyA,pills-survey,survey,"If you were asked to provide annotations for a new project, how essential would it be to have video for the first round?",2,question1,likertTime
013,studyA,run-blue,has-both-task,"What percentage of events you annotated fell within the window of error, do you think?",70,question4,likertPercentage
013,studyA,run-blue,has-both-task,What percentage of the video do you think you were you able to annotate?,60,question3,likertPercentage
013,studyA,run-blue,has-both-task,"When I looked at the data, I was able to recognize WHAT event was occurring",4,question2,likert
013,studyA,run-blue,has-both-task,"When I looked at the data, I was able to recognize WHEN an event occurred. ",5,question1,likert
013,studyA,run-red,no-data-task,I was satisfied having only video for this task.,4,question1,likert
013,studyA,run-red,no-data-task,"What percentage of events you annotated fell within the window of error, do you think?",70,question4,likertPercentage
013,studyA,run-red,no-data-task,What percentage of the video do you think you were able to annotate?,50,question3,likertPercentage
013,studyA,run-red,no-data-task,"With the experience that I have, I am able to sketch a rough graph (either accelerometer, gyroscope, OR both) for each of the events that were portr$",5,question2,likert
013,studyA,run-survey,survey,"After annotating for several rounds, how essential would it be to have data?",1,question4,likertTime
013,studyA,run-survey,survey,"After annotating for several rounds, how essential would it be to have video?",-1,question2,likertTime
013,studyA,run-survey,survey,"If you were asked to provide annotations for a new project, how essential would it be to have data for the first round? ",2,question3,likertTime
013,studyA,run-survey,survey,"If you were asked to provide annotations for a new project, how essential would it be to have video for the first round?",2,question1,likertTime
013,studyA,run-yellow,no-video-task,I was satisfied having only data for this task. ,4,question1,likert
013,studyA,run-yellow,no-video-task,"What percentage of events you annotated fell within the window of error, do you think?",70,question4,likertPercentage
013,studyA,run-yellow,no-video-task,What percentage of the video do you think you were able to annotate? ,90,question3,likertPercentage
013,studyA,run-yellow,no-video-task,"When I look at the graph of either accelerometer or gyroscope data or both, I can tell what event would be happening if there was video.",4,question2,likert
017,studyA,pill-blue,has-both-task,"What percentage of events you annotated fell within the window of error, do you think?",90,question4,likertPercentage
017,studyA,pill-blue,has-both-task,What percentage of the video do you think you were you able to annotate?,90,question3,likertPercentage
017,studyA,pill-blue,has-both-task,"When I looked at the data, I was able to recognize WHAT event was occurring",2,question2,likert
017,studyA,pill-blue,has-both-task,"When I looked at the data, I was able to recognize WHEN an event occurred. ",5,question1,likert
017,studyA,pill-orange,no-data-task,I was satisfied having only video for this task.,2,question1,likert
017,studyA,pill-orange,no-data-task,"What percentage of events you annotated fell within the window of error, do you think?",50,question4,likertPercentage
017,studyA,pill-orange,no-data-task,What percentage of the video do you think you were able to annotate?,70,question3,likertPercentage
017,studyA,pill-orange,no-data-task,"With the experience that I have, I am able to sketch a rough graph (either accelerometer, gyroscope, OR both) for each of the events that were portr$",4,question2,likert
017,studyA,pill-red,no-video-task,I was satisfied having only data for this task. ,2,question1,likert
017,studyA,pill-red,no-video-task,"What percentage of events you annotated fell within the window of error, do you think?",60,question4,likertPercentage
017,studyA,pill-red,no-video-task,What percentage of the video do you think you were able to annotate? ,100,question3,likertPercentage
017,studyA,pill-red,no-video-task,"When I look at the graph of either accelerometer or gyroscope data or both, I can tell what event would be happening if there was video.",2,question2,likert
017,studyA,pills-survey,survey,"After annotating for several rounds, how essential would it be to have data?",2,question4,likertTime
017,studyA,pills-survey,survey,"After annotating for several rounds, how essential would it be to have video?",1,question2,likertTime
017,studyA,pills-survey,survey,"If you were asked to provide annotations for a new project, how essential would it be to have data for the first round? ",2,question3,likertTime
017,studyA,pills-survey,survey,"If you were asked to provide annotations for a new project, how essential would it be to have video for the first round?",2,question1,likertTime
017,studyA,run-blue,has-both-task,"What percentage of events you annotated fell within the window of error, do you think?",80,question4,likertPercentage
017,studyA,run-blue,has-both-task,What percentage of the video do you think you were you able to annotate?,100,question3,likertPercentage
017,studyA,run-blue,has-both-task,"When I looked at the data, I was able to recognize WHAT event was occurring",2,question2,likert
017,studyA,run-blue,has-both-task,"When I looked at the data, I was able to recognize WHEN an event occurred. ",5,question1,likert
017,studyA,run-red,no-data-task,I was satisfied having only video for this task.,1,question1,likert
017,studyA,run-red,no-data-task,"What percentage of events you annotated fell within the window of error, do you think?",80,question4,likertPercentage
017,studyA,run-red,no-data-task,What percentage of the video do you think you were able to annotate?,40,question3,likertPercentage
017,studyA,run-red,no-data-task,"With the experience that I have, I am able to sketch a rough graph (either accelerometer, gyroscope, OR both) for each of the events that were portr$",4,question2,likert
017,studyA,run-survey,survey,"After annotating for several rounds, how essential would it be to have data?",2,question4,likertTime
017,studyA,run-survey,survey,"After annotating for several rounds, how essential would it be to have video?",1,question2,likertTime
017,studyA,run-survey,survey,"If you were asked to provide annotations for a new project, how essential would it be to have data for the first round? ",2,question3,likertTime
017,studyA,run-survey,survey,"If you were asked to provide annotations for a new project, how essential would it be to have video for the first round?",2,question1,likertTime
017,studyA,run-yellow,no-video-task,I was satisfied having only data for this task. ,2,question1,likert
017,studyA,run-yellow,no-video-task,"What percentage of events you annotated fell within the window of error, do you think?",60,question4,likertPercentage
017,studyA,run-yellow,no-video-task,What percentage of the video do you think you were able to annotate? ,100,question3,likertPercentage
017,studyA,run-yellow,no-video-task,"When I look at the graph of either accelerometer or gyroscope data or both, I can tell what event would be happening if there was video.",5,question2,likert
022,studyA,pill-blue,has-both-task,"What percentage of events you annotated fell within the window of error, do you think?",90,question4,likertPercentage
022,studyA,pill-blue,has-both-task,What percentage of the video do you think you were you able to annotate?,100,question3,likertPercentage
022,studyA,pill-blue,has-both-task,"When I looked at the data, I was able to recognize WHAT event was occurring",5,question2,likert
022,studyA,pill-blue,has-both-task,"When I looked at the data, I was able to recognize WHEN an event occurred. ",5,question1,likert
022,studyA,pill-orange,no-data-task,I was satisfied having only video for this task.,3,question1,likert
022,studyA,pill-orange,no-data-task,"What percentage of events you annotated fell within the window of error, do you think?",70,question4,likertPercentage
022,studyA,pill-orange,no-data-task,What percentage of the video do you think you were able to annotate?,50,question3,likertPercentage
022,studyA,pill-orange,no-data-task,"With the experience that I have, I am able to sketch a rough graph (either accelerometer, gyroscope, OR both) for each of the events that were portr$",4,question2,likert
022,studyA,pill-red,no-video-task,I was satisfied having only data for this task. ,5,question1,likert
022,studyA,pill-red,no-video-task,"What percentage of events you annotated fell within the window of error, do you think?",90,question4,likertPercentage
022,studyA,pill-red,no-video-task,What percentage of the video do you think you were able to annotate? ,100,question3,likertPercentage
022,studyA,pill-red,no-video-task,"When I look at the graph of either accelerometer or gyroscope data or both, I can tell what event would be happening if there was video.",5,question2,likert
022,studyA,pills-survey,survey,"After annotating for several rounds, how essential would it be to have data?",1,question4,likertTime
022,studyA,pills-survey,survey,"After annotating for several rounds, how essential would it be to have video?",-1,question2,likertTime
022,studyA,pills-survey,survey,"If you were asked to provide annotations for a new project, how essential would it be to have data for the first round? ",2,question3,likertTime
022,studyA,pills-survey,survey,"If you were asked to provide annotations for a new project, how essential would it be to have video for the first round?",2,question1,likertTime
022,studyA,run-blue,has-both-task,"What percentage of events you annotated fell within the window of error, do you think?",90,question4,likertPercentage
022,studyA,run-blue,has-both-task,What percentage of the video do you think you were you able to annotate?,100,question3,likertPercentage
022,studyA,run-blue,has-both-task,"When I looked at the data, I was able to recognize WHAT event was occurring",5,question2,likert
022,studyA,run-blue,has-both-task,"When I looked at the data, I was able to recognize WHEN an event occurred. ",5,question1,likert
022,studyA,run-red,no-data-task,I was satisfied having only video for this task.,2,question1,likert
022,studyA,run-red,no-data-task,"What percentage of events you annotated fell within the window of error, do you think?",70,question4,likertPercentage
022,studyA,run-red,no-data-task,What percentage of the video do you think you were able to annotate?,60,question3,likertPercentage
022,studyA,run-red,no-data-task,"With the experience that I have, I am able to sketch a rough graph (either accelerometer, gyroscope, OR both) for each of the events that were portr$",4,question2,likert
022,studyA,run-survey,survey,"After annotating for several rounds, how essential would it be to have data?",2,question4,likertTime
022,studyA,run-survey,survey,"After annotating for several rounds, how essential would it be to have video?",1,question2,likertTime
022,studyA,run-survey,survey,"If you were asked to provide annotations for a new project, how essential would it be to have data for the first round? ",2,question3,likertTime
022,studyA,run-survey,survey,"If you were asked to provide annotations for a new project, how essential would it be to have video for the first round?",2,question1,likertTime
022,studyA,run-yellow,no-video-task,I was satisfied having only data for this task. ,4,question1,likert
022,studyA,run-yellow,no-video-task,"What percentage of events you annotated fell within the window of error, do you think?",90,question4,likertPercentage
022,studyA,run-yellow,no-video-task,What percentage of the video do you think you were able to annotate? ,90,question3,likertPercentage
022,studyA,run-yellow,no-video-task,"When I look at the graph of either accelerometer or gyroscope data or both, I can tell what event would be happening if there was video.",4,question2,likert
025,studyA,pill-blue,has-both-task,"What percentage of events you annotated fell within the window of error, do you think?",100,question4,likertPercentage
025,studyA,pill-blue,has-both-task,What percentage of the video do you think you were you able to annotate?,100,question3,likertPercentage
025,studyA,pill-blue,has-both-task,"When I looked at the data, I was able to recognize WHAT event was occurring",5,question2,likert
025,studyA,pill-blue,has-both-task,"When I looked at the data, I was able to recognize WHEN an event occurred. ",5,question1,likert
025,studyA,pill-orange,no-data-task,I was satisfied having only video for this task.,3,question1,likert
025,studyA,pill-orange,no-data-task,"What percentage of events you annotated fell within the window of error, do you think?",90,question4,likertPercentage
025,studyA,pill-orange,no-data-task,What percentage of the video do you think you were able to annotate?,80,question3,likertPercentage
025,studyA,pill-orange,no-data-task,"With the experience that I have, I am able to sketch a rough graph (either accelerometer, gyroscope, OR both) for each of the events that were portr$",4,question2,likert
025,studyA,pill-red,no-video-task,I was satisfied having only data for this task. ,5,question1,likert
025,studyA,pill-red,no-video-task,"What percentage of events you annotated fell within the window of error, do you think?",100,question4,likertPercentage
025,studyA,pill-red,no-video-task,What percentage of the video do you think you were able to annotate? ,100,question3,likertPercentage
025,studyA,pill-red,no-video-task,"When I look at the graph of either accelerometer or gyroscope data or both, I can tell what event would be happening if there was video.",5,question2,likert
025,studyA,pills-survey,survey,"After annotating for several rounds, how essential would it be to have data?",1,question4,likertTime
025,studyA,pills-survey,survey,"After annotating for several rounds, how essential would it be to have video?",-1,question2,likertTime
025,studyA,pills-survey,survey,"If you were asked to provide annotations for a new project, how essential would it be to have data for the first round? ",1,question3,likertTime
025,studyA,pills-survey,survey,"If you were asked to provide annotations for a new project, how essential would it be to have video for the first round?",2,question1,likertTime
025,studyA,run-blue,has-both-task,"What percentage of events you annotated fell within the window of error, do you think?",100,question4,likertPercentage
025,studyA,run-blue,has-both-task,What percentage of the video do you think you were you able to annotate?,100,question3,likertPercentage
025,studyA,run-blue,has-both-task,"When I looked at the data, I was able to recognize WHAT event was occurring",5,question2,likert
025,studyA,run-blue,has-both-task,"When I looked at the data, I was able to recognize WHEN an event occurred. ",5,question1,likert
025,studyA,run-red,no-data-task,I was satisfied having only video for this task.,2,question1,likert
025,studyA,run-red,no-data-task,"What percentage of events you annotated fell within the window of error, do you think?",90,question4,likertPercentage
025,studyA,run-red,no-data-task,What percentage of the video do you think you were able to annotate?,50,question3,likertPercentage
025,studyA,run-red,no-data-task,"With the experience that I have, I am able to sketch a rough graph (either accelerometer, gyroscope, OR both) for each of the events that were portr$",4,question2,likert
025,studyA,run-survey,survey,"After annotating for several rounds, how essential would it be to have data?",1,question4,likertTime
025,studyA,run-survey,survey,"After annotating for several rounds, how essential would it be to have video?",-1,question2,likertTime
025,studyA,run-survey,survey,"If you were asked to provide annotations for a new project, how essential would it be to have data for the first round? ",1,question3,likertTime
025,studyA,run-survey,survey,"If you were asked to provide annotations for a new project, how essential would it be to have video for the first round?",2,question1,likertTime
025,studyA,run-yellow,no-video-task,I was satisfied having only data for this task. ,5,question1,likert
025,studyA,run-yellow,no-video-task,"What percentage of events you annotated fell within the window of error, do you think?",100,question4,likertPercentage
025,studyA,run-yellow,no-video-task,What percentage of the video do you think you were able to annotate? ,100,question3,likertPercentage
025,studyA,run-yellow,no-video-task,"When I look at the graph of either accelerometer or gyroscope data or both, I can tell what event would be happening if there was video.",5,question2,likert
028,studyA,pill-blue,has-both-task,"What percentage of events you annotated fell within the window of error, do you think?",100,question4,likertPercentage
028,studyA,pill-blue,has-both-task,What percentage of the video do you think you were you able to annotate?,100,question3,likertPercentage
028,studyA,pill-blue,has-both-task,"When I looked at the data, I was able to recognize WHAT event was occurring",5,question2,likert
028,studyA,pill-blue,has-both-task,"When I looked at the data, I was able to recognize WHEN an event occurred. ",5,question1,likert
028,studyA,pill-orange,no-data-task,I was satisfied having only video for this task.,2,question1,likert
028,studyA,pill-orange,no-data-task,"What percentage of events you annotated fell within the window of error, do you think?",100,question4,likertPercentage
028,studyA,pill-orange,no-data-task,What percentage of the video do you think you were able to annotate?,40,question3,likertPercentage
028,studyA,pill-orange,no-data-task,"With the experience that I have, I am able to sketch a rough graph (either accelerometer, gyroscope, OR both) for each of the events that were portr$",3,question2,likert
028,studyA,pill-red,no-video-task,I was satisfied having only data for this task. ,5,question1,likert
028,studyA,pill-red,no-video-task,"What percentage of events you annotated fell within the window of error, do you think?",100,question4,likertPercentage
028,studyA,pill-red,no-video-task,What percentage of the video do you think you were able to annotate? ,100,question3,likertPercentage
028,studyA,pill-red,no-video-task,"When I look at the graph of either accelerometer or gyroscope data or both, I can tell what event would be happening if there was video.",5,question2,likert
028,studyA,pills-survey,survey,"After annotating for several rounds, how essential would it be to have data?",-2,question4,likertTime
028,studyA,pills-survey,survey,"After annotating for several rounds, how essential would it be to have video?",-1,question2,likertTime
028,studyA,pills-survey,survey,"If you were asked to provide annotations for a new project, how essential would it be to have data for the first round? ",-2,question3,likertTime
028,studyA,pills-survey,survey,"If you were asked to provide annotations for a new project, how essential would it be to have video for the first round?",2,question1,likertTime
028,studyA,run-blue,has-both-task,"What percentage of events you annotated fell within the window of error, do you think?",100,question4,likertPercentage
028,studyA,run-blue,has-both-task,What percentage of the video do you think you were you able to annotate?,20,question3,likertPercentage
028,studyA,run-blue,has-both-task,"When I looked at the data, I was able to recognize WHAT event was occurring",5,question2,likert
028,studyA,run-blue,has-both-task,"When I looked at the data, I was able to recognize WHEN an event occurred. ",5,question1,likert
028,studyA,run-red,no-data-task,I was satisfied having only video for this task.,5,question1,likert
028,studyA,run-red,no-data-task,"What percentage of events you annotated fell within the window of error, do you think?",100,question4,likertPercentage
028,studyA,run-red,no-data-task,What percentage of the video do you think you were able to annotate?,50,question3,likertPercentage
028,studyA,run-red,no-data-task,"With the experience that I have, I am able to sketch a rough graph (either accelerometer, gyroscope, OR both) for each of the events that were portr$",4,question2,likert
028,studyA,run-survey,survey,"After annotating for several rounds, how essential would it be to have data?",-2,question4,likertTime
028,studyA,run-survey,survey,"After annotating for several rounds, how essential would it be to have video?",-2,question2,likertTime
028,studyA,run-survey,survey,"If you were asked to provide annotations for a new project, how essential would it be to have data for the first round? ",2,question3,likertTime
028,studyA,run-survey,survey,"If you were asked to provide annotations for a new project, how essential would it be to have video for the first round?",2,question1,likertTime
028,studyA,run-yellow,no-video-task,I was satisfied having only data for this task. ,5,question1,likert
028,studyA,run-yellow,no-video-task,"What percentage of events you annotated fell within the window of error, do you think?",100,question4,likertPercentage
028,studyA,run-yellow,no-video-task,What percentage of the video do you think you were able to annotate? ,100,question3,likertPercentage
028,studyA,run-yellow,no-video-task,"When I look at the graph of either accelerometer or gyroscope data or both, I can tell what event would be happening if there was video.",5,question2,likert
033,studyA,pill-blue,has-both-task,"What percentage of events you annotated fell within the window of error, do you think?",90,question4,likertPercentage
033,studyA,pill-blue,has-both-task,What percentage of the video do you think you were you able to annotate?,100,question3,likertPercentage
033,studyA,pill-blue,has-both-task,"When I looked at the data, I was able to recognize WHAT event was occurring",4,question2,likert
033,studyA,pill-blue,has-both-task,"When I looked at the data, I was able to recognize WHEN an event occurred. ",5,question1,likert
033,studyA,pill-orange,no-data-task,I was satisfied having only video for this task.,2,question1,likert
033,studyA,pill-orange,no-data-task,"What percentage of events you annotated fell within the window of error, do you think?",80,question4,likertPercentage
033,studyA,pill-orange,no-data-task,What percentage of the video do you think you were able to annotate?,100,question3,likertPercentage
033,studyA,pill-orange,no-data-task,"With the experience that I have, I am able to sketch a rough graph (either accelerometer, gyroscope, OR both) for each of the events that were portr$",3,question2,likert
033,studyA,pill-red,no-video-task,I was satisfied having only data for this task. ,4,question1,likert
033,studyA,pill-red,no-video-task,"What percentage of events you annotated fell within the window of error, do you think?",90,question4,likertPercentage
033,studyA,pill-red,no-video-task,What percentage of the video do you think you were able to annotate? ,100,question3,likertPercentage
033,studyA,pill-red,no-video-task,"When I look at the graph of either accelerometer or gyroscope data or both, I can tell what event would be happening if there was video.",4,question2,likert
033,studyA,pills-survey,survey,"After annotating for several rounds, how essential would it be to have data?",1,question4,likertTime
033,studyA,pills-survey,survey,"After annotating for several rounds, how essential would it be to have video?",-1,question2,likertTime
033,studyA,pills-survey,survey,"If you were asked to provide annotations for a new project, how essential would it be to have data for the first round? ",2,question3,likertTime
033,studyA,pills-survey,survey,"If you were asked to provide annotations for a new project, how essential would it be to have video for the first round?",2,question1,likertTime
033,studyA,run-blue,has-both-task,"What percentage of events you annotated fell within the window of error, do you think?",90,question4,likertPercentage
033,studyA,run-blue,has-both-task,What percentage of the video do you think you were you able to annotate?,50,question3,likertPercentage
033,studyA,run-blue,has-both-task,"When I looked at the data, I was able to recognize WHAT event was occurring",4,question2,likert
033,studyA,run-blue,has-both-task,"When I looked at the data, I was able to recognize WHEN an event occurred. ",5,question1,likert
033,studyA,run-red,no-data-task,I was satisfied having only video for this task.,2,question1,likert
033,studyA,run-red,no-data-task,"What percentage of events you annotated fell within the window of error, do you think?",80,question4,likertPercentage
033,studyA,run-red,no-data-task,What percentage of the video do you think you were able to annotate?,50,question3,likertPercentage
033,studyA,run-red,no-data-task,"With the experience that I have, I am able to sketch a rough graph (either accelerometer, gyroscope, OR both) for each of the events that were portr$",4,question2,likert
033,studyA,run-survey,survey,"After annotating for several rounds, how essential would it be to have data?",2,question4,likertTime
033,studyA,run-survey,survey,"After annotating for several rounds, how essential would it be to have video?",-1,question2,likertTime
033,studyA,run-survey,survey,"If you were asked to provide annotations for a new project, how essential would it be to have data for the first round? ",2,question3,likertTime
033,studyA,run-survey,survey,"If you were asked to provide annotations for a new project, how essential would it be to have video for the first round?",2,question1,likertTime
033,studyA,run-yellow,no-video-task,I was satisfied having only data for this task. ,4,question1,likert
033,studyA,run-yellow,no-video-task,"What percentage of events you annotated fell within the window of error, do you think?",90,question4,likertPercentage
033,studyA,run-yellow,no-video-task,What percentage of the video do you think you were able to annotate? ,100,question3,likertPercentage
033,studyA,run-yellow,no-video-task,"When I look at the graph of either accelerometer or gyroscope data or both, I can tell what event would be happening if there was video.",4,question2,likert
038,studyA,pill-blue,has-both-task,"What percentage of events you annotated fell within the window of error, do you think?",100,question4,likertPercentage
038,studyA,pill-blue,has-both-task,What percentage of the video do you think you were you able to annotate?,100,question3,likertPercentage
038,studyA,pill-blue,has-both-task,"When I looked at the data, I was able to recognize WHAT event was occurring",5,question2,likert
038,studyA,pill-blue,has-both-task,"When I looked at the data, I was able to recognize WHEN an event occurred. ",5,question1,likert
038,studyA,pill-orange,no-data-task,I was satisfied having only video for this task.,1,question1,likert
038,studyA,pill-orange,no-data-task,"What percentage of events you annotated fell within the window of error, do you think?",80,question4,likertPercentage
038,studyA,pill-orange,no-data-task,What percentage of the video do you think you were able to annotate?,50,question3,likertPercentage
038,studyA,pill-orange,no-data-task,"With the experience that I have, I am able to sketch a rough graph (either accelerometer, gyroscope, OR both) for each of the events that were portr$",2,question2,likert
038,studyA,pill-red,no-video-task,I was satisfied having only data for this task. ,5,question1,likert
038,studyA,pill-red,no-video-task,"What percentage of events you annotated fell within the window of error, do you think?",80,question4,likertPercentage
038,studyA,pill-red,no-video-task,What percentage of the video do you think you were able to annotate? ,100,question3,likertPercentage
038,studyA,pill-red,no-video-task,"When I look at the graph of either accelerometer or gyroscope data or both, I can tell what event would be happening if there was video.",4,question2,likert
038,studyA,pills-survey,survey,"After annotating for several rounds, how essential would it be to have data?",2,question4,likertTime
038,studyA,pills-survey,survey,"After annotating for several rounds, how essential would it be to have video?",-2,question2,likertTime
038,studyA,pills-survey,survey,"If you were asked to provide annotations for a new project, how essential would it be to have data for the first round? ",2,question3,likertTime
038,studyA,pills-survey,survey,"If you were asked to provide annotations for a new project, how essential would it be to have video for the first round?",2,question1,likertTime
038,studyA,run-blue,has-both-task,"What percentage of events you annotated fell within the window of error, do you think?",90,question4,likertPercentage
038,studyA,run-blue,has-both-task,What percentage of the video do you think you were you able to annotate?,20,question3,likertPercentage
038,studyA,run-blue,has-both-task,"When I looked at the data, I was able to recognize WHAT event was occurring",2,question2,likert
038,studyA,run-blue,has-both-task,"When I looked at the data, I was able to recognize WHEN an event occurred. ",5,question1,likert
038,studyA,run-red,no-data-task,I was satisfied having only video for this task.,1,question1,likert
038,studyA,run-red,no-data-task,"What percentage of events you annotated fell within the window of error, do you think?",90,question4,likertPercentage
038,studyA,run-red,no-data-task,What percentage of the video do you think you were able to annotate?,40,question3,likertPercentage
038,studyA,run-red,no-data-task,"With the experience that I have, I am able to sketch a rough graph (either accelerometer, gyroscope, OR both) for each of the events that were portr$",3,question2,likert
038,studyA,run-survey,survey,"After annotating for several rounds, how essential would it be to have data?",2,question4,likertTime
038,studyA,run-survey,survey,"After annotating for several rounds, how essential would it be to have video?",-1,question2,likertTime
038,studyA,run-survey,survey,"If you were asked to provide annotations for a new project, how essential would it be to have data for the first round? ",2,question3,likertTime
038,studyA,run-survey,survey,"If you were asked to provide annotations for a new project, how essential would it be to have video for the first round?",2,question1,likertTime
038,studyA,run-yellow,no-video-task,I was satisfied having only data for this task. ,4,question1,likert
038,studyA,run-yellow,no-video-task,"What percentage of events you annotated fell within the window of error, do you think?",80,question4,likertPercentage
038,studyA,run-yellow,no-video-task,What percentage of the video do you think you were able to annotate? ,100,question3,likertPercentage
038,studyA,run-yellow,no-video-task,"When I look at the graph of either accelerometer or gyroscope data or both, I can tell what event would be happening if there was video.",3,question2,likert
040,studyA,pill-blue,has-both-task,"What percentage of events you annotated fell within the window of error, do you think?",0,question4,likertPercentage
040,studyA,pill-blue,has-both-task,What percentage of the video do you think you were you able to annotate?,100,question3,likertPercentage
040,studyA,pill-blue,has-both-task,"When I looked at the data, I was able to recognize WHAT event was occurring",5,question2,likert
040,studyA,pill-blue,has-both-task,"When I looked at the data, I was able to recognize WHEN an event occurred. ",5,question1,likert
040,studyA,pill-orange,no-data-task,I was satisfied having only video for this task.,1,question1,likert
040,studyA,pill-orange,no-data-task,"What percentage of events you annotated fell within the window of error, do you think?",20,question4,likertPercentage
040,studyA,pill-orange,no-data-task,What percentage of the video do you think you were able to annotate?,50,question3,likertPercentage
040,studyA,pill-orange,no-data-task,"With the experience that I have, I am able to sketch a rough graph (either accelerometer, gyroscope, OR both) for each of the events that were portr$",4,question2,likert
040,studyA,pill-red,no-video-task,I was satisfied having only data for this task. ,5,question1,likert
040,studyA,pill-red,no-video-task,"What percentage of events you annotated fell within the window of error, do you think?",10,question4,likertPercentage
040,studyA,pill-red,no-video-task,What percentage of the video do you think you were able to annotate? ,100,question3,likertPercentage
040,studyA,pill-red,no-video-task,"When I look at the graph of either accelerometer or gyroscope data or both, I can tell what event would be happening if there was video.",5,question2,likert
040,studyA,pills-survey,survey,"After annotating for several rounds, how essential would it be to have data?",1,question4,likertTime
040,studyA,pills-survey,survey,"After annotating for several rounds, how essential would it be to have video?",-2,question2,likertTime
040,studyA,pills-survey,survey,"If you were asked to provide annotations for a new project, how essential would it be to have data for the first round? ",2,question3,likertTime
040,studyA,pills-survey,survey,"If you were asked to provide annotations for a new project, how essential would it be to have video for the first round?",1,question1,likertTime
040,studyA,run-blue,has-both-task,"What percentage of events you annotated fell within the window of error, do you think?",60,question4,likertPercentage
040,studyA,run-blue,has-both-task,What percentage of the video do you think you were you able to annotate?,90,question3,likertPercentage
040,studyA,run-blue,has-both-task,"When I looked at the data, I was able to recognize WHAT event was occurring",4,question2,likert
040,studyA,run-blue,has-both-task,"When I looked at the data, I was able to recognize WHEN an event occurred. ",5,question1,likert
040,studyA,run-red,no-data-task,I was satisfied having only video for this task.,3,question1,likert
040,studyA,run-red,no-data-task,"What percentage of events you annotated fell within the window of error, do you think?",0,question4,likertPercentage
040,studyA,run-red,no-data-task,What percentage of the video do you think you were able to annotate?,30,question3,likertPercentage
040,studyA,run-red,no-data-task,"With the experience that I have, I am able to sketch a rough graph (either accelerometer, gyroscope, OR both) for each of the events that were portr$",3,question2,likert
040,studyA,run-survey,survey,"After annotating for several rounds, how essential would it be to have data?",0,question4,likertTime
040,studyA,run-survey,survey,"After annotating for several rounds, how essential would it be to have video?",-2,question2,likertTime
040,studyA,run-survey,survey,"If you were asked to provide annotations for a new project, how essential would it be to have data for the first round? ",1,question3,likertTime
040,studyA,run-survey,survey,"If you were asked to provide annotations for a new project, how essential would it be to have video for the first round?",-2,question1,likertTime
040,studyA,run-yellow,no-video-task,I was satisfied having only data for this task. ,5,question1,likert
040,studyA,run-yellow,no-video-task,"What percentage of events you annotated fell within the window of error, do you think?",20,question4,likertPercentage
040,studyA,run-yellow,no-video-task,What percentage of the video do you think you were able to annotate? ,100,question3,likertPercentage
040,studyA,run-yellow,no-video-task,"When I look at the graph of either accelerometer or gyroscope data or both, I can tell what event would be happening if there was video.",5,question2,likert
044,studyA,pill-blue,has-both-task,"What percentage of events you annotated fell within the window of error, do you think?",90,question4,likertPercentage
044,studyA,pill-blue,has-both-task,What percentage of the video do you think you were you able to annotate?,100,question3,likertPercentage
044,studyA,pill-blue,has-both-task,"When I looked at the data, I was able to recognize WHAT event was occurring",5,question2,likert
044,studyA,pill-blue,has-both-task,"When I looked at the data, I was able to recognize WHEN an event occurred. ",5,question1,likert
044,studyA,pill-orange,no-data-task,I was satisfied having only video for this task.,1,question1,likert
044,studyA,pill-orange,no-data-task,"What percentage of events you annotated fell within the window of error, do you think?",50,question4,likertPercentage
044,studyA,pill-orange,no-data-task,What percentage of the video do you think you were able to annotate?,60,question3,likertPercentage
044,studyA,pill-orange,no-data-task,"With the experience that I have, I am able to sketch a rough graph (either accelerometer, gyroscope, OR both) for each of the events that were portr$",4,question2,likert
044,studyA,pill-red,no-video-task,I was satisfied having only data for this task. ,4,question1,likert
044,studyA,pill-red,no-video-task,"What percentage of events you annotated fell within the window of error, do you think?",90,question4,likertPercentage
044,studyA,pill-red,no-video-task,What percentage of the video do you think you were able to annotate? ,100,question3,likertPercentage
044,studyA,pill-red,no-video-task,"When I look at the graph of either accelerometer or gyroscope data or both, I can tell what event would be happening if there was video.",5,question2,likert
044,studyA,pills-survey,survey,"After annotating for several rounds, how essential would it be to have data?",2,question4,likertTime
044,studyA,pills-survey,survey,"After annotating for several rounds, how essential would it be to have video?",0,question2,likertTime
044,studyA,pills-survey,survey,"If you were asked to provide annotations for a new project, how essential would it be to have data for the first round? ",2,question3,likertTime
044,studyA,pills-survey,survey,"If you were asked to provide annotations for a new project, how essential would it be to have video for the first round?",2,question1,likertTime
044,studyA,run-blue,has-both-task,"What percentage of events you annotated fell within the window of error, do you think?",70,question4,likertPercentage
044,studyA,run-blue,has-both-task,What percentage of the video do you think you were you able to annotate?,100,question3,likertPercentage
044,studyA,run-blue,has-both-task,"When I looked at the data, I was able to recognize WHAT event was occurring",4,question2,likert
044,studyA,run-blue,has-both-task,"When I looked at the data, I was able to recognize WHEN an event occurred. ",5,question1,likert
044,studyA,run-red,no-data-task,I was satisfied having only video for this task.,1,question1,likert
044,studyA,run-red,no-data-task,"What percentage of events you annotated fell within the window of error, do you think?",30,question4,likertPercentage
044,studyA,run-red,no-data-task,What percentage of the video do you think you were able to annotate?,40,question3,likertPercentage
044,studyA,run-red,no-data-task,"With the experience that I have, I am able to sketch a rough graph (either accelerometer, gyroscope, OR both) for each of the events that were portr$",3,question2,likert
044,studyA,run-survey,survey,"After annotating for several rounds, how essential would it be to have data?",2,question4,likertTime
044,studyA,run-survey,survey,"After annotating for several rounds, how essential would it be to have video?",-1,question2,likertTime
044,studyA,run-survey,survey,"If you were asked to provide annotations for a new project, how essential would it be to have data for the first round? ",2,question3,likertTime
044,studyA,run-survey,survey,"If you were asked to provide annotations for a new project, how essential would it be to have video for the first round?",2,question1,likertTime
044,studyA,run-yellow,no-video-task,I was satisfied having only data for this task. ,4,question1,likert
044,studyA,run-yellow,no-video-task,"What percentage of events you annotated fell within the window of error, do you think?",90,question4,likertPercentage
044,studyA,run-yellow,no-video-task,What percentage of the video do you think you were able to annotate? ,100,question3,likertPercentage
044,studyA,run-yellow,no-video-task,"When I look at the graph of either accelerometer or gyroscope data or both, I can tell what event would be happening if there was video.",4,question2,likert
