{
    "user_id": "3030",
    "session_id": "5a0fdd5a5efd4d725417b95d",
    "study": "gold",
    "workspace": "pill.pills-red",
    "details": {
        "workspace": "pill.pills-red",
        "labels": [
            {
                "time": 13.648623,
                "endTime": 23.80417566087861,
                "type": "pill",
                "id": 1
            },
            {
                "time": 33.900954460868874,
                "endTime": 35.32299528695657,
                "type": "move",
                "id": 2
            },
            {
                "time": 246.062121,
                "endTime": 254.92493917391283,
                "type": "pill",
                "id": 3
            },
            {
                "time": 330.252632,
                "endTime": 334.1856666869577,
                "type": "move",
                "id": 4
            },
            {
                "time": 357.914018,
                "endTime": 365.39660569566104,
                "type": "pill",
                "id": 5
            },
            {
                "time": 494.639569,
                "endTime": 501.8726643032004,
                "type": "move",
                "id": 6
            }
        ],
        "_starts": [
            "2017-11-18T08:34:47.000Z"
        ],
        "_ends": [
            "2017-11-18T08:38:51.619Z"
        ]
    },
    "labels_file": "/home/ubuntu/vat/data/user-studies/gold/pill-red/3030.labels.json",
    "videoFlash": 2.2457,
    "surveys": {
        "user-info": {
            "firstname": "Naomi",
            "lastname": "Johnson"
        }
    },
    "logs": {
        "labelEvents": [
            {
                "time": "2017-11-18T08:35:38.787Z",
                "type": "START",
                "source": "hotkey",
                "_t": "01:35:38",
                "_end": "-",
                "data": {
                    "type": "pill",
                    "time": 13.648623
                }
            },
            {
                "time": "2017-11-18T08:35:48.686Z",
                "type": "END",
                "source": "data:click:h_pos",
                "_t": "01:35:48",
                "_end": "-",
                "data": {
                    "lbl": {
                        "time": 13.648623,
                        "endTime": 23.80417566087861,
                        "type": "pill",
                        "id": 1
                    }
                }
            },
            {
                "time": "2017-11-18T08:36:07.389Z",
                "type": "START",
                "source": "hotkey",
                "_t": "01:36:07",
                "_end": "-",
                "data": {
                    "type": "move",
                    "time": 34.382505
                }
            },
            {
                "time": "2017-11-18T08:36:08.763Z",
                "type": "END",
                "source": "hotkey:ctb",
                "_t": "01:36:08",
                "_end": "-",
                "data": {
                    "lbl": {
                        "time": 33.900954460868874,
                        "endTime": 35.32299528695657,
                        "type": "move",
                        "id": 2
                    },
                    "key": "enter"
                }
            },
            {
                "time": "2017-11-18T08:36:10.467Z",
                "type": "SELECT",
                "source": "data:click",
                "_t": "01:36:10",
                "_end": "-",
                "data": {
                    "time": 33.900954460868874,
                    "endTime": 35.32299528695657,
                    "type": "move",
                    "id": 2
                }
            },
            {
                "time": {
                    "start": "2017-11-18T08:36:11.598Z",
                    "end": "2017-11-18T08:36:12.852Z"
                },
                "type": "RESIZE",
                "source": "data:brush",
                "_t": "01:36:11",
                "_end": "01:36:12",
                "data": {
                    "brushing": true,
                    "origin": [
                        34.382505,
                        35.147886
                    ],
                    "_brushside": 0,
                    "start": "2017-11-18T08:36:11.598Z",
                    "ε": 0.1,
                    "mode": "resize"
                }
            },
            {
                "time": "2017-11-18T08:36:14.929Z",
                "type": "DESELECT",
                "source": "data:click",
                "_t": "01:36:14",
                "_end": "-",
                "data": {
                    "time": 33.900954460868874,
                    "endTime": 35.147886,
                    "type": "move",
                    "id": 2
                }
            },
            {
                "time": "2017-11-18T08:36:22.986Z",
                "type": "SELECT",
                "source": "data:click",
                "_t": "01:36:22",
                "_end": "-",
                "data": {
                    "time": 33.900954460868874,
                    "endTime": 35.32299528695657,
                    "type": "move",
                    "id": 2
                }
            },
            {
                "time": {
                    "start": "2017-11-18T08:36:24.305Z",
                    "end": "2017-11-18T08:36:26.024Z"
                },
                "type": "RESIZE",
                "source": "data:brush",
                "_t": "01:36:24",
                "_end": "01:36:26",
                "data": {
                    "brushing": true,
                    "origin": [
                        33.900954460868874,
                        35.147886
                    ],
                    "_brushside": 1,
                    "start": "2017-11-18T08:36:24.305Z",
                    "ε": 0.1,
                    "mode": "resize"
                }
            },
            {
                "time": "2017-11-18T08:36:27.669Z",
                "type": "DESELECT",
                "source": "data:click",
                "_t": "01:36:27",
                "_end": "-",
                "data": {
                    "time": 33.900954460868874,
                    "endTime": 35.32299528695657,
                    "type": "move",
                    "id": 2
                }
            },
            {
                "time": "2017-11-18T08:36:50.771Z",
                "type": "START",
                "source": "hotkey",
                "_t": "01:36:50",
                "_end": "-",
                "data": {
                    "type": "pill",
                    "time": 246.062121
                }
            },
            {
                "time": "2017-11-18T08:37:05.920Z",
                "type": "END",
                "source": "data:click:h_pos",
                "_t": "01:37:05",
                "_end": "-",
                "data": {
                    "lbl": {
                        "time": 246.062121,
                        "endTime": 254.92493917391283,
                        "type": "pill",
                        "id": 3
                    }
                }
            },
            {
                "time": "2017-11-18T08:37:30.887Z",
                "type": "START",
                "source": "hotkey",
                "_t": "01:37:30",
                "_end": "-",
                "data": {
                    "type": "move",
                    "time": 330.252632
                }
            },
            {
                "time": "2017-11-18T08:37:41.610Z",
                "type": "END",
                "source": "data:click:h_pos",
                "_t": "01:37:41",
                "_end": "-",
                "data": {
                    "lbl": {
                        "time": 330.252632,
                        "endTime": 334.1856666869577,
                        "type": "move",
                        "id": 4
                    }
                }
            },
            {
                "time": "2017-11-18T08:37:54.247Z",
                "type": "START",
                "source": "hotkey",
                "_t": "01:37:54",
                "_end": "-",
                "data": {
                    "type": "pill",
                    "time": 357.914018
                }
            },
            {
                "time": "2017-11-18T08:38:00.409Z",
                "type": "END",
                "source": "data:click:h_pos",
                "_t": "01:38:00",
                "_end": "-",
                "data": {
                    "lbl": {
                        "time": 357.914018,
                        "endTime": 365.39660569566104,
                        "type": "pill",
                        "id": 5
                    }
                }
            },
            {
                "time": "2017-11-18T08:38:36.703Z",
                "type": "START",
                "source": "hotkey",
                "_t": "01:38:36",
                "_end": "-",
                "data": {
                    "type": "move",
                    "time": 494.639569
                }
            },
            {
                "time": "2017-11-18T08:38:44.191Z",
                "type": "END",
                "source": "data:click:h_pos",
                "_t": "01:38:44",
                "_end": "-",
                "data": {
                    "lbl": {
                        "time": 494.639569,
                        "endTime": 501.8726643032004,
                        "type": "move",
                        "id": 6
                    }
                }
            }
        ],
        "navigationEvents": [
            {
                "time": {
                    "start": "2017-11-18T08:34:47.189Z",
                    "end": "2017-11-18T08:35:30.547Z"
                },
                "type": "SCRUB",
                "source": "data:drag",
                "_t": "01:34:47",
                "_end": "01:35:30",
                "data": {
                    "time": 2.2457
                }
            },
            {
                "time": {
                    "start": "2017-11-18T08:34:47.189Z",
                    "end": "2017-11-18T08:35:30.661Z"
                },
                "type": "SCRUB",
                "source": "data:drag",
                "_t": "01:34:47",
                "_end": "01:35:30",
                "data": {
                    "time": 2.2457
                }
            },
            {
                "time": "2017-11-18T08:35:30.664Z",
                "type": "JUMP",
                "source": "data:dblclick:h_pos",
                "_t": "01:35:30",
                "_end": "-",
                "data": {
                    "from": 2.2457,
                    "to": 13.715358295655339
                }
            },
            {
                "time": "2017-11-18T08:35:33.202Z",
                "type": "SKIP",
                "source": "hotkey",
                "_t": "01:35:33",
                "_end": "-",
                "data": {
                    "t": 13.715358,
                    "Δt": -0.033366700033366704,
                    "key": "shift+left"
                }
            },
            {
                "time": "2017-11-18T08:35:34.098Z",
                "type": "SKIP",
                "source": "hotkey",
                "_t": "01:35:34",
                "_end": "-",
                "data": {
                    "t": 13.681991,
                    "Δt": -0.033366700033366704,
                    "key": "shift+left"
                }
            },
            {
                "time": "2017-11-18T08:35:34.683Z",
                "type": "SKIP",
                "source": "hotkey",
                "_t": "01:35:34",
                "_end": "-",
                "data": {
                    "t": 13.648624,
                    "Δt": -0.033366700033366704,
                    "key": "shift+left"
                }
            },
            {
                "time": "2017-11-18T08:35:36.073Z",
                "type": "SKIP",
                "source": "hotkey",
                "_t": "01:35:36",
                "_end": "-",
                "data": {
                    "t": 13.615257,
                    "Δt": 0.033366700033366704,
                    "key": "shift+right"
                }
            },
            {
                "time": "2017-11-18T08:35:38.935Z",
                "type": "PLAY",
                "source": "hotkey",
                "_t": "01:35:38",
                "_end": "-",
                "data": {
                    "key": "space"
                }
            },
            {
                "time": "2017-11-18T08:35:42.837Z",
                "type": "PAUSE",
                "source": "hotkey",
                "_t": "01:35:42",
                "_end": "-",
                "data": {
                    "key": "space"
                }
            },
            {
                "time": {
                    "start": "2017-11-18T08:34:47.189Z",
                    "end": "2017-11-18T08:35:48.682Z"
                },
                "type": "SCRUB",
                "source": "data:drag",
                "_t": "01:34:47",
                "_end": "01:35:48",
                "data": {
                    "time": 17.489297
                }
            },
            {
                "time": {
                    "start": "2017-11-18T08:34:47.189Z",
                    "end": "2017-11-18T08:35:49.502Z"
                },
                "type": "SCRUB",
                "source": "data:drag",
                "_t": "01:34:47",
                "_end": "01:35:49",
                "data": {
                    "time": 17.489297
                }
            },
            {
                "time": {
                    "start": "2017-11-18T08:34:47.189Z",
                    "end": "2017-11-18T08:35:49.595Z"
                },
                "type": "SCRUB",
                "source": "data:drag",
                "_t": "01:34:47",
                "_end": "01:35:49",
                "data": {
                    "time": 17.489297
                }
            },
            {
                "time": "2017-11-18T08:35:49.606Z",
                "type": "JUMP",
                "source": "data:dblclick:h_pos",
                "_t": "01:35:49",
                "_end": "-",
                "data": {
                    "from": 17.489297,
                    "to": 23.80417566087861
                }
            },
            {
                "time": "2017-11-18T08:35:52.881Z",
                "type": "SKIP",
                "source": "hotkey",
                "_t": "01:35:52",
                "_end": "-",
                "data": {
                    "t": 23.804175,
                    "Δt": -0.033366700033366704,
                    "key": "shift+left"
                }
            },
            {
                "time": "2017-11-18T08:35:54.177Z",
                "type": "SKIP",
                "source": "hotkey",
                "_t": "01:35:54",
                "_end": "-",
                "data": {
                    "t": 23.770808,
                    "Δt": -0.033366700033366704,
                    "key": "shift+left"
                }
            },
            {
                "time": {
                    "start": "2017-11-18T08:34:47.189Z",
                    "end": "2017-11-18T08:35:59.992Z"
                },
                "type": "SCRUB",
                "source": "data:drag",
                "_t": "01:34:47",
                "_end": "01:35:59",
                "data": {
                    "time": 23.737441
                }
            },
            {
                "time": {
                    "start": "2017-11-18T08:34:47.189Z",
                    "end": "2017-11-18T08:36:00.093Z"
                },
                "type": "SCRUB",
                "source": "data:drag",
                "_t": "01:34:47",
                "_end": "01:36:00",
                "data": {
                    "time": 23.737441
                }
            },
            {
                "time": "2017-11-18T08:36:00.100Z",
                "type": "JUMP",
                "source": "data:dblclick:h_pos",
                "_t": "01:36:00",
                "_end": "-",
                "data": {
                    "from": 23.737441,
                    "to": 33.86094665218842
                }
            },
            {
                "time": "2017-11-18T08:36:03.205Z",
                "type": "PLAY",
                "source": "hotkey",
                "_t": "01:36:03",
                "_end": "-",
                "data": {
                    "key": "space"
                }
            },
            {
                "time": "2017-11-18T08:36:03.786Z",
                "type": "PAUSE",
                "source": "hotkey",
                "_t": "01:36:03",
                "_end": "-",
                "data": {
                    "key": "space"
                }
            },
            {
                "time": "2017-11-18T08:36:07.593Z",
                "type": "PLAY",
                "source": "hotkey",
                "_t": "01:36:07",
                "_end": "-",
                "data": {
                    "key": "space"
                }
            },
            {
                "time": "2017-11-18T08:36:08.328Z",
                "type": "PAUSE",
                "source": "hotkey",
                "_t": "01:36:08",
                "_end": "-",
                "data": {
                    "key": "space"
                }
            },
            {
                "time": {
                    "start": "2017-11-18T08:34:47.189Z",
                    "end": "2017-11-18T08:36:10.464Z"
                },
                "type": "SCRUB",
                "source": "data:drag",
                "_t": "01:34:47",
                "_end": "01:36:10",
                "data": {
                    "time": 35.147886
                }
            },
            {
                "time": {
                    "start": "2017-11-18T08:34:47.189Z",
                    "end": "2017-11-18T08:36:12.873Z"
                },
                "type": "SCRUB",
                "source": "data:drag",
                "_t": "01:34:47",
                "_end": "01:36:12",
                "data": {
                    "time": 35.147886
                }
            },
            {
                "time": {
                    "start": "2017-11-18T08:34:47.189Z",
                    "end": "2017-11-18T08:36:14.927Z"
                },
                "type": "SCRUB",
                "source": "data:drag",
                "_t": "01:34:47",
                "_end": "01:36:14",
                "data": {
                    "time": 35.147886
                }
            },
            {
                "time": {
                    "start": "2017-11-18T08:34:47.189Z",
                    "end": "2017-11-18T08:36:20.699Z"
                },
                "type": "SCRUB",
                "source": "data:drag",
                "_t": "01:34:47",
                "_end": "01:36:20",
                "data": {
                    "time": 36.70198
                }
            },
            {
                "time": {
                    "start": "2017-11-18T08:34:47.189Z",
                    "end": "2017-11-18T08:36:21.747Z"
                },
                "type": "SCRUB",
                "source": "data:drag",
                "_t": "01:34:47",
                "_end": "01:36:21",
                "data": {
                    "time": 36.70198
                }
            },
            {
                "time": {
                    "start": "2017-11-18T08:34:47.189Z",
                    "end": "2017-11-18T08:36:22.984Z"
                },
                "type": "SCRUB",
                "source": "data:drag",
                "_t": "01:34:47",
                "_end": "01:36:22",
                "data": {
                    "time": 36.70198
                }
            },
            {
                "time": {
                    "start": "2017-11-18T08:34:47.189Z",
                    "end": "2017-11-18T08:36:26.030Z"
                },
                "type": "SCRUB",
                "source": "data:drag",
                "_t": "01:34:47",
                "_end": "01:36:26",
                "data": {
                    "time": 36.70198
                }
            },
            {
                "time": {
                    "start": "2017-11-18T08:34:47.189Z",
                    "end": "2017-11-18T08:36:27.668Z"
                },
                "type": "SCRUB",
                "source": "data:drag",
                "_t": "01:34:47",
                "_end": "01:36:27",
                "data": {
                    "time": 36.70198
                }
            },
            {
                "time": {
                    "start": "2017-11-18T08:34:47.189Z",
                    "end": "2017-11-18T08:36:30.977Z"
                },
                "type": "SCRUB",
                "source": "data:drag",
                "_t": "01:34:47",
                "_end": "01:36:30",
                "data": {
                    "time": 36.70198
                }
            },
            {
                "time": {
                    "start": "2017-11-18T08:34:47.189Z",
                    "end": "2017-11-18T08:36:31.105Z"
                },
                "type": "SCRUB",
                "source": "data:drag",
                "_t": "01:34:47",
                "_end": "01:36:31",
                "data": {
                    "time": 36.70198
                }
            },
            {
                "time": "2017-11-18T08:36:31.109Z",
                "type": "JUMP",
                "source": "data:dblclick:h_pos",
                "_t": "01:36:31",
                "_end": "-",
                "data": {
                    "from": 36.70198,
                    "to": 243.82232682818696
                }
            },
            {
                "time": {
                    "start": "2017-11-18T08:34:47.189Z",
                    "end": "2017-11-18T08:36:46.667Z"
                },
                "type": "SCRUB",
                "source": "data:drag",
                "_t": "01:34:47",
                "_end": "01:36:46",
                "data": {
                    "time": 243.822326
                }
            },
            {
                "time": {
                    "start": "2017-11-18T08:34:47.189Z",
                    "end": "2017-11-18T08:36:46.776Z"
                },
                "type": "SCRUB",
                "source": "data:drag",
                "_t": "01:34:47",
                "_end": "01:36:46",
                "data": {
                    "time": 243.822326
                }
            },
            {
                "time": "2017-11-18T08:36:46.778Z",
                "type": "JUMP",
                "source": "data:dblclick:h_pos",
                "_t": "01:36:46",
                "_end": "-",
                "data": {
                    "from": 243.822326,
                    "to": 246.06212137571026
                }
            },
            {
                "time": "2017-11-18T08:36:51.025Z",
                "type": "PLAY",
                "source": "hotkey",
                "_t": "01:36:51",
                "_end": "-",
                "data": {
                    "key": "space"
                }
            },
            {
                "time": "2017-11-18T08:36:59.348Z",
                "type": "PAUSE",
                "source": "hotkey",
                "_t": "01:36:59",
                "_end": "-",
                "data": {
                    "key": "space"
                }
            },
            {
                "time": {
                    "start": "2017-11-18T08:34:47.189Z",
                    "end": "2017-11-18T08:37:05.917Z"
                },
                "type": "SCRUB",
                "source": "data:drag",
                "_t": "01:34:47",
                "_end": "01:37:05",
                "data": {
                    "time": 254.323001
                }
            },
            {
                "time": {
                    "start": "2017-11-18T08:34:47.189Z",
                    "end": "2017-11-18T08:37:11.787Z"
                },
                "type": "SCRUB",
                "source": "data:drag",
                "_t": "01:34:47",
                "_end": "01:37:11",
                "data": {
                    "time": 254.323001
                }
            },
            {
                "time": {
                    "start": "2017-11-18T08:34:47.189Z",
                    "end": "2017-11-18T08:37:11.886Z"
                },
                "type": "SCRUB",
                "source": "data:drag",
                "_t": "01:34:47",
                "_end": "01:37:11",
                "data": {
                    "time": 254.323001
                }
            },
            {
                "time": "2017-11-18T08:37:11.894Z",
                "type": "JUMP",
                "source": "data:dblclick:h_pos",
                "_t": "01:37:11",
                "_end": "-",
                "data": {
                    "from": 254.323001,
                    "to": 330.1859054388192
                }
            },
            {
                "time": "2017-11-18T08:37:15.786Z",
                "type": "SKIP",
                "source": "hotkey",
                "_t": "01:37:15",
                "_end": "-",
                "data": {
                    "t": 330.185905,
                    "Δt": -0.033366700033366704,
                    "key": "shift+left"
                }
            },
            {
                "time": "2017-11-18T08:37:16.629Z",
                "type": "SKIP",
                "source": "hotkey",
                "_t": "01:37:16",
                "_end": "-",
                "data": {
                    "t": 330.152538,
                    "Δt": -0.033366700033366704,
                    "key": "shift+left"
                }
            },
            {
                "time": "2017-11-18T08:37:17.847Z",
                "type": "SKIP",
                "source": "hotkey",
                "_t": "01:37:17",
                "_end": "-",
                "data": {
                    "t": 330.119171,
                    "Δt": 0.033366700033366704,
                    "key": "shift+right"
                }
            },
            {
                "time": "2017-11-18T08:37:18.204Z",
                "type": "SKIP",
                "source": "hotkey",
                "_t": "01:37:18",
                "_end": "-",
                "data": {
                    "t": 330.152537,
                    "Δt": 0.033366700033366704,
                    "key": "shift+right"
                }
            },
            {
                "time": "2017-11-18T08:37:18.742Z",
                "type": "SKIP",
                "source": "hotkey",
                "_t": "01:37:18",
                "_end": "-",
                "data": {
                    "t": 330.185903,
                    "Δt": 0.033366700033366704,
                    "key": "shift+right"
                }
            },
            {
                "time": "2017-11-18T08:37:19.815Z",
                "type": "SKIP",
                "source": "hotkey",
                "_t": "01:37:19",
                "_end": "-",
                "data": {
                    "t": 330.219269,
                    "Δt": 0.033366700033366704,
                    "key": "shift+right"
                }
            },
            {
                "time": "2017-11-18T08:37:20.966Z",
                "type": "SKIP",
                "source": "hotkey",
                "_t": "01:37:20",
                "_end": "-",
                "data": {
                    "t": 330.252635,
                    "Δt": 0.033366700033366704,
                    "key": "shift+right"
                }
            },
            {
                "time": "2017-11-18T08:37:21.865Z",
                "type": "SKIP",
                "source": "hotkey",
                "_t": "01:37:21",
                "_end": "-",
                "data": {
                    "t": 330.286001,
                    "Δt": 0.033366700033366704,
                    "key": "shift+right"
                }
            },
            {
                "time": {
                    "start": "2017-11-18T08:34:47.189Z",
                    "end": "2017-11-18T08:37:25.733Z"
                },
                "type": "SCRUB",
                "source": "data:drag",
                "_t": "01:34:47",
                "_end": "01:37:25",
                "data": {
                    "time": 330.319367
                }
            },
            {
                "time": "2017-11-18T08:37:25.791Z",
                "type": "SKIP",
                "source": "hotkey",
                "_t": "01:37:25",
                "_end": "-",
                "data": {
                    "t": 330.319367,
                    "Δt": -0.033366700033366704,
                    "key": "shift+left"
                }
            },
            {
                "time": "2017-11-18T08:37:25.920Z",
                "type": "SKIP",
                "source": "hotkey",
                "_t": "01:37:25",
                "_end": "-",
                "data": {
                    "t": 330.286,
                    "Δt": -0.033366700033366704,
                    "key": "shift+left"
                }
            },
            {
                "time": "2017-11-18T08:37:27.438Z",
                "type": "SKIP",
                "source": "hotkey",
                "_t": "01:37:27",
                "_end": "-",
                "data": {
                    "t": 330.252633,
                    "Δt": -0.033366700033366704,
                    "key": "shift+left"
                }
            },
            {
                "time": "2017-11-18T08:37:28.681Z",
                "type": "SKIP",
                "source": "hotkey",
                "_t": "01:37:28",
                "_end": "-",
                "data": {
                    "t": 330.219266,
                    "Δt": 0.033366700033366704,
                    "key": "shift+right"
                }
            },
            {
                "time": "2017-11-18T08:37:32.018Z",
                "type": "PLAY",
                "source": "hotkey",
                "_t": "01:37:32",
                "_end": "-",
                "data": {
                    "key": "space"
                }
            },
            {
                "time": "2017-11-18T08:37:34.105Z",
                "type": "PAUSE",
                "source": "hotkey",
                "_t": "01:37:34",
                "_end": "-",
                "data": {
                    "key": "space"
                }
            },
            {
                "time": "2017-11-18T08:37:34.705Z",
                "type": "PLAY",
                "source": "hotkey",
                "_t": "01:37:34",
                "_end": "-",
                "data": {
                    "key": "space"
                }
            },
            {
                "time": "2017-11-18T08:37:34.993Z",
                "type": "PAUSE",
                "source": "hotkey",
                "_t": "01:37:34",
                "_end": "-",
                "data": {
                    "key": "space"
                }
            },
            {
                "time": "2017-11-18T08:37:35.704Z",
                "type": "PLAY",
                "source": "hotkey",
                "_t": "01:37:35",
                "_end": "-",
                "data": {
                    "key": "space"
                }
            },
            {
                "time": "2017-11-18T08:37:38.603Z",
                "type": "PAUSE",
                "source": "hotkey",
                "_t": "01:37:38",
                "_end": "-",
                "data": {
                    "key": "space"
                }
            },
            {
                "time": {
                    "start": "2017-11-18T08:34:47.189Z",
                    "end": "2017-11-18T08:37:41.606Z"
                },
                "type": "SCRUB",
                "source": "data:drag",
                "_t": "01:34:47",
                "_end": "01:37:41",
                "data": {
                    "time": 335.520875
                }
            },
            {
                "time": {
                    "start": "2017-11-18T08:34:47.189Z",
                    "end": "2017-11-18T08:37:46.043Z"
                },
                "type": "SCRUB",
                "source": "data:drag",
                "_t": "01:34:47",
                "_end": "01:37:46",
                "data": {
                    "time": 335.520875
                }
            },
            {
                "time": {
                    "start": "2017-11-18T08:34:47.189Z",
                    "end": "2017-11-18T08:37:46.117Z"
                },
                "type": "SCRUB",
                "source": "data:drag",
                "_t": "01:34:47",
                "_end": "01:37:46",
                "data": {
                    "time": 335.520875
                }
            },
            {
                "time": "2017-11-18T08:37:46.121Z",
                "type": "JUMP",
                "source": "data:dblclick:h_pos",
                "_t": "01:37:46",
                "_end": "-",
                "data": {
                    "from": 335.520875,
                    "to": 357.4105799094582
                }
            },
            {
                "time": {
                    "start": "2017-11-18T08:34:47.189Z",
                    "end": "2017-11-18T08:37:50.633Z"
                },
                "type": "SCRUB",
                "source": "data:drag",
                "_t": "01:34:47",
                "_end": "01:37:50",
                "data": {
                    "time": 357.410579
                }
            },
            {
                "time": {
                    "start": "2017-11-18T08:34:47.189Z",
                    "end": "2017-11-18T08:37:50.727Z"
                },
                "type": "SCRUB",
                "source": "data:drag",
                "_t": "01:34:47",
                "_end": "01:37:50",
                "data": {
                    "time": 357.410579
                }
            },
            {
                "time": "2017-11-18T08:37:50.733Z",
                "type": "JUMP",
                "source": "data:dblclick:h_pos",
                "_t": "01:37:50",
                "_end": "-",
                "data": {
                    "from": 357.410579,
                    "to": 357.9140182000007
                }
            },
            {
                "time": "2017-11-18T08:37:54.709Z",
                "type": "PLAY",
                "source": "hotkey",
                "_t": "01:37:54",
                "_end": "-",
                "data": {
                    "key": "space"
                }
            },
            {
                "time": "2017-11-18T08:37:56.056Z",
                "type": "PAUSE",
                "source": "hotkey",
                "_t": "01:37:56",
                "_end": "-",
                "data": {
                    "key": "space"
                }
            },
            {
                "time": {
                    "start": "2017-11-18T08:34:47.189Z",
                    "end": "2017-11-18T08:38:00.405Z"
                },
                "type": "SCRUB",
                "source": "data:drag",
                "_t": "01:34:47",
                "_end": "01:38:00",
                "data": {
                    "time": 359.213059
                }
            },
            {
                "time": {
                    "start": "2017-11-18T08:34:47.189Z",
                    "end": "2017-11-18T08:38:04.400Z"
                },
                "type": "SCRUB",
                "source": "data:drag",
                "_t": "01:34:47",
                "_end": "01:38:04",
                "data": {
                    "time": 359.213059
                }
            },
            {
                "time": {
                    "start": "2017-11-18T08:34:47.189Z",
                    "end": "2017-11-18T08:38:04.517Z"
                },
                "type": "SCRUB",
                "source": "data:drag",
                "_t": "01:34:47",
                "_end": "01:38:04",
                "data": {
                    "time": 359.213059
                }
            },
            {
                "time": "2017-11-18T08:38:04.525Z",
                "type": "JUMP",
                "source": "data:dblclick:h_pos",
                "_t": "01:38:04",
                "_end": "-",
                "data": {
                    "from": 359.213059,
                    "to": 493.97165580214727
                }
            },
            {
                "time": "2017-11-18T08:38:08.871Z",
                "type": "PLAY",
                "source": "hotkey",
                "_t": "01:38:08",
                "_end": "-",
                "data": {
                    "key": "space"
                }
            },
            {
                "time": "2017-11-18T08:38:09.603Z",
                "type": "PAUSE",
                "source": "hotkey",
                "_t": "01:38:09",
                "_end": "-",
                "data": {
                    "key": "space"
                }
            },
            {
                "time": "2017-11-18T08:38:37.092Z",
                "type": "PLAY",
                "source": "hotkey",
                "_t": "01:38:37",
                "_end": "-",
                "data": {
                    "key": "space"
                }
            },
            {
                "time": "2017-11-18T08:38:40.917Z",
                "type": "PAUSE",
                "source": "hotkey",
                "_t": "01:38:40",
                "_end": "-",
                "data": {
                    "key": "space"
                }
            },
            {
                "time": {
                    "start": "2017-11-18T08:34:47.189Z",
                    "end": "2017-11-18T08:38:44.186Z"
                },
                "type": "SCRUB",
                "source": "data:drag",
                "_t": "01:34:47",
                "_end": "01:38:44",
                "data": {
                    "time": 496.995231
                }
            }
        ]
    }
}