{
    "user_id": "4040",
    "session_id": "5a0fe4e35efd4d725417b963",
    "study": "gold",
    "workspace": "pill.pills-red",
    "details": {
        "workspace": "pill.pills-red",
        "labels": [
            {
                "time": 13.630647,
                "endTime": 23.714346344306254,
                "type": "pill",
                "id": 1
            },
            {
                "time": 33.859385,
                "endTime": 35.46489378608698,
                "type": "move",
                "id": 2
            },
            {
                "time": 246.113207,
                "endTime": 255.15648097877215,
                "type": "pill",
                "id": 3
            },
            {
                "time": 330.229426,
                "endTime": 334.7182975039626,
                "type": "move",
                "id": 4
            },
            {
                "time": 357.8853,
                "endTime": 365.4868926198491,
                "type": "pill",
                "id": 5
            },
            {
                "time": 494.849315,
                "endTime": 501.89389436753254,
                "type": "move",
                "id": 6
            }
        ],
        "_starts": [
            "2017-11-18T08:36:12.000Z"
        ],
        "_ends": [
            "2017-11-18T08:41:40.799Z"
        ]
    },
    "labels_file": "/home/ubuntu/vat/data/user-studies/gold/pill-red/4040.labels.json",
    "videoFlash": 2.2457,
    "surveys": {
        "user-info": {
            "firstname": "Broderick",
            "lastname": "Gardner"
        }
    },
    "logs": {
        "labelEvents": [
            {
                "time": "2017-11-18T08:37:42.803Z",
                "type": "START",
                "source": "hotkey",
                "_t": "01:37:42",
                "_end": "-",
                "data": {
                    "type": "pill",
                    "time": 13.630647
                }
            },
            {
                "time": "2017-11-18T08:37:46.736Z",
                "type": "END",
                "source": "data:click:h_pos",
                "_t": "01:37:46",
                "_end": "-",
                "data": {
                    "lbl": {
                        "time": 13.630647,
                        "endTime": 23.714346344306254,
                        "type": "pill",
                        "id": 1
                    }
                }
            },
            {
                "time": "2017-11-18T08:38:12.417Z",
                "type": "START",
                "source": "hotkey",
                "_t": "01:38:12",
                "_end": "-",
                "data": {
                    "type": "move",
                    "time": 33.859385
                }
            },
            {
                "time": "2017-11-18T08:38:16.826Z",
                "type": "END",
                "source": "data:click:h_pos",
                "_t": "01:38:16",
                "_end": "-",
                "data": {
                    "lbl": {
                        "time": 33.859385,
                        "endTime": 35.46489378608698,
                        "type": "move",
                        "id": 2
                    }
                }
            },
            {
                "time": "2017-11-18T08:39:23.078Z",
                "type": "START",
                "source": "hotkey",
                "_t": "01:39:23",
                "_end": "-",
                "data": {
                    "type": "pill",
                    "time": 246.113207
                }
            },
            {
                "time": "2017-11-18T08:39:32.987Z",
                "type": "END",
                "source": "data:click:h_pos",
                "_t": "01:39:32",
                "_end": "-",
                "data": {
                    "lbl": {
                        "time": 246.113207,
                        "endTime": 255.15648097877215,
                        "type": "pill",
                        "id": 3
                    }
                }
            },
            {
                "time": "2017-11-18T08:40:00.485Z",
                "type": "START",
                "source": "hotkey",
                "_t": "01:40:00",
                "_end": "-",
                "data": {
                    "type": "move",
                    "time": 330.229426
                }
            },
            {
                "time": "2017-11-18T08:40:03.215Z",
                "type": "END",
                "source": "data:click:h_pos",
                "_t": "01:40:03",
                "_end": "-",
                "data": {
                    "lbl": {
                        "time": 330.229426,
                        "endTime": 334.7182975039626,
                        "type": "move",
                        "id": 4
                    }
                }
            },
            {
                "time": "2017-11-18T08:40:13.695Z",
                "type": "START",
                "source": "hotkey",
                "_t": "01:40:13",
                "_end": "-",
                "data": {
                    "type": "pill",
                    "time": 357.8853
                }
            },
            {
                "time": "2017-11-18T08:40:18.742Z",
                "type": "END",
                "source": "data:click:h_pos",
                "_t": "01:40:18",
                "_end": "-",
                "data": {
                    "lbl": {
                        "time": 357.8853,
                        "endTime": 365.4868926198491,
                        "type": "pill",
                        "id": 5
                    }
                }
            },
            {
                "time": "2017-11-18T08:41:25.632Z",
                "type": "START",
                "source": "hotkey",
                "_t": "01:41:25",
                "_end": "-",
                "data": {
                    "type": "move",
                    "time": 494.849315
                }
            },
            {
                "time": "2017-11-18T08:41:30.143Z",
                "type": "END",
                "source": "data:click:h_pos",
                "_t": "01:41:30",
                "_end": "-",
                "data": {
                    "lbl": {
                        "time": 494.849315,
                        "endTime": 501.89389436753254,
                        "type": "move",
                        "id": 6
                    }
                }
            }
        ],
        "navigationEvents": [
            {
                "time": "2017-11-18T08:37:12.282Z",
                "type": "PLAY",
                "source": "video:button",
                "_t": "01:37:12",
                "_end": "-"
            },
            {
                "time": "2017-11-18T08:37:24.288Z",
                "type": "PAUSE",
                "source": "hotkey",
                "_t": "01:37:24",
                "_end": "-",
                "data": {
                    "key": "space"
                }
            },
            {
                "time": "2017-11-18T08:37:27.141Z",
                "type": "SKIP",
                "source": "hotkey",
                "_t": "01:37:27",
                "_end": "-",
                "data": {
                    "t": 13.93095,
                    "Δt": -0.033366700033366704,
                    "key": "shift+left"
                }
            },
            {
                "time": "2017-11-18T08:37:27.634Z",
                "type": "SKIP",
                "source": "hotkey",
                "_t": "01:37:27",
                "_end": "-",
                "data": {
                    "t": 13.897583,
                    "Δt": -0.033366700033366704,
                    "key": "shift+left"
                }
            },
            {
                "time": "2017-11-18T08:37:29.161Z",
                "type": "SKIP",
                "source": "hotkey",
                "_t": "01:37:29",
                "_end": "-",
                "data": {
                    "t": 13.864216,
                    "Δt": -0.033366700033366704,
                    "key": "shift+left"
                }
            },
            {
                "time": "2017-11-18T08:37:31.486Z",
                "type": "SKIP",
                "source": "hotkey",
                "_t": "01:37:31",
                "_end": "-",
                "data": {
                    "t": 13.830849,
                    "Δt": -0.033366700033366704,
                    "key": "shift+left"
                }
            },
            {
                "time": "2017-11-18T08:37:32.444Z",
                "type": "SKIP",
                "source": "hotkey",
                "_t": "01:37:32",
                "_end": "-",
                "data": {
                    "t": 13.797482,
                    "Δt": -0.033366700033366704,
                    "key": "shift+left"
                }
            },
            {
                "time": "2017-11-18T08:37:33.105Z",
                "type": "SKIP",
                "source": "hotkey",
                "_t": "01:37:33",
                "_end": "-",
                "data": {
                    "t": 13.764115,
                    "Δt": -0.033366700033366704,
                    "key": "shift+left"
                }
            },
            {
                "time": "2017-11-18T08:37:33.773Z",
                "type": "SKIP",
                "source": "hotkey",
                "_t": "01:37:33",
                "_end": "-",
                "data": {
                    "t": 13.730748,
                    "Δt": -0.033366700033366704,
                    "key": "shift+left"
                }
            },
            {
                "time": "2017-11-18T08:37:34.441Z",
                "type": "SKIP",
                "source": "hotkey",
                "_t": "01:37:34",
                "_end": "-",
                "data": {
                    "t": 13.697381,
                    "Δt": -0.033366700033366704,
                    "key": "shift+left"
                }
            },
            {
                "time": "2017-11-18T08:37:38.057Z",
                "type": "SKIP",
                "source": "hotkey",
                "_t": "01:37:38",
                "_end": "-",
                "data": {
                    "t": 13.664014,
                    "Δt": -0.033366700033366704,
                    "key": "shift+left"
                }
            },
            {
                "time": {
                    "start": "2017-11-18T08:36:12.250Z",
                    "end": "2017-11-18T08:37:46.729Z"
                },
                "type": "SCRUB",
                "source": "data:drag",
                "_t": "01:36:12",
                "_end": "01:37:46",
                "data": {
                    "time": 13.630647
                }
            },
            {
                "time": {
                    "start": "2017-11-18T08:36:12.250Z",
                    "end": "2017-11-18T08:37:52.340Z"
                },
                "type": "SCRUB",
                "source": "data:drag",
                "_t": "01:36:12",
                "_end": "01:37:52",
                "data": {
                    "time": 23.653964911106815
                }
            },
            {
                "time": {
                    "start": "2017-11-18T08:36:12.250Z",
                    "end": "2017-11-18T08:37:55.873Z"
                },
                "type": "SCRUB",
                "source": "data:drag",
                "_t": "01:36:12",
                "_end": "01:37:55",
                "data": {
                    "time": 31.82961105520399
                }
            },
            {
                "time": {
                    "start": "2017-11-18T08:36:12.250Z",
                    "end": "2017-11-18T08:38:00.937Z"
                },
                "type": "SCRUB",
                "source": "data:drag",
                "_t": "01:36:12",
                "_end": "01:38:00",
                "data": {
                    "time": 33.92491590437024
                }
            },
            {
                "time": {
                    "start": "2017-11-18T08:36:12.250Z",
                    "end": "2017-11-18T08:38:01.386Z"
                },
                "type": "SCRUB",
                "source": "data:drag",
                "_t": "01:36:12",
                "_end": "01:38:01",
                "data": {
                    "time": 33.924916
                }
            },
            {
                "time": {
                    "start": "2017-11-18T08:36:12.250Z",
                    "end": "2017-11-18T08:38:06.013Z"
                },
                "type": "SCRUB",
                "source": "data:drag",
                "_t": "01:36:12",
                "_end": "01:38:06",
                "data": {
                    "time": 33.85938502914137
                }
            },
            {
                "time": {
                    "start": "2017-11-18T08:36:12.250Z",
                    "end": "2017-11-18T08:38:16.818Z"
                },
                "type": "SCRUB",
                "source": "data:drag",
                "_t": "01:36:12",
                "_end": "01:38:16",
                "data": {
                    "time": 33.859385
                }
            },
            {
                "time": {
                    "start": "2017-11-18T08:36:12.250Z",
                    "end": "2017-11-18T08:38:37.283Z"
                },
                "type": "SCRUB",
                "source": "data:drag",
                "_t": "01:36:12",
                "_end": "01:38:37",
                "data": {
                    "time": 55.84502572376251
                }
            },
            {
                "time": {
                    "start": "2017-11-18T08:36:12.250Z",
                    "end": "2017-11-18T08:38:38.590Z"
                },
                "type": "SCRUB",
                "source": "data:drag",
                "_t": "01:36:12",
                "_end": "01:38:38",
                "data": {
                    "time": 78.7808658012338
                }
            },
            {
                "time": {
                    "start": "2017-11-18T08:36:12.250Z",
                    "end": "2017-11-18T08:38:39.963Z"
                },
                "type": "SCRUB",
                "source": "data:drag",
                "_t": "01:36:12",
                "_end": "01:38:39",
                "data": {
                    "time": 101.78223677209448
                }
            },
            {
                "time": {
                    "start": "2017-11-18T08:36:12.250Z",
                    "end": "2017-11-18T08:38:41.856Z"
                },
                "type": "SCRUB",
                "source": "data:drag",
                "_t": "01:36:12",
                "_end": "01:38:41",
                "data": {
                    "time": 129.01035539260758
                }
            },
            {
                "time": {
                    "start": "2017-11-18T08:36:12.250Z",
                    "end": "2017-11-18T08:38:47.841Z"
                },
                "type": "SCRUB",
                "source": "data:drag",
                "_t": "01:36:12",
                "_end": "01:38:47",
                "data": {
                    "time": 212.30927893641856
                }
            },
            {
                "time": {
                    "start": "2017-11-18T08:36:12.250Z",
                    "end": "2017-11-18T08:38:49.792Z"
                },
                "type": "SCRUB",
                "source": "data:drag",
                "_t": "01:36:12",
                "_end": "01:38:49",
                "data": {
                    "time": 242.179544
                }
            },
            {
                "time": {
                    "start": "2017-11-18T08:36:12.250Z",
                    "end": "2017-11-18T08:39:09.633Z"
                },
                "type": "SCRUB",
                "source": "data:drag",
                "_t": "01:36:12",
                "_end": "01:39:09",
                "data": {
                    "time": 246.01310579535487
                }
            },
            {
                "time": "2017-11-18T08:39:12.143Z",
                "type": "SKIP",
                "source": "hotkey",
                "_t": "01:39:12",
                "_end": "-",
                "data": {
                    "t": 246.013106,
                    "Δt": 0.033366700033366704,
                    "key": "shift+right"
                }
            },
            {
                "time": "2017-11-18T08:39:13.316Z",
                "type": "SKIP",
                "source": "hotkey",
                "_t": "01:39:13",
                "_end": "-",
                "data": {
                    "t": 246.046473,
                    "Δt": 0.033366700033366704,
                    "key": "shift+right"
                }
            },
            {
                "time": "2017-11-18T08:39:16.566Z",
                "type": "SKIP",
                "source": "hotkey",
                "_t": "01:39:16",
                "_end": "-",
                "data": {
                    "t": 246.07984,
                    "Δt": 0.033366700033366704,
                    "key": "shift+right"
                }
            },
            {
                "time": "2017-11-18T08:39:18.165Z",
                "type": "SKIP",
                "source": "hotkey",
                "_t": "01:39:18",
                "_end": "-",
                "data": {
                    "t": 246.113207,
                    "Δt": 0.033366700033366704,
                    "key": "shift+right"
                }
            },
            {
                "time": "2017-11-18T08:39:19.529Z",
                "type": "SKIP",
                "source": "hotkey",
                "_t": "01:39:19",
                "_end": "-",
                "data": {
                    "t": 246.146574,
                    "Δt": -0.033366700033366704,
                    "key": "shift+left"
                }
            },
            {
                "time": {
                    "start": "2017-11-18T08:36:12.250Z",
                    "end": "2017-11-18T08:39:32.978Z"
                },
                "type": "SCRUB",
                "source": "data:drag",
                "_t": "01:36:12",
                "_end": "01:39:32",
                "data": {
                    "time": 246.113207
                }
            },
            {
                "time": {
                    "start": "2017-11-18T08:36:12.250Z",
                    "end": "2017-11-18T08:39:38.032Z"
                },
                "type": "SCRUB",
                "source": "data:drag",
                "_t": "01:36:12",
                "_end": "01:39:38",
                "data": {
                    "time": 255.09095000791152
                }
            },
            {
                "time": {
                    "start": "2017-11-18T08:36:12.250Z",
                    "end": "2017-11-18T08:39:40.134Z"
                },
                "type": "SCRUB",
                "source": "data:drag",
                "_t": "01:36:12",
                "_end": "01:39:40",
                "data": {
                    "time": 293.3610369826029
                }
            },
            {
                "time": {
                    "start": "2017-11-18T08:36:12.250Z",
                    "end": "2017-11-18T08:39:43.486Z"
                },
                "type": "SCRUB",
                "source": "data:drag",
                "_t": "01:36:12",
                "_end": "01:39:43",
                "data": {
                    "time": 329.829022
                }
            },
            {
                "time": "2017-11-18T08:39:45.894Z",
                "type": "SKIP",
                "source": "hotkey",
                "_t": "01:39:45",
                "_end": "-",
                "data": {
                    "t": 329.829022,
                    "Δt": 0.033366700033366704,
                    "key": "shift+right"
                }
            },
            {
                "time": "2017-11-18T08:39:49.759Z",
                "type": "SKIP",
                "source": "hotkey",
                "_t": "01:39:49",
                "_end": "-",
                "data": {
                    "t": 329.862389,
                    "Δt": 0.033366700033366704,
                    "key": "shift+right"
                }
            },
            {
                "time": "2017-11-18T08:39:50.644Z",
                "type": "SKIP",
                "source": "hotkey",
                "_t": "01:39:50",
                "_end": "-",
                "data": {
                    "t": 329.895756,
                    "Δt": 0.033366700033366704,
                    "key": "shift+right"
                }
            },
            {
                "time": "2017-11-18T08:39:51.323Z",
                "type": "SKIP",
                "source": "hotkey",
                "_t": "01:39:51",
                "_end": "-",
                "data": {
                    "t": 329.929123,
                    "Δt": 0.033366700033366704,
                    "key": "shift+right"
                }
            },
            {
                "time": "2017-11-18T08:39:51.956Z",
                "type": "SKIP",
                "source": "hotkey",
                "_t": "01:39:51",
                "_end": "-",
                "data": {
                    "t": 329.96249,
                    "Δt": 0.033366700033366704,
                    "key": "shift+right"
                }
            },
            {
                "time": "2017-11-18T08:39:52.569Z",
                "type": "SKIP",
                "source": "hotkey",
                "_t": "01:39:52",
                "_end": "-",
                "data": {
                    "t": 329.995857,
                    "Δt": 0.033366700033366704,
                    "key": "shift+right"
                }
            },
            {
                "time": "2017-11-18T08:39:53.262Z",
                "type": "SKIP",
                "source": "hotkey",
                "_t": "01:39:53",
                "_end": "-",
                "data": {
                    "t": 330.029224,
                    "Δt": 0.033366700033366704,
                    "key": "shift+right"
                }
            },
            {
                "time": "2017-11-18T08:39:53.802Z",
                "type": "SKIP",
                "source": "hotkey",
                "_t": "01:39:53",
                "_end": "-",
                "data": {
                    "t": 330.062591,
                    "Δt": 0.033366700033366704,
                    "key": "shift+right"
                }
            },
            {
                "time": "2017-11-18T08:39:54.925Z",
                "type": "SKIP",
                "source": "hotkey",
                "_t": "01:39:54",
                "_end": "-",
                "data": {
                    "t": 330.095958,
                    "Δt": 0.033366700033366704,
                    "key": "shift+right"
                }
            },
            {
                "time": "2017-11-18T08:39:56.303Z",
                "type": "SKIP",
                "source": "hotkey",
                "_t": "01:39:56",
                "_end": "-",
                "data": {
                    "t": 330.129325,
                    "Δt": 0.033366700033366704,
                    "key": "shift+right"
                }
            },
            {
                "time": "2017-11-18T08:39:57.270Z",
                "type": "SKIP",
                "source": "hotkey",
                "_t": "01:39:57",
                "_end": "-",
                "data": {
                    "t": 330.162692,
                    "Δt": 0.033366700033366704,
                    "key": "shift+right"
                }
            },
            {
                "time": "2017-11-18T08:39:58.359Z",
                "type": "SKIP",
                "source": "hotkey",
                "_t": "01:39:58",
                "_end": "-",
                "data": {
                    "t": 330.196059,
                    "Δt": 0.033366700033366704,
                    "key": "shift+right"
                }
            },
            {
                "time": {
                    "start": "2017-11-18T08:36:12.250Z",
                    "end": "2017-11-18T08:40:03.212Z"
                },
                "type": "SCRUB",
                "source": "data:drag",
                "_t": "01:36:12",
                "_end": "01:40:03",
                "data": {
                    "time": 330.229426
                }
            },
            {
                "time": {
                    "start": "2017-11-18T08:36:12.250Z",
                    "end": "2017-11-18T08:40:07.563Z"
                },
                "type": "SCRUB",
                "source": "data:drag",
                "_t": "01:36:12",
                "_end": "01:40:07",
                "data": {
                    "time": 357.78519924695286
                }
            },
            {
                "time": "2017-11-18T08:40:08.565Z",
                "type": "SKIP",
                "source": "hotkey",
                "_t": "01:40:08",
                "_end": "-",
                "data": {
                    "t": 357.785199,
                    "Δt": 0.033366700033366704,
                    "key": "shift+right"
                }
            },
            {
                "time": "2017-11-18T08:40:09.480Z",
                "type": "SKIP",
                "source": "hotkey",
                "_t": "01:40:09",
                "_end": "-",
                "data": {
                    "t": 357.818566,
                    "Δt": 0.033366700033366704,
                    "key": "shift+right"
                }
            },
            {
                "time": "2017-11-18T08:40:10.135Z",
                "type": "SKIP",
                "source": "hotkey",
                "_t": "01:40:10",
                "_end": "-",
                "data": {
                    "t": 357.851933,
                    "Δt": 0.033366700033366704,
                    "key": "shift+right"
                }
            },
            {
                "time": {
                    "start": "2017-11-18T08:36:12.250Z",
                    "end": "2017-11-18T08:40:18.736Z"
                },
                "type": "SCRUB",
                "source": "data:drag",
                "_t": "01:36:12",
                "_end": "01:40:18",
                "data": {
                    "time": 357.8853
                }
            },
            {
                "time": {
                    "start": "2017-11-18T08:36:12.250Z",
                    "end": "2017-11-18T08:40:23.617Z"
                },
                "type": "SCRUB",
                "source": "data:drag",
                "_t": "01:36:12",
                "_end": "01:40:23",
                "data": {
                    "time": 389.99547572177613
                }
            },
            {
                "time": {
                    "start": "2017-11-18T08:36:12.250Z",
                    "end": "2017-11-18T08:40:53.369Z"
                },
                "type": "SCRUB",
                "source": "data:drag",
                "_t": "01:36:12",
                "_end": "01:40:53",
                "data": {
                    "time": 416.6338156548424
                }
            },
            {
                "time": {
                    "start": "2017-11-18T08:36:12.250Z",
                    "end": "2017-11-18T08:40:54.963Z"
                },
                "type": "SCRUB",
                "source": "data:drag",
                "_t": "01:36:12",
                "_end": "01:40:54",
                "data": {
                    "time": 442.12536331968107
                }
            },
            {
                "time": {
                    "start": "2017-11-18T08:36:12.250Z",
                    "end": "2017-11-18T08:40:57.224Z"
                },
                "type": "SCRUB",
                "source": "data:drag",
                "_t": "01:36:12",
                "_end": "01:40:57",
                "data": {
                    "time": 460.5723312973061
                }
            },
            {
                "time": {
                    "start": "2017-11-18T08:36:12.250Z",
                    "end": "2017-11-18T08:41:00.827Z"
                },
                "type": "SCRUB",
                "source": "data:drag",
                "_t": "01:36:12",
                "_end": "01:41:00",
                "data": {
                    "time": 485.3758034708007
                }
            },
            {
                "time": {
                    "start": "2017-11-18T08:36:12.250Z",
                    "end": "2017-11-18T08:41:06.498Z"
                },
                "type": "SCRUB",
                "source": "data:drag",
                "_t": "01:36:12",
                "_end": "01:41:06",
                "data": {
                    "time": 494.6156698913402
                }
            },
            {
                "time": "2017-11-18T08:41:08.452Z",
                "type": "PLAY",
                "source": "hotkey",
                "_t": "01:41:08",
                "_end": "-",
                "data": {
                    "key": "space"
                }
            },
            {
                "time": "2017-11-18T08:41:08.865Z",
                "type": "PAUSE",
                "source": "hotkey",
                "_t": "01:41:08",
                "_end": "-",
                "data": {
                    "key": "space"
                }
            },
            {
                "time": "2017-11-18T08:41:13.968Z",
                "type": "SKIP",
                "source": "hotkey",
                "_t": "01:41:13",
                "_end": "-",
                "data": {
                    "t": 495.016149,
                    "Δt": -0.033366700033366704,
                    "key": "shift+left"
                }
            },
            {
                "time": "2017-11-18T08:41:14.937Z",
                "type": "SKIP",
                "source": "hotkey",
                "_t": "01:41:14",
                "_end": "-",
                "data": {
                    "t": 494.982782,
                    "Δt": -0.033366700033366704,
                    "key": "shift+left"
                }
            },
            {
                "time": "2017-11-18T08:41:15.805Z",
                "type": "SKIP",
                "source": "hotkey",
                "_t": "01:41:15",
                "_end": "-",
                "data": {
                    "t": 494.94941529996663,
                    "Δt": -0.033366700033366704,
                    "key": "shift+left"
                }
            },
            {
                "time": "2017-11-18T08:41:17.286Z",
                "type": "SKIP",
                "source": "hotkey",
                "_t": "01:41:17",
                "_end": "-",
                "data": {
                    "t": 494.916049,
                    "Δt": -0.033366700033366704,
                    "key": "shift+left"
                }
            },
            {
                "time": "2017-11-18T08:41:18.855Z",
                "type": "SKIP",
                "source": "hotkey",
                "_t": "01:41:18",
                "_end": "-",
                "data": {
                    "t": 494.882682,
                    "Δt": -0.033366700033366704,
                    "key": "shift+left"
                }
            },
            {
                "time": {
                    "start": "2017-11-18T08:36:12.250Z",
                    "end": "2017-11-18T08:41:30.137Z"
                },
                "type": "SCRUB",
                "source": "data:drag",
                "_t": "01:36:12",
                "_end": "01:41:30",
                "data": {
                    "time": 494.849315
                }
            },
            {
                "time": {
                    "start": "2017-11-18T08:36:12.250Z",
                    "end": "2017-11-18T08:41:31.973Z"
                },
                "type": "SCRUB",
                "source": "data:drag",
                "_t": "01:36:12",
                "_end": "01:41:31",
                "data": {
                    "time": 528.6305304787257
                }
            },
            {
                "time": {
                    "start": "2017-11-18T08:36:12.250Z",
                    "end": "2017-11-18T08:41:33.703Z"
                },
                "type": "SCRUB",
                "source": "data:drag",
                "_t": "01:36:12",
                "_end": "01:41:33",
                "data": {
                    "time": 555.9241793634478
                }
            },
            {
                "time": {
                    "start": "2017-11-18T08:36:12.250Z",
                    "end": "2017-11-18T08:41:34.984Z"
                },
                "type": "SCRUB",
                "source": "data:drag",
                "_t": "01:36:12",
                "_end": "01:41:34",
                "data": {
                    "time": 590.7538900124582
                }
            },
            {
                "time": {
                    "start": "2017-11-18T08:36:12.250Z",
                    "end": "2017-11-18T08:41:36.261Z"
                },
                "type": "SCRUB",
                "source": "data:drag",
                "_t": "01:36:12",
                "_end": "01:41:36",
                "data": {
                    "time": 629.298583
                }
            },
            {
                "time": {
                    "start": "2017-11-18T08:36:12.250Z",
                    "end": "2017-11-18T08:41:38.057Z"
                },
                "type": "SCRUB",
                "source": "data:drag",
                "_t": "01:36:12",
                "_end": "01:41:38",
                "data": {
                    "time": 629.298583
                }
            }
        ]
    }
}