[
    {
        "time": 13.630647,
        "endTime": 23.80417566087861,
        "id": 1,
        "type": "pill"
    },
    {
        "time": 33.859385,
        "endTime": 35.46489378608698,
        "id": 2,
        "type": "move"
    },
    {
        "time": 246.062121,
        "endTime": 255.15648097877215,
        "id": 3,
        "type": "pill"
    },
    {
        "time": 330.229426,
        "endTime": 334.7182975039626,
        "id": 4,
        "type": "move"
    },
    {
        "time": 357.8853,
        "endTime": 365.4868926198491,
        "id": 5,
        "type": "pill"
    },
    {
        "time": 494.639569,
        "endTime": 501.89389436753254,
        "id": 6,
        "type": "move"
    }
]