{
    "user_id": "blue3",
    "session_id": "5cf01dad81249f67dd06a9a6",
    "study": "studyE",
    "workspace": "cane.cane-vid3-dat3",
    "details": {
        "workspace": "cane.cane-vid3-dat3",
        "labels": [
            {
                "time": 38.75295,
                "endTime": 39.63619610772368,
                "type": "ground",
                "id": 1
            }
        ],
        "_starts": [
            "2019-05-30T18:15:26.000Z"
        ],
        "_ends": [
            "2019-05-30T18:16:59.947Z"
        ]
    },
    "labels_file": "/home/ubuntu/vat/data/user-studies/studyE/practice-first/blue3.labels.json",
    "videoFlash": 1.747661,
    "surveys": {
        "user-info": {
            "firstname": "Jeremy",
            "lastname": "Willey",
            "email": "jeremywilley516@gmail.com"
        }
    },
    "logs": {
        "labelEvents": [
            {
                "time": "2019-05-30T18:16:54.665Z",
                "type": "START",
                "source": "side-bar:button",
                "_t": "12:16:54",
                "_end": "-",
                "data": {
                    "type": "ground",
                    "time": 38.75295
                }
            },
            {
                "time": "2019-05-30T18:16:57.830Z",
                "type": "END",
                "source": "data:click:h_pos",
                "_t": "12:16:57",
                "_end": "-",
                "data": {
                    "lbl": {
                        "time": 38.75295,
                        "endTime": 39.63619610772368,
                        "type": "ground",
                        "id": 1
                    }
                }
            }
        ],
        "navigationEvents": [
            {
                "time": {
                    "start": "2019-05-30T18:15:26.064Z",
                    "end": "2019-05-30T18:15:55.901Z"
                },
                "type": "SCRUB",
                "source": "data:drag",
                "_t": "12:15:26",
                "_end": "12:15:55",
                "data": {
                    "time": 17.519478
                }
            },
            {
                "time": {
                    "start": "2019-05-30T18:15:26.064Z",
                    "end": "2019-05-30T18:15:57.517Z"
                },
                "type": "SCRUB",
                "source": "data:drag",
                "_t": "12:15:26",
                "_end": "12:15:57",
                "data": {
                    "time": 25.379995
                }
            },
            {
                "time": {
                    "start": "2019-05-30T18:15:26.064Z",
                    "end": "2019-05-30T18:15:58.356Z"
                },
                "type": "SCRUB",
                "source": "data:drag",
                "_t": "12:15:26",
                "_end": "12:15:58",
                "data": {
                    "time": 30.876468
                }
            },
            {
                "time": {
                    "start": "2019-05-30T18:15:26.064Z",
                    "end": "2019-05-30T18:16:01.778Z"
                },
                "type": "SCRUB",
                "source": "data:drag",
                "_t": "12:15:26",
                "_end": "12:16:01",
                "data": {
                    "time": 37.314744
                }
            },
            {
                "time": {
                    "start": "2019-05-30T18:15:26.064Z",
                    "end": "2019-05-30T18:16:24.150Z"
                },
                "type": "SCRUB",
                "source": "data:drag",
                "_t": "12:15:26",
                "_end": "12:16:24",
                "data": {
                    "time": 51.045423
                }
            },
            {
                "time": {
                    "start": "2019-05-30T18:15:26.064Z",
                    "end": "2019-05-30T18:16:25.083Z"
                },
                "type": "SCRUB",
                "source": "data:drag",
                "_t": "12:15:26",
                "_end": "12:16:25",
                "data": {
                    "time": 45.359277
                }
            },
            {
                "time": {
                    "start": "2019-05-30T18:15:26.064Z",
                    "end": "2019-05-30T18:16:25.916Z"
                },
                "type": "SCRUB",
                "source": "data:drag",
                "_t": "12:15:26",
                "_end": "12:16:25",
                "data": {
                    "time": 41.282543
                }
            },
            {
                "time": "2019-05-30T18:16:36.076Z",
                "type": "PAUSE",
                "source": "hotkey",
                "_t": "12:16:36",
                "_end": "-",
                "data": {
                    "key": "space"
                }
            },
            {
                "time": {
                    "start": "2019-05-30T18:15:26.064Z",
                    "end": "2019-05-30T18:16:39.727Z"
                },
                "type": "SCRUB",
                "source": "data:drag",
                "_t": "12:15:26",
                "_end": "12:16:39",
                "data": {
                    "time": 39.028524
                }
            },
            {
                "time": {
                    "start": "2019-05-30T18:15:26.064Z",
                    "end": "2019-05-30T18:16:45.832Z"
                },
                "type": "SCRUB",
                "source": "data:drag",
                "_t": "12:15:26",
                "_end": "12:16:45",
                "data": {
                    "time": 38.908402
                }
            },
            {
                "time": {
                    "start": "2019-05-30T18:15:26.064Z",
                    "end": "2019-05-30T18:16:52.920Z"
                },
                "type": "SCRUB",
                "source": "data:drag",
                "_t": "12:15:26",
                "_end": "12:16:52",
                "data": {
                    "time": 38.75295
                }
            },
            {
                "time": {
                    "start": "2019-05-30T18:15:26.064Z",
                    "end": "2019-05-30T18:16:57.829Z"
                },
                "type": "SCRUB",
                "source": "data:drag",
                "_t": "12:15:26",
                "_end": "12:16:57",
                "data": {
                    "time": 38.75295
                }
            }
        ]
    }
}