{
    "user_id": "bronze2",
    "session_id": "5d7fdf7a81249f67dd06adcf",
    "study": "studyE",
    "workspace": "cane.cane-vid3-dat3",
    "details": {
        "workspace": "cane.cane-vid3-dat3",
        "labels": [
            {
                "time": 38.794535,
                "endTime": 39.854431,
                "type": "ground",
                "id": 1
            },
            {
                "time": 40.440906,
                "endTime": 41.41601,
                "type": "ground",
                "id": 2
            },
            {
                "time": 41.938892,
                "endTime": 42.92106196878048,
                "type": "ground",
                "id": 3
            },
            {
                "time": 43.465142,
                "endTime": 44.553301,
                "type": "ground",
                "id": 4
            },
            {
                "time": 45.125644,
                "endTime": 46.270331,
                "type": "ground",
                "id": 5
            },
            {
                "time": 45.796911,
                "endTime": 45.125644,
                "type": "ground",
                "id": 6
            },
            {
                "time": 46.750817,
                "endTime": 47.831911,
                "type": "ground",
                "id": 7
            },
            {
                "time": 48.644497,
                "endTime": 49.450017,
                "type": "ground",
                "id": 8
            },
            {
                "time": 50.029426,
                "endTime": 50.983332,
                "type": "ground",
                "id": 9
            },
            {
                "time": 51.414356,
                "endTime": 52.38239343707325,
                "type": "ground",
                "id": 10
            },
            {
                "time": 52.961803,
                "endTime": 53.816784938536394,
                "type": "ground",
                "id": 11
            },
            {
                "time": 54.431524,
                "endTime": 55.491419251707,
                "type": "ground",
                "id": 12
            }
        ],
        "_starts": [
            "2019-09-16T19:17:52.000Z"
        ],
        "_ends": [
            "2019-09-16T19:21:11.591Z"
        ]
    },
    "labels_file": "/home/ubuntu/vat/data/user-studies/studyE/practice-first/bronze2.labels.json",
    "videoFlash": 1.747661,
    "surveys": {
        "user-info": {
            "firstname": "Austin",
            "lastname": "Schmidt",
            "email": "scubaaustin16@hotmail.com"
        }
    },
    "logs": {
        "labelEvents": [
            {
                "time": "2019-09-16T19:18:33.584Z",
                "type": "START",
                "source": "side-bar:button",
                "_t": "13:18:33",
                "_end": "-",
                "data": {
                    "type": "ground",
                    "time": 38.794535
                }
            },
            {
                "time": "2019-09-16T19:18:47.838Z",
                "type": "END",
                "source": "side-bar:button:ctb",
                "_t": "13:18:47",
                "_end": "-",
                "data": {
                    "lbl": {
                        "time": 38.794535,
                        "endTime": 39.854431,
                        "type": "ground",
                        "id": 1
                    }
                }
            },
            {
                "time": "2019-09-16T19:18:52.538Z",
                "type": "START",
                "source": "side-bar:button",
                "_t": "13:18:52",
                "_end": "-",
                "data": {
                    "type": "ground",
                    "time": 40.440906
                }
            },
            {
                "time": "2019-09-16T19:19:14.691Z",
                "type": "END",
                "source": "side-bar:button:ctb",
                "_t": "13:19:14",
                "_end": "-",
                "data": {
                    "lbl": {
                        "time": 40.440906,
                        "endTime": 41.41601,
                        "type": "ground",
                        "id": 2
                    }
                }
            },
            {
                "time": "2019-09-16T19:19:24.875Z",
                "type": "START",
                "source": "side-bar:button",
                "_t": "13:19:24",
                "_end": "-",
                "data": {
                    "type": "ground",
                    "time": 41.938892
                }
            },
            {
                "time": "2019-09-16T19:19:30.972Z",
                "type": "END",
                "source": "data:click:h_pos",
                "_t": "13:19:30",
                "_end": "-",
                "data": {
                    "lbl": {
                        "time": 41.938892,
                        "endTime": 42.92106196878048,
                        "type": "ground",
                        "id": 3
                    }
                }
            },
            {
                "time": "2019-09-16T19:19:42.523Z",
                "type": "START",
                "source": "side-bar:button",
                "_t": "13:19:42",
                "_end": "-",
                "data": {
                    "type": "ground",
                    "time": 43.465142
                }
            },
            {
                "time": "2019-09-16T19:19:51.811Z",
                "type": "END",
                "source": "side-bar:button:ctb",
                "_t": "13:19:51",
                "_end": "-",
                "data": {
                    "lbl": {
                        "time": 43.465142,
                        "endTime": 44.553301,
                        "type": "ground",
                        "id": 4
                    }
                }
            },
            {
                "time": "2019-09-16T19:19:58.790Z",
                "type": "START",
                "source": "side-bar:button",
                "_t": "13:19:58",
                "_end": "-",
                "data": {
                    "type": "ground",
                    "time": 45.125644
                }
            },
            {
                "time": "2019-09-16T19:20:08.071Z",
                "type": "START",
                "source": "side-bar:button",
                "_t": "13:20:08",
                "_end": "-",
                "data": {
                    "type": "ground",
                    "time": 46.270331
                }
            },
            {
                "time": "2019-09-16T19:20:14.132Z",
                "type": "END",
                "source": "side-bar:button:ctb",
                "_t": "13:20:14",
                "_end": "-",
                "data": {
                    "lbl": {
                        "time": 45.796911,
                        "endTime": 45.125644,
                        "type": "ground",
                        "id": 6
                    }
                }
            },
            {
                "time": "2019-09-16T19:20:21.676Z",
                "type": "START",
                "source": "side-bar:button",
                "_t": "13:20:21",
                "_end": "-",
                "data": {
                    "type": "ground",
                    "time": 46.750817
                }
            },
            {
                "time": "2019-09-16T19:20:31.420Z",
                "type": "END",
                "source": "side-bar:button:ctb",
                "_t": "13:20:31",
                "_end": "-",
                "data": {
                    "lbl": {
                        "time": 46.750817,
                        "endTime": 47.831911,
                        "type": "ground",
                        "id": 7
                    }
                }
            },
            {
                "time": "2019-09-16T19:20:40.145Z",
                "type": "START",
                "source": "side-bar:button",
                "_t": "13:20:40",
                "_end": "-",
                "data": {
                    "type": "ground",
                    "time": 48.644497
                }
            },
            {
                "time": "2019-09-16T19:20:43.381Z",
                "type": "END",
                "source": "side-bar:button:ctb",
                "_t": "13:20:43",
                "_end": "-",
                "data": {
                    "lbl": {
                        "time": 48.644497,
                        "endTime": 49.450017,
                        "type": "ground",
                        "id": 8
                    }
                }
            },
            {
                "time": "2019-09-16T19:20:47.172Z",
                "type": "START",
                "source": "side-bar:button",
                "_t": "13:20:47",
                "_end": "-",
                "data": {
                    "type": "ground",
                    "time": 50.029426
                }
            },
            {
                "time": "2019-09-16T19:20:49.694Z",
                "type": "END",
                "source": "side-bar:button:ctb",
                "_t": "13:20:49",
                "_end": "-",
                "data": {
                    "lbl": {
                        "time": 50.029426,
                        "endTime": 50.983332,
                        "type": "ground",
                        "id": 9
                    }
                }
            },
            {
                "time": "2019-09-16T19:20:53.648Z",
                "type": "START",
                "source": "hotkey",
                "_t": "13:20:53",
                "_end": "-",
                "data": {
                    "type": "ground",
                    "time": 51.414356
                }
            },
            {
                "time": "2019-09-16T19:20:56.429Z",
                "type": "END",
                "source": "hotkey:h_pos",
                "_t": "13:20:56",
                "_end": "-",
                "data": {
                    "lbl": {
                        "time": 51.414356,
                        "endTime": 52.38239343707325,
                        "type": "ground",
                        "id": 10
                    },
                    "key": "enter"
                }
            },
            {
                "time": "2019-09-16T19:20:58.167Z",
                "type": "START",
                "source": "hotkey",
                "_t": "13:20:58",
                "_end": "-",
                "data": {
                    "type": "ground",
                    "time": 52.926473
                }
            },
            {
                "time": "2019-09-16T19:20:59.674Z",
                "type": "END",
                "source": "hotkey:ctb",
                "_t": "13:20:59",
                "_end": "-",
                "data": {
                    "key": "enter"
                }
            },
            {
                "time": "2019-09-16T19:21:02.349Z",
                "type": "START",
                "source": "hotkey",
                "_t": "13:21:02",
                "_end": "-",
                "data": {
                    "type": "ground",
                    "time": 52.961803
                }
            },
            {
                "time": "2019-09-16T19:21:04.600Z",
                "type": "END",
                "source": "hotkey:h_pos",
                "_t": "13:21:04",
                "_end": "-",
                "data": {
                    "lbl": {
                        "time": 52.961803,
                        "endTime": 53.816784938536394,
                        "type": "ground",
                        "id": 11
                    },
                    "key": "enter"
                }
            },
            {
                "time": "2019-09-16T19:21:07.199Z",
                "type": "START",
                "source": "hotkey",
                "_t": "13:21:07",
                "_end": "-",
                "data": {
                    "type": "ground",
                    "time": 54.431524
                }
            },
            {
                "time": "2019-09-16T19:21:09.787Z",
                "type": "END",
                "source": "hotkey:h_pos",
                "_t": "13:21:09",
                "_end": "-",
                "data": {
                    "lbl": {
                        "time": 54.431524,
                        "endTime": 55.491419251707,
                        "type": "ground",
                        "id": 12
                    },
                    "key": "enter"
                }
            }
        ],
        "navigationEvents": [
            {
                "time": {
                    "start": "2019-09-16T19:17:52.636Z",
                    "end": "2019-09-16T19:18:13.917Z"
                },
                "type": "SCRUB",
                "source": "data:drag",
                "_t": "13:17:52",
                "_end": "13:18:13",
                "data": {
                    "time": 9.760469597073364
                }
            },
            {
                "time": {
                    "start": "2019-09-16T19:17:52.636Z",
                    "end": "2019-09-16T19:18:15.684Z"
                },
                "type": "SCRUB",
                "source": "data:drag",
                "_t": "13:17:52",
                "_end": "13:18:15",
                "data": {
                    "time": 15.830137182439207
                }
            },
            {
                "time": {
                    "start": "2019-09-16T19:17:52.636Z",
                    "end": "2019-09-16T19:18:16.901Z"
                },
                "type": "SCRUB",
                "source": "data:drag",
                "_t": "13:17:52",
                "_end": "13:18:16",
                "data": {
                    "time": 21.86447433853677
                }
            },
            {
                "time": {
                    "start": "2019-09-16T19:17:52.636Z",
                    "end": "2019-09-16T19:18:18.059Z"
                },
                "type": "SCRUB",
                "source": "data:drag",
                "_t": "13:17:52",
                "_end": "13:18:18",
                "data": {
                    "time": 25.496381953170847
                }
            },
            {
                "time": {
                    "start": "2019-09-16T19:17:52.636Z",
                    "end": "2019-09-16T19:18:18.532Z"
                },
                "type": "SCRUB",
                "source": "data:drag",
                "_t": "13:17:52",
                "_end": "13:18:18",
                "data": {
                    "time": 29.02936639024401
                }
            },
            {
                "time": {
                    "start": "2019-09-16T19:17:52.636Z",
                    "end": "2019-09-16T19:18:18.958Z"
                },
                "type": "SCRUB",
                "source": "data:drag",
                "_t": "13:17:52",
                "_end": "13:18:18",
                "data": {
                    "time": 31.15622260292643
                }
            },
            {
                "time": {
                    "start": "2019-09-16T19:17:52.636Z",
                    "end": "2019-09-16T19:18:19.400Z"
                },
                "type": "SCRUB",
                "source": "data:drag",
                "_t": "13:17:52",
                "_end": "13:18:19",
                "data": {
                    "time": 34.335908951219615
                }
            },
            {
                "time": {
                    "start": "2019-09-16T19:17:52.636Z",
                    "end": "2019-09-16T19:18:30.405Z"
                },
                "type": "SCRUB",
                "source": "data:drag",
                "_t": "13:17:52",
                "_end": "13:18:30",
                "data": {
                    "time": 38.794535
                }
            },
            {
                "time": {
                    "start": "2019-09-16T19:17:52.636Z",
                    "end": "2019-09-16T19:18:36.687Z"
                },
                "type": "SCRUB",
                "source": "data:drag",
                "_t": "13:17:52",
                "_end": "13:18:36",
                "data": {
                    "time": 39.550594
                }
            },
            {
                "time": {
                    "start": "2019-09-16T19:17:52.636Z",
                    "end": "2019-09-16T19:18:42.417Z"
                },
                "type": "SCRUB",
                "source": "data:drag",
                "_t": "13:17:52",
                "_end": "13:18:42",
                "data": {
                    "time": 39.826167
                }
            },
            {
                "time": {
                    "start": "2019-09-16T19:17:52.636Z",
                    "end": "2019-09-16T19:18:45.168Z"
                },
                "type": "SCRUB",
                "source": "data:drag",
                "_t": "13:17:52",
                "_end": "13:18:45",
                "data": {
                    "time": 39.854431
                }
            },
            {
                "time": {
                    "start": "2019-09-16T19:17:52.636Z",
                    "end": "2019-09-16T19:18:51.139Z"
                },
                "type": "SCRUB",
                "source": "data:drag",
                "_t": "13:17:52",
                "_end": "13:18:51",
                "data": {
                    "time": 40.440906
                }
            },
            {
                "time": {
                    "start": "2019-09-16T19:17:52.636Z",
                    "end": "2019-09-16T19:19:13.193Z"
                },
                "type": "SCRUB",
                "source": "data:drag",
                "_t": "13:17:52",
                "_end": "13:19:13",
                "data": {
                    "time": 41.41601
                }
            },
            {
                "time": {
                    "start": "2019-09-16T19:17:52.636Z",
                    "end": "2019-09-16T19:19:23.375Z"
                },
                "type": "SCRUB",
                "source": "data:drag",
                "_t": "13:17:52",
                "_end": "13:19:23",
                "data": {
                    "time": 41.938892
                }
            },
            {
                "time": {
                    "start": "2019-09-16T19:17:52.636Z",
                    "end": "2019-09-16T19:19:28.720Z"
                },
                "type": "SCRUB",
                "source": "data:drag",
                "_t": "13:17:52",
                "_end": "13:19:28",
                "data": {
                    "time": 42.878666
                }
            },
            {
                "time": {
                    "start": "2019-09-16T19:17:52.636Z",
                    "end": "2019-09-16T19:19:30.573Z"
                },
                "type": "SCRUB",
                "source": "data:drag",
                "_t": "13:17:52",
                "_end": "13:19:30",
                "data": {
                    "time": 42.913996
                }
            },
            {
                "time": {
                    "start": "2019-09-16T19:17:52.636Z",
                    "end": "2019-09-16T19:19:30.969Z"
                },
                "type": "SCRUB",
                "source": "data:drag",
                "_t": "13:17:52",
                "_end": "13:19:30",
                "data": {
                    "time": 42.913996
                }
            },
            {
                "time": {
                    "start": "2019-09-16T19:17:52.636Z",
                    "end": "2019-09-16T19:19:31.120Z"
                },
                "type": "SCRUB",
                "source": "data:drag",
                "_t": "13:17:52",
                "_end": "13:19:31",
                "data": {
                    "time": 42.913996
                }
            },
            {
                "time": "2019-09-16T19:19:31.132Z",
                "type": "JUMP",
                "source": "data:dblclick:h_pos",
                "_t": "13:19:31",
                "_end": "-",
                "data": {
                    "from": 42.913996,
                    "to": 42.92106196878048
                }
            },
            {
                "time": {
                    "start": "2019-09-16T19:17:52.636Z",
                    "end": "2019-09-16T19:19:38.703Z"
                },
                "type": "SCRUB",
                "source": "data:drag",
                "_t": "13:17:52",
                "_end": "13:19:38",
                "data": {
                    "time": 43.472208
                }
            },
            {
                "time": {
                    "start": "2019-09-16T19:17:52.636Z",
                    "end": "2019-09-16T19:19:38.893Z"
                },
                "type": "SCRUB",
                "source": "data:drag",
                "_t": "13:17:52",
                "_end": "13:19:38",
                "data": {
                    "time": 43.472208
                }
            },
            {
                "time": {
                    "start": "2019-09-16T19:17:52.636Z",
                    "end": "2019-09-16T19:19:39.039Z"
                },
                "type": "SCRUB",
                "source": "data:drag",
                "_t": "13:17:52",
                "_end": "13:19:39",
                "data": {
                    "time": 43.472208
                }
            },
            {
                "time": "2019-09-16T19:19:39.058Z",
                "type": "JUMP",
                "source": "data:dblclick:h_pos",
                "_t": "13:19:39",
                "_end": "-",
                "data": {
                    "from": 43.472208,
                    "to": 43.670055125853665
                }
            },
            {
                "time": {
                    "start": "2019-09-16T19:17:52.636Z",
                    "end": "2019-09-16T19:19:40.555Z"
                },
                "type": "SCRUB",
                "source": "data:drag",
                "_t": "13:17:52",
                "_end": "13:19:40",
                "data": {
                    "time": 43.46514190536592
                }
            },
            {
                "time": {
                    "start": "2019-09-16T19:17:52.636Z",
                    "end": "2019-09-16T19:19:40.982Z"
                },
                "type": "SCRUB",
                "source": "data:drag",
                "_t": "13:17:52",
                "_end": "13:19:40",
                "data": {
                    "time": 43.465142
                }
            },
            {
                "time": {
                    "start": "2019-09-16T19:17:52.636Z",
                    "end": "2019-09-16T19:19:48.909Z"
                },
                "type": "SCRUB",
                "source": "data:drag",
                "_t": "13:17:52",
                "_end": "13:19:48",
                "data": {
                    "time": 44.539169
                }
            },
            {
                "time": {
                    "start": "2019-09-16T19:17:52.636Z",
                    "end": "2019-09-16T19:19:49.845Z"
                },
                "type": "SCRUB",
                "source": "data:drag",
                "_t": "13:17:52",
                "_end": "13:19:49",
                "data": {
                    "time": 44.553301
                }
            },
            {
                "time": {
                    "start": "2019-09-16T19:17:52.636Z",
                    "end": "2019-09-16T19:19:57.622Z"
                },
                "type": "SCRUB",
                "source": "data:drag",
                "_t": "13:17:52",
                "_end": "13:19:57",
                "data": {
                    "time": 45.125644
                }
            },
            {
                "time": {
                    "start": "2019-09-16T19:17:52.636Z",
                    "end": "2019-09-16T19:20:04.238Z"
                },
                "type": "SCRUB",
                "source": "data:drag",
                "_t": "13:17:52",
                "_end": "13:20:04",
                "data": {
                    "time": 46.270331
                }
            },
            {
                "time": {
                    "start": "2019-09-16T19:17:52.636Z",
                    "end": "2019-09-16T19:20:10.570Z"
                },
                "type": "SCRUB",
                "source": "data:drag",
                "_t": "13:17:52",
                "_end": "13:20:10",
                "data": {
                    "time": 46.666026
                }
            },
            {
                "time": {
                    "start": "2019-09-16T19:17:52.636Z",
                    "end": "2019-09-16T19:20:12.584Z"
                },
                "type": "SCRUB",
                "source": "data:drag",
                "_t": "13:17:52",
                "_end": "13:20:12",
                "data": {
                    "time": 45.796911
                }
            },
            {
                "time": {
                    "start": "2019-09-16T19:17:52.636Z",
                    "end": "2019-09-16T19:20:20.686Z"
                },
                "type": "SCRUB",
                "source": "data:drag",
                "_t": "13:17:52",
                "_end": "13:20:20",
                "data": {
                    "time": 46.750817
                }
            },
            {
                "time": {
                    "start": "2019-09-16T19:17:52.636Z",
                    "end": "2019-09-16T19:20:24.366Z"
                },
                "type": "SCRUB",
                "source": "data:drag",
                "_t": "13:17:52",
                "_end": "13:20:24",
                "data": {
                    "time": 48.001494
                }
            },
            {
                "time": {
                    "start": "2019-09-16T19:17:52.636Z",
                    "end": "2019-09-16T19:20:27.472Z"
                },
                "type": "SCRUB",
                "source": "data:drag",
                "_t": "13:17:52",
                "_end": "13:20:27",
                "data": {
                    "time": 47.846043
                }
            },
            {
                "time": {
                    "start": "2019-09-16T19:17:52.636Z",
                    "end": "2019-09-16T19:20:29.292Z"
                },
                "type": "SCRUB",
                "source": "data:drag",
                "_t": "13:17:52",
                "_end": "13:20:29",
                "data": {
                    "time": 47.831911
                }
            },
            {
                "time": {
                    "start": "2019-09-16T19:17:52.636Z",
                    "end": "2019-09-16T19:20:38.660Z"
                },
                "type": "SCRUB",
                "source": "data:drag",
                "_t": "13:17:52",
                "_end": "13:20:38",
                "data": {
                    "time": 48.644497
                }
            },
            {
                "time": {
                    "start": "2019-09-16T19:17:52.636Z",
                    "end": "2019-09-16T19:20:41.895Z"
                },
                "type": "SCRUB",
                "source": "data:drag",
                "_t": "13:17:52",
                "_end": "13:20:41",
                "data": {
                    "time": 49.450017
                }
            },
            {
                "time": {
                    "start": "2019-09-16T19:17:52.636Z",
                    "end": "2019-09-16T19:20:45.149Z"
                },
                "type": "SCRUB",
                "source": "data:drag",
                "_t": "13:17:52",
                "_end": "13:20:45",
                "data": {
                    "time": 50.029426
                }
            },
            {
                "time": {
                    "start": "2019-09-16T19:17:52.636Z",
                    "end": "2019-09-16T19:20:48.577Z"
                },
                "type": "SCRUB",
                "source": "data:drag",
                "_t": "13:17:52",
                "_end": "13:20:48",
                "data": {
                    "time": 50.98333178536589
                }
            },
            {
                "time": {
                    "start": "2019-09-16T19:17:52.636Z",
                    "end": "2019-09-16T19:20:55.201Z"
                },
                "type": "SCRUB",
                "source": "data:drag",
                "_t": "13:17:52",
                "_end": "13:20:55",
                "data": {
                    "time": 52.481317
                }
            },
            {
                "time": {
                    "start": "2019-09-16T19:17:52.636Z",
                    "end": "2019-09-16T19:20:57.543Z"
                },
                "type": "SCRUB",
                "source": "data:drag",
                "_t": "13:17:52",
                "_end": "13:20:57",
                "data": {
                    "time": 52.926473
                }
            },
            {
                "time": {
                    "start": "2019-09-16T19:17:52.636Z",
                    "end": "2019-09-16T19:21:02.066Z"
                },
                "type": "SCRUB",
                "source": "data:drag",
                "_t": "13:17:52",
                "_end": "13:21:02",
                "data": {
                    "time": 52.961803
                }
            },
            {
                "time": {
                    "start": "2019-09-16T19:17:52.636Z",
                    "end": "2019-09-16T19:21:03.403Z"
                },
                "type": "SCRUB",
                "source": "data:drag",
                "_t": "13:17:52",
                "_end": "13:21:03",
                "data": {
                    "time": 53.576542
                }
            },
            {
                "time": {
                    "start": "2019-09-16T19:17:52.636Z",
                    "end": "2019-09-16T19:21:06.978Z"
                },
                "type": "SCRUB",
                "source": "data:drag",
                "_t": "13:17:52",
                "_end": "13:21:06",
                "data": {
                    "time": 54.431524
                }
            },
            {
                "time": {
                    "start": "2019-09-16T19:17:52.636Z",
                    "end": "2019-09-16T19:21:08.225Z"
                },
                "type": "SCRUB",
                "source": "data:drag",
                "_t": "13:17:52",
                "_end": "13:21:08",
                "data": {
                    "time": 54.968538
                }
            },
            {
                "time": {
                    "start": "2019-09-16T19:17:52.636Z",
                    "end": "2019-09-16T19:21:09.093Z"
                },
                "type": "SCRUB",
                "source": "data:drag",
                "_t": "13:17:52",
                "_end": "13:21:09",
                "data": {
                    "time": 55.095725
                }
            },
            {
                "time": {
                    "start": "2019-09-16T19:17:52.636Z",
                    "end": "2019-09-16T19:21:11.442Z"
                },
                "type": "SCRUB",
                "source": "data:drag",
                "_t": "13:17:52",
                "_end": "13:21:11",
                "data": {
                    "time": 56.01430094146267
                }
            }
        ]
    }
}