[{"time":38.794535,"endTime":39.854431,"type":"ground","id":1},{"time":40.440906,"endTime":41.41601,"type":"ground","id":2},{"time":41.938892,"endTime":42.92106196878048,"type":"ground","id":3},{"time":43.465142,"endTime":44.553301,"type":"ground","id":4},{"time":45.125644,"endTime":46.270331,"type":"ground","id":5},{"time":45.796911,"endTime":45.125644,"type":"ground","id":6},{"time":46.750817,"endTime":47.831911,"type":"ground","id":7},{"time":48.644497,"endTime":49.450017,"type":"ground","id":8},{"time":50.029426,"endTime":50.983332,"type":"ground","id":9},{"time":51.414356,"endTime":52.38239343707325,"type":"ground","id":10},{"time":52.961803,"endTime":53.816784938536394,"type":"ground","id":11},{"time":54.431524,"endTime":55.491419251707,"type":"ground","id":12}]