{
    "user_id": "meredith dont use sorry",
    "session_id": "5cfad18581249f67dd06aa32",
    "study": "studyE",
    "workspace": "cane.cane-vid3-dat3",
    "details": {
        "workspace": "cane.cane-vid3-dat3",
        "labels": [],
        "_starts": [
            "2019-06-07T21:05:12.000Z"
        ],
        "_ends": [
            "2019-06-07T21:05:20.493Z",
            "2019-06-07T21:05:24.346Z"
        ]
    },
    "labels_file": "/home/ubuntu/vat/data/user-studies/studyE/practice-first/meredith dont use sorry.labels.json",
    "videoFlash": 1.747661,
    "surveys": {},
    "logs": {}
}