[{"time":38.872494,"endTime":39.195911,"type":"ground","id":1},{"time":40.587744,"endTime":41.036327,"type":"ground","id":2},{"time":42.18014,"endTime":43.160015,"type":"ground","id":3},{"time":43.527015,"endTime":44.383661,"type":"ground","id":4},{"time":45.077744,"endTime":45.97864,"type":"ground","id":5},{"time":46.71314,"endTime":47.652702,"type":"ground","id":6},{"time":48.510806,"endTime":49.570911,"type":"ground","id":7},{"time":50.182848,"endTime":51.206306,"type":"ground","id":8},{"time":51.616911,"endTime":52.476036,"type":"ground","id":9},{"time":52.761827,"endTime":53.827619,"type":"ground","id":10},{"time":54.236911,"endTime":55.216265,"type":"ground","id":11},{"time":55.82739,"endTime":56.848973,"type":"ground","id":12},{"time":57.585015,"endTime":58.442661,"type":"ground","id":13},{"time":69.211702,"endTime":70.928056,"type":"ground","id":14},{"time":70.928056,"endTime":72.47739,"type":"ground","id":15},{"time":73.019303,"endTime":74.281699,"type":"ground","id":16},{"time":74.972574,"endTime":75.628012,"type":"ground","id":17},{"time":76.033053,"endTime":76.845345,"type":"ground","id":18},{"time":77.541262,"endTime":78.515512,"type":"ground","id":19}]