{
    "user_id": "olive5",
    "session_id": "5d7fb3f381249f67dd06ad69",
    "study": "studyE",
    "workspace": "cane.cane-vid3-dat3",
    "details": {
        "workspace": "cane.cane-vid3-dat3",
        "labels": [],
        "_starts": [
            "2019-09-16T16:10:54.000Z",
            "2019-09-16T16:48:06.000Z"
        ],
        "_ends": [
            "2019-09-16T16:14:15.078Z",
            "2019-09-16T16:48:16.454Z"
        ]
    },
    "labels_file": "/home/ubuntu/vat/data/user-studies/studyE/practice-first/olive5.labels.json",
    "videoFlash": 1.747661,
    "surveys": {
        "user-info": {
            "firstname": "Aarohi",
            "lastname": "Bhatt",
            "email": "aarohibhatt2002@gmail.com"
        }
    },
    "logs": {}
}