{
    "user_id": "olive2",
    "session_id": "5d7fc16b81249f67dd06ad7f",
    "study": "studyE",
    "workspace": "cane.cane-vid3-dat3",
    "details": {
        "workspace": "cane.cane-vid3-dat3",
        "labels": [
            {
                "time": 38.872494,
                "endTime": 39.195911,
                "type": "ground",
                "id": 1
            },
            {
                "time": 40.587744,
                "endTime": 41.036327,
                "type": "ground",
                "id": 2
            },
            {
                "time": 42.18014,
                "endTime": 43.160015,
                "type": "ground",
                "id": 3
            },
            {
                "time": 43.527015,
                "endTime": 44.383661,
                "type": "ground",
                "id": 4
            },
            {
                "time": 45.077744,
                "endTime": 45.97864,
                "type": "ground",
                "id": 5
            },
            {
                "time": 46.71314,
                "endTime": 47.652702,
                "type": "ground",
                "id": 6
            },
            {
                "time": 48.510806,
                "endTime": 49.570911,
                "type": "ground",
                "id": 7
            },
            {
                "time": 50.182848,
                "endTime": 51.206306,
                "type": "ground",
                "id": 8
            },
            {
                "time": 51.616911,
                "endTime": 52.476036,
                "type": "ground",
                "id": 9
            },
            {
                "time": 52.761827,
                "endTime": 53.827619,
                "type": "ground",
                "id": 10
            },
            {
                "time": 54.236911,
                "endTime": 55.216265,
                "type": "ground",
                "id": 11
            },
            {
                "time": 55.82739,
                "endTime": 56.848973,
                "type": "ground",
                "id": 12
            },
            {
                "time": 57.585015,
                "endTime": 58.442661,
                "type": "ground",
                "id": 13
            },
            {
                "time": 69.211702,
                "endTime": 70.928056,
                "type": "ground",
                "id": 14
            },
            {
                "time": 70.928056,
                "endTime": 72.47739,
                "type": "ground",
                "id": 15
            },
            {
                "time": 73.019303,
                "endTime": 74.281699,
                "type": "ground",
                "id": 16
            },
            {
                "time": 74.972574,
                "endTime": 75.628012,
                "type": "ground",
                "id": 17
            },
            {
                "time": 76.033053,
                "endTime": 76.845345,
                "type": "ground",
                "id": 18
            },
            {
                "time": 77.541262,
                "endTime": 78.515512,
                "type": "ground",
                "id": 19
            }
        ],
        "_starts": [
            "2019-09-16T17:08:07.000Z"
        ],
        "_ends": [
            "2019-09-16T17:10:32.690Z"
        ]
    },
    "labels_file": "/home/ubuntu/vat/data/user-studies/studyE/practice-first/olive2.labels.json",
    "videoFlash": 1.747661,
    "surveys": {
        "user-info": {
            "firstname": "Nathan",
            "lastname": "Walls",
            "email": "nathanmwalls@gmail.com"
        }
    },
    "logs": {
        "labelEvents": [
            {
                "time": "2019-09-16T17:09:01.310Z",
                "type": "START",
                "source": "hotkey",
                "_t": "11:09:01",
                "_end": "-",
                "data": {
                    "type": "ground",
                    "time": 38.872494
                }
            },
            {
                "time": "2019-09-16T17:09:01.608Z",
                "type": "END",
                "source": "hotkey:ctb",
                "_t": "11:09:01",
                "_end": "-",
                "data": {
                    "lbl": {
                        "time": 38.872494,
                        "endTime": 39.195911,
                        "type": "ground",
                        "id": 1
                    },
                    "key": "enter"
                }
            },
            {
                "time": "2019-09-16T17:09:02.991Z",
                "type": "START",
                "source": "hotkey",
                "_t": "11:09:02",
                "_end": "-",
                "data": {
                    "type": "ground",
                    "time": 40.587744
                }
            },
            {
                "time": "2019-09-16T17:09:03.450Z",
                "type": "END",
                "source": "hotkey:ctb",
                "_t": "11:09:03",
                "_end": "-",
                "data": {
                    "lbl": {
                        "time": 40.587744,
                        "endTime": 41.036327,
                        "type": "ground",
                        "id": 2
                    },
                    "key": "enter"
                }
            },
            {
                "time": "2019-09-16T17:09:04.584Z",
                "type": "START",
                "source": "hotkey",
                "_t": "11:09:04",
                "_end": "-",
                "data": {
                    "type": "ground",
                    "time": 42.18014
                }
            },
            {
                "time": "2019-09-16T17:09:05.586Z",
                "type": "END",
                "source": "hotkey:ctb",
                "_t": "11:09:05",
                "_end": "-",
                "data": {
                    "lbl": {
                        "time": 42.18014,
                        "endTime": 43.160015,
                        "type": "ground",
                        "id": 3
                    },
                    "key": "enter"
                }
            },
            {
                "time": "2019-09-16T17:09:05.968Z",
                "type": "START",
                "source": "hotkey",
                "_t": "11:09:05",
                "_end": "-",
                "data": {
                    "type": "ground",
                    "time": 43.527015
                }
            },
            {
                "time": "2019-09-16T17:09:06.814Z",
                "type": "END",
                "source": "hotkey:ctb",
                "_t": "11:09:06",
                "_end": "-",
                "data": {
                    "lbl": {
                        "time": 43.527015,
                        "endTime": 44.383661,
                        "type": "ground",
                        "id": 4
                    },
                    "key": "enter"
                }
            },
            {
                "time": "2019-09-16T17:09:07.506Z",
                "type": "START",
                "source": "hotkey",
                "_t": "11:09:07",
                "_end": "-",
                "data": {
                    "type": "ground",
                    "time": 45.077744
                }
            },
            {
                "time": "2019-09-16T17:09:08.383Z",
                "type": "END",
                "source": "hotkey:ctb",
                "_t": "11:09:08",
                "_end": "-",
                "data": {
                    "lbl": {
                        "time": 45.077744,
                        "endTime": 45.97864,
                        "type": "ground",
                        "id": 5
                    },
                    "key": "enter"
                }
            },
            {
                "time": "2019-09-16T17:09:09.121Z",
                "type": "START",
                "source": "hotkey",
                "_t": "11:09:09",
                "_end": "-",
                "data": {
                    "type": "ground",
                    "time": 46.71314
                }
            },
            {
                "time": "2019-09-16T17:09:10.097Z",
                "type": "END",
                "source": "hotkey:ctb",
                "_t": "11:09:10",
                "_end": "-",
                "data": {
                    "lbl": {
                        "time": 46.71314,
                        "endTime": 47.652702,
                        "type": "ground",
                        "id": 6
                    },
                    "key": "enter"
                }
            },
            {
                "time": "2019-09-16T17:09:10.945Z",
                "type": "START",
                "source": "hotkey",
                "_t": "11:09:10",
                "_end": "-",
                "data": {
                    "type": "ground",
                    "time": 48.510806
                }
            },
            {
                "time": "2019-09-16T17:09:11.996Z",
                "type": "END",
                "source": "hotkey:ctb",
                "_t": "11:09:11",
                "_end": "-",
                "data": {
                    "lbl": {
                        "time": 48.510806,
                        "endTime": 49.570911,
                        "type": "ground",
                        "id": 7
                    },
                    "key": "enter"
                }
            },
            {
                "time": "2019-09-16T17:09:12.593Z",
                "type": "START",
                "source": "hotkey",
                "_t": "11:09:12",
                "_end": "-",
                "data": {
                    "type": "ground",
                    "time": 50.182848
                }
            },
            {
                "time": "2019-09-16T17:09:13.631Z",
                "type": "END",
                "source": "hotkey:ctb",
                "_t": "11:09:13",
                "_end": "-",
                "data": {
                    "lbl": {
                        "time": 50.182848,
                        "endTime": 51.206306,
                        "type": "ground",
                        "id": 8
                    },
                    "key": "enter"
                }
            },
            {
                "time": "2019-09-16T17:09:14.053Z",
                "type": "START",
                "source": "hotkey",
                "_t": "11:09:14",
                "_end": "-",
                "data": {
                    "type": "ground",
                    "time": 51.616911
                }
            },
            {
                "time": "2019-09-16T17:09:14.895Z",
                "type": "END",
                "source": "hotkey:ctb",
                "_t": "11:09:14",
                "_end": "-",
                "data": {
                    "lbl": {
                        "time": 51.616911,
                        "endTime": 52.476036,
                        "type": "ground",
                        "id": 9
                    },
                    "key": "enter"
                }
            },
            {
                "time": "2019-09-16T17:09:15.202Z",
                "type": "START",
                "source": "hotkey",
                "_t": "11:09:15",
                "_end": "-",
                "data": {
                    "type": "ground",
                    "time": 52.761827
                }
            },
            {
                "time": "2019-09-16T17:09:16.261Z",
                "type": "END",
                "source": "hotkey:ctb",
                "_t": "11:09:16",
                "_end": "-",
                "data": {
                    "lbl": {
                        "time": 52.761827,
                        "endTime": 53.827619,
                        "type": "ground",
                        "id": 10
                    },
                    "key": "enter"
                }
            },
            {
                "time": "2019-09-16T17:09:16.674Z",
                "type": "START",
                "source": "hotkey",
                "_t": "11:09:16",
                "_end": "-",
                "data": {
                    "type": "ground",
                    "time": 54.236911
                }
            },
            {
                "time": "2019-09-16T17:09:17.651Z",
                "type": "END",
                "source": "hotkey:ctb",
                "_t": "11:09:17",
                "_end": "-",
                "data": {
                    "lbl": {
                        "time": 54.236911,
                        "endTime": 55.216265,
                        "type": "ground",
                        "id": 11
                    },
                    "key": "enter"
                }
            },
            {
                "time": "2019-09-16T17:09:18.237Z",
                "type": "START",
                "source": "hotkey",
                "_t": "11:09:18",
                "_end": "-",
                "data": {
                    "type": "ground",
                    "time": 55.82739
                }
            },
            {
                "time": "2019-09-16T17:09:19.279Z",
                "type": "END",
                "source": "hotkey:ctb",
                "_t": "11:09:19",
                "_end": "-",
                "data": {
                    "lbl": {
                        "time": 55.82739,
                        "endTime": 56.848973,
                        "type": "ground",
                        "id": 12
                    },
                    "key": "enter"
                }
            },
            {
                "time": "2019-09-16T17:09:20.002Z",
                "type": "START",
                "source": "hotkey",
                "_t": "11:09:20",
                "_end": "-",
                "data": {
                    "type": "ground",
                    "time": 57.585015
                }
            },
            {
                "time": "2019-09-16T17:09:20.880Z",
                "type": "END",
                "source": "hotkey:ctb",
                "_t": "11:09:20",
                "_end": "-",
                "data": {
                    "lbl": {
                        "time": 57.585015,
                        "endTime": 58.442661,
                        "type": "ground",
                        "id": 13
                    },
                    "key": "enter"
                }
            },
            {
                "time": "2019-09-16T17:09:31.621Z",
                "type": "START",
                "source": "hotkey",
                "_t": "11:09:31",
                "_end": "-",
                "data": {
                    "type": "ground",
                    "time": 69.211702
                }
            },
            {
                "time": "2019-09-16T17:09:33.332Z",
                "type": "START",
                "source": "hotkey",
                "_t": "11:09:33",
                "_end": "-",
                "data": {
                    "type": "ground",
                    "time": 70.928056
                }
            },
            {
                "time": "2019-09-16T17:09:34.889Z",
                "type": "START",
                "source": "hotkey",
                "_t": "11:09:34",
                "_end": "-",
                "data": {
                    "type": "ground",
                    "time": 72.47739
                }
            },
            {
                "time": "2019-09-16T17:09:41.569Z",
                "type": "END",
                "source": "hotkey:ctb",
                "_t": "11:09:41",
                "_end": "-",
                "data": {
                    "lbl": {
                        "time": 72.47739,
                        "endTime": 79.126827,
                        "type": "ground",
                        "id": 16
                    },
                    "key": "enter"
                }
            },
            {
                "time": "2019-09-16T17:09:58.931Z",
                "type": "SELECT",
                "source": "data:click",
                "_t": "11:09:58",
                "_end": "-",
                "data": {
                    "time": 69.211702,
                    "endTime": 70.928056,
                    "type": "ground",
                    "id": 14
                }
            },
            {
                "time": "2019-09-16T17:10:02.446Z",
                "type": "DESELECT",
                "source": "data:click",
                "_t": "11:10:02",
                "_end": "-",
                "data": {
                    "time": 69.211702,
                    "endTime": 70.928056,
                    "type": "ground",
                    "id": 14
                }
            },
            {
                "time": "2019-09-16T17:10:03.255Z",
                "type": "SELECT",
                "source": "data:click",
                "_t": "11:10:03",
                "_end": "-",
                "data": {
                    "time": 70.928056,
                    "endTime": 72.47739,
                    "type": "ground",
                    "id": 15
                }
            },
            {
                "time": "2019-09-16T17:10:04.664Z",
                "type": "DESELECT",
                "source": "data:click",
                "_t": "11:10:04",
                "_end": "-",
                "data": {
                    "time": 70.928056,
                    "endTime": 72.47739,
                    "type": "ground",
                    "id": 15
                }
            },
            {
                "time": "2019-09-16T17:10:05.276Z",
                "type": "SELECT",
                "source": "data:click",
                "_t": "11:10:05",
                "_end": "-",
                "data": {
                    "time": 72.47739,
                    "endTime": 79.126827,
                    "type": "ground",
                    "id": 16
                }
            },
            {
                "time": "2019-09-16T17:10:07.863Z",
                "type": "DELETE",
                "source": "side-bar:button",
                "_t": "11:10:07",
                "_end": "-",
                "data": {
                    "id": 16,
                    "idx": 15
                }
            },
            {
                "time": "2019-09-16T17:10:17.427Z",
                "type": "START",
                "source": "hotkey",
                "_t": "11:10:17",
                "_end": "-",
                "data": {
                    "type": "ground",
                    "time": 73.019303
                }
            },
            {
                "time": "2019-09-16T17:10:18.715Z",
                "type": "END",
                "source": "hotkey:ctb",
                "_t": "11:10:18",
                "_end": "-",
                "data": {
                    "lbl": {
                        "time": 73.019303,
                        "endTime": 74.281699,
                        "type": "ground",
                        "id": 16
                    },
                    "key": "enter"
                }
            },
            {
                "time": "2019-09-16T17:10:19.409Z",
                "type": "START",
                "source": "hotkey",
                "_t": "11:10:19",
                "_end": "-",
                "data": {
                    "type": "ground",
                    "time": 74.972574
                }
            },
            {
                "time": "2019-09-16T17:10:20.032Z",
                "type": "END",
                "source": "hotkey:ctb",
                "_t": "11:10:20",
                "_end": "-",
                "data": {
                    "lbl": {
                        "time": 74.972574,
                        "endTime": 75.628012,
                        "type": "ground",
                        "id": 17
                    },
                    "key": "enter"
                }
            },
            {
                "time": "2019-09-16T17:10:20.461Z",
                "type": "START",
                "source": "hotkey",
                "_t": "11:10:20",
                "_end": "-",
                "data": {
                    "type": "ground",
                    "time": 76.033053
                }
            },
            {
                "time": "2019-09-16T17:10:21.276Z",
                "type": "END",
                "source": "hotkey:ctb",
                "_t": "11:10:21",
                "_end": "-",
                "data": {
                    "lbl": {
                        "time": 76.033053,
                        "endTime": 76.845345,
                        "type": "ground",
                        "id": 18
                    },
                    "key": "enter"
                }
            },
            {
                "time": "2019-09-16T17:10:21.936Z",
                "type": "START",
                "source": "hotkey",
                "_t": "11:10:21",
                "_end": "-",
                "data": {
                    "type": "ground",
                    "time": 77.541262
                }
            },
            {
                "time": "2019-09-16T17:10:22.946Z",
                "type": "END",
                "source": "hotkey:ctb",
                "_t": "11:10:22",
                "_end": "-",
                "data": {
                    "lbl": {
                        "time": 77.541262,
                        "endTime": 78.515512,
                        "type": "ground",
                        "id": 19
                    },
                    "key": "enter"
                }
            }
        ],
        "navigationEvents": [
            {
                "time": {
                    "start": "2019-09-16T17:08:07.527Z",
                    "end": "2019-09-16T17:09:51.060Z"
                },
                "type": "SCRUB",
                "source": "data:drag",
                "_t": "11:08:07",
                "_end": "11:09:51",
                "data": {
                    "time": 86.911416
                }
            },
            {
                "time": {
                    "start": "2019-09-16T17:08:07.527Z",
                    "end": "2019-09-16T17:09:51.894Z"
                },
                "type": "SCRUB",
                "source": "data:drag",
                "_t": "11:08:07",
                "_end": "11:09:51",
                "data": {
                    "time": 86.911416
                }
            },
            {
                "time": {
                    "start": "2019-09-16T17:08:07.527Z",
                    "end": "2019-09-16T17:09:54.075Z"
                },
                "type": "SCRUB",
                "source": "data:drag",
                "_t": "11:08:07",
                "_end": "11:09:54",
                "data": {
                    "time": 86.911416
                }
            },
            {
                "time": {
                    "start": "2019-09-16T17:09:55.187Z",
                    "end": "2019-09-16T17:09:55.204Z"
                },
                "type": "SCRUB",
                "source": "video:drag",
                "_t": "11:09:55",
                "_end": "11:09:55",
                "data": {
                    "to": 50.100996680412365,
                    "from": 86.911416
                }
            },
            {
                "time": {
                    "start": "2019-09-16T17:09:57.520Z",
                    "end": "2019-09-16T17:09:57.534Z"
                },
                "type": "SCRUB",
                "source": "video:drag",
                "_t": "11:09:57",
                "_end": "11:09:57",
                "data": {
                    "to": 79.07146868041237,
                    "from": 50.100997
                }
            },
            {
                "time": {
                    "start": "2019-09-16T17:08:07.527Z",
                    "end": "2019-09-16T17:09:58.929Z"
                },
                "type": "SCRUB",
                "source": "data:drag",
                "_t": "11:08:07",
                "_end": "11:09:58",
                "data": {
                    "time": 79.071469
                }
            },
            {
                "time": {
                    "start": "2019-09-16T17:08:07.527Z",
                    "end": "2019-09-16T17:10:02.445Z"
                },
                "type": "SCRUB",
                "source": "data:drag",
                "_t": "11:08:07",
                "_end": "11:10:02",
                "data": {
                    "time": 79.071469
                }
            },
            {
                "time": {
                    "start": "2019-09-16T17:08:07.527Z",
                    "end": "2019-09-16T17:10:03.248Z"
                },
                "type": "SCRUB",
                "source": "data:drag",
                "_t": "11:08:07",
                "_end": "11:10:03",
                "data": {
                    "time": 79.071469
                }
            },
            {
                "time": {
                    "start": "2019-09-16T17:08:07.527Z",
                    "end": "2019-09-16T17:10:04.663Z"
                },
                "type": "SCRUB",
                "source": "data:drag",
                "_t": "11:08:07",
                "_end": "11:10:04",
                "data": {
                    "time": 79.071469
                }
            },
            {
                "time": {
                    "start": "2019-09-16T17:08:07.527Z",
                    "end": "2019-09-16T17:10:05.272Z"
                },
                "type": "SCRUB",
                "source": "data:drag",
                "_t": "11:08:07",
                "_end": "11:10:05",
                "data": {
                    "time": 79.071469
                }
            },
            {
                "time": {
                    "start": "2019-09-16T17:08:07.527Z",
                    "end": "2019-09-16T17:10:09.550Z"
                },
                "type": "SCRUB",
                "source": "data:drag",
                "_t": "11:08:07",
                "_end": "11:10:09",
                "data": {
                    "time": 79.071469
                }
            },
            {
                "time": {
                    "start": "2019-09-16T17:10:12.944Z",
                    "end": "2019-09-16T17:10:12.951Z"
                },
                "type": "SCRUB",
                "source": "video:drag",
                "_t": "11:10:12",
                "_end": "11:10:12",
                "data": {
                    "to": 69.73819806185567,
                    "from": 79.071469
                }
            },
            {
                "time": {
                    "start": "2019-09-16T17:10:14.681Z",
                    "end": "2019-09-16T17:10:14.693Z"
                },
                "type": "SCRUB",
                "source": "video:drag",
                "_t": "11:10:14",
                "_end": "11:10:14",
                "data": {
                    "to": 72.57551232989691,
                    "from": 69.738198
                }
            },
            {
                "time": "2019-09-16T17:10:16.943Z",
                "type": "PLAY",
                "source": "video:button",
                "_t": "11:10:16",
                "_end": "-"
            }
        ]
    }
}