{
    "user_id": "Orange 4",
    "session_id": "5d154da781249f67dd06aaad",
    "study": "studyE",
    "workspace": "cane.cane-vid3-dat3",
    "details": {
        "workspace": "cane.cane-vid3-dat3",
        "labels": [],
        "_starts": [
            "2019-06-27T23:13:54.000Z",
            "2019-06-28T00:02:31.000Z"
        ],
        "_ends": [
            "2019-06-27T23:17:03.156Z",
            "2019-06-28T00:02:38.997Z"
        ]
    },
    "labels_file": "/home/ubuntu/vat/data/user-studies/studyE/practice-first/Orange 4.labels.json",
    "videoFlash": 1.747661,
    "surveys": {
        "user-info": {
            "firstname": "Matthew",
            "lastname": "Porritt",
            "email": "mporr99@gmail.com"
        }
    },
    "logs": {}
}