{
    "user_id": "red4",
    "session_id": "5cf00e1981249f67dd06a999",
    "study": "studyE",
    "workspace": "cane.cane-vid3-dat3",
    "details": {
        "workspace": "cane.cane-vid3-dat3",
        "labels": [
            {
                "time": 38.975738,
                "endTime": 39.89999587544715,
                "type": "ground",
                "id": 1
            },
            {
                "time": 40.469061,
                "endTime": 41.39331887544715,
                "type": "ground",
                "id": 2
            },
            {
                "time": 42.111717,
                "endTime": 42.872510937723575,
                "type": "ground",
                "id": 3
            },
            {
                "time": 43.679706,
                "endTime": 44.5757,
                "type": "ground",
                "id": 4
            }
        ],
        "_starts": [
            "2019-05-30T17:08:55.000Z"
        ],
        "_ends": [
            "2019-05-30T17:12:13.599Z"
        ]
    },
    "labels_file": "/home/ubuntu/vat/data/user-studies/studyE/practice-first/red4.labels.json",
    "videoFlash": 1.747661,
    "surveys": {
        "user-info": {
            "firstname": "Ethan",
            "lastname": "Davis",
            "email": "erdbom@gmail.com"
        }
    },
    "logs": {
        "labelEvents": [
            {
                "time": "2019-05-30T17:10:43.297Z",
                "type": "START",
                "source": "side-bar:button",
                "_t": "11:10:43",
                "_end": "-",
                "data": {
                    "type": "ground",
                    "time": 38.975738
                }
            },
            {
                "time": "2019-05-30T17:10:59.772Z",
                "type": "END",
                "source": "data:click:h_pos",
                "_t": "11:10:59",
                "_end": "-",
                "data": {
                    "lbl": {
                        "time": 38.975738,
                        "endTime": 39.89999587544715,
                        "type": "ground",
                        "id": 1
                    }
                }
            },
            {
                "time": "2019-05-30T17:11:14.738Z",
                "type": "START",
                "source": "side-bar:button",
                "_t": "11:11:14",
                "_end": "-",
                "data": {
                    "type": "ground",
                    "time": 40.469061
                }
            },
            {
                "time": "2019-05-30T17:11:30.296Z",
                "type": "END",
                "source": "data:click:h_pos",
                "_t": "11:11:30",
                "_end": "-",
                "data": {
                    "lbl": {
                        "time": 40.469061,
                        "endTime": 41.39331887544715,
                        "type": "ground",
                        "id": 2
                    }
                }
            },
            {
                "time": "2019-05-30T17:11:40.536Z",
                "type": "START",
                "source": "side-bar:button",
                "_t": "11:11:40",
                "_end": "-",
                "data": {
                    "type": "ground",
                    "time": 42.111717
                }
            },
            {
                "time": "2019-05-30T17:11:51.744Z",
                "type": "END",
                "source": "data:click:h_pos",
                "_t": "11:11:51",
                "_end": "-",
                "data": {
                    "lbl": {
                        "time": 42.111717,
                        "endTime": 42.872510937723575,
                        "type": "ground",
                        "id": 3
                    }
                }
            },
            {
                "time": "2019-05-30T17:11:57.641Z",
                "type": "START",
                "source": "side-bar:button",
                "_t": "11:11:57",
                "_end": "-",
                "data": {
                    "type": "ground",
                    "time": 43.679706
                }
            },
            {
                "time": "2019-05-30T17:12:02.483Z",
                "type": "END",
                "source": "hotkey:ctb",
                "_t": "11:12:02",
                "_end": "-",
                "data": {
                    "lbl": {
                        "time": 43.679706,
                        "endTime": 44.5757,
                        "type": "ground",
                        "id": 4
                    },
                    "key": "enter"
                }
            },
            {
                "time": "2019-05-30T17:12:05.830Z",
                "type": "START",
                "source": "hotkey",
                "_t": "11:12:05",
                "_end": "-",
                "data": {
                    "type": "ground",
                    "time": 45.247696
                }
            }
        ],
        "navigationEvents": [
            {
                "time": {
                    "start": "2019-05-30T17:08:55.150Z",
                    "end": "2019-05-30T17:09:37.550Z"
                },
                "type": "SCRUB",
                "source": "data:drag",
                "_t": "11:08:55",
                "_end": "11:09:37",
                "data": {
                    "time": 23.590744
                }
            },
            {
                "time": {
                    "start": "2019-05-30T17:08:55.150Z",
                    "end": "2019-05-30T17:09:38.640Z"
                },
                "type": "SCRUB",
                "source": "data:drag",
                "_t": "11:08:55",
                "_end": "11:09:38",
                "data": {
                    "time": 28.927049
                }
            },
            {
                "time": {
                    "start": "2019-05-30T17:08:55.150Z",
                    "end": "2019-05-30T17:09:39.459Z"
                },
                "type": "SCRUB",
                "source": "data:drag",
                "_t": "11:08:55",
                "_end": "11:09:39",
                "data": {
                    "time": 31.812557
                }
            },
            {
                "time": {
                    "start": "2019-05-30T17:08:55.150Z",
                    "end": "2019-05-30T17:09:50.512Z"
                },
                "type": "SCRUB",
                "source": "data:drag",
                "_t": "11:08:55",
                "_end": "11:09:50",
                "data": {
                    "time": 42.811746
                }
            },
            {
                "time": "2019-05-30T17:09:51.454Z",
                "type": "PAUSE",
                "source": "video:button",
                "_t": "11:09:51",
                "_end": "-"
            },
            {
                "time": {
                    "start": "2019-05-30T17:09:54.059Z",
                    "end": "2019-05-30T17:10:01.140Z"
                },
                "type": "SCRUB",
                "source": "video:drag",
                "_t": "11:09:54",
                "_end": "11:10:01",
                "data": {
                    "to": 38.602407,
                    "from": 43.752684
                }
            },
            {
                "time": {
                    "start": "2019-05-30T17:10:04.914Z",
                    "end": "2019-05-30T17:10:18.793Z"
                },
                "type": "SCRUB",
                "source": "video:drag",
                "_t": "11:10:04",
                "_end": "11:10:18",
                "data": {
                    "to": 35.167764,
                    "from": 38.602407
                }
            },
            {
                "time": {
                    "start": "2019-05-30T17:10:21.155Z",
                    "end": "2019-05-30T17:10:41.631Z"
                },
                "type": "SCRUB",
                "source": "video:drag",
                "_t": "11:10:21",
                "_end": "11:10:41",
                "data": {
                    "to": 38.975738,
                    "from": 35.167764
                }
            },
            {
                "time": "2019-05-30T17:10:46.341Z",
                "type": "PLAY",
                "source": "hotkey",
                "_t": "11:10:46",
                "_end": "-",
                "data": {
                    "key": "space"
                }
            },
            {
                "time": "2019-05-30T17:10:48.193Z",
                "type": "PAUSE",
                "source": "hotkey",
                "_t": "11:10:48",
                "_end": "-",
                "data": {
                    "key": "space"
                }
            },
            {
                "time": {
                    "start": "2019-05-30T17:10:51.884Z",
                    "end": "2019-05-30T17:10:57.888Z"
                },
                "type": "SCRUB",
                "source": "video:drag",
                "_t": "11:10:51",
                "_end": "11:10:57",
                "data": {
                    "to": 39.871732,
                    "from": 40.79186
                }
            },
            {
                "time": {
                    "start": "2019-05-30T17:08:55.150Z",
                    "end": "2019-05-30T17:10:59.769Z"
                },
                "type": "SCRUB",
                "source": "data:drag",
                "_t": "11:08:55",
                "_end": "11:10:59",
                "data": {
                    "time": 39.871732
                }
            },
            {
                "time": "2019-05-30T17:11:02.241Z",
                "type": "PLAY",
                "source": "hotkey",
                "_t": "11:11:02",
                "_end": "-",
                "data": {
                    "key": "space"
                }
            },
            {
                "time": "2019-05-30T17:11:02.849Z",
                "type": "PAUSE",
                "source": "hotkey",
                "_t": "11:11:02",
                "_end": "-",
                "data": {
                    "key": "space"
                }
            },
            {
                "time": {
                    "start": "2019-05-30T17:11:05.571Z",
                    "end": "2019-05-30T17:11:13.128Z"
                },
                "type": "SCRUB",
                "source": "video:drag",
                "_t": "11:11:05",
                "_end": "11:11:13",
                "data": {
                    "to": 40.469061,
                    "from": 40.423312
                }
            },
            {
                "time": {
                    "start": "2019-05-30T17:11:17.851Z",
                    "end": "2019-05-30T17:11:28.200Z"
                },
                "type": "SCRUB",
                "source": "video:drag",
                "_t": "11:11:17",
                "_end": "11:11:28",
                "data": {
                    "to": 41.365055,
                    "from": 40.469061
                }
            },
            {
                "time": {
                    "start": "2019-05-30T17:08:55.150Z",
                    "end": "2019-05-30T17:11:30.293Z"
                },
                "type": "SCRUB",
                "source": "data:drag",
                "_t": "11:08:55",
                "_end": "11:11:30",
                "data": {
                    "time": 41.365055
                }
            },
            {
                "time": "2019-05-30T17:11:32.288Z",
                "type": "PLAY",
                "source": "video:button",
                "_t": "11:11:32",
                "_end": "-"
            },
            {
                "time": "2019-05-30T17:11:33.449Z",
                "type": "PAUSE",
                "source": "video:button",
                "_t": "11:11:33",
                "_end": "-"
            },
            {
                "time": {
                    "start": "2019-05-30T17:11:36.148Z",
                    "end": "2019-05-30T17:11:39.065Z"
                },
                "type": "SCRUB",
                "source": "video:drag",
                "_t": "11:11:36",
                "_end": "11:11:39",
                "data": {
                    "to": 42.111717,
                    "from": 42.495998
                }
            },
            {
                "time": {
                    "start": "2019-05-30T17:11:42.236Z",
                    "end": "2019-05-30T17:11:48.161Z"
                },
                "type": "SCRUB",
                "source": "video:drag",
                "_t": "11:11:42",
                "_end": "11:11:48",
                "data": {
                    "to": 42.858379,
                    "from": 42.111717
                }
            },
            {
                "time": {
                    "start": "2019-05-30T17:08:55.150Z",
                    "end": "2019-05-30T17:11:51.741Z"
                },
                "type": "SCRUB",
                "source": "data:drag",
                "_t": "11:08:55",
                "_end": "11:11:51",
                "data": {
                    "time": 42.858379
                }
            },
            {
                "time": {
                    "start": "2019-05-30T17:11:53.156Z",
                    "end": "2019-05-30T17:11:56.241Z"
                },
                "type": "SCRUB",
                "source": "video:drag",
                "_t": "11:11:53",
                "_end": "11:11:56",
                "data": {
                    "to": 43.679706,
                    "from": 42.858379
                }
            },
            {
                "time": {
                    "start": "2019-05-30T17:11:59.204Z",
                    "end": "2019-05-30T17:12:01.793Z"
                },
                "type": "SCRUB",
                "source": "video:drag",
                "_t": "11:11:59",
                "_end": "11:12:01",
                "data": {
                    "to": 44.5757,
                    "from": 43.679706
                }
            },
            {
                "time": {
                    "start": "2019-05-30T17:12:03.276Z",
                    "end": "2019-05-30T17:12:05.161Z"
                },
                "type": "SCRUB",
                "source": "video:drag",
                "_t": "11:12:03",
                "_end": "11:12:05",
                "data": {
                    "to": 45.247696,
                    "from": 44.5757
                }
            },
            {
                "time": {
                    "start": "2019-05-30T17:12:06.469Z",
                    "end": "2019-05-30T17:12:12.881Z"
                },
                "type": "SCRUB",
                "source": "video:drag",
                "_t": "11:12:06",
                "_end": "11:12:12",
                "data": {
                    "to": 46.293022,
                    "from": 45.247696
                }
            }
        ]
    }
}