[{"time":39.071827,"endTime":39.071827,"type":"ground","id":2},{"time":38.46638200000003,"endTime":39.071827,"type":"ground","id":3},{"time":40.412979,"endTime":41.303823,"type":"ground","id":4},{"time":42.033354,"endTime":42.883229,"type":"ground","id":5},{"time":43.571479,"endTime":44.501843,"type":"ground","id":6},{"time":45.231114,"endTime":46.20176,"type":"ground","id":7},{"time":46.846979,"endTime":47.899468,"type":"ground","id":8},{"time":48.708979,"endTime":49.519229,"type":"ground","id":9},{"time":50.005448,"endTime":50.896885,"type":"ground","id":10},{"time":51.504604,"endTime":52.355416,"type":"ground","id":11},{"time":52.962531,"endTime":53.850823,"type":"ground","id":12},{"time":54.497906,"endTime":55.42926,"type":"ground","id":13}]