{
    "user_id": "testy",
    "session_id": "5ced94fb81249f67dd06a976",
    "study": "studyE",
    "workspace": "cane.cane-vid3-dat3",
    "details": {
        "workspace": "cane.cane-vid3-dat3",
        "labels": [],
        "_starts": [
            "2019-05-28T20:07:36.000Z"
        ],
        "_ends": [
            "2019-05-28T20:10:40.420Z"
        ]
    },
    "labels_file": "/home/ubuntu/vat/data/user-studies/studyE/practice-first/testy.labels.json",
    "videoFlash": 1.747661,
    "surveys": {
        "user-info": {
            "firstname": "byll",
            "lastname": "byll",
            "email": "byll@byll.net"
        }
    },
    "logs": {}
}