{
    "user_id": "yellow2",
    "session_id": "5cf16de781249f67dd06a9fe",
    "study": "studyE",
    "workspace": "cane.cane-vid3-dat3",
    "details": {
        "workspace": "cane.cane-vid3-dat3",
        "labels": [
            {
                "time": -0.8908548042002131,
                "endTime": 35.255744837209534,
                "type": "ground",
                "id": 1
            },
            {
                "time": 38.783653,
                "endTime": 39.69516298317008,
                "type": "ground",
                "id": 2
            },
            {
                "time": 40.39684,
                "endTime": 41.28715204544651,
                "type": "ground",
                "id": 3
            },
            {
                "time": 41.937221,
                "endTime": 42.80633516999938,
                "type": "ground",
                "id": 4
            },
            {
                "time": 43.541195,
                "endTime": 44.45270498317085,
                "type": "ground",
                "id": 5
            },
            {
                "time": 45.194631,
                "endTime": 46.0990750143083,
                "type": "ground",
                "id": 6
            },
            {
                "time": 46.833935,
                "endTime": 47.695983201138304,
                "type": "ground",
                "id": 7
            },
            {
                "time": 48.692284,
                "endTime": 49.328221197560524,
                "type": "ground",
                "id": 8
            },
            {
                "time": 50.056015,
                "endTime": 50.783809792764316,
                "type": "ground",
                "id": 9
            },
            {
                "time": 51.539868,
                "endTime": 52.19700310414669,
                "type": "ground",
                "id": 10
            },
            {
                "time": 52.967193,
                "endTime": 53.66672391731716,
                "type": "ground",
                "id": 11
            },
            {
                "time": 54.486376,
                "endTime": 55.32722629455294,
                "type": "ground",
                "id": 12
            }
        ],
        "_starts": [
            "2019-05-31T18:09:56.000Z"
        ],
        "_ends": [
            "2019-05-31T18:13:27.066Z"
        ]
    },
    "labels_file": "/home/ubuntu/vat/data/user-studies/studyE/practice-first/yellow2.labels.json",
    "videoFlash": 1.747661,
    "surveys": {
        "user-info": {
            "firstname": "William",
            "lastname": "Andersen",
            "email": "anderstars@gmail.com"
        }
    },
    "logs": {
        "labelEvents": [
            {
                "time": "2019-05-31T18:10:46.715Z",
                "type": "START",
                "source": "side-bar:button",
                "_t": "12:10:46",
                "_end": "-",
                "data": {
                    "type": "ground",
                    "time": 2.106928
                }
            },
            {
                "time": "2019-05-31T18:10:54.255Z",
                "type": "END",
                "source": "data:click:h_pos",
                "_t": "12:10:54",
                "_end": "-",
                "data": {
                    "lbl": {
                        "time": -0.8908548042002131,
                        "endTime": 35.255744837209534,
                        "type": "ground",
                        "id": 1
                    }
                }
            },
            {
                "time": "2019-05-31T18:11:01.854Z",
                "type": "SELECT",
                "source": "data:click",
                "_t": "12:11:01",
                "_end": "-",
                "data": {
                    "time": -0.8908548042002131,
                    "endTime": 35.255744837209534,
                    "type": "ground",
                    "id": 1
                }
            },
            {
                "time": {
                    "start": "2019-05-31T18:11:03.896Z",
                    "end": "2019-05-31T18:11:10.284Z"
                },
                "type": "RESIZE",
                "source": "data:brush",
                "_t": "12:11:03",
                "_end": "12:11:10",
                "data": {
                    "brushing": true,
                    "origin": [
                        1.7606943389430905,
                        2.106928
                    ],
                    "_brushside": 1,
                    "start": "2019-05-31T18:11:03.896Z",
                    "ε": 0.1,
                    "mode": "resize"
                }
            },
            {
                "time": "2019-05-31T18:11:11.301Z",
                "type": "DESELECT",
                "source": "data:click",
                "_t": "12:11:11",
                "_end": "-",
                "data": {
                    "time": -0.8908548042002131,
                    "endTime": 35.255744837209534,
                    "type": "ground",
                    "id": 1
                }
            },
            {
                "time": "2019-05-31T18:11:40.638Z",
                "type": "START",
                "source": "side-bar:button",
                "_t": "12:11:40",
                "_end": "-",
                "data": {
                    "type": "ground",
                    "time": 38.783653
                }
            },
            {
                "time": "2019-05-31T18:11:44.572Z",
                "type": "END",
                "source": "data:click:h_pos",
                "_t": "12:11:44",
                "_end": "-",
                "data": {
                    "lbl": {
                        "time": 38.783653,
                        "endTime": 39.69516298317008,
                        "type": "ground",
                        "id": 2
                    }
                }
            },
            {
                "time": "2019-05-31T18:11:58.100Z",
                "type": "START",
                "source": "side-bar:button",
                "_t": "12:11:58",
                "_end": "-",
                "data": {
                    "type": "ground",
                    "time": 40.39684
                }
            },
            {
                "time": "2019-05-31T18:12:02.983Z",
                "type": "END",
                "source": "data:click:h_pos",
                "_t": "12:12:02",
                "_end": "-",
                "data": {
                    "lbl": {
                        "time": 40.39684,
                        "endTime": 41.28715204544651,
                        "type": "ground",
                        "id": 3
                    }
                }
            },
            {
                "time": "2019-05-31T18:12:10.610Z",
                "type": "START",
                "source": "hotkey",
                "_t": "12:12:10",
                "_end": "-",
                "data": {
                    "type": "ground",
                    "time": 41.937221
                }
            },
            {
                "time": "2019-05-31T18:12:13.903Z",
                "type": "END",
                "source": "data:click:h_pos",
                "_t": "12:12:13",
                "_end": "-",
                "data": {
                    "lbl": {
                        "time": 41.937221,
                        "endTime": 42.80633516999938,
                        "type": "ground",
                        "id": 4
                    }
                }
            },
            {
                "time": "2019-05-31T18:12:17.806Z",
                "type": "START",
                "source": "hotkey",
                "_t": "12:12:17",
                "_end": "-",
                "data": {
                    "type": "ground",
                    "time": 43.541195
                }
            },
            {
                "time": "2019-05-31T18:12:19.188Z",
                "type": "END",
                "source": "data:click:h_pos",
                "_t": "12:12:19",
                "_end": "-",
                "data": {
                    "lbl": {
                        "time": 43.541195,
                        "endTime": 44.45270498317085,
                        "type": "ground",
                        "id": 5
                    }
                }
            },
            {
                "time": "2019-05-31T18:12:30.501Z",
                "type": "START",
                "source": "hotkey",
                "_t": "12:12:30",
                "_end": "-",
                "data": {
                    "type": "ground",
                    "time": 45.194631
                }
            },
            {
                "time": "2019-05-31T18:12:32.745Z",
                "type": "END",
                "source": "data:click:h_pos",
                "_t": "12:12:32",
                "_end": "-",
                "data": {
                    "lbl": {
                        "time": 45.194631,
                        "endTime": 46.0990750143083,
                        "type": "ground",
                        "id": 6
                    }
                }
            },
            {
                "time": "2019-05-31T18:12:37.390Z",
                "type": "START",
                "source": "hotkey",
                "_t": "12:12:37",
                "_end": "-",
                "data": {
                    "type": "ground",
                    "time": 46.833935
                }
            },
            {
                "time": "2019-05-31T18:12:38.936Z",
                "type": "END",
                "source": "data:click:h_pos",
                "_t": "12:12:38",
                "_end": "-",
                "data": {
                    "lbl": {
                        "time": 46.833935,
                        "endTime": 47.695983201138304,
                        "type": "ground",
                        "id": 7
                    }
                }
            },
            {
                "time": "2019-05-31T18:12:47.762Z",
                "type": "START",
                "source": "hotkey",
                "_t": "12:12:47",
                "_end": "-",
                "data": {
                    "type": "ground",
                    "time": 48.692284
                }
            },
            {
                "time": "2019-05-31T18:12:49.584Z",
                "type": "END",
                "source": "data:click:h_pos",
                "_t": "12:12:49",
                "_end": "-",
                "data": {
                    "lbl": {
                        "time": 48.692284,
                        "endTime": 49.328221197560524,
                        "type": "ground",
                        "id": 8
                    }
                }
            },
            {
                "time": "2019-05-31T18:12:57.362Z",
                "type": "START",
                "source": "hotkey",
                "_t": "12:12:57",
                "_end": "-",
                "data": {
                    "type": "ground",
                    "time": 50.056015
                }
            },
            {
                "time": "2019-05-31T18:12:58.822Z",
                "type": "END",
                "source": "data:click:h_pos",
                "_t": "12:12:58",
                "_end": "-",
                "data": {
                    "lbl": {
                        "time": 50.056015,
                        "endTime": 50.783809792764316,
                        "type": "ground",
                        "id": 9
                    }
                }
            },
            {
                "time": "2019-05-31T18:13:04.318Z",
                "type": "START",
                "source": "hotkey",
                "_t": "12:13:04",
                "_end": "-",
                "data": {
                    "type": "ground",
                    "time": 51.539868
                }
            },
            {
                "time": "2019-05-31T18:13:06.157Z",
                "type": "END",
                "source": "data:click:h_pos",
                "_t": "12:13:06",
                "_end": "-",
                "data": {
                    "lbl": {
                        "time": 51.539868,
                        "endTime": 52.19700310414669,
                        "type": "ground",
                        "id": 10
                    }
                }
            },
            {
                "time": "2019-05-31T18:13:12.095Z",
                "type": "START",
                "source": "hotkey",
                "_t": "12:13:12",
                "_end": "-",
                "data": {
                    "type": "ground",
                    "time": 52.967193
                }
            },
            {
                "time": "2019-05-31T18:13:14.192Z",
                "type": "END",
                "source": "data:click:h_pos",
                "_t": "12:13:14",
                "_end": "-",
                "data": {
                    "lbl": {
                        "time": 52.967193,
                        "endTime": 53.66672391731716,
                        "type": "ground",
                        "id": 11
                    }
                }
            },
            {
                "time": "2019-05-31T18:13:20.271Z",
                "type": "START",
                "source": "hotkey",
                "_t": "12:13:20",
                "_end": "-",
                "data": {
                    "type": "ground",
                    "time": 54.486376
                }
            },
            {
                "time": "2019-05-31T18:13:22.432Z",
                "type": "END",
                "source": "data:click:h_pos",
                "_t": "12:13:22",
                "_end": "-",
                "data": {
                    "lbl": {
                        "time": 54.486376,
                        "endTime": 55.32722629455294,
                        "type": "ground",
                        "id": 12
                    }
                }
            },
            {
                "time": "2019-05-31T18:13:26.499Z",
                "type": "START",
                "source": "hotkey",
                "_t": "12:13:26",
                "_end": "-",
                "data": {
                    "type": "ground",
                    "time": 56.139812
                }
            }
        ],
        "navigationEvents": [
            {
                "time": {
                    "start": "2019-05-31T18:10:33.875Z",
                    "end": "2019-05-31T18:10:33.942Z"
                },
                "type": "SCRUB",
                "source": "video:drag",
                "_t": "12:10:33",
                "_end": "12:10:33",
                "data": {
                    "to": 15.082565,
                    "from": 6.564131
                }
            },
            {
                "time": {
                    "start": "2019-05-31T18:10:35.143Z",
                    "end": "2019-05-31T18:10:35.178Z"
                },
                "type": "SCRUB",
                "source": "video:drag",
                "_t": "12:10:35",
                "_end": "12:10:35",
                "data": {
                    "to": 12.021252,
                    "from": 16.199582
                }
            },
            {
                "time": {
                    "start": "2019-05-31T18:10:37.460Z",
                    "end": "2019-05-31T18:10:37.462Z"
                },
                "type": "SCRUB",
                "source": "video:drag",
                "_t": "12:10:37",
                "_end": "12:10:37",
                "data": {
                    "to": 25.087831,
                    "from": 13.987788
                }
            },
            {
                "time": {
                    "start": "2019-05-31T18:10:38.300Z",
                    "end": "2019-05-31T18:10:38.363Z"
                },
                "type": "SCRUB",
                "source": "video:drag",
                "_t": "12:10:38",
                "_end": "12:10:38",
                "data": {
                    "to": 30.613127,
                    "from": 25.831804
                }
            },
            {
                "time": {
                    "start": "2019-05-31T18:10:39.151Z",
                    "end": "2019-05-31T18:10:39.181Z"
                },
                "type": "SCRUB",
                "source": "video:drag",
                "_t": "12:10:39",
                "_end": "12:10:39",
                "data": {
                    "to": 35.167764,
                    "from": 31.32682
                }
            },
            {
                "time": {
                    "start": "2019-05-31T18:10:41.178Z",
                    "end": "2019-05-31T18:10:41.722Z"
                },
                "type": "SCRUB",
                "source": "video:drag",
                "_t": "12:10:41",
                "_end": "12:10:41",
                "data": {
                    "to": 0,
                    "from": 37.07265
                }
            },
            {
                "time": "2019-05-31T18:10:42.672Z",
                "type": "PAUSE",
                "source": "video:button",
                "_t": "12:10:42",
                "_end": "-"
            },
            {
                "time": "2019-05-31T18:10:43.516Z",
                "type": "PLAY",
                "source": "video:button",
                "_t": "12:10:43",
                "_end": "-"
            },
            {
                "time": "2019-05-31T18:10:44.763Z",
                "type": "PAUSE",
                "source": "video:button",
                "_t": "12:10:44",
                "_end": "-"
            },
            {
                "time": {
                    "start": "2019-05-31T18:09:56.779Z",
                    "end": "2019-05-31T18:10:52.252Z"
                },
                "type": "SCRUB",
                "source": "data:drag",
                "_t": "12:09:56",
                "_end": "12:10:52",
                "data": {
                    "time": 2.064531
                }
            },
            {
                "time": {
                    "start": "2019-05-31T18:09:56.779Z",
                    "end": "2019-05-31T18:10:54.251Z"
                },
                "type": "SCRUB",
                "source": "data:drag",
                "_t": "12:09:56",
                "_end": "12:10:54",
                "data": {
                    "time": 2.064531
                }
            },
            {
                "time": {
                    "start": "2019-05-31T18:09:56.779Z",
                    "end": "2019-05-31T18:10:57.315Z"
                },
                "type": "SCRUB",
                "source": "data:drag",
                "_t": "12:09:56",
                "_end": "12:10:57",
                "data": {
                    "time": 2.297707
                }
            },
            {
                "time": {
                    "start": "2019-05-31T18:09:56.779Z",
                    "end": "2019-05-31T18:10:59.996Z"
                },
                "type": "SCRUB",
                "source": "data:drag",
                "_t": "12:09:56",
                "_end": "12:10:59",
                "data": {
                    "time": 2.304772
                }
            },
            {
                "time": {
                    "start": "2019-05-31T18:09:56.779Z",
                    "end": "2019-05-31T18:11:01.276Z"
                },
                "type": "SCRUB",
                "source": "data:drag",
                "_t": "12:09:56",
                "_end": "12:11:01",
                "data": {
                    "time": 2.417827
                }
            },
            {
                "time": {
                    "start": "2019-05-31T18:09:56.779Z",
                    "end": "2019-05-31T18:11:01.852Z"
                },
                "type": "SCRUB",
                "source": "data:drag",
                "_t": "12:09:56",
                "_end": "12:11:01",
                "data": {
                    "time": 2.417827
                }
            },
            {
                "time": {
                    "start": "2019-05-31T18:09:56.779Z",
                    "end": "2019-05-31T18:11:10.295Z"
                },
                "type": "SCRUB",
                "source": "data:drag",
                "_t": "12:09:56",
                "_end": "12:11:10",
                "data": {
                    "time": 2.417827
                }
            },
            {
                "time": {
                    "start": "2019-05-31T18:09:56.779Z",
                    "end": "2019-05-31T18:11:11.299Z"
                },
                "type": "SCRUB",
                "source": "data:drag",
                "_t": "12:09:56",
                "_end": "12:11:11",
                "data": {
                    "time": 2.417827
                }
            },
            {
                "time": {
                    "start": "2019-05-31T18:09:56.779Z",
                    "end": "2019-05-31T18:11:11.851Z"
                },
                "type": "SCRUB",
                "source": "data:drag",
                "_t": "12:09:56",
                "_end": "12:11:11",
                "data": {
                    "time": 2.417827
                }
            },
            {
                "time": {
                    "start": "2019-05-31T18:09:56.779Z",
                    "end": "2019-05-31T18:11:11.972Z"
                },
                "type": "SCRUB",
                "source": "data:drag",
                "_t": "12:09:56",
                "_end": "12:11:11",
                "data": {
                    "time": 2.417827
                }
            },
            {
                "time": "2019-05-31T18:11:11.976Z",
                "type": "JUMP",
                "source": "data:dblclick:h_pos",
                "_t": "12:11:11",
                "_end": "-",
                "data": {
                    "from": 2.417827,
                    "to": 32.40953808283137
                }
            },
            {
                "time": "2019-05-31T18:11:13.009Z",
                "type": "PLAY",
                "source": "hotkey",
                "_t": "12:11:13",
                "_end": "-",
                "data": {
                    "key": "space"
                }
            },
            {
                "time": "2019-05-31T18:11:21.762Z",
                "type": "PAUSE",
                "source": "hotkey",
                "_t": "12:11:21",
                "_end": "-",
                "data": {
                    "key": "space"
                }
            },
            {
                "time": {
                    "start": "2019-05-31T18:09:56.779Z",
                    "end": "2019-05-31T18:11:22.764Z"
                },
                "type": "SCRUB",
                "source": "data:drag",
                "_t": "12:09:56",
                "_end": "12:11:22",
                "data": {
                    "time": 41.132982
                }
            },
            {
                "time": {
                    "start": "2019-05-31T18:09:56.779Z",
                    "end": "2019-05-31T18:11:23.387Z"
                },
                "type": "SCRUB",
                "source": "data:drag",
                "_t": "12:09:56",
                "_end": "12:11:23",
                "data": {
                    "time": 41.132982
                }
            },
            {
                "time": {
                    "start": "2019-05-31T18:09:56.779Z",
                    "end": "2019-05-31T18:11:23.569Z"
                },
                "type": "SCRUB",
                "source": "data:drag",
                "_t": "12:09:56",
                "_end": "12:11:23",
                "data": {
                    "time": 41.132982
                }
            },
            {
                "time": "2019-05-31T18:11:23.576Z",
                "type": "JUMP",
                "source": "data:dblclick:h_pos",
                "_t": "12:11:23",
                "_end": "-",
                "data": {
                    "from": 41.132982,
                    "to": 39.140650065671934
                }
            },
            {
                "time": "2019-05-31T18:11:25.965Z",
                "type": "SKIP",
                "source": "hotkey",
                "_t": "12:11:25",
                "_end": "-",
                "data": {
                    "t": 39.14065,
                    "Δt": -1,
                    "key": "left"
                }
            },
            {
                "time": "2019-05-31T18:11:26.653Z",
                "type": "SKIP",
                "source": "hotkey",
                "_t": "12:11:26",
                "_end": "-",
                "data": {
                    "t": 38.14065,
                    "Δt": 1,
                    "key": "right"
                }
            },
            {
                "time": {
                    "start": "2019-05-31T18:09:56.779Z",
                    "end": "2019-05-31T18:11:29.140Z"
                },
                "type": "SCRUB",
                "source": "data:drag",
                "_t": "12:09:56",
                "_end": "12:11:29",
                "data": {
                    "time": 39.14065
                }
            },
            {
                "time": "2019-05-31T18:11:30.925Z",
                "type": "SKIP",
                "source": "hotkey",
                "_t": "12:11:30",
                "_end": "-",
                "data": {
                    "t": 39.14065,
                    "Δt": -1,
                    "key": "left"
                }
            },
            {
                "time": {
                    "start": "2019-05-31T18:09:56.779Z",
                    "end": "2019-05-31T18:11:38.804Z"
                },
                "type": "SCRUB",
                "source": "data:drag",
                "_t": "12:09:56",
                "_end": "12:11:38",
                "data": {
                    "time": 38.783653
                }
            },
            {
                "time": {
                    "start": "2019-05-31T18:09:56.779Z",
                    "end": "2019-05-31T18:11:44.568Z"
                },
                "type": "SCRUB",
                "source": "data:drag",
                "_t": "12:09:56",
                "_end": "12:11:44",
                "data": {
                    "time": 38.783653
                }
            },
            {
                "time": "2019-05-31T18:11:45.294Z",
                "type": "PLAY",
                "source": "hotkey",
                "_t": "12:11:45",
                "_end": "-",
                "data": {
                    "key": "space"
                }
            },
            {
                "time": "2019-05-31T18:11:46.396Z",
                "type": "PAUSE",
                "source": "hotkey",
                "_t": "12:11:46",
                "_end": "-",
                "data": {
                    "key": "space"
                }
            },
            {
                "time": {
                    "start": "2019-05-31T18:09:56.779Z",
                    "end": "2019-05-31T18:11:56.388Z"
                },
                "type": "SCRUB",
                "source": "data:drag",
                "_t": "12:09:56",
                "_end": "12:11:56",
                "data": {
                    "time": 40.39684
                }
            },
            {
                "time": {
                    "start": "2019-05-31T18:09:56.779Z",
                    "end": "2019-05-31T18:12:01.509Z"
                },
                "type": "SCRUB",
                "source": "data:drag",
                "_t": "12:09:56",
                "_end": "12:12:01",
                "data": {
                    "time": 40.389774
                }
            },
            {
                "time": {
                    "start": "2019-05-31T18:09:56.779Z",
                    "end": "2019-05-31T18:12:02.980Z"
                },
                "type": "SCRUB",
                "source": "data:drag",
                "_t": "12:09:56",
                "_end": "12:12:02",
                "data": {
                    "time": 40.389774
                }
            },
            {
                "time": {
                    "start": "2019-05-31T18:09:56.779Z",
                    "end": "2019-05-31T18:12:08.596Z"
                },
                "type": "SCRUB",
                "source": "data:drag",
                "_t": "12:09:56",
                "_end": "12:12:08",
                "data": {
                    "time": 41.937221
                }
            },
            {
                "time": {
                    "start": "2019-05-31T18:09:56.779Z",
                    "end": "2019-05-31T18:12:13.900Z"
                },
                "type": "SCRUB",
                "source": "data:drag",
                "_t": "12:09:56",
                "_end": "12:12:13",
                "data": {
                    "time": 41.937221
                }
            },
            {
                "time": {
                    "start": "2019-05-31T18:09:56.779Z",
                    "end": "2019-05-31T18:12:17.612Z"
                },
                "type": "SCRUB",
                "source": "data:drag",
                "_t": "12:09:56",
                "_end": "12:12:17",
                "data": {
                    "time": 43.541195
                }
            },
            {
                "time": {
                    "start": "2019-05-31T18:09:56.779Z",
                    "end": "2019-05-31T18:12:19.187Z"
                },
                "type": "SCRUB",
                "source": "data:drag",
                "_t": "12:09:56",
                "_end": "12:12:19",
                "data": {
                    "time": 43.541195
                }
            },
            {
                "time": {
                    "start": "2019-05-31T18:09:56.779Z",
                    "end": "2019-05-31T18:12:29.677Z"
                },
                "type": "SCRUB",
                "source": "data:drag",
                "_t": "12:09:56",
                "_end": "12:12:29",
                "data": {
                    "time": 45.194631
                }
            },
            {
                "time": {
                    "start": "2019-05-31T18:09:56.779Z",
                    "end": "2019-05-31T18:12:32.740Z"
                },
                "type": "SCRUB",
                "source": "data:drag",
                "_t": "12:09:56",
                "_end": "12:12:32",
                "data": {
                    "time": 45.194631
                }
            },
            {
                "time": {
                    "start": "2019-05-31T18:09:56.779Z",
                    "end": "2019-05-31T18:12:37.268Z"
                },
                "type": "SCRUB",
                "source": "data:drag",
                "_t": "12:09:56",
                "_end": "12:12:37",
                "data": {
                    "time": 46.833935
                }
            },
            {
                "time": {
                    "start": "2019-05-31T18:09:56.779Z",
                    "end": "2019-05-31T18:12:38.932Z"
                },
                "type": "SCRUB",
                "source": "data:drag",
                "_t": "12:09:56",
                "_end": "12:12:38",
                "data": {
                    "time": 46.833935
                }
            },
            {
                "time": {
                    "start": "2019-05-31T18:09:56.779Z",
                    "end": "2019-05-31T18:12:47.653Z"
                },
                "type": "SCRUB",
                "source": "data:drag",
                "_t": "12:09:56",
                "_end": "12:12:47",
                "data": {
                    "time": 48.692284
                }
            },
            {
                "time": {
                    "start": "2019-05-31T18:09:56.779Z",
                    "end": "2019-05-31T18:12:49.580Z"
                },
                "type": "SCRUB",
                "source": "data:drag",
                "_t": "12:09:56",
                "_end": "12:12:49",
                "data": {
                    "time": 48.692284
                }
            },
            {
                "time": {
                    "start": "2019-05-31T18:09:56.779Z",
                    "end": "2019-05-31T18:12:57.197Z"
                },
                "type": "SCRUB",
                "source": "data:drag",
                "_t": "12:09:56",
                "_end": "12:12:57",
                "data": {
                    "time": 50.056015
                }
            },
            {
                "time": {
                    "start": "2019-05-31T18:09:56.779Z",
                    "end": "2019-05-31T18:12:58.819Z"
                },
                "type": "SCRUB",
                "source": "data:drag",
                "_t": "12:09:56",
                "_end": "12:12:58",
                "data": {
                    "time": 50.056015
                }
            },
            {
                "time": {
                    "start": "2019-05-31T18:09:56.779Z",
                    "end": "2019-05-31T18:13:04.221Z"
                },
                "type": "SCRUB",
                "source": "data:drag",
                "_t": "12:09:56",
                "_end": "12:13:04",
                "data": {
                    "time": 51.539868
                }
            },
            {
                "time": {
                    "start": "2019-05-31T18:09:56.779Z",
                    "end": "2019-05-31T18:13:06.155Z"
                },
                "type": "SCRUB",
                "source": "data:drag",
                "_t": "12:09:56",
                "_end": "12:13:06",
                "data": {
                    "time": 51.539868
                }
            },
            {
                "time": {
                    "start": "2019-05-31T18:09:56.779Z",
                    "end": "2019-05-31T18:13:11.957Z"
                },
                "type": "SCRUB",
                "source": "data:drag",
                "_t": "12:09:56",
                "_end": "12:13:11",
                "data": {
                    "time": 52.967193
                }
            },
            {
                "time": {
                    "start": "2019-05-31T18:09:56.779Z",
                    "end": "2019-05-31T18:13:14.189Z"
                },
                "type": "SCRUB",
                "source": "data:drag",
                "_t": "12:09:56",
                "_end": "12:13:14",
                "data": {
                    "time": 52.967193
                }
            },
            {
                "time": {
                    "start": "2019-05-31T18:09:56.779Z",
                    "end": "2019-05-31T18:13:20.069Z"
                },
                "type": "SCRUB",
                "source": "data:drag",
                "_t": "12:09:56",
                "_end": "12:13:20",
                "data": {
                    "time": 54.486376
                }
            },
            {
                "time": {
                    "start": "2019-05-31T18:09:56.779Z",
                    "end": "2019-05-31T18:13:22.428Z"
                },
                "type": "SCRUB",
                "source": "data:drag",
                "_t": "12:09:56",
                "_end": "12:13:22",
                "data": {
                    "time": 54.486376
                }
            },
            {
                "time": {
                    "start": "2019-05-31T18:09:56.779Z",
                    "end": "2019-05-31T18:13:26.364Z"
                },
                "type": "SCRUB",
                "source": "data:drag",
                "_t": "12:09:56",
                "_end": "12:13:26",
                "data": {
                    "time": 56.139812
                }
            }
        ]
    }
}