{
    "user_id": "049",
    "session_id": "5a789de3ee2b1975ba835b9c",
    "study": "studyD",
    "workspace": "cane.cane-vid1-dat2",
    "details": {
        "workspace": "cane.cane-vid1-dat2",
        "labels": [
            {
                "time": 28.403959,
                "endTime": 29.819916273094854,
                "type": "ground",
                "id": 1
            },
            {
                "time": 30.518565,
                "endTime": 31.682982225414694,
                "type": "ground",
                "id": 2
            },
            {
                "time": 32.262906,
                "endTime": 33.37252712068968,
                "type": "ground",
                "id": 3
            }
        ],
        "_starts": [
            "2018-02-05T18:14:20.000Z"
        ],
        "_ends": [
            "2018-02-05T18:16:40.140Z"
        ]
    },
    "labels_file": "/home/ubuntu/vat/data/user-studies/studyD/practice-second/049.labels.json",
    "videoFlash": 1.922515,
    "surveys": {
        "user-info": {
            "firstname": "Rebekah",
            "lastname": "Day",
            "email": "rebekahday@gmail.com"
        },
        "practice-first": {
            "question1": "3",
            "question2": "ok",
            "question3": "30",
            "question4": "4"
        }
    },
    "logs": {
        "labelEvents": [
            {
                "time": "2018-02-05T18:15:13.805Z",
                "type": "START",
                "source": "side-bar:button",
                "_t": "11:15:13",
                "_end": "-",
                "data": {
                    "type": "ground",
                    "time": 28.403959
                }
            },
            {
                "time": "2018-02-05T18:15:23.447Z",
                "type": "END",
                "source": "data:click:h_pos",
                "_t": "11:15:23",
                "_end": "-",
                "data": {
                    "lbl": {
                        "time": 28.403959,
                        "endTime": 29.819916273094854,
                        "type": "ground",
                        "id": 1
                    }
                }
            },
            {
                "time": "2018-02-05T18:15:42.344Z",
                "type": "SELECT",
                "source": "data:click",
                "_t": "11:15:42",
                "_end": "-",
                "data": {
                    "time": 28.403959,
                    "endTime": 29.819916273094854,
                    "type": "ground",
                    "id": 1
                }
            },
            {
                "time": {
                    "start": "2018-02-05T18:15:43.687Z",
                    "end": "2018-02-05T18:15:46.679Z"
                },
                "type": "RESIZE",
                "source": "data:brush",
                "_t": "11:15:43",
                "_end": "11:15:46",
                "data": {
                    "brushing": true,
                    "origin": [
                        28.403959,
                        30.6418578439761
                    ],
                    "_brushside": 1,
                    "start": "2018-02-05T18:15:43.687Z",
                    "ε": 0.1,
                    "mode": "resize"
                }
            },
            {
                "time": "2018-02-05T18:15:54.159Z",
                "type": "DESELECT",
                "source": "side-bar:button",
                "_t": "11:15:54",
                "_end": "-",
                "data": {
                    "time": 28.403959,
                    "endTime": 29.819916273094854,
                    "type": "ground",
                    "id": 1
                }
            },
            {
                "time": "2018-02-05T18:16:06.463Z",
                "type": "START",
                "source": "side-bar:button",
                "_t": "11:16:06",
                "_end": "-",
                "data": {
                    "type": "ground",
                    "time": 30.518565
                }
            },
            {
                "time": "2018-02-05T18:16:09.433Z",
                "type": "END",
                "source": "data:click:h_pos",
                "_t": "11:16:09",
                "_end": "-",
                "data": {
                    "lbl": {
                        "time": 30.518565,
                        "endTime": 31.682982225414694,
                        "type": "ground",
                        "id": 2
                    }
                }
            },
            {
                "time": "2018-02-05T18:16:20.376Z",
                "type": "SELECT",
                "source": "data:click",
                "_t": "11:16:20",
                "_end": "-",
                "data": {
                    "time": 30.518565,
                    "endTime": 31.682982225414694,
                    "type": "ground",
                    "id": 2
                }
            },
            {
                "time": {
                    "start": "2018-02-05T18:16:21.487Z",
                    "end": "2018-02-05T18:16:23.728Z"
                },
                "type": "RESIZE",
                "source": "data:brush",
                "_t": "11:16:21",
                "_end": "11:16:23",
                "data": {
                    "brushing": true,
                    "origin": [
                        30.518565,
                        31.765176382502794
                    ],
                    "_brushside": 1,
                    "start": "2018-02-05T18:16:21.487Z",
                    "ε": 0.1,
                    "mode": "resize"
                }
            },
            {
                "time": "2018-02-05T18:16:27.094Z",
                "type": "DESELECT",
                "source": "side-bar:button",
                "_t": "11:16:27",
                "_end": "-",
                "data": {
                    "time": 30.518565,
                    "endTime": 31.682982225414694,
                    "type": "ground",
                    "id": 2
                }
            },
            {
                "time": "2018-02-05T18:16:36.031Z",
                "type": "START",
                "source": "side-bar:button",
                "_t": "11:16:36",
                "_end": "-",
                "data": {
                    "type": "ground",
                    "time": 32.262906
                }
            },
            {
                "time": "2018-02-05T18:16:38.666Z",
                "type": "END",
                "source": "data:click:h_pos",
                "_t": "11:16:38",
                "_end": "-",
                "data": {
                    "lbl": {
                        "time": 32.262906,
                        "endTime": 33.37252712068968,
                        "type": "ground",
                        "id": 3
                    }
                }
            }
        ],
        "navigationEvents": [
            {
                "time": {
                    "start": "2018-02-05T18:14:20.774Z",
                    "end": "2018-02-05T18:14:49.190Z"
                },
                "type": "SCRUB",
                "source": "data:drag",
                "_t": "11:14:20",
                "_end": "11:14:49",
                "data": {
                    "time": 16.714321
                }
            },
            {
                "time": {
                    "start": "2018-02-05T18:14:20.774Z",
                    "end": "2018-02-05T18:14:51.488Z"
                },
                "type": "SCRUB",
                "source": "data:drag",
                "_t": "11:14:20",
                "_end": "11:14:51",
                "data": {
                    "time": 30.814159
                }
            },
            {
                "time": {
                    "start": "2018-02-05T18:14:20.774Z",
                    "end": "2018-02-05T18:14:53.055Z"
                },
                "type": "SCRUB",
                "source": "data:drag",
                "_t": "11:14:20",
                "_end": "11:14:53",
                "data": {
                    "time": 29.590975
                }
            },
            {
                "time": {
                    "start": "2018-02-05T18:14:20.774Z",
                    "end": "2018-02-05T18:14:54.422Z"
                },
                "type": "SCRUB",
                "source": "data:drag",
                "_t": "11:14:20",
                "_end": "11:14:54",
                "data": {
                    "time": 29.601421
                }
            },
            {
                "time": {
                    "start": "2018-02-05T18:14:20.774Z",
                    "end": "2018-02-05T18:15:01.582Z"
                },
                "type": "SCRUB",
                "source": "data:drag",
                "_t": "11:14:20",
                "_end": "11:15:01",
                "data": {
                    "time": 27.113329
                }
            },
            {
                "time": "2018-02-05T18:15:02.999Z",
                "type": "PAUSE",
                "source": "video:button",
                "_t": "11:15:02",
                "_end": "-"
            },
            {
                "time": {
                    "start": "2018-02-05T18:14:20.774Z",
                    "end": "2018-02-05T18:15:11.734Z"
                },
                "type": "SCRUB",
                "source": "data:drag",
                "_t": "11:14:20",
                "_end": "11:15:11",
                "data": {
                    "time": 28.403959
                }
            },
            {
                "time": "2018-02-05T18:15:17.767Z",
                "type": "PLAY",
                "source": "video:button",
                "_t": "11:15:17",
                "_end": "-"
            },
            {
                "time": {
                    "start": "2018-02-05T18:14:20.774Z",
                    "end": "2018-02-05T18:15:20.798Z"
                },
                "type": "SCRUB",
                "source": "data:drag",
                "_t": "11:14:20",
                "_end": "11:15:20",
                "data": {
                    "time": 31.38761
                }
            },
            {
                "time": "2018-02-05T18:15:22.927Z",
                "type": "PAUSE",
                "source": "video:button",
                "_t": "11:15:22",
                "_end": "-"
            },
            {
                "time": {
                    "start": "2018-02-05T18:14:20.774Z",
                    "end": "2018-02-05T18:15:23.446Z"
                },
                "type": "SCRUB",
                "source": "data:drag",
                "_t": "11:14:20",
                "_end": "11:15:23",
                "data": {
                    "time": 33.514087
                }
            },
            {
                "time": {
                    "start": "2018-02-05T18:14:20.774Z",
                    "end": "2018-02-05T18:15:28.805Z"
                },
                "type": "SCRUB",
                "source": "data:drag",
                "_t": "11:14:20",
                "_end": "11:15:28",
                "data": {
                    "time": 28.755958
                }
            },
            {
                "time": {
                    "start": "2018-02-05T18:14:20.774Z",
                    "end": "2018-02-05T18:15:41.446Z"
                },
                "type": "SCRUB",
                "source": "data:drag",
                "_t": "11:14:20",
                "_end": "11:15:41",
                "data": {
                    "time": 29.833614
                }
            },
            {
                "time": {
                    "start": "2018-02-05T18:14:20.774Z",
                    "end": "2018-02-05T18:15:42.342Z"
                },
                "type": "SCRUB",
                "source": "data:drag",
                "_t": "11:14:20",
                "_end": "11:15:42",
                "data": {
                    "time": 29.833614
                }
            },
            {
                "time": {
                    "start": "2018-02-05T18:14:20.774Z",
                    "end": "2018-02-05T18:15:46.686Z"
                },
                "type": "SCRUB",
                "source": "data:drag",
                "_t": "11:14:20",
                "_end": "11:15:46",
                "data": {
                    "time": 29.833614
                }
            },
            {
                "time": "2018-02-05T18:15:49.239Z",
                "type": "CHANGE-PLAYBACK-RATE",
                "source": "video:button",
                "_t": "11:15:49",
                "_end": "-",
                "data": {
                    "oldRate": 1,
                    "newRate": 1.5
                }
            },
            {
                "time": "2018-02-05T18:15:50.591Z",
                "type": "CHANGE-PLAYBACK-RATE",
                "source": "video:menu",
                "_t": "11:15:50",
                "_end": "-",
                "data": {
                    "oldRate": 1.5,
                    "newRate": 0.25
                }
            },
            {
                "time": {
                    "start": "2018-02-05T18:14:20.774Z",
                    "end": "2018-02-05T18:16:03.783Z"
                },
                "type": "SCRUB",
                "source": "data:drag",
                "_t": "11:14:20",
                "_end": "11:16:03",
                "data": {
                    "time": 30.518565
                }
            },
            {
                "time": {
                    "start": "2018-02-05T18:14:20.774Z",
                    "end": "2018-02-05T18:16:09.431Z"
                },
                "type": "SCRUB",
                "source": "data:drag",
                "_t": "11:14:20",
                "_end": "11:16:09",
                "data": {
                    "time": 30.518565
                }
            },
            {
                "time": {
                    "start": "2018-02-05T18:14:20.774Z",
                    "end": "2018-02-05T18:16:19.726Z"
                },
                "type": "SCRUB",
                "source": "data:drag",
                "_t": "11:14:20",
                "_end": "11:16:19",
                "data": {
                    "time": 31.705813
                }
            },
            {
                "time": {
                    "start": "2018-02-05T18:14:20.774Z",
                    "end": "2018-02-05T18:16:20.375Z"
                },
                "type": "SCRUB",
                "source": "data:drag",
                "_t": "11:14:20",
                "_end": "11:16:20",
                "data": {
                    "time": 31.705813
                }
            },
            {
                "time": {
                    "start": "2018-02-05T18:14:20.774Z",
                    "end": "2018-02-05T18:16:23.736Z"
                },
                "type": "SCRUB",
                "source": "data:drag",
                "_t": "11:14:20",
                "_end": "11:16:23",
                "data": {
                    "time": 31.705813
                }
            },
            {
                "time": {
                    "start": "2018-02-05T18:14:20.774Z",
                    "end": "2018-02-05T18:16:34.399Z"
                },
                "type": "SCRUB",
                "source": "data:drag",
                "_t": "11:14:20",
                "_end": "11:16:34",
                "data": {
                    "time": 32.262906
                }
            },
            {
                "time": {
                    "start": "2018-02-05T18:14:20.774Z",
                    "end": "2018-02-05T18:16:38.663Z"
                },
                "type": "SCRUB",
                "source": "data:drag",
                "_t": "11:14:20",
                "_end": "11:16:38",
                "data": {
                    "time": 32.262906
                }
            }
        ]
    }
}