{
    "user_id": "051",
    "session_id": "5a789defee2b1975ba835b9e",
    "study": "studyD",
    "workspace": "cane.cane-vid1-dat2",
    "details": {
        "workspace": "cane.cane-vid1-dat2",
        "labels": [
            {
                "time": 28.647989,
                "endTime": 28.752636195121948,
                "type": "ground",
                "id": 1
            },
            {
                "time": 30.928546,
                "endTime": 30.98959019715447,
                "type": "ground",
                "id": 2
            },
            {
                "time": 32.389777,
                "endTime": 32.450821197154475,
                "type": "ground",
                "id": 3
            }
        ],
        "_starts": [
            "2018-02-05T18:14:21.000Z"
        ],
        "_ends": [
            "2018-02-05T18:17:06.034Z"
        ]
    },
    "labels_file": "/home/ubuntu/vat/data/user-studies/studyD/practice-second/051.labels.json",
    "videoFlash": 1.922515,
    "surveys": {
        "user-info": {
            "firstname": "Cameron",
            "lastname": "McQuinn",
            "email": "cameron.mcquinn@gmail.com"
        },
        "practice-first": {
            "question1": "5",
            "question2": "ok",
            "question3": "50",
            "question4": "5"
        }
    },
    "logs": {
        "labelEvents": [
            {
                "time": "2018-02-05T18:16:03.971Z",
                "type": "START",
                "source": "side-bar:button",
                "_t": "11:16:03",
                "_end": "-",
                "data": {
                    "type": "ground",
                    "time": 28.647989
                }
            },
            {
                "time": "2018-02-05T18:16:08.548Z",
                "type": "END",
                "source": "data:click:h_pos",
                "_t": "11:16:08",
                "_end": "-",
                "data": {
                    "lbl": {
                        "time": 28.647989,
                        "endTime": 28.752636195121948,
                        "type": "ground",
                        "id": 1
                    }
                }
            },
            {
                "time": "2018-02-05T18:16:19.979Z",
                "type": "START",
                "source": "side-bar:button",
                "_t": "11:16:19",
                "_end": "-",
                "data": {
                    "type": "ground",
                    "time": 30.928546
                }
            },
            {
                "time": "2018-02-05T18:16:23.013Z",
                "type": "END",
                "source": "data:click:h_pos",
                "_t": "11:16:23",
                "_end": "-",
                "data": {
                    "lbl": {
                        "time": 30.928546,
                        "endTime": 30.98959019715447,
                        "type": "ground",
                        "id": 2
                    }
                }
            },
            {
                "time": "2018-02-05T18:16:51.452Z",
                "type": "START",
                "source": "side-bar:button",
                "_t": "11:16:51",
                "_end": "-",
                "data": {
                    "type": "ground",
                    "time": 32.389777
                }
            },
            {
                "time": "2018-02-05T18:16:53.846Z",
                "type": "END",
                "source": "data:click:h_pos",
                "_t": "11:16:53",
                "_end": "-",
                "data": {
                    "lbl": {
                        "time": 32.389777,
                        "endTime": 32.450821197154475,
                        "type": "ground",
                        "id": 3
                    }
                }
            }
        ],
        "navigationEvents": [
            {
                "time": "2018-02-05T18:15:12.348Z",
                "type": "SKIP",
                "source": "hotkey",
                "_t": "11:15:12",
                "_end": "-",
                "data": {
                    "t": 5.319499,
                    "Δt": 5,
                    "key": "right"
                }
            },
            {
                "time": "2018-02-05T18:15:13.227Z",
                "type": "SKIP",
                "source": "hotkey",
                "_t": "11:15:13",
                "_end": "-",
                "data": {
                    "t": 11.089453,
                    "Δt": 5,
                    "key": "right"
                }
            },
            {
                "time": "2018-02-05T18:15:18.252Z",
                "type": "SKIP",
                "source": "hotkey",
                "_t": "11:15:18",
                "_end": "-",
                "data": {
                    "t": 21.007597,
                    "Δt": 5,
                    "key": "right"
                }
            },
            {
                "time": "2018-02-05T18:15:22.027Z",
                "type": "PAUSE",
                "source": "hotkey",
                "_t": "11:15:22",
                "_end": "-",
                "data": {
                    "key": "space"
                }
            },
            {
                "time": "2018-02-05T18:15:24.108Z",
                "type": "PLAY",
                "source": "hotkey",
                "_t": "11:15:24",
                "_end": "-",
                "data": {
                    "key": "space"
                }
            },
            {
                "time": "2018-02-05T18:15:28.635Z",
                "type": "PAUSE",
                "source": "hotkey",
                "_t": "11:15:28",
                "_end": "-",
                "data": {
                    "key": "space"
                }
            },
            {
                "time": "2018-02-05T18:15:36.059Z",
                "type": "SKIP",
                "source": "hotkey",
                "_t": "11:15:36",
                "_end": "-",
                "data": {
                    "t": 33.906173,
                    "Δt": -1,
                    "key": "left"
                }
            },
            {
                "time": "2018-02-05T18:15:36.555Z",
                "type": "SKIP",
                "source": "hotkey",
                "_t": "11:15:36",
                "_end": "-",
                "data": {
                    "t": 32.906173,
                    "Δt": -1,
                    "key": "left"
                }
            },
            {
                "time": "2018-02-05T18:15:37.003Z",
                "type": "SKIP",
                "source": "hotkey",
                "_t": "11:15:37",
                "_end": "-",
                "data": {
                    "t": 31.906173,
                    "Δt": -1,
                    "key": "left"
                }
            },
            {
                "time": "2018-02-05T18:15:37.451Z",
                "type": "SKIP",
                "source": "hotkey",
                "_t": "11:15:37",
                "_end": "-",
                "data": {
                    "t": 30.906173,
                    "Δt": -1,
                    "key": "left"
                }
            },
            {
                "time": "2018-02-05T18:15:37.610Z",
                "type": "SKIP",
                "source": "hotkey",
                "_t": "11:15:37",
                "_end": "-",
                "data": {
                    "t": 29.906173,
                    "Δt": -1,
                    "key": "left"
                }
            },
            {
                "time": "2018-02-05T18:15:38.331Z",
                "type": "SKIP",
                "source": "hotkey",
                "_t": "11:15:38",
                "_end": "-",
                "data": {
                    "t": 28.906173,
                    "Δt": -1,
                    "key": "left"
                }
            },
            {
                "time": "2018-02-05T18:15:43.788Z",
                "type": "PLAY",
                "source": "hotkey",
                "_t": "11:15:43",
                "_end": "-",
                "data": {
                    "key": "space"
                }
            },
            {
                "time": "2018-02-05T18:15:44.747Z",
                "type": "PAUSE",
                "source": "hotkey",
                "_t": "11:15:44",
                "_end": "-",
                "data": {
                    "key": "space"
                }
            },
            {
                "time": "2018-02-05T18:15:45.820Z",
                "type": "SKIP",
                "source": "hotkey",
                "_t": "11:15:45",
                "_end": "-",
                "data": {
                    "t": 28.823553,
                    "Δt": -1,
                    "key": "left"
                }
            },
            {
                "time": "2018-02-05T18:15:48.051Z",
                "type": "CHANGE-PLAYBACK-RATE",
                "source": "video:button",
                "_t": "11:15:48",
                "_end": "-",
                "data": {
                    "oldRate": 1,
                    "newRate": 1.5
                }
            },
            {
                "time": "2018-02-05T18:15:49.466Z",
                "type": "CHANGE-PLAYBACK-RATE",
                "source": "video:button",
                "_t": "11:15:49",
                "_end": "-",
                "data": {
                    "oldRate": 1.5,
                    "newRate": 2
                }
            },
            {
                "time": "2018-02-05T18:15:49.636Z",
                "type": "CHANGE-PLAYBACK-RATE",
                "source": "video:button",
                "_t": "11:15:49",
                "_end": "-",
                "data": {
                    "oldRate": 2,
                    "newRate": 0.25
                }
            },
            {
                "time": "2018-02-05T18:15:49.914Z",
                "type": "CHANGE-PLAYBACK-RATE",
                "source": "video:button",
                "_t": "11:15:49",
                "_end": "-",
                "data": {
                    "oldRate": 0.25,
                    "newRate": 0.5
                }
            },
            {
                "time": "2018-02-05T18:15:50.554Z",
                "type": "CHANGE-PLAYBACK-RATE",
                "source": "video:button",
                "_t": "11:15:50",
                "_end": "-",
                "data": {
                    "oldRate": 0.5,
                    "newRate": 1
                }
            },
            {
                "time": "2018-02-05T18:15:50.706Z",
                "type": "CHANGE-PLAYBACK-RATE",
                "source": "video:button",
                "_t": "11:15:50",
                "_end": "-",
                "data": {
                    "oldRate": 1,
                    "newRate": 1.5
                }
            },
            {
                "time": "2018-02-05T18:15:50.858Z",
                "type": "CHANGE-PLAYBACK-RATE",
                "source": "video:button",
                "_t": "11:15:50",
                "_end": "-",
                "data": {
                    "oldRate": 1.5,
                    "newRate": 2
                }
            },
            {
                "time": "2018-02-05T18:15:51.258Z",
                "type": "CHANGE-PLAYBACK-RATE",
                "source": "video:button",
                "_t": "11:15:51",
                "_end": "-",
                "data": {
                    "oldRate": 2,
                    "newRate": 0.25
                }
            },
            {
                "time": "2018-02-05T18:15:52.252Z",
                "type": "PLAY",
                "source": "hotkey",
                "_t": "11:15:52",
                "_end": "-",
                "data": {
                    "key": "space"
                }
            },
            {
                "time": "2018-02-05T18:15:53.819Z",
                "type": "PAUSE",
                "source": "hotkey",
                "_t": "11:15:53",
                "_end": "-",
                "data": {
                    "key": "space"
                }
            },
            {
                "time": "2018-02-05T18:15:56.092Z",
                "type": "SKIP",
                "source": "hotkey",
                "_t": "11:15:56",
                "_end": "-",
                "data": {
                    "t": 28.567849,
                    "Δt": -1,
                    "key": "left"
                }
            },
            {
                "time": "2018-02-05T18:15:56.715Z",
                "type": "PLAY",
                "source": "hotkey",
                "_t": "11:15:56",
                "_end": "-",
                "data": {
                    "key": "space"
                }
            },
            {
                "time": "2018-02-05T18:15:57.835Z",
                "type": "PAUSE",
                "source": "hotkey",
                "_t": "11:15:57",
                "_end": "-",
                "data": {
                    "key": "space"
                }
            },
            {
                "time": "2018-02-05T18:15:59.164Z",
                "type": "SKIP",
                "source": "hotkey",
                "_t": "11:15:59",
                "_end": "-",
                "data": {
                    "t": 29.138462,
                    "Δt": -1,
                    "key": "left"
                }
            },
            {
                "time": "2018-02-05T18:16:00.060Z",
                "type": "PLAY",
                "source": "hotkey",
                "_t": "11:16:00",
                "_end": "-",
                "data": {
                    "key": "space"
                }
            },
            {
                "time": "2018-02-05T18:16:00.427Z",
                "type": "PAUSE",
                "source": "hotkey",
                "_t": "11:16:00",
                "_end": "-",
                "data": {
                    "key": "space"
                }
            },
            {
                "time": "2018-02-05T18:16:00.972Z",
                "type": "PLAY",
                "source": "hotkey",
                "_t": "11:16:00",
                "_end": "-",
                "data": {
                    "key": "space"
                }
            },
            {
                "time": "2018-02-05T18:16:01.484Z",
                "type": "PAUSE",
                "source": "hotkey",
                "_t": "11:16:01",
                "_end": "-",
                "data": {
                    "key": "space"
                }
            },
            {
                "time": {
                    "start": "2018-02-05T18:14:21.893Z",
                    "end": "2018-02-05T18:16:08.547Z"
                },
                "type": "SCRUB",
                "source": "data:drag",
                "_t": "11:14:21",
                "_end": "11:16:08",
                "data": {
                    "time": 28.647989
                }
            },
            {
                "time": "2018-02-05T18:16:13.683Z",
                "type": "PLAY",
                "source": "video:button",
                "_t": "11:16:13",
                "_end": "-"
            },
            {
                "time": "2018-02-05T18:16:14.876Z",
                "type": "PAUSE",
                "source": "hotkey",
                "_t": "11:16:14",
                "_end": "-",
                "data": {
                    "key": "space"
                }
            },
            {
                "time": "2018-02-05T18:16:16.973Z",
                "type": "PLAY",
                "source": "hotkey",
                "_t": "11:16:16",
                "_end": "-",
                "data": {
                    "key": "space"
                }
            },
            {
                "time": "2018-02-05T18:16:17.276Z",
                "type": "PAUSE",
                "source": "hotkey",
                "_t": "11:16:17",
                "_end": "-",
                "data": {
                    "key": "space"
                }
            },
            {
                "time": {
                    "start": "2018-02-05T18:14:21.893Z",
                    "end": "2018-02-05T18:16:23.011Z"
                },
                "type": "SCRUB",
                "source": "data:drag",
                "_t": "11:14:21",
                "_end": "11:16:23",
                "data": {
                    "time": 30.928546
                }
            },
            {
                "time": "2018-02-05T18:16:24.556Z",
                "type": "PLAY",
                "source": "hotkey",
                "_t": "11:16:24",
                "_end": "-",
                "data": {
                    "key": "space"
                }
            },
            {
                "time": "2018-02-05T18:16:25.724Z",
                "type": "PAUSE",
                "source": "hotkey",
                "_t": "11:16:25",
                "_end": "-",
                "data": {
                    "key": "space"
                }
            },
            {
                "time": "2018-02-05T18:16:27.228Z",
                "type": "SKIP",
                "source": "hotkey",
                "_t": "11:16:27",
                "_end": "-",
                "data": {
                    "t": 32.663957,
                    "Δt": -1,
                    "key": "left"
                }
            },
            {
                "time": "2018-02-05T18:16:32.100Z",
                "type": "CHANGE-PLAYBACK-RATE",
                "source": "video:menu",
                "_t": "11:16:32",
                "_end": "-",
                "data": {
                    "oldRate": 0.25,
                    "newRate": 0.5
                }
            },
            {
                "time": "2018-02-05T18:16:33.075Z",
                "type": "PLAY",
                "source": "video:button",
                "_t": "11:16:33",
                "_end": "-"
            },
            {
                "time": "2018-02-05T18:16:33.772Z",
                "type": "PAUSE",
                "source": "hotkey",
                "_t": "11:16:33",
                "_end": "-",
                "data": {
                    "key": "space"
                }
            },
            {
                "time": "2018-02-05T18:16:34.892Z",
                "type": "SKIP",
                "source": "hotkey",
                "_t": "11:16:34",
                "_end": "-",
                "data": {
                    "t": 31.966275,
                    "Δt": -1,
                    "key": "left"
                }
            },
            {
                "time": "2018-02-05T18:16:35.595Z",
                "type": "SKIP",
                "source": "hotkey",
                "_t": "11:16:35",
                "_end": "-",
                "data": {
                    "t": 30.966275,
                    "Δt": -1,
                    "key": "left"
                }
            },
            {
                "time": "2018-02-05T18:16:36.140Z",
                "type": "SKIP",
                "source": "hotkey",
                "_t": "11:16:36",
                "_end": "-",
                "data": {
                    "t": 29.966275,
                    "Δt": 1,
                    "key": "right"
                }
            },
            {
                "time": "2018-02-05T18:16:37.548Z",
                "type": "PLAY",
                "source": "hotkey",
                "_t": "11:16:37",
                "_end": "-",
                "data": {
                    "key": "space"
                }
            },
            {
                "time": "2018-02-05T18:16:40.362Z",
                "type": "PAUSE",
                "source": "hotkey",
                "_t": "11:16:40",
                "_end": "-",
                "data": {
                    "key": "space"
                }
            },
            {
                "time": "2018-02-05T18:16:42.812Z",
                "type": "PLAY",
                "source": "hotkey",
                "_t": "11:16:42",
                "_end": "-",
                "data": {
                    "key": "space"
                }
            },
            {
                "time": "2018-02-05T18:16:43.260Z",
                "type": "PAUSE",
                "source": "hotkey",
                "_t": "11:16:43",
                "_end": "-",
                "data": {
                    "key": "space"
                }
            },
            {
                "time": "2018-02-05T18:16:44.188Z",
                "type": "SKIP",
                "source": "hotkey",
                "_t": "11:16:44",
                "_end": "-",
                "data": {
                    "t": 32.565549,
                    "Δt": -1,
                    "key": "left"
                }
            },
            {
                "time": "2018-02-05T18:16:44.411Z",
                "type": "SKIP",
                "source": "hotkey",
                "_t": "11:16:44",
                "_end": "-",
                "data": {
                    "t": 31.565548,
                    "Δt": -1,
                    "key": "left"
                }
            },
            {
                "time": "2018-02-05T18:16:44.908Z",
                "type": "PLAY",
                "source": "hotkey",
                "_t": "11:16:44",
                "_end": "-",
                "data": {
                    "key": "space"
                }
            },
            {
                "time": "2018-02-05T18:16:48.636Z",
                "type": "PAUSE",
                "source": "hotkey",
                "_t": "11:16:48",
                "_end": "-",
                "data": {
                    "key": "space"
                }
            },
            {
                "time": {
                    "start": "2018-02-05T18:14:21.893Z",
                    "end": "2018-02-05T18:16:53.843Z"
                },
                "type": "SCRUB",
                "source": "data:drag",
                "_t": "11:14:21",
                "_end": "11:16:53",
                "data": {
                    "time": 32.389777
                }
            },
            {
                "time": "2018-02-05T18:16:55.788Z",
                "type": "PLAY",
                "source": "hotkey",
                "_t": "11:16:55",
                "_end": "-",
                "data": {
                    "key": "space"
                }
            },
            {
                "time": "2018-02-05T18:16:59.180Z",
                "type": "PAUSE",
                "source": "hotkey",
                "_t": "11:16:59",
                "_end": "-",
                "data": {
                    "key": "space"
                }
            },
            {
                "time": {
                    "start": "2018-02-05T18:14:21.893Z",
                    "end": "2018-02-05T18:17:02.564Z"
                },
                "type": "SCRUB",
                "source": "data:drag",
                "_t": "11:14:21",
                "_end": "11:17:02",
                "data": {
                    "time": 33.973389
                }
            },
            {
                "time": {
                    "start": "2018-02-05T18:14:21.893Z",
                    "end": "2018-02-05T18:17:05.299Z"
                },
                "type": "SCRUB",
                "source": "data:drag",
                "_t": "11:14:21",
                "_end": "11:17:05",
                "data": {
                    "time": 34.086756
                }
            }
        ]
    }
}