{
    "user_id": "055",
    "session_id": "5a78ba10ee2b1975ba835bd3",
    "study": "studyD",
    "workspace": "cane.cane-vid1-dat2",
    "details": {
        "workspace": "cane.cane-vid1-dat2",
        "labels": [
            {
                "time": 28.382405,
                "endTime": 29.932402720255254,
                "type": "ground",
                "id": 1
            },
            {
                "time": 30.454461999999978,
                "endTime": 31.73067005207904,
                "type": "ground",
                "id": 2
            },
            {
                "time": 32.30915900000009,
                "endTime": 33.435225719843565,
                "type": "ground",
                "id": 3
            },
            {
                "time": 33.934227,
                "endTime": 35.30758515623713,
                "type": "ground",
                "id": 4
            }
        ],
        "_starts": [
            "2018-02-05T20:14:09.000Z"
        ],
        "_ends": [
            "2018-02-05T20:16:19.456Z"
        ]
    },
    "labels_file": "/home/ubuntu/vat/data/user-studies/studyD/practice-second/055.labels.json",
    "videoFlash": 1.922515,
    "surveys": {
        "user-info": {
            "firstname": "Riley",
            "lastname": "Hale",
            "email": "riley.e.hale@gmail.com"
        },
        "practice-first": {
            "question1": "1",
            "question2": "ok",
            "question3": "100",
            "question4": "5"
        }
    },
    "logs": {
        "labelEvents": [
            {
                "time": "2018-02-05T20:14:46.207Z",
                "type": "START",
                "source": "hotkey",
                "_t": "13:14:46",
                "_end": "-",
                "data": {
                    "type": "ground",
                    "time": 28.382405
                }
            },
            {
                "time": "2018-02-05T20:14:49.647Z",
                "type": "END",
                "source": "data:click:h_pos",
                "_t": "13:14:49",
                "_end": "-",
                "data": {
                    "lbl": {
                        "time": 28.382405,
                        "endTime": 29.932402720255254,
                        "type": "ground",
                        "id": 1
                    }
                }
            },
            {
                "time": "2018-02-05T20:15:05.135Z",
                "type": "SELECT",
                "source": "data:click",
                "_t": "13:15:05",
                "_end": "-",
                "data": {
                    "time": 28.382405,
                    "endTime": 29.932402720255254,
                    "type": "ground",
                    "id": 1
                }
            },
            {
                "time": {
                    "start": "2018-02-05T20:15:06.662Z",
                    "end": "2018-02-05T20:15:07.869Z"
                },
                "type": "RESIZE",
                "source": "data:brush",
                "_t": "13:15:06",
                "_end": "13:15:07",
                "data": {
                    "brushing": true,
                    "origin": [
                        28.382405,
                        29.24351484458625
                    ],
                    "_brushside": 1,
                    "start": "2018-02-05T20:15:06.662Z",
                    "ε": 0.1,
                    "mode": "resize"
                }
            },
            {
                "time": "2018-02-05T20:15:13.823Z",
                "type": "START",
                "source": "hotkey",
                "_t": "13:15:13",
                "_end": "-",
                "data": {
                    "type": "ground",
                    "time": 30.458878
                }
            },
            {
                "time": "2018-02-05T20:15:21.873Z",
                "type": "END",
                "source": "data:click:h_pos",
                "_t": "13:15:21",
                "_end": "-",
                "data": {
                    "lbl": {
                        "time": 30.454461999999978,
                        "endTime": 31.73067005207904,
                        "type": "ground",
                        "id": 2
                    }
                }
            },
            {
                "time": "2018-02-05T20:15:24.592Z",
                "type": "SELECT",
                "source": "data:click",
                "_t": "13:15:24",
                "_end": "-",
                "data": {
                    "time": 30.454461999999978,
                    "endTime": 31.73067005207904,
                    "type": "ground",
                    "id": 2
                }
            },
            {
                "time": "2018-02-05T20:15:24.791Z",
                "type": "DESELECT",
                "source": "data:click",
                "_t": "13:15:24",
                "_end": "-",
                "data": {
                    "time": 30.458878,
                    "endTime": 31.779245531288595,
                    "type": "ground",
                    "id": 2
                }
            },
            {
                "time": "2018-02-05T20:15:25.543Z",
                "type": "SELECT",
                "source": "data:click",
                "_t": "13:15:25",
                "_end": "-",
                "data": {
                    "time": 30.454461999999978,
                    "endTime": 31.73067005207904,
                    "type": "ground",
                    "id": 2
                }
            },
            {
                "time": {
                    "start": "2018-02-05T20:15:28.551Z",
                    "end": "2018-02-05T20:15:30.142Z"
                },
                "type": "RESIZE",
                "source": "data:brush",
                "_t": "13:15:28",
                "_end": "13:15:30",
                "data": {
                    "brushing": true,
                    "origin": [
                        30.458878,
                        31.779245531288595
                    ],
                    "start": "2018-02-05T20:15:28.551Z",
                    "ε": 0.1,
                    "mode": "resize"
                }
            },
            {
                "time": "2018-02-05T20:15:40.127Z",
                "type": "START",
                "source": "hotkey",
                "_t": "13:15:40",
                "_end": "-",
                "data": {
                    "type": "ground",
                    "time": 32.309159
                }
            },
            {
                "time": "2018-02-05T20:15:41.391Z",
                "type": "START",
                "source": "hotkey",
                "_t": "13:15:41",
                "_end": "-",
                "data": {
                    "type": "ground",
                    "time": 32.309159
                }
            },
            {
                "time": "2018-02-05T20:15:42.176Z",
                "type": "END",
                "source": "data:click:h_pos",
                "_t": "13:15:42",
                "_end": "-",
                "data": {
                    "lbl": {
                        "time": 32.30915900000009,
                        "endTime": 33.435225719843565,
                        "type": "ground",
                        "id": 3
                    }
                }
            },
            {
                "time": "2018-02-05T20:15:48.799Z",
                "type": "SELECT",
                "source": "data:click",
                "_t": "13:15:48",
                "_end": "-",
                "data": {
                    "time": 32.30915900000009,
                    "endTime": 33.435225719843565,
                    "type": "ground",
                    "id": 3
                }
            },
            {
                "time": {
                    "start": "2018-02-05T20:15:49.295Z",
                    "end": "2018-02-05T20:15:50.350Z"
                },
                "type": "RESIZE",
                "source": "data:brush",
                "_t": "13:15:49",
                "_end": "13:15:50",
                "data": {
                    "brushing": true,
                    "origin": [
                        32.309159,
                        33.09961367785097
                    ],
                    "_brushside": 1,
                    "start": "2018-02-05T20:15:49.295Z",
                    "ε": 0.1,
                    "mode": "resize"
                }
            },
            {
                "time": "2018-02-05T20:15:58.432Z",
                "type": "START",
                "source": "hotkey",
                "_t": "13:15:58",
                "_end": "-",
                "data": {
                    "type": "ground",
                    "time": 33.934227
                }
            },
            {
                "time": "2018-02-05T20:16:11.705Z",
                "type": "END",
                "source": "data:click:h_pos",
                "_t": "13:16:11",
                "_end": "-",
                "data": {
                    "lbl": {
                        "time": 33.934227,
                        "endTime": 35.30758515623713,
                        "type": "ground",
                        "id": 4
                    }
                }
            }
        ],
        "navigationEvents": [
            {
                "time": "2018-02-05T20:14:25.140Z",
                "type": "CHANGE-PLAYBACK-RATE",
                "source": "video:menu",
                "_t": "13:14:25",
                "_end": "-",
                "data": {
                    "oldRate": 1,
                    "newRate": 2
                }
            },
            {
                "time": "2018-02-05T20:14:37.094Z",
                "type": "PAUSE",
                "source": "video:button",
                "_t": "13:14:37",
                "_end": "-"
            },
            {
                "time": {
                    "start": "2018-02-05T20:14:42.321Z",
                    "end": "2018-02-05T20:14:43.389Z"
                },
                "type": "SCRUB",
                "source": "video:drag",
                "_t": "13:14:42",
                "_end": "13:14:43",
                "data": {
                    "to": 28.382405,
                    "from": 29.276146
                }
            },
            {
                "time": {
                    "start": "2018-02-05T20:14:09.206Z",
                    "end": "2018-02-05T20:14:49.317Z"
                },
                "type": "SCRUB",
                "source": "data:drag",
                "_t": "13:14:09",
                "_end": "13:14:49",
                "data": {
                    "time": 28.382405
                }
            },
            {
                "time": {
                    "start": "2018-02-05T20:14:09.206Z",
                    "end": "2018-02-05T20:14:49.645Z"
                },
                "type": "SCRUB",
                "source": "data:drag",
                "_t": "13:14:09",
                "_end": "13:14:49",
                "data": {
                    "time": 28.382405
                }
            },
            {
                "time": {
                    "start": "2018-02-05T20:14:52.336Z",
                    "end": "2018-02-05T20:14:55.757Z"
                },
                "type": "SCRUB",
                "source": "video:drag",
                "_t": "13:14:52",
                "_end": "13:14:55",
                "data": {
                    "to": 30.317569,
                    "from": 28.382405
                }
            },
            {
                "time": {
                    "start": "2018-02-05T20:14:09.206Z",
                    "end": "2018-02-05T20:15:03.397Z"
                },
                "type": "SCRUB",
                "source": "data:drag",
                "_t": "13:14:09",
                "_end": "13:15:03",
                "data": {
                    "time": 29.928965
                }
            },
            {
                "time": {
                    "start": "2018-02-05T20:14:09.206Z",
                    "end": "2018-02-05T20:15:04.333Z"
                },
                "type": "SCRUB",
                "source": "data:drag",
                "_t": "13:14:09",
                "_end": "13:15:04",
                "data": {
                    "time": 29.928965
                }
            },
            {
                "time": {
                    "start": "2018-02-05T20:14:09.206Z",
                    "end": "2018-02-05T20:15:05.133Z"
                },
                "type": "SCRUB",
                "source": "data:drag",
                "_t": "13:14:09",
                "_end": "13:15:05",
                "data": {
                    "time": 29.928965
                }
            },
            {
                "time": {
                    "start": "2018-02-05T20:14:09.206Z",
                    "end": "2018-02-05T20:15:07.877Z"
                },
                "type": "SCRUB",
                "source": "data:drag",
                "_t": "13:14:09",
                "_end": "13:15:07",
                "data": {
                    "time": 29.928965
                }
            },
            {
                "time": {
                    "start": "2018-02-05T20:14:09.206Z",
                    "end": "2018-02-05T20:15:12.893Z"
                },
                "type": "SCRUB",
                "source": "data:drag",
                "_t": "13:14:09",
                "_end": "13:15:12",
                "data": {
                    "time": 30.458878
                }
            },
            {
                "time": {
                    "start": "2018-02-05T20:14:09.206Z",
                    "end": "2018-02-05T20:15:20.829Z"
                },
                "type": "SCRUB",
                "source": "data:drag",
                "_t": "13:14:09",
                "_end": "13:15:20",
                "data": {
                    "time": 31.739502
                }
            },
            {
                "time": {
                    "start": "2018-02-05T20:14:09.206Z",
                    "end": "2018-02-05T20:15:21.870Z"
                },
                "type": "SCRUB",
                "source": "data:drag",
                "_t": "13:14:09",
                "_end": "13:15:21",
                "data": {
                    "time": 31.739502
                }
            },
            {
                "time": {
                    "start": "2018-02-05T20:14:09.206Z",
                    "end": "2018-02-05T20:15:24.589Z"
                },
                "type": "SCRUB",
                "source": "data:drag",
                "_t": "13:14:09",
                "_end": "13:15:24",
                "data": {
                    "time": 31.739502
                }
            },
            {
                "time": {
                    "start": "2018-02-05T20:14:09.206Z",
                    "end": "2018-02-05T20:15:24.789Z"
                },
                "type": "SCRUB",
                "source": "data:drag",
                "_t": "13:14:09",
                "_end": "13:15:24",
                "data": {
                    "time": 31.739502
                }
            },
            {
                "time": "2018-02-05T20:15:24.794Z",
                "type": "JUMP",
                "source": "data:dblclick:h_pos",
                "_t": "13:15:24",
                "_end": "-",
                "data": {
                    "from": 31.739502,
                    "to": 31.735086052079048
                }
            },
            {
                "time": {
                    "start": "2018-02-05T20:14:09.206Z",
                    "end": "2018-02-05T20:15:25.542Z"
                },
                "type": "SCRUB",
                "source": "data:drag",
                "_t": "13:14:09",
                "_end": "13:15:25",
                "data": {
                    "time": 31.735086
                }
            },
            {
                "time": {
                    "start": "2018-02-05T20:14:09.206Z",
                    "end": "2018-02-05T20:15:30.151Z"
                },
                "type": "SCRUB",
                "source": "data:drag",
                "_t": "13:14:09",
                "_end": "13:15:30",
                "data": {
                    "time": 31.735086
                }
            },
            {
                "time": {
                    "start": "2018-02-05T20:14:09.206Z",
                    "end": "2018-02-05T20:15:40.105Z"
                },
                "type": "SCRUB",
                "source": "data:drag",
                "_t": "13:14:09",
                "_end": "13:15:40",
                "data": {
                    "time": 32.309159
                }
            },
            {
                "time": {
                    "start": "2018-02-05T20:14:09.206Z",
                    "end": "2018-02-05T20:15:42.173Z"
                },
                "type": "SCRUB",
                "source": "data:drag",
                "_t": "13:14:09",
                "_end": "13:15:42",
                "data": {
                    "time": 32.309159
                }
            },
            {
                "time": {
                    "start": "2018-02-05T20:14:09.206Z",
                    "end": "2018-02-05T20:15:47.950Z"
                },
                "type": "SCRUB",
                "source": "data:drag",
                "_t": "13:14:09",
                "_end": "13:15:47",
                "data": {
                    "time": 33.430809
                }
            },
            {
                "time": {
                    "start": "2018-02-05T20:14:09.206Z",
                    "end": "2018-02-05T20:15:48.798Z"
                },
                "type": "SCRUB",
                "source": "data:drag",
                "_t": "13:14:09",
                "_end": "13:15:48",
                "data": {
                    "time": 33.430809
                }
            },
            {
                "time": {
                    "start": "2018-02-05T20:14:09.206Z",
                    "end": "2018-02-05T20:15:50.359Z"
                },
                "type": "SCRUB",
                "source": "data:drag",
                "_t": "13:14:09",
                "_end": "13:15:50",
                "data": {
                    "time": 33.430809
                }
            },
            {
                "time": {
                    "start": "2018-02-05T20:14:09.206Z",
                    "end": "2018-02-05T20:15:57.857Z"
                },
                "type": "SCRUB",
                "source": "data:drag",
                "_t": "13:14:09",
                "_end": "13:15:57",
                "data": {
                    "time": 33.934227
                }
            },
            {
                "time": {
                    "start": "2018-02-05T20:14:09.206Z",
                    "end": "2018-02-05T20:16:04.927Z"
                },
                "type": "SCRUB",
                "source": "data:drag",
                "_t": "13:14:09",
                "_end": "13:16:04",
                "data": {
                    "time": 35.400321
                }
            },
            {
                "time": {
                    "start": "2018-02-05T20:14:09.206Z",
                    "end": "2018-02-05T20:16:10.376Z"
                },
                "type": "SCRUB",
                "source": "data:drag",
                "_t": "13:14:09",
                "_end": "13:16:10",
                "data": {
                    "time": 35.320833
                }
            },
            {
                "time": {
                    "start": "2018-02-05T20:14:09.206Z",
                    "end": "2018-02-05T20:16:11.703Z"
                },
                "type": "SCRUB",
                "source": "data:drag",
                "_t": "13:14:09",
                "_end": "13:16:11",
                "data": {
                    "time": 35.320833
                }
            },
            {
                "time": {
                    "start": "2018-02-05T20:14:09.206Z",
                    "end": "2018-02-05T20:16:12.966Z"
                },
                "type": "SCRUB",
                "source": "data:drag",
                "_t": "13:14:09",
                "_end": "13:16:12",
                "data": {
                    "time": 35.532798
                }
            }
        ]
    }
}