{
    "user_id": "056",
    "session_id": "5a78ba3dee2b1975ba835bd5",
    "study": "studyD",
    "workspace": "cane.cane-vid1-dat2",
    "details": {
        "workspace": "cane.cane-vid1-dat2",
        "labels": [
            {
                "time": 28.462166,
                "endTime": 29.792021896411097,
                "type": "ground",
                "id": 1
            },
            {
                "time": 30.570687,
                "endTime": 31.690564792822173,
                "type": "ground",
                "id": 2
            },
            {
                "time": 32.425485,
                "endTime": 33.55411225897226,
                "type": "ground",
                "id": 3
            },
            {
                "time": 34.254036,
                "endTime": 35.461405,
                "type": "ground",
                "id": 4
            },
            {
                "time": 35.986348,
                "endTime": 39.28474005179446,
                "type": "ground",
                "id": 5
            },
            {
                "time": 39.809683,
                "endTime": 40.82457205179446,
                "type": "ground",
                "id": 6
            },
            {
                "time": 41.50699800000059,
                "endTime": 42.364404948205554,
                "type": "ground",
                "id": 7
            },
            {
                "time": 42.915595,
                "endTime": 43.68551089641109,
                "type": "ground",
                "id": 8
            },
            {
                "time": 64.788223,
                "endTime": 65.96934468923325,
                "type": "ground",
                "id": 9
            }
        ],
        "_starts": [
            "2018-02-05T20:14:58.000Z"
        ],
        "_ends": [
            "2018-02-05T20:17:15.961Z"
        ]
    },
    "labels_file": "/home/ubuntu/vat/data/user-studies/studyD/practice-second/056.labels.json",
    "videoFlash": 1.922515,
    "surveys": {
        "user-info": {
            "firstname": "Justin",
            "lastname": "Egbert",
            "email": "Jegber@gmail.com"
        },
        "practice-first": {
            "question1": "5",
            "question2": "ok",
            "question3": "100",
            "question4": "5"
        }
    },
    "logs": {
        "labelEvents": [
            {
                "time": "2018-02-05T20:15:42.469Z",
                "type": "START",
                "source": "hotkey",
                "_t": "13:15:42",
                "_end": "-",
                "data": {
                    "type": "ground",
                    "time": 28.462166
                }
            },
            {
                "time": "2018-02-05T20:15:49.029Z",
                "type": "END",
                "source": "data:click:h_pos",
                "_t": "13:15:49",
                "_end": "-",
                "data": {
                    "lbl": {
                        "time": 28.462166,
                        "endTime": 29.792021896411097,
                        "type": "ground",
                        "id": 1
                    }
                }
            },
            {
                "time": "2018-02-05T20:15:53.749Z",
                "type": "START",
                "source": "hotkey",
                "_t": "13:15:53",
                "_end": "-",
                "data": {
                    "type": "ground",
                    "time": 30.570687
                }
            },
            {
                "time": "2018-02-05T20:15:58.902Z",
                "type": "END",
                "source": "data:click:h_pos",
                "_t": "13:15:58",
                "_end": "-",
                "data": {
                    "lbl": {
                        "time": 30.570687,
                        "endTime": 31.690564792822173,
                        "type": "ground",
                        "id": 2
                    }
                }
            },
            {
                "time": "2018-02-05T20:16:00.949Z",
                "type": "START",
                "source": "hotkey",
                "_t": "13:16:00",
                "_end": "-",
                "data": {
                    "type": "ground",
                    "time": 32.425485
                }
            },
            {
                "time": "2018-02-05T20:16:04.886Z",
                "type": "END",
                "source": "data:click:h_pos",
                "_t": "13:16:04",
                "_end": "-",
                "data": {
                    "lbl": {
                        "time": 32.425485,
                        "endTime": 33.55411225897226,
                        "type": "ground",
                        "id": 3
                    }
                }
            },
            {
                "time": "2018-02-05T20:16:07.189Z",
                "type": "START",
                "source": "hotkey",
                "_t": "13:16:07",
                "_end": "-",
                "data": {
                    "type": "ground",
                    "time": 34.254036
                }
            },
            {
                "time": "2018-02-05T20:16:11.286Z",
                "type": "END",
                "source": "data:click:h_pos",
                "_t": "13:16:11",
                "_end": "-",
                "data": {
                    "lbl": {
                        "time": 34.254036,
                        "endTime": 35.461405,
                        "type": "ground",
                        "id": 4
                    }
                }
            },
            {
                "time": "2018-02-05T20:16:12.534Z",
                "type": "START",
                "source": "hotkey",
                "_t": "13:16:12",
                "_end": "-",
                "data": {
                    "type": "ground",
                    "time": 35.986348
                }
            },
            {
                "time": "2018-02-05T20:16:20.159Z",
                "type": "END",
                "source": "data:click:h_pos",
                "_t": "13:16:20",
                "_end": "-",
                "data": {
                    "lbl": {
                        "time": 35.986348,
                        "endTime": 39.28474005179446,
                        "type": "ground",
                        "id": 5
                    }
                }
            },
            {
                "time": "2018-02-05T20:16:25.078Z",
                "type": "START",
                "source": "hotkey",
                "_t": "13:16:25",
                "_end": "-",
                "data": {
                    "type": "ground",
                    "time": 39.809683
                }
            },
            {
                "time": "2018-02-05T20:16:29.679Z",
                "type": "END",
                "source": "data:click:h_pos",
                "_t": "13:16:29",
                "_end": "-",
                "data": {
                    "lbl": {
                        "time": 39.809683,
                        "endTime": 40.82457205179446,
                        "type": "ground",
                        "id": 6
                    }
                }
            },
            {
                "time": "2018-02-05T20:16:32.070Z",
                "type": "START",
                "source": "hotkey",
                "_t": "13:16:32",
                "_end": "-",
                "data": {
                    "type": "ground",
                    "time": 41.506998
                }
            },
            {
                "time": "2018-02-05T20:16:36.303Z",
                "type": "END",
                "source": "data:click:h_pos",
                "_t": "13:16:36",
                "_end": "-",
                "data": {
                    "lbl": {
                        "time": 41.50699800000059,
                        "endTime": 42.364404948205554,
                        "type": "ground",
                        "id": 7
                    }
                }
            },
            {
                "time": "2018-02-05T20:16:36.966Z",
                "type": "SELECT",
                "source": "data:click",
                "_t": "13:16:36",
                "_end": "-",
                "data": {
                    "time": 41.50699800000059,
                    "endTime": 42.364404948205554,
                    "type": "ground",
                    "id": 7
                }
            },
            {
                "time": {
                    "start": "2018-02-05T20:16:38.871Z",
                    "end": "2018-02-05T20:16:40.678Z"
                },
                "type": "RESIZE",
                "source": "data:brush",
                "_t": "13:16:38",
                "_end": "13:16:40",
                "data": {
                    "brushing": true,
                    "origin": [
                        41.506998,
                        45.409074972674404
                    ],
                    "_brushside": 1,
                    "start": "2018-02-05T20:16:38.871Z",
                    "ε": 0.1,
                    "mode": "resize"
                }
            },
            {
                "time": "2018-02-05T20:16:43.734Z",
                "type": "DESELECT",
                "source": "data:click",
                "_t": "13:16:43",
                "_end": "-",
                "data": {
                    "time": 41.50699800000059,
                    "endTime": 42.364404948205554,
                    "type": "ground",
                    "id": 7
                }
            },
            {
                "time": "2018-02-05T20:16:48.198Z",
                "type": "START",
                "source": "hotkey",
                "_t": "13:16:48",
                "_end": "-",
                "data": {
                    "type": "ground",
                    "time": 42.915595
                }
            },
            {
                "time": "2018-02-05T20:16:54.383Z",
                "type": "END",
                "source": "data:click:h_pos",
                "_t": "13:16:54",
                "_end": "-",
                "data": {
                    "lbl": {
                        "time": 42.915595,
                        "endTime": 43.68551089641109,
                        "type": "ground",
                        "id": 8
                    }
                }
            },
            {
                "time": "2018-02-05T20:17:09.672Z",
                "type": "START",
                "source": "hotkey",
                "_t": "13:17:09",
                "_end": "-",
                "data": {
                    "type": "ground",
                    "time": 64.788223
                }
            },
            {
                "time": "2018-02-05T20:17:15.944Z",
                "type": "END",
                "source": "data:click:h_pos",
                "_t": "13:17:15",
                "_end": "-",
                "data": {
                    "lbl": {
                        "time": 64.788223,
                        "endTime": 65.96934468923325,
                        "type": "ground",
                        "id": 9
                    }
                }
            }
        ],
        "navigationEvents": [
            {
                "time": {
                    "start": "2018-02-05T20:14:58.374Z",
                    "end": "2018-02-05T20:15:17.937Z"
                },
                "type": "SCRUB",
                "source": "data:drag",
                "_t": "13:14:58",
                "_end": "13:15:17",
                "data": {
                    "time": 13.331278
                }
            },
            {
                "time": {
                    "start": "2018-02-05T20:14:58.374Z",
                    "end": "2018-02-05T20:15:22.789Z"
                },
                "type": "SCRUB",
                "source": "data:drag",
                "_t": "13:14:58",
                "_end": "13:15:22",
                "data": {
                    "time": 21.415302
                }
            },
            {
                "time": {
                    "start": "2018-02-05T20:14:58.374Z",
                    "end": "2018-02-05T20:15:26.572Z"
                },
                "type": "SCRUB",
                "source": "data:drag",
                "_t": "13:14:58",
                "_end": "13:15:26",
                "data": {
                    "time": 29.139091
                }
            },
            {
                "time": {
                    "start": "2018-02-05T20:14:58.374Z",
                    "end": "2018-02-05T20:15:27.652Z"
                },
                "type": "SCRUB",
                "source": "data:drag",
                "_t": "13:14:58",
                "_end": "13:15:27",
                "data": {
                    "time": 28.793228
                }
            },
            {
                "time": {
                    "start": "2018-02-05T20:14:58.374Z",
                    "end": "2018-02-05T20:15:32.308Z"
                },
                "type": "SCRUB",
                "source": "data:drag",
                "_t": "13:14:58",
                "_end": "13:15:32",
                "data": {
                    "time": 29.373802
                }
            },
            {
                "time": "2018-02-05T20:15:32.765Z",
                "type": "PAUSE",
                "source": "video:button",
                "_t": "13:15:32",
                "_end": "-"
            },
            {
                "time": {
                    "start": "2018-02-05T20:14:58.374Z",
                    "end": "2018-02-05T20:15:47.716Z"
                },
                "type": "SCRUB",
                "source": "data:drag",
                "_t": "13:14:58",
                "_end": "13:15:47",
                "data": {
                    "time": 29.80952
                }
            },
            {
                "time": {
                    "start": "2018-02-05T20:14:58.374Z",
                    "end": "2018-02-05T20:15:49.028Z"
                },
                "type": "SCRUB",
                "source": "data:drag",
                "_t": "13:14:58",
                "_end": "13:15:49",
                "data": {
                    "time": 29.80952
                }
            },
            {
                "time": {
                    "start": "2018-02-05T20:14:58.374Z",
                    "end": "2018-02-05T20:15:53.892Z"
                },
                "type": "SCRUB",
                "source": "data:drag",
                "_t": "13:14:58",
                "_end": "13:15:53",
                "data": {
                    "time": 30.570687
                }
            },
            {
                "time": {
                    "start": "2018-02-05T20:14:58.374Z",
                    "end": "2018-02-05T20:15:58.172Z"
                },
                "type": "SCRUB",
                "source": "data:drag",
                "_t": "13:14:58",
                "_end": "13:15:58",
                "data": {
                    "time": 31.725561
                }
            },
            {
                "time": {
                    "start": "2018-02-05T20:14:58.374Z",
                    "end": "2018-02-05T20:15:58.900Z"
                },
                "type": "SCRUB",
                "source": "data:drag",
                "_t": "13:14:58",
                "_end": "13:15:58",
                "data": {
                    "time": 31.725561
                }
            },
            {
                "time": {
                    "start": "2018-02-05T20:14:58.374Z",
                    "end": "2018-02-05T20:16:00.916Z"
                },
                "type": "SCRUB",
                "source": "data:drag",
                "_t": "13:14:58",
                "_end": "13:16:00",
                "data": {
                    "time": 32.425485
                }
            },
            {
                "time": {
                    "start": "2018-02-05T20:14:58.374Z",
                    "end": "2018-02-05T20:16:03.621Z"
                },
                "type": "SCRUB",
                "source": "data:drag",
                "_t": "13:14:58",
                "_end": "13:16:03",
                "data": {
                    "time": 33.510367
                }
            },
            {
                "time": {
                    "start": "2018-02-05T20:14:58.374Z",
                    "end": "2018-02-05T20:16:04.884Z"
                },
                "type": "SCRUB",
                "source": "data:drag",
                "_t": "13:14:58",
                "_end": "13:16:04",
                "data": {
                    "time": 33.510367
                }
            },
            {
                "time": {
                    "start": "2018-02-05T20:14:58.374Z",
                    "end": "2018-02-05T20:16:07.044Z"
                },
                "type": "SCRUB",
                "source": "data:drag",
                "_t": "13:14:58",
                "_end": "13:16:07",
                "data": {
                    "time": 34.254036
                }
            },
            {
                "time": {
                    "start": "2018-02-05T20:14:58.374Z",
                    "end": "2018-02-05T20:16:10.396Z"
                },
                "type": "SCRUB",
                "source": "data:drag",
                "_t": "13:14:58",
                "_end": "13:16:10",
                "data": {
                    "time": 35.461405
                }
            },
            {
                "time": {
                    "start": "2018-02-05T20:14:58.374Z",
                    "end": "2018-02-05T20:16:11.284Z"
                },
                "type": "SCRUB",
                "source": "data:drag",
                "_t": "13:14:58",
                "_end": "13:16:11",
                "data": {
                    "time": 35.461405
                }
            },
            {
                "time": {
                    "start": "2018-02-05T20:14:58.374Z",
                    "end": "2018-02-05T20:16:12.518Z"
                },
                "type": "SCRUB",
                "source": "data:drag",
                "_t": "13:14:58",
                "_end": "13:16:12",
                "data": {
                    "time": 35.986348
                }
            },
            {
                "time": {
                    "start": "2018-02-05T20:14:58.374Z",
                    "end": "2018-02-05T20:16:18.988Z"
                },
                "type": "SCRUB",
                "source": "data:drag",
                "_t": "13:14:58",
                "_end": "13:16:18",
                "data": {
                    "time": 39.275991
                }
            },
            {
                "time": {
                    "start": "2018-02-05T20:14:58.374Z",
                    "end": "2018-02-05T20:16:20.156Z"
                },
                "type": "SCRUB",
                "source": "data:drag",
                "_t": "13:14:58",
                "_end": "13:16:20",
                "data": {
                    "time": 39.275991
                }
            },
            {
                "time": {
                    "start": "2018-02-05T20:14:58.374Z",
                    "end": "2018-02-05T20:16:24.709Z"
                },
                "type": "SCRUB",
                "source": "data:drag",
                "_t": "13:14:58",
                "_end": "13:16:24",
                "data": {
                    "time": 39.809683
                }
            },
            {
                "time": {
                    "start": "2018-02-05T20:14:58.374Z",
                    "end": "2018-02-05T20:16:28.652Z"
                },
                "type": "SCRUB",
                "source": "data:drag",
                "_t": "13:14:58",
                "_end": "13:16:28",
                "data": {
                    "time": 40.815823
                }
            },
            {
                "time": {
                    "start": "2018-02-05T20:14:58.374Z",
                    "end": "2018-02-05T20:16:29.677Z"
                },
                "type": "SCRUB",
                "source": "data:drag",
                "_t": "13:14:58",
                "_end": "13:16:29",
                "data": {
                    "time": 40.815823
                }
            },
            {
                "time": {
                    "start": "2018-02-05T20:14:58.374Z",
                    "end": "2018-02-05T20:16:32.004Z"
                },
                "type": "SCRUB",
                "source": "data:drag",
                "_t": "13:14:58",
                "_end": "13:16:32",
                "data": {
                    "time": 41.506998
                }
            },
            {
                "time": {
                    "start": "2018-02-05T20:14:58.374Z",
                    "end": "2018-02-05T20:16:36.125Z"
                },
                "type": "SCRUB",
                "source": "data:drag",
                "_t": "13:14:58",
                "_end": "13:16:36",
                "data": {
                    "time": 42.373154
                }
            },
            {
                "time": {
                    "start": "2018-02-05T20:14:58.374Z",
                    "end": "2018-02-05T20:16:36.301Z"
                },
                "type": "SCRUB",
                "source": "data:drag",
                "_t": "13:14:58",
                "_end": "13:16:36",
                "data": {
                    "time": 42.373154
                }
            },
            {
                "time": {
                    "start": "2018-02-05T20:14:58.374Z",
                    "end": "2018-02-05T20:16:36.964Z"
                },
                "type": "SCRUB",
                "source": "data:drag",
                "_t": "13:14:58",
                "_end": "13:16:36",
                "data": {
                    "time": 42.373154
                }
            },
            {
                "time": {
                    "start": "2018-02-05T20:14:58.374Z",
                    "end": "2018-02-05T20:16:40.685Z"
                },
                "type": "SCRUB",
                "source": "data:drag",
                "_t": "13:14:58",
                "_end": "13:16:40",
                "data": {
                    "time": 42.373154
                }
            },
            {
                "time": {
                    "start": "2018-02-05T20:14:58.374Z",
                    "end": "2018-02-05T20:16:43.733Z"
                },
                "type": "SCRUB",
                "source": "data:drag",
                "_t": "13:14:58",
                "_end": "13:16:43",
                "data": {
                    "time": 42.373154
                }
            },
            {
                "time": {
                    "start": "2018-02-05T20:14:58.374Z",
                    "end": "2018-02-05T20:16:47.509Z"
                },
                "type": "SCRUB",
                "source": "data:drag",
                "_t": "13:14:58",
                "_end": "13:16:47",
                "data": {
                    "time": 42.915595
                }
            },
            {
                "time": {
                    "start": "2018-02-05T20:14:58.374Z",
                    "end": "2018-02-05T20:16:52.973Z"
                },
                "type": "SCRUB",
                "source": "data:drag",
                "_t": "13:14:58",
                "_end": "13:16:52",
                "data": {
                    "time": 43.703009
                }
            },
            {
                "time": {
                    "start": "2018-02-05T20:14:58.374Z",
                    "end": "2018-02-05T20:16:54.381Z"
                },
                "type": "SCRUB",
                "source": "data:drag",
                "_t": "13:14:58",
                "_end": "13:16:54",
                "data": {
                    "time": 43.703009
                }
            },
            {
                "time": {
                    "start": "2018-02-05T20:14:58.374Z",
                    "end": "2018-02-05T20:16:58.261Z"
                },
                "type": "SCRUB",
                "source": "data:drag",
                "_t": "13:14:58",
                "_end": "13:16:58",
                "data": {
                    "time": 50.247299
                }
            },
            {
                "time": {
                    "start": "2018-02-05T20:14:58.374Z",
                    "end": "2018-02-05T20:17:00.196Z"
                },
                "type": "SCRUB",
                "source": "data:drag",
                "_t": "13:14:58",
                "_end": "13:17:00",
                "data": {
                    "time": 58.865115
                }
            },
            {
                "time": {
                    "start": "2018-02-05T20:14:58.374Z",
                    "end": "2018-02-05T20:17:08.990Z"
                },
                "type": "SCRUB",
                "source": "data:drag",
                "_t": "13:14:58",
                "_end": "13:17:08",
                "data": {
                    "time": 64.788223
                }
            },
            {
                "time": {
                    "start": "2018-02-05T20:14:58.374Z",
                    "end": "2018-02-05T20:17:14.454Z"
                },
                "type": "SCRUB",
                "source": "data:drag",
                "_t": "13:14:58",
                "_end": "13:17:14",
                "data": {
                    "time": 66.021839
                }
            },
            {
                "time": {
                    "start": "2018-02-05T20:14:58.374Z",
                    "end": "2018-02-05T20:17:15.942Z"
                },
                "type": "SCRUB",
                "source": "data:drag",
                "_t": "13:14:58",
                "_end": "13:17:15",
                "data": {
                    "time": 66.021839
                }
            }
        ]
    }
}