[{"time":28.731773,"endTime":29.957994,"type":"ground","id":1},{"time":30.712893,"endTime":31.640156,"type":"ground","id":2},{"time":32.537853,"endTime":33.349854,"type":"ground","id":3},{"time":34.232917,"endTime":35.093593,"type":"ground","id":4},{"time":36.065153,"endTime":39.456356,"type":"ground","id":5},{"time":40.040817,"endTime":41.025554,"type":"ground","id":6},{"time":41.495245,"endTime":42.565726,"type":"ground","id":7},{"time":43.048773,"endTime":44.036109,"type":"ground","id":8},{"time":64.911887,"endTime":66.166253,"type":"ground","id":9},{"time":66.78091,"endTime":67.820108,"type":"ground","id":10},{"time":68.392043,"endTime":69.403547,"type":"ground","id":11},{"time":69.930278,"endTime":70.857365,"type":"ground","id":12},{"time":71.473091,"endTime":72.510742,"type":"ground","id":13},{"time":73.09773,"endTime":74.423867,"type":"ground","id":14},{"time":75.162848,"endTime":76.174584,"type":"ground","id":15},{"time":76.640813,"endTime":77.449611,"type":"ground","id":16},{"time":77.962368,"endTime":78.829852,"type":"ground","id":17},{"time":79.431091,"endTime":80.502152,"type":"ground","id":18},{"time":81.016524,"endTime":89.3266,"type":"ground","id":19},{"time":89.756424,"endTime":90.683253,"type":"ground","id":20},{"time":91.439575,"endTime":92.310153,"type":"ground","id":21},{"time":92.861688,"endTime":93.850637,"type":"ground","id":22},{"time":94.463363,"endTime":95.402496,"type":"ground","id":23},{"time":95.901874,"endTime":97.129791,"type":"ground","id":24},{"time":97.636328,"endTime":98.479438,"type":"ground","id":25}]