{
    "user_id": "atangren",
    "session_id": "5a78ba63ee2b1975ba835bd7",
    "study": "studyD",
    "workspace": "cane.cane-vid1-dat2",
    "details": {
        "workspace": "cane.cane-vid1-dat2",
        "labels": [
            {
                "time": 28.731773,
                "endTime": 29.957994,
                "type": "ground",
                "id": 1
            },
            {
                "time": 30.712893,
                "endTime": 31.640156,
                "type": "ground",
                "id": 2
            },
            {
                "time": 32.537853,
                "endTime": 33.349854,
                "type": "ground",
                "id": 3
            },
            {
                "time": 34.232917,
                "endTime": 35.093593,
                "type": "ground",
                "id": 4
            },
            {
                "time": 36.065153,
                "endTime": 39.456356,
                "type": "ground",
                "id": 5
            },
            {
                "time": 40.040817,
                "endTime": 41.025554,
                "type": "ground",
                "id": 6
            },
            {
                "time": 41.495245,
                "endTime": 42.565726,
                "type": "ground",
                "id": 7
            },
            {
                "time": 43.048773,
                "endTime": 44.036109,
                "type": "ground",
                "id": 8
            },
            {
                "time": 64.911887,
                "endTime": 66.166253,
                "type": "ground",
                "id": 9
            },
            {
                "time": 66.78091,
                "endTime": 67.820108,
                "type": "ground",
                "id": 10
            },
            {
                "time": 68.392043,
                "endTime": 69.403547,
                "type": "ground",
                "id": 11
            },
            {
                "time": 69.930278,
                "endTime": 70.857365,
                "type": "ground",
                "id": 12
            },
            {
                "time": 71.473091,
                "endTime": 72.510742,
                "type": "ground",
                "id": 13
            },
            {
                "time": 73.09773,
                "endTime": 74.423867,
                "type": "ground",
                "id": 14
            },
            {
                "time": 75.162848,
                "endTime": 76.174584,
                "type": "ground",
                "id": 15
            },
            {
                "time": 76.640813,
                "endTime": 77.449611,
                "type": "ground",
                "id": 16
            },
            {
                "time": 77.962368,
                "endTime": 78.829852,
                "type": "ground",
                "id": 17
            },
            {
                "time": 79.431091,
                "endTime": 80.502152,
                "type": "ground",
                "id": 18
            },
            {
                "time": 81.016524,
                "endTime": 89.3266,
                "type": "ground",
                "id": 19
            },
            {
                "time": 89.756424,
                "endTime": 90.683253,
                "type": "ground",
                "id": 20
            },
            {
                "time": 91.439575,
                "endTime": 92.310153,
                "type": "ground",
                "id": 21
            },
            {
                "time": 92.861688,
                "endTime": 93.850637,
                "type": "ground",
                "id": 22
            },
            {
                "time": 94.463363,
                "endTime": 95.402496,
                "type": "ground",
                "id": 23
            },
            {
                "time": 95.901874,
                "endTime": 97.129791,
                "type": "ground",
                "id": 24
            },
            {
                "time": 97.636328,
                "endTime": 98.479438,
                "type": "ground",
                "id": 25
            }
        ],
        "_starts": [
            "2018-02-05T20:15:48.000Z"
        ],
        "_ends": [
            "2018-02-05T20:18:18.070Z"
        ]
    },
    "labels_file": "/home/ubuntu/vat/data/user-studies/studyD/practice-second/atangren.labels.json",
    "videoFlash": 1.922515,
    "surveys": {
        "user-info": {
            "firstname": "Andrew",
            "lastname": "Tangren",
            "email": "andrewjt678@gmail.com"
        },
        "practice-first": {
            "question1": "5",
            "question2": "ok",
            "question3": "50",
            "question4": "5"
        }
    },
    "logs": {
        "labelEvents": [
            {
                "time": "2018-02-05T20:16:43.151Z",
                "type": "START",
                "source": "hotkey",
                "_t": "13:16:43",
                "_end": "-",
                "data": {
                    "type": "ground",
                    "time": 28.903899
                }
            },
            {
                "time": "2018-02-05T20:16:48.003Z",
                "type": "END",
                "source": "data:click:h_pos",
                "_t": "13:16:48",
                "_end": "-",
                "data": {
                    "lbl": {
                        "time": 28.903899,
                        "endTime": 29.68032129878049,
                        "type": "ground",
                        "id": 1
                    }
                }
            },
            {
                "time": "2018-02-05T20:16:49.266Z",
                "type": "SELECT",
                "source": "data:click",
                "_t": "13:16:49",
                "_end": "-",
                "data": {
                    "time": 28.903899,
                    "endTime": 29.68032129878049,
                    "type": "ground",
                    "id": 1
                }
            },
            {
                "time": "2018-02-05T20:16:50.727Z",
                "type": "DELETE",
                "source": "side-bar:button",
                "_t": "13:16:50",
                "_end": "-",
                "data": {
                    "id": 1,
                    "idx": 0
                }
            },
            {
                "time": "2018-02-05T20:16:58.050Z",
                "type": "START",
                "source": "hotkey",
                "_t": "13:16:58",
                "_end": "-",
                "data": {
                    "type": "ground",
                    "time": 28.731773
                }
            },
            {
                "time": "2018-02-05T20:16:59.282Z",
                "type": "END",
                "source": "hotkey:ctb",
                "_t": "13:16:59",
                "_end": "-",
                "data": {
                    "lbl": {
                        "time": 28.731773,
                        "endTime": 29.957994,
                        "type": "ground",
                        "id": 1
                    },
                    "key": "enter"
                }
            },
            {
                "time": "2018-02-05T20:17:00.032Z",
                "type": "START",
                "source": "hotkey",
                "_t": "13:17:00",
                "_end": "-",
                "data": {
                    "type": "ground",
                    "time": 30.712893
                }
            },
            {
                "time": "2018-02-05T20:17:00.961Z",
                "type": "END",
                "source": "hotkey:ctb",
                "_t": "13:17:00",
                "_end": "-",
                "data": {
                    "lbl": {
                        "time": 30.712893,
                        "endTime": 31.640156,
                        "type": "ground",
                        "id": 2
                    },
                    "key": "enter"
                }
            },
            {
                "time": "2018-02-05T20:17:01.857Z",
                "type": "START",
                "source": "hotkey",
                "_t": "13:17:01",
                "_end": "-",
                "data": {
                    "type": "ground",
                    "time": 32.537853
                }
            },
            {
                "time": "2018-02-05T20:17:02.675Z",
                "type": "END",
                "source": "hotkey:ctb",
                "_t": "13:17:02",
                "_end": "-",
                "data": {
                    "lbl": {
                        "time": 32.537853,
                        "endTime": 33.349854,
                        "type": "ground",
                        "id": 3
                    },
                    "key": "enter"
                }
            },
            {
                "time": "2018-02-05T20:17:03.551Z",
                "type": "START",
                "source": "hotkey",
                "_t": "13:17:03",
                "_end": "-",
                "data": {
                    "type": "ground",
                    "time": 34.232917
                }
            },
            {
                "time": "2018-02-05T20:17:04.418Z",
                "type": "END",
                "source": "hotkey:ctb",
                "_t": "13:17:04",
                "_end": "-",
                "data": {
                    "lbl": {
                        "time": 34.232917,
                        "endTime": 35.093593,
                        "type": "ground",
                        "id": 4
                    },
                    "key": "enter"
                }
            },
            {
                "time": "2018-02-05T20:17:05.394Z",
                "type": "START",
                "source": "hotkey",
                "_t": "13:17:05",
                "_end": "-",
                "data": {
                    "type": "ground",
                    "time": 36.065153
                }
            },
            {
                "time": "2018-02-05T20:17:08.783Z",
                "type": "END",
                "source": "hotkey:ctb",
                "_t": "13:17:08",
                "_end": "-",
                "data": {
                    "lbl": {
                        "time": 36.065153,
                        "endTime": 39.456356,
                        "type": "ground",
                        "id": 5
                    },
                    "key": "enter"
                }
            },
            {
                "time": "2018-02-05T20:17:09.362Z",
                "type": "START",
                "source": "hotkey",
                "_t": "13:17:09",
                "_end": "-",
                "data": {
                    "type": "ground",
                    "time": 40.040817
                }
            },
            {
                "time": "2018-02-05T20:17:10.354Z",
                "type": "END",
                "source": "hotkey:ctb",
                "_t": "13:17:10",
                "_end": "-",
                "data": {
                    "lbl": {
                        "time": 40.040817,
                        "endTime": 41.025554,
                        "type": "ground",
                        "id": 6
                    },
                    "key": "enter"
                }
            },
            {
                "time": "2018-02-05T20:17:10.818Z",
                "type": "START",
                "source": "hotkey",
                "_t": "13:17:10",
                "_end": "-",
                "data": {
                    "type": "ground",
                    "time": 41.495245
                }
            },
            {
                "time": "2018-02-05T20:17:11.892Z",
                "type": "END",
                "source": "hotkey:ctb",
                "_t": "13:17:11",
                "_end": "-",
                "data": {
                    "lbl": {
                        "time": 41.495245,
                        "endTime": 42.565726,
                        "type": "ground",
                        "id": 7
                    },
                    "key": "enter"
                }
            },
            {
                "time": "2018-02-05T20:17:12.370Z",
                "type": "START",
                "source": "hotkey",
                "_t": "13:17:12",
                "_end": "-",
                "data": {
                    "type": "ground",
                    "time": 43.048773
                }
            },
            {
                "time": "2018-02-05T20:17:13.363Z",
                "type": "END",
                "source": "hotkey:ctb",
                "_t": "13:17:13",
                "_end": "-",
                "data": {
                    "lbl": {
                        "time": 43.048773,
                        "endTime": 44.036109,
                        "type": "ground",
                        "id": 8
                    },
                    "key": "enter"
                }
            },
            {
                "time": "2018-02-05T20:17:33.875Z",
                "type": "START",
                "source": "hotkey",
                "_t": "13:17:33",
                "_end": "-",
                "data": {
                    "type": "ground",
                    "time": 64.911887
                }
            },
            {
                "time": "2018-02-05T20:17:35.136Z",
                "type": "END",
                "source": "hotkey:ctb",
                "_t": "13:17:35",
                "_end": "-",
                "data": {
                    "lbl": {
                        "time": 64.911887,
                        "endTime": 66.166253,
                        "type": "ground",
                        "id": 9
                    },
                    "key": "enter"
                }
            },
            {
                "time": "2018-02-05T20:17:35.747Z",
                "type": "START",
                "source": "hotkey",
                "_t": "13:17:35",
                "_end": "-",
                "data": {
                    "type": "ground",
                    "time": 66.78091
                }
            },
            {
                "time": "2018-02-05T20:17:36.785Z",
                "type": "END",
                "source": "hotkey:ctb",
                "_t": "13:17:36",
                "_end": "-",
                "data": {
                    "lbl": {
                        "time": 66.78091,
                        "endTime": 67.820108,
                        "type": "ground",
                        "id": 10
                    },
                    "key": "enter"
                }
            },
            {
                "time": "2018-02-05T20:17:37.361Z",
                "type": "START",
                "source": "hotkey",
                "_t": "13:17:37",
                "_end": "-",
                "data": {
                    "type": "ground",
                    "time": 68.392043
                }
            },
            {
                "time": "2018-02-05T20:17:38.368Z",
                "type": "END",
                "source": "hotkey:ctb",
                "_t": "13:17:38",
                "_end": "-",
                "data": {
                    "lbl": {
                        "time": 68.392043,
                        "endTime": 69.403547,
                        "type": "ground",
                        "id": 11
                    },
                    "key": "enter"
                }
            },
            {
                "time": "2018-02-05T20:17:38.896Z",
                "type": "START",
                "source": "hotkey",
                "_t": "13:17:38",
                "_end": "-",
                "data": {
                    "type": "ground",
                    "time": 69.930278
                }
            },
            {
                "time": "2018-02-05T20:17:39.824Z",
                "type": "END",
                "source": "hotkey:ctb",
                "_t": "13:17:39",
                "_end": "-",
                "data": {
                    "lbl": {
                        "time": 69.930278,
                        "endTime": 70.857365,
                        "type": "ground",
                        "id": 12
                    },
                    "key": "enter"
                }
            },
            {
                "time": "2018-02-05T20:17:40.436Z",
                "type": "START",
                "source": "hotkey",
                "_t": "13:17:40",
                "_end": "-",
                "data": {
                    "type": "ground",
                    "time": 71.473091
                }
            },
            {
                "time": "2018-02-05T20:17:41.474Z",
                "type": "END",
                "source": "hotkey:ctb",
                "_t": "13:17:41",
                "_end": "-",
                "data": {
                    "lbl": {
                        "time": 71.473091,
                        "endTime": 72.510742,
                        "type": "ground",
                        "id": 13
                    },
                    "key": "enter"
                }
            },
            {
                "time": "2018-02-05T20:17:42.067Z",
                "type": "START",
                "source": "hotkey",
                "_t": "13:17:42",
                "_end": "-",
                "data": {
                    "type": "ground",
                    "time": 73.09773
                }
            },
            {
                "time": "2018-02-05T20:17:43.394Z",
                "type": "END",
                "source": "hotkey:ctb",
                "_t": "13:17:43",
                "_end": "-",
                "data": {
                    "lbl": {
                        "time": 73.09773,
                        "endTime": 74.423867,
                        "type": "ground",
                        "id": 14
                    },
                    "key": "enter"
                }
            },
            {
                "time": "2018-02-05T20:17:44.128Z",
                "type": "START",
                "source": "hotkey",
                "_t": "13:17:44",
                "_end": "-",
                "data": {
                    "type": "ground",
                    "time": 75.162848
                }
            },
            {
                "time": "2018-02-05T20:17:45.136Z",
                "type": "END",
                "source": "hotkey:ctb",
                "_t": "13:17:45",
                "_end": "-",
                "data": {
                    "lbl": {
                        "time": 75.162848,
                        "endTime": 76.174584,
                        "type": "ground",
                        "id": 15
                    },
                    "key": "enter"
                }
            },
            {
                "time": "2018-02-05T20:17:45.609Z",
                "type": "START",
                "source": "hotkey",
                "_t": "13:17:45",
                "_end": "-",
                "data": {
                    "type": "ground",
                    "time": 76.640813
                }
            },
            {
                "time": "2018-02-05T20:17:46.420Z",
                "type": "END",
                "source": "hotkey:ctb",
                "_t": "13:17:46",
                "_end": "-",
                "data": {
                    "lbl": {
                        "time": 76.640813,
                        "endTime": 77.449611,
                        "type": "ground",
                        "id": 16
                    },
                    "key": "enter"
                }
            },
            {
                "time": "2018-02-05T20:17:46.932Z",
                "type": "START",
                "source": "hotkey",
                "_t": "13:17:46",
                "_end": "-",
                "data": {
                    "type": "ground",
                    "time": 77.962368
                }
            },
            {
                "time": "2018-02-05T20:17:47.794Z",
                "type": "END",
                "source": "hotkey:ctb",
                "_t": "13:17:47",
                "_end": "-",
                "data": {
                    "lbl": {
                        "time": 77.962368,
                        "endTime": 78.829852,
                        "type": "ground",
                        "id": 17
                    },
                    "key": "enter"
                }
            },
            {
                "time": "2018-02-05T20:17:48.404Z",
                "type": "START",
                "source": "hotkey",
                "_t": "13:17:48",
                "_end": "-",
                "data": {
                    "type": "ground",
                    "time": 79.431091
                }
            },
            {
                "time": "2018-02-05T20:17:49.475Z",
                "type": "END",
                "source": "hotkey:ctb",
                "_t": "13:17:49",
                "_end": "-",
                "data": {
                    "lbl": {
                        "time": 79.431091,
                        "endTime": 80.502152,
                        "type": "ground",
                        "id": 18
                    },
                    "key": "enter"
                }
            },
            {
                "time": "2018-02-05T20:17:49.988Z",
                "type": "START",
                "source": "hotkey",
                "_t": "13:17:49",
                "_end": "-",
                "data": {
                    "type": "ground",
                    "time": 81.016524
                }
            },
            {
                "time": "2018-02-05T20:17:58.292Z",
                "type": "END",
                "source": "hotkey:ctb",
                "_t": "13:17:58",
                "_end": "-",
                "data": {
                    "lbl": {
                        "time": 81.016524,
                        "endTime": 89.3266,
                        "type": "ground",
                        "id": 19
                    },
                    "key": "enter"
                }
            },
            {
                "time": "2018-02-05T20:17:58.725Z",
                "type": "START",
                "source": "hotkey",
                "_t": "13:17:58",
                "_end": "-",
                "data": {
                    "type": "ground",
                    "time": 89.756424
                }
            },
            {
                "time": "2018-02-05T20:17:59.653Z",
                "type": "END",
                "source": "hotkey:ctb",
                "_t": "13:17:59",
                "_end": "-",
                "data": {
                    "lbl": {
                        "time": 89.756424,
                        "endTime": 90.683253,
                        "type": "ground",
                        "id": 20
                    },
                    "key": "enter"
                }
            },
            {
                "time": "2018-02-05T20:18:00.405Z",
                "type": "START",
                "source": "hotkey",
                "_t": "13:18:00",
                "_end": "-",
                "data": {
                    "type": "ground",
                    "time": 91.439575
                }
            },
            {
                "time": "2018-02-05T20:18:01.284Z",
                "type": "END",
                "source": "hotkey:ctb",
                "_t": "13:18:01",
                "_end": "-",
                "data": {
                    "lbl": {
                        "time": 91.439575,
                        "endTime": 92.310153,
                        "type": "ground",
                        "id": 21
                    },
                    "key": "enter"
                }
            },
            {
                "time": "2018-02-05T20:18:01.825Z",
                "type": "START",
                "source": "hotkey",
                "_t": "13:18:01",
                "_end": "-",
                "data": {
                    "type": "ground",
                    "time": 92.861688
                }
            },
            {
                "time": "2018-02-05T20:18:02.821Z",
                "type": "END",
                "source": "hotkey:ctb",
                "_t": "13:18:02",
                "_end": "-",
                "data": {
                    "lbl": {
                        "time": 92.861688,
                        "endTime": 93.850637,
                        "type": "ground",
                        "id": 22
                    },
                    "key": "enter"
                }
            },
            {
                "time": "2018-02-05T20:18:03.429Z",
                "type": "START",
                "source": "hotkey",
                "_t": "13:18:03",
                "_end": "-",
                "data": {
                    "type": "ground",
                    "time": 94.463363
                }
            },
            {
                "time": "2018-02-05T20:18:04.370Z",
                "type": "END",
                "source": "hotkey:ctb",
                "_t": "13:18:04",
                "_end": "-",
                "data": {
                    "lbl": {
                        "time": 94.463363,
                        "endTime": 95.402496,
                        "type": "ground",
                        "id": 23
                    },
                    "key": "enter"
                }
            },
            {
                "time": "2018-02-05T20:18:04.865Z",
                "type": "START",
                "source": "hotkey",
                "_t": "13:18:04",
                "_end": "-",
                "data": {
                    "type": "ground",
                    "time": 95.901874
                }
            },
            {
                "time": "2018-02-05T20:18:06.100Z",
                "type": "END",
                "source": "hotkey:ctb",
                "_t": "13:18:06",
                "_end": "-",
                "data": {
                    "lbl": {
                        "time": 95.901874,
                        "endTime": 97.129791,
                        "type": "ground",
                        "id": 24
                    },
                    "key": "enter"
                }
            },
            {
                "time": "2018-02-05T20:18:06.604Z",
                "type": "START",
                "source": "hotkey",
                "_t": "13:18:06",
                "_end": "-",
                "data": {
                    "type": "ground",
                    "time": 97.636328
                }
            },
            {
                "time": "2018-02-05T20:18:07.443Z",
                "type": "END",
                "source": "hotkey:ctb",
                "_t": "13:18:07",
                "_end": "-",
                "data": {
                    "lbl": {
                        "time": 97.636328,
                        "endTime": 98.479438,
                        "type": "ground",
                        "id": 25
                    },
                    "key": "enter"
                }
            }
        ],
        "navigationEvents": [
            {
                "time": {
                    "start": "2018-02-05T20:16:24.665Z",
                    "end": "2018-02-05T20:16:24.792Z"
                },
                "type": "SCRUB",
                "source": "video:drag",
                "_t": "13:16:24",
                "_end": "13:16:24",
                "data": {
                    "to": 21.931858,
                    "from": 4.875084
                }
            },
            {
                "time": {
                    "start": "2018-02-05T20:16:26.100Z",
                    "end": "2018-02-05T20:16:26.191Z"
                },
                "type": "SCRUB",
                "source": "video:drag",
                "_t": "13:16:26",
                "_end": "13:16:26",
                "data": {
                    "to": 28.290254,
                    "from": 22.893384
                }
            },
            {
                "time": {
                    "start": "2018-02-05T20:16:30.497Z",
                    "end": "2018-02-05T20:16:30.609Z"
                },
                "type": "SCRUB",
                "source": "video:drag",
                "_t": "13:16:30",
                "_end": "13:16:30",
                "data": {
                    "to": 28.843158,
                    "from": 32.516151
                }
            },
            {
                "time": {
                    "start": "2018-02-05T20:16:32.204Z",
                    "end": "2018-02-05T20:16:32.318Z"
                },
                "type": "SCRUB",
                "source": "video:drag",
                "_t": "13:16:32",
                "_end": "13:16:32",
                "data": {
                    "to": 24.143474,
                    "from": 30.292792
                }
            },
            {
                "time": "2018-02-05T20:16:37.349Z",
                "type": "PAUSE",
                "source": "video:button",
                "_t": "13:16:37",
                "_end": "-"
            },
            {
                "time": {
                    "start": "2018-02-05T20:16:40.357Z",
                    "end": "2018-02-05T20:16:40.461Z"
                },
                "type": "SCRUB",
                "source": "video:drag",
                "_t": "13:16:40",
                "_end": "13:16:40",
                "data": {
                    "to": 27.460898,
                    "from": 29.075217
                }
            },
            {
                "time": "2018-02-05T20:16:41.617Z",
                "type": "PLAY",
                "source": "video:button",
                "_t": "13:16:41",
                "_end": "-"
            },
            {
                "time": "2018-02-05T20:16:46.048Z",
                "type": "PAUSE",
                "source": "video:button",
                "_t": "13:16:46",
                "_end": "-"
            },
            {
                "time": {
                    "start": "2018-02-05T20:15:48.768Z",
                    "end": "2018-02-05T20:16:48.000Z"
                },
                "type": "SCRUB",
                "source": "data:drag",
                "_t": "13:15:48",
                "_end": "13:16:48",
                "data": {
                    "time": 31.799427
                }
            },
            {
                "time": {
                    "start": "2018-02-05T20:15:48.768Z",
                    "end": "2018-02-05T20:16:49.264Z"
                },
                "type": "SCRUB",
                "source": "data:drag",
                "_t": "13:15:48",
                "_end": "13:16:49",
                "data": {
                    "time": 31.799427
                }
            },
            {
                "time": {
                    "start": "2018-02-05T20:16:51.909Z",
                    "end": "2018-02-05T20:16:52.048Z"
                },
                "type": "SCRUB",
                "source": "video:drag",
                "_t": "13:16:51",
                "_end": "13:16:52",
                "data": {
                    "to": 25.249282,
                    "from": 31.799427
                }
            },
            {
                "time": "2018-02-05T20:16:54.497Z",
                "type": "PLAY",
                "source": "video:button",
                "_t": "13:16:54",
                "_end": "-"
            },
            {
                "time": {
                    "start": "2018-02-05T20:17:30.108Z",
                    "end": "2018-02-05T20:17:30.247Z"
                },
                "type": "SCRUB",
                "source": "video:drag",
                "_t": "13:17:30",
                "_end": "13:17:30",
                "data": {
                    "to": 64.505466,
                    "from": 60.783721
                }
            },
            {
                "time": {
                    "start": "2018-02-05T20:17:30.972Z",
                    "end": "2018-02-05T20:17:31.088Z"
                },
                "type": "SCRUB",
                "source": "video:drag",
                "_t": "13:17:30",
                "_end": "13:17:31",
                "data": {
                    "to": 62.201699,
                    "from": 65.142133
                }
            }
        ]
    }
}