{
    "user_id": "aqua 2",
    "session_id": "5d7fdf6b81249f67dd06adc9",
    "study": "studyE",
    "workspace": "gait.gait-red",
    "details": {
        "workspace": "gait.gait-red",
        "labels": [
            {
                "time": 0,
                "endTime": 1.408,
                "type": "orange-on-ground",
                "id": 1
            },
            {
                "time": 1.421219,
                "endTime": 2.176,
                "type": "orange-in-air",
                "id": 2
            },
            {
                "time": 2.209689,
                "endTime": 3.606,
                "type": "orange-in-air",
                "id": 3
            },
            {
                "time": 3.606,
                "endTime": 3.93,
                "type": "orange-on-ground",
                "id": 4
            },
            {
                "time": 3.93,
                "endTime": 5.016369,
                "type": "orange-in-air",
                "id": 5
            },
            {
                "time": 5.016369,
                "endTime": 5.334,
                "type": "orange-on-ground",
                "id": 6
            },
            {
                "time": 5.334,
                "endTime": 6.459972,
                "type": "orange-in-air",
                "id": 7
            },
            {
                "time": 6.459972,
                "endTime": 6.740615,
                "type": "orange-on-ground",
                "id": 8
            },
            {
                "time": 6.740615,
                "endTime": 7.898,
                "type": "orange-in-air",
                "id": 9
            },
            {
                "time": 7.898,
                "endTime": 8.216,
                "type": "orange-on-ground",
                "id": 10
            },
            {
                "time": 8.216,
                "endTime": 9.266,
                "type": "orange-in-air",
                "id": 11
            },
            {
                "time": 9.266,
                "endTime": 9.582,
                "type": "orange-on-ground",
                "id": 12
            },
            {
                "time": 9.582,
                "endTime": 10.709453,
                "type": "orange-in-air",
                "id": 13
            },
            {
                "time": 10.709453,
                "endTime": 10.99,
                "type": "orange-on-ground",
                "id": 14
            },
            {
                "time": 10.99,
                "endTime": 12.068,
                "type": "orange-in-air",
                "id": 15
            },
            {
                "time": 12.068,
                "endTime": 12.068,
                "type": "orange-on-ground",
                "id": 17
            },
            {
                "time": 12.073784,
                "endTime": 12.394,
                "type": "orange-on-ground",
                "id": 18
            },
            {
                "time": 12.394,
                "endTime": 13.472,
                "type": "orange-in-air",
                "id": 19
            },
            {
                "time": 13.472,
                "endTime": 13.756,
                "type": "orange-on-ground",
                "id": 20
            },
            {
                "time": 13.756,
                "endTime": 14.834,
                "type": "orange-in-air",
                "id": 21
            },
            {
                "time": 14.834,
                "endTime": 15.154,
                "type": "orange-on-ground",
                "id": 22
            },
            {
                "time": 15.154,
                "endTime": 16.243232,
                "type": "orange-in-air",
                "id": 23
            },
            {
                "time": 16.243232,
                "endTime": 16.56,
                "type": "orange-on-ground",
                "id": 24
            },
            {
                "time": 16.56,
                "endTime": 17.606,
                "type": "orange-in-air",
                "id": 25
            },
            {
                "time": 17.606,
                "endTime": 17.967195,
                "type": "orange-on-ground",
                "id": 26
            },
            {
                "time": 17.967195,
                "endTime": 19.046,
                "type": "orange-in-air",
                "id": 27
            },
            {
                "time": 19.046,
                "endTime": 19.33,
                "type": "orange-on-ground",
                "id": 28
            },
            {
                "time": 19.33,
                "endTime": 20.408,
                "type": "orange-in-air",
                "id": 29
            },
            {
                "time": 20.408,
                "endTime": 20.408,
                "type": "orange-in-air",
                "id": 31
            }
        ],
        "_starts": [
            "2019-09-16T19:39:08.000Z"
        ],
        "_ends": [
            "2019-09-16T19:42:13.294Z"
        ]
    },
    "labels_file": "/home/ubuntu/vat/data/user-studies/studyE/gait-red/aqua 2.labels.json",
    "videoFlash": 0.00001,
    "surveys": {
        "user-info": {
            "firstname": "Ben",
            "lastname": "Goodey",
            "email": "bgoodey@frontier.com"
        },
        "practice-first": {
            "question1": "3",
            "question2": "ok",
            "question3": "70",
            "question4": "3"
        },
        "practice-second": {},
        "practice-third": {},
        "practice-survey": {},
        "drywall-blue": {
            "question1": "4",
            "question2": "1",
            "question3": "30",
            "question4": "40"
        },
        "drywall-red": {
            "question1": "1",
            "question2": "3",
            "question3": "40",
            "question4": "90"
        },
        "drywall-orange": {
            "question1": "3",
            "question2": "1",
            "question3": "60",
            "question4": "30"
        },
        "drywall-survey": {
            "question1": "5",
            "question2": "4",
            "question3": "4",
            "question4": "5"
        },
        "gait-blue": {
            "question1": "5",
            "question2": "4",
            "question3": "80",
            "question4": "20"
        }
    },
    "logs": {
        "labelEvents": [
            {
                "time": "2019-09-16T19:39:22.841Z",
                "type": "START",
                "source": "hotkey",
                "_t": "13:39:22",
                "_end": "-",
                "data": {
                    "type": "orange-on-ground",
                    "time": 0
                }
            },
            {
                "time": "2019-09-16T19:39:25.864Z",
                "type": "END",
                "source": "hotkey:ctb",
                "_t": "13:39:25",
                "_end": "-",
                "data": {
                    "lbl": {
                        "time": 0,
                        "endTime": 1.408,
                        "type": "orange-on-ground",
                        "id": 1
                    },
                    "key": "enter"
                }
            },
            {
                "time": "2019-09-16T19:39:33.466Z",
                "type": "START",
                "source": "hotkey",
                "_t": "13:39:33",
                "_end": "-",
                "data": {
                    "type": "orange-in-air",
                    "time": 1.421219
                }
            },
            {
                "time": "2019-09-16T19:39:39.129Z",
                "type": "END",
                "source": "hotkey:ctb",
                "_t": "13:39:39",
                "_end": "-",
                "data": {
                    "lbl": {
                        "time": 1.421219,
                        "endTime": 2.176,
                        "type": "orange-in-air",
                        "id": 2
                    },
                    "key": "enter"
                }
            },
            {
                "time": "2019-09-16T19:39:40.057Z",
                "type": "START",
                "source": "hotkey",
                "_t": "13:39:40",
                "_end": "-",
                "data": {
                    "type": "orange-on-ground",
                    "time": 2.176
                }
            },
            {
                "time": "2019-09-16T19:39:46.340Z",
                "type": "CANCEL",
                "source": "hotkey",
                "_t": "13:39:46",
                "_end": "-",
                "data": {
                    "time": 2.176,
                    "type": "orange-on-ground",
                    "editting": false
                }
            },
            {
                "time": "2019-09-16T19:39:49.513Z",
                "type": "START",
                "source": "hotkey",
                "_t": "13:39:49",
                "_end": "-",
                "data": {
                    "type": "orange-in-air",
                    "time": 2.209689
                }
            },
            {
                "time": "2019-09-16T19:39:58.631Z",
                "type": "END",
                "source": "hotkey:ctb",
                "_t": "13:39:58",
                "_end": "-",
                "data": {
                    "lbl": {
                        "time": 2.209689,
                        "endTime": 3.606,
                        "type": "orange-in-air",
                        "id": 3
                    },
                    "key": "enter"
                }
            },
            {
                "time": "2019-09-16T19:39:59.656Z",
                "type": "START",
                "source": "hotkey",
                "_t": "13:39:59",
                "_end": "-",
                "data": {
                    "type": "orange-on-ground",
                    "time": 3.606
                }
            },
            {
                "time": "2019-09-16T19:40:01.894Z",
                "type": "END",
                "source": "hotkey:ctb",
                "_t": "13:40:01",
                "_end": "-",
                "data": {
                    "lbl": {
                        "time": 3.606,
                        "endTime": 3.93,
                        "type": "orange-on-ground",
                        "id": 4
                    },
                    "key": "enter"
                }
            },
            {
                "time": "2019-09-16T19:40:02.201Z",
                "type": "START",
                "source": "hotkey",
                "_t": "13:40:02",
                "_end": "-",
                "data": {
                    "type": "orange-in-air",
                    "time": 3.93
                }
            },
            {
                "time": "2019-09-16T19:40:07.767Z",
                "type": "START",
                "source": "hotkey",
                "_t": "13:40:07",
                "_end": "-",
                "data": {
                    "type": "orange-on-ground",
                    "time": 5.016369
                }
            },
            {
                "time": "2019-09-16T19:40:10.441Z",
                "type": "START",
                "source": "hotkey",
                "_t": "13:40:10",
                "_end": "-",
                "data": {
                    "type": "orange-in-air",
                    "time": 5.016369
                }
            },
            {
                "time": "2019-09-16T19:40:10.968Z",
                "type": "START",
                "source": "hotkey",
                "_t": "13:40:10",
                "_end": "-",
                "data": {
                    "type": "orange-on-ground",
                    "time": 5.016369
                }
            },
            {
                "time": "2019-09-16T19:40:13.046Z",
                "type": "START",
                "source": "hotkey",
                "_t": "13:40:13",
                "_end": "-",
                "data": {
                    "type": "orange-in-air",
                    "time": 5.334
                }
            },
            {
                "time": "2019-09-16T19:40:20.233Z",
                "type": "START",
                "source": "hotkey",
                "_t": "13:40:20",
                "_end": "-",
                "data": {
                    "type": "orange-in-air",
                    "time": 6.459972
                }
            },
            {
                "time": "2019-09-16T19:40:21.561Z",
                "type": "START",
                "source": "hotkey",
                "_t": "13:40:21",
                "_end": "-",
                "data": {
                    "type": "orange-on-ground",
                    "time": 6.459972
                }
            },
            {
                "time": "2019-09-16T19:40:23.831Z",
                "type": "START",
                "source": "hotkey",
                "_t": "13:40:23",
                "_end": "-",
                "data": {
                    "type": "orange-in-air",
                    "time": 6.740615
                }
            },
            {
                "time": "2019-09-16T19:40:29.995Z",
                "type": "START",
                "source": "hotkey",
                "_t": "13:40:29",
                "_end": "-",
                "data": {
                    "type": "orange-in-air",
                    "time": 7.898
                }
            },
            {
                "time": "2019-09-16T19:40:31.098Z",
                "type": "START",
                "source": "hotkey",
                "_t": "13:40:31",
                "_end": "-",
                "data": {
                    "type": "orange-on-ground",
                    "time": 7.898
                }
            },
            {
                "time": "2019-09-16T19:40:33.628Z",
                "type": "START",
                "source": "hotkey",
                "_t": "13:40:33",
                "_end": "-",
                "data": {
                    "type": "orange-in-air",
                    "time": 8.216
                }
            },
            {
                "time": "2019-09-16T19:40:41.371Z",
                "type": "START",
                "source": "hotkey",
                "_t": "13:40:41",
                "_end": "-",
                "data": {
                    "type": "orange-on-ground",
                    "time": 9.266
                }
            },
            {
                "time": "2019-09-16T19:40:43.403Z",
                "type": "START",
                "source": "hotkey",
                "_t": "13:40:43",
                "_end": "-",
                "data": {
                    "type": "orange-in-air",
                    "time": 9.582
                }
            },
            {
                "time": "2019-09-16T19:40:50.154Z",
                "type": "START",
                "source": "hotkey",
                "_t": "13:40:50",
                "_end": "-",
                "data": {
                    "type": "orange-on-ground",
                    "time": 10.709453
                }
            },
            {
                "time": "2019-09-16T19:40:51.897Z",
                "type": "START",
                "source": "hotkey",
                "_t": "13:40:51",
                "_end": "-",
                "data": {
                    "type": "orange-in-air",
                    "time": 10.99
                }
            },
            {
                "time": "2019-09-16T19:40:56.481Z",
                "type": "START",
                "source": "hotkey",
                "_t": "13:40:56",
                "_end": "-",
                "data": {
                    "type": "orange-in-air",
                    "time": 12.068
                }
            },
            {
                "time": "2019-09-16T19:40:57.482Z",
                "type": "START",
                "source": "hotkey",
                "_t": "13:40:57",
                "_end": "-",
                "data": {
                    "type": "orange-on-ground",
                    "time": 12.308
                }
            },
            {
                "time": "2019-09-16T19:40:59.911Z",
                "type": "END",
                "source": "data:click:h_pos",
                "_t": "13:40:59",
                "_end": "-",
                "data": {
                    "lbl": {
                        "time": 12.068,
                        "endTime": 12.068,
                        "type": "orange-on-ground",
                        "id": 17
                    }
                }
            },
            {
                "time": "2019-09-16T19:40:59.921Z",
                "type": "SELECT",
                "source": "data:click",
                "_t": "13:40:59",
                "_end": "-",
                "data": {
                    "time": 12.068,
                    "endTime": 12.308,
                    "type": "orange-in-air",
                    "id": 16
                }
            },
            {
                "time": "2019-09-16T19:41:00.769Z",
                "type": "DELETE",
                "source": "hotkey",
                "_t": "13:41:00",
                "_end": "-",
                "data": {
                    "id": 16,
                    "idx": 15
                }
            },
            {
                "time": "2019-09-16T19:41:03.020Z",
                "type": "SELECT",
                "source": "data:click",
                "_t": "13:41:03",
                "_end": "-",
                "data": {
                    "time": 10.99,
                    "endTime": 12.068,
                    "type": "orange-in-air",
                    "id": 15
                }
            },
            {
                "time": "2019-09-16T19:41:03.167Z",
                "type": "DESELECT",
                "source": "data:click",
                "_t": "13:41:03",
                "_end": "-",
                "data": {
                    "time": 10.99,
                    "endTime": 12.068,
                    "type": "orange-in-air",
                    "id": 15
                }
            },
            {
                "time": "2019-09-16T19:41:08.253Z",
                "type": "START",
                "source": "hotkey",
                "_t": "13:41:08",
                "_end": "-",
                "data": {
                    "type": "orange-on-ground",
                    "time": 12.073784
                }
            },
            {
                "time": "2019-09-16T19:41:10.925Z",
                "type": "END",
                "source": "hotkey:ctb",
                "_t": "13:41:10",
                "_end": "-",
                "data": {
                    "lbl": {
                        "time": 12.073784,
                        "endTime": 12.394,
                        "type": "orange-on-ground",
                        "id": 18
                    },
                    "key": "enter"
                }
            },
            {
                "time": "2019-09-16T19:41:11.250Z",
                "type": "START",
                "source": "hotkey",
                "_t": "13:41:11",
                "_end": "-",
                "data": {
                    "type": "orange-in-air",
                    "time": 12.394
                }
            },
            {
                "time": "2019-09-16T19:41:18.877Z",
                "type": "START",
                "source": "hotkey",
                "_t": "13:41:18",
                "_end": "-",
                "data": {
                    "type": "orange-on-ground",
                    "time": 13.472
                }
            },
            {
                "time": "2019-09-16T19:41:20.814Z",
                "type": "START",
                "source": "hotkey",
                "_t": "13:41:20",
                "_end": "-",
                "data": {
                    "type": "orange-in-air",
                    "time": 13.756
                }
            },
            {
                "time": "2019-09-16T19:41:28.207Z",
                "type": "START",
                "source": "hotkey",
                "_t": "13:41:28",
                "_end": "-",
                "data": {
                    "type": "orange-on-ground",
                    "time": 14.834
                }
            },
            {
                "time": "2019-09-16T19:41:30.171Z",
                "type": "START",
                "source": "hotkey",
                "_t": "13:41:30",
                "_end": "-",
                "data": {
                    "type": "orange-in-air",
                    "time": 15.154
                }
            },
            {
                "time": "2019-09-16T19:41:37.516Z",
                "type": "START",
                "source": "hotkey",
                "_t": "13:41:37",
                "_end": "-",
                "data": {
                    "type": "orange-on-ground",
                    "time": 16.243232
                }
            },
            {
                "time": "2019-09-16T19:41:39.835Z",
                "type": "START",
                "source": "hotkey",
                "_t": "13:41:39",
                "_end": "-",
                "data": {
                    "type": "orange-in-air",
                    "time": 16.56
                }
            },
            {
                "time": "2019-09-16T19:41:45.020Z",
                "type": "START",
                "source": "hotkey",
                "_t": "13:41:45",
                "_end": "-",
                "data": {
                    "type": "orange-on-ground",
                    "time": 17.606
                }
            },
            {
                "time": "2019-09-16T19:41:47.210Z",
                "type": "START",
                "source": "hotkey",
                "_t": "13:41:47",
                "_end": "-",
                "data": {
                    "type": "orange-in-air",
                    "time": 17.967195
                }
            },
            {
                "time": "2019-09-16T19:41:52.105Z",
                "type": "START",
                "source": "hotkey",
                "_t": "13:41:52",
                "_end": "-",
                "data": {
                    "type": "orange-on-ground",
                    "time": 19.046
                }
            },
            {
                "time": "2019-09-16T19:41:53.931Z",
                "type": "START",
                "source": "hotkey",
                "_t": "13:41:53",
                "_end": "-",
                "data": {
                    "type": "orange-in-air",
                    "time": 19.33
                }
            },
            {
                "time": "2019-09-16T19:41:59.215Z",
                "type": "START",
                "source": "hotkey",
                "_t": "13:41:59",
                "_end": "-",
                "data": {
                    "type": "orange-in-air",
                    "time": 20.408
                }
            },
            {
                "time": "2019-09-16T19:42:02.847Z",
                "type": "START",
                "source": "hotkey",
                "_t": "13:42:02",
                "_end": "-",
                "data": {
                    "type": "orange-in-air",
                    "time": 20.73
                }
            },
            {
                "time": "2019-09-16T19:42:05.003Z",
                "type": "END",
                "source": "data:click:h_pos",
                "_t": "13:42:05",
                "_end": "-",
                "data": {
                    "lbl": {
                        "time": 20.408,
                        "endTime": 20.408,
                        "type": "orange-in-air",
                        "id": 31
                    }
                }
            },
            {
                "time": "2019-09-16T19:42:05.008Z",
                "type": "SELECT",
                "source": "data:click",
                "_t": "13:42:05",
                "_end": "-",
                "data": {
                    "time": 20.408,
                    "endTime": 20.73,
                    "type": "orange-in-air",
                    "id": 30
                }
            },
            {
                "time": "2019-09-16T19:42:06.548Z",
                "type": "START",
                "source": "side-bar:button",
                "_t": "13:42:06",
                "_end": "-",
                "data": {
                    "type": "orange-on-ground",
                    "time": 20.89
                }
            },
            {
                "time": "2019-09-16T19:42:09.362Z",
                "type": "CANCEL",
                "source": "hotkey",
                "_t": "13:42:09",
                "_end": "-",
                "data": {
                    "time": 20.89,
                    "type": "orange-on-ground",
                    "editting": false
                }
            },
            {
                "time": "2019-09-16T19:42:09.825Z",
                "type": "SELECT",
                "source": "data:click",
                "_t": "13:42:09",
                "_end": "-",
                "data": {
                    "time": 20.408,
                    "endTime": 20.73,
                    "type": "orange-in-air",
                    "id": 30
                }
            },
            {
                "time": "2019-09-16T19:42:10.455Z",
                "type": "DELETE",
                "source": "hotkey",
                "_t": "13:42:10",
                "_end": "-",
                "data": {
                    "id": 30,
                    "idx": 28
                }
            }
        ],
        "navigationEvents": [
            {
                "time": "2019-09-16T19:39:14.791Z",
                "type": "PLAY",
                "source": "hotkey",
                "_t": "13:39:14",
                "_end": "-",
                "data": {
                    "key": "space"
                }
            },
            {
                "time": "2019-09-16T19:39:16.004Z",
                "type": "PAUSE",
                "source": "hotkey",
                "_t": "13:39:16",
                "_end": "-",
                "data": {
                    "key": "space"
                }
            },
            {
                "time": "2019-09-16T19:39:21.401Z",
                "type": "SKIP",
                "source": "hotkey",
                "_t": "13:39:21",
                "_end": "-",
                "data": {
                    "t": 1.166,
                    "Δt": -1,
                    "key": "left"
                }
            },
            {
                "time": "2019-09-16T19:39:21.610Z",
                "type": "SKIP",
                "source": "hotkey",
                "_t": "13:39:21",
                "_end": "-",
                "data": {
                    "t": 0.166,
                    "Δt": -1,
                    "key": "left"
                }
            },
            {
                "time": "2019-09-16T19:39:21.687Z",
                "type": "SKIP",
                "source": "hotkey",
                "_t": "13:39:21",
                "_end": "-",
                "data": {
                    "t": 0,
                    "Δt": -1,
                    "key": "left"
                }
            },
            {
                "time": "2019-09-16T19:39:24.409Z",
                "type": "PLAY",
                "source": "hotkey",
                "_t": "13:39:24",
                "_end": "-",
                "data": {
                    "key": "space"
                }
            },
            {
                "time": "2019-09-16T19:39:26.181Z",
                "type": "PAUSE",
                "source": "hotkey",
                "_t": "13:39:26",
                "_end": "-",
                "data": {
                    "key": "space"
                }
            },
            {
                "time": "2019-09-16T19:39:28.105Z",
                "type": "CHANGE-PLAYBACK-RATE",
                "source": "video:button",
                "_t": "13:39:28",
                "_end": "-",
                "data": {
                    "oldRate": 1,
                    "newRate": 1.5
                }
            },
            {
                "time": "2019-09-16T19:39:29.826Z",
                "type": "CHANGE-PLAYBACK-RATE",
                "source": "video:menu",
                "_t": "13:39:29",
                "_end": "-",
                "data": {
                    "oldRate": 1.5,
                    "newRate": 0.25
                }
            },
            {
                "time": {
                    "start": "2019-09-16T19:39:08.674Z",
                    "end": "2019-09-16T19:39:31.136Z"
                },
                "type": "SCRUB",
                "source": "data:drag",
                "_t": "13:39:08",
                "_end": "13:39:31",
                "data": {
                    "time": 1.734
                }
            },
            {
                "time": {
                    "start": "2019-09-16T19:39:08.674Z",
                    "end": "2019-09-16T19:39:31.909Z"
                },
                "type": "SCRUB",
                "source": "data:drag",
                "_t": "13:39:08",
                "_end": "13:39:31",
                "data": {
                    "time": 1.734
                }
            },
            {
                "time": {
                    "start": "2019-09-16T19:39:08.674Z",
                    "end": "2019-09-16T19:39:32.065Z"
                },
                "type": "SCRUB",
                "source": "data:drag",
                "_t": "13:39:08",
                "_end": "13:39:32",
                "data": {
                    "time": 1.734
                }
            },
            {
                "time": "2019-09-16T19:39:32.088Z",
                "type": "JUMP",
                "source": "data:dblclick:h_pos",
                "_t": "13:39:32",
                "_end": "-",
                "data": {
                    "from": 1.734,
                    "to": 1.421218659458325
                }
            },
            {
                "time": "2019-09-16T19:39:33.994Z",
                "type": "PLAY",
                "source": "hotkey",
                "_t": "13:39:33",
                "_end": "-",
                "data": {
                    "key": "space"
                }
            },
            {
                "time": "2019-09-16T19:39:37.190Z",
                "type": "PAUSE",
                "source": "hotkey",
                "_t": "13:39:37",
                "_end": "-",
                "data": {
                    "key": "space"
                }
            },
            {
                "time": "2019-09-16T19:39:40.406Z",
                "type": "PLAY",
                "source": "hotkey",
                "_t": "13:39:40",
                "_end": "-",
                "data": {
                    "key": "space"
                }
            },
            {
                "time": "2019-09-16T19:39:45.206Z",
                "type": "PAUSE",
                "source": "hotkey",
                "_t": "13:39:45",
                "_end": "-",
                "data": {
                    "key": "space"
                }
            },
            {
                "time": {
                    "start": "2019-09-16T19:39:08.674Z",
                    "end": "2019-09-16T19:39:47.645Z"
                },
                "type": "SCRUB",
                "source": "data:drag",
                "_t": "13:39:08",
                "_end": "13:39:47",
                "data": {
                    "time": 3.386173
                }
            },
            {
                "time": {
                    "start": "2019-09-16T19:39:08.674Z",
                    "end": "2019-09-16T19:39:48.998Z"
                },
                "type": "SCRUB",
                "source": "data:drag",
                "_t": "13:39:08",
                "_end": "13:39:48",
                "data": {
                    "time": 3.386173
                }
            },
            {
                "time": {
                    "start": "2019-09-16T19:39:08.674Z",
                    "end": "2019-09-16T19:39:49.151Z"
                },
                "type": "SCRUB",
                "source": "data:drag",
                "_t": "13:39:08",
                "_end": "13:39:49",
                "data": {
                    "time": 3.386173
                }
            },
            {
                "time": "2019-09-16T19:39:49.158Z",
                "type": "JUMP",
                "source": "data:dblclick:h_pos",
                "_t": "13:39:49",
                "_end": "-",
                "data": {
                    "from": 3.386173,
                    "to": 2.209688639553472
                }
            },
            {
                "time": "2019-09-16T19:39:50.326Z",
                "type": "PLAY",
                "source": "hotkey",
                "_t": "13:39:50",
                "_end": "-",
                "data": {
                    "key": "space"
                }
            },
            {
                "time": "2019-09-16T19:39:52.230Z",
                "type": "PAUSE",
                "source": "hotkey",
                "_t": "13:39:52",
                "_end": "-",
                "data": {
                    "key": "space"
                }
            },
            {
                "time": "2019-09-16T19:39:54.613Z",
                "type": "PLAY",
                "source": "hotkey",
                "_t": "13:39:54",
                "_end": "-",
                "data": {
                    "key": "space"
                }
            },
            {
                "time": "2019-09-16T19:39:58.309Z",
                "type": "PAUSE",
                "source": "hotkey",
                "_t": "13:39:58",
                "_end": "-",
                "data": {
                    "key": "space"
                }
            },
            {
                "time": "2019-09-16T19:40:00.007Z",
                "type": "PLAY",
                "source": "hotkey",
                "_t": "13:40:00",
                "_end": "-",
                "data": {
                    "key": "space"
                }
            },
            {
                "time": "2019-09-16T19:40:01.173Z",
                "type": "PAUSE",
                "source": "hotkey",
                "_t": "13:40:01",
                "_end": "-",
                "data": {
                    "key": "space"
                }
            },
            {
                "time": "2019-09-16T19:40:02.567Z",
                "type": "PLAY",
                "source": "hotkey",
                "_t": "13:40:02",
                "_end": "-",
                "data": {
                    "key": "space"
                }
            },
            {
                "time": "2019-09-16T19:40:06.709Z",
                "type": "PAUSE",
                "source": "hotkey",
                "_t": "13:40:06",
                "_end": "-",
                "data": {
                    "key": "space"
                }
            },
            {
                "time": "2019-09-16T19:40:07.238Z",
                "type": "PLAY",
                "source": "hotkey",
                "_t": "13:40:07",
                "_end": "-",
                "data": {
                    "key": "space"
                }
            },
            {
                "time": "2019-09-16T19:40:07.397Z",
                "type": "PAUSE",
                "source": "hotkey",
                "_t": "13:40:07",
                "_end": "-",
                "data": {
                    "key": "space"
                }
            },
            {
                "time": "2019-09-16T19:40:11.446Z",
                "type": "PLAY",
                "source": "hotkey",
                "_t": "13:40:11",
                "_end": "-",
                "data": {
                    "key": "space"
                }
            },
            {
                "time": "2019-09-16T19:40:12.630Z",
                "type": "PAUSE",
                "source": "hotkey",
                "_t": "13:40:12",
                "_end": "-",
                "data": {
                    "key": "space"
                }
            },
            {
                "time": "2019-09-16T19:40:13.542Z",
                "type": "PLAY",
                "source": "hotkey",
                "_t": "13:40:13",
                "_end": "-",
                "data": {
                    "key": "space"
                }
            },
            {
                "time": "2019-09-16T19:40:17.729Z",
                "type": "PAUSE",
                "source": "hotkey",
                "_t": "13:40:17",
                "_end": "-",
                "data": {
                    "key": "space"
                }
            },
            {
                "time": "2019-09-16T19:40:18.694Z",
                "type": "PLAY",
                "source": "hotkey",
                "_t": "13:40:18",
                "_end": "-",
                "data": {
                    "key": "space"
                }
            },
            {
                "time": "2019-09-16T19:40:18.853Z",
                "type": "PAUSE",
                "source": "hotkey",
                "_t": "13:40:18",
                "_end": "-",
                "data": {
                    "key": "space"
                }
            },
            {
                "time": "2019-09-16T19:40:22.167Z",
                "type": "PLAY",
                "source": "hotkey",
                "_t": "13:40:22",
                "_end": "-",
                "data": {
                    "key": "space"
                }
            },
            {
                "time": "2019-09-16T19:40:23.205Z",
                "type": "PAUSE",
                "source": "hotkey",
                "_t": "13:40:23",
                "_end": "-",
                "data": {
                    "key": "space"
                }
            },
            {
                "time": "2019-09-16T19:40:24.182Z",
                "type": "PLAY",
                "source": "hotkey",
                "_t": "13:40:24",
                "_end": "-",
                "data": {
                    "key": "space"
                }
            },
            {
                "time": "2019-09-16T19:40:28.717Z",
                "type": "PAUSE",
                "source": "hotkey",
                "_t": "13:40:28",
                "_end": "-",
                "data": {
                    "key": "space"
                }
            },
            {
                "time": "2019-09-16T19:40:31.734Z",
                "type": "PLAY",
                "source": "hotkey",
                "_t": "13:40:31",
                "_end": "-",
                "data": {
                    "key": "space"
                }
            },
            {
                "time": "2019-09-16T19:40:32.952Z",
                "type": "PAUSE",
                "source": "hotkey",
                "_t": "13:40:32",
                "_end": "-",
                "data": {
                    "key": "space"
                }
            },
            {
                "time": "2019-09-16T19:40:33.945Z",
                "type": "PLAY",
                "source": "hotkey",
                "_t": "13:40:33",
                "_end": "-",
                "data": {
                    "key": "space"
                }
            },
            {
                "time": "2019-09-16T19:40:38.107Z",
                "type": "PAUSE",
                "source": "hotkey",
                "_t": "13:40:38",
                "_end": "-",
                "data": {
                    "key": "space"
                }
            },
            {
                "time": "2019-09-16T19:40:41.712Z",
                "type": "PLAY",
                "source": "hotkey",
                "_t": "13:40:41",
                "_end": "-",
                "data": {
                    "key": "space"
                }
            },
            {
                "time": "2019-09-16T19:40:42.970Z",
                "type": "PAUSE",
                "source": "hotkey",
                "_t": "13:40:42",
                "_end": "-",
                "data": {
                    "key": "space"
                }
            },
            {
                "time": "2019-09-16T19:40:43.740Z",
                "type": "PLAY",
                "source": "hotkey",
                "_t": "13:40:43",
                "_end": "-",
                "data": {
                    "key": "space"
                }
            },
            {
                "time": "2019-09-16T19:40:47.915Z",
                "type": "PAUSE",
                "source": "hotkey",
                "_t": "13:40:47",
                "_end": "-",
                "data": {
                    "key": "space"
                }
            },
            {
                "time": "2019-09-16T19:40:48.585Z",
                "type": "PLAY",
                "source": "hotkey",
                "_t": "13:40:48",
                "_end": "-",
                "data": {
                    "key": "space"
                }
            },
            {
                "time": "2019-09-16T19:40:48.730Z",
                "type": "PAUSE",
                "source": "hotkey",
                "_t": "13:40:48",
                "_end": "-",
                "data": {
                    "key": "space"
                }
            },
            {
                "time": "2019-09-16T19:40:50.519Z",
                "type": "PLAY",
                "source": "hotkey",
                "_t": "13:40:50",
                "_end": "-",
                "data": {
                    "key": "space"
                }
            },
            {
                "time": "2019-09-16T19:40:51.542Z",
                "type": "PAUSE",
                "source": "hotkey",
                "_t": "13:40:51",
                "_end": "-",
                "data": {
                    "key": "space"
                }
            },
            {
                "time": "2019-09-16T19:40:52.252Z",
                "type": "PLAY",
                "source": "hotkey",
                "_t": "13:40:52",
                "_end": "-",
                "data": {
                    "key": "space"
                }
            },
            {
                "time": "2019-09-16T19:40:58.552Z",
                "type": "PAUSE",
                "source": "hotkey",
                "_t": "13:40:58",
                "_end": "-",
                "data": {
                    "key": "space"
                }
            },
            {
                "time": {
                    "start": "2019-09-16T19:39:08.674Z",
                    "end": "2019-09-16T19:40:59.906Z"
                },
                "type": "SCRUB",
                "source": "data:drag",
                "_t": "13:39:08",
                "_end": "13:40:59",
                "data": {
                    "time": 12.59
                }
            },
            {
                "time": {
                    "start": "2019-09-16T19:39:08.674Z",
                    "end": "2019-09-16T19:41:03.015Z"
                },
                "type": "SCRUB",
                "source": "data:drag",
                "_t": "13:39:08",
                "_end": "13:41:03",
                "data": {
                    "time": 12.59
                }
            },
            {
                "time": {
                    "start": "2019-09-16T19:39:08.674Z",
                    "end": "2019-09-16T19:41:03.167Z"
                },
                "type": "SCRUB",
                "source": "data:drag",
                "_t": "13:39:08",
                "_end": "13:41:03",
                "data": {
                    "time": 12.59
                }
            },
            {
                "time": "2019-09-16T19:41:03.173Z",
                "type": "JUMP",
                "source": "data:dblclick:h_pos",
                "_t": "13:41:03",
                "_end": "-",
                "data": {
                    "from": 12.59,
                    "to": 12.06632821015371
                }
            },
            {
                "time": "2019-09-16T19:41:05.065Z",
                "type": "PLAY",
                "source": "hotkey",
                "_t": "13:41:05",
                "_end": "-",
                "data": {
                    "key": "space"
                }
            },
            {
                "time": "2019-09-16T19:41:06.120Z",
                "type": "PAUSE",
                "source": "hotkey",
                "_t": "13:41:06",
                "_end": "-",
                "data": {
                    "key": "space"
                }
            },
            {
                "time": {
                    "start": "2019-09-16T19:39:08.674Z",
                    "end": "2019-09-16T19:41:07.691Z"
                },
                "type": "SCRUB",
                "source": "data:drag",
                "_t": "13:39:08",
                "_end": "13:41:07",
                "data": {
                    "time": 12.306
                }
            },
            {
                "time": {
                    "start": "2019-09-16T19:39:08.674Z",
                    "end": "2019-09-16T19:41:07.848Z"
                },
                "type": "SCRUB",
                "source": "data:drag",
                "_t": "13:39:08",
                "_end": "13:41:07",
                "data": {
                    "time": 12.306
                }
            },
            {
                "time": "2019-09-16T19:41:07.870Z",
                "type": "JUMP",
                "source": "data:dblclick:h_pos",
                "_t": "13:41:07",
                "_end": "-",
                "data": {
                    "from": 12.306,
                    "to": 12.073783550203906
                }
            },
            {
                "time": "2019-09-16T19:41:08.957Z",
                "type": "PLAY",
                "source": "hotkey",
                "_t": "13:41:08",
                "_end": "-",
                "data": {
                    "key": "space"
                }
            },
            {
                "time": "2019-09-16T19:41:10.319Z",
                "type": "PAUSE",
                "source": "hotkey",
                "_t": "13:41:10",
                "_end": "-",
                "data": {
                    "key": "space"
                }
            },
            {
                "time": "2019-09-16T19:41:11.881Z",
                "type": "PLAY",
                "source": "hotkey",
                "_t": "13:41:11",
                "_end": "-",
                "data": {
                    "key": "space"
                }
            },
            {
                "time": "2019-09-16T19:41:16.089Z",
                "type": "PAUSE",
                "source": "hotkey",
                "_t": "13:41:16",
                "_end": "-",
                "data": {
                    "key": "space"
                }
            },
            {
                "time": "2019-09-16T19:41:19.339Z",
                "type": "PLAY",
                "source": "hotkey",
                "_t": "13:41:19",
                "_end": "-",
                "data": {
                    "key": "space"
                }
            },
            {
                "time": "2019-09-16T19:41:20.343Z",
                "type": "PAUSE",
                "source": "hotkey",
                "_t": "13:41:20",
                "_end": "-",
                "data": {
                    "key": "space"
                }
            },
            {
                "time": "2019-09-16T19:41:22.393Z",
                "type": "PLAY",
                "source": "hotkey",
                "_t": "13:41:22",
                "_end": "-",
                "data": {
                    "key": "space"
                }
            },
            {
                "time": "2019-09-16T19:41:26.596Z",
                "type": "PAUSE",
                "source": "hotkey",
                "_t": "13:41:26",
                "_end": "-",
                "data": {
                    "key": "space"
                }
            },
            {
                "time": "2019-09-16T19:41:28.600Z",
                "type": "PLAY",
                "source": "hotkey",
                "_t": "13:41:28",
                "_end": "-",
                "data": {
                    "key": "space"
                }
            },
            {
                "time": "2019-09-16T19:41:29.785Z",
                "type": "PAUSE",
                "source": "hotkey",
                "_t": "13:41:29",
                "_end": "-",
                "data": {
                    "key": "space"
                }
            },
            {
                "time": "2019-09-16T19:41:30.490Z",
                "type": "PLAY",
                "source": "hotkey",
                "_t": "13:41:30",
                "_end": "-",
                "data": {
                    "key": "space"
                }
            },
            {
                "time": "2019-09-16T19:41:34.490Z",
                "type": "PAUSE",
                "source": "hotkey",
                "_t": "13:41:34",
                "_end": "-",
                "data": {
                    "key": "space"
                }
            },
            {
                "time": "2019-09-16T19:41:34.954Z",
                "type": "PLAY",
                "source": "hotkey",
                "_t": "13:41:34",
                "_end": "-",
                "data": {
                    "key": "space"
                }
            },
            {
                "time": "2019-09-16T19:41:35.098Z",
                "type": "PAUSE",
                "source": "hotkey",
                "_t": "13:41:35",
                "_end": "-",
                "data": {
                    "key": "space"
                }
            },
            {
                "time": "2019-09-16T19:41:35.783Z",
                "type": "PLAY",
                "source": "hotkey",
                "_t": "13:41:35",
                "_end": "-",
                "data": {
                    "key": "space"
                }
            },
            {
                "time": "2019-09-16T19:41:35.912Z",
                "type": "PAUSE",
                "source": "hotkey",
                "_t": "13:41:35",
                "_end": "-",
                "data": {
                    "key": "space"
                }
            },
            {
                "time": "2019-09-16T19:41:37.754Z",
                "type": "PLAY",
                "source": "hotkey",
                "_t": "13:41:37",
                "_end": "-",
                "data": {
                    "key": "space"
                }
            },
            {
                "time": "2019-09-16T19:41:39.001Z",
                "type": "PAUSE",
                "source": "hotkey",
                "_t": "13:41:39",
                "_end": "-",
                "data": {
                    "key": "space"
                }
            },
            {
                "time": "2019-09-16T19:41:40.166Z",
                "type": "PLAY",
                "source": "hotkey",
                "_t": "13:41:40",
                "_end": "-",
                "data": {
                    "key": "space"
                }
            },
            {
                "time": "2019-09-16T19:41:44.331Z",
                "type": "PAUSE",
                "source": "hotkey",
                "_t": "13:41:44",
                "_end": "-",
                "data": {
                    "key": "space"
                }
            },
            {
                "time": "2019-09-16T19:41:45.387Z",
                "type": "PLAY",
                "source": "hotkey",
                "_t": "13:41:45",
                "_end": "-",
                "data": {
                    "key": "space"
                }
            },
            {
                "time": "2019-09-16T19:41:46.726Z",
                "type": "PAUSE",
                "source": "hotkey",
                "_t": "13:41:46",
                "_end": "-",
                "data": {
                    "key": "space"
                }
            },
            {
                "time": "2019-09-16T19:41:47.486Z",
                "type": "PLAY",
                "source": "hotkey",
                "_t": "13:41:47",
                "_end": "-",
                "data": {
                    "key": "space"
                }
            },
            {
                "time": "2019-09-16T19:41:51.704Z",
                "type": "PAUSE",
                "source": "hotkey",
                "_t": "13:41:51",
                "_end": "-",
                "data": {
                    "key": "space"
                }
            },
            {
                "time": "2019-09-16T19:41:52.427Z",
                "type": "PLAY",
                "source": "hotkey",
                "_t": "13:41:52",
                "_end": "-",
                "data": {
                    "key": "space"
                }
            },
            {
                "time": "2019-09-16T19:41:53.499Z",
                "type": "PAUSE",
                "source": "hotkey",
                "_t": "13:41:53",
                "_end": "-",
                "data": {
                    "key": "space"
                }
            },
            {
                "time": "2019-09-16T19:41:54.232Z",
                "type": "PLAY",
                "source": "hotkey",
                "_t": "13:41:54",
                "_end": "-",
                "data": {
                    "key": "space"
                }
            },
            {
                "time": "2019-09-16T19:41:58.488Z",
                "type": "PAUSE",
                "source": "hotkey",
                "_t": "13:41:58",
                "_end": "-",
                "data": {
                    "key": "space"
                }
            },
            {
                "time": "2019-09-16T19:41:59.465Z",
                "type": "PLAY",
                "source": "hotkey",
                "_t": "13:41:59",
                "_end": "-",
                "data": {
                    "key": "space"
                }
            },
            {
                "time": "2019-09-16T19:42:00.703Z",
                "type": "PAUSE",
                "source": "hotkey",
                "_t": "13:42:00",
                "_end": "-",
                "data": {
                    "key": "space"
                }
            },
            {
                "time": "2019-09-16T19:42:03.596Z",
                "type": "PLAY",
                "source": "hotkey",
                "_t": "13:42:03",
                "_end": "-",
                "data": {
                    "key": "space"
                }
            },
            {
                "time": "2019-09-16T19:42:04.221Z",
                "type": "PAUSE",
                "source": "hotkey",
                "_t": "13:42:04",
                "_end": "-",
                "data": {
                    "key": "space"
                }
            },
            {
                "time": {
                    "start": "2019-09-16T19:39:08.674Z",
                    "end": "2019-09-16T19:42:04.999Z"
                },
                "type": "SCRUB",
                "source": "data:drag",
                "_t": "13:39:08",
                "_end": "13:42:04",
                "data": {
                    "time": 20.89
                }
            },
            {
                "time": {
                    "start": "2019-09-16T19:39:08.674Z",
                    "end": "2019-09-16T19:42:09.818Z"
                },
                "type": "SCRUB",
                "source": "data:drag",
                "_t": "13:39:08",
                "_end": "13:42:09",
                "data": {
                    "time": 20.89
                }
            },
            {
                "time": {
                    "start": "2019-09-16T19:39:08.674Z",
                    "end": "2019-09-16T19:42:11.951Z"
                },
                "type": "SCRUB",
                "source": "data:drag",
                "_t": "13:39:08",
                "_end": "13:42:11",
                "data": {
                    "time": 20.89
                }
            },
            {
                "time": {
                    "start": "2019-09-16T19:39:08.674Z",
                    "end": "2019-09-16T19:42:12.120Z"
                },
                "type": "SCRUB",
                "source": "data:drag",
                "_t": "13:39:08",
                "_end": "13:42:12",
                "data": {
                    "time": 20.89
                }
            },
            {
                "time": "2019-09-16T19:42:12.127Z",
                "type": "JUMP",
                "source": "data:dblclick:h_pos",
                "_t": "13:42:12",
                "_end": "-",
                "data": {
                    "from": 20.89,
                    "to": 20.413719322356993
                }
            },
            {
                "time": "2019-09-16T19:42:12.314Z",
                "type": "PLAY",
                "source": "hotkey",
                "_t": "13:42:12",
                "_end": "-",
                "data": {
                    "key": "space"
                }
            }
        ]
    }
}