[{"time":0,"endTime":1.408,"type":"orange-on-ground","id":1},{"time":1.421219,"endTime":2.176,"type":"orange-in-air","id":2},{"time":2.209689,"endTime":3.606,"type":"orange-in-air","id":3},{"time":3.606,"endTime":3.93,"type":"orange-on-ground","id":4},{"time":3.93,"endTime":5.016369,"type":"orange-in-air","id":5},{"time":5.016369,"endTime":5.334,"type":"orange-on-ground","id":6},{"time":5.334,"endTime":6.459972,"type":"orange-in-air","id":7},{"time":6.459972,"endTime":6.740615,"type":"orange-on-ground","id":8},{"time":6.740615,"endTime":7.898,"type":"orange-in-air","id":9},{"time":7.898,"endTime":8.216,"type":"orange-on-ground","id":10},{"time":8.216,"endTime":9.266,"type":"orange-in-air","id":11},{"time":9.266,"endTime":9.582,"type":"orange-on-ground","id":12},{"time":9.582,"endTime":10.709453,"type":"orange-in-air","id":13},{"time":10.709453,"endTime":10.99,"type":"orange-on-ground","id":14},{"time":10.99,"endTime":12.068,"type":"orange-in-air","id":15},{"time":12.068,"endTime":12.068,"type":"orange-on-ground","id":17},{"time":12.073784,"endTime":12.394,"type":"orange-on-ground","id":18},{"time":12.394,"endTime":13.472,"type":"orange-in-air","id":19},{"time":13.472,"endTime":13.756,"type":"orange-on-ground","id":20},{"time":13.756,"endTime":14.834,"type":"orange-in-air","id":21},{"time":14.834,"endTime":15.154,"type":"orange-on-ground","id":22},{"time":15.154,"endTime":16.243232,"type":"orange-in-air","id":23},{"time":16.243232,"endTime":16.56,"type":"orange-on-ground","id":24},{"time":16.56,"endTime":17.606,"type":"orange-in-air","id":25},{"time":17.606,"endTime":17.967195,"type":"orange-on-ground","id":26},{"time":17.967195,"endTime":19.046,"type":"orange-in-air","id":27},{"time":19.046,"endTime":19.33,"type":"orange-on-ground","id":28},{"time":19.33,"endTime":20.408,"type":"orange-in-air","id":29},{"time":20.408,"endTime":20.408,"type":"orange-in-air","id":31}]