[{"time":0.00001,"endTime":1.1689852845528463,"type":"orange-on-ground","id":1},{"time":0.000009999999999982245,"endTime":0.00001,"type":"orange-in-air","id":2},{"time":1.192403186991842,"endTime":3.5498692032521943,"type":"orange-in-air","id":3},{"time":3.549869203252195,"endTime":3.8796772682926854,"type":"orange-on-ground","id":4},{"time":3.8796772682926854,"endTime":5.027185,"type":"orange-in-air","id":5},{"time":5.027185,"endTime":5.276981,"type":"orange-in-air","id":6},{"time":5.276981,"endTime":5.437007,"type":"orange-on-ground","id":7},{"time":5.440909829268109,"endTime":6.430342999999999,"type":"orange-in-air","id":8},{"time":6.430342999999999,"endTime":6.736735,"type":"orange-in-air","id":9},{"time":6.736735,"endTime":6.83236,"type":"orange-on-ground","id":10},{"time":6.840165308942894,"endTime":7.895951,"type":"orange-in-air","id":11},{"time":7.895951,"endTime":7.991576,"type":"orange-on-ground","id":12},{"time":7.991576,"endTime":8.173069,"type":"orange-in-air","id":13},{"time":8.175020414633114,"endTime":9.269837,"type":"orange-on-ground","id":14},{"time":9.269837,"endTime":9.543053,"type":"orange-on-ground","id":15},{"time":9.543053,"endTime":9.669903,"type":"orange-in-air","id":16},{"time":9.669903,"endTime":10.628111,"type":"orange-in-air","id":17},{"time":10.628111,"endTime":10.924745,"type":"orange-in-air","id":18},{"time":10.932551146342936,"endTime":12.039077,"type":"orange-in-air","id":19},{"time":12.039077,"endTime":12.443046,"type":"orange-on-ground","id":20},{"time":12.444997097560051,"endTime":13.422721,"type":"orange-in-air","id":21},{"time":13.428574682926762,"endTime":13.791562,"type":"orange-on-ground","id":22},{"time":13.803270471544527,"endTime":14.808316,"type":"orange-in-air","id":23},{"time":14.810267520324814,"endTime":15.223995,"type":"orange-on-ground","id":24},{"time":15.223995,"endTime":15.475744,"type":"orange-in-air","id":25}]