{
    "user_id": "blue 4",
    "session_id": "5cf0390a81249f67dd06a9d7",
    "study": "studyE",
    "workspace": "gait.gait-red",
    "details": {
        "workspace": "gait.gait-red",
        "labels": [
            {
                "time": 0.00001,
                "endTime": 1.1689852845528463,
                "type": "orange-on-ground",
                "id": 1
            },
            {
                "time": 0.000009999999999982245,
                "endTime": 0.00001,
                "type": "orange-in-air",
                "id": 2
            },
            {
                "time": 1.192403186991842,
                "endTime": 3.5498692032521943,
                "type": "orange-in-air",
                "id": 3
            },
            {
                "time": 3.549869203252195,
                "endTime": 3.8796772682926854,
                "type": "orange-on-ground",
                "id": 4
            },
            {
                "time": 3.8796772682926854,
                "endTime": 5.027185,
                "type": "orange-in-air",
                "id": 5
            },
            {
                "time": 5.027185,
                "endTime": 5.276981,
                "type": "orange-in-air",
                "id": 6
            },
            {
                "time": 5.276981,
                "endTime": 5.437007,
                "type": "orange-on-ground",
                "id": 7
            },
            {
                "time": 5.440909829268109,
                "endTime": 6.430342999999999,
                "type": "orange-in-air",
                "id": 8
            },
            {
                "time": 6.430342999999999,
                "endTime": 6.736735,
                "type": "orange-in-air",
                "id": 9
            },
            {
                "time": 6.736735,
                "endTime": 6.83236,
                "type": "orange-on-ground",
                "id": 10
            },
            {
                "time": 6.840165308942894,
                "endTime": 7.895951,
                "type": "orange-in-air",
                "id": 11
            },
            {
                "time": 7.895951,
                "endTime": 7.991576,
                "type": "orange-on-ground",
                "id": 12
            },
            {
                "time": 7.991576,
                "endTime": 8.173069,
                "type": "orange-in-air",
                "id": 13
            },
            {
                "time": 8.175020414633114,
                "endTime": 9.269837,
                "type": "orange-on-ground",
                "id": 14
            },
            {
                "time": 9.269837,
                "endTime": 9.543053,
                "type": "orange-on-ground",
                "id": 15
            },
            {
                "time": 9.543053,
                "endTime": 9.669903,
                "type": "orange-in-air",
                "id": 16
            },
            {
                "time": 9.669903,
                "endTime": 10.628111,
                "type": "orange-in-air",
                "id": 17
            },
            {
                "time": 10.628111,
                "endTime": 10.924745,
                "type": "orange-in-air",
                "id": 18
            },
            {
                "time": 10.932551146342936,
                "endTime": 12.039077,
                "type": "orange-in-air",
                "id": 19
            },
            {
                "time": 12.039077,
                "endTime": 12.443046,
                "type": "orange-on-ground",
                "id": 20
            },
            {
                "time": 12.444997097560051,
                "endTime": 13.422721,
                "type": "orange-in-air",
                "id": 21
            },
            {
                "time": 13.428574682926762,
                "endTime": 13.791562,
                "type": "orange-on-ground",
                "id": 22
            },
            {
                "time": 13.803270471544527,
                "endTime": 14.808316,
                "type": "orange-in-air",
                "id": 23
            },
            {
                "time": 14.810267520324814,
                "endTime": 15.223995,
                "type": "orange-on-ground",
                "id": 24
            },
            {
                "time": 15.223995,
                "endTime": 15.475744,
                "type": "orange-in-air",
                "id": 25
            }
        ],
        "_starts": [
            "2019-05-30T20:44:38.000Z"
        ],
        "_ends": [
            "2019-05-30T20:48:25.803Z"
        ]
    },
    "labels_file": "/home/ubuntu/vat/data/user-studies/studyE/gait-red/blue 4.labels.json",
    "videoFlash": 0.00001,
    "surveys": {
        "user-info": {
            "firstname": "Jo Yu",
            "lastname": "Wu",
            "email": "anita248846@gmail.com"
        },
        "practice-first": {
            "question1": "3",
            "question2": "okay",
            "question3": "10",
            "question4": "4"
        },
        "practice-second": {},
        "practice-third": {},
        "practice-survey": {},
        "drywall-blue": {
            "question1": "3",
            "question2": "3",
            "question3": "30",
            "question4": "40"
        },
        "drywall-red": {
            "question1": "1",
            "question2": "2",
            "question3": "30",
            "question4": "30"
        },
        "drywall-orange": {
            "question1": "3",
            "question2": "4",
            "question3": "50",
            "question4": "30"
        },
        "drywall-survey": {
            "question1": "5",
            "question2": "4",
            "question3": "5",
            "question4": "5"
        },
        "gait-blue": {
            "question1": "4",
            "question2": "4",
            "question3": "10",
            "question4": "20"
        }
    },
    "logs": {
        "labelEvents": [
            {
                "time": "2019-05-30T20:45:27.045Z",
                "type": "START",
                "source": "hotkey",
                "_t": "14:45:27",
                "_end": "-",
                "data": {
                    "type": "orange-on-ground",
                    "time": 0.00001
                }
            },
            {
                "time": "2019-05-30T20:45:28.900Z",
                "type": "END",
                "source": "data:click:h_pos",
                "_t": "14:45:28",
                "_end": "-",
                "data": {
                    "lbl": {
                        "time": 0.00001,
                        "endTime": 1.1689852845528463,
                        "type": "orange-on-ground",
                        "id": 1
                    }
                }
            },
            {
                "time": "2019-05-30T20:45:29.654Z",
                "type": "START",
                "source": "hotkey",
                "_t": "14:45:29",
                "_end": "-",
                "data": {
                    "type": "orange-in-air",
                    "time": 0.00001
                }
            },
            {
                "time": "2019-05-30T20:45:31.404Z",
                "type": "END",
                "source": "data:click:h_pos",
                "_t": "14:45:31",
                "_end": "-",
                "data": {
                    "lbl": {
                        "time": 0.000009999999999982245,
                        "endTime": 0.00001,
                        "type": "orange-in-air",
                        "id": 2
                    }
                }
            },
            {
                "time": "2019-05-30T20:45:48.028Z",
                "type": "SELECT",
                "source": "data:click",
                "_t": "14:45:48",
                "_end": "-",
                "data": {
                    "time": 0.000009999999999982245,
                    "endTime": 0.00001,
                    "type": "orange-in-air",
                    "id": 2
                }
            },
            {
                "time": {
                    "start": "2019-05-30T20:45:49.077Z",
                    "end": "2019-05-30T20:45:51.810Z"
                },
                "type": "RESIZE",
                "source": "data:brush",
                "_t": "14:45:49",
                "_end": "14:45:51",
                "data": {
                    "brushing": true,
                    "origin": [
                        0.00001,
                        2.18183699186992
                    ],
                    "_brushside": 1,
                    "start": "2019-05-30T20:45:49.077Z",
                    "ε": 0.1,
                    "mode": "resize"
                }
            },
            {
                "time": "2019-05-30T20:45:53.123Z",
                "type": "DESELECT",
                "source": "data:click",
                "_t": "14:45:53",
                "_end": "-",
                "data": {
                    "time": 0.000009999999999982245,
                    "endTime": 0.00001,
                    "type": "orange-in-air",
                    "id": 2
                }
            },
            {
                "time": "2019-05-30T20:45:54.874Z",
                "type": "START",
                "source": "side-bar:button",
                "_t": "14:45:54",
                "_end": "-",
                "data": {
                    "type": "orange-in-air",
                    "time": 2.166224
                }
            },
            {
                "time": "2019-05-30T20:45:56.445Z",
                "type": "END",
                "source": "data:click:h_pos",
                "_t": "14:45:56",
                "_end": "-",
                "data": {
                    "lbl": {
                        "time": 1.192403186991842,
                        "endTime": 3.5498692032521943,
                        "type": "orange-in-air",
                        "id": 3
                    }
                }
            },
            {
                "time": "2019-05-30T20:46:00.500Z",
                "type": "SELECT",
                "source": "data:click",
                "_t": "14:46:00",
                "_end": "-",
                "data": {
                    "time": 1.192403186991842,
                    "endTime": 3.5498692032521943,
                    "type": "orange-in-air",
                    "id": 3
                }
            },
            {
                "time": {
                    "start": "2019-05-30T20:46:01.876Z",
                    "end": "2019-05-30T20:46:03.619Z"
                },
                "type": "RESIZE",
                "source": "data:brush",
                "_t": "14:46:01",
                "_end": "14:46:03",
                "data": {
                    "brushing": true,
                    "origin": [
                        1.1924031869918739,
                        2.166224
                    ],
                    "_brushside": 1,
                    "start": "2019-05-30T20:46:01.876Z",
                    "ε": 0.1,
                    "mode": "resize"
                }
            },
            {
                "time": "2019-05-30T20:46:04.193Z",
                "type": "DESELECT",
                "source": "data:click",
                "_t": "14:46:04",
                "_end": "-",
                "data": {
                    "time": 1.192403186991842,
                    "endTime": 3.5498692032521943,
                    "type": "orange-in-air",
                    "id": 3
                }
            },
            {
                "time": "2019-05-30T20:46:10.210Z",
                "type": "START",
                "source": "side-bar:button",
                "_t": "14:46:10",
                "_end": "-",
                "data": {
                    "type": "orange-on-ground",
                    "time": 4.348048
                }
            },
            {
                "time": "2019-05-30T20:46:12.156Z",
                "type": "END",
                "source": "data:click:h_pos",
                "_t": "14:46:12",
                "_end": "-",
                "data": {
                    "lbl": {
                        "time": 3.549869203252195,
                        "endTime": 3.8796772682926854,
                        "type": "orange-on-ground",
                        "id": 4
                    }
                }
            },
            {
                "time": "2019-05-30T20:46:12.160Z",
                "type": "SELECT",
                "source": "data:click",
                "_t": "14:46:12",
                "_end": "-",
                "data": {
                    "time": 1.192403186991842,
                    "endTime": 3.5498692032521943,
                    "type": "orange-in-air",
                    "id": 3
                }
            },
            {
                "time": "2019-05-30T20:46:15.077Z",
                "type": "DESELECT",
                "source": "data:click",
                "_t": "14:46:15",
                "_end": "-",
                "data": {
                    "time": 1.192403186991842,
                    "endTime": 3.5498692032521943,
                    "type": "orange-in-air",
                    "id": 3
                }
            },
            {
                "time": "2019-05-30T20:46:16.100Z",
                "type": "SELECT",
                "source": "data:click",
                "_t": "14:46:16",
                "_end": "-",
                "data": {
                    "time": 3.549869203252195,
                    "endTime": 3.8796772682926854,
                    "type": "orange-on-ground",
                    "id": 4
                }
            },
            {
                "time": {
                    "start": "2019-05-30T20:46:16.724Z",
                    "end": "2019-05-30T20:46:17.810Z"
                },
                "type": "RESIZE",
                "source": "data:brush",
                "_t": "14:46:16",
                "_end": "14:46:17",
                "data": {
                    "brushing": true,
                    "origin": [
                        3.5498692032521943,
                        4.348048
                    ],
                    "_brushside": 1,
                    "start": "2019-05-30T20:46:16.724Z",
                    "ε": 0.1,
                    "mode": "resize"
                }
            },
            {
                "time": "2019-05-30T20:46:18.449Z",
                "type": "DESELECT",
                "source": "data:click",
                "_t": "14:46:18",
                "_end": "-",
                "data": {
                    "time": 3.549869203252195,
                    "endTime": 3.8796772682926854,
                    "type": "orange-on-ground",
                    "id": 4
                }
            },
            {
                "time": "2019-05-30T20:46:25.203Z",
                "type": "START",
                "source": "hotkey",
                "_t": "14:46:25",
                "_end": "-",
                "data": {
                    "type": "orange-in-air",
                    "time": 5.027185
                }
            },
            {
                "time": "2019-05-30T20:46:26.781Z",
                "type": "END",
                "source": "data:click:h_pos",
                "_t": "14:46:26",
                "_end": "-",
                "data": {
                    "lbl": {
                        "time": 3.8796772682926854,
                        "endTime": 5.027185,
                        "type": "orange-in-air",
                        "id": 5
                    }
                }
            },
            {
                "time": "2019-05-30T20:46:26.783Z",
                "type": "SELECT",
                "source": "data:click",
                "_t": "14:46:26",
                "_end": "-",
                "data": {
                    "time": 3.549869203252195,
                    "endTime": 3.8796772682926854,
                    "type": "orange-on-ground",
                    "id": 4
                }
            },
            {
                "time": "2019-05-30T20:46:44.372Z",
                "type": "START",
                "source": "hotkey",
                "_t": "14:46:44",
                "_end": "-",
                "data": {
                    "type": "orange-in-air",
                    "time": 5.276981
                }
            },
            {
                "time": "2019-05-30T20:46:46.101Z",
                "type": "END",
                "source": "data:click:h_pos",
                "_t": "14:46:46",
                "_end": "-",
                "data": {
                    "lbl": {
                        "time": 5.027185,
                        "endTime": 5.276981,
                        "type": "orange-in-air",
                        "id": 6
                    }
                }
            },
            {
                "time": "2019-05-30T20:46:46.103Z",
                "type": "SELECT",
                "source": "data:click",
                "_t": "14:46:46",
                "_end": "-",
                "data": {
                    "time": 3.8796772682926854,
                    "endTime": 5.027185,
                    "type": "orange-in-air",
                    "id": 5
                }
            },
            {
                "time": "2019-05-30T20:46:47.039Z",
                "type": "DESELECT",
                "source": "data:click",
                "_t": "14:46:47",
                "_end": "-",
                "data": {
                    "time": 3.8796772682926854,
                    "endTime": 5.027185,
                    "type": "orange-in-air",
                    "id": 5
                }
            },
            {
                "time": "2019-05-30T20:46:50.756Z",
                "type": "START",
                "source": "hotkey",
                "_t": "14:46:50",
                "_end": "-",
                "data": {
                    "type": "orange-on-ground",
                    "time": 5.437007
                }
            },
            {
                "time": "2019-05-30T20:46:52.013Z",
                "type": "END",
                "source": "data:click:h_pos",
                "_t": "14:46:52",
                "_end": "-",
                "data": {
                    "lbl": {
                        "time": 5.276981,
                        "endTime": 5.437007,
                        "type": "orange-on-ground",
                        "id": 7
                    }
                }
            },
            {
                "time": "2019-05-30T20:46:52.015Z",
                "type": "SELECT",
                "source": "data:click",
                "_t": "14:46:52",
                "_end": "-",
                "data": {
                    "time": 5.027185,
                    "endTime": 5.276981,
                    "type": "orange-in-air",
                    "id": 6
                }
            },
            {
                "time": "2019-05-30T20:46:53.275Z",
                "type": "DESELECT",
                "source": "data:click",
                "_t": "14:46:53",
                "_end": "-",
                "data": {
                    "time": 5.027185,
                    "endTime": 5.276981,
                    "type": "orange-in-air",
                    "id": 6
                }
            },
            {
                "time": "2019-05-30T20:46:58.228Z",
                "type": "START",
                "source": "hotkey",
                "_t": "14:46:58",
                "_end": "-",
                "data": {
                    "type": "orange-in-air",
                    "time": 6.430343
                }
            },
            {
                "time": "2019-05-30T20:46:59.558Z",
                "type": "END",
                "source": "data:click:h_pos",
                "_t": "14:46:59",
                "_end": "-",
                "data": {
                    "lbl": {
                        "time": 5.440909829268109,
                        "endTime": 6.430342999999999,
                        "type": "orange-in-air",
                        "id": 8
                    }
                }
            },
            {
                "time": "2019-05-30T20:47:02.004Z",
                "type": "SELECT",
                "source": "data:click",
                "_t": "14:47:02",
                "_end": "-",
                "data": {
                    "time": 5.440909829268109,
                    "endTime": 6.430342999999999,
                    "type": "orange-in-air",
                    "id": 8
                }
            },
            {
                "time": {
                    "start": "2019-05-30T20:47:03.213Z",
                    "end": "2019-05-30T20:47:04.282Z"
                },
                "type": "RESIZE",
                "source": "data:brush",
                "_t": "14:47:03",
                "_end": "14:47:04",
                "data": {
                    "brushing": true,
                    "origin": [
                        5.454570642276241,
                        6.430343
                    ],
                    "start": "2019-05-30T20:47:03.213Z",
                    "ε": 0.1,
                    "mode": "resize"
                }
            },
            {
                "time": "2019-05-30T20:47:04.802Z",
                "type": "DESELECT",
                "source": "data:click",
                "_t": "14:47:04",
                "_end": "-",
                "data": {
                    "time": 5.440909829268109,
                    "endTime": 6.430342999999999,
                    "type": "orange-in-air",
                    "id": 8
                }
            },
            {
                "time": "2019-05-30T20:47:08.981Z",
                "type": "START",
                "source": "hotkey",
                "_t": "14:47:08",
                "_end": "-",
                "data": {
                    "type": "orange-in-air",
                    "time": 6.736735
                }
            },
            {
                "time": "2019-05-30T20:47:11.230Z",
                "type": "END",
                "source": "data:click:h_pos",
                "_t": "14:47:11",
                "_end": "-",
                "data": {
                    "lbl": {
                        "time": 6.430342999999999,
                        "endTime": 6.736735,
                        "type": "orange-in-air",
                        "id": 9
                    }
                }
            },
            {
                "time": "2019-05-30T20:47:11.233Z",
                "type": "SELECT",
                "source": "data:click",
                "_t": "14:47:11",
                "_end": "-",
                "data": {
                    "time": 5.440909829268109,
                    "endTime": 6.430342999999999,
                    "type": "orange-in-air",
                    "id": 8
                }
            },
            {
                "time": "2019-05-30T20:47:14.308Z",
                "type": "START",
                "source": "hotkey",
                "_t": "14:47:14",
                "_end": "-",
                "data": {
                    "type": "orange-on-ground",
                    "time": 6.83236
                }
            },
            {
                "time": "2019-05-30T20:47:15.206Z",
                "type": "END",
                "source": "data:click:h_pos",
                "_t": "14:47:15",
                "_end": "-",
                "data": {
                    "lbl": {
                        "time": 6.736735,
                        "endTime": 6.83236,
                        "type": "orange-on-ground",
                        "id": 10
                    }
                }
            },
            {
                "time": "2019-05-30T20:47:15.208Z",
                "type": "SELECT",
                "source": "data:click",
                "_t": "14:47:15",
                "_end": "-",
                "data": {
                    "time": 6.430342999999999,
                    "endTime": 6.736735,
                    "type": "orange-in-air",
                    "id": 9
                }
            },
            {
                "time": {
                    "start": "2019-05-30T20:47:15.725Z",
                    "end": "2019-05-30T20:47:16.435Z"
                },
                "type": "MOVE",
                "source": "data:brush",
                "_t": "14:47:15",
                "_end": "14:47:16",
                "data": {
                    "brushing": true,
                    "origin": [
                        6.430342999999999,
                        6.736735
                    ],
                    "start": "2019-05-30T20:47:15.725Z",
                    "ε": 0.1,
                    "mode": "move"
                }
            },
            {
                "time": "2019-05-30T20:47:17.356Z",
                "type": "DESELECT",
                "source": "data:click",
                "_t": "14:47:17",
                "_end": "-",
                "data": {
                    "time": 6.430342999999999,
                    "endTime": 6.736735,
                    "type": "orange-in-air",
                    "id": 9
                }
            },
            {
                "time": "2019-05-30T20:47:20.534Z",
                "type": "START",
                "source": "hotkey",
                "_t": "14:47:20",
                "_end": "-",
                "data": {
                    "type": "orange-in-air",
                    "time": 7.895951
                }
            },
            {
                "time": "2019-05-30T20:47:21.582Z",
                "type": "END",
                "source": "data:click:h_pos",
                "_t": "14:47:21",
                "_end": "-",
                "data": {
                    "lbl": {
                        "time": 6.840165308942894,
                        "endTime": 7.895951,
                        "type": "orange-in-air",
                        "id": 11
                    }
                }
            },
            {
                "time": "2019-05-30T20:47:23.685Z",
                "type": "START",
                "source": "hotkey",
                "_t": "14:47:23",
                "_end": "-",
                "data": {
                    "type": "orange-on-ground",
                    "time": 7.991576
                }
            },
            {
                "time": "2019-05-30T20:47:24.534Z",
                "type": "END",
                "source": "data:click:h_pos",
                "_t": "14:47:24",
                "_end": "-",
                "data": {
                    "lbl": {
                        "time": 7.895951,
                        "endTime": 7.991576,
                        "type": "orange-on-ground",
                        "id": 12
                    }
                }
            },
            {
                "time": "2019-05-30T20:47:24.536Z",
                "type": "SELECT",
                "source": "data:click",
                "_t": "14:47:24",
                "_end": "-",
                "data": {
                    "time": 6.840165308942894,
                    "endTime": 7.895951,
                    "type": "orange-in-air",
                    "id": 11
                }
            },
            {
                "time": {
                    "start": "2019-05-30T20:47:24.909Z",
                    "end": "2019-05-30T20:47:25.515Z"
                },
                "type": "MOVE",
                "source": "data:brush",
                "_t": "14:47:24",
                "_end": "14:47:25",
                "data": {
                    "brushing": true,
                    "origin": [
                        6.840165308942894,
                        7.895951
                    ],
                    "start": "2019-05-30T20:47:24.909Z",
                    "ε": 0.1,
                    "mode": "move"
                }
            },
            {
                "time": "2019-05-30T20:47:26.856Z",
                "type": "DESELECT",
                "source": "data:click",
                "_t": "14:47:26",
                "_end": "-",
                "data": {
                    "time": 6.840165308942894,
                    "endTime": 7.895951,
                    "type": "orange-in-air",
                    "id": 11
                }
            },
            {
                "time": "2019-05-30T20:47:28.437Z",
                "type": "START",
                "source": "hotkey",
                "_t": "14:47:28",
                "_end": "-",
                "data": {
                    "type": "orange-in-air",
                    "time": 8.173069
                }
            },
            {
                "time": "2019-05-30T20:47:29.447Z",
                "type": "END",
                "source": "data:click:h_pos",
                "_t": "14:47:29",
                "_end": "-",
                "data": {
                    "lbl": {
                        "time": 7.991576,
                        "endTime": 8.173069,
                        "type": "orange-in-air",
                        "id": 13
                    }
                }
            },
            {
                "time": "2019-05-30T20:47:29.449Z",
                "type": "SELECT",
                "source": "data:click",
                "_t": "14:47:29",
                "_end": "-",
                "data": {
                    "time": 7.895951,
                    "endTime": 7.991576,
                    "type": "orange-on-ground",
                    "id": 12
                }
            },
            {
                "time": "2019-05-30T20:47:32.227Z",
                "type": "START",
                "source": "hotkey",
                "_t": "14:47:32",
                "_end": "-",
                "data": {
                    "type": "orange-on-ground",
                    "time": 9.269837
                }
            },
            {
                "time": "2019-05-30T20:47:33.302Z",
                "type": "END",
                "source": "data:click:h_pos",
                "_t": "14:47:33",
                "_end": "-",
                "data": {
                    "lbl": {
                        "time": 8.175020414633114,
                        "endTime": 9.269837,
                        "type": "orange-on-ground",
                        "id": 14
                    }
                }
            },
            {
                "time": "2019-05-30T20:47:36.357Z",
                "type": "START",
                "source": "hotkey",
                "_t": "14:47:36",
                "_end": "-",
                "data": {
                    "type": "orange-on-ground",
                    "time": 9.543053
                }
            },
            {
                "time": "2019-05-30T20:47:37.167Z",
                "type": "END",
                "source": "data:click:h_pos",
                "_t": "14:47:37",
                "_end": "-",
                "data": {
                    "lbl": {
                        "time": 9.269837,
                        "endTime": 9.543053,
                        "type": "orange-on-ground",
                        "id": 15
                    }
                }
            },
            {
                "time": "2019-05-30T20:47:37.169Z",
                "type": "SELECT",
                "source": "data:click",
                "_t": "14:47:37",
                "_end": "-",
                "data": {
                    "time": 8.175020414633114,
                    "endTime": 9.269837,
                    "type": "orange-on-ground",
                    "id": 14
                }
            },
            {
                "time": "2019-05-30T20:47:38.460Z",
                "type": "START",
                "source": "hotkey",
                "_t": "14:47:38",
                "_end": "-",
                "data": {
                    "type": "orange-in-air",
                    "time": 9.669903
                }
            },
            {
                "time": "2019-05-30T20:47:39.471Z",
                "type": "END",
                "source": "data:click:h_pos",
                "_t": "14:47:39",
                "_end": "-",
                "data": {
                    "lbl": {
                        "time": 9.543053,
                        "endTime": 9.669903,
                        "type": "orange-in-air",
                        "id": 16
                    }
                }
            },
            {
                "time": "2019-05-30T20:47:39.473Z",
                "type": "SELECT",
                "source": "data:click",
                "_t": "14:47:39",
                "_end": "-",
                "data": {
                    "time": 9.269837,
                    "endTime": 9.543053,
                    "type": "orange-on-ground",
                    "id": 15
                }
            },
            {
                "time": "2019-05-30T20:47:44.166Z",
                "type": "START",
                "source": "hotkey",
                "_t": "14:47:44",
                "_end": "-",
                "data": {
                    "type": "orange-on-ground",
                    "time": 10.628111
                }
            },
            {
                "time": "2019-05-30T20:47:46.998Z",
                "type": "START",
                "source": "hotkey",
                "_t": "14:47:46",
                "_end": "-",
                "data": {
                    "type": "orange-in-air",
                    "time": 10.628111
                }
            },
            {
                "time": "2019-05-30T20:47:48.863Z",
                "type": "END",
                "source": "data:click:h_pos",
                "_t": "14:47:48",
                "_end": "-",
                "data": {
                    "lbl": {
                        "time": 9.669903,
                        "endTime": 10.628111,
                        "type": "orange-in-air",
                        "id": 17
                    }
                }
            },
            {
                "time": "2019-05-30T20:47:48.865Z",
                "type": "SELECT",
                "source": "data:click",
                "_t": "14:47:48",
                "_end": "-",
                "data": {
                    "time": 9.543053,
                    "endTime": 9.669903,
                    "type": "orange-in-air",
                    "id": 16
                }
            },
            {
                "time": "2019-05-30T20:47:49.840Z",
                "type": "DESELECT",
                "source": "data:click",
                "_t": "14:47:49",
                "_end": "-",
                "data": {
                    "time": 9.543053,
                    "endTime": 9.669903,
                    "type": "orange-in-air",
                    "id": 16
                }
            },
            {
                "time": "2019-05-30T20:47:53.206Z",
                "type": "START",
                "source": "hotkey",
                "_t": "14:47:53",
                "_end": "-",
                "data": {
                    "type": "orange-on-ground",
                    "time": 10.924745
                }
            },
            {
                "time": "2019-05-30T20:47:54.550Z",
                "type": "START",
                "source": "hotkey",
                "_t": "14:47:54",
                "_end": "-",
                "data": {
                    "type": "orange-in-air",
                    "time": 10.924745
                }
            },
            {
                "time": "2019-05-30T20:47:55.254Z",
                "type": "START",
                "source": "hotkey",
                "_t": "14:47:55",
                "_end": "-",
                "data": {
                    "type": "orange-in-air",
                    "time": 10.924745
                }
            },
            {
                "time": "2019-05-30T20:47:55.878Z",
                "type": "START",
                "source": "hotkey",
                "_t": "14:47:55",
                "_end": "-",
                "data": {
                    "type": "orange-in-air",
                    "time": 10.924745
                }
            },
            {
                "time": "2019-05-30T20:47:57.079Z",
                "type": "END",
                "source": "data:click:h_pos",
                "_t": "14:47:57",
                "_end": "-",
                "data": {
                    "lbl": {
                        "time": 10.628111,
                        "endTime": 10.924745,
                        "type": "orange-in-air",
                        "id": 18
                    }
                }
            },
            {
                "time": "2019-05-30T20:47:57.081Z",
                "type": "SELECT",
                "source": "data:click",
                "_t": "14:47:57",
                "_end": "-",
                "data": {
                    "time": 9.669903,
                    "endTime": 10.628111,
                    "type": "orange-in-air",
                    "id": 17
                }
            },
            {
                "time": "2019-05-30T20:48:03.942Z",
                "type": "START",
                "source": "hotkey",
                "_t": "14:48:03",
                "_end": "-",
                "data": {
                    "type": "orange-in-air",
                    "time": 12.039077
                }
            },
            {
                "time": "2019-05-30T20:48:04.831Z",
                "type": "END",
                "source": "data:click:h_pos",
                "_t": "14:48:04",
                "_end": "-",
                "data": {
                    "lbl": {
                        "time": 10.932551146342936,
                        "endTime": 12.039077,
                        "type": "orange-in-air",
                        "id": 19
                    }
                }
            },
            {
                "time": "2019-05-30T20:48:06.855Z",
                "type": "START",
                "source": "hotkey",
                "_t": "14:48:06",
                "_end": "-",
                "data": {
                    "type": "orange-on-ground",
                    "time": 12.443046
                }
            },
            {
                "time": "2019-05-30T20:48:07.743Z",
                "type": "END",
                "source": "data:click:h_pos",
                "_t": "14:48:07",
                "_end": "-",
                "data": {
                    "lbl": {
                        "time": 12.039077,
                        "endTime": 12.443046,
                        "type": "orange-on-ground",
                        "id": 20
                    }
                }
            },
            {
                "time": "2019-05-30T20:48:07.748Z",
                "type": "SELECT",
                "source": "data:click",
                "_t": "14:48:07",
                "_end": "-",
                "data": {
                    "time": 10.932551146342936,
                    "endTime": 12.039077,
                    "type": "orange-in-air",
                    "id": 19
                }
            },
            {
                "time": "2019-05-30T20:48:10.215Z",
                "type": "START",
                "source": "hotkey",
                "_t": "14:48:10",
                "_end": "-",
                "data": {
                    "type": "orange-in-air",
                    "time": 13.422721
                }
            },
            {
                "time": "2019-05-30T20:48:11.159Z",
                "type": "END",
                "source": "data:click:h_pos",
                "_t": "14:48:11",
                "_end": "-",
                "data": {
                    "lbl": {
                        "time": 12.444997097560051,
                        "endTime": 13.422721,
                        "type": "orange-in-air",
                        "id": 21
                    }
                }
            },
            {
                "time": "2019-05-30T20:48:12.788Z",
                "type": "START",
                "source": "hotkey",
                "_t": "14:48:12",
                "_end": "-",
                "data": {
                    "type": "orange-on-ground",
                    "time": 13.791562
                }
            },
            {
                "time": "2019-05-30T20:48:13.520Z",
                "type": "END",
                "source": "data:click:h_pos",
                "_t": "14:48:13",
                "_end": "-",
                "data": {
                    "lbl": {
                        "time": 13.428574682926762,
                        "endTime": 13.791562,
                        "type": "orange-on-ground",
                        "id": 22
                    }
                }
            },
            {
                "time": "2019-05-30T20:48:15.190Z",
                "type": "START",
                "source": "hotkey",
                "_t": "14:48:15",
                "_end": "-",
                "data": {
                    "type": "orange-in-air",
                    "time": 14.808316
                }
            },
            {
                "time": "2019-05-30T20:48:16.162Z",
                "type": "END",
                "source": "data:click:h_pos",
                "_t": "14:48:16",
                "_end": "-",
                "data": {
                    "lbl": {
                        "time": 13.803270471544527,
                        "endTime": 14.808316,
                        "type": "orange-in-air",
                        "id": 23
                    }
                }
            },
            {
                "time": "2019-05-30T20:48:17.608Z",
                "type": "START",
                "source": "hotkey",
                "_t": "14:48:17",
                "_end": "-",
                "data": {
                    "type": "orange-on-ground",
                    "time": 15.223995
                }
            },
            {
                "time": "2019-05-30T20:48:18.354Z",
                "type": "END",
                "source": "data:click:h_pos",
                "_t": "14:48:18",
                "_end": "-",
                "data": {
                    "lbl": {
                        "time": 14.810267520324814,
                        "endTime": 15.223995,
                        "type": "orange-on-ground",
                        "id": 24
                    }
                }
            },
            {
                "time": "2019-05-30T20:48:20.073Z",
                "type": "START",
                "source": "hotkey",
                "_t": "14:48:20",
                "_end": "-",
                "data": {
                    "type": "orange-in-air",
                    "time": 15.475744
                }
            },
            {
                "time": "2019-05-30T20:48:20.625Z",
                "type": "END",
                "source": "data:click:h_pos",
                "_t": "14:48:20",
                "_end": "-",
                "data": {
                    "lbl": {
                        "time": 15.223995,
                        "endTime": 15.475744,
                        "type": "orange-in-air",
                        "id": 25
                    }
                }
            },
            {
                "time": "2019-05-30T20:48:20.631Z",
                "type": "SELECT",
                "source": "data:click",
                "_t": "14:48:20",
                "_end": "-",
                "data": {
                    "time": 14.810267520324814,
                    "endTime": 15.223995,
                    "type": "orange-on-ground",
                    "id": 24
                }
            },
            {
                "time": "2019-05-30T20:48:23.033Z",
                "type": "DESELECT",
                "source": "data:click",
                "_t": "14:48:23",
                "_end": "-",
                "data": {
                    "time": 14.810267520324814,
                    "endTime": 15.223995,
                    "type": "orange-on-ground",
                    "id": 24
                }
            },
            {
                "time": "2019-05-30T20:48:24.636Z",
                "type": "START",
                "source": "side-bar:button",
                "_t": "14:48:24",
                "_end": "-",
                "data": {
                    "type": "orange-on-ground",
                    "time": 15.53429
                }
            }
        ],
        "navigationEvents": [
            {
                "time": {
                    "start": "2019-05-30T20:44:38.227Z",
                    "end": "2019-05-30T20:45:28.898Z"
                },
                "type": "SCRUB",
                "source": "data:drag",
                "_t": "14:44:38",
                "_end": "14:45:28",
                "data": {
                    "time": 0.00001
                }
            },
            {
                "time": {
                    "start": "2019-05-30T20:44:38.227Z",
                    "end": "2019-05-30T20:45:31.401Z"
                },
                "type": "SCRUB",
                "source": "data:drag",
                "_t": "14:44:38",
                "_end": "14:45:31",
                "data": {
                    "time": 0.00001
                }
            },
            {
                "time": {
                    "start": "2019-05-30T20:44:38.227Z",
                    "end": "2019-05-30T20:45:34.252Z"
                },
                "type": "SCRUB",
                "source": "data:drag",
                "_t": "14:44:38",
                "_end": "14:45:34",
                "data": {
                    "time": 2.166224
                }
            },
            {
                "time": {
                    "start": "2019-05-30T20:44:38.227Z",
                    "end": "2019-05-30T20:45:41.817Z"
                },
                "type": "SCRUB",
                "source": "data:drag",
                "_t": "14:44:38",
                "_end": "14:45:41",
                "data": {
                    "time": 2.166224
                }
            },
            {
                "time": {
                    "start": "2019-05-30T20:44:38.227Z",
                    "end": "2019-05-30T20:45:42.360Z"
                },
                "type": "SCRUB",
                "source": "data:drag",
                "_t": "14:44:38",
                "_end": "14:45:42",
                "data": {
                    "time": 2.166224
                }
            },
            {
                "time": {
                    "start": "2019-05-30T20:44:38.227Z",
                    "end": "2019-05-30T20:45:43.321Z"
                },
                "type": "SCRUB",
                "source": "data:drag",
                "_t": "14:44:38",
                "_end": "14:45:43",
                "data": {
                    "time": 2.166224
                }
            },
            {
                "time": {
                    "start": "2019-05-30T20:44:38.227Z",
                    "end": "2019-05-30T20:45:48.026Z"
                },
                "type": "SCRUB",
                "source": "data:drag",
                "_t": "14:44:38",
                "_end": "14:45:48",
                "data": {
                    "time": 2.166224
                }
            },
            {
                "time": {
                    "start": "2019-05-30T20:44:38.227Z",
                    "end": "2019-05-30T20:45:51.818Z"
                },
                "type": "SCRUB",
                "source": "data:drag",
                "_t": "14:44:38",
                "_end": "14:45:51",
                "data": {
                    "time": 2.166224
                }
            },
            {
                "time": {
                    "start": "2019-05-30T20:44:38.227Z",
                    "end": "2019-05-30T20:45:53.122Z"
                },
                "type": "SCRUB",
                "source": "data:drag",
                "_t": "14:44:38",
                "_end": "14:45:53",
                "data": {
                    "time": 2.166224
                }
            },
            {
                "time": {
                    "start": "2019-05-30T20:44:38.227Z",
                    "end": "2019-05-30T20:45:53.650Z"
                },
                "type": "SCRUB",
                "source": "data:drag",
                "_t": "14:44:38",
                "_end": "14:45:53",
                "data": {
                    "time": 2.166224
                }
            },
            {
                "time": {
                    "start": "2019-05-30T20:44:38.227Z",
                    "end": "2019-05-30T20:45:54.066Z"
                },
                "type": "SCRUB",
                "source": "data:drag",
                "_t": "14:44:38",
                "_end": "14:45:54",
                "data": {
                    "time": 2.166224
                }
            },
            {
                "time": {
                    "start": "2019-05-30T20:44:38.227Z",
                    "end": "2019-05-30T20:45:56.443Z"
                },
                "type": "SCRUB",
                "source": "data:drag",
                "_t": "14:44:38",
                "_end": "14:45:56",
                "data": {
                    "time": 2.166224
                }
            },
            {
                "time": {
                    "start": "2019-05-30T20:44:38.227Z",
                    "end": "2019-05-30T20:45:57.698Z"
                },
                "type": "SCRUB",
                "source": "data:drag",
                "_t": "14:44:38",
                "_end": "14:45:57",
                "data": {
                    "time": 2.160369
                }
            },
            {
                "time": {
                    "start": "2019-05-30T20:44:38.227Z",
                    "end": "2019-05-30T20:45:59.176Z"
                },
                "type": "SCRUB",
                "source": "data:drag",
                "_t": "14:44:38",
                "_end": "14:45:59",
                "data": {
                    "time": 1.65687
                }
            },
            {
                "time": {
                    "start": "2019-05-30T20:44:38.227Z",
                    "end": "2019-05-30T20:45:59.722Z"
                },
                "type": "SCRUB",
                "source": "data:drag",
                "_t": "14:44:38",
                "_end": "14:45:59",
                "data": {
                    "time": 1.64516
                }
            },
            {
                "time": {
                    "start": "2019-05-30T20:44:38.227Z",
                    "end": "2019-05-30T20:46:00.498Z"
                },
                "type": "SCRUB",
                "source": "data:drag",
                "_t": "14:44:38",
                "_end": "14:46:00",
                "data": {
                    "time": 1.64516
                }
            },
            {
                "time": {
                    "start": "2019-05-30T20:44:38.227Z",
                    "end": "2019-05-30T20:46:03.636Z"
                },
                "type": "SCRUB",
                "source": "data:drag",
                "_t": "14:44:38",
                "_end": "14:46:03",
                "data": {
                    "time": 1.64516
                }
            },
            {
                "time": {
                    "start": "2019-05-30T20:44:38.227Z",
                    "end": "2019-05-30T20:46:04.192Z"
                },
                "type": "SCRUB",
                "source": "data:drag",
                "_t": "14:44:38",
                "_end": "14:46:04",
                "data": {
                    "time": 1.64516
                }
            },
            {
                "time": {
                    "start": "2019-05-30T20:44:38.227Z",
                    "end": "2019-05-30T20:46:05.136Z"
                },
                "type": "SCRUB",
                "source": "data:drag",
                "_t": "14:44:38",
                "_end": "14:46:05",
                "data": {
                    "time": 2.250138
                }
            },
            {
                "time": {
                    "start": "2019-05-30T20:44:38.227Z",
                    "end": "2019-05-30T20:46:06.826Z"
                },
                "type": "SCRUB",
                "source": "data:drag",
                "_t": "14:44:38",
                "_end": "14:46:06",
                "data": {
                    "time": 4.348048
                }
            },
            {
                "time": {
                    "start": "2019-05-30T20:44:38.227Z",
                    "end": "2019-05-30T20:46:12.154Z"
                },
                "type": "SCRUB",
                "source": "data:drag",
                "_t": "14:44:38",
                "_end": "14:46:12",
                "data": {
                    "time": 4.348048
                }
            },
            {
                "time": {
                    "start": "2019-05-30T20:44:38.227Z",
                    "end": "2019-05-30T20:46:14.509Z"
                },
                "type": "SCRUB",
                "source": "data:drag",
                "_t": "14:44:38",
                "_end": "14:46:14",
                "data": {
                    "time": 3.88358
                }
            },
            {
                "time": {
                    "start": "2019-05-30T20:44:38.227Z",
                    "end": "2019-05-30T20:46:15.076Z"
                },
                "type": "SCRUB",
                "source": "data:drag",
                "_t": "14:44:38",
                "_end": "14:46:15",
                "data": {
                    "time": 3.88358
                }
            },
            {
                "time": {
                    "start": "2019-05-30T20:44:38.227Z",
                    "end": "2019-05-30T20:46:16.098Z"
                },
                "type": "SCRUB",
                "source": "data:drag",
                "_t": "14:44:38",
                "_end": "14:46:16",
                "data": {
                    "time": 3.88358
                }
            },
            {
                "time": {
                    "start": "2019-05-30T20:44:38.227Z",
                    "end": "2019-05-30T20:46:17.826Z"
                },
                "type": "SCRUB",
                "source": "data:drag",
                "_t": "14:44:38",
                "_end": "14:46:17",
                "data": {
                    "time": 3.88358
                }
            },
            {
                "time": {
                    "start": "2019-05-30T20:44:38.227Z",
                    "end": "2019-05-30T20:46:18.448Z"
                },
                "type": "SCRUB",
                "source": "data:drag",
                "_t": "14:44:38",
                "_end": "14:46:18",
                "data": {
                    "time": 3.88358
                }
            },
            {
                "time": {
                    "start": "2019-05-30T20:44:38.227Z",
                    "end": "2019-05-30T20:46:24.730Z"
                },
                "type": "SCRUB",
                "source": "data:drag",
                "_t": "14:44:38",
                "_end": "14:46:24",
                "data": {
                    "time": 5.027185
                }
            },
            {
                "time": {
                    "start": "2019-05-30T20:44:38.227Z",
                    "end": "2019-05-30T20:46:26.778Z"
                },
                "type": "SCRUB",
                "source": "data:drag",
                "_t": "14:44:38",
                "_end": "14:46:26",
                "data": {
                    "time": 5.027185
                }
            },
            {
                "time": {
                    "start": "2019-05-30T20:44:38.227Z",
                    "end": "2019-05-30T20:46:33.420Z"
                },
                "type": "SCRUB",
                "source": "data:drag",
                "_t": "14:44:38",
                "_end": "14:46:33",
                "data": {
                    "time": 5.255515
                }
            },
            {
                "time": {
                    "start": "2019-05-30T20:44:38.227Z",
                    "end": "2019-05-30T20:46:42.688Z"
                },
                "type": "SCRUB",
                "source": "data:drag",
                "_t": "14:44:38",
                "_end": "14:46:42",
                "data": {
                    "time": 5.276981
                }
            },
            {
                "time": {
                    "start": "2019-05-30T20:44:38.227Z",
                    "end": "2019-05-30T20:46:46.098Z"
                },
                "type": "SCRUB",
                "source": "data:drag",
                "_t": "14:44:38",
                "_end": "14:46:46",
                "data": {
                    "time": 5.276981
                }
            },
            {
                "time": {
                    "start": "2019-05-30T20:44:38.227Z",
                    "end": "2019-05-30T20:46:47.039Z"
                },
                "type": "SCRUB",
                "source": "data:drag",
                "_t": "14:44:38",
                "_end": "14:46:47",
                "data": {
                    "time": 5.276981
                }
            },
            {
                "time": {
                    "start": "2019-05-30T20:44:38.227Z",
                    "end": "2019-05-30T20:46:49.554Z"
                },
                "type": "SCRUB",
                "source": "data:drag",
                "_t": "14:44:38",
                "_end": "14:46:49",
                "data": {
                    "time": 5.437007
                }
            },
            {
                "time": {
                    "start": "2019-05-30T20:44:38.227Z",
                    "end": "2019-05-30T20:46:52.011Z"
                },
                "type": "SCRUB",
                "source": "data:drag",
                "_t": "14:44:38",
                "_end": "14:46:52",
                "data": {
                    "time": 5.437007
                }
            },
            {
                "time": {
                    "start": "2019-05-30T20:44:38.227Z",
                    "end": "2019-05-30T20:46:53.274Z"
                },
                "type": "SCRUB",
                "source": "data:drag",
                "_t": "14:44:38",
                "_end": "14:46:53",
                "data": {
                    "time": 5.437007
                }
            },
            {
                "time": {
                    "start": "2019-05-30T20:44:38.227Z",
                    "end": "2019-05-30T20:46:55.418Z"
                },
                "type": "SCRUB",
                "source": "data:drag",
                "_t": "14:44:38",
                "_end": "14:46:55",
                "data": {
                    "time": 6.430343
                }
            },
            {
                "time": {
                    "start": "2019-05-30T20:44:38.227Z",
                    "end": "2019-05-30T20:46:59.555Z"
                },
                "type": "SCRUB",
                "source": "data:drag",
                "_t": "14:44:38",
                "_end": "14:46:59",
                "data": {
                    "time": 6.430343
                }
            },
            {
                "time": {
                    "start": "2019-05-30T20:44:38.227Z",
                    "end": "2019-05-30T20:47:01.305Z"
                },
                "type": "SCRUB",
                "source": "data:drag",
                "_t": "14:44:38",
                "_end": "14:47:01",
                "data": {
                    "time": 6.736735
                }
            },
            {
                "time": {
                    "start": "2019-05-30T20:44:38.227Z",
                    "end": "2019-05-30T20:47:02.002Z"
                },
                "type": "SCRUB",
                "source": "data:drag",
                "_t": "14:44:38",
                "_end": "14:47:02",
                "data": {
                    "time": 6.736735
                }
            },
            {
                "time": {
                    "start": "2019-05-30T20:44:38.227Z",
                    "end": "2019-05-30T20:47:04.289Z"
                },
                "type": "SCRUB",
                "source": "data:drag",
                "_t": "14:44:38",
                "_end": "14:47:04",
                "data": {
                    "time": 6.736735
                }
            },
            {
                "time": {
                    "start": "2019-05-30T20:44:38.227Z",
                    "end": "2019-05-30T20:47:04.801Z"
                },
                "type": "SCRUB",
                "source": "data:drag",
                "_t": "14:44:38",
                "_end": "14:47:04",
                "data": {
                    "time": 6.736735
                }
            },
            {
                "time": {
                    "start": "2019-05-30T20:44:38.227Z",
                    "end": "2019-05-30T20:47:11.227Z"
                },
                "type": "SCRUB",
                "source": "data:drag",
                "_t": "14:44:38",
                "_end": "14:47:11",
                "data": {
                    "time": 6.736735
                }
            },
            {
                "time": {
                    "start": "2019-05-30T20:44:38.227Z",
                    "end": "2019-05-30T20:47:13.066Z"
                },
                "type": "SCRUB",
                "source": "data:drag",
                "_t": "14:44:38",
                "_end": "14:47:13",
                "data": {
                    "time": 6.83236
                }
            },
            {
                "time": {
                    "start": "2019-05-30T20:44:38.227Z",
                    "end": "2019-05-30T20:47:15.203Z"
                },
                "type": "SCRUB",
                "source": "data:drag",
                "_t": "14:44:38",
                "_end": "14:47:15",
                "data": {
                    "time": 6.83236
                }
            },
            {
                "time": {
                    "start": "2019-05-30T20:44:38.227Z",
                    "end": "2019-05-30T20:47:16.454Z"
                },
                "type": "SCRUB",
                "source": "data:drag",
                "_t": "14:44:38",
                "_end": "14:47:16",
                "data": {
                    "time": 6.83236
                }
            },
            {
                "time": {
                    "start": "2019-05-30T20:44:38.227Z",
                    "end": "2019-05-30T20:47:17.355Z"
                },
                "type": "SCRUB",
                "source": "data:drag",
                "_t": "14:44:38",
                "_end": "14:47:17",
                "data": {
                    "time": 6.83236
                }
            },
            {
                "time": {
                    "start": "2019-05-30T20:44:38.227Z",
                    "end": "2019-05-30T20:47:19.843Z"
                },
                "type": "SCRUB",
                "source": "data:drag",
                "_t": "14:44:38",
                "_end": "14:47:19",
                "data": {
                    "time": 7.895951
                }
            },
            {
                "time": {
                    "start": "2019-05-30T20:44:38.227Z",
                    "end": "2019-05-30T20:47:21.579Z"
                },
                "type": "SCRUB",
                "source": "data:drag",
                "_t": "14:44:38",
                "_end": "14:47:21",
                "data": {
                    "time": 7.895951
                }
            },
            {
                "time": {
                    "start": "2019-05-30T20:44:38.227Z",
                    "end": "2019-05-30T20:47:23.499Z"
                },
                "type": "SCRUB",
                "source": "data:drag",
                "_t": "14:44:38",
                "_end": "14:47:23",
                "data": {
                    "time": 7.991576
                }
            },
            {
                "time": {
                    "start": "2019-05-30T20:44:38.227Z",
                    "end": "2019-05-30T20:47:24.531Z"
                },
                "type": "SCRUB",
                "source": "data:drag",
                "_t": "14:44:38",
                "_end": "14:47:24",
                "data": {
                    "time": 7.991576
                }
            },
            {
                "time": {
                    "start": "2019-05-30T20:44:38.227Z",
                    "end": "2019-05-30T20:47:25.522Z"
                },
                "type": "SCRUB",
                "source": "data:drag",
                "_t": "14:44:38",
                "_end": "14:47:25",
                "data": {
                    "time": 7.991576
                }
            },
            {
                "time": {
                    "start": "2019-05-30T20:44:38.227Z",
                    "end": "2019-05-30T20:47:26.856Z"
                },
                "type": "SCRUB",
                "source": "data:drag",
                "_t": "14:44:38",
                "_end": "14:47:26",
                "data": {
                    "time": 7.991576
                }
            },
            {
                "time": {
                    "start": "2019-05-30T20:44:38.227Z",
                    "end": "2019-05-30T20:47:28.027Z"
                },
                "type": "SCRUB",
                "source": "data:drag",
                "_t": "14:44:38",
                "_end": "14:47:28",
                "data": {
                    "time": 8.173069
                }
            },
            {
                "time": {
                    "start": "2019-05-30T20:44:38.227Z",
                    "end": "2019-05-30T20:47:29.443Z"
                },
                "type": "SCRUB",
                "source": "data:drag",
                "_t": "14:44:38",
                "_end": "14:47:29",
                "data": {
                    "time": 8.173069
                }
            },
            {
                "time": {
                    "start": "2019-05-30T20:44:38.227Z",
                    "end": "2019-05-30T20:47:32.144Z"
                },
                "type": "SCRUB",
                "source": "data:drag",
                "_t": "14:44:38",
                "_end": "14:47:32",
                "data": {
                    "time": 9.269837
                }
            },
            {
                "time": {
                    "start": "2019-05-30T20:44:38.227Z",
                    "end": "2019-05-30T20:47:33.301Z"
                },
                "type": "SCRUB",
                "source": "data:drag",
                "_t": "14:44:38",
                "_end": "14:47:33",
                "data": {
                    "time": 9.269837
                }
            },
            {
                "time": {
                    "start": "2019-05-30T20:44:38.227Z",
                    "end": "2019-05-30T20:47:36.035Z"
                },
                "type": "SCRUB",
                "source": "data:drag",
                "_t": "14:44:38",
                "_end": "14:47:36",
                "data": {
                    "time": 9.543053
                }
            },
            {
                "time": {
                    "start": "2019-05-30T20:44:38.227Z",
                    "end": "2019-05-30T20:47:37.163Z"
                },
                "type": "SCRUB",
                "source": "data:drag",
                "_t": "14:44:38",
                "_end": "14:47:37",
                "data": {
                    "time": 9.543053
                }
            },
            {
                "time": {
                    "start": "2019-05-30T20:44:38.227Z",
                    "end": "2019-05-30T20:47:38.248Z"
                },
                "type": "SCRUB",
                "source": "data:drag",
                "_t": "14:44:38",
                "_end": "14:47:38",
                "data": {
                    "time": 9.669903
                }
            },
            {
                "time": {
                    "start": "2019-05-30T20:44:38.227Z",
                    "end": "2019-05-30T20:47:39.467Z"
                },
                "type": "SCRUB",
                "source": "data:drag",
                "_t": "14:44:38",
                "_end": "14:47:39",
                "data": {
                    "time": 9.669903
                }
            },
            {
                "time": {
                    "start": "2019-05-30T20:44:38.227Z",
                    "end": "2019-05-30T20:47:41.867Z"
                },
                "type": "SCRUB",
                "source": "data:drag",
                "_t": "14:44:38",
                "_end": "14:47:41",
                "data": {
                    "time": 10.628111
                }
            },
            {
                "time": {
                    "start": "2019-05-30T20:44:38.227Z",
                    "end": "2019-05-30T20:47:48.859Z"
                },
                "type": "SCRUB",
                "source": "data:drag",
                "_t": "14:44:38",
                "_end": "14:47:48",
                "data": {
                    "time": 10.628111
                }
            },
            {
                "time": {
                    "start": "2019-05-30T20:44:38.227Z",
                    "end": "2019-05-30T20:47:49.840Z"
                },
                "type": "SCRUB",
                "source": "data:drag",
                "_t": "14:44:38",
                "_end": "14:47:49",
                "data": {
                    "time": 10.628111
                }
            },
            {
                "time": {
                    "start": "2019-05-30T20:44:38.227Z",
                    "end": "2019-05-30T20:47:51.539Z"
                },
                "type": "SCRUB",
                "source": "data:drag",
                "_t": "14:44:38",
                "_end": "14:47:51",
                "data": {
                    "time": 10.924745
                }
            },
            {
                "time": {
                    "start": "2019-05-30T20:44:38.227Z",
                    "end": "2019-05-30T20:47:57.076Z"
                },
                "type": "SCRUB",
                "source": "data:drag",
                "_t": "14:44:38",
                "_end": "14:47:57",
                "data": {
                    "time": 10.924745
                }
            },
            {
                "time": {
                    "start": "2019-05-30T20:44:38.227Z",
                    "end": "2019-05-30T20:48:02.012Z"
                },
                "type": "SCRUB",
                "source": "data:drag",
                "_t": "14:44:38",
                "_end": "14:48:02",
                "data": {
                    "time": 12.039077
                }
            },
            {
                "time": {
                    "start": "2019-05-30T20:44:38.227Z",
                    "end": "2019-05-30T20:48:04.827Z"
                },
                "type": "SCRUB",
                "source": "data:drag",
                "_t": "14:44:38",
                "_end": "14:48:04",
                "data": {
                    "time": 12.039077
                }
            },
            {
                "time": {
                    "start": "2019-05-30T20:44:38.227Z",
                    "end": "2019-05-30T20:48:06.587Z"
                },
                "type": "SCRUB",
                "source": "data:drag",
                "_t": "14:44:38",
                "_end": "14:48:06",
                "data": {
                    "time": 12.443046
                }
            },
            {
                "time": {
                    "start": "2019-05-30T20:44:38.227Z",
                    "end": "2019-05-30T20:48:07.739Z"
                },
                "type": "SCRUB",
                "source": "data:drag",
                "_t": "14:44:38",
                "_end": "14:48:07",
                "data": {
                    "time": 12.443046
                }
            },
            {
                "time": {
                    "start": "2019-05-30T20:44:38.227Z",
                    "end": "2019-05-30T20:48:09.582Z"
                },
                "type": "SCRUB",
                "source": "data:drag",
                "_t": "14:44:38",
                "_end": "14:48:09",
                "data": {
                    "time": 13.422721
                }
            },
            {
                "time": {
                    "start": "2019-05-30T20:44:38.227Z",
                    "end": "2019-05-30T20:48:11.156Z"
                },
                "type": "SCRUB",
                "source": "data:drag",
                "_t": "14:44:38",
                "_end": "14:48:11",
                "data": {
                    "time": 13.422721
                }
            },
            {
                "time": {
                    "start": "2019-05-30T20:44:38.227Z",
                    "end": "2019-05-30T20:48:12.699Z"
                },
                "type": "SCRUB",
                "source": "data:drag",
                "_t": "14:44:38",
                "_end": "14:48:12",
                "data": {
                    "time": 13.791562
                }
            },
            {
                "time": {
                    "start": "2019-05-30T20:44:38.227Z",
                    "end": "2019-05-30T20:48:13.516Z"
                },
                "type": "SCRUB",
                "source": "data:drag",
                "_t": "14:44:38",
                "_end": "14:48:13",
                "data": {
                    "time": 13.791562
                }
            },
            {
                "time": {
                    "start": "2019-05-30T20:44:38.227Z",
                    "end": "2019-05-30T20:48:15.172Z"
                },
                "type": "SCRUB",
                "source": "data:drag",
                "_t": "14:44:38",
                "_end": "14:48:15",
                "data": {
                    "time": 14.808316
                }
            },
            {
                "time": {
                    "start": "2019-05-30T20:44:38.227Z",
                    "end": "2019-05-30T20:48:16.158Z"
                },
                "type": "SCRUB",
                "source": "data:drag",
                "_t": "14:44:38",
                "_end": "14:48:16",
                "data": {
                    "time": 14.808316
                }
            },
            {
                "time": {
                    "start": "2019-05-30T20:44:38.227Z",
                    "end": "2019-05-30T20:48:17.574Z"
                },
                "type": "SCRUB",
                "source": "data:drag",
                "_t": "14:44:38",
                "_end": "14:48:17",
                "data": {
                    "time": 15.223995
                }
            },
            {
                "time": {
                    "start": "2019-05-30T20:44:38.227Z",
                    "end": "2019-05-30T20:48:18.350Z"
                },
                "type": "SCRUB",
                "source": "data:drag",
                "_t": "14:44:38",
                "_end": "14:48:18",
                "data": {
                    "time": 15.223995
                }
            },
            {
                "time": {
                    "start": "2019-05-30T20:44:38.227Z",
                    "end": "2019-05-30T20:48:19.915Z"
                },
                "type": "SCRUB",
                "source": "data:drag",
                "_t": "14:44:38",
                "_end": "14:48:19",
                "data": {
                    "time": 15.475744
                }
            },
            {
                "time": {
                    "start": "2019-05-30T20:44:38.227Z",
                    "end": "2019-05-30T20:48:20.620Z"
                },
                "type": "SCRUB",
                "source": "data:drag",
                "_t": "14:44:38",
                "_end": "14:48:20",
                "data": {
                    "time": 15.475744
                }
            },
            {
                "time": {
                    "start": "2019-05-30T20:44:38.227Z",
                    "end": "2019-05-30T20:48:22.735Z"
                },
                "type": "SCRUB",
                "source": "data:drag",
                "_t": "14:44:38",
                "_end": "14:48:22",
                "data": {
                    "time": 15.53429
                }
            },
            {
                "time": {
                    "start": "2019-05-30T20:44:38.227Z",
                    "end": "2019-05-30T20:48:23.032Z"
                },
                "type": "SCRUB",
                "source": "data:drag",
                "_t": "14:44:38",
                "_end": "14:48:23",
                "data": {
                    "time": 15.53429
                }
            }
        ]
    }
}