{
    "user_id": "bronze2",
    "session_id": "5d7fdf7a81249f67dd06adcf",
    "study": "studyE",
    "workspace": "gait.gait-red",
    "details": {
        "workspace": "gait.gait-red",
        "labels": [
            {
                "time": 0.00001,
                "endTime": 1.231435,
                "type": "orange-on-ground",
                "id": 1
            },
            {
                "time": 1.231435,
                "endTime": 2.193547,
                "type": "orange-in-air",
                "id": 2
            },
            {
                "time": 2.193547,
                "endTime": 2.7946222682926445,
                "type": "orange-on-ground",
                "id": 3
            },
            {
                "time": 2.796574,
                "endTime": 3.573289,
                "type": "orange-in-air",
                "id": 4
            },
            {
                "time": 3.573289,
                "endTime": 3.985065146341456,
                "type": "orange-on-ground",
                "id": 5
            },
            {
                "time": 3.987017,
                "endTime": 4.020193,
                "type": "orange-on-ground",
                "id": 6
            },
            {
                "time": 4.020193,
                "endTime": 4.98816026829268,
                "type": "orange-in-air",
                "id": 7
            },
            {
                "time": 5.003773,
                "endTime": 5.573623902439024,
                "type": "orange-on-ground",
                "id": 8
            },
            {
                "time": 5.573624,
                "endTime": 6.35034,
                "type": "orange-in-air",
                "id": 9
            },
            {
                "time": 6.35034,
                "endTime": 6.847984170731692,
                "type": "orange-on-ground",
                "id": 10
            },
            {
                "time": 6.849935,
                "endTime": 7.884253853658567,
                "type": "orange-in-air",
                "id": 11
            },
            {
                "time": 7.888157,
                "endTime": 8.219919813008115,
                "type": "orange-on-ground",
                "id": 12
            },
            {
                "time": 8.221871,
                "endTime": 9.248383544715496,
                "type": "orange-in-air",
                "id": 13
            },
            {
                "time": 9.80929282113821,
                "endTime": 9.817099,
                "type": "orange-on-ground",
                "id": 15
            },
            {
                "time": 9.253103,
                "endTime": 9.690249,
                "type": "orange-on-ground",
                "id": 16
            },
            {
                "time": 9.694153,
                "endTime": 9.801487626016243,
                "type": "orange-on-ground",
                "id": 17
            },
            {
                "time": 9.819052,
                "endTime": 10.66407,
                "type": "orange-in-air",
                "id": 18
            },
            {
                "time": 10.667974,
                "endTime": 11.107071317073327,
                "type": "orange-on-ground",
                "id": 19
            },
            {
                "time": 11.109023,
                "endTime": 11.109023,
                "type": "orange-in-air",
                "id": 21
            },
            {
                "time": 11.114878,
                "endTime": 11.940381,
                "type": "orange-in-air",
                "id": 22
            },
            {
                "time": 11.940381,
                "endTime": 12.40484941463431,
                "type": "orange-on-ground",
                "id": 23
            },
            {
                "time": 12.406801,
                "endTime": 13.384524447154487,
                "type": "orange-in-air",
                "id": 24
            },
            {
                "time": 13.386476,
                "endTime": 13.786542186991898,
                "type": "orange-on-ground",
                "id": 25
            },
            {
                "time": 13.7963,
                "endTime": 14.824763447154439,
                "type": "orange-in-air",
                "id": 26
            }
        ],
        "_starts": [
            "2019-09-16T19:38:54.000Z"
        ],
        "_ends": [
            "2019-09-16T19:42:00.796Z"
        ]
    },
    "labels_file": "/home/ubuntu/vat/data/user-studies/studyE/gait-red/bronze2.labels.json",
    "videoFlash": 0.00001,
    "surveys": {
        "user-info": {
            "firstname": "Austin",
            "lastname": "Schmidt",
            "email": "scubaaustin16@hotmail.com"
        },
        "practice-first": {
            "question1": "1",
            "question2": "okay",
            "question3": "90",
            "question4": "3"
        },
        "practice-second": {},
        "practice-third": {},
        "practice-survey": {},
        "drywall-blue": {
            "question1": "1",
            "question2": "2",
            "question3": "10",
            "question4": "50"
        },
        "drywall-red": {
            "question1": "1",
            "question2": "1",
            "question3": "0",
            "question4": "0"
        },
        "drywall-orange": {
            "question1": "3",
            "question2": "2",
            "question3": "20",
            "question4": "80"
        },
        "drywall-survey": {
            "question1": "5",
            "question2": "3",
            "question3": "4",
            "question4": "3"
        },
        "gait-blue": {
            "question1": "5",
            "question2": "5",
            "question3": "50",
            "question4": "90"
        }
    },
    "logs": {
        "labelEvents": [
            {
                "time": "2019-09-16T19:39:02.838Z",
                "type": "START",
                "source": "hotkey",
                "_t": "13:39:02",
                "_end": "-",
                "data": {
                    "type": "orange-on-ground",
                    "time": 0.00001
                }
            },
            {
                "time": "2019-09-16T19:39:18.693Z",
                "type": "END",
                "source": "hotkey:ctb",
                "_t": "13:39:18",
                "_end": "-",
                "data": {
                    "lbl": {
                        "time": 0.00001,
                        "endTime": 1.231435,
                        "type": "orange-on-ground",
                        "id": 1
                    },
                    "key": "enter"
                }
            },
            {
                "time": "2019-09-16T19:39:21.973Z",
                "type": "START",
                "source": "hotkey",
                "_t": "13:39:21",
                "_end": "-",
                "data": {
                    "type": "orange-in-air",
                    "time": 1.231435
                }
            },
            {
                "time": "2019-09-16T19:39:26.469Z",
                "type": "END",
                "source": "hotkey:ctb",
                "_t": "13:39:26",
                "_end": "-",
                "data": {
                    "lbl": {
                        "time": 1.231435,
                        "endTime": 2.193547,
                        "type": "orange-in-air",
                        "id": 2
                    },
                    "key": "enter"
                }
            },
            {
                "time": "2019-09-16T19:39:27.447Z",
                "type": "START",
                "source": "hotkey",
                "_t": "13:39:27",
                "_end": "-",
                "data": {
                    "type": "orange-on-ground",
                    "time": 2.193547
                }
            },
            {
                "time": "2019-09-16T19:39:31.894Z",
                "type": "END",
                "source": "hotkey:h_pos",
                "_t": "13:39:31",
                "_end": "-",
                "data": {
                    "lbl": {
                        "time": 2.193547,
                        "endTime": 2.7946222682926445,
                        "type": "orange-on-ground",
                        "id": 3
                    },
                    "key": "enter"
                }
            },
            {
                "time": "2019-09-16T19:39:33.208Z",
                "type": "START",
                "source": "hotkey",
                "_t": "13:39:33",
                "_end": "-",
                "data": {
                    "type": "orange-in-air",
                    "time": 2.796574
                }
            },
            {
                "time": "2019-09-16T19:39:39.558Z",
                "type": "END",
                "source": "hotkey:ctb",
                "_t": "13:39:39",
                "_end": "-",
                "data": {
                    "lbl": {
                        "time": 2.796574,
                        "endTime": 3.573289,
                        "type": "orange-in-air",
                        "id": 4
                    },
                    "key": "enter"
                }
            },
            {
                "time": "2019-09-16T19:39:40.844Z",
                "type": "START",
                "source": "hotkey",
                "_t": "13:39:40",
                "_end": "-",
                "data": {
                    "type": "orange-on-ground",
                    "time": 3.573289
                }
            },
            {
                "time": "2019-09-16T19:39:43.445Z",
                "type": "END",
                "source": "hotkey:h_pos",
                "_t": "13:39:43",
                "_end": "-",
                "data": {
                    "lbl": {
                        "time": 3.573289,
                        "endTime": 3.985065146341456,
                        "type": "orange-on-ground",
                        "id": 5
                    },
                    "key": "enter"
                }
            },
            {
                "time": "2019-09-16T19:39:48.870Z",
                "type": "START",
                "source": "hotkey",
                "_t": "13:39:48",
                "_end": "-",
                "data": {
                    "type": "orange-on-ground",
                    "time": 3.987017
                }
            },
            {
                "time": "2019-09-16T19:39:50.217Z",
                "type": "START",
                "source": "hotkey",
                "_t": "13:39:50",
                "_end": "-",
                "data": {
                    "type": "orange-in-air",
                    "time": 4.020193
                }
            },
            {
                "time": "2019-09-16T19:39:56.614Z",
                "type": "END",
                "source": "hotkey:h_pos",
                "_t": "13:39:56",
                "_end": "-",
                "data": {
                    "lbl": {
                        "time": 4.020193,
                        "endTime": 4.98816026829268,
                        "type": "orange-in-air",
                        "id": 7
                    },
                    "key": "enter"
                }
            },
            {
                "time": "2019-09-16T19:40:05.785Z",
                "type": "START",
                "source": "hotkey",
                "_t": "13:40:05",
                "_end": "-",
                "data": {
                    "type": "orange-on-ground",
                    "time": 5.003773
                }
            },
            {
                "time": "2019-09-16T19:40:08.937Z",
                "type": "END",
                "source": "hotkey:h_pos",
                "_t": "13:40:08",
                "_end": "-",
                "data": {
                    "lbl": {
                        "time": 5.003773,
                        "endTime": 5.573623902439024,
                        "type": "orange-on-ground",
                        "id": 8
                    },
                    "key": "enter"
                }
            },
            {
                "time": "2019-09-16T19:40:11.993Z",
                "type": "START",
                "source": "hotkey",
                "_t": "13:40:11",
                "_end": "-",
                "data": {
                    "type": "orange-in-air",
                    "time": 5.573624
                }
            },
            {
                "time": "2019-09-16T19:40:16.903Z",
                "type": "END",
                "source": "hotkey:ctb",
                "_t": "13:40:16",
                "_end": "-",
                "data": {
                    "lbl": {
                        "time": 5.573624,
                        "endTime": 6.35034,
                        "type": "orange-in-air",
                        "id": 9
                    },
                    "key": "enter"
                }
            },
            {
                "time": "2019-09-16T19:40:17.849Z",
                "type": "START",
                "source": "hotkey",
                "_t": "13:40:17",
                "_end": "-",
                "data": {
                    "type": "orange-on-ground",
                    "time": 6.35034
                }
            },
            {
                "time": "2019-09-16T19:40:20.711Z",
                "type": "END",
                "source": "hotkey:h_pos",
                "_t": "13:40:20",
                "_end": "-",
                "data": {
                    "lbl": {
                        "time": 6.35034,
                        "endTime": 6.847984170731692,
                        "type": "orange-on-ground",
                        "id": 10
                    },
                    "key": "enter"
                }
            },
            {
                "time": "2019-09-16T19:40:23.002Z",
                "type": "START",
                "source": "hotkey",
                "_t": "13:40:23",
                "_end": "-",
                "data": {
                    "type": "orange-in-air",
                    "time": 6.849935
                }
            },
            {
                "time": "2019-09-16T19:40:26.695Z",
                "type": "END",
                "source": "hotkey:h_pos",
                "_t": "13:40:26",
                "_end": "-",
                "data": {
                    "lbl": {
                        "time": 6.849935,
                        "endTime": 7.884253853658567,
                        "type": "orange-in-air",
                        "id": 11
                    },
                    "key": "enter"
                }
            },
            {
                "time": "2019-09-16T19:40:28.361Z",
                "type": "START",
                "source": "hotkey",
                "_t": "13:40:28",
                "_end": "-",
                "data": {
                    "type": "orange-on-ground",
                    "time": 7.888157
                }
            },
            {
                "time": "2019-09-16T19:40:37.656Z",
                "type": "END",
                "source": "hotkey:h_pos",
                "_t": "13:40:37",
                "_end": "-",
                "data": {
                    "lbl": {
                        "time": 7.888157,
                        "endTime": 8.219919813008115,
                        "type": "orange-on-ground",
                        "id": 12
                    },
                    "key": "enter"
                }
            },
            {
                "time": "2019-09-16T19:40:39.479Z",
                "type": "START",
                "source": "hotkey",
                "_t": "13:40:39",
                "_end": "-",
                "data": {
                    "type": "orange-in-air",
                    "time": 8.221871
                }
            },
            {
                "time": "2019-09-16T19:40:43.219Z",
                "type": "END",
                "source": "hotkey:h_pos",
                "_t": "13:40:43",
                "_end": "-",
                "data": {
                    "lbl": {
                        "time": 8.221871,
                        "endTime": 9.248383544715496,
                        "type": "orange-in-air",
                        "id": 13
                    },
                    "key": "enter"
                }
            },
            {
                "time": "2019-09-16T19:40:51.470Z",
                "type": "START",
                "source": "hotkey",
                "_t": "13:40:51",
                "_end": "-",
                "data": {
                    "type": "orange-in-air",
                    "time": 9.272047
                }
            },
            {
                "time": "2019-09-16T19:41:03.906Z",
                "type": "END",
                "source": "hotkey:h_pos",
                "_t": "13:41:03",
                "_end": "-",
                "data": {
                    "lbl": {
                        "time": 9.272047,
                        "endTime": 9.80929282113821,
                        "type": "orange-in-air",
                        "id": 14
                    },
                    "key": "enter"
                }
            },
            {
                "time": "2019-09-16T19:41:04.987Z",
                "type": "START",
                "source": "hotkey",
                "_t": "13:41:04",
                "_end": "-",
                "data": {
                    "type": "orange-on-ground",
                    "time": 9.817099
                }
            },
            {
                "time": "2019-09-16T19:41:07.871Z",
                "type": "END",
                "source": "data:click:h_pos",
                "_t": "13:41:07",
                "_end": "-",
                "data": {
                    "lbl": {
                        "time": 9.80929282113821,
                        "endTime": 9.817099,
                        "type": "orange-on-ground",
                        "id": 15
                    }
                }
            },
            {
                "time": "2019-09-16T19:41:07.880Z",
                "type": "SELECT",
                "source": "data:click",
                "_t": "13:41:07",
                "_end": "-",
                "data": {
                    "time": 9.272047,
                    "endTime": 9.80929282113821,
                    "type": "orange-in-air",
                    "id": 14
                }
            },
            {
                "time": "2019-09-16T19:41:08.692Z",
                "type": "DELETE",
                "source": "hotkey",
                "_t": "13:41:08",
                "_end": "-",
                "data": {
                    "id": 14,
                    "idx": 13
                }
            },
            {
                "time": "2019-09-16T19:41:10.617Z",
                "type": "START",
                "source": "hotkey",
                "_t": "13:41:10",
                "_end": "-",
                "data": {
                    "type": "orange-on-ground",
                    "time": 9.253103
                }
            },
            {
                "time": "2019-09-16T19:41:12.375Z",
                "type": "END",
                "source": "hotkey:ctb",
                "_t": "13:41:12",
                "_end": "-",
                "data": {
                    "lbl": {
                        "time": 9.253103,
                        "endTime": 9.690249,
                        "type": "orange-on-ground",
                        "id": 16
                    },
                    "key": "enter"
                }
            },
            {
                "time": "2019-09-16T19:41:13.559Z",
                "type": "START",
                "source": "hotkey",
                "_t": "13:41:13",
                "_end": "-",
                "data": {
                    "type": "orange-on-ground",
                    "time": 9.694153
                }
            },
            {
                "time": "2019-09-16T19:41:15.251Z",
                "type": "END",
                "source": "hotkey:h_pos",
                "_t": "13:41:15",
                "_end": "-",
                "data": {
                    "lbl": {
                        "time": 9.694153,
                        "endTime": 9.801487626016243,
                        "type": "orange-on-ground",
                        "id": 17
                    },
                    "key": "enter"
                }
            },
            {
                "time": "2019-09-16T19:41:17.468Z",
                "type": "START",
                "source": "hotkey",
                "_t": "13:41:17",
                "_end": "-",
                "data": {
                    "type": "orange-in-air",
                    "time": 9.819052
                }
            },
            {
                "time": "2019-09-16T19:41:20.939Z",
                "type": "END",
                "source": "hotkey:ctb",
                "_t": "13:41:20",
                "_end": "-",
                "data": {
                    "lbl": {
                        "time": 9.819052,
                        "endTime": 10.66407,
                        "type": "orange-in-air",
                        "id": 18
                    },
                    "key": "enter"
                }
            },
            {
                "time": "2019-09-16T19:41:22.300Z",
                "type": "START",
                "source": "hotkey",
                "_t": "13:41:22",
                "_end": "-",
                "data": {
                    "type": "orange-on-ground",
                    "time": 10.667974
                }
            },
            {
                "time": "2019-09-16T19:41:24.809Z",
                "type": "END",
                "source": "hotkey:h_pos",
                "_t": "13:41:24",
                "_end": "-",
                "data": {
                    "lbl": {
                        "time": 10.667974,
                        "endTime": 11.107071317073327,
                        "type": "orange-on-ground",
                        "id": 19
                    },
                    "key": "enter"
                }
            },
            {
                "time": "2019-09-16T19:41:29.163Z",
                "type": "START",
                "source": "hotkey",
                "_t": "13:41:29",
                "_end": "-",
                "data": {
                    "type": "orange-on-ground",
                    "time": 11.109023
                }
            },
            {
                "time": "2019-09-16T19:41:31.143Z",
                "type": "START",
                "source": "hotkey",
                "_t": "13:41:31",
                "_end": "-",
                "data": {
                    "type": "orange-in-air",
                    "time": 11.161715
                }
            },
            {
                "time": "2019-09-16T19:41:31.978Z",
                "type": "START",
                "source": "hotkey",
                "_t": "13:41:31",
                "_end": "-",
                "data": {
                    "type": "orange-in-air",
                    "time": 11.161715
                }
            },
            {
                "time": "2019-09-16T19:41:32.420Z",
                "type": "END",
                "source": "data:click:h_pos",
                "_t": "13:41:32",
                "_end": "-",
                "data": {
                    "lbl": {
                        "time": 11.109023,
                        "endTime": 11.109023,
                        "type": "orange-in-air",
                        "id": 21
                    }
                }
            },
            {
                "time": "2019-09-16T19:41:32.422Z",
                "type": "SELECT",
                "source": "data:click",
                "_t": "13:41:32",
                "_end": "-",
                "data": {
                    "time": 11.109023,
                    "endTime": 11.161715,
                    "type": "orange-on-ground",
                    "id": 20
                }
            },
            {
                "time": "2019-09-16T19:41:33.268Z",
                "type": "DELETE",
                "source": "hotkey",
                "_t": "13:41:33",
                "_end": "-",
                "data": {
                    "id": 20,
                    "idx": 18
                }
            },
            {
                "time": "2019-09-16T19:41:34.937Z",
                "type": "START",
                "source": "hotkey",
                "_t": "13:41:34",
                "_end": "-",
                "data": {
                    "type": "orange-in-air",
                    "time": 11.114878
                }
            },
            {
                "time": "2019-09-16T19:41:37.628Z",
                "type": "END",
                "source": "hotkey:ctb",
                "_t": "13:41:37",
                "_end": "-",
                "data": {
                    "lbl": {
                        "time": 11.114878,
                        "endTime": 11.940381,
                        "type": "orange-in-air",
                        "id": 22
                    },
                    "key": "enter"
                }
            },
            {
                "time": "2019-09-16T19:41:40.572Z",
                "type": "START",
                "source": "hotkey",
                "_t": "13:41:40",
                "_end": "-",
                "data": {
                    "type": "orange-on-ground",
                    "time": 11.940381
                }
            },
            {
                "time": "2019-09-16T19:41:43.465Z",
                "type": "END",
                "source": "hotkey:h_pos",
                "_t": "13:41:43",
                "_end": "-",
                "data": {
                    "lbl": {
                        "time": 11.940381,
                        "endTime": 12.40484941463431,
                        "type": "orange-on-ground",
                        "id": 23
                    },
                    "key": "enter"
                }
            },
            {
                "time": "2019-09-16T19:41:45.102Z",
                "type": "START",
                "source": "hotkey",
                "_t": "13:41:45",
                "_end": "-",
                "data": {
                    "type": "orange-in-air",
                    "time": 12.406801
                }
            },
            {
                "time": "2019-09-16T19:41:48.057Z",
                "type": "END",
                "source": "hotkey:h_pos",
                "_t": "13:41:48",
                "_end": "-",
                "data": {
                    "lbl": {
                        "time": 12.406801,
                        "endTime": 13.384524447154487,
                        "type": "orange-in-air",
                        "id": 24
                    },
                    "key": "enter"
                }
            },
            {
                "time": "2019-09-16T19:41:51.228Z",
                "type": "START",
                "source": "hotkey",
                "_t": "13:41:51",
                "_end": "-",
                "data": {
                    "type": "orange-on-ground",
                    "time": 13.386476
                }
            },
            {
                "time": "2019-09-16T19:41:54.952Z",
                "type": "END",
                "source": "hotkey:h_pos",
                "_t": "13:41:54",
                "_end": "-",
                "data": {
                    "lbl": {
                        "time": 13.386476,
                        "endTime": 13.786542186991898,
                        "type": "orange-on-ground",
                        "id": 25
                    },
                    "key": "enter"
                }
            },
            {
                "time": "2019-09-16T19:41:56.171Z",
                "type": "START",
                "source": "hotkey",
                "_t": "13:41:56",
                "_end": "-",
                "data": {
                    "type": "orange-in-air",
                    "time": 13.7963
                }
            },
            {
                "time": "2019-09-16T19:42:00.185Z",
                "type": "END",
                "source": "hotkey:h_pos",
                "_t": "13:42:00",
                "_end": "-",
                "data": {
                    "lbl": {
                        "time": 13.7963,
                        "endTime": 14.824763447154439,
                        "type": "orange-in-air",
                        "id": 26
                    },
                    "key": "enter"
                }
            }
        ],
        "navigationEvents": [
            {
                "time": {
                    "start": "2019-09-16T19:38:54.606Z",
                    "end": "2019-09-16T19:39:04.043Z"
                },
                "type": "SCRUB",
                "source": "data:drag",
                "_t": "13:38:54",
                "_end": "13:39:04",
                "data": {
                    "time": 1.1416636585365856
                }
            },
            {
                "time": {
                    "start": "2019-09-16T19:38:54.606Z",
                    "end": "2019-09-16T19:39:04.975Z"
                },
                "type": "SCRUB",
                "source": "data:drag",
                "_t": "13:38:54",
                "_end": "13:39:04",
                "data": {
                    "time": 1.1806945528455273
                }
            },
            {
                "time": {
                    "start": "2019-09-16T19:38:54.606Z",
                    "end": "2019-09-16T19:39:05.907Z"
                },
                "type": "SCRUB",
                "source": "data:drag",
                "_t": "13:38:54",
                "_end": "13:39:05",
                "data": {
                    "time": 1.143616
                }
            },
            {
                "time": {
                    "start": "2019-09-16T19:38:54.606Z",
                    "end": "2019-09-16T19:39:07.415Z"
                },
                "type": "SCRUB",
                "source": "data:drag",
                "_t": "13:38:54",
                "_end": "13:39:07",
                "data": {
                    "time": 1.2314351626016373
                }
            },
            {
                "time": {
                    "start": "2019-09-16T19:38:54.606Z",
                    "end": "2019-09-16T19:39:22.898Z"
                },
                "type": "SCRUB",
                "source": "data:drag",
                "_t": "13:38:54",
                "_end": "13:39:22",
                "data": {
                    "time": 1.850075
                }
            },
            {
                "time": {
                    "start": "2019-09-16T19:38:54.606Z",
                    "end": "2019-09-16T19:39:24.414Z"
                },
                "type": "SCRUB",
                "source": "data:drag",
                "_t": "13:38:54",
                "_end": "13:39:24",
                "data": {
                    "time": 1.984732
                }
            },
            {
                "time": {
                    "start": "2019-09-16T19:38:54.606Z",
                    "end": "2019-09-16T19:39:25.990Z"
                },
                "type": "SCRUB",
                "source": "data:drag",
                "_t": "13:38:54",
                "_end": "13:39:25",
                "data": {
                    "time": 2.193546544715447
                }
            },
            {
                "time": {
                    "start": "2019-09-16T19:38:54.606Z",
                    "end": "2019-09-16T19:39:28.379Z"
                },
                "type": "SCRUB",
                "source": "data:drag",
                "_t": "13:38:54",
                "_end": "13:39:28",
                "data": {
                    "time": 2.396507
                }
            },
            {
                "time": {
                    "start": "2019-09-16T19:38:54.606Z",
                    "end": "2019-09-16T19:39:29.400Z"
                },
                "type": "SCRUB",
                "source": "data:drag",
                "_t": "13:38:54",
                "_end": "13:39:29",
                "data": {
                    "time": 2.5448245447154494
                }
            },
            {
                "time": {
                    "start": "2019-09-16T19:38:54.606Z",
                    "end": "2019-09-16T19:39:30.235Z"
                },
                "type": "SCRUB",
                "source": "data:drag",
                "_t": "13:38:54",
                "_end": "13:39:30",
                "data": {
                    "time": 2.7965738130080915
                }
            },
            {
                "time": {
                    "start": "2019-09-16T19:38:54.606Z",
                    "end": "2019-09-16T19:39:33.876Z"
                },
                "type": "SCRUB",
                "source": "data:drag",
                "_t": "13:38:54",
                "_end": "13:39:33",
                "data": {
                    "time": 3.23372
                }
            },
            {
                "time": {
                    "start": "2019-09-16T19:38:54.606Z",
                    "end": "2019-09-16T19:39:35.226Z"
                },
                "type": "SCRUB",
                "source": "data:drag",
                "_t": "13:38:54",
                "_end": "13:39:35",
                "data": {
                    "time": 3.581095
                }
            },
            {
                "time": {
                    "start": "2019-09-16T19:38:54.606Z",
                    "end": "2019-09-16T19:39:35.958Z"
                },
                "type": "SCRUB",
                "source": "data:drag",
                "_t": "13:38:54",
                "_end": "13:39:35",
                "data": {
                    "time": 3.545967
                }
            },
            {
                "time": {
                    "start": "2019-09-16T19:38:54.606Z",
                    "end": "2019-09-16T19:39:37.263Z"
                },
                "type": "SCRUB",
                "source": "data:drag",
                "_t": "13:38:54",
                "_end": "13:39:37",
                "data": {
                    "time": 3.573289
                }
            },
            {
                "time": {
                    "start": "2019-09-16T19:38:54.606Z",
                    "end": "2019-09-16T19:39:41.347Z"
                },
                "type": "SCRUB",
                "source": "data:drag",
                "_t": "13:38:54",
                "_end": "13:39:41",
                "data": {
                    "time": 3.8250379024391465
                }
            },
            {
                "time": {
                    "start": "2019-09-16T19:38:54.606Z",
                    "end": "2019-09-16T19:39:42.261Z"
                },
                "type": "SCRUB",
                "source": "data:drag",
                "_t": "13:38:54",
                "_end": "13:39:42",
                "data": {
                    "time": 3.891391
                }
            },
            {
                "time": {
                    "start": "2019-09-16T19:38:54.606Z",
                    "end": "2019-09-16T19:39:42.987Z"
                },
                "type": "SCRUB",
                "source": "data:drag",
                "_t": "13:38:54",
                "_end": "13:39:42",
                "data": {
                    "time": 3.951888886178873
                }
            },
            {
                "time": {
                    "start": "2019-09-16T19:38:54.606Z",
                    "end": "2019-09-16T19:39:44.751Z"
                },
                "type": "SCRUB",
                "source": "data:drag",
                "_t": "13:38:54",
                "_end": "13:39:44",
                "data": {
                    "time": 3.996774
                }
            },
            {
                "time": {
                    "start": "2019-09-16T19:38:54.606Z",
                    "end": "2019-09-16T19:39:45.295Z"
                },
                "type": "SCRUB",
                "source": "data:drag",
                "_t": "13:38:54",
                "_end": "13:39:45",
                "data": {
                    "time": 3.977259
                }
            },
            {
                "time": {
                    "start": "2019-09-16T19:38:54.606Z",
                    "end": "2019-09-16T19:39:46.824Z"
                },
                "type": "SCRUB",
                "source": "data:drag",
                "_t": "13:38:54",
                "_end": "13:39:46",
                "data": {
                    "time": 3.985065
                }
            },
            {
                "time": {
                    "start": "2019-09-16T19:38:54.606Z",
                    "end": "2019-09-16T19:39:48.617Z"
                },
                "type": "SCRUB",
                "source": "data:drag",
                "_t": "13:38:54",
                "_end": "13:39:48",
                "data": {
                    "time": 3.987017
                }
            },
            {
                "time": {
                    "start": "2019-09-16T19:38:54.606Z",
                    "end": "2019-09-16T19:39:49.909Z"
                },
                "type": "SCRUB",
                "source": "data:drag",
                "_t": "13:38:54",
                "_end": "13:39:49",
                "data": {
                    "time": 4.020192804878192
                }
            },
            {
                "time": {
                    "start": "2019-09-16T19:38:54.606Z",
                    "end": "2019-09-16T19:39:51.947Z"
                },
                "type": "SCRUB",
                "source": "data:drag",
                "_t": "13:38:54",
                "_end": "13:39:51",
                "data": {
                    "time": 4.449533
                }
            },
            {
                "time": {
                    "start": "2019-09-16T19:38:54.606Z",
                    "end": "2019-09-16T19:39:52.827Z"
                },
                "type": "SCRUB",
                "source": "data:drag",
                "_t": "13:38:54",
                "_end": "13:39:52",
                "data": {
                    "time": 4.853503
                }
            },
            {
                "time": {
                    "start": "2019-09-16T19:38:54.606Z",
                    "end": "2019-09-16T19:39:54.026Z"
                },
                "type": "SCRUB",
                "source": "data:drag",
                "_t": "13:38:54",
                "_end": "13:39:54",
                "data": {
                    "time": 4.970596
                }
            },
            {
                "time": {
                    "start": "2019-09-16T19:38:54.606Z",
                    "end": "2019-09-16T19:39:55.848Z"
                },
                "type": "SCRUB",
                "source": "data:drag",
                "_t": "13:38:54",
                "_end": "13:39:55",
                "data": {
                    "time": 4.982306
                }
            },
            {
                "time": {
                    "start": "2019-09-16T19:38:54.606Z",
                    "end": "2019-09-16T19:40:03.378Z"
                },
                "type": "SCRUB",
                "source": "data:drag",
                "_t": "13:38:54",
                "_end": "13:40:03",
                "data": {
                    "time": 5.152090024390148
                }
            },
            {
                "time": {
                    "start": "2019-09-16T19:38:54.606Z",
                    "end": "2019-09-16T19:40:04.878Z"
                },
                "type": "SCRUB",
                "source": "data:drag",
                "_t": "13:38:54",
                "_end": "13:40:04",
                "data": {
                    "time": 4.954984
                }
            },
            {
                "time": {
                    "start": "2019-09-16T19:38:54.606Z",
                    "end": "2019-09-16T19:40:05.664Z"
                },
                "type": "SCRUB",
                "source": "data:drag",
                "_t": "13:38:54",
                "_end": "13:40:05",
                "data": {
                    "time": 5.003773
                }
            },
            {
                "time": {
                    "start": "2019-09-16T19:38:54.606Z",
                    "end": "2019-09-16T19:40:06.748Z"
                },
                "type": "SCRUB",
                "source": "data:drag",
                "_t": "13:38:54",
                "_end": "13:40:06",
                "data": {
                    "time": 5.245765
                }
            },
            {
                "time": {
                    "start": "2019-09-16T19:38:54.606Z",
                    "end": "2019-09-16T19:40:07.390Z"
                },
                "type": "SCRUB",
                "source": "data:drag",
                "_t": "13:38:54",
                "_end": "13:40:07",
                "data": {
                    "time": 5.411646
                }
            },
            {
                "time": {
                    "start": "2019-09-16T19:38:54.606Z",
                    "end": "2019-09-16T19:40:08.284Z"
                },
                "type": "SCRUB",
                "source": "data:drag",
                "_t": "13:38:54",
                "_end": "13:40:08",
                "data": {
                    "time": 5.515078
                }
            },
            {
                "time": {
                    "start": "2019-09-16T19:38:54.606Z",
                    "end": "2019-09-16T19:40:08.780Z"
                },
                "type": "SCRUB",
                "source": "data:drag",
                "_t": "13:38:54",
                "_end": "13:40:08",
                "data": {
                    "time": 5.573624
                }
            },
            {
                "time": {
                    "start": "2019-09-16T19:38:54.606Z",
                    "end": "2019-09-16T19:40:11.809Z"
                },
                "type": "SCRUB",
                "source": "data:drag",
                "_t": "13:38:54",
                "_end": "13:40:11",
                "data": {
                    "time": 5.573624
                }
            },
            {
                "time": {
                    "start": "2019-09-16T19:38:54.606Z",
                    "end": "2019-09-16T19:40:12.540Z"
                },
                "type": "SCRUB",
                "source": "data:drag",
                "_t": "13:38:54",
                "_end": "13:40:12",
                "data": {
                    "time": 5.915145
                }
            },
            {
                "time": {
                    "start": "2019-09-16T19:38:54.606Z",
                    "end": "2019-09-16T19:40:13.050Z"
                },
                "type": "SCRUB",
                "source": "data:drag",
                "_t": "13:38:54",
                "_end": "13:40:13",
                "data": {
                    "time": 6.2683745934956745
                }
            },
            {
                "time": {
                    "start": "2019-09-16T19:38:54.606Z",
                    "end": "2019-09-16T19:40:13.811Z"
                },
                "type": "SCRUB",
                "source": "data:drag",
                "_t": "13:38:54",
                "_end": "13:40:13",
                "data": {
                    "time": 6.35034
                }
            },
            {
                "time": {
                    "start": "2019-09-16T19:38:54.606Z",
                    "end": "2019-09-16T19:40:16.144Z"
                },
                "type": "SCRUB",
                "source": "data:drag",
                "_t": "13:38:54",
                "_end": "13:40:16",
                "data": {
                    "time": 6.393274
                }
            },
            {
                "time": {
                    "start": "2019-09-16T19:38:54.606Z",
                    "end": "2019-09-16T19:40:16.587Z"
                },
                "type": "SCRUB",
                "source": "data:drag",
                "_t": "13:38:54",
                "_end": "13:40:16",
                "data": {
                    "time": 6.35034
                }
            },
            {
                "time": {
                    "start": "2019-09-16T19:38:54.606Z",
                    "end": "2019-09-16T19:40:18.567Z"
                },
                "type": "SCRUB",
                "source": "data:drag",
                "_t": "13:38:54",
                "_end": "13:40:18",
                "data": {
                    "time": 6.582574
                }
            },
            {
                "time": {
                    "start": "2019-09-16T19:38:54.606Z",
                    "end": "2019-09-16T19:40:19.541Z"
                },
                "type": "SCRUB",
                "source": "data:drag",
                "_t": "13:38:54",
                "_end": "13:40:19",
                "data": {
                    "time": 6.767971
                }
            },
            {
                "time": {
                    "start": "2019-09-16T19:38:54.606Z",
                    "end": "2019-09-16T19:40:20.315Z"
                },
                "type": "SCRUB",
                "source": "data:drag",
                "_t": "13:38:54",
                "_end": "13:40:20",
                "data": {
                    "time": 6.822614
                }
            },
            {
                "time": {
                    "start": "2019-09-16T19:38:54.606Z",
                    "end": "2019-09-16T19:40:22.923Z"
                },
                "type": "SCRUB",
                "source": "data:drag",
                "_t": "13:38:54",
                "_end": "13:40:22",
                "data": {
                    "time": 6.8499354552845535
                }
            },
            {
                "time": {
                    "start": "2019-09-16T19:38:54.606Z",
                    "end": "2019-09-16T19:40:23.670Z"
                },
                "type": "SCRUB",
                "source": "data:drag",
                "_t": "13:38:54",
                "_end": "13:40:23",
                "data": {
                    "time": 7.257808300813085
                }
            },
            {
                "time": {
                    "start": "2019-09-16T19:38:54.606Z",
                    "end": "2019-09-16T19:40:24.180Z"
                },
                "type": "SCRUB",
                "source": "data:drag",
                "_t": "13:38:54",
                "_end": "13:40:24",
                "data": {
                    "time": 7.611037593496001
                }
            },
            {
                "time": {
                    "start": "2019-09-16T19:38:54.606Z",
                    "end": "2019-09-16T19:40:24.756Z"
                },
                "type": "SCRUB",
                "source": "data:drag",
                "_t": "13:38:54",
                "_end": "13:40:24",
                "data": {
                    "time": 7.796434
                }
            },
            {
                "time": {
                    "start": "2019-09-16T19:38:54.606Z",
                    "end": "2019-09-16T19:40:25.365Z"
                },
                "type": "SCRUB",
                "source": "data:drag",
                "_t": "13:38:54",
                "_end": "13:40:25",
                "data": {
                    "time": 7.894011577235797
                }
            },
            {
                "time": {
                    "start": "2019-09-16T19:38:54.606Z",
                    "end": "2019-09-16T19:40:26.274Z"
                },
                "type": "SCRUB",
                "source": "data:drag",
                "_t": "13:38:54",
                "_end": "13:40:26",
                "data": {
                    "time": 7.864738
                }
            },
            {
                "time": {
                    "start": "2019-09-16T19:38:54.606Z",
                    "end": "2019-09-16T19:40:28.023Z"
                },
                "type": "SCRUB",
                "source": "data:drag",
                "_t": "13:38:54",
                "_end": "13:40:28",
                "data": {
                    "time": 7.888157
                }
            },
            {
                "time": {
                    "start": "2019-09-16T19:38:54.606Z",
                    "end": "2019-09-16T19:40:29.115Z"
                },
                "type": "SCRUB",
                "source": "data:drag",
                "_t": "13:38:54",
                "_end": "13:40:29",
                "data": {
                    "time": 7.9818310894309805
                }
            },
            {
                "time": {
                    "start": "2019-09-16T19:38:54.606Z",
                    "end": "2019-09-16T19:40:29.693Z"
                },
                "type": "SCRUB",
                "source": "data:drag",
                "_t": "13:38:54",
                "_end": "13:40:29",
                "data": {
                    "time": 8.052086699186983
                }
            },
            {
                "time": {
                    "start": "2019-09-16T19:38:54.606Z",
                    "end": "2019-09-16T19:40:30.355Z"
                },
                "type": "SCRUB",
                "source": "data:drag",
                "_t": "13:38:54",
                "_end": "13:40:30",
                "data": {
                    "time": 8.167228
                }
            },
            {
                "time": {
                    "start": "2019-09-16T19:38:54.606Z",
                    "end": "2019-09-16T19:40:31.005Z"
                },
                "type": "SCRUB",
                "source": "data:drag",
                "_t": "13:38:54",
                "_end": "13:40:31",
                "data": {
                    "time": 8.253096
                }
            },
            {
                "time": {
                    "start": "2019-09-16T19:38:54.606Z",
                    "end": "2019-09-16T19:40:34.063Z"
                },
                "type": "SCRUB",
                "source": "data:drag",
                "_t": "13:38:54",
                "_end": "13:40:34",
                "data": {
                    "time": 8.253096
                }
            },
            {
                "time": {
                    "start": "2019-09-16T19:38:54.606Z",
                    "end": "2019-09-16T19:40:35.428Z"
                },
                "type": "SCRUB",
                "source": "data:drag",
                "_t": "13:38:54",
                "_end": "13:40:35",
                "data": {
                    "time": 8.223823
                }
            },
            {
                "time": {
                    "start": "2019-09-16T19:38:54.606Z",
                    "end": "2019-09-16T19:40:35.836Z"
                },
                "type": "SCRUB",
                "source": "data:drag",
                "_t": "13:38:54",
                "_end": "13:40:35",
                "data": {
                    "time": 8.184792
                }
            },
            {
                "time": {
                    "start": "2019-09-16T19:38:54.606Z",
                    "end": "2019-09-16T19:40:37.074Z"
                },
                "type": "SCRUB",
                "source": "data:drag",
                "_t": "13:38:54",
                "_end": "13:40:37",
                "data": {
                    "time": 8.212114
                }
            },
            {
                "time": {
                    "start": "2019-09-16T19:38:54.606Z",
                    "end": "2019-09-16T19:40:39.451Z"
                },
                "type": "SCRUB",
                "source": "data:drag",
                "_t": "13:38:54",
                "_end": "13:40:39",
                "data": {
                    "time": 8.221871349593407
                }
            },
            {
                "time": {
                    "start": "2019-09-16T19:38:54.606Z",
                    "end": "2019-09-16T19:40:40.098Z"
                },
                "type": "SCRUB",
                "source": "data:drag",
                "_t": "13:38:54",
                "_end": "13:40:40",
                "data": {
                    "time": 8.487281430894196
                }
            },
            {
                "time": {
                    "start": "2019-09-16T19:38:54.606Z",
                    "end": "2019-09-16T19:40:40.766Z"
                },
                "type": "SCRUB",
                "source": "data:drag",
                "_t": "13:38:54",
                "_end": "13:40:40",
                "data": {
                    "time": 8.731224089431299
                }
            },
            {
                "time": {
                    "start": "2019-09-16T19:38:54.606Z",
                    "end": "2019-09-16T19:40:41.252Z"
                },
                "type": "SCRUB",
                "source": "data:drag",
                "_t": "13:38:54",
                "_end": "13:40:41",
                "data": {
                    "time": 9.006391894309399
                }
            },
            {
                "time": {
                    "start": "2019-09-16T19:38:54.606Z",
                    "end": "2019-09-16T19:40:41.898Z"
                },
                "type": "SCRUB",
                "source": "data:drag",
                "_t": "13:38:54",
                "_end": "13:40:41",
                "data": {
                    "time": 9.197643382113897
                }
            },
            {
                "time": {
                    "start": "2019-09-16T19:38:54.606Z",
                    "end": "2019-09-16T19:40:42.916Z"
                },
                "type": "SCRUB",
                "source": "data:drag",
                "_t": "13:38:54",
                "_end": "13:40:42",
                "data": {
                    "time": 9.248383
                }
            },
            {
                "time": "2019-09-16T19:40:44.439Z",
                "type": "CHANGE-PLAYBACK-RATE",
                "source": "hotkey:down",
                "_t": "13:40:44",
                "_end": "-",
                "data": {
                    "oldRate": 1,
                    "newRate": 0.5
                }
            },
            {
                "time": {
                    "start": "2019-09-16T19:38:54.606Z",
                    "end": "2019-09-16T19:40:51.210Z"
                },
                "type": "SCRUB",
                "source": "data:drag",
                "_t": "13:38:54",
                "_end": "13:40:51",
                "data": {
                    "time": 9.272046909243915
                }
            },
            {
                "time": {
                    "start": "2019-09-16T19:38:54.606Z",
                    "end": "2019-09-16T19:40:54.017Z"
                },
                "type": "SCRUB",
                "source": "data:drag",
                "_t": "13:38:54",
                "_end": "13:40:54",
                "data": {
                    "time": 10.810201010098277
                }
            },
            {
                "time": {
                    "start": "2019-09-16T19:38:54.606Z",
                    "end": "2019-09-16T19:40:55.614Z"
                },
                "type": "SCRUB",
                "source": "data:drag",
                "_t": "13:38:54",
                "_end": "13:40:55",
                "data": {
                    "time": 10.644554
                }
            },
            {
                "time": {
                    "start": "2019-09-16T19:38:54.606Z",
                    "end": "2019-09-16T19:41:01.511Z"
                },
                "type": "SCRUB",
                "source": "data:drag",
                "_t": "13:38:54",
                "_end": "13:41:01",
                "data": {
                    "time": 10.09617
                }
            },
            {
                "time": {
                    "start": "2019-09-16T19:38:54.606Z",
                    "end": "2019-09-16T19:41:02.364Z"
                },
                "type": "SCRUB",
                "source": "data:drag",
                "_t": "13:38:54",
                "_end": "13:41:02",
                "data": {
                    "time": 9.885403
                }
            },
            {
                "time": {
                    "start": "2019-09-16T19:38:54.606Z",
                    "end": "2019-09-16T19:41:02.985Z"
                },
                "type": "SCRUB",
                "source": "data:drag",
                "_t": "13:38:54",
                "_end": "13:41:02",
                "data": {
                    "time": 9.817099
                }
            },
            {
                "time": {
                    "start": "2019-09-16T19:38:54.606Z",
                    "end": "2019-09-16T19:41:07.212Z"
                },
                "type": "SCRUB",
                "source": "data:drag",
                "_t": "13:38:54",
                "_end": "13:41:07",
                "data": {
                    "time": 9.592671
                }
            },
            {
                "time": {
                    "start": "2019-09-16T19:38:54.606Z",
                    "end": "2019-09-16T19:41:07.863Z"
                },
                "type": "SCRUB",
                "source": "data:drag",
                "_t": "13:38:54",
                "_end": "13:41:07",
                "data": {
                    "time": 9.592671
                }
            },
            {
                "time": {
                    "start": "2019-09-16T19:38:54.606Z",
                    "end": "2019-09-16T19:41:10.532Z"
                },
                "type": "SCRUB",
                "source": "data:drag",
                "_t": "13:38:54",
                "_end": "13:41:10",
                "data": {
                    "time": 9.253103
                }
            },
            {
                "time": {
                    "start": "2019-09-16T19:38:54.606Z",
                    "end": "2019-09-16T19:41:11.435Z"
                },
                "type": "SCRUB",
                "source": "data:drag",
                "_t": "13:38:54",
                "_end": "13:41:11",
                "data": {
                    "time": 9.690249
                }
            },
            {
                "time": {
                    "start": "2019-09-16T19:38:54.606Z",
                    "end": "2019-09-16T19:41:13.439Z"
                },
                "type": "SCRUB",
                "source": "data:drag",
                "_t": "13:38:54",
                "_end": "13:41:13",
                "data": {
                    "time": 9.694153
                }
            },
            {
                "time": {
                    "start": "2019-09-16T19:38:54.606Z",
                    "end": "2019-09-16T19:41:14.587Z"
                },
                "type": "SCRUB",
                "source": "data:drag",
                "_t": "13:38:54",
                "_end": "13:41:14",
                "data": {
                    "time": 9.774166
                }
            },
            {
                "time": {
                    "start": "2019-09-16T19:38:54.606Z",
                    "end": "2019-09-16T19:41:16.528Z"
                },
                "type": "SCRUB",
                "source": "data:drag",
                "_t": "13:38:54",
                "_end": "13:41:16",
                "data": {
                    "time": 9.815149
                }
            },
            {
                "time": {
                    "start": "2019-09-16T19:38:54.606Z",
                    "end": "2019-09-16T19:41:17.336Z"
                },
                "type": "SCRUB",
                "source": "data:drag",
                "_t": "13:38:54",
                "_end": "13:41:17",
                "data": {
                    "time": 9.819052
                }
            },
            {
                "time": {
                    "start": "2019-09-16T19:38:54.606Z",
                    "end": "2019-09-16T19:41:18.166Z"
                },
                "type": "SCRUB",
                "source": "data:drag",
                "_t": "13:38:54",
                "_end": "13:41:18",
                "data": {
                    "time": 10.119589
                }
            },
            {
                "time": {
                    "start": "2019-09-16T19:38:54.606Z",
                    "end": "2019-09-16T19:41:18.940Z"
                },
                "type": "SCRUB",
                "source": "data:drag",
                "_t": "13:38:54",
                "_end": "13:41:18",
                "data": {
                    "time": 10.539171
                }
            },
            {
                "time": {
                    "start": "2019-09-16T19:38:54.606Z",
                    "end": "2019-09-16T19:41:19.500Z"
                },
                "type": "SCRUB",
                "source": "data:drag",
                "_t": "13:38:54",
                "_end": "13:41:19",
                "data": {
                    "time": 10.654312
                }
            },
            {
                "time": {
                    "start": "2019-09-16T19:38:54.606Z",
                    "end": "2019-09-16T19:41:20.734Z"
                },
                "type": "SCRUB",
                "source": "data:drag",
                "_t": "13:38:54",
                "_end": "13:41:20",
                "data": {
                    "time": 10.66407
                }
            },
            {
                "time": {
                    "start": "2019-09-16T19:38:54.606Z",
                    "end": "2019-09-16T19:41:22.329Z"
                },
                "type": "SCRUB",
                "source": "data:drag",
                "_t": "13:38:54",
                "_end": "13:41:22",
                "data": {
                    "time": 10.667974
                }
            },
            {
                "time": {
                    "start": "2019-09-16T19:38:54.606Z",
                    "end": "2019-09-16T19:41:23.487Z"
                },
                "type": "SCRUB",
                "source": "data:drag",
                "_t": "13:38:54",
                "_end": "13:41:23",
                "data": {
                    "time": 10.978269
                }
            },
            {
                "time": {
                    "start": "2019-09-16T19:38:54.606Z",
                    "end": "2019-09-16T19:41:24.327Z"
                },
                "type": "SCRUB",
                "source": "data:drag",
                "_t": "13:38:54",
                "_end": "13:41:24",
                "data": {
                    "time": 11.027058
                }
            },
            {
                "time": {
                    "start": "2019-09-16T19:38:54.606Z",
                    "end": "2019-09-16T19:41:29.113Z"
                },
                "type": "SCRUB",
                "source": "data:drag",
                "_t": "13:38:54",
                "_end": "13:41:29",
                "data": {
                    "time": 11.109023
                }
            },
            {
                "time": {
                    "start": "2019-09-16T19:38:54.606Z",
                    "end": "2019-09-16T19:41:29.845Z"
                },
                "type": "SCRUB",
                "source": "data:drag",
                "_t": "13:38:54",
                "_end": "13:41:29",
                "data": {
                    "time": 11.475913317073063
                }
            },
            {
                "time": {
                    "start": "2019-09-16T19:38:54.606Z",
                    "end": "2019-09-16T19:41:30.631Z"
                },
                "type": "SCRUB",
                "source": "data:drag",
                "_t": "13:38:54",
                "_end": "13:41:30",
                "data": {
                    "time": 11.24368
                }
            },
            {
                "time": {
                    "start": "2019-09-16T19:38:54.606Z",
                    "end": "2019-09-16T19:41:31.100Z"
                },
                "type": "SCRUB",
                "source": "data:drag",
                "_t": "13:38:54",
                "_end": "13:41:31",
                "data": {
                    "time": 11.161715
                }
            },
            {
                "time": {
                    "start": "2019-09-16T19:38:54.606Z",
                    "end": "2019-09-16T19:41:32.416Z"
                },
                "type": "SCRUB",
                "source": "data:drag",
                "_t": "13:38:54",
                "_end": "13:41:32",
                "data": {
                    "time": 11.161715
                }
            },
            {
                "time": {
                    "start": "2019-09-16T19:38:54.606Z",
                    "end": "2019-09-16T19:41:34.745Z"
                },
                "type": "SCRUB",
                "source": "data:drag",
                "_t": "13:38:54",
                "_end": "13:41:34",
                "data": {
                    "time": 11.114878
                }
            },
            {
                "time": {
                    "start": "2019-09-16T19:38:54.606Z",
                    "end": "2019-09-16T19:41:35.391Z"
                },
                "type": "SCRUB",
                "source": "data:drag",
                "_t": "13:38:54",
                "_end": "13:41:35",
                "data": {
                    "time": 11.290517024390406
                }
            },
            {
                "time": {
                    "start": "2019-09-16T19:38:54.606Z",
                    "end": "2019-09-16T19:41:35.897Z"
                },
                "type": "SCRUB",
                "source": "data:drag",
                "_t": "13:38:54",
                "_end": "13:41:35",
                "data": {
                    "time": 11.57544254471545
                }
            },
            {
                "time": {
                    "start": "2019-09-16T19:38:54.606Z",
                    "end": "2019-09-16T19:41:36.438Z"
                },
                "type": "SCRUB",
                "source": "data:drag",
                "_t": "13:38:54",
                "_end": "13:41:36",
                "data": {
                    "time": 11.877931975609586
                }
            },
            {
                "time": {
                    "start": "2019-09-16T19:38:54.606Z",
                    "end": "2019-09-16T19:41:37.148Z"
                },
                "type": "SCRUB",
                "source": "data:drag",
                "_t": "13:38:54",
                "_end": "13:41:37",
                "data": {
                    "time": 11.940381
                }
            },
            {
                "time": {
                    "start": "2019-09-16T19:38:54.606Z",
                    "end": "2019-09-16T19:41:41.284Z"
                },
                "type": "SCRUB",
                "source": "data:drag",
                "_t": "13:38:54",
                "_end": "13:41:41",
                "data": {
                    "time": 12.073086
                }
            },
            {
                "time": {
                    "start": "2019-09-16T19:38:54.606Z",
                    "end": "2019-09-16T19:41:41.781Z"
                },
                "type": "SCRUB",
                "source": "data:drag",
                "_t": "13:38:54",
                "_end": "13:41:41",
                "data": {
                    "time": 12.299466
                }
            },
            {
                "time": {
                    "start": "2019-09-16T19:38:54.606Z",
                    "end": "2019-09-16T19:41:42.585Z"
                },
                "type": "SCRUB",
                "source": "data:drag",
                "_t": "13:38:54",
                "_end": "13:41:42",
                "data": {
                    "time": 12.369722
                }
            },
            {
                "time": {
                    "start": "2019-09-16T19:38:54.606Z",
                    "end": "2019-09-16T19:41:43.062Z"
                },
                "type": "SCRUB",
                "source": "data:drag",
                "_t": "13:38:54",
                "_end": "13:41:43",
                "data": {
                    "time": 12.400946325203417
                }
            },
            {
                "time": {
                    "start": "2019-09-16T19:38:54.606Z",
                    "end": "2019-09-16T19:41:44.934Z"
                },
                "type": "SCRUB",
                "source": "data:drag",
                "_t": "13:38:54",
                "_end": "13:41:44",
                "data": {
                    "time": 12.406801
                }
            },
            {
                "time": {
                    "start": "2019-09-16T19:38:54.606Z",
                    "end": "2019-09-16T19:41:45.559Z"
                },
                "type": "SCRUB",
                "source": "data:drag",
                "_t": "13:38:54",
                "_end": "13:41:45",
                "data": {
                    "time": 12.601955430894172
                }
            },
            {
                "time": {
                    "start": "2019-09-16T19:38:54.606Z",
                    "end": "2019-09-16T19:41:45.979Z"
                },
                "type": "SCRUB",
                "source": "data:drag",
                "_t": "13:38:54",
                "_end": "13:41:45",
                "data": {
                    "time": 13.046907
                }
            },
            {
                "time": {
                    "start": "2019-09-16T19:38:54.606Z",
                    "end": "2019-09-16T19:41:46.529Z"
                },
                "type": "SCRUB",
                "source": "data:drag",
                "_t": "13:38:54",
                "_end": "13:41:46",
                "data": {
                    "time": 13.191322
                }
            },
            {
                "time": {
                    "start": "2019-09-16T19:38:54.606Z",
                    "end": "2019-09-16T19:41:47.009Z"
                },
                "type": "SCRUB",
                "source": "data:drag",
                "_t": "13:38:54",
                "_end": "13:41:47",
                "data": {
                    "time": 13.36110589430902
                }
            },
            {
                "time": {
                    "start": "2019-09-16T19:38:54.606Z",
                    "end": "2019-09-16T19:41:47.921Z"
                },
                "type": "SCRUB",
                "source": "data:drag",
                "_t": "13:38:54",
                "_end": "13:41:47",
                "data": {
                    "time": 13.368912
                }
            },
            {
                "time": {
                    "start": "2019-09-16T19:38:54.606Z",
                    "end": "2019-09-16T19:41:49.704Z"
                },
                "type": "SCRUB",
                "source": "data:drag",
                "_t": "13:38:54",
                "_end": "13:41:49",
                "data": {
                    "time": 13.392331
                }
            },
            {
                "time": {
                    "start": "2019-09-16T19:38:54.606Z",
                    "end": "2019-09-16T19:41:51.173Z"
                },
                "type": "SCRUB",
                "source": "data:drag",
                "_t": "13:38:54",
                "_end": "13:41:51",
                "data": {
                    "time": 13.386476
                }
            },
            {
                "time": {
                    "start": "2019-09-16T19:38:54.606Z",
                    "end": "2019-09-16T19:41:51.753Z"
                },
                "type": "SCRUB",
                "source": "data:drag",
                "_t": "13:38:54",
                "_end": "13:41:51",
                "data": {
                    "time": 13.601146
                }
            },
            {
                "time": {
                    "start": "2019-09-16T19:38:54.606Z",
                    "end": "2019-09-16T19:41:52.232Z"
                },
                "type": "SCRUB",
                "source": "data:drag",
                "_t": "13:38:54",
                "_end": "13:41:52",
                "data": {
                    "time": 13.731899495935105
                }
            },
            {
                "time": {
                    "start": "2019-09-16T19:38:54.606Z",
                    "end": "2019-09-16T19:41:53.042Z"
                },
                "type": "SCRUB",
                "source": "data:drag",
                "_t": "13:38:54",
                "_end": "13:41:53",
                "data": {
                    "time": 13.864605
                }
            },
            {
                "time": {
                    "start": "2019-09-16T19:38:54.606Z",
                    "end": "2019-09-16T19:41:53.516Z"
                },
                "type": "SCRUB",
                "source": "data:drag",
                "_t": "13:38:54",
                "_end": "13:41:53",
                "data": {
                    "time": 13.835331
                }
            },
            {
                "time": {
                    "start": "2019-09-16T19:38:54.606Z",
                    "end": "2019-09-16T19:41:54.524Z"
                },
                "type": "SCRUB",
                "source": "data:drag",
                "_t": "13:38:54",
                "_end": "13:41:54",
                "data": {
                    "time": 13.7963
                }
            },
            {
                "time": {
                    "start": "2019-09-16T19:38:54.606Z",
                    "end": "2019-09-16T19:41:56.557Z"
                },
                "type": "SCRUB",
                "source": "data:drag",
                "_t": "13:38:54",
                "_end": "13:41:56",
                "data": {
                    "time": 13.99730901626007
                }
            },
            {
                "time": {
                    "start": "2019-09-16T19:38:54.606Z",
                    "end": "2019-09-16T19:41:56.981Z"
                },
                "type": "SCRUB",
                "source": "data:drag",
                "_t": "13:38:54",
                "_end": "13:41:56",
                "data": {
                    "time": 14.235397471544381
                }
            },
            {
                "time": {
                    "start": "2019-09-16T19:38:54.606Z",
                    "end": "2019-09-16T19:41:57.415Z"
                },
                "type": "SCRUB",
                "source": "data:drag",
                "_t": "13:38:54",
                "_end": "13:41:57",
                "data": {
                    "time": 14.496903991870166
                }
            },
            {
                "time": {
                    "start": "2019-09-16T19:38:54.606Z",
                    "end": "2019-09-16T19:41:58.135Z"
                },
                "type": "SCRUB",
                "source": "data:drag",
                "_t": "13:38:54",
                "_end": "13:41:58",
                "data": {
                    "time": 14.703768
                }
            },
            {
                "time": {
                    "start": "2019-09-16T19:38:54.606Z",
                    "end": "2019-09-16T19:41:58.732Z"
                },
                "type": "SCRUB",
                "source": "data:drag",
                "_t": "13:38:54",
                "_end": "13:41:58",
                "data": {
                    "time": 14.785733
                }
            },
            {
                "time": {
                    "start": "2019-09-16T19:38:54.606Z",
                    "end": "2019-09-16T19:41:59.609Z"
                },
                "type": "SCRUB",
                "source": "data:drag",
                "_t": "13:38:54",
                "_end": "13:41:59",
                "data": {
                    "time": 14.8072
                }
            }
        ]
    }
}