[{"time":0.918,"endTime":1.482,"type":"orange-in-air","id":1},{"time":2.484,"endTime":3.244,"type":"orange-in-air","id":2},{"time":3.933163663144568,"endTime":4.373696439966519,"type":"orange-in-air","id":3},{"time":5.371184777805082,"endTime":5.809522219491809,"type":"orange-in-air","id":4},{"time":6.733349,"endTime":7.311340440212274,"type":"orange-in-air","id":5},{"time":8.200292560770645,"endTime":8.812,"type":"orange-in-air","id":6},{"time":10.98,"endTime":11.422,"type":"orange-in-air","id":7},{"time":12.42,"endTime":12.704,"type":"orange-in-air","id":8},{"time":13.784,"endTime":14.022,"type":"orange-in-air","id":9},{"time":15.188,"endTime":15.832,"type":"orange-in-air","id":10},{"time":16.548,"endTime":16.954,"type":"orange-in-air","id":11},{"time":17.996,"endTime":18.358,"type":"orange-in-air","id":12},{"time":19.4,"endTime":19.958,"type":"orange-in-air","id":13},{"time":20.682,"endTime":21.08,"type":"orange-in-air","id":14},{"time":21.805943,"endTime":22.806,"type":"orange-in-air","id":15},{"time":23.408,"endTime":24.01,"type":"orange-in-air","id":16},{"time":9.570997,"endTime":10.21,"type":"orange-in-air","id":17}]