{
    "user_id": "olive5",
    "session_id": "5d7fb3f381249f67dd06ad69",
    "study": "studyE",
    "workspace": "gait.gait-red",
    "details": {
        "workspace": "gait.gait-red",
        "labels": [
            {
                "time": 1403.194248,
                "endTime": 1413.0221213730365,
                "type": "measuring",
                "id": 1
            },
            {
                "time": 34.23497510437066,
                "endTime": 39.227112695695,
                "type": "cutting",
                "id": 2
            },
            {
                "time": 53.05932099999998,
                "endTime": 55.54837911318299,
                "type": "measuring",
                "id": 3
            },
            {
                "time": 59.237115999999986,
                "endTime": 63.749008721787604,
                "type": "cutting",
                "id": 4
            },
            {
                "time": 69.105369,
                "endTime": 77.78841343476773,
                "type": "cutting",
                "id": 5
            },
            {
                "time": 80.814827,
                "endTime": 86.97921993053276,
                "type": "cutting",
                "id": 6
            },
            {
                "time": 92.126045,
                "endTime": 97.49378027821038,
                "type": "cutting",
                "id": 7
            },
            {
                "time": 231.038928,
                "endTime": 237.0889687739754,
                "type": "cutting",
                "id": 8
            },
            {
                "time": 594.590291,
                "endTime": 595.7123388261583,
                "type": "measuring",
                "id": 9
            },
            {
                "time": 597.190546,
                "endTime": 598.4004456435096,
                "type": "measuring",
                "id": 10
            },
            {
                "time": 599.824921000005,
                "endTime": 600.7819958000714,
                "type": "measuring",
                "id": 11
            },
            {
                "time": 746.592324,
                "endTime": 751.2085306956967,
                "type": "cutting",
                "id": 12
            },
            {
                "time": 757.099856,
                "endTime": 761.0147945913252,
                "type": "cutting",
                "id": 13
            },
            {
                "time": 1427.693868,
                "endTime": 1436.0014296696022,
                "type": "measuring",
                "id": 14
            }
        ],
        "_starts": [],
        "_ends": [
            "2019-09-16T16:32:21.798Z",
            "2019-09-16T16:35:16.693Z",
            "2019-09-16T16:35:33.355Z",
            "2019-09-16T16:35:45.265Z",
            "2019-09-16T16:41:56.378Z"
        ]
    },
    "labels_file": "/home/ubuntu/vat/data/user-studies/studyE/gait-red/olive5.labels.json",
    "videoFlash": 0.00001,
    "surveys": {
        "user-info": {
            "firstname": "Aarohi",
            "lastname": "Bhatt",
            "email": "aarohibhatt2002@gmail.com"
        },
        "practice-first": {
            "question1": "4",
            "question2": "ok",
            "question3": "50",
            "question4": "4"
        },
        "practice-second": {},
        "practice-third": {},
        "practice-survey": {},
        "drywall-blue": {
            "question1": "2",
            "question2": "2",
            "question3": "40",
            "question4": "60"
        },
        "drywall-red": {
            "question1": "3",
            "question2": "3",
            "question3": "30",
            "question4": "50"
        },
        "drywall-orange": {
            "question1": "4",
            "question2": "2",
            "question3": "10",
            "question4": "60"
        }
    },
    "logs": {
        "labelEvents": [
            {
                "time": "2019-09-16T16:34:55.413Z",
                "type": "START",
                "source": "side-bar:button",
                "_t": "10:34:55",
                "_end": "-",
                "data": {
                    "type": "measuring",
                    "time": 1403.194248
                }
            },
            {
                "time": "2019-09-16T16:35:08.495Z",
                "type": "END",
                "source": "data:click:h_pos",
                "_t": "10:35:08",
                "_end": "-",
                "data": {
                    "lbl": {
                        "time": 1403.194248,
                        "endTime": 1413.0221213730365,
                        "type": "measuring",
                        "id": 1
                    }
                }
            },
            {
                "time": "2019-09-16T16:36:31.598Z",
                "type": "START",
                "source": "side-bar:button",
                "_t": "10:36:31",
                "_end": "-",
                "data": {
                    "type": "cutting",
                    "time": 34.700356
                }
            },
            {
                "time": "2019-09-16T16:36:37.495Z",
                "type": "END",
                "source": "data:click:h_pos",
                "_t": "10:36:37",
                "_end": "-",
                "data": {
                    "lbl": {
                        "time": 34.23497510437066,
                        "endTime": 39.227112695695,
                        "type": "cutting",
                        "id": 2
                    }
                }
            },
            {
                "time": "2019-09-16T16:36:38.406Z",
                "type": "SELECT",
                "source": "data:click",
                "_t": "10:36:38",
                "_end": "-",
                "data": {
                    "time": 34.23497510437066,
                    "endTime": 39.227112695695,
                    "type": "cutting",
                    "id": 2
                }
            },
            {
                "time": {
                    "start": "2019-09-16T16:36:39.713Z",
                    "end": "2019-09-16T16:36:40.526Z"
                },
                "type": "RESIZE",
                "source": "data:brush",
                "_t": "10:36:39",
                "_end": "10:36:40",
                "data": {
                    "brushing": true,
                    "origin": [
                        34.700356,
                        38.89029769569498
                    ],
                    "_brushside": 0,
                    "start": "2019-09-16T16:36:39.713Z",
                    "ε": 0.1,
                    "mode": "resize"
                }
            },
            {
                "time": "2019-09-16T16:36:42.964Z",
                "type": "DESELECT",
                "source": "side-bar:button",
                "_t": "10:36:42",
                "_end": "-",
                "data": {
                    "time": 34.23497510437066,
                    "endTime": 39.227112695695,
                    "type": "cutting",
                    "id": 2
                }
            },
            {
                "time": "2019-09-16T16:36:47.835Z",
                "type": "START",
                "source": "side-bar:button",
                "_t": "10:36:47",
                "_end": "-",
                "data": {
                    "type": "measuring",
                    "time": 50.940637
                }
            },
            {
                "time": "2019-09-16T16:36:55.200Z",
                "type": "END",
                "source": "data:click:h_pos",
                "_t": "10:36:55",
                "_end": "-",
                "data": {
                    "lbl": {
                        "time": 53.05932099999998,
                        "endTime": 55.54837911318299,
                        "type": "measuring",
                        "id": 3
                    }
                }
            },
            {
                "time": "2019-09-16T16:37:05.919Z",
                "type": "SELECT",
                "source": "data:click",
                "_t": "10:37:05",
                "_end": "-",
                "data": {
                    "time": 53.05932099999998,
                    "endTime": 55.54837911318299,
                    "type": "measuring",
                    "id": 3
                }
            },
            {
                "time": {
                    "start": "2019-09-16T16:37:06.749Z",
                    "end": "2019-09-16T16:37:09.326Z"
                },
                "type": "RESIZE",
                "source": "data:brush",
                "_t": "10:37:06",
                "_end": "10:37:09",
                "data": {
                    "brushing": true,
                    "origin": [
                        50.940637,
                        54.23189100881142
                    ],
                    "start": "2019-09-16T16:37:06.749Z",
                    "ε": 0.1,
                    "mode": "resize"
                }
            },
            {
                "time": "2019-09-16T16:37:10.564Z",
                "type": "DESELECT",
                "source": "data:click",
                "_t": "10:37:10",
                "_end": "-",
                "data": {
                    "time": 53.05932099999998,
                    "endTime": 55.54837911318299,
                    "type": "measuring",
                    "id": 3
                }
            },
            {
                "time": "2019-09-16T16:37:19.551Z",
                "type": "START",
                "source": "side-bar:button",
                "_t": "10:37:19",
                "_end": "-",
                "data": {
                    "type": "cutting",
                    "time": 58.330611
                }
            },
            {
                "time": "2019-09-16T16:37:25.893Z",
                "type": "END",
                "source": "data:click:h_pos",
                "_t": "10:37:25",
                "_end": "-",
                "data": {
                    "lbl": {
                        "time": 59.237115999999986,
                        "endTime": 63.749008721787604,
                        "type": "cutting",
                        "id": 4
                    }
                }
            },
            {
                "time": "2019-09-16T16:37:27.881Z",
                "type": "SELECT",
                "source": "data:click",
                "_t": "10:37:27",
                "_end": "-",
                "data": {
                    "time": 59.237115999999986,
                    "endTime": 63.749008721787604,
                    "type": "cutting",
                    "id": 4
                }
            },
            {
                "time": "2019-09-16T16:37:30.021Z",
                "type": "DESELECT",
                "source": "data:click",
                "_t": "10:37:30",
                "_end": "-",
                "data": {
                    "time": 58.330611,
                    "endTime": 61.43866090443626,
                    "type": "cutting",
                    "id": 4
                }
            },
            {
                "time": "2019-09-16T16:37:38.464Z",
                "type": "SELECT",
                "source": "data:click",
                "_t": "10:37:38",
                "_end": "-",
                "data": {
                    "time": 59.237115999999986,
                    "endTime": 63.749008721787604,
                    "type": "cutting",
                    "id": 4
                }
            },
            {
                "time": {
                    "start": "2019-09-16T16:37:39.351Z",
                    "end": "2019-09-16T16:37:40.579Z"
                },
                "type": "RESIZE",
                "source": "data:brush",
                "_t": "10:37:39",
                "_end": "10:37:40",
                "data": {
                    "brushing": true,
                    "origin": [
                        58.330611,
                        61.43866090443626
                    ],
                    "start": "2019-09-16T16:37:39.351Z",
                    "ε": 0.1,
                    "mode": "resize"
                }
            },
            {
                "time": "2019-09-16T16:37:43.019Z",
                "type": "DESELECT",
                "source": "data:click",
                "_t": "10:37:43",
                "_end": "-",
                "data": {
                    "time": 59.237115999999986,
                    "endTime": 63.749008721787604,
                    "type": "cutting",
                    "id": 4
                }
            },
            {
                "time": "2019-09-16T16:37:47.718Z",
                "type": "START",
                "source": "side-bar:button",
                "_t": "10:37:47",
                "_end": "-",
                "data": {
                    "type": "cutting",
                    "time": 69.105369
                }
            },
            {
                "time": "2019-09-16T16:37:56.106Z",
                "type": "END",
                "source": "data:click:h_pos",
                "_t": "10:37:56",
                "_end": "-",
                "data": {
                    "lbl": {
                        "time": 69.105369,
                        "endTime": 77.78841343476773,
                        "type": "cutting",
                        "id": 5
                    }
                }
            },
            {
                "time": "2019-09-16T16:37:59.428Z",
                "type": "START",
                "source": "side-bar:button",
                "_t": "10:37:59",
                "_end": "-",
                "data": {
                    "type": "cutting",
                    "time": 80.814827
                }
            },
            {
                "time": "2019-09-16T16:38:09.114Z",
                "type": "END",
                "source": "data:click:h_pos",
                "_t": "10:38:09",
                "_end": "-",
                "data": {
                    "lbl": {
                        "time": 80.814827,
                        "endTime": 86.97921993053276,
                        "type": "cutting",
                        "id": 6
                    }
                }
            },
            {
                "time": "2019-09-16T16:38:10.742Z",
                "type": "START",
                "source": "side-bar:button",
                "_t": "10:38:10",
                "_end": "-",
                "data": {
                    "type": "cutting",
                    "time": 92.126045
                }
            },
            {
                "time": "2019-09-16T16:38:14.439Z",
                "type": "END",
                "source": "data:click:h_pos",
                "_t": "10:38:14",
                "_end": "-",
                "data": {
                    "lbl": {
                        "time": 92.126045,
                        "endTime": 97.49378027821038,
                        "type": "cutting",
                        "id": 7
                    }
                }
            },
            {
                "time": "2019-09-16T16:38:38.325Z",
                "type": "START",
                "source": "side-bar:button",
                "_t": "10:38:38",
                "_end": "-",
                "data": {
                    "type": "cutting",
                    "time": 231.038928
                }
            },
            {
                "time": "2019-09-16T16:38:46.634Z",
                "type": "END",
                "source": "data:click:h_pos",
                "_t": "10:38:46",
                "_end": "-",
                "data": {
                    "lbl": {
                        "time": 231.038928,
                        "endTime": 237.0889687739754,
                        "type": "cutting",
                        "id": 8
                    }
                }
            },
            {
                "time": "2019-09-16T16:39:19.783Z",
                "type": "START",
                "source": "side-bar:button",
                "_t": "10:39:19",
                "_end": "-",
                "data": {
                    "type": "measuring",
                    "time": 594.590291
                }
            },
            {
                "time": "2019-09-16T16:39:23.496Z",
                "type": "END",
                "source": "data:click:h_pos",
                "_t": "10:39:23",
                "_end": "-",
                "data": {
                    "lbl": {
                        "time": 594.590291,
                        "endTime": 595.7123388261583,
                        "type": "measuring",
                        "id": 9
                    }
                }
            },
            {
                "time": "2019-09-16T16:39:34.112Z",
                "type": "START",
                "source": "side-bar:button",
                "_t": "10:39:34",
                "_end": "-",
                "data": {
                    "type": "measuring",
                    "time": 597.190546
                }
            },
            {
                "time": "2019-09-16T16:39:36.660Z",
                "type": "END",
                "source": "data:click:h_pos",
                "_t": "10:39:36",
                "_end": "-",
                "data": {
                    "lbl": {
                        "time": 597.190546,
                        "endTime": 598.4004456435096,
                        "type": "measuring",
                        "id": 10
                    }
                }
            },
            {
                "time": "2019-09-16T16:39:45.632Z",
                "type": "START",
                "source": "side-bar:button",
                "_t": "10:39:45",
                "_end": "-",
                "data": {
                    "type": "measuring",
                    "time": 599.482121
                }
            },
            {
                "time": "2019-09-16T16:39:49.086Z",
                "type": "END",
                "source": "data:click:h_pos",
                "_t": "10:39:49",
                "_end": "-",
                "data": {
                    "lbl": {
                        "time": 599.824921000005,
                        "endTime": 600.7819958000714,
                        "type": "measuring",
                        "id": 11
                    }
                }
            },
            {
                "time": "2019-09-16T16:39:54.700Z",
                "type": "SELECT",
                "source": "data:click",
                "_t": "10:39:54",
                "_end": "-",
                "data": {
                    "time": 599.824921000005,
                    "endTime": 600.7819958000714,
                    "type": "measuring",
                    "id": 11
                }
            },
            {
                "time": {
                    "start": "2019-09-16T16:39:55.691Z",
                    "end": "2019-09-16T16:39:56.448Z"
                },
                "type": "RESIZE",
                "source": "data:brush",
                "_t": "10:39:55",
                "_end": "10:39:56",
                "data": {
                    "brushing": true,
                    "origin": [
                        599.482121,
                        601.0408427217895
                    ],
                    "_brushside": 1,
                    "start": "2019-09-16T16:39:55.691Z",
                    "ε": 0.1,
                    "mode": "resize"
                }
            },
            {
                "time": "2019-09-16T16:39:57.000Z",
                "type": "DESELECT",
                "source": "data:click",
                "_t": "10:39:57",
                "_end": "-",
                "data": {
                    "time": 599.824921000005,
                    "endTime": 600.7819958000714,
                    "type": "measuring",
                    "id": 11
                }
            },
            {
                "time": "2019-09-16T16:40:26.132Z",
                "type": "START",
                "source": "side-bar:button",
                "_t": "10:40:26",
                "_end": "-",
                "data": {
                    "type": "cutting",
                    "time": 746.592324
                }
            },
            {
                "time": "2019-09-16T16:40:32.438Z",
                "type": "END",
                "source": "data:click:h_pos",
                "_t": "10:40:32",
                "_end": "-",
                "data": {
                    "lbl": {
                        "time": 746.592324,
                        "endTime": 751.2085306956967,
                        "type": "cutting",
                        "id": 12
                    }
                }
            },
            {
                "time": "2019-09-16T16:40:36.641Z",
                "type": "START",
                "source": "side-bar:button",
                "_t": "10:40:36",
                "_end": "-",
                "data": {
                    "type": "cutting",
                    "time": 757.099856
                }
            },
            {
                "time": "2019-09-16T16:40:41.413Z",
                "type": "END",
                "source": "data:click:h_pos",
                "_t": "10:40:41",
                "_end": "-",
                "data": {
                    "lbl": {
                        "time": 757.099856,
                        "endTime": 761.0147945913252,
                        "type": "cutting",
                        "id": 13
                    }
                }
            },
            {
                "time": "2019-09-16T16:41:38.653Z",
                "type": "START",
                "source": "side-bar:button",
                "_t": "10:41:38",
                "_end": "-",
                "data": {
                    "type": "measuring",
                    "time": 1427.693868
                }
            },
            {
                "time": "2019-09-16T16:41:48.502Z",
                "type": "END",
                "source": "data:click:h_pos",
                "_t": "10:41:48",
                "_end": "-",
                "data": {
                    "lbl": {
                        "time": 1427.693868,
                        "endTime": 1436.0014296696022,
                        "type": "measuring",
                        "id": 14
                    }
                }
            }
        ],
        "navigationEvents": [
            {
                "time": {
                    "start": "2019-09-16T16:34:24.974Z",
                    "end": "2019-09-16T16:34:25.007Z"
                },
                "type": "SCRUB",
                "source": "video:drag",
                "_t": "10:34:24",
                "_end": "10:34:25",
                "data": {
                    "to": 951.052484,
                    "from": 930.739667
                }
            },
            {
                "time": {
                    "start": "2019-09-16T16:34:25.838Z",
                    "end": "2019-09-16T16:34:25.869Z"
                },
                "type": "SCRUB",
                "source": "video:drag",
                "_t": "10:34:25",
                "_end": "10:34:25",
                "data": {
                    "to": 972.960197,
                    "from": 951.458184
                }
            },
            {
                "time": {
                    "start": "2019-09-16T16:34:26.782Z",
                    "end": "2019-09-16T16:34:26.814Z"
                },
                "type": "SCRUB",
                "source": "video:drag",
                "_t": "10:34:26",
                "_end": "10:34:26",
                "data": {
                    "to": 991.001843,
                    "from": 973.294482
                }
            },
            {
                "time": {
                    "start": "2019-09-16T16:34:27.868Z",
                    "end": "2019-09-16T16:34:27.890Z"
                },
                "type": "SCRUB",
                "source": "video:drag",
                "_t": "10:34:27",
                "_end": "10:34:27",
                "data": {
                    "to": 1007.7548,
                    "from": 991.438111
                }
            },
            {
                "time": {
                    "start": "2019-09-16T16:34:28.991Z",
                    "end": "2019-09-16T16:34:29.028Z"
                },
                "type": "SCRUB",
                "source": "video:drag",
                "_t": "10:34:28",
                "_end": "10:34:29",
                "data": {
                    "to": 1038.683336,
                    "from": 1008.038211
                }
            },
            {
                "time": {
                    "start": "2019-09-16T16:34:30.158Z",
                    "end": "2019-09-16T16:34:30.207Z"
                },
                "type": "SCRUB",
                "source": "video:drag",
                "_t": "10:34:30",
                "_end": "10:34:30",
                "data": {
                    "to": 1067.034494,
                    "from": 1039.047941
                }
            },
            {
                "time": {
                    "start": "2019-09-16T16:34:31.447Z",
                    "end": "2019-09-16T16:34:31.481Z"
                },
                "type": "SCRUB",
                "source": "video:drag",
                "_t": "10:34:31",
                "_end": "10:34:31",
                "data": {
                    "to": 1083.787451,
                    "from": 1067.429764
                }
            },
            {
                "time": {
                    "start": "2019-09-16T16:34:32.418Z",
                    "end": "2019-09-16T16:34:32.425Z"
                },
                "type": "SCRUB",
                "source": "video:drag",
                "_t": "10:34:32",
                "_end": "10:34:32",
                "data": {
                    "to": 1114.715987,
                    "from": 1084.200656
                }
            },
            {
                "time": {
                    "start": "2019-09-16T16:34:33.390Z",
                    "end": "2019-09-16T16:34:33.437Z"
                },
                "type": "SCRUB",
                "source": "video:drag",
                "_t": "10:34:33",
                "_end": "10:34:33",
                "data": {
                    "to": 1145.644524,
                    "from": 1115.010486
                }
            },
            {
                "time": {
                    "start": "2019-09-16T16:34:34.431Z",
                    "end": "2019-09-16T16:34:34.469Z"
                },
                "type": "SCRUB",
                "source": "video:drag",
                "_t": "10:34:34",
                "_end": "10:34:34",
                "data": {
                    "to": 1181.727816,
                    "from": 1145.913401
                }
            },
            {
                "time": {
                    "start": "2019-09-16T16:34:35.876Z",
                    "end": "2019-09-16T16:34:35.881Z"
                },
                "type": "SCRUB",
                "source": "video:drag",
                "_t": "10:34:35",
                "_end": "10:34:35",
                "data": {
                    "to": 1208.790285,
                    "from": 1182.512242
                }
            },
            {
                "time": "2019-09-16T16:34:37.394Z",
                "type": "CHANGE-PLAYBACK-RATE",
                "source": "video:button",
                "_t": "10:34:37",
                "_end": "-",
                "data": {
                    "oldRate": 1,
                    "newRate": 1.5
                }
            },
            {
                "time": "2019-09-16T16:34:39.238Z",
                "type": "CHANGE-PLAYBACK-RATE",
                "source": "video:menu",
                "_t": "10:34:39",
                "_end": "-",
                "data": {
                    "oldRate": 1.5,
                    "newRate": 1
                }
            },
            {
                "time": {
                    "start": "2019-09-16T16:34:41.375Z",
                    "end": "2019-09-16T16:34:41.409Z"
                },
                "type": "SCRUB",
                "source": "video:drag",
                "_t": "10:34:41",
                "_end": "10:34:41",
                "data": {
                    "to": 1252.605711,
                    "from": 1214.531502
                }
            },
            {
                "time": {
                    "start": "2019-09-16T16:34:42.391Z",
                    "end": "2019-09-16T16:34:42.425Z"
                },
                "type": "SCRUB",
                "source": "video:drag",
                "_t": "10:34:42",
                "_end": "10:34:42",
                "data": {
                    "to": 1297.709826,
                    "from": 1252.912714
                }
            },
            {
                "time": {
                    "start": "2019-09-16T16:34:43.382Z",
                    "end": "2019-09-16T16:34:43.464Z"
                },
                "type": "SCRUB",
                "source": "video:drag",
                "_t": "10:34:43",
                "_end": "10:34:43",
                "data": {
                    "to": 1329.927051,
                    "from": 1298.084193
                }
            },
            {
                "time": {
                    "start": "2019-09-16T16:34:44.522Z",
                    "end": "2019-09-16T16:34:44.560Z"
                },
                "type": "SCRUB",
                "source": "video:drag",
                "_t": "10:34:44",
                "_end": "10:34:44",
                "data": {
                    "to": 1360.855587,
                    "from": 1330.36836
                }
            },
            {
                "time": {
                    "start": "2019-09-16T16:34:45.397Z",
                    "end": "2019-09-16T16:34:45.432Z"
                },
                "type": "SCRUB",
                "source": "video:drag",
                "_t": "10:34:45",
                "_end": "10:34:45",
                "data": {
                    "to": 1407.248391,
                    "from": 1361.088247
                }
            },
            {
                "time": {
                    "start": "2019-09-16T16:34:46.279Z",
                    "end": "2019-09-16T16:34:46.312Z"
                },
                "type": "SCRUB",
                "source": "video:drag",
                "_t": "10:34:46",
                "_end": "10:34:46",
                "data": {
                    "to": 1444.620372,
                    "from": 1407.564942
                }
            },
            {
                "time": {
                    "start": "2019-09-16T16:34:47.675Z",
                    "end": "2019-09-16T16:34:47.724Z"
                },
                "type": "SCRUB",
                "source": "video:drag",
                "_t": "10:34:47",
                "_end": "10:34:47",
                "data": {
                    "to": 1408.53708,
                    "from": 1445.345048
                }
            },
            {
                "time": {
                    "start": "2019-09-16T16:34:48.374Z",
                    "end": "2019-09-16T16:34:48.415Z"
                },
                "type": "SCRUB",
                "source": "video:drag",
                "_t": "10:34:48",
                "_end": "10:34:48",
                "data": {
                    "to": 1396.938879,
                    "from": 1409.049773
                }
            },
            {
                "time": {
                    "start": "2019-09-16T16:27:47.478Z",
                    "end": "2019-09-16T16:35:08.492Z"
                },
                "type": "SCRUB",
                "source": "data:drag",
                "_t": "10:27:47",
                "_end": "10:35:08",
                "data": {
                    "time": 1416.267674
                }
            },
            {
                "time": {
                    "start": "2019-09-16T16:27:47.478Z",
                    "end": "2019-09-16T16:36:09.722Z"
                },
                "type": "SCRUB",
                "source": "data:drag",
                "_t": "10:27:47",
                "_end": "10:36:09",
                "data": {
                    "time": 1348.218426
                }
            },
            {
                "time": {
                    "start": "2019-09-16T16:27:47.478Z",
                    "end": "2019-09-16T16:36:10.630Z"
                },
                "type": "SCRUB",
                "source": "data:drag",
                "_t": "10:27:47",
                "_end": "10:36:10",
                "data": {
                    "time": 1193.595167
                }
            },
            {
                "time": {
                    "start": "2019-09-16T16:27:47.478Z",
                    "end": "2019-09-16T16:36:11.438Z"
                },
                "type": "SCRUB",
                "source": "data:drag",
                "_t": "10:27:47",
                "_end": "10:36:11",
                "data": {
                    "time": 1018.114814
                }
            },
            {
                "time": {
                    "start": "2019-09-16T16:27:47.478Z",
                    "end": "2019-09-16T16:36:12.191Z"
                },
                "type": "SCRUB",
                "source": "data:drag",
                "_t": "10:27:47",
                "_end": "10:36:12",
                "data": {
                    "time": 863.692104
                }
            },
            {
                "time": {
                    "start": "2019-09-16T16:27:47.478Z",
                    "end": "2019-09-16T16:36:12.957Z"
                },
                "type": "SCRUB",
                "source": "data:drag",
                "_t": "10:27:47",
                "_end": "10:36:12",
                "data": {
                    "time": 704.05512
                }
            },
            {
                "time": {
                    "start": "2019-09-16T16:27:47.478Z",
                    "end": "2019-09-16T16:36:13.690Z"
                },
                "type": "SCRUB",
                "source": "data:drag",
                "_t": "10:27:47",
                "_end": "10:36:13",
                "data": {
                    "time": 565.475779
                }
            },
            {
                "time": {
                    "start": "2019-09-16T16:27:47.478Z",
                    "end": "2019-09-16T16:36:14.426Z"
                },
                "type": "SCRUB",
                "source": "data:drag",
                "_t": "10:27:47",
                "_end": "10:36:14",
                "data": {
                    "time": 429.704123
                }
            },
            {
                "time": {
                    "start": "2019-09-16T16:27:47.478Z",
                    "end": "2019-09-16T16:36:15.298Z"
                },
                "type": "SCRUB",
                "source": "data:drag",
                "_t": "10:27:47",
                "_end": "10:36:15",
                "data": {
                    "time": 265.855611
                }
            },
            {
                "time": {
                    "start": "2019-09-16T16:27:47.478Z",
                    "end": "2019-09-16T16:36:15.970Z"
                },
                "type": "SCRUB",
                "source": "data:drag",
                "_t": "10:27:47",
                "_end": "10:36:15",
                "data": {
                    "time": 167.787162
                }
            },
            {
                "time": {
                    "start": "2019-09-16T16:27:47.478Z",
                    "end": "2019-09-16T16:36:16.920Z"
                },
                "type": "SCRUB",
                "source": "data:drag",
                "_t": "10:27:47",
                "_end": "10:36:16",
                "data": {
                    "time": 36.427584
                }
            },
            {
                "time": {
                    "start": "2019-09-16T16:27:47.478Z",
                    "end": "2019-09-16T16:36:18.966Z"
                },
                "type": "SCRUB",
                "source": "data:drag",
                "_t": "10:27:47",
                "_end": "10:36:18",
                "data": {
                    "time": 28.004527
                }
            },
            {
                "time": {
                    "start": "2019-09-16T16:27:47.478Z",
                    "end": "2019-09-16T16:36:20.283Z"
                },
                "type": "SCRUB",
                "source": "data:drag",
                "_t": "10:27:47",
                "_end": "10:36:20",
                "data": {
                    "time": 66.710478
                }
            },
            {
                "time": {
                    "start": "2019-09-16T16:27:47.478Z",
                    "end": "2019-09-16T16:36:21.892Z"
                },
                "type": "SCRUB",
                "source": "data:drag",
                "_t": "10:27:47",
                "_end": "10:36:21",
                "data": {
                    "time": 82.152747
                }
            },
            {
                "time": "2019-09-16T16:36:23.990Z",
                "type": "PLAY",
                "source": "video:button",
                "_t": "10:36:23",
                "_end": "-"
            },
            {
                "time": {
                    "start": "2019-09-16T16:27:47.478Z",
                    "end": "2019-09-16T16:36:25.299Z"
                },
                "type": "SCRUB",
                "source": "data:drag",
                "_t": "10:27:47",
                "_end": "10:36:25",
                "data": {
                    "time": 51.754354
                }
            },
            {
                "time": {
                    "start": "2019-09-16T16:27:47.478Z",
                    "end": "2019-09-16T16:36:26.258Z"
                },
                "type": "SCRUB",
                "source": "data:drag",
                "_t": "10:27:47",
                "_end": "10:36:26",
                "data": {
                    "time": 23.100767
                }
            },
            {
                "time": {
                    "start": "2019-09-16T16:27:47.478Z",
                    "end": "2019-09-16T16:36:27.686Z"
                },
                "type": "SCRUB",
                "source": "data:drag",
                "_t": "10:27:47",
                "_end": "10:36:27",
                "data": {
                    "time": 30.78772
                }
            },
            {
                "time": {
                    "start": "2019-09-16T16:27:47.478Z",
                    "end": "2019-09-16T16:36:37.492Z"
                },
                "type": "SCRUB",
                "source": "data:drag",
                "_t": "10:27:47",
                "_end": "10:36:37",
                "data": {
                    "time": 40.597251
                }
            },
            {
                "time": {
                    "start": "2019-09-16T16:27:47.478Z",
                    "end": "2019-09-16T16:36:38.403Z"
                },
                "type": "SCRUB",
                "source": "data:drag",
                "_t": "10:27:47",
                "_end": "10:36:38",
                "data": {
                    "time": 41.507551
                }
            },
            {
                "time": {
                    "start": "2019-09-16T16:27:47.478Z",
                    "end": "2019-09-16T16:36:40.552Z"
                },
                "type": "SCRUB",
                "source": "data:drag",
                "_t": "10:27:47",
                "_end": "10:36:40",
                "data": {
                    "time": 43.65394
                }
            },
            {
                "time": {
                    "start": "2019-09-16T16:27:47.478Z",
                    "end": "2019-09-16T16:36:41.131Z"
                },
                "type": "SCRUB",
                "source": "data:drag",
                "_t": "10:27:47",
                "_end": "10:36:41",
                "data": {
                    "time": 44.239119
                }
            },
            {
                "time": {
                    "start": "2019-09-16T16:27:47.478Z",
                    "end": "2019-09-16T16:36:55.197Z"
                },
                "type": "SCRUB",
                "source": "data:drag",
                "_t": "10:27:47",
                "_end": "10:36:55",
                "data": {
                    "time": 58.3026
                }
            },
            {
                "time": {
                    "start": "2019-09-16T16:36:58.855Z",
                    "end": "2019-09-16T16:36:58.886Z"
                },
                "type": "SCRUB",
                "source": "video:drag",
                "_t": "10:36:58",
                "_end": "10:36:58",
                "data": {
                    "to": 48.970182,
                    "from": 61.961005
                }
            },
            {
                "time": {
                    "start": "2019-09-16T16:27:47.478Z",
                    "end": "2019-09-16T16:37:05.917Z"
                },
                "type": "SCRUB",
                "source": "data:drag",
                "_t": "10:27:47",
                "_end": "10:37:05",
                "data": {
                    "time": 55.87116
                }
            },
            {
                "time": {
                    "start": "2019-09-16T16:27:47.478Z",
                    "end": "2019-09-16T16:37:09.347Z"
                },
                "type": "SCRUB",
                "source": "data:drag",
                "_t": "10:27:47",
                "_end": "10:37:09",
                "data": {
                    "time": 59.301169
                }
            },
            {
                "time": {
                    "start": "2019-09-16T16:27:47.478Z",
                    "end": "2019-09-16T16:37:10.563Z"
                },
                "type": "SCRUB",
                "source": "data:drag",
                "_t": "10:27:47",
                "_end": "10:37:10",
                "data": {
                    "time": 60.513508
                }
            },
            {
                "time": {
                    "start": "2019-09-16T16:37:14.616Z",
                    "end": "2019-09-16T16:37:14.653Z"
                },
                "type": "SCRUB",
                "source": "video:drag",
                "_t": "10:37:14",
                "_end": "10:37:14",
                "data": {
                    "to": 57.991005,
                    "from": 64.567236
                }
            },
            {
                "time": {
                    "start": "2019-09-16T16:37:15.239Z",
                    "end": "2019-09-16T16:37:15.261Z"
                },
                "type": "SCRUB",
                "source": "video:drag",
                "_t": "10:37:15",
                "_end": "10:37:15",
                "data": {
                    "to": 54.124938,
                    "from": 58.438413
                }
            },
            {
                "time": {
                    "start": "2019-09-16T16:27:47.478Z",
                    "end": "2019-09-16T16:37:25.890Z"
                },
                "type": "SCRUB",
                "source": "data:drag",
                "_t": "10:27:47",
                "_end": "10:37:25",
                "data": {
                    "time": 64.666598
                }
            },
            {
                "time": {
                    "start": "2019-09-16T16:27:47.478Z",
                    "end": "2019-09-16T16:37:27.878Z"
                },
                "type": "SCRUB",
                "source": "data:drag",
                "_t": "10:27:47",
                "_end": "10:37:27",
                "data": {
                    "time": 66.662718
                }
            },
            {
                "time": {
                    "start": "2019-09-16T16:27:47.478Z",
                    "end": "2019-09-16T16:37:29.356Z"
                },
                "type": "SCRUB",
                "source": "data:drag",
                "_t": "10:27:47",
                "_end": "10:37:29",
                "data": {
                    "time": 65.947031
                }
            },
            {
                "time": {
                    "start": "2019-09-16T16:27:47.478Z",
                    "end": "2019-09-16T16:37:30.020Z"
                },
                "type": "SCRUB",
                "source": "data:drag",
                "_t": "10:27:47",
                "_end": "10:37:30",
                "data": {
                    "time": 66.62049
                }
            },
            {
                "time": {
                    "start": "2019-09-16T16:27:47.478Z",
                    "end": "2019-09-16T16:37:32.232Z"
                },
                "type": "SCRUB",
                "source": "data:drag",
                "_t": "10:27:47",
                "_end": "10:37:32",
                "data": {
                    "time": 58.181836
                }
            },
            {
                "time": {
                    "start": "2019-09-16T16:27:47.478Z",
                    "end": "2019-09-16T16:37:38.461Z"
                },
                "type": "SCRUB",
                "source": "data:drag",
                "_t": "10:27:47",
                "_end": "10:37:38",
                "data": {
                    "time": 64.305744
                }
            },
            {
                "time": {
                    "start": "2019-09-16T16:27:47.478Z",
                    "end": "2019-09-16T16:37:40.587Z"
                },
                "type": "SCRUB",
                "source": "data:drag",
                "_t": "10:27:47",
                "_end": "10:37:40",
                "data": {
                    "time": 66.429433
                }
            },
            {
                "time": {
                    "start": "2019-09-16T16:27:47.478Z",
                    "end": "2019-09-16T16:37:42.510Z"
                },
                "type": "SCRUB",
                "source": "data:drag",
                "_t": "10:27:47",
                "_end": "10:37:42",
                "data": {
                    "time": 73.673924
                }
            },
            {
                "time": {
                    "start": "2019-09-16T16:27:47.478Z",
                    "end": "2019-09-16T16:37:43.018Z"
                },
                "type": "SCRUB",
                "source": "data:drag",
                "_t": "10:27:47",
                "_end": "10:37:43",
                "data": {
                    "time": 73.690393
                }
            },
            {
                "time": {
                    "start": "2019-09-16T16:27:47.478Z",
                    "end": "2019-09-16T16:37:44.678Z"
                },
                "type": "SCRUB",
                "source": "data:drag",
                "_t": "10:27:47",
                "_end": "10:37:44",
                "data": {
                    "time": 70.283336
                }
            },
            {
                "time": {
                    "start": "2019-09-16T16:27:47.478Z",
                    "end": "2019-09-16T16:37:45.462Z"
                },
                "type": "SCRUB",
                "source": "data:drag",
                "_t": "10:27:47",
                "_end": "10:37:45",
                "data": {
                    "time": 66.87458
                }
            },
            {
                "time": {
                    "start": "2019-09-16T16:27:47.478Z",
                    "end": "2019-09-16T16:37:56.103Z"
                },
                "type": "SCRUB",
                "source": "data:drag",
                "_t": "10:27:47",
                "_end": "10:37:56",
                "data": {
                    "time": 77.493676
                }
            },
            {
                "time": {
                    "start": "2019-09-16T16:27:47.478Z",
                    "end": "2019-09-16T16:38:09.110Z"
                },
                "type": "SCRUB",
                "source": "data:drag",
                "_t": "10:27:47",
                "_end": "10:38:09",
                "data": {
                    "time": 90.499923
                }
            },
            {
                "time": {
                    "start": "2019-09-16T16:27:47.478Z",
                    "end": "2019-09-16T16:38:14.438Z"
                },
                "type": "SCRUB",
                "source": "data:drag",
                "_t": "10:27:47",
                "_end": "10:38:14",
                "data": {
                    "time": 95.83116
                }
            },
            {
                "time": {
                    "start": "2019-09-16T16:38:24.567Z",
                    "end": "2019-09-16T16:38:24.571Z"
                },
                "type": "SCRUB",
                "source": "video:drag",
                "_t": "10:38:24",
                "_end": "10:38:24",
                "data": {
                    "to": 121.136766,
                    "from": 105.957434
                }
            },
            {
                "time": {
                    "start": "2019-09-16T16:38:25.845Z",
                    "end": "2019-09-16T16:38:25.881Z"
                },
                "type": "SCRUB",
                "source": "video:drag",
                "_t": "10:38:25",
                "_end": "10:38:25",
                "data": {
                    "to": 144.333168,
                    "from": 121.928099
                }
            },
            {
                "time": {
                    "start": "2019-09-16T16:38:29.009Z",
                    "end": "2019-09-16T16:38:29.047Z"
                },
                "type": "SCRUB",
                "source": "video:drag",
                "_t": "10:38:29",
                "_end": "10:38:29",
                "data": {
                    "to": 170.106948,
                    "from": 146.901234
                }
            },
            {
                "time": {
                    "start": "2019-09-16T16:38:30.505Z",
                    "end": "2019-09-16T16:38:30.540Z"
                },
                "type": "SCRUB",
                "source": "video:drag",
                "_t": "10:38:30",
                "_end": "10:38:30",
                "data": {
                    "to": 197.169417,
                    "from": 170.913042
                }
            },
            {
                "time": {
                    "start": "2019-09-16T16:38:32.265Z",
                    "end": "2019-09-16T16:38:32.268Z"
                },
                "type": "SCRUB",
                "source": "video:drag",
                "_t": "10:38:32",
                "_end": "10:38:32",
                "data": {
                    "to": 225.520575,
                    "from": 198.111097
                }
            },
            {
                "time": {
                    "start": "2019-09-16T16:27:47.478Z",
                    "end": "2019-09-16T16:38:46.631Z"
                },
                "type": "SCRUB",
                "source": "data:drag",
                "_t": "10:27:47",
                "_end": "10:38:46",
                "data": {
                    "time": 239.34078
                }
            },
            {
                "time": {
                    "start": "2019-09-16T16:27:47.478Z",
                    "end": "2019-09-16T16:38:48.544Z"
                },
                "type": "SCRUB",
                "source": "data:drag",
                "_t": "10:27:47",
                "_end": "10:38:48",
                "data": {
                    "time": 231.54215
                }
            },
            {
                "time": {
                    "start": "2019-09-16T16:39:02.897Z",
                    "end": "2019-09-16T16:39:02.933Z"
                },
                "type": "SCRUB",
                "source": "video:drag",
                "_t": "10:39:02",
                "_end": "10:39:02",
                "data": {
                    "to": 260.315178,
                    "from": 245.867496
                }
            },
            {
                "time": {
                    "start": "2019-09-16T16:39:04.494Z",
                    "end": "2019-09-16T16:39:04.517Z"
                },
                "type": "SCRUB",
                "source": "video:drag",
                "_t": "10:39:04",
                "_end": "10:39:04",
                "data": {
                    "to": 284.800269,
                    "from": 261.257122
                }
            },
            {
                "time": {
                    "start": "2019-09-16T16:39:05.849Z",
                    "end": "2019-09-16T16:39:05.887Z"
                },
                "type": "SCRUB",
                "source": "video:drag",
                "_t": "10:39:05",
                "_end": "10:39:05",
                "data": {
                    "to": 301.553226,
                    "from": 285.449025
                }
            },
            {
                "time": {
                    "start": "2019-09-16T16:39:07.249Z",
                    "end": "2019-09-16T16:39:07.291Z"
                },
                "type": "SCRUB",
                "source": "video:drag",
                "_t": "10:39:07",
                "_end": "10:39:07",
                "data": {
                    "to": 319.594872,
                    "from": 302.209023
                }
            },
            {
                "time": {
                    "start": "2019-09-16T16:39:08.705Z",
                    "end": "2019-09-16T16:39:08.739Z"
                },
                "type": "SCRUB",
                "source": "video:drag",
                "_t": "10:39:08",
                "_end": "10:39:08",
                "data": {
                    "to": 363.410298,
                    "from": 320.405504
                }
            },
            {
                "time": {
                    "start": "2019-09-16T16:39:09.873Z",
                    "end": "2019-09-16T16:39:09.909Z"
                },
                "type": "SCRUB",
                "source": "video:drag",
                "_t": "10:39:09",
                "_end": "10:39:09",
                "data": {
                    "to": 380.163256,
                    "from": 364.023168
                }
            },
            {
                "time": {
                    "start": "2019-09-16T16:39:12.099Z",
                    "end": "2019-09-16T16:39:12.144Z"
                },
                "type": "SCRUB",
                "source": "video:drag",
                "_t": "10:39:12",
                "_end": "10:39:12",
                "data": {
                    "to": 423.978682,
                    "from": 381.700189
                }
            },
            {
                "time": {
                    "start": "2019-09-16T16:39:13.424Z",
                    "end": "2019-09-16T16:39:13.428Z"
                },
                "type": "SCRUB",
                "source": "video:drag",
                "_t": "10:39:13",
                "_end": "10:39:13",
                "data": {
                    "to": 466.505419,
                    "from": 424.536476
                }
            },
            {
                "time": {
                    "start": "2019-09-16T16:39:14.856Z",
                    "end": "2019-09-16T16:39:14.916Z"
                },
                "type": "SCRUB",
                "source": "video:drag",
                "_t": "10:39:14",
                "_end": "10:39:14",
                "data": {
                    "to": 502.588711,
                    "from": 467.151482
                }
            },
            {
                "time": {
                    "start": "2019-09-16T16:39:16.154Z",
                    "end": "2019-09-16T16:39:16.221Z"
                },
                "type": "SCRUB",
                "source": "video:drag",
                "_t": "10:39:16",
                "_end": "10:39:16",
                "data": {
                    "to": 545.115448,
                    "from": 502.933735
                }
            },
            {
                "time": {
                    "start": "2019-09-16T16:39:17.410Z",
                    "end": "2019-09-16T16:39:17.450Z"
                },
                "type": "SCRUB",
                "source": "video:drag",
                "_t": "10:39:17",
                "_end": "10:39:17",
                "data": {
                    "to": 592.796941,
                    "from": 545.622537
                }
            },
            {
                "time": {
                    "start": "2019-09-16T16:27:47.478Z",
                    "end": "2019-09-16T16:39:23.494Z"
                },
                "type": "SCRUB",
                "source": "data:drag",
                "_t": "10:27:47",
                "_end": "10:39:23",
                "data": {
                    "time": 598.297925
                }
            },
            {
                "time": {
                    "start": "2019-09-16T16:27:47.478Z",
                    "end": "2019-09-16T16:39:27.494Z"
                },
                "type": "SCRUB",
                "source": "data:drag",
                "_t": "10:27:47",
                "_end": "10:39:27",
                "data": {
                    "time": 595.073705
                }
            },
            {
                "time": {
                    "start": "2019-09-16T16:27:47.478Z",
                    "end": "2019-09-16T16:39:30.064Z"
                },
                "type": "SCRUB",
                "source": "data:drag",
                "_t": "10:27:47",
                "_end": "10:39:30",
                "data": {
                    "time": 593.152601
                }
            },
            {
                "time": {
                    "start": "2019-09-16T16:27:47.478Z",
                    "end": "2019-09-16T16:39:36.656Z"
                },
                "type": "SCRUB",
                "source": "data:drag",
                "_t": "10:27:47",
                "_end": "10:39:36",
                "data": {
                    "time": 599.743635
                }
            },
            {
                "time": {
                    "start": "2019-09-16T16:27:47.478Z",
                    "end": "2019-09-16T16:39:39.933Z"
                },
                "type": "SCRUB",
                "source": "data:drag",
                "_t": "10:27:47",
                "_end": "10:39:39",
                "data": {
                    "time": 593.78035
                }
            },
            {
                "time": {
                    "start": "2019-09-16T16:27:47.478Z",
                    "end": "2019-09-16T16:39:49.083Z"
                },
                "type": "SCRUB",
                "source": "data:drag",
                "_t": "10:27:47",
                "_end": "10:39:49",
                "data": {
                    "time": 602.930877
                }
            },
            {
                "time": {
                    "start": "2019-09-16T16:27:47.478Z",
                    "end": "2019-09-16T16:39:51.604Z"
                },
                "type": "SCRUB",
                "source": "data:drag",
                "_t": "10:27:47",
                "_end": "10:39:51",
                "data": {
                    "time": 599.869364
                }
            },
            {
                "time": {
                    "start": "2019-09-16T16:27:47.478Z",
                    "end": "2019-09-16T16:39:54.695Z"
                },
                "type": "SCRUB",
                "source": "data:drag",
                "_t": "10:27:47",
                "_end": "10:39:54",
                "data": {
                    "time": 602.965335
                }
            },
            {
                "time": {
                    "start": "2019-09-16T16:27:47.478Z",
                    "end": "2019-09-16T16:39:56.471Z"
                },
                "type": "SCRUB",
                "source": "data:drag",
                "_t": "10:27:47",
                "_end": "10:39:56",
                "data": {
                    "time": 604.744785
                }
            },
            {
                "time": {
                    "start": "2019-09-16T16:27:47.478Z",
                    "end": "2019-09-16T16:39:57.000Z"
                },
                "type": "SCRUB",
                "source": "data:drag",
                "_t": "10:27:47",
                "_end": "10:39:57",
                "data": {
                    "time": 605.27467
                }
            },
            {
                "time": {
                    "start": "2019-09-16T16:39:59.147Z",
                    "end": "2019-09-16T16:39:59.165Z"
                },
                "type": "SCRUB",
                "source": "video:drag",
                "_t": "10:39:59",
                "_end": "10:39:59",
                "data": {
                    "to": 626.302855,
                    "from": 607.417087
                }
            },
            {
                "time": {
                    "start": "2019-09-16T16:40:00.369Z",
                    "end": "2019-09-16T16:40:00.371Z"
                },
                "type": "SCRUB",
                "source": "video:drag",
                "_t": "10:40:00",
                "_end": "10:40:00",
                "data": {
                    "to": 645.63319,
                    "from": 626.769806
                }
            },
            {
                "time": {
                    "start": "2019-09-16T16:40:01.579Z",
                    "end": "2019-09-16T16:40:01.616Z"
                },
                "type": "SCRUB",
                "source": "video:drag",
                "_t": "10:40:01",
                "_end": "10:40:01",
                "data": {
                    "to": 667.540903,
                    "from": 646.282501
                }
            },
            {
                "time": {
                    "start": "2019-09-16T16:40:02.979Z",
                    "end": "2019-09-16T16:40:03.038Z"
                },
                "type": "SCRUB",
                "source": "video:drag",
                "_t": "10:40:02",
                "_end": "10:40:03",
                "data": {
                    "to": 688.159927,
                    "from": 667.962998
                }
            },
            {
                "time": {
                    "start": "2019-09-16T16:40:04.065Z",
                    "end": "2019-09-16T16:40:04.066Z"
                },
                "type": "SCRUB",
                "source": "video:drag",
                "_t": "10:40:04",
                "_end": "10:40:04",
                "data": {
                    "to": 726.820597,
                    "from": 688.630656
                }
            },
            {
                "time": {
                    "start": "2019-09-16T16:40:05.027Z",
                    "end": "2019-09-16T16:40:05.087Z"
                },
                "type": "SCRUB",
                "source": "video:drag",
                "_t": "10:40:05",
                "_end": "10:40:05",
                "data": {
                    "to": 757.749134,
                    "from": 727.182699
                }
            },
            {
                "time": {
                    "start": "2019-09-16T16:40:06.049Z",
                    "end": "2019-09-16T16:40:06.111Z"
                },
                "type": "SCRUB",
                "source": "video:drag",
                "_t": "10:40:06",
                "_end": "10:40:06",
                "data": {
                    "to": 800.275871,
                    "from": 758.111478
                }
            },
            {
                "time": "2019-09-16T16:40:06.714Z",
                "type": "PAUSE",
                "source": "video:button",
                "_t": "10:40:06",
                "_end": "-"
            },
            {
                "time": {
                    "start": "2019-09-16T16:40:07.179Z",
                    "end": "2019-09-16T16:40:07.210Z"
                },
                "type": "SCRUB",
                "source": "video:drag",
                "_t": "10:40:07",
                "_end": "10:40:07",
                "data": {
                    "to": 769.347335,
                    "from": 800.29953
                }
            },
            {
                "time": {
                    "start": "2019-09-16T16:40:08.347Z",
                    "end": "2019-09-16T16:40:08.376Z"
                },
                "type": "SCRUB",
                "source": "video:drag",
                "_t": "10:40:08",
                "_end": "10:40:08",
                "data": {
                    "to": 739.707487,
                    "from": 769.347335
                }
            },
            {
                "time": {
                    "start": "2019-09-16T16:40:11.170Z",
                    "end": "2019-09-16T16:40:11.191Z"
                },
                "type": "SCRUB",
                "source": "video:drag",
                "_t": "10:40:11",
                "_end": "10:40:11",
                "data": {
                    "to": 726.820597,
                    "from": 739.707487
                }
            },
            {
                "time": "2019-09-16T16:40:11.594Z",
                "type": "PLAY",
                "source": "video:button",
                "_t": "10:40:11",
                "_end": "-"
            },
            {
                "time": {
                    "start": "2019-09-16T16:40:13.176Z",
                    "end": "2019-09-16T16:40:13.217Z"
                },
                "type": "SCRUB",
                "source": "video:drag",
                "_t": "10:40:13",
                "_end": "10:40:13",
                "data": {
                    "to": 734.552731,
                    "from": 728.313674
                }
            },
            {
                "time": {
                    "start": "2019-09-16T16:27:47.478Z",
                    "end": "2019-09-16T16:40:32.434Z"
                },
                "type": "SCRUB",
                "source": "data:drag",
                "_t": "10:27:47",
                "_end": "10:40:32",
                "data": {
                    "time": 752.893886
                }
            },
            {
                "time": {
                    "start": "2019-09-16T16:27:47.478Z",
                    "end": "2019-09-16T16:40:41.409Z"
                },
                "type": "SCRUB",
                "source": "data:drag",
                "_t": "10:27:47",
                "_end": "10:40:41",
                "data": {
                    "time": 761.866701
                }
            },
            {
                "time": {
                    "start": "2019-09-16T16:40:54.098Z",
                    "end": "2019-09-16T16:40:54.147Z"
                },
                "type": "SCRUB",
                "source": "video:drag",
                "_t": "10:40:54",
                "_end": "10:40:54",
                "data": {
                    "to": 780.945536,
                    "from": 774.559193
                }
            },
            {
                "time": {
                    "start": "2019-09-16T16:40:56.438Z",
                    "end": "2019-09-16T16:40:56.440Z"
                },
                "type": "SCRUB",
                "source": "video:drag",
                "_t": "10:40:56",
                "_end": "10:40:56",
                "data": {
                    "to": 796.409804,
                    "from": 782.675357
                }
            },
            {
                "time": {
                    "start": "2019-09-16T16:40:57.458Z",
                    "end": "2019-09-16T16:40:57.513Z"
                },
                "type": "SCRUB",
                "source": "video:drag",
                "_t": "10:40:57",
                "_end": "10:40:57",
                "data": {
                    "to": 829.915718,
                    "from": 796.718652
                }
            },
            {
                "time": {
                    "start": "2019-09-16T16:40:58.491Z",
                    "end": "2019-09-16T16:40:58.545Z"
                },
                "type": "SCRUB",
                "source": "video:drag",
                "_t": "10:40:58",
                "_end": "10:40:58",
                "data": {
                    "to": 864.710321,
                    "from": 830.564454
                }
            },
            {
                "time": "2019-09-16T16:40:59.624Z",
                "type": "PAUSE",
                "source": "video:button",
                "_t": "10:40:59",
                "_end": "-"
            },
            {
                "time": "2019-09-16T16:41:00.459Z",
                "type": "PLAY",
                "source": "video:button",
                "_t": "10:41:00",
                "_end": "-"
            },
            {
                "time": {
                    "start": "2019-09-16T16:41:01.041Z",
                    "end": "2019-09-16T16:41:01.097Z"
                },
                "type": "SCRUB",
                "source": "video:drag",
                "_t": "10:41:01",
                "_end": "10:41:01",
                "data": {
                    "to": 887.906723,
                    "from": 865.782303
                }
            },
            {
                "time": {
                    "start": "2019-09-16T16:41:02.379Z",
                    "end": "2019-09-16T16:41:02.438Z"
                },
                "type": "SCRUB",
                "source": "video:drag",
                "_t": "10:41:02",
                "_end": "10:41:02",
                "data": {
                    "to": 912.391814,
                    "from": 888.523026
                }
            },
            {
                "time": {
                    "start": "2019-09-16T16:41:03.529Z",
                    "end": "2019-09-16T16:41:03.572Z"
                },
                "type": "SCRUB",
                "source": "video:drag",
                "_t": "10:41:03",
                "_end": "10:41:03",
                "data": {
                    "to": 933.010838,
                    "from": 912.859197
                }
            },
            {
                "time": {
                    "start": "2019-09-16T16:41:04.462Z",
                    "end": "2019-09-16T16:41:04.515Z"
                },
                "type": "SCRUB",
                "source": "video:drag",
                "_t": "10:41:04",
                "_end": "10:41:04",
                "data": {
                    "to": 958.784618,
                    "from": 933.311292
                }
            },
            {
                "time": {
                    "start": "2019-09-16T16:41:05.524Z",
                    "end": "2019-09-16T16:41:05.584Z"
                },
                "type": "SCRUB",
                "source": "video:drag",
                "_t": "10:41:05",
                "_end": "10:41:05",
                "data": {
                    "to": 974.248886,
                    "from": 959.175683
                }
            },
            {
                "time": {
                    "start": "2019-09-16T16:41:06.522Z",
                    "end": "2019-09-16T16:41:06.590Z"
                },
                "type": "SCRUB",
                "source": "video:drag",
                "_t": "10:41:06",
                "_end": "10:41:06",
                "data": {
                    "to": 1006.466111,
                    "from": 974.523592
                }
            },
            {
                "time": {
                    "start": "2019-09-16T16:41:07.465Z",
                    "end": "2019-09-16T16:41:07.505Z"
                },
                "type": "SCRUB",
                "source": "video:drag",
                "_t": "10:41:07",
                "_end": "10:41:07",
                "data": {
                    "to": 1028.373824,
                    "from": 1006.711172
                }
            },
            {
                "time": {
                    "start": "2019-09-16T16:41:08.722Z",
                    "end": "2019-09-16T16:41:08.784Z"
                },
                "type": "SCRUB",
                "source": "video:drag",
                "_t": "10:41:08",
                "_end": "10:41:08",
                "data": {
                    "to": 1050.281537,
                    "from": 1028.920122
                }
            },
            {
                "time": {
                    "start": "2019-09-16T16:41:09.844Z",
                    "end": "2019-09-16T16:41:09.899Z"
                },
                "type": "SCRUB",
                "source": "video:drag",
                "_t": "10:41:09",
                "_end": "10:41:09",
                "data": {
                    "to": 1073.477939,
                    "from": 1050.673109
                }
            },
            {
                "time": {
                    "start": "2019-09-16T16:41:11.117Z",
                    "end": "2019-09-16T16:41:11.176Z"
                },
                "type": "SCRUB",
                "source": "video:drag",
                "_t": "10:41:11",
                "_end": "10:41:11",
                "data": {
                    "to": 1087.653518,
                    "from": 1074.003421
                }
            },
            {
                "time": {
                    "start": "2019-09-16T16:41:12.321Z",
                    "end": "2019-09-16T16:41:12.361Z"
                },
                "type": "SCRUB",
                "source": "video:drag",
                "_t": "10:41:12",
                "_end": "10:41:12",
                "data": {
                    "to": 1113.427298,
                    "from": 1087.922341
                }
            },
            {
                "time": {
                    "start": "2019-09-16T16:41:13.346Z",
                    "end": "2019-09-16T16:41:13.387Z"
                },
                "type": "SCRUB",
                "source": "video:drag",
                "_t": "10:41:13",
                "_end": "10:41:13",
                "data": {
                    "to": 1137.91239,
                    "from": 1113.912619
                }
            },
            {
                "time": {
                    "start": "2019-09-16T16:41:14.302Z",
                    "end": "2019-09-16T16:41:14.357Z"
                },
                "type": "SCRUB",
                "source": "video:drag",
                "_t": "10:41:14",
                "_end": "10:41:14",
                "data": {
                    "to": 1149.510591,
                    "from": 1138.185255
                }
            },
            {
                "time": {
                    "start": "2019-09-16T16:41:15.509Z",
                    "end": "2019-09-16T16:41:15.561Z"
                },
                "type": "SCRUB",
                "source": "video:drag",
                "_t": "10:41:15",
                "_end": "10:41:15",
                "data": {
                    "to": 1177.861749,
                    "from": 1149.510591
                }
            },
            {
                "time": {
                    "start": "2019-09-16T16:41:19.036Z",
                    "end": "2019-09-16T16:41:19.097Z"
                },
                "type": "SCRUB",
                "source": "video:drag",
                "_t": "10:41:19",
                "_end": "10:41:19",
                "data": {
                    "to": 1208.790285,
                    "from": 1180.779524
                }
            },
            {
                "time": {
                    "start": "2019-09-16T16:41:20.019Z",
                    "end": "2019-09-16T16:41:20.083Z"
                },
                "type": "SCRUB",
                "source": "video:drag",
                "_t": "10:41:20",
                "_end": "10:41:20",
                "data": {
                    "to": 1237.141443,
                    "from": 1209.069187
                }
            },
            {
                "time": {
                    "start": "2019-09-16T16:41:21.131Z",
                    "end": "2019-09-16T16:41:21.190Z"
                },
                "type": "SCRUB",
                "source": "video:drag",
                "_t": "10:41:21",
                "_end": "10:41:21",
                "data": {
                    "to": 1257.760467,
                    "from": 1237.513774
                }
            },
            {
                "time": {
                    "start": "2019-09-16T16:41:22.283Z",
                    "end": "2019-09-16T16:41:22.345Z"
                },
                "type": "SCRUB",
                "source": "video:drag",
                "_t": "10:41:22",
                "_end": "10:41:22",
                "data": {
                    "to": 1269.358668,
                    "from": 1258.328008
                }
            },
            {
                "time": {
                    "start": "2019-09-16T16:41:23.858Z",
                    "end": "2019-09-16T16:41:23.915Z"
                },
                "type": "SCRUB",
                "source": "video:drag",
                "_t": "10:41:23",
                "_end": "10:41:23",
                "data": {
                    "to": 1301.575893,
                    "from": 1270.157388
                }
            },
            {
                "time": {
                    "start": "2019-09-16T16:41:25.403Z",
                    "end": "2019-09-16T16:41:25.465Z"
                },
                "type": "SCRUB",
                "source": "video:drag",
                "_t": "10:41:25",
                "_end": "10:41:25",
                "data": {
                    "to": 1331.21574,
                    "from": 1302.405939
                }
            },
            {
                "time": {
                    "start": "2019-09-16T16:41:26.584Z",
                    "end": "2019-09-16T16:41:26.639Z"
                },
                "type": "SCRUB",
                "source": "video:drag",
                "_t": "10:41:26",
                "_end": "10:41:26",
                "data": {
                    "to": 1362.144276,
                    "from": 1331.605343
                }
            },
            {
                "time": {
                    "start": "2019-09-16T16:41:27.410Z",
                    "end": "2019-09-16T16:41:27.481Z"
                },
                "type": "SCRUB",
                "source": "video:drag",
                "_t": "10:41:27",
                "_end": "10:41:27",
                "data": {
                    "to": 1407.248391,
                    "from": 1362.387858
                }
            },
            {
                "time": {
                    "start": "2019-09-16T16:27:47.478Z",
                    "end": "2019-09-16T16:41:29.956Z"
                },
                "type": "SCRUB",
                "source": "data:drag",
                "_t": "10:27:47",
                "_end": "10:41:29",
                "data": {
                    "time": 1432.425874
                }
            },
            {
                "time": {
                    "start": "2019-09-16T16:27:47.478Z",
                    "end": "2019-09-16T16:41:30.952Z"
                },
                "type": "SCRUB",
                "source": "data:drag",
                "_t": "10:27:47",
                "_end": "10:41:30",
                "data": {
                    "time": 1457.263307
                }
            },
            {
                "time": {
                    "start": "2019-09-16T16:27:47.478Z",
                    "end": "2019-09-16T16:41:32.242Z"
                },
                "type": "SCRUB",
                "source": "data:drag",
                "_t": "10:27:47",
                "_end": "10:41:32",
                "data": {
                    "time": 1422.135671
                }
            },
            {
                "time": {
                    "start": "2019-09-16T16:27:47.478Z",
                    "end": "2019-09-16T16:41:48.498Z"
                },
                "type": "SCRUB",
                "source": "data:drag",
                "_t": "10:27:47",
                "_end": "10:41:48",
                "data": {
                    "time": 1437.540307
                }
            },
            {
                "time": {
                    "start": "2019-09-16T16:41:52.212Z",
                    "end": "2019-09-16T16:41:52.270Z"
                },
                "type": "SCRUB",
                "source": "video:drag",
                "_t": "10:41:52",
                "_end": "10:41:52",
                "data": {
                    "to": 1454.929884,
                    "from": 1441.260804
                }
            },
            {
                "time": {
                    "start": "2019-09-16T16:41:53.576Z",
                    "end": "2019-09-16T16:41:53.577Z"
                },
                "type": "SCRUB",
                "source": "video:drag",
                "_t": "10:41:53",
                "_end": "10:41:53",
                "data": {
                    "to": 1463.950707,
                    "from": 1455.404373
                }
            }
        ]
    }
}