{
    "user_id": "olive2",
    "session_id": "5d7fc16b81249f67dd06ad7f",
    "study": "studyE",
    "workspace": "gait.gait-red",
    "details": {
        "workspace": "gait.gait-red",
        "labels": [
            {
                "time": 4.07,
                "endTime": 4.07,
                "type": "orange-in-air",
                "id": 6
            },
            {
                "time": 0.222,
                "endTime": 1.026,
                "type": "orange-on-ground",
                "id": 7
            },
            {
                "time": 3.95383,
                "endTime": 4.07,
                "type": "orange-on-ground",
                "id": 9
            },
            {
                "time": 5.036,
                "endTime": 5.752,
                "type": "orange-in-air",
                "id": 10
            },
            {
                "time": 5.752,
                "endTime": 6.396,
                "type": "orange-on-ground",
                "id": 11
            },
            {
                "time": 6.396,
                "endTime": 7.156,
                "type": "orange-in-air",
                "id": 12
            },
            {
                "time": 7.156,
                "endTime": 7.836,
                "type": "orange-on-ground",
                "id": 13
            },
            {
                "time": 7.836,
                "endTime": 8.76,
                "type": "orange-in-air",
                "id": 14
            },
            {
                "time": 8.76,
                "endTime": 9.164,
                "type": "orange-on-ground",
                "id": 15
            },
            {
                "time": 9.164,
                "endTime": 10.006,
                "type": "orange-in-air",
                "id": 16
            },
            {
                "time": 10.006,
                "endTime": 10.642,
                "type": "orange-on-ground",
                "id": 17
            },
            {
                "time": 10.642,
                "endTime": 11.404,
                "type": "orange-in-air",
                "id": 18
            },
            {
                "time": 11.404,
                "endTime": 12.048,
                "type": "orange-on-ground",
                "id": 19
            },
            {
                "time": 12.048,
                "endTime": 12.772,
                "type": "orange-in-air",
                "id": 20
            },
            {
                "time": 12.772,
                "endTime": 13.294,
                "type": "orange-on-ground",
                "id": 21
            },
            {
                "time": 13.294,
                "endTime": 14.25,
                "type": "orange-in-air",
                "id": 22
            },
            {
                "time": 14.25,
                "endTime": 14.816,
                "type": "orange-on-ground",
                "id": 23
            },
            {
                "time": 14.816,
                "endTime": 15.612,
                "type": "orange-in-air",
                "id": 24
            },
            {
                "time": 15.612,
                "endTime": 16.220479,
                "type": "orange-on-ground",
                "id": 25
            },
            {
                "time": 16.220479,
                "endTime": 16.938,
                "type": "orange-in-air",
                "id": 26
            },
            {
                "time": 16.938,
                "endTime": 17.582,
                "type": "orange-on-ground",
                "id": 27
            },
            {
                "time": 17.582,
                "endTime": 18.3,
                "type": "orange-in-air",
                "id": 28
            },
            {
                "time": 18.3,
                "endTime": 18.9,
                "type": "orange-on-ground",
                "id": 29
            },
            {
                "time": 18.9,
                "endTime": 19.66,
                "type": "orange-in-air",
                "id": 30
            },
            {
                "time": 19.66,
                "endTime": 20.386,
                "type": "orange-on-ground",
                "id": 31
            },
            {
                "time": 20.386,
                "endTime": 21.146,
                "type": "orange-in-air",
                "id": 32
            },
            {
                "time": 21.146,
                "endTime": 21.748,
                "type": "orange-on-ground",
                "id": 33
            },
            {
                "time": 21.748,
                "endTime": 22.428,
                "type": "orange-in-air",
                "id": 34
            },
            {
                "time": 22.428,
                "endTime": 23.028,
                "type": "orange-on-ground",
                "id": 35
            },
            {
                "time": 23.028,
                "endTime": 23.956603,
                "type": "orange-in-air",
                "id": 36
            },
            {
                "time": 1.798936284552846,
                "endTime": 2.310241,
                "type": "orange-in-air",
                "id": 37
            },
            {
                "time": 1.798936284552846,
                "endTime": 1.798936284552846,
                "type": "orange-in-air",
                "id": 38
            }
        ],
        "_starts": [
            "2019-09-16T17:28:15.000Z"
        ],
        "_ends": [
            "2019-09-16T17:31:28.258Z"
        ]
    },
    "labels_file": "/home/ubuntu/vat/data/user-studies/studyE/gait-red/olive2.labels.json",
    "videoFlash": 0.00001,
    "surveys": {
        "user-info": {
            "firstname": "Nathan",
            "lastname": "Walls",
            "email": "nathanmwalls@gmail.com"
        },
        "practice-first": {
            "question1": "5",
            "question2": "ok",
            "question3": "100",
            "question4": "5"
        },
        "practice-second": {},
        "practice-third": {},
        "practice-survey": {},
        "drywall-blue": {
            "question1": "4",
            "question2": "1",
            "question3": "30",
            "question4": "70"
        },
        "drywall-red": {
            "question1": "2",
            "question2": "2",
            "question3": "30",
            "question4": "50"
        },
        "drywall-orange": {
            "question1": "4",
            "question2": "1",
            "question3": "20",
            "question4": "50"
        },
        "drywall-survey": {
            "question1": "5",
            "question2": "4",
            "question3": "5",
            "question4": "4"
        },
        "gait-blue": {
            "question1": "5",
            "question2": "5",
            "question3": "100",
            "question4": "80"
        }
    },
    "logs": {
        "labelEvents": [
            {
                "time": "2019-09-16T17:28:43.564Z",
                "type": "START",
                "source": "hotkey",
                "_t": "11:28:43",
                "_end": "-",
                "data": {
                    "type": "orange-on-ground",
                    "time": 1.3
                }
            },
            {
                "time": "2019-09-16T17:28:46.034Z",
                "type": "START",
                "source": "hotkey",
                "_t": "11:28:46",
                "_end": "-",
                "data": {
                    "type": "orange-in-air",
                    "time": 1.904
                }
            },
            {
                "time": "2019-09-16T17:28:49.139Z",
                "type": "START",
                "source": "hotkey",
                "_t": "11:28:49",
                "_end": "-",
                "data": {
                    "type": "orange-on-ground",
                    "time": 2.71
                }
            },
            {
                "time": "2019-09-16T17:28:50.045Z",
                "type": "START",
                "source": "hotkey",
                "_t": "11:28:50",
                "_end": "-",
                "data": {
                    "type": "orange-in-air",
                    "time": 2.902
                }
            },
            {
                "time": "2019-09-16T17:28:54.665Z",
                "type": "START",
                "source": "hotkey",
                "_t": "11:28:54",
                "_end": "-",
                "data": {
                    "type": "orange-on-ground",
                    "time": 4.07
                }
            },
            {
                "time": "2019-09-16T17:28:55.205Z",
                "type": "START",
                "source": "hotkey",
                "_t": "11:28:55",
                "_end": "-",
                "data": {
                    "type": "orange-in-air",
                    "time": 4.192939
                }
            },
            {
                "time": "2019-09-16T17:29:01.341Z",
                "type": "END",
                "source": "data:click:h_pos",
                "_t": "11:29:01",
                "_end": "-",
                "data": {
                    "lbl": {
                        "time": 4.07,
                        "endTime": 4.07,
                        "type": "orange-in-air",
                        "id": 6
                    }
                }
            },
            {
                "time": "2019-09-16T17:29:01.351Z",
                "type": "SELECT",
                "source": "data:click",
                "_t": "11:29:01",
                "_end": "-",
                "data": {
                    "time": 1.904,
                    "endTime": 2.71,
                    "type": "orange-in-air",
                    "id": 2
                }
            },
            {
                "time": "2019-09-16T17:29:05.435Z",
                "type": "DESELECT",
                "source": "data:click",
                "_t": "11:29:05",
                "_end": "-",
                "data": {
                    "time": 1.904,
                    "endTime": 2.71,
                    "type": "orange-in-air",
                    "id": 2
                }
            },
            {
                "time": "2019-09-16T17:29:08.323Z",
                "type": "SELECT",
                "source": "data:click",
                "_t": "11:29:08",
                "_end": "-",
                "data": {
                    "time": 1.3,
                    "endTime": 1.904,
                    "type": "orange-on-ground",
                    "id": 1
                }
            },
            {
                "time": "2019-09-16T17:29:09.613Z",
                "type": "DELETE",
                "source": "side-bar:button",
                "_t": "11:29:09",
                "_end": "-",
                "data": {
                    "id": 1,
                    "idx": 0
                }
            },
            {
                "time": "2019-09-16T17:29:10.757Z",
                "type": "SELECT",
                "source": "data:click",
                "_t": "11:29:10",
                "_end": "-",
                "data": {
                    "time": 1.904,
                    "endTime": 2.71,
                    "type": "orange-in-air",
                    "id": 2
                }
            },
            {
                "time": "2019-09-16T17:29:11.918Z",
                "type": "DELETE",
                "source": "side-bar:button",
                "_t": "11:29:11",
                "_end": "-",
                "data": {
                    "id": 2,
                    "idx": 0
                }
            },
            {
                "time": "2019-09-16T17:29:15.785Z",
                "type": "SELECT",
                "source": "data:click",
                "_t": "11:29:15",
                "_end": "-",
                "data": {
                    "time": 2.71,
                    "endTime": 2.902,
                    "type": "orange-on-ground",
                    "id": 3
                }
            },
            {
                "time": "2019-09-16T17:29:17.051Z",
                "type": "DELETE",
                "source": "side-bar:button",
                "_t": "11:29:17",
                "_end": "-",
                "data": {
                    "id": 3,
                    "idx": 0
                }
            },
            {
                "time": "2019-09-16T17:29:17.976Z",
                "type": "SELECT",
                "source": "data:click",
                "_t": "11:29:17",
                "_end": "-",
                "data": {
                    "time": 2.902,
                    "endTime": 4.07,
                    "type": "orange-in-air",
                    "id": 4
                }
            },
            {
                "time": "2019-09-16T17:29:20.141Z",
                "type": "DELETE",
                "source": "side-bar:button",
                "_t": "11:29:20",
                "_end": "-",
                "data": {
                    "id": 4,
                    "idx": 0
                }
            },
            {
                "time": "2019-09-16T17:29:21.604Z",
                "type": "SELECT",
                "source": "data:click",
                "_t": "11:29:21",
                "_end": "-",
                "data": {
                    "time": 4.07,
                    "endTime": 4.192939,
                    "type": "orange-on-ground",
                    "id": 5
                }
            },
            {
                "time": "2019-09-16T17:29:22.675Z",
                "type": "DELETE",
                "source": "side-bar:button",
                "_t": "11:29:22",
                "_end": "-",
                "data": {
                    "id": 5,
                    "idx": 0
                }
            },
            {
                "time": "2019-09-16T17:29:26.462Z",
                "type": "START",
                "source": "hotkey",
                "_t": "11:29:26",
                "_end": "-",
                "data": {
                    "type": "orange-on-ground",
                    "time": 0.222
                }
            },
            {
                "time": "2019-09-16T17:29:29.664Z",
                "type": "START",
                "source": "hotkey",
                "_t": "11:29:29",
                "_end": "-",
                "data": {
                    "type": "orange-in-air",
                    "time": 1.026
                }
            },
            {
                "time": "2019-09-16T17:29:41.291Z",
                "type": "START",
                "source": "hotkey",
                "_t": "11:29:41",
                "_end": "-",
                "data": {
                    "type": "orange-on-ground",
                    "time": 3.95383
                }
            },
            {
                "time": "2019-09-16T17:29:45.646Z",
                "type": "START",
                "source": "hotkey",
                "_t": "11:29:45",
                "_end": "-",
                "data": {
                    "type": "orange-in-air",
                    "time": 5.036
                }
            },
            {
                "time": "2019-09-16T17:29:48.608Z",
                "type": "START",
                "source": "hotkey",
                "_t": "11:29:48",
                "_end": "-",
                "data": {
                    "type": "orange-on-ground",
                    "time": 5.752
                }
            },
            {
                "time": "2019-09-16T17:29:51.145Z",
                "type": "START",
                "source": "hotkey",
                "_t": "11:29:51",
                "_end": "-",
                "data": {
                    "type": "orange-in-air",
                    "time": 6.396
                }
            },
            {
                "time": "2019-09-16T17:29:54.226Z",
                "type": "START",
                "source": "hotkey",
                "_t": "11:29:54",
                "_end": "-",
                "data": {
                    "type": "orange-on-ground",
                    "time": 7.156
                }
            },
            {
                "time": "2019-09-16T17:29:56.903Z",
                "type": "START",
                "source": "hotkey",
                "_t": "11:29:56",
                "_end": "-",
                "data": {
                    "type": "orange-in-air",
                    "time": 7.836
                }
            },
            {
                "time": "2019-09-16T17:30:00.519Z",
                "type": "START",
                "source": "hotkey",
                "_t": "11:30:00",
                "_end": "-",
                "data": {
                    "type": "orange-on-ground",
                    "time": 8.76
                }
            },
            {
                "time": "2019-09-16T17:30:02.176Z",
                "type": "START",
                "source": "hotkey",
                "_t": "11:30:02",
                "_end": "-",
                "data": {
                    "type": "orange-in-air",
                    "time": 9.164
                }
            },
            {
                "time": "2019-09-16T17:30:05.512Z",
                "type": "START",
                "source": "hotkey",
                "_t": "11:30:05",
                "_end": "-",
                "data": {
                    "type": "orange-on-ground",
                    "time": 10.006
                }
            },
            {
                "time": "2019-09-16T17:30:08.115Z",
                "type": "START",
                "source": "hotkey",
                "_t": "11:30:08",
                "_end": "-",
                "data": {
                    "type": "orange-in-air",
                    "time": 10.642
                }
            },
            {
                "time": "2019-09-16T17:30:11.162Z",
                "type": "START",
                "source": "hotkey",
                "_t": "11:30:11",
                "_end": "-",
                "data": {
                    "type": "orange-on-ground",
                    "time": 11.404
                }
            },
            {
                "time": "2019-09-16T17:30:13.662Z",
                "type": "START",
                "source": "hotkey",
                "_t": "11:30:13",
                "_end": "-",
                "data": {
                    "type": "orange-in-air",
                    "time": 12.048
                }
            },
            {
                "time": "2019-09-16T17:30:16.584Z",
                "type": "START",
                "source": "hotkey",
                "_t": "11:30:16",
                "_end": "-",
                "data": {
                    "type": "orange-on-ground",
                    "time": 12.772
                }
            },
            {
                "time": "2019-09-16T17:30:18.651Z",
                "type": "START",
                "source": "hotkey",
                "_t": "11:30:18",
                "_end": "-",
                "data": {
                    "type": "orange-in-air",
                    "time": 13.294
                }
            },
            {
                "time": "2019-09-16T17:30:22.534Z",
                "type": "START",
                "source": "hotkey",
                "_t": "11:30:22",
                "_end": "-",
                "data": {
                    "type": "orange-on-ground",
                    "time": 14.25
                }
            },
            {
                "time": "2019-09-16T17:30:24.769Z",
                "type": "START",
                "source": "hotkey",
                "_t": "11:30:24",
                "_end": "-",
                "data": {
                    "type": "orange-in-air",
                    "time": 14.816
                }
            },
            {
                "time": "2019-09-16T17:30:27.940Z",
                "type": "START",
                "source": "hotkey",
                "_t": "11:30:27",
                "_end": "-",
                "data": {
                    "type": "orange-on-ground",
                    "time": 15.612
                }
            },
            {
                "time": "2019-09-16T17:30:30.441Z",
                "type": "START",
                "source": "hotkey",
                "_t": "11:30:30",
                "_end": "-",
                "data": {
                    "type": "orange-in-air",
                    "time": 16.220479
                }
            },
            {
                "time": "2019-09-16T17:30:33.306Z",
                "type": "START",
                "source": "hotkey",
                "_t": "11:30:33",
                "_end": "-",
                "data": {
                    "type": "orange-on-ground",
                    "time": 16.938
                }
            },
            {
                "time": "2019-09-16T17:30:35.767Z",
                "type": "START",
                "source": "hotkey",
                "_t": "11:30:35",
                "_end": "-",
                "data": {
                    "type": "orange-in-air",
                    "time": 17.582
                }
            },
            {
                "time": "2019-09-16T17:30:38.779Z",
                "type": "START",
                "source": "hotkey",
                "_t": "11:30:38",
                "_end": "-",
                "data": {
                    "type": "orange-on-ground",
                    "time": 18.3
                }
            },
            {
                "time": "2019-09-16T17:30:41.076Z",
                "type": "START",
                "source": "hotkey",
                "_t": "11:30:41",
                "_end": "-",
                "data": {
                    "type": "orange-in-air",
                    "time": 18.9
                }
            },
            {
                "time": "2019-09-16T17:30:44.166Z",
                "type": "START",
                "source": "hotkey",
                "_t": "11:30:44",
                "_end": "-",
                "data": {
                    "type": "orange-on-ground",
                    "time": 19.66
                }
            },
            {
                "time": "2019-09-16T17:30:47.122Z",
                "type": "START",
                "source": "hotkey",
                "_t": "11:30:47",
                "_end": "-",
                "data": {
                    "type": "orange-in-air",
                    "time": 20.386
                }
            },
            {
                "time": "2019-09-16T17:30:50.171Z",
                "type": "START",
                "source": "hotkey",
                "_t": "11:30:50",
                "_end": "-",
                "data": {
                    "type": "orange-on-ground",
                    "time": 21.146
                }
            },
            {
                "time": "2019-09-16T17:30:52.585Z",
                "type": "START",
                "source": "hotkey",
                "_t": "11:30:52",
                "_end": "-",
                "data": {
                    "type": "orange-in-air",
                    "time": 21.748
                }
            },
            {
                "time": "2019-09-16T17:30:55.272Z",
                "type": "START",
                "source": "hotkey",
                "_t": "11:30:55",
                "_end": "-",
                "data": {
                    "type": "orange-on-ground",
                    "time": 22.428
                }
            },
            {
                "time": "2019-09-16T17:30:57.683Z",
                "type": "START",
                "source": "hotkey",
                "_t": "11:30:57",
                "_end": "-",
                "data": {
                    "type": "orange-in-air",
                    "time": 23.028
                }
            },
            {
                "time": "2019-09-16T17:31:01.412Z",
                "type": "END",
                "source": "hotkey:ctb",
                "_t": "11:31:01",
                "_end": "-",
                "data": {
                    "lbl": {
                        "time": 23.028,
                        "endTime": 23.956603,
                        "type": "orange-in-air",
                        "id": 36
                    },
                    "key": "enter"
                }
            },
            {
                "time": "2019-09-16T17:31:09.961Z",
                "type": "SELECT",
                "source": "data:click",
                "_t": "11:31:09",
                "_end": "-",
                "data": {
                    "time": 1.026,
                    "endTime": 3.95383,
                    "type": "orange-in-air",
                    "id": 8
                }
            },
            {
                "time": "2019-09-16T17:31:11.325Z",
                "type": "DELETE",
                "source": "side-bar:button",
                "_t": "11:31:11",
                "_end": "-",
                "data": {
                    "id": 8,
                    "idx": 2
                }
            },
            {
                "time": "2019-09-16T17:31:14.669Z",
                "type": "START",
                "source": "hotkey",
                "_t": "11:31:14",
                "_end": "-",
                "data": {
                    "type": "orange-in-air",
                    "time": 2.310241
                }
            },
            {
                "time": "2019-09-16T17:31:15.563Z",
                "type": "END",
                "source": "data:click:h_pos",
                "_t": "11:31:15",
                "_end": "-",
                "data": {
                    "lbl": {
                        "time": 1.798936284552846,
                        "endTime": 2.310241,
                        "type": "orange-in-air",
                        "id": 37
                    }
                }
            },
            {
                "time": "2019-09-16T17:31:19.592Z",
                "type": "START",
                "source": "hotkey",
                "_t": "11:31:19",
                "_end": "-",
                "data": {
                    "type": "orange-in-air",
                    "time": 2.310241
                }
            },
            {
                "time": "2019-09-16T17:31:22.278Z",
                "type": "END",
                "source": "data:click:h_pos",
                "_t": "11:31:22",
                "_end": "-",
                "data": {
                    "lbl": {
                        "time": 1.798936284552846,
                        "endTime": 1.798936284552846,
                        "type": "orange-in-air",
                        "id": 38
                    }
                }
            },
            {
                "time": "2019-09-16T17:31:22.288Z",
                "type": "SELECT",
                "source": "data:click",
                "_t": "11:31:22",
                "_end": "-",
                "data": {
                    "time": 1.798936284552846,
                    "endTime": 2.310241,
                    "type": "orange-in-air",
                    "id": 37
                }
            },
            {
                "time": "2019-09-16T17:31:23.860Z",
                "type": "DESELECT",
                "source": "data:click",
                "_t": "11:31:23",
                "_end": "-",
                "data": {
                    "time": 1.798936284552846,
                    "endTime": 2.310241,
                    "type": "orange-in-air",
                    "id": 37
                }
            },
            {
                "time": "2019-09-16T17:31:25.812Z",
                "type": "START",
                "source": "hotkey",
                "_t": "11:31:25",
                "_end": "-",
                "data": {
                    "type": "orange-in-air",
                    "time": 2.310241
                }
            }
        ],
        "navigationEvents": [
            {
                "time": "2019-09-16T17:28:33.147Z",
                "type": "PAUSE",
                "source": "video:button",
                "_t": "11:28:33",
                "_end": "-"
            },
            {
                "time": {
                    "start": "2019-09-16T17:28:15.256Z",
                    "end": "2019-09-16T17:28:35.306Z"
                },
                "type": "SCRUB",
                "source": "data:drag",
                "_t": "11:28:15",
                "_end": "11:28:35",
                "data": {
                    "time": 3.014
                }
            },
            {
                "time": {
                    "start": "2019-09-16T17:28:37.275Z",
                    "end": "2019-09-16T17:28:37.278Z"
                },
                "type": "SCRUB",
                "source": "video:drag",
                "_t": "11:28:37",
                "_end": "11:28:37",
                "data": {
                    "to": 0.8661237113402062,
                    "from": 3.014
                }
            },
            {
                "time": "2019-09-16T17:28:40.715Z",
                "type": "CHANGE-PLAYBACK-RATE",
                "source": "video:menu",
                "_t": "11:28:40",
                "_end": "-",
                "data": {
                    "oldRate": 1,
                    "newRate": 0.25
                }
            },
            {
                "time": "2019-09-16T17:28:41.716Z",
                "type": "PLAY",
                "source": "video:button",
                "_t": "11:28:41",
                "_end": "-"
            },
            {
                "time": "2019-09-16T17:28:45.249Z",
                "type": "PAUSE",
                "source": "hotkey",
                "_t": "11:28:45",
                "_end": "-",
                "data": {
                    "key": "space"
                }
            },
            {
                "time": "2019-09-16T17:28:45.418Z",
                "type": "PLAY",
                "source": "video:button",
                "_t": "11:28:45",
                "_end": "-"
            },
            {
                "time": "2019-09-16T17:28:57.939Z",
                "type": "PAUSE",
                "source": "video:button",
                "_t": "11:28:57",
                "_end": "-"
            },
            {
                "time": {
                    "start": "2019-09-16T17:28:15.256Z",
                    "end": "2019-09-16T17:29:01.334Z"
                },
                "type": "SCRUB",
                "source": "data:drag",
                "_t": "11:28:15",
                "_end": "11:29:01",
                "data": {
                    "time": 4.91
                }
            },
            {
                "time": {
                    "start": "2019-09-16T17:29:03.199Z",
                    "end": "2019-09-16T17:29:03.221Z"
                },
                "type": "SCRUB",
                "source": "video:drag",
                "_t": "11:29:03",
                "_end": "11:29:03",
                "data": {
                    "to": 0.164976,
                    "from": 4.91
                }
            },
            {
                "time": {
                    "start": "2019-09-16T17:28:15.256Z",
                    "end": "2019-09-16T17:29:05.435Z"
                },
                "type": "SCRUB",
                "source": "data:drag",
                "_t": "11:28:15",
                "_end": "11:29:05",
                "data": {
                    "time": 0.164976
                }
            },
            {
                "time": "2019-09-16T17:29:06.494Z",
                "type": "SKIP",
                "source": "hotkey",
                "_t": "11:29:06",
                "_end": "-",
                "data": {
                    "t": 0.164976,
                    "Δt": 1,
                    "key": "right"
                }
            },
            {
                "time": "2019-09-16T17:29:06.843Z",
                "type": "SKIP",
                "source": "hotkey",
                "_t": "11:29:06",
                "_end": "-",
                "data": {
                    "t": 1.164976,
                    "Δt": 1,
                    "key": "right"
                }
            },
            {
                "time": {
                    "start": "2019-09-16T17:28:15.256Z",
                    "end": "2019-09-16T17:29:08.317Z"
                },
                "type": "SCRUB",
                "source": "data:drag",
                "_t": "11:28:15",
                "_end": "11:29:08",
                "data": {
                    "time": 2.164976
                }
            },
            {
                "time": {
                    "start": "2019-09-16T17:28:15.256Z",
                    "end": "2019-09-16T17:29:10.754Z"
                },
                "type": "SCRUB",
                "source": "data:drag",
                "_t": "11:28:15",
                "_end": "11:29:10",
                "data": {
                    "time": 2.164976
                }
            },
            {
                "time": {
                    "start": "2019-09-16T17:28:15.256Z",
                    "end": "2019-09-16T17:29:12.843Z"
                },
                "type": "SCRUB",
                "source": "data:drag",
                "_t": "11:28:15",
                "_end": "11:29:12",
                "data": {
                    "time": 2.166927544715447
                }
            },
            {
                "time": {
                    "start": "2019-09-16T17:28:15.256Z",
                    "end": "2019-09-16T17:29:15.781Z"
                },
                "type": "SCRUB",
                "source": "data:drag",
                "_t": "11:28:15",
                "_end": "11:29:15",
                "data": {
                    "time": 2.166928
                }
            },
            {
                "time": {
                    "start": "2019-09-16T17:28:15.256Z",
                    "end": "2019-09-16T17:29:17.972Z"
                },
                "type": "SCRUB",
                "source": "data:drag",
                "_t": "11:28:15",
                "_end": "11:29:17",
                "data": {
                    "time": 2.166928
                }
            },
            {
                "time": {
                    "start": "2019-09-16T17:28:15.256Z",
                    "end": "2019-09-16T17:29:21.603Z"
                },
                "type": "SCRUB",
                "source": "data:drag",
                "_t": "11:28:15",
                "_end": "11:29:21",
                "data": {
                    "time": 2.166928
                }
            },
            {
                "time": {
                    "start": "2019-09-16T17:29:23.830Z",
                    "end": "2019-09-16T17:29:23.878Z"
                },
                "type": "SCRUB",
                "source": "video:drag",
                "_t": "11:29:23",
                "_end": "11:29:23",
                "data": {
                    "to": 0.185598,
                    "from": 2.166928
                }
            },
            {
                "time": "2019-09-16T17:29:26.157Z",
                "type": "PLAY",
                "source": "video:button",
                "_t": "11:29:26",
                "_end": "-"
            },
            {
                "time": {
                    "start": "2019-09-16T17:31:04.104Z",
                    "end": "2019-09-16T17:31:04.115Z"
                },
                "type": "SCRUB",
                "source": "video:drag",
                "_t": "11:31:04",
                "_end": "11:31:04",
                "data": {
                    "to": 0.45379725085910655,
                    "from": 24.01
                }
            },
            {
                "time": {
                    "start": "2019-09-16T17:31:04.896Z",
                    "end": "2019-09-16T17:31:04.923Z"
                },
                "type": "SCRUB",
                "source": "video:drag",
                "_t": "11:31:04",
                "_end": "11:31:04",
                "data": {
                    "to": 1.794561855670103,
                    "from": 0.453797
                }
            },
            {
                "time": {
                    "start": "2019-09-16T17:31:05.504Z",
                    "end": "2019-09-16T17:31:05.537Z"
                },
                "type": "SCRUB",
                "source": "video:drag",
                "_t": "11:31:05",
                "_end": "11:31:05",
                "data": {
                    "to": 2.310240549828179,
                    "from": 1.794562
                }
            },
            {
                "time": {
                    "start": "2019-09-16T17:28:15.256Z",
                    "end": "2019-09-16T17:31:09.957Z"
                },
                "type": "SCRUB",
                "source": "data:drag",
                "_t": "11:28:15",
                "_end": "11:31:09",
                "data": {
                    "time": 2.310241
                }
            },
            {
                "time": {
                    "start": "2019-09-16T17:28:15.256Z",
                    "end": "2019-09-16T17:31:13.454Z"
                },
                "type": "SCRUB",
                "source": "data:drag",
                "_t": "11:28:15",
                "_end": "11:31:13",
                "data": {
                    "time": 2.310241
                }
            },
            {
                "time": {
                    "start": "2019-09-16T17:28:15.256Z",
                    "end": "2019-09-16T17:31:15.559Z"
                },
                "type": "SCRUB",
                "source": "data:drag",
                "_t": "11:28:15",
                "_end": "11:31:15",
                "data": {
                    "time": 2.310241
                }
            },
            {
                "time": {
                    "start": "2019-09-16T17:28:15.256Z",
                    "end": "2019-09-16T17:31:22.271Z"
                },
                "type": "SCRUB",
                "source": "data:drag",
                "_t": "11:28:15",
                "_end": "11:31:22",
                "data": {
                    "time": 2.310241
                }
            },
            {
                "time": {
                    "start": "2019-09-16T17:28:15.256Z",
                    "end": "2019-09-16T17:31:23.858Z"
                },
                "type": "SCRUB",
                "source": "data:drag",
                "_t": "11:28:15",
                "_end": "11:31:23",
                "data": {
                    "time": 2.310241
                }
            },
            {
                "time": {
                    "start": "2019-09-16T17:28:15.256Z",
                    "end": "2019-09-16T17:31:25.465Z"
                },
                "type": "SCRUB",
                "source": "data:drag",
                "_t": "11:28:15",
                "_end": "11:31:25",
                "data": {
                    "time": 2.310241
                }
            },
            {
                "time": {
                    "start": "2019-09-16T17:28:15.256Z",
                    "end": "2019-09-16T17:31:26.559Z"
                },
                "type": "SCRUB",
                "source": "data:drag",
                "_t": "11:28:15",
                "_end": "11:31:26",
                "data": {
                    "time": 2.298532
                }
            }
        ]
    }
}