[{"time":1.188296,"endTime":1.957204617886176,"type":"orange-on-ground","id":1},{"time":1.970864,"endTime":2.1933400975610167,"type":"orange-in-air","id":2},{"time":2.195289,"endTime":3.567224934959604,"type":"orange-on-ground","id":3},{"time":3.578931,"endTime":5.0152679105691,"type":"orange-in-air","id":4},{"time":5.030879,"endTime":5.333368430894307,"type":"orange-on-ground","id":5},{"time":5.335319,"endTime":6.453554121951215,"type":"orange-in-air","id":6},{"time":6.465263,"endTime":6.73262462601626,"type":"orange-on-ground","id":7},{"time":6.756043,"endTime":7.9523399105691,"type":"orange-in-air","id":8},{"time":7.95429,"endTime":8.180669186991869,"type":"orange-on-ground","id":9},{"time":8.19433,"endTime":9.486252601626013,"type":"orange-in-air","id":10},{"time":9.49991299999975,"endTime":10.674742918699303,"type":"orange-on-ground","id":11},{"time":10.690355,"endTime":10.930395,"type":"orange-in-air","id":12},{"time":10.938201,"endTime":12.050581487804873,"type":"orange-on-ground","id":13},{"time":12.060339,"endTime":12.355022252032521,"type":"orange-in-air","id":14},{"time":12.368683,"endTime":13.465451130081298,"type":"orange-on-ground","id":15},{"time":13.481063,"endTime":13.73866644715447,"type":"orange-in-air","id":16},{"time":13.758181,"endTime":14.849094495934956,"type":"orange-on-ground","id":17},{"time":14.872513,"endTime":15.15939007317073,"type":"orange-in-air","id":18},{"time":15.176953,"endTime":16.263963406504057,"type":"orange-on-ground","id":19},{"time":16.306897,"endTime":16.597677162601624,"type":"orange-in-air","id":20},{"time":16.62695,"endTime":17.655414065040645,"type":"orange-on-ground","id":21},{"time":17.676881,"endTime":17.913017910569106,"type":"orange-in-air","id":22},{"time":17.950097,"endTime":19.03710740650406,"type":"orange-on-ground","id":23},{"time":19.099556,"endTime":19.322032097560975,"type":"orange-in-air","id":24},{"time":19.363014,"endTime":20.49881302439024,"type":"orange-on-ground","id":25},{"time":20.539795,"endTime":20.709579390243903,"type":"orange-in-air","id":26}]