[{"time":0.033186,"endTime":1.133857219512194,"type":"orange-on-ground","id":1},{"time":1.167033,"endTime":2.150611536585362,"type":"orange-in-air","id":2},{"time":2.222818,"endTime":3.442533447154467,"type":"orange-on-ground","id":3},{"time":3.485467,"endTime":4.234860170731278,"type":"orange-in-air","id":4},{"time":4.242666,"endTime":4.917900471544328,"type":"orange-on-ground","id":5},{"time":4.935464,"endTime":5.663390178861647,"type":"orange-in-air","id":6},{"time":5.667293,"endTime":6.3249635691058135,"type":"orange-on-ground","id":7},{"time":6.340575,"endTime":7.097774349593637,"type":"orange-in-air","id":8},{"time":7.10558,"endTime":7.794475284552451,"type":"orange-on-ground","id":9},{"time":7.798377,"endTime":8.557527894309084,"type":"orange-in-air","id":10},{"time":8.578993,"endTime":9.133231699187094,"type":"orange-on-ground","id":11},{"time":9.148844,"endTime":9.849448552845129,"type":"orange-in-air","id":12},{"time":9.86506,"endTime":10.501263577236372,"type":"orange-on-ground","id":13},{"time":10.511021,"endTime":11.26626880487819,"type":"orange-in-air","id":14},{"time":11.277978,"endTime":11.9180846666663,"type":"orange-on-ground","id":15},{"time":11.929793,"endTime":12.646009910569239,"type":"orange-in-air","id":16},{"time":12.661622,"endTime":13.321244113821761,"type":"orange-on-ground","id":17},{"time":13.32905,"endTime":14.096007073170295,"type":"orange-in-air","id":18},{"time":14.115522,"endTime":14.747822487803557,"type":"orange-on-ground","id":19},{"time":14.753677,"endTime":15.48940935772427,"type":"orange-in-air","id":20},{"time":15.505021,"endTime":16.117806040650056,"type":"orange-on-ground","id":21},{"time":16.135369,"endTime":16.880859081301516,"type":"orange-in-air","id":22},{"time":16.929647,"endTime":17.47022488617937,"type":"orange-on-ground","id":23},{"time":17.497546,"endTime":18.30353396747921,"type":"orange-in-air","id":24},{"time":18.344516,"endTime":18.916318601626553,"type":"orange-on-ground","id":25},{"time":18.941688,"endTime":19.599358569105313,"type":"orange-in-air","id":26},{"time":19.628631,"endTime":20.26678612195085,"type":"orange-on-ground","id":27}]