[{"time":0.001823,"endTime":1.084524,"type":"orange-in-air","id":1},{"time":1.084524,"endTime":1.324,"type":"orange-on-ground","id":2},{"time":1.324,"endTime":1.962,"type":"orange-in-air","id":3},{"time":1.962,"endTime":2.564,"type":"orange-on-ground","id":4},{"time":2.564,"endTime":3.484,"type":"orange-in-air","id":5},{"time":3.484,"endTime":4.166,"type":"orange-on-ground","id":6},{"time":4.166,"endTime":4.972,"type":"orange-in-air","id":7},{"time":4.972,"endTime":5.732,"type":"orange-on-ground","id":8},{"time":5.732,"endTime":6.29,"type":"orange-in-air","id":9},{"time":6.29,"endTime":6.934,"type":"orange-on-ground","id":10},{"time":6.934,"endTime":7.818,"type":"orange-in-air","id":11},{"time":7.818,"endTime":8.454,"type":"orange-on-ground","id":12},{"time":8.454,"endTime":9.178,"type":"orange-in-air","id":13},{"time":9.178,"endTime":9.858,"type":"orange-on-ground","id":14},{"time":9.858,"endTime":10.62,"type":"orange-in-air","id":15},{"time":10.62,"endTime":11.424,"type":"orange-on-ground","id":16},{"time":11.424,"endTime":12.026,"type":"orange-in-air","id":17},{"time":12.026,"endTime":12.548,"type":"orange-on-ground","id":18},{"time":12.548,"endTime":13.308,"type":"orange-in-air","id":19},{"time":13.308,"endTime":14.07,"type":"orange-on-ground","id":20},{"time":14.07,"endTime":14.792,"type":"orange-in-air","id":21},{"time":14.792,"endTime":15.43,"type":"orange-on-ground","id":22},{"time":15.43,"endTime":16.152,"type":"orange-in-air","id":23},{"time":16.152,"endTime":16.754,"type":"orange-on-ground","id":24},{"time":16.754,"endTime":17.558,"type":"orange-in-air","id":25},{"time":17.558,"endTime":18.158,"type":"orange-on-ground","id":26},{"time":18.158,"endTime":18.92,"type":"orange-in-air","id":27},{"time":18.92,"endTime":19.598,"type":"orange-on-ground","id":28},{"time":19.598,"endTime":20.404,"type":"orange-in-air","id":29},{"time":20.404,"endTime":20.926,"type":"orange-on-ground","id":30},{"time":20.926,"endTime":21.687835,"type":"orange-in-air","id":31},{"time":21.687835,"endTime":22.326,"type":"orange-on-ground","id":32},{"time":22.326,"endTime":23.13,"type":"orange-in-air","id":33},{"time":23.13,"endTime":23.73,"type":"orange-on-ground","id":34},{"time":23.73,"endTime":24.01,"type":"orange-in-air","id":35}]