{
    "user_id": "tan5",
    "session_id": "5d7bb30c81249f67dd06acc3",
    "study": "studyE",
    "workspace": "gait.gait-red",
    "details": {
        "workspace": "gait.gait-red",
        "labels": [
            {
                "time": 0.564,
                "endTime": 0.564,
                "type": "orange-on-ground",
                "id": 2
            },
            {
                "time": 0.318,
                "endTime": 0.564,
                "type": "orange-in-air",
                "id": 3
            },
            {
                "time": 0.838,
                "endTime": 1.364,
                "type": "orange-on-ground",
                "id": 4
            },
            {
                "time": 1.364,
                "endTime": 1.962,
                "type": "orange-in-air",
                "id": 5
            },
            {
                "time": 1.962,
                "endTime": 2.646,
                "type": "orange-on-ground",
                "id": 6
            },
            {
                "time": 2.646,
                "endTime": 3.656,
                "type": "orange-in-air",
                "id": 7
            },
            {
                "time": 3.656,
                "endTime": 4.016,
                "type": "orange-on-ground",
                "id": 8
            },
            {
                "time": 4.016,
                "endTime": 5.058,
                "type": "orange-in-air",
                "id": 9
            },
            {
                "time": 5.058,
                "endTime": 5.7,
                "type": "orange-on-ground",
                "id": 10
            },
            {
                "time": 5.7,
                "endTime": 6.464,
                "type": "orange-in-air",
                "id": 11
            },
            {
                "time": 6.464,
                "endTime": 6.946,
                "type": "orange-on-ground",
                "id": 12
            },
            {
                "time": 6.946,
                "endTime": 7.708,
                "type": "orange-in-air",
                "id": 13
            },
            {
                "time": 7.708,
                "endTime": 8.552,
                "type": "orange-on-ground",
                "id": 14
            },
            {
                "time": 8.552,
                "endTime": 9.158,
                "type": "orange-in-air",
                "id": 15
            },
            {
                "time": 9.158,
                "endTime": 9.84,
                "type": "orange-on-ground",
                "id": 16
            },
            {
                "time": 9.84,
                "endTime": 10.604,
                "type": "orange-in-air",
                "id": 17
            },
            {
                "time": 10.604,
                "endTime": 11.324,
                "type": "orange-on-ground",
                "id": 18
            },
            {
                "time": 11.324,
                "endTime": 12.084,
                "type": "orange-in-air",
                "id": 19
            },
            {
                "time": 12.084,
                "endTime": 12.69,
                "type": "orange-on-ground",
                "id": 20
            },
            {
                "time": 12.69,
                "endTime": 13.376,
                "type": "orange-in-air",
                "id": 21
            },
            {
                "time": 13.376,
                "endTime": 14.216,
                "type": "orange-on-ground",
                "id": 22
            },
            {
                "time": 14.216,
                "endTime": 14.778,
                "type": "orange-in-air",
                "id": 23
            },
            {
                "time": 14.778,
                "endTime": 15.578,
                "type": "orange-on-ground",
                "id": 24
            },
            {
                "time": 15.578,
                "endTime": 16.184,
                "type": "orange-in-air",
                "id": 25
            },
            {
                "time": 16.184,
                "endTime": 16.99,
                "type": "orange-on-ground",
                "id": 26
            },
            {
                "time": 16.99,
                "endTime": 17.586,
                "type": "orange-in-air",
                "id": 27
            },
            {
                "time": 17.586,
                "endTime": 18.43,
                "type": "orange-on-ground",
                "id": 28
            },
            {
                "time": 18.43,
                "endTime": 18.999727,
                "type": "orange-in-air",
                "id": 29
            },
            {
                "time": 18.999727,
                "endTime": 19.763023,
                "type": "orange-on-ground",
                "id": 30
            },
            {
                "time": 19.763023,
                "endTime": 20.282,
                "type": "orange-in-air",
                "id": 31
            },
            {
                "time": 20.282,
                "endTime": 21.044,
                "type": "orange-on-ground",
                "id": 32
            },
            {
                "time": 21.044,
                "endTime": 21.606,
                "type": "orange-in-air",
                "id": 33
            },
            {
                "time": 21.606,
                "endTime": 22.414,
                "type": "orange-on-ground",
                "id": 34
            },
            {
                "time": 22.414,
                "endTime": 22.932,
                "type": "orange-in-air",
                "id": 35
            },
            {
                "time": 22.932,
                "endTime": 23.894,
                "type": "orange-on-ground",
                "id": 36
            }
        ],
        "_starts": [
            "2019-09-13T15:41:45.000Z"
        ],
        "_ends": [
            "2019-09-13T15:43:19.626Z"
        ]
    },
    "labels_file": "/home/ubuntu/vat/data/user-studies/studyE/gait-red/tan5.labels.json",
    "videoFlash": 0.00001,
    "surveys": {
        "user-info": {
            "firstname": "Alison",
            "lastname": "Jepsen",
            "email": "adjopen@gmail.com"
        },
        "practice-first": {
            "question1": "4",
            "question2": "ok",
            "question3": "70",
            "question4": "3"
        },
        "practice-second": {},
        "practice-third": {},
        "practice-survey": {},
        "drywall-blue": {
            "question1": "5",
            "question2": "5",
            "question3": "20",
            "question4": "80"
        },
        "drywall-red": {
            "question1": "1",
            "question2": "2",
            "question3": "20",
            "question4": "20"
        },
        "drywall-orange": {
            "question1": "4",
            "question2": "2",
            "question3": "10",
            "question4": "80"
        },
        "drywall-survey": {
            "question1": "5",
            "question2": "4",
            "question3": "4",
            "question4": "4"
        },
        "gait-blue": {
            "question1": "2",
            "question2": "4",
            "question3": "100",
            "question4": "90"
        }
    },
    "logs": {
        "labelEvents": [
            {
                "time": "2019-09-13T15:42:02.515Z",
                "type": "START",
                "source": "hotkey",
                "_t": "09:42:02",
                "_end": "-",
                "data": {
                    "type": "orange-in-air",
                    "time": 0.564
                }
            },
            {
                "time": "2019-09-13T15:42:03.227Z",
                "type": "START",
                "source": "hotkey",
                "_t": "09:42:03",
                "_end": "-",
                "data": {
                    "type": "orange-on-ground",
                    "time": 1.286
                }
            },
            {
                "time": "2019-09-13T15:42:06.863Z",
                "type": "END",
                "source": "data:click:h_pos",
                "_t": "09:42:06",
                "_end": "-",
                "data": {
                    "lbl": {
                        "time": 0.564,
                        "endTime": 0.564,
                        "type": "orange-on-ground",
                        "id": 2
                    }
                }
            },
            {
                "time": "2019-09-13T15:42:06.864Z",
                "type": "SELECT",
                "source": "data:click",
                "_t": "09:42:06",
                "_end": "-",
                "data": {
                    "time": 0.564,
                    "endTime": 1.286,
                    "type": "orange-in-air",
                    "id": 1
                }
            },
            {
                "time": "2019-09-13T15:42:07.194Z",
                "type": "DELETE",
                "source": "hotkey",
                "_t": "09:42:07",
                "_end": "-",
                "data": {
                    "id": 1,
                    "idx": 0
                }
            },
            {
                "time": "2019-09-13T15:42:26.344Z",
                "type": "START",
                "source": "hotkey",
                "_t": "09:42:26",
                "_end": "-",
                "data": {
                    "type": "orange-in-air",
                    "time": 0.318
                }
            },
            {
                "time": "2019-09-13T15:42:27.388Z",
                "type": "START",
                "source": "hotkey",
                "_t": "09:42:27",
                "_end": "-",
                "data": {
                    "type": "orange-on-ground",
                    "time": 0.838
                }
            },
            {
                "time": "2019-09-13T15:42:28.461Z",
                "type": "START",
                "source": "hotkey",
                "_t": "09:42:28",
                "_end": "-",
                "data": {
                    "type": "orange-in-air",
                    "time": 1.364
                }
            },
            {
                "time": "2019-09-13T15:42:29.628Z",
                "type": "START",
                "source": "hotkey",
                "_t": "09:42:29",
                "_end": "-",
                "data": {
                    "type": "orange-on-ground",
                    "time": 1.962
                }
            },
            {
                "time": "2019-09-13T15:42:31.037Z",
                "type": "START",
                "source": "hotkey",
                "_t": "09:42:31",
                "_end": "-",
                "data": {
                    "type": "orange-in-air",
                    "time": 2.646
                }
            },
            {
                "time": "2019-09-13T15:42:33.037Z",
                "type": "START",
                "source": "hotkey",
                "_t": "09:42:33",
                "_end": "-",
                "data": {
                    "type": "orange-on-ground",
                    "time": 3.656
                }
            },
            {
                "time": "2019-09-13T15:42:33.736Z",
                "type": "START",
                "source": "hotkey",
                "_t": "09:42:33",
                "_end": "-",
                "data": {
                    "type": "orange-in-air",
                    "time": 4.016
                }
            },
            {
                "time": "2019-09-13T15:42:35.819Z",
                "type": "START",
                "source": "hotkey",
                "_t": "09:42:35",
                "_end": "-",
                "data": {
                    "type": "orange-on-ground",
                    "time": 5.058
                }
            },
            {
                "time": "2019-09-13T15:42:37.106Z",
                "type": "START",
                "source": "hotkey",
                "_t": "09:42:37",
                "_end": "-",
                "data": {
                    "type": "orange-in-air",
                    "time": 5.7
                }
            },
            {
                "time": "2019-09-13T15:42:38.624Z",
                "type": "START",
                "source": "hotkey",
                "_t": "09:42:38",
                "_end": "-",
                "data": {
                    "type": "orange-on-ground",
                    "time": 6.464
                }
            },
            {
                "time": "2019-09-13T15:42:39.600Z",
                "type": "START",
                "source": "hotkey",
                "_t": "09:42:39",
                "_end": "-",
                "data": {
                    "type": "orange-in-air",
                    "time": 6.946
                }
            },
            {
                "time": "2019-09-13T15:42:41.121Z",
                "type": "START",
                "source": "hotkey",
                "_t": "09:42:41",
                "_end": "-",
                "data": {
                    "type": "orange-on-ground",
                    "time": 7.708
                }
            },
            {
                "time": "2019-09-13T15:42:42.849Z",
                "type": "START",
                "source": "hotkey",
                "_t": "09:42:42",
                "_end": "-",
                "data": {
                    "type": "orange-in-air",
                    "time": 8.552
                }
            },
            {
                "time": "2019-09-13T15:42:44.035Z",
                "type": "START",
                "source": "hotkey",
                "_t": "09:42:44",
                "_end": "-",
                "data": {
                    "type": "orange-on-ground",
                    "time": 9.158
                }
            },
            {
                "time": "2019-09-13T15:42:45.425Z",
                "type": "START",
                "source": "hotkey",
                "_t": "09:42:45",
                "_end": "-",
                "data": {
                    "type": "orange-in-air",
                    "time": 9.84
                }
            },
            {
                "time": "2019-09-13T15:42:46.960Z",
                "type": "START",
                "source": "hotkey",
                "_t": "09:42:46",
                "_end": "-",
                "data": {
                    "type": "orange-on-ground",
                    "time": 10.604
                }
            },
            {
                "time": "2019-09-13T15:42:48.352Z",
                "type": "START",
                "source": "hotkey",
                "_t": "09:42:48",
                "_end": "-",
                "data": {
                    "type": "orange-in-air",
                    "time": 11.324
                }
            },
            {
                "time": "2019-09-13T15:42:49.907Z",
                "type": "START",
                "source": "hotkey",
                "_t": "09:42:49",
                "_end": "-",
                "data": {
                    "type": "orange-on-ground",
                    "time": 12.084
                }
            },
            {
                "time": "2019-09-13T15:42:51.136Z",
                "type": "START",
                "source": "hotkey",
                "_t": "09:42:51",
                "_end": "-",
                "data": {
                    "type": "orange-in-air",
                    "time": 12.69
                }
            },
            {
                "time": "2019-09-13T15:42:52.435Z",
                "type": "START",
                "source": "hotkey",
                "_t": "09:42:52",
                "_end": "-",
                "data": {
                    "type": "orange-on-ground",
                    "time": 13.376
                }
            },
            {
                "time": "2019-09-13T15:42:54.116Z",
                "type": "START",
                "source": "hotkey",
                "_t": "09:42:54",
                "_end": "-",
                "data": {
                    "type": "orange-in-air",
                    "time": 14.216
                }
            },
            {
                "time": "2019-09-13T15:42:55.264Z",
                "type": "START",
                "source": "hotkey",
                "_t": "09:42:55",
                "_end": "-",
                "data": {
                    "type": "orange-on-ground",
                    "time": 14.778
                }
            },
            {
                "time": "2019-09-13T15:42:56.896Z",
                "type": "START",
                "source": "hotkey",
                "_t": "09:42:56",
                "_end": "-",
                "data": {
                    "type": "orange-in-air",
                    "time": 15.578
                }
            },
            {
                "time": "2019-09-13T15:42:58.086Z",
                "type": "START",
                "source": "hotkey",
                "_t": "09:42:58",
                "_end": "-",
                "data": {
                    "type": "orange-on-ground",
                    "time": 16.184
                }
            },
            {
                "time": "2019-09-13T15:42:59.696Z",
                "type": "START",
                "source": "hotkey",
                "_t": "09:42:59",
                "_end": "-",
                "data": {
                    "type": "orange-in-air",
                    "time": 16.99
                }
            },
            {
                "time": "2019-09-13T15:43:00.932Z",
                "type": "START",
                "source": "hotkey",
                "_t": "09:43:00",
                "_end": "-",
                "data": {
                    "type": "orange-on-ground",
                    "time": 17.586
                }
            },
            {
                "time": "2019-09-13T15:43:02.595Z",
                "type": "START",
                "source": "hotkey",
                "_t": "09:43:02",
                "_end": "-",
                "data": {
                    "type": "orange-in-air",
                    "time": 18.43
                }
            },
            {
                "time": "2019-09-13T15:43:03.732Z",
                "type": "START",
                "source": "hotkey",
                "_t": "09:43:03",
                "_end": "-",
                "data": {
                    "type": "orange-on-ground",
                    "time": 18.999727
                }
            },
            {
                "time": "2019-09-13T15:43:05.268Z",
                "type": "START",
                "source": "hotkey",
                "_t": "09:43:05",
                "_end": "-",
                "data": {
                    "type": "orange-in-air",
                    "time": 19.763023
                }
            },
            {
                "time": "2019-09-13T15:43:06.267Z",
                "type": "START",
                "source": "hotkey",
                "_t": "09:43:06",
                "_end": "-",
                "data": {
                    "type": "orange-on-ground",
                    "time": 20.282
                }
            },
            {
                "time": "2019-09-13T15:43:07.844Z",
                "type": "START",
                "source": "hotkey",
                "_t": "09:43:07",
                "_end": "-",
                "data": {
                    "type": "orange-in-air",
                    "time": 21.044
                }
            },
            {
                "time": "2019-09-13T15:43:08.963Z",
                "type": "START",
                "source": "hotkey",
                "_t": "09:43:08",
                "_end": "-",
                "data": {
                    "type": "orange-on-ground",
                    "time": 21.606
                }
            },
            {
                "time": "2019-09-13T15:43:10.564Z",
                "type": "START",
                "source": "hotkey",
                "_t": "09:43:10",
                "_end": "-",
                "data": {
                    "type": "orange-in-air",
                    "time": 22.414
                }
            },
            {
                "time": "2019-09-13T15:43:11.563Z",
                "type": "START",
                "source": "hotkey",
                "_t": "09:43:11",
                "_end": "-",
                "data": {
                    "type": "orange-on-ground",
                    "time": 22.932
                }
            },
            {
                "time": "2019-09-13T15:43:13.505Z",
                "type": "START",
                "source": "hotkey",
                "_t": "09:43:13",
                "_end": "-",
                "data": {
                    "type": "orange-in-air",
                    "time": 23.894
                }
            }
        ],
        "navigationEvents": [
            {
                "time": "2019-09-13T15:42:01.914Z",
                "type": "PLAY",
                "source": "hotkey",
                "_t": "09:42:01",
                "_end": "-",
                "data": {
                    "key": "space"
                }
            },
            {
                "time": "2019-09-13T15:42:04.380Z",
                "type": "PAUSE",
                "source": "hotkey",
                "_t": "09:42:04",
                "_end": "-",
                "data": {
                    "key": "space"
                }
            },
            {
                "time": {
                    "start": "2019-09-13T15:41:45.633Z",
                    "end": "2019-09-13T15:42:06.859Z"
                },
                "type": "SCRUB",
                "source": "data:drag",
                "_t": "09:41:45",
                "_end": "09:42:06",
                "data": {
                    "time": 2.456
                }
            },
            {
                "time": "2019-09-13T15:42:08.651Z",
                "type": "SKIP",
                "source": "hotkey",
                "_t": "09:42:08",
                "_end": "-",
                "data": {
                    "t": 2.456,
                    "Δt": -1,
                    "key": "left"
                }
            },
            {
                "time": "2019-09-13T15:42:08.847Z",
                "type": "SKIP",
                "source": "hotkey",
                "_t": "09:42:08",
                "_end": "-",
                "data": {
                    "t": 1.456,
                    "Δt": -1,
                    "key": "left"
                }
            },
            {
                "time": "2019-09-13T15:42:09.006Z",
                "type": "SKIP",
                "source": "hotkey",
                "_t": "09:42:09",
                "_end": "-",
                "data": {
                    "t": 0.456,
                    "Δt": -1,
                    "key": "left"
                }
            },
            {
                "time": "2019-09-13T15:42:09.115Z",
                "type": "SKIP",
                "source": "hotkey",
                "_t": "09:42:09",
                "_end": "-",
                "data": {
                    "t": 0,
                    "Δt": -1,
                    "key": "left"
                }
            },
            {
                "time": "2019-09-13T15:42:10.249Z",
                "type": "CHANGE-PLAYBACK-RATE",
                "source": "video:menu",
                "_t": "09:42:10",
                "_end": "-",
                "data": {
                    "oldRate": 1,
                    "newRate": 0.5
                }
            },
            {
                "time": "2019-09-13T15:42:25.660Z",
                "type": "PLAY",
                "source": "hotkey",
                "_t": "09:42:25",
                "_end": "-",
                "data": {
                    "key": "space"
                }
            }
        ]
    }
}