[{"time":0.564,"endTime":0.564,"type":"orange-on-ground","id":2},{"time":0.318,"endTime":0.564,"type":"orange-in-air","id":3},{"time":0.838,"endTime":1.364,"type":"orange-on-ground","id":4},{"time":1.364,"endTime":1.962,"type":"orange-in-air","id":5},{"time":1.962,"endTime":2.646,"type":"orange-on-ground","id":6},{"time":2.646,"endTime":3.656,"type":"orange-in-air","id":7},{"time":3.656,"endTime":4.016,"type":"orange-on-ground","id":8},{"time":4.016,"endTime":5.058,"type":"orange-in-air","id":9},{"time":5.058,"endTime":5.7,"type":"orange-on-ground","id":10},{"time":5.7,"endTime":6.464,"type":"orange-in-air","id":11},{"time":6.464,"endTime":6.946,"type":"orange-on-ground","id":12},{"time":6.946,"endTime":7.708,"type":"orange-in-air","id":13},{"time":7.708,"endTime":8.552,"type":"orange-on-ground","id":14},{"time":8.552,"endTime":9.158,"type":"orange-in-air","id":15},{"time":9.158,"endTime":9.84,"type":"orange-on-ground","id":16},{"time":9.84,"endTime":10.604,"type":"orange-in-air","id":17},{"time":10.604,"endTime":11.324,"type":"orange-on-ground","id":18},{"time":11.324,"endTime":12.084,"type":"orange-in-air","id":19},{"time":12.084,"endTime":12.69,"type":"orange-on-ground","id":20},{"time":12.69,"endTime":13.376,"type":"orange-in-air","id":21},{"time":13.376,"endTime":14.216,"type":"orange-on-ground","id":22},{"time":14.216,"endTime":14.778,"type":"orange-in-air","id":23},{"time":14.778,"endTime":15.578,"type":"orange-on-ground","id":24},{"time":15.578,"endTime":16.184,"type":"orange-in-air","id":25},{"time":16.184,"endTime":16.99,"type":"orange-on-ground","id":26},{"time":16.99,"endTime":17.586,"type":"orange-in-air","id":27},{"time":17.586,"endTime":18.43,"type":"orange-on-ground","id":28},{"time":18.43,"endTime":18.999727,"type":"orange-in-air","id":29},{"time":18.999727,"endTime":19.763023,"type":"orange-on-ground","id":30},{"time":19.763023,"endTime":20.282,"type":"orange-in-air","id":31},{"time":20.282,"endTime":21.044,"type":"orange-on-ground","id":32},{"time":21.044,"endTime":21.606,"type":"orange-in-air","id":33},{"time":21.606,"endTime":22.414,"type":"orange-on-ground","id":34},{"time":22.414,"endTime":22.932,"type":"orange-in-air","id":35},{"time":22.932,"endTime":23.894,"type":"orange-on-ground","id":36}]