[{"time":0,"endTime":1.2347810404762978,"type":"orange-on-ground","id":1},{"time":1.258345,"endTime":2.1490839948474054,"type":"orange-in-air","id":2},{"time":2.1490839948474054,"endTime":2.7994648482281317,"type":"orange-on-ground","id":3},{"time":3.545027,"endTime":4.247249805461491,"type":"orange-on-ground","id":4},{"time":2.833378,"endTime":3.545027,"type":"orange-in-air","id":5},{"time":4.270813,"endTime":4.996600329134468,"type":"orange-in-air","id":6},{"time":5.015451,"endTime":5.670544758114876,"type":"orange-on-ground","id":7},{"time":5.703535,"endTime":6.396331995991992,"type":"orange-in-air","id":8},{"time":6.41047,"endTime":6.57070876097774,"type":"orange-on-ground","id":9},{"time":6.575421,"endTime":6.631975856815673,"type":"orange-in-air","id":10},{"time":6.636688,"endTime":7.056136521382906,"type":"orange-on-ground","id":11},{"time":7.074988,"endTime":7.814914043338387,"type":"orange-in-air","id":12},{"time":7.829052,"endTime":8.535987710195911,"type":"orange-on-ground","id":13},{"time":8.5407,"endTime":9.191080853380237,"type":"orange-in-air","id":14},{"time":9.205219,"endTime":9.916867614930549,"type":"orange-on-ground","id":15},{"time":9.926293,"endTime":10.609664186522714,"type":"orange-in-air","id":16},{"time":10.614374,"endTime":11.260041948645597,"type":"orange-on-ground","id":20},{"time":11.27418,"endTime":11.952838281788075,"type":"orange-in-air","id":21},{"time":11.962264,"endTime":12.702190043338383,"type":"orange-on-ground","id":22},{"time":12.716328,"endTime":13.380847567584157,"type":"orange-in-air","id":23},{"time":14.097208,"endTime":14.7428759486456,"type":"orange-in-air","id":25},{"time":16.84954199599199,"endTime":16.86368,"type":"orange-on-ground","id":29},{"time":16.84954199599199,"endTime":16.84954199599199,"type":"orange-on-ground","id":30},{"time":16.84954199599199,"endTime":16.84954199599199,"type":"orange-on-ground","id":31},{"time":13.399694,"endTime":14.059500662849516,"type":"orange-on-ground","id":32},{"time":14.747584,"endTime":15.53935199541942,"type":"orange-on-ground","id":33},{"time":15.55349,"endTime":16.13317728236065,"type":"orange-in-air","id":34},{"time":16.15674,"endTime":16.68458533027961,"type":"orange-on-ground","id":35}]