{
    "user_id": "047",
    "session_id": "5a7882a2ee2b1975ba835b74",
    "study": "studyC",
    "workspace": "pill.pills-red",
    "details": {
        "workspace": "pill.pills-red",
        "labels": [
            {
                "time": 3.5883061138211545,
                "endTime": 6.5217180000000035,
                "type": "move",
                "id": 1
            },
            {
                "time": 13.52223527642277,
                "endTime": 24.105105000000016,
                "type": "pill",
                "id": 3
            },
            {
                "time": 33.761104,
                "endTime": 35.29597960975613,
                "type": "move",
                "id": 4
            },
            {
                "time": 245.829748,
                "endTime": 255.03900165853486,
                "type": "pill",
                "id": 5
            },
            {
                "time": 330.145579,
                "endTime": 334.28974314633683,
                "type": "move",
                "id": 6
            },
            {
                "time": 357.773339,
                "endTime": 365.3965545284468,
                "type": "pill",
                "id": 7
            },
            {
                "time": 494.888891,
                "endTime": 501.28420604066105,
                "type": "move",
                "id": 8
            }
        ],
        "_starts": [
            "2018-02-05T16:25:30.000Z"
        ],
        "_ends": [
            "2018-02-05T16:28:05.726Z"
        ]
    },
    "labels_file": "/home/ubuntu/vat/data/user-studies/studyC/pill-red/047.labels.json",
    "videoFlash": 2.2457,
    "surveys": {
        "user-info": {
            "firstname": "susan",
            "lastname": "routson",
            "email": "susanroutson@gmail.com"
        },
        "practice-first": {
            "question1": "4",
            "question2": "ok",
            "question3": "30",
            "question4": "5"
        },
        "practice-second": {},
        "practice-third": {},
        "practice-survey": {},
        "pill-blue": {
            "question1": "5",
            "question2": "5",
            "question3": "40",
            "question4": "0"
        }
    },
    "logs": {
        "labelEvents": [
            {
                "time": "2018-02-05T16:25:58.280Z",
                "type": "START",
                "source": "side-bar:button",
                "_t": "09:25:58",
                "_end": "-",
                "data": {
                    "type": "move",
                    "time": 4.560394
                }
            },
            {
                "time": "2018-02-05T16:26:00.240Z",
                "type": "START",
                "source": "side-bar:button",
                "_t": "09:26:00",
                "_end": "-",
                "data": {
                    "type": "move",
                    "time": 6.521718
                }
            },
            {
                "time": "2018-02-05T16:26:04.472Z",
                "type": "END",
                "source": "side-bar:button:ctb",
                "_t": "09:26:04",
                "_end": "-",
                "data": {
                    "lbl": {
                        "time": 6.521718,
                        "endTime": 10.761552,
                        "type": "move",
                        "id": 2
                    }
                }
            },
            {
                "time": "2018-02-05T16:26:07.799Z",
                "type": "START",
                "source": "side-bar:button",
                "_t": "09:26:07",
                "_end": "-",
                "data": {
                    "type": "pill",
                    "time": 14.085023
                }
            },
            {
                "time": "2018-02-05T16:26:17.824Z",
                "type": "START",
                "source": "side-bar:button",
                "_t": "09:26:17",
                "_end": "-",
                "data": {
                    "type": "pill",
                    "time": 24.105105
                }
            },
            {
                "time": "2018-02-05T16:26:28.586Z",
                "type": "END",
                "source": "side-bar:button:ctb",
                "_t": "09:26:28",
                "_end": "-",
                "data": {
                    "lbl": {
                        "time": 24.105105,
                        "endTime": 27.416953,
                        "type": "pill",
                        "id": 4
                    }
                }
            },
            {
                "time": "2018-02-05T16:26:29.946Z",
                "type": "SELECT",
                "source": "data:click",
                "_t": "09:26:29",
                "_end": "-",
                "data": {
                    "time": 24.105105,
                    "endTime": 27.416953,
                    "type": "pill",
                    "id": 4
                }
            },
            {
                "time": "2018-02-05T16:26:31.312Z",
                "type": "DELETE",
                "source": "side-bar:button",
                "_t": "09:26:31",
                "_end": "-",
                "data": {
                    "id": 4,
                    "idx": 3
                }
            },
            {
                "time": "2018-02-05T16:26:32.475Z",
                "type": "SELECT",
                "source": "data:click",
                "_t": "09:26:32",
                "_end": "-",
                "data": {
                    "time": 13.52223527642277,
                    "endTime": 24.105105000000016,
                    "type": "pill",
                    "id": 3
                }
            },
            {
                "time": {
                    "start": "2018-02-05T16:26:33.210Z",
                    "end": "2018-02-05T16:26:34.633Z"
                },
                "type": "RESIZE",
                "source": "data:brush",
                "_t": "09:26:33",
                "_end": "09:26:34",
                "data": {
                    "brushing": true,
                    "origin": [
                        14.085023,
                        24.105105
                    ],
                    "_brushside": 0,
                    "start": "2018-02-05T16:26:33.210Z",
                    "ε": 0.1,
                    "mode": "resize"
                }
            },
            {
                "time": "2018-02-05T16:26:35.886Z",
                "type": "DESELECT",
                "source": "data:click",
                "_t": "09:26:35",
                "_end": "-",
                "data": {
                    "time": 13.52223527642277,
                    "endTime": 24.105105000000016,
                    "type": "pill",
                    "id": 3
                }
            },
            {
                "time": "2018-02-05T16:26:36.451Z",
                "type": "SELECT",
                "source": "data:click",
                "_t": "09:26:36",
                "_end": "-",
                "data": {
                    "time": 6.521718,
                    "endTime": 10.761552,
                    "type": "move",
                    "id": 2
                }
            },
            {
                "time": "2018-02-05T16:26:37.649Z",
                "type": "DELETE",
                "source": "side-bar:button",
                "_t": "09:26:37",
                "_end": "-",
                "data": {
                    "id": 2,
                    "idx": 1
                }
            },
            {
                "time": "2018-02-05T16:26:38.697Z",
                "type": "SELECT",
                "source": "data:click",
                "_t": "09:26:38",
                "_end": "-",
                "data": {
                    "time": 3.5883061138211545,
                    "endTime": 6.5217180000000035,
                    "type": "move",
                    "id": 1
                }
            },
            {
                "time": {
                    "start": "2018-02-05T16:26:39.834Z",
                    "end": "2018-02-05T16:26:41.217Z"
                },
                "type": "RESIZE",
                "source": "data:brush",
                "_t": "09:26:39",
                "_end": "09:26:41",
                "data": {
                    "brushing": true,
                    "origin": [
                        4.560394,
                        6.521718
                    ],
                    "_brushside": 0,
                    "start": "2018-02-05T16:26:39.834Z",
                    "ε": 0.1,
                    "mode": "resize"
                }
            },
            {
                "time": "2018-02-05T16:26:44.262Z",
                "type": "DESELECT",
                "source": "data:click",
                "_t": "09:26:44",
                "_end": "-",
                "data": {
                    "time": 3.5883061138211545,
                    "endTime": 6.5217180000000035,
                    "type": "move",
                    "id": 1
                }
            },
            {
                "time": "2018-02-05T16:26:52.450Z",
                "type": "START",
                "source": "side-bar:button",
                "_t": "09:26:52",
                "_end": "-",
                "data": {
                    "type": "move",
                    "time": 33.761104
                }
            },
            {
                "time": "2018-02-05T16:26:56.204Z",
                "type": "END",
                "source": "data:click:h_pos",
                "_t": "09:26:56",
                "_end": "-",
                "data": {
                    "lbl": {
                        "time": 33.761104,
                        "endTime": 35.29597960975613,
                        "type": "move",
                        "id": 4
                    }
                }
            },
            {
                "time": "2018-02-05T16:27:10.730Z",
                "type": "START",
                "source": "side-bar:button",
                "_t": "09:27:10",
                "_end": "-",
                "data": {
                    "type": "pill",
                    "time": 245.829748
                }
            },
            {
                "time": "2018-02-05T16:27:12.973Z",
                "type": "END",
                "source": "data:click:h_pos",
                "_t": "09:27:12",
                "_end": "-",
                "data": {
                    "lbl": {
                        "time": 245.829748,
                        "endTime": 255.03900165853486,
                        "type": "pill",
                        "id": 5
                    }
                }
            },
            {
                "time": "2018-02-05T16:27:24.082Z",
                "type": "START",
                "source": "side-bar:button",
                "_t": "09:27:24",
                "_end": "-",
                "data": {
                    "type": "move",
                    "time": 330.145579
                }
            },
            {
                "time": "2018-02-05T16:27:26.093Z",
                "type": "END",
                "source": "data:click:h_pos",
                "_t": "09:27:26",
                "_end": "-",
                "data": {
                    "lbl": {
                        "time": 330.145579,
                        "endTime": 334.28974314633683,
                        "type": "move",
                        "id": 6
                    }
                }
            },
            {
                "time": "2018-02-05T16:27:34.309Z",
                "type": "START",
                "source": "side-bar:button",
                "_t": "09:27:34",
                "_end": "-",
                "data": {
                    "type": "pill",
                    "time": 357.773339
                }
            },
            {
                "time": "2018-02-05T16:27:37.044Z",
                "type": "END",
                "source": "data:click:h_pos",
                "_t": "09:27:37",
                "_end": "-",
                "data": {
                    "lbl": {
                        "time": 357.773339,
                        "endTime": 365.3965545284468,
                        "type": "pill",
                        "id": 7
                    }
                }
            },
            {
                "time": "2018-02-05T16:27:48.477Z",
                "type": "START",
                "source": "side-bar:button",
                "_t": "09:27:48",
                "_end": "-",
                "data": {
                    "type": "move",
                    "time": 494.888891
                }
            },
            {
                "time": "2018-02-05T16:27:50.564Z",
                "type": "END",
                "source": "data:click:h_pos",
                "_t": "09:27:50",
                "_end": "-",
                "data": {
                    "lbl": {
                        "time": 494.888891,
                        "endTime": 501.28420604066105,
                        "type": "move",
                        "id": 8
                    }
                }
            }
        ],
        "navigationEvents": [
            {
                "time": {
                    "start": "2018-02-05T16:25:30.912Z",
                    "end": "2018-02-05T16:25:43.290Z"
                },
                "type": "SCRUB",
                "source": "data:drag",
                "_t": "09:25:30",
                "_end": "09:25:43",
                "data": {
                    "time": 13.706104
                }
            },
            {
                "time": {
                    "start": "2018-02-05T16:25:30.912Z",
                    "end": "2018-02-05T16:25:50.684Z"
                },
                "type": "SCRUB",
                "source": "data:drag",
                "_t": "09:25:30",
                "_end": "09:25:50",
                "data": {
                    "time": 0
                }
            },
            {
                "time": {
                    "start": "2018-02-05T16:25:30.912Z",
                    "end": "2018-02-05T16:25:54.263Z"
                },
                "type": "SCRUB",
                "source": "data:drag",
                "_t": "09:25:30",
                "_end": "09:25:54",
                "data": {
                    "time": 4.261982
                }
            },
            {
                "time": {
                    "start": "2018-02-05T16:25:30.912Z",
                    "end": "2018-02-05T16:25:57.054Z"
                },
                "type": "SCRUB",
                "source": "data:drag",
                "_t": "09:25:30",
                "_end": "09:25:57",
                "data": {
                    "time": 3.611869
                }
            },
            {
                "time": "2018-02-05T16:26:21.137Z",
                "type": "PAUSE",
                "source": "video:button",
                "_t": "09:26:21",
                "_end": "-"
            },
            {
                "time": {
                    "start": "2018-02-05T16:25:30.912Z",
                    "end": "2018-02-05T16:26:29.945Z"
                },
                "type": "SCRUB",
                "source": "data:drag",
                "_t": "09:25:30",
                "_end": "09:26:29",
                "data": {
                    "time": 27.416953
                }
            },
            {
                "time": {
                    "start": "2018-02-05T16:25:30.912Z",
                    "end": "2018-02-05T16:26:32.473Z"
                },
                "type": "SCRUB",
                "source": "data:drag",
                "_t": "09:25:30",
                "_end": "09:26:32",
                "data": {
                    "time": 27.416953
                }
            },
            {
                "time": {
                    "start": "2018-02-05T16:25:30.912Z",
                    "end": "2018-02-05T16:26:34.642Z"
                },
                "type": "SCRUB",
                "source": "data:drag",
                "_t": "09:25:30",
                "_end": "09:26:34",
                "data": {
                    "time": 27.416953
                }
            },
            {
                "time": {
                    "start": "2018-02-05T16:25:30.912Z",
                    "end": "2018-02-05T16:26:35.885Z"
                },
                "type": "SCRUB",
                "source": "data:drag",
                "_t": "09:25:30",
                "_end": "09:26:35",
                "data": {
                    "time": 27.416953
                }
            },
            {
                "time": {
                    "start": "2018-02-05T16:25:30.912Z",
                    "end": "2018-02-05T16:26:36.449Z"
                },
                "type": "SCRUB",
                "source": "data:drag",
                "_t": "09:25:30",
                "_end": "09:26:36",
                "data": {
                    "time": 27.416953
                }
            },
            {
                "time": {
                    "start": "2018-02-05T16:25:30.912Z",
                    "end": "2018-02-05T16:26:38.696Z"
                },
                "type": "SCRUB",
                "source": "data:drag",
                "_t": "09:25:30",
                "_end": "09:26:38",
                "data": {
                    "time": 27.416953
                }
            },
            {
                "time": {
                    "start": "2018-02-05T16:25:30.912Z",
                    "end": "2018-02-05T16:26:41.226Z"
                },
                "type": "SCRUB",
                "source": "data:drag",
                "_t": "09:25:30",
                "_end": "09:26:41",
                "data": {
                    "time": 27.416953
                }
            },
            {
                "time": {
                    "start": "2018-02-05T16:25:30.912Z",
                    "end": "2018-02-05T16:26:44.261Z"
                },
                "type": "SCRUB",
                "source": "data:drag",
                "_t": "09:25:30",
                "_end": "09:26:44",
                "data": {
                    "time": 27.416953
                }
            },
            {
                "time": {
                    "start": "2018-02-05T16:25:30.912Z",
                    "end": "2018-02-05T16:26:46.045Z"
                },
                "type": "SCRUB",
                "source": "data:drag",
                "_t": "09:25:30",
                "_end": "09:26:46",
                "data": {
                    "time": 32.379717
                }
            },
            {
                "time": {
                    "start": "2018-02-05T16:25:30.912Z",
                    "end": "2018-02-05T16:26:48.261Z"
                },
                "type": "SCRUB",
                "source": "data:drag",
                "_t": "09:25:30",
                "_end": "09:26:48",
                "data": {
                    "time": 33.556454
                }
            },
            {
                "time": {
                    "start": "2018-02-05T16:25:30.912Z",
                    "end": "2018-02-05T16:26:51.295Z"
                },
                "type": "SCRUB",
                "source": "data:drag",
                "_t": "09:25:30",
                "_end": "09:26:51",
                "data": {
                    "time": 33.761104
                }
            },
            {
                "time": {
                    "start": "2018-02-05T16:25:30.912Z",
                    "end": "2018-02-05T16:26:56.201Z"
                },
                "type": "SCRUB",
                "source": "data:drag",
                "_t": "09:25:30",
                "_end": "09:26:56",
                "data": {
                    "time": 33.761104
                }
            },
            {
                "time": {
                    "start": "2018-02-05T16:25:30.912Z",
                    "end": "2018-02-05T16:26:57.718Z"
                },
                "type": "SCRUB",
                "source": "data:drag",
                "_t": "09:25:30",
                "_end": "09:26:57",
                "data": {
                    "time": 60.826077
                }
            },
            {
                "time": {
                    "start": "2018-02-05T16:25:30.912Z",
                    "end": "2018-02-05T16:26:58.393Z"
                },
                "type": "SCRUB",
                "source": "data:drag",
                "_t": "09:25:30",
                "_end": "09:26:58",
                "data": {
                    "time": 94.286365
                }
            },
            {
                "time": {
                    "start": "2018-02-05T16:25:30.912Z",
                    "end": "2018-02-05T16:26:59.013Z"
                },
                "type": "SCRUB",
                "source": "data:drag",
                "_t": "09:25:30",
                "_end": "09:26:59",
                "data": {
                    "time": 131.635004
                }
            },
            {
                "time": {
                    "start": "2018-02-05T16:25:30.912Z",
                    "end": "2018-02-05T16:26:59.658Z"
                },
                "type": "SCRUB",
                "source": "data:drag",
                "_t": "09:25:30",
                "_end": "09:26:59",
                "data": {
                    "time": 172.104557
                }
            },
            {
                "time": {
                    "start": "2018-02-05T16:25:30.912Z",
                    "end": "2018-02-05T16:27:00.230Z"
                },
                "type": "SCRUB",
                "source": "data:drag",
                "_t": "09:25:30",
                "_end": "09:27:00",
                "data": {
                    "time": 214.313636
                }
            },
            {
                "time": {
                    "start": "2018-02-05T16:25:30.912Z",
                    "end": "2018-02-05T16:27:02.607Z"
                },
                "type": "SCRUB",
                "source": "data:drag",
                "_t": "09:25:30",
                "_end": "09:27:02",
                "data": {
                    "time": 239.690246
                }
            },
            {
                "time": {
                    "start": "2018-02-05T16:25:30.912Z",
                    "end": "2018-02-05T16:27:09.345Z"
                },
                "type": "SCRUB",
                "source": "data:drag",
                "_t": "09:25:30",
                "_end": "09:27:09",
                "data": {
                    "time": 245.829748
                }
            },
            {
                "time": {
                    "start": "2018-02-05T16:25:30.912Z",
                    "end": "2018-02-05T16:27:12.972Z"
                },
                "type": "SCRUB",
                "source": "data:drag",
                "_t": "09:25:30",
                "_end": "09:27:12",
                "data": {
                    "time": 245.829748
                }
            },
            {
                "time": {
                    "start": "2018-02-05T16:25:30.912Z",
                    "end": "2018-02-05T16:27:14.540Z"
                },
                "type": "SCRUB",
                "source": "data:drag",
                "_t": "09:25:30",
                "_end": "09:27:14",
                "data": {
                    "time": 283.587687
                }
            },
            {
                "time": {
                    "start": "2018-02-05T16:25:30.912Z",
                    "end": "2018-02-05T16:27:15.690Z"
                },
                "type": "SCRUB",
                "source": "data:drag",
                "_t": "09:25:30",
                "_end": "09:27:15",
                "data": {
                    "time": 321.345626
                }
            },
            {
                "time": {
                    "start": "2018-02-05T16:25:30.912Z",
                    "end": "2018-02-05T16:27:17.552Z"
                },
                "type": "SCRUB",
                "source": "data:drag",
                "_t": "09:25:30",
                "_end": "09:27:17",
                "data": {
                    "time": 326.871178
                }
            },
            {
                "time": {
                    "start": "2018-02-05T16:25:30.912Z",
                    "end": "2018-02-05T16:27:22.850Z"
                },
                "type": "SCRUB",
                "source": "data:drag",
                "_t": "09:25:30",
                "_end": "09:27:22",
                "data": {
                    "time": 330.145579
                }
            },
            {
                "time": {
                    "start": "2018-02-05T16:25:30.912Z",
                    "end": "2018-02-05T16:27:26.089Z"
                },
                "type": "SCRUB",
                "source": "data:drag",
                "_t": "09:25:30",
                "_end": "09:27:26",
                "data": {
                    "time": 330.145579
                }
            },
            {
                "time": {
                    "start": "2018-02-05T16:25:30.912Z",
                    "end": "2018-02-05T16:27:28.641Z"
                },
                "type": "SCRUB",
                "source": "data:drag",
                "_t": "09:25:30",
                "_end": "09:27:28",
                "data": {
                    "time": 353.680338
                }
            },
            {
                "time": {
                    "start": "2018-02-05T16:25:30.912Z",
                    "end": "2018-02-05T16:27:33.191Z"
                },
                "type": "SCRUB",
                "source": "data:drag",
                "_t": "09:25:30",
                "_end": "09:27:33",
                "data": {
                    "time": 357.773339
                }
            },
            {
                "time": {
                    "start": "2018-02-05T16:25:30.912Z",
                    "end": "2018-02-05T16:27:37.042Z"
                },
                "type": "SCRUB",
                "source": "data:drag",
                "_t": "09:25:30",
                "_end": "09:27:37",
                "data": {
                    "time": 357.773339
                }
            },
            {
                "time": {
                    "start": "2018-02-05T16:25:30.912Z",
                    "end": "2018-02-05T16:27:38.634Z"
                },
                "type": "SCRUB",
                "source": "data:drag",
                "_t": "09:25:30",
                "_end": "09:27:38",
                "data": {
                    "time": 392.359202
                }
            },
            {
                "time": {
                    "start": "2018-02-05T16:25:30.912Z",
                    "end": "2018-02-05T16:27:39.360Z"
                },
                "type": "SCRUB",
                "source": "data:drag",
                "_t": "09:25:30",
                "_end": "09:27:39",
                "data": {
                    "time": 424.182289
                }
            },
            {
                "time": {
                    "start": "2018-02-05T16:25:30.912Z",
                    "end": "2018-02-05T16:27:39.961Z"
                },
                "type": "SCRUB",
                "source": "data:drag",
                "_t": "09:25:30",
                "_end": "09:27:39",
                "data": {
                    "time": 457.437927
                }
            },
            {
                "time": {
                    "start": "2018-02-05T16:25:30.912Z",
                    "end": "2018-02-05T16:27:42.505Z"
                },
                "type": "SCRUB",
                "source": "data:drag",
                "_t": "09:25:30",
                "_end": "09:27:42",
                "data": {
                    "time": 488.493576
                }
            },
            {
                "time": {
                    "start": "2018-02-05T16:25:30.912Z",
                    "end": "2018-02-05T16:27:47.450Z"
                },
                "type": "SCRUB",
                "source": "data:drag",
                "_t": "09:25:30",
                "_end": "09:27:47",
                "data": {
                    "time": 494.888891
                }
            },
            {
                "time": {
                    "start": "2018-02-05T16:25:30.912Z",
                    "end": "2018-02-05T16:27:50.560Z"
                },
                "type": "SCRUB",
                "source": "data:drag",
                "_t": "09:25:30",
                "_end": "09:27:50",
                "data": {
                    "time": 494.888891
                }
            },
            {
                "time": {
                    "start": "2018-02-05T16:25:30.912Z",
                    "end": "2018-02-05T16:27:51.904Z"
                },
                "type": "SCRUB",
                "source": "data:drag",
                "_t": "09:25:30",
                "_end": "09:27:51",
                "data": {
                    "time": 527.325928
                }
            },
            {
                "time": {
                    "start": "2018-02-05T16:25:30.912Z",
                    "end": "2018-02-05T16:27:52.599Z"
                },
                "type": "SCRUB",
                "source": "data:drag",
                "_t": "09:25:30",
                "_end": "09:27:52",
                "data": {
                    "time": 564.981542
                }
            },
            {
                "time": {
                    "start": "2018-02-05T16:25:30.912Z",
                    "end": "2018-02-05T16:27:53.184Z"
                },
                "type": "SCRUB",
                "source": "data:drag",
                "_t": "09:25:30",
                "_end": "09:27:53",
                "data": {
                    "time": 607.753408
                }
            },
            {
                "time": {
                    "start": "2018-02-05T16:25:30.912Z",
                    "end": "2018-02-05T16:27:54.501Z"
                },
                "type": "SCRUB",
                "source": "data:drag",
                "_t": "09:25:30",
                "_end": "09:27:54",
                "data": {
                    "time": 628.320741
                }
            },
            {
                "time": {
                    "start": "2018-02-05T16:25:30.912Z",
                    "end": "2018-02-05T16:27:56.899Z"
                },
                "type": "SCRUB",
                "source": "data:drag",
                "_t": "09:25:30",
                "_end": "09:27:56",
                "data": {
                    "time": 629.299
                }
            },
            {
                "time": {
                    "start": "2018-02-05T16:25:30.912Z",
                    "end": "2018-02-05T16:28:01.705Z"
                },
                "type": "SCRUB",
                "source": "data:drag",
                "_t": "09:25:30",
                "_end": "09:28:01",
                "data": {
                    "time": 589.238746
                }
            },
            {
                "time": {
                    "start": "2018-02-05T16:25:30.912Z",
                    "end": "2018-02-05T16:28:02.445Z"
                },
                "type": "SCRUB",
                "source": "data:drag",
                "_t": "09:25:30",
                "_end": "09:28:02",
                "data": {
                    "time": 552.452893
                }
            },
            {
                "time": {
                    "start": "2018-02-05T16:25:30.912Z",
                    "end": "2018-02-05T16:28:03.588Z"
                },
                "type": "SCRUB",
                "source": "data:drag",
                "_t": "09:25:30",
                "_end": "09:28:03",
                "data": {
                    "time": 528.304183
                }
            }
        ]
    }
}