{
    "user_id": "050",
    "session_id": "5a789e16ee2b1975ba835ba1",
    "study": "studyD",
    "workspace": "newrun.run-thurs-seven-attempt",
    "details": {
        "workspace": "newrun.run-thurs-seven-attempt",
        "labels": [
            {
                "time": 30.32844,
                "endTime": 33.959981,
                "type": "skip",
                "id": 1
            },
            {
                "time": 81.353837,
                "endTime": 88.638807,
                "type": "run",
                "id": 2
            },
            {
                "time": 261.54232,
                "endTime": 265.4079795249801,
                "type": "skip",
                "id": 3
            },
            {
                "time": 279.37287,
                "endTime": 286.9328110319357,
                "type": "run",
                "id": 4
            },
            {
                "time": 414.664313,
                "endTime": 423.43174461343347,
                "type": "run",
                "id": 5
            },
            {
                "time": 439.129122,
                "endTime": 442.8040933349721,
                "type": "skip",
                "id": 6
            },
            {
                "time": 518.770998,
                "endTime": 522.655967696967,
                "type": "skip",
                "id": 7
            },
            {
                "time": 565.390634,
                "endTime": 575.3130566044156,
                "type": "run",
                "id": 8
            }
        ],
        "_starts": [
            "2018-02-05T18:38:33.000Z"
        ],
        "_ends": [
            "2018-02-05T18:39:59.505Z"
        ]
    },
    "labels_file": "/home/ubuntu/vat/data/user-studies/studyD/run-red/050.labels.json",
    "videoFlash": 11.89045,
    "surveys": {
        "user-info": {
            "firstname": "WingKi",
            "lastname": "Yu",
            "email": "wing.yu.kilds@gmail.com"
        },
        "practice-first": {
            "question1": "4",
            "question2": "ok",
            "question3": "50",
            "question4": "5"
        },
        "practice-second": {},
        "practice-third": {},
        "practice-survey": {},
        "pill-blue": {
            "question1": "4",
            "question2": "4",
            "question3": "70",
            "question4": "30"
        },
        "pill-red": {
            "question1": "1",
            "question2": "2",
            "question3": "20",
            "question4": "80"
        },
        "pill-orange": {
            "question1": "2",
            "question2": "2",
            "question3": "60",
            "question4": "40"
        },
        "pills-survey": {
            "question1": "5",
            "question2": "4",
            "question3": "5",
            "question4": "4"
        },
        "run-blue": {
            "question1": "5",
            "question2": "5",
            "question3": "100",
            "question4": "10"
        },
        "run-yellow": {
            "question1": "2",
            "question2": "4",
            "question3": "70",
            "question4": "30"
        }
    },
    "logs": {
        "labelEvents": [
            {
                "time": "2018-02-05T18:38:52.664Z",
                "type": "START",
                "source": "hotkey",
                "_t": "11:38:52",
                "_end": "-",
                "data": {
                    "type": "skip",
                    "time": 30.32844
                }
            },
            {
                "time": "2018-02-05T18:38:56.303Z",
                "type": "END",
                "source": "hotkey:ctb",
                "_t": "11:38:56",
                "_end": "-",
                "data": {
                    "lbl": {
                        "time": 30.32844,
                        "endTime": 33.959981,
                        "type": "skip",
                        "id": 1
                    },
                    "key": "enter"
                }
            },
            {
                "time": "2018-02-05T18:39:00.782Z",
                "type": "START",
                "source": "hotkey",
                "_t": "11:39:00",
                "_end": "-",
                "data": {
                    "type": "run",
                    "time": 81.353837
                }
            },
            {
                "time": "2018-02-05T18:39:08.063Z",
                "type": "END",
                "source": "hotkey:ctb",
                "_t": "11:39:08",
                "_end": "-",
                "data": {
                    "lbl": {
                        "time": 81.353837,
                        "endTime": 88.638807,
                        "type": "run",
                        "id": 2
                    },
                    "key": "enter"
                }
            },
            {
                "time": "2018-02-05T18:39:22.558Z",
                "type": "START",
                "source": "hotkey",
                "_t": "11:39:22",
                "_end": "-",
                "data": {
                    "type": "skip",
                    "time": 261.54232
                }
            },
            {
                "time": "2018-02-05T18:39:27.232Z",
                "type": "END",
                "source": "data:click:h_pos",
                "_t": "11:39:27",
                "_end": "-",
                "data": {
                    "lbl": {
                        "time": 261.54232,
                        "endTime": 265.4079795249801,
                        "type": "skip",
                        "id": 3
                    }
                }
            },
            {
                "time": "2018-02-05T18:39:30.326Z",
                "type": "START",
                "source": "hotkey",
                "_t": "11:39:30",
                "_end": "-",
                "data": {
                    "type": "run",
                    "time": 279.37287
                }
            },
            {
                "time": "2018-02-05T18:39:33.048Z",
                "type": "END",
                "source": "data:click:h_pos",
                "_t": "11:39:33",
                "_end": "-",
                "data": {
                    "lbl": {
                        "time": 279.37287,
                        "endTime": 286.9328110319357,
                        "type": "run",
                        "id": 4
                    }
                }
            },
            {
                "time": "2018-02-05T18:39:38.933Z",
                "type": "START",
                "source": "hotkey",
                "_t": "11:39:38",
                "_end": "-",
                "data": {
                    "type": "run",
                    "time": 414.664313
                }
            },
            {
                "time": "2018-02-05T18:39:40.015Z",
                "type": "END",
                "source": "data:click:h_pos",
                "_t": "11:39:40",
                "_end": "-",
                "data": {
                    "lbl": {
                        "time": 414.664313,
                        "endTime": 423.43174461343347,
                        "type": "run",
                        "id": 5
                    }
                }
            },
            {
                "time": "2018-02-05T18:39:43.432Z",
                "type": "START",
                "source": "hotkey",
                "_t": "11:39:43",
                "_end": "-",
                "data": {
                    "type": "skip",
                    "time": 439.129122
                }
            },
            {
                "time": "2018-02-05T18:39:45.144Z",
                "type": "END",
                "source": "data:click:h_pos",
                "_t": "11:39:45",
                "_end": "-",
                "data": {
                    "lbl": {
                        "time": 439.129122,
                        "endTime": 442.8040933349721,
                        "type": "skip",
                        "id": 6
                    }
                }
            },
            {
                "time": "2018-02-05T18:39:49.023Z",
                "type": "START",
                "source": "hotkey",
                "_t": "11:39:49",
                "_end": "-",
                "data": {
                    "type": "skip",
                    "time": 518.770998
                }
            },
            {
                "time": "2018-02-05T18:39:50.921Z",
                "type": "END",
                "source": "data:click:h_pos",
                "_t": "11:39:50",
                "_end": "-",
                "data": {
                    "lbl": {
                        "time": 518.770998,
                        "endTime": 522.655967696967,
                        "type": "skip",
                        "id": 7
                    }
                }
            },
            {
                "time": "2018-02-05T18:39:54.706Z",
                "type": "START",
                "source": "hotkey",
                "_t": "11:39:54",
                "_end": "-",
                "data": {
                    "type": "run",
                    "time": 565.390634
                }
            },
            {
                "time": "2018-02-05T18:39:56.232Z",
                "type": "END",
                "source": "data:click:h_pos",
                "_t": "11:39:56",
                "_end": "-",
                "data": {
                    "lbl": {
                        "time": 565.390634,
                        "endTime": 575.3130566044156,
                        "type": "run",
                        "id": 8
                    }
                }
            }
        ],
        "navigationEvents": [
            {
                "time": {
                    "start": "2018-02-05T18:38:33.816Z",
                    "end": "2018-02-05T18:38:42.557Z"
                },
                "type": "SCRUB",
                "source": "data:drag",
                "_t": "11:38:33",
                "_end": "11:38:42",
                "data": {
                    "time": 11.89045
                }
            },
            {
                "time": {
                    "start": "2018-02-05T18:38:33.816Z",
                    "end": "2018-02-05T18:38:50.804Z"
                },
                "type": "SCRUB",
                "source": "data:drag",
                "_t": "11:38:33",
                "_end": "11:38:50",
                "data": {
                    "time": 28.462559
                }
            },
            {
                "time": {
                    "start": "2018-02-05T18:38:33.816Z",
                    "end": "2018-02-05T18:38:57.990Z"
                },
                "type": "SCRUB",
                "source": "data:drag",
                "_t": "11:38:33",
                "_end": "11:38:57",
                "data": {
                    "time": 73.439369
                }
            },
            {
                "time": {
                    "start": "2018-02-05T18:38:33.816Z",
                    "end": "2018-02-05T18:38:59.550Z"
                },
                "type": "SCRUB",
                "source": "data:drag",
                "_t": "11:38:33",
                "_end": "11:38:59",
                "data": {
                    "time": 80.125949
                }
            },
            {
                "time": {
                    "start": "2018-02-05T18:38:33.816Z",
                    "end": "2018-02-05T18:39:09.784Z"
                },
                "type": "SCRUB",
                "source": "data:drag",
                "_t": "11:38:33",
                "_end": "11:39:09",
                "data": {
                    "time": 129.545333
                }
            },
            {
                "time": {
                    "start": "2018-02-05T18:38:33.816Z",
                    "end": "2018-02-05T18:39:10.396Z"
                },
                "type": "SCRUB",
                "source": "data:drag",
                "_t": "11:38:33",
                "_end": "11:39:10",
                "data": {
                    "time": 155.742628
                }
            },
            {
                "time": {
                    "start": "2018-02-05T18:38:33.816Z",
                    "end": "2018-02-05T18:39:10.999Z"
                },
                "type": "SCRUB",
                "source": "data:drag",
                "_t": "11:38:33",
                "_end": "11:39:10",
                "data": {
                    "time": 191.127351
                }
            },
            {
                "time": {
                    "start": "2018-02-05T18:38:33.816Z",
                    "end": "2018-02-05T18:39:11.533Z"
                },
                "type": "SCRUB",
                "source": "data:drag",
                "_t": "11:38:33",
                "_end": "11:39:11",
                "data": {
                    "time": 228.40206
                }
            },
            {
                "time": {
                    "start": "2018-02-05T18:38:33.816Z",
                    "end": "2018-02-05T18:39:12.594Z"
                },
                "type": "SCRUB",
                "source": "data:drag",
                "_t": "11:38:33",
                "_end": "11:39:12",
                "data": {
                    "time": 247.61691
                }
            },
            {
                "time": "2018-02-05T18:39:18.005Z",
                "type": "CHANGE-PLAYBACK-RATE",
                "source": "video:menu",
                "_t": "11:39:18",
                "_end": "-",
                "data": {
                    "oldRate": 1,
                    "newRate": 0.5
                }
            },
            {
                "time": {
                    "start": "2018-02-05T18:38:33.816Z",
                    "end": "2018-02-05T18:39:20.483Z"
                },
                "type": "SCRUB",
                "source": "data:drag",
                "_t": "11:38:33",
                "_end": "11:39:20",
                "data": {
                    "time": 260.503705
                }
            },
            {
                "time": "2018-02-05T18:39:25.037Z",
                "type": "PAUSE",
                "source": "hotkey",
                "_t": "11:39:25",
                "_end": "-",
                "data": {
                    "key": "space"
                }
            },
            {
                "time": {
                    "start": "2018-02-05T18:38:33.816Z",
                    "end": "2018-02-05T18:39:27.230Z"
                },
                "type": "SCRUB",
                "source": "data:drag",
                "_t": "11:38:33",
                "_end": "11:39:27",
                "data": {
                    "time": 262.783
                }
            },
            {
                "time": {
                    "start": "2018-02-05T18:38:33.816Z",
                    "end": "2018-02-05T18:39:30.039Z"
                },
                "type": "SCRUB",
                "source": "data:drag",
                "_t": "11:38:33",
                "_end": "11:39:30",
                "data": {
                    "time": 279.37287
                }
            },
            {
                "time": {
                    "start": "2018-02-05T18:38:33.816Z",
                    "end": "2018-02-05T18:39:33.046Z"
                },
                "type": "SCRUB",
                "source": "data:drag",
                "_t": "11:38:33",
                "_end": "11:39:33",
                "data": {
                    "time": 279.37287
                }
            },
            {
                "time": {
                    "start": "2018-02-05T18:38:33.816Z",
                    "end": "2018-02-05T18:39:34.263Z"
                },
                "type": "SCRUB",
                "source": "data:drag",
                "_t": "11:38:33",
                "_end": "11:39:34",
                "data": {
                    "time": 320.165051
                }
            },
            {
                "time": {
                    "start": "2018-02-05T18:38:33.816Z",
                    "end": "2018-02-05T18:39:34.832Z"
                },
                "type": "SCRUB",
                "source": "data:drag",
                "_t": "11:38:33",
                "_end": "11:39:34",
                "data": {
                    "time": 351.927303
                }
            },
            {
                "time": {
                    "start": "2018-02-05T18:38:33.816Z",
                    "end": "2018-02-05T18:39:35.415Z"
                },
                "type": "SCRUB",
                "source": "data:drag",
                "_t": "11:38:33",
                "_end": "11:39:35",
                "data": {
                    "time": 384.477049
                }
            },
            {
                "time": {
                    "start": "2018-02-05T18:38:33.816Z",
                    "end": "2018-02-05T18:39:38.774Z"
                },
                "type": "SCRUB",
                "source": "data:drag",
                "_t": "11:38:33",
                "_end": "11:39:38",
                "data": {
                    "time": 414.664313
                }
            },
            {
                "time": {
                    "start": "2018-02-05T18:38:33.816Z",
                    "end": "2018-02-05T18:39:40.013Z"
                },
                "type": "SCRUB",
                "source": "data:drag",
                "_t": "11:38:33",
                "_end": "11:39:40",
                "data": {
                    "time": 414.664313
                }
            },
            {
                "time": {
                    "start": "2018-02-05T18:38:33.816Z",
                    "end": "2018-02-05T18:39:43.077Z"
                },
                "type": "SCRUB",
                "source": "data:drag",
                "_t": "11:38:33",
                "_end": "11:39:43",
                "data": {
                    "time": 439.129122
                }
            },
            {
                "time": {
                    "start": "2018-02-05T18:38:33.816Z",
                    "end": "2018-02-05T18:39:45.142Z"
                },
                "type": "SCRUB",
                "source": "data:drag",
                "_t": "11:38:33",
                "_end": "11:39:45",
                "data": {
                    "time": 439.129122
                }
            },
            {
                "time": {
                    "start": "2018-02-05T18:38:33.816Z",
                    "end": "2018-02-05T18:39:45.749Z"
                },
                "type": "SCRUB",
                "source": "data:drag",
                "_t": "11:38:33",
                "_end": "11:39:45",
                "data": {
                    "time": 466.323909
                }
            },
            {
                "time": {
                    "start": "2018-02-05T18:38:33.816Z",
                    "end": "2018-02-05T18:39:46.426Z"
                },
                "type": "SCRUB",
                "source": "data:drag",
                "_t": "11:38:33",
                "_end": "11:39:46",
                "data": {
                    "time": 492.153707
                }
            },
            {
                "time": {
                    "start": "2018-02-05T18:38:33.816Z",
                    "end": "2018-02-05T18:39:48.895Z"
                },
                "type": "SCRUB",
                "source": "data:drag",
                "_t": "11:38:33",
                "_end": "11:39:48",
                "data": {
                    "time": 518.770999
                }
            },
            {
                "time": {
                    "start": "2018-02-05T18:38:33.816Z",
                    "end": "2018-02-05T18:39:50.918Z"
                },
                "type": "SCRUB",
                "source": "data:drag",
                "_t": "11:38:33",
                "_end": "11:39:50",
                "data": {
                    "time": 518.770998
                }
            },
            {
                "time": {
                    "start": "2018-02-05T18:38:33.816Z",
                    "end": "2018-02-05T18:39:51.600Z"
                },
                "type": "SCRUB",
                "source": "data:drag",
                "_t": "11:38:33",
                "_end": "11:39:51",
                "data": {
                    "time": 545.808287
                }
            },
            {
                "time": {
                    "start": "2018-02-05T18:38:33.816Z",
                    "end": "2018-02-05T18:39:54.534Z"
                },
                "type": "SCRUB",
                "source": "data:drag",
                "_t": "11:38:33",
                "_end": "11:39:54",
                "data": {
                    "time": 565.390634
                }
            },
            {
                "time": {
                    "start": "2018-02-05T18:38:33.816Z",
                    "end": "2018-02-05T18:39:56.230Z"
                },
                "type": "SCRUB",
                "source": "data:drag",
                "_t": "11:38:33",
                "_end": "11:39:56",
                "data": {
                    "time": 565.390634
                }
            },
            {
                "time": {
                    "start": "2018-02-05T18:38:33.816Z",
                    "end": "2018-02-05T18:39:56.953Z"
                },
                "type": "SCRUB",
                "source": "data:drag",
                "_t": "11:38:33",
                "_end": "11:39:56",
                "data": {
                    "time": 598.045379
                }
            },
            {
                "time": {
                    "start": "2018-02-05T18:38:33.816Z",
                    "end": "2018-02-05T18:39:58.001Z"
                },
                "type": "SCRUB",
                "source": "data:drag",
                "_t": "11:38:33",
                "_end": "11:39:58",
                "data": {
                    "time": 641.02
                }
            }
        ]
    }
}