{
    "user_id": "053",
    "session_id": "5a78abeeee2b1975ba835bc8",
    "study": "studyD",
    "workspace": "newrun.run-thurs-seven-attempt",
    "details": {
        "workspace": "newrun.run-thurs-seven-attempt",
        "labels": [
            {
                "time": 30.337447251847596,
                "endTime": 33.78327548367199,
                "type": "run",
                "id": 1
            },
            {
                "time": 81.02611482487802,
                "endTime": 88.93680818097404,
                "type": "skip",
                "id": 2
            },
            {
                "time": 261.672968,
                "endTime": 265.898925,
                "type": "run",
                "id": 3
            },
            {
                "time": 279.557386,
                "endTime": 287.355572,
                "type": "skip",
                "id": 4
            },
            {
                "time": 416.6524696960662,
                "endTime": 423.08519408680115,
                "type": "skip",
                "id": 5
            },
            {
                "time": 416.302463,
                "endTime": 416.302463,
                "type": "skip",
                "id": 6
            },
            {
                "time": 439.05385199998966,
                "endTime": 442.7140596960904,
                "type": "run",
                "id": 7
            },
            {
                "time": 519.380969,
                "endTime": 521.98088,
                "type": "run",
                "id": 8
            },
            {
                "time": 519.380969,
                "endTime": 519.380969,
                "type": "run",
                "id": 9
            },
            {
                "time": 565.489076,
                "endTime": 576.21114,
                "type": "skip",
                "id": 10
            }
        ],
        "_starts": [
            "2018-02-05T19:37:42.000Z"
        ],
        "_ends": [
            "2018-02-05T19:40:25.319Z"
        ]
    },
    "labels_file": "/home/ubuntu/vat/data/user-studies/studyD/run-red/053.labels.json",
    "videoFlash": 11.89045,
    "surveys": {
        "user-info": {
            "firstname": "Marshall",
            "lastname": "Rawlins",
            "email": "mjamesr4@gmail.com"
        },
        "practice-first": {
            "question1": "3",
            "question2": "ok",
            "question3": "50",
            "question4": "3"
        },
        "practice-second": {},
        "practice-third": {},
        "practice-survey": {},
        "pill-blue": {
            "question1": "5",
            "question2": "5",
            "question3": "70",
            "question4": "0"
        },
        "pill-red": {
            "question1": "4",
            "question2": "3",
            "question3": "50",
            "question4": "0"
        },
        "pill-orange": {
            "question1": "4",
            "question2": "5",
            "question3": "100",
            "question4": "10"
        },
        "pills-survey": {
            "question1": "5",
            "question2": "2",
            "question3": "2",
            "question4": "5"
        },
        "run-blue": {
            "question1": "5",
            "question2": "5",
            "question3": "100",
            "question4": "100"
        },
        "run-yellow": {
            "question1": "5",
            "question2": "4",
            "question3": "70",
            "question4": "100"
        }
    },
    "logs": {
        "labelEvents": [
            {
                "time": "2018-02-05T19:38:02.985Z",
                "type": "START",
                "source": "hotkey",
                "_t": "12:38:02",
                "_end": "-",
                "data": {
                    "type": "run",
                    "time": 31.820988
                }
            },
            {
                "time": "2018-02-05T19:38:05.569Z",
                "type": "END",
                "source": "data:click:h_pos",
                "_t": "12:38:05",
                "_end": "-",
                "data": {
                    "lbl": {
                        "time": 30.337447251847596,
                        "endTime": 33.78327548367199,
                        "type": "run",
                        "id": 1
                    }
                }
            },
            {
                "time": "2018-02-05T19:38:07.934Z",
                "type": "SELECT",
                "source": "data:click",
                "_t": "12:38:07",
                "_end": "-",
                "data": {
                    "time": 30.337447251847596,
                    "endTime": 33.78327548367199,
                    "type": "run",
                    "id": 1
                }
            },
            {
                "time": {
                    "start": "2018-02-05T19:38:08.285Z",
                    "end": "2018-02-05T19:38:09.108Z"
                },
                "type": "MOVE",
                "source": "data:brush",
                "_t": "12:38:08",
                "_end": "12:38:09",
                "data": {
                    "brushing": true,
                    "origin": [
                        28.75059360162579,
                        31.820988
                    ],
                    "start": "2018-02-05T19:38:08.285Z",
                    "ε": 0.1,
                    "mode": "move"
                }
            },
            {
                "time": "2018-02-05T19:38:10.680Z",
                "type": "DESELECT",
                "source": "data:click",
                "_t": "12:38:10",
                "_end": "-",
                "data": {
                    "time": 30.337447251847614,
                    "endTime": 33.28326591781834,
                    "type": "run",
                    "id": 1
                }
            },
            {
                "time": "2018-02-05T19:38:11.718Z",
                "type": "SELECT",
                "source": "data:click",
                "_t": "12:38:11",
                "_end": "-",
                "data": {
                    "time": 30.337447251847596,
                    "endTime": 33.78327548367199,
                    "type": "run",
                    "id": 1
                }
            },
            {
                "time": {
                    "start": "2018-02-05T19:38:12.557Z",
                    "end": "2018-02-05T19:38:13.507Z"
                },
                "type": "RESIZE",
                "source": "data:brush",
                "_t": "12:38:12",
                "_end": "12:38:13",
                "data": {
                    "brushing": true,
                    "origin": [
                        30.337447251847614,
                        33.28326591781834
                    ],
                    "_brushside": 1,
                    "start": "2018-02-05T19:38:12.557Z",
                    "ε": 0.1,
                    "mode": "resize"
                }
            },
            {
                "time": "2018-02-05T19:38:19.854Z",
                "type": "START",
                "source": "hotkey",
                "_t": "12:38:19",
                "_end": "-",
                "data": {
                    "type": "skip",
                    "time": 81.976133
                }
            },
            {
                "time": "2018-02-05T19:38:23.260Z",
                "type": "END",
                "source": "hotkey:h_pos",
                "_t": "12:38:23",
                "_end": "-",
                "data": {
                    "lbl": {
                        "time": 81.02611482487802,
                        "endTime": 88.93680818097404,
                        "type": "skip",
                        "id": 2
                    },
                    "key": "enter"
                }
            },
            {
                "time": "2018-02-05T19:38:24.679Z",
                "type": "SELECT",
                "source": "data:click",
                "_t": "12:38:24",
                "_end": "-",
                "data": {
                    "time": 81.02611482487802,
                    "endTime": 88.93680818097404,
                    "type": "skip",
                    "id": 2
                }
            },
            {
                "time": "2018-02-05T19:38:26.568Z",
                "type": "DESELECT",
                "source": "data:click",
                "_t": "12:38:26",
                "_end": "-",
                "data": {
                    "time": 81.976133,
                    "endTime": 93.83690192634066,
                    "type": "skip",
                    "id": 2
                }
            },
            {
                "time": "2018-02-05T19:38:27.966Z",
                "type": "SELECT",
                "source": "data:click",
                "_t": "12:38:27",
                "_end": "-",
                "data": {
                    "time": 81.02611482487802,
                    "endTime": 88.93680818097404,
                    "type": "skip",
                    "id": 2
                }
            },
            {
                "time": {
                    "start": "2018-02-05T19:38:30.140Z",
                    "end": "2018-02-05T19:38:30.933Z"
                },
                "type": "RESIZE",
                "source": "data:brush",
                "_t": "12:38:30",
                "_end": "12:38:30",
                "data": {
                    "brushing": true,
                    "origin": [
                        81.976133,
                        93.83690192634066
                    ],
                    "_brushside": 0,
                    "start": "2018-02-05T19:38:30.140Z",
                    "ε": 0.1,
                    "mode": "resize"
                }
            },
            {
                "time": "2018-02-05T19:38:31.335Z",
                "type": "DESELECT",
                "source": "data:click",
                "_t": "12:38:31",
                "_end": "-",
                "data": {
                    "time": 81.02611482488176,
                    "endTime": 93.83690192634137,
                    "type": "skip",
                    "id": 2
                }
            },
            {
                "time": "2018-02-05T19:38:32.334Z",
                "type": "SELECT",
                "source": "data:click",
                "_t": "12:38:32",
                "_end": "-",
                "data": {
                    "time": 81.02611482487802,
                    "endTime": 88.93680818097404,
                    "type": "skip",
                    "id": 2
                }
            },
            {
                "time": {
                    "start": "2018-02-05T19:38:33.365Z",
                    "end": "2018-02-05T19:38:34.756Z"
                },
                "type": "RESIZE",
                "source": "data:brush",
                "_t": "12:38:33",
                "_end": "12:38:34",
                "data": {
                    "brushing": true,
                    "origin": [
                        81.02611482488176,
                        93.83690192634137
                    ],
                    "_brushside": 1,
                    "start": "2018-02-05T19:38:33.365Z",
                    "ε": 0.1,
                    "mode": "resize"
                }
            },
            {
                "time": "2018-02-05T19:38:41.710Z",
                "type": "START",
                "source": "hotkey",
                "_t": "12:38:41",
                "_end": "-",
                "data": {
                    "type": "run",
                    "time": 261.672968
                }
            },
            {
                "time": "2018-02-05T19:38:43.821Z",
                "type": "END",
                "source": "hotkey:ctb",
                "_t": "12:38:43",
                "_end": "-",
                "data": {
                    "lbl": {
                        "time": 261.672968,
                        "endTime": 265.898925,
                        "type": "run",
                        "id": 3
                    },
                    "key": "enter"
                }
            },
            {
                "time": "2018-02-05T19:38:50.648Z",
                "type": "START",
                "source": "hotkey",
                "_t": "12:38:50",
                "_end": "-",
                "data": {
                    "type": "skip",
                    "time": 279.557386
                }
            },
            {
                "time": "2018-02-05T19:38:54.557Z",
                "type": "END",
                "source": "hotkey:ctb",
                "_t": "12:38:54",
                "_end": "-",
                "data": {
                    "lbl": {
                        "time": 279.557386,
                        "endTime": 287.355572,
                        "type": "skip",
                        "id": 4
                    },
                    "key": "enter"
                }
            },
            {
                "time": "2018-02-05T19:39:00.141Z",
                "type": "START",
                "source": "hotkey",
                "_t": "12:39:00",
                "_end": "-",
                "data": {
                    "type": "skip",
                    "time": 416.302463
                }
            },
            {
                "time": "2018-02-05T19:39:03.583Z",
                "type": "START",
                "source": "hotkey",
                "_t": "12:39:03",
                "_end": "-",
                "data": {
                    "type": "skip",
                    "time": 423.185196
                }
            },
            {
                "time": "2018-02-05T19:39:05.615Z",
                "type": "END",
                "source": "data:click:h_pos",
                "_t": "12:39:05",
                "_end": "-",
                "data": {
                    "lbl": {
                        "time": 416.302463,
                        "endTime": 416.302463,
                        "type": "skip",
                        "id": 6
                    }
                }
            },
            {
                "time": "2018-02-05T19:39:05.619Z",
                "type": "SELECT",
                "source": "data:click",
                "_t": "12:39:05",
                "_end": "-",
                "data": {
                    "time": 416.6524696960662,
                    "endTime": 423.08519408680115,
                    "type": "skip",
                    "id": 5
                }
            },
            {
                "time": {
                    "start": "2018-02-05T19:39:06.669Z",
                    "end": "2018-02-05T19:39:07.364Z"
                },
                "type": "RESIZE",
                "source": "data:brush",
                "_t": "12:39:06",
                "_end": "12:39:07",
                "data": {
                    "brushing": true,
                    "origin": [
                        416.302463,
                        423.185196
                    ],
                    "_brushside": 0,
                    "start": "2018-02-05T19:39:06.669Z",
                    "ε": 0.1,
                    "mode": "resize"
                }
            },
            {
                "time": "2018-02-05T19:39:08.936Z",
                "type": "DESELECT",
                "source": "data:click",
                "_t": "12:39:08",
                "_end": "-",
                "data": {
                    "time": 416.302463,
                    "endTime": 423.18519600000207,
                    "type": "skip",
                    "id": 5
                }
            },
            {
                "time": "2018-02-05T19:39:09.847Z",
                "type": "SELECT",
                "source": "data:click",
                "_t": "12:39:09",
                "_end": "-",
                "data": {
                    "time": 416.6524696960662,
                    "endTime": 423.08519408680115,
                    "type": "skip",
                    "id": 5
                }
            },
            {
                "time": {
                    "start": "2018-02-05T19:39:10.445Z",
                    "end": "2018-02-05T19:39:11.197Z"
                },
                "type": "RESIZE",
                "source": "data:brush",
                "_t": "12:39:10",
                "_end": "12:39:11",
                "data": {
                    "brushing": true,
                    "origin": [
                        416.302463,
                        423.18519600000207
                    ],
                    "_brushside": 0,
                    "start": "2018-02-05T19:39:10.445Z",
                    "ε": 0.1,
                    "mode": "resize"
                }
            },
            {
                "time": "2018-02-05T19:39:14.488Z",
                "type": "DESELECT",
                "source": "data:click",
                "_t": "12:39:14",
                "_end": "-",
                "data": {
                    "time": 416.302463,
                    "endTime": 423.1851960000001,
                    "type": "skip",
                    "id": 5
                }
            },
            {
                "time": "2018-02-05T19:39:16.415Z",
                "type": "SELECT",
                "source": "data:click",
                "_t": "12:39:16",
                "_end": "-",
                "data": {
                    "time": 416.6524696960662,
                    "endTime": 423.08519408680115,
                    "type": "skip",
                    "id": 5
                }
            },
            {
                "time": {
                    "start": "2018-02-05T19:39:16.941Z",
                    "end": "2018-02-05T19:39:18.253Z"
                },
                "type": "RESIZE",
                "source": "data:brush",
                "_t": "12:39:16",
                "_end": "12:39:18",
                "data": {
                    "brushing": true,
                    "origin": [
                        416.302463,
                        423.1851960000001
                    ],
                    "_brushside": 0,
                    "start": "2018-02-05T19:39:16.941Z",
                    "ε": 0.1,
                    "mode": "resize"
                }
            },
            {
                "time": {
                    "start": "2018-02-05T19:39:19.309Z",
                    "end": "2018-02-05T19:39:19.401Z"
                },
                "type": "MOVE",
                "source": "data:brush",
                "_t": "12:39:19",
                "_end": "12:39:19",
                "data": {
                    "brushing": true,
                    "origin": [
                        416.302463,
                        423.1851959999972
                    ],
                    "start": "2018-02-05T19:39:19.309Z",
                    "ε": 0.1,
                    "mode": "move"
                }
            },
            {
                "time": {
                    "start": "2018-02-05T19:39:19.845Z",
                    "end": "2018-02-05T19:39:20.724Z"
                },
                "type": "MOVE",
                "source": "data:brush",
                "_t": "12:39:19",
                "_end": "12:39:20",
                "data": {
                    "brushing": true,
                    "origin": [
                        416.302463,
                        423.1851959999972
                    ],
                    "start": "2018-02-05T19:39:19.845Z",
                    "ε": 0.1,
                    "mode": "move"
                }
            },
            {
                "time": {
                    "start": "2018-02-05T19:39:21.772Z",
                    "end": "2018-02-05T19:39:22.627Z"
                },
                "type": "MOVE",
                "source": "data:brush",
                "_t": "12:39:21",
                "_end": "12:39:22",
                "data": {
                    "brushing": true,
                    "origin": [
                        416.302463,
                        423.1851959999972
                    ],
                    "start": "2018-02-05T19:39:21.772Z",
                    "ε": 0.1,
                    "mode": "move"
                }
            },
            {
                "time": "2018-02-05T19:39:23.152Z",
                "type": "DESELECT",
                "source": "data:click",
                "_t": "12:39:23",
                "_end": "-",
                "data": {
                    "time": 416.302463,
                    "endTime": 423.1851959999972,
                    "type": "skip",
                    "id": 5
                }
            },
            {
                "time": "2018-02-05T19:39:23.975Z",
                "type": "SELECT",
                "source": "data:click",
                "_t": "12:39:23",
                "_end": "-",
                "data": {
                    "time": 416.6524696960662,
                    "endTime": 423.08519408680115,
                    "type": "skip",
                    "id": 5
                }
            },
            {
                "time": "2018-02-05T19:39:24.592Z",
                "type": "DESELECT",
                "source": "data:click",
                "_t": "12:39:24",
                "_end": "-",
                "data": {
                    "time": 416.302463,
                    "endTime": 423.1851959999972,
                    "type": "skip",
                    "id": 5
                }
            },
            {
                "time": "2018-02-05T19:39:25.735Z",
                "type": "SELECT",
                "source": "data:click",
                "_t": "12:39:25",
                "_end": "-",
                "data": {
                    "time": 416.6524696960662,
                    "endTime": 423.08519408680115,
                    "type": "skip",
                    "id": 5
                }
            },
            {
                "time": {
                    "start": "2018-02-05T19:39:27.190Z",
                    "end": "2018-02-05T19:39:28.339Z"
                },
                "type": "RESIZE",
                "source": "data:brush",
                "_t": "12:39:27",
                "_end": "12:39:28",
                "data": {
                    "brushing": true,
                    "origin": [
                        416.302463,
                        423.1851959999972
                    ],
                    "_brushside": 0,
                    "start": "2018-02-05T19:39:27.190Z",
                    "ε": 0.1,
                    "mode": "resize"
                }
            },
            {
                "time": "2018-02-05T19:39:36.830Z",
                "type": "START",
                "source": "hotkey",
                "_t": "12:39:36",
                "_end": "-",
                "data": {
                    "type": "run",
                    "time": 439.053852
                }
            },
            {
                "time": "2018-02-05T19:39:38.877Z",
                "type": "END",
                "source": "hotkey:h_pos",
                "_t": "12:39:38",
                "_end": "-",
                "data": {
                    "lbl": {
                        "time": 439.05385199998966,
                        "endTime": 442.7140596960904,
                        "type": "run",
                        "id": 7
                    },
                    "key": "enter"
                }
            },
            {
                "time": "2018-02-05T19:39:40.151Z",
                "type": "SELECT",
                "source": "data:click",
                "_t": "12:39:40",
                "_end": "-",
                "data": {
                    "time": 439.05385199998966,
                    "endTime": 442.7140596960904,
                    "type": "run",
                    "id": 7
                }
            },
            {
                "time": "2018-02-05T19:39:42.897Z",
                "type": "DESELECT",
                "source": "data:click",
                "_t": "12:39:42",
                "_end": "-",
                "data": {
                    "time": 439.053852,
                    "endTime": 452.1642404907217,
                    "type": "run",
                    "id": 7
                }
            },
            {
                "time": "2018-02-05T19:39:43.718Z",
                "type": "SELECT",
                "source": "data:click",
                "_t": "12:39:43",
                "_end": "-",
                "data": {
                    "time": 439.05385199998966,
                    "endTime": 442.7140596960904,
                    "type": "run",
                    "id": 7
                }
            },
            {
                "time": {
                    "start": "2018-02-05T19:39:44.325Z",
                    "end": "2018-02-05T19:39:45.557Z"
                },
                "type": "RESIZE",
                "source": "data:brush",
                "_t": "12:39:44",
                "_end": "12:39:45",
                "data": {
                    "brushing": true,
                    "origin": [
                        439.053852,
                        452.1642404907217
                    ],
                    "_brushside": 1,
                    "start": "2018-02-05T19:39:44.325Z",
                    "ε": 0.1,
                    "mode": "resize"
                }
            },
            {
                "time": "2018-02-05T19:39:46.344Z",
                "type": "DESELECT",
                "source": "data:click",
                "_t": "12:39:46",
                "_end": "-",
                "data": {
                    "time": 439.05385199998966,
                    "endTime": 442.7140596960904,
                    "type": "run",
                    "id": 7
                }
            },
            {
                "time": "2018-02-05T19:39:47.003Z",
                "type": "SELECT",
                "source": "data:click",
                "_t": "12:39:47",
                "_end": "-",
                "data": {
                    "time": 416.6524696960662,
                    "endTime": 423.08519408680115,
                    "type": "skip",
                    "id": 5
                }
            },
            {
                "time": {
                    "start": "2018-02-05T19:39:47.829Z",
                    "end": "2018-02-05T19:39:48.903Z"
                },
                "type": "RESIZE",
                "source": "data:brush",
                "_t": "12:39:47",
                "_end": "12:39:48",
                "data": {
                    "brushing": true,
                    "origin": [
                        416.302463,
                        423.1851959999972
                    ],
                    "_brushside": 0,
                    "start": "2018-02-05T19:39:47.829Z",
                    "ε": 0.1,
                    "mode": "resize"
                }
            },
            {
                "time": {
                    "start": "2018-02-05T19:39:49.414Z",
                    "end": "2018-02-05T19:39:50.157Z"
                },
                "type": "MOVE",
                "source": "data:brush",
                "_t": "12:39:49",
                "_end": "12:39:50",
                "data": {
                    "brushing": true,
                    "origin": [
                        416.7524716092368,
                        423.1851959999718
                    ],
                    "start": "2018-02-05T19:39:49.414Z",
                    "ε": 0.1,
                    "mode": "move"
                }
            },
            {
                "time": "2018-02-05T19:39:53.770Z",
                "type": "DESELECT",
                "source": "data:click",
                "_t": "12:39:53",
                "_end": "-",
                "data": {
                    "time": 416.6524696960662,
                    "endTime": 423.08519408680115,
                    "type": "skip",
                    "id": 5
                }
            },
            {
                "time": "2018-02-05T19:39:58.730Z",
                "type": "START",
                "source": "hotkey",
                "_t": "12:39:58",
                "_end": "-",
                "data": {
                    "type": "run",
                    "time": 519.380969
                }
            },
            {
                "time": "2018-02-05T19:40:00.031Z",
                "type": "START",
                "source": "hotkey",
                "_t": "12:40:00",
                "_end": "-",
                "data": {
                    "type": "run",
                    "time": 521.98088
                }
            },
            {
                "time": "2018-02-05T19:40:08.087Z",
                "type": "END",
                "source": "data:click:h_pos",
                "_t": "12:40:08",
                "_end": "-",
                "data": {
                    "lbl": {
                        "time": 519.380969,
                        "endTime": 519.380969,
                        "type": "run",
                        "id": 9
                    }
                }
            },
            {
                "time": "2018-02-05T19:40:08.092Z",
                "type": "SELECT",
                "source": "data:click",
                "_t": "12:40:08",
                "_end": "-",
                "data": {
                    "time": 519.380969,
                    "endTime": 521.98088,
                    "type": "run",
                    "id": 8
                }
            },
            {
                "time": "2018-02-05T19:40:08.796Z",
                "type": "DESELECT",
                "source": "data:click",
                "_t": "12:40:08",
                "_end": "-",
                "data": {
                    "time": 519.380969,
                    "endTime": 521.98088,
                    "type": "run",
                    "id": 8
                }
            },
            {
                "time": "2018-02-05T19:40:17.725Z",
                "type": "START",
                "source": "hotkey",
                "_t": "12:40:17",
                "_end": "-",
                "data": {
                    "type": "skip",
                    "time": 565.489076
                }
            },
            {
                "time": "2018-02-05T19:40:23.088Z",
                "type": "END",
                "source": "hotkey:ctb",
                "_t": "12:40:23",
                "_end": "-",
                "data": {
                    "lbl": {
                        "time": 565.489076,
                        "endTime": 576.21114,
                        "type": "skip",
                        "id": 10
                    },
                    "key": "enter"
                }
            }
        ],
        "navigationEvents": [
            {
                "time": {
                    "start": "2018-02-05T19:37:42.730Z",
                    "end": "2018-02-05T19:37:54.401Z"
                },
                "type": "SCRUB",
                "source": "data:drag",
                "_t": "12:37:42",
                "_end": "12:37:54",
                "data": {
                    "time": 29.343622
                }
            },
            {
                "time": {
                    "start": "2018-02-05T19:37:42.730Z",
                    "end": "2018-02-05T19:38:05.567Z"
                },
                "type": "SCRUB",
                "source": "data:drag",
                "_t": "12:37:42",
                "_end": "12:38:05",
                "data": {
                    "time": 34.406683
                }
            },
            {
                "time": "2018-02-05T19:38:06.989Z",
                "type": "PAUSE",
                "source": "video:button",
                "_t": "12:38:06",
                "_end": "-"
            },
            {
                "time": {
                    "start": "2018-02-05T19:37:42.730Z",
                    "end": "2018-02-05T19:38:07.932Z"
                },
                "type": "SCRUB",
                "source": "data:drag",
                "_t": "12:37:42",
                "_end": "12:38:07",
                "data": {
                    "time": 35.820008
                }
            },
            {
                "time": {
                    "start": "2018-02-05T19:37:42.730Z",
                    "end": "2018-02-05T19:38:09.126Z"
                },
                "type": "SCRUB",
                "source": "data:drag",
                "_t": "12:37:42",
                "_end": "12:38:09",
                "data": {
                    "time": 35.820008
                }
            },
            {
                "time": {
                    "start": "2018-02-05T19:37:42.730Z",
                    "end": "2018-02-05T19:38:10.678Z"
                },
                "type": "SCRUB",
                "source": "data:drag",
                "_t": "12:37:42",
                "_end": "12:38:10",
                "data": {
                    "time": 35.820008
                }
            },
            {
                "time": {
                    "start": "2018-02-05T19:37:42.730Z",
                    "end": "2018-02-05T19:38:11.716Z"
                },
                "type": "SCRUB",
                "source": "data:drag",
                "_t": "12:37:42",
                "_end": "12:38:11",
                "data": {
                    "time": 35.820008
                }
            },
            {
                "time": {
                    "start": "2018-02-05T19:37:42.730Z",
                    "end": "2018-02-05T19:38:13.513Z"
                },
                "type": "SCRUB",
                "source": "data:drag",
                "_t": "12:37:42",
                "_end": "12:38:13",
                "data": {
                    "time": 35.820008
                }
            },
            {
                "time": "2018-02-05T19:38:15.059Z",
                "type": "CHANGE-PLAYBACK-RATE",
                "source": "video:button",
                "_t": "12:38:15",
                "_end": "-",
                "data": {
                    "oldRate": 1,
                    "newRate": 1.5
                }
            },
            {
                "time": "2018-02-05T19:38:15.483Z",
                "type": "CHANGE-PLAYBACK-RATE",
                "source": "video:button",
                "_t": "12:38:15",
                "_end": "-",
                "data": {
                    "oldRate": 1.5,
                    "newRate": 2
                }
            },
            {
                "time": "2018-02-05T19:38:16.550Z",
                "type": "PLAY",
                "source": "video:button",
                "_t": "12:38:16",
                "_end": "-"
            },
            {
                "time": {
                    "start": "2018-02-05T19:37:42.730Z",
                    "end": "2018-02-05T19:38:19.119Z"
                },
                "type": "SCRUB",
                "source": "data:drag",
                "_t": "12:37:42",
                "_end": "12:38:19",
                "data": {
                    "time": 80.519131
                }
            },
            {
                "time": {
                    "start": "2018-02-05T19:37:42.730Z",
                    "end": "2018-02-05T19:38:24.676Z"
                },
                "type": "SCRUB",
                "source": "data:drag",
                "_t": "12:37:42",
                "_end": "12:38:24",
                "data": {
                    "time": 91.628817
                }
            },
            {
                "time": "2018-02-05T19:38:25.991Z",
                "type": "PAUSE",
                "source": "video:button",
                "_t": "12:38:25",
                "_end": "-"
            },
            {
                "time": {
                    "start": "2018-02-05T19:37:42.730Z",
                    "end": "2018-02-05T19:38:26.567Z"
                },
                "type": "SCRUB",
                "source": "data:drag",
                "_t": "12:37:42",
                "_end": "12:38:26",
                "data": {
                    "time": 94.253548
                }
            },
            {
                "time": {
                    "start": "2018-02-05T19:37:42.730Z",
                    "end": "2018-02-05T19:38:27.548Z"
                },
                "type": "SCRUB",
                "source": "data:drag",
                "_t": "12:37:42",
                "_end": "12:38:27",
                "data": {
                    "time": 96.803596
                }
            },
            {
                "time": {
                    "start": "2018-02-05T19:37:42.730Z",
                    "end": "2018-02-05T19:38:27.964Z"
                },
                "type": "SCRUB",
                "source": "data:drag",
                "_t": "12:37:42",
                "_end": "12:38:27",
                "data": {
                    "time": 96.803596
                }
            },
            {
                "time": {
                    "start": "2018-02-05T19:37:42.730Z",
                    "end": "2018-02-05T19:38:30.951Z"
                },
                "type": "SCRUB",
                "source": "data:drag",
                "_t": "12:37:42",
                "_end": "12:38:30",
                "data": {
                    "time": 96.803596
                }
            },
            {
                "time": {
                    "start": "2018-02-05T19:37:42.730Z",
                    "end": "2018-02-05T19:38:31.334Z"
                },
                "type": "SCRUB",
                "source": "data:drag",
                "_t": "12:37:42",
                "_end": "12:38:31",
                "data": {
                    "time": 96.803596
                }
            },
            {
                "time": {
                    "start": "2018-02-05T19:37:42.730Z",
                    "end": "2018-02-05T19:38:32.331Z"
                },
                "type": "SCRUB",
                "source": "data:drag",
                "_t": "12:37:42",
                "_end": "12:38:32",
                "data": {
                    "time": 96.803596
                }
            },
            {
                "time": {
                    "start": "2018-02-05T19:37:42.730Z",
                    "end": "2018-02-05T19:38:34.774Z"
                },
                "type": "SCRUB",
                "source": "data:drag",
                "_t": "12:37:42",
                "_end": "12:38:34",
                "data": {
                    "time": 96.803596
                }
            },
            {
                "time": {
                    "start": "2018-02-05T19:37:42.730Z",
                    "end": "2018-02-05T19:38:35.951Z"
                },
                "type": "SCRUB",
                "source": "data:drag",
                "_t": "12:37:42",
                "_end": "12:38:35",
                "data": {
                    "time": 158.854783
                }
            },
            {
                "time": {
                    "start": "2018-02-05T19:37:42.730Z",
                    "end": "2018-02-05T19:38:36.977Z"
                },
                "type": "SCRUB",
                "source": "data:drag",
                "_t": "12:37:42",
                "_end": "12:38:36",
                "data": {
                    "time": 229.156127
                }
            },
            {
                "time": {
                    "start": "2018-02-05T19:37:42.730Z",
                    "end": "2018-02-05T19:38:39.652Z"
                },
                "type": "SCRUB",
                "source": "data:drag",
                "_t": "12:37:42",
                "_end": "12:38:39",
                "data": {
                    "time": 261.556745
                }
            },
            {
                "time": "2018-02-05T19:38:41.613Z",
                "type": "PLAY",
                "source": "video:button",
                "_t": "12:38:41",
                "_end": "-"
            },
            {
                "time": {
                    "start": "2018-02-05T19:37:42.730Z",
                    "end": "2018-02-05T19:38:57.039Z"
                },
                "type": "SCRUB",
                "source": "data:drag",
                "_t": "12:37:42",
                "_end": "12:38:57",
                "data": {
                    "time": 352.174189
                }
            },
            {
                "time": {
                    "start": "2018-02-05T19:37:42.730Z",
                    "end": "2018-02-05T19:38:57.837Z"
                },
                "type": "SCRUB",
                "source": "data:drag",
                "_t": "12:37:42",
                "_end": "12:38:57",
                "data": {
                    "time": 400.425112
                }
            },
            {
                "time": {
                    "start": "2018-02-05T19:37:42.730Z",
                    "end": "2018-02-05T19:38:59.252Z"
                },
                "type": "SCRUB",
                "source": "data:drag",
                "_t": "12:37:42",
                "_end": "12:38:59",
                "data": {
                    "time": 414.525978
                }
            },
            {
                "time": "2018-02-05T19:39:04.636Z",
                "type": "PAUSE",
                "source": "video:button",
                "_t": "12:39:04",
                "_end": "-"
            },
            {
                "time": {
                    "start": "2018-02-05T19:37:42.730Z",
                    "end": "2018-02-05T19:39:05.612Z"
                },
                "type": "SCRUB",
                "source": "data:drag",
                "_t": "12:37:42",
                "_end": "12:39:05",
                "data": {
                    "time": 425.293641
                }
            },
            {
                "time": {
                    "start": "2018-02-05T19:37:42.730Z",
                    "end": "2018-02-05T19:39:07.385Z"
                },
                "type": "SCRUB",
                "source": "data:drag",
                "_t": "12:37:42",
                "_end": "12:39:07",
                "data": {
                    "time": 425.293641
                }
            },
            {
                "time": {
                    "start": "2018-02-05T19:37:42.730Z",
                    "end": "2018-02-05T19:39:08.935Z"
                },
                "type": "SCRUB",
                "source": "data:drag",
                "_t": "12:37:42",
                "_end": "12:39:08",
                "data": {
                    "time": 425.293641
                }
            },
            {
                "time": {
                    "start": "2018-02-05T19:37:42.730Z",
                    "end": "2018-02-05T19:39:09.844Z"
                },
                "type": "SCRUB",
                "source": "data:drag",
                "_t": "12:37:42",
                "_end": "12:39:09",
                "data": {
                    "time": 425.293641
                }
            },
            {
                "time": {
                    "start": "2018-02-05T19:37:42.730Z",
                    "end": "2018-02-05T19:39:11.215Z"
                },
                "type": "SCRUB",
                "source": "data:drag",
                "_t": "12:37:42",
                "_end": "12:39:11",
                "data": {
                    "time": 425.293641
                }
            },
            {
                "time": "2018-02-05T19:39:13.060Z",
                "type": "PLAY",
                "source": "video:button",
                "_t": "12:39:13",
                "_end": "-"
            },
            {
                "time": "2018-02-05T19:39:13.524Z",
                "type": "PAUSE",
                "source": "video:button",
                "_t": "12:39:13",
                "_end": "-"
            },
            {
                "time": {
                    "start": "2018-02-05T19:37:42.730Z",
                    "end": "2018-02-05T19:39:14.486Z"
                },
                "type": "SCRUB",
                "source": "data:drag",
                "_t": "12:37:42",
                "_end": "12:39:14",
                "data": {
                    "time": 426.220898
                }
            },
            {
                "time": {
                    "start": "2018-02-05T19:37:42.730Z",
                    "end": "2018-02-05T19:39:16.412Z"
                },
                "type": "SCRUB",
                "source": "data:drag",
                "_t": "12:37:42",
                "_end": "12:39:16",
                "data": {
                    "time": 426.220898
                }
            },
            {
                "time": {
                    "start": "2018-02-05T19:37:42.730Z",
                    "end": "2018-02-05T19:39:18.261Z"
                },
                "type": "SCRUB",
                "source": "data:drag",
                "_t": "12:37:42",
                "_end": "12:39:18",
                "data": {
                    "time": 426.220898
                }
            },
            {
                "time": {
                    "start": "2018-02-05T19:37:42.730Z",
                    "end": "2018-02-05T19:39:19.407Z"
                },
                "type": "SCRUB",
                "source": "data:drag",
                "_t": "12:37:42",
                "_end": "12:39:19",
                "data": {
                    "time": 426.220898
                }
            },
            {
                "time": {
                    "start": "2018-02-05T19:37:42.730Z",
                    "end": "2018-02-05T19:39:20.730Z"
                },
                "type": "SCRUB",
                "source": "data:drag",
                "_t": "12:37:42",
                "_end": "12:39:20",
                "data": {
                    "time": 426.220898
                }
            },
            {
                "time": {
                    "start": "2018-02-05T19:37:42.730Z",
                    "end": "2018-02-05T19:39:22.632Z"
                },
                "type": "SCRUB",
                "source": "data:drag",
                "_t": "12:37:42",
                "_end": "12:39:22",
                "data": {
                    "time": 426.220898
                }
            },
            {
                "time": {
                    "start": "2018-02-05T19:37:42.730Z",
                    "end": "2018-02-05T19:39:23.151Z"
                },
                "type": "SCRUB",
                "source": "data:drag",
                "_t": "12:37:42",
                "_end": "12:39:23",
                "data": {
                    "time": 426.220898
                }
            },
            {
                "time": {
                    "start": "2018-02-05T19:37:42.730Z",
                    "end": "2018-02-05T19:39:23.973Z"
                },
                "type": "SCRUB",
                "source": "data:drag",
                "_t": "12:37:42",
                "_end": "12:39:23",
                "data": {
                    "time": 426.220898
                }
            },
            {
                "time": {
                    "start": "2018-02-05T19:37:42.730Z",
                    "end": "2018-02-05T19:39:24.590Z"
                },
                "type": "SCRUB",
                "source": "data:drag",
                "_t": "12:37:42",
                "_end": "12:39:24",
                "data": {
                    "time": 426.220898
                }
            },
            {
                "time": {
                    "start": "2018-02-05T19:37:42.730Z",
                    "end": "2018-02-05T19:39:25.732Z"
                },
                "type": "SCRUB",
                "source": "data:drag",
                "_t": "12:37:42",
                "_end": "12:39:25",
                "data": {
                    "time": 426.220898
                }
            },
            {
                "time": {
                    "start": "2018-02-05T19:37:42.730Z",
                    "end": "2018-02-05T19:39:28.347Z"
                },
                "type": "SCRUB",
                "source": "data:drag",
                "_t": "12:37:42",
                "_end": "12:39:28",
                "data": {
                    "time": 426.220898
                }
            },
            {
                "time": "2018-02-05T19:39:30.228Z",
                "type": "PLAY",
                "source": "video:button",
                "_t": "12:39:30",
                "_end": "-"
            },
            {
                "time": {
                    "start": "2018-02-05T19:37:42.730Z",
                    "end": "2018-02-05T19:39:40.149Z"
                },
                "type": "SCRUB",
                "source": "data:drag",
                "_t": "12:37:42",
                "_end": "12:39:40",
                "data": {
                    "time": 445.686153
                }
            },
            {
                "time": "2018-02-05T19:39:42.285Z",
                "type": "PAUSE",
                "source": "video:button",
                "_t": "12:39:42",
                "_end": "-"
            },
            {
                "time": {
                    "start": "2018-02-05T19:37:42.730Z",
                    "end": "2018-02-05T19:39:42.895Z"
                },
                "type": "SCRUB",
                "source": "data:drag",
                "_t": "12:37:42",
                "_end": "12:39:42",
                "data": {
                    "time": 449.974856
                }
            },
            {
                "time": {
                    "start": "2018-02-05T19:37:42.730Z",
                    "end": "2018-02-05T19:39:43.716Z"
                },
                "type": "SCRUB",
                "source": "data:drag",
                "_t": "12:37:42",
                "_end": "12:39:43",
                "data": {
                    "time": 449.974856
                }
            },
            {
                "time": {
                    "start": "2018-02-05T19:37:42.730Z",
                    "end": "2018-02-05T19:39:45.576Z"
                },
                "type": "SCRUB",
                "source": "data:drag",
                "_t": "12:37:42",
                "_end": "12:39:45",
                "data": {
                    "time": 449.974856
                }
            },
            {
                "time": {
                    "start": "2018-02-05T19:37:42.730Z",
                    "end": "2018-02-05T19:39:46.344Z"
                },
                "type": "SCRUB",
                "source": "data:drag",
                "_t": "12:37:42",
                "_end": "12:39:46",
                "data": {
                    "time": 449.974856
                }
            },
            {
                "time": {
                    "start": "2018-02-05T19:37:42.730Z",
                    "end": "2018-02-05T19:39:47.001Z"
                },
                "type": "SCRUB",
                "source": "data:drag",
                "_t": "12:37:42",
                "_end": "12:39:47",
                "data": {
                    "time": 449.974856
                }
            },
            {
                "time": {
                    "start": "2018-02-05T19:37:42.730Z",
                    "end": "2018-02-05T19:39:48.909Z"
                },
                "type": "SCRUB",
                "source": "data:drag",
                "_t": "12:37:42",
                "_end": "12:39:48",
                "data": {
                    "time": 449.974856
                }
            },
            {
                "time": {
                    "start": "2018-02-05T19:37:42.730Z",
                    "end": "2018-02-05T19:39:50.165Z"
                },
                "type": "SCRUB",
                "source": "data:drag",
                "_t": "12:37:42",
                "_end": "12:39:50",
                "data": {
                    "time": 449.974856
                }
            },
            {
                "time": "2018-02-05T19:39:51.677Z",
                "type": "PLAY",
                "source": "video:button",
                "_t": "12:39:51",
                "_end": "-"
            },
            {
                "time": {
                    "start": "2018-02-05T19:37:42.730Z",
                    "end": "2018-02-05T19:39:52.736Z"
                },
                "type": "SCRUB",
                "source": "data:drag",
                "_t": "12:37:42",
                "_end": "12:39:52",
                "data": {
                    "time": 452.133655
                }
            },
            {
                "time": {
                    "start": "2018-02-05T19:37:42.730Z",
                    "end": "2018-02-05T19:39:53.769Z"
                },
                "type": "SCRUB",
                "source": "data:drag",
                "_t": "12:37:42",
                "_end": "12:39:53",
                "data": {
                    "time": 454.183992
                }
            },
            {
                "time": {
                    "start": "2018-02-05T19:37:42.730Z",
                    "end": "2018-02-05T19:39:56.763Z"
                },
                "type": "SCRUB",
                "source": "data:drag",
                "_t": "12:37:42",
                "_end": "12:39:56",
                "data": {
                    "time": 515.452281
                }
            },
            {
                "time": {
                    "start": "2018-02-05T19:37:42.730Z",
                    "end": "2018-02-05T19:40:04.220Z"
                },
                "type": "SCRUB",
                "source": "data:drag",
                "_t": "12:37:42",
                "_end": "12:40:04",
                "data": {
                    "time": 548.398155
                }
            },
            {
                "time": "2018-02-05T19:40:05.532Z",
                "type": "PAUSE",
                "source": "video:button",
                "_t": "12:40:05",
                "_end": "-"
            },
            {
                "time": {
                    "start": "2018-02-05T19:37:42.730Z",
                    "end": "2018-02-05T19:40:08.085Z"
                },
                "type": "SCRUB",
                "source": "data:drag",
                "_t": "12:37:42",
                "_end": "12:40:08",
                "data": {
                    "time": 550.377195
                }
            },
            {
                "time": {
                    "start": "2018-02-05T19:37:42.730Z",
                    "end": "2018-02-05T19:40:08.794Z"
                },
                "type": "SCRUB",
                "source": "data:drag",
                "_t": "12:37:42",
                "_end": "12:40:08",
                "data": {
                    "time": 550.377195
                }
            },
            {
                "time": "2018-02-05T19:40:10.181Z",
                "type": "PLAY",
                "source": "video:button",
                "_t": "12:40:10",
                "_end": "-"
            },
            {
                "time": {
                    "start": "2018-02-05T19:37:42.730Z",
                    "end": "2018-02-05T19:40:24.632Z"
                },
                "type": "SCRUB",
                "source": "data:drag",
                "_t": "12:37:42",
                "_end": "12:40:24",
                "data": {
                    "time": 598.491432
                }
            }
        ]
    }
}