{
    "user_id": "056",
    "session_id": "5a78ba3dee2b1975ba835bd5",
    "study": "studyD",
    "workspace": "newrun.run-thurs-seven-attempt",
    "details": {
        "workspace": "newrun.run-thurs-seven-attempt",
        "labels": [
            {
                "time": 30.011341,
                "endTime": 33.88046661174546,
                "type": "skip",
                "id": 1
            },
            {
                "time": 81.198827,
                "endTime": 88.25736696737505,
                "type": "run",
                "id": 2
            },
            {
                "time": 261.688307,
                "endTime": 265.4528616492633,
                "type": "skip",
                "id": 3
            },
            {
                "time": 279.256228,
                "endTime": 286.88990826101303,
                "type": "run",
                "id": 4
            },
            {
                "time": 414.727909,
                "endTime": 423.4595843670571,
                "type": "skip",
                "id": 5
            },
            {
                "time": 439.040657,
                "endTime": 442.857497130503,
                "type": "run",
                "id": 6
            },
            {
                "time": 519.089728,
                "endTime": 522.5405697618247,
                "type": "skip",
                "id": 7
            },
            {
                "time": 565.362378,
                "endTime": 575.4534758792752,
                "type": "run",
                "id": 8
            }
        ],
        "_starts": [
            "2018-02-05T20:37:37.000Z"
        ],
        "_ends": [
            "2018-02-05T20:39:05.590Z"
        ]
    },
    "labels_file": "/home/ubuntu/vat/data/user-studies/studyD/run-red/056.labels.json",
    "videoFlash": 11.89045,
    "surveys": {
        "user-info": {
            "firstname": "Justin",
            "lastname": "Egbert",
            "email": "Jegber@gmail.com"
        },
        "practice-first": {
            "question1": "5",
            "question2": "ok",
            "question3": "100",
            "question4": "5"
        },
        "practice-second": {},
        "practice-third": {},
        "practice-survey": {},
        "pill-blue": {
            "question1": "5",
            "question2": "5",
            "question3": "90",
            "question4": "100"
        },
        "pill-red": {
            "question1": "1",
            "question2": "3",
            "question3": "10",
            "question4": "100"
        },
        "pill-orange": {
            "question1": "4",
            "question2": "4",
            "question3": "100",
            "question4": "100"
        },
        "pills-survey": {
            "question1": "5",
            "question2": "2",
            "question3": "5",
            "question4": "5"
        },
        "run-blue": {
            "question1": "5",
            "question2": "5",
            "question3": "100",
            "question4": "100"
        },
        "run-yellow": {
            "question1": "1",
            "question2": "4",
            "question3": "40",
            "question4": "100"
        }
    },
    "logs": {
        "labelEvents": [
            {
                "time": "2018-02-05T20:38:09.795Z",
                "type": "START",
                "source": "hotkey",
                "_t": "13:38:09",
                "_end": "-",
                "data": {
                    "type": "skip",
                    "time": 30.011341
                }
            },
            {
                "time": "2018-02-05T20:38:12.221Z",
                "type": "END",
                "source": "data:click:h_pos",
                "_t": "13:38:12",
                "_end": "-",
                "data": {
                    "lbl": {
                        "time": 30.011341,
                        "endTime": 33.88046661174546,
                        "type": "skip",
                        "id": 1
                    }
                }
            },
            {
                "time": "2018-02-05T20:38:19.835Z",
                "type": "START",
                "source": "side-bar:button",
                "_t": "13:38:19",
                "_end": "-",
                "data": {
                    "type": "run",
                    "time": 81.198827
                }
            },
            {
                "time": "2018-02-05T20:38:21.376Z",
                "type": "END",
                "source": "data:click:h_pos",
                "_t": "13:38:21",
                "_end": "-",
                "data": {
                    "lbl": {
                        "time": 81.198827,
                        "endTime": 88.25736696737505,
                        "type": "run",
                        "id": 2
                    }
                }
            },
            {
                "time": "2018-02-05T20:38:28.547Z",
                "type": "START",
                "source": "side-bar:button",
                "_t": "13:38:28",
                "_end": "-",
                "data": {
                    "type": "skip",
                    "time": 261.688307
                }
            },
            {
                "time": "2018-02-05T20:38:30.199Z",
                "type": "END",
                "source": "data:click:h_pos",
                "_t": "13:38:30",
                "_end": "-",
                "data": {
                    "lbl": {
                        "time": 261.688307,
                        "endTime": 265.4528616492633,
                        "type": "skip",
                        "id": 3
                    }
                }
            },
            {
                "time": "2018-02-05T20:38:33.122Z",
                "type": "START",
                "source": "side-bar:button",
                "_t": "13:38:33",
                "_end": "-",
                "data": {
                    "type": "run",
                    "time": 279.256228
                }
            },
            {
                "time": "2018-02-05T20:38:34.905Z",
                "type": "END",
                "source": "data:click:h_pos",
                "_t": "13:38:34",
                "_end": "-",
                "data": {
                    "lbl": {
                        "time": 279.256228,
                        "endTime": 286.88990826101303,
                        "type": "run",
                        "id": 4
                    }
                }
            },
            {
                "time": "2018-02-05T20:38:40.019Z",
                "type": "START",
                "source": "side-bar:button",
                "_t": "13:38:40",
                "_end": "-",
                "data": {
                    "type": "skip",
                    "time": 414.727909
                }
            },
            {
                "time": "2018-02-05T20:38:42.079Z",
                "type": "END",
                "source": "data:click:h_pos",
                "_t": "13:38:42",
                "_end": "-",
                "data": {
                    "lbl": {
                        "time": 414.727909,
                        "endTime": 423.4595843670571,
                        "type": "skip",
                        "id": 5
                    }
                }
            },
            {
                "time": "2018-02-05T20:38:45.451Z",
                "type": "START",
                "source": "side-bar:button",
                "_t": "13:38:45",
                "_end": "-",
                "data": {
                    "type": "run",
                    "time": 439.040657
                }
            },
            {
                "time": "2018-02-05T20:38:46.953Z",
                "type": "END",
                "source": "data:click:h_pos",
                "_t": "13:38:46",
                "_end": "-",
                "data": {
                    "lbl": {
                        "time": 439.040657,
                        "endTime": 442.857497130503,
                        "type": "run",
                        "id": 6
                    }
                }
            },
            {
                "time": "2018-02-05T20:38:51.859Z",
                "type": "START",
                "source": "side-bar:button",
                "_t": "13:38:51",
                "_end": "-",
                "data": {
                    "type": "skip",
                    "time": 519.089728
                }
            },
            {
                "time": "2018-02-05T20:38:53.166Z",
                "type": "END",
                "source": "data:click:h_pos",
                "_t": "13:38:53",
                "_end": "-",
                "data": {
                    "lbl": {
                        "time": 519.089728,
                        "endTime": 522.5405697618247,
                        "type": "skip",
                        "id": 7
                    }
                }
            },
            {
                "time": "2018-02-05T20:38:57.156Z",
                "type": "START",
                "source": "side-bar:button",
                "_t": "13:38:57",
                "_end": "-",
                "data": {
                    "type": "run",
                    "time": 565.362378
                }
            },
            {
                "time": "2018-02-05T20:38:59.135Z",
                "type": "END",
                "source": "data:click:h_pos",
                "_t": "13:38:59",
                "_end": "-",
                "data": {
                    "lbl": {
                        "time": 565.362378,
                        "endTime": 575.4534758792752,
                        "type": "run",
                        "id": 8
                    }
                }
            }
        ],
        "navigationEvents": [
            {
                "time": {
                    "start": "2018-02-05T20:37:37.516Z",
                    "end": "2018-02-05T20:37:58.721Z"
                },
                "type": "SCRUB",
                "source": "data:drag",
                "_t": "13:37:37",
                "_end": "13:37:58",
                "data": {
                    "time": 30.138082
                }
            },
            {
                "time": "2018-02-05T20:38:01.780Z",
                "type": "PAUSE",
                "source": "hotkey",
                "_t": "13:38:01",
                "_end": "-",
                "data": {
                    "key": "space"
                }
            },
            {
                "time": {
                    "start": "2018-02-05T20:37:37.516Z",
                    "end": "2018-02-05T20:38:03.419Z"
                },
                "type": "SCRUB",
                "source": "data:drag",
                "_t": "13:37:37",
                "_end": "13:38:03",
                "data": {
                    "time": 30.011341
                }
            },
            {
                "time": {
                    "start": "2018-02-05T20:37:37.516Z",
                    "end": "2018-02-05T20:38:12.219Z"
                },
                "type": "SCRUB",
                "source": "data:drag",
                "_t": "13:37:37",
                "_end": "13:38:12",
                "data": {
                    "time": 30.011341
                }
            },
            {
                "time": {
                    "start": "2018-02-05T20:37:37.516Z",
                    "end": "2018-02-05T20:38:14.927Z"
                },
                "type": "SCRUB",
                "source": "data:drag",
                "_t": "13:37:37",
                "_end": "13:38:14",
                "data": {
                    "time": 81.198827
                }
            },
            {
                "time": {
                    "start": "2018-02-05T20:37:37.516Z",
                    "end": "2018-02-05T20:38:21.374Z"
                },
                "type": "SCRUB",
                "source": "data:drag",
                "_t": "13:37:37",
                "_end": "13:38:21",
                "data": {
                    "time": 81.198827
                }
            },
            {
                "time": {
                    "start": "2018-02-05T20:37:37.516Z",
                    "end": "2018-02-05T20:38:22.799Z"
                },
                "type": "SCRUB",
                "source": "data:drag",
                "_t": "13:37:37",
                "_end": "13:38:22",
                "data": {
                    "time": 153.195934
                }
            },
            {
                "time": {
                    "start": "2018-02-05T20:37:37.516Z",
                    "end": "2018-02-05T20:38:23.723Z"
                },
                "type": "SCRUB",
                "source": "data:drag",
                "_t": "13:37:37",
                "_end": "13:38:23",
                "data": {
                    "time": 208.095689
                }
            },
            {
                "time": {
                    "start": "2018-02-05T20:37:37.516Z",
                    "end": "2018-02-05T20:38:26.627Z"
                },
                "type": "SCRUB",
                "source": "data:drag",
                "_t": "13:37:37",
                "_end": "13:38:26",
                "data": {
                    "time": 261.688307
                }
            },
            {
                "time": {
                    "start": "2018-02-05T20:37:37.516Z",
                    "end": "2018-02-05T20:38:30.197Z"
                },
                "type": "SCRUB",
                "source": "data:drag",
                "_t": "13:37:37",
                "_end": "13:38:30",
                "data": {
                    "time": 261.688307
                }
            },
            {
                "time": {
                    "start": "2018-02-05T20:37:37.516Z",
                    "end": "2018-02-05T20:38:32.155Z"
                },
                "type": "SCRUB",
                "source": "data:drag",
                "_t": "13:37:37",
                "_end": "13:38:32",
                "data": {
                    "time": 279.256228
                }
            },
            {
                "time": {
                    "start": "2018-02-05T20:37:37.516Z",
                    "end": "2018-02-05T20:38:34.905Z"
                },
                "type": "SCRUB",
                "source": "data:drag",
                "_t": "13:37:37",
                "_end": "13:38:34",
                "data": {
                    "time": 279.256228
                }
            },
            {
                "time": {
                    "start": "2018-02-05T20:37:37.516Z",
                    "end": "2018-02-05T20:38:35.846Z"
                },
                "type": "SCRUB",
                "source": "data:drag",
                "_t": "13:37:37",
                "_end": "13:38:35",
                "data": {
                    "time": 341.841949
                }
            },
            {
                "time": {
                    "start": "2018-02-05T20:37:37.516Z",
                    "end": "2018-02-05T20:38:36.804Z"
                },
                "type": "SCRUB",
                "source": "data:drag",
                "_t": "13:37:37",
                "_end": "13:38:36",
                "data": {
                    "time": 413.786771
                }
            },
            {
                "time": {
                    "start": "2018-02-05T20:37:37.516Z",
                    "end": "2018-02-05T20:38:38.115Z"
                },
                "type": "SCRUB",
                "source": "data:drag",
                "_t": "13:37:37",
                "_end": "13:38:38",
                "data": {
                    "time": 414.727909
                }
            },
            {
                "time": {
                    "start": "2018-02-05T20:37:37.516Z",
                    "end": "2018-02-05T20:38:42.078Z"
                },
                "type": "SCRUB",
                "source": "data:drag",
                "_t": "13:37:37",
                "_end": "13:38:42",
                "data": {
                    "time": 414.727909
                }
            },
            {
                "time": {
                    "start": "2018-02-05T20:37:37.516Z",
                    "end": "2018-02-05T20:38:44.509Z"
                },
                "type": "SCRUB",
                "source": "data:drag",
                "_t": "13:37:37",
                "_end": "13:38:44",
                "data": {
                    "time": 439.040657
                }
            },
            {
                "time": {
                    "start": "2018-02-05T20:37:37.516Z",
                    "end": "2018-02-05T20:38:46.951Z"
                },
                "type": "SCRUB",
                "source": "data:drag",
                "_t": "13:37:37",
                "_end": "13:38:46",
                "data": {
                    "time": 439.040657
                }
            },
            {
                "time": {
                    "start": "2018-02-05T20:37:37.516Z",
                    "end": "2018-02-05T20:38:47.887Z"
                },
                "type": "SCRUB",
                "source": "data:drag",
                "_t": "13:37:37",
                "_end": "13:38:47",
                "data": {
                    "time": 505.913787
                }
            },
            {
                "time": {
                    "start": "2018-02-05T20:37:37.516Z",
                    "end": "2018-02-05T20:38:50.430Z"
                },
                "type": "SCRUB",
                "source": "data:drag",
                "_t": "13:37:37",
                "_end": "13:38:50",
                "data": {
                    "time": 519.089728
                }
            },
            {
                "time": {
                    "start": "2018-02-05T20:37:37.516Z",
                    "end": "2018-02-05T20:38:53.163Z"
                },
                "type": "SCRUB",
                "source": "data:drag",
                "_t": "13:37:37",
                "_end": "13:38:53",
                "data": {
                    "time": 519.089728
                }
            },
            {
                "time": {
                    "start": "2018-02-05T20:37:37.516Z",
                    "end": "2018-02-05T20:38:56.060Z"
                },
                "type": "SCRUB",
                "source": "data:drag",
                "_t": "13:37:37",
                "_end": "13:38:56",
                "data": {
                    "time": 565.362378
                }
            },
            {
                "time": {
                    "start": "2018-02-05T20:37:37.516Z",
                    "end": "2018-02-05T20:38:59.132Z"
                },
                "type": "SCRUB",
                "source": "data:drag",
                "_t": "13:37:37",
                "_end": "13:38:59",
                "data": {
                    "time": 565.362378
                }
            },
            {
                "time": {
                    "start": "2018-02-05T20:37:37.516Z",
                    "end": "2018-02-05T20:39:01.216Z"
                },
                "type": "SCRUB",
                "source": "data:drag",
                "_t": "13:37:37",
                "_end": "13:39:01",
                "data": {
                    "time": 619.477851
                }
            }
        ]
    }
}