{
    "user_id": "046",
    "session_id": "5a78823bee2b1975ba835b71",
    "study": "studyC",
    "workspace": "newrun.Run-thurs-five-fixed-finally",
    "details": {
        "workspace": "newrun.Run-thurs-five-fixed-finally",
        "labels": [
            {
                "time": 31.385272999994015,
                "endTime": 38.181466762329066,
                "type": "skip",
                "id": 1
            },
            {
                "time": 62.770806,
                "endTime": 66.98713311115179,
                "type": "run",
                "id": 2
            },
            {
                "time": 127.613269,
                "endTime": 136.0283138427401,
                "type": "skip",
                "id": 3
            },
            {
                "time": 201.93231600000001,
                "endTime": 210.21836556671786,
                "type": "skip",
                "id": 4
            },
            {
                "time": 279.246706,
                "endTime": 283.17181974393753,
                "type": "run",
                "id": 5
            },
            {
                "time": 475.567014,
                "endTime": 479.5439444270302,
                "type": "run",
                "id": 6
            },
            {
                "time": 544.28635,
                "endTime": 548.0169314630228,
                "type": "run",
                "id": 7
            }
        ],
        "_starts": [
            "2018-02-05T16:33:04.000Z"
        ],
        "_ends": [
            "2018-02-05T16:36:25.614Z"
        ]
    },
    "labels_file": "/home/ubuntu/vat/data/user-studies/studyC/run-blue/046.labels.json",
    "videoFlash": 3.929378,
    "surveys": {
        "user-info": {
            "firstname": "Gibson",
            "lastname": "Ainge",
            "email": "gainge@gmail.com"
        },
        "practice-first": {
            "question1": "5",
            "question2": "ok",
            "question3": "100",
            "question4": "5"
        },
        "practice-second": {},
        "practice-third": {},
        "practice-survey": {},
        "pill-blue": {
            "question1": "5",
            "question2": "4",
            "question3": "90",
            "question4": "90"
        },
        "pill-red": {
            "question1": "2",
            "question2": "4",
            "question3": "80",
            "question4": "100"
        },
        "pill-orange": {
            "question1": "2",
            "question2": "4",
            "question3": "50",
            "question4": "70"
        },
        "pills-survey": {
            "question1": "5",
            "question2": "2",
            "question3": "5",
            "question4": "4"
        }
    },
    "logs": {
        "labelEvents": [
            {
                "time": "2018-02-05T16:33:53.886Z",
                "type": "START",
                "source": "hotkey",
                "_t": "09:33:53",
                "_end": "-",
                "data": {
                    "type": "skip",
                    "time": 31.385273
                }
            },
            {
                "time": "2018-02-05T16:33:58.567Z",
                "type": "END",
                "source": "data:click:h_pos",
                "_t": "09:33:58",
                "_end": "-",
                "data": {
                    "lbl": {
                        "time": 31.385272999994015,
                        "endTime": 38.181466762329066,
                        "type": "skip",
                        "id": 1
                    }
                }
            },
            {
                "time": "2018-02-05T16:34:07.671Z",
                "type": "SELECT",
                "source": "data:click",
                "_t": "09:34:07",
                "_end": "-",
                "data": {
                    "time": 31.385272999994015,
                    "endTime": 38.181466762329066,
                    "type": "skip",
                    "id": 1
                }
            },
            {
                "time": {
                    "start": "2018-02-05T16:34:08.790Z",
                    "end": "2018-02-05T16:34:10.062Z"
                },
                "type": "RESIZE",
                "source": "data:brush",
                "_t": "09:34:08",
                "_end": "09:34:10",
                "data": {
                    "brushing": true,
                    "origin": [
                        31.385273,
                        38.744367098307606
                    ],
                    "_brushside": 1,
                    "start": "2018-02-05T16:34:08.790Z",
                    "ε": 0.1,
                    "mode": "resize"
                }
            },
            {
                "time": "2018-02-05T16:34:10.670Z",
                "type": "DESELECT",
                "source": "data:click",
                "_t": "09:34:10",
                "_end": "-",
                "data": {
                    "time": 31.385272999994015,
                    "endTime": 38.181466762329066,
                    "type": "skip",
                    "id": 1
                }
            },
            {
                "time": "2018-02-05T16:34:25.166Z",
                "type": "START",
                "source": "hotkey",
                "_t": "09:34:25",
                "_end": "-",
                "data": {
                    "type": "run",
                    "time": 62.770806
                }
            },
            {
                "time": "2018-02-05T16:34:27.487Z",
                "type": "END",
                "source": "data:click:h_pos",
                "_t": "09:34:27",
                "_end": "-",
                "data": {
                    "lbl": {
                        "time": 62.770806,
                        "endTime": 66.98713311115179,
                        "type": "run",
                        "id": 2
                    }
                }
            },
            {
                "time": "2018-02-05T16:34:45.966Z",
                "type": "START",
                "source": "hotkey",
                "_t": "09:34:45",
                "_end": "-",
                "data": {
                    "type": "skip",
                    "time": 127.613269
                }
            },
            {
                "time": "2018-02-05T16:34:52.808Z",
                "type": "END",
                "source": "data:click:h_pos",
                "_t": "09:34:52",
                "_end": "-",
                "data": {
                    "lbl": {
                        "time": 127.613269,
                        "endTime": 136.0283138427401,
                        "type": "skip",
                        "id": 3
                    }
                }
            },
            {
                "time": "2018-02-05T16:35:03.268Z",
                "type": "START",
                "source": "hotkey",
                "_t": "09:35:03",
                "_end": "-",
                "data": {
                    "type": "skip",
                    "time": 201.932316
                }
            },
            {
                "time": "2018-02-05T16:35:13.112Z",
                "type": "END",
                "source": "data:click:h_pos",
                "_t": "09:35:13",
                "_end": "-",
                "data": {
                    "lbl": {
                        "time": 201.93231600000001,
                        "endTime": 210.21836556671786,
                        "type": "skip",
                        "id": 4
                    }
                }
            },
            {
                "time": "2018-02-05T16:35:19.368Z",
                "type": "SELECT",
                "source": "data:click",
                "_t": "09:35:19",
                "_end": "-",
                "data": {
                    "time": 201.93231600000001,
                    "endTime": 210.21836556671786,
                    "type": "skip",
                    "id": 4
                }
            },
            {
                "time": {
                    "start": "2018-02-05T16:35:20.472Z",
                    "end": "2018-02-05T16:35:22.751Z"
                },
                "type": "RESIZE",
                "source": "data:brush",
                "_t": "09:35:20",
                "_end": "09:35:22",
                "data": {
                    "brushing": true,
                    "origin": [
                        201.932316,
                        210.4457213045868
                    ],
                    "_brushside": 1,
                    "start": "2018-02-05T16:35:20.472Z",
                    "ε": 0.1,
                    "mode": "resize"
                }
            },
            {
                "time": "2018-02-05T16:35:23.480Z",
                "type": "DESELECT",
                "source": "data:click",
                "_t": "09:35:23",
                "_end": "-",
                "data": {
                    "time": 201.93231600000001,
                    "endTime": 210.21836556671786,
                    "type": "skip",
                    "id": 4
                }
            },
            {
                "time": "2018-02-05T16:35:32.959Z",
                "type": "START",
                "source": "hotkey",
                "_t": "09:35:32",
                "_end": "-",
                "data": {
                    "type": "run",
                    "time": 279.246706
                }
            },
            {
                "time": "2018-02-05T16:35:34.952Z",
                "type": "END",
                "source": "data:click:h_pos",
                "_t": "09:35:34",
                "_end": "-",
                "data": {
                    "lbl": {
                        "time": 279.246706,
                        "endTime": 283.17181974393753,
                        "type": "run",
                        "id": 5
                    }
                }
            },
            {
                "time": "2018-02-05T16:35:54.623Z",
                "type": "START",
                "source": "hotkey",
                "_t": "09:35:54",
                "_end": "-",
                "data": {
                    "type": "run",
                    "time": 475.567014
                }
            },
            {
                "time": "2018-02-05T16:35:56.337Z",
                "type": "END",
                "source": "data:click:h_pos",
                "_t": "09:35:56",
                "_end": "-",
                "data": {
                    "lbl": {
                        "time": 475.567014,
                        "endTime": 479.5439444270302,
                        "type": "run",
                        "id": 6
                    }
                }
            },
            {
                "time": "2018-02-05T16:36:16.209Z",
                "type": "START",
                "source": "hotkey",
                "_t": "09:36:16",
                "_end": "-",
                "data": {
                    "type": "run",
                    "time": 544.28635
                }
            },
            {
                "time": "2018-02-05T16:36:18.129Z",
                "type": "END",
                "source": "data:click:h_pos",
                "_t": "09:36:18",
                "_end": "-",
                "data": {
                    "lbl": {
                        "time": 544.28635,
                        "endTime": 548.0169314630228,
                        "type": "run",
                        "id": 7
                    }
                }
            }
        ],
        "navigationEvents": [
            {
                "time": "2018-02-05T16:33:25.885Z",
                "type": "PLAY",
                "source": "hotkey",
                "_t": "09:33:25",
                "_end": "-",
                "data": {
                    "key": "space"
                }
            },
            {
                "time": {
                    "start": "2018-02-05T16:33:04.085Z",
                    "end": "2018-02-05T16:33:33.067Z"
                },
                "type": "SCRUB",
                "source": "data:drag",
                "_t": "09:33:04",
                "_end": "09:33:33",
                "data": {
                    "time": 29.686018
                }
            },
            {
                "time": {
                    "start": "2018-02-05T16:33:04.085Z",
                    "end": "2018-02-05T16:33:35.739Z"
                },
                "type": "SCRUB",
                "source": "data:drag",
                "_t": "09:33:04",
                "_end": "09:33:35",
                "data": {
                    "time": 19.98777
                }
            },
            {
                "time": {
                    "start": "2018-02-05T16:33:04.085Z",
                    "end": "2018-02-05T16:33:40.266Z"
                },
                "type": "SCRUB",
                "source": "data:drag",
                "_t": "09:33:04",
                "_end": "09:33:40",
                "data": {
                    "time": 32.593495
                }
            },
            {
                "time": {
                    "start": "2018-02-05T16:33:04.085Z",
                    "end": "2018-02-05T16:33:41.253Z"
                },
                "type": "SCRUB",
                "source": "data:drag",
                "_t": "09:33:04",
                "_end": "09:33:41",
                "data": {
                    "time": 31.932703
                }
            },
            {
                "time": "2018-02-05T16:33:42.732Z",
                "type": "PAUSE",
                "source": "hotkey",
                "_t": "09:33:42",
                "_end": "-",
                "data": {
                    "key": "space"
                }
            },
            {
                "time": {
                    "start": "2018-02-05T16:33:04.085Z",
                    "end": "2018-02-05T16:33:42.860Z"
                },
                "type": "SCRUB",
                "source": "data:drag",
                "_t": "09:33:04",
                "_end": "09:33:42",
                "data": {
                    "time": 30.991306
                }
            },
            {
                "time": {
                    "start": "2018-02-05T16:33:04.085Z",
                    "end": "2018-02-05T16:33:44.631Z"
                },
                "type": "SCRUB",
                "source": "data:drag",
                "_t": "09:33:04",
                "_end": "09:33:44",
                "data": {
                    "time": 30.991306
                }
            },
            {
                "time": {
                    "start": "2018-02-05T16:33:04.085Z",
                    "end": "2018-02-05T16:33:47.149Z"
                },
                "type": "SCRUB",
                "source": "data:drag",
                "_t": "09:33:04",
                "_end": "09:33:47",
                "data": {
                    "time": 30.991306
                }
            },
            {
                "time": {
                    "start": "2018-02-05T16:33:04.085Z",
                    "end": "2018-02-05T16:33:47.270Z"
                },
                "type": "SCRUB",
                "source": "data:drag",
                "_t": "09:33:04",
                "_end": "09:33:47",
                "data": {
                    "time": 30.991306
                }
            },
            {
                "time": "2018-02-05T16:33:47.273Z",
                "type": "JUMP",
                "source": "data:dblclick:h_pos",
                "_t": "09:33:47",
                "_end": "-",
                "data": {
                    "from": 30.991306,
                    "to": 31.99293748019798
                }
            },
            {
                "time": {
                    "start": "2018-02-05T16:33:04.085Z",
                    "end": "2018-02-05T16:33:49.606Z"
                },
                "type": "SCRUB",
                "source": "data:drag",
                "_t": "09:33:04",
                "_end": "09:33:49",
                "data": {
                    "time": 31.645263
                }
            },
            {
                "time": {
                    "start": "2018-02-05T16:33:04.085Z",
                    "end": "2018-02-05T16:33:50.348Z"
                },
                "type": "SCRUB",
                "source": "data:drag",
                "_t": "09:33:04",
                "_end": "09:33:50",
                "data": {
                    "time": 31.314145
                }
            },
            {
                "time": "2018-02-05T16:33:50.670Z",
                "type": "PLAY",
                "source": "hotkey",
                "_t": "09:33:50",
                "_end": "-",
                "data": {
                    "key": "space"
                }
            },
            {
                "time": "2018-02-05T16:33:51.532Z",
                "type": "PAUSE",
                "source": "hotkey",
                "_t": "09:33:51",
                "_end": "-",
                "data": {
                    "key": "space"
                }
            },
            {
                "time": {
                    "start": "2018-02-05T16:33:04.085Z",
                    "end": "2018-02-05T16:33:53.284Z"
                },
                "type": "SCRUB",
                "source": "data:drag",
                "_t": "09:33:04",
                "_end": "09:33:53",
                "data": {
                    "time": 31.385273
                }
            },
            {
                "time": {
                    "start": "2018-02-05T16:33:04.085Z",
                    "end": "2018-02-05T16:33:58.565Z"
                },
                "type": "SCRUB",
                "source": "data:drag",
                "_t": "09:33:04",
                "_end": "09:33:58",
                "data": {
                    "time": 31.385273
                }
            },
            {
                "time": {
                    "start": "2018-02-05T16:33:04.085Z",
                    "end": "2018-02-05T16:33:59.557Z"
                },
                "type": "SCRUB",
                "source": "data:drag",
                "_t": "09:33:04",
                "_end": "09:33:59",
                "data": {
                    "time": 31.385273
                }
            },
            {
                "time": {
                    "start": "2018-02-05T16:33:04.085Z",
                    "end": "2018-02-05T16:33:59.670Z"
                },
                "type": "SCRUB",
                "source": "data:drag",
                "_t": "09:33:04",
                "_end": "09:33:59",
                "data": {
                    "time": 31.385273
                }
            },
            {
                "time": "2018-02-05T16:33:59.676Z",
                "type": "JUMP",
                "source": "data:dblclick:h_pos",
                "_t": "09:33:59",
                "_end": "-",
                "data": {
                    "from": 31.385273,
                    "to": 38.39669336137968
                }
            },
            {
                "time": "2018-02-05T16:34:00.574Z",
                "type": "PLAY",
                "source": "hotkey",
                "_t": "09:34:00",
                "_end": "-",
                "data": {
                    "key": "space"
                }
            },
            {
                "time": {
                    "start": "2018-02-05T16:33:04.085Z",
                    "end": "2018-02-05T16:34:01.869Z"
                },
                "type": "SCRUB",
                "source": "data:drag",
                "_t": "09:33:04",
                "_end": "09:34:01",
                "data": {
                    "time": 39.600505
                }
            },
            {
                "time": {
                    "start": "2018-02-05T16:33:04.085Z",
                    "end": "2018-02-05T16:34:01.964Z"
                },
                "type": "SCRUB",
                "source": "data:drag",
                "_t": "09:33:04",
                "_end": "09:34:01",
                "data": {
                    "time": 39.69728
                }
            },
            {
                "time": "2018-02-05T16:34:01.970Z",
                "type": "JUMP",
                "source": "data:dblclick:h_pos",
                "_t": "09:34:01",
                "_end": "-",
                "data": {
                    "from": 39.702424,
                    "to": 38.2920842440483
                }
            },
            {
                "time": "2018-02-05T16:34:02.783Z",
                "type": "PAUSE",
                "source": "hotkey",
                "_t": "09:34:02",
                "_end": "-",
                "data": {
                    "key": "space"
                }
            },
            {
                "time": {
                    "start": "2018-02-05T16:33:04.085Z",
                    "end": "2018-02-05T16:34:03.830Z"
                },
                "type": "SCRUB",
                "source": "data:drag",
                "_t": "09:33:04",
                "_end": "09:34:03",
                "data": {
                    "time": 38.766385
                }
            },
            {
                "time": {
                    "start": "2018-02-05T16:33:04.085Z",
                    "end": "2018-02-05T16:34:03.965Z"
                },
                "type": "SCRUB",
                "source": "data:drag",
                "_t": "09:33:04",
                "_end": "09:34:03",
                "data": {
                    "time": 38.766385
                }
            },
            {
                "time": "2018-02-05T16:34:03.970Z",
                "type": "JUMP",
                "source": "data:dblclick:h_pos",
                "_t": "09:34:03",
                "_end": "-",
                "data": {
                    "from": 38.766385,
                    "to": 37.085961938181725
                }
            },
            {
                "time": "2018-02-05T16:34:04.573Z",
                "type": "PLAY",
                "source": "hotkey",
                "_t": "09:34:04",
                "_end": "-",
                "data": {
                    "key": "space"
                }
            },
            {
                "time": "2018-02-05T16:34:05.757Z",
                "type": "PAUSE",
                "source": "hotkey",
                "_t": "09:34:05",
                "_end": "-",
                "data": {
                    "key": "space"
                }
            },
            {
                "time": {
                    "start": "2018-02-05T16:33:04.085Z",
                    "end": "2018-02-05T16:34:07.669Z"
                },
                "type": "SCRUB",
                "source": "data:drag",
                "_t": "09:33:04",
                "_end": "09:34:07",
                "data": {
                    "time": 38.190866
                }
            },
            {
                "time": {
                    "start": "2018-02-05T16:33:04.085Z",
                    "end": "2018-02-05T16:34:10.071Z"
                },
                "type": "SCRUB",
                "source": "data:drag",
                "_t": "09:33:04",
                "_end": "09:34:10",
                "data": {
                    "time": 38.190866
                }
            },
            {
                "time": {
                    "start": "2018-02-05T16:33:04.085Z",
                    "end": "2018-02-05T16:34:10.670Z"
                },
                "type": "SCRUB",
                "source": "data:drag",
                "_t": "09:33:04",
                "_end": "09:34:10",
                "data": {
                    "time": 38.190866
                }
            },
            {
                "time": {
                    "start": "2018-02-05T16:33:04.085Z",
                    "end": "2018-02-05T16:34:13.422Z"
                },
                "type": "SCRUB",
                "source": "data:drag",
                "_t": "09:33:04",
                "_end": "09:34:13",
                "data": {
                    "time": 38.190866
                }
            },
            {
                "time": {
                    "start": "2018-02-05T16:33:04.085Z",
                    "end": "2018-02-05T16:34:15.087Z"
                },
                "type": "SCRUB",
                "source": "data:drag",
                "_t": "09:33:04",
                "_end": "09:34:15",
                "data": {
                    "time": 44.672906
                }
            },
            {
                "time": {
                    "start": "2018-02-05T16:33:04.085Z",
                    "end": "2018-02-05T16:34:16.310Z"
                },
                "type": "SCRUB",
                "source": "data:drag",
                "_t": "09:33:04",
                "_end": "09:34:16",
                "data": {
                    "time": 44.672906
                }
            },
            {
                "time": {
                    "start": "2018-02-05T16:33:04.085Z",
                    "end": "2018-02-05T16:34:16.461Z"
                },
                "type": "SCRUB",
                "source": "data:drag",
                "_t": "09:33:04",
                "_end": "09:34:16",
                "data": {
                    "time": 44.672906
                }
            },
            {
                "time": "2018-02-05T16:34:16.467Z",
                "type": "JUMP",
                "source": "data:dblclick:h_pos",
                "_t": "09:34:16",
                "_end": "-",
                "data": {
                    "from": 44.672906,
                    "to": 62.84362532955012
                }
            },
            {
                "time": "2018-02-05T16:34:17.294Z",
                "type": "PLAY",
                "source": "hotkey",
                "_t": "09:34:17",
                "_end": "-",
                "data": {
                    "key": "space"
                }
            },
            {
                "time": "2018-02-05T16:34:18.644Z",
                "type": "PAUSE",
                "source": "hotkey",
                "_t": "09:34:18",
                "_end": "-",
                "data": {
                    "key": "space"
                }
            },
            {
                "time": {
                    "start": "2018-02-05T16:33:04.085Z",
                    "end": "2018-02-05T16:34:20.149Z"
                },
                "type": "SCRUB",
                "source": "data:drag",
                "_t": "09:33:04",
                "_end": "09:34:20",
                "data": {
                    "time": 64.143701
                }
            },
            {
                "time": {
                    "start": "2018-02-05T16:33:04.085Z",
                    "end": "2018-02-05T16:34:20.341Z"
                },
                "type": "SCRUB",
                "source": "data:drag",
                "_t": "09:33:04",
                "_end": "09:34:20",
                "data": {
                    "time": 64.143701
                }
            },
            {
                "time": "2018-02-05T16:34:20.347Z",
                "type": "JUMP",
                "source": "data:dblclick:h_pos",
                "_t": "09:34:20",
                "_end": "-",
                "data": {
                    "from": 64.143701,
                    "to": 62.74826177816006
                }
            },
            {
                "time": "2018-02-05T16:34:21.342Z",
                "type": "PLAY",
                "source": "hotkey",
                "_t": "09:34:21",
                "_end": "-",
                "data": {
                    "key": "space"
                }
            },
            {
                "time": "2018-02-05T16:34:21.726Z",
                "type": "PAUSE",
                "source": "hotkey",
                "_t": "09:34:21",
                "_end": "-",
                "data": {
                    "key": "space"
                }
            },
            {
                "time": {
                    "start": "2018-02-05T16:33:04.085Z",
                    "end": "2018-02-05T16:34:24.397Z"
                },
                "type": "SCRUB",
                "source": "data:drag",
                "_t": "09:33:04",
                "_end": "09:34:24",
                "data": {
                    "time": 62.770806
                }
            },
            {
                "time": {
                    "start": "2018-02-05T16:33:04.085Z",
                    "end": "2018-02-05T16:34:27.486Z"
                },
                "type": "SCRUB",
                "source": "data:drag",
                "_t": "09:33:04",
                "_end": "09:34:27",
                "data": {
                    "time": 62.770806
                }
            },
            {
                "time": {
                    "start": "2018-02-05T16:33:04.085Z",
                    "end": "2018-02-05T16:34:28.917Z"
                },
                "type": "SCRUB",
                "source": "data:drag",
                "_t": "09:33:04",
                "_end": "09:34:28",
                "data": {
                    "time": 62.770806
                }
            },
            {
                "time": {
                    "start": "2018-02-05T16:33:04.085Z",
                    "end": "2018-02-05T16:34:29.029Z"
                },
                "type": "SCRUB",
                "source": "data:drag",
                "_t": "09:33:04",
                "_end": "09:34:29",
                "data": {
                    "time": 62.770806
                }
            },
            {
                "time": "2018-02-05T16:34:29.035Z",
                "type": "JUMP",
                "source": "data:dblclick:h_pos",
                "_t": "09:34:29",
                "_end": "-",
                "data": {
                    "from": 62.770806,
                    "to": 66.71704810047304
                }
            },
            {
                "time": "2018-02-05T16:34:29.966Z",
                "type": "PLAY",
                "source": "hotkey",
                "_t": "09:34:29",
                "_end": "-",
                "data": {
                    "key": "space"
                }
            },
            {
                "time": "2018-02-05T16:34:30.544Z",
                "type": "PAUSE",
                "source": "hotkey",
                "_t": "09:34:30",
                "_end": "-",
                "data": {
                    "key": "space"
                }
            },
            {
                "time": {
                    "start": "2018-02-05T16:33:04.085Z",
                    "end": "2018-02-05T16:34:33.437Z"
                },
                "type": "SCRUB",
                "source": "data:drag",
                "_t": "09:33:04",
                "_end": "09:34:33",
                "data": {
                    "time": 67.214047
                }
            },
            {
                "time": {
                    "start": "2018-02-05T16:33:04.085Z",
                    "end": "2018-02-05T16:34:33.573Z"
                },
                "type": "SCRUB",
                "source": "data:drag",
                "_t": "09:33:04",
                "_end": "09:34:33",
                "data": {
                    "time": 67.214047
                }
            },
            {
                "time": "2018-02-05T16:34:33.579Z",
                "type": "JUMP",
                "source": "data:dblclick:h_pos",
                "_t": "09:34:33",
                "_end": "-",
                "data": {
                    "from": 67.214047,
                    "to": 66.52529285292715
                }
            },
            {
                "time": "2018-02-05T16:34:34.333Z",
                "type": "PLAY",
                "source": "hotkey",
                "_t": "09:34:34",
                "_end": "-",
                "data": {
                    "key": "space"
                }
            },
            {
                "time": "2018-02-05T16:34:34.990Z",
                "type": "PAUSE",
                "source": "hotkey",
                "_t": "09:34:34",
                "_end": "-",
                "data": {
                    "key": "space"
                }
            },
            {
                "time": {
                    "start": "2018-02-05T16:33:04.085Z",
                    "end": "2018-02-05T16:34:37.013Z"
                },
                "type": "SCRUB",
                "source": "data:drag",
                "_t": "09:33:04",
                "_end": "09:34:37",
                "data": {
                    "time": 69.879793
                }
            },
            {
                "time": {
                    "start": "2018-02-05T16:33:04.085Z",
                    "end": "2018-02-05T16:34:38.523Z"
                },
                "type": "SCRUB",
                "source": "data:drag",
                "_t": "09:33:04",
                "_end": "09:34:38",
                "data": {
                    "time": 80.864929
                }
            },
            {
                "time": {
                    "start": "2018-02-05T16:33:04.085Z",
                    "end": "2018-02-05T16:34:39.082Z"
                },
                "type": "SCRUB",
                "source": "data:drag",
                "_t": "09:33:04",
                "_end": "09:34:39",
                "data": {
                    "time": 91.383715
                }
            },
            {
                "time": {
                    "start": "2018-02-05T16:33:04.085Z",
                    "end": "2018-02-05T16:34:39.519Z"
                },
                "type": "SCRUB",
                "source": "data:drag",
                "_t": "09:33:04",
                "_end": "09:34:39",
                "data": {
                    "time": 102.342943
                }
            },
            {
                "time": {
                    "start": "2018-02-05T16:33:04.085Z",
                    "end": "2018-02-05T16:34:40.508Z"
                },
                "type": "SCRUB",
                "source": "data:drag",
                "_t": "09:33:04",
                "_end": "09:34:40",
                "data": {
                    "time": 113.378837
                }
            },
            {
                "time": {
                    "start": "2018-02-05T16:33:04.085Z",
                    "end": "2018-02-05T16:34:42.006Z"
                },
                "type": "SCRUB",
                "source": "data:drag",
                "_t": "09:33:04",
                "_end": "09:34:42",
                "data": {
                    "time": 113.378837
                }
            },
            {
                "time": {
                    "start": "2018-02-05T16:33:04.085Z",
                    "end": "2018-02-05T16:34:42.686Z"
                },
                "type": "SCRUB",
                "source": "data:drag",
                "_t": "09:33:04",
                "_end": "09:34:42",
                "data": {
                    "time": 113.378837
                }
            },
            {
                "time": {
                    "start": "2018-02-05T16:33:04.085Z",
                    "end": "2018-02-05T16:34:42.822Z"
                },
                "type": "SCRUB",
                "source": "data:drag",
                "_t": "09:33:04",
                "_end": "09:34:42",
                "data": {
                    "time": 113.378837
                }
            },
            {
                "time": "2018-02-05T16:34:42.825Z",
                "type": "JUMP",
                "source": "data:dblclick:h_pos",
                "_t": "09:34:42",
                "_end": "-",
                "data": {
                    "from": 113.378837,
                    "to": 127.6132699953607
                }
            },
            {
                "time": "2018-02-05T16:34:48.031Z",
                "type": "PLAY",
                "source": "hotkey",
                "_t": "09:34:48",
                "_end": "-",
                "data": {
                    "key": "space"
                }
            },
            {
                "time": "2018-02-05T16:34:49.740Z",
                "type": "PAUSE",
                "source": "hotkey",
                "_t": "09:34:49",
                "_end": "-",
                "data": {
                    "key": "space"
                }
            },
            {
                "time": {
                    "start": "2018-02-05T16:33:04.085Z",
                    "end": "2018-02-05T16:34:52.806Z"
                },
                "type": "SCRUB",
                "source": "data:drag",
                "_t": "09:33:04",
                "_end": "09:34:52",
                "data": {
                    "time": 129.275843
                }
            },
            {
                "time": {
                    "start": "2018-02-05T16:33:04.085Z",
                    "end": "2018-02-05T16:34:54.110Z"
                },
                "type": "SCRUB",
                "source": "data:drag",
                "_t": "09:33:04",
                "_end": "09:34:54",
                "data": {
                    "time": 129.275843
                }
            },
            {
                "time": {
                    "start": "2018-02-05T16:33:04.085Z",
                    "end": "2018-02-05T16:34:54.286Z"
                },
                "type": "SCRUB",
                "source": "data:drag",
                "_t": "09:33:04",
                "_end": "09:34:54",
                "data": {
                    "time": 129.275843
                }
            },
            {
                "time": "2018-02-05T16:34:54.290Z",
                "type": "JUMP",
                "source": "data:dblclick:h_pos",
                "_t": "09:34:54",
                "_end": "-",
                "data": {
                    "from": 129.275843,
                    "to": 135.16788819518874
                }
            },
            {
                "time": "2018-02-05T16:34:55.214Z",
                "type": "PLAY",
                "source": "hotkey",
                "_t": "09:34:55",
                "_end": "-",
                "data": {
                    "key": "space"
                }
            },
            {
                "time": "2018-02-05T16:34:56.142Z",
                "type": "PAUSE",
                "source": "hotkey",
                "_t": "09:34:56",
                "_end": "-",
                "data": {
                    "key": "space"
                }
            },
            {
                "time": {
                    "start": "2018-02-05T16:33:04.085Z",
                    "end": "2018-02-05T16:34:57.349Z"
                },
                "type": "SCRUB",
                "source": "data:drag",
                "_t": "09:33:04",
                "_end": "09:34:57",
                "data": {
                    "time": 151.709646
                }
            },
            {
                "time": {
                    "start": "2018-02-05T16:33:04.085Z",
                    "end": "2018-02-05T16:34:57.756Z"
                },
                "type": "SCRUB",
                "source": "data:drag",
                "_t": "09:33:04",
                "_end": "09:34:57",
                "data": {
                    "time": 169.441896
                }
            },
            {
                "time": {
                    "start": "2018-02-05T16:33:04.085Z",
                    "end": "2018-02-05T16:34:59.017Z"
                },
                "type": "SCRUB",
                "source": "data:drag",
                "_t": "09:33:04",
                "_end": "09:34:59",
                "data": {
                    "time": 186.42595
                }
            },
            {
                "time": {
                    "start": "2018-02-05T16:33:04.085Z",
                    "end": "2018-02-05T16:35:00.630Z"
                },
                "type": "SCRUB",
                "source": "data:drag",
                "_t": "09:33:04",
                "_end": "09:35:00",
                "data": {
                    "time": 186.42595
                }
            },
            {
                "time": {
                    "start": "2018-02-05T16:33:04.085Z",
                    "end": "2018-02-05T16:35:00.766Z"
                },
                "type": "SCRUB",
                "source": "data:drag",
                "_t": "09:33:04",
                "_end": "09:35:00",
                "data": {
                    "time": 186.42595
                }
            },
            {
                "time": "2018-02-05T16:35:00.771Z",
                "type": "JUMP",
                "source": "data:dblclick:h_pos",
                "_t": "09:35:00",
                "_end": "-",
                "data": {
                    "from": 186.42595,
                    "to": 201.93231656131223
                }
            },
            {
                "time": "2018-02-05T16:35:06.895Z",
                "type": "PLAY",
                "source": "hotkey",
                "_t": "09:35:06",
                "_end": "-",
                "data": {
                    "key": "space"
                }
            },
            {
                "time": "2018-02-05T16:35:10.574Z",
                "type": "PAUSE",
                "source": "hotkey",
                "_t": "09:35:10",
                "_end": "-",
                "data": {
                    "key": "space"
                }
            },
            {
                "time": {
                    "start": "2018-02-05T16:33:04.085Z",
                    "end": "2018-02-05T16:35:13.110Z"
                },
                "type": "SCRUB",
                "source": "data:drag",
                "_t": "09:33:04",
                "_end": "09:35:13",
                "data": {
                    "time": 205.563741
                }
            },
            {
                "time": {
                    "start": "2018-02-05T16:33:04.085Z",
                    "end": "2018-02-05T16:35:14.374Z"
                },
                "type": "SCRUB",
                "source": "data:drag",
                "_t": "09:33:04",
                "_end": "09:35:14",
                "data": {
                    "time": 205.563741
                }
            },
            {
                "time": {
                    "start": "2018-02-05T16:33:04.085Z",
                    "end": "2018-02-05T16:35:14.494Z"
                },
                "type": "SCRUB",
                "source": "data:drag",
                "_t": "09:33:04",
                "_end": "09:35:14",
                "data": {
                    "time": 205.563741
                }
            },
            {
                "time": "2018-02-05T16:35:14.498Z",
                "type": "JUMP",
                "source": "data:dblclick:h_pos",
                "_t": "09:35:14",
                "_end": "-",
                "data": {
                    "from": 205.563741,
                    "to": 209.54788584627204
                }
            },
            {
                "time": "2018-02-05T16:35:15.246Z",
                "type": "PLAY",
                "source": "hotkey",
                "_t": "09:35:15",
                "_end": "-",
                "data": {
                    "key": "space"
                }
            },
            {
                "time": "2018-02-05T16:35:16.174Z",
                "type": "PAUSE",
                "source": "hotkey",
                "_t": "09:35:16",
                "_end": "-",
                "data": {
                    "key": "space"
                }
            },
            {
                "time": {
                    "start": "2018-02-05T16:33:04.085Z",
                    "end": "2018-02-05T16:35:19.365Z"
                },
                "type": "SCRUB",
                "source": "data:drag",
                "_t": "09:33:04",
                "_end": "09:35:19",
                "data": {
                    "time": 210.418345
                }
            },
            {
                "time": {
                    "start": "2018-02-05T16:33:04.085Z",
                    "end": "2018-02-05T16:35:22.770Z"
                },
                "type": "SCRUB",
                "source": "data:drag",
                "_t": "09:33:04",
                "_end": "09:35:22",
                "data": {
                    "time": 210.418345
                }
            },
            {
                "time": {
                    "start": "2018-02-05T16:33:04.085Z",
                    "end": "2018-02-05T16:35:23.478Z"
                },
                "type": "SCRUB",
                "source": "data:drag",
                "_t": "09:33:04",
                "_end": "09:35:23",
                "data": {
                    "time": 210.418345
                }
            },
            {
                "time": {
                    "start": "2018-02-05T16:33:04.085Z",
                    "end": "2018-02-05T16:35:24.194Z"
                },
                "type": "SCRUB",
                "source": "data:drag",
                "_t": "09:33:04",
                "_end": "09:35:24",
                "data": {
                    "time": 214.109532
                }
            },
            {
                "time": {
                    "start": "2018-02-05T16:33:04.085Z",
                    "end": "2018-02-05T16:35:25.010Z"
                },
                "type": "SCRUB",
                "source": "data:drag",
                "_t": "09:33:04",
                "_end": "09:35:25",
                "data": {
                    "time": 220.034155
                }
            },
            {
                "time": {
                    "start": "2018-02-05T16:33:04.085Z",
                    "end": "2018-02-05T16:35:27.044Z"
                },
                "type": "SCRUB",
                "source": "data:drag",
                "_t": "09:33:04",
                "_end": "09:35:27",
                "data": {
                    "time": 250.090151
                }
            },
            {
                "time": {
                    "start": "2018-02-05T16:33:04.085Z",
                    "end": "2018-02-05T16:35:27.841Z"
                },
                "type": "SCRUB",
                "source": "data:drag",
                "_t": "09:33:04",
                "_end": "09:35:27",
                "data": {
                    "time": 267.937715
                }
            },
            {
                "time": {
                    "start": "2018-02-05T16:33:04.085Z",
                    "end": "2018-02-05T16:35:30.902Z"
                },
                "type": "SCRUB",
                "source": "data:drag",
                "_t": "09:33:04",
                "_end": "09:35:30",
                "data": {
                    "time": 267.937715
                }
            },
            {
                "time": {
                    "start": "2018-02-05T16:33:04.085Z",
                    "end": "2018-02-05T16:35:31.015Z"
                },
                "type": "SCRUB",
                "source": "data:drag",
                "_t": "09:33:04",
                "_end": "09:35:31",
                "data": {
                    "time": 267.937715
                }
            },
            {
                "time": "2018-02-05T16:35:31.018Z",
                "type": "JUMP",
                "source": "data:dblclick:h_pos",
                "_t": "09:35:31",
                "_end": "-",
                "data": {
                    "from": 267.937715,
                    "to": 279.246706084018
                }
            },
            {
                "time": {
                    "start": "2018-02-05T16:33:04.085Z",
                    "end": "2018-02-05T16:35:34.950Z"
                },
                "type": "SCRUB",
                "source": "data:drag",
                "_t": "09:33:04",
                "_end": "09:35:34",
                "data": {
                    "time": 279.246706
                }
            },
            {
                "time": "2018-02-05T16:35:35.628Z",
                "type": "PLAY",
                "source": "hotkey",
                "_t": "09:35:35",
                "_end": "-",
                "data": {
                    "key": "space"
                }
            },
            {
                "time": "2018-02-05T16:35:36.531Z",
                "type": "PAUSE",
                "source": "hotkey",
                "_t": "09:35:36",
                "_end": "-",
                "data": {
                    "key": "space"
                }
            },
            {
                "time": {
                    "start": "2018-02-05T16:33:04.085Z",
                    "end": "2018-02-05T16:35:37.959Z"
                },
                "type": "SCRUB",
                "source": "data:drag",
                "_t": "09:33:04",
                "_end": "09:35:37",
                "data": {
                    "time": 280.106419
                }
            },
            {
                "time": {
                    "start": "2018-02-05T16:33:04.085Z",
                    "end": "2018-02-05T16:35:38.103Z"
                },
                "type": "SCRUB",
                "source": "data:drag",
                "_t": "09:33:04",
                "_end": "09:35:38",
                "data": {
                    "time": 280.106419
                }
            },
            {
                "time": "2018-02-05T16:35:38.109Z",
                "type": "JUMP",
                "source": "data:dblclick:h_pos",
                "_t": "09:35:38",
                "_end": "-",
                "data": {
                    "from": 280.106419,
                    "to": 279.1348561920947
                }
            },
            {
                "time": "2018-02-05T16:35:38.798Z",
                "type": "PLAY",
                "source": "hotkey",
                "_t": "09:35:38",
                "_end": "-",
                "data": {
                    "key": "space"
                }
            },
            {
                "time": "2018-02-05T16:35:39.535Z",
                "type": "PAUSE",
                "source": "hotkey",
                "_t": "09:35:39",
                "_end": "-",
                "data": {
                    "key": "space"
                }
            },
            {
                "time": "2018-02-05T16:35:40.255Z",
                "type": "PLAY",
                "source": "hotkey",
                "_t": "09:35:40",
                "_end": "-",
                "data": {
                    "key": "space"
                }
            },
            {
                "time": "2018-02-05T16:35:43.854Z",
                "type": "PAUSE",
                "source": "hotkey",
                "_t": "09:35:43",
                "_end": "-",
                "data": {
                    "key": "space"
                }
            },
            {
                "time": {
                    "start": "2018-02-05T16:33:04.085Z",
                    "end": "2018-02-05T16:35:44.642Z"
                },
                "type": "SCRUB",
                "source": "data:drag",
                "_t": "09:33:04",
                "_end": "09:35:44",
                "data": {
                    "time": 302.721166
                }
            },
            {
                "time": {
                    "start": "2018-02-05T16:33:04.085Z",
                    "end": "2018-02-05T16:35:46.543Z"
                },
                "type": "SCRUB",
                "source": "data:drag",
                "_t": "09:33:04",
                "_end": "09:35:46",
                "data": {
                    "time": 329.189553
                }
            },
            {
                "time": {
                    "start": "2018-02-05T16:33:04.085Z",
                    "end": "2018-02-05T16:35:47.258Z"
                },
                "type": "SCRUB",
                "source": "data:drag",
                "_t": "09:33:04",
                "_end": "09:35:47",
                "data": {
                    "time": 366.222564
                }
            },
            {
                "time": {
                    "start": "2018-02-05T16:33:04.085Z",
                    "end": "2018-02-05T16:35:47.739Z"
                },
                "type": "SCRUB",
                "source": "data:drag",
                "_t": "09:33:04",
                "_end": "09:35:47",
                "data": {
                    "time": 396.00841
                }
            },
            {
                "time": {
                    "start": "2018-02-05T16:33:04.085Z",
                    "end": "2018-02-05T16:35:48.316Z"
                },
                "type": "SCRUB",
                "source": "data:drag",
                "_t": "09:33:04",
                "_end": "09:35:48",
                "data": {
                    "time": 435.432985
                }
            },
            {
                "time": {
                    "start": "2018-02-05T16:33:04.085Z",
                    "end": "2018-02-05T16:35:49.428Z"
                },
                "type": "SCRUB",
                "source": "data:drag",
                "_t": "09:33:04",
                "_end": "09:35:49",
                "data": {
                    "time": 456.804133
                }
            },
            {
                "time": {
                    "start": "2018-02-05T16:33:04.085Z",
                    "end": "2018-02-05T16:35:50.591Z"
                },
                "type": "SCRUB",
                "source": "data:drag",
                "_t": "09:33:04",
                "_end": "09:35:50",
                "data": {
                    "time": 470.346484
                }
            },
            {
                "time": {
                    "start": "2018-02-05T16:33:04.085Z",
                    "end": "2018-02-05T16:35:52.662Z"
                },
                "type": "SCRUB",
                "source": "data:drag",
                "_t": "09:33:04",
                "_end": "09:35:52",
                "data": {
                    "time": 470.346484
                }
            },
            {
                "time": {
                    "start": "2018-02-05T16:33:04.085Z",
                    "end": "2018-02-05T16:35:52.807Z"
                },
                "type": "SCRUB",
                "source": "data:drag",
                "_t": "09:33:04",
                "_end": "09:35:52",
                "data": {
                    "time": 470.346484
                }
            },
            {
                "time": "2018-02-05T16:35:52.812Z",
                "type": "JUMP",
                "source": "data:dblclick:h_pos",
                "_t": "09:35:52",
                "_end": "-",
                "data": {
                    "from": 470.346484,
                    "to": 475.56701482115045
                }
            },
            {
                "time": {
                    "start": "2018-02-05T16:33:04.085Z",
                    "end": "2018-02-05T16:35:56.335Z"
                },
                "type": "SCRUB",
                "source": "data:drag",
                "_t": "09:33:04",
                "_end": "09:35:56",
                "data": {
                    "time": 475.567014
                }
            },
            {
                "time": {
                    "start": "2018-02-05T16:33:04.085Z",
                    "end": "2018-02-05T16:35:57.391Z"
                },
                "type": "SCRUB",
                "source": "data:drag",
                "_t": "09:33:04",
                "_end": "09:35:57",
                "data": {
                    "time": 489.246618
                }
            },
            {
                "time": {
                    "start": "2018-02-05T16:33:04.085Z",
                    "end": "2018-02-05T16:35:59.097Z"
                },
                "type": "SCRUB",
                "source": "data:drag",
                "_t": "09:33:04",
                "_end": "09:35:59",
                "data": {
                    "time": 506.49254
                }
            },
            {
                "time": {
                    "start": "2018-02-05T16:33:04.085Z",
                    "end": "2018-02-05T16:35:59.573Z"
                },
                "type": "SCRUB",
                "source": "data:drag",
                "_t": "09:33:04",
                "_end": "09:35:59",
                "data": {
                    "time": 520.745677
                }
            },
            {
                "time": {
                    "start": "2018-02-05T16:33:04.085Z",
                    "end": "2018-02-05T16:36:00.196Z"
                },
                "type": "SCRUB",
                "source": "data:drag",
                "_t": "09:33:04",
                "_end": "09:36:00",
                "data": {
                    "time": 533.240553
                }
            },
            {
                "time": {
                    "start": "2018-02-05T16:33:04.085Z",
                    "end": "2018-02-05T16:36:01.367Z"
                },
                "type": "SCRUB",
                "source": "data:drag",
                "_t": "09:33:04",
                "_end": "09:36:01",
                "data": {
                    "time": 539.341154
                }
            },
            {
                "time": {
                    "start": "2018-02-05T16:33:04.085Z",
                    "end": "2018-02-05T16:36:03.471Z"
                },
                "type": "SCRUB",
                "source": "data:drag",
                "_t": "09:33:04",
                "_end": "09:36:03",
                "data": {
                    "time": 539.341154
                }
            },
            {
                "time": {
                    "start": "2018-02-05T16:33:04.085Z",
                    "end": "2018-02-05T16:36:04.878Z"
                },
                "type": "SCRUB",
                "source": "data:drag",
                "_t": "09:33:04",
                "_end": "09:36:04",
                "data": {
                    "time": 539.341154
                }
            },
            {
                "time": {
                    "start": "2018-02-05T16:33:04.085Z",
                    "end": "2018-02-05T16:36:05.006Z"
                },
                "type": "SCRUB",
                "source": "data:drag",
                "_t": "09:33:04",
                "_end": "09:36:05",
                "data": {
                    "time": 539.341154
                }
            },
            {
                "time": "2018-02-05T16:36:05.010Z",
                "type": "JUMP",
                "source": "data:dblclick:h_pos",
                "_t": "09:36:05",
                "_end": "-",
                "data": {
                    "from": 539.341154,
                    "to": 543.0093859121088
                }
            },
            {
                "time": "2018-02-05T16:36:05.711Z",
                "type": "PLAY",
                "source": "hotkey",
                "_t": "09:36:05",
                "_end": "-",
                "data": {
                    "key": "space"
                }
            },
            {
                "time": "2018-02-05T16:36:07.359Z",
                "type": "PAUSE",
                "source": "hotkey",
                "_t": "09:36:07",
                "_end": "-",
                "data": {
                    "key": "space"
                }
            },
            {
                "time": {
                    "start": "2018-02-05T16:33:04.085Z",
                    "end": "2018-02-05T16:36:09.087Z"
                },
                "type": "SCRUB",
                "source": "data:drag",
                "_t": "09:33:04",
                "_end": "09:36:09",
                "data": {
                    "time": 544.614042
                }
            },
            {
                "time": {
                    "start": "2018-02-05T16:33:04.085Z",
                    "end": "2018-02-05T16:36:09.206Z"
                },
                "type": "SCRUB",
                "source": "data:drag",
                "_t": "09:33:04",
                "_end": "09:36:09",
                "data": {
                    "time": 544.614042
                }
            },
            {
                "time": "2018-02-05T16:36:09.212Z",
                "type": "JUMP",
                "source": "data:dblclick:h_pos",
                "_t": "09:36:09",
                "_end": "-",
                "data": {
                    "from": 544.614042,
                    "to": 544.0217212663167
                }
            },
            {
                "time": {
                    "start": "2018-02-05T16:33:04.085Z",
                    "end": "2018-02-05T16:36:11.294Z"
                },
                "type": "SCRUB",
                "source": "data:drag",
                "_t": "09:33:04",
                "_end": "09:36:11",
                "data": {
                    "time": 544.021721
                }
            },
            {
                "time": {
                    "start": "2018-02-05T16:33:04.085Z",
                    "end": "2018-02-05T16:36:11.438Z"
                },
                "type": "SCRUB",
                "source": "data:drag",
                "_t": "09:33:04",
                "_end": "09:36:11",
                "data": {
                    "time": 544.021721
                }
            },
            {
                "time": "2018-02-05T16:36:11.445Z",
                "type": "JUMP",
                "source": "data:dblclick:h_pos",
                "_t": "09:36:11",
                "_end": "-",
                "data": {
                    "from": 544.021721,
                    "to": 543.8034975718008
                }
            },
            {
                "time": "2018-02-05T16:36:13.391Z",
                "type": "PLAY",
                "source": "hotkey",
                "_t": "09:36:13",
                "_end": "-",
                "data": {
                    "key": "space"
                }
            },
            {
                "time": "2018-02-05T16:36:13.939Z",
                "type": "PAUSE",
                "source": "hotkey",
                "_t": "09:36:13",
                "_end": "-",
                "data": {
                    "key": "space"
                }
            },
            {
                "time": {
                    "start": "2018-02-05T16:33:04.085Z",
                    "end": "2018-02-05T16:36:18.127Z"
                },
                "type": "SCRUB",
                "source": "data:drag",
                "_t": "09:33:04",
                "_end": "09:36:18",
                "data": {
                    "time": 544.28635
                }
            },
            {
                "time": "2018-02-05T16:36:18.800Z",
                "type": "PLAY",
                "source": "hotkey",
                "_t": "09:36:18",
                "_end": "-",
                "data": {
                    "key": "space"
                }
            },
            {
                "time": "2018-02-05T16:36:22.974Z",
                "type": "PAUSE",
                "source": "hotkey",
                "_t": "09:36:22",
                "_end": "-",
                "data": {
                    "key": "space"
                }
            },
            {
                "time": {
                    "start": "2018-02-05T16:33:04.085Z",
                    "end": "2018-02-05T16:36:23.601Z"
                },
                "type": "SCRUB",
                "source": "data:drag",
                "_t": "09:33:04",
                "_end": "09:36:23",
                "data": {
                    "time": 556.575762
                }
            }
        ]
    }
}