{
    "user_id": "045",
    "session_id": "5a788239ee2b1975ba835b70",
    "study": "studyC",
    "workspace": "pill.pills-orange",
    "details": {
        "workspace": "pill.pills-orange",
        "labels": [
            {
                "time": 13.023939000000258,
                "endTime": 21.86279062601625,
                "type": "pill",
                "id": 1
            },
            {
                "time": 60.14416199999882,
                "endTime": 64.94239573983661,
                "type": "move",
                "id": 2
            },
            {
                "time": 113.886624,
                "endTime": 119.84653538211433,
                "type": "move",
                "id": 3
            },
            {
                "time": 171.13960000000145,
                "endTime": 177.35205000000053,
                "type": "pill",
                "id": 4
            }
        ],
        "_starts": [
            "2018-02-05T16:26:52.000Z"
        ],
        "_ends": [
            "2018-02-05T16:30:02.895Z"
        ]
    },
    "labels_file": "/home/ubuntu/vat/data/user-studies/studyC/pill-orange/045.labels.json",
    "videoFlash": 2.237407,
    "surveys": {
        "user-info": {
            "firstname": "Marci",
            "lastname": "Hepner",
            "email": "mar.hepner@gmail.com"
        },
        "practice-first": {
            "question1": "3",
            "question2": "ok",
            "question3": "90",
            "question4": "5"
        },
        "practice-second": {},
        "practice-third": {},
        "practice-survey": {},
        "pill-blue": {
            "question1": "5",
            "question2": "5",
            "question3": "100",
            "question4": "10"
        },
        "pill-red": {
            "question1": "5",
            "question2": "5",
            "question3": "100",
            "question4": "0"
        }
    },
    "logs": {
        "labelEvents": [
            {
                "time": "2018-02-05T16:27:15.987Z",
                "type": "START",
                "source": "side-bar:button",
                "_t": "09:27:15",
                "_end": "-",
                "data": {
                    "type": "pill",
                    "time": 13.023939
                }
            },
            {
                "time": "2018-02-05T16:27:19.861Z",
                "type": "END",
                "source": "data:click:h_pos",
                "_t": "09:27:19",
                "_end": "-",
                "data": {
                    "lbl": {
                        "time": 13.023939000000258,
                        "endTime": 21.86279062601625,
                        "type": "pill",
                        "id": 1
                    }
                }
            },
            {
                "time": "2018-02-05T16:27:30.606Z",
                "type": "SELECT",
                "source": "data:click",
                "_t": "09:27:30",
                "_end": "-",
                "data": {
                    "time": 13.023939000000258,
                    "endTime": 21.86279062601625,
                    "type": "pill",
                    "id": 1
                }
            },
            {
                "time": {
                    "start": "2018-02-05T16:27:31.315Z",
                    "end": "2018-02-05T16:27:33.203Z"
                },
                "type": "RESIZE",
                "source": "data:brush",
                "_t": "09:27:31",
                "_end": "09:27:33",
                "data": {
                    "brushing": true,
                    "origin": [
                        13.023939,
                        23.32751460975608
                    ],
                    "_brushside": 1,
                    "start": "2018-02-05T16:27:31.315Z",
                    "ε": 0.1,
                    "mode": "resize"
                }
            },
            {
                "time": "2018-02-05T16:27:36.514Z",
                "type": "DESELECT",
                "source": "side-bar:button",
                "_t": "09:27:36",
                "_end": "-",
                "data": {
                    "time": 13.023939000000258,
                    "endTime": 21.86279062601625,
                    "type": "pill",
                    "id": 1
                }
            },
            {
                "time": "2018-02-05T16:27:56.251Z",
                "type": "START",
                "source": "side-bar:button",
                "_t": "09:27:56",
                "_end": "-",
                "data": {
                    "type": "move",
                    "time": 60.144162
                }
            },
            {
                "time": "2018-02-05T16:27:57.701Z",
                "type": "END",
                "source": "data:click:h_pos",
                "_t": "09:27:57",
                "_end": "-",
                "data": {
                    "lbl": {
                        "time": 60.14416199999882,
                        "endTime": 64.94239573983661,
                        "type": "move",
                        "id": 2
                    }
                }
            },
            {
                "time": "2018-02-05T16:28:05.222Z",
                "type": "SELECT",
                "source": "data:click",
                "_t": "09:28:05",
                "_end": "-",
                "data": {
                    "time": 60.14416199999882,
                    "endTime": 64.94239573983661,
                    "type": "move",
                    "id": 2
                }
            },
            {
                "time": {
                    "start": "2018-02-05T16:28:06.220Z",
                    "end": "2018-02-05T16:28:07.924Z"
                },
                "type": "RESIZE",
                "source": "data:brush",
                "_t": "09:28:06",
                "_end": "09:28:07",
                "data": {
                    "brushing": true,
                    "origin": [
                        60.144162,
                        66.86168923577135
                    ],
                    "_brushside": 1,
                    "start": "2018-02-05T16:28:06.220Z",
                    "ε": 0.1,
                    "mode": "resize"
                }
            },
            {
                "time": "2018-02-05T16:28:11.003Z",
                "type": "DESELECT",
                "source": "side-bar:button",
                "_t": "09:28:11",
                "_end": "-",
                "data": {
                    "time": 60.14416199999882,
                    "endTime": 64.94239573983661,
                    "type": "move",
                    "id": 2
                }
            },
            {
                "time": "2018-02-05T16:28:41.940Z",
                "type": "START",
                "source": "side-bar:button",
                "_t": "09:28:41",
                "_end": "-",
                "data": {
                    "type": "move",
                    "time": 113.886624
                }
            },
            {
                "time": "2018-02-05T16:28:43.093Z",
                "type": "END",
                "source": "data:click:h_pos",
                "_t": "09:28:43",
                "_end": "-",
                "data": {
                    "lbl": {
                        "time": 113.886624,
                        "endTime": 119.84653538211433,
                        "type": "move",
                        "id": 3
                    }
                }
            },
            {
                "time": "2018-02-05T16:28:47.686Z",
                "type": "SELECT",
                "source": "data:click",
                "_t": "09:28:47",
                "_end": "-",
                "data": {
                    "time": 113.886624,
                    "endTime": 119.84653538211433,
                    "type": "move",
                    "id": 3
                }
            },
            {
                "time": "2018-02-05T16:29:10.838Z",
                "type": "DESELECT",
                "source": "data:click",
                "_t": "09:29:10",
                "_end": "-",
                "data": {
                    "time": 113.886624,
                    "endTime": 123.93766099187077,
                    "type": "move",
                    "id": 3
                }
            },
            {
                "time": "2018-02-05T16:29:12.494Z",
                "type": "SELECT",
                "source": "data:click",
                "_t": "09:29:12",
                "_end": "-",
                "data": {
                    "time": 113.886624,
                    "endTime": 119.84653538211433,
                    "type": "move",
                    "id": 3
                }
            },
            {
                "time": {
                    "start": "2018-02-05T16:29:13.461Z",
                    "end": "2018-02-05T16:29:15.565Z"
                },
                "type": "RESIZE",
                "source": "data:brush",
                "_t": "09:29:13",
                "_end": "09:29:15",
                "data": {
                    "brushing": true,
                    "origin": [
                        113.886624,
                        123.93766099187077
                    ],
                    "_brushside": 1,
                    "start": "2018-02-05T16:29:13.461Z",
                    "ε": 0.1,
                    "mode": "resize"
                }
            },
            {
                "time": "2018-02-05T16:29:17.747Z",
                "type": "DESELECT",
                "source": "side-bar:button",
                "_t": "09:29:17",
                "_end": "-",
                "data": {
                    "time": 113.886624,
                    "endTime": 119.84653538211433,
                    "type": "move",
                    "id": 3
                }
            },
            {
                "time": "2018-02-05T16:29:36.916Z",
                "type": "START",
                "source": "side-bar:button",
                "_t": "09:29:36",
                "_end": "-",
                "data": {
                    "type": "pill",
                    "time": 171.1396
                }
            },
            {
                "time": "2018-02-05T16:29:38.919Z",
                "type": "END",
                "source": "data:click:h_pos",
                "_t": "09:29:38",
                "_end": "-",
                "data": {
                    "lbl": {
                        "time": 171.13960000000145,
                        "endTime": 177.35205000000053,
                        "type": "pill",
                        "id": 4
                    }
                }
            },
            {
                "time": "2018-02-05T16:29:46.735Z",
                "type": "SELECT",
                "source": "data:click",
                "_t": "09:29:46",
                "_end": "-",
                "data": {
                    "time": 171.13960000000145,
                    "endTime": 177.35205000000053,
                    "type": "pill",
                    "id": 4
                }
            },
            {
                "time": {
                    "start": "2018-02-05T16:29:47.573Z",
                    "end": "2018-02-05T16:29:48.277Z"
                },
                "type": "RESIZE",
                "source": "data:brush",
                "_t": "09:29:47",
                "_end": "09:29:48",
                "data": {
                    "brushing": true,
                    "origin": [
                        171.1396,
                        177.5540808943095
                    ],
                    "_brushside": 1,
                    "start": "2018-02-05T16:29:47.573Z",
                    "ε": 0.1,
                    "mode": "resize"
                }
            },
            {
                "time": "2018-02-05T16:29:52.981Z",
                "type": "DESELECT",
                "source": "data:click",
                "_t": "09:29:52",
                "_end": "-",
                "data": {
                    "time": 171.13960000000145,
                    "endTime": 177.35205000000053,
                    "type": "pill",
                    "id": 4
                }
            }
        ],
        "navigationEvents": [
            {
                "time": {
                    "start": "2018-02-05T16:26:52.492Z",
                    "end": "2018-02-05T16:27:06.603Z"
                },
                "type": "SCRUB",
                "source": "data:drag",
                "_t": "09:26:52",
                "_end": "09:27:06",
                "data": {
                    "time": 10.445173
                }
            },
            {
                "time": {
                    "start": "2018-02-05T16:26:52.492Z",
                    "end": "2018-02-05T16:27:07.369Z"
                },
                "type": "SCRUB",
                "source": "data:drag",
                "_t": "09:26:52",
                "_end": "09:27:07",
                "data": {
                    "time": 17.224165
                }
            },
            {
                "time": {
                    "start": "2018-02-05T16:26:52.492Z",
                    "end": "2018-02-05T16:27:08.492Z"
                },
                "type": "SCRUB",
                "source": "data:drag",
                "_t": "09:26:52",
                "_end": "09:27:08",
                "data": {
                    "time": 15.366983
                }
            },
            {
                "time": {
                    "start": "2018-02-05T16:26:52.492Z",
                    "end": "2018-02-05T16:27:12.566Z"
                },
                "type": "SCRUB",
                "source": "data:drag",
                "_t": "09:26:52",
                "_end": "09:27:12",
                "data": {
                    "time": 12.748671
                }
            },
            {
                "time": "2018-02-05T16:27:13.045Z",
                "type": "PAUSE",
                "source": "video:button",
                "_t": "09:27:13",
                "_end": "-"
            },
            {
                "time": {
                    "start": "2018-02-05T16:26:52.492Z",
                    "end": "2018-02-05T16:27:19.859Z"
                },
                "type": "SCRUB",
                "source": "data:drag",
                "_t": "09:26:52",
                "_end": "09:27:19",
                "data": {
                    "time": 13.023939
                }
            },
            {
                "time": "2018-02-05T16:27:20.692Z",
                "type": "PLAY",
                "source": "video:button",
                "_t": "09:27:20",
                "_end": "-"
            },
            {
                "time": "2018-02-05T16:27:29.498Z",
                "type": "PAUSE",
                "source": "video:button",
                "_t": "09:27:29",
                "_end": "-"
            },
            {
                "time": {
                    "start": "2018-02-05T16:26:52.492Z",
                    "end": "2018-02-05T16:27:30.603Z"
                },
                "type": "SCRUB",
                "source": "data:drag",
                "_t": "09:26:52",
                "_end": "09:27:30",
                "data": {
                    "time": 21.84768
                }
            },
            {
                "time": {
                    "start": "2018-02-05T16:26:52.492Z",
                    "end": "2018-02-05T16:27:33.212Z"
                },
                "type": "SCRUB",
                "source": "data:drag",
                "_t": "09:26:52",
                "_end": "09:27:33",
                "data": {
                    "time": 21.84768
                }
            },
            {
                "time": "2018-02-05T16:27:34.659Z",
                "type": "PLAY",
                "source": "video:button",
                "_t": "09:27:34",
                "_end": "-"
            },
            {
                "time": {
                    "start": "2018-02-05T16:26:52.492Z",
                    "end": "2018-02-05T16:27:38.293Z"
                },
                "type": "SCRUB",
                "source": "data:drag",
                "_t": "09:26:52",
                "_end": "09:27:38",
                "data": {
                    "time": 27.918408
                }
            },
            {
                "time": {
                    "start": "2018-02-05T16:26:52.492Z",
                    "end": "2018-02-05T16:27:39.115Z"
                },
                "type": "SCRUB",
                "source": "data:drag",
                "_t": "09:26:52",
                "_end": "09:27:39",
                "data": {
                    "time": 29.747999
                }
            },
            {
                "time": {
                    "start": "2018-02-05T16:26:52.492Z",
                    "end": "2018-02-05T16:27:39.780Z"
                },
                "type": "SCRUB",
                "source": "data:drag",
                "_t": "09:26:52",
                "_end": "09:27:39",
                "data": {
                    "time": 30.906715
                }
            },
            {
                "time": {
                    "start": "2018-02-05T16:26:52.492Z",
                    "end": "2018-02-05T16:27:40.364Z"
                },
                "type": "SCRUB",
                "source": "data:drag",
                "_t": "09:26:52",
                "_end": "09:27:40",
                "data": {
                    "time": 32.876516
                }
            },
            {
                "time": {
                    "start": "2018-02-05T16:26:52.492Z",
                    "end": "2018-02-05T16:27:42.962Z"
                },
                "type": "SCRUB",
                "source": "data:drag",
                "_t": "09:26:52",
                "_end": "09:27:42",
                "data": {
                    "time": 37.20176
                }
            },
            {
                "time": {
                    "start": "2018-02-05T16:26:52.492Z",
                    "end": "2018-02-05T16:27:43.845Z"
                },
                "type": "SCRUB",
                "source": "data:drag",
                "_t": "09:26:52",
                "_end": "09:27:43",
                "data": {
                    "time": 39.310663
                }
            },
            {
                "time": {
                    "start": "2018-02-05T16:26:52.492Z",
                    "end": "2018-02-05T16:27:44.627Z"
                },
                "type": "SCRUB",
                "source": "data:drag",
                "_t": "09:26:52",
                "_end": "09:27:44",
                "data": {
                    "time": 41.16631
                }
            },
            {
                "time": {
                    "start": "2018-02-05T16:26:52.492Z",
                    "end": "2018-02-05T16:27:45.338Z"
                },
                "type": "SCRUB",
                "source": "data:drag",
                "_t": "09:26:52",
                "_end": "09:27:45",
                "data": {
                    "time": 43.676823
                }
            },
            {
                "time": {
                    "start": "2018-02-05T16:26:52.492Z",
                    "end": "2018-02-05T16:27:46.090Z"
                },
                "type": "SCRUB",
                "source": "data:drag",
                "_t": "09:26:52",
                "_end": "09:27:46",
                "data": {
                    "time": 48.039334
                }
            },
            {
                "time": {
                    "start": "2018-02-05T16:26:52.492Z",
                    "end": "2018-02-05T16:27:47.474Z"
                },
                "type": "SCRUB",
                "source": "data:drag",
                "_t": "09:26:52",
                "_end": "09:27:47",
                "data": {
                    "time": 51.981416
                }
            },
            {
                "time": {
                    "start": "2018-02-05T16:26:52.492Z",
                    "end": "2018-02-05T16:27:48.531Z"
                },
                "type": "SCRUB",
                "source": "data:drag",
                "_t": "09:26:52",
                "_end": "09:27:48",
                "data": {
                    "time": 54.077655
                }
            },
            {
                "time": {
                    "start": "2018-02-05T16:26:52.492Z",
                    "end": "2018-02-05T16:27:49.194Z"
                },
                "type": "SCRUB",
                "source": "data:drag",
                "_t": "09:26:52",
                "_end": "09:27:49",
                "data": {
                    "time": 56.097963
                }
            },
            {
                "time": {
                    "start": "2018-02-05T16:26:52.492Z",
                    "end": "2018-02-05T16:27:49.717Z"
                },
                "type": "SCRUB",
                "source": "data:drag",
                "_t": "09:26:52",
                "_end": "09:27:49",
                "data": {
                    "time": 58.077532
                }
            },
            {
                "time": {
                    "start": "2018-02-05T16:26:52.492Z",
                    "end": "2018-02-05T16:27:50.250Z"
                },
                "type": "SCRUB",
                "source": "data:drag",
                "_t": "09:26:52",
                "_end": "09:27:50",
                "data": {
                    "time": 60.643657
                }
            },
            {
                "time": {
                    "start": "2018-02-05T16:26:52.492Z",
                    "end": "2018-02-05T16:27:51.315Z"
                },
                "type": "SCRUB",
                "source": "data:drag",
                "_t": "09:26:52",
                "_end": "09:27:51",
                "data": {
                    "time": 59.846343
                }
            },
            {
                "time": "2018-02-05T16:27:51.911Z",
                "type": "PAUSE",
                "source": "video:button",
                "_t": "09:27:51",
                "_end": "-"
            },
            {
                "time": {
                    "start": "2018-02-05T16:26:52.492Z",
                    "end": "2018-02-05T16:27:55.011Z"
                },
                "type": "SCRUB",
                "source": "data:drag",
                "_t": "09:26:52",
                "_end": "09:27:55",
                "data": {
                    "time": 60.144162
                }
            },
            {
                "time": {
                    "start": "2018-02-05T16:26:52.492Z",
                    "end": "2018-02-05T16:27:57.700Z"
                },
                "type": "SCRUB",
                "source": "data:drag",
                "_t": "09:26:52",
                "_end": "09:27:57",
                "data": {
                    "time": 60.144162
                }
            },
            {
                "time": "2018-02-05T16:27:58.299Z",
                "type": "PLAY",
                "source": "video:button",
                "_t": "09:27:58",
                "_end": "-"
            },
            {
                "time": "2018-02-05T16:28:01.004Z",
                "type": "PAUSE",
                "source": "video:button",
                "_t": "09:28:01",
                "_end": "-"
            },
            {
                "time": "2018-02-05T16:28:01.419Z",
                "type": "PLAY",
                "source": "video:button",
                "_t": "09:28:01",
                "_end": "-"
            },
            {
                "time": "2018-02-05T16:28:03.855Z",
                "type": "PAUSE",
                "source": "video:button",
                "_t": "09:28:03",
                "_end": "-"
            },
            {
                "time": {
                    "start": "2018-02-05T16:26:52.492Z",
                    "end": "2018-02-05T16:28:05.220Z"
                },
                "type": "SCRUB",
                "source": "data:drag",
                "_t": "09:26:52",
                "_end": "09:28:05",
                "data": {
                    "time": 65.212125
                }
            },
            {
                "time": {
                    "start": "2018-02-05T16:26:52.492Z",
                    "end": "2018-02-05T16:28:07.933Z"
                },
                "type": "SCRUB",
                "source": "data:drag",
                "_t": "09:26:52",
                "_end": "09:28:07",
                "data": {
                    "time": 65.212125
                }
            },
            {
                "time": "2018-02-05T16:28:09.124Z",
                "type": "PLAY",
                "source": "video:button",
                "_t": "09:28:09",
                "_end": "-"
            },
            {
                "time": {
                    "start": "2018-02-05T16:26:52.492Z",
                    "end": "2018-02-05T16:28:14.719Z"
                },
                "type": "SCRUB",
                "source": "data:drag",
                "_t": "09:26:52",
                "_end": "09:28:14",
                "data": {
                    "time": 76.206162
                }
            },
            {
                "time": {
                    "start": "2018-02-05T16:26:52.492Z",
                    "end": "2018-02-05T16:28:15.442Z"
                },
                "type": "SCRUB",
                "source": "data:drag",
                "_t": "09:26:52",
                "_end": "09:28:15",
                "data": {
                    "time": 77.775205
                }
            },
            {
                "time": {
                    "start": "2018-02-05T16:26:52.492Z",
                    "end": "2018-02-05T16:28:16.314Z"
                },
                "type": "SCRUB",
                "source": "data:drag",
                "_t": "09:26:52",
                "_end": "09:28:16",
                "data": {
                    "time": 79.264582
                }
            },
            {
                "time": {
                    "start": "2018-02-05T16:26:52.492Z",
                    "end": "2018-02-05T16:28:17.059Z"
                },
                "type": "SCRUB",
                "source": "data:drag",
                "_t": "09:26:52",
                "_end": "09:28:17",
                "data": {
                    "time": 80.439361
                }
            },
            {
                "time": {
                    "start": "2018-02-05T16:26:52.492Z",
                    "end": "2018-02-05T16:28:17.747Z"
                },
                "type": "SCRUB",
                "source": "data:drag",
                "_t": "09:26:52",
                "_end": "09:28:17",
                "data": {
                    "time": 82.277833
                }
            },
            {
                "time": "2018-02-05T16:28:19.579Z",
                "type": "CHANGE-PLAYBACK-RATE",
                "source": "video:menu",
                "_t": "09:28:19",
                "_end": "-",
                "data": {
                    "oldRate": 1,
                    "newRate": 2
                }
            },
            {
                "time": {
                    "start": "2018-02-05T16:26:52.492Z",
                    "end": "2018-02-05T16:28:20.858Z"
                },
                "type": "SCRUB",
                "source": "data:drag",
                "_t": "09:26:52",
                "_end": "09:28:20",
                "data": {
                    "time": 86.085121
                }
            },
            {
                "time": {
                    "start": "2018-02-05T16:26:52.492Z",
                    "end": "2018-02-05T16:28:24.002Z"
                },
                "type": "SCRUB",
                "source": "data:drag",
                "_t": "09:26:52",
                "_end": "09:28:24",
                "data": {
                    "time": 90.85838
                }
            },
            {
                "time": {
                    "start": "2018-02-05T16:26:52.492Z",
                    "end": "2018-02-05T16:28:25.155Z"
                },
                "type": "SCRUB",
                "source": "data:drag",
                "_t": "09:26:52",
                "_end": "09:28:25",
                "data": {
                    "time": 92.470001
                }
            },
            {
                "time": {
                    "start": "2018-02-05T16:26:52.492Z",
                    "end": "2018-02-05T16:28:26.259Z"
                },
                "type": "SCRUB",
                "source": "data:drag",
                "_t": "09:26:52",
                "_end": "09:28:26",
                "data": {
                    "time": 93.907812
                }
            },
            {
                "time": {
                    "start": "2018-02-05T16:26:52.492Z",
                    "end": "2018-02-05T16:28:27.451Z"
                },
                "type": "SCRUB",
                "source": "data:drag",
                "_t": "09:26:52",
                "_end": "09:28:27",
                "data": {
                    "time": 95.634136
                }
            },
            {
                "time": {
                    "start": "2018-02-05T16:26:52.492Z",
                    "end": "2018-02-05T16:28:28.748Z"
                },
                "type": "SCRUB",
                "source": "data:drag",
                "_t": "09:26:52",
                "_end": "09:28:28",
                "data": {
                    "time": 97.528639
                }
            },
            {
                "time": {
                    "start": "2018-02-05T16:26:52.492Z",
                    "end": "2018-02-05T16:28:29.643Z"
                },
                "type": "SCRUB",
                "source": "data:drag",
                "_t": "09:26:52",
                "_end": "09:28:29",
                "data": {
                    "time": 98.956409
                }
            },
            {
                "time": {
                    "start": "2018-02-05T16:26:52.492Z",
                    "end": "2018-02-05T16:28:30.467Z"
                },
                "type": "SCRUB",
                "source": "data:drag",
                "_t": "09:26:52",
                "_end": "09:28:30",
                "data": {
                    "time": 99.433524
                }
            },
            {
                "time": {
                    "start": "2018-02-05T16:26:52.492Z",
                    "end": "2018-02-05T16:28:31.386Z"
                },
                "type": "SCRUB",
                "source": "data:drag",
                "_t": "09:26:52",
                "_end": "09:28:31",
                "data": {
                    "time": 100.693714
                }
            },
            {
                "time": {
                    "start": "2018-02-05T16:26:52.492Z",
                    "end": "2018-02-05T16:28:35.236Z"
                },
                "type": "SCRUB",
                "source": "data:drag",
                "_t": "09:26:52",
                "_end": "09:28:35",
                "data": {
                    "time": 108.149513
                }
            },
            {
                "time": {
                    "start": "2018-02-05T16:26:52.492Z",
                    "end": "2018-02-05T16:28:36.083Z"
                },
                "type": "SCRUB",
                "source": "data:drag",
                "_t": "09:26:52",
                "_end": "09:28:36",
                "data": {
                    "time": 110.408213
                }
            },
            {
                "time": {
                    "start": "2018-02-05T16:26:52.492Z",
                    "end": "2018-02-05T16:28:36.987Z"
                },
                "type": "SCRUB",
                "source": "data:drag",
                "_t": "09:26:52",
                "_end": "09:28:36",
                "data": {
                    "time": 113.077352
                }
            },
            {
                "time": {
                    "start": "2018-02-05T16:26:52.492Z",
                    "end": "2018-02-05T16:28:38.869Z"
                },
                "type": "SCRUB",
                "source": "data:drag",
                "_t": "09:26:52",
                "_end": "09:28:38",
                "data": {
                    "time": 112.635382
                }
            },
            {
                "time": "2018-02-05T16:28:39.110Z",
                "type": "PAUSE",
                "source": "video:button",
                "_t": "09:28:39",
                "_end": "-"
            },
            {
                "time": "2018-02-05T16:28:39.741Z",
                "type": "PLAY",
                "source": "video:button",
                "_t": "09:28:39",
                "_end": "-"
            },
            {
                "time": "2018-02-05T16:28:40.188Z",
                "type": "PAUSE",
                "source": "video:button",
                "_t": "09:28:40",
                "_end": "-"
            },
            {
                "time": {
                    "start": "2018-02-05T16:26:52.492Z",
                    "end": "2018-02-05T16:28:43.091Z"
                },
                "type": "SCRUB",
                "source": "data:drag",
                "_t": "09:26:52",
                "_end": "09:28:43",
                "data": {
                    "time": 113.886624
                }
            },
            {
                "time": "2018-02-05T16:28:43.524Z",
                "type": "PLAY",
                "source": "video:button",
                "_t": "09:28:43",
                "_end": "-"
            },
            {
                "time": "2018-02-05T16:28:46.812Z",
                "type": "PAUSE",
                "source": "video:button",
                "_t": "09:28:46",
                "_end": "-"
            },
            {
                "time": {
                    "start": "2018-02-05T16:26:52.492Z",
                    "end": "2018-02-05T16:28:47.684Z"
                },
                "type": "SCRUB",
                "source": "data:drag",
                "_t": "09:26:52",
                "_end": "09:28:47",
                "data": {
                    "time": 120.450866
                }
            },
            {
                "time": "2018-02-05T16:28:49.332Z",
                "type": "CHANGE-PLAYBACK-RATE",
                "source": "video:button",
                "_t": "09:28:49",
                "_end": "-",
                "data": {
                    "oldRate": 2,
                    "newRate": 0.25
                }
            },
            {
                "time": {
                    "start": "2018-02-05T16:28:52.391Z",
                    "end": "2018-02-05T16:28:52.510Z"
                },
                "type": "SCRUB",
                "source": "video:drag",
                "_t": "09:28:52",
                "_end": "09:28:52",
                "data": {
                    "to": 115.282577,
                    "from": 120.450866
                }
            },
            {
                "time": "2018-02-05T16:28:53.180Z",
                "type": "PLAY",
                "source": "video:button",
                "_t": "09:28:53",
                "_end": "-"
            },
            {
                "time": "2018-02-05T16:28:58.379Z",
                "type": "PAUSE",
                "source": "video:button",
                "_t": "09:28:58",
                "_end": "-"
            },
            {
                "time": "2018-02-05T16:28:58.957Z",
                "type": "PLAY",
                "source": "video:button",
                "_t": "09:28:58",
                "_end": "-"
            },
            {
                "time": "2018-02-05T16:29:06.652Z",
                "type": "CHANGE-PLAYBACK-RATE",
                "source": "video:menu",
                "_t": "09:29:06",
                "_end": "-",
                "data": {
                    "oldRate": 0.25,
                    "newRate": 0.5
                }
            },
            {
                "time": "2018-02-05T16:29:07.763Z",
                "type": "PAUSE",
                "source": "video:button",
                "_t": "09:29:07",
                "_end": "-"
            },
            {
                "time": "2018-02-05T16:29:08.204Z",
                "type": "PLAY",
                "source": "video:button",
                "_t": "09:29:08",
                "_end": "-"
            },
            {
                "time": "2018-02-05T16:29:10.140Z",
                "type": "PAUSE",
                "source": "video:button",
                "_t": "09:29:10",
                "_end": "-"
            },
            {
                "time": {
                    "start": "2018-02-05T16:26:52.492Z",
                    "end": "2018-02-05T16:29:10.838Z"
                },
                "type": "SCRUB",
                "source": "data:drag",
                "_t": "09:26:52",
                "_end": "09:29:10",
                "data": {
                    "time": 119.992221
                }
            },
            {
                "time": {
                    "start": "2018-02-05T16:26:52.492Z",
                    "end": "2018-02-05T16:29:12.493Z"
                },
                "type": "SCRUB",
                "source": "data:drag",
                "_t": "09:26:52",
                "_end": "09:29:12",
                "data": {
                    "time": 119.992221
                }
            },
            {
                "time": {
                    "start": "2018-02-05T16:26:52.492Z",
                    "end": "2018-02-05T16:29:15.572Z"
                },
                "type": "SCRUB",
                "source": "data:drag",
                "_t": "09:26:52",
                "_end": "09:29:15",
                "data": {
                    "time": 119.992221
                }
            },
            {
                "time": "2018-02-05T16:29:18.620Z",
                "type": "PLAY",
                "source": "video:button",
                "_t": "09:29:18",
                "_end": "-"
            },
            {
                "time": "2018-02-05T16:29:21.068Z",
                "type": "CHANGE-PLAYBACK-RATE",
                "source": "video:menu",
                "_t": "09:29:21",
                "_end": "-",
                "data": {
                    "oldRate": 0.5,
                    "newRate": 2
                }
            },
            {
                "time": {
                    "start": "2018-02-05T16:29:24.023Z",
                    "end": "2018-02-05T16:29:24.138Z"
                },
                "type": "SCRUB",
                "source": "video:drag",
                "_t": "09:29:24",
                "_end": "09:29:24",
                "data": {
                    "to": 140.367212,
                    "from": 127.002528
                }
            },
            {
                "time": {
                    "start": "2018-02-05T16:29:24.979Z",
                    "end": "2018-02-05T16:29:25.079Z"
                },
                "type": "SCRUB",
                "source": "video:drag",
                "_t": "09:29:24",
                "_end": "09:29:25",
                "data": {
                    "to": 157.446112,
                    "from": 141.888094
                }
            },
            {
                "time": {
                    "start": "2018-02-05T16:29:27.066Z",
                    "end": "2018-02-05T16:29:27.165Z"
                },
                "type": "SCRUB",
                "source": "video:drag",
                "_t": "09:29:27",
                "_end": "09:29:27",
                "data": {
                    "to": 173.457581,
                    "from": 161.226444
                }
            },
            {
                "time": {
                    "start": "2018-02-05T16:29:28.376Z",
                    "end": "2018-02-05T16:29:28.483Z"
                },
                "type": "SCRUB",
                "source": "video:drag",
                "_t": "09:29:28",
                "_end": "09:29:28",
                "data": {
                    "to": 165.451847,
                    "from": 175.696053
                }
            },
            {
                "time": "2018-02-05T16:29:31.020Z",
                "type": "PAUSE",
                "source": "video:button",
                "_t": "09:29:31",
                "_end": "-"
            },
            {
                "time": "2018-02-05T16:29:31.556Z",
                "type": "PLAY",
                "source": "video:button",
                "_t": "09:29:31",
                "_end": "-"
            },
            {
                "time": "2018-02-05T16:29:31.932Z",
                "type": "PAUSE",
                "source": "video:button",
                "_t": "09:29:31",
                "_end": "-"
            },
            {
                "time": {
                    "start": "2018-02-05T16:26:52.492Z",
                    "end": "2018-02-05T16:29:38.916Z"
                },
                "type": "SCRUB",
                "source": "data:drag",
                "_t": "09:26:52",
                "_end": "09:29:38",
                "data": {
                    "time": 171.1396
                }
            },
            {
                "time": "2018-02-05T16:29:39.685Z",
                "type": "PLAY",
                "source": "video:button",
                "_t": "09:29:39",
                "_end": "-"
            },
            {
                "time": "2018-02-05T16:29:41.711Z",
                "type": "PAUSE",
                "source": "video:button",
                "_t": "09:29:41",
                "_end": "-"
            },
            {
                "time": "2018-02-05T16:29:42.364Z",
                "type": "PLAY",
                "source": "video:button",
                "_t": "09:29:42",
                "_end": "-"
            },
            {
                "time": "2018-02-05T16:29:43.142Z",
                "type": "PAUSE",
                "source": "video:button",
                "_t": "09:29:43",
                "_end": "-"
            },
            {
                "time": "2018-02-05T16:29:44.324Z",
                "type": "CHANGE-PLAYBACK-RATE",
                "source": "video:menu",
                "_t": "09:29:44",
                "_end": "-",
                "data": {
                    "oldRate": 2,
                    "newRate": 1
                }
            },
            {
                "time": "2018-02-05T16:29:44.852Z",
                "type": "PLAY",
                "source": "video:button",
                "_t": "09:29:44",
                "_end": "-"
            },
            {
                "time": "2018-02-05T16:29:45.310Z",
                "type": "PAUSE",
                "source": "video:button",
                "_t": "09:29:45",
                "_end": "-"
            },
            {
                "time": {
                    "start": "2018-02-05T16:26:52.492Z",
                    "end": "2018-02-05T16:29:46.732Z"
                },
                "type": "SCRUB",
                "source": "data:drag",
                "_t": "09:26:52",
                "_end": "09:29:46",
                "data": {
                    "time": 177.353134
                }
            },
            {
                "time": {
                    "start": "2018-02-05T16:26:52.492Z",
                    "end": "2018-02-05T16:29:48.298Z"
                },
                "type": "SCRUB",
                "source": "data:drag",
                "_t": "09:26:52",
                "_end": "09:29:48",
                "data": {
                    "time": 177.353134
                }
            },
            {
                "time": "2018-02-05T16:29:48.725Z",
                "type": "PLAY",
                "source": "video:button",
                "_t": "09:29:48",
                "_end": "-"
            },
            {
                "time": "2018-02-05T16:29:52.196Z",
                "type": "CHANGE-PLAYBACK-RATE",
                "source": "video:menu",
                "_t": "09:29:52",
                "_end": "-",
                "data": {
                    "oldRate": 1,
                    "newRate": 2
                }
            },
            {
                "time": {
                    "start": "2018-02-05T16:26:52.492Z",
                    "end": "2018-02-05T16:29:52.980Z"
                },
                "type": "SCRUB",
                "source": "data:drag",
                "_t": "09:26:52",
                "_end": "09:29:52",
                "data": {
                    "time": 182.325041
                }
            },
            {
                "time": {
                    "start": "2018-02-05T16:29:56.024Z",
                    "end": "2018-02-05T16:29:56.163Z"
                },
                "type": "SCRUB",
                "source": "video:drag",
                "_t": "09:29:56",
                "_end": "09:29:56",
                "data": {
                    "to": 203.879372,
                    "from": 188.40312
                }
            },
            {
                "time": {
                    "start": "2018-02-05T16:29:56.832Z",
                    "end": "2018-02-05T16:29:56.933Z"
                },
                "type": "SCRUB",
                "source": "video:drag",
                "_t": "09:29:56",
                "_end": "09:29:56",
                "data": {
                    "to": 215.621116,
                    "from": 204.922084
                }
            },
            {
                "time": {
                    "start": "2018-02-05T16:29:57.371Z",
                    "end": "2018-02-05T16:29:57.475Z"
                },
                "type": "SCRUB",
                "source": "video:drag",
                "_t": "09:29:57",
                "_end": "09:29:57",
                "data": {
                    "to": 230.565154,
                    "from": 216.355259
                }
            },
            {
                "time": {
                    "start": "2018-02-05T16:29:58.156Z",
                    "end": "2018-02-05T16:29:58.268Z"
                },
                "type": "SCRUB",
                "source": "video:drag",
                "_t": "09:29:58",
                "_end": "09:29:58",
                "data": {
                    "to": 242.840614,
                    "from": 231.649499
                }
            },
            {
                "time": {
                    "start": "2018-02-05T16:29:58.895Z",
                    "end": "2018-02-05T16:29:59.019Z"
                },
                "type": "SCRUB",
                "source": "video:drag",
                "_t": "09:29:58",
                "_end": "09:29:59",
                "data": {
                    "to": 256.183505,
                    "from": 243.732453
                }
            },
            {
                "time": {
                    "start": "2018-02-05T16:29:59.728Z",
                    "end": "2018-02-05T16:29:59.836Z"
                },
                "type": "SCRUB",
                "source": "video:drag",
                "_t": "09:29:59",
                "_end": "09:29:59",
                "data": {
                    "to": 271.127542,
                    "from": 257.446748
                }
            },
            {
                "time": {
                    "start": "2018-02-05T16:30:01.017Z",
                    "end": "2018-02-05T16:30:01.116Z"
                },
                "type": "SCRUB",
                "source": "video:drag",
                "_t": "09:30:01",
                "_end": "09:30:01",
                "data": {
                    "to": 290.341305,
                    "from": 273.1165
                }
            },
            {
                "time": {
                    "start": "2018-02-05T16:30:02.647Z",
                    "end": "2018-02-05T16:30:02.731Z"
                },
                "type": "SCRUB",
                "source": "video:drag",
                "_t": "09:30:02",
                "_end": "09:30:02",
                "data": {
                    "to": 308.487637,
                    "from": 292.986708
                }
            }
        ]
    }
}