{
    "user_id": "046",
    "session_id": "5a78823bee2b1975ba835b71",
    "study": "studyC",
    "workspace": "pill.pills-orange",
    "details": {
        "workspace": "pill.pills-orange",
        "labels": [
            {
                "time": 59.733372000005836,
                "endTime": 65.03786431679956,
                "type": "move",
                "id": 1
            },
            {
                "time": 113.79444653778299,
                "endTime": 119.99506178850223,
                "type": "move",
                "id": 2
            },
            {
                "time": 171.01631399999246,
                "endTime": 177.42925334215818,
                "type": "pill",
                "id": 3
            }
        ],
        "_starts": [
            "2018-02-05T16:28:42.000Z"
        ],
        "_ends": [
            "2018-02-05T16:31:58.047Z"
        ]
    },
    "labels_file": "/home/ubuntu/vat/data/user-studies/studyC/pill-orange/046.labels.json",
    "videoFlash": 2.237407,
    "surveys": {
        "user-info": {
            "firstname": "Gibson",
            "lastname": "Ainge",
            "email": "gainge@gmail.com"
        },
        "practice-first": {
            "question1": "5",
            "question2": "ok",
            "question3": "100",
            "question4": "5"
        },
        "practice-second": {},
        "practice-third": {},
        "practice-survey": {},
        "pill-blue": {
            "question1": "5",
            "question2": "4",
            "question3": "90",
            "question4": "90"
        },
        "pill-red": {
            "question1": "2",
            "question2": "4",
            "question3": "80",
            "question4": "100"
        }
    },
    "logs": {
        "labelEvents": [
            {
                "time": "2018-02-05T16:29:21.898Z",
                "type": "START",
                "source": "hotkey",
                "_t": "09:29:21",
                "_end": "-",
                "data": {
                    "type": "move",
                    "time": 59.733372
                }
            },
            {
                "time": "2018-02-05T16:29:26.778Z",
                "type": "START",
                "source": "hotkey",
                "_t": "09:29:26",
                "_end": "-",
                "data": {
                    "type": "move",
                    "time": 60.281552
                }
            },
            {
                "time": "2018-02-05T16:29:34.492Z",
                "type": "END",
                "source": "data:click:h_pos",
                "_t": "09:29:34",
                "_end": "-",
                "data": {
                    "lbl": {
                        "time": 60.281552,
                        "endTime": 64.921692577272,
                        "type": "move",
                        "id": 2
                    }
                }
            },
            {
                "time": "2018-02-05T16:29:38.061Z",
                "type": "SELECT",
                "source": "data:click",
                "_t": "09:29:38",
                "_end": "-",
                "data": {
                    "time": 59.733372000005836,
                    "endTime": 65.03786431679956,
                    "type": "move",
                    "id": 1
                }
            },
            {
                "time": "2018-02-05T16:29:39.067Z",
                "type": "DESELECT",
                "source": "data:click",
                "_t": "09:29:39",
                "_end": "-",
                "data": {
                    "time": 59.733372,
                    "endTime": 60.281552,
                    "type": "move",
                    "id": 1
                }
            },
            {
                "time": "2018-02-05T16:29:39.652Z",
                "type": "SELECT",
                "source": "data:click",
                "_t": "09:29:39",
                "_end": "-",
                "data": {
                    "time": 60.281552,
                    "endTime": 64.921692577272,
                    "type": "move",
                    "id": 2
                }
            },
            {
                "time": "2018-02-05T16:29:41.667Z",
                "type": "DELETE",
                "source": "side-bar:button",
                "_t": "09:29:41",
                "_end": "-",
                "data": {
                    "id": 2,
                    "idx": 1
                }
            },
            {
                "time": "2018-02-05T16:29:42.422Z",
                "type": "SELECT",
                "source": "data:click",
                "_t": "09:29:42",
                "_end": "-",
                "data": {
                    "time": 59.733372000005836,
                    "endTime": 65.03786431679956,
                    "type": "move",
                    "id": 1
                }
            },
            {
                "time": {
                    "start": "2018-02-05T16:29:43.061Z",
                    "end": "2018-02-05T16:29:45.186Z"
                },
                "type": "RESIZE",
                "source": "data:brush",
                "_t": "09:29:43",
                "_end": "09:29:45",
                "data": {
                    "brushing": true,
                    "origin": [
                        59.733372,
                        60.281552
                    ],
                    "_brushside": 1,
                    "start": "2018-02-05T16:29:43.061Z",
                    "ε": 0.1,
                    "mode": "resize"
                }
            },
            {
                "time": "2018-02-05T16:29:47.284Z",
                "type": "DESELECT",
                "source": "data:click",
                "_t": "09:29:47",
                "_end": "-",
                "data": {
                    "time": 59.733372000005836,
                    "endTime": 65.03786431679956,
                    "type": "move",
                    "id": 1
                }
            },
            {
                "time": "2018-02-05T16:30:09.458Z",
                "type": "START",
                "source": "side-bar:button",
                "_t": "09:30:09",
                "_end": "-",
                "data": {
                    "type": "move",
                    "time": 113.817058
                }
            },
            {
                "time": "2018-02-05T16:30:23.005Z",
                "type": "END",
                "source": "data:click:h_pos",
                "_t": "09:30:23",
                "_end": "-",
                "data": {
                    "lbl": {
                        "time": 113.79444653778299,
                        "endTime": 119.99506178850223,
                        "type": "move",
                        "id": 2
                    }
                }
            },
            {
                "time": "2018-02-05T16:30:24.740Z",
                "type": "SELECT",
                "source": "data:click",
                "_t": "09:30:24",
                "_end": "-",
                "data": {
                    "time": 113.79444653778299,
                    "endTime": 119.99506178850223,
                    "type": "move",
                    "id": 2
                }
            },
            {
                "time": "2018-02-05T16:30:26.636Z",
                "type": "DESELECT",
                "source": "data:click",
                "_t": "09:30:26",
                "_end": "-",
                "data": {
                    "time": 113.817058,
                    "endTime": 120.24143333076654,
                    "type": "move",
                    "id": 2
                }
            },
            {
                "time": "2018-02-05T16:30:29.165Z",
                "type": "SELECT",
                "source": "data:click",
                "_t": "09:30:29",
                "_end": "-",
                "data": {
                    "time": 113.79444653778299,
                    "endTime": 119.99506178850223,
                    "type": "move",
                    "id": 2
                }
            },
            {
                "time": {
                    "start": "2018-02-05T16:30:32.397Z",
                    "end": "2018-02-05T16:30:34.531Z"
                },
                "type": "RESIZE",
                "source": "data:brush",
                "_t": "09:30:32",
                "_end": "09:30:34",
                "data": {
                    "brushing": true,
                    "origin": [
                        113.817058,
                        120.24143333076654
                    ],
                    "start": "2018-02-05T16:30:32.397Z",
                    "ε": 0.1,
                    "mode": "resize"
                }
            },
            {
                "time": "2018-02-05T16:30:35.836Z",
                "type": "DESELECT",
                "source": "data:click",
                "_t": "09:30:35",
                "_end": "-",
                "data": {
                    "time": 113.76733353776845,
                    "endTime": 120.24143333077362,
                    "type": "move",
                    "id": 2
                }
            },
            {
                "time": "2018-02-05T16:30:42.044Z",
                "type": "SELECT",
                "source": "data:click",
                "_t": "09:30:42",
                "_end": "-",
                "data": {
                    "time": 113.79444653778299,
                    "endTime": 119.99506178850223,
                    "type": "move",
                    "id": 2
                }
            },
            {
                "time": {
                    "start": "2018-02-05T16:30:43.093Z",
                    "end": "2018-02-05T16:30:46.604Z"
                },
                "type": "RESIZE",
                "source": "data:brush",
                "_t": "09:30:43",
                "_end": "09:30:46",
                "data": {
                    "brushing": true,
                    "origin": [
                        113.76733353776845,
                        120.24143333077362
                    ],
                    "_brushside": 1,
                    "start": "2018-02-05T16:30:43.093Z",
                    "ε": 0.1,
                    "mode": "resize"
                }
            },
            {
                "time": "2018-02-05T16:30:46.894Z",
                "type": "DESELECT",
                "source": "data:click",
                "_t": "09:30:46",
                "_end": "-",
                "data": {
                    "time": 113.79444653778299,
                    "endTime": 119.99506178850223,
                    "type": "move",
                    "id": 2
                }
            },
            {
                "time": "2018-02-05T16:31:14.253Z",
                "type": "START",
                "source": "hotkey",
                "_t": "09:31:14",
                "_end": "-",
                "data": {
                    "type": "pill",
                    "time": 171.016314
                }
            },
            {
                "time": "2018-02-05T16:31:23.510Z",
                "type": "END",
                "source": "data:click:h_pos",
                "_t": "09:31:23",
                "_end": "-",
                "data": {
                    "lbl": {
                        "time": 171.01631399999246,
                        "endTime": 177.42925334215818,
                        "type": "pill",
                        "id": 3
                    }
                }
            },
            {
                "time": "2018-02-05T16:31:34.566Z",
                "type": "SELECT",
                "source": "data:click",
                "_t": "09:31:34",
                "_end": "-",
                "data": {
                    "time": 171.01631399999246,
                    "endTime": 177.42925334215818,
                    "type": "pill",
                    "id": 3
                }
            },
            {
                "time": "2018-02-05T16:31:36.006Z",
                "type": "DESELECT",
                "source": "data:click",
                "_t": "09:31:36",
                "_end": "-",
                "data": {
                    "time": 171.016314,
                    "endTime": 177.67787565331344,
                    "type": "pill",
                    "id": 3
                }
            },
            {
                "time": "2018-02-05T16:31:37.214Z",
                "type": "SELECT",
                "source": "data:click",
                "_t": "09:31:37",
                "_end": "-",
                "data": {
                    "time": 171.01631399999246,
                    "endTime": 177.42925334215818,
                    "type": "pill",
                    "id": 3
                }
            },
            {
                "time": {
                    "start": "2018-02-05T16:31:38.447Z",
                    "end": "2018-02-05T16:31:39.884Z"
                },
                "type": "RESIZE",
                "source": "data:brush",
                "_t": "09:31:38",
                "_end": "09:31:39",
                "data": {
                    "brushing": true,
                    "origin": [
                        171.016314,
                        177.67787565331344
                    ],
                    "_brushside": 1,
                    "start": "2018-02-05T16:31:38.447Z",
                    "ε": 0.1,
                    "mode": "resize"
                }
            },
            {
                "time": "2018-02-05T16:31:40.281Z",
                "type": "DESELECT",
                "source": "data:click",
                "_t": "09:31:40",
                "_end": "-",
                "data": {
                    "time": 171.01631399999246,
                    "endTime": 177.42925334215818,
                    "type": "pill",
                    "id": 3
                }
            }
        ],
        "navigationEvents": [
            {
                "time": "2018-02-05T16:28:58.364Z",
                "type": "PLAY",
                "source": "hotkey",
                "_t": "09:28:58",
                "_end": "-",
                "data": {
                    "key": "space"
                }
            },
            {
                "time": {
                    "start": "2018-02-05T16:28:42.755Z",
                    "end": "2018-02-05T16:29:01.008Z"
                },
                "type": "SCRUB",
                "source": "data:drag",
                "_t": "09:28:42",
                "_end": "09:29:01",
                "data": {
                    "time": 28.813206
                }
            },
            {
                "time": "2018-02-05T16:29:03.826Z",
                "type": "CHANGE-PLAYBACK-RATE",
                "source": "video:menu",
                "_t": "09:29:03",
                "_end": "-",
                "data": {
                    "oldRate": 1,
                    "newRate": 2
                }
            },
            {
                "time": {
                    "start": "2018-02-05T16:28:42.755Z",
                    "end": "2018-02-05T16:29:05.888Z"
                },
                "type": "SCRUB",
                "source": "data:drag",
                "_t": "09:28:42",
                "_end": "09:29:05",
                "data": {
                    "time": 36.212848
                }
            },
            {
                "time": {
                    "start": "2018-02-05T16:28:42.755Z",
                    "end": "2018-02-05T16:29:06.280Z"
                },
                "type": "SCRUB",
                "source": "data:drag",
                "_t": "09:28:42",
                "_end": "09:29:06",
                "data": {
                    "time": 37.02087
                }
            },
            {
                "time": {
                    "start": "2018-02-05T16:28:42.755Z",
                    "end": "2018-02-05T16:29:06.769Z"
                },
                "type": "SCRUB",
                "source": "data:drag",
                "_t": "09:28:42",
                "_end": "09:29:06",
                "data": {
                    "time": 43.609361
                }
            },
            {
                "time": {
                    "start": "2018-02-05T16:28:42.755Z",
                    "end": "2018-02-05T16:29:07.462Z"
                },
                "type": "SCRUB",
                "source": "data:drag",
                "_t": "09:28:42",
                "_end": "09:29:07",
                "data": {
                    "time": 50.607961
                }
            },
            {
                "time": {
                    "start": "2018-02-05T16:28:42.755Z",
                    "end": "2018-02-05T16:29:08.010Z"
                },
                "type": "SCRUB",
                "source": "data:drag",
                "_t": "09:28:42",
                "_end": "09:29:08",
                "data": {
                    "time": 66.146855
                }
            },
            {
                "time": {
                    "start": "2018-02-05T16:28:42.755Z",
                    "end": "2018-02-05T16:29:09.554Z"
                },
                "type": "SCRUB",
                "source": "data:drag",
                "_t": "09:28:42",
                "_end": "09:29:09",
                "data": {
                    "time": 62.660985
                }
            },
            {
                "time": {
                    "start": "2018-02-05T16:28:42.755Z",
                    "end": "2018-02-05T16:29:10.242Z"
                },
                "type": "SCRUB",
                "source": "data:drag",
                "_t": "09:28:42",
                "_end": "09:29:10",
                "data": {
                    "time": 60.344056
                }
            },
            {
                "time": {
                    "start": "2018-02-05T16:28:42.755Z",
                    "end": "2018-02-05T16:29:11.042Z"
                },
                "type": "SCRUB",
                "source": "data:drag",
                "_t": "09:28:42",
                "_end": "09:29:11",
                "data": {
                    "time": 57.349812
                }
            },
            {
                "time": {
                    "start": "2018-02-05T16:28:42.755Z",
                    "end": "2018-02-05T16:29:11.729Z"
                },
                "type": "SCRUB",
                "source": "data:drag",
                "_t": "09:28:42",
                "_end": "09:29:11",
                "data": {
                    "time": 54.165671
                }
            },
            {
                "time": "2018-02-05T16:29:15.051Z",
                "type": "PAUSE",
                "source": "hotkey",
                "_t": "09:29:15",
                "_end": "-",
                "data": {
                    "key": "space"
                }
            },
            {
                "time": "2018-02-05T16:29:17.289Z",
                "type": "CHANGE-PLAYBACK-RATE",
                "source": "video:menu",
                "_t": "09:29:17",
                "_end": "-",
                "data": {
                    "oldRate": 2,
                    "newRate": 1
                }
            },
            {
                "time": {
                    "start": "2018-02-05T16:28:42.755Z",
                    "end": "2018-02-05T16:29:18.818Z"
                },
                "type": "SCRUB",
                "source": "data:drag",
                "_t": "09:28:42",
                "_end": "09:29:18",
                "data": {
                    "time": 59.733372
                }
            },
            {
                "time": "2018-02-05T16:29:25.195Z",
                "type": "PLAY",
                "source": "hotkey",
                "_t": "09:29:25",
                "_end": "-",
                "data": {
                    "key": "space"
                }
            },
            {
                "time": "2018-02-05T16:29:25.803Z",
                "type": "PAUSE",
                "source": "hotkey",
                "_t": "09:29:25",
                "_end": "-",
                "data": {
                    "key": "space"
                }
            },
            {
                "time": "2018-02-05T16:29:27.995Z",
                "type": "PLAY",
                "source": "hotkey",
                "_t": "09:29:27",
                "_end": "-",
                "data": {
                    "key": "space"
                }
            },
            {
                "time": "2018-02-05T16:29:32.746Z",
                "type": "PAUSE",
                "source": "hotkey",
                "_t": "09:29:32",
                "_end": "-",
                "data": {
                    "key": "space"
                }
            },
            {
                "time": {
                    "start": "2018-02-05T16:28:42.755Z",
                    "end": "2018-02-05T16:29:34.490Z"
                },
                "type": "SCRUB",
                "source": "data:drag",
                "_t": "09:28:42",
                "_end": "09:29:34",
                "data": {
                    "time": 65.055846
                }
            },
            {
                "time": {
                    "start": "2018-02-05T16:28:42.755Z",
                    "end": "2018-02-05T16:29:38.059Z"
                },
                "type": "SCRUB",
                "source": "data:drag",
                "_t": "09:28:42",
                "_end": "09:29:38",
                "data": {
                    "time": 65.055846
                }
            },
            {
                "time": {
                    "start": "2018-02-05T16:28:42.755Z",
                    "end": "2018-02-05T16:29:39.067Z"
                },
                "type": "SCRUB",
                "source": "data:drag",
                "_t": "09:28:42",
                "_end": "09:29:39",
                "data": {
                    "time": 65.055846
                }
            },
            {
                "time": {
                    "start": "2018-02-05T16:28:42.755Z",
                    "end": "2018-02-05T16:29:39.650Z"
                },
                "type": "SCRUB",
                "source": "data:drag",
                "_t": "09:28:42",
                "_end": "09:29:39",
                "data": {
                    "time": 65.055846
                }
            },
            {
                "time": {
                    "start": "2018-02-05T16:28:42.755Z",
                    "end": "2018-02-05T16:29:42.418Z"
                },
                "type": "SCRUB",
                "source": "data:drag",
                "_t": "09:28:42",
                "_end": "09:29:42",
                "data": {
                    "time": 65.055846
                }
            },
            {
                "time": {
                    "start": "2018-02-05T16:28:42.755Z",
                    "end": "2018-02-05T16:29:45.194Z"
                },
                "type": "SCRUB",
                "source": "data:drag",
                "_t": "09:28:42",
                "_end": "09:29:45",
                "data": {
                    "time": 65.055846
                }
            },
            {
                "time": {
                    "start": "2018-02-05T16:28:42.755Z",
                    "end": "2018-02-05T16:29:45.805Z"
                },
                "type": "SCRUB",
                "source": "data:drag",
                "_t": "09:28:42",
                "_end": "09:29:45",
                "data": {
                    "time": 65.04256
                }
            },
            {
                "time": {
                    "start": "2018-02-05T16:28:42.755Z",
                    "end": "2018-02-05T16:29:46.517Z"
                },
                "type": "SCRUB",
                "source": "data:drag",
                "_t": "09:28:42",
                "_end": "09:29:46",
                "data": {
                    "time": 65.055844
                }
            },
            {
                "time": {
                    "start": "2018-02-05T16:28:42.755Z",
                    "end": "2018-02-05T16:29:47.282Z"
                },
                "type": "SCRUB",
                "source": "data:drag",
                "_t": "09:28:42",
                "_end": "09:29:47",
                "data": {
                    "time": 65.055843
                }
            },
            {
                "time": {
                    "start": "2018-02-05T16:28:42.755Z",
                    "end": "2018-02-05T16:29:49.130Z"
                },
                "type": "SCRUB",
                "source": "data:drag",
                "_t": "09:28:42",
                "_end": "09:29:49",
                "data": {
                    "time": 70.202324
                }
            },
            {
                "time": {
                    "start": "2018-02-05T16:28:42.755Z",
                    "end": "2018-02-05T16:29:49.801Z"
                },
                "type": "SCRUB",
                "source": "data:drag",
                "_t": "09:28:42",
                "_end": "09:29:49",
                "data": {
                    "time": 68.723021
                }
            },
            {
                "time": {
                    "start": "2018-02-05T16:28:42.755Z",
                    "end": "2018-02-05T16:29:50.658Z"
                },
                "type": "SCRUB",
                "source": "data:drag",
                "_t": "09:28:42",
                "_end": "09:29:50",
                "data": {
                    "time": 71.308693
                }
            },
            {
                "time": {
                    "start": "2018-02-05T16:28:42.755Z",
                    "end": "2018-02-05T16:29:51.280Z"
                },
                "type": "SCRUB",
                "source": "data:drag",
                "_t": "09:28:42",
                "_end": "09:29:51",
                "data": {
                    "time": 73.931658
                }
            },
            {
                "time": {
                    "start": "2018-02-05T16:28:42.755Z",
                    "end": "2018-02-05T16:29:51.738Z"
                },
                "type": "SCRUB",
                "source": "data:drag",
                "_t": "09:28:42",
                "_end": "09:29:51",
                "data": {
                    "time": 77.698286
                }
            },
            {
                "time": {
                    "start": "2018-02-05T16:28:42.755Z",
                    "end": "2018-02-05T16:29:52.297Z"
                },
                "type": "SCRUB",
                "source": "data:drag",
                "_t": "09:28:42",
                "_end": "09:29:52",
                "data": {
                    "time": 81.09198
                }
            },
            {
                "time": {
                    "start": "2018-02-05T16:28:42.755Z",
                    "end": "2018-02-05T16:29:53.492Z"
                },
                "type": "SCRUB",
                "source": "data:drag",
                "_t": "09:28:42",
                "_end": "09:29:53",
                "data": {
                    "time": 84.858608
                }
            },
            {
                "time": {
                    "start": "2018-02-05T16:28:42.755Z",
                    "end": "2018-02-05T16:29:54.182Z"
                },
                "type": "SCRUB",
                "source": "data:drag",
                "_t": "09:28:42",
                "_end": "09:29:54",
                "data": {
                    "time": 87.021622
                }
            },
            {
                "time": {
                    "start": "2018-02-05T16:28:42.755Z",
                    "end": "2018-02-05T16:29:54.741Z"
                },
                "type": "SCRUB",
                "source": "data:drag",
                "_t": "09:28:42",
                "_end": "09:29:54",
                "data": {
                    "time": 90.042383
                }
            },
            {
                "time": {
                    "start": "2018-02-05T16:28:42.755Z",
                    "end": "2018-02-05T16:29:55.361Z"
                },
                "type": "SCRUB",
                "source": "data:drag",
                "_t": "09:28:42",
                "_end": "09:29:55",
                "data": {
                    "time": 93.274473
                }
            },
            {
                "time": {
                    "start": "2018-02-05T16:28:42.755Z",
                    "end": "2018-02-05T16:29:55.994Z"
                },
                "type": "SCRUB",
                "source": "data:drag",
                "_t": "09:28:42",
                "_end": "09:29:55",
                "data": {
                    "time": 96.083905
                }
            },
            {
                "time": {
                    "start": "2018-02-05T16:28:42.755Z",
                    "end": "2018-02-05T16:29:56.603Z"
                },
                "type": "SCRUB",
                "source": "data:drag",
                "_t": "09:28:42",
                "_end": "09:29:56",
                "data": {
                    "time": 99.788377
                }
            },
            {
                "time": {
                    "start": "2018-02-05T16:28:42.755Z",
                    "end": "2018-02-05T16:29:57.119Z"
                },
                "type": "SCRUB",
                "source": "data:drag",
                "_t": "09:28:42",
                "_end": "09:29:57",
                "data": {
                    "time": 103.766333
                }
            },
            {
                "time": {
                    "start": "2018-02-05T16:28:42.755Z",
                    "end": "2018-02-05T16:29:59.259Z"
                },
                "type": "SCRUB",
                "source": "data:drag",
                "_t": "09:28:42",
                "_end": "09:29:59",
                "data": {
                    "time": 105.18348
                }
            },
            {
                "time": {
                    "start": "2018-02-05T16:28:42.755Z",
                    "end": "2018-02-05T16:29:59.872Z"
                },
                "type": "SCRUB",
                "source": "data:drag",
                "_t": "09:28:42",
                "_end": "09:29:59",
                "data": {
                    "time": 107.035716
                }
            },
            {
                "time": {
                    "start": "2018-02-05T16:28:42.755Z",
                    "end": "2018-02-05T16:30:01.289Z"
                },
                "type": "SCRUB",
                "source": "data:drag",
                "_t": "09:28:42",
                "_end": "09:30:01",
                "data": {
                    "time": 109.857658
                }
            },
            {
                "time": {
                    "start": "2018-02-05T16:28:42.755Z",
                    "end": "2018-02-05T16:30:01.883Z"
                },
                "type": "SCRUB",
                "source": "data:drag",
                "_t": "09:28:42",
                "_end": "09:30:01",
                "data": {
                    "time": 114.360757
                }
            },
            {
                "time": {
                    "start": "2018-02-05T16:28:42.755Z",
                    "end": "2018-02-05T16:30:02.739Z"
                },
                "type": "SCRUB",
                "source": "data:drag",
                "_t": "09:28:42",
                "_end": "09:30:02",
                "data": {
                    "time": 113.280013
                }
            },
            {
                "time": {
                    "start": "2018-02-05T16:28:42.755Z",
                    "end": "2018-02-05T16:30:03.426Z"
                },
                "type": "SCRUB",
                "source": "data:drag",
                "_t": "09:28:42",
                "_end": "09:30:03",
                "data": {
                    "time": 113.129909
                }
            },
            {
                "time": "2018-02-05T16:30:03.899Z",
                "type": "PLAY",
                "source": "hotkey",
                "_t": "09:30:03",
                "_end": "-",
                "data": {
                    "key": "space"
                }
            },
            {
                "time": "2018-02-05T16:30:04.475Z",
                "type": "PAUSE",
                "source": "hotkey",
                "_t": "09:30:04",
                "_end": "-",
                "data": {
                    "key": "space"
                }
            },
            {
                "time": "2018-02-05T16:30:06.843Z",
                "type": "PLAY",
                "source": "hotkey",
                "_t": "09:30:06",
                "_end": "-",
                "data": {
                    "key": "space"
                }
            },
            {
                "time": "2018-02-05T16:30:06.987Z",
                "type": "PAUSE",
                "source": "hotkey",
                "_t": "09:30:06",
                "_end": "-",
                "data": {
                    "key": "space"
                }
            },
            {
                "time": "2018-02-05T16:30:11.019Z",
                "type": "PLAY",
                "source": "hotkey",
                "_t": "09:30:11",
                "_end": "-",
                "data": {
                    "key": "space"
                }
            },
            {
                "time": "2018-02-05T16:30:17.435Z",
                "type": "PAUSE",
                "source": "hotkey",
                "_t": "09:30:17",
                "_end": "-",
                "data": {
                    "key": "space"
                }
            },
            {
                "time": {
                    "start": "2018-02-05T16:28:42.755Z",
                    "end": "2018-02-05T16:30:23.002Z"
                },
                "type": "SCRUB",
                "source": "data:drag",
                "_t": "09:28:42",
                "_end": "09:30:23",
                "data": {
                    "time": 120.226423
                }
            },
            {
                "time": {
                    "start": "2018-02-05T16:28:42.755Z",
                    "end": "2018-02-05T16:30:24.738Z"
                },
                "type": "SCRUB",
                "source": "data:drag",
                "_t": "09:28:42",
                "_end": "09:30:24",
                "data": {
                    "time": 120.226423
                }
            },
            {
                "time": {
                    "start": "2018-02-05T16:28:42.755Z",
                    "end": "2018-02-05T16:30:26.635Z"
                },
                "type": "SCRUB",
                "source": "data:drag",
                "_t": "09:28:42",
                "_end": "09:30:26",
                "data": {
                    "time": 120.226423
                }
            },
            {
                "time": {
                    "start": "2018-02-05T16:28:42.755Z",
                    "end": "2018-02-05T16:30:26.762Z"
                },
                "type": "SCRUB",
                "source": "data:drag",
                "_t": "09:28:42",
                "_end": "09:30:26",
                "data": {
                    "time": 120.226423
                }
            },
            {
                "time": "2018-02-05T16:30:26.768Z",
                "type": "JUMP",
                "source": "data:dblclick:h_pos",
                "_t": "09:30:26",
                "_end": "-",
                "data": {
                    "from": 120.226423,
                    "to": 113.78699110115406
                }
            },
            {
                "time": "2018-02-05T16:30:27.612Z",
                "type": "PLAY",
                "source": "hotkey",
                "_t": "09:30:27",
                "_end": "-",
                "data": {
                    "key": "space"
                }
            },
            {
                "time": "2018-02-05T16:30:28.075Z",
                "type": "PAUSE",
                "source": "hotkey",
                "_t": "09:30:28",
                "_end": "-",
                "data": {
                    "key": "space"
                }
            },
            {
                "time": {
                    "start": "2018-02-05T16:28:42.755Z",
                    "end": "2018-02-05T16:30:29.164Z"
                },
                "type": "SCRUB",
                "source": "data:drag",
                "_t": "09:28:42",
                "_end": "09:30:29",
                "data": {
                    "time": 114.195494
                }
            },
            {
                "time": {
                    "start": "2018-02-05T16:28:42.755Z",
                    "end": "2018-02-05T16:30:34.540Z"
                },
                "type": "SCRUB",
                "source": "data:drag",
                "_t": "09:28:42",
                "_end": "09:30:34",
                "data": {
                    "time": 114.195494
                }
            },
            {
                "time": {
                    "start": "2018-02-05T16:28:42.755Z",
                    "end": "2018-02-05T16:30:35.835Z"
                },
                "type": "SCRUB",
                "source": "data:drag",
                "_t": "09:28:42",
                "_end": "09:30:35",
                "data": {
                    "time": 114.195494
                }
            },
            {
                "time": {
                    "start": "2018-02-05T16:28:42.755Z",
                    "end": "2018-02-05T16:30:35.955Z"
                },
                "type": "SCRUB",
                "source": "data:drag",
                "_t": "09:28:42",
                "_end": "09:30:35",
                "data": {
                    "time": 114.195494
                }
            },
            {
                "time": "2018-02-05T16:30:35.961Z",
                "type": "JUMP",
                "source": "data:dblclick:h_pos",
                "_t": "09:30:35",
                "_end": "-",
                "data": {
                    "from": 114.195494,
                    "to": 120.14378279440328
                }
            },
            {
                "time": {
                    "start": "2018-02-05T16:28:42.755Z",
                    "end": "2018-02-05T16:30:37.882Z"
                },
                "type": "SCRUB",
                "source": "data:drag",
                "_t": "09:28:42",
                "_end": "09:30:37",
                "data": {
                    "time": 120.143782
                }
            },
            {
                "time": {
                    "start": "2018-02-05T16:28:42.755Z",
                    "end": "2018-02-05T16:30:37.994Z"
                },
                "type": "SCRUB",
                "source": "data:drag",
                "_t": "09:28:42",
                "_end": "09:30:37",
                "data": {
                    "time": 120.143782
                }
            },
            {
                "time": "2018-02-05T16:30:38.000Z",
                "type": "JUMP",
                "source": "data:dblclick:h_pos",
                "_t": "09:30:38",
                "_end": "-",
                "data": {
                    "from": 120.143782,
                    "to": 119.27981946873348
                }
            },
            {
                "time": "2018-02-05T16:30:38.396Z",
                "type": "PLAY",
                "source": "hotkey",
                "_t": "09:30:38",
                "_end": "-",
                "data": {
                    "key": "space"
                }
            },
            {
                "time": "2018-02-05T16:30:39.166Z",
                "type": "PAUSE",
                "source": "hotkey",
                "_t": "09:30:39",
                "_end": "-",
                "data": {
                    "key": "space"
                }
            },
            {
                "time": {
                    "start": "2018-02-05T16:28:42.755Z",
                    "end": "2018-02-05T16:30:42.042Z"
                },
                "type": "SCRUB",
                "source": "data:drag",
                "_t": "09:28:42",
                "_end": "09:30:42",
                "data": {
                    "time": 120.001572
                }
            },
            {
                "time": {
                    "start": "2018-02-05T16:28:42.755Z",
                    "end": "2018-02-05T16:30:46.612Z"
                },
                "type": "SCRUB",
                "source": "data:drag",
                "_t": "09:28:42",
                "_end": "09:30:46",
                "data": {
                    "time": 120.001572
                }
            },
            {
                "time": {
                    "start": "2018-02-05T16:28:42.755Z",
                    "end": "2018-02-05T16:30:46.892Z"
                },
                "type": "SCRUB",
                "source": "data:drag",
                "_t": "09:28:42",
                "_end": "09:30:46",
                "data": {
                    "time": 120.001572
                }
            },
            {
                "time": {
                    "start": "2018-02-05T16:28:42.755Z",
                    "end": "2018-02-05T16:30:49.491Z"
                },
                "type": "SCRUB",
                "source": "data:drag",
                "_t": "09:28:42",
                "_end": "09:30:49",
                "data": {
                    "time": 120.001572
                }
            },
            {
                "time": {
                    "start": "2018-02-05T16:28:42.755Z",
                    "end": "2018-02-05T16:30:49.796Z"
                },
                "type": "SCRUB",
                "source": "data:drag",
                "_t": "09:28:42",
                "_end": "09:30:49",
                "data": {
                    "time": 120.001572
                }
            },
            {
                "time": {
                    "start": "2018-02-05T16:28:42.755Z",
                    "end": "2018-02-05T16:30:49.915Z"
                },
                "type": "SCRUB",
                "source": "data:drag",
                "_t": "09:28:42",
                "_end": "09:30:49",
                "data": {
                    "time": 120.001572
                }
            },
            {
                "time": "2018-02-05T16:30:49.921Z",
                "type": "JUMP",
                "source": "data:dblclick:h_pos",
                "_t": "09:30:49",
                "_end": "-",
                "data": {
                    "from": 120.001572,
                    "to": 121.48759793223994
                }
            },
            {
                "time": {
                    "start": "2018-02-05T16:28:42.755Z",
                    "end": "2018-02-05T16:30:50.435Z"
                },
                "type": "SCRUB",
                "source": "data:drag",
                "_t": "09:28:42",
                "_end": "09:30:50",
                "data": {
                    "time": 121.487597
                }
            },
            {
                "time": {
                    "start": "2018-02-05T16:28:42.755Z",
                    "end": "2018-02-05T16:30:50.571Z"
                },
                "type": "SCRUB",
                "source": "data:drag",
                "_t": "09:28:42",
                "_end": "09:30:50",
                "data": {
                    "time": 121.487597
                }
            },
            {
                "time": "2018-02-05T16:30:50.581Z",
                "type": "JUMP",
                "source": "data:dblclick:h_pos",
                "_t": "09:30:50",
                "_end": "-",
                "data": {
                    "from": 121.487597,
                    "to": 127.02642092925792
                }
            },
            {
                "time": {
                    "start": "2018-02-05T16:28:42.755Z",
                    "end": "2018-02-05T16:30:51.371Z"
                },
                "type": "SCRUB",
                "source": "data:drag",
                "_t": "09:28:42",
                "_end": "09:30:51",
                "data": {
                    "time": 127.02642
                }
            },
            {
                "time": {
                    "start": "2018-02-05T16:28:42.755Z",
                    "end": "2018-02-05T16:30:51.491Z"
                },
                "type": "SCRUB",
                "source": "data:drag",
                "_t": "09:28:42",
                "_end": "09:30:51",
                "data": {
                    "time": 127.02642
                }
            },
            {
                "time": "2018-02-05T16:30:51.496Z",
                "type": "JUMP",
                "source": "data:dblclick:h_pos",
                "_t": "09:30:51",
                "_end": "-",
                "data": {
                    "from": 127.02642,
                    "to": 136.07766886000687
                }
            },
            {
                "time": {
                    "start": "2018-02-05T16:28:42.755Z",
                    "end": "2018-02-05T16:30:52.019Z"
                },
                "type": "SCRUB",
                "source": "data:drag",
                "_t": "09:28:42",
                "_end": "09:30:52",
                "data": {
                    "time": 136.077668
                }
            },
            {
                "time": {
                    "start": "2018-02-05T16:28:42.755Z",
                    "end": "2018-02-05T16:30:52.291Z"
                },
                "type": "SCRUB",
                "source": "data:drag",
                "_t": "09:28:42",
                "_end": "09:30:52",
                "data": {
                    "time": 136.077668
                }
            },
            {
                "time": "2018-02-05T16:30:52.296Z",
                "type": "JUMP",
                "source": "data:dblclick:h_pos",
                "_t": "09:30:52",
                "_end": "-",
                "data": {
                    "from": 136.077668,
                    "to": 149.99227445642845
                }
            },
            {
                "time": {
                    "start": "2018-02-05T16:28:42.755Z",
                    "end": "2018-02-05T16:30:52.955Z"
                },
                "type": "SCRUB",
                "source": "data:drag",
                "_t": "09:28:42",
                "_end": "09:30:52",
                "data": {
                    "time": 149.992274
                }
            },
            {
                "time": {
                    "start": "2018-02-05T16:28:42.755Z",
                    "end": "2018-02-05T16:30:53.099Z"
                },
                "type": "SCRUB",
                "source": "data:drag",
                "_t": "09:28:42",
                "_end": "09:30:53",
                "data": {
                    "time": 149.992274
                }
            },
            {
                "time": "2018-02-05T16:30:53.105Z",
                "type": "JUMP",
                "source": "data:dblclick:h_pos",
                "_t": "09:30:53",
                "_end": "-",
                "data": {
                    "from": 149.992274,
                    "to": 164.0689923763092
                }
            },
            {
                "time": {
                    "start": "2018-02-05T16:28:42.755Z",
                    "end": "2018-02-05T16:30:53.579Z"
                },
                "type": "SCRUB",
                "source": "data:drag",
                "_t": "09:28:42",
                "_end": "09:30:53",
                "data": {
                    "time": 164.068992
                }
            },
            {
                "time": {
                    "start": "2018-02-05T16:28:42.755Z",
                    "end": "2018-02-05T16:30:53.715Z"
                },
                "type": "SCRUB",
                "source": "data:drag",
                "_t": "09:28:42",
                "_end": "09:30:53",
                "data": {
                    "time": 164.068992
                }
            },
            {
                "time": {
                    "start": "2018-02-05T16:28:42.755Z",
                    "end": "2018-02-05T16:30:54.731Z"
                },
                "type": "SCRUB",
                "source": "data:drag",
                "_t": "09:28:42",
                "_end": "09:30:54",
                "data": {
                    "time": 164.068992
                }
            },
            {
                "time": {
                    "start": "2018-02-05T16:28:42.755Z",
                    "end": "2018-02-05T16:30:54.867Z"
                },
                "type": "SCRUB",
                "source": "data:drag",
                "_t": "09:28:42",
                "_end": "09:30:54",
                "data": {
                    "time": 164.068992
                }
            },
            {
                "time": "2018-02-05T16:30:54.872Z",
                "type": "JUMP",
                "source": "data:dblclick:h_pos",
                "_t": "09:30:54",
                "_end": "-",
                "data": {
                    "from": 164.068992,
                    "to": 178.41589690944375
                }
            },
            {
                "time": {
                    "start": "2018-02-05T16:28:42.755Z",
                    "end": "2018-02-05T16:30:56.092Z"
                },
                "type": "SCRUB",
                "source": "data:drag",
                "_t": "09:28:42",
                "_end": "09:30:56",
                "data": {
                    "time": 178.415896
                }
            },
            {
                "time": {
                    "start": "2018-02-05T16:28:42.755Z",
                    "end": "2018-02-05T16:30:56.247Z"
                },
                "type": "SCRUB",
                "source": "data:drag",
                "_t": "09:28:42",
                "_end": "09:30:56",
                "data": {
                    "time": 178.469933
                }
            },
            {
                "time": {
                    "start": "2018-02-05T16:28:42.755Z",
                    "end": "2018-02-05T16:30:56.915Z"
                },
                "type": "SCRUB",
                "source": "data:drag",
                "_t": "09:28:42",
                "_end": "09:30:56",
                "data": {
                    "time": 178.469933
                }
            },
            {
                "time": {
                    "start": "2018-02-05T16:28:42.755Z",
                    "end": "2018-02-05T16:30:57.051Z"
                },
                "type": "SCRUB",
                "source": "data:drag",
                "_t": "09:28:42",
                "_end": "09:30:57",
                "data": {
                    "time": 178.469933
                }
            },
            {
                "time": "2018-02-05T16:30:57.057Z",
                "type": "JUMP",
                "source": "data:dblclick:h_pos",
                "_t": "09:30:57",
                "_end": "-",
                "data": {
                    "from": 178.469933,
                    "to": 172.7149598442329
                }
            },
            {
                "time": {
                    "start": "2018-02-05T16:28:42.755Z",
                    "end": "2018-02-05T16:30:57.995Z"
                },
                "type": "SCRUB",
                "source": "data:drag",
                "_t": "09:28:42",
                "_end": "09:30:57",
                "data": {
                    "time": 172.714959
                }
            },
            {
                "time": {
                    "start": "2018-02-05T16:28:42.755Z",
                    "end": "2018-02-05T16:30:58.203Z"
                },
                "type": "SCRUB",
                "source": "data:drag",
                "_t": "09:28:42",
                "_end": "09:30:58",
                "data": {
                    "time": 172.714959
                }
            },
            {
                "time": "2018-02-05T16:30:58.208Z",
                "type": "JUMP",
                "source": "data:dblclick:h_pos",
                "_t": "09:30:58",
                "_end": "-",
                "data": {
                    "from": 172.714959,
                    "to": 164.2040832062599
                }
            },
            {
                "time": "2018-02-05T16:30:59.036Z",
                "type": "PLAY",
                "source": "hotkey",
                "_t": "09:30:59",
                "_end": "-",
                "data": {
                    "key": "space"
                }
            },
            {
                "time": "2018-02-05T16:31:04.269Z",
                "type": "PAUSE",
                "source": "hotkey",
                "_t": "09:31:04",
                "_end": "-",
                "data": {
                    "key": "space"
                }
            },
            {
                "time": "2018-02-05T16:31:04.939Z",
                "type": "PLAY",
                "source": "hotkey",
                "_t": "09:31:04",
                "_end": "-",
                "data": {
                    "key": "space"
                }
            },
            {
                "time": "2018-02-05T16:31:05.371Z",
                "type": "PAUSE",
                "source": "hotkey",
                "_t": "09:31:05",
                "_end": "-",
                "data": {
                    "key": "space"
                }
            },
            {
                "time": "2018-02-05T16:31:05.756Z",
                "type": "PLAY",
                "source": "hotkey",
                "_t": "09:31:05",
                "_end": "-",
                "data": {
                    "key": "space"
                }
            },
            {
                "time": "2018-02-05T16:31:06.251Z",
                "type": "PAUSE",
                "source": "hotkey",
                "_t": "09:31:06",
                "_end": "-",
                "data": {
                    "key": "space"
                }
            },
            {
                "time": "2018-02-05T16:31:06.556Z",
                "type": "PLAY",
                "source": "hotkey",
                "_t": "09:31:06",
                "_end": "-",
                "data": {
                    "key": "space"
                }
            },
            {
                "time": "2018-02-05T16:31:06.987Z",
                "type": "PAUSE",
                "source": "hotkey",
                "_t": "09:31:06",
                "_end": "-",
                "data": {
                    "key": "space"
                }
            },
            {
                "time": "2018-02-05T16:31:07.403Z",
                "type": "PLAY",
                "source": "hotkey",
                "_t": "09:31:07",
                "_end": "-",
                "data": {
                    "key": "space"
                }
            },
            {
                "time": "2018-02-05T16:31:07.739Z",
                "type": "PAUSE",
                "source": "hotkey",
                "_t": "09:31:07",
                "_end": "-",
                "data": {
                    "key": "space"
                }
            },
            {
                "time": {
                    "start": "2018-02-05T16:28:42.755Z",
                    "end": "2018-02-05T16:31:10.275Z"
                },
                "type": "SCRUB",
                "source": "data:drag",
                "_t": "09:28:42",
                "_end": "09:31:10",
                "data": {
                    "time": 170.51304
                }
            },
            {
                "time": "2018-02-05T16:31:10.923Z",
                "type": "PLAY",
                "source": "hotkey",
                "_t": "09:31:10",
                "_end": "-",
                "data": {
                    "key": "space"
                }
            },
            {
                "time": "2018-02-05T16:31:11.308Z",
                "type": "PAUSE",
                "source": "hotkey",
                "_t": "09:31:11",
                "_end": "-",
                "data": {
                    "key": "space"
                }
            },
            {
                "time": "2018-02-05T16:31:11.852Z",
                "type": "PLAY",
                "source": "hotkey",
                "_t": "09:31:11",
                "_end": "-",
                "data": {
                    "key": "space"
                }
            },
            {
                "time": "2018-02-05T16:31:12.012Z",
                "type": "PAUSE",
                "source": "hotkey",
                "_t": "09:31:12",
                "_end": "-",
                "data": {
                    "key": "space"
                }
            },
            {
                "time": "2018-02-05T16:31:14.764Z",
                "type": "PLAY",
                "source": "hotkey",
                "_t": "09:31:14",
                "_end": "-",
                "data": {
                    "key": "space"
                }
            },
            {
                "time": "2018-02-05T16:31:21.404Z",
                "type": "PAUSE",
                "source": "hotkey",
                "_t": "09:31:21",
                "_end": "-",
                "data": {
                    "key": "space"
                }
            },
            {
                "time": {
                    "start": "2018-02-05T16:28:42.755Z",
                    "end": "2018-02-05T16:31:23.508Z"
                },
                "type": "SCRUB",
                "source": "data:drag",
                "_t": "09:28:42",
                "_end": "09:31:23",
                "data": {
                    "time": 177.650857
                }
            },
            {
                "time": {
                    "start": "2018-02-05T16:28:42.755Z",
                    "end": "2018-02-05T16:31:26.523Z"
                },
                "type": "SCRUB",
                "source": "data:drag",
                "_t": "09:28:42",
                "_end": "09:31:26",
                "data": {
                    "time": 177.650857
                }
            },
            {
                "time": {
                    "start": "2018-02-05T16:28:42.755Z",
                    "end": "2018-02-05T16:31:26.644Z"
                },
                "type": "SCRUB",
                "source": "data:drag",
                "_t": "09:28:42",
                "_end": "09:31:26",
                "data": {
                    "time": 177.650857
                }
            },
            {
                "time": "2018-02-05T16:31:26.649Z",
                "type": "JUMP",
                "source": "data:dblclick:h_pos",
                "_t": "09:31:26",
                "_end": "-",
                "data": {
                    "from": 177.650857,
                    "to": 177.19712128214115
                }
            },
            {
                "time": {
                    "start": "2018-02-05T16:28:42.755Z",
                    "end": "2018-02-05T16:31:32.508Z"
                },
                "type": "SCRUB",
                "source": "data:drag",
                "_t": "09:28:42",
                "_end": "09:31:32",
                "data": {
                    "time": 177.433312
                }
            },
            {
                "time": {
                    "start": "2018-02-05T16:28:42.755Z",
                    "end": "2018-02-05T16:31:33.447Z"
                },
                "type": "SCRUB",
                "source": "data:drag",
                "_t": "09:28:42",
                "_end": "09:31:33",
                "data": {
                    "time": 177.445743
                }
            },
            {
                "time": {
                    "start": "2018-02-05T16:28:42.755Z",
                    "end": "2018-02-05T16:31:34.564Z"
                },
                "type": "SCRUB",
                "source": "data:drag",
                "_t": "09:28:42",
                "_end": "09:31:34",
                "data": {
                    "time": 177.445743
                }
            },
            {
                "time": {
                    "start": "2018-02-05T16:28:42.755Z",
                    "end": "2018-02-05T16:31:36.005Z"
                },
                "type": "SCRUB",
                "source": "data:drag",
                "_t": "09:28:42",
                "_end": "09:31:36",
                "data": {
                    "time": 177.445743
                }
            },
            {
                "time": {
                    "start": "2018-02-05T16:28:42.755Z",
                    "end": "2018-02-05T16:31:37.212Z"
                },
                "type": "SCRUB",
                "source": "data:drag",
                "_t": "09:28:42",
                "_end": "09:31:37",
                "data": {
                    "time": 177.445743
                }
            },
            {
                "time": {
                    "start": "2018-02-05T16:28:42.755Z",
                    "end": "2018-02-05T16:31:39.892Z"
                },
                "type": "SCRUB",
                "source": "data:drag",
                "_t": "09:28:42",
                "_end": "09:31:39",
                "data": {
                    "time": 177.445743
                }
            },
            {
                "time": {
                    "start": "2018-02-05T16:28:42.755Z",
                    "end": "2018-02-05T16:31:40.281Z"
                },
                "type": "SCRUB",
                "source": "data:drag",
                "_t": "09:28:42",
                "_end": "09:31:40",
                "data": {
                    "time": 177.445743
                }
            },
            {
                "time": {
                    "start": "2018-02-05T16:28:42.755Z",
                    "end": "2018-02-05T16:31:41.193Z"
                },
                "type": "SCRUB",
                "source": "data:drag",
                "_t": "09:28:42",
                "_end": "09:31:41",
                "data": {
                    "time": 177.458174
                }
            },
            {
                "time": {
                    "start": "2018-02-05T16:28:42.755Z",
                    "end": "2018-02-05T16:31:41.316Z"
                },
                "type": "SCRUB",
                "source": "data:drag",
                "_t": "09:28:42",
                "_end": "09:31:41",
                "data": {
                    "time": 177.458174
                }
            },
            {
                "time": {
                    "start": "2018-02-05T16:28:42.755Z",
                    "end": "2018-02-05T16:31:41.972Z"
                },
                "type": "SCRUB",
                "source": "data:drag",
                "_t": "09:28:42",
                "_end": "09:31:41",
                "data": {
                    "time": 177.458174
                }
            },
            {
                "time": {
                    "start": "2018-02-05T16:28:42.755Z",
                    "end": "2018-02-05T16:31:42.100Z"
                },
                "type": "SCRUB",
                "source": "data:drag",
                "_t": "09:28:42",
                "_end": "09:31:42",
                "data": {
                    "time": 177.458174
                }
            },
            {
                "time": "2018-02-05T16:31:42.105Z",
                "type": "JUMP",
                "source": "data:dblclick:h_pos",
                "_t": "09:31:42",
                "_end": "-",
                "data": {
                    "from": 177.458174,
                    "to": 171.06236504552373
                }
            },
            {
                "time": "2018-02-05T16:31:42.876Z",
                "type": "PLAY",
                "source": "hotkey",
                "_t": "09:31:42",
                "_end": "-",
                "data": {
                    "key": "space"
                }
            },
            {
                "time": "2018-02-05T16:31:43.548Z",
                "type": "PAUSE",
                "source": "hotkey",
                "_t": "09:31:43",
                "_end": "-",
                "data": {
                    "key": "space"
                }
            },
            {
                "time": {
                    "start": "2018-02-05T16:28:42.755Z",
                    "end": "2018-02-05T16:31:44.644Z"
                },
                "type": "SCRUB",
                "source": "data:drag",
                "_t": "09:28:42",
                "_end": "09:31:44",
                "data": {
                    "time": 171.694392
                }
            },
            {
                "time": {
                    "start": "2018-02-05T16:28:42.755Z",
                    "end": "2018-02-05T16:31:47.211Z"
                },
                "type": "SCRUB",
                "source": "data:drag",
                "_t": "09:28:42",
                "_end": "09:31:47",
                "data": {
                    "time": 171.694392
                }
            },
            {
                "time": {
                    "start": "2018-02-05T16:28:42.755Z",
                    "end": "2018-02-05T16:31:47.331Z"
                },
                "type": "SCRUB",
                "source": "data:drag",
                "_t": "09:28:42",
                "_end": "09:31:47",
                "data": {
                    "time": 171.694392
                }
            },
            {
                "time": "2018-02-05T16:31:47.337Z",
                "type": "JUMP",
                "source": "data:dblclick:h_pos",
                "_t": "09:31:47",
                "_end": "-",
                "data": {
                    "from": 171.694392,
                    "to": 182.3035704886889
                }
            },
            {
                "time": {
                    "start": "2018-02-05T16:28:42.755Z",
                    "end": "2018-02-05T16:31:47.876Z"
                },
                "type": "SCRUB",
                "source": "data:drag",
                "_t": "09:28:42",
                "_end": "09:31:47",
                "data": {
                    "time": 182.30357
                }
            },
            {
                "time": {
                    "start": "2018-02-05T16:28:42.755Z",
                    "end": "2018-02-05T16:31:48.004Z"
                },
                "type": "SCRUB",
                "source": "data:drag",
                "_t": "09:28:42",
                "_end": "09:31:48",
                "data": {
                    "time": 182.30357
                }
            },
            {
                "time": "2018-02-05T16:31:48.010Z",
                "type": "JUMP",
                "source": "data:dblclick:h_pos",
                "_t": "09:31:48",
                "_end": "-",
                "data": {
                    "from": 182.30357,
                    "to": 201.11217257139245
                }
            },
            {
                "time": {
                    "start": "2018-02-05T16:28:42.755Z",
                    "end": "2018-02-05T16:31:48.573Z"
                },
                "type": "SCRUB",
                "source": "data:drag",
                "_t": "09:28:42",
                "_end": "09:31:48",
                "data": {
                    "time": 201.112172
                }
            },
            {
                "time": {
                    "start": "2018-02-05T16:28:42.755Z",
                    "end": "2018-02-05T16:31:48.716Z"
                },
                "type": "SCRUB",
                "source": "data:drag",
                "_t": "09:28:42",
                "_end": "09:31:48",
                "data": {
                    "time": 201.112172
                }
            },
            {
                "time": "2018-02-05T16:31:48.722Z",
                "type": "JUMP",
                "source": "data:dblclick:h_pos",
                "_t": "09:31:48",
                "_end": "-",
                "data": {
                    "from": 201.112172,
                    "to": 224.5525103127669
                }
            },
            {
                "time": {
                    "start": "2018-02-05T16:28:42.755Z",
                    "end": "2018-02-05T16:31:49.242Z"
                },
                "type": "SCRUB",
                "source": "data:drag",
                "_t": "09:28:42",
                "_end": "09:31:49",
                "data": {
                    "time": 224.427327
                }
            },
            {
                "time": {
                    "start": "2018-02-05T16:28:42.755Z",
                    "end": "2018-02-05T16:31:49.340Z"
                },
                "type": "SCRUB",
                "source": "data:drag",
                "_t": "09:28:42",
                "_end": "09:31:49",
                "data": {
                    "time": 224.427327
                }
            },
            {
                "time": "2018-02-05T16:31:49.344Z",
                "type": "JUMP",
                "source": "data:dblclick:h_pos",
                "_t": "09:31:49",
                "_end": "-",
                "data": {
                    "from": 224.427327,
                    "to": 248.68134861868407
                }
            },
            {
                "time": {
                    "start": "2018-02-05T16:28:42.755Z",
                    "end": "2018-02-05T16:31:49.796Z"
                },
                "type": "SCRUB",
                "source": "data:drag",
                "_t": "09:28:42",
                "_end": "09:31:49",
                "data": {
                    "time": 248.681348
                }
            },
            {
                "time": {
                    "start": "2018-02-05T16:28:42.755Z",
                    "end": "2018-02-05T16:31:49.924Z"
                },
                "type": "SCRUB",
                "source": "data:drag",
                "_t": "09:28:42",
                "_end": "09:31:49",
                "data": {
                    "time": 248.681348
                }
            },
            {
                "time": {
                    "start": "2018-02-05T16:28:42.755Z",
                    "end": "2018-02-05T16:31:50.692Z"
                },
                "type": "SCRUB",
                "source": "data:drag",
                "_t": "09:28:42",
                "_end": "09:31:50",
                "data": {
                    "time": 248.681348
                }
            },
            {
                "time": {
                    "start": "2018-02-05T16:28:42.755Z",
                    "end": "2018-02-05T16:31:50.819Z"
                },
                "type": "SCRUB",
                "source": "data:drag",
                "_t": "09:28:42",
                "_end": "09:31:50",
                "data": {
                    "time": 248.681348
                }
            },
            {
                "time": "2018-02-05T16:31:50.826Z",
                "type": "JUMP",
                "source": "data:dblclick:h_pos",
                "_t": "09:31:50",
                "_end": "-",
                "data": {
                    "from": 248.681348,
                    "to": 272.9353696186841
                }
            },
            {
                "time": {
                    "start": "2018-02-05T16:28:42.755Z",
                    "end": "2018-02-05T16:31:51.300Z"
                },
                "type": "SCRUB",
                "source": "data:drag",
                "_t": "09:28:42",
                "_end": "09:31:51",
                "data": {
                    "time": 272.935369
                }
            },
            {
                "time": {
                    "start": "2018-02-05T16:28:42.755Z",
                    "end": "2018-02-05T16:31:51.444Z"
                },
                "type": "SCRUB",
                "source": "data:drag",
                "_t": "09:28:42",
                "_end": "09:31:51",
                "data": {
                    "time": 272.935369
                }
            },
            {
                "time": "2018-02-05T16:31:51.449Z",
                "type": "JUMP",
                "source": "data:dblclick:h_pos",
                "_t": "09:31:51",
                "_end": "-",
                "data": {
                    "from": 272.935369,
                    "to": 298.0030739246012
                }
            },
            {
                "time": {
                    "start": "2018-02-05T16:28:42.755Z",
                    "end": "2018-02-05T16:31:51.884Z"
                },
                "type": "SCRUB",
                "source": "data:drag",
                "_t": "09:28:42",
                "_end": "09:31:51",
                "data": {
                    "time": 298.003073
                }
            },
            {
                "time": {
                    "start": "2018-02-05T16:28:42.755Z",
                    "end": "2018-02-05T16:31:52.036Z"
                },
                "type": "SCRUB",
                "source": "data:drag",
                "_t": "09:28:42",
                "_end": "09:31:52",
                "data": {
                    "time": 298.003073
                }
            },
            {
                "time": {
                    "start": "2018-02-05T16:28:42.755Z",
                    "end": "2018-02-05T16:31:52.548Z"
                },
                "type": "SCRUB",
                "source": "data:drag",
                "_t": "09:28:42",
                "_end": "09:31:52",
                "data": {
                    "time": 298.003073
                }
            },
            {
                "time": {
                    "start": "2018-02-05T16:28:42.755Z",
                    "end": "2018-02-05T16:31:52.804Z"
                },
                "type": "SCRUB",
                "source": "data:drag",
                "_t": "09:28:42",
                "_end": "09:31:52",
                "data": {
                    "time": 298.003073
                }
            },
            {
                "time": "2018-02-05T16:31:52.810Z",
                "type": "JUMP",
                "source": "data:dblclick:h_pos",
                "_t": "09:31:52",
                "_end": "-",
                "data": {
                    "from": 298.003073,
                    "to": 323.0707779246012
                }
            },
            {
                "time": {
                    "start": "2018-02-05T16:28:42.755Z",
                    "end": "2018-02-05T16:31:52.943Z"
                },
                "type": "SCRUB",
                "source": "data:drag",
                "_t": "09:28:42",
                "_end": "09:31:52",
                "data": {
                    "time": 323.070777
                }
            },
            {
                "time": {
                    "start": "2018-02-05T16:28:42.755Z",
                    "end": "2018-02-05T16:31:53.948Z"
                },
                "type": "SCRUB",
                "source": "data:drag",
                "_t": "09:28:42",
                "_end": "09:31:53",
                "data": {
                    "time": 323.070777
                }
            },
            {
                "time": {
                    "start": "2018-02-05T16:28:42.755Z",
                    "end": "2018-02-05T16:31:54.380Z"
                },
                "type": "SCRUB",
                "source": "data:drag",
                "_t": "09:28:42",
                "_end": "09:31:54",
                "data": {
                    "time": 323.070777
                }
            },
            {
                "time": {
                    "start": "2018-02-05T16:28:42.755Z",
                    "end": "2018-02-05T16:31:54.524Z"
                },
                "type": "SCRUB",
                "source": "data:drag",
                "_t": "09:28:42",
                "_end": "09:31:54",
                "data": {
                    "time": 323.070777
                }
            },
            {
                "time": "2018-02-05T16:31:54.529Z",
                "type": "JUMP",
                "source": "data:dblclick:h_pos",
                "_t": "09:31:54",
                "_end": "-",
                "data": {
                    "from": 323.070777,
                    "to": 315.0278304761267
                }
            },
            {
                "time": "2018-02-05T16:31:55.628Z",
                "type": "PLAY",
                "source": "hotkey",
                "_t": "09:31:55",
                "_end": "-",
                "data": {
                    "key": "space"
                }
            },
            {
                "time": "2018-02-05T16:31:57.261Z",
                "type": "PAUSE",
                "source": "hotkey",
                "_t": "09:31:57",
                "_end": "-",
                "data": {
                    "key": "space"
                }
            }
        ]
    }
}