[
    {
        "time": 38.6804517153728,
        "endTime": 39.72792322808706,
        "type": "ground",
        "id": 1
    },
    {
        "time": 40.31899638092152,
        "endTime": 41.313697277912425,
        "type": "ground",
        "id": 2
    },
    {
        "time": 41.875975,
        "endTime": 42.85393661662585,
        "type": "ground",
        "id": 3
    },
    {
        "time": 43.446445,
        "endTime": 44.485437013166134,
        "type": "ground",
        "id": 4
    },
    {
        "time": 45.08248,
        "endTime": 46.158213818122846,
        "type": "ground",
        "id": 5
    },
    {
        "time": 46.711423,
        "endTime": 47.745580048018326,
        "type": "ground",
        "id": 6
    },
    {
        "time": 48.579929,
        "endTime": 49.35504441319323,
        "type": "ground",
        "id": 7
    },
    {
        "time": 49.978336,
        "endTime": 50.813547,
        "type": "ground",
        "id": 8
    },
    {
        "time": 51.431298,
        "endTime": 52.26003423300181,
        "type": "ground",
        "id": 9
    },
    {
        "time": 52.905487,
        "endTime": 53.69761324054614,
        "type": "ground",
        "id": 10
    },
    {
        "time": 54.406781,
        "endTime": 55.35264025186266,
        "type": "ground",
        "id": 11
    },
    {
        "time": 56.003634,
        "endTime": 57.01517863110635,
        "type": "ground",
        "id": 12
    },
    {
        "time": 68.91325158249653,
        "endTime": 70.23434070579704,
        "type": "ground",
        "id": 13
    },
    {
        "time": 70.774563,
        "endTime": 71.7297746899832,
        "type": "ground",
        "id": 14
    },
    {
        "time": 72.333842,
        "endTime": 73.45357560038201,
        "type": "ground",
        "id": 15
    },
    {
        "time": 73.988887,
        "endTime": 75.03249815492406,
        "type": "ground",
        "id": 16
    },
    {
        "time": 75.56044255614118,
        "endTime": 76.46163140744095,
        "type": "ground",
        "id": 17
    },
    {
        "time": 77.055876,
        "endTime": 78.0675648286187,
        "type": "ground",
        "id": 18
    }
]
