{
    "user_id": "3030",
    "session_id": "5a0fdd5a5efd4d725417b95d",
    "study": "gold",
    "workspace": "cane.cane-vid3-dat3",
    "details": {
        "workspace": "cane.cane-vid3-dat3",
        "labels": [
            {
                "time": 38.6804517153728,
                "endTime": 39.72792322808706,
                "type": "ground",
                "id": 1
            },
            {
                "time": 40.31899638092152,
                "endTime": 41.313697277912425,
                "type": "ground",
                "id": 2
            },
            {
                "time": 41.875975,
                "endTime": 42.85393661662585,
                "type": "ground",
                "id": 3
            },
            {
                "time": 43.446445,
                "endTime": 44.485437013166134,
                "type": "ground",
                "id": 4
            },
            {
                "time": 45.08248,
                "endTime": 46.158213818122846,
                "type": "ground",
                "id": 5
            },
            {
                "time": 46.711423,
                "endTime": 47.745580048018326,
                "type": "ground",
                "id": 6
            },
            {
                "time": 48.579929,
                "endTime": 49.35504441319323,
                "type": "ground",
                "id": 7
            },
            {
                "time": 49.978336,
                "endTime": 50.813547,
                "type": "ground",
                "id": 8
            },
            {
                "time": 51.431298,
                "endTime": 52.26003423300181,
                "type": "ground",
                "id": 9
            },
            {
                "time": 52.905487,
                "endTime": 53.69761324054614,
                "type": "ground",
                "id": 10
            },
            {
                "time": 54.406781,
                "endTime": 55.35264025186266,
                "type": "ground",
                "id": 11
            },
            {
                "time": 56.003634,
                "endTime": 57.01517863110635,
                "type": "ground",
                "id": 12
            }
        ],
        "_starts": [
            "2017-11-18T08:44:10.000Z"
        ],
        "_ends": [
            "2017-11-18T08:54:27.988Z"
        ]
    },
    "labels_file": "/home/ubuntu/vat/data/user-studies/gold/practice-first/3030.labels.json",
    "videoFlash": 1.747661,
    "surveys": {
        "user-info": {
            "firstname": "Naomi",
            "lastname": "Johnson"
        }
    },
    "logs": {
        "labelEvents": [
            {
                "time": "2017-11-18T08:47:10.494Z",
                "type": "START",
                "source": "hotkey",
                "_t": "01:47:10",
                "_end": "-",
                "data": {
                    "type": "ground",
                    "time": 38.828579
                }
            },
            {
                "time": "2017-11-18T08:48:37.747Z",
                "type": "END",
                "source": "data:click:h_pos",
                "_t": "01:48:37",
                "_end": "-",
                "data": {
                    "lbl": {
                        "time": 38.6804517153728,
                        "endTime": 39.72792322808706,
                        "type": "ground",
                        "id": 1
                    }
                }
            },
            {
                "time": "2017-11-18T08:52:21.379Z",
                "type": "SELECT",
                "source": "data:click",
                "_t": "01:52:21",
                "_end": "-",
                "data": {
                    "time": 38.6804517153728,
                    "endTime": 39.72792322808706,
                    "type": "ground",
                    "id": 1
                }
            },
            {
                "time": {
                    "start": "2017-11-18T08:52:23.701Z",
                    "end": "2017-11-18T08:52:26.791Z"
                },
                "type": "RESIZE",
                "source": "data:brush",
                "_t": "01:52:23",
                "_end": "01:52:26",
                "data": {
                    "brushing": true,
                    "origin": [
                        38.68045171537389,
                        38.828579
                    ],
                    "_brushside": 1,
                    "start": "2017-11-18T08:52:23.701Z",
                    "ε": 0.1,
                    "mode": "resize"
                }
            },
            {
                "time": "2017-11-18T08:52:33.664Z",
                "type": "START",
                "source": "hotkey",
                "_t": "01:52:33",
                "_end": "-",
                "data": {
                    "type": "ground",
                    "time": 40.380968
                }
            },
            {
                "time": "2017-11-18T08:52:38.378Z",
                "type": "END",
                "source": "data:click:h_pos",
                "_t": "01:52:38",
                "_end": "-",
                "data": {
                    "lbl": {
                        "time": 40.31899638092152,
                        "endTime": 41.313697277912425,
                        "type": "ground",
                        "id": 2
                    }
                }
            },
            {
                "time": "2017-11-18T08:52:39.911Z",
                "type": "SELECT",
                "source": "data:click",
                "_t": "01:52:39",
                "_end": "-",
                "data": {
                    "time": 40.31899638092152,
                    "endTime": 41.313697277912425,
                    "type": "ground",
                    "id": 2
                }
            },
            {
                "time": {
                    "start": "2017-11-18T08:52:41.986Z",
                    "end": "2017-11-18T08:52:43.643Z"
                },
                "type": "RESIZE",
                "source": "data:brush",
                "_t": "01:52:41",
                "_end": "01:52:43",
                "data": {
                    "brushing": true,
                    "origin": [
                        40.380968,
                        41.31369727791173
                    ],
                    "start": "2017-11-18T08:52:41.986Z",
                    "ε": 0.1,
                    "mode": "resize"
                }
            },
            {
                "time": "2017-11-18T08:52:46.080Z",
                "type": "DESELECT",
                "source": "data:click",
                "_t": "01:52:46",
                "_end": "-",
                "data": {
                    "time": 40.31899638092152,
                    "endTime": 41.313697277912425,
                    "type": "ground",
                    "id": 2
                }
            },
            {
                "time": "2017-11-18T08:52:55.933Z",
                "type": "START",
                "source": "hotkey",
                "_t": "01:52:55",
                "_end": "-",
                "data": {
                    "type": "ground",
                    "time": 41.875975
                }
            },
            {
                "time": "2017-11-18T08:53:06.725Z",
                "type": "END",
                "source": "data:click:h_pos",
                "_t": "01:53:06",
                "_end": "-",
                "data": {
                    "lbl": {
                        "time": 41.875975,
                        "endTime": 42.85393661662585,
                        "type": "ground",
                        "id": 3
                    }
                }
            },
            {
                "time": "2017-11-18T08:53:10.229Z",
                "type": "START",
                "source": "hotkey",
                "_t": "01:53:10",
                "_end": "-",
                "data": {
                    "type": "ground",
                    "time": 43.446445
                }
            },
            {
                "time": "2017-11-18T08:53:13.197Z",
                "type": "END",
                "source": "data:click:h_pos",
                "_t": "01:53:13",
                "_end": "-",
                "data": {
                    "lbl": {
                        "time": 43.446445,
                        "endTime": 44.485437013166134,
                        "type": "ground",
                        "id": 4
                    }
                }
            },
            {
                "time": "2017-11-18T08:53:17.708Z",
                "type": "START",
                "source": "hotkey",
                "_t": "01:53:17",
                "_end": "-",
                "data": {
                    "type": "ground",
                    "time": 45.08248
                }
            },
            {
                "time": "2017-11-18T08:53:21.286Z",
                "type": "END",
                "source": "data:click:h_pos",
                "_t": "01:53:21",
                "_end": "-",
                "data": {
                    "lbl": {
                        "time": 45.08248,
                        "endTime": 46.158213818122846,
                        "type": "ground",
                        "id": 5
                    }
                }
            },
            {
                "time": "2017-11-18T08:53:24.404Z",
                "type": "START",
                "source": "hotkey",
                "_t": "01:53:24",
                "_end": "-",
                "data": {
                    "type": "ground",
                    "time": 46.711423
                }
            },
            {
                "time": "2017-11-18T08:53:27.826Z",
                "type": "END",
                "source": "data:click:h_pos",
                "_t": "01:53:27",
                "_end": "-",
                "data": {
                    "lbl": {
                        "time": 46.711423,
                        "endTime": 47.745580048018326,
                        "type": "ground",
                        "id": 6
                    }
                }
            },
            {
                "time": "2017-11-18T08:53:33.055Z",
                "type": "START",
                "source": "hotkey",
                "_t": "01:53:33",
                "_end": "-",
                "data": {
                    "type": "ground",
                    "time": 48.579929
                }
            },
            {
                "time": "2017-11-18T08:53:39.314Z",
                "type": "END",
                "source": "data:click:h_pos",
                "_t": "01:53:39",
                "_end": "-",
                "data": {
                    "lbl": {
                        "time": 48.579929,
                        "endTime": 49.35504441319323,
                        "type": "ground",
                        "id": 7
                    }
                }
            },
            {
                "time": "2017-11-18T08:53:43.745Z",
                "type": "START",
                "source": "hotkey",
                "_t": "01:53:43",
                "_end": "-",
                "data": {
                    "type": "ground",
                    "time": 49.978336
                }
            },
            {
                "time": "2017-11-18T08:53:48.789Z",
                "type": "END",
                "source": "hotkey:ctb",
                "_t": "01:53:48",
                "_end": "-",
                "data": {
                    "lbl": {
                        "time": 49.978336,
                        "endTime": 50.813547,
                        "type": "ground",
                        "id": 8
                    },
                    "key": "enter"
                }
            },
            {
                "time": "2017-11-18T08:53:52.050Z",
                "type": "START",
                "source": "hotkey",
                "_t": "01:53:52",
                "_end": "-",
                "data": {
                    "type": "ground",
                    "time": 51.431298
                }
            },
            {
                "time": "2017-11-18T08:53:55.447Z",
                "type": "END",
                "source": "data:click:h_pos",
                "_t": "01:53:55",
                "_end": "-",
                "data": {
                    "lbl": {
                        "time": 51.431298,
                        "endTime": 52.26003423300181,
                        "type": "ground",
                        "id": 9
                    }
                }
            },
            {
                "time": "2017-11-18T08:53:57.947Z",
                "type": "START",
                "source": "hotkey",
                "_t": "01:53:57",
                "_end": "-",
                "data": {
                    "type": "ground",
                    "time": 52.905487
                }
            },
            {
                "time": "2017-11-18T08:54:01.147Z",
                "type": "END",
                "source": "data:click:h_pos",
                "_t": "01:54:01",
                "_end": "-",
                "data": {
                    "lbl": {
                        "time": 52.905487,
                        "endTime": 53.69761324054614,
                        "type": "ground",
                        "id": 10
                    }
                }
            },
            {
                "time": "2017-11-18T08:54:05.038Z",
                "type": "START",
                "source": "hotkey",
                "_t": "01:54:05",
                "_end": "-",
                "data": {
                    "type": "ground",
                    "time": 54.406781
                }
            },
            {
                "time": "2017-11-18T08:54:08.937Z",
                "type": "END",
                "source": "data:click:h_pos",
                "_t": "01:54:08",
                "_end": "-",
                "data": {
                    "lbl": {
                        "time": 54.406781,
                        "endTime": 55.35264025186266,
                        "type": "ground",
                        "id": 11
                    }
                }
            },
            {
                "time": "2017-11-18T08:54:11.928Z",
                "type": "START",
                "source": "hotkey",
                "_t": "01:54:11",
                "_end": "-",
                "data": {
                    "type": "ground",
                    "time": 56.003634
                }
            },
            {
                "time": "2017-11-18T08:54:16.655Z",
                "type": "END",
                "source": "data:click:h_pos",
                "_t": "01:54:16",
                "_end": "-",
                "data": {
                    "lbl": {
                        "time": 56.003634,
                        "endTime": 57.01517863110635,
                        "type": "ground",
                        "id": 12
                    }
                }
            }
        ],
        "navigationEvents": [
            {
                "time": {
                    "start": "2017-11-18T08:44:10.176Z",
                    "end": "2017-11-18T08:45:04.549Z"
                },
                "type": "SCRUB",
                "source": "data:drag",
                "_t": "01:44:10",
                "_end": "01:45:04",
                "data": {
                    "time": 1.747661
                }
            },
            {
                "time": {
                    "start": "2017-11-18T08:44:10.176Z",
                    "end": "2017-11-18T08:45:04.664Z"
                },
                "type": "SCRUB",
                "source": "data:drag",
                "_t": "01:44:10",
                "_end": "01:45:04",
                "data": {
                    "time": 1.747661
                }
            },
            {
                "time": "2017-11-18T08:45:04.670Z",
                "type": "JUMP",
                "source": "data:dblclick:h_pos",
                "_t": "01:45:04",
                "_end": "-",
                "data": {
                    "from": 1.747661,
                    "to": 35.31333299832829
                }
            },
            {
                "time": {
                    "start": "2017-11-18T08:44:10.176Z",
                    "end": "2017-11-18T08:45:14.046Z"
                },
                "type": "SCRUB",
                "source": "data:drag",
                "_t": "01:44:10",
                "_end": "01:45:14",
                "data": {
                    "time": 35.313332
                }
            },
            {
                "time": {
                    "start": "2017-11-18T08:44:10.176Z",
                    "end": "2017-11-18T08:45:14.158Z"
                },
                "type": "SCRUB",
                "source": "data:drag",
                "_t": "01:44:10",
                "_end": "01:45:14",
                "data": {
                    "time": 35.313332
                }
            },
            {
                "time": "2017-11-18T08:45:14.164Z",
                "type": "JUMP",
                "source": "data:dblclick:h_pos",
                "_t": "01:45:14",
                "_end": "-",
                "data": {
                    "from": 35.313332,
                    "to": 38.19462507335446
                }
            },
            {
                "time": "2017-11-18T08:45:18.450Z",
                "type": "SKIP",
                "source": "hotkey",
                "_t": "01:45:18",
                "_end": "-",
                "data": {
                    "t": 38.194625,
                    "Δt": 0.033366700033366704,
                    "key": "shift+right"
                }
            },
            {
                "time": "2017-11-18T08:45:18.725Z",
                "type": "SKIP",
                "source": "hotkey",
                "_t": "01:45:18",
                "_end": "-",
                "data": {
                    "t": 38.227991,
                    "Δt": 0.033366700033366704,
                    "key": "shift+right"
                }
            },
            {
                "time": "2017-11-18T08:45:19.027Z",
                "type": "SKIP",
                "source": "hotkey",
                "_t": "01:45:19",
                "_end": "-",
                "data": {
                    "t": 38.261357,
                    "Δt": 0.033366700033366704,
                    "key": "shift+right"
                }
            },
            {
                "time": "2017-11-18T08:45:19.329Z",
                "type": "SKIP",
                "source": "hotkey",
                "_t": "01:45:19",
                "_end": "-",
                "data": {
                    "t": 38.294723,
                    "Δt": 0.033366700033366704,
                    "key": "shift+right"
                }
            },
            {
                "time": "2017-11-18T08:45:19.493Z",
                "type": "SKIP",
                "source": "hotkey",
                "_t": "01:45:19",
                "_end": "-",
                "data": {
                    "t": 38.328089,
                    "Δt": 0.033366700033366704,
                    "key": "shift+right"
                }
            },
            {
                "time": "2017-11-18T08:45:19.650Z",
                "type": "SKIP",
                "source": "hotkey",
                "_t": "01:45:19",
                "_end": "-",
                "data": {
                    "t": 38.361455,
                    "Δt": 0.033366700033366704,
                    "key": "shift+right"
                }
            },
            {
                "time": "2017-11-18T08:45:19.812Z",
                "type": "SKIP",
                "source": "hotkey",
                "_t": "01:45:19",
                "_end": "-",
                "data": {
                    "t": 38.394821,
                    "Δt": 0.033366700033366704,
                    "key": "shift+right"
                }
            },
            {
                "time": "2017-11-18T08:45:19.961Z",
                "type": "SKIP",
                "source": "hotkey",
                "_t": "01:45:19",
                "_end": "-",
                "data": {
                    "t": 38.428187,
                    "Δt": 0.033366700033366704,
                    "key": "shift+right"
                }
            },
            {
                "time": "2017-11-18T08:45:20.114Z",
                "type": "SKIP",
                "source": "hotkey",
                "_t": "01:45:20",
                "_end": "-",
                "data": {
                    "t": 38.461553,
                    "Δt": 0.033366700033366704,
                    "key": "shift+right"
                }
            },
            {
                "time": "2017-11-18T08:45:20.425Z",
                "type": "SKIP",
                "source": "hotkey",
                "_t": "01:45:20",
                "_end": "-",
                "data": {
                    "t": 38.494919,
                    "Δt": 0.033366700033366704,
                    "key": "shift+right"
                }
            },
            {
                "time": "2017-11-18T08:45:20.591Z",
                "type": "SKIP",
                "source": "hotkey",
                "_t": "01:45:20",
                "_end": "-",
                "data": {
                    "t": 38.528285,
                    "Δt": 0.033366700033366704,
                    "key": "shift+right"
                }
            },
            {
                "time": "2017-11-18T08:45:20.735Z",
                "type": "SKIP",
                "source": "hotkey",
                "_t": "01:45:20",
                "_end": "-",
                "data": {
                    "t": 38.561651,
                    "Δt": 0.033366700033366704,
                    "key": "shift+right"
                }
            },
            {
                "time": "2017-11-18T08:45:20.904Z",
                "type": "SKIP",
                "source": "hotkey",
                "_t": "01:45:20",
                "_end": "-",
                "data": {
                    "t": 38.595017,
                    "Δt": 0.033366700033366704,
                    "key": "shift+right"
                }
            },
            {
                "time": "2017-11-18T08:47:04.241Z",
                "type": "SKIP",
                "source": "hotkey",
                "_t": "01:47:04",
                "_end": "-",
                "data": {
                    "t": 38.628383,
                    "Δt": 0.033366700033366704,
                    "key": "shift+right"
                }
            },
            {
                "time": "2017-11-18T08:47:04.775Z",
                "type": "SKIP",
                "source": "hotkey",
                "_t": "01:47:04",
                "_end": "-",
                "data": {
                    "t": 38.661749,
                    "Δt": 0.033366700033366704,
                    "key": "shift+right"
                }
            },
            {
                "time": "2017-11-18T08:47:05.273Z",
                "type": "SKIP",
                "source": "hotkey",
                "_t": "01:47:05",
                "_end": "-",
                "data": {
                    "t": 38.695115,
                    "Δt": 0.033366700033366704,
                    "key": "shift+right"
                }
            },
            {
                "time": "2017-11-18T08:47:05.804Z",
                "type": "SKIP",
                "source": "hotkey",
                "_t": "01:47:05",
                "_end": "-",
                "data": {
                    "t": 38.728481,
                    "Δt": 0.033366700033366704,
                    "key": "shift+right"
                }
            },
            {
                "time": "2017-11-18T08:47:06.290Z",
                "type": "SKIP",
                "source": "hotkey",
                "_t": "01:47:06",
                "_end": "-",
                "data": {
                    "t": 38.761847,
                    "Δt": 0.033366700033366704,
                    "key": "shift+right"
                }
            },
            {
                "time": "2017-11-18T08:47:06.838Z",
                "type": "SKIP",
                "source": "hotkey",
                "_t": "01:47:06",
                "_end": "-",
                "data": {
                    "t": 38.795213,
                    "Δt": 0.033366700033366704,
                    "key": "shift+right"
                }
            },
            {
                "time": {
                    "start": "2017-11-18T08:44:10.176Z",
                    "end": "2017-11-18T08:48:37.744Z"
                },
                "type": "SCRUB",
                "source": "data:drag",
                "_t": "01:44:10",
                "_end": "01:48:37",
                "data": {
                    "time": 38.828579
                }
            },
            {
                "time": {
                    "start": "2017-11-18T08:44:10.176Z",
                    "end": "2017-11-18T08:48:41.128Z"
                },
                "type": "SCRUB",
                "source": "data:drag",
                "_t": "01:44:10",
                "_end": "01:48:41",
                "data": {
                    "time": 38.828579
                }
            },
            {
                "time": {
                    "start": "2017-11-18T08:44:10.176Z",
                    "end": "2017-11-18T08:48:41.208Z"
                },
                "type": "SCRUB",
                "source": "data:drag",
                "_t": "01:44:10",
                "_end": "01:48:41",
                "data": {
                    "time": 38.828579
                }
            },
            {
                "time": "2017-11-18T08:48:41.216Z",
                "type": "JUMP",
                "source": "data:dblclick:h_pos",
                "_t": "01:48:41",
                "_end": "-",
                "data": {
                    "from": 38.828579,
                    "to": 38.61848009629563
                }
            },
            {
                "time": "2017-11-18T08:48:45.650Z",
                "type": "PAUSE",
                "source": "hotkey",
                "_t": "01:48:45",
                "_end": "-",
                "data": {
                    "key": "space"
                }
            },
            {
                "time": "2017-11-18T08:48:47.876Z",
                "type": "CHANGE-PLAYBACK-RATE",
                "source": "video:menu",
                "_t": "01:48:47",
                "_end": "-",
                "data": {
                    "oldRate": 1,
                    "newRate": 0.25
                }
            },
            {
                "time": {
                    "start": "2017-11-18T08:44:10.176Z",
                    "end": "2017-11-18T08:49:07.660Z"
                },
                "type": "SCRUB",
                "source": "data:drag",
                "_t": "01:44:10",
                "_end": "01:49:07",
                "data": {
                    "time": 38.846115
                }
            },
            {
                "time": {
                    "start": "2017-11-18T08:44:10.176Z",
                    "end": "2017-11-18T08:49:07.789Z"
                },
                "type": "SCRUB",
                "source": "data:drag",
                "_t": "01:44:10",
                "_end": "01:49:07",
                "data": {
                    "time": 38.846115
                }
            },
            {
                "time": "2017-11-18T08:49:07.792Z",
                "type": "JUMP",
                "source": "data:dblclick:h_pos",
                "_t": "01:49:07",
                "_end": "-",
                "data": {
                    "from": 38.846115,
                    "to": 38.52416488137388
                }
            },
            {
                "time": "2017-11-18T08:49:08.707Z",
                "type": "PLAY",
                "source": "hotkey",
                "_t": "01:49:08",
                "_end": "-",
                "data": {
                    "key": "space"
                }
            },
            {
                "time": "2017-11-18T08:49:09.753Z",
                "type": "PAUSE",
                "source": "hotkey",
                "_t": "01:49:09",
                "_end": "-",
                "data": {
                    "key": "space"
                }
            },
            {
                "time": "2017-11-18T08:49:11.505Z",
                "type": "PLAY",
                "source": "hotkey",
                "_t": "01:49:11",
                "_end": "-",
                "data": {
                    "key": "space"
                }
            },
            {
                "time": "2017-11-18T08:49:12.305Z",
                "type": "PAUSE",
                "source": "hotkey",
                "_t": "01:49:12",
                "_end": "-",
                "data": {
                    "key": "space"
                }
            },
            {
                "time": {
                    "start": "2017-11-18T08:44:10.176Z",
                    "end": "2017-11-18T08:49:32.864Z"
                },
                "type": "SCRUB",
                "source": "data:drag",
                "_t": "01:44:10",
                "_end": "01:49:32",
                "data": {
                    "time": 38.965329
                }
            },
            {
                "time": {
                    "start": "2017-11-18T08:44:10.176Z",
                    "end": "2017-11-18T08:49:32.993Z"
                },
                "type": "SCRUB",
                "source": "data:drag",
                "_t": "01:44:10",
                "_end": "01:49:32",
                "data": {
                    "time": 38.965329
                }
            },
            {
                "time": "2017-11-18T08:49:33.002Z",
                "type": "JUMP",
                "source": "data:dblclick:h_pos",
                "_t": "01:49:33",
                "_end": "-",
                "data": {
                    "from": 38.965329,
                    "to": 38.49222859093907
                }
            },
            {
                "time": "2017-11-18T08:49:37.370Z",
                "type": "PLAY",
                "source": "hotkey",
                "_t": "01:49:37",
                "_end": "-",
                "data": {
                    "key": "space"
                }
            },
            {
                "time": "2017-11-18T08:49:38.226Z",
                "type": "PAUSE",
                "source": "hotkey",
                "_t": "01:49:38",
                "_end": "-",
                "data": {
                    "key": "space"
                }
            },
            {
                "time": "2017-11-18T08:49:41.714Z",
                "type": "PLAY",
                "source": "hotkey",
                "_t": "01:49:41",
                "_end": "-",
                "data": {
                    "key": "space"
                }
            },
            {
                "time": "2017-11-18T08:49:43.267Z",
                "type": "PAUSE",
                "source": "hotkey",
                "_t": "01:49:43",
                "_end": "-",
                "data": {
                    "key": "space"
                }
            },
            {
                "time": {
                    "start": "2017-11-18T08:44:10.176Z",
                    "end": "2017-11-18T08:49:45.055Z"
                },
                "type": "SCRUB",
                "source": "data:drag",
                "_t": "01:44:10",
                "_end": "01:49:45",
                "data": {
                    "time": 39.077054
                }
            },
            {
                "time": {
                    "start": "2017-11-18T08:44:10.176Z",
                    "end": "2017-11-18T08:49:45.197Z"
                },
                "type": "SCRUB",
                "source": "data:drag",
                "_t": "01:44:10",
                "_end": "01:49:45",
                "data": {
                    "time": 39.077054
                }
            },
            {
                "time": "2017-11-18T08:49:45.205Z",
                "type": "JUMP",
                "source": "data:dblclick:h_pos",
                "_t": "01:49:45",
                "_end": "-",
                "data": {
                    "from": 39.077054,
                    "to": 38.46168634116515
                }
            },
            {
                "time": "2017-11-18T08:49:49.534Z",
                "type": "PLAY",
                "source": "hotkey",
                "_t": "01:49:49",
                "_end": "-",
                "data": {
                    "key": "space"
                }
            },
            {
                "time": "2017-11-18T08:49:51.066Z",
                "type": "PAUSE",
                "source": "hotkey",
                "_t": "01:49:51",
                "_end": "-",
                "data": {
                    "key": "space"
                }
            },
            {
                "time": "2017-11-18T08:49:53.891Z",
                "type": "PLAY",
                "source": "hotkey",
                "_t": "01:49:53",
                "_end": "-",
                "data": {
                    "key": "space"
                }
            },
            {
                "time": "2017-11-18T08:49:55.091Z",
                "type": "PAUSE",
                "source": "hotkey",
                "_t": "01:49:55",
                "_end": "-",
                "data": {
                    "key": "space"
                }
            },
            {
                "time": {
                    "start": "2017-11-18T08:44:10.176Z",
                    "end": "2017-11-18T08:51:08.878Z"
                },
                "type": "SCRUB",
                "source": "data:drag",
                "_t": "01:44:10",
                "_end": "01:51:08",
                "data": {
                    "time": 39.130285
                }
            },
            {
                "time": {
                    "start": "2017-11-18T08:44:10.176Z",
                    "end": "2017-11-18T08:51:08.958Z"
                },
                "type": "SCRUB",
                "source": "data:drag",
                "_t": "01:44:10",
                "_end": "01:51:08",
                "data": {
                    "time": 39.130285
                }
            },
            {
                "time": "2017-11-18T08:51:08.965Z",
                "type": "JUMP",
                "source": "data:dblclick:h_pos",
                "_t": "01:51:08",
                "_end": "-",
                "data": {
                    "from": 39.130285,
                    "to": 38.657184590939075
                }
            },
            {
                "time": "2017-11-18T08:51:19.726Z",
                "type": "SKIP",
                "source": "hotkey",
                "_t": "01:51:19",
                "_end": "-",
                "data": {
                    "t": 38.657184,
                    "Δt": 0.033366700033366704,
                    "key": "shift+right"
                }
            },
            {
                "time": "2017-11-18T08:51:20.404Z",
                "type": "SKIP",
                "source": "hotkey",
                "_t": "01:51:20",
                "_end": "-",
                "data": {
                    "t": 38.69055,
                    "Δt": 0.033366700033366704,
                    "key": "shift+right"
                }
            },
            {
                "time": "2017-11-18T08:51:20.911Z",
                "type": "SKIP",
                "source": "hotkey",
                "_t": "01:51:20",
                "_end": "-",
                "data": {
                    "t": 38.723916,
                    "Δt": 0.033366700033366704,
                    "key": "shift+right"
                }
            },
            {
                "time": "2017-11-18T08:51:21.559Z",
                "type": "SKIP",
                "source": "hotkey",
                "_t": "01:51:21",
                "_end": "-",
                "data": {
                    "t": 38.757282,
                    "Δt": 0.033366700033366704,
                    "key": "shift+right"
                }
            },
            {
                "time": "2017-11-18T08:51:23.628Z",
                "type": "SKIP",
                "source": "hotkey",
                "_t": "01:51:23",
                "_end": "-",
                "data": {
                    "t": 38.790648,
                    "Δt": -0.033366700033366704,
                    "key": "shift+left"
                }
            },
            {
                "time": {
                    "start": "2017-11-18T08:44:10.176Z",
                    "end": "2017-11-18T08:51:25.666Z"
                },
                "type": "SCRUB",
                "source": "data:drag",
                "_t": "01:44:10",
                "_end": "01:51:25",
                "data": {
                    "time": 38.757281
                }
            },
            {
                "time": {
                    "start": "2017-11-18T08:44:10.176Z",
                    "end": "2017-11-18T08:51:25.774Z"
                },
                "type": "SCRUB",
                "source": "data:drag",
                "_t": "01:44:10",
                "_end": "01:51:25",
                "data": {
                    "time": 38.757281
                }
            },
            {
                "time": "2017-11-18T08:51:25.781Z",
                "type": "JUMP",
                "source": "data:dblclick:h_pos",
                "_t": "01:51:25",
                "_end": "-",
                "data": {
                    "from": 38.757281,
                    "to": 38.66356781993042
                }
            },
            {
                "time": "2017-11-18T08:51:27.758Z",
                "type": "SKIP",
                "source": "hotkey",
                "_t": "01:51:27",
                "_end": "-",
                "data": {
                    "t": 38.663567,
                    "Δt": 0.033366700033366704,
                    "key": "shift+right"
                }
            },
            {
                "time": "2017-11-18T08:51:29.484Z",
                "type": "SKIP",
                "source": "hotkey",
                "_t": "01:51:29",
                "_end": "-",
                "data": {
                    "t": 38.696933,
                    "Δt": 0.033366700033366704,
                    "key": "shift+right"
                }
            },
            {
                "time": "2017-11-18T08:51:29.759Z",
                "type": "SKIP",
                "source": "hotkey",
                "_t": "01:51:29",
                "_end": "-",
                "data": {
                    "t": 38.730299,
                    "Δt": 0.033366700033366704,
                    "key": "shift+right"
                }
            },
            {
                "time": "2017-11-18T08:51:29.938Z",
                "type": "SKIP",
                "source": "hotkey",
                "_t": "01:51:29",
                "_end": "-",
                "data": {
                    "t": 38.763665,
                    "Δt": 0.033366700033366704,
                    "key": "shift+right"
                }
            },
            {
                "time": "2017-11-18T08:51:30.122Z",
                "type": "SKIP",
                "source": "hotkey",
                "_t": "01:51:30",
                "_end": "-",
                "data": {
                    "t": 38.797031,
                    "Δt": 0.033366700033366704,
                    "key": "shift+right"
                }
            },
            {
                "time": "2017-11-18T08:51:30.280Z",
                "type": "SKIP",
                "source": "hotkey",
                "_t": "01:51:30",
                "_end": "-",
                "data": {
                    "t": 38.830397,
                    "Δt": 0.033366700033366704,
                    "key": "shift+right"
                }
            },
            {
                "time": "2017-11-18T08:51:30.426Z",
                "type": "SKIP",
                "source": "hotkey",
                "_t": "01:51:30",
                "_end": "-",
                "data": {
                    "t": 38.863763,
                    "Δt": 0.033366700033366704,
                    "key": "shift+right"
                }
            },
            {
                "time": "2017-11-18T08:51:30.594Z",
                "type": "SKIP",
                "source": "hotkey",
                "_t": "01:51:30",
                "_end": "-",
                "data": {
                    "t": 38.897129,
                    "Δt": 0.033366700033366704,
                    "key": "shift+right"
                }
            },
            {
                "time": "2017-11-18T08:51:30.754Z",
                "type": "SKIP",
                "source": "hotkey",
                "_t": "01:51:30",
                "_end": "-",
                "data": {
                    "t": 38.930495,
                    "Δt": 0.033366700033366704,
                    "key": "shift+right"
                }
            },
            {
                "time": "2017-11-18T08:51:30.934Z",
                "type": "SKIP",
                "source": "hotkey",
                "_t": "01:51:30",
                "_end": "-",
                "data": {
                    "t": 38.963861,
                    "Δt": 0.033366700033366704,
                    "key": "shift+right"
                }
            },
            {
                "time": "2017-11-18T08:51:31.129Z",
                "type": "SKIP",
                "source": "hotkey",
                "_t": "01:51:31",
                "_end": "-",
                "data": {
                    "t": 38.997227,
                    "Δt": 0.033366700033366704,
                    "key": "shift+right"
                }
            },
            {
                "time": "2017-11-18T08:51:31.344Z",
                "type": "SKIP",
                "source": "hotkey",
                "_t": "01:51:31",
                "_end": "-",
                "data": {
                    "t": 39.030593,
                    "Δt": 0.033366700033366704,
                    "key": "shift+right"
                }
            },
            {
                "time": "2017-11-18T08:51:31.768Z",
                "type": "SKIP",
                "source": "hotkey",
                "_t": "01:51:31",
                "_end": "-",
                "data": {
                    "t": 39.063959,
                    "Δt": 0.033366700033366704,
                    "key": "shift+right"
                }
            },
            {
                "time": "2017-11-18T08:51:32.460Z",
                "type": "SKIP",
                "source": "hotkey",
                "_t": "01:51:32",
                "_end": "-",
                "data": {
                    "t": 39.097325,
                    "Δt": 0.033366700033366704,
                    "key": "shift+right"
                }
            },
            {
                "time": "2017-11-18T08:51:33.066Z",
                "type": "SKIP",
                "source": "hotkey",
                "_t": "01:51:33",
                "_end": "-",
                "data": {
                    "t": 39.130691,
                    "Δt": 0.033366700033366704,
                    "key": "shift+right"
                }
            },
            {
                "time": "2017-11-18T08:51:33.505Z",
                "type": "SKIP",
                "source": "hotkey",
                "_t": "01:51:33",
                "_end": "-",
                "data": {
                    "t": 39.164057,
                    "Δt": 0.033366700033366704,
                    "key": "shift+right"
                }
            },
            {
                "time": "2017-11-18T08:51:33.754Z",
                "type": "SKIP",
                "source": "hotkey",
                "_t": "01:51:33",
                "_end": "-",
                "data": {
                    "t": 39.197423,
                    "Δt": 0.033366700033366704,
                    "key": "shift+right"
                }
            },
            {
                "time": "2017-11-18T08:51:33.992Z",
                "type": "SKIP",
                "source": "hotkey",
                "_t": "01:51:33",
                "_end": "-",
                "data": {
                    "t": 39.230789,
                    "Δt": 0.033366700033366704,
                    "key": "shift+right"
                }
            },
            {
                "time": "2017-11-18T08:51:34.204Z",
                "type": "SKIP",
                "source": "hotkey",
                "_t": "01:51:34",
                "_end": "-",
                "data": {
                    "t": 39.264155,
                    "Δt": 0.033366700033366704,
                    "key": "shift+right"
                }
            },
            {
                "time": "2017-11-18T08:51:34.470Z",
                "type": "SKIP",
                "source": "hotkey",
                "_t": "01:51:34",
                "_end": "-",
                "data": {
                    "t": 39.297521,
                    "Δt": 0.033366700033366704,
                    "key": "shift+right"
                }
            },
            {
                "time": "2017-11-18T08:51:34.688Z",
                "type": "SKIP",
                "source": "hotkey",
                "_t": "01:51:34",
                "_end": "-",
                "data": {
                    "t": 39.330887,
                    "Δt": 0.033366700033366704,
                    "key": "shift+right"
                }
            },
            {
                "time": "2017-11-18T08:51:34.891Z",
                "type": "SKIP",
                "source": "hotkey",
                "_t": "01:51:34",
                "_end": "-",
                "data": {
                    "t": 39.364253,
                    "Δt": 0.033366700033366704,
                    "key": "shift+right"
                }
            },
            {
                "time": "2017-11-18T08:51:35.097Z",
                "type": "SKIP",
                "source": "hotkey",
                "_t": "01:51:35",
                "_end": "-",
                "data": {
                    "t": 39.397619,
                    "Δt": 0.033366700033366704,
                    "key": "shift+right"
                }
            },
            {
                "time": "2017-11-18T08:51:35.334Z",
                "type": "SKIP",
                "source": "hotkey",
                "_t": "01:51:35",
                "_end": "-",
                "data": {
                    "t": 39.430985,
                    "Δt": 0.033366700033366704,
                    "key": "shift+right"
                }
            },
            {
                "time": "2017-11-18T08:51:35.566Z",
                "type": "SKIP",
                "source": "hotkey",
                "_t": "01:51:35",
                "_end": "-",
                "data": {
                    "t": 39.464351,
                    "Δt": 0.033366700033366704,
                    "key": "shift+right"
                }
            },
            {
                "time": "2017-11-18T08:51:35.766Z",
                "type": "SKIP",
                "source": "hotkey",
                "_t": "01:51:35",
                "_end": "-",
                "data": {
                    "t": 39.497717,
                    "Δt": 0.033366700033366704,
                    "key": "shift+right"
                }
            },
            {
                "time": "2017-11-18T08:51:35.963Z",
                "type": "SKIP",
                "source": "hotkey",
                "_t": "01:51:35",
                "_end": "-",
                "data": {
                    "t": 39.531083,
                    "Δt": 0.033366700033366704,
                    "key": "shift+right"
                }
            },
            {
                "time": "2017-11-18T08:51:36.431Z",
                "type": "SKIP",
                "source": "hotkey",
                "_t": "01:51:36",
                "_end": "-",
                "data": {
                    "t": 39.564449,
                    "Δt": 0.033366700033366704,
                    "key": "shift+right"
                }
            },
            {
                "time": "2017-11-18T08:51:36.633Z",
                "type": "SKIP",
                "source": "hotkey",
                "_t": "01:51:36",
                "_end": "-",
                "data": {
                    "t": 39.597815,
                    "Δt": 0.033366700033366704,
                    "key": "shift+right"
                }
            },
            {
                "time": "2017-11-18T08:51:36.824Z",
                "type": "SKIP",
                "source": "hotkey",
                "_t": "01:51:36",
                "_end": "-",
                "data": {
                    "t": 39.631181,
                    "Δt": 0.033366700033366704,
                    "key": "shift+right"
                }
            },
            {
                "time": "2017-11-18T08:51:37.048Z",
                "type": "SKIP",
                "source": "hotkey",
                "_t": "01:51:37",
                "_end": "-",
                "data": {
                    "t": 39.664547,
                    "Δt": 0.033366700033366704,
                    "key": "shift+right"
                }
            },
            {
                "time": "2017-11-18T08:51:37.627Z",
                "type": "SKIP",
                "source": "hotkey",
                "_t": "01:51:37",
                "_end": "-",
                "data": {
                    "t": 39.697913,
                    "Δt": 0.033366700033366704,
                    "key": "shift+right"
                }
            },
            {
                "time": "2017-11-18T08:51:37.870Z",
                "type": "SKIP",
                "source": "hotkey",
                "_t": "01:51:37",
                "_end": "-",
                "data": {
                    "t": 39.731279,
                    "Δt": 0.033366700033366704,
                    "key": "shift+right"
                }
            },
            {
                "time": "2017-11-18T08:51:38.362Z",
                "type": "SKIP",
                "source": "hotkey",
                "_t": "01:51:38",
                "_end": "-",
                "data": {
                    "t": 39.764645,
                    "Δt": 0.033366700033366704,
                    "key": "shift+right"
                }
            },
            {
                "time": "2017-11-18T08:51:38.824Z",
                "type": "SKIP",
                "source": "hotkey",
                "_t": "01:51:38",
                "_end": "-",
                "data": {
                    "t": 39.798011,
                    "Δt": 0.033366700033366704,
                    "key": "shift+right"
                }
            },
            {
                "time": "2017-11-18T08:51:40.003Z",
                "type": "SKIP",
                "source": "hotkey",
                "_t": "01:51:40",
                "_end": "-",
                "data": {
                    "t": 39.831377,
                    "Δt": 0.033366700033366704,
                    "key": "shift+right"
                }
            },
            {
                "time": "2017-11-18T08:51:40.495Z",
                "type": "SKIP",
                "source": "hotkey",
                "_t": "01:51:40",
                "_end": "-",
                "data": {
                    "t": 39.864743,
                    "Δt": 0.033366700033366704,
                    "key": "shift+right"
                }
            },
            {
                "time": "2017-11-18T08:51:42.239Z",
                "type": "SKIP",
                "source": "hotkey",
                "_t": "01:51:42",
                "_end": "-",
                "data": {
                    "t": 39.898109,
                    "Δt": -0.033366700033366704,
                    "key": "shift+left"
                }
            },
            {
                "time": "2017-11-18T08:51:42.888Z",
                "type": "SKIP",
                "source": "hotkey",
                "_t": "01:51:42",
                "_end": "-",
                "data": {
                    "t": 39.864742,
                    "Δt": -0.033366700033366704,
                    "key": "shift+left"
                }
            },
            {
                "time": "2017-11-18T08:51:43.746Z",
                "type": "SKIP",
                "source": "hotkey",
                "_t": "01:51:43",
                "_end": "-",
                "data": {
                    "t": 39.831375,
                    "Δt": -0.033366700033366704,
                    "key": "shift+left"
                }
            },
            {
                "time": "2017-11-18T08:51:44.555Z",
                "type": "SKIP",
                "source": "hotkey",
                "_t": "01:51:44",
                "_end": "-",
                "data": {
                    "t": 39.798008,
                    "Δt": -0.033366700033366704,
                    "key": "shift+left"
                }
            },
            {
                "time": "2017-11-18T08:51:45.373Z",
                "type": "SKIP",
                "source": "hotkey",
                "_t": "01:51:45",
                "_end": "-",
                "data": {
                    "t": 39.764641,
                    "Δt": -0.033366700033366704,
                    "key": "shift+left"
                }
            },
            {
                "time": "2017-11-18T08:51:46.200Z",
                "type": "SKIP",
                "source": "hotkey",
                "_t": "01:51:46",
                "_end": "-",
                "data": {
                    "t": 39.731274,
                    "Δt": -0.033366700033366704,
                    "key": "shift+left"
                }
            },
            {
                "time": "2017-11-18T08:51:48.081Z",
                "type": "SKIP",
                "source": "hotkey",
                "_t": "01:51:48",
                "_end": "-",
                "data": {
                    "t": 39.697907,
                    "Δt": -0.033366700033366704,
                    "key": "shift+left"
                }
            },
            {
                "time": "2017-11-18T08:52:10.721Z",
                "type": "SKIP",
                "source": "hotkey",
                "_t": "01:52:10",
                "_end": "-",
                "data": {
                    "t": 39.66454,
                    "Δt": -0.033366700033366704,
                    "key": "shift+left"
                }
            },
            {
                "time": "2017-11-18T08:52:11.031Z",
                "type": "SKIP",
                "source": "hotkey",
                "_t": "01:52:11",
                "_end": "-",
                "data": {
                    "t": 39.631173,
                    "Δt": -0.033366700033366704,
                    "key": "shift+left"
                }
            },
            {
                "time": "2017-11-18T08:52:11.211Z",
                "type": "SKIP",
                "source": "hotkey",
                "_t": "01:52:11",
                "_end": "-",
                "data": {
                    "t": 39.597806,
                    "Δt": -0.033366700033366704,
                    "key": "shift+left"
                }
            },
            {
                "time": "2017-11-18T08:52:11.398Z",
                "type": "SKIP",
                "source": "hotkey",
                "_t": "01:52:11",
                "_end": "-",
                "data": {
                    "t": 39.564439,
                    "Δt": -0.033366700033366704,
                    "key": "shift+left"
                }
            },
            {
                "time": "2017-11-18T08:52:11.593Z",
                "type": "SKIP",
                "source": "hotkey",
                "_t": "01:52:11",
                "_end": "-",
                "data": {
                    "t": 39.531072,
                    "Δt": -0.033366700033366704,
                    "key": "shift+left"
                }
            },
            {
                "time": "2017-11-18T08:52:12.200Z",
                "type": "SKIP",
                "source": "hotkey",
                "_t": "01:52:12",
                "_end": "-",
                "data": {
                    "t": 39.497705,
                    "Δt": -0.033366700033366704,
                    "key": "shift+left"
                }
            },
            {
                "time": "2017-11-18T08:52:12.810Z",
                "type": "SKIP",
                "source": "hotkey",
                "_t": "01:52:12",
                "_end": "-",
                "data": {
                    "t": 39.464338,
                    "Δt": -0.033366700033366704,
                    "key": "shift+left"
                }
            },
            {
                "time": "2017-11-18T08:52:13.264Z",
                "type": "SKIP",
                "source": "hotkey",
                "_t": "01:52:13",
                "_end": "-",
                "data": {
                    "t": 39.430971,
                    "Δt": 0.033366700033366704,
                    "key": "shift+right"
                }
            },
            {
                "time": "2017-11-18T08:52:13.504Z",
                "type": "SKIP",
                "source": "hotkey",
                "_t": "01:52:13",
                "_end": "-",
                "data": {
                    "t": 39.464337,
                    "Δt": 0.033366700033366704,
                    "key": "shift+right"
                }
            },
            {
                "time": "2017-11-18T08:52:13.695Z",
                "type": "SKIP",
                "source": "hotkey",
                "_t": "01:52:13",
                "_end": "-",
                "data": {
                    "t": 39.497703,
                    "Δt": 0.033366700033366704,
                    "key": "shift+right"
                }
            },
            {
                "time": "2017-11-18T08:52:13.926Z",
                "type": "SKIP",
                "source": "hotkey",
                "_t": "01:52:13",
                "_end": "-",
                "data": {
                    "t": 39.531069,
                    "Δt": 0.033366700033366704,
                    "key": "shift+right"
                }
            },
            {
                "time": "2017-11-18T08:52:14.323Z",
                "type": "SKIP",
                "source": "hotkey",
                "_t": "01:52:14",
                "_end": "-",
                "data": {
                    "t": 39.564435,
                    "Δt": 0.033366700033366704,
                    "key": "shift+right"
                }
            },
            {
                "time": "2017-11-18T08:52:14.759Z",
                "type": "SKIP",
                "source": "hotkey",
                "_t": "01:52:14",
                "_end": "-",
                "data": {
                    "t": 39.597801,
                    "Δt": 0.033366700033366704,
                    "key": "shift+right"
                }
            },
            {
                "time": "2017-11-18T08:52:15.214Z",
                "type": "SKIP",
                "source": "hotkey",
                "_t": "01:52:15",
                "_end": "-",
                "data": {
                    "t": 39.631167,
                    "Δt": 0.033366700033366704,
                    "key": "shift+right"
                }
            },
            {
                "time": "2017-11-18T08:52:15.776Z",
                "type": "SKIP",
                "source": "hotkey",
                "_t": "01:52:15",
                "_end": "-",
                "data": {
                    "t": 39.664533,
                    "Δt": 0.033366700033366704,
                    "key": "shift+right"
                }
            },
            {
                "time": "2017-11-18T08:52:17.211Z",
                "type": "SKIP",
                "source": "hotkey",
                "_t": "01:52:17",
                "_end": "-",
                "data": {
                    "t": 39.697899,
                    "Δt": -0.033366700033366704,
                    "key": "shift+left"
                }
            },
            {
                "time": "2017-11-18T08:52:18.558Z",
                "type": "SKIP",
                "source": "hotkey",
                "_t": "01:52:18",
                "_end": "-",
                "data": {
                    "t": 39.664532,
                    "Δt": 0.033366700033366704,
                    "key": "shift+right"
                }
            },
            {
                "time": "2017-11-18T08:52:19.232Z",
                "type": "SKIP",
                "source": "hotkey",
                "_t": "01:52:19",
                "_end": "-",
                "data": {
                    "t": 39.697898,
                    "Δt": 0.033366700033366704,
                    "key": "shift+right"
                }
            },
            {
                "time": {
                    "start": "2017-11-18T08:44:10.176Z",
                    "end": "2017-11-18T08:52:21.377Z"
                },
                "type": "SCRUB",
                "source": "data:drag",
                "_t": "01:44:10",
                "_end": "01:52:21",
                "data": {
                    "time": 39.731264
                }
            },
            {
                "time": {
                    "start": "2017-11-18T08:44:10.176Z",
                    "end": "2017-11-18T08:52:26.799Z"
                },
                "type": "SCRUB",
                "source": "data:drag",
                "_t": "01:44:10",
                "_end": "01:52:26",
                "data": {
                    "time": 39.731264
                }
            },
            {
                "time": "2017-11-18T08:52:28.321Z",
                "type": "PLAY",
                "source": "hotkey",
                "_t": "01:52:28",
                "_end": "-",
                "data": {
                    "key": "space"
                }
            },
            {
                "time": "2017-11-18T08:52:30.952Z",
                "type": "PAUSE",
                "source": "hotkey",
                "_t": "01:52:30",
                "_end": "-",
                "data": {
                    "key": "space"
                }
            },
            {
                "time": "2017-11-18T08:52:33.967Z",
                "type": "PLAY",
                "source": "hotkey",
                "_t": "01:52:33",
                "_end": "-",
                "data": {
                    "key": "space"
                }
            },
            {
                "time": "2017-11-18T08:52:35.036Z",
                "type": "PAUSE",
                "source": "hotkey",
                "_t": "01:52:35",
                "_end": "-",
                "data": {
                    "key": "space"
                }
            },
            {
                "time": {
                    "start": "2017-11-18T08:44:10.176Z",
                    "end": "2017-11-18T08:52:38.375Z"
                },
                "type": "SCRUB",
                "source": "data:drag",
                "_t": "01:44:10",
                "_end": "01:52:38",
                "data": {
                    "time": 40.648636
                }
            },
            {
                "time": {
                    "start": "2017-11-18T08:44:10.176Z",
                    "end": "2017-11-18T08:52:39.908Z"
                },
                "type": "SCRUB",
                "source": "data:drag",
                "_t": "01:44:10",
                "_end": "01:52:39",
                "data": {
                    "time": 40.648636
                }
            },
            {
                "time": {
                    "start": "2017-11-18T08:44:10.176Z",
                    "end": "2017-11-18T08:52:43.664Z"
                },
                "type": "SCRUB",
                "source": "data:drag",
                "_t": "01:44:10",
                "_end": "01:52:43",
                "data": {
                    "time": 40.648636
                }
            },
            {
                "time": {
                    "start": "2017-11-18T08:44:10.176Z",
                    "end": "2017-11-18T08:52:46.078Z"
                },
                "type": "SCRUB",
                "source": "data:drag",
                "_t": "01:44:10",
                "_end": "01:52:46",
                "data": {
                    "time": 40.648636
                }
            },
            {
                "time": {
                    "start": "2017-11-18T08:44:10.176Z",
                    "end": "2017-11-18T08:52:48.162Z"
                },
                "type": "SCRUB",
                "source": "data:drag",
                "_t": "01:44:10",
                "_end": "01:52:48",
                "data": {
                    "time": 40.648636
                }
            },
            {
                "time": {
                    "start": "2017-11-18T08:44:10.176Z",
                    "end": "2017-11-18T08:52:48.264Z"
                },
                "type": "SCRUB",
                "source": "data:drag",
                "_t": "01:44:10",
                "_end": "01:52:48",
                "data": {
                    "time": 40.648636
                }
            },
            {
                "time": "2017-11-18T08:52:48.272Z",
                "type": "JUMP",
                "source": "data:dblclick:h_pos",
                "_t": "01:52:48",
                "_end": "-",
                "data": {
                    "from": 40.648636,
                    "to": 41.87597635833187
                }
            },
            {
                "time": "2017-11-18T08:52:52.619Z",
                "type": "SKIP",
                "source": "hotkey",
                "_t": "01:52:52",
                "_end": "-",
                "data": {
                    "t": 41.875976,
                    "Δt": -0.033366700033366704,
                    "key": "shift+left"
                }
            },
            {
                "time": "2017-11-18T08:52:54.525Z",
                "type": "SKIP",
                "source": "hotkey",
                "_t": "01:52:54",
                "_end": "-",
                "data": {
                    "t": 41.842609,
                    "Δt": 0.033366700033366704,
                    "key": "shift+right"
                }
            },
            {
                "time": "2017-11-18T08:52:56.401Z",
                "type": "PLAY",
                "source": "hotkey",
                "_t": "01:52:56",
                "_end": "-",
                "data": {
                    "key": "space"
                }
            },
            {
                "time": "2017-11-18T08:52:59.957Z",
                "type": "PAUSE",
                "source": "hotkey",
                "_t": "01:52:59",
                "_end": "-",
                "data": {
                    "key": "space"
                }
            },
            {
                "time": "2017-11-18T08:53:00.873Z",
                "type": "PLAY",
                "source": "hotkey",
                "_t": "01:53:00",
                "_end": "-",
                "data": {
                    "key": "space"
                }
            },
            {
                "time": "2017-11-18T08:53:01.065Z",
                "type": "PAUSE",
                "source": "hotkey",
                "_t": "01:53:01",
                "_end": "-",
                "data": {
                    "key": "space"
                }
            },
            {
                "time": "2017-11-18T08:53:01.585Z",
                "type": "PLAY",
                "source": "hotkey",
                "_t": "01:53:01",
                "_end": "-",
                "data": {
                    "key": "space"
                }
            },
            {
                "time": "2017-11-18T08:53:02.585Z",
                "type": "PAUSE",
                "source": "hotkey",
                "_t": "01:53:02",
                "_end": "-",
                "data": {
                    "key": "space"
                }
            },
            {
                "time": {
                    "start": "2017-11-18T08:44:10.176Z",
                    "end": "2017-11-18T08:53:06.722Z"
                },
                "type": "SCRUB",
                "source": "data:drag",
                "_t": "01:44:10",
                "_end": "01:53:06",
                "data": {
                    "time": 43.053455
                }
            },
            {
                "time": {
                    "start": "2017-11-18T08:44:10.176Z",
                    "end": "2017-11-18T08:53:09.032Z"
                },
                "type": "SCRUB",
                "source": "data:drag",
                "_t": "01:44:10",
                "_end": "01:53:09",
                "data": {
                    "time": 43.053455
                }
            },
            {
                "time": {
                    "start": "2017-11-18T08:44:10.176Z",
                    "end": "2017-11-18T08:53:09.131Z"
                },
                "type": "SCRUB",
                "source": "data:drag",
                "_t": "01:44:10",
                "_end": "01:53:09",
                "data": {
                    "time": 43.053455
                }
            },
            {
                "time": "2017-11-18T08:53:09.144Z",
                "type": "JUMP",
                "source": "data:dblclick:h_pos",
                "_t": "01:53:09",
                "_end": "-",
                "data": {
                    "from": 43.053455,
                    "to": 43.446445755130895
                }
            },
            {
                "time": "2017-11-18T08:53:10.406Z",
                "type": "PLAY",
                "source": "hotkey",
                "_t": "01:53:10",
                "_end": "-",
                "data": {
                    "key": "space"
                }
            },
            {
                "time": "2017-11-18T08:53:11.481Z",
                "type": "PAUSE",
                "source": "hotkey",
                "_t": "01:53:11",
                "_end": "-",
                "data": {
                    "key": "space"
                }
            },
            {
                "time": {
                    "start": "2017-11-18T08:44:10.176Z",
                    "end": "2017-11-18T08:53:13.196Z"
                },
                "type": "SCRUB",
                "source": "data:drag",
                "_t": "01:44:10",
                "_end": "01:53:13",
                "data": {
                    "time": 43.697944
                }
            },
            {
                "time": {
                    "start": "2017-11-18T08:44:10.176Z",
                    "end": "2017-11-18T08:53:16.083Z"
                },
                "type": "SCRUB",
                "source": "data:drag",
                "_t": "01:44:10",
                "_end": "01:53:16",
                "data": {
                    "time": 43.697944
                }
            },
            {
                "time": {
                    "start": "2017-11-18T08:44:10.176Z",
                    "end": "2017-11-18T08:53:16.168Z"
                },
                "type": "SCRUB",
                "source": "data:drag",
                "_t": "01:44:10",
                "_end": "01:53:16",
                "data": {
                    "time": 43.697944
                }
            },
            {
                "time": "2017-11-18T08:53:16.185Z",
                "type": "JUMP",
                "source": "data:dblclick:h_pos",
                "_t": "01:53:16",
                "_end": "-",
                "data": {
                    "from": 43.697944,
                    "to": 45.08248066038422
                }
            },
            {
                "time": "2017-11-18T08:53:17.830Z",
                "type": "PLAY",
                "source": "hotkey",
                "_t": "01:53:17",
                "_end": "-",
                "data": {
                    "key": "space"
                }
            },
            {
                "time": "2017-11-18T08:53:18.419Z",
                "type": "PAUSE",
                "source": "hotkey",
                "_t": "01:53:18",
                "_end": "-",
                "data": {
                    "key": "space"
                }
            },
            {
                "time": {
                    "start": "2017-11-18T08:44:10.176Z",
                    "end": "2017-11-18T08:53:21.282Z"
                },
                "type": "SCRUB",
                "source": "data:drag",
                "_t": "01:44:10",
                "_end": "01:53:21",
                "data": {
                    "time": 45.212013
                }
            },
            {
                "time": {
                    "start": "2017-11-18T08:44:10.176Z",
                    "end": "2017-11-18T08:53:23.831Z"
                },
                "type": "SCRUB",
                "source": "data:drag",
                "_t": "01:44:10",
                "_end": "01:53:23",
                "data": {
                    "time": 45.212013
                }
            },
            {
                "time": {
                    "start": "2017-11-18T08:44:10.176Z",
                    "end": "2017-11-18T08:53:23.929Z"
                },
                "type": "SCRUB",
                "source": "data:drag",
                "_t": "01:44:10",
                "_end": "01:53:23",
                "data": {
                    "time": 45.212013
                }
            },
            {
                "time": "2017-11-18T08:53:23.940Z",
                "type": "JUMP",
                "source": "data:dblclick:h_pos",
                "_t": "01:53:23",
                "_end": "-",
                "data": {
                    "from": 45.212013,
                    "to": 46.71142388111478
                }
            },
            {
                "time": "2017-11-18T08:53:24.527Z",
                "type": "PLAY",
                "source": "hotkey",
                "_t": "01:53:24",
                "_end": "-",
                "data": {
                    "key": "space"
                }
            },
            {
                "time": "2017-11-18T08:53:25.619Z",
                "type": "PAUSE",
                "source": "hotkey",
                "_t": "01:53:25",
                "_end": "-",
                "data": {
                    "key": "space"
                }
            },
            {
                "time": {
                    "start": "2017-11-18T08:44:10.176Z",
                    "end": "2017-11-18T08:53:27.822Z"
                },
                "type": "SCRUB",
                "source": "data:drag",
                "_t": "01:44:10",
                "_end": "01:53:27",
                "data": {
                    "time": 46.964106
                }
            },
            {
                "time": {
                    "start": "2017-11-18T08:44:10.176Z",
                    "end": "2017-11-18T08:53:30.196Z"
                },
                "type": "SCRUB",
                "source": "data:drag",
                "_t": "01:44:10",
                "_end": "01:53:30",
                "data": {
                    "time": 46.964106
                }
            },
            {
                "time": {
                    "start": "2017-11-18T08:44:10.176Z",
                    "end": "2017-11-18T08:53:30.300Z"
                },
                "type": "SCRUB",
                "source": "data:drag",
                "_t": "01:44:10",
                "_end": "01:53:30",
                "data": {
                    "time": 46.964106
                }
            },
            {
                "time": "2017-11-18T08:53:30.311Z",
                "type": "JUMP",
                "source": "data:dblclick:h_pos",
                "_t": "01:53:30",
                "_end": "-",
                "data": {
                    "from": 46.964106,
                    "to": 48.579929651219295
                }
            },
            {
                "time": "2017-11-18T08:53:33.245Z",
                "type": "PLAY",
                "source": "hotkey",
                "_t": "01:53:33",
                "_end": "-",
                "data": {
                    "key": "space"
                }
            },
            {
                "time": "2017-11-18T08:53:34.624Z",
                "type": "PAUSE",
                "source": "hotkey",
                "_t": "01:53:34",
                "_end": "-",
                "data": {
                    "key": "space"
                }
            },
            {
                "time": {
                    "start": "2017-11-18T08:44:10.176Z",
                    "end": "2017-11-18T08:53:39.310Z"
                },
                "type": "SCRUB",
                "source": "data:drag",
                "_t": "01:44:10",
                "_end": "01:53:39",
                "data": {
                    "time": 48.906274
                }
            },
            {
                "time": {
                    "start": "2017-11-18T08:44:10.176Z",
                    "end": "2017-11-18T08:53:41.478Z"
                },
                "type": "SCRUB",
                "source": "data:drag",
                "_t": "01:44:10",
                "_end": "01:53:41",
                "data": {
                    "time": 48.906274
                }
            },
            {
                "time": {
                    "start": "2017-11-18T08:44:10.176Z",
                    "end": "2017-11-18T08:53:41.570Z"
                },
                "type": "SCRUB",
                "source": "data:drag",
                "_t": "01:44:10",
                "_end": "01:53:41",
                "data": {
                    "time": 48.906274
                }
            },
            {
                "time": "2017-11-18T08:53:41.581Z",
                "type": "JUMP",
                "source": "data:dblclick:h_pos",
                "_t": "01:53:41",
                "_end": "-",
                "data": {
                    "from": 48.906274,
                    "to": 49.978336653739376
                }
            },
            {
                "time": "2017-11-18T08:53:44.103Z",
                "type": "PLAY",
                "source": "hotkey",
                "_t": "01:53:44",
                "_end": "-",
                "data": {
                    "key": "space"
                }
            },
            {
                "time": "2017-11-18T08:53:47.521Z",
                "type": "PAUSE",
                "source": "hotkey",
                "_t": "01:53:47",
                "_end": "-",
                "data": {
                    "key": "space"
                }
            },
            {
                "time": {
                    "start": "2017-11-18T08:44:10.176Z",
                    "end": "2017-11-18T08:53:50.894Z"
                },
                "type": "SCRUB",
                "source": "data:drag",
                "_t": "01:44:10",
                "_end": "01:53:50",
                "data": {
                    "time": 50.813547
                }
            },
            {
                "time": {
                    "start": "2017-11-18T08:44:10.176Z",
                    "end": "2017-11-18T08:53:50.998Z"
                },
                "type": "SCRUB",
                "source": "data:drag",
                "_t": "01:44:10",
                "_end": "01:53:50",
                "data": {
                    "time": 50.813547
                }
            },
            {
                "time": "2017-11-18T08:53:51.005Z",
                "type": "JUMP",
                "source": "data:dblclick:h_pos",
                "_t": "01:53:51",
                "_end": "-",
                "data": {
                    "from": 50.813547,
                    "to": 51.43129886507462
                }
            },
            {
                "time": "2017-11-18T08:53:52.215Z",
                "type": "PLAY",
                "source": "hotkey",
                "_t": "01:53:52",
                "_end": "-",
                "data": {
                    "key": "space"
                }
            },
            {
                "time": "2017-11-18T08:53:53.554Z",
                "type": "PAUSE",
                "source": "hotkey",
                "_t": "01:53:53",
                "_end": "-",
                "data": {
                    "key": "space"
                }
            },
            {
                "time": {
                    "start": "2017-11-18T08:44:10.176Z",
                    "end": "2017-11-18T08:53:55.443Z"
                },
                "type": "SCRUB",
                "source": "data:drag",
                "_t": "01:44:10",
                "_end": "01:53:55",
                "data": {
                    "time": 51.748366
                }
            },
            {
                "time": {
                    "start": "2017-11-18T08:44:10.176Z",
                    "end": "2017-11-18T08:53:57.028Z"
                },
                "type": "SCRUB",
                "source": "data:drag",
                "_t": "01:44:10",
                "_end": "01:53:57",
                "data": {
                    "time": 51.748366
                }
            },
            {
                "time": {
                    "start": "2017-11-18T08:44:10.176Z",
                    "end": "2017-11-18T08:53:57.131Z"
                },
                "type": "SCRUB",
                "source": "data:drag",
                "_t": "01:44:10",
                "_end": "01:53:57",
                "data": {
                    "time": 51.748366
                }
            },
            {
                "time": "2017-11-18T08:53:57.142Z",
                "type": "JUMP",
                "source": "data:dblclick:h_pos",
                "_t": "01:53:57",
                "_end": "-",
                "data": {
                    "from": 51.748366,
                    "to": 52.905487975434035
                }
            },
            {
                "time": "2017-11-18T08:53:58.067Z",
                "type": "PLAY",
                "source": "hotkey",
                "_t": "01:53:58",
                "_end": "-",
                "data": {
                    "key": "space"
                }
            },
            {
                "time": "2017-11-18T08:53:58.898Z",
                "type": "PAUSE",
                "source": "hotkey",
                "_t": "01:53:58",
                "_end": "-",
                "data": {
                    "key": "space"
                }
            },
            {
                "time": {
                    "start": "2017-11-18T08:44:10.176Z",
                    "end": "2017-11-18T08:54:01.143Z"
                },
                "type": "SCRUB",
                "source": "data:drag",
                "_t": "01:44:10",
                "_end": "01:54:01",
                "data": {
                    "time": 53.095447
                }
            },
            {
                "time": {
                    "start": "2017-11-18T08:44:10.176Z",
                    "end": "2017-11-18T08:54:03.784Z"
                },
                "type": "SCRUB",
                "source": "data:drag",
                "_t": "01:44:10",
                "_end": "01:54:03",
                "data": {
                    "time": 53.095447
                }
            },
            {
                "time": {
                    "start": "2017-11-18T08:44:10.176Z",
                    "end": "2017-11-18T08:54:03.875Z"
                },
                "type": "SCRUB",
                "source": "data:drag",
                "_t": "01:44:10",
                "_end": "01:54:03",
                "data": {
                    "time": 53.095447
                }
            },
            {
                "time": "2017-11-18T08:54:03.888Z",
                "type": "JUMP",
                "source": "data:dblclick:h_pos",
                "_t": "01:54:03",
                "_end": "-",
                "data": {
                    "from": 53.095447,
                    "to": 54.406781300900874
                }
            },
            {
                "time": "2017-11-18T08:54:05.133Z",
                "type": "PLAY",
                "source": "hotkey",
                "_t": "01:54:05",
                "_end": "-",
                "data": {
                    "key": "space"
                }
            },
            {
                "time": "2017-11-18T08:54:05.956Z",
                "type": "PAUSE",
                "source": "hotkey",
                "_t": "01:54:05",
                "_end": "-",
                "data": {
                    "key": "space"
                }
            },
            {
                "time": {
                    "start": "2017-11-18T08:44:10.176Z",
                    "end": "2017-11-18T08:54:08.931Z"
                },
                "type": "SCRUB",
                "source": "data:drag",
                "_t": "01:44:10",
                "_end": "01:54:08",
                "data": {
                    "time": 54.596379
                }
            },
            {
                "time": {
                    "start": "2017-11-18T08:44:10.176Z",
                    "end": "2017-11-18T08:54:10.963Z"
                },
                "type": "SCRUB",
                "source": "data:drag",
                "_t": "01:44:10",
                "_end": "01:54:10",
                "data": {
                    "time": 54.596379
                }
            },
            {
                "time": {
                    "start": "2017-11-18T08:44:10.176Z",
                    "end": "2017-11-18T08:54:11.066Z"
                },
                "type": "SCRUB",
                "source": "data:drag",
                "_t": "01:44:10",
                "_end": "01:54:11",
                "data": {
                    "time": 54.596379
                }
            },
            {
                "time": "2017-11-18T08:54:11.075Z",
                "type": "JUMP",
                "source": "data:dblclick:h_pos",
                "_t": "01:54:11",
                "_end": "-",
                "data": {
                    "from": 54.596379,
                    "to": 56.00363436976641
                }
            },
            {
                "time": "2017-11-18T08:54:12.088Z",
                "type": "PLAY",
                "source": "hotkey",
                "_t": "01:54:12",
                "_end": "-",
                "data": {
                    "key": "space"
                }
            },
            {
                "time": "2017-11-18T08:54:12.989Z",
                "type": "PAUSE",
                "source": "hotkey",
                "_t": "01:54:12",
                "_end": "-",
                "data": {
                    "key": "space"
                }
            },
            {
                "time": {
                    "start": "2017-11-18T08:44:10.176Z",
                    "end": "2017-11-18T08:54:16.649Z"
                },
                "type": "SCRUB",
                "source": "data:drag",
                "_t": "01:44:10",
                "_end": "01:54:16",
                "data": {
                    "time": 56.209054
                }
            },
            {
                "time": {
                    "start": "2017-11-18T08:44:10.176Z",
                    "end": "2017-11-18T08:54:19.897Z"
                },
                "type": "SCRUB",
                "source": "data:drag",
                "_t": "01:44:10",
                "_end": "01:54:19",
                "data": {
                    "time": 56.209054
                }
            },
            {
                "time": {
                    "start": "2017-11-18T08:44:10.176Z",
                    "end": "2017-11-18T08:54:19.991Z"
                },
                "type": "SCRUB",
                "source": "data:drag",
                "_t": "01:44:10",
                "_end": "01:54:19",
                "data": {
                    "time": 56.209054
                }
            },
            {
                "time": "2017-11-18T08:54:20.002Z",
                "type": "JUMP",
                "source": "data:dblclick:h_pos",
                "_t": "01:54:20",
                "_end": "-",
                "data": {
                    "from": 56.209054,
                    "to": 58.04014809333779
                }
            }
        ]
    }
}