{
    "user_id": "4040",
    "session_id": "5a0fe4e35efd4d725417b963",
    "study": "gold",
    "workspace": "cane.cane-vid3-dat3",
    "details": {
        "workspace": "cane.cane-vid3-dat3",
        "labels": [
            {
                "time": 38.66142517318469,
                "endTime": 39.78844113365477,
                "type": "ground",
                "id": 1
            },
            {
                "time": 40.317659999995435,
                "endTime": 41.40740715231472,
                "type": "ground",
                "id": 2
            },
            {
                "time": 41.878489,
                "endTime": 42.954819057494845,
                "type": "ground",
                "id": 3
            },
            {
                "time": 43.44528,
                "endTime": 44.57080505090923,
                "type": "ground",
                "id": 4
            },
            {
                "time": 45.100026,
                "endTime": 46.24940338826665,
                "type": "ground",
                "id": 5
            },
            {
                "time": 46.716012,
                "endTime": 47.82961110381078,
                "type": "ground",
                "id": 6
            },
            {
                "time": 48.601826,
                "endTime": 49.450069494068046,
                "type": "ground",
                "id": 7
            },
            {
                "time": 49.977799,
                "endTime": 50.942321918554356,
                "type": "ground",
                "id": 8
            },
            {
                "time": 51.42980214113564,
                "endTime": 52.31382343567915,
                "type": "ground",
                "id": 9
            },
            {
                "time": 52.90714674408301,
                "endTime": 53.753899238147504,
                "type": "ground",
                "id": 10
            },
            {
                "time": 54.408343,
                "endTime": 55.456349058596786,
                "type": "ground",
                "id": 11
            },
            {
                "time": 56.009422,
                "endTime": 57.11854896047936,
                "type": "ground",
                "id": 12
            },
            {
                "time": 68.91325158249653,
                "endTime": 70.23434070579704,
                "type": "ground",
                "id": 13
            },
            {
                "time": 70.774563,
                "endTime": 71.7297746899832,
                "type": "ground",
                "id": 14
            },
            {
                "time": 72.333842,
                "endTime": 73.45357560038201,
                "type": "ground",
                "id": 15
            },
            {
                "time": 73.988887,
                "endTime": 75.03249815492406,
                "type": "ground",
                "id": 16
            },
            {
                "time": 75.56044255614118,
                "endTime": 76.46163140744095,
                "type": "ground",
                "id": 17
            },
            {
                "time": 77.055876,
                "endTime": 78.0675648286187,
                "type": "ground",
                "id": 18
            }
        ],
        "_starts": [
            "2017-11-18T08:47:47.000Z"
        ],
        "_ends": [
            "2017-11-18T09:02:35.951Z"
        ]
    },
    "labels_file": "/home/ubuntu/vat/data/user-studies/gold/practice-first/4040.labels.json",
    "videoFlash": 1.747661,
    "surveys": {
        "user-info": {
            "firstname": "Broderick",
            "lastname": "Gardner"
        }
    },
    "logs": {
        "labelEvents": [
            {
                "time": "2017-11-18T08:54:58.911Z",
                "type": "START",
                "source": "hotkey",
                "_t": "01:54:58",
                "_end": "-",
                "data": {
                    "type": "ground",
                    "time": 38.661425
                }
            },
            {
                "time": "2017-11-18T08:55:02.790Z",
                "type": "END",
                "source": "data:click:h_pos",
                "_t": "01:55:02",
                "_end": "-",
                "data": {
                    "lbl": {
                        "time": 38.66142517318469,
                        "endTime": 39.78844113365477,
                        "type": "ground",
                        "id": 1
                    }
                }
            },
            {
                "time": "2017-11-18T08:55:16.274Z",
                "type": "SELECT",
                "source": "data:click",
                "_t": "01:55:16",
                "_end": "-",
                "data": {
                    "time": 38.66142517318469,
                    "endTime": 39.78844113365477,
                    "type": "ground",
                    "id": 1
                }
            },
            {
                "time": {
                    "start": "2017-11-18T08:55:17.725Z",
                    "end": "2017-11-18T08:55:18.913Z"
                },
                "type": "RESIZE",
                "source": "data:brush",
                "_t": "01:55:17",
                "_end": "01:55:18",
                "data": {
                    "brushing": true,
                    "origin": [
                        38.661425,
                        38.72403699780441
                    ],
                    "_brushside": 1,
                    "start": "2017-11-18T08:55:17.725Z",
                    "ε": 0.1,
                    "mode": "resize"
                }
            },
            {
                "time": {
                    "start": "2017-11-18T08:55:41.881Z",
                    "end": "2017-11-18T08:55:43.003Z"
                },
                "type": "RESIZE",
                "source": "data:brush",
                "_t": "01:55:41",
                "_end": "01:55:43",
                "data": {
                    "brushing": true,
                    "origin": [
                        38.66142500000516,
                        39.86297905310856
                    ],
                    "_brushside": 1,
                    "start": "2017-11-18T08:55:41.881Z",
                    "ε": 0.1,
                    "mode": "resize"
                }
            },
            {
                "time": "2017-11-18T08:55:59.889Z",
                "type": "START",
                "source": "hotkey",
                "_t": "01:55:59",
                "_end": "-",
                "data": {
                    "type": "ground",
                    "time": 40.31766
                }
            },
            {
                "time": "2017-11-18T08:56:03.426Z",
                "type": "END",
                "source": "data:click:h_pos",
                "_t": "01:56:03",
                "_end": "-",
                "data": {
                    "lbl": {
                        "time": 40.317659999995435,
                        "endTime": 41.40740715231472,
                        "type": "ground",
                        "id": 2
                    }
                }
            },
            {
                "time": "2017-11-18T08:56:20.737Z",
                "type": "SELECT",
                "source": "data:click",
                "_t": "01:56:20",
                "_end": "-",
                "data": {
                    "time": 38.66142517318469,
                    "endTime": 39.78844113365477,
                    "type": "ground",
                    "id": 1
                }
            },
            {
                "time": {
                    "start": "2017-11-18T08:56:25.463Z",
                    "end": "2017-11-18T08:56:26.648Z"
                },
                "type": "RESIZE",
                "source": "data:brush",
                "_t": "01:56:25",
                "_end": "01:56:26",
                "data": {
                    "brushing": true,
                    "origin": [
                        38.66142470895873,
                        39.7392455283058
                    ],
                    "start": "2017-11-18T08:56:25.463Z",
                    "ε": 0.1,
                    "mode": "resize"
                }
            },
            {
                "time": "2017-11-18T08:56:42.447Z",
                "type": "DESELECT",
                "source": "side-bar:button",
                "_t": "01:56:42",
                "_end": "-",
                "data": {
                    "time": 38.66142517318469,
                    "endTime": 39.78844113365477,
                    "type": "ground",
                    "id": 1
                }
            },
            {
                "time": "2017-11-18T08:56:43.735Z",
                "type": "SELECT",
                "source": "data:click",
                "_t": "01:56:43",
                "_end": "-",
                "data": {
                    "time": 40.317659999995435,
                    "endTime": 41.40740715231472,
                    "type": "ground",
                    "id": 2
                }
            },
            {
                "time": {
                    "start": "2017-11-18T08:56:45.742Z",
                    "end": "2017-11-18T08:56:47.137Z"
                },
                "type": "RESIZE",
                "source": "data:brush",
                "_t": "01:56:45",
                "_end": "01:56:47",
                "data": {
                    "brushing": true,
                    "origin": [
                        40.31766,
                        41.31945220301805
                    ],
                    "start": "2017-11-18T08:56:45.742Z",
                    "ε": 0.1,
                    "mode": "resize"
                }
            },
            {
                "time": "2017-11-18T08:57:23.175Z",
                "type": "START",
                "source": "hotkey",
                "_t": "01:57:23",
                "_end": "-",
                "data": {
                    "type": "ground",
                    "time": 41.878489
                }
            },
            {
                "time": "2017-11-18T08:57:24.638Z",
                "type": "END",
                "source": "data:click:h_pos",
                "_t": "01:57:24",
                "_end": "-",
                "data": {
                    "lbl": {
                        "time": 41.878489,
                        "endTime": 42.954819057494845,
                        "type": "ground",
                        "id": 3
                    }
                }
            },
            {
                "time": "2017-11-18T08:57:39.315Z",
                "type": "START",
                "source": "hotkey",
                "_t": "01:57:39",
                "_end": "-",
                "data": {
                    "type": "ground",
                    "time": 43.44528
                }
            },
            {
                "time": "2017-11-18T08:57:40.992Z",
                "type": "END",
                "source": "data:click:h_pos",
                "_t": "01:57:40",
                "_end": "-",
                "data": {
                    "lbl": {
                        "time": 43.44528,
                        "endTime": 44.57080505090923,
                        "type": "ground",
                        "id": 4
                    }
                }
            },
            {
                "time": "2017-11-18T08:57:55.256Z",
                "type": "START",
                "source": "hotkey",
                "_t": "01:57:55",
                "_end": "-",
                "data": {
                    "type": "ground",
                    "time": 45.100026
                }
            },
            {
                "time": "2017-11-18T08:57:57.260Z",
                "type": "END",
                "source": "data:click:h_pos",
                "_t": "01:57:57",
                "_end": "-",
                "data": {
                    "lbl": {
                        "time": 45.100026,
                        "endTime": 46.24940338826665,
                        "type": "ground",
                        "id": 5
                    }
                }
            },
            {
                "time": "2017-11-18T08:58:08.647Z",
                "type": "START",
                "source": "hotkey",
                "_t": "01:58:08",
                "_end": "-",
                "data": {
                    "type": "ground",
                    "time": 46.716012
                }
            },
            {
                "time": "2017-11-18T08:58:09.409Z",
                "type": "END",
                "source": "data:click:h_pos",
                "_t": "01:58:09",
                "_end": "-",
                "data": {
                    "lbl": {
                        "time": 46.716012,
                        "endTime": 47.82961110381078,
                        "type": "ground",
                        "id": 6
                    }
                }
            },
            {
                "time": "2017-11-18T08:58:18.019Z",
                "type": "START",
                "source": "hotkey",
                "_t": "01:58:18",
                "_end": "-",
                "data": {
                    "type": "ground",
                    "time": 48.601826
                }
            },
            {
                "time": "2017-11-18T08:58:19.070Z",
                "type": "END",
                "source": "data:click:h_pos",
                "_t": "01:58:19",
                "_end": "-",
                "data": {
                    "lbl": {
                        "time": 48.601826,
                        "endTime": 49.450069494068046,
                        "type": "ground",
                        "id": 7
                    }
                }
            },
            {
                "time": "2017-11-18T08:58:26.283Z",
                "type": "START",
                "source": "hotkey",
                "_t": "01:58:26",
                "_end": "-",
                "data": {
                    "type": "ground",
                    "time": 49.977799
                }
            },
            {
                "time": "2017-11-18T08:58:27.518Z",
                "type": "END",
                "source": "data:click:h_pos",
                "_t": "01:58:27",
                "_end": "-",
                "data": {
                    "lbl": {
                        "time": 49.977799,
                        "endTime": 50.942321918554356,
                        "type": "ground",
                        "id": 8
                    }
                }
            },
            {
                "time": "2017-11-18T08:58:32.271Z",
                "type": "START",
                "source": "hotkey",
                "_t": "01:58:32",
                "_end": "-",
                "data": {
                    "type": "ground",
                    "time": 51.429802
                }
            },
            {
                "time": "2017-11-18T08:58:34.046Z",
                "type": "END",
                "source": "data:click:h_pos",
                "_t": "01:58:34",
                "_end": "-",
                "data": {
                    "lbl": {
                        "time": 51.42980214113564,
                        "endTime": 52.31382343567915,
                        "type": "ground",
                        "id": 9
                    }
                }
            },
            {
                "time": "2017-11-18T08:58:39.323Z",
                "type": "START",
                "source": "hotkey",
                "_t": "01:58:39",
                "_end": "-",
                "data": {
                    "type": "ground",
                    "time": 52.907147
                }
            },
            {
                "time": "2017-11-18T08:58:40.343Z",
                "type": "END",
                "source": "data:click:h_pos",
                "_t": "01:58:40",
                "_end": "-",
                "data": {
                    "lbl": {
                        "time": 52.90714674408301,
                        "endTime": 53.753899238147504,
                        "type": "ground",
                        "id": 10
                    }
                }
            },
            {
                "time": "2017-11-18T08:58:53.138Z",
                "type": "SELECT",
                "source": "data:click",
                "_t": "01:58:53",
                "_end": "-",
                "data": {
                    "time": 52.90714674408301,
                    "endTime": 53.753899238147504,
                    "type": "ground",
                    "id": 10
                }
            },
            {
                "time": {
                    "start": "2017-11-18T08:58:56.222Z",
                    "end": "2017-11-18T08:58:56.990Z"
                },
                "type": "RESIZE",
                "source": "data:brush",
                "_t": "01:58:56",
                "_end": "01:58:56",
                "data": {
                    "brushing": true,
                    "origin": [
                        52.907147,
                        53.861234347443485
                    ],
                    "_brushside": 1,
                    "start": "2017-11-18T08:58:56.222Z",
                    "ε": 0.1,
                    "mode": "resize"
                }
            },
            {
                "time": "2017-11-18T08:59:06.049Z",
                "type": "DESELECT",
                "source": "side-bar:button",
                "_t": "01:59:06",
                "_end": "-",
                "data": {
                    "time": 52.90714674408301,
                    "endTime": 53.753899238147504,
                    "type": "ground",
                    "id": 10
                }
            },
            {
                "time": "2017-11-18T08:59:07.362Z",
                "type": "SELECT",
                "source": "data:click",
                "_t": "01:59:07",
                "_end": "-",
                "data": {
                    "time": 51.42980214113564,
                    "endTime": 52.31382343567915,
                    "type": "ground",
                    "id": 9
                }
            },
            {
                "time": {
                    "start": "2017-11-18T08:59:08.434Z",
                    "end": "2017-11-18T08:59:10.195Z"
                },
                "type": "RESIZE",
                "source": "data:brush",
                "_t": "01:59:08",
                "_end": "01:59:10",
                "data": {
                    "brushing": true,
                    "origin": [
                        51.429802,
                        52.354073864564334
                    ],
                    "start": "2017-11-18T08:59:08.434Z",
                    "ε": 0.1,
                    "mode": "resize"
                }
            },
            {
                "time": {
                    "start": "2017-11-18T08:59:15.461Z",
                    "end": "2017-11-18T08:59:16.094Z"
                },
                "type": "RESIZE",
                "source": "data:brush",
                "_t": "01:59:15",
                "_end": "01:59:16",
                "data": {
                    "brushing": true,
                    "origin": [
                        51.42980200000001,
                        52.29146186675993
                    ],
                    "start": "2017-11-18T08:59:15.461Z",
                    "ε": 0.1,
                    "mode": "resize"
                }
            },
            {
                "time": "2017-11-18T08:59:28.533Z",
                "type": "START",
                "source": "hotkey",
                "_t": "01:59:28",
                "_end": "-",
                "data": {
                    "type": "ground",
                    "time": 54.408343
                }
            },
            {
                "time": "2017-11-18T08:59:30.981Z",
                "type": "END",
                "source": "data:click:h_pos",
                "_t": "01:59:30",
                "_end": "-",
                "data": {
                    "lbl": {
                        "time": 54.408343,
                        "endTime": 55.456349058596786,
                        "type": "ground",
                        "id": 11
                    }
                }
            },
            {
                "time": "2017-11-18T08:59:42.903Z",
                "type": "SELECT",
                "source": "data:click",
                "_t": "01:59:42",
                "_end": "-",
                "data": {
                    "time": 54.408343,
                    "endTime": 55.456349058596786,
                    "type": "ground",
                    "id": 11
                }
            },
            {
                "time": {
                    "start": "2017-11-18T08:59:44.134Z",
                    "end": "2017-11-18T08:59:46.248Z"
                },
                "type": "RESIZE",
                "source": "data:brush",
                "_t": "01:59:44",
                "_end": "01:59:46",
                "data": {
                    "brushing": true,
                    "origin": [
                        54.408343,
                        55.39820934634983
                    ],
                    "start": "2017-11-18T08:59:44.134Z",
                    "ε": 0.1,
                    "mode": "resize"
                }
            },
            {
                "time": "2017-11-18T08:59:58.605Z",
                "type": "START",
                "source": "hotkey",
                "_t": "01:59:58",
                "_end": "-",
                "data": {
                    "type": "ground",
                    "time": 56.009422
                }
            },
            {
                "time": "2017-11-18T09:00:00.467Z",
                "type": "END",
                "source": "data:click:h_pos",
                "_t": "02:00:00",
                "_end": "-",
                "data": {
                    "lbl": {
                        "time": 56.009422,
                        "endTime": 57.11854896047936,
                        "type": "ground",
                        "id": 12
                    }
                }
            },
            {
                "time": "2017-11-18T09:00:44.030Z",
                "type": "START",
                "source": "hotkey",
                "_t": "02:00:44",
                "_end": "-",
                "data": {
                    "type": "ground",
                    "time": 68.913252
                }
            },
            {
                "time": "2017-11-18T09:00:45.639Z",
                "type": "END",
                "source": "data:click:h_pos",
                "_t": "02:00:45",
                "_end": "-",
                "data": {
                    "lbl": {
                        "time": 68.91325158249653,
                        "endTime": 70.23434070579704,
                        "type": "ground",
                        "id": 13
                    }
                }
            },
            {
                "time": "2017-11-18T09:01:02.819Z",
                "type": "SELECT",
                "source": "data:click",
                "_t": "02:01:02",
                "_end": "-",
                "data": {
                    "time": 68.91325158249653,
                    "endTime": 70.23434070579704,
                    "type": "ground",
                    "id": 13
                }
            },
            {
                "time": {
                    "start": "2017-11-18T09:01:03.948Z",
                    "end": "2017-11-18T09:01:05.194Z"
                },
                "type": "RESIZE",
                "source": "data:brush",
                "_t": "02:01:03",
                "_end": "02:01:05",
                "data": {
                    "brushing": true,
                    "origin": [
                        68.913252,
                        70.35220781807833
                    ],
                    "_brushside": 1,
                    "start": "2017-11-18T09:01:03.948Z",
                    "ε": 0.1,
                    "mode": "resize"
                }
            },
            {
                "time": "2017-11-18T09:01:11.052Z",
                "type": "START",
                "source": "hotkey",
                "_t": "02:01:11",
                "_end": "-",
                "data": {
                    "type": "ground",
                    "time": 70.774563
                }
            },
            {
                "time": "2017-11-18T09:01:12.110Z",
                "type": "END",
                "source": "data:click:h_pos",
                "_t": "02:01:12",
                "_end": "-",
                "data": {
                    "lbl": {
                        "time": 70.774563,
                        "endTime": 71.7297746899832,
                        "type": "ground",
                        "id": 14
                    }
                }
            },
            {
                "time": "2017-11-18T09:01:29.382Z",
                "type": "START",
                "source": "hotkey",
                "_t": "02:01:29",
                "_end": "-",
                "data": {
                    "type": "ground",
                    "time": 72.333842
                }
            },
            {
                "time": "2017-11-18T09:01:31.077Z",
                "type": "END",
                "source": "data:click:h_pos",
                "_t": "02:01:31",
                "_end": "-",
                "data": {
                    "lbl": {
                        "time": 72.333842,
                        "endTime": 73.45357560038201,
                        "type": "ground",
                        "id": 15
                    }
                }
            },
            {
                "time": "2017-11-18T09:01:42.163Z",
                "type": "START",
                "source": "hotkey",
                "_t": "02:01:42",
                "_end": "-",
                "data": {
                    "type": "ground",
                    "time": 73.988887
                }
            },
            {
                "time": "2017-11-18T09:01:44.099Z",
                "type": "END",
                "source": "data:click:h_pos",
                "_t": "02:01:44",
                "_end": "-",
                "data": {
                    "lbl": {
                        "time": 73.988887,
                        "endTime": 75.03249815492406,
                        "type": "ground",
                        "id": 16
                    }
                }
            },
            {
                "time": "2017-11-18T09:01:58.248Z",
                "type": "START",
                "source": "hotkey",
                "_t": "02:01:58",
                "_end": "-",
                "data": {
                    "type": "ground",
                    "time": 75.560443
                }
            },
            {
                "time": "2017-11-18T09:01:59.785Z",
                "type": "END",
                "source": "data:click:h_pos",
                "_t": "02:01:59",
                "_end": "-",
                "data": {
                    "lbl": {
                        "time": 75.56044255614118,
                        "endTime": 76.46163140744095,
                        "type": "ground",
                        "id": 17
                    }
                }
            },
            {
                "time": "2017-11-18T09:02:05.491Z",
                "type": "SELECT",
                "source": "data:click",
                "_t": "02:02:05",
                "_end": "-",
                "data": {
                    "time": 75.56044255614118,
                    "endTime": 76.46163140744095,
                    "type": "ground",
                    "id": 17
                }
            },
            {
                "time": {
                    "start": "2017-11-18T09:02:06.559Z",
                    "end": "2017-11-18T09:02:07.771Z"
                },
                "type": "RESIZE",
                "source": "data:brush",
                "_t": "02:02:06",
                "_end": "02:02:07",
                "data": {
                    "brushing": true,
                    "origin": [
                        75.560443,
                        76.43216517760553
                    ],
                    "start": "2017-11-18T09:02:06.559Z",
                    "ε": 0.1,
                    "mode": "resize"
                }
            },
            {
                "time": "2017-11-18T09:02:12.267Z",
                "type": "START",
                "source": "hotkey",
                "_t": "02:02:12",
                "_end": "-",
                "data": {
                    "type": "ground",
                    "time": 77.055876
                }
            },
            {
                "time": "2017-11-18T09:02:13.692Z",
                "type": "END",
                "source": "data:click:h_pos",
                "_t": "02:02:13",
                "_end": "-",
                "data": {
                    "lbl": {
                        "time": 77.055876,
                        "endTime": 78.0675648286187,
                        "type": "ground",
                        "id": 18
                    }
                }
            }
        ],
        "navigationEvents": [
            {
                "time": {
                    "start": "2017-11-18T08:47:47.347Z",
                    "end": "2017-11-18T08:49:41.051Z"
                },
                "type": "SCRUB",
                "source": "data:drag",
                "_t": "01:47:47",
                "_end": "01:49:41",
                "data": {
                    "time": 34.246269
                }
            },
            {
                "time": {
                    "start": "2017-11-18T08:47:47.347Z",
                    "end": "2017-11-18T08:50:01.540Z"
                },
                "type": "SCRUB",
                "source": "data:drag",
                "_t": "01:47:47",
                "_end": "01:50:01",
                "data": {
                    "time": 38.620439
                }
            },
            {
                "time": {
                    "start": "2017-11-18T08:47:47.347Z",
                    "end": "2017-11-18T08:50:14.540Z"
                },
                "type": "SCRUB",
                "source": "data:drag",
                "_t": "01:47:47",
                "_end": "01:50:14",
                "data": {
                    "time": 38.64502740071793
                }
            },
            {
                "time": {
                    "start": "2017-11-18T08:47:47.347Z",
                    "end": "2017-11-18T08:54:38.993Z"
                },
                "type": "SCRUB",
                "source": "data:drag",
                "_t": "01:47:47",
                "_end": "01:54:38",
                "data": {
                    "time": 38.661425
                }
            },
            {
                "time": {
                    "start": "2017-11-18T08:47:47.347Z",
                    "end": "2017-11-18T08:55:02.784Z"
                },
                "type": "SCRUB",
                "source": "data:drag",
                "_t": "01:47:47",
                "_end": "01:55:02",
                "data": {
                    "time": 38.661425
                }
            },
            {
                "time": {
                    "start": "2017-11-18T08:47:47.347Z",
                    "end": "2017-11-18T08:55:04.651Z"
                },
                "type": "SCRUB",
                "source": "data:drag",
                "_t": "01:47:47",
                "_end": "01:55:04",
                "data": {
                    "time": 39.447056
                }
            },
            {
                "time": {
                    "start": "2017-11-18T08:47:47.347Z",
                    "end": "2017-11-18T08:55:07.033Z"
                },
                "type": "SCRUB",
                "source": "data:drag",
                "_t": "01:47:47",
                "_end": "01:55:07",
                "data": {
                    "time": 39.561845
                }
            },
            {
                "time": {
                    "start": "2017-11-18T08:47:47.347Z",
                    "end": "2017-11-18T08:55:11.307Z"
                },
                "type": "SCRUB",
                "source": "data:drag",
                "_t": "01:47:47",
                "_end": "01:55:11",
                "data": {
                    "time": 39.68408747190337
                }
            },
            {
                "time": {
                    "start": "2017-11-18T08:47:47.347Z",
                    "end": "2017-11-18T08:55:14.557Z"
                },
                "type": "SCRUB",
                "source": "data:drag",
                "_t": "01:47:47",
                "_end": "01:55:14",
                "data": {
                    "time": 39.894284
                }
            },
            {
                "time": {
                    "start": "2017-11-18T08:47:47.347Z",
                    "end": "2017-11-18T08:55:16.271Z"
                },
                "type": "SCRUB",
                "source": "data:drag",
                "_t": "01:47:47",
                "_end": "01:55:16",
                "data": {
                    "time": 39.894284
                }
            },
            {
                "time": {
                    "start": "2017-11-18T08:47:47.347Z",
                    "end": "2017-11-18T08:55:18.923Z"
                },
                "type": "SCRUB",
                "source": "data:drag",
                "_t": "01:47:47",
                "_end": "01:55:18",
                "data": {
                    "time": 39.894284
                }
            },
            {
                "time": {
                    "start": "2017-11-18T08:47:47.347Z",
                    "end": "2017-11-18T08:55:38.958Z"
                },
                "type": "SCRUB",
                "source": "data:drag",
                "_t": "01:47:47",
                "_end": "01:55:38",
                "data": {
                    "time": 39.742226291046435
                }
            },
            {
                "time": {
                    "start": "2017-11-18T08:47:47.347Z",
                    "end": "2017-11-18T08:55:43.014Z"
                },
                "type": "SCRUB",
                "source": "data:drag",
                "_t": "01:47:47",
                "_end": "01:55:43",
                "data": {
                    "time": 39.742226
                }
            },
            {
                "time": {
                    "start": "2017-11-18T08:47:47.347Z",
                    "end": "2017-11-18T08:55:47.325Z"
                },
                "type": "SCRUB",
                "source": "data:drag",
                "_t": "01:47:47",
                "_end": "01:55:47",
                "data": {
                    "time": 40.155167
                }
            },
            {
                "time": {
                    "start": "2017-11-18T08:47:47.347Z",
                    "end": "2017-11-18T08:55:57.768Z"
                },
                "type": "SCRUB",
                "source": "data:drag",
                "_t": "01:47:47",
                "_end": "01:55:57",
                "data": {
                    "time": 40.31766
                }
            },
            {
                "time": {
                    "start": "2017-11-18T08:47:47.347Z",
                    "end": "2017-11-18T08:56:03.425Z"
                },
                "type": "SCRUB",
                "source": "data:drag",
                "_t": "01:47:47",
                "_end": "01:56:03",
                "data": {
                    "time": 40.31766
                }
            },
            {
                "time": {
                    "start": "2017-11-18T08:47:47.347Z",
                    "end": "2017-11-18T08:56:04.746Z"
                },
                "type": "SCRUB",
                "source": "data:drag",
                "_t": "01:47:47",
                "_end": "01:56:04",
                "data": {
                    "time": 40.31766
                }
            },
            {
                "time": {
                    "start": "2017-11-18T08:47:47.347Z",
                    "end": "2017-11-18T08:56:07.456Z"
                },
                "type": "SCRUB",
                "source": "data:drag",
                "_t": "01:47:47",
                "_end": "01:56:07",
                "data": {
                    "time": 41.320943
                }
            },
            {
                "time": {
                    "start": "2017-11-18T08:47:47.347Z",
                    "end": "2017-11-18T08:56:15.765Z"
                },
                "type": "SCRUB",
                "source": "data:drag",
                "_t": "01:47:47",
                "_end": "01:56:15",
                "data": {
                    "time": 40.13280576843924
                }
            },
            {
                "time": {
                    "start": "2017-11-18T08:47:47.347Z",
                    "end": "2017-11-18T08:56:19.640Z"
                },
                "type": "SCRUB",
                "source": "data:drag",
                "_t": "01:47:47",
                "_end": "01:56:19",
                "data": {
                    "time": 39.791422
                }
            },
            {
                "time": {
                    "start": "2017-11-18T08:47:47.347Z",
                    "end": "2017-11-18T08:56:20.730Z"
                },
                "type": "SCRUB",
                "source": "data:drag",
                "_t": "01:47:47",
                "_end": "01:56:20",
                "data": {
                    "time": 39.791422
                }
            },
            {
                "time": {
                    "start": "2017-11-18T08:47:47.347Z",
                    "end": "2017-11-18T08:56:26.659Z"
                },
                "type": "SCRUB",
                "source": "data:drag",
                "_t": "01:47:47",
                "_end": "01:56:26",
                "data": {
                    "time": 39.791422
                }
            },
            {
                "time": {
                    "start": "2017-11-18T08:47:47.347Z",
                    "end": "2017-11-18T08:56:28.371Z"
                },
                "type": "SCRUB",
                "source": "data:drag",
                "_t": "01:47:47",
                "_end": "01:56:28",
                "data": {
                    "time": 40.95570700679151
                }
            },
            {
                "time": {
                    "start": "2017-11-18T08:47:47.347Z",
                    "end": "2017-11-18T08:56:35.113Z"
                },
                "type": "SCRUB",
                "source": "data:drag",
                "_t": "01:47:47",
                "_end": "01:56:35",
                "data": {
                    "time": 41.408899
                }
            },
            {
                "time": {
                    "start": "2017-11-18T08:47:47.347Z",
                    "end": "2017-11-18T08:56:36.793Z"
                },
                "type": "SCRUB",
                "source": "data:drag",
                "_t": "01:47:47",
                "_end": "01:56:36",
                "data": {
                    "time": 41.408899
                }
            },
            {
                "time": {
                    "start": "2017-11-18T08:47:47.347Z",
                    "end": "2017-11-18T08:56:38.103Z"
                },
                "type": "SCRUB",
                "source": "data:drag",
                "_t": "01:47:47",
                "_end": "01:56:38",
                "data": {
                    "time": 41.408899
                }
            },
            {
                "time": {
                    "start": "2017-11-18T08:47:47.347Z",
                    "end": "2017-11-18T08:56:43.728Z"
                },
                "type": "SCRUB",
                "source": "data:drag",
                "_t": "01:47:47",
                "_end": "01:56:43",
                "data": {
                    "time": 41.408899
                }
            },
            {
                "time": {
                    "start": "2017-11-18T08:47:47.347Z",
                    "end": "2017-11-18T08:56:47.152Z"
                },
                "type": "SCRUB",
                "source": "data:drag",
                "_t": "01:47:47",
                "_end": "01:56:47",
                "data": {
                    "time": 41.408899
                }
            },
            {
                "time": {
                    "start": "2017-11-18T08:47:47.347Z",
                    "end": "2017-11-18T08:56:55.980Z"
                },
                "type": "SCRUB",
                "source": "data:drag",
                "_t": "01:47:47",
                "_end": "01:56:55",
                "data": {
                    "time": 41.887434
                }
            },
            {
                "time": {
                    "start": "2017-11-18T08:47:47.347Z",
                    "end": "2017-11-18T08:57:13.294Z"
                },
                "type": "SCRUB",
                "source": "data:drag",
                "_t": "01:47:47",
                "_end": "01:57:13",
                "data": {
                    "time": 41.87848871444253
                }
            },
            {
                "time": "2017-11-18T08:57:15.231Z",
                "type": "SKIP",
                "source": "hotkey",
                "_t": "01:57:15",
                "_end": "-",
                "data": {
                    "t": 41.878489,
                    "Δt": 0.033366700033366704,
                    "key": "shift+right"
                }
            },
            {
                "time": "2017-11-18T08:57:17.501Z",
                "type": "SKIP",
                "source": "hotkey",
                "_t": "01:57:17",
                "_end": "-",
                "data": {
                    "t": 41.911856,
                    "Δt": -0.033366700033366704,
                    "key": "shift+left"
                }
            },
            {
                "time": {
                    "start": "2017-11-18T08:47:47.347Z",
                    "end": "2017-11-18T08:57:24.634Z"
                },
                "type": "SCRUB",
                "source": "data:drag",
                "_t": "01:47:47",
                "_end": "01:57:24",
                "data": {
                    "time": 41.878489
                }
            },
            {
                "time": {
                    "start": "2017-11-18T08:47:47.347Z",
                    "end": "2017-11-18T08:57:28.369Z"
                },
                "type": "SCRUB",
                "source": "data:drag",
                "_t": "01:47:47",
                "_end": "01:57:28",
                "data": {
                    "time": 42.986125
                }
            },
            {
                "time": {
                    "start": "2017-11-18T08:47:47.347Z",
                    "end": "2017-11-18T08:57:32.402Z"
                },
                "type": "SCRUB",
                "source": "data:drag",
                "_t": "01:47:47",
                "_end": "01:57:32",
                "data": {
                    "time": 43.30812956013696
                }
            },
            {
                "time": {
                    "start": "2017-11-18T08:47:47.347Z",
                    "end": "2017-11-18T08:57:35.600Z"
                },
                "type": "SCRUB",
                "source": "data:drag",
                "_t": "01:47:47",
                "_end": "01:57:35",
                "data": {
                    "time": 43.44528
                }
            },
            {
                "time": {
                    "start": "2017-11-18T08:47:47.347Z",
                    "end": "2017-11-18T08:57:40.985Z"
                },
                "type": "SCRUB",
                "source": "data:drag",
                "_t": "01:47:47",
                "_end": "01:57:40",
                "data": {
                    "time": 43.44528
                }
            },
            {
                "time": {
                    "start": "2017-11-18T08:47:47.347Z",
                    "end": "2017-11-18T08:57:42.795Z"
                },
                "type": "SCRUB",
                "source": "data:drag",
                "_t": "01:47:47",
                "_end": "01:57:42",
                "data": {
                    "time": 44.44856257900538
                }
            },
            {
                "time": {
                    "start": "2017-11-18T08:47:47.347Z",
                    "end": "2017-11-18T08:57:48.308Z"
                },
                "type": "SCRUB",
                "source": "data:drag",
                "_t": "01:47:47",
                "_end": "01:57:48",
                "data": {
                    "time": 44.651307
                }
            },
            {
                "time": {
                    "start": "2017-11-18T08:47:47.347Z",
                    "end": "2017-11-18T08:57:51.995Z"
                },
                "type": "SCRUB",
                "source": "data:drag",
                "_t": "01:47:47",
                "_end": "01:57:51",
                "data": {
                    "time": 45.100026
                }
            },
            {
                "time": {
                    "start": "2017-11-18T08:47:47.347Z",
                    "end": "2017-11-18T08:57:57.255Z"
                },
                "type": "SCRUB",
                "source": "data:drag",
                "_t": "01:47:47",
                "_end": "01:57:57",
                "data": {
                    "time": 45.100026
                }
            },
            {
                "time": {
                    "start": "2017-11-18T08:47:47.347Z",
                    "end": "2017-11-18T08:58:01.567Z"
                },
                "type": "SCRUB",
                "source": "data:drag",
                "_t": "01:47:47",
                "_end": "01:58:01",
                "data": {
                    "time": 46.252385
                }
            },
            {
                "time": {
                    "start": "2017-11-18T08:47:47.347Z",
                    "end": "2017-11-18T08:58:03.687Z"
                },
                "type": "SCRUB",
                "source": "data:drag",
                "_t": "01:47:47",
                "_end": "01:58:03",
                "data": {
                    "time": 46.651909
                }
            },
            {
                "time": {
                    "start": "2017-11-18T08:47:47.347Z",
                    "end": "2017-11-18T08:58:06.925Z"
                },
                "type": "SCRUB",
                "source": "data:drag",
                "_t": "01:47:47",
                "_end": "01:58:06",
                "data": {
                    "time": 46.716012
                }
            },
            {
                "time": {
                    "start": "2017-11-18T08:47:47.347Z",
                    "end": "2017-11-18T08:58:09.407Z"
                },
                "type": "SCRUB",
                "source": "data:drag",
                "_t": "01:47:47",
                "_end": "01:58:09",
                "data": {
                    "time": 46.716012
                }
            },
            {
                "time": {
                    "start": "2017-11-18T08:47:47.347Z",
                    "end": "2017-11-18T08:58:12.245Z"
                },
                "type": "SCRUB",
                "source": "data:drag",
                "_t": "01:47:47",
                "_end": "01:58:12",
                "data": {
                    "time": 47.834083
                }
            },
            {
                "time": {
                    "start": "2017-11-18T08:47:47.347Z",
                    "end": "2017-11-18T08:58:14.577Z"
                },
                "type": "SCRUB",
                "source": "data:drag",
                "_t": "01:47:47",
                "_end": "01:58:14",
                "data": {
                    "time": 48.42591584480604
                }
            },
            {
                "time": {
                    "start": "2017-11-18T08:47:47.347Z",
                    "end": "2017-11-18T08:58:16.200Z"
                },
                "type": "SCRUB",
                "source": "data:drag",
                "_t": "01:47:47",
                "_end": "01:58:16",
                "data": {
                    "time": 48.601826
                }
            },
            {
                "time": {
                    "start": "2017-11-18T08:47:47.347Z",
                    "end": "2017-11-18T08:58:19.056Z"
                },
                "type": "SCRUB",
                "source": "data:drag",
                "_t": "01:47:47",
                "_end": "01:58:19",
                "data": {
                    "time": 48.601826
                }
            },
            {
                "time": {
                    "start": "2017-11-18T08:47:47.347Z",
                    "end": "2017-11-18T08:58:22.277Z"
                },
                "type": "SCRUB",
                "source": "data:drag",
                "_t": "01:47:47",
                "_end": "01:58:22",
                "data": {
                    "time": 49.45156
                }
            },
            {
                "time": {
                    "start": "2017-11-18T08:47:47.347Z",
                    "end": "2017-11-18T08:58:24.904Z"
                },
                "type": "SCRUB",
                "source": "data:drag",
                "_t": "01:47:47",
                "_end": "01:58:24",
                "data": {
                    "time": 49.977799
                }
            },
            {
                "time": {
                    "start": "2017-11-18T08:47:47.347Z",
                    "end": "2017-11-18T08:58:27.515Z"
                },
                "type": "SCRUB",
                "source": "data:drag",
                "_t": "01:47:47",
                "_end": "01:58:27",
                "data": {
                    "time": 49.977799
                }
            },
            {
                "time": {
                    "start": "2017-11-18T08:47:47.347Z",
                    "end": "2017-11-18T08:58:28.803Z"
                },
                "type": "SCRUB",
                "source": "data:drag",
                "_t": "01:47:47",
                "_end": "01:58:28",
                "data": {
                    "time": 51.20618676644323
                }
            },
            {
                "time": {
                    "start": "2017-11-18T08:47:47.347Z",
                    "end": "2017-11-18T08:58:31.887Z"
                },
                "type": "SCRUB",
                "source": "data:drag",
                "_t": "01:47:47",
                "_end": "01:58:31",
                "data": {
                    "time": 51.429802
                }
            },
            {
                "time": {
                    "start": "2017-11-18T08:47:47.347Z",
                    "end": "2017-11-18T08:58:34.037Z"
                },
                "type": "SCRUB",
                "source": "data:drag",
                "_t": "01:47:47",
                "_end": "01:58:34",
                "data": {
                    "time": 51.429802
                }
            },
            {
                "time": {
                    "start": "2017-11-18T08:47:47.347Z",
                    "end": "2017-11-18T08:58:35.472Z"
                },
                "type": "SCRUB",
                "source": "data:drag",
                "_t": "01:47:47",
                "_end": "01:58:35",
                "data": {
                    "time": 52.62092023616043
                }
            },
            {
                "time": {
                    "start": "2017-11-18T08:47:47.347Z",
                    "end": "2017-11-18T08:58:38.247Z"
                },
                "type": "SCRUB",
                "source": "data:drag",
                "_t": "01:47:47",
                "_end": "01:58:38",
                "data": {
                    "time": 52.907147
                }
            },
            {
                "time": {
                    "start": "2017-11-18T08:47:47.347Z",
                    "end": "2017-11-18T08:58:40.335Z"
                },
                "type": "SCRUB",
                "source": "data:drag",
                "_t": "01:47:47",
                "_end": "01:58:40",
                "data": {
                    "time": 52.907147
                }
            },
            {
                "time": {
                    "start": "2017-11-18T08:47:47.347Z",
                    "end": "2017-11-18T08:58:44.689Z"
                },
                "type": "SCRUB",
                "source": "data:drag",
                "_t": "01:47:47",
                "_end": "01:58:44",
                "data": {
                    "time": 53.853781
                }
            },
            {
                "time": {
                    "start": "2017-11-18T08:47:47.347Z",
                    "end": "2017-11-18T08:58:52.146Z"
                },
                "type": "SCRUB",
                "source": "data:drag",
                "_t": "01:47:47",
                "_end": "01:58:52",
                "data": {
                    "time": 53.75539025591699
                }
            },
            {
                "time": {
                    "start": "2017-11-18T08:47:47.347Z",
                    "end": "2017-11-18T08:58:53.132Z"
                },
                "type": "SCRUB",
                "source": "data:drag",
                "_t": "01:47:47",
                "_end": "01:58:53",
                "data": {
                    "time": 53.75539
                }
            },
            {
                "time": {
                    "start": "2017-11-18T08:47:47.347Z",
                    "end": "2017-11-18T08:58:57.000Z"
                },
                "type": "SCRUB",
                "source": "data:drag",
                "_t": "01:47:47",
                "_end": "01:58:57",
                "data": {
                    "time": 53.75539
                }
            },
            {
                "time": {
                    "start": "2017-11-18T08:47:47.347Z",
                    "end": "2017-11-18T08:58:59.859Z"
                },
                "type": "SCRUB",
                "source": "data:drag",
                "_t": "01:47:47",
                "_end": "01:58:59",
                "data": {
                    "time": 52.573215850978656
                }
            },
            {
                "time": {
                    "start": "2017-11-18T08:47:47.347Z",
                    "end": "2017-11-18T08:59:02.136Z"
                },
                "type": "SCRUB",
                "source": "data:drag",
                "_t": "01:47:47",
                "_end": "01:59:02",
                "data": {
                    "time": 52.337676
                }
            },
            {
                "time": {
                    "start": "2017-11-18T08:47:47.347Z",
                    "end": "2017-11-18T08:59:03.243Z"
                },
                "type": "SCRUB",
                "source": "data:drag",
                "_t": "01:47:47",
                "_end": "01:59:03",
                "data": {
                    "time": 52.337676
                }
            },
            {
                "time": {
                    "start": "2017-11-18T08:47:47.347Z",
                    "end": "2017-11-18T08:59:07.357Z"
                },
                "type": "SCRUB",
                "source": "data:drag",
                "_t": "01:47:47",
                "_end": "01:59:07",
                "data": {
                    "time": 52.337676
                }
            },
            {
                "time": {
                    "start": "2017-11-18T08:47:47.347Z",
                    "end": "2017-11-18T08:59:10.206Z"
                },
                "type": "SCRUB",
                "source": "data:drag",
                "_t": "01:47:47",
                "_end": "01:59:10",
                "data": {
                    "time": 52.337676
                }
            },
            {
                "time": {
                    "start": "2017-11-18T08:47:47.347Z",
                    "end": "2017-11-18T08:59:12.194Z"
                },
                "type": "SCRUB",
                "source": "data:drag",
                "_t": "01:47:47",
                "_end": "01:59:12",
                "data": {
                    "time": 52.288481
                }
            },
            {
                "time": {
                    "start": "2017-11-18T08:47:47.347Z",
                    "end": "2017-11-18T08:59:16.107Z"
                },
                "type": "SCRUB",
                "source": "data:drag",
                "_t": "01:47:47",
                "_end": "01:59:16",
                "data": {
                    "time": 52.288481
                }
            },
            {
                "time": {
                    "start": "2017-11-18T08:47:47.347Z",
                    "end": "2017-11-18T08:59:19.100Z"
                },
                "type": "SCRUB",
                "source": "data:drag",
                "_t": "01:47:47",
                "_end": "01:59:19",
                "data": {
                    "time": 52.313824
                }
            },
            {
                "time": {
                    "start": "2017-11-18T08:47:47.347Z",
                    "end": "2017-11-18T08:59:20.763Z"
                },
                "type": "SCRUB",
                "source": "data:drag",
                "_t": "01:47:47",
                "_end": "01:59:20",
                "data": {
                    "time": 53.358848010085374
                }
            },
            {
                "time": {
                    "start": "2017-11-18T08:47:47.347Z",
                    "end": "2017-11-18T08:59:22.235Z"
                },
                "type": "SCRUB",
                "source": "data:drag",
                "_t": "01:47:47",
                "_end": "01:59:22",
                "data": {
                    "time": 54.132553401440205
                }
            },
            {
                "time": {
                    "start": "2017-11-18T08:47:47.347Z",
                    "end": "2017-11-18T08:59:26.533Z"
                },
                "type": "SCRUB",
                "source": "data:drag",
                "_t": "01:47:47",
                "_end": "01:59:26",
                "data": {
                    "time": 54.408343
                }
            },
            {
                "time": {
                    "start": "2017-11-18T08:47:47.347Z",
                    "end": "2017-11-18T08:59:30.973Z"
                },
                "type": "SCRUB",
                "source": "data:drag",
                "_t": "01:47:47",
                "_end": "01:59:30",
                "data": {
                    "time": 54.408343
                }
            },
            {
                "time": {
                    "start": "2017-11-18T08:47:47.347Z",
                    "end": "2017-11-18T08:59:33.358Z"
                },
                "type": "SCRUB",
                "source": "data:drag",
                "_t": "01:47:47",
                "_end": "01:59:33",
                "data": {
                    "time": 55.39671847629503
                }
            },
            {
                "time": {
                    "start": "2017-11-18T08:47:47.347Z",
                    "end": "2017-11-18T08:59:37.107Z"
                },
                "type": "SCRUB",
                "source": "data:drag",
                "_t": "01:47:47",
                "_end": "01:59:37",
                "data": {
                    "time": 55.426534
                }
            },
            {
                "time": {
                    "start": "2017-11-18T08:47:47.347Z",
                    "end": "2017-11-18T08:59:41.568Z"
                },
                "type": "SCRUB",
                "source": "data:drag",
                "_t": "01:47:47",
                "_end": "01:59:41",
                "data": {
                    "time": 55.459331
                }
            },
            {
                "time": {
                    "start": "2017-11-18T08:47:47.347Z",
                    "end": "2017-11-18T08:59:42.897Z"
                },
                "type": "SCRUB",
                "source": "data:drag",
                "_t": "01:47:47",
                "_end": "01:59:42",
                "data": {
                    "time": 55.459331
                }
            },
            {
                "time": {
                    "start": "2017-11-18T08:47:47.347Z",
                    "end": "2017-11-18T08:59:46.262Z"
                },
                "type": "SCRUB",
                "source": "data:drag",
                "_t": "01:47:47",
                "_end": "01:59:46",
                "data": {
                    "time": 55.459331
                }
            },
            {
                "time": {
                    "start": "2017-11-18T08:47:47.347Z",
                    "end": "2017-11-18T08:59:46.719Z"
                },
                "type": "SCRUB",
                "source": "data:drag",
                "_t": "01:47:47",
                "_end": "01:59:46",
                "data": {
                    "time": 55.459331
                }
            },
            {
                "time": {
                    "start": "2017-11-18T08:47:47.347Z",
                    "end": "2017-11-18T08:59:48.368Z"
                },
                "type": "SCRUB",
                "source": "data:drag",
                "_t": "01:47:47",
                "_end": "01:59:48",
                "data": {
                    "time": 55.99153298133891
                }
            },
            {
                "time": {
                    "start": "2017-11-18T08:47:47.347Z",
                    "end": "2017-11-18T08:59:56.951Z"
                },
                "type": "SCRUB",
                "source": "data:drag",
                "_t": "01:47:47",
                "_end": "01:59:56",
                "data": {
                    "time": 56.009422
                }
            },
            {
                "time": {
                    "start": "2017-11-18T08:47:47.347Z",
                    "end": "2017-11-18T09:00:00.456Z"
                },
                "type": "SCRUB",
                "source": "data:drag",
                "_t": "01:47:47",
                "_end": "02:00:00",
                "data": {
                    "time": 56.009422
                }
            },
            {
                "time": {
                    "start": "2017-11-18T08:47:47.347Z",
                    "end": "2017-11-18T09:00:01.771Z"
                },
                "type": "SCRUB",
                "source": "data:drag",
                "_t": "01:47:47",
                "_end": "02:00:01",
                "data": {
                    "time": 56.784618305522514
                }
            },
            {
                "time": {
                    "start": "2017-11-18T08:47:47.347Z",
                    "end": "2017-11-18T09:00:03.902Z"
                },
                "type": "SCRUB",
                "source": "data:drag",
                "_t": "01:47:47",
                "_end": "02:00:03",
                "data": {
                    "time": 57.240791
                }
            },
            {
                "time": {
                    "start": "2017-11-18T08:47:47.347Z",
                    "end": "2017-11-18T09:00:07.847Z"
                },
                "type": "SCRUB",
                "source": "data:drag",
                "_t": "01:47:47",
                "_end": "02:00:07",
                "data": {
                    "time": 57.115567
                }
            },
            {
                "time": {
                    "start": "2017-11-18T08:47:47.347Z",
                    "end": "2017-11-18T09:00:12.212Z"
                },
                "type": "SCRUB",
                "source": "data:drag",
                "_t": "01:47:47",
                "_end": "02:00:12",
                "data": {
                    "time": 57.975736588884104
                }
            },
            {
                "time": {
                    "start": "2017-11-18T08:47:47.347Z",
                    "end": "2017-11-18T09:00:15.919Z"
                },
                "type": "SCRUB",
                "source": "data:drag",
                "_t": "01:47:47",
                "_end": "02:00:15",
                "data": {
                    "time": 58.695774974750954
                }
            },
            {
                "time": {
                    "start": "2017-11-18T08:47:47.347Z",
                    "end": "2017-11-18T09:00:18.294Z"
                },
                "type": "SCRUB",
                "source": "data:drag",
                "_t": "01:47:47",
                "_end": "02:00:18",
                "data": {
                    "time": 58.82398
                }
            },
            {
                "time": {
                    "start": "2017-11-18T08:47:47.347Z",
                    "end": "2017-11-18T09:00:21.750Z"
                },
                "type": "SCRUB",
                "source": "data:drag",
                "_t": "01:47:47",
                "_end": "02:00:21",
                "data": {
                    "time": 59.41581269358568
                }
            },
            {
                "time": {
                    "start": "2017-11-18T08:47:47.347Z",
                    "end": "2017-11-18T09:00:22.689Z"
                },
                "type": "SCRUB",
                "source": "data:drag",
                "_t": "01:47:47",
                "_end": "02:00:22",
                "data": {
                    "time": 59.415813
                }
            },
            {
                "time": {
                    "start": "2017-11-18T08:47:47.347Z",
                    "end": "2017-11-18T09:00:24.549Z"
                },
                "type": "SCRUB",
                "source": "data:drag",
                "_t": "01:47:47",
                "_end": "02:00:24",
                "data": {
                    "time": 59.90031060205792
                }
            },
            {
                "time": {
                    "start": "2017-11-18T08:47:47.347Z",
                    "end": "2017-11-18T09:00:28.381Z"
                },
                "type": "SCRUB",
                "source": "data:drag",
                "_t": "01:47:47",
                "_end": "02:00:28",
                "data": {
                    "time": 67.10596191049994
                }
            },
            {
                "time": {
                    "start": "2017-11-18T08:47:47.347Z",
                    "end": "2017-11-18T09:00:32.240Z"
                },
                "type": "SCRUB",
                "source": "data:drag",
                "_t": "01:47:47",
                "_end": "02:00:32",
                "data": {
                    "time": 68.02679555294515
                }
            },
            {
                "time": {
                    "start": "2017-11-18T08:47:47.347Z",
                    "end": "2017-11-18T09:00:38.034Z"
                },
                "type": "SCRUB",
                "source": "data:drag",
                "_t": "01:47:47",
                "_end": "02:00:38",
                "data": {
                    "time": 68.7855628476269
                }
            },
            {
                "time": {
                    "start": "2017-11-18T08:47:47.347Z",
                    "end": "2017-11-18T09:00:40.979Z"
                },
                "type": "SCRUB",
                "source": "data:drag",
                "_t": "01:47:47",
                "_end": "02:00:40",
                "data": {
                    "time": 68.913252
                }
            },
            {
                "time": {
                    "start": "2017-11-18T08:47:47.347Z",
                    "end": "2017-11-18T09:00:45.637Z"
                },
                "type": "SCRUB",
                "source": "data:drag",
                "_t": "01:47:47",
                "_end": "02:00:45",
                "data": {
                    "time": 68.913252
                }
            },
            {
                "time": {
                    "start": "2017-11-18T08:47:47.347Z",
                    "end": "2017-11-18T09:00:50.722Z"
                },
                "type": "SCRUB",
                "source": "data:drag",
                "_t": "01:47:47",
                "_end": "02:00:50",
                "data": {
                    "time": 70.344841
                }
            },
            {
                "time": {
                    "start": "2017-11-18T08:47:47.347Z",
                    "end": "2017-11-18T09:01:01.380Z"
                },
                "type": "SCRUB",
                "source": "data:drag",
                "_t": "01:47:47",
                "_end": "02:01:01",
                "data": {
                    "time": 70.234341
                }
            },
            {
                "time": {
                    "start": "2017-11-18T08:47:47.347Z",
                    "end": "2017-11-18T09:01:02.812Z"
                },
                "type": "SCRUB",
                "source": "data:drag",
                "_t": "01:47:47",
                "_end": "02:01:02",
                "data": {
                    "time": 70.234341
                }
            },
            {
                "time": {
                    "start": "2017-11-18T08:47:47.347Z",
                    "end": "2017-11-18T09:01:05.208Z"
                },
                "type": "SCRUB",
                "source": "data:drag",
                "_t": "01:47:47",
                "_end": "02:01:05",
                "data": {
                    "time": 70.234341
                }
            },
            {
                "time": {
                    "start": "2017-11-18T08:47:47.347Z",
                    "end": "2017-11-18T09:01:08.973Z"
                },
                "type": "SCRUB",
                "source": "data:drag",
                "_t": "01:47:47",
                "_end": "02:01:08",
                "data": {
                    "time": 70.774563
                }
            },
            {
                "time": {
                    "start": "2017-11-18T08:47:47.347Z",
                    "end": "2017-11-18T09:01:12.100Z"
                },
                "type": "SCRUB",
                "source": "data:drag",
                "_t": "01:47:47",
                "_end": "02:01:12",
                "data": {
                    "time": 70.774563
                }
            },
            {
                "time": {
                    "start": "2017-11-18T08:47:47.347Z",
                    "end": "2017-11-18T09:01:13.660Z"
                },
                "type": "SCRUB",
                "source": "data:drag",
                "_t": "01:47:47",
                "_end": "02:01:13",
                "data": {
                    "time": 71.6364635566181
                }
            },
            {
                "time": {
                    "start": "2017-11-18T08:47:47.347Z",
                    "end": "2017-11-18T09:01:15.969Z"
                },
                "type": "SCRUB",
                "source": "data:drag",
                "_t": "01:47:47",
                "_end": "02:01:15",
                "data": {
                    "time": 71.724864
                }
            },
            {
                "time": {
                    "start": "2017-11-18T08:47:47.347Z",
                    "end": "2017-11-18T09:01:25.326Z"
                },
                "type": "SCRUB",
                "source": "data:drag",
                "_t": "01:47:47",
                "_end": "02:01:25",
                "data": {
                    "time": 72.33384194409639
                }
            },
            {
                "time": {
                    "start": "2017-11-18T08:47:47.347Z",
                    "end": "2017-11-18T09:01:31.068Z"
                },
                "type": "SCRUB",
                "source": "data:drag",
                "_t": "01:47:47",
                "_end": "02:01:31",
                "data": {
                    "time": 72.333842
                }
            },
            {
                "time": {
                    "start": "2017-11-18T08:47:47.347Z",
                    "end": "2017-11-18T09:01:38.234Z"
                },
                "type": "SCRUB",
                "source": "data:drag",
                "_t": "01:47:47",
                "_end": "02:01:38",
                "data": {
                    "time": 73.45112
                }
            },
            {
                "time": {
                    "start": "2017-11-18T08:47:47.347Z",
                    "end": "2017-11-18T09:01:40.812Z"
                },
                "type": "SCRUB",
                "source": "data:drag",
                "_t": "01:47:47",
                "_end": "02:01:40",
                "data": {
                    "time": 73.988887
                }
            },
            {
                "time": {
                    "start": "2017-11-18T08:47:47.347Z",
                    "end": "2017-11-18T09:01:44.090Z"
                },
                "type": "SCRUB",
                "source": "data:drag",
                "_t": "01:47:47",
                "_end": "02:01:44",
                "data": {
                    "time": 73.988887
                }
            },
            {
                "time": {
                    "start": "2017-11-18T08:47:47.347Z",
                    "end": "2017-11-18T09:01:47.421Z"
                },
                "type": "SCRUB",
                "source": "data:drag",
                "_t": "01:47:47",
                "_end": "02:01:47",
                "data": {
                    "time": 75.034953
                }
            },
            {
                "time": {
                    "start": "2017-11-18T08:47:47.347Z",
                    "end": "2017-11-18T09:01:48.773Z"
                },
                "type": "SCRUB",
                "source": "data:drag",
                "_t": "01:47:47",
                "_end": "02:01:48",
                "data": {
                    "time": 75.22157571058902
                }
            },
            {
                "time": {
                    "start": "2017-11-18T08:47:47.347Z",
                    "end": "2017-11-18T09:01:57.846Z"
                },
                "type": "SCRUB",
                "source": "data:drag",
                "_t": "01:47:47",
                "_end": "02:01:57",
                "data": {
                    "time": 75.560443
                }
            },
            {
                "time": {
                    "start": "2017-11-18T08:47:47.347Z",
                    "end": "2017-11-18T09:01:59.777Z"
                },
                "type": "SCRUB",
                "source": "data:drag",
                "_t": "01:47:47",
                "_end": "02:01:59",
                "data": {
                    "time": 75.560443
                }
            },
            {
                "time": {
                    "start": "2017-11-18T08:47:47.347Z",
                    "end": "2017-11-18T09:02:04.522Z"
                },
                "type": "SCRUB",
                "source": "data:drag",
                "_t": "01:47:47",
                "_end": "02:02:04",
                "data": {
                    "time": 76.461631
                }
            },
            {
                "time": {
                    "start": "2017-11-18T08:47:47.347Z",
                    "end": "2017-11-18T09:02:05.484Z"
                },
                "type": "SCRUB",
                "source": "data:drag",
                "_t": "01:47:47",
                "_end": "02:02:05",
                "data": {
                    "time": 76.461631
                }
            },
            {
                "time": {
                    "start": "2017-11-18T08:47:47.347Z",
                    "end": "2017-11-18T09:02:07.783Z"
                },
                "type": "SCRUB",
                "source": "data:drag",
                "_t": "01:47:47",
                "_end": "02:02:07",
                "data": {
                    "time": 76.461631
                }
            },
            {
                "time": {
                    "start": "2017-11-18T08:47:47.347Z",
                    "end": "2017-11-18T09:02:08.147Z"
                },
                "type": "SCRUB",
                "source": "data:drag",
                "_t": "01:47:47",
                "_end": "02:02:08",
                "data": {
                    "time": 76.461631
                }
            },
            {
                "time": {
                    "start": "2017-11-18T08:47:47.347Z",
                    "end": "2017-11-18T09:02:11.376Z"
                },
                "type": "SCRUB",
                "source": "data:drag",
                "_t": "01:47:47",
                "_end": "02:02:11",
                "data": {
                    "time": 77.055876
                }
            },
            {
                "time": {
                    "start": "2017-11-18T08:47:47.347Z",
                    "end": "2017-11-18T09:02:13.682Z"
                },
                "type": "SCRUB",
                "source": "data:drag",
                "_t": "01:47:47",
                "_end": "02:02:13",
                "data": {
                    "time": 77.055876
                }
            },
            {
                "time": {
                    "start": "2017-11-18T08:47:47.347Z",
                    "end": "2017-11-18T09:02:16.215Z"
                },
                "type": "SCRUB",
                "source": "data:drag",
                "_t": "01:47:47",
                "_end": "02:02:16",
                "data": {
                    "time": 78.099487
                }
            },
            {
                "time": {
                    "start": "2017-11-18T08:47:47.347Z",
                    "end": "2017-11-18T09:02:28.033Z"
                },
                "type": "SCRUB",
                "source": "data:drag",
                "_t": "01:47:47",
                "_end": "02:02:28",
                "data": {
                    "time": 79.08170945647483
                }
            },
            {
                "time": {
                    "start": "2017-11-18T08:47:47.347Z",
                    "end": "2017-11-18T09:02:29.757Z"
                },
                "type": "SCRUB",
                "source": "data:drag",
                "_t": "01:47:47",
                "_end": "02:02:29",
                "data": {
                    "time": 79.82328741111331
                }
            },
            {
                "time": {
                    "start": "2017-11-18T08:47:47.347Z",
                    "end": "2017-11-18T09:02:31.413Z"
                },
                "type": "SCRUB",
                "source": "data:drag",
                "_t": "01:47:47",
                "_end": "02:02:31",
                "data": {
                    "time": 80.567321
                }
            },
            {
                "time": {
                    "start": "2017-11-18T08:47:47.347Z",
                    "end": "2017-11-18T09:02:32.504Z"
                },
                "type": "SCRUB",
                "source": "data:drag",
                "_t": "01:47:47",
                "_end": "02:02:32",
                "data": {
                    "time": 82.1437880426423
                }
            }
        ]
    }
}