[
    {
        "time": 38.66142517318469,
        "endTime": 39.78844113365477,
        "id": 1,
        "type": "ground"
    },
    {
        "time": 40.317659999995435,
        "endTime": 41.40740715231472,
        "id": 2,
        "type": "ground"
    },
    {
        "time": 41.875975,
        "endTime": 42.954819057494845,
        "id": 3,
        "type": "ground"
    },
    {
        "time": 43.44528,
        "endTime": 44.57080505090923,
        "id": 4,
        "type": "ground"
    },
    {
        "time": 45.08248,
        "endTime": 46.24940338826665,
        "id": 5,
        "type": "ground"
    },
    {
        "time": 46.711423,
        "endTime": 47.82961110381078,
        "id": 6,
        "type": "ground"
    },
    {
        "time": 48.579929,
        "endTime": 49.450069494068046,
        "id": 7,
        "type": "ground"
    },
    {
        "time": 49.977799,
        "endTime": 50.942321918554356,
        "id": 8,
        "type": "ground"
    },
    {
        "time": 51.42980214113564,
        "endTime": 52.31382343567915,
        "id": 9,
        "type": "ground"
    },
    {
        "time": 52.905487,
        "endTime": 53.753899238147504,
        "id": 10,
        "type": "ground"
    },
    {
        "time": 54.406781,
        "endTime": 55.456349058596786,
        "id": 11,
        "type": "ground"
    },
    {
        "time": 56.003634,
        "endTime": 57.11854896047936,
        "id": 12,
        "type": "ground"
    },
    {
        "time": 68.91325158249653,
        "endTime": 70.23434070579704,
        "id": 13,
        "type": "ground"
    },
    {
        "time": 70.774563,
        "endTime": 71.7297746899832,
        "id": 14,
        "type": "ground"
    },
    {
        "time": 72.333842,
        "endTime": 73.45357560038201,
        "id": 15,
        "type": "ground"
    },
    {
        "time": 73.988887,
        "endTime": 75.03249815492406,
        "id": 16,
        "type": "ground"
    },
    {
        "time": 75.56044255614118,
        "endTime": 76.46163140744095,
        "id": 17,
        "type": "ground"
    },
    {
        "time": 77.055876,
        "endTime": 78.0675648286187,
        "id": 18,
        "type": "ground"
    }
]