{
    "user_id": "049",
    "session_id": "5a789de3ee2b1975ba835b9c",
    "study": "studyD",
    "workspace": "pill.pills-blue",
    "details": {
        "workspace": "pill.pills-blue",
        "labels": [
            {
                "time": 30.539895,
                "endTime": 40.20933322903343,
                "type": "pill",
                "id": 1
            },
            {
                "time": 55.08101,
                "endTime": 64.90682728395274,
                "type": "move",
                "id": 2
            },
            {
                "time": 162.096409,
                "endTime": 170.25418303150647,
                "type": "pill",
                "id": 3
            },
            {
                "time": 215.915238,
                "endTime": 222.19646337249878,
                "type": "pill",
                "id": 4
            },
            {
                "time": 239.163589,
                "endTime": 248.57239547083844,
                "type": "move",
                "id": 5
            },
            {
                "time": 450.754523,
                "endTime": 460.26758217413004,
                "type": "pill",
                "id": 6
            },
            {
                "time": 567.3519559450724,
                "endTime": 579.8883435142208,
                "type": "pill",
                "id": 7
            },
            {
                "time": 590.3918019999821,
                "endTime": 595.0049841200489,
                "type": "pill",
                "id": 8
            }
        ],
        "_starts": [
            "2018-02-05T18:19:15.000Z"
        ],
        "_ends": [
            "2018-02-05T18:21:10.125Z",
            "2018-02-05T18:22:35.202Z"
        ]
    },
    "labels_file": "/home/ubuntu/vat/data/user-studies/studyD/pill-blue/049.labels.json",
    "videoFlash": 4.288888,
    "surveys": {
        "user-info": {
            "firstname": "Rebekah",
            "lastname": "Day",
            "email": "rebekahday@gmail.com"
        },
        "practice-first": {
            "question1": "3",
            "question2": "ok",
            "question3": "30",
            "question4": "4"
        },
        "practice-second": {},
        "practice-third": {},
        "practice-survey": {}
    },
    "logs": {
        "labelEvents": [
            {
                "time": "2018-02-05T18:19:56.073Z",
                "type": "START",
                "source": "side-bar:button",
                "_t": "11:19:56",
                "_end": "-",
                "data": {
                    "type": "pill",
                    "time": 30.539895
                }
            },
            {
                "time": "2018-02-05T18:19:58.878Z",
                "type": "END",
                "source": "data:click:h_pos",
                "_t": "11:19:58",
                "_end": "-",
                "data": {
                    "lbl": {
                        "time": 30.539895,
                        "endTime": 40.20933322903343,
                        "type": "pill",
                        "id": 1
                    }
                }
            },
            {
                "time": "2018-02-05T18:20:13.585Z",
                "type": "START",
                "source": "side-bar:button",
                "_t": "11:20:13",
                "_end": "-",
                "data": {
                    "type": "move",
                    "time": 55.08101
                }
            },
            {
                "time": "2018-02-05T18:20:14.969Z",
                "type": "END",
                "source": "data:click:h_pos",
                "_t": "11:20:14",
                "_end": "-",
                "data": {
                    "lbl": {
                        "time": 55.08101,
                        "endTime": 64.90682728395274,
                        "type": "move",
                        "id": 2
                    }
                }
            },
            {
                "time": "2018-02-05T18:20:28.787Z",
                "type": "START",
                "source": "side-bar:button",
                "_t": "11:20:28",
                "_end": "-",
                "data": {
                    "type": "pill",
                    "time": 162.096409
                }
            },
            {
                "time": "2018-02-05T18:20:30.642Z",
                "type": "END",
                "source": "data:click:h_pos",
                "_t": "11:20:30",
                "_end": "-",
                "data": {
                    "lbl": {
                        "time": 162.096409,
                        "endTime": 170.25418303150647,
                        "type": "pill",
                        "id": 3
                    }
                }
            },
            {
                "time": "2018-02-05T18:20:49.187Z",
                "type": "START",
                "source": "side-bar:button",
                "_t": "11:20:49",
                "_end": "-",
                "data": {
                    "type": "pill",
                    "time": 215.915238
                }
            },
            {
                "time": "2018-02-05T18:20:52.434Z",
                "type": "END",
                "source": "data:click:h_pos",
                "_t": "11:20:52",
                "_end": "-",
                "data": {
                    "lbl": {
                        "time": 215.915238,
                        "endTime": 222.19646337249878,
                        "type": "pill",
                        "id": 4
                    }
                }
            },
            {
                "time": "2018-02-05T18:20:58.874Z",
                "type": "START",
                "source": "side-bar:button",
                "_t": "11:20:58",
                "_end": "-",
                "data": {
                    "type": "move",
                    "time": 239.163589
                }
            },
            {
                "time": "2018-02-05T18:21:00.658Z",
                "type": "END",
                "source": "data:click:h_pos",
                "_t": "11:21:00",
                "_end": "-",
                "data": {
                    "lbl": {
                        "time": 239.163589,
                        "endTime": 248.57239547083844,
                        "type": "move",
                        "id": 5
                    }
                }
            },
            {
                "time": "2018-02-05T18:21:21.699Z",
                "type": "START",
                "source": "side-bar:button",
                "_t": "11:21:21",
                "_end": "-",
                "data": {
                    "type": "pill",
                    "time": 450.754523
                }
            },
            {
                "time": "2018-02-05T18:21:23.777Z",
                "type": "END",
                "source": "data:click:h_pos",
                "_t": "11:21:23",
                "_end": "-",
                "data": {
                    "lbl": {
                        "time": 450.754523,
                        "endTime": 460.26758217413004,
                        "type": "pill",
                        "id": 6
                    }
                }
            },
            {
                "time": "2018-02-05T18:21:43.355Z",
                "type": "START",
                "source": "side-bar:button",
                "_t": "11:21:43",
                "_end": "-",
                "data": {
                    "type": "pill",
                    "time": 567.508335
                }
            },
            {
                "time": "2018-02-05T18:21:46.361Z",
                "type": "END",
                "source": "data:click:h_pos",
                "_t": "11:21:46",
                "_end": "-",
                "data": {
                    "lbl": {
                        "time": 567.3519559450724,
                        "endTime": 579.8883435142208,
                        "type": "pill",
                        "id": 7
                    }
                }
            },
            {
                "time": "2018-02-05T18:21:48.270Z",
                "type": "SELECT",
                "source": "data:click",
                "_t": "11:21:48",
                "_end": "-",
                "data": {
                    "time": 567.3519559450724,
                    "endTime": 579.8883435142208,
                    "type": "pill",
                    "id": 7
                }
            },
            {
                "time": {
                    "start": "2018-02-05T18:21:49.708Z",
                    "end": "2018-02-05T18:21:50.507Z"
                },
                "type": "RESIZE",
                "source": "data:brush",
                "_t": "11:21:49",
                "_end": "11:21:50",
                "data": {
                    "brushing": true,
                    "origin": [
                        567.508335,
                        579.8883435142787
                    ],
                    "_brushside": 0,
                    "start": "2018-02-05T18:21:49.708Z",
                    "ε": 0.1,
                    "mode": "resize"
                }
            },
            {
                "time": "2018-02-05T18:21:57.965Z",
                "type": "START",
                "source": "side-bar:button",
                "_t": "11:21:57",
                "_end": "-",
                "data": {
                    "type": "pill",
                    "time": 590.391802
                }
            },
            {
                "time": "2018-02-05T18:21:59.877Z",
                "type": "END",
                "source": "data:click:h_pos",
                "_t": "11:21:59",
                "_end": "-",
                "data": {
                    "lbl": {
                        "time": 590.3918019999821,
                        "endTime": 595.0049841200489,
                        "type": "pill",
                        "id": 8
                    }
                }
            },
            {
                "time": "2018-02-05T18:22:16.534Z",
                "type": "SELECT",
                "source": "data:click",
                "_t": "11:22:16",
                "_end": "-",
                "data": {
                    "time": 590.3918019999821,
                    "endTime": 595.0049841200489,
                    "type": "pill",
                    "id": 8
                }
            },
            {
                "time": {
                    "start": "2018-02-05T18:22:17.356Z",
                    "end": "2018-02-05T18:22:18.396Z"
                },
                "type": "RESIZE",
                "source": "data:brush",
                "_t": "11:22:17",
                "_end": "11:22:18",
                "data": {
                    "brushing": true,
                    "origin": [
                        590.391802,
                        595.2134895266047
                    ],
                    "_brushside": 1,
                    "start": "2018-02-05T18:22:17.356Z",
                    "ε": 0.1,
                    "mode": "resize"
                }
            }
        ],
        "navigationEvents": [
            {
                "time": {
                    "start": "2018-02-05T18:19:15.392Z",
                    "end": "2018-02-05T18:19:37.218Z"
                },
                "type": "SCRUB",
                "source": "data:drag",
                "_t": "11:19:15",
                "_end": "11:19:37",
                "data": {
                    "time": 9.136638
                }
            },
            {
                "time": {
                    "start": "2018-02-05T18:19:15.392Z",
                    "end": "2018-02-05T18:19:39.923Z"
                },
                "type": "SCRUB",
                "source": "data:drag",
                "_t": "11:19:15",
                "_end": "11:19:39",
                "data": {
                    "time": 5.220025
                }
            },
            {
                "time": {
                    "start": "2018-02-05T18:19:15.392Z",
                    "end": "2018-02-05T18:19:44.420Z"
                },
                "type": "SCRUB",
                "source": "data:drag",
                "_t": "11:19:15",
                "_end": "11:19:44",
                "data": {
                    "time": 30.637417
                }
            },
            {
                "time": {
                    "start": "2018-02-05T18:19:15.392Z",
                    "end": "2018-02-05T18:19:50.762Z"
                },
                "type": "SCRUB",
                "source": "data:drag",
                "_t": "11:19:15",
                "_end": "11:19:50",
                "data": {
                    "time": 30.130217
                }
            },
            {
                "time": "2018-02-05T18:19:52.072Z",
                "type": "PAUSE",
                "source": "video:button",
                "_t": "11:19:52",
                "_end": "-"
            },
            {
                "time": {
                    "start": "2018-02-05T18:19:15.392Z",
                    "end": "2018-02-05T18:19:54.946Z"
                },
                "type": "SCRUB",
                "source": "data:drag",
                "_t": "11:19:15",
                "_end": "11:19:54",
                "data": {
                    "time": 30.539895
                }
            },
            {
                "time": {
                    "start": "2018-02-05T18:19:15.392Z",
                    "end": "2018-02-05T18:19:58.877Z"
                },
                "type": "SCRUB",
                "source": "data:drag",
                "_t": "11:19:15",
                "_end": "11:19:58",
                "data": {
                    "time": 30.539895
                }
            },
            {
                "time": {
                    "start": "2018-02-05T18:19:15.392Z",
                    "end": "2018-02-05T18:20:02.045Z"
                },
                "type": "SCRUB",
                "source": "data:drag",
                "_t": "11:19:15",
                "_end": "11:20:02",
                "data": {
                    "time": 54.830774
                }
            },
            {
                "time": "2018-02-05T18:20:03.225Z",
                "type": "PLAY",
                "source": "video:button",
                "_t": "11:20:03",
                "_end": "-"
            },
            {
                "time": "2018-02-05T18:20:07.922Z",
                "type": "PAUSE",
                "source": "video:button",
                "_t": "11:20:07",
                "_end": "-"
            },
            {
                "time": {
                    "start": "2018-02-05T18:19:15.392Z",
                    "end": "2018-02-05T18:20:12.034Z"
                },
                "type": "SCRUB",
                "source": "data:drag",
                "_t": "11:19:15",
                "_end": "11:20:12",
                "data": {
                    "time": 55.08101
                }
            },
            {
                "time": {
                    "start": "2018-02-05T18:19:15.392Z",
                    "end": "2018-02-05T18:20:14.967Z"
                },
                "type": "SCRUB",
                "source": "data:drag",
                "_t": "11:19:15",
                "_end": "11:20:14",
                "data": {
                    "time": 55.08101
                }
            },
            {
                "time": {
                    "start": "2018-02-05T18:19:15.392Z",
                    "end": "2018-02-05T18:20:16.221Z"
                },
                "type": "SCRUB",
                "source": "data:drag",
                "_t": "11:19:15",
                "_end": "11:20:16",
                "data": {
                    "time": 129.308934
                }
            },
            {
                "time": {
                    "start": "2018-02-05T18:19:15.392Z",
                    "end": "2018-02-05T18:20:23.586Z"
                },
                "type": "SCRUB",
                "source": "data:drag",
                "_t": "11:19:15",
                "_end": "11:20:23",
                "data": {
                    "time": 162.096409
                }
            },
            {
                "time": {
                    "start": "2018-02-05T18:19:15.392Z",
                    "end": "2018-02-05T18:20:27.675Z"
                },
                "type": "SCRUB",
                "source": "data:drag",
                "_t": "11:19:15",
                "_end": "11:20:27",
                "data": {
                    "time": 162.096409
                }
            },
            {
                "time": {
                    "start": "2018-02-05T18:19:15.392Z",
                    "end": "2018-02-05T18:20:30.640Z"
                },
                "type": "SCRUB",
                "source": "data:drag",
                "_t": "11:19:15",
                "_end": "11:20:30",
                "data": {
                    "time": 162.096409
                }
            },
            {
                "time": "2018-02-05T18:20:31.618Z",
                "type": "PLAY",
                "source": "video:button",
                "_t": "11:20:31",
                "_end": "-"
            },
            {
                "time": "2018-02-05T18:20:33.890Z",
                "type": "PAUSE",
                "source": "video:button",
                "_t": "11:20:33",
                "_end": "-"
            },
            {
                "time": {
                    "start": "2018-02-05T18:19:15.392Z",
                    "end": "2018-02-05T18:20:37.698Z"
                },
                "type": "SCRUB",
                "source": "data:drag",
                "_t": "11:19:15",
                "_end": "11:20:37",
                "data": {
                    "time": 215.861728
                }
            },
            {
                "time": "2018-02-05T18:20:38.947Z",
                "type": "PLAY",
                "source": "video:button",
                "_t": "11:20:38",
                "_end": "-"
            },
            {
                "time": "2018-02-05T18:20:41.906Z",
                "type": "PAUSE",
                "source": "video:button",
                "_t": "11:20:41",
                "_end": "-"
            },
            {
                "time": {
                    "start": "2018-02-05T18:19:15.392Z",
                    "end": "2018-02-05T18:20:46.042Z"
                },
                "type": "SCRUB",
                "source": "data:drag",
                "_t": "11:19:15",
                "_end": "11:20:46",
                "data": {
                    "time": 215.915238
                }
            },
            {
                "time": {
                    "start": "2018-02-05T18:19:15.392Z",
                    "end": "2018-02-05T18:20:52.432Z"
                },
                "type": "SCRUB",
                "source": "data:drag",
                "_t": "11:19:15",
                "_end": "11:20:52",
                "data": {
                    "time": 215.915238
                }
            },
            {
                "time": {
                    "start": "2018-02-05T18:19:15.392Z",
                    "end": "2018-02-05T18:20:54.790Z"
                },
                "type": "SCRUB",
                "source": "data:drag",
                "_t": "11:19:15",
                "_end": "11:20:54",
                "data": {
                    "time": 240.518875
                }
            },
            {
                "time": {
                    "start": "2018-02-05T18:19:15.392Z",
                    "end": "2018-02-05T18:20:57.818Z"
                },
                "type": "SCRUB",
                "source": "data:drag",
                "_t": "11:19:15",
                "_end": "11:20:57",
                "data": {
                    "time": 239.163589
                }
            },
            {
                "time": {
                    "start": "2018-02-05T18:19:15.392Z",
                    "end": "2018-02-05T18:21:00.657Z"
                },
                "type": "SCRUB",
                "source": "data:drag",
                "_t": "11:19:15",
                "_end": "11:21:00",
                "data": {
                    "time": 239.163589
                }
            },
            {
                "time": {
                    "start": "2018-02-05T18:19:15.392Z",
                    "end": "2018-02-05T18:21:01.813Z"
                },
                "type": "SCRUB",
                "source": "data:drag",
                "_t": "11:19:15",
                "_end": "11:21:01",
                "data": {
                    "time": 312.557492
                }
            },
            {
                "time": {
                    "start": "2018-02-05T18:19:15.392Z",
                    "end": "2018-02-05T18:21:02.906Z"
                },
                "type": "SCRUB",
                "source": "data:drag",
                "_t": "11:19:15",
                "_end": "11:21:02",
                "data": {
                    "time": 378.705832
                }
            },
            {
                "time": {
                    "start": "2018-02-05T18:19:15.392Z",
                    "end": "2018-02-05T18:21:05.722Z"
                },
                "type": "SCRUB",
                "source": "data:drag",
                "_t": "11:19:15",
                "_end": "11:21:05",
                "data": {
                    "time": 450.640197
                }
            },
            {
                "time": {
                    "start": "2018-02-05T18:19:15.392Z",
                    "end": "2018-02-05T18:21:08.898Z"
                },
                "type": "SCRUB",
                "source": "data:drag",
                "_t": "11:19:15",
                "_end": "11:21:08",
                "data": {
                    "time": 450.952955
                }
            },
            {
                "time": "2018-02-05T18:21:12.715Z",
                "type": "PLAY",
                "source": "video:button",
                "_t": "11:21:12",
                "_end": "-"
            },
            {
                "time": "2018-02-05T18:21:13.818Z",
                "type": "PAUSE",
                "source": "video:button",
                "_t": "11:21:13",
                "_end": "-"
            },
            {
                "time": {
                    "start": "2018-02-05T18:19:15.392Z",
                    "end": "2018-02-05T18:21:20.787Z"
                },
                "type": "SCRUB",
                "source": "data:drag",
                "_t": "11:19:15",
                "_end": "11:21:20",
                "data": {
                    "time": 450.754523
                }
            },
            {
                "time": {
                    "start": "2018-02-05T18:19:15.392Z",
                    "end": "2018-02-05T18:21:23.775Z"
                },
                "type": "SCRUB",
                "source": "data:drag",
                "_t": "11:19:15",
                "_end": "11:21:23",
                "data": {
                    "time": 450.754523
                }
            },
            {
                "time": {
                    "start": "2018-02-05T18:19:15.392Z",
                    "end": "2018-02-05T18:21:24.953Z"
                },
                "type": "SCRUB",
                "source": "data:drag",
                "_t": "11:19:15",
                "_end": "11:21:24",
                "data": {
                    "time": 529.413187
                }
            },
            {
                "time": {
                    "start": "2018-02-05T18:19:15.392Z",
                    "end": "2018-02-05T18:21:27.451Z"
                },
                "type": "SCRUB",
                "source": "data:drag",
                "_t": "11:19:15",
                "_end": "11:21:27",
                "data": {
                    "time": 567.36117
                }
            },
            {
                "time": "2018-02-05T18:21:28.675Z",
                "type": "PLAY",
                "source": "video:button",
                "_t": "11:21:28",
                "_end": "-"
            },
            {
                "time": "2018-02-05T18:21:31.530Z",
                "type": "PAUSE",
                "source": "video:button",
                "_t": "11:21:31",
                "_end": "-"
            },
            {
                "time": "2018-02-05T18:21:32.059Z",
                "type": "PLAY",
                "source": "video:button",
                "_t": "11:21:32",
                "_end": "-"
            },
            {
                "time": "2018-02-05T18:21:35.570Z",
                "type": "PAUSE",
                "source": "video:button",
                "_t": "11:21:35",
                "_end": "-"
            },
            {
                "time": {
                    "start": "2018-02-05T18:19:15.392Z",
                    "end": "2018-02-05T18:21:41.835Z"
                },
                "type": "SCRUB",
                "source": "data:drag",
                "_t": "11:19:15",
                "_end": "11:21:41",
                "data": {
                    "time": 567.508335
                }
            },
            {
                "time": {
                    "start": "2018-02-05T18:19:15.392Z",
                    "end": "2018-02-05T18:21:46.361Z"
                },
                "type": "SCRUB",
                "source": "data:drag",
                "_t": "11:19:15",
                "_end": "11:21:46",
                "data": {
                    "time": 567.508335
                }
            },
            {
                "time": {
                    "start": "2018-02-05T18:19:15.392Z",
                    "end": "2018-02-05T18:21:47.923Z"
                },
                "type": "SCRUB",
                "source": "data:drag",
                "_t": "11:19:15",
                "_end": "11:21:47",
                "data": {
                    "time": 564.641385
                }
            },
            {
                "time": {
                    "start": "2018-02-05T18:19:15.392Z",
                    "end": "2018-02-05T18:21:48.267Z"
                },
                "type": "SCRUB",
                "source": "data:drag",
                "_t": "11:19:15",
                "_end": "11:21:48",
                "data": {
                    "time": 564.641385
                }
            },
            {
                "time": {
                    "start": "2018-02-05T18:19:15.392Z",
                    "end": "2018-02-05T18:21:50.527Z"
                },
                "type": "SCRUB",
                "source": "data:drag",
                "_t": "11:19:15",
                "_end": "11:21:50",
                "data": {
                    "time": 564.641385
                }
            },
            {
                "time": {
                    "start": "2018-02-05T18:19:15.392Z",
                    "end": "2018-02-05T18:21:56.693Z"
                },
                "type": "SCRUB",
                "source": "data:drag",
                "_t": "11:19:15",
                "_end": "11:21:56",
                "data": {
                    "time": 590.391802
                }
            },
            {
                "time": {
                    "start": "2018-02-05T18:19:15.392Z",
                    "end": "2018-02-05T18:21:59.874Z"
                },
                "type": "SCRUB",
                "source": "data:drag",
                "_t": "11:19:15",
                "_end": "11:21:59",
                "data": {
                    "time": 590.391802
                }
            },
            {
                "time": {
                    "start": "2018-02-05T18:19:15.392Z",
                    "end": "2018-02-05T18:22:01.570Z"
                },
                "type": "SCRUB",
                "source": "data:drag",
                "_t": "11:19:15",
                "_end": "11:22:01",
                "data": {
                    "time": 612.224
                }
            },
            {
                "time": {
                    "start": "2018-02-05T18:19:15.392Z",
                    "end": "2018-02-05T18:22:06.707Z"
                },
                "type": "SCRUB",
                "source": "data:drag",
                "_t": "11:19:15",
                "_end": "11:22:06",
                "data": {
                    "time": 595.335062
                }
            },
            {
                "time": {
                    "start": "2018-02-05T18:19:15.392Z",
                    "end": "2018-02-05T18:22:12.979Z"
                },
                "type": "SCRUB",
                "source": "data:drag",
                "_t": "11:19:15",
                "_end": "11:22:12",
                "data": {
                    "time": 594.813798
                }
            },
            {
                "time": {
                    "start": "2018-02-05T18:19:15.392Z",
                    "end": "2018-02-05T18:22:15.522Z"
                },
                "type": "SCRUB",
                "source": "data:drag",
                "_t": "11:19:15",
                "_end": "11:22:15",
                "data": {
                    "time": 595.074429
                }
            },
            {
                "time": {
                    "start": "2018-02-05T18:19:15.392Z",
                    "end": "2018-02-05T18:22:16.531Z"
                },
                "type": "SCRUB",
                "source": "data:drag",
                "_t": "11:19:15",
                "_end": "11:22:16",
                "data": {
                    "time": 595.074429
                }
            },
            {
                "time": {
                    "start": "2018-02-05T18:19:15.392Z",
                    "end": "2018-02-05T18:22:18.404Z"
                },
                "type": "SCRUB",
                "source": "data:drag",
                "_t": "11:19:15",
                "_end": "11:22:18",
                "data": {
                    "time": 595.074429
                }
            },
            {
                "time": {
                    "start": "2018-02-05T18:19:15.392Z",
                    "end": "2018-02-05T18:22:22.307Z"
                },
                "type": "SCRUB",
                "source": "data:drag",
                "_t": "11:19:15",
                "_end": "11:22:22",
                "data": {
                    "time": 579.853534
                }
            },
            {
                "time": {
                    "start": "2018-02-05T18:19:15.392Z",
                    "end": "2018-02-05T18:22:30.705Z"
                },
                "type": "SCRUB",
                "source": "data:drag",
                "_t": "11:19:15",
                "_end": "11:22:30",
                "data": {
                    "time": 525.225117
                }
            },
            {
                "time": {
                    "start": "2018-02-05T18:19:15.392Z",
                    "end": "2018-02-05T18:22:32.218Z"
                },
                "type": "SCRUB",
                "source": "data:drag",
                "_t": "11:19:15",
                "_end": "11:22:32",
                "data": {
                    "time": 466.322338
                }
            },
            {
                "time": {
                    "start": "2018-02-05T18:19:15.392Z",
                    "end": "2018-02-05T18:22:35.058Z"
                },
                "type": "SCRUB",
                "source": "data:drag",
                "_t": "11:19:15",
                "_end": "11:22:35",
                "data": {
                    "time": 463.351135
                }
            }
        ]
    }
}