{
    "user_id": "051",
    "session_id": "5a789defee2b1975ba835b9e",
    "study": "studyD",
    "workspace": "pill.pills-blue",
    "details": {
        "workspace": "pill.pills-blue",
        "labels": [
            {
                "time": 4.622273999999951,
                "endTime": 8.106475626016259,
                "type": "move",
                "id": 1
            },
            {
                "time": 9.191071,
                "endTime": 9.887911325203255,
                "type": "move",
                "id": 2
            },
            {
                "time": 30.53188422764317,
                "endTime": 40.088551544715585,
                "type": "pill",
                "id": 3
            },
            {
                "time": 55.00914690243864,
                "endTime": 65.013783,
                "type": "move",
                "id": 4
            },
            {
                "time": 162.2664403333335,
                "endTime": 170.429427,
                "type": "pill",
                "id": 5
            }
        ],
        "_starts": [
            "2018-02-05T18:19:30.000Z"
        ],
        "_ends": [
            "2018-02-05T18:23:01.797Z"
        ]
    },
    "labels_file": "/home/ubuntu/vat/data/user-studies/studyD/pill-blue/051.labels.json",
    "videoFlash": 4.288888,
    "surveys": {
        "user-info": {
            "firstname": "Cameron",
            "lastname": "McQuinn",
            "email": "cameron.mcquinn@gmail.com"
        },
        "practice-first": {
            "question1": "5",
            "question2": "ok",
            "question3": "50",
            "question4": "5"
        },
        "practice-second": {},
        "practice-third": {},
        "practice-survey": {}
    },
    "logs": {
        "labelEvents": [
            {
                "time": "2018-02-05T18:20:29.056Z",
                "type": "START",
                "source": "hotkey",
                "_t": "11:20:29",
                "_end": "-",
                "data": {
                    "type": "move",
                    "time": 4.622274
                }
            },
            {
                "time": "2018-02-05T18:20:31.151Z",
                "type": "END",
                "source": "hotkey:h_pos",
                "_t": "11:20:31",
                "_end": "-",
                "data": {
                    "lbl": {
                        "time": 4.622273999999951,
                        "endTime": 8.106475626016259,
                        "type": "move",
                        "id": 1
                    },
                    "key": "enter"
                }
            },
            {
                "time": "2018-02-05T18:21:18.170Z",
                "type": "SELECT",
                "source": "data:click",
                "_t": "11:21:18",
                "_end": "-",
                "data": {
                    "time": 4.622273999999951,
                    "endTime": 8.106475626016259,
                    "type": "move",
                    "id": 1
                }
            },
            {
                "time": {
                    "start": "2018-02-05T18:21:19.288Z",
                    "end": "2018-02-05T18:21:20.296Z"
                },
                "type": "RESIZE",
                "source": "data:brush",
                "_t": "11:21:19",
                "_end": "11:21:20",
                "data": {
                    "brushing": true,
                    "origin": [
                        4.622274,
                        10.196996601626015
                    ],
                    "_brushside": 1,
                    "start": "2018-02-05T18:21:19.288Z",
                    "ε": 0.1,
                    "mode": "resize"
                }
            },
            {
                "time": "2018-02-05T18:21:24.786Z",
                "type": "START",
                "source": "hotkey",
                "_t": "11:21:24",
                "_end": "-",
                "data": {
                    "type": "move",
                    "time": 9.191071
                }
            },
            {
                "time": "2018-02-05T18:21:26.521Z",
                "type": "END",
                "source": "data:click:h_pos",
                "_t": "11:21:26",
                "_end": "-",
                "data": {
                    "lbl": {
                        "time": 9.191071,
                        "endTime": 9.887911325203255,
                        "type": "move",
                        "id": 2
                    }
                }
            },
            {
                "time": "2018-02-05T18:21:45.729Z",
                "type": "START",
                "source": "hotkey",
                "_t": "11:21:45",
                "_end": "-",
                "data": {
                    "type": "pill",
                    "time": 39.83968
                }
            },
            {
                "time": "2018-02-05T18:21:49.330Z",
                "type": "END",
                "source": "data:click:h_pos",
                "_t": "11:21:49",
                "_end": "-",
                "data": {
                    "lbl": {
                        "time": 30.53188422764317,
                        "endTime": 40.088551544715585,
                        "type": "pill",
                        "id": 3
                    }
                }
            },
            {
                "time": "2018-02-05T18:21:51.954Z",
                "type": "SELECT",
                "source": "data:click",
                "_t": "11:21:51",
                "_end": "-",
                "data": {
                    "time": 30.53188422764317,
                    "endTime": 40.088551544715585,
                    "type": "pill",
                    "id": 3
                }
            },
            {
                "time": {
                    "start": "2018-02-05T18:21:52.848Z",
                    "end": "2018-02-05T18:21:54.103Z"
                },
                "type": "RESIZE",
                "source": "data:brush",
                "_t": "11:21:52",
                "_end": "11:21:54",
                "data": {
                    "brushing": true,
                    "origin": [
                        30.531884227642472,
                        39.83968
                    ],
                    "_brushside": 1,
                    "start": "2018-02-05T18:21:52.848Z",
                    "ε": 0.1,
                    "mode": "resize"
                }
            },
            {
                "time": "2018-02-05T18:22:18.962Z",
                "type": "START",
                "source": "hotkey",
                "_t": "11:22:18",
                "_end": "-",
                "data": {
                    "type": "move",
                    "time": 65.013783
                }
            },
            {
                "time": "2018-02-05T18:22:21.490Z",
                "type": "END",
                "source": "data:click:h_pos",
                "_t": "11:22:21",
                "_end": "-",
                "data": {
                    "lbl": {
                        "time": 55.00914690243864,
                        "endTime": 65.013783,
                        "type": "move",
                        "id": 4
                    }
                }
            },
            {
                "time": "2018-02-05T18:22:59.634Z",
                "type": "START",
                "source": "hotkey",
                "_t": "11:22:59",
                "_end": "-",
                "data": {
                    "type": "pill",
                    "time": 170.429427
                }
            },
            {
                "time": "2018-02-05T18:23:00.850Z",
                "type": "END",
                "source": "data:click:h_pos",
                "_t": "11:23:00",
                "_end": "-",
                "data": {
                    "lbl": {
                        "time": 162.2664403333335,
                        "endTime": 170.429427,
                        "type": "pill",
                        "id": 5
                    }
                }
            }
        ],
        "navigationEvents": [
            {
                "time": "2018-02-05T18:20:13.346Z",
                "type": "PAUSE",
                "source": "video:button",
                "_t": "11:20:13",
                "_end": "-"
            },
            {
                "time": "2018-02-05T18:20:14.368Z",
                "type": "SKIP",
                "source": "hotkey",
                "_t": "11:20:14",
                "_end": "-",
                "data": {
                    "t": 13.622274,
                    "Δt": -1,
                    "key": "left"
                }
            },
            {
                "time": "2018-02-05T18:20:14.558Z",
                "type": "SKIP",
                "source": "hotkey",
                "_t": "11:20:14",
                "_end": "-",
                "data": {
                    "t": 12.622274,
                    "Δt": -1,
                    "key": "left"
                }
            },
            {
                "time": "2018-02-05T18:20:16.431Z",
                "type": "SKIP",
                "source": "hotkey",
                "_t": "11:20:16",
                "_end": "-",
                "data": {
                    "t": 11.622274,
                    "Δt": -1,
                    "key": "left"
                }
            },
            {
                "time": "2018-02-05T18:20:16.765Z",
                "type": "SKIP",
                "source": "hotkey",
                "_t": "11:20:16",
                "_end": "-",
                "data": {
                    "t": 10.622274,
                    "Δt": -1,
                    "key": "left"
                }
            },
            {
                "time": "2018-02-05T18:20:17.743Z",
                "type": "SKIP",
                "source": "hotkey",
                "_t": "11:20:17",
                "_end": "-",
                "data": {
                    "t": 9.622274,
                    "Δt": -1,
                    "key": "left"
                }
            },
            {
                "time": "2018-02-05T18:20:17.838Z",
                "type": "SKIP",
                "source": "hotkey",
                "_t": "11:20:17",
                "_end": "-",
                "data": {
                    "t": 8.622274,
                    "Δt": -1,
                    "key": "left"
                }
            },
            {
                "time": "2018-02-05T18:20:18.014Z",
                "type": "SKIP",
                "source": "hotkey",
                "_t": "11:20:18",
                "_end": "-",
                "data": {
                    "t": 7.622274,
                    "Δt": -1,
                    "key": "left"
                }
            },
            {
                "time": "2018-02-05T18:20:18.189Z",
                "type": "SKIP",
                "source": "hotkey",
                "_t": "11:20:18",
                "_end": "-",
                "data": {
                    "t": 6.622274,
                    "Δt": -1,
                    "key": "left"
                }
            },
            {
                "time": "2018-02-05T18:20:18.301Z",
                "type": "SKIP",
                "source": "hotkey",
                "_t": "11:20:18",
                "_end": "-",
                "data": {
                    "t": 5.622274,
                    "Δt": -1,
                    "key": "left"
                }
            },
            {
                "time": "2018-02-05T18:20:18.445Z",
                "type": "SKIP",
                "source": "hotkey",
                "_t": "11:20:18",
                "_end": "-",
                "data": {
                    "t": 4.622274,
                    "Δt": -1,
                    "key": "left"
                }
            },
            {
                "time": "2018-02-05T18:20:18.525Z",
                "type": "SKIP",
                "source": "hotkey",
                "_t": "11:20:18",
                "_end": "-",
                "data": {
                    "t": 3.622274,
                    "Δt": -1,
                    "key": "left"
                }
            },
            {
                "time": "2018-02-05T18:20:18.814Z",
                "type": "SKIP",
                "source": "hotkey",
                "_t": "11:20:18",
                "_end": "-",
                "data": {
                    "t": 2.622274,
                    "Δt": -1,
                    "key": "left"
                }
            },
            {
                "time": "2018-02-05T18:20:20.687Z",
                "type": "SKIP",
                "source": "hotkey",
                "_t": "11:20:20",
                "_end": "-",
                "data": {
                    "t": 1.622274,
                    "Δt": 1,
                    "key": "right"
                }
            },
            {
                "time": "2018-02-05T18:20:21.439Z",
                "type": "SKIP",
                "source": "hotkey",
                "_t": "11:20:21",
                "_end": "-",
                "data": {
                    "t": 2.622274,
                    "Δt": 1,
                    "key": "right"
                }
            },
            {
                "time": "2018-02-05T18:20:22.319Z",
                "type": "SKIP",
                "source": "hotkey",
                "_t": "11:20:22",
                "_end": "-",
                "data": {
                    "t": 3.622274,
                    "Δt": 1,
                    "key": "right"
                }
            },
            {
                "time": "2018-02-05T18:20:32.017Z",
                "type": "PLAY",
                "source": "hotkey",
                "_t": "11:20:32",
                "_end": "-",
                "data": {
                    "key": "space"
                }
            },
            {
                "time": "2018-02-05T18:20:36.447Z",
                "type": "PAUSE",
                "source": "hotkey",
                "_t": "11:20:36",
                "_end": "-",
                "data": {
                    "key": "space"
                }
            },
            {
                "time": "2018-02-05T18:20:37.248Z",
                "type": "PLAY",
                "source": "hotkey",
                "_t": "11:20:37",
                "_end": "-",
                "data": {
                    "key": "space"
                }
            },
            {
                "time": "2018-02-05T18:20:38.718Z",
                "type": "PAUSE",
                "source": "hotkey",
                "_t": "11:20:38",
                "_end": "-",
                "data": {
                    "key": "space"
                }
            },
            {
                "time": "2018-02-05T18:20:39.279Z",
                "type": "PLAY",
                "source": "hotkey",
                "_t": "11:20:39",
                "_end": "-",
                "data": {
                    "key": "space"
                }
            },
            {
                "time": "2018-02-05T18:20:43.871Z",
                "type": "PAUSE",
                "source": "hotkey",
                "_t": "11:20:43",
                "_end": "-",
                "data": {
                    "key": "space"
                }
            },
            {
                "time": "2018-02-05T18:20:44.352Z",
                "type": "SKIP",
                "source": "hotkey",
                "_t": "11:20:44",
                "_end": "-",
                "data": {
                    "t": 15.071027,
                    "Δt": -1,
                    "key": "left"
                }
            },
            {
                "time": "2018-02-05T18:20:44.479Z",
                "type": "SKIP",
                "source": "hotkey",
                "_t": "11:20:44",
                "_end": "-",
                "data": {
                    "t": 14.071027,
                    "Δt": -1,
                    "key": "left"
                }
            },
            {
                "time": "2018-02-05T18:20:44.637Z",
                "type": "SKIP",
                "source": "hotkey",
                "_t": "11:20:44",
                "_end": "-",
                "data": {
                    "t": 13.071027,
                    "Δt": -1,
                    "key": "left"
                }
            },
            {
                "time": "2018-02-05T18:20:44.781Z",
                "type": "SKIP",
                "source": "hotkey",
                "_t": "11:20:44",
                "_end": "-",
                "data": {
                    "t": 12.071027,
                    "Δt": -1,
                    "key": "left"
                }
            },
            {
                "time": "2018-02-05T18:20:45.373Z",
                "type": "SKIP",
                "source": "hotkey",
                "_t": "11:20:45",
                "_end": "-",
                "data": {
                    "t": 11.071027,
                    "Δt": -1,
                    "key": "left"
                }
            },
            {
                "time": "2018-02-05T18:20:45.454Z",
                "type": "SKIP",
                "source": "hotkey",
                "_t": "11:20:45",
                "_end": "-",
                "data": {
                    "t": 10.071027,
                    "Δt": -1,
                    "key": "left"
                }
            },
            {
                "time": "2018-02-05T18:20:45.630Z",
                "type": "SKIP",
                "source": "hotkey",
                "_t": "11:20:45",
                "_end": "-",
                "data": {
                    "t": 9.071027,
                    "Δt": -1,
                    "key": "left"
                }
            },
            {
                "time": "2018-02-05T18:20:47.584Z",
                "type": "SKIP",
                "source": "hotkey",
                "_t": "11:20:47",
                "_end": "-",
                "data": {
                    "t": 8.071027,
                    "Δt": 1,
                    "key": "right"
                }
            },
            {
                "time": "2018-02-05T18:20:49.203Z",
                "type": "SKIP",
                "source": "hotkey",
                "_t": "11:20:49",
                "_end": "-",
                "data": {
                    "t": 9.071027,
                    "Δt": -1,
                    "key": "left"
                }
            },
            {
                "time": "2018-02-05T18:20:50.799Z",
                "type": "SKIP",
                "source": "hotkey",
                "_t": "11:20:50",
                "_end": "-",
                "data": {
                    "t": 8.071027,
                    "Δt": -1,
                    "key": "left"
                }
            },
            {
                "time": "2018-02-05T18:20:51.727Z",
                "type": "SKIP",
                "source": "hotkey",
                "_t": "11:20:51",
                "_end": "-",
                "data": {
                    "t": 7.071027,
                    "Δt": 1,
                    "key": "right"
                }
            },
            {
                "time": "2018-02-05T18:20:54.974Z",
                "type": "CHANGE-PLAYBACK-RATE",
                "source": "video:menu",
                "_t": "11:20:54",
                "_end": "-",
                "data": {
                    "oldRate": 1,
                    "newRate": 0.25
                }
            },
            {
                "time": "2018-02-05T18:20:55.746Z",
                "type": "SKIP",
                "source": "hotkey",
                "_t": "11:20:55",
                "_end": "-",
                "data": {
                    "t": 8.071027,
                    "Δt": -1,
                    "key": "left"
                }
            },
            {
                "time": "2018-02-05T18:20:57.008Z",
                "type": "PLAY",
                "source": "hotkey",
                "_t": "11:20:57",
                "_end": "-",
                "data": {
                    "key": "space"
                }
            },
            {
                "time": "2018-02-05T18:20:57.903Z",
                "type": "PAUSE",
                "source": "hotkey",
                "_t": "11:20:57",
                "_end": "-",
                "data": {
                    "key": "space"
                }
            },
            {
                "time": "2018-02-05T18:20:59.878Z",
                "type": "CHANGE-PLAYBACK-RATE",
                "source": "video:menu",
                "_t": "11:20:59",
                "_end": "-",
                "data": {
                    "oldRate": 0.25,
                    "newRate": 0.25
                }
            },
            {
                "time": "2018-02-05T18:21:00.550Z",
                "type": "PLAY",
                "source": "video:button",
                "_t": "11:21:00",
                "_end": "-"
            },
            {
                "time": "2018-02-05T18:21:01.552Z",
                "type": "SKIP",
                "source": "hotkey",
                "_t": "11:21:01",
                "_end": "-",
                "data": {
                    "t": 9.123618,
                    "Δt": -5,
                    "key": "left"
                }
            },
            {
                "time": "2018-02-05T18:21:01.775Z",
                "type": "SKIP",
                "source": "hotkey",
                "_t": "11:21:01",
                "_end": "-",
                "data": {
                    "t": 4.123618,
                    "Δt": -5,
                    "key": "left"
                }
            },
            {
                "time": "2018-02-05T18:21:01.962Z",
                "type": "SKIP",
                "source": "hotkey",
                "_t": "11:21:01",
                "_end": "-",
                "data": {
                    "t": 0.00712,
                    "Δt": -5,
                    "key": "left"
                }
            },
            {
                "time": "2018-02-05T18:21:02.096Z",
                "type": "SKIP",
                "source": "hotkey",
                "_t": "11:21:02",
                "_end": "-",
                "data": {
                    "t": 0.006171,
                    "Δt": -5,
                    "key": "left"
                }
            },
            {
                "time": "2018-02-05T18:21:02.832Z",
                "type": "SKIP",
                "source": "hotkey",
                "_t": "11:21:02",
                "_end": "-",
                "data": {
                    "t": 0.133125,
                    "Δt": 5,
                    "key": "right"
                }
            },
            {
                "time": "2018-02-05T18:21:15.602Z",
                "type": "PAUSE",
                "source": "hotkey",
                "_t": "11:21:15",
                "_end": "-",
                "data": {
                    "key": "space"
                }
            },
            {
                "time": {
                    "start": "2018-02-05T18:19:30.727Z",
                    "end": "2018-02-05T18:21:18.167Z"
                },
                "type": "SCRUB",
                "source": "data:drag",
                "_t": "11:19:30",
                "_end": "11:21:18",
                "data": {
                    "time": 8.145811
                }
            },
            {
                "time": {
                    "start": "2018-02-05T18:19:30.727Z",
                    "end": "2018-02-05T18:21:20.304Z"
                },
                "type": "SCRUB",
                "source": "data:drag",
                "_t": "11:19:30",
                "_end": "11:21:20",
                "data": {
                    "time": 8.145811
                }
            },
            {
                "time": {
                    "start": "2018-02-05T18:19:30.727Z",
                    "end": "2018-02-05T18:21:24.360Z"
                },
                "type": "SCRUB",
                "source": "data:drag",
                "_t": "11:19:30",
                "_end": "11:21:24",
                "data": {
                    "time": 9.191071
                }
            },
            {
                "time": {
                    "start": "2018-02-05T18:19:30.727Z",
                    "end": "2018-02-05T18:21:26.519Z"
                },
                "type": "SCRUB",
                "source": "data:drag",
                "_t": "11:19:30",
                "_end": "11:21:26",
                "data": {
                    "time": 9.191071
                }
            },
            {
                "time": {
                    "start": "2018-02-05T18:19:30.727Z",
                    "end": "2018-02-05T18:21:30.236Z"
                },
                "type": "SCRUB",
                "source": "data:drag",
                "_t": "11:19:30",
                "_end": "11:21:30",
                "data": {
                    "time": 31.987704
                }
            },
            {
                "time": {
                    "start": "2018-02-05T18:19:30.727Z",
                    "end": "2018-02-05T18:21:32.006Z"
                },
                "type": "SCRUB",
                "source": "data:drag",
                "_t": "11:19:30",
                "_end": "11:21:32",
                "data": {
                    "time": 31.241089
                }
            },
            {
                "time": "2018-02-05T18:21:32.623Z",
                "type": "CHANGE-PLAYBACK-RATE",
                "source": "video:button",
                "_t": "11:21:32",
                "_end": "-",
                "data": {
                    "oldRate": 0.25,
                    "newRate": 0.5
                }
            },
            {
                "time": "2018-02-05T18:21:33.863Z",
                "type": "CHANGE-PLAYBACK-RATE",
                "source": "video:button",
                "_t": "11:21:33",
                "_end": "-",
                "data": {
                    "oldRate": 0.5,
                    "newRate": 1
                }
            },
            {
                "time": "2018-02-05T18:21:34.625Z",
                "type": "PLAY",
                "source": "hotkey",
                "_t": "11:21:34",
                "_end": "-",
                "data": {
                    "key": "space"
                }
            },
            {
                "time": "2018-02-05T18:21:40.431Z",
                "type": "PAUSE",
                "source": "hotkey",
                "_t": "11:21:40",
                "_end": "-",
                "data": {
                    "key": "space"
                }
            },
            {
                "time": {
                    "start": "2018-02-05T18:19:30.727Z",
                    "end": "2018-02-05T18:21:49.327Z"
                },
                "type": "SCRUB",
                "source": "data:drag",
                "_t": "11:19:30",
                "_end": "11:21:49",
                "data": {
                    "time": 39.83968
                }
            },
            {
                "time": "2018-02-05T18:21:50.065Z",
                "type": "PLAY",
                "source": "hotkey",
                "_t": "11:21:50",
                "_end": "-",
                "data": {
                    "key": "space"
                }
            },
            {
                "time": "2018-02-05T18:21:51.362Z",
                "type": "PAUSE",
                "source": "hotkey",
                "_t": "11:21:51",
                "_end": "-",
                "data": {
                    "key": "space"
                }
            },
            {
                "time": {
                    "start": "2018-02-05T18:19:30.727Z",
                    "end": "2018-02-05T18:21:51.951Z"
                },
                "type": "SCRUB",
                "source": "data:drag",
                "_t": "11:19:30",
                "_end": "11:21:51",
                "data": {
                    "time": 42.388038
                }
            },
            {
                "time": {
                    "start": "2018-02-05T18:19:30.727Z",
                    "end": "2018-02-05T18:21:54.123Z"
                },
                "type": "SCRUB",
                "source": "data:drag",
                "_t": "11:19:30",
                "_end": "11:21:54",
                "data": {
                    "time": 42.388038
                }
            },
            {
                "time": "2018-02-05T18:22:01.040Z",
                "type": "PLAY",
                "source": "hotkey",
                "_t": "11:22:01",
                "_end": "-",
                "data": {
                    "key": "space"
                }
            },
            {
                "time": "2018-02-05T18:22:07.589Z",
                "type": "PAUSE",
                "source": "hotkey",
                "_t": "11:22:07",
                "_end": "-",
                "data": {
                    "key": "space"
                }
            },
            {
                "time": "2018-02-05T18:22:08.736Z",
                "type": "PLAY",
                "source": "hotkey",
                "_t": "11:22:08",
                "_end": "-",
                "data": {
                    "key": "space"
                }
            },
            {
                "time": "2018-02-05T18:22:12.880Z",
                "type": "PAUSE",
                "source": "hotkey",
                "_t": "11:22:12",
                "_end": "-",
                "data": {
                    "key": "space"
                }
            },
            {
                "time": "2018-02-05T18:22:13.904Z",
                "type": "PLAY",
                "source": "hotkey",
                "_t": "11:22:13",
                "_end": "-",
                "data": {
                    "key": "space"
                }
            },
            {
                "time": "2018-02-05T18:22:14.496Z",
                "type": "PAUSE",
                "source": "hotkey",
                "_t": "11:22:14",
                "_end": "-",
                "data": {
                    "key": "space"
                }
            },
            {
                "time": {
                    "start": "2018-02-05T18:19:30.727Z",
                    "end": "2018-02-05T18:22:21.488Z"
                },
                "type": "SCRUB",
                "source": "data:drag",
                "_t": "11:19:30",
                "_end": "11:22:21",
                "data": {
                    "time": 65.013783
                }
            },
            {
                "time": "2018-02-05T18:22:23.776Z",
                "type": "PLAY",
                "source": "hotkey",
                "_t": "11:22:23",
                "_end": "-",
                "data": {
                    "key": "space"
                }
            },
            {
                "time": {
                    "start": "2018-02-05T18:19:30.727Z",
                    "end": "2018-02-05T18:22:32.687Z"
                },
                "type": "SCRUB",
                "source": "data:drag",
                "_t": "11:19:30",
                "_end": "11:22:32",
                "data": {
                    "time": 138.896298
                }
            },
            {
                "time": {
                    "start": "2018-02-05T18:19:30.727Z",
                    "end": "2018-02-05T18:22:35.952Z"
                },
                "type": "SCRUB",
                "source": "data:drag",
                "_t": "11:19:30",
                "_end": "11:22:35",
                "data": {
                    "time": 157.253794
                }
            },
            {
                "time": {
                    "start": "2018-02-05T18:19:30.727Z",
                    "end": "2018-02-05T18:22:40.528Z"
                },
                "type": "SCRUB",
                "source": "data:drag",
                "_t": "11:19:30",
                "_end": "11:22:40",
                "data": {
                    "time": 161.385061
                }
            },
            {
                "time": "2018-02-05T18:22:45.343Z",
                "type": "PAUSE",
                "source": "hotkey",
                "_t": "11:22:45",
                "_end": "-",
                "data": {
                    "key": "space"
                }
            },
            {
                "time": {
                    "start": "2018-02-05T18:19:30.727Z",
                    "end": "2018-02-05T18:22:49.943Z"
                },
                "type": "SCRUB",
                "source": "data:drag",
                "_t": "11:19:30",
                "_end": "11:22:49",
                "data": {
                    "time": 170.031233
                }
            },
            {
                "time": {
                    "start": "2018-02-05T18:19:30.727Z",
                    "end": "2018-02-05T18:22:53.175Z"
                },
                "type": "SCRUB",
                "source": "data:drag",
                "_t": "11:19:30",
                "_end": "11:22:53",
                "data": {
                    "time": 170.429427
                }
            },
            {
                "time": {
                    "start": "2018-02-05T18:19:30.727Z",
                    "end": "2018-02-05T18:23:00.849Z"
                },
                "type": "SCRUB",
                "source": "data:drag",
                "_t": "11:19:30",
                "_end": "11:23:00",
                "data": {
                    "time": 170.429427
                }
            }
        ]
    }
}