{
    "user_id": "055",
    "session_id": "5a78ba10ee2b1975ba835bd3",
    "study": "studyD",
    "workspace": "pill.pills-blue",
    "details": {
        "workspace": "pill.pills-blue",
        "labels": [
            {
                "time": 30.744568,
                "endTime": 40.095539757925025,
                "type": "pill",
                "id": 1
            },
            {
                "time": 55.22915,
                "endTime": 64.73135041169186,
                "type": "move",
                "id": 2
            },
            {
                "time": 162.359321,
                "endTime": 170.02661374598222,
                "type": "pill",
                "id": 3
            }
        ],
        "_starts": [
            "2018-02-05T20:19:01.000Z"
        ],
        "_ends": [
            "2018-02-05T20:22:27.709Z"
        ]
    },
    "labels_file": "/home/ubuntu/vat/data/user-studies/studyD/pill-blue/055.labels.json",
    "videoFlash": 4.288888,
    "surveys": {
        "user-info": {
            "firstname": "Riley",
            "lastname": "Hale",
            "email": "riley.e.hale@gmail.com"
        },
        "practice-first": {
            "question1": "1",
            "question2": "ok",
            "question3": "100",
            "question4": "5"
        },
        "practice-second": {},
        "practice-third": {},
        "practice-survey": {}
    },
    "logs": {
        "labelEvents": [
            {
                "time": "2018-02-05T20:20:12.513Z",
                "type": "START",
                "source": "side-bar:button",
                "_t": "13:20:12",
                "_end": "-",
                "data": {
                    "type": "pill",
                    "time": 30.744568
                }
            },
            {
                "time": "2018-02-05T20:20:18.662Z",
                "type": "END",
                "source": "data:click:h_pos",
                "_t": "13:20:18",
                "_end": "-",
                "data": {
                    "lbl": {
                        "time": 30.744568,
                        "endTime": 40.095539757925025,
                        "type": "pill",
                        "id": 1
                    }
                }
            },
            {
                "time": "2018-02-05T20:21:06.570Z",
                "type": "START",
                "source": "side-bar:button",
                "_t": "13:21:06",
                "_end": "-",
                "data": {
                    "type": "move",
                    "time": 55.22915
                }
            },
            {
                "time": "2018-02-05T20:21:09.649Z",
                "type": "END",
                "source": "data:click:h_pos",
                "_t": "13:21:09",
                "_end": "-",
                "data": {
                    "lbl": {
                        "time": 55.22915,
                        "endTime": 64.73135041169186,
                        "type": "move",
                        "id": 2
                    }
                }
            },
            {
                "time": "2018-02-05T20:21:56.083Z",
                "type": "START",
                "source": "side-bar:button",
                "_t": "13:21:56",
                "_end": "-",
                "data": {
                    "type": "pill",
                    "time": 162.359321
                }
            },
            {
                "time": "2018-02-05T20:21:58.471Z",
                "type": "END",
                "source": "data:click:h_pos",
                "_t": "13:21:58",
                "_end": "-",
                "data": {
                    "lbl": {
                        "time": 162.359321,
                        "endTime": 170.02661374598222,
                        "type": "pill",
                        "id": 3
                    }
                }
            },
            {
                "time": "2018-02-05T20:22:27.532Z",
                "type": "START",
                "source": "side-bar:button",
                "_t": "13:22:27",
                "_end": "-",
                "data": {
                    "type": "pill",
                    "time": 216.060585
                }
            }
        ],
        "navigationEvents": [
            {
                "time": "2018-02-05T20:19:36.081Z",
                "type": "CHANGE-PLAYBACK-RATE",
                "source": "video:menu",
                "_t": "13:19:36",
                "_end": "-",
                "data": {
                    "oldRate": 1,
                    "newRate": 2
                }
            },
            {
                "time": "2018-02-05T20:19:47.576Z",
                "type": "PAUSE",
                "source": "video:button",
                "_t": "13:19:47",
                "_end": "-"
            },
            {
                "time": {
                    "start": "2018-02-05T20:19:01.658Z",
                    "end": "2018-02-05T20:19:50.882Z"
                },
                "type": "SCRUB",
                "source": "data:drag",
                "_t": "13:19:01",
                "_end": "13:19:50",
                "data": {
                    "time": 30.492522
                }
            },
            {
                "time": {
                    "start": "2018-02-05T20:19:01.658Z",
                    "end": "2018-02-05T20:19:53.577Z"
                },
                "type": "SCRUB",
                "source": "data:drag",
                "_t": "13:19:01",
                "_end": "13:19:53",
                "data": {
                    "time": 30.845388
                }
            },
            {
                "time": {
                    "start": "2018-02-05T20:19:01.658Z",
                    "end": "2018-02-05T20:19:55.488Z"
                },
                "type": "SCRUB",
                "source": "data:drag",
                "_t": "13:19:01",
                "_end": "13:19:55",
                "data": {
                    "time": 30.744568
                }
            },
            {
                "time": {
                    "start": "2018-02-05T20:19:01.658Z",
                    "end": "2018-02-05T20:20:09.875Z"
                },
                "type": "SCRUB",
                "source": "data:drag",
                "_t": "13:19:01",
                "_end": "13:20:09",
                "data": {
                    "time": 30.744568
                }
            },
            {
                "time": {
                    "start": "2018-02-05T20:19:01.658Z",
                    "end": "2018-02-05T20:20:18.661Z"
                },
                "type": "SCRUB",
                "source": "data:drag",
                "_t": "13:19:01",
                "_end": "13:20:18",
                "data": {
                    "time": 30.744568
                }
            },
            {
                "time": {
                    "start": "2018-02-05T20:19:01.658Z",
                    "end": "2018-02-05T20:20:22.872Z"
                },
                "type": "SCRUB",
                "source": "data:drag",
                "_t": "13:19:01",
                "_end": "13:20:22",
                "data": {
                    "time": 38.053952
                }
            },
            {
                "time": {
                    "start": "2018-02-05T20:19:01.658Z",
                    "end": "2018-02-05T20:20:24.705Z"
                },
                "type": "SCRUB",
                "source": "data:drag",
                "_t": "13:19:01",
                "_end": "13:20:24",
                "data": {
                    "time": 40.322381
                }
            },
            {
                "time": {
                    "start": "2018-02-05T20:19:01.658Z",
                    "end": "2018-02-05T20:20:27.256Z"
                },
                "type": "SCRUB",
                "source": "data:drag",
                "_t": "13:19:01",
                "_end": "13:20:27",
                "data": {
                    "time": 40.120742
                }
            },
            {
                "time": {
                    "start": "2018-02-05T20:19:01.658Z",
                    "end": "2018-02-05T20:20:32.902Z"
                },
                "type": "SCRUB",
                "source": "data:drag",
                "_t": "13:19:01",
                "_end": "13:20:32",
                "data": {
                    "time": 38.356407
                }
            },
            {
                "time": {
                    "start": "2018-02-05T20:19:01.658Z",
                    "end": "2018-02-05T20:20:35.201Z"
                },
                "type": "SCRUB",
                "source": "data:drag",
                "_t": "13:19:01",
                "_end": "13:20:35",
                "data": {
                    "time": 39.162959
                }
            },
            {
                "time": {
                    "start": "2018-02-05T20:19:01.658Z",
                    "end": "2018-02-05T20:20:36.931Z"
                },
                "type": "SCRUB",
                "source": "data:drag",
                "_t": "13:19:01",
                "_end": "13:20:36",
                "data": {
                    "time": 39.717464
                }
            },
            {
                "time": {
                    "start": "2018-02-05T20:19:01.658Z",
                    "end": "2018-02-05T20:20:38.818Z"
                },
                "type": "SCRUB",
                "source": "data:drag",
                "_t": "13:19:01",
                "_end": "13:20:38",
                "data": {
                    "time": 40.019921
                }
            },
            {
                "time": {
                    "start": "2018-02-05T20:19:01.658Z",
                    "end": "2018-02-05T20:20:41.323Z"
                },
                "type": "SCRUB",
                "source": "data:drag",
                "_t": "13:19:01",
                "_end": "13:20:41",
                "data": {
                    "time": 41.280159
                }
            },
            {
                "time": {
                    "start": "2018-02-05T20:19:01.658Z",
                    "end": "2018-02-05T20:20:45.809Z"
                },
                "type": "SCRUB",
                "source": "data:drag",
                "_t": "13:19:01",
                "_end": "13:20:45",
                "data": {
                    "time": 55.243604
                }
            },
            {
                "time": {
                    "start": "2018-02-05T20:19:01.658Z",
                    "end": "2018-02-05T20:20:48.527Z"
                },
                "type": "SCRUB",
                "source": "data:drag",
                "_t": "13:19:01",
                "_end": "13:20:48",
                "data": {
                    "time": 58.520224
                }
            },
            {
                "time": {
                    "start": "2018-02-05T20:19:01.658Z",
                    "end": "2018-02-05T20:20:52.688Z"
                },
                "type": "SCRUB",
                "source": "data:drag",
                "_t": "13:19:01",
                "_end": "13:20:52",
                "data": {
                    "time": 54.991555
                }
            },
            {
                "time": "2018-02-05T20:20:54.354Z",
                "type": "PLAY",
                "source": "video:button",
                "_t": "13:20:54",
                "_end": "-"
            },
            {
                "time": "2018-02-05T20:21:00.041Z",
                "type": "PAUSE",
                "source": "video:button",
                "_t": "13:21:00",
                "_end": "-"
            },
            {
                "time": {
                    "start": "2018-02-05T20:19:01.658Z",
                    "end": "2018-02-05T20:21:01.530Z"
                },
                "type": "SCRUB",
                "source": "data:drag",
                "_t": "13:19:01",
                "_end": "13:21:01",
                "data": {
                    "time": 66.268842
                }
            },
            {
                "time": {
                    "start": "2018-02-05T20:19:01.658Z",
                    "end": "2018-02-05T20:21:05.225Z"
                },
                "type": "SCRUB",
                "source": "data:drag",
                "_t": "13:19:01",
                "_end": "13:21:05",
                "data": {
                    "time": 55.22915
                }
            },
            {
                "time": {
                    "start": "2018-02-05T20:19:01.658Z",
                    "end": "2018-02-05T20:21:09.649Z"
                },
                "type": "SCRUB",
                "source": "data:drag",
                "_t": "13:19:01",
                "_end": "13:21:09",
                "data": {
                    "time": 55.22915
                }
            },
            {
                "time": {
                    "start": "2018-02-05T20:19:01.658Z",
                    "end": "2018-02-05T20:21:12.141Z"
                },
                "type": "SCRUB",
                "source": "data:drag",
                "_t": "13:19:01",
                "_end": "13:21:12",
                "data": {
                    "time": 61.832801
                }
            },
            {
                "time": {
                    "start": "2018-02-05T20:19:01.658Z",
                    "end": "2018-02-05T20:21:13.339Z"
                },
                "type": "SCRUB",
                "source": "data:drag",
                "_t": "13:19:01",
                "_end": "13:21:13",
                "data": {
                    "time": 64.252459
                }
            },
            {
                "time": {
                    "start": "2018-02-05T20:19:01.658Z",
                    "end": "2018-02-05T20:21:14.762Z"
                },
                "type": "SCRUB",
                "source": "data:drag",
                "_t": "13:19:01",
                "_end": "13:21:14",
                "data": {
                    "time": 65.008602
                }
            },
            {
                "time": {
                    "start": "2018-02-05T20:19:01.658Z",
                    "end": "2018-02-05T20:21:17.960Z"
                },
                "type": "SCRUB",
                "source": "data:drag",
                "_t": "13:19:01",
                "_end": "13:21:17",
                "data": {
                    "time": 66.672116
                }
            },
            {
                "time": "2018-02-05T20:21:19.411Z",
                "type": "PLAY",
                "source": "video:button",
                "_t": "13:21:19",
                "_end": "-"
            },
            {
                "time": {
                    "start": "2018-02-05T20:19:01.658Z",
                    "end": "2018-02-05T20:21:30.356Z"
                },
                "type": "SCRUB",
                "source": "data:drag",
                "_t": "13:19:01",
                "_end": "13:21:30",
                "data": {
                    "time": 143.529987
                }
            },
            {
                "time": {
                    "start": "2018-02-05T20:19:01.658Z",
                    "end": "2018-02-05T20:21:33.691Z"
                },
                "type": "SCRUB",
                "source": "data:drag",
                "_t": "13:19:01",
                "_end": "13:21:33",
                "data": {
                    "time": 162.23193
                }
            },
            {
                "time": "2018-02-05T20:21:35.518Z",
                "type": "PAUSE",
                "source": "video:button",
                "_t": "13:21:35",
                "_end": "-"
            },
            {
                "time": {
                    "start": "2018-02-05T20:19:01.658Z",
                    "end": "2018-02-05T20:21:39.505Z"
                },
                "type": "SCRUB",
                "source": "data:drag",
                "_t": "13:19:01",
                "_end": "13:21:39",
                "data": {
                    "time": 162.29144
                }
            },
            {
                "time": {
                    "start": "2018-02-05T20:19:01.658Z",
                    "end": "2018-02-05T20:21:42.209Z"
                },
                "type": "SCRUB",
                "source": "data:drag",
                "_t": "13:19:01",
                "_end": "13:21:42",
                "data": {
                    "time": 162.644306
                }
            },
            {
                "time": {
                    "start": "2018-02-05T20:19:01.658Z",
                    "end": "2018-02-05T20:21:43.867Z"
                },
                "type": "SCRUB",
                "source": "data:drag",
                "_t": "13:19:01",
                "_end": "13:21:43",
                "data": {
                    "time": 162.493077
                }
            },
            {
                "time": {
                    "start": "2018-02-05T20:19:01.658Z",
                    "end": "2018-02-05T20:21:46.010Z"
                },
                "type": "SCRUB",
                "source": "data:drag",
                "_t": "13:19:01",
                "_end": "13:21:46",
                "data": {
                    "time": 162.318994
                }
            },
            {
                "time": {
                    "start": "2018-02-05T20:19:01.658Z",
                    "end": "2018-02-05T20:21:54.297Z"
                },
                "type": "SCRUB",
                "source": "data:drag",
                "_t": "13:19:01",
                "_end": "13:21:54",
                "data": {
                    "time": 162.359321
                }
            },
            {
                "time": {
                    "start": "2018-02-05T20:19:01.658Z",
                    "end": "2018-02-05T20:21:58.470Z"
                },
                "type": "SCRUB",
                "source": "data:drag",
                "_t": "13:19:01",
                "_end": "13:21:58",
                "data": {
                    "time": 162.359321
                }
            },
            {
                "time": {
                    "start": "2018-02-05T20:19:01.658Z",
                    "end": "2018-02-05T20:22:00.105Z"
                },
                "type": "SCRUB",
                "source": "data:drag",
                "_t": "13:19:01",
                "_end": "13:22:00",
                "data": {
                    "time": 165.777088
                }
            },
            {
                "time": {
                    "start": "2018-02-05T20:19:01.658Z",
                    "end": "2018-02-05T20:22:02.444Z"
                },
                "type": "SCRUB",
                "source": "data:drag",
                "_t": "13:19:01",
                "_end": "13:22:02",
                "data": {
                    "time": 167.985026
                }
            },
            {
                "time": {
                    "start": "2018-02-05T20:19:01.658Z",
                    "end": "2018-02-05T20:22:04.058Z"
                },
                "type": "SCRUB",
                "source": "data:drag",
                "_t": "13:19:01",
                "_end": "13:22:04",
                "data": {
                    "time": 169.436821
                }
            },
            {
                "time": {
                    "start": "2018-02-05T20:19:01.658Z",
                    "end": "2018-02-05T20:22:05.610Z"
                },
                "type": "SCRUB",
                "source": "data:drag",
                "_t": "13:19:01",
                "_end": "13:22:05",
                "data": {
                    "time": 169.971162
                }
            },
            {
                "time": {
                    "start": "2018-02-05T20:19:01.658Z",
                    "end": "2018-02-05T20:22:07.330Z"
                },
                "type": "SCRUB",
                "source": "data:drag",
                "_t": "13:19:01",
                "_end": "13:22:07",
                "data": {
                    "time": 170.041735
                }
            },
            {
                "time": {
                    "start": "2018-02-05T20:19:01.658Z",
                    "end": "2018-02-05T20:22:09.138Z"
                },
                "type": "SCRUB",
                "source": "data:drag",
                "_t": "13:19:01",
                "_end": "13:22:09",
                "data": {
                    "time": 169.920752
                }
            },
            {
                "time": "2018-02-05T20:22:10.187Z",
                "type": "PLAY",
                "source": "video:button",
                "_t": "13:22:10",
                "_end": "-"
            },
            {
                "time": "2018-02-05T20:22:11.234Z",
                "type": "PAUSE",
                "source": "video:button",
                "_t": "13:22:11",
                "_end": "-"
            },
            {
                "time": "2018-02-05T20:22:11.835Z",
                "type": "PLAY",
                "source": "video:button",
                "_t": "13:22:11",
                "_end": "-"
            },
            {
                "time": {
                    "start": "2018-02-05T20:19:01.658Z",
                    "end": "2018-02-05T20:22:16.886Z"
                },
                "type": "SCRUB",
                "source": "data:drag",
                "_t": "13:19:01",
                "_end": "13:22:16",
                "data": {
                    "time": 214.48587
                }
            },
            {
                "time": "2018-02-05T20:22:19.168Z",
                "type": "PAUSE",
                "source": "video:button",
                "_t": "13:22:19",
                "_end": "-"
            },
            {
                "time": {
                    "start": "2018-02-05T20:19:01.658Z",
                    "end": "2018-02-05T20:22:24.682Z"
                },
                "type": "SCRUB",
                "source": "data:drag",
                "_t": "13:19:01",
                "_end": "13:22:24",
                "data": {
                    "time": 216.060585
                }
            }
        ]
    }
}