{
    "user_id": "056",
    "session_id": "5a78ba3dee2b1975ba835bd5",
    "study": "studyD",
    "workspace": "pill.pills-blue",
    "details": {
        "workspace": "pill.pills-blue",
        "labels": [
            {
                "time": 30.413534,
                "endTime": 40.15119142251261,
                "type": "pill",
                "id": 1
            },
            {
                "time": 55.340678,
                "endTime": 64.77871519412929,
                "type": "move",
                "id": 2
            },
            {
                "time": 162.020266,
                "endTime": 170.06007546166379,
                "type": "pill",
                "id": 3
            },
            {
                "time": 215.79804,
                "endTime": 222.18993820554334,
                "type": "pill",
                "id": 4
            },
            {
                "time": 239.050109,
                "endTime": 248.4382094894007,
                "type": "move",
                "id": 5
            },
            {
                "time": 450.822788,
                "endTime": 460.26082519414047,
                "type": "pill",
                "id": 6
            }
        ],
        "_starts": [
            "2018-02-05T20:19:46.000Z"
        ],
        "_ends": [
            "2018-02-05T20:23:45.612Z"
        ]
    },
    "labels_file": "/home/ubuntu/vat/data/user-studies/studyD/pill-blue/056.labels.json",
    "videoFlash": 4.288888,
    "surveys": {
        "user-info": {
            "firstname": "Justin",
            "lastname": "Egbert",
            "email": "Jegber@gmail.com"
        },
        "practice-first": {
            "question1": "5",
            "question2": "ok",
            "question3": "100",
            "question4": "5"
        },
        "practice-second": {},
        "practice-third": {},
        "practice-survey": {}
    },
    "logs": {
        "labelEvents": [
            {
                "time": "2018-02-05T20:22:21.291Z",
                "type": "START",
                "source": "side-bar:button",
                "_t": "13:22:21",
                "_end": "-",
                "data": {
                    "type": "pill",
                    "time": 30.413534
                }
            },
            {
                "time": "2018-02-05T20:22:23.875Z",
                "type": "END",
                "source": "data:click:h_pos",
                "_t": "13:22:23",
                "_end": "-",
                "data": {
                    "lbl": {
                        "time": 30.413534,
                        "endTime": 40.15119142251261,
                        "type": "pill",
                        "id": 1
                    }
                }
            },
            {
                "time": "2018-02-05T20:22:34.746Z",
                "type": "START",
                "source": "hotkey",
                "_t": "13:22:34",
                "_end": "-",
                "data": {
                    "type": "move",
                    "time": 55.340678
                }
            },
            {
                "time": "2018-02-05T20:22:36.050Z",
                "type": "END",
                "source": "data:click:h_pos",
                "_t": "13:22:36",
                "_end": "-",
                "data": {
                    "lbl": {
                        "time": 55.340678,
                        "endTime": 64.77871519412929,
                        "type": "move",
                        "id": 2
                    }
                }
            },
            {
                "time": "2018-02-05T20:22:48.073Z",
                "type": "START",
                "source": "side-bar:button",
                "_t": "13:22:48",
                "_end": "-",
                "data": {
                    "type": "pill",
                    "time": 162.020266
                }
            },
            {
                "time": "2018-02-05T20:22:49.721Z",
                "type": "END",
                "source": "data:click:h_pos",
                "_t": "13:22:49",
                "_end": "-",
                "data": {
                    "lbl": {
                        "time": 162.020266,
                        "endTime": 170.06007546166379,
                        "type": "pill",
                        "id": 3
                    }
                }
            },
            {
                "time": "2018-02-05T20:22:59.403Z",
                "type": "START",
                "source": "side-bar:button",
                "_t": "13:22:59",
                "_end": "-",
                "data": {
                    "type": "pill",
                    "time": 215.79804
                }
            },
            {
                "time": "2018-02-05T20:23:01.833Z",
                "type": "END",
                "source": "data:click:h_pos",
                "_t": "13:23:01",
                "_end": "-",
                "data": {
                    "lbl": {
                        "time": 215.79804,
                        "endTime": 222.18993820554334,
                        "type": "pill",
                        "id": 4
                    }
                }
            },
            {
                "time": "2018-02-05T20:23:14.065Z",
                "type": "START",
                "source": "side-bar:button",
                "_t": "13:23:14",
                "_end": "-",
                "data": {
                    "type": "move",
                    "time": 239.050109
                }
            },
            {
                "time": "2018-02-05T20:23:15.681Z",
                "type": "END",
                "source": "data:click:h_pos",
                "_t": "13:23:15",
                "_end": "-",
                "data": {
                    "lbl": {
                        "time": 239.050109,
                        "endTime": 248.4382094894007,
                        "type": "move",
                        "id": 5
                    }
                }
            },
            {
                "time": "2018-02-05T20:23:32.186Z",
                "type": "START",
                "source": "side-bar:button",
                "_t": "13:23:32",
                "_end": "-",
                "data": {
                    "type": "pill",
                    "time": 450.822788
                }
            },
            {
                "time": "2018-02-05T20:23:33.916Z",
                "type": "END",
                "source": "data:click:h_pos",
                "_t": "13:23:33",
                "_end": "-",
                "data": {
                    "lbl": {
                        "time": 450.822788,
                        "endTime": 460.26082519414047,
                        "type": "pill",
                        "id": 6
                    }
                }
            }
        ],
        "navigationEvents": [
            {
                "time": {
                    "start": "2018-02-05T20:19:46.722Z",
                    "end": "2018-02-05T20:20:48.658Z"
                },
                "type": "SCRUB",
                "source": "data:drag",
                "_t": "13:19:46",
                "_end": "13:20:48",
                "data": {
                    "time": 14.975342
                }
            },
            {
                "time": {
                    "start": "2018-02-05T20:19:46.722Z",
                    "end": "2018-02-05T20:20:57.020Z"
                },
                "type": "SCRUB",
                "source": "data:drag",
                "_t": "13:19:46",
                "_end": "13:20:57",
                "data": {
                    "time": 24.203165
                }
            },
            {
                "time": {
                    "start": "2018-02-05T20:19:46.722Z",
                    "end": "2018-02-05T20:21:01.856Z"
                },
                "type": "SCRUB",
                "source": "data:drag",
                "_t": "13:19:46",
                "_end": "13:21:01",
                "data": {
                    "time": 32.040417
                }
            },
            {
                "time": {
                    "start": "2018-02-05T20:19:46.722Z",
                    "end": "2018-02-05T20:21:06.335Z"
                },
                "type": "SCRUB",
                "source": "data:drag",
                "_t": "13:19:46",
                "_end": "13:21:06",
                "data": {
                    "time": 31.31961
                }
            },
            {
                "time": "2018-02-05T20:21:06.944Z",
                "type": "PAUSE",
                "source": "video:button",
                "_t": "13:21:06",
                "_end": "-"
            },
            {
                "time": {
                    "start": "2018-02-05T20:19:46.722Z",
                    "end": "2018-02-05T20:21:09.350Z"
                },
                "type": "SCRUB",
                "source": "data:drag",
                "_t": "13:19:46",
                "_end": "13:21:09",
                "data": {
                    "time": 30.634229
                }
            },
            {
                "time": {
                    "start": "2018-02-05T20:19:46.722Z",
                    "end": "2018-02-05T20:21:14.193Z"
                },
                "type": "SCRUB",
                "source": "data:drag",
                "_t": "13:19:46",
                "_end": "13:21:14",
                "data": {
                    "time": 30.584292
                }
            },
            {
                "time": {
                    "start": "2018-02-05T20:19:46.722Z",
                    "end": "2018-02-05T20:21:55.482Z"
                },
                "type": "SCRUB",
                "source": "data:drag",
                "_t": "13:19:46",
                "_end": "13:21:55",
                "data": {
                    "time": 30.334608
                }
            },
            {
                "time": {
                    "start": "2018-02-05T20:19:46.722Z",
                    "end": "2018-02-05T20:22:09.226Z"
                },
                "type": "SCRUB",
                "source": "data:drag",
                "_t": "13:19:46",
                "_end": "13:22:09",
                "data": {
                    "time": 32.581759
                }
            },
            {
                "time": {
                    "start": "2018-02-05T20:19:46.722Z",
                    "end": "2018-02-05T20:22:12.256Z"
                },
                "type": "SCRUB",
                "source": "data:drag",
                "_t": "13:19:46",
                "_end": "13:22:12",
                "data": {
                    "time": 30.684164
                }
            },
            {
                "time": "2018-02-05T20:22:12.439Z",
                "type": "PLAY",
                "source": "hotkey",
                "_t": "13:22:12",
                "_end": "-",
                "data": {
                    "key": "space"
                }
            },
            {
                "time": "2018-02-05T20:22:17.929Z",
                "type": "PAUSE",
                "source": "hotkey",
                "_t": "13:22:17",
                "_end": "-",
                "data": {
                    "key": "space"
                }
            },
            {
                "time": {
                    "start": "2018-02-05T20:19:46.722Z",
                    "end": "2018-02-05T20:22:19.857Z"
                },
                "type": "SCRUB",
                "source": "data:drag",
                "_t": "13:19:46",
                "_end": "13:22:19",
                "data": {
                    "time": 30.413534
                }
            },
            {
                "time": {
                    "start": "2018-02-05T20:19:46.722Z",
                    "end": "2018-02-05T20:22:23.873Z"
                },
                "type": "SCRUB",
                "source": "data:drag",
                "_t": "13:19:46",
                "_end": "13:22:23",
                "data": {
                    "time": 30.413534
                }
            },
            {
                "time": {
                    "start": "2018-02-05T20:19:46.722Z",
                    "end": "2018-02-05T20:22:25.727Z"
                },
                "type": "SCRUB",
                "source": "data:drag",
                "_t": "13:19:46",
                "_end": "13:22:25",
                "data": {
                    "time": 55.381886
                }
            },
            {
                "time": "2018-02-05T20:22:26.666Z",
                "type": "PLAY",
                "source": "hotkey",
                "_t": "13:22:26",
                "_end": "-",
                "data": {
                    "key": "space"
                }
            },
            {
                "time": "2018-02-05T20:22:31.609Z",
                "type": "PAUSE",
                "source": "hotkey",
                "_t": "13:22:31",
                "_end": "-",
                "data": {
                    "key": "space"
                }
            },
            {
                "time": {
                    "start": "2018-02-05T20:19:46.722Z",
                    "end": "2018-02-05T20:22:33.023Z"
                },
                "type": "SCRUB",
                "source": "data:drag",
                "_t": "13:19:46",
                "_end": "13:22:33",
                "data": {
                    "time": 55.340678
                }
            },
            {
                "time": {
                    "start": "2018-02-05T20:19:46.722Z",
                    "end": "2018-02-05T20:22:36.048Z"
                },
                "type": "SCRUB",
                "source": "data:drag",
                "_t": "13:19:46",
                "_end": "13:22:36",
                "data": {
                    "time": 55.340678
                }
            },
            {
                "time": {
                    "start": "2018-02-05T20:19:46.722Z",
                    "end": "2018-02-05T20:22:37.230Z"
                },
                "type": "SCRUB",
                "source": "data:drag",
                "_t": "13:19:46",
                "_end": "13:22:37",
                "data": {
                    "time": 113.367128
                }
            },
            {
                "time": {
                    "start": "2018-02-05T20:19:46.722Z",
                    "end": "2018-02-05T20:22:40.816Z"
                },
                "type": "SCRUB",
                "source": "data:drag",
                "_t": "13:19:46",
                "_end": "13:22:40",
                "data": {
                    "time": 162.504845
                }
            },
            {
                "time": "2018-02-05T20:22:41.160Z",
                "type": "PLAY",
                "source": "hotkey",
                "_t": "13:22:41",
                "_end": "-",
                "data": {
                    "key": "space"
                }
            },
            {
                "time": "2018-02-05T20:22:44.712Z",
                "type": "PAUSE",
                "source": "hotkey",
                "_t": "13:22:44",
                "_end": "-",
                "data": {
                    "key": "space"
                }
            },
            {
                "time": {
                    "start": "2018-02-05T20:19:46.722Z",
                    "end": "2018-02-05T20:22:46.849Z"
                },
                "type": "SCRUB",
                "source": "data:drag",
                "_t": "13:19:46",
                "_end": "13:22:46",
                "data": {
                    "time": 162.020266
                }
            },
            {
                "time": {
                    "start": "2018-02-05T20:19:46.722Z",
                    "end": "2018-02-05T20:22:49.719Z"
                },
                "type": "SCRUB",
                "source": "data:drag",
                "_t": "13:19:46",
                "_end": "13:22:49",
                "data": {
                    "time": 162.020266
                }
            },
            {
                "time": {
                    "start": "2018-02-05T20:19:46.722Z",
                    "end": "2018-02-05T20:22:52.472Z"
                },
                "type": "SCRUB",
                "source": "data:drag",
                "_t": "13:19:46",
                "_end": "13:22:52",
                "data": {
                    "time": 215.552413
                }
            },
            {
                "time": "2018-02-05T20:22:52.665Z",
                "type": "PLAY",
                "source": "hotkey",
                "_t": "13:22:52",
                "_end": "-",
                "data": {
                    "key": "space"
                }
            },
            {
                "time": "2018-02-05T20:22:55.962Z",
                "type": "PAUSE",
                "source": "hotkey",
                "_t": "13:22:55",
                "_end": "-",
                "data": {
                    "key": "space"
                }
            },
            {
                "time": {
                    "start": "2018-02-05T20:19:46.722Z",
                    "end": "2018-02-05T20:22:57.793Z"
                },
                "type": "SCRUB",
                "source": "data:drag",
                "_t": "13:19:46",
                "_end": "13:22:57",
                "data": {
                    "time": 215.79804
                }
            },
            {
                "time": {
                    "start": "2018-02-05T20:19:46.722Z",
                    "end": "2018-02-05T20:23:01.831Z"
                },
                "type": "SCRUB",
                "source": "data:drag",
                "_t": "13:19:46",
                "_end": "13:23:01",
                "data": {
                    "time": 215.79804
                }
            },
            {
                "time": {
                    "start": "2018-02-05T20:19:46.722Z",
                    "end": "2018-02-05T20:23:03.037Z"
                },
                "type": "SCRUB",
                "source": "data:drag",
                "_t": "13:19:46",
                "_end": "13:23:03",
                "data": {
                    "time": 239.368164
                }
            },
            {
                "time": "2018-02-05T20:23:03.209Z",
                "type": "PLAY",
                "source": "hotkey",
                "_t": "13:23:03",
                "_end": "-",
                "data": {
                    "key": "space"
                }
            },
            {
                "time": "2018-02-05T20:23:10.765Z",
                "type": "PAUSE",
                "source": "hotkey",
                "_t": "13:23:10",
                "_end": "-",
                "data": {
                    "key": "space"
                }
            },
            {
                "time": {
                    "start": "2018-02-05T20:19:46.722Z",
                    "end": "2018-02-05T20:23:12.777Z"
                },
                "type": "SCRUB",
                "source": "data:drag",
                "_t": "13:19:46",
                "_end": "13:23:12",
                "data": {
                    "time": 239.050109
                }
            },
            {
                "time": {
                    "start": "2018-02-05T20:19:46.722Z",
                    "end": "2018-02-05T20:23:15.678Z"
                },
                "type": "SCRUB",
                "source": "data:drag",
                "_t": "13:19:46",
                "_end": "13:23:15",
                "data": {
                    "time": 239.050109
                }
            },
            {
                "time": {
                    "start": "2018-02-05T20:19:46.722Z",
                    "end": "2018-02-05T20:23:16.843Z"
                },
                "type": "SCRUB",
                "source": "data:drag",
                "_t": "13:19:46",
                "_end": "13:23:16",
                "data": {
                    "time": 302.969091
                }
            },
            {
                "time": {
                    "start": "2018-02-05T20:19:46.722Z",
                    "end": "2018-02-05T20:23:18.661Z"
                },
                "type": "SCRUB",
                "source": "data:drag",
                "_t": "13:19:46",
                "_end": "13:23:18",
                "data": {
                    "time": 346.01453
                }
            },
            {
                "time": {
                    "start": "2018-02-05T20:19:46.722Z",
                    "end": "2018-02-05T20:23:19.494Z"
                },
                "type": "SCRUB",
                "source": "data:drag",
                "_t": "13:19:46",
                "_end": "13:23:19",
                "data": {
                    "time": 395.052374
                }
            },
            {
                "time": {
                    "start": "2018-02-05T20:19:46.722Z",
                    "end": "2018-02-05T20:23:20.242Z"
                },
                "type": "SCRUB",
                "source": "data:drag",
                "_t": "13:19:46",
                "_end": "13:23:20",
                "data": {
                    "time": 439.895534
                }
            },
            {
                "time": {
                    "start": "2018-02-05T20:19:46.722Z",
                    "end": "2018-02-05T20:23:22.545Z"
                },
                "type": "SCRUB",
                "source": "data:drag",
                "_t": "13:19:46",
                "_end": "13:23:22",
                "data": {
                    "time": 450.532052
                }
            },
            {
                "time": "2018-02-05T20:23:23.390Z",
                "type": "PLAY",
                "source": "hotkey",
                "_t": "13:23:23",
                "_end": "-",
                "data": {
                    "key": "space"
                }
            },
            {
                "time": "2018-02-05T20:23:28.188Z",
                "type": "PAUSE",
                "source": "hotkey",
                "_t": "13:23:28",
                "_end": "-",
                "data": {
                    "key": "space"
                }
            },
            {
                "time": {
                    "start": "2018-02-05T20:19:46.722Z",
                    "end": "2018-02-05T20:23:30.224Z"
                },
                "type": "SCRUB",
                "source": "data:drag",
                "_t": "13:19:46",
                "_end": "13:23:30",
                "data": {
                    "time": 450.822788
                }
            },
            {
                "time": {
                    "start": "2018-02-05T20:19:46.722Z",
                    "end": "2018-02-05T20:23:33.914Z"
                },
                "type": "SCRUB",
                "source": "data:drag",
                "_t": "13:19:46",
                "_end": "13:23:33",
                "data": {
                    "time": 450.822788
                }
            },
            {
                "time": {
                    "start": "2018-02-05T20:19:46.722Z",
                    "end": "2018-02-05T20:23:34.975Z"
                },
                "type": "SCRUB",
                "source": "data:drag",
                "_t": "13:19:46",
                "_end": "13:23:34",
                "data": {
                    "time": 511.196264
                }
            },
            {
                "time": {
                    "start": "2018-02-05T20:19:46.722Z",
                    "end": "2018-02-05T20:23:37.518Z"
                },
                "type": "SCRUB",
                "source": "data:drag",
                "_t": "13:19:46",
                "_end": "13:23:37",
                "data": {
                    "time": 567.17531
                }
            },
            {
                "time": "2018-02-05T20:23:38.669Z",
                "type": "PLAY",
                "source": "hotkey",
                "_t": "13:23:38",
                "_end": "-",
                "data": {
                    "key": "space"
                }
            },
            {
                "time": "2018-02-05T20:23:44.067Z",
                "type": "PAUSE",
                "source": "hotkey",
                "_t": "13:23:44",
                "_end": "-",
                "data": {
                    "key": "space"
                }
            },
            {
                "time": {
                    "start": "2018-02-05T20:19:46.722Z",
                    "end": "2018-02-05T20:23:45.600Z"
                },
                "type": "SCRUB",
                "source": "data:drag",
                "_t": "13:19:46",
                "_end": "13:23:45",
                "data": {
                    "time": 567.463794
                }
            }
        ]
    }
}