{
    "user_id": "3030",
    "session_id": "5a0fdd5a5efd4d725417b95d",
    "study": "gold",
    "workspace": "pill.pills-orange",
    "details": {
        "workspace": "pill.pills-orange",
        "labels": [
            {
                "time": 12.759911000000002,
                "endTime": 21.91059173913047,
                "type": "pill",
                "id": 1
            },
            {
                "time": 60.261291,
                "endTime": 64.72200439130602,
                "type": "move",
                "id": 2
            },
            {
                "time": 113.87512391304341,
                "endTime": 119.62907317391247,
                "type": "move",
                "id": 3
            },
            {
                "time": 170.973116,
                "endTime": 177.332333086956,
                "type": "pill",
                "id": 4
            },
            {
                "time": 316.397072,
                "endTime": 324.03614265217345,
                "type": "pill",
                "id": 5
            },
            {
                "time": 423.247132,
                "endTime": 426.2976098150978,
                "type": "move",
                "id": 6
            },
            {
                "time": 491.0817841304348,
                "endTime": 498.3117570869565,
                "type": "pill",
                "id": 7
            },
            {
                "time": 562.081917,
                "endTime": 568.8813337391297,
                "type": "pill",
                "id": 8
            }
        ],
        "_starts": [
            "2017-11-18T08:38:53.000Z"
        ],
        "_ends": [
            "2017-11-18T08:44:09.457Z"
        ]
    },
    "labels_file": "/home/ubuntu/vat/data/user-studies/gold/pill-orange/3030.labels.json",
    "videoFlash": 2.237407,
    "surveys": {
        "user-info": {
            "firstname": "Naomi",
            "lastname": "Johnson"
        }
    },
    "logs": {
        "labelEvents": [
            {
                "time": "2017-11-18T08:39:29.375Z",
                "type": "START",
                "source": "hotkey",
                "_t": "01:39:29",
                "_end": "-",
                "data": {
                    "type": "move",
                    "time": 12.759911
                }
            },
            {
                "time": "2017-11-18T08:39:30.632Z",
                "type": "START",
                "source": "hotkey",
                "_t": "01:39:30",
                "_end": "-",
                "data": {
                    "type": "pill",
                    "time": 12.759911
                }
            },
            {
                "time": "2017-11-18T08:39:45.721Z",
                "type": "END",
                "source": "data:click:h_pos",
                "_t": "01:39:45",
                "_end": "-",
                "data": {
                    "lbl": {
                        "time": 12.759911000000002,
                        "endTime": 21.91059173913047,
                        "type": "pill",
                        "id": 1
                    }
                }
            },
            {
                "time": "2017-11-18T08:39:46.457Z",
                "type": "SELECT",
                "source": "data:click",
                "_t": "01:39:46",
                "_end": "-",
                "data": {
                    "time": 12.759911000000002,
                    "endTime": 21.91059173913047,
                    "type": "pill",
                    "id": 1
                }
            },
            {
                "time": "2017-11-18T08:39:46.605Z",
                "type": "DESELECT",
                "source": "data:click",
                "_t": "01:39:46",
                "_end": "-",
                "data": {
                    "time": 12.759911,
                    "endTime": 21.953808782608725,
                    "type": "pill",
                    "id": 1
                }
            },
            {
                "time": "2017-11-18T08:39:51.990Z",
                "type": "SELECT",
                "source": "data:click",
                "_t": "01:39:51",
                "_end": "-",
                "data": {
                    "time": 12.759911000000002,
                    "endTime": 21.91059173913047,
                    "type": "pill",
                    "id": 1
                }
            },
            {
                "time": {
                    "start": "2017-11-18T08:39:53.206Z",
                    "end": "2017-11-18T08:39:54.235Z"
                },
                "type": "RESIZE",
                "source": "data:brush",
                "_t": "01:39:53",
                "_end": "01:39:54",
                "data": {
                    "brushing": true,
                    "origin": [
                        12.759911,
                        21.953808782608725
                    ],
                    "start": "2017-11-18T08:39:53.206Z",
                    "ε": 0.1,
                    "mode": "resize"
                }
            },
            {
                "time": {
                    "start": "2017-11-18T08:39:55.505Z",
                    "end": "2017-11-18T08:39:55.685Z"
                },
                "type": "MOVE",
                "source": "data:brush",
                "_t": "01:39:55",
                "_end": "01:39:55",
                "data": {
                    "brushing": true,
                    "origin": [
                        12.759911,
                        21.867374695652217
                    ],
                    "start": "2017-11-18T08:39:55.505Z",
                    "ε": 0.1,
                    "mode": "move"
                }
            },
            {
                "time": "2017-11-18T08:39:55.705Z",
                "type": "DESELECT",
                "source": "data:click",
                "_t": "01:39:55",
                "_end": "-",
                "data": {
                    "time": 12.759911000000002,
                    "endTime": 21.867374695652217,
                    "type": "pill",
                    "id": 1
                }
            },
            {
                "time": "2017-11-18T08:39:57.185Z",
                "type": "SELECT",
                "source": "data:click",
                "_t": "01:39:57",
                "_end": "-",
                "data": {
                    "time": 12.759911000000002,
                    "endTime": 21.91059173913047,
                    "type": "pill",
                    "id": 1
                }
            },
            {
                "time": {
                    "start": "2017-11-18T08:39:59.160Z",
                    "end": "2017-11-18T08:40:02.567Z"
                },
                "type": "RESIZE",
                "source": "data:brush",
                "_t": "01:39:59",
                "_end": "01:40:02",
                "data": {
                    "brushing": true,
                    "origin": [
                        12.759911000000002,
                        21.867374695652217
                    ],
                    "_brushside": 1,
                    "start": "2017-11-18T08:39:59.160Z",
                    "ε": 0.1,
                    "mode": "resize"
                }
            },
            {
                "time": "2017-11-18T08:40:03.808Z",
                "type": "DESELECT",
                "source": "data:click",
                "_t": "01:40:03",
                "_end": "-",
                "data": {
                    "time": 12.759911000000002,
                    "endTime": 21.91059173913047,
                    "type": "pill",
                    "id": 1
                }
            },
            {
                "time": "2017-11-18T08:40:12.917Z",
                "type": "START",
                "source": "hotkey",
                "_t": "01:40:12",
                "_end": "-",
                "data": {
                    "type": "move",
                    "time": 60.261291
                }
            },
            {
                "time": "2017-11-18T08:40:18.090Z",
                "type": "END",
                "source": "data:click:h_pos",
                "_t": "01:40:18",
                "_end": "-",
                "data": {
                    "lbl": {
                        "time": 60.261291,
                        "endTime": 64.72200439130602,
                        "type": "move",
                        "id": 2
                    }
                }
            },
            {
                "time": "2017-11-18T08:40:30.182Z",
                "type": "START",
                "source": "hotkey",
                "_t": "01:40:30",
                "_end": "-",
                "data": {
                    "type": "move",
                    "time": 113.464562
                }
            },
            {
                "time": "2017-11-18T08:40:39.997Z",
                "type": "END",
                "source": "data:click:h_pos",
                "_t": "01:40:39",
                "_end": "-",
                "data": {
                    "lbl": {
                        "time": 113.87512391304341,
                        "endTime": 119.62907317391247,
                        "type": "move",
                        "id": 3
                    }
                }
            },
            {
                "time": "2017-11-18T08:40:45.609Z",
                "type": "SELECT",
                "source": "data:click",
                "_t": "01:40:45",
                "_end": "-",
                "data": {
                    "time": 113.87512391304341,
                    "endTime": 119.62907317391247,
                    "type": "move",
                    "id": 3
                }
            },
            {
                "time": "2017-11-18T08:40:45.738Z",
                "type": "DESELECT",
                "source": "data:click",
                "_t": "01:40:45",
                "_end": "-",
                "data": {
                    "time": 113.464562,
                    "endTime": 119.62907317391247,
                    "type": "move",
                    "id": 3
                }
            },
            {
                "time": "2017-11-18T08:40:56.578Z",
                "type": "SELECT",
                "source": "data:click",
                "_t": "01:40:56",
                "_end": "-",
                "data": {
                    "time": 113.87512391304341,
                    "endTime": 119.62907317391247,
                    "type": "move",
                    "id": 3
                }
            },
            {
                "time": {
                    "start": "2017-11-18T08:40:57.982Z",
                    "end": "2017-11-18T08:40:59.463Z"
                },
                "type": "RESIZE",
                "source": "data:brush",
                "_t": "01:40:57",
                "_end": "01:40:59",
                "data": {
                    "brushing": true,
                    "origin": [
                        113.464562,
                        119.62907317391247
                    ],
                    "_brushside": 0,
                    "start": "2017-11-18T08:40:57.982Z",
                    "ε": 0.1,
                    "mode": "resize"
                }
            },
            {
                "time": "2017-11-18T08:41:04.225Z",
                "type": "DESELECT",
                "source": "data:click",
                "_t": "01:41:04",
                "_end": "-",
                "data": {
                    "time": 113.87512391304341,
                    "endTime": 119.62907317391247,
                    "type": "move",
                    "id": 3
                }
            },
            {
                "time": "2017-11-18T08:41:25.285Z",
                "type": "START",
                "source": "hotkey",
                "_t": "01:41:25",
                "_end": "-",
                "data": {
                    "type": "pill",
                    "time": 170.973116
                }
            },
            {
                "time": "2017-11-18T08:41:32.477Z",
                "type": "END",
                "source": "data:click:h_pos",
                "_t": "01:41:32",
                "_end": "-",
                "data": {
                    "lbl": {
                        "time": 170.973116,
                        "endTime": 177.332333086956,
                        "type": "pill",
                        "id": 4
                    }
                }
            },
            {
                "time": "2017-11-18T08:41:48.366Z",
                "type": "START",
                "source": "hotkey",
                "_t": "01:41:48",
                "_end": "-",
                "data": {
                    "type": "pill",
                    "time": 316.397072
                }
            },
            {
                "time": "2017-11-18T08:41:56.529Z",
                "type": "END",
                "source": "data:click:h_pos",
                "_t": "01:41:56",
                "_end": "-",
                "data": {
                    "lbl": {
                        "time": 316.397072,
                        "endTime": 324.03614265217345,
                        "type": "pill",
                        "id": 5
                    }
                }
            },
            {
                "time": "2017-11-18T08:42:09.482Z",
                "type": "START",
                "source": "hotkey",
                "_t": "01:42:09",
                "_end": "-",
                "data": {
                    "type": "move",
                    "time": 423.247132
                }
            },
            {
                "time": "2017-11-18T08:42:13.522Z",
                "type": "END",
                "source": "data:click:h_pos",
                "_t": "01:42:13",
                "_end": "-",
                "data": {
                    "lbl": {
                        "time": 423.247132,
                        "endTime": 426.2976098150978,
                        "type": "move",
                        "id": 6
                    }
                }
            },
            {
                "time": "2017-11-18T08:42:29.515Z",
                "type": "START",
                "source": "hotkey",
                "_t": "01:42:29",
                "_end": "-",
                "data": {
                    "type": "pill",
                    "time": 491.200631
                }
            },
            {
                "time": "2017-11-18T08:43:00.916Z",
                "type": "END",
                "source": "data:click:h_pos",
                "_t": "01:43:00",
                "_end": "-",
                "data": {
                    "lbl": {
                        "time": 491.0817841304348,
                        "endTime": 498.3117570869565,
                        "type": "pill",
                        "id": 7
                    }
                }
            },
            {
                "time": "2017-11-18T08:43:06.850Z",
                "type": "SELECT",
                "source": "data:click",
                "_t": "01:43:06",
                "_end": "-",
                "data": {
                    "time": 491.0817841304348,
                    "endTime": 498.3117570869565,
                    "type": "pill",
                    "id": 7
                }
            },
            {
                "time": {
                    "start": "2017-11-18T08:43:10.363Z",
                    "end": "2017-11-18T08:43:11.506Z"
                },
                "type": "RESIZE",
                "source": "data:brush",
                "_t": "01:43:10",
                "_end": "01:43:11",
                "data": {
                    "brushing": true,
                    "origin": [
                        491.200631,
                        498.3117570869565
                    ],
                    "_brushside": 0,
                    "start": "2017-11-18T08:43:10.363Z",
                    "ε": 0.1,
                    "mode": "resize"
                }
            },
            {
                "time": "2017-11-18T08:43:12.878Z",
                "type": "DESELECT",
                "source": "data:click",
                "_t": "01:43:12",
                "_end": "-",
                "data": {
                    "time": 491.0817841304348,
                    "endTime": 498.3117570869565,
                    "type": "pill",
                    "id": 7
                }
            },
            {
                "time": "2017-11-18T08:43:59.718Z",
                "type": "START",
                "source": "hotkey",
                "_t": "01:43:59",
                "_end": "-",
                "data": {
                    "type": "pill",
                    "time": 562.081917
                }
            },
            {
                "time": "2017-11-18T08:44:04.971Z",
                "type": "END",
                "source": "data:click:h_pos",
                "_t": "01:44:04",
                "_end": "-",
                "data": {
                    "lbl": {
                        "time": 562.081917,
                        "endTime": 568.8813337391297,
                        "type": "pill",
                        "id": 8
                    }
                }
            }
        ],
        "navigationEvents": [
            {
                "time": "2017-11-18T08:39:22.639Z",
                "type": "PLAY",
                "source": "hotkey",
                "_t": "01:39:22",
                "_end": "-",
                "data": {
                    "key": "space"
                }
            },
            {
                "time": "2017-11-18T08:39:23.609Z",
                "type": "PAUSE",
                "source": "hotkey",
                "_t": "01:39:23",
                "_end": "-",
                "data": {
                    "key": "space"
                }
            },
            {
                "time": {
                    "start": "2017-11-18T08:38:53.985Z",
                    "end": "2017-11-18T08:39:26.309Z"
                },
                "type": "SCRUB",
                "source": "data:drag",
                "_t": "01:38:53",
                "_end": "01:39:26",
                "data": {
                    "time": 3.057685
                }
            },
            {
                "time": {
                    "start": "2017-11-18T08:38:53.985Z",
                    "end": "2017-11-18T08:39:26.430Z"
                },
                "type": "SCRUB",
                "source": "data:drag",
                "_t": "01:38:53",
                "_end": "01:39:26",
                "data": {
                    "time": 3.057685
                }
            },
            {
                "time": "2017-11-18T08:39:26.436Z",
                "type": "JUMP",
                "source": "data:dblclick:h_pos",
                "_t": "01:39:26",
                "_end": "-",
                "data": {
                    "from": 3.057685,
                    "to": 12.75991126086813
                }
            },
            {
                "time": "2017-11-18T08:39:31.041Z",
                "type": "PLAY",
                "source": "hotkey",
                "_t": "01:39:31",
                "_end": "-",
                "data": {
                    "key": "space"
                }
            },
            {
                "time": "2017-11-18T08:39:40.531Z",
                "type": "PAUSE",
                "source": "hotkey",
                "_t": "01:39:40",
                "_end": "-",
                "data": {
                    "key": "space"
                }
            },
            {
                "time": {
                    "start": "2017-11-18T08:38:53.985Z",
                    "end": "2017-11-18T08:39:45.718Z"
                },
                "type": "SCRUB",
                "source": "data:drag",
                "_t": "01:38:53",
                "_end": "01:39:45",
                "data": {
                    "time": 22.169894
                }
            },
            {
                "time": {
                    "start": "2017-11-18T08:38:53.985Z",
                    "end": "2017-11-18T08:39:46.454Z"
                },
                "type": "SCRUB",
                "source": "data:drag",
                "_t": "01:38:53",
                "_end": "01:39:46",
                "data": {
                    "time": 22.169894
                }
            },
            {
                "time": {
                    "start": "2017-11-18T08:38:53.985Z",
                    "end": "2017-11-18T08:39:46.604Z"
                },
                "type": "SCRUB",
                "source": "data:drag",
                "_t": "01:38:53",
                "_end": "01:39:46",
                "data": {
                    "time": 22.169894
                }
            },
            {
                "time": "2017-11-18T08:39:46.607Z",
                "type": "JUMP",
                "source": "data:dblclick:h_pos",
                "_t": "01:39:46",
                "_end": "-",
                "data": {
                    "from": 22.169894,
                    "to": 21.953808782608725
                }
            },
            {
                "time": "2017-11-18T08:39:48.919Z",
                "type": "SKIP",
                "source": "hotkey",
                "_t": "01:39:48",
                "_end": "-",
                "data": {
                    "t": 21.953808,
                    "Δt": -0.033366700033366704,
                    "key": "shift+left"
                }
            },
            {
                "time": "2017-11-18T08:39:49.911Z",
                "type": "SKIP",
                "source": "hotkey",
                "_t": "01:39:49",
                "_end": "-",
                "data": {
                    "t": 21.920441,
                    "Δt": -0.033366700033366704,
                    "key": "shift+left"
                }
            },
            {
                "time": "2017-11-18T08:39:50.791Z",
                "type": "SKIP",
                "source": "hotkey",
                "_t": "01:39:50",
                "_end": "-",
                "data": {
                    "t": 21.887074,
                    "Δt": 0.033366700033366704,
                    "key": "shift+right"
                }
            },
            {
                "time": {
                    "start": "2017-11-18T08:38:53.985Z",
                    "end": "2017-11-18T08:39:51.987Z"
                },
                "type": "SCRUB",
                "source": "data:drag",
                "_t": "01:38:53",
                "_end": "01:39:51",
                "data": {
                    "time": 21.92044
                }
            },
            {
                "time": {
                    "start": "2017-11-18T08:38:53.985Z",
                    "end": "2017-11-18T08:39:54.255Z"
                },
                "type": "SCRUB",
                "source": "data:drag",
                "_t": "01:38:53",
                "_end": "01:39:54",
                "data": {
                    "time": 21.92044
                }
            },
            {
                "time": {
                    "start": "2017-11-18T08:38:53.985Z",
                    "end": "2017-11-18T08:39:55.704Z"
                },
                "type": "SCRUB",
                "source": "data:drag",
                "_t": "01:38:53",
                "_end": "01:39:55",
                "data": {
                    "time": 21.92044
                }
            },
            {
                "time": {
                    "start": "2017-11-18T08:38:53.985Z",
                    "end": "2017-11-18T08:39:57.180Z"
                },
                "type": "SCRUB",
                "source": "data:drag",
                "_t": "01:38:53",
                "_end": "01:39:57",
                "data": {
                    "time": 21.92044
                }
            },
            {
                "time": {
                    "start": "2017-11-18T08:38:53.985Z",
                    "end": "2017-11-18T08:40:02.587Z"
                },
                "type": "SCRUB",
                "source": "data:drag",
                "_t": "01:38:53",
                "_end": "01:40:02",
                "data": {
                    "time": 21.92044
                }
            },
            {
                "time": {
                    "start": "2017-11-18T08:38:53.985Z",
                    "end": "2017-11-18T08:40:03.807Z"
                },
                "type": "SCRUB",
                "source": "data:drag",
                "_t": "01:38:53",
                "_end": "01:40:03",
                "data": {
                    "time": 21.92044
                }
            },
            {
                "time": {
                    "start": "2017-11-18T08:38:53.985Z",
                    "end": "2017-11-18T08:40:06.105Z"
                },
                "type": "SCRUB",
                "source": "data:drag",
                "_t": "01:38:53",
                "_end": "01:40:06",
                "data": {
                    "time": 21.92044
                }
            },
            {
                "time": {
                    "start": "2017-11-18T08:38:53.985Z",
                    "end": "2017-11-18T08:40:06.211Z"
                },
                "type": "SCRUB",
                "source": "data:drag",
                "_t": "01:38:53",
                "_end": "01:40:06",
                "data": {
                    "time": 21.92044
                }
            },
            {
                "time": "2017-11-18T08:40:06.220Z",
                "type": "JUMP",
                "source": "data:dblclick:h_pos",
                "_t": "01:40:06",
                "_end": "-",
                "data": {
                    "from": 21.92044,
                    "to": 58.61904400299747
                }
            },
            {
                "time": {
                    "start": "2017-11-18T08:38:53.985Z",
                    "end": "2017-11-18T08:40:09.632Z"
                },
                "type": "SCRUB",
                "source": "data:drag",
                "_t": "01:38:53",
                "_end": "01:40:09",
                "data": {
                    "time": 58.619044
                }
            },
            {
                "time": {
                    "start": "2017-11-18T08:38:53.985Z",
                    "end": "2017-11-18T08:40:09.725Z"
                },
                "type": "SCRUB",
                "source": "data:drag",
                "_t": "01:38:53",
                "_end": "01:40:09",
                "data": {
                    "time": 58.619044
                }
            },
            {
                "time": "2017-11-18T08:40:09.734Z",
                "type": "JUMP",
                "source": "data:dblclick:h_pos",
                "_t": "01:40:09",
                "_end": "-",
                "data": {
                    "from": 58.619044,
                    "to": 60.2612916521756
                }
            },
            {
                "time": "2017-11-18T08:40:13.148Z",
                "type": "PLAY",
                "source": "hotkey",
                "_t": "01:40:13",
                "_end": "-",
                "data": {
                    "key": "space"
                }
            },
            {
                "time": "2017-11-18T08:40:16.014Z",
                "type": "PAUSE",
                "source": "hotkey",
                "_t": "01:40:16",
                "_end": "-",
                "data": {
                    "key": "space"
                }
            },
            {
                "time": {
                    "start": "2017-11-18T08:38:53.985Z",
                    "end": "2017-11-18T08:40:18.087Z"
                },
                "type": "SCRUB",
                "source": "data:drag",
                "_t": "01:38:53",
                "_end": "01:40:18",
                "data": {
                    "time": 63.090561
                }
            },
            {
                "time": {
                    "start": "2017-11-18T08:38:53.985Z",
                    "end": "2017-11-18T08:40:21.080Z"
                },
                "type": "SCRUB",
                "source": "data:drag",
                "_t": "01:38:53",
                "_end": "01:40:21",
                "data": {
                    "time": 63.090561
                }
            },
            {
                "time": {
                    "start": "2017-11-18T08:38:53.985Z",
                    "end": "2017-11-18T08:40:21.155Z"
                },
                "type": "SCRUB",
                "source": "data:drag",
                "_t": "01:38:53",
                "_end": "01:40:21",
                "data": {
                    "time": 63.090561
                }
            },
            {
                "time": "2017-11-18T08:40:21.158Z",
                "type": "JUMP",
                "source": "data:dblclick:h_pos",
                "_t": "01:40:21",
                "_end": "-",
                "data": {
                    "from": 63.090561,
                    "to": 113.46456231660584
                }
            },
            {
                "time": "2017-11-18T08:40:30.396Z",
                "type": "PLAY",
                "source": "hotkey",
                "_t": "01:40:30",
                "_end": "-",
                "data": {
                    "key": "space"
                }
            },
            {
                "time": "2017-11-18T08:40:32.710Z",
                "type": "PAUSE",
                "source": "hotkey",
                "_t": "01:40:32",
                "_end": "-",
                "data": {
                    "key": "space"
                }
            },
            {
                "time": {
                    "start": "2017-11-18T08:38:53.985Z",
                    "end": "2017-11-18T08:40:39.993Z"
                },
                "type": "SCRUB",
                "source": "data:drag",
                "_t": "01:38:53",
                "_end": "01:40:39",
                "data": {
                    "time": 115.728735
                }
            },
            {
                "time": "2017-11-18T08:40:41.827Z",
                "type": "PLAY",
                "source": "hotkey",
                "_t": "01:40:41",
                "_end": "-",
                "data": {
                    "key": "space"
                }
            },
            {
                "time": "2017-11-18T08:40:42.679Z",
                "type": "PAUSE",
                "source": "hotkey",
                "_t": "01:40:42",
                "_end": "-",
                "data": {
                    "key": "space"
                }
            },
            {
                "time": {
                    "start": "2017-11-18T08:38:53.985Z",
                    "end": "2017-11-18T08:40:45.605Z"
                },
                "type": "SCRUB",
                "source": "data:drag",
                "_t": "01:38:53",
                "_end": "01:40:45",
                "data": {
                    "time": 116.600241
                }
            },
            {
                "time": {
                    "start": "2017-11-18T08:38:53.985Z",
                    "end": "2017-11-18T08:40:45.738Z"
                },
                "type": "SCRUB",
                "source": "data:drag",
                "_t": "01:38:53",
                "_end": "01:40:45",
                "data": {
                    "time": 116.600241
                }
            },
            {
                "time": "2017-11-18T08:40:45.740Z",
                "type": "JUMP",
                "source": "data:dblclick:h_pos",
                "_t": "01:40:45",
                "_end": "-",
                "data": {
                    "from": 116.600241,
                    "to": 113.47780960869609
                }
            },
            {
                "time": "2017-11-18T08:40:48.483Z",
                "type": "SKIP",
                "source": "hotkey",
                "_t": "01:40:48",
                "_end": "-",
                "data": {
                    "t": 113.477809,
                    "Δt": 0.033366700033366704,
                    "key": "shift+right"
                }
            },
            {
                "time": "2017-11-18T08:40:48.592Z",
                "type": "SKIP",
                "source": "hotkey",
                "_t": "01:40:48",
                "_end": "-",
                "data": {
                    "t": 113.511175,
                    "Δt": 0.033366700033366704,
                    "key": "shift+right"
                }
            },
            {
                "time": "2017-11-18T08:40:48.808Z",
                "type": "SKIP",
                "source": "hotkey",
                "_t": "01:40:48",
                "_end": "-",
                "data": {
                    "t": 113.544541,
                    "Δt": 0.033366700033366704,
                    "key": "shift+right"
                }
            },
            {
                "time": "2017-11-18T08:40:49.317Z",
                "type": "SKIP",
                "source": "hotkey",
                "_t": "01:40:49",
                "_end": "-",
                "data": {
                    "t": 113.577907,
                    "Δt": 0.033366700033366704,
                    "key": "shift+right"
                }
            },
            {
                "time": "2017-11-18T08:40:49.674Z",
                "type": "SKIP",
                "source": "hotkey",
                "_t": "01:40:49",
                "_end": "-",
                "data": {
                    "t": 113.611273,
                    "Δt": 0.033366700033366704,
                    "key": "shift+right"
                }
            },
            {
                "time": "2017-11-18T08:40:50.202Z",
                "type": "SKIP",
                "source": "hotkey",
                "_t": "01:40:50",
                "_end": "-",
                "data": {
                    "t": 113.644639,
                    "Δt": 0.033366700033366704,
                    "key": "shift+right"
                }
            },
            {
                "time": "2017-11-18T08:40:50.730Z",
                "type": "SKIP",
                "source": "hotkey",
                "_t": "01:40:50",
                "_end": "-",
                "data": {
                    "t": 113.678005,
                    "Δt": 0.033366700033366704,
                    "key": "shift+right"
                }
            },
            {
                "time": "2017-11-18T08:40:51.540Z",
                "type": "SKIP",
                "source": "hotkey",
                "_t": "01:40:51",
                "_end": "-",
                "data": {
                    "t": 113.711371,
                    "Δt": 0.033366700033366704,
                    "key": "shift+right"
                }
            },
            {
                "time": "2017-11-18T08:40:52.102Z",
                "type": "SKIP",
                "source": "hotkey",
                "_t": "01:40:52",
                "_end": "-",
                "data": {
                    "t": 113.744737,
                    "Δt": 0.033366700033366704,
                    "key": "shift+right"
                }
            },
            {
                "time": "2017-11-18T08:40:52.753Z",
                "type": "SKIP",
                "source": "hotkey",
                "_t": "01:40:52",
                "_end": "-",
                "data": {
                    "t": 113.778103,
                    "Δt": 0.033366700033366704,
                    "key": "shift+right"
                }
            },
            {
                "time": "2017-11-18T08:40:53.612Z",
                "type": "SKIP",
                "source": "hotkey",
                "_t": "01:40:53",
                "_end": "-",
                "data": {
                    "t": 113.811469,
                    "Δt": 0.033366700033366704,
                    "key": "shift+right"
                }
            },
            {
                "time": {
                    "start": "2017-11-18T08:38:53.985Z",
                    "end": "2017-11-18T08:40:56.574Z"
                },
                "type": "SCRUB",
                "source": "data:drag",
                "_t": "01:38:53",
                "_end": "01:40:56",
                "data": {
                    "time": 113.844835
                }
            },
            {
                "time": {
                    "start": "2017-11-18T08:38:53.985Z",
                    "end": "2017-11-18T08:40:59.483Z"
                },
                "type": "SCRUB",
                "source": "data:drag",
                "_t": "01:38:53",
                "_end": "01:40:59",
                "data": {
                    "time": 113.844835
                }
            },
            {
                "time": {
                    "start": "2017-11-18T08:38:53.985Z",
                    "end": "2017-11-18T08:41:04.223Z"
                },
                "type": "SCRUB",
                "source": "data:drag",
                "_t": "01:38:53",
                "_end": "01:41:04",
                "data": {
                    "time": 113.844835
                }
            },
            {
                "time": {
                    "start": "2017-11-18T08:38:53.985Z",
                    "end": "2017-11-18T08:41:07.406Z"
                },
                "type": "SCRUB",
                "source": "data:drag",
                "_t": "01:38:53",
                "_end": "01:41:07",
                "data": {
                    "time": 113.844835
                }
            },
            {
                "time": {
                    "start": "2017-11-18T08:38:53.985Z",
                    "end": "2017-11-18T08:41:07.519Z"
                },
                "type": "SCRUB",
                "source": "data:drag",
                "_t": "01:38:53",
                "_end": "01:41:07",
                "data": {
                    "time": 113.844835
                }
            },
            {
                "time": "2017-11-18T08:41:07.527Z",
                "type": "JUMP",
                "source": "data:dblclick:h_pos",
                "_t": "01:41:07",
                "_end": "-",
                "data": {
                    "from": 113.844835,
                    "to": 170.83966034537147
                }
            },
            {
                "time": "2017-11-18T08:41:11.888Z",
                "type": "SKIP",
                "source": "hotkey",
                "_t": "01:41:11",
                "_end": "-",
                "data": {
                    "t": 170.83966,
                    "Δt": 0.033366700033366704,
                    "key": "shift+right"
                }
            },
            {
                "time": "2017-11-18T08:41:12.232Z",
                "type": "SKIP",
                "source": "hotkey",
                "_t": "01:41:12",
                "_end": "-",
                "data": {
                    "t": 170.873026,
                    "Δt": 0.033366700033366704,
                    "key": "shift+right"
                }
            },
            {
                "time": "2017-11-18T08:41:12.597Z",
                "type": "SKIP",
                "source": "hotkey",
                "_t": "01:41:12",
                "_end": "-",
                "data": {
                    "t": 170.906392,
                    "Δt": 0.033366700033366704,
                    "key": "shift+right"
                }
            },
            {
                "time": "2017-11-18T08:41:13.051Z",
                "type": "SKIP",
                "source": "hotkey",
                "_t": "01:41:13",
                "_end": "-",
                "data": {
                    "t": 170.939758,
                    "Δt": 0.033366700033366704,
                    "key": "shift+right"
                }
            },
            {
                "time": "2017-11-18T08:41:13.442Z",
                "type": "SKIP",
                "source": "hotkey",
                "_t": "01:41:13",
                "_end": "-",
                "data": {
                    "t": 170.973124,
                    "Δt": 0.033366700033366704,
                    "key": "shift+right"
                }
            },
            {
                "time": "2017-11-18T08:41:14.059Z",
                "type": "SKIP",
                "source": "hotkey",
                "_t": "01:41:14",
                "_end": "-",
                "data": {
                    "t": 171.00649,
                    "Δt": 0.033366700033366704,
                    "key": "shift+right"
                }
            },
            {
                "time": "2017-11-18T08:41:14.542Z",
                "type": "SKIP",
                "source": "hotkey",
                "_t": "01:41:14",
                "_end": "-",
                "data": {
                    "t": 171.039856,
                    "Δt": 0.033366700033366704,
                    "key": "shift+right"
                }
            },
            {
                "time": "2017-11-18T08:41:15.193Z",
                "type": "SKIP",
                "source": "hotkey",
                "_t": "01:41:15",
                "_end": "-",
                "data": {
                    "t": 171.073222,
                    "Δt": 0.033366700033366704,
                    "key": "shift+right"
                }
            },
            {
                "time": "2017-11-18T08:41:15.689Z",
                "type": "SKIP",
                "source": "hotkey",
                "_t": "01:41:15",
                "_end": "-",
                "data": {
                    "t": 171.106588,
                    "Δt": 0.033366700033366704,
                    "key": "shift+right"
                }
            },
            {
                "time": "2017-11-18T08:41:16.776Z",
                "type": "SKIP",
                "source": "hotkey",
                "_t": "01:41:16",
                "_end": "-",
                "data": {
                    "t": 171.139954,
                    "Δt": 0.033366700033366704,
                    "key": "shift+right"
                }
            },
            {
                "time": "2017-11-18T08:41:17.576Z",
                "type": "SKIP",
                "source": "hotkey",
                "_t": "01:41:17",
                "_end": "-",
                "data": {
                    "t": 171.17332,
                    "Δt": 0.033366700033366704,
                    "key": "shift+right"
                }
            },
            {
                "time": "2017-11-18T08:41:18.688Z",
                "type": "SKIP",
                "source": "hotkey",
                "_t": "01:41:18",
                "_end": "-",
                "data": {
                    "t": 171.206686,
                    "Δt": -0.033366700033366704,
                    "key": "shift+left"
                }
            },
            {
                "time": "2017-11-18T08:41:19.138Z",
                "type": "SKIP",
                "source": "hotkey",
                "_t": "01:41:19",
                "_end": "-",
                "data": {
                    "t": 171.173319,
                    "Δt": -0.033366700033366704,
                    "key": "shift+left"
                }
            },
            {
                "time": "2017-11-18T08:41:19.705Z",
                "type": "SKIP",
                "source": "hotkey",
                "_t": "01:41:19",
                "_end": "-",
                "data": {
                    "t": 171.139952,
                    "Δt": -0.033366700033366704,
                    "key": "shift+left"
                }
            },
            {
                "time": "2017-11-18T08:41:20.077Z",
                "type": "SKIP",
                "source": "hotkey",
                "_t": "01:41:20",
                "_end": "-",
                "data": {
                    "t": 171.106585,
                    "Δt": -0.033366700033366704,
                    "key": "shift+left"
                }
            },
            {
                "time": "2017-11-18T08:41:20.436Z",
                "type": "SKIP",
                "source": "hotkey",
                "_t": "01:41:20",
                "_end": "-",
                "data": {
                    "t": 171.073218,
                    "Δt": -0.033366700033366704,
                    "key": "shift+left"
                }
            },
            {
                "time": "2017-11-18T08:41:21.017Z",
                "type": "SKIP",
                "source": "hotkey",
                "_t": "01:41:21",
                "_end": "-",
                "data": {
                    "t": 171.039851,
                    "Δt": -0.033366700033366704,
                    "key": "shift+left"
                }
            },
            {
                "time": "2017-11-18T08:41:21.646Z",
                "type": "SKIP",
                "source": "hotkey",
                "_t": "01:41:21",
                "_end": "-",
                "data": {
                    "t": 171.006484,
                    "Δt": -0.033366700033366704,
                    "key": "shift+left"
                }
            },
            {
                "time": "2017-11-18T08:41:22.312Z",
                "type": "SKIP",
                "source": "hotkey",
                "_t": "01:41:22",
                "_end": "-",
                "data": {
                    "t": 170.973117,
                    "Δt": -0.033366700033366704,
                    "key": "shift+left"
                }
            },
            {
                "time": "2017-11-18T08:41:23.253Z",
                "type": "SKIP",
                "source": "hotkey",
                "_t": "01:41:23",
                "_end": "-",
                "data": {
                    "t": 170.93975,
                    "Δt": 0.033366700033366704,
                    "key": "shift+right"
                }
            },
            {
                "time": "2017-11-18T08:41:25.504Z",
                "type": "PLAY",
                "source": "hotkey",
                "_t": "01:41:25",
                "_end": "-",
                "data": {
                    "key": "space"
                }
            },
            {
                "time": "2017-11-18T08:41:28.338Z",
                "type": "PAUSE",
                "source": "hotkey",
                "_t": "01:41:28",
                "_end": "-",
                "data": {
                    "key": "space"
                }
            },
            {
                "time": {
                    "start": "2017-11-18T08:38:53.985Z",
                    "end": "2017-11-18T08:41:32.473Z"
                },
                "type": "SCRUB",
                "source": "data:drag",
                "_t": "01:38:53",
                "_end": "01:41:32",
                "data": {
                    "time": 173.766927
                }
            },
            {
                "time": {
                    "start": "2017-11-18T08:38:53.985Z",
                    "end": "2017-11-18T08:41:35.377Z"
                },
                "type": "SCRUB",
                "source": "data:drag",
                "_t": "01:38:53",
                "_end": "01:41:35",
                "data": {
                    "time": 173.766927
                }
            },
            {
                "time": {
                    "start": "2017-11-18T08:38:53.985Z",
                    "end": "2017-11-18T08:41:35.479Z"
                },
                "type": "SCRUB",
                "source": "data:drag",
                "_t": "01:38:53",
                "_end": "01:41:35",
                "data": {
                    "time": 173.766927
                }
            },
            {
                "time": "2017-11-18T08:41:35.482Z",
                "type": "JUMP",
                "source": "data:dblclick:h_pos",
                "_t": "01:41:35",
                "_end": "-",
                "data": {
                    "from": 173.766927,
                    "to": 314.8304559749921
                }
            },
            {
                "time": {
                    "start": "2017-11-18T08:38:53.985Z",
                    "end": "2017-11-18T08:41:40.368Z"
                },
                "type": "SCRUB",
                "source": "data:drag",
                "_t": "01:38:53",
                "_end": "01:41:40",
                "data": {
                    "time": 314.830455
                }
            },
            {
                "time": {
                    "start": "2017-11-18T08:38:53.985Z",
                    "end": "2017-11-18T08:41:41.343Z"
                },
                "type": "SCRUB",
                "source": "data:drag",
                "_t": "01:38:53",
                "_end": "01:41:41",
                "data": {
                    "time": 314.830455
                }
            },
            {
                "time": {
                    "start": "2017-11-18T08:38:53.985Z",
                    "end": "2017-11-18T08:41:41.444Z"
                },
                "type": "SCRUB",
                "source": "data:drag",
                "_t": "01:38:53",
                "_end": "01:41:41",
                "data": {
                    "time": 314.830455
                }
            },
            {
                "time": "2017-11-18T08:41:41.453Z",
                "type": "JUMP",
                "source": "data:dblclick:h_pos",
                "_t": "01:41:41",
                "_end": "-",
                "data": {
                    "from": 314.830455,
                    "to": 316.39707282608674
                }
            },
            {
                "time": "2017-11-18T08:41:48.605Z",
                "type": "PLAY",
                "source": "hotkey",
                "_t": "01:41:48",
                "_end": "-",
                "data": {
                    "key": "space"
                }
            },
            {
                "time": "2017-11-18T08:41:53.150Z",
                "type": "PAUSE",
                "source": "hotkey",
                "_t": "01:41:53",
                "_end": "-",
                "data": {
                    "key": "space"
                }
            },
            {
                "time": {
                    "start": "2017-11-18T08:38:53.985Z",
                    "end": "2017-11-18T08:41:56.524Z"
                },
                "type": "SCRUB",
                "source": "data:drag",
                "_t": "01:38:53",
                "_end": "01:41:56",
                "data": {
                    "time": 320.902907
                }
            },
            {
                "time": {
                    "start": "2017-11-18T08:38:53.985Z",
                    "end": "2017-11-18T08:42:00.114Z"
                },
                "type": "SCRUB",
                "source": "data:drag",
                "_t": "01:38:53",
                "_end": "01:42:00",
                "data": {
                    "time": 320.902907
                }
            },
            {
                "time": {
                    "start": "2017-11-18T08:38:53.985Z",
                    "end": "2017-11-18T08:42:00.202Z"
                },
                "type": "SCRUB",
                "source": "data:drag",
                "_t": "01:38:53",
                "_end": "01:42:00",
                "data": {
                    "time": 320.902907
                }
            },
            {
                "time": "2017-11-18T08:42:00.206Z",
                "type": "JUMP",
                "source": "data:dblclick:h_pos",
                "_t": "01:42:00",
                "_end": "-",
                "data": {
                    "from": 320.902907,
                    "to": 422.39955336294634
                }
            },
            {
                "time": "2017-11-18T08:42:04.171Z",
                "type": "SKIP",
                "source": "hotkey",
                "_t": "01:42:04",
                "_end": "-",
                "data": {
                    "t": 422.399553,
                    "Δt": 0.033366700033366704,
                    "key": "shift+right"
                }
            },
            {
                "time": "2017-11-18T08:42:04.401Z",
                "type": "SKIP",
                "source": "hotkey",
                "_t": "01:42:04",
                "_end": "-",
                "data": {
                    "t": 422.432919,
                    "Δt": 0.033366700033366704,
                    "key": "shift+right"
                }
            },
            {
                "time": "2017-11-18T08:42:04.554Z",
                "type": "SKIP",
                "source": "hotkey",
                "_t": "01:42:04",
                "_end": "-",
                "data": {
                    "t": 422.466285,
                    "Δt": 0.033366700033366704,
                    "key": "shift+right"
                }
            },
            {
                "time": "2017-11-18T08:42:04.697Z",
                "type": "SKIP",
                "source": "hotkey",
                "_t": "01:42:04",
                "_end": "-",
                "data": {
                    "t": 422.499651,
                    "Δt": 0.033366700033366704,
                    "key": "shift+right"
                }
            },
            {
                "time": "2017-11-18T08:42:04.839Z",
                "type": "SKIP",
                "source": "hotkey",
                "_t": "01:42:04",
                "_end": "-",
                "data": {
                    "t": 422.533017,
                    "Δt": 0.033366700033366704,
                    "key": "shift+right"
                }
            },
            {
                "time": "2017-11-18T08:42:04.992Z",
                "type": "SKIP",
                "source": "hotkey",
                "_t": "01:42:04",
                "_end": "-",
                "data": {
                    "t": 422.566383,
                    "Δt": 0.033366700033366704,
                    "key": "shift+right"
                }
            },
            {
                "time": "2017-11-18T08:42:05.471Z",
                "type": "SKIP",
                "source": "hotkey",
                "_t": "01:42:05",
                "_end": "-",
                "data": {
                    "t": 422.599749,
                    "Δt": 0.033366700033366704,
                    "key": "shift+right"
                }
            },
            {
                "time": "2017-11-18T08:42:05.768Z",
                "type": "SKIP",
                "source": "hotkey",
                "_t": "01:42:05",
                "_end": "-",
                "data": {
                    "t": 422.633115,
                    "Δt": 0.033366700033366704,
                    "key": "shift+right"
                }
            },
            {
                "time": {
                    "start": "2017-11-18T08:38:53.985Z",
                    "end": "2017-11-18T08:42:07.790Z"
                },
                "type": "SCRUB",
                "source": "data:drag",
                "_t": "01:38:53",
                "_end": "01:42:07",
                "data": {
                    "time": 422.666481
                }
            },
            {
                "time": {
                    "start": "2017-11-18T08:38:53.985Z",
                    "end": "2017-11-18T08:42:07.883Z"
                },
                "type": "SCRUB",
                "source": "data:drag",
                "_t": "01:38:53",
                "_end": "01:42:07",
                "data": {
                    "time": 422.666481
                }
            },
            {
                "time": "2017-11-18T08:42:07.890Z",
                "type": "JUMP",
                "source": "data:dblclick:h_pos",
                "_t": "01:42:07",
                "_end": "-",
                "data": {
                    "from": 422.666481,
                    "to": 423.2471323990498
                }
            },
            {
                "time": "2017-11-18T08:42:09.655Z",
                "type": "PLAY",
                "source": "hotkey",
                "_t": "01:42:09",
                "_end": "-",
                "data": {
                    "key": "space"
                }
            },
            {
                "time": "2017-11-18T08:42:10.533Z",
                "type": "PAUSE",
                "source": "hotkey",
                "_t": "01:42:10",
                "_end": "-",
                "data": {
                    "key": "space"
                }
            },
            {
                "time": {
                    "start": "2017-11-18T08:38:53.985Z",
                    "end": "2017-11-18T08:42:13.518Z"
                },
                "type": "SCRUB",
                "source": "data:drag",
                "_t": "01:38:53",
                "_end": "01:42:13",
                "data": {
                    "time": 424.065731
                }
            },
            {
                "time": {
                    "start": "2017-11-18T08:38:53.985Z",
                    "end": "2017-11-18T08:42:16.341Z"
                },
                "type": "SCRUB",
                "source": "data:drag",
                "_t": "01:38:53",
                "_end": "01:42:16",
                "data": {
                    "time": 424.065731
                }
            },
            {
                "time": {
                    "start": "2017-11-18T08:38:53.985Z",
                    "end": "2017-11-18T08:42:16.445Z"
                },
                "type": "SCRUB",
                "source": "data:drag",
                "_t": "01:38:53",
                "_end": "01:42:16",
                "data": {
                    "time": 424.065731
                }
            },
            {
                "time": "2017-11-18T08:42:16.451Z",
                "type": "JUMP",
                "source": "data:dblclick:h_pos",
                "_t": "01:42:16",
                "_end": "-",
                "data": {
                    "from": 424.065731,
                    "to": 490.3197679584241
                }
            },
            {
                "time": {
                    "start": "2017-11-18T08:38:53.985Z",
                    "end": "2017-11-18T08:42:21.526Z"
                },
                "type": "SCRUB",
                "source": "data:drag",
                "_t": "01:38:53",
                "_end": "01:42:21",
                "data": {
                    "time": 490.319767
                }
            },
            {
                "time": {
                    "start": "2017-11-18T08:38:53.985Z",
                    "end": "2017-11-18T08:42:21.642Z"
                },
                "type": "SCRUB",
                "source": "data:drag",
                "_t": "01:38:53",
                "_end": "01:42:21",
                "data": {
                    "time": 490.319767
                }
            },
            {
                "time": "2017-11-18T08:42:21.652Z",
                "type": "JUMP",
                "source": "data:dblclick:h_pos",
                "_t": "01:42:21",
                "_end": "-",
                "data": {
                    "from": 490.319767,
                    "to": 491.0004354347825
                }
            },
            {
                "time": "2017-11-18T08:42:23.221Z",
                "type": "SKIP",
                "source": "hotkey",
                "_t": "01:42:23",
                "_end": "-",
                "data": {
                    "t": 491.000435,
                    "Δt": 0.033366700033366704,
                    "key": "shift+right"
                }
            },
            {
                "time": "2017-11-18T08:42:24.128Z",
                "type": "SKIP",
                "source": "hotkey",
                "_t": "01:42:24",
                "_end": "-",
                "data": {
                    "t": 491.033801,
                    "Δt": 0.033366700033366704,
                    "key": "shift+right"
                }
            },
            {
                "time": "2017-11-18T08:42:25.093Z",
                "type": "SKIP",
                "source": "hotkey",
                "_t": "01:42:25",
                "_end": "-",
                "data": {
                    "t": 491.067167,
                    "Δt": 0.033366700033366704,
                    "key": "shift+right"
                }
            },
            {
                "time": "2017-11-18T08:42:26.001Z",
                "type": "SKIP",
                "source": "hotkey",
                "_t": "01:42:26",
                "_end": "-",
                "data": {
                    "t": 491.100533,
                    "Δt": 0.033366700033366704,
                    "key": "shift+right"
                }
            },
            {
                "time": "2017-11-18T08:42:26.954Z",
                "type": "SKIP",
                "source": "hotkey",
                "_t": "01:42:26",
                "_end": "-",
                "data": {
                    "t": 491.133899,
                    "Δt": 0.033366700033366704,
                    "key": "shift+right"
                }
            },
            {
                "time": "2017-11-18T08:42:27.831Z",
                "type": "SKIP",
                "source": "hotkey",
                "_t": "01:42:27",
                "_end": "-",
                "data": {
                    "t": 491.167265,
                    "Δt": 0.033366700033366704,
                    "key": "shift+right"
                }
            },
            {
                "time": "2017-11-18T08:42:29.932Z",
                "type": "PLAY",
                "source": "hotkey",
                "_t": "01:42:29",
                "_end": "-",
                "data": {
                    "key": "space"
                }
            },
            {
                "time": "2017-11-18T08:42:36.577Z",
                "type": "PAUSE",
                "source": "hotkey",
                "_t": "01:42:36",
                "_end": "-",
                "data": {
                    "key": "space"
                }
            },
            {
                "time": "2017-11-18T08:42:37.123Z",
                "type": "PLAY",
                "source": "hotkey",
                "_t": "01:42:37",
                "_end": "-",
                "data": {
                    "key": "space"
                }
            },
            {
                "time": "2017-11-18T08:42:37.715Z",
                "type": "PAUSE",
                "source": "hotkey",
                "_t": "01:42:37",
                "_end": "-",
                "data": {
                    "key": "space"
                }
            },
            {
                "time": "2017-11-18T08:42:40.098Z",
                "type": "SKIP",
                "source": "hotkey",
                "_t": "01:42:40",
                "_end": "-",
                "data": {
                    "t": 498.392167,
                    "Δt": -0.033366700033366704,
                    "key": "shift+left"
                }
            },
            {
                "time": "2017-11-18T08:42:40.766Z",
                "type": "SKIP",
                "source": "hotkey",
                "_t": "01:42:40",
                "_end": "-",
                "data": {
                    "t": 498.3588,
                    "Δt": -0.033366700033366704,
                    "key": "shift+left"
                }
            },
            {
                "time": "2017-11-18T08:42:41.338Z",
                "type": "SKIP",
                "source": "hotkey",
                "_t": "01:42:41",
                "_end": "-",
                "data": {
                    "t": 498.325433,
                    "Δt": -0.033366700033366704,
                    "key": "shift+left"
                }
            },
            {
                "time": "2017-11-18T08:42:42.032Z",
                "type": "SKIP",
                "source": "hotkey",
                "_t": "01:42:42",
                "_end": "-",
                "data": {
                    "t": 498.292066,
                    "Δt": -0.033366700033366704,
                    "key": "shift+left"
                }
            },
            {
                "time": "2017-11-18T08:42:42.597Z",
                "type": "SKIP",
                "source": "hotkey",
                "_t": "01:42:42",
                "_end": "-",
                "data": {
                    "t": 498.258699,
                    "Δt": -0.033366700033366704,
                    "key": "shift+left"
                }
            },
            {
                "time": "2017-11-18T08:42:43.419Z",
                "type": "SKIP",
                "source": "hotkey",
                "_t": "01:42:43",
                "_end": "-",
                "data": {
                    "t": 498.225332,
                    "Δt": -0.033366700033366704,
                    "key": "shift+left"
                }
            },
            {
                "time": "2017-11-18T08:42:44.075Z",
                "type": "SKIP",
                "source": "hotkey",
                "_t": "01:42:44",
                "_end": "-",
                "data": {
                    "t": 498.191965,
                    "Δt": -0.033366700033366704,
                    "key": "shift+left"
                }
            },
            {
                "time": "2017-11-18T08:42:44.733Z",
                "type": "SKIP",
                "source": "hotkey",
                "_t": "01:42:44",
                "_end": "-",
                "data": {
                    "t": 498.158598,
                    "Δt": -0.033366700033366704,
                    "key": "shift+left"
                }
            },
            {
                "time": "2017-11-18T08:42:45.458Z",
                "type": "SKIP",
                "source": "hotkey",
                "_t": "01:42:45",
                "_end": "-",
                "data": {
                    "t": 498.125231,
                    "Δt": -0.033366700033366704,
                    "key": "shift+left"
                }
            },
            {
                "time": "2017-11-18T08:42:45.952Z",
                "type": "SKIP",
                "source": "hotkey",
                "_t": "01:42:45",
                "_end": "-",
                "data": {
                    "t": 498.091864,
                    "Δt": -0.033366700033366704,
                    "key": "shift+left"
                }
            },
            {
                "time": "2017-11-18T08:42:47.101Z",
                "type": "SKIP",
                "source": "hotkey",
                "_t": "01:42:47",
                "_end": "-",
                "data": {
                    "t": 498.058497,
                    "Δt": 0.033366700033366704,
                    "key": "shift+right"
                }
            },
            {
                "time": "2017-11-18T08:42:47.901Z",
                "type": "SKIP",
                "source": "hotkey",
                "_t": "01:42:47",
                "_end": "-",
                "data": {
                    "t": 498.091863,
                    "Δt": 0.033366700033366704,
                    "key": "shift+right"
                }
            },
            {
                "time": "2017-11-18T08:42:48.690Z",
                "type": "SKIP",
                "source": "hotkey",
                "_t": "01:42:48",
                "_end": "-",
                "data": {
                    "t": 498.125229,
                    "Δt": 0.033366700033366704,
                    "key": "shift+right"
                }
            },
            {
                "time": "2017-11-18T08:42:49.393Z",
                "type": "SKIP",
                "source": "hotkey",
                "_t": "01:42:49",
                "_end": "-",
                "data": {
                    "t": 498.158595,
                    "Δt": 0.033366700033366704,
                    "key": "shift+right"
                }
            },
            {
                "time": "2017-11-18T08:42:50.005Z",
                "type": "SKIP",
                "source": "hotkey",
                "_t": "01:42:50",
                "_end": "-",
                "data": {
                    "t": 498.191961,
                    "Δt": 0.033366700033366704,
                    "key": "shift+right"
                }
            },
            {
                "time": "2017-11-18T08:42:50.576Z",
                "type": "SKIP",
                "source": "hotkey",
                "_t": "01:42:50",
                "_end": "-",
                "data": {
                    "t": 498.225327,
                    "Δt": 0.033366700033366704,
                    "key": "shift+right"
                }
            },
            {
                "time": "2017-11-18T08:42:51.853Z",
                "type": "SKIP",
                "source": "hotkey",
                "_t": "01:42:51",
                "_end": "-",
                "data": {
                    "t": 498.258693,
                    "Δt": -0.033366700033366704,
                    "key": "shift+left"
                }
            },
            {
                "time": "2017-11-18T08:42:52.279Z",
                "type": "SKIP",
                "source": "hotkey",
                "_t": "01:42:52",
                "_end": "-",
                "data": {
                    "t": 498.225326,
                    "Δt": -0.033366700033366704,
                    "key": "shift+left"
                }
            },
            {
                "time": "2017-11-18T08:42:52.853Z",
                "type": "SKIP",
                "source": "hotkey",
                "_t": "01:42:52",
                "_end": "-",
                "data": {
                    "t": 498.191959,
                    "Δt": -0.033366700033366704,
                    "key": "shift+left"
                }
            },
            {
                "time": "2017-11-18T08:42:53.442Z",
                "type": "SKIP",
                "source": "hotkey",
                "_t": "01:42:53",
                "_end": "-",
                "data": {
                    "t": 498.158592,
                    "Δt": -0.033366700033366704,
                    "key": "shift+left"
                }
            },
            {
                "time": "2017-11-18T08:42:54.871Z",
                "type": "SKIP",
                "source": "hotkey",
                "_t": "01:42:54",
                "_end": "-",
                "data": {
                    "t": 498.125225,
                    "Δt": 0.033366700033366704,
                    "key": "shift+right"
                }
            },
            {
                "time": "2017-11-18T08:42:55.438Z",
                "type": "SKIP",
                "source": "hotkey",
                "_t": "01:42:55",
                "_end": "-",
                "data": {
                    "t": 498.158591,
                    "Δt": 0.033366700033366704,
                    "key": "shift+right"
                }
            },
            {
                "time": "2017-11-18T08:42:56.026Z",
                "type": "SKIP",
                "source": "hotkey",
                "_t": "01:42:56",
                "_end": "-",
                "data": {
                    "t": 498.191957,
                    "Δt": 0.033366700033366704,
                    "key": "shift+right"
                }
            },
            {
                "time": {
                    "start": "2017-11-18T08:38:53.985Z",
                    "end": "2017-11-18T08:43:00.911Z"
                },
                "type": "SCRUB",
                "source": "data:drag",
                "_t": "01:38:53",
                "_end": "01:43:00",
                "data": {
                    "time": 498.225323
                }
            },
            {
                "time": {
                    "start": "2017-11-18T08:38:53.985Z",
                    "end": "2017-11-18T08:43:06.847Z"
                },
                "type": "SCRUB",
                "source": "data:drag",
                "_t": "01:38:53",
                "_end": "01:43:06",
                "data": {
                    "time": 498.225323
                }
            },
            {
                "time": {
                    "start": "2017-11-18T08:38:53.985Z",
                    "end": "2017-11-18T08:43:11.526Z"
                },
                "type": "SCRUB",
                "source": "data:drag",
                "_t": "01:38:53",
                "_end": "01:43:11",
                "data": {
                    "time": 498.225323
                }
            },
            {
                "time": {
                    "start": "2017-11-18T08:38:53.985Z",
                    "end": "2017-11-18T08:43:12.876Z"
                },
                "type": "SCRUB",
                "source": "data:drag",
                "_t": "01:38:53",
                "_end": "01:43:12",
                "data": {
                    "time": 498.225323
                }
            },
            {
                "time": {
                    "start": "2017-11-18T08:38:53.985Z",
                    "end": "2017-11-18T08:43:15.372Z"
                },
                "type": "SCRUB",
                "source": "data:drag",
                "_t": "01:38:53",
                "_end": "01:43:15",
                "data": {
                    "time": 498.225323
                }
            },
            {
                "time": {
                    "start": "2017-11-18T08:38:53.985Z",
                    "end": "2017-11-18T08:43:15.491Z"
                },
                "type": "SCRUB",
                "source": "data:drag",
                "_t": "01:38:53",
                "_end": "01:43:15",
                "data": {
                    "time": 498.225323
                }
            },
            {
                "time": "2017-11-18T08:43:15.500Z",
                "type": "JUMP",
                "source": "data:dblclick:h_pos",
                "_t": "01:43:15",
                "_end": "-",
                "data": {
                    "from": 498.225323,
                    "to": 561.2456843568652
                }
            },
            {
                "time": {
                    "start": "2017-11-18T08:38:53.985Z",
                    "end": "2017-11-18T08:43:19.133Z"
                },
                "type": "SCRUB",
                "source": "data:drag",
                "_t": "01:38:53",
                "_end": "01:43:19",
                "data": {
                    "time": 561.245684
                }
            },
            {
                "time": {
                    "start": "2017-11-18T08:38:53.985Z",
                    "end": "2017-11-18T08:43:19.223Z"
                },
                "type": "SCRUB",
                "source": "data:drag",
                "_t": "01:38:53",
                "_end": "01:43:19",
                "data": {
                    "time": 561.245684
                }
            },
            {
                "time": "2017-11-18T08:43:19.234Z",
                "type": "JUMP",
                "source": "data:dblclick:h_pos",
                "_t": "01:43:19",
                "_end": "-",
                "data": {
                    "from": 561.245684,
                    "to": 562.088416347826
                }
            },
            {
                "time": "2017-11-18T08:43:19.964Z",
                "type": "PLAY",
                "source": "hotkey",
                "_t": "01:43:19",
                "_end": "-",
                "data": {
                    "key": "space"
                }
            },
            {
                "time": "2017-11-18T08:43:21.045Z",
                "type": "PAUSE",
                "source": "hotkey",
                "_t": "01:43:21",
                "_end": "-",
                "data": {
                    "key": "space"
                }
            },
            {
                "time": {
                    "start": "2017-11-18T08:38:53.985Z",
                    "end": "2017-11-18T08:43:23.997Z"
                },
                "type": "SCRUB",
                "source": "data:drag",
                "_t": "01:38:53",
                "_end": "01:43:23",
                "data": {
                    "time": 563.128025
                }
            },
            {
                "time": {
                    "start": "2017-11-18T08:38:53.985Z",
                    "end": "2017-11-18T08:43:24.096Z"
                },
                "type": "SCRUB",
                "source": "data:drag",
                "_t": "01:38:53",
                "_end": "01:43:24",
                "data": {
                    "time": 563.128025
                }
            },
            {
                "time": "2017-11-18T08:43:24.105Z",
                "type": "JUMP",
                "source": "data:dblclick:h_pos",
                "_t": "01:43:24",
                "_end": "-",
                "data": {
                    "from": 563.128025,
                    "to": 562.015186130435
                }
            },
            {
                "time": "2017-11-18T08:43:25.543Z",
                "type": "SKIP",
                "source": "hotkey",
                "_t": "01:43:25",
                "_end": "-",
                "data": {
                    "t": 562.015186,
                    "Δt": 0.033366700033366704,
                    "key": "shift+right"
                }
            },
            {
                "time": "2017-11-18T08:43:26.146Z",
                "type": "SKIP",
                "source": "hotkey",
                "_t": "01:43:26",
                "_end": "-",
                "data": {
                    "t": 562.048552,
                    "Δt": 0.033366700033366704,
                    "key": "shift+right"
                }
            },
            {
                "time": "2017-11-18T08:43:26.731Z",
                "type": "SKIP",
                "source": "hotkey",
                "_t": "01:43:26",
                "_end": "-",
                "data": {
                    "t": 562.081918,
                    "Δt": 0.033366700033366704,
                    "key": "shift+right"
                }
            },
            {
                "time": "2017-11-18T08:43:28.450Z",
                "type": "SKIP",
                "source": "hotkey",
                "_t": "01:43:28",
                "_end": "-",
                "data": {
                    "t": 562.115284,
                    "Δt": -0.033366700033366704,
                    "key": "shift+left"
                }
            },
            {
                "time": "2017-11-18T08:43:59.956Z",
                "type": "PLAY",
                "source": "hotkey",
                "_t": "01:43:59",
                "_end": "-",
                "data": {
                    "key": "space"
                }
            },
            {
                "time": "2017-11-18T08:44:01.605Z",
                "type": "PAUSE",
                "source": "hotkey",
                "_t": "01:44:01",
                "_end": "-",
                "data": {
                    "key": "space"
                }
            },
            {
                "time": {
                    "start": "2017-11-18T08:38:53.985Z",
                    "end": "2017-11-18T08:44:04.966Z"
                },
                "type": "SCRUB",
                "source": "data:drag",
                "_t": "01:38:53",
                "_end": "01:44:04",
                "data": {
                    "time": 563.67368
                }
            }
        ]
    }
}