[
    {
        "time": 12.759911000000002,
        "endTime": 21.91059173913047,
        "type": "pill",
        "id": 1
    },
    {
        "time": 60.261291,
        "endTime": 64.72200439130602,
        "type": "move",
        "id": 2
    },
    {
        "time": 113.87512391304341,
        "endTime": 119.62907317391247,
        "type": "move",
        "id": 3
    },
    {
        "time": 170.973116,
        "endTime": 177.332333086956,
        "type": "pill",
        "id": 4
    },
    {
        "time": 316.397072,
        "endTime": 324.03614265217345,
        "type": "pill",
        "id": 5
    },
    {
        "time": 423.247132,
        "endTime": 426.2976098150978,
        "type": "move",
        "id": 6
    },
    {
        "time": 491.0817841304348,
        "endTime": 498.3117570869565,
        "type": "move",
        "id": 7
    },
    {
        "time": 562.081917,
        "endTime": 568.8813337391297,
        "type": "pill",
        "id": 8
    }
]
