{
    "user_id": "4040",
    "session_id": "5a0fe4e35efd4d725417b963",
    "study": "gold",
    "workspace": "pill.pills-orange",
    "details": {
        "workspace": "pill.pills-orange",
        "labels": [
            {
                "time": 12.799134,
                "endTime": 21.97886715743576,
                "type": "pill",
                "id": 1
            },
            {
                "time": 60.289028,
                "endTime": 64.72391176115342,
                "type": "move",
                "id": 2
            },
            {
                "time": 113.780162,
                "endTime": 119.82843861549493,
                "type": "move",
                "id": 3
            },
            {
                "time": 171.010181,
                "endTime": 177.40022901608512,
                "type": "pill",
                "id": 4
            },
            {
                "time": 316.404782,
                "endTime": 324.23254902790444,
                "type": "pill",
                "id": 5
            },
            {
                "time": 423.348389,
                "endTime": 426.33206835643284,
                "type": "move",
                "id": 6
            },
            {
                "time": 490.999877,
                "endTime": 498.72291890856945,
                "type": "move",
                "id": 7
            },
            {
                "time": 562.114797,
                "endTime": 568.972179685581,
                "type": "pill",
                "id": 8
            }
        ],
        "_starts": [
            "2017-11-18T08:41:42.000Z"
        ],
        "_ends": [
            "2017-11-18T08:47:46.121Z"
        ]
    },
    "labels_file": "/home/ubuntu/vat/data/user-studies/gold/pill-orange/4040.labels.json",
    "videoFlash": 2.237407,
    "surveys": {
        "user-info": {
            "firstname": "Broderick",
            "lastname": "Gardner"
        }
    },
    "logs": {
        "labelEvents": [
            {
                "time": "2017-11-18T08:44:04.339Z",
                "type": "START",
                "source": "hotkey",
                "_t": "01:44:04",
                "_end": "-",
                "data": {
                    "type": "pill",
                    "time": 12.799134
                }
            },
            {
                "time": "2017-11-18T08:44:09.595Z",
                "type": "END",
                "source": "data:click:h_pos",
                "_t": "01:44:09",
                "_end": "-",
                "data": {
                    "lbl": {
                        "time": 12.799134,
                        "endTime": 21.97886715743576,
                        "type": "pill",
                        "id": 1
                    }
                }
            },
            {
                "time": "2017-11-18T08:44:33.100Z",
                "type": "START",
                "source": "hotkey",
                "_t": "01:44:33",
                "_end": "-",
                "data": {
                    "type": "move",
                    "time": 60.289028
                }
            },
            {
                "time": "2017-11-18T08:44:36.450Z",
                "type": "END",
                "source": "data:click:h_pos",
                "_t": "01:44:36",
                "_end": "-",
                "data": {
                    "lbl": {
                        "time": 60.289028,
                        "endTime": 64.72391176115342,
                        "type": "move",
                        "id": 2
                    }
                }
            },
            {
                "time": "2017-11-18T08:45:48.784Z",
                "type": "START",
                "source": "hotkey",
                "_t": "01:45:48",
                "_end": "-",
                "data": {
                    "type": "move",
                    "time": 113.780162
                }
            },
            {
                "time": "2017-11-18T08:45:52.966Z",
                "type": "END",
                "source": "data:click:h_pos",
                "_t": "01:45:52",
                "_end": "-",
                "data": {
                    "lbl": {
                        "time": 113.780162,
                        "endTime": 119.82843861549493,
                        "type": "move",
                        "id": 3
                    }
                }
            },
            {
                "time": "2017-11-18T08:46:14.621Z",
                "type": "START",
                "source": "hotkey",
                "_t": "01:46:14",
                "_end": "-",
                "data": {
                    "type": "pill",
                    "time": 171.010181
                }
            },
            {
                "time": "2017-11-18T08:46:17.218Z",
                "type": "END",
                "source": "data:click:h_pos",
                "_t": "01:46:17",
                "_end": "-",
                "data": {
                    "lbl": {
                        "time": 171.010181,
                        "endTime": 177.40022901608512,
                        "type": "pill",
                        "id": 4
                    }
                }
            },
            {
                "time": "2017-11-18T08:46:34.869Z",
                "type": "START",
                "source": "hotkey",
                "_t": "01:46:34",
                "_end": "-",
                "data": {
                    "type": "pill",
                    "time": 316.404782
                }
            },
            {
                "time": "2017-11-18T08:46:37.543Z",
                "type": "END",
                "source": "data:click:h_pos",
                "_t": "01:46:37",
                "_end": "-",
                "data": {
                    "lbl": {
                        "time": 316.404782,
                        "endTime": 324.23254902790444,
                        "type": "pill",
                        "id": 5
                    }
                }
            },
            {
                "time": "2017-11-18T08:47:01.463Z",
                "type": "START",
                "source": "hotkey",
                "_t": "01:47:01",
                "_end": "-",
                "data": {
                    "type": "move",
                    "time": 423.348389
                }
            },
            {
                "time": "2017-11-18T08:47:04.398Z",
                "type": "END",
                "source": "data:click:h_pos",
                "_t": "01:47:04",
                "_end": "-",
                "data": {
                    "lbl": {
                        "time": 423.348389,
                        "endTime": 426.33206835643284,
                        "type": "move",
                        "id": 6
                    }
                }
            },
            {
                "time": "2017-11-18T08:47:16.857Z",
                "type": "START",
                "source": "hotkey",
                "_t": "01:47:16",
                "_end": "-",
                "data": {
                    "type": "move",
                    "time": 490.999877
                }
            },
            {
                "time": "2017-11-18T08:47:20.140Z",
                "type": "END",
                "source": "data:click:h_pos",
                "_t": "01:47:20",
                "_end": "-",
                "data": {
                    "lbl": {
                        "time": 490.999877,
                        "endTime": 498.72291890856945,
                        "type": "move",
                        "id": 7
                    }
                }
            },
            {
                "time": "2017-11-18T08:47:38.206Z",
                "type": "START",
                "source": "hotkey",
                "_t": "01:47:38",
                "_end": "-",
                "data": {
                    "type": "pill",
                    "time": 562.114797
                }
            },
            {
                "time": "2017-11-18T08:47:41.777Z",
                "type": "END",
                "source": "data:click:h_pos",
                "_t": "01:47:41",
                "_end": "-",
                "data": {
                    "lbl": {
                        "time": 562.114797,
                        "endTime": 568.972179685581,
                        "type": "pill",
                        "id": 8
                    }
                }
            }
        ],
        "navigationEvents": [
            {
                "time": {
                    "start": "2017-11-18T08:41:42.663Z",
                    "end": "2017-11-18T08:43:29.874Z"
                },
                "type": "SCRUB",
                "source": "data:drag",
                "_t": "01:41:42",
                "_end": "01:43:29",
                "data": {
                    "time": 12.520444781989662
                }
            },
            {
                "time": "2017-11-18T08:43:32.970Z",
                "type": "PAUSE",
                "source": "hotkey",
                "_t": "01:43:32",
                "_end": "-",
                "data": {
                    "key": "space"
                }
            },
            {
                "time": "2017-11-18T08:43:32.971Z",
                "type": "PLAY",
                "source": "video:button",
                "_t": "01:43:32",
                "_end": "-"
            },
            {
                "time": "2017-11-18T08:43:34.252Z",
                "type": "PAUSE",
                "source": "hotkey",
                "_t": "01:43:34",
                "_end": "-",
                "data": {
                    "key": "space"
                }
            },
            {
                "time": "2017-11-18T08:43:34.254Z",
                "type": "PLAY",
                "source": "video:button",
                "_t": "01:43:34",
                "_end": "-"
            },
            {
                "time": "2017-11-18T08:43:36.451Z",
                "type": "PAUSE",
                "source": "hotkey",
                "_t": "01:43:36",
                "_end": "-",
                "data": {
                    "key": "space"
                }
            },
            {
                "time": "2017-11-18T08:43:36.609Z",
                "type": "PLAY",
                "source": "video:button",
                "_t": "01:43:36",
                "_end": "-"
            },
            {
                "time": "2017-11-18T08:43:38.148Z",
                "type": "PAUSE",
                "source": "video:button",
                "_t": "01:43:38",
                "_end": "-"
            },
            {
                "time": {
                    "start": "2017-11-18T08:41:42.663Z",
                    "end": "2017-11-18T08:43:45.377Z"
                },
                "type": "SCRUB",
                "source": "data:drag",
                "_t": "01:41:42",
                "_end": "01:43:45",
                "data": {
                    "time": 12.438155
                }
            },
            {
                "time": "2017-11-18T08:43:47.889Z",
                "type": "PLAY",
                "source": "hotkey",
                "_t": "01:43:47",
                "_end": "-",
                "data": {
                    "key": "space"
                }
            },
            {
                "time": "2017-11-18T08:43:48.301Z",
                "type": "PAUSE",
                "source": "hotkey",
                "_t": "01:43:48",
                "_end": "-",
                "data": {
                    "key": "space"
                }
            },
            {
                "time": "2017-11-18T08:43:49.876Z",
                "type": "SKIP",
                "source": "hotkey",
                "_t": "01:43:49",
                "_end": "-",
                "data": {
                    "t": 12.799134,
                    "Δt": -0.033366700033366704,
                    "key": "shift+left"
                }
            },
            {
                "time": "2017-11-18T08:43:56.632Z",
                "type": "SKIP",
                "source": "hotkey",
                "_t": "01:43:56",
                "_end": "-",
                "data": {
                    "t": 12.765767,
                    "Δt": 0.033366700033366704,
                    "key": "shift+right"
                }
            },
            {
                "time": {
                    "start": "2017-11-18T08:41:42.663Z",
                    "end": "2017-11-18T08:44:09.593Z"
                },
                "type": "SCRUB",
                "source": "data:drag",
                "_t": "01:41:42",
                "_end": "01:44:09",
                "data": {
                    "time": 12.799134
                }
            },
            {
                "time": {
                    "start": "2017-11-18T08:41:42.663Z",
                    "end": "2017-11-18T08:44:17.535Z"
                },
                "type": "SCRUB",
                "source": "data:drag",
                "_t": "01:41:42",
                "_end": "01:44:17",
                "data": {
                    "time": 25.81766465963616
                }
            },
            {
                "time": {
                    "start": "2017-11-18T08:41:42.663Z",
                    "end": "2017-11-18T08:44:21.572Z"
                },
                "type": "SCRUB",
                "source": "data:drag",
                "_t": "01:41:42",
                "_end": "01:44:21",
                "data": {
                    "time": 53.47361875555634
                }
            },
            {
                "time": {
                    "start": "2017-11-18T08:41:42.663Z",
                    "end": "2017-11-18T08:44:25.435Z"
                },
                "type": "SCRUB",
                "source": "data:drag",
                "_t": "01:41:42",
                "_end": "01:44:25",
                "data": {
                    "time": 58.810733
                }
            },
            {
                "time": {
                    "start": "2017-11-18T08:41:42.663Z",
                    "end": "2017-11-18T08:44:29.647Z"
                },
                "type": "SCRUB",
                "source": "data:drag",
                "_t": "01:41:42",
                "_end": "01:44:29",
                "data": {
                    "time": 60.289028
                }
            },
            {
                "time": {
                    "start": "2017-11-18T08:41:42.663Z",
                    "end": "2017-11-18T08:44:36.442Z"
                },
                "type": "SCRUB",
                "source": "data:drag",
                "_t": "01:41:42",
                "_end": "01:44:36",
                "data": {
                    "time": 60.289028
                }
            },
            {
                "time": {
                    "start": "2017-11-18T08:41:42.663Z",
                    "end": "2017-11-18T08:44:43.690Z"
                },
                "type": "SCRUB",
                "source": "data:drag",
                "_t": "01:41:42",
                "_end": "01:44:43",
                "data": {
                    "time": 112.61964879458658
                }
            },
            {
                "time": {
                    "start": "2017-11-18T08:41:42.663Z",
                    "end": "2017-11-18T08:44:55.820Z"
                },
                "type": "SCRUB",
                "source": "data:drag",
                "_t": "01:41:42",
                "_end": "01:44:55",
                "data": {
                    "time": 113.680061
                }
            },
            {
                "time": "2017-11-18T08:45:10.825Z",
                "type": "SKIP",
                "source": "hotkey",
                "_t": "01:45:10",
                "_end": "-",
                "data": {
                    "t": 113.680061,
                    "Δt": 0.033366700033366704,
                    "key": "shift+right"
                }
            },
            {
                "time": "2017-11-18T08:45:11.945Z",
                "type": "SKIP",
                "source": "hotkey",
                "_t": "01:45:11",
                "_end": "-",
                "data": {
                    "t": 113.713428,
                    "Δt": 0.033366700033366704,
                    "key": "shift+right"
                }
            },
            {
                "time": "2017-11-18T08:45:16.815Z",
                "type": "SKIP",
                "source": "hotkey",
                "_t": "01:45:16",
                "_end": "-",
                "data": {
                    "t": 113.746795,
                    "Δt": 0.033366700033366704,
                    "key": "shift+right"
                }
            },
            {
                "time": {
                    "start": "2017-11-18T08:41:42.663Z",
                    "end": "2017-11-18T08:45:52.960Z"
                },
                "type": "SCRUB",
                "source": "data:drag",
                "_t": "01:41:42",
                "_end": "01:45:52",
                "data": {
                    "time": 113.780162
                }
            },
            {
                "time": {
                    "start": "2017-11-18T08:41:42.663Z",
                    "end": "2017-11-18T08:45:54.367Z"
                },
                "type": "SCRUB",
                "source": "data:drag",
                "_t": "01:41:42",
                "_end": "01:45:54",
                "data": {
                    "time": 133.39778647688644
                }
            },
            {
                "time": {
                    "start": "2017-11-18T08:41:42.663Z",
                    "end": "2017-11-18T08:45:58.754Z"
                },
                "type": "SCRUB",
                "source": "data:drag",
                "_t": "01:41:42",
                "_end": "01:45:58",
                "data": {
                    "time": 170.40507584367725
                }
            },
            {
                "time": {
                    "start": "2017-11-18T08:41:42.663Z",
                    "end": "2017-11-18T08:46:03.909Z"
                },
                "type": "SCRUB",
                "source": "data:drag",
                "_t": "01:41:42",
                "_end": "01:46:03",
                "data": {
                    "time": 170.989241
                }
            },
            {
                "time": "2017-11-18T08:46:06.750Z",
                "type": "PLAY",
                "source": "hotkey",
                "_t": "01:46:06",
                "_end": "-",
                "data": {
                    "key": "space"
                }
            },
            {
                "time": "2017-11-18T08:46:06.886Z",
                "type": "PAUSE",
                "source": "hotkey",
                "_t": "01:46:06",
                "_end": "-",
                "data": {
                    "key": "space"
                }
            },
            {
                "time": "2017-11-18T08:46:09.531Z",
                "type": "SKIP",
                "source": "hotkey",
                "_t": "01:46:09",
                "_end": "-",
                "data": {
                    "t": 171.110282,
                    "Δt": -0.033366700033366704,
                    "key": "shift+left"
                }
            },
            {
                "time": "2017-11-18T08:46:10.115Z",
                "type": "SKIP",
                "source": "hotkey",
                "_t": "01:46:10",
                "_end": "-",
                "data": {
                    "t": 171.076915,
                    "Δt": -0.033366700033366704,
                    "key": "shift+left"
                }
            },
            {
                "time": "2017-11-18T08:46:11.454Z",
                "type": "SKIP",
                "source": "hotkey",
                "_t": "01:46:11",
                "_end": "-",
                "data": {
                    "t": 171.043548,
                    "Δt": -0.033366700033366704,
                    "key": "shift+left"
                }
            },
            {
                "time": {
                    "start": "2017-11-18T08:41:42.663Z",
                    "end": "2017-11-18T08:46:17.212Z"
                },
                "type": "SCRUB",
                "source": "data:drag",
                "_t": "01:41:42",
                "_end": "01:46:17",
                "data": {
                    "time": 171.010181
                }
            },
            {
                "time": {
                    "start": "2017-11-18T08:41:42.663Z",
                    "end": "2017-11-18T08:46:20.856Z"
                },
                "type": "SCRUB",
                "source": "data:drag",
                "_t": "01:41:42",
                "_end": "01:46:20",
                "data": {
                    "time": 277.26157957461794
                }
            },
            {
                "time": {
                    "start": "2017-11-18T08:41:42.663Z",
                    "end": "2017-11-18T08:46:23.200Z"
                },
                "type": "SCRUB",
                "source": "data:drag",
                "_t": "01:41:42",
                "_end": "01:46:23",
                "data": {
                    "time": 314.557989
                }
            },
            {
                "time": {
                    "start": "2017-11-18T08:41:42.663Z",
                    "end": "2017-11-18T08:46:27.351Z"
                },
                "type": "SCRUB",
                "source": "data:drag",
                "_t": "01:41:42",
                "_end": "01:46:27",
                "data": {
                    "time": 316.304681
                }
            },
            {
                "time": "2017-11-18T08:46:28.518Z",
                "type": "SKIP",
                "source": "hotkey",
                "_t": "01:46:28",
                "_end": "-",
                "data": {
                    "t": 316.304681,
                    "Δt": 0.033366700033366704,
                    "key": "shift+right"
                }
            },
            {
                "time": "2017-11-18T08:46:29.359Z",
                "type": "SKIP",
                "source": "hotkey",
                "_t": "01:46:29",
                "_end": "-",
                "data": {
                    "t": 316.338048,
                    "Δt": 0.033366700033366704,
                    "key": "shift+right"
                }
            },
            {
                "time": "2017-11-18T08:46:31.214Z",
                "type": "SKIP",
                "source": "hotkey",
                "_t": "01:46:31",
                "_end": "-",
                "data": {
                    "t": 316.371415,
                    "Δt": 0.033366700033366704,
                    "key": "shift+right"
                }
            },
            {
                "time": {
                    "start": "2017-11-18T08:41:42.663Z",
                    "end": "2017-11-18T08:46:37.533Z"
                },
                "type": "SCRUB",
                "source": "data:drag",
                "_t": "01:41:42",
                "_end": "01:46:37",
                "data": {
                    "time": 316.404782
                }
            },
            {
                "time": {
                    "start": "2017-11-18T08:41:42.663Z",
                    "end": "2017-11-18T08:46:39.152Z"
                },
                "type": "SCRUB",
                "source": "data:drag",
                "_t": "01:41:42",
                "_end": "01:46:39",
                "data": {
                    "time": 347.4894270984138
                }
            },
            {
                "time": {
                    "start": "2017-11-18T08:41:42.663Z",
                    "end": "2017-11-18T08:46:45.401Z"
                },
                "type": "SCRUB",
                "source": "data:drag",
                "_t": "01:41:42",
                "_end": "01:46:45",
                "data": {
                    "time": 423.44849
                }
            },
            {
                "time": "2017-11-18T08:46:46.181Z",
                "type": "SKIP",
                "source": "hotkey",
                "_t": "01:46:46",
                "_end": "-",
                "data": {
                    "t": 423.44849,
                    "Δt": -0.033366700033366704,
                    "key": "shift+left"
                }
            },
            {
                "time": "2017-11-18T08:46:46.785Z",
                "type": "SKIP",
                "source": "hotkey",
                "_t": "01:46:46",
                "_end": "-",
                "data": {
                    "t": 423.415123,
                    "Δt": -0.033366700033366704,
                    "key": "shift+left"
                }
            },
            {
                "time": "2017-11-18T08:46:47.529Z",
                "type": "SKIP",
                "source": "hotkey",
                "_t": "01:46:47",
                "_end": "-",
                "data": {
                    "t": 423.381756,
                    "Δt": -0.033366700033366704,
                    "key": "shift+left"
                }
            },
            {
                "time": {
                    "start": "2017-11-18T08:41:42.663Z",
                    "end": "2017-11-18T08:47:04.392Z"
                },
                "type": "SCRUB",
                "source": "data:drag",
                "_t": "01:41:42",
                "_end": "01:47:04",
                "data": {
                    "time": 423.348389
                }
            },
            {
                "time": {
                    "start": "2017-11-18T08:41:42.663Z",
                    "end": "2017-11-18T08:47:08.953Z"
                },
                "type": "SCRUB",
                "source": "data:drag",
                "_t": "01:41:42",
                "_end": "01:47:08",
                "data": {
                    "time": 487.4016423629059
                }
            },
            {
                "time": {
                    "start": "2017-11-18T08:41:42.663Z",
                    "end": "2017-11-18T08:47:13.366Z"
                },
                "type": "SCRUB",
                "source": "data:drag",
                "_t": "01:41:42",
                "_end": "01:47:13",
                "data": {
                    "time": 490.999877
                }
            },
            {
                "time": {
                    "start": "2017-11-18T08:41:42.663Z",
                    "end": "2017-11-18T08:47:20.133Z"
                },
                "type": "SCRUB",
                "source": "data:drag",
                "_t": "01:41:42",
                "_end": "01:47:20",
                "data": {
                    "time": 490.999877
                }
            },
            {
                "time": {
                    "start": "2017-11-18T08:41:42.663Z",
                    "end": "2017-11-18T08:47:23.485Z"
                },
                "type": "SCRUB",
                "source": "data:drag",
                "_t": "01:41:42",
                "_end": "01:47:23",
                "data": {
                    "time": 561.8236817751917
                }
            },
            {
                "time": {
                    "start": "2017-11-18T08:41:42.663Z",
                    "end": "2017-11-18T08:47:28.370Z"
                },
                "type": "SCRUB",
                "source": "data:drag",
                "_t": "01:41:42",
                "_end": "01:47:28",
                "data": {
                    "time": 562.114797
                }
            },
            {
                "time": {
                    "start": "2017-11-18T08:41:42.663Z",
                    "end": "2017-11-18T08:47:41.770Z"
                },
                "type": "SCRUB",
                "source": "data:drag",
                "_t": "01:41:42",
                "_end": "01:47:41",
                "data": {
                    "time": 562.114797
                }
            }
        ]
    }
}