[
    {
        "time": 12.759911000000002,
        "endTime": 21.97886715743576,
        "id": 1,
        "type": "pill"
    },
    {
        "time": 60.261291,
        "endTime": 64.72391176115342,
        "id": 2,
        "type": "move"
    },
    {
        "time": 113.780162,
        "endTime": 119.82843861549493,
        "id": 3,
        "type": "move"
    },
    {
        "time": 170.973116,
        "endTime": 177.40022901608512,
        "id": 4,
        "type": "pill"
    },
    {
        "time": 316.397072,
        "endTime": 324.23254902790444,
        "id": 5,
        "type": "pill"
    },
    {
        "time": 423.247132,
        "endTime": 426.33206835643284,
        "id": 6,
        "type": "move"
    },
    {
        "time": 490.999877,
        "endTime": 498.72291890856945,
        "id": 7,
        "type": "move"
    },
    {
        "time": 562.081917,
        "endTime": 568.972179685581,
        "id": 8,
        "type": "pill"
    }
]