{
    "user_id": "blue 4",
    "session_id": "5cf0390a81249f67dd06a9d7",
    "study": "studyE",
    "workspace": "drywall.drywall-orange",
    "details": {
        "workspace": "drywall.drywall-orange",
        "labels": [
            {
                "time": 70.112131,
                "endTime": 70.112131,
                "type": "cutting",
                "id": 3
            },
            {
                "time": 68.645338,
                "endTime": 70.112131,
                "type": "cutting",
                "id": 4
            },
            {
                "time": 76.190255,
                "endTime": 79.328567,
                "type": "cutting",
                "id": 5
            },
            {
                "time": 79.328567,
                "endTime": 81.151292,
                "type": "cutting",
                "id": 6
            },
            {
                "time": 81.151292,
                "endTime": 83.294551,
                "type": "cutting",
                "id": 7
            },
            {
                "time": 83.294551,
                "endTime": 86.174462,
                "type": "cutting",
                "id": 8
            },
            {
                "time": 86.174462,
                "endTime": 88.633813,
                "type": "cutting",
                "id": 9
            },
            {
                "time": 88.633813,
                "endTime": 95.149975,
                "type": "cutting",
                "id": 10
            },
            {
                "time": 95.149975,
                "endTime": 125.137721,
                "type": "cutting",
                "id": 11
            },
            {
                "time": 125.137721,
                "endTime": 135.833463,
                "type": "cutting",
                "id": 12
            },
            {
                "time": 175.606331,
                "endTime": 177.993896,
                "type": "cutting",
                "id": 13
            },
            {
                "time": 180.704612,
                "endTime": 184.584889,
                "type": "cutting",
                "id": 14
            },
            {
                "time": 184.584889,
                "endTime": 184.992102,
                "type": "cutting",
                "id": 15
            },
            {
                "time": 186.124005,
                "endTime": 187.148561,
                "type": "cutting",
                "id": 16
            },
            {
                "time": 193.1969,
                "endTime": 195.078439,
                "type": "cutting",
                "id": 17
            },
            {
                "time": 196.471269,
                "endTime": 197.706591,
                "type": "cutting",
                "id": 18
            },
            {
                "time": 200.482882,
                "endTime": 201.729731,
                "type": "cutting",
                "id": 19
            },
            {
                "time": 480.594293,
                "endTime": 483.604444,
                "type": "measuring",
                "id": 20
            },
            {
                "time": 494.361418,
                "endTime": 496.087445,
                "type": "measuring",
                "id": 21
            },
            {
                "time": 597.615345,
                "endTime": 598.791957,
                "type": "measuring",
                "id": 22
            },
            {
                "time": 600.125267,
                "endTime": 601.617891,
                "type": "measuring",
                "id": 23
            }
        ],
        "_starts": [
            "2019-05-30T20:34:10.000Z"
        ],
        "_ends": [
            "2019-05-30T20:38:24.430Z"
        ]
    },
    "labels_file": "/home/ubuntu/vat/data/user-studies/studyE/drywall-orange/blue 4.labels.json",
    "videoFlash": 3.411767,
    "surveys": {
        "user-info": {
            "firstname": "Jo Yu",
            "lastname": "Wu",
            "email": "anita248846@gmail.com"
        },
        "practice-first": {
            "question1": "3",
            "question2": "okay",
            "question3": "10",
            "question4": "4"
        },
        "practice-second": {},
        "practice-third": {},
        "practice-survey": {},
        "drywall-blue": {
            "question1": "3",
            "question2": "3",
            "question3": "30",
            "question4": "40"
        },
        "drywall-red": {
            "question1": "1",
            "question2": "2",
            "question3": "30",
            "question4": "30"
        }
    },
    "logs": {
        "labelEvents": [
            {
                "time": "2019-05-30T20:35:46.813Z",
                "type": "START",
                "source": "hotkey",
                "_t": "14:35:46",
                "_end": "-",
                "data": {
                    "type": "measuring",
                    "time": 71.476496
                }
            },
            {
                "time": "2019-05-30T20:35:49.227Z",
                "type": "START",
                "source": "hotkey",
                "_t": "14:35:49",
                "_end": "-",
                "data": {
                    "type": "measuring",
                    "time": 71.032385
                }
            },
            {
                "time": "2019-05-30T20:35:51.387Z",
                "type": "START",
                "source": "hotkey",
                "_t": "14:35:51",
                "_end": "-",
                "data": {
                    "type": "cutting",
                    "time": 70.112131
                }
            },
            {
                "time": "2019-05-30T20:35:54.443Z",
                "type": "START",
                "source": "hotkey",
                "_t": "14:35:54",
                "_end": "-",
                "data": {
                    "type": "measuring",
                    "time": 76.214669
                }
            },
            {
                "time": "2019-05-30T20:35:59.355Z",
                "type": "END",
                "source": "data:click:h_pos",
                "_t": "14:35:59",
                "_end": "-",
                "data": {
                    "lbl": {
                        "time": 72.79238172357724,
                        "endTime": 76.214669,
                        "type": "measuring",
                        "id": 4
                    }
                }
            },
            {
                "time": "2019-05-30T20:35:59.795Z",
                "type": "SELECT",
                "source": "data:click",
                "_t": "14:35:59",
                "_end": "-",
                "data": {
                    "time": 71.032385,
                    "endTime": 71.476496,
                    "type": "measuring",
                    "id": 1
                }
            },
            {
                "time": "2019-05-30T20:36:01.561Z",
                "type": "DELETE",
                "source": "side-bar:button",
                "_t": "14:36:01",
                "_end": "-",
                "data": {
                    "id": 1,
                    "idx": 0
                }
            },
            {
                "time": "2019-05-30T20:36:02.908Z",
                "type": "SELECT",
                "source": "data:click",
                "_t": "14:36:02",
                "_end": "-",
                "data": {
                    "time": 72.79238172357724,
                    "endTime": 76.214669,
                    "type": "measuring",
                    "id": 4
                }
            },
            {
                "time": "2019-05-30T20:36:03.803Z",
                "type": "DELETE",
                "source": "side-bar:button",
                "_t": "14:36:03",
                "_end": "-",
                "data": {
                    "id": 4,
                    "idx": 2
                }
            },
            {
                "time": "2019-05-30T20:36:05.036Z",
                "type": "SELECT",
                "source": "data:click",
                "_t": "14:36:05",
                "_end": "-",
                "data": {
                    "time": 70.112131,
                    "endTime": 71.032385,
                    "type": "measuring",
                    "id": 2
                }
            },
            {
                "time": "2019-05-30T20:36:06.305Z",
                "type": "DELETE",
                "source": "side-bar:button",
                "_t": "14:36:06",
                "_end": "-",
                "data": {
                    "id": 2,
                    "idx": 0
                }
            },
            {
                "time": "2019-05-30T20:36:17.627Z",
                "type": "START",
                "source": "hotkey",
                "_t": "14:36:17",
                "_end": "-",
                "data": {
                    "type": "cutting",
                    "time": 68.645338
                }
            },
            {
                "time": "2019-05-30T20:36:25.801Z",
                "type": "START",
                "source": "hotkey",
                "_t": "14:36:25",
                "_end": "-",
                "data": {
                    "type": "cutting",
                    "time": 76.190255
                }
            },
            {
                "time": "2019-05-30T20:36:27.372Z",
                "type": "START",
                "source": "hotkey",
                "_t": "14:36:27",
                "_end": "-",
                "data": {
                    "type": "cutting",
                    "time": 79.328567
                }
            },
            {
                "time": "2019-05-30T20:36:28.281Z",
                "type": "START",
                "source": "hotkey",
                "_t": "14:36:28",
                "_end": "-",
                "data": {
                    "type": "cutting",
                    "time": 81.151292
                }
            },
            {
                "time": "2019-05-30T20:36:29.354Z",
                "type": "START",
                "source": "hotkey",
                "_t": "14:36:29",
                "_end": "-",
                "data": {
                    "type": "cutting",
                    "time": 83.294551
                }
            },
            {
                "time": "2019-05-30T20:36:30.794Z",
                "type": "START",
                "source": "hotkey",
                "_t": "14:36:30",
                "_end": "-",
                "data": {
                    "type": "cutting",
                    "time": 86.174462
                }
            },
            {
                "time": "2019-05-30T20:36:32.027Z",
                "type": "START",
                "source": "hotkey",
                "_t": "14:36:32",
                "_end": "-",
                "data": {
                    "type": "cutting",
                    "time": 88.633813
                }
            },
            {
                "time": "2019-05-30T20:36:35.285Z",
                "type": "START",
                "source": "hotkey",
                "_t": "14:36:35",
                "_end": "-",
                "data": {
                    "type": "cutting",
                    "time": 95.149975
                }
            },
            {
                "time": "2019-05-30T20:36:45.643Z",
                "type": "START",
                "source": "hotkey",
                "_t": "14:36:45",
                "_end": "-",
                "data": {
                    "type": "cutting",
                    "time": 125.137721
                }
            },
            {
                "time": "2019-05-30T20:36:48.684Z",
                "type": "END",
                "source": "hotkey:ctb",
                "_t": "14:36:48",
                "_end": "-",
                "data": {
                    "lbl": {
                        "time": 125.137721,
                        "endTime": 135.833463,
                        "type": "cutting",
                        "id": 12
                    },
                    "key": "enter"
                }
            },
            {
                "time": "2019-05-30T20:37:00.271Z",
                "type": "START",
                "source": "hotkey",
                "_t": "14:37:00",
                "_end": "-",
                "data": {
                    "type": "cutting",
                    "time": 175.606331
                }
            },
            {
                "time": "2019-05-30T20:37:01.467Z",
                "type": "END",
                "source": "hotkey:ctb",
                "_t": "14:37:01",
                "_end": "-",
                "data": {
                    "lbl": {
                        "time": 175.606331,
                        "endTime": 177.993896,
                        "type": "cutting",
                        "id": 13
                    },
                    "key": "enter"
                }
            },
            {
                "time": "2019-05-30T20:37:02.828Z",
                "type": "START",
                "source": "hotkey",
                "_t": "14:37:02",
                "_end": "-",
                "data": {
                    "type": "cutting",
                    "time": 180.704612
                }
            },
            {
                "time": "2019-05-30T20:37:04.765Z",
                "type": "START",
                "source": "hotkey",
                "_t": "14:37:04",
                "_end": "-",
                "data": {
                    "type": "cutting",
                    "time": 184.584889
                }
            },
            {
                "time": "2019-05-30T20:37:04.962Z",
                "type": "END",
                "source": "hotkey:ctb",
                "_t": "14:37:04",
                "_end": "-",
                "data": {
                    "lbl": {
                        "time": 184.584889,
                        "endTime": 184.992102,
                        "type": "cutting",
                        "id": 15
                    },
                    "key": "enter"
                }
            },
            {
                "time": "2019-05-30T20:37:05.532Z",
                "type": "START",
                "source": "hotkey",
                "_t": "14:37:05",
                "_end": "-",
                "data": {
                    "type": "cutting",
                    "time": 186.124005
                }
            },
            {
                "time": "2019-05-30T20:37:06.045Z",
                "type": "END",
                "source": "hotkey:ctb",
                "_t": "14:37:06",
                "_end": "-",
                "data": {
                    "lbl": {
                        "time": 186.124005,
                        "endTime": 187.148561,
                        "type": "cutting",
                        "id": 16
                    },
                    "key": "enter"
                }
            },
            {
                "time": "2019-05-30T20:37:09.068Z",
                "type": "START",
                "source": "hotkey",
                "_t": "14:37:09",
                "_end": "-",
                "data": {
                    "type": "cutting",
                    "time": 193.1969
                }
            },
            {
                "time": "2019-05-30T20:37:10.010Z",
                "type": "END",
                "source": "hotkey:ctb",
                "_t": "14:37:10",
                "_end": "-",
                "data": {
                    "lbl": {
                        "time": 193.1969,
                        "endTime": 195.078439,
                        "type": "cutting",
                        "id": 17
                    },
                    "key": "enter"
                }
            },
            {
                "time": "2019-05-30T20:37:10.709Z",
                "type": "START",
                "source": "hotkey",
                "_t": "14:37:10",
                "_end": "-",
                "data": {
                    "type": "cutting",
                    "time": 196.471269
                }
            },
            {
                "time": "2019-05-30T20:37:11.325Z",
                "type": "END",
                "source": "hotkey:ctb",
                "_t": "14:37:11",
                "_end": "-",
                "data": {
                    "lbl": {
                        "time": 196.471269,
                        "endTime": 197.706591,
                        "type": "cutting",
                        "id": 18
                    },
                    "key": "enter"
                }
            },
            {
                "time": "2019-05-30T20:37:12.718Z",
                "type": "START",
                "source": "hotkey",
                "_t": "14:37:12",
                "_end": "-",
                "data": {
                    "type": "cutting",
                    "time": 200.482882
                }
            },
            {
                "time": "2019-05-30T20:37:13.341Z",
                "type": "START",
                "source": "hotkey",
                "_t": "14:37:13",
                "_end": "-",
                "data": {
                    "type": "cutting",
                    "time": 201.729731
                }
            },
            {
                "time": "2019-05-30T20:37:13.886Z",
                "type": "END",
                "source": "hotkey:ctb",
                "_t": "14:37:13",
                "_end": "-",
                "data": {
                    "lbl": {
                        "time": 201.729731,
                        "endTime": 202.812609,
                        "type": "cutting",
                        "id": 20
                    },
                    "key": "enter"
                }
            },
            {
                "time": "2019-05-30T20:37:16.747Z",
                "type": "SELECT",
                "source": "data:click",
                "_t": "14:37:16",
                "_end": "-",
                "data": {
                    "time": 201.729731,
                    "endTime": 202.812609,
                    "type": "cutting",
                    "id": 20
                }
            },
            {
                "time": "2019-05-30T20:37:18.034Z",
                "type": "DELETE",
                "source": "side-bar:button",
                "_t": "14:37:18",
                "_end": "-",
                "data": {
                    "id": 20,
                    "idx": 17
                }
            },
            {
                "time": "2019-05-30T20:37:57.598Z",
                "type": "START",
                "source": "hotkey",
                "_t": "14:37:57",
                "_end": "-",
                "data": {
                    "type": "measuring",
                    "time": 480.594293
                }
            },
            {
                "time": "2019-05-30T20:37:59.098Z",
                "type": "END",
                "source": "hotkey:ctb",
                "_t": "14:37:59",
                "_end": "-",
                "data": {
                    "lbl": {
                        "time": 480.594293,
                        "endTime": 483.604444,
                        "type": "measuring",
                        "id": 20
                    },
                    "key": "enter"
                }
            },
            {
                "time": "2019-05-30T20:38:04.478Z",
                "type": "START",
                "source": "hotkey",
                "_t": "14:38:04",
                "_end": "-",
                "data": {
                    "type": "measuring",
                    "time": 494.361418
                }
            },
            {
                "time": "2019-05-30T20:38:05.345Z",
                "type": "END",
                "source": "hotkey:ctb",
                "_t": "14:38:05",
                "_end": "-",
                "data": {
                    "lbl": {
                        "time": 494.361418,
                        "endTime": 496.087445,
                        "type": "measuring",
                        "id": 21
                    },
                    "key": "enter"
                }
            },
            {
                "time": "2019-05-30T20:38:19.143Z",
                "type": "START",
                "source": "hotkey",
                "_t": "14:38:19",
                "_end": "-",
                "data": {
                    "type": "measuring",
                    "time": 597.615345
                }
            },
            {
                "time": "2019-05-30T20:38:19.728Z",
                "type": "END",
                "source": "hotkey:ctb",
                "_t": "14:38:19",
                "_end": "-",
                "data": {
                    "lbl": {
                        "time": 597.615345,
                        "endTime": 598.791957,
                        "type": "measuring",
                        "id": 22
                    },
                    "key": "enter"
                }
            },
            {
                "time": "2019-05-30T20:38:20.393Z",
                "type": "START",
                "source": "hotkey",
                "_t": "14:38:20",
                "_end": "-",
                "data": {
                    "type": "measuring",
                    "time": 600.125267
                }
            },
            {
                "time": "2019-05-30T20:38:21.147Z",
                "type": "END",
                "source": "hotkey:ctb",
                "_t": "14:38:21",
                "_end": "-",
                "data": {
                    "lbl": {
                        "time": 600.125267,
                        "endTime": 601.617891,
                        "type": "measuring",
                        "id": 23
                    },
                    "key": "enter"
                }
            }
        ],
        "navigationEvents": [
            {
                "time": "2019-05-30T20:35:31.498Z",
                "type": "CHANGE-PLAYBACK-RATE",
                "source": "video:menu",
                "_t": "14:35:31",
                "_end": "-",
                "data": {
                    "oldRate": 1,
                    "newRate": 2
                }
            },
            {
                "time": "2019-05-30T20:35:34.332Z",
                "type": "PAUSE",
                "source": "video:button",
                "_t": "14:35:34",
                "_end": "-"
            },
            {
                "time": "2019-05-30T20:35:35.441Z",
                "type": "PLAY",
                "source": "video:button",
                "_t": "14:35:35",
                "_end": "-"
            },
            {
                "time": "2019-05-30T20:35:36.576Z",
                "type": "SKIP",
                "source": "hotkey",
                "_t": "14:35:36",
                "_end": "-",
                "data": {
                    "t": 15.93771,
                    "Δt": 5,
                    "key": "right"
                }
            },
            {
                "time": "2019-05-30T20:35:37.098Z",
                "type": "SKIP",
                "source": "hotkey",
                "_t": "14:35:37",
                "_end": "-",
                "data": {
                    "t": 21.532854,
                    "Δt": 5,
                    "key": "right"
                }
            },
            {
                "time": "2019-05-30T20:35:37.787Z",
                "type": "SKIP",
                "source": "hotkey",
                "_t": "14:35:37",
                "_end": "-",
                "data": {
                    "t": 27.496422,
                    "Δt": 5,
                    "key": "right"
                }
            },
            {
                "time": "2019-05-30T20:35:39.993Z",
                "type": "SKIP",
                "source": "hotkey",
                "_t": "14:35:39",
                "_end": "-",
                "data": {
                    "t": 36.510892,
                    "Δt": 5,
                    "key": "right"
                }
            },
            {
                "time": "2019-05-30T20:35:40.254Z",
                "type": "SKIP",
                "source": "hotkey",
                "_t": "14:35:40",
                "_end": "-",
                "data": {
                    "t": 41.695379,
                    "Δt": 5,
                    "key": "right"
                }
            },
            {
                "time": "2019-05-30T20:35:40.538Z",
                "type": "SKIP",
                "source": "hotkey",
                "_t": "14:35:40",
                "_end": "-",
                "data": {
                    "t": 46.885831,
                    "Δt": 5,
                    "key": "right"
                }
            },
            {
                "time": "2019-05-30T20:35:40.762Z",
                "type": "SKIP",
                "source": "hotkey",
                "_t": "14:35:40",
                "_end": "-",
                "data": {
                    "t": 51.885831,
                    "Δt": 5,
                    "key": "right"
                }
            },
            {
                "time": "2019-05-30T20:35:41.250Z",
                "type": "SKIP",
                "source": "hotkey",
                "_t": "14:35:41",
                "_end": "-",
                "data": {
                    "t": 56.885831,
                    "Δt": 5,
                    "key": "right"
                }
            },
            {
                "time": "2019-05-30T20:35:41.977Z",
                "type": "SKIP",
                "source": "hotkey",
                "_t": "14:35:41",
                "_end": "-",
                "data": {
                    "t": 62.354993,
                    "Δt": 5,
                    "key": "right"
                }
            },
            {
                "time": "2019-05-30T20:35:45.708Z",
                "type": "SKIP",
                "source": "hotkey",
                "_t": "14:35:45",
                "_end": "-",
                "data": {
                    "t": 74.531145,
                    "Δt": -5,
                    "key": "left"
                }
            },
            {
                "time": "2019-05-30T20:35:47.309Z",
                "type": "SKIP",
                "source": "hotkey",
                "_t": "14:35:47",
                "_end": "-",
                "data": {
                    "t": 72.482338,
                    "Δt": -5,
                    "key": "left"
                }
            },
            {
                "time": "2019-05-30T20:35:50.918Z",
                "type": "SKIP",
                "source": "hotkey",
                "_t": "14:35:50",
                "_end": "-",
                "data": {
                    "t": 74.397157,
                    "Δt": -5,
                    "key": "left"
                }
            },
            {
                "time": {
                    "start": "2019-05-30T20:34:10.262Z",
                    "end": "2019-05-30T20:35:59.348Z"
                },
                "type": "SCRUB",
                "source": "data:drag",
                "_t": "14:34:10",
                "_end": "14:35:59",
                "data": {
                    "time": 86.018732
                }
            },
            {
                "time": {
                    "start": "2019-05-30T20:34:10.262Z",
                    "end": "2019-05-30T20:35:59.793Z"
                },
                "type": "SCRUB",
                "source": "data:drag",
                "_t": "14:34:10",
                "_end": "14:35:59",
                "data": {
                    "time": 86.924626
                }
            },
            {
                "time": "2019-05-30T20:36:00.660Z",
                "type": "PAUSE",
                "source": "video:button",
                "_t": "14:36:00",
                "_end": "-"
            },
            {
                "time": {
                    "start": "2019-05-30T20:34:10.262Z",
                    "end": "2019-05-30T20:36:02.906Z"
                },
                "type": "SCRUB",
                "source": "data:drag",
                "_t": "14:34:10",
                "_end": "14:36:02",
                "data": {
                    "time": 88.645338
                }
            },
            {
                "time": {
                    "start": "2019-05-30T20:34:10.262Z",
                    "end": "2019-05-30T20:36:05.034Z"
                },
                "type": "SCRUB",
                "source": "data:drag",
                "_t": "14:34:10",
                "_end": "14:36:05",
                "data": {
                    "time": 88.645338
                }
            },
            {
                "time": "2019-05-30T20:36:08.010Z",
                "type": "SKIP",
                "source": "hotkey",
                "_t": "14:36:08",
                "_end": "-",
                "data": {
                    "t": 88.645338,
                    "Δt": -1,
                    "key": "left"
                }
            },
            {
                "time": "2019-05-30T20:36:08.506Z",
                "type": "SKIP",
                "source": "hotkey",
                "_t": "14:36:08",
                "_end": "-",
                "data": {
                    "t": 87.645338,
                    "Δt": -1,
                    "key": "left"
                }
            },
            {
                "time": "2019-05-30T20:36:09.210Z",
                "type": "SKIP",
                "source": "hotkey",
                "_t": "14:36:09",
                "_end": "-",
                "data": {
                    "t": 86.645338,
                    "Δt": -1,
                    "key": "left"
                }
            },
            {
                "time": "2019-05-30T20:36:09.770Z",
                "type": "SKIP",
                "source": "hotkey",
                "_t": "14:36:09",
                "_end": "-",
                "data": {
                    "t": 85.645338,
                    "Δt": -1,
                    "key": "left"
                }
            },
            {
                "time": "2019-05-30T20:36:10.251Z",
                "type": "SKIP",
                "source": "hotkey",
                "_t": "14:36:10",
                "_end": "-",
                "data": {
                    "t": 84.645338,
                    "Δt": -1,
                    "key": "left"
                }
            },
            {
                "time": "2019-05-30T20:36:10.714Z",
                "type": "SKIP",
                "source": "hotkey",
                "_t": "14:36:10",
                "_end": "-",
                "data": {
                    "t": 83.645338,
                    "Δt": -1,
                    "key": "left"
                }
            },
            {
                "time": "2019-05-30T20:36:10.906Z",
                "type": "SKIP",
                "source": "hotkey",
                "_t": "14:36:10",
                "_end": "-",
                "data": {
                    "t": 82.645338,
                    "Δt": -1,
                    "key": "left"
                }
            },
            {
                "time": "2019-05-30T20:36:11.066Z",
                "type": "SKIP",
                "source": "hotkey",
                "_t": "14:36:11",
                "_end": "-",
                "data": {
                    "t": 81.645338,
                    "Δt": -1,
                    "key": "left"
                }
            },
            {
                "time": "2019-05-30T20:36:11.356Z",
                "type": "SKIP",
                "source": "hotkey",
                "_t": "14:36:11",
                "_end": "-",
                "data": {
                    "t": 80.645338,
                    "Δt": -1,
                    "key": "left"
                }
            },
            {
                "time": "2019-05-30T20:36:11.834Z",
                "type": "SKIP",
                "source": "hotkey",
                "_t": "14:36:11",
                "_end": "-",
                "data": {
                    "t": 79.645338,
                    "Δt": -1,
                    "key": "left"
                }
            },
            {
                "time": "2019-05-30T20:36:12.027Z",
                "type": "SKIP",
                "source": "hotkey",
                "_t": "14:36:12",
                "_end": "-",
                "data": {
                    "t": 78.645338,
                    "Δt": -1,
                    "key": "left"
                }
            },
            {
                "time": "2019-05-30T20:36:12.201Z",
                "type": "SKIP",
                "source": "hotkey",
                "_t": "14:36:12",
                "_end": "-",
                "data": {
                    "t": 77.645338,
                    "Δt": -1,
                    "key": "left"
                }
            },
            {
                "time": "2019-05-30T20:36:12.395Z",
                "type": "SKIP",
                "source": "hotkey",
                "_t": "14:36:12",
                "_end": "-",
                "data": {
                    "t": 76.645338,
                    "Δt": -1,
                    "key": "left"
                }
            },
            {
                "time": "2019-05-30T20:36:12.810Z",
                "type": "SKIP",
                "source": "hotkey",
                "_t": "14:36:12",
                "_end": "-",
                "data": {
                    "t": 75.645338,
                    "Δt": -1,
                    "key": "left"
                }
            },
            {
                "time": "2019-05-30T20:36:13.177Z",
                "type": "SKIP",
                "source": "hotkey",
                "_t": "14:36:13",
                "_end": "-",
                "data": {
                    "t": 74.645338,
                    "Δt": -1,
                    "key": "left"
                }
            },
            {
                "time": "2019-05-30T20:36:14.027Z",
                "type": "SKIP",
                "source": "hotkey",
                "_t": "14:36:14",
                "_end": "-",
                "data": {
                    "t": 73.645338,
                    "Δt": -1,
                    "key": "left"
                }
            },
            {
                "time": "2019-05-30T20:36:14.554Z",
                "type": "SKIP",
                "source": "hotkey",
                "_t": "14:36:14",
                "_end": "-",
                "data": {
                    "t": 72.645338,
                    "Δt": -1,
                    "key": "left"
                }
            },
            {
                "time": "2019-05-30T20:36:14.746Z",
                "type": "SKIP",
                "source": "hotkey",
                "_t": "14:36:14",
                "_end": "-",
                "data": {
                    "t": 71.645338,
                    "Δt": -1,
                    "key": "left"
                }
            },
            {
                "time": "2019-05-30T20:36:15.258Z",
                "type": "SKIP",
                "source": "hotkey",
                "_t": "14:36:15",
                "_end": "-",
                "data": {
                    "t": 70.645338,
                    "Δt": -1,
                    "key": "left"
                }
            },
            {
                "time": "2019-05-30T20:36:15.690Z",
                "type": "SKIP",
                "source": "hotkey",
                "_t": "14:36:15",
                "_end": "-",
                "data": {
                    "t": 69.645338,
                    "Δt": -1,
                    "key": "left"
                }
            },
            {
                "time": "2019-05-30T20:36:21.980Z",
                "type": "PLAY",
                "source": "hotkey",
                "_t": "14:36:21",
                "_end": "-",
                "data": {
                    "key": "space"
                }
            },
            {
                "time": "2019-05-30T20:36:41.423Z",
                "type": "SKIP",
                "source": "hotkey",
                "_t": "14:36:41",
                "_end": "-",
                "data": {
                    "t": 107.43134,
                    "Δt": 5,
                    "key": "right"
                }
            },
            {
                "time": "2019-05-30T20:36:42.717Z",
                "type": "SKIP",
                "source": "hotkey",
                "_t": "14:36:42",
                "_end": "-",
                "data": {
                    "t": 114.705904,
                    "Δt": 5,
                    "key": "right"
                }
            },
            {
                "time": "2019-05-30T20:36:46.393Z",
                "type": "SKIP",
                "source": "hotkey",
                "_t": "14:36:46",
                "_end": "-",
                "data": {
                    "t": 126.622563,
                    "Δt": 5,
                    "key": "right"
                }
            },
            {
                "time": "2019-05-30T20:36:52.585Z",
                "type": "SKIP",
                "source": "hotkey",
                "_t": "14:36:52",
                "_end": "-",
                "data": {
                    "t": 143.645116,
                    "Δt": 5,
                    "key": "right"
                }
            },
            {
                "time": "2019-05-30T20:36:54.219Z",
                "type": "SKIP",
                "source": "hotkey",
                "_t": "14:36:54",
                "_end": "-",
                "data": {
                    "t": 151.573467,
                    "Δt": 5,
                    "key": "right"
                }
            },
            {
                "time": "2019-05-30T20:36:55.475Z",
                "type": "SKIP",
                "source": "hotkey",
                "_t": "14:36:55",
                "_end": "-",
                "data": {
                    "t": 158.035983,
                    "Δt": 5,
                    "key": "right"
                }
            },
            {
                "time": "2019-05-30T20:36:58.795Z",
                "type": "SKIP",
                "source": "hotkey",
                "_t": "14:36:58",
                "_end": "-",
                "data": {
                    "t": 168.054066,
                    "Δt": 5,
                    "key": "right"
                }
            },
            {
                "time": {
                    "start": "2019-05-30T20:34:10.262Z",
                    "end": "2019-05-30T20:37:16.220Z"
                },
                "type": "SCRUB",
                "source": "data:drag",
                "_t": "14:34:10",
                "_end": "14:37:16",
                "data": {
                    "time": 207.492278
                }
            },
            {
                "time": {
                    "start": "2019-05-30T20:34:10.262Z",
                    "end": "2019-05-30T20:37:16.745Z"
                },
                "type": "SCRUB",
                "source": "data:drag",
                "_t": "14:34:10",
                "_end": "14:37:16",
                "data": {
                    "time": 208.544352
                }
            },
            {
                "time": {
                    "start": "2019-05-30T20:34:10.262Z",
                    "end": "2019-05-30T20:37:19.522Z"
                },
                "type": "SCRUB",
                "source": "data:drag",
                "_t": "14:34:10",
                "_end": "14:37:19",
                "data": {
                    "time": 214.092498
                }
            },
            {
                "time": "2019-05-30T20:37:21.964Z",
                "type": "SKIP",
                "source": "hotkey",
                "_t": "14:37:21",
                "_end": "-",
                "data": {
                    "t": 218.984863,
                    "Δt": 5,
                    "key": "right"
                }
            },
            {
                "time": "2019-05-30T20:37:22.555Z",
                "type": "SKIP",
                "source": "hotkey",
                "_t": "14:37:22",
                "_end": "-",
                "data": {
                    "t": 224.793161,
                    "Δt": 5,
                    "key": "right"
                }
            },
            {
                "time": "2019-05-30T20:37:23.482Z",
                "type": "SKIP",
                "source": "hotkey",
                "_t": "14:37:23",
                "_end": "-",
                "data": {
                    "t": 231.303618,
                    "Δt": 5,
                    "key": "right"
                }
            },
            {
                "time": "2019-05-30T20:37:24.075Z",
                "type": "SKIP",
                "source": "hotkey",
                "_t": "14:37:24",
                "_end": "-",
                "data": {
                    "t": 237.129685,
                    "Δt": 5,
                    "key": "right"
                }
            },
            {
                "time": "2019-05-30T20:37:24.556Z",
                "type": "SKIP",
                "source": "hotkey",
                "_t": "14:37:24",
                "_end": "-",
                "data": {
                    "t": 242.668773,
                    "Δt": 5,
                    "key": "right"
                }
            },
            {
                "time": "2019-05-30T20:37:25.341Z",
                "type": "SKIP",
                "source": "hotkey",
                "_t": "14:37:25",
                "_end": "-",
                "data": {
                    "t": 248.837619,
                    "Δt": 5,
                    "key": "right"
                }
            },
            {
                "time": "2019-05-30T20:37:26.043Z",
                "type": "SKIP",
                "source": "hotkey",
                "_t": "14:37:26",
                "_end": "-",
                "data": {
                    "t": 254.891603,
                    "Δt": 5,
                    "key": "right"
                }
            },
            {
                "time": "2019-05-30T20:37:26.364Z",
                "type": "SKIP",
                "source": "hotkey",
                "_t": "14:37:26",
                "_end": "-",
                "data": {
                    "t": 260.146565,
                    "Δt": 5,
                    "key": "right"
                }
            },
            {
                "time": "2019-05-30T20:37:26.717Z",
                "type": "SKIP",
                "source": "hotkey",
                "_t": "14:37:26",
                "_end": "-",
                "data": {
                    "t": 265.215182,
                    "Δt": 5,
                    "key": "right"
                }
            },
            {
                "time": "2019-05-30T20:37:27.403Z",
                "type": "SKIP",
                "source": "hotkey",
                "_t": "14:37:27",
                "_end": "-",
                "data": {
                    "t": 270.821485,
                    "Δt": 5,
                    "key": "right"
                }
            },
            {
                "time": "2019-05-30T20:37:28.598Z",
                "type": "SKIP",
                "source": "hotkey",
                "_t": "14:37:28",
                "_end": "-",
                "data": {
                    "t": 277.752331,
                    "Δt": 5,
                    "key": "right"
                }
            },
            {
                "time": "2019-05-30T20:37:29.386Z",
                "type": "SKIP",
                "source": "hotkey",
                "_t": "14:37:29",
                "_end": "-",
                "data": {
                    "t": 283.720655,
                    "Δt": 5,
                    "key": "right"
                }
            },
            {
                "time": "2019-05-30T20:37:29.803Z",
                "type": "SKIP",
                "source": "hotkey",
                "_t": "14:37:29",
                "_end": "-",
                "data": {
                    "t": 288.980978,
                    "Δt": 5,
                    "key": "right"
                }
            },
            {
                "time": "2019-05-30T20:37:30.380Z",
                "type": "SKIP",
                "source": "hotkey",
                "_t": "14:37:30",
                "_end": "-",
                "data": {
                    "t": 294.041995,
                    "Δt": 5,
                    "key": "right"
                }
            },
            {
                "time": "2019-05-30T20:37:30.892Z",
                "type": "SKIP",
                "source": "hotkey",
                "_t": "14:37:30",
                "_end": "-",
                "data": {
                    "t": 299.660667,
                    "Δt": 5,
                    "key": "right"
                }
            },
            {
                "time": "2019-05-30T20:37:31.387Z",
                "type": "SKIP",
                "source": "hotkey",
                "_t": "14:37:31",
                "_end": "-",
                "data": {
                    "t": 305.311026,
                    "Δt": 5,
                    "key": "right"
                }
            },
            {
                "time": "2019-05-30T20:37:33.418Z",
                "type": "SKIP",
                "source": "hotkey",
                "_t": "14:37:33",
                "_end": "-",
                "data": {
                    "t": 313.353764,
                    "Δt": 5,
                    "key": "right"
                }
            },
            {
                "time": "2019-05-30T20:37:33.675Z",
                "type": "SKIP",
                "source": "hotkey",
                "_t": "14:37:33",
                "_end": "-",
                "data": {
                    "t": 318.353764,
                    "Δt": 5,
                    "key": "right"
                }
            },
            {
                "time": "2019-05-30T20:37:34.528Z",
                "type": "SKIP",
                "source": "hotkey",
                "_t": "14:37:34",
                "_end": "-",
                "data": {
                    "t": 323.784548,
                    "Δt": 5,
                    "key": "right"
                }
            },
            {
                "time": "2019-05-30T20:37:35.084Z",
                "type": "SKIP",
                "source": "hotkey",
                "_t": "14:37:35",
                "_end": "-",
                "data": {
                    "t": 329.530729,
                    "Δt": 5,
                    "key": "right"
                }
            },
            {
                "time": "2019-05-30T20:37:37.594Z",
                "type": "SKIP",
                "source": "hotkey",
                "_t": "14:37:37",
                "_end": "-",
                "data": {
                    "t": 338.483447,
                    "Δt": 5,
                    "key": "right"
                }
            },
            {
                "time": "2019-05-30T20:37:38.043Z",
                "type": "SKIP",
                "source": "hotkey",
                "_t": "14:37:38",
                "_end": "-",
                "data": {
                    "t": 344.058945,
                    "Δt": 5,
                    "key": "right"
                }
            },
            {
                "time": "2019-05-30T20:37:38.378Z",
                "type": "SKIP",
                "source": "hotkey",
                "_t": "14:37:38",
                "_end": "-",
                "data": {
                    "t": 349.063485,
                    "Δt": 5,
                    "key": "right"
                }
            },
            {
                "time": "2019-05-30T20:37:38.740Z",
                "type": "SKIP",
                "source": "hotkey",
                "_t": "14:37:38",
                "_end": "-",
                "data": {
                    "t": 354.101991,
                    "Δt": 5,
                    "key": "right"
                }
            },
            {
                "time": "2019-05-30T20:37:39.052Z",
                "type": "SKIP",
                "source": "hotkey",
                "_t": "14:37:39",
                "_end": "-",
                "data": {
                    "t": 359.101991,
                    "Δt": 5,
                    "key": "right"
                }
            },
            {
                "time": "2019-05-30T20:37:39.386Z",
                "type": "SKIP",
                "source": "hotkey",
                "_t": "14:37:39",
                "_end": "-",
                "data": {
                    "t": 364.101991,
                    "Δt": 5,
                    "key": "right"
                }
            },
            {
                "time": "2019-05-30T20:37:40.075Z",
                "type": "SKIP",
                "source": "hotkey",
                "_t": "14:37:40",
                "_end": "-",
                "data": {
                    "t": 369.654921,
                    "Δt": 5,
                    "key": "right"
                }
            },
            {
                "time": "2019-05-30T20:37:40.487Z",
                "type": "SKIP",
                "source": "hotkey",
                "_t": "14:37:40",
                "_end": "-",
                "data": {
                    "t": 375.11097,
                    "Δt": 5,
                    "key": "right"
                }
            },
            {
                "time": "2019-05-30T20:37:40.892Z",
                "type": "SKIP",
                "source": "hotkey",
                "_t": "14:37:40",
                "_end": "-",
                "data": {
                    "t": 380.545601,
                    "Δt": 5,
                    "key": "right"
                }
            },
            {
                "time": "2019-05-30T20:37:41.323Z",
                "type": "SKIP",
                "source": "hotkey",
                "_t": "14:37:41",
                "_end": "-",
                "data": {
                    "t": 386.091708,
                    "Δt": 5,
                    "key": "right"
                }
            },
            {
                "time": "2019-05-30T20:37:41.707Z",
                "type": "SKIP",
                "source": "hotkey",
                "_t": "14:37:41",
                "_end": "-",
                "data": {
                    "t": 391.121782,
                    "Δt": 5,
                    "key": "right"
                }
            },
            {
                "time": "2019-05-30T20:37:42.346Z",
                "type": "SKIP",
                "source": "hotkey",
                "_t": "14:37:42",
                "_end": "-",
                "data": {
                    "t": 396.58408,
                    "Δt": 5,
                    "key": "right"
                }
            },
            {
                "time": "2019-05-30T20:37:42.924Z",
                "type": "SKIP",
                "source": "hotkey",
                "_t": "14:37:42",
                "_end": "-",
                "data": {
                    "t": 402.315784,
                    "Δt": 5,
                    "key": "right"
                }
            },
            {
                "time": "2019-05-30T20:37:43.603Z",
                "type": "SKIP",
                "source": "hotkey",
                "_t": "14:37:43",
                "_end": "-",
                "data": {
                    "t": 408.250805,
                    "Δt": 5,
                    "key": "right"
                }
            },
            {
                "time": "2019-05-30T20:37:44.188Z",
                "type": "SKIP",
                "source": "hotkey",
                "_t": "14:37:44",
                "_end": "-",
                "data": {
                    "t": 414.001331,
                    "Δt": 5,
                    "key": "right"
                }
            },
            {
                "time": "2019-05-30T20:37:45.107Z",
                "type": "SKIP",
                "source": "hotkey",
                "_t": "14:37:45",
                "_end": "-",
                "data": {
                    "t": 420.428941,
                    "Δt": 5,
                    "key": "right"
                }
            },
            {
                "time": "2019-05-30T20:37:46.060Z",
                "type": "SKIP",
                "source": "hotkey",
                "_t": "14:37:46",
                "_end": "-",
                "data": {
                    "t": 426.056791,
                    "Δt": 5,
                    "key": "right"
                }
            },
            {
                "time": "2019-05-30T20:37:46.587Z",
                "type": "SKIP",
                "source": "hotkey",
                "_t": "14:37:46",
                "_end": "-",
                "data": {
                    "t": 431.737267,
                    "Δt": 5,
                    "key": "right"
                }
            },
            {
                "time": "2019-05-30T20:37:47.034Z",
                "type": "SKIP",
                "source": "hotkey",
                "_t": "14:37:47",
                "_end": "-",
                "data": {
                    "t": 437.237727,
                    "Δt": 5,
                    "key": "right"
                }
            },
            {
                "time": "2019-05-30T20:37:47.724Z",
                "type": "SKIP",
                "source": "hotkey",
                "_t": "14:37:47",
                "_end": "-",
                "data": {
                    "t": 442.725035,
                    "Δt": 5,
                    "key": "right"
                }
            },
            {
                "time": "2019-05-30T20:37:48.828Z",
                "type": "SKIP",
                "source": "hotkey",
                "_t": "14:37:48",
                "_end": "-",
                "data": {
                    "t": 449.384626,
                    "Δt": 5,
                    "key": "right"
                }
            },
            {
                "time": "2019-05-30T20:37:49.462Z",
                "type": "SKIP",
                "source": "hotkey",
                "_t": "14:37:49",
                "_end": "-",
                "data": {
                    "t": 455.334748,
                    "Δt": 5,
                    "key": "right"
                }
            },
            {
                "time": "2019-05-30T20:37:51.005Z",
                "type": "SKIP",
                "source": "hotkey",
                "_t": "14:37:51",
                "_end": "-",
                "data": {
                    "t": 460.914344,
                    "Δt": 5,
                    "key": "right"
                }
            },
            {
                "time": "2019-05-30T20:37:51.900Z",
                "type": "SKIP",
                "source": "hotkey",
                "_t": "14:37:51",
                "_end": "-",
                "data": {
                    "t": 466.712756,
                    "Δt": 5,
                    "key": "right"
                }
            },
            {
                "time": "2019-05-30T20:37:52.587Z",
                "type": "SKIP",
                "source": "hotkey",
                "_t": "14:37:52",
                "_end": "-",
                "data": {
                    "t": 472.214774,
                    "Δt": 5,
                    "key": "right"
                }
            },
            {
                "time": "2019-05-30T20:37:53.196Z",
                "type": "SKIP",
                "source": "hotkey",
                "_t": "14:37:53",
                "_end": "-",
                "data": {
                    "t": 477.876595,
                    "Δt": 5,
                    "key": "right"
                }
            },
            {
                "time": "2019-05-30T20:37:54.735Z",
                "type": "SKIP",
                "source": "hotkey",
                "_t": "14:37:54",
                "_end": "-",
                "data": {
                    "t": 485.484919,
                    "Δt": -5,
                    "key": "left"
                }
            },
            {
                "time": "2019-05-30T20:37:56.460Z",
                "type": "SKIP",
                "source": "hotkey",
                "_t": "14:37:56",
                "_end": "-",
                "data": {
                    "t": 483.668854,
                    "Δt": -5,
                    "key": "left"
                }
            },
            {
                "time": "2019-05-30T20:38:08.030Z",
                "type": "SKIP",
                "source": "hotkey",
                "_t": "14:38:08",
                "_end": "-",
                "data": {
                    "t": 501.463923,
                    "Δt": 5,
                    "key": "right"
                }
            },
            {
                "time": "2019-05-30T20:38:08.711Z",
                "type": "SKIP",
                "source": "hotkey",
                "_t": "14:38:08",
                "_end": "-",
                "data": {
                    "t": 507.411336,
                    "Δt": 5,
                    "key": "right"
                }
            },
            {
                "time": "2019-05-30T20:38:09.277Z",
                "type": "SKIP",
                "source": "hotkey",
                "_t": "14:38:09",
                "_end": "-",
                "data": {
                    "t": 513.139557,
                    "Δt": 5,
                    "key": "right"
                }
            },
            {
                "time": "2019-05-30T20:38:09.772Z",
                "type": "SKIP",
                "source": "hotkey",
                "_t": "14:38:09",
                "_end": "-",
                "data": {
                    "t": 518.729661,
                    "Δt": 5,
                    "key": "right"
                }
            },
            {
                "time": "2019-05-30T20:38:10.170Z",
                "type": "SKIP",
                "source": "hotkey",
                "_t": "14:38:10",
                "_end": "-",
                "data": {
                    "t": 524.201751,
                    "Δt": 5,
                    "key": "right"
                }
            },
            {
                "time": "2019-05-30T20:38:10.571Z",
                "type": "SKIP",
                "source": "hotkey",
                "_t": "14:38:10",
                "_end": "-",
                "data": {
                    "t": 529.232443,
                    "Δt": 5,
                    "key": "right"
                }
            },
            {
                "time": "2019-05-30T20:38:10.938Z",
                "type": "SKIP",
                "source": "hotkey",
                "_t": "14:38:10",
                "_end": "-",
                "data": {
                    "t": 534.266593,
                    "Δt": 5,
                    "key": "right"
                }
            },
            {
                "time": "2019-05-30T20:38:11.292Z",
                "type": "SKIP",
                "source": "hotkey",
                "_t": "14:38:11",
                "_end": "-",
                "data": {
                    "t": 539.266593,
                    "Δt": 5,
                    "key": "right"
                }
            },
            {
                "time": "2019-05-30T20:38:11.579Z",
                "type": "SKIP",
                "source": "hotkey",
                "_t": "14:38:11",
                "_end": "-",
                "data": {
                    "t": 544.266593,
                    "Δt": 5,
                    "key": "right"
                }
            },
            {
                "time": "2019-05-30T20:38:11.910Z",
                "type": "SKIP",
                "source": "hotkey",
                "_t": "14:38:11",
                "_end": "-",
                "data": {
                    "t": 549.272355,
                    "Δt": 5,
                    "key": "right"
                }
            },
            {
                "time": "2019-05-30T20:38:12.284Z",
                "type": "SKIP",
                "source": "hotkey",
                "_t": "14:38:12",
                "_end": "-",
                "data": {
                    "t": 554.272355,
                    "Δt": 5,
                    "key": "right"
                }
            },
            {
                "time": "2019-05-30T20:38:12.652Z",
                "type": "SKIP",
                "source": "hotkey",
                "_t": "14:38:12",
                "_end": "-",
                "data": {
                    "t": 559.272355,
                    "Δt": 5,
                    "key": "right"
                }
            },
            {
                "time": "2019-05-30T20:38:13.388Z",
                "type": "SKIP",
                "source": "hotkey",
                "_t": "14:38:13",
                "_end": "-",
                "data": {
                    "t": 564.95967,
                    "Δt": 5,
                    "key": "right"
                }
            },
            {
                "time": "2019-05-30T20:38:14.156Z",
                "type": "SKIP",
                "source": "hotkey",
                "_t": "14:38:14",
                "_end": "-",
                "data": {
                    "t": 571.057573,
                    "Δt": 5,
                    "key": "right"
                }
            },
            {
                "time": "2019-05-30T20:38:14.571Z",
                "type": "SKIP",
                "source": "hotkey",
                "_t": "14:38:14",
                "_end": "-",
                "data": {
                    "t": 576.095415,
                    "Δt": 5,
                    "key": "right"
                }
            },
            {
                "time": "2019-05-30T20:38:15.066Z",
                "type": "SKIP",
                "source": "hotkey",
                "_t": "14:38:15",
                "_end": "-",
                "data": {
                    "t": 581.131213,
                    "Δt": 5,
                    "key": "right"
                }
            },
            {
                "time": "2019-05-30T20:38:15.852Z",
                "type": "SKIP",
                "source": "hotkey",
                "_t": "14:38:15",
                "_end": "-",
                "data": {
                    "t": 587.380219,
                    "Δt": 5,
                    "key": "right"
                }
            },
            {
                "time": "2019-05-30T20:38:16.300Z",
                "type": "SKIP",
                "source": "hotkey",
                "_t": "14:38:16",
                "_end": "-",
                "data": {
                    "t": 592.89243,
                    "Δt": 5,
                    "key": "right"
                }
            },
            {
                "time": "2019-05-30T20:38:17.535Z",
                "type": "SKIP",
                "source": "hotkey",
                "_t": "14:38:17",
                "_end": "-",
                "data": {
                    "t": 599.670289,
                    "Δt": -5,
                    "key": "left"
                }
            },
            {
                "time": "2019-05-30T20:38:22.699Z",
                "type": "SKIP",
                "source": "hotkey",
                "_t": "14:38:22",
                "_end": "-",
                "data": {
                    "t": 604.719308,
                    "Δt": 5,
                    "key": "right"
                }
            },
            {
                "time": "2019-05-30T20:38:23.468Z",
                "type": "SKIP",
                "source": "hotkey",
                "_t": "14:38:23",
                "_end": "-",
                "data": {
                    "t": 610.408464,
                    "Δt": 5,
                    "key": "right"
                }
            }
        ]
    }
}