[{"time":33.244187,"endTime":37.816794,"type":"measuring","id":1},{"time":51.62797,"endTime":54.262502,"type":"measuring","id":2},{"time":59.821871,"endTime":64.842983,"type":"cutting","id":3},{"time":69.638627,"endTime":76.703324,"type":"cutting","id":4},{"time":80.246272,"endTime":86.490112,"type":"cutting","id":5},{"time":89.007297,"endTime":93.165808,"type":"cutting","id":6},{"time":94.139022,"endTime":96.1856,"type":"cutting","id":7},{"time":172.18023,"endTime":177.879792,"type":"cutting","id":8},{"time":180.179993,"endTime":189.26534,"type":"cutting","id":9},{"time":193.171239,"endTime":194.426374,"type":"cutting","id":10},{"time":194.794739,"endTime":195.170165,"type":"cutting","id":11},{"time":195.507043,"endTime":195.825723,"type":"cutting","id":12},{"time":196.217766,"endTime":198.299211,"type":"cutting","id":13}]