{
    "user_id": "bronze2",
    "session_id": "5d7fdf7a81249f67dd06adcf",
    "study": "studyE",
    "workspace": "drywall.drywall-orange",
    "details": {
        "workspace": "drywall.drywall-orange",
        "labels": [
            {
                "time": 179.472793,
                "endTime": 186.00960577372737,
                "type": "cutting",
                "id": 1
            },
            {
                "time": 193.819177,
                "endTime": 198.864782,
                "type": "cutting",
                "id": 2
            },
            {
                "time": 231.46576972994148,
                "endTime": 238.2365440000007,
                "type": "cutting",
                "id": 3
            },
            {
                "time": 289.589055,
                "endTime": 294.285439,
                "type": "cutting",
                "id": 4
            }
        ],
        "_starts": [
            "2019-09-16T19:30:46.000Z"
        ],
        "_ends": [
            "2019-09-16T19:34:01.767Z"
        ]
    },
    "labels_file": "/home/ubuntu/vat/data/user-studies/studyE/drywall-orange/bronze2.labels.json",
    "videoFlash": 3.411767,
    "surveys": {
        "user-info": {
            "firstname": "Austin",
            "lastname": "Schmidt",
            "email": "scubaaustin16@hotmail.com"
        },
        "practice-first": {
            "question1": "1",
            "question2": "okay",
            "question3": "90",
            "question4": "3"
        },
        "practice-second": {},
        "practice-third": {},
        "practice-survey": {},
        "drywall-blue": {
            "question1": "1",
            "question2": "2",
            "question3": "10",
            "question4": "50"
        },
        "drywall-red": {
            "question1": "1",
            "question2": "1",
            "question3": "0",
            "question4": "0"
        }
    },
    "logs": {
        "labelEvents": [
            {
                "time": "2019-09-16T19:31:29.585Z",
                "type": "START",
                "source": "side-bar:button",
                "_t": "13:31:29",
                "_end": "-",
                "data": {
                    "type": "cutting",
                    "time": 179.472793
                }
            },
            {
                "time": "2019-09-16T19:31:53.840Z",
                "type": "END",
                "source": "hotkey:h_pos",
                "_t": "13:31:53",
                "_end": "-",
                "data": {
                    "lbl": {
                        "time": 179.472793,
                        "endTime": 186.00960577372737,
                        "type": "cutting",
                        "id": 1
                    },
                    "key": "enter"
                }
            },
            {
                "time": "2019-09-16T19:31:59.268Z",
                "type": "START",
                "source": "hotkey",
                "_t": "13:31:59",
                "_end": "-",
                "data": {
                    "type": "cutting",
                    "time": 193.819177
                }
            },
            {
                "time": "2019-09-16T19:32:04.302Z",
                "type": "END",
                "source": "hotkey:ctb",
                "_t": "13:32:04",
                "_end": "-",
                "data": {
                    "lbl": {
                        "time": 193.819177,
                        "endTime": 198.864782,
                        "type": "cutting",
                        "id": 2
                    },
                    "key": "enter"
                }
            },
            {
                "time": "2019-09-16T19:32:21.664Z",
                "type": "START",
                "source": "hotkey",
                "_t": "13:32:21",
                "_end": "-",
                "data": {
                    "type": "cutting",
                    "time": 232.481655
                }
            },
            {
                "time": "2019-09-16T19:32:34.405Z",
                "type": "END",
                "source": "hotkey:ctb",
                "_t": "13:32:34",
                "_end": "-",
                "data": {
                    "lbl": {
                        "time": 231.46576972994148,
                        "endTime": 238.2365440000007,
                        "type": "cutting",
                        "id": 3
                    },
                    "key": "enter"
                }
            },
            {
                "time": "2019-09-16T19:32:36.800Z",
                "type": "SELECT",
                "source": "data:click",
                "_t": "13:32:36",
                "_end": "-",
                "data": {
                    "time": 231.46576972994148,
                    "endTime": 238.2365440000007,
                    "type": "cutting",
                    "id": 3
                }
            },
            {
                "time": {
                    "start": "2019-09-16T19:32:37.667Z",
                    "end": "2019-09-16T19:32:38.312Z"
                },
                "type": "RESIZE",
                "source": "data:brush",
                "_t": "13:32:37",
                "_end": "13:32:38",
                "data": {
                    "brushing": true,
                    "origin": [
                        232.481655,
                        237.547794
                    ],
                    "_brushside": 1,
                    "start": "2019-09-16T19:32:37.667Z",
                    "ε": 0.1,
                    "mode": "resize"
                }
            },
            {
                "time": "2019-09-16T19:33:15.013Z",
                "type": "START",
                "source": "hotkey",
                "_t": "13:33:15",
                "_end": "-",
                "data": {
                    "type": "cutting",
                    "time": 289.589055
                }
            },
            {
                "time": "2019-09-16T19:33:27.587Z",
                "type": "END",
                "source": "hotkey:ctb",
                "_t": "13:33:27",
                "_end": "-",
                "data": {
                    "lbl": {
                        "time": 289.589055,
                        "endTime": 294.285439,
                        "type": "cutting",
                        "id": 4
                    },
                    "key": "enter"
                }
            },
            {
                "time": "2019-09-16T19:33:29.728Z",
                "type": "START",
                "source": "hotkey",
                "_t": "13:33:29",
                "_end": "-",
                "data": {
                    "type": "cutting",
                    "time": 296.448897
                }
            },
            {
                "time": "2019-09-16T19:33:32.672Z",
                "type": "CANCEL",
                "source": "hotkey",
                "_t": "13:33:32",
                "_end": "-",
                "data": {
                    "time": 296.448897,
                    "type": "cutting",
                    "editting": false
                }
            },
            {
                "time": "2019-09-16T19:33:34.181Z",
                "type": "START",
                "source": "hotkey",
                "_t": "13:33:34",
                "_end": "-",
                "data": {
                    "type": "cutting",
                    "time": 300.850022
                }
            },
            {
                "time": "2019-09-16T19:33:35.615Z",
                "type": "CANCEL",
                "source": "hotkey",
                "_t": "13:33:35",
                "_end": "-",
                "data": {
                    "time": 300.850022,
                    "type": "cutting",
                    "editting": false
                }
            }
        ],
        "navigationEvents": [
            {
                "time": "2019-09-16T19:31:03.769Z",
                "type": "PLAY",
                "source": "video:button",
                "_t": "13:31:03",
                "_end": "-"
            },
            {
                "time": {
                    "start": "2019-09-16T19:30:46.914Z",
                    "end": "2019-09-16T19:31:05.848Z"
                },
                "type": "SCRUB",
                "source": "data:drag",
                "_t": "13:30:46",
                "_end": "13:31:05",
                "data": {
                    "time": 46.26381103414664
                }
            },
            {
                "time": {
                    "start": "2019-09-16T19:30:46.914Z",
                    "end": "2019-09-16T19:31:06.549Z"
                },
                "type": "SCRUB",
                "source": "data:drag",
                "_t": "13:30:46",
                "_end": "13:31:06",
                "data": {
                    "time": 85.89538823243993
                }
            },
            {
                "time": {
                    "start": "2019-09-16T19:30:46.914Z",
                    "end": "2019-09-16T19:31:07.045Z"
                },
                "type": "SCRUB",
                "source": "data:drag",
                "_t": "13:30:46",
                "_end": "13:31:07",
                "data": {
                    "time": 116.99364025804582
                }
            },
            {
                "time": {
                    "start": "2019-09-16T19:30:46.914Z",
                    "end": "2019-09-16T19:31:07.623Z"
                },
                "type": "SCRUB",
                "source": "data:drag",
                "_t": "13:30:46",
                "_end": "13:31:07",
                "data": {
                    "time": 138.57948578169947
                }
            },
            {
                "time": {
                    "start": "2019-09-16T19:30:46.914Z",
                    "end": "2019-09-16T19:31:08.707Z"
                },
                "type": "SCRUB",
                "source": "data:drag",
                "_t": "13:30:46",
                "_end": "13:31:08",
                "data": {
                    "time": 148.7016619312119
                }
            },
            {
                "time": {
                    "start": "2019-09-16T19:30:46.914Z",
                    "end": "2019-09-16T19:31:10.606Z"
                },
                "type": "SCRUB",
                "source": "data:drag",
                "_t": "13:30:46",
                "_end": "13:31:10",
                "data": {
                    "time": 166.21512034317107
                }
            },
            {
                "time": {
                    "start": "2019-09-16T19:30:46.914Z",
                    "end": "2019-09-16T19:31:11.426Z"
                },
                "type": "SCRUB",
                "source": "data:drag",
                "_t": "13:30:46",
                "_end": "13:31:11",
                "data": {
                    "time": 184.87093335633824
                }
            },
            {
                "time": {
                    "start": "2019-09-16T19:30:46.914Z",
                    "end": "2019-09-16T19:31:12.338Z"
                },
                "type": "SCRUB",
                "source": "data:drag",
                "_t": "13:30:46",
                "_end": "13:31:12",
                "data": {
                    "time": 202.79566877926862
                }
            },
            {
                "time": {
                    "start": "2019-09-16T19:30:46.914Z",
                    "end": "2019-09-16T19:31:18.591Z"
                },
                "type": "SCRUB",
                "source": "data:drag",
                "_t": "13:30:46",
                "_end": "13:31:18",
                "data": {
                    "time": 200.189816
                }
            },
            {
                "time": {
                    "start": "2019-09-16T19:30:46.914Z",
                    "end": "2019-09-16T19:31:19.671Z"
                },
                "type": "SCRUB",
                "source": "data:drag",
                "_t": "13:30:46",
                "_end": "13:31:19",
                "data": {
                    "time": 197.13174418511255
                }
            },
            {
                "time": {
                    "start": "2019-09-16T19:30:46.914Z",
                    "end": "2019-09-16T19:31:20.455Z"
                },
                "type": "SCRUB",
                "source": "data:drag",
                "_t": "13:30:46",
                "_end": "13:31:20",
                "data": {
                    "time": 188.83784393414618
                }
            },
            {
                "time": {
                    "start": "2019-09-16T19:30:46.914Z",
                    "end": "2019-09-16T19:31:21.207Z"
                },
                "type": "SCRUB",
                "source": "data:drag",
                "_t": "13:30:46",
                "_end": "13:31:21",
                "data": {
                    "time": 183.71303710146552
                }
            },
            {
                "time": {
                    "start": "2019-09-16T19:30:46.914Z",
                    "end": "2019-09-16T19:31:23.258Z"
                },
                "type": "SCRUB",
                "source": "data:drag",
                "_t": "13:30:46",
                "_end": "13:31:23",
                "data": {
                    "time": 176.14434086365597
                }
            },
            {
                "time": "2019-09-16T19:31:23.639Z",
                "type": "PAUSE",
                "source": "video:button",
                "_t": "13:31:23",
                "_end": "-"
            },
            {
                "time": {
                    "start": "2019-09-16T19:30:46.914Z",
                    "end": "2019-09-16T19:31:27.825Z"
                },
                "type": "SCRUB",
                "source": "data:drag",
                "_t": "13:30:46",
                "_end": "13:31:27",
                "data": {
                    "time": 179.472793
                }
            },
            {
                "time": {
                    "start": "2019-09-16T19:30:46.914Z",
                    "end": "2019-09-16T19:31:34.343Z"
                },
                "type": "SCRUB",
                "source": "data:drag",
                "_t": "13:30:46",
                "_end": "13:31:34",
                "data": {
                    "time": 189.838877
                }
            },
            {
                "time": {
                    "start": "2019-09-16T19:30:46.914Z",
                    "end": "2019-09-16T19:31:41.247Z"
                },
                "type": "SCRUB",
                "source": "data:drag",
                "_t": "13:30:46",
                "_end": "13:31:41",
                "data": {
                    "time": 189.5949691409756
                }
            },
            {
                "time": {
                    "start": "2019-09-16T19:30:46.914Z",
                    "end": "2019-09-16T19:31:42.951Z"
                },
                "type": "SCRUB",
                "source": "data:drag",
                "_t": "13:30:46",
                "_end": "13:31:42",
                "data": {
                    "time": 13.426499211605613
                }
            },
            {
                "time": {
                    "start": "2019-09-16T19:30:46.914Z",
                    "end": "2019-09-16T19:31:43.731Z"
                },
                "type": "SCRUB",
                "source": "data:drag",
                "_t": "13:30:46",
                "_end": "13:31:43",
                "data": {
                    "time": 49.65000656892059
                }
            },
            {
                "time": {
                    "start": "2019-09-16T19:30:46.914Z",
                    "end": "2019-09-16T19:31:44.265Z"
                },
                "type": "SCRUB",
                "source": "data:drag",
                "_t": "13:30:46",
                "_end": "13:31:44",
                "data": {
                    "time": 93.75744418173693
                }
            },
            {
                "time": {
                    "start": "2019-09-16T19:30:46.914Z",
                    "end": "2019-09-16T19:31:44.682Z"
                },
                "type": "SCRUB",
                "source": "data:drag",
                "_t": "13:30:46",
                "_end": "13:31:44",
                "data": {
                    "time": 134.56215095881416
                }
            },
            {
                "time": {
                    "start": "2019-09-16T19:30:46.914Z",
                    "end": "2019-09-16T19:31:45.131Z"
                },
                "type": "SCRUB",
                "source": "data:drag",
                "_t": "13:30:46",
                "_end": "13:31:45",
                "data": {
                    "time": 166.09790345492956
                }
            },
            {
                "time": {
                    "start": "2019-09-16T19:30:46.914Z",
                    "end": "2019-09-16T19:31:46.114Z"
                },
                "type": "SCRUB",
                "source": "data:drag",
                "_t": "13:30:46",
                "_end": "13:31:46",
                "data": {
                    "time": 184.5292723124571
                }
            },
            {
                "time": {
                    "start": "2019-09-16T19:30:46.914Z",
                    "end": "2019-09-16T19:31:47.271Z"
                },
                "type": "SCRUB",
                "source": "data:drag",
                "_t": "13:30:46",
                "_end": "13:31:47",
                "data": {
                    "time": 187.7254634438202
                }
            },
            {
                "time": "2019-09-16T19:31:48.128Z",
                "type": "PLAY",
                "source": "video:button",
                "_t": "13:31:48",
                "_end": "-"
            },
            {
                "time": {
                    "start": "2019-09-16T19:30:46.914Z",
                    "end": "2019-09-16T19:31:50.317Z"
                },
                "type": "SCRUB",
                "source": "data:drag",
                "_t": "13:30:46",
                "_end": "13:31:50",
                "data": {
                    "time": 188.29697836496953
                }
            },
            {
                "time": {
                    "start": "2019-09-16T19:30:46.914Z",
                    "end": "2019-09-16T19:31:50.886Z"
                },
                "type": "SCRUB",
                "source": "data:drag",
                "_t": "13:30:46",
                "_end": "13:31:50",
                "data": {
                    "time": 185.55515727739385
                }
            },
            {
                "time": {
                    "start": "2019-09-16T19:30:46.914Z",
                    "end": "2019-09-16T19:32:14.677Z"
                },
                "type": "SCRUB",
                "source": "data:drag",
                "_t": "13:30:46",
                "_end": "13:32:14",
                "data": {
                    "time": 221.48563620427103
                }
            },
            {
                "time": {
                    "start": "2019-09-16T19:30:46.914Z",
                    "end": "2019-09-16T19:32:18.670Z"
                },
                "type": "SCRUB",
                "source": "data:drag",
                "_t": "13:30:46",
                "_end": "13:32:18",
                "data": {
                    "time": 227.079286
                }
            },
            {
                "time": {
                    "start": "2019-09-16T19:30:46.914Z",
                    "end": "2019-09-16T19:32:19.290Z"
                },
                "type": "SCRUB",
                "source": "data:drag",
                "_t": "13:30:46",
                "_end": "13:32:19",
                "data": {
                    "time": 228.26489070437881
                }
            },
            {
                "time": {
                    "start": "2019-09-16T19:30:46.914Z",
                    "end": "2019-09-16T19:32:20.205Z"
                },
                "type": "SCRUB",
                "source": "data:drag",
                "_t": "13:30:46",
                "_end": "13:32:20",
                "data": {
                    "time": 231.06261390509044
                }
            },
            {
                "time": {
                    "start": "2019-09-16T19:30:46.914Z",
                    "end": "2019-09-16T19:32:23.043Z"
                },
                "type": "SCRUB",
                "source": "data:drag",
                "_t": "13:30:46",
                "_end": "13:32:23",
                "data": {
                    "time": 228.819507
                }
            },
            {
                "time": {
                    "start": "2019-09-16T19:30:46.914Z",
                    "end": "2019-09-16T19:32:27.198Z"
                },
                "type": "SCRUB",
                "source": "data:drag",
                "_t": "13:30:46",
                "_end": "13:32:27",
                "data": {
                    "time": 230.42027361680294
                }
            },
            {
                "time": {
                    "start": "2019-09-16T19:30:46.914Z",
                    "end": "2019-09-16T19:32:36.793Z"
                },
                "type": "SCRUB",
                "source": "data:drag",
                "_t": "13:30:46",
                "_end": "13:32:36",
                "data": {
                    "time": 239.955544
                }
            },
            {
                "time": {
                    "start": "2019-09-16T19:30:46.914Z",
                    "end": "2019-09-16T19:32:38.317Z"
                },
                "type": "SCRUB",
                "source": "data:drag",
                "_t": "13:30:46",
                "_end": "13:32:38",
                "data": {
                    "time": 241.461482
                }
            },
            {
                "time": {
                    "start": "2019-09-16T19:30:46.914Z",
                    "end": "2019-09-16T19:32:39.504Z"
                },
                "type": "SCRUB",
                "source": "data:drag",
                "_t": "13:30:46",
                "_end": "13:32:39",
                "data": {
                    "time": 249.20466678462265
                }
            },
            {
                "time": {
                    "start": "2019-09-16T19:30:46.914Z",
                    "end": "2019-09-16T19:32:53.245Z"
                },
                "type": "SCRUB",
                "source": "data:drag",
                "_t": "13:30:46",
                "_end": "13:32:53",
                "data": {
                    "time": 256.8663471933773
                }
            },
            {
                "time": {
                    "start": "2019-09-16T19:30:46.914Z",
                    "end": "2019-09-16T19:32:55.924Z"
                },
                "type": "SCRUB",
                "source": "data:drag",
                "_t": "13:30:46",
                "_end": "13:32:55",
                "data": {
                    "time": 262.60985470437873
                }
            },
            {
                "time": {
                    "start": "2019-09-16T19:30:46.914Z",
                    "end": "2019-09-16T19:32:57.209Z"
                },
                "type": "SCRUB",
                "source": "data:drag",
                "_t": "13:30:46",
                "_end": "13:32:57",
                "data": {
                    "time": 266.8614736532596
                }
            },
            {
                "time": {
                    "start": "2019-09-16T19:30:46.914Z",
                    "end": "2019-09-16T19:33:03.032Z"
                },
                "type": "SCRUB",
                "source": "data:drag",
                "_t": "13:30:46",
                "_end": "13:33:03",
                "data": {
                    "time": 272.85742540142337
                }
            },
            {
                "time": {
                    "start": "2019-09-16T19:30:46.914Z",
                    "end": "2019-09-16T19:33:04.727Z"
                },
                "type": "SCRUB",
                "source": "data:drag",
                "_t": "13:30:46",
                "_end": "13:33:04",
                "data": {
                    "time": 275.841884
                }
            },
            {
                "time": {
                    "start": "2019-09-16T19:30:46.914Z",
                    "end": "2019-09-16T19:33:05.831Z"
                },
                "type": "SCRUB",
                "source": "data:drag",
                "_t": "13:30:46",
                "_end": "13:33:05",
                "data": {
                    "time": 279.30678772261155
                }
            },
            {
                "time": {
                    "start": "2019-09-16T19:30:46.914Z",
                    "end": "2019-09-16T19:33:10.061Z"
                },
                "type": "SCRUB",
                "source": "data:drag",
                "_t": "13:30:46",
                "_end": "13:33:10",
                "data": {
                    "time": 286.020523
                }
            },
            {
                "time": {
                    "start": "2019-09-16T19:30:46.914Z",
                    "end": "2019-09-16T19:33:11.131Z"
                },
                "type": "SCRUB",
                "source": "data:drag",
                "_t": "13:30:46",
                "_end": "13:33:11",
                "data": {
                    "time": 288.925661
                }
            },
            {
                "time": {
                    "start": "2019-09-16T19:30:46.914Z",
                    "end": "2019-09-16T19:33:11.995Z"
                },
                "type": "SCRUB",
                "source": "data:drag",
                "_t": "13:30:46",
                "_end": "13:33:11",
                "data": {
                    "time": 291.123147
                }
            },
            {
                "time": {
                    "start": "2019-09-16T19:30:46.914Z",
                    "end": "2019-09-16T19:33:12.786Z"
                },
                "type": "SCRUB",
                "source": "data:drag",
                "_t": "13:30:46",
                "_end": "13:33:12",
                "data": {
                    "time": 293.0017005656822
                }
            },
            {
                "time": {
                    "start": "2019-09-16T19:30:46.914Z",
                    "end": "2019-09-16T19:33:13.648Z"
                },
                "type": "SCRUB",
                "source": "data:drag",
                "_t": "13:30:46",
                "_end": "13:33:13",
                "data": {
                    "time": 289.406938
                }
            },
            {
                "time": {
                    "start": "2019-09-16T19:30:46.914Z",
                    "end": "2019-09-16T19:33:14.574Z"
                },
                "type": "SCRUB",
                "source": "data:drag",
                "_t": "13:30:46",
                "_end": "13:33:14",
                "data": {
                    "time": 289.184617
                }
            },
            {
                "time": {
                    "start": "2019-09-16T19:30:46.914Z",
                    "end": "2019-09-16T19:33:22.558Z"
                },
                "type": "SCRUB",
                "source": "data:drag",
                "_t": "13:30:46",
                "_end": "13:33:22",
                "data": {
                    "time": 299.3222779050916
                }
            },
            {
                "time": {
                    "start": "2019-09-16T19:30:46.914Z",
                    "end": "2019-09-16T19:33:24.448Z"
                },
                "type": "SCRUB",
                "source": "data:drag",
                "_t": "13:30:46",
                "_end": "13:33:24",
                "data": {
                    "time": 295.02017366792273
                }
            },
            {
                "time": {
                    "start": "2019-09-16T19:30:46.914Z",
                    "end": "2019-09-16T19:33:26.553Z"
                },
                "type": "SCRUB",
                "source": "data:drag",
                "_t": "13:30:46",
                "_end": "13:33:26",
                "data": {
                    "time": 293.219481
                }
            },
            {
                "time": {
                    "start": "2019-09-16T19:30:46.914Z",
                    "end": "2019-09-16T19:33:36.958Z"
                },
                "type": "SCRUB",
                "source": "data:drag",
                "_t": "13:30:46",
                "_end": "13:33:36",
                "data": {
                    "time": 304.482993
                }
            },
            {
                "time": {
                    "start": "2019-09-16T19:30:46.914Z",
                    "end": "2019-09-16T19:33:38.308Z"
                },
                "type": "SCRUB",
                "source": "data:drag",
                "_t": "13:30:46",
                "_end": "13:33:38",
                "data": {
                    "time": 306.084807
                }
            },
            {
                "time": {
                    "start": "2019-09-16T19:30:46.914Z",
                    "end": "2019-09-16T19:33:39.589Z"
                },
                "type": "SCRUB",
                "source": "data:drag",
                "_t": "13:30:46",
                "_end": "13:33:39",
                "data": {
                    "time": 310.88850147077324
                }
            },
            {
                "time": {
                    "start": "2019-09-16T19:30:46.914Z",
                    "end": "2019-09-16T19:33:41.771Z"
                },
                "type": "SCRUB",
                "source": "data:drag",
                "_t": "13:30:46",
                "_end": "13:33:41",
                "data": {
                    "time": 326.68250583930006
                }
            },
            {
                "time": {
                    "start": "2019-09-16T19:30:46.914Z",
                    "end": "2019-09-16T19:33:42.544Z"
                },
                "type": "SCRUB",
                "source": "data:drag",
                "_t": "13:30:46",
                "_end": "13:33:42",
                "data": {
                    "time": 341.6266102042623
                }
            },
            {
                "time": {
                    "start": "2019-09-16T19:30:46.914Z",
                    "end": "2019-09-16T19:33:43.390Z"
                },
                "type": "SCRUB",
                "source": "data:drag",
                "_t": "13:30:46",
                "_end": "13:33:43",
                "data": {
                    "time": 353.4525171860434
                }
            },
            {
                "time": {
                    "start": "2019-09-16T19:30:46.914Z",
                    "end": "2019-09-16T19:33:44.163Z"
                },
                "type": "SCRUB",
                "source": "data:drag",
                "_t": "13:30:46",
                "_end": "13:33:44",
                "data": {
                    "time": 363.70760321160816
                }
            },
            {
                "time": {
                    "start": "2019-09-16T19:30:46.914Z",
                    "end": "2019-09-16T19:33:44.681Z"
                },
                "type": "SCRUB",
                "source": "data:drag",
                "_t": "13:30:46",
                "_end": "13:33:44",
                "data": {
                    "time": 374.36157364948104
                }
            },
            {
                "time": {
                    "start": "2019-09-16T19:30:46.914Z",
                    "end": "2019-09-16T19:33:45.833Z"
                },
                "type": "SCRUB",
                "source": "data:drag",
                "_t": "13:30:46",
                "_end": "13:33:45",
                "data": {
                    "time": 382.34372830653257
                }
            },
            {
                "time": {
                    "start": "2019-09-16T19:30:46.914Z",
                    "end": "2019-09-16T19:33:46.424Z"
                },
                "type": "SCRUB",
                "source": "data:drag",
                "_t": "13:30:46",
                "_end": "13:33:46",
                "data": {
                    "time": 393.98893436854104
                }
            },
            {
                "time": {
                    "start": "2019-09-16T19:30:46.914Z",
                    "end": "2019-09-16T19:33:48.025Z"
                },
                "type": "SCRUB",
                "source": "data:drag",
                "_t": "13:30:46",
                "_end": "13:33:48",
                "data": {
                    "time": 398.6766809926843
                }
            },
            {
                "time": {
                    "start": "2019-09-16T19:30:46.914Z",
                    "end": "2019-09-16T19:33:48.857Z"
                },
                "type": "SCRUB",
                "source": "data:drag",
                "_t": "13:30:46",
                "_end": "13:33:48",
                "data": {
                    "time": 403.25788828096927
                }
            },
            {
                "time": {
                    "start": "2019-09-16T19:30:46.914Z",
                    "end": "2019-09-16T19:33:49.641Z"
                },
                "type": "SCRUB",
                "source": "data:drag",
                "_t": "13:30:46",
                "_end": "13:33:49",
                "data": {
                    "time": 407.19985706198827
                }
            },
            {
                "time": {
                    "start": "2019-09-16T19:30:46.914Z",
                    "end": "2019-09-16T19:33:50.593Z"
                },
                "type": "SCRUB",
                "source": "data:drag",
                "_t": "13:30:46",
                "_end": "13:33:50",
                "data": {
                    "time": 413.5394508539658
                }
            },
            {
                "time": {
                    "start": "2019-09-16T19:30:46.914Z",
                    "end": "2019-09-16T19:33:51.699Z"
                },
                "type": "SCRUB",
                "source": "data:drag",
                "_t": "13:30:46",
                "_end": "13:33:51",
                "data": {
                    "time": 418.74785810580437
                }
            },
            {
                "time": {
                    "start": "2019-09-16T19:30:46.914Z",
                    "end": "2019-09-16T19:33:52.401Z"
                },
                "type": "SCRUB",
                "source": "data:drag",
                "_t": "13:30:46",
                "_end": "13:33:52",
                "data": {
                    "time": 424.7413350364639
                }
            },
            {
                "time": {
                    "start": "2019-09-16T19:30:46.914Z",
                    "end": "2019-09-16T19:33:53.274Z"
                },
                "type": "SCRUB",
                "source": "data:drag",
                "_t": "13:30:46",
                "_end": "13:33:53",
                "data": {
                    "time": 429.4180914707719
                }
            },
            {
                "time": {
                    "start": "2019-09-16T19:30:46.914Z",
                    "end": "2019-09-16T19:33:53.860Z"
                },
                "type": "SCRUB",
                "source": "data:drag",
                "_t": "13:30:46",
                "_end": "13:33:53",
                "data": {
                    "time": 438.010937941571
                }
            },
            {
                "time": {
                    "start": "2019-09-16T19:30:46.914Z",
                    "end": "2019-09-16T19:33:54.642Z"
                },
                "type": "SCRUB",
                "source": "data:drag",
                "_t": "13:30:46",
                "_end": "13:33:54",
                "data": {
                    "time": 447.4156855765741
                }
            },
            {
                "time": {
                    "start": "2019-09-16T19:30:46.914Z",
                    "end": "2019-09-16T19:33:55.381Z"
                },
                "type": "SCRUB",
                "source": "data:drag",
                "_t": "13:30:46",
                "_end": "13:33:55",
                "data": {
                    "time": 462.03931609111
                }
            },
            {
                "time": {
                    "start": "2019-09-16T19:30:46.914Z",
                    "end": "2019-09-16T19:33:56.018Z"
                },
                "type": "SCRUB",
                "source": "data:drag",
                "_t": "13:30:46",
                "_end": "13:33:56",
                "data": {
                    "time": 475.9171271604604
                }
            },
            {
                "time": {
                    "start": "2019-09-16T19:30:46.914Z",
                    "end": "2019-09-16T19:33:56.561Z"
                },
                "type": "SCRUB",
                "source": "data:drag",
                "_t": "13:30:46",
                "_end": "13:33:56",
                "data": {
                    "time": 484.89236175905893
                }
            },
            {
                "time": {
                    "start": "2019-09-16T19:30:46.914Z",
                    "end": "2019-09-16T19:33:57.147Z"
                },
                "type": "SCRUB",
                "source": "data:drag",
                "_t": "13:30:46",
                "_end": "13:33:57",
                "data": {
                    "time": 490.03537540143566
                }
            },
            {
                "time": {
                    "start": "2019-09-16T19:30:46.914Z",
                    "end": "2019-09-16T19:33:57.851Z"
                },
                "type": "SCRUB",
                "source": "data:drag",
                "_t": "13:30:46",
                "_end": "13:33:57",
                "data": {
                    "time": 498.8013633503052
                }
            },
            {
                "time": {
                    "start": "2019-09-16T19:30:46.914Z",
                    "end": "2019-09-16T19:34:01.490Z"
                },
                "type": "SCRUB",
                "source": "data:drag",
                "_t": "13:30:46",
                "_end": "13:34:01",
                "data": {
                    "time": 486.580363
                }
            }
        ]
    }
}