[{"time":33.49375,"endTime":37.738167,"type":"cutting","id":1},{"time":51.322514,"endTime":53.325577,"type":"measuring","id":2},{"time":59.374222,"endTime":64.761993,"type":"cutting","id":3},{"time":69.51191,"endTime":76.204681,"type":"cutting","id":4},{"time":79.473577,"endTime":81.801827,"type":"cutting","id":5},{"time":82.618139,"endTime":85.878056,"type":"cutting","id":6},{"time":87.795556,"endTime":89.221972,"type":"cutting","id":7},{"time":89.670035,"endTime":92.203577,"type":"cutting","id":8},{"time":94.609389,"endTime":95.951347,"type":"cutting","id":9},{"time":172.358479,"endTime":174.402875,"type":"cutting","id":10},{"time":175.381917,"endTime":177.542521,"type":"cutting","id":11},{"time":180.225979,"endTime":182.426875,"type":"cutting","id":12},{"time":182.426875,"endTime":189.040958,"type":"cutting","id":13},{"time":194.020021,"endTime":195.970833,"type":"cutting","id":14},{"time":195.970833,"endTime":199.474417,"type":"cutting","id":15},{"time":231.616559,"endTime":237.004455,"type":"cutting","id":16},{"time":271.889307,"endTime":282.975703,"type":"cutting","id":17}]