{
    "user_id": "Maroon 3",
    "session_id": "5d7bcedf81249f67dd06ad12",
    "study": "studyE",
    "workspace": "drywall.drywall-orange",
    "details": {
        "workspace": "drywall.drywall-orange",
        "labels": [
            {
                "time": 33.49375,
                "endTime": 37.738167,
                "type": "cutting",
                "id": 1
            },
            {
                "time": 51.322514,
                "endTime": 53.325577,
                "type": "measuring",
                "id": 2
            },
            {
                "time": 59.374222,
                "endTime": 64.761993,
                "type": "cutting",
                "id": 3
            },
            {
                "time": 69.51191,
                "endTime": 76.204681,
                "type": "cutting",
                "id": 4
            },
            {
                "time": 79.473577,
                "endTime": 81.801827,
                "type": "cutting",
                "id": 5
            },
            {
                "time": 82.618139,
                "endTime": 85.878056,
                "type": "cutting",
                "id": 6
            },
            {
                "time": 87.795556,
                "endTime": 89.221972,
                "type": "cutting",
                "id": 7
            },
            {
                "time": 89.670035,
                "endTime": 92.203577,
                "type": "cutting",
                "id": 8
            },
            {
                "time": 94.609389,
                "endTime": 95.951347,
                "type": "cutting",
                "id": 9
            },
            {
                "time": 172.358479,
                "endTime": 174.402875,
                "type": "cutting",
                "id": 10
            },
            {
                "time": 175.381917,
                "endTime": 177.542521,
                "type": "cutting",
                "id": 11
            },
            {
                "time": 180.225979,
                "endTime": 182.426875,
                "type": "cutting",
                "id": 12
            },
            {
                "time": 182.426875,
                "endTime": 189.040958,
                "type": "cutting",
                "id": 13
            },
            {
                "time": 194.020021,
                "endTime": 195.970833,
                "type": "cutting",
                "id": 14
            },
            {
                "time": 195.970833,
                "endTime": 199.474417,
                "type": "cutting",
                "id": 15
            },
            {
                "time": 231.616559,
                "endTime": 237.004455,
                "type": "cutting",
                "id": 16
            },
            {
                "time": 271.889307,
                "endTime": 282.975703,
                "type": "cutting",
                "id": 17
            }
        ],
        "_starts": [
            "2019-09-13T17:34:18.000Z"
        ],
        "_ends": [
            "2019-09-13T17:38:16.309Z"
        ]
    },
    "labels_file": "/home/ubuntu/vat/data/user-studies/studyE/drywall-orange/Maroon 3.labels.json",
    "videoFlash": 3.411767,
    "surveys": {
        "user-info": {
            "firstname": "Marc",
            "lastname": "Terry",
            "email": "cramterry5@gmail.com"
        },
        "practice-first": {
            "question1": "5",
            "question2": "ok",
            "question3": "60",
            "question4": "3"
        },
        "practice-second": {},
        "practice-third": {},
        "practice-survey": {},
        "drywall-blue": {
            "question1": "4",
            "question2": "3",
            "question3": "20",
            "question4": "50"
        },
        "drywall-red": {
            "question1": "2",
            "question2": "3",
            "question3": "50",
            "question4": "70"
        }
    },
    "logs": {
        "labelEvents": [
            {
                "time": "2019-09-13T17:35:31.937Z",
                "type": "START",
                "source": "hotkey",
                "_t": "11:35:31",
                "_end": "-",
                "data": {
                    "type": "cutting",
                    "time": 33.49375
                }
            },
            {
                "time": "2019-09-13T17:35:36.208Z",
                "type": "END",
                "source": "hotkey:ctb",
                "_t": "11:35:36",
                "_end": "-",
                "data": {
                    "lbl": {
                        "time": 33.49375,
                        "endTime": 37.738167,
                        "type": "cutting",
                        "id": 1
                    },
                    "key": "enter"
                }
            },
            {
                "time": "2019-09-13T17:35:37.442Z",
                "type": "START",
                "source": "hotkey",
                "_t": "11:35:37",
                "_end": "-",
                "data": {
                    "type": "cutting",
                    "time": 38.959521
                }
            },
            {
                "time": "2019-09-13T17:35:38.223Z",
                "type": "END",
                "source": "hotkey:ctb",
                "_t": "11:35:38",
                "_end": "-",
                "data": {
                    "lbl": {
                        "time": 38.959521,
                        "endTime": 39.732334,
                        "type": "cutting",
                        "id": 2
                    },
                    "key": "enter"
                }
            },
            {
                "time": "2019-09-13T17:35:41.730Z",
                "type": "SELECT",
                "source": "data:click",
                "_t": "11:35:41",
                "_end": "-",
                "data": {
                    "time": 38.959521,
                    "endTime": 39.732334,
                    "type": "cutting",
                    "id": 2
                }
            },
            {
                "time": "2019-09-13T17:35:42.967Z",
                "type": "DELETE",
                "source": "side-bar:button",
                "_t": "11:35:42",
                "_end": "-",
                "data": {
                    "id": 2,
                    "idx": 1
                }
            },
            {
                "time": "2019-09-13T17:35:49.018Z",
                "type": "START",
                "source": "hotkey",
                "_t": "11:35:49",
                "_end": "-",
                "data": {
                    "type": "measuring",
                    "time": 51.322514
                }
            },
            {
                "time": "2019-09-13T17:35:51.021Z",
                "type": "END",
                "source": "hotkey:ctb",
                "_t": "11:35:51",
                "_end": "-",
                "data": {
                    "lbl": {
                        "time": 51.322514,
                        "endTime": 53.325577,
                        "type": "measuring",
                        "id": 2
                    },
                    "key": "enter"
                }
            },
            {
                "time": "2019-09-13T17:35:57.075Z",
                "type": "START",
                "source": "hotkey",
                "_t": "11:35:57",
                "_end": "-",
                "data": {
                    "type": "cutting",
                    "time": 59.374222
                }
            },
            {
                "time": "2019-09-13T17:36:02.466Z",
                "type": "END",
                "source": "hotkey:ctb",
                "_t": "11:36:02",
                "_end": "-",
                "data": {
                    "lbl": {
                        "time": 59.374222,
                        "endTime": 64.761993,
                        "type": "cutting",
                        "id": 3
                    },
                    "key": "enter"
                }
            },
            {
                "time": "2019-09-13T17:36:07.203Z",
                "type": "START",
                "source": "hotkey",
                "_t": "11:36:07",
                "_end": "-",
                "data": {
                    "type": "cutting",
                    "time": 69.51191
                }
            },
            {
                "time": "2019-09-13T17:36:13.943Z",
                "type": "END",
                "source": "hotkey:ctb",
                "_t": "11:36:13",
                "_end": "-",
                "data": {
                    "lbl": {
                        "time": 69.51191,
                        "endTime": 76.204681,
                        "type": "cutting",
                        "id": 4
                    },
                    "key": "enter"
                }
            },
            {
                "time": "2019-09-13T17:36:17.189Z",
                "type": "START",
                "source": "hotkey",
                "_t": "11:36:17",
                "_end": "-",
                "data": {
                    "type": "cutting",
                    "time": 79.473577
                }
            },
            {
                "time": "2019-09-13T17:36:19.521Z",
                "type": "END",
                "source": "hotkey:ctb",
                "_t": "11:36:19",
                "_end": "-",
                "data": {
                    "lbl": {
                        "time": 79.473577,
                        "endTime": 81.801827,
                        "type": "cutting",
                        "id": 5
                    },
                    "key": "enter"
                }
            },
            {
                "time": "2019-09-13T17:36:20.339Z",
                "type": "START",
                "source": "hotkey",
                "_t": "11:36:20",
                "_end": "-",
                "data": {
                    "type": "cutting",
                    "time": 82.618139
                }
            },
            {
                "time": "2019-09-13T17:36:23.588Z",
                "type": "END",
                "source": "hotkey:ctb",
                "_t": "11:36:23",
                "_end": "-",
                "data": {
                    "lbl": {
                        "time": 82.618139,
                        "endTime": 85.878056,
                        "type": "cutting",
                        "id": 6
                    },
                    "key": "enter"
                }
            },
            {
                "time": "2019-09-13T17:36:25.492Z",
                "type": "START",
                "source": "hotkey",
                "_t": "11:36:25",
                "_end": "-",
                "data": {
                    "type": "cutting",
                    "time": 87.795556
                }
            },
            {
                "time": "2019-09-13T17:36:26.926Z",
                "type": "END",
                "source": "hotkey:ctb",
                "_t": "11:36:26",
                "_end": "-",
                "data": {
                    "lbl": {
                        "time": 87.795556,
                        "endTime": 89.221972,
                        "type": "cutting",
                        "id": 7
                    },
                    "key": "enter"
                }
            },
            {
                "time": "2019-09-13T17:36:27.394Z",
                "type": "START",
                "source": "hotkey",
                "_t": "11:36:27",
                "_end": "-",
                "data": {
                    "type": "cutting",
                    "time": 89.670035
                }
            },
            {
                "time": "2019-09-13T17:36:29.905Z",
                "type": "END",
                "source": "hotkey:ctb",
                "_t": "11:36:29",
                "_end": "-",
                "data": {
                    "lbl": {
                        "time": 89.670035,
                        "endTime": 92.203577,
                        "type": "cutting",
                        "id": 8
                    },
                    "key": "enter"
                }
            },
            {
                "time": "2019-09-13T17:36:32.303Z",
                "type": "START",
                "source": "hotkey",
                "_t": "11:36:32",
                "_end": "-",
                "data": {
                    "type": "cutting",
                    "time": 94.609389
                }
            },
            {
                "time": "2019-09-13T17:36:33.680Z",
                "type": "END",
                "source": "hotkey:ctb",
                "_t": "11:36:33",
                "_end": "-",
                "data": {
                    "lbl": {
                        "time": 94.609389,
                        "endTime": 95.951347,
                        "type": "cutting",
                        "id": 9
                    },
                    "key": "enter"
                }
            },
            {
                "time": "2019-09-13T17:36:55.812Z",
                "type": "START",
                "source": "hotkey",
                "_t": "11:36:55",
                "_end": "-",
                "data": {
                    "type": "cutting",
                    "time": 172.358479
                }
            },
            {
                "time": "2019-09-13T17:36:57.876Z",
                "type": "END",
                "source": "hotkey:ctb",
                "_t": "11:36:57",
                "_end": "-",
                "data": {
                    "lbl": {
                        "time": 172.358479,
                        "endTime": 174.402875,
                        "type": "cutting",
                        "id": 10
                    },
                    "key": "enter"
                }
            },
            {
                "time": "2019-09-13T17:36:58.830Z",
                "type": "START",
                "source": "hotkey",
                "_t": "11:36:58",
                "_end": "-",
                "data": {
                    "type": "cutting",
                    "time": 175.381917
                }
            },
            {
                "time": "2019-09-13T17:37:00.995Z",
                "type": "END",
                "source": "hotkey:ctb",
                "_t": "11:37:00",
                "_end": "-",
                "data": {
                    "lbl": {
                        "time": 175.381917,
                        "endTime": 177.542521,
                        "type": "cutting",
                        "id": 11
                    },
                    "key": "enter"
                }
            },
            {
                "time": "2019-09-13T17:37:03.701Z",
                "type": "START",
                "source": "hotkey",
                "_t": "11:37:03",
                "_end": "-",
                "data": {
                    "type": "cutting",
                    "time": 180.225979
                }
            },
            {
                "time": "2019-09-13T17:37:05.871Z",
                "type": "START",
                "source": "hotkey",
                "_t": "11:37:05",
                "_end": "-",
                "data": {
                    "type": "cutting",
                    "time": 182.426875
                }
            },
            {
                "time": "2019-09-13T17:37:12.552Z",
                "type": "END",
                "source": "hotkey:ctb",
                "_t": "11:37:12",
                "_end": "-",
                "data": {
                    "lbl": {
                        "time": 182.426875,
                        "endTime": 189.040958,
                        "type": "cutting",
                        "id": 13
                    },
                    "key": "enter"
                }
            },
            {
                "time": "2019-09-13T17:37:17.537Z",
                "type": "START",
                "source": "hotkey",
                "_t": "11:37:17",
                "_end": "-",
                "data": {
                    "type": "cutting",
                    "time": 194.020021
                }
            },
            {
                "time": "2019-09-13T17:37:19.442Z",
                "type": "START",
                "source": "hotkey",
                "_t": "11:37:19",
                "_end": "-",
                "data": {
                    "type": "cutting",
                    "time": 195.970833
                }
            },
            {
                "time": "2019-09-13T17:37:22.915Z",
                "type": "END",
                "source": "hotkey:ctb",
                "_t": "11:37:22",
                "_end": "-",
                "data": {
                    "lbl": {
                        "time": 195.970833,
                        "endTime": 199.474417,
                        "type": "cutting",
                        "id": 15
                    },
                    "key": "enter"
                }
            },
            {
                "time": "2019-09-13T17:37:35.334Z",
                "type": "START",
                "source": "hotkey",
                "_t": "11:37:35",
                "_end": "-",
                "data": {
                    "type": "cutting",
                    "time": 231.616559
                }
            },
            {
                "time": "2019-09-13T17:37:40.709Z",
                "type": "END",
                "source": "hotkey:ctb",
                "_t": "11:37:40",
                "_end": "-",
                "data": {
                    "lbl": {
                        "time": 231.616559,
                        "endTime": 237.004455,
                        "type": "cutting",
                        "id": 16
                    },
                    "key": "enter"
                }
            },
            {
                "time": "2019-09-13T17:38:00.007Z",
                "type": "START",
                "source": "hotkey",
                "_t": "11:38:00",
                "_end": "-",
                "data": {
                    "type": "cutting",
                    "time": 271.889307
                }
            },
            {
                "time": "2019-09-13T17:38:11.079Z",
                "type": "END",
                "source": "hotkey:ctb",
                "_t": "11:38:11",
                "_end": "-",
                "data": {
                    "lbl": {
                        "time": 271.889307,
                        "endTime": 282.975703,
                        "type": "cutting",
                        "id": 17
                    },
                    "key": "enter"
                }
            }
        ],
        "navigationEvents": [
            {
                "time": {
                    "start": "2019-09-13T17:34:18.574Z",
                    "end": "2019-09-13T17:35:17.932Z"
                },
                "type": "SCRUB",
                "source": "data:drag",
                "_t": "11:34:18",
                "_end": "11:35:17",
                "data": {
                    "time": 17.31451496438926
                }
            },
            {
                "time": {
                    "start": "2019-09-13T17:34:18.574Z",
                    "end": "2019-09-13T17:35:24.297Z"
                },
                "type": "SCRUB",
                "source": "data:drag",
                "_t": "11:34:18",
                "_end": "11:35:24",
                "data": {
                    "time": 32.395229
                }
            },
            {
                "time": {
                    "start": "2019-09-13T17:34:18.574Z",
                    "end": "2019-09-13T17:35:27.782Z"
                },
                "type": "SCRUB",
                "source": "data:drag",
                "_t": "11:34:18",
                "_end": "11:35:27",
                "data": {
                    "time": 27.600163
                }
            },
            {
                "time": {
                    "start": "2019-09-13T17:34:18.574Z",
                    "end": "2019-09-13T17:35:31.320Z"
                },
                "type": "SCRUB",
                "source": "data:drag",
                "_t": "11:34:18",
                "_end": "11:35:31",
                "data": {
                    "time": 32.847417
                }
            },
            {
                "time": "2019-09-13T17:35:40.371Z",
                "type": "PAUSE",
                "source": "hotkey",
                "_t": "11:35:40",
                "_end": "-",
                "data": {
                    "key": "space"
                }
            },
            {
                "time": {
                    "start": "2019-09-13T17:34:18.574Z",
                    "end": "2019-09-13T17:35:41.727Z"
                },
                "type": "SCRUB",
                "source": "data:drag",
                "_t": "11:34:18",
                "_end": "11:35:41",
                "data": {
                    "time": 41.890604
                }
            },
            {
                "time": {
                    "start": "2019-09-13T17:34:18.574Z",
                    "end": "2019-09-13T17:35:47.056Z"
                },
                "type": "SCRUB",
                "source": "data:drag",
                "_t": "11:34:18",
                "_end": "11:35:47",
                "data": {
                    "time": 49.573702
                }
            },
            {
                "time": "2019-09-13T17:35:47.246Z",
                "type": "PLAY",
                "source": "hotkey",
                "_t": "11:35:47",
                "_end": "-",
                "data": {
                    "key": "space"
                }
            },
            {
                "time": {
                    "start": "2019-09-13T17:34:18.574Z",
                    "end": "2019-09-13T17:36:52.656Z"
                },
                "type": "SCRUB",
                "source": "data:drag",
                "_t": "11:34:18",
                "_end": "11:36:52",
                "data": {
                    "time": 169.187854
                }
            },
            {
                "time": {
                    "start": "2019-09-13T17:34:18.574Z",
                    "end": "2019-09-13T17:37:34.288Z"
                },
                "type": "SCRUB",
                "source": "data:drag",
                "_t": "11:34:18",
                "_end": "11:37:34",
                "data": {
                    "time": 230.522434
                }
            },
            {
                "time": {
                    "start": "2019-09-13T17:34:18.574Z",
                    "end": "2019-09-13T17:37:59.967Z"
                },
                "type": "SCRUB",
                "source": "data:drag",
                "_t": "11:34:18",
                "_end": "11:37:59",
                "data": {
                    "time": 271.849474
                }
            }
        ]
    }
}