{
    "user_id": "olive5",
    "session_id": "5d7fb3f381249f67dd06ad69",
    "study": "studyE",
    "workspace": "drywall.drywall-orange",
    "details": {
        "workspace": "drywall.drywall-orange",
        "labels": [
            {
                "time": 33.09025300000002,
                "endTime": 37.81303242595505,
                "type": "cutting",
                "id": 1
            },
            {
                "time": 50.91119,
                "endTime": 52.712406996336995,
                "type": "measuring",
                "id": 2
            },
            {
                "time": 58.79278,
                "endTime": 62.54575212244897,
                "type": "cutting",
                "id": 3
            },
            {
                "time": 72.60934056305598,
                "endTime": 95.26287270015696,
                "type": "cutting",
                "id": 4
            },
            {
                "time": 185.013704,
                "endTime": 190.934540848247,
                "type": "cutting",
                "id": 5
            }
        ],
        "_starts": [
            "2019-09-16T16:27:47.000Z"
        ],
        "_ends": [
            "2019-09-16T16:31:11.367Z"
        ]
    },
    "labels_file": "/home/ubuntu/vat/data/user-studies/studyE/drywall-orange/olive5.labels.json",
    "videoFlash": 3.411767,
    "surveys": {
        "user-info": {
            "firstname": "Aarohi",
            "lastname": "Bhatt",
            "email": "aarohibhatt2002@gmail.com"
        },
        "practice-first": {
            "question1": "4",
            "question2": "ok",
            "question3": "50",
            "question4": "4"
        },
        "practice-second": {},
        "practice-third": {},
        "practice-survey": {},
        "drywall-blue": {
            "question1": "2",
            "question2": "2",
            "question3": "40",
            "question4": "60"
        },
        "drywall-red": {
            "question1": "3",
            "question2": "3",
            "question3": "30",
            "question4": "50"
        },
        "drywall-orange": {
            "question1": "1",
            "question2": "3",
            "question3": "40",
            "question4": "50"
        }
    },
    "logs": {
        "labelEvents": [
            {
                "time": "2019-09-16T16:28:47.521Z",
                "type": "START",
                "source": "side-bar:button",
                "_t": "10:28:47",
                "_end": "-",
                "data": {
                    "type": "cutting",
                    "time": 32.839602
                }
            },
            {
                "time": "2019-09-16T16:29:31.284Z",
                "type": "END",
                "source": "data:click:h_pos",
                "_t": "10:29:31",
                "_end": "-",
                "data": {
                    "lbl": {
                        "time": 33.09025300000002,
                        "endTime": 37.81303242595505,
                        "type": "cutting",
                        "id": 1
                    }
                }
            },
            {
                "time": "2019-09-16T16:29:38.097Z",
                "type": "SELECT",
                "source": "data:click",
                "_t": "10:29:38",
                "_end": "-",
                "data": {
                    "time": 33.09025300000002,
                    "endTime": 37.81303242595505,
                    "type": "cutting",
                    "id": 1
                }
            },
            {
                "time": {
                    "start": "2019-09-16T16:29:38.968Z",
                    "end": "2019-09-16T16:29:39.959Z"
                },
                "type": "RESIZE",
                "source": "data:brush",
                "_t": "10:29:38",
                "_end": "10:29:39",
                "data": {
                    "brushing": true,
                    "origin": [
                        32.839602,
                        37.405391996337
                    ],
                    "start": "2019-09-16T16:29:38.968Z",
                    "ε": 0.1,
                    "mode": "resize"
                }
            },
            {
                "time": "2019-09-16T16:29:42.710Z",
                "type": "DESELECT",
                "source": "side-bar:button",
                "_t": "10:29:42",
                "_end": "-",
                "data": {
                    "time": 33.09025300000002,
                    "endTime": 37.81303242595505,
                    "type": "cutting",
                    "id": 1
                }
            },
            {
                "time": "2019-09-16T16:29:57.212Z",
                "type": "START",
                "source": "side-bar:button",
                "_t": "10:29:57",
                "_end": "-",
                "data": {
                    "type": "measuring",
                    "time": 50.91119
                }
            },
            {
                "time": "2019-09-16T16:30:12.190Z",
                "type": "END",
                "source": "data:click:h_pos",
                "_t": "10:30:12",
                "_end": "-",
                "data": {
                    "lbl": {
                        "time": 50.91119,
                        "endTime": 52.712406996336995,
                        "type": "measuring",
                        "id": 2
                    }
                }
            },
            {
                "time": "2019-09-16T16:30:23.492Z",
                "type": "START",
                "source": "side-bar:button",
                "_t": "10:30:23",
                "_end": "-",
                "data": {
                    "type": "cutting",
                    "time": 58.79278
                }
            },
            {
                "time": "2019-09-16T16:30:27.699Z",
                "type": "END",
                "source": "data:click:h_pos",
                "_t": "10:30:27",
                "_end": "-",
                "data": {
                    "lbl": {
                        "time": 58.79278,
                        "endTime": 62.54575212244897,
                        "type": "cutting",
                        "id": 3
                    }
                }
            },
            {
                "time": "2019-09-16T16:30:32.863Z",
                "type": "START",
                "source": "side-bar:button",
                "_t": "10:30:32",
                "_end": "-",
                "data": {
                    "type": "cutting",
                    "time": 72.974813
                }
            },
            {
                "time": "2019-09-16T16:30:40.819Z",
                "type": "END",
                "source": "data:click:h_pos",
                "_t": "10:30:40",
                "_end": "-",
                "data": {
                    "lbl": {
                        "time": 72.60934056305598,
                        "endTime": 95.26287270015696,
                        "type": "cutting",
                        "id": 4
                    }
                }
            },
            {
                "time": "2019-09-16T16:30:41.898Z",
                "type": "SELECT",
                "source": "data:click",
                "_t": "10:30:41",
                "_end": "-",
                "data": {
                    "time": 72.60934056305598,
                    "endTime": 95.26287270015696,
                    "type": "cutting",
                    "id": 4
                }
            },
            {
                "time": {
                    "start": "2019-09-16T16:30:43.009Z",
                    "end": "2019-09-16T16:30:45.009Z"
                },
                "type": "MOVE",
                "source": "data:brush",
                "_t": "10:30:43",
                "_end": "10:30:45",
                "data": {
                    "brushing": true,
                    "origin": [
                        72.974813,
                        94.843397989011
                    ],
                    "start": "2019-09-16T16:30:43.009Z",
                    "ε": 0.1,
                    "mode": "move"
                }
            },
            {
                "time": "2019-09-16T16:30:45.566Z",
                "type": "DESELECT",
                "source": "data:click",
                "_t": "10:30:45",
                "_end": "-",
                "data": {
                    "time": 73.126309711146,
                    "endTime": 94.99489470015698,
                    "type": "cutting",
                    "id": 4
                }
            },
            {
                "time": "2019-09-16T16:30:46.314Z",
                "type": "SELECT",
                "source": "data:click",
                "_t": "10:30:46",
                "_end": "-",
                "data": {
                    "time": 72.60934056305598,
                    "endTime": 95.26287270015696,
                    "type": "cutting",
                    "id": 4
                }
            },
            {
                "time": {
                    "start": "2019-09-16T16:30:47.260Z",
                    "end": "2019-09-16T16:30:48.672Z"
                },
                "type": "RESIZE",
                "source": "data:brush",
                "_t": "10:30:47",
                "_end": "10:30:48",
                "data": {
                    "brushing": true,
                    "origin": [
                        73.126309711146,
                        94.99489470015698
                    ],
                    "start": "2019-09-16T16:30:47.260Z",
                    "ε": 0.1,
                    "mode": "resize"
                }
            },
            {
                "time": "2019-09-16T16:30:50.998Z",
                "type": "DESELECT",
                "source": "side-bar:button",
                "_t": "10:30:50",
                "_end": "-",
                "data": {
                    "time": 72.60934056305598,
                    "endTime": 95.26287270015696,
                    "type": "cutting",
                    "id": 4
                }
            },
            {
                "time": "2019-09-16T16:31:04.681Z",
                "type": "START",
                "source": "side-bar:button",
                "_t": "10:31:04",
                "_end": "-",
                "data": {
                    "type": "cutting",
                    "time": 185.013704
                }
            },
            {
                "time": "2019-09-16T16:31:09.558Z",
                "type": "END",
                "source": "data:click:h_pos",
                "_t": "10:31:09",
                "_end": "-",
                "data": {
                    "lbl": {
                        "time": 185.013704,
                        "endTime": 190.934540848247,
                        "type": "cutting",
                        "id": 5
                    }
                }
            }
        ],
        "navigationEvents": [
            {
                "time": "2019-09-16T16:28:30.709Z",
                "type": "PAUSE",
                "source": "video:button",
                "_t": "10:28:30",
                "_end": "-"
            },
            {
                "time": "2019-09-16T16:28:31.374Z",
                "type": "PLAY",
                "source": "video:button",
                "_t": "10:28:31",
                "_end": "-"
            },
            {
                "time": {
                    "start": "2019-09-16T16:28:31.849Z",
                    "end": "2019-09-16T16:28:31.903Z"
                },
                "type": "SCRUB",
                "source": "video:drag",
                "_t": "10:28:31",
                "_end": "10:28:31",
                "data": {
                    "to": 63.145761,
                    "from": 5.902043
                }
            },
            {
                "time": "2019-09-16T16:28:34.140Z",
                "type": "SKIP",
                "source": "hotkey",
                "_t": "10:28:34",
                "_end": "-",
                "data": {
                    "t": 64.795632,
                    "Δt": 5,
                    "key": "right"
                }
            },
            {
                "time": {
                    "start": "2019-09-16T16:28:39.407Z",
                    "end": "2019-09-16T16:28:39.448Z"
                },
                "type": "SCRUB",
                "source": "video:drag",
                "_t": "10:28:39",
                "_end": "10:28:39",
                "data": {
                    "to": 51.54756,
                    "from": 74.548959
                }
            },
            {
                "time": {
                    "start": "2019-09-16T16:28:40.744Z",
                    "end": "2019-09-16T16:28:40.778Z"
                },
                "type": "SCRUB",
                "source": "video:drag",
                "_t": "10:28:40",
                "_end": "10:28:40",
                "data": {
                    "to": 36.083292,
                    "from": 52.280812
                }
            },
            {
                "time": {
                    "start": "2019-09-16T16:28:41.840Z",
                    "end": "2019-09-16T16:28:41.893Z"
                },
                "type": "SCRUB",
                "source": "video:drag",
                "_t": "10:28:41",
                "_end": "10:28:41",
                "data": {
                    "to": 28.351158,
                    "from": 36.724679
                }
            },
            {
                "time": "2019-09-16T16:28:44.776Z",
                "type": "SKIP",
                "source": "hotkey",
                "_t": "10:28:44",
                "_end": "-",
                "data": {
                    "t": 30.482965,
                    "Δt": 5,
                    "key": "right"
                }
            },
            {
                "time": "2019-09-16T16:28:45.414Z",
                "type": "SKIP",
                "source": "hotkey",
                "_t": "10:28:45",
                "_end": "-",
                "data": {
                    "t": 35.887706,
                    "Δt": -5,
                    "key": "left"
                }
            },
            {
                "time": "2019-09-16T16:28:49.527Z",
                "type": "SKIP",
                "source": "hotkey",
                "_t": "10:28:49",
                "_end": "-",
                "data": {
                    "t": 34.848213,
                    "Δt": 5,
                    "key": "right"
                }
            },
            {
                "time": "2019-09-16T16:28:50.214Z",
                "type": "SKIP",
                "source": "hotkey",
                "_t": "10:28:50",
                "_end": "-",
                "data": {
                    "t": 40.406485,
                    "Δt": -5,
                    "key": "left"
                }
            },
            {
                "time": "2019-09-16T16:28:55.494Z",
                "type": "SKIP",
                "source": "hotkey",
                "_t": "10:28:55",
                "_end": "-",
                "data": {
                    "t": 40.485971,
                    "Δt": -5,
                    "key": "left"
                }
            },
            {
                "time": "2019-09-16T16:28:57.064Z",
                "type": "PAUSE",
                "source": "hotkey",
                "_t": "10:28:57",
                "_end": "-",
                "data": {
                    "key": "space"
                }
            },
            {
                "time": "2019-09-16T16:28:57.526Z",
                "type": "PLAY",
                "source": "hotkey",
                "_t": "10:28:57",
                "_end": "-",
                "data": {
                    "key": "space"
                }
            },
            {
                "time": "2019-09-16T16:28:57.974Z",
                "type": "PAUSE",
                "source": "hotkey",
                "_t": "10:28:57",
                "_end": "-",
                "data": {
                    "key": "space"
                }
            },
            {
                "time": "2019-09-16T16:29:01.085Z",
                "type": "PLAY",
                "source": "video:button",
                "_t": "10:29:01",
                "_end": "-"
            },
            {
                "time": "2019-09-16T16:29:05.007Z",
                "type": "CHANGE-PLAYBACK-RATE",
                "source": "video:menu",
                "_t": "10:29:05",
                "_end": "-",
                "data": {
                    "oldRate": 1,
                    "newRate": 0.5
                }
            },
            {
                "time": "2019-09-16T16:29:06.603Z",
                "type": "SKIP",
                "source": "hotkey",
                "_t": "10:29:06",
                "_end": "-",
                "data": {
                    "t": 7.770926,
                    "Δt": 5,
                    "key": "right"
                }
            },
            {
                "time": "2019-09-16T16:29:07.468Z",
                "type": "SKIP",
                "source": "hotkey",
                "_t": "10:29:07",
                "_end": "-",
                "data": {
                    "t": 13.139326,
                    "Δt": 5,
                    "key": "right"
                }
            },
            {
                "time": "2019-09-16T16:29:08.294Z",
                "type": "SKIP",
                "source": "hotkey",
                "_t": "10:29:08",
                "_end": "-",
                "data": {
                    "t": 18.502682,
                    "Δt": 5,
                    "key": "right"
                }
            },
            {
                "time": "2019-09-16T16:29:08.973Z",
                "type": "SKIP",
                "source": "hotkey",
                "_t": "10:29:08",
                "_end": "-",
                "data": {
                    "t": 23.741008,
                    "Δt": 5,
                    "key": "right"
                }
            },
            {
                "time": "2019-09-16T16:29:09.687Z",
                "type": "SKIP",
                "source": "hotkey",
                "_t": "10:29:09",
                "_end": "-",
                "data": {
                    "t": 28.906494,
                    "Δt": 5,
                    "key": "right"
                }
            },
            {
                "time": "2019-09-16T16:29:10.555Z",
                "type": "SKIP",
                "source": "hotkey",
                "_t": "10:29:10",
                "_end": "-",
                "data": {
                    "t": 34.274086,
                    "Δt": -5,
                    "key": "left"
                }
            },
            {
                "time": "2019-09-16T16:29:25.880Z",
                "type": "SKIP",
                "source": "hotkey",
                "_t": "10:29:25",
                "_end": "-",
                "data": {
                    "t": 36.845532,
                    "Δt": 5,
                    "key": "right"
                }
            },
            {
                "time": "2019-09-16T16:29:26.424Z",
                "type": "SKIP",
                "source": "hotkey",
                "_t": "10:29:26",
                "_end": "-",
                "data": {
                    "t": 42.019832,
                    "Δt": -5,
                    "key": "left"
                }
            },
            {
                "time": "2019-09-16T16:29:28.439Z",
                "type": "PAUSE",
                "source": "hotkey",
                "_t": "10:29:28",
                "_end": "-",
                "data": {
                    "key": "space"
                }
            },
            {
                "time": {
                    "start": "2019-09-16T16:27:47.478Z",
                    "end": "2019-09-16T16:29:31.279Z"
                },
                "type": "SCRUB",
                "source": "data:drag",
                "_t": "10:27:47",
                "_end": "10:29:31",
                "data": {
                    "time": 37.954855
                }
            },
            {
                "time": "2019-09-16T16:29:34.134Z",
                "type": "PLAY",
                "source": "hotkey",
                "_t": "10:29:34",
                "_end": "-",
                "data": {
                    "key": "space"
                }
            },
            {
                "time": {
                    "start": "2019-09-16T16:27:47.478Z",
                    "end": "2019-09-16T16:29:38.094Z"
                },
                "type": "SCRUB",
                "source": "data:drag",
                "_t": "10:27:47",
                "_end": "10:29:38",
                "data": {
                    "time": 39.926677
                }
            },
            {
                "time": {
                    "start": "2019-09-16T16:27:47.478Z",
                    "end": "2019-09-16T16:29:39.975Z"
                },
                "type": "SCRUB",
                "source": "data:drag",
                "_t": "10:27:47",
                "_end": "10:29:39",
                "data": {
                    "time": 40.870598
                }
            },
            {
                "time": "2019-09-16T16:29:41.461Z",
                "type": "PAUSE",
                "source": "hotkey",
                "_t": "10:29:41",
                "_end": "-",
                "data": {
                    "key": "space"
                }
            },
            {
                "time": "2019-09-16T16:29:43.206Z",
                "type": "PLAY",
                "source": "hotkey",
                "_t": "10:29:43",
                "_end": "-",
                "data": {
                    "key": "space"
                }
            },
            {
                "time": {
                    "start": "2019-09-16T16:29:44.409Z",
                    "end": "2019-09-16T16:29:44.469Z"
                },
                "type": "SCRUB",
                "source": "video:drag",
                "_t": "10:29:44",
                "_end": "10:29:44",
                "data": {
                    "to": 51.54756,
                    "from": 42.218855
                }
            },
            {
                "time": {
                    "start": "2019-09-16T16:29:45.532Z",
                    "end": "2019-09-16T16:29:45.533Z"
                },
                "type": "SCRUB",
                "source": "video:drag",
                "_t": "10:29:45",
                "_end": "10:29:45",
                "data": {
                    "to": 61.857072,
                    "from": 52.030237
                }
            },
            {
                "time": {
                    "start": "2019-09-16T16:29:47.465Z",
                    "end": "2019-09-16T16:29:47.524Z"
                },
                "type": "SCRUB",
                "source": "video:drag",
                "_t": "10:29:47",
                "_end": "10:29:47",
                "data": {
                    "to": 46.392804,
                    "from": 62.529129
                }
            },
            {
                "time": "2019-09-16T16:29:48.983Z",
                "type": "SKIP",
                "source": "hotkey",
                "_t": "10:29:48",
                "_end": "-",
                "data": {
                    "t": 46.967713,
                    "Δt": 5,
                    "key": "right"
                }
            },
            {
                "time": "2019-09-16T16:29:49.784Z",
                "type": "SKIP",
                "source": "hotkey",
                "_t": "10:29:49",
                "_end": "-",
                "data": {
                    "t": 52.292327,
                    "Δt": -5,
                    "key": "left"
                }
            },
            {
                "time": "2019-09-16T16:30:03.511Z",
                "type": "SKIP",
                "source": "hotkey",
                "_t": "10:30:03",
                "_end": "-",
                "data": {
                    "t": 54.060775,
                    "Δt": -5,
                    "key": "left"
                }
            },
            {
                "time": {
                    "start": "2019-09-16T16:27:47.478Z",
                    "end": "2019-09-16T16:30:12.189Z"
                },
                "type": "SCRUB",
                "source": "data:drag",
                "_t": "10:27:47",
                "_end": "10:30:12",
                "data": {
                    "time": 53.309129
                }
            },
            {
                "time": "2019-09-16T16:30:13.289Z",
                "type": "SKIP",
                "source": "hotkey",
                "_t": "10:30:13",
                "_end": "-",
                "data": {
                    "t": 53.857148,
                    "Δt": 5,
                    "key": "right"
                }
            },
            {
                "time": "2019-09-16T16:30:14.135Z",
                "type": "SKIP",
                "source": "hotkey",
                "_t": "10:30:14",
                "_end": "-",
                "data": {
                    "t": 59.178459,
                    "Δt": -5,
                    "key": "left"
                }
            },
            {
                "time": "2019-09-16T16:30:24.411Z",
                "type": "SKIP",
                "source": "hotkey",
                "_t": "10:30:24",
                "_end": "-",
                "data": {
                    "t": 59.251571,
                    "Δt": 5,
                    "key": "right"
                }
            },
            {
                "time": "2019-09-16T16:30:25.403Z",
                "type": "SKIP",
                "source": "hotkey",
                "_t": "10:30:25",
                "_end": "-",
                "data": {
                    "t": 64.664615,
                    "Δt": -5,
                    "key": "left"
                }
            },
            {
                "time": "2019-09-16T16:30:26.071Z",
                "type": "SKIP",
                "source": "hotkey",
                "_t": "10:30:26",
                "_end": "-",
                "data": {
                    "t": 59.905929,
                    "Δt": 5,
                    "key": "right"
                }
            },
            {
                "time": {
                    "start": "2019-09-16T16:27:47.478Z",
                    "end": "2019-09-16T16:30:27.698Z"
                },
                "type": "SCRUB",
                "source": "data:drag",
                "_t": "10:27:47",
                "_end": "10:30:27",
                "data": {
                    "time": 65.634185
                }
            },
            {
                "time": "2019-09-16T16:30:28.246Z",
                "type": "SKIP",
                "source": "hotkey",
                "_t": "10:30:28",
                "_end": "-",
                "data": {
                    "t": 65.906404,
                    "Δt": 5,
                    "key": "right"
                }
            },
            {
                "time": "2019-09-16T16:30:30.438Z",
                "type": "SKIP",
                "source": "hotkey",
                "_t": "10:30:30",
                "_end": "-",
                "data": {
                    "t": 71.922377,
                    "Δt": 5,
                    "key": "right"
                }
            },
            {
                "time": "2019-09-16T16:30:31.016Z",
                "type": "SKIP",
                "source": "hotkey",
                "_t": "10:30:31",
                "_end": "-",
                "data": {
                    "t": 77.114542,
                    "Δt": -5,
                    "key": "left"
                }
            },
            {
                "time": "2019-09-16T16:30:34.203Z",
                "type": "SKIP",
                "source": "hotkey",
                "_t": "10:30:34",
                "_end": "-",
                "data": {
                    "t": 73.642985,
                    "Δt": 5,
                    "key": "right"
                }
            },
            {
                "time": "2019-09-16T16:30:34.872Z",
                "type": "SKIP",
                "source": "hotkey",
                "_t": "10:30:34",
                "_end": "-",
                "data": {
                    "t": 78.905988,
                    "Δt": 5,
                    "key": "right"
                }
            },
            {
                "time": "2019-09-16T16:30:36.568Z",
                "type": "SKIP",
                "source": "hotkey",
                "_t": "10:30:36",
                "_end": "-",
                "data": {
                    "t": 84.6448,
                    "Δt": 5,
                    "key": "right"
                }
            },
            {
                "time": "2019-09-16T16:30:39.303Z",
                "type": "SKIP",
                "source": "hotkey",
                "_t": "10:30:39",
                "_end": "-",
                "data": {
                    "t": 90.9136,
                    "Δt": 5,
                    "key": "right"
                }
            },
            {
                "time": {
                    "start": "2019-09-16T16:27:47.478Z",
                    "end": "2019-09-16T16:30:40.816Z"
                },
                "type": "SCRUB",
                "source": "data:drag",
                "_t": "10:27:47",
                "_end": "10:30:40",
                "data": {
                    "time": 96.549226
                }
            },
            {
                "time": {
                    "start": "2019-09-16T16:27:47.478Z",
                    "end": "2019-09-16T16:30:41.895Z"
                },
                "type": "SCRUB",
                "source": "data:drag",
                "_t": "10:27:47",
                "_end": "10:30:41",
                "data": {
                    "time": 97.087756
                }
            },
            {
                "time": {
                    "start": "2019-09-16T16:27:47.478Z",
                    "end": "2019-09-16T16:30:45.014Z"
                },
                "type": "SCRUB",
                "source": "data:drag",
                "_t": "10:27:47",
                "_end": "10:30:45",
                "data": {
                    "time": 98.649311
                }
            },
            {
                "time": {
                    "start": "2019-09-16T16:27:47.478Z",
                    "end": "2019-09-16T16:30:45.566Z"
                },
                "type": "SCRUB",
                "source": "data:drag",
                "_t": "10:27:47",
                "_end": "10:30:45",
                "data": {
                    "time": 98.923946
                }
            },
            {
                "time": {
                    "start": "2019-09-16T16:27:47.478Z",
                    "end": "2019-09-16T16:30:46.311Z"
                },
                "type": "SCRUB",
                "source": "data:drag",
                "_t": "10:27:47",
                "_end": "10:30:46",
                "data": {
                    "time": 99.29801
                }
            },
            {
                "time": {
                    "start": "2019-09-16T16:27:47.478Z",
                    "end": "2019-09-16T16:30:48.692Z"
                },
                "type": "SCRUB",
                "source": "data:drag",
                "_t": "10:27:47",
                "_end": "10:30:48",
                "data": {
                    "time": 100.48775
                }
            },
            {
                "time": "2019-09-16T16:30:49.303Z",
                "type": "SKIP",
                "source": "hotkey",
                "_t": "10:30:49",
                "_end": "-",
                "data": {
                    "t": 100.789299,
                    "Δt": 5,
                    "key": "right"
                }
            },
            {
                "time": "2019-09-16T16:30:51.736Z",
                "type": "SKIP",
                "source": "hotkey",
                "_t": "10:30:51",
                "_end": "-",
                "data": {
                    "t": 106.704706,
                    "Δt": 5,
                    "key": "right"
                }
            },
            {
                "time": "2019-09-16T16:30:52.514Z",
                "type": "SKIP",
                "source": "hotkey",
                "_t": "10:30:52",
                "_end": "-",
                "data": {
                    "t": 111.816154,
                    "Δt": 5,
                    "key": "right"
                }
            },
            {
                "time": "2019-09-16T16:30:53.000Z",
                "type": "SKIP",
                "source": "hotkey",
                "_t": "10:30:53",
                "_end": "-",
                "data": {
                    "t": 116.947652,
                    "Δt": 5,
                    "key": "right"
                }
            },
            {
                "time": "2019-09-16T16:30:53.303Z",
                "type": "SKIP",
                "source": "hotkey",
                "_t": "10:30:53",
                "_end": "-",
                "data": {
                    "t": 121.988961,
                    "Δt": 5,
                    "key": "right"
                }
            },
            {
                "time": "2019-09-16T16:30:53.624Z",
                "type": "SKIP",
                "source": "hotkey",
                "_t": "10:30:53",
                "_end": "-",
                "data": {
                    "t": 126.988961,
                    "Δt": 5,
                    "key": "right"
                }
            },
            {
                "time": "2019-09-16T16:30:54.406Z",
                "type": "SKIP",
                "source": "hotkey",
                "_t": "10:30:54",
                "_end": "-",
                "data": {
                    "t": 132.104968,
                    "Δt": 5,
                    "key": "right"
                }
            },
            {
                "time": "2019-09-16T16:30:54.806Z",
                "type": "SKIP",
                "source": "hotkey",
                "_t": "10:30:54",
                "_end": "-",
                "data": {
                    "t": 137.223428,
                    "Δt": 5,
                    "key": "right"
                }
            },
            {
                "time": "2019-09-16T16:30:55.914Z",
                "type": "SKIP",
                "source": "hotkey",
                "_t": "10:30:55",
                "_end": "-",
                "data": {
                    "t": 142.456159,
                    "Δt": 5,
                    "key": "right"
                }
            },
            {
                "time": "2019-09-16T16:30:56.972Z",
                "type": "SKIP",
                "source": "hotkey",
                "_t": "10:30:56",
                "_end": "-",
                "data": {
                    "t": 147.695463,
                    "Δt": 5,
                    "key": "right"
                }
            },
            {
                "time": "2019-09-16T16:30:57.480Z",
                "type": "SKIP",
                "source": "hotkey",
                "_t": "10:30:57",
                "_end": "-",
                "data": {
                    "t": 152.846745,
                    "Δt": 5,
                    "key": "right"
                }
            },
            {
                "time": "2019-09-16T16:30:57.833Z",
                "type": "SKIP",
                "source": "hotkey",
                "_t": "10:30:57",
                "_end": "-",
                "data": {
                    "t": 157.920771,
                    "Δt": 5,
                    "key": "right"
                }
            },
            {
                "time": "2019-09-16T16:30:58.182Z",
                "type": "SKIP",
                "source": "hotkey",
                "_t": "10:30:58",
                "_end": "-",
                "data": {
                    "t": 162.920771,
                    "Δt": 5,
                    "key": "right"
                }
            },
            {
                "time": "2019-09-16T16:30:59.064Z",
                "type": "SKIP",
                "source": "hotkey",
                "_t": "10:30:59",
                "_end": "-",
                "data": {
                    "t": 168.075156,
                    "Δt": 5,
                    "key": "right"
                }
            },
            {
                "time": "2019-09-16T16:30:59.758Z",
                "type": "SKIP",
                "source": "hotkey",
                "_t": "10:30:59",
                "_end": "-",
                "data": {
                    "t": 173.31389,
                    "Δt": 5,
                    "key": "right"
                }
            },
            {
                "time": "2019-09-16T16:31:01.432Z",
                "type": "SKIP",
                "source": "hotkey",
                "_t": "10:31:01",
                "_end": "-",
                "data": {
                    "t": 178.85223,
                    "Δt": 5,
                    "key": "right"
                }
            },
            {
                "time": "2019-09-16T16:31:02.122Z",
                "type": "SKIP",
                "source": "hotkey",
                "_t": "10:31:02",
                "_end": "-",
                "data": {
                    "t": 184.002175,
                    "Δt": 5,
                    "key": "right"
                }
            },
            {
                "time": "2019-09-16T16:31:03.129Z",
                "type": "SKIP",
                "source": "hotkey",
                "_t": "10:31:03",
                "_end": "-",
                "data": {
                    "t": 189.311702,
                    "Δt": -5,
                    "key": "left"
                }
            },
            {
                "time": "2019-09-16T16:31:07.275Z",
                "type": "SKIP",
                "source": "hotkey",
                "_t": "10:31:07",
                "_end": "-",
                "data": {
                    "t": 186.306677,
                    "Δt": 5,
                    "key": "right"
                }
            },
            {
                "time": {
                    "start": "2019-09-16T16:27:47.478Z",
                    "end": "2019-09-16T16:31:09.555Z"
                },
                "type": "SCRUB",
                "source": "data:drag",
                "_t": "10:27:47",
                "_end": "10:31:09",
                "data": {
                    "time": 192.355422
                }
            },
            {
                "time": "2019-09-16T16:31:10.616Z",
                "type": "SKIP",
                "source": "hotkey",
                "_t": "10:31:10",
                "_end": "-",
                "data": {
                    "t": 192.884894,
                    "Δt": 5,
                    "key": "right"
                }
            },
            {
                "time": "2019-09-16T16:31:11.210Z",
                "type": "SKIP",
                "source": "hotkey",
                "_t": "10:31:11",
                "_end": "-",
                "data": {
                    "t": 198.077629,
                    "Δt": 5,
                    "key": "right"
                }
            }
        ]
    }
}