[{"time":69.169655,"endTime":75.64065,"type":"measuring","id":1},{"time":78.406511,"endTime":83.346707,"type":"measuring","id":2},{"time":88.159192,"endTime":93.522959,"type":"measuring","id":3},{"time":95.987601,"endTime":102.499617,"type":"measuring","id":4},{"time":108.133914,"endTime":108.133914,"type":"measuring","id":6},{"time":106.352742,"endTime":108.133914,"type":"measuring","id":7},{"time":132.77201,"endTime":139.348104,"type":"measuring","id":8},{"time":156.321403,"endTime":165.924164,"type":"measuring","id":9},{"time":169.639346,"endTime":175.883592,"type":"measuring","id":10},{"time":188.186454,"endTime":198.21813245723925,"type":"measuring","id":11},{"time":201.8375,"endTime":208.427969,"type":"measuring","id":12},{"time":218.558326,"endTime":222.576631,"type":"measuring","id":13},{"time":225.64122,"endTime":228.463173,"type":"measuring","id":14},{"time":239.055742,"endTime":242.306731,"type":"measuring","id":15},{"time":242.895613,"endTime":244.559155,"type":"measuring","id":16},{"time":265.745194,"endTime":265.745194,"type":"cutting","id":18},{"time":265.786381,"endTime":268.531585,"type":"cutting","id":19},{"time":269.890813,"endTime":271.020993,"type":"cutting","id":20},{"time":277.266938,"endTime":278.943002,"type":"cutting","id":21},{"time":281.711035,"endTime":282.901321,"type":"cutting","id":22},{"time":284.894336,"endTime":286.223765,"type":"cutting","id":23},{"time":286.984427,"endTime":287.382773,"type":"cutting","id":24},{"time":303.562888,"endTime":305.916946,"type":"cutting","id":25},{"time":318.290119,"endTime":324.29592,"type":"cutting","id":26},{"time":339.390701,"endTime":346.102697,"type":"measuring","id":27},{"time":361.114697,"endTime":371.347666,"type":"measuring","id":28},{"time":376.715926,"endTime":382.236241,"type":"measuring","id":29},{"time":386.941295,"endTime":393.516466,"type":"measuring","id":30},{"time":402.752007,"endTime":408.408188,"type":"measuring","id":31},{"time":410.121716,"endTime":411.805981,"type":"measuring","id":32},{"time":412.802657,"endTime":415.92472,"type":"measuring","id":33},{"time":428.648241,"endTime":436.578637,"type":"measuring","id":34},{"time":437.574045,"endTime":439.307054,"type":"measuring","id":35},{"time":455.36231,"endTime":460.835294,"type":"measuring","id":36},{"time":487.63642,"endTime":490.888931,"type":"cutting","id":37},{"time":498.819555,"endTime":500.886147,"type":"cutting","id":38},{"time":504.451785,"endTime":505.606833,"type":"cutting","id":39},{"time":506.762202,"endTime":507.130521,"type":"cutting","id":40},{"time":511.508361,"endTime":511.625542,"type":"cutting","id":41},{"time":513.004736,"endTime":513.049326,"type":"cutting","id":42},{"time":514.705481,"endTime":515.267932,"type":"cutting","id":43},{"time":531.509049,"endTime":535.03031,"type":"measuring","id":44},{"time":539.009633,"endTime":545.866229,"type":"measuring","id":45},{"time":579.368252,"endTime":581.263501,"type":"cutting","id":46},{"time":582.959202,"endTime":589.173668,"type":"cutting","id":47},{"time":696.574923,"endTime":699.143187,"type":"measuring","id":48},{"time":702.166515,"endTime":707.644145,"type":"measuring","id":49},{"time":711.20894,"endTime":713.765477,"type":"measuring","id":50},{"time":717.254075,"endTime":723.84232,"type":"measuring","id":51},{"time":729.516463,"endTime":732.736692,"type":"measuring","id":52},{"time":737.232899,"endTime":739.484861,"type":"measuring","id":53},{"time":743.7888640000001,"endTime":747.9352277890566,"type":"measuring","id":54},{"time":769.292198,"endTime":778.732634,"type":"measuring","id":55},{"time":783.139497,"endTime":785.564454,"type":"measuring","id":56},{"time":808.238019,"endTime":816.768293,"type":"measuring","id":57},{"time":987.9303469999909,"endTime":998.6106928141389,"type":"measuring","id":58},{"time":1003.698391,"endTime":1010.611581,"type":"measuring","id":59},{"time":1023.602269,"endTime":1034.40437,"type":"measuring","id":60},{"time":1079.88938,"endTime":1086.621939,"type":"cutting","id":61},{"time":1090.809068,"endTime":1096.643977,"type":"cutting","id":62},{"time":1098.876536,"endTime":1100.067203,"type":"cutting","id":63},{"time":1119.119251,"endTime":1123.7961217787883,"type":"cutting","id":64},{"time":1178.88361,"endTime":1198.675869,"type":"measuring","id":65},{"time":1226.1175369999785,"endTime":1241.8040878494926,"type":"measuring","id":66},{"time":1283.885143,"endTime":1294.124701,"type":"cutting","id":67},{"time":1298.957264,"endTime":1305.81842,"type":"cutting","id":68},{"time":1314.048105,"endTime":1320.494386,"type":"cutting","id":69},{"time":1357.146806,"endTime":1362.651204,"type":"cutting","id":70},{"time":1366.454546,"endTime":1367.463477,"type":"cutting","id":71},{"time":1372.721411,"endTime":1373.078827,"type":"cutting","id":72},{"time":1373.408729,"endTime":1373.770318,"type":"cutting","id":73},{"time":1374.729713,"endTime":1375.143025,"type":"cutting","id":74},{"time":1375.510678,"endTime":1375.845227,"type":"cutting","id":75},{"time":1376.946957,"endTime":1377.417872,"type":"cutting","id":76},{"time":1378.736168,"endTime":1379.300602,"type":"cutting","id":77},{"time":1380.98826,"endTime":1381.398132,"type":"cutting","id":78},{"time":1381.808627,"endTime":1383.452287,"type":"cutting","id":79},{"time":1383.923069,"endTime":1384.240496,"type":"cutting","id":80},{"time":1384.657219,"endTime":1384.984589,"type":"cutting","id":81},{"time":1385.309391,"endTime":1385.744623,"type":"cutting","id":82},{"time":1386.172384,"endTime":1386.375921,"type":"cutting","id":83},{"time":1388.457474,"endTime":1388.714055,"type":"cutting","id":84}]