[{"time":33.820149,"endTime":38.325387,"type":"cutting","id":1},{"time":46.252943,"endTime":47.391192,"type":"measuring","id":2},{"time":50.73196,"endTime":52.284912,"type":"measuring","id":3},{"time":59.11633,"endTime":64.597523,"type":"cutting","id":4},{"time":69.341478,"endTime":75.917403,"type":"cutting","id":5},{"time":79.167441,"endTime":81.934062,"type":"cutting","id":6},{"time":81.993081,"endTime":85.871346,"type":"cutting","id":7},{"time":88.011253,"endTime":89.225645,"type":"cutting","id":8},{"time":90.593729,"endTime":92.218566,"type":"cutting","id":9},{"time":94.241171,"endTime":95.927274,"type":"cutting","id":10},{"time":112.239426,"endTime":115.162682,"type":"cutting","id":11},{"time":115.561785,"endTime":117.885542,"type":"cutting","id":12},{"time":129.586667,"endTime":131.228489,"type":"cutting","id":13},{"time":171.36694,"endTime":174.361364,"type":"cutting","id":14},{"time":176.070175,"endTime":177.340523,"type":"cutting","id":15},{"time":180.192015,"endTime":181.480451,"type":"cutting","id":16}]