{
    "user_id": "purple 2",
    "session_id": "5d1a4c9181249f67dd06aad2",
    "study": "studyE",
    "workspace": "drywall.drywall-orange",
    "details": {
        "workspace": "drywall.drywall-orange",
        "labels": [
            {
                "time": 33.820149,
                "endTime": 38.325387,
                "type": "cutting",
                "id": 1
            },
            {
                "time": 46.252943,
                "endTime": 47.391192,
                "type": "measuring",
                "id": 2
            },
            {
                "time": 50.73196,
                "endTime": 52.284912,
                "type": "measuring",
                "id": 3
            },
            {
                "time": 59.11633,
                "endTime": 64.597523,
                "type": "cutting",
                "id": 4
            },
            {
                "time": 69.341478,
                "endTime": 75.917403,
                "type": "cutting",
                "id": 5
            },
            {
                "time": 79.167441,
                "endTime": 81.934062,
                "type": "cutting",
                "id": 6
            },
            {
                "time": 81.993081,
                "endTime": 85.871346,
                "type": "cutting",
                "id": 7
            },
            {
                "time": 88.011253,
                "endTime": 89.225645,
                "type": "cutting",
                "id": 8
            },
            {
                "time": 90.593729,
                "endTime": 92.218566,
                "type": "cutting",
                "id": 9
            },
            {
                "time": 94.241171,
                "endTime": 95.927274,
                "type": "cutting",
                "id": 10
            },
            {
                "time": 112.239426,
                "endTime": 115.162682,
                "type": "cutting",
                "id": 11
            },
            {
                "time": 115.561785,
                "endTime": 117.885542,
                "type": "cutting",
                "id": 12
            },
            {
                "time": 129.586667,
                "endTime": 131.228489,
                "type": "cutting",
                "id": 13
            },
            {
                "time": 171.36694,
                "endTime": 174.361364,
                "type": "cutting",
                "id": 14
            },
            {
                "time": 176.070175,
                "endTime": 177.340523,
                "type": "cutting",
                "id": 15
            },
            {
                "time": 180.192015,
                "endTime": 181.480451,
                "type": "cutting",
                "id": 16
            }
        ],
        "_starts": [
            "2019-07-01T18:23:41.000Z"
        ],
        "_ends": [
            "2019-07-01T18:26:51.193Z"
        ]
    },
    "labels_file": "/home/ubuntu/vat/data/user-studies/studyE/drywall-orange/purple 2.labels.json",
    "videoFlash": 3.411767,
    "surveys": {
        "user-info": {
            "firstname": "Parker",
            "lastname": "Hanson",
            "email": "phanson96@gmail.com"
        },
        "practice-first": {
            "question1": "5",
            "question2": "ok",
            "question3": "60",
            "question4": "5"
        },
        "practice-second": {},
        "practice-third": {},
        "practice-survey": {},
        "drywall-blue": {
            "question1": "4",
            "question2": "5",
            "question3": "40",
            "question4": "90"
        },
        "drywall-red": {
            "question1": "1",
            "question2": "1",
            "question3": "0",
            "question4": "0"
        }
    },
    "logs": {
        "labelEvents": [
            {
                "time": "2019-07-01T18:24:16.546Z",
                "type": "START",
                "source": "hotkey",
                "_t": "12:24:16",
                "_end": "-",
                "data": {
                    "type": "cutting",
                    "time": 34.283612
                }
            },
            {
                "time": "2019-07-01T18:24:17.404Z",
                "type": "CANCEL",
                "source": "hotkey",
                "_t": "12:24:17",
                "_end": "-",
                "data": {
                    "time": 34.283612,
                    "type": "cutting",
                    "editting": false
                }
            },
            {
                "time": "2019-07-01T18:24:17.787Z",
                "type": "START",
                "source": "hotkey",
                "_t": "12:24:17",
                "_end": "-",
                "data": {
                    "type": "measuring",
                    "time": 36.784953
                }
            },
            {
                "time": "2019-07-01T18:24:18.604Z",
                "type": "CANCEL",
                "source": "hotkey",
                "_t": "12:24:18",
                "_end": "-",
                "data": {
                    "time": 36.784953,
                    "type": "measuring",
                    "editting": false
                }
            },
            {
                "time": "2019-07-01T18:24:21.694Z",
                "type": "START",
                "source": "hotkey",
                "_t": "12:24:21",
                "_end": "-",
                "data": {
                    "type": "cutting",
                    "time": 33.820149
                }
            },
            {
                "time": "2019-07-01T18:24:23.953Z",
                "type": "END",
                "source": "hotkey:ctb",
                "_t": "12:24:23",
                "_end": "-",
                "data": {
                    "lbl": {
                        "time": 33.820149,
                        "endTime": 38.325387,
                        "type": "cutting",
                        "id": 1
                    },
                    "key": "enter"
                }
            },
            {
                "time": "2019-07-01T18:24:33.661Z",
                "type": "START",
                "source": "hotkey",
                "_t": "12:24:33",
                "_end": "-",
                "data": {
                    "type": "measuring",
                    "time": 0
                }
            },
            {
                "time": "2019-07-01T18:24:36.172Z",
                "type": "CANCEL",
                "source": "hotkey",
                "_t": "12:24:36",
                "_end": "-",
                "data": {
                    "time": 0,
                    "type": "measuring",
                    "editting": false
                }
            },
            {
                "time": "2019-07-01T18:24:47.213Z",
                "type": "START",
                "source": "hotkey",
                "_t": "12:24:47",
                "_end": "-",
                "data": {
                    "type": "measuring",
                    "time": 46.252943
                }
            },
            {
                "time": "2019-07-01T18:24:48.347Z",
                "type": "END",
                "source": "hotkey:ctb",
                "_t": "12:24:48",
                "_end": "-",
                "data": {
                    "lbl": {
                        "time": 46.252943,
                        "endTime": 47.391192,
                        "type": "measuring",
                        "id": 2
                    },
                    "key": "enter"
                }
            },
            {
                "time": "2019-07-01T18:24:51.694Z",
                "type": "START",
                "source": "hotkey",
                "_t": "12:24:51",
                "_end": "-",
                "data": {
                    "type": "measuring",
                    "time": 50.73196
                }
            },
            {
                "time": "2019-07-01T18:24:53.246Z",
                "type": "END",
                "source": "hotkey:ctb",
                "_t": "12:24:53",
                "_end": "-",
                "data": {
                    "lbl": {
                        "time": 50.73196,
                        "endTime": 52.284912,
                        "type": "measuring",
                        "id": 3
                    },
                    "key": "enter"
                }
            },
            {
                "time": "2019-07-01T18:25:00.077Z",
                "type": "START",
                "source": "hotkey",
                "_t": "12:25:00",
                "_end": "-",
                "data": {
                    "type": "cutting",
                    "time": 59.11633
                }
            },
            {
                "time": "2019-07-01T18:25:05.555Z",
                "type": "END",
                "source": "hotkey:ctb",
                "_t": "12:25:05",
                "_end": "-",
                "data": {
                    "lbl": {
                        "time": 59.11633,
                        "endTime": 64.597523,
                        "type": "cutting",
                        "id": 4
                    },
                    "key": "enter"
                }
            },
            {
                "time": "2019-07-01T18:25:10.301Z",
                "type": "START",
                "source": "hotkey",
                "_t": "12:25:10",
                "_end": "-",
                "data": {
                    "type": "cutting",
                    "time": 69.341478
                }
            },
            {
                "time": "2019-07-01T18:25:16.879Z",
                "type": "END",
                "source": "hotkey:ctb",
                "_t": "12:25:16",
                "_end": "-",
                "data": {
                    "lbl": {
                        "time": 69.341478,
                        "endTime": 75.917403,
                        "type": "cutting",
                        "id": 5
                    },
                    "key": "enter"
                }
            },
            {
                "time": "2019-07-01T18:25:20.126Z",
                "type": "START",
                "source": "hotkey",
                "_t": "12:25:20",
                "_end": "-",
                "data": {
                    "type": "cutting",
                    "time": 79.167441
                }
            },
            {
                "time": "2019-07-01T18:25:22.894Z",
                "type": "END",
                "source": "hotkey:ctb",
                "_t": "12:25:22",
                "_end": "-",
                "data": {
                    "lbl": {
                        "time": 79.167441,
                        "endTime": 81.934062,
                        "type": "cutting",
                        "id": 6
                    },
                    "key": "enter"
                }
            },
            {
                "time": "2019-07-01T18:25:22.958Z",
                "type": "START",
                "source": "hotkey",
                "_t": "12:25:22",
                "_end": "-",
                "data": {
                    "type": "cutting",
                    "time": 81.993081
                }
            },
            {
                "time": "2019-07-01T18:25:26.830Z",
                "type": "END",
                "source": "hotkey:ctb",
                "_t": "12:25:26",
                "_end": "-",
                "data": {
                    "lbl": {
                        "time": 81.993081,
                        "endTime": 85.871346,
                        "type": "cutting",
                        "id": 7
                    },
                    "key": "enter"
                }
            },
            {
                "time": "2019-07-01T18:25:28.975Z",
                "type": "START",
                "source": "hotkey",
                "_t": "12:25:28",
                "_end": "-",
                "data": {
                    "type": "cutting",
                    "time": 88.011253
                }
            },
            {
                "time": "2019-07-01T18:25:30.192Z",
                "type": "END",
                "source": "hotkey:ctb",
                "_t": "12:25:30",
                "_end": "-",
                "data": {
                    "lbl": {
                        "time": 88.011253,
                        "endTime": 89.225645,
                        "type": "cutting",
                        "id": 8
                    },
                    "key": "enter"
                }
            },
            {
                "time": "2019-07-01T18:25:31.552Z",
                "type": "START",
                "source": "hotkey",
                "_t": "12:25:31",
                "_end": "-",
                "data": {
                    "type": "cutting",
                    "time": 90.593729
                }
            },
            {
                "time": "2019-07-01T18:25:33.182Z",
                "type": "END",
                "source": "hotkey:ctb",
                "_t": "12:25:33",
                "_end": "-",
                "data": {
                    "lbl": {
                        "time": 90.593729,
                        "endTime": 92.218566,
                        "type": "cutting",
                        "id": 9
                    },
                    "key": "enter"
                }
            },
            {
                "time": "2019-07-01T18:25:35.198Z",
                "type": "START",
                "source": "hotkey",
                "_t": "12:25:35",
                "_end": "-",
                "data": {
                    "type": "cutting",
                    "time": 94.241171
                }
            },
            {
                "time": "2019-07-01T18:25:36.895Z",
                "type": "END",
                "source": "hotkey:ctb",
                "_t": "12:25:36",
                "_end": "-",
                "data": {
                    "lbl": {
                        "time": 94.241171,
                        "endTime": 95.927274,
                        "type": "cutting",
                        "id": 10
                    },
                    "key": "enter"
                }
            },
            {
                "time": "2019-07-01T18:25:39.967Z",
                "type": "START",
                "source": "hotkey",
                "_t": "12:25:39",
                "_end": "-",
                "data": {
                    "type": "cutting",
                    "time": 99.006957
                }
            },
            {
                "time": "2019-07-01T18:25:40.973Z",
                "type": "CANCEL",
                "source": "hotkey",
                "_t": "12:25:40",
                "_end": "-",
                "data": {
                    "time": 99.006957,
                    "type": "cutting",
                    "editting": false
                }
            },
            {
                "time": "2019-07-01T18:25:48.591Z",
                "type": "START",
                "source": "hotkey",
                "_t": "12:25:48",
                "_end": "-",
                "data": {
                    "type": "cutting",
                    "time": 112.239426
                }
            },
            {
                "time": "2019-07-01T18:25:51.519Z",
                "type": "END",
                "source": "hotkey:ctb",
                "_t": "12:25:51",
                "_end": "-",
                "data": {
                    "lbl": {
                        "time": 112.239426,
                        "endTime": 115.162682,
                        "type": "cutting",
                        "id": 11
                    },
                    "key": "enter"
                }
            },
            {
                "time": "2019-07-01T18:25:51.917Z",
                "type": "START",
                "source": "hotkey",
                "_t": "12:25:51",
                "_end": "-",
                "data": {
                    "type": "cutting",
                    "time": 115.561785
                }
            },
            {
                "time": "2019-07-01T18:25:54.239Z",
                "type": "END",
                "source": "hotkey:ctb",
                "_t": "12:25:54",
                "_end": "-",
                "data": {
                    "lbl": {
                        "time": 115.561785,
                        "endTime": 117.885542,
                        "type": "cutting",
                        "id": 12
                    },
                    "key": "enter"
                }
            },
            {
                "time": "2019-07-01T18:26:06.223Z",
                "type": "START",
                "source": "hotkey",
                "_t": "12:26:06",
                "_end": "-",
                "data": {
                    "type": "cutting",
                    "time": 129.586667
                }
            },
            {
                "time": "2019-07-01T18:26:07.870Z",
                "type": "END",
                "source": "hotkey:ctb",
                "_t": "12:26:07",
                "_end": "-",
                "data": {
                    "lbl": {
                        "time": 129.586667,
                        "endTime": 131.228489,
                        "type": "cutting",
                        "id": 13
                    },
                    "key": "enter"
                }
            },
            {
                "time": "2019-07-01T18:26:22.125Z",
                "type": "START",
                "source": "hotkey",
                "_t": "12:26:22",
                "_end": "-",
                "data": {
                    "type": "cutting",
                    "time": 172.030062
                }
            },
            {
                "time": "2019-07-01T18:26:24.596Z",
                "type": "END",
                "source": "hotkey:ctb",
                "_t": "12:26:24",
                "_end": "-",
                "data": {
                    "lbl": {
                        "time": 172.030062,
                        "endTime": 174.502915,
                        "type": "cutting",
                        "id": 14
                    },
                    "key": "enter"
                }
            },
            {
                "time": "2019-07-01T18:26:25.597Z",
                "type": "CANCEL",
                "source": "hotkey",
                "_t": "12:26:25",
                "_end": "-",
                "data": {
                    "editting": false
                }
            },
            {
                "time": "2019-07-01T18:26:33.178Z",
                "type": "SELECT",
                "source": "data:click",
                "_t": "12:26:33",
                "_end": "-",
                "data": {
                    "time": 172.030062,
                    "endTime": 174.502915,
                    "type": "cutting",
                    "id": 14
                }
            },
            {
                "time": "2019-07-01T18:26:34.422Z",
                "type": "DELETE",
                "source": "side-bar:button",
                "_t": "12:26:34",
                "_end": "-",
                "data": {
                    "id": 14,
                    "idx": 13
                }
            },
            {
                "time": "2019-07-01T18:26:40.702Z",
                "type": "START",
                "source": "hotkey",
                "_t": "12:26:40",
                "_end": "-",
                "data": {
                    "type": "cutting",
                    "time": 171.36694
                }
            },
            {
                "time": "2019-07-01T18:26:43.696Z",
                "type": "END",
                "source": "hotkey:ctb",
                "_t": "12:26:43",
                "_end": "-",
                "data": {
                    "lbl": {
                        "time": 171.36694,
                        "endTime": 174.361364,
                        "type": "cutting",
                        "id": 14
                    },
                    "key": "enter"
                }
            },
            {
                "time": "2019-07-01T18:26:45.402Z",
                "type": "START",
                "source": "hotkey",
                "_t": "12:26:45",
                "_end": "-",
                "data": {
                    "type": "cutting",
                    "time": 176.070175
                }
            },
            {
                "time": "2019-07-01T18:26:46.670Z",
                "type": "END",
                "source": "hotkey:ctb",
                "_t": "12:26:46",
                "_end": "-",
                "data": {
                    "lbl": {
                        "time": 176.070175,
                        "endTime": 177.340523,
                        "type": "cutting",
                        "id": 15
                    },
                    "key": "enter"
                }
            },
            {
                "time": "2019-07-01T18:26:49.520Z",
                "type": "START",
                "source": "hotkey",
                "_t": "12:26:49",
                "_end": "-",
                "data": {
                    "type": "cutting",
                    "time": 180.192015
                }
            },
            {
                "time": "2019-07-01T18:26:50.816Z",
                "type": "END",
                "source": "hotkey:ctb",
                "_t": "12:26:50",
                "_end": "-",
                "data": {
                    "lbl": {
                        "time": 180.192015,
                        "endTime": 181.480451,
                        "type": "cutting",
                        "id": 16
                    },
                    "key": "enter"
                }
            }
        ],
        "navigationEvents": [
            {
                "time": "2019-07-01T18:23:51.799Z",
                "type": "PLAY",
                "source": "video:button",
                "_t": "12:23:51",
                "_end": "-"
            },
            {
                "time": {
                    "start": "2019-07-01T18:23:41.198Z",
                    "end": "2019-07-01T18:24:02.257Z"
                },
                "type": "SCRUB",
                "source": "data:drag",
                "_t": "12:23:41",
                "_end": "12:24:02",
                "data": {
                    "time": 52.041312
                }
            },
            {
                "time": {
                    "start": "2019-07-01T18:23:41.198Z",
                    "end": "2019-07-01T18:24:03.872Z"
                },
                "type": "SCRUB",
                "source": "data:drag",
                "_t": "12:23:41",
                "_end": "12:24:03",
                "data": {
                    "time": 33.187452
                }
            },
            {
                "time": {
                    "start": "2019-07-01T18:23:41.198Z",
                    "end": "2019-07-01T18:24:05.163Z"
                },
                "type": "SCRUB",
                "source": "data:drag",
                "_t": "12:23:41",
                "_end": "12:24:05",
                "data": {
                    "time": 17.031761
                }
            },
            {
                "time": "2019-07-01T18:24:10.033Z",
                "type": "CHANGE-PLAYBACK-RATE",
                "source": "video:button",
                "_t": "12:24:10",
                "_end": "-",
                "data": {
                    "oldRate": 1,
                    "newRate": 1.5
                }
            },
            {
                "time": "2019-07-01T18:24:10.803Z",
                "type": "CHANGE-PLAYBACK-RATE",
                "source": "video:menu",
                "_t": "12:24:10",
                "_end": "-",
                "data": {
                    "oldRate": 1.5,
                    "newRate": 2
                }
            },
            {
                "time": "2019-07-01T18:24:19.632Z",
                "type": "SKIP",
                "source": "hotkey",
                "_t": "12:24:19",
                "_end": "-",
                "data": {
                    "t": 40.469424,
                    "Δt": -5,
                    "key": "left"
                }
            },
            {
                "time": "2019-07-01T18:24:20.396Z",
                "type": "SKIP",
                "source": "hotkey",
                "_t": "12:24:20",
                "_end": "-",
                "data": {
                    "t": 36.560477,
                    "Δt": -5,
                    "key": "left"
                }
            },
            {
                "time": "2019-07-01T18:24:30.157Z",
                "type": "SKIP",
                "source": "hotkey",
                "_t": "12:24:30",
                "_end": "-",
                "data": {
                    "t": 50.733404,
                    "Δt": -5,
                    "key": "left"
                }
            },
            {
                "time": "2019-07-01T18:24:30.749Z",
                "type": "SKIP",
                "source": "hotkey",
                "_t": "12:24:30",
                "_end": "-",
                "data": {
                    "t": 46.454815,
                    "Δt": -5,
                    "key": "left"
                }
            },
            {
                "time": "2019-07-01T18:24:36.733Z",
                "type": "SKIP",
                "source": "hotkey",
                "_t": "12:24:36",
                "_end": "-",
                "data": {
                    "t": 3.411767,
                    "Δt": 1,
                    "key": "right"
                }
            },
            {
                "time": "2019-07-01T18:24:36.941Z",
                "type": "SKIP",
                "source": "hotkey",
                "_t": "12:24:36",
                "_end": "-",
                "data": {
                    "t": 4.411767,
                    "Δt": 1,
                    "key": "right"
                }
            },
            {
                "time": "2019-07-01T18:24:37.109Z",
                "type": "SKIP",
                "source": "hotkey",
                "_t": "12:24:37",
                "_end": "-",
                "data": {
                    "t": 5.411767,
                    "Δt": 1,
                    "key": "right"
                }
            },
            {
                "time": "2019-07-01T18:24:37.211Z",
                "type": "SKIP",
                "source": "hotkey",
                "_t": "12:24:37",
                "_end": "-",
                "data": {
                    "t": 6.411767,
                    "Δt": 1,
                    "key": "right"
                }
            },
            {
                "time": "2019-07-01T18:24:37.372Z",
                "type": "SKIP",
                "source": "hotkey",
                "_t": "12:24:37",
                "_end": "-",
                "data": {
                    "t": 7.411767,
                    "Δt": 1,
                    "key": "right"
                }
            },
            {
                "time": "2019-07-01T18:24:37.615Z",
                "type": "SKIP",
                "source": "hotkey",
                "_t": "12:24:37",
                "_end": "-",
                "data": {
                    "t": 8.411767,
                    "Δt": 1,
                    "key": "right"
                }
            },
            {
                "time": "2019-07-01T18:24:37.757Z",
                "type": "SKIP",
                "source": "hotkey",
                "_t": "12:24:37",
                "_end": "-",
                "data": {
                    "t": 9.411767,
                    "Δt": 1,
                    "key": "right"
                }
            },
            {
                "time": "2019-07-01T18:24:37.903Z",
                "type": "SKIP",
                "source": "hotkey",
                "_t": "12:24:37",
                "_end": "-",
                "data": {
                    "t": 10.411767,
                    "Δt": 1,
                    "key": "right"
                }
            },
            {
                "time": "2019-07-01T18:24:38.031Z",
                "type": "SKIP",
                "source": "hotkey",
                "_t": "12:24:38",
                "_end": "-",
                "data": {
                    "t": 11.411767,
                    "Δt": 1,
                    "key": "right"
                }
            },
            {
                "time": "2019-07-01T18:24:38.173Z",
                "type": "SKIP",
                "source": "hotkey",
                "_t": "12:24:38",
                "_end": "-",
                "data": {
                    "t": 12.411767,
                    "Δt": 1,
                    "key": "right"
                }
            },
            {
                "time": "2019-07-01T18:24:38.332Z",
                "type": "SKIP",
                "source": "hotkey",
                "_t": "12:24:38",
                "_end": "-",
                "data": {
                    "t": 13.411767,
                    "Δt": 1,
                    "key": "right"
                }
            },
            {
                "time": {
                    "start": "2019-07-01T18:23:41.198Z",
                    "end": "2019-07-01T18:24:40.269Z"
                },
                "type": "SCRUB",
                "source": "data:drag",
                "_t": "12:23:41",
                "_end": "12:24:40",
                "data": {
                    "time": 14.411767
                }
            },
            {
                "time": {
                    "start": "2019-07-01T18:23:41.198Z",
                    "end": "2019-07-01T18:24:40.460Z"
                },
                "type": "SCRUB",
                "source": "data:drag",
                "_t": "12:23:41",
                "_end": "12:24:40",
                "data": {
                    "time": 14.411767
                }
            },
            {
                "time": "2019-07-01T18:24:40.465Z",
                "type": "JUMP",
                "source": "data:dblclick:h_pos",
                "_t": "12:24:40",
                "_end": "-",
                "data": {
                    "from": 14.411767,
                    "to": 40.875781471544734
                }
            },
            {
                "time": "2019-07-01T18:24:41.748Z",
                "type": "PLAY",
                "source": "hotkey",
                "_t": "12:24:41",
                "_end": "-",
                "data": {
                    "key": "space"
                }
            },
            {
                "time": "2019-07-01T18:25:44.446Z",
                "type": "SKIP",
                "source": "hotkey",
                "_t": "12:25:44",
                "_end": "-",
                "data": {
                    "t": 103.484874,
                    "Δt": 5,
                    "key": "right"
                }
            },
            {
                "time": "2019-07-01T18:25:45.564Z",
                "type": "SKIP",
                "source": "hotkey",
                "_t": "12:25:45",
                "_end": "-",
                "data": {
                    "t": 109.466577,
                    "Δt": 5,
                    "key": "right"
                }
            },
            {
                "time": "2019-07-01T18:25:47.309Z",
                "type": "SKIP",
                "source": "hotkey",
                "_t": "12:25:47",
                "_end": "-",
                "data": {
                    "t": 116.080712,
                    "Δt": -5,
                    "key": "left"
                }
            },
            {
                "time": "2019-07-01T18:25:57.582Z",
                "type": "SKIP",
                "source": "hotkey",
                "_t": "12:25:57",
                "_end": "-",
                "data": {
                    "t": 121.224468,
                    "Δt": 5,
                    "key": "right"
                }
            },
            {
                "time": "2019-07-01T18:26:02.990Z",
                "type": "SKIP",
                "source": "hotkey",
                "_t": "12:26:02",
                "_end": "-",
                "data": {
                    "t": 131.491429,
                    "Δt": -5,
                    "key": "left"
                }
            },
            {
                "time": "2019-07-01T18:26:11.662Z",
                "type": "SKIP",
                "source": "hotkey",
                "_t": "12:26:11",
                "_end": "-",
                "data": {
                    "t": 135.022583,
                    "Δt": 5,
                    "key": "right"
                }
            },
            {
                "time": "2019-07-01T18:26:12.382Z",
                "type": "SKIP",
                "source": "hotkey",
                "_t": "12:26:12",
                "_end": "-",
                "data": {
                    "t": 140.54343,
                    "Δt": 5,
                    "key": "right"
                }
            },
            {
                "time": "2019-07-01T18:26:13.566Z",
                "type": "SKIP",
                "source": "hotkey",
                "_t": "12:26:13",
                "_end": "-",
                "data": {
                    "t": 146.16003,
                    "Δt": 5,
                    "key": "right"
                }
            },
            {
                "time": "2019-07-01T18:26:14.814Z",
                "type": "SKIP",
                "source": "hotkey",
                "_t": "12:26:14",
                "_end": "-",
                "data": {
                    "t": 151.888763,
                    "Δt": 5,
                    "key": "right"
                }
            },
            {
                "time": "2019-07-01T18:26:16.317Z",
                "type": "SKIP",
                "source": "hotkey",
                "_t": "12:26:16",
                "_end": "-",
                "data": {
                    "t": 157.856553,
                    "Δt": 5,
                    "key": "right"
                }
            },
            {
                "time": "2019-07-01T18:26:17.518Z",
                "type": "SKIP",
                "source": "hotkey",
                "_t": "12:26:17",
                "_end": "-",
                "data": {
                    "t": 163.477639,
                    "Δt": 5,
                    "key": "right"
                }
            },
            {
                "time": "2019-07-01T18:26:18.846Z",
                "type": "SKIP",
                "source": "hotkey",
                "_t": "12:26:18",
                "_end": "-",
                "data": {
                    "t": 169.304383,
                    "Δt": 5,
                    "key": "right"
                }
            },
            {
                "time": "2019-07-01T18:26:19.949Z",
                "type": "SKIP",
                "source": "hotkey",
                "_t": "12:26:19",
                "_end": "-",
                "data": {
                    "t": 175.035689,
                    "Δt": -5,
                    "key": "left"
                }
            },
            {
                "time": "2019-07-01T18:26:26.190Z",
                "type": "SKIP",
                "source": "hotkey",
                "_t": "12:26:26",
                "_end": "-",
                "data": {
                    "t": 176.095148,
                    "Δt": -5,
                    "key": "left"
                }
            },
            {
                "time": "2019-07-01T18:26:30.879Z",
                "type": "SKIP",
                "source": "hotkey",
                "_t": "12:26:30",
                "_end": "-",
                "data": {
                    "t": 175.669696,
                    "Δt": -5,
                    "key": "left"
                }
            },
            {
                "time": "2019-07-01T18:26:31.748Z",
                "type": "PAUSE",
                "source": "hotkey",
                "_t": "12:26:31",
                "_end": "-",
                "data": {
                    "key": "space"
                }
            },
            {
                "time": {
                    "start": "2019-07-01T18:23:41.198Z",
                    "end": "2019-07-01T18:26:33.174Z"
                },
                "type": "SCRUB",
                "source": "data:drag",
                "_t": "12:23:41",
                "_end": "12:26:33",
                "data": {
                    "time": 171.308278
                }
            },
            {
                "time": "2019-07-01T18:26:35.295Z",
                "type": "PLAY",
                "source": "hotkey",
                "_t": "12:26:35",
                "_end": "-",
                "data": {
                    "key": "space"
                }
            },
            {
                "time": "2019-07-01T18:26:35.850Z",
                "type": "SKIP",
                "source": "hotkey",
                "_t": "12:26:35",
                "_end": "-",
                "data": {
                    "t": 171.865881,
                    "Δt": -5,
                    "key": "left"
                }
            }
        ]
    }
}