{
    "user_id": "Silver4",
    "session_id": "5d85398d81249f67dd06ae0a",
    "study": "studyE",
    "workspace": "drywall.drywall-orange",
    "details": {
        "workspace": "drywall.drywall-orange",
        "labels": [
            {
                "time": 34.934556,
                "endTime": 37.237431,
                "type": "cutting",
                "id": 1
            },
            {
                "time": 51.012024,
                "endTime": 53.112774,
                "type": "measuring",
                "id": 2
            },
            {
                "time": 59.54543,
                "endTime": 64.482284,
                "type": "cutting",
                "id": 3
            },
            {
                "time": 69.135971,
                "endTime": 76.137534,
                "type": "cutting",
                "id": 4
            },
            {
                "time": 79.1742,
                "endTime": 81.703408,
                "type": "cutting",
                "id": 5
            },
            {
                "time": 83.345199,
                "endTime": 85.953845,
                "type": "cutting",
                "id": 6
            },
            {
                "time": 87.624114,
                "endTime": 88.999614,
                "type": "cutting",
                "id": 7
            },
            {
                "time": 90.48527,
                "endTime": 92.261208,
                "type": "cutting",
                "id": 8
            },
            {
                "time": 92.925301,
                "endTime": 95.668614,
                "type": "cutting",
                "id": 9
            }
        ],
        "_starts": [
            "2019-09-20T20:58:16.000Z"
        ],
        "_ends": [
            "2019-09-20T21:01:53.764Z"
        ]
    },
    "labels_file": "/home/ubuntu/vat/data/user-studies/studyE/drywall-orange/Silver4.labels.json",
    "videoFlash": 3.411767,
    "surveys": {
        "user-info": {
            "firstname": "Michael",
            "lastname": "Davenport",
            "email": "mdaven19@byu.edu"
        },
        "practice-first": {
            "question1": "3",
            "question2": "ok",
            "question3": "50",
            "question4": "3"
        },
        "practice-second": {},
        "practice-third": {},
        "practice-survey": {},
        "drywall-blue": {
            "question1": "4",
            "question2": "3",
            "question3": "30",
            "question4": "80"
        },
        "drywall-red": {
            "question1": "2",
            "question2": "3",
            "question3": "60",
            "question4": "50"
        }
    },
    "logs": {
        "labelEvents": [
            {
                "time": "2019-09-20T20:59:28.227Z",
                "type": "START",
                "source": "hotkey",
                "_t": "14:59:28",
                "_end": "-",
                "data": {
                    "type": "cutting",
                    "time": 32.548712
                }
            },
            {
                "time": "2019-09-20T20:59:35.897Z",
                "type": "END",
                "source": "data:click:h_pos",
                "_t": "14:59:35",
                "_end": "-",
                "data": {
                    "lbl": {
                        "time": 21.153761965121845,
                        "endTime": 32.548712,
                        "type": "cutting",
                        "id": 1
                    }
                }
            },
            {
                "time": "2019-09-20T20:59:36.454Z",
                "type": "SELECT",
                "source": "data:click",
                "_t": "14:59:36",
                "_end": "-",
                "data": {
                    "time": 21.153761965121845,
                    "endTime": 32.548712,
                    "type": "cutting",
                    "id": 1
                }
            },
            {
                "time": "2019-09-20T20:59:38.168Z",
                "type": "DELETE",
                "source": "side-bar:button",
                "_t": "14:59:38",
                "_end": "-",
                "data": {
                    "id": 1,
                    "idx": 0
                }
            },
            {
                "time": "2019-09-20T20:59:39.793Z",
                "type": "START",
                "source": "hotkey",
                "_t": "14:59:39",
                "_end": "-",
                "data": {
                    "type": "cutting",
                    "time": 34.934556
                }
            },
            {
                "time": "2019-09-20T20:59:45.175Z",
                "type": "START",
                "source": "hotkey",
                "_t": "14:59:45",
                "_end": "-",
                "data": {
                    "type": "cutting",
                    "time": 37.237431
                }
            },
            {
                "time": "2019-09-20T20:59:48.368Z",
                "type": "CANCEL",
                "source": "hotkey",
                "_t": "14:59:48",
                "_end": "-",
                "data": {
                    "time": 37.237431,
                    "type": "cutting",
                    "editting": false
                }
            },
            {
                "time": "2019-09-20T20:59:50.343Z",
                "type": "START",
                "source": "hotkey",
                "_t": "14:59:50",
                "_end": "-",
                "data": {
                    "type": "cutting",
                    "time": 38.291493
                }
            },
            {
                "time": "2019-09-20T20:59:53.040Z",
                "type": "CANCEL",
                "source": "hotkey",
                "_t": "14:59:53",
                "_end": "-",
                "data": {
                    "time": 38.291493,
                    "type": "cutting",
                    "editting": false
                }
            },
            {
                "time": "2019-09-20T21:00:06.934Z",
                "type": "START",
                "source": "hotkey",
                "_t": "15:00:06",
                "_end": "-",
                "data": {
                    "type": "measuring",
                    "time": 51.012024
                }
            },
            {
                "time": "2019-09-20T21:00:12.293Z",
                "type": "START",
                "source": "hotkey",
                "_t": "15:00:12",
                "_end": "-",
                "data": {
                    "type": "measuring",
                    "time": 53.112774
                }
            },
            {
                "time": "2019-09-20T21:00:17.885Z",
                "type": "CANCEL",
                "source": "hotkey",
                "_t": "15:00:17",
                "_end": "-",
                "data": {
                    "time": 53.112774,
                    "type": "measuring",
                    "editting": false
                }
            },
            {
                "time": "2019-09-20T21:00:22.151Z",
                "type": "START",
                "source": "hotkey",
                "_t": "15:00:22",
                "_end": "-",
                "data": {
                    "type": "cutting",
                    "time": 59.54543
                }
            },
            {
                "time": "2019-09-20T21:00:27.105Z",
                "type": "START",
                "source": "hotkey",
                "_t": "15:00:27",
                "_end": "-",
                "data": {
                    "type": "cutting",
                    "time": 64.482284
                }
            },
            {
                "time": "2019-09-20T21:00:28.514Z",
                "type": "CANCEL",
                "source": "hotkey",
                "_t": "15:00:28",
                "_end": "-",
                "data": {
                    "time": 64.482284,
                    "type": "cutting",
                    "editting": false
                }
            },
            {
                "time": "2019-09-20T21:00:31.753Z",
                "type": "START",
                "source": "hotkey",
                "_t": "15:00:31",
                "_end": "-",
                "data": {
                    "type": "cutting",
                    "time": 69.135971
                }
            },
            {
                "time": "2019-09-20T21:00:38.753Z",
                "type": "START",
                "source": "hotkey",
                "_t": "15:00:38",
                "_end": "-",
                "data": {
                    "type": "cutting",
                    "time": 76.137534
                }
            },
            {
                "time": "2019-09-20T21:00:39.825Z",
                "type": "CANCEL",
                "source": "hotkey",
                "_t": "15:00:39",
                "_end": "-",
                "data": {
                    "time": 76.137534,
                    "type": "cutting",
                    "editting": false
                }
            },
            {
                "time": "2019-09-20T21:00:43.688Z",
                "type": "START",
                "source": "hotkey",
                "_t": "15:00:43",
                "_end": "-",
                "data": {
                    "type": "measuring",
                    "time": 81.064846
                }
            },
            {
                "time": "2019-09-20T21:00:47.900Z",
                "type": "END",
                "source": "data:click:h_pos",
                "_t": "15:00:47",
                "_end": "-",
                "data": {
                    "lbl": {
                        "time": 81.064846,
                        "endTime": 94.76731245780496,
                        "type": "measuring",
                        "id": 5
                    }
                }
            },
            {
                "time": "2019-09-20T21:00:48.391Z",
                "type": "SELECT",
                "source": "data:click",
                "_t": "15:00:48",
                "_end": "-",
                "data": {
                    "time": 81.064846,
                    "endTime": 94.76731245780496,
                    "type": "measuring",
                    "id": 5
                }
            },
            {
                "time": "2019-09-20T21:00:49.945Z",
                "type": "DELETE",
                "source": "side-bar:button",
                "_t": "15:00:49",
                "_end": "-",
                "data": {
                    "id": 5,
                    "idx": 4
                }
            },
            {
                "time": "2019-09-20T21:00:55.972Z",
                "type": "START",
                "source": "hotkey",
                "_t": "15:00:55",
                "_end": "-",
                "data": {
                    "type": "cutting",
                    "time": 79.1742
                }
            },
            {
                "time": "2019-09-20T21:00:58.501Z",
                "type": "START",
                "source": "hotkey",
                "_t": "15:00:58",
                "_end": "-",
                "data": {
                    "type": "cutting",
                    "time": 81.703408
                }
            },
            {
                "time": "2019-09-20T21:01:01.361Z",
                "type": "CANCEL",
                "source": "hotkey",
                "_t": "15:01:01",
                "_end": "-",
                "data": {
                    "time": 81.703408,
                    "type": "cutting",
                    "editting": false
                }
            },
            {
                "time": "2019-09-20T21:01:05.261Z",
                "type": "START",
                "source": "hotkey",
                "_t": "15:01:05",
                "_end": "-",
                "data": {
                    "type": "cutting",
                    "time": 83.345199
                }
            },
            {
                "time": "2019-09-20T21:01:07.836Z",
                "type": "START",
                "source": "hotkey",
                "_t": "15:01:07",
                "_end": "-",
                "data": {
                    "type": "cutting",
                    "time": 85.953845
                }
            },
            {
                "time": "2019-09-20T21:01:09.261Z",
                "type": "CANCEL",
                "source": "hotkey",
                "_t": "15:01:09",
                "_end": "-",
                "data": {
                    "time": 85.953845,
                    "type": "cutting",
                    "editting": false
                }
            },
            {
                "time": "2019-09-20T21:01:10.355Z",
                "type": "START",
                "source": "hotkey",
                "_t": "15:01:10",
                "_end": "-",
                "data": {
                    "type": "cutting",
                    "time": 88.44247
                }
            },
            {
                "time": "2019-09-20T21:01:11.282Z",
                "type": "START",
                "source": "hotkey",
                "_t": "15:01:11",
                "_end": "-",
                "data": {
                    "type": "cutting",
                    "time": 89.380032
                }
            },
            {
                "time": "2019-09-20T21:01:11.567Z",
                "type": "CANCEL",
                "source": "hotkey",
                "_t": "15:01:11",
                "_end": "-",
                "data": {
                    "time": 89.380032,
                    "type": "cutting",
                    "editting": false
                }
            },
            {
                "time": "2019-09-20T21:01:13.904Z",
                "type": "CANCEL",
                "source": "hotkey",
                "_t": "15:01:13",
                "_end": "-",
                "data": {
                    "editting": false
                }
            },
            {
                "time": "2019-09-20T21:01:16.673Z",
                "type": "SELECT",
                "source": "data:click",
                "_t": "15:01:16",
                "_end": "-",
                "data": {
                    "time": 88.44247,
                    "endTime": 89.380032,
                    "type": "cutting",
                    "id": 7
                }
            },
            {
                "time": "2019-09-20T21:01:17.643Z",
                "type": "DELETE",
                "source": "side-bar:button",
                "_t": "15:01:17",
                "_end": "-",
                "data": {
                    "id": 7,
                    "idx": 6
                }
            },
            {
                "time": "2019-09-20T21:01:24.899Z",
                "type": "START",
                "source": "hotkey",
                "_t": "15:01:24",
                "_end": "-",
                "data": {
                    "type": "cutting",
                    "time": 87.624114
                }
            },
            {
                "time": "2019-09-20T21:01:25.850Z",
                "type": "START",
                "source": "hotkey",
                "_t": "15:01:25",
                "_end": "-",
                "data": {
                    "type": "cutting",
                    "time": 88.999614
                }
            },
            {
                "time": "2019-09-20T21:01:27.248Z",
                "type": "CANCEL",
                "source": "hotkey",
                "_t": "15:01:27",
                "_end": "-",
                "data": {
                    "time": 88.999614,
                    "type": "cutting",
                    "editting": false
                }
            },
            {
                "time": "2019-09-20T21:01:30.328Z",
                "type": "START",
                "source": "hotkey",
                "_t": "15:01:30",
                "_end": "-",
                "data": {
                    "type": "cutting",
                    "time": 90.48527
                }
            },
            {
                "time": "2019-09-20T21:01:31.510Z",
                "type": "START",
                "source": "hotkey",
                "_t": "15:01:31",
                "_end": "-",
                "data": {
                    "type": "cutting",
                    "time": 92.261208
                }
            },
            {
                "time": "2019-09-20T21:01:31.649Z",
                "type": "CANCEL",
                "source": "hotkey",
                "_t": "15:01:31",
                "_end": "-",
                "data": {
                    "time": 92.261208,
                    "type": "cutting",
                    "editting": false
                }
            },
            {
                "time": "2019-09-20T21:01:31.986Z",
                "type": "START",
                "source": "hotkey",
                "_t": "15:01:31",
                "_end": "-",
                "data": {
                    "type": "cutting",
                    "time": 92.925301
                }
            },
            {
                "time": "2019-09-20T21:01:33.764Z",
                "type": "START",
                "source": "hotkey",
                "_t": "15:01:33",
                "_end": "-",
                "data": {
                    "type": "cutting",
                    "time": 95.668614
                }
            },
            {
                "time": "2019-09-20T21:01:33.985Z",
                "type": "CANCEL",
                "source": "hotkey",
                "_t": "15:01:33",
                "_end": "-",
                "data": {
                    "time": 95.668614,
                    "type": "cutting",
                    "editting": false
                }
            },
            {
                "time": "2019-09-20T21:01:38.576Z",
                "type": "CANCEL",
                "source": "hotkey",
                "_t": "15:01:38",
                "_end": "-",
                "data": {
                    "editting": false
                }
            },
            {
                "time": "2019-09-20T21:01:49.215Z",
                "type": "START",
                "source": "hotkey",
                "_t": "15:01:49",
                "_end": "-",
                "data": {
                    "type": "measuring",
                    "time": 101.114144
                }
            }
        ],
        "navigationEvents": [
            {
                "time": {
                    "start": "2019-09-20T20:58:16.499Z",
                    "end": "2019-09-20T20:58:57.010Z"
                },
                "type": "SCRUB",
                "source": "data:drag",
                "_t": "14:58:16",
                "_end": "14:58:57",
                "data": {
                    "time": 35.278448237073356
                }
            },
            {
                "time": {
                    "start": "2019-09-20T20:58:58.303Z",
                    "end": "2019-09-20T20:58:58.359Z"
                },
                "type": "SCRUB",
                "source": "video:drag",
                "_t": "14:58:58",
                "_end": "14:58:58",
                "data": {
                    "to": 217.78834473969076,
                    "from": 36.464677
                }
            },
            {
                "time": "2019-09-20T20:59:03.625Z",
                "type": "CHANGE-PLAYBACK-RATE",
                "source": "video:menu",
                "_t": "14:59:03",
                "_end": "-",
                "data": {
                    "oldRate": 1,
                    "newRate": 1.5
                }
            },
            {
                "time": {
                    "start": "2019-09-20T20:58:16.499Z",
                    "end": "2019-09-20T20:59:04.703Z"
                },
                "type": "SCRUB",
                "source": "data:drag",
                "_t": "14:58:16",
                "_end": "14:59:04",
                "data": {
                    "time": 113.63188774609823
                }
            },
            {
                "time": {
                    "start": "2019-09-20T20:58:16.499Z",
                    "end": "2019-09-20T20:59:09.442Z"
                },
                "type": "SCRUB",
                "source": "data:drag",
                "_t": "14:58:16",
                "_end": "14:59:09",
                "data": {
                    "time": 96.17693678463561
                }
            },
            {
                "time": {
                    "start": "2019-09-20T20:58:16.499Z",
                    "end": "2019-09-20T20:59:10.990Z"
                },
                "type": "SCRUB",
                "source": "data:drag",
                "_t": "14:58:16",
                "_end": "14:59:10",
                "data": {
                    "time": 90.327581
                }
            },
            {
                "time": {
                    "start": "2019-09-20T20:58:16.499Z",
                    "end": "2019-09-20T20:59:13.506Z"
                },
                "type": "SCRUB",
                "source": "data:drag",
                "_t": "14:58:16",
                "_end": "14:59:13",
                "data": {
                    "time": 34.567417
                }
            },
            {
                "time": {
                    "start": "2019-09-20T20:58:16.499Z",
                    "end": "2019-09-20T20:59:17.009Z"
                },
                "type": "SCRUB",
                "source": "data:drag",
                "_t": "14:58:16",
                "_end": "14:59:17",
                "data": {
                    "time": 26.324983
                }
            },
            {
                "time": "2019-09-20T20:59:18.788Z",
                "type": "PAUSE",
                "source": "video:button",
                "_t": "14:59:18",
                "_end": "-"
            },
            {
                "time": "2019-09-20T20:59:20.689Z",
                "type": "CHANGE-PLAYBACK-RATE",
                "source": "video:menu",
                "_t": "14:59:20",
                "_end": "-",
                "data": {
                    "oldRate": 1.5,
                    "newRate": 0.5
                }
            },
            {
                "time": "2019-09-20T20:59:21.124Z",
                "type": "PLAY",
                "source": "hotkey",
                "_t": "14:59:21",
                "_end": "-",
                "data": {
                    "key": "space"
                }
            },
            {
                "time": "2019-09-20T20:59:25.106Z",
                "type": "SKIP",
                "source": "hotkey",
                "_t": "14:59:25",
                "_end": "-",
                "data": {
                    "t": 31.09639,
                    "Δt": 5,
                    "key": "right"
                }
            },
            {
                "time": "2019-09-20T20:59:25.492Z",
                "type": "SKIP",
                "source": "hotkey",
                "_t": "14:59:25",
                "_end": "-",
                "data": {
                    "t": 36.256494,
                    "Δt": -5,
                    "key": "left"
                }
            },
            {
                "time": "2019-09-20T20:59:32.977Z",
                "type": "PAUSE",
                "source": "hotkey",
                "_t": "14:59:32",
                "_end": "-",
                "data": {
                    "key": "space"
                }
            },
            {
                "time": {
                    "start": "2019-09-20T20:58:16.499Z",
                    "end": "2019-09-20T20:59:35.893Z"
                },
                "type": "SCRUB",
                "source": "data:drag",
                "_t": "14:58:16",
                "_end": "14:59:35",
                "data": {
                    "time": 34.934556
                }
            },
            {
                "time": {
                    "start": "2019-09-20T20:58:16.499Z",
                    "end": "2019-09-20T20:59:36.450Z"
                },
                "type": "SCRUB",
                "source": "data:drag",
                "_t": "14:58:16",
                "_end": "14:59:36",
                "data": {
                    "time": 34.934556
                }
            },
            {
                "time": "2019-09-20T20:59:40.458Z",
                "type": "PLAY",
                "source": "hotkey",
                "_t": "14:59:40",
                "_end": "-",
                "data": {
                    "key": "space"
                }
            },
            {
                "time": "2019-09-20T20:59:46.278Z",
                "type": "PAUSE",
                "source": "hotkey",
                "_t": "14:59:46",
                "_end": "-",
                "data": {
                    "key": "space"
                }
            },
            {
                "time": "2019-09-20T20:59:49.310Z",
                "type": "PLAY",
                "source": "hotkey",
                "_t": "14:59:49",
                "_end": "-",
                "data": {
                    "key": "space"
                }
            },
            {
                "time": "2019-09-20T20:59:52.388Z",
                "type": "PAUSE",
                "source": "hotkey",
                "_t": "14:59:52",
                "_end": "-",
                "data": {
                    "key": "space"
                }
            },
            {
                "time": "2019-09-20T20:59:53.441Z",
                "type": "PLAY",
                "source": "hotkey",
                "_t": "14:59:53",
                "_end": "-",
                "data": {
                    "key": "space"
                }
            },
            {
                "time": "2019-09-20T20:59:59.683Z",
                "type": "SKIP",
                "source": "hotkey",
                "_t": "14:59:59",
                "_end": "-",
                "data": {
                    "t": 42.497118,
                    "Δt": 5,
                    "key": "right"
                }
            },
            {
                "time": "2019-09-20T21:00:11.123Z",
                "type": "PAUSE",
                "source": "hotkey",
                "_t": "15:00:11",
                "_end": "-",
                "data": {
                    "key": "space"
                }
            },
            {
                "time": "2019-09-20T21:00:14.810Z",
                "type": "CHANGE-PLAYBACK-RATE",
                "source": "video:menu",
                "_t": "15:00:14",
                "_end": "-",
                "data": {
                    "oldRate": 0.5,
                    "newRate": 1
                }
            },
            {
                "time": "2019-09-20T21:00:15.701Z",
                "type": "PLAY",
                "source": "hotkey",
                "_t": "15:00:15",
                "_end": "-",
                "data": {
                    "key": "space"
                }
            },
            {
                "time": "2019-09-20T21:00:44.342Z",
                "type": "PAUSE",
                "source": "hotkey",
                "_t": "15:00:44",
                "_end": "-",
                "data": {
                    "key": "space"
                }
            },
            {
                "time": {
                    "start": "2019-09-20T20:58:16.499Z",
                    "end": "2019-09-20T21:00:47.893Z"
                },
                "type": "SCRUB",
                "source": "data:drag",
                "_t": "14:58:16",
                "_end": "15:00:47",
                "data": {
                    "time": 81.718242
                }
            },
            {
                "time": {
                    "start": "2019-09-20T20:58:16.499Z",
                    "end": "2019-09-20T21:00:48.387Z"
                },
                "type": "SCRUB",
                "source": "data:drag",
                "_t": "14:58:16",
                "_end": "15:00:48",
                "data": {
                    "time": 81.718242
                }
            },
            {
                "time": "2019-09-20T21:00:51.586Z",
                "type": "SKIP",
                "source": "hotkey",
                "_t": "15:00:51",
                "_end": "-",
                "data": {
                    "t": 81.718242,
                    "Δt": -1,
                    "key": "left"
                }
            },
            {
                "time": "2019-09-20T21:00:52.323Z",
                "type": "PLAY",
                "source": "hotkey",
                "_t": "15:00:52",
                "_end": "-",
                "data": {
                    "key": "space"
                }
            },
            {
                "time": "2019-09-20T21:00:54.466Z",
                "type": "SKIP",
                "source": "hotkey",
                "_t": "15:00:54",
                "_end": "-",
                "data": {
                    "t": 82.834825,
                    "Δt": -5,
                    "key": "left"
                }
            },
            {
                "time": "2019-09-20T21:01:03.474Z",
                "type": "SKIP",
                "source": "hotkey",
                "_t": "15:01:03",
                "_end": "-",
                "data": {
                    "t": 86.672387,
                    "Δt": -5,
                    "key": "left"
                }
            },
            {
                "time": "2019-09-20T21:01:12.705Z",
                "type": "CHANGE-PLAYBACK-RATE",
                "source": "hotkey:up",
                "_t": "15:01:12",
                "_end": "-",
                "data": {
                    "oldRate": 1,
                    "newRate": 1.5
                }
            },
            {
                "time": "2019-09-20T21:01:13.073Z",
                "type": "SKIP",
                "source": "hotkey",
                "_t": "15:01:13",
                "_end": "-",
                "data": {
                    "t": 91.330459,
                    "Δt": -5,
                    "key": "left"
                }
            },
            {
                "time": "2019-09-20T21:01:15.183Z",
                "type": "PAUSE",
                "source": "hotkey",
                "_t": "15:01:15",
                "_end": "-",
                "data": {
                    "key": "space"
                }
            },
            {
                "time": {
                    "start": "2019-09-20T20:58:16.499Z",
                    "end": "2019-09-20T21:01:16.668Z"
                },
                "type": "SCRUB",
                "source": "data:drag",
                "_t": "14:58:16",
                "_end": "15:01:16",
                "data": {
                    "time": 89.272115
                }
            },
            {
                "time": "2019-09-20T21:01:18.722Z",
                "type": "SKIP",
                "source": "hotkey",
                "_t": "15:01:18",
                "_end": "-",
                "data": {
                    "t": 89.272115,
                    "Δt": -1,
                    "key": "left"
                }
            },
            {
                "time": "2019-09-20T21:01:19.362Z",
                "type": "SKIP",
                "source": "hotkey",
                "_t": "15:01:19",
                "_end": "-",
                "data": {
                    "t": 88.272115,
                    "Δt": -1,
                    "key": "left"
                }
            },
            {
                "time": "2019-09-20T21:01:19.986Z",
                "type": "SKIP",
                "source": "hotkey",
                "_t": "15:01:19",
                "_end": "-",
                "data": {
                    "t": 87.272115,
                    "Δt": -1,
                    "key": "left"
                }
            },
            {
                "time": "2019-09-20T21:01:20.530Z",
                "type": "PLAY",
                "source": "hotkey",
                "_t": "15:01:20",
                "_end": "-",
                "data": {
                    "key": "space"
                }
            },
            {
                "time": "2019-09-20T21:01:22.497Z",
                "type": "SKIP",
                "source": "hotkey",
                "_t": "15:01:22",
                "_end": "-",
                "data": {
                    "t": 89.184208,
                    "Δt": -5,
                    "key": "left"
                }
            },
            {
                "time": "2019-09-20T21:01:27.698Z",
                "type": "SKIP",
                "source": "hotkey",
                "_t": "15:01:27",
                "_end": "-",
                "data": {
                    "t": 91.793458,
                    "Δt": -5,
                    "key": "left"
                }
            },
            {
                "time": "2019-09-20T21:01:40.073Z",
                "type": "PAUSE",
                "source": "hotkey",
                "_t": "15:01:40",
                "_end": "-",
                "data": {
                    "key": "space"
                }
            },
            {
                "time": "2019-09-20T21:01:44.978Z",
                "type": "PLAY",
                "source": "video:button",
                "_t": "15:01:44",
                "_end": "-"
            },
            {
                "time": "2019-09-20T21:01:45.669Z",
                "type": "SKIP",
                "source": "hotkey",
                "_t": "15:01:45",
                "_end": "-",
                "data": {
                    "t": 106.168833,
                    "Δt": -5,
                    "key": "left"
                }
            },
            {
                "time": "2019-09-20T21:01:46.708Z",
                "type": "SKIP",
                "source": "hotkey",
                "_t": "15:01:46",
                "_end": "-",
                "data": {
                    "t": 102.485426,
                    "Δt": -5,
                    "key": "left"
                }
            }
        ]
    }
}