[{"time":34.934556,"endTime":37.237431,"type":"cutting","id":1},{"time":51.012024,"endTime":53.112774,"type":"measuring","id":2},{"time":59.54543,"endTime":64.482284,"type":"cutting","id":3},{"time":69.135971,"endTime":76.137534,"type":"cutting","id":4},{"time":79.1742,"endTime":81.703408,"type":"cutting","id":5},{"time":83.345199,"endTime":85.953845,"type":"cutting","id":6},{"time":87.624114,"endTime":88.999614,"type":"cutting","id":7},{"time":90.48527,"endTime":92.261208,"type":"cutting","id":8},{"time":92.925301,"endTime":95.668614,"type":"cutting","id":9}]