{
    "user_id": "tan5",
    "session_id": "5d7bb30c81249f67dd06acc3",
    "study": "studyE",
    "workspace": "drywall.drywall-orange",
    "details": {
        "workspace": "drywall.drywall-orange",
        "labels": [
            {
                "time": 32.564996,
                "endTime": 37.494996,
                "type": "cutting",
                "id": 1
            },
            {
                "time": 50.937454,
                "endTime": 53.218183,
                "type": "measuring",
                "id": 2
            },
            {
                "time": 58.873683,
                "endTime": 64.203642,
                "type": "cutting",
                "id": 3
            },
            {
                "time": 69.249558,
                "endTime": 76.462808,
                "type": "cutting",
                "id": 4
            },
            {
                "time": 79.515912,
                "endTime": 81.670767,
                "type": "cutting",
                "id": 5
            },
            {
                "time": 82.158829,
                "endTime": 86.474725,
                "type": "cutting",
                "id": 6
            },
            {
                "time": 87.380911,
                "endTime": 88.765057,
                "type": "cutting",
                "id": 7
            },
            {
                "time": 89.375911,
                "endTime": 92.232766,
                "type": "cutting",
                "id": 8
            },
            {
                "time": 92.639495,
                "endTime": 96.058828,
                "type": "cutting",
                "id": 9
            }
        ],
        "_starts": [
            "2019-09-13T15:33:53.000Z"
        ],
        "_ends": [
            "2019-09-13T15:37:29.962Z"
        ]
    },
    "labels_file": "/home/ubuntu/vat/data/user-studies/studyE/drywall-orange/tan5.labels.json",
    "videoFlash": 3.411767,
    "surveys": {
        "user-info": {
            "firstname": "Alison",
            "lastname": "Jepsen",
            "email": "adjopen@gmail.com"
        },
        "practice-first": {
            "question1": "4",
            "question2": "ok",
            "question3": "70",
            "question4": "3"
        },
        "practice-second": {},
        "practice-third": {},
        "practice-survey": {},
        "drywall-blue": {
            "question1": "5",
            "question2": "5",
            "question3": "20",
            "question4": "80"
        },
        "drywall-red": {
            "question1": "1",
            "question2": "2",
            "question3": "20",
            "question4": "20"
        }
    },
    "logs": {
        "labelEvents": [
            {
                "time": "2019-09-13T15:35:13.855Z",
                "type": "START",
                "source": "hotkey",
                "_t": "09:35:13",
                "_end": "-",
                "data": {
                    "type": "cutting",
                    "time": 32.564996
                }
            },
            {
                "time": "2019-09-13T15:35:18.778Z",
                "type": "END",
                "source": "hotkey:ctb",
                "_t": "09:35:18",
                "_end": "-",
                "data": {
                    "lbl": {
                        "time": 32.564996,
                        "endTime": 37.494996,
                        "type": "cutting",
                        "id": 1
                    },
                    "key": "enter"
                }
            },
            {
                "time": "2019-09-13T15:35:19.307Z",
                "type": "START",
                "source": "hotkey",
                "_t": "09:35:19",
                "_end": "-",
                "data": {
                    "type": "cutting",
                    "time": 38.023558
                }
            },
            {
                "time": "2019-09-13T15:35:21.274Z",
                "type": "END",
                "source": "hotkey:ctb",
                "_t": "09:35:21",
                "_end": "-",
                "data": {
                    "lbl": {
                        "time": 38.023558,
                        "endTime": 39.975558,
                        "type": "cutting",
                        "id": 2
                    },
                    "key": "enter"
                }
            },
            {
                "time": "2019-09-13T15:35:23.093Z",
                "type": "SELECT",
                "source": "data:click",
                "_t": "09:35:23",
                "_end": "-",
                "data": {
                    "time": 38.023558,
                    "endTime": 39.975558,
                    "type": "cutting",
                    "id": 2
                }
            },
            {
                "time": "2019-09-13T15:35:24.021Z",
                "type": "DELETE",
                "source": "hotkey",
                "_t": "09:35:24",
                "_end": "-",
                "data": {
                    "id": 2,
                    "idx": 1
                }
            },
            {
                "time": "2019-09-13T15:35:32.202Z",
                "type": "START",
                "source": "hotkey",
                "_t": "09:35:32",
                "_end": "-",
                "data": {
                    "type": "measuring",
                    "time": 50.937454
                }
            },
            {
                "time": "2019-09-13T15:35:34.530Z",
                "type": "END",
                "source": "hotkey:ctb",
                "_t": "09:35:34",
                "_end": "-",
                "data": {
                    "lbl": {
                        "time": 50.937454,
                        "endTime": 53.218183,
                        "type": "measuring",
                        "id": 2
                    },
                    "key": "enter"
                }
            },
            {
                "time": "2019-09-13T15:35:40.172Z",
                "type": "START",
                "source": "hotkey",
                "_t": "09:35:40",
                "_end": "-",
                "data": {
                    "type": "cutting",
                    "time": 58.873683
                }
            },
            {
                "time": "2019-09-13T15:35:45.478Z",
                "type": "END",
                "source": "hotkey:ctb",
                "_t": "09:35:45",
                "_end": "-",
                "data": {
                    "lbl": {
                        "time": 58.873683,
                        "endTime": 64.203642,
                        "type": "cutting",
                        "id": 3
                    },
                    "key": "enter"
                }
            },
            {
                "time": "2019-09-13T15:35:50.523Z",
                "type": "START",
                "source": "hotkey",
                "_t": "09:35:50",
                "_end": "-",
                "data": {
                    "type": "cutting",
                    "time": 69.249558
                }
            },
            {
                "time": "2019-09-13T15:35:57.738Z",
                "type": "END",
                "source": "hotkey:ctb",
                "_t": "09:35:57",
                "_end": "-",
                "data": {
                    "lbl": {
                        "time": 69.249558,
                        "endTime": 76.462808,
                        "type": "cutting",
                        "id": 4
                    },
                    "key": "enter"
                }
            },
            {
                "time": "2019-09-13T15:36:00.811Z",
                "type": "START",
                "source": "hotkey",
                "_t": "09:36:00",
                "_end": "-",
                "data": {
                    "type": "cutting",
                    "time": 79.515912
                }
            },
            {
                "time": "2019-09-13T15:36:02.971Z",
                "type": "END",
                "source": "hotkey:ctb",
                "_t": "09:36:02",
                "_end": "-",
                "data": {
                    "lbl": {
                        "time": 79.515912,
                        "endTime": 81.670767,
                        "type": "cutting",
                        "id": 5
                    },
                    "key": "enter"
                }
            },
            {
                "time": "2019-09-13T15:36:03.431Z",
                "type": "START",
                "source": "hotkey",
                "_t": "09:36:03",
                "_end": "-",
                "data": {
                    "type": "cutting",
                    "time": 82.158829
                }
            },
            {
                "time": "2019-09-13T15:36:07.770Z",
                "type": "END",
                "source": "hotkey:ctb",
                "_t": "09:36:07",
                "_end": "-",
                "data": {
                    "lbl": {
                        "time": 82.158829,
                        "endTime": 86.474725,
                        "type": "cutting",
                        "id": 6
                    },
                    "key": "enter"
                }
            },
            {
                "time": "2019-09-13T15:36:12.941Z",
                "type": "SELECT",
                "source": "data:click",
                "_t": "09:36:12",
                "_end": "-",
                "data": {
                    "time": 82.158829,
                    "endTime": 86.474725,
                    "type": "cutting",
                    "id": 6
                }
            },
            {
                "time": "2019-09-13T15:36:16.715Z",
                "type": "DESELECT",
                "source": "data:click",
                "_t": "09:36:16",
                "_end": "-",
                "data": {
                    "time": 82.158829,
                    "endTime": 86.474725,
                    "type": "cutting",
                    "id": 6
                }
            },
            {
                "time": "2019-09-13T15:36:25.305Z",
                "type": "START",
                "source": "hotkey",
                "_t": "09:36:25",
                "_end": "-",
                "data": {
                    "type": "cutting",
                    "time": 86.609621
                }
            },
            {
                "time": "2019-09-13T15:36:28.145Z",
                "type": "START",
                "source": "hotkey",
                "_t": "09:36:28",
                "_end": "-",
                "data": {
                    "type": "cutting",
                    "time": 89.463329
                }
            },
            {
                "time": "2019-09-13T15:36:32.409Z",
                "type": "START",
                "source": "hotkey",
                "_t": "09:36:32",
                "_end": "-",
                "data": {
                    "type": "cutting",
                    "time": 93.702537
                }
            },
            {
                "time": "2019-09-13T15:36:37.356Z",
                "type": "END",
                "source": "hotkey:ctb",
                "_t": "09:36:37",
                "_end": "-",
                "data": {
                    "lbl": {
                        "time": 93.702537,
                        "endTime": 98.650391,
                        "type": "cutting",
                        "id": 9
                    },
                    "key": "enter"
                }
            },
            {
                "time": "2019-09-13T15:36:40.707Z",
                "type": "SELECT",
                "source": "data:click",
                "_t": "09:36:40",
                "_end": "-",
                "data": {
                    "time": 86.609621,
                    "endTime": 89.463329,
                    "type": "cutting",
                    "id": 7
                }
            },
            {
                "time": "2019-09-13T15:36:41.606Z",
                "type": "DESELECT",
                "source": "data:click",
                "_t": "09:36:41",
                "_end": "-",
                "data": {
                    "time": 86.609621,
                    "endTime": 89.463329,
                    "type": "cutting",
                    "id": 7
                }
            },
            {
                "time": "2019-09-13T15:36:42.653Z",
                "type": "SELECT",
                "source": "data:click",
                "_t": "09:36:42",
                "_end": "-",
                "data": {
                    "time": 89.463329,
                    "endTime": 93.702537,
                    "type": "cutting",
                    "id": 8
                }
            },
            {
                "time": "2019-09-13T15:36:43.590Z",
                "type": "DESELECT",
                "source": "data:click",
                "_t": "09:36:43",
                "_end": "-",
                "data": {
                    "time": 89.463329,
                    "endTime": 93.702537,
                    "type": "cutting",
                    "id": 8
                }
            },
            {
                "time": "2019-09-13T15:36:44.195Z",
                "type": "SELECT",
                "source": "data:click",
                "_t": "09:36:44",
                "_end": "-",
                "data": {
                    "time": 93.702537,
                    "endTime": 98.650391,
                    "type": "cutting",
                    "id": 9
                }
            },
            {
                "time": "2019-09-13T15:36:45.085Z",
                "type": "DESELECT",
                "source": "data:click",
                "_t": "09:36:45",
                "_end": "-",
                "data": {
                    "time": 93.702537,
                    "endTime": 98.650391,
                    "type": "cutting",
                    "id": 9
                }
            },
            {
                "time": "2019-09-13T15:36:49.094Z",
                "type": "SELECT",
                "source": "data:click",
                "_t": "09:36:49",
                "_end": "-",
                "data": {
                    "time": 89.463329,
                    "endTime": 93.702537,
                    "type": "cutting",
                    "id": 8
                }
            },
            {
                "time": "2019-09-13T15:36:50.118Z",
                "type": "DELETE",
                "source": "hotkey",
                "_t": "09:36:50",
                "_end": "-",
                "data": {
                    "id": 8,
                    "idx": 7
                }
            },
            {
                "time": "2019-09-13T15:36:50.628Z",
                "type": "SELECT",
                "source": "data:click",
                "_t": "09:36:50",
                "_end": "-",
                "data": {
                    "time": 93.702537,
                    "endTime": 98.650391,
                    "type": "cutting",
                    "id": 9
                }
            },
            {
                "time": "2019-09-13T15:36:50.967Z",
                "type": "DELETE",
                "source": "hotkey",
                "_t": "09:36:50",
                "_end": "-",
                "data": {
                    "id": 9,
                    "idx": 7
                }
            },
            {
                "time": "2019-09-13T15:36:52.494Z",
                "type": "SELECT",
                "source": "data:click",
                "_t": "09:36:52",
                "_end": "-",
                "data": {
                    "time": 82.158829,
                    "endTime": 86.474725,
                    "type": "cutting",
                    "id": 6
                }
            },
            {
                "time": "2019-09-13T15:36:57.488Z",
                "type": "DESELECT",
                "source": "data:click",
                "_t": "09:36:57",
                "_end": "-",
                "data": {
                    "time": 82.158829,
                    "endTime": 86.474725,
                    "type": "cutting",
                    "id": 6
                }
            },
            {
                "time": "2019-09-13T15:36:57.979Z",
                "type": "SELECT",
                "source": "data:click",
                "_t": "09:36:57",
                "_end": "-",
                "data": {
                    "time": 86.609621,
                    "endTime": 89.463329,
                    "type": "cutting",
                    "id": 7
                }
            },
            {
                "time": "2019-09-13T15:36:58.775Z",
                "type": "DELETE",
                "source": "hotkey",
                "_t": "09:36:58",
                "_end": "-",
                "data": {
                    "id": 7,
                    "idx": 6
                }
            },
            {
                "time": "2019-09-13T15:37:03.338Z",
                "type": "START",
                "source": "hotkey",
                "_t": "09:37:03",
                "_end": "-",
                "data": {
                    "type": "cutting",
                    "time": 87.380911
                }
            },
            {
                "time": "2019-09-13T15:37:04.732Z",
                "type": "END",
                "source": "hotkey:ctb",
                "_t": "09:37:04",
                "_end": "-",
                "data": {
                    "lbl": {
                        "time": 87.380911,
                        "endTime": 88.765057,
                        "type": "cutting",
                        "id": 7
                    },
                    "key": "enter"
                }
            },
            {
                "time": "2019-09-13T15:37:05.324Z",
                "type": "START",
                "source": "hotkey",
                "_t": "09:37:05",
                "_end": "-",
                "data": {
                    "type": "cutting",
                    "time": 89.375911
                }
            },
            {
                "time": "2019-09-13T15:37:08.216Z",
                "type": "END",
                "source": "hotkey:ctb",
                "_t": "09:37:08",
                "_end": "-",
                "data": {
                    "lbl": {
                        "time": 89.375911,
                        "endTime": 92.232766,
                        "type": "cutting",
                        "id": 8
                    },
                    "key": "enter"
                }
            },
            {
                "time": "2019-09-13T15:37:08.590Z",
                "type": "START",
                "source": "hotkey",
                "_t": "09:37:08",
                "_end": "-",
                "data": {
                    "type": "cutting",
                    "time": 92.639495
                }
            },
            {
                "time": "2019-09-13T15:37:12.052Z",
                "type": "END",
                "source": "hotkey:ctb",
                "_t": "09:37:12",
                "_end": "-",
                "data": {
                    "lbl": {
                        "time": 92.639495,
                        "endTime": 96.058828,
                        "type": "cutting",
                        "id": 9
                    },
                    "key": "enter"
                }
            }
        ],
        "navigationEvents": [
            {
                "time": {
                    "start": "2019-09-13T15:34:38.304Z",
                    "end": "2019-09-13T15:34:38.347Z"
                },
                "type": "SCRUB",
                "source": "video:drag",
                "_t": "09:34:38",
                "_end": "09:34:38",
                "data": {
                    "to": 32.21721076030928,
                    "from": 9.147267
                }
            },
            {
                "time": {
                    "start": "2019-09-13T15:34:41.137Z",
                    "end": "2019-09-13T15:34:41.207Z"
                },
                "type": "SCRUB",
                "source": "video:drag",
                "_t": "09:34:41",
                "_end": "09:34:41",
                "data": {
                    "to": 14.175572734536082,
                    "from": 34.897252
                }
            },
            {
                "time": {
                    "start": "2019-09-13T15:33:53.289Z",
                    "end": "2019-09-13T15:35:23.093Z"
                },
                "type": "SCRUB",
                "source": "data:drag",
                "_t": "09:33:53",
                "_end": "09:35:23",
                "data": {
                    "time": 41.805267
                }
            },
            {
                "time": {
                    "start": "2019-09-13T15:33:53.289Z",
                    "end": "2019-09-13T15:36:12.936Z"
                },
                "type": "SCRUB",
                "source": "data:drag",
                "_t": "09:33:53",
                "_end": "09:36:12",
                "data": {
                    "time": 91.641392
                }
            },
            {
                "time": "2019-09-13T15:36:15.799Z",
                "type": "PAUSE",
                "source": "video:button",
                "_t": "09:36:15",
                "_end": "-"
            },
            {
                "time": {
                    "start": "2019-09-13T15:33:53.289Z",
                    "end": "2019-09-13T15:36:16.714Z"
                },
                "type": "SCRUB",
                "source": "data:drag",
                "_t": "09:33:53",
                "_end": "09:36:16",
                "data": {
                    "time": 94.537996
                }
            },
            {
                "time": "2019-09-13T15:36:17.881Z",
                "type": "SKIP",
                "source": "hotkey",
                "_t": "09:36:17",
                "_end": "-",
                "data": {
                    "t": 94.537996,
                    "Δt": -1,
                    "key": "left"
                }
            },
            {
                "time": "2019-09-13T15:36:18.298Z",
                "type": "SKIP",
                "source": "hotkey",
                "_t": "09:36:18",
                "_end": "-",
                "data": {
                    "t": 93.537996,
                    "Δt": -1,
                    "key": "left"
                }
            },
            {
                "time": "2019-09-13T15:36:18.488Z",
                "type": "SKIP",
                "source": "hotkey",
                "_t": "09:36:18",
                "_end": "-",
                "data": {
                    "t": 92.537996,
                    "Δt": -1,
                    "key": "left"
                }
            },
            {
                "time": "2019-09-13T15:36:18.630Z",
                "type": "SKIP",
                "source": "hotkey",
                "_t": "09:36:18",
                "_end": "-",
                "data": {
                    "t": 91.537996,
                    "Δt": -1,
                    "key": "left"
                }
            },
            {
                "time": "2019-09-13T15:36:18.790Z",
                "type": "SKIP",
                "source": "hotkey",
                "_t": "09:36:18",
                "_end": "-",
                "data": {
                    "t": 90.537996,
                    "Δt": -1,
                    "key": "left"
                }
            },
            {
                "time": "2019-09-13T15:36:18.967Z",
                "type": "SKIP",
                "source": "hotkey",
                "_t": "09:36:18",
                "_end": "-",
                "data": {
                    "t": 89.537996,
                    "Δt": -1,
                    "key": "left"
                }
            },
            {
                "time": "2019-09-13T15:36:19.142Z",
                "type": "SKIP",
                "source": "hotkey",
                "_t": "09:36:19",
                "_end": "-",
                "data": {
                    "t": 88.537996,
                    "Δt": -1,
                    "key": "left"
                }
            },
            {
                "time": "2019-09-13T15:36:19.286Z",
                "type": "SKIP",
                "source": "hotkey",
                "_t": "09:36:19",
                "_end": "-",
                "data": {
                    "t": 87.537996,
                    "Δt": -1,
                    "key": "left"
                }
            },
            {
                "time": "2019-09-13T15:36:19.433Z",
                "type": "SKIP",
                "source": "hotkey",
                "_t": "09:36:19",
                "_end": "-",
                "data": {
                    "t": 86.537996,
                    "Δt": -1,
                    "key": "left"
                }
            },
            {
                "time": "2019-09-13T15:36:19.589Z",
                "type": "SKIP",
                "source": "hotkey",
                "_t": "09:36:19",
                "_end": "-",
                "data": {
                    "t": 85.537996,
                    "Δt": -1,
                    "key": "left"
                }
            },
            {
                "time": "2019-09-13T15:36:19.750Z",
                "type": "SKIP",
                "source": "hotkey",
                "_t": "09:36:19",
                "_end": "-",
                "data": {
                    "t": 84.537996,
                    "Δt": -1,
                    "key": "left"
                }
            },
            {
                "time": "2019-09-13T15:36:19.892Z",
                "type": "SKIP",
                "source": "hotkey",
                "_t": "09:36:19",
                "_end": "-",
                "data": {
                    "t": 83.537996,
                    "Δt": -1,
                    "key": "left"
                }
            },
            {
                "time": "2019-09-13T15:36:21.190Z",
                "type": "PLAY",
                "source": "video:button",
                "_t": "09:36:21",
                "_end": "-"
            },
            {
                "time": "2019-09-13T15:36:38.747Z",
                "type": "PAUSE",
                "source": "video:button",
                "_t": "09:36:38",
                "_end": "-"
            },
            {
                "time": {
                    "start": "2019-09-13T15:33:53.289Z",
                    "end": "2019-09-13T15:36:40.698Z"
                },
                "type": "SCRUB",
                "source": "data:drag",
                "_t": "09:33:53",
                "_end": "09:36:40",
                "data": {
                    "time": 100.037641
                }
            },
            {
                "time": {
                    "start": "2019-09-13T15:33:53.289Z",
                    "end": "2019-09-13T15:36:41.601Z"
                },
                "type": "SCRUB",
                "source": "data:drag",
                "_t": "09:33:53",
                "_end": "09:36:41",
                "data": {
                    "time": 100.037641
                }
            },
            {
                "time": {
                    "start": "2019-09-13T15:33:53.289Z",
                    "end": "2019-09-13T15:36:42.648Z"
                },
                "type": "SCRUB",
                "source": "data:drag",
                "_t": "09:33:53",
                "_end": "09:36:42",
                "data": {
                    "time": 100.037641
                }
            },
            {
                "time": {
                    "start": "2019-09-13T15:33:53.289Z",
                    "end": "2019-09-13T15:36:43.589Z"
                },
                "type": "SCRUB",
                "source": "data:drag",
                "_t": "09:33:53",
                "_end": "09:36:43",
                "data": {
                    "time": 100.037641
                }
            },
            {
                "time": {
                    "start": "2019-09-13T15:33:53.289Z",
                    "end": "2019-09-13T15:36:44.192Z"
                },
                "type": "SCRUB",
                "source": "data:drag",
                "_t": "09:33:53",
                "_end": "09:36:44",
                "data": {
                    "time": 100.037641
                }
            },
            {
                "time": {
                    "start": "2019-09-13T15:33:53.289Z",
                    "end": "2019-09-13T15:36:45.084Z"
                },
                "type": "SCRUB",
                "source": "data:drag",
                "_t": "09:33:53",
                "_end": "09:36:45",
                "data": {
                    "time": 100.037641
                }
            },
            {
                "time": "2019-09-13T15:36:46.167Z",
                "type": "SKIP",
                "source": "hotkey",
                "_t": "09:36:46",
                "_end": "-",
                "data": {
                    "t": 100.037641,
                    "Δt": -1,
                    "key": "left"
                }
            },
            {
                "time": "2019-09-13T15:36:46.376Z",
                "type": "SKIP",
                "source": "hotkey",
                "_t": "09:36:46",
                "_end": "-",
                "data": {
                    "t": 99.037641,
                    "Δt": -1,
                    "key": "left"
                }
            },
            {
                "time": "2019-09-13T15:36:46.582Z",
                "type": "SKIP",
                "source": "hotkey",
                "_t": "09:36:46",
                "_end": "-",
                "data": {
                    "t": 98.037641,
                    "Δt": -1,
                    "key": "left"
                }
            },
            {
                "time": "2019-09-13T15:36:46.741Z",
                "type": "SKIP",
                "source": "hotkey",
                "_t": "09:36:46",
                "_end": "-",
                "data": {
                    "t": 97.037641,
                    "Δt": -1,
                    "key": "left"
                }
            },
            {
                "time": "2019-09-13T15:36:47.242Z",
                "type": "SKIP",
                "source": "hotkey",
                "_t": "09:36:47",
                "_end": "-",
                "data": {
                    "t": 96.037641,
                    "Δt": -1,
                    "key": "left"
                }
            },
            {
                "time": "2019-09-13T15:36:47.274Z",
                "type": "SKIP",
                "source": "hotkey",
                "_t": "09:36:47",
                "_end": "-",
                "data": {
                    "t": 95.037641,
                    "Δt": -1,
                    "key": "left"
                }
            },
            {
                "time": "2019-09-13T15:36:47.307Z",
                "type": "SKIP",
                "source": "hotkey",
                "_t": "09:36:47",
                "_end": "-",
                "data": {
                    "t": 94.037641,
                    "Δt": -1,
                    "key": "left"
                }
            },
            {
                "time": "2019-09-13T15:36:47.357Z",
                "type": "SKIP",
                "source": "hotkey",
                "_t": "09:36:47",
                "_end": "-",
                "data": {
                    "t": 93.037641,
                    "Δt": -1,
                    "key": "left"
                }
            },
            {
                "time": "2019-09-13T15:36:47.671Z",
                "type": "SKIP",
                "source": "hotkey",
                "_t": "09:36:47",
                "_end": "-",
                "data": {
                    "t": 92.037641,
                    "Δt": -1,
                    "key": "left"
                }
            },
            {
                "time": "2019-09-13T15:36:47.913Z",
                "type": "SKIP",
                "source": "hotkey",
                "_t": "09:36:47",
                "_end": "-",
                "data": {
                    "t": 91.037641,
                    "Δt": -1,
                    "key": "left"
                }
            },
            {
                "time": "2019-09-13T15:36:48.121Z",
                "type": "SKIP",
                "source": "hotkey",
                "_t": "09:36:48",
                "_end": "-",
                "data": {
                    "t": 90.037641,
                    "Δt": -1,
                    "key": "left"
                }
            },
            {
                "time": "2019-09-13T15:36:48.295Z",
                "type": "SKIP",
                "source": "hotkey",
                "_t": "09:36:48",
                "_end": "-",
                "data": {
                    "t": 89.037641,
                    "Δt": -1,
                    "key": "left"
                }
            },
            {
                "time": "2019-09-13T15:36:48.487Z",
                "type": "SKIP",
                "source": "hotkey",
                "_t": "09:36:48",
                "_end": "-",
                "data": {
                    "t": 88.037641,
                    "Δt": -1,
                    "key": "left"
                }
            },
            {
                "time": {
                    "start": "2019-09-13T15:33:53.289Z",
                    "end": "2019-09-13T15:36:49.091Z"
                },
                "type": "SCRUB",
                "source": "data:drag",
                "_t": "09:33:53",
                "_end": "09:36:49",
                "data": {
                    "time": 87.037641
                }
            },
            {
                "time": {
                    "start": "2019-09-13T15:33:53.289Z",
                    "end": "2019-09-13T15:36:50.624Z"
                },
                "type": "SCRUB",
                "source": "data:drag",
                "_t": "09:33:53",
                "_end": "09:36:50",
                "data": {
                    "time": 87.037641
                }
            },
            {
                "time": {
                    "start": "2019-09-13T15:33:53.289Z",
                    "end": "2019-09-13T15:36:52.488Z"
                },
                "type": "SCRUB",
                "source": "data:drag",
                "_t": "09:33:53",
                "_end": "09:36:52",
                "data": {
                    "time": 87.037641
                }
            },
            {
                "time": "2019-09-13T15:36:54.535Z",
                "type": "SKIP",
                "source": "hotkey",
                "_t": "09:36:54",
                "_end": "-",
                "data": {
                    "t": 87.037641,
                    "Δt": -1,
                    "key": "left"
                }
            },
            {
                "time": "2019-09-13T15:36:55.016Z",
                "type": "SKIP",
                "source": "hotkey",
                "_t": "09:36:55",
                "_end": "-",
                "data": {
                    "t": 86.037641,
                    "Δt": -1,
                    "key": "left"
                }
            },
            {
                "time": "2019-09-13T15:36:55.175Z",
                "type": "SKIP",
                "source": "hotkey",
                "_t": "09:36:55",
                "_end": "-",
                "data": {
                    "t": 85.037641,
                    "Δt": -1,
                    "key": "left"
                }
            },
            {
                "time": {
                    "start": "2019-09-13T15:33:53.289Z",
                    "end": "2019-09-13T15:36:57.487Z"
                },
                "type": "SCRUB",
                "source": "data:drag",
                "_t": "09:33:53",
                "_end": "09:36:57",
                "data": {
                    "time": 84.037641
                }
            },
            {
                "time": {
                    "start": "2019-09-13T15:33:53.289Z",
                    "end": "2019-09-13T15:36:57.976Z"
                },
                "type": "SCRUB",
                "source": "data:drag",
                "_t": "09:33:53",
                "_end": "09:36:57",
                "data": {
                    "time": 84.037641
                }
            },
            {
                "time": "2019-09-13T15:36:59.953Z",
                "type": "PLAY",
                "source": "video:button",
                "_t": "09:36:59",
                "_end": "-"
            }
        ]
    }
}