[{"time":32.564996,"endTime":37.494996,"type":"cutting","id":1},{"time":50.937454,"endTime":53.218183,"type":"measuring","id":2},{"time":58.873683,"endTime":64.203642,"type":"cutting","id":3},{"time":69.249558,"endTime":76.462808,"type":"cutting","id":4},{"time":79.515912,"endTime":81.670767,"type":"cutting","id":5},{"time":82.158829,"endTime":86.474725,"type":"cutting","id":6},{"time":87.380911,"endTime":88.765057,"type":"cutting","id":7},{"time":89.375911,"endTime":92.232766,"type":"cutting","id":8},{"time":92.639495,"endTime":96.058828,"type":"cutting","id":9}]