{
    "user_id": "yellow2",
    "session_id": "5cf16de781249f67dd06a9fe",
    "study": "studyE",
    "workspace": "drywall.drywall-orange",
    "details": {
        "workspace": "drywall.drywall-orange",
        "labels": [
            {
                "time": 32.872077,
                "endTime": 37.621798000000005,
                "type": "cutting",
                "id": 1
            },
            {
                "time": 51.002581,
                "endTime": 52.88158306504063,
                "type": "measuring",
                "id": 2
            },
            {
                "time": 58.994863,
                "endTime": 64.21869203252034,
                "type": "cutting",
                "id": 3
            },
            {
                "time": 69.187789,
                "endTime": 75.65624906504064,
                "type": "cutting",
                "id": 4
            },
            {
                "time": 79.634858,
                "endTime": 81.37925711382113,
                "type": "cutting",
                "id": 5
            },
            {
                "time": 82.232935,
                "endTime": 86.18523103252036,
                "type": "cutting",
                "id": 6
            },
            {
                "time": 88.384057,
                "endTime": 89.42571501626014,
                "type": "cutting",
                "id": 7
            },
            {
                "time": 90.207599,
                "endTime": 92.42876998373981,
                "type": "cutting",
                "id": 8
            },
            {
                "time": 92.792381,
                "endTime": 96.46089793495933,
                "type": "cutting",
                "id": 9
            },
            {
                "time": 171.490669,
                "endTime": 174.673494,
                "type": "cutting",
                "id": 10
            },
            {
                "time": 174.673494,
                "endTime": 175.180324,
                "type": "cutting",
                "id": 11
            },
            {
                "time": 175.180324,
                "endTime": 177.761335,
                "type": "cutting",
                "id": 12
            },
            {
                "time": 177.761335,
                "endTime": 180.101205,
                "type": "cutting",
                "id": 13
            },
            {
                "time": 180.101205,
                "endTime": 181.899839,
                "type": "cutting",
                "id": 14
            },
            {
                "time": 181.899839,
                "endTime": 182.721455,
                "type": "cutting",
                "id": 15
            },
            {
                "time": 182.721455,
                "endTime": 185.866292,
                "type": "cutting",
                "id": 16
            },
            {
                "time": 185.866292,
                "endTime": 188.201766,
                "type": "cutting",
                "id": 17
            },
            {
                "time": 188.201766,
                "endTime": 193.529093,
                "type": "cutting",
                "id": 18
            },
            {
                "time": 193.529093,
                "endTime": 195.133155,
                "type": "cutting",
                "id": 19
            },
            {
                "time": 195.133155,
                "endTime": 195.133155,
                "type": "cutting",
                "id": 21
            },
            {
                "time": 232.987872,
                "endTime": 236.949166,
                "type": "cutting",
                "id": 22
            }
        ],
        "_starts": [
            "2019-05-31T18:27:05.000Z"
        ],
        "_ends": [
            "2019-05-31T18:31:02.412Z"
        ]
    },
    "labels_file": "/home/ubuntu/vat/data/user-studies/studyE/drywall-orange/yellow2.labels.json",
    "videoFlash": 3.411767,
    "surveys": {
        "user-info": {
            "firstname": "William",
            "lastname": "Andersen",
            "email": "anderstars@gmail.com"
        },
        "practice-first": {
            "question1": "5",
            "question2": "ok",
            "question3": "90",
            "question4": "5"
        },
        "practice-second": {},
        "practice-third": {},
        "practice-survey": {},
        "drywall-blue": {
            "question1": "4",
            "question2": "2",
            "question3": "30",
            "question4": "10"
        },
        "drywall-red": {
            "question1": "3",
            "question2": "3",
            "question3": "50",
            "question4": "40"
        }
    },
    "logs": {
        "labelEvents": [
            {
                "time": "2019-05-31T18:28:16.807Z",
                "type": "START",
                "source": "hotkey",
                "_t": "12:28:16",
                "_end": "-",
                "data": {
                    "type": "cutting",
                    "time": 32.872077
                }
            },
            {
                "time": "2019-05-31T18:28:22.885Z",
                "type": "END",
                "source": "data:click:h_pos",
                "_t": "12:28:22",
                "_end": "-",
                "data": {
                    "lbl": {
                        "time": 32.872077,
                        "endTime": 37.621798000000005,
                        "type": "cutting",
                        "id": 1
                    }
                }
            },
            {
                "time": "2019-05-31T18:28:32.662Z",
                "type": "START",
                "source": "hotkey",
                "_t": "12:28:32",
                "_end": "-",
                "data": {
                    "type": "measuring",
                    "time": 51.002581
                }
            },
            {
                "time": "2019-05-31T18:28:37.816Z",
                "type": "END",
                "source": "data:click:h_pos",
                "_t": "12:28:37",
                "_end": "-",
                "data": {
                    "lbl": {
                        "time": 51.002581,
                        "endTime": 52.88158306504063,
                        "type": "measuring",
                        "id": 2
                    }
                }
            },
            {
                "time": "2019-05-31T18:28:46.054Z",
                "type": "START",
                "source": "hotkey",
                "_t": "12:28:46",
                "_end": "-",
                "data": {
                    "type": "cutting",
                    "time": 58.994863
                }
            },
            {
                "time": "2019-05-31T18:28:55.104Z",
                "type": "END",
                "source": "data:click:h_pos",
                "_t": "12:28:55",
                "_end": "-",
                "data": {
                    "lbl": {
                        "time": 58.994863,
                        "endTime": 64.21869203252034,
                        "type": "cutting",
                        "id": 3
                    }
                }
            },
            {
                "time": "2019-05-31T18:29:01.814Z",
                "type": "START",
                "source": "hotkey",
                "_t": "12:29:01",
                "_end": "-",
                "data": {
                    "type": "cutting",
                    "time": 69.187789
                }
            },
            {
                "time": "2019-05-31T18:29:12.313Z",
                "type": "END",
                "source": "data:click:h_pos",
                "_t": "12:29:12",
                "_end": "-",
                "data": {
                    "lbl": {
                        "time": 69.187789,
                        "endTime": 75.65624906504064,
                        "type": "cutting",
                        "id": 4
                    }
                }
            },
            {
                "time": "2019-05-31T18:29:20.393Z",
                "type": "START",
                "source": "hotkey",
                "_t": "12:29:20",
                "_end": "-",
                "data": {
                    "type": "cutting",
                    "time": 79.634858
                }
            },
            {
                "time": "2019-05-31T18:29:25.425Z",
                "type": "END",
                "source": "data:click:h_pos",
                "_t": "12:29:25",
                "_end": "-",
                "data": {
                    "lbl": {
                        "time": 79.634858,
                        "endTime": 81.37925711382113,
                        "type": "cutting",
                        "id": 5
                    }
                }
            },
            {
                "time": "2019-05-31T18:29:26.295Z",
                "type": "START",
                "source": "hotkey",
                "_t": "12:29:26",
                "_end": "-",
                "data": {
                    "type": "cutting",
                    "time": 82.232935
                }
            },
            {
                "time": "2019-05-31T18:29:31.161Z",
                "type": "END",
                "source": "data:click:h_pos",
                "_t": "12:29:31",
                "_end": "-",
                "data": {
                    "lbl": {
                        "time": 82.232935,
                        "endTime": 86.18523103252036,
                        "type": "cutting",
                        "id": 6
                    }
                }
            },
            {
                "time": "2019-05-31T18:29:32.771Z",
                "type": "START",
                "source": "hotkey",
                "_t": "12:29:32",
                "_end": "-",
                "data": {
                    "type": "cutting",
                    "time": 88.384057
                }
            },
            {
                "time": "2019-05-31T18:29:35.216Z",
                "type": "END",
                "source": "data:click:h_pos",
                "_t": "12:29:35",
                "_end": "-",
                "data": {
                    "lbl": {
                        "time": 88.384057,
                        "endTime": 89.42571501626014,
                        "type": "cutting",
                        "id": 7
                    }
                }
            },
            {
                "time": "2019-05-31T18:29:35.928Z",
                "type": "START",
                "source": "hotkey",
                "_t": "12:29:35",
                "_end": "-",
                "data": {
                    "type": "cutting",
                    "time": 90.207599
                }
            },
            {
                "time": "2019-05-31T18:29:37.817Z",
                "type": "END",
                "source": "data:click:h_pos",
                "_t": "12:29:37",
                "_end": "-",
                "data": {
                    "lbl": {
                        "time": 90.207599,
                        "endTime": 92.42876998373981,
                        "type": "cutting",
                        "id": 8
                    }
                }
            },
            {
                "time": "2019-05-31T18:29:39.706Z",
                "type": "START",
                "source": "hotkey",
                "_t": "12:29:39",
                "_end": "-",
                "data": {
                    "type": "cutting",
                    "time": 92.792381
                }
            },
            {
                "time": "2019-05-31T18:29:42.193Z",
                "type": "END",
                "source": "data:click:h_pos",
                "_t": "12:29:42",
                "_end": "-",
                "data": {
                    "lbl": {
                        "time": 92.792381,
                        "endTime": 96.46089793495933,
                        "type": "cutting",
                        "id": 9
                    }
                }
            },
            {
                "time": "2019-05-31T18:29:59.463Z",
                "type": "START",
                "source": "hotkey",
                "_t": "12:29:59",
                "_end": "-",
                "data": {
                    "type": "cutting",
                    "time": 171.490669
                }
            },
            {
                "time": "2019-05-31T18:30:03.401Z",
                "type": "START",
                "source": "hotkey",
                "_t": "12:30:03",
                "_end": "-",
                "data": {
                    "type": "cutting",
                    "time": 174.673494
                }
            },
            {
                "time": "2019-05-31T18:30:04.405Z",
                "type": "START",
                "source": "hotkey",
                "_t": "12:30:04",
                "_end": "-",
                "data": {
                    "type": "cutting",
                    "time": 175.180324
                }
            },
            {
                "time": "2019-05-31T18:30:06.872Z",
                "type": "START",
                "source": "hotkey",
                "_t": "12:30:06",
                "_end": "-",
                "data": {
                    "type": "cutting",
                    "time": 177.761335
                }
            },
            {
                "time": "2019-05-31T18:30:08.846Z",
                "type": "START",
                "source": "hotkey",
                "_t": "12:30:08",
                "_end": "-",
                "data": {
                    "type": "cutting",
                    "time": 180.101205
                }
            },
            {
                "time": "2019-05-31T18:30:14.159Z",
                "type": "START",
                "source": "hotkey",
                "_t": "12:30:14",
                "_end": "-",
                "data": {
                    "type": "cutting",
                    "time": 181.899839
                }
            },
            {
                "time": "2019-05-31T18:30:16.871Z",
                "type": "START",
                "source": "hotkey",
                "_t": "12:30:16",
                "_end": "-",
                "data": {
                    "type": "cutting",
                    "time": 182.721455
                }
            },
            {
                "time": "2019-05-31T18:30:19.915Z",
                "type": "START",
                "source": "hotkey",
                "_t": "12:30:19",
                "_end": "-",
                "data": {
                    "type": "cutting",
                    "time": 185.866292
                }
            },
            {
                "time": "2019-05-31T18:30:22.201Z",
                "type": "START",
                "source": "hotkey",
                "_t": "12:30:22",
                "_end": "-",
                "data": {
                    "type": "cutting",
                    "time": 185.866292
                }
            },
            {
                "time": "2019-05-31T18:30:24.697Z",
                "type": "START",
                "source": "hotkey",
                "_t": "12:30:24",
                "_end": "-",
                "data": {
                    "type": "cutting",
                    "time": 188.201766
                }
            },
            {
                "time": "2019-05-31T18:30:28.927Z",
                "type": "START",
                "source": "hotkey",
                "_t": "12:30:28",
                "_end": "-",
                "data": {
                    "type": "cutting",
                    "time": 193.529093
                }
            },
            {
                "time": "2019-05-31T18:30:36.648Z",
                "type": "START",
                "source": "hotkey",
                "_t": "12:30:36",
                "_end": "-",
                "data": {
                    "type": "cutting",
                    "time": 195.133155
                }
            },
            {
                "time": "2019-05-31T18:30:53.450Z",
                "type": "START",
                "source": "hotkey",
                "_t": "12:30:53",
                "_end": "-",
                "data": {
                    "type": "cutting",
                    "time": 232.987872
                }
            },
            {
                "time": "2019-05-31T18:30:55.628Z",
                "type": "END",
                "source": "data:click:h_pos",
                "_t": "12:30:55",
                "_end": "-",
                "data": {
                    "lbl": {
                        "time": 195.133155,
                        "endTime": 195.133155,
                        "type": "cutting",
                        "id": 21
                    }
                }
            },
            {
                "time": "2019-05-31T18:30:55.635Z",
                "type": "SELECT",
                "source": "data:click",
                "_t": "12:30:55",
                "_end": "-",
                "data": {
                    "time": 195.133155,
                    "endTime": 232.987872,
                    "type": "cutting",
                    "id": 20
                }
            },
            {
                "time": "2019-05-31T18:30:57.167Z",
                "type": "DELETE",
                "source": "side-bar:button",
                "_t": "12:30:57",
                "_end": "-",
                "data": {
                    "id": 20,
                    "idx": 19
                }
            },
            {
                "time": "2019-05-31T18:30:58.073Z",
                "type": "START",
                "source": "hotkey",
                "_t": "12:30:58",
                "_end": "-",
                "data": {
                    "type": "cutting",
                    "time": 232.987872
                }
            },
            {
                "time": "2019-05-31T18:31:01.370Z",
                "type": "START",
                "source": "hotkey",
                "_t": "12:31:01",
                "_end": "-",
                "data": {
                    "type": "cutting",
                    "time": 236.949166
                }
            }
        ],
        "navigationEvents": [
            {
                "time": {
                    "start": "2019-05-31T18:28:07.587Z",
                    "end": "2019-05-31T18:28:07.622Z"
                },
                "type": "SCRUB",
                "source": "video:drag",
                "_t": "12:28:07",
                "_end": "12:28:07",
                "data": {
                    "to": 90.20823,
                    "from": 5.629687
                }
            },
            {
                "time": {
                    "start": "2019-05-31T18:28:10.622Z",
                    "end": "2019-05-31T18:28:10.670Z"
                },
                "type": "SCRUB",
                "source": "video:drag",
                "_t": "12:28:10",
                "_end": "12:28:10",
                "data": {
                    "to": 29.639847,
                    "from": 92.739223
                }
            },
            {
                "time": "2019-05-31T18:28:14.566Z",
                "type": "PAUSE",
                "source": "hotkey",
                "_t": "12:28:14",
                "_end": "-",
                "data": {
                    "key": "space"
                }
            },
            {
                "time": "2019-05-31T18:28:17.910Z",
                "type": "PLAY",
                "source": "hotkey",
                "_t": "12:28:17",
                "_end": "-",
                "data": {
                    "key": "space"
                }
            },
            {
                "time": {
                    "start": "2019-05-31T18:27:05.850Z",
                    "end": "2019-05-31T18:28:22.879Z"
                },
                "type": "SCRUB",
                "source": "data:drag",
                "_t": "12:27:05",
                "_end": "12:28:22",
                "data": {
                    "time": 37.841813
                }
            },
            {
                "time": "2019-05-31T18:28:26.963Z",
                "type": "SKIP",
                "source": "hotkey",
                "_t": "12:28:26",
                "_end": "-",
                "data": {
                    "t": 41.926542,
                    "Δt": 5,
                    "key": "right"
                }
            },
            {
                "time": "2019-05-31T18:28:31.207Z",
                "type": "PAUSE",
                "source": "hotkey",
                "_t": "12:28:31",
                "_end": "-",
                "data": {
                    "key": "space"
                }
            },
            {
                "time": "2019-05-31T18:28:34.069Z",
                "type": "PLAY",
                "source": "hotkey",
                "_t": "12:28:34",
                "_end": "-",
                "data": {
                    "key": "space"
                }
            },
            {
                "time": "2019-05-31T18:28:36.405Z",
                "type": "PAUSE",
                "source": "hotkey",
                "_t": "12:28:36",
                "_end": "-",
                "data": {
                    "key": "space"
                }
            },
            {
                "time": {
                    "start": "2019-05-31T18:27:05.850Z",
                    "end": "2019-05-31T18:28:37.813Z"
                },
                "type": "SCRUB",
                "source": "data:drag",
                "_t": "12:27:05",
                "_end": "12:28:37",
                "data": {
                    "time": 53.369399
                }
            },
            {
                "time": "2019-05-31T18:28:38.326Z",
                "type": "PLAY",
                "source": "hotkey",
                "_t": "12:28:38",
                "_end": "-",
                "data": {
                    "key": "space"
                }
            },
            {
                "time": "2019-05-31T18:28:43.957Z",
                "type": "PAUSE",
                "source": "hotkey",
                "_t": "12:28:43",
                "_end": "-",
                "data": {
                    "key": "space"
                }
            },
            {
                "time": "2019-05-31T18:28:46.406Z",
                "type": "PLAY",
                "source": "hotkey",
                "_t": "12:28:46",
                "_end": "-",
                "data": {
                    "key": "space"
                }
            },
            {
                "time": "2019-05-31T18:28:51.846Z",
                "type": "PAUSE",
                "source": "hotkey",
                "_t": "12:28:51",
                "_end": "-",
                "data": {
                    "key": "space"
                }
            },
            {
                "time": {
                    "start": "2019-05-31T18:27:05.850Z",
                    "end": "2019-05-31T18:28:55.102Z"
                },
                "type": "SCRUB",
                "source": "data:drag",
                "_t": "12:27:05",
                "_end": "12:28:55",
                "data": {
                    "time": 64.4626
                }
            },
            {
                "time": "2019-05-31T18:28:55.846Z",
                "type": "PLAY",
                "source": "hotkey",
                "_t": "12:28:55",
                "_end": "-",
                "data": {
                    "key": "space"
                }
            },
            {
                "time": "2019-05-31T18:29:00.566Z",
                "type": "PAUSE",
                "source": "hotkey",
                "_t": "12:29:00",
                "_end": "-",
                "data": {
                    "key": "space"
                }
            },
            {
                "time": "2019-05-31T18:29:02.262Z",
                "type": "PLAY",
                "source": "hotkey",
                "_t": "12:29:02",
                "_end": "-",
                "data": {
                    "key": "space"
                }
            },
            {
                "time": "2019-05-31T18:29:09.205Z",
                "type": "PAUSE",
                "source": "hotkey",
                "_t": "12:29:09",
                "_end": "-",
                "data": {
                    "key": "space"
                }
            },
            {
                "time": {
                    "start": "2019-05-31T18:27:05.850Z",
                    "end": "2019-05-31T18:29:12.310Z"
                },
                "type": "SCRUB",
                "source": "data:drag",
                "_t": "12:27:05",
                "_end": "12:29:12",
                "data": {
                    "time": 76.144065
                }
            },
            {
                "time": "2019-05-31T18:29:12.694Z",
                "type": "PLAY",
                "source": "hotkey",
                "_t": "12:29:12",
                "_end": "-",
                "data": {
                    "key": "space"
                }
            },
            {
                "time": "2019-05-31T18:29:16.254Z",
                "type": "CHANGE-PLAYBACK-RATE",
                "source": "video:menu",
                "_t": "12:29:16",
                "_end": "-",
                "data": {
                    "oldRate": 1,
                    "newRate": 1.5
                }
            },
            {
                "time": "2019-05-31T18:29:16.902Z",
                "type": "PAUSE",
                "source": "hotkey",
                "_t": "12:29:16",
                "_end": "-",
                "data": {
                    "key": "space"
                }
            },
            {
                "time": "2019-05-31T18:29:18.871Z",
                "type": "SKIP",
                "source": "hotkey",
                "_t": "12:29:18",
                "_end": "-",
                "data": {
                    "t": 80.634858,
                    "Δt": -1,
                    "key": "left"
                }
            },
            {
                "time": "2019-05-31T18:29:20.998Z",
                "type": "PLAY",
                "source": "hotkey",
                "_t": "12:29:20",
                "_end": "-",
                "data": {
                    "key": "space"
                }
            },
            {
                "time": "2019-05-31T18:29:22.802Z",
                "type": "PAUSE",
                "source": "hotkey",
                "_t": "12:29:22",
                "_end": "-",
                "data": {
                    "key": "space"
                }
            },
            {
                "time": {
                    "start": "2019-05-31T18:27:05.850Z",
                    "end": "2019-05-31T18:29:25.422Z"
                },
                "type": "SCRUB",
                "source": "data:drag",
                "_t": "12:27:05",
                "_end": "12:29:25",
                "data": {
                    "time": 82.232935
                }
            },
            {
                "time": "2019-05-31T18:29:27.206Z",
                "type": "PLAY",
                "source": "hotkey",
                "_t": "12:29:27",
                "_end": "-",
                "data": {
                    "key": "space"
                }
            },
            {
                "time": "2019-05-31T18:29:30.003Z",
                "type": "PAUSE",
                "source": "hotkey",
                "_t": "12:29:30",
                "_end": "-",
                "data": {
                    "key": "space"
                }
            },
            {
                "time": {
                    "start": "2019-05-31T18:27:05.850Z",
                    "end": "2019-05-31T18:29:31.158Z"
                },
                "type": "SCRUB",
                "source": "data:drag",
                "_t": "12:27:05",
                "_end": "12:29:31",
                "data": {
                    "time": 86.429139
                }
            },
            {
                "time": "2019-05-31T18:29:31.462Z",
                "type": "PLAY",
                "source": "hotkey",
                "_t": "12:29:31",
                "_end": "-",
                "data": {
                    "key": "space"
                }
            },
            {
                "time": "2019-05-31T18:29:33.544Z",
                "type": "PAUSE",
                "source": "hotkey",
                "_t": "12:29:33",
                "_end": "-",
                "data": {
                    "key": "space"
                }
            },
            {
                "time": {
                    "start": "2019-05-31T18:27:05.850Z",
                    "end": "2019-05-31T18:29:35.214Z"
                },
                "type": "SCRUB",
                "source": "data:drag",
                "_t": "12:27:05",
                "_end": "12:29:35",
                "data": {
                    "time": 89.547669
                }
            },
            {
                "time": "2019-05-31T18:29:35.494Z",
                "type": "PLAY",
                "source": "hotkey",
                "_t": "12:29:35",
                "_end": "-",
                "data": {
                    "key": "space"
                }
            },
            {
                "time": "2019-05-31T18:29:37.334Z",
                "type": "PAUSE",
                "source": "hotkey",
                "_t": "12:29:37",
                "_end": "-",
                "data": {
                    "key": "space"
                }
            },
            {
                "time": {
                    "start": "2019-05-31T18:27:05.850Z",
                    "end": "2019-05-31T18:29:37.814Z"
                },
                "type": "SCRUB",
                "source": "data:drag",
                "_t": "12:27:05",
                "_end": "12:29:37",
                "data": {
                    "time": 92.306816
                }
            },
            {
                "time": "2019-05-31T18:29:39.397Z",
                "type": "PLAY",
                "source": "hotkey",
                "_t": "12:29:39",
                "_end": "-",
                "data": {
                    "key": "space"
                }
            },
            {
                "time": "2019-05-31T18:29:41.830Z",
                "type": "PAUSE",
                "source": "hotkey",
                "_t": "12:29:41",
                "_end": "-",
                "data": {
                    "key": "space"
                }
            },
            {
                "time": {
                    "start": "2019-05-31T18:27:05.850Z",
                    "end": "2019-05-31T18:29:42.190Z"
                },
                "type": "SCRUB",
                "source": "data:drag",
                "_t": "12:27:05",
                "_end": "12:29:42",
                "data": {
                    "time": 95.973082
                }
            },
            {
                "time": "2019-05-31T18:29:42.710Z",
                "type": "PLAY",
                "source": "hotkey",
                "_t": "12:29:42",
                "_end": "-",
                "data": {
                    "key": "space"
                }
            },
            {
                "time": "2019-05-31T18:29:46.267Z",
                "type": "SKIP",
                "source": "hotkey",
                "_t": "12:29:46",
                "_end": "-",
                "data": {
                    "t": 101.303735,
                    "Δt": 5,
                    "key": "right"
                }
            },
            {
                "time": "2019-05-31T18:29:46.917Z",
                "type": "SKIP",
                "source": "hotkey",
                "_t": "12:29:46",
                "_end": "-",
                "data": {
                    "t": 107.077083,
                    "Δt": 5,
                    "key": "right"
                }
            },
            {
                "time": "2019-05-31T18:29:47.516Z",
                "type": "SKIP",
                "source": "hotkey",
                "_t": "12:29:47",
                "_end": "-",
                "data": {
                    "t": 112.779406,
                    "Δt": 5,
                    "key": "right"
                }
            },
            {
                "time": "2019-05-31T18:29:48.373Z",
                "type": "SKIP",
                "source": "hotkey",
                "_t": "12:29:48",
                "_end": "-",
                "data": {
                    "t": 118.861996,
                    "Δt": 5,
                    "key": "right"
                }
            },
            {
                "time": "2019-05-31T18:29:49.110Z",
                "type": "SKIP",
                "source": "hotkey",
                "_t": "12:29:49",
                "_end": "-",
                "data": {
                    "t": 124.794409,
                    "Δt": 5,
                    "key": "right"
                }
            },
            {
                "time": "2019-05-31T18:29:49.765Z",
                "type": "SKIP",
                "source": "hotkey",
                "_t": "12:29:49",
                "_end": "-",
                "data": {
                    "t": 130.555485,
                    "Δt": 5,
                    "key": "right"
                }
            },
            {
                "time": "2019-05-31T18:29:52.054Z",
                "type": "SKIP",
                "source": "hotkey",
                "_t": "12:29:52",
                "_end": "-",
                "data": {
                    "t": 138.592651,
                    "Δt": 5,
                    "key": "right"
                }
            },
            {
                "time": "2019-05-31T18:29:53.414Z",
                "type": "SKIP",
                "source": "hotkey",
                "_t": "12:29:53",
                "_end": "-",
                "data": {
                    "t": 145.302973,
                    "Δt": 5,
                    "key": "right"
                }
            },
            {
                "time": "2019-05-31T18:29:54.519Z",
                "type": "SKIP",
                "source": "hotkey",
                "_t": "12:29:54",
                "_end": "-",
                "data": {
                    "t": 151.231267,
                    "Δt": 5,
                    "key": "right"
                }
            },
            {
                "time": "2019-05-31T18:29:55.303Z",
                "type": "SKIP",
                "source": "hotkey",
                "_t": "12:29:55",
                "_end": "-",
                "data": {
                    "t": 156.768651,
                    "Δt": 5,
                    "key": "right"
                }
            },
            {
                "time": "2019-05-31T18:29:55.911Z",
                "type": "SKIP",
                "source": "hotkey",
                "_t": "12:29:55",
                "_end": "-",
                "data": {
                    "t": 162.313773,
                    "Δt": 5,
                    "key": "right"
                }
            },
            {
                "time": "2019-05-31T18:29:58.919Z",
                "type": "PAUSE",
                "source": "hotkey",
                "_t": "12:29:58",
                "_end": "-",
                "data": {
                    "key": "space"
                }
            },
            {
                "time": "2019-05-31T18:30:00.038Z",
                "type": "PLAY",
                "source": "hotkey",
                "_t": "12:30:00",
                "_end": "-",
                "data": {
                    "key": "space"
                }
            },
            {
                "time": "2019-05-31T18:30:01.735Z",
                "type": "PAUSE",
                "source": "hotkey",
                "_t": "12:30:01",
                "_end": "-",
                "data": {
                    "key": "space"
                }
            },
            {
                "time": "2019-05-31T18:30:02.310Z",
                "type": "PLAY",
                "source": "hotkey",
                "_t": "12:30:02",
                "_end": "-",
                "data": {
                    "key": "space"
                }
            },
            {
                "time": "2019-05-31T18:30:02.726Z",
                "type": "PAUSE",
                "source": "hotkey",
                "_t": "12:30:02",
                "_end": "-",
                "data": {
                    "key": "space"
                }
            },
            {
                "time": "2019-05-31T18:30:04.070Z",
                "type": "PLAY",
                "source": "hotkey",
                "_t": "12:30:04",
                "_end": "-",
                "data": {
                    "key": "space"
                }
            },
            {
                "time": "2019-05-31T18:30:06.127Z",
                "type": "PAUSE",
                "source": "hotkey",
                "_t": "12:30:06",
                "_end": "-",
                "data": {
                    "key": "space"
                }
            },
            {
                "time": "2019-05-31T18:30:07.287Z",
                "type": "PLAY",
                "source": "hotkey",
                "_t": "12:30:07",
                "_end": "-",
                "data": {
                    "key": "space"
                }
            },
            {
                "time": "2019-05-31T18:30:09.510Z",
                "type": "PAUSE",
                "source": "hotkey",
                "_t": "12:30:09",
                "_end": "-",
                "data": {
                    "key": "space"
                }
            },
            {
                "time": "2019-05-31T18:30:10.422Z",
                "type": "PLAY",
                "source": "hotkey",
                "_t": "12:30:10",
                "_end": "-",
                "data": {
                    "key": "space"
                }
            },
            {
                "time": "2019-05-31T18:30:10.870Z",
                "type": "PAUSE",
                "source": "hotkey",
                "_t": "12:30:10",
                "_end": "-",
                "data": {
                    "key": "space"
                }
            },
            {
                "time": "2019-05-31T18:30:12.759Z",
                "type": "SKIP",
                "source": "hotkey",
                "_t": "12:30:12",
                "_end": "-",
                "data": {
                    "t": 181.800362,
                    "Δt": -1,
                    "key": "left"
                }
            },
            {
                "time": "2019-05-31T18:30:13.351Z",
                "type": "PLAY",
                "source": "hotkey",
                "_t": "12:30:13",
                "_end": "-",
                "data": {
                    "key": "space"
                }
            },
            {
                "time": "2019-05-31T18:30:14.907Z",
                "type": "PAUSE",
                "source": "hotkey",
                "_t": "12:30:14",
                "_end": "-",
                "data": {
                    "key": "space"
                }
            },
            {
                "time": "2019-05-31T18:30:15.751Z",
                "type": "SKIP",
                "source": "hotkey",
                "_t": "12:30:15",
                "_end": "-",
                "data": {
                    "t": 183.012791,
                    "Δt": -1,
                    "key": "left"
                }
            },
            {
                "time": "2019-05-31T18:30:16.311Z",
                "type": "PLAY",
                "source": "hotkey",
                "_t": "12:30:16",
                "_end": "-",
                "data": {
                    "key": "space"
                }
            },
            {
                "time": "2019-05-31T18:30:18.967Z",
                "type": "PAUSE",
                "source": "hotkey",
                "_t": "12:30:18",
                "_end": "-",
                "data": {
                    "key": "space"
                }
            },
            {
                "time": "2019-05-31T18:30:22.679Z",
                "type": "PLAY",
                "source": "hotkey",
                "_t": "12:30:22",
                "_end": "-",
                "data": {
                    "key": "space"
                }
            },
            {
                "time": "2019-05-31T18:30:24.236Z",
                "type": "PAUSE",
                "source": "hotkey",
                "_t": "12:30:24",
                "_end": "-",
                "data": {
                    "key": "space"
                }
            },
            {
                "time": "2019-05-31T18:30:25.367Z",
                "type": "PLAY",
                "source": "hotkey",
                "_t": "12:30:25",
                "_end": "-",
                "data": {
                    "key": "space"
                }
            },
            {
                "time": "2019-05-31T18:30:30.023Z",
                "type": "PAUSE",
                "source": "hotkey",
                "_t": "12:30:30",
                "_end": "-",
                "data": {
                    "key": "space"
                }
            },
            {
                "time": "2019-05-31T18:30:33.159Z",
                "type": "PLAY",
                "source": "hotkey",
                "_t": "12:30:33",
                "_end": "-",
                "data": {
                    "key": "space"
                }
            },
            {
                "time": "2019-05-31T18:30:34.211Z",
                "type": "SKIP",
                "source": "hotkey",
                "_t": "12:30:34",
                "_end": "-",
                "data": {
                    "t": 196.762216,
                    "Δt": -5,
                    "key": "left"
                }
            },
            {
                "time": "2019-05-31T18:30:44.369Z",
                "type": "SKIP",
                "source": "hotkey",
                "_t": "12:30:44",
                "_end": "-",
                "data": {
                    "t": 206.71898,
                    "Δt": 5,
                    "key": "right"
                }
            },
            {
                "time": "2019-05-31T18:30:45.111Z",
                "type": "SKIP",
                "source": "hotkey",
                "_t": "12:30:45",
                "_end": "-",
                "data": {
                    "t": 212.592749,
                    "Δt": 5,
                    "key": "right"
                }
            },
            {
                "time": "2019-05-31T18:30:45.525Z",
                "type": "SKIP",
                "source": "hotkey",
                "_t": "12:30:45",
                "_end": "-",
                "data": {
                    "t": 217.951623,
                    "Δt": 5,
                    "key": "right"
                }
            },
            {
                "time": "2019-05-31T18:30:45.943Z",
                "type": "SKIP",
                "source": "hotkey",
                "_t": "12:30:45",
                "_end": "-",
                "data": {
                    "t": 223.3727,
                    "Δt": 5,
                    "key": "right"
                }
            },
            {
                "time": "2019-05-31T18:30:48.888Z",
                "type": "SKIP",
                "source": "hotkey",
                "_t": "12:30:48",
                "_end": "-",
                "data": {
                    "t": 232.579203,
                    "Δt": -5,
                    "key": "left"
                }
            },
            {
                "time": "2019-05-31T18:30:51.085Z",
                "type": "SKIP",
                "source": "hotkey",
                "_t": "12:30:51",
                "_end": "-",
                "data": {
                    "t": 230.529445,
                    "Δt": 5,
                    "key": "right"
                }
            },
            {
                "time": "2019-05-31T18:30:52.248Z",
                "type": "SKIP",
                "source": "hotkey",
                "_t": "12:30:52",
                "_end": "-",
                "data": {
                    "t": 237.053845,
                    "Δt": -5,
                    "key": "left"
                }
            },
            {
                "time": "2019-05-31T18:30:53.015Z",
                "type": "PAUSE",
                "source": "hotkey",
                "_t": "12:30:53",
                "_end": "-",
                "data": {
                    "key": "space"
                }
            },
            {
                "time": {
                    "start": "2019-05-31T18:27:05.850Z",
                    "end": "2019-05-31T18:30:55.623Z"
                },
                "type": "SCRUB",
                "source": "data:drag",
                "_t": "12:27:05",
                "_end": "12:30:55",
                "data": {
                    "time": 232.987872
                }
            },
            {
                "time": "2019-05-31T18:30:58.535Z",
                "type": "PLAY",
                "source": "hotkey",
                "_t": "12:30:58",
                "_end": "-",
                "data": {
                    "key": "space"
                }
            },
            {
                "time": "2019-05-31T18:31:01.159Z",
                "type": "PAUSE",
                "source": "hotkey",
                "_t": "12:31:01",
                "_end": "-",
                "data": {
                    "key": "space"
                }
            },
            {
                "time": "2019-05-31T18:31:01.991Z",
                "type": "PLAY",
                "source": "hotkey",
                "_t": "12:31:01",
                "_end": "-",
                "data": {
                    "key": "space"
                }
            }
        ]
    }
}