[{"time":32.872077,"endTime":37.621798000000005,"type":"cutting","id":1},{"time":51.002581,"endTime":52.88158306504063,"type":"measuring","id":2},{"time":58.994863,"endTime":64.21869203252034,"type":"cutting","id":3},{"time":69.187789,"endTime":75.65624906504064,"type":"cutting","id":4},{"time":79.634858,"endTime":81.37925711382113,"type":"cutting","id":5},{"time":82.232935,"endTime":86.18523103252036,"type":"cutting","id":6},{"time":88.384057,"endTime":89.42571501626014,"type":"cutting","id":7},{"time":90.207599,"endTime":92.42876998373981,"type":"cutting","id":8},{"time":92.792381,"endTime":96.46089793495933,"type":"cutting","id":9},{"time":171.490669,"endTime":174.673494,"type":"cutting","id":10},{"time":174.673494,"endTime":175.180324,"type":"cutting","id":11},{"time":175.180324,"endTime":177.761335,"type":"cutting","id":12},{"time":177.761335,"endTime":180.101205,"type":"cutting","id":13},{"time":180.101205,"endTime":181.899839,"type":"cutting","id":14},{"time":181.899839,"endTime":182.721455,"type":"cutting","id":15},{"time":182.721455,"endTime":185.866292,"type":"cutting","id":16},{"time":185.866292,"endTime":188.201766,"type":"cutting","id":17},{"time":188.201766,"endTime":193.529093,"type":"cutting","id":18},{"time":193.529093,"endTime":195.133155,"type":"cutting","id":19},{"time":195.133155,"endTime":195.133155,"type":"cutting","id":21},{"time":232.987872,"endTime":236.949166,"type":"cutting","id":22}]