{
    "user_id": "049",
    "session_id": "5a789de3ee2b1975ba835b9c",
    "study": "studyD",
    "workspace": "pill.pills-red",
    "details": {
        "workspace": "pill.pills-red",
        "labels": [
            {
                "time": 13.761908,
                "endTime": 23.751843463175845,
                "type": "pill",
                "id": 1
            },
            {
                "time": 33.994027,
                "endTime": 35.624877,
                "type": "move",
                "id": 2
            },
            {
                "time": 246.073307,
                "endTime": 255.293708,
                "type": "pill",
                "id": 3
            }
        ],
        "_starts": [
            "2018-02-05T18:22:57.000Z"
        ],
        "_ends": [
            "2018-02-05T18:26:18.774Z"
        ]
    },
    "labels_file": "/home/ubuntu/vat/data/user-studies/studyD/pill-red/049.labels.json",
    "videoFlash": 2.2457,
    "surveys": {
        "user-info": {
            "firstname": "Rebekah",
            "lastname": "Day",
            "email": "rebekahday@gmail.com"
        },
        "practice-first": {
            "question1": "3",
            "question2": "ok",
            "question3": "30",
            "question4": "4"
        },
        "practice-second": {},
        "practice-third": {},
        "practice-survey": {},
        "pill-blue": {
            "question1": "5",
            "question2": "4",
            "question3": "100",
            "question4": "90"
        }
    },
    "logs": {
        "labelEvents": [
            {
                "time": "2018-02-05T18:23:55.508Z",
                "type": "START",
                "source": "side-bar:button",
                "_t": "11:23:55",
                "_end": "-",
                "data": {
                    "type": "pill",
                    "time": 13.761908
                }
            },
            {
                "time": "2018-02-05T18:24:11.846Z",
                "type": "END",
                "source": "data:click:h_pos",
                "_t": "11:24:11",
                "_end": "-",
                "data": {
                    "lbl": {
                        "time": 13.761908,
                        "endTime": 23.751843463175845,
                        "type": "pill",
                        "id": 1
                    }
                }
            },
            {
                "time": "2018-02-05T18:24:37.965Z",
                "type": "START",
                "source": "side-bar:button",
                "_t": "11:24:37",
                "_end": "-",
                "data": {
                    "type": "move",
                    "time": 33.994027
                }
            },
            {
                "time": "2018-02-05T18:24:45.702Z",
                "type": "END",
                "source": "side-bar:button:ctb",
                "_t": "11:24:45",
                "_end": "-",
                "data": {
                    "lbl": {
                        "time": 33.994027,
                        "endTime": 35.624877,
                        "type": "move",
                        "id": 2
                    }
                }
            },
            {
                "time": "2018-02-05T18:25:41.726Z",
                "type": "START",
                "source": "side-bar:button",
                "_t": "11:25:41",
                "_end": "-",
                "data": {
                    "type": "pill",
                    "time": 246.073307
                }
            },
            {
                "time": "2018-02-05T18:26:03.838Z",
                "type": "END",
                "source": "side-bar:button:ctb",
                "_t": "11:26:03",
                "_end": "-",
                "data": {
                    "lbl": {
                        "time": 246.073307,
                        "endTime": 255.293708,
                        "type": "pill",
                        "id": 3
                    }
                }
            }
        ],
        "navigationEvents": [
            {
                "time": "2018-02-05T18:23:20.309Z",
                "type": "PLAY",
                "source": "video:button",
                "_t": "11:23:20",
                "_end": "-"
            },
            {
                "time": {
                    "start": "2018-02-05T18:22:57.451Z",
                    "end": "2018-02-05T18:23:22.492Z"
                },
                "type": "SCRUB",
                "source": "data:drag",
                "_t": "11:22:57",
                "_end": "11:23:22",
                "data": {
                    "time": 77.734717
                }
            },
            {
                "time": {
                    "start": "2018-02-05T18:22:57.451Z",
                    "end": "2018-02-05T18:23:24.677Z"
                },
                "type": "SCRUB",
                "source": "data:drag",
                "_t": "11:22:57",
                "_end": "11:23:24",
                "data": {
                    "time": 137.583757
                }
            },
            {
                "time": {
                    "start": "2018-02-05T18:22:57.451Z",
                    "end": "2018-02-05T18:23:26.036Z"
                },
                "type": "SCRUB",
                "source": "data:drag",
                "_t": "11:22:57",
                "_end": "11:23:26",
                "data": {
                    "time": 212.595983
                }
            },
            {
                "time": {
                    "start": "2018-02-05T18:22:57.451Z",
                    "end": "2018-02-05T18:23:28.493Z"
                },
                "type": "SCRUB",
                "source": "data:drag",
                "_t": "11:22:57",
                "_end": "11:23:28",
                "data": {
                    "time": 275.663078
                }
            },
            {
                "time": {
                    "start": "2018-02-05T18:22:57.451Z",
                    "end": "2018-02-05T18:23:30.155Z"
                },
                "type": "SCRUB",
                "source": "data:drag",
                "_t": "11:22:57",
                "_end": "11:23:30",
                "data": {
                    "time": 216.73907
                }
            },
            {
                "time": {
                    "start": "2018-02-05T18:22:57.451Z",
                    "end": "2018-02-05T18:23:30.939Z"
                },
                "type": "SCRUB",
                "source": "data:drag",
                "_t": "11:22:57",
                "_end": "11:23:30",
                "data": {
                    "time": 140.119438
                }
            },
            {
                "time": {
                    "start": "2018-02-05T18:22:57.451Z",
                    "end": "2018-02-05T18:23:31.723Z"
                },
                "type": "SCRUB",
                "source": "data:drag",
                "_t": "11:22:57",
                "_end": "11:23:31",
                "data": {
                    "time": 62.481783
                }
            },
            {
                "time": {
                    "start": "2018-02-05T18:22:57.451Z",
                    "end": "2018-02-05T18:23:32.537Z"
                },
                "type": "SCRUB",
                "source": "data:drag",
                "_t": "11:22:57",
                "_end": "11:23:32",
                "data": {
                    "time": 0
                }
            },
            {
                "time": {
                    "start": "2018-02-05T18:22:57.451Z",
                    "end": "2018-02-05T18:23:33.476Z"
                },
                "type": "SCRUB",
                "source": "data:drag",
                "_t": "11:22:57",
                "_end": "11:23:33",
                "data": {
                    "time": 0.056944
                }
            },
            {
                "time": {
                    "start": "2018-02-05T18:22:57.451Z",
                    "end": "2018-02-05T18:23:45.919Z"
                },
                "type": "SCRUB",
                "source": "data:drag",
                "_t": "11:22:57",
                "_end": "11:23:45",
                "data": {
                    "time": 19.835537
                }
            },
            {
                "time": {
                    "start": "2018-02-05T18:22:57.451Z",
                    "end": "2018-02-05T18:23:47.211Z"
                },
                "type": "SCRUB",
                "source": "data:drag",
                "_t": "11:22:57",
                "_end": "11:23:47",
                "data": {
                    "time": 17.353865
                }
            },
            {
                "time": {
                    "start": "2018-02-05T18:22:57.451Z",
                    "end": "2018-02-05T18:23:49.620Z"
                },
                "type": "SCRUB",
                "source": "data:drag",
                "_t": "11:22:57",
                "_end": "11:23:49",
                "data": {
                    "time": 16.090655
                }
            },
            {
                "time": {
                    "start": "2018-02-05T18:22:57.451Z",
                    "end": "2018-02-05T18:23:51.243Z"
                },
                "type": "SCRUB",
                "source": "data:drag",
                "_t": "11:22:57",
                "_end": "11:23:51",
                "data": {
                    "time": 13.463823
                }
            },
            {
                "time": {
                    "start": "2018-02-05T18:22:57.451Z",
                    "end": "2018-02-05T18:23:52.283Z"
                },
                "type": "SCRUB",
                "source": "data:drag",
                "_t": "11:22:57",
                "_end": "11:23:52",
                "data": {
                    "time": 12.177899
                }
            },
            {
                "time": "2018-02-05T18:23:54.645Z",
                "type": "PAUSE",
                "source": "video:button",
                "_t": "11:23:54",
                "_end": "-"
            },
            {
                "time": "2018-02-05T18:23:57.397Z",
                "type": "PLAY",
                "source": "video:button",
                "_t": "11:23:57",
                "_end": "-"
            },
            {
                "time": "2018-02-05T18:24:07.293Z",
                "type": "PAUSE",
                "source": "video:button",
                "_t": "11:24:07",
                "_end": "-"
            },
            {
                "time": "2018-02-05T18:24:08.037Z",
                "type": "PLAY",
                "source": "video:button",
                "_t": "11:24:08",
                "_end": "-"
            },
            {
                "time": "2018-02-05T18:24:08.636Z",
                "type": "PAUSE",
                "source": "video:button",
                "_t": "11:24:08",
                "_end": "-"
            },
            {
                "time": {
                    "start": "2018-02-05T18:22:57.451Z",
                    "end": "2018-02-05T18:24:11.844Z"
                },
                "type": "SCRUB",
                "source": "data:drag",
                "_t": "11:22:57",
                "_end": "11:24:11",
                "data": {
                    "time": 24.260855
                }
            },
            {
                "time": "2018-02-05T18:24:13.220Z",
                "type": "PLAY",
                "source": "video:button",
                "_t": "11:24:13",
                "_end": "-"
            },
            {
                "time": "2018-02-05T18:24:18.515Z",
                "type": "CHANGE-PLAYBACK-RATE",
                "source": "video:menu",
                "_t": "11:24:18",
                "_end": "-",
                "data": {
                    "oldRate": 1,
                    "newRate": 1.5
                }
            },
            {
                "time": "2018-02-05T18:24:20.651Z",
                "type": "CHANGE-PLAYBACK-RATE",
                "source": "video:menu",
                "_t": "11:24:20",
                "_end": "-",
                "data": {
                    "oldRate": 1.5,
                    "newRate": 2
                }
            },
            {
                "time": "2018-02-05T18:24:22.484Z",
                "type": "PAUSE",
                "source": "video:button",
                "_t": "11:24:22",
                "_end": "-"
            },
            {
                "time": {
                    "start": "2018-02-05T18:24:23.288Z",
                    "end": "2018-02-05T18:24:23.373Z"
                },
                "type": "SCRUB",
                "source": "video:drag",
                "_t": "11:24:23",
                "_end": "11:24:23",
                "data": {
                    "to": 30.275553,
                    "from": 36.323947
                }
            },
            {
                "time": "2018-02-05T18:24:24.829Z",
                "type": "CHANGE-PLAYBACK-RATE",
                "source": "video:button",
                "_t": "11:24:24",
                "_end": "-",
                "data": {
                    "oldRate": 2,
                    "newRate": 0.25
                }
            },
            {
                "time": "2018-02-05T18:24:25.493Z",
                "type": "CHANGE-PLAYBACK-RATE",
                "source": "video:menu",
                "_t": "11:24:25",
                "_end": "-",
                "data": {
                    "oldRate": 0.25,
                    "newRate": 0.5
                }
            },
            {
                "time": "2018-02-05T18:24:28.510Z",
                "type": "PLAY",
                "source": "video:button",
                "_t": "11:24:28",
                "_end": "-"
            },
            {
                "time": "2018-02-05T18:24:36.043Z",
                "type": "PAUSE",
                "source": "video:button",
                "_t": "11:24:36",
                "_end": "-"
            },
            {
                "time": "2018-02-05T18:24:39.671Z",
                "type": "PLAY",
                "source": "video:button",
                "_t": "11:24:39",
                "_end": "-"
            },
            {
                "time": "2018-02-05T18:24:42.925Z",
                "type": "PAUSE",
                "source": "video:button",
                "_t": "11:24:42",
                "_end": "-"
            },
            {
                "time": {
                    "start": "2018-02-05T18:24:47.195Z",
                    "end": "2018-02-05T18:25:09.398Z"
                },
                "type": "SCRUB",
                "source": "video:drag",
                "_t": "11:24:47",
                "_end": "11:25:09",
                "data": {
                    "to": 201.65681,
                    "from": 35.624877
                }
            },
            {
                "time": {
                    "start": "2018-02-05T18:25:09.993Z",
                    "end": "2018-02-05T18:25:12.237Z"
                },
                "type": "SCRUB",
                "source": "video:drag",
                "_t": "11:25:09",
                "_end": "11:25:12",
                "data": {
                    "to": 209.766333,
                    "from": 201.65681
                }
            },
            {
                "time": {
                    "start": "2018-02-05T18:25:12.760Z",
                    "end": "2018-02-05T18:25:21.709Z"
                },
                "type": "SCRUB",
                "source": "video:drag",
                "_t": "11:25:12",
                "_end": "11:25:21",
                "data": {
                    "to": 242.74506,
                    "from": 209.766333
                }
            },
            {
                "time": "2018-02-05T18:25:23.006Z",
                "type": "PLAY",
                "source": "video:button",
                "_t": "11:25:23",
                "_end": "-"
            },
            {
                "time": "2018-02-05T18:25:24.853Z",
                "type": "CHANGE-PLAYBACK-RATE",
                "source": "video:menu",
                "_t": "11:25:24",
                "_end": "-",
                "data": {
                    "oldRate": 0.5,
                    "newRate": 1.5
                }
            },
            {
                "time": "2018-02-05T18:25:26.397Z",
                "type": "CHANGE-PLAYBACK-RATE",
                "source": "video:menu",
                "_t": "11:25:26",
                "_end": "-",
                "data": {
                    "oldRate": 1.5,
                    "newRate": 2
                }
            },
            {
                "time": "2018-02-05T18:25:27.294Z",
                "type": "PAUSE",
                "source": "video:button",
                "_t": "11:25:27",
                "_end": "-"
            },
            {
                "time": {
                    "start": "2018-02-05T18:25:28.483Z",
                    "end": "2018-02-05T18:25:28.997Z"
                },
                "type": "SCRUB",
                "source": "video:drag",
                "_t": "11:25:28",
                "_end": "11:25:28",
                "data": {
                    "to": 242.204426,
                    "from": 247.600184
                }
            },
            {
                "time": "2018-02-05T18:25:30.629Z",
                "type": "CHANGE-PLAYBACK-RATE",
                "source": "video:menu",
                "_t": "11:25:30",
                "_end": "-",
                "data": {
                    "oldRate": 2,
                    "newRate": 0.5
                }
            },
            {
                "time": "2018-02-05T18:25:31.510Z",
                "type": "PLAY",
                "source": "video:button",
                "_t": "11:25:31",
                "_end": "-"
            },
            {
                "time": "2018-02-05T18:25:39.341Z",
                "type": "PAUSE",
                "source": "video:button",
                "_t": "11:25:39",
                "_end": "-"
            },
            {
                "time": "2018-02-05T18:25:42.761Z",
                "type": "PLAY",
                "source": "video:button",
                "_t": "11:25:42",
                "_end": "-"
            },
            {
                "time": "2018-02-05T18:25:45.001Z",
                "type": "PAUSE",
                "source": "video:button",
                "_t": "11:25:45",
                "_end": "-"
            },
            {
                "time": "2018-02-05T18:25:45.630Z",
                "type": "PLAY",
                "source": "video:button",
                "_t": "11:25:45",
                "_end": "-"
            },
            {
                "time": "2018-02-05T18:26:01.806Z",
                "type": "PAUSE",
                "source": "video:button",
                "_t": "11:26:01",
                "_end": "-"
            },
            {
                "time": "2018-02-05T18:26:05.966Z",
                "type": "CHANGE-PLAYBACK-RATE",
                "source": "video:menu",
                "_t": "11:26:05",
                "_end": "-",
                "data": {
                    "oldRate": 0.5,
                    "newRate": 1.5
                }
            },
            {
                "time": "2018-02-05T18:26:07.198Z",
                "type": "PLAY",
                "source": "video:button",
                "_t": "11:26:07",
                "_end": "-"
            }
        ]
    }
}