{
    "user_id": "052",
    "session_id": "5a789de7ee2b1975ba835b9d",
    "study": "studyD",
    "workspace": "pill.pills-red",
    "details": {
        "workspace": "pill.pills-red",
        "labels": [
            {
                "time": 13.743426,
                "endTime": 23.84741,
                "type": "pill",
                "id": 1
            },
            {
                "time": 33.966238,
                "endTime": 35.466726,
                "type": "move",
                "id": 2
            }
        ],
        "_starts": [
            "2018-02-05T18:24:17.000Z"
        ],
        "_ends": [
            "2018-02-05T18:27:30.442Z"
        ]
    },
    "labels_file": "/home/ubuntu/vat/data/user-studies/studyD/pill-red/052.labels.json",
    "videoFlash": 2.2457,
    "surveys": {
        "user-info": {
            "firstname": "Gaven",
            "lastname": "Finch",
            "email": "gavenfinch@gmail.com"
        },
        "practice-first": {
            "question1": "3",
            "question2": "ok",
            "question3": "50",
            "question4": "4"
        },
        "practice-second": {},
        "practice-third": {},
        "practice-survey": {},
        "pill-blue": {
            "question1": "4",
            "question2": "5",
            "question3": "50",
            "question4": "100"
        }
    },
    "logs": {
        "labelEvents": [
            {
                "time": "2018-02-05T18:25:22.684Z",
                "type": "START",
                "source": "hotkey",
                "_t": "11:25:22",
                "_end": "-",
                "data": {
                    "type": "pill",
                    "time": 13.743426
                }
            },
            {
                "time": "2018-02-05T18:25:47.852Z",
                "type": "END",
                "source": "hotkey:ctb",
                "_t": "11:25:47",
                "_end": "-",
                "data": {
                    "lbl": {
                        "time": 13.743426,
                        "endTime": 23.84741,
                        "type": "pill",
                        "id": 1
                    },
                    "key": "enter"
                }
            },
            {
                "time": "2018-02-05T18:26:15.037Z",
                "type": "START",
                "source": "hotkey",
                "_t": "11:26:15",
                "_end": "-",
                "data": {
                    "type": "move",
                    "time": 33.966238
                }
            },
            {
                "time": "2018-02-05T18:26:42.300Z",
                "type": "END",
                "source": "hotkey:ctb",
                "_t": "11:26:42",
                "_end": "-",
                "data": {
                    "lbl": {
                        "time": 33.966238,
                        "endTime": 35.466726,
                        "type": "move",
                        "id": 2
                    },
                    "key": "enter"
                }
            }
        ],
        "navigationEvents": [
            {
                "time": "2018-02-05T18:24:31.499Z",
                "type": "PLAY",
                "source": "hotkey",
                "_t": "11:24:31",
                "_end": "-",
                "data": {
                    "key": "space"
                }
            },
            {
                "time": "2018-02-05T18:24:32.187Z",
                "type": "SKIP",
                "source": "hotkey",
                "_t": "11:24:32",
                "_end": "-",
                "data": {
                    "t": 2.870804,
                    "Δt": 5,
                    "key": "right"
                }
            },
            {
                "time": "2018-02-05T18:24:33.739Z",
                "type": "SKIP",
                "source": "hotkey",
                "_t": "11:24:33",
                "_end": "-",
                "data": {
                    "t": 8.609378,
                    "Δt": 5,
                    "key": "right"
                }
            },
            {
                "time": "2018-02-05T18:24:34.257Z",
                "type": "SKIP",
                "source": "hotkey",
                "_t": "11:24:34",
                "_end": "-",
                "data": {
                    "t": 13.98276,
                    "Δt": 5,
                    "key": "right"
                }
            },
            {
                "time": "2018-02-05T18:24:34.844Z",
                "type": "SKIP",
                "source": "hotkey",
                "_t": "11:24:34",
                "_end": "-",
                "data": {
                    "t": 18.98276,
                    "Δt": -5,
                    "key": "left"
                }
            },
            {
                "time": "2018-02-05T18:24:35.355Z",
                "type": "SKIP",
                "source": "hotkey",
                "_t": "11:24:35",
                "_end": "-",
                "data": {
                    "t": 14.28812,
                    "Δt": -5,
                    "key": "left"
                }
            },
            {
                "time": "2018-02-05T18:24:38.714Z",
                "type": "PAUSE",
                "source": "hotkey",
                "_t": "11:24:38",
                "_end": "-",
                "data": {
                    "key": "space"
                }
            },
            {
                "time": "2018-02-05T18:24:39.100Z",
                "type": "SKIP",
                "source": "hotkey",
                "_t": "11:24:39",
                "_end": "-",
                "data": {
                    "t": 11.676757,
                    "Δt": 1,
                    "key": "right"
                }
            },
            {
                "time": "2018-02-05T18:24:39.499Z",
                "type": "SKIP",
                "source": "hotkey",
                "_t": "11:24:39",
                "_end": "-",
                "data": {
                    "t": 12.676757,
                    "Δt": 1,
                    "key": "right"
                }
            },
            {
                "time": "2018-02-05T18:24:40.204Z",
                "type": "SKIP",
                "source": "hotkey",
                "_t": "11:24:40",
                "_end": "-",
                "data": {
                    "t": 13.676757,
                    "Δt": -1,
                    "key": "left"
                }
            },
            {
                "time": "2018-02-05T18:24:43.900Z",
                "type": "SKIP",
                "source": "hotkey",
                "_t": "11:24:43",
                "_end": "-",
                "data": {
                    "t": 3.197666,
                    "Δt": 5,
                    "key": "right"
                }
            },
            {
                "time": "2018-02-05T18:24:45.723Z",
                "type": "PAUSE",
                "source": "hotkey",
                "_t": "11:24:45",
                "_end": "-",
                "data": {
                    "key": "space"
                }
            },
            {
                "time": "2018-02-05T18:24:46.139Z",
                "type": "SKIP",
                "source": "hotkey",
                "_t": "11:24:46",
                "_end": "-",
                "data": {
                    "t": 9.374754,
                    "Δt": 1,
                    "key": "right"
                }
            },
            {
                "time": "2018-02-05T18:24:47.403Z",
                "type": "SKIP",
                "source": "hotkey",
                "_t": "11:24:47",
                "_end": "-",
                "data": {
                    "t": 10.374754,
                    "Δt": 1,
                    "key": "right"
                }
            },
            {
                "time": "2018-02-05T18:24:48.668Z",
                "type": "SKIP",
                "source": "hotkey",
                "_t": "11:24:48",
                "_end": "-",
                "data": {
                    "t": 11.374754,
                    "Δt": 1,
                    "key": "right"
                }
            },
            {
                "time": "2018-02-05T18:24:50.060Z",
                "type": "PLAY",
                "source": "hotkey",
                "_t": "11:24:50",
                "_end": "-",
                "data": {
                    "key": "space"
                }
            },
            {
                "time": "2018-02-05T18:24:51.771Z",
                "type": "PAUSE",
                "source": "hotkey",
                "_t": "11:24:51",
                "_end": "-",
                "data": {
                    "key": "space"
                }
            },
            {
                "time": "2018-02-05T18:24:52.715Z",
                "type": "SKIP",
                "source": "hotkey",
                "_t": "11:24:52",
                "_end": "-",
                "data": {
                    "t": 13.976009,
                    "Δt": -1,
                    "key": "left"
                }
            },
            {
                "time": "2018-02-05T18:24:55.596Z",
                "type": "SKIP",
                "source": "hotkey",
                "_t": "11:24:55",
                "_end": "-",
                "data": {
                    "t": 12.976009,
                    "Δt": 0.033366700033366704,
                    "key": "shift+right"
                }
            },
            {
                "time": "2018-02-05T18:24:56.411Z",
                "type": "SKIP",
                "source": "hotkey",
                "_t": "11:24:56",
                "_end": "-",
                "data": {
                    "t": 13.009375,
                    "Δt": 0.033366700033366704,
                    "key": "shift+right"
                }
            },
            {
                "time": "2018-02-05T18:24:58.188Z",
                "type": "SKIP",
                "source": "hotkey",
                "_t": "11:24:58",
                "_end": "-",
                "data": {
                    "t": 13.042741,
                    "Δt": 0.033366700033366704,
                    "key": "shift+right"
                }
            },
            {
                "time": "2018-02-05T18:24:59.019Z",
                "type": "SKIP",
                "source": "hotkey",
                "_t": "11:24:59",
                "_end": "-",
                "data": {
                    "t": 13.076107,
                    "Δt": 0.033366700033366704,
                    "key": "shift+right"
                }
            },
            {
                "time": "2018-02-05T18:25:00.476Z",
                "type": "SKIP",
                "source": "hotkey",
                "_t": "11:25:00",
                "_end": "-",
                "data": {
                    "t": 13.109473,
                    "Δt": 0.033366700033366704,
                    "key": "shift+right"
                }
            },
            {
                "time": "2018-02-05T18:25:01.661Z",
                "type": "SKIP",
                "source": "hotkey",
                "_t": "11:25:01",
                "_end": "-",
                "data": {
                    "t": 13.142839,
                    "Δt": 0.033366700033366704,
                    "key": "shift+right"
                }
            },
            {
                "time": "2018-02-05T18:25:02.091Z",
                "type": "SKIP",
                "source": "hotkey",
                "_t": "11:25:02",
                "_end": "-",
                "data": {
                    "t": 13.176205,
                    "Δt": 0.033366700033366704,
                    "key": "shift+right"
                }
            },
            {
                "time": "2018-02-05T18:25:02.283Z",
                "type": "SKIP",
                "source": "hotkey",
                "_t": "11:25:02",
                "_end": "-",
                "data": {
                    "t": 13.209571,
                    "Δt": 0.033366700033366704,
                    "key": "shift+right"
                }
            },
            {
                "time": "2018-02-05T18:25:02.956Z",
                "type": "SKIP",
                "source": "hotkey",
                "_t": "11:25:02",
                "_end": "-",
                "data": {
                    "t": 13.242937,
                    "Δt": 0.033366700033366704,
                    "key": "shift+right"
                }
            },
            {
                "time": "2018-02-05T18:25:04.763Z",
                "type": "SKIP",
                "source": "hotkey",
                "_t": "11:25:04",
                "_end": "-",
                "data": {
                    "t": 13.276303,
                    "Δt": 0.033366700033366704,
                    "key": "shift+right"
                }
            },
            {
                "time": "2018-02-05T18:25:04.907Z",
                "type": "SKIP",
                "source": "hotkey",
                "_t": "11:25:04",
                "_end": "-",
                "data": {
                    "t": 13.309669,
                    "Δt": 0.033366700033366704,
                    "key": "shift+right"
                }
            },
            {
                "time": "2018-02-05T18:25:06.604Z",
                "type": "SKIP",
                "source": "hotkey",
                "_t": "11:25:06",
                "_end": "-",
                "data": {
                    "t": 13.343035,
                    "Δt": 0.033366700033366704,
                    "key": "shift+right"
                }
            },
            {
                "time": "2018-02-05T18:25:06.747Z",
                "type": "SKIP",
                "source": "hotkey",
                "_t": "11:25:06",
                "_end": "-",
                "data": {
                    "t": 13.376401,
                    "Δt": 0.033366700033366704,
                    "key": "shift+right"
                }
            },
            {
                "time": "2018-02-05T18:25:08.603Z",
                "type": "SKIP",
                "source": "hotkey",
                "_t": "11:25:08",
                "_end": "-",
                "data": {
                    "t": 13.409767,
                    "Δt": 0.033366700033366704,
                    "key": "shift+right"
                }
            },
            {
                "time": "2018-02-05T18:25:10.220Z",
                "type": "SKIP",
                "source": "hotkey",
                "_t": "11:25:10",
                "_end": "-",
                "data": {
                    "t": 13.443133,
                    "Δt": 0.033366700033366704,
                    "key": "shift+right"
                }
            },
            {
                "time": "2018-02-05T18:25:11.643Z",
                "type": "SKIP",
                "source": "hotkey",
                "_t": "11:25:11",
                "_end": "-",
                "data": {
                    "t": 13.476499,
                    "Δt": 0.033366700033366704,
                    "key": "shift+right"
                }
            },
            {
                "time": "2018-02-05T18:25:12.683Z",
                "type": "SKIP",
                "source": "hotkey",
                "_t": "11:25:12",
                "_end": "-",
                "data": {
                    "t": 13.509865,
                    "Δt": 0.033366700033366704,
                    "key": "shift+right"
                }
            },
            {
                "time": "2018-02-05T18:25:13.420Z",
                "type": "SKIP",
                "source": "hotkey",
                "_t": "11:25:13",
                "_end": "-",
                "data": {
                    "t": 13.543231,
                    "Δt": 0.033366700033366704,
                    "key": "shift+right"
                }
            },
            {
                "time": "2018-02-05T18:25:14.044Z",
                "type": "SKIP",
                "source": "hotkey",
                "_t": "11:25:14",
                "_end": "-",
                "data": {
                    "t": 13.576597,
                    "Δt": 0.033366700033366704,
                    "key": "shift+right"
                }
            },
            {
                "time": "2018-02-05T18:25:14.587Z",
                "type": "SKIP",
                "source": "hotkey",
                "_t": "11:25:14",
                "_end": "-",
                "data": {
                    "t": 13.609963,
                    "Δt": 0.033366700033366704,
                    "key": "shift+right"
                }
            },
            {
                "time": "2018-02-05T18:25:15.117Z",
                "type": "SKIP",
                "source": "hotkey",
                "_t": "11:25:15",
                "_end": "-",
                "data": {
                    "t": 13.643329,
                    "Δt": 0.033366700033366704,
                    "key": "shift+right"
                }
            },
            {
                "time": "2018-02-05T18:25:16.236Z",
                "type": "SKIP",
                "source": "hotkey",
                "_t": "11:25:16",
                "_end": "-",
                "data": {
                    "t": 13.676695,
                    "Δt": 0.033366700033366704,
                    "key": "shift+right"
                }
            },
            {
                "time": "2018-02-05T18:25:17.116Z",
                "type": "SKIP",
                "source": "hotkey",
                "_t": "11:25:17",
                "_end": "-",
                "data": {
                    "t": 13.710061,
                    "Δt": 0.033366700033366704,
                    "key": "shift+right"
                }
            },
            {
                "time": "2018-02-05T18:25:17.963Z",
                "type": "SKIP",
                "source": "hotkey",
                "_t": "11:25:17",
                "_end": "-",
                "data": {
                    "t": 13.743427,
                    "Δt": 0.033366700033366704,
                    "key": "shift+right"
                }
            },
            {
                "time": "2018-02-05T18:25:18.988Z",
                "type": "SKIP",
                "source": "hotkey",
                "_t": "11:25:18",
                "_end": "-",
                "data": {
                    "t": 13.776793,
                    "Δt": -0.033366700033366704,
                    "key": "shift+left"
                }
            },
            {
                "time": "2018-02-05T18:25:24.636Z",
                "type": "PLAY",
                "source": "hotkey",
                "_t": "11:25:24",
                "_end": "-",
                "data": {
                    "key": "space"
                }
            },
            {
                "time": "2018-02-05T18:25:34.556Z",
                "type": "PAUSE",
                "source": "hotkey",
                "_t": "11:25:34",
                "_end": "-",
                "data": {
                    "key": "space"
                }
            },
            {
                "time": "2018-02-05T18:25:35.691Z",
                "type": "SKIP",
                "source": "hotkey",
                "_t": "11:25:35",
                "_end": "-",
                "data": {
                    "t": 23.61385,
                    "Δt": 0.033366700033366704,
                    "key": "shift+right"
                }
            },
            {
                "time": "2018-02-05T18:25:36.715Z",
                "type": "SKIP",
                "source": "hotkey",
                "_t": "11:25:36",
                "_end": "-",
                "data": {
                    "t": 23.647216,
                    "Δt": 0.033366700033366704,
                    "key": "shift+right"
                }
            },
            {
                "time": "2018-02-05T18:25:37.788Z",
                "type": "SKIP",
                "source": "hotkey",
                "_t": "11:25:37",
                "_end": "-",
                "data": {
                    "t": 23.680582,
                    "Δt": 0.033366700033366704,
                    "key": "shift+right"
                }
            },
            {
                "time": "2018-02-05T18:25:38.748Z",
                "type": "SKIP",
                "source": "hotkey",
                "_t": "11:25:38",
                "_end": "-",
                "data": {
                    "t": 23.713948,
                    "Δt": 0.033366700033366704,
                    "key": "shift+right"
                }
            },
            {
                "time": "2018-02-05T18:25:39.852Z",
                "type": "SKIP",
                "source": "hotkey",
                "_t": "11:25:39",
                "_end": "-",
                "data": {
                    "t": 23.747314,
                    "Δt": 0.033366700033366704,
                    "key": "shift+right"
                }
            },
            {
                "time": "2018-02-05T18:25:40.876Z",
                "type": "SKIP",
                "source": "hotkey",
                "_t": "11:25:40",
                "_end": "-",
                "data": {
                    "t": 23.78068,
                    "Δt": 0.033366700033366704,
                    "key": "shift+right"
                }
            },
            {
                "time": "2018-02-05T18:25:42.011Z",
                "type": "SKIP",
                "source": "hotkey",
                "_t": "11:25:42",
                "_end": "-",
                "data": {
                    "t": 23.814046,
                    "Δt": 0.033366700033366704,
                    "key": "shift+right"
                }
            },
            {
                "time": "2018-02-05T18:25:43.164Z",
                "type": "SKIP",
                "source": "hotkey",
                "_t": "11:25:43",
                "_end": "-",
                "data": {
                    "t": 23.847412,
                    "Δt": 0.033366700033366704,
                    "key": "shift+right"
                }
            },
            {
                "time": "2018-02-05T18:25:44.075Z",
                "type": "SKIP",
                "source": "hotkey",
                "_t": "11:25:44",
                "_end": "-",
                "data": {
                    "t": 23.880778,
                    "Δt": -0.033366700033366704,
                    "key": "shift+left"
                }
            },
            {
                "time": "2018-02-05T18:25:45.084Z",
                "type": "SKIP",
                "source": "hotkey",
                "_t": "11:25:45",
                "_end": "-",
                "data": {
                    "t": 23.847411,
                    "Δt": -0.033366700033366704,
                    "key": "shift+left"
                }
            },
            {
                "time": "2018-02-05T18:25:46.412Z",
                "type": "SKIP",
                "source": "hotkey",
                "_t": "11:25:46",
                "_end": "-",
                "data": {
                    "t": 23.814044,
                    "Δt": 0.033366700033366704,
                    "key": "shift+right"
                }
            },
            {
                "time": "2018-02-05T18:25:48.347Z",
                "type": "PLAY",
                "source": "hotkey",
                "_t": "11:25:48",
                "_end": "-",
                "data": {
                    "key": "space"
                }
            },
            {
                "time": "2018-02-05T18:25:49.469Z",
                "type": "SKIP",
                "source": "hotkey",
                "_t": "11:25:49",
                "_end": "-",
                "data": {
                    "t": 24.901865,
                    "Δt": 5,
                    "key": "right"
                }
            },
            {
                "time": "2018-02-05T18:25:53.308Z",
                "type": "SKIP",
                "source": "hotkey",
                "_t": "11:25:53",
                "_end": "-",
                "data": {
                    "t": 33.524437,
                    "Δt": 5,
                    "key": "right"
                }
            },
            {
                "time": "2018-02-05T18:25:55.112Z",
                "type": "SKIP",
                "source": "hotkey",
                "_t": "11:25:55",
                "_end": "-",
                "data": {
                    "t": 39.229189,
                    "Δt": -5,
                    "key": "left"
                }
            },
            {
                "time": "2018-02-05T18:25:58.316Z",
                "type": "SKIP",
                "source": "hotkey",
                "_t": "11:25:58",
                "_end": "-",
                "data": {
                    "t": 36.768124,
                    "Δt": -5,
                    "key": "left"
                }
            },
            {
                "time": "2018-02-05T18:25:59.890Z",
                "type": "PAUSE",
                "source": "hotkey",
                "_t": "11:25:59",
                "_end": "-",
                "data": {
                    "key": "space"
                }
            },
            {
                "time": "2018-02-05T18:26:00.140Z",
                "type": "SKIP",
                "source": "hotkey",
                "_t": "11:26:00",
                "_end": "-",
                "data": {
                    "t": 32.932876,
                    "Δt": 1,
                    "key": "right"
                }
            },
            {
                "time": "2018-02-05T18:26:00.812Z",
                "type": "SKIP",
                "source": "hotkey",
                "_t": "11:26:00",
                "_end": "-",
                "data": {
                    "t": 33.932876,
                    "Δt": 1,
                    "key": "right"
                }
            },
            {
                "time": "2018-02-05T18:26:02.060Z",
                "type": "SKIP",
                "source": "hotkey",
                "_t": "11:26:02",
                "_end": "-",
                "data": {
                    "t": 34.932876,
                    "Δt": -1,
                    "key": "left"
                }
            },
            {
                "time": "2018-02-05T18:26:03.404Z",
                "type": "SKIP",
                "source": "hotkey",
                "_t": "11:26:03",
                "_end": "-",
                "data": {
                    "t": 33.932876,
                    "Δt": 0.033366700033366704,
                    "key": "shift+right"
                }
            },
            {
                "time": "2018-02-05T18:26:04.252Z",
                "type": "SKIP",
                "source": "hotkey",
                "_t": "11:26:04",
                "_end": "-",
                "data": {
                    "t": 33.966242,
                    "Δt": 0.033366700033366704,
                    "key": "shift+right"
                }
            },
            {
                "time": "2018-02-05T18:26:05.356Z",
                "type": "SKIP",
                "source": "hotkey",
                "_t": "11:26:05",
                "_end": "-",
                "data": {
                    "t": 33.999608,
                    "Δt": -0.033366700033366704,
                    "key": "shift+left"
                }
            },
            {
                "time": "2018-02-05T18:26:06.205Z",
                "type": "SKIP",
                "source": "hotkey",
                "_t": "11:26:06",
                "_end": "-",
                "data": {
                    "t": 33.966241,
                    "Δt": -0.033366700033366704,
                    "key": "shift+left"
                }
            },
            {
                "time": "2018-02-05T18:26:07.340Z",
                "type": "SKIP",
                "source": "hotkey",
                "_t": "11:26:07",
                "_end": "-",
                "data": {
                    "t": 33.932874,
                    "Δt": 0.033366700033366704,
                    "key": "shift+right"
                }
            },
            {
                "time": "2018-02-05T18:26:10.124Z",
                "type": "SKIP",
                "source": "hotkey",
                "_t": "11:26:10",
                "_end": "-",
                "data": {
                    "t": 33.96624,
                    "Δt": -0.033366700033366704,
                    "key": "shift+left"
                }
            },
            {
                "time": "2018-02-05T18:26:11.359Z",
                "type": "SKIP",
                "source": "hotkey",
                "_t": "11:26:11",
                "_end": "-",
                "data": {
                    "t": 33.932873,
                    "Δt": -0.033366700033366704,
                    "key": "shift+left"
                }
            },
            {
                "time": "2018-02-05T18:26:12.204Z",
                "type": "SKIP",
                "source": "hotkey",
                "_t": "11:26:12",
                "_end": "-",
                "data": {
                    "t": 33.899506,
                    "Δt": 0.033366700033366704,
                    "key": "shift+right"
                }
            },
            {
                "time": "2018-02-05T18:26:13.116Z",
                "type": "SKIP",
                "source": "hotkey",
                "_t": "11:26:13",
                "_end": "-",
                "data": {
                    "t": 33.932872,
                    "Δt": 0.033366700033366704,
                    "key": "shift+right"
                }
            },
            {
                "time": "2018-02-05T18:26:15.724Z",
                "type": "SKIP",
                "source": "hotkey",
                "_t": "11:26:15",
                "_end": "-",
                "data": {
                    "t": 33.966238,
                    "Δt": 1,
                    "key": "right"
                }
            },
            {
                "time": "2018-02-05T18:26:16.924Z",
                "type": "SKIP",
                "source": "hotkey",
                "_t": "11:26:16",
                "_end": "-",
                "data": {
                    "t": 34.966238,
                    "Δt": 1,
                    "key": "right"
                }
            },
            {
                "time": "2018-02-05T18:26:18.828Z",
                "type": "SKIP",
                "source": "hotkey",
                "_t": "11:26:18",
                "_end": "-",
                "data": {
                    "t": 35.966238,
                    "Δt": -1,
                    "key": "left"
                }
            },
            {
                "time": "2018-02-05T18:26:20.044Z",
                "type": "SKIP",
                "source": "hotkey",
                "_t": "11:26:20",
                "_end": "-",
                "data": {
                    "t": 34.966238,
                    "Δt": 0.033366700033366704,
                    "key": "shift+right"
                }
            },
            {
                "time": "2018-02-05T18:26:21.020Z",
                "type": "SKIP",
                "source": "hotkey",
                "_t": "11:26:21",
                "_end": "-",
                "data": {
                    "t": 34.999604,
                    "Δt": 0.033366700033366704,
                    "key": "shift+right"
                }
            },
            {
                "time": "2018-02-05T18:26:21.213Z",
                "type": "SKIP",
                "source": "hotkey",
                "_t": "11:26:21",
                "_end": "-",
                "data": {
                    "t": 35.03297,
                    "Δt": 0.033366700033366704,
                    "key": "shift+right"
                }
            },
            {
                "time": "2018-02-05T18:26:21.356Z",
                "type": "SKIP",
                "source": "hotkey",
                "_t": "11:26:21",
                "_end": "-",
                "data": {
                    "t": 35.066336,
                    "Δt": 0.033366700033366704,
                    "key": "shift+right"
                }
            },
            {
                "time": "2018-02-05T18:26:23.004Z",
                "type": "SKIP",
                "source": "hotkey",
                "_t": "11:26:23",
                "_end": "-",
                "data": {
                    "t": 35.099702,
                    "Δt": 0.033366700033366704,
                    "key": "shift+right"
                }
            },
            {
                "time": "2018-02-05T18:26:24.493Z",
                "type": "SKIP",
                "source": "hotkey",
                "_t": "11:26:24",
                "_end": "-",
                "data": {
                    "t": 35.133068,
                    "Δt": 0.033366700033366704,
                    "key": "shift+right"
                }
            },
            {
                "time": "2018-02-05T18:26:25.596Z",
                "type": "SKIP",
                "source": "hotkey",
                "_t": "11:26:25",
                "_end": "-",
                "data": {
                    "t": 35.166434,
                    "Δt": 0.033366700033366704,
                    "key": "shift+right"
                }
            },
            {
                "time": "2018-02-05T18:26:26.717Z",
                "type": "SKIP",
                "source": "hotkey",
                "_t": "11:26:26",
                "_end": "-",
                "data": {
                    "t": 35.1998,
                    "Δt": 0.033366700033366704,
                    "key": "shift+right"
                }
            },
            {
                "time": "2018-02-05T18:26:28.155Z",
                "type": "SKIP",
                "source": "hotkey",
                "_t": "11:26:28",
                "_end": "-",
                "data": {
                    "t": 35.233166,
                    "Δt": 0.033366700033366704,
                    "key": "shift+right"
                }
            },
            {
                "time": "2018-02-05T18:26:29.884Z",
                "type": "SKIP",
                "source": "hotkey",
                "_t": "11:26:29",
                "_end": "-",
                "data": {
                    "t": 35.266532,
                    "Δt": 0.033366700033366704,
                    "key": "shift+right"
                }
            },
            {
                "time": "2018-02-05T18:26:31.021Z",
                "type": "SKIP",
                "source": "hotkey",
                "_t": "11:26:31",
                "_end": "-",
                "data": {
                    "t": 35.299898,
                    "Δt": 0.033366700033366704,
                    "key": "shift+right"
                }
            },
            {
                "time": "2018-02-05T18:26:32.221Z",
                "type": "SKIP",
                "source": "hotkey",
                "_t": "11:26:32",
                "_end": "-",
                "data": {
                    "t": 35.333264,
                    "Δt": 0.033366700033366704,
                    "key": "shift+right"
                }
            },
            {
                "time": "2018-02-05T18:26:33.676Z",
                "type": "SKIP",
                "source": "hotkey",
                "_t": "11:26:33",
                "_end": "-",
                "data": {
                    "t": 35.36663,
                    "Δt": 0.033366700033366704,
                    "key": "shift+right"
                }
            },
            {
                "time": "2018-02-05T18:26:35.132Z",
                "type": "SKIP",
                "source": "hotkey",
                "_t": "11:26:35",
                "_end": "-",
                "data": {
                    "t": 35.399996,
                    "Δt": 0.033366700033366704,
                    "key": "shift+right"
                }
            },
            {
                "time": "2018-02-05T18:26:36.460Z",
                "type": "SKIP",
                "source": "hotkey",
                "_t": "11:26:36",
                "_end": "-",
                "data": {
                    "t": 35.433362,
                    "Δt": 0.033366700033366704,
                    "key": "shift+right"
                }
            },
            {
                "time": "2018-02-05T18:26:37.532Z",
                "type": "SKIP",
                "source": "hotkey",
                "_t": "11:26:37",
                "_end": "-",
                "data": {
                    "t": 35.466728,
                    "Δt": 0.033366700033366704,
                    "key": "shift+right"
                }
            },
            {
                "time": "2018-02-05T18:26:38.604Z",
                "type": "SKIP",
                "source": "hotkey",
                "_t": "11:26:38",
                "_end": "-",
                "data": {
                    "t": 35.500094,
                    "Δt": -0.033366700033366704,
                    "key": "shift+left"
                }
            },
            {
                "time": "2018-02-05T18:26:39.596Z",
                "type": "SKIP",
                "source": "hotkey",
                "_t": "11:26:39",
                "_end": "-",
                "data": {
                    "t": 35.466727,
                    "Δt": -0.033366700033366704,
                    "key": "shift+left"
                }
            },
            {
                "time": "2018-02-05T18:26:40.748Z",
                "type": "SKIP",
                "source": "hotkey",
                "_t": "11:26:40",
                "_end": "-",
                "data": {
                    "t": 35.43336,
                    "Δt": 0.033366700033366704,
                    "key": "shift+right"
                }
            },
            {
                "time": "2018-02-05T18:26:43.052Z",
                "type": "SKIP",
                "source": "hotkey",
                "_t": "11:26:43",
                "_end": "-",
                "data": {
                    "t": 35.466726,
                    "Δt": 1,
                    "key": "right"
                }
            },
            {
                "time": "2018-02-05T18:26:44.013Z",
                "type": "PLAY",
                "source": "hotkey",
                "_t": "11:26:44",
                "_end": "-",
                "data": {
                    "key": "space"
                }
            },
            {
                "time": "2018-02-05T18:26:46.844Z",
                "type": "SKIP",
                "source": "hotkey",
                "_t": "11:26:46",
                "_end": "-",
                "data": {
                    "t": 39.249799,
                    "Δt": 5,
                    "key": "right"
                }
            },
            {
                "time": "2018-02-05T18:26:48.463Z",
                "type": "SKIP",
                "source": "hotkey",
                "_t": "11:26:48",
                "_end": "-",
                "data": {
                    "t": 45.126886,
                    "Δt": 5,
                    "key": "right"
                }
            },
            {
                "time": "2018-02-05T18:26:49.456Z",
                "type": "SKIP",
                "source": "hotkey",
                "_t": "11:26:49",
                "_end": "-",
                "data": {
                    "t": 50.764028,
                    "Δt": 5,
                    "key": "right"
                }
            },
            {
                "time": "2018-02-05T18:26:50.685Z",
                "type": "SKIP",
                "source": "hotkey",
                "_t": "11:26:50",
                "_end": "-",
                "data": {
                    "t": 56.100782,
                    "Δt": 5,
                    "key": "right"
                }
            },
            {
                "time": "2018-02-05T18:26:51.501Z",
                "type": "SKIP",
                "source": "hotkey",
                "_t": "11:26:51",
                "_end": "-",
                "data": {
                    "t": 61.44086,
                    "Δt": 5,
                    "key": "right"
                }
            },
            {
                "time": "2018-02-05T18:26:52.829Z",
                "type": "SKIP",
                "source": "hotkey",
                "_t": "11:26:52",
                "_end": "-",
                "data": {
                    "t": 66.783528,
                    "Δt": 5,
                    "key": "right"
                }
            },
            {
                "time": "2018-02-05T18:26:53.981Z",
                "type": "SKIP",
                "source": "hotkey",
                "_t": "11:26:53",
                "_end": "-",
                "data": {
                    "t": 72.343034,
                    "Δt": 5,
                    "key": "right"
                }
            },
            {
                "time": "2018-02-05T18:26:54.879Z",
                "type": "SKIP",
                "source": "hotkey",
                "_t": "11:26:54",
                "_end": "-",
                "data": {
                    "t": 77.690847,
                    "Δt": 5,
                    "key": "right"
                }
            },
            {
                "time": "2018-02-05T18:26:55.934Z",
                "type": "SKIP",
                "source": "hotkey",
                "_t": "11:26:55",
                "_end": "-",
                "data": {
                    "t": 82.996497,
                    "Δt": 5,
                    "key": "right"
                }
            },
            {
                "time": "2018-02-05T18:26:56.815Z",
                "type": "SKIP",
                "source": "hotkey",
                "_t": "11:26:56",
                "_end": "-",
                "data": {
                    "t": 88.332518,
                    "Δt": 5,
                    "key": "right"
                }
            },
            {
                "time": "2018-02-05T18:26:57.981Z",
                "type": "SKIP",
                "source": "hotkey",
                "_t": "11:26:57",
                "_end": "-",
                "data": {
                    "t": 93.673124,
                    "Δt": 5,
                    "key": "right"
                }
            },
            {
                "time": "2018-02-05T18:26:58.797Z",
                "type": "SKIP",
                "source": "hotkey",
                "_t": "11:26:58",
                "_end": "-",
                "data": {
                    "t": 99.103402,
                    "Δt": 5,
                    "key": "right"
                }
            },
            {
                "time": "2018-02-05T18:27:00.093Z",
                "type": "SKIP",
                "source": "hotkey",
                "_t": "11:27:00",
                "_end": "-",
                "data": {
                    "t": 104.441853,
                    "Δt": 5,
                    "key": "right"
                }
            },
            {
                "time": "2018-02-05T18:27:01.132Z",
                "type": "SKIP",
                "source": "hotkey",
                "_t": "11:27:01",
                "_end": "-",
                "data": {
                    "t": 109.979704,
                    "Δt": 5,
                    "key": "right"
                }
            },
            {
                "time": "2018-02-05T18:27:02.510Z",
                "type": "SKIP",
                "source": "hotkey",
                "_t": "11:27:02",
                "_end": "-",
                "data": {
                    "t": 115.289984,
                    "Δt": 5,
                    "key": "right"
                }
            },
            {
                "time": "2018-02-05T18:27:03.533Z",
                "type": "SKIP",
                "source": "hotkey",
                "_t": "11:27:03",
                "_end": "-",
                "data": {
                    "t": 120.675177,
                    "Δt": 5,
                    "key": "right"
                }
            },
            {
                "time": "2018-02-05T18:27:04.508Z",
                "type": "SKIP",
                "source": "hotkey",
                "_t": "11:27:04",
                "_end": "-",
                "data": {
                    "t": 126.102933,
                    "Δt": 5,
                    "key": "right"
                }
            },
            {
                "time": "2018-02-05T18:27:05.693Z",
                "type": "SKIP",
                "source": "hotkey",
                "_t": "11:27:05",
                "_end": "-",
                "data": {
                    "t": 131.468608,
                    "Δt": 5,
                    "key": "right"
                }
            },
            {
                "time": "2018-02-05T18:27:07.853Z",
                "type": "SKIP",
                "source": "hotkey",
                "_t": "11:27:07",
                "_end": "-",
                "data": {
                    "t": 138.294074,
                    "Δt": 5,
                    "key": "right"
                }
            },
            {
                "time": "2018-02-05T18:27:09.181Z",
                "type": "SKIP",
                "source": "hotkey",
                "_t": "11:27:09",
                "_end": "-",
                "data": {
                    "t": 143.641743,
                    "Δt": 5,
                    "key": "right"
                }
            },
            {
                "time": "2018-02-05T18:27:10.109Z",
                "type": "SKIP",
                "source": "hotkey",
                "_t": "11:27:10",
                "_end": "-",
                "data": {
                    "t": 149.012143,
                    "Δt": 5,
                    "key": "right"
                }
            },
            {
                "time": "2018-02-05T18:27:11.549Z",
                "type": "SKIP",
                "source": "hotkey",
                "_t": "11:27:11",
                "_end": "-",
                "data": {
                    "t": 154.305649,
                    "Δt": 5,
                    "key": "right"
                }
            },
            {
                "time": "2018-02-05T18:27:12.749Z",
                "type": "SKIP",
                "source": "hotkey",
                "_t": "11:27:12",
                "_end": "-",
                "data": {
                    "t": 159.807918,
                    "Δt": 5,
                    "key": "right"
                }
            },
            {
                "time": "2018-02-05T18:27:13.694Z",
                "type": "SKIP",
                "source": "hotkey",
                "_t": "11:27:13",
                "_end": "-",
                "data": {
                    "t": 165.142718,
                    "Δt": 5,
                    "key": "right"
                }
            },
            {
                "time": "2018-02-05T18:27:14.814Z",
                "type": "SKIP",
                "source": "hotkey",
                "_t": "11:27:14",
                "_end": "-",
                "data": {
                    "t": 170.459247,
                    "Δt": 5,
                    "key": "right"
                }
            },
            {
                "time": "2018-02-05T18:27:15.580Z",
                "type": "SKIP",
                "source": "hotkey",
                "_t": "11:27:15",
                "_end": "-",
                "data": {
                    "t": 175.842411,
                    "Δt": 5,
                    "key": "right"
                }
            },
            {
                "time": "2018-02-05T18:27:16.724Z",
                "type": "SKIP",
                "source": "hotkey",
                "_t": "11:27:16",
                "_end": "-",
                "data": {
                    "t": 181.068013,
                    "Δt": 5,
                    "key": "right"
                }
            },
            {
                "time": "2018-02-05T18:27:17.530Z",
                "type": "SKIP",
                "source": "hotkey",
                "_t": "11:27:17",
                "_end": "-",
                "data": {
                    "t": 186.407563,
                    "Δt": 5,
                    "key": "right"
                }
            },
            {
                "time": "2018-02-05T18:27:18.797Z",
                "type": "SKIP",
                "source": "hotkey",
                "_t": "11:27:18",
                "_end": "-",
                "data": {
                    "t": 191.640607,
                    "Δt": 5,
                    "key": "right"
                }
            },
            {
                "time": "2018-02-05T18:27:19.728Z",
                "type": "SKIP",
                "source": "hotkey",
                "_t": "11:27:19",
                "_end": "-",
                "data": {
                    "t": 196.992314,
                    "Δt": 5,
                    "key": "right"
                }
            },
            {
                "time": "2018-02-05T18:27:21.710Z",
                "type": "SKIP",
                "source": "hotkey",
                "_t": "11:27:21",
                "_end": "-",
                "data": {
                    "t": 202.86302,
                    "Δt": 5,
                    "key": "right"
                }
            },
            {
                "time": "2018-02-05T18:27:22.716Z",
                "type": "SKIP",
                "source": "hotkey",
                "_t": "11:27:22",
                "_end": "-",
                "data": {
                    "t": 208.134479,
                    "Δt": 5,
                    "key": "right"
                }
            },
            {
                "time": "2018-02-05T18:27:23.756Z",
                "type": "SKIP",
                "source": "hotkey",
                "_t": "11:27:23",
                "_end": "-",
                "data": {
                    "t": 213.424482,
                    "Δt": 5,
                    "key": "right"
                }
            },
            {
                "time": "2018-02-05T18:27:24.735Z",
                "type": "SKIP",
                "source": "hotkey",
                "_t": "11:27:24",
                "_end": "-",
                "data": {
                    "t": 218.554202,
                    "Δt": 5,
                    "key": "right"
                }
            },
            {
                "time": "2018-02-05T18:27:25.549Z",
                "type": "SKIP",
                "source": "hotkey",
                "_t": "11:27:25",
                "_end": "-",
                "data": {
                    "t": 223.987,
                    "Δt": 5,
                    "key": "right"
                }
            },
            {
                "time": "2018-02-05T18:27:26.783Z",
                "type": "SKIP",
                "source": "hotkey",
                "_t": "11:27:26",
                "_end": "-",
                "data": {
                    "t": 229.238199,
                    "Δt": 5,
                    "key": "right"
                }
            },
            {
                "time": "2018-02-05T18:27:27.775Z",
                "type": "SKIP",
                "source": "hotkey",
                "_t": "11:27:27",
                "_end": "-",
                "data": {
                    "t": 234.740921,
                    "Δt": 5,
                    "key": "right"
                }
            },
            {
                "time": "2018-02-05T18:27:29.134Z",
                "type": "SKIP",
                "source": "hotkey",
                "_t": "11:27:29",
                "_end": "-",
                "data": {
                    "t": 240.041195,
                    "Δt": 5,
                    "key": "right"
                }
            },
            {
                "time": "2018-02-05T18:27:30.110Z",
                "type": "SKIP",
                "source": "hotkey",
                "_t": "11:27:30",
                "_end": "-",
                "data": {
                    "t": 245.417093,
                    "Δt": 5,
                    "key": "right"
                }
            }
        ]
    }
}