{
    "user_id": "3030",
    "session_id": "5a0fdd5a5efd4d725417b95d",
    "study": "gold",
    "workspace": "pill.pills-pink",
    "details": {
        "workspace": "pill.pills-pink",
        "labels": [
            {
                "time": 45.34803300001074,
                "endTime": 53.139233434784046,
                "type": "pill",
                "id": 1
            },
            {
                "time": 63.83430184347627,
                "endTime": 68.98184481739207,
                "type": "move",
                "id": 2
            },
            {
                "time": 125.861318,
                "endTime": 136.41827676521774,
                "type": "pill",
                "id": 3
            },
            {
                "time": 178.296913,
                "endTime": 180.8304422086955,
                "type": "move",
                "id": 4
            },
            {
                "time": 269.799716,
                "endTime": 278.95344033912477,
                "type": "pill",
                "id": 5
            },
            {
                "time": 331.008634,
                "endTime": 334.753284,
                "type": "move",
                "id": 6
            },
            {
                "time": 446.74247,
                "endTime": 449.0876998000001,
                "type": "move",
                "id": 7
            },
            {
                "time": 564.17025,
                "endTime": 573.0741017739158,
                "type": "pill",
                "id": 8
            }
        ],
        "_starts": [
            "2017-11-18T08:18:53.000Z"
        ],
        "_ends": [
            "2017-11-18T08:24:15.761Z"
        ]
    },
    "labels_file": "/home/ubuntu/vat/data/user-studies/gold/pills-pink/3030.labels.json",
    "videoFlash": 0.561365,
    "surveys": {
        "user-info": {
            "firstname": "Naomi",
            "lastname": "Johnson"
        }
    },
    "logs": {
        "labelEvents": [
            {
                "time": "2017-11-18T08:19:32.411Z",
                "type": "START",
                "source": "hotkey",
                "_t": "01:19:32",
                "_end": "-",
                "data": {
                    "type": "pill",
                    "time": 45.348033
                }
            },
            {
                "time": "2017-11-18T08:19:40.634Z",
                "type": "END",
                "source": "hotkey:ctb",
                "_t": "01:19:40",
                "_end": "-",
                "data": {
                    "lbl": {
                        "time": 45.34803300001074,
                        "endTime": 53.139233434784046,
                        "type": "pill",
                        "id": 1
                    },
                    "key": "enter"
                }
            },
            {
                "time": "2017-11-18T08:19:50.321Z",
                "type": "SELECT",
                "source": "data:click",
                "_t": "01:19:50",
                "_end": "-",
                "data": {
                    "time": 45.34803300001074,
                    "endTime": 53.139233434784046,
                    "type": "pill",
                    "id": 1
                }
            },
            {
                "time": {
                    "start": "2017-11-18T08:19:52.123Z",
                    "end": "2017-11-18T08:19:54.368Z"
                },
                "type": "RESIZE",
                "source": "data:brush",
                "_t": "01:19:52",
                "_end": "01:19:54",
                "data": {
                    "brushing": true,
                    "origin": [
                        45.348033,
                        53.353575
                    ],
                    "_brushside": 1,
                    "start": "2017-11-18T08:19:52.123Z",
                    "ε": 0.1,
                    "mode": "resize"
                }
            },
            {
                "time": "2017-11-18T08:19:56.223Z",
                "type": "DESELECT",
                "source": "data:click",
                "_t": "01:19:56",
                "_end": "-",
                "data": {
                    "time": 45.34803300001074,
                    "endTime": 53.139233434784046,
                    "type": "pill",
                    "id": 1
                }
            },
            {
                "time": "2017-11-18T08:20:05.179Z",
                "type": "START",
                "source": "hotkey",
                "_t": "01:20:05",
                "_end": "-",
                "data": {
                    "type": "move",
                    "time": 63.855736
                }
            },
            {
                "time": "2017-11-18T08:20:07.746Z",
                "type": "END",
                "source": "hotkey:ctb",
                "_t": "01:20:07",
                "_end": "-",
                "data": {
                    "lbl": {
                        "time": 63.83430184347627,
                        "endTime": 68.98184481739207,
                        "type": "move",
                        "id": 2
                    },
                    "key": "enter"
                }
            },
            {
                "time": "2017-11-18T08:20:09.875Z",
                "type": "SELECT",
                "source": "data:click",
                "_t": "01:20:09",
                "_end": "-",
                "data": {
                    "time": 63.83430184347627,
                    "endTime": 68.98184481739207,
                    "type": "move",
                    "id": 2
                }
            },
            {
                "time": {
                    "start": "2017-11-18T08:20:11.596Z",
                    "end": "2017-11-18T08:20:14.875Z"
                },
                "type": "RESIZE",
                "source": "data:brush",
                "_t": "01:20:11",
                "_end": "01:20:14",
                "data": {
                    "brushing": true,
                    "origin": [
                        63.855736,
                        66.131102
                    ],
                    "_brushside": 1,
                    "start": "2017-11-18T08:20:11.596Z",
                    "ε": 0.1,
                    "mode": "resize"
                }
            },
            {
                "time": {
                    "start": "2017-11-18T08:20:20.955Z",
                    "end": "2017-11-18T08:20:23.295Z"
                },
                "type": "RESIZE",
                "source": "data:brush",
                "_t": "01:20:20",
                "_end": "01:20:23",
                "data": {
                    "brushing": true,
                    "origin": [
                        63.85573599999799,
                        68.98184481739207
                    ],
                    "start": "2017-11-18T08:20:20.955Z",
                    "ε": 0.1,
                    "mode": "resize"
                }
            },
            {
                "time": "2017-11-18T08:20:26.663Z",
                "type": "DESELECT",
                "source": "data:click",
                "_t": "01:20:26",
                "_end": "-",
                "data": {
                    "time": 63.83430184347627,
                    "endTime": 68.98184481739207,
                    "type": "move",
                    "id": 2
                }
            },
            {
                "time": "2017-11-18T08:20:41.007Z",
                "type": "START",
                "source": "hotkey",
                "_t": "01:20:41",
                "_end": "-",
                "data": {
                    "type": "pill",
                    "time": 125.861318
                }
            },
            {
                "time": "2017-11-18T08:20:50.327Z",
                "type": "END",
                "source": "data:click:h_pos",
                "_t": "01:20:50",
                "_end": "-",
                "data": {
                    "lbl": {
                        "time": 125.861318,
                        "endTime": 136.41827676521774,
                        "type": "pill",
                        "id": 3
                    }
                }
            },
            {
                "time": "2017-11-18T08:21:01.906Z",
                "type": "START",
                "source": "hotkey",
                "_t": "01:21:01",
                "_end": "-",
                "data": {
                    "type": "move",
                    "time": 178.296913
                }
            },
            {
                "time": "2017-11-18T08:21:09.009Z",
                "type": "END",
                "source": "data:click:h_pos",
                "_t": "01:21:09",
                "_end": "-",
                "data": {
                    "lbl": {
                        "time": 178.296913,
                        "endTime": 180.8304422086955,
                        "type": "move",
                        "id": 4
                    }
                }
            },
            {
                "time": "2017-11-18T08:21:32.638Z",
                "type": "START",
                "source": "hotkey",
                "_t": "01:21:32",
                "_end": "-",
                "data": {
                    "type": "pill",
                    "time": 269.799716
                }
            },
            {
                "time": "2017-11-18T08:21:37.899Z",
                "type": "END",
                "source": "data:click:h_pos",
                "_t": "01:21:37",
                "_end": "-",
                "data": {
                    "lbl": {
                        "time": 269.799716,
                        "endTime": 278.95344033912477,
                        "type": "pill",
                        "id": 5
                    }
                }
            },
            {
                "time": "2017-11-18T08:21:45.541Z",
                "type": "START",
                "source": "side-bar:button",
                "_t": "01:21:45",
                "_end": "-",
                "data": {
                    "type": "move",
                    "time": 331.008634
                }
            },
            {
                "time": "2017-11-18T08:21:50.602Z",
                "type": "END",
                "source": "hotkey:ctb",
                "_t": "01:21:50",
                "_end": "-",
                "data": {
                    "lbl": {
                        "time": 331.008634,
                        "endTime": 334.753284,
                        "type": "move",
                        "id": 6
                    },
                    "key": "enter"
                }
            },
            {
                "time": "2017-11-18T08:22:13.002Z",
                "type": "START",
                "source": "hotkey",
                "_t": "01:22:13",
                "_end": "-",
                "data": {
                    "type": "move",
                    "time": 446.74247
                }
            },
            {
                "time": "2017-11-18T08:22:19.684Z",
                "type": "END",
                "source": "data:click:h_pos",
                "_t": "01:22:19",
                "_end": "-",
                "data": {
                    "lbl": {
                        "time": 446.74247,
                        "endTime": 449.0876998000001,
                        "type": "move",
                        "id": 7
                    }
                }
            },
            {
                "time": "2017-11-18T08:23:04.259Z",
                "type": "START",
                "source": "hotkey",
                "_t": "01:23:04",
                "_end": "-",
                "data": {
                    "type": "pill",
                    "time": 564.17025
                }
            },
            {
                "time": "2017-11-18T08:23:10.712Z",
                "type": "END",
                "source": "data:click:h_pos",
                "_t": "01:23:10",
                "_end": "-",
                "data": {
                    "lbl": {
                        "time": 564.17025,
                        "endTime": 573.0741017739158,
                        "type": "pill",
                        "id": 8
                    }
                }
            }
        ],
        "navigationEvents": [
            {
                "time": {
                    "start": "2017-11-18T08:18:53.869Z",
                    "end": "2017-11-18T08:19:07.629Z"
                },
                "type": "SCRUB",
                "source": "data:drag",
                "_t": "01:18:53",
                "_end": "01:19:07",
                "data": {
                    "time": 0.561365
                }
            },
            {
                "time": {
                    "start": "2017-11-18T08:18:53.869Z",
                    "end": "2017-11-18T08:19:07.722Z"
                },
                "type": "SCRUB",
                "source": "data:drag",
                "_t": "01:18:53",
                "_end": "01:19:07",
                "data": {
                    "time": 0.561365
                }
            },
            {
                "time": "2017-11-18T08:19:07.729Z",
                "type": "JUMP",
                "source": "data:dblclick:h_pos",
                "_t": "01:19:07",
                "_end": "-",
                "data": {
                    "from": 0.561365,
                    "to": 40.10738378260869
                }
            },
            {
                "time": {
                    "start": "2017-11-18T08:18:53.869Z",
                    "end": "2017-11-18T08:19:17.043Z"
                },
                "type": "SCRUB",
                "source": "data:drag",
                "_t": "01:18:53",
                "_end": "01:19:17",
                "data": {
                    "time": 40.107383
                }
            },
            {
                "time": {
                    "start": "2017-11-18T08:18:53.869Z",
                    "end": "2017-11-18T08:19:17.193Z"
                },
                "type": "SCRUB",
                "source": "data:drag",
                "_t": "01:18:53",
                "_end": "01:19:17",
                "data": {
                    "time": 40.107383
                }
            },
            {
                "time": "2017-11-18T08:19:17.197Z",
                "type": "JUMP",
                "source": "data:dblclick:h_pos",
                "_t": "01:19:17",
                "_end": "-",
                "data": {
                    "from": 40.107383,
                    "to": 45.25158056521997
                }
            },
            {
                "time": {
                    "start": "2017-11-18T08:18:53.869Z",
                    "end": "2017-11-18T08:19:22.119Z"
                },
                "type": "SCRUB",
                "source": "data:drag",
                "_t": "01:18:53",
                "_end": "01:19:22",
                "data": {
                    "time": 45.25158
                }
            },
            {
                "time": {
                    "start": "2017-11-18T08:18:53.869Z",
                    "end": "2017-11-18T08:19:23.434Z"
                },
                "type": "SCRUB",
                "source": "data:drag",
                "_t": "01:18:53",
                "_end": "01:19:23",
                "data": {
                    "time": 45.25158
                }
            },
            {
                "time": {
                    "start": "2017-11-18T08:18:53.869Z",
                    "end": "2017-11-18T08:19:24.864Z"
                },
                "type": "SCRUB",
                "source": "data:drag",
                "_t": "01:18:53",
                "_end": "01:19:24",
                "data": {
                    "time": 45.25158
                }
            },
            {
                "time": {
                    "start": "2017-11-18T08:18:53.869Z",
                    "end": "2017-11-18T08:19:24.983Z"
                },
                "type": "SCRUB",
                "source": "data:drag",
                "_t": "01:18:53",
                "_end": "01:19:24",
                "data": {
                    "time": 45.25158
                }
            },
            {
                "time": "2017-11-18T08:19:24.985Z",
                "type": "JUMP",
                "source": "data:dblclick:h_pos",
                "_t": "01:19:24",
                "_end": "-",
                "data": {
                    "from": 45.25158,
                    "to": 48.55244010434948
                }
            },
            {
                "time": {
                    "start": "2017-11-18T08:18:53.869Z",
                    "end": "2017-11-18T08:19:28.383Z"
                },
                "type": "SCRUB",
                "source": "data:drag",
                "_t": "01:18:53",
                "_end": "01:19:28",
                "data": {
                    "time": 48.55244
                }
            },
            {
                "time": {
                    "start": "2017-11-18T08:18:53.869Z",
                    "end": "2017-11-18T08:19:29.557Z"
                },
                "type": "SCRUB",
                "source": "data:drag",
                "_t": "01:18:53",
                "_end": "01:19:29",
                "data": {
                    "time": 48.55244
                }
            },
            {
                "time": {
                    "start": "2017-11-18T08:18:53.869Z",
                    "end": "2017-11-18T08:19:29.670Z"
                },
                "type": "SCRUB",
                "source": "data:drag",
                "_t": "01:18:53",
                "_end": "01:19:29",
                "data": {
                    "time": 48.55244
                }
            },
            {
                "time": "2017-11-18T08:19:29.676Z",
                "type": "JUMP",
                "source": "data:dblclick:h_pos",
                "_t": "01:19:29",
                "_end": "-",
                "data": {
                    "from": 48.55244,
                    "to": 45.34803359999839
                }
            },
            {
                "time": "2017-11-18T08:19:32.595Z",
                "type": "PLAY",
                "source": "hotkey",
                "_t": "01:19:32",
                "_end": "-",
                "data": {
                    "key": "space"
                }
            },
            {
                "time": "2017-11-18T08:19:41.732Z",
                "type": "PAUSE",
                "source": "hotkey",
                "_t": "01:19:41",
                "_end": "-",
                "data": {
                    "key": "space"
                }
            },
            {
                "time": {
                    "start": "2017-11-18T08:18:53.869Z",
                    "end": "2017-11-18T08:19:50.319Z"
                },
                "type": "SCRUB",
                "source": "data:drag",
                "_t": "01:18:53",
                "_end": "01:19:50",
                "data": {
                    "time": 54.446142
                }
            },
            {
                "time": {
                    "start": "2017-11-18T08:18:53.869Z",
                    "end": "2017-11-18T08:19:54.375Z"
                },
                "type": "SCRUB",
                "source": "data:drag",
                "_t": "01:18:53",
                "_end": "01:19:54",
                "data": {
                    "time": 54.446142
                }
            },
            {
                "time": {
                    "start": "2017-11-18T08:18:53.869Z",
                    "end": "2017-11-18T08:19:56.221Z"
                },
                "type": "SCRUB",
                "source": "data:drag",
                "_t": "01:18:53",
                "_end": "01:19:56",
                "data": {
                    "time": 54.446142
                }
            },
            {
                "time": {
                    "start": "2017-11-18T08:18:53.869Z",
                    "end": "2017-11-18T08:20:03.006Z"
                },
                "type": "SCRUB",
                "source": "data:drag",
                "_t": "01:18:53",
                "_end": "01:20:03",
                "data": {
                    "time": 54.446142
                }
            },
            {
                "time": {
                    "start": "2017-11-18T08:18:53.869Z",
                    "end": "2017-11-18T08:20:03.127Z"
                },
                "type": "SCRUB",
                "source": "data:drag",
                "_t": "01:18:53",
                "_end": "01:20:03",
                "data": {
                    "time": 54.446142
                }
            },
            {
                "time": "2017-11-18T08:20:03.134Z",
                "type": "JUMP",
                "source": "data:dblclick:h_pos",
                "_t": "01:20:03",
                "_end": "-",
                "data": {
                    "from": 54.446142,
                    "to": 63.85573671304265
                }
            },
            {
                "time": "2017-11-18T08:20:05.384Z",
                "type": "PLAY",
                "source": "hotkey",
                "_t": "01:20:05",
                "_end": "-",
                "data": {
                    "key": "space"
                }
            },
            {
                "time": "2017-11-18T08:20:08.875Z",
                "type": "PAUSE",
                "source": "hotkey",
                "_t": "01:20:08",
                "_end": "-",
                "data": {
                    "key": "space"
                }
            },
            {
                "time": {
                    "start": "2017-11-18T08:18:53.869Z",
                    "end": "2017-11-18T08:20:09.871Z"
                },
                "type": "SCRUB",
                "source": "data:drag",
                "_t": "01:18:53",
                "_end": "01:20:09",
                "data": {
                    "time": 67.265918
                }
            },
            {
                "time": {
                    "start": "2017-11-18T08:18:53.869Z",
                    "end": "2017-11-18T08:20:14.895Z"
                },
                "type": "SCRUB",
                "source": "data:drag",
                "_t": "01:18:53",
                "_end": "01:20:14",
                "data": {
                    "time": 67.265918
                }
            },
            {
                "time": {
                    "start": "2017-11-18T08:18:53.869Z",
                    "end": "2017-11-18T08:20:23.301Z"
                },
                "type": "SCRUB",
                "source": "data:drag",
                "_t": "01:18:53",
                "_end": "01:20:23",
                "data": {
                    "time": 67.265918
                }
            },
            {
                "time": "2017-11-18T08:20:23.962Z",
                "type": "PLAY",
                "source": "hotkey",
                "_t": "01:20:23",
                "_end": "-",
                "data": {
                    "key": "space"
                }
            },
            {
                "time": "2017-11-18T08:20:25.085Z",
                "type": "PAUSE",
                "source": "hotkey",
                "_t": "01:20:25",
                "_end": "-",
                "data": {
                    "key": "space"
                }
            },
            {
                "time": {
                    "start": "2017-11-18T08:18:53.869Z",
                    "end": "2017-11-18T08:20:26.661Z"
                },
                "type": "SCRUB",
                "source": "data:drag",
                "_t": "01:18:53",
                "_end": "01:20:26",
                "data": {
                    "time": 68.120448
                }
            },
            {
                "time": {
                    "start": "2017-11-18T08:18:53.869Z",
                    "end": "2017-11-18T08:20:30.200Z"
                },
                "type": "SCRUB",
                "source": "data:drag",
                "_t": "01:18:53",
                "_end": "01:20:30",
                "data": {
                    "time": 68.120448
                }
            },
            {
                "time": {
                    "start": "2017-11-18T08:18:53.869Z",
                    "end": "2017-11-18T08:20:30.310Z"
                },
                "type": "SCRUB",
                "source": "data:drag",
                "_t": "01:18:53",
                "_end": "01:20:30",
                "data": {
                    "time": 68.120448
                }
            },
            {
                "time": "2017-11-18T08:20:30.317Z",
                "type": "JUMP",
                "source": "data:dblclick:h_pos",
                "_t": "01:20:30",
                "_end": "-",
                "data": {
                    "from": 68.120448,
                    "to": 124.66100797776183
                }
            },
            {
                "time": {
                    "start": "2017-11-18T08:18:53.869Z",
                    "end": "2017-11-18T08:20:33.506Z"
                },
                "type": "SCRUB",
                "source": "data:drag",
                "_t": "01:18:53",
                "_end": "01:20:33",
                "data": {
                    "time": 124.661007
                }
            },
            {
                "time": {
                    "start": "2017-11-18T08:18:53.869Z",
                    "end": "2017-11-18T08:20:33.628Z"
                },
                "type": "SCRUB",
                "source": "data:drag",
                "_t": "01:18:53",
                "_end": "01:20:33",
                "data": {
                    "time": 124.661007
                }
            },
            {
                "time": "2017-11-18T08:20:33.637Z",
                "type": "JUMP",
                "source": "data:dblclick:h_pos",
                "_t": "01:20:33",
                "_end": "-",
                "data": {
                    "from": 124.661007,
                    "to": 131.69141033913084
                }
            },
            {
                "time": {
                    "start": "2017-11-18T08:18:53.869Z",
                    "end": "2017-11-18T08:20:36.904Z"
                },
                "type": "SCRUB",
                "source": "data:drag",
                "_t": "01:18:53",
                "_end": "01:20:36",
                "data": {
                    "time": 131.691409
                }
            },
            {
                "time": {
                    "start": "2017-11-18T08:18:53.869Z",
                    "end": "2017-11-18T08:20:37.031Z"
                },
                "type": "SCRUB",
                "source": "data:drag",
                "_t": "01:18:53",
                "_end": "01:20:37",
                "data": {
                    "time": 131.691409
                }
            },
            {
                "time": "2017-11-18T08:20:37.038Z",
                "type": "JUMP",
                "source": "data:dblclick:h_pos",
                "_t": "01:20:37",
                "_end": "-",
                "data": {
                    "from": 131.691409,
                    "to": 125.86131842608663
                }
            },
            {
                "time": "2017-11-18T08:20:41.246Z",
                "type": "PLAY",
                "source": "hotkey",
                "_t": "01:20:41",
                "_end": "-",
                "data": {
                    "key": "space"
                }
            },
            {
                "time": "2017-11-18T08:20:45.707Z",
                "type": "PAUSE",
                "source": "hotkey",
                "_t": "01:20:45",
                "_end": "-",
                "data": {
                    "key": "space"
                }
            },
            {
                "time": {
                    "start": "2017-11-18T08:18:53.869Z",
                    "end": "2017-11-18T08:20:50.323Z"
                },
                "type": "SCRUB",
                "source": "data:drag",
                "_t": "01:18:53",
                "_end": "01:20:50",
                "data": {
                    "time": 130.288108
                }
            },
            {
                "time": {
                    "start": "2017-11-18T08:18:53.869Z",
                    "end": "2017-11-18T08:20:50.425Z"
                },
                "type": "SCRUB",
                "source": "data:drag",
                "_t": "01:18:53",
                "_end": "01:20:50",
                "data": {
                    "time": 130.288108
                }
            },
            {
                "time": "2017-11-18T08:20:50.435Z",
                "type": "JUMP",
                "source": "data:dblclick:h_pos",
                "_t": "01:20:50",
                "_end": "-",
                "data": {
                    "from": 130.288108,
                    "to": 136.41827676521774
                }
            },
            {
                "time": {
                    "start": "2017-11-18T08:18:53.869Z",
                    "end": "2017-11-18T08:20:53.447Z"
                },
                "type": "SCRUB",
                "source": "data:drag",
                "_t": "01:18:53",
                "_end": "01:20:53",
                "data": {
                    "time": 136.418276
                }
            },
            {
                "time": {
                    "start": "2017-11-18T08:18:53.869Z",
                    "end": "2017-11-18T08:20:53.591Z"
                },
                "type": "SCRUB",
                "source": "data:drag",
                "_t": "01:18:53",
                "_end": "01:20:53",
                "data": {
                    "time": 136.418276
                }
            },
            {
                "time": "2017-11-18T08:20:53.596Z",
                "type": "JUMP",
                "source": "data:dblclick:h_pos",
                "_t": "01:20:53",
                "_end": "-",
                "data": {
                    "from": 136.418276,
                    "to": 176.6649915446192
                }
            },
            {
                "time": "2017-11-18T08:20:54.478Z",
                "type": "PLAY",
                "source": "hotkey",
                "_t": "01:20:54",
                "_end": "-",
                "data": {
                    "key": "space"
                }
            },
            {
                "time": "2017-11-18T08:20:55.830Z",
                "type": "PAUSE",
                "source": "hotkey",
                "_t": "01:20:55",
                "_end": "-",
                "data": {
                    "key": "space"
                }
            },
            {
                "time": "2017-11-18T08:20:57.005Z",
                "type": "PLAY",
                "source": "hotkey",
                "_t": "01:20:57",
                "_end": "-",
                "data": {
                    "key": "space"
                }
            },
            {
                "time": "2017-11-18T08:20:57.162Z",
                "type": "PAUSE",
                "source": "hotkey",
                "_t": "01:20:57",
                "_end": "-",
                "data": {
                    "key": "space"
                }
            },
            {
                "time": "2017-11-18T08:20:58.923Z",
                "type": "PLAY",
                "source": "hotkey",
                "_t": "01:20:58",
                "_end": "-",
                "data": {
                    "key": "space"
                }
            },
            {
                "time": "2017-11-18T08:20:59.104Z",
                "type": "PAUSE",
                "source": "hotkey",
                "_t": "01:20:59",
                "_end": "-",
                "data": {
                    "key": "space"
                }
            },
            {
                "time": "2017-11-18T08:21:05.163Z",
                "type": "PLAY",
                "source": "hotkey",
                "_t": "01:21:05",
                "_end": "-",
                "data": {
                    "key": "space"
                }
            },
            {
                "time": "2017-11-18T08:21:06.020Z",
                "type": "PAUSE",
                "source": "hotkey",
                "_t": "01:21:06",
                "_end": "-",
                "data": {
                    "key": "space"
                }
            },
            {
                "time": {
                    "start": "2017-11-18T08:18:53.869Z",
                    "end": "2017-11-18T08:21:09.005Z"
                },
                "type": "SCRUB",
                "source": "data:drag",
                "_t": "01:18:53",
                "_end": "01:21:09",
                "data": {
                    "time": 179.158578
                }
            },
            {
                "time": {
                    "start": "2017-11-18T08:18:53.869Z",
                    "end": "2017-11-18T08:21:11.209Z"
                },
                "type": "SCRUB",
                "source": "data:drag",
                "_t": "01:18:53",
                "_end": "01:21:11",
                "data": {
                    "time": 179.158578
                }
            },
            {
                "time": {
                    "start": "2017-11-18T08:18:53.869Z",
                    "end": "2017-11-18T08:21:13.914Z"
                },
                "type": "SCRUB",
                "source": "data:drag",
                "_t": "01:18:53",
                "_end": "01:21:13",
                "data": {
                    "time": 179.158578
                }
            },
            {
                "time": {
                    "start": "2017-11-18T08:18:53.869Z",
                    "end": "2017-11-18T08:21:14.022Z"
                },
                "type": "SCRUB",
                "source": "data:drag",
                "_t": "01:18:53",
                "_end": "01:21:14",
                "data": {
                    "time": 179.158578
                }
            },
            {
                "time": "2017-11-18T08:21:14.030Z",
                "type": "JUMP",
                "source": "data:dblclick:h_pos",
                "_t": "01:21:14",
                "_end": "-",
                "data": {
                    "from": 179.158578,
                    "to": 180.84115928695638
                }
            },
            {
                "time": {
                    "start": "2017-11-18T08:18:53.869Z",
                    "end": "2017-11-18T08:21:19.756Z"
                },
                "type": "SCRUB",
                "source": "data:drag",
                "_t": "01:18:53",
                "_end": "01:21:19",
                "data": {
                    "time": 180.841159
                }
            },
            {
                "time": {
                    "start": "2017-11-18T08:18:53.869Z",
                    "end": "2017-11-18T08:21:20.570Z"
                },
                "type": "SCRUB",
                "source": "data:drag",
                "_t": "01:18:53",
                "_end": "01:21:20",
                "data": {
                    "time": 180.841159
                }
            },
            {
                "time": {
                    "start": "2017-11-18T08:18:53.869Z",
                    "end": "2017-11-18T08:21:20.698Z"
                },
                "type": "SCRUB",
                "source": "data:drag",
                "_t": "01:18:53",
                "_end": "01:21:20",
                "data": {
                    "time": 180.841159
                }
            },
            {
                "time": "2017-11-18T08:21:20.705Z",
                "type": "JUMP",
                "source": "data:dblclick:h_pos",
                "_t": "01:21:20",
                "_end": "-",
                "data": {
                    "from": 180.841159,
                    "to": 277.20521868519495
                }
            },
            {
                "time": {
                    "start": "2017-11-18T08:18:53.869Z",
                    "end": "2017-11-18T08:21:26.174Z"
                },
                "type": "SCRUB",
                "source": "data:drag",
                "_t": "01:18:53",
                "_end": "01:21:26",
                "data": {
                    "time": 277.205218
                }
            },
            {
                "time": {
                    "start": "2017-11-18T08:18:53.869Z",
                    "end": "2017-11-18T08:21:26.290Z"
                },
                "type": "SCRUB",
                "source": "data:drag",
                "_t": "01:18:53",
                "_end": "01:21:26",
                "data": {
                    "time": 277.205218
                }
            },
            {
                "time": "2017-11-18T08:21:26.293Z",
                "type": "JUMP",
                "source": "data:dblclick:h_pos",
                "_t": "01:21:26",
                "_end": "-",
                "data": {
                    "from": 277.205218,
                    "to": 274.06511406956736
                }
            },
            {
                "time": {
                    "start": "2017-11-18T08:18:53.869Z",
                    "end": "2017-11-18T08:21:29.099Z"
                },
                "type": "SCRUB",
                "source": "data:drag",
                "_t": "01:18:53",
                "_end": "01:21:29",
                "data": {
                    "time": 274.065114
                }
            },
            {
                "time": {
                    "start": "2017-11-18T08:18:53.869Z",
                    "end": "2017-11-18T08:21:29.206Z"
                },
                "type": "SCRUB",
                "source": "data:drag",
                "_t": "01:18:53",
                "_end": "01:21:29",
                "data": {
                    "time": 274.065114
                }
            },
            {
                "time": "2017-11-18T08:21:29.209Z",
                "type": "JUMP",
                "source": "data:dblclick:h_pos",
                "_t": "01:21:29",
                "_end": "-",
                "data": {
                    "from": 274.065114,
                    "to": 269.7997168521768
                }
            },
            {
                "time": "2017-11-18T08:21:32.902Z",
                "type": "PLAY",
                "source": "hotkey",
                "_t": "01:21:32",
                "_end": "-",
                "data": {
                    "key": "space"
                }
            },
            {
                "time": "2017-11-18T08:21:33.840Z",
                "type": "PAUSE",
                "source": "hotkey",
                "_t": "01:21:33",
                "_end": "-",
                "data": {
                    "key": "space"
                }
            },
            {
                "time": {
                    "start": "2017-11-18T08:18:53.869Z",
                    "end": "2017-11-18T08:21:37.896Z"
                },
                "type": "SCRUB",
                "source": "data:drag",
                "_t": "01:18:53",
                "_end": "01:21:37",
                "data": {
                    "time": 270.690573
                }
            },
            {
                "time": {
                    "start": "2017-11-18T08:18:53.869Z",
                    "end": "2017-11-18T08:21:41.605Z"
                },
                "type": "SCRUB",
                "source": "data:drag",
                "_t": "01:18:53",
                "_end": "01:21:41",
                "data": {
                    "time": 270.690573
                }
            },
            {
                "time": {
                    "start": "2017-11-18T08:18:53.869Z",
                    "end": "2017-11-18T08:21:41.698Z"
                },
                "type": "SCRUB",
                "source": "data:drag",
                "_t": "01:18:53",
                "_end": "01:21:41",
                "data": {
                    "time": 270.690573
                }
            },
            {
                "time": "2017-11-18T08:21:41.707Z",
                "type": "JUMP",
                "source": "data:dblclick:h_pos",
                "_t": "01:21:41",
                "_end": "-",
                "data": {
                    "from": 270.690573,
                    "to": 331.00863412924434
                }
            },
            {
                "time": "2017-11-18T08:21:46.380Z",
                "type": "PLAY",
                "source": "hotkey",
                "_t": "01:21:46",
                "_end": "-",
                "data": {
                    "key": "space"
                }
            },
            {
                "time": "2017-11-18T08:21:50.170Z",
                "type": "PAUSE",
                "source": "hotkey",
                "_t": "01:21:50",
                "_end": "-",
                "data": {
                    "key": "space"
                }
            },
            {
                "time": "2017-11-18T08:21:53.130Z",
                "type": "PLAY",
                "source": "hotkey",
                "_t": "01:21:53",
                "_end": "-",
                "data": {
                    "key": "space"
                }
            },
            {
                "time": "2017-11-18T08:21:53.716Z",
                "type": "PAUSE",
                "source": "hotkey",
                "_t": "01:21:53",
                "_end": "-",
                "data": {
                    "key": "space"
                }
            },
            {
                "time": {
                    "start": "2017-11-18T08:18:53.869Z",
                    "end": "2017-11-18T08:21:57.170Z"
                },
                "type": "SCRUB",
                "source": "data:drag",
                "_t": "01:18:53",
                "_end": "01:21:57",
                "data": {
                    "time": 335.351017
                }
            },
            {
                "time": {
                    "start": "2017-11-18T08:18:53.869Z",
                    "end": "2017-11-18T08:21:57.263Z"
                },
                "type": "SCRUB",
                "source": "data:drag",
                "_t": "01:18:53",
                "_end": "01:21:57",
                "data": {
                    "time": 335.351017
                }
            },
            {
                "time": "2017-11-18T08:21:57.278Z",
                "type": "JUMP",
                "source": "data:dblclick:h_pos",
                "_t": "01:21:57",
                "_end": "-",
                "data": {
                    "from": 335.351017,
                    "to": 334.7401435391316
                }
            },
            {
                "time": "2017-11-18T08:22:01.051Z",
                "type": "SKIP",
                "source": "hotkey",
                "_t": "01:22:01",
                "_end": "-",
                "data": {
                    "t": 334.740143,
                    "Δt": 0.033366700033366704,
                    "key": "shift+right"
                }
            },
            {
                "time": {
                    "start": "2017-11-18T08:18:53.869Z",
                    "end": "2017-11-18T08:22:05.094Z"
                },
                "type": "SCRUB",
                "source": "data:drag",
                "_t": "01:18:53",
                "_end": "01:22:05",
                "data": {
                    "time": 334.773509
                }
            },
            {
                "time": {
                    "start": "2017-11-18T08:18:53.869Z",
                    "end": "2017-11-18T08:22:05.223Z"
                },
                "type": "SCRUB",
                "source": "data:drag",
                "_t": "01:18:53",
                "_end": "01:22:05",
                "data": {
                    "time": 334.773509
                }
            },
            {
                "time": "2017-11-18T08:22:05.231Z",
                "type": "JUMP",
                "source": "data:dblclick:h_pos",
                "_t": "01:22:05",
                "_end": "-",
                "data": {
                    "from": 334.773509,
                    "to": 445.74578268940485
                }
            },
            {
                "time": {
                    "start": "2017-11-18T08:18:53.869Z",
                    "end": "2017-11-18T08:22:09.894Z"
                },
                "type": "SCRUB",
                "source": "data:drag",
                "_t": "01:18:53",
                "_end": "01:22:09",
                "data": {
                    "time": 445.745782
                }
            },
            {
                "time": {
                    "start": "2017-11-18T08:18:53.869Z",
                    "end": "2017-11-18T08:22:10.006Z"
                },
                "type": "SCRUB",
                "source": "data:drag",
                "_t": "01:18:53",
                "_end": "01:22:10",
                "data": {
                    "time": 445.745782
                }
            },
            {
                "time": "2017-11-18T08:22:10.009Z",
                "type": "JUMP",
                "source": "data:dblclick:h_pos",
                "_t": "01:22:10",
                "_end": "-",
                "data": {
                    "from": 445.745782,
                    "to": 446.7424702782614
                }
            },
            {
                "time": "2017-11-18T08:22:13.174Z",
                "type": "PLAY",
                "source": "hotkey",
                "_t": "01:22:13",
                "_end": "-",
                "data": {
                    "key": "space"
                }
            },
            {
                "time": "2017-11-18T08:22:15.342Z",
                "type": "PAUSE",
                "source": "hotkey",
                "_t": "01:22:15",
                "_end": "-",
                "data": {
                    "key": "space"
                }
            },
            {
                "time": {
                    "start": "2017-11-18T08:18:53.869Z",
                    "end": "2017-11-18T08:22:19.680Z"
                },
                "type": "SCRUB",
                "source": "data:drag",
                "_t": "01:18:53",
                "_end": "01:22:19",
                "data": {
                    "time": 448.841207
                }
            },
            {
                "time": {
                    "start": "2017-11-18T08:18:53.869Z",
                    "end": "2017-11-18T08:22:23.537Z"
                },
                "type": "SCRUB",
                "source": "data:drag",
                "_t": "01:18:53",
                "_end": "01:22:23",
                "data": {
                    "time": 448.841207
                }
            },
            {
                "time": {
                    "start": "2017-11-18T08:18:53.869Z",
                    "end": "2017-11-18T08:22:23.628Z"
                },
                "type": "SCRUB",
                "source": "data:drag",
                "_t": "01:18:53",
                "_end": "01:22:23",
                "data": {
                    "time": 448.841207
                }
            },
            {
                "time": "2017-11-18T08:22:23.633Z",
                "type": "JUMP",
                "source": "data:dblclick:h_pos",
                "_t": "01:22:23",
                "_end": "-",
                "data": {
                    "from": 448.841207,
                    "to": 564.2703530917906
                }
            },
            {
                "time": "2017-11-18T08:22:29.819Z",
                "type": "SKIP",
                "source": "hotkey",
                "_t": "01:22:29",
                "_end": "-",
                "data": {
                    "t": 564.270353,
                    "Δt": -0.033366700033366704,
                    "key": "shift+left"
                }
            },
            {
                "time": "2017-11-18T08:22:30.596Z",
                "type": "SKIP",
                "source": "hotkey",
                "_t": "01:22:30",
                "_end": "-",
                "data": {
                    "t": 564.236986,
                    "Δt": -0.033366700033366704,
                    "key": "shift+left"
                }
            },
            {
                "time": "2017-11-18T08:22:31.763Z",
                "type": "SKIP",
                "source": "hotkey",
                "_t": "01:22:31",
                "_end": "-",
                "data": {
                    "t": 564.203619,
                    "Δt": -0.033366700033366704,
                    "key": "shift+left"
                }
            },
            {
                "time": "2017-11-18T08:22:32.933Z",
                "type": "SKIP",
                "source": "hotkey",
                "_t": "01:22:32",
                "_end": "-",
                "data": {
                    "t": 564.170252,
                    "Δt": -0.033366700033366704,
                    "key": "shift+left"
                }
            },
            {
                "time": "2017-11-18T08:22:33.653Z",
                "type": "SKIP",
                "source": "hotkey",
                "_t": "01:22:33",
                "_end": "-",
                "data": {
                    "t": 564.136885,
                    "Δt": -0.033366700033366704,
                    "key": "shift+left"
                }
            },
            {
                "time": "2017-11-18T08:22:35.437Z",
                "type": "SKIP",
                "source": "hotkey",
                "_t": "01:22:35",
                "_end": "-",
                "data": {
                    "t": 564.103518,
                    "Δt": 0.033366700033366704,
                    "key": "shift+right"
                }
            },
            {
                "time": "2017-11-18T08:22:36.009Z",
                "type": "SKIP",
                "source": "hotkey",
                "_t": "01:22:36",
                "_end": "-",
                "data": {
                    "t": 564.136884,
                    "Δt": 0.033366700033366704,
                    "key": "shift+right"
                }
            },
            {
                "time": "2017-11-18T08:23:04.649Z",
                "type": "PLAY",
                "source": "hotkey",
                "_t": "01:23:04",
                "_end": "-",
                "data": {
                    "key": "space"
                }
            },
            {
                "time": "2017-11-18T08:23:08.034Z",
                "type": "PAUSE",
                "source": "hotkey",
                "_t": "01:23:08",
                "_end": "-",
                "data": {
                    "key": "space"
                }
            },
            {
                "time": {
                    "start": "2017-11-18T08:18:53.869Z",
                    "end": "2017-11-18T08:23:10.708Z"
                },
                "type": "SCRUB",
                "source": "data:drag",
                "_t": "01:18:53",
                "_end": "01:23:10",
                "data": {
                    "time": 567.490504
                }
            },
            {
                "time": {
                    "start": "2017-11-18T08:18:53.869Z",
                    "end": "2017-11-18T08:23:14.714Z"
                },
                "type": "SCRUB",
                "source": "data:drag",
                "_t": "01:18:53",
                "_end": "01:23:14",
                "data": {
                    "time": 567.490504
                }
            },
            {
                "time": {
                    "start": "2017-11-18T08:18:53.869Z",
                    "end": "2017-11-18T08:23:14.817Z"
                },
                "type": "SCRUB",
                "source": "data:drag",
                "_t": "01:18:53",
                "_end": "01:23:14",
                "data": {
                    "time": 567.490504
                }
            },
            {
                "time": "2017-11-18T08:23:14.822Z",
                "type": "JUMP",
                "source": "data:dblclick:h_pos",
                "_t": "01:23:14",
                "_end": "-",
                "data": {
                    "from": 567.490504,
                    "to": 608.4306916581417
                }
            },
            {
                "time": "2017-11-18T08:23:16.786Z",
                "type": "PLAY",
                "source": "hotkey",
                "_t": "01:23:16",
                "_end": "-",
                "data": {
                    "key": "space"
                }
            },
            {
                "time": "2017-11-18T08:23:21.419Z",
                "type": "PAUSE",
                "source": "hotkey",
                "_t": "01:23:21",
                "_end": "-",
                "data": {
                    "key": "space"
                }
            }
        ]
    }
}