[{"time":45.3984,"endTime":53.004608,"type":"pill","id":1},{"time":63.818757,"endTime":68.887008,"type":"move","id":2},{"time":125.809848,"endTime":136.420407,"type":"pill","id":3},{"time":178.234481,"endTime":180.774753,"type":"move","id":4},{"time":269.779846,"endTime":279.142411,"type":"pill","id":5},{"time":331.085455,"endTime":334.819771,"type":"move","id":6},{"time":446.7569387516299,"endTime":449.22330043154545,"type":"move","id":7},{"time":564.255977,"endTime":573.146350497339,"type":"pill","id":8}]