{
    "user_id": "4040",
    "session_id": "5a0fe4e35efd4d725417b963",
    "study": "gold",
    "workspace": "pill.pills-pink",
    "details": {
        "workspace": "pill.pills-pink",
        "labels": [
            {
                "time": 45.3984,
                "endTime": 53.004608,
                "type": "pill",
                "id": 1
            },
            {
                "time": 63.818757,
                "endTime": 68.887008,
                "type": "move",
                "id": 2
            },
            {
                "time": 125.809848,
                "endTime": 136.420407,
                "type": "pill",
                "id": 3
            },
            {
                "time": 178.234481,
                "endTime": 180.774753,
                "type": "move",
                "id": 4
            },
            {
                "time": 269.779846,
                "endTime": 279.142411,
                "type": "pill",
                "id": 5
            },
            {
                "time": 331.085455,
                "endTime": 334.819771,
                "type": "move",
                "id": 6
            },
            {
                "time": 446.7569387516299,
                "endTime": 449.22330043154545,
                "type": "move",
                "id": 7
            },
            {
                "time": 564.255977,
                "endTime": 573.146350497339,
                "type": "pill",
                "id": 8
            }
        ],
        "_starts": [
            "2017-11-18T08:12:51.000Z"
        ],
        "_ends": [
            "2017-11-18T08:24:24.860Z"
        ]
    },
    "labels_file": "/home/ubuntu/vat/data/user-studies/gold/pills-pink/4040.labels.json",
    "videoFlash": 0.561365,
    "surveys": {
        "user-info": {
            "firstname": "Broderick",
            "lastname": "Gardner"
        }
    },
    "logs": {
        "labelEvents": [
            {
                "time": "2017-11-18T08:17:06.284Z",
                "type": "START",
                "source": "hotkey",
                "_t": "01:17:06",
                "_end": "-",
                "data": {
                    "type": "pill",
                    "time": 45.3984
                }
            },
            {
                "time": "2017-11-18T08:17:32.987Z",
                "type": "END",
                "source": "hotkey:ctb",
                "_t": "01:17:32",
                "_end": "-",
                "data": {
                    "lbl": {
                        "time": 45.3984,
                        "endTime": 53.004608,
                        "type": "pill",
                        "id": 1
                    },
                    "key": "enter"
                }
            },
            {
                "time": "2017-11-18T08:17:51.452Z",
                "type": "START",
                "source": "hotkey",
                "_t": "01:17:51",
                "_end": "-",
                "data": {
                    "type": "move",
                    "time": 63.818757
                }
            },
            {
                "time": "2017-11-18T08:18:11.969Z",
                "type": "END",
                "source": "hotkey:ctb",
                "_t": "01:18:11",
                "_end": "-",
                "data": {
                    "lbl": {
                        "time": 63.818757,
                        "endTime": 68.887008,
                        "type": "move",
                        "id": 2
                    },
                    "key": "enter"
                }
            },
            {
                "time": "2017-11-18T08:18:49.894Z",
                "type": "START",
                "source": "hotkey",
                "_t": "01:18:49",
                "_end": "-",
                "data": {
                    "type": "pill",
                    "time": 125.809848
                }
            },
            {
                "time": "2017-11-18T08:19:09.018Z",
                "type": "END",
                "source": "hotkey:ctb",
                "_t": "01:19:09",
                "_end": "-",
                "data": {
                    "lbl": {
                        "time": 125.809848,
                        "endTime": 136.420407,
                        "type": "pill",
                        "id": 3
                    },
                    "key": "enter"
                }
            },
            {
                "time": "2017-11-18T08:19:26.455Z",
                "type": "START",
                "source": "hotkey",
                "_t": "01:19:26",
                "_end": "-",
                "data": {
                    "type": "move",
                    "time": 178.234481
                }
            },
            {
                "time": "2017-11-18T08:19:39.428Z",
                "type": "END",
                "source": "hotkey:ctb",
                "_t": "01:19:39",
                "_end": "-",
                "data": {
                    "lbl": {
                        "time": 178.234481,
                        "endTime": 180.774753,
                        "type": "move",
                        "id": 4
                    },
                    "key": "enter"
                }
            },
            {
                "time": "2017-11-18T08:20:21.232Z",
                "type": "START",
                "source": "hotkey",
                "_t": "01:20:21",
                "_end": "-",
                "data": {
                    "type": "pill",
                    "time": 269.779846
                }
            },
            {
                "time": "2017-11-18T08:20:38.457Z",
                "type": "END",
                "source": "hotkey:ctb",
                "_t": "01:20:38",
                "_end": "-",
                "data": {
                    "lbl": {
                        "time": 269.779846,
                        "endTime": 279.142411,
                        "type": "pill",
                        "id": 5
                    },
                    "key": "enter"
                }
            },
            {
                "time": "2017-11-18T08:20:47.715Z",
                "type": "START",
                "source": "hotkey",
                "_t": "01:20:47",
                "_end": "-",
                "data": {
                    "type": "move",
                    "time": 331.085455
                }
            },
            {
                "time": "2017-11-18T08:21:37.138Z",
                "type": "END",
                "source": "hotkey:ctb",
                "_t": "01:21:37",
                "_end": "-",
                "data": {
                    "lbl": {
                        "time": 331.085455,
                        "endTime": 334.819771,
                        "type": "move",
                        "id": 6
                    },
                    "key": "enter"
                }
            },
            {
                "time": "2017-11-18T08:21:53.829Z",
                "type": "START",
                "source": "hotkey",
                "_t": "01:21:53",
                "_end": "-",
                "data": {
                    "type": "move",
                    "time": 446.814296
                }
            },
            {
                "time": "2017-11-18T08:22:01.161Z",
                "type": "END",
                "source": "data:click:h_pos",
                "_t": "01:22:01",
                "_end": "-",
                "data": {
                    "lbl": {
                        "time": 446.7569387516299,
                        "endTime": 449.22330043154545,
                        "type": "move",
                        "id": 7
                    }
                }
            },
            {
                "time": "2017-11-18T08:22:07.849Z",
                "type": "SELECT",
                "source": "data:click",
                "_t": "01:22:07",
                "_end": "-",
                "data": {
                    "time": 446.7569387516299,
                    "endTime": 449.22330043154545,
                    "type": "move",
                    "id": 7
                }
            },
            {
                "time": {
                    "start": "2017-11-18T08:22:09.304Z",
                    "end": "2017-11-18T08:22:15.375Z"
                },
                "type": "RESIZE",
                "source": "data:brush",
                "_t": "01:22:09",
                "_end": "01:22:15",
                "data": {
                    "brushing": true,
                    "origin": [
                        446.814296,
                        449.22330043154545
                    ],
                    "_brushside": 0,
                    "start": "2017-11-18T08:22:09.304Z",
                    "ε": 0.1,
                    "mode": "resize"
                }
            },
            {
                "time": "2017-11-18T08:23:55.702Z",
                "type": "START",
                "source": "hotkey",
                "_t": "01:23:55",
                "_end": "-",
                "data": {
                    "type": "pill",
                    "time": 564.255977
                }
            },
            {
                "time": "2017-11-18T08:24:03.147Z",
                "type": "END",
                "source": "data:click:h_pos",
                "_t": "01:24:03",
                "_end": "-",
                "data": {
                    "lbl": {
                        "time": 564.255977,
                        "endTime": 573.146350497339,
                        "type": "pill",
                        "id": 8
                    }
                }
            }
        ],
        "navigationEvents": [
            {
                "time": "2017-11-18T08:15:28.775Z",
                "type": "PAUSE",
                "source": "hotkey",
                "_t": "01:15:28",
                "_end": "-",
                "data": {
                    "key": "space"
                }
            },
            {
                "time": "2017-11-18T08:15:28.894Z",
                "type": "PLAY",
                "source": "video:button",
                "_t": "01:15:28",
                "_end": "-"
            },
            {
                "time": "2017-11-18T08:15:51.551Z",
                "type": "PAUSE",
                "source": "hotkey",
                "_t": "01:15:51",
                "_end": "-",
                "data": {
                    "key": "space"
                }
            },
            {
                "time": "2017-11-18T08:15:51.613Z",
                "type": "PLAY",
                "source": "video:button",
                "_t": "01:15:51",
                "_end": "-"
            },
            {
                "time": "2017-11-18T08:15:53.186Z",
                "type": "PAUSE",
                "source": "video:button",
                "_t": "01:15:53",
                "_end": "-"
            },
            {
                "time": "2017-11-18T08:16:13.722Z",
                "type": "SKIP",
                "source": "hotkey",
                "_t": "01:16:13",
                "_end": "-",
                "data": {
                    "t": 50.507281,
                    "Δt": -10,
                    "key": "j"
                }
            },
            {
                "time": "2017-11-18T08:16:15.535Z",
                "type": "PLAY",
                "source": "hotkey",
                "_t": "01:16:15",
                "_end": "-",
                "data": {
                    "key": "space"
                }
            },
            {
                "time": "2017-11-18T08:16:21.833Z",
                "type": "PAUSE",
                "source": "hotkey",
                "_t": "01:16:21",
                "_end": "-",
                "data": {
                    "key": "space"
                }
            },
            {
                "time": "2017-11-18T08:16:24.840Z",
                "type": "SKIP",
                "source": "hotkey",
                "_t": "01:16:24",
                "_end": "-",
                "data": {
                    "t": 46.766447,
                    "Δt": -0.033366700033366704,
                    "key": "shift+left"
                }
            },
            {
                "time": "2017-11-18T08:16:25.242Z",
                "type": "SKIP",
                "source": "hotkey",
                "_t": "01:16:25",
                "_end": "-",
                "data": {
                    "t": 46.73308,
                    "Δt": -0.033366700033366704,
                    "key": "shift+left"
                }
            },
            {
                "time": "2017-11-18T08:16:25.658Z",
                "type": "SKIP",
                "source": "hotkey",
                "_t": "01:16:25",
                "_end": "-",
                "data": {
                    "t": 46.699713,
                    "Δt": -0.033366700033366704,
                    "key": "shift+left"
                }
            },
            {
                "time": "2017-11-18T08:16:26.311Z",
                "type": "SKIP",
                "source": "hotkey",
                "_t": "01:16:26",
                "_end": "-",
                "data": {
                    "t": 46.666346,
                    "Δt": -0.033366700033366704,
                    "key": "shift+left"
                }
            },
            {
                "time": "2017-11-18T08:16:26.960Z",
                "type": "SKIP",
                "source": "hotkey",
                "_t": "01:16:26",
                "_end": "-",
                "data": {
                    "t": 46.632979,
                    "Δt": -0.033366700033366704,
                    "key": "shift+left"
                }
            },
            {
                "time": "2017-11-18T08:16:27.524Z",
                "type": "SKIP",
                "source": "hotkey",
                "_t": "01:16:27",
                "_end": "-",
                "data": {
                    "t": 46.599612,
                    "Δt": -0.033366700033366704,
                    "key": "shift+left"
                }
            },
            {
                "time": "2017-11-18T08:16:28.153Z",
                "type": "SKIP",
                "source": "hotkey",
                "_t": "01:16:28",
                "_end": "-",
                "data": {
                    "t": 46.566245,
                    "Δt": -0.033366700033366704,
                    "key": "shift+left"
                }
            },
            {
                "time": "2017-11-18T08:16:28.646Z",
                "type": "SKIP",
                "source": "hotkey",
                "_t": "01:16:28",
                "_end": "-",
                "data": {
                    "t": 46.532878,
                    "Δt": -0.033366700033366704,
                    "key": "shift+left"
                }
            },
            {
                "time": "2017-11-18T08:16:29.140Z",
                "type": "SKIP",
                "source": "hotkey",
                "_t": "01:16:29",
                "_end": "-",
                "data": {
                    "t": 46.499511,
                    "Δt": -0.033366700033366704,
                    "key": "shift+left"
                }
            },
            {
                "time": "2017-11-18T08:16:29.630Z",
                "type": "SKIP",
                "source": "hotkey",
                "_t": "01:16:29",
                "_end": "-",
                "data": {
                    "t": 46.466144,
                    "Δt": -0.033366700033366704,
                    "key": "shift+left"
                }
            },
            {
                "time": "2017-11-18T08:16:30.132Z",
                "type": "SKIP",
                "source": "hotkey",
                "_t": "01:16:30",
                "_end": "-",
                "data": {
                    "t": 46.432777,
                    "Δt": -0.033366700033366704,
                    "key": "shift+left"
                }
            },
            {
                "time": "2017-11-18T08:16:30.716Z",
                "type": "SKIP",
                "source": "hotkey",
                "_t": "01:16:30",
                "_end": "-",
                "data": {
                    "t": 46.39941,
                    "Δt": -0.033366700033366704,
                    "key": "shift+left"
                }
            },
            {
                "time": "2017-11-18T08:16:31.321Z",
                "type": "SKIP",
                "source": "hotkey",
                "_t": "01:16:31",
                "_end": "-",
                "data": {
                    "t": 46.366043,
                    "Δt": -0.033366700033366704,
                    "key": "shift+left"
                }
            },
            {
                "time": "2017-11-18T08:16:31.913Z",
                "type": "SKIP",
                "source": "hotkey",
                "_t": "01:16:31",
                "_end": "-",
                "data": {
                    "t": 46.332676,
                    "Δt": -0.033366700033366704,
                    "key": "shift+left"
                }
            },
            {
                "time": "2017-11-18T08:16:32.468Z",
                "type": "SKIP",
                "source": "hotkey",
                "_t": "01:16:32",
                "_end": "-",
                "data": {
                    "t": 46.299309,
                    "Δt": -0.033366700033366704,
                    "key": "shift+left"
                }
            },
            {
                "time": "2017-11-18T08:16:33.011Z",
                "type": "SKIP",
                "source": "hotkey",
                "_t": "01:16:33",
                "_end": "-",
                "data": {
                    "t": 46.265942,
                    "Δt": -0.033366700033366704,
                    "key": "shift+left"
                }
            },
            {
                "time": "2017-11-18T08:16:33.490Z",
                "type": "SKIP",
                "source": "hotkey",
                "_t": "01:16:33",
                "_end": "-",
                "data": {
                    "t": 46.232575,
                    "Δt": -0.033366700033366704,
                    "key": "shift+left"
                }
            },
            {
                "time": "2017-11-18T08:16:33.999Z",
                "type": "SKIP",
                "source": "hotkey",
                "_t": "01:16:33",
                "_end": "-",
                "data": {
                    "t": 46.199208,
                    "Δt": -0.033366700033366704,
                    "key": "shift+left"
                }
            },
            {
                "time": "2017-11-18T08:16:34.594Z",
                "type": "SKIP",
                "source": "hotkey",
                "_t": "01:16:34",
                "_end": "-",
                "data": {
                    "t": 46.165841,
                    "Δt": -0.033366700033366704,
                    "key": "shift+left"
                }
            },
            {
                "time": "2017-11-18T08:16:35.144Z",
                "type": "SKIP",
                "source": "hotkey",
                "_t": "01:16:35",
                "_end": "-",
                "data": {
                    "t": 46.132474,
                    "Δt": -0.033366700033366704,
                    "key": "shift+left"
                }
            },
            {
                "time": "2017-11-18T08:16:35.603Z",
                "type": "SKIP",
                "source": "hotkey",
                "_t": "01:16:35",
                "_end": "-",
                "data": {
                    "t": 46.099107,
                    "Δt": -0.033366700033366704,
                    "key": "shift+left"
                }
            },
            {
                "time": "2017-11-18T08:16:36.021Z",
                "type": "SKIP",
                "source": "hotkey",
                "_t": "01:16:36",
                "_end": "-",
                "data": {
                    "t": 46.06574,
                    "Δt": -0.033366700033366704,
                    "key": "shift+left"
                }
            },
            {
                "time": "2017-11-18T08:16:36.563Z",
                "type": "SKIP",
                "source": "hotkey",
                "_t": "01:16:36",
                "_end": "-",
                "data": {
                    "t": 46.032373,
                    "Δt": -0.033366700033366704,
                    "key": "shift+left"
                }
            },
            {
                "time": "2017-11-18T08:16:37.100Z",
                "type": "SKIP",
                "source": "hotkey",
                "_t": "01:16:37",
                "_end": "-",
                "data": {
                    "t": 45.999006,
                    "Δt": -0.033366700033366704,
                    "key": "shift+left"
                }
            },
            {
                "time": "2017-11-18T08:16:37.709Z",
                "type": "SKIP",
                "source": "hotkey",
                "_t": "01:16:37",
                "_end": "-",
                "data": {
                    "t": 45.965639,
                    "Δt": -0.033366700033366704,
                    "key": "shift+left"
                }
            },
            {
                "time": "2017-11-18T08:16:40.217Z",
                "type": "SKIP",
                "source": "hotkey",
                "_t": "01:16:40",
                "_end": "-",
                "data": {
                    "t": 45.932272,
                    "Δt": -0.033366700033366704,
                    "key": "shift+left"
                }
            },
            {
                "time": "2017-11-18T08:16:40.840Z",
                "type": "SKIP",
                "source": "hotkey",
                "_t": "01:16:40",
                "_end": "-",
                "data": {
                    "t": 45.898905,
                    "Δt": -0.033366700033366704,
                    "key": "shift+left"
                }
            },
            {
                "time": "2017-11-18T08:16:41.472Z",
                "type": "SKIP",
                "source": "hotkey",
                "_t": "01:16:41",
                "_end": "-",
                "data": {
                    "t": 45.865538,
                    "Δt": -0.033366700033366704,
                    "key": "shift+left"
                }
            },
            {
                "time": "2017-11-18T08:16:42.110Z",
                "type": "SKIP",
                "source": "hotkey",
                "_t": "01:16:42",
                "_end": "-",
                "data": {
                    "t": 45.832171,
                    "Δt": -0.033366700033366704,
                    "key": "shift+left"
                }
            },
            {
                "time": "2017-11-18T08:16:43.086Z",
                "type": "SKIP",
                "source": "hotkey",
                "_t": "01:16:43",
                "_end": "-",
                "data": {
                    "t": 45.798804,
                    "Δt": -0.033366700033366704,
                    "key": "shift+left"
                }
            },
            {
                "time": "2017-11-18T08:16:44.519Z",
                "type": "SKIP",
                "source": "hotkey",
                "_t": "01:16:44",
                "_end": "-",
                "data": {
                    "t": 45.765437,
                    "Δt": -0.033366700033366704,
                    "key": "shift+left"
                }
            },
            {
                "time": "2017-11-18T08:16:45.176Z",
                "type": "SKIP",
                "source": "hotkey",
                "_t": "01:16:45",
                "_end": "-",
                "data": {
                    "t": 45.73207,
                    "Δt": -0.033366700033366704,
                    "key": "shift+left"
                }
            },
            {
                "time": "2017-11-18T08:16:46.417Z",
                "type": "SKIP",
                "source": "hotkey",
                "_t": "01:16:46",
                "_end": "-",
                "data": {
                    "t": 45.698703,
                    "Δt": -0.033366700033366704,
                    "key": "shift+left"
                }
            },
            {
                "time": "2017-11-18T08:16:47.197Z",
                "type": "SKIP",
                "source": "hotkey",
                "_t": "01:16:47",
                "_end": "-",
                "data": {
                    "t": 45.665336,
                    "Δt": -0.033366700033366704,
                    "key": "shift+left"
                }
            },
            {
                "time": "2017-11-18T08:16:47.894Z",
                "type": "SKIP",
                "source": "hotkey",
                "_t": "01:16:47",
                "_end": "-",
                "data": {
                    "t": 45.631969,
                    "Δt": -0.033366700033366704,
                    "key": "shift+left"
                }
            },
            {
                "time": "2017-11-18T08:16:48.478Z",
                "type": "SKIP",
                "source": "hotkey",
                "_t": "01:16:48",
                "_end": "-",
                "data": {
                    "t": 45.598602,
                    "Δt": -0.033366700033366704,
                    "key": "shift+left"
                }
            },
            {
                "time": "2017-11-18T08:16:49.346Z",
                "type": "SKIP",
                "source": "hotkey",
                "_t": "01:16:49",
                "_end": "-",
                "data": {
                    "t": 45.565235,
                    "Δt": -0.033366700033366704,
                    "key": "shift+left"
                }
            },
            {
                "time": "2017-11-18T08:16:50.114Z",
                "type": "SKIP",
                "source": "hotkey",
                "_t": "01:16:50",
                "_end": "-",
                "data": {
                    "t": 45.531868,
                    "Δt": -0.033366700033366704,
                    "key": "shift+left"
                }
            },
            {
                "time": "2017-11-18T08:16:52.646Z",
                "type": "SKIP",
                "source": "hotkey",
                "_t": "01:16:52",
                "_end": "-",
                "data": {
                    "t": 45.498501,
                    "Δt": -0.033366700033366704,
                    "key": "shift+left"
                }
            },
            {
                "time": "2017-11-18T08:16:53.664Z",
                "type": "SKIP",
                "source": "hotkey",
                "_t": "01:16:53",
                "_end": "-",
                "data": {
                    "t": 45.465134,
                    "Δt": -0.033366700033366704,
                    "key": "shift+left"
                }
            },
            {
                "time": "2017-11-18T08:16:54.245Z",
                "type": "SKIP",
                "source": "hotkey",
                "_t": "01:16:54",
                "_end": "-",
                "data": {
                    "t": 45.431767,
                    "Δt": -0.033366700033366704,
                    "key": "shift+left"
                }
            },
            {
                "time": "2017-11-18T08:16:55.763Z",
                "type": "SKIP",
                "source": "hotkey",
                "_t": "01:16:55",
                "_end": "-",
                "data": {
                    "t": 45.3984,
                    "Δt": -0.033366700033366704,
                    "key": "shift+left"
                }
            },
            {
                "time": "2017-11-18T08:16:56.457Z",
                "type": "SKIP",
                "source": "hotkey",
                "_t": "01:16:56",
                "_end": "-",
                "data": {
                    "t": 45.365033,
                    "Δt": -0.033366700033366704,
                    "key": "shift+left"
                }
            },
            {
                "time": "2017-11-18T08:16:57.272Z",
                "type": "SKIP",
                "source": "hotkey",
                "_t": "01:16:57",
                "_end": "-",
                "data": {
                    "t": 45.331666,
                    "Δt": -0.033366700033366704,
                    "key": "shift+left"
                }
            },
            {
                "time": "2017-11-18T08:16:59.386Z",
                "type": "SKIP",
                "source": "hotkey",
                "_t": "01:16:59",
                "_end": "-",
                "data": {
                    "t": 45.298299,
                    "Δt": 0.033366700033366704,
                    "key": "shift+right"
                }
            },
            {
                "time": "2017-11-18T08:16:59.943Z",
                "type": "SKIP",
                "source": "hotkey",
                "_t": "01:16:59",
                "_end": "-",
                "data": {
                    "t": 45.331666,
                    "Δt": 0.033366700033366704,
                    "key": "shift+right"
                }
            },
            {
                "time": "2017-11-18T08:17:00.592Z",
                "type": "SKIP",
                "source": "hotkey",
                "_t": "01:17:00",
                "_end": "-",
                "data": {
                    "t": 45.365033,
                    "Δt": 0.033366700033366704,
                    "key": "shift+right"
                }
            },
            {
                "time": "2017-11-18T08:17:07.201Z",
                "type": "PLAY",
                "source": "hotkey",
                "_t": "01:17:07",
                "_end": "-",
                "data": {
                    "key": "space"
                }
            },
            {
                "time": "2017-11-18T08:17:15.331Z",
                "type": "PAUSE",
                "source": "hotkey",
                "_t": "01:17:15",
                "_end": "-",
                "data": {
                    "key": "space"
                }
            },
            {
                "time": "2017-11-18T08:17:16.498Z",
                "type": "SKIP",
                "source": "hotkey",
                "_t": "01:17:16",
                "_end": "-",
                "data": {
                    "t": 53.438379,
                    "Δt": -0.033366700033366704,
                    "key": "shift+left"
                }
            },
            {
                "time": "2017-11-18T08:17:17.118Z",
                "type": "SKIP",
                "source": "hotkey",
                "_t": "01:17:17",
                "_end": "-",
                "data": {
                    "t": 53.405012,
                    "Δt": -0.033366700033366704,
                    "key": "shift+left"
                }
            },
            {
                "time": "2017-11-18T08:17:19.408Z",
                "type": "SKIP",
                "source": "hotkey",
                "_t": "01:17:19",
                "_end": "-",
                "data": {
                    "t": 53.371645,
                    "Δt": -0.033366700033366704,
                    "key": "shift+left"
                }
            },
            {
                "time": "2017-11-18T08:17:20.345Z",
                "type": "SKIP",
                "source": "hotkey",
                "_t": "01:17:20",
                "_end": "-",
                "data": {
                    "t": 53.338278,
                    "Δt": -0.033366700033366704,
                    "key": "shift+left"
                }
            },
            {
                "time": "2017-11-18T08:17:21.090Z",
                "type": "SKIP",
                "source": "hotkey",
                "_t": "01:17:21",
                "_end": "-",
                "data": {
                    "t": 53.304911,
                    "Δt": -0.033366700033366704,
                    "key": "shift+left"
                }
            },
            {
                "time": "2017-11-18T08:17:21.791Z",
                "type": "SKIP",
                "source": "hotkey",
                "_t": "01:17:21",
                "_end": "-",
                "data": {
                    "t": 53.271544,
                    "Δt": -0.033366700033366704,
                    "key": "shift+left"
                }
            },
            {
                "time": "2017-11-18T08:17:22.635Z",
                "type": "SKIP",
                "source": "hotkey",
                "_t": "01:17:22",
                "_end": "-",
                "data": {
                    "t": 53.238177,
                    "Δt": -0.033366700033366704,
                    "key": "shift+left"
                }
            },
            {
                "time": "2017-11-18T08:17:23.374Z",
                "type": "SKIP",
                "source": "hotkey",
                "_t": "01:17:23",
                "_end": "-",
                "data": {
                    "t": 53.20481,
                    "Δt": -0.033366700033366704,
                    "key": "shift+left"
                }
            },
            {
                "time": "2017-11-18T08:17:24.178Z",
                "type": "SKIP",
                "source": "hotkey",
                "_t": "01:17:24",
                "_end": "-",
                "data": {
                    "t": 53.171443,
                    "Δt": -0.033366700033366704,
                    "key": "shift+left"
                }
            },
            {
                "time": "2017-11-18T08:17:25.599Z",
                "type": "SKIP",
                "source": "hotkey",
                "_t": "01:17:25",
                "_end": "-",
                "data": {
                    "t": 53.138076,
                    "Δt": -0.033366700033366704,
                    "key": "shift+left"
                }
            },
            {
                "time": "2017-11-18T08:17:26.439Z",
                "type": "SKIP",
                "source": "hotkey",
                "_t": "01:17:26",
                "_end": "-",
                "data": {
                    "t": 53.104709,
                    "Δt": -0.033366700033366704,
                    "key": "shift+left"
                }
            },
            {
                "time": "2017-11-18T08:17:27.342Z",
                "type": "SKIP",
                "source": "hotkey",
                "_t": "01:17:27",
                "_end": "-",
                "data": {
                    "t": 53.071342,
                    "Δt": -0.033366700033366704,
                    "key": "shift+left"
                }
            },
            {
                "time": "2017-11-18T08:17:29.321Z",
                "type": "SKIP",
                "source": "hotkey",
                "_t": "01:17:29",
                "_end": "-",
                "data": {
                    "t": 53.037975,
                    "Δt": -0.033366700033366704,
                    "key": "shift+left"
                }
            },
            {
                "time": "2017-11-18T08:17:34.069Z",
                "type": "PLAY",
                "source": "hotkey",
                "_t": "01:17:34",
                "_end": "-",
                "data": {
                    "key": "space"
                }
            },
            {
                "time": "2017-11-18T08:17:45.103Z",
                "type": "PAUSE",
                "source": "hotkey",
                "_t": "01:17:45",
                "_end": "-",
                "data": {
                    "key": "space"
                }
            },
            {
                "time": "2017-11-18T08:17:46.773Z",
                "type": "SKIP",
                "source": "hotkey",
                "_t": "01:17:46",
                "_end": "-",
                "data": {
                    "t": 63.918858,
                    "Δt": -0.033366700033366704,
                    "key": "shift+left"
                }
            },
            {
                "time": "2017-11-18T08:17:47.941Z",
                "type": "SKIP",
                "source": "hotkey",
                "_t": "01:17:47",
                "_end": "-",
                "data": {
                    "t": 63.885491,
                    "Δt": -0.033366700033366704,
                    "key": "shift+left"
                }
            },
            {
                "time": "2017-11-18T08:17:48.990Z",
                "type": "SKIP",
                "source": "hotkey",
                "_t": "01:17:48",
                "_end": "-",
                "data": {
                    "t": 63.852124,
                    "Δt": -0.033366700033366704,
                    "key": "shift+left"
                }
            },
            {
                "time": "2017-11-18T08:17:52.065Z",
                "type": "PLAY",
                "source": "hotkey",
                "_t": "01:17:52",
                "_end": "-",
                "data": {
                    "key": "space"
                }
            },
            {
                "time": "2017-11-18T08:17:57.465Z",
                "type": "PAUSE",
                "source": "hotkey",
                "_t": "01:17:57",
                "_end": "-",
                "data": {
                    "key": "space"
                }
            },
            {
                "time": "2017-11-18T08:17:58.503Z",
                "type": "SKIP",
                "source": "hotkey",
                "_t": "01:17:58",
                "_end": "-",
                "data": {
                    "t": 69.153944,
                    "Δt": -0.033366700033366704,
                    "key": "shift+left"
                }
            },
            {
                "time": "2017-11-18T08:17:59.323Z",
                "type": "SKIP",
                "source": "hotkey",
                "_t": "01:17:59",
                "_end": "-",
                "data": {
                    "t": 69.120577,
                    "Δt": -0.033366700033366704,
                    "key": "shift+left"
                }
            },
            {
                "time": "2017-11-18T08:18:00.145Z",
                "type": "SKIP",
                "source": "hotkey",
                "_t": "01:18:00",
                "_end": "-",
                "data": {
                    "t": 69.08721,
                    "Δt": -0.033366700033366704,
                    "key": "shift+left"
                }
            },
            {
                "time": "2017-11-18T08:18:00.845Z",
                "type": "SKIP",
                "source": "hotkey",
                "_t": "01:18:00",
                "_end": "-",
                "data": {
                    "t": 69.053843,
                    "Δt": -0.033366700033366704,
                    "key": "shift+left"
                }
            },
            {
                "time": "2017-11-18T08:18:01.619Z",
                "type": "SKIP",
                "source": "hotkey",
                "_t": "01:18:01",
                "_end": "-",
                "data": {
                    "t": 69.020476,
                    "Δt": -0.033366700033366704,
                    "key": "shift+left"
                }
            },
            {
                "time": "2017-11-18T08:18:02.441Z",
                "type": "SKIP",
                "source": "hotkey",
                "_t": "01:18:02",
                "_end": "-",
                "data": {
                    "t": 68.987109,
                    "Δt": -0.033366700033366704,
                    "key": "shift+left"
                }
            },
            {
                "time": "2017-11-18T08:18:03.237Z",
                "type": "SKIP",
                "source": "hotkey",
                "_t": "01:18:03",
                "_end": "-",
                "data": {
                    "t": 68.953742,
                    "Δt": -0.033366700033366704,
                    "key": "shift+left"
                }
            },
            {
                "time": "2017-11-18T08:18:04.331Z",
                "type": "SKIP",
                "source": "hotkey",
                "_t": "01:18:04",
                "_end": "-",
                "data": {
                    "t": 68.920375,
                    "Δt": -0.033366700033366704,
                    "key": "shift+left"
                }
            },
            {
                "time": "2017-11-18T08:18:05.270Z",
                "type": "SKIP",
                "source": "hotkey",
                "_t": "01:18:05",
                "_end": "-",
                "data": {
                    "t": 68.887008,
                    "Δt": -0.033366700033366704,
                    "key": "shift+left"
                }
            },
            {
                "time": "2017-11-18T08:18:09.825Z",
                "type": "SKIP",
                "source": "hotkey",
                "_t": "01:18:09",
                "_end": "-",
                "data": {
                    "t": 68.853641,
                    "Δt": 0.033366700033366704,
                    "key": "shift+right"
                }
            },
            {
                "time": "2017-11-18T08:18:13.058Z",
                "type": "PLAY",
                "source": "hotkey",
                "_t": "01:18:13",
                "_end": "-",
                "data": {
                    "key": "space"
                }
            },
            {
                "time": "2017-11-18T08:18:14.110Z",
                "type": "PAUSE",
                "source": "hotkey",
                "_t": "01:18:14",
                "_end": "-",
                "data": {
                    "key": "space"
                }
            },
            {
                "time": {
                    "start": "2017-11-18T08:12:51.151Z",
                    "end": "2017-11-18T08:18:16.978Z"
                },
                "type": "SCRUB",
                "source": "data:drag",
                "_t": "01:12:51",
                "_end": "01:18:16",
                "data": {
                    "time": 107.78657349905676
                }
            },
            {
                "time": {
                    "start": "2017-11-18T08:12:51.151Z",
                    "end": "2017-11-18T08:18:18.667Z"
                },
                "type": "SCRUB",
                "source": "data:drag",
                "_t": "01:12:51",
                "_end": "01:18:18",
                "data": {
                    "time": 123.16592766698143
                }
            },
            {
                "time": {
                    "start": "2017-11-18T08:12:51.151Z",
                    "end": "2017-11-18T08:18:25.141Z"
                },
                "type": "SCRUB",
                "source": "data:drag",
                "_t": "01:12:51",
                "_end": "01:18:25",
                "data": {
                    "time": 125.438479
                }
            },
            {
                "time": "2017-11-18T08:18:33.446Z",
                "type": "PLAY",
                "source": "hotkey",
                "_t": "01:18:33",
                "_end": "-",
                "data": {
                    "key": "space"
                }
            },
            {
                "time": "2017-11-18T08:18:33.675Z",
                "type": "PAUSE",
                "source": "hotkey",
                "_t": "01:18:33",
                "_end": "-",
                "data": {
                    "key": "space"
                }
            },
            {
                "time": {
                    "start": "2017-11-18T08:12:51.151Z",
                    "end": "2017-11-18T08:18:43.389Z"
                },
                "type": "SCRUB",
                "source": "data:drag",
                "_t": "01:12:51",
                "_end": "01:18:43",
                "data": {
                    "time": 125.597874
                }
            },
            {
                "time": "2017-11-18T08:18:43.486Z",
                "type": "PLAY",
                "source": "hotkey",
                "_t": "01:18:43",
                "_end": "-",
                "data": {
                    "key": "space"
                }
            },
            {
                "time": "2017-11-18T08:18:43.727Z",
                "type": "PAUSE",
                "source": "hotkey",
                "_t": "01:18:43",
                "_end": "-",
                "data": {
                    "key": "space"
                }
            },
            {
                "time": "2017-11-18T08:18:45.453Z",
                "type": "PLAY",
                "source": "hotkey",
                "_t": "01:18:45",
                "_end": "-",
                "data": {
                    "key": "space"
                }
            },
            {
                "time": "2017-11-18T08:18:45.611Z",
                "type": "PAUSE",
                "source": "hotkey",
                "_t": "01:18:45",
                "_end": "-",
                "data": {
                    "key": "space"
                }
            },
            {
                "time": "2017-11-18T08:18:47.677Z",
                "type": "SKIP",
                "source": "hotkey",
                "_t": "01:18:47",
                "_end": "-",
                "data": {
                    "t": 125.876582,
                    "Δt": -0.033366700033366704,
                    "key": "shift+left"
                }
            },
            {
                "time": "2017-11-18T08:18:48.313Z",
                "type": "SKIP",
                "source": "hotkey",
                "_t": "01:18:48",
                "_end": "-",
                "data": {
                    "t": 125.843215,
                    "Δt": -0.033366700033366704,
                    "key": "shift+left"
                }
            },
            {
                "time": "2017-11-18T08:18:50.474Z",
                "type": "PLAY",
                "source": "hotkey",
                "_t": "01:18:50",
                "_end": "-",
                "data": {
                    "key": "space"
                }
            },
            {
                "time": "2017-11-18T08:19:01.011Z",
                "type": "PAUSE",
                "source": "hotkey",
                "_t": "01:19:01",
                "_end": "-",
                "data": {
                    "key": "space"
                }
            },
            {
                "time": "2017-11-18T08:19:02.808Z",
                "type": "SKIP",
                "source": "hotkey",
                "_t": "01:19:02",
                "_end": "-",
                "data": {
                    "t": 136.320306,
                    "Δt": 0.033366700033366704,
                    "key": "shift+right"
                }
            },
            {
                "time": "2017-11-18T08:19:04.356Z",
                "type": "SKIP",
                "source": "hotkey",
                "_t": "01:19:04",
                "_end": "-",
                "data": {
                    "t": 136.353673,
                    "Δt": 0.033366700033366704,
                    "key": "shift+right"
                }
            },
            {
                "time": "2017-11-18T08:19:05.929Z",
                "type": "SKIP",
                "source": "hotkey",
                "_t": "01:19:05",
                "_end": "-",
                "data": {
                    "t": 136.38704,
                    "Δt": 0.033366700033366704,
                    "key": "shift+right"
                }
            },
            {
                "time": {
                    "start": "2017-11-18T08:12:51.151Z",
                    "end": "2017-11-18T08:19:11.758Z"
                },
                "type": "SCRUB",
                "source": "data:drag",
                "_t": "01:12:51",
                "_end": "01:19:11",
                "data": {
                    "time": 169.557367
                }
            },
            {
                "time": {
                    "start": "2017-11-18T08:12:51.151Z",
                    "end": "2017-11-18T08:19:14.095Z"
                },
                "type": "SCRUB",
                "source": "data:drag",
                "_t": "01:12:51",
                "_end": "01:19:14",
                "data": {
                    "time": 176.850669
                }
            },
            {
                "time": "2017-11-18T08:19:14.311Z",
                "type": "PLAY",
                "source": "hotkey",
                "_t": "01:19:14",
                "_end": "-",
                "data": {
                    "key": "space"
                }
            },
            {
                "time": "2017-11-18T08:19:15.906Z",
                "type": "PAUSE",
                "source": "hotkey",
                "_t": "01:19:15",
                "_end": "-",
                "data": {
                    "key": "space"
                }
            },
            {
                "time": {
                    "start": "2017-11-18T08:12:51.151Z",
                    "end": "2017-11-18T08:19:21.924Z"
                },
                "type": "SCRUB",
                "source": "data:drag",
                "_t": "01:12:51",
                "_end": "01:19:21",
                "data": {
                    "time": 178.234481
                }
            },
            {
                "time": "2017-11-18T08:19:27.396Z",
                "type": "PLAY",
                "source": "hotkey",
                "_t": "01:19:27",
                "_end": "-",
                "data": {
                    "key": "space"
                }
            },
            {
                "time": "2017-11-18T08:19:30.723Z",
                "type": "PAUSE",
                "source": "hotkey",
                "_t": "01:19:30",
                "_end": "-",
                "data": {
                    "key": "space"
                }
            },
            {
                "time": "2017-11-18T08:19:31.968Z",
                "type": "SKIP",
                "source": "hotkey",
                "_t": "01:19:31",
                "_end": "-",
                "data": {
                    "t": 181.47546,
                    "Δt": -0.033366700033366704,
                    "key": "shift+left"
                }
            },
            {
                "time": "2017-11-18T08:19:32.273Z",
                "type": "SKIP",
                "source": "hotkey",
                "_t": "01:19:32",
                "_end": "-",
                "data": {
                    "t": 181.442093,
                    "Δt": -0.033366700033366704,
                    "key": "shift+left"
                }
            },
            {
                "time": "2017-11-18T08:19:32.612Z",
                "type": "SKIP",
                "source": "hotkey",
                "_t": "01:19:32",
                "_end": "-",
                "data": {
                    "t": 181.408726,
                    "Δt": -0.033366700033366704,
                    "key": "shift+left"
                }
            },
            {
                "time": "2017-11-18T08:19:32.871Z",
                "type": "SKIP",
                "source": "hotkey",
                "_t": "01:19:32",
                "_end": "-",
                "data": {
                    "t": 181.375359,
                    "Δt": -0.033366700033366704,
                    "key": "shift+left"
                }
            },
            {
                "time": "2017-11-18T08:19:33.059Z",
                "type": "SKIP",
                "source": "hotkey",
                "_t": "01:19:33",
                "_end": "-",
                "data": {
                    "t": 181.341992,
                    "Δt": -0.033366700033366704,
                    "key": "shift+left"
                }
            },
            {
                "time": "2017-11-18T08:19:33.328Z",
                "type": "SKIP",
                "source": "hotkey",
                "_t": "01:19:33",
                "_end": "-",
                "data": {
                    "t": 181.308625,
                    "Δt": -0.033366700033366704,
                    "key": "shift+left"
                }
            },
            {
                "time": "2017-11-18T08:19:33.425Z",
                "type": "SKIP",
                "source": "hotkey",
                "_t": "01:19:33",
                "_end": "-",
                "data": {
                    "t": 181.275258,
                    "Δt": -0.033366700033366704,
                    "key": "shift+left"
                }
            },
            {
                "time": "2017-11-18T08:19:33.583Z",
                "type": "SKIP",
                "source": "hotkey",
                "_t": "01:19:33",
                "_end": "-",
                "data": {
                    "t": 181.241891,
                    "Δt": -0.033366700033366704,
                    "key": "shift+left"
                }
            },
            {
                "time": "2017-11-18T08:19:33.746Z",
                "type": "SKIP",
                "source": "hotkey",
                "_t": "01:19:33",
                "_end": "-",
                "data": {
                    "t": 181.208524,
                    "Δt": -0.033366700033366704,
                    "key": "shift+left"
                }
            },
            {
                "time": "2017-11-18T08:19:33.934Z",
                "type": "SKIP",
                "source": "hotkey",
                "_t": "01:19:33",
                "_end": "-",
                "data": {
                    "t": 181.175157,
                    "Δt": -0.033366700033366704,
                    "key": "shift+left"
                }
            },
            {
                "time": "2017-11-18T08:19:34.168Z",
                "type": "SKIP",
                "source": "hotkey",
                "_t": "01:19:34",
                "_end": "-",
                "data": {
                    "t": 181.14179,
                    "Δt": -0.033366700033366704,
                    "key": "shift+left"
                }
            },
            {
                "time": "2017-11-18T08:19:34.311Z",
                "type": "SKIP",
                "source": "hotkey",
                "_t": "01:19:34",
                "_end": "-",
                "data": {
                    "t": 181.108423,
                    "Δt": -0.033366700033366704,
                    "key": "shift+left"
                }
            },
            {
                "time": "2017-11-18T08:19:34.536Z",
                "type": "SKIP",
                "source": "hotkey",
                "_t": "01:19:34",
                "_end": "-",
                "data": {
                    "t": 181.075056,
                    "Δt": -0.033366700033366704,
                    "key": "shift+left"
                }
            },
            {
                "time": "2017-11-18T08:19:34.688Z",
                "type": "SKIP",
                "source": "hotkey",
                "_t": "01:19:34",
                "_end": "-",
                "data": {
                    "t": 181.041689,
                    "Δt": -0.033366700033366704,
                    "key": "shift+left"
                }
            },
            {
                "time": "2017-11-18T08:19:34.882Z",
                "type": "SKIP",
                "source": "hotkey",
                "_t": "01:19:34",
                "_end": "-",
                "data": {
                    "t": 181.008322,
                    "Δt": -0.033366700033366704,
                    "key": "shift+left"
                }
            },
            {
                "time": "2017-11-18T08:19:35.089Z",
                "type": "SKIP",
                "source": "hotkey",
                "_t": "01:19:35",
                "_end": "-",
                "data": {
                    "t": 180.974955,
                    "Δt": -0.033366700033366704,
                    "key": "shift+left"
                }
            },
            {
                "time": "2017-11-18T08:19:35.302Z",
                "type": "SKIP",
                "source": "hotkey",
                "_t": "01:19:35",
                "_end": "-",
                "data": {
                    "t": 180.941588,
                    "Δt": -0.033366700033366704,
                    "key": "shift+left"
                }
            },
            {
                "time": "2017-11-18T08:19:35.474Z",
                "type": "SKIP",
                "source": "hotkey",
                "_t": "01:19:35",
                "_end": "-",
                "data": {
                    "t": 180.908221,
                    "Δt": -0.033366700033366704,
                    "key": "shift+left"
                }
            },
            {
                "time": "2017-11-18T08:19:35.896Z",
                "type": "SKIP",
                "source": "hotkey",
                "_t": "01:19:35",
                "_end": "-",
                "data": {
                    "t": 180.874854,
                    "Δt": -0.033366700033366704,
                    "key": "shift+left"
                }
            },
            {
                "time": "2017-11-18T08:19:36.425Z",
                "type": "SKIP",
                "source": "hotkey",
                "_t": "01:19:36",
                "_end": "-",
                "data": {
                    "t": 180.841487,
                    "Δt": -0.033366700033366704,
                    "key": "shift+left"
                }
            },
            {
                "time": "2017-11-18T08:19:37.494Z",
                "type": "SKIP",
                "source": "hotkey",
                "_t": "01:19:37",
                "_end": "-",
                "data": {
                    "t": 180.80812,
                    "Δt": -0.033366700033366704,
                    "key": "shift+left"
                }
            },
            {
                "time": {
                    "start": "2017-11-18T08:12:51.151Z",
                    "end": "2017-11-18T08:19:41.299Z"
                },
                "type": "SCRUB",
                "source": "data:drag",
                "_t": "01:12:51",
                "_end": "01:19:41",
                "data": {
                    "time": 193.43988742420046
                }
            },
            {
                "time": {
                    "start": "2017-11-18T08:12:51.151Z",
                    "end": "2017-11-18T08:19:42.572Z"
                },
                "type": "SCRUB",
                "source": "data:drag",
                "_t": "01:12:51",
                "_end": "01:19:42",
                "data": {
                    "time": 201.481242189942
                }
            },
            {
                "time": {
                    "start": "2017-11-18T08:12:51.151Z",
                    "end": "2017-11-18T08:19:47.777Z"
                },
                "type": "SCRUB",
                "source": "data:drag",
                "_t": "01:12:51",
                "_end": "01:19:47",
                "data": {
                    "time": 202.643942
                }
            },
            {
                "time": {
                    "start": "2017-11-18T08:12:51.151Z",
                    "end": "2017-11-18T08:19:49.104Z"
                },
                "type": "SCRUB",
                "source": "data:drag",
                "_t": "01:12:51",
                "_end": "01:19:49",
                "data": {
                    "time": 241.7829209486493
                }
            },
            {
                "time": {
                    "start": "2017-11-18T08:12:51.151Z",
                    "end": "2017-11-18T08:19:52.754Z"
                },
                "type": "SCRUB",
                "source": "data:drag",
                "_t": "01:12:51",
                "_end": "01:19:52",
                "data": {
                    "time": 268.93899188087073
                }
            },
            {
                "time": {
                    "start": "2017-11-18T08:12:51.151Z",
                    "end": "2017-11-18T08:19:55.742Z"
                },
                "type": "SCRUB",
                "source": "data:drag",
                "_t": "01:12:51",
                "_end": "01:19:55",
                "data": {
                    "time": 269.31181411440355
                }
            },
            {
                "time": "2017-11-18T08:19:56.587Z",
                "type": "PLAY",
                "source": "hotkey",
                "_t": "01:19:56",
                "_end": "-",
                "data": {
                    "key": "space"
                }
            },
            {
                "time": "2017-11-18T08:19:57.281Z",
                "type": "PAUSE",
                "source": "hotkey",
                "_t": "01:19:57",
                "_end": "-",
                "data": {
                    "key": "space"
                }
            },
            {
                "time": "2017-11-18T08:20:08.501Z",
                "type": "SKIP",
                "source": "hotkey",
                "_t": "01:20:08",
                "_end": "-",
                "data": {
                    "t": 269.913314,
                    "Δt": -0.033366700033366704,
                    "key": "shift+left"
                }
            },
            {
                "time": "2017-11-18T08:20:09.592Z",
                "type": "SKIP",
                "source": "hotkey",
                "_t": "01:20:09",
                "_end": "-",
                "data": {
                    "t": 269.879947,
                    "Δt": -0.033366700033366704,
                    "key": "shift+left"
                }
            },
            {
                "time": "2017-11-18T08:20:10.209Z",
                "type": "SKIP",
                "source": "hotkey",
                "_t": "01:20:10",
                "_end": "-",
                "data": {
                    "t": 269.84658,
                    "Δt": -0.033366700033366704,
                    "key": "shift+left"
                }
            },
            {
                "time": "2017-11-18T08:20:10.923Z",
                "type": "SKIP",
                "source": "hotkey",
                "_t": "01:20:10",
                "_end": "-",
                "data": {
                    "t": 269.813213,
                    "Δt": -0.033366700033366704,
                    "key": "shift+left"
                }
            },
            {
                "time": "2017-11-18T08:20:15.711Z",
                "type": "SKIP",
                "source": "hotkey",
                "_t": "01:20:15",
                "_end": "-",
                "data": {
                    "t": 269.779846,
                    "Δt": -0.033366700033366704,
                    "key": "shift+left"
                }
            },
            {
                "time": "2017-11-18T08:20:17.051Z",
                "type": "SKIP",
                "source": "hotkey",
                "_t": "01:20:17",
                "_end": "-",
                "data": {
                    "t": 269.746479,
                    "Δt": 0.033366700033366704,
                    "key": "shift+right"
                }
            },
            {
                "time": "2017-11-18T08:20:22.040Z",
                "type": "PLAY",
                "source": "hotkey",
                "_t": "01:20:22",
                "_end": "-",
                "data": {
                    "key": "space"
                }
            },
            {
                "time": "2017-11-18T08:20:31.537Z",
                "type": "PAUSE",
                "source": "hotkey",
                "_t": "01:20:31",
                "_end": "-",
                "data": {
                    "key": "space"
                }
            },
            {
                "time": "2017-11-18T08:20:32.982Z",
                "type": "SKIP",
                "source": "hotkey",
                "_t": "01:20:32",
                "_end": "-",
                "data": {
                    "t": 279.242512,
                    "Δt": -0.033366700033366704,
                    "key": "shift+left"
                }
            },
            {
                "time": "2017-11-18T08:20:33.567Z",
                "type": "SKIP",
                "source": "hotkey",
                "_t": "01:20:33",
                "_end": "-",
                "data": {
                    "t": 279.209145,
                    "Δt": -0.033366700033366704,
                    "key": "shift+left"
                }
            },
            {
                "time": "2017-11-18T08:20:34.127Z",
                "type": "SKIP",
                "source": "hotkey",
                "_t": "01:20:34",
                "_end": "-",
                "data": {
                    "t": 279.175778,
                    "Δt": -0.033366700033366704,
                    "key": "shift+left"
                }
            },
            {
                "time": {
                    "start": "2017-11-18T08:12:51.151Z",
                    "end": "2017-11-18T08:20:40.900Z"
                },
                "type": "SCRUB",
                "source": "data:drag",
                "_t": "01:12:51",
                "_end": "01:20:40",
                "data": {
                    "time": 308.8534656556489
                }
            },
            {
                "time": {
                    "start": "2017-11-18T08:12:51.151Z",
                    "end": "2017-11-18T08:20:42.461Z"
                },
                "type": "SCRUB",
                "source": "data:drag",
                "_t": "01:12:51",
                "_end": "01:20:42",
                "data": {
                    "time": 330.964685
                }
            },
            {
                "time": "2017-11-18T08:20:44.156Z",
                "type": "PLAY",
                "source": "hotkey",
                "_t": "01:20:44",
                "_end": "-",
                "data": {
                    "key": "space"
                }
            },
            {
                "time": "2017-11-18T08:20:44.285Z",
                "type": "PAUSE",
                "source": "hotkey",
                "_t": "01:20:44",
                "_end": "-",
                "data": {
                    "key": "space"
                }
            },
            {
                "time": "2017-11-18T08:20:49.016Z",
                "type": "PLAY",
                "source": "hotkey",
                "_t": "01:20:49",
                "_end": "-",
                "data": {
                    "key": "space"
                }
            },
            {
                "time": "2017-11-18T08:20:52.848Z",
                "type": "PAUSE",
                "source": "hotkey",
                "_t": "01:20:52",
                "_end": "-",
                "data": {
                    "key": "space"
                }
            },
            {
                "time": "2017-11-18T08:20:55.294Z",
                "type": "SKIP",
                "source": "hotkey",
                "_t": "01:20:55",
                "_end": "-",
                "data": {
                    "t": 334.919872,
                    "Δt": -0.033366700033366704,
                    "key": "shift+left"
                }
            },
            {
                "time": "2017-11-18T08:20:56.134Z",
                "type": "SKIP",
                "source": "hotkey",
                "_t": "01:20:56",
                "_end": "-",
                "data": {
                    "t": 334.886505,
                    "Δt": -0.033366700033366704,
                    "key": "shift+left"
                }
            },
            {
                "time": "2017-11-18T08:20:56.796Z",
                "type": "SKIP",
                "source": "hotkey",
                "_t": "01:20:56",
                "_end": "-",
                "data": {
                    "t": 334.853138,
                    "Δt": -0.033366700033366704,
                    "key": "shift+left"
                }
            },
            {
                "time": {
                    "start": "2017-11-18T08:12:51.151Z",
                    "end": "2017-11-18T08:21:39.426Z"
                },
                "type": "SCRUB",
                "source": "data:drag",
                "_t": "01:12:51",
                "_end": "01:21:39",
                "data": {
                    "time": 374.5109868720562
                }
            },
            {
                "time": {
                    "start": "2017-11-18T08:12:51.151Z",
                    "end": "2017-11-18T08:21:41.127Z"
                },
                "type": "SCRUB",
                "source": "data:drag",
                "_t": "01:12:51",
                "_end": "01:21:41",
                "data": {
                    "time": 404.27939890399296
                }
            },
            {
                "time": {
                    "start": "2017-11-18T08:12:51.151Z",
                    "end": "2017-11-18T08:21:42.736Z"
                },
                "type": "SCRUB",
                "source": "data:drag",
                "_t": "01:12:51",
                "_end": "01:21:42",
                "data": {
                    "time": 435.3670276165737
                }
            },
            {
                "time": {
                    "start": "2017-11-18T08:12:51.151Z",
                    "end": "2017-11-18T08:21:45.559Z"
                },
                "type": "SCRUB",
                "source": "data:drag",
                "_t": "01:12:51",
                "_end": "01:21:45",
                "data": {
                    "time": 445.4045464647375
                }
            },
            {
                "time": "2017-11-18T08:21:45.784Z",
                "type": "PLAY",
                "source": "hotkey",
                "_t": "01:21:45",
                "_end": "-",
                "data": {
                    "key": "space"
                }
            },
            {
                "time": "2017-11-18T08:21:47.309Z",
                "type": "PAUSE",
                "source": "hotkey",
                "_t": "01:21:47",
                "_end": "-",
                "data": {
                    "key": "space"
                }
            },
            {
                "time": "2017-11-18T08:21:49.026Z",
                "type": "SKIP",
                "source": "hotkey",
                "_t": "01:21:49",
                "_end": "-",
                "data": {
                    "t": 446.814296,
                    "Δt": -0.033366700033366704,
                    "key": "shift+left"
                }
            },
            {
                "time": "2017-11-18T08:21:50.715Z",
                "type": "SKIP",
                "source": "hotkey",
                "_t": "01:21:50",
                "_end": "-",
                "data": {
                    "t": 446.780929,
                    "Δt": 0.033366700033366704,
                    "key": "shift+right"
                }
            },
            {
                "time": {
                    "start": "2017-11-18T08:12:51.151Z",
                    "end": "2017-11-18T08:22:01.154Z"
                },
                "type": "SCRUB",
                "source": "data:drag",
                "_t": "01:12:51",
                "_end": "01:22:01",
                "data": {
                    "time": 446.814296
                }
            },
            {
                "time": "2017-11-18T08:22:02.767Z",
                "type": "PLAY",
                "source": "hotkey",
                "_t": "01:22:02",
                "_end": "-",
                "data": {
                    "key": "space"
                }
            },
            {
                "time": "2017-11-18T08:22:05.750Z",
                "type": "PAUSE",
                "source": "hotkey",
                "_t": "01:22:05",
                "_end": "-",
                "data": {
                    "key": "space"
                }
            },
            {
                "time": {
                    "start": "2017-11-18T08:12:51.151Z",
                    "end": "2017-11-18T08:22:07.842Z"
                },
                "type": "SCRUB",
                "source": "data:drag",
                "_t": "01:12:51",
                "_end": "01:22:07",
                "data": {
                    "time": 449.441379
                }
            },
            {
                "time": {
                    "start": "2017-11-18T08:12:51.151Z",
                    "end": "2017-11-18T08:22:15.379Z"
                },
                "type": "SCRUB",
                "source": "data:drag",
                "_t": "01:12:51",
                "_end": "01:22:15",
                "data": {
                    "time": 449.441379
                }
            },
            {
                "time": {
                    "start": "2017-11-18T08:12:51.151Z",
                    "end": "2017-11-18T08:22:15.992Z"
                },
                "type": "SCRUB",
                "source": "data:drag",
                "_t": "01:12:51",
                "_end": "01:22:15",
                "data": {
                    "time": 449.441379
                }
            },
            {
                "time": {
                    "start": "2017-11-18T08:12:51.151Z",
                    "end": "2017-11-18T08:22:17.340Z"
                },
                "type": "SCRUB",
                "source": "data:drag",
                "_t": "01:12:51",
                "_end": "01:22:17",
                "data": {
                    "time": 449.441379
                }
            },
            {
                "time": {
                    "start": "2017-11-18T08:12:51.151Z",
                    "end": "2017-11-18T08:22:25.036Z"
                },
                "type": "SCRUB",
                "source": "data:drag",
                "_t": "01:12:51",
                "_end": "01:22:25",
                "data": {
                    "time": 478.49282529945236
                }
            },
            {
                "time": {
                    "start": "2017-11-18T08:12:51.151Z",
                    "end": "2017-11-18T08:22:26.740Z"
                },
                "type": "SCRUB",
                "source": "data:drag",
                "_t": "01:12:51",
                "_end": "01:22:26",
                "data": {
                    "time": 510.3547764694954
                }
            },
            {
                "time": {
                    "start": "2017-11-18T08:12:51.151Z",
                    "end": "2017-11-18T08:22:28.112Z"
                },
                "type": "SCRUB",
                "source": "data:drag",
                "_t": "01:12:51",
                "_end": "01:22:28",
                "data": {
                    "time": 540.2952596491028
                }
            },
            {
                "time": {
                    "start": "2017-11-18T08:12:51.151Z",
                    "end": "2017-11-18T08:22:30.469Z"
                },
                "type": "SCRUB",
                "source": "data:drag",
                "_t": "01:12:51",
                "_end": "01:22:30",
                "data": {
                    "time": 559.1657947137722
                }
            },
            {
                "time": {
                    "start": "2017-11-18T08:12:51.151Z",
                    "end": "2017-11-18T08:22:34.399Z"
                },
                "type": "SCRUB",
                "source": "data:drag",
                "_t": "01:12:51",
                "_end": "01:22:34",
                "data": {
                    "time": 564.06984
                }
            },
            {
                "time": {
                    "start": "2017-11-18T08:12:51.151Z",
                    "end": "2017-11-18T08:22:50.875Z"
                },
                "type": "SCRUB",
                "source": "data:drag",
                "_t": "01:12:51",
                "_end": "01:22:50",
                "data": {
                    "time": 567.3678817812834
                }
            },
            {
                "time": {
                    "start": "2017-11-18T08:12:51.151Z",
                    "end": "2017-11-18T08:23:04.968Z"
                },
                "type": "SCRUB",
                "source": "data:drag",
                "_t": "01:12:51",
                "_end": "01:23:04",
                "data": {
                    "time": 564.1558758725562
                }
            },
            {
                "time": "2017-11-18T08:23:21.340Z",
                "type": "SKIP",
                "source": "hotkey",
                "_t": "01:23:21",
                "_end": "-",
                "data": {
                    "t": 564.155876,
                    "Δt": 0.033366700033366704,
                    "key": "shift+right"
                }
            },
            {
                "time": "2017-11-18T08:23:23.693Z",
                "type": "SKIP",
                "source": "hotkey",
                "_t": "01:23:23",
                "_end": "-",
                "data": {
                    "t": 564.189243,
                    "Δt": 0.033366700033366704,
                    "key": "shift+right"
                }
            },
            {
                "time": "2017-11-18T08:23:24.888Z",
                "type": "SKIP",
                "source": "hotkey",
                "_t": "01:23:24",
                "_end": "-",
                "data": {
                    "t": 564.22261,
                    "Δt": 0.033366700033366704,
                    "key": "shift+right"
                }
            },
            {
                "time": {
                    "start": "2017-11-18T08:12:51.151Z",
                    "end": "2017-11-18T08:24:03.141Z"
                },
                "type": "SCRUB",
                "source": "data:drag",
                "_t": "01:12:51",
                "_end": "01:24:03",
                "data": {
                    "time": 564.255977
                }
            },
            {
                "time": {
                    "start": "2017-11-18T08:12:51.151Z",
                    "end": "2017-11-18T08:24:12.777Z"
                },
                "type": "SCRUB",
                "source": "data:drag",
                "_t": "01:12:51",
                "_end": "01:24:12",
                "data": {
                    "time": 591.7587775933808
                }
            },
            {
                "time": {
                    "start": "2017-11-18T08:12:51.151Z",
                    "end": "2017-11-18T08:24:15.164Z"
                },
                "type": "SCRUB",
                "source": "data:drag",
                "_t": "01:12:51",
                "_end": "01:24:15",
                "data": {
                    "time": 607.7614502952658
                }
            },
            {
                "time": {
                    "start": "2017-11-18T08:12:51.151Z",
                    "end": "2017-11-18T08:24:19.746Z"
                },
                "type": "SCRUB",
                "source": "data:drag",
                "_t": "01:12:51",
                "_end": "01:24:19",
                "data": {
                    "time": 608.564451
                }
            }
        ]
    }
}