[
    {
        "time": 45.34803300001074,
        "endTime": 53.139233434784046,
        "id": 1,
        "type": "pill"
    },
    {
        "time": 63.818757,
        "endTime": 68.98184481739207,
        "id": 2,
        "type": "move"
    },
    {
        "time": 125.809848,
        "endTime": 136.420407,
        "id": 3,
        "type": "pill"
    },
    {
        "time": 178.234481,
        "endTime": 180.8304422086955,
        "id": 4,
        "type": "move"
    },
    {
        "time": 269.779846,
        "endTime": 279.142411,
        "id": 5,
        "type": "pill"
    },
    {
        "time": 331.008634,
        "endTime": 334.819771,
        "id": 6,
        "type": "move"
    },
    {
        "time": 446.74247,
        "endTime": 449.22330043154545,
        "id": 7,
        "type": "move"
    },
    {
        "time": 564.17025,
        "endTime": 573.146350497339,
        "id": 8,
        "type": "pill"
    }
]