{
    "responses": {
        "question1": "Pill, Running, Cane",
        "question2": "The video is extremely helpful when you're first annotating a task, to help you learn which data patterns match which actions.  If you can never make that association, then there's no guarantee that you'll be marking the correct patterns in the data.",
        "question3": "Data is essential throughout the annotating process because it allows you to precisely measure when an event begins and ends.  With the video alone it can be hard to do this, but the data is much more concrete.",
        "question4": "The software was relatively easy to use.  I wish I had more time to get used to more keyboard shortcuts, because I feel that would've increased my efficiency."
    }
}