{
    "user_id": "003",
    "session_id": "59e526e1227e0c69a0245613",
    "study": "studyA",
    "workspace": "newrun.run-pink",
    "details": {
        "workspace": "newrun.run-pink",
        "labels": [
            {
                "time": 137.91619,
                "endTime": 142.9172092674433,
                "type": "run",
                "id": 2
            },
            {
                "time": 62.823961,
                "endTime": 74.13395842021556,
                "type": "skip",
                "id": 3
            },
            {
                "time": 276.405952,
                "endTime": 288.48533699982204,
                "type": "skip",
                "id": 4
            },
            {
                "time": 344.419814,
                "endTime": 349.1900169935583,
                "type": "run",
                "id": 5
            },
            {
                "time": 421.050816,
                "endTime": 434.05346609536605,
                "type": "skip",
                "id": 6
            },
            {
                "time": 472.445905,
                "endTime": 478.29325060500696,
                "type": "run",
                "id": 7
            },
            {
                "time": 547.230377,
                "endTime": 560.6946596431081,
                "type": "skip",
                "id": 8
            },
            {
                "time": 596.009549,
                "endTime": 608.7044440635125,
                "type": "skip",
                "id": 9
            }
        ],
        "_starts": [
            "2017-10-23T23:48:29.000Z"
        ],
        "_ends": [
            "2017-10-23T23:50:49.302Z"
        ]
    },
    "labels_file": "/home/ubuntu/vat/data/user-studies/studyA/run-pink/003.labels.json",
    "videoFlash": 3.300376,
    "surveys": {},
    "logs": {
        "labelEvents": [
            {
                "time": "2017-10-23T23:49:19.279Z",
                "type": "START",
                "source": "hotkey",
                "_t": "17:49:19",
                "_end": "-",
                "data": {
                    "type": "run",
                    "time": 62.823964
                }
            },
            {
                "time": "2017-10-23T23:49:20.850Z",
                "type": "END",
                "source": "data:click:h_pos",
                "_t": "17:49:20",
                "_end": "-",
                "data": {
                    "lbl": {
                        "time": 62.823964,
                        "endTime": 74.72267828571422,
                        "type": "run",
                        "id": 1
                    }
                }
            },
            {
                "time": "2017-10-23T23:49:38.460Z",
                "type": "START",
                "source": "hotkey",
                "_t": "17:49:38",
                "_end": "-",
                "data": {
                    "type": "run",
                    "time": 137.91619
                }
            },
            {
                "time": "2017-10-23T23:49:40.265Z",
                "type": "END",
                "source": "data:click:h_pos",
                "_t": "17:49:40",
                "_end": "-",
                "data": {
                    "lbl": {
                        "time": 137.91619,
                        "endTime": 142.9172092674433,
                        "type": "run",
                        "id": 2
                    }
                }
            },
            {
                "time": "2017-10-23T23:49:44.289Z",
                "type": "SELECT",
                "source": "data:click",
                "_t": "17:49:44",
                "_end": "-",
                "data": {
                    "time": 62.823964,
                    "endTime": 74.72267828571422,
                    "type": "run",
                    "id": 1
                }
            },
            {
                "time": "2017-10-23T23:49:45.858Z",
                "type": "DELETE",
                "source": "side-bar:button",
                "_t": "17:49:45",
                "_end": "-",
                "data": {
                    "id": 1,
                    "idx": 0
                }
            },
            {
                "time": "2017-10-23T23:49:46.833Z",
                "type": "START",
                "source": "side-bar:button",
                "_t": "17:49:46",
                "_end": "-",
                "data": {
                    "type": "skip",
                    "time": 62.823961
                }
            },
            {
                "time": "2017-10-23T23:49:50.293Z",
                "type": "END",
                "source": "data:click:h_pos",
                "_t": "17:49:50",
                "_end": "-",
                "data": {
                    "lbl": {
                        "time": 62.823961,
                        "endTime": 74.13395842021556,
                        "type": "skip",
                        "id": 3
                    }
                }
            },
            {
                "time": "2017-10-23T23:49:57.962Z",
                "type": "START",
                "source": "hotkey",
                "_t": "17:49:57",
                "_end": "-",
                "data": {
                    "type": "skip",
                    "time": 276.405952
                }
            },
            {
                "time": "2017-10-23T23:50:00.230Z",
                "type": "END",
                "source": "data:click:h_pos",
                "_t": "17:50:00",
                "_end": "-",
                "data": {
                    "lbl": {
                        "time": 276.405952,
                        "endTime": 288.48533699982204,
                        "type": "skip",
                        "id": 4
                    }
                }
            },
            {
                "time": "2017-10-23T23:50:03.649Z",
                "type": "START",
                "source": "hotkey",
                "_t": "17:50:03",
                "_end": "-",
                "data": {
                    "type": "run",
                    "time": 344.419814
                }
            },
            {
                "time": "2017-10-23T23:50:06.384Z",
                "type": "END",
                "source": "data:click:h_pos",
                "_t": "17:50:06",
                "_end": "-",
                "data": {
                    "lbl": {
                        "time": 344.419814,
                        "endTime": 349.1900169935583,
                        "type": "run",
                        "id": 5
                    }
                }
            },
            {
                "time": "2017-10-23T23:50:14.249Z",
                "type": "START",
                "source": "hotkey",
                "_t": "17:50:14",
                "_end": "-",
                "data": {
                    "type": "skip",
                    "time": 421.050816
                }
            },
            {
                "time": "2017-10-23T23:50:17.334Z",
                "type": "END",
                "source": "data:click:h_pos",
                "_t": "17:50:17",
                "_end": "-",
                "data": {
                    "lbl": {
                        "time": 421.050816,
                        "endTime": 434.05346609536605,
                        "type": "skip",
                        "id": 6
                    }
                }
            },
            {
                "time": "2017-10-23T23:50:26.407Z",
                "type": "START",
                "source": "hotkey",
                "_t": "17:50:26",
                "_end": "-",
                "data": {
                    "type": "run",
                    "time": 472.445905
                }
            },
            {
                "time": "2017-10-23T23:50:28.509Z",
                "type": "END",
                "source": "data:click:h_pos",
                "_t": "17:50:28",
                "_end": "-",
                "data": {
                    "lbl": {
                        "time": 472.445905,
                        "endTime": 478.29325060500696,
                        "type": "run",
                        "id": 7
                    }
                }
            },
            {
                "time": "2017-10-23T23:50:33.222Z",
                "type": "START",
                "source": "hotkey",
                "_t": "17:50:33",
                "_end": "-",
                "data": {
                    "type": "skip",
                    "time": 547.230377
                }
            },
            {
                "time": "2017-10-23T23:50:35.880Z",
                "type": "END",
                "source": "data:click:h_pos",
                "_t": "17:50:35",
                "_end": "-",
                "data": {
                    "lbl": {
                        "time": 547.230377,
                        "endTime": 560.6946596431081,
                        "type": "skip",
                        "id": 8
                    }
                }
            },
            {
                "time": "2017-10-23T23:50:39.322Z",
                "type": "START",
                "source": "hotkey",
                "_t": "17:50:39",
                "_end": "-",
                "data": {
                    "type": "skip",
                    "time": 596.009549
                }
            },
            {
                "time": "2017-10-23T23:50:42.202Z",
                "type": "END",
                "source": "data:click:h_pos",
                "_t": "17:50:42",
                "_end": "-",
                "data": {
                    "lbl": {
                        "time": 596.009549,
                        "endTime": 608.7044440635125,
                        "type": "skip",
                        "id": 9
                    }
                }
            }
        ],
        "navigationEvents": [
            {
                "time": {
                    "start": "2017-10-23T23:48:28.379Z",
                    "end": "2017-10-23T23:49:04.591Z"
                },
                "type": "SCRUB",
                "source": "data:drag",
                "_t": "17:48:28",
                "_end": "17:49:04",
                "data": {
                    "time": 39.448666
                }
            },
            {
                "time": {
                    "start": "2017-10-23T23:48:28.379Z",
                    "end": "2017-10-23T23:49:07.504Z"
                },
                "type": "SCRUB",
                "source": "data:drag",
                "_t": "17:48:28",
                "_end": "17:49:07",
                "data": {
                    "time": 62.842947
                }
            },
            {
                "time": "2017-10-23T23:49:12.440Z",
                "type": "PAUSE",
                "source": "video:button",
                "_t": "17:49:12",
                "_end": "-"
            },
            {
                "time": {
                    "start": "2017-10-23T23:48:28.379Z",
                    "end": "2017-10-23T23:49:16.722Z"
                },
                "type": "SCRUB",
                "source": "data:drag",
                "_t": "17:48:28",
                "_end": "17:49:16",
                "data": {
                    "time": 62.823964
                }
            },
            {
                "time": {
                    "start": "2017-10-23T23:48:28.379Z",
                    "end": "2017-10-23T23:49:20.846Z"
                },
                "type": "SCRUB",
                "source": "data:drag",
                "_t": "17:48:28",
                "_end": "17:49:20",
                "data": {
                    "time": 62.823964
                }
            },
            {
                "time": {
                    "start": "2017-10-23T23:48:28.379Z",
                    "end": "2017-10-23T23:49:27.761Z"
                },
                "type": "SCRUB",
                "source": "data:drag",
                "_t": "17:48:28",
                "_end": "17:49:27",
                "data": {
                    "time": 92.599263
                }
            },
            {
                "time": {
                    "start": "2017-10-23T23:48:28.379Z",
                    "end": "2017-10-23T23:49:32.174Z"
                },
                "type": "SCRUB",
                "source": "data:drag",
                "_t": "17:48:28",
                "_end": "17:49:32",
                "data": {
                    "time": 148.687617
                }
            },
            {
                "time": {
                    "start": "2017-10-23T23:48:28.379Z",
                    "end": "2017-10-23T23:49:37.996Z"
                },
                "type": "SCRUB",
                "source": "data:drag",
                "_t": "17:48:28",
                "_end": "17:49:37",
                "data": {
                    "time": 137.91619
                }
            },
            {
                "time": {
                    "start": "2017-10-23T23:48:28.379Z",
                    "end": "2017-10-23T23:49:40.262Z"
                },
                "type": "SCRUB",
                "source": "data:drag",
                "_t": "17:48:28",
                "_end": "17:49:40",
                "data": {
                    "time": 137.91619
                }
            },
            {
                "time": {
                    "start": "2017-10-23T23:48:28.379Z",
                    "end": "2017-10-23T23:49:41.497Z"
                },
                "type": "SCRUB",
                "source": "data:drag",
                "_t": "17:48:28",
                "_end": "17:49:41",
                "data": {
                    "time": 101.062524
                }
            },
            {
                "time": {
                    "start": "2017-10-23T23:48:28.379Z",
                    "end": "2017-10-23T23:49:43.893Z"
                },
                "type": "SCRUB",
                "source": "data:drag",
                "_t": "17:48:28",
                "_end": "17:49:43",
                "data": {
                    "time": 62.823961
                }
            },
            {
                "time": {
                    "start": "2017-10-23T23:48:28.379Z",
                    "end": "2017-10-23T23:49:44.285Z"
                },
                "type": "SCRUB",
                "source": "data:drag",
                "_t": "17:48:28",
                "_end": "17:49:44",
                "data": {
                    "time": 62.823961
                }
            },
            {
                "time": {
                    "start": "2017-10-23T23:48:28.379Z",
                    "end": "2017-10-23T23:49:50.291Z"
                },
                "type": "SCRUB",
                "source": "data:drag",
                "_t": "17:48:28",
                "_end": "17:49:50",
                "data": {
                    "time": 62.823961
                }
            },
            {
                "time": {
                    "start": "2017-10-23T23:48:28.379Z",
                    "end": "2017-10-23T23:49:51.759Z"
                },
                "type": "SCRUB",
                "source": "data:drag",
                "_t": "17:48:28",
                "_end": "17:49:51",
                "data": {
                    "time": 157.458633
                }
            },
            {
                "time": {
                    "start": "2017-10-23T23:48:28.379Z",
                    "end": "2017-10-23T23:49:53.452Z"
                },
                "type": "SCRUB",
                "source": "data:drag",
                "_t": "17:48:28",
                "_end": "17:49:53",
                "data": {
                    "time": 240.62943
                }
            },
            {
                "time": {
                    "start": "2017-10-23T23:48:28.379Z",
                    "end": "2017-10-23T23:49:57.435Z"
                },
                "type": "SCRUB",
                "source": "data:drag",
                "_t": "17:48:28",
                "_end": "17:49:57",
                "data": {
                    "time": 276.405952
                }
            },
            {
                "time": {
                    "start": "2017-10-23T23:48:28.379Z",
                    "end": "2017-10-23T23:50:00.227Z"
                },
                "type": "SCRUB",
                "source": "data:drag",
                "_t": "17:48:28",
                "_end": "17:50:00",
                "data": {
                    "time": 276.405952
                }
            },
            {
                "time": {
                    "start": "2017-10-23T23:48:28.379Z",
                    "end": "2017-10-23T23:50:03.174Z"
                },
                "type": "SCRUB",
                "source": "data:drag",
                "_t": "17:48:28",
                "_end": "17:50:03",
                "data": {
                    "time": 344.419814
                }
            },
            {
                "time": {
                    "start": "2017-10-23T23:48:28.379Z",
                    "end": "2017-10-23T23:50:06.380Z"
                },
                "type": "SCRUB",
                "source": "data:drag",
                "_t": "17:48:28",
                "_end": "17:50:06",
                "data": {
                    "time": 344.419814
                }
            },
            {
                "time": {
                    "start": "2017-10-23T23:48:28.379Z",
                    "end": "2017-10-23T23:50:13.016Z"
                },
                "type": "SCRUB",
                "source": "data:drag",
                "_t": "17:48:28",
                "_end": "17:50:13",
                "data": {
                    "time": 421.050816
                }
            },
            {
                "time": {
                    "start": "2017-10-23T23:48:28.379Z",
                    "end": "2017-10-23T23:50:17.330Z"
                },
                "type": "SCRUB",
                "source": "data:drag",
                "_t": "17:48:28",
                "_end": "17:50:17",
                "data": {
                    "time": 421.050816
                }
            },
            {
                "time": {
                    "start": "2017-10-23T23:48:28.379Z",
                    "end": "2017-10-23T23:50:21.904Z"
                },
                "type": "SCRUB",
                "source": "data:drag",
                "_t": "17:48:28",
                "_end": "17:50:21",
                "data": {
                    "time": 472.292028
                }
            },
            {
                "time": {
                    "start": "2017-10-23T23:48:28.379Z",
                    "end": "2017-10-23T23:50:25.873Z"
                },
                "type": "SCRUB",
                "source": "data:drag",
                "_t": "17:48:28",
                "_end": "17:50:25",
                "data": {
                    "time": 472.445905
                }
            },
            {
                "time": {
                    "start": "2017-10-23T23:48:28.379Z",
                    "end": "2017-10-23T23:50:28.506Z"
                },
                "type": "SCRUB",
                "source": "data:drag",
                "_t": "17:48:28",
                "_end": "17:50:28",
                "data": {
                    "time": 472.445905
                }
            },
            {
                "time": {
                    "start": "2017-10-23T23:48:28.379Z",
                    "end": "2017-10-23T23:50:32.799Z"
                },
                "type": "SCRUB",
                "source": "data:drag",
                "_t": "17:48:28",
                "_end": "17:50:32",
                "data": {
                    "time": 547.230377
                }
            },
            {
                "time": {
                    "start": "2017-10-23T23:48:28.379Z",
                    "end": "2017-10-23T23:50:35.877Z"
                },
                "type": "SCRUB",
                "source": "data:drag",
                "_t": "17:48:28",
                "_end": "17:50:35",
                "data": {
                    "time": 547.230377
                }
            },
            {
                "time": {
                    "start": "2017-10-23T23:48:28.379Z",
                    "end": "2017-10-23T23:50:38.930Z"
                },
                "type": "SCRUB",
                "source": "data:drag",
                "_t": "17:48:28",
                "_end": "17:50:38",
                "data": {
                    "time": 596.009549
                }
            },
            {
                "time": {
                    "start": "2017-10-23T23:48:28.379Z",
                    "end": "2017-10-23T23:50:42.199Z"
                },
                "type": "SCRUB",
                "source": "data:drag",
                "_t": "17:48:28",
                "_end": "17:50:42",
                "data": {
                    "time": 596.009549
                }
            }
        ]
    }
}