{
    "user_id": "007",
    "session_id": "59ec16a2227e0c69a024562c",
    "study": "studyA",
    "workspace": "newrun.run-pink",
    "details": {
        "workspace": "newrun.run-pink",
        "labels": [
            {
                "time": 63.053312,
                "endTime": 73.81669763857195,
                "type": "skip",
                "id": 1
            },
            {
                "time": 138.341148,
                "endTime": 142.66140003936567,
                "type": "run",
                "id": 2
            },
            {
                "time": 276.216774,
                "endTime": 288.11608888425707,
                "type": "skip",
                "id": 3
            },
            {
                "time": 344.446958,
                "endTime": 349.02791490382174,
                "type": "run",
                "id": 4
            },
            {
                "time": 421.0197,
                "endTime": 433.66388592552516,
                "type": "skip",
                "id": 5
            },
            {
                "time": 472.750992,
                "endTime": 477.6112755442987,
                "type": "run",
                "id": 6
            },
            {
                "time": 547.62915,
                "endTime": 560.1429834933032,
                "type": "skip",
                "id": 7
            },
            {
                "time": 596.306471,
                "endTime": 608.354760092572,
                "type": "skip",
                "id": 8
            }
        ],
        "_starts": [
            "2017-10-24T15:37:26.000Z"
        ],
        "_ends": [
            "2017-10-24T15:39:43.628Z"
        ]
    },
    "labels_file": "/home/ubuntu/vat/data/user-studies/studyA/run-pink/007.labels.json",
    "videoFlash": 3.300376,
    "surveys": {
        "user-info": {
            "firstname": "Steven",
            "lastname": "Seeger",
            "email": "sseeger1996@gmail.com"
        },
        "practice-first": {
            "question1": "1",
            "question2": "ok",
            "question3": "70",
            "question4": "2"
        },
        "practice-second": {},
        "practice-third": {},
        "practice-survey": {},
        "run-blue": {
            "question1": "2",
            "question2": "2",
            "question3": "100",
            "question4": "90"
        },
        "run-yellow": {
            "question1": "1",
            "question2": "1",
            "question3": "100",
            "question4": "70"
        },
        "run-red": {
            "question1": "-2",
            "question2": "1",
            "question3": "60",
            "question4": "90"
        },
        "run-survey": {
            "question1": "2",
            "question2": "-2",
            "question3": "2",
            "question4": "2"
        },
        "pill-blue": {
            "question1": "2",
            "question2": "-1",
            "question3": "100",
            "question4": "100"
        },
        "pill-red": {
            "question1": "-2",
            "question2": "-1",
            "question3": "100",
            "question4": "50"
        },
        "pill-orange": {
            "question1": "1",
            "question2": "2",
            "question3": "70",
            "question4": "100"
        },
        "pills-survey": {
            "question1": "2",
            "question2": "1",
            "question3": "2",
            "question4": "-2"
        }
    },
    "logs": {
        "labelEvents": [
            {
                "time": "2017-10-24T15:37:53.226Z",
                "type": "START",
                "source": "hotkey",
                "_t": "09:37:53",
                "_end": "-",
                "data": {
                    "type": "skip",
                    "time": 63.053312
                }
            },
            {
                "time": "2017-10-24T15:37:58.132Z",
                "type": "END",
                "source": "data:click:h_pos",
                "_t": "09:37:58",
                "_end": "-",
                "data": {
                    "lbl": {
                        "time": 63.053312,
                        "endTime": 73.81669763857195,
                        "type": "skip",
                        "id": 1
                    }
                }
            },
            {
                "time": "2017-10-24T15:38:04.142Z",
                "type": "START",
                "source": "hotkey",
                "_t": "09:38:04",
                "_end": "-",
                "data": {
                    "type": "run",
                    "time": 138.341148
                }
            },
            {
                "time": "2017-10-24T15:38:05.748Z",
                "type": "END",
                "source": "data:click:h_pos",
                "_t": "09:38:05",
                "_end": "-",
                "data": {
                    "lbl": {
                        "time": 138.341148,
                        "endTime": 142.66140003936567,
                        "type": "run",
                        "id": 2
                    }
                }
            },
            {
                "time": "2017-10-24T15:38:16.650Z",
                "type": "START",
                "source": "hotkey",
                "_t": "09:38:16",
                "_end": "-",
                "data": {
                    "type": "skip",
                    "time": 276.216774
                }
            },
            {
                "time": "2017-10-24T15:38:18.748Z",
                "type": "END",
                "source": "data:click:h_pos",
                "_t": "09:38:18",
                "_end": "-",
                "data": {
                    "lbl": {
                        "time": 276.216774,
                        "endTime": 288.11608888425707,
                        "type": "skip",
                        "id": 3
                    }
                }
            },
            {
                "time": "2017-10-24T15:38:23.818Z",
                "type": "START",
                "source": "hotkey",
                "_t": "09:38:23",
                "_end": "-",
                "data": {
                    "type": "run",
                    "time": 344.446958
                }
            },
            {
                "time": "2017-10-24T15:38:24.980Z",
                "type": "END",
                "source": "data:click:h_pos",
                "_t": "09:38:24",
                "_end": "-",
                "data": {
                    "lbl": {
                        "time": 344.446958,
                        "endTime": 349.02791490382174,
                        "type": "run",
                        "id": 4
                    }
                }
            },
            {
                "time": "2017-10-24T15:38:32.123Z",
                "type": "START",
                "source": "hotkey",
                "_t": "09:38:32",
                "_end": "-",
                "data": {
                    "type": "skip",
                    "time": 421.0197
                }
            },
            {
                "time": "2017-10-24T15:38:33.589Z",
                "type": "END",
                "source": "data:click:h_pos",
                "_t": "09:38:33",
                "_end": "-",
                "data": {
                    "lbl": {
                        "time": 421.0197,
                        "endTime": 433.66388592552516,
                        "type": "skip",
                        "id": 5
                    }
                }
            },
            {
                "time": "2017-10-24T15:38:39.051Z",
                "type": "START",
                "source": "hotkey",
                "_t": "09:38:39",
                "_end": "-",
                "data": {
                    "type": "run",
                    "time": 472.750992
                }
            },
            {
                "time": "2017-10-24T15:38:41.052Z",
                "type": "END",
                "source": "data:click:h_pos",
                "_t": "09:38:41",
                "_end": "-",
                "data": {
                    "lbl": {
                        "time": 472.750992,
                        "endTime": 477.6112755442987,
                        "type": "run",
                        "id": 6
                    }
                }
            },
            {
                "time": "2017-10-24T15:38:47.198Z",
                "type": "START",
                "source": "hotkey",
                "_t": "09:38:47",
                "_end": "-",
                "data": {
                    "type": "skip",
                    "time": 547.62915
                }
            },
            {
                "time": "2017-10-24T15:38:49.428Z",
                "type": "END",
                "source": "data:click:h_pos",
                "_t": "09:38:49",
                "_end": "-",
                "data": {
                    "lbl": {
                        "time": 547.62915,
                        "endTime": 560.1429834933032,
                        "type": "skip",
                        "id": 7
                    }
                }
            },
            {
                "time": "2017-10-24T15:38:55.787Z",
                "type": "START",
                "source": "hotkey",
                "_t": "09:38:55",
                "_end": "-",
                "data": {
                    "type": "skip",
                    "time": 596.306471
                }
            },
            {
                "time": "2017-10-24T15:38:57.885Z",
                "type": "END",
                "source": "data:click:h_pos",
                "_t": "09:38:57",
                "_end": "-",
                "data": {
                    "lbl": {
                        "time": 596.306471,
                        "endTime": 608.354760092572,
                        "type": "skip",
                        "id": 8
                    }
                }
            }
        ],
        "navigationEvents": [
            {
                "time": {
                    "start": "2017-10-24T15:37:26.606Z",
                    "end": "2017-10-24T15:37:38.985Z"
                },
                "type": "SCRUB",
                "source": "data:drag",
                "_t": "09:37:26",
                "_end": "09:37:38",
                "data": {
                    "time": 6.477831
                }
            },
            {
                "time": {
                    "start": "2017-10-24T15:37:26.606Z",
                    "end": "2017-10-24T15:37:40.442Z"
                },
                "type": "SCRUB",
                "source": "data:drag",
                "_t": "09:37:26",
                "_end": "09:37:40",
                "data": {
                    "time": 0
                }
            },
            {
                "time": {
                    "start": "2017-10-24T15:37:26.606Z",
                    "end": "2017-10-24T15:37:41.421Z"
                },
                "type": "SCRUB",
                "source": "data:drag",
                "_t": "09:37:26",
                "_end": "09:37:41",
                "data": {
                    "time": 5.26441
                }
            },
            {
                "time": {
                    "start": "2017-10-24T15:37:26.606Z",
                    "end": "2017-10-24T15:37:41.956Z"
                },
                "type": "SCRUB",
                "source": "data:drag",
                "_t": "09:37:26",
                "_end": "09:37:41",
                "data": {
                    "time": 15.578117
                }
            },
            {
                "time": {
                    "start": "2017-10-24T15:37:26.606Z",
                    "end": "2017-10-24T15:37:42.508Z"
                },
                "type": "SCRUB",
                "source": "data:drag",
                "_t": "09:37:26",
                "_end": "09:37:42",
                "data": {
                    "time": 40.789401
                }
            },
            {
                "time": {
                    "start": "2017-10-24T15:37:26.606Z",
                    "end": "2017-10-24T15:37:43.473Z"
                },
                "type": "SCRUB",
                "source": "data:drag",
                "_t": "09:37:26",
                "_end": "09:37:43",
                "data": {
                    "time": 61.709835
                }
            },
            {
                "time": {
                    "start": "2017-10-24T15:37:26.606Z",
                    "end": "2017-10-24T15:37:47.003Z"
                },
                "type": "SCRUB",
                "source": "data:drag",
                "_t": "09:37:26",
                "_end": "09:37:47",
                "data": {
                    "time": 60.114186
                }
            },
            {
                "time": {
                    "start": "2017-10-24T15:37:26.606Z",
                    "end": "2017-10-24T15:37:52.125Z"
                },
                "type": "SCRUB",
                "source": "data:drag",
                "_t": "09:37:26",
                "_end": "09:37:52",
                "data": {
                    "time": 62.818927
                }
            },
            {
                "time": "2017-10-24T15:37:52.410Z",
                "type": "PAUSE",
                "source": "hotkey",
                "_t": "09:37:52",
                "_end": "-",
                "data": {
                    "key": "space"
                }
            },
            {
                "time": {
                    "start": "2017-10-24T15:37:26.606Z",
                    "end": "2017-10-24T15:37:54.890Z"
                },
                "type": "SCRUB",
                "source": "data:drag",
                "_t": "09:37:26",
                "_end": "09:37:54",
                "data": {
                    "time": 63.03469
                }
            },
            {
                "time": {
                    "start": "2017-10-24T15:37:26.606Z",
                    "end": "2017-10-24T15:37:56.640Z"
                },
                "type": "SCRUB",
                "source": "data:drag",
                "_t": "09:37:26",
                "_end": "09:37:56",
                "data": {
                    "time": 69.96199
                }
            },
            {
                "time": {
                    "start": "2017-10-24T15:37:26.606Z",
                    "end": "2017-10-24T15:37:58.129Z"
                },
                "type": "SCRUB",
                "source": "data:drag",
                "_t": "09:37:26",
                "_end": "09:37:58",
                "data": {
                    "time": 69.96199
                }
            },
            {
                "time": {
                    "start": "2017-10-24T15:37:26.606Z",
                    "end": "2017-10-24T15:37:58.788Z"
                },
                "type": "SCRUB",
                "source": "data:drag",
                "_t": "09:37:26",
                "_end": "09:37:58",
                "data": {
                    "time": 80.967459
                }
            },
            {
                "time": {
                    "start": "2017-10-24T15:37:26.606Z",
                    "end": "2017-10-24T15:37:59.482Z"
                },
                "type": "SCRUB",
                "source": "data:drag",
                "_t": "09:37:26",
                "_end": "09:37:59",
                "data": {
                    "time": 96.889077
                }
            },
            {
                "time": {
                    "start": "2017-10-24T15:37:26.606Z",
                    "end": "2017-10-24T15:38:00.253Z"
                },
                "type": "SCRUB",
                "source": "data:drag",
                "_t": "09:37:26",
                "_end": "09:38:00",
                "data": {
                    "time": 115.827423
                }
            },
            {
                "time": {
                    "start": "2017-10-24T15:37:26.606Z",
                    "end": "2017-10-24T15:38:01.308Z"
                },
                "type": "SCRUB",
                "source": "data:drag",
                "_t": "09:37:26",
                "_end": "09:38:01",
                "data": {
                    "time": 130.557247
                }
            },
            {
                "time": {
                    "start": "2017-10-24T15:37:26.606Z",
                    "end": "2017-10-24T15:38:04.050Z"
                },
                "type": "SCRUB",
                "source": "data:drag",
                "_t": "09:37:26",
                "_end": "09:38:04",
                "data": {
                    "time": 138.341148
                }
            },
            {
                "time": {
                    "start": "2017-10-24T15:37:26.606Z",
                    "end": "2017-10-24T15:38:05.746Z"
                },
                "type": "SCRUB",
                "source": "data:drag",
                "_t": "09:37:26",
                "_end": "09:38:05",
                "data": {
                    "time": 138.341148
                }
            },
            {
                "time": {
                    "start": "2017-10-24T15:37:26.606Z",
                    "end": "2017-10-24T15:38:06.497Z"
                },
                "type": "SCRUB",
                "source": "data:drag",
                "_t": "09:37:26",
                "_end": "09:38:06",
                "data": {
                    "time": 153.443408
                }
            },
            {
                "time": {
                    "start": "2017-10-24T15:37:26.606Z",
                    "end": "2017-10-24T15:38:07.112Z"
                },
                "type": "SCRUB",
                "source": "data:drag",
                "_t": "09:37:26",
                "_end": "09:38:07",
                "data": {
                    "time": 169.346404
                }
            },
            {
                "time": {
                    "start": "2017-10-24T15:37:26.606Z",
                    "end": "2017-10-24T15:38:08.056Z"
                },
                "type": "SCRUB",
                "source": "data:drag",
                "_t": "09:37:26",
                "_end": "09:38:08",
                "data": {
                    "time": 190.984907
                }
            },
            {
                "time": {
                    "start": "2017-10-24T15:37:26.606Z",
                    "end": "2017-10-24T15:38:08.931Z"
                },
                "type": "SCRUB",
                "source": "data:drag",
                "_t": "09:37:26",
                "_end": "09:38:08",
                "data": {
                    "time": 210.016362
                }
            },
            {
                "time": {
                    "start": "2017-10-24T15:37:26.606Z",
                    "end": "2017-10-24T15:38:09.858Z"
                },
                "type": "SCRUB",
                "source": "data:drag",
                "_t": "09:37:26",
                "_end": "09:38:09",
                "data": {
                    "time": 228.991951
                }
            },
            {
                "time": {
                    "start": "2017-10-24T15:37:26.606Z",
                    "end": "2017-10-24T15:38:11.383Z"
                },
                "type": "SCRUB",
                "source": "data:drag",
                "_t": "09:37:26",
                "_end": "09:38:11",
                "data": {
                    "time": 245.65844
                }
            },
            {
                "time": {
                    "start": "2017-10-24T15:37:26.606Z",
                    "end": "2017-10-24T15:38:12.279Z"
                },
                "type": "SCRUB",
                "source": "data:drag",
                "_t": "09:37:26",
                "_end": "09:38:12",
                "data": {
                    "time": 261.691789
                }
            },
            {
                "time": {
                    "start": "2017-10-24T15:37:26.606Z",
                    "end": "2017-10-24T15:38:16.537Z"
                },
                "type": "SCRUB",
                "source": "data:drag",
                "_t": "09:37:26",
                "_end": "09:38:16",
                "data": {
                    "time": 276.216774
                }
            },
            {
                "time": {
                    "start": "2017-10-24T15:37:26.606Z",
                    "end": "2017-10-24T15:38:18.745Z"
                },
                "type": "SCRUB",
                "source": "data:drag",
                "_t": "09:37:26",
                "_end": "09:38:18",
                "data": {
                    "time": 276.216774
                }
            },
            {
                "time": {
                    "start": "2017-10-24T15:37:26.606Z",
                    "end": "2017-10-24T15:38:19.602Z"
                },
                "type": "SCRUB",
                "source": "data:drag",
                "_t": "09:37:26",
                "_end": "09:38:19",
                "data": {
                    "time": 292.883263
                }
            },
            {
                "time": {
                    "start": "2017-10-24T15:37:26.606Z",
                    "end": "2017-10-24T15:38:20.435Z"
                },
                "type": "SCRUB",
                "source": "data:drag",
                "_t": "09:37:26",
                "_end": "09:38:20",
                "data": {
                    "time": 308.600041
                }
            },
            {
                "time": {
                    "start": "2017-10-24T15:37:26.606Z",
                    "end": "2017-10-24T15:38:21.458Z"
                },
                "type": "SCRUB",
                "source": "data:drag",
                "_t": "09:37:26",
                "_end": "09:38:21",
                "data": {
                    "time": 328.394988
                }
            },
            {
                "time": {
                    "start": "2017-10-24T15:37:26.606Z",
                    "end": "2017-10-24T15:38:23.697Z"
                },
                "type": "SCRUB",
                "source": "data:drag",
                "_t": "09:37:26",
                "_end": "09:38:23",
                "data": {
                    "time": 344.446958
                }
            },
            {
                "time": {
                    "start": "2017-10-24T15:37:26.606Z",
                    "end": "2017-10-24T15:38:24.978Z"
                },
                "type": "SCRUB",
                "source": "data:drag",
                "_t": "09:37:26",
                "_end": "09:38:24",
                "data": {
                    "time": 344.446958
                }
            },
            {
                "time": {
                    "start": "2017-10-24T15:37:26.606Z",
                    "end": "2017-10-24T15:38:25.848Z"
                },
                "type": "SCRUB",
                "source": "data:drag",
                "_t": "09:37:26",
                "_end": "09:38:25",
                "data": {
                    "time": 362.808029
                }
            },
            {
                "time": {
                    "start": "2017-10-24T15:37:26.606Z",
                    "end": "2017-10-24T15:38:26.579Z"
                },
                "type": "SCRUB",
                "source": "data:drag",
                "_t": "09:37:26",
                "_end": "09:38:26",
                "data": {
                    "time": 381.336696
                }
            },
            {
                "time": {
                    "start": "2017-10-24T15:37:26.606Z",
                    "end": "2017-10-24T15:38:27.347Z"
                },
                "type": "SCRUB",
                "source": "data:drag",
                "_t": "09:37:26",
                "_end": "09:38:27",
                "data": {
                    "time": 398.282512
                }
            },
            {
                "time": {
                    "start": "2017-10-24T15:37:26.606Z",
                    "end": "2017-10-24T15:38:28.308Z"
                },
                "type": "SCRUB",
                "source": "data:drag",
                "_t": "09:37:26",
                "_end": "09:38:28",
                "data": {
                    "time": 415.060732
                }
            },
            {
                "time": {
                    "start": "2017-10-24T15:37:26.606Z",
                    "end": "2017-10-24T15:38:31.881Z"
                },
                "type": "SCRUB",
                "source": "data:drag",
                "_t": "09:37:26",
                "_end": "09:38:31",
                "data": {
                    "time": 421.0197
                }
            },
            {
                "time": {
                    "start": "2017-10-24T15:37:26.606Z",
                    "end": "2017-10-24T15:38:33.586Z"
                },
                "type": "SCRUB",
                "source": "data:drag",
                "_t": "09:37:26",
                "_end": "09:38:33",
                "data": {
                    "time": 421.0197
                }
            },
            {
                "time": {
                    "start": "2017-10-24T15:37:26.606Z",
                    "end": "2017-10-24T15:38:34.468Z"
                },
                "type": "SCRUB",
                "source": "data:drag",
                "_t": "09:37:26",
                "_end": "09:38:34",
                "data": {
                    "time": 435.246736
                }
            },
            {
                "time": {
                    "start": "2017-10-24T15:37:26.606Z",
                    "end": "2017-10-24T15:38:35.728Z"
                },
                "type": "SCRUB",
                "source": "data:drag",
                "_t": "09:37:26",
                "_end": "09:38:35",
                "data": {
                    "time": 448.673036
                }
            },
            {
                "time": {
                    "start": "2017-10-24T15:37:26.606Z",
                    "end": "2017-10-24T15:38:36.506Z"
                },
                "type": "SCRUB",
                "source": "data:drag",
                "_t": "09:37:26",
                "_end": "09:38:36",
                "data": {
                    "time": 465.022955
                }
            },
            {
                "time": {
                    "start": "2017-10-24T15:37:26.606Z",
                    "end": "2017-10-24T15:38:38.915Z"
                },
                "type": "SCRUB",
                "source": "data:drag",
                "_t": "09:37:26",
                "_end": "09:38:38",
                "data": {
                    "time": 472.750992
                }
            },
            {
                "time": {
                    "start": "2017-10-24T15:37:26.606Z",
                    "end": "2017-10-24T15:38:41.049Z"
                },
                "type": "SCRUB",
                "source": "data:drag",
                "_t": "09:37:26",
                "_end": "09:38:41",
                "data": {
                    "time": 472.750992
                }
            },
            {
                "time": {
                    "start": "2017-10-24T15:37:26.606Z",
                    "end": "2017-10-24T15:38:42.363Z"
                },
                "type": "SCRUB",
                "source": "data:drag",
                "_t": "09:37:26",
                "_end": "09:38:42",
                "data": {
                    "time": 489.287129
                }
            },
            {
                "time": {
                    "start": "2017-10-24T15:37:26.606Z",
                    "end": "2017-10-24T15:38:43.183Z"
                },
                "type": "SCRUB",
                "source": "data:drag",
                "_t": "09:37:26",
                "_end": "09:38:43",
                "data": {
                    "time": 506.754354
                }
            },
            {
                "time": {
                    "start": "2017-10-24T15:37:26.606Z",
                    "end": "2017-10-24T15:38:44.198Z"
                },
                "type": "SCRUB",
                "source": "data:drag",
                "_t": "09:37:26",
                "_end": "09:38:44",
                "data": {
                    "time": 524.631258
                }
            },
            {
                "time": {
                    "start": "2017-10-24T15:37:26.606Z",
                    "end": "2017-10-24T15:38:45.203Z"
                },
                "type": "SCRUB",
                "source": "data:drag",
                "_t": "09:37:26",
                "_end": "09:38:45",
                "data": {
                    "time": 541.968131
                }
            },
            {
                "time": {
                    "start": "2017-10-24T15:37:26.606Z",
                    "end": "2017-10-24T15:38:46.946Z"
                },
                "type": "SCRUB",
                "source": "data:drag",
                "_t": "09:37:26",
                "_end": "09:38:46",
                "data": {
                    "time": 547.62915
                }
            },
            {
                "time": {
                    "start": "2017-10-24T15:37:26.606Z",
                    "end": "2017-10-24T15:38:49.426Z"
                },
                "type": "SCRUB",
                "source": "data:drag",
                "_t": "09:37:26",
                "_end": "09:38:49",
                "data": {
                    "time": 547.62915
                }
            },
            {
                "time": {
                    "start": "2017-10-24T15:37:26.606Z",
                    "end": "2017-10-24T15:38:50.233Z"
                },
                "type": "SCRUB",
                "source": "data:drag",
                "_t": "09:37:26",
                "_end": "09:38:50",
                "data": {
                    "time": 563.141089
                }
            },
            {
                "time": {
                    "start": "2017-10-24T15:37:26.606Z",
                    "end": "2017-10-24T15:38:50.964Z"
                },
                "type": "SCRUB",
                "source": "data:drag",
                "_t": "09:37:26",
                "_end": "09:38:50",
                "data": {
                    "time": 576.399793
                }
            },
            {
                "time": {
                    "start": "2017-10-24T15:37:26.606Z",
                    "end": "2017-10-24T15:38:53.650Z"
                },
                "type": "SCRUB",
                "source": "data:drag",
                "_t": "09:37:26",
                "_end": "09:38:53",
                "data": {
                    "time": 596.306471
                }
            },
            {
                "time": {
                    "start": "2017-10-24T15:37:26.606Z",
                    "end": "2017-10-24T15:38:57.882Z"
                },
                "type": "SCRUB",
                "source": "data:drag",
                "_t": "09:37:26",
                "_end": "09:38:57",
                "data": {
                    "time": 596.306471
                }
            },
            {
                "time": {
                    "start": "2017-10-24T15:37:26.606Z",
                    "end": "2017-10-24T15:38:59.486Z"
                },
                "type": "SCRUB",
                "source": "data:drag",
                "_t": "09:37:26",
                "_end": "09:38:59",
                "data": {
                    "time": 612.600525
                }
            },
            {
                "time": {
                    "start": "2017-10-24T15:37:26.606Z",
                    "end": "2017-10-24T15:39:00.719Z"
                },
                "type": "SCRUB",
                "source": "data:drag",
                "_t": "09:37:26",
                "_end": "09:39:00",
                "data": {
                    "time": 628.875957
                }
            },
            {
                "time": {
                    "start": "2017-10-24T15:37:26.606Z",
                    "end": "2017-10-24T15:39:03.351Z"
                },
                "type": "SCRUB",
                "source": "data:drag",
                "_t": "09:37:26",
                "_end": "09:39:03",
                "data": {
                    "time": 611.148026
                }
            },
            {
                "time": {
                    "start": "2017-10-24T15:37:26.606Z",
                    "end": "2017-10-24T15:39:05.009Z"
                },
                "type": "SCRUB",
                "source": "data:drag",
                "_t": "09:37:26",
                "_end": "09:39:05",
                "data": {
                    "time": 571.781591
                }
            },
            {
                "time": {
                    "start": "2017-10-24T15:37:26.606Z",
                    "end": "2017-10-24T15:39:08.882Z"
                },
                "type": "SCRUB",
                "source": "data:drag",
                "_t": "09:37:26",
                "_end": "09:39:08",
                "data": {
                    "time": 543.178543
                }
            },
            {
                "time": {
                    "start": "2017-10-24T15:37:26.606Z",
                    "end": "2017-10-24T15:39:10.243Z"
                },
                "type": "SCRUB",
                "source": "data:drag",
                "_t": "09:37:26",
                "_end": "09:39:10",
                "data": {
                    "time": 520.534463
                }
            },
            {
                "time": {
                    "start": "2017-10-24T15:37:26.606Z",
                    "end": "2017-10-24T15:39:11.409Z"
                },
                "type": "SCRUB",
                "source": "data:drag",
                "_t": "09:37:26",
                "_end": "09:39:11",
                "data": {
                    "time": 499.808425
                }
            },
            {
                "time": {
                    "start": "2017-10-24T15:37:26.606Z",
                    "end": "2017-10-24T15:39:13.593Z"
                },
                "type": "SCRUB",
                "source": "data:drag",
                "_t": "09:37:26",
                "_end": "09:39:13",
                "data": {
                    "time": 476.084282
                }
            },
            {
                "time": {
                    "start": "2017-10-24T15:37:26.606Z",
                    "end": "2017-10-24T15:39:15.860Z"
                },
                "type": "SCRUB",
                "source": "data:drag",
                "_t": "09:37:26",
                "_end": "09:39:15",
                "data": {
                    "time": 449.585494
                }
            },
            {
                "time": {
                    "start": "2017-10-24T15:37:26.606Z",
                    "end": "2017-10-24T15:39:16.801Z"
                },
                "type": "SCRUB",
                "source": "data:drag",
                "_t": "09:37:26",
                "_end": "09:39:16",
                "data": {
                    "time": 425.284076
                }
            },
            {
                "time": {
                    "start": "2017-10-24T15:37:26.606Z",
                    "end": "2017-10-24T15:39:21.746Z"
                },
                "type": "SCRUB",
                "source": "data:drag",
                "_t": "09:37:26",
                "_end": "09:39:21",
                "data": {
                    "time": 403.403489
                }
            },
            {
                "time": {
                    "start": "2017-10-24T15:37:26.606Z",
                    "end": "2017-10-24T15:39:22.924Z"
                },
                "type": "SCRUB",
                "source": "data:drag",
                "_t": "09:37:26",
                "_end": "09:39:22",
                "data": {
                    "time": 384.688604
                }
            },
            {
                "time": {
                    "start": "2017-10-24T15:37:26.606Z",
                    "end": "2017-10-24T15:39:28.604Z"
                },
                "type": "SCRUB",
                "source": "data:drag",
                "_t": "09:37:26",
                "_end": "09:39:28",
                "data": {
                    "time": 360.815487
                }
            },
            {
                "time": {
                    "start": "2017-10-24T15:37:26.606Z",
                    "end": "2017-10-24T15:39:30.418Z"
                },
                "type": "SCRUB",
                "source": "data:drag",
                "_t": "09:37:26",
                "_end": "09:39:30",
                "data": {
                    "time": 350.0521
                }
            },
            {
                "time": {
                    "start": "2017-10-24T15:37:26.606Z",
                    "end": "2017-10-24T15:39:33.979Z"
                },
                "type": "SCRUB",
                "source": "data:drag",
                "_t": "09:37:26",
                "_end": "09:39:33",
                "data": {
                    "time": 312.73406
                }
            },
            {
                "time": {
                    "start": "2017-10-24T15:37:26.606Z",
                    "end": "2017-10-24T15:39:35.973Z"
                },
                "type": "SCRUB",
                "source": "data:drag",
                "_t": "09:37:26",
                "_end": "09:39:35",
                "data": {
                    "time": 300.294713
                }
            },
            {
                "time": {
                    "start": "2017-10-24T15:37:26.606Z",
                    "end": "2017-10-24T15:39:38.187Z"
                },
                "type": "SCRUB",
                "source": "data:drag",
                "_t": "09:37:26",
                "_end": "09:39:38",
                "data": {
                    "time": 274.242848
                }
            },
            {
                "time": {
                    "start": "2017-10-24T15:37:26.606Z",
                    "end": "2017-10-24T15:39:40.310Z"
                },
                "type": "SCRUB",
                "source": "data:drag",
                "_t": "09:37:26",
                "_end": "09:39:40",
                "data": {
                    "time": 240.779516
                }
            },
            {
                "time": {
                    "start": "2017-10-24T15:37:26.606Z",
                    "end": "2017-10-24T15:39:41.632Z"
                },
                "type": "SCRUB",
                "source": "data:drag",
                "_t": "09:37:26",
                "_end": "09:39:41",
                "data": {
                    "time": 210.407399
                }
            },
            {
                "time": {
                    "start": "2017-10-24T15:37:26.606Z",
                    "end": "2017-10-24T15:39:42.860Z"
                },
                "type": "SCRUB",
                "source": "data:drag",
                "_t": "09:37:26",
                "_end": "09:39:42",
                "data": {
                    "time": 174.951537
                }
            }
        ]
    }
}