{
    "user_id": "011",
    "session_id": "59ec2726227e0c69a0245634",
    "study": "studyA",
    "workspace": "newrun.run-pink",
    "details": {
        "workspace": "newrun.run-pink",
        "labels": [
            {
                "time": 62.99567,
                "endTime": 73.93445048780606,
                "type": "skip",
                "id": 1
            },
            {
                "time": 138.108628,
                "endTime": 142.9529450731713,
                "type": "run",
                "id": 2
            },
            {
                "time": 276.406065,
                "endTime": 288.43872353659765,
                "type": "skip",
                "id": 3
            },
            {
                "time": 344.226503,
                "endTime": 349.17499893495085,
                "type": "run",
                "id": 4
            },
            {
                "time": 420.641697,
                "endTime": 433.9765913089324,
                "type": "skip",
                "id": 5
            },
            {
                "time": 472.731127,
                "endTime": 477.992159520321,
                "type": "run",
                "id": 6
            },
            {
                "time": 547.42737,
                "endTime": 560.6059960162736,
                "type": "skip",
                "id": 7
            },
            {
                "time": 595.922629,
                "endTime": 608.6324501382012,
                "type": "skip",
                "id": 8
            }
        ],
        "_starts": [
            "2017-10-24T16:39:19.000Z"
        ],
        "_ends": [
            "2017-10-24T16:40:27.593Z"
        ]
    },
    "labels_file": "/home/ubuntu/vat/data/user-studies/studyA/run-pink/011.labels.json",
    "videoFlash": 3.300376,
    "surveys": {
        "user-info": {
            "firstname": "Jonah",
            "lastname": "Bateman",
            "email": "jonah@batemans.org"
        },
        "practice-first": {
            "question1": "2",
            "question2": "ok",
            "question3": "100",
            "question4": "0"
        },
        "practice-second": {},
        "practice-third": {},
        "practice-survey": {},
        "run-blue": {
            "question1": "2",
            "question2": "1",
            "question3": "100",
            "question4": "100"
        },
        "run-yellow": {
            "question1": "0",
            "question2": "1",
            "question3": "100",
            "question4": "90"
        },
        "run-red": {
            "question1": "-1",
            "question2": "1",
            "question3": "40",
            "question4": "80"
        },
        "run-survey": {
            "question1": "2",
            "question2": "-1",
            "question3": "2",
            "question4": "1"
        },
        "pill-blue": {
            "question1": "2",
            "question2": "2",
            "question3": "100",
            "question4": "100"
        },
        "pill-red": {
            "question1": "2",
            "question2": "2",
            "question3": "100",
            "question4": "100"
        },
        "pill-orange": {
            "question1": "1",
            "question2": "1",
            "question3": "100",
            "question4": "80"
        },
        "pills-survey": {
            "question1": "2",
            "question2": "-1",
            "question3": "2",
            "question4": "1"
        }
    },
    "logs": {
        "labelEvents": [
            {
                "time": "2017-10-24T16:39:38.973Z",
                "type": "START",
                "source": "hotkey",
                "_t": "10:39:38",
                "_end": "-",
                "data": {
                    "type": "skip",
                    "time": 62.99567
                }
            },
            {
                "time": "2017-10-24T16:39:40.241Z",
                "type": "END",
                "source": "data:click:h_pos",
                "_t": "10:39:40",
                "_end": "-",
                "data": {
                    "lbl": {
                        "time": 62.99567,
                        "endTime": 73.93445048780606,
                        "type": "skip",
                        "id": 1
                    }
                }
            },
            {
                "time": "2017-10-24T16:39:47.045Z",
                "type": "START",
                "source": "hotkey",
                "_t": "10:39:47",
                "_end": "-",
                "data": {
                    "type": "run",
                    "time": 138.108628
                }
            },
            {
                "time": "2017-10-24T16:39:48.081Z",
                "type": "END",
                "source": "data:click:h_pos",
                "_t": "10:39:48",
                "_end": "-",
                "data": {
                    "lbl": {
                        "time": 138.108628,
                        "endTime": 142.9529450731713,
                        "type": "run",
                        "id": 2
                    }
                }
            },
            {
                "time": "2017-10-24T16:39:52.735Z",
                "type": "START",
                "source": "hotkey",
                "_t": "10:39:52",
                "_end": "-",
                "data": {
                    "type": "skip",
                    "time": 276.406065
                }
            },
            {
                "time": "2017-10-24T16:39:53.353Z",
                "type": "END",
                "source": "data:click:h_pos",
                "_t": "10:39:53",
                "_end": "-",
                "data": {
                    "lbl": {
                        "time": 276.406065,
                        "endTime": 288.43872353659765,
                        "type": "skip",
                        "id": 3
                    }
                }
            },
            {
                "time": "2017-10-24T16:39:57.718Z",
                "type": "START",
                "source": "hotkey",
                "_t": "10:39:57",
                "_end": "-",
                "data": {
                    "type": "run",
                    "time": 344.226503
                }
            },
            {
                "time": "2017-10-24T16:39:59.449Z",
                "type": "END",
                "source": "data:click:h_pos",
                "_t": "10:39:59",
                "_end": "-",
                "data": {
                    "lbl": {
                        "time": 344.226503,
                        "endTime": 349.17499893495085,
                        "type": "run",
                        "id": 4
                    }
                }
            },
            {
                "time": "2017-10-24T16:40:03.189Z",
                "type": "START",
                "source": "hotkey",
                "_t": "10:40:03",
                "_end": "-",
                "data": {
                    "type": "skip",
                    "time": 420.641697
                }
            },
            {
                "time": "2017-10-24T16:40:03.857Z",
                "type": "END",
                "source": "data:click:h_pos",
                "_t": "10:40:03",
                "_end": "-",
                "data": {
                    "lbl": {
                        "time": 420.641697,
                        "endTime": 433.9765913089324,
                        "type": "skip",
                        "id": 5
                    }
                }
            },
            {
                "time": "2017-10-24T16:40:08.222Z",
                "type": "START",
                "source": "hotkey",
                "_t": "10:40:08",
                "_end": "-",
                "data": {
                    "type": "run",
                    "time": 472.731127
                }
            },
            {
                "time": "2017-10-24T16:40:11.137Z",
                "type": "END",
                "source": "data:click:h_pos",
                "_t": "10:40:11",
                "_end": "-",
                "data": {
                    "lbl": {
                        "time": 472.731127,
                        "endTime": 477.992159520321,
                        "type": "run",
                        "id": 6
                    }
                }
            },
            {
                "time": "2017-10-24T16:40:17.941Z",
                "type": "START",
                "source": "hotkey",
                "_t": "10:40:17",
                "_end": "-",
                "data": {
                    "type": "skip",
                    "time": 547.42737
                }
            },
            {
                "time": "2017-10-24T16:40:18.786Z",
                "type": "END",
                "source": "data:click:h_pos",
                "_t": "10:40:18",
                "_end": "-",
                "data": {
                    "lbl": {
                        "time": 547.42737,
                        "endTime": 560.6059960162736,
                        "type": "skip",
                        "id": 7
                    }
                }
            },
            {
                "time": "2017-10-24T16:40:23.408Z",
                "type": "START",
                "source": "hotkey",
                "_t": "10:40:23",
                "_end": "-",
                "data": {
                    "type": "skip",
                    "time": 595.922629
                }
            },
            {
                "time": "2017-10-24T16:40:24.393Z",
                "type": "END",
                "source": "data:click:h_pos",
                "_t": "10:40:24",
                "_end": "-",
                "data": {
                    "lbl": {
                        "time": 595.922629,
                        "endTime": 608.6324501382012,
                        "type": "skip",
                        "id": 8
                    }
                }
            }
        ],
        "navigationEvents": [
            {
                "time": "2017-10-24T16:39:32.939Z",
                "type": "PAUSE",
                "source": "video:button",
                "_t": "10:39:32",
                "_end": "-"
            },
            {
                "time": {
                    "start": "2017-10-24T16:39:19.215Z",
                    "end": "2017-10-24T16:39:35.343Z"
                },
                "type": "SCRUB",
                "source": "data:drag",
                "_t": "10:39:19",
                "_end": "10:39:35",
                "data": {
                    "time": 45.962427
                }
            },
            {
                "time": {
                    "start": "2017-10-24T16:39:19.215Z",
                    "end": "2017-10-24T16:39:37.751Z"
                },
                "type": "SCRUB",
                "source": "data:drag",
                "_t": "10:39:19",
                "_end": "10:39:37",
                "data": {
                    "time": 62.99567
                }
            },
            {
                "time": {
                    "start": "2017-10-24T16:39:19.215Z",
                    "end": "2017-10-24T16:39:40.239Z"
                },
                "type": "SCRUB",
                "source": "data:drag",
                "_t": "10:39:19",
                "_end": "10:39:40",
                "data": {
                    "time": 62.99567
                }
            },
            {
                "time": {
                    "start": "2017-10-24T16:39:19.215Z",
                    "end": "2017-10-24T16:39:41.494Z"
                },
                "type": "SCRUB",
                "source": "data:drag",
                "_t": "10:39:19",
                "_end": "10:39:41",
                "data": {
                    "time": 103.052442
                }
            },
            {
                "time": {
                    "start": "2017-10-24T16:39:19.215Z",
                    "end": "2017-10-24T16:39:44.360Z"
                },
                "type": "SCRUB",
                "source": "data:drag",
                "_t": "10:39:19",
                "_end": "10:39:44",
                "data": {
                    "time": 138.316986
                }
            },
            {
                "time": {
                    "start": "2017-10-24T16:39:19.215Z",
                    "end": "2017-10-24T16:39:46.906Z"
                },
                "type": "SCRUB",
                "source": "data:drag",
                "_t": "10:39:19",
                "_end": "10:39:46",
                "data": {
                    "time": 138.108628
                }
            },
            {
                "time": {
                    "start": "2017-10-24T16:39:19.215Z",
                    "end": "2017-10-24T16:39:48.079Z"
                },
                "type": "SCRUB",
                "source": "data:drag",
                "_t": "10:39:19",
                "_end": "10:39:48",
                "data": {
                    "time": 138.108628
                }
            },
            {
                "time": {
                    "start": "2017-10-24T16:39:19.215Z",
                    "end": "2017-10-24T16:39:49.096Z"
                },
                "type": "SCRUB",
                "source": "data:drag",
                "_t": "10:39:19",
                "_end": "10:39:49",
                "data": {
                    "time": 188.010302
                }
            },
            {
                "time": {
                    "start": "2017-10-24T16:39:19.215Z",
                    "end": "2017-10-24T16:39:50.257Z"
                },
                "type": "SCRUB",
                "source": "data:drag",
                "_t": "10:39:19",
                "_end": "10:39:50",
                "data": {
                    "time": 242.600025
                }
            },
            {
                "time": {
                    "start": "2017-10-24T16:39:19.215Z",
                    "end": "2017-10-24T16:39:52.087Z"
                },
                "type": "SCRUB",
                "source": "data:drag",
                "_t": "10:39:19",
                "_end": "10:39:52",
                "data": {
                    "time": 276.406065
                }
            },
            {
                "time": {
                    "start": "2017-10-24T16:39:19.215Z",
                    "end": "2017-10-24T16:39:53.351Z"
                },
                "type": "SCRUB",
                "source": "data:drag",
                "_t": "10:39:19",
                "_end": "10:39:53",
                "data": {
                    "time": 276.406065
                }
            },
            {
                "time": {
                    "start": "2017-10-24T16:39:19.215Z",
                    "end": "2017-10-24T16:39:54.211Z"
                },
                "type": "SCRUB",
                "source": "data:drag",
                "_t": "10:39:19",
                "_end": "10:39:54",
                "data": {
                    "time": 317.608804
                }
            },
            {
                "time": {
                    "start": "2017-10-24T16:39:19.215Z",
                    "end": "2017-10-24T16:39:57.465Z"
                },
                "type": "SCRUB",
                "source": "data:drag",
                "_t": "10:39:19",
                "_end": "10:39:57",
                "data": {
                    "time": 344.226503
                }
            },
            {
                "time": {
                    "start": "2017-10-24T16:39:19.215Z",
                    "end": "2017-10-24T16:39:59.446Z"
                },
                "type": "SCRUB",
                "source": "data:drag",
                "_t": "10:39:19",
                "_end": "10:39:59",
                "data": {
                    "time": 344.226503
                }
            },
            {
                "time": {
                    "start": "2017-10-24T16:39:19.215Z",
                    "end": "2017-10-24T16:40:00.313Z"
                },
                "type": "SCRUB",
                "source": "data:drag",
                "_t": "10:39:19",
                "_end": "10:40:00",
                "data": {
                    "time": 382.408055
                }
            },
            {
                "time": {
                    "start": "2017-10-24T16:39:19.215Z",
                    "end": "2017-10-24T16:40:02.615Z"
                },
                "type": "SCRUB",
                "source": "data:drag",
                "_t": "10:39:19",
                "_end": "10:40:02",
                "data": {
                    "time": 420.641697
                }
            },
            {
                "time": {
                    "start": "2017-10-24T16:39:19.215Z",
                    "end": "2017-10-24T16:40:03.855Z"
                },
                "type": "SCRUB",
                "source": "data:drag",
                "_t": "10:39:19",
                "_end": "10:40:03",
                "data": {
                    "time": 420.641697
                }
            },
            {
                "time": {
                    "start": "2017-10-24T16:39:19.215Z",
                    "end": "2017-10-24T16:40:07.284Z"
                },
                "type": "SCRUB",
                "source": "data:drag",
                "_t": "10:39:19",
                "_end": "10:40:07",
                "data": {
                    "time": 472.731127
                }
            },
            {
                "time": {
                    "start": "2017-10-24T16:39:19.215Z",
                    "end": "2017-10-24T16:40:11.134Z"
                },
                "type": "SCRUB",
                "source": "data:drag",
                "_t": "10:39:19",
                "_end": "10:40:11",
                "data": {
                    "time": 472.731127
                }
            },
            {
                "time": {
                    "start": "2017-10-24T16:39:19.215Z",
                    "end": "2017-10-24T16:40:14.869Z"
                },
                "type": "SCRUB",
                "source": "data:drag",
                "_t": "10:39:19",
                "_end": "10:40:14",
                "data": {
                    "time": 520.184598
                }
            },
            {
                "time": {
                    "start": "2017-10-24T16:39:19.215Z",
                    "end": "2017-10-24T16:40:17.412Z"
                },
                "type": "SCRUB",
                "source": "data:drag",
                "_t": "10:39:19",
                "_end": "10:40:17",
                "data": {
                    "time": 547.42737
                }
            },
            {
                "time": {
                    "start": "2017-10-24T16:39:19.215Z",
                    "end": "2017-10-24T16:40:18.783Z"
                },
                "type": "SCRUB",
                "source": "data:drag",
                "_t": "10:39:19",
                "_end": "10:40:18",
                "data": {
                    "time": 547.42737
                }
            },
            {
                "time": {
                    "start": "2017-10-24T16:39:19.215Z",
                    "end": "2017-10-24T16:40:20.183Z"
                },
                "type": "SCRUB",
                "source": "data:drag",
                "_t": "10:39:19",
                "_end": "10:40:20",
                "data": {
                    "time": 588.369662
                }
            },
            {
                "time": {
                    "start": "2017-10-24T16:39:19.215Z",
                    "end": "2017-10-24T16:40:22.573Z"
                },
                "type": "SCRUB",
                "source": "data:drag",
                "_t": "10:39:19",
                "_end": "10:40:22",
                "data": {
                    "time": 595.922629
                }
            },
            {
                "time": {
                    "start": "2017-10-24T16:39:19.215Z",
                    "end": "2017-10-24T16:40:24.391Z"
                },
                "type": "SCRUB",
                "source": "data:drag",
                "_t": "10:39:19",
                "_end": "10:40:24",
                "data": {
                    "time": 595.922629
                }
            },
            {
                "time": {
                    "start": "2017-10-24T16:39:19.215Z",
                    "end": "2017-10-24T16:40:26.302Z"
                },
                "type": "SCRUB",
                "source": "data:drag",
                "_t": "10:39:19",
                "_end": "10:40:26",
                "data": {
                    "time": 640.7
                }
            }
        ]
    }
}