{
    "user_id": "025",
    "session_id": "59ef90a75efd4d725417b86c",
    "study": "studyA",
    "workspace": "newrun.run-pink",
    "details": {
        "workspace": "newrun.run-pink",
        "labels": [
            {
                "time": 63.151357,
                "endTime": 73.81048445598675,
                "type": "skip",
                "id": 1
            },
            {
                "time": 138.402114,
                "endTime": 142.6255509158559,
                "type": "run",
                "id": 2
            },
            {
                "time": 276.448166,
                "endTime": 288.3341241774755,
                "type": "skip",
                "id": 3
            },
            {
                "time": 344.566169,
                "endTime": 349.2722844205233,
                "type": "run",
                "id": 4
            },
            {
                "time": 421.070711,
                "endTime": 433.86169137374,
                "type": "skip",
                "id": 5
            },
            {
                "time": 472.777645,
                "endTime": 477.72509967286555,
                "type": "run",
                "id": 6
            },
            {
                "time": 547.351472,
                "endTime": 560.444126439148,
                "type": "skip",
                "id": 7
            },
            {
                "time": 596.041666,
                "endTime": 608.7119767475825,
                "type": "skip",
                "id": 8
            }
        ],
        "_starts": [
            "2017-10-24T19:42:14.000Z"
        ],
        "_ends": [
            "2017-10-24T19:44:43.703Z"
        ]
    },
    "labels_file": "/home/ubuntu/vat/data/user-studies/studyA/run-pink/025.labels.json",
    "videoFlash": 3.300376,
    "surveys": {
        "user-info": {
            "firstname": "Sterling",
            "lastname": "Suggs",
            "email": "jsmitherson2@gmail.com"
        },
        "practice-first": {
            "question1": "1",
            "question2": "ok",
            "question3": "70",
            "question4": "1"
        },
        "practice-second": {},
        "practice-third": {},
        "practice-survey": {},
        "run-blue": {
            "question1": "2",
            "question2": "2",
            "question3": "100",
            "question4": "100"
        },
        "run-yellow": {
            "question1": "2",
            "question2": "2",
            "question3": "100",
            "question4": "100"
        },
        "run-red": {
            "question1": "-1",
            "question2": "1",
            "question3": "50",
            "question4": "90"
        },
        "run-survey": {
            "question1": "2",
            "question2": "-1",
            "question3": "1",
            "question4": "1"
        },
        "pill-blue": {
            "question1": "2",
            "question2": "2",
            "question3": "100",
            "question4": "100"
        },
        "pill-red": {
            "question1": "2",
            "question2": "2",
            "question3": "100",
            "question4": "100"
        },
        "pill-orange": {
            "question1": "0",
            "question2": "1",
            "question3": "80",
            "question4": "90"
        },
        "pills-survey": {
            "question1": "2",
            "question2": "-1",
            "question3": "1",
            "question4": "1"
        }
    },
    "logs": {
        "labelEvents": [
            {
                "time": "2017-10-24T19:42:41.329Z",
                "type": "START",
                "source": "hotkey",
                "_t": "13:42:41",
                "_end": "-",
                "data": {
                    "type": "skip",
                    "time": 63.151357
                }
            },
            {
                "time": "2017-10-24T19:42:43.294Z",
                "type": "END",
                "source": "data:click:h_pos",
                "_t": "13:42:43",
                "_end": "-",
                "data": {
                    "lbl": {
                        "time": 63.151357,
                        "endTime": 73.81048445598675,
                        "type": "skip",
                        "id": 1
                    }
                }
            },
            {
                "time": "2017-10-24T19:42:51.196Z",
                "type": "START",
                "source": "hotkey",
                "_t": "13:42:51",
                "_end": "-",
                "data": {
                    "type": "run",
                    "time": 138.402114
                }
            },
            {
                "time": "2017-10-24T19:42:54.038Z",
                "type": "END",
                "source": "data:click:h_pos",
                "_t": "13:42:54",
                "_end": "-",
                "data": {
                    "lbl": {
                        "time": 138.402114,
                        "endTime": 142.6255509158559,
                        "type": "run",
                        "id": 2
                    }
                }
            },
            {
                "time": "2017-10-24T19:43:00.744Z",
                "type": "START",
                "source": "hotkey",
                "_t": "13:43:00",
                "_end": "-",
                "data": {
                    "type": "skip",
                    "time": 276.448166
                }
            },
            {
                "time": "2017-10-24T19:43:03.022Z",
                "type": "END",
                "source": "data:click:h_pos",
                "_t": "13:43:03",
                "_end": "-",
                "data": {
                    "lbl": {
                        "time": 276.448166,
                        "endTime": 288.3341241774755,
                        "type": "skip",
                        "id": 3
                    }
                }
            },
            {
                "time": "2017-10-24T19:43:06.669Z",
                "type": "START",
                "source": "hotkey",
                "_t": "13:43:06",
                "_end": "-",
                "data": {
                    "type": "run",
                    "time": 344.566169
                }
            },
            {
                "time": "2017-10-24T19:43:09.686Z",
                "type": "END",
                "source": "data:click:h_pos",
                "_t": "13:43:09",
                "_end": "-",
                "data": {
                    "lbl": {
                        "time": 344.566169,
                        "endTime": 349.2722844205233,
                        "type": "run",
                        "id": 4
                    }
                }
            },
            {
                "time": "2017-10-24T19:43:15.539Z",
                "type": "START",
                "source": "hotkey",
                "_t": "13:43:15",
                "_end": "-",
                "data": {
                    "type": "skip",
                    "time": 421.070711
                }
            },
            {
                "time": "2017-10-24T19:43:16.302Z",
                "type": "END",
                "source": "data:click:h_pos",
                "_t": "13:43:16",
                "_end": "-",
                "data": {
                    "lbl": {
                        "time": 421.070711,
                        "endTime": 433.86169137374,
                        "type": "skip",
                        "id": 5
                    }
                }
            },
            {
                "time": "2017-10-24T19:43:19.885Z",
                "type": "START",
                "source": "hotkey",
                "_t": "13:43:19",
                "_end": "-",
                "data": {
                    "type": "run",
                    "time": 472.777645
                }
            },
            {
                "time": "2017-10-24T19:43:22.798Z",
                "type": "END",
                "source": "data:click:h_pos",
                "_t": "13:43:22",
                "_end": "-",
                "data": {
                    "lbl": {
                        "time": 472.777645,
                        "endTime": 477.72509967286555,
                        "type": "run",
                        "id": 6
                    }
                }
            },
            {
                "time": "2017-10-24T19:43:30.163Z",
                "type": "START",
                "source": "hotkey",
                "_t": "13:43:30",
                "_end": "-",
                "data": {
                    "type": "skip",
                    "time": 547.351472
                }
            },
            {
                "time": "2017-10-24T19:43:32.489Z",
                "type": "END",
                "source": "data:click:h_pos",
                "_t": "13:43:32",
                "_end": "-",
                "data": {
                    "lbl": {
                        "time": 547.351472,
                        "endTime": 560.444126439148,
                        "type": "skip",
                        "id": 7
                    }
                }
            },
            {
                "time": "2017-10-24T19:43:36.782Z",
                "type": "START",
                "source": "hotkey",
                "_t": "13:43:36",
                "_end": "-",
                "data": {
                    "type": "skip",
                    "time": 596.041666
                }
            },
            {
                "time": "2017-10-24T19:43:38.671Z",
                "type": "END",
                "source": "data:click:h_pos",
                "_t": "13:43:38",
                "_end": "-",
                "data": {
                    "lbl": {
                        "time": 596.041666,
                        "endTime": 608.7119767475825,
                        "type": "skip",
                        "id": 8
                    }
                }
            }
        ],
        "navigationEvents": [
            {
                "time": {
                    "start": "2017-10-24T19:42:14.656Z",
                    "end": "2017-10-24T19:42:29.306Z"
                },
                "type": "SCRUB",
                "source": "data:drag",
                "_t": "13:42:14",
                "_end": "13:42:29",
                "data": {
                    "time": 61.189351
                }
            },
            {
                "time": {
                    "start": "2017-10-24T19:42:14.656Z",
                    "end": "2017-10-24T19:42:31.669Z"
                },
                "type": "SCRUB",
                "source": "data:drag",
                "_t": "13:42:14",
                "_end": "13:42:31",
                "data": {
                    "time": 63.440627
                }
            },
            {
                "time": {
                    "start": "2017-10-24T19:42:14.656Z",
                    "end": "2017-10-24T19:42:32.874Z"
                },
                "type": "SCRUB",
                "source": "data:drag",
                "_t": "13:42:14",
                "_end": "13:42:32",
                "data": {
                    "time": 62.690405
                }
            },
            {
                "time": {
                    "start": "2017-10-24T19:42:14.656Z",
                    "end": "2017-10-24T19:42:34.259Z"
                },
                "type": "SCRUB",
                "source": "data:drag",
                "_t": "13:42:14",
                "_end": "13:42:34",
                "data": {
                    "time": 63.908524
                }
            },
            {
                "time": {
                    "start": "2017-10-24T19:42:14.656Z",
                    "end": "2017-10-24T19:42:36.580Z"
                },
                "type": "SCRUB",
                "source": "data:drag",
                "_t": "13:42:14",
                "_end": "13:42:36",
                "data": {
                    "time": 63.211364
                }
            },
            {
                "time": "2017-10-24T19:42:38.828Z",
                "type": "PAUSE",
                "source": "video:button",
                "_t": "13:42:38",
                "_end": "-"
            },
            {
                "time": {
                    "start": "2017-10-24T19:42:14.656Z",
                    "end": "2017-10-24T19:42:40.154Z"
                },
                "type": "SCRUB",
                "source": "data:drag",
                "_t": "13:42:14",
                "_end": "13:42:40",
                "data": {
                    "time": 63.352473
                }
            },
            {
                "time": {
                    "start": "2017-10-24T19:42:14.656Z",
                    "end": "2017-10-24T19:42:41.114Z"
                },
                "type": "SCRUB",
                "source": "data:drag",
                "_t": "13:42:14",
                "_end": "13:42:41",
                "data": {
                    "time": 63.151357
                }
            },
            {
                "time": {
                    "start": "2017-10-24T19:42:14.656Z",
                    "end": "2017-10-24T19:42:43.292Z"
                },
                "type": "SCRUB",
                "source": "data:drag",
                "_t": "13:42:14",
                "_end": "13:42:43",
                "data": {
                    "time": 63.151357
                }
            },
            {
                "time": {
                    "start": "2017-10-24T19:42:14.656Z",
                    "end": "2017-10-24T19:42:44.755Z"
                },
                "type": "SCRUB",
                "source": "data:drag",
                "_t": "13:42:14",
                "_end": "13:42:44",
                "data": {
                    "time": 116.279397
                }
            },
            {
                "time": {
                    "start": "2017-10-24T19:42:14.656Z",
                    "end": "2017-10-24T19:42:47.876Z"
                },
                "type": "SCRUB",
                "source": "data:drag",
                "_t": "13:42:14",
                "_end": "13:42:47",
                "data": {
                    "time": 138.402114
                }
            },
            {
                "time": {
                    "start": "2017-10-24T19:42:14.656Z",
                    "end": "2017-10-24T19:42:54.035Z"
                },
                "type": "SCRUB",
                "source": "data:drag",
                "_t": "13:42:14",
                "_end": "13:42:54",
                "data": {
                    "time": 138.402114
                }
            },
            {
                "time": {
                    "start": "2017-10-24T19:42:14.656Z",
                    "end": "2017-10-24T19:42:55.586Z"
                },
                "type": "SCRUB",
                "source": "data:drag",
                "_t": "13:42:14",
                "_end": "13:42:55",
                "data": {
                    "time": 234.213797
                }
            },
            {
                "time": {
                    "start": "2017-10-24T19:42:14.656Z",
                    "end": "2017-10-24T19:42:58.337Z"
                },
                "type": "SCRUB",
                "source": "data:drag",
                "_t": "13:42:14",
                "_end": "13:42:58",
                "data": {
                    "time": 275.181135
                }
            },
            {
                "time": {
                    "start": "2017-10-24T19:42:14.656Z",
                    "end": "2017-10-24T19:43:00.524Z"
                },
                "type": "SCRUB",
                "source": "data:drag",
                "_t": "13:42:14",
                "_end": "13:43:00",
                "data": {
                    "time": 276.448166
                }
            },
            {
                "time": {
                    "start": "2017-10-24T19:42:14.656Z",
                    "end": "2017-10-24T19:43:03.020Z"
                },
                "type": "SCRUB",
                "source": "data:drag",
                "_t": "13:42:14",
                "_end": "13:43:03",
                "data": {
                    "time": 276.448166
                }
            },
            {
                "time": {
                    "start": "2017-10-24T19:42:14.656Z",
                    "end": "2017-10-24T19:43:06.405Z"
                },
                "type": "SCRUB",
                "source": "data:drag",
                "_t": "13:42:14",
                "_end": "13:43:06",
                "data": {
                    "time": 344.566169
                }
            },
            {
                "time": {
                    "start": "2017-10-24T19:42:14.656Z",
                    "end": "2017-10-24T19:43:09.684Z"
                },
                "type": "SCRUB",
                "source": "data:drag",
                "_t": "13:42:14",
                "_end": "13:43:09",
                "data": {
                    "time": 344.566169
                }
            },
            {
                "time": {
                    "start": "2017-10-24T19:42:14.656Z",
                    "end": "2017-10-24T19:43:10.900Z"
                },
                "type": "SCRUB",
                "source": "data:drag",
                "_t": "13:42:14",
                "_end": "13:43:10",
                "data": {
                    "time": 419.260667
                }
            },
            {
                "time": {
                    "start": "2017-10-24T19:42:14.656Z",
                    "end": "2017-10-24T19:43:14.803Z"
                },
                "type": "SCRUB",
                "source": "data:drag",
                "_t": "13:42:14",
                "_end": "13:43:14",
                "data": {
                    "time": 421.070711
                }
            },
            {
                "time": {
                    "start": "2017-10-24T19:42:14.656Z",
                    "end": "2017-10-24T19:43:16.300Z"
                },
                "type": "SCRUB",
                "source": "data:drag",
                "_t": "13:42:14",
                "_end": "13:43:16",
                "data": {
                    "time": 421.070711
                }
            },
            {
                "time": {
                    "start": "2017-10-24T19:42:14.656Z",
                    "end": "2017-10-24T19:43:19.604Z"
                },
                "type": "SCRUB",
                "source": "data:drag",
                "_t": "13:42:14",
                "_end": "13:43:19",
                "data": {
                    "time": 472.777645
                }
            },
            {
                "time": {
                    "start": "2017-10-24T19:42:14.656Z",
                    "end": "2017-10-24T19:43:22.796Z"
                },
                "type": "SCRUB",
                "source": "data:drag",
                "_t": "13:42:14",
                "_end": "13:43:22",
                "data": {
                    "time": 472.777645
                }
            },
            {
                "time": {
                    "start": "2017-10-24T19:42:14.656Z",
                    "end": "2017-10-24T19:43:24.747Z"
                },
                "type": "SCRUB",
                "source": "data:drag",
                "_t": "13:42:14",
                "_end": "13:43:24",
                "data": {
                    "time": 546.084442
                }
            },
            {
                "time": {
                    "start": "2017-10-24T19:42:14.656Z",
                    "end": "2017-10-24T19:43:27.949Z"
                },
                "type": "SCRUB",
                "source": "data:drag",
                "_t": "13:42:14",
                "_end": "13:43:27",
                "data": {
                    "time": 547.532477
                }
            },
            {
                "time": {
                    "start": "2017-10-24T19:42:14.656Z",
                    "end": "2017-10-24T19:43:28.924Z"
                },
                "type": "SCRUB",
                "source": "data:drag",
                "_t": "13:42:14",
                "_end": "13:43:28",
                "data": {
                    "time": 547.351472
                }
            },
            {
                "time": {
                    "start": "2017-10-24T19:42:14.656Z",
                    "end": "2017-10-24T19:43:29.852Z"
                },
                "type": "SCRUB",
                "source": "data:drag",
                "_t": "13:42:14",
                "_end": "13:43:29",
                "data": {
                    "time": 547.351472
                }
            },
            {
                "time": {
                    "start": "2017-10-24T19:42:14.656Z",
                    "end": "2017-10-24T19:43:32.488Z"
                },
                "type": "SCRUB",
                "source": "data:drag",
                "_t": "13:42:14",
                "_end": "13:43:32",
                "data": {
                    "time": 547.351472
                }
            },
            {
                "time": {
                    "start": "2017-10-24T19:42:14.656Z",
                    "end": "2017-10-24T19:43:34.604Z"
                },
                "type": "SCRUB",
                "source": "data:drag",
                "_t": "13:42:14",
                "_end": "13:43:34",
                "data": {
                    "time": 596.041666
                }
            },
            {
                "time": {
                    "start": "2017-10-24T19:42:14.656Z",
                    "end": "2017-10-24T19:43:38.668Z"
                },
                "type": "SCRUB",
                "source": "data:drag",
                "_t": "13:42:14",
                "_end": "13:43:38",
                "data": {
                    "time": 596.041666
                }
            },
            {
                "time": {
                    "start": "2017-10-24T19:42:14.656Z",
                    "end": "2017-10-24T19:43:40.309Z"
                },
                "type": "SCRUB",
                "source": "data:drag",
                "_t": "13:42:14",
                "_end": "13:43:40",
                "data": {
                    "time": 596.041666
                }
            },
            {
                "time": {
                    "start": "2017-10-24T19:42:14.656Z",
                    "end": "2017-10-24T19:43:44.287Z"
                },
                "type": "SCRUB",
                "source": "data:drag",
                "_t": "13:42:14",
                "_end": "13:43:44",
                "data": {
                    "time": 523.881229
                }
            },
            {
                "time": {
                    "start": "2017-10-24T19:42:14.656Z",
                    "end": "2017-10-24T19:43:47.103Z"
                },
                "type": "SCRUB",
                "source": "data:drag",
                "_t": "13:42:14",
                "_end": "13:43:47",
                "data": {
                    "time": 453.168827
                }
            },
            {
                "time": {
                    "start": "2017-10-24T19:42:14.656Z",
                    "end": "2017-10-24T19:43:49.269Z"
                },
                "type": "SCRUB",
                "source": "data:drag",
                "_t": "13:42:14",
                "_end": "13:43:49",
                "data": {
                    "time": 395.066402
                }
            },
            {
                "time": {
                    "start": "2017-10-24T19:42:14.656Z",
                    "end": "2017-10-24T19:43:50.652Z"
                },
                "type": "SCRUB",
                "source": "data:drag",
                "_t": "13:42:14",
                "_end": "13:43:50",
                "data": {
                    "time": 329.24112
                }
            },
            {
                "time": {
                    "start": "2017-10-24T19:42:14.656Z",
                    "end": "2017-10-24T19:43:53.104Z"
                },
                "type": "SCRUB",
                "source": "data:drag",
                "_t": "13:42:14",
                "_end": "13:43:53",
                "data": {
                    "time": 223.715531
                }
            },
            {
                "time": {
                    "start": "2017-10-24T19:42:14.656Z",
                    "end": "2017-10-24T19:43:54.735Z"
                },
                "type": "SCRUB",
                "source": "data:drag",
                "_t": "13:42:14",
                "_end": "13:43:54",
                "data": {
                    "time": 143.651234
                }
            },
            {
                "time": {
                    "start": "2017-10-24T19:42:14.656Z",
                    "end": "2017-10-24T19:44:02.532Z"
                },
                "type": "SCRUB",
                "source": "data:drag",
                "_t": "13:42:14",
                "_end": "13:44:02",
                "data": {
                    "time": 132.247954
                }
            },
            {
                "time": {
                    "start": "2017-10-24T19:42:14.656Z",
                    "end": "2017-10-24T19:44:07.518Z"
                },
                "type": "SCRUB",
                "source": "data:drag",
                "_t": "13:42:14",
                "_end": "13:44:07",
                "data": {
                    "time": 191.61741
                }
            },
            {
                "time": {
                    "start": "2017-10-24T19:42:14.656Z",
                    "end": "2017-10-24T19:44:11.150Z"
                },
                "type": "SCRUB",
                "source": "data:drag",
                "_t": "13:42:14",
                "_end": "13:44:11",
                "data": {
                    "time": 188.178325
                }
            },
            {
                "time": {
                    "start": "2017-10-24T19:42:14.656Z",
                    "end": "2017-10-24T19:44:16.024Z"
                },
                "type": "SCRUB",
                "source": "data:drag",
                "_t": "13:42:14",
                "_end": "13:44:16",
                "data": {
                    "time": 195.116828
                }
            },
            {
                "time": {
                    "start": "2017-10-24T19:42:14.656Z",
                    "end": "2017-10-24T19:44:17.274Z"
                },
                "type": "SCRUB",
                "source": "data:drag",
                "_t": "13:42:14",
                "_end": "13:44:17",
                "data": {
                    "time": 272.285053
                }
            },
            {
                "time": {
                    "start": "2017-10-24T19:42:14.656Z",
                    "end": "2017-10-24T19:44:20.358Z"
                },
                "type": "SCRUB",
                "source": "data:drag",
                "_t": "13:42:14",
                "_end": "13:44:20",
                "data": {
                    "time": 383.844122
                }
            },
            {
                "time": {
                    "start": "2017-10-24T19:42:14.656Z",
                    "end": "2017-10-24T19:44:21.540Z"
                },
                "type": "SCRUB",
                "source": "data:drag",
                "_t": "13:42:14",
                "_end": "13:44:21",
                "data": {
                    "time": 465.05478
                }
            },
            {
                "time": {
                    "start": "2017-10-24T19:42:14.656Z",
                    "end": "2017-10-24T19:44:23.165Z"
                },
                "type": "SCRUB",
                "source": "data:drag",
                "_t": "13:42:14",
                "_end": "13:44:23",
                "data": {
                    "time": 542.524679
                }
            },
            {
                "time": {
                    "start": "2017-10-24T19:42:14.656Z",
                    "end": "2017-10-24T19:44:24.326Z"
                },
                "type": "SCRUB",
                "source": "data:drag",
                "_t": "13:42:14",
                "_end": "13:44:24",
                "data": {
                    "time": 613.719758
                }
            },
            {
                "time": {
                    "start": "2017-10-24T19:42:14.656Z",
                    "end": "2017-10-24T19:44:27.984Z"
                },
                "type": "SCRUB",
                "source": "data:drag",
                "_t": "13:42:14",
                "_end": "13:44:27",
                "data": {
                    "time": 519.114771
                }
            },
            {
                "time": {
                    "start": "2017-10-24T19:42:14.656Z",
                    "end": "2017-10-24T19:44:29.355Z"
                },
                "type": "SCRUB",
                "source": "data:drag",
                "_t": "13:42:14",
                "_end": "13:44:29",
                "data": {
                    "time": 410.572442
                }
            },
            {
                "time": {
                    "start": "2017-10-24T19:42:14.656Z",
                    "end": "2017-10-24T19:44:31.061Z"
                },
                "type": "SCRUB",
                "source": "data:drag",
                "_t": "13:42:14",
                "_end": "13:44:31",
                "data": {
                    "time": 314.519419
                }
            },
            {
                "time": {
                    "start": "2017-10-24T19:42:14.656Z",
                    "end": "2017-10-24T19:44:32.441Z"
                },
                "type": "SCRUB",
                "source": "data:drag",
                "_t": "13:42:14",
                "_end": "13:44:32",
                "data": {
                    "time": 194.935819
                }
            },
            {
                "time": {
                    "start": "2017-10-24T19:42:14.656Z",
                    "end": "2017-10-24T19:44:34.675Z"
                },
                "type": "SCRUB",
                "source": "data:drag",
                "_t": "13:42:14",
                "_end": "13:44:34",
                "data": {
                    "time": 52.30432
                }
            },
            {
                "time": {
                    "start": "2017-10-24T19:42:14.656Z",
                    "end": "2017-10-24T19:44:37.868Z"
                },
                "type": "SCRUB",
                "source": "data:drag",
                "_t": "13:42:14",
                "_end": "13:44:37",
                "data": {
                    "time": 80.661682
                }
            }
        ]
    }
}