{
    "user_id": "048",
    "session_id": "5a788f58ee2b1975ba835b91",
    "study": "studyD",
    "workspace": "cane.cane-vid3-dat3",
    "details": {
        "workspace": "cane.cane-vid3-dat3",
        "labels": [
            {
                "time": 38.487298231219526,
                "endTime": 38.92538830065041,
                "type": "ground",
                "id": 1
            },
            {
                "time": 40.0798271796748,
                "endTime": 40.853198,
                "type": "ground",
                "id": 2
            },
            {
                "time": 41.69793371260163,
                "endTime": 42.086562,
                "type": "ground",
                "id": 3
            },
            {
                "time": 43.287776276666676,
                "endTime": 43.577481,
                "type": "ground",
                "id": 4
            },
            {
                "time": 44.898816774878085,
                "endTime": 45.301577,
                "type": "ground",
                "id": 5
            },
            {
                "time": 46.50279086829272,
                "endTime": 46.926749,
                "type": "ground",
                "id": 6
            }
        ],
        "_starts": [
            "2018-02-05T17:07:50.000Z"
        ],
        "_ends": [
            "2018-02-05T17:11:01.416Z"
        ]
    },
    "labels_file": "/home/ubuntu/vat/data/user-studies/studyD/practice-first/048.labels.json",
    "videoFlash": 1.747661,
    "surveys": {
        "user-info": {
            "firstname": "Kendra",
            "lastname": "Graham",
            "email": "deloris4@gmail.com"
        }
    },
    "logs": {
        "labelEvents": [
            {
                "time": "2018-02-05T17:08:05.983Z",
                "type": "START",
                "source": "side-bar:button",
                "_t": "10:08:05",
                "_end": "-",
                "data": {
                    "type": "ground",
                    "time": 2.956436
                }
            },
            {
                "time": "2018-02-05T17:09:04.442Z",
                "type": "END",
                "source": "data:click:h_pos",
                "_t": "10:09:04",
                "_end": "-",
                "data": {
                    "lbl": {
                        "time": 2.956436,
                        "endTime": 34.94719659520325,
                        "type": "ground",
                        "id": 1
                    }
                }
            },
            {
                "time": "2018-02-05T17:09:07.791Z",
                "type": "SELECT",
                "source": "data:click",
                "_t": "10:09:07",
                "_end": "-",
                "data": {
                    "time": 2.956436,
                    "endTime": 34.94719659520325,
                    "type": "ground",
                    "id": 1
                }
            },
            {
                "time": "2018-02-05T17:09:10.086Z",
                "type": "DELETE",
                "source": "side-bar:button",
                "_t": "10:09:10",
                "_end": "-",
                "data": {
                    "id": 1,
                    "idx": 0
                }
            },
            {
                "time": "2018-02-05T17:09:37.206Z",
                "type": "START",
                "source": "side-bar:button",
                "_t": "10:09:37",
                "_end": "-",
                "data": {
                    "type": "ground",
                    "time": 39.674381
                }
            },
            {
                "time": "2018-02-05T17:09:40.997Z",
                "type": "END",
                "source": "data:click:h_pos",
                "_t": "10:09:40",
                "_end": "-",
                "data": {
                    "lbl": {
                        "time": 38.487298231219526,
                        "endTime": 38.92538830065041,
                        "type": "ground",
                        "id": 1
                    }
                }
            },
            {
                "time": "2018-02-05T17:09:41.200Z",
                "type": "SELECT",
                "source": "data:click",
                "_t": "10:09:41",
                "_end": "-",
                "data": {
                    "time": 38.487298231219526,
                    "endTime": 38.92538830065041,
                    "type": "ground",
                    "id": 1
                }
            },
            {
                "time": {
                    "start": "2018-02-05T17:09:42.561Z",
                    "end": "2018-02-05T17:09:44.784Z"
                },
                "type": "RESIZE",
                "source": "data:brush",
                "_t": "10:09:42",
                "_end": "10:09:44",
                "data": {
                    "brushing": true,
                    "origin": [
                        38.487298231219555,
                        39.674381
                    ],
                    "_brushside": 1,
                    "start": "2018-02-05T17:09:42.561Z",
                    "ε": 0.1,
                    "mode": "resize"
                }
            },
            {
                "time": "2018-02-05T17:09:51.889Z",
                "type": "DESELECT",
                "source": "data:click",
                "_t": "10:09:51",
                "_end": "-",
                "data": {
                    "time": 38.487298231219526,
                    "endTime": 38.92538830065041,
                    "type": "ground",
                    "id": 1
                }
            },
            {
                "time": "2018-02-05T17:10:16.620Z",
                "type": "START",
                "source": "hotkey",
                "_t": "10:10:16",
                "_end": "-",
                "data": {
                    "type": "ground",
                    "time": 40.853198
                }
            },
            {
                "time": "2018-02-05T17:10:23.049Z",
                "type": "END",
                "source": "data:click:h_pos",
                "_t": "10:10:23",
                "_end": "-",
                "data": {
                    "lbl": {
                        "time": 40.0798271796748,
                        "endTime": 40.853198,
                        "type": "ground",
                        "id": 2
                    }
                }
            },
            {
                "time": "2018-02-05T17:10:33.320Z",
                "type": "START",
                "source": "hotkey",
                "_t": "10:10:33",
                "_end": "-",
                "data": {
                    "type": "ground",
                    "time": 42.086562
                }
            },
            {
                "time": "2018-02-05T17:10:35.769Z",
                "type": "END",
                "source": "data:click:h_pos",
                "_t": "10:10:35",
                "_end": "-",
                "data": {
                    "lbl": {
                        "time": 41.69793371260163,
                        "endTime": 42.086562,
                        "type": "ground",
                        "id": 3
                    }
                }
            },
            {
                "time": "2018-02-05T17:10:42.616Z",
                "type": "START",
                "source": "hotkey",
                "_t": "10:10:42",
                "_end": "-",
                "data": {
                    "type": "ground",
                    "time": 43.577481
                }
            },
            {
                "time": "2018-02-05T17:10:43.713Z",
                "type": "END",
                "source": "data:click:h_pos",
                "_t": "10:10:43",
                "_end": "-",
                "data": {
                    "lbl": {
                        "time": 43.287776276666676,
                        "endTime": 43.577481,
                        "type": "ground",
                        "id": 4
                    }
                }
            },
            {
                "time": "2018-02-05T17:10:51.496Z",
                "type": "START",
                "source": "hotkey",
                "_t": "10:10:51",
                "_end": "-",
                "data": {
                    "type": "ground",
                    "time": 45.301577
                }
            },
            {
                "time": "2018-02-05T17:10:52.821Z",
                "type": "END",
                "source": "data:click:h_pos",
                "_t": "10:10:52",
                "_end": "-",
                "data": {
                    "lbl": {
                        "time": 44.898816774878085,
                        "endTime": 45.301577,
                        "type": "ground",
                        "id": 5
                    }
                }
            },
            {
                "time": "2018-02-05T17:10:59.935Z",
                "type": "START",
                "source": "hotkey",
                "_t": "10:10:59",
                "_end": "-",
                "data": {
                    "type": "ground",
                    "time": 46.926749
                }
            },
            {
                "time": "2018-02-05T17:11:01.254Z",
                "type": "END",
                "source": "data:click:h_pos",
                "_t": "10:11:01",
                "_end": "-",
                "data": {
                    "lbl": {
                        "time": 46.50279086829272,
                        "endTime": 46.926749,
                        "type": "ground",
                        "id": 6
                    }
                }
            }
        ],
        "navigationEvents": [
            {
                "time": {
                    "start": "2018-02-05T17:07:50.272Z",
                    "end": "2018-02-05T17:08:42.237Z"
                },
                "type": "SCRUB",
                "source": "data:drag",
                "_t": "10:07:50",
                "_end": "10:08:42",
                "data": {
                    "time": 39.219688
                }
            },
            {
                "time": {
                    "start": "2018-02-05T17:07:50.272Z",
                    "end": "2018-02-05T17:08:44.925Z"
                },
                "type": "SCRUB",
                "source": "data:drag",
                "_t": "10:07:50",
                "_end": "10:08:44",
                "data": {
                    "time": 40.716718
                }
            },
            {
                "time": "2018-02-05T17:08:49.407Z",
                "type": "PAUSE",
                "source": "video:button",
                "_t": "10:08:49",
                "_end": "-"
            },
            {
                "time": {
                    "start": "2018-02-05T17:08:51.653Z",
                    "end": "2018-02-05T17:08:51.759Z"
                },
                "type": "SCRUB",
                "source": "video:drag",
                "_t": "10:08:51",
                "_end": "10:08:51",
                "data": {
                    "to": 33.749106,
                    "from": 45.19597
                }
            },
            {
                "time": "2018-02-05T17:08:58.558Z",
                "type": "PLAY",
                "source": "video:button",
                "_t": "10:08:58",
                "_end": "-"
            },
            {
                "time": "2018-02-05T17:08:59.742Z",
                "type": "PAUSE",
                "source": "video:button",
                "_t": "10:08:59",
                "_end": "-"
            },
            {
                "time": "2018-02-05T17:09:01.503Z",
                "type": "CHANGE-PLAYBACK-RATE",
                "source": "video:menu",
                "_t": "10:09:01",
                "_end": "-",
                "data": {
                    "oldRate": 1,
                    "newRate": 0.25
                }
            },
            {
                "time": {
                    "start": "2018-02-05T17:07:50.272Z",
                    "end": "2018-02-05T17:09:04.437Z"
                },
                "type": "SCRUB",
                "source": "data:drag",
                "_t": "10:07:50",
                "_end": "10:09:04",
                "data": {
                    "time": 34.855339
                }
            },
            {
                "time": {
                    "start": "2018-02-05T17:07:50.272Z",
                    "end": "2018-02-05T17:09:06.437Z"
                },
                "type": "SCRUB",
                "source": "data:drag",
                "_t": "10:07:50",
                "_end": "10:09:06",
                "data": {
                    "time": 34.148742
                }
            },
            {
                "time": {
                    "start": "2018-02-05T17:07:50.272Z",
                    "end": "2018-02-05T17:09:07.790Z"
                },
                "type": "SCRUB",
                "source": "data:drag",
                "_t": "10:07:50",
                "_end": "10:09:07",
                "data": {
                    "time": 34.148742
                }
            },
            {
                "time": "2018-02-05T17:09:12.551Z",
                "type": "PLAY",
                "source": "video:button",
                "_t": "10:09:12",
                "_end": "-"
            },
            {
                "time": {
                    "start": "2018-02-05T17:07:50.272Z",
                    "end": "2018-02-05T17:09:30.821Z"
                },
                "type": "SCRUB",
                "source": "data:drag",
                "_t": "10:07:50",
                "_end": "10:09:30",
                "data": {
                    "time": 38.684105
                }
            },
            {
                "time": {
                    "start": "2018-02-05T17:07:50.272Z",
                    "end": "2018-02-05T17:09:30.982Z"
                },
                "type": "SCRUB",
                "source": "data:drag",
                "_t": "10:07:50",
                "_end": "10:09:30",
                "data": {
                    "time": 38.719184
                }
            },
            {
                "time": {
                    "start": "2018-02-05T17:07:50.272Z",
                    "end": "2018-02-05T17:09:32.445Z"
                },
                "type": "SCRUB",
                "source": "data:drag",
                "_t": "10:07:50",
                "_end": "10:09:32",
                "data": {
                    "time": 39.085285
                }
            },
            {
                "time": {
                    "start": "2018-02-05T17:07:50.272Z",
                    "end": "2018-02-05T17:09:33.840Z"
                },
                "type": "SCRUB",
                "source": "data:drag",
                "_t": "10:07:50",
                "_end": "10:09:33",
                "data": {
                    "time": 39.067211
                }
            },
            {
                "time": {
                    "start": "2018-02-05T17:07:50.272Z",
                    "end": "2018-02-05T17:09:34.813Z"
                },
                "type": "SCRUB",
                "source": "data:drag",
                "_t": "10:07:50",
                "_end": "10:09:34",
                "data": {
                    "time": 39.312105
                }
            },
            {
                "time": "2018-02-05T17:09:36.263Z",
                "type": "PAUSE",
                "source": "video:button",
                "_t": "10:09:36",
                "_end": "-"
            },
            {
                "time": {
                    "start": "2018-02-05T17:07:50.272Z",
                    "end": "2018-02-05T17:09:40.995Z"
                },
                "type": "SCRUB",
                "source": "data:drag",
                "_t": "10:07:50",
                "_end": "10:09:40",
                "data": {
                    "time": 39.674381
                }
            },
            {
                "time": {
                    "start": "2018-02-05T17:07:50.272Z",
                    "end": "2018-02-05T17:09:41.198Z"
                },
                "type": "SCRUB",
                "source": "data:drag",
                "_t": "10:07:50",
                "_end": "10:09:41",
                "data": {
                    "time": 39.674381
                }
            },
            {
                "time": {
                    "start": "2018-02-05T17:07:50.272Z",
                    "end": "2018-02-05T17:09:44.804Z"
                },
                "type": "SCRUB",
                "source": "data:drag",
                "_t": "10:07:50",
                "_end": "10:09:44",
                "data": {
                    "time": 39.674381
                }
            },
            {
                "time": "2018-02-05T17:09:47.863Z",
                "type": "PLAY",
                "source": "video:button",
                "_t": "10:09:47",
                "_end": "-"
            },
            {
                "time": {
                    "start": "2018-02-05T17:07:50.272Z",
                    "end": "2018-02-05T17:09:51.696Z"
                },
                "type": "SCRUB",
                "source": "data:drag",
                "_t": "10:07:50",
                "_end": "10:09:51",
                "data": {
                    "time": 40.639316
                }
            },
            {
                "time": {
                    "start": "2018-02-05T17:07:50.272Z",
                    "end": "2018-02-05T17:09:51.888Z"
                },
                "type": "SCRUB",
                "source": "data:drag",
                "_t": "10:07:50",
                "_end": "10:09:51",
                "data": {
                    "time": 40.686245
                }
            },
            {
                "time": "2018-02-05T17:09:51.893Z",
                "type": "JUMP",
                "source": "data:dblclick:h_pos",
                "_t": "10:09:51",
                "_end": "-",
                "data": {
                    "from": 40.687031,
                    "to": 39.961059895853666
                }
            },
            {
                "time": "2018-02-05T17:09:55.583Z",
                "type": "PAUSE",
                "source": "video:button",
                "_t": "10:09:55",
                "_end": "-"
            },
            {
                "time": {
                    "start": "2018-02-05T17:09:57.172Z",
                    "end": "2018-02-05T17:09:57.252Z"
                },
                "type": "SCRUB",
                "source": "video:drag",
                "_t": "10:09:57",
                "_end": "10:09:57",
                "data": {
                    "to": 38.826406,
                    "from": 40.850252
                }
            },
            {
                "time": "2018-02-05T17:10:00.896Z",
                "type": "PLAY",
                "source": "video:button",
                "_t": "10:10:00",
                "_end": "-"
            },
            {
                "time": {
                    "start": "2018-02-05T17:07:50.272Z",
                    "end": "2018-02-05T17:10:07.750Z"
                },
                "type": "SCRUB",
                "source": "data:drag",
                "_t": "10:07:50",
                "_end": "10:10:07",
                "data": {
                    "time": 40.518267
                }
            },
            {
                "time": {
                    "start": "2018-02-05T17:07:50.272Z",
                    "end": "2018-02-05T17:10:07.981Z"
                },
                "type": "SCRUB",
                "source": "data:drag",
                "_t": "10:07:50",
                "_end": "10:10:07",
                "data": {
                    "time": 40.573624
                }
            },
            {
                "time": {
                    "start": "2018-02-05T17:07:50.272Z",
                    "end": "2018-02-05T17:10:08.693Z"
                },
                "type": "SCRUB",
                "source": "data:drag",
                "_t": "10:07:50",
                "_end": "10:10:08",
                "data": {
                    "time": 40.753429
                }
            },
            {
                "time": {
                    "start": "2018-02-05T17:07:50.272Z",
                    "end": "2018-02-05T17:10:10.334Z"
                },
                "type": "SCRUB",
                "source": "data:drag",
                "_t": "10:07:50",
                "_end": "10:10:10",
                "data": {
                    "time": 40.757951
                }
            },
            {
                "time": {
                    "start": "2018-02-05T17:07:50.272Z",
                    "end": "2018-02-05T17:10:10.965Z"
                },
                "type": "SCRUB",
                "source": "data:drag",
                "_t": "10:07:50",
                "_end": "10:10:10",
                "data": {
                    "time": 40.913863
                }
            },
            {
                "time": {
                    "start": "2018-02-05T17:07:50.272Z",
                    "end": "2018-02-05T17:10:11.344Z"
                },
                "type": "SCRUB",
                "source": "data:drag",
                "_t": "10:07:50",
                "_end": "10:10:11",
                "data": {
                    "time": 41.008209
                }
            },
            {
                "time": "2018-02-05T17:10:11.349Z",
                "type": "JUMP",
                "source": "data:dblclick:h_pos",
                "_t": "10:10:11",
                "_end": "-",
                "data": {
                    "from": 41.009582,
                    "to": 40.24088789585366
                }
            },
            {
                "time": "2018-02-05T17:10:13.929Z",
                "type": "PAUSE",
                "source": "video:button",
                "_t": "10:10:13",
                "_end": "-"
            },
            {
                "time": {
                    "start": "2018-02-05T17:07:50.272Z",
                    "end": "2018-02-05T17:10:21.791Z"
                },
                "type": "SCRUB",
                "source": "data:drag",
                "_t": "10:07:50",
                "_end": "10:10:21",
                "data": {
                    "time": 40.574445
                }
            },
            {
                "time": {
                    "start": "2018-02-05T17:07:50.272Z",
                    "end": "2018-02-05T17:10:23.047Z"
                },
                "type": "SCRUB",
                "source": "data:drag",
                "_t": "10:07:50",
                "_end": "10:10:23",
                "data": {
                    "time": 40.574445
                }
            },
            {
                "time": {
                    "start": "2018-02-05T17:07:50.272Z",
                    "end": "2018-02-05T17:10:32.366Z"
                },
                "type": "SCRUB",
                "source": "data:drag",
                "_t": "10:07:50",
                "_end": "10:10:32",
                "data": {
                    "time": 42.086562
                }
            },
            {
                "time": {
                    "start": "2018-02-05T17:07:50.272Z",
                    "end": "2018-02-05T17:10:35.767Z"
                },
                "type": "SCRUB",
                "source": "data:drag",
                "_t": "10:07:50",
                "_end": "10:10:35",
                "data": {
                    "time": 42.086562
                }
            },
            {
                "time": {
                    "start": "2018-02-05T17:07:50.272Z",
                    "end": "2018-02-05T17:10:40.607Z"
                },
                "type": "SCRUB",
                "source": "data:drag",
                "_t": "10:07:50",
                "_end": "10:10:40",
                "data": {
                    "time": 43.584547
                }
            },
            {
                "time": {
                    "start": "2018-02-05T17:07:50.272Z",
                    "end": "2018-02-05T17:10:41.975Z"
                },
                "type": "SCRUB",
                "source": "data:drag",
                "_t": "10:07:50",
                "_end": "10:10:41",
                "data": {
                    "time": 43.577481
                }
            },
            {
                "time": {
                    "start": "2018-02-05T17:07:50.272Z",
                    "end": "2018-02-05T17:10:43.711Z"
                },
                "type": "SCRUB",
                "source": "data:drag",
                "_t": "10:07:50",
                "_end": "10:10:43",
                "data": {
                    "time": 43.577481
                }
            },
            {
                "time": {
                    "start": "2018-02-05T17:07:50.272Z",
                    "end": "2018-02-05T17:10:49.231Z"
                },
                "type": "SCRUB",
                "source": "data:drag",
                "_t": "10:07:50",
                "_end": "10:10:49",
                "data": {
                    "time": 45.301577
                }
            },
            {
                "time": {
                    "start": "2018-02-05T17:07:50.272Z",
                    "end": "2018-02-05T17:10:50.975Z"
                },
                "type": "SCRUB",
                "source": "data:drag",
                "_t": "10:07:50",
                "_end": "10:10:50",
                "data": {
                    "time": 45.301577
                }
            },
            {
                "time": {
                    "start": "2018-02-05T17:07:50.272Z",
                    "end": "2018-02-05T17:10:52.819Z"
                },
                "type": "SCRUB",
                "source": "data:drag",
                "_t": "10:07:50",
                "_end": "10:10:52",
                "data": {
                    "time": 45.301577
                }
            },
            {
                "time": {
                    "start": "2018-02-05T17:07:50.272Z",
                    "end": "2018-02-05T17:10:59.474Z"
                },
                "type": "SCRUB",
                "source": "data:drag",
                "_t": "10:07:50",
                "_end": "10:10:59",
                "data": {
                    "time": 46.926749
                }
            },
            {
                "time": {
                    "start": "2018-02-05T17:07:50.272Z",
                    "end": "2018-02-05T17:11:01.251Z"
                },
                "type": "SCRUB",
                "source": "data:drag",
                "_t": "10:07:50",
                "_end": "10:11:01",
                "data": {
                    "time": 46.926749
                }
            }
        ]
    }
}