{
    "user_id": "052",
    "session_id": "5a789de7ee2b1975ba835b9d",
    "study": "studyD",
    "workspace": "cane.cane-vid3-dat3",
    "details": {
        "workspace": "cane.cane-vid3-dat3",
        "labels": [
            {
                "time": 45.532505,
                "endTime": 45.532505,
                "type": "ground",
                "id": 8
            },
            {
                "time": 38.663265,
                "endTime": 39.831071,
                "type": "ground",
                "id": 9
            }
        ],
        "_starts": [
            "2018-02-05T18:11:30.000Z"
        ],
        "_ends": [
            "2018-02-05T18:14:56.329Z"
        ]
    },
    "labels_file": "/home/ubuntu/vat/data/user-studies/studyD/practice-first/052.labels.json",
    "videoFlash": 1.747661,
    "surveys": {
        "user-info": {
            "firstname": "Gaven",
            "lastname": "Finch",
            "email": "gavenfinch@gmail.com"
        }
    },
    "logs": {
        "labelEvents": [
            {
                "time": "2018-02-05T18:12:58.484Z",
                "type": "START",
                "source": "hotkey",
                "_t": "11:12:58",
                "_end": "-",
                "data": {
                    "type": "ground",
                    "time": 38.617666
                }
            },
            {
                "time": "2018-02-05T18:12:59.892Z",
                "type": "START",
                "source": "hotkey",
                "_t": "11:12:59",
                "_end": "-",
                "data": {
                    "type": "ground",
                    "time": 40.027706
                }
            },
            {
                "time": "2018-02-05T18:13:00.373Z",
                "type": "START",
                "source": "hotkey",
                "_t": "11:13:00",
                "_end": "-",
                "data": {
                    "type": "ground",
                    "time": 40.511468
                }
            },
            {
                "time": "2018-02-05T18:13:01.014Z",
                "type": "START",
                "source": "hotkey",
                "_t": "11:13:01",
                "_end": "-",
                "data": {
                    "type": "ground",
                    "time": 41.153723
                }
            },
            {
                "time": "2018-02-05T18:13:01.670Z",
                "type": "START",
                "source": "hotkey",
                "_t": "11:13:01",
                "_end": "-",
                "data": {
                    "type": "ground",
                    "time": 41.800346
                }
            },
            {
                "time": "2018-02-05T18:13:02.564Z",
                "type": "START",
                "source": "hotkey",
                "_t": "11:13:02",
                "_end": "-",
                "data": {
                    "type": "ground",
                    "time": 42.695578
                }
            },
            {
                "time": "2018-02-05T18:13:05.397Z",
                "type": "START",
                "source": "hotkey",
                "_t": "11:13:05",
                "_end": "-",
                "data": {
                    "type": "ground",
                    "time": 45.532505
                }
            },
            {
                "time": "2018-02-05T18:13:07.462Z",
                "type": "START",
                "source": "hotkey",
                "_t": "11:13:07",
                "_end": "-",
                "data": {
                    "type": "ground",
                    "time": 47.601214
                }
            },
            {
                "time": "2018-02-05T18:13:17.373Z",
                "type": "END",
                "source": "data:click:h_pos",
                "_t": "11:13:17",
                "_end": "-",
                "data": {
                    "lbl": {
                        "time": 45.532505,
                        "endTime": 45.532505,
                        "type": "ground",
                        "id": 8
                    }
                }
            },
            {
                "time": "2018-02-05T18:13:17.375Z",
                "type": "SELECT",
                "source": "data:click",
                "_t": "11:13:17",
                "_end": "-",
                "data": {
                    "time": 38.617666,
                    "endTime": 40.027706,
                    "type": "ground",
                    "id": 1
                }
            },
            {
                "time": "2018-02-05T18:13:18.052Z",
                "type": "DELETE",
                "source": "hotkey",
                "_t": "11:13:18",
                "_end": "-",
                "data": {
                    "id": 1,
                    "idx": 0
                }
            },
            {
                "time": "2018-02-05T18:13:18.453Z",
                "type": "SELECT",
                "source": "data:click",
                "_t": "11:13:18",
                "_end": "-",
                "data": {
                    "time": 40.511468,
                    "endTime": 41.153723,
                    "type": "ground",
                    "id": 3
                }
            },
            {
                "time": "2018-02-05T18:13:18.819Z",
                "type": "DELETE",
                "source": "hotkey",
                "_t": "11:13:18",
                "_end": "-",
                "data": {
                    "id": 3,
                    "idx": 1
                }
            },
            {
                "time": "2018-02-05T18:13:19.221Z",
                "type": "SELECT",
                "source": "data:click",
                "_t": "11:13:19",
                "_end": "-",
                "data": {
                    "time": 40.027706,
                    "endTime": 40.511468,
                    "type": "ground",
                    "id": 2
                }
            },
            {
                "time": "2018-02-05T18:13:19.492Z",
                "type": "DELETE",
                "source": "hotkey",
                "_t": "11:13:19",
                "_end": "-",
                "data": {
                    "id": 2,
                    "idx": 0
                }
            },
            {
                "time": "2018-02-05T18:13:19.860Z",
                "type": "SELECT",
                "source": "data:click",
                "_t": "11:13:19",
                "_end": "-",
                "data": {
                    "time": 41.153723,
                    "endTime": 41.800346,
                    "type": "ground",
                    "id": 4
                }
            },
            {
                "time": "2018-02-05T18:13:20.019Z",
                "type": "DELETE",
                "source": "hotkey",
                "_t": "11:13:20",
                "_end": "-",
                "data": {
                    "id": 4,
                    "idx": 0
                }
            },
            {
                "time": "2018-02-05T18:13:20.252Z",
                "type": "SELECT",
                "source": "data:click",
                "_t": "11:13:20",
                "_end": "-",
                "data": {
                    "time": 41.800346,
                    "endTime": 42.695578,
                    "type": "ground",
                    "id": 5
                }
            },
            {
                "time": "2018-02-05T18:13:20.340Z",
                "type": "DELETE",
                "source": "hotkey",
                "_t": "11:13:20",
                "_end": "-",
                "data": {
                    "id": 5,
                    "idx": 0
                }
            },
            {
                "time": "2018-02-05T18:13:20.645Z",
                "type": "SELECT",
                "source": "data:click",
                "_t": "11:13:20",
                "_end": "-",
                "data": {
                    "time": 42.695578,
                    "endTime": 45.532505,
                    "type": "ground",
                    "id": 6
                }
            },
            {
                "time": "2018-02-05T18:13:20.724Z",
                "type": "DELETE",
                "source": "hotkey",
                "_t": "11:13:20",
                "_end": "-",
                "data": {
                    "id": 6,
                    "idx": 0
                }
            },
            {
                "time": "2018-02-05T18:13:21.244Z",
                "type": "SELECT",
                "source": "data:click",
                "_t": "11:13:21",
                "_end": "-",
                "data": {
                    "time": 45.532505,
                    "endTime": 47.601214,
                    "type": "ground",
                    "id": 7
                }
            },
            {
                "time": "2018-02-05T18:13:21.380Z",
                "type": "DELETE",
                "source": "hotkey",
                "_t": "11:13:21",
                "_end": "-",
                "data": {
                    "id": 7,
                    "idx": 0
                }
            },
            {
                "time": "2018-02-05T18:13:37.221Z",
                "type": "START",
                "source": "side-bar:button",
                "_t": "11:13:37",
                "_end": "-",
                "data": {
                    "type": "ground",
                    "time": 38.651201
                }
            },
            {
                "time": "2018-02-05T18:13:43.997Z",
                "type": "END",
                "source": "data:click:h_pos",
                "_t": "11:13:43",
                "_end": "-",
                "data": {
                    "lbl": {
                        "time": 38.651201,
                        "endTime": 40.495418293495916,
                        "type": "ground",
                        "id": 9
                    }
                }
            },
            {
                "time": "2018-02-05T18:13:45.549Z",
                "type": "SELECT",
                "source": "data:click",
                "_t": "11:13:45",
                "_end": "-",
                "data": {
                    "time": 38.651201,
                    "endTime": 40.495418293495916,
                    "type": "ground",
                    "id": 9
                }
            },
            {
                "time": "2018-02-05T18:13:45.635Z",
                "type": "DELETE",
                "source": "hotkey",
                "_t": "11:13:45",
                "_end": "-",
                "data": {
                    "id": 9,
                    "idx": 1
                }
            },
            {
                "time": "2018-02-05T18:14:10.421Z",
                "type": "START",
                "source": "hotkey",
                "_t": "11:14:10",
                "_end": "-",
                "data": {
                    "type": "ground",
                    "time": 38.663265
                }
            },
            {
                "time": "2018-02-05T18:14:25.157Z",
                "type": "END",
                "source": "hotkey:ctb",
                "_t": "11:14:25",
                "_end": "-",
                "data": {
                    "lbl": {
                        "time": 38.663265,
                        "endTime": 39.831071,
                        "type": "ground",
                        "id": 9
                    },
                    "key": "enter"
                }
            }
        ],
        "navigationEvents": [
            {
                "time": "2018-02-05T18:12:26.100Z",
                "type": "PLAY",
                "source": "hotkey",
                "_t": "11:12:26",
                "_end": "-",
                "data": {
                    "key": "space"
                }
            },
            {
                "time": "2018-02-05T18:12:51.524Z",
                "type": "SKIP",
                "source": "hotkey",
                "_t": "11:12:51",
                "_end": "-",
                "data": {
                    "t": 26.767898,
                    "Δt": 5,
                    "key": "right"
                }
            },
            {
                "time": "2018-02-05T18:13:08.533Z",
                "type": "PAUSE",
                "source": "hotkey",
                "_t": "11:13:08",
                "_end": "-",
                "data": {
                    "key": "space"
                }
            },
            {
                "time": "2018-02-05T18:13:09.492Z",
                "type": "PLAY",
                "source": "hotkey",
                "_t": "11:13:09",
                "_end": "-",
                "data": {
                    "key": "space"
                }
            },
            {
                "time": "2018-02-05T18:13:09.685Z",
                "type": "SKIP",
                "source": "hotkey",
                "_t": "11:13:09",
                "_end": "-",
                "data": {
                    "t": 48.874377,
                    "Δt": -5,
                    "key": "left"
                }
            },
            {
                "time": "2018-02-05T18:13:09.862Z",
                "type": "SKIP",
                "source": "hotkey",
                "_t": "11:13:09",
                "_end": "-",
                "data": {
                    "t": 43.917807,
                    "Δt": -5,
                    "key": "left"
                }
            },
            {
                "time": "2018-02-05T18:13:10.036Z",
                "type": "SKIP",
                "source": "hotkey",
                "_t": "11:13:10",
                "_end": "-",
                "data": {
                    "t": 38.917807,
                    "Δt": -5,
                    "key": "left"
                }
            },
            {
                "time": "2018-02-05T18:13:10.181Z",
                "type": "SKIP",
                "source": "hotkey",
                "_t": "11:13:10",
                "_end": "-",
                "data": {
                    "t": 33.932212,
                    "Δt": -5,
                    "key": "left"
                }
            },
            {
                "time": "2018-02-05T18:13:11.016Z",
                "type": "SKIP",
                "source": "hotkey",
                "_t": "11:13:11",
                "_end": "-",
                "data": {
                    "t": 29.598846,
                    "Δt": 5,
                    "key": "right"
                }
            },
            {
                "time": "2018-02-05T18:13:11.364Z",
                "type": "SKIP",
                "source": "hotkey",
                "_t": "11:13:11",
                "_end": "-",
                "data": {
                    "t": 34.84883,
                    "Δt": 5,
                    "key": "right"
                }
            },
            {
                "time": "2018-02-05T18:13:11.759Z",
                "type": "SKIP",
                "source": "hotkey",
                "_t": "11:13:11",
                "_end": "-",
                "data": {
                    "t": 40.142494,
                    "Δt": -5,
                    "key": "left"
                }
            },
            {
                "time": "2018-02-05T18:13:12.326Z",
                "type": "PAUSE",
                "source": "hotkey",
                "_t": "11:13:12",
                "_end": "-",
                "data": {
                    "key": "space"
                }
            },
            {
                "time": "2018-02-05T18:13:12.740Z",
                "type": "SKIP",
                "source": "hotkey",
                "_t": "11:13:12",
                "_end": "-",
                "data": {
                    "t": 35.584472,
                    "Δt": 1,
                    "key": "right"
                }
            },
            {
                "time": "2018-02-05T18:13:13.092Z",
                "type": "SKIP",
                "source": "hotkey",
                "_t": "11:13:13",
                "_end": "-",
                "data": {
                    "t": 36.584472,
                    "Δt": 1,
                    "key": "right"
                }
            },
            {
                "time": "2018-02-05T18:13:13.348Z",
                "type": "SKIP",
                "source": "hotkey",
                "_t": "11:13:13",
                "_end": "-",
                "data": {
                    "t": 37.584472,
                    "Δt": 1,
                    "key": "right"
                }
            },
            {
                "time": "2018-02-05T18:13:15.061Z",
                "type": "SKIP",
                "source": "hotkey",
                "_t": "11:13:15",
                "_end": "-",
                "data": {
                    "t": 38.584472,
                    "Δt": -1,
                    "key": "left"
                }
            },
            {
                "time": {
                    "start": "2018-02-05T18:11:30.982Z",
                    "end": "2018-02-05T18:13:17.372Z"
                },
                "type": "SCRUB",
                "source": "data:drag",
                "_t": "11:11:30",
                "_end": "11:13:17",
                "data": {
                    "time": 37.584472
                }
            },
            {
                "time": {
                    "start": "2018-02-05T18:11:30.982Z",
                    "end": "2018-02-05T18:13:18.451Z"
                },
                "type": "SCRUB",
                "source": "data:drag",
                "_t": "11:11:30",
                "_end": "11:13:18",
                "data": {
                    "time": 37.584472
                }
            },
            {
                "time": {
                    "start": "2018-02-05T18:11:30.982Z",
                    "end": "2018-02-05T18:13:19.220Z"
                },
                "type": "SCRUB",
                "source": "data:drag",
                "_t": "11:11:30",
                "_end": "11:13:19",
                "data": {
                    "time": 37.584472
                }
            },
            {
                "time": {
                    "start": "2018-02-05T18:11:30.982Z",
                    "end": "2018-02-05T18:13:19.860Z"
                },
                "type": "SCRUB",
                "source": "data:drag",
                "_t": "11:11:30",
                "_end": "11:13:19",
                "data": {
                    "time": 37.584472
                }
            },
            {
                "time": {
                    "start": "2018-02-05T18:11:30.982Z",
                    "end": "2018-02-05T18:13:20.251Z"
                },
                "type": "SCRUB",
                "source": "data:drag",
                "_t": "11:11:30",
                "_end": "11:13:20",
                "data": {
                    "time": 37.584472
                }
            },
            {
                "time": {
                    "start": "2018-02-05T18:11:30.982Z",
                    "end": "2018-02-05T18:13:20.644Z"
                },
                "type": "SCRUB",
                "source": "data:drag",
                "_t": "11:11:30",
                "_end": "11:13:20",
                "data": {
                    "time": 37.584472
                }
            },
            {
                "time": {
                    "start": "2018-02-05T18:11:30.982Z",
                    "end": "2018-02-05T18:13:21.243Z"
                },
                "type": "SCRUB",
                "source": "data:drag",
                "_t": "11:11:30",
                "_end": "11:13:21",
                "data": {
                    "time": 37.584472
                }
            },
            {
                "time": "2018-02-05T18:13:22.181Z",
                "type": "SKIP",
                "source": "hotkey",
                "_t": "11:13:22",
                "_end": "-",
                "data": {
                    "t": 37.584472,
                    "Δt": 1,
                    "key": "right"
                }
            },
            {
                "time": "2018-02-05T18:13:22.693Z",
                "type": "SKIP",
                "source": "hotkey",
                "_t": "11:13:22",
                "_end": "-",
                "data": {
                    "t": 38.584472,
                    "Δt": 1,
                    "key": "right"
                }
            },
            {
                "time": "2018-02-05T18:13:22.837Z",
                "type": "SKIP",
                "source": "hotkey",
                "_t": "11:13:22",
                "_end": "-",
                "data": {
                    "t": 39.584472,
                    "Δt": 1,
                    "key": "right"
                }
            },
            {
                "time": "2018-02-05T18:13:23.011Z",
                "type": "SKIP",
                "source": "hotkey",
                "_t": "11:13:23",
                "_end": "-",
                "data": {
                    "t": 40.584472,
                    "Δt": 1,
                    "key": "right"
                }
            },
            {
                "time": "2018-02-05T18:13:23.156Z",
                "type": "SKIP",
                "source": "hotkey",
                "_t": "11:13:23",
                "_end": "-",
                "data": {
                    "t": 41.584472,
                    "Δt": 1,
                    "key": "right"
                }
            },
            {
                "time": "2018-02-05T18:13:23.300Z",
                "type": "SKIP",
                "source": "hotkey",
                "_t": "11:13:23",
                "_end": "-",
                "data": {
                    "t": 42.584472,
                    "Δt": 1,
                    "key": "right"
                }
            },
            {
                "time": "2018-02-05T18:13:23.476Z",
                "type": "SKIP",
                "source": "hotkey",
                "_t": "11:13:23",
                "_end": "-",
                "data": {
                    "t": 43.584472,
                    "Δt": 1,
                    "key": "right"
                }
            },
            {
                "time": "2018-02-05T18:13:23.620Z",
                "type": "SKIP",
                "source": "hotkey",
                "_t": "11:13:23",
                "_end": "-",
                "data": {
                    "t": 44.584472,
                    "Δt": 1,
                    "key": "right"
                }
            },
            {
                "time": "2018-02-05T18:13:23.988Z",
                "type": "SKIP",
                "source": "hotkey",
                "_t": "11:13:23",
                "_end": "-",
                "data": {
                    "t": 45.584472,
                    "Δt": -1,
                    "key": "left"
                }
            },
            {
                "time": "2018-02-05T18:13:24.149Z",
                "type": "SKIP",
                "source": "hotkey",
                "_t": "11:13:24",
                "_end": "-",
                "data": {
                    "t": 44.584472,
                    "Δt": -1,
                    "key": "left"
                }
            },
            {
                "time": "2018-02-05T18:13:24.292Z",
                "type": "SKIP",
                "source": "hotkey",
                "_t": "11:13:24",
                "_end": "-",
                "data": {
                    "t": 43.584472,
                    "Δt": -1,
                    "key": "left"
                }
            },
            {
                "time": "2018-02-05T18:13:24.627Z",
                "type": "SKIP",
                "source": "hotkey",
                "_t": "11:13:24",
                "_end": "-",
                "data": {
                    "t": 42.584472,
                    "Δt": -1,
                    "key": "left"
                }
            },
            {
                "time": "2018-02-05T18:13:24.789Z",
                "type": "SKIP",
                "source": "hotkey",
                "_t": "11:13:24",
                "_end": "-",
                "data": {
                    "t": 41.584472,
                    "Δt": -1,
                    "key": "left"
                }
            },
            {
                "time": "2018-02-05T18:13:24.964Z",
                "type": "SKIP",
                "source": "hotkey",
                "_t": "11:13:24",
                "_end": "-",
                "data": {
                    "t": 40.584472,
                    "Δt": -1,
                    "key": "left"
                }
            },
            {
                "time": "2018-02-05T18:13:25.124Z",
                "type": "SKIP",
                "source": "hotkey",
                "_t": "11:13:25",
                "_end": "-",
                "data": {
                    "t": 39.584472,
                    "Δt": -1,
                    "key": "left"
                }
            },
            {
                "time": "2018-02-05T18:13:25.284Z",
                "type": "SKIP",
                "source": "hotkey",
                "_t": "11:13:25",
                "_end": "-",
                "data": {
                    "t": 38.584472,
                    "Δt": -1,
                    "key": "left"
                }
            },
            {
                "time": "2018-02-05T18:13:25.779Z",
                "type": "SKIP",
                "source": "hotkey",
                "_t": "11:13:25",
                "_end": "-",
                "data": {
                    "t": 37.584472,
                    "Δt": 1,
                    "key": "right"
                }
            },
            {
                "time": "2018-02-05T18:13:29.300Z",
                "type": "SKIP",
                "source": "hotkey",
                "_t": "11:13:29",
                "_end": "-",
                "data": {
                    "t": 38.584472,
                    "Δt": 0.033366700033366704,
                    "key": "shift+right"
                }
            },
            {
                "time": "2018-02-05T18:13:29.764Z",
                "type": "SKIP",
                "source": "hotkey",
                "_t": "11:13:29",
                "_end": "-",
                "data": {
                    "t": 38.617838,
                    "Δt": 0.033366700033366704,
                    "key": "shift+right"
                }
            },
            {
                "time": "2018-02-05T18:13:30.612Z",
                "type": "SKIP",
                "source": "hotkey",
                "_t": "11:13:30",
                "_end": "-",
                "data": {
                    "t": 38.651204,
                    "Δt": 0.033366700033366704,
                    "key": "shift+right"
                }
            },
            {
                "time": "2018-02-05T18:13:31.268Z",
                "type": "SKIP",
                "source": "hotkey",
                "_t": "11:13:31",
                "_end": "-",
                "data": {
                    "t": 38.68457,
                    "Δt": 0.033366700033366704,
                    "key": "shift+right"
                }
            },
            {
                "time": "2018-02-05T18:13:31.892Z",
                "type": "SKIP",
                "source": "hotkey",
                "_t": "11:13:31",
                "_end": "-",
                "data": {
                    "t": 38.717936,
                    "Δt": 0.033366700033366704,
                    "key": "shift+right"
                }
            },
            {
                "time": "2018-02-05T18:13:32.709Z",
                "type": "SKIP",
                "source": "hotkey",
                "_t": "11:13:32",
                "_end": "-",
                "data": {
                    "t": 38.751302,
                    "Δt": -0.033366700033366704,
                    "key": "shift+left"
                }
            },
            {
                "time": "2018-02-05T18:13:33.140Z",
                "type": "SKIP",
                "source": "hotkey",
                "_t": "11:13:33",
                "_end": "-",
                "data": {
                    "t": 38.717935,
                    "Δt": -0.033366700033366704,
                    "key": "shift+left"
                }
            },
            {
                "time": "2018-02-05T18:13:33.541Z",
                "type": "SKIP",
                "source": "hotkey",
                "_t": "11:13:33",
                "_end": "-",
                "data": {
                    "t": 38.684568,
                    "Δt": -0.033366700033366704,
                    "key": "shift+left"
                }
            },
            {
                "time": {
                    "start": "2018-02-05T18:11:30.982Z",
                    "end": "2018-02-05T18:13:43.035Z"
                },
                "type": "SCRUB",
                "source": "data:drag",
                "_t": "11:11:30",
                "_end": "11:13:43",
                "data": {
                    "time": 41.696633
                }
            },
            {
                "time": {
                    "start": "2018-02-05T18:11:30.982Z",
                    "end": "2018-02-05T18:13:43.995Z"
                },
                "type": "SCRUB",
                "source": "data:drag",
                "_t": "11:11:30",
                "_end": "11:13:43",
                "data": {
                    "time": 41.696633
                }
            },
            {
                "time": {
                    "start": "2018-02-05T18:11:30.982Z",
                    "end": "2018-02-05T18:13:45.548Z"
                },
                "type": "SCRUB",
                "source": "data:drag",
                "_t": "11:11:30",
                "_end": "11:13:45",
                "data": {
                    "time": 41.696633
                }
            },
            {
                "time": "2018-02-05T18:14:01.845Z",
                "type": "SKIP",
                "source": "hotkey",
                "_t": "11:14:01",
                "_end": "-",
                "data": {
                    "t": 41.696633,
                    "Δt": -1,
                    "key": "left"
                }
            },
            {
                "time": "2018-02-05T18:14:02.260Z",
                "type": "SKIP",
                "source": "hotkey",
                "_t": "11:14:02",
                "_end": "-",
                "data": {
                    "t": 40.696633,
                    "Δt": -1,
                    "key": "left"
                }
            },
            {
                "time": "2018-02-05T18:14:02.500Z",
                "type": "SKIP",
                "source": "hotkey",
                "_t": "11:14:02",
                "_end": "-",
                "data": {
                    "t": 39.696633,
                    "Δt": -1,
                    "key": "left"
                }
            },
            {
                "time": "2018-02-05T18:14:03.892Z",
                "type": "SKIP",
                "source": "hotkey",
                "_t": "11:14:03",
                "_end": "-",
                "data": {
                    "t": 38.696633,
                    "Δt": -1,
                    "key": "left"
                }
            },
            {
                "time": "2018-02-05T18:14:04.724Z",
                "type": "SKIP",
                "source": "hotkey",
                "_t": "11:14:04",
                "_end": "-",
                "data": {
                    "t": 37.696633,
                    "Δt": 1,
                    "key": "right"
                }
            },
            {
                "time": "2018-02-05T18:14:06.260Z",
                "type": "SKIP",
                "source": "hotkey",
                "_t": "11:14:06",
                "_end": "-",
                "data": {
                    "t": 38.696633,
                    "Δt": -0.033366700033366704,
                    "key": "shift+left"
                }
            },
            {
                "time": "2018-02-05T18:14:06.852Z",
                "type": "SKIP",
                "source": "hotkey",
                "_t": "11:14:06",
                "_end": "-",
                "data": {
                    "t": 38.663266,
                    "Δt": -0.033366700033366704,
                    "key": "shift+left"
                }
            },
            {
                "time": "2018-02-05T18:14:07.796Z",
                "type": "SKIP",
                "source": "hotkey",
                "_t": "11:14:07",
                "_end": "-",
                "data": {
                    "t": 38.629899,
                    "Δt": 0.033366700033366704,
                    "key": "shift+right"
                }
            },
            {
                "time": "2018-02-05T18:14:12.196Z",
                "type": "SKIP",
                "source": "hotkey",
                "_t": "11:14:12",
                "_end": "-",
                "data": {
                    "t": 38.663265,
                    "Δt": 0.033366700033366704,
                    "key": "shift+right"
                }
            },
            {
                "time": "2018-02-05T18:14:12.692Z",
                "type": "SKIP",
                "source": "hotkey",
                "_t": "11:14:12",
                "_end": "-",
                "data": {
                    "t": 38.696631,
                    "Δt": 0.033366700033366704,
                    "key": "shift+right"
                }
            },
            {
                "time": "2018-02-05T18:14:12.981Z",
                "type": "SKIP",
                "source": "hotkey",
                "_t": "11:14:12",
                "_end": "-",
                "data": {
                    "t": 38.729997,
                    "Δt": 0.033366700033366704,
                    "key": "shift+right"
                }
            },
            {
                "time": "2018-02-05T18:14:13.188Z",
                "type": "SKIP",
                "source": "hotkey",
                "_t": "11:14:13",
                "_end": "-",
                "data": {
                    "t": 38.763363,
                    "Δt": 0.033366700033366704,
                    "key": "shift+right"
                }
            },
            {
                "time": "2018-02-05T18:14:13.428Z",
                "type": "SKIP",
                "source": "hotkey",
                "_t": "11:14:13",
                "_end": "-",
                "data": {
                    "t": 38.796729,
                    "Δt": 0.033366700033366704,
                    "key": "shift+right"
                }
            },
            {
                "time": "2018-02-05T18:14:14.613Z",
                "type": "SKIP",
                "source": "hotkey",
                "_t": "11:14:14",
                "_end": "-",
                "data": {
                    "t": 38.830095,
                    "Δt": 0.033366700033366704,
                    "key": "shift+right"
                }
            },
            {
                "time": "2018-02-05T18:14:14.981Z",
                "type": "SKIP",
                "source": "hotkey",
                "_t": "11:14:14",
                "_end": "-",
                "data": {
                    "t": 38.863461,
                    "Δt": 0.033366700033366704,
                    "key": "shift+right"
                }
            },
            {
                "time": "2018-02-05T18:14:15.428Z",
                "type": "SKIP",
                "source": "hotkey",
                "_t": "11:14:15",
                "_end": "-",
                "data": {
                    "t": 38.896827,
                    "Δt": 0.033366700033366704,
                    "key": "shift+right"
                }
            },
            {
                "time": "2018-02-05T18:14:15.620Z",
                "type": "SKIP",
                "source": "hotkey",
                "_t": "11:14:15",
                "_end": "-",
                "data": {
                    "t": 38.930193,
                    "Δt": 0.033366700033366704,
                    "key": "shift+right"
                }
            },
            {
                "time": "2018-02-05T18:14:15.812Z",
                "type": "SKIP",
                "source": "hotkey",
                "_t": "11:14:15",
                "_end": "-",
                "data": {
                    "t": 38.963559,
                    "Δt": 0.033366700033366704,
                    "key": "shift+right"
                }
            },
            {
                "time": "2018-02-05T18:14:15.972Z",
                "type": "SKIP",
                "source": "hotkey",
                "_t": "11:14:15",
                "_end": "-",
                "data": {
                    "t": 38.996925,
                    "Δt": 0.033366700033366704,
                    "key": "shift+right"
                }
            },
            {
                "time": "2018-02-05T18:14:16.148Z",
                "type": "SKIP",
                "source": "hotkey",
                "_t": "11:14:16",
                "_end": "-",
                "data": {
                    "t": 39.030291,
                    "Δt": 0.033366700033366704,
                    "key": "shift+right"
                }
            },
            {
                "time": "2018-02-05T18:14:16.324Z",
                "type": "SKIP",
                "source": "hotkey",
                "_t": "11:14:16",
                "_end": "-",
                "data": {
                    "t": 39.063657,
                    "Δt": 0.033366700033366704,
                    "key": "shift+right"
                }
            },
            {
                "time": "2018-02-05T18:14:16.501Z",
                "type": "SKIP",
                "source": "hotkey",
                "_t": "11:14:16",
                "_end": "-",
                "data": {
                    "t": 39.097023,
                    "Δt": 0.033366700033366704,
                    "key": "shift+right"
                }
            },
            {
                "time": "2018-02-05T18:14:16.676Z",
                "type": "SKIP",
                "source": "hotkey",
                "_t": "11:14:16",
                "_end": "-",
                "data": {
                    "t": 39.130389,
                    "Δt": 0.033366700033366704,
                    "key": "shift+right"
                }
            },
            {
                "time": "2018-02-05T18:14:16.852Z",
                "type": "SKIP",
                "source": "hotkey",
                "_t": "11:14:16",
                "_end": "-",
                "data": {
                    "t": 39.163755,
                    "Δt": 0.033366700033366704,
                    "key": "shift+right"
                }
            },
            {
                "time": "2018-02-05T18:14:17.012Z",
                "type": "SKIP",
                "source": "hotkey",
                "_t": "11:14:17",
                "_end": "-",
                "data": {
                    "t": 39.197121,
                    "Δt": 0.033366700033366704,
                    "key": "shift+right"
                }
            },
            {
                "time": "2018-02-05T18:14:17.172Z",
                "type": "SKIP",
                "source": "hotkey",
                "_t": "11:14:17",
                "_end": "-",
                "data": {
                    "t": 39.230487,
                    "Δt": 0.033366700033366704,
                    "key": "shift+right"
                }
            },
            {
                "time": "2018-02-05T18:14:17.333Z",
                "type": "SKIP",
                "source": "hotkey",
                "_t": "11:14:17",
                "_end": "-",
                "data": {
                    "t": 39.263853,
                    "Δt": 0.033366700033366704,
                    "key": "shift+right"
                }
            },
            {
                "time": "2018-02-05T18:14:17.828Z",
                "type": "SKIP",
                "source": "hotkey",
                "_t": "11:14:17",
                "_end": "-",
                "data": {
                    "t": 39.297219,
                    "Δt": 0.033366700033366704,
                    "key": "shift+right"
                }
            },
            {
                "time": "2018-02-05T18:14:17.989Z",
                "type": "SKIP",
                "source": "hotkey",
                "_t": "11:14:17",
                "_end": "-",
                "data": {
                    "t": 39.330585,
                    "Δt": 0.033366700033366704,
                    "key": "shift+right"
                }
            },
            {
                "time": "2018-02-05T18:14:18.149Z",
                "type": "SKIP",
                "source": "hotkey",
                "_t": "11:14:18",
                "_end": "-",
                "data": {
                    "t": 39.363951,
                    "Δt": 0.033366700033366704,
                    "key": "shift+right"
                }
            },
            {
                "time": "2018-02-05T18:14:18.292Z",
                "type": "SKIP",
                "source": "hotkey",
                "_t": "11:14:18",
                "_end": "-",
                "data": {
                    "t": 39.397317,
                    "Δt": 0.033366700033366704,
                    "key": "shift+right"
                }
            },
            {
                "time": "2018-02-05T18:14:18.469Z",
                "type": "SKIP",
                "source": "hotkey",
                "_t": "11:14:18",
                "_end": "-",
                "data": {
                    "t": 39.430683,
                    "Δt": 0.033366700033366704,
                    "key": "shift+right"
                }
            },
            {
                "time": "2018-02-05T18:14:18.628Z",
                "type": "SKIP",
                "source": "hotkey",
                "_t": "11:14:18",
                "_end": "-",
                "data": {
                    "t": 39.464049,
                    "Δt": 0.033366700033366704,
                    "key": "shift+right"
                }
            },
            {
                "time": "2018-02-05T18:14:18.932Z",
                "type": "SKIP",
                "source": "hotkey",
                "_t": "11:14:18",
                "_end": "-",
                "data": {
                    "t": 39.497415,
                    "Δt": 0.033366700033366704,
                    "key": "shift+right"
                }
            },
            {
                "time": "2018-02-05T18:14:19.092Z",
                "type": "SKIP",
                "source": "hotkey",
                "_t": "11:14:19",
                "_end": "-",
                "data": {
                    "t": 39.530781,
                    "Δt": 0.033366700033366704,
                    "key": "shift+right"
                }
            },
            {
                "time": "2018-02-05T18:14:19.268Z",
                "type": "SKIP",
                "source": "hotkey",
                "_t": "11:14:19",
                "_end": "-",
                "data": {
                    "t": 39.564147,
                    "Δt": 0.033366700033366704,
                    "key": "shift+right"
                }
            },
            {
                "time": "2018-02-05T18:14:19.429Z",
                "type": "SKIP",
                "source": "hotkey",
                "_t": "11:14:19",
                "_end": "-",
                "data": {
                    "t": 39.597513,
                    "Δt": 0.033366700033366704,
                    "key": "shift+right"
                }
            },
            {
                "time": "2018-02-05T18:14:19.604Z",
                "type": "SKIP",
                "source": "hotkey",
                "_t": "11:14:19",
                "_end": "-",
                "data": {
                    "t": 39.630879,
                    "Δt": 0.033366700033366704,
                    "key": "shift+right"
                }
            },
            {
                "time": "2018-02-05T18:14:19.781Z",
                "type": "SKIP",
                "source": "hotkey",
                "_t": "11:14:19",
                "_end": "-",
                "data": {
                    "t": 39.664245,
                    "Δt": 0.033366700033366704,
                    "key": "shift+right"
                }
            },
            {
                "time": "2018-02-05T18:14:19.940Z",
                "type": "SKIP",
                "source": "hotkey",
                "_t": "11:14:19",
                "_end": "-",
                "data": {
                    "t": 39.697611,
                    "Δt": 0.033366700033366704,
                    "key": "shift+right"
                }
            },
            {
                "time": "2018-02-05T18:14:20.117Z",
                "type": "SKIP",
                "source": "hotkey",
                "_t": "11:14:20",
                "_end": "-",
                "data": {
                    "t": 39.730977,
                    "Δt": 0.033366700033366704,
                    "key": "shift+right"
                }
            },
            {
                "time": "2018-02-05T18:14:20.276Z",
                "type": "SKIP",
                "source": "hotkey",
                "_t": "11:14:20",
                "_end": "-",
                "data": {
                    "t": 39.764343,
                    "Δt": 0.033366700033366704,
                    "key": "shift+right"
                }
            },
            {
                "time": "2018-02-05T18:14:20.436Z",
                "type": "SKIP",
                "source": "hotkey",
                "_t": "11:14:20",
                "_end": "-",
                "data": {
                    "t": 39.797709,
                    "Δt": 0.033366700033366704,
                    "key": "shift+right"
                }
            },
            {
                "time": "2018-02-05T18:14:20.613Z",
                "type": "SKIP",
                "source": "hotkey",
                "_t": "11:14:20",
                "_end": "-",
                "data": {
                    "t": 39.831075,
                    "Δt": 0.033366700033366704,
                    "key": "shift+right"
                }
            },
            {
                "time": "2018-02-05T18:14:20.773Z",
                "type": "SKIP",
                "source": "hotkey",
                "_t": "11:14:20",
                "_end": "-",
                "data": {
                    "t": 39.864441,
                    "Δt": 0.033366700033366704,
                    "key": "shift+right"
                }
            },
            {
                "time": "2018-02-05T18:14:21.462Z",
                "type": "SKIP",
                "source": "hotkey",
                "_t": "11:14:21",
                "_end": "-",
                "data": {
                    "t": 39.897807,
                    "Δt": -0.033366700033366704,
                    "key": "shift+left"
                }
            },
            {
                "time": "2018-02-05T18:14:21.668Z",
                "type": "SKIP",
                "source": "hotkey",
                "_t": "11:14:21",
                "_end": "-",
                "data": {
                    "t": 39.86444,
                    "Δt": -0.033366700033366704,
                    "key": "shift+left"
                }
            },
            {
                "time": "2018-02-05T18:14:21.956Z",
                "type": "SKIP",
                "source": "hotkey",
                "_t": "11:14:21",
                "_end": "-",
                "data": {
                    "t": 39.831073,
                    "Δt": -0.033366700033366704,
                    "key": "shift+left"
                }
            },
            {
                "time": "2018-02-05T18:14:22.309Z",
                "type": "SKIP",
                "source": "hotkey",
                "_t": "11:14:22",
                "_end": "-",
                "data": {
                    "t": 39.797706,
                    "Δt": -0.033366700033366704,
                    "key": "shift+left"
                }
            },
            {
                "time": "2018-02-05T18:14:22.725Z",
                "type": "SKIP",
                "source": "hotkey",
                "_t": "11:14:22",
                "_end": "-",
                "data": {
                    "t": 39.764339,
                    "Δt": 0.033366700033366704,
                    "key": "shift+right"
                }
            },
            {
                "time": "2018-02-05T18:14:23.108Z",
                "type": "SKIP",
                "source": "hotkey",
                "_t": "11:14:23",
                "_end": "-",
                "data": {
                    "t": 39.797705,
                    "Δt": 0.033366700033366704,
                    "key": "shift+right"
                }
            },
            {
                "time": "2018-02-05T18:14:25.972Z",
                "type": "SKIP",
                "source": "hotkey",
                "_t": "11:14:25",
                "_end": "-",
                "data": {
                    "t": 39.831071,
                    "Δt": 1,
                    "key": "right"
                }
            },
            {
                "time": "2018-02-05T18:14:26.869Z",
                "type": "SKIP",
                "source": "hotkey",
                "_t": "11:14:26",
                "_end": "-",
                "data": {
                    "t": 40.831071,
                    "Δt": -1,
                    "key": "left"
                }
            },
            {
                "time": "2018-02-05T18:14:28.516Z",
                "type": "SKIP",
                "source": "hotkey",
                "_t": "11:14:28",
                "_end": "-",
                "data": {
                    "t": 39.831071,
                    "Δt": 0.033366700033366704,
                    "key": "shift+right"
                }
            },
            {
                "time": "2018-02-05T18:14:28.773Z",
                "type": "SKIP",
                "source": "hotkey",
                "_t": "11:14:28",
                "_end": "-",
                "data": {
                    "t": 39.864437,
                    "Δt": 0.033366700033366704,
                    "key": "shift+right"
                }
            },
            {
                "time": "2018-02-05T18:14:28.932Z",
                "type": "SKIP",
                "source": "hotkey",
                "_t": "11:14:28",
                "_end": "-",
                "data": {
                    "t": 39.897803,
                    "Δt": 0.033366700033366704,
                    "key": "shift+right"
                }
            },
            {
                "time": "2018-02-05T18:14:29.092Z",
                "type": "SKIP",
                "source": "hotkey",
                "_t": "11:14:29",
                "_end": "-",
                "data": {
                    "t": 39.931169,
                    "Δt": 0.033366700033366704,
                    "key": "shift+right"
                }
            },
            {
                "time": "2018-02-05T18:14:29.237Z",
                "type": "SKIP",
                "source": "hotkey",
                "_t": "11:14:29",
                "_end": "-",
                "data": {
                    "t": 39.964535,
                    "Δt": 0.033366700033366704,
                    "key": "shift+right"
                }
            },
            {
                "time": "2018-02-05T18:14:29.396Z",
                "type": "SKIP",
                "source": "hotkey",
                "_t": "11:14:29",
                "_end": "-",
                "data": {
                    "t": 39.997901,
                    "Δt": 0.033366700033366704,
                    "key": "shift+right"
                }
            },
            {
                "time": "2018-02-05T18:14:29.557Z",
                "type": "SKIP",
                "source": "hotkey",
                "_t": "11:14:29",
                "_end": "-",
                "data": {
                    "t": 40.031267,
                    "Δt": 0.033366700033366704,
                    "key": "shift+right"
                }
            },
            {
                "time": "2018-02-05T18:14:29.716Z",
                "type": "SKIP",
                "source": "hotkey",
                "_t": "11:14:29",
                "_end": "-",
                "data": {
                    "t": 40.064633,
                    "Δt": 0.033366700033366704,
                    "key": "shift+right"
                }
            },
            {
                "time": "2018-02-05T18:14:29.892Z",
                "type": "SKIP",
                "source": "hotkey",
                "_t": "11:14:29",
                "_end": "-",
                "data": {
                    "t": 40.097999,
                    "Δt": 0.033366700033366704,
                    "key": "shift+right"
                }
            },
            {
                "time": "2018-02-05T18:14:30.052Z",
                "type": "SKIP",
                "source": "hotkey",
                "_t": "11:14:30",
                "_end": "-",
                "data": {
                    "t": 40.131365,
                    "Δt": 0.033366700033366704,
                    "key": "shift+right"
                }
            },
            {
                "time": "2018-02-05T18:14:30.212Z",
                "type": "SKIP",
                "source": "hotkey",
                "_t": "11:14:30",
                "_end": "-",
                "data": {
                    "t": 40.164731,
                    "Δt": 0.033366700033366704,
                    "key": "shift+right"
                }
            },
            {
                "time": "2018-02-05T18:14:30.372Z",
                "type": "SKIP",
                "source": "hotkey",
                "_t": "11:14:30",
                "_end": "-",
                "data": {
                    "t": 40.198097,
                    "Δt": 0.033366700033366704,
                    "key": "shift+right"
                }
            },
            {
                "time": "2018-02-05T18:14:30.548Z",
                "type": "SKIP",
                "source": "hotkey",
                "_t": "11:14:30",
                "_end": "-",
                "data": {
                    "t": 40.231463,
                    "Δt": 0.033366700033366704,
                    "key": "shift+right"
                }
            },
            {
                "time": "2018-02-05T18:14:31.060Z",
                "type": "SKIP",
                "source": "hotkey",
                "_t": "11:14:31",
                "_end": "-",
                "data": {
                    "t": 40.264829,
                    "Δt": 0.033366700033366704,
                    "key": "shift+right"
                }
            },
            {
                "time": "2018-02-05T18:14:32.165Z",
                "type": "SKIP",
                "source": "hotkey",
                "_t": "11:14:32",
                "_end": "-",
                "data": {
                    "t": 40.298195,
                    "Δt": -0.033366700033366704,
                    "key": "shift+left"
                }
            },
            {
                "time": "2018-02-05T18:14:32.548Z",
                "type": "SKIP",
                "source": "hotkey",
                "_t": "11:14:32",
                "_end": "-",
                "data": {
                    "t": 40.264828,
                    "Δt": 0.033366700033366704,
                    "key": "shift+right"
                }
            },
            {
                "time": "2018-02-05T18:14:33.733Z",
                "type": "SKIP",
                "source": "hotkey",
                "_t": "11:14:33",
                "_end": "-",
                "data": {
                    "t": 40.298194,
                    "Δt": 1,
                    "key": "right"
                }
            },
            {
                "time": "2018-02-05T18:14:35.062Z",
                "type": "SKIP",
                "source": "hotkey",
                "_t": "11:14:35",
                "_end": "-",
                "data": {
                    "t": 41.298194,
                    "Δt": -0.033366700033366704,
                    "key": "shift+left"
                }
            },
            {
                "time": "2018-02-05T18:14:35.685Z",
                "type": "SKIP",
                "source": "hotkey",
                "_t": "11:14:35",
                "_end": "-",
                "data": {
                    "t": 41.264827,
                    "Δt": -1,
                    "key": "left"
                }
            },
            {
                "time": "2018-02-05T18:14:36.900Z",
                "type": "SKIP",
                "source": "hotkey",
                "_t": "11:14:36",
                "_end": "-",
                "data": {
                    "t": 40.264827,
                    "Δt": 0.033366700033366704,
                    "key": "shift+right"
                }
            },
            {
                "time": "2018-02-05T18:14:37.125Z",
                "type": "SKIP",
                "source": "hotkey",
                "_t": "11:14:37",
                "_end": "-",
                "data": {
                    "t": 40.298193,
                    "Δt": 0.033366700033366704,
                    "key": "shift+right"
                }
            },
            {
                "time": "2018-02-05T18:14:37.477Z",
                "type": "SKIP",
                "source": "hotkey",
                "_t": "11:14:37",
                "_end": "-",
                "data": {
                    "t": 40.331559,
                    "Δt": 0.033366700033366704,
                    "key": "shift+right"
                }
            },
            {
                "time": "2018-02-05T18:14:37.956Z",
                "type": "SKIP",
                "source": "hotkey",
                "_t": "11:14:37",
                "_end": "-",
                "data": {
                    "t": 40.364925,
                    "Δt": 0.033366700033366704,
                    "key": "shift+right"
                }
            },
            {
                "time": "2018-02-05T18:14:38.325Z",
                "type": "SKIP",
                "source": "hotkey",
                "_t": "11:14:38",
                "_end": "-",
                "data": {
                    "t": 40.398291,
                    "Δt": 0.033366700033366704,
                    "key": "shift+right"
                }
            },
            {
                "time": "2018-02-05T18:14:38.628Z",
                "type": "SKIP",
                "source": "hotkey",
                "_t": "11:14:38",
                "_end": "-",
                "data": {
                    "t": 40.431657,
                    "Δt": -0.033366700033366704,
                    "key": "shift+left"
                }
            },
            {
                "time": "2018-02-05T18:14:38.836Z",
                "type": "SKIP",
                "source": "hotkey",
                "_t": "11:14:38",
                "_end": "-",
                "data": {
                    "t": 40.39829,
                    "Δt": -0.033366700033366704,
                    "key": "shift+left"
                }
            },
            {
                "time": "2018-02-05T18:14:39.029Z",
                "type": "SKIP",
                "source": "hotkey",
                "_t": "11:14:39",
                "_end": "-",
                "data": {
                    "t": 40.364923,
                    "Δt": -0.033366700033366704,
                    "key": "shift+left"
                }
            },
            {
                "time": "2018-02-05T18:14:39.220Z",
                "type": "SKIP",
                "source": "hotkey",
                "_t": "11:14:39",
                "_end": "-",
                "data": {
                    "t": 40.331556,
                    "Δt": -0.033366700033366704,
                    "key": "shift+left"
                }
            },
            {
                "time": "2018-02-05T18:14:39.717Z",
                "type": "SKIP",
                "source": "hotkey",
                "_t": "11:14:39",
                "_end": "-",
                "data": {
                    "t": 40.298189,
                    "Δt": 0.033366700033366704,
                    "key": "shift+right"
                }
            },
            {
                "time": "2018-02-05T18:14:40.116Z",
                "type": "SKIP",
                "source": "hotkey",
                "_t": "11:14:40",
                "_end": "-",
                "data": {
                    "t": 40.331555,
                    "Δt": 0.033366700033366704,
                    "key": "shift+right"
                }
            },
            {
                "time": "2018-02-05T18:14:40.725Z",
                "type": "SKIP",
                "source": "hotkey",
                "_t": "11:14:40",
                "_end": "-",
                "data": {
                    "t": 40.364921,
                    "Δt": 0.033366700033366704,
                    "key": "shift+right"
                }
            },
            {
                "time": "2018-02-05T18:14:41.812Z",
                "type": "SKIP",
                "source": "hotkey",
                "_t": "11:14:41",
                "_end": "-",
                "data": {
                    "t": 40.398287,
                    "Δt": -0.033366700033366704,
                    "key": "shift+left"
                }
            },
            {
                "time": "2018-02-05T18:14:42.421Z",
                "type": "SKIP",
                "source": "hotkey",
                "_t": "11:14:42",
                "_end": "-",
                "data": {
                    "t": 40.36492,
                    "Δt": -0.033366700033366704,
                    "key": "shift+left"
                }
            },
            {
                "time": "2018-02-05T18:14:42.709Z",
                "type": "SKIP",
                "source": "hotkey",
                "_t": "11:14:42",
                "_end": "-",
                "data": {
                    "t": 40.331553,
                    "Δt": -0.033366700033366704,
                    "key": "shift+left"
                }
            },
            {
                "time": "2018-02-05T18:14:42.917Z",
                "type": "SKIP",
                "source": "hotkey",
                "_t": "11:14:42",
                "_end": "-",
                "data": {
                    "t": 40.298186,
                    "Δt": -0.033366700033366704,
                    "key": "shift+left"
                }
            },
            {
                "time": "2018-02-05T18:14:43.077Z",
                "type": "SKIP",
                "source": "hotkey",
                "_t": "11:14:43",
                "_end": "-",
                "data": {
                    "t": 40.264819,
                    "Δt": -0.033366700033366704,
                    "key": "shift+left"
                }
            },
            {
                "time": "2018-02-05T18:14:43.495Z",
                "type": "SKIP",
                "source": "hotkey",
                "_t": "11:14:43",
                "_end": "-",
                "data": {
                    "t": 40.231452,
                    "Δt": -0.033366700033366704,
                    "key": "shift+left"
                }
            },
            {
                "time": "2018-02-05T18:14:43.973Z",
                "type": "SKIP",
                "source": "hotkey",
                "_t": "11:14:43",
                "_end": "-",
                "data": {
                    "t": 40.198085,
                    "Δt": 0.033366700033366704,
                    "key": "shift+right"
                }
            },
            {
                "time": "2018-02-05T18:14:44.343Z",
                "type": "SKIP",
                "source": "hotkey",
                "_t": "11:14:44",
                "_end": "-",
                "data": {
                    "t": 40.231451,
                    "Δt": 0.033366700033366704,
                    "key": "shift+right"
                }
            },
            {
                "time": "2018-02-05T18:14:45.140Z",
                "type": "SKIP",
                "source": "hotkey",
                "_t": "11:14:45",
                "_end": "-",
                "data": {
                    "t": 40.264817,
                    "Δt": 0.033366700033366704,
                    "key": "shift+right"
                }
            }
        ]
    }
}