{
    "user_id": "053",
    "session_id": "5a78abeeee2b1975ba835bc8",
    "study": "studyD",
    "workspace": "cane.cane-vid3-dat3",
    "details": {
        "workspace": "cane.cane-vid3-dat3",
        "labels": [
            {
                "time": 38.736752,
                "endTime": 39.950637,
                "type": "ground",
                "id": 2
            },
            {
                "time": 39.950637,
                "endTime": 40.468884,
                "type": "ground",
                "id": 3
            },
            {
                "time": 40.468884,
                "endTime": 41.45008,
                "type": "ground",
                "id": 4
            },
            {
                "time": 41.45008,
                "endTime": 42.196494,
                "type": "ground",
                "id": 5
            },
            {
                "time": 42.196494,
                "endTime": 42.941976,
                "type": "ground",
                "id": 6
            },
            {
                "time": 42.941976,
                "endTime": 43.63574,
                "type": "ground",
                "id": 7
            },
            {
                "time": 43.63574,
                "endTime": 44.57835,
                "type": "ground",
                "id": 8
            },
            {
                "time": 44.57835,
                "endTime": 45.445852,
                "type": "ground",
                "id": 9
            },
            {
                "time": 45.445852,
                "endTime": 46.245259,
                "type": "ground",
                "id": 10
            },
            {
                "time": 46.245259,
                "endTime": 47.088803,
                "type": "ground",
                "id": 11
            },
            {
                "time": 47.088803,
                "endTime": 47.857257,
                "type": "ground",
                "id": 12
            },
            {
                "time": 47.857257,
                "endTime": 48.52964,
                "type": "ground",
                "id": 13
            },
            {
                "time": 48.52964,
                "endTime": 49.356584,
                "type": "ground",
                "id": 14
            },
            {
                "time": 49.356584,
                "endTime": 50.126673,
                "type": "ground",
                "id": 15
            },
            {
                "time": 50.126673,
                "endTime": 50.978771,
                "type": "ground",
                "id": 16
            },
            {
                "time": 50.978771,
                "endTime": 51.568281,
                "type": "ground",
                "id": 17
            },
            {
                "time": 51.568281,
                "endTime": 52.366249,
                "type": "ground",
                "id": 18
            },
            {
                "time": 52.366249,
                "endTime": 53.106092,
                "type": "ground",
                "id": 19
            },
            {
                "time": 53.106092,
                "endTime": 53.940091,
                "type": "ground",
                "id": 20
            },
            {
                "time": 53.940091,
                "endTime": 54.560015,
                "type": "ground",
                "id": 21
            },
            {
                "time": 54.560015,
                "endTime": 55.262348,
                "type": "ground",
                "id": 22
            },
            {
                "time": 55.262348,
                "endTime": 56.030492,
                "type": "ground",
                "id": 23
            },
            {
                "time": 56.030492,
                "endTime": 56.88366,
                "type": "ground",
                "id": 24
            },
            {
                "time": 56.88366,
                "endTime": 57.796782,
                "type": "ground",
                "id": 25
            },
            {
                "time": 66.656245,
                "endTime": 67.829988,
                "type": "ground",
                "id": 26
            },
            {
                "time": 67.829988,
                "endTime": 69.323805,
                "type": "ground",
                "id": 27
            },
            {
                "time": 69.323805,
                "endTime": 70.078054,
                "type": "ground",
                "id": 28
            },
            {
                "time": 70.078054,
                "endTime": 70.860616,
                "type": "ground",
                "id": 29
            },
            {
                "time": 70.860616,
                "endTime": 71.692082,
                "type": "ground",
                "id": 30
            },
            {
                "time": 71.692082,
                "endTime": 72.43192,
                "type": "ground",
                "id": 31
            },
            {
                "time": 72.43192,
                "endTime": 73.274211,
                "type": "ground",
                "id": 32
            },
            {
                "time": 73.274211,
                "endTime": 74.070457,
                "type": "ground",
                "id": 33
            },
            {
                "time": 74.070457,
                "endTime": 74.747949,
                "type": "ground",
                "id": 34
            },
            {
                "time": 74.747949,
                "endTime": 75.611913,
                "type": "ground",
                "id": 35
            },
            {
                "time": 75.611913,
                "endTime": 76.411591,
                "type": "ground",
                "id": 36
            },
            {
                "time": 76.411591,
                "endTime": 77.322964,
                "type": "ground",
                "id": 37
            },
            {
                "time": 77.322964,
                "endTime": 78.092976,
                "type": "ground",
                "id": 38
            }
        ],
        "_starts": [
            "2018-02-05T19:09:52.000Z"
        ],
        "_ends": [
            "2018-02-05T19:13:28.073Z"
        ]
    },
    "labels_file": "/home/ubuntu/vat/data/user-studies/studyD/practice-first/053.labels.json",
    "videoFlash": 1.747661,
    "surveys": {
        "user-info": {
            "firstname": "Marshall",
            "lastname": "Rawlins",
            "email": "mjamesr4@gmail.com"
        }
    },
    "logs": {
        "labelEvents": [
            {
                "time": "2018-02-05T19:10:35.871Z",
                "type": "START",
                "source": "side-bar:button",
                "_t": "12:10:35",
                "_end": "-",
                "data": {
                    "type": "ground",
                    "time": 5.668005
                }
            },
            {
                "time": "2018-02-05T19:11:05.279Z",
                "type": "END",
                "source": "data:click:h_pos",
                "_t": "12:11:05",
                "_end": "-",
                "data": {
                    "lbl": {
                        "time": 1.5877337513813414,
                        "endTime": 35.19860758121033,
                        "type": "ground",
                        "id": 1
                    }
                }
            },
            {
                "time": "2018-02-05T19:11:11.336Z",
                "type": "SELECT",
                "source": "data:click",
                "_t": "12:11:11",
                "_end": "-",
                "data": {
                    "time": 1.5877337513813414,
                    "endTime": 35.19860758121033,
                    "type": "ground",
                    "id": 1
                }
            },
            {
                "time": {
                    "start": "2018-02-05T19:11:13.457Z",
                    "end": "2018-02-05T19:11:14.680Z"
                },
                "type": "RESIZE",
                "source": "data:brush",
                "_t": "12:11:13",
                "_end": "12:11:14",
                "data": {
                    "brushing": true,
                    "origin": [
                        5.668005,
                        34.98360020962055
                    ],
                    "_brushside": 0,
                    "start": "2018-02-05T19:11:13.457Z",
                    "ε": 0.1,
                    "mode": "resize"
                }
            },
            {
                "time": {
                    "start": "2018-02-05T19:11:25.679Z",
                    "end": "2018-02-05T19:11:27.862Z"
                },
                "type": "RESIZE",
                "source": "data:brush",
                "_t": "12:11:25",
                "_end": "12:11:27",
                "data": {
                    "brushing": true,
                    "origin": [
                        1.5877337513813412,
                        34.98360020962071
                    ],
                    "_brushside": 1,
                    "start": "2018-02-05T19:11:25.679Z",
                    "ε": 0.1,
                    "mode": "resize"
                }
            },
            {
                "time": "2018-02-05T19:12:06.021Z",
                "type": "START",
                "source": "hotkey",
                "_t": "12:12:06",
                "_end": "-",
                "data": {
                    "type": "ground",
                    "time": 38.736752
                }
            },
            {
                "time": "2018-02-05T19:12:07.225Z",
                "type": "START",
                "source": "hotkey",
                "_t": "12:12:07",
                "_end": "-",
                "data": {
                    "type": "ground",
                    "time": 39.950637
                }
            },
            {
                "time": "2018-02-05T19:12:07.746Z",
                "type": "START",
                "source": "hotkey",
                "_t": "12:12:07",
                "_end": "-",
                "data": {
                    "type": "ground",
                    "time": 40.468884
                }
            },
            {
                "time": "2018-02-05T19:12:08.730Z",
                "type": "START",
                "source": "hotkey",
                "_t": "12:12:08",
                "_end": "-",
                "data": {
                    "type": "ground",
                    "time": 41.45008
                }
            },
            {
                "time": "2018-02-05T19:12:09.473Z",
                "type": "START",
                "source": "hotkey",
                "_t": "12:12:09",
                "_end": "-",
                "data": {
                    "type": "ground",
                    "time": 42.196494
                }
            },
            {
                "time": "2018-02-05T19:12:10.225Z",
                "type": "START",
                "source": "hotkey",
                "_t": "12:12:10",
                "_end": "-",
                "data": {
                    "type": "ground",
                    "time": 42.941976
                }
            },
            {
                "time": "2018-02-05T19:12:10.913Z",
                "type": "START",
                "source": "hotkey",
                "_t": "12:12:10",
                "_end": "-",
                "data": {
                    "type": "ground",
                    "time": 43.63574
                }
            },
            {
                "time": "2018-02-05T19:12:11.856Z",
                "type": "START",
                "source": "hotkey",
                "_t": "12:12:11",
                "_end": "-",
                "data": {
                    "type": "ground",
                    "time": 44.57835
                }
            },
            {
                "time": "2018-02-05T19:12:12.719Z",
                "type": "START",
                "source": "hotkey",
                "_t": "12:12:12",
                "_end": "-",
                "data": {
                    "type": "ground",
                    "time": 45.445852
                }
            },
            {
                "time": "2018-02-05T19:12:13.521Z",
                "type": "START",
                "source": "hotkey",
                "_t": "12:12:13",
                "_end": "-",
                "data": {
                    "type": "ground",
                    "time": 46.245259
                }
            },
            {
                "time": "2018-02-05T19:12:14.370Z",
                "type": "START",
                "source": "hotkey",
                "_t": "12:12:14",
                "_end": "-",
                "data": {
                    "type": "ground",
                    "time": 47.088803
                }
            },
            {
                "time": "2018-02-05T19:12:15.137Z",
                "type": "START",
                "source": "hotkey",
                "_t": "12:12:15",
                "_end": "-",
                "data": {
                    "type": "ground",
                    "time": 47.857257
                }
            },
            {
                "time": "2018-02-05T19:12:15.808Z",
                "type": "START",
                "source": "hotkey",
                "_t": "12:12:15",
                "_end": "-",
                "data": {
                    "type": "ground",
                    "time": 48.52964
                }
            },
            {
                "time": "2018-02-05T19:12:16.642Z",
                "type": "START",
                "source": "hotkey",
                "_t": "12:12:16",
                "_end": "-",
                "data": {
                    "type": "ground",
                    "time": 49.356584
                }
            },
            {
                "time": "2018-02-05T19:12:17.411Z",
                "type": "START",
                "source": "hotkey",
                "_t": "12:12:17",
                "_end": "-",
                "data": {
                    "type": "ground",
                    "time": 50.126673
                }
            },
            {
                "time": "2018-02-05T19:12:18.254Z",
                "type": "START",
                "source": "hotkey",
                "_t": "12:12:18",
                "_end": "-",
                "data": {
                    "type": "ground",
                    "time": 50.978771
                }
            },
            {
                "time": "2018-02-05T19:12:18.850Z",
                "type": "START",
                "source": "hotkey",
                "_t": "12:12:18",
                "_end": "-",
                "data": {
                    "type": "ground",
                    "time": 51.568281
                }
            },
            {
                "time": "2018-02-05T19:12:19.649Z",
                "type": "START",
                "source": "hotkey",
                "_t": "12:12:19",
                "_end": "-",
                "data": {
                    "type": "ground",
                    "time": 52.366249
                }
            },
            {
                "time": "2018-02-05T19:12:20.386Z",
                "type": "START",
                "source": "hotkey",
                "_t": "12:12:20",
                "_end": "-",
                "data": {
                    "type": "ground",
                    "time": 53.106092
                }
            },
            {
                "time": "2018-02-05T19:12:21.222Z",
                "type": "START",
                "source": "hotkey",
                "_t": "12:12:21",
                "_end": "-",
                "data": {
                    "type": "ground",
                    "time": 53.940091
                }
            },
            {
                "time": "2018-02-05T19:12:21.842Z",
                "type": "START",
                "source": "hotkey",
                "_t": "12:12:21",
                "_end": "-",
                "data": {
                    "type": "ground",
                    "time": 54.560015
                }
            },
            {
                "time": "2018-02-05T19:12:22.545Z",
                "type": "START",
                "source": "hotkey",
                "_t": "12:12:22",
                "_end": "-",
                "data": {
                    "type": "ground",
                    "time": 55.262348
                }
            },
            {
                "time": "2018-02-05T19:12:23.314Z",
                "type": "START",
                "source": "hotkey",
                "_t": "12:12:23",
                "_end": "-",
                "data": {
                    "type": "ground",
                    "time": 56.030492
                }
            },
            {
                "time": "2018-02-05T19:12:24.162Z",
                "type": "START",
                "source": "hotkey",
                "_t": "12:12:24",
                "_end": "-",
                "data": {
                    "type": "ground",
                    "time": 56.88366
                }
            },
            {
                "time": "2018-02-05T19:12:25.075Z",
                "type": "START",
                "source": "hotkey",
                "_t": "12:12:25",
                "_end": "-",
                "data": {
                    "type": "ground",
                    "time": 57.796782
                }
            },
            {
                "time": "2018-02-05T19:12:30.771Z",
                "type": "END",
                "source": "data:click:h_pos",
                "_t": "12:12:30",
                "_end": "-",
                "data": {
                    "lbl": {
                        "time": 57.796782,
                        "endTime": 60.867070650313984,
                        "type": "ground",
                        "id": 26
                    }
                }
            },
            {
                "time": "2018-02-05T19:12:31.490Z",
                "type": "SELECT",
                "source": "data:click",
                "_t": "12:12:31",
                "_end": "-",
                "data": {
                    "time": 57.796782,
                    "endTime": 60.867070650313984,
                    "type": "ground",
                    "id": 26
                }
            },
            {
                "time": "2018-02-05T19:12:34.591Z",
                "type": "DELETE",
                "source": "side-bar:button",
                "_t": "12:12:34",
                "_end": "-",
                "data": {
                    "id": 26,
                    "idx": 25
                }
            },
            {
                "time": "2018-02-05T19:12:35.387Z",
                "type": "SELECT",
                "source": "data:click",
                "_t": "12:12:35",
                "_end": "-",
                "data": {
                    "time": 1.5877337513813414,
                    "endTime": 35.19860758121033,
                    "type": "ground",
                    "id": 1
                }
            },
            {
                "time": "2018-02-05T19:12:36.910Z",
                "type": "DELETE",
                "source": "side-bar:button",
                "_t": "12:12:36",
                "_end": "-",
                "data": {
                    "id": 1,
                    "idx": 0
                }
            },
            {
                "time": "2018-02-05T19:12:41.403Z",
                "type": "SELECT",
                "source": "data:click",
                "_t": "12:12:41",
                "_end": "-",
                "data": {
                    "time": 47.088803,
                    "endTime": 47.857257,
                    "type": "ground",
                    "id": 12
                }
            },
            {
                "time": "2018-02-05T19:12:42.475Z",
                "type": "DESELECT",
                "source": "data:click",
                "_t": "12:12:42",
                "_end": "-",
                "data": {
                    "time": 47.088803,
                    "endTime": 47.857257,
                    "type": "ground",
                    "id": 12
                }
            },
            {
                "time": "2018-02-05T19:12:43.162Z",
                "type": "SELECT",
                "source": "data:click",
                "_t": "12:12:43",
                "_end": "-",
                "data": {
                    "time": 46.245259,
                    "endTime": 47.088803,
                    "type": "ground",
                    "id": 11
                }
            },
            {
                "time": "2018-02-05T19:12:43.803Z",
                "type": "DESELECT",
                "source": "data:click",
                "_t": "12:12:43",
                "_end": "-",
                "data": {
                    "time": 46.245259,
                    "endTime": 47.088803,
                    "type": "ground",
                    "id": 11
                }
            },
            {
                "time": "2018-02-05T19:12:44.290Z",
                "type": "SELECT",
                "source": "data:click",
                "_t": "12:12:44",
                "_end": "-",
                "data": {
                    "time": 45.445852,
                    "endTime": 46.245259,
                    "type": "ground",
                    "id": 10
                }
            },
            {
                "time": "2018-02-05T19:12:47.820Z",
                "type": "DESELECT",
                "source": "data:click",
                "_t": "12:12:47",
                "_end": "-",
                "data": {
                    "time": 45.445852,
                    "endTime": 46.245259,
                    "type": "ground",
                    "id": 10
                }
            },
            {
                "time": "2018-02-05T19:12:48.426Z",
                "type": "SELECT",
                "source": "data:click",
                "_t": "12:12:48",
                "_end": "-",
                "data": {
                    "time": 56.88366,
                    "endTime": 57.796782,
                    "type": "ground",
                    "id": 25
                }
            },
            {
                "time": "2018-02-05T19:12:48.972Z",
                "type": "DESELECT",
                "source": "data:click",
                "_t": "12:12:48",
                "_end": "-",
                "data": {
                    "time": 56.88366,
                    "endTime": 57.796782,
                    "type": "ground",
                    "id": 25
                }
            },
            {
                "time": "2018-02-05T19:13:01.828Z",
                "type": "START",
                "source": "hotkey",
                "_t": "12:13:01",
                "_end": "-",
                "data": {
                    "type": "ground",
                    "time": 66.656245
                }
            },
            {
                "time": "2018-02-05T19:13:02.999Z",
                "type": "START",
                "source": "hotkey",
                "_t": "12:13:02",
                "_end": "-",
                "data": {
                    "type": "ground",
                    "time": 67.829988
                }
            },
            {
                "time": "2018-02-05T19:13:04.500Z",
                "type": "START",
                "source": "hotkey",
                "_t": "12:13:04",
                "_end": "-",
                "data": {
                    "type": "ground",
                    "time": 69.323805
                }
            },
            {
                "time": "2018-02-05T19:13:05.248Z",
                "type": "START",
                "source": "hotkey",
                "_t": "12:13:05",
                "_end": "-",
                "data": {
                    "type": "ground",
                    "time": 70.078054
                }
            },
            {
                "time": "2018-02-05T19:13:06.030Z",
                "type": "START",
                "source": "hotkey",
                "_t": "12:13:06",
                "_end": "-",
                "data": {
                    "type": "ground",
                    "time": 70.860616
                }
            },
            {
                "time": "2018-02-05T19:13:06.866Z",
                "type": "START",
                "source": "hotkey",
                "_t": "12:13:06",
                "_end": "-",
                "data": {
                    "type": "ground",
                    "time": 71.692082
                }
            },
            {
                "time": "2018-02-05T19:13:07.606Z",
                "type": "START",
                "source": "hotkey",
                "_t": "12:13:07",
                "_end": "-",
                "data": {
                    "type": "ground",
                    "time": 72.43192
                }
            },
            {
                "time": "2018-02-05T19:13:08.451Z",
                "type": "START",
                "source": "hotkey",
                "_t": "12:13:08",
                "_end": "-",
                "data": {
                    "type": "ground",
                    "time": 73.274211
                }
            },
            {
                "time": "2018-02-05T19:13:09.247Z",
                "type": "START",
                "source": "hotkey",
                "_t": "12:13:09",
                "_end": "-",
                "data": {
                    "type": "ground",
                    "time": 74.070457
                }
            },
            {
                "time": "2018-02-05T19:13:09.940Z",
                "type": "START",
                "source": "hotkey",
                "_t": "12:13:09",
                "_end": "-",
                "data": {
                    "type": "ground",
                    "time": 74.747949
                }
            },
            {
                "time": "2018-02-05T19:13:10.788Z",
                "type": "START",
                "source": "hotkey",
                "_t": "12:13:10",
                "_end": "-",
                "data": {
                    "type": "ground",
                    "time": 75.611913
                }
            },
            {
                "time": "2018-02-05T19:13:11.587Z",
                "type": "START",
                "source": "hotkey",
                "_t": "12:13:11",
                "_end": "-",
                "data": {
                    "type": "ground",
                    "time": 76.411591
                }
            },
            {
                "time": "2018-02-05T19:13:12.496Z",
                "type": "START",
                "source": "hotkey",
                "_t": "12:13:12",
                "_end": "-",
                "data": {
                    "type": "ground",
                    "time": 77.322964
                }
            },
            {
                "time": "2018-02-05T19:13:13.264Z",
                "type": "START",
                "source": "hotkey",
                "_t": "12:13:13",
                "_end": "-",
                "data": {
                    "type": "ground",
                    "time": 78.092976
                }
            },
            {
                "time": "2018-02-05T19:13:23.163Z",
                "type": "END",
                "source": "data:click:h_pos",
                "_t": "12:13:23",
                "_end": "-",
                "data": {
                    "lbl": {
                        "time": 78.092976,
                        "endTime": 79.32434942261713,
                        "type": "ground",
                        "id": 39
                    }
                }
            },
            {
                "time": "2018-02-05T19:13:23.837Z",
                "type": "SELECT",
                "source": "data:click",
                "_t": "12:13:23",
                "_end": "-",
                "data": {
                    "time": 78.092976,
                    "endTime": 79.32434942261713,
                    "type": "ground",
                    "id": 39
                }
            },
            {
                "time": "2018-02-05T19:13:24.607Z",
                "type": "DELETE",
                "source": "hotkey",
                "_t": "12:13:24",
                "_end": "-",
                "data": {
                    "id": 39,
                    "idx": 37
                }
            }
        ],
        "navigationEvents": [
            {
                "time": {
                    "start": "2018-02-05T19:09:52.436Z",
                    "end": "2018-02-05T19:11:05.274Z"
                },
                "type": "SCRUB",
                "source": "data:drag",
                "_t": "12:09:52",
                "_end": "12:11:05",
                "data": {
                    "time": 35.071403
                }
            },
            {
                "time": "2018-02-05T19:11:06.791Z",
                "type": "PAUSE",
                "source": "video:button",
                "_t": "12:11:06",
                "_end": "-"
            },
            {
                "time": {
                    "start": "2018-02-05T19:09:52.436Z",
                    "end": "2018-02-05T19:11:11.334Z"
                },
                "type": "SCRUB",
                "source": "data:drag",
                "_t": "12:09:52",
                "_end": "12:11:11",
                "data": {
                    "time": 36.593706
                }
            },
            {
                "time": {
                    "start": "2018-02-05T19:09:52.436Z",
                    "end": "2018-02-05T19:11:14.700Z"
                },
                "type": "SCRUB",
                "source": "data:drag",
                "_t": "12:09:52",
                "_end": "12:11:14",
                "data": {
                    "time": 36.593706
                }
            },
            {
                "time": {
                    "start": "2018-02-05T19:09:52.436Z",
                    "end": "2018-02-05T19:11:27.871Z"
                },
                "type": "SCRUB",
                "source": "data:drag",
                "_t": "12:09:52",
                "_end": "12:11:27",
                "data": {
                    "time": 36.593706
                }
            },
            {
                "time": "2018-02-05T19:11:30.358Z",
                "type": "PLAY",
                "source": "video:button",
                "_t": "12:11:30",
                "_end": "-"
            },
            {
                "time": "2018-02-05T19:11:41.517Z",
                "type": "PAUSE",
                "source": "video:button",
                "_t": "12:11:41",
                "_end": "-"
            },
            {
                "time": {
                    "start": "2018-02-05T19:09:52.436Z",
                    "end": "2018-02-05T19:11:52.007Z"
                },
                "type": "SCRUB",
                "source": "data:drag",
                "_t": "12:09:52",
                "_end": "12:11:52",
                "data": {
                    "time": 47.637121
                }
            },
            {
                "time": {
                    "start": "2018-02-05T19:09:52.436Z",
                    "end": "2018-02-05T19:11:56.495Z"
                },
                "type": "SCRUB",
                "source": "data:drag",
                "_t": "12:09:52",
                "_end": "12:11:56",
                "data": {
                    "time": 36.211014
                }
            },
            {
                "time": "2018-02-05T19:11:57.895Z",
                "type": "PLAY",
                "source": "video:button",
                "_t": "12:11:57",
                "_end": "-"
            },
            {
                "time": "2018-02-05T19:12:00.351Z",
                "type": "PAUSE",
                "source": "video:button",
                "_t": "12:12:00",
                "_end": "-"
            },
            {
                "time": "2018-02-05T19:12:05.910Z",
                "type": "PLAY",
                "source": "video:button",
                "_t": "12:12:05",
                "_end": "-"
            },
            {
                "time": "2018-02-05T19:12:26.367Z",
                "type": "PAUSE",
                "source": "video:button",
                "_t": "12:12:26",
                "_end": "-"
            },
            {
                "time": {
                    "start": "2018-02-05T19:09:52.436Z",
                    "end": "2018-02-05T19:12:30.766Z"
                },
                "type": "SCRUB",
                "source": "data:drag",
                "_t": "12:09:52",
                "_end": "12:12:30",
                "data": {
                    "time": 59.085581
                }
            },
            {
                "time": {
                    "start": "2018-02-05T19:09:52.436Z",
                    "end": "2018-02-05T19:12:31.486Z"
                },
                "type": "SCRUB",
                "source": "data:drag",
                "_t": "12:09:52",
                "_end": "12:12:31",
                "data": {
                    "time": 59.085581
                }
            },
            {
                "time": {
                    "start": "2018-02-05T19:09:52.436Z",
                    "end": "2018-02-05T19:12:35.382Z"
                },
                "type": "SCRUB",
                "source": "data:drag",
                "_t": "12:09:52",
                "_end": "12:12:35",
                "data": {
                    "time": 59.085581
                }
            },
            {
                "time": {
                    "start": "2018-02-05T19:09:52.436Z",
                    "end": "2018-02-05T19:12:41.398Z"
                },
                "type": "SCRUB",
                "source": "data:drag",
                "_t": "12:09:52",
                "_end": "12:12:41",
                "data": {
                    "time": 59.085581
                }
            },
            {
                "time": {
                    "start": "2018-02-05T19:09:52.436Z",
                    "end": "2018-02-05T19:12:42.474Z"
                },
                "type": "SCRUB",
                "source": "data:drag",
                "_t": "12:09:52",
                "_end": "12:12:42",
                "data": {
                    "time": 59.085581
                }
            },
            {
                "time": {
                    "start": "2018-02-05T19:09:52.436Z",
                    "end": "2018-02-05T19:12:43.158Z"
                },
                "type": "SCRUB",
                "source": "data:drag",
                "_t": "12:09:52",
                "_end": "12:12:43",
                "data": {
                    "time": 59.085581
                }
            },
            {
                "time": {
                    "start": "2018-02-05T19:09:52.436Z",
                    "end": "2018-02-05T19:12:43.802Z"
                },
                "type": "SCRUB",
                "source": "data:drag",
                "_t": "12:09:52",
                "_end": "12:12:43",
                "data": {
                    "time": 59.085581
                }
            },
            {
                "time": {
                    "start": "2018-02-05T19:09:52.436Z",
                    "end": "2018-02-05T19:12:44.286Z"
                },
                "type": "SCRUB",
                "source": "data:drag",
                "_t": "12:09:52",
                "_end": "12:12:44",
                "data": {
                    "time": 59.085581
                }
            },
            {
                "time": {
                    "start": "2018-02-05T19:09:52.436Z",
                    "end": "2018-02-05T19:12:47.244Z"
                },
                "type": "SCRUB",
                "source": "data:drag",
                "_t": "12:09:52",
                "_end": "12:12:47",
                "data": {
                    "time": 59.099269
                }
            },
            {
                "time": {
                    "start": "2018-02-05T19:09:52.436Z",
                    "end": "2018-02-05T19:12:47.819Z"
                },
                "type": "SCRUB",
                "source": "data:drag",
                "_t": "12:09:52",
                "_end": "12:12:47",
                "data": {
                    "time": 59.099269
                }
            },
            {
                "time": {
                    "start": "2018-02-05T19:09:52.436Z",
                    "end": "2018-02-05T19:12:48.422Z"
                },
                "type": "SCRUB",
                "source": "data:drag",
                "_t": "12:09:52",
                "_end": "12:12:48",
                "data": {
                    "time": 59.099269
                }
            },
            {
                "time": {
                    "start": "2018-02-05T19:09:52.436Z",
                    "end": "2018-02-05T19:12:48.971Z"
                },
                "type": "SCRUB",
                "source": "data:drag",
                "_t": "12:09:52",
                "_end": "12:12:48",
                "data": {
                    "time": 59.099269
                }
            },
            {
                "time": "2018-02-05T19:12:54.200Z",
                "type": "PLAY",
                "source": "video:button",
                "_t": "12:12:54",
                "_end": "-"
            },
            {
                "time": "2018-02-05T19:13:15.739Z",
                "type": "PAUSE",
                "source": "video:button",
                "_t": "12:13:15",
                "_end": "-"
            },
            {
                "time": {
                    "start": "2018-02-05T19:09:52.436Z",
                    "end": "2018-02-05T19:13:22.707Z"
                },
                "type": "SCRUB",
                "source": "data:drag",
                "_t": "12:09:52",
                "_end": "12:13:22",
                "data": {
                    "time": 80.583687
                }
            },
            {
                "time": {
                    "start": "2018-02-05T19:09:52.436Z",
                    "end": "2018-02-05T19:13:23.157Z"
                },
                "type": "SCRUB",
                "source": "data:drag",
                "_t": "12:09:52",
                "_end": "12:13:23",
                "data": {
                    "time": 80.583687
                }
            },
            {
                "time": {
                    "start": "2018-02-05T19:09:52.436Z",
                    "end": "2018-02-05T19:13:23.833Z"
                },
                "type": "SCRUB",
                "source": "data:drag",
                "_t": "12:09:52",
                "_end": "12:13:23",
                "data": {
                    "time": 80.583687
                }
            }
        ]
    }
}