[{"time":38.736752,"endTime":39.950637,"type":"ground","id":2},{"time":39.950637,"endTime":40.468884,"type":"ground","id":3},{"time":40.468884,"endTime":41.45008,"type":"ground","id":4},{"time":41.45008,"endTime":42.196494,"type":"ground","id":5},{"time":42.196494,"endTime":42.941976,"type":"ground","id":6},{"time":42.941976,"endTime":43.63574,"type":"ground","id":7},{"time":43.63574,"endTime":44.57835,"type":"ground","id":8},{"time":44.57835,"endTime":45.445852,"type":"ground","id":9},{"time":45.445852,"endTime":46.245259,"type":"ground","id":10},{"time":46.245259,"endTime":47.088803,"type":"ground","id":11},{"time":47.088803,"endTime":47.857257,"type":"ground","id":12},{"time":47.857257,"endTime":48.52964,"type":"ground","id":13},{"time":48.52964,"endTime":49.356584,"type":"ground","id":14},{"time":49.356584,"endTime":50.126673,"type":"ground","id":15},{"time":50.126673,"endTime":50.978771,"type":"ground","id":16},{"time":50.978771,"endTime":51.568281,"type":"ground","id":17},{"time":51.568281,"endTime":52.366249,"type":"ground","id":18},{"time":52.366249,"endTime":53.106092,"type":"ground","id":19},{"time":53.106092,"endTime":53.940091,"type":"ground","id":20},{"time":53.940091,"endTime":54.560015,"type":"ground","id":21},{"time":54.560015,"endTime":55.262348,"type":"ground","id":22},{"time":55.262348,"endTime":56.030492,"type":"ground","id":23},{"time":56.030492,"endTime":56.88366,"type":"ground","id":24},{"time":56.88366,"endTime":57.796782,"type":"ground","id":25},{"time":66.656245,"endTime":67.829988,"type":"ground","id":26},{"time":67.829988,"endTime":69.323805,"type":"ground","id":27},{"time":69.323805,"endTime":70.078054,"type":"ground","id":28},{"time":70.078054,"endTime":70.860616,"type":"ground","id":29},{"time":70.860616,"endTime":71.692082,"type":"ground","id":30},{"time":71.692082,"endTime":72.43192,"type":"ground","id":31},{"time":72.43192,"endTime":73.274211,"type":"ground","id":32},{"time":73.274211,"endTime":74.070457,"type":"ground","id":33},{"time":74.070457,"endTime":74.747949,"type":"ground","id":34},{"time":74.747949,"endTime":75.611913,"type":"ground","id":35},{"time":75.611913,"endTime":76.411591,"type":"ground","id":36},{"time":76.411591,"endTime":77.322964,"type":"ground","id":37},{"time":77.322964,"endTime":78.092976,"type":"ground","id":38}]