{
    "user_id": "055",
    "session_id": "5a78ba10ee2b1975ba835bd3",
    "study": "studyD",
    "workspace": "cane.cane-vid3-dat3",
    "details": {
        "workspace": "cane.cane-vid3-dat3",
        "labels": [
            {
                "time": 38.48353,
                "endTime": 39.882555957307545,
                "type": "ground",
                "id": 1
            },
            {
                "time": 40.279717,
                "endTime": 41.38534107398106,
                "type": "ground",
                "id": 2
            },
            {
                "time": 41.846912,
                "endTime": 42.91675612033761,
                "type": "ground",
                "id": 3
            },
            {
                "time": 43.58585500000022,
                "endTime": 44.61991838052708,
                "type": "ground",
                "id": 4
            },
            {
                "time": 45.067177,
                "endTime": 46.23720633417045,
                "type": "ground",
                "id": 5
            }
        ],
        "_starts": [
            "2018-02-05T20:10:05.000Z"
        ],
        "_ends": [
            "2018-02-05T20:13:43.393Z"
        ]
    },
    "labels_file": "/home/ubuntu/vat/data/user-studies/studyD/practice-first/055.labels.json",
    "videoFlash": 1.747661,
    "surveys": {
        "user-info": {
            "firstname": "Riley",
            "lastname": "Hale",
            "email": "riley.e.hale@gmail.com"
        }
    },
    "logs": {
        "labelEvents": [
            {
                "time": "2018-02-05T20:11:25.500Z",
                "type": "START",
                "source": "side-bar:button",
                "_t": "13:11:25",
                "_end": "-",
                "data": {
                    "type": "ground",
                    "time": 38.48353
                }
            },
            {
                "time": "2018-02-05T20:11:31.039Z",
                "type": "END",
                "source": "data:click:h_pos",
                "_t": "13:11:31",
                "_end": "-",
                "data": {
                    "lbl": {
                        "time": 38.48353,
                        "endTime": 39.882555957307545,
                        "type": "ground",
                        "id": 1
                    }
                }
            },
            {
                "time": "2018-02-05T20:11:46.205Z",
                "type": "SELECT",
                "source": "data:click",
                "_t": "13:11:46",
                "_end": "-",
                "data": {
                    "time": 38.48353,
                    "endTime": 39.882555957307545,
                    "type": "ground",
                    "id": 1
                }
            },
            {
                "time": "2018-02-05T20:11:46.375Z",
                "type": "DESELECT",
                "source": "data:click",
                "_t": "13:11:46",
                "_end": "-",
                "data": {
                    "time": 38.48353,
                    "endTime": 39.481811671428574,
                    "type": "ground",
                    "id": 1
                }
            },
            {
                "time": "2018-02-05T20:11:58.437Z",
                "type": "SELECT",
                "source": "data:click",
                "_t": "13:11:58",
                "_end": "-",
                "data": {
                    "time": 38.48353,
                    "endTime": 39.882555957307545,
                    "type": "ground",
                    "id": 1
                }
            },
            {
                "time": {
                    "start": "2018-02-05T20:12:04.536Z",
                    "end": "2018-02-05T20:12:07.195Z"
                },
                "type": "RESIZE",
                "source": "data:brush",
                "_t": "13:12:04",
                "_end": "13:12:07",
                "data": {
                    "brushing": true,
                    "origin": [
                        38.48353,
                        39.481811671428574
                    ],
                    "_brushside": 1,
                    "start": "2018-02-05T20:12:04.536Z",
                    "ε": 0.1,
                    "mode": "resize"
                }
            },
            {
                "time": "2018-02-05T20:12:22.284Z",
                "type": "START",
                "source": "side-bar:button",
                "_t": "13:12:22",
                "_end": "-",
                "data": {
                    "type": "ground",
                    "time": 40.279717
                }
            },
            {
                "time": "2018-02-05T20:12:37.125Z",
                "type": "END",
                "source": "data:click:h_pos",
                "_t": "13:12:37",
                "_end": "-",
                "data": {
                    "lbl": {
                        "time": 40.279717,
                        "endTime": 41.38534107398106,
                        "type": "ground",
                        "id": 2
                    }
                }
            },
            {
                "time": "2018-02-05T20:12:46.820Z",
                "type": "START",
                "source": "side-bar:button",
                "_t": "13:12:46",
                "_end": "-",
                "data": {
                    "type": "ground",
                    "time": 41.846912
                }
            },
            {
                "time": "2018-02-05T20:12:49.647Z",
                "type": "END",
                "source": "data:click:h_pos",
                "_t": "13:12:49",
                "_end": "-",
                "data": {
                    "lbl": {
                        "time": 41.846912,
                        "endTime": 42.91675612033761,
                        "type": "ground",
                        "id": 3
                    }
                }
            },
            {
                "time": "2018-02-05T20:13:05.313Z",
                "type": "START",
                "source": "hotkey",
                "_t": "13:13:05",
                "_end": "-",
                "data": {
                    "type": "ground",
                    "time": 43.585855
                }
            },
            {
                "time": "2018-02-05T20:13:08.582Z",
                "type": "END",
                "source": "data:click:h_pos",
                "_t": "13:13:08",
                "_end": "-",
                "data": {
                    "lbl": {
                        "time": 43.58585500000022,
                        "endTime": 44.61991838052708,
                        "type": "ground",
                        "id": 4
                    }
                }
            },
            {
                "time": "2018-02-05T20:13:15.918Z",
                "type": "SELECT",
                "source": "data:click",
                "_t": "13:13:15",
                "_end": "-",
                "data": {
                    "time": 43.58585500000022,
                    "endTime": 44.61991838052708,
                    "type": "ground",
                    "id": 4
                }
            },
            {
                "time": {
                    "start": "2018-02-05T20:13:16.493Z",
                    "end": "2018-02-05T20:13:17.749Z"
                },
                "type": "RESIZE",
                "source": "data:brush",
                "_t": "13:13:16",
                "_end": "13:13:17",
                "data": {
                    "brushing": true,
                    "origin": [
                        43.585855,
                        44.562669196830086
                    ],
                    "start": "2018-02-05T20:13:16.493Z",
                    "ε": 0.1,
                    "mode": "resize"
                }
            },
            {
                "time": "2018-02-05T20:13:27.567Z",
                "type": "START",
                "source": "hotkey",
                "_t": "13:13:27",
                "_end": "-",
                "data": {
                    "type": "ground",
                    "time": 45.067177
                }
            },
            {
                "time": "2018-02-05T20:13:42.436Z",
                "type": "END",
                "source": "data:click:h_pos",
                "_t": "13:13:42",
                "_end": "-",
                "data": {
                    "lbl": {
                        "time": 45.067177,
                        "endTime": 46.23720633417045,
                        "type": "ground",
                        "id": 5
                    }
                }
            }
        ],
        "navigationEvents": [
            {
                "time": "2018-02-05T20:11:04.452Z",
                "type": "CHANGE-PLAYBACK-RATE",
                "source": "video:menu",
                "_t": "13:11:04",
                "_end": "-",
                "data": {
                    "oldRate": 1,
                    "newRate": 2
                }
            },
            {
                "time": "2018-02-05T20:11:13.416Z",
                "type": "PAUSE",
                "source": "video:button",
                "_t": "13:11:13",
                "_end": "-"
            },
            {
                "time": {
                    "start": "2018-02-05T20:10:05.899Z",
                    "end": "2018-02-05T20:11:23.459Z"
                },
                "type": "SCRUB",
                "source": "data:drag",
                "_t": "13:10:05",
                "_end": "13:11:23",
                "data": {
                    "time": 38.48353
                }
            },
            {
                "time": {
                    "start": "2018-02-05T20:10:05.899Z",
                    "end": "2018-02-05T20:11:27.440Z"
                },
                "type": "SCRUB",
                "source": "data:drag",
                "_t": "13:10:05",
                "_end": "13:11:27",
                "data": {
                    "time": 38.490686
                }
            },
            {
                "time": {
                    "start": "2018-02-05T20:10:05.899Z",
                    "end": "2018-02-05T20:11:28.329Z"
                },
                "type": "SCRUB",
                "source": "data:drag",
                "_t": "13:10:05",
                "_end": "13:11:28",
                "data": {
                    "time": 38.24022
                }
            },
            {
                "time": {
                    "start": "2018-02-05T20:10:05.899Z",
                    "end": "2018-02-05T20:11:31.035Z"
                },
                "type": "SCRUB",
                "source": "data:drag",
                "_t": "13:10:05",
                "_end": "13:11:31",
                "data": {
                    "time": 38.24022
                }
            },
            {
                "time": {
                    "start": "2018-02-05T20:10:05.899Z",
                    "end": "2018-02-05T20:11:35.347Z"
                },
                "type": "SCRUB",
                "source": "data:drag",
                "_t": "13:10:05",
                "_end": "13:11:35",
                "data": {
                    "time": 40.036413
                }
            },
            {
                "time": {
                    "start": "2018-02-05T20:10:05.899Z",
                    "end": "2018-02-05T20:11:40.828Z"
                },
                "type": "SCRUB",
                "source": "data:drag",
                "_t": "13:10:05",
                "_end": "13:11:40",
                "data": {
                    "time": 40.036413
                }
            },
            {
                "time": {
                    "start": "2018-02-05T20:10:05.899Z",
                    "end": "2018-02-05T20:11:43.605Z"
                },
                "type": "SCRUB",
                "source": "data:drag",
                "_t": "13:10:05",
                "_end": "13:11:43",
                "data": {
                    "time": 39.957695
                }
            },
            {
                "time": {
                    "start": "2018-02-05T20:10:05.899Z",
                    "end": "2018-02-05T20:11:44.621Z"
                },
                "type": "SCRUB",
                "source": "data:drag",
                "_t": "13:10:05",
                "_end": "13:11:44",
                "data": {
                    "time": 39.950538
                }
            },
            {
                "time": {
                    "start": "2018-02-05T20:10:05.899Z",
                    "end": "2018-02-05T20:11:45.345Z"
                },
                "type": "SCRUB",
                "source": "data:drag",
                "_t": "13:10:05",
                "_end": "13:11:45",
                "data": {
                    "time": 39.943381
                }
            },
            {
                "time": {
                    "start": "2018-02-05T20:10:05.899Z",
                    "end": "2018-02-05T20:11:45.523Z"
                },
                "type": "SCRUB",
                "source": "data:drag",
                "_t": "13:10:05",
                "_end": "13:11:45",
                "data": {
                    "time": 39.943381
                }
            },
            {
                "time": "2018-02-05T20:11:45.530Z",
                "type": "JUMP",
                "source": "data:dblclick:h_pos",
                "_t": "13:11:45",
                "_end": "-",
                "data": {
                    "from": 39.943381,
                    "to": 39.4889656044051
                }
            },
            {
                "time": {
                    "start": "2018-02-05T20:10:05.899Z",
                    "end": "2018-02-05T20:11:46.203Z"
                },
                "type": "SCRUB",
                "source": "data:drag",
                "_t": "13:10:05",
                "_end": "13:11:46",
                "data": {
                    "time": 39.488965
                }
            },
            {
                "time": {
                    "start": "2018-02-05T20:10:05.899Z",
                    "end": "2018-02-05T20:11:46.374Z"
                },
                "type": "SCRUB",
                "source": "data:drag",
                "_t": "13:10:05",
                "_end": "13:11:46",
                "data": {
                    "time": 39.488965
                }
            },
            {
                "time": "2018-02-05T20:11:46.379Z",
                "type": "JUMP",
                "source": "data:dblclick:h_pos",
                "_t": "13:11:46",
                "_end": "-",
                "data": {
                    "from": 39.488965,
                    "to": 38.95583197682173
                }
            },
            {
                "time": {
                    "start": "2018-02-05T20:10:05.899Z",
                    "end": "2018-02-05T20:11:57.449Z"
                },
                "type": "SCRUB",
                "source": "data:drag",
                "_t": "13:10:05",
                "_end": "13:11:57",
                "data": {
                    "time": 39.878974
                }
            },
            {
                "time": {
                    "start": "2018-02-05T20:10:05.899Z",
                    "end": "2018-02-05T20:11:58.435Z"
                },
                "type": "SCRUB",
                "source": "data:drag",
                "_t": "13:10:05",
                "_end": "13:11:58",
                "data": {
                    "time": 39.878974
                }
            },
            {
                "time": {
                    "start": "2018-02-05T20:10:05.899Z",
                    "end": "2018-02-05T20:12:07.204Z"
                },
                "type": "SCRUB",
                "source": "data:drag",
                "_t": "13:10:05",
                "_end": "13:12:07",
                "data": {
                    "time": 39.878974
                }
            },
            {
                "time": {
                    "start": "2018-02-05T20:10:05.899Z",
                    "end": "2018-02-05T20:12:11.348Z"
                },
                "type": "SCRUB",
                "source": "data:drag",
                "_t": "13:10:05",
                "_end": "13:12:11",
                "data": {
                    "time": 40.251093
                }
            },
            {
                "time": {
                    "start": "2018-02-05T20:10:05.899Z",
                    "end": "2018-02-05T20:12:20.632Z"
                },
                "type": "SCRUB",
                "source": "data:drag",
                "_t": "13:10:05",
                "_end": "13:12:20",
                "data": {
                    "time": 40.279717
                }
            },
            {
                "time": {
                    "start": "2018-02-05T20:10:05.899Z",
                    "end": "2018-02-05T20:12:33.268Z"
                },
                "type": "SCRUB",
                "source": "data:drag",
                "_t": "13:10:05",
                "_end": "13:12:33",
                "data": {
                    "time": 41.381763
                }
            },
            {
                "time": {
                    "start": "2018-02-05T20:10:05.899Z",
                    "end": "2018-02-05T20:12:37.124Z"
                },
                "type": "SCRUB",
                "source": "data:drag",
                "_t": "13:10:05",
                "_end": "13:12:37",
                "data": {
                    "time": 41.381763
                }
            },
            {
                "time": {
                    "start": "2018-02-05T20:10:05.899Z",
                    "end": "2018-02-05T20:12:45.692Z"
                },
                "type": "SCRUB",
                "source": "data:drag",
                "_t": "13:10:05",
                "_end": "13:12:45",
                "data": {
                    "time": 41.846912
                }
            },
            {
                "time": {
                    "start": "2018-02-05T20:10:05.899Z",
                    "end": "2018-02-05T20:12:49.646Z"
                },
                "type": "SCRUB",
                "source": "data:drag",
                "_t": "13:10:05",
                "_end": "13:12:49",
                "data": {
                    "time": 41.846912
                }
            },
            {
                "time": {
                    "start": "2018-02-05T20:10:05.899Z",
                    "end": "2018-02-05T20:12:56.180Z"
                },
                "type": "SCRUB",
                "source": "data:drag",
                "_t": "13:10:05",
                "_end": "13:12:56",
                "data": {
                    "time": 42.991895
                }
            },
            {
                "time": {
                    "start": "2018-02-05T20:10:05.899Z",
                    "end": "2018-02-05T20:13:03.932Z"
                },
                "type": "SCRUB",
                "source": "data:drag",
                "_t": "13:10:05",
                "_end": "13:13:03",
                "data": {
                    "time": 43.585855
                }
            },
            {
                "time": {
                    "start": "2018-02-05T20:10:05.899Z",
                    "end": "2018-02-05T20:13:08.580Z"
                },
                "type": "SCRUB",
                "source": "data:drag",
                "_t": "13:10:05",
                "_end": "13:13:08",
                "data": {
                    "time": 43.585855
                }
            },
            {
                "time": {
                    "start": "2018-02-05T20:10:05.899Z",
                    "end": "2018-02-05T20:13:14.356Z"
                },
                "type": "SCRUB",
                "source": "data:drag",
                "_t": "13:10:05",
                "_end": "13:13:14",
                "data": {
                    "time": 44.623496
                }
            },
            {
                "time": {
                    "start": "2018-02-05T20:10:05.899Z",
                    "end": "2018-02-05T20:13:15.916Z"
                },
                "type": "SCRUB",
                "source": "data:drag",
                "_t": "13:10:05",
                "_end": "13:13:15",
                "data": {
                    "time": 44.623496
                }
            },
            {
                "time": {
                    "start": "2018-02-05T20:10:05.899Z",
                    "end": "2018-02-05T20:13:17.756Z"
                },
                "type": "SCRUB",
                "source": "data:drag",
                "_t": "13:10:05",
                "_end": "13:13:17",
                "data": {
                    "time": 44.623496
                }
            },
            {
                "time": {
                    "start": "2018-02-05T20:10:05.899Z",
                    "end": "2018-02-05T20:13:25.935Z"
                },
                "type": "SCRUB",
                "source": "data:drag",
                "_t": "13:10:05",
                "_end": "13:13:25",
                "data": {
                    "time": 45.067177
                }
            },
            {
                "time": {
                    "start": "2018-02-05T20:10:05.899Z",
                    "end": "2018-02-05T20:13:29.691Z"
                },
                "type": "SCRUB",
                "source": "data:drag",
                "_t": "13:10:05",
                "_end": "13:13:29",
                "data": {
                    "time": 45.761323
                }
            },
            {
                "time": {
                    "start": "2018-02-05T20:10:05.899Z",
                    "end": "2018-02-05T20:13:31.916Z"
                },
                "type": "SCRUB",
                "source": "data:drag",
                "_t": "13:10:05",
                "_end": "13:13:31",
                "data": {
                    "time": 46.312346
                }
            },
            {
                "time": {
                    "start": "2018-02-05T20:10:05.899Z",
                    "end": "2018-02-05T20:13:40.661Z"
                },
                "type": "SCRUB",
                "source": "data:drag",
                "_t": "13:10:05",
                "_end": "13:13:40",
                "data": {
                    "time": 46.269409
                }
            },
            {
                "time": {
                    "start": "2018-02-05T20:10:05.899Z",
                    "end": "2018-02-05T20:13:42.434Z"
                },
                "type": "SCRUB",
                "source": "data:drag",
                "_t": "13:10:05",
                "_end": "13:13:42",
                "data": {
                    "time": 46.269409
                }
            }
        ]
    }
}