{
    "user_id": "atangren",
    "session_id": "5a78ba63ee2b1975ba835bd7",
    "study": "studyD",
    "workspace": "cane.cane-vid3-dat3",
    "details": {
        "workspace": "cane.cane-vid3-dat3",
        "labels": [
            {
                "time": 38.69364937512202,
                "endTime": 39.7818085798374,
                "type": "ground",
                "id": 1
            },
            {
                "time": 40.32243025520323,
                "endTime": 41.36112767788617,
                "type": "ground",
                "id": 2
            }
        ],
        "_starts": [
            "2018-02-05T20:11:27.000Z"
        ],
        "_ends": [
            "2018-02-05T20:15:02.621Z"
        ]
    },
    "labels_file": "/home/ubuntu/vat/data/user-studies/studyD/practice-first/atangren.labels.json",
    "videoFlash": 1.747661,
    "surveys": {
        "user-info": {
            "firstname": "Andrew",
            "lastname": "Tangren",
            "email": "andrewjt678@gmail.com"
        }
    },
    "logs": {
        "labelEvents": [
            {
                "time": "2018-02-05T20:13:10.846Z",
                "type": "START",
                "source": "side-bar:button",
                "_t": "13:13:10",
                "_end": "-",
                "data": {
                    "type": "ground",
                    "time": 42.63646
                }
            },
            {
                "time": "2018-02-05T20:13:15.418Z",
                "type": "END",
                "source": "data:click:h_pos",
                "_t": "13:13:15",
                "_end": "-",
                "data": {
                    "lbl": {
                        "time": 38.69364937512202,
                        "endTime": 39.7818085798374,
                        "type": "ground",
                        "id": 1
                    }
                }
            },
            {
                "time": "2018-02-05T20:13:22.544Z",
                "type": "SELECT",
                "source": "data:click",
                "_t": "13:13:22",
                "_end": "-",
                "data": {
                    "time": 38.69364937512202,
                    "endTime": 39.7818085798374,
                    "type": "ground",
                    "id": 1
                }
            },
            {
                "time": {
                    "start": "2018-02-05T20:13:27.545Z",
                    "end": "2018-02-05T20:13:29.589Z"
                },
                "type": "RESIZE",
                "source": "data:brush",
                "_t": "13:13:27",
                "_end": "13:13:29",
                "data": {
                    "brushing": true,
                    "origin": [
                        38.69364937512195,
                        42.63646
                    ],
                    "_brushside": 1,
                    "start": "2018-02-05T20:13:27.545Z",
                    "ε": 0.1,
                    "mode": "resize"
                }
            },
            {
                "time": "2018-02-05T20:13:39.225Z",
                "type": "DESELECT",
                "source": "data:click",
                "_t": "13:13:39",
                "_end": "-",
                "data": {
                    "time": 38.69364937512198,
                    "endTime": 40.34002011991867,
                    "type": "ground",
                    "id": 1
                }
            },
            {
                "time": "2018-02-05T20:13:41.647Z",
                "type": "SELECT",
                "source": "data:click",
                "_t": "13:13:41",
                "_end": "-",
                "data": {
                    "time": 38.69364937512202,
                    "endTime": 39.7818085798374,
                    "type": "ground",
                    "id": 1
                }
            },
            {
                "time": {
                    "start": "2018-02-05T20:13:42.767Z",
                    "end": "2018-02-05T20:13:45.079Z"
                },
                "type": "RESIZE",
                "source": "data:brush",
                "_t": "13:13:42",
                "_end": "13:13:45",
                "data": {
                    "brushing": true,
                    "origin": [
                        38.69364937512198,
                        40.34002011991867
                    ],
                    "_brushside": 1,
                    "start": "2018-02-05T20:13:42.767Z",
                    "ε": 0.1,
                    "mode": "resize"
                }
            },
            {
                "time": "2018-02-05T20:13:49.730Z",
                "type": "DESELECT",
                "source": "data:click",
                "_t": "13:13:49",
                "_end": "-",
                "data": {
                    "time": 38.69364937512202,
                    "endTime": 39.7818085798374,
                    "type": "ground",
                    "id": 1
                }
            },
            {
                "time": "2018-02-05T20:13:55.966Z",
                "type": "START",
                "source": "side-bar:button",
                "_t": "13:13:55",
                "_end": "-",
                "data": {
                    "type": "ground",
                    "time": 41.968801
                }
            },
            {
                "time": "2018-02-05T20:14:03.122Z",
                "type": "END",
                "source": "data:click:h_pos",
                "_t": "13:14:03",
                "_end": "-",
                "data": {
                    "lbl": {
                        "time": 40.32243025520323,
                        "endTime": 41.36112767788617,
                        "type": "ground",
                        "id": 2
                    }
                }
            },
            {
                "time": "2018-02-05T20:14:05.024Z",
                "type": "SELECT",
                "source": "data:click",
                "_t": "13:14:05",
                "_end": "-",
                "data": {
                    "time": 40.32243025520323,
                    "endTime": 41.36112767788617,
                    "type": "ground",
                    "id": 2
                }
            },
            {
                "time": {
                    "start": "2018-02-05T20:14:06.351Z",
                    "end": "2018-02-05T20:14:08.174Z"
                },
                "type": "RESIZE",
                "source": "data:brush",
                "_t": "13:14:06",
                "_end": "13:14:08",
                "data": {
                    "brushing": true,
                    "origin": [
                        40.32243025520325,
                        41.968801
                    ],
                    "_brushside": 1,
                    "start": "2018-02-05T20:14:06.351Z",
                    "ε": 0.1,
                    "mode": "resize"
                }
            },
            {
                "time": "2018-02-05T20:14:12.734Z",
                "type": "DESELECT",
                "source": "side-bar:button",
                "_t": "13:14:12",
                "_end": "-",
                "data": {
                    "time": 40.32243025520323,
                    "endTime": 41.36112767788617,
                    "type": "ground",
                    "id": 2
                }
            },
            {
                "time": "2018-02-05T20:14:50.822Z",
                "type": "START",
                "source": "hotkey",
                "_t": "13:14:50",
                "_end": "-",
                "data": {
                    "type": "ground",
                    "time": 41.968801
                }
            }
        ],
        "navigationEvents": [
            {
                "time": "2018-02-05T20:12:13.565Z",
                "type": "PAUSE",
                "source": "video:button",
                "_t": "13:12:13",
                "_end": "-"
            },
            {
                "time": {
                    "start": "2018-02-05T20:12:14.265Z",
                    "end": "2018-02-05T20:12:14.372Z"
                },
                "type": "SCRUB",
                "source": "video:drag",
                "_t": "13:12:14",
                "_end": "13:12:14",
                "data": {
                    "to": 11.87192,
                    "from": 7.559619
                }
            },
            {
                "time": "2018-02-05T20:12:15.189Z",
                "type": "PLAY",
                "source": "video:button",
                "_t": "13:12:15",
                "_end": "-"
            },
            {
                "time": {
                    "start": "2018-02-05T20:12:20.772Z",
                    "end": "2018-02-05T20:12:21.683Z"
                },
                "type": "SCRUB",
                "source": "video:drag",
                "_t": "13:12:20",
                "_end": "13:12:21",
                "data": {
                    "to": 25.983825,
                    "from": 17.367276
                }
            },
            {
                "time": {
                    "start": "2018-02-05T20:12:22.681Z",
                    "end": "2018-02-05T20:12:22.821Z"
                },
                "type": "SCRUB",
                "source": "video:drag",
                "_t": "13:12:22",
                "_end": "13:12:22",
                "data": {
                    "to": 31.359789,
                    "from": 26.908696
                }
            },
            {
                "time": "2018-02-05T20:12:30.105Z",
                "type": "PAUSE",
                "source": "video:button",
                "_t": "13:12:30",
                "_end": "-"
            },
            {
                "time": "2018-02-05T20:12:31.118Z",
                "type": "PLAY",
                "source": "video:button",
                "_t": "13:12:31",
                "_end": "-"
            },
            {
                "time": "2018-02-05T20:12:31.733Z",
                "type": "PAUSE",
                "source": "video:button",
                "_t": "13:12:31",
                "_end": "-"
            },
            {
                "time": "2018-02-05T20:12:32.718Z",
                "type": "PLAY",
                "source": "video:button",
                "_t": "13:12:32",
                "_end": "-"
            },
            {
                "time": "2018-02-05T20:12:40.872Z",
                "type": "PAUSE",
                "source": "video:button",
                "_t": "13:12:40",
                "_end": "-"
            },
            {
                "time": {
                    "start": "2018-02-05T20:12:44.380Z",
                    "end": "2018-02-05T20:12:44.486Z"
                },
                "type": "SCRUB",
                "source": "video:drag",
                "_t": "13:12:44",
                "_end": "13:12:44",
                "data": {
                    "to": 17.471882,
                    "from": 47.357517
                }
            },
            {
                "time": "2018-02-05T20:12:45.558Z",
                "type": "PLAY",
                "source": "video:button",
                "_t": "13:12:45",
                "_end": "-"
            },
            {
                "time": {
                    "start": "2018-02-05T20:12:53.110Z",
                    "end": "2018-02-05T20:12:53.237Z"
                },
                "type": "SCRUB",
                "source": "video:drag",
                "_t": "13:12:53",
                "_end": "13:12:53",
                "data": {
                    "to": 28.746473,
                    "from": 24.957599
                }
            },
            {
                "time": {
                    "start": "2018-02-05T20:12:54.385Z",
                    "end": "2018-02-05T20:12:54.485Z"
                },
                "type": "SCRUB",
                "source": "video:drag",
                "_t": "13:12:54",
                "_end": "13:12:54",
                "data": {
                    "to": 32.927779,
                    "from": 29.795393
                }
            },
            {
                "time": "2018-02-05T20:13:04.270Z",
                "type": "PAUSE",
                "source": "video:button",
                "_t": "13:13:04",
                "_end": "-"
            },
            {
                "time": {
                    "start": "2018-02-05T20:11:27.915Z",
                    "end": "2018-02-05T20:13:15.418Z"
                },
                "type": "SCRUB",
                "source": "data:drag",
                "_t": "13:11:27",
                "_end": "13:13:15",
                "data": {
                    "time": 42.63646
                }
            },
            {
                "time": {
                    "start": "2018-02-05T20:11:27.915Z",
                    "end": "2018-02-05T20:13:19.438Z"
                },
                "type": "SCRUB",
                "source": "data:drag",
                "_t": "13:11:27",
                "_end": "13:13:19",
                "data": {
                    "time": 43.484376
                }
            },
            {
                "time": {
                    "start": "2018-02-05T20:11:27.915Z",
                    "end": "2018-02-05T20:13:22.053Z"
                },
                "type": "SCRUB",
                "source": "data:drag",
                "_t": "13:11:27",
                "_end": "13:13:22",
                "data": {
                    "time": 40.410679
                }
            },
            {
                "time": {
                    "start": "2018-02-05T20:11:27.915Z",
                    "end": "2018-02-05T20:13:22.541Z"
                },
                "type": "SCRUB",
                "source": "data:drag",
                "_t": "13:11:27",
                "_end": "13:13:22",
                "data": {
                    "time": 40.410679
                }
            },
            {
                "time": {
                    "start": "2018-02-05T20:11:27.915Z",
                    "end": "2018-02-05T20:13:29.596Z"
                },
                "type": "SCRUB",
                "source": "data:drag",
                "_t": "13:11:27",
                "_end": "13:13:29",
                "data": {
                    "time": 40.410679
                }
            },
            {
                "time": {
                    "start": "2018-02-05T20:13:31.266Z",
                    "end": "2018-02-05T20:13:31.394Z"
                },
                "type": "SCRUB",
                "source": "video:drag",
                "_t": "13:13:31",
                "_end": "13:13:31",
                "data": {
                    "to": 36.735753,
                    "from": 40.410679
                }
            },
            {
                "time": "2018-02-05T20:13:32.430Z",
                "type": "PLAY",
                "source": "video:button",
                "_t": "13:13:32",
                "_end": "-"
            },
            {
                "time": "2018-02-05T20:13:37.703Z",
                "type": "PAUSE",
                "source": "video:button",
                "_t": "13:13:37",
                "_end": "-"
            },
            {
                "time": {
                    "start": "2018-02-05T20:11:27.915Z",
                    "end": "2018-02-05T20:13:39.225Z"
                },
                "type": "SCRUB",
                "source": "data:drag",
                "_t": "13:11:27",
                "_end": "13:13:39",
                "data": {
                    "time": 41.968801
                }
            },
            {
                "time": {
                    "start": "2018-02-05T20:11:27.915Z",
                    "end": "2018-02-05T20:13:41.646Z"
                },
                "type": "SCRUB",
                "source": "data:drag",
                "_t": "13:11:27",
                "_end": "13:13:41",
                "data": {
                    "time": 41.968801
                }
            },
            {
                "time": {
                    "start": "2018-02-05T20:11:27.915Z",
                    "end": "2018-02-05T20:13:45.087Z"
                },
                "type": "SCRUB",
                "source": "data:drag",
                "_t": "13:11:27",
                "_end": "13:13:45",
                "data": {
                    "time": 41.968801
                }
            },
            {
                "time": {
                    "start": "2018-02-05T20:11:27.915Z",
                    "end": "2018-02-05T20:13:49.729Z"
                },
                "type": "SCRUB",
                "source": "data:drag",
                "_t": "13:11:27",
                "_end": "13:13:49",
                "data": {
                    "time": 41.968801
                }
            },
            {
                "time": {
                    "start": "2018-02-05T20:11:27.915Z",
                    "end": "2018-02-05T20:14:03.121Z"
                },
                "type": "SCRUB",
                "source": "data:drag",
                "_t": "13:11:27",
                "_end": "13:14:03",
                "data": {
                    "time": 41.968801
                }
            },
            {
                "time": {
                    "start": "2018-02-05T20:11:27.915Z",
                    "end": "2018-02-05T20:14:05.022Z"
                },
                "type": "SCRUB",
                "source": "data:drag",
                "_t": "13:11:27",
                "_end": "13:14:05",
                "data": {
                    "time": 41.968801
                }
            },
            {
                "time": {
                    "start": "2018-02-05T20:11:27.915Z",
                    "end": "2018-02-05T20:14:08.193Z"
                },
                "type": "SCRUB",
                "source": "data:drag",
                "_t": "13:11:27",
                "_end": "13:14:08",
                "data": {
                    "time": 41.968801
                }
            }
        ]
    }
}