{
    "responses": {
        "question1": "Running, Pill, then Cane",
        "question2": "Video is essential when there is lots of movement occuring, such as the cane example, and it can be difficult to observe patterns in data when there is lots of movement.",
        "question3": "Data is essential when you are observing a large amount of data where patterns and themes can be detected relatively easily. It would be handy to have data in the lengthier running and pill videos where it is easy to discern what types of events are occuring.",
        "question4": ""
    }
}