{
    "responses": {
        "question1": "Cane was pretty difficult (expecially with video, I kept scrubbing to see when it actually lifted off the ground), Then running (It was easier to pick out when skipping, and walking and then by elimination choose when running occured), then pills. The Gyro data really helped to show what and when things were happening. Probably because it was a stationary object.",
        "question2": "Video was only necessary when I was trying to analyze the data and noticing patterns between the two.",
        "question3": "Data was necessary for pinpointing when an action started. Other wise I am left to guessing when something starts and finishes off a crappy video",
        "question4": "This is really cool, I would love to learn more."
    }
}