{
    "responses": {
        "question1": "I would put running as easiest, then pills, then cane. Cane was first because it lifted and lowered quickly, there was not much room between round. The margin of error when starting or stopping could increase due to this. The pills were easier to me. The difficulty would arise when someone would move the bottle with more force, the signal could mix with that of opening the bottle. But I feel that movement would be more stretched out, and I didn't see that case much. Running was easiest. running was steady, while jogging was less so. Also jogging's motion was squezed more. For me the distinction was easy to see.",
        "question2": "The video is essential in mapping motion with data. If you only had data, then you'd make assumptions of what it means. But when you saw it youd have more confirmation of what it means, and the margin of error in the future when analyzing data would be less.",
        "question3": "For me data was most beneficial as a means to skip around in the video. With only the video you'd have to wait for an event, resulting in wasted time. Seeing the data made for faster work and more gave more events to process. With more events processed, the better the machine will be at learning events itself.",
        "question4": "I felt with this test, I was not able to do all the events with the given time. If I wanted more events, Id have to manually skip around in the video. This still felt rushed as I was only jumping really small intervals. I feared jumping across more intervals due to not wanting to miss an event. I feel that the video was greatly beneficial to the fact that you knew for sure what event was happening. It decreases chance for an error tremendously, but I like to have the data alongside it so that I can know at what periods in time I can skip to to analyze the next event."
    }
}