{
    "user_id": "049",
    "session_id": "5a789de3ee2b1975ba835b9c",
    "study": "studyD",
    "workspace": "cane.cane-yellow",
    "details": {
        "workspace": "cane.cane-yellow",
        "labels": [
            {
                "time": 27.986493,
                "endTime": 29.40996209323064,
                "type": "ground",
                "id": 1
            },
            {
                "time": 27.986493,
                "endTime": 27.986493,
                "type": "ground",
                "id": 2
            },
            {
                "time": 30.022713,
                "endTime": 31.1068119782893,
                "type": "ground",
                "id": 3
            },
            {
                "time": 31.826402,
                "endTime": 32.860223924223206,
                "type": "ground",
                "id": 4
            },
            {
                "time": 33.454121,
                "endTime": 34.70162040400063,
                "type": "ground",
                "id": 5
            },
            {
                "time": 35.301802,
                "endTime": 36.373331714773435,
                "type": "ground",
                "id": 6
            },
            {
                "time": 37.03636,
                "endTime": 38.25243624520968,
                "type": "ground",
                "id": 7
            },
            {
                "time": 38.921749,
                "endTime": 39.911578501915834,
                "type": "ground",
                "id": 8
            },
            {
                "time": 40.492906,
                "endTime": 41.14965001873081,
                "type": "ground",
                "id": 9
            },
            {
                "time": 41.800109,
                "endTime": 43.77662568795257,
                "type": "ground",
                "id": 10
            },
            {
                "time": 44.238546,
                "endTime": 45.460906876970284,
                "type": "ground",
                "id": 11
            },
            {
                "time": 46.042235,
                "endTime": 47.1263339782877,
                "type": "ground",
                "id": 12
            },
            {
                "time": 47.7328,
                "endTime": 48.697490974884,
                "type": "ground",
                "id": 13
            },
            {
                "time": 49.366804,
                "endTime": 50.35663350191486,
                "type": "ground",
                "id": 14
            },
            {
                "time": 50.988238,
                "endTime": 53.2161399582826,
                "type": "ground",
                "id": 15
            }
        ],
        "_starts": [
            "2018-02-05T18:16:48.000Z"
        ],
        "_ends": [
            "2018-02-05T18:18:57.520Z"
        ]
    },
    "labels_file": "/home/ubuntu/vat/data/user-studies/studyD/practice-third/049.labels.json",
    "videoFlash": 2.133995,
    "surveys": {
        "user-info": {
            "firstname": "Rebekah",
            "lastname": "Day",
            "email": "rebekahday@gmail.com"
        },
        "practice-first": {
            "question1": "3",
            "question2": "ok",
            "question3": "30",
            "question4": "4"
        },
        "practice-second": {}
    },
    "logs": {
        "labelEvents": [
            {
                "time": "2018-02-05T18:17:14.279Z",
                "type": "START",
                "source": "side-bar:button",
                "_t": "11:17:14",
                "_end": "-",
                "data": {
                    "type": "ground",
                    "time": 27.986493
                }
            },
            {
                "time": "2018-02-05T18:17:18.130Z",
                "type": "END",
                "source": "data:click:h_pos",
                "_t": "11:17:18",
                "_end": "-",
                "data": {
                    "lbl": {
                        "time": 27.986493,
                        "endTime": 29.40996209323064,
                        "type": "ground",
                        "id": 1
                    }
                }
            },
            {
                "time": "2018-02-05T18:17:20.127Z",
                "type": "START",
                "source": "side-bar:button",
                "_t": "11:17:20",
                "_end": "-",
                "data": {
                    "type": "ground",
                    "time": 27.986493
                }
            },
            {
                "time": "2018-02-05T18:17:22.017Z",
                "type": "END",
                "source": "data:click:h_pos",
                "_t": "11:17:22",
                "_end": "-",
                "data": {
                    "lbl": {
                        "time": 27.986493,
                        "endTime": 27.986493,
                        "type": "ground",
                        "id": 2
                    }
                }
            },
            {
                "time": "2018-02-05T18:17:22.019Z",
                "type": "SELECT",
                "source": "data:click",
                "_t": "11:17:22",
                "_end": "-",
                "data": {
                    "time": 27.986493,
                    "endTime": 29.40996209323064,
                    "type": "ground",
                    "id": 1
                }
            },
            {
                "time": "2018-02-05T18:17:23.959Z",
                "type": "DESELECT",
                "source": "side-bar:button",
                "_t": "11:17:23",
                "_end": "-",
                "data": {
                    "time": 27.986493,
                    "endTime": 29.40996209323064,
                    "type": "ground",
                    "id": 1
                }
            },
            {
                "time": "2018-02-05T18:17:28.264Z",
                "type": "START",
                "source": "side-bar:button",
                "_t": "11:17:28",
                "_end": "-",
                "data": {
                    "type": "ground",
                    "time": 30.022713
                }
            },
            {
                "time": "2018-02-05T18:17:31.140Z",
                "type": "END",
                "source": "data:click:h_pos",
                "_t": "11:17:31",
                "_end": "-",
                "data": {
                    "lbl": {
                        "time": 30.022713,
                        "endTime": 31.1068119782893,
                        "type": "ground",
                        "id": 3
                    }
                }
            },
            {
                "time": "2018-02-05T18:17:37.529Z",
                "type": "START",
                "source": "side-bar:button",
                "_t": "11:17:37",
                "_end": "-",
                "data": {
                    "type": "ground",
                    "time": 31.826402
                }
            },
            {
                "time": "2018-02-05T18:17:39.308Z",
                "type": "END",
                "source": "data:click:h_pos",
                "_t": "11:17:39",
                "_end": "-",
                "data": {
                    "lbl": {
                        "time": 31.826402,
                        "endTime": 32.860223924223206,
                        "type": "ground",
                        "id": 4
                    }
                }
            },
            {
                "time": "2018-02-05T18:17:43.272Z",
                "type": "START",
                "source": "side-bar:button",
                "_t": "11:17:43",
                "_end": "-",
                "data": {
                    "type": "ground",
                    "time": 33.454121
                }
            },
            {
                "time": "2018-02-05T18:17:47.180Z",
                "type": "END",
                "source": "data:click:h_pos",
                "_t": "11:17:47",
                "_end": "-",
                "data": {
                    "lbl": {
                        "time": 33.454121,
                        "endTime": 34.70162040400063,
                        "type": "ground",
                        "id": 5
                    }
                }
            },
            {
                "time": "2018-02-05T18:17:51.633Z",
                "type": "START",
                "source": "side-bar:button",
                "_t": "11:17:51",
                "_end": "-",
                "data": {
                    "type": "ground",
                    "time": 35.301802
                }
            },
            {
                "time": "2018-02-05T18:17:53.413Z",
                "type": "END",
                "source": "data:click:h_pos",
                "_t": "11:17:53",
                "_end": "-",
                "data": {
                    "lbl": {
                        "time": 35.301802,
                        "endTime": 36.373331714773435,
                        "type": "ground",
                        "id": 6
                    }
                }
            },
            {
                "time": "2018-02-05T18:17:57.514Z",
                "type": "START",
                "source": "side-bar:button",
                "_t": "11:17:57",
                "_end": "-",
                "data": {
                    "type": "ground",
                    "time": 37.03636
                }
            },
            {
                "time": "2018-02-05T18:17:59.814Z",
                "type": "END",
                "source": "data:click:h_pos",
                "_t": "11:17:59",
                "_end": "-",
                "data": {
                    "lbl": {
                        "time": 37.03636,
                        "endTime": 38.25243624520968,
                        "type": "ground",
                        "id": 7
                    }
                }
            },
            {
                "time": "2018-02-05T18:18:04.465Z",
                "type": "START",
                "source": "side-bar:button",
                "_t": "11:18:04",
                "_end": "-",
                "data": {
                    "type": "ground",
                    "time": 38.921749
                }
            },
            {
                "time": "2018-02-05T18:18:05.997Z",
                "type": "END",
                "source": "data:click:h_pos",
                "_t": "11:18:05",
                "_end": "-",
                "data": {
                    "lbl": {
                        "time": 38.921749,
                        "endTime": 39.911578501915834,
                        "type": "ground",
                        "id": 8
                    }
                }
            },
            {
                "time": "2018-02-05T18:18:15.616Z",
                "type": "START",
                "source": "side-bar:button",
                "_t": "11:18:15",
                "_end": "-",
                "data": {
                    "type": "ground",
                    "time": 40.492906
                }
            },
            {
                "time": "2018-02-05T18:18:18.014Z",
                "type": "END",
                "source": "data:click:h_pos",
                "_t": "11:18:18",
                "_end": "-",
                "data": {
                    "lbl": {
                        "time": 40.492906,
                        "endTime": 41.14965001873081,
                        "type": "ground",
                        "id": 9
                    }
                }
            },
            {
                "time": "2018-02-05T18:18:21.720Z",
                "type": "START",
                "source": "side-bar:button",
                "_t": "11:18:21",
                "_end": "-",
                "data": {
                    "type": "ground",
                    "time": 41.800109
                }
            },
            {
                "time": "2018-02-05T18:18:23.437Z",
                "type": "END",
                "source": "data:click:h_pos",
                "_t": "11:18:23",
                "_end": "-",
                "data": {
                    "lbl": {
                        "time": 41.800109,
                        "endTime": 43.77662568795257,
                        "type": "ground",
                        "id": 10
                    }
                }
            },
            {
                "time": "2018-02-05T18:18:28.145Z",
                "type": "START",
                "source": "side-bar:button",
                "_t": "11:18:28",
                "_end": "-",
                "data": {
                    "type": "ground",
                    "time": 44.238546
                }
            },
            {
                "time": "2018-02-05T18:18:30.142Z",
                "type": "END",
                "source": "data:click:h_pos",
                "_t": "11:18:30",
                "_end": "-",
                "data": {
                    "lbl": {
                        "time": 44.238546,
                        "endTime": 45.460906876970284,
                        "type": "ground",
                        "id": 11
                    }
                }
            },
            {
                "time": "2018-02-05T18:18:35.977Z",
                "type": "START",
                "source": "side-bar:button",
                "_t": "11:18:35",
                "_end": "-",
                "data": {
                    "type": "ground",
                    "time": 46.042235
                }
            },
            {
                "time": "2018-02-05T18:18:39.157Z",
                "type": "END",
                "source": "data:click:h_pos",
                "_t": "11:18:39",
                "_end": "-",
                "data": {
                    "lbl": {
                        "time": 46.042235,
                        "endTime": 47.1263339782877,
                        "type": "ground",
                        "id": 12
                    }
                }
            },
            {
                "time": "2018-02-05T18:18:42.978Z",
                "type": "START",
                "source": "side-bar:button",
                "_t": "11:18:42",
                "_end": "-",
                "data": {
                    "type": "ground",
                    "time": 47.7328
                }
            },
            {
                "time": "2018-02-05T18:18:44.558Z",
                "type": "END",
                "source": "data:click:h_pos",
                "_t": "11:18:44",
                "_end": "-",
                "data": {
                    "lbl": {
                        "time": 47.7328,
                        "endTime": 48.697490974884,
                        "type": "ground",
                        "id": 13
                    }
                }
            },
            {
                "time": "2018-02-05T18:18:48.394Z",
                "type": "START",
                "source": "side-bar:button",
                "_t": "11:18:48",
                "_end": "-",
                "data": {
                    "type": "ground",
                    "time": 49.366804
                }
            },
            {
                "time": "2018-02-05T18:18:50.207Z",
                "type": "END",
                "source": "data:click:h_pos",
                "_t": "11:18:50",
                "_end": "-",
                "data": {
                    "lbl": {
                        "time": 49.366804,
                        "endTime": 50.35663350191486,
                        "type": "ground",
                        "id": 14
                    }
                }
            },
            {
                "time": "2018-02-05T18:18:54.523Z",
                "type": "START",
                "source": "side-bar:button",
                "_t": "11:18:54",
                "_end": "-",
                "data": {
                    "type": "ground",
                    "time": 50.988238
                }
            },
            {
                "time": "2018-02-05T18:18:56.623Z",
                "type": "END",
                "source": "data:click:h_pos",
                "_t": "11:18:56",
                "_end": "-",
                "data": {
                    "lbl": {
                        "time": 50.988238,
                        "endTime": 53.2161399582826,
                        "type": "ground",
                        "id": 15
                    }
                }
            }
        ],
        "navigationEvents": [
            {
                "time": "2018-02-05T18:17:02.791Z",
                "type": "PAUSE",
                "source": "video:button",
                "_t": "11:17:02",
                "_end": "-"
            },
            {
                "time": {
                    "start": "2018-02-05T18:16:48.107Z",
                    "end": "2018-02-05T18:17:03.966Z"
                },
                "type": "SCRUB",
                "source": "data:drag",
                "_t": "11:16:48",
                "_end": "11:17:03",
                "data": {
                    "time": 15.549208
                }
            },
            {
                "time": {
                    "start": "2018-02-05T18:16:48.107Z",
                    "end": "2018-02-05T18:17:05.054Z"
                },
                "type": "SCRUB",
                "source": "data:drag",
                "_t": "11:16:48",
                "_end": "11:17:05",
                "data": {
                    "time": 22.619418
                }
            },
            {
                "time": {
                    "start": "2018-02-05T18:16:48.107Z",
                    "end": "2018-02-05T18:17:13.303Z"
                },
                "type": "SCRUB",
                "source": "data:drag",
                "_t": "11:16:48",
                "_end": "11:17:13",
                "data": {
                    "time": 27.986493
                }
            },
            {
                "time": {
                    "start": "2018-02-05T18:16:48.107Z",
                    "end": "2018-02-05T18:17:18.130Z"
                },
                "type": "SCRUB",
                "source": "data:drag",
                "_t": "11:16:48",
                "_end": "11:17:18",
                "data": {
                    "time": 27.986493
                }
            },
            {
                "time": {
                    "start": "2018-02-05T18:16:48.107Z",
                    "end": "2018-02-05T18:17:22.015Z"
                },
                "type": "SCRUB",
                "source": "data:drag",
                "_t": "11:16:48",
                "_end": "11:17:22",
                "data": {
                    "time": 27.986493
                }
            },
            {
                "time": {
                    "start": "2018-02-05T18:16:48.107Z",
                    "end": "2018-02-05T18:17:26.655Z"
                },
                "type": "SCRUB",
                "source": "data:drag",
                "_t": "11:16:48",
                "_end": "11:17:26",
                "data": {
                    "time": 30.022713
                }
            },
            {
                "time": {
                    "start": "2018-02-05T18:16:48.107Z",
                    "end": "2018-02-05T18:17:31.138Z"
                },
                "type": "SCRUB",
                "source": "data:drag",
                "_t": "11:16:48",
                "_end": "11:17:31",
                "data": {
                    "time": 30.022713
                }
            },
            {
                "time": {
                    "start": "2018-02-05T18:16:48.107Z",
                    "end": "2018-02-05T18:17:36.504Z"
                },
                "type": "SCRUB",
                "source": "data:drag",
                "_t": "11:16:48",
                "_end": "11:17:36",
                "data": {
                    "time": 31.826402
                }
            },
            {
                "time": {
                    "start": "2018-02-05T18:16:48.107Z",
                    "end": "2018-02-05T18:17:39.308Z"
                },
                "type": "SCRUB",
                "source": "data:drag",
                "_t": "11:16:48",
                "_end": "11:17:39",
                "data": {
                    "time": 31.826402
                }
            },
            {
                "time": {
                    "start": "2018-02-05T18:16:48.107Z",
                    "end": "2018-02-05T18:17:41.823Z"
                },
                "type": "SCRUB",
                "source": "data:drag",
                "_t": "11:16:48",
                "_end": "11:17:41",
                "data": {
                    "time": 33.454121
                }
            },
            {
                "time": {
                    "start": "2018-02-05T18:16:48.107Z",
                    "end": "2018-02-05T18:17:47.178Z"
                },
                "type": "SCRUB",
                "source": "data:drag",
                "_t": "11:16:48",
                "_end": "11:17:47",
                "data": {
                    "time": 33.454121
                }
            },
            {
                "time": {
                    "start": "2018-02-05T18:16:48.107Z",
                    "end": "2018-02-05T18:17:50.593Z"
                },
                "type": "SCRUB",
                "source": "data:drag",
                "_t": "11:16:48",
                "_end": "11:17:50",
                "data": {
                    "time": 35.301802
                }
            },
            {
                "time": {
                    "start": "2018-02-05T18:16:48.107Z",
                    "end": "2018-02-05T18:17:53.412Z"
                },
                "type": "SCRUB",
                "source": "data:drag",
                "_t": "11:16:48",
                "_end": "11:17:53",
                "data": {
                    "time": 35.301802
                }
            },
            {
                "time": {
                    "start": "2018-02-05T18:16:48.107Z",
                    "end": "2018-02-05T18:17:56.328Z"
                },
                "type": "SCRUB",
                "source": "data:drag",
                "_t": "11:16:48",
                "_end": "11:17:56",
                "data": {
                    "time": 37.03636
                }
            },
            {
                "time": {
                    "start": "2018-02-05T18:16:48.107Z",
                    "end": "2018-02-05T18:17:59.811Z"
                },
                "type": "SCRUB",
                "source": "data:drag",
                "_t": "11:16:48",
                "_end": "11:17:59",
                "data": {
                    "time": 37.03636
                }
            },
            {
                "time": {
                    "start": "2018-02-05T18:16:48.107Z",
                    "end": "2018-02-05T18:18:03.554Z"
                },
                "type": "SCRUB",
                "source": "data:drag",
                "_t": "11:16:48",
                "_end": "11:18:03",
                "data": {
                    "time": 38.921749
                }
            },
            {
                "time": {
                    "start": "2018-02-05T18:16:48.107Z",
                    "end": "2018-02-05T18:18:05.996Z"
                },
                "type": "SCRUB",
                "source": "data:drag",
                "_t": "11:16:48",
                "_end": "11:18:05",
                "data": {
                    "time": 38.921749
                }
            },
            {
                "time": {
                    "start": "2018-02-05T18:16:48.107Z",
                    "end": "2018-02-05T18:18:14.505Z"
                },
                "type": "SCRUB",
                "source": "data:drag",
                "_t": "11:16:48",
                "_end": "11:18:14",
                "data": {
                    "time": 40.492906
                }
            },
            {
                "time": {
                    "start": "2018-02-05T18:16:48.107Z",
                    "end": "2018-02-05T18:18:18.012Z"
                },
                "type": "SCRUB",
                "source": "data:drag",
                "_t": "11:16:48",
                "_end": "11:18:18",
                "data": {
                    "time": 40.492906
                }
            },
            {
                "time": {
                    "start": "2018-02-05T18:16:48.107Z",
                    "end": "2018-02-05T18:18:20.649Z"
                },
                "type": "SCRUB",
                "source": "data:drag",
                "_t": "11:16:48",
                "_end": "11:18:20",
                "data": {
                    "time": 41.800109
                }
            },
            {
                "time": {
                    "start": "2018-02-05T18:16:48.107Z",
                    "end": "2018-02-05T18:18:23.436Z"
                },
                "type": "SCRUB",
                "source": "data:drag",
                "_t": "11:16:48",
                "_end": "11:18:23",
                "data": {
                    "time": 41.800109
                }
            },
            {
                "time": {
                    "start": "2018-02-05T18:16:48.107Z",
                    "end": "2018-02-05T18:18:27.229Z"
                },
                "type": "SCRUB",
                "source": "data:drag",
                "_t": "11:16:48",
                "_end": "11:18:27",
                "data": {
                    "time": 44.238546
                }
            },
            {
                "time": {
                    "start": "2018-02-05T18:16:48.107Z",
                    "end": "2018-02-05T18:18:30.140Z"
                },
                "type": "SCRUB",
                "source": "data:drag",
                "_t": "11:16:48",
                "_end": "11:18:30",
                "data": {
                    "time": 44.238546
                }
            },
            {
                "time": {
                    "start": "2018-02-05T18:16:48.107Z",
                    "end": "2018-02-05T18:18:32.665Z"
                },
                "type": "SCRUB",
                "source": "data:drag",
                "_t": "11:16:48",
                "_end": "11:18:32",
                "data": {
                    "time": 46.042235
                }
            },
            {
                "time": {
                    "start": "2018-02-05T18:16:48.107Z",
                    "end": "2018-02-05T18:18:39.155Z"
                },
                "type": "SCRUB",
                "source": "data:drag",
                "_t": "11:16:48",
                "_end": "11:18:39",
                "data": {
                    "time": 46.042235
                }
            },
            {
                "time": {
                    "start": "2018-02-05T18:16:48.107Z",
                    "end": "2018-02-05T18:18:41.633Z"
                },
                "type": "SCRUB",
                "source": "data:drag",
                "_t": "11:16:48",
                "_end": "11:18:41",
                "data": {
                    "time": 47.7328
                }
            },
            {
                "time": {
                    "start": "2018-02-05T18:16:48.107Z",
                    "end": "2018-02-05T18:18:44.557Z"
                },
                "type": "SCRUB",
                "source": "data:drag",
                "_t": "11:16:48",
                "_end": "11:18:44",
                "data": {
                    "time": 47.7328
                }
            },
            {
                "time": {
                    "start": "2018-02-05T18:16:48.107Z",
                    "end": "2018-02-05T18:18:47.547Z"
                },
                "type": "SCRUB",
                "source": "data:drag",
                "_t": "11:16:48",
                "_end": "11:18:47",
                "data": {
                    "time": 49.366804
                }
            },
            {
                "time": {
                    "start": "2018-02-05T18:16:48.107Z",
                    "end": "2018-02-05T18:18:50.204Z"
                },
                "type": "SCRUB",
                "source": "data:drag",
                "_t": "11:16:48",
                "_end": "11:18:50",
                "data": {
                    "time": 49.366804
                }
            },
            {
                "time": {
                    "start": "2018-02-05T18:16:48.107Z",
                    "end": "2018-02-05T18:18:53.394Z"
                },
                "type": "SCRUB",
                "source": "data:drag",
                "_t": "11:16:48",
                "_end": "11:18:53",
                "data": {
                    "time": 50.988238
                }
            },
            {
                "time": {
                    "start": "2018-02-05T18:16:48.107Z",
                    "end": "2018-02-05T18:18:56.620Z"
                },
                "type": "SCRUB",
                "source": "data:drag",
                "_t": "11:16:48",
                "_end": "11:18:56",
                "data": {
                    "time": 50.988238
                }
            }
        ]
    }
}