{
    "user_id": "052",
    "session_id": "5a789de7ee2b1975ba835b9d",
    "study": "studyD",
    "workspace": "cane.cane-yellow",
    "details": {
        "workspace": "cane.cane-yellow",
        "labels": [
            {
                "time": 28.024638,
                "endTime": 28.091369,
                "type": "ground",
                "id": 1
            },
            {
                "time": 30.091368,
                "endTime": 30.1581,
                "type": "ground",
                "id": 2
            },
            {
                "time": 31.892151,
                "endTime": 31.958883,
                "type": "ground",
                "id": 3
            },
            {
                "time": 33.526103,
                "endTime": 33.559469,
                "type": "ground",
                "id": 4
            },
            {
                "time": 35.359266,
                "endTime": 35.392632,
                "type": "ground",
                "id": 5
            },
            {
                "time": 37.092328,
                "endTime": 37.125694,
                "type": "ground",
                "id": 6
            },
            {
                "time": 38.958858,
                "endTime": 39.02559,
                "type": "ground",
                "id": 7
            },
            {
                "time": 41.825388,
                "endTime": 41.89212,
                "type": "ground",
                "id": 8
            },
            {
                "time": 44.292512,
                "endTime": 44.359243,
                "type": "ground",
                "id": 9
            },
            {
                "time": 49.392608,
                "endTime": 49.45934,
                "type": "ground",
                "id": 10
            }
        ],
        "_starts": [
            "2018-02-05T18:17:47.000Z"
        ],
        "_ends": [
            "2018-02-05T18:19:54.835Z"
        ]
    },
    "labels_file": "/home/ubuntu/vat/data/user-studies/studyD/practice-third/052.labels.json",
    "videoFlash": 2.133995,
    "surveys": {
        "user-info": {
            "firstname": "Gaven",
            "lastname": "Finch",
            "email": "gavenfinch@gmail.com"
        },
        "practice-first": {
            "question1": "3",
            "question2": "ok",
            "question3": "50",
            "question4": "4"
        },
        "practice-second": {}
    },
    "logs": {
        "labelEvents": [
            {
                "time": "2018-02-05T18:18:09.735Z",
                "type": "START",
                "source": "hotkey",
                "_t": "11:18:09",
                "_end": "-",
                "data": {
                    "type": "ground",
                    "time": 28.024638
                }
            },
            {
                "time": "2018-02-05T18:18:13.000Z",
                "type": "END",
                "source": "hotkey:ctb",
                "_t": "11:18:13",
                "_end": "-",
                "data": {
                    "lbl": {
                        "time": 28.024638,
                        "endTime": 28.091369,
                        "type": "ground",
                        "id": 1
                    },
                    "key": "enter"
                }
            },
            {
                "time": "2018-02-05T18:18:19.207Z",
                "type": "START",
                "source": "hotkey",
                "_t": "11:18:19",
                "_end": "-",
                "data": {
                    "type": "ground",
                    "time": 30.091368
                }
            },
            {
                "time": "2018-02-05T18:18:22.120Z",
                "type": "END",
                "source": "hotkey:ctb",
                "_t": "11:18:22",
                "_end": "-",
                "data": {
                    "lbl": {
                        "time": 30.091368,
                        "endTime": 30.1581,
                        "type": "ground",
                        "id": 2
                    },
                    "key": "enter"
                }
            },
            {
                "time": "2018-02-05T18:18:33.704Z",
                "type": "START",
                "source": "hotkey",
                "_t": "11:18:33",
                "_end": "-",
                "data": {
                    "type": "ground",
                    "time": 31.892151
                }
            },
            {
                "time": "2018-02-05T18:18:36.328Z",
                "type": "END",
                "source": "hotkey:ctb",
                "_t": "11:18:36",
                "_end": "-",
                "data": {
                    "lbl": {
                        "time": 31.892151,
                        "endTime": 31.958883,
                        "type": "ground",
                        "id": 3
                    },
                    "key": "enter"
                }
            },
            {
                "time": "2018-02-05T18:18:46.728Z",
                "type": "START",
                "source": "hotkey",
                "_t": "11:18:46",
                "_end": "-",
                "data": {
                    "type": "ground",
                    "time": 33.526103
                }
            },
            {
                "time": "2018-02-05T18:18:47.735Z",
                "type": "END",
                "source": "hotkey:ctb",
                "_t": "11:18:47",
                "_end": "-",
                "data": {
                    "lbl": {
                        "time": 33.526103,
                        "endTime": 33.559469,
                        "type": "ground",
                        "id": 4
                    },
                    "key": "enter"
                }
            },
            {
                "time": "2018-02-05T18:18:51.863Z",
                "type": "START",
                "source": "hotkey",
                "_t": "11:18:51",
                "_end": "-",
                "data": {
                    "type": "ground",
                    "time": 35.359266
                }
            },
            {
                "time": "2018-02-05T18:18:53.160Z",
                "type": "END",
                "source": "hotkey:ctb",
                "_t": "11:18:53",
                "_end": "-",
                "data": {
                    "lbl": {
                        "time": 35.359266,
                        "endTime": 35.392632,
                        "type": "ground",
                        "id": 5
                    },
                    "key": "enter"
                }
            },
            {
                "time": "2018-02-05T18:18:59.320Z",
                "type": "START",
                "source": "hotkey",
                "_t": "11:18:59",
                "_end": "-",
                "data": {
                    "type": "ground",
                    "time": 37.092328
                }
            },
            {
                "time": "2018-02-05T18:19:01.287Z",
                "type": "END",
                "source": "hotkey:ctb",
                "_t": "11:19:01",
                "_end": "-",
                "data": {
                    "lbl": {
                        "time": 37.092328,
                        "endTime": 37.125694,
                        "type": "ground",
                        "id": 6
                    },
                    "key": "enter"
                }
            },
            {
                "time": "2018-02-05T18:19:07.736Z",
                "type": "START",
                "source": "hotkey",
                "_t": "11:19:07",
                "_end": "-",
                "data": {
                    "type": "ground",
                    "time": 38.958858
                }
            },
            {
                "time": "2018-02-05T18:19:10.184Z",
                "type": "END",
                "source": "hotkey:ctb",
                "_t": "11:19:10",
                "_end": "-",
                "data": {
                    "lbl": {
                        "time": 38.958858,
                        "endTime": 39.02559,
                        "type": "ground",
                        "id": 7
                    },
                    "key": "enter"
                }
            },
            {
                "time": "2018-02-05T18:19:17.034Z",
                "type": "START",
                "source": "hotkey",
                "_t": "11:19:17",
                "_end": "-",
                "data": {
                    "type": "ground",
                    "time": 41.825388
                }
            },
            {
                "time": "2018-02-05T18:19:19.143Z",
                "type": "END",
                "source": "hotkey:ctb",
                "_t": "11:19:19",
                "_end": "-",
                "data": {
                    "lbl": {
                        "time": 41.825388,
                        "endTime": 41.89212,
                        "type": "ground",
                        "id": 8
                    },
                    "key": "enter"
                }
            },
            {
                "time": "2018-02-05T18:19:25.064Z",
                "type": "START",
                "source": "hotkey",
                "_t": "11:19:25",
                "_end": "-",
                "data": {
                    "type": "ground",
                    "time": 44.292512
                }
            },
            {
                "time": "2018-02-05T18:19:28.201Z",
                "type": "END",
                "source": "hotkey:ctb",
                "_t": "11:19:28",
                "_end": "-",
                "data": {
                    "lbl": {
                        "time": 44.292512,
                        "endTime": 44.359243,
                        "type": "ground",
                        "id": 9
                    },
                    "key": "enter"
                }
            },
            {
                "time": "2018-02-05T18:19:50.233Z",
                "type": "START",
                "source": "hotkey",
                "_t": "11:19:50",
                "_end": "-",
                "data": {
                    "type": "ground",
                    "time": 49.392608
                }
            },
            {
                "time": "2018-02-05T18:19:52.297Z",
                "type": "END",
                "source": "hotkey:ctb",
                "_t": "11:19:52",
                "_end": "-",
                "data": {
                    "lbl": {
                        "time": 49.392608,
                        "endTime": 49.45934,
                        "type": "ground",
                        "id": 10
                    },
                    "key": "enter"
                }
            }
        ],
        "navigationEvents": [
            {
                "time": "2018-02-05T18:17:55.894Z",
                "type": "PLAY",
                "source": "hotkey",
                "_t": "11:17:55",
                "_end": "-",
                "data": {
                    "key": "space"
                }
            },
            {
                "time": "2018-02-05T18:17:56.582Z",
                "type": "SKIP",
                "source": "hotkey",
                "_t": "11:17:56",
                "_end": "-",
                "data": {
                    "t": 2.734012,
                    "Δt": 5,
                    "key": "right"
                }
            },
            {
                "time": "2018-02-05T18:17:56.919Z",
                "type": "SKIP",
                "source": "hotkey",
                "_t": "11:17:56",
                "_end": "-",
                "data": {
                    "t": 7.897218,
                    "Δt": 5,
                    "key": "right"
                }
            },
            {
                "time": "2018-02-05T18:17:57.111Z",
                "type": "SKIP",
                "source": "hotkey",
                "_t": "11:17:57",
                "_end": "-",
                "data": {
                    "t": 12.897217,
                    "Δt": 5,
                    "key": "right"
                }
            },
            {
                "time": "2018-02-05T18:17:57.270Z",
                "type": "SKIP",
                "source": "hotkey",
                "_t": "11:17:57",
                "_end": "-",
                "data": {
                    "t": 17.897216,
                    "Δt": 5,
                    "key": "right"
                }
            },
            {
                "time": "2018-02-05T18:17:57.430Z",
                "type": "SKIP",
                "source": "hotkey",
                "_t": "11:17:57",
                "_end": "-",
                "data": {
                    "t": 22.897216,
                    "Δt": 5,
                    "key": "right"
                }
            },
            {
                "time": "2018-02-05T18:17:57.624Z",
                "type": "SKIP",
                "source": "hotkey",
                "_t": "11:17:57",
                "_end": "-",
                "data": {
                    "t": 27.897216,
                    "Δt": 5,
                    "key": "right"
                }
            },
            {
                "time": "2018-02-05T18:17:58.823Z",
                "type": "SKIP",
                "source": "hotkey",
                "_t": "11:17:58",
                "_end": "-",
                "data": {
                    "t": 33.528178,
                    "Δt": -5,
                    "key": "left"
                }
            },
            {
                "time": "2018-02-05T18:17:59.005Z",
                "type": "SKIP",
                "source": "hotkey",
                "_t": "11:17:59",
                "_end": "-",
                "data": {
                    "t": 28.53806,
                    "Δt": -5,
                    "key": "left"
                }
            },
            {
                "time": "2018-02-05T18:17:59.799Z",
                "type": "SKIP",
                "source": "hotkey",
                "_t": "11:17:59",
                "_end": "-",
                "data": {
                    "t": 23.547481,
                    "Δt": -5,
                    "key": "left"
                }
            },
            {
                "time": "2018-02-05T18:18:00.438Z",
                "type": "SKIP",
                "source": "hotkey",
                "_t": "11:18:00",
                "_end": "-",
                "data": {
                    "t": 18.956815,
                    "Δt": 5,
                    "key": "right"
                }
            },
            {
                "time": "2018-02-05T18:18:02.009Z",
                "type": "SKIP",
                "source": "hotkey",
                "_t": "11:18:02",
                "_end": "-",
                "data": {
                    "t": 25.423372,
                    "Δt": 5,
                    "key": "right"
                }
            },
            {
                "time": "2018-02-05T18:18:02.855Z",
                "type": "SKIP",
                "source": "hotkey",
                "_t": "11:18:02",
                "_end": "-",
                "data": {
                    "t": 30.951862,
                    "Δt": -5,
                    "key": "left"
                }
            },
            {
                "time": "2018-02-05T18:18:04.790Z",
                "type": "PAUSE",
                "source": "hotkey",
                "_t": "11:18:04",
                "_end": "-",
                "data": {
                    "key": "space"
                }
            },
            {
                "time": "2018-02-05T18:18:05.239Z",
                "type": "SKIP",
                "source": "hotkey",
                "_t": "11:18:05",
                "_end": "-",
                "data": {
                    "t": 27.724345,
                    "Δt": 0.033366700033366704,
                    "key": "shift+right"
                }
            },
            {
                "time": "2018-02-05T18:18:05.383Z",
                "type": "SKIP",
                "source": "hotkey",
                "_t": "11:18:05",
                "_end": "-",
                "data": {
                    "t": 27.757711,
                    "Δt": 0.033366700033366704,
                    "key": "shift+right"
                }
            },
            {
                "time": "2018-02-05T18:18:05.526Z",
                "type": "SKIP",
                "source": "hotkey",
                "_t": "11:18:05",
                "_end": "-",
                "data": {
                    "t": 27.791077,
                    "Δt": 0.033366700033366704,
                    "key": "shift+right"
                }
            },
            {
                "time": "2018-02-05T18:18:05.688Z",
                "type": "SKIP",
                "source": "hotkey",
                "_t": "11:18:05",
                "_end": "-",
                "data": {
                    "t": 27.824443,
                    "Δt": 0.033366700033366704,
                    "key": "shift+right"
                }
            },
            {
                "time": "2018-02-05T18:18:06.295Z",
                "type": "SKIP",
                "source": "hotkey",
                "_t": "11:18:06",
                "_end": "-",
                "data": {
                    "t": 27.857809,
                    "Δt": 0.033366700033366704,
                    "key": "shift+right"
                }
            },
            {
                "time": "2018-02-05T18:18:06.438Z",
                "type": "SKIP",
                "source": "hotkey",
                "_t": "11:18:06",
                "_end": "-",
                "data": {
                    "t": 27.891175,
                    "Δt": 0.033366700033366704,
                    "key": "shift+right"
                }
            },
            {
                "time": "2018-02-05T18:18:06.602Z",
                "type": "SKIP",
                "source": "hotkey",
                "_t": "11:18:06",
                "_end": "-",
                "data": {
                    "t": 27.924541,
                    "Δt": 0.033366700033366704,
                    "key": "shift+right"
                }
            },
            {
                "time": "2018-02-05T18:18:06.759Z",
                "type": "SKIP",
                "source": "hotkey",
                "_t": "11:18:06",
                "_end": "-",
                "data": {
                    "t": 27.957907,
                    "Δt": 0.033366700033366704,
                    "key": "shift+right"
                }
            },
            {
                "time": "2018-02-05T18:18:07.078Z",
                "type": "SKIP",
                "source": "hotkey",
                "_t": "11:18:07",
                "_end": "-",
                "data": {
                    "t": 27.991273,
                    "Δt": 0.033366700033366704,
                    "key": "shift+right"
                }
            },
            {
                "time": "2018-02-05T18:18:07.673Z",
                "type": "SKIP",
                "source": "hotkey",
                "_t": "11:18:07",
                "_end": "-",
                "data": {
                    "t": 28.024639,
                    "Δt": -0.033366700033366704,
                    "key": "shift+left"
                }
            },
            {
                "time": "2018-02-05T18:18:08.439Z",
                "type": "SKIP",
                "source": "hotkey",
                "_t": "11:18:08",
                "_end": "-",
                "data": {
                    "t": 27.991272,
                    "Δt": 0.033366700033366704,
                    "key": "shift+right"
                }
            },
            {
                "time": "2018-02-05T18:18:10.568Z",
                "type": "SKIP",
                "source": "hotkey",
                "_t": "11:18:10",
                "_end": "-",
                "data": {
                    "t": 28.024638,
                    "Δt": 0.033366700033366704,
                    "key": "shift+right"
                }
            },
            {
                "time": "2018-02-05T18:18:10.999Z",
                "type": "SKIP",
                "source": "hotkey",
                "_t": "11:18:10",
                "_end": "-",
                "data": {
                    "t": 28.058004,
                    "Δt": 0.033366700033366704,
                    "key": "shift+right"
                }
            },
            {
                "time": "2018-02-05T18:18:11.543Z",
                "type": "SKIP",
                "source": "hotkey",
                "_t": "11:18:11",
                "_end": "-",
                "data": {
                    "t": 28.09137,
                    "Δt": 0.033366700033366704,
                    "key": "shift+right"
                }
            },
            {
                "time": "2018-02-05T18:18:12.006Z",
                "type": "SKIP",
                "source": "hotkey",
                "_t": "11:18:12",
                "_end": "-",
                "data": {
                    "t": 28.124736,
                    "Δt": -0.033366700033366704,
                    "key": "shift+left"
                }
            },
            {
                "time": "2018-02-05T18:18:13.464Z",
                "type": "SKIP",
                "source": "hotkey",
                "_t": "11:18:13",
                "_end": "-",
                "data": {
                    "t": 28.091369,
                    "Δt": 1,
                    "key": "right"
                }
            },
            {
                "time": "2018-02-05T18:18:15.287Z",
                "type": "SKIP",
                "source": "hotkey",
                "_t": "11:18:15",
                "_end": "-",
                "data": {
                    "t": 29.091369,
                    "Δt": 1,
                    "key": "right"
                }
            },
            {
                "time": "2018-02-05T18:18:15.927Z",
                "type": "SKIP",
                "source": "hotkey",
                "_t": "11:18:15",
                "_end": "-",
                "data": {
                    "t": 30.091369,
                    "Δt": 1,
                    "key": "right"
                }
            },
            {
                "time": "2018-02-05T18:18:16.502Z",
                "type": "SKIP",
                "source": "hotkey",
                "_t": "11:18:16",
                "_end": "-",
                "data": {
                    "t": 31.091369,
                    "Δt": -1,
                    "key": "left"
                }
            },
            {
                "time": "2018-02-05T18:18:17.415Z",
                "type": "SKIP",
                "source": "hotkey",
                "_t": "11:18:17",
                "_end": "-",
                "data": {
                    "t": 30.091369,
                    "Δt": -0.033366700033366704,
                    "key": "shift+left"
                }
            },
            {
                "time": "2018-02-05T18:18:18.167Z",
                "type": "SKIP",
                "source": "hotkey",
                "_t": "11:18:18",
                "_end": "-",
                "data": {
                    "t": 30.058002,
                    "Δt": 0.033366700033366704,
                    "key": "shift+right"
                }
            },
            {
                "time": "2018-02-05T18:18:19.927Z",
                "type": "SKIP",
                "source": "hotkey",
                "_t": "11:18:19",
                "_end": "-",
                "data": {
                    "t": 30.091368,
                    "Δt": 0.033366700033366704,
                    "key": "shift+right"
                }
            },
            {
                "time": "2018-02-05T18:18:20.808Z",
                "type": "SKIP",
                "source": "hotkey",
                "_t": "11:18:20",
                "_end": "-",
                "data": {
                    "t": 30.124734,
                    "Δt": 0.033366700033366704,
                    "key": "shift+right"
                }
            },
            {
                "time": "2018-02-05T18:18:22.615Z",
                "type": "SKIP",
                "source": "hotkey",
                "_t": "11:18:22",
                "_end": "-",
                "data": {
                    "t": 30.1581,
                    "Δt": 1,
                    "key": "right"
                }
            },
            {
                "time": "2018-02-05T18:18:24.183Z",
                "type": "SKIP",
                "source": "hotkey",
                "_t": "11:18:24",
                "_end": "-",
                "data": {
                    "t": 31.1581,
                    "Δt": 1,
                    "key": "right"
                }
            },
            {
                "time": "2018-02-05T18:18:25.208Z",
                "type": "SKIP",
                "source": "hotkey",
                "_t": "11:18:25",
                "_end": "-",
                "data": {
                    "t": 32.158099,
                    "Δt": -1,
                    "key": "left"
                }
            },
            {
                "time": "2018-02-05T18:18:25.991Z",
                "type": "SKIP",
                "source": "hotkey",
                "_t": "11:18:25",
                "_end": "-",
                "data": {
                    "t": 31.158099,
                    "Δt": 0.033366700033366704,
                    "key": "shift+right"
                }
            },
            {
                "time": "2018-02-05T18:18:26.167Z",
                "type": "SKIP",
                "source": "hotkey",
                "_t": "11:18:26",
                "_end": "-",
                "data": {
                    "t": 31.191465,
                    "Δt": 0.033366700033366704,
                    "key": "shift+right"
                }
            },
            {
                "time": "2018-02-05T18:18:26.791Z",
                "type": "SKIP",
                "source": "hotkey",
                "_t": "11:18:26",
                "_end": "-",
                "data": {
                    "t": 31.224831,
                    "Δt": 0.033366700033366704,
                    "key": "shift+right"
                }
            },
            {
                "time": "2018-02-05T18:18:26.951Z",
                "type": "SKIP",
                "source": "hotkey",
                "_t": "11:18:26",
                "_end": "-",
                "data": {
                    "t": 31.258197,
                    "Δt": 0.033366700033366704,
                    "key": "shift+right"
                }
            },
            {
                "time": "2018-02-05T18:18:27.111Z",
                "type": "SKIP",
                "source": "hotkey",
                "_t": "11:18:27",
                "_end": "-",
                "data": {
                    "t": 31.291563,
                    "Δt": 0.033366700033366704,
                    "key": "shift+right"
                }
            },
            {
                "time": "2018-02-05T18:18:27.256Z",
                "type": "SKIP",
                "source": "hotkey",
                "_t": "11:18:27",
                "_end": "-",
                "data": {
                    "t": 31.324929,
                    "Δt": 0.033366700033366704,
                    "key": "shift+right"
                }
            },
            {
                "time": "2018-02-05T18:18:27.383Z",
                "type": "SKIP",
                "source": "hotkey",
                "_t": "11:18:27",
                "_end": "-",
                "data": {
                    "t": 31.358295,
                    "Δt": 0.033366700033366704,
                    "key": "shift+right"
                }
            },
            {
                "time": "2018-02-05T18:18:27.544Z",
                "type": "SKIP",
                "source": "hotkey",
                "_t": "11:18:27",
                "_end": "-",
                "data": {
                    "t": 31.391661,
                    "Δt": 0.033366700033366704,
                    "key": "shift+right"
                }
            },
            {
                "time": "2018-02-05T18:18:27.719Z",
                "type": "SKIP",
                "source": "hotkey",
                "_t": "11:18:27",
                "_end": "-",
                "data": {
                    "t": 31.425027,
                    "Δt": 0.033366700033366704,
                    "key": "shift+right"
                }
            },
            {
                "time": "2018-02-05T18:18:28.439Z",
                "type": "SKIP",
                "source": "hotkey",
                "_t": "11:18:28",
                "_end": "-",
                "data": {
                    "t": 31.458393,
                    "Δt": 0.033366700033366704,
                    "key": "shift+right"
                }
            },
            {
                "time": "2018-02-05T18:18:28.583Z",
                "type": "SKIP",
                "source": "hotkey",
                "_t": "11:18:28",
                "_end": "-",
                "data": {
                    "t": 31.491759,
                    "Δt": 0.033366700033366704,
                    "key": "shift+right"
                }
            },
            {
                "time": "2018-02-05T18:18:28.743Z",
                "type": "SKIP",
                "source": "hotkey",
                "_t": "11:18:28",
                "_end": "-",
                "data": {
                    "t": 31.525125,
                    "Δt": 0.033366700033366704,
                    "key": "shift+right"
                }
            },
            {
                "time": "2018-02-05T18:18:28.902Z",
                "type": "SKIP",
                "source": "hotkey",
                "_t": "11:18:28",
                "_end": "-",
                "data": {
                    "t": 31.558491,
                    "Δt": 0.033366700033366704,
                    "key": "shift+right"
                }
            },
            {
                "time": "2018-02-05T18:18:29.031Z",
                "type": "SKIP",
                "source": "hotkey",
                "_t": "11:18:29",
                "_end": "-",
                "data": {
                    "t": 31.591857,
                    "Δt": 0.033366700033366704,
                    "key": "shift+right"
                }
            },
            {
                "time": "2018-02-05T18:18:29.192Z",
                "type": "SKIP",
                "source": "hotkey",
                "_t": "11:18:29",
                "_end": "-",
                "data": {
                    "t": 31.625223,
                    "Δt": 0.033366700033366704,
                    "key": "shift+right"
                }
            },
            {
                "time": "2018-02-05T18:18:29.991Z",
                "type": "SKIP",
                "source": "hotkey",
                "_t": "11:18:29",
                "_end": "-",
                "data": {
                    "t": 31.658589,
                    "Δt": 0.033366700033366704,
                    "key": "shift+right"
                }
            },
            {
                "time": "2018-02-05T18:18:30.151Z",
                "type": "SKIP",
                "source": "hotkey",
                "_t": "11:18:30",
                "_end": "-",
                "data": {
                    "t": 31.691955,
                    "Δt": 0.033366700033366704,
                    "key": "shift+right"
                }
            },
            {
                "time": "2018-02-05T18:18:30.295Z",
                "type": "SKIP",
                "source": "hotkey",
                "_t": "11:18:30",
                "_end": "-",
                "data": {
                    "t": 31.725321,
                    "Δt": 0.033366700033366704,
                    "key": "shift+right"
                }
            },
            {
                "time": "2018-02-05T18:18:30.457Z",
                "type": "SKIP",
                "source": "hotkey",
                "_t": "11:18:30",
                "_end": "-",
                "data": {
                    "t": 31.758687,
                    "Δt": 0.033366700033366704,
                    "key": "shift+right"
                }
            },
            {
                "time": "2018-02-05T18:18:31.175Z",
                "type": "SKIP",
                "source": "hotkey",
                "_t": "11:18:31",
                "_end": "-",
                "data": {
                    "t": 31.792053,
                    "Δt": 0.033366700033366704,
                    "key": "shift+right"
                }
            },
            {
                "time": "2018-02-05T18:18:31.863Z",
                "type": "SKIP",
                "source": "hotkey",
                "_t": "11:18:31",
                "_end": "-",
                "data": {
                    "t": 31.825419,
                    "Δt": 0.033366700033366704,
                    "key": "shift+right"
                }
            },
            {
                "time": "2018-02-05T18:18:32.311Z",
                "type": "SKIP",
                "source": "hotkey",
                "_t": "11:18:32",
                "_end": "-",
                "data": {
                    "t": 31.858785,
                    "Δt": 0.033366700033366704,
                    "key": "shift+right"
                }
            },
            {
                "time": "2018-02-05T18:18:34.344Z",
                "type": "SKIP",
                "source": "hotkey",
                "_t": "11:18:34",
                "_end": "-",
                "data": {
                    "t": 31.892151,
                    "Δt": 0.033366700033366704,
                    "key": "shift+right"
                }
            },
            {
                "time": "2018-02-05T18:18:35.287Z",
                "type": "SKIP",
                "source": "hotkey",
                "_t": "11:18:35",
                "_end": "-",
                "data": {
                    "t": 31.925517,
                    "Δt": 0.033366700033366704,
                    "key": "shift+right"
                }
            },
            {
                "time": "2018-02-05T18:18:36.871Z",
                "type": "SKIP",
                "source": "hotkey",
                "_t": "11:18:36",
                "_end": "-",
                "data": {
                    "t": 31.958883,
                    "Δt": 1,
                    "key": "right"
                }
            },
            {
                "time": "2018-02-05T18:18:38.374Z",
                "type": "SKIP",
                "source": "hotkey",
                "_t": "11:18:38",
                "_end": "-",
                "data": {
                    "t": 32.958883,
                    "Δt": 1,
                    "key": "right"
                }
            },
            {
                "time": "2018-02-05T18:18:39.991Z",
                "type": "SKIP",
                "source": "hotkey",
                "_t": "11:18:39",
                "_end": "-",
                "data": {
                    "t": 33.958883,
                    "Δt": -1,
                    "key": "left"
                }
            },
            {
                "time": "2018-02-05T18:18:40.519Z",
                "type": "SKIP",
                "source": "hotkey",
                "_t": "11:18:40",
                "_end": "-",
                "data": {
                    "t": 32.958883,
                    "Δt": 0.033366700033366704,
                    "key": "shift+right"
                }
            },
            {
                "time": "2018-02-05T18:18:40.680Z",
                "type": "SKIP",
                "source": "hotkey",
                "_t": "11:18:40",
                "_end": "-",
                "data": {
                    "t": 32.992249,
                    "Δt": 0.033366700033366704,
                    "key": "shift+right"
                }
            },
            {
                "time": "2018-02-05T18:18:40.838Z",
                "type": "SKIP",
                "source": "hotkey",
                "_t": "11:18:40",
                "_end": "-",
                "data": {
                    "t": 33.025615,
                    "Δt": 0.033366700033366704,
                    "key": "shift+right"
                }
            },
            {
                "time": "2018-02-05T18:18:40.984Z",
                "type": "SKIP",
                "source": "hotkey",
                "_t": "11:18:40",
                "_end": "-",
                "data": {
                    "t": 33.058981,
                    "Δt": 0.033366700033366704,
                    "key": "shift+right"
                }
            },
            {
                "time": "2018-02-05T18:18:41.111Z",
                "type": "SKIP",
                "source": "hotkey",
                "_t": "11:18:41",
                "_end": "-",
                "data": {
                    "t": 33.092347,
                    "Δt": 0.033366700033366704,
                    "key": "shift+right"
                }
            },
            {
                "time": "2018-02-05T18:18:41.272Z",
                "type": "SKIP",
                "source": "hotkey",
                "_t": "11:18:41",
                "_end": "-",
                "data": {
                    "t": 33.125713,
                    "Δt": 0.033366700033366704,
                    "key": "shift+right"
                }
            },
            {
                "time": "2018-02-05T18:18:41.399Z",
                "type": "SKIP",
                "source": "hotkey",
                "_t": "11:18:41",
                "_end": "-",
                "data": {
                    "t": 33.159079,
                    "Δt": 0.033366700033366704,
                    "key": "shift+right"
                }
            },
            {
                "time": "2018-02-05T18:18:42.199Z",
                "type": "SKIP",
                "source": "hotkey",
                "_t": "11:18:42",
                "_end": "-",
                "data": {
                    "t": 33.192445,
                    "Δt": 0.033366700033366704,
                    "key": "shift+right"
                }
            },
            {
                "time": "2018-02-05T18:18:42.391Z",
                "type": "SKIP",
                "source": "hotkey",
                "_t": "11:18:42",
                "_end": "-",
                "data": {
                    "t": 33.225811,
                    "Δt": 0.033366700033366704,
                    "key": "shift+right"
                }
            },
            {
                "time": "2018-02-05T18:18:42.552Z",
                "type": "SKIP",
                "source": "hotkey",
                "_t": "11:18:42",
                "_end": "-",
                "data": {
                    "t": 33.259177,
                    "Δt": 0.033366700033366704,
                    "key": "shift+right"
                }
            },
            {
                "time": "2018-02-05T18:18:42.695Z",
                "type": "SKIP",
                "source": "hotkey",
                "_t": "11:18:42",
                "_end": "-",
                "data": {
                    "t": 33.292543,
                    "Δt": 0.033366700033366704,
                    "key": "shift+right"
                }
            },
            {
                "time": "2018-02-05T18:18:42.839Z",
                "type": "SKIP",
                "source": "hotkey",
                "_t": "11:18:42",
                "_end": "-",
                "data": {
                    "t": 33.325909,
                    "Δt": 0.033366700033366704,
                    "key": "shift+right"
                }
            },
            {
                "time": "2018-02-05T18:18:43.750Z",
                "type": "SKIP",
                "source": "hotkey",
                "_t": "11:18:43",
                "_end": "-",
                "data": {
                    "t": 33.359274,
                    "Δt": 0.033366700033366704,
                    "key": "shift+right"
                }
            },
            {
                "time": "2018-02-05T18:18:43.911Z",
                "type": "SKIP",
                "source": "hotkey",
                "_t": "11:18:43",
                "_end": "-",
                "data": {
                    "t": 33.39264,
                    "Δt": 0.033366700033366704,
                    "key": "shift+right"
                }
            },
            {
                "time": "2018-02-05T18:18:44.056Z",
                "type": "SKIP",
                "source": "hotkey",
                "_t": "11:18:44",
                "_end": "-",
                "data": {
                    "t": 33.426006,
                    "Δt": 0.033366700033366704,
                    "key": "shift+right"
                }
            },
            {
                "time": "2018-02-05T18:18:44.199Z",
                "type": "SKIP",
                "source": "hotkey",
                "_t": "11:18:44",
                "_end": "-",
                "data": {
                    "t": 33.459372,
                    "Δt": 0.033366700033366704,
                    "key": "shift+right"
                }
            },
            {
                "time": "2018-02-05T18:18:45.768Z",
                "type": "SKIP",
                "source": "hotkey",
                "_t": "11:18:45",
                "_end": "-",
                "data": {
                    "t": 33.492738,
                    "Δt": 0.033366700033366704,
                    "key": "shift+right"
                }
            },
            {
                "time": "2018-02-05T18:18:47.352Z",
                "type": "SKIP",
                "source": "hotkey",
                "_t": "11:18:47",
                "_end": "-",
                "data": {
                    "t": 33.526103,
                    "Δt": 0.033366700033366704,
                    "key": "shift+right"
                }
            },
            {
                "time": "2018-02-05T18:18:48.247Z",
                "type": "SKIP",
                "source": "hotkey",
                "_t": "11:18:48",
                "_end": "-",
                "data": {
                    "t": 33.559469,
                    "Δt": 1,
                    "key": "right"
                }
            },
            {
                "time": "2018-02-05T18:18:48.520Z",
                "type": "SKIP",
                "source": "hotkey",
                "_t": "11:18:48",
                "_end": "-",
                "data": {
                    "t": 34.559469,
                    "Δt": 1,
                    "key": "right"
                }
            },
            {
                "time": "2018-02-05T18:18:49.543Z",
                "type": "SKIP",
                "source": "hotkey",
                "_t": "11:18:49",
                "_end": "-",
                "data": {
                    "t": 35.559469,
                    "Δt": -0.033366700033366704,
                    "key": "shift+left"
                }
            },
            {
                "time": "2018-02-05T18:18:49.704Z",
                "type": "SKIP",
                "source": "hotkey",
                "_t": "11:18:49",
                "_end": "-",
                "data": {
                    "t": 35.526102,
                    "Δt": -0.033366700033366704,
                    "key": "shift+left"
                }
            },
            {
                "time": "2018-02-05T18:18:49.850Z",
                "type": "SKIP",
                "source": "hotkey",
                "_t": "11:18:49",
                "_end": "-",
                "data": {
                    "t": 35.492735,
                    "Δt": -0.033366700033366704,
                    "key": "shift+left"
                }
            },
            {
                "time": "2018-02-05T18:18:49.991Z",
                "type": "SKIP",
                "source": "hotkey",
                "_t": "11:18:49",
                "_end": "-",
                "data": {
                    "t": 35.459368,
                    "Δt": -0.033366700033366704,
                    "key": "shift+left"
                }
            },
            {
                "time": "2018-02-05T18:18:50.135Z",
                "type": "SKIP",
                "source": "hotkey",
                "_t": "11:18:50",
                "_end": "-",
                "data": {
                    "t": 35.426001,
                    "Δt": -0.033366700033366704,
                    "key": "shift+left"
                }
            },
            {
                "time": "2018-02-05T18:18:50.295Z",
                "type": "SKIP",
                "source": "hotkey",
                "_t": "11:18:50",
                "_end": "-",
                "data": {
                    "t": 35.392634,
                    "Δt": -0.033366700033366704,
                    "key": "shift+left"
                }
            },
            {
                "time": "2018-02-05T18:18:50.455Z",
                "type": "SKIP",
                "source": "hotkey",
                "_t": "11:18:50",
                "_end": "-",
                "data": {
                    "t": 35.359267,
                    "Δt": -0.033366700033366704,
                    "key": "shift+left"
                }
            },
            {
                "time": "2018-02-05T18:18:51.079Z",
                "type": "SKIP",
                "source": "hotkey",
                "_t": "11:18:51",
                "_end": "-",
                "data": {
                    "t": 35.3259,
                    "Δt": 0.033366700033366704,
                    "key": "shift+right"
                }
            },
            {
                "time": "2018-02-05T18:18:52.407Z",
                "type": "SKIP",
                "source": "hotkey",
                "_t": "11:18:52",
                "_end": "-",
                "data": {
                    "t": 35.359266,
                    "Δt": 0.033366700033366704,
                    "key": "shift+right"
                }
            },
            {
                "time": "2018-02-05T18:18:53.671Z",
                "type": "SKIP",
                "source": "hotkey",
                "_t": "11:18:53",
                "_end": "-",
                "data": {
                    "t": 35.392632,
                    "Δt": 1,
                    "key": "right"
                }
            },
            {
                "time": "2018-02-05T18:18:54.231Z",
                "type": "SKIP",
                "source": "hotkey",
                "_t": "11:18:54",
                "_end": "-",
                "data": {
                    "t": 36.392632,
                    "Δt": 1,
                    "key": "right"
                }
            },
            {
                "time": "2018-02-05T18:18:55.097Z",
                "type": "SKIP",
                "source": "hotkey",
                "_t": "11:18:55",
                "_end": "-",
                "data": {
                    "t": 37.392632,
                    "Δt": -0.033366700033366704,
                    "key": "shift+left"
                }
            },
            {
                "time": "2018-02-05T18:18:55.208Z",
                "type": "SKIP",
                "source": "hotkey",
                "_t": "11:18:55",
                "_end": "-",
                "data": {
                    "t": 37.359265,
                    "Δt": -0.033366700033366704,
                    "key": "shift+left"
                }
            },
            {
                "time": "2018-02-05T18:18:55.351Z",
                "type": "SKIP",
                "source": "hotkey",
                "_t": "11:18:55",
                "_end": "-",
                "data": {
                    "t": 37.325898,
                    "Δt": -0.033366700033366704,
                    "key": "shift+left"
                }
            },
            {
                "time": "2018-02-05T18:18:55.513Z",
                "type": "SKIP",
                "source": "hotkey",
                "_t": "11:18:55",
                "_end": "-",
                "data": {
                    "t": 37.292531,
                    "Δt": -0.033366700033366704,
                    "key": "shift+left"
                }
            },
            {
                "time": "2018-02-05T18:18:55.655Z",
                "type": "SKIP",
                "source": "hotkey",
                "_t": "11:18:55",
                "_end": "-",
                "data": {
                    "t": 37.259164,
                    "Δt": -0.033366700033366704,
                    "key": "shift+left"
                }
            },
            {
                "time": "2018-02-05T18:18:56.216Z",
                "type": "SKIP",
                "source": "hotkey",
                "_t": "11:18:56",
                "_end": "-",
                "data": {
                    "t": 37.225797,
                    "Δt": -0.033366700033366704,
                    "key": "shift+left"
                }
            },
            {
                "time": "2018-02-05T18:18:56.391Z",
                "type": "SKIP",
                "source": "hotkey",
                "_t": "11:18:56",
                "_end": "-",
                "data": {
                    "t": 37.19243,
                    "Δt": -0.033366700033366704,
                    "key": "shift+left"
                }
            },
            {
                "time": "2018-02-05T18:18:56.540Z",
                "type": "SKIP",
                "source": "hotkey",
                "_t": "11:18:56",
                "_end": "-",
                "data": {
                    "t": 37.159063,
                    "Δt": -0.033366700033366704,
                    "key": "shift+left"
                }
            },
            {
                "time": "2018-02-05T18:18:56.697Z",
                "type": "SKIP",
                "source": "hotkey",
                "_t": "11:18:56",
                "_end": "-",
                "data": {
                    "t": 37.125696,
                    "Δt": -0.033366700033366704,
                    "key": "shift+left"
                }
            },
            {
                "time": "2018-02-05T18:18:57.000Z",
                "type": "SKIP",
                "source": "hotkey",
                "_t": "11:18:57",
                "_end": "-",
                "data": {
                    "t": 37.092329,
                    "Δt": -0.033366700033366704,
                    "key": "shift+left"
                }
            },
            {
                "time": "2018-02-05T18:18:57.577Z",
                "type": "SKIP",
                "source": "hotkey",
                "_t": "11:18:57",
                "_end": "-",
                "data": {
                    "t": 37.058962,
                    "Δt": 0.033366700033366704,
                    "key": "shift+right"
                }
            },
            {
                "time": "2018-02-05T18:19:00.439Z",
                "type": "SKIP",
                "source": "hotkey",
                "_t": "11:19:00",
                "_end": "-",
                "data": {
                    "t": 37.092328,
                    "Δt": 0.033366700033366704,
                    "key": "shift+right"
                }
            },
            {
                "time": "2018-02-05T18:19:01.735Z",
                "type": "SKIP",
                "source": "hotkey",
                "_t": "11:19:01",
                "_end": "-",
                "data": {
                    "t": 37.125694,
                    "Δt": 1,
                    "key": "right"
                }
            },
            {
                "time": "2018-02-05T18:19:02.375Z",
                "type": "SKIP",
                "source": "hotkey",
                "_t": "11:19:02",
                "_end": "-",
                "data": {
                    "t": 38.125694,
                    "Δt": 1,
                    "key": "right"
                }
            },
            {
                "time": "2018-02-05T18:19:03.287Z",
                "type": "SKIP",
                "source": "hotkey",
                "_t": "11:19:03",
                "_end": "-",
                "data": {
                    "t": 39.125694,
                    "Δt": -1,
                    "key": "left"
                }
            },
            {
                "time": "2018-02-05T18:19:04.007Z",
                "type": "SKIP",
                "source": "hotkey",
                "_t": "11:19:04",
                "_end": "-",
                "data": {
                    "t": 38.125694,
                    "Δt": 1,
                    "key": "right"
                }
            },
            {
                "time": "2018-02-05T18:19:04.792Z",
                "type": "SKIP",
                "source": "hotkey",
                "_t": "11:19:04",
                "_end": "-",
                "data": {
                    "t": 39.125694,
                    "Δt": -0.033366700033366704,
                    "key": "shift+left"
                }
            },
            {
                "time": "2018-02-05T18:19:04.936Z",
                "type": "SKIP",
                "source": "hotkey",
                "_t": "11:19:04",
                "_end": "-",
                "data": {
                    "t": 39.092327,
                    "Δt": -0.033366700033366704,
                    "key": "shift+left"
                }
            },
            {
                "time": "2018-02-05T18:19:05.079Z",
                "type": "SKIP",
                "source": "hotkey",
                "_t": "11:19:05",
                "_end": "-",
                "data": {
                    "t": 39.05896,
                    "Δt": -0.033366700033366704,
                    "key": "shift+left"
                }
            },
            {
                "time": "2018-02-05T18:19:05.224Z",
                "type": "SKIP",
                "source": "hotkey",
                "_t": "11:19:05",
                "_end": "-",
                "data": {
                    "t": 39.025593,
                    "Δt": -0.033366700033366704,
                    "key": "shift+left"
                }
            },
            {
                "time": "2018-02-05T18:19:05.383Z",
                "type": "SKIP",
                "source": "hotkey",
                "_t": "11:19:05",
                "_end": "-",
                "data": {
                    "t": 38.992226,
                    "Δt": -0.033366700033366704,
                    "key": "shift+left"
                }
            },
            {
                "time": "2018-02-05T18:19:06.136Z",
                "type": "SKIP",
                "source": "hotkey",
                "_t": "11:19:06",
                "_end": "-",
                "data": {
                    "t": 38.958859,
                    "Δt": -0.033366700033366704,
                    "key": "shift+left"
                }
            },
            {
                "time": "2018-02-05T18:19:06.711Z",
                "type": "SKIP",
                "source": "hotkey",
                "_t": "11:19:06",
                "_end": "-",
                "data": {
                    "t": 38.925492,
                    "Δt": 0.033366700033366704,
                    "key": "shift+right"
                }
            },
            {
                "time": "2018-02-05T18:19:08.423Z",
                "type": "SKIP",
                "source": "hotkey",
                "_t": "11:19:08",
                "_end": "-",
                "data": {
                    "t": 38.958858,
                    "Δt": 0.033366700033366704,
                    "key": "shift+right"
                }
            },
            {
                "time": "2018-02-05T18:19:09.160Z",
                "type": "SKIP",
                "source": "hotkey",
                "_t": "11:19:09",
                "_end": "-",
                "data": {
                    "t": 38.992224,
                    "Δt": 0.033366700033366704,
                    "key": "shift+right"
                }
            },
            {
                "time": "2018-02-05T18:19:10.631Z",
                "type": "SKIP",
                "source": "hotkey",
                "_t": "11:19:10",
                "_end": "-",
                "data": {
                    "t": 39.02559,
                    "Δt": 1,
                    "key": "right"
                }
            },
            {
                "time": "2018-02-05T18:19:11.431Z",
                "type": "SKIP",
                "source": "hotkey",
                "_t": "11:19:11",
                "_end": "-",
                "data": {
                    "t": 40.02559,
                    "Δt": 1,
                    "key": "right"
                }
            },
            {
                "time": "2018-02-05T18:19:12.807Z",
                "type": "SKIP",
                "source": "hotkey",
                "_t": "11:19:12",
                "_end": "-",
                "data": {
                    "t": 41.02559,
                    "Δt": 1,
                    "key": "right"
                }
            },
            {
                "time": "2018-02-05T18:19:13.703Z",
                "type": "SKIP",
                "source": "hotkey",
                "_t": "11:19:13",
                "_end": "-",
                "data": {
                    "t": 42.02559,
                    "Δt": -0.033366700033366704,
                    "key": "shift+left"
                }
            },
            {
                "time": "2018-02-05T18:19:13.863Z",
                "type": "SKIP",
                "source": "hotkey",
                "_t": "11:19:13",
                "_end": "-",
                "data": {
                    "t": 41.992223,
                    "Δt": -0.033366700033366704,
                    "key": "shift+left"
                }
            },
            {
                "time": "2018-02-05T18:19:13.991Z",
                "type": "SKIP",
                "source": "hotkey",
                "_t": "11:19:13",
                "_end": "-",
                "data": {
                    "t": 41.958856,
                    "Δt": -0.033366700033366704,
                    "key": "shift+left"
                }
            },
            {
                "time": "2018-02-05T18:19:14.120Z",
                "type": "SKIP",
                "source": "hotkey",
                "_t": "11:19:14",
                "_end": "-",
                "data": {
                    "t": 41.925489,
                    "Δt": -0.033366700033366704,
                    "key": "shift+left"
                }
            },
            {
                "time": "2018-02-05T18:19:14.936Z",
                "type": "SKIP",
                "source": "hotkey",
                "_t": "11:19:14",
                "_end": "-",
                "data": {
                    "t": 41.892122,
                    "Δt": -0.033366700033366704,
                    "key": "shift+left"
                }
            },
            {
                "time": "2018-02-05T18:19:15.736Z",
                "type": "SKIP",
                "source": "hotkey",
                "_t": "11:19:15",
                "_end": "-",
                "data": {
                    "t": 41.858755,
                    "Δt": -0.033366700033366704,
                    "key": "shift+left"
                }
            },
            {
                "time": "2018-02-05T18:19:17.688Z",
                "type": "SKIP",
                "source": "hotkey",
                "_t": "11:19:17",
                "_end": "-",
                "data": {
                    "t": 41.825388,
                    "Δt": 0.033366700033366704,
                    "key": "shift+right"
                }
            },
            {
                "time": "2018-02-05T18:19:18.088Z",
                "type": "SKIP",
                "source": "hotkey",
                "_t": "11:19:18",
                "_end": "-",
                "data": {
                    "t": 41.858754,
                    "Δt": 0.033366700033366704,
                    "key": "shift+right"
                }
            },
            {
                "time": "2018-02-05T18:19:19.688Z",
                "type": "SKIP",
                "source": "hotkey",
                "_t": "11:19:19",
                "_end": "-",
                "data": {
                    "t": 41.89212,
                    "Δt": 1,
                    "key": "right"
                }
            },
            {
                "time": "2018-02-05T18:19:19.848Z",
                "type": "SKIP",
                "source": "hotkey",
                "_t": "11:19:19",
                "_end": "-",
                "data": {
                    "t": 42.89212,
                    "Δt": 1,
                    "key": "right"
                }
            },
            {
                "time": "2018-02-05T18:19:20.008Z",
                "type": "SKIP",
                "source": "hotkey",
                "_t": "11:19:20",
                "_end": "-",
                "data": {
                    "t": 43.89212,
                    "Δt": 1,
                    "key": "right"
                }
            },
            {
                "time": "2018-02-05T18:19:20.487Z",
                "type": "SKIP",
                "source": "hotkey",
                "_t": "11:19:20",
                "_end": "-",
                "data": {
                    "t": 44.89212,
                    "Δt": -1,
                    "key": "left"
                }
            },
            {
                "time": "2018-02-05T18:19:20.840Z",
                "type": "SKIP",
                "source": "hotkey",
                "_t": "11:19:20",
                "_end": "-",
                "data": {
                    "t": 43.89212,
                    "Δt": -1,
                    "key": "left"
                }
            },
            {
                "time": "2018-02-05T18:19:21.112Z",
                "type": "SKIP",
                "source": "hotkey",
                "_t": "11:19:21",
                "_end": "-",
                "data": {
                    "t": 42.89212,
                    "Δt": 1,
                    "key": "right"
                }
            },
            {
                "time": "2018-02-05T18:19:22.328Z",
                "type": "SKIP",
                "source": "hotkey",
                "_t": "11:19:22",
                "_end": "-",
                "data": {
                    "t": 43.89212,
                    "Δt": 0.033366700033366704,
                    "key": "shift+right"
                }
            },
            {
                "time": "2018-02-05T18:19:22.488Z",
                "type": "SKIP",
                "source": "hotkey",
                "_t": "11:19:22",
                "_end": "-",
                "data": {
                    "t": 43.925486,
                    "Δt": 0.033366700033366704,
                    "key": "shift+right"
                }
            },
            {
                "time": "2018-02-05T18:19:22.615Z",
                "type": "SKIP",
                "source": "hotkey",
                "_t": "11:19:22",
                "_end": "-",
                "data": {
                    "t": 43.958852,
                    "Δt": 0.033366700033366704,
                    "key": "shift+right"
                }
            },
            {
                "time": "2018-02-05T18:19:22.759Z",
                "type": "SKIP",
                "source": "hotkey",
                "_t": "11:19:22",
                "_end": "-",
                "data": {
                    "t": 43.992218,
                    "Δt": 0.033366700033366704,
                    "key": "shift+right"
                }
            },
            {
                "time": "2018-02-05T18:19:22.920Z",
                "type": "SKIP",
                "source": "hotkey",
                "_t": "11:19:22",
                "_end": "-",
                "data": {
                    "t": 44.025584,
                    "Δt": 0.033366700033366704,
                    "key": "shift+right"
                }
            },
            {
                "time": "2018-02-05T18:19:23.080Z",
                "type": "SKIP",
                "source": "hotkey",
                "_t": "11:19:23",
                "_end": "-",
                "data": {
                    "t": 44.05895,
                    "Δt": 0.033366700033366704,
                    "key": "shift+right"
                }
            },
            {
                "time": "2018-02-05T18:19:23.224Z",
                "type": "SKIP",
                "source": "hotkey",
                "_t": "11:19:23",
                "_end": "-",
                "data": {
                    "t": 44.092316,
                    "Δt": 0.033366700033366704,
                    "key": "shift+right"
                }
            },
            {
                "time": "2018-02-05T18:19:23.368Z",
                "type": "SKIP",
                "source": "hotkey",
                "_t": "11:19:23",
                "_end": "-",
                "data": {
                    "t": 44.125682,
                    "Δt": 0.033366700033366704,
                    "key": "shift+right"
                }
            },
            {
                "time": "2018-02-05T18:19:23.511Z",
                "type": "SKIP",
                "source": "hotkey",
                "_t": "11:19:23",
                "_end": "-",
                "data": {
                    "t": 44.159048,
                    "Δt": 0.033366700033366704,
                    "key": "shift+right"
                }
            },
            {
                "time": "2018-02-05T18:19:23.672Z",
                "type": "SKIP",
                "source": "hotkey",
                "_t": "11:19:23",
                "_end": "-",
                "data": {
                    "t": 44.192414,
                    "Δt": 0.033366700033366704,
                    "key": "shift+right"
                }
            },
            {
                "time": "2018-02-05T18:19:23.816Z",
                "type": "SKIP",
                "source": "hotkey",
                "_t": "11:19:23",
                "_end": "-",
                "data": {
                    "t": 44.22578,
                    "Δt": 0.033366700033366704,
                    "key": "shift+right"
                }
            },
            {
                "time": "2018-02-05T18:19:24.200Z",
                "type": "SKIP",
                "source": "hotkey",
                "_t": "11:19:24",
                "_end": "-",
                "data": {
                    "t": 44.259146,
                    "Δt": 0.033366700033366704,
                    "key": "shift+right"
                }
            },
            {
                "time": "2018-02-05T18:19:25.928Z",
                "type": "SKIP",
                "source": "hotkey",
                "_t": "11:19:25",
                "_end": "-",
                "data": {
                    "t": 44.292512,
                    "Δt": 0.033366700033366704,
                    "key": "shift+right"
                }
            },
            {
                "time": "2018-02-05T18:19:26.119Z",
                "type": "SKIP",
                "source": "hotkey",
                "_t": "11:19:26",
                "_end": "-",
                "data": {
                    "t": 44.325878,
                    "Δt": 0.033366700033366704,
                    "key": "shift+right"
                }
            },
            {
                "time": "2018-02-05T18:19:26.663Z",
                "type": "SKIP",
                "source": "hotkey",
                "_t": "11:19:26",
                "_end": "-",
                "data": {
                    "t": 44.359244,
                    "Δt": -0.033366700033366704,
                    "key": "shift+left"
                }
            },
            {
                "time": "2018-02-05T18:19:27.561Z",
                "type": "SKIP",
                "source": "hotkey",
                "_t": "11:19:27",
                "_end": "-",
                "data": {
                    "t": 44.325877,
                    "Δt": 0.033366700033366704,
                    "key": "shift+right"
                }
            },
            {
                "time": "2018-02-05T18:19:28.456Z",
                "type": "SKIP",
                "source": "hotkey",
                "_t": "11:19:28",
                "_end": "-",
                "data": {
                    "t": 44.359243,
                    "Δt": 1,
                    "key": "right"
                }
            },
            {
                "time": "2018-02-05T18:19:28.615Z",
                "type": "SKIP",
                "source": "hotkey",
                "_t": "11:19:28",
                "_end": "-",
                "data": {
                    "t": 45.359243,
                    "Δt": 1,
                    "key": "right"
                }
            },
            {
                "time": "2018-02-05T18:19:29.640Z",
                "type": "SKIP",
                "source": "hotkey",
                "_t": "11:19:29",
                "_end": "-",
                "data": {
                    "t": 46.359243,
                    "Δt": -1,
                    "key": "left"
                }
            },
            {
                "time": "2018-02-05T18:19:29.897Z",
                "type": "SKIP",
                "source": "hotkey",
                "_t": "11:19:29",
                "_end": "-",
                "data": {
                    "t": 45.359243,
                    "Δt": 1,
                    "key": "right"
                }
            },
            {
                "time": "2018-02-05T18:19:30.088Z",
                "type": "SKIP",
                "source": "hotkey",
                "_t": "11:19:30",
                "_end": "-",
                "data": {
                    "t": 46.359243,
                    "Δt": 1,
                    "key": "right"
                }
            },
            {
                "time": "2018-02-05T18:19:30.249Z",
                "type": "SKIP",
                "source": "hotkey",
                "_t": "11:19:30",
                "_end": "-",
                "data": {
                    "t": 47.359243,
                    "Δt": 1,
                    "key": "right"
                }
            },
            {
                "time": "2018-02-05T18:19:30.552Z",
                "type": "SKIP",
                "source": "hotkey",
                "_t": "11:19:30",
                "_end": "-",
                "data": {
                    "t": 48.359243,
                    "Δt": 1,
                    "key": "right"
                }
            },
            {
                "time": "2018-02-05T18:19:32.904Z",
                "type": "SKIP",
                "source": "hotkey",
                "_t": "11:19:32",
                "_end": "-",
                "data": {
                    "t": 49.359243,
                    "Δt": 0.033366700033366704,
                    "key": "shift+right"
                }
            },
            {
                "time": "2018-02-05T18:19:38.904Z",
                "type": "SKIP",
                "source": "hotkey",
                "_t": "11:19:38",
                "_end": "-",
                "data": {
                    "t": 49.392609,
                    "Δt": -0.033366700033366704,
                    "key": "shift+left"
                }
            },
            {
                "time": "2018-02-05T18:19:39.640Z",
                "type": "SKIP",
                "source": "hotkey",
                "_t": "11:19:39",
                "_end": "-",
                "data": {
                    "t": 49.359242,
                    "Δt": 0.033366700033366704,
                    "key": "shift+right"
                }
            },
            {
                "time": "2018-02-05T18:19:50.938Z",
                "type": "SKIP",
                "source": "hotkey",
                "_t": "11:19:50",
                "_end": "-",
                "data": {
                    "t": 49.392608,
                    "Δt": 0.033366700033366704,
                    "key": "shift+right"
                }
            },
            {
                "time": "2018-02-05T18:19:51.384Z",
                "type": "SKIP",
                "source": "hotkey",
                "_t": "11:19:51",
                "_end": "-",
                "data": {
                    "t": 49.425974,
                    "Δt": 0.033366700033366704,
                    "key": "shift+right"
                }
            },
            {
                "time": "2018-02-05T18:19:52.648Z",
                "type": "SKIP",
                "source": "hotkey",
                "_t": "11:19:52",
                "_end": "-",
                "data": {
                    "t": 49.45934,
                    "Δt": 1,
                    "key": "right"
                }
            },
            {
                "time": "2018-02-05T18:19:52.808Z",
                "type": "SKIP",
                "source": "hotkey",
                "_t": "11:19:52",
                "_end": "-",
                "data": {
                    "t": 50.45934,
                    "Δt": 1,
                    "key": "right"
                }
            },
            {
                "time": "2018-02-05T18:19:52.968Z",
                "type": "SKIP",
                "source": "hotkey",
                "_t": "11:19:52",
                "_end": "-",
                "data": {
                    "t": 51.45934,
                    "Δt": 1,
                    "key": "right"
                }
            },
            {
                "time": "2018-02-05T18:19:54.328Z",
                "type": "SKIP",
                "source": "hotkey",
                "_t": "11:19:54",
                "_end": "-",
                "data": {
                    "t": 52.45934,
                    "Δt": -1,
                    "key": "left"
                }
            }
        ]
    }
}