[{"time":32.393567,"endTime":32.393567,"type":"ground","id":6},{"time":28.120861,"endTime":30.02837,"type":"ground","id":7},{"time":30.616481,"endTime":31.399227,"type":"ground","id":8},{"time":32.343634,"endTime":32.393567,"type":"ground","id":9},{"time":33.822184,"endTime":34.980401,"type":"ground","id":10},{"time":35.549165,"endTime":36.718208,"type":"ground","id":11},{"time":37.276458,"endTime":37.363538,"type":"ground","id":12},{"time":37.363538,"endTime":38.457513,"type":"ground","id":13},{"time":39.112293,"endTime":40.055186,"type":"ground","id":14},{"time":40.670449,"endTime":41.396873,"type":"ground","id":15},{"time":41.396873,"endTime":41.511832,"type":"ground","id":16},{"time":42.09439521951234,"endTime":44.02047999999999,"type":"ground","id":17},{"time":44.469726,"endTime":45.44117,"type":"ground","id":18},{"time":46.526689,"endTime":47.350513,"type":"ground","id":19},{"time":48.080437,"endTime":48.962354,"type":"ground","id":20},{"time":49.589564,"endTime":50.619998,"type":"ground","id":21},{"time":51.316593,"endTime":55.070685,"type":"ground","id":22},{"time":55.749517,"endTime":56.791177,"type":"ground","id":23},{"time":57.703573,"endTime":58.432565,"type":"ground","id":24},{"time":58.929964,"endTime":60.032327,"type":"ground","id":25},{"time":60.628423,"endTime":61.813898,"type":"ground","id":26}]