{
    "user_id": "055",
    "session_id": "5a78ba10ee2b1975ba835bd3",
    "study": "studyD",
    "workspace": "cane.cane-yellow",
    "details": {
        "workspace": "cane.cane-yellow",
        "labels": [
            {
                "time": 28.205999,
                "endTime": 29.521809168793908,
                "type": "ground",
                "id": 1
            },
            {
                "time": 30.260242,
                "endTime": 31.235704041991752,
                "type": "ground",
                "id": 2
            },
            {
                "time": 32.101768,
                "endTime": 32.93744420419936,
                "type": "ground",
                "id": 3
            },
            {
                "time": 33.821741,
                "endTime": 34.80328068711465,
                "type": "ground",
                "id": 4
            },
            {
                "time": 35.602491,
                "endTime": 36.486788365170966,
                "type": "ground",
                "id": 5
            },
            {
                "time": 37.437939,
                "endTime": 38.364779881021114,
                "type": "ground",
                "id": 6
            },
            {
                "time": 39.352397,
                "endTime": 40.054365011527814,
                "type": "ground",
                "id": 7
            },
            {
                "time": 40.823187,
                "endTime": 41.25773862618409,
                "type": "ground",
                "id": 8
            },
            {
                "time": 42.093414,
                "endTime": 43.85896990777946,
                "type": "ground",
                "id": 9
            },
            {
                "time": 44.585248,
                "endTime": 45.58502062247753,
                "type": "ground",
                "id": 10
            },
            {
                "time": 46.46324,
                "endTime": 47.28068326883421,
                "type": "ground",
                "id": 11
            },
            {
                "time": 48.195368,
                "endTime": 48.873025431041,
                "type": "ground",
                "id": 12
            },
            {
                "time": 49.787711,
                "endTime": 50.42282491519089,
                "type": "ground",
                "id": 13
            },
            {
                "time": 51.452985,
                "endTime": 53.27323971387604,
                "type": "ground",
                "id": 14
            }
        ],
        "_starts": [
            "2018-02-05T20:16:23.000Z"
        ],
        "_ends": [
            "2018-02-05T20:18:48.225Z"
        ]
    },
    "labels_file": "/home/ubuntu/vat/data/user-studies/studyD/practice-third/055.labels.json",
    "videoFlash": 2.133995,
    "surveys": {
        "user-info": {
            "firstname": "Riley",
            "lastname": "Hale",
            "email": "riley.e.hale@gmail.com"
        },
        "practice-first": {
            "question1": "1",
            "question2": "ok",
            "question3": "100",
            "question4": "5"
        },
        "practice-second": {}
    },
    "logs": {
        "labelEvents": [
            {
                "time": "2018-02-05T20:17:10.243Z",
                "type": "START",
                "source": "hotkey",
                "_t": "13:17:10",
                "_end": "-",
                "data": {
                    "type": "ground",
                    "time": 28.205999
                }
            },
            {
                "time": "2018-02-05T20:17:13.145Z",
                "type": "END",
                "source": "data:click:h_pos",
                "_t": "13:17:13",
                "_end": "-",
                "data": {
                    "lbl": {
                        "time": 28.205999,
                        "endTime": 29.521809168793908,
                        "type": "ground",
                        "id": 1
                    }
                }
            },
            {
                "time": "2018-02-05T20:17:20.673Z",
                "type": "START",
                "source": "hotkey",
                "_t": "13:17:20",
                "_end": "-",
                "data": {
                    "type": "ground",
                    "time": 30.260242
                }
            },
            {
                "time": "2018-02-05T20:17:24.657Z",
                "type": "END",
                "source": "data:click:h_pos",
                "_t": "13:17:24",
                "_end": "-",
                "data": {
                    "lbl": {
                        "time": 30.260242,
                        "endTime": 31.235704041991752,
                        "type": "ground",
                        "id": 2
                    }
                }
            },
            {
                "time": "2018-02-05T20:17:27.488Z",
                "type": "START",
                "source": "hotkey",
                "_t": "13:17:27",
                "_end": "-",
                "data": {
                    "type": "ground",
                    "time": 32.101768
                }
            },
            {
                "time": "2018-02-05T20:17:29.986Z",
                "type": "END",
                "source": "data:click:h_pos",
                "_t": "13:17:29",
                "_end": "-",
                "data": {
                    "lbl": {
                        "time": 32.101768,
                        "endTime": 32.93744420419936,
                        "type": "ground",
                        "id": 3
                    }
                }
            },
            {
                "time": "2018-02-05T20:17:35.024Z",
                "type": "START",
                "source": "hotkey",
                "_t": "13:17:35",
                "_end": "-",
                "data": {
                    "type": "ground",
                    "time": 33.821741
                }
            },
            {
                "time": "2018-02-05T20:17:36.761Z",
                "type": "END",
                "source": "data:click:h_pos",
                "_t": "13:17:36",
                "_end": "-",
                "data": {
                    "lbl": {
                        "time": 33.821741,
                        "endTime": 34.80328068711465,
                        "type": "ground",
                        "id": 4
                    }
                }
            },
            {
                "time": "2018-02-05T20:17:40.048Z",
                "type": "START",
                "source": "hotkey",
                "_t": "13:17:40",
                "_end": "-",
                "data": {
                    "type": "ground",
                    "time": 35.602491
                }
            },
            {
                "time": "2018-02-05T20:17:43.777Z",
                "type": "END",
                "source": "data:click:h_pos",
                "_t": "13:17:43",
                "_end": "-",
                "data": {
                    "lbl": {
                        "time": 35.602491,
                        "endTime": 36.486788365170966,
                        "type": "ground",
                        "id": 5
                    }
                }
            },
            {
                "time": "2018-02-05T20:17:46.224Z",
                "type": "START",
                "source": "hotkey",
                "_t": "13:17:46",
                "_end": "-",
                "data": {
                    "type": "ground",
                    "time": 37.437939
                }
            },
            {
                "time": "2018-02-05T20:17:47.735Z",
                "type": "END",
                "source": "data:click:h_pos",
                "_t": "13:17:47",
                "_end": "-",
                "data": {
                    "lbl": {
                        "time": 37.437939,
                        "endTime": 38.364779881021114,
                        "type": "ground",
                        "id": 6
                    }
                }
            },
            {
                "time": "2018-02-05T20:17:54.129Z",
                "type": "START",
                "source": "hotkey",
                "_t": "13:17:54",
                "_end": "-",
                "data": {
                    "type": "ground",
                    "time": 39.352397
                }
            },
            {
                "time": "2018-02-05T20:17:56.507Z",
                "type": "END",
                "source": "data:click:h_pos",
                "_t": "13:17:56",
                "_end": "-",
                "data": {
                    "lbl": {
                        "time": 39.352397,
                        "endTime": 40.054365011527814,
                        "type": "ground",
                        "id": 7
                    }
                }
            },
            {
                "time": "2018-02-05T20:17:58.848Z",
                "type": "START",
                "source": "hotkey",
                "_t": "13:17:58",
                "_end": "-",
                "data": {
                    "type": "ground",
                    "time": 40.823187
                }
            },
            {
                "time": "2018-02-05T20:18:06.107Z",
                "type": "END",
                "source": "data:click:h_pos",
                "_t": "13:18:06",
                "_end": "-",
                "data": {
                    "lbl": {
                        "time": 40.823187,
                        "endTime": 41.25773862618409,
                        "type": "ground",
                        "id": 8
                    }
                }
            },
            {
                "time": "2018-02-05T20:18:09.188Z",
                "type": "START",
                "source": "hotkey",
                "_t": "13:18:09",
                "_end": "-",
                "data": {
                    "type": "ground",
                    "time": 42.093414
                }
            },
            {
                "time": "2018-02-05T20:18:18.402Z",
                "type": "END",
                "source": "data:click:h_pos",
                "_t": "13:18:18",
                "_end": "-",
                "data": {
                    "lbl": {
                        "time": 42.093414,
                        "endTime": 43.85896990777946,
                        "type": "ground",
                        "id": 9
                    }
                }
            },
            {
                "time": "2018-02-05T20:18:21.268Z",
                "type": "START",
                "source": "hotkey",
                "_t": "13:18:21",
                "_end": "-",
                "data": {
                    "type": "ground",
                    "time": 44.585248
                }
            },
            {
                "time": "2018-02-05T20:18:23.826Z",
                "type": "END",
                "source": "data:click:h_pos",
                "_t": "13:18:23",
                "_end": "-",
                "data": {
                    "lbl": {
                        "time": 44.585248,
                        "endTime": 45.58502062247753,
                        "type": "ground",
                        "id": 10
                    }
                }
            },
            {
                "time": "2018-02-05T20:18:26.895Z",
                "type": "START",
                "source": "hotkey",
                "_t": "13:18:26",
                "_end": "-",
                "data": {
                    "type": "ground",
                    "time": 46.46324
                }
            },
            {
                "time": "2018-02-05T20:18:29.746Z",
                "type": "END",
                "source": "data:click:h_pos",
                "_t": "13:18:29",
                "_end": "-",
                "data": {
                    "lbl": {
                        "time": 46.46324,
                        "endTime": 47.28068326883421,
                        "type": "ground",
                        "id": 11
                    }
                }
            },
            {
                "time": "2018-02-05T20:18:32.274Z",
                "type": "START",
                "source": "hotkey",
                "_t": "13:18:32",
                "_end": "-",
                "data": {
                    "type": "ground",
                    "time": 48.195368
                }
            },
            {
                "time": "2018-02-05T20:18:33.515Z",
                "type": "END",
                "source": "data:click:h_pos",
                "_t": "13:18:33",
                "_end": "-",
                "data": {
                    "lbl": {
                        "time": 48.195368,
                        "endTime": 48.873025431041,
                        "type": "ground",
                        "id": 12
                    }
                }
            },
            {
                "time": "2018-02-05T20:18:36.159Z",
                "type": "START",
                "source": "hotkey",
                "_t": "13:18:36",
                "_end": "-",
                "data": {
                    "type": "ground",
                    "time": 49.787711
                }
            },
            {
                "time": "2018-02-05T20:18:38.134Z",
                "type": "END",
                "source": "data:click:h_pos",
                "_t": "13:18:38",
                "_end": "-",
                "data": {
                    "lbl": {
                        "time": 49.787711,
                        "endTime": 50.42282491519089,
                        "type": "ground",
                        "id": 13
                    }
                }
            },
            {
                "time": "2018-02-05T20:18:40.786Z",
                "type": "START",
                "source": "hotkey",
                "_t": "13:18:40",
                "_end": "-",
                "data": {
                    "type": "ground",
                    "time": 51.452985
                }
            },
            {
                "time": "2018-02-05T20:18:44.046Z",
                "type": "END",
                "source": "data:click:h_pos",
                "_t": "13:18:44",
                "_end": "-",
                "data": {
                    "lbl": {
                        "time": 51.452985,
                        "endTime": 53.27323971387604,
                        "type": "ground",
                        "id": 14
                    }
                }
            },
            {
                "time": "2018-02-05T20:18:47.128Z",
                "type": "START",
                "source": "hotkey",
                "_t": "13:18:47",
                "_end": "-",
                "data": {
                    "type": "ground",
                    "time": 54.187925
                }
            }
        ],
        "navigationEvents": [
            {
                "time": {
                    "start": "2018-02-05T20:16:23.281Z",
                    "end": "2018-02-05T20:16:49.717Z"
                },
                "type": "SCRUB",
                "source": "data:drag",
                "_t": "13:16:23",
                "_end": "13:16:49",
                "data": {
                    "time": 6.552443
                }
            },
            {
                "time": {
                    "start": "2018-02-05T20:16:23.281Z",
                    "end": "2018-02-05T20:16:54.039Z"
                },
                "type": "SCRUB",
                "source": "data:drag",
                "_t": "13:16:23",
                "_end": "13:16:54",
                "data": {
                    "time": 8.980778
                }
            },
            {
                "time": {
                    "start": "2018-02-05T20:16:23.281Z",
                    "end": "2018-02-05T20:16:56.035Z"
                },
                "type": "SCRUB",
                "source": "data:drag",
                "_t": "13:16:23",
                "_end": "13:16:56",
                "data": {
                    "time": 17.50955
                }
            },
            {
                "time": "2018-02-05T20:16:59.520Z",
                "type": "CHANGE-PLAYBACK-RATE",
                "source": "video:menu",
                "_t": "13:16:59",
                "_end": "-",
                "data": {
                    "oldRate": 1,
                    "newRate": 2
                }
            },
            {
                "time": "2018-02-05T20:17:02.526Z",
                "type": "PAUSE",
                "source": "video:button",
                "_t": "13:17:02",
                "_end": "-"
            },
            {
                "time": {
                    "start": "2018-02-05T20:16:23.281Z",
                    "end": "2018-02-05T20:17:08.687Z"
                },
                "type": "SCRUB",
                "source": "data:drag",
                "_t": "13:16:23",
                "_end": "13:17:08",
                "data": {
                    "time": 28.205999
                }
            },
            {
                "time": {
                    "start": "2018-02-05T20:16:23.281Z",
                    "end": "2018-02-05T20:17:13.143Z"
                },
                "type": "SCRUB",
                "source": "data:drag",
                "_t": "13:16:23",
                "_end": "13:17:13",
                "data": {
                    "time": 28.205999
                }
            },
            {
                "time": {
                    "start": "2018-02-05T20:16:23.281Z",
                    "end": "2018-02-05T20:17:17.008Z"
                },
                "type": "SCRUB",
                "source": "data:drag",
                "_t": "13:16:23",
                "_end": "13:17:17",
                "data": {
                    "time": 30.272398
                }
            },
            {
                "time": {
                    "start": "2018-02-05T20:16:23.281Z",
                    "end": "2018-02-05T20:17:20.551Z"
                },
                "type": "SCRUB",
                "source": "data:drag",
                "_t": "13:16:23",
                "_end": "13:17:20",
                "data": {
                    "time": 30.260242
                }
            },
            {
                "time": {
                    "start": "2018-02-05T20:16:23.281Z",
                    "end": "2018-02-05T20:17:24.655Z"
                },
                "type": "SCRUB",
                "source": "data:drag",
                "_t": "13:16:23",
                "_end": "13:17:24",
                "data": {
                    "time": 30.260242
                }
            },
            {
                "time": {
                    "start": "2018-02-05T20:16:23.281Z",
                    "end": "2018-02-05T20:17:27.415Z"
                },
                "type": "SCRUB",
                "source": "data:drag",
                "_t": "13:16:23",
                "_end": "13:17:27",
                "data": {
                    "time": 32.101768
                }
            },
            {
                "time": {
                    "start": "2018-02-05T20:16:23.281Z",
                    "end": "2018-02-05T20:17:29.983Z"
                },
                "type": "SCRUB",
                "source": "data:drag",
                "_t": "13:16:23",
                "_end": "13:17:29",
                "data": {
                    "time": 32.101768
                }
            },
            {
                "time": {
                    "start": "2018-02-05T20:16:23.281Z",
                    "end": "2018-02-05T20:17:34.967Z"
                },
                "type": "SCRUB",
                "source": "data:drag",
                "_t": "13:16:23",
                "_end": "13:17:34",
                "data": {
                    "time": 33.821741
                }
            },
            {
                "time": {
                    "start": "2018-02-05T20:16:23.281Z",
                    "end": "2018-02-05T20:17:36.759Z"
                },
                "type": "SCRUB",
                "source": "data:drag",
                "_t": "13:16:23",
                "_end": "13:17:36",
                "data": {
                    "time": 33.821741
                }
            },
            {
                "time": {
                    "start": "2018-02-05T20:16:23.281Z",
                    "end": "2018-02-05T20:17:39.984Z"
                },
                "type": "SCRUB",
                "source": "data:drag",
                "_t": "13:16:23",
                "_end": "13:17:39",
                "data": {
                    "time": 35.602491
                }
            },
            {
                "time": {
                    "start": "2018-02-05T20:16:23.281Z",
                    "end": "2018-02-05T20:17:43.776Z"
                },
                "type": "SCRUB",
                "source": "data:drag",
                "_t": "13:16:23",
                "_end": "13:17:43",
                "data": {
                    "time": 35.602491
                }
            },
            {
                "time": {
                    "start": "2018-02-05T20:16:23.281Z",
                    "end": "2018-02-05T20:17:46.199Z"
                },
                "type": "SCRUB",
                "source": "data:drag",
                "_t": "13:16:23",
                "_end": "13:17:46",
                "data": {
                    "time": 37.437939
                }
            },
            {
                "time": {
                    "start": "2018-02-05T20:16:23.281Z",
                    "end": "2018-02-05T20:17:47.732Z"
                },
                "type": "SCRUB",
                "source": "data:drag",
                "_t": "13:16:23",
                "_end": "13:17:47",
                "data": {
                    "time": 37.437939
                }
            },
            {
                "time": {
                    "start": "2018-02-05T20:16:23.281Z",
                    "end": "2018-02-05T20:17:54.071Z"
                },
                "type": "SCRUB",
                "source": "data:drag",
                "_t": "13:16:23",
                "_end": "13:17:54",
                "data": {
                    "time": 39.352397
                }
            },
            {
                "time": {
                    "start": "2018-02-05T20:16:23.281Z",
                    "end": "2018-02-05T20:17:56.504Z"
                },
                "type": "SCRUB",
                "source": "data:drag",
                "_t": "13:16:23",
                "_end": "13:17:56",
                "data": {
                    "time": 39.352397
                }
            },
            {
                "time": {
                    "start": "2018-02-05T20:16:23.281Z",
                    "end": "2018-02-05T20:17:58.809Z"
                },
                "type": "SCRUB",
                "source": "data:drag",
                "_t": "13:16:23",
                "_end": "13:17:58",
                "data": {
                    "time": 40.823187
                }
            },
            {
                "time": {
                    "start": "2018-02-05T20:16:23.281Z",
                    "end": "2018-02-05T20:18:06.103Z"
                },
                "type": "SCRUB",
                "source": "data:drag",
                "_t": "13:16:23",
                "_end": "13:18:06",
                "data": {
                    "time": 40.823187
                }
            },
            {
                "time": {
                    "start": "2018-02-05T20:16:23.281Z",
                    "end": "2018-02-05T20:18:08.864Z"
                },
                "type": "SCRUB",
                "source": "data:drag",
                "_t": "13:16:23",
                "_end": "13:18:08",
                "data": {
                    "time": 42.093414
                }
            },
            {
                "time": {
                    "start": "2018-02-05T20:16:23.281Z",
                    "end": "2018-02-05T20:18:18.400Z"
                },
                "type": "SCRUB",
                "source": "data:drag",
                "_t": "13:16:23",
                "_end": "13:18:18",
                "data": {
                    "time": 42.093414
                }
            },
            {
                "time": {
                    "start": "2018-02-05T20:16:23.281Z",
                    "end": "2018-02-05T20:18:21.088Z"
                },
                "type": "SCRUB",
                "source": "data:drag",
                "_t": "13:16:23",
                "_end": "13:18:21",
                "data": {
                    "time": 44.585248
                }
            },
            {
                "time": {
                    "start": "2018-02-05T20:16:23.281Z",
                    "end": "2018-02-05T20:18:23.824Z"
                },
                "type": "SCRUB",
                "source": "data:drag",
                "_t": "13:16:23",
                "_end": "13:18:23",
                "data": {
                    "time": 44.585248
                }
            },
            {
                "time": {
                    "start": "2018-02-05T20:16:23.281Z",
                    "end": "2018-02-05T20:18:26.846Z"
                },
                "type": "SCRUB",
                "source": "data:drag",
                "_t": "13:16:23",
                "_end": "13:18:26",
                "data": {
                    "time": 46.46324
                }
            },
            {
                "time": {
                    "start": "2018-02-05T20:16:23.281Z",
                    "end": "2018-02-05T20:18:29.745Z"
                },
                "type": "SCRUB",
                "source": "data:drag",
                "_t": "13:16:23",
                "_end": "13:18:29",
                "data": {
                    "time": 46.46324
                }
            },
            {
                "time": {
                    "start": "2018-02-05T20:16:23.281Z",
                    "end": "2018-02-05T20:18:31.999Z"
                },
                "type": "SCRUB",
                "source": "data:drag",
                "_t": "13:16:23",
                "_end": "13:18:31",
                "data": {
                    "time": 48.195368
                }
            },
            {
                "time": {
                    "start": "2018-02-05T20:16:23.281Z",
                    "end": "2018-02-05T20:18:33.512Z"
                },
                "type": "SCRUB",
                "source": "data:drag",
                "_t": "13:16:23",
                "_end": "13:18:33",
                "data": {
                    "time": 48.195368
                }
            },
            {
                "time": {
                    "start": "2018-02-05T20:16:23.281Z",
                    "end": "2018-02-05T20:18:36.048Z"
                },
                "type": "SCRUB",
                "source": "data:drag",
                "_t": "13:16:23",
                "_end": "13:18:36",
                "data": {
                    "time": 49.787711
                }
            },
            {
                "time": {
                    "start": "2018-02-05T20:16:23.281Z",
                    "end": "2018-02-05T20:18:38.132Z"
                },
                "type": "SCRUB",
                "source": "data:drag",
                "_t": "13:16:23",
                "_end": "13:18:38",
                "data": {
                    "time": 49.787711
                }
            },
            {
                "time": {
                    "start": "2018-02-05T20:16:23.281Z",
                    "end": "2018-02-05T20:18:40.607Z"
                },
                "type": "SCRUB",
                "source": "data:drag",
                "_t": "13:16:23",
                "_end": "13:18:40",
                "data": {
                    "time": 51.452985
                }
            },
            {
                "time": {
                    "start": "2018-02-05T20:16:23.281Z",
                    "end": "2018-02-05T20:18:44.042Z"
                },
                "type": "SCRUB",
                "source": "data:drag",
                "_t": "13:16:23",
                "_end": "13:18:44",
                "data": {
                    "time": 51.452985
                }
            },
            {
                "time": {
                    "start": "2018-02-05T20:16:23.281Z",
                    "end": "2018-02-05T20:18:46.338Z"
                },
                "type": "SCRUB",
                "source": "data:drag",
                "_t": "13:16:23",
                "_end": "13:18:46",
                "data": {
                    "time": 54.187925
                }
            }
        ]
    }
}