{
    "user_id": "056",
    "session_id": "5a78ba3dee2b1975ba835bd5",
    "study": "studyD",
    "workspace": "cane.cane-yellow",
    "details": {
        "workspace": "cane.cane-yellow",
        "labels": [
            {
                "time": 28.058853,
                "endTime": 29.431558057095064,
                "type": "ground",
                "id": 1
            },
            {
                "time": 30.141993,
                "endTime": 31.177542429036627,
                "type": "ground",
                "id": 2
            },
            {
                "time": 31.948183,
                "endTime": 32.85127843229938,
                "type": "ground",
                "id": 3
            },
            {
                "time": 33.54967,
                "endTime": 34.7658395154977,
                "type": "ground",
                "id": 4
            },
            {
                "time": 35.373923,
                "endTime": 36.48172006362058,
                "type": "ground",
                "id": 5
            },
            {
                "time": 37.119907,
                "endTime": 38.2638278809148,
                "type": "ground",
                "id": 6
            },
            {
                "time": 38.986304,
                "endTime": 39.985729611744645,
                "type": "ground",
                "id": 7
            },
            {
                "time": 40.599834,
                "endTime": 41.280165892332874,
                "type": "ground",
                "id": 8
            },
            {
                "time": 41.870188,
                "endTime": 43.80883206362058,
                "type": "ground",
                "id": 9
            },
            {
                "time": 44.314565,
                "endTime": 45.54277463295244,
                "type": "ground",
                "id": 10
            },
            {
                "time": 46.120755,
                "endTime": 47.246613075041495,
                "type": "ground",
                "id": 11
            },
            {
                "time": 47.830614,
                "endTime": 48.799936430669916,
                "type": "ground",
                "id": 12
            },
            {
                "time": 49.40802,
                "endTime": 50.40142497552932,
                "type": "ground",
                "id": 13
            },
            {
                "time": 51.063694,
                "endTime": 53.182957947795884,
                "type": "ground",
                "id": 14
            },
            {
                "time": 53.893393,
                "endTime": 55.097520156605974,
                "type": "ground",
                "id": 15
            },
            {
                "time": 55.723666,
                "endTime": 56.638802704731845,
                "type": "ground",
                "id": 16
            },
            {
                "time": 57.28301,
                "endTime": 58.19814670473184,
                "type": "ground",
                "id": 17
            },
            {
                "time": 58.770107,
                "endTime": 59.85382151875926,
                "type": "ground",
                "id": 18
            },
            {
                "time": 60.473947,
                "endTime": 61.53959961011328,
                "type": "ground",
                "id": 19
            },
            {
                "time": 62.189828,
                "endTime": 63.10496470473005,
                "type": "ground",
                "id": 20
            }
        ],
        "_starts": [
            "2018-02-05T20:17:27.000Z"
        ],
        "_ends": [
            "2018-02-05T20:19:40.962Z"
        ]
    },
    "labels_file": "/home/ubuntu/vat/data/user-studies/studyD/practice-third/056.labels.json",
    "videoFlash": 2.133995,
    "surveys": {
        "user-info": {
            "firstname": "Justin",
            "lastname": "Egbert",
            "email": "Jegber@gmail.com"
        },
        "practice-first": {
            "question1": "5",
            "question2": "ok",
            "question3": "100",
            "question4": "5"
        },
        "practice-second": {}
    },
    "logs": {
        "labelEvents": [
            {
                "time": "2018-02-05T20:17:56.375Z",
                "type": "START",
                "source": "hotkey",
                "_t": "13:17:56",
                "_end": "-",
                "data": {
                    "type": "ground",
                    "time": 28.058853
                }
            },
            {
                "time": "2018-02-05T20:17:58.960Z",
                "type": "END",
                "source": "data:click:h_pos",
                "_t": "13:17:58",
                "_end": "-",
                "data": {
                    "lbl": {
                        "time": 28.058853,
                        "endTime": 29.431558057095064,
                        "type": "ground",
                        "id": 1
                    }
                }
            },
            {
                "time": "2018-02-05T20:17:59.120Z",
                "type": "SELECT",
                "source": "data:click",
                "_t": "13:17:59",
                "_end": "-",
                "data": {
                    "time": 28.058853,
                    "endTime": 29.431558057095064,
                    "type": "ground",
                    "id": 1
                }
            },
            {
                "time": "2018-02-05T20:18:05.240Z",
                "type": "START",
                "source": "hotkey",
                "_t": "13:18:05",
                "_end": "-",
                "data": {
                    "type": "ground",
                    "time": 30.141993
                }
            },
            {
                "time": "2018-02-05T20:18:09.679Z",
                "type": "END",
                "source": "data:click:h_pos",
                "_t": "13:18:09",
                "_end": "-",
                "data": {
                    "lbl": {
                        "time": 30.141993,
                        "endTime": 31.177542429036627,
                        "type": "ground",
                        "id": 2
                    }
                }
            },
            {
                "time": "2018-02-05T20:18:12.501Z",
                "type": "START",
                "source": "hotkey",
                "_t": "13:18:12",
                "_end": "-",
                "data": {
                    "type": "ground",
                    "time": 31.948183
                }
            },
            {
                "time": "2018-02-05T20:18:16.344Z",
                "type": "END",
                "source": "data:click:h_pos",
                "_t": "13:18:16",
                "_end": "-",
                "data": {
                    "lbl": {
                        "time": 31.948183,
                        "endTime": 32.85127843229938,
                        "type": "ground",
                        "id": 3
                    }
                }
            },
            {
                "time": "2018-02-05T20:18:27.271Z",
                "type": "START",
                "source": "hotkey",
                "_t": "13:18:27",
                "_end": "-",
                "data": {
                    "type": "ground",
                    "time": 33.54967
                }
            },
            {
                "time": "2018-02-05T20:18:29.784Z",
                "type": "END",
                "source": "data:click:h_pos",
                "_t": "13:18:29",
                "_end": "-",
                "data": {
                    "lbl": {
                        "time": 33.54967,
                        "endTime": 34.7658395154977,
                        "type": "ground",
                        "id": 4
                    }
                }
            },
            {
                "time": "2018-02-05T20:18:32.438Z",
                "type": "START",
                "source": "hotkey",
                "_t": "13:18:32",
                "_end": "-",
                "data": {
                    "type": "ground",
                    "time": 35.373923
                }
            },
            {
                "time": "2018-02-05T20:18:33.888Z",
                "type": "END",
                "source": "data:click:h_pos",
                "_t": "13:18:33",
                "_end": "-",
                "data": {
                    "lbl": {
                        "time": 35.373923,
                        "endTime": 36.48172006362058,
                        "type": "ground",
                        "id": 5
                    }
                }
            },
            {
                "time": "2018-02-05T20:18:35.895Z",
                "type": "START",
                "source": "hotkey",
                "_t": "13:18:35",
                "_end": "-",
                "data": {
                    "type": "ground",
                    "time": 37.119907
                }
            },
            {
                "time": "2018-02-05T20:18:37.601Z",
                "type": "END",
                "source": "data:click:h_pos",
                "_t": "13:18:37",
                "_end": "-",
                "data": {
                    "lbl": {
                        "time": 37.119907,
                        "endTime": 38.2638278809148,
                        "type": "ground",
                        "id": 6
                    }
                }
            },
            {
                "time": "2018-02-05T20:18:39.867Z",
                "type": "START",
                "source": "hotkey",
                "_t": "13:18:39",
                "_end": "-",
                "data": {
                    "type": "ground",
                    "time": 38.986304
                }
            },
            {
                "time": "2018-02-05T20:18:41.666Z",
                "type": "END",
                "source": "data:click:h_pos",
                "_t": "13:18:41",
                "_end": "-",
                "data": {
                    "lbl": {
                        "time": 38.986304,
                        "endTime": 39.985729611744645,
                        "type": "ground",
                        "id": 7
                    }
                }
            },
            {
                "time": "2018-02-05T20:18:44.152Z",
                "type": "START",
                "source": "hotkey",
                "_t": "13:18:44",
                "_end": "-",
                "data": {
                    "type": "ground",
                    "time": 40.599834
                }
            },
            {
                "time": "2018-02-05T20:18:45.128Z",
                "type": "END",
                "source": "data:click:h_pos",
                "_t": "13:18:45",
                "_end": "-",
                "data": {
                    "lbl": {
                        "time": 40.599834,
                        "endTime": 41.280165892332874,
                        "type": "ground",
                        "id": 8
                    }
                }
            },
            {
                "time": "2018-02-05T20:18:47.144Z",
                "type": "START",
                "source": "hotkey",
                "_t": "13:18:47",
                "_end": "-",
                "data": {
                    "type": "ground",
                    "time": 41.870188
                }
            },
            {
                "time": "2018-02-05T20:18:49.610Z",
                "type": "END",
                "source": "data:click:h_pos",
                "_t": "13:18:49",
                "_end": "-",
                "data": {
                    "lbl": {
                        "time": 41.870188,
                        "endTime": 43.80883206362058,
                        "type": "ground",
                        "id": 9
                    }
                }
            },
            {
                "time": "2018-02-05T20:18:52.220Z",
                "type": "START",
                "source": "hotkey",
                "_t": "13:18:52",
                "_end": "-",
                "data": {
                    "type": "ground",
                    "time": 44.314565
                }
            },
            {
                "time": "2018-02-05T20:18:54.074Z",
                "type": "END",
                "source": "data:click:h_pos",
                "_t": "13:18:54",
                "_end": "-",
                "data": {
                    "lbl": {
                        "time": 44.314565,
                        "endTime": 45.54277463295244,
                        "type": "ground",
                        "id": 10
                    }
                }
            },
            {
                "time": "2018-02-05T20:18:55.496Z",
                "type": "START",
                "source": "hotkey",
                "_t": "13:18:55",
                "_end": "-",
                "data": {
                    "type": "ground",
                    "time": 46.120755
                }
            },
            {
                "time": "2018-02-05T20:18:57.256Z",
                "type": "END",
                "source": "data:click:h_pos",
                "_t": "13:18:57",
                "_end": "-",
                "data": {
                    "lbl": {
                        "time": 46.120755,
                        "endTime": 47.246613075041495,
                        "type": "ground",
                        "id": 11
                    }
                }
            },
            {
                "time": "2018-02-05T20:19:00.072Z",
                "type": "START",
                "source": "hotkey",
                "_t": "13:19:00",
                "_end": "-",
                "data": {
                    "type": "ground",
                    "time": 47.830614
                }
            },
            {
                "time": "2018-02-05T20:19:01.401Z",
                "type": "END",
                "source": "data:click:h_pos",
                "_t": "13:19:01",
                "_end": "-",
                "data": {
                    "lbl": {
                        "time": 47.830614,
                        "endTime": 48.799936430669916,
                        "type": "ground",
                        "id": 12
                    }
                }
            },
            {
                "time": "2018-02-05T20:19:03.816Z",
                "type": "START",
                "source": "hotkey",
                "_t": "13:19:03",
                "_end": "-",
                "data": {
                    "type": "ground",
                    "time": 49.40802
                }
            },
            {
                "time": "2018-02-05T20:19:04.641Z",
                "type": "END",
                "source": "data:click:h_pos",
                "_t": "13:19:04",
                "_end": "-",
                "data": {
                    "lbl": {
                        "time": 49.40802,
                        "endTime": 50.40142497552932,
                        "type": "ground",
                        "id": 13
                    }
                }
            },
            {
                "time": "2018-02-05T20:19:06.678Z",
                "type": "START",
                "source": "hotkey",
                "_t": "13:19:06",
                "_end": "-",
                "data": {
                    "type": "ground",
                    "time": 51.063694
                }
            },
            {
                "time": "2018-02-05T20:19:07.570Z",
                "type": "END",
                "source": "data:click:h_pos",
                "_t": "13:19:07",
                "_end": "-",
                "data": {
                    "lbl": {
                        "time": 51.063694,
                        "endTime": 53.182957947795884,
                        "type": "ground",
                        "id": 14
                    }
                }
            },
            {
                "time": "2018-02-05T20:19:09.992Z",
                "type": "START",
                "source": "hotkey",
                "_t": "13:19:09",
                "_end": "-",
                "data": {
                    "type": "ground",
                    "time": 53.893393
                }
            },
            {
                "time": "2018-02-05T20:19:11.653Z",
                "type": "END",
                "source": "data:click:h_pos",
                "_t": "13:19:11",
                "_end": "-",
                "data": {
                    "lbl": {
                        "time": 53.893393,
                        "endTime": 55.097520156605974,
                        "type": "ground",
                        "id": 15
                    }
                }
            },
            {
                "time": "2018-02-05T20:19:13.948Z",
                "type": "START",
                "source": "hotkey",
                "_t": "13:19:13",
                "_end": "-",
                "data": {
                    "type": "ground",
                    "time": 55.723666
                }
            },
            {
                "time": "2018-02-05T20:19:14.849Z",
                "type": "END",
                "source": "data:click:h_pos",
                "_t": "13:19:14",
                "_end": "-",
                "data": {
                    "lbl": {
                        "time": 55.723666,
                        "endTime": 56.638802704731845,
                        "type": "ground",
                        "id": 16
                    }
                }
            },
            {
                "time": "2018-02-05T20:19:16.777Z",
                "type": "START",
                "source": "hotkey",
                "_t": "13:19:16",
                "_end": "-",
                "data": {
                    "type": "ground",
                    "time": 57.28301
                }
            },
            {
                "time": "2018-02-05T20:19:17.673Z",
                "type": "END",
                "source": "data:click:h_pos",
                "_t": "13:19:17",
                "_end": "-",
                "data": {
                    "lbl": {
                        "time": 57.28301,
                        "endTime": 58.19814670473184,
                        "type": "ground",
                        "id": 17
                    }
                }
            },
            {
                "time": "2018-02-05T20:19:19.878Z",
                "type": "START",
                "source": "hotkey",
                "_t": "13:19:19",
                "_end": "-",
                "data": {
                    "type": "ground",
                    "time": 58.770107
                }
            },
            {
                "time": "2018-02-05T20:19:20.651Z",
                "type": "END",
                "source": "data:click:h_pos",
                "_t": "13:19:20",
                "_end": "-",
                "data": {
                    "lbl": {
                        "time": 58.770107,
                        "endTime": 59.85382151875926,
                        "type": "ground",
                        "id": 18
                    }
                }
            },
            {
                "time": "2018-02-05T20:19:22.826Z",
                "type": "START",
                "source": "hotkey",
                "_t": "13:19:22",
                "_end": "-",
                "data": {
                    "type": "ground",
                    "time": 60.473947
                }
            },
            {
                "time": "2018-02-05T20:19:24.194Z",
                "type": "END",
                "source": "data:click:h_pos",
                "_t": "13:19:24",
                "_end": "-",
                "data": {
                    "lbl": {
                        "time": 60.473947,
                        "endTime": 61.53959961011328,
                        "type": "ground",
                        "id": 19
                    }
                }
            },
            {
                "time": "2018-02-05T20:19:26.214Z",
                "type": "START",
                "source": "hotkey",
                "_t": "13:19:26",
                "_end": "-",
                "data": {
                    "type": "ground",
                    "time": 62.189828
                }
            },
            {
                "time": "2018-02-05T20:19:27.652Z",
                "type": "END",
                "source": "data:click:h_pos",
                "_t": "13:19:27",
                "_end": "-",
                "data": {
                    "lbl": {
                        "time": 62.189828,
                        "endTime": 63.10496470473005,
                        "type": "ground",
                        "id": 20
                    }
                }
            }
        ],
        "navigationEvents": [
            {
                "time": {
                    "start": "2018-02-05T20:17:27.135Z",
                    "end": "2018-02-05T20:17:47.708Z"
                },
                "type": "SCRUB",
                "source": "data:drag",
                "_t": "13:17:27",
                "_end": "13:17:47",
                "data": {
                    "time": 10.334101
                }
            },
            {
                "time": {
                    "start": "2018-02-05T20:17:27.135Z",
                    "end": "2018-02-05T20:17:48.665Z"
                },
                "type": "SCRUB",
                "source": "data:drag",
                "_t": "13:17:27",
                "_end": "13:17:48",
                "data": {
                    "time": 17.053131
                }
            },
            {
                "time": {
                    "start": "2018-02-05T20:17:27.135Z",
                    "end": "2018-02-05T20:17:51.434Z"
                },
                "type": "SCRUB",
                "source": "data:drag",
                "_t": "13:17:27",
                "_end": "13:17:51",
                "data": {
                    "time": 25.072618
                }
            },
            {
                "time": {
                    "start": "2018-02-05T20:17:27.135Z",
                    "end": "2018-02-05T20:17:56.204Z"
                },
                "type": "SCRUB",
                "source": "data:drag",
                "_t": "13:17:27",
                "_end": "13:17:56",
                "data": {
                    "time": 28.058853
                }
            },
            {
                "time": {
                    "start": "2018-02-05T20:17:27.135Z",
                    "end": "2018-02-05T20:17:58.958Z"
                },
                "type": "SCRUB",
                "source": "data:drag",
                "_t": "13:17:27",
                "_end": "13:17:58",
                "data": {
                    "time": 28.058853
                }
            },
            {
                "time": {
                    "start": "2018-02-05T20:17:27.135Z",
                    "end": "2018-02-05T20:17:59.118Z"
                },
                "type": "SCRUB",
                "source": "data:drag",
                "_t": "13:17:27",
                "_end": "13:17:59",
                "data": {
                    "time": 28.058853
                }
            },
            {
                "time": {
                    "start": "2018-02-05T20:17:27.135Z",
                    "end": "2018-02-05T20:18:04.998Z"
                },
                "type": "SCRUB",
                "source": "data:drag",
                "_t": "13:17:27",
                "_end": "13:18:04",
                "data": {
                    "time": 30.141993
                }
            },
            {
                "time": {
                    "start": "2018-02-05T20:17:27.135Z",
                    "end": "2018-02-05T20:18:09.677Z"
                },
                "type": "SCRUB",
                "source": "data:drag",
                "_t": "13:17:27",
                "_end": "13:18:09",
                "data": {
                    "time": 30.141993
                }
            },
            {
                "time": {
                    "start": "2018-02-05T20:17:27.135Z",
                    "end": "2018-02-05T20:18:12.390Z"
                },
                "type": "SCRUB",
                "source": "data:drag",
                "_t": "13:17:27",
                "_end": "13:18:12",
                "data": {
                    "time": 31.948183
                }
            },
            {
                "time": {
                    "start": "2018-02-05T20:17:27.135Z",
                    "end": "2018-02-05T20:18:16.342Z"
                },
                "type": "SCRUB",
                "source": "data:drag",
                "_t": "13:17:27",
                "_end": "13:18:16",
                "data": {
                    "time": 31.948183
                }
            },
            {
                "time": {
                    "start": "2018-02-05T20:17:27.135Z",
                    "end": "2018-02-05T20:18:18.119Z"
                },
                "type": "SCRUB",
                "source": "data:drag",
                "_t": "13:17:27",
                "_end": "13:18:18",
                "data": {
                    "time": 33.338949
                }
            },
            {
                "time": {
                    "start": "2018-02-05T20:17:27.135Z",
                    "end": "2018-02-05T20:18:26.877Z"
                },
                "type": "SCRUB",
                "source": "data:drag",
                "_t": "13:17:27",
                "_end": "13:18:26",
                "data": {
                    "time": 33.54967
                }
            },
            {
                "time": {
                    "start": "2018-02-05T20:17:27.135Z",
                    "end": "2018-02-05T20:18:29.782Z"
                },
                "type": "SCRUB",
                "source": "data:drag",
                "_t": "13:17:27",
                "_end": "13:18:29",
                "data": {
                    "time": 33.54967
                }
            },
            {
                "time": {
                    "start": "2018-02-05T20:17:27.135Z",
                    "end": "2018-02-05T20:18:32.283Z"
                },
                "type": "SCRUB",
                "source": "data:drag",
                "_t": "13:17:27",
                "_end": "13:18:32",
                "data": {
                    "time": 35.373923
                }
            },
            {
                "time": {
                    "start": "2018-02-05T20:17:27.135Z",
                    "end": "2018-02-05T20:18:33.886Z"
                },
                "type": "SCRUB",
                "source": "data:drag",
                "_t": "13:17:27",
                "_end": "13:18:33",
                "data": {
                    "time": 35.373923
                }
            },
            {
                "time": {
                    "start": "2018-02-05T20:17:27.135Z",
                    "end": "2018-02-05T20:18:35.710Z"
                },
                "type": "SCRUB",
                "source": "data:drag",
                "_t": "13:17:27",
                "_end": "13:18:35",
                "data": {
                    "time": 37.119907
                }
            },
            {
                "time": {
                    "start": "2018-02-05T20:17:27.135Z",
                    "end": "2018-02-05T20:18:37.598Z"
                },
                "type": "SCRUB",
                "source": "data:drag",
                "_t": "13:17:27",
                "_end": "13:18:37",
                "data": {
                    "time": 37.119907
                }
            },
            {
                "time": {
                    "start": "2018-02-05T20:17:27.135Z",
                    "end": "2018-02-05T20:18:39.678Z"
                },
                "type": "SCRUB",
                "source": "data:drag",
                "_t": "13:17:27",
                "_end": "13:18:39",
                "data": {
                    "time": 38.986304
                }
            },
            {
                "time": {
                    "start": "2018-02-05T20:17:27.135Z",
                    "end": "2018-02-05T20:18:41.664Z"
                },
                "type": "SCRUB",
                "source": "data:drag",
                "_t": "13:17:27",
                "_end": "13:18:41",
                "data": {
                    "time": 38.986304
                }
            },
            {
                "time": {
                    "start": "2018-02-05T20:17:27.135Z",
                    "end": "2018-02-05T20:18:43.896Z"
                },
                "type": "SCRUB",
                "source": "data:drag",
                "_t": "13:17:27",
                "_end": "13:18:43",
                "data": {
                    "time": 40.599834
                }
            },
            {
                "time": {
                    "start": "2018-02-05T20:17:27.135Z",
                    "end": "2018-02-05T20:18:45.125Z"
                },
                "type": "SCRUB",
                "source": "data:drag",
                "_t": "13:17:27",
                "_end": "13:18:45",
                "data": {
                    "time": 40.599834
                }
            },
            {
                "time": {
                    "start": "2018-02-05T20:17:27.135Z",
                    "end": "2018-02-05T20:18:46.941Z"
                },
                "type": "SCRUB",
                "source": "data:drag",
                "_t": "13:17:27",
                "_end": "13:18:46",
                "data": {
                    "time": 41.870188
                }
            },
            {
                "time": {
                    "start": "2018-02-05T20:17:27.135Z",
                    "end": "2018-02-05T20:18:48.069Z"
                },
                "type": "SCRUB",
                "source": "data:drag",
                "_t": "13:17:27",
                "_end": "13:18:48",
                "data": {
                    "time": 42.701035
                }
            },
            {
                "time": {
                    "start": "2018-02-05T20:17:27.135Z",
                    "end": "2018-02-05T20:18:49.607Z"
                },
                "type": "SCRUB",
                "source": "data:drag",
                "_t": "13:17:27",
                "_end": "13:18:49",
                "data": {
                    "time": 42.701035
                }
            },
            {
                "time": {
                    "start": "2018-02-05T20:17:27.135Z",
                    "end": "2018-02-05T20:18:51.937Z"
                },
                "type": "SCRUB",
                "source": "data:drag",
                "_t": "13:17:27",
                "_end": "13:18:51",
                "data": {
                    "time": 44.314565
                }
            },
            {
                "time": {
                    "start": "2018-02-05T20:17:27.135Z",
                    "end": "2018-02-05T20:18:53.133Z"
                },
                "type": "SCRUB",
                "source": "data:drag",
                "_t": "13:17:27",
                "_end": "13:18:53",
                "data": {
                    "time": 45.4043
                }
            },
            {
                "time": {
                    "start": "2018-02-05T20:17:27.135Z",
                    "end": "2018-02-05T20:18:54.072Z"
                },
                "type": "SCRUB",
                "source": "data:drag",
                "_t": "13:17:27",
                "_end": "13:18:54",
                "data": {
                    "time": 45.4043
                }
            },
            {
                "time": {
                    "start": "2018-02-05T20:17:27.135Z",
                    "end": "2018-02-05T20:18:55.362Z"
                },
                "type": "SCRUB",
                "source": "data:drag",
                "_t": "13:17:27",
                "_end": "13:18:55",
                "data": {
                    "time": 46.120755
                }
            },
            {
                "time": {
                    "start": "2018-02-05T20:17:27.135Z",
                    "end": "2018-02-05T20:18:56.228Z"
                },
                "type": "SCRUB",
                "source": "data:drag",
                "_t": "13:17:27",
                "_end": "13:18:56",
                "data": {
                    "time": 46.602405
                }
            },
            {
                "time": {
                    "start": "2018-02-05T20:17:27.135Z",
                    "end": "2018-02-05T20:18:57.253Z"
                },
                "type": "SCRUB",
                "source": "data:drag",
                "_t": "13:17:27",
                "_end": "13:18:57",
                "data": {
                    "time": 46.602405
                }
            },
            {
                "time": {
                    "start": "2018-02-05T20:17:27.135Z",
                    "end": "2018-02-05T20:18:59.898Z"
                },
                "type": "SCRUB",
                "source": "data:drag",
                "_t": "13:17:27",
                "_end": "13:18:59",
                "data": {
                    "time": 47.830614
                }
            },
            {
                "time": {
                    "start": "2018-02-05T20:17:27.135Z",
                    "end": "2018-02-05T20:19:01.398Z"
                },
                "type": "SCRUB",
                "source": "data:drag",
                "_t": "13:17:27",
                "_end": "13:19:01",
                "data": {
                    "time": 47.830614
                }
            },
            {
                "time": {
                    "start": "2018-02-05T20:17:27.135Z",
                    "end": "2018-02-05T20:19:03.719Z"
                },
                "type": "SCRUB",
                "source": "data:drag",
                "_t": "13:17:27",
                "_end": "13:19:03",
                "data": {
                    "time": 49.40802
                }
            },
            {
                "time": {
                    "start": "2018-02-05T20:17:27.135Z",
                    "end": "2018-02-05T20:19:04.638Z"
                },
                "type": "SCRUB",
                "source": "data:drag",
                "_t": "13:17:27",
                "_end": "13:19:04",
                "data": {
                    "time": 49.40802
                }
            },
            {
                "time": {
                    "start": "2018-02-05T20:17:27.135Z",
                    "end": "2018-02-05T20:19:06.550Z"
                },
                "type": "SCRUB",
                "source": "data:drag",
                "_t": "13:17:27",
                "_end": "13:19:06",
                "data": {
                    "time": 51.063694
                }
            },
            {
                "time": {
                    "start": "2018-02-05T20:17:27.135Z",
                    "end": "2018-02-05T20:19:07.566Z"
                },
                "type": "SCRUB",
                "source": "data:drag",
                "_t": "13:17:27",
                "_end": "13:19:07",
                "data": {
                    "time": 51.063694
                }
            },
            {
                "time": {
                    "start": "2018-02-05T20:17:27.135Z",
                    "end": "2018-02-05T20:19:09.833Z"
                },
                "type": "SCRUB",
                "source": "data:drag",
                "_t": "13:17:27",
                "_end": "13:19:09",
                "data": {
                    "time": 53.893393
                }
            },
            {
                "time": {
                    "start": "2018-02-05T20:17:27.135Z",
                    "end": "2018-02-05T20:19:10.855Z"
                },
                "type": "SCRUB",
                "source": "data:drag",
                "_t": "13:17:27",
                "_end": "13:19:10",
                "data": {
                    "time": 54.074012
                }
            },
            {
                "time": {
                    "start": "2018-02-05T20:17:27.135Z",
                    "end": "2018-02-05T20:19:11.650Z"
                },
                "type": "SCRUB",
                "source": "data:drag",
                "_t": "13:17:27",
                "_end": "13:19:11",
                "data": {
                    "time": 54.074012
                }
            },
            {
                "time": {
                    "start": "2018-02-05T20:17:27.135Z",
                    "end": "2018-02-05T20:19:13.779Z"
                },
                "type": "SCRUB",
                "source": "data:drag",
                "_t": "13:17:27",
                "_end": "13:19:13",
                "data": {
                    "time": 55.723666
                }
            },
            {
                "time": {
                    "start": "2018-02-05T20:17:27.135Z",
                    "end": "2018-02-05T20:19:14.845Z"
                },
                "type": "SCRUB",
                "source": "data:drag",
                "_t": "13:17:27",
                "_end": "13:19:14",
                "data": {
                    "time": 55.723666
                }
            },
            {
                "time": {
                    "start": "2018-02-05T20:17:27.135Z",
                    "end": "2018-02-05T20:19:16.582Z"
                },
                "type": "SCRUB",
                "source": "data:drag",
                "_t": "13:17:27",
                "_end": "13:19:16",
                "data": {
                    "time": 57.28301
                }
            },
            {
                "time": {
                    "start": "2018-02-05T20:17:27.135Z",
                    "end": "2018-02-05T20:19:17.670Z"
                },
                "type": "SCRUB",
                "source": "data:drag",
                "_t": "13:17:27",
                "_end": "13:19:17",
                "data": {
                    "time": 57.28301
                }
            },
            {
                "time": {
                    "start": "2018-02-05T20:17:27.135Z",
                    "end": "2018-02-05T20:19:19.718Z"
                },
                "type": "SCRUB",
                "source": "data:drag",
                "_t": "13:17:27",
                "_end": "13:19:19",
                "data": {
                    "time": 58.770107
                }
            },
            {
                "time": {
                    "start": "2018-02-05T20:17:27.135Z",
                    "end": "2018-02-05T20:19:20.648Z"
                },
                "type": "SCRUB",
                "source": "data:drag",
                "_t": "13:17:27",
                "_end": "13:19:20",
                "data": {
                    "time": 58.770107
                }
            },
            {
                "time": {
                    "start": "2018-02-05T20:17:27.135Z",
                    "end": "2018-02-05T20:19:22.662Z"
                },
                "type": "SCRUB",
                "source": "data:drag",
                "_t": "13:17:27",
                "_end": "13:19:22",
                "data": {
                    "time": 60.473947
                }
            },
            {
                "time": {
                    "start": "2018-02-05T20:17:27.135Z",
                    "end": "2018-02-05T20:19:24.191Z"
                },
                "type": "SCRUB",
                "source": "data:drag",
                "_t": "13:17:27",
                "_end": "13:19:24",
                "data": {
                    "time": 60.473947
                }
            },
            {
                "time": {
                    "start": "2018-02-05T20:17:27.135Z",
                    "end": "2018-02-05T20:19:26.039Z"
                },
                "type": "SCRUB",
                "source": "data:drag",
                "_t": "13:17:27",
                "_end": "13:19:26",
                "data": {
                    "time": 62.189828
                }
            },
            {
                "time": {
                    "start": "2018-02-05T20:17:27.135Z",
                    "end": "2018-02-05T20:19:27.648Z"
                },
                "type": "SCRUB",
                "source": "data:drag",
                "_t": "13:17:27",
                "_end": "13:19:27",
                "data": {
                    "time": 62.189828
                }
            },
            {
                "time": {
                    "start": "2018-02-05T20:17:27.135Z",
                    "end": "2018-02-05T20:19:28.641Z"
                },
                "type": "SCRUB",
                "source": "data:drag",
                "_t": "13:17:27",
                "_end": "13:19:28",
                "data": {
                    "time": 68.367
                }
            },
            {
                "time": {
                    "start": "2018-02-05T20:17:27.135Z",
                    "end": "2018-02-05T20:19:29.959Z"
                },
                "type": "SCRUB",
                "source": "data:drag",
                "_t": "13:17:27",
                "_end": "13:19:29",
                "data": {
                    "time": 73.813
                }
            },
            {
                "time": {
                    "start": "2018-02-05T20:17:27.135Z",
                    "end": "2018-02-05T20:19:38.394Z"
                },
                "type": "SCRUB",
                "source": "data:drag",
                "_t": "13:17:27",
                "_end": "13:19:38",
                "data": {
                    "time": 69.8454
                }
            }
        ]
    }
}