{
    "user_id": "atangren",
    "session_id": "5a78ba63ee2b1975ba835bd7",
    "study": "studyD",
    "workspace": "cane.cane-yellow",
    "details": {
        "workspace": "cane.cane-yellow",
        "labels": [
            {
                "time": 28.050908,
                "endTime": 29.455155317073345,
                "type": "ground",
                "id": 1
            },
            {
                "time": 30.121272,
                "endTime": 31.213464357723716,
                "type": "ground",
                "id": 2
            },
            {
                "time": 31.933591,
                "endTime": 32.887758991870044,
                "type": "ground",
                "id": 3
            },
            {
                "time": 33.559877,
                "endTime": 34.80809683739853,
                "type": "ground",
                "id": 4
            },
            {
                "time": 35.390199,
                "endTime": 36.44038395935024,
                "type": "ground",
                "id": 5
            },
            {
                "time": 37.094498,
                "endTime": 38.33671678048796,
                "type": "ground",
                "id": 6
            },
            {
                "time": 39.008835,
                "endTime": 40.01701256097523,
                "type": "ground",
                "id": 7
            },
            {
                "time": 41.853335,
                "endTime": 43.85168695122075,
                "type": "ground",
                "id": 8
            },
            {
                "time": 44.301766,
                "endTime": 45.59199323577252,
                "type": "ground",
                "id": 9
            },
            {
                "time": 46.132088,
                "endTime": 47.25428564227546,
                "type": "ground",
                "id": 10
            },
            {
                "time": 47.84839,
                "endTime": 48.83856439024305,
                "type": "ground",
                "id": 11
            }
        ],
        "_starts": [
            "2018-02-05T20:18:22.000Z"
        ],
        "_ends": [
            "2018-02-05T20:20:43.491Z"
        ]
    },
    "labels_file": "/home/ubuntu/vat/data/user-studies/studyD/practice-third/atangren.labels.json",
    "videoFlash": 2.133995,
    "surveys": {
        "user-info": {
            "firstname": "Andrew",
            "lastname": "Tangren",
            "email": "andrewjt678@gmail.com"
        },
        "practice-first": {
            "question1": "5",
            "question2": "ok",
            "question3": "50",
            "question4": "5"
        },
        "practice-second": {}
    },
    "logs": {
        "labelEvents": [
            {
                "time": "2018-02-05T20:19:08.114Z",
                "type": "START",
                "source": "hotkey",
                "_t": "13:19:08",
                "_end": "-",
                "data": {
                    "type": "ground",
                    "time": 28.050908
                }
            },
            {
                "time": "2018-02-05T20:19:15.378Z",
                "type": "END",
                "source": "hotkey:h_pos",
                "_t": "13:19:15",
                "_end": "-",
                "data": {
                    "lbl": {
                        "time": 28.050908,
                        "endTime": 29.455155317073345,
                        "type": "ground",
                        "id": 1
                    },
                    "key": "enter"
                }
            },
            {
                "time": "2018-02-05T20:19:23.075Z",
                "type": "START",
                "source": "hotkey",
                "_t": "13:19:23",
                "_end": "-",
                "data": {
                    "type": "ground",
                    "time": 30.121272
                }
            },
            {
                "time": "2018-02-05T20:19:27.009Z",
                "type": "END",
                "source": "hotkey:h_pos",
                "_t": "13:19:27",
                "_end": "-",
                "data": {
                    "lbl": {
                        "time": 30.121272,
                        "endTime": 31.213464357723716,
                        "type": "ground",
                        "id": 2
                    },
                    "key": "enter"
                }
            },
            {
                "time": "2018-02-05T20:19:31.027Z",
                "type": "START",
                "source": "hotkey",
                "_t": "13:19:31",
                "_end": "-",
                "data": {
                    "type": "ground",
                    "time": 31.933591
                }
            },
            {
                "time": "2018-02-05T20:19:37.394Z",
                "type": "END",
                "source": "hotkey:h_pos",
                "_t": "13:19:37",
                "_end": "-",
                "data": {
                    "lbl": {
                        "time": 31.933591,
                        "endTime": 32.887758991870044,
                        "type": "ground",
                        "id": 3
                    },
                    "key": "enter"
                }
            },
            {
                "time": "2018-02-05T20:19:45.283Z",
                "type": "START",
                "source": "hotkey",
                "_t": "13:19:45",
                "_end": "-",
                "data": {
                    "type": "ground",
                    "time": 33.559877
                }
            },
            {
                "time": "2018-02-05T20:19:46.850Z",
                "type": "END",
                "source": "hotkey:h_pos",
                "_t": "13:19:46",
                "_end": "-",
                "data": {
                    "lbl": {
                        "time": 33.559877,
                        "endTime": 34.80809683739853,
                        "type": "ground",
                        "id": 4
                    },
                    "key": "enter"
                }
            },
            {
                "time": "2018-02-05T20:19:51.208Z",
                "type": "START",
                "source": "hotkey",
                "_t": "13:19:51",
                "_end": "-",
                "data": {
                    "type": "ground",
                    "time": 35.390199
                }
            },
            {
                "time": "2018-02-05T20:19:52.754Z",
                "type": "END",
                "source": "hotkey:h_pos",
                "_t": "13:19:52",
                "_end": "-",
                "data": {
                    "lbl": {
                        "time": 35.390199,
                        "endTime": 36.44038395935024,
                        "type": "ground",
                        "id": 5
                    },
                    "key": "enter"
                }
            },
            {
                "time": "2018-02-05T20:19:56.643Z",
                "type": "START",
                "source": "hotkey",
                "_t": "13:19:56",
                "_end": "-",
                "data": {
                    "type": "ground",
                    "time": 37.094498
                }
            },
            {
                "time": "2018-02-05T20:19:59.073Z",
                "type": "END",
                "source": "hotkey:ctb",
                "_t": "13:19:59",
                "_end": "-",
                "data": {
                    "key": "enter"
                }
            },
            {
                "time": "2018-02-05T20:20:00.908Z",
                "type": "START",
                "source": "hotkey",
                "_t": "13:20:00",
                "_end": "-",
                "data": {
                    "type": "ground",
                    "time": 37.094498
                }
            },
            {
                "time": "2018-02-05T20:20:02.626Z",
                "type": "END",
                "source": "hotkey:h_pos",
                "_t": "13:20:02",
                "_end": "-",
                "data": {
                    "lbl": {
                        "time": 37.094498,
                        "endTime": 38.33671678048796,
                        "type": "ground",
                        "id": 6
                    },
                    "key": "enter"
                }
            },
            {
                "time": "2018-02-05T20:20:09.188Z",
                "type": "START",
                "source": "hotkey",
                "_t": "13:20:09",
                "_end": "-",
                "data": {
                    "type": "ground",
                    "time": 39.008835
                }
            },
            {
                "time": "2018-02-05T20:20:11.746Z",
                "type": "END",
                "source": "hotkey:h_pos",
                "_t": "13:20:11",
                "_end": "-",
                "data": {
                    "lbl": {
                        "time": 39.008835,
                        "endTime": 40.01701256097523,
                        "type": "ground",
                        "id": 7
                    },
                    "key": "enter"
                }
            },
            {
                "time": "2018-02-05T20:20:21.002Z",
                "type": "START",
                "source": "hotkey",
                "_t": "13:20:21",
                "_end": "-",
                "data": {
                    "type": "ground",
                    "time": 41.853335
                }
            },
            {
                "time": "2018-02-05T20:20:22.627Z",
                "type": "END",
                "source": "hotkey:h_pos",
                "_t": "13:20:22",
                "_end": "-",
                "data": {
                    "lbl": {
                        "time": 41.853335,
                        "endTime": 43.85168695122075,
                        "type": "ground",
                        "id": 8
                    },
                    "key": "enter"
                }
            },
            {
                "time": "2018-02-05T20:20:25.540Z",
                "type": "START",
                "source": "hotkey",
                "_t": "13:20:25",
                "_end": "-",
                "data": {
                    "type": "ground",
                    "time": 44.301766
                }
            },
            {
                "time": "2018-02-05T20:20:27.154Z",
                "type": "END",
                "source": "hotkey:h_pos",
                "_t": "13:20:27",
                "_end": "-",
                "data": {
                    "lbl": {
                        "time": 44.301766,
                        "endTime": 45.59199323577252,
                        "type": "ground",
                        "id": 9
                    },
                    "key": "enter"
                }
            },
            {
                "time": "2018-02-05T20:20:30.612Z",
                "type": "START",
                "source": "hotkey",
                "_t": "13:20:30",
                "_end": "-",
                "data": {
                    "type": "ground",
                    "time": 46.132088
                }
            },
            {
                "time": "2018-02-05T20:20:32.193Z",
                "type": "END",
                "source": "hotkey:ctb",
                "_t": "13:20:32",
                "_end": "-",
                "data": {
                    "key": "enter"
                }
            },
            {
                "time": "2018-02-05T20:20:33.203Z",
                "type": "START",
                "source": "hotkey",
                "_t": "13:20:33",
                "_end": "-",
                "data": {
                    "type": "ground",
                    "time": 46.132088
                }
            },
            {
                "time": "2018-02-05T20:20:35.283Z",
                "type": "END",
                "source": "hotkey:h_pos",
                "_t": "13:20:35",
                "_end": "-",
                "data": {
                    "lbl": {
                        "time": 46.132088,
                        "endTime": 47.25428564227546,
                        "type": "ground",
                        "id": 10
                    },
                    "key": "enter"
                }
            },
            {
                "time": "2018-02-05T20:20:37.507Z",
                "type": "START",
                "source": "hotkey",
                "_t": "13:20:37",
                "_end": "-",
                "data": {
                    "type": "ground",
                    "time": 47.84839
                }
            },
            {
                "time": "2018-02-05T20:20:40.980Z",
                "type": "END",
                "source": "hotkey:h_pos",
                "_t": "13:20:40",
                "_end": "-",
                "data": {
                    "lbl": {
                        "time": 47.84839,
                        "endTime": 48.83856439024305,
                        "type": "ground",
                        "id": 11
                    },
                    "key": "enter"
                }
            }
        ],
        "navigationEvents": [
            {
                "time": {
                    "start": "2018-02-05T20:18:22.833Z",
                    "end": "2018-02-05T20:18:48.219Z"
                },
                "type": "SCRUB",
                "source": "data:drag",
                "_t": "13:18:22",
                "_end": "13:18:48",
                "data": {
                    "time": 5.356562
                }
            },
            {
                "time": {
                    "start": "2018-02-05T20:18:22.833Z",
                    "end": "2018-02-05T20:18:49.649Z"
                },
                "type": "SCRUB",
                "source": "data:drag",
                "_t": "13:18:22",
                "_end": "13:18:49",
                "data": {
                    "time": 7.672969
                }
            },
            {
                "time": {
                    "start": "2018-02-05T20:18:53.100Z",
                    "end": "2018-02-05T20:18:53.231Z"
                },
                "type": "SCRUB",
                "source": "video:drag",
                "_t": "13:18:53",
                "_end": "13:18:53",
                "data": {
                    "to": 21.497085,
                    "from": 9.614456
                }
            },
            {
                "time": {
                    "start": "2018-02-05T20:18:53.765Z",
                    "end": "2018-02-05T20:18:53.896Z"
                },
                "type": "SCRUB",
                "source": "video:drag",
                "_t": "13:18:53",
                "_end": "13:18:53",
                "data": {
                    "to": 29.360325,
                    "from": 21.805283
                }
            },
            {
                "time": {
                    "start": "2018-02-05T20:18:54.851Z",
                    "end": "2018-02-05T20:18:54.952Z"
                },
                "type": "SCRUB",
                "source": "video:drag",
                "_t": "13:18:54",
                "_end": "13:18:54",
                "data": {
                    "to": 20.862952,
                    "from": 30.066487
                }
            },
            {
                "time": "2018-02-05T20:18:56.682Z",
                "type": "PAUSE",
                "source": "video:button",
                "_t": "13:18:56",
                "_end": "-"
            },
            {
                "time": {
                    "start": "2018-02-05T20:18:22.833Z",
                    "end": "2018-02-05T20:19:04.219Z"
                },
                "type": "SCRUB",
                "source": "data:drag",
                "_t": "13:18:22",
                "_end": "13:19:04",
                "data": {
                    "time": 28.050908
                }
            },
            {
                "time": {
                    "start": "2018-02-05T20:18:22.833Z",
                    "end": "2018-02-05T20:19:17.536Z"
                },
                "type": "SCRUB",
                "source": "data:drag",
                "_t": "13:18:22",
                "_end": "13:19:17",
                "data": {
                    "time": 28.050908
                }
            },
            {
                "time": {
                    "start": "2018-02-05T20:18:22.833Z",
                    "end": "2018-02-05T20:19:21.824Z"
                },
                "type": "SCRUB",
                "source": "data:drag",
                "_t": "13:18:22",
                "_end": "13:19:21",
                "data": {
                    "time": 30.121272
                }
            },
            {
                "time": {
                    "start": "2018-02-05T20:18:22.833Z",
                    "end": "2018-02-05T20:19:30.585Z"
                },
                "type": "SCRUB",
                "source": "data:drag",
                "_t": "13:18:22",
                "_end": "13:19:30",
                "data": {
                    "time": 31.933591
                }
            },
            {
                "time": {
                    "start": "2018-02-05T20:18:22.833Z",
                    "end": "2018-02-05T20:19:33.088Z"
                },
                "type": "SCRUB",
                "source": "data:drag",
                "_t": "13:18:22",
                "_end": "13:19:33",
                "data": {
                    "time": 31.939592
                }
            },
            {
                "time": {
                    "start": "2018-02-05T20:18:22.833Z",
                    "end": "2018-02-05T20:19:44.873Z"
                },
                "type": "SCRUB",
                "source": "data:drag",
                "_t": "13:18:22",
                "_end": "13:19:44",
                "data": {
                    "time": 33.559877
                }
            },
            {
                "time": {
                    "start": "2018-02-05T20:18:22.833Z",
                    "end": "2018-02-05T20:19:50.569Z"
                },
                "type": "SCRUB",
                "source": "data:drag",
                "_t": "13:18:22",
                "_end": "13:19:50",
                "data": {
                    "time": 35.390199
                }
            },
            {
                "time": {
                    "start": "2018-02-05T20:18:22.833Z",
                    "end": "2018-02-05T20:19:53.977Z"
                },
                "type": "SCRUB",
                "source": "data:drag",
                "_t": "13:18:22",
                "_end": "13:19:53",
                "data": {
                    "time": 35.804271
                }
            },
            {
                "time": {
                    "start": "2018-02-05T20:18:22.833Z",
                    "end": "2018-02-05T20:19:56.449Z"
                },
                "type": "SCRUB",
                "source": "data:drag",
                "_t": "13:18:22",
                "_end": "13:19:56",
                "data": {
                    "time": 37.094498
                }
            },
            {
                "time": {
                    "start": "2018-02-05T20:18:22.833Z",
                    "end": "2018-02-05T20:20:08.957Z"
                },
                "type": "SCRUB",
                "source": "data:drag",
                "_t": "13:18:22",
                "_end": "13:20:08",
                "data": {
                    "time": 39.008835
                }
            },
            {
                "time": {
                    "start": "2018-02-05T20:18:22.833Z",
                    "end": "2018-02-05T20:20:20.657Z"
                },
                "type": "SCRUB",
                "source": "data:drag",
                "_t": "13:18:22",
                "_end": "13:20:20",
                "data": {
                    "time": 41.853335
                }
            },
            {
                "time": {
                    "start": "2018-02-05T20:18:22.833Z",
                    "end": "2018-02-05T20:20:25.236Z"
                },
                "type": "SCRUB",
                "source": "data:drag",
                "_t": "13:18:22",
                "_end": "13:20:25",
                "data": {
                    "time": 44.301766
                }
            },
            {
                "time": {
                    "start": "2018-02-05T20:18:22.833Z",
                    "end": "2018-02-05T20:20:29.993Z"
                },
                "type": "SCRUB",
                "source": "data:drag",
                "_t": "13:18:22",
                "_end": "13:20:29",
                "data": {
                    "time": 46.132088
                }
            },
            {
                "time": {
                    "start": "2018-02-05T20:18:22.833Z",
                    "end": "2018-02-05T20:20:37.263Z"
                },
                "type": "SCRUB",
                "source": "data:drag",
                "_t": "13:18:22",
                "_end": "13:20:37",
                "data": {
                    "time": 47.84839
                }
            }
        ]
    }
}