{
    "user_id": "aqua 2",
    "session_id": "5d7fdf6b81249f67dd06adc9",
    "study": "studyE",
    "workspace": "gait.gait-blue",
    "details": {
        "workspace": "gait.gait-blue",
        "labels": [
            {
                "time": 0.043501,
                "endTime": 0.043501,
                "type": "orange-on-ground",
                "id": 2
            },
            {
                "time": 0.074766,
                "endTime": 0.59,
                "type": "orange-in-air",
                "id": 3
            },
            {
                "time": 0.59,
                "endTime": 1.44124,
                "type": "orange-on-ground",
                "id": 4
            },
            {
                "time": 1.44124,
                "endTime": 2.08,
                "type": "orange-in-air",
                "id": 5
            },
            {
                "time": 2.08,
                "endTime": 3.088638,
                "type": "orange-on-ground",
                "id": 6
            },
            {
                "time": 3.088638,
                "endTime": 3.73,
                "type": "orange-in-air",
                "id": 7
            },
            {
                "time": 3.73,
                "endTime": 4.37,
                "type": "orange-on-ground",
                "id": 8
            },
            {
                "time": 4.37,
                "endTime": 5.296,
                "type": "orange-in-air",
                "id": 9
            },
            {
                "time": 5.296,
                "endTime": 5.86,
                "type": "orange-on-ground",
                "id": 10
            },
            {
                "time": 5.86,
                "endTime": 6.822,
                "type": "orange-in-air",
                "id": 11
            },
            {
                "time": 6.822,
                "endTime": 7.329633170731707,
                "type": "orange-on-ground",
                "id": 12
            },
            {
                "time": 7.368,
                "endTime": 8.368,
                "type": "orange-in-air",
                "id": 13
            },
            {
                "time": 8.368,
                "endTime": 8.73,
                "type": "orange-on-ground",
                "id": 14
            },
            {
                "time": 8.73,
                "endTime": 9.694,
                "type": "orange-in-air",
                "id": 15
            },
            {
                "time": 9.694,
                "endTime": 10.298,
                "type": "orange-on-ground",
                "id": 16
            },
            {
                "time": 10.298,
                "endTime": 11.18,
                "type": "orange-in-air",
                "id": 17
            },
            {
                "time": 11.18,
                "endTime": 11.704,
                "type": "orange-on-ground",
                "id": 18
            },
            {
                "time": 11.707179,
                "endTime": 12.626,
                "type": "orange-in-air",
                "id": 19
            },
            {
                "time": 12.652051,
                "endTime": 13.246,
                "type": "orange-on-ground",
                "id": 20
            },
            {
                "time": 13.246,
                "endTime": 14.134,
                "type": "orange-in-air",
                "id": 21
            },
            {
                "time": 14.134,
                "endTime": 14.652,
                "type": "orange-on-ground",
                "id": 22
            },
            {
                "time": 14.652,
                "endTime": 15.698,
                "type": "orange-in-air",
                "id": 23
            },
            {
                "time": 15.698,
                "endTime": 16.1,
                "type": "orange-on-ground",
                "id": 24
            },
            {
                "time": 16.1,
                "endTime": 17.144,
                "type": "orange-in-air",
                "id": 25
            },
            {
                "time": 17.144,
                "endTime": 17.466,
                "type": "orange-on-ground",
                "id": 26
            },
            {
                "time": 17.466,
                "endTime": 18.668,
                "type": "orange-in-air",
                "id": 27
            },
            {
                "time": 18.668,
                "endTime": 19.032,
                "type": "orange-on-ground",
                "id": 28
            },
            {
                "time": 19.032,
                "endTime": 20.154,
                "type": "orange-in-air",
                "id": 29
            },
            {
                "time": 20.154,
                "endTime": 20.556,
                "type": "orange-in-air",
                "id": 30
            }
        ],
        "_starts": [
            "2019-09-16T19:35:38.000Z"
        ],
        "_ends": [
            "2019-09-16T19:38:53.696Z"
        ]
    },
    "labels_file": "/home/ubuntu/vat/data/user-studies/studyE/gait-blue/aqua 2.labels.json",
    "videoFlash": 0.00001,
    "surveys": {
        "user-info": {
            "firstname": "Ben",
            "lastname": "Goodey",
            "email": "bgoodey@frontier.com"
        },
        "practice-first": {
            "question1": "3",
            "question2": "ok",
            "question3": "70",
            "question4": "3"
        },
        "practice-second": {},
        "practice-third": {},
        "practice-survey": {},
        "drywall-blue": {
            "question1": "4",
            "question2": "1",
            "question3": "30",
            "question4": "40"
        },
        "drywall-red": {
            "question1": "1",
            "question2": "3",
            "question3": "40",
            "question4": "90"
        },
        "drywall-orange": {
            "question1": "3",
            "question2": "1",
            "question3": "60",
            "question4": "30"
        },
        "drywall-survey": {
            "question1": "5",
            "question2": "4",
            "question3": "4",
            "question4": "5"
        }
    },
    "logs": {
        "labelEvents": [
            {
                "time": "2019-09-16T19:36:10.979Z",
                "type": "START",
                "source": "hotkey",
                "_t": "13:36:10",
                "_end": "-",
                "data": {
                    "type": "orange-on-ground",
                    "time": 0.043501
                }
            },
            {
                "time": "2019-09-16T19:36:12.993Z",
                "type": "START",
                "source": "hotkey",
                "_t": "13:36:12",
                "_end": "-",
                "data": {
                    "type": "orange-on-ground",
                    "time": 0.684
                }
            },
            {
                "time": "2019-09-16T19:36:14.928Z",
                "type": "END",
                "source": "data:click:h_pos",
                "_t": "13:36:14",
                "_end": "-",
                "data": {
                    "lbl": {
                        "time": 0.043501,
                        "endTime": 0.043501,
                        "type": "orange-on-ground",
                        "id": 2
                    }
                }
            },
            {
                "time": "2019-09-16T19:36:14.930Z",
                "type": "SELECT",
                "source": "data:click",
                "_t": "13:36:14",
                "_end": "-",
                "data": {
                    "time": 0.043501,
                    "endTime": 0.684,
                    "type": "orange-on-ground",
                    "id": 1
                }
            },
            {
                "time": "2019-09-16T19:36:14.947Z",
                "type": "DELETE",
                "source": "hotkey",
                "_t": "13:36:14",
                "_end": "-",
                "data": {
                    "id": 1,
                    "idx": 0
                }
            },
            {
                "time": "2019-09-16T19:36:18.484Z",
                "type": "START",
                "source": "hotkey",
                "_t": "13:36:18",
                "_end": "-",
                "data": {
                    "type": "orange-in-air",
                    "time": 0.074766
                }
            },
            {
                "time": "2019-09-16T19:36:21.316Z",
                "type": "END",
                "source": "hotkey:ctb",
                "_t": "13:36:21",
                "_end": "-",
                "data": {
                    "lbl": {
                        "time": 0.074766,
                        "endTime": 0.59,
                        "type": "orange-in-air",
                        "id": 3
                    },
                    "key": "enter"
                }
            },
            {
                "time": "2019-09-16T19:36:21.892Z",
                "type": "START",
                "source": "hotkey",
                "_t": "13:36:21",
                "_end": "-",
                "data": {
                    "type": "orange-on-ground",
                    "time": 0.59
                }
            },
            {
                "time": "2019-09-16T19:36:26.419Z",
                "type": "END",
                "source": "hotkey:ctb",
                "_t": "13:36:26",
                "_end": "-",
                "data": {
                    "lbl": {
                        "time": 0.59,
                        "endTime": 1.44124,
                        "type": "orange-on-ground",
                        "id": 4
                    },
                    "key": "enter"
                }
            },
            {
                "time": "2019-09-16T19:36:27.108Z",
                "type": "START",
                "source": "hotkey",
                "_t": "13:36:27",
                "_end": "-",
                "data": {
                    "type": "orange-in-air",
                    "time": 1.44124
                }
            },
            {
                "time": "2019-09-16T19:36:30.661Z",
                "type": "END",
                "source": "hotkey:ctb",
                "_t": "13:36:30",
                "_end": "-",
                "data": {
                    "lbl": {
                        "time": 1.44124,
                        "endTime": 2.08,
                        "type": "orange-in-air",
                        "id": 5
                    },
                    "key": "enter"
                }
            },
            {
                "time": "2019-09-16T19:36:31.460Z",
                "type": "START",
                "source": "hotkey",
                "_t": "13:36:31",
                "_end": "-",
                "data": {
                    "type": "orange-on-ground",
                    "time": 2.08
                }
            },
            {
                "time": "2019-09-16T19:36:34.790Z",
                "type": "END",
                "source": "hotkey:ctb",
                "_t": "13:36:34",
                "_end": "-",
                "data": {
                    "lbl": {
                        "time": 2.08,
                        "endTime": 3.088638,
                        "type": "orange-on-ground",
                        "id": 6
                    },
                    "key": "enter"
                }
            },
            {
                "time": "2019-09-16T19:36:35.511Z",
                "type": "START",
                "source": "hotkey",
                "_t": "13:36:35",
                "_end": "-",
                "data": {
                    "type": "orange-in-air",
                    "time": 3.088638
                }
            },
            {
                "time": "2019-09-16T19:36:39.508Z",
                "type": "END",
                "source": "hotkey:ctb",
                "_t": "13:36:39",
                "_end": "-",
                "data": {
                    "lbl": {
                        "time": 3.088638,
                        "endTime": 3.73,
                        "type": "orange-in-air",
                        "id": 7
                    },
                    "key": "enter"
                }
            },
            {
                "time": "2019-09-16T19:36:42.164Z",
                "type": "START",
                "source": "hotkey",
                "_t": "13:36:42",
                "_end": "-",
                "data": {
                    "type": "orange-on-ground",
                    "time": 3.73
                }
            },
            {
                "time": "2019-09-16T19:36:45.156Z",
                "type": "END",
                "source": "hotkey:ctb",
                "_t": "13:36:45",
                "_end": "-",
                "data": {
                    "lbl": {
                        "time": 3.73,
                        "endTime": 4.37,
                        "type": "orange-on-ground",
                        "id": 8
                    },
                    "key": "enter"
                }
            },
            {
                "time": "2019-09-16T19:36:45.748Z",
                "type": "START",
                "source": "hotkey",
                "_t": "13:36:45",
                "_end": "-",
                "data": {
                    "type": "orange-in-air",
                    "time": 4.37
                }
            },
            {
                "time": "2019-09-16T19:36:50.004Z",
                "type": "END",
                "source": "hotkey:ctb",
                "_t": "13:36:50",
                "_end": "-",
                "data": {
                    "lbl": {
                        "time": 4.37,
                        "endTime": 5.296,
                        "type": "orange-in-air",
                        "id": 9
                    },
                    "key": "enter"
                }
            },
            {
                "time": "2019-09-16T19:36:50.677Z",
                "type": "START",
                "source": "hotkey",
                "_t": "13:36:50",
                "_end": "-",
                "data": {
                    "type": "orange-on-ground",
                    "time": 5.296
                }
            },
            {
                "time": "2019-09-16T19:36:52.789Z",
                "type": "END",
                "source": "hotkey:ctb",
                "_t": "13:36:52",
                "_end": "-",
                "data": {
                    "lbl": {
                        "time": 5.296,
                        "endTime": 5.86,
                        "type": "orange-on-ground",
                        "id": 10
                    },
                    "key": "enter"
                }
            },
            {
                "time": "2019-09-16T19:36:53.701Z",
                "type": "START",
                "source": "hotkey",
                "_t": "13:36:53",
                "_end": "-",
                "data": {
                    "type": "orange-in-air",
                    "time": 5.86
                }
            },
            {
                "time": "2019-09-16T19:36:57.013Z",
                "type": "END",
                "source": "hotkey:ctb",
                "_t": "13:36:57",
                "_end": "-",
                "data": {
                    "lbl": {
                        "time": 5.86,
                        "endTime": 6.822,
                        "type": "orange-in-air",
                        "id": 11
                    },
                    "key": "enter"
                }
            },
            {
                "time": "2019-09-16T19:36:58.629Z",
                "type": "START",
                "source": "hotkey",
                "_t": "13:36:58",
                "_end": "-",
                "data": {
                    "type": "orange-on-ground",
                    "time": 6.822
                }
            },
            {
                "time": "2019-09-16T19:37:07.596Z",
                "type": "END",
                "source": "data:click:h_pos",
                "_t": "13:37:07",
                "_end": "-",
                "data": {
                    "lbl": {
                        "time": 6.822,
                        "endTime": 7.329633170731707,
                        "type": "orange-on-ground",
                        "id": 12
                    }
                }
            },
            {
                "time": "2019-09-16T19:37:09.576Z",
                "type": "SELECT",
                "source": "data:click",
                "_t": "13:37:09",
                "_end": "-",
                "data": {
                    "time": 6.822,
                    "endTime": 7.329633170731707,
                    "type": "orange-on-ground",
                    "id": 12
                }
            },
            {
                "time": "2019-09-16T19:37:09.721Z",
                "type": "DESELECT",
                "source": "data:click",
                "_t": "13:37:09",
                "_end": "-",
                "data": {
                    "time": 6.822,
                    "endTime": 7.329633170731707,
                    "type": "orange-on-ground",
                    "id": 12
                }
            },
            {
                "time": "2019-09-16T19:37:15.414Z",
                "type": "START",
                "source": "hotkey",
                "_t": "13:37:15",
                "_end": "-",
                "data": {
                    "type": "orange-in-air",
                    "time": 7.368
                }
            },
            {
                "time": "2019-09-16T19:37:18.902Z",
                "type": "START",
                "source": "hotkey",
                "_t": "13:37:18",
                "_end": "-",
                "data": {
                    "type": "orange-in-air",
                    "time": 8.368
                }
            },
            {
                "time": "2019-09-16T19:37:19.590Z",
                "type": "START",
                "source": "hotkey",
                "_t": "13:37:19",
                "_end": "-",
                "data": {
                    "type": "orange-on-ground",
                    "time": 8.368
                }
            },
            {
                "time": "2019-09-16T19:37:24.038Z",
                "type": "END",
                "source": "hotkey:ctb",
                "_t": "13:37:24",
                "_end": "-",
                "data": {
                    "lbl": {
                        "time": 8.368,
                        "endTime": 8.73,
                        "type": "orange-on-ground",
                        "id": 14
                    },
                    "key": "enter"
                }
            },
            {
                "time": "2019-09-16T19:37:24.789Z",
                "type": "START",
                "source": "hotkey",
                "_t": "13:37:24",
                "_end": "-",
                "data": {
                    "type": "orange-in-air",
                    "time": 8.73
                }
            },
            {
                "time": "2019-09-16T19:37:28.566Z",
                "type": "END",
                "source": "hotkey:ctb",
                "_t": "13:37:28",
                "_end": "-",
                "data": {
                    "lbl": {
                        "time": 8.73,
                        "endTime": 9.694,
                        "type": "orange-in-air",
                        "id": 15
                    },
                    "key": "enter"
                }
            },
            {
                "time": "2019-09-16T19:37:29.205Z",
                "type": "START",
                "source": "hotkey",
                "_t": "13:37:29",
                "_end": "-",
                "data": {
                    "type": "orange-on-ground",
                    "time": 9.694
                }
            },
            {
                "time": "2019-09-16T19:37:31.254Z",
                "type": "END",
                "source": "hotkey:ctb",
                "_t": "13:37:31",
                "_end": "-",
                "data": {
                    "lbl": {
                        "time": 9.694,
                        "endTime": 10.298,
                        "type": "orange-on-ground",
                        "id": 16
                    },
                    "key": "enter"
                }
            },
            {
                "time": "2019-09-16T19:37:31.702Z",
                "type": "START",
                "source": "hotkey",
                "_t": "13:37:31",
                "_end": "-",
                "data": {
                    "type": "orange-in-air",
                    "time": 10.298
                }
            },
            {
                "time": "2019-09-16T19:37:34.646Z",
                "type": "END",
                "source": "hotkey:ctb",
                "_t": "13:37:34",
                "_end": "-",
                "data": {
                    "lbl": {
                        "time": 10.298,
                        "endTime": 11.18,
                        "type": "orange-in-air",
                        "id": 17
                    },
                    "key": "enter"
                }
            },
            {
                "time": "2019-09-16T19:37:35.350Z",
                "type": "START",
                "source": "hotkey",
                "_t": "13:37:35",
                "_end": "-",
                "data": {
                    "type": "orange-on-ground",
                    "time": 11.18
                }
            },
            {
                "time": "2019-09-16T19:37:36.693Z",
                "type": "END",
                "source": "hotkey:ctb",
                "_t": "13:37:36",
                "_end": "-",
                "data": {
                    "lbl": {
                        "time": 11.18,
                        "endTime": 11.704,
                        "type": "orange-on-ground",
                        "id": 18
                    },
                    "key": "enter"
                }
            },
            {
                "time": "2019-09-16T19:37:41.734Z",
                "type": "START",
                "source": "hotkey",
                "_t": "13:37:41",
                "_end": "-",
                "data": {
                    "type": "orange-in-air",
                    "time": 11.707179
                }
            },
            {
                "time": "2019-09-16T19:37:44.406Z",
                "type": "END",
                "source": "hotkey:ctb",
                "_t": "13:37:44",
                "_end": "-",
                "data": {
                    "lbl": {
                        "time": 11.707179,
                        "endTime": 12.626,
                        "type": "orange-in-air",
                        "id": 19
                    },
                    "key": "enter"
                }
            },
            {
                "time": "2019-09-16T19:37:44.803Z",
                "type": "START",
                "source": "hotkey",
                "_t": "13:37:44",
                "_end": "-",
                "data": {
                    "type": "orange-in-air",
                    "time": 12.826
                }
            },
            {
                "time": "2019-09-16T19:37:48.627Z",
                "type": "CANCEL",
                "source": "hotkey",
                "_t": "13:37:48",
                "_end": "-",
                "data": {
                    "time": 12.826,
                    "type": "orange-in-air",
                    "editting": false
                }
            },
            {
                "time": "2019-09-16T19:37:52.136Z",
                "type": "START",
                "source": "hotkey",
                "_t": "13:37:52",
                "_end": "-",
                "data": {
                    "type": "orange-on-ground",
                    "time": 12.652051
                }
            },
            {
                "time": "2019-09-16T19:37:55.334Z",
                "type": "END",
                "source": "hotkey:ctb",
                "_t": "13:37:55",
                "_end": "-",
                "data": {
                    "lbl": {
                        "time": 12.652051,
                        "endTime": 13.246,
                        "type": "orange-on-ground",
                        "id": 20
                    },
                    "key": "enter"
                }
            },
            {
                "time": "2019-09-16T19:37:55.878Z",
                "type": "START",
                "source": "hotkey",
                "_t": "13:37:55",
                "_end": "-",
                "data": {
                    "type": "orange-in-air",
                    "time": 13.246
                }
            },
            {
                "time": "2019-09-16T19:37:59.046Z",
                "type": "END",
                "source": "hotkey:ctb",
                "_t": "13:37:59",
                "_end": "-",
                "data": {
                    "lbl": {
                        "time": 13.246,
                        "endTime": 14.134,
                        "type": "orange-in-air",
                        "id": 21
                    },
                    "key": "enter"
                }
            },
            {
                "time": "2019-09-16T19:37:59.798Z",
                "type": "START",
                "source": "hotkey",
                "_t": "13:37:59",
                "_end": "-",
                "data": {
                    "type": "orange-on-ground",
                    "time": 14.134
                }
            },
            {
                "time": "2019-09-16T19:38:07.462Z",
                "type": "END",
                "source": "hotkey:ctb",
                "_t": "13:38:07",
                "_end": "-",
                "data": {
                    "lbl": {
                        "time": 14.134,
                        "endTime": 14.652,
                        "type": "orange-on-ground",
                        "id": 22
                    },
                    "key": "enter"
                }
            },
            {
                "time": "2019-09-16T19:38:07.846Z",
                "type": "START",
                "source": "hotkey",
                "_t": "13:38:07",
                "_end": "-",
                "data": {
                    "type": "orange-in-air",
                    "time": 14.652
                }
            },
            {
                "time": "2019-09-16T19:38:13.367Z",
                "type": "START",
                "source": "hotkey",
                "_t": "13:38:13",
                "_end": "-",
                "data": {
                    "type": "orange-on-ground",
                    "time": 15.698
                }
            },
            {
                "time": "2019-09-16T19:38:21.543Z",
                "type": "END",
                "source": "hotkey:ctb",
                "_t": "13:38:21",
                "_end": "-",
                "data": {
                    "lbl": {
                        "time": 15.698,
                        "endTime": 16.1,
                        "type": "orange-on-ground",
                        "id": 24
                    },
                    "key": "enter"
                }
            },
            {
                "time": "2019-09-16T19:38:22.295Z",
                "type": "START",
                "source": "hotkey",
                "_t": "13:38:22",
                "_end": "-",
                "data": {
                    "type": "orange-in-air",
                    "time": 16.1
                }
            },
            {
                "time": "2019-09-16T19:38:26.921Z",
                "type": "END",
                "source": "hotkey:ctb",
                "_t": "13:38:26",
                "_end": "-",
                "data": {
                    "lbl": {
                        "time": 16.1,
                        "endTime": 17.144,
                        "type": "orange-in-air",
                        "id": 25
                    },
                    "key": "enter"
                }
            },
            {
                "time": "2019-09-16T19:38:28.855Z",
                "type": "START",
                "source": "hotkey",
                "_t": "13:38:28",
                "_end": "-",
                "data": {
                    "type": "orange-on-ground",
                    "time": 17.144
                }
            },
            {
                "time": "2019-09-16T19:38:38.617Z",
                "type": "END",
                "source": "hotkey:ctb",
                "_t": "13:38:38",
                "_end": "-",
                "data": {
                    "lbl": {
                        "time": 17.144,
                        "endTime": 17.466,
                        "type": "orange-on-ground",
                        "id": 26
                    },
                    "key": "enter"
                }
            },
            {
                "time": "2019-09-16T19:38:38.856Z",
                "type": "START",
                "source": "hotkey",
                "_t": "13:38:38",
                "_end": "-",
                "data": {
                    "type": "orange-in-air",
                    "time": 17.466
                }
            },
            {
                "time": "2019-09-16T19:38:42.105Z",
                "type": "END",
                "source": "hotkey:ctb",
                "_t": "13:38:42",
                "_end": "-",
                "data": {
                    "lbl": {
                        "time": 17.466,
                        "endTime": 18.668,
                        "type": "orange-in-air",
                        "id": 27
                    },
                    "key": "enter"
                }
            },
            {
                "time": "2019-09-16T19:38:42.968Z",
                "type": "START",
                "source": "hotkey",
                "_t": "13:38:42",
                "_end": "-",
                "data": {
                    "type": "orange-on-ground",
                    "time": 18.668
                }
            },
            {
                "time": "2019-09-16T19:38:44.543Z",
                "type": "END",
                "source": "hotkey:ctb",
                "_t": "13:38:44",
                "_end": "-",
                "data": {
                    "lbl": {
                        "time": 18.668,
                        "endTime": 19.032,
                        "type": "orange-on-ground",
                        "id": 28
                    },
                    "key": "enter"
                }
            },
            {
                "time": "2019-09-16T19:38:45.433Z",
                "type": "START",
                "source": "hotkey",
                "_t": "13:38:45",
                "_end": "-",
                "data": {
                    "type": "orange-in-air",
                    "time": 19.032
                }
            },
            {
                "time": "2019-09-16T19:38:48.616Z",
                "type": "END",
                "source": "hotkey:ctb",
                "_t": "13:38:48",
                "_end": "-",
                "data": {
                    "lbl": {
                        "time": 19.032,
                        "endTime": 20.154,
                        "type": "orange-in-air",
                        "id": 29
                    },
                    "key": "enter"
                }
            },
            {
                "time": "2019-09-16T19:38:49.242Z",
                "type": "START",
                "source": "hotkey",
                "_t": "13:38:49",
                "_end": "-",
                "data": {
                    "type": "orange-in-air",
                    "time": 20.154
                }
            },
            {
                "time": "2019-09-16T19:38:52.282Z",
                "type": "END",
                "source": "hotkey:ctb",
                "_t": "13:38:52",
                "_end": "-",
                "data": {
                    "lbl": {
                        "time": 20.154,
                        "endTime": 20.556,
                        "type": "orange-in-air",
                        "id": 30
                    },
                    "key": "enter"
                }
            }
        ],
        "navigationEvents": [
            {
                "time": "2019-09-16T19:35:56.259Z",
                "type": "PAUSE",
                "source": "hotkey",
                "_t": "13:35:56",
                "_end": "-",
                "data": {
                    "key": "space"
                }
            },
            {
                "time": "2019-09-16T19:35:56.403Z",
                "type": "PLAY",
                "source": "video:button",
                "_t": "13:35:56",
                "_end": "-"
            },
            {
                "time": "2019-09-16T19:35:57.995Z",
                "type": "PAUSE",
                "source": "hotkey",
                "_t": "13:35:57",
                "_end": "-",
                "data": {
                    "key": "space"
                }
            },
            {
                "time": "2019-09-16T19:35:58.124Z",
                "type": "PLAY",
                "source": "video:button",
                "_t": "13:35:58",
                "_end": "-"
            },
            {
                "time": {
                    "start": "2019-09-16T19:35:38.190Z",
                    "end": "2019-09-16T19:35:58.467Z"
                },
                "type": "SCRUB",
                "source": "data:drag",
                "_t": "13:35:38",
                "_end": "13:35:58",
                "data": {
                    "time": 3.588
                }
            },
            {
                "time": {
                    "start": "2019-09-16T19:35:38.190Z",
                    "end": "2019-09-16T19:35:59.092Z"
                },
                "type": "SCRUB",
                "source": "data:drag",
                "_t": "13:35:38",
                "_end": "13:35:59",
                "data": {
                    "time": 4.236
                }
            },
            {
                "time": "2019-09-16T19:36:00.001Z",
                "type": "PAUSE",
                "source": "video:button",
                "_t": "13:36:00",
                "_end": "-"
            },
            {
                "time": {
                    "start": "2019-09-16T19:35:38.190Z",
                    "end": "2019-09-16T19:36:00.324Z"
                },
                "type": "SCRUB",
                "source": "data:drag",
                "_t": "13:35:38",
                "_end": "13:36:00",
                "data": {
                    "time": 5.166
                }
            },
            {
                "time": {
                    "start": "2019-09-16T19:35:38.190Z",
                    "end": "2019-09-16T19:36:00.484Z"
                },
                "type": "SCRUB",
                "source": "data:drag",
                "_t": "13:35:38",
                "_end": "13:36:00",
                "data": {
                    "time": 5.166
                }
            },
            {
                "time": "2019-09-16T19:36:00.490Z",
                "type": "JUMP",
                "source": "data:dblclick:h_pos",
                "_t": "13:36:00",
                "_end": "-",
                "data": {
                    "from": 5.166,
                    "to": 3.8699209756097566
                }
            },
            {
                "time": {
                    "start": "2019-09-16T19:35:38.190Z",
                    "end": "2019-09-16T19:36:00.979Z"
                },
                "type": "SCRUB",
                "source": "data:drag",
                "_t": "13:35:38",
                "_end": "13:36:00",
                "data": {
                    "time": 3.869921
                }
            },
            {
                "time": {
                    "start": "2019-09-16T19:35:38.190Z",
                    "end": "2019-09-16T19:36:01.140Z"
                },
                "type": "SCRUB",
                "source": "data:drag",
                "_t": "13:35:38",
                "_end": "13:36:01",
                "data": {
                    "time": 3.869921
                }
            },
            {
                "time": "2019-09-16T19:36:01.150Z",
                "type": "JUMP",
                "source": "data:dblclick:h_pos",
                "_t": "13:36:01",
                "_end": "-",
                "data": {
                    "from": 3.869921,
                    "to": 2.5233453902439025
                }
            },
            {
                "time": {
                    "start": "2019-09-16T19:35:38.190Z",
                    "end": "2019-09-16T19:36:02.116Z"
                },
                "type": "SCRUB",
                "source": "data:drag",
                "_t": "13:35:38",
                "_end": "13:36:02",
                "data": {
                    "time": 2.523345
                }
            },
            {
                "time": {
                    "start": "2019-09-16T19:35:38.190Z",
                    "end": "2019-09-16T19:36:02.292Z"
                },
                "type": "SCRUB",
                "source": "data:drag",
                "_t": "13:35:38",
                "_end": "13:36:02",
                "data": {
                    "time": 2.523345
                }
            },
            {
                "time": "2019-09-16T19:36:02.296Z",
                "type": "JUMP",
                "source": "data:dblclick:h_pos",
                "_t": "13:36:02",
                "_end": "-",
                "data": {
                    "from": 2.523345,
                    "to": 1.3076864634146341
                }
            },
            {
                "time": "2019-09-16T19:36:04.688Z",
                "type": "CHANGE-PLAYBACK-RATE",
                "source": "video:menu",
                "_t": "13:36:04",
                "_end": "-",
                "data": {
                    "oldRate": 1,
                    "newRate": 0.5
                }
            },
            {
                "time": "2019-09-16T19:36:05.475Z",
                "type": "PLAY",
                "source": "hotkey",
                "_t": "13:36:05",
                "_end": "-",
                "data": {
                    "key": "space"
                }
            },
            {
                "time": {
                    "start": "2019-09-16T19:35:38.190Z",
                    "end": "2019-09-16T19:36:05.838Z"
                },
                "type": "SCRUB",
                "source": "data:drag",
                "_t": "13:35:38",
                "_end": "13:36:05",
                "data": {
                    "time": 1.468307
                }
            },
            {
                "time": {
                    "start": "2019-09-16T19:35:38.190Z",
                    "end": "2019-09-16T19:36:05.988Z"
                },
                "type": "SCRUB",
                "source": "data:drag",
                "_t": "13:35:38",
                "_end": "13:36:05",
                "data": {
                    "time": 1.542
                }
            },
            {
                "time": "2019-09-16T19:36:05.997Z",
                "type": "JUMP",
                "source": "data:dblclick:h_pos",
                "_t": "13:36:05",
                "_end": "-",
                "data": {
                    "from": 1.542,
                    "to": 1.0231889512195125
                }
            },
            {
                "time": "2019-09-16T19:36:06.882Z",
                "type": "PAUSE",
                "source": "hotkey",
                "_t": "13:36:06",
                "_end": "-",
                "data": {
                    "key": "space"
                }
            },
            {
                "time": {
                    "start": "2019-09-16T19:35:38.190Z",
                    "end": "2019-09-16T19:36:07.365Z"
                },
                "type": "SCRUB",
                "source": "data:drag",
                "_t": "13:35:38",
                "_end": "13:36:07",
                "data": {
                    "time": 1.42
                }
            },
            {
                "time": {
                    "start": "2019-09-16T19:35:38.190Z",
                    "end": "2019-09-16T19:36:07.501Z"
                },
                "type": "SCRUB",
                "source": "data:drag",
                "_t": "13:35:38",
                "_end": "13:36:07",
                "data": {
                    "time": 1.42
                }
            },
            {
                "time": "2019-09-16T19:36:07.505Z",
                "type": "JUMP",
                "source": "data:dblclick:h_pos",
                "_t": "13:36:07",
                "_end": "-",
                "data": {
                    "from": 1.42,
                    "to": 0.9112936585365853
                }
            },
            {
                "time": {
                    "start": "2019-09-16T19:35:38.190Z",
                    "end": "2019-09-16T19:36:08.163Z"
                },
                "type": "SCRUB",
                "source": "data:drag",
                "_t": "13:35:38",
                "_end": "13:36:08",
                "data": {
                    "time": 0.911294
                }
            },
            {
                "time": {
                    "start": "2019-09-16T19:35:38.190Z",
                    "end": "2019-09-16T19:36:08.308Z"
                },
                "type": "SCRUB",
                "source": "data:drag",
                "_t": "13:35:38",
                "_end": "13:36:08",
                "data": {
                    "time": 0.911294
                }
            },
            {
                "time": "2019-09-16T19:36:08.312Z",
                "type": "JUMP",
                "source": "data:dblclick:h_pos",
                "_t": "13:36:08",
                "_end": "-",
                "data": {
                    "from": 0.911294,
                    "to": 0.24922765853658524
                }
            },
            {
                "time": {
                    "start": "2019-09-16T19:35:38.190Z",
                    "end": "2019-09-16T19:36:09.723Z"
                },
                "type": "SCRUB",
                "source": "data:drag",
                "_t": "13:35:38",
                "_end": "13:36:09",
                "data": {
                    "time": 0.249228
                }
            },
            {
                "time": {
                    "start": "2019-09-16T19:35:38.190Z",
                    "end": "2019-09-16T19:36:09.843Z"
                },
                "type": "SCRUB",
                "source": "data:drag",
                "_t": "13:35:38",
                "_end": "13:36:09",
                "data": {
                    "time": 0.249228
                }
            },
            {
                "time": "2019-09-16T19:36:09.852Z",
                "type": "JUMP",
                "source": "data:dblclick:h_pos",
                "_t": "13:36:09",
                "_end": "-",
                "data": {
                    "from": 0.249228,
                    "to": 0.04350117073170745
                }
            },
            {
                "time": "2019-09-16T19:36:11.668Z",
                "type": "PLAY",
                "source": "hotkey",
                "_t": "13:36:11",
                "_end": "-",
                "data": {
                    "key": "space"
                }
            },
            {
                "time": "2019-09-16T19:36:13.107Z",
                "type": "PAUSE",
                "source": "hotkey",
                "_t": "13:36:13",
                "_end": "-",
                "data": {
                    "key": "space"
                }
            },
            {
                "time": {
                    "start": "2019-09-16T19:35:38.190Z",
                    "end": "2019-09-16T19:36:14.924Z"
                },
                "type": "SCRUB",
                "source": "data:drag",
                "_t": "13:35:38",
                "_end": "13:36:14",
                "data": {
                    "time": 0.72
                }
            },
            {
                "time": {
                    "start": "2019-09-16T19:35:38.190Z",
                    "end": "2019-09-16T19:36:16.100Z"
                },
                "type": "SCRUB",
                "source": "data:drag",
                "_t": "13:35:38",
                "_end": "13:36:16",
                "data": {
                    "time": 0.72
                }
            },
            {
                "time": {
                    "start": "2019-09-16T19:35:38.190Z",
                    "end": "2019-09-16T19:36:16.261Z"
                },
                "type": "SCRUB",
                "source": "data:drag",
                "_t": "13:35:38",
                "_end": "13:36:16",
                "data": {
                    "time": 0.72
                }
            },
            {
                "time": "2019-09-16T19:36:16.265Z",
                "type": "JUMP",
                "source": "data:dblclick:h_pos",
                "_t": "13:36:16",
                "_end": "-",
                "data": {
                    "from": 0.72,
                    "to": 0.0747658536585365
                }
            },
            {
                "time": "2019-09-16T19:36:19.171Z",
                "type": "PLAY",
                "source": "hotkey",
                "_t": "13:36:19",
                "_end": "-",
                "data": {
                    "key": "space"
                }
            },
            {
                "time": "2019-09-16T19:36:20.259Z",
                "type": "PAUSE",
                "source": "hotkey",
                "_t": "13:36:20",
                "_end": "-",
                "data": {
                    "key": "space"
                }
            },
            {
                "time": "2019-09-16T19:36:22.739Z",
                "type": "PLAY",
                "source": "hotkey",
                "_t": "13:36:22",
                "_end": "-",
                "data": {
                    "key": "space"
                }
            },
            {
                "time": "2019-09-16T19:36:24.003Z",
                "type": "PAUSE",
                "source": "hotkey",
                "_t": "13:36:24",
                "_end": "-",
                "data": {
                    "key": "space"
                }
            },
            {
                "time": "2019-09-16T19:36:24.740Z",
                "type": "PLAY",
                "source": "hotkey",
                "_t": "13:36:24",
                "_end": "-",
                "data": {
                    "key": "space"
                }
            },
            {
                "time": "2019-09-16T19:36:24.900Z",
                "type": "PAUSE",
                "source": "hotkey",
                "_t": "13:36:24",
                "_end": "-",
                "data": {
                    "key": "space"
                }
            },
            {
                "time": "2019-09-16T19:36:25.618Z",
                "type": "PLAY",
                "source": "hotkey",
                "_t": "13:36:25",
                "_end": "-",
                "data": {
                    "key": "space"
                }
            },
            {
                "time": "2019-09-16T19:36:25.795Z",
                "type": "PAUSE",
                "source": "hotkey",
                "_t": "13:36:25",
                "_end": "-",
                "data": {
                    "key": "space"
                }
            },
            {
                "time": "2019-09-16T19:36:27.731Z",
                "type": "PLAY",
                "source": "hotkey",
                "_t": "13:36:27",
                "_end": "-",
                "data": {
                    "key": "space"
                }
            },
            {
                "time": "2019-09-16T19:36:28.850Z",
                "type": "PAUSE",
                "source": "hotkey",
                "_t": "13:36:28",
                "_end": "-",
                "data": {
                    "key": "space"
                }
            },
            {
                "time": "2019-09-16T19:36:29.347Z",
                "type": "PLAY",
                "source": "hotkey",
                "_t": "13:36:29",
                "_end": "-",
                "data": {
                    "key": "space"
                }
            },
            {
                "time": "2019-09-16T19:36:29.507Z",
                "type": "PAUSE",
                "source": "hotkey",
                "_t": "13:36:29",
                "_end": "-",
                "data": {
                    "key": "space"
                }
            },
            {
                "time": "2019-09-16T19:36:32.035Z",
                "type": "PLAY",
                "source": "hotkey",
                "_t": "13:36:32",
                "_end": "-",
                "data": {
                    "key": "space"
                }
            },
            {
                "time": "2019-09-16T19:36:33.475Z",
                "type": "PAUSE",
                "source": "hotkey",
                "_t": "13:36:33",
                "_end": "-",
                "data": {
                    "key": "space"
                }
            },
            {
                "time": "2019-09-16T19:36:33.619Z",
                "type": "PLAY",
                "source": "hotkey",
                "_t": "13:36:33",
                "_end": "-",
                "data": {
                    "key": "space"
                }
            },
            {
                "time": "2019-09-16T19:36:34.161Z",
                "type": "PAUSE",
                "source": "hotkey",
                "_t": "13:36:34",
                "_end": "-",
                "data": {
                    "key": "space"
                }
            },
            {
                "time": "2019-09-16T19:36:36.515Z",
                "type": "PLAY",
                "source": "hotkey",
                "_t": "13:36:36",
                "_end": "-",
                "data": {
                    "key": "space"
                }
            },
            {
                "time": "2019-09-16T19:36:37.475Z",
                "type": "PAUSE",
                "source": "hotkey",
                "_t": "13:36:37",
                "_end": "-",
                "data": {
                    "key": "space"
                }
            },
            {
                "time": "2019-09-16T19:36:37.971Z",
                "type": "PLAY",
                "source": "hotkey",
                "_t": "13:36:37",
                "_end": "-",
                "data": {
                    "key": "space"
                }
            },
            {
                "time": "2019-09-16T19:36:38.116Z",
                "type": "PAUSE",
                "source": "hotkey",
                "_t": "13:36:38",
                "_end": "-",
                "data": {
                    "key": "space"
                }
            },
            {
                "time": "2019-09-16T19:36:38.658Z",
                "type": "PLAY",
                "source": "hotkey",
                "_t": "13:36:38",
                "_end": "-",
                "data": {
                    "key": "space"
                }
            },
            {
                "time": "2019-09-16T19:36:38.820Z",
                "type": "PAUSE",
                "source": "hotkey",
                "_t": "13:36:38",
                "_end": "-",
                "data": {
                    "key": "space"
                }
            },
            {
                "time": "2019-09-16T19:36:42.595Z",
                "type": "PLAY",
                "source": "hotkey",
                "_t": "13:36:42",
                "_end": "-",
                "data": {
                    "key": "space"
                }
            },
            {
                "time": "2019-09-16T19:36:43.633Z",
                "type": "PAUSE",
                "source": "hotkey",
                "_t": "13:36:43",
                "_end": "-",
                "data": {
                    "key": "space"
                }
            },
            {
                "time": "2019-09-16T19:36:44.563Z",
                "type": "PLAY",
                "source": "hotkey",
                "_t": "13:36:44",
                "_end": "-",
                "data": {
                    "key": "space"
                }
            },
            {
                "time": "2019-09-16T19:36:44.723Z",
                "type": "PAUSE",
                "source": "hotkey",
                "_t": "13:36:44",
                "_end": "-",
                "data": {
                    "key": "space"
                }
            },
            {
                "time": "2019-09-16T19:36:46.355Z",
                "type": "PLAY",
                "source": "hotkey",
                "_t": "13:36:46",
                "_end": "-",
                "data": {
                    "key": "space"
                }
            },
            {
                "time": "2019-09-16T19:36:48.194Z",
                "type": "PAUSE",
                "source": "hotkey",
                "_t": "13:36:48",
                "_end": "-",
                "data": {
                    "key": "space"
                }
            },
            {
                "time": "2019-09-16T19:36:51.027Z",
                "type": "PLAY",
                "source": "hotkey",
                "_t": "13:36:51",
                "_end": "-",
                "data": {
                    "key": "space"
                }
            },
            {
                "time": "2019-09-16T19:36:52.098Z",
                "type": "PAUSE",
                "source": "hotkey",
                "_t": "13:36:52",
                "_end": "-",
                "data": {
                    "key": "space"
                }
            },
            {
                "time": "2019-09-16T19:36:54.163Z",
                "type": "PLAY",
                "source": "hotkey",
                "_t": "13:36:54",
                "_end": "-",
                "data": {
                    "key": "space"
                }
            },
            {
                "time": "2019-09-16T19:36:55.895Z",
                "type": "PAUSE",
                "source": "hotkey",
                "_t": "13:36:55",
                "_end": "-",
                "data": {
                    "key": "space"
                }
            },
            {
                "time": "2019-09-16T19:36:56.483Z",
                "type": "PLAY",
                "source": "hotkey",
                "_t": "13:36:56",
                "_end": "-",
                "data": {
                    "key": "space"
                }
            },
            {
                "time": "2019-09-16T19:36:56.628Z",
                "type": "PAUSE",
                "source": "hotkey",
                "_t": "13:36:56",
                "_end": "-",
                "data": {
                    "key": "space"
                }
            },
            {
                "time": "2019-09-16T19:36:59.011Z",
                "type": "PLAY",
                "source": "hotkey",
                "_t": "13:36:59",
                "_end": "-",
                "data": {
                    "key": "space"
                }
            },
            {
                "time": "2019-09-16T19:37:00.243Z",
                "type": "PAUSE",
                "source": "hotkey",
                "_t": "13:37:00",
                "_end": "-",
                "data": {
                    "key": "space"
                }
            },
            {
                "time": "2019-09-16T19:37:01.523Z",
                "type": "SKIP",
                "source": "hotkey",
                "_t": "13:37:01",
                "_end": "-",
                "data": {
                    "t": 7.464,
                    "Δt": -1,
                    "key": "left"
                }
            },
            {
                "time": "2019-09-16T19:37:02.787Z",
                "type": "PLAY",
                "source": "hotkey",
                "_t": "13:37:02",
                "_end": "-",
                "data": {
                    "key": "space"
                }
            },
            {
                "time": "2019-09-16T19:37:04.675Z",
                "type": "PAUSE",
                "source": "hotkey",
                "_t": "13:37:04",
                "_end": "-",
                "data": {
                    "key": "space"
                }
            },
            {
                "time": {
                    "start": "2019-09-16T19:35:38.190Z",
                    "end": "2019-09-16T19:37:07.590Z"
                },
                "type": "SCRUB",
                "source": "data:drag",
                "_t": "13:35:38",
                "_end": "13:37:07",
                "data": {
                    "time": 7.382
                }
            },
            {
                "time": {
                    "start": "2019-09-16T19:35:38.190Z",
                    "end": "2019-09-16T19:37:09.574Z"
                },
                "type": "SCRUB",
                "source": "data:drag",
                "_t": "13:35:38",
                "_end": "13:37:09",
                "data": {
                    "time": 7.382
                }
            },
            {
                "time": {
                    "start": "2019-09-16T19:35:38.190Z",
                    "end": "2019-09-16T19:37:09.720Z"
                },
                "type": "SCRUB",
                "source": "data:drag",
                "_t": "13:35:38",
                "_end": "13:37:09",
                "data": {
                    "time": 7.382
                }
            },
            {
                "time": "2019-09-16T19:37:09.733Z",
                "type": "JUMP",
                "source": "data:dblclick:h_pos",
                "_t": "13:37:09",
                "_end": "-",
                "data": {
                    "from": 7.382,
                    "to": 7.282877073170731
                }
            },
            {
                "time": "2019-09-16T19:37:10.627Z",
                "type": "PLAY",
                "source": "hotkey",
                "_t": "13:37:10",
                "_end": "-",
                "data": {
                    "key": "space"
                }
            },
            {
                "time": "2019-09-16T19:37:10.994Z",
                "type": "PAUSE",
                "source": "hotkey",
                "_t": "13:37:10",
                "_end": "-",
                "data": {
                    "key": "space"
                }
            },
            {
                "time": {
                    "start": "2019-09-16T19:35:38.190Z",
                    "end": "2019-09-16T19:37:12.515Z"
                },
                "type": "SCRUB",
                "source": "data:drag",
                "_t": "13:35:38",
                "_end": "13:37:12",
                "data": {
                    "time": 7.44
                }
            },
            {
                "time": {
                    "start": "2019-09-16T19:35:38.190Z",
                    "end": "2019-09-16T19:37:12.660Z"
                },
                "type": "SCRUB",
                "source": "data:drag",
                "_t": "13:35:38",
                "_end": "13:37:12",
                "data": {
                    "time": 7.44
                }
            },
            {
                "time": "2019-09-16T19:37:12.667Z",
                "type": "JUMP",
                "source": "data:dblclick:h_pos",
                "_t": "13:37:12",
                "_end": "-",
                "data": {
                    "from": 7.44,
                    "to": 7.247364878048781
                }
            },
            {
                "time": "2019-09-16T19:37:13.524Z",
                "type": "PLAY",
                "source": "hotkey",
                "_t": "13:37:13",
                "_end": "-",
                "data": {
                    "key": "space"
                }
            },
            {
                "time": "2019-09-16T19:37:13.652Z",
                "type": "PAUSE",
                "source": "hotkey",
                "_t": "13:37:13",
                "_end": "-",
                "data": {
                    "key": "space"
                }
            },
            {
                "time": "2019-09-16T19:37:14.498Z",
                "type": "PLAY",
                "source": "hotkey",
                "_t": "13:37:14",
                "_end": "-",
                "data": {
                    "key": "space"
                }
            },
            {
                "time": "2019-09-16T19:37:14.644Z",
                "type": "PAUSE",
                "source": "hotkey",
                "_t": "13:37:14",
                "_end": "-",
                "data": {
                    "key": "space"
                }
            },
            {
                "time": "2019-09-16T19:37:15.971Z",
                "type": "PLAY",
                "source": "hotkey",
                "_t": "13:37:15",
                "_end": "-",
                "data": {
                    "key": "space"
                }
            },
            {
                "time": "2019-09-16T19:37:17.410Z",
                "type": "PAUSE",
                "source": "hotkey",
                "_t": "13:37:17",
                "_end": "-",
                "data": {
                    "key": "space"
                }
            },
            {
                "time": "2019-09-16T19:37:17.540Z",
                "type": "PLAY",
                "source": "hotkey",
                "_t": "13:37:17",
                "_end": "-",
                "data": {
                    "key": "space"
                }
            },
            {
                "time": "2019-09-16T19:37:18.066Z",
                "type": "PAUSE",
                "source": "hotkey",
                "_t": "13:37:18",
                "_end": "-",
                "data": {
                    "key": "space"
                }
            },
            {
                "time": "2019-09-16T19:37:20.147Z",
                "type": "PLAY",
                "source": "hotkey",
                "_t": "13:37:20",
                "_end": "-",
                "data": {
                    "key": "space"
                }
            },
            {
                "time": "2019-09-16T19:37:20.813Z",
                "type": "PAUSE",
                "source": "hotkey",
                "_t": "13:37:20",
                "_end": "-",
                "data": {
                    "key": "space"
                }
            },
            {
                "time": "2019-09-16T19:37:25.203Z",
                "type": "PLAY",
                "source": "hotkey",
                "_t": "13:37:25",
                "_end": "-",
                "data": {
                    "key": "space"
                }
            },
            {
                "time": "2019-09-16T19:37:27.107Z",
                "type": "PAUSE",
                "source": "hotkey",
                "_t": "13:37:27",
                "_end": "-",
                "data": {
                    "key": "space"
                }
            },
            {
                "time": "2019-09-16T19:37:29.619Z",
                "type": "PLAY",
                "source": "hotkey",
                "_t": "13:37:29",
                "_end": "-",
                "data": {
                    "key": "space"
                }
            },
            {
                "time": "2019-09-16T19:37:30.805Z",
                "type": "PAUSE",
                "source": "hotkey",
                "_t": "13:37:30",
                "_end": "-",
                "data": {
                    "key": "space"
                }
            },
            {
                "time": "2019-09-16T19:37:32.132Z",
                "type": "PLAY",
                "source": "hotkey",
                "_t": "13:37:32",
                "_end": "-",
                "data": {
                    "key": "space"
                }
            },
            {
                "time": "2019-09-16T19:37:33.892Z",
                "type": "PAUSE",
                "source": "hotkey",
                "_t": "13:37:33",
                "_end": "-",
                "data": {
                    "key": "space"
                }
            },
            {
                "time": "2019-09-16T19:37:35.700Z",
                "type": "PLAY",
                "source": "hotkey",
                "_t": "13:37:35",
                "_end": "-",
                "data": {
                    "key": "space"
                }
            },
            {
                "time": "2019-09-16T19:37:37.843Z",
                "type": "PAUSE",
                "source": "hotkey",
                "_t": "13:37:37",
                "_end": "-",
                "data": {
                    "key": "space"
                }
            },
            {
                "time": {
                    "start": "2019-09-16T19:35:38.190Z",
                    "end": "2019-09-16T19:37:39.892Z"
                },
                "type": "SCRUB",
                "source": "data:drag",
                "_t": "13:35:38",
                "_end": "13:37:39",
                "data": {
                    "time": 12.271993
                }
            },
            {
                "time": {
                    "start": "2019-09-16T19:35:38.190Z",
                    "end": "2019-09-16T19:37:40.045Z"
                },
                "type": "SCRUB",
                "source": "data:drag",
                "_t": "13:35:38",
                "_end": "13:37:40",
                "data": {
                    "time": 12.271993
                }
            },
            {
                "time": "2019-09-16T19:37:40.062Z",
                "type": "JUMP",
                "source": "data:dblclick:h_pos",
                "_t": "13:37:40",
                "_end": "-",
                "data": {
                    "from": 12.271993,
                    "to": 11.707179341463416
                }
            },
            {
                "time": "2019-09-16T19:37:42.516Z",
                "type": "PLAY",
                "source": "hotkey",
                "_t": "13:37:42",
                "_end": "-",
                "data": {
                    "key": "space"
                }
            },
            {
                "time": "2019-09-16T19:37:47.058Z",
                "type": "PAUSE",
                "source": "hotkey",
                "_t": "13:37:47",
                "_end": "-",
                "data": {
                    "key": "space"
                }
            },
            {
                "time": {
                    "start": "2019-09-16T19:35:38.190Z",
                    "end": "2019-09-16T19:37:50.630Z"
                },
                "type": "SCRUB",
                "source": "data:drag",
                "_t": "13:35:38",
                "_end": "13:37:50",
                "data": {
                    "time": 13.95
                }
            },
            {
                "time": {
                    "start": "2019-09-16T19:35:38.190Z",
                    "end": "2019-09-16T19:37:50.772Z"
                },
                "type": "SCRUB",
                "source": "data:drag",
                "_t": "13:35:38",
                "_end": "13:37:50",
                "data": {
                    "time": 13.95
                }
            },
            {
                "time": "2019-09-16T19:37:50.783Z",
                "type": "JUMP",
                "source": "data:dblclick:h_pos",
                "_t": "13:37:50",
                "_end": "-",
                "data": {
                    "from": 13.95,
                    "to": 12.652050731707316
                }
            },
            {
                "time": "2019-09-16T19:37:53.716Z",
                "type": "PLAY",
                "source": "hotkey",
                "_t": "13:37:53",
                "_end": "-",
                "data": {
                    "key": "space"
                }
            },
            {
                "time": "2019-09-16T19:37:54.932Z",
                "type": "PAUSE",
                "source": "hotkey",
                "_t": "13:37:54",
                "_end": "-",
                "data": {
                    "key": "space"
                }
            },
            {
                "time": "2019-09-16T19:37:56.308Z",
                "type": "PLAY",
                "source": "hotkey",
                "_t": "13:37:56",
                "_end": "-",
                "data": {
                    "key": "space"
                }
            },
            {
                "time": "2019-09-16T19:37:57.907Z",
                "type": "PAUSE",
                "source": "hotkey",
                "_t": "13:37:57",
                "_end": "-",
                "data": {
                    "key": "space"
                }
            },
            {
                "time": "2019-09-16T19:37:58.436Z",
                "type": "PLAY",
                "source": "hotkey",
                "_t": "13:37:58",
                "_end": "-",
                "data": {
                    "key": "space"
                }
            },
            {
                "time": "2019-09-16T19:37:58.566Z",
                "type": "PAUSE",
                "source": "hotkey",
                "_t": "13:37:58",
                "_end": "-",
                "data": {
                    "key": "space"
                }
            },
            {
                "time": "2019-09-16T19:38:00.197Z",
                "type": "PLAY",
                "source": "hotkey",
                "_t": "13:38:00",
                "_end": "-",
                "data": {
                    "key": "space"
                }
            },
            {
                "time": "2019-09-16T19:38:01.824Z",
                "type": "PAUSE",
                "source": "hotkey",
                "_t": "13:38:01",
                "_end": "-",
                "data": {
                    "key": "space"
                }
            },
            {
                "time": "2019-09-16T19:38:02.851Z",
                "type": "SKIP",
                "source": "hotkey",
                "_t": "13:38:02",
                "_end": "-",
                "data": {
                    "t": 14.974,
                    "Δt": -1,
                    "key": "left"
                }
            },
            {
                "time": "2019-09-16T19:38:03.588Z",
                "type": "PLAY",
                "source": "hotkey",
                "_t": "13:38:03",
                "_end": "-",
                "data": {
                    "key": "space"
                }
            },
            {
                "time": "2019-09-16T19:38:04.803Z",
                "type": "PAUSE",
                "source": "hotkey",
                "_t": "13:38:04",
                "_end": "-",
                "data": {
                    "key": "space"
                }
            },
            {
                "time": "2019-09-16T19:38:05.252Z",
                "type": "PLAY",
                "source": "hotkey",
                "_t": "13:38:05",
                "_end": "-",
                "data": {
                    "key": "space"
                }
            },
            {
                "time": "2019-09-16T19:38:05.364Z",
                "type": "PAUSE",
                "source": "hotkey",
                "_t": "13:38:05",
                "_end": "-",
                "data": {
                    "key": "space"
                }
            },
            {
                "time": "2019-09-16T19:38:08.228Z",
                "type": "PLAY",
                "source": "hotkey",
                "_t": "13:38:08",
                "_end": "-",
                "data": {
                    "key": "space"
                }
            },
            {
                "time": "2019-09-16T19:38:10.276Z",
                "type": "PAUSE",
                "source": "hotkey",
                "_t": "13:38:10",
                "_end": "-",
                "data": {
                    "key": "space"
                }
            },
            {
                "time": "2019-09-16T19:38:15.284Z",
                "type": "PLAY",
                "source": "hotkey",
                "_t": "13:38:15",
                "_end": "-",
                "data": {
                    "key": "space"
                }
            },
            {
                "time": "2019-09-16T19:38:16.852Z",
                "type": "PAUSE",
                "source": "hotkey",
                "_t": "13:38:16",
                "_end": "-",
                "data": {
                    "key": "space"
                }
            },
            {
                "time": "2019-09-16T19:38:17.973Z",
                "type": "SKIP",
                "source": "hotkey",
                "_t": "13:38:17",
                "_end": "-",
                "data": {
                    "t": 16.42,
                    "Δt": -1,
                    "key": "left"
                }
            },
            {
                "time": "2019-09-16T19:38:18.130Z",
                "type": "SKIP",
                "source": "hotkey",
                "_t": "13:38:18",
                "_end": "-",
                "data": {
                    "t": 15.42,
                    "Δt": -1,
                    "key": "left"
                }
            },
            {
                "time": "2019-09-16T19:38:18.820Z",
                "type": "SKIP",
                "source": "hotkey",
                "_t": "13:38:18",
                "_end": "-",
                "data": {
                    "t": 14.42,
                    "Δt": 1,
                    "key": "right"
                }
            },
            {
                "time": "2019-09-16T19:38:19.476Z",
                "type": "PLAY",
                "source": "hotkey",
                "_t": "13:38:19",
                "_end": "-",
                "data": {
                    "key": "space"
                }
            },
            {
                "time": "2019-09-16T19:38:20.900Z",
                "type": "PAUSE",
                "source": "hotkey",
                "_t": "13:38:20",
                "_end": "-",
                "data": {
                    "key": "space"
                }
            },
            {
                "time": "2019-09-16T19:38:22.852Z",
                "type": "PLAY",
                "source": "hotkey",
                "_t": "13:38:22",
                "_end": "-",
                "data": {
                    "key": "space"
                }
            },
            {
                "time": "2019-09-16T19:38:24.724Z",
                "type": "PAUSE",
                "source": "hotkey",
                "_t": "13:38:24",
                "_end": "-",
                "data": {
                    "key": "space"
                }
            },
            {
                "time": "2019-09-16T19:38:26.407Z",
                "type": "PLAY",
                "source": "hotkey",
                "_t": "13:38:26",
                "_end": "-",
                "data": {
                    "key": "space"
                }
            },
            {
                "time": "2019-09-16T19:38:26.540Z",
                "type": "PAUSE",
                "source": "hotkey",
                "_t": "13:38:26",
                "_end": "-",
                "data": {
                    "key": "space"
                }
            },
            {
                "time": "2019-09-16T19:38:29.336Z",
                "type": "PLAY",
                "source": "hotkey",
                "_t": "13:38:29",
                "_end": "-",
                "data": {
                    "key": "space"
                }
            },
            {
                "time": "2019-09-16T19:38:30.858Z",
                "type": "PAUSE",
                "source": "hotkey",
                "_t": "13:38:30",
                "_end": "-",
                "data": {
                    "key": "space"
                }
            },
            {
                "time": "2019-09-16T19:38:31.946Z",
                "type": "SKIP",
                "source": "hotkey",
                "_t": "13:38:31",
                "_end": "-",
                "data": {
                    "t": 17.906,
                    "Δt": -1,
                    "key": "left"
                }
            },
            {
                "time": "2019-09-16T19:38:32.856Z",
                "type": "PLAY",
                "source": "hotkey",
                "_t": "13:38:32",
                "_end": "-",
                "data": {
                    "key": "space"
                }
            },
            {
                "time": "2019-09-16T19:38:33.860Z",
                "type": "PAUSE",
                "source": "hotkey",
                "_t": "13:38:33",
                "_end": "-",
                "data": {
                    "key": "space"
                }
            },
            {
                "time": "2019-09-16T19:38:35.897Z",
                "type": "PLAY",
                "source": "hotkey",
                "_t": "13:38:35",
                "_end": "-",
                "data": {
                    "key": "space"
                }
            },
            {
                "time": "2019-09-16T19:38:36.041Z",
                "type": "PAUSE",
                "source": "hotkey",
                "_t": "13:38:36",
                "_end": "-",
                "data": {
                    "key": "space"
                }
            },
            {
                "time": "2019-09-16T19:38:39.272Z",
                "type": "PLAY",
                "source": "hotkey",
                "_t": "13:38:39",
                "_end": "-",
                "data": {
                    "key": "space"
                }
            },
            {
                "time": "2019-09-16T19:38:41.606Z",
                "type": "PAUSE",
                "source": "hotkey",
                "_t": "13:38:41",
                "_end": "-",
                "data": {
                    "key": "space"
                }
            },
            {
                "time": "2019-09-16T19:38:43.304Z",
                "type": "PLAY",
                "source": "hotkey",
                "_t": "13:38:43",
                "_end": "-",
                "data": {
                    "key": "space"
                }
            },
            {
                "time": "2019-09-16T19:38:44.021Z",
                "type": "PAUSE",
                "source": "hotkey",
                "_t": "13:38:44",
                "_end": "-",
                "data": {
                    "key": "space"
                }
            },
            {
                "time": "2019-09-16T19:38:45.716Z",
                "type": "PLAY",
                "source": "hotkey",
                "_t": "13:38:45",
                "_end": "-",
                "data": {
                    "key": "space"
                }
            },
            {
                "time": "2019-09-16T19:38:47.925Z",
                "type": "PAUSE",
                "source": "hotkey",
                "_t": "13:38:47",
                "_end": "-",
                "data": {
                    "key": "space"
                }
            },
            {
                "time": "2019-09-16T19:38:49.689Z",
                "type": "PLAY",
                "source": "hotkey",
                "_t": "13:38:49",
                "_end": "-",
                "data": {
                    "key": "space"
                }
            },
            {
                "time": "2019-09-16T19:38:50.420Z",
                "type": "PAUSE",
                "source": "hotkey",
                "_t": "13:38:50",
                "_end": "-",
                "data": {
                    "key": "space"
                }
            }
        ]
    }
}