{
    "user_id": "blue 4",
    "session_id": "5cf0390a81249f67dd06a9d7",
    "study": "studyE",
    "workspace": "gait.gait-blue",
    "details": {
        "workspace": "gait.gait-blue",
        "labels": [
            {
                "time": 2.289138,
                "endTime": 2.685253,
                "type": "orange-on-ground",
                "id": 1
            },
            {
                "time": 3.216984000000136,
                "endTime": 4.479398634146364,
                "type": "orange-on-ground",
                "id": 2
            },
            {
                "time": 4.49752500000014,
                "endTime": 5.903948414634197,
                "type": "orange-on-ground",
                "id": 3
            },
            {
                "time": 5.907568,
                "endTime": 6.910018731707255,
                "type": "orange-in-air",
                "id": 4
            }
        ],
        "_starts": [
            "2019-05-30T20:39:38.000Z"
        ],
        "_ends": [
            "2019-05-30T20:43:30.656Z"
        ]
    },
    "labels_file": "/home/ubuntu/vat/data/user-studies/studyE/gait-blue/blue 4.labels.json",
    "videoFlash": 0.00001,
    "surveys": {
        "user-info": {
            "firstname": "Jo Yu",
            "lastname": "Wu",
            "email": "anita248846@gmail.com"
        },
        "practice-first": {
            "question1": "3",
            "question2": "okay",
            "question3": "10",
            "question4": "4"
        },
        "practice-second": {},
        "practice-third": {},
        "practice-survey": {},
        "drywall-blue": {
            "question1": "3",
            "question2": "3",
            "question3": "30",
            "question4": "40"
        },
        "drywall-red": {
            "question1": "1",
            "question2": "2",
            "question3": "30",
            "question4": "30"
        },
        "drywall-orange": {
            "question1": "3",
            "question2": "4",
            "question3": "50",
            "question4": "30"
        },
        "drywall-survey": {
            "question1": "5",
            "question2": "4",
            "question3": "5",
            "question4": "5"
        }
    },
    "logs": {
        "labelEvents": [
            {
                "time": "2019-05-30T20:41:03.358Z",
                "type": "START",
                "source": "hotkey",
                "_t": "14:41:03",
                "_end": "-",
                "data": {
                    "type": "orange-on-ground",
                    "time": 2.289138
                }
            },
            {
                "time": "2019-05-30T20:41:06.382Z",
                "type": "START",
                "source": "hotkey",
                "_t": "14:41:06",
                "_end": "-",
                "data": {
                    "type": "orange-on-ground",
                    "time": 2.685253
                }
            },
            {
                "time": "2019-05-30T20:41:22.065Z",
                "type": "END",
                "source": "data:click:h_pos",
                "_t": "14:41:22",
                "_end": "-",
                "data": {
                    "lbl": {
                        "time": 0.4264156097560977,
                        "endTime": 2.289138,
                        "type": "orange-on-ground",
                        "id": 2
                    }
                }
            },
            {
                "time": "2019-05-30T20:41:22.593Z",
                "type": "SELECT",
                "source": "data:click",
                "_t": "14:41:22",
                "_end": "-",
                "data": {
                    "time": 0.4264156097560977,
                    "endTime": 2.289138,
                    "type": "orange-on-ground",
                    "id": 2
                }
            },
            {
                "time": "2019-05-30T20:41:24.702Z",
                "type": "DELETE",
                "source": "side-bar:button",
                "_t": "14:41:24",
                "_end": "-",
                "data": {
                    "id": 2,
                    "idx": 1
                }
            },
            {
                "time": "2019-05-30T20:41:55.778Z",
                "type": "START",
                "source": "hotkey",
                "_t": "14:41:55",
                "_end": "-",
                "data": {
                    "type": "orange-in-air",
                    "time": 3.209734
                }
            },
            {
                "time": "2019-05-30T20:41:59.710Z",
                "type": "END",
                "source": "hotkey:h_pos",
                "_t": "14:41:59",
                "_end": "-",
                "data": {
                    "lbl": {
                        "time": 3.216984000000136,
                        "endTime": 4.479398634146364,
                        "type": "orange-on-ground",
                        "id": 2
                    },
                    "key": "enter"
                }
            },
            {
                "time": "2019-05-30T20:42:18.817Z",
                "type": "SELECT",
                "source": "data:click",
                "_t": "14:42:18",
                "_end": "-",
                "data": {
                    "time": 2.289138,
                    "endTime": 2.685253,
                    "type": "orange-on-ground",
                    "id": 1
                }
            },
            {
                "time": "2019-05-30T20:42:18.992Z",
                "type": "DESELECT",
                "source": "data:click",
                "_t": "14:42:18",
                "_end": "-",
                "data": {
                    "time": 2.289138,
                    "endTime": 2.685253,
                    "type": "orange-on-ground",
                    "id": 1
                }
            },
            {
                "time": "2019-05-30T20:42:29.927Z",
                "type": "SELECT",
                "source": "data:click",
                "_t": "14:42:29",
                "_end": "-",
                "data": {
                    "time": 3.216984000000136,
                    "endTime": 4.479398634146364,
                    "type": "orange-on-ground",
                    "id": 2
                }
            },
            {
                "time": {
                    "start": "2019-05-30T20:42:30.898Z",
                    "end": "2019-05-30T20:42:32.687Z"
                },
                "type": "RESIZE",
                "source": "data:brush",
                "_t": "14:42:30",
                "_end": "14:42:32",
                "data": {
                    "brushing": true,
                    "origin": [
                        3.209734,
                        3.3032461951219516
                    ],
                    "_brushside": 1,
                    "start": "2019-05-30T20:42:30.898Z",
                    "ε": 0.1,
                    "mode": "resize"
                }
            },
            {
                "time": "2019-05-30T20:42:33.782Z",
                "type": "DESELECT",
                "source": "data:click",
                "_t": "14:42:33",
                "_end": "-",
                "data": {
                    "time": 3.2097340000000103,
                    "endTime": 3.90172424390244,
                    "type": "orange-in-air",
                    "id": 2
                }
            },
            {
                "time": "2019-05-30T20:42:33.913Z",
                "type": "SELECT",
                "source": "data:click",
                "_t": "14:42:33",
                "_end": "-",
                "data": {
                    "time": 3.216984000000136,
                    "endTime": 4.479398634146364,
                    "type": "orange-on-ground",
                    "id": 2
                }
            },
            {
                "time": "2019-05-30T20:42:34.588Z",
                "type": "DESELECT",
                "source": "data:click",
                "_t": "14:42:34",
                "_end": "-",
                "data": {
                    "time": 3.2097340000000103,
                    "endTime": 3.90172424390244,
                    "type": "orange-in-air",
                    "id": 2
                }
            },
            {
                "time": "2019-05-30T20:42:40.236Z",
                "type": "SELECT",
                "source": "data:click",
                "_t": "14:42:40",
                "_end": "-",
                "data": {
                    "time": 3.216984000000136,
                    "endTime": 4.479398634146364,
                    "type": "orange-on-ground",
                    "id": 2
                }
            },
            {
                "time": {
                    "start": "2019-05-30T20:42:41.842Z",
                    "end": "2019-05-30T20:42:42.974Z"
                },
                "type": "RESIZE",
                "source": "data:brush",
                "_t": "14:42:41",
                "_end": "14:42:42",
                "data": {
                    "brushing": true,
                    "origin": [
                        3.2097340000000103,
                        3.90172424390244
                    ],
                    "_brushside": 1,
                    "start": "2019-05-30T20:42:41.842Z",
                    "ε": 0.1,
                    "mode": "resize"
                }
            },
            {
                "time": "2019-05-30T20:42:44.029Z",
                "type": "DESELECT",
                "source": "data:click",
                "_t": "14:42:44",
                "_end": "-",
                "data": {
                    "time": 3.216984000000136,
                    "endTime": 4.479398634146364,
                    "type": "orange-in-air",
                    "id": 2
                }
            },
            {
                "time": "2019-05-30T20:42:47.513Z",
                "type": "SELECT",
                "source": "data:click",
                "_t": "14:42:47",
                "_end": "-",
                "data": {
                    "time": 3.216984000000136,
                    "endTime": 4.479398634146364,
                    "type": "orange-on-ground",
                    "id": 2
                }
            },
            {
                "time": "2019-05-30T20:42:49.615Z",
                "type": "CHANGE-EVENT-TYPE",
                "source": "side-bar:menu",
                "_t": "14:42:49",
                "_end": "-",
                "data": {
                    "time": 3.216984000000136,
                    "endTime": 4.479398634146364,
                    "type": "orange-in-air",
                    "id": 2
                }
            },
            {
                "time": "2019-05-30T20:42:50.894Z",
                "type": "DESELECT",
                "source": "data:click",
                "_t": "14:42:50",
                "_end": "-",
                "data": {
                    "time": 3.216984000000136,
                    "endTime": 4.479398634146364,
                    "type": "orange-on-ground",
                    "id": 2
                }
            },
            {
                "time": "2019-05-30T20:42:51.050Z",
                "type": "SELECT",
                "source": "data:click",
                "_t": "14:42:51",
                "_end": "-",
                "data": {
                    "time": 3.216984000000136,
                    "endTime": 4.479398634146364,
                    "type": "orange-on-ground",
                    "id": 2
                }
            },
            {
                "time": "2019-05-30T20:42:51.560Z",
                "type": "DESELECT",
                "source": "data:click",
                "_t": "14:42:51",
                "_end": "-",
                "data": {
                    "time": 3.216984000000136,
                    "endTime": 4.479398634146364,
                    "type": "orange-on-ground",
                    "id": 2
                }
            },
            {
                "time": "2019-05-30T20:42:55.106Z",
                "type": "START",
                "source": "hotkey",
                "_t": "14:42:55",
                "_end": "-",
                "data": {
                    "type": "orange-in-air",
                    "time": 4.483512
                }
            },
            {
                "time": "2019-05-30T20:42:57.394Z",
                "type": "END",
                "source": "data:click:h_pos",
                "_t": "14:42:57",
                "_end": "-",
                "data": {
                    "lbl": {
                        "time": 4.49752500000014,
                        "endTime": 5.903948414634197,
                        "type": "orange-on-ground",
                        "id": 3
                    }
                }
            },
            {
                "time": "2019-05-30T20:43:06.370Z",
                "type": "SELECT",
                "source": "data:click",
                "_t": "14:43:06",
                "_end": "-",
                "data": {
                    "time": 4.49752500000014,
                    "endTime": 5.903948414634197,
                    "type": "orange-on-ground",
                    "id": 3
                }
            },
            {
                "time": "2019-05-30T20:43:08.655Z",
                "type": "DESELECT",
                "source": "data:click",
                "_t": "14:43:08",
                "_end": "-",
                "data": {
                    "time": 4.483512,
                    "endTime": 5.448557853658571,
                    "type": "orange-in-air",
                    "id": 3
                }
            },
            {
                "time": "2019-05-30T20:43:14.624Z",
                "type": "SELECT",
                "source": "data:click",
                "_t": "14:43:14",
                "_end": "-",
                "data": {
                    "time": 4.49752500000014,
                    "endTime": 5.903948414634197,
                    "type": "orange-on-ground",
                    "id": 3
                }
            },
            {
                "time": {
                    "start": "2019-05-30T20:43:15.650Z",
                    "end": "2019-05-30T20:43:17.784Z"
                },
                "type": "RESIZE",
                "source": "data:brush",
                "_t": "14:43:15",
                "_end": "14:43:17",
                "data": {
                    "brushing": true,
                    "origin": [
                        4.483512,
                        5.448557853658571
                    ],
                    "_brushside": 1,
                    "start": "2019-05-30T20:43:15.650Z",
                    "ε": 0.1,
                    "mode": "resize"
                }
            },
            {
                "time": "2019-05-30T20:43:18.742Z",
                "type": "DESELECT",
                "source": "data:click",
                "_t": "14:43:18",
                "_end": "-",
                "data": {
                    "time": 4.49752500000014,
                    "endTime": 5.903948414634197,
                    "type": "orange-in-air",
                    "id": 3
                }
            },
            {
                "time": "2019-05-30T20:43:20.290Z",
                "type": "SELECT",
                "source": "data:click",
                "_t": "14:43:20",
                "_end": "-",
                "data": {
                    "time": 4.49752500000014,
                    "endTime": 5.903948414634197,
                    "type": "orange-on-ground",
                    "id": 3
                }
            },
            {
                "time": "2019-05-30T20:43:22.591Z",
                "type": "CHANGE-EVENT-TYPE",
                "source": "side-bar:menu",
                "_t": "14:43:22",
                "_end": "-",
                "data": {
                    "time": 4.49752500000014,
                    "endTime": 5.903948414634197,
                    "type": "orange-in-air",
                    "id": 3
                }
            },
            {
                "time": "2019-05-30T20:43:23.709Z",
                "type": "DESELECT",
                "source": "data:click",
                "_t": "14:43:23",
                "_end": "-",
                "data": {
                    "time": 4.49752500000014,
                    "endTime": 5.903948414634197,
                    "type": "orange-on-ground",
                    "id": 3
                }
            },
            {
                "time": "2019-05-30T20:43:26.161Z",
                "type": "START",
                "source": "hotkey",
                "_t": "14:43:26",
                "_end": "-",
                "data": {
                    "type": "orange-in-air",
                    "time": 5.907568
                }
            },
            {
                "time": "2019-05-30T20:43:27.692Z",
                "type": "END",
                "source": "data:click:h_pos",
                "_t": "14:43:27",
                "_end": "-",
                "data": {
                    "lbl": {
                        "time": 5.907568,
                        "endTime": 6.910018731707255,
                        "type": "orange-in-air",
                        "id": 4
                    }
                }
            }
        ],
        "navigationEvents": [
            {
                "time": "2019-05-30T20:40:31.359Z",
                "type": "PLAY",
                "source": "video:button",
                "_t": "14:40:31",
                "_end": "-"
            },
            {
                "time": "2019-05-30T20:40:32.326Z",
                "type": "PAUSE",
                "source": "video:button",
                "_t": "14:40:32",
                "_end": "-"
            },
            {
                "time": "2019-05-30T20:40:36.733Z",
                "type": "CHANGE-PLAYBACK-RATE",
                "source": "video:menu",
                "_t": "14:40:36",
                "_end": "-",
                "data": {
                    "oldRate": 1,
                    "newRate": 0.5
                }
            },
            {
                "time": "2019-05-30T20:40:38.070Z",
                "type": "PLAY",
                "source": "video:button",
                "_t": "14:40:38",
                "_end": "-"
            },
            {
                "time": "2019-05-30T20:40:40.217Z",
                "type": "PAUSE",
                "source": "video:button",
                "_t": "14:40:40",
                "_end": "-"
            },
            {
                "time": {
                    "start": "2019-05-30T20:39:38.211Z",
                    "end": "2019-05-30T20:40:45.084Z"
                },
                "type": "SCRUB",
                "source": "data:drag",
                "_t": "14:39:38",
                "_end": "14:40:45",
                "data": {
                    "time": 1.816913
                }
            },
            {
                "time": {
                    "start": "2019-05-30T20:39:38.211Z",
                    "end": "2019-05-30T20:40:45.270Z"
                },
                "type": "SCRUB",
                "source": "data:drag",
                "_t": "14:39:38",
                "_end": "14:40:45",
                "data": {
                    "time": 1.816913
                }
            },
            {
                "time": "2019-05-30T20:40:45.274Z",
                "type": "JUMP",
                "source": "data:dblclick:h_pos",
                "_t": "14:40:45",
                "_end": "-",
                "data": {
                    "from": 1.816913,
                    "to": 1.7065686097560973
                }
            },
            {
                "time": {
                    "start": "2019-05-30T20:39:38.211Z",
                    "end": "2019-05-30T20:40:48.014Z"
                },
                "type": "SCRUB",
                "source": "data:drag",
                "_t": "14:39:38",
                "_end": "14:40:48",
                "data": {
                    "time": 1.706568
                }
            },
            {
                "time": {
                    "start": "2019-05-30T20:39:38.211Z",
                    "end": "2019-05-30T20:40:48.214Z"
                },
                "type": "SCRUB",
                "source": "data:drag",
                "_t": "14:39:38",
                "_end": "14:40:48",
                "data": {
                    "time": 1.706568
                }
            },
            {
                "time": "2019-05-30T20:40:48.219Z",
                "type": "JUMP",
                "source": "data:dblclick:h_pos",
                "_t": "14:40:48",
                "_end": "-",
                "data": {
                    "from": 1.706568,
                    "to": 1.5345055609756095
                }
            },
            {
                "time": {
                    "start": "2019-05-30T20:39:38.211Z",
                    "end": "2019-05-30T20:40:49.549Z"
                },
                "type": "SCRUB",
                "source": "data:drag",
                "_t": "14:39:38",
                "_end": "14:40:49",
                "data": {
                    "time": 1.534505
                }
            },
            {
                "time": {
                    "start": "2019-05-30T20:39:38.211Z",
                    "end": "2019-05-30T20:40:49.725Z"
                },
                "type": "SCRUB",
                "source": "data:drag",
                "_t": "14:39:38",
                "_end": "14:40:49",
                "data": {
                    "time": 1.534505
                }
            },
            {
                "time": "2019-05-30T20:40:49.729Z",
                "type": "JUMP",
                "source": "data:dblclick:h_pos",
                "_t": "14:40:49",
                "_end": "-",
                "data": {
                    "from": 1.534505,
                    "to": 1.700956707317073
                }
            },
            {
                "time": "2019-05-30T20:40:53.542Z",
                "type": "PLAY",
                "source": "video:button",
                "_t": "14:40:53",
                "_end": "-"
            },
            {
                "time": "2019-05-30T20:40:54.189Z",
                "type": "PAUSE",
                "source": "video:button",
                "_t": "14:40:54",
                "_end": "-"
            },
            {
                "time": "2019-05-30T20:40:55.430Z",
                "type": "PLAY",
                "source": "video:button",
                "_t": "14:40:55",
                "_end": "-"
            },
            {
                "time": "2019-05-30T20:40:56.158Z",
                "type": "PAUSE",
                "source": "video:button",
                "_t": "14:40:56",
                "_end": "-"
            },
            {
                "time": {
                    "start": "2019-05-30T20:39:38.211Z",
                    "end": "2019-05-30T20:41:00.934Z"
                },
                "type": "SCRUB",
                "source": "data:drag",
                "_t": "14:39:38",
                "_end": "14:41:00",
                "data": {
                    "time": 2.369559
                }
            },
            {
                "time": {
                    "start": "2019-05-30T20:39:38.211Z",
                    "end": "2019-05-30T20:41:01.102Z"
                },
                "type": "SCRUB",
                "source": "data:drag",
                "_t": "14:39:38",
                "_end": "14:41:01",
                "data": {
                    "time": 2.369559
                }
            },
            {
                "time": "2019-05-30T20:41:01.106Z",
                "type": "JUMP",
                "source": "data:dblclick:h_pos",
                "_t": "14:41:01",
                "_end": "-",
                "data": {
                    "from": 2.369559,
                    "to": 2.289138512195122
                }
            },
            {
                "time": "2019-05-30T20:41:05.584Z",
                "type": "PLAY",
                "source": "hotkey",
                "_t": "14:41:05",
                "_end": "-",
                "data": {
                    "key": "space"
                }
            },
            {
                "time": "2019-05-30T20:41:11.862Z",
                "type": "PAUSE",
                "source": "video:button",
                "_t": "14:41:11",
                "_end": "-"
            },
            {
                "time": "2019-05-30T20:41:13.884Z",
                "type": "CHANGE-PLAYBACK-RATE",
                "source": "video:menu",
                "_t": "14:41:13",
                "_end": "-",
                "data": {
                    "oldRate": 0.5,
                    "newRate": 0.25
                }
            },
            {
                "time": {
                    "start": "2019-05-30T20:41:15.965Z",
                    "end": "2019-05-30T20:41:16.560Z"
                },
                "type": "SCRUB",
                "source": "video:drag",
                "_t": "14:41:15",
                "_end": "14:41:16",
                "data": {
                    "to": 0,
                    "from": 5.425485
                }
            },
            {
                "time": {
                    "start": "2019-05-30T20:39:38.211Z",
                    "end": "2019-05-30T20:41:22.062Z"
                },
                "type": "SCRUB",
                "source": "data:drag",
                "_t": "14:39:38",
                "_end": "14:41:22",
                "data": {
                    "time": 0
                }
            },
            {
                "time": {
                    "start": "2019-05-30T20:39:38.211Z",
                    "end": "2019-05-30T20:41:22.590Z"
                },
                "type": "SCRUB",
                "source": "data:drag",
                "_t": "14:39:38",
                "_end": "14:41:22",
                "data": {
                    "time": 0
                }
            },
            {
                "time": {
                    "start": "2019-05-30T20:39:38.211Z",
                    "end": "2019-05-30T20:41:32.919Z"
                },
                "type": "SCRUB",
                "source": "data:drag",
                "_t": "14:39:38",
                "_end": "14:41:32",
                "data": {
                    "time": 0
                }
            },
            {
                "time": {
                    "start": "2019-05-30T20:39:38.211Z",
                    "end": "2019-05-30T20:41:33.111Z"
                },
                "type": "SCRUB",
                "source": "data:drag",
                "_t": "14:39:38",
                "_end": "14:41:33",
                "data": {
                    "time": 0
                }
            },
            {
                "time": "2019-05-30T20:41:33.115Z",
                "type": "JUMP",
                "source": "data:dblclick:h_pos",
                "_t": "14:41:33",
                "_end": "-",
                "data": {
                    "from": 0,
                    "to": 0.7817619512195128
                }
            },
            {
                "time": "2019-05-30T20:41:35.095Z",
                "type": "PLAY",
                "source": "video:button",
                "_t": "14:41:35",
                "_end": "-"
            },
            {
                "time": "2019-05-30T20:41:39.078Z",
                "type": "PAUSE",
                "source": "video:button",
                "_t": "14:41:39",
                "_end": "-"
            },
            {
                "time": "2019-05-30T20:41:42.502Z",
                "type": "PLAY",
                "source": "video:button",
                "_t": "14:41:42",
                "_end": "-"
            },
            {
                "time": "2019-05-30T20:41:44.502Z",
                "type": "PAUSE",
                "source": "video:button",
                "_t": "14:41:44",
                "_end": "-"
            },
            {
                "time": "2019-05-30T20:41:46.015Z",
                "type": "PLAY",
                "source": "video:button",
                "_t": "14:41:46",
                "_end": "-"
            },
            {
                "time": "2019-05-30T20:41:50.134Z",
                "type": "PAUSE",
                "source": "video:button",
                "_t": "14:41:50",
                "_end": "-"
            },
            {
                "time": {
                    "start": "2019-05-30T20:39:38.211Z",
                    "end": "2019-05-30T20:41:51.333Z"
                },
                "type": "SCRUB",
                "source": "data:drag",
                "_t": "14:39:38",
                "_end": "14:41:51",
                "data": {
                    "time": 3.306881
                }
            },
            {
                "time": {
                    "start": "2019-05-30T20:39:38.211Z",
                    "end": "2019-05-30T20:41:51.487Z"
                },
                "type": "SCRUB",
                "source": "data:drag",
                "_t": "14:39:38",
                "_end": "14:41:51",
                "data": {
                    "time": 3.306881
                }
            },
            {
                "time": "2019-05-30T20:41:51.491Z",
                "type": "JUMP",
                "source": "data:dblclick:h_pos",
                "_t": "14:41:51",
                "_end": "-",
                "data": {
                    "from": 3.306881,
                    "to": 3.209734219512195
                }
            },
            {
                "time": "2019-05-30T20:41:57.855Z",
                "type": "PLAY",
                "source": "hotkey",
                "_t": "14:41:57",
                "_end": "-",
                "data": {
                    "key": "space"
                }
            },
            {
                "time": "2019-05-30T20:42:06.778Z",
                "type": "PAUSE",
                "source": "video:button",
                "_t": "14:42:06",
                "_end": "-"
            },
            {
                "time": {
                    "start": "2019-05-30T20:39:38.211Z",
                    "end": "2019-05-30T20:42:09.903Z"
                },
                "type": "SCRUB",
                "source": "data:drag",
                "_t": "14:39:38",
                "_end": "14:42:09",
                "data": {
                    "time": 5.440455
                }
            },
            {
                "time": {
                    "start": "2019-05-30T20:39:38.211Z",
                    "end": "2019-05-30T20:42:11.503Z"
                },
                "type": "SCRUB",
                "source": "data:drag",
                "_t": "14:39:38",
                "_end": "14:42:11",
                "data": {
                    "time": 5.440455
                }
            },
            {
                "time": {
                    "start": "2019-05-30T20:39:38.211Z",
                    "end": "2019-05-30T20:42:11.671Z"
                },
                "type": "SCRUB",
                "source": "data:drag",
                "_t": "14:39:38",
                "_end": "14:42:11",
                "data": {
                    "time": 5.440455
                }
            },
            {
                "time": "2019-05-30T20:42:11.675Z",
                "type": "JUMP",
                "source": "data:dblclick:h_pos",
                "_t": "14:42:11",
                "_end": "-",
                "data": {
                    "from": 5.440455,
                    "to": 3.31024719512195
                }
            },
            {
                "time": {
                    "start": "2019-05-30T20:39:38.211Z",
                    "end": "2019-05-30T20:42:18.815Z"
                },
                "type": "SCRUB",
                "source": "data:drag",
                "_t": "14:39:38",
                "_end": "14:42:18",
                "data": {
                    "time": 3.310247
                }
            },
            {
                "time": {
                    "start": "2019-05-30T20:39:38.211Z",
                    "end": "2019-05-30T20:42:18.991Z"
                },
                "type": "SCRUB",
                "source": "data:drag",
                "_t": "14:39:38",
                "_end": "14:42:18",
                "data": {
                    "time": 3.310247
                }
            },
            {
                "time": "2019-05-30T20:42:18.993Z",
                "type": "JUMP",
                "source": "data:dblclick:h_pos",
                "_t": "14:42:18",
                "_end": "-",
                "data": {
                    "from": 3.310247,
                    "to": 2.683715292682926
                }
            },
            {
                "time": "2019-05-30T20:42:24.151Z",
                "type": "PLAY",
                "source": "video:button",
                "_t": "14:42:24",
                "_end": "-"
            },
            {
                "time": "2019-05-30T20:42:29.071Z",
                "type": "PAUSE",
                "source": "video:button",
                "_t": "14:42:29",
                "_end": "-"
            },
            {
                "time": {
                    "start": "2019-05-30T20:39:38.211Z",
                    "end": "2019-05-30T20:42:29.926Z"
                },
                "type": "SCRUB",
                "source": "data:drag",
                "_t": "14:39:38",
                "_end": "14:42:29",
                "data": {
                    "time": 3.913656
                }
            },
            {
                "time": {
                    "start": "2019-05-30T20:39:38.211Z",
                    "end": "2019-05-30T20:42:32.708Z"
                },
                "type": "SCRUB",
                "source": "data:drag",
                "_t": "14:39:38",
                "_end": "14:42:32",
                "data": {
                    "time": 3.913656
                }
            },
            {
                "time": {
                    "start": "2019-05-30T20:39:38.211Z",
                    "end": "2019-05-30T20:42:33.781Z"
                },
                "type": "SCRUB",
                "source": "data:drag",
                "_t": "14:39:38",
                "_end": "14:42:33",
                "data": {
                    "time": 3.913656
                }
            },
            {
                "time": {
                    "start": "2019-05-30T20:39:38.211Z",
                    "end": "2019-05-30T20:42:33.911Z"
                },
                "type": "SCRUB",
                "source": "data:drag",
                "_t": "14:39:38",
                "_end": "14:42:33",
                "data": {
                    "time": 3.913656
                }
            },
            {
                "time": {
                    "start": "2019-05-30T20:39:38.211Z",
                    "end": "2019-05-30T20:42:34.588Z"
                },
                "type": "SCRUB",
                "source": "data:drag",
                "_t": "14:39:38",
                "_end": "14:42:34",
                "data": {
                    "time": 3.913656
                }
            },
            {
                "time": "2019-05-30T20:42:37.103Z",
                "type": "PLAY",
                "source": "video:button",
                "_t": "14:42:37",
                "_end": "-"
            },
            {
                "time": "2019-05-30T20:42:39.383Z",
                "type": "PAUSE",
                "source": "video:button",
                "_t": "14:42:39",
                "_end": "-"
            },
            {
                "time": {
                    "start": "2019-05-30T20:39:38.211Z",
                    "end": "2019-05-30T20:42:40.235Z"
                },
                "type": "SCRUB",
                "source": "data:drag",
                "_t": "14:39:38",
                "_end": "14:42:40",
                "data": {
                    "time": 4.483512
                }
            },
            {
                "time": {
                    "start": "2019-05-30T20:39:38.211Z",
                    "end": "2019-05-30T20:42:42.979Z"
                },
                "type": "SCRUB",
                "source": "data:drag",
                "_t": "14:39:38",
                "_end": "14:42:42",
                "data": {
                    "time": 4.483512
                }
            },
            {
                "time": {
                    "start": "2019-05-30T20:39:38.211Z",
                    "end": "2019-05-30T20:42:44.028Z"
                },
                "type": "SCRUB",
                "source": "data:drag",
                "_t": "14:39:38",
                "_end": "14:42:44",
                "data": {
                    "time": 4.483512
                }
            },
            {
                "time": {
                    "start": "2019-05-30T20:39:38.211Z",
                    "end": "2019-05-30T20:42:47.511Z"
                },
                "type": "SCRUB",
                "source": "data:drag",
                "_t": "14:39:38",
                "_end": "14:42:47",
                "data": {
                    "time": 4.483512
                }
            },
            {
                "time": {
                    "start": "2019-05-30T20:39:38.211Z",
                    "end": "2019-05-30T20:42:50.893Z"
                },
                "type": "SCRUB",
                "source": "data:drag",
                "_t": "14:39:38",
                "_end": "14:42:50",
                "data": {
                    "time": 4.483512
                }
            },
            {
                "time": {
                    "start": "2019-05-30T20:39:38.211Z",
                    "end": "2019-05-30T20:42:51.047Z"
                },
                "type": "SCRUB",
                "source": "data:drag",
                "_t": "14:39:38",
                "_end": "14:42:51",
                "data": {
                    "time": 4.483512
                }
            },
            {
                "time": {
                    "start": "2019-05-30T20:39:38.211Z",
                    "end": "2019-05-30T20:42:51.559Z"
                },
                "type": "SCRUB",
                "source": "data:drag",
                "_t": "14:39:38",
                "_end": "14:42:51",
                "data": {
                    "time": 4.483512
                }
            },
            {
                "time": {
                    "start": "2019-05-30T20:39:38.211Z",
                    "end": "2019-05-30T20:42:57.391Z"
                },
                "type": "SCRUB",
                "source": "data:drag",
                "_t": "14:39:38",
                "_end": "14:42:57",
                "data": {
                    "time": 4.483512
                }
            },
            {
                "time": {
                    "start": "2019-05-30T20:39:38.211Z",
                    "end": "2019-05-30T20:42:58.631Z"
                },
                "type": "SCRUB",
                "source": "data:drag",
                "_t": "14:39:38",
                "_end": "14:42:58",
                "data": {
                    "time": 4.483512
                }
            },
            {
                "time": {
                    "start": "2019-05-30T20:39:38.211Z",
                    "end": "2019-05-30T20:42:58.795Z"
                },
                "type": "SCRUB",
                "source": "data:drag",
                "_t": "14:39:38",
                "_end": "14:42:58",
                "data": {
                    "time": 4.483512
                }
            },
            {
                "time": "2019-05-30T20:42:58.797Z",
                "type": "JUMP",
                "source": "data:dblclick:h_pos",
                "_t": "14:42:58",
                "_end": "-",
                "data": {
                    "from": 4.483512,
                    "to": 5.456038829268328
                }
            },
            {
                "time": "2019-05-30T20:43:01.592Z",
                "type": "PLAY",
                "source": "video:button",
                "_t": "14:43:01",
                "_end": "-"
            },
            {
                "time": "2019-05-30T20:43:03.327Z",
                "type": "PAUSE",
                "source": "video:button",
                "_t": "14:43:03",
                "_end": "-"
            },
            {
                "time": {
                    "start": "2019-05-30T20:39:38.211Z",
                    "end": "2019-05-30T20:43:04.175Z"
                },
                "type": "SCRUB",
                "source": "data:drag",
                "_t": "14:39:38",
                "_end": "14:43:04",
                "data": {
                    "time": 5.889872
                }
            },
            {
                "time": {
                    "start": "2019-05-30T20:39:38.211Z",
                    "end": "2019-05-30T20:43:06.367Z"
                },
                "type": "SCRUB",
                "source": "data:drag",
                "_t": "14:39:38",
                "_end": "14:43:06",
                "data": {
                    "time": 5.889872
                }
            },
            {
                "time": {
                    "start": "2019-05-30T20:39:38.211Z",
                    "end": "2019-05-30T20:43:08.654Z"
                },
                "type": "SCRUB",
                "source": "data:drag",
                "_t": "14:39:38",
                "_end": "14:43:08",
                "data": {
                    "time": 5.889872
                }
            },
            {
                "time": {
                    "start": "2019-05-30T20:39:38.211Z",
                    "end": "2019-05-30T20:43:08.799Z"
                },
                "type": "SCRUB",
                "source": "data:drag",
                "_t": "14:39:38",
                "_end": "14:43:08",
                "data": {
                    "time": 5.889872
                }
            },
            {
                "time": "2019-05-30T20:43:08.805Z",
                "type": "JUMP",
                "source": "data:dblclick:h_pos",
                "_t": "14:43:08",
                "_end": "-",
                "data": {
                    "from": 5.889872,
                    "to": 5.455975414634131
                }
            },
            {
                "time": "2019-05-30T20:43:11.000Z",
                "type": "PLAY",
                "source": "video:button",
                "_t": "14:43:11",
                "_end": "-"
            },
            {
                "time": "2019-05-30T20:43:12.806Z",
                "type": "PAUSE",
                "source": "video:button",
                "_t": "14:43:12",
                "_end": "-"
            },
            {
                "time": {
                    "start": "2019-05-30T20:39:38.211Z",
                    "end": "2019-05-30T20:43:14.622Z"
                },
                "type": "SCRUB",
                "source": "data:drag",
                "_t": "14:39:38",
                "_end": "14:43:14",
                "data": {
                    "time": 5.907568
                }
            },
            {
                "time": {
                    "start": "2019-05-30T20:39:38.211Z",
                    "end": "2019-05-30T20:43:17.792Z"
                },
                "type": "SCRUB",
                "source": "data:drag",
                "_t": "14:39:38",
                "_end": "14:43:17",
                "data": {
                    "time": 5.907568
                }
            },
            {
                "time": {
                    "start": "2019-05-30T20:39:38.211Z",
                    "end": "2019-05-30T20:43:18.741Z"
                },
                "type": "SCRUB",
                "source": "data:drag",
                "_t": "14:39:38",
                "_end": "14:43:18",
                "data": {
                    "time": 5.907568
                }
            },
            {
                "time": {
                    "start": "2019-05-30T20:39:38.211Z",
                    "end": "2019-05-30T20:43:20.288Z"
                },
                "type": "SCRUB",
                "source": "data:drag",
                "_t": "14:39:38",
                "_end": "14:43:20",
                "data": {
                    "time": 5.907568
                }
            },
            {
                "time": {
                    "start": "2019-05-30T20:39:38.211Z",
                    "end": "2019-05-30T20:43:23.708Z"
                },
                "type": "SCRUB",
                "source": "data:drag",
                "_t": "14:39:38",
                "_end": "14:43:23",
                "data": {
                    "time": 5.907568
                }
            },
            {
                "time": {
                    "start": "2019-05-30T20:39:38.211Z",
                    "end": "2019-05-30T20:43:27.689Z"
                },
                "type": "SCRUB",
                "source": "data:drag",
                "_t": "14:39:38",
                "_end": "14:43:27",
                "data": {
                    "time": 5.907568
                }
            },
            {
                "time": "2019-05-30T20:43:29.641Z",
                "type": "PLAY",
                "source": "video:button",
                "_t": "14:43:29",
                "_end": "-"
            }
        ]
    }
}