[{"time":0.001526,"endTime":0.311987,"type":"orange-on-ground","id":1},{"time":0.311987,"endTime":0.624318,"type":"orange-in-air","id":2},{"time":0.624318,"endTime":1.611807,"type":"orange-on-ground","id":3},{"time":1.613677,"endTime":2.1130309512195122,"type":"orange-in-air","id":4},{"time":2.114902,"endTime":3.156628,"type":"orange-on-ground","id":5},{"time":3.156628,"endTime":3.822435,"type":"orange-in-air","id":6},{"time":3.822435,"endTime":4.396599414634038,"type":"orange-on-ground","id":7},{"time":4.40034,"endTime":4.40034,"type":"orange-in-air","id":9},{"time":4.39847,"endTime":4.40034,"type":"orange-in-air","id":10},{"time":4.40969,"endTime":5.356033,"type":"orange-in-air","id":11},{"time":5.359773,"endTime":5.849777512195122,"type":"orange-on-ground","id":12},{"time":5.849778,"endTime":6.925167926829252,"type":"orange-in-air","id":13},{"time":6.930779,"endTime":7.329141,"type":"orange-on-ground","id":14},{"time":7.334751,"endTime":8.344683487804877,"type":"orange-in-air","id":15},{"time":8.348424,"endTime":8.834687,"type":"orange-on-ground","id":16}]