{
    "user_id": "green5",
    "session_id": "5d4c737a81249f67dd06ac47",
    "study": "studyE",
    "workspace": "gait.gait-blue",
    "details": {
        "workspace": "gait.gait-blue",
        "labels": [
            {
                "time": 0,
                "endTime": 0.356,
                "type": "orange-on-ground",
                "id": 1
            },
            {
                "time": 0.356,
                "endTime": 0.838,
                "type": "orange-in-air",
                "id": 2
            },
            {
                "time": 0.838,
                "endTime": 1.724,
                "type": "orange-on-ground",
                "id": 3
            },
            {
                "time": 1.724,
                "endTime": 2.282,
                "type": "orange-in-air",
                "id": 4
            },
            {
                "time": 2.282,
                "endTime": 3.252,
                "type": "orange-on-ground",
                "id": 5
            },
            {
                "time": 3.252,
                "endTime": 3.858,
                "type": "orange-in-air",
                "id": 6
            },
            {
                "time": 3.858,
                "endTime": 4.396868,
                "type": "orange-on-ground",
                "id": 7
            },
            {
                "time": 4.396868,
                "endTime": 5.316,
                "type": "orange-in-air",
                "id": 8
            },
            {
                "time": 5.316,
                "endTime": 5.916,
                "type": "orange-on-ground",
                "id": 9
            },
            {
                "time": 5.916,
                "endTime": 6.806551,
                "type": "orange-in-air",
                "id": 10
            },
            {
                "time": 6.806551,
                "endTime": 7.362,
                "type": "orange-on-ground",
                "id": 11
            },
            {
                "time": 7.362,
                "endTime": 8.258367,
                "type": "orange-in-air",
                "id": 12
            },
            {
                "time": 8.258367,
                "endTime": 8.860478,
                "type": "orange-on-ground",
                "id": 13
            },
            {
                "time": 8.860478,
                "endTime": 9.782,
                "type": "orange-in-air",
                "id": 14
            },
            {
                "time": 9.782,
                "endTime": 10.306,
                "type": "orange-on-ground",
                "id": 15
            },
            {
                "time": 10.306,
                "endTime": 11.186,
                "type": "orange-in-air",
                "id": 16
            },
            {
                "time": 11.186,
                "endTime": 11.76342046341464,
                "type": "orange-on-ground",
                "id": 17
            }
        ],
        "_starts": [
            "2019-08-08T19:38:17.000Z"
        ],
        "_ends": [
            "2019-08-08T19:42:10.237Z"
        ]
    },
    "labels_file": "/home/ubuntu/vat/data/user-studies/studyE/gait-blue/green5.labels.json",
    "videoFlash": 0.00001,
    "surveys": {
        "user-info": {
            "firstname": "Kate",
            "lastname": "Allen",
            "email": "kateallen2016@gmail.com"
        },
        "practice-first": {
            "question1": "5",
            "question2": "ok",
            "question3": "50",
            "question4": "4"
        },
        "drywall-blue": {
            "question1": "4",
            "question2": "4",
            "question3": "30",
            "question4": "70"
        },
        "drywall-red": {
            "question1": "2",
            "question2": "3",
            "question3": "40",
            "question4": "50"
        },
        "drywall-orange": {
            "question1": "1",
            "question2": "1",
            "question3": "20",
            "question4": "40"
        },
        "drywall-survey": {
            "question1": "5",
            "question2": "4",
            "question3": "5",
            "question4": "4"
        }
    },
    "logs": {
        "labelEvents": [
            {
                "time": "2019-08-08T19:39:27.130Z",
                "type": "START",
                "source": "side-bar:button",
                "_t": "13:39:27",
                "_end": "-",
                "data": {
                    "type": "orange-on-ground",
                    "time": 0
                }
            },
            {
                "time": "2019-08-08T19:39:30.464Z",
                "type": "END",
                "source": "side-bar:button:ctb",
                "_t": "13:39:30",
                "_end": "-",
                "data": {
                    "lbl": {
                        "time": 0,
                        "endTime": 0.356,
                        "type": "orange-on-ground",
                        "id": 1
                    }
                }
            },
            {
                "time": "2019-08-08T19:39:32.875Z",
                "type": "START",
                "source": "side-bar:button",
                "_t": "13:39:32",
                "_end": "-",
                "data": {
                    "type": "orange-in-air",
                    "time": 0.356
                }
            },
            {
                "time": "2019-08-08T19:39:36.143Z",
                "type": "END",
                "source": "side-bar:button:ctb",
                "_t": "13:39:36",
                "_end": "-",
                "data": {
                    "lbl": {
                        "time": 0.356,
                        "endTime": 0.838,
                        "type": "orange-in-air",
                        "id": 2
                    }
                }
            },
            {
                "time": "2019-08-08T19:39:36.798Z",
                "type": "START",
                "source": "side-bar:button",
                "_t": "13:39:36",
                "_end": "-",
                "data": {
                    "type": "orange-on-ground",
                    "time": 0.838
                }
            },
            {
                "time": "2019-08-08T19:39:42.732Z",
                "type": "END",
                "source": "side-bar:button:ctb",
                "_t": "13:39:42",
                "_end": "-",
                "data": {
                    "lbl": {
                        "time": 0.838,
                        "endTime": 1.724,
                        "type": "orange-on-ground",
                        "id": 3
                    }
                }
            },
            {
                "time": "2019-08-08T19:39:43.315Z",
                "type": "START",
                "source": "side-bar:button",
                "_t": "13:39:43",
                "_end": "-",
                "data": {
                    "type": "orange-in-air",
                    "time": 1.724
                }
            },
            {
                "time": "2019-08-08T19:39:46.227Z",
                "type": "END",
                "source": "side-bar:button:ctb",
                "_t": "13:39:46",
                "_end": "-",
                "data": {
                    "lbl": {
                        "time": 1.724,
                        "endTime": 2.282,
                        "type": "orange-in-air",
                        "id": 4
                    }
                }
            },
            {
                "time": "2019-08-08T19:39:46.921Z",
                "type": "START",
                "source": "side-bar:button",
                "_t": "13:39:46",
                "_end": "-",
                "data": {
                    "type": "orange-on-ground",
                    "time": 2.282
                }
            },
            {
                "time": "2019-08-08T19:39:50.411Z",
                "type": "END",
                "source": "side-bar:button:ctb",
                "_t": "13:39:50",
                "_end": "-",
                "data": {
                    "lbl": {
                        "time": 2.282,
                        "endTime": 3.252,
                        "type": "orange-on-ground",
                        "id": 5
                    }
                }
            },
            {
                "time": "2019-08-08T19:39:51.387Z",
                "type": "START",
                "source": "side-bar:button",
                "_t": "13:39:51",
                "_end": "-",
                "data": {
                    "type": "orange-in-air",
                    "time": 3.252
                }
            },
            {
                "time": "2019-08-08T19:39:54.063Z",
                "type": "END",
                "source": "side-bar:button:ctb",
                "_t": "13:39:54",
                "_end": "-",
                "data": {
                    "lbl": {
                        "time": 3.252,
                        "endTime": 3.858,
                        "type": "orange-in-air",
                        "id": 6
                    }
                }
            },
            {
                "time": "2019-08-08T19:39:54.593Z",
                "type": "START",
                "source": "side-bar:button",
                "_t": "13:39:54",
                "_end": "-",
                "data": {
                    "type": "orange-on-ground",
                    "time": 3.858
                }
            },
            {
                "time": "2019-08-08T19:40:39.528Z",
                "type": "END",
                "source": "side-bar:button:ctb",
                "_t": "13:40:39",
                "_end": "-",
                "data": {
                    "lbl": {
                        "time": 3.858,
                        "endTime": 4.396868,
                        "type": "orange-on-ground",
                        "id": 7
                    }
                }
            },
            {
                "time": "2019-08-08T19:40:41.133Z",
                "type": "START",
                "source": "side-bar:button",
                "_t": "13:40:41",
                "_end": "-",
                "data": {
                    "type": "orange-in-air",
                    "time": 4.396868
                }
            },
            {
                "time": "2019-08-08T19:40:45.908Z",
                "type": "END",
                "source": "side-bar:button:ctb",
                "_t": "13:40:45",
                "_end": "-",
                "data": {
                    "lbl": {
                        "time": 4.396868,
                        "endTime": 5.316,
                        "type": "orange-in-air",
                        "id": 8
                    }
                }
            },
            {
                "time": "2019-08-08T19:40:46.883Z",
                "type": "START",
                "source": "side-bar:button",
                "_t": "13:40:46",
                "_end": "-",
                "data": {
                    "type": "orange-on-ground",
                    "time": 5.316
                }
            },
            {
                "time": "2019-08-08T19:40:51.604Z",
                "type": "END",
                "source": "side-bar:button:ctb",
                "_t": "13:40:51",
                "_end": "-",
                "data": {
                    "lbl": {
                        "time": 5.316,
                        "endTime": 5.916,
                        "type": "orange-on-ground",
                        "id": 9
                    }
                }
            },
            {
                "time": "2019-08-08T19:40:52.281Z",
                "type": "START",
                "source": "side-bar:button",
                "_t": "13:40:52",
                "_end": "-",
                "data": {
                    "type": "orange-in-air",
                    "time": 5.916
                }
            },
            {
                "time": "2019-08-08T19:40:56.228Z",
                "type": "END",
                "source": "side-bar:button:ctb",
                "_t": "13:40:56",
                "_end": "-",
                "data": {
                    "lbl": {
                        "time": 5.916,
                        "endTime": 6.806551,
                        "type": "orange-in-air",
                        "id": 10
                    }
                }
            },
            {
                "time": "2019-08-08T19:40:57.347Z",
                "type": "START",
                "source": "side-bar:button",
                "_t": "13:40:57",
                "_end": "-",
                "data": {
                    "type": "orange-on-ground",
                    "time": 6.806551
                }
            },
            {
                "time": "2019-08-08T19:41:00.446Z",
                "type": "END",
                "source": "side-bar:button:ctb",
                "_t": "13:41:00",
                "_end": "-",
                "data": {
                    "lbl": {
                        "time": 6.806551,
                        "endTime": 7.362,
                        "type": "orange-on-ground",
                        "id": 11
                    }
                }
            },
            {
                "time": "2019-08-08T19:41:01.340Z",
                "type": "START",
                "source": "side-bar:button",
                "_t": "13:41:01",
                "_end": "-",
                "data": {
                    "type": "orange-in-air",
                    "time": 7.362
                }
            },
            {
                "time": "2019-08-08T19:41:16.456Z",
                "type": "END",
                "source": "side-bar:button:ctb",
                "_t": "13:41:16",
                "_end": "-",
                "data": {
                    "lbl": {
                        "time": 7.362,
                        "endTime": 8.258367,
                        "type": "orange-in-air",
                        "id": 12
                    }
                }
            },
            {
                "time": "2019-08-08T19:41:17.348Z",
                "type": "START",
                "source": "side-bar:button",
                "_t": "13:41:17",
                "_end": "-",
                "data": {
                    "type": "orange-on-ground",
                    "time": 8.258367
                }
            },
            {
                "time": "2019-08-08T19:41:21.852Z",
                "type": "END",
                "source": "side-bar:button:ctb",
                "_t": "13:41:21",
                "_end": "-",
                "data": {
                    "lbl": {
                        "time": 8.258367,
                        "endTime": 8.860478,
                        "type": "orange-on-ground",
                        "id": 13
                    }
                }
            },
            {
                "time": "2019-08-08T19:41:22.884Z",
                "type": "START",
                "source": "side-bar:button",
                "_t": "13:41:22",
                "_end": "-",
                "data": {
                    "type": "orange-in-air",
                    "time": 8.860478
                }
            },
            {
                "time": "2019-08-08T19:41:26.886Z",
                "type": "END",
                "source": "side-bar:button:ctb",
                "_t": "13:41:26",
                "_end": "-",
                "data": {
                    "lbl": {
                        "time": 8.860478,
                        "endTime": 9.782,
                        "type": "orange-in-air",
                        "id": 14
                    }
                }
            },
            {
                "time": "2019-08-08T19:41:27.443Z",
                "type": "START",
                "source": "side-bar:button",
                "_t": "13:41:27",
                "_end": "-",
                "data": {
                    "type": "orange-on-ground",
                    "time": 9.782
                }
            },
            {
                "time": "2019-08-08T19:41:30.764Z",
                "type": "END",
                "source": "side-bar:button:ctb",
                "_t": "13:41:30",
                "_end": "-",
                "data": {
                    "lbl": {
                        "time": 9.782,
                        "endTime": 10.306,
                        "type": "orange-on-ground",
                        "id": 15
                    }
                }
            },
            {
                "time": "2019-08-08T19:41:31.292Z",
                "type": "START",
                "source": "side-bar:button",
                "_t": "13:41:31",
                "_end": "-",
                "data": {
                    "type": "orange-in-air",
                    "time": 10.306
                }
            },
            {
                "time": "2019-08-08T19:41:35.456Z",
                "type": "END",
                "source": "side-bar:button:ctb",
                "_t": "13:41:35",
                "_end": "-",
                "data": {
                    "lbl": {
                        "time": 10.306,
                        "endTime": 11.186,
                        "type": "orange-in-air",
                        "id": 16
                    }
                }
            },
            {
                "time": "2019-08-08T19:41:36.075Z",
                "type": "START",
                "source": "side-bar:button",
                "_t": "13:41:36",
                "_end": "-",
                "data": {
                    "type": "orange-on-ground",
                    "time": 11.186
                }
            },
            {
                "time": "2019-08-08T19:41:59.172Z",
                "type": "END",
                "source": "data:click:h_pos",
                "_t": "13:41:59",
                "_end": "-",
                "data": {
                    "lbl": {
                        "time": 11.186,
                        "endTime": 11.76342046341464,
                        "type": "orange-on-ground",
                        "id": 17
                    }
                }
            }
        ],
        "navigationEvents": [
            {
                "time": "2019-08-08T19:39:15.471Z",
                "type": "PAUSE",
                "source": "video:button",
                "_t": "13:39:15",
                "_end": "-"
            },
            {
                "time": {
                    "start": "2019-08-08T19:38:17.043Z",
                    "end": "2019-08-08T19:39:17.609Z"
                },
                "type": "SCRUB",
                "source": "data:drag",
                "_t": "13:38:17",
                "_end": "13:39:17",
                "data": {
                    "time": 1.0842390243903166
                }
            },
            {
                "time": {
                    "start": "2019-08-08T19:38:17.043Z",
                    "end": "2019-08-08T19:39:18.738Z"
                },
                "type": "SCRUB",
                "source": "data:drag",
                "_t": "13:38:17",
                "_end": "13:39:18",
                "data": {
                    "time": 0
                }
            },
            {
                "time": "2019-08-08T19:39:20.153Z",
                "type": "PLAY",
                "source": "video:button",
                "_t": "13:39:20",
                "_end": "-"
            },
            {
                "time": "2019-08-08T19:39:20.581Z",
                "type": "PAUSE",
                "source": "video:button",
                "_t": "13:39:20",
                "_end": "-"
            },
            {
                "time": {
                    "start": "2019-08-08T19:38:17.043Z",
                    "end": "2019-08-08T19:39:23.550Z"
                },
                "type": "SCRUB",
                "source": "data:drag",
                "_t": "13:38:17",
                "_end": "13:39:23",
                "data": {
                    "time": 0
                }
            },
            {
                "time": "2019-08-08T19:39:28.306Z",
                "type": "PLAY",
                "source": "video:button",
                "_t": "13:39:28",
                "_end": "-"
            },
            {
                "time": "2019-08-08T19:39:28.689Z",
                "type": "PAUSE",
                "source": "video:button",
                "_t": "13:39:28",
                "_end": "-"
            },
            {
                "time": "2019-08-08T19:39:34.152Z",
                "type": "PLAY",
                "source": "video:button",
                "_t": "13:39:34",
                "_end": "-"
            },
            {
                "time": "2019-08-08T19:39:34.744Z",
                "type": "PAUSE",
                "source": "video:button",
                "_t": "13:39:34",
                "_end": "-"
            },
            {
                "time": "2019-08-08T19:39:38.247Z",
                "type": "PLAY",
                "source": "video:button",
                "_t": "13:39:38",
                "_end": "-"
            },
            {
                "time": "2019-08-08T19:39:38.753Z",
                "type": "PAUSE",
                "source": "video:button",
                "_t": "13:39:38",
                "_end": "-"
            },
            {
                "time": "2019-08-08T19:39:40.994Z",
                "type": "PLAY",
                "source": "video:button",
                "_t": "13:39:40",
                "_end": "-"
            },
            {
                "time": "2019-08-08T19:39:41.354Z",
                "type": "PAUSE",
                "source": "video:button",
                "_t": "13:39:41",
                "_end": "-"
            },
            {
                "time": "2019-08-08T19:39:44.567Z",
                "type": "PLAY",
                "source": "video:button",
                "_t": "13:39:44",
                "_end": "-"
            },
            {
                "time": "2019-08-08T19:39:45.097Z",
                "type": "PAUSE",
                "source": "video:button",
                "_t": "13:39:45",
                "_end": "-"
            },
            {
                "time": "2019-08-08T19:39:48.009Z",
                "type": "PLAY",
                "source": "video:button",
                "_t": "13:39:48",
                "_end": "-"
            },
            {
                "time": "2019-08-08T19:39:48.930Z",
                "type": "PAUSE",
                "source": "video:button",
                "_t": "13:39:48",
                "_end": "-"
            },
            {
                "time": "2019-08-08T19:39:52.415Z",
                "type": "PLAY",
                "source": "video:button",
                "_t": "13:39:52",
                "_end": "-"
            },
            {
                "time": "2019-08-08T19:39:53.014Z",
                "type": "PAUSE",
                "source": "video:button",
                "_t": "13:39:53",
                "_end": "-"
            },
            {
                "time": "2019-08-08T19:39:55.674Z",
                "type": "PLAY",
                "source": "video:button",
                "_t": "13:39:55",
                "_end": "-"
            },
            {
                "time": "2019-08-08T19:39:56.471Z",
                "type": "PAUSE",
                "source": "video:button",
                "_t": "13:39:56",
                "_end": "-"
            },
            {
                "time": {
                    "start": "2019-08-08T19:38:17.043Z",
                    "end": "2019-08-08T19:40:01.218Z"
                },
                "type": "SCRUB",
                "source": "data:drag",
                "_t": "13:38:17",
                "_end": "13:40:01",
                "data": {
                    "time": 4.28247
                }
            },
            {
                "time": "2019-08-08T19:40:02.546Z",
                "type": "PLAY",
                "source": "video:button",
                "_t": "13:40:02",
                "_end": "-"
            },
            {
                "time": "2019-08-08T19:40:02.952Z",
                "type": "PAUSE",
                "source": "video:button",
                "_t": "13:40:02",
                "_end": "-"
            },
            {
                "time": "2019-08-08T19:40:05.030Z",
                "type": "CHANGE-PLAYBACK-RATE",
                "source": "video:button",
                "_t": "13:40:05",
                "_end": "-",
                "data": {
                    "oldRate": 1,
                    "newRate": 1.5
                }
            },
            {
                "time": "2019-08-08T19:40:06.522Z",
                "type": "CHANGE-PLAYBACK-RATE",
                "source": "video:button",
                "_t": "13:40:06",
                "_end": "-",
                "data": {
                    "oldRate": 1.5,
                    "newRate": 2
                }
            },
            {
                "time": "2019-08-08T19:40:06.759Z",
                "type": "CHANGE-PLAYBACK-RATE",
                "source": "video:button",
                "_t": "13:40:06",
                "_end": "-",
                "data": {
                    "oldRate": 2,
                    "newRate": 0.25
                }
            },
            {
                "time": "2019-08-08T19:40:07.217Z",
                "type": "CHANGE-PLAYBACK-RATE",
                "source": "video:button",
                "_t": "13:40:07",
                "_end": "-",
                "data": {
                    "oldRate": 0.25,
                    "newRate": 0.5
                }
            },
            {
                "time": "2019-08-08T19:40:08.649Z",
                "type": "PLAY",
                "source": "video:button",
                "_t": "13:40:08",
                "_end": "-"
            },
            {
                "time": "2019-08-08T19:40:10.026Z",
                "type": "PAUSE",
                "source": "video:button",
                "_t": "13:40:10",
                "_end": "-"
            },
            {
                "time": "2019-08-08T19:40:11.809Z",
                "type": "PLAY",
                "source": "video:button",
                "_t": "13:40:11",
                "_end": "-"
            },
            {
                "time": "2019-08-08T19:40:12.169Z",
                "type": "PAUSE",
                "source": "video:button",
                "_t": "13:40:12",
                "_end": "-"
            },
            {
                "time": {
                    "start": "2019-08-08T19:38:17.043Z",
                    "end": "2019-08-08T19:40:14.073Z"
                },
                "type": "SCRUB",
                "source": "data:drag",
                "_t": "13:38:17",
                "_end": "13:40:14",
                "data": {
                    "time": 5.39558
                }
            },
            {
                "time": {
                    "start": "2019-08-08T19:38:17.043Z",
                    "end": "2019-08-08T19:40:15.710Z"
                },
                "type": "SCRUB",
                "source": "data:drag",
                "_t": "13:38:17",
                "_end": "13:40:15",
                "data": {
                    "time": 5.375007
                }
            },
            {
                "time": {
                    "start": "2019-08-08T19:38:17.043Z",
                    "end": "2019-08-08T19:40:18.497Z"
                },
                "type": "SCRUB",
                "source": "data:drag",
                "_t": "13:38:17",
                "_end": "13:40:18",
                "data": {
                    "time": 5.337602
                }
            },
            {
                "time": {
                    "start": "2019-08-08T19:38:17.043Z",
                    "end": "2019-08-08T19:40:19.842Z"
                },
                "type": "SCRUB",
                "source": "data:drag",
                "_t": "13:38:17",
                "_end": "13:40:19",
                "data": {
                    "time": 5.311419
                }
            },
            {
                "time": {
                    "start": "2019-08-08T19:38:17.043Z",
                    "end": "2019-08-08T19:40:21.950Z"
                },
                "type": "SCRUB",
                "source": "data:drag",
                "_t": "13:38:17",
                "_end": "13:40:21",
                "data": {
                    "time": 4.9149268780487665
                }
            },
            {
                "time": {
                    "start": "2019-08-08T19:38:17.043Z",
                    "end": "2019-08-08T19:40:24.490Z"
                },
                "type": "SCRUB",
                "source": "data:drag",
                "_t": "13:38:17",
                "_end": "13:40:24",
                "data": {
                    "time": 4.164959
                }
            },
            {
                "time": {
                    "start": "2019-08-08T19:38:17.043Z",
                    "end": "2019-08-08T19:40:26.394Z"
                },
                "type": "SCRUB",
                "source": "data:drag",
                "_t": "13:38:17",
                "_end": "13:40:26",
                "data": {
                    "time": 3.914346
                }
            },
            {
                "time": {
                    "start": "2019-08-08T19:38:17.043Z",
                    "end": "2019-08-08T19:40:27.671Z"
                },
                "type": "SCRUB",
                "source": "data:drag",
                "_t": "13:38:17",
                "_end": "13:40:27",
                "data": {
                    "time": 4.039652
                }
            },
            {
                "time": {
                    "start": "2019-08-08T19:38:17.043Z",
                    "end": "2019-08-08T19:40:28.495Z"
                },
                "type": "SCRUB",
                "source": "data:drag",
                "_t": "13:38:17",
                "_end": "13:40:28",
                "data": {
                    "time": 4.121943
                }
            },
            {
                "time": {
                    "start": "2019-08-08T19:38:17.043Z",
                    "end": "2019-08-08T19:40:29.327Z"
                },
                "type": "SCRUB",
                "source": "data:drag",
                "_t": "13:38:17",
                "_end": "13:40:29",
                "data": {
                    "time": 4.279043
                }
            },
            {
                "time": {
                    "start": "2019-08-08T19:38:17.043Z",
                    "end": "2019-08-08T19:40:30.870Z"
                },
                "type": "SCRUB",
                "source": "data:drag",
                "_t": "13:38:17",
                "_end": "13:40:30",
                "data": {
                    "time": 4.402479
                }
            },
            {
                "time": {
                    "start": "2019-08-08T19:38:17.043Z",
                    "end": "2019-08-08T19:40:32.156Z"
                },
                "type": "SCRUB",
                "source": "data:drag",
                "_t": "13:38:17",
                "_end": "13:40:32",
                "data": {
                    "time": 4.40996
                }
            },
            {
                "time": {
                    "start": "2019-08-08T19:38:17.043Z",
                    "end": "2019-08-08T19:40:34.462Z"
                },
                "type": "SCRUB",
                "source": "data:drag",
                "_t": "13:38:17",
                "_end": "13:40:34",
                "data": {
                    "time": 4.456716
                }
            },
            {
                "time": {
                    "start": "2019-08-08T19:38:17.043Z",
                    "end": "2019-08-08T19:40:37.518Z"
                },
                "type": "SCRUB",
                "source": "data:drag",
                "_t": "13:38:17",
                "_end": "13:40:37",
                "data": {
                    "time": 4.396868
                }
            },
            {
                "time": "2019-08-08T19:40:42.335Z",
                "type": "PLAY",
                "source": "video:button",
                "_t": "13:40:42",
                "_end": "-"
            },
            {
                "time": "2019-08-08T19:40:44.333Z",
                "type": "PAUSE",
                "source": "video:button",
                "_t": "13:40:44",
                "_end": "-"
            },
            {
                "time": "2019-08-08T19:40:48.017Z",
                "type": "PLAY",
                "source": "video:button",
                "_t": "13:40:48",
                "_end": "-"
            },
            {
                "time": "2019-08-08T19:40:49.105Z",
                "type": "PAUSE",
                "source": "video:button",
                "_t": "13:40:49",
                "_end": "-"
            },
            {
                "time": "2019-08-08T19:40:53.360Z",
                "type": "PLAY",
                "source": "video:button",
                "_t": "13:40:53",
                "_end": "-"
            },
            {
                "time": "2019-08-08T19:40:55.097Z",
                "type": "PAUSE",
                "source": "video:button",
                "_t": "13:40:55",
                "_end": "-"
            },
            {
                "time": "2019-08-08T19:40:58.201Z",
                "type": "PLAY",
                "source": "video:button",
                "_t": "13:40:58",
                "_end": "-"
            },
            {
                "time": "2019-08-08T19:40:59.367Z",
                "type": "PAUSE",
                "source": "video:button",
                "_t": "13:40:59",
                "_end": "-"
            },
            {
                "time": "2019-08-08T19:41:02.274Z",
                "type": "PLAY",
                "source": "video:button",
                "_t": "13:41:02",
                "_end": "-"
            },
            {
                "time": "2019-08-08T19:41:03.855Z",
                "type": "PAUSE",
                "source": "video:button",
                "_t": "13:41:03",
                "_end": "-"
            },
            {
                "time": {
                    "start": "2019-08-08T19:38:17.043Z",
                    "end": "2019-08-08T19:41:14.901Z"
                },
                "type": "SCRUB",
                "source": "data:drag",
                "_t": "13:38:17",
                "_end": "13:41:14",
                "data": {
                    "time": 8.258367
                }
            },
            {
                "time": "2019-08-08T19:41:18.903Z",
                "type": "PLAY",
                "source": "video:button",
                "_t": "13:41:18",
                "_end": "-"
            },
            {
                "time": "2019-08-08T19:41:20.153Z",
                "type": "PAUSE",
                "source": "video:button",
                "_t": "13:41:20",
                "_end": "-"
            },
            {
                "time": "2019-08-08T19:41:23.961Z",
                "type": "PLAY",
                "source": "video:button",
                "_t": "13:41:23",
                "_end": "-"
            },
            {
                "time": "2019-08-08T19:41:25.746Z",
                "type": "PAUSE",
                "source": "video:button",
                "_t": "13:41:25",
                "_end": "-"
            },
            {
                "time": "2019-08-08T19:41:28.474Z",
                "type": "PLAY",
                "source": "video:button",
                "_t": "13:41:28",
                "_end": "-"
            },
            {
                "time": "2019-08-08T19:41:29.527Z",
                "type": "PAUSE",
                "source": "video:button",
                "_t": "13:41:29",
                "_end": "-"
            },
            {
                "time": "2019-08-08T19:41:32.370Z",
                "type": "PLAY",
                "source": "video:button",
                "_t": "13:41:32",
                "_end": "-"
            },
            {
                "time": "2019-08-08T19:41:34.069Z",
                "type": "PAUSE",
                "source": "video:button",
                "_t": "13:41:34",
                "_end": "-"
            },
            {
                "time": "2019-08-08T19:41:37.011Z",
                "type": "PLAY",
                "source": "video:button",
                "_t": "13:41:37",
                "_end": "-"
            },
            {
                "time": {
                    "start": "2019-08-08T19:38:17.043Z",
                    "end": "2019-08-08T19:41:40.714Z"
                },
                "type": "SCRUB",
                "source": "data:drag",
                "_t": "13:38:17",
                "_end": "13:41:40",
                "data": {
                    "time": 11.794126
                }
            },
            {
                "time": {
                    "start": "2019-08-08T19:38:17.043Z",
                    "end": "2019-08-08T19:41:43.535Z"
                },
                "type": "SCRUB",
                "source": "data:drag",
                "_t": "13:38:17",
                "_end": "13:41:43",
                "data": {
                    "time": 10.836363902439262
                }
            },
            {
                "time": {
                    "start": "2019-08-08T19:38:17.043Z",
                    "end": "2019-08-08T19:41:46.012Z"
                },
                "type": "SCRUB",
                "source": "data:drag",
                "_t": "13:38:17",
                "_end": "13:41:46",
                "data": {
                    "time": 12.038
                }
            },
            {
                "time": "2019-08-08T19:41:47.493Z",
                "type": "PAUSE",
                "source": "video:button",
                "_t": "13:41:47",
                "_end": "-"
            },
            {
                "time": {
                    "start": "2019-08-08T19:38:17.043Z",
                    "end": "2019-08-08T19:41:50.005Z"
                },
                "type": "SCRUB",
                "source": "data:drag",
                "_t": "13:38:17",
                "_end": "13:41:50",
                "data": {
                    "time": 11.679259
                }
            },
            {
                "time": {
                    "start": "2019-08-08T19:38:17.043Z",
                    "end": "2019-08-08T19:41:53.795Z"
                },
                "type": "SCRUB",
                "source": "data:drag",
                "_t": "13:38:17",
                "_end": "13:41:53",
                "data": {
                    "time": 11.752199
                }
            },
            {
                "time": {
                    "start": "2019-08-08T19:38:17.043Z",
                    "end": "2019-08-08T19:41:58.396Z"
                },
                "type": "SCRUB",
                "source": "data:drag",
                "_t": "13:38:17",
                "_end": "13:41:58",
                "data": {
                    "time": 11.76155
                }
            },
            {
                "time": {
                    "start": "2019-08-08T19:38:17.043Z",
                    "end": "2019-08-08T19:41:59.168Z"
                },
                "type": "SCRUB",
                "source": "data:drag",
                "_t": "13:38:17",
                "_end": "13:41:59",
                "data": {
                    "time": 11.76155
                }
            },
            {
                "time": "2019-08-08T19:42:08.088Z",
                "type": "PLAY",
                "source": "video:button",
                "_t": "13:42:08",
                "_end": "-"
            },
            {
                "time": "2019-08-08T19:42:09.906Z",
                "type": "PAUSE",
                "source": "video:button",
                "_t": "13:42:09",
                "_end": "-"
            }
        ]
    }
}