[{"time":0,"endTime":0.356,"type":"orange-on-ground","id":1},{"time":0.356,"endTime":0.838,"type":"orange-in-air","id":2},{"time":0.838,"endTime":1.724,"type":"orange-on-ground","id":3},{"time":1.724,"endTime":2.282,"type":"orange-in-air","id":4},{"time":2.282,"endTime":3.252,"type":"orange-on-ground","id":5},{"time":3.252,"endTime":3.858,"type":"orange-in-air","id":6},{"time":3.858,"endTime":4.396868,"type":"orange-on-ground","id":7},{"time":4.396868,"endTime":5.316,"type":"orange-in-air","id":8},{"time":5.316,"endTime":5.916,"type":"orange-on-ground","id":9},{"time":5.916,"endTime":6.806551,"type":"orange-in-air","id":10},{"time":6.806551,"endTime":7.362,"type":"orange-on-ground","id":11},{"time":7.362,"endTime":8.258367,"type":"orange-in-air","id":12},{"time":8.258367,"endTime":8.860478,"type":"orange-on-ground","id":13},{"time":8.860478,"endTime":9.782,"type":"orange-in-air","id":14},{"time":9.782,"endTime":10.306,"type":"orange-on-ground","id":15},{"time":10.306,"endTime":11.186,"type":"orange-in-air","id":16},{"time":11.186,"endTime":11.76342046341464,"type":"orange-on-ground","id":17}]