{
    "user_id": "Grey2",
    "session_id": "5d7bcede81249f67dd06ad0f",
    "study": "studyE",
    "workspace": "gait.gait-blue",
    "details": {
        "workspace": "gait.gait-blue",
        "labels": [
            {
                "time": 4.02,
                "endTime": 4.02,
                "type": "orange-in-air",
                "id": 4
            },
            {
                "time": 0.01789275609766494,
                "endTime": 1.342,
                "type": "orange-on-ground",
                "id": 5
            },
            {
                "time": 1.342,
                "endTime": 1.578,
                "type": "orange-on-ground",
                "id": 6
            },
            {
                "time": 1.578,
                "endTime": 2.262,
                "type": "orange-in-air",
                "id": 7
            },
            {
                "time": 2.262,
                "endTime": 2.9860000000000713,
                "type": "orange-on-ground",
                "id": 8
            },
            {
                "time": 2.9860000000000713,
                "endTime": 3.7459997560975675,
                "type": "orange-in-air",
                "id": 9
            },
            {
                "time": 4.189878,
                "endTime": 4.624,
                "type": "orange-on-ground",
                "id": 10
            },
            {
                "time": 4.624,
                "endTime": 5.272,
                "type": "orange-in-air",
                "id": 11
            },
            {
                "time": 5.47,
                "endTime": 5.872,
                "type": "orange-on-ground",
                "id": 12
            },
            {
                "time": 6.03,
                "endTime": 6.83,
                "type": "orange-in-air",
                "id": 13
            },
            {
                "time": 7.072,
                "endTime": 7.596,
                "type": "orange-on-ground",
                "id": 14
            },
            {
                "time": 7.672,
                "endTime": 8.394,
                "type": "orange-in-air",
                "id": 15
            },
            {
                "time": 8.516,
                "endTime": 8.834,
                "type": "orange-on-ground",
                "id": 16
            },
            {
                "time": 8.994,
                "endTime": 9.518,
                "type": "orange-in-air",
                "id": 17
            },
            {
                "time": 9.876,
                "endTime": 10.278,
                "type": "orange-on-ground",
                "id": 18
            },
            {
                "time": 10.436,
                "endTime": 11.204,
                "type": "orange-in-air",
                "id": 19
            },
            {
                "time": 11.404,
                "endTime": 11.686,
                "type": "orange-on-ground",
                "id": 20
            },
            {
                "time": 11.884,
                "endTime": 12.848,
                "type": "orange-in-air",
                "id": 21
            },
            {
                "time": 12.848,
                "endTime": 12.968,
                "type": "orange-on-ground",
                "id": 22
            },
            {
                "time": 13.41,
                "endTime": 14.248,
                "type": "orange-in-air",
                "id": 23
            },
            {
                "time": 14.492,
                "endTime": 14.612,
                "type": "orange-on-ground",
                "id": 24
            },
            {
                "time": 16.296,
                "endTime": 17.098955,
                "type": "orange-in-air",
                "id": 25
            },
            {
                "time": 17.498,
                "endTime": 17.654,
                "type": "orange-on-ground",
                "id": 26
            },
            {
                "time": 18.261611,
                "endTime": 18.374,
                "type": "orange-in-air",
                "id": 27
            },
            {
                "time": 19.262,
                "endTime": 19.458,
                "type": "orange-in-air",
                "id": 28
            },
            {
                "time": 20.9,
                "endTime": 21.022,
                "type": "orange-in-air",
                "id": 29
            }
        ],
        "_starts": [
            "2019-09-13T17:34:44.000Z"
        ],
        "_ends": [
            "2019-09-13T17:38:02.416Z"
        ]
    },
    "labels_file": "/home/ubuntu/vat/data/user-studies/studyE/gait-blue/Grey2.labels.json",
    "videoFlash": 0.00001,
    "surveys": {
        "user-info": {
            "firstname": "Benjamin",
            "lastname": "Griffin",
            "email": "benjamingriffin98@gmail.com"
        },
        "practice-first": {
            "question1": "5",
            "question2": "ok",
            "question3": "70",
            "question4": "5"
        },
        "practice-second": {},
        "practice-third": {},
        "practice-survey": {},
        "drywall-blue": {
            "question1": "2",
            "question2": "3",
            "question3": "10",
            "question4": "70"
        },
        "drywall-red": {
            "question1": "1",
            "question2": "2",
            "question3": "20",
            "question4": "90"
        },
        "drywall-orange": {
            "question1": "4",
            "question2": "2",
            "question3": "10",
            "question4": "50"
        },
        "drywall-survey": {
            "question1": "5",
            "question2": "4",
            "question3": "3",
            "question4": "4"
        }
    },
    "logs": {
        "labelEvents": [
            {
                "time": "2019-09-13T17:35:14.089Z",
                "type": "START",
                "source": "side-bar:button",
                "_t": "11:35:14",
                "_end": "-",
                "data": {
                    "type": "orange-in-air",
                    "time": 2.006
                }
            },
            {
                "time": "2019-09-13T17:35:15.058Z",
                "type": "START",
                "source": "side-bar:button",
                "_t": "11:35:15",
                "_end": "-",
                "data": {
                    "type": "orange-in-air",
                    "time": 2.972
                }
            },
            {
                "time": "2019-09-13T17:35:16.129Z",
                "type": "START",
                "source": "side-bar:button",
                "_t": "11:35:16",
                "_end": "-",
                "data": {
                    "type": "orange-in-air",
                    "time": 4.02
                }
            },
            {
                "time": "2019-09-13T17:35:16.843Z",
                "type": "START",
                "source": "side-bar:button",
                "_t": "11:35:16",
                "_end": "-",
                "data": {
                    "type": "orange-in-air",
                    "time": 4.75
                }
            },
            {
                "time": "2019-09-13T17:35:23.720Z",
                "type": "END",
                "source": "data:click:h_pos",
                "_t": "11:35:23",
                "_end": "-",
                "data": {
                    "lbl": {
                        "time": 4.02,
                        "endTime": 4.02,
                        "type": "orange-in-air",
                        "id": 4
                    }
                }
            },
            {
                "time": "2019-09-13T17:35:23.726Z",
                "type": "SELECT",
                "source": "data:click",
                "_t": "11:35:23",
                "_end": "-",
                "data": {
                    "time": 2.006,
                    "endTime": 2.972,
                    "type": "orange-in-air",
                    "id": 1
                }
            },
            {
                "time": "2019-09-13T17:35:24.455Z",
                "type": "DELETE",
                "source": "hotkey",
                "_t": "11:35:24",
                "_end": "-",
                "data": {
                    "id": 1,
                    "idx": 0
                }
            },
            {
                "time": "2019-09-13T17:35:29.077Z",
                "type": "SELECT",
                "source": "data:click",
                "_t": "11:35:29",
                "_end": "-",
                "data": {
                    "time": 2.972,
                    "endTime": 4.02,
                    "type": "orange-in-air",
                    "id": 2
                }
            },
            {
                "time": "2019-09-13T17:35:29.222Z",
                "type": "DELETE",
                "source": "hotkey",
                "_t": "11:35:29",
                "_end": "-",
                "data": {
                    "id": 2,
                    "idx": 0
                }
            },
            {
                "time": "2019-09-13T17:35:29.896Z",
                "type": "SELECT",
                "source": "data:click",
                "_t": "11:35:29",
                "_end": "-",
                "data": {
                    "time": 4.02,
                    "endTime": 4.75,
                    "type": "orange-in-air",
                    "id": 3
                }
            },
            {
                "time": "2019-09-13T17:35:30.024Z",
                "type": "DELETE",
                "source": "hotkey",
                "_t": "11:35:30",
                "_end": "-",
                "data": {
                    "id": 3,
                    "idx": 0
                }
            },
            {
                "time": "2019-09-13T17:35:40.410Z",
                "type": "START",
                "source": "side-bar:button",
                "_t": "11:35:40",
                "_end": "-",
                "data": {
                    "type": "orange-on-ground",
                    "time": 0.019763
                }
            },
            {
                "time": "2019-09-13T17:35:45.686Z",
                "type": "END",
                "source": "side-bar:button:ctb",
                "_t": "11:35:45",
                "_end": "-",
                "data": {
                    "lbl": {
                        "time": 0.01789275609766494,
                        "endTime": 1.342,
                        "type": "orange-on-ground",
                        "id": 5
                    }
                }
            },
            {
                "time": "2019-09-13T17:35:47.914Z",
                "type": "START",
                "source": "side-bar:button",
                "_t": "11:35:47",
                "_end": "-",
                "data": {
                    "type": "orange-on-ground",
                    "time": 1.342
                }
            },
            {
                "time": "2019-09-13T17:35:48.755Z",
                "type": "END",
                "source": "side-bar:button:ctb",
                "_t": "11:35:48",
                "_end": "-",
                "data": {
                    "lbl": {
                        "time": 1.342,
                        "endTime": 1.578,
                        "type": "orange-on-ground",
                        "id": 6
                    }
                }
            },
            {
                "time": "2019-09-13T17:35:49.786Z",
                "type": "START",
                "source": "side-bar:button",
                "_t": "11:35:49",
                "_end": "-",
                "data": {
                    "type": "orange-in-air",
                    "time": 1.822
                }
            },
            {
                "time": "2019-09-13T17:35:51.562Z",
                "type": "END",
                "source": "side-bar:button:ctb",
                "_t": "11:35:51",
                "_end": "-",
                "data": {
                    "lbl": {
                        "time": 1.578,
                        "endTime": 2.262,
                        "type": "orange-in-air",
                        "id": 7
                    }
                }
            },
            {
                "time": "2019-09-13T17:35:52.995Z",
                "type": "START",
                "source": "side-bar:button",
                "_t": "11:35:52",
                "_end": "-",
                "data": {
                    "type": "orange-on-ground",
                    "time": 2.626461
                }
            },
            {
                "time": "2019-09-13T17:35:54.483Z",
                "type": "END",
                "source": "side-bar:button:ctb",
                "_t": "11:35:54",
                "_end": "-",
                "data": {
                    "lbl": {
                        "time": 2.262,
                        "endTime": 2.9860000000000713,
                        "type": "orange-on-ground",
                        "id": 8
                    }
                }
            },
            {
                "time": "2019-09-13T17:35:55.250Z",
                "type": "START",
                "source": "side-bar:button",
                "_t": "11:35:55",
                "_end": "-",
                "data": {
                    "type": "orange-in-air",
                    "time": 3.184
                }
            },
            {
                "time": "2019-09-13T17:35:57.413Z",
                "type": "END",
                "source": "side-bar:button:ctb",
                "_t": "11:35:57",
                "_end": "-",
                "data": {
                    "lbl": {
                        "time": 2.9860000000000713,
                        "endTime": 3.7459997560975675,
                        "type": "orange-in-air",
                        "id": 9
                    }
                }
            },
            {
                "time": "2019-09-13T17:35:59.306Z",
                "type": "START",
                "source": "side-bar:button",
                "_t": "11:35:59",
                "_end": "-",
                "data": {
                    "type": "orange-on-ground",
                    "time": 4.189878
                }
            },
            {
                "time": "2019-09-13T17:36:01.068Z",
                "type": "START",
                "source": "side-bar:button",
                "_t": "11:36:01",
                "_end": "-",
                "data": {
                    "type": "orange-in-air",
                    "time": 4.624
                }
            },
            {
                "time": "2019-09-13T17:36:03.634Z",
                "type": "END",
                "source": "side-bar:button:ctb",
                "_t": "11:36:03",
                "_end": "-",
                "data": {
                    "lbl": {
                        "time": 4.624,
                        "endTime": 5.272,
                        "type": "orange-in-air",
                        "id": 11
                    }
                }
            },
            {
                "time": "2019-09-13T17:36:04.458Z",
                "type": "START",
                "source": "side-bar:button",
                "_t": "11:36:04",
                "_end": "-",
                "data": {
                    "type": "orange-on-ground",
                    "time": 5.47
                }
            },
            {
                "time": "2019-09-13T17:36:05.972Z",
                "type": "END",
                "source": "side-bar:button:ctb",
                "_t": "11:36:05",
                "_end": "-",
                "data": {
                    "lbl": {
                        "time": 5.47,
                        "endTime": 5.872,
                        "type": "orange-on-ground",
                        "id": 12
                    }
                }
            },
            {
                "time": "2019-09-13T17:36:06.634Z",
                "type": "START",
                "source": "side-bar:button",
                "_t": "11:36:06",
                "_end": "-",
                "data": {
                    "type": "orange-in-air",
                    "time": 6.03
                }
            },
            {
                "time": "2019-09-13T17:36:09.801Z",
                "type": "END",
                "source": "side-bar:button:ctb",
                "_t": "11:36:09",
                "_end": "-",
                "data": {
                    "lbl": {
                        "time": 6.03,
                        "endTime": 6.83,
                        "type": "orange-in-air",
                        "id": 13
                    }
                }
            },
            {
                "time": "2019-09-13T17:36:10.834Z",
                "type": "START",
                "source": "side-bar:button",
                "_t": "11:36:10",
                "_end": "-",
                "data": {
                    "type": "orange-on-ground",
                    "time": 7.072
                }
            },
            {
                "time": "2019-09-13T17:36:12.818Z",
                "type": "END",
                "source": "side-bar:button:ctb",
                "_t": "11:36:12",
                "_end": "-",
                "data": {
                    "lbl": {
                        "time": 7.072,
                        "endTime": 7.596,
                        "type": "orange-on-ground",
                        "id": 14
                    }
                }
            },
            {
                "time": "2019-09-13T17:36:13.251Z",
                "type": "START",
                "source": "side-bar:button",
                "_t": "11:36:13",
                "_end": "-",
                "data": {
                    "type": "orange-in-air",
                    "time": 7.672
                }
            },
            {
                "time": "2019-09-13T17:36:16.029Z",
                "type": "END",
                "source": "side-bar:button:ctb",
                "_t": "11:36:16",
                "_end": "-",
                "data": {
                    "lbl": {
                        "time": 7.672,
                        "endTime": 8.394,
                        "type": "orange-in-air",
                        "id": 15
                    }
                }
            },
            {
                "time": "2019-09-13T17:36:16.522Z",
                "type": "START",
                "source": "side-bar:button",
                "_t": "11:36:16",
                "_end": "-",
                "data": {
                    "type": "orange-on-ground",
                    "time": 8.516
                }
            },
            {
                "time": "2019-09-13T17:36:17.803Z",
                "type": "END",
                "source": "side-bar:button:ctb",
                "_t": "11:36:17",
                "_end": "-",
                "data": {
                    "lbl": {
                        "time": 8.516,
                        "endTime": 8.834,
                        "type": "orange-on-ground",
                        "id": 16
                    }
                }
            },
            {
                "time": "2019-09-13T17:36:18.517Z",
                "type": "START",
                "source": "side-bar:button",
                "_t": "11:36:18",
                "_end": "-",
                "data": {
                    "type": "orange-in-air",
                    "time": 8.994
                }
            },
            {
                "time": "2019-09-13T17:36:20.517Z",
                "type": "END",
                "source": "side-bar:button:ctb",
                "_t": "11:36:20",
                "_end": "-",
                "data": {
                    "lbl": {
                        "time": 8.994,
                        "endTime": 9.518,
                        "type": "orange-in-air",
                        "id": 17
                    }
                }
            },
            {
                "time": "2019-09-13T17:36:22.034Z",
                "type": "START",
                "source": "side-bar:button",
                "_t": "11:36:22",
                "_end": "-",
                "data": {
                    "type": "orange-on-ground",
                    "time": 9.876
                }
            },
            {
                "time": "2019-09-13T17:36:23.662Z",
                "type": "END",
                "source": "side-bar:button:ctb",
                "_t": "11:36:23",
                "_end": "-",
                "data": {
                    "lbl": {
                        "time": 9.876,
                        "endTime": 10.278,
                        "type": "orange-on-ground",
                        "id": 18
                    }
                }
            },
            {
                "time": "2019-09-13T17:36:24.248Z",
                "type": "START",
                "source": "side-bar:button",
                "_t": "11:36:24",
                "_end": "-",
                "data": {
                    "type": "orange-in-air",
                    "time": 10.436
                }
            },
            {
                "time": "2019-09-13T17:36:27.377Z",
                "type": "END",
                "source": "side-bar:button:ctb",
                "_t": "11:36:27",
                "_end": "-",
                "data": {
                    "lbl": {
                        "time": 10.436,
                        "endTime": 11.204,
                        "type": "orange-in-air",
                        "id": 19
                    }
                }
            },
            {
                "time": "2019-09-13T17:36:28.105Z",
                "type": "START",
                "source": "side-bar:button",
                "_t": "11:36:28",
                "_end": "-",
                "data": {
                    "type": "orange-on-ground",
                    "time": 11.404
                }
            },
            {
                "time": "2019-09-13T17:36:29.304Z",
                "type": "END",
                "source": "side-bar:button:ctb",
                "_t": "11:36:29",
                "_end": "-",
                "data": {
                    "lbl": {
                        "time": 11.404,
                        "endTime": 11.686,
                        "type": "orange-on-ground",
                        "id": 20
                    }
                }
            },
            {
                "time": "2019-09-13T17:36:30.040Z",
                "type": "START",
                "source": "side-bar:button",
                "_t": "11:36:30",
                "_end": "-",
                "data": {
                    "type": "orange-in-air",
                    "time": 11.884
                }
            },
            {
                "time": "2019-09-13T17:36:33.942Z",
                "type": "START",
                "source": "side-bar:button",
                "_t": "11:36:33",
                "_end": "-",
                "data": {
                    "type": "orange-on-ground",
                    "time": 12.848
                }
            },
            {
                "time": "2019-09-13T17:36:34.381Z",
                "type": "END",
                "source": "side-bar:button:ctb",
                "_t": "11:36:34",
                "_end": "-",
                "data": {
                    "lbl": {
                        "time": 12.848,
                        "endTime": 12.968,
                        "type": "orange-on-ground",
                        "id": 22
                    }
                }
            },
            {
                "time": "2019-09-13T17:36:36.205Z",
                "type": "START",
                "source": "side-bar:button",
                "_t": "11:36:36",
                "_end": "-",
                "data": {
                    "type": "orange-in-air",
                    "time": 13.41
                }
            },
            {
                "time": "2019-09-13T17:36:39.433Z",
                "type": "END",
                "source": "side-bar:button:ctb",
                "_t": "11:36:39",
                "_end": "-",
                "data": {
                    "lbl": {
                        "time": 13.41,
                        "endTime": 14.248,
                        "type": "orange-in-air",
                        "id": 23
                    }
                }
            },
            {
                "time": "2019-09-13T17:36:40.517Z",
                "type": "START",
                "source": "side-bar:button",
                "_t": "11:36:40",
                "_end": "-",
                "data": {
                    "type": "orange-on-ground",
                    "time": 14.492
                }
            },
            {
                "time": "2019-09-13T17:36:41.003Z",
                "type": "END",
                "source": "side-bar:button:ctb",
                "_t": "11:36:41",
                "_end": "-",
                "data": {
                    "lbl": {
                        "time": 14.492,
                        "endTime": 14.612,
                        "type": "orange-on-ground",
                        "id": 24
                    }
                }
            },
            {
                "time": "2019-09-13T17:36:47.758Z",
                "type": "START",
                "source": "side-bar:button",
                "_t": "11:36:47",
                "_end": "-",
                "data": {
                    "type": "orange-in-air",
                    "time": 16.296
                }
            },
            {
                "time": "2019-09-13T17:36:50.936Z",
                "type": "END",
                "source": "side-bar:button:ctb",
                "_t": "11:36:50",
                "_end": "-",
                "data": {
                    "lbl": {
                        "time": 16.296,
                        "endTime": 17.098955,
                        "type": "orange-in-air",
                        "id": 25
                    }
                }
            },
            {
                "time": "2019-09-13T17:36:52.432Z",
                "type": "START",
                "source": "side-bar:button",
                "_t": "11:36:52",
                "_end": "-",
                "data": {
                    "type": "orange-on-ground",
                    "time": 17.498
                }
            },
            {
                "time": "2019-09-13T17:36:53.202Z",
                "type": "END",
                "source": "side-bar:button:ctb",
                "_t": "11:36:53",
                "_end": "-",
                "data": {
                    "lbl": {
                        "time": 17.498,
                        "endTime": 17.654,
                        "type": "orange-on-ground",
                        "id": 26
                    }
                }
            },
            {
                "time": "2019-09-13T17:36:55.470Z",
                "type": "START",
                "source": "side-bar:button",
                "_t": "11:36:55",
                "_end": "-",
                "data": {
                    "type": "orange-in-air",
                    "time": 18.261611
                }
            },
            {
                "time": "2019-09-13T17:36:55.994Z",
                "type": "END",
                "source": "side-bar:button:ctb",
                "_t": "11:36:55",
                "_end": "-",
                "data": {
                    "lbl": {
                        "time": 18.261611,
                        "endTime": 18.374,
                        "type": "orange-in-air",
                        "id": 27
                    }
                }
            },
            {
                "time": "2019-09-13T17:36:59.583Z",
                "type": "START",
                "source": "side-bar:button",
                "_t": "11:36:59",
                "_end": "-",
                "data": {
                    "type": "orange-in-air",
                    "time": 19.262
                }
            },
            {
                "time": "2019-09-13T17:37:00.391Z",
                "type": "END",
                "source": "side-bar:button:ctb",
                "_t": "11:37:00",
                "_end": "-",
                "data": {
                    "lbl": {
                        "time": 19.262,
                        "endTime": 19.458,
                        "type": "orange-in-air",
                        "id": 28
                    }
                }
            },
            {
                "time": "2019-09-13T17:37:06.061Z",
                "type": "START",
                "source": "side-bar:button",
                "_t": "11:37:06",
                "_end": "-",
                "data": {
                    "type": "orange-in-air",
                    "time": 20.9
                }
            },
            {
                "time": "2019-09-13T17:37:06.646Z",
                "type": "END",
                "source": "side-bar:button:ctb",
                "_t": "11:37:06",
                "_end": "-",
                "data": {
                    "lbl": {
                        "time": 20.9,
                        "endTime": 21.022,
                        "type": "orange-in-air",
                        "id": 29
                    }
                }
            },
            {
                "time": "2019-09-13T17:37:27.157Z",
                "type": "SELECT",
                "source": "data:click",
                "_t": "11:37:27",
                "_end": "-",
                "data": {
                    "time": 0.01789275609766494,
                    "endTime": 1.342,
                    "type": "orange-on-ground",
                    "id": 5
                }
            },
            {
                "time": {
                    "start": "2019-09-13T17:37:28.048Z",
                    "end": "2019-09-13T17:37:29.460Z"
                },
                "type": "RESIZE",
                "source": "data:brush",
                "_t": "11:37:28",
                "_end": "11:37:29",
                "data": {
                    "brushing": true,
                    "origin": [
                        0.019763,
                        0.78
                    ],
                    "_brushside": 1,
                    "start": "2019-09-13T17:37:28.048Z",
                    "ε": 0.1,
                    "mode": "resize"
                }
            },
            {
                "time": {
                    "start": "2019-09-13T17:37:37.721Z",
                    "end": "2019-09-13T17:37:37.797Z"
                },
                "type": "MOVE",
                "source": "data:brush",
                "_t": "11:37:37",
                "_end": "11:37:37",
                "data": {
                    "brushing": true,
                    "origin": [
                        0.01976299999998954,
                        1.1652702439024403
                    ],
                    "start": "2019-09-13T17:37:37.721Z",
                    "ε": 0.1,
                    "mode": "move"
                }
            },
            {
                "time": {
                    "start": "2019-09-13T17:37:38.797Z",
                    "end": "2019-09-13T17:37:41.510Z"
                },
                "type": "RESIZE",
                "source": "data:brush",
                "_t": "11:37:38",
                "_end": "11:37:41",
                "data": {
                    "brushing": true,
                    "origin": [
                        0.01789275609755059,
                        1.1634000000000013
                    ],
                    "_brushside": 1,
                    "start": "2019-09-13T17:37:38.797Z",
                    "ε": 0.1,
                    "mode": "resize"
                }
            },
            {
                "time": "2019-09-13T17:37:42.681Z",
                "type": "DESELECT",
                "source": "data:click",
                "_t": "11:37:42",
                "_end": "-",
                "data": {
                    "time": 0.01789275609766494,
                    "endTime": 1.342,
                    "type": "orange-on-ground",
                    "id": 5
                }
            },
            {
                "time": "2019-09-13T17:37:44.025Z",
                "type": "SELECT",
                "source": "data:click",
                "_t": "11:37:44",
                "_end": "-",
                "data": {
                    "time": 1.578,
                    "endTime": 2.262,
                    "type": "orange-in-air",
                    "id": 7
                }
            },
            {
                "time": {
                    "start": "2019-09-13T17:37:45.736Z",
                    "end": "2019-09-13T17:37:48.533Z"
                },
                "type": "RESIZE",
                "source": "data:brush",
                "_t": "11:37:45",
                "_end": "11:37:48",
                "data": {
                    "brushing": true,
                    "origin": [
                        1.822,
                        2.262
                    ],
                    "_brushside": 0,
                    "start": "2019-09-13T17:37:45.736Z",
                    "ε": 0.1,
                    "mode": "resize"
                }
            },
            {
                "time": "2019-09-13T17:37:50.322Z",
                "type": "DESELECT",
                "source": "data:click",
                "_t": "11:37:50",
                "_end": "-",
                "data": {
                    "time": 1.578,
                    "endTime": 2.262,
                    "type": "orange-in-air",
                    "id": 7
                }
            },
            {
                "time": "2019-09-13T17:37:51.144Z",
                "type": "SELECT",
                "source": "data:click",
                "_t": "11:37:51",
                "_end": "-",
                "data": {
                    "time": 2.262,
                    "endTime": 2.9860000000000713,
                    "type": "orange-on-ground",
                    "id": 8
                }
            },
            {
                "time": {
                    "start": "2019-09-13T17:37:51.928Z",
                    "end": "2019-09-13T17:37:52.892Z"
                },
                "type": "RESIZE",
                "source": "data:brush",
                "_t": "11:37:51",
                "_end": "11:37:52",
                "data": {
                    "brushing": true,
                    "origin": [
                        2.626461,
                        2.986
                    ],
                    "_brushside": 0,
                    "start": "2019-09-13T17:37:51.928Z",
                    "ε": 0.1,
                    "mode": "resize"
                }
            },
            {
                "time": "2019-09-13T17:37:53.997Z",
                "type": "DESELECT",
                "source": "data:click",
                "_t": "11:37:53",
                "_end": "-",
                "data": {
                    "time": 2.262,
                    "endTime": 2.9860000000000713,
                    "type": "orange-on-ground",
                    "id": 8
                }
            },
            {
                "time": "2019-09-13T17:37:56.664Z",
                "type": "SELECT",
                "source": "data:click",
                "_t": "11:37:56",
                "_end": "-",
                "data": {
                    "time": 2.9860000000000713,
                    "endTime": 3.7459997560975675,
                    "type": "orange-in-air",
                    "id": 9
                }
            },
            {
                "time": {
                    "start": "2019-09-13T17:37:57.857Z",
                    "end": "2019-09-13T17:37:59.287Z"
                },
                "type": "RESIZE",
                "source": "data:brush",
                "_t": "11:37:57",
                "_end": "11:37:59",
                "data": {
                    "brushing": true,
                    "origin": [
                        3.184,
                        3.746
                    ],
                    "_brushside": 0,
                    "start": "2019-09-13T17:37:57.857Z",
                    "ε": 0.1,
                    "mode": "resize"
                }
            },
            {
                "time": "2019-09-13T17:38:01.338Z",
                "type": "DESELECT",
                "source": "side-bar:button",
                "_t": "11:38:01",
                "_end": "-",
                "data": {
                    "time": 2.9860000000000713,
                    "endTime": 3.7459997560975675,
                    "type": "orange-in-air",
                    "id": 9
                }
            }
        ],
        "navigationEvents": [
            {
                "time": {
                    "start": "2019-09-13T17:35:12.115Z",
                    "end": "2019-09-13T17:35:12.184Z"
                },
                "type": "SCRUB",
                "source": "video:drag",
                "_t": "11:35:12",
                "_end": "11:35:12",
                "data": {
                    "to": 0.23715463917525775,
                    "from": 4.352
                }
            },
            {
                "time": "2019-09-13T17:35:20.154Z",
                "type": "PAUSE",
                "source": "video:button",
                "_t": "11:35:20",
                "_end": "-"
            },
            {
                "time": {
                    "start": "2019-09-13T17:35:21.596Z",
                    "end": "2019-09-13T17:35:22.206Z"
                },
                "type": "SCRUB",
                "source": "video:drag",
                "_t": "11:35:21",
                "_end": "11:35:22",
                "data": {
                    "to": 0,
                    "from": 8.06
                }
            },
            {
                "time": {
                    "start": "2019-09-13T17:34:44.350Z",
                    "end": "2019-09-13T17:35:23.714Z"
                },
                "type": "SCRUB",
                "source": "data:drag",
                "_t": "11:34:44",
                "_end": "11:35:23",
                "data": {
                    "time": 0
                }
            },
            {
                "time": "2019-09-13T17:35:26.870Z",
                "type": "PLAY",
                "source": "video:button",
                "_t": "11:35:26",
                "_end": "-"
            },
            {
                "time": {
                    "start": "2019-09-13T17:34:44.350Z",
                    "end": "2019-09-13T17:35:29.073Z"
                },
                "type": "SCRUB",
                "source": "data:drag",
                "_t": "11:34:44",
                "_end": "11:35:29",
                "data": {
                    "time": 2.178
                }
            },
            {
                "time": {
                    "start": "2019-09-13T17:34:44.350Z",
                    "end": "2019-09-13T17:35:29.890Z"
                },
                "type": "SCRUB",
                "source": "data:drag",
                "_t": "11:34:44",
                "_end": "11:35:29",
                "data": {
                    "time": 2.988
                }
            },
            {
                "time": "2019-09-13T17:35:31.530Z",
                "type": "PAUSE",
                "source": "video:button",
                "_t": "11:35:31",
                "_end": "-"
            },
            {
                "time": {
                    "start": "2019-09-13T17:35:32.508Z",
                    "end": "2019-09-13T17:35:32.566Z"
                },
                "type": "SCRUB",
                "source": "video:drag",
                "_t": "11:35:32",
                "_end": "11:35:32",
                "data": {
                    "to": 0.019763,
                    "from": 4.602
                }
            },
            {
                "time": "2019-09-13T17:35:34.209Z",
                "type": "CHANGE-PLAYBACK-RATE",
                "source": "video:menu",
                "_t": "11:35:34",
                "_end": "-",
                "data": {
                    "oldRate": 1,
                    "newRate": 0.25
                }
            },
            {
                "time": "2019-09-13T17:35:42.450Z",
                "type": "PLAY",
                "source": "video:button",
                "_t": "11:35:42",
                "_end": "-"
            },
            {
                "time": "2019-09-13T17:37:08.979Z",
                "type": "PAUSE",
                "source": "video:button",
                "_t": "11:37:08",
                "_end": "-"
            },
            {
                "time": {
                    "start": "2019-09-13T17:37:11.036Z",
                    "end": "2019-09-13T17:37:11.076Z"
                },
                "type": "SCRUB",
                "source": "video:drag",
                "_t": "11:37:11",
                "_end": "11:37:11",
                "data": {
                    "to": 1.7984226804123713,
                    "from": 21.624
                }
            },
            {
                "time": {
                    "start": "2019-09-13T17:37:12.746Z",
                    "end": "2019-09-13T17:37:12.814Z"
                },
                "type": "SCRUB",
                "source": "video:drag",
                "_t": "11:37:12",
                "_end": "11:37:12",
                "data": {
                    "to": 1.047433,
                    "from": 1.798423
                }
            },
            {
                "time": {
                    "start": "2019-09-13T17:37:15.469Z",
                    "end": "2019-09-13T17:37:25.522Z"
                },
                "type": "SCRUB",
                "source": "video:drag",
                "_t": "11:37:15",
                "_end": "11:37:25",
                "data": {
                    "to": 1.067196,
                    "from": 1.047433
                }
            },
            {
                "time": {
                    "start": "2019-09-13T17:34:44.350Z",
                    "end": "2019-09-13T17:37:27.153Z"
                },
                "type": "SCRUB",
                "source": "data:drag",
                "_t": "11:34:44",
                "_end": "11:37:27",
                "data": {
                    "time": 1.067196
                }
            },
            {
                "time": {
                    "start": "2019-09-13T17:34:44.350Z",
                    "end": "2019-09-13T17:37:29.473Z"
                },
                "type": "SCRUB",
                "source": "data:drag",
                "_t": "11:34:44",
                "_end": "11:37:29",
                "data": {
                    "time": 1.067196
                }
            },
            {
                "time": {
                    "start": "2019-09-13T17:37:31.405Z",
                    "end": "2019-09-13T17:37:36.315Z"
                },
                "type": "SCRUB",
                "source": "video:drag",
                "_t": "11:37:31",
                "_end": "11:37:36",
                "data": {
                    "to": 1.561268,
                    "from": 1.067196
                }
            },
            {
                "time": {
                    "start": "2019-09-13T17:34:44.350Z",
                    "end": "2019-09-13T17:37:37.804Z"
                },
                "type": "SCRUB",
                "source": "data:drag",
                "_t": "11:34:44",
                "_end": "11:37:37",
                "data": {
                    "time": 1.561268
                }
            },
            {
                "time": {
                    "start": "2019-09-13T17:34:44.350Z",
                    "end": "2019-09-13T17:37:41.524Z"
                },
                "type": "SCRUB",
                "source": "data:drag",
                "_t": "11:34:44",
                "_end": "11:37:41",
                "data": {
                    "time": 1.561268
                }
            },
            {
                "time": {
                    "start": "2019-09-13T17:34:44.350Z",
                    "end": "2019-09-13T17:37:42.678Z"
                },
                "type": "SCRUB",
                "source": "data:drag",
                "_t": "11:34:44",
                "_end": "11:37:42",
                "data": {
                    "time": 1.561268
                }
            },
            {
                "time": {
                    "start": "2019-09-13T17:34:44.350Z",
                    "end": "2019-09-13T17:37:44.021Z"
                },
                "type": "SCRUB",
                "source": "data:drag",
                "_t": "11:34:44",
                "_end": "11:37:44",
                "data": {
                    "time": 1.561268
                }
            },
            {
                "time": {
                    "start": "2019-09-13T17:34:44.350Z",
                    "end": "2019-09-13T17:37:48.546Z"
                },
                "type": "SCRUB",
                "source": "data:drag",
                "_t": "11:34:44",
                "_end": "11:37:48",
                "data": {
                    "time": 1.561268
                }
            },
            {
                "time": {
                    "start": "2019-09-13T17:34:44.350Z",
                    "end": "2019-09-13T17:37:50.320Z"
                },
                "type": "SCRUB",
                "source": "data:drag",
                "_t": "11:34:44",
                "_end": "11:37:50",
                "data": {
                    "time": 1.561268
                }
            },
            {
                "time": {
                    "start": "2019-09-13T17:34:44.350Z",
                    "end": "2019-09-13T17:37:51.140Z"
                },
                "type": "SCRUB",
                "source": "data:drag",
                "_t": "11:34:44",
                "_end": "11:37:51",
                "data": {
                    "time": 1.561268
                }
            },
            {
                "time": {
                    "start": "2019-09-13T17:34:44.350Z",
                    "end": "2019-09-13T17:37:52.906Z"
                },
                "type": "SCRUB",
                "source": "data:drag",
                "_t": "11:34:44",
                "_end": "11:37:52",
                "data": {
                    "time": 1.561268
                }
            },
            {
                "time": {
                    "start": "2019-09-13T17:34:44.350Z",
                    "end": "2019-09-13T17:37:53.997Z"
                },
                "type": "SCRUB",
                "source": "data:drag",
                "_t": "11:34:44",
                "_end": "11:37:53",
                "data": {
                    "time": 1.561268
                }
            },
            {
                "time": {
                    "start": "2019-09-13T17:34:44.350Z",
                    "end": "2019-09-13T17:37:54.409Z"
                },
                "type": "SCRUB",
                "source": "data:drag",
                "_t": "11:34:44",
                "_end": "11:37:54",
                "data": {
                    "time": 1.563138243902439
                }
            },
            {
                "time": {
                    "start": "2019-09-13T17:34:44.350Z",
                    "end": "2019-09-13T17:37:55.125Z"
                },
                "type": "SCRUB",
                "source": "data:drag",
                "_t": "11:34:44",
                "_end": "11:37:55",
                "data": {
                    "time": 1.5706189756097557
                }
            },
            {
                "time": {
                    "start": "2019-09-13T17:34:44.350Z",
                    "end": "2019-09-13T17:37:55.839Z"
                },
                "type": "SCRUB",
                "source": "data:drag",
                "_t": "11:34:44",
                "_end": "11:37:55",
                "data": {
                    "time": 1.572489243902439
                }
            },
            {
                "time": {
                    "start": "2019-09-13T17:34:44.350Z",
                    "end": "2019-09-13T17:37:56.659Z"
                },
                "type": "SCRUB",
                "source": "data:drag",
                "_t": "11:34:44",
                "_end": "11:37:56",
                "data": {
                    "time": 1.572489
                }
            },
            {
                "time": {
                    "start": "2019-09-13T17:34:44.350Z",
                    "end": "2019-09-13T17:37:59.301Z"
                },
                "type": "SCRUB",
                "source": "data:drag",
                "_t": "11:34:44",
                "_end": "11:37:59",
                "data": {
                    "time": 1.572489
                }
            }
        ]
    }
}