[{"time":4.02,"endTime":4.02,"type":"orange-in-air","id":4},{"time":0.01789275609766494,"endTime":1.342,"type":"orange-on-ground","id":5},{"time":1.342,"endTime":1.578,"type":"orange-on-ground","id":6},{"time":1.578,"endTime":2.262,"type":"orange-in-air","id":7},{"time":2.262,"endTime":2.9860000000000713,"type":"orange-on-ground","id":8},{"time":2.9860000000000713,"endTime":3.7459997560975675,"type":"orange-in-air","id":9},{"time":4.189878,"endTime":4.624,"type":"orange-on-ground","id":10},{"time":4.624,"endTime":5.272,"type":"orange-in-air","id":11},{"time":5.47,"endTime":5.872,"type":"orange-on-ground","id":12},{"time":6.03,"endTime":6.83,"type":"orange-in-air","id":13},{"time":7.072,"endTime":7.596,"type":"orange-on-ground","id":14},{"time":7.672,"endTime":8.394,"type":"orange-in-air","id":15},{"time":8.516,"endTime":8.834,"type":"orange-on-ground","id":16},{"time":8.994,"endTime":9.518,"type":"orange-in-air","id":17},{"time":9.876,"endTime":10.278,"type":"orange-on-ground","id":18},{"time":10.436,"endTime":11.204,"type":"orange-in-air","id":19},{"time":11.404,"endTime":11.686,"type":"orange-on-ground","id":20},{"time":11.884,"endTime":12.848,"type":"orange-in-air","id":21},{"time":12.848,"endTime":12.968,"type":"orange-on-ground","id":22},{"time":13.41,"endTime":14.248,"type":"orange-in-air","id":23},{"time":14.492,"endTime":14.612,"type":"orange-on-ground","id":24},{"time":16.296,"endTime":17.098955,"type":"orange-in-air","id":25},{"time":17.498,"endTime":17.654,"type":"orange-on-ground","id":26},{"time":18.261611,"endTime":18.374,"type":"orange-in-air","id":27},{"time":19.262,"endTime":19.458,"type":"orange-in-air","id":28},{"time":20.9,"endTime":21.022,"type":"orange-in-air","id":29}]