{
    "user_id": "Maroon 3",
    "session_id": "5d7bcedf81249f67dd06ad12",
    "study": "studyE",
    "workspace": "gait.gait-blue",
    "details": {
        "workspace": "gait.gait-blue",
        "labels": [
            {
                "time": 0.8860000000025272,
                "endTime": 1.6884478048770024,
                "type": "orange-on-ground",
                "id": 1
            },
            {
                "time": 1.6884478048770024,
                "endTime": 2.255999512192425,
                "type": "orange-in-air",
                "id": 2
            },
            {
                "time": 2.2559999999976252,
                "endTime": 3.238903414633338,
                "type": "orange-on-ground",
                "id": 3
            },
            {
                "time": 3.2389034146376705,
                "endTime": 3.8493551219508007,
                "type": "orange-in-air",
                "id": 4
            },
            {
                "time": 3.8624465365848324,
                "endTime": 4.354899219511421,
                "type": "orange-on-ground",
                "id": 5
            },
            {
                "time": 4.354899756097559,
                "endTime": 5.2846977560975645,
                "type": "orange-in-air",
                "id": 6
            },
            {
                "time": 5.286568,
                "endTime": 5.966,
                "type": "orange-on-ground",
                "id": 7
            },
            {
                "time": 5.966,
                "endTime": 6.826116097560983,
                "type": "orange-in-air",
                "id": 8
            },
            {
                "time": 6.833596878050129,
                "endTime": 7.355999804877408,
                "type": "orange-on-ground",
                "id": 9
            },
            {
                "time": 7.356,
                "endTime": 8.124,
                "type": "orange-in-air",
                "id": 10
            },
            {
                "time": 8.124,
                "endTime": 8.926,
                "type": "orange-on-ground",
                "id": 11
            },
            {
                "time": 8.926,
                "endTime": 9.694,
                "type": "orange-in-air",
                "id": 12
            },
            {
                "time": 9.694,
                "endTime": 10.216,
                "type": "orange-on-ground",
                "id": 13
            },
            {
                "time": 10.216,
                "endTime": 11.142,
                "type": "orange-in-air",
                "id": 14
            },
            {
                "time": 11.142,
                "endTime": 11.954,
                "type": "orange-on-ground",
                "id": 15
            },
            {
                "time": 11.954,
                "endTime": 12.68,
                "type": "orange-in-air",
                "id": 16
            },
            {
                "time": 12.68,
                "endTime": 13.326,
                "type": "orange-on-ground",
                "id": 17
            },
            {
                "time": 13.326,
                "endTime": 14.052,
                "type": "orange-in-air",
                "id": 18
            },
            {
                "time": 14.052,
                "endTime": 14.74,
                "type": "orange-on-ground",
                "id": 19
            },
            {
                "time": 14.74,
                "endTime": 15.5,
                "type": "orange-in-air",
                "id": 20
            },
            {
                "time": 15.5,
                "endTime": 16.194,
                "type": "orange-on-ground",
                "id": 21
            },
            {
                "time": 16.194,
                "endTime": 17.038,
                "type": "orange-in-air",
                "id": 22
            },
            {
                "time": 17.038,
                "endTime": 17.854,
                "type": "orange-on-ground",
                "id": 23
            },
            {
                "time": 17.854,
                "endTime": 18.582,
                "type": "orange-in-air",
                "id": 24
            },
            {
                "time": 18.582,
                "endTime": 19.266,
                "type": "orange-on-ground",
                "id": 25
            },
            {
                "time": 19.266,
                "endTime": 19.99558,
                "type": "orange-in-air",
                "id": 26
            },
            {
                "time": 19.99558,
                "endTime": 20.684,
                "type": "orange-on-ground",
                "id": 27
            },
            {
                "time": 20.684,
                "endTime": 21.412,
                "type": "orange-in-air",
                "id": 28
            },
            {
                "time": 21.412,
                "endTime": 22.092,
                "type": "orange-on-ground",
                "id": 29
            },
            {
                "time": 22.092,
                "endTime": 22.86,
                "type": "orange-in-air",
                "id": 30
            },
            {
                "time": 22.86,
                "endTime": 23.008,
                "type": "orange-on-ground",
                "id": 31
            },
            {
                "time": 0,
                "endTime": 0.394,
                "type": "orange-on-ground",
                "id": 32
            },
            {
                "time": 0.394,
                "endTime": 0.72,
                "type": "orange-in-air",
                "id": 33
            },
            {
                "time": 0.72,
                "endTime": 0.886,
                "type": "orange-on-ground",
                "id": 34
            }
        ],
        "_starts": [
            "2019-09-13T17:39:42.000Z"
        ],
        "_ends": [
            "2019-09-13T17:43:14.901Z"
        ]
    },
    "labels_file": "/home/ubuntu/vat/data/user-studies/studyE/gait-blue/Maroon 3.labels.json",
    "videoFlash": 0.00001,
    "surveys": {
        "user-info": {
            "firstname": "Marc",
            "lastname": "Terry",
            "email": "cramterry5@gmail.com"
        },
        "practice-first": {
            "question1": "5",
            "question2": "ok",
            "question3": "60",
            "question4": "3"
        },
        "practice-second": {},
        "practice-third": {},
        "practice-survey": {},
        "drywall-blue": {
            "question1": "4",
            "question2": "3",
            "question3": "20",
            "question4": "50"
        },
        "drywall-red": {
            "question1": "2",
            "question2": "3",
            "question3": "50",
            "question4": "70"
        },
        "drywall-orange": {
            "question1": "4",
            "question2": "4",
            "question3": "30",
            "question4": "30"
        },
        "drywall-survey": {
            "question1": "5",
            "question2": "2",
            "question3": "4",
            "question4": "5"
        }
    },
    "logs": {
        "labelEvents": [
            {
                "time": "2019-09-13T17:40:16.540Z",
                "type": "START",
                "source": "hotkey",
                "_t": "11:40:16",
                "_end": "-",
                "data": {
                    "type": "orange-on-ground",
                    "time": 0.886
                }
            },
            {
                "time": "2019-09-13T17:40:17.684Z",
                "type": "START",
                "source": "hotkey",
                "_t": "11:40:17",
                "_end": "-",
                "data": {
                    "type": "orange-in-air",
                    "time": 2.012
                }
            },
            {
                "time": "2019-09-13T17:40:17.967Z",
                "type": "START",
                "source": "hotkey",
                "_t": "11:40:17",
                "_end": "-",
                "data": {
                    "type": "orange-on-ground",
                    "time": 2.256
                }
            },
            {
                "time": "2019-09-13T17:40:18.586Z",
                "type": "START",
                "source": "hotkey",
                "_t": "11:40:18",
                "_end": "-",
                "data": {
                    "type": "orange-in-air",
                    "time": 2.906
                }
            },
            {
                "time": "2019-09-13T17:40:19.032Z",
                "type": "START",
                "source": "hotkey",
                "_t": "11:40:19",
                "_end": "-",
                "data": {
                    "type": "orange-on-ground",
                    "time": 3.35
                }
            },
            {
                "time": "2019-09-13T17:40:20.209Z",
                "type": "START",
                "source": "hotkey",
                "_t": "11:40:20",
                "_end": "-",
                "data": {
                    "type": "orange-in-air",
                    "time": 4.512
                }
            },
            {
                "time": "2019-09-13T17:40:20.949Z",
                "type": "START",
                "source": "hotkey",
                "_t": "11:40:20",
                "_end": "-",
                "data": {
                    "type": "orange-on-ground",
                    "time": 5.286568
                }
            },
            {
                "time": "2019-09-13T17:40:21.639Z",
                "type": "START",
                "source": "hotkey",
                "_t": "11:40:21",
                "_end": "-",
                "data": {
                    "type": "orange-in-air",
                    "time": 5.966
                }
            },
            {
                "time": "2019-09-13T17:40:22.294Z",
                "type": "START",
                "source": "hotkey",
                "_t": "11:40:22",
                "_end": "-",
                "data": {
                    "type": "orange-on-ground",
                    "time": 6.626
                }
            },
            {
                "time": "2019-09-13T17:40:23.044Z",
                "type": "START",
                "source": "hotkey",
                "_t": "11:40:23",
                "_end": "-",
                "data": {
                    "type": "orange-in-air",
                    "time": 7.356
                }
            },
            {
                "time": "2019-09-13T17:40:23.789Z",
                "type": "START",
                "source": "hotkey",
                "_t": "11:40:23",
                "_end": "-",
                "data": {
                    "type": "orange-on-ground",
                    "time": 8.124
                }
            },
            {
                "time": "2019-09-13T17:40:24.599Z",
                "type": "START",
                "source": "hotkey",
                "_t": "11:40:24",
                "_end": "-",
                "data": {
                    "type": "orange-in-air",
                    "time": 8.926
                }
            },
            {
                "time": "2019-09-13T17:40:25.349Z",
                "type": "START",
                "source": "hotkey",
                "_t": "11:40:25",
                "_end": "-",
                "data": {
                    "type": "orange-on-ground",
                    "time": 9.694
                }
            },
            {
                "time": "2019-09-13T17:40:25.877Z",
                "type": "START",
                "source": "hotkey",
                "_t": "11:40:25",
                "_end": "-",
                "data": {
                    "type": "orange-in-air",
                    "time": 10.216
                }
            },
            {
                "time": "2019-09-13T17:40:26.810Z",
                "type": "START",
                "source": "hotkey",
                "_t": "11:40:26",
                "_end": "-",
                "data": {
                    "type": "orange-on-ground",
                    "time": 11.142
                }
            },
            {
                "time": "2019-09-13T17:40:27.624Z",
                "type": "START",
                "source": "hotkey",
                "_t": "11:40:27",
                "_end": "-",
                "data": {
                    "type": "orange-in-air",
                    "time": 11.954
                }
            },
            {
                "time": "2019-09-13T17:40:28.359Z",
                "type": "START",
                "source": "hotkey",
                "_t": "11:40:28",
                "_end": "-",
                "data": {
                    "type": "orange-on-ground",
                    "time": 12.68
                }
            },
            {
                "time": "2019-09-13T17:40:29.015Z",
                "type": "START",
                "source": "hotkey",
                "_t": "11:40:29",
                "_end": "-",
                "data": {
                    "type": "orange-in-air",
                    "time": 13.326
                }
            },
            {
                "time": "2019-09-13T17:40:29.720Z",
                "type": "START",
                "source": "hotkey",
                "_t": "11:40:29",
                "_end": "-",
                "data": {
                    "type": "orange-on-ground",
                    "time": 14.052
                }
            },
            {
                "time": "2019-09-13T17:40:30.408Z",
                "type": "START",
                "source": "hotkey",
                "_t": "11:40:30",
                "_end": "-",
                "data": {
                    "type": "orange-in-air",
                    "time": 14.74
                }
            },
            {
                "time": "2019-09-13T17:40:31.175Z",
                "type": "START",
                "source": "hotkey",
                "_t": "11:40:31",
                "_end": "-",
                "data": {
                    "type": "orange-on-ground",
                    "time": 15.5
                }
            },
            {
                "time": "2019-09-13T17:40:31.877Z",
                "type": "START",
                "source": "hotkey",
                "_t": "11:40:31",
                "_end": "-",
                "data": {
                    "type": "orange-in-air",
                    "time": 16.194
                }
            },
            {
                "time": "2019-09-13T17:40:32.725Z",
                "type": "START",
                "source": "hotkey",
                "_t": "11:40:32",
                "_end": "-",
                "data": {
                    "type": "orange-on-ground",
                    "time": 17.038
                }
            },
            {
                "time": "2019-09-13T17:40:33.542Z",
                "type": "START",
                "source": "hotkey",
                "_t": "11:40:33",
                "_end": "-",
                "data": {
                    "type": "orange-in-air",
                    "time": 17.854
                }
            },
            {
                "time": "2019-09-13T17:40:34.261Z",
                "type": "START",
                "source": "hotkey",
                "_t": "11:40:34",
                "_end": "-",
                "data": {
                    "type": "orange-on-ground",
                    "time": 18.582
                }
            },
            {
                "time": "2019-09-13T17:40:34.949Z",
                "type": "START",
                "source": "hotkey",
                "_t": "11:40:34",
                "_end": "-",
                "data": {
                    "type": "orange-in-air",
                    "time": 19.266
                }
            },
            {
                "time": "2019-09-13T17:40:35.670Z",
                "type": "START",
                "source": "hotkey",
                "_t": "11:40:35",
                "_end": "-",
                "data": {
                    "type": "orange-on-ground",
                    "time": 19.99558
                }
            },
            {
                "time": "2019-09-13T17:40:36.342Z",
                "type": "START",
                "source": "hotkey",
                "_t": "11:40:36",
                "_end": "-",
                "data": {
                    "type": "orange-in-air",
                    "time": 20.684
                }
            },
            {
                "time": "2019-09-13T17:40:37.093Z",
                "type": "START",
                "source": "hotkey",
                "_t": "11:40:37",
                "_end": "-",
                "data": {
                    "type": "orange-on-ground",
                    "time": 21.412
                }
            },
            {
                "time": "2019-09-13T17:40:37.749Z",
                "type": "START",
                "source": "hotkey",
                "_t": "11:40:37",
                "_end": "-",
                "data": {
                    "type": "orange-in-air",
                    "time": 22.092
                }
            },
            {
                "time": "2019-09-13T17:40:38.551Z",
                "type": "START",
                "source": "hotkey",
                "_t": "11:40:38",
                "_end": "-",
                "data": {
                    "type": "orange-on-ground",
                    "time": 22.86
                }
            },
            {
                "time": "2019-09-13T17:40:41.429Z",
                "type": "END",
                "source": "hotkey:ctb",
                "_t": "11:40:41",
                "_end": "-",
                "data": {
                    "lbl": {
                        "time": 22.86,
                        "endTime": 23.008,
                        "type": "orange-on-ground",
                        "id": 31
                    },
                    "key": "enter"
                }
            },
            {
                "time": "2019-09-13T17:40:59.610Z",
                "type": "START",
                "source": "hotkey",
                "_t": "11:40:59",
                "_end": "-",
                "data": {
                    "type": "orange-on-ground",
                    "time": 0
                }
            },
            {
                "time": "2019-09-13T17:41:01.635Z",
                "type": "START",
                "source": "hotkey",
                "_t": "11:41:01",
                "_end": "-",
                "data": {
                    "type": "orange-in-air",
                    "time": 0.394
                }
            },
            {
                "time": "2019-09-13T17:41:02.916Z",
                "type": "START",
                "source": "hotkey",
                "_t": "11:41:02",
                "_end": "-",
                "data": {
                    "type": "orange-on-ground",
                    "time": 0.72
                }
            },
            {
                "time": "2019-09-13T17:41:06.568Z",
                "type": "END",
                "source": "hotkey:ctb",
                "_t": "11:41:06",
                "_end": "-",
                "data": {
                    "lbl": {
                        "time": 0.72,
                        "endTime": 0.886,
                        "type": "orange-on-ground",
                        "id": 34
                    },
                    "key": "enter"
                }
            },
            {
                "time": "2019-09-13T17:41:28.544Z",
                "type": "SELECT",
                "source": "data:click",
                "_t": "11:41:28",
                "_end": "-",
                "data": {
                    "time": 1.6884478048770024,
                    "endTime": 2.255999512192425,
                    "type": "orange-in-air",
                    "id": 2
                }
            },
            {
                "time": {
                    "start": "2019-09-13T17:41:29.593Z",
                    "end": "2019-09-13T17:41:30.654Z"
                },
                "type": "RESIZE",
                "source": "data:brush",
                "_t": "11:41:29",
                "_end": "11:41:30",
                "data": {
                    "brushing": true,
                    "origin": [
                        2.012,
                        2.256
                    ],
                    "_brushside": 0,
                    "start": "2019-09-13T17:41:29.593Z",
                    "ε": 0.1,
                    "mode": "resize"
                }
            },
            {
                "time": {
                    "start": "2019-09-13T17:41:33.281Z",
                    "end": "2019-09-13T17:41:34.022Z"
                },
                "type": "RESIZE",
                "source": "data:brush",
                "_t": "11:41:33",
                "_end": "11:41:34",
                "data": {
                    "brushing": true,
                    "origin": [
                        2.012,
                        2.256
                    ],
                    "_brushside": 0,
                    "start": "2019-09-13T17:41:33.281Z",
                    "ε": 0.1,
                    "mode": "resize"
                }
            },
            {
                "time": "2019-09-13T17:41:34.841Z",
                "type": "DESELECT",
                "source": "data:click",
                "_t": "11:41:34",
                "_end": "-",
                "data": {
                    "time": 2.012,
                    "endTime": 2.2559999999981937,
                    "type": "orange-in-air",
                    "id": 2
                }
            },
            {
                "time": "2019-09-13T17:41:35.293Z",
                "type": "SELECT",
                "source": "data:click",
                "_t": "11:41:35",
                "_end": "-",
                "data": {
                    "time": 0.8860000000025272,
                    "endTime": 1.6884478048770024,
                    "type": "orange-on-ground",
                    "id": 1
                }
            },
            {
                "time": {
                    "start": "2019-09-13T17:41:36.393Z",
                    "end": "2019-09-13T17:41:37.301Z"
                },
                "type": "RESIZE",
                "source": "data:brush",
                "_t": "11:41:36",
                "_end": "11:41:37",
                "data": {
                    "brushing": true,
                    "origin": [
                        0.886,
                        2.012
                    ],
                    "_brushside": 1,
                    "start": "2019-09-13T17:41:36.393Z",
                    "ε": 0.1,
                    "mode": "resize"
                }
            },
            {
                "time": "2019-09-13T17:41:38.617Z",
                "type": "DESELECT",
                "source": "data:click",
                "_t": "11:41:38",
                "_end": "-",
                "data": {
                    "time": 0.8860000000025272,
                    "endTime": 1.6884478048770024,
                    "type": "orange-on-ground",
                    "id": 1
                }
            },
            {
                "time": "2019-09-13T17:41:39.165Z",
                "type": "SELECT",
                "source": "data:click",
                "_t": "11:41:39",
                "_end": "-",
                "data": {
                    "time": 1.6884478048770024,
                    "endTime": 2.255999512192425,
                    "type": "orange-in-air",
                    "id": 2
                }
            },
            {
                "time": {
                    "start": "2019-09-13T17:41:40.217Z",
                    "end": "2019-09-13T17:41:41.309Z"
                },
                "type": "RESIZE",
                "source": "data:brush",
                "_t": "11:41:40",
                "_end": "11:41:41",
                "data": {
                    "brushing": true,
                    "origin": [
                        2.012,
                        2.2559999999981937
                    ],
                    "_brushside": 0,
                    "start": "2019-09-13T17:41:40.217Z",
                    "ε": 0.1,
                    "mode": "resize"
                }
            },
            {
                "time": "2019-09-13T17:41:42.018Z",
                "type": "DESELECT",
                "source": "data:click",
                "_t": "11:41:42",
                "_end": "-",
                "data": {
                    "time": 1.6884478048770024,
                    "endTime": 2.255999512192425,
                    "type": "orange-in-air",
                    "id": 2
                }
            },
            {
                "time": "2019-09-13T17:42:04.125Z",
                "type": "SELECT",
                "source": "data:click",
                "_t": "11:42:04",
                "_end": "-",
                "data": {
                    "time": 3.8624465365848324,
                    "endTime": 4.354899219511421,
                    "type": "orange-on-ground",
                    "id": 5
                }
            },
            {
                "time": {
                    "start": "2019-09-13T17:42:05.495Z",
                    "end": "2019-09-13T17:42:07.168Z"
                },
                "type": "RESIZE",
                "source": "data:brush",
                "_t": "11:42:05",
                "_end": "11:42:07",
                "data": {
                    "brushing": true,
                    "origin": [
                        3.35,
                        4.512
                    ],
                    "_brushside": 0,
                    "start": "2019-09-13T17:42:05.495Z",
                    "ε": 0.1,
                    "mode": "resize"
                }
            },
            {
                "time": "2019-09-13T17:42:07.811Z",
                "type": "DESELECT",
                "source": "data:click",
                "_t": "11:42:07",
                "_end": "-",
                "data": {
                    "time": 3.8624468292675003,
                    "endTime": 4.512,
                    "type": "orange-on-ground",
                    "id": 5
                }
            },
            {
                "time": "2019-09-13T17:42:08.623Z",
                "type": "SELECT",
                "source": "data:click",
                "_t": "11:42:08",
                "_end": "-",
                "data": {
                    "time": 3.2389034146376705,
                    "endTime": 3.8493551219508007,
                    "type": "orange-in-air",
                    "id": 4
                }
            },
            {
                "time": {
                    "start": "2019-09-13T17:42:09.345Z",
                    "end": "2019-09-13T17:42:10.823Z"
                },
                "type": "RESIZE",
                "source": "data:brush",
                "_t": "11:42:09",
                "_end": "11:42:10",
                "data": {
                    "brushing": true,
                    "origin": [
                        2.906,
                        3.35
                    ],
                    "_brushside": 1,
                    "start": "2019-09-13T17:42:09.345Z",
                    "ε": 0.1,
                    "mode": "resize"
                }
            },
            {
                "time": "2019-09-13T17:42:11.473Z",
                "type": "DESELECT",
                "source": "data:click",
                "_t": "11:42:11",
                "_end": "-",
                "data": {
                    "time": 2.9060000000013466,
                    "endTime": 3.8493551219510915,
                    "type": "orange-in-air",
                    "id": 4
                }
            },
            {
                "time": "2019-09-13T17:42:14.238Z",
                "type": "SELECT",
                "source": "data:click",
                "_t": "11:42:14",
                "_end": "-",
                "data": {
                    "time": 3.2389034146376705,
                    "endTime": 3.8493551219508007,
                    "type": "orange-in-air",
                    "id": 4
                }
            },
            {
                "time": {
                    "start": "2019-09-13T17:42:15.008Z",
                    "end": "2019-09-13T17:42:16.719Z"
                },
                "type": "RESIZE",
                "source": "data:brush",
                "_t": "11:42:15",
                "_end": "11:42:16",
                "data": {
                    "brushing": true,
                    "origin": [
                        2.9060000000013466,
                        3.8493551219510915
                    ],
                    "_brushside": 0,
                    "start": "2019-09-13T17:42:15.008Z",
                    "ε": 0.1,
                    "mode": "resize"
                }
            },
            {
                "time": "2019-09-13T17:42:17.374Z",
                "type": "DESELECT",
                "source": "data:click",
                "_t": "11:42:17",
                "_end": "-",
                "data": {
                    "time": 3.2389034146376705,
                    "endTime": 3.8493551219508007,
                    "type": "orange-in-air",
                    "id": 4
                }
            },
            {
                "time": "2019-09-13T17:42:18.097Z",
                "type": "SELECT",
                "source": "data:click",
                "_t": "11:42:18",
                "_end": "-",
                "data": {
                    "time": 2.2559999999976252,
                    "endTime": 3.238903414633338,
                    "type": "orange-on-ground",
                    "id": 3
                }
            },
            {
                "time": {
                    "start": "2019-09-13T17:42:18.985Z",
                    "end": "2019-09-13T17:42:19.983Z"
                },
                "type": "RESIZE",
                "source": "data:brush",
                "_t": "11:42:18",
                "_end": "11:42:19",
                "data": {
                    "brushing": true,
                    "origin": [
                        2.256,
                        2.906
                    ],
                    "_brushside": 1,
                    "start": "2019-09-13T17:42:18.985Z",
                    "ε": 0.1,
                    "mode": "resize"
                }
            },
            {
                "time": "2019-09-13T17:42:21.149Z",
                "type": "DESELECT",
                "source": "data:click",
                "_t": "11:42:21",
                "_end": "-",
                "data": {
                    "time": 2.2559999999976252,
                    "endTime": 3.238903414633338,
                    "type": "orange-on-ground",
                    "id": 3
                }
            },
            {
                "time": "2019-09-13T17:42:36.171Z",
                "type": "SELECT",
                "source": "data:click",
                "_t": "11:42:36",
                "_end": "-",
                "data": {
                    "time": 3.8624465365848324,
                    "endTime": 4.354899219511421,
                    "type": "orange-on-ground",
                    "id": 5
                }
            },
            {
                "time": {
                    "start": "2019-09-13T17:42:37.422Z",
                    "end": "2019-09-13T17:42:38.296Z"
                },
                "type": "RESIZE",
                "source": "data:brush",
                "_t": "11:42:37",
                "_end": "11:42:38",
                "data": {
                    "brushing": true,
                    "origin": [
                        3.8624468292675003,
                        4.512
                    ],
                    "_brushside": 1,
                    "start": "2019-09-13T17:42:37.422Z",
                    "ε": 0.1,
                    "mode": "resize"
                }
            },
            {
                "time": "2019-09-13T17:42:39.276Z",
                "type": "DESELECT",
                "source": "data:click",
                "_t": "11:42:39",
                "_end": "-",
                "data": {
                    "time": 3.8624465365848324,
                    "endTime": 4.354899219511421,
                    "type": "orange-on-ground",
                    "id": 5
                }
            },
            {
                "time": "2019-09-13T17:42:39.846Z",
                "type": "SELECT",
                "source": "data:click",
                "_t": "11:42:39",
                "_end": "-",
                "data": {
                    "time": 4.354899756097559,
                    "endTime": 5.2846977560975645,
                    "type": "orange-in-air",
                    "id": 6
                }
            },
            {
                "time": {
                    "start": "2019-09-13T17:42:40.779Z",
                    "end": "2019-09-13T17:42:41.475Z"
                },
                "type": "RESIZE",
                "source": "data:brush",
                "_t": "11:42:40",
                "_end": "11:42:41",
                "data": {
                    "brushing": true,
                    "origin": [
                        4.512,
                        5.286568
                    ],
                    "_brushside": 0,
                    "start": "2019-09-13T17:42:40.779Z",
                    "ε": 0.1,
                    "mode": "resize"
                }
            },
            {
                "time": {
                    "start": "2019-09-13T17:42:42.088Z",
                    "end": "2019-09-13T17:42:43.648Z"
                },
                "type": "MOVE",
                "source": "data:brush",
                "_t": "11:42:42",
                "_end": "11:42:43",
                "data": {
                    "brushing": true,
                    "origin": [
                        4.356769999999996,
                        5.286568
                    ],
                    "start": "2019-09-13T17:42:42.088Z",
                    "ε": 0.1,
                    "mode": "move"
                }
            },
            {
                "time": "2019-09-13T17:42:44.220Z",
                "type": "DESELECT",
                "source": "data:click",
                "_t": "11:42:44",
                "_end": "-",
                "data": {
                    "time": 4.354899756097559,
                    "endTime": 5.2846977560975645,
                    "type": "orange-in-air",
                    "id": 6
                }
            },
            {
                "time": "2019-09-13T17:42:58.677Z",
                "type": "SELECT",
                "source": "data:click",
                "_t": "11:42:58",
                "_end": "-",
                "data": {
                    "time": 6.833596878050129,
                    "endTime": 7.355999804877408,
                    "type": "orange-on-ground",
                    "id": 9
                }
            },
            {
                "time": {
                    "start": "2019-09-13T17:42:59.970Z",
                    "end": "2019-09-13T17:43:01.848Z"
                },
                "type": "RESIZE",
                "source": "data:brush",
                "_t": "11:42:59",
                "_end": "11:43:01",
                "data": {
                    "brushing": true,
                    "origin": [
                        6.626,
                        7.356
                    ],
                    "_brushside": 0,
                    "start": "2019-09-13T17:42:59.970Z",
                    "ε": 0.1,
                    "mode": "resize"
                }
            },
            {
                "time": "2019-09-13T17:43:02.413Z",
                "type": "DESELECT",
                "source": "data:click",
                "_t": "11:43:02",
                "_end": "-",
                "data": {
                    "time": 6.833596878050129,
                    "endTime": 7.355999804877408,
                    "type": "orange-on-ground",
                    "id": 9
                }
            },
            {
                "time": "2019-09-13T17:43:03.121Z",
                "type": "SELECT",
                "source": "data:click",
                "_t": "11:43:03",
                "_end": "-",
                "data": {
                    "time": 5.966,
                    "endTime": 6.826116097560983,
                    "type": "orange-in-air",
                    "id": 8
                }
            },
            {
                "time": {
                    "start": "2019-09-13T17:43:03.962Z",
                    "end": "2019-09-13T17:43:06.020Z"
                },
                "type": "RESIZE",
                "source": "data:brush",
                "_t": "11:43:03",
                "_end": "11:43:06",
                "data": {
                    "brushing": true,
                    "origin": [
                        5.966,
                        6.626
                    ],
                    "_brushside": 1,
                    "start": "2019-09-13T17:43:03.962Z",
                    "ε": 0.1,
                    "mode": "resize"
                }
            },
            {
                "time": "2019-09-13T17:43:06.816Z",
                "type": "DESELECT",
                "source": "data:click",
                "_t": "11:43:06",
                "_end": "-",
                "data": {
                    "time": 5.966,
                    "endTime": 6.826116097560983,
                    "type": "orange-in-air",
                    "id": 8
                }
            }
        ],
        "navigationEvents": [
            {
                "time": {
                    "start": "2019-09-13T17:39:42.362Z",
                    "end": "2019-09-13T17:40:44.744Z"
                },
                "type": "SCRUB",
                "source": "data:drag",
                "_t": "11:39:42",
                "_end": "11:40:44",
                "data": {
                    "time": 20.428933658536508
                }
            },
            {
                "time": {
                    "start": "2019-09-13T17:39:42.362Z",
                    "end": "2019-09-13T17:40:45.707Z"
                },
                "type": "SCRUB",
                "source": "data:drag",
                "_t": "11:39:42",
                "_end": "11:40:45",
                "data": {
                    "time": 18.192122292683834
                }
            },
            {
                "time": {
                    "start": "2019-09-13T17:39:42.362Z",
                    "end": "2019-09-13T17:40:46.345Z"
                },
                "type": "SCRUB",
                "source": "data:drag",
                "_t": "11:39:42",
                "_end": "11:40:46",
                "data": {
                    "time": 16.449054682925805
                }
            },
            {
                "time": {
                    "start": "2019-09-13T17:39:42.362Z",
                    "end": "2019-09-13T17:40:47.756Z"
                },
                "type": "SCRUB",
                "source": "data:drag",
                "_t": "11:39:42",
                "_end": "11:40:47",
                "data": {
                    "time": 13.567009
                }
            },
            {
                "time": {
                    "start": "2019-09-13T17:39:42.362Z",
                    "end": "2019-09-13T17:40:48.513Z"
                },
                "type": "SCRUB",
                "source": "data:drag",
                "_t": "11:39:42",
                "_end": "11:40:48",
                "data": {
                    "time": 11.438671439024315
                }
            },
            {
                "time": {
                    "start": "2019-09-13T17:39:42.362Z",
                    "end": "2019-09-13T17:40:49.213Z"
                },
                "type": "SCRUB",
                "source": "data:drag",
                "_t": "11:39:42",
                "_end": "11:40:49",
                "data": {
                    "time": 9.469304170731636
                }
            },
            {
                "time": {
                    "start": "2019-09-13T17:39:42.362Z",
                    "end": "2019-09-13T17:40:49.911Z"
                },
                "type": "SCRUB",
                "source": "data:drag",
                "_t": "11:39:42",
                "_end": "11:40:49",
                "data": {
                    "time": 7.37089
                }
            },
            {
                "time": {
                    "start": "2019-09-13T17:39:42.362Z",
                    "end": "2019-09-13T17:40:50.609Z"
                },
                "type": "SCRUB",
                "source": "data:drag",
                "_t": "11:39:42",
                "_end": "11:40:50",
                "data": {
                    "time": 4.928351463416358
                }
            },
            {
                "time": {
                    "start": "2019-09-13T17:39:42.362Z",
                    "end": "2019-09-13T17:40:51.384Z"
                },
                "type": "SCRUB",
                "source": "data:drag",
                "_t": "11:39:42",
                "_end": "11:40:51",
                "data": {
                    "time": 2.583065
                }
            },
            {
                "time": {
                    "start": "2019-09-13T17:39:42.362Z",
                    "end": "2019-09-13T17:40:52.971Z"
                },
                "type": "SCRUB",
                "source": "data:drag",
                "_t": "11:39:42",
                "_end": "11:40:52",
                "data": {
                    "time": 0
                }
            },
            {
                "time": "2019-09-13T17:40:55.059Z",
                "type": "CHANGE-PLAYBACK-RATE",
                "source": "video:menu",
                "_t": "11:40:55",
                "_end": "-",
                "data": {
                    "oldRate": 1,
                    "newRate": 0.25
                }
            },
            {
                "time": "2019-09-13T17:40:59.973Z",
                "type": "PLAY",
                "source": "hotkey",
                "_t": "11:40:59",
                "_end": "-",
                "data": {
                    "key": "space"
                }
            },
            {
                "time": "2019-09-13T17:41:16.418Z",
                "type": "PAUSE",
                "source": "hotkey",
                "_t": "11:41:16",
                "_end": "-",
                "data": {
                    "key": "space"
                }
            },
            {
                "time": {
                    "start": "2019-09-13T17:39:42.362Z",
                    "end": "2019-09-13T17:41:18.508Z"
                },
                "type": "SCRUB",
                "source": "data:drag",
                "_t": "11:39:42",
                "_end": "11:41:18",
                "data": {
                    "time": 2.1766107317032866
                }
            },
            {
                "time": {
                    "start": "2019-09-13T17:39:42.362Z",
                    "end": "2019-09-13T17:41:19.489Z"
                },
                "type": "SCRUB",
                "source": "data:drag",
                "_t": "11:39:42",
                "_end": "11:41:19",
                "data": {
                    "time": 0.4503758780421232
                }
            },
            {
                "time": {
                    "start": "2019-09-13T17:39:42.362Z",
                    "end": "2019-09-13T17:41:21.361Z"
                },
                "type": "SCRUB",
                "source": "data:drag",
                "_t": "11:39:42",
                "_end": "11:41:21",
                "data": {
                    "time": 0
                }
            },
            {
                "time": {
                    "start": "2019-09-13T17:39:42.362Z",
                    "end": "2019-09-13T17:41:27.925Z"
                },
                "type": "SCRUB",
                "source": "data:drag",
                "_t": "11:39:42",
                "_end": "11:41:27",
                "data": {
                    "time": 1.68509
                }
            },
            {
                "time": {
                    "start": "2019-09-13T17:39:42.362Z",
                    "end": "2019-09-13T17:41:28.540Z"
                },
                "type": "SCRUB",
                "source": "data:drag",
                "_t": "11:39:42",
                "_end": "11:41:28",
                "data": {
                    "time": 1.68509
                }
            },
            {
                "time": {
                    "start": "2019-09-13T17:39:42.362Z",
                    "end": "2019-09-13T17:41:30.667Z"
                },
                "type": "SCRUB",
                "source": "data:drag",
                "_t": "11:39:42",
                "_end": "11:41:30",
                "data": {
                    "time": 1.68509
                }
            },
            {
                "time": {
                    "start": "2019-09-13T17:39:42.362Z",
                    "end": "2019-09-13T17:41:34.035Z"
                },
                "type": "SCRUB",
                "source": "data:drag",
                "_t": "11:39:42",
                "_end": "11:41:34",
                "data": {
                    "time": 1.68509
                }
            },
            {
                "time": {
                    "start": "2019-09-13T17:39:42.362Z",
                    "end": "2019-09-13T17:41:34.839Z"
                },
                "type": "SCRUB",
                "source": "data:drag",
                "_t": "11:39:42",
                "_end": "11:41:34",
                "data": {
                    "time": 1.68509
                }
            },
            {
                "time": {
                    "start": "2019-09-13T17:39:42.362Z",
                    "end": "2019-09-13T17:41:35.290Z"
                },
                "type": "SCRUB",
                "source": "data:drag",
                "_t": "11:39:42",
                "_end": "11:41:35",
                "data": {
                    "time": 1.68509
                }
            },
            {
                "time": {
                    "start": "2019-09-13T17:39:42.362Z",
                    "end": "2019-09-13T17:41:37.312Z"
                },
                "type": "SCRUB",
                "source": "data:drag",
                "_t": "11:39:42",
                "_end": "11:41:37",
                "data": {
                    "time": 1.68509
                }
            },
            {
                "time": {
                    "start": "2019-09-13T17:39:42.362Z",
                    "end": "2019-09-13T17:41:38.029Z"
                },
                "type": "SCRUB",
                "source": "data:drag",
                "_t": "11:39:42",
                "_end": "11:41:38",
                "data": {
                    "time": 1.6888304878048725
                }
            },
            {
                "time": {
                    "start": "2019-09-13T17:39:42.362Z",
                    "end": "2019-09-13T17:41:38.616Z"
                },
                "type": "SCRUB",
                "source": "data:drag",
                "_t": "11:39:42",
                "_end": "11:41:38",
                "data": {
                    "time": 1.68883
                }
            },
            {
                "time": {
                    "start": "2019-09-13T17:39:42.362Z",
                    "end": "2019-09-13T17:41:39.163Z"
                },
                "type": "SCRUB",
                "source": "data:drag",
                "_t": "11:39:42",
                "_end": "11:41:39",
                "data": {
                    "time": 1.68883
                }
            },
            {
                "time": {
                    "start": "2019-09-13T17:39:42.362Z",
                    "end": "2019-09-13T17:41:41.314Z"
                },
                "type": "SCRUB",
                "source": "data:drag",
                "_t": "11:39:42",
                "_end": "11:41:41",
                "data": {
                    "time": 1.68883
                }
            },
            {
                "time": {
                    "start": "2019-09-13T17:39:42.362Z",
                    "end": "2019-09-13T17:41:42.017Z"
                },
                "type": "SCRUB",
                "source": "data:drag",
                "_t": "11:39:42",
                "_end": "11:41:42",
                "data": {
                    "time": 1.68883
                }
            },
            {
                "time": {
                    "start": "2019-09-13T17:39:42.362Z",
                    "end": "2019-09-13T17:41:49.077Z"
                },
                "type": "SCRUB",
                "source": "data:drag",
                "_t": "11:39:42",
                "_end": "11:41:49",
                "data": {
                    "time": 2.384561
                }
            },
            {
                "time": {
                    "start": "2019-09-13T17:39:42.362Z",
                    "end": "2019-09-13T17:42:03.526Z"
                },
                "type": "SCRUB",
                "source": "data:drag",
                "_t": "11:39:42",
                "_end": "11:42:03",
                "data": {
                    "time": 3.75732
                }
            },
            {
                "time": {
                    "start": "2019-09-13T17:39:42.362Z",
                    "end": "2019-09-13T17:42:04.117Z"
                },
                "type": "SCRUB",
                "source": "data:drag",
                "_t": "11:39:42",
                "_end": "11:42:04",
                "data": {
                    "time": 3.75732
                }
            },
            {
                "time": {
                    "start": "2019-09-13T17:39:42.362Z",
                    "end": "2019-09-13T17:42:07.182Z"
                },
                "type": "SCRUB",
                "source": "data:drag",
                "_t": "11:39:42",
                "_end": "11:42:07",
                "data": {
                    "time": 3.75732
                }
            },
            {
                "time": {
                    "start": "2019-09-13T17:39:42.362Z",
                    "end": "2019-09-13T17:42:07.810Z"
                },
                "type": "SCRUB",
                "source": "data:drag",
                "_t": "11:39:42",
                "_end": "11:42:07",
                "data": {
                    "time": 3.75732
                }
            },
            {
                "time": {
                    "start": "2019-09-13T17:39:42.362Z",
                    "end": "2019-09-13T17:42:08.620Z"
                },
                "type": "SCRUB",
                "source": "data:drag",
                "_t": "11:39:42",
                "_end": "11:42:08",
                "data": {
                    "time": 3.75732
                }
            },
            {
                "time": {
                    "start": "2019-09-13T17:39:42.362Z",
                    "end": "2019-09-13T17:42:10.832Z"
                },
                "type": "SCRUB",
                "source": "data:drag",
                "_t": "11:39:42",
                "_end": "11:42:10",
                "data": {
                    "time": 3.75732
                }
            },
            {
                "time": {
                    "start": "2019-09-13T17:39:42.362Z",
                    "end": "2019-09-13T17:42:11.471Z"
                },
                "type": "SCRUB",
                "source": "data:drag",
                "_t": "11:39:42",
                "_end": "11:42:11",
                "data": {
                    "time": 3.75732
                }
            },
            {
                "time": {
                    "start": "2019-09-13T17:39:42.362Z",
                    "end": "2019-09-13T17:42:14.235Z"
                },
                "type": "SCRUB",
                "source": "data:drag",
                "_t": "11:39:42",
                "_end": "11:42:14",
                "data": {
                    "time": 3.75732
                }
            },
            {
                "time": {
                    "start": "2019-09-13T17:39:42.362Z",
                    "end": "2019-09-13T17:42:16.725Z"
                },
                "type": "SCRUB",
                "source": "data:drag",
                "_t": "11:39:42",
                "_end": "11:42:16",
                "data": {
                    "time": 3.75732
                }
            },
            {
                "time": {
                    "start": "2019-09-13T17:39:42.362Z",
                    "end": "2019-09-13T17:42:17.374Z"
                },
                "type": "SCRUB",
                "source": "data:drag",
                "_t": "11:39:42",
                "_end": "11:42:17",
                "data": {
                    "time": 3.75732
                }
            },
            {
                "time": {
                    "start": "2019-09-13T17:39:42.362Z",
                    "end": "2019-09-13T17:42:18.093Z"
                },
                "type": "SCRUB",
                "source": "data:drag",
                "_t": "11:39:42",
                "_end": "11:42:18",
                "data": {
                    "time": 3.75732
                }
            },
            {
                "time": {
                    "start": "2019-09-13T17:39:42.362Z",
                    "end": "2019-09-13T17:42:19.987Z"
                },
                "type": "SCRUB",
                "source": "data:drag",
                "_t": "11:39:42",
                "_end": "11:42:19",
                "data": {
                    "time": 3.75732
                }
            },
            {
                "time": {
                    "start": "2019-09-13T17:39:42.362Z",
                    "end": "2019-09-13T17:42:21.148Z"
                },
                "type": "SCRUB",
                "source": "data:drag",
                "_t": "11:39:42",
                "_end": "11:42:21",
                "data": {
                    "time": 3.75732
                }
            },
            {
                "time": {
                    "start": "2019-09-13T17:39:42.362Z",
                    "end": "2019-09-13T17:42:35.230Z"
                },
                "type": "SCRUB",
                "source": "data:drag",
                "_t": "11:39:42",
                "_end": "11:42:35",
                "data": {
                    "time": 4.357668
                }
            },
            {
                "time": {
                    "start": "2019-09-13T17:39:42.362Z",
                    "end": "2019-09-13T17:42:36.166Z"
                },
                "type": "SCRUB",
                "source": "data:drag",
                "_t": "11:39:42",
                "_end": "11:42:36",
                "data": {
                    "time": 4.357668
                }
            },
            {
                "time": {
                    "start": "2019-09-13T17:39:42.362Z",
                    "end": "2019-09-13T17:42:38.307Z"
                },
                "type": "SCRUB",
                "source": "data:drag",
                "_t": "11:39:42",
                "_end": "11:42:38",
                "data": {
                    "time": 4.357668
                }
            },
            {
                "time": {
                    "start": "2019-09-13T17:39:42.362Z",
                    "end": "2019-09-13T17:42:38.770Z"
                },
                "type": "SCRUB",
                "source": "data:drag",
                "_t": "11:39:42",
                "_end": "11:42:38",
                "data": {
                    "time": 4.355797756097561
                }
            },
            {
                "time": {
                    "start": "2019-09-13T17:39:42.362Z",
                    "end": "2019-09-13T17:42:39.274Z"
                },
                "type": "SCRUB",
                "source": "data:drag",
                "_t": "11:39:42",
                "_end": "11:42:39",
                "data": {
                    "time": 4.355798
                }
            },
            {
                "time": {
                    "start": "2019-09-13T17:39:42.362Z",
                    "end": "2019-09-13T17:42:39.838Z"
                },
                "type": "SCRUB",
                "source": "data:drag",
                "_t": "11:39:42",
                "_end": "11:42:39",
                "data": {
                    "time": 4.355798
                }
            },
            {
                "time": {
                    "start": "2019-09-13T17:39:42.362Z",
                    "end": "2019-09-13T17:42:41.480Z"
                },
                "type": "SCRUB",
                "source": "data:drag",
                "_t": "11:39:42",
                "_end": "11:42:41",
                "data": {
                    "time": 4.355798
                }
            },
            {
                "time": {
                    "start": "2019-09-13T17:39:42.362Z",
                    "end": "2019-09-13T17:42:43.653Z"
                },
                "type": "SCRUB",
                "source": "data:drag",
                "_t": "11:39:42",
                "_end": "11:42:43",
                "data": {
                    "time": 4.355798
                }
            },
            {
                "time": {
                    "start": "2019-09-13T17:39:42.362Z",
                    "end": "2019-09-13T17:42:44.217Z"
                },
                "type": "SCRUB",
                "source": "data:drag",
                "_t": "11:39:42",
                "_end": "11:42:44",
                "data": {
                    "time": 4.355798
                }
            },
            {
                "time": {
                    "start": "2019-09-13T17:39:42.362Z",
                    "end": "2019-09-13T17:42:57.728Z"
                },
                "type": "SCRUB",
                "source": "data:drag",
                "_t": "11:39:42",
                "_end": "11:42:57",
                "data": {
                    "time": 6.82639
                }
            },
            {
                "time": {
                    "start": "2019-09-13T17:39:42.362Z",
                    "end": "2019-09-13T17:42:58.669Z"
                },
                "type": "SCRUB",
                "source": "data:drag",
                "_t": "11:39:42",
                "_end": "11:42:58",
                "data": {
                    "time": 6.82639
                }
            },
            {
                "time": {
                    "start": "2019-09-13T17:39:42.362Z",
                    "end": "2019-09-13T17:43:01.854Z"
                },
                "type": "SCRUB",
                "source": "data:drag",
                "_t": "11:39:42",
                "_end": "11:43:01",
                "data": {
                    "time": 6.82639
                }
            },
            {
                "time": {
                    "start": "2019-09-13T17:39:42.362Z",
                    "end": "2019-09-13T17:43:02.412Z"
                },
                "type": "SCRUB",
                "source": "data:drag",
                "_t": "11:39:42",
                "_end": "11:43:02",
                "data": {
                    "time": 6.82639
                }
            },
            {
                "time": {
                    "start": "2019-09-13T17:39:42.362Z",
                    "end": "2019-09-13T17:43:03.119Z"
                },
                "type": "SCRUB",
                "source": "data:drag",
                "_t": "11:39:42",
                "_end": "11:43:03",
                "data": {
                    "time": 6.82639
                }
            },
            {
                "time": {
                    "start": "2019-09-13T17:39:42.362Z",
                    "end": "2019-09-13T17:43:06.025Z"
                },
                "type": "SCRUB",
                "source": "data:drag",
                "_t": "11:39:42",
                "_end": "11:43:06",
                "data": {
                    "time": 6.82639
                }
            },
            {
                "time": {
                    "start": "2019-09-13T17:39:42.362Z",
                    "end": "2019-09-13T17:43:06.814Z"
                },
                "type": "SCRUB",
                "source": "data:drag",
                "_t": "11:39:42",
                "_end": "11:43:06",
                "data": {
                    "time": 6.82639
                }
            },
            {
                "time": {
                    "start": "2019-09-13T17:39:42.362Z",
                    "end": "2019-09-13T17:43:12.560Z"
                },
                "type": "SCRUB",
                "source": "data:drag",
                "_t": "11:39:42",
                "_end": "11:43:12",
                "data": {
                    "time": 8.288921
                }
            }
        ]
    }
}