{
    "user_id": "olive2",
    "session_id": "5d7fc16b81249f67dd06ad7f",
    "study": "studyE",
    "workspace": "gait.gait-blue",
    "details": {
        "workspace": "gait.gait-blue",
        "labels": [
            {
                "time": 0.84,
                "endTime": 1.248,
                "type": "orange-in-air",
                "id": 1
            },
            {
                "time": 1.248,
                "endTime": 1.85,
                "type": "orange-on-ground",
                "id": 2
            },
            {
                "time": 1.85,
                "endTime": 2.224,
                "type": "orange-in-air",
                "id": 3
            },
            {
                "time": 2.224,
                "endTime": 2.991848,
                "type": "orange-on-ground",
                "id": 4
            },
            {
                "time": 2.991848,
                "endTime": 3.636,
                "type": "orange-in-air",
                "id": 5
            },
            {
                "time": 3.636,
                "endTime": 4.29,
                "type": "orange-on-ground",
                "id": 6
            },
            {
                "time": 4.29,
                "endTime": 4.928,
                "type": "orange-in-air",
                "id": 7
            },
            {
                "time": 4.928,
                "endTime": 5.578,
                "type": "orange-on-ground",
                "id": 8
            },
            {
                "time": 5.578,
                "endTime": 6.138,
                "type": "orange-in-air",
                "id": 9
            },
            {
                "time": 6.138,
                "endTime": 6.712,
                "type": "orange-on-ground",
                "id": 10
            },
            {
                "time": 6.712,
                "endTime": 7.476,
                "type": "orange-in-air",
                "id": 11
            },
            {
                "time": 7.476,
                "endTime": 7.96,
                "type": "orange-on-ground",
                "id": 12
            },
            {
                "time": 7.96,
                "endTime": 8.886,
                "type": "orange-in-air",
                "id": 13
            },
            {
                "time": 8.886,
                "endTime": 9.494,
                "type": "orange-on-ground",
                "id": 14
            },
            {
                "time": 9.494,
                "endTime": 10.185758,
                "type": "orange-in-air",
                "id": 15
            },
            {
                "time": 10.185758,
                "endTime": 10.831054,
                "type": "orange-on-ground",
                "id": 16
            },
            {
                "time": 10.831054,
                "endTime": 11.752,
                "type": "orange-in-air",
                "id": 17
            },
            {
                "time": 11.752,
                "endTime": 12.364,
                "type": "orange-on-ground",
                "id": 18
            },
            {
                "time": 12.364,
                "endTime": 13.248,
                "type": "orange-in-air",
                "id": 19
            },
            {
                "time": 13.248,
                "endTime": 13.972,
                "type": "orange-on-ground",
                "id": 20
            },
            {
                "time": 13.972,
                "endTime": 14.988,
                "type": "orange-in-air",
                "id": 21
            },
            {
                "time": 14.988,
                "endTime": 15.634,
                "type": "orange-on-ground",
                "id": 22
            },
            {
                "time": 15.634,
                "endTime": 16.394,
                "type": "orange-in-air",
                "id": 23
            },
            {
                "time": 16.394,
                "endTime": 17.044,
                "type": "orange-on-ground",
                "id": 24
            },
            {
                "time": 17.044,
                "endTime": 17.848,
                "type": "orange-in-air",
                "id": 25
            },
            {
                "time": 17.848,
                "endTime": 18.496,
                "type": "orange-on-ground",
                "id": 26
            },
            {
                "time": 18.496,
                "endTime": 19.306,
                "type": "orange-in-air",
                "id": 27
            },
            {
                "time": 19.306,
                "endTime": 20.112,
                "type": "orange-on-ground",
                "id": 28
            },
            {
                "time": 20.112,
                "endTime": 20.76,
                "type": "orange-in-air",
                "id": 29
            },
            {
                "time": 20.76,
                "endTime": 21.454,
                "type": "orange-on-ground",
                "id": 30
            },
            {
                "time": 21.454,
                "endTime": 22.054,
                "type": "orange-in-air",
                "id": 31
            },
            {
                "time": 22.054,
                "endTime": 23.008,
                "type": "orange-on-ground",
                "id": 32
            }
        ],
        "_starts": [
            "2019-09-16T17:26:34.000Z"
        ],
        "_ends": [
            "2019-09-16T17:28:03.457Z"
        ]
    },
    "labels_file": "/home/ubuntu/vat/data/user-studies/studyE/gait-blue/olive2.labels.json",
    "videoFlash": 0.00001,
    "surveys": {
        "user-info": {
            "firstname": "Nathan",
            "lastname": "Walls",
            "email": "nathanmwalls@gmail.com"
        },
        "practice-first": {
            "question1": "5",
            "question2": "ok",
            "question3": "100",
            "question4": "5"
        },
        "practice-second": {},
        "practice-third": {},
        "practice-survey": {},
        "drywall-blue": {
            "question1": "4",
            "question2": "1",
            "question3": "30",
            "question4": "70"
        },
        "drywall-red": {
            "question1": "2",
            "question2": "2",
            "question3": "30",
            "question4": "50"
        },
        "drywall-orange": {
            "question1": "4",
            "question2": "1",
            "question3": "20",
            "question4": "50"
        },
        "drywall-survey": {
            "question1": "5",
            "question2": "4",
            "question3": "5",
            "question4": "4"
        }
    },
    "logs": {
        "labelEvents": [
            {
                "time": "2019-09-16T17:26:57.993Z",
                "type": "START",
                "source": "hotkey",
                "_t": "11:26:57",
                "_end": "-",
                "data": {
                    "type": "orange-in-air",
                    "time": 0.84
                }
            },
            {
                "time": "2019-09-16T17:26:58.364Z",
                "type": "START",
                "source": "hotkey",
                "_t": "11:26:58",
                "_end": "-",
                "data": {
                    "type": "orange-on-ground",
                    "time": 1.248
                }
            },
            {
                "time": "2019-09-16T17:26:58.964Z",
                "type": "START",
                "source": "hotkey",
                "_t": "11:26:58",
                "_end": "-",
                "data": {
                    "type": "orange-in-air",
                    "time": 1.85
                }
            },
            {
                "time": "2019-09-16T17:26:59.359Z",
                "type": "START",
                "source": "hotkey",
                "_t": "11:26:59",
                "_end": "-",
                "data": {
                    "type": "orange-on-ground",
                    "time": 2.224
                }
            },
            {
                "time": "2019-09-16T17:27:00.126Z",
                "type": "START",
                "source": "hotkey",
                "_t": "11:27:00",
                "_end": "-",
                "data": {
                    "type": "orange-in-air",
                    "time": 2.991848
                }
            },
            {
                "time": "2019-09-16T17:27:00.749Z",
                "type": "START",
                "source": "hotkey",
                "_t": "11:27:00",
                "_end": "-",
                "data": {
                    "type": "orange-on-ground",
                    "time": 3.636
                }
            },
            {
                "time": "2019-09-16T17:27:01.405Z",
                "type": "START",
                "source": "hotkey",
                "_t": "11:27:01",
                "_end": "-",
                "data": {
                    "type": "orange-in-air",
                    "time": 4.29
                }
            },
            {
                "time": "2019-09-16T17:27:02.063Z",
                "type": "START",
                "source": "hotkey",
                "_t": "11:27:02",
                "_end": "-",
                "data": {
                    "type": "orange-on-ground",
                    "time": 4.928
                }
            },
            {
                "time": "2019-09-16T17:27:02.686Z",
                "type": "START",
                "source": "hotkey",
                "_t": "11:27:02",
                "_end": "-",
                "data": {
                    "type": "orange-in-air",
                    "time": 5.578
                }
            },
            {
                "time": "2019-09-16T17:27:03.277Z",
                "type": "START",
                "source": "hotkey",
                "_t": "11:27:03",
                "_end": "-",
                "data": {
                    "type": "orange-on-ground",
                    "time": 6.138
                }
            },
            {
                "time": "2019-09-16T17:27:03.860Z",
                "type": "START",
                "source": "hotkey",
                "_t": "11:27:03",
                "_end": "-",
                "data": {
                    "type": "orange-in-air",
                    "time": 6.712
                }
            },
            {
                "time": "2019-09-16T17:27:04.590Z",
                "type": "START",
                "source": "hotkey",
                "_t": "11:27:04",
                "_end": "-",
                "data": {
                    "type": "orange-on-ground",
                    "time": 7.476
                }
            },
            {
                "time": "2019-09-16T17:27:05.068Z",
                "type": "START",
                "source": "hotkey",
                "_t": "11:27:05",
                "_end": "-",
                "data": {
                    "type": "orange-in-air",
                    "time": 7.96
                }
            },
            {
                "time": "2019-09-16T17:27:05.998Z",
                "type": "START",
                "source": "hotkey",
                "_t": "11:27:05",
                "_end": "-",
                "data": {
                    "type": "orange-on-ground",
                    "time": 8.886
                }
            },
            {
                "time": "2019-09-16T17:27:06.620Z",
                "type": "START",
                "source": "hotkey",
                "_t": "11:27:06",
                "_end": "-",
                "data": {
                    "type": "orange-in-air",
                    "time": 9.494
                }
            },
            {
                "time": "2019-09-16T17:27:07.326Z",
                "type": "START",
                "source": "hotkey",
                "_t": "11:27:07",
                "_end": "-",
                "data": {
                    "type": "orange-on-ground",
                    "time": 10.185758
                }
            },
            {
                "time": "2019-09-16T17:27:07.951Z",
                "type": "START",
                "source": "hotkey",
                "_t": "11:27:07",
                "_end": "-",
                "data": {
                    "type": "orange-in-air",
                    "time": 10.831054
                }
            },
            {
                "time": "2019-09-16T17:27:08.880Z",
                "type": "START",
                "source": "hotkey",
                "_t": "11:27:08",
                "_end": "-",
                "data": {
                    "type": "orange-on-ground",
                    "time": 11.752
                }
            },
            {
                "time": "2019-09-16T17:27:09.507Z",
                "type": "START",
                "source": "hotkey",
                "_t": "11:27:09",
                "_end": "-",
                "data": {
                    "type": "orange-in-air",
                    "time": 12.364
                }
            },
            {
                "time": "2019-09-16T17:27:10.352Z",
                "type": "START",
                "source": "hotkey",
                "_t": "11:27:10",
                "_end": "-",
                "data": {
                    "type": "orange-on-ground",
                    "time": 13.248
                }
            },
            {
                "time": "2019-09-16T17:27:11.085Z",
                "type": "START",
                "source": "hotkey",
                "_t": "11:27:11",
                "_end": "-",
                "data": {
                    "type": "orange-in-air",
                    "time": 13.972
                }
            },
            {
                "time": "2019-09-16T17:27:12.095Z",
                "type": "START",
                "source": "hotkey",
                "_t": "11:27:12",
                "_end": "-",
                "data": {
                    "type": "orange-on-ground",
                    "time": 14.988
                }
            },
            {
                "time": "2019-09-16T17:27:12.767Z",
                "type": "START",
                "source": "hotkey",
                "_t": "11:27:12",
                "_end": "-",
                "data": {
                    "type": "orange-in-air",
                    "time": 15.634
                }
            },
            {
                "time": "2019-09-16T17:27:13.517Z",
                "type": "START",
                "source": "hotkey",
                "_t": "11:27:13",
                "_end": "-",
                "data": {
                    "type": "orange-on-ground",
                    "time": 16.394
                }
            },
            {
                "time": "2019-09-16T17:27:14.156Z",
                "type": "START",
                "source": "hotkey",
                "_t": "11:27:14",
                "_end": "-",
                "data": {
                    "type": "orange-in-air",
                    "time": 17.044
                }
            },
            {
                "time": "2019-09-16T17:27:14.988Z",
                "type": "START",
                "source": "hotkey",
                "_t": "11:27:14",
                "_end": "-",
                "data": {
                    "type": "orange-on-ground",
                    "time": 17.848
                }
            },
            {
                "time": "2019-09-16T17:27:15.630Z",
                "type": "START",
                "source": "hotkey",
                "_t": "11:27:15",
                "_end": "-",
                "data": {
                    "type": "orange-in-air",
                    "time": 18.496
                }
            },
            {
                "time": "2019-09-16T17:27:16.447Z",
                "type": "START",
                "source": "hotkey",
                "_t": "11:27:16",
                "_end": "-",
                "data": {
                    "type": "orange-on-ground",
                    "time": 19.306
                }
            },
            {
                "time": "2019-09-16T17:27:17.232Z",
                "type": "START",
                "source": "hotkey",
                "_t": "11:27:17",
                "_end": "-",
                "data": {
                    "type": "orange-in-air",
                    "time": 20.112
                }
            },
            {
                "time": "2019-09-16T17:27:17.907Z",
                "type": "START",
                "source": "hotkey",
                "_t": "11:27:17",
                "_end": "-",
                "data": {
                    "type": "orange-on-ground",
                    "time": 20.76
                }
            },
            {
                "time": "2019-09-16T17:27:18.589Z",
                "type": "START",
                "source": "hotkey",
                "_t": "11:27:18",
                "_end": "-",
                "data": {
                    "type": "orange-in-air",
                    "time": 21.454
                }
            },
            {
                "time": "2019-09-16T17:27:19.175Z",
                "type": "START",
                "source": "hotkey",
                "_t": "11:27:19",
                "_end": "-",
                "data": {
                    "type": "orange-on-ground",
                    "time": 22.054
                }
            },
            {
                "time": "2019-09-16T17:27:20.219Z",
                "type": "START",
                "source": "hotkey",
                "_t": "11:27:20",
                "_end": "-",
                "data": {
                    "type": "orange-in-air",
                    "time": 23.008
                }
            }
        ],
        "navigationEvents": [
            {
                "time": "2019-09-16T17:27:30.931Z",
                "type": "PLAY",
                "source": "video:button",
                "_t": "11:27:30",
                "_end": "-"
            }
        ]
    }
}