{
    "user_id": "Orange 4",
    "session_id": "5d154da781249f67dd06aaad",
    "study": "studyE",
    "workspace": "gait.gait-blue",
    "details": {
        "workspace": "gait.gait-blue",
        "labels": [
            {
                "time": 4.440892098500626e-16,
                "endTime": 0.3407189268292683,
                "type": "orange-on-ground",
                "id": 1
            },
            {
                "time": 0.836818,
                "endTime": 1.568356,
                "type": "orange-on-ground",
                "id": 2
            },
            {
                "time": 2.365414,
                "endTime": 3.112546,
                "type": "orange-on-ground",
                "id": 3
            },
            {
                "time": 3.959293999999984,
                "endTime": 4.428052829268292,
                "type": "orange-on-ground",
                "id": 4
            },
            {
                "time": 5.442759,
                "endTime": 5.887303,
                "type": "orange-on-ground",
                "id": 5
            },
            {
                "time": 6.906839,
                "endTime": 7.338333,
                "type": "orange-on-ground",
                "id": 6
            },
            {
                "time": 8.37872899999999,
                "endTime": 8.775521658536599,
                "type": "orange-on-ground",
                "id": 7
            },
            {
                "time": 9.856854,
                "endTime": 10.304794,
                "type": "orange-on-ground",
                "id": 8
            },
            {
                "time": 11.252893,
                "endTime": 11.860623,
                "type": "orange-on-ground",
                "id": 9
            },
            {
                "time": 12.728707,
                "endTime": 13.329054,
                "type": "orange-on-ground",
                "id": 10
            },
            {
                "time": 14.245402,
                "endTime": 14.752559,
                "type": "orange-on-ground",
                "id": 11
            },
            {
                "time": 15.742503,
                "endTime": 16.220731,
                "type": "orange-on-ground",
                "id": 12
            },
            {
                "time": 17.070731,
                "endTime": 17.821673,
                "type": "orange-on-ground",
                "id": 13
            },
            {
                "time": 18.565951,
                "endTime": 19.112867,
                "type": "orange-on-ground",
                "id": 14
            },
            {
                "time": 19.999072,
                "endTime": 20.686644,
                "type": "orange-on-ground",
                "id": 15
            },
            {
                "time": 21.430032,
                "endTime": 22.085523,
                "type": "orange-on-ground",
                "id": 16
            },
            {
                "time": 0.490331,
                "endTime": 0.757412,
                "type": "orange-in-air",
                "id": 17
            },
            {
                "time": 1.611065,
                "endTime": 2.283484,
                "type": "orange-in-air",
                "id": 18
            },
            {
                "time": 3.204119,
                "endTime": 3.958616,
                "type": "orange-in-air",
                "id": 19
            },
            {
                "time": 4.520602,
                "endTime": 5.442759,
                "type": "orange-in-air",
                "id": 20
            },
            {
                "time": 5.9317,
                "endTime": 6.776535,
                "type": "orange-in-air",
                "id": 21
            },
            {
                "time": 7.417914,
                "endTime": 8.37872899999999,
                "type": "orange-in-air",
                "id": 22
            },
            {
                "time": 8.877308,
                "endTime": 9.834616,
                "type": "orange-in-air",
                "id": 23
            }
        ],
        "_starts": [
            "2019-06-28T00:03:11.000Z"
        ],
        "_ends": [
            "2019-06-27T23:30:15.701Z",
            "2019-06-27T23:30:23.314Z",
            "2019-06-28T00:06:28.047Z"
        ]
    },
    "labels_file": "/home/ubuntu/vat/data/user-studies/studyE/gait-blue/Orange 4.labels.json",
    "videoFlash": 0.00001,
    "surveys": {
        "user-info": {
            "firstname": "Matthew",
            "lastname": "Porritt",
            "email": "mporr99@gmail.com"
        },
        "practice-first": {
            "question1": "4",
            "question2": "ok",
            "question3": "100",
            "question4": "4"
        },
        "drywall-survey": {
            "question1": "5",
            "question2": "5",
            "question3": "1",
            "question4": "2"
        }
    },
    "logs": {
        "labelEvents": [
            {
                "time": "2019-06-28T00:03:49.797Z",
                "type": "START",
                "source": "hotkey",
                "_t": "18:03:49",
                "_end": "-",
                "data": {
                    "type": "orange-on-ground",
                    "time": 0
                }
            },
            {
                "time": "2019-06-28T00:03:53.684Z",
                "type": "END",
                "source": "hotkey:ctb",
                "_t": "18:03:53",
                "_end": "-",
                "data": {
                    "lbl": {
                        "time": 4.440892098500626e-16,
                        "endTime": 0.3407189268292683,
                        "type": "orange-on-ground",
                        "id": 1
                    },
                    "key": "enter"
                }
            },
            {
                "time": "2019-06-28T00:03:54.031Z",
                "type": "START",
                "source": "hotkey",
                "_t": "18:03:54",
                "_end": "-",
                "data": {
                    "type": "orange-on-ground",
                    "time": 0.483258
                }
            },
            {
                "time": "2019-06-28T00:03:57.054Z",
                "type": "END",
                "source": "hotkey:ctb",
                "_t": "18:03:57",
                "_end": "-",
                "data": {
                    "lbl": {
                        "time": 0.483258,
                        "endTime": 1.238877,
                        "type": "orange-on-ground",
                        "id": 2
                    },
                    "key": "enter"
                }
            },
            {
                "time": "2019-06-28T00:03:58.208Z",
                "type": "SELECT",
                "source": "data:click",
                "_t": "18:03:58",
                "_end": "-",
                "data": {
                    "time": 0.483258,
                    "endTime": 1.238877,
                    "type": "orange-on-ground",
                    "id": 2
                }
            },
            {
                "time": "2019-06-28T00:03:59.374Z",
                "type": "DELETE",
                "source": "side-bar:button",
                "_t": "18:03:59",
                "_end": "-",
                "data": {
                    "id": 2,
                    "idx": 1
                }
            },
            {
                "time": "2019-06-28T00:04:03.277Z",
                "type": "START",
                "source": "hotkey",
                "_t": "18:04:03",
                "_end": "-",
                "data": {
                    "type": "orange-on-ground",
                    "time": 0.687781
                }
            },
            {
                "time": "2019-06-28T00:04:07.230Z",
                "type": "END",
                "source": "data:click:h_pos",
                "_t": "18:04:07",
                "_end": "-",
                "data": {
                    "lbl": {
                        "time": 0.5446634390243902,
                        "endTime": 0.687781,
                        "type": "orange-on-ground",
                        "id": 2
                    }
                }
            },
            {
                "time": "2019-06-28T00:04:07.830Z",
                "type": "SELECT",
                "source": "data:click",
                "_t": "18:04:07",
                "_end": "-",
                "data": {
                    "time": 0.5446634390243902,
                    "endTime": 0.687781,
                    "type": "orange-on-ground",
                    "id": 2
                }
            },
            {
                "time": "2019-06-28T00:04:09.068Z",
                "type": "DELETE",
                "source": "side-bar:button",
                "_t": "18:04:09",
                "_end": "-",
                "data": {
                    "id": 2,
                    "idx": 1
                }
            },
            {
                "time": "2019-06-28T00:04:10.326Z",
                "type": "SELECT",
                "source": "data:click",
                "_t": "18:04:10",
                "_end": "-",
                "data": {
                    "time": 4.440892098500626e-16,
                    "endTime": 0.3407189268292683,
                    "type": "orange-on-ground",
                    "id": 1
                }
            },
            {
                "time": {
                    "start": "2019-06-28T00:04:11.307Z",
                    "end": "2019-06-28T00:04:12.086Z"
                },
                "type": "RESIZE",
                "source": "data:brush",
                "_t": "18:04:11",
                "_end": "18:04:12",
                "data": {
                    "brushing": true,
                    "origin": [
                        0,
                        0.394956
                    ],
                    "start": "2019-06-28T00:04:11.307Z",
                    "ε": 0.1,
                    "mode": "resize"
                }
            },
            {
                "time": "2019-06-28T00:04:15.726Z",
                "type": "START",
                "source": "hotkey",
                "_t": "18:04:15",
                "_end": "-",
                "data": {
                    "type": "orange-on-ground",
                    "time": 0.836818
                }
            },
            {
                "time": "2019-06-28T00:04:18.653Z",
                "type": "END",
                "source": "hotkey:ctb",
                "_t": "18:04:18",
                "_end": "-",
                "data": {
                    "lbl": {
                        "time": 0.836818,
                        "endTime": 1.568356,
                        "type": "orange-on-ground",
                        "id": 2
                    },
                    "key": "enter"
                }
            },
            {
                "time": "2019-06-28T00:04:21.841Z",
                "type": "START",
                "source": "hotkey",
                "_t": "18:04:21",
                "_end": "-",
                "data": {
                    "type": "orange-on-ground",
                    "time": 2.365414
                }
            },
            {
                "time": "2019-06-28T00:04:24.830Z",
                "type": "END",
                "source": "hotkey:ctb",
                "_t": "18:04:24",
                "_end": "-",
                "data": {
                    "lbl": {
                        "time": 2.365414,
                        "endTime": 3.112546,
                        "type": "orange-on-ground",
                        "id": 3
                    },
                    "key": "enter"
                }
            },
            {
                "time": "2019-06-28T00:04:28.147Z",
                "type": "START",
                "source": "hotkey",
                "_t": "18:04:28",
                "_end": "-",
                "data": {
                    "type": "orange-on-ground",
                    "time": 3.942163
                }
            },
            {
                "time": "2019-06-28T00:04:30.734Z",
                "type": "END",
                "source": "hotkey:ctb",
                "_t": "18:04:30",
                "_end": "-",
                "data": {
                    "lbl": {
                        "time": 3.959293999999984,
                        "endTime": 4.428052829268292,
                        "type": "orange-on-ground",
                        "id": 4
                    },
                    "key": "enter"
                }
            },
            {
                "time": "2019-06-28T00:04:34.559Z",
                "type": "SELECT",
                "source": "data:click",
                "_t": "18:04:34",
                "_end": "-",
                "data": {
                    "time": 3.959293999999984,
                    "endTime": 4.428052829268292,
                    "type": "orange-on-ground",
                    "id": 4
                }
            },
            {
                "time": "2019-06-28T00:04:38.891Z",
                "type": "DESELECT",
                "source": "data:click",
                "_t": "18:04:38",
                "_end": "-",
                "data": {
                    "time": 3.942163,
                    "endTime": 4.588595,
                    "type": "orange-on-ground",
                    "id": 4
                }
            },
            {
                "time": "2019-06-28T00:04:39.975Z",
                "type": "SELECT",
                "source": "data:click",
                "_t": "18:04:39",
                "_end": "-",
                "data": {
                    "time": 3.959293999999984,
                    "endTime": 4.428052829268292,
                    "type": "orange-on-ground",
                    "id": 4
                }
            },
            {
                "time": {
                    "start": "2019-06-28T00:04:40.511Z",
                    "end": "2019-06-28T00:04:41.893Z"
                },
                "type": "RESIZE",
                "source": "data:brush",
                "_t": "18:04:40",
                "_end": "18:04:41",
                "data": {
                    "brushing": true,
                    "origin": [
                        3.942163,
                        4.588595
                    ],
                    "_brushside": 1,
                    "start": "2019-06-28T00:04:40.511Z",
                    "ε": 0.1,
                    "mode": "resize"
                }
            },
            {
                "time": "2019-06-28T00:04:47.055Z",
                "type": "START",
                "source": "hotkey",
                "_t": "18:04:47",
                "_end": "-",
                "data": {
                    "type": "orange-on-ground",
                    "time": 5.442759
                }
            },
            {
                "time": "2019-06-28T00:04:48.833Z",
                "type": "END",
                "source": "hotkey:ctb",
                "_t": "18:04:48",
                "_end": "-",
                "data": {
                    "lbl": {
                        "time": 5.442759,
                        "endTime": 5.887303,
                        "type": "orange-on-ground",
                        "id": 5
                    },
                    "key": "enter"
                }
            },
            {
                "time": "2019-06-28T00:04:52.912Z",
                "type": "START",
                "source": "hotkey",
                "_t": "18:04:52",
                "_end": "-",
                "data": {
                    "type": "orange-on-ground",
                    "time": 6.906839
                }
            },
            {
                "time": "2019-06-28T00:04:54.637Z",
                "type": "END",
                "source": "hotkey:ctb",
                "_t": "18:04:54",
                "_end": "-",
                "data": {
                    "lbl": {
                        "time": 6.906839,
                        "endTime": 7.338333,
                        "type": "orange-on-ground",
                        "id": 6
                    },
                    "key": "enter"
                }
            },
            {
                "time": "2019-06-28T00:04:58.799Z",
                "type": "START",
                "source": "hotkey",
                "_t": "18:04:58",
                "_end": "-",
                "data": {
                    "type": "orange-on-ground",
                    "time": 8.378729
                }
            },
            {
                "time": "2019-06-28T00:05:01.809Z",
                "type": "END",
                "source": "hotkey:ctb",
                "_t": "18:05:01",
                "_end": "-",
                "data": {
                    "lbl": {
                        "time": 8.37872899999999,
                        "endTime": 8.775521658536599,
                        "type": "orange-on-ground",
                        "id": 7
                    },
                    "key": "enter"
                }
            },
            {
                "time": "2019-06-28T00:05:17.223Z",
                "type": "SELECT",
                "source": "data:click",
                "_t": "18:05:17",
                "_end": "-",
                "data": {
                    "time": 8.37872899999999,
                    "endTime": 8.775521658536599,
                    "type": "orange-on-ground",
                    "id": 7
                }
            },
            {
                "time": "2019-06-28T00:05:23.100Z",
                "type": "DESELECT",
                "source": "data:click",
                "_t": "18:05:23",
                "_end": "-",
                "data": {
                    "time": 8.378729,
                    "endTime": 9.130868,
                    "type": "orange-on-ground",
                    "id": 7
                }
            },
            {
                "time": "2019-06-28T00:05:24.024Z",
                "type": "SELECT",
                "source": "data:click",
                "_t": "18:05:24",
                "_end": "-",
                "data": {
                    "time": 8.37872899999999,
                    "endTime": 8.775521658536599,
                    "type": "orange-on-ground",
                    "id": 7
                }
            },
            {
                "time": {
                    "start": "2019-06-28T00:05:24.608Z",
                    "end": "2019-06-28T00:05:25.606Z"
                },
                "type": "RESIZE",
                "source": "data:brush",
                "_t": "18:05:24",
                "_end": "18:05:25",
                "data": {
                    "brushing": true,
                    "origin": [
                        8.378729,
                        9.130868
                    ],
                    "_brushside": 1,
                    "start": "2019-06-28T00:05:24.608Z",
                    "ε": 0.1,
                    "mode": "resize"
                }
            },
            {
                "time": "2019-06-28T00:05:34.655Z",
                "type": "START",
                "source": "hotkey",
                "_t": "18:05:34",
                "_end": "-",
                "data": {
                    "type": "orange-on-ground",
                    "time": 9.856854
                }
            },
            {
                "time": "2019-06-28T00:05:36.447Z",
                "type": "END",
                "source": "hotkey:ctb",
                "_t": "18:05:36",
                "_end": "-",
                "data": {
                    "lbl": {
                        "time": 9.856854,
                        "endTime": 10.304794,
                        "type": "orange-on-ground",
                        "id": 8
                    },
                    "key": "enter"
                }
            },
            {
                "time": "2019-06-28T00:05:40.239Z",
                "type": "START",
                "source": "hotkey",
                "_t": "18:05:40",
                "_end": "-",
                "data": {
                    "type": "orange-on-ground",
                    "time": 11.252893
                }
            },
            {
                "time": "2019-06-28T00:05:42.670Z",
                "type": "END",
                "source": "hotkey:ctb",
                "_t": "18:05:42",
                "_end": "-",
                "data": {
                    "lbl": {
                        "time": 11.252893,
                        "endTime": 11.860623,
                        "type": "orange-on-ground",
                        "id": 9
                    },
                    "key": "enter"
                }
            },
            {
                "time": "2019-06-28T00:05:46.142Z",
                "type": "START",
                "source": "hotkey",
                "_t": "18:05:46",
                "_end": "-",
                "data": {
                    "type": "orange-on-ground",
                    "time": 12.728707
                }
            },
            {
                "time": "2019-06-28T00:05:48.545Z",
                "type": "END",
                "source": "hotkey:ctb",
                "_t": "18:05:48",
                "_end": "-",
                "data": {
                    "lbl": {
                        "time": 12.728707,
                        "endTime": 13.329054,
                        "type": "orange-on-ground",
                        "id": 10
                    },
                    "key": "enter"
                }
            },
            {
                "time": "2019-06-28T00:05:51.419Z",
                "type": "START",
                "source": "hotkey",
                "_t": "18:05:51",
                "_end": "-",
                "data": {
                    "type": "orange-on-ground",
                    "time": 14.245402
                }
            },
            {
                "time": "2019-06-28T00:05:52.436Z",
                "type": "END",
                "source": "hotkey:ctb",
                "_t": "18:05:52",
                "_end": "-",
                "data": {
                    "lbl": {
                        "time": 14.245402,
                        "endTime": 14.752559,
                        "type": "orange-on-ground",
                        "id": 11
                    },
                    "key": "enter"
                }
            },
            {
                "time": "2019-06-28T00:05:53.774Z",
                "type": "START",
                "source": "hotkey",
                "_t": "18:05:53",
                "_end": "-",
                "data": {
                    "type": "orange-on-ground",
                    "time": 15.742503
                }
            },
            {
                "time": "2019-06-28T00:05:54.436Z",
                "type": "END",
                "source": "hotkey:ctb",
                "_t": "18:05:54",
                "_end": "-",
                "data": {
                    "lbl": {
                        "time": 15.742503,
                        "endTime": 16.220731,
                        "type": "orange-on-ground",
                        "id": 12
                    },
                    "key": "enter"
                }
            },
            {
                "time": "2019-06-28T00:05:55.310Z",
                "type": "START",
                "source": "hotkey",
                "_t": "18:05:55",
                "_end": "-",
                "data": {
                    "type": "orange-on-ground",
                    "time": 17.070731
                }
            },
            {
                "time": "2019-06-28T00:05:56.013Z",
                "type": "END",
                "source": "hotkey:ctb",
                "_t": "18:05:56",
                "_end": "-",
                "data": {
                    "lbl": {
                        "time": 17.070731,
                        "endTime": 17.821673,
                        "type": "orange-on-ground",
                        "id": 13
                    },
                    "key": "enter"
                }
            },
            {
                "time": "2019-06-28T00:05:56.542Z",
                "type": "START",
                "source": "hotkey",
                "_t": "18:05:56",
                "_end": "-",
                "data": {
                    "type": "orange-on-ground",
                    "time": 18.565951
                }
            },
            {
                "time": "2019-06-28T00:05:57.023Z",
                "type": "END",
                "source": "hotkey:ctb",
                "_t": "18:05:57",
                "_end": "-",
                "data": {
                    "lbl": {
                        "time": 18.565951,
                        "endTime": 19.112867,
                        "type": "orange-on-ground",
                        "id": 14
                    },
                    "key": "enter"
                }
            },
            {
                "time": "2019-06-28T00:06:00.577Z",
                "type": "START",
                "source": "hotkey",
                "_t": "18:06:00",
                "_end": "-",
                "data": {
                    "type": "orange-on-ground",
                    "time": 19.999072
                }
            },
            {
                "time": "2019-06-28T00:06:03.327Z",
                "type": "END",
                "source": "hotkey:ctb",
                "_t": "18:06:03",
                "_end": "-",
                "data": {
                    "lbl": {
                        "time": 19.999072,
                        "endTime": 20.686644,
                        "type": "orange-on-ground",
                        "id": 15
                    },
                    "key": "enter"
                }
            },
            {
                "time": "2019-06-28T00:06:04.817Z",
                "type": "START",
                "source": "hotkey",
                "_t": "18:06:04",
                "_end": "-",
                "data": {
                    "type": "orange-on-ground",
                    "time": 21.430032
                }
            },
            {
                "time": "2019-06-28T00:06:06.129Z",
                "type": "END",
                "source": "hotkey:ctb",
                "_t": "18:06:06",
                "_end": "-",
                "data": {
                    "lbl": {
                        "time": 21.430032,
                        "endTime": 22.085523,
                        "type": "orange-on-ground",
                        "id": 16
                    },
                    "key": "enter"
                }
            },
            {
                "time": "2019-06-28T00:06:13.857Z",
                "type": "START",
                "source": "hotkey",
                "_t": "18:06:13",
                "_end": "-",
                "data": {
                    "type": "orange-in-air",
                    "time": 0.490331
                }
            },
            {
                "time": "2019-06-28T00:06:14.242Z",
                "type": "END",
                "source": "hotkey:ctb",
                "_t": "18:06:14",
                "_end": "-",
                "data": {
                    "lbl": {
                        "time": 0.490331,
                        "endTime": 0.757412,
                        "type": "orange-in-air",
                        "id": 17
                    },
                    "key": "enter"
                }
            },
            {
                "time": "2019-06-28T00:06:15.332Z",
                "type": "START",
                "source": "hotkey",
                "_t": "18:06:15",
                "_end": "-",
                "data": {
                    "type": "orange-in-air",
                    "time": 1.611065
                }
            },
            {
                "time": "2019-06-28T00:06:16.264Z",
                "type": "END",
                "source": "hotkey:ctb",
                "_t": "18:06:16",
                "_end": "-",
                "data": {
                    "lbl": {
                        "time": 1.611065,
                        "endTime": 2.283484,
                        "type": "orange-in-air",
                        "id": 18
                    },
                    "key": "enter"
                }
            },
            {
                "time": "2019-06-28T00:06:17.412Z",
                "type": "START",
                "source": "hotkey",
                "_t": "18:06:17",
                "_end": "-",
                "data": {
                    "type": "orange-in-air",
                    "time": 3.204119
                }
            },
            {
                "time": "2019-06-28T00:06:18.415Z",
                "type": "END",
                "source": "hotkey:ctb",
                "_t": "18:06:18",
                "_end": "-",
                "data": {
                    "lbl": {
                        "time": 3.204119,
                        "endTime": 3.958616,
                        "type": "orange-in-air",
                        "id": 19
                    },
                    "key": "enter"
                }
            },
            {
                "time": "2019-06-28T00:06:19.136Z",
                "type": "START",
                "source": "hotkey",
                "_t": "18:06:19",
                "_end": "-",
                "data": {
                    "type": "orange-in-air",
                    "time": 4.520602
                }
            },
            {
                "time": "2019-06-28T00:06:20.366Z",
                "type": "END",
                "source": "hotkey:ctb",
                "_t": "18:06:20",
                "_end": "-",
                "data": {
                    "lbl": {
                        "time": 4.520602,
                        "endTime": 5.442759,
                        "type": "orange-in-air",
                        "id": 20
                    },
                    "key": "enter"
                }
            },
            {
                "time": "2019-06-28T00:06:20.983Z",
                "type": "START",
                "source": "hotkey",
                "_t": "18:06:20",
                "_end": "-",
                "data": {
                    "type": "orange-in-air",
                    "time": 5.9317
                }
            },
            {
                "time": "2019-06-28T00:06:22.135Z",
                "type": "END",
                "source": "hotkey:ctb",
                "_t": "18:06:22",
                "_end": "-",
                "data": {
                    "lbl": {
                        "time": 5.9317,
                        "endTime": 6.776535,
                        "type": "orange-in-air",
                        "id": 21
                    },
                    "key": "enter"
                }
            },
            {
                "time": "2019-06-28T00:06:23.016Z",
                "type": "START",
                "source": "hotkey",
                "_t": "18:06:23",
                "_end": "-",
                "data": {
                    "type": "orange-in-air",
                    "time": 7.417914
                }
            },
            {
                "time": "2019-06-28T00:06:24.239Z",
                "type": "END",
                "source": "hotkey:ctb",
                "_t": "18:06:24",
                "_end": "-",
                "data": {
                    "lbl": {
                        "time": 7.417914,
                        "endTime": 8.37872899999999,
                        "type": "orange-in-air",
                        "id": 22
                    },
                    "key": "enter"
                }
            },
            {
                "time": "2019-06-28T00:06:24.946Z",
                "type": "START",
                "source": "hotkey",
                "_t": "18:06:24",
                "_end": "-",
                "data": {
                    "type": "orange-in-air",
                    "time": 8.877308
                }
            },
            {
                "time": "2019-06-28T00:06:26.320Z",
                "type": "END",
                "source": "hotkey:ctb",
                "_t": "18:06:26",
                "_end": "-",
                "data": {
                    "lbl": {
                        "time": 8.877308,
                        "endTime": 9.834616,
                        "type": "orange-in-air",
                        "id": 23
                    },
                    "key": "enter"
                }
            },
            {
                "time": "2019-06-28T00:06:27.096Z",
                "type": "START",
                "source": "hotkey",
                "_t": "18:06:27",
                "_end": "-",
                "data": {
                    "type": "orange-in-air",
                    "time": 10.409743
                }
            }
        ],
        "navigationEvents": [
            {
                "time": "2019-06-28T00:03:39.664Z",
                "type": "SKIP",
                "source": "hotkey",
                "_t": "18:03:39",
                "_end": "-",
                "data": {
                    "t": 4.581846,
                    "Δt": -5,
                    "key": "left"
                }
            },
            {
                "time": "2019-06-28T00:03:39.981Z",
                "type": "SKIP",
                "source": "hotkey",
                "_t": "18:03:39",
                "_end": "-",
                "data": {
                    "t": 0.246105,
                    "Δt": -5,
                    "key": "left"
                }
            },
            {
                "time": "2019-06-28T00:03:40.209Z",
                "type": "SKIP",
                "source": "hotkey",
                "_t": "18:03:40",
                "_end": "-",
                "data": {
                    "t": 0.176728,
                    "Δt": -5,
                    "key": "left"
                }
            },
            {
                "time": "2019-06-28T00:03:41.565Z",
                "type": "PAUSE",
                "source": "video:button",
                "_t": "18:03:41",
                "_end": "-"
            },
            {
                "time": "2019-06-28T00:03:43.955Z",
                "type": "CHANGE-PLAYBACK-RATE",
                "source": "video:menu",
                "_t": "18:03:43",
                "_end": "-",
                "data": {
                    "oldRate": 1,
                    "newRate": 0.5
                }
            },
            {
                "time": "2019-06-28T00:03:45.572Z",
                "type": "CHANGE-PLAYBACK-RATE",
                "source": "video:menu",
                "_t": "18:03:45",
                "_end": "-",
                "data": {
                    "oldRate": 0.5,
                    "newRate": 0.25
                }
            },
            {
                "time": "2019-06-28T00:03:46.445Z",
                "type": "SKIP",
                "source": "hotkey",
                "_t": "18:03:46",
                "_end": "-",
                "data": {
                    "t": 1.04438,
                    "Δt": -1,
                    "key": "left"
                }
            },
            {
                "time": "2019-06-28T00:03:46.749Z",
                "type": "SKIP",
                "source": "hotkey",
                "_t": "18:03:46",
                "_end": "-",
                "data": {
                    "t": 0.04438,
                    "Δt": -1,
                    "key": "left"
                }
            },
            {
                "time": "2019-06-28T00:03:52.097Z",
                "type": "PLAY",
                "source": "video:button",
                "_t": "18:03:52",
                "_end": "-"
            },
            {
                "time": {
                    "start": "2019-06-28T00:03:11.227Z",
                    "end": "2019-06-28T00:03:58.205Z"
                },
                "type": "SCRUB",
                "source": "data:drag",
                "_t": "18:03:11",
                "_end": "18:03:58",
                "data": {
                    "time": 1.527065
                }
            },
            {
                "time": "2019-06-28T00:04:00.221Z",
                "type": "SKIP",
                "source": "hotkey",
                "_t": "18:04:00",
                "_end": "-",
                "data": {
                    "t": 2.030834,
                    "Δt": -5,
                    "key": "left"
                }
            },
            {
                "time": "2019-06-28T00:04:00.512Z",
                "type": "SKIP",
                "source": "hotkey",
                "_t": "18:04:00",
                "_end": "-",
                "data": {
                    "t": 0.068487,
                    "Δt": -5,
                    "key": "left"
                }
            },
            {
                "time": "2019-06-28T00:04:04.893Z",
                "type": "SKIP",
                "source": "hotkey",
                "_t": "18:04:04",
                "_end": "-",
                "data": {
                    "t": 1.091804,
                    "Δt": -5,
                    "key": "left"
                }
            },
            {
                "time": "2019-06-28T00:04:06.413Z",
                "type": "PAUSE",
                "source": "hotkey",
                "_t": "18:04:06",
                "_end": "-",
                "data": {
                    "key": "space"
                }
            },
            {
                "time": {
                    "start": "2019-06-28T00:03:11.227Z",
                    "end": "2019-06-28T00:04:07.228Z"
                },
                "type": "SCRUB",
                "source": "data:drag",
                "_t": "18:03:11",
                "_end": "18:04:07",
                "data": {
                    "time": 0.372601
                }
            },
            {
                "time": {
                    "start": "2019-06-28T00:03:11.227Z",
                    "end": "2019-06-28T00:04:07.828Z"
                },
                "type": "SCRUB",
                "source": "data:drag",
                "_t": "18:03:11",
                "_end": "18:04:07",
                "data": {
                    "time": 0.372601
                }
            },
            {
                "time": {
                    "start": "2019-06-28T00:03:11.227Z",
                    "end": "2019-06-28T00:04:10.324Z"
                },
                "type": "SCRUB",
                "source": "data:drag",
                "_t": "18:03:11",
                "_end": "18:04:10",
                "data": {
                    "time": 0.372601
                }
            },
            {
                "time": {
                    "start": "2019-06-28T00:03:11.227Z",
                    "end": "2019-06-28T00:04:12.107Z"
                },
                "type": "SCRUB",
                "source": "data:drag",
                "_t": "18:03:11",
                "_end": "18:04:12",
                "data": {
                    "time": 0.372601
                }
            },
            {
                "time": "2019-06-28T00:04:13.869Z",
                "type": "PLAY",
                "source": "video:button",
                "_t": "18:04:13",
                "_end": "-"
            },
            {
                "time": "2019-06-28T00:04:32.173Z",
                "type": "PAUSE",
                "source": "video:button",
                "_t": "18:04:32",
                "_end": "-"
            },
            {
                "time": "2019-06-28T00:04:32.862Z",
                "type": "SKIP",
                "source": "hotkey",
                "_t": "18:04:32",
                "_end": "-",
                "data": {
                    "t": 4.948806,
                    "Δt": -1,
                    "key": "left"
                }
            },
            {
                "time": {
                    "start": "2019-06-28T00:03:11.227Z",
                    "end": "2019-06-28T00:04:34.557Z"
                },
                "type": "SCRUB",
                "source": "data:drag",
                "_t": "18:03:11",
                "_end": "18:04:34",
                "data": {
                    "time": 3.948806
                }
            },
            {
                "time": "2019-06-28T00:04:35.310Z",
                "type": "PLAY",
                "source": "hotkey",
                "_t": "18:04:35",
                "_end": "-",
                "data": {
                    "key": "space"
                }
            },
            {
                "time": "2019-06-28T00:04:36.973Z",
                "type": "PAUSE",
                "source": "hotkey",
                "_t": "18:04:36",
                "_end": "-",
                "data": {
                    "key": "space"
                }
            },
            {
                "time": "2019-06-28T00:04:37.838Z",
                "type": "PLAY",
                "source": "hotkey",
                "_t": "18:04:37",
                "_end": "-",
                "data": {
                    "key": "space"
                }
            },
            {
                "time": "2019-06-28T00:04:38.156Z",
                "type": "PAUSE",
                "source": "hotkey",
                "_t": "18:04:38",
                "_end": "-",
                "data": {
                    "key": "space"
                }
            },
            {
                "time": {
                    "start": "2019-06-28T00:03:11.227Z",
                    "end": "2019-06-28T00:04:38.890Z"
                },
                "type": "SCRUB",
                "source": "data:drag",
                "_t": "18:03:11",
                "_end": "18:04:38",
                "data": {
                    "time": 4.444468
                }
            },
            {
                "time": {
                    "start": "2019-06-28T00:03:11.227Z",
                    "end": "2019-06-28T00:04:39.973Z"
                },
                "type": "SCRUB",
                "source": "data:drag",
                "_t": "18:03:11",
                "_end": "18:04:39",
                "data": {
                    "time": 4.444468
                }
            },
            {
                "time": {
                    "start": "2019-06-28T00:03:11.227Z",
                    "end": "2019-06-28T00:04:41.911Z"
                },
                "type": "SCRUB",
                "source": "data:drag",
                "_t": "18:03:11",
                "_end": "18:04:41",
                "data": {
                    "time": 4.444468
                }
            },
            {
                "time": "2019-06-28T00:04:43.061Z",
                "type": "PLAY",
                "source": "video:button",
                "_t": "18:04:43",
                "_end": "-"
            },
            {
                "time": "2019-06-28T00:05:03.086Z",
                "type": "SKIP",
                "source": "hotkey",
                "_t": "18:05:03",
                "_end": "-",
                "data": {
                    "t": 9.450534,
                    "Δt": -5,
                    "key": "left"
                }
            },
            {
                "time": "2019-06-28T00:05:03.406Z",
                "type": "SKIP",
                "source": "hotkey",
                "_t": "18:05:03",
                "_end": "-",
                "data": {
                    "t": 4.5088,
                    "Δt": -5,
                    "key": "left"
                }
            },
            {
                "time": "2019-06-28T00:05:05.679Z",
                "type": "SKIP",
                "source": "hotkey",
                "_t": "18:05:05",
                "_end": "-",
                "data": {
                    "t": 0.563489,
                    "Δt": 5,
                    "key": "right"
                }
            },
            {
                "time": "2019-06-28T00:05:06.142Z",
                "type": "SKIP",
                "source": "hotkey",
                "_t": "18:05:06",
                "_end": "-",
                "data": {
                    "t": 5.664015,
                    "Δt": 5,
                    "key": "right"
                }
            },
            {
                "time": "2019-06-28T00:05:06.878Z",
                "type": "SKIP",
                "source": "hotkey",
                "_t": "18:05:06",
                "_end": "-",
                "data": {
                    "t": 10.820827,
                    "Δt": -5,
                    "key": "left"
                }
            },
            {
                "time": {
                    "start": "2019-06-28T00:05:11.303Z",
                    "end": "2019-06-28T00:05:11.342Z"
                },
                "type": "SCRUB",
                "source": "video:drag",
                "_t": "18:05:11",
                "_end": "18:05:11",
                "data": {
                    "to": 8.992113,
                    "from": 6.87854
                }
            },
            {
                "time": {
                    "start": "2019-06-28T00:05:12.770Z",
                    "end": "2019-06-28T00:05:12.800Z"
                },
                "type": "SCRUB",
                "source": "video:drag",
                "_t": "18:05:12",
                "_end": "18:05:12",
                "data": {
                    "to": 8.201597,
                    "from": 9.31485
                }
            },
            {
                "time": "2019-06-28T00:05:13.711Z",
                "type": "PAUSE",
                "source": "video:button",
                "_t": "18:05:13",
                "_end": "-"
            },
            {
                "time": {
                    "start": "2019-06-28T00:05:14.368Z",
                    "end": "2019-06-28T00:05:14.406Z"
                },
                "type": "SCRUB",
                "source": "video:drag",
                "_t": "18:05:14",
                "_end": "18:05:14",
                "data": {
                    "to": 11.77868,
                    "from": 8.413224
                }
            },
            {
                "time": {
                    "start": "2019-06-28T00:05:15.160Z",
                    "end": "2019-06-28T00:05:15.220Z"
                },
                "type": "SCRUB",
                "source": "video:drag",
                "_t": "18:05:15",
                "_end": "18:05:15",
                "data": {
                    "to": 10.039546,
                    "from": 11.77868
                }
            },
            {
                "time": {
                    "start": "2019-06-28T00:05:16.160Z",
                    "end": "2019-06-28T00:05:16.197Z"
                },
                "type": "SCRUB",
                "source": "video:drag",
                "_t": "18:05:16",
                "_end": "18:05:16",
                "data": {
                    "to": 9.446659,
                    "from": 10.039546
                }
            },
            {
                "time": {
                    "start": "2019-06-28T00:03:11.227Z",
                    "end": "2019-06-28T00:05:17.221Z"
                },
                "type": "SCRUB",
                "source": "data:drag",
                "_t": "18:03:11",
                "_end": "18:05:17",
                "data": {
                    "time": 9.446659
                }
            },
            {
                "time": {
                    "start": "2019-06-28T00:05:19.280Z",
                    "end": "2019-06-28T00:05:19.325Z"
                },
                "type": "SCRUB",
                "source": "video:drag",
                "_t": "18:05:19",
                "_end": "18:05:19",
                "data": {
                    "to": 9.24903,
                    "from": 9.446659
                }
            },
            {
                "time": {
                    "start": "2019-06-28T00:05:19.960Z",
                    "end": "2019-06-28T00:05:20.021Z"
                },
                "type": "SCRUB",
                "source": "video:drag",
                "_t": "18:05:19",
                "_end": "18:05:20",
                "data": {
                    "to": 9.169979,
                    "from": 9.24903
                }
            },
            {
                "time": {
                    "start": "2019-06-28T00:05:20.600Z",
                    "end": "2019-06-28T00:05:20.650Z"
                },
                "type": "SCRUB",
                "source": "video:drag",
                "_t": "18:05:20",
                "_end": "18:05:20",
                "data": {
                    "to": 9.11069,
                    "from": 9.169979
                }
            },
            {
                "time": {
                    "start": "2019-06-28T00:05:21.048Z",
                    "end": "2019-06-28T00:05:21.088Z"
                },
                "type": "SCRUB",
                "source": "video:drag",
                "_t": "18:05:21",
                "_end": "18:05:21",
                "data": {
                    "to": 9.031639,
                    "from": 9.11069
                }
            },
            {
                "time": {
                    "start": "2019-06-28T00:05:21.456Z",
                    "end": "2019-06-28T00:05:21.468Z"
                },
                "type": "SCRUB",
                "source": "video:drag",
                "_t": "18:05:21",
                "_end": "18:05:21",
                "data": {
                    "to": 8.83401,
                    "from": 9.031639
                }
            },
            {
                "time": {
                    "start": "2019-06-28T00:05:21.888Z",
                    "end": "2019-06-28T00:05:21.917Z"
                },
                "type": "SCRUB",
                "source": "video:drag",
                "_t": "18:05:21",
                "_end": "18:05:21",
                "data": {
                    "to": 8.596855,
                    "from": 8.83401
                }
            },
            {
                "time": {
                    "start": "2019-06-28T00:03:11.227Z",
                    "end": "2019-06-28T00:05:23.099Z"
                },
                "type": "SCRUB",
                "source": "data:drag",
                "_t": "18:03:11",
                "_end": "18:05:23",
                "data": {
                    "time": 8.596855
                }
            },
            {
                "time": {
                    "start": "2019-06-28T00:03:11.227Z",
                    "end": "2019-06-28T00:05:24.021Z"
                },
                "type": "SCRUB",
                "source": "data:drag",
                "_t": "18:03:11",
                "_end": "18:05:24",
                "data": {
                    "time": 8.596855
                }
            },
            {
                "time": {
                    "start": "2019-06-28T00:03:11.227Z",
                    "end": "2019-06-28T00:05:25.624Z"
                },
                "type": "SCRUB",
                "source": "data:drag",
                "_t": "18:03:11",
                "_end": "18:05:25",
                "data": {
                    "time": 8.596855
                }
            },
            {
                "time": "2019-06-28T00:05:26.496Z",
                "type": "PLAY",
                "source": "hotkey",
                "_t": "18:05:26",
                "_end": "-",
                "data": {
                    "key": "space"
                }
            },
            {
                "time": "2019-06-28T00:05:26.943Z",
                "type": "PAUSE",
                "source": "hotkey",
                "_t": "18:05:26",
                "_end": "-",
                "data": {
                    "key": "space"
                }
            },
            {
                "time": "2019-06-28T00:05:27.774Z",
                "type": "PLAY",
                "source": "hotkey",
                "_t": "18:05:27",
                "_end": "-",
                "data": {
                    "key": "space"
                }
            },
            {
                "time": "2019-06-28T00:05:28.061Z",
                "type": "PAUSE",
                "source": "hotkey",
                "_t": "18:05:28",
                "_end": "-",
                "data": {
                    "key": "space"
                }
            },
            {
                "time": "2019-06-28T00:05:30.350Z",
                "type": "PLAY",
                "source": "hotkey",
                "_t": "18:05:30",
                "_end": "-",
                "data": {
                    "key": "space"
                }
            },
            {
                "time": "2019-06-28T00:05:50.590Z",
                "type": "CHANGE-PLAYBACK-RATE",
                "source": "video:button",
                "_t": "18:05:50",
                "_end": "-",
                "data": {
                    "oldRate": 0.25,
                    "newRate": 0.5
                }
            },
            {
                "time": {
                    "start": "2019-06-28T00:06:09.553Z",
                    "end": "2019-06-28T00:06:09.573Z"
                },
                "type": "SCRUB",
                "source": "video:drag",
                "_t": "18:06:09",
                "_end": "18:06:09",
                "data": {
                    "to": 0.079065,
                    "from": 23.008
                }
            },
            {
                "time": "2019-06-28T00:06:13.313Z",
                "type": "PLAY",
                "source": "video:button",
                "_t": "18:06:13",
                "_end": "-"
            }
        ]
    }
}