[{"time":0,"endTime":0.283972,"type":"orange-on-ground","id":1},{"time":0.283972,"endTime":0.403957,"type":"orange-on-ground","id":2},{"time":0.403957,"endTime":0.887755,"type":"orange-in-air","id":3},{"time":0.887755,"endTime":0.908067,"type":"orange-in-air","id":4},{"time":0.908067,"endTime":1.528223,"type":"orange-on-ground","id":5},{"time":1.528223,"endTime":1.548353,"type":"orange-on-ground","id":6},{"time":1.548353,"endTime":2.144009,"type":"orange-in-air","id":7},{"time":2.144009,"endTime":2.164018,"type":"orange-in-air","id":8},{"time":2.164018,"endTime":2.916327,"type":"orange-on-ground","id":9},{"time":2.916327,"endTime":2.947704,"type":"orange-on-ground","id":10},{"time":2.947704,"endTime":3.900214,"type":"orange-in-air","id":11},{"time":3.900214,"endTime":3.924047,"type":"orange-in-air","id":12},{"time":3.924047,"endTime":4.428085,"type":"orange-on-ground","id":13},{"time":4.428085,"endTime":4.44774,"type":"orange-on-ground","id":14},{"time":4.44774,"endTime":5.336034,"type":"orange-in-air","id":15},{"time":5.336034,"endTime":5.360621,"type":"orange-in-air","id":16},{"time":5.360621,"endTime":5.951899,"type":"orange-on-ground","id":17},{"time":5.951899,"endTime":5.968011,"type":"orange-on-ground","id":18},{"time":5.968011,"endTime":6.819959,"type":"orange-in-air","id":19},{"time":6.819959,"endTime":6.840115,"type":"orange-in-air","id":20},{"time":6.840115,"endTime":7.336055,"type":"orange-on-ground","id":21},{"time":7.336055,"endTime":7.356112,"type":"orange-on-ground","id":22},{"time":7.356112,"endTime":8.255779,"type":"orange-in-air","id":23},{"time":8.255779,"endTime":8.280072,"type":"orange-in-air","id":24},{"time":8.280072,"endTime":8.796506,"type":"orange-on-ground","id":25},{"time":8.796506,"endTime":8.818278,"type":"orange-on-ground","id":26},{"time":8.818278,"endTime":9.748171,"type":"orange-in-air","id":27},{"time":9.748171,"endTime":9.772121,"type":"orange-in-air","id":28},{"time":9.774403,"endTime":10.226133,"type":"orange-on-ground","id":29},{"time":10.226133,"endTime":10.250444,"type":"orange-on-ground","id":30},{"time":10.250444,"endTime":11.230465,"type":"orange-in-air","id":31},{"time":11.230465,"endTime":11.246446,"type":"orange-in-air","id":32},{"time":11.246446,"endTime":11.790438,"type":"orange-on-ground","id":33},{"time":11.790438,"endTime":11.806439,"type":"orange-on-ground","id":34},{"time":11.806439,"endTime":12.626553,"type":"orange-in-air","id":35},{"time":12.626553,"endTime":12.655431,"type":"orange-in-air","id":36},{"time":12.655431,"endTime":13.246672,"type":"orange-on-ground","id":37},{"time":13.246672,"endTime":13.258668,"type":"orange-on-ground","id":38},{"time":13.258668,"endTime":14.130761,"type":"orange-in-air","id":39},{"time":14.130761,"endTime":14.155632,"type":"orange-in-air","id":40},{"time":14.155632,"endTime":14.670294,"type":"orange-on-ground","id":41},{"time":14.670294,"endTime":14.706474,"type":"orange-on-ground","id":42},{"time":14.706474,"endTime":15.550547,"type":"orange-in-air","id":43},{"time":15.550547,"endTime":15.570591,"type":"orange-in-air","id":44},{"time":15.570591,"endTime":16.147234,"type":"orange-on-ground","id":45},{"time":16.147234,"endTime":16.162406,"type":"orange-on-ground","id":46},{"time":16.162406,"endTime":16.990833,"type":"orange-in-air","id":47},{"time":16.990833,"endTime":17.014524,"type":"orange-in-air","id":48},{"time":17.014524,"endTime":17.638487,"type":"orange-on-ground","id":49},{"time":17.638487,"endTime":17.658363,"type":"orange-on-ground","id":50},{"time":17.658363,"endTime":18.442617,"type":"orange-in-air","id":51},{"time":18.442617,"endTime":18.470791,"type":"orange-in-air","id":52},{"time":18.470791,"endTime":19.014562,"type":"orange-on-ground","id":53},{"time":19.014562,"endTime":19.034355,"type":"orange-on-ground","id":54},{"time":19.034355,"endTime":19.926817,"type":"orange-in-air","id":55},{"time":19.926817,"endTime":19.946587,"type":"orange-in-air","id":56},{"time":19.946587,"endTime":20.498536,"type":"orange-on-ground","id":57},{"time":20.498536,"endTime":20.52292,"type":"orange-on-ground","id":58},{"time":20.52292,"endTime":21.48405,"type":"orange-in-air","id":59},{"time":21.48405,"endTime":21.506734,"type":"orange-in-air","id":60},{"time":21.506734,"endTime":21.958625,"type":"orange-on-ground","id":61},{"time":21.958625,"endTime":21.978313,"type":"orange-on-ground","id":62},{"time":21.978313,"endTime":22.88662,"type":"orange-in-air","id":63},{"time":22.88662,"endTime":22.914612,"type":"orange-in-air","id":64},{"time":22.914612,"endTime":23.361476097561546,"type":"orange-on-ground","id":65}]