[{"time":-0.0071317073170820144,"endTime":0.236,"type":"orange-on-ground","id":1},{"time":0.236,"endTime":0.592,"type":"orange-in-air","id":2},{"time":0.592,"endTime":1.474,"type":"orange-on-ground","id":3},{"time":1.474,"endTime":2.158,"type":"orange-in-air","id":4},{"time":2.161075,"endTime":2.92288,"type":"orange-on-ground","id":5},{"time":2.92288,"endTime":3.724663,"type":"orange-in-air","id":6},{"time":3.724663,"endTime":4.446,"type":"orange-on-ground","id":7},{"time":4.446,"endTime":5.406,"type":"orange-in-air","id":8},{"time":5.406,"endTime":5.886,"type":"orange-on-ground","id":9},{"time":5.886,"endTime":6.89,"type":"orange-in-air","id":10},{"time":6.89,"endTime":8.334,"type":"orange-on-ground","id":11},{"time":8.334,"endTime":8.816,"type":"orange-in-air","id":12},{"time":8.816,"endTime":9.778,"type":"orange-on-ground","id":13},{"time":9.778,"endTime":10.298,"type":"orange-in-air","id":14},{"time":10.298,"endTime":11.298,"type":"orange-on-ground","id":15},{"time":11.298,"endTime":11.738,"type":"orange-in-air","id":16},{"time":11.738,"endTime":12.784,"type":"orange-on-ground","id":17},{"time":12.784,"endTime":13.222,"type":"orange-in-air","id":18},{"time":13.222,"endTime":14.184,"type":"orange-on-ground","id":19},{"time":14.184,"endTime":14.666,"type":"orange-in-air","id":20},{"time":14.666,"endTime":15.668,"type":"orange-on-ground","id":21},{"time":15.668,"endTime":16.19,"type":"orange-in-air","id":22},{"time":16.19,"endTime":17.152,"type":"orange-on-ground","id":23},{"time":17.152,"endTime":17.679014,"type":"orange-in-air","id":24},{"time":17.679014,"endTime":18.596,"type":"orange-on-ground","id":25},{"time":18.596,"endTime":19.078,"type":"orange-in-air","id":26},{"time":19.078,"endTime":20.16,"type":"orange-on-ground","id":27},{"time":20.16,"endTime":20.604,"type":"orange-in-air","id":28},{"time":20.604,"endTime":21.444,"type":"orange-on-ground","id":29},{"time":21.444,"endTime":21.962,"type":"orange-in-air","id":30},{"time":21.962,"endTime":22.848,"type":"orange-on-ground","id":31},{"time":22.848,"endTime":23.008,"type":"orange-in-air","id":32}]