{
    "user_id": "tan5",
    "session_id": "5d7bb30c81249f67dd06acc3",
    "study": "studyE",
    "workspace": "gait.gait-blue",
    "details": {
        "workspace": "gait.gait-blue",
        "labels": [
            {
                "time": 0.4,
                "endTime": 0.956,
                "type": "orange-in-air",
                "id": 1
            },
            {
                "time": 1.56538,
                "endTime": 2.246,
                "type": "orange-in-air",
                "id": 2
            },
            {
                "time": 3.046,
                "endTime": 3.852,
                "type": "orange-in-air",
                "id": 3
            },
            {
                "time": 4.416876,
                "endTime": 5.38,
                "type": "orange-in-air",
                "id": 4
            },
            {
                "time": 5.902,
                "endTime": 6.784,
                "type": "orange-in-air",
                "id": 5
            },
            {
                "time": 7.384,
                "endTime": 8.15,
                "type": "orange-in-air",
                "id": 6
            },
            {
                "time": 0.08,
                "endTime": 0.200975,
                "type": "orange-on-ground",
                "id": 7
            },
            {
                "time": 0.200975,
                "endTime": 0.4,
                "type": "orange-on-ground",
                "id": 8
            },
            {
                "time": 0.96,
                "endTime": 1.518,
                "type": "orange-on-ground",
                "id": 9
            },
            {
                "time": 2.284,
                "endTime": 2.932,
                "type": "orange-on-ground",
                "id": 10
            },
            {
                "time": 3.917609,
                "endTime": 4.416876,
                "type": "orange-on-ground",
                "id": 11
            },
            {
                "time": 5.402,
                "endTime": 5.902,
                "type": "orange-on-ground",
                "id": 12
            },
            {
                "time": 6.888,
                "endTime": 7.384,
                "type": "orange-on-ground",
                "id": 13
            },
            {
                "time": 8.29,
                "endTime": 8.896846,
                "type": "orange-on-ground",
                "id": 14
            },
            {
                "time": 8.974,
                "endTime": 9.66,
                "type": "orange-in-air",
                "id": 15
            },
            {
                "time": 9.66,
                "endTime": 10.22,
                "type": "orange-on-ground",
                "id": 16
            },
            {
                "time": 10.22,
                "endTime": 11.149532,
                "type": "orange-in-air",
                "id": 17
            },
            {
                "time": 11.149532,
                "endTime": 11.71,
                "type": "orange-on-ground",
                "id": 18
            },
            {
                "time": 11.71,
                "endTime": 12.628,
                "type": "orange-in-air",
                "id": 19
            },
            {
                "time": 12.628,
                "endTime": 13.196,
                "type": "orange-on-ground",
                "id": 20
            },
            {
                "time": 13.196,
                "endTime": 14.12106,
                "type": "orange-in-air",
                "id": 21
            },
            {
                "time": 14.12106,
                "endTime": 14.643012,
                "type": "orange-on-ground",
                "id": 22
            },
            {
                "time": 14.643012,
                "endTime": 15.604,
                "type": "orange-in-air",
                "id": 23
            },
            {
                "time": 15.604,
                "endTime": 16.122,
                "type": "orange-on-ground",
                "id": 24
            },
            {
                "time": 16.122,
                "endTime": 17.173673,
                "type": "orange-in-air",
                "id": 25
            },
            {
                "time": 17.173673,
                "endTime": 17.612,
                "type": "orange-on-ground",
                "id": 26
            },
            {
                "time": 17.612,
                "endTime": 18.616,
                "type": "orange-in-air",
                "id": 27
            },
            {
                "time": 18.616,
                "endTime": 19.02,
                "type": "orange-on-ground",
                "id": 28
            },
            {
                "time": 19.02,
                "endTime": 19.898,
                "type": "orange-in-air",
                "id": 29
            },
            {
                "time": 19.898,
                "endTime": 20.466,
                "type": "orange-on-ground",
                "id": 30
            },
            {
                "time": 20.466,
                "endTime": 21.512,
                "type": "orange-in-air",
                "id": 31
            },
            {
                "time": 21.512,
                "endTime": 21.906,
                "type": "orange-on-ground",
                "id": 32
            },
            {
                "time": 21.906,
                "endTime": 22.912,
                "type": "orange-in-air",
                "id": 33
            }
        ],
        "_starts": [
            "2019-09-13T15:38:07.000Z"
        ],
        "_ends": [
            "2019-09-13T15:41:26.089Z"
        ]
    },
    "labels_file": "/home/ubuntu/vat/data/user-studies/studyE/gait-blue/tan5.labels.json",
    "videoFlash": 0.00001,
    "surveys": {
        "user-info": {
            "firstname": "Alison",
            "lastname": "Jepsen",
            "email": "adjopen@gmail.com"
        },
        "practice-first": {
            "question1": "4",
            "question2": "ok",
            "question3": "70",
            "question4": "3"
        },
        "practice-second": {},
        "practice-third": {},
        "practice-survey": {},
        "drywall-blue": {
            "question1": "5",
            "question2": "5",
            "question3": "20",
            "question4": "80"
        },
        "drywall-red": {
            "question1": "1",
            "question2": "2",
            "question3": "20",
            "question4": "20"
        },
        "drywall-orange": {
            "question1": "4",
            "question2": "2",
            "question3": "10",
            "question4": "80"
        },
        "drywall-survey": {
            "question1": "5",
            "question2": "4",
            "question3": "4",
            "question4": "4"
        }
    },
    "logs": {
        "labelEvents": [
            {
                "time": "2019-09-13T15:38:45.289Z",
                "type": "START",
                "source": "hotkey",
                "_t": "09:38:45",
                "_end": "-",
                "data": {
                    "type": "orange-in-air",
                    "time": 0.2
                }
            },
            {
                "time": "2019-09-13T15:38:46.361Z",
                "type": "START",
                "source": "hotkey",
                "_t": "09:38:46",
                "_end": "-",
                "data": {
                    "type": "orange-on-ground",
                    "time": 0.722
                }
            },
            {
                "time": "2019-09-13T15:38:47.434Z",
                "type": "START",
                "source": "hotkey",
                "_t": "09:38:47",
                "_end": "-",
                "data": {
                    "type": "orange-in-air",
                    "time": 1.24
                }
            },
            {
                "time": "2019-09-13T15:38:49.289Z",
                "type": "START",
                "source": "hotkey",
                "_t": "09:38:49",
                "_end": "-",
                "data": {
                    "type": "orange-in-air",
                    "time": 2.169527
                }
            },
            {
                "time": "2019-09-13T15:38:50.874Z",
                "type": "START",
                "source": "hotkey",
                "_t": "09:38:50",
                "_end": "-",
                "data": {
                    "type": "orange-on-ground",
                    "time": 2.97
                }
            },
            {
                "time": "2019-09-13T15:38:52.627Z",
                "type": "START",
                "source": "hotkey",
                "_t": "09:38:52",
                "_end": "-",
                "data": {
                    "type": "orange-in-air",
                    "time": 3.854
                }
            },
            {
                "time": "2019-09-13T15:38:54.239Z",
                "type": "START",
                "source": "hotkey",
                "_t": "09:38:54",
                "_end": "-",
                "data": {
                    "type": "orange-on-ground",
                    "time": 4.654
                }
            },
            {
                "time": "2019-09-13T15:38:59.436Z",
                "type": "END",
                "source": "hotkey:ctb",
                "_t": "09:38:59",
                "_end": "-",
                "data": {
                    "lbl": {
                        "time": 4.654,
                        "endTime": 5.784,
                        "type": "orange-on-ground",
                        "id": 7
                    },
                    "key": "enter"
                }
            },
            {
                "time": "2019-09-13T15:39:01.187Z",
                "type": "SELECT",
                "source": "data:click",
                "_t": "09:39:01",
                "_end": "-",
                "data": {
                    "time": 4.654,
                    "endTime": 5.784,
                    "type": "orange-on-ground",
                    "id": 7
                }
            },
            {
                "time": "2019-09-13T15:39:01.975Z",
                "type": "DELETE",
                "source": "hotkey",
                "_t": "09:39:01",
                "_end": "-",
                "data": {
                    "id": 7,
                    "idx": 6
                }
            },
            {
                "time": "2019-09-13T15:39:02.605Z",
                "type": "SELECT",
                "source": "data:click",
                "_t": "09:39:02",
                "_end": "-",
                "data": {
                    "time": 3.854,
                    "endTime": 4.654,
                    "type": "orange-in-air",
                    "id": 6
                }
            },
            {
                "time": "2019-09-13T15:39:02.969Z",
                "type": "DELETE",
                "source": "hotkey",
                "_t": "09:39:02",
                "_end": "-",
                "data": {
                    "id": 6,
                    "idx": 5
                }
            },
            {
                "time": "2019-09-13T15:39:03.398Z",
                "type": "SELECT",
                "source": "data:click",
                "_t": "09:39:03",
                "_end": "-",
                "data": {
                    "time": 2.97,
                    "endTime": 3.854,
                    "type": "orange-on-ground",
                    "id": 5
                }
            },
            {
                "time": "2019-09-13T15:39:03.719Z",
                "type": "DELETE",
                "source": "hotkey",
                "_t": "09:39:03",
                "_end": "-",
                "data": {
                    "id": 5,
                    "idx": 4
                }
            },
            {
                "time": "2019-09-13T15:39:06.069Z",
                "type": "SELECT",
                "source": "data:click",
                "_t": "09:39:06",
                "_end": "-",
                "data": {
                    "time": 0.2,
                    "endTime": 0.722,
                    "type": "orange-in-air",
                    "id": 1
                }
            },
            {
                "time": "2019-09-13T15:39:06.792Z",
                "type": "DELETE",
                "source": "hotkey",
                "_t": "09:39:06",
                "_end": "-",
                "data": {
                    "id": 1,
                    "idx": 0
                }
            },
            {
                "time": "2019-09-13T15:39:07.268Z",
                "type": "SELECT",
                "source": "data:click",
                "_t": "09:39:07",
                "_end": "-",
                "data": {
                    "time": 0.722,
                    "endTime": 1.24,
                    "type": "orange-on-ground",
                    "id": 2
                }
            },
            {
                "time": "2019-09-13T15:39:07.561Z",
                "type": "DELETE",
                "source": "hotkey",
                "_t": "09:39:07",
                "_end": "-",
                "data": {
                    "id": 2,
                    "idx": 0
                }
            },
            {
                "time": "2019-09-13T15:39:07.980Z",
                "type": "SELECT",
                "source": "data:click",
                "_t": "09:39:07",
                "_end": "-",
                "data": {
                    "time": 1.24,
                    "endTime": 2.169527,
                    "type": "orange-in-air",
                    "id": 3
                }
            },
            {
                "time": "2019-09-13T15:39:08.264Z",
                "type": "DELETE",
                "source": "hotkey",
                "_t": "09:39:08",
                "_end": "-",
                "data": {
                    "id": 3,
                    "idx": 0
                }
            },
            {
                "time": "2019-09-13T15:39:11.500Z",
                "type": "SELECT",
                "source": "data:click",
                "_t": "09:39:11",
                "_end": "-",
                "data": {
                    "time": 2.169527,
                    "endTime": 2.97,
                    "type": "orange-in-air",
                    "id": 4
                }
            },
            {
                "time": "2019-09-13T15:39:12.167Z",
                "type": "DELETE",
                "source": "hotkey",
                "_t": "09:39:12",
                "_end": "-",
                "data": {
                    "id": 4,
                    "idx": 0
                }
            },
            {
                "time": "2019-09-13T15:39:17.245Z",
                "type": "START",
                "source": "hotkey",
                "_t": "09:39:17",
                "_end": "-",
                "data": {
                    "type": "orange-in-air",
                    "time": 0.4
                }
            },
            {
                "time": "2019-09-13T15:39:18.367Z",
                "type": "END",
                "source": "hotkey:ctb",
                "_t": "09:39:18",
                "_end": "-",
                "data": {
                    "lbl": {
                        "time": 0.4,
                        "endTime": 0.956,
                        "type": "orange-in-air",
                        "id": 1
                    },
                    "key": "enter"
                }
            },
            {
                "time": "2019-09-13T15:39:19.548Z",
                "type": "START",
                "source": "hotkey",
                "_t": "09:39:19",
                "_end": "-",
                "data": {
                    "type": "orange-in-air",
                    "time": 1.56538
                }
            },
            {
                "time": "2019-09-13T15:39:20.924Z",
                "type": "END",
                "source": "hotkey:ctb",
                "_t": "09:39:20",
                "_end": "-",
                "data": {
                    "lbl": {
                        "time": 1.56538,
                        "endTime": 2.246,
                        "type": "orange-in-air",
                        "id": 2
                    },
                    "key": "enter"
                }
            },
            {
                "time": "2019-09-13T15:39:22.543Z",
                "type": "START",
                "source": "hotkey",
                "_t": "09:39:22",
                "_end": "-",
                "data": {
                    "type": "orange-in-air",
                    "time": 3.046
                }
            },
            {
                "time": "2019-09-13T15:39:24.126Z",
                "type": "END",
                "source": "hotkey:ctb",
                "_t": "09:39:24",
                "_end": "-",
                "data": {
                    "lbl": {
                        "time": 3.046,
                        "endTime": 3.852,
                        "type": "orange-in-air",
                        "id": 3
                    },
                    "key": "enter"
                }
            },
            {
                "time": "2019-09-13T15:39:25.298Z",
                "type": "START",
                "source": "hotkey",
                "_t": "09:39:25",
                "_end": "-",
                "data": {
                    "type": "orange-in-air",
                    "time": 4.416876
                }
            },
            {
                "time": "2019-09-13T15:39:27.166Z",
                "type": "END",
                "source": "hotkey:ctb",
                "_t": "09:39:27",
                "_end": "-",
                "data": {
                    "lbl": {
                        "time": 4.416876,
                        "endTime": 5.38,
                        "type": "orange-in-air",
                        "id": 4
                    },
                    "key": "enter"
                }
            },
            {
                "time": "2019-09-13T15:39:28.271Z",
                "type": "START",
                "source": "hotkey",
                "_t": "09:39:28",
                "_end": "-",
                "data": {
                    "type": "orange-in-air",
                    "time": 5.902
                }
            },
            {
                "time": "2019-09-13T15:39:30.025Z",
                "type": "END",
                "source": "hotkey:ctb",
                "_t": "09:39:30",
                "_end": "-",
                "data": {
                    "lbl": {
                        "time": 5.902,
                        "endTime": 6.784,
                        "type": "orange-in-air",
                        "id": 5
                    },
                    "key": "enter"
                }
            },
            {
                "time": "2019-09-13T15:39:31.182Z",
                "type": "START",
                "source": "hotkey",
                "_t": "09:39:31",
                "_end": "-",
                "data": {
                    "type": "orange-in-air",
                    "time": 7.384
                }
            },
            {
                "time": "2019-09-13T15:39:32.762Z",
                "type": "END",
                "source": "hotkey:ctb",
                "_t": "09:39:32",
                "_end": "-",
                "data": {
                    "lbl": {
                        "time": 7.384,
                        "endTime": 8.15,
                        "type": "orange-in-air",
                        "id": 6
                    },
                    "key": "enter"
                }
            },
            {
                "time": "2019-09-13T15:39:44.565Z",
                "type": "START",
                "source": "hotkey",
                "_t": "09:39:44",
                "_end": "-",
                "data": {
                    "type": "orange-on-ground",
                    "time": 0.08
                }
            },
            {
                "time": "2019-09-13T15:39:47.731Z",
                "type": "START",
                "source": "hotkey",
                "_t": "09:39:47",
                "_end": "-",
                "data": {
                    "type": "orange-on-ground",
                    "time": 0.200975
                }
            },
            {
                "time": "2019-09-13T15:39:52.445Z",
                "type": "END",
                "source": "hotkey:ctb",
                "_t": "09:39:52",
                "_end": "-",
                "data": {
                    "lbl": {
                        "time": 0.200975,
                        "endTime": 0.4,
                        "type": "orange-on-ground",
                        "id": 8
                    },
                    "key": "enter"
                }
            },
            {
                "time": "2019-09-13T15:39:53.517Z",
                "type": "START",
                "source": "hotkey",
                "_t": "09:39:53",
                "_end": "-",
                "data": {
                    "type": "orange-on-ground",
                    "time": 0.96
                }
            },
            {
                "time": "2019-09-13T15:39:54.652Z",
                "type": "END",
                "source": "hotkey:ctb",
                "_t": "09:39:54",
                "_end": "-",
                "data": {
                    "lbl": {
                        "time": 0.96,
                        "endTime": 1.518,
                        "type": "orange-on-ground",
                        "id": 9
                    },
                    "key": "enter"
                }
            },
            {
                "time": "2019-09-13T15:39:56.157Z",
                "type": "START",
                "source": "hotkey",
                "_t": "09:39:56",
                "_end": "-",
                "data": {
                    "type": "orange-on-ground",
                    "time": 2.284
                }
            },
            {
                "time": "2019-09-13T15:39:57.484Z",
                "type": "END",
                "source": "hotkey:ctb",
                "_t": "09:39:57",
                "_end": "-",
                "data": {
                    "lbl": {
                        "time": 2.284,
                        "endTime": 2.932,
                        "type": "orange-on-ground",
                        "id": 10
                    },
                    "key": "enter"
                }
            },
            {
                "time": "2019-09-13T15:40:18.494Z",
                "type": "START",
                "source": "hotkey",
                "_t": "09:40:18",
                "_end": "-",
                "data": {
                    "type": "orange-on-ground",
                    "time": 3.917609
                }
            },
            {
                "time": "2019-09-13T15:40:19.547Z",
                "type": "END",
                "source": "hotkey:ctb",
                "_t": "09:40:19",
                "_end": "-",
                "data": {
                    "lbl": {
                        "time": 3.917609,
                        "endTime": 4.416876,
                        "type": "orange-on-ground",
                        "id": 11
                    },
                    "key": "enter"
                }
            },
            {
                "time": "2019-09-13T15:40:21.501Z",
                "type": "START",
                "source": "hotkey",
                "_t": "09:40:21",
                "_end": "-",
                "data": {
                    "type": "orange-on-ground",
                    "time": 5.402
                }
            },
            {
                "time": "2019-09-13T15:40:22.540Z",
                "type": "END",
                "source": "hotkey:ctb",
                "_t": "09:40:22",
                "_end": "-",
                "data": {
                    "lbl": {
                        "time": 5.402,
                        "endTime": 5.902,
                        "type": "orange-on-ground",
                        "id": 12
                    },
                    "key": "enter"
                }
            },
            {
                "time": "2019-09-13T15:40:24.423Z",
                "type": "START",
                "source": "hotkey",
                "_t": "09:40:24",
                "_end": "-",
                "data": {
                    "type": "orange-on-ground",
                    "time": 6.888
                }
            },
            {
                "time": "2019-09-13T15:40:25.457Z",
                "type": "END",
                "source": "hotkey:ctb",
                "_t": "09:40:25",
                "_end": "-",
                "data": {
                    "lbl": {
                        "time": 6.888,
                        "endTime": 7.384,
                        "type": "orange-on-ground",
                        "id": 13
                    },
                    "key": "enter"
                }
            },
            {
                "time": "2019-09-13T15:40:27.263Z",
                "type": "START",
                "source": "hotkey",
                "_t": "09:40:27",
                "_end": "-",
                "data": {
                    "type": "orange-on-ground",
                    "time": 8.29
                }
            },
            {
                "time": "2019-09-13T15:40:28.510Z",
                "type": "END",
                "source": "hotkey:ctb",
                "_t": "09:40:28",
                "_end": "-",
                "data": {
                    "lbl": {
                        "time": 8.29,
                        "endTime": 8.896846,
                        "type": "orange-on-ground",
                        "id": 14
                    },
                    "key": "enter"
                }
            },
            {
                "time": "2019-09-13T15:40:45.941Z",
                "type": "START",
                "source": "hotkey",
                "_t": "09:40:45",
                "_end": "-",
                "data": {
                    "type": "orange-in-air",
                    "time": 8.974
                }
            },
            {
                "time": "2019-09-13T15:40:47.310Z",
                "type": "END",
                "source": "hotkey:ctb",
                "_t": "09:40:47",
                "_end": "-",
                "data": {
                    "lbl": {
                        "time": 8.974,
                        "endTime": 9.66,
                        "type": "orange-in-air",
                        "id": 15
                    },
                    "key": "enter"
                }
            },
            {
                "time": "2019-09-13T15:40:47.335Z",
                "type": "START",
                "source": "hotkey",
                "_t": "09:40:47",
                "_end": "-",
                "data": {
                    "type": "orange-on-ground",
                    "time": 9.66
                }
            },
            {
                "time": "2019-09-13T15:40:48.491Z",
                "type": "START",
                "source": "hotkey",
                "_t": "09:40:48",
                "_end": "-",
                "data": {
                    "type": "orange-in-air",
                    "time": 10.22
                }
            },
            {
                "time": "2019-09-13T15:40:50.314Z",
                "type": "START",
                "source": "hotkey",
                "_t": "09:40:50",
                "_end": "-",
                "data": {
                    "type": "orange-on-ground",
                    "time": 11.149532
                }
            },
            {
                "time": "2019-09-13T15:40:51.439Z",
                "type": "START",
                "source": "hotkey",
                "_t": "09:40:51",
                "_end": "-",
                "data": {
                    "type": "orange-in-air",
                    "time": 11.71
                }
            },
            {
                "time": "2019-09-13T15:40:53.278Z",
                "type": "START",
                "source": "hotkey",
                "_t": "09:40:53",
                "_end": "-",
                "data": {
                    "type": "orange-on-ground",
                    "time": 12.628
                }
            },
            {
                "time": "2019-09-13T15:40:54.417Z",
                "type": "START",
                "source": "hotkey",
                "_t": "09:40:54",
                "_end": "-",
                "data": {
                    "type": "orange-in-air",
                    "time": 13.196
                }
            },
            {
                "time": "2019-09-13T15:40:56.256Z",
                "type": "START",
                "source": "hotkey",
                "_t": "09:40:56",
                "_end": "-",
                "data": {
                    "type": "orange-on-ground",
                    "time": 14.12106
                }
            },
            {
                "time": "2019-09-13T15:40:57.313Z",
                "type": "START",
                "source": "hotkey",
                "_t": "09:40:57",
                "_end": "-",
                "data": {
                    "type": "orange-in-air",
                    "time": 14.643012
                }
            },
            {
                "time": "2019-09-13T15:40:59.184Z",
                "type": "START",
                "source": "hotkey",
                "_t": "09:40:59",
                "_end": "-",
                "data": {
                    "type": "orange-on-ground",
                    "time": 15.604
                }
            },
            {
                "time": "2019-09-13T15:41:00.254Z",
                "type": "START",
                "source": "hotkey",
                "_t": "09:41:00",
                "_end": "-",
                "data": {
                    "type": "orange-in-air",
                    "time": 16.122
                }
            },
            {
                "time": "2019-09-13T15:41:02.349Z",
                "type": "START",
                "source": "hotkey",
                "_t": "09:41:02",
                "_end": "-",
                "data": {
                    "type": "orange-on-ground",
                    "time": 17.173673
                }
            },
            {
                "time": "2019-09-13T15:41:03.198Z",
                "type": "START",
                "source": "hotkey",
                "_t": "09:41:03",
                "_end": "-",
                "data": {
                    "type": "orange-in-air",
                    "time": 17.612
                }
            },
            {
                "time": "2019-09-13T15:41:05.229Z",
                "type": "START",
                "source": "hotkey",
                "_t": "09:41:05",
                "_end": "-",
                "data": {
                    "type": "orange-on-ground",
                    "time": 18.616
                }
            },
            {
                "time": "2019-09-13T15:41:06.028Z",
                "type": "START",
                "source": "hotkey",
                "_t": "09:41:06",
                "_end": "-",
                "data": {
                    "type": "orange-in-air",
                    "time": 19.02
                }
            },
            {
                "time": "2019-09-13T15:41:07.822Z",
                "type": "START",
                "source": "hotkey",
                "_t": "09:41:07",
                "_end": "-",
                "data": {
                    "type": "orange-on-ground",
                    "time": 19.898
                }
            },
            {
                "time": "2019-09-13T15:41:08.917Z",
                "type": "START",
                "source": "hotkey",
                "_t": "09:41:08",
                "_end": "-",
                "data": {
                    "type": "orange-in-air",
                    "time": 20.466
                }
            },
            {
                "time": "2019-09-13T15:41:10.991Z",
                "type": "START",
                "source": "hotkey",
                "_t": "09:41:10",
                "_end": "-",
                "data": {
                    "type": "orange-on-ground",
                    "time": 21.512
                }
            },
            {
                "time": "2019-09-13T15:41:11.817Z",
                "type": "START",
                "source": "hotkey",
                "_t": "09:41:11",
                "_end": "-",
                "data": {
                    "type": "orange-in-air",
                    "time": 21.906
                }
            },
            {
                "time": "2019-09-13T15:41:13.854Z",
                "type": "START",
                "source": "hotkey",
                "_t": "09:41:13",
                "_end": "-",
                "data": {
                    "type": "orange-on-ground",
                    "time": 22.912
                }
            }
        ],
        "navigationEvents": [
            {
                "time": "2019-09-13T15:38:34.178Z",
                "type": "PAUSE",
                "source": "video:button",
                "_t": "09:38:34",
                "_end": "-"
            },
            {
                "time": {
                    "start": "2019-09-13T15:38:35.291Z",
                    "end": "2019-09-13T15:38:35.330Z"
                },
                "type": "SCRUB",
                "source": "video:drag",
                "_t": "09:38:35",
                "_end": "09:38:35",
                "data": {
                    "to": 0,
                    "from": 2.656
                }
            },
            {
                "time": "2019-09-13T15:38:37.105Z",
                "type": "CHANGE-PLAYBACK-RATE",
                "source": "video:button",
                "_t": "09:38:37",
                "_end": "-",
                "data": {
                    "oldRate": 1,
                    "newRate": 1.5
                }
            },
            {
                "time": "2019-09-13T15:38:38.119Z",
                "type": "CHANGE-PLAYBACK-RATE",
                "source": "video:menu",
                "_t": "09:38:38",
                "_end": "-",
                "data": {
                    "oldRate": 1.5,
                    "newRate": 0.5
                }
            },
            {
                "time": "2019-09-13T15:38:44.873Z",
                "type": "PLAY",
                "source": "hotkey",
                "_t": "09:38:44",
                "_end": "-",
                "data": {
                    "key": "space"
                }
            },
            {
                "time": "2019-09-13T15:38:56.477Z",
                "type": "PAUSE",
                "source": "video:button",
                "_t": "09:38:56",
                "_end": "-"
            },
            {
                "time": "2019-09-13T15:39:00.395Z",
                "type": "SKIP",
                "source": "hotkey",
                "_t": "09:39:00",
                "_end": "-",
                "data": {
                    "t": 5.784,
                    "Δt": -1,
                    "key": "left"
                }
            },
            {
                "time": {
                    "start": "2019-09-13T15:38:07.922Z",
                    "end": "2019-09-13T15:39:01.185Z"
                },
                "type": "SCRUB",
                "source": "data:drag",
                "_t": "09:38:07",
                "_end": "09:39:01",
                "data": {
                    "time": 4.784
                }
            },
            {
                "time": {
                    "start": "2019-09-13T15:38:07.922Z",
                    "end": "2019-09-13T15:39:02.602Z"
                },
                "type": "SCRUB",
                "source": "data:drag",
                "_t": "09:38:07",
                "_end": "09:39:02",
                "data": {
                    "time": 4.784
                }
            },
            {
                "time": {
                    "start": "2019-09-13T15:38:07.922Z",
                    "end": "2019-09-13T15:39:03.394Z"
                },
                "type": "SCRUB",
                "source": "data:drag",
                "_t": "09:38:07",
                "_end": "09:39:03",
                "data": {
                    "time": 4.784
                }
            },
            {
                "time": "2019-09-13T15:39:04.489Z",
                "type": "SKIP",
                "source": "hotkey",
                "_t": "09:39:04",
                "_end": "-",
                "data": {
                    "t": 4.784,
                    "Δt": -1,
                    "key": "left"
                }
            },
            {
                "time": "2019-09-13T15:39:04.684Z",
                "type": "SKIP",
                "source": "hotkey",
                "_t": "09:39:04",
                "_end": "-",
                "data": {
                    "t": 3.784,
                    "Δt": -1,
                    "key": "left"
                }
            },
            {
                "time": "2019-09-13T15:39:04.823Z",
                "type": "SKIP",
                "source": "hotkey",
                "_t": "09:39:04",
                "_end": "-",
                "data": {
                    "t": 2.784,
                    "Δt": -1,
                    "key": "left"
                }
            },
            {
                "time": "2019-09-13T15:39:04.968Z",
                "type": "SKIP",
                "source": "hotkey",
                "_t": "09:39:04",
                "_end": "-",
                "data": {
                    "t": 1.784,
                    "Δt": -1,
                    "key": "left"
                }
            },
            {
                "time": "2019-09-13T15:39:05.114Z",
                "type": "SKIP",
                "source": "hotkey",
                "_t": "09:39:05",
                "_end": "-",
                "data": {
                    "t": 0.784,
                    "Δt": -1,
                    "key": "left"
                }
            },
            {
                "time": {
                    "start": "2019-09-13T15:38:07.922Z",
                    "end": "2019-09-13T15:39:06.066Z"
                },
                "type": "SCRUB",
                "source": "data:drag",
                "_t": "09:38:07",
                "_end": "09:39:06",
                "data": {
                    "time": 0
                }
            },
            {
                "time": {
                    "start": "2019-09-13T15:38:07.922Z",
                    "end": "2019-09-13T15:39:07.265Z"
                },
                "type": "SCRUB",
                "source": "data:drag",
                "_t": "09:38:07",
                "_end": "09:39:07",
                "data": {
                    "time": 0
                }
            },
            {
                "time": {
                    "start": "2019-09-13T15:38:07.922Z",
                    "end": "2019-09-13T15:39:07.978Z"
                },
                "type": "SCRUB",
                "source": "data:drag",
                "_t": "09:38:07",
                "_end": "09:39:07",
                "data": {
                    "time": 0
                }
            },
            {
                "time": {
                    "start": "2019-09-13T15:38:07.922Z",
                    "end": "2019-09-13T15:39:11.497Z"
                },
                "type": "SCRUB",
                "source": "data:drag",
                "_t": "09:38:07",
                "_end": "09:39:11",
                "data": {
                    "time": 0
                }
            },
            {
                "time": "2019-09-13T15:39:16.371Z",
                "type": "PLAY",
                "source": "video:button",
                "_t": "09:39:16",
                "_end": "-"
            },
            {
                "time": "2019-09-13T15:39:33.661Z",
                "type": "PAUSE",
                "source": "video:button",
                "_t": "09:39:33",
                "_end": "-"
            },
            {
                "time": "2019-09-13T15:39:39.087Z",
                "type": "SKIP",
                "source": "hotkey",
                "_t": "09:39:39",
                "_end": "-",
                "data": {
                    "t": 8.633597,
                    "Δt": -1,
                    "key": "left"
                }
            },
            {
                "time": "2019-09-13T15:39:39.585Z",
                "type": "SKIP",
                "source": "hotkey",
                "_t": "09:39:39",
                "_end": "-",
                "data": {
                    "t": 7.633597,
                    "Δt": -1,
                    "key": "left"
                }
            },
            {
                "time": "2019-09-13T15:39:39.614Z",
                "type": "SKIP",
                "source": "hotkey",
                "_t": "09:39:39",
                "_end": "-",
                "data": {
                    "t": 6.633597,
                    "Δt": -1,
                    "key": "left"
                }
            },
            {
                "time": "2019-09-13T15:39:39.655Z",
                "type": "SKIP",
                "source": "hotkey",
                "_t": "09:39:39",
                "_end": "-",
                "data": {
                    "t": 5.633597,
                    "Δt": -1,
                    "key": "left"
                }
            },
            {
                "time": "2019-09-13T15:39:39.685Z",
                "type": "SKIP",
                "source": "hotkey",
                "_t": "09:39:39",
                "_end": "-",
                "data": {
                    "t": 4.633597,
                    "Δt": -1,
                    "key": "left"
                }
            },
            {
                "time": "2019-09-13T15:39:39.713Z",
                "type": "SKIP",
                "source": "hotkey",
                "_t": "09:39:39",
                "_end": "-",
                "data": {
                    "t": 3.633597,
                    "Δt": -1,
                    "key": "left"
                }
            },
            {
                "time": "2019-09-13T15:39:39.749Z",
                "type": "SKIP",
                "source": "hotkey",
                "_t": "09:39:39",
                "_end": "-",
                "data": {
                    "t": 2.633597,
                    "Δt": -1,
                    "key": "left"
                }
            },
            {
                "time": "2019-09-13T15:39:39.779Z",
                "type": "SKIP",
                "source": "hotkey",
                "_t": "09:39:39",
                "_end": "-",
                "data": {
                    "t": 1.633597,
                    "Δt": -1,
                    "key": "left"
                }
            },
            {
                "time": "2019-09-13T15:39:39.815Z",
                "type": "SKIP",
                "source": "hotkey",
                "_t": "09:39:39",
                "_end": "-",
                "data": {
                    "t": 0.633597,
                    "Δt": -1,
                    "key": "left"
                }
            },
            {
                "time": "2019-09-13T15:39:39.844Z",
                "type": "SKIP",
                "source": "hotkey",
                "_t": "09:39:39",
                "_end": "-",
                "data": {
                    "t": 0,
                    "Δt": -1,
                    "key": "left"
                }
            },
            {
                "time": "2019-09-13T15:39:39.878Z",
                "type": "SKIP",
                "source": "hotkey",
                "_t": "09:39:39",
                "_end": "-",
                "data": {
                    "t": 0,
                    "Δt": -1,
                    "key": "left"
                }
            },
            {
                "time": "2019-09-13T15:39:39.909Z",
                "type": "SKIP",
                "source": "hotkey",
                "_t": "09:39:39",
                "_end": "-",
                "data": {
                    "t": 0,
                    "Δt": -1,
                    "key": "left"
                }
            },
            {
                "time": "2019-09-13T15:39:39.943Z",
                "type": "SKIP",
                "source": "hotkey",
                "_t": "09:39:39",
                "_end": "-",
                "data": {
                    "t": 0,
                    "Δt": -1,
                    "key": "left"
                }
            },
            {
                "time": "2019-09-13T15:39:39.979Z",
                "type": "SKIP",
                "source": "hotkey",
                "_t": "09:39:39",
                "_end": "-",
                "data": {
                    "t": 0,
                    "Δt": -1,
                    "key": "left"
                }
            },
            {
                "time": "2019-09-13T15:39:40.013Z",
                "type": "SKIP",
                "source": "hotkey",
                "_t": "09:39:40",
                "_end": "-",
                "data": {
                    "t": 0,
                    "Δt": -1,
                    "key": "left"
                }
            },
            {
                "time": "2019-09-13T15:39:40.046Z",
                "type": "SKIP",
                "source": "hotkey",
                "_t": "09:39:40",
                "_end": "-",
                "data": {
                    "t": 0,
                    "Δt": -1,
                    "key": "left"
                }
            },
            {
                "time": "2019-09-13T15:39:40.079Z",
                "type": "SKIP",
                "source": "hotkey",
                "_t": "09:39:40",
                "_end": "-",
                "data": {
                    "t": 0,
                    "Δt": -1,
                    "key": "left"
                }
            },
            {
                "time": "2019-09-13T15:39:40.115Z",
                "type": "SKIP",
                "source": "hotkey",
                "_t": "09:39:40",
                "_end": "-",
                "data": {
                    "t": 0,
                    "Δt": -1,
                    "key": "left"
                }
            },
            {
                "time": "2019-09-13T15:39:40.145Z",
                "type": "SKIP",
                "source": "hotkey",
                "_t": "09:39:40",
                "_end": "-",
                "data": {
                    "t": 0,
                    "Δt": -1,
                    "key": "left"
                }
            },
            {
                "time": "2019-09-13T15:39:40.179Z",
                "type": "SKIP",
                "source": "hotkey",
                "_t": "09:39:40",
                "_end": "-",
                "data": {
                    "t": 0,
                    "Δt": -1,
                    "key": "left"
                }
            },
            {
                "time": "2019-09-13T15:39:40.211Z",
                "type": "SKIP",
                "source": "hotkey",
                "_t": "09:39:40",
                "_end": "-",
                "data": {
                    "t": 0,
                    "Δt": -1,
                    "key": "left"
                }
            },
            {
                "time": "2019-09-13T15:39:44.284Z",
                "type": "PLAY",
                "source": "hotkey",
                "_t": "09:39:44",
                "_end": "-",
                "data": {
                    "key": "space"
                }
            },
            {
                "time": "2019-09-13T15:39:44.457Z",
                "type": "PAUSE",
                "source": "video:button",
                "_t": "09:39:44",
                "_end": "-"
            },
            {
                "time": "2019-09-13T15:39:47.360Z",
                "type": "PLAY",
                "source": "hotkey",
                "_t": "09:39:47",
                "_end": "-",
                "data": {
                    "key": "space"
                }
            },
            {
                "time": "2019-09-13T15:39:47.563Z",
                "type": "PAUSE",
                "source": "video:button",
                "_t": "09:39:47",
                "_end": "-"
            },
            {
                "time": "2019-09-13T15:39:52.043Z",
                "type": "PLAY",
                "source": "video:button",
                "_t": "09:39:52",
                "_end": "-"
            },
            {
                "time": "2019-09-13T15:40:04.652Z",
                "type": "PAUSE",
                "source": "video:button",
                "_t": "09:40:04",
                "_end": "-"
            },
            {
                "time": "2019-09-13T15:40:07.706Z",
                "type": "SKIP",
                "source": "hotkey",
                "_t": "09:40:07",
                "_end": "-",
                "data": {
                    "t": 6.507719,
                    "Δt": -1,
                    "key": "left"
                }
            },
            {
                "time": "2019-09-13T15:40:07.898Z",
                "type": "SKIP",
                "source": "hotkey",
                "_t": "09:40:07",
                "_end": "-",
                "data": {
                    "t": 5.507719,
                    "Δt": -1,
                    "key": "left"
                }
            },
            {
                "time": "2019-09-13T15:40:08.059Z",
                "type": "SKIP",
                "source": "hotkey",
                "_t": "09:40:08",
                "_end": "-",
                "data": {
                    "t": 4.507719,
                    "Δt": -1,
                    "key": "left"
                }
            },
            {
                "time": "2019-09-13T15:40:08.218Z",
                "type": "SKIP",
                "source": "hotkey",
                "_t": "09:40:08",
                "_end": "-",
                "data": {
                    "t": 3.507719,
                    "Δt": -1,
                    "key": "left"
                }
            },
            {
                "time": "2019-09-13T15:40:08.378Z",
                "type": "SKIP",
                "source": "hotkey",
                "_t": "09:40:08",
                "_end": "-",
                "data": {
                    "t": 2.507719,
                    "Δt": -1,
                    "key": "left"
                }
            },
            {
                "time": "2019-09-13T15:40:13.628Z",
                "type": "PLAY",
                "source": "video:button",
                "_t": "09:40:13",
                "_end": "-"
            },
            {
                "time": "2019-09-13T15:40:29.531Z",
                "type": "PAUSE",
                "source": "video:button",
                "_t": "09:40:29",
                "_end": "-"
            },
            {
                "time": "2019-09-13T15:40:38.242Z",
                "type": "SKIP",
                "source": "hotkey",
                "_t": "09:40:38",
                "_end": "-",
                "data": {
                    "t": 9.418393,
                    "Δt": -1,
                    "key": "left"
                }
            },
            {
                "time": "2019-09-13T15:40:38.691Z",
                "type": "SKIP",
                "source": "hotkey",
                "_t": "09:40:38",
                "_end": "-",
                "data": {
                    "t": 8.418393,
                    "Δt": -1,
                    "key": "left"
                }
            },
            {
                "time": "2019-09-13T15:40:39.293Z",
                "type": "SKIP",
                "source": "hotkey",
                "_t": "09:40:39",
                "_end": "-",
                "data": {
                    "t": 7.418393,
                    "Δt": -1,
                    "key": "left"
                }
            },
            {
                "time": "2019-09-13T15:40:40.575Z",
                "type": "SKIP",
                "source": "hotkey",
                "_t": "09:40:40",
                "_end": "-",
                "data": {
                    "t": 6.418393,
                    "Δt": 1,
                    "key": "right"
                }
            },
            {
                "time": "2019-09-13T15:40:40.777Z",
                "type": "SKIP",
                "source": "hotkey",
                "_t": "09:40:40",
                "_end": "-",
                "data": {
                    "t": 7.418393,
                    "Δt": 1,
                    "key": "right"
                }
            },
            {
                "time": "2019-09-13T15:40:40.988Z",
                "type": "SKIP",
                "source": "hotkey",
                "_t": "09:40:40",
                "_end": "-",
                "data": {
                    "t": 8.418393,
                    "Δt": 1,
                    "key": "right"
                }
            },
            {
                "time": "2019-09-13T15:40:41.755Z",
                "type": "SKIP",
                "source": "hotkey",
                "_t": "09:40:41",
                "_end": "-",
                "data": {
                    "t": 9.418393,
                    "Δt": -1,
                    "key": "left"
                }
            },
            {
                "time": "2019-09-13T15:40:44.781Z",
                "type": "PLAY",
                "source": "video:button",
                "_t": "09:40:44",
                "_end": "-"
            },
            {
                "time": "2019-09-13T15:41:21.354Z",
                "type": "SKIP",
                "source": "hotkey",
                "_t": "09:41:21",
                "_end": "-",
                "data": {
                    "t": 23.008,
                    "Δt": -1,
                    "key": "left"
                }
            },
            {
                "time": "2019-09-13T15:41:21.529Z",
                "type": "SKIP",
                "source": "hotkey",
                "_t": "09:41:21",
                "_end": "-",
                "data": {
                    "t": 22.008,
                    "Δt": -1,
                    "key": "left"
                }
            },
            {
                "time": "2019-09-13T15:41:21.706Z",
                "type": "SKIP",
                "source": "hotkey",
                "_t": "09:41:21",
                "_end": "-",
                "data": {
                    "t": 21.008,
                    "Δt": -1,
                    "key": "left"
                }
            },
            {
                "time": "2019-09-13T15:41:21.834Z",
                "type": "SKIP",
                "source": "hotkey",
                "_t": "09:41:21",
                "_end": "-",
                "data": {
                    "t": 20.008,
                    "Δt": -1,
                    "key": "left"
                }
            }
        ]
    }
}