{
    "user_id": "yellow2",
    "session_id": "5cf16de781249f67dd06a9fe",
    "study": "studyE",
    "workspace": "gait.gait-blue",
    "details": {
        "workspace": "gait.gait-blue",
        "labels": [
            {
                "time": 0,
                "endTime": 0.28474736585365834,
                "type": "orange-on-ground",
                "id": 1
            },
            {
                "time": 0.289307,
                "endTime": 0.720979,
                "type": "orange-in-air",
                "id": 2
            },
            {
                "time": 0.739747,
                "endTime": 1.722262878048781,
                "type": "orange-on-ground",
                "id": 3
            },
            {
                "time": 1.729338,
                "endTime": 2.115219,
                "type": "orange-in-air",
                "id": 4
            },
            {
                "time": 2.127486000000009,
                "endTime": 3.179524048780488,
                "type": "orange-on-ground",
                "id": 5
            },
            {
                "time": 3.194486,
                "endTime": 3.852241292682927,
                "type": "orange-in-air",
                "id": 6
            },
            {
                "time": 3.860136,
                "endTime": 4.506562268292683,
                "type": "orange-on-ground",
                "id": 7
            },
            {
                "time": 4.522162,
                "endTime": 5.382895853658536,
                "type": "orange-in-air",
                "id": 8
            },
            {
                "time": 5.393374,
                "endTime": 5.938684073170732,
                "type": "orange-on-ground",
                "id": 9
            },
            {
                "time": 5.9443,
                "endTime": 6.831140243902439,
                "type": "orange-in-air",
                "id": 10
            },
            {
                "time": 6.839457,
                "endTime": 7.331796341463415,
                "type": "orange-on-ground",
                "id": 11
            },
            {
                "time": 7.337407,
                "endTime": 8.287074975609757,
                "type": "orange-in-air",
                "id": 12
            },
            {
                "time": 8.300587,
                "endTime": 8.840433658536584,
                "type": "orange-on-ground",
                "id": 13
            },
            {
                "time": 8.853525,
                "endTime": 9.775555243902438,
                "type": "orange-in-air",
                "id": 14
            },
            {
                "time": 9.784906,
                "endTime": 10.372162585365853,
                "type": "orange-on-ground",
                "id": 15
            },
            {
                "time": 10.388994,
                "endTime": 11.256787170731707,
                "type": "orange-in-air",
                "id": 16
            },
            {
                "time": 11.264268,
                "endTime": 11.808508975609755,
                "type": "orange-on-ground",
                "id": 17
            },
            {
                "time": 11.81786,
                "endTime": 12.726798536585365,
                "type": "orange-in-air",
                "id": 18
            },
            {
                "time": 12.730539,
                "endTime": 13.302833634146342,
                "type": "orange-on-ground",
                "id": 19
            },
            {
                "time": 13.321536,
                "endTime": 14.185588682926829,
                "type": "orange-in-air",
                "id": 20
            },
            {
                "time": 14.194939,
                "endTime": 14.782195585365853,
                "type": "orange-on-ground",
                "id": 21
            }
        ],
        "_starts": [
            "2019-05-31T18:31:54.000Z"
        ],
        "_ends": [
            "2019-05-31T18:35:35.457Z"
        ]
    },
    "labels_file": "/home/ubuntu/vat/data/user-studies/studyE/gait-blue/yellow2.labels.json",
    "videoFlash": 0.00001,
    "surveys": {
        "user-info": {
            "firstname": "William",
            "lastname": "Andersen",
            "email": "anderstars@gmail.com"
        },
        "practice-first": {
            "question1": "5",
            "question2": "ok",
            "question3": "90",
            "question4": "5"
        },
        "practice-second": {},
        "practice-third": {},
        "practice-survey": {},
        "drywall-blue": {
            "question1": "4",
            "question2": "2",
            "question3": "30",
            "question4": "10"
        },
        "drywall-red": {
            "question1": "3",
            "question2": "3",
            "question3": "50",
            "question4": "40"
        },
        "drywall-orange": {
            "question1": "4",
            "question2": "4",
            "question3": "10",
            "question4": "10"
        },
        "drywall-survey": {
            "question1": "5",
            "question2": "2",
            "question3": "5",
            "question4": "2"
        }
    },
    "logs": {
        "labelEvents": [
            {
                "time": "2019-05-31T18:32:39.944Z",
                "type": "START",
                "source": "hotkey",
                "_t": "12:32:39",
                "_end": "-",
                "data": {
                    "type": "orange-on-ground",
                    "time": 0
                }
            },
            {
                "time": "2019-05-31T18:32:44.802Z",
                "type": "END",
                "source": "data:click:h_pos",
                "_t": "12:32:44",
                "_end": "-",
                "data": {
                    "lbl": {
                        "time": 0,
                        "endTime": 0.28474736585365834,
                        "type": "orange-on-ground",
                        "id": 1
                    }
                }
            },
            {
                "time": "2019-05-31T18:32:44.930Z",
                "type": "SELECT",
                "source": "data:click",
                "_t": "12:32:44",
                "_end": "-",
                "data": {
                    "time": 0,
                    "endTime": 0.28474736585365834,
                    "type": "orange-on-ground",
                    "id": 1
                }
            },
            {
                "time": "2019-05-31T18:32:49.993Z",
                "type": "DESELECT",
                "source": "data:click",
                "_t": "12:32:49",
                "_end": "-",
                "data": {
                    "time": 0,
                    "endTime": 0.28474736585365834,
                    "type": "orange-on-ground",
                    "id": 1
                }
            },
            {
                "time": "2019-05-31T18:32:53.608Z",
                "type": "START",
                "source": "hotkey",
                "_t": "12:32:53",
                "_end": "-",
                "data": {
                    "type": "orange-in-air",
                    "time": 0.289307
                }
            },
            {
                "time": "2019-05-31T18:32:56.681Z",
                "type": "START",
                "source": "hotkey",
                "_t": "12:32:56",
                "_end": "-",
                "data": {
                    "type": "orange-in-air",
                    "time": 0.720979
                }
            },
            {
                "time": "2019-05-31T18:33:00.935Z",
                "type": "CANCEL",
                "source": "hotkey",
                "_t": "12:33:00",
                "_end": "-",
                "data": {
                    "time": 0.720979,
                    "type": "orange-in-air",
                    "editting": false
                }
            },
            {
                "time": "2019-05-31T18:33:11.241Z",
                "type": "START",
                "source": "hotkey",
                "_t": "12:33:11",
                "_end": "-",
                "data": {
                    "type": "orange-on-ground",
                    "time": 0.739747
                }
            },
            {
                "time": "2019-05-31T18:33:15.882Z",
                "type": "END",
                "source": "data:click:h_pos",
                "_t": "12:33:15",
                "_end": "-",
                "data": {
                    "lbl": {
                        "time": 0.739747,
                        "endTime": 1.722262878048781,
                        "type": "orange-on-ground",
                        "id": 3
                    }
                }
            },
            {
                "time": "2019-05-31T18:33:20.905Z",
                "type": "START",
                "source": "hotkey",
                "_t": "12:33:20",
                "_end": "-",
                "data": {
                    "type": "orange-in-air",
                    "time": 1.729338
                }
            },
            {
                "time": "2019-05-31T18:33:25.209Z",
                "type": "START",
                "source": "hotkey",
                "_t": "12:33:25",
                "_end": "-",
                "data": {
                    "type": "orange-on-ground",
                    "time": 2.115219
                }
            },
            {
                "time": "2019-05-31T18:33:29.875Z",
                "type": "END",
                "source": "data:click:h_pos",
                "_t": "12:33:29",
                "_end": "-",
                "data": {
                    "lbl": {
                        "time": 2.115219,
                        "endTime": 2.317636268292683,
                        "type": "orange-on-ground",
                        "id": 5
                    }
                }
            },
            {
                "time": "2019-05-31T18:33:36.395Z",
                "type": "SELECT",
                "source": "data:click",
                "_t": "12:33:36",
                "_end": "-",
                "data": {
                    "time": 2.115219,
                    "endTime": 2.317636268292683,
                    "type": "orange-on-ground",
                    "id": 5
                }
            },
            {
                "time": "2019-05-31T18:33:38.639Z",
                "type": "DELETE",
                "source": "side-bar:button",
                "_t": "12:33:38",
                "_end": "-",
                "data": {
                    "id": 5,
                    "idx": 4
                }
            },
            {
                "time": "2019-05-31T18:33:45.480Z",
                "type": "START",
                "source": "side-bar:button",
                "_t": "12:33:45",
                "_end": "-",
                "data": {
                    "type": "orange-on-ground",
                    "time": 2.122288
                }
            },
            {
                "time": "2019-05-31T18:33:49.677Z",
                "type": "END",
                "source": "data:click:h_pos",
                "_t": "12:33:49",
                "_end": "-",
                "data": {
                    "lbl": {
                        "time": 2.127486000000009,
                        "endTime": 3.179524048780488,
                        "type": "orange-on-ground",
                        "id": 5
                    }
                }
            },
            {
                "time": "2019-05-31T18:33:52.531Z",
                "type": "SELECT",
                "source": "data:click",
                "_t": "12:33:52",
                "_end": "-",
                "data": {
                    "time": 2.127486000000009,
                    "endTime": 3.179524048780488,
                    "type": "orange-on-ground",
                    "id": 5
                }
            },
            {
                "time": {
                    "start": "2019-05-31T18:33:52.949Z",
                    "end": "2019-05-31T18:33:53.465Z"
                },
                "type": "RESIZE",
                "source": "data:brush",
                "_t": "12:33:52",
                "_end": "12:33:53",
                "data": {
                    "brushing": true,
                    "origin": [
                        2.122288,
                        3.2435250731707317
                    ],
                    "start": "2019-05-31T18:33:52.949Z",
                    "ε": 0.1,
                    "mode": "resize"
                }
            },
            {
                "time": "2019-05-31T18:33:55.690Z",
                "type": "START",
                "source": "hotkey",
                "_t": "12:33:55",
                "_end": "-",
                "data": {
                    "type": "orange-in-air",
                    "time": 3.194486
                }
            },
            {
                "time": "2019-05-31T18:33:59.963Z",
                "type": "END",
                "source": "data:click:h_pos",
                "_t": "12:33:59",
                "_end": "-",
                "data": {
                    "lbl": {
                        "time": 3.194486,
                        "endTime": 3.852241292682927,
                        "type": "orange-in-air",
                        "id": 6
                    }
                }
            },
            {
                "time": "2019-05-31T18:34:03.308Z",
                "type": "START",
                "source": "hotkey",
                "_t": "12:34:03",
                "_end": "-",
                "data": {
                    "type": "orange-on-ground",
                    "time": 3.860136
                }
            },
            {
                "time": "2019-05-31T18:34:05.795Z",
                "type": "END",
                "source": "data:click:h_pos",
                "_t": "12:34:05",
                "_end": "-",
                "data": {
                    "lbl": {
                        "time": 3.860136,
                        "endTime": 4.506562268292683,
                        "type": "orange-on-ground",
                        "id": 7
                    }
                }
            },
            {
                "time": "2019-05-31T18:34:07.635Z",
                "type": "SELECT",
                "source": "data:click",
                "_t": "12:34:07",
                "_end": "-",
                "data": {
                    "time": 3.860136,
                    "endTime": 4.506562268292683,
                    "type": "orange-on-ground",
                    "id": 7
                }
            },
            {
                "time": "2019-05-31T18:34:08.678Z",
                "type": "DESELECT",
                "source": "data:click",
                "_t": "12:34:08",
                "_end": "-",
                "data": {
                    "time": 3.860136,
                    "endTime": 4.506562268292683,
                    "type": "orange-on-ground",
                    "id": 7
                }
            },
            {
                "time": "2019-05-31T18:34:09.171Z",
                "type": "SELECT",
                "source": "data:click",
                "_t": "12:34:09",
                "_end": "-",
                "data": {
                    "time": 3.860136,
                    "endTime": 4.506562268292683,
                    "type": "orange-on-ground",
                    "id": 7
                }
            },
            {
                "time": "2019-05-31T18:34:10.666Z",
                "type": "START",
                "source": "hotkey",
                "_t": "12:34:10",
                "_end": "-",
                "data": {
                    "type": "orange-in-air",
                    "time": 4.522162
                }
            },
            {
                "time": "2019-05-31T18:34:14.699Z",
                "type": "END",
                "source": "data:click:h_pos",
                "_t": "12:34:14",
                "_end": "-",
                "data": {
                    "lbl": {
                        "time": 4.522162,
                        "endTime": 5.382895853658536,
                        "type": "orange-in-air",
                        "id": 8
                    }
                }
            },
            {
                "time": "2019-05-31T18:34:17.435Z",
                "type": "SELECT",
                "source": "data:click",
                "_t": "12:34:17",
                "_end": "-",
                "data": {
                    "time": 4.522162,
                    "endTime": 5.382895853658536,
                    "type": "orange-in-air",
                    "id": 8
                }
            },
            {
                "time": "2019-05-31T18:34:19.178Z",
                "type": "START",
                "source": "hotkey",
                "_t": "12:34:19",
                "_end": "-",
                "data": {
                    "type": "orange-on-ground",
                    "time": 5.393374
                }
            },
            {
                "time": "2019-05-31T18:34:21.920Z",
                "type": "END",
                "source": "data:click:h_pos",
                "_t": "12:34:21",
                "_end": "-",
                "data": {
                    "lbl": {
                        "time": 5.393374,
                        "endTime": 5.938684073170732,
                        "type": "orange-on-ground",
                        "id": 9
                    }
                }
            },
            {
                "time": "2019-05-31T18:34:37.610Z",
                "type": "START",
                "source": "hotkey",
                "_t": "12:34:37",
                "_end": "-",
                "data": {
                    "type": "orange-in-air",
                    "time": 5.9443
                }
            },
            {
                "time": "2019-05-31T18:34:41.201Z",
                "type": "END",
                "source": "data:click:h_pos",
                "_t": "12:34:41",
                "_end": "-",
                "data": {
                    "lbl": {
                        "time": 5.9443,
                        "endTime": 6.831140243902439,
                        "type": "orange-in-air",
                        "id": 10
                    }
                }
            },
            {
                "time": "2019-05-31T18:34:48.201Z",
                "type": "START",
                "source": "side-bar:button",
                "_t": "12:34:48",
                "_end": "-",
                "data": {
                    "type": "orange-on-ground",
                    "time": 6.839457
                }
            },
            {
                "time": "2019-05-31T18:34:53.574Z",
                "type": "END",
                "source": "data:click:h_pos",
                "_t": "12:34:53",
                "_end": "-",
                "data": {
                    "lbl": {
                        "time": 6.839457,
                        "endTime": 7.331796341463415,
                        "type": "orange-on-ground",
                        "id": 11
                    }
                }
            },
            {
                "time": "2019-05-31T18:34:56.314Z",
                "type": "START",
                "source": "hotkey",
                "_t": "12:34:56",
                "_end": "-",
                "data": {
                    "type": "orange-in-air",
                    "time": 7.337407
                }
            },
            {
                "time": "2019-05-31T18:35:00.228Z",
                "type": "END",
                "source": "data:click:h_pos",
                "_t": "12:35:00",
                "_end": "-",
                "data": {
                    "lbl": {
                        "time": 7.337407,
                        "endTime": 8.287074975609757,
                        "type": "orange-in-air",
                        "id": 12
                    }
                }
            },
            {
                "time": "2019-05-31T18:35:07.226Z",
                "type": "START",
                "source": "hotkey",
                "_t": "12:35:07",
                "_end": "-",
                "data": {
                    "type": "orange-on-ground",
                    "time": 8.300587
                }
            },
            {
                "time": "2019-05-31T18:35:09.796Z",
                "type": "END",
                "source": "data:click:h_pos",
                "_t": "12:35:09",
                "_end": "-",
                "data": {
                    "lbl": {
                        "time": 8.300587,
                        "endTime": 8.840433658536584,
                        "type": "orange-on-ground",
                        "id": 13
                    }
                }
            },
            {
                "time": "2019-05-31T18:35:12.266Z",
                "type": "START",
                "source": "hotkey",
                "_t": "12:35:12",
                "_end": "-",
                "data": {
                    "type": "orange-in-air",
                    "time": 8.853525
                }
            },
            {
                "time": "2019-05-31T18:35:14.116Z",
                "type": "END",
                "source": "data:click:h_pos",
                "_t": "12:35:14",
                "_end": "-",
                "data": {
                    "lbl": {
                        "time": 8.853525,
                        "endTime": 9.775555243902438,
                        "type": "orange-in-air",
                        "id": 14
                    }
                }
            },
            {
                "time": "2019-05-31T18:35:15.451Z",
                "type": "START",
                "source": "hotkey",
                "_t": "12:35:15",
                "_end": "-",
                "data": {
                    "type": "orange-on-ground",
                    "time": 9.784906
                }
            },
            {
                "time": "2019-05-31T18:35:16.465Z",
                "type": "END",
                "source": "data:click:h_pos",
                "_t": "12:35:16",
                "_end": "-",
                "data": {
                    "lbl": {
                        "time": 9.784906,
                        "endTime": 10.372162585365853,
                        "type": "orange-on-ground",
                        "id": 15
                    }
                }
            },
            {
                "time": "2019-05-31T18:35:17.419Z",
                "type": "START",
                "source": "hotkey",
                "_t": "12:35:17",
                "_end": "-",
                "data": {
                    "type": "orange-in-air",
                    "time": 10.388994
                }
            },
            {
                "time": "2019-05-31T18:35:18.372Z",
                "type": "END",
                "source": "data:click:h_pos",
                "_t": "12:35:18",
                "_end": "-",
                "data": {
                    "lbl": {
                        "time": 10.388994,
                        "endTime": 11.256787170731707,
                        "type": "orange-in-air",
                        "id": 16
                    }
                }
            },
            {
                "time": "2019-05-31T18:35:19.323Z",
                "type": "START",
                "source": "hotkey",
                "_t": "12:35:19",
                "_end": "-",
                "data": {
                    "type": "orange-on-ground",
                    "time": 11.264268
                }
            },
            {
                "time": "2019-05-31T18:35:20.837Z",
                "type": "END",
                "source": "data:click:h_pos",
                "_t": "12:35:20",
                "_end": "-",
                "data": {
                    "lbl": {
                        "time": 11.264268,
                        "endTime": 11.808508975609755,
                        "type": "orange-on-ground",
                        "id": 17
                    }
                }
            },
            {
                "time": "2019-05-31T18:35:21.243Z",
                "type": "START",
                "source": "hotkey",
                "_t": "12:35:21",
                "_end": "-",
                "data": {
                    "type": "orange-on-ground",
                    "time": 11.264268
                }
            },
            {
                "time": "2019-05-31T18:35:21.357Z",
                "type": "START",
                "source": "hotkey",
                "_t": "12:35:21",
                "_end": "-",
                "data": {
                    "type": "orange-on-ground",
                    "time": 11.264268
                }
            },
            {
                "time": "2019-05-31T18:35:22.345Z",
                "type": "CANCEL",
                "source": "hotkey",
                "_t": "12:35:22",
                "_end": "-",
                "data": {
                    "time": 11.264268,
                    "type": "orange-on-ground",
                    "editting": false
                }
            },
            {
                "time": "2019-05-31T18:35:24.251Z",
                "type": "START",
                "source": "hotkey",
                "_t": "12:35:24",
                "_end": "-",
                "data": {
                    "type": "orange-in-air",
                    "time": 11.81786
                }
            },
            {
                "time": "2019-05-31T18:35:25.680Z",
                "type": "END",
                "source": "data:click:h_pos",
                "_t": "12:35:25",
                "_end": "-",
                "data": {
                    "lbl": {
                        "time": 11.81786,
                        "endTime": 12.726798536585365,
                        "type": "orange-in-air",
                        "id": 18
                    }
                }
            },
            {
                "time": "2019-05-31T18:35:26.828Z",
                "type": "START",
                "source": "hotkey",
                "_t": "12:35:26",
                "_end": "-",
                "data": {
                    "type": "orange-on-ground",
                    "time": 12.730539
                }
            },
            {
                "time": "2019-05-31T18:35:27.930Z",
                "type": "END",
                "source": "data:click:h_pos",
                "_t": "12:35:27",
                "_end": "-",
                "data": {
                    "lbl": {
                        "time": 12.730539,
                        "endTime": 13.302833634146342,
                        "type": "orange-on-ground",
                        "id": 19
                    }
                }
            },
            {
                "time": "2019-05-31T18:35:28.651Z",
                "type": "START",
                "source": "hotkey",
                "_t": "12:35:28",
                "_end": "-",
                "data": {
                    "type": "orange-on-ground",
                    "time": 13.321536
                }
            },
            {
                "time": "2019-05-31T18:35:30.200Z",
                "type": "CANCEL",
                "source": "hotkey",
                "_t": "12:35:30",
                "_end": "-",
                "data": {
                    "time": 13.321536,
                    "type": "orange-on-ground",
                    "editting": false
                }
            },
            {
                "time": "2019-05-31T18:35:30.524Z",
                "type": "START",
                "source": "hotkey",
                "_t": "12:35:30",
                "_end": "-",
                "data": {
                    "type": "orange-in-air",
                    "time": 13.321536
                }
            },
            {
                "time": "2019-05-31T18:35:31.945Z",
                "type": "END",
                "source": "data:click:h_pos",
                "_t": "12:35:31",
                "_end": "-",
                "data": {
                    "lbl": {
                        "time": 13.321536,
                        "endTime": 14.185588682926829,
                        "type": "orange-in-air",
                        "id": 20
                    }
                }
            },
            {
                "time": "2019-05-31T18:35:32.584Z",
                "type": "START",
                "source": "hotkey",
                "_t": "12:35:32",
                "_end": "-",
                "data": {
                    "type": "orange-on-ground",
                    "time": 14.194939
                }
            },
            {
                "time": "2019-05-31T18:35:33.713Z",
                "type": "END",
                "source": "data:click:h_pos",
                "_t": "12:35:33",
                "_end": "-",
                "data": {
                    "lbl": {
                        "time": 14.194939,
                        "endTime": 14.782195585365853,
                        "type": "orange-on-ground",
                        "id": 21
                    }
                }
            },
            {
                "time": "2019-05-31T18:35:34.620Z",
                "type": "START",
                "source": "hotkey",
                "_t": "12:35:34",
                "_end": "-",
                "data": {
                    "type": "orange-in-air",
                    "time": 14.787806
                }
            }
        ],
        "navigationEvents": [
            {
                "time": "2019-05-31T18:32:37.526Z",
                "type": "PAUSE",
                "source": "hotkey",
                "_t": "12:32:37",
                "_end": "-",
                "data": {
                    "key": "space"
                }
            },
            {
                "time": "2019-05-31T18:32:38.984Z",
                "type": "SKIP",
                "source": "hotkey",
                "_t": "12:32:38",
                "_end": "-",
                "data": {
                    "t": 0.161349,
                    "Δt": -1,
                    "key": "left"
                }
            },
            {
                "time": "2019-05-31T18:32:41.240Z",
                "type": "PLAY",
                "source": "hotkey",
                "_t": "12:32:41",
                "_end": "-",
                "data": {
                    "key": "space"
                }
            },
            {
                "time": "2019-05-31T18:32:41.641Z",
                "type": "PAUSE",
                "source": "hotkey",
                "_t": "12:32:41",
                "_end": "-",
                "data": {
                    "key": "space"
                }
            },
            {
                "time": {
                    "start": "2019-05-31T18:31:54.556Z",
                    "end": "2019-05-31T18:32:44.800Z"
                },
                "type": "SCRUB",
                "source": "data:drag",
                "_t": "12:31:54",
                "_end": "12:32:44",
                "data": {
                    "time": 0.326779
                }
            },
            {
                "time": {
                    "start": "2019-05-31T18:31:54.556Z",
                    "end": "2019-05-31T18:32:44.927Z"
                },
                "type": "SCRUB",
                "source": "data:drag",
                "_t": "12:31:54",
                "_end": "12:32:44",
                "data": {
                    "time": 0.326779
                }
            },
            {
                "time": "2019-05-31T18:32:47.801Z",
                "type": "SKIP",
                "source": "hotkey",
                "_t": "12:32:47",
                "_end": "-",
                "data": {
                    "t": 0.326779,
                    "Δt": -1,
                    "key": "left"
                }
            },
            {
                "time": "2019-05-31T18:32:48.232Z",
                "type": "SKIP",
                "source": "hotkey",
                "_t": "12:32:48",
                "_end": "-",
                "data": {
                    "t": 0,
                    "Δt": 1,
                    "key": "right"
                }
            },
            {
                "time": {
                    "start": "2019-05-31T18:31:54.556Z",
                    "end": "2019-05-31T18:32:49.992Z"
                },
                "type": "SCRUB",
                "source": "data:drag",
                "_t": "12:31:54",
                "_end": "12:32:49",
                "data": {
                    "time": 1
                }
            },
            {
                "time": {
                    "start": "2019-05-31T18:31:54.556Z",
                    "end": "2019-05-31T18:32:50.744Z"
                },
                "type": "SCRUB",
                "source": "data:drag",
                "_t": "12:31:54",
                "_end": "12:32:50",
                "data": {
                    "time": 1
                }
            },
            {
                "time": {
                    "start": "2019-05-31T18:31:54.556Z",
                    "end": "2019-05-31T18:32:50.887Z"
                },
                "type": "SCRUB",
                "source": "data:drag",
                "_t": "12:31:54",
                "_end": "12:32:50",
                "data": {
                    "time": 1
                }
            },
            {
                "time": "2019-05-31T18:32:50.892Z",
                "type": "JUMP",
                "source": "data:dblclick:h_pos",
                "_t": "12:32:50",
                "_end": "-",
                "data": {
                    "from": 1,
                    "to": 0.28930731707317014
                }
            },
            {
                "time": "2019-05-31T18:32:54.312Z",
                "type": "PLAY",
                "source": "hotkey",
                "_t": "12:32:54",
                "_end": "-",
                "data": {
                    "key": "space"
                }
            },
            {
                "time": "2019-05-31T18:32:54.855Z",
                "type": "PAUSE",
                "source": "hotkey",
                "_t": "12:32:54",
                "_end": "-",
                "data": {
                    "key": "space"
                }
            },
            {
                "time": "2019-05-31T18:32:57.960Z",
                "type": "PLAY",
                "source": "hotkey",
                "_t": "12:32:57",
                "_end": "-",
                "data": {
                    "key": "space"
                }
            },
            {
                "time": "2019-05-31T18:32:58.487Z",
                "type": "PAUSE",
                "source": "hotkey",
                "_t": "12:32:58",
                "_end": "-",
                "data": {
                    "key": "space"
                }
            },
            {
                "time": {
                    "start": "2019-05-31T18:31:54.556Z",
                    "end": "2019-05-31T18:33:03.072Z"
                },
                "type": "SCRUB",
                "source": "data:drag",
                "_t": "12:31:54",
                "_end": "12:33:03",
                "data": {
                    "time": 1.153071
                }
            },
            {
                "time": {
                    "start": "2019-05-31T18:31:54.556Z",
                    "end": "2019-05-31T18:33:03.880Z"
                },
                "type": "SCRUB",
                "source": "data:drag",
                "_t": "12:31:54",
                "_end": "12:33:03",
                "data": {
                    "time": 1.153071
                }
            },
            {
                "time": {
                    "start": "2019-05-31T18:31:54.556Z",
                    "end": "2019-05-31T18:33:04.032Z"
                },
                "type": "SCRUB",
                "source": "data:drag",
                "_t": "12:31:54",
                "_end": "12:33:04",
                "data": {
                    "time": 1.153071
                }
            },
            {
                "time": "2019-05-31T18:33:04.036Z",
                "type": "JUMP",
                "source": "data:dblclick:h_pos",
                "_t": "12:33:04",
                "_end": "-",
                "data": {
                    "from": 1.153071,
                    "to": 0.7397470975609752
                }
            },
            {
                "time": "2019-05-31T18:33:12.792Z",
                "type": "PLAY",
                "source": "hotkey",
                "_t": "12:33:12",
                "_end": "-",
                "data": {
                    "key": "space"
                }
            },
            {
                "time": "2019-05-31T18:33:13.194Z",
                "type": "PAUSE",
                "source": "hotkey",
                "_t": "12:33:13",
                "_end": "-",
                "data": {
                    "key": "space"
                }
            },
            {
                "time": "2019-05-31T18:33:13.704Z",
                "type": "PLAY",
                "source": "hotkey",
                "_t": "12:33:13",
                "_end": "-",
                "data": {
                    "key": "space"
                }
            },
            {
                "time": "2019-05-31T18:33:14.484Z",
                "type": "PAUSE",
                "source": "hotkey",
                "_t": "12:33:14",
                "_end": "-",
                "data": {
                    "key": "space"
                }
            },
            {
                "time": {
                    "start": "2019-05-31T18:31:54.556Z",
                    "end": "2019-05-31T18:33:15.880Z"
                },
                "type": "SCRUB",
                "source": "data:drag",
                "_t": "12:31:54",
                "_end": "12:33:15",
                "data": {
                    "time": 1.706867
                }
            },
            {
                "time": "2019-05-31T18:33:16.408Z",
                "type": "PLAY",
                "source": "hotkey",
                "_t": "12:33:16",
                "_end": "-",
                "data": {
                    "key": "space"
                }
            },
            {
                "time": "2019-05-31T18:33:16.742Z",
                "type": "PAUSE",
                "source": "hotkey",
                "_t": "12:33:16",
                "_end": "-",
                "data": {
                    "key": "space"
                }
            },
            {
                "time": {
                    "start": "2019-05-31T18:31:54.556Z",
                    "end": "2019-05-31T18:33:19.144Z"
                },
                "type": "SCRUB",
                "source": "data:drag",
                "_t": "12:31:54",
                "_end": "12:33:19",
                "data": {
                    "time": 1.981821
                }
            },
            {
                "time": {
                    "start": "2019-05-31T18:31:54.556Z",
                    "end": "2019-05-31T18:33:19.303Z"
                },
                "type": "SCRUB",
                "source": "data:drag",
                "_t": "12:31:54",
                "_end": "12:33:19",
                "data": {
                    "time": 1.981821
                }
            },
            {
                "time": "2019-05-31T18:33:19.307Z",
                "type": "JUMP",
                "source": "data:dblclick:h_pos",
                "_t": "12:33:19",
                "_end": "-",
                "data": {
                    "from": 1.981821,
                    "to": 1.7293380731707315
                }
            },
            {
                "time": "2019-05-31T18:33:22.072Z",
                "type": "PLAY",
                "source": "hotkey",
                "_t": "12:33:22",
                "_end": "-",
                "data": {
                    "key": "space"
                }
            },
            {
                "time": "2019-05-31T18:33:22.561Z",
                "type": "PAUSE",
                "source": "hotkey",
                "_t": "12:33:22",
                "_end": "-",
                "data": {
                    "key": "space"
                }
            },
            {
                "time": {
                    "start": "2019-05-31T18:31:54.556Z",
                    "end": "2019-05-31T18:33:24.471Z"
                },
                "type": "SCRUB",
                "source": "data:drag",
                "_t": "12:31:54",
                "_end": "12:33:24",
                "data": {
                    "time": 2.115219
                }
            },
            {
                "time": "2019-05-31T18:33:26.632Z",
                "type": "PLAY",
                "source": "hotkey",
                "_t": "12:33:26",
                "_end": "-",
                "data": {
                    "key": "space"
                }
            },
            {
                "time": "2019-05-31T18:33:27.127Z",
                "type": "PAUSE",
                "source": "hotkey",
                "_t": "12:33:27",
                "_end": "-",
                "data": {
                    "key": "space"
                }
            },
            {
                "time": {
                    "start": "2019-05-31T18:31:54.556Z",
                    "end": "2019-05-31T18:33:29.872Z"
                },
                "type": "SCRUB",
                "source": "data:drag",
                "_t": "12:31:54",
                "_end": "12:33:29",
                "data": {
                    "time": 2.476607
                }
            },
            {
                "time": {
                    "start": "2019-05-31T18:31:54.556Z",
                    "end": "2019-05-31T18:33:31.518Z"
                },
                "type": "SCRUB",
                "source": "data:drag",
                "_t": "12:31:54",
                "_end": "12:33:31",
                "data": {
                    "time": 2.476607
                }
            },
            {
                "time": {
                    "start": "2019-05-31T18:31:54.556Z",
                    "end": "2019-05-31T18:33:31.654Z"
                },
                "type": "SCRUB",
                "source": "data:drag",
                "_t": "12:31:54",
                "_end": "12:33:31",
                "data": {
                    "time": 2.476607
                }
            },
            {
                "time": "2019-05-31T18:33:31.657Z",
                "type": "JUMP",
                "source": "data:dblclick:h_pos",
                "_t": "12:33:31",
                "_end": "-",
                "data": {
                    "from": 2.476607,
                    "to": 2.3269874878048777
                }
            },
            {
                "time": "2019-05-31T18:33:33.176Z",
                "type": "PLAY",
                "source": "hotkey",
                "_t": "12:33:33",
                "_end": "-",
                "data": {
                    "key": "space"
                }
            },
            {
                "time": "2019-05-31T18:33:33.480Z",
                "type": "PAUSE",
                "source": "hotkey",
                "_t": "12:33:33",
                "_end": "-",
                "data": {
                    "key": "space"
                }
            },
            {
                "time": {
                    "start": "2019-05-31T18:31:54.556Z",
                    "end": "2019-05-31T18:33:35.120Z"
                },
                "type": "SCRUB",
                "source": "data:drag",
                "_t": "12:31:54",
                "_end": "12:33:35",
                "data": {
                    "time": 2.570812
                }
            },
            {
                "time": {
                    "start": "2019-05-31T18:31:54.556Z",
                    "end": "2019-05-31T18:33:35.240Z"
                },
                "type": "SCRUB",
                "source": "data:drag",
                "_t": "12:31:54",
                "_end": "12:33:35",
                "data": {
                    "time": 2.570812
                }
            },
            {
                "time": "2019-05-31T18:33:35.244Z",
                "type": "JUMP",
                "source": "data:dblclick:h_pos",
                "_t": "12:33:35",
                "_end": "-",
                "data": {
                    "from": 2.570812,
                    "to": 2.337031512195122
                }
            },
            {
                "time": {
                    "start": "2019-05-31T18:31:54.556Z",
                    "end": "2019-05-31T18:33:36.392Z"
                },
                "type": "SCRUB",
                "source": "data:drag",
                "_t": "12:31:54",
                "_end": "12:33:36",
                "data": {
                    "time": 2.337031
                }
            },
            {
                "time": {
                    "start": "2019-05-31T18:31:54.556Z",
                    "end": "2019-05-31T18:33:39.752Z"
                },
                "type": "SCRUB",
                "source": "data:drag",
                "_t": "12:31:54",
                "_end": "12:33:39",
                "data": {
                    "time": 2.337031
                }
            },
            {
                "time": {
                    "start": "2019-05-31T18:31:54.556Z",
                    "end": "2019-05-31T18:33:40.472Z"
                },
                "type": "SCRUB",
                "source": "data:drag",
                "_t": "12:31:54",
                "_end": "12:33:40",
                "data": {
                    "time": 2.337031
                }
            },
            {
                "time": {
                    "start": "2019-05-31T18:31:54.556Z",
                    "end": "2019-05-31T18:33:40.616Z"
                },
                "type": "SCRUB",
                "source": "data:drag",
                "_t": "12:31:54",
                "_end": "12:33:40",
                "data": {
                    "time": 2.337031
                }
            },
            {
                "time": "2019-05-31T18:33:40.622Z",
                "type": "JUMP",
                "source": "data:dblclick:h_pos",
                "_t": "12:33:40",
                "_end": "-",
                "data": {
                    "from": 2.337031,
                    "to": 2.12569343902439
                }
            },
            {
                "time": "2019-05-31T18:33:41.753Z",
                "type": "PLAY",
                "source": "hotkey",
                "_t": "12:33:41",
                "_end": "-",
                "data": {
                    "key": "space"
                }
            },
            {
                "time": "2019-05-31T18:33:42.057Z",
                "type": "PAUSE",
                "source": "hotkey",
                "_t": "12:33:42",
                "_end": "-",
                "data": {
                    "key": "space"
                }
            },
            {
                "time": {
                    "start": "2019-05-31T18:31:54.556Z",
                    "end": "2019-05-31T18:33:43.336Z"
                },
                "type": "SCRUB",
                "source": "data:drag",
                "_t": "12:31:54",
                "_end": "12:33:43",
                "data": {
                    "time": 2.384123
                }
            },
            {
                "time": {
                    "start": "2019-05-31T18:31:54.556Z",
                    "end": "2019-05-31T18:33:43.456Z"
                },
                "type": "SCRUB",
                "source": "data:drag",
                "_t": "12:31:54",
                "_end": "12:33:43",
                "data": {
                    "time": 2.384123
                }
            },
            {
                "time": "2019-05-31T18:33:43.461Z",
                "type": "JUMP",
                "source": "data:dblclick:h_pos",
                "_t": "12:33:43",
                "_end": "-",
                "data": {
                    "from": 2.384123,
                    "to": 2.122288853658537
                }
            },
            {
                "time": "2019-05-31T18:33:46.457Z",
                "type": "PLAY",
                "source": "hotkey",
                "_t": "12:33:46",
                "_end": "-",
                "data": {
                    "key": "space"
                }
            },
            {
                "time": "2019-05-31T18:33:47.543Z",
                "type": "PAUSE",
                "source": "hotkey",
                "_t": "12:33:47",
                "_end": "-",
                "data": {
                    "key": "space"
                }
            },
            {
                "time": "2019-05-31T18:33:48.072Z",
                "type": "PLAY",
                "source": "hotkey",
                "_t": "12:33:48",
                "_end": "-",
                "data": {
                    "key": "space"
                }
            },
            {
                "time": "2019-05-31T18:33:48.346Z",
                "type": "PAUSE",
                "source": "hotkey",
                "_t": "12:33:48",
                "_end": "-",
                "data": {
                    "key": "space"
                }
            },
            {
                "time": {
                    "start": "2019-05-31T18:31:54.556Z",
                    "end": "2019-05-31T18:33:49.674Z"
                },
                "type": "SCRUB",
                "source": "data:drag",
                "_t": "12:31:54",
                "_end": "12:33:49",
                "data": {
                    "time": 3.194486
                }
            },
            {
                "time": {
                    "start": "2019-05-31T18:31:54.556Z",
                    "end": "2019-05-31T18:33:52.528Z"
                },
                "type": "SCRUB",
                "source": "data:drag",
                "_t": "12:31:54",
                "_end": "12:33:52",
                "data": {
                    "time": 3.194486
                }
            },
            {
                "time": {
                    "start": "2019-05-31T18:31:54.556Z",
                    "end": "2019-05-31T18:33:53.488Z"
                },
                "type": "SCRUB",
                "source": "data:drag",
                "_t": "12:31:54",
                "_end": "12:33:53",
                "data": {
                    "time": 3.194486
                }
            },
            {
                "time": "2019-05-31T18:33:56.696Z",
                "type": "PLAY",
                "source": "hotkey",
                "_t": "12:33:56",
                "_end": "-",
                "data": {
                    "key": "space"
                }
            },
            {
                "time": "2019-05-31T18:33:57.433Z",
                "type": "PAUSE",
                "source": "hotkey",
                "_t": "12:33:57",
                "_end": "-",
                "data": {
                    "key": "space"
                }
            },
            {
                "time": {
                    "start": "2019-05-31T18:31:54.556Z",
                    "end": "2019-05-31T18:33:59.960Z"
                },
                "type": "SCRUB",
                "source": "data:drag",
                "_t": "12:31:54",
                "_end": "12:33:59",
                "data": {
                    "time": 3.788653
                }
            },
            {
                "time": "2019-05-31T18:34:00.393Z",
                "type": "PLAY",
                "source": "hotkey",
                "_t": "12:34:00",
                "_end": "-",
                "data": {
                    "key": "space"
                }
            },
            {
                "time": "2019-05-31T18:34:00.664Z",
                "type": "PAUSE",
                "source": "hotkey",
                "_t": "12:34:00",
                "_end": "-",
                "data": {
                    "key": "space"
                }
            },
            {
                "time": {
                    "start": "2019-05-31T18:31:54.556Z",
                    "end": "2019-05-31T18:34:01.904Z"
                },
                "type": "SCRUB",
                "source": "data:drag",
                "_t": "12:31:54",
                "_end": "12:34:01",
                "data": {
                    "time": 4.034069
                }
            },
            {
                "time": {
                    "start": "2019-05-31T18:31:54.556Z",
                    "end": "2019-05-31T18:34:02.048Z"
                },
                "type": "SCRUB",
                "source": "data:drag",
                "_t": "12:31:54",
                "_end": "12:34:02",
                "data": {
                    "time": 4.034069
                }
            },
            {
                "time": "2019-05-31T18:34:02.053Z",
                "type": "JUMP",
                "source": "data:dblclick:h_pos",
                "_t": "12:34:02",
                "_end": "-",
                "data": {
                    "from": 4.034069,
                    "to": 3.860136317073171
                }
            },
            {
                "time": "2019-05-31T18:34:04.121Z",
                "type": "PLAY",
                "source": "hotkey",
                "_t": "12:34:04",
                "_end": "-",
                "data": {
                    "key": "space"
                }
            },
            {
                "time": "2019-05-31T18:34:04.935Z",
                "type": "PAUSE",
                "source": "hotkey",
                "_t": "12:34:04",
                "_end": "-",
                "data": {
                    "key": "space"
                }
            },
            {
                "time": {
                    "start": "2019-05-31T18:31:54.556Z",
                    "end": "2019-05-31T18:34:05.792Z"
                },
                "type": "SCRUB",
                "source": "data:drag",
                "_t": "12:31:54",
                "_end": "12:34:05",
                "data": {
                    "time": 4.52609
                }
            },
            {
                "time": "2019-05-31T18:34:06.697Z",
                "type": "PLAY",
                "source": "hotkey",
                "_t": "12:34:06",
                "_end": "-",
                "data": {
                    "key": "space"
                }
            },
            {
                "time": "2019-05-31T18:34:07.011Z",
                "type": "PAUSE",
                "source": "hotkey",
                "_t": "12:34:07",
                "_end": "-",
                "data": {
                    "key": "space"
                }
            },
            {
                "time": {
                    "start": "2019-05-31T18:31:54.556Z",
                    "end": "2019-05-31T18:34:07.632Z"
                },
                "type": "SCRUB",
                "source": "data:drag",
                "_t": "12:31:54",
                "_end": "12:34:07",
                "data": {
                    "time": 4.782565
                }
            },
            {
                "time": {
                    "start": "2019-05-31T18:31:54.556Z",
                    "end": "2019-05-31T18:34:08.677Z"
                },
                "type": "SCRUB",
                "source": "data:drag",
                "_t": "12:31:54",
                "_end": "12:34:08",
                "data": {
                    "time": 4.782565
                }
            },
            {
                "time": {
                    "start": "2019-05-31T18:31:54.556Z",
                    "end": "2019-05-31T18:34:09.024Z"
                },
                "type": "SCRUB",
                "source": "data:drag",
                "_t": "12:31:54",
                "_end": "12:34:09",
                "data": {
                    "time": 4.782565
                }
            },
            {
                "time": "2019-05-31T18:34:09.031Z",
                "type": "JUMP",
                "source": "data:dblclick:h_pos",
                "_t": "12:34:09",
                "_end": "-",
                "data": {
                    "from": 4.782565,
                    "to": 4.5221622926829275
                }
            },
            {
                "time": {
                    "start": "2019-05-31T18:31:54.556Z",
                    "end": "2019-05-31T18:34:09.168Z"
                },
                "type": "SCRUB",
                "source": "data:drag",
                "_t": "12:31:54",
                "_end": "12:34:09",
                "data": {
                    "time": 4.522162
                }
            },
            {
                "time": "2019-05-31T18:34:11.992Z",
                "type": "PLAY",
                "source": "hotkey",
                "_t": "12:34:11",
                "_end": "-",
                "data": {
                    "key": "space"
                }
            },
            {
                "time": "2019-05-31T18:34:13.141Z",
                "type": "PAUSE",
                "source": "hotkey",
                "_t": "12:34:13",
                "_end": "-",
                "data": {
                    "key": "space"
                }
            },
            {
                "time": {
                    "start": "2019-05-31T18:31:54.556Z",
                    "end": "2019-05-31T18:34:14.696Z"
                },
                "type": "SCRUB",
                "source": "data:drag",
                "_t": "12:31:54",
                "_end": "12:34:14",
                "data": {
                    "time": 5.357045
                }
            },
            {
                "time": "2019-05-31T18:34:15.273Z",
                "type": "PLAY",
                "source": "hotkey",
                "_t": "12:34:15",
                "_end": "-",
                "data": {
                    "key": "space"
                }
            },
            {
                "time": "2019-05-31T18:34:15.435Z",
                "type": "PAUSE",
                "source": "hotkey",
                "_t": "12:34:15",
                "_end": "-",
                "data": {
                    "key": "space"
                }
            },
            {
                "time": {
                    "start": "2019-05-31T18:31:54.556Z",
                    "end": "2019-05-31T18:34:16.872Z"
                },
                "type": "SCRUB",
                "source": "data:drag",
                "_t": "12:31:54",
                "_end": "12:34:16",
                "data": {
                    "time": 5.496236
                }
            },
            {
                "time": {
                    "start": "2019-05-31T18:31:54.556Z",
                    "end": "2019-05-31T18:34:17.296Z"
                },
                "type": "SCRUB",
                "source": "data:drag",
                "_t": "12:31:54",
                "_end": "12:34:17",
                "data": {
                    "time": 5.496236
                }
            },
            {
                "time": "2019-05-31T18:34:17.307Z",
                "type": "JUMP",
                "source": "data:dblclick:h_pos",
                "_t": "12:34:17",
                "_end": "-",
                "data": {
                    "from": 5.496236,
                    "to": 5.393374317073171
                }
            },
            {
                "time": {
                    "start": "2019-05-31T18:31:54.556Z",
                    "end": "2019-05-31T18:34:17.432Z"
                },
                "type": "SCRUB",
                "source": "data:drag",
                "_t": "12:31:54",
                "_end": "12:34:17",
                "data": {
                    "time": 5.393374
                }
            },
            {
                "time": "2019-05-31T18:34:20.185Z",
                "type": "PLAY",
                "source": "hotkey",
                "_t": "12:34:20",
                "_end": "-",
                "data": {
                    "key": "space"
                }
            },
            {
                "time": "2019-05-31T18:34:20.925Z",
                "type": "PAUSE",
                "source": "hotkey",
                "_t": "12:34:20",
                "_end": "-",
                "data": {
                    "key": "space"
                }
            },
            {
                "time": {
                    "start": "2019-05-31T18:31:54.556Z",
                    "end": "2019-05-31T18:34:21.919Z"
                },
                "type": "SCRUB",
                "source": "data:drag",
                "_t": "12:31:54",
                "_end": "12:34:21",
                "data": {
                    "time": 5.982389
                }
            },
            {
                "time": {
                    "start": "2019-05-31T18:31:54.556Z",
                    "end": "2019-05-31T18:34:25.480Z"
                },
                "type": "SCRUB",
                "source": "data:drag",
                "_t": "12:31:54",
                "_end": "12:34:25",
                "data": {
                    "time": 5.982389
                }
            },
            {
                "time": {
                    "start": "2019-05-31T18:31:54.556Z",
                    "end": "2019-05-31T18:34:25.624Z"
                },
                "type": "SCRUB",
                "source": "data:drag",
                "_t": "12:31:54",
                "_end": "12:34:25",
                "data": {
                    "time": 5.982389
                }
            },
            {
                "time": "2019-05-31T18:34:25.629Z",
                "type": "JUMP",
                "source": "data:dblclick:h_pos",
                "_t": "12:34:25",
                "_end": "-",
                "data": {
                    "from": 5.982389,
                    "to": 5.94429480487805
                }
            },
            {
                "time": {
                    "start": "2019-05-31T18:31:54.556Z",
                    "end": "2019-05-31T18:34:26.625Z"
                },
                "type": "SCRUB",
                "source": "data:drag",
                "_t": "12:31:54",
                "_end": "12:34:26",
                "data": {
                    "time": 5.944294
                }
            },
            {
                "time": {
                    "start": "2019-05-31T18:31:54.556Z",
                    "end": "2019-05-31T18:34:26.761Z"
                },
                "type": "SCRUB",
                "source": "data:drag",
                "_t": "12:31:54",
                "_end": "12:34:26",
                "data": {
                    "time": 5.944294
                }
            },
            {
                "time": "2019-05-31T18:34:26.768Z",
                "type": "JUMP",
                "source": "data:dblclick:h_pos",
                "_t": "12:34:26",
                "_end": "-",
                "data": {
                    "from": 5.944294,
                    "to": 5.934943585365854
                }
            },
            {
                "time": {
                    "start": "2019-05-31T18:31:54.556Z",
                    "end": "2019-05-31T18:34:27.528Z"
                },
                "type": "SCRUB",
                "source": "data:drag",
                "_t": "12:31:54",
                "_end": "12:34:27",
                "data": {
                    "time": 5.934943
                }
            },
            {
                "time": {
                    "start": "2019-05-31T18:31:54.556Z",
                    "end": "2019-05-31T18:34:27.672Z"
                },
                "type": "SCRUB",
                "source": "data:drag",
                "_t": "12:31:54",
                "_end": "12:34:27",
                "data": {
                    "time": 5.934943
                }
            },
            {
                "time": "2019-05-31T18:34:27.677Z",
                "type": "JUMP",
                "source": "data:dblclick:h_pos",
                "_t": "12:34:27",
                "_end": "-",
                "data": {
                    "from": 5.934943,
                    "to": 5.934943585365854
                }
            },
            {
                "time": {
                    "start": "2019-05-31T18:31:54.556Z",
                    "end": "2019-05-31T18:34:28.139Z"
                },
                "type": "SCRUB",
                "source": "data:drag",
                "_t": "12:31:54",
                "_end": "12:34:28",
                "data": {
                    "time": 5.934943
                }
            },
            {
                "time": {
                    "start": "2019-05-31T18:31:54.556Z",
                    "end": "2019-05-31T18:34:28.273Z"
                },
                "type": "SCRUB",
                "source": "data:drag",
                "_t": "12:31:54",
                "_end": "12:34:28",
                "data": {
                    "time": 5.934943
                }
            },
            {
                "time": "2019-05-31T18:34:28.279Z",
                "type": "JUMP",
                "source": "data:dblclick:h_pos",
                "_t": "12:34:28",
                "_end": "-",
                "data": {
                    "from": 5.934943,
                    "to": 5.94429480487805
                }
            },
            {
                "time": {
                    "start": "2019-05-31T18:31:54.556Z",
                    "end": "2019-05-31T18:34:28.664Z"
                },
                "type": "SCRUB",
                "source": "data:drag",
                "_t": "12:31:54",
                "_end": "12:34:28",
                "data": {
                    "time": 5.944294
                }
            },
            {
                "time": {
                    "start": "2019-05-31T18:31:54.556Z",
                    "end": "2019-05-31T18:34:28.817Z"
                },
                "type": "SCRUB",
                "source": "data:drag",
                "_t": "12:31:54",
                "_end": "12:34:28",
                "data": {
                    "time": 5.944294
                }
            },
            {
                "time": "2019-05-31T18:34:28.822Z",
                "type": "JUMP",
                "source": "data:dblclick:h_pos",
                "_t": "12:34:28",
                "_end": "-",
                "data": {
                    "from": 5.944294,
                    "to": 5.940554317073172
                }
            },
            {
                "time": {
                    "start": "2019-05-31T18:31:54.556Z",
                    "end": "2019-05-31T18:34:31.225Z"
                },
                "type": "SCRUB",
                "source": "data:drag",
                "_t": "12:31:54",
                "_end": "12:34:31",
                "data": {
                    "time": 5.934943
                }
            },
            {
                "time": {
                    "start": "2019-05-31T18:31:54.556Z",
                    "end": "2019-05-31T18:34:33.697Z"
                },
                "type": "SCRUB",
                "source": "data:drag",
                "_t": "12:31:54",
                "_end": "12:34:33",
                "data": {
                    "time": 5.905019
                }
            },
            {
                "time": "2019-05-31T18:34:35.548Z",
                "type": "PLAY",
                "source": "hotkey",
                "_t": "12:34:35",
                "_end": "-",
                "data": {
                    "key": "space"
                }
            },
            {
                "time": "2019-05-31T18:34:35.812Z",
                "type": "PAUSE",
                "source": "hotkey",
                "_t": "12:34:35",
                "_end": "-",
                "data": {
                    "key": "space"
                }
            },
            {
                "time": {
                    "start": "2019-05-31T18:31:54.556Z",
                    "end": "2019-05-31T18:34:36.673Z"
                },
                "type": "SCRUB",
                "source": "data:drag",
                "_t": "12:31:54",
                "_end": "12:34:36",
                "data": {
                    "time": 6.086769
                }
            },
            {
                "time": {
                    "start": "2019-05-31T18:31:54.556Z",
                    "end": "2019-05-31T18:34:36.815Z"
                },
                "type": "SCRUB",
                "source": "data:drag",
                "_t": "12:31:54",
                "_end": "12:34:36",
                "data": {
                    "time": 6.086769
                }
            },
            {
                "time": "2019-05-31T18:34:36.819Z",
                "type": "JUMP",
                "source": "data:dblclick:h_pos",
                "_t": "12:34:36",
                "_end": "-",
                "data": {
                    "from": 6.086769,
                    "to": 5.944300902439025
                }
            },
            {
                "time": "2019-05-31T18:34:38.377Z",
                "type": "PLAY",
                "source": "hotkey",
                "_t": "12:34:38",
                "_end": "-",
                "data": {
                    "key": "space"
                }
            },
            {
                "time": "2019-05-31T18:34:39.607Z",
                "type": "PAUSE",
                "source": "hotkey",
                "_t": "12:34:39",
                "_end": "-",
                "data": {
                    "key": "space"
                }
            },
            {
                "time": {
                    "start": "2019-05-31T18:31:54.556Z",
                    "end": "2019-05-31T18:34:41.199Z"
                },
                "type": "SCRUB",
                "source": "data:drag",
                "_t": "12:31:54",
                "_end": "12:34:41",
                "data": {
                    "time": 6.82927
                }
            },
            {
                "time": "2019-05-31T18:34:45.033Z",
                "type": "PLAY",
                "source": "hotkey",
                "_t": "12:34:45",
                "_end": "-",
                "data": {
                    "key": "space"
                }
            },
            {
                "time": "2019-05-31T18:34:45.143Z",
                "type": "PAUSE",
                "source": "hotkey",
                "_t": "12:34:45",
                "_end": "-",
                "data": {
                    "key": "space"
                }
            },
            {
                "time": {
                    "start": "2019-05-31T18:31:54.556Z",
                    "end": "2019-05-31T18:34:46.241Z"
                },
                "type": "SCRUB",
                "source": "data:drag",
                "_t": "12:31:54",
                "_end": "12:34:46",
                "data": {
                    "time": 6.925489
                }
            },
            {
                "time": {
                    "start": "2019-05-31T18:31:54.556Z",
                    "end": "2019-05-31T18:34:46.417Z"
                },
                "type": "SCRUB",
                "source": "data:drag",
                "_t": "12:31:54",
                "_end": "12:34:46",
                "data": {
                    "time": 6.925489
                }
            },
            {
                "time": "2019-05-31T18:34:46.421Z",
                "type": "JUMP",
                "source": "data:dblclick:h_pos",
                "_t": "12:34:46",
                "_end": "-",
                "data": {
                    "from": 6.925489,
                    "to": 6.8394577804878045
                }
            },
            {
                "time": "2019-05-31T18:34:49.241Z",
                "type": "PLAY",
                "source": "hotkey",
                "_t": "12:34:49",
                "_end": "-",
                "data": {
                    "key": "space"
                }
            },
            {
                "time": "2019-05-31T18:34:49.825Z",
                "type": "PAUSE",
                "source": "hotkey",
                "_t": "12:34:49",
                "_end": "-",
                "data": {
                    "key": "space"
                }
            },
            {
                "time": {
                    "start": "2019-05-31T18:31:54.556Z",
                    "end": "2019-05-31T18:34:53.570Z"
                },
                "type": "SCRUB",
                "source": "data:drag",
                "_t": "12:31:54",
                "_end": "12:34:53",
                "data": {
                    "time": 7.293837
                }
            },
            {
                "time": {
                    "start": "2019-05-31T18:31:54.556Z",
                    "end": "2019-05-31T18:34:55.337Z"
                },
                "type": "SCRUB",
                "source": "data:drag",
                "_t": "12:31:54",
                "_end": "12:34:55",
                "data": {
                    "time": 7.293837
                }
            },
            {
                "time": {
                    "start": "2019-05-31T18:31:54.556Z",
                    "end": "2019-05-31T18:34:55.480Z"
                },
                "type": "SCRUB",
                "source": "data:drag",
                "_t": "12:31:54",
                "_end": "12:34:55",
                "data": {
                    "time": 7.293837
                }
            },
            {
                "time": "2019-05-31T18:34:55.485Z",
                "type": "JUMP",
                "source": "data:dblclick:h_pos",
                "_t": "12:34:55",
                "_end": "-",
                "data": {
                    "from": 7.293837,
                    "to": 7.337407073170731
                }
            },
            {
                "time": "2019-05-31T18:34:57.496Z",
                "type": "PLAY",
                "source": "hotkey",
                "_t": "12:34:57",
                "_end": "-",
                "data": {
                    "key": "space"
                }
            },
            {
                "time": "2019-05-31T18:34:58.655Z",
                "type": "PAUSE",
                "source": "hotkey",
                "_t": "12:34:58",
                "_end": "-",
                "data": {
                    "key": "space"
                }
            },
            {
                "time": {
                    "start": "2019-05-31T18:31:54.556Z",
                    "end": "2019-05-31T18:35:00.225Z"
                },
                "type": "SCRUB",
                "source": "data:drag",
                "_t": "12:31:54",
                "_end": "12:35:00",
                "data": {
                    "time": 8.222676
                }
            },
            {
                "time": "2019-05-31T18:35:01.403Z",
                "type": "PLAY",
                "source": "hotkey",
                "_t": "12:35:01",
                "_end": "-",
                "data": {
                    "key": "space"
                }
            },
            {
                "time": "2019-05-31T18:35:01.577Z",
                "type": "PAUSE",
                "source": "hotkey",
                "_t": "12:35:01",
                "_end": "-",
                "data": {
                    "key": "space"
                }
            },
            {
                "time": {
                    "start": "2019-05-31T18:31:54.556Z",
                    "end": "2019-05-31T18:35:02.897Z"
                },
                "type": "SCRUB",
                "source": "data:drag",
                "_t": "12:31:54",
                "_end": "12:35:02",
                "data": {
                    "time": 8.375398
                }
            },
            {
                "time": {
                    "start": "2019-05-31T18:31:54.556Z",
                    "end": "2019-05-31T18:35:03.065Z"
                },
                "type": "SCRUB",
                "source": "data:drag",
                "_t": "12:31:54",
                "_end": "12:35:03",
                "data": {
                    "time": 8.375398
                }
            },
            {
                "time": "2019-05-31T18:35:03.070Z",
                "type": "JUMP",
                "source": "data:dblclick:h_pos",
                "_t": "12:35:03",
                "_end": "-",
                "data": {
                    "from": 8.375398,
                    "to": 8.30058824390244
                }
            },
            {
                "time": "2019-05-31T18:35:07.630Z",
                "type": "PLAY",
                "source": "hotkey",
                "_t": "12:35:07",
                "_end": "-",
                "data": {
                    "key": "space"
                }
            },
            {
                "time": "2019-05-31T18:35:08.265Z",
                "type": "PAUSE",
                "source": "hotkey",
                "_t": "12:35:08",
                "_end": "-",
                "data": {
                    "key": "space"
                }
            },
            {
                "time": {
                    "start": "2019-05-31T18:31:54.556Z",
                    "end": "2019-05-31T18:35:09.793Z"
                },
                "type": "SCRUB",
                "source": "data:drag",
                "_t": "12:31:54",
                "_end": "12:35:09",
                "data": {
                    "time": 8.836852
                }
            },
            {
                "time": {
                    "start": "2019-05-31T18:31:54.556Z",
                    "end": "2019-05-31T18:35:10.625Z"
                },
                "type": "SCRUB",
                "source": "data:drag",
                "_t": "12:31:54",
                "_end": "12:35:10",
                "data": {
                    "time": 8.836852
                }
            },
            {
                "time": {
                    "start": "2019-05-31T18:31:54.556Z",
                    "end": "2019-05-31T18:35:10.764Z"
                },
                "type": "SCRUB",
                "source": "data:drag",
                "_t": "12:31:54",
                "_end": "12:35:10",
                "data": {
                    "time": 8.836852
                }
            },
            {
                "time": "2019-05-31T18:35:10.767Z",
                "type": "JUMP",
                "source": "data:dblclick:h_pos",
                "_t": "12:35:10",
                "_end": "-",
                "data": {
                    "from": 8.836852,
                    "to": 8.853525365853656
                }
            },
            {
                "time": {
                    "start": "2019-05-31T18:31:54.556Z",
                    "end": "2019-05-31T18:35:14.113Z"
                },
                "type": "SCRUB",
                "source": "data:drag",
                "_t": "12:31:54",
                "_end": "12:35:14",
                "data": {
                    "time": 8.853525
                }
            },
            {
                "time": {
                    "start": "2019-05-31T18:31:54.556Z",
                    "end": "2019-05-31T18:35:14.817Z"
                },
                "type": "SCRUB",
                "source": "data:drag",
                "_t": "12:31:54",
                "_end": "12:35:14",
                "data": {
                    "time": 8.853525
                }
            },
            {
                "time": {
                    "start": "2019-05-31T18:31:54.556Z",
                    "end": "2019-05-31T18:35:14.945Z"
                },
                "type": "SCRUB",
                "source": "data:drag",
                "_t": "12:31:54",
                "_end": "12:35:14",
                "data": {
                    "time": 8.853525
                }
            },
            {
                "time": "2019-05-31T18:35:14.950Z",
                "type": "JUMP",
                "source": "data:dblclick:h_pos",
                "_t": "12:35:14",
                "_end": "-",
                "data": {
                    "from": 8.853525,
                    "to": 9.784906463414632
                }
            },
            {
                "time": {
                    "start": "2019-05-31T18:31:54.556Z",
                    "end": "2019-05-31T18:35:16.463Z"
                },
                "type": "SCRUB",
                "source": "data:drag",
                "_t": "12:31:54",
                "_end": "12:35:16",
                "data": {
                    "time": 9.784906
                }
            },
            {
                "time": {
                    "start": "2019-05-31T18:31:54.556Z",
                    "end": "2019-05-31T18:35:17.001Z"
                },
                "type": "SCRUB",
                "source": "data:drag",
                "_t": "12:31:54",
                "_end": "12:35:17",
                "data": {
                    "time": 9.784906
                }
            },
            {
                "time": {
                    "start": "2019-05-31T18:31:54.556Z",
                    "end": "2019-05-31T18:35:17.136Z"
                },
                "type": "SCRUB",
                "source": "data:drag",
                "_t": "12:31:54",
                "_end": "12:35:17",
                "data": {
                    "time": 9.784906
                }
            },
            {
                "time": "2019-05-31T18:35:17.139Z",
                "type": "JUMP",
                "source": "data:dblclick:h_pos",
                "_t": "12:35:17",
                "_end": "-",
                "data": {
                    "from": 9.784906,
                    "to": 10.388994780487804
                }
            },
            {
                "time": {
                    "start": "2019-05-31T18:31:54.556Z",
                    "end": "2019-05-31T18:35:18.369Z"
                },
                "type": "SCRUB",
                "source": "data:drag",
                "_t": "12:31:54",
                "_end": "12:35:18",
                "data": {
                    "time": 10.388994
                }
            },
            {
                "time": {
                    "start": "2019-05-31T18:31:54.556Z",
                    "end": "2019-05-31T18:35:18.985Z"
                },
                "type": "SCRUB",
                "source": "data:drag",
                "_t": "12:31:54",
                "_end": "12:35:18",
                "data": {
                    "time": 10.388994
                }
            },
            {
                "time": {
                    "start": "2019-05-31T18:31:54.556Z",
                    "end": "2019-05-31T18:35:19.113Z"
                },
                "type": "SCRUB",
                "source": "data:drag",
                "_t": "12:31:54",
                "_end": "12:35:19",
                "data": {
                    "time": 10.388994
                }
            },
            {
                "time": "2019-05-31T18:35:19.119Z",
                "type": "JUMP",
                "source": "data:dblclick:h_pos",
                "_t": "12:35:19",
                "_end": "-",
                "data": {
                    "from": 10.388994,
                    "to": 11.264268146341463
                }
            },
            {
                "time": {
                    "start": "2019-05-31T18:31:54.556Z",
                    "end": "2019-05-31T18:35:20.833Z"
                },
                "type": "SCRUB",
                "source": "data:drag",
                "_t": "12:31:54",
                "_end": "12:35:20",
                "data": {
                    "time": 11.264268
                }
            },
            {
                "time": {
                    "start": "2019-05-31T18:31:54.556Z",
                    "end": "2019-05-31T18:35:23.273Z"
                },
                "type": "SCRUB",
                "source": "data:drag",
                "_t": "12:31:54",
                "_end": "12:35:23",
                "data": {
                    "time": 11.264268
                }
            },
            {
                "time": {
                    "start": "2019-05-31T18:31:54.556Z",
                    "end": "2019-05-31T18:35:23.425Z"
                },
                "type": "SCRUB",
                "source": "data:drag",
                "_t": "12:31:54",
                "_end": "12:35:23",
                "data": {
                    "time": 11.264268
                }
            },
            {
                "time": "2019-05-31T18:35:23.430Z",
                "type": "JUMP",
                "source": "data:dblclick:h_pos",
                "_t": "12:35:23",
                "_end": "-",
                "data": {
                    "from": 11.264268,
                    "to": 11.81786019512195
                }
            },
            {
                "time": {
                    "start": "2019-05-31T18:31:54.556Z",
                    "end": "2019-05-31T18:35:25.676Z"
                },
                "type": "SCRUB",
                "source": "data:drag",
                "_t": "12:31:54",
                "_end": "12:35:25",
                "data": {
                    "time": 11.81786
                }
            },
            {
                "time": {
                    "start": "2019-05-31T18:31:54.556Z",
                    "end": "2019-05-31T18:35:26.476Z"
                },
                "type": "SCRUB",
                "source": "data:drag",
                "_t": "12:31:54",
                "_end": "12:35:26",
                "data": {
                    "time": 11.81786
                }
            },
            {
                "time": {
                    "start": "2019-05-31T18:31:54.556Z",
                    "end": "2019-05-31T18:35:26.620Z"
                },
                "type": "SCRUB",
                "source": "data:drag",
                "_t": "12:31:54",
                "_end": "12:35:26",
                "data": {
                    "time": 11.81786
                }
            },
            {
                "time": "2019-05-31T18:35:26.630Z",
                "type": "JUMP",
                "source": "data:dblclick:h_pos",
                "_t": "12:35:26",
                "_end": "-",
                "data": {
                    "from": 11.81786,
                    "to": 12.730539024390243
                }
            },
            {
                "time": {
                    "start": "2019-05-31T18:31:54.556Z",
                    "end": "2019-05-31T18:35:27.925Z"
                },
                "type": "SCRUB",
                "source": "data:drag",
                "_t": "12:31:54",
                "_end": "12:35:27",
                "data": {
                    "time": 12.730539
                }
            },
            {
                "time": {
                    "start": "2019-05-31T18:31:54.556Z",
                    "end": "2019-05-31T18:35:28.342Z"
                },
                "type": "SCRUB",
                "source": "data:drag",
                "_t": "12:31:54",
                "_end": "12:35:28",
                "data": {
                    "time": 12.730539
                }
            },
            {
                "time": {
                    "start": "2019-05-31T18:31:54.556Z",
                    "end": "2019-05-31T18:35:28.476Z"
                },
                "type": "SCRUB",
                "source": "data:drag",
                "_t": "12:31:54",
                "_end": "12:35:28",
                "data": {
                    "time": 12.730539
                }
            },
            {
                "time": "2019-05-31T18:35:28.487Z",
                "type": "JUMP",
                "source": "data:dblclick:h_pos",
                "_t": "12:35:28",
                "_end": "-",
                "data": {
                    "from": 12.730539,
                    "to": 13.321536073170734
                }
            },
            {
                "time": {
                    "start": "2019-05-31T18:31:54.556Z",
                    "end": "2019-05-31T18:35:31.940Z"
                },
                "type": "SCRUB",
                "source": "data:drag",
                "_t": "12:31:54",
                "_end": "12:35:31",
                "data": {
                    "time": 13.321536
                }
            },
            {
                "time": {
                    "start": "2019-05-31T18:31:54.556Z",
                    "end": "2019-05-31T18:35:32.335Z"
                },
                "type": "SCRUB",
                "source": "data:drag",
                "_t": "12:31:54",
                "_end": "12:35:32",
                "data": {
                    "time": 13.321536
                }
            },
            {
                "time": {
                    "start": "2019-05-31T18:31:54.556Z",
                    "end": "2019-05-31T18:35:32.461Z"
                },
                "type": "SCRUB",
                "source": "data:drag",
                "_t": "12:31:54",
                "_end": "12:35:32",
                "data": {
                    "time": 13.321536
                }
            },
            {
                "time": "2019-05-31T18:35:32.473Z",
                "type": "JUMP",
                "source": "data:dblclick:h_pos",
                "_t": "12:35:32",
                "_end": "-",
                "data": {
                    "from": 13.321536,
                    "to": 14.194939902439025
                }
            },
            {
                "time": {
                    "start": "2019-05-31T18:31:54.556Z",
                    "end": "2019-05-31T18:35:33.708Z"
                },
                "type": "SCRUB",
                "source": "data:drag",
                "_t": "12:31:54",
                "_end": "12:35:33",
                "data": {
                    "time": 14.194939
                }
            },
            {
                "time": {
                    "start": "2019-05-31T18:31:54.556Z",
                    "end": "2019-05-31T18:35:34.306Z"
                },
                "type": "SCRUB",
                "source": "data:drag",
                "_t": "12:31:54",
                "_end": "12:35:34",
                "data": {
                    "time": 14.194939
                }
            },
            {
                "time": {
                    "start": "2019-05-31T18:31:54.556Z",
                    "end": "2019-05-31T18:35:34.451Z"
                },
                "type": "SCRUB",
                "source": "data:drag",
                "_t": "12:31:54",
                "_end": "12:35:34",
                "data": {
                    "time": 14.194939
                }
            },
            {
                "time": "2019-05-31T18:35:34.463Z",
                "type": "JUMP",
                "source": "data:dblclick:h_pos",
                "_t": "12:35:34",
                "_end": "-",
                "data": {
                    "from": 14.194939,
                    "to": 14.78780631707317
                }
            }
        ]
    }
}