[{"time":0,"endTime":0.28474736585365834,"type":"orange-on-ground","id":1},{"time":0.289307,"endTime":0.720979,"type":"orange-in-air","id":2},{"time":0.739747,"endTime":1.722262878048781,"type":"orange-on-ground","id":3},{"time":1.729338,"endTime":2.115219,"type":"orange-in-air","id":4},{"time":2.127486000000009,"endTime":3.179524048780488,"type":"orange-on-ground","id":5},{"time":3.194486,"endTime":3.852241292682927,"type":"orange-in-air","id":6},{"time":3.860136,"endTime":4.506562268292683,"type":"orange-on-ground","id":7},{"time":4.522162,"endTime":5.382895853658536,"type":"orange-in-air","id":8},{"time":5.393374,"endTime":5.938684073170732,"type":"orange-on-ground","id":9},{"time":5.9443,"endTime":6.831140243902439,"type":"orange-in-air","id":10},{"time":6.839457,"endTime":7.331796341463415,"type":"orange-on-ground","id":11},{"time":7.337407,"endTime":8.287074975609757,"type":"orange-in-air","id":12},{"time":8.300587,"endTime":8.840433658536584,"type":"orange-on-ground","id":13},{"time":8.853525,"endTime":9.775555243902438,"type":"orange-in-air","id":14},{"time":9.784906,"endTime":10.372162585365853,"type":"orange-on-ground","id":15},{"time":10.388994,"endTime":11.256787170731707,"type":"orange-in-air","id":16},{"time":11.264268,"endTime":11.808508975609755,"type":"orange-on-ground","id":17},{"time":11.81786,"endTime":12.726798536585365,"type":"orange-in-air","id":18},{"time":12.730539,"endTime":13.302833634146342,"type":"orange-on-ground","id":19},{"time":13.321536,"endTime":14.185588682926829,"type":"orange-in-air","id":20},{"time":14.194939,"endTime":14.782195585365853,"type":"orange-on-ground","id":21}]