{
    "user_id": "045",
    "session_id": "5a788239ee2b1975ba835b70",
    "study": "studyC",
    "workspace": "cane.cane-yellow",
    "details": {
        "workspace": "cane.cane-yellow",
        "labels": [
            {
                "time": 30.120587113821152,
                "endTime": 31.1767731300813,
                "type": "ground",
                "id": 1
            },
            {
                "time": 32.005193,
                "endTime": 32.83333885365854,
                "type": "ground",
                "id": 2
            },
            {
                "time": 33.55017399999998,
                "endTime": 34.72868038211382,
                "type": "ground",
                "id": 3
            },
            {
                "time": 35.480297999999934,
                "endTime": 36.48845767479672,
                "type": "ground",
                "id": 4
            },
            {
                "time": 37.022092999999956,
                "endTime": 38.28831600813004,
                "type": "ground",
                "id": 5
            }
        ],
        "_starts": [
            "2018-02-05T16:19:27.000Z"
        ],
        "_ends": [
            "2018-02-05T16:21:37.680Z"
        ]
    },
    "labels_file": "/home/ubuntu/vat/data/user-studies/studyC/practice-third/045.labels.json",
    "videoFlash": 2.133995,
    "surveys": {
        "user-info": {
            "firstname": "Marci",
            "lastname": "Hepner",
            "email": "mar.hepner@gmail.com"
        },
        "practice-first": {
            "question1": "3",
            "question2": "ok",
            "question3": "90",
            "question4": "5"
        },
        "practice-second": {}
    },
    "logs": {
        "labelEvents": [
            {
                "time": "2018-02-05T16:19:52.103Z",
                "type": "START",
                "source": "side-bar:button",
                "_t": "09:19:52",
                "_end": "-",
                "data": {
                    "type": "ground",
                    "time": 30.108585
                }
            },
            {
                "time": "2018-02-05T16:20:01.194Z",
                "type": "END",
                "source": "data:click:h_pos",
                "_t": "09:20:01",
                "_end": "-",
                "data": {
                    "lbl": {
                        "time": 30.120587113821152,
                        "endTime": 31.1767731300813,
                        "type": "ground",
                        "id": 1
                    }
                }
            },
            {
                "time": "2018-02-05T16:20:08.211Z",
                "type": "SELECT",
                "source": "data:click",
                "_t": "09:20:08",
                "_end": "-",
                "data": {
                    "time": 30.120587113821152,
                    "endTime": 31.1767731300813,
                    "type": "ground",
                    "id": 1
                }
            },
            {
                "time": {
                    "start": "2018-02-05T16:20:09.313Z",
                    "end": "2018-02-05T16:20:10.543Z"
                },
                "type": "RESIZE",
                "source": "data:brush",
                "_t": "09:20:09",
                "_end": "09:20:10",
                "data": {
                    "brushing": true,
                    "origin": [
                        30.108585,
                        30.5946706097561
                    ],
                    "_brushside": 1,
                    "start": "2018-02-05T16:20:09.313Z",
                    "ε": 0.1,
                    "mode": "resize"
                }
            },
            {
                "time": {
                    "start": "2018-02-05T16:20:13.609Z",
                    "end": "2018-02-05T16:20:13.671Z"
                },
                "type": "MOVE",
                "source": "data:brush",
                "_t": "09:20:13",
                "_end": "09:20:13",
                "data": {
                    "brushing": true,
                    "origin": [
                        30.108584999999998,
                        31.014744593495934
                    ],
                    "start": "2018-02-05T16:20:13.609Z",
                    "ε": 0.1,
                    "mode": "move"
                }
            },
            {
                "time": "2018-02-05T16:20:14.419Z",
                "type": "DESELECT",
                "source": "data:click",
                "_t": "09:20:14",
                "_end": "-",
                "data": {
                    "time": 30.120587113821134,
                    "endTime": 31.026746707317074,
                    "type": "ground",
                    "id": 1
                }
            },
            {
                "time": "2018-02-05T16:20:16.385Z",
                "type": "SELECT",
                "source": "data:click",
                "_t": "09:20:16",
                "_end": "-",
                "data": {
                    "time": 30.120587113821152,
                    "endTime": 31.1767731300813,
                    "type": "ground",
                    "id": 1
                }
            },
            {
                "time": {
                    "start": "2018-02-05T16:20:17.144Z",
                    "end": "2018-02-05T16:20:18.463Z"
                },
                "type": "RESIZE",
                "source": "data:brush",
                "_t": "09:20:17",
                "_end": "09:20:18",
                "data": {
                    "brushing": true,
                    "origin": [
                        30.120587113821134,
                        31.026746707317074
                    ],
                    "_brushside": 1,
                    "start": "2018-02-05T16:20:17.144Z",
                    "ε": 0.1,
                    "mode": "resize"
                }
            },
            {
                "time": "2018-02-05T16:20:24.263Z",
                "type": "DESELECT",
                "source": "side-bar:button",
                "_t": "09:20:24",
                "_end": "-",
                "data": {
                    "time": 30.120587113821152,
                    "endTime": 31.1767731300813,
                    "type": "ground",
                    "id": 1
                }
            },
            {
                "time": "2018-02-05T16:20:25.071Z",
                "type": "START",
                "source": "side-bar:button",
                "_t": "09:20:25",
                "_end": "-",
                "data": {
                    "type": "ground",
                    "time": 32.005193
                }
            },
            {
                "time": "2018-02-05T16:20:29.722Z",
                "type": "END",
                "source": "data:click:h_pos",
                "_t": "09:20:29",
                "_end": "-",
                "data": {
                    "lbl": {
                        "time": 32.005193,
                        "endTime": 32.83333885365854,
                        "type": "ground",
                        "id": 2
                    }
                }
            },
            {
                "time": "2018-02-05T16:20:40.376Z",
                "type": "START",
                "source": "side-bar:button",
                "_t": "09:20:40",
                "_end": "-",
                "data": {
                    "type": "ground",
                    "time": 33.550174
                }
            },
            {
                "time": "2018-02-05T16:20:42.643Z",
                "type": "END",
                "source": "data:click:h_pos",
                "_t": "09:20:42",
                "_end": "-",
                "data": {
                    "lbl": {
                        "time": 33.55017399999998,
                        "endTime": 34.72868038211382,
                        "type": "ground",
                        "id": 3
                    }
                }
            },
            {
                "time": "2018-02-05T16:20:52.026Z",
                "type": "SELECT",
                "source": "data:click",
                "_t": "09:20:52",
                "_end": "-",
                "data": {
                    "time": 33.55017399999998,
                    "endTime": 34.72868038211382,
                    "type": "ground",
                    "id": 3
                }
            },
            {
                "time": {
                    "start": "2018-02-05T16:20:52.785Z",
                    "end": "2018-02-05T16:20:53.959Z"
                },
                "type": "RESIZE",
                "source": "data:brush",
                "_t": "09:20:52",
                "_end": "09:20:53",
                "data": {
                    "brushing": true,
                    "origin": [
                        33.550174,
                        34.380619081300814
                    ],
                    "_brushside": 1,
                    "start": "2018-02-05T16:20:52.785Z",
                    "ε": 0.1,
                    "mode": "resize"
                }
            },
            {
                "time": "2018-02-05T16:20:57.016Z",
                "type": "DESELECT",
                "source": "side-bar:button",
                "_t": "09:20:57",
                "_end": "-",
                "data": {
                    "time": 33.55017399999998,
                    "endTime": 34.72868038211382,
                    "type": "ground",
                    "id": 3
                }
            },
            {
                "time": "2018-02-05T16:21:01.560Z",
                "type": "START",
                "source": "side-bar:button",
                "_t": "09:21:01",
                "_end": "-",
                "data": {
                    "type": "ground",
                    "time": 35.480298
                }
            },
            {
                "time": "2018-02-05T16:21:03.155Z",
                "type": "END",
                "source": "data:click:h_pos",
                "_t": "09:21:03",
                "_end": "-",
                "data": {
                    "lbl": {
                        "time": 35.480297999999934,
                        "endTime": 36.48845767479672,
                        "type": "ground",
                        "id": 4
                    }
                }
            },
            {
                "time": "2018-02-05T16:21:09.554Z",
                "type": "SELECT",
                "source": "data:click",
                "_t": "09:21:09",
                "_end": "-",
                "data": {
                    "time": 35.480297999999934,
                    "endTime": 36.48845767479672,
                    "type": "ground",
                    "id": 4
                }
            },
            {
                "time": {
                    "start": "2018-02-05T16:21:10.344Z",
                    "end": "2018-02-05T16:21:11.481Z"
                },
                "type": "RESIZE",
                "source": "data:brush",
                "_t": "09:21:10",
                "_end": "09:21:11",
                "data": {
                    "brushing": true,
                    "origin": [
                        35.480298,
                        36.27842068292681
                    ],
                    "_brushside": 1,
                    "start": "2018-02-05T16:21:10.344Z",
                    "ε": 0.1,
                    "mode": "resize"
                }
            },
            {
                "time": "2018-02-05T16:21:13.127Z",
                "type": "DESELECT",
                "source": "side-bar:button",
                "_t": "09:21:13",
                "_end": "-",
                "data": {
                    "time": 35.480297999999934,
                    "endTime": 36.48845767479672,
                    "type": "ground",
                    "id": 4
                }
            },
            {
                "time": "2018-02-05T16:21:18.112Z",
                "type": "START",
                "source": "side-bar:button",
                "_t": "09:21:18",
                "_end": "-",
                "data": {
                    "type": "ground",
                    "time": 37.022093
                }
            },
            {
                "time": "2018-02-05T16:21:20.292Z",
                "type": "END",
                "source": "data:click:h_pos",
                "_t": "09:21:20",
                "_end": "-",
                "data": {
                    "lbl": {
                        "time": 37.022092999999956,
                        "endTime": 38.28831600813004,
                        "type": "ground",
                        "id": 5
                    }
                }
            },
            {
                "time": "2018-02-05T16:21:28.451Z",
                "type": "SELECT",
                "source": "data:click",
                "_t": "09:21:28",
                "_end": "-",
                "data": {
                    "time": 37.022092999999956,
                    "endTime": 38.28831600813004,
                    "type": "ground",
                    "id": 5
                }
            },
            {
                "time": {
                    "start": "2018-02-05T16:21:29.353Z",
                    "end": "2018-02-05T16:21:31.241Z"
                },
                "type": "RESIZE",
                "source": "data:brush",
                "_t": "09:21:29",
                "_end": "09:21:31",
                "data": {
                    "brushing": true,
                    "origin": [
                        37.022093,
                        37.85623991056908
                    ],
                    "_brushside": 1,
                    "start": "2018-02-05T16:21:29.353Z",
                    "ε": 0.1,
                    "mode": "resize"
                }
            },
            {
                "time": "2018-02-05T16:21:32.639Z",
                "type": "DESELECT",
                "source": "side-bar:button",
                "_t": "09:21:32",
                "_end": "-",
                "data": {
                    "time": 37.022092999999956,
                    "endTime": 38.28831600813004,
                    "type": "ground",
                    "id": 5
                }
            }
        ],
        "navigationEvents": [
            {
                "time": {
                    "start": "2018-02-05T16:19:42.464Z",
                    "end": "2018-02-05T16:19:43.262Z"
                },
                "type": "SCRUB",
                "source": "video:drag",
                "_t": "09:19:42",
                "_end": "09:19:43",
                "data": {
                    "to": 14.711869,
                    "from": 5.307625
                }
            },
            {
                "time": {
                    "start": "2018-02-05T16:19:46.338Z",
                    "end": "2018-02-05T16:19:46.462Z"
                },
                "type": "SCRUB",
                "source": "video:drag",
                "_t": "09:19:46",
                "_end": "09:19:46",
                "data": {
                    "to": 20.165407,
                    "from": 17.70119
                }
            },
            {
                "time": {
                    "start": "2018-02-05T16:19:47.499Z",
                    "end": "2018-02-05T16:19:47.630Z"
                },
                "type": "SCRUB",
                "source": "video:drag",
                "_t": "09:19:47",
                "_end": "09:19:47",
                "data": {
                    "to": 25.618945,
                    "from": 21.022177
                }
            },
            {
                "time": {
                    "start": "2018-02-05T16:19:48.109Z",
                    "end": "2018-02-05T16:19:48.214Z"
                },
                "type": "SCRUB",
                "source": "video:drag",
                "_t": "09:19:48",
                "_end": "09:19:48",
                "data": {
                    "to": 29.487152,
                    "from": 26.009975
                }
            },
            {
                "time": {
                    "start": "2018-02-05T16:19:50.139Z",
                    "end": "2018-02-05T16:19:50.263Z"
                },
                "type": "SCRUB",
                "source": "video:drag",
                "_t": "09:19:50",
                "_end": "09:19:50",
                "data": {
                    "to": 29.487152,
                    "from": 31.211475
                }
            },
            {
                "time": "2018-02-05T16:19:51.071Z",
                "type": "PAUSE",
                "source": "video:button",
                "_t": "09:19:51",
                "_end": "-"
            },
            {
                "time": "2018-02-05T16:19:58.415Z",
                "type": "CHANGE-PLAYBACK-RATE",
                "source": "video:menu",
                "_t": "09:19:58",
                "_end": "-",
                "data": {
                    "oldRate": 1,
                    "newRate": 0.25
                }
            },
            {
                "time": {
                    "start": "2018-02-05T16:19:27.466Z",
                    "end": "2018-02-05T16:20:01.192Z"
                },
                "type": "SCRUB",
                "source": "data:drag",
                "_t": "09:19:27",
                "_end": "09:20:01",
                "data": {
                    "time": 30.108585
                }
            },
            {
                "time": "2018-02-05T16:20:01.920Z",
                "type": "PLAY",
                "source": "video:button",
                "_t": "09:20:01",
                "_end": "-"
            },
            {
                "time": "2018-02-05T16:20:05.191Z",
                "type": "PAUSE",
                "source": "video:button",
                "_t": "09:20:05",
                "_end": "-"
            },
            {
                "time": {
                    "start": "2018-02-05T16:19:27.466Z",
                    "end": "2018-02-05T16:20:06.840Z"
                },
                "type": "SCRUB",
                "source": "data:drag",
                "_t": "09:19:27",
                "_end": "09:20:06",
                "data": {
                    "time": 31.003471
                }
            },
            {
                "time": {
                    "start": "2018-02-05T16:19:27.466Z",
                    "end": "2018-02-05T16:20:07.437Z"
                },
                "type": "SCRUB",
                "source": "data:drag",
                "_t": "09:19:27",
                "_end": "09:20:07",
                "data": {
                    "time": 30.997469
                }
            },
            {
                "time": {
                    "start": "2018-02-05T16:19:27.466Z",
                    "end": "2018-02-05T16:20:08.209Z"
                },
                "type": "SCRUB",
                "source": "data:drag",
                "_t": "09:19:27",
                "_end": "09:20:08",
                "data": {
                    "time": 30.997469
                }
            },
            {
                "time": {
                    "start": "2018-02-05T16:19:27.466Z",
                    "end": "2018-02-05T16:20:10.562Z"
                },
                "type": "SCRUB",
                "source": "data:drag",
                "_t": "09:19:27",
                "_end": "09:20:10",
                "data": {
                    "time": 30.997469
                }
            },
            {
                "time": "2018-02-05T16:20:11.576Z",
                "type": "PLAY",
                "source": "video:button",
                "_t": "09:20:11",
                "_end": "-"
            },
            {
                "time": "2018-02-05T16:20:13.016Z",
                "type": "PAUSE",
                "source": "video:button",
                "_t": "09:20:13",
                "_end": "-"
            },
            {
                "time": {
                    "start": "2018-02-05T16:19:27.466Z",
                    "end": "2018-02-05T16:20:13.678Z"
                },
                "type": "SCRUB",
                "source": "data:drag",
                "_t": "09:19:27",
                "_end": "09:20:13",
                "data": {
                    "time": 31.33665
                }
            },
            {
                "time": {
                    "start": "2018-02-05T16:19:27.466Z",
                    "end": "2018-02-05T16:20:14.418Z"
                },
                "type": "SCRUB",
                "source": "data:drag",
                "_t": "09:19:27",
                "_end": "09:20:14",
                "data": {
                    "time": 31.33665
                }
            },
            {
                "time": {
                    "start": "2018-02-05T16:19:27.466Z",
                    "end": "2018-02-05T16:20:16.383Z"
                },
                "type": "SCRUB",
                "source": "data:drag",
                "_t": "09:19:27",
                "_end": "09:20:16",
                "data": {
                    "time": 31.33665
                }
            },
            {
                "time": {
                    "start": "2018-02-05T16:19:27.466Z",
                    "end": "2018-02-05T16:20:18.472Z"
                },
                "type": "SCRUB",
                "source": "data:drag",
                "_t": "09:19:27",
                "_end": "09:20:18",
                "data": {
                    "time": 31.33665
                }
            },
            {
                "time": "2018-02-05T16:20:19.465Z",
                "type": "PLAY",
                "source": "video:button",
                "_t": "09:20:19",
                "_end": "-"
            },
            {
                "time": "2018-02-05T16:20:22.139Z",
                "type": "PAUSE",
                "source": "video:button",
                "_t": "09:20:22",
                "_end": "-"
            },
            {
                "time": {
                    "start": "2018-02-05T16:19:27.466Z",
                    "end": "2018-02-05T16:20:29.719Z"
                },
                "type": "SCRUB",
                "source": "data:drag",
                "_t": "09:19:27",
                "_end": "09:20:29",
                "data": {
                    "time": 32.005193
                }
            },
            {
                "time": "2018-02-05T16:20:30.728Z",
                "type": "PLAY",
                "source": "video:button",
                "_t": "09:20:30",
                "_end": "-"
            },
            {
                "time": "2018-02-05T16:20:34.048Z",
                "type": "PAUSE",
                "source": "video:button",
                "_t": "09:20:34",
                "_end": "-"
            },
            {
                "time": "2018-02-05T16:20:35.975Z",
                "type": "PLAY",
                "source": "video:button",
                "_t": "09:20:35",
                "_end": "-"
            },
            {
                "time": "2018-02-05T16:20:38.468Z",
                "type": "PAUSE",
                "source": "video:button",
                "_t": "09:20:38",
                "_end": "-"
            },
            {
                "time": "2018-02-05T16:20:39.016Z",
                "type": "PLAY",
                "source": "video:button",
                "_t": "09:20:39",
                "_end": "-"
            },
            {
                "time": "2018-02-05T16:20:39.360Z",
                "type": "PAUSE",
                "source": "video:button",
                "_t": "09:20:39",
                "_end": "-"
            },
            {
                "time": {
                    "start": "2018-02-05T16:19:27.466Z",
                    "end": "2018-02-05T16:20:42.640Z"
                },
                "type": "SCRUB",
                "source": "data:drag",
                "_t": "09:19:27",
                "_end": "09:20:42",
                "data": {
                    "time": 33.550174
                }
            },
            {
                "time": "2018-02-05T16:20:43.907Z",
                "type": "PLAY",
                "source": "video:button",
                "_t": "09:20:43",
                "_end": "-"
            },
            {
                "time": "2018-02-05T16:20:48.312Z",
                "type": "PAUSE",
                "source": "video:button",
                "_t": "09:20:48",
                "_end": "-"
            },
            {
                "time": "2018-02-05T16:20:49.809Z",
                "type": "PLAY",
                "source": "video:button",
                "_t": "09:20:49",
                "_end": "-"
            },
            {
                "time": "2018-02-05T16:20:50.311Z",
                "type": "PAUSE",
                "source": "video:button",
                "_t": "09:20:50",
                "_end": "-"
            },
            {
                "time": {
                    "start": "2018-02-05T16:19:27.466Z",
                    "end": "2018-02-05T16:20:51.377Z"
                },
                "type": "SCRUB",
                "source": "data:drag",
                "_t": "09:19:27",
                "_end": "09:20:51",
                "data": {
                    "time": 34.738368
                }
            },
            {
                "time": {
                    "start": "2018-02-05T16:19:27.466Z",
                    "end": "2018-02-05T16:20:52.023Z"
                },
                "type": "SCRUB",
                "source": "data:drag",
                "_t": "09:19:27",
                "_end": "09:20:52",
                "data": {
                    "time": 34.738368
                }
            },
            {
                "time": {
                    "start": "2018-02-05T16:19:27.466Z",
                    "end": "2018-02-05T16:20:53.968Z"
                },
                "type": "SCRUB",
                "source": "data:drag",
                "_t": "09:19:27",
                "_end": "09:20:53",
                "data": {
                    "time": 34.738368
                }
            },
            {
                "time": "2018-02-05T16:20:55.256Z",
                "type": "PLAY",
                "source": "video:button",
                "_t": "09:20:55",
                "_end": "-"
            },
            {
                "time": "2018-02-05T16:20:55.960Z",
                "type": "PAUSE",
                "source": "video:button",
                "_t": "09:20:55",
                "_end": "-"
            },
            {
                "time": "2018-02-05T16:20:58.104Z",
                "type": "PLAY",
                "source": "video:button",
                "_t": "09:20:58",
                "_end": "-"
            },
            {
                "time": "2018-02-05T16:21:00.408Z",
                "type": "PAUSE",
                "source": "video:button",
                "_t": "09:21:00",
                "_end": "-"
            },
            {
                "time": {
                    "start": "2018-02-05T16:19:27.466Z",
                    "end": "2018-02-05T16:21:03.153Z"
                },
                "type": "SCRUB",
                "source": "data:drag",
                "_t": "09:19:27",
                "_end": "09:21:03",
                "data": {
                    "time": 35.480298
                }
            },
            {
                "time": "2018-02-05T16:21:04.440Z",
                "type": "PLAY",
                "source": "video:button",
                "_t": "09:21:04",
                "_end": "-"
            },
            {
                "time": "2018-02-05T16:21:08.648Z",
                "type": "PAUSE",
                "source": "video:button",
                "_t": "09:21:08",
                "_end": "-"
            },
            {
                "time": {
                    "start": "2018-02-05T16:19:27.466Z",
                    "end": "2018-02-05T16:21:09.551Z"
                },
                "type": "SCRUB",
                "source": "data:drag",
                "_t": "09:19:27",
                "_end": "09:21:09",
                "data": {
                    "time": 36.538521
                }
            },
            {
                "time": {
                    "start": "2018-02-05T16:19:27.466Z",
                    "end": "2018-02-05T16:21:11.502Z"
                },
                "type": "SCRUB",
                "source": "data:drag",
                "_t": "09:19:27",
                "_end": "09:21:11",
                "data": {
                    "time": 36.538521
                }
            },
            {
                "time": "2018-02-05T16:21:13.984Z",
                "type": "PLAY",
                "source": "video:button",
                "_t": "09:21:13",
                "_end": "-"
            },
            {
                "time": "2018-02-05T16:21:15.944Z",
                "type": "PAUSE",
                "source": "video:button",
                "_t": "09:21:15",
                "_end": "-"
            },
            {
                "time": {
                    "start": "2018-02-05T16:19:27.466Z",
                    "end": "2018-02-05T16:21:20.288Z"
                },
                "type": "SCRUB",
                "source": "data:drag",
                "_t": "09:19:27",
                "_end": "09:21:20",
                "data": {
                    "time": 37.022093
                }
            },
            {
                "time": "2018-02-05T16:21:21.367Z",
                "type": "PLAY",
                "source": "video:button",
                "_t": "09:21:21",
                "_end": "-"
            },
            {
                "time": "2018-02-05T16:21:25.688Z",
                "type": "PAUSE",
                "source": "video:button",
                "_t": "09:21:25",
                "_end": "-"
            },
            {
                "time": "2018-02-05T16:21:26.352Z",
                "type": "PLAY",
                "source": "video:button",
                "_t": "09:21:26",
                "_end": "-"
            },
            {
                "time": "2018-02-05T16:21:27.434Z",
                "type": "PAUSE",
                "source": "video:button",
                "_t": "09:21:27",
                "_end": "-"
            },
            {
                "time": {
                    "start": "2018-02-05T16:19:27.466Z",
                    "end": "2018-02-05T16:21:28.449Z"
                },
                "type": "SCRUB",
                "source": "data:drag",
                "_t": "09:19:27",
                "_end": "09:21:28",
                "data": {
                    "time": 38.375536
                }
            },
            {
                "time": {
                    "start": "2018-02-05T16:19:27.466Z",
                    "end": "2018-02-05T16:21:31.262Z"
                },
                "type": "SCRUB",
                "source": "data:drag",
                "_t": "09:19:27",
                "_end": "09:21:31",
                "data": {
                    "time": 38.375536
                }
            },
            {
                "time": "2018-02-05T16:21:33.721Z",
                "type": "PLAY",
                "source": "video:button",
                "_t": "09:21:33",
                "_end": "-"
            },
            {
                "time": "2018-02-05T16:21:36.868Z",
                "type": "PAUSE",
                "source": "video:button",
                "_t": "09:21:36",
                "_end": "-"
            }
        ]
    }
}