{
    "user_id": "046",
    "session_id": "5a78823bee2b1975ba835b71",
    "study": "studyC",
    "workspace": "cane.cane-yellow",
    "details": {
        "workspace": "cane.cane-yellow",
        "labels": [
            {
                "time": 28.224714,
                "endTime": 29.640722156578207,
                "type": "ground",
                "id": 1
            },
            {
                "time": 30.135776999999408,
                "endTime": 31.31367837618822,
                "type": "ground",
                "id": 2
            },
            {
                "time": 31.931346,
                "endTime": 32.873412856428345,
                "type": "ground",
                "id": 3
            },
            {
                "time": 33.652529,
                "endTime": 35.46291465382689,
                "type": "ground",
                "id": 4
            }
        ],
        "_starts": [
            "2018-02-05T16:18:30.000Z"
        ],
        "_ends": [
            "2018-02-05T16:20:48.292Z"
        ]
    },
    "labels_file": "/home/ubuntu/vat/data/user-studies/studyC/practice-third/046.labels.json",
    "videoFlash": 2.133995,
    "surveys": {
        "user-info": {
            "firstname": "Gibson",
            "lastname": "Ainge",
            "email": "gainge@gmail.com"
        },
        "practice-first": {
            "question1": "5",
            "question2": "ok",
            "question3": "100",
            "question4": "5"
        },
        "practice-second": {}
    },
    "logs": {
        "labelEvents": [
            {
                "time": "2018-02-05T16:19:11.827Z",
                "type": "START",
                "source": "hotkey",
                "_t": "09:19:11",
                "_end": "-",
                "data": {
                    "type": "ground",
                    "time": 28.224714
                }
            },
            {
                "time": "2018-02-05T16:19:20.492Z",
                "type": "END",
                "source": "data:click:h_pos",
                "_t": "09:19:20",
                "_end": "-",
                "data": {
                    "lbl": {
                        "time": 28.224714,
                        "endTime": 29.640722156578207,
                        "type": "ground",
                        "id": 1
                    }
                }
            },
            {
                "time": "2018-02-05T16:19:37.699Z",
                "type": "START",
                "source": "hotkey",
                "_t": "09:19:37",
                "_end": "-",
                "data": {
                    "type": "ground",
                    "time": 30.135777
                }
            },
            {
                "time": "2018-02-05T16:19:42.005Z",
                "type": "END",
                "source": "data:click:h_pos",
                "_t": "09:19:42",
                "_end": "-",
                "data": {
                    "lbl": {
                        "time": 30.135776999999408,
                        "endTime": 31.31367837618822,
                        "type": "ground",
                        "id": 2
                    }
                }
            },
            {
                "time": "2018-02-05T16:19:46.941Z",
                "type": "SELECT",
                "source": "data:click",
                "_t": "09:19:46",
                "_end": "-",
                "data": {
                    "time": 30.135776999999408,
                    "endTime": 31.31367837618822,
                    "type": "ground",
                    "id": 2
                }
            },
            {
                "time": {
                    "start": "2018-02-05T16:19:48.038Z",
                    "end": "2018-02-05T16:19:49.244Z"
                },
                "type": "RESIZE",
                "source": "data:brush",
                "_t": "09:19:48",
                "_end": "09:19:49",
                "data": {
                    "brushing": true,
                    "origin": [
                        30.135777,
                        31.564768121060574
                    ],
                    "_brushside": 1,
                    "start": "2018-02-05T16:19:48.038Z",
                    "ε": 0.1,
                    "mode": "resize"
                }
            },
            {
                "time": "2018-02-05T16:19:54.029Z",
                "type": "DESELECT",
                "source": "data:click",
                "_t": "09:19:54",
                "_end": "-",
                "data": {
                    "time": 30.135776999999408,
                    "endTime": 31.31367837618822,
                    "type": "ground",
                    "id": 2
                }
            },
            {
                "time": "2018-02-05T16:20:07.941Z",
                "type": "START",
                "source": "hotkey",
                "_t": "09:20:07",
                "_end": "-",
                "data": {
                    "type": "ground",
                    "time": 31.931346
                }
            },
            {
                "time": "2018-02-05T16:20:13.662Z",
                "type": "END",
                "source": "data:click:h_pos",
                "_t": "09:20:13",
                "_end": "-",
                "data": {
                    "lbl": {
                        "time": 31.931346,
                        "endTime": 32.873412856428345,
                        "type": "ground",
                        "id": 3
                    }
                }
            },
            {
                "time": "2018-02-05T16:20:23.445Z",
                "type": "SELECT",
                "source": "data:click",
                "_t": "09:20:23",
                "_end": "-",
                "data": {
                    "time": 31.931346,
                    "endTime": 32.873412856428345,
                    "type": "ground",
                    "id": 3
                }
            },
            {
                "time": {
                    "start": "2018-02-05T16:20:24.438Z",
                    "end": "2018-02-05T16:20:26.372Z"
                },
                "type": "RESIZE",
                "source": "data:brush",
                "_t": "09:20:24",
                "_end": "09:20:26",
                "data": {
                    "brushing": true,
                    "origin": [
                        31.931346,
                        32.792177938969644
                    ],
                    "_brushside": 1,
                    "start": "2018-02-05T16:20:24.438Z",
                    "ε": 0.1,
                    "mode": "resize"
                }
            },
            {
                "time": "2018-02-05T16:20:26.999Z",
                "type": "DESELECT",
                "source": "data:click",
                "_t": "09:20:26",
                "_end": "-",
                "data": {
                    "time": 31.931346,
                    "endTime": 32.873412856428345,
                    "type": "ground",
                    "id": 3
                }
            },
            {
                "time": "2018-02-05T16:20:32.291Z",
                "type": "START",
                "source": "hotkey",
                "_t": "09:20:32",
                "_end": "-",
                "data": {
                    "type": "ground",
                    "time": 33.652529
                }
            },
            {
                "time": "2018-02-05T16:20:38.263Z",
                "type": "END",
                "source": "data:click:h_pos",
                "_t": "09:20:38",
                "_end": "-",
                "data": {
                    "lbl": {
                        "time": 33.652529,
                        "endTime": 35.46291465382689,
                        "type": "ground",
                        "id": 4
                    }
                }
            }
        ],
        "navigationEvents": [
            {
                "time": {
                    "start": "2018-02-05T16:18:30.058Z",
                    "end": "2018-02-05T16:18:51.256Z"
                },
                "type": "SCRUB",
                "source": "data:drag",
                "_t": "09:18:30",
                "_end": "09:18:51",
                "data": {
                    "time": 7.100538
                }
            },
            {
                "time": {
                    "start": "2018-02-05T16:18:30.058Z",
                    "end": "2018-02-05T16:18:52.103Z"
                },
                "type": "SCRUB",
                "source": "data:drag",
                "_t": "09:18:30",
                "_end": "09:18:52",
                "data": {
                    "time": 9.58928
                }
            },
            {
                "time": {
                    "start": "2018-02-05T16:18:30.058Z",
                    "end": "2018-02-05T16:18:53.393Z"
                },
                "type": "SCRUB",
                "source": "data:drag",
                "_t": "09:18:30",
                "_end": "09:18:53",
                "data": {
                    "time": 12.094786
                }
            },
            {
                "time": {
                    "start": "2018-02-05T16:18:30.058Z",
                    "end": "2018-02-05T16:18:54.305Z"
                },
                "type": "SCRUB",
                "source": "data:drag",
                "_t": "09:18:30",
                "_end": "09:18:54",
                "data": {
                    "time": 14.870106
                }
            },
            {
                "time": {
                    "start": "2018-02-05T16:18:30.058Z",
                    "end": "2018-02-05T16:18:55.036Z"
                },
                "type": "SCRUB",
                "source": "data:drag",
                "_t": "09:18:30",
                "_end": "09:18:55",
                "data": {
                    "time": 17.334699
                }
            },
            {
                "time": {
                    "start": "2018-02-05T16:18:30.058Z",
                    "end": "2018-02-05T16:18:55.826Z"
                },
                "type": "SCRUB",
                "source": "data:drag",
                "_t": "09:18:30",
                "_end": "09:18:55",
                "data": {
                    "time": 20.168748
                }
            },
            {
                "time": {
                    "start": "2018-02-05T16:18:30.058Z",
                    "end": "2018-02-05T16:18:57.001Z"
                },
                "type": "SCRUB",
                "source": "data:drag",
                "_t": "09:18:30",
                "_end": "09:18:57",
                "data": {
                    "time": 24.015267
                }
            },
            {
                "time": "2018-02-05T16:19:01.395Z",
                "type": "PAUSE",
                "source": "hotkey",
                "_t": "09:19:01",
                "_end": "-",
                "data": {
                    "key": "space"
                }
            },
            {
                "time": {
                    "start": "2018-02-05T16:18:30.058Z",
                    "end": "2018-02-05T16:19:08.507Z"
                },
                "type": "SCRUB",
                "source": "data:drag",
                "_t": "09:18:30",
                "_end": "09:19:08",
                "data": {
                    "time": 28.224714
                }
            },
            {
                "time": "2018-02-05T16:19:12.643Z",
                "type": "PLAY",
                "source": "hotkey",
                "_t": "09:19:12",
                "_end": "-",
                "data": {
                    "key": "space"
                }
            },
            {
                "time": "2018-02-05T16:19:14.755Z",
                "type": "PAUSE",
                "source": "hotkey",
                "_t": "09:19:14",
                "_end": "-",
                "data": {
                    "key": "space"
                }
            },
            {
                "time": {
                    "start": "2018-02-05T16:18:30.058Z",
                    "end": "2018-02-05T16:19:20.490Z"
                },
                "type": "SCRUB",
                "source": "data:drag",
                "_t": "09:18:30",
                "_end": "09:19:20",
                "data": {
                    "time": 30.286909
                }
            },
            {
                "time": {
                    "start": "2018-02-05T16:18:30.058Z",
                    "end": "2018-02-05T16:19:22.467Z"
                },
                "type": "SCRUB",
                "source": "data:drag",
                "_t": "09:18:30",
                "_end": "09:19:22",
                "data": {
                    "time": 29.518869
                }
            },
            {
                "time": {
                    "start": "2018-02-05T16:18:30.058Z",
                    "end": "2018-02-05T16:19:23.651Z"
                },
                "type": "SCRUB",
                "source": "data:drag",
                "_t": "09:18:30",
                "_end": "09:19:23",
                "data": {
                    "time": 28.39635
                }
            },
            {
                "time": "2018-02-05T16:19:23.891Z",
                "type": "PLAY",
                "source": "hotkey",
                "_t": "09:19:23",
                "_end": "-",
                "data": {
                    "key": "space"
                }
            },
            {
                "time": {
                    "start": "2018-02-05T16:18:30.058Z",
                    "end": "2018-02-05T16:19:26.338Z"
                },
                "type": "SCRUB",
                "source": "data:drag",
                "_t": "09:18:30",
                "_end": "09:19:26",
                "data": {
                    "time": 30.754639
                }
            },
            {
                "time": "2018-02-05T16:19:26.404Z",
                "type": "PAUSE",
                "source": "hotkey",
                "_t": "09:19:26",
                "_end": "-",
                "data": {
                    "key": "space"
                }
            },
            {
                "time": {
                    "start": "2018-02-05T16:18:30.058Z",
                    "end": "2018-02-05T16:19:28.698Z"
                },
                "type": "SCRUB",
                "source": "data:drag",
                "_t": "09:18:30",
                "_end": "09:19:28",
                "data": {
                    "time": 28.588628
                }
            },
            {
                "time": "2018-02-05T16:19:29.475Z",
                "type": "PLAY",
                "source": "hotkey",
                "_t": "09:19:29",
                "_end": "-",
                "data": {
                    "key": "space"
                }
            },
            {
                "time": "2018-02-05T16:19:29.907Z",
                "type": "PAUSE",
                "source": "hotkey",
                "_t": "09:19:29",
                "_end": "-",
                "data": {
                    "key": "space"
                }
            },
            {
                "time": {
                    "start": "2018-02-05T16:18:30.058Z",
                    "end": "2018-02-05T16:19:34.315Z"
                },
                "type": "SCRUB",
                "source": "data:drag",
                "_t": "09:18:30",
                "_end": "09:19:34",
                "data": {
                    "time": 29.625556
                }
            },
            {
                "time": "2018-02-05T16:19:35.044Z",
                "type": "PLAY",
                "source": "hotkey",
                "_t": "09:19:35",
                "_end": "-",
                "data": {
                    "key": "space"
                }
            },
            {
                "time": "2018-02-05T16:19:35.635Z",
                "type": "PAUSE",
                "source": "hotkey",
                "_t": "09:19:35",
                "_end": "-",
                "data": {
                    "key": "space"
                }
            },
            {
                "time": "2018-02-05T16:19:38.707Z",
                "type": "PLAY",
                "source": "hotkey",
                "_t": "09:19:38",
                "_end": "-",
                "data": {
                    "key": "space"
                }
            },
            {
                "time": "2018-02-05T16:19:39.779Z",
                "type": "PAUSE",
                "source": "hotkey",
                "_t": "09:19:39",
                "_end": "-",
                "data": {
                    "key": "space"
                }
            },
            {
                "time": {
                    "start": "2018-02-05T16:18:30.058Z",
                    "end": "2018-02-05T16:19:42.003Z"
                },
                "type": "SCRUB",
                "source": "data:drag",
                "_t": "09:18:30",
                "_end": "09:19:42",
                "data": {
                    "time": 31.191826
                }
            },
            {
                "time": {
                    "start": "2018-02-05T16:18:30.058Z",
                    "end": "2018-02-05T16:19:46.348Z"
                },
                "type": "SCRUB",
                "source": "data:drag",
                "_t": "09:18:30",
                "_end": "09:19:46",
                "data": {
                    "time": 31.33214
                }
            },
            {
                "time": {
                    "start": "2018-02-05T16:18:30.058Z",
                    "end": "2018-02-05T16:19:46.940Z"
                },
                "type": "SCRUB",
                "source": "data:drag",
                "_t": "09:18:30",
                "_end": "09:19:46",
                "data": {
                    "time": 31.33214
                }
            },
            {
                "time": {
                    "start": "2018-02-05T16:18:30.058Z",
                    "end": "2018-02-05T16:19:49.252Z"
                },
                "type": "SCRUB",
                "source": "data:drag",
                "_t": "09:18:30",
                "_end": "09:19:49",
                "data": {
                    "time": 31.33214
                }
            },
            {
                "time": {
                    "start": "2018-02-05T16:18:30.058Z",
                    "end": "2018-02-05T16:19:54.029Z"
                },
                "type": "SCRUB",
                "source": "data:drag",
                "_t": "09:18:30",
                "_end": "09:19:54",
                "data": {
                    "time": 31.33214
                }
            },
            {
                "time": {
                    "start": "2018-02-05T16:18:30.058Z",
                    "end": "2018-02-05T16:19:55.603Z"
                },
                "type": "SCRUB",
                "source": "data:drag",
                "_t": "09:18:30",
                "_end": "09:19:55",
                "data": {
                    "time": 31.767854
                }
            },
            {
                "time": {
                    "start": "2018-02-05T16:18:30.058Z",
                    "end": "2018-02-05T16:19:55.771Z"
                },
                "type": "SCRUB",
                "source": "data:drag",
                "_t": "09:18:30",
                "_end": "09:19:55",
                "data": {
                    "time": 31.767854
                }
            },
            {
                "time": "2018-02-05T16:19:57.397Z",
                "type": "PLAY",
                "source": "hotkey",
                "_t": "09:19:57",
                "_end": "-",
                "data": {
                    "key": "space"
                }
            },
            {
                "time": "2018-02-05T16:19:57.780Z",
                "type": "PAUSE",
                "source": "hotkey",
                "_t": "09:19:57",
                "_end": "-",
                "data": {
                    "key": "space"
                }
            },
            {
                "time": {
                    "start": "2018-02-05T16:18:30.058Z",
                    "end": "2018-02-05T16:20:02.683Z"
                },
                "type": "SCRUB",
                "source": "data:drag",
                "_t": "09:18:30",
                "_end": "09:20:02",
                "data": {
                    "time": 31.938731
                }
            },
            {
                "time": {
                    "start": "2018-02-05T16:18:30.058Z",
                    "end": "2018-02-05T16:20:07.155Z"
                },
                "type": "SCRUB",
                "source": "data:drag",
                "_t": "09:18:30",
                "_end": "09:20:07",
                "data": {
                    "time": 31.931346
                }
            },
            {
                "time": "2018-02-05T16:20:08.612Z",
                "type": "PLAY",
                "source": "hotkey",
                "_t": "09:20:08",
                "_end": "-",
                "data": {
                    "key": "space"
                }
            },
            {
                "time": "2018-02-05T16:20:09.955Z",
                "type": "PAUSE",
                "source": "hotkey",
                "_t": "09:20:09",
                "_end": "-",
                "data": {
                    "key": "space"
                }
            },
            {
                "time": {
                    "start": "2018-02-05T16:18:30.058Z",
                    "end": "2018-02-05T16:20:13.660Z"
                },
                "type": "SCRUB",
                "source": "data:drag",
                "_t": "09:18:30",
                "_end": "09:20:13",
                "data": {
                    "time": 33.2242
                }
            },
            {
                "time": {
                    "start": "2018-02-05T16:18:30.058Z",
                    "end": "2018-02-05T16:20:22.874Z"
                },
                "type": "SCRUB",
                "source": "data:drag",
                "_t": "09:18:30",
                "_end": "09:20:22",
                "data": {
                    "time": 32.89926
                }
            },
            {
                "time": {
                    "start": "2018-02-05T16:18:30.058Z",
                    "end": "2018-02-05T16:20:23.443Z"
                },
                "type": "SCRUB",
                "source": "data:drag",
                "_t": "09:18:30",
                "_end": "09:20:23",
                "data": {
                    "time": 32.89926
                }
            },
            {
                "time": {
                    "start": "2018-02-05T16:18:30.058Z",
                    "end": "2018-02-05T16:20:26.380Z"
                },
                "type": "SCRUB",
                "source": "data:drag",
                "_t": "09:18:30",
                "_end": "09:20:26",
                "data": {
                    "time": 32.89926
                }
            },
            {
                "time": {
                    "start": "2018-02-05T16:18:30.058Z",
                    "end": "2018-02-05T16:20:26.997Z"
                },
                "type": "SCRUB",
                "source": "data:drag",
                "_t": "09:18:30",
                "_end": "09:20:26",
                "data": {
                    "time": 32.89926
                }
            },
            {
                "time": {
                    "start": "2018-02-05T16:18:30.058Z",
                    "end": "2018-02-05T16:20:31.507Z"
                },
                "type": "SCRUB",
                "source": "data:drag",
                "_t": "09:18:30",
                "_end": "09:20:31",
                "data": {
                    "time": 33.652529
                }
            },
            {
                "time": "2018-02-05T16:20:34.277Z",
                "type": "PLAY",
                "source": "hotkey",
                "_t": "09:20:34",
                "_end": "-",
                "data": {
                    "key": "space"
                }
            },
            {
                "time": "2018-02-05T16:20:36.295Z",
                "type": "PAUSE",
                "source": "hotkey",
                "_t": "09:20:36",
                "_end": "-",
                "data": {
                    "key": "space"
                }
            },
            {
                "time": {
                    "start": "2018-02-05T16:18:30.058Z",
                    "end": "2018-02-05T16:20:38.260Z"
                },
                "type": "SCRUB",
                "source": "data:drag",
                "_t": "09:18:30",
                "_end": "09:20:38",
                "data": {
                    "time": 35.629651
                }
            }
        ]
    }
}