[{"time":28.53217099999985,"endTime":29.58516846341454,"type":"ground","id":1},{"time":30.20927838211445,"endTime":31.375784308943196,"type":"ground","id":2},{"time":31.404379,"endTime":32.295393,"type":"ground","id":4},{"time":32.295393,"endTime":32.80807,"type":"ground","id":5},{"time":32.80807,"endTime":33.794115,"type":"ground","id":6},{"time":33.794115,"endTime":34.550155,"type":"ground","id":7},{"time":34.550155,"endTime":35.589253,"type":"ground","id":8},{"time":35.589253,"endTime":36.509961,"type":"ground","id":9},{"time":36.509961,"endTime":37.29512494308943,"type":"ground","id":10},{"time":37.301126,"endTime":38.236382,"type":"ground","id":11},{"time":37.301126,"endTime":37.301126,"type":"ground","id":12}]