{
    "user_id": "048",
    "session_id": "5a788f58ee2b1975ba835b91",
    "study": "studyD",
    "workspace": "pill.pills-red",
    "details": {
        "workspace": "pill.pills-red",
        "labels": [
            {
                "time": 16.290454,
                "endTime": 24.63114797044556,
                "type": "pill",
                "id": 1
            },
            {
                "time": 34.13505699999888,
                "endTime": 35.556005246249086,
                "type": "move",
                "id": 2
            }
        ],
        "_starts": [
            "2018-02-05T17:19:43.000Z"
        ],
        "_ends": [
            "2018-02-05T17:21:01.078Z",
            "2018-02-05T17:21:28.606Z",
            "2018-02-05T17:23:08.191Z"
        ]
    },
    "labels_file": "/home/ubuntu/vat/data/user-studies/studyD/pill-red/048.labels.json",
    "videoFlash": 2.2457,
    "surveys": {
        "user-info": {
            "firstname": "Kendra",
            "lastname": "Graham",
            "email": "deloris4@gmail.com"
        },
        "practice-first": {
            "question1": "3",
            "question2": "ok",
            "question3": "100",
            "question4": "4"
        },
        "practice-second": {},
        "practice-third": {},
        "practice-survey": {},
        "pill-blue": {
            "question1": "4",
            "question2": "5",
            "question3": "60",
            "question4": "70"
        }
    },
    "logs": {
        "labelEvents": [
            {
                "time": "2018-02-05T17:20:49.662Z",
                "type": "START",
                "source": "hotkey",
                "_t": "10:20:49",
                "_end": "-",
                "data": {
                    "type": "pill",
                    "time": 16.290454
                }
            },
            {
                "time": "2018-02-05T17:20:58.288Z",
                "type": "END",
                "source": "data:click:h_pos",
                "_t": "10:20:58",
                "_end": "-",
                "data": {
                    "lbl": {
                        "time": 16.290454,
                        "endTime": 24.63114797044556,
                        "type": "pill",
                        "id": 1
                    }
                }
            },
            {
                "time": "2018-02-05T17:20:58.502Z",
                "type": "SELECT",
                "source": "data:click",
                "_t": "10:20:58",
                "_end": "-",
                "data": {
                    "time": 16.290454,
                    "endTime": 24.63114797044556,
                    "type": "pill",
                    "id": 1
                }
            },
            {
                "time": "2018-02-05T17:21:19.854Z",
                "type": "START",
                "source": "hotkey",
                "_t": "10:21:19",
                "_end": "-",
                "data": {
                    "type": "move",
                    "time": 34.135057
                }
            },
            {
                "time": "2018-02-05T17:21:20.224Z",
                "type": "END",
                "source": "data:click:h_pos",
                "_t": "10:21:20",
                "_end": "-",
                "data": {
                    "lbl": {
                        "time": 34.13505699999888,
                        "endTime": 35.556005246249086,
                        "type": "move",
                        "id": 2
                    }
                }
            },
            {
                "time": "2018-02-05T17:21:24.105Z",
                "type": "SELECT",
                "source": "data:click",
                "_t": "10:21:24",
                "_end": "-",
                "data": {
                    "time": 34.13505699999888,
                    "endTime": 35.556005246249086,
                    "type": "move",
                    "id": 2
                }
            },
            {
                "time": {
                    "start": "2018-02-05T17:21:25.096Z",
                    "end": "2018-02-05T17:21:26.422Z"
                },
                "type": "RESIZE",
                "source": "data:brush",
                "_t": "10:21:25",
                "_end": "10:21:26",
                "data": {
                    "brushing": true,
                    "origin": [
                        34.135057,
                        34.223051955668346
                    ],
                    "_brushside": 1,
                    "start": "2018-02-05T17:21:25.096Z",
                    "ε": 0.1,
                    "mode": "resize"
                }
            }
        ],
        "navigationEvents": [
            {
                "time": {
                    "start": "2018-02-05T17:19:43.328Z",
                    "end": "2018-02-05T17:20:06.271Z"
                },
                "type": "SCRUB",
                "source": "data:drag",
                "_t": "10:19:43",
                "_end": "10:20:06",
                "data": {
                    "time": 26.097718
                }
            },
            {
                "time": {
                    "start": "2018-02-05T17:19:43.328Z",
                    "end": "2018-02-05T17:20:11.006Z"
                },
                "type": "SCRUB",
                "source": "data:drag",
                "_t": "10:19:43",
                "_end": "10:20:11",
                "data": {
                    "time": 61.943913
                }
            },
            {
                "time": {
                    "start": "2018-02-05T17:20:17.130Z",
                    "end": "2018-02-05T17:20:18.694Z"
                },
                "type": "SCRUB",
                "source": "video:drag",
                "_t": "10:20:17",
                "_end": "10:20:18",
                "data": {
                    "to": 5.406348,
                    "from": 66.358526
                }
            },
            {
                "time": {
                    "start": "2018-02-05T17:20:39.370Z",
                    "end": "2018-02-05T17:20:39.485Z"
                },
                "type": "SCRUB",
                "source": "video:drag",
                "_t": "10:20:39",
                "_end": "10:20:39",
                "data": {
                    "to": 15.137776,
                    "from": 25.837591
                }
            },
            {
                "time": "2018-02-05T17:20:41.463Z",
                "type": "PAUSE",
                "source": "video:button",
                "_t": "10:20:41",
                "_end": "-"
            },
            {
                "time": {
                    "start": "2018-02-05T17:20:42.161Z",
                    "end": "2018-02-05T17:20:42.269Z"
                },
                "type": "SCRUB",
                "source": "video:drag",
                "_t": "10:20:42",
                "_end": "10:20:42",
                "data": {
                    "to": 10.272062,
                    "from": 16.75921
                }
            },
            {
                "time": "2018-02-05T17:20:43.551Z",
                "type": "PLAY",
                "source": "video:button",
                "_t": "10:20:43",
                "_end": "-"
            },
            {
                "time": {
                    "start": "2018-02-05T17:19:43.328Z",
                    "end": "2018-02-05T17:20:57.173Z"
                },
                "type": "SCRUB",
                "source": "data:drag",
                "_t": "10:19:43",
                "_end": "10:20:57",
                "data": {
                    "time": 23.799339
                }
            },
            {
                "time": {
                    "start": "2018-02-05T17:19:43.328Z",
                    "end": "2018-02-05T17:20:58.286Z"
                },
                "type": "SCRUB",
                "source": "data:drag",
                "_t": "10:19:43",
                "_end": "10:20:58",
                "data": {
                    "time": 24.908189
                }
            },
            {
                "time": {
                    "start": "2018-02-05T17:19:43.328Z",
                    "end": "2018-02-05T17:20:58.501Z"
                },
                "type": "SCRUB",
                "source": "data:drag",
                "_t": "10:19:43",
                "_end": "10:20:58",
                "data": {
                    "time": 25.127633
                }
            },
            {
                "time": "2018-02-05T17:21:05.487Z",
                "type": "PLAY",
                "source": "video:button",
                "_t": "10:21:05",
                "_end": "-"
            },
            {
                "time": "2018-02-05T17:21:14.199Z",
                "type": "PAUSE",
                "source": "video:button",
                "_t": "10:21:14",
                "_end": "-"
            },
            {
                "time": {
                    "start": "2018-02-05T17:21:15.394Z",
                    "end": "2018-02-05T17:21:15.501Z"
                },
                "type": "SCRUB",
                "source": "video:drag",
                "_t": "10:21:15",
                "_end": "10:21:15",
                "data": {
                    "to": 31.897457,
                    "from": 36.560449
                }
            },
            {
                "time": "2018-02-05T17:21:17.519Z",
                "type": "PLAY",
                "source": "video:button",
                "_t": "10:21:17",
                "_end": "-"
            },
            {
                "time": {
                    "start": "2018-02-05T17:19:43.328Z",
                    "end": "2018-02-05T17:21:20.222Z"
                },
                "type": "SCRUB",
                "source": "data:drag",
                "_t": "10:19:43",
                "_end": "10:21:20",
                "data": {
                    "time": 34.505066
                }
            },
            {
                "time": "2018-02-05T17:21:22.221Z",
                "type": "PAUSE",
                "source": "video:button",
                "_t": "10:21:22",
                "_end": "-"
            },
            {
                "time": {
                    "start": "2018-02-05T17:19:43.328Z",
                    "end": "2018-02-05T17:21:23.566Z"
                },
                "type": "SCRUB",
                "source": "data:drag",
                "_t": "10:19:43",
                "_end": "10:21:23",
                "data": {
                    "time": 36.500507
                }
            },
            {
                "time": {
                    "start": "2018-02-05T17:19:43.328Z",
                    "end": "2018-02-05T17:21:24.102Z"
                },
                "type": "SCRUB",
                "source": "data:drag",
                "_t": "10:19:43",
                "_end": "10:21:24",
                "data": {
                    "time": 36.500507
                }
            },
            {
                "time": {
                    "start": "2018-02-05T17:19:43.328Z",
                    "end": "2018-02-05T17:21:26.440Z"
                },
                "type": "SCRUB",
                "source": "data:drag",
                "_t": "10:19:43",
                "_end": "10:21:26",
                "data": {
                    "time": 36.500507
                }
            },
            {
                "time": "2018-02-05T17:21:27.616Z",
                "type": "PLAY",
                "source": "video:button",
                "_t": "10:21:27",
                "_end": "-"
            },
            {
                "time": "2018-02-05T17:21:31.920Z",
                "type": "PLAY",
                "source": "video:button",
                "_t": "10:21:31",
                "_end": "-"
            },
            {
                "time": "2018-02-05T17:22:01.758Z",
                "type": "CHANGE-PLAYBACK-RATE",
                "source": "video:menu",
                "_t": "10:22:01",
                "_end": "-",
                "data": {
                    "oldRate": 1,
                    "newRate": 2
                }
            }
        ]
    }
}