{
    "user_id": "050",
    "session_id": "5a789e16ee2b1975ba835ba1",
    "study": "studyD",
    "workspace": "pill.pills-red",
    "details": {
        "workspace": "pill.pills-red",
        "labels": [
            {
                "time": 246.452339,
                "endTime": 254.806306,
                "type": "pill",
                "id": 1
            },
            {
                "time": 358.154004,
                "endTime": 365.113717,
                "type": "pill",
                "id": 2
            },
            {
                "time": 13.702567,
                "endTime": 23.204866,
                "type": "pill",
                "id": 3
            }
        ],
        "_starts": [
            "2018-02-05T18:24:27.000Z"
        ],
        "_ends": [
            "2018-02-05T18:27:36.857Z"
        ]
    },
    "labels_file": "/home/ubuntu/vat/data/user-studies/studyD/pill-red/050.labels.json",
    "videoFlash": 2.2457,
    "surveys": {
        "user-info": {
            "firstname": "WingKi",
            "lastname": "Yu",
            "email": "wing.yu.kilds@gmail.com"
        },
        "practice-first": {
            "question1": "4",
            "question2": "ok",
            "question3": "50",
            "question4": "5"
        },
        "practice-second": {},
        "practice-third": {},
        "practice-survey": {},
        "pill-blue": {
            "question1": "4",
            "question2": "4",
            "question3": "70",
            "question4": "30"
        }
    },
    "logs": {
        "labelEvents": [
            {
                "time": "2018-02-05T18:24:53.255Z",
                "type": "START",
                "source": "hotkey",
                "_t": "11:24:53",
                "_end": "-",
                "data": {
                    "type": "pill",
                    "time": 246.452339
                }
            },
            {
                "time": "2018-02-05T18:25:01.607Z",
                "type": "END",
                "source": "hotkey:ctb",
                "_t": "11:25:01",
                "_end": "-",
                "data": {
                    "lbl": {
                        "time": 246.452339,
                        "endTime": 254.806306,
                        "type": "pill",
                        "id": 1
                    },
                    "key": "enter"
                }
            },
            {
                "time": "2018-02-05T18:26:03.785Z",
                "type": "START",
                "source": "hotkey",
                "_t": "11:26:03",
                "_end": "-",
                "data": {
                    "type": "pill",
                    "time": 358.154004
                }
            },
            {
                "time": "2018-02-05T18:26:10.744Z",
                "type": "END",
                "source": "hotkey:ctb",
                "_t": "11:26:10",
                "_end": "-",
                "data": {
                    "lbl": {
                        "time": 358.154004,
                        "endTime": 365.113717,
                        "type": "pill",
                        "id": 2
                    },
                    "key": "enter"
                }
            },
            {
                "time": "2018-02-05T18:27:01.948Z",
                "type": "START",
                "source": "hotkey",
                "_t": "11:27:01",
                "_end": "-",
                "data": {
                    "type": "pill",
                    "time": 13.702567
                }
            },
            {
                "time": "2018-02-05T18:27:15.657Z",
                "type": "END",
                "source": "hotkey:ctb",
                "_t": "11:27:15",
                "_end": "-",
                "data": {
                    "lbl": {
                        "time": 13.702567,
                        "endTime": 23.204866,
                        "type": "pill",
                        "id": 3
                    },
                    "key": "enter"
                }
            },
            {
                "time": "2018-02-05T18:27:22.498Z",
                "type": "SELECT",
                "source": "data:click",
                "_t": "11:27:22",
                "_end": "-",
                "data": {
                    "time": 13.702567,
                    "endTime": 23.204866,
                    "type": "pill",
                    "id": 3
                }
            },
            {
                "time": "2018-02-05T18:27:28.071Z",
                "type": "DESELECT",
                "source": "data:click",
                "_t": "11:27:28",
                "_end": "-",
                "data": {
                    "time": 13.702567,
                    "endTime": 23.204866,
                    "type": "pill",
                    "id": 3
                }
            }
        ],
        "navigationEvents": [
            {
                "time": {
                    "start": "2018-02-05T18:24:27.327Z",
                    "end": "2018-02-05T18:24:43.229Z"
                },
                "type": "SCRUB",
                "source": "data:drag",
                "_t": "11:24:27",
                "_end": "11:24:43",
                "data": {
                    "time": 248.759796
                }
            },
            {
                "time": {
                    "start": "2018-02-05T18:24:49.337Z",
                    "end": "2018-02-05T18:24:49.438Z"
                },
                "type": "SCRUB",
                "source": "video:drag",
                "_t": "11:24:49",
                "_end": "11:24:49",
                "data": {
                    "to": 243.285695,
                    "from": 253.209878
                }
            },
            {
                "time": {
                    "start": "2018-02-05T18:24:27.327Z",
                    "end": "2018-02-05T18:25:03.710Z"
                },
                "type": "SCRUB",
                "source": "data:drag",
                "_t": "11:24:27",
                "_end": "11:25:03",
                "data": {
                    "time": 256.91086
                }
            },
            {
                "time": {
                    "start": "2018-02-05T18:24:27.327Z",
                    "end": "2018-02-05T18:25:05.524Z"
                },
                "type": "SCRUB",
                "source": "data:drag",
                "_t": "11:24:27",
                "_end": "11:25:05",
                "data": {
                    "time": 245.580116
                }
            },
            {
                "time": "2018-02-05T18:25:06.861Z",
                "type": "PAUSE",
                "source": "video:button",
                "_t": "11:25:06",
                "_end": "-"
            },
            {
                "time": {
                    "start": "2018-02-05T18:24:27.327Z",
                    "end": "2018-02-05T18:25:11.390Z"
                },
                "type": "SCRUB",
                "source": "data:drag",
                "_t": "11:24:27",
                "_end": "11:25:11",
                "data": {
                    "time": 246.575965
                }
            },
            {
                "time": "2018-02-05T18:25:12.975Z",
                "type": "PLAY",
                "source": "video:button",
                "_t": "11:25:12",
                "_end": "-"
            },
            {
                "time": {
                    "start": "2018-02-05T18:24:27.327Z",
                    "end": "2018-02-05T18:25:18.214Z"
                },
                "type": "SCRUB",
                "source": "data:drag",
                "_t": "11:24:27",
                "_end": "11:25:18",
                "data": {
                    "time": 253.37984
                }
            },
            {
                "time": "2018-02-05T18:25:19.751Z",
                "type": "PAUSE",
                "source": "video:button",
                "_t": "11:25:19",
                "_end": "-"
            },
            {
                "time": "2018-02-05T18:25:21.375Z",
                "type": "PLAY",
                "source": "video:button",
                "_t": "11:25:21",
                "_end": "-"
            },
            {
                "time": "2018-02-05T18:25:21.685Z",
                "type": "PAUSE",
                "source": "video:button",
                "_t": "11:25:21",
                "_end": "-"
            },
            {
                "time": "2018-02-05T18:25:22.847Z",
                "type": "PLAY",
                "source": "video:button",
                "_t": "11:25:22",
                "_end": "-"
            },
            {
                "time": "2018-02-05T18:25:23.112Z",
                "type": "PAUSE",
                "source": "video:button",
                "_t": "11:25:23",
                "_end": "-"
            },
            {
                "time": {
                    "start": "2018-02-05T18:24:27.327Z",
                    "end": "2018-02-05T18:25:28.311Z"
                },
                "type": "SCRUB",
                "source": "data:drag",
                "_t": "11:24:27",
                "_end": "11:25:28",
                "data": {
                    "time": 255.479958
                }
            },
            {
                "time": {
                    "start": "2018-02-05T18:24:27.327Z",
                    "end": "2018-02-05T18:25:31.199Z"
                },
                "type": "SCRUB",
                "source": "data:drag",
                "_t": "11:24:27",
                "_end": "11:25:31",
                "data": {
                    "time": 255.11918
                }
            },
            {
                "time": "2018-02-05T18:25:31.523Z",
                "type": "PLAY",
                "source": "video:button",
                "_t": "11:25:31",
                "_end": "-"
            },
            {
                "time": {
                    "start": "2018-02-05T18:25:33.556Z",
                    "end": "2018-02-05T18:25:33.646Z"
                },
                "type": "SCRUB",
                "source": "video:drag",
                "_t": "11:25:33",
                "_end": "11:25:33",
                "data": {
                    "to": 269.776804,
                    "from": 257.06919
                }
            },
            {
                "time": {
                    "start": "2018-02-05T18:24:27.327Z",
                    "end": "2018-02-05T18:25:36.206Z"
                },
                "type": "SCRUB",
                "source": "data:drag",
                "_t": "11:24:27",
                "_end": "11:25:36",
                "data": {
                    "time": 274.923034
                }
            },
            {
                "time": {
                    "start": "2018-02-05T18:25:37.274Z",
                    "end": "2018-02-05T18:25:37.367Z"
                },
                "type": "SCRUB",
                "source": "video:drag",
                "_t": "11:25:37",
                "_end": "11:25:37",
                "data": {
                    "to": 290.32093,
                    "from": 275.43583
                }
            },
            {
                "time": "2018-02-05T18:25:40.351Z",
                "type": "CHANGE-PLAYBACK-RATE",
                "source": "video:menu",
                "_t": "11:25:40",
                "_end": "-",
                "data": {
                    "oldRate": 1,
                    "newRate": 2
                }
            },
            {
                "time": {
                    "start": "2018-02-05T18:25:41.250Z",
                    "end": "2018-02-05T18:25:41.350Z"
                },
                "type": "SCRUB",
                "source": "video:drag",
                "_t": "11:25:41",
                "_end": "11:25:41",
                "data": {
                    "to": 310.865055,
                    "from": 294.92732
                }
            },
            {
                "time": {
                    "start": "2018-02-05T18:25:42.011Z",
                    "end": "2018-02-05T18:25:42.110Z"
                },
                "type": "SCRUB",
                "source": "video:drag",
                "_t": "11:25:42",
                "_end": "11:25:42",
                "data": {
                    "to": 327.084102,
                    "from": 311.732468
                }
            },
            {
                "time": {
                    "start": "2018-02-05T18:25:43.290Z",
                    "end": "2018-02-05T18:25:43.374Z"
                },
                "type": "SCRUB",
                "source": "video:drag",
                "_t": "11:25:43",
                "_end": "11:25:43",
                "data": {
                    "to": 349.250132,
                    "from": 327.751622
                }
            },
            {
                "time": {
                    "start": "2018-02-05T18:25:45.108Z",
                    "end": "2018-02-05T18:25:45.192Z"
                },
                "type": "SCRUB",
                "source": "video:drag",
                "_t": "11:25:45",
                "_end": "11:25:45",
                "data": {
                    "to": 360.062829,
                    "from": 352.188048
                }
            },
            {
                "time": {
                    "start": "2018-02-05T18:25:46.647Z",
                    "end": "2018-02-05T18:25:46.766Z"
                },
                "type": "SCRUB",
                "source": "video:drag",
                "_t": "11:25:46",
                "_end": "11:25:46",
                "data": {
                    "to": 353.034576,
                    "from": 362.054363
                }
            },
            {
                "time": "2018-02-05T18:25:48.481Z",
                "type": "CHANGE-PLAYBACK-RATE",
                "source": "video:menu",
                "_t": "11:25:48",
                "_end": "-",
                "data": {
                    "oldRate": 2,
                    "newRate": 1
                }
            },
            {
                "time": "2018-02-05T18:25:49.597Z",
                "type": "CHANGE-PLAYBACK-RATE",
                "source": "video:menu",
                "_t": "11:25:49",
                "_end": "-",
                "data": {
                    "oldRate": 1,
                    "newRate": 0.5
                }
            },
            {
                "time": "2018-02-05T18:25:51.151Z",
                "type": "PAUSE",
                "source": "video:button",
                "_t": "11:25:51",
                "_end": "-"
            },
            {
                "time": "2018-02-05T18:25:53.191Z",
                "type": "CHANGE-PLAYBACK-RATE",
                "source": "video:menu",
                "_t": "11:25:53",
                "_end": "-",
                "data": {
                    "oldRate": 0.5,
                    "newRate": 1
                }
            },
            {
                "time": "2018-02-05T18:25:53.647Z",
                "type": "PLAY",
                "source": "video:button",
                "_t": "11:25:53",
                "_end": "-"
            },
            {
                "time": "2018-02-05T18:25:54.454Z",
                "type": "PAUSE",
                "source": "video:button",
                "_t": "11:25:54",
                "_end": "-"
            },
            {
                "time": {
                    "start": "2018-02-05T18:25:56.794Z",
                    "end": "2018-02-05T18:25:57.784Z"
                },
                "type": "SCRUB",
                "source": "video:drag",
                "_t": "11:25:56",
                "_end": "11:25:57",
                "data": {
                    "to": 354.115846,
                    "from": 358.170095
                }
            },
            {
                "time": "2018-02-05T18:25:59.647Z",
                "type": "PLAY",
                "source": "video:button",
                "_t": "11:25:59",
                "_end": "-"
            },
            {
                "time": {
                    "start": "2018-02-05T18:26:13.354Z",
                    "end": "2018-02-05T18:26:14.167Z"
                },
                "type": "SCRUB",
                "source": "video:drag",
                "_t": "11:26:13",
                "_end": "11:26:14",
                "data": {
                    "to": 375.200606,
                    "from": 367.721744
                }
            },
            {
                "time": {
                    "start": "2018-02-05T18:26:14.816Z",
                    "end": "2018-02-05T18:26:14.917Z"
                },
                "type": "SCRUB",
                "source": "video:drag",
                "_t": "11:26:14",
                "_end": "11:26:14",
                "data": {
                    "to": 385.472669,
                    "from": 375.518367
                }
            },
            {
                "time": {
                    "start": "2018-02-05T18:26:15.639Z",
                    "end": "2018-02-05T18:26:15.734Z"
                },
                "type": "SCRUB",
                "source": "video:drag",
                "_t": "11:26:15",
                "_end": "11:26:15",
                "data": {
                    "to": 400.06981,
                    "from": 385.734916
                }
            },
            {
                "time": {
                    "start": "2018-02-05T18:26:16.674Z",
                    "end": "2018-02-05T18:26:16.752Z"
                },
                "type": "SCRUB",
                "source": "video:drag",
                "_t": "11:26:16",
                "_end": "11:26:16",
                "data": {
                    "to": 410.882508,
                    "from": 400.105088
                }
            },
            {
                "time": {
                    "start": "2018-02-05T18:26:17.644Z",
                    "end": "2018-02-05T18:26:17.719Z"
                },
                "type": "SCRUB",
                "source": "video:drag",
                "_t": "11:26:17",
                "_end": "11:26:17",
                "data": {
                    "to": 429.264094,
                    "from": 411.564138
                }
            },
            {
                "time": {
                    "start": "2018-02-05T18:26:18.970Z",
                    "end": "2018-02-05T18:26:19.054Z"
                },
                "type": "SCRUB",
                "source": "video:drag",
                "_t": "11:26:18",
                "_end": "11:26:19",
                "data": {
                    "to": 444.942506,
                    "from": 429.469371
                }
            },
            {
                "time": {
                    "start": "2018-02-05T18:26:20.275Z",
                    "end": "2018-02-05T18:26:20.358Z"
                },
                "type": "SCRUB",
                "source": "video:drag",
                "_t": "11:26:20",
                "_end": "11:26:20",
                "data": {
                    "to": 458.458378,
                    "from": 445.495211
                }
            },
            {
                "time": {
                    "start": "2018-02-05T18:26:21.186Z",
                    "end": "2018-02-05T18:26:21.263Z"
                },
                "type": "SCRUB",
                "source": "video:drag",
                "_t": "11:26:21",
                "_end": "11:26:21",
                "data": {
                    "to": 473.596154,
                    "from": 459.185516
                }
            },
            {
                "time": {
                    "start": "2018-02-05T18:26:22.882Z",
                    "end": "2018-02-05T18:26:23.006Z"
                },
                "type": "SCRUB",
                "source": "video:drag",
                "_t": "11:26:22",
                "_end": "11:26:23",
                "data": {
                    "to": 491.437105,
                    "from": 474.569528
                }
            },
            {
                "time": {
                    "start": "2018-02-05T18:26:23.847Z",
                    "end": "2018-02-05T18:26:23.958Z"
                },
                "type": "SCRUB",
                "source": "video:drag",
                "_t": "11:26:23",
                "_end": "11:26:23",
                "data": {
                    "to": 504.952977,
                    "from": 491.828329
                }
            },
            {
                "time": {
                    "start": "2018-02-05T18:26:25.156Z",
                    "end": "2018-02-05T18:26:25.238Z"
                },
                "type": "SCRUB",
                "source": "video:drag",
                "_t": "11:26:25",
                "_end": "11:26:25",
                "data": {
                    "to": 518.468849,
                    "from": 505.134985
                }
            },
            {
                "time": {
                    "start": "2018-02-05T18:26:26.803Z",
                    "end": "2018-02-05T18:26:26.903Z"
                },
                "type": "SCRUB",
                "source": "video:drag",
                "_t": "11:26:26",
                "_end": "11:26:26",
                "data": {
                    "to": 529.822182,
                    "from": 519.726589
                }
            },
            {
                "time": {
                    "start": "2018-02-05T18:26:29.457Z",
                    "end": "2018-02-05T18:26:29.550Z"
                },
                "type": "SCRUB",
                "source": "video:drag",
                "_t": "11:26:29",
                "_end": "11:26:29",
                "data": {
                    "to": 545.500593,
                    "from": 531.899585
                }
            },
            {
                "time": {
                    "start": "2018-02-05T18:26:31.331Z",
                    "end": "2018-02-05T18:26:31.391Z"
                },
                "type": "SCRUB",
                "source": "video:drag",
                "_t": "11:26:31",
                "_end": "11:26:31",
                "data": {
                    "to": 561.71964,
                    "from": 547.176264
                }
            },
            {
                "time": {
                    "start": "2018-02-05T18:26:32.696Z",
                    "end": "2018-02-05T18:26:32.807Z"
                },
                "type": "SCRUB",
                "source": "video:drag",
                "_t": "11:26:32",
                "_end": "11:26:32",
                "data": {
                    "to": 576.316781,
                    "from": 562.20651
                }
            },
            {
                "time": {
                    "start": "2018-02-05T18:26:33.603Z",
                    "end": "2018-02-05T18:26:33.710Z"
                },
                "type": "SCRUB",
                "source": "video:drag",
                "_t": "11:26:33",
                "_end": "11:26:33",
                "data": {
                    "to": 593.617097,
                    "from": 576.802884
                }
            },
            {
                "time": {
                    "start": "2018-02-05T18:26:34.980Z",
                    "end": "2018-02-05T18:26:35.087Z"
                },
                "type": "SCRUB",
                "source": "video:drag",
                "_t": "11:26:34",
                "_end": "11:26:35",
                "data": {
                    "to": 606.0517,
                    "from": 594.76047
                }
            },
            {
                "time": {
                    "start": "2018-02-05T18:26:36.162Z",
                    "end": "2018-02-05T18:26:36.287Z"
                },
                "type": "SCRUB",
                "source": "video:drag",
                "_t": "11:26:36",
                "_end": "11:26:36",
                "data": {
                    "to": 616.323762,
                    "from": 606.726406
                }
            },
            {
                "time": "2018-02-05T18:26:37.839Z",
                "type": "PAUSE",
                "source": "video:button",
                "_t": "11:26:37",
                "_end": "-"
            },
            {
                "time": {
                    "start": "2018-02-05T18:26:38.291Z",
                    "end": "2018-02-05T18:26:38.385Z"
                },
                "type": "SCRUB",
                "source": "video:drag",
                "_t": "11:26:38",
                "_end": "11:26:38",
                "data": {
                    "to": 12.434602,
                    "from": 617.421102
                }
            },
            {
                "time": "2018-02-05T18:26:39.654Z",
                "type": "PLAY",
                "source": "video:button",
                "_t": "11:26:39",
                "_end": "-"
            },
            {
                "time": {
                    "start": "2018-02-05T18:26:40.831Z",
                    "end": "2018-02-05T18:26:40.928Z"
                },
                "type": "SCRUB",
                "source": "video:drag",
                "_t": "11:26:40",
                "_end": "11:26:40",
                "data": {
                    "to": 28.113013,
                    "from": 13.303615
                }
            },
            {
                "time": {
                    "start": "2018-02-05T18:26:42.216Z",
                    "end": "2018-02-05T18:26:42.326Z"
                },
                "type": "SCRUB",
                "source": "video:drag",
                "_t": "11:26:42",
                "_end": "11:26:42",
                "data": {
                    "to": 42.710155,
                    "from": 28.322311
                }
            },
            {
                "time": {
                    "start": "2018-02-05T18:26:43.747Z",
                    "end": "2018-02-05T18:26:43.859Z"
                },
                "type": "SCRUB",
                "source": "video:drag",
                "_t": "11:26:43",
                "_end": "11:26:43",
                "data": {
                    "to": 32.978727,
                    "from": 43.630123
                }
            },
            {
                "time": "2018-02-05T18:26:46.799Z",
                "type": "CHANGE-PLAYBACK-RATE",
                "source": "video:menu",
                "_t": "11:26:46",
                "_end": "-",
                "data": {
                    "oldRate": 1,
                    "newRate": 2
                }
            },
            {
                "time": {
                    "start": "2018-02-05T18:26:47.964Z",
                    "end": "2018-02-05T18:26:48.063Z"
                },
                "type": "SCRUB",
                "source": "video:drag",
                "_t": "11:26:47",
                "_end": "11:26:48",
                "data": {
                    "to": 4.325079,
                    "from": 37.340419
                }
            },
            {
                "time": "2018-02-05T18:26:53.518Z",
                "type": "PAUSE",
                "source": "video:button",
                "_t": "11:26:53",
                "_end": "-"
            },
            {
                "time": "2018-02-05T18:26:54.192Z",
                "type": "PLAY",
                "source": "video:button",
                "_t": "11:26:54",
                "_end": "-"
            },
            {
                "time": {
                    "start": "2018-02-05T18:26:57.759Z",
                    "end": "2018-02-05T18:26:57.855Z"
                },
                "type": "SCRUB",
                "source": "video:drag",
                "_t": "11:26:57",
                "_end": "11:26:57",
                "data": {
                    "to": 12.975237,
                    "from": 21.5728
                }
            },
            {
                "time": "2018-02-05T18:26:58.638Z",
                "type": "PAUSE",
                "source": "video:button",
                "_t": "11:26:58",
                "_end": "-"
            },
            {
                "time": "2018-02-05T18:27:00.008Z",
                "type": "CHANGE-PLAYBACK-RATE",
                "source": "video:menu",
                "_t": "11:27:00",
                "_end": "-",
                "data": {
                    "oldRate": 2,
                    "newRate": 0.5
                }
            },
            {
                "time": "2018-02-05T18:27:00.416Z",
                "type": "PLAY",
                "source": "video:button",
                "_t": "11:27:00",
                "_end": "-"
            },
            {
                "time": "2018-02-05T18:27:10.279Z",
                "type": "CHANGE-PLAYBACK-RATE",
                "source": "video:menu",
                "_t": "11:27:10",
                "_end": "-",
                "data": {
                    "oldRate": 0.5,
                    "newRate": 1
                }
            },
            {
                "time": {
                    "start": "2018-02-05T18:24:27.327Z",
                    "end": "2018-02-05T18:27:17.720Z"
                },
                "type": "SCRUB",
                "source": "data:drag",
                "_t": "11:24:27",
                "_end": "11:27:17",
                "data": {
                    "time": 25.263191
                }
            },
            {
                "time": {
                    "start": "2018-02-05T18:24:27.327Z",
                    "end": "2018-02-05T18:27:18.478Z"
                },
                "type": "SCRUB",
                "source": "data:drag",
                "_t": "11:24:27",
                "_end": "11:27:18",
                "data": {
                    "time": 26.023452
                }
            },
            {
                "time": "2018-02-05T18:27:21.471Z",
                "type": "PAUSE",
                "source": "video:button",
                "_t": "11:27:21",
                "_end": "-"
            },
            {
                "time": {
                    "start": "2018-02-05T18:24:27.327Z",
                    "end": "2018-02-05T18:27:22.495Z"
                },
                "type": "SCRUB",
                "source": "data:drag",
                "_t": "11:24:27",
                "_end": "11:27:22",
                "data": {
                    "time": 29.015269
                }
            },
            {
                "time": {
                    "start": "2018-02-05T18:24:27.327Z",
                    "end": "2018-02-05T18:27:28.070Z"
                },
                "type": "SCRUB",
                "source": "data:drag",
                "_t": "11:24:27",
                "_end": "11:27:28",
                "data": {
                    "time": 29.015269
                }
            },
            {
                "time": "2018-02-05T18:27:30.962Z",
                "type": "PLAY",
                "source": "video:button",
                "_t": "11:27:30",
                "_end": "-"
            },
            {
                "time": {
                    "start": "2018-02-05T18:27:32.501Z",
                    "end": "2018-02-05T18:27:32.607Z"
                },
                "type": "SCRUB",
                "source": "video:drag",
                "_t": "11:27:32",
                "_end": "11:27:32",
                "data": {
                    "to": 38.385076,
                    "from": 30.571597
                }
            },
            {
                "time": "2018-02-05T18:27:36.134Z",
                "type": "CHANGE-PLAYBACK-RATE",
                "source": "video:menu",
                "_t": "11:27:36",
                "_end": "-",
                "data": {
                    "oldRate": 1,
                    "newRate": 2
                }
            }
        ]
    }
}