{
    "user_id": "051",
    "session_id": "5a789defee2b1975ba835b9e",
    "study": "studyD",
    "workspace": "pill.pills-red",
    "details": {
        "workspace": "pill.pills-red",
        "labels": [
            {
                "time": 2.66461300000001,
                "endTime": 6.399476983739813,
                "type": "move",
                "id": 1
            },
            {
                "time": 13.68592799999995,
                "endTime": 23.816107024390185,
                "type": "pill",
                "id": 2
            },
            {
                "time": 34.111711999999976,
                "endTime": 35.74891265040649,
                "type": "move",
                "id": 3
            }
        ],
        "_starts": [
            "2018-02-05T18:23:26.000Z"
        ],
        "_ends": [
            "2018-02-05T18:26:45.176Z"
        ]
    },
    "labels_file": "/home/ubuntu/vat/data/user-studies/studyD/pill-red/051.labels.json",
    "videoFlash": 2.2457,
    "surveys": {
        "user-info": {
            "firstname": "Cameron",
            "lastname": "McQuinn",
            "email": "cameron.mcquinn@gmail.com"
        },
        "practice-first": {
            "question1": "5",
            "question2": "ok",
            "question3": "50",
            "question4": "5"
        },
        "practice-second": {},
        "practice-third": {},
        "practice-survey": {},
        "pill-blue": {
            "question1": "5",
            "question2": "3",
            "question3": "30",
            "question4": "90"
        }
    },
    "logs": {
        "labelEvents": [
            {
                "time": "2018-02-05T18:24:22.482Z",
                "type": "START",
                "source": "hotkey",
                "_t": "11:24:22",
                "_end": "-",
                "data": {
                    "type": "move",
                    "time": 2.664613
                }
            },
            {
                "time": "2018-02-05T18:24:23.844Z",
                "type": "END",
                "source": "data:click:h_pos",
                "_t": "11:24:23",
                "_end": "-",
                "data": {
                    "lbl": {
                        "time": 2.66461300000001,
                        "endTime": 6.399476983739813,
                        "type": "move",
                        "id": 1
                    }
                }
            },
            {
                "time": "2018-02-05T18:24:30.028Z",
                "type": "SELECT",
                "source": "data:click",
                "_t": "11:24:30",
                "_end": "-",
                "data": {
                    "time": 2.66461300000001,
                    "endTime": 6.399476983739813,
                    "type": "move",
                    "id": 1
                }
            },
            {
                "time": {
                    "start": "2018-02-05T18:24:31.059Z",
                    "end": "2018-02-05T18:24:32.549Z"
                },
                "type": "RESIZE",
                "source": "data:brush",
                "_t": "11:24:31",
                "_end": "11:24:32",
                "data": {
                    "brushing": true,
                    "origin": [
                        2.664613,
                        12.027354219512137
                    ],
                    "_brushside": 1,
                    "start": "2018-02-05T18:24:31.059Z",
                    "ε": 0.1,
                    "mode": "resize"
                }
            },
            {
                "time": "2018-02-05T18:24:46.883Z",
                "type": "START",
                "source": "hotkey",
                "_t": "11:24:46",
                "_end": "-",
                "data": {
                    "type": "pill",
                    "time": 13.685928
                }
            },
            {
                "time": "2018-02-05T18:24:51.485Z",
                "type": "END",
                "source": "data:click:h_pos",
                "_t": "11:24:51",
                "_end": "-",
                "data": {
                    "lbl": {
                        "time": 13.68592799999995,
                        "endTime": 23.816107024390185,
                        "type": "pill",
                        "id": 2
                    }
                }
            },
            {
                "time": "2018-02-05T18:25:05.772Z",
                "type": "SELECT",
                "source": "data:click",
                "_t": "11:25:05",
                "_end": "-",
                "data": {
                    "time": 13.68592799999995,
                    "endTime": 23.816107024390185,
                    "type": "pill",
                    "id": 2
                }
            },
            {
                "time": {
                    "start": "2018-02-05T18:25:06.651Z",
                    "end": "2018-02-05T18:25:08.075Z"
                },
                "type": "RESIZE",
                "source": "data:brush",
                "_t": "11:25:06",
                "_end": "11:25:08",
                "data": {
                    "brushing": true,
                    "origin": [
                        13.685928,
                        21.002168406504023
                    ],
                    "_brushside": 1,
                    "start": "2018-02-05T18:25:06.651Z",
                    "ε": 0.1,
                    "mode": "resize"
                }
            },
            {
                "time": "2018-02-05T18:25:31.343Z",
                "type": "DESELECT",
                "source": "data:click",
                "_t": "11:25:31",
                "_end": "-",
                "data": {
                    "time": 13.68592799999995,
                    "endTime": 23.816107024390185,
                    "type": "pill",
                    "id": 2
                }
            },
            {
                "time": "2018-02-05T18:25:34.435Z",
                "type": "START",
                "source": "hotkey",
                "_t": "11:25:34",
                "_end": "-",
                "data": {
                    "type": "move",
                    "time": 34.111712
                }
            },
            {
                "time": "2018-02-05T18:25:36.117Z",
                "type": "END",
                "source": "data:click:h_pos",
                "_t": "11:25:36",
                "_end": "-",
                "data": {
                    "lbl": {
                        "time": 34.111711999999976,
                        "endTime": 35.74891265040649,
                        "type": "move",
                        "id": 3
                    }
                }
            },
            {
                "time": "2018-02-05T18:25:39.364Z",
                "type": "SELECT",
                "source": "data:click",
                "_t": "11:25:39",
                "_end": "-",
                "data": {
                    "time": 34.111711999999976,
                    "endTime": 35.74891265040649,
                    "type": "move",
                    "id": 3
                }
            },
            {
                "time": {
                    "start": "2018-02-05T18:25:40.580Z",
                    "end": "2018-02-05T18:25:43.643Z"
                },
                "type": "RESIZE",
                "source": "data:brush",
                "_t": "11:25:40",
                "_end": "11:25:43",
                "data": {
                    "brushing": true,
                    "origin": [
                        34.111712,
                        38.92098891056909
                    ],
                    "_brushside": 1,
                    "start": "2018-02-05T18:25:40.580Z",
                    "ε": 0.1,
                    "mode": "resize"
                }
            }
        ],
        "navigationEvents": [
            {
                "time": "2018-02-05T18:24:02.147Z",
                "type": "PAUSE",
                "source": "video:button",
                "_t": "11:24:02",
                "_end": "-"
            },
            {
                "time": "2018-02-05T18:24:03.778Z",
                "type": "SKIP",
                "source": "hotkey",
                "_t": "11:24:03",
                "_end": "-",
                "data": {
                    "t": 14.393286,
                    "Δt": -1,
                    "key": "left"
                }
            },
            {
                "time": "2018-02-05T18:24:05.761Z",
                "type": "SKIP",
                "source": "hotkey",
                "_t": "11:24:05",
                "_end": "-",
                "data": {
                    "t": 13.393286,
                    "Δt": -1,
                    "key": "left"
                }
            },
            {
                "time": "2018-02-05T18:24:08.738Z",
                "type": "PLAY",
                "source": "hotkey",
                "_t": "11:24:08",
                "_end": "-",
                "data": {
                    "key": "space"
                }
            },
            {
                "time": "2018-02-05T18:24:11.803Z",
                "type": "PAUSE",
                "source": "video:button",
                "_t": "11:24:11",
                "_end": "-"
            },
            {
                "time": {
                    "start": "2018-02-05T18:23:26.166Z",
                    "end": "2018-02-05T18:24:13.545Z"
                },
                "type": "SCRUB",
                "source": "data:drag",
                "_t": "11:23:26",
                "_end": "11:24:13",
                "data": {
                    "time": 3.739027
                }
            },
            {
                "time": {
                    "start": "2018-02-05T18:23:26.166Z",
                    "end": "2018-02-05T18:24:15.713Z"
                },
                "type": "SCRUB",
                "source": "data:drag",
                "_t": "11:23:26",
                "_end": "11:24:15",
                "data": {
                    "time": 3.739027
                }
            },
            {
                "time": {
                    "start": "2018-02-05T18:23:26.166Z",
                    "end": "2018-02-05T18:24:16.945Z"
                },
                "type": "SCRUB",
                "source": "data:drag",
                "_t": "11:23:26",
                "_end": "11:24:16",
                "data": {
                    "time": 3.073914
                }
            },
            {
                "time": {
                    "start": "2018-02-05T18:23:26.166Z",
                    "end": "2018-02-05T18:24:18.385Z"
                },
                "type": "SCRUB",
                "source": "data:drag",
                "_t": "11:23:26",
                "_end": "11:24:18",
                "data": {
                    "time": 2.664613
                }
            },
            {
                "time": {
                    "start": "2018-02-05T18:23:26.166Z",
                    "end": "2018-02-05T18:24:23.841Z"
                },
                "type": "SCRUB",
                "source": "data:drag",
                "_t": "11:23:26",
                "_end": "11:24:23",
                "data": {
                    "time": 2.664613
                }
            },
            {
                "time": "2018-02-05T18:24:24.402Z",
                "type": "PLAY",
                "source": "hotkey",
                "_t": "11:24:24",
                "_end": "-",
                "data": {
                    "key": "space"
                }
            },
            {
                "time": "2018-02-05T18:24:28.483Z",
                "type": "PAUSE",
                "source": "hotkey",
                "_t": "11:24:28",
                "_end": "-",
                "data": {
                    "key": "space"
                }
            },
            {
                "time": {
                    "start": "2018-02-05T18:23:26.166Z",
                    "end": "2018-02-05T18:24:30.026Z"
                },
                "type": "SCRUB",
                "source": "data:drag",
                "_t": "11:23:26",
                "_end": "11:24:30",
                "data": {
                    "time": 6.685527
                }
            },
            {
                "time": {
                    "start": "2018-02-05T18:23:26.166Z",
                    "end": "2018-02-05T18:24:32.556Z"
                },
                "type": "SCRUB",
                "source": "data:drag",
                "_t": "11:23:26",
                "_end": "11:24:32",
                "data": {
                    "time": 6.685527
                }
            },
            {
                "time": "2018-02-05T18:24:33.585Z",
                "type": "PLAY",
                "source": "hotkey",
                "_t": "11:24:33",
                "_end": "-",
                "data": {
                    "key": "space"
                }
            },
            {
                "time": "2018-02-05T18:24:40.962Z",
                "type": "PAUSE",
                "source": "hotkey",
                "_t": "11:24:40",
                "_end": "-",
                "data": {
                    "key": "space"
                }
            },
            {
                "time": "2018-02-05T18:24:42.195Z",
                "type": "SKIP",
                "source": "hotkey",
                "_t": "11:24:42",
                "_end": "-",
                "data": {
                    "t": 14.084862,
                    "Δt": -1,
                    "key": "left"
                }
            },
            {
                "time": "2018-02-05T18:24:44.307Z",
                "type": "PLAY",
                "source": "hotkey",
                "_t": "11:24:44",
                "_end": "-",
                "data": {
                    "key": "space"
                }
            },
            {
                "time": "2018-02-05T18:24:45.010Z",
                "type": "PAUSE",
                "source": "hotkey",
                "_t": "11:24:45",
                "_end": "-",
                "data": {
                    "key": "space"
                }
            },
            {
                "time": {
                    "start": "2018-02-05T18:23:26.166Z",
                    "end": "2018-02-05T18:24:51.482Z"
                },
                "type": "SCRUB",
                "source": "data:drag",
                "_t": "11:23:26",
                "_end": "11:24:51",
                "data": {
                    "time": 13.685928
                }
            },
            {
                "time": "2018-02-05T18:24:52.003Z",
                "type": "PLAY",
                "source": "hotkey",
                "_t": "11:24:52",
                "_end": "-",
                "data": {
                    "key": "space"
                }
            },
            {
                "time": "2018-02-05T18:25:02.165Z",
                "type": "PAUSE",
                "source": "hotkey",
                "_t": "11:25:02",
                "_end": "-",
                "data": {
                    "key": "space"
                }
            },
            {
                "time": "2018-02-05T18:25:04.130Z",
                "type": "PLAY",
                "source": "hotkey",
                "_t": "11:25:04",
                "_end": "-",
                "data": {
                    "key": "space"
                }
            },
            {
                "time": "2018-02-05T18:25:04.673Z",
                "type": "PAUSE",
                "source": "hotkey",
                "_t": "11:25:04",
                "_end": "-",
                "data": {
                    "key": "space"
                }
            },
            {
                "time": {
                    "start": "2018-02-05T18:23:26.166Z",
                    "end": "2018-02-05T18:25:05.770Z"
                },
                "type": "SCRUB",
                "source": "data:drag",
                "_t": "11:23:26",
                "_end": "11:25:05",
                "data": {
                    "time": 24.401948
                }
            },
            {
                "time": {
                    "start": "2018-02-05T18:23:26.166Z",
                    "end": "2018-02-05T18:25:08.094Z"
                },
                "type": "SCRUB",
                "source": "data:drag",
                "_t": "11:23:26",
                "_end": "11:25:08",
                "data": {
                    "time": 24.401948
                }
            },
            {
                "time": "2018-02-05T18:25:08.435Z",
                "type": "PLAY",
                "source": "hotkey",
                "_t": "11:25:08",
                "_end": "-",
                "data": {
                    "key": "space"
                }
            },
            {
                "time": "2018-02-05T18:25:19.811Z",
                "type": "PAUSE",
                "source": "hotkey",
                "_t": "11:25:19",
                "_end": "-",
                "data": {
                    "key": "space"
                }
            },
            {
                "time": "2018-02-05T18:25:20.723Z",
                "type": "SKIP",
                "source": "hotkey",
                "_t": "11:25:20",
                "_end": "-",
                "data": {
                    "t": 35.782471,
                    "Δt": -1,
                    "key": "left"
                }
            },
            {
                "time": "2018-02-05T18:25:22.067Z",
                "type": "SKIP",
                "source": "hotkey",
                "_t": "11:25:22",
                "_end": "-",
                "data": {
                    "t": 34.782471,
                    "Δt": -1,
                    "key": "left"
                }
            },
            {
                "time": "2018-02-05T18:25:23.251Z",
                "type": "SKIP",
                "source": "hotkey",
                "_t": "11:25:23",
                "_end": "-",
                "data": {
                    "t": 33.782471,
                    "Δt": -1,
                    "key": "left"
                }
            },
            {
                "time": "2018-02-05T18:25:24.563Z",
                "type": "PLAY",
                "source": "hotkey",
                "_t": "11:25:24",
                "_end": "-",
                "data": {
                    "key": "space"
                }
            },
            {
                "time": "2018-02-05T18:25:25.985Z",
                "type": "PAUSE",
                "source": "hotkey",
                "_t": "11:25:25",
                "_end": "-",
                "data": {
                    "key": "space"
                }
            },
            {
                "time": {
                    "start": "2018-02-05T18:23:26.166Z",
                    "end": "2018-02-05T18:25:31.342Z"
                },
                "type": "SCRUB",
                "source": "data:drag",
                "_t": "11:23:26",
                "_end": "11:25:31",
                "data": {
                    "time": 34.111712
                }
            },
            {
                "time": {
                    "start": "2018-02-05T18:23:26.166Z",
                    "end": "2018-02-05T18:25:36.115Z"
                },
                "type": "SCRUB",
                "source": "data:drag",
                "_t": "11:23:26",
                "_end": "11:25:36",
                "data": {
                    "time": 34.111712
                }
            },
            {
                "time": "2018-02-05T18:25:36.403Z",
                "type": "PLAY",
                "source": "hotkey",
                "_t": "11:25:36",
                "_end": "-",
                "data": {
                    "key": "space"
                }
            },
            {
                "time": "2018-02-05T18:25:38.067Z",
                "type": "PAUSE",
                "source": "hotkey",
                "_t": "11:25:38",
                "_end": "-",
                "data": {
                    "key": "space"
                }
            },
            {
                "time": {
                    "start": "2018-02-05T18:23:26.166Z",
                    "end": "2018-02-05T18:25:39.363Z"
                },
                "type": "SCRUB",
                "source": "data:drag",
                "_t": "11:23:26",
                "_end": "11:25:39",
                "data": {
                    "time": 35.820511
                }
            },
            {
                "time": {
                    "start": "2018-02-05T18:23:26.166Z",
                    "end": "2018-02-05T18:25:43.652Z"
                },
                "type": "SCRUB",
                "source": "data:drag",
                "_t": "11:23:26",
                "_end": "11:25:43",
                "data": {
                    "time": 35.820511
                }
            },
            {
                "time": "2018-02-05T18:25:44.035Z",
                "type": "PLAY",
                "source": "hotkey",
                "_t": "11:25:44",
                "_end": "-",
                "data": {
                    "key": "space"
                }
            }
        ]
    }
}