{
    "user_id": "053",
    "session_id": "5a78abeeee2b1975ba835bc8",
    "study": "studyD",
    "workspace": "pill.pills-red",
    "details": {
        "workspace": "pill.pills-red",
        "labels": [
            {
                "time": -0.1270122520325181,
                "endTime": 8.058991,
                "type": "move",
                "id": 1
            },
            {
                "time": 14.117923000000125,
                "endTime": 23.582989260162602,
                "type": "pill",
                "id": 2
            },
            {
                "time": 32.60751342276486,
                "endTime": 36.03540228455343,
                "type": "move",
                "id": 3
            },
            {
                "time": 251.7921816422765,
                "endTime": 255.158622,
                "type": "pill",
                "id": 4
            }
        ],
        "_starts": [
            "2018-02-05T19:22:27.000Z"
        ],
        "_ends": [
            "2018-02-05T19:25:43.125Z"
        ]
    },
    "labels_file": "/home/ubuntu/vat/data/user-studies/studyD/pill-red/053.labels.json",
    "videoFlash": 2.2457,
    "surveys": {
        "user-info": {
            "firstname": "Marshall",
            "lastname": "Rawlins",
            "email": "mjamesr4@gmail.com"
        },
        "practice-first": {
            "question1": "3",
            "question2": "ok",
            "question3": "50",
            "question4": "3"
        },
        "practice-second": {},
        "practice-third": {},
        "practice-survey": {},
        "pill-blue": {
            "question1": "5",
            "question2": "5",
            "question3": "70",
            "question4": "0"
        }
    },
    "logs": {
        "labelEvents": [
            {
                "time": "2018-02-05T19:22:52.732Z",
                "type": "START",
                "source": "side-bar:button",
                "_t": "12:22:52",
                "_end": "-",
                "data": {
                    "type": "move",
                    "time": 8.058991
                }
            },
            {
                "time": "2018-02-05T19:22:55.126Z",
                "type": "END",
                "source": "data:click:h_pos",
                "_t": "12:22:55",
                "_end": "-",
                "data": {
                    "lbl": {
                        "time": -0.1270122520325181,
                        "endTime": 8.058991,
                        "type": "move",
                        "id": 1
                    }
                }
            },
            {
                "time": "2018-02-05T19:23:08.332Z",
                "type": "START",
                "source": "side-bar:button",
                "_t": "12:23:08",
                "_end": "-",
                "data": {
                    "type": "pill",
                    "time": 14.095742
                }
            },
            {
                "time": "2018-02-05T19:23:10.950Z",
                "type": "END",
                "source": "data:click:h_pos",
                "_t": "12:23:10",
                "_end": "-",
                "data": {
                    "lbl": {
                        "time": 14.117923000000125,
                        "endTime": 23.582989260162602,
                        "type": "pill",
                        "id": 2
                    }
                }
            },
            {
                "time": "2018-02-05T19:23:18.318Z",
                "type": "SELECT",
                "source": "data:click",
                "_t": "12:23:18",
                "_end": "-",
                "data": {
                    "time": 14.117923000000125,
                    "endTime": 23.582989260162602,
                    "type": "pill",
                    "id": 2
                }
            },
            {
                "time": {
                    "start": "2018-02-05T19:23:19.573Z",
                    "end": "2018-02-05T19:23:21.917Z"
                },
                "type": "RESIZE",
                "source": "data:brush",
                "_t": "12:23:19",
                "_end": "12:23:21",
                "data": {
                    "brushing": true,
                    "origin": [
                        13.942254439024389,
                        14.095742
                    ],
                    "start": "2018-02-05T19:23:19.573Z",
                    "ε": 0.1,
                    "mode": "resize"
                }
            },
            {
                "time": "2018-02-05T19:23:33.065Z",
                "type": "DESELECT",
                "source": "data:click",
                "_t": "12:23:33",
                "_end": "-",
                "data": {
                    "time": 14.117923000000125,
                    "endTime": 23.582989260162602,
                    "type": "pill",
                    "id": 2
                }
            },
            {
                "time": "2018-02-05T19:23:41.060Z",
                "type": "START",
                "source": "side-bar:button",
                "_t": "12:23:41",
                "_end": "-",
                "data": {
                    "type": "move",
                    "time": 35.319127
                }
            },
            {
                "time": "2018-02-05T19:23:43.007Z",
                "type": "END",
                "source": "data:click:h_pos",
                "_t": "12:23:43",
                "_end": "-",
                "data": {
                    "lbl": {
                        "time": 32.60751342276486,
                        "endTime": 36.03540228455343,
                        "type": "move",
                        "id": 3
                    }
                }
            },
            {
                "time": "2018-02-05T19:23:50.822Z",
                "type": "SELECT",
                "source": "data:click",
                "_t": "12:23:50",
                "_end": "-",
                "data": {
                    "time": 32.60751342276486,
                    "endTime": 36.03540228455343,
                    "type": "move",
                    "id": 3
                }
            },
            {
                "time": {
                    "start": "2018-02-05T19:23:51.556Z",
                    "end": "2018-02-05T19:23:52.003Z"
                },
                "type": "RESIZE",
                "source": "data:brush",
                "_t": "12:23:51",
                "_end": "12:23:52",
                "data": {
                    "brushing": true,
                    "origin": [
                        34.50052667479671,
                        35.319127
                    ],
                    "_brushside": 0,
                    "start": "2018-02-05T19:23:51.556Z",
                    "ε": 0.1,
                    "mode": "resize"
                }
            },
            {
                "time": "2018-02-05T19:23:52.434Z",
                "type": "DESELECT",
                "source": "data:click",
                "_t": "12:23:52",
                "_end": "-",
                "data": {
                    "time": 32.60751342276486,
                    "endTime": 35.31912700000059,
                    "type": "move",
                    "id": 3
                }
            },
            {
                "time": "2018-02-05T19:23:53.134Z",
                "type": "SELECT",
                "source": "data:click",
                "_t": "12:23:53",
                "_end": "-",
                "data": {
                    "time": 32.60751342276486,
                    "endTime": 36.03540228455343,
                    "type": "move",
                    "id": 3
                }
            },
            {
                "time": {
                    "start": "2018-02-05T19:23:53.732Z",
                    "end": "2018-02-05T19:23:54.357Z"
                },
                "type": "RESIZE",
                "source": "data:brush",
                "_t": "12:23:53",
                "_end": "12:23:54",
                "data": {
                    "brushing": true,
                    "origin": [
                        32.60751342276486,
                        35.31912700000059
                    ],
                    "_brushside": 1,
                    "start": "2018-02-05T19:23:53.732Z",
                    "ε": 0.1,
                    "mode": "resize"
                }
            },
            {
                "time": "2018-02-05T19:25:33.206Z",
                "type": "START",
                "source": "hotkey",
                "_t": "12:25:33",
                "_end": "-",
                "data": {
                    "type": "pill",
                    "time": 255.158622
                }
            },
            {
                "time": "2018-02-05T19:25:34.664Z",
                "type": "END",
                "source": "data:click:h_pos",
                "_t": "12:25:34",
                "_end": "-",
                "data": {
                    "lbl": {
                        "time": 251.7921816422765,
                        "endTime": 255.158622,
                        "type": "pill",
                        "id": 4
                    }
                }
            },
            {
                "time": "2018-02-05T19:25:37.056Z",
                "type": "SELECT",
                "source": "data:click",
                "_t": "12:25:37",
                "_end": "-",
                "data": {
                    "time": 251.7921816422765,
                    "endTime": 255.158622,
                    "type": "pill",
                    "id": 4
                }
            }
        ],
        "navigationEvents": [
            {
                "time": "2018-02-05T19:22:51.451Z",
                "type": "PAUSE",
                "source": "video:button",
                "_t": "12:22:51",
                "_end": "-"
            },
            {
                "time": {
                    "start": "2018-02-05T19:22:27.979Z",
                    "end": "2018-02-05T19:22:55.124Z"
                },
                "type": "SCRUB",
                "source": "data:drag",
                "_t": "12:22:27",
                "_end": "12:22:55",
                "data": {
                    "time": 8.058991
                }
            },
            {
                "time": "2018-02-05T19:22:56.540Z",
                "type": "PLAY",
                "source": "video:button",
                "_t": "12:22:56",
                "_end": "-"
            },
            {
                "time": "2018-02-05T19:22:59.316Z",
                "type": "CHANGE-PLAYBACK-RATE",
                "source": "video:button",
                "_t": "12:22:59",
                "_end": "-",
                "data": {
                    "oldRate": 1,
                    "newRate": 1.5
                }
            },
            {
                "time": "2018-02-05T19:22:59.783Z",
                "type": "CHANGE-PLAYBACK-RATE",
                "source": "video:button",
                "_t": "12:22:59",
                "_end": "-",
                "data": {
                    "oldRate": 1.5,
                    "newRate": 2
                }
            },
            {
                "time": "2018-02-05T19:23:02.339Z",
                "type": "PAUSE",
                "source": "video:button",
                "_t": "12:23:02",
                "_end": "-"
            },
            {
                "time": "2018-02-05T19:23:03.452Z",
                "type": "PLAY",
                "source": "video:button",
                "_t": "12:23:03",
                "_end": "-"
            },
            {
                "time": {
                    "start": "2018-02-05T19:23:04.581Z",
                    "end": "2018-02-05T19:23:04.702Z"
                },
                "type": "SCRUB",
                "source": "video:drag",
                "_t": "12:23:04",
                "_end": "12:23:04",
                "data": {
                    "to": 12.434602,
                    "from": 18.854871
                }
            },
            {
                "time": "2018-02-05T19:23:06.196Z",
                "type": "PAUSE",
                "source": "video:button",
                "_t": "12:23:06",
                "_end": "-"
            },
            {
                "time": "2018-02-05T19:23:06.781Z",
                "type": "PLAY",
                "source": "video:button",
                "_t": "12:23:06",
                "_end": "-"
            },
            {
                "time": "2018-02-05T19:23:07.171Z",
                "type": "PAUSE",
                "source": "video:button",
                "_t": "12:23:07",
                "_end": "-"
            },
            {
                "time": {
                    "start": "2018-02-05T19:22:27.979Z",
                    "end": "2018-02-05T19:23:10.948Z"
                },
                "type": "SCRUB",
                "source": "data:drag",
                "_t": "12:22:27",
                "_end": "12:23:10",
                "data": {
                    "time": 14.095742
                }
            },
            {
                "time": "2018-02-05T19:23:12.124Z",
                "type": "PLAY",
                "source": "video:button",
                "_t": "12:23:12",
                "_end": "-"
            },
            {
                "time": "2018-02-05T19:23:16.888Z",
                "type": "PAUSE",
                "source": "video:button",
                "_t": "12:23:16",
                "_end": "-"
            },
            {
                "time": {
                    "start": "2018-02-05T19:22:27.979Z",
                    "end": "2018-02-05T19:23:18.316Z"
                },
                "type": "SCRUB",
                "source": "data:drag",
                "_t": "12:22:27",
                "_end": "12:23:18",
                "data": {
                    "time": 23.651569
                }
            },
            {
                "time": {
                    "start": "2018-02-05T19:22:27.979Z",
                    "end": "2018-02-05T19:23:21.924Z"
                },
                "type": "SCRUB",
                "source": "data:drag",
                "_t": "12:22:27",
                "_end": "12:23:21",
                "data": {
                    "time": 23.651569
                }
            },
            {
                "time": "2018-02-05T19:23:22.860Z",
                "type": "PLAY",
                "source": "video:button",
                "_t": "12:23:22",
                "_end": "-"
            },
            {
                "time": {
                    "start": "2018-02-05T19:22:27.979Z",
                    "end": "2018-02-05T19:23:29.606Z"
                },
                "type": "SCRUB",
                "source": "data:drag",
                "_t": "12:22:27",
                "_end": "12:23:29",
                "data": {
                    "time": 28.904568
                }
            },
            {
                "time": {
                    "start": "2018-02-05T19:22:27.979Z",
                    "end": "2018-02-05T19:23:33.064Z"
                },
                "type": "SCRUB",
                "source": "data:drag",
                "_t": "12:22:27",
                "_end": "12:23:33",
                "data": {
                    "time": 33.473162
                }
            },
            {
                "time": "2018-02-05T19:23:35.396Z",
                "type": "PAUSE",
                "source": "video:button",
                "_t": "12:23:35",
                "_end": "-"
            },
            {
                "time": {
                    "start": "2018-02-05T19:22:27.979Z",
                    "end": "2018-02-05T19:23:36.571Z"
                },
                "type": "SCRUB",
                "source": "data:drag",
                "_t": "12:22:27",
                "_end": "12:23:36",
                "data": {
                    "time": 31.589213
                }
            },
            {
                "time": "2018-02-05T19:23:37.525Z",
                "type": "PLAY",
                "source": "video:button",
                "_t": "12:23:37",
                "_end": "-"
            },
            {
                "time": "2018-02-05T19:23:39.493Z",
                "type": "PAUSE",
                "source": "video:button",
                "_t": "12:23:39",
                "_end": "-"
            },
            {
                "time": {
                    "start": "2018-02-05T19:22:27.979Z",
                    "end": "2018-02-05T19:23:43.004Z"
                },
                "type": "SCRUB",
                "source": "data:drag",
                "_t": "12:22:27",
                "_end": "12:23:43",
                "data": {
                    "time": 35.319127
                }
            },
            {
                "time": "2018-02-05T19:23:44.373Z",
                "type": "PLAY",
                "source": "video:button",
                "_t": "12:23:44",
                "_end": "-"
            },
            {
                "time": "2018-02-05T19:23:49.521Z",
                "type": "PAUSE",
                "source": "video:button",
                "_t": "12:23:49",
                "_end": "-"
            },
            {
                "time": {
                    "start": "2018-02-05T19:22:27.979Z",
                    "end": "2018-02-05T19:23:50.452Z"
                },
                "type": "SCRUB",
                "source": "data:drag",
                "_t": "12:22:27",
                "_end": "12:23:50",
                "data": {
                    "time": 45.572995
                }
            },
            {
                "time": {
                    "start": "2018-02-05T19:22:27.979Z",
                    "end": "2018-02-05T19:23:50.820Z"
                },
                "type": "SCRUB",
                "source": "data:drag",
                "_t": "12:22:27",
                "_end": "12:23:50",
                "data": {
                    "time": 45.572995
                }
            },
            {
                "time": {
                    "start": "2018-02-05T19:22:27.979Z",
                    "end": "2018-02-05T19:23:52.014Z"
                },
                "type": "SCRUB",
                "source": "data:drag",
                "_t": "12:22:27",
                "_end": "12:23:52",
                "data": {
                    "time": 45.572995
                }
            },
            {
                "time": {
                    "start": "2018-02-05T19:22:27.979Z",
                    "end": "2018-02-05T19:23:52.433Z"
                },
                "type": "SCRUB",
                "source": "data:drag",
                "_t": "12:22:27",
                "_end": "12:23:52",
                "data": {
                    "time": 45.572995
                }
            },
            {
                "time": {
                    "start": "2018-02-05T19:22:27.979Z",
                    "end": "2018-02-05T19:23:53.132Z"
                },
                "type": "SCRUB",
                "source": "data:drag",
                "_t": "12:22:27",
                "_end": "12:23:53",
                "data": {
                    "time": 45.572995
                }
            },
            {
                "time": {
                    "start": "2018-02-05T19:22:27.979Z",
                    "end": "2018-02-05T19:23:54.375Z"
                },
                "type": "SCRUB",
                "source": "data:drag",
                "_t": "12:22:27",
                "_end": "12:23:54",
                "data": {
                    "time": 45.572995
                }
            },
            {
                "time": "2018-02-05T19:23:55.348Z",
                "type": "PLAY",
                "source": "video:button",
                "_t": "12:23:55",
                "_end": "-"
            },
            {
                "time": {
                    "start": "2018-02-05T19:25:12.072Z",
                    "end": "2018-02-05T19:25:12.172Z"
                },
                "type": "SCRUB",
                "source": "video:drag",
                "_t": "12:25:12",
                "_end": "12:25:12",
                "data": {
                    "to": 208.144428,
                    "from": 198.940887
                }
            },
            {
                "time": {
                    "start": "2018-02-05T19:25:15.762Z",
                    "end": "2018-02-05T19:25:15.852Z"
                },
                "type": "SCRUB",
                "source": "video:drag",
                "_t": "12:25:15",
                "_end": "12:25:15",
                "data": {
                    "to": 224.904109,
                    "from": 214.06137
                }
            },
            {
                "time": {
                    "start": "2018-02-05T19:25:17.965Z",
                    "end": "2018-02-05T19:25:18.099Z"
                },
                "type": "SCRUB",
                "source": "video:drag",
                "_t": "12:25:17",
                "_end": "12:25:18",
                "data": {
                    "to": 241.123156,
                    "from": 228.260062
                }
            },
            {
                "time": {
                    "start": "2018-02-05T19:25:19.036Z",
                    "end": "2018-02-05T19:25:19.148Z"
                },
                "type": "SCRUB",
                "source": "video:drag",
                "_t": "12:25:19",
                "_end": "12:25:19",
                "data": {
                    "to": 255.179663,
                    "from": 242.793416
                }
            },
            {
                "time": {
                    "start": "2018-02-05T19:25:20.532Z",
                    "end": "2018-02-05T19:25:20.636Z"
                },
                "type": "SCRUB",
                "source": "video:drag",
                "_t": "12:25:20",
                "_end": "12:25:20",
                "data": {
                    "to": 248.692044,
                    "from": 256.742657
                }
            },
            {
                "time": {
                    "start": "2018-02-05T19:25:21.247Z",
                    "end": "2018-02-05T19:25:21.357Z"
                },
                "type": "SCRUB",
                "source": "video:drag",
                "_t": "12:25:21",
                "_end": "12:25:21",
                "data": {
                    "to": 238.419981,
                    "from": 249.501439
                }
            },
            {
                "time": {
                    "start": "2018-02-05T19:25:22.875Z",
                    "end": "2018-02-05T19:25:22.987Z"
                },
                "type": "SCRUB",
                "source": "video:drag",
                "_t": "12:25:22",
                "_end": "12:25:22",
                "data": {
                    "to": 235.716807,
                    "from": 239.103546
                }
            },
            {
                "time": {
                    "start": "2018-02-05T19:22:27.979Z",
                    "end": "2018-02-05T19:25:34.661Z"
                },
                "type": "SCRUB",
                "source": "data:drag",
                "_t": "12:22:27",
                "_end": "12:25:34",
                "data": {
                    "time": 258.064996
                }
            },
            {
                "time": "2018-02-05T19:25:36.126Z",
                "type": "PAUSE",
                "source": "video:button",
                "_t": "12:25:36",
                "_end": "-"
            },
            {
                "time": {
                    "start": "2018-02-05T19:22:27.979Z",
                    "end": "2018-02-05T19:25:37.054Z"
                },
                "type": "SCRUB",
                "source": "data:drag",
                "_t": "12:22:27",
                "_end": "12:25:37",
                "data": {
                    "time": 260.988121
                }
            },
            {
                "time": {
                    "start": "2018-02-05T19:22:27.979Z",
                    "end": "2018-02-05T19:25:37.810Z"
                },
                "type": "SCRUB",
                "source": "data:drag",
                "_t": "12:22:27",
                "_end": "12:25:37",
                "data": {
                    "time": 261.039283
                }
            },
            {
                "time": {
                    "start": "2018-02-05T19:22:27.979Z",
                    "end": "2018-02-05T19:25:40.044Z"
                },
                "type": "SCRUB",
                "source": "data:drag",
                "_t": "12:22:27",
                "_end": "12:25:40",
                "data": {
                    "time": 252.443979
                }
            },
            {
                "time": "2018-02-05T19:25:41.216Z",
                "type": "PLAY",
                "source": "video:button",
                "_t": "12:25:41",
                "_end": "-"
            },
            {
                "time": "2018-02-05T19:25:43.070Z",
                "type": "PAUSE",
                "source": "video:button",
                "_t": "12:25:43",
                "_end": "-"
            }
        ]
    }
}