{
    "user_id": "056",
    "session_id": "5a78ba3dee2b1975ba835bd5",
    "study": "studyD",
    "workspace": "pill.pills-red",
    "details": {
        "workspace": "pill.pills-red",
        "labels": [
            {
                "time": 4.014379,
                "endTime": 6.586236999999997,
                "type": "move",
                "id": 1
            },
            {
                "time": 13.698991,
                "endTime": 24.23055344535074,
                "type": "pill",
                "id": 2
            },
            {
                "time": 34.050362,
                "endTime": 34.050362,
                "type": "move",
                "id": 4
            },
            {
                "time": 34.227155,
                "endTime": 35.70853689070145,
                "type": "move",
                "id": 5
            }
        ],
        "_starts": [
            "2018-02-05T20:24:19.000Z"
        ],
        "_ends": [
            "2018-02-05T20:27:37.213Z"
        ]
    },
    "labels_file": "/home/ubuntu/vat/data/user-studies/studyD/pill-red/056.labels.json",
    "videoFlash": 2.2457,
    "surveys": {
        "user-info": {
            "firstname": "Justin",
            "lastname": "Egbert",
            "email": "Jegber@gmail.com"
        },
        "practice-first": {
            "question1": "5",
            "question2": "ok",
            "question3": "100",
            "question4": "5"
        },
        "practice-second": {},
        "practice-third": {},
        "practice-survey": {},
        "pill-blue": {
            "question1": "5",
            "question2": "5",
            "question3": "90",
            "question4": "100"
        }
    },
    "logs": {
        "labelEvents": [
            {
                "time": "2018-02-05T20:25:10.074Z",
                "type": "START",
                "source": "side-bar:button",
                "_t": "13:25:10",
                "_end": "-",
                "data": {
                    "type": "move",
                    "time": 4.014379
                }
            },
            {
                "time": "2018-02-05T20:25:42.197Z",
                "type": "END",
                "source": "data:click:h_pos",
                "_t": "13:25:42",
                "_end": "-",
                "data": {
                    "lbl": {
                        "time": 4.014379,
                        "endTime": 6.586236999999997,
                        "type": "move",
                        "id": 1
                    }
                }
            },
            {
                "time": "2018-02-05T20:26:01.947Z",
                "type": "START",
                "source": "side-bar:button",
                "_t": "13:26:01",
                "_end": "-",
                "data": {
                    "type": "pill",
                    "time": 13.698991
                }
            },
            {
                "time": "2018-02-05T20:26:16.670Z",
                "type": "END",
                "source": "data:click:h_pos",
                "_t": "13:26:16",
                "_end": "-",
                "data": {
                    "lbl": {
                        "time": 13.698991,
                        "endTime": 24.23055344535074,
                        "type": "pill",
                        "id": 2
                    }
                }
            },
            {
                "time": "2018-02-05T20:26:29.099Z",
                "type": "START",
                "source": "side-bar:button",
                "_t": "13:26:29",
                "_end": "-",
                "data": {
                    "type": "pill",
                    "time": 34.050362
                }
            },
            {
                "time": "2018-02-05T20:26:37.299Z",
                "type": "START",
                "source": "side-bar:button",
                "_t": "13:26:37",
                "_end": "-",
                "data": {
                    "type": "move",
                    "time": 37.300978
                }
            },
            {
                "time": "2018-02-05T20:26:40.045Z",
                "type": "END",
                "source": "data:click:h_pos",
                "_t": "13:26:40",
                "_end": "-",
                "data": {
                    "lbl": {
                        "time": 34.050362,
                        "endTime": 34.050362,
                        "type": "move",
                        "id": 4
                    }
                }
            },
            {
                "time": "2018-02-05T20:26:40.046Z",
                "type": "SELECT",
                "source": "data:click",
                "_t": "13:26:40",
                "_end": "-",
                "data": {
                    "time": 34.050362,
                    "endTime": 37.300978,
                    "type": "pill",
                    "id": 3
                }
            },
            {
                "time": "2018-02-05T20:26:42.058Z",
                "type": "DELETE",
                "source": "side-bar:button",
                "_t": "13:26:42",
                "_end": "-",
                "data": {
                    "id": 3,
                    "idx": 2
                }
            },
            {
                "time": "2018-02-05T20:26:50.851Z",
                "type": "START",
                "source": "side-bar:button",
                "_t": "13:26:50",
                "_end": "-",
                "data": {
                    "type": "move",
                    "time": 34.227155
                }
            },
            {
                "time": "2018-02-05T20:26:55.101Z",
                "type": "END",
                "source": "data:click:h_pos",
                "_t": "13:26:55",
                "_end": "-",
                "data": {
                    "lbl": {
                        "time": 34.227155,
                        "endTime": 35.70853689070145,
                        "type": "move",
                        "id": 5
                    }
                }
            }
        ],
        "navigationEvents": [
            {
                "time": "2018-02-05T20:24:38.907Z",
                "type": "PLAY",
                "source": "hotkey",
                "_t": "13:24:38",
                "_end": "-",
                "data": {
                    "key": "space"
                }
            },
            {
                "time": "2018-02-05T20:24:40.254Z",
                "type": "PAUSE",
                "source": "hotkey",
                "_t": "13:24:40",
                "_end": "-",
                "data": {
                    "key": "space"
                }
            },
            {
                "time": {
                    "start": "2018-02-05T20:24:19.392Z",
                    "end": "2018-02-05T20:24:41.612Z"
                },
                "type": "SCRUB",
                "source": "data:drag",
                "_t": "13:24:19",
                "_end": "13:24:41",
                "data": {
                    "time": 47.746
                }
            },
            {
                "time": {
                    "start": "2018-02-05T20:24:19.392Z",
                    "end": "2018-02-05T20:24:44.316Z"
                },
                "type": "SCRUB",
                "source": "data:drag",
                "_t": "13:24:19",
                "_end": "13:24:44",
                "data": {
                    "time": 34.503003
                }
            },
            {
                "time": {
                    "start": "2018-02-05T20:24:19.392Z",
                    "end": "2018-02-05T20:24:46.161Z"
                },
                "type": "SCRUB",
                "source": "data:drag",
                "_t": "13:24:19",
                "_end": "13:24:46",
                "data": {
                    "time": 17.307638
                }
            },
            {
                "time": {
                    "start": "2018-02-05T20:24:19.392Z",
                    "end": "2018-02-05T20:24:47.220Z"
                },
                "type": "SCRUB",
                "source": "data:drag",
                "_t": "13:24:19",
                "_end": "13:24:47",
                "data": {
                    "time": 1.960133
                }
            },
            {
                "time": "2018-02-05T20:24:47.467Z",
                "type": "PLAY",
                "source": "hotkey",
                "_t": "13:24:47",
                "_end": "-",
                "data": {
                    "key": "space"
                }
            },
            {
                "time": {
                    "start": "2018-02-05T20:24:19.392Z",
                    "end": "2018-02-05T20:24:55.810Z"
                },
                "type": "SCRUB",
                "source": "data:drag",
                "_t": "13:24:19",
                "_end": "13:24:55",
                "data": {
                    "time": 0.019733
                }
            },
            {
                "time": {
                    "start": "2018-02-05T20:24:19.392Z",
                    "end": "2018-02-05T20:25:04.458Z"
                },
                "type": "SCRUB",
                "source": "data:drag",
                "_t": "13:24:19",
                "_end": "13:25:04",
                "data": {
                    "time": 3.090463
                }
            },
            {
                "time": "2018-02-05T20:25:05.306Z",
                "type": "PAUSE",
                "source": "hotkey",
                "_t": "13:25:05",
                "_end": "-",
                "data": {
                    "key": "space"
                }
            },
            {
                "time": {
                    "start": "2018-02-05T20:24:19.392Z",
                    "end": "2018-02-05T20:25:06.354Z"
                },
                "type": "SCRUB",
                "source": "data:drag",
                "_t": "13:24:19",
                "_end": "13:25:06",
                "data": {
                    "time": 5.348946
                }
            },
            {
                "time": {
                    "start": "2018-02-05T20:24:19.392Z",
                    "end": "2018-02-05T20:25:07.610Z"
                },
                "type": "SCRUB",
                "source": "data:drag",
                "_t": "13:24:19",
                "_end": "13:25:07",
                "data": {
                    "time": 4.630333
                }
            },
            {
                "time": {
                    "start": "2018-02-05T20:24:19.392Z",
                    "end": "2018-02-05T20:25:08.841Z"
                },
                "type": "SCRUB",
                "source": "data:drag",
                "_t": "13:24:19",
                "_end": "13:25:08",
                "data": {
                    "time": 4.014379
                }
            },
            {
                "time": "2018-02-05T20:25:38.206Z",
                "type": "PLAY",
                "source": "hotkey",
                "_t": "13:25:38",
                "_end": "-",
                "data": {
                    "key": "space"
                }
            },
            {
                "time": "2018-02-05T20:25:40.828Z",
                "type": "PAUSE",
                "source": "hotkey",
                "_t": "13:25:40",
                "_end": "-",
                "data": {
                    "key": "space"
                }
            },
            {
                "time": {
                    "start": "2018-02-05T20:24:19.392Z",
                    "end": "2018-02-05T20:25:42.195Z"
                },
                "type": "SCRUB",
                "source": "data:drag",
                "_t": "13:24:19",
                "_end": "13:25:42",
                "data": {
                    "time": 6.586237
                }
            },
            {
                "time": "2018-02-05T20:25:42.891Z",
                "type": "PLAY",
                "source": "hotkey",
                "_t": "13:25:42",
                "_end": "-",
                "data": {
                    "key": "space"
                }
            },
            {
                "time": "2018-02-05T20:25:50.635Z",
                "type": "PAUSE",
                "source": "hotkey",
                "_t": "13:25:50",
                "_end": "-",
                "data": {
                    "key": "space"
                }
            },
            {
                "time": {
                    "start": "2018-02-05T20:24:19.392Z",
                    "end": "2018-02-05T20:25:51.481Z"
                },
                "type": "SCRUB",
                "source": "data:drag",
                "_t": "13:24:19",
                "_end": "13:25:51",
                "data": {
                    "time": 13.791394
                }
            },
            {
                "time": "2018-02-05T20:25:51.658Z",
                "type": "PLAY",
                "source": "hotkey",
                "_t": "13:25:51",
                "_end": "-",
                "data": {
                    "key": "space"
                }
            },
            {
                "time": "2018-02-05T20:25:53.837Z",
                "type": "PAUSE",
                "source": "hotkey",
                "_t": "13:25:53",
                "_end": "-",
                "data": {
                    "key": "space"
                }
            },
            {
                "time": {
                    "start": "2018-02-05T20:24:19.392Z",
                    "end": "2018-02-05T20:25:54.674Z"
                },
                "type": "SCRUB",
                "source": "data:drag",
                "_t": "13:24:19",
                "_end": "13:25:54",
                "data": {
                    "time": 14.000328
                }
            },
            {
                "time": "2018-02-05T20:25:55.579Z",
                "type": "PLAY",
                "source": "hotkey",
                "_t": "13:25:55",
                "_end": "-",
                "data": {
                    "key": "space"
                }
            },
            {
                "time": "2018-02-05T20:25:56.352Z",
                "type": "PAUSE",
                "source": "hotkey",
                "_t": "13:25:56",
                "_end": "-",
                "data": {
                    "key": "space"
                }
            },
            {
                "time": {
                    "start": "2018-02-05T20:24:19.392Z",
                    "end": "2018-02-05T20:25:56.939Z"
                },
                "type": "SCRUB",
                "source": "data:drag",
                "_t": "13:24:19",
                "_end": "13:25:56",
                "data": {
                    "time": 12.497881
                }
            },
            {
                "time": "2018-02-05T20:25:58.555Z",
                "type": "PLAY",
                "source": "hotkey",
                "_t": "13:25:58",
                "_end": "-",
                "data": {
                    "key": "space"
                }
            },
            {
                "time": "2018-02-05T20:25:59.850Z",
                "type": "PAUSE",
                "source": "hotkey",
                "_t": "13:25:59",
                "_end": "-",
                "data": {
                    "key": "space"
                }
            },
            {
                "time": "2018-02-05T20:26:03.899Z",
                "type": "PLAY",
                "source": "hotkey",
                "_t": "13:26:03",
                "_end": "-",
                "data": {
                    "key": "space"
                }
            },
            {
                "time": "2018-02-05T20:26:09.805Z",
                "type": "PAUSE",
                "source": "hotkey",
                "_t": "13:26:09",
                "_end": "-",
                "data": {
                    "key": "space"
                }
            },
            {
                "time": "2018-02-05T20:26:10.219Z",
                "type": "PLAY",
                "source": "hotkey",
                "_t": "13:26:10",
                "_end": "-",
                "data": {
                    "key": "space"
                }
            },
            {
                "time": "2018-02-05T20:26:14.811Z",
                "type": "PAUSE",
                "source": "hotkey",
                "_t": "13:26:14",
                "_end": "-",
                "data": {
                    "key": "space"
                }
            },
            {
                "time": {
                    "start": "2018-02-05T20:24:19.392Z",
                    "end": "2018-02-05T20:26:16.667Z"
                },
                "type": "SCRUB",
                "source": "data:drag",
                "_t": "13:24:19",
                "_end": "13:26:16",
                "data": {
                    "time": 24.179224
                }
            },
            {
                "time": "2018-02-05T20:26:17.563Z",
                "type": "PLAY",
                "source": "hotkey",
                "_t": "13:26:17",
                "_end": "-",
                "data": {
                    "key": "space"
                }
            },
            {
                "time": "2018-02-05T20:26:27.435Z",
                "type": "PAUSE",
                "source": "hotkey",
                "_t": "13:26:27",
                "_end": "-",
                "data": {
                    "key": "space"
                }
            },
            {
                "time": "2018-02-05T20:26:30.700Z",
                "type": "PLAY",
                "source": "hotkey",
                "_t": "13:26:30",
                "_end": "-",
                "data": {
                    "key": "space"
                }
            },
            {
                "time": "2018-02-05T20:26:33.946Z",
                "type": "PAUSE",
                "source": "hotkey",
                "_t": "13:26:33",
                "_end": "-",
                "data": {
                    "key": "space"
                }
            },
            {
                "time": {
                    "start": "2018-02-05T20:24:19.392Z",
                    "end": "2018-02-05T20:26:40.044Z"
                },
                "type": "SCRUB",
                "source": "data:drag",
                "_t": "13:24:19",
                "_end": "13:26:40",
                "data": {
                    "time": 37.300978
                }
            },
            {
                "time": "2018-02-05T20:26:44.124Z",
                "type": "SKIP",
                "source": "hotkey",
                "_t": "13:26:44",
                "_end": "-",
                "data": {
                    "t": 37.300978,
                    "Δt": -1,
                    "key": "left"
                }
            },
            {
                "time": "2018-02-05T20:26:44.762Z",
                "type": "SKIP",
                "source": "hotkey",
                "_t": "13:26:44",
                "_end": "-",
                "data": {
                    "t": 36.300978,
                    "Δt": -1,
                    "key": "left"
                }
            },
            {
                "time": "2018-02-05T20:26:45.916Z",
                "type": "SKIP",
                "source": "hotkey",
                "_t": "13:26:45",
                "_end": "-",
                "data": {
                    "t": 35.300978,
                    "Δt": -1,
                    "key": "left"
                }
            },
            {
                "time": "2018-02-05T20:26:46.780Z",
                "type": "SKIP",
                "source": "hotkey",
                "_t": "13:26:46",
                "_end": "-",
                "data": {
                    "t": 34.300978,
                    "Δt": -1,
                    "key": "left"
                }
            },
            {
                "time": "2018-02-05T20:26:48.508Z",
                "type": "PLAY",
                "source": "hotkey",
                "_t": "13:26:48",
                "_end": "-",
                "data": {
                    "key": "space"
                }
            },
            {
                "time": "2018-02-05T20:26:49.498Z",
                "type": "PAUSE",
                "source": "hotkey",
                "_t": "13:26:49",
                "_end": "-",
                "data": {
                    "key": "space"
                }
            },
            {
                "time": "2018-02-05T20:26:52.238Z",
                "type": "PLAY",
                "source": "hotkey",
                "_t": "13:26:52",
                "_end": "-",
                "data": {
                    "key": "space"
                }
            },
            {
                "time": "2018-02-05T20:26:53.611Z",
                "type": "PAUSE",
                "source": "hotkey",
                "_t": "13:26:53",
                "_end": "-",
                "data": {
                    "key": "space"
                }
            },
            {
                "time": {
                    "start": "2018-02-05T20:24:19.392Z",
                    "end": "2018-02-05T20:26:55.100Z"
                },
                "type": "SCRUB",
                "source": "data:drag",
                "_t": "13:24:19",
                "_end": "13:26:55",
                "data": {
                    "time": 35.605878
                }
            },
            {
                "time": "2018-02-05T20:26:55.532Z",
                "type": "PLAY",
                "source": "hotkey",
                "_t": "13:26:55",
                "_end": "-",
                "data": {
                    "key": "space"
                }
            }
        ]
    }
}