{
    "user_id": "atangren",
    "session_id": "5a78ba63ee2b1975ba835bd7",
    "study": "studyD",
    "workspace": "pill.pills-red",
    "details": {
        "workspace": "pill.pills-red",
        "labels": [
            {
                "time": 14.14071,
                "endTime": 23.118648,
                "type": "pill",
                "id": 1
            },
            {
                "time": 34.249089,
                "endTime": 35.276611,
                "type": "move",
                "id": 2
            },
            {
                "time": 246.38315,
                "endTime": 255.20995,
                "type": "pill",
                "id": 3
            },
            {
                "time": 330.442271,
                "endTime": 335.092478,
                "type": "move",
                "id": 4
            }
        ],
        "_starts": [
            "2018-02-05T20:25:19.000Z"
        ],
        "_ends": [
            "2018-02-05T20:28:38.770Z"
        ]
    },
    "labels_file": "/home/ubuntu/vat/data/user-studies/studyD/pill-red/atangren.labels.json",
    "videoFlash": 2.2457,
    "surveys": {
        "user-info": {
            "firstname": "Andrew",
            "lastname": "Tangren",
            "email": "andrewjt678@gmail.com"
        },
        "practice-first": {
            "question1": "5",
            "question2": "ok",
            "question3": "50",
            "question4": "5"
        },
        "practice-second": {},
        "practice-third": {},
        "practice-survey": {},
        "pill-blue": {
            "question1": "5",
            "question2": "5",
            "question3": "50",
            "question4": "80"
        }
    },
    "logs": {
        "labelEvents": [
            {
                "time": "2018-02-05T20:26:00.724Z",
                "type": "START",
                "source": "hotkey",
                "_t": "13:26:00",
                "_end": "-",
                "data": {
                    "type": "pill",
                    "time": 14.14071
                }
            },
            {
                "time": "2018-02-05T20:26:09.705Z",
                "type": "END",
                "source": "hotkey:ctb",
                "_t": "13:26:09",
                "_end": "-",
                "data": {
                    "lbl": {
                        "time": 14.14071,
                        "endTime": 23.118648,
                        "type": "pill",
                        "id": 1
                    },
                    "key": "enter"
                }
            },
            {
                "time": "2018-02-05T20:26:31.096Z",
                "type": "START",
                "source": "hotkey",
                "_t": "13:26:31",
                "_end": "-",
                "data": {
                    "type": "move",
                    "time": 34.249089
                }
            },
            {
                "time": "2018-02-05T20:26:32.133Z",
                "type": "END",
                "source": "hotkey:ctb",
                "_t": "13:26:32",
                "_end": "-",
                "data": {
                    "lbl": {
                        "time": 34.249089,
                        "endTime": 35.276611,
                        "type": "move",
                        "id": 2
                    },
                    "key": "enter"
                }
            },
            {
                "time": "2018-02-05T20:27:30.488Z",
                "type": "START",
                "source": "hotkey",
                "_t": "13:27:30",
                "_end": "-",
                "data": {
                    "type": "pill",
                    "time": 246.38315
                }
            },
            {
                "time": "2018-02-05T20:27:39.316Z",
                "type": "END",
                "source": "hotkey:ctb",
                "_t": "13:27:39",
                "_end": "-",
                "data": {
                    "lbl": {
                        "time": 246.38315,
                        "endTime": 255.20995,
                        "type": "pill",
                        "id": 3
                    },
                    "key": "enter"
                }
            },
            {
                "time": "2018-02-05T20:27:49.120Z",
                "type": "SELECT",
                "source": "data:click",
                "_t": "13:27:49",
                "_end": "-",
                "data": {
                    "time": 246.38315,
                    "endTime": 255.20995,
                    "type": "pill",
                    "id": 3
                }
            },
            {
                "time": "2018-02-05T20:27:57.013Z",
                "type": "DESELECT",
                "source": "side-bar:button",
                "_t": "13:27:57",
                "_end": "-",
                "data": {
                    "time": 246.38315,
                    "endTime": 255.20995,
                    "type": "pill",
                    "id": 3
                }
            },
            {
                "time": "2018-02-05T20:28:11.206Z",
                "type": "START",
                "source": "hotkey",
                "_t": "13:28:11",
                "_end": "-",
                "data": {
                    "type": "move",
                    "time": 330.442271
                }
            },
            {
                "time": "2018-02-05T20:28:15.863Z",
                "type": "END",
                "source": "hotkey:ctb",
                "_t": "13:28:15",
                "_end": "-",
                "data": {
                    "lbl": {
                        "time": 330.442271,
                        "endTime": 335.092478,
                        "type": "move",
                        "id": 4
                    },
                    "key": "enter"
                }
            },
            {
                "time": "2018-02-05T20:28:33.015Z",
                "type": "START",
                "source": "hotkey",
                "_t": "13:28:33",
                "_end": "-",
                "data": {
                    "type": "pill",
                    "time": 358.3643
                }
            }
        ],
        "navigationEvents": [
            {
                "time": {
                    "start": "2018-02-05T20:25:19.978Z",
                    "end": "2018-02-05T20:25:41.324Z"
                },
                "type": "SCRUB",
                "source": "data:drag",
                "_t": "13:25:19",
                "_end": "13:25:41",
                "data": {
                    "time": 9.203802
                }
            },
            {
                "time": {
                    "start": "2018-02-05T20:25:19.978Z",
                    "end": "2018-02-05T20:25:45.042Z"
                },
                "type": "SCRUB",
                "source": "data:drag",
                "_t": "13:25:19",
                "_end": "13:25:45",
                "data": {
                    "time": 58.482734
                }
            },
            {
                "time": {
                    "start": "2018-02-05T20:25:19.978Z",
                    "end": "2018-02-05T20:25:47.956Z"
                },
                "type": "SCRUB",
                "source": "data:drag",
                "_t": "13:25:19",
                "_end": "13:25:47",
                "data": {
                    "time": 60.944362
                }
            },
            {
                "time": {
                    "start": "2018-02-05T20:25:19.978Z",
                    "end": "2018-02-05T20:25:48.844Z"
                },
                "type": "SCRUB",
                "source": "data:drag",
                "_t": "13:25:19",
                "_end": "13:25:48",
                "data": {
                    "time": 20.642175
                }
            },
            {
                "time": {
                    "start": "2018-02-05T20:25:19.978Z",
                    "end": "2018-02-05T20:25:50.146Z"
                },
                "type": "SCRUB",
                "source": "data:drag",
                "_t": "13:25:19",
                "_end": "13:25:50",
                "data": {
                    "time": 14.082882
                }
            },
            {
                "time": {
                    "start": "2018-02-05T20:25:19.978Z",
                    "end": "2018-02-05T20:25:55.260Z"
                },
                "type": "SCRUB",
                "source": "data:drag",
                "_t": "13:25:19",
                "_end": "13:25:55",
                "data": {
                    "time": 9.986401
                }
            },
            {
                "time": {
                    "start": "2018-02-05T20:26:17.669Z",
                    "end": "2018-02-05T20:26:17.804Z"
                },
                "type": "SCRUB",
                "source": "video:drag",
                "_t": "13:26:17",
                "_end": "13:26:17",
                "data": {
                    "to": 41.628885,
                    "from": 31.083004
                }
            },
            {
                "time": {
                    "start": "2018-02-05T20:26:21.460Z",
                    "end": "2018-02-05T20:26:21.580Z"
                },
                "type": "SCRUB",
                "source": "video:drag",
                "_t": "13:26:21",
                "_end": "13:26:21",
                "data": {
                    "to": 34.059997,
                    "from": 44.502629
                }
            },
            {
                "time": {
                    "start": "2018-02-05T20:26:24.092Z",
                    "end": "2018-02-05T20:26:24.211Z"
                },
                "type": "SCRUB",
                "source": "video:drag",
                "_t": "13:26:24",
                "_end": "13:26:24",
                "data": {
                    "to": 28.653648,
                    "from": 36.014216
                }
            },
            {
                "time": {
                    "start": "2018-02-05T20:26:43.723Z",
                    "end": "2018-02-05T20:26:43.837Z"
                },
                "type": "SCRUB",
                "source": "video:drag",
                "_t": "13:26:43",
                "_end": "13:26:43",
                "data": {
                    "to": 52.441583,
                    "from": 46.871368
                }
            },
            {
                "time": {
                    "start": "2018-02-05T20:26:46.015Z",
                    "end": "2018-02-05T20:26:46.140Z"
                },
                "type": "SCRUB",
                "source": "video:drag",
                "_t": "13:26:46",
                "_end": "13:26:46",
                "data": {
                    "to": 64.33555,
                    "from": 54.120119
                }
            },
            {
                "time": {
                    "start": "2018-02-05T20:26:48.225Z",
                    "end": "2018-02-05T20:26:48.348Z"
                },
                "type": "SCRUB",
                "source": "video:drag",
                "_t": "13:26:48",
                "_end": "13:26:48",
                "data": {
                    "to": 75.148248,
                    "from": 65.761395
                }
            },
            {
                "time": {
                    "start": "2018-02-05T20:26:51.286Z",
                    "end": "2018-02-05T20:26:51.397Z"
                },
                "type": "SCRUB",
                "source": "video:drag",
                "_t": "13:26:51",
                "_end": "13:26:51",
                "data": {
                    "to": 88.66412,
                    "from": 77.283703
                }
            },
            {
                "time": {
                    "start": "2018-02-05T20:26:54.747Z",
                    "end": "2018-02-05T20:26:54.869Z"
                },
                "type": "SCRUB",
                "source": "video:drag",
                "_t": "13:26:54",
                "_end": "13:26:54",
                "data": {
                    "to": 98.395548,
                    "from": 91.730013
                }
            },
            {
                "time": {
                    "start": "2018-02-05T20:26:57.031Z",
                    "end": "2018-02-05T20:26:57.164Z"
                },
                "type": "SCRUB",
                "source": "video:drag",
                "_t": "13:26:57",
                "_end": "13:26:57",
                "data": {
                    "to": 109.208245,
                    "from": 100.178285
                }
            },
            {
                "time": {
                    "start": "2018-02-05T20:26:58.912Z",
                    "end": "2018-02-05T20:26:59.084Z"
                },
                "type": "SCRUB",
                "source": "video:drag",
                "_t": "13:26:58",
                "_end": "13:26:59",
                "data": {
                    "to": 119.480308,
                    "from": 110.61667
                }
            },
            {
                "time": {
                    "start": "2018-02-05T20:27:00.930Z",
                    "end": "2018-02-05T20:27:01.052Z"
                },
                "type": "SCRUB",
                "source": "video:drag",
                "_t": "13:27:00",
                "_end": "13:27:01",
                "data": {
                    "to": 130.83364,
                    "from": 120.906643
                }
            },
            {
                "time": {
                    "start": "2018-02-05T20:27:03.117Z",
                    "end": "2018-02-05T20:27:03.292Z"
                },
                "type": "SCRUB",
                "source": "video:drag",
                "_t": "13:27:03",
                "_end": "13:27:03",
                "data": {
                    "to": 144.349512,
                    "from": 132.289254
                }
            },
            {
                "time": {
                    "start": "2018-02-05T20:27:06.398Z",
                    "end": "2018-02-05T20:27:06.500Z"
                },
                "type": "SCRUB",
                "source": "video:drag",
                "_t": "13:27:06",
                "_end": "13:27:06",
                "data": {
                    "to": 156.24348,
                    "from": 146.536434
                }
            },
            {
                "time": {
                    "start": "2018-02-05T20:27:09.088Z",
                    "end": "2018-02-05T20:27:09.222Z"
                },
                "type": "SCRUB",
                "source": "video:drag",
                "_t": "13:27:09",
                "_end": "13:27:09",
                "data": {
                    "to": 168.137447,
                    "from": 158.566822
                }
            },
            {
                "time": {
                    "start": "2018-02-05T20:27:12.080Z",
                    "end": "2018-02-05T20:27:12.221Z"
                },
                "type": "SCRUB",
                "source": "video:drag",
                "_t": "13:27:12",
                "_end": "13:27:12",
                "data": {
                    "to": 181.653319,
                    "from": 170.241355
                }
            },
            {
                "time": {
                    "start": "2018-02-05T20:27:15.655Z",
                    "end": "2018-02-05T20:27:15.796Z"
                },
                "type": "SCRUB",
                "source": "video:drag",
                "_t": "13:27:15",
                "_end": "13:27:15",
                "data": {
                    "to": 196.791096,
                    "from": 184.205183
                }
            },
            {
                "time": {
                    "start": "2018-02-05T20:27:18.371Z",
                    "end": "2018-02-05T20:27:18.508Z"
                },
                "type": "SCRUB",
                "source": "video:drag",
                "_t": "13:27:18",
                "_end": "13:27:18",
                "data": {
                    "to": 208.144428,
                    "from": 198.9469
                }
            },
            {
                "time": {
                    "start": "2018-02-05T20:27:20.634Z",
                    "end": "2018-02-05T20:27:20.780Z"
                },
                "type": "SCRUB",
                "source": "video:drag",
                "_t": "13:27:20",
                "_end": "13:27:20",
                "data": {
                    "to": 220.038396,
                    "from": 209.68147
                }
            },
            {
                "time": {
                    "start": "2018-02-05T20:27:23.087Z",
                    "end": "2018-02-05T20:27:23.236Z"
                },
                "type": "SCRUB",
                "source": "video:drag",
                "_t": "13:27:23",
                "_end": "13:27:23",
                "data": {
                    "to": 233.554268,
                    "from": 221.515583
                }
            },
            {
                "time": {
                    "start": "2018-02-05T20:27:24.448Z",
                    "end": "2018-02-05T20:27:24.573Z"
                },
                "type": "SCRUB",
                "source": "video:drag",
                "_t": "13:27:24",
                "_end": "13:27:24",
                "data": {
                    "to": 253.557758,
                    "from": 234.504951
                }
            },
            {
                "time": {
                    "start": "2018-02-05T20:27:26.111Z",
                    "end": "2018-02-05T20:27:26.236Z"
                },
                "type": "SCRUB",
                "source": "video:drag",
                "_t": "13:27:26",
                "_end": "13:27:26",
                "data": {
                    "to": 242.74506,
                    "from": 254.781978
                }
            },
            {
                "time": {
                    "start": "2018-02-05T20:27:43.792Z",
                    "end": "2018-02-05T20:27:43.909Z"
                },
                "type": "SCRUB",
                "source": "video:drag",
                "_t": "13:27:43",
                "_end": "13:27:43",
                "data": {
                    "to": 265.451725,
                    "from": 259.681085
                }
            },
            {
                "time": {
                    "start": "2018-02-05T20:27:45.807Z",
                    "end": "2018-02-05T20:27:45.924Z"
                },
                "type": "SCRUB",
                "source": "video:drag",
                "_t": "13:27:45",
                "_end": "13:27:45",
                "data": {
                    "to": 274.642518,
                    "from": 266.874256
                }
            },
            {
                "time": "2018-02-05T20:27:47.967Z",
                "type": "PAUSE",
                "source": "video:button",
                "_t": "13:27:47",
                "_end": "-"
            },
            {
                "time": {
                    "start": "2018-02-05T20:25:19.978Z",
                    "end": "2018-02-05T20:27:49.118Z"
                },
                "type": "SCRUB",
                "source": "data:drag",
                "_t": "13:25:19",
                "_end": "13:27:49",
                "data": {
                    "time": 276.206715
                }
            },
            {
                "time": "2018-02-05T20:27:53.414Z",
                "type": "PLAY",
                "source": "video:button",
                "_t": "13:27:53",
                "_end": "-"
            },
            {
                "time": {
                    "start": "2018-02-05T20:27:59.594Z",
                    "end": "2018-02-05T20:27:59.733Z"
                },
                "type": "SCRUB",
                "source": "video:drag",
                "_t": "13:27:59",
                "_end": "13:27:59",
                "data": {
                    "to": 295.186644,
                    "from": 282.374719
                }
            },
            {
                "time": {
                    "start": "2018-02-05T20:28:00.765Z",
                    "end": "2018-02-05T20:28:00.885Z"
                },
                "type": "SCRUB",
                "source": "video:drag",
                "_t": "13:28:00",
                "_end": "13:28:00",
                "data": {
                    "to": 311.946325,
                    "from": 295.495881
                }
            },
            {
                "time": {
                    "start": "2018-02-05T20:28:02.576Z",
                    "end": "2018-02-05T20:28:02.710Z"
                },
                "type": "SCRUB",
                "source": "video:drag",
                "_t": "13:28:02",
                "_end": "13:28:02",
                "data": {
                    "to": 331.409181,
                    "from": 313.328789
                }
            },
            {
                "time": {
                    "start": "2018-02-05T20:28:05.571Z",
                    "end": "2018-02-05T20:28:05.676Z"
                },
                "type": "SCRUB",
                "source": "video:drag",
                "_t": "13:28:05",
                "_end": "13:28:05",
                "data": {
                    "to": 326.002832,
                    "from": 333.68825
                }
            },
            {
                "time": {
                    "start": "2018-02-05T20:28:20.047Z",
                    "end": "2018-02-05T20:28:20.156Z"
                },
                "type": "SCRUB",
                "source": "video:drag",
                "_t": "13:28:20",
                "_end": "13:28:20",
                "data": {
                    "to": 350.872036,
                    "from": 339.278033
                }
            },
            {
                "time": {
                    "start": "2018-02-05T20:28:21.266Z",
                    "end": "2018-02-05T20:28:21.404Z"
                },
                "type": "SCRUB",
                "source": "video:drag",
                "_t": "13:28:21",
                "_end": "13:28:21",
                "data": {
                    "to": 367.091083,
                    "from": 351.601636
                }
            },
            {
                "time": {
                    "start": "2018-02-05T20:28:23.545Z",
                    "end": "2018-02-05T20:28:23.671Z"
                },
                "type": "SCRUB",
                "source": "video:drag",
                "_t": "13:28:23",
                "_end": "13:28:23",
                "data": {
                    "to": 361.684734,
                    "from": 368.539639
                }
            },
            {
                "time": {
                    "start": "2018-02-05T20:28:25.417Z",
                    "end": "2018-02-05T20:28:25.527Z"
                },
                "type": "SCRUB",
                "source": "video:drag",
                "_t": "13:28:25",
                "_end": "13:28:25",
                "data": {
                    "to": 351.412671,
                    "from": 362.750821
                }
            }
        ]
    }
}