{
	"surveys": {
		"empty-task": [],
		"practice-task": [{
				"type": "likert",
				"name": "Question1",
				"text": "After the practice rounds, you will be given a survey after each task. Most questions will be on a scale of one to five."
			},
			{
				"type": "textMulti",
				"name": "Question  2",
				"text": "Some questions will have you write a sentence or two. Type 'ok'"
			},
			{
				"type": "likertPercentage",
				"name": "Question 3",
				"text": "Some will have you evaluate how much of a task you completed."
			},
			{
				"type": "likertTime",
				"name": "Question 4",
				"text": "Or evaluate how important an aspect of VAT is."
			}
		],
		"has-both-task": [{
				"type": "likert",
				"name": "Question 1",
				"text": "When I looked at the data, I was able to recognize WHEN an event occurred."
			},
			{
				"type": "likert",
				"name": "Question 2",
				"text": "When I looked at the data, I was able to recognize WHAT event was occurring."
			},
			{
				"type": "likertPercentage",
				"name": "Question 3",
				"text": "What percentage of the video do you think you were able to annotate?"
			},
			{
				"type": "likertPercentage",
				"name": "Question 4",
				"text": "What percentage of events you annotated fell within the window of error, do you think?"
			}
		],
		"no-data-task": [{
				"type": "likert",
				"name": "Question 1",
				"text": "I was satisfied having only video for this task."
			},
			{
				"type": "likert",
				"name": "Question 2",
				"text": "With the experience that I have, I am able to sketch a rough graph (either accelerometer, gyroscope, OR both) for each of the events that were portrayed in the video that I just watched."
			}, {
				"type": "likertPercentage",
				"name": "Question 3",
				"text": "What percentage of the video do you think you were able to annotate?"
			},
			{
				"type": "likertPercentage",
				"name": "Question 4",
				"text": "What percentage of events you annotated fell within the window of error, do you think?"
			}
		],
		"no-video-task": [{
				"type": "likert",
				"name": "Question 1",
				"text": "I was satisfied having only data for this task."
			},
			{
				"type": "likert",
				"name": "Question 2",
				"text": "When I look at the graph of either accelerometer or gyroscope data or both, I can tell what event would be happening if there was video."
			},
			{
				"type": "likertPercentage",
				"name": "Question 3",
				"text": "What percentage of the video do you think you were able to annotate?"
			},
			{
				"type": "likertPercentage",
				"name": "Question 4",
				"text": "What percentage of events you annotated fell within the window of error, do you think?"
			}
		],
		"post-section": [{
				"type": "likertTime",
				"name": "Question 1",
				"text": "If you were asked to provide annotations for a new project, how essential would it be to have video for the first round?"
			},
			{
				"type": "likertTime",
				"name": "Question 2",
				"text": "After annotating for several rounds, how essential would it be to have video?"
			},
			{
				"type": "likertTime",
				"name": "Question 3",
				"text": "If you were asked to provide annotations for a new project, how essential would it be to have data for the first round?"
			},
			{
				"type": "likertTime",
				"name": "Question 4",
				"text": "After annotating for several rounds, how essential would it be to have data?"
			}
		],
		"post-distraction-survey": [{
				"type": "likert",
				"name": "Question 1",
				"text": "When I looked at the data, I was able to recognize WHEN an event occurred."
			},
			{
				"type": "likert",
				"name": "Question 2",
				"text": "When I looked at the data, I was able to recognize WHAT event was occurring."
			},
			{
				"type": "likert",
				"name": "Question 3",
				"text": "When I saw this data PREVIOUSLY, I was able to see the pattern of WHEN events occurred."
			},
			{
				"type": "likert",
				"name": "Question 4",
				"text": "When I saw this data PREVIOUSLY, I was able to see the pattern of WHAT events were occurring."
			}
		],
		"final": [{
				"type": "textMulti",
				"name": "Question 1",
				"text": "Please rank these data sets in order of difficulty, from the easiest to annotate (accurately and efficiently) to the hardest: Pill, Running, Cane"
			},
			{
				"type": "textMulti",
				"name": "Question 2",
				"text": "When and why is video essential?"
			},
			{
				"type": "textMulti",
				"name": "Question 3",
				"text": "When and why is data essential?"
			},
			{
				"type": "textMulti",
				"name": "Question 4",
				"text": "Is there anything else that you would like to say about video annotation?"
			}

		],
		"userinfo": [{
				"type": "text",
				"name": "First Name"
			},
			{
				"type": "text",
				"name": "Last Name"
			},
			{
				"type": "email",
				"name": "Email"
			}
		]
	},
	"data_intro": {


		"pills": [
			"For the pill data you will need to recognize and differentiate between two different types of events: a 'Pills' event, and a basic 'Move' event.",
			"A 'Pills' event is when the subject picks up the pills bottle, OPENS IT, takes a pill, and puts it back.",
			"A 'Move' event is when the subject picks up the bottle, moves it, and does NOT open the pill bottle before setting it down."
		],
		"running": [
			"PLEASE ONLY ANNOTATE THE EVENTS FROM THE ONE MAIN CHARACTER; THE SHORT-HAIRED GIRL WHO TURNS THE CAMERA ON.",
			"For the running data you will be trying to recognize and differentiate between two different types of events: a 'Running' event, and a 'Skipping' event.",
			"A 'Running' event is when the subject is running and a 'Skipping' event is when the subject is skipping."
		]
	},
	"tasks": [{
			"name": "user-info",
			"type": "survey",
			"survey": "userinfo"
		},
		{
			"name": "practice-first",
			"type": "cane",
			"data": {
				"workspace": "cane.cane-vid3-dat3",
				"timeLimit": {
					"minutes": 3
				}
			},
			"survey": "practice-task",
			"intro": "This practice task is to give you time to get familiar with labeling data. Try experimenting with different methods for navigating the data and video as you annotate."
		},
		{
			"name": "practice-second",
			"type": "cane",
			"data": {
				"workspace": "cane.cane-vid1-dat2",
				"timeLimit": {
					"minutes": 2
				},
				"hide": "video"
			},
			"survey": "empty-task",
			"intro": "Not every portion of this user study will have VIDEO. See if you can correctly annotate this video WITHOUT THE VIDEO. Try experimenting with the interface as you annotate."
		},
		{
			"name": "practice-third",
			"type": "cane",
			"data": {
				"workspace": "cane.cane-yellow",
				"timeLimit": {
					"minutes": 2
				},
				"hide": "data"
			},
			"survey": "empty-task",
			"intro": "Not every portion of this user study will have DATA. See if you can correctly annotate this data WITHOUT THE DATA. Try experimenting with the interface as you annotate."
		},
		{
			"name": "practice-survey",
			"type": "survey",
			"survey": "empty-task"
		},
		{
			"name": "run-blue",
			"data": {
				"workspace": "newrun.Run-thurs-five-fixed-finally",
				"timeLimit": {
					"minutes": 3
				}
			},
			"type": "running",
			"survey": "has-both-task",
			"intro": "Please be as efficient and accurate as you can in the time alloted."
		},
		{
			"name": "run-yellow",
			"type": "running",
			"data": {
				"workspace": "newrun.run-thurs-six-finally",
				"timeLimit": {
					"minutes": 3
				},
				"hide": "video"
			},
			"survey": "no-video-task",
			"intro": "Please be as efficient and accurate as you can in the time alloted."
		},
		{
			"name": "run-red",
			"type": "running",
			"data": {
				"workspace": "newrun.run-thurs-seven-attempt",
				"timeLimit": {
					"minutes": 3
				},
				"hide": "data"
			},
			"survey": "no-data-task",
			"intro": "Please be as efficient and accurate as you can in the time alloted."
		},

		{
			"name": "run-survey",
			"type": "survey",
			"survey": "post-section"
		},
		{
			"name": "pill-blue",
			"type": "pills",
			"data": {
				"workspace": "pill.pills-blue",
				"timeLimit": {
					"minutes": 3
				}
			},
			"survey": "has-both-task",
			"intro": "Please be as efficient and accurate as you can in the time alloted."

		},
		{
			"name": "pill-red",
			"type": "pills",
			"data": {
				"workspace": "pill.pills-red",
				"hide": "video",
				"timeLimit": {
					"minutes": 3
				}
			},
			"survey": "no-video-task",
			"intro": "Please be as efficient and accurate as you can in the time alloted."
		},
		{
			"name": "pill-orange",
			"type": "pills",
			"data": {
				"workspace": "pill.pills-orange",
				"hide": "data",
				"timeLimit": {
					"minutes": 3
				}
			},
			"survey": "no-data-task",
			"intro": "Please be as efficient and accurate as you can in the time alloted."
		},
		{
			"name": "pills-survey",
			"type": "survey",
			"survey": "post-section"
		},
		{
			"name": "run-pink",
			"type": "running",
			"data": {
				"workspace": "newrun.run-pink",
				"timeLimit": {
					"minutes": 3
				},
				"hide": "video"
			},
			"survey": "post-distraction-survey",
			"intro": "Please be as efficient and accurate as you can in the time alloted."
		},
		{
			"name": "final-survey",
			"type": "survey",
			"survey": "final"
		}
	]
}
